{
	"exceptions":[
		{
			"method":"<android.hardware.input.InputManager: android.view.InputDevice getInputDevice(int)>",
			"message":"\\QCould not get input device information.\\E",
			"relatedVarType":"ParaAndField",
			"relatedCondType":"Basic",
			"modifier":"public",
			"type":"java.lang.RuntimeException",
			"osVersionRelated":false,
			"resourceRelated":false,
			"assessRelated":false,
			"hardwareRelated":true,
			"manifestRelated":false,
			"conditions":"r13 != null, i1 >= 0",
			"paramValues":"@parameter0: int",
			"fieldValues":"<android.hardware.input.InputManager: android.util.SparseArray mInputDevices>",
			"caughtValues":"@caughtexception",
			"relatedValues":"@parameter0: int; <android.hardware.input.InputManager: android.util.SparseArray mInputDevices>; @caughtexception",
			"keyAPISameClassNum":3,
			"keyAPIDiffClassNum":2,
			"keyAPISameClass":[
				{
					"trace":[
						"<android.hardware.input.InputManager: android.view.InputDevice getInputDevice(int)>"
					],
					"depth":1,
					"method":"<android.hardware.input.InputManager: android.view.InputDevice getInputDevice(int)>",
					"source":"FIELD"
				},
				{
					"trace":[
						"<android.hardware.input.InputManager: android.view.InputDevice getInputDevice(int)>"
					],
					"depth":1,
					"method":"<android.hardware.input.InputManager: android.view.InputDevice getInputDeviceByDescriptor(java.lang.String)>",
					"source":"FIELD"
				},
				{
					"trace":[
						"<android.hardware.input.InputManager: android.view.InputDevice getInputDevice(int)>"
					],
					"depth":1,
					"method":"<android.hardware.input.InputManager: int[] getInputDeviceIds()>",
					"source":"FIELD"
				}
			],
			"keyAPIDiffClass":[
				{
					"trace":[
						"<android.hardware.input.InputManager$InputDevicesChangedListener: void onInputDevicesChanged(int[])>",
						"<android.hardware.input.InputManager: void access$100(android.hardware.input.InputManager,int[])>",
						"<android.hardware.input.InputManager: void onInputDevicesChanged(int[])>",
						"key field: <android.hardware.input.InputManager: android.util.SparseArray mInputDevices>",
						"<android.hardware.input.InputManager: android.view.InputDevice getInputDevice(int)>"
					],
					"depth":3,
					"method":"<android.hardware.input.InputManager$InputDevicesChangedListener: void onInputDevicesChanged(int[])>",
					"source":"FIELDCALLER"
				},
				{
					"trace":[
						"<android.hardware.input.IInputDevicesChangedListener$Stub: boolean onTransact(int,android.os.Parcel,android.os.Parcel,int)>",
						"<android.hardware.input.InputManager$InputDevicesChangedListener: void onInputDevicesChanged(int[])>",
						"<android.hardware.input.InputManager: void access$100(android.hardware.input.InputManager,int[])>",
						"<android.hardware.input.InputManager: void onInputDevicesChanged(int[])>",
						"key field: <android.hardware.input.InputManager: android.util.SparseArray mInputDevices>",
						"<android.hardware.input.InputManager: android.view.InputDevice getInputDevice(int)>"
					],
					"depth":4,
					"method":"<android.hardware.input.IInputDevicesChangedListener$Stub: boolean onTransact(int,android.os.Parcel,android.os.Parcel,int)>",
					"source":"FIELDCALLER"
				}
			],
			"callerOfSingnlar2SourceVar":{
				"<com.android.internal.widget.PointerLocationView: void onInputDeviceAdded(int)>":"0",
				"<android.hardware.input.InputManager: android.view.InputDevice getInputDevice(int)>":"0",
				"<com.android.internal.widget.PointerLocationView: void onInputDeviceRemoved(int)>":"0",
				"<android.view.KeyCharacterMap: android.view.KeyCharacterMap load(int)>":"0",
				"<com.android.internal.widget.PointerLocationView: void onInputDeviceChanged(int)>":"0",
				"<android.view.InputDevice: android.view.InputDevice getDevice(int)>":"0",
				"<com.android.internal.widget.PointerLocationView: void logInputDeviceState(int,java.lang.String)>":"0"
			}
		},
		{
			"method":"<android.hardware.input.InputManager: android.view.InputDevice getInputDeviceByDescriptor(java.lang.String)>",
			"message":"\\Qdescriptor must not be null.\\E",
			"relatedVarType":"Parameter",
			"relatedCondType":"Basic",
			"modifier":"public",
			"type":"java.lang.IllegalArgumentException",
			"osVersionRelated":false,
			"resourceRelated":false,
			"assessRelated":false,
			"hardwareRelated":true,
			"manifestRelated":false,
			"conditions":"r0 != null",
			"paramValues":"@parameter0: java.lang.String",
			"relatedValues":"@parameter0: java.lang.String; ; ",
			"keyAPISameClassNum":0,
			"keyAPIDiffClassNum":0,
			"keyAPISameClass":[
				{
					"trace":[
						"<android.hardware.input.InputManager: android.view.InputDevice getInputDeviceByDescriptor(java.lang.String)>"
					],
					"depth":0,
					"method":"<android.hardware.input.InputManager: android.view.InputDevice getInputDeviceByDescriptor(java.lang.String)>",
					"source":"CALLER"
				}
			],
			"keyAPIDiffClass":[],
			"callerOfSingnlar2SourceVar":{
				"<android.hardware.input.InputManager: android.view.InputDevice getInputDeviceByDescriptor(java.lang.String)>":"0"
			}
		},
		{
			"method":"<android.hardware.input.InputManager: void registerInputDeviceListener(android.hardware.input.InputManager$InputDeviceListener,android.os.Handler)>",
			"message":"\\Qlistener must not be null\\E",
			"relatedVarType":"Parameter",
			"relatedCondType":"Basic",
			"modifier":"public",
			"type":"java.lang.IllegalArgumentException",
			"osVersionRelated":false,
			"resourceRelated":false,
			"assessRelated":false,
			"hardwareRelated":true,
			"manifestRelated":false,
			"conditions":"r0 != null",
			"paramValues":"@parameter0: android.hardware.input.InputManager$InputDeviceListener",
			"relatedValues":"@parameter0: android.hardware.input.InputManager$InputDeviceListener; ; ",
			"keyAPISameClassNum":0,
			"keyAPIDiffClassNum":0,
			"keyAPISameClass":[
				{
					"trace":[
						"<android.hardware.input.InputManager: void registerInputDeviceListener(android.hardware.input.InputManager$InputDeviceListener,android.os.Handler)>"
					],
					"depth":0,
					"method":"<android.hardware.input.InputManager: void registerInputDeviceListener(android.hardware.input.InputManager$InputDeviceListener,android.os.Handler)>",
					"source":"CALLER"
				}
			],
			"keyAPIDiffClass":[],
			"callerOfSingnlar2SourceVar":{
				"<com.android.internal.widget.PointerLocationView: void onAttachedToWindow()>":"-1",
				"<android.hardware.input.InputManager: void registerInputDeviceListener(android.hardware.input.InputManager$InputDeviceListener,android.os.Handler)>":"0"
			}
		},
		{
			"method":"<android.hardware.input.InputManager: void unregisterInputDeviceListener(android.hardware.input.InputManager$InputDeviceListener)>",
			"message":"\\Qlistener must not be null\\E",
			"relatedVarType":"Parameter",
			"relatedCondType":"Basic",
			"modifier":"public",
			"type":"java.lang.IllegalArgumentException",
			"osVersionRelated":false,
			"resourceRelated":false,
			"assessRelated":false,
			"hardwareRelated":true,
			"manifestRelated":false,
			"conditions":"r0 != null",
			"paramValues":"@parameter0: android.hardware.input.InputManager$InputDeviceListener",
			"relatedValues":"@parameter0: android.hardware.input.InputManager$InputDeviceListener; ; ",
			"keyAPISameClassNum":0,
			"keyAPIDiffClassNum":0,
			"keyAPISameClass":[
				{
					"trace":[
						"<android.hardware.input.InputManager: void unregisterInputDeviceListener(android.hardware.input.InputManager$InputDeviceListener)>"
					],
					"depth":0,
					"method":"<android.hardware.input.InputManager: void unregisterInputDeviceListener(android.hardware.input.InputManager$InputDeviceListener)>",
					"source":"CALLER"
				}
			],
			"keyAPIDiffClass":[],
			"callerOfSingnlar2SourceVar":{
				"<com.android.internal.widget.PointerLocationView: void onDetachedFromWindow()>":"-1",
				"<android.hardware.input.InputManager: void unregisterInputDeviceListener(android.hardware.input.InputManager$InputDeviceListener)>":"0"
			}
		},
		{
			"method":"<android.hardware.input.InputManager: android.hardware.input.KeyboardLayout getKeyboardLayout(java.lang.String)>",
			"message":"\\QkeyboardLayoutDescriptor must not be null\\E",
			"relatedVarType":"Parameter",
			"relatedCondType":"Basic",
			"modifier":"public",
			"type":"java.lang.IllegalArgumentException",
			"osVersionRelated":false,
			"resourceRelated":false,
			"assessRelated":false,
			"hardwareRelated":true,
			"manifestRelated":false,
			"conditions":"r0 != null",
			"paramValues":"@parameter0: java.lang.String",
			"relatedValues":"@parameter0: java.lang.String; ; ",
			"keyAPISameClassNum":0,
			"keyAPIDiffClassNum":0,
			"keyAPISameClass":[
				{
					"trace":[
						"<android.hardware.input.InputManager: android.hardware.input.KeyboardLayout getKeyboardLayout(java.lang.String)>"
					],
					"depth":0,
					"method":"<android.hardware.input.InputManager: android.hardware.input.KeyboardLayout getKeyboardLayout(java.lang.String)>",
					"source":"CALLER"
				}
			],
			"keyAPIDiffClass":[],
			"callerOfSingnlar2SourceVar":{
				"<android.hardware.input.InputManager: android.hardware.input.KeyboardLayout getKeyboardLayout(java.lang.String)>":"0"
			}
		},
		{
			"method":"<android.hardware.input.InputManager: void setCurrentKeyboardLayoutForInputDevice(android.hardware.input.InputDeviceIdentifier,java.lang.String)>",
			"message":"\\Qidentifier must not be null\\E",
			"relatedVarType":"Parameter",
			"relatedCondType":"Basic",
			"modifier":"public",
			"type":"java.lang.IllegalArgumentException",
			"osVersionRelated":false,
			"resourceRelated":false,
			"assessRelated":false,
			"hardwareRelated":true,
			"manifestRelated":false,
			"conditions":"r0 != null",
			"paramValues":"@parameter0: android.hardware.input.InputDeviceIdentifier",
			"relatedValues":"@parameter0: android.hardware.input.InputDeviceIdentifier; ; ",
			"keyAPISameClassNum":0,
			"keyAPIDiffClassNum":0,
			"keyAPISameClass":[
				{
					"trace":[
						"<android.hardware.input.InputManager: void setCurrentKeyboardLayoutForInputDevice(android.hardware.input.InputDeviceIdentifier,java.lang.String)>"
					],
					"depth":0,
					"method":"<android.hardware.input.InputManager: void setCurrentKeyboardLayoutForInputDevice(android.hardware.input.InputDeviceIdentifier,java.lang.String)>",
					"source":"CALLER"
				}
			],
			"keyAPIDiffClass":[],
			"callerOfSingnlar2SourceVar":{
				"<android.hardware.input.InputManager: void setCurrentKeyboardLayoutForInputDevice(android.hardware.input.InputDeviceIdentifier,java.lang.String)>":"0"
			}
		},
		{
			"method":"<android.hardware.input.InputManager: void setCurrentKeyboardLayoutForInputDevice(android.hardware.input.InputDeviceIdentifier,java.lang.String)>",
			"message":"\\QkeyboardLayoutDescriptor must not be null\\E",
			"relatedVarType":"Parameter",
			"relatedCondType":"Basic",
			"modifier":"public",
			"type":"java.lang.IllegalArgumentException",
			"osVersionRelated":false,
			"resourceRelated":false,
			"assessRelated":false,
			"hardwareRelated":true,
			"manifestRelated":false,
			"conditions":"r1 != null, r0 != null",
			"paramValues":"@parameter1: java.lang.String, @parameter0: android.hardware.input.InputDeviceIdentifier",
			"relatedValues":"@parameter1: java.lang.String, @parameter0: android.hardware.input.InputDeviceIdentifier; ; ",
			"keyAPISameClassNum":0,
			"keyAPIDiffClassNum":0,
			"keyAPISameClass":[
				{
					"trace":[
						"<android.hardware.input.InputManager: void setCurrentKeyboardLayoutForInputDevice(android.hardware.input.InputDeviceIdentifier,java.lang.String)>"
					],
					"depth":0,
					"method":"<android.hardware.input.InputManager: void setCurrentKeyboardLayoutForInputDevice(android.hardware.input.InputDeviceIdentifier,java.lang.String)>",
					"source":"CALLER"
				}
			],
			"keyAPIDiffClass":[],
			"callerOfSingnlar2SourceVar":{
				"<android.hardware.input.InputManager: void setCurrentKeyboardLayoutForInputDevice(android.hardware.input.InputDeviceIdentifier,java.lang.String)>":"1, 0"
			}
		},
		{
			"method":"<android.hardware.input.InputManager: java.lang.String[] getKeyboardLayoutsForInputDevice(android.hardware.input.InputDeviceIdentifier)>",
			"message":"\\QinputDeviceDescriptor must not be null\\E",
			"relatedVarType":"Parameter",
			"relatedCondType":"Basic",
			"modifier":"public",
			"type":"java.lang.IllegalArgumentException",
			"osVersionRelated":false,
			"resourceRelated":false,
			"assessRelated":false,
			"hardwareRelated":true,
			"manifestRelated":false,
			"conditions":"r0 != null",
			"paramValues":"@parameter0: android.hardware.input.InputDeviceIdentifier",
			"relatedValues":"@parameter0: android.hardware.input.InputDeviceIdentifier; ; ",
			"keyAPISameClassNum":0,
			"keyAPIDiffClassNum":0,
			"keyAPISameClass":[
				{
					"trace":[
						"<android.hardware.input.InputManager: java.lang.String[] getKeyboardLayoutsForInputDevice(android.hardware.input.InputDeviceIdentifier)>"
					],
					"depth":0,
					"method":"<android.hardware.input.InputManager: java.lang.String[] getKeyboardLayoutsForInputDevice(android.hardware.input.InputDeviceIdentifier)>",
					"source":"CALLER"
				}
			],
			"keyAPIDiffClass":[],
			"callerOfSingnlar2SourceVar":{
				"<android.hardware.input.InputManager: java.lang.String[] getKeyboardLayoutsForInputDevice(android.hardware.input.InputDeviceIdentifier)>":"0"
			}
		},
		{
			"method":"<android.hardware.input.InputManager: void addKeyboardLayoutForInputDevice(android.hardware.input.InputDeviceIdentifier,java.lang.String)>",
			"message":"\\QkeyboardLayoutDescriptor must not be null\\E",
			"relatedVarType":"Parameter",
			"relatedCondType":"Basic",
			"modifier":"public",
			"type":"java.lang.IllegalArgumentException",
			"osVersionRelated":false,
			"resourceRelated":false,
			"assessRelated":false,
			"hardwareRelated":true,
			"manifestRelated":false,
			"conditions":"r1 != null, r0 != null",
			"paramValues":"@parameter1: java.lang.String, @parameter0: android.hardware.input.InputDeviceIdentifier",
			"relatedValues":"@parameter1: java.lang.String, @parameter0: android.hardware.input.InputDeviceIdentifier; ; ",
			"keyAPISameClassNum":0,
			"keyAPIDiffClassNum":0,
			"keyAPISameClass":[
				{
					"trace":[
						"<android.hardware.input.InputManager: void addKeyboardLayoutForInputDevice(android.hardware.input.InputDeviceIdentifier,java.lang.String)>"
					],
					"depth":0,
					"method":"<android.hardware.input.InputManager: void addKeyboardLayoutForInputDevice(android.hardware.input.InputDeviceIdentifier,java.lang.String)>",
					"source":"CALLER"
				}
			],
			"keyAPIDiffClass":[],
			"callerOfSingnlar2SourceVar":{
				"<android.hardware.input.InputManager: void addKeyboardLayoutForInputDevice(android.hardware.input.InputDeviceIdentifier,java.lang.String)>":"1, 0"
			}
		},
		{
			"method":"<android.hardware.input.InputManager: void addKeyboardLayoutForInputDevice(android.hardware.input.InputDeviceIdentifier,java.lang.String)>",
			"message":"\\QinputDeviceDescriptor must not be null\\E",
			"relatedVarType":"Parameter",
			"relatedCondType":"Basic",
			"modifier":"public",
			"type":"java.lang.IllegalArgumentException",
			"osVersionRelated":false,
			"resourceRelated":false,
			"assessRelated":false,
			"hardwareRelated":true,
			"manifestRelated":false,
			"conditions":"r0 != null",
			"paramValues":"@parameter0: android.hardware.input.InputDeviceIdentifier",
			"relatedValues":"@parameter0: android.hardware.input.InputDeviceIdentifier; ; ",
			"keyAPISameClassNum":0,
			"keyAPIDiffClassNum":0,
			"keyAPISameClass":[
				{
					"trace":[
						"<android.hardware.input.InputManager: void addKeyboardLayoutForInputDevice(android.hardware.input.InputDeviceIdentifier,java.lang.String)>"
					],
					"depth":0,
					"method":"<android.hardware.input.InputManager: void addKeyboardLayoutForInputDevice(android.hardware.input.InputDeviceIdentifier,java.lang.String)>",
					"source":"CALLER"
				}
			],
			"keyAPIDiffClass":[],
			"callerOfSingnlar2SourceVar":{
				"<android.hardware.input.InputManager: void addKeyboardLayoutForInputDevice(android.hardware.input.InputDeviceIdentifier,java.lang.String)>":"0"
			}
		},
		{
			"method":"<android.hardware.input.InputManager: void removeKeyboardLayoutForInputDevice(android.hardware.input.InputDeviceIdentifier,java.lang.String)>",
			"message":"\\QinputDeviceDescriptor must not be null\\E",
			"relatedVarType":"Parameter",
			"relatedCondType":"Basic",
			"modifier":"public",
			"type":"java.lang.IllegalArgumentException",
			"osVersionRelated":false,
			"resourceRelated":false,
			"assessRelated":false,
			"hardwareRelated":true,
			"manifestRelated":false,
			"conditions":"r0 != null",
			"paramValues":"@parameter0: android.hardware.input.InputDeviceIdentifier",
			"relatedValues":"@parameter0: android.hardware.input.InputDeviceIdentifier; ; ",
			"keyAPISameClassNum":0,
			"keyAPIDiffClassNum":0,
			"keyAPISameClass":[
				{
					"trace":[
						"<android.hardware.input.InputManager: void removeKeyboardLayoutForInputDevice(android.hardware.input.InputDeviceIdentifier,java.lang.String)>"
					],
					"depth":0,
					"method":"<android.hardware.input.InputManager: void removeKeyboardLayoutForInputDevice(android.hardware.input.InputDeviceIdentifier,java.lang.String)>",
					"source":"CALLER"
				}
			],
			"keyAPIDiffClass":[],
			"callerOfSingnlar2SourceVar":{
				"<android.hardware.input.InputManager: void removeKeyboardLayoutForInputDevice(android.hardware.input.InputDeviceIdentifier,java.lang.String)>":"0"
			}
		},
		{
			"method":"<android.hardware.input.InputManager: void removeKeyboardLayoutForInputDevice(android.hardware.input.InputDeviceIdentifier,java.lang.String)>",
			"message":"\\QkeyboardLayoutDescriptor must not be null\\E",
			"relatedVarType":"Parameter",
			"relatedCondType":"Basic",
			"modifier":"public",
			"type":"java.lang.IllegalArgumentException",
			"osVersionRelated":false,
			"resourceRelated":false,
			"assessRelated":false,
			"hardwareRelated":true,
			"manifestRelated":false,
			"conditions":"r1 != null, r0 != null",
			"paramValues":"@parameter1: java.lang.String, @parameter0: android.hardware.input.InputDeviceIdentifier",
			"relatedValues":"@parameter1: java.lang.String, @parameter0: android.hardware.input.InputDeviceIdentifier; ; ",
			"keyAPISameClassNum":0,
			"keyAPIDiffClassNum":0,
			"keyAPISameClass":[
				{
					"trace":[
						"<android.hardware.input.InputManager: void removeKeyboardLayoutForInputDevice(android.hardware.input.InputDeviceIdentifier,java.lang.String)>"
					],
					"depth":0,
					"method":"<android.hardware.input.InputManager: void removeKeyboardLayoutForInputDevice(android.hardware.input.InputDeviceIdentifier,java.lang.String)>",
					"source":"CALLER"
				}
			],
			"keyAPIDiffClass":[],
			"callerOfSingnlar2SourceVar":{
				"<android.hardware.input.InputManager: void removeKeyboardLayoutForInputDevice(android.hardware.input.InputDeviceIdentifier,java.lang.String)>":"1, 0"
			}
		},
		{
			"method":"<android.hardware.input.InputManager: void setPointerSpeed(android.content.Context,int)>",
			"message":"\\Qspeed out of range\\E",
			"relatedVarType":"Parameter",
			"relatedCondType":"Basic",
			"modifier":"public",
			"type":"java.lang.IllegalArgumentException",
			"osVersionRelated":false,
			"resourceRelated":false,
			"assessRelated":false,
			"hardwareRelated":true,
			"manifestRelated":false,
			"conditions":"i0 < -7, i0 <= 7",
			"paramValues":"@parameter1: int",
			"relatedValues":"@parameter1: int; ; ",
			"keyAPISameClassNum":0,
			"keyAPIDiffClassNum":0,
			"keyAPISameClass":[
				{
					"trace":[
						"<android.hardware.input.InputManager: void setPointerSpeed(android.content.Context,int)>"
					],
					"depth":0,
					"method":"<android.hardware.input.InputManager: void setPointerSpeed(android.content.Context,int)>",
					"source":"CALLER"
				}
			],
			"keyAPIDiffClass":[],
			"callerOfSingnlar2SourceVar":{
				"<android.hardware.input.InputManager: void setPointerSpeed(android.content.Context,int)>":"1"
			}
		},
		{
			"method":"<android.hardware.input.InputManager: void tryPointerSpeed(int)>",
			"message":"\\Qspeed out of range\\E",
			"relatedVarType":"Parameter",
			"relatedCondType":"Basic",
			"modifier":"public",
			"type":"java.lang.IllegalArgumentException",
			"osVersionRelated":false,
			"resourceRelated":false,
			"assessRelated":false,
			"hardwareRelated":true,
			"manifestRelated":false,
			"conditions":"i0 < -7, i0 <= 7",
			"paramValues":"@parameter0: int",
			"relatedValues":"@parameter0: int; ; ",
			"keyAPISameClassNum":0,
			"keyAPIDiffClassNum":0,
			"keyAPISameClass":[
				{
					"trace":[
						"<android.hardware.input.InputManager: void tryPointerSpeed(int)>"
					],
					"depth":0,
					"method":"<android.hardware.input.InputManager: void tryPointerSpeed(int)>",
					"source":"CALLER"
				}
			],
			"keyAPIDiffClass":[],
			"callerOfSingnlar2SourceVar":{
				"<android.hardware.input.InputManager: void tryPointerSpeed(int)>":"0"
			}
		},
		{
			"method":"<android.hardware.input.InputManager: boolean injectInputEvent(android.view.InputEvent,int)>",
			"message":"\\Qevent must not be null\\E",
			"relatedVarType":"Parameter",
			"relatedCondType":"Basic",
			"modifier":"public",
			"type":"java.lang.IllegalArgumentException",
			"osVersionRelated":false,
			"resourceRelated":false,
			"assessRelated":false,
			"hardwareRelated":true,
			"manifestRelated":false,
			"conditions":"r0 != null",
			"paramValues":"@parameter0: android.view.InputEvent",
			"relatedValues":"@parameter0: android.view.InputEvent; ; ",
			"keyAPISameClassNum":0,
			"keyAPIDiffClassNum":0,
			"keyAPISameClass":[
				{
					"trace":[
						"<android.hardware.input.InputManager: boolean injectInputEvent(android.view.InputEvent,int)>"
					],
					"depth":0,
					"method":"<android.hardware.input.InputManager: boolean injectInputEvent(android.view.InputEvent,int)>",
					"source":"CALLER"
				}
			],
			"keyAPIDiffClass":[
				{
					"trace":[
						"<android.app.UiAutomationConnection: boolean injectInputEvent(android.view.InputEvent,boolean)>",
						"<android.hardware.input.InputManager: boolean injectInputEvent(android.view.InputEvent,int)>"
					],
					"depth":1,
					"method":"<android.app.UiAutomationConnection: boolean injectInputEvent(android.view.InputEvent,boolean)>",
					"source":"CALLER"
				}
			],
			"callerOfSingnlar2SourceVar":{
				"<android.hardware.input.InputManager: boolean injectInputEvent(android.view.InputEvent,int)>":"0",
				"<android.app.Instrumentation: void sendTrackballEventSync(android.view.MotionEvent)>":"0",
				"<android.app.Instrumentation: void sendPointerSync(android.view.MotionEvent)>":"0",
				"<android.app.UiAutomationConnection: boolean injectInputEvent(android.view.InputEvent,boolean)>":"0"
			}
		},
		{
			"method":"<android.hardware.input.InputManager: boolean injectInputEvent(android.view.InputEvent,int)>",
			"message":"\\Qmode is invalid\\E",
			"relatedVarType":"Parameter",
			"relatedCondType":"Basic",
			"modifier":"public",
			"type":"java.lang.IllegalArgumentException",
			"osVersionRelated":false,
			"resourceRelated":false,
			"assessRelated":false,
			"hardwareRelated":true,
			"manifestRelated":false,
			"conditions":"i0 == 1, i0 == 2, i0 == 0",
			"paramValues":"@parameter1: int",
			"relatedValues":"@parameter1: int; ; ",
			"keyAPISameClassNum":0,
			"keyAPIDiffClassNum":0,
			"keyAPISameClass":[
				{
					"trace":[
						"<android.hardware.input.InputManager: boolean injectInputEvent(android.view.InputEvent,int)>"
					],
					"depth":0,
					"method":"<android.hardware.input.InputManager: boolean injectInputEvent(android.view.InputEvent,int)>",
					"source":"CALLER"
				}
			],
			"keyAPIDiffClass":[],
			"callerOfSingnlar2SourceVar":{
				"<android.hardware.input.InputManager: boolean injectInputEvent(android.view.InputEvent,int)>":"1"
			}
		},
		{
			"method":"<android.hardware.input.InputManager: void populateInputDevicesLocked()>",
			"message":"\\QCould not get register input device changed listener\\E",
			"relatedVarType":"Field",
			"relatedCondType":"Basic",
			"modifier":"private",
			"type":"java.lang.RuntimeException",
			"osVersionRelated":false,
			"resourceRelated":false,
			"assessRelated":false,
			"hardwareRelated":true,
			"manifestRelated":false,
			"conditions":"$r1 != null",
			"fieldValues":"<android.hardware.input.InputManager: android.hardware.input.InputManager$InputDevicesChangedListener mInputDevicesChangedListener>",
			"caughtValues":"@caughtexception",
			"relatedValues":"; <android.hardware.input.InputManager: android.hardware.input.InputManager$InputDevicesChangedListener mInputDevicesChangedListener>; @caughtexception",
			"keyAPISameClassNum":3,
			"keyAPIDiffClassNum":0,
			"keyAPISameClass":[
				{
					"trace":[
						"<android.hardware.input.InputManager: android.view.InputDevice getInputDevice(int)>",
						"<android.hardware.input.InputManager: void populateInputDevicesLocked()>",
						"key field: <android.hardware.input.InputManager: android.hardware.input.InputManager$InputDevicesChangedListener mInputDevicesChangedListener>",
						"<android.hardware.input.InputManager: void populateInputDevicesLocked()>"
					],
					"depth":2,
					"method":"<android.hardware.input.InputManager: android.view.InputDevice getInputDevice(int)>",
					"source":"FIELDCALLER"
				},
				{
					"trace":[
						"<android.hardware.input.InputManager: android.view.InputDevice getInputDeviceByDescriptor(java.lang.String)>",
						"<android.hardware.input.InputManager: void populateInputDevicesLocked()>",
						"key field: <android.hardware.input.InputManager: android.hardware.input.InputManager$InputDevicesChangedListener mInputDevicesChangedListener>",
						"<android.hardware.input.InputManager: void populateInputDevicesLocked()>"
					],
					"depth":2,
					"method":"<android.hardware.input.InputManager: android.view.InputDevice getInputDeviceByDescriptor(java.lang.String)>",
					"source":"FIELDCALLER"
				},
				{
					"trace":[
						"<android.hardware.input.InputManager: int[] getInputDeviceIds()>",
						"<android.hardware.input.InputManager: void populateInputDevicesLocked()>",
						"key field: <android.hardware.input.InputManager: android.hardware.input.InputManager$InputDevicesChangedListener mInputDevicesChangedListener>",
						"<android.hardware.input.InputManager: void populateInputDevicesLocked()>"
					],
					"depth":2,
					"method":"<android.hardware.input.InputManager: int[] getInputDeviceIds()>",
					"source":"FIELDCALLER"
				}
			],
			"keyAPIDiffClass":[],
			"callerOfSingnlar2SourceVar":{}
		},
		{
			"method":"<android.hardware.input.InputManager: void populateInputDevicesLocked()>",
			"message":"\\QCould not get input device ids.\\E",
			"relatedVarType":"Field",
			"relatedCondType":"Basic",
			"modifier":"private",
			"type":"java.lang.RuntimeException",
			"osVersionRelated":false,
			"resourceRelated":false,
			"assessRelated":false,
			"hardwareRelated":true,
			"manifestRelated":false,
			"conditions":"$r2 != null, $r1 != null",
			"fieldValues":"<android.hardware.input.InputManager: android.util.SparseArray mInputDevices>, <android.hardware.input.InputManager: android.hardware.input.InputManager$InputDevicesChangedListener mInputDevicesChangedListener>",
			"caughtValues":"@caughtexception",
			"relatedValues":"; <android.hardware.input.InputManager: android.util.SparseArray mInputDevices>, <android.hardware.input.InputManager: android.hardware.input.InputManager$InputDevicesChangedListener mInputDevicesChangedListener>; @caughtexception",
			"keyAPISameClassNum":3,
			"keyAPIDiffClassNum":2,
			"keyAPISameClass":[
				{
					"trace":[
						"<android.hardware.input.InputManager: void populateInputDevicesLocked()>"
					],
					"depth":1,
					"method":"<android.hardware.input.InputManager: android.view.InputDevice getInputDevice(int)>",
					"source":"FIELD"
				},
				{
					"trace":[
						"<android.hardware.input.InputManager: void populateInputDevicesLocked()>"
					],
					"depth":1,
					"method":"<android.hardware.input.InputManager: android.view.InputDevice getInputDeviceByDescriptor(java.lang.String)>",
					"source":"FIELD"
				},
				{
					"trace":[
						"<android.hardware.input.InputManager: void populateInputDevicesLocked()>"
					],
					"depth":1,
					"method":"<android.hardware.input.InputManager: int[] getInputDeviceIds()>",
					"source":"FIELD"
				}
			],
			"keyAPIDiffClass":[
				{
					"trace":[
						"<android.hardware.input.InputManager$InputDevicesChangedListener: void onInputDevicesChanged(int[])>",
						"<android.hardware.input.InputManager: void access$100(android.hardware.input.InputManager,int[])>",
						"<android.hardware.input.InputManager: void onInputDevicesChanged(int[])>",
						"key field: <android.hardware.input.InputManager: android.util.SparseArray mInputDevices>",
						"<android.hardware.input.InputManager: void populateInputDevicesLocked()>"
					],
					"depth":3,
					"method":"<android.hardware.input.InputManager$InputDevicesChangedListener: void onInputDevicesChanged(int[])>",
					"source":"FIELDCALLER"
				},
				{
					"trace":[
						"<android.hardware.input.IInputDevicesChangedListener$Stub: boolean onTransact(int,android.os.Parcel,android.os.Parcel,int)>",
						"<android.hardware.input.InputManager$InputDevicesChangedListener: void onInputDevicesChanged(int[])>",
						"<android.hardware.input.InputManager: void access$100(android.hardware.input.InputManager,int[])>",
						"<android.hardware.input.InputManager: void onInputDevicesChanged(int[])>",
						"key field: <android.hardware.input.InputManager: android.util.SparseArray mInputDevices>",
						"<android.hardware.input.InputManager: void populateInputDevicesLocked()>"
					],
					"depth":4,
					"method":"<android.hardware.input.IInputDevicesChangedListener$Stub: boolean onTransact(int,android.os.Parcel,android.os.Parcel,int)>",
					"source":"FIELDCALLER"
				}
			],
			"callerOfSingnlar2SourceVar":{}
		}
	]
}