{
	"exceptions":[
		{
			"method":"<android.app.WallpaperManager: android.content.Intent getCropAndSetWallpaperIntent(android.net.Uri)>",
			"message":"\\QCannot use passed URI to set wallpaper; check that the type returned by ContentProvider matches image/*\\E",
			"relatedVarType":"ParaAndField",
			"relatedCondType":"Basic",
			"modifier":"public",
			"type":"java.lang.IllegalArgumentException",
			"osVersionRelated":false,
			"resourceRelated":false,
			"assessRelated":false,
			"hardwareRelated":false,
			"manifestRelated":false,
			"conditions":"$i0 <= 0, r11 == null, $z0 != 0",
			"paramValues":"@parameter0: android.net.Uri",
			"fieldValues":"<android.app.WallpaperManager: android.content.Context mContext>",
			"relatedValues":"@parameter0: android.net.Uri; <android.app.WallpaperManager: android.content.Context mContext>; ",
			"keyAPISameClassNum":11,
			"keyAPIDiffClassNum":81,
			"keyAPISameClass":[
				{
					"trace":[
						"<android.app.WallpaperManager: android.content.Intent getCropAndSetWallpaperIntent(android.net.Uri)>"
					],
					"depth":1,
					"method":"<android.app.WallpaperManager: android.graphics.drawable.Drawable getDrawable()>",
					"source":"FIELD"
				},
				{
					"trace":[
						"<android.app.WallpaperManager: android.content.Intent getCropAndSetWallpaperIntent(android.net.Uri)>"
					],
					"depth":1,
					"method":"<android.app.WallpaperManager: android.graphics.drawable.Drawable getBuiltInDrawable(int,int,boolean,float,float)>",
					"source":"FIELD"
				},
				{
					"trace":[
						"<android.app.WallpaperManager: android.content.Intent getCropAndSetWallpaperIntent(android.net.Uri)>"
					],
					"depth":1,
					"method":"<android.app.WallpaperManager: android.graphics.drawable.Drawable peekDrawable()>",
					"source":"FIELD"
				},
				{
					"trace":[
						"<android.app.WallpaperManager: android.content.Intent getCropAndSetWallpaperIntent(android.net.Uri)>"
					],
					"depth":1,
					"method":"<android.app.WallpaperManager: android.graphics.drawable.Drawable getFastDrawable()>",
					"source":"FIELD"
				},
				{
					"trace":[
						"<android.app.WallpaperManager: android.content.Intent getCropAndSetWallpaperIntent(android.net.Uri)>"
					],
					"depth":1,
					"method":"<android.app.WallpaperManager: android.graphics.drawable.Drawable peekFastDrawable()>",
					"source":"FIELD"
				},
				{
					"trace":[
						"<android.app.WallpaperManager: android.content.Intent getCropAndSetWallpaperIntent(android.net.Uri)>"
					],
					"depth":1,
					"method":"<android.app.WallpaperManager: android.graphics.Bitmap getBitmap()>",
					"source":"FIELD"
				},
				{
					"trace":[
						"<android.app.WallpaperManager: android.content.Intent getCropAndSetWallpaperIntent(android.net.Uri)>"
					],
					"depth":1,
					"method":"<android.app.WallpaperManager: android.content.Intent getCropAndSetWallpaperIntent(android.net.Uri)>",
					"source":"FIELD"
				},
				{
					"trace":[
						"<android.app.WallpaperManager: android.content.Intent getCropAndSetWallpaperIntent(android.net.Uri)>"
					],
					"depth":1,
					"method":"<android.app.WallpaperManager: void setResource(int)>",
					"source":"FIELD"
				},
				{
					"trace":[
						"<android.app.WallpaperManager: android.content.Intent getCropAndSetWallpaperIntent(android.net.Uri)>"
					],
					"depth":1,
					"method":"<android.app.WallpaperManager: boolean hasResourceWallpaper(int)>",
					"source":"FIELD"
				},
				{
					"trace":[
						"<android.app.WallpaperManager: android.content.Intent getCropAndSetWallpaperIntent(android.net.Uri)>"
					],
					"depth":1,
					"method":"<android.app.WallpaperManager: void clear()>",
					"source":"FIELD"
				},
				{
					"trace":[
						"<android.app.WallpaperManager: android.graphics.drawable.Drawable getBuiltInDrawable()>",
						"<android.app.WallpaperManager: android.graphics.drawable.Drawable getBuiltInDrawable(int,int,boolean,float,float)>",
						"key field: <android.app.WallpaperManager: android.content.Context mContext>",
						"<android.app.WallpaperManager: android.content.Intent getCropAndSetWallpaperIntent(android.net.Uri)>"
					],
					"depth":2,
					"method":"<android.app.WallpaperManager: android.graphics.drawable.Drawable getBuiltInDrawable()>",
					"source":"FIELDCALLER"
				}
			],
			"keyAPIDiffClass":[
				{
					"trace":[
						"<android.app.ContextImpl$1: java.lang.Object createService(android.app.ContextImpl)>",
						"<android.app.WallpaperManager: void <init>(android.content.Context,android.os.Handler)>",
						"key field: <android.app.WallpaperManager: android.content.Context mContext>",
						"<android.app.WallpaperManager: android.content.Intent getCropAndSetWallpaperIntent(android.net.Uri)>"
					],
					"depth":2,
					"method":"<android.app.ContextImpl$1: java.lang.Object createService(android.app.ContextImpl)>",
					"source":"FIELDCALLER"
				},
				{
					"trace":[
						"<android.app.ContextImpl$ServiceFetcher: java.lang.Object getService(android.app.ContextImpl)>",
						"<android.app.ContextImpl$1: java.lang.Object createService(android.app.ContextImpl)>",
						"<android.app.WallpaperManager: void <init>(android.content.Context,android.os.Handler)>",
						"key field: <android.app.WallpaperManager: android.content.Context mContext>",
						"<android.app.WallpaperManager: android.content.Intent getCropAndSetWallpaperIntent(android.net.Uri)>"
					],
					"depth":3,
					"method":"<android.app.ContextImpl$ServiceFetcher: java.lang.Object getService(android.app.ContextImpl)>",
					"source":"FIELDCALLER"
				},
				{
					"trace":[
						"<android.app.ContextImpl: java.lang.Object getSystemService(java.lang.String)>",
						"<android.app.ContextImpl$ServiceFetcher: java.lang.Object getService(android.app.ContextImpl)>",
						"<android.app.ContextImpl$1: java.lang.Object createService(android.app.ContextImpl)>",
						"<android.app.WallpaperManager: void <init>(android.content.Context,android.os.Handler)>",
						"key field: <android.app.WallpaperManager: android.content.Context mContext>",
						"<android.app.WallpaperManager: android.content.Intent getCropAndSetWallpaperIntent(android.net.Uri)>"
					],
					"depth":4,
					"method":"<android.app.ContextImpl: java.lang.Object getSystemService(java.lang.String)>",
					"source":"FIELDCALLER"
				},
				{
					"trace":[
						"<android.app.ActivityThread$DropBoxReporter: void <init>(android.app.ActivityThread)>",
						"<android.app.ContextImpl: java.lang.Object getSystemService(java.lang.String)>",
						"<android.app.ContextImpl$ServiceFetcher: java.lang.Object getService(android.app.ContextImpl)>",
						"<android.app.ContextImpl$1: java.lang.Object createService(android.app.ContextImpl)>",
						"<android.app.WallpaperManager: void <init>(android.content.Context,android.os.Handler)>",
						"key field: <android.app.WallpaperManager: android.content.Context mContext>",
						"<android.app.WallpaperManager: android.content.Intent getCropAndSetWallpaperIntent(android.net.Uri)>"
					],
					"depth":5,
					"method":"<android.app.ActivityThread$DropBoxReporter: void <init>(android.app.ActivityThread)>",
					"source":"FIELDCALLER"
				},
				{
					"trace":[
						"<android.app.SearchDialog: void onBackPressed()>",
						"<android.app.ContextImpl: java.lang.Object getSystemService(java.lang.String)>",
						"<android.app.ContextImpl$ServiceFetcher: java.lang.Object getService(android.app.ContextImpl)>",
						"<android.app.ContextImpl$1: java.lang.Object createService(android.app.ContextImpl)>",
						"<android.app.WallpaperManager: void <init>(android.content.Context,android.os.Handler)>",
						"key field: <android.app.WallpaperManager: android.content.Context mContext>",
						"<android.app.WallpaperManager: android.content.Intent getCropAndSetWallpaperIntent(android.net.Uri)>"
					],
					"depth":5,
					"method":"<android.app.SearchDialog: void onBackPressed()>",
					"source":"FIELDCALLER"
				},
				{
					"trace":[
						"<android.app.MediaRouteButton: void <init>(android.content.Context,android.util.AttributeSet,int,int)>",
						"<android.app.ContextImpl: java.lang.Object getSystemService(java.lang.String)>",
						"<android.app.ContextImpl$ServiceFetcher: java.lang.Object getService(android.app.ContextImpl)>",
						"<android.app.ContextImpl$1: java.lang.Object createService(android.app.ContextImpl)>",
						"<android.app.WallpaperManager: void <init>(android.content.Context,android.os.Handler)>",
						"key field: <android.app.WallpaperManager: android.content.Context mContext>",
						"<android.app.WallpaperManager: android.content.Intent getCropAndSetWallpaperIntent(android.net.Uri)>"
					],
					"depth":5,
					"method":"<android.app.MediaRouteButton: void <init>(android.content.Context,android.util.AttributeSet,int,int)>",
					"source":"FIELDCALLER"
				},
				{
					"trace":[
						"<android.app.SearchDialog: void hide()>",
						"<android.app.ContextImpl: java.lang.Object getSystemService(java.lang.String)>",
						"<android.app.ContextImpl$ServiceFetcher: java.lang.Object getService(android.app.ContextImpl)>",
						"<android.app.ContextImpl$1: java.lang.Object createService(android.app.ContextImpl)>",
						"<android.app.WallpaperManager: void <init>(android.content.Context,android.os.Handler)>",
						"key field: <android.app.WallpaperManager: android.content.Context mContext>",
						"<android.app.WallpaperManager: android.content.Intent getCropAndSetWallpaperIntent(android.net.Uri)>"
					],
					"depth":5,
					"method":"<android.app.SearchDialog: void hide()>",
					"source":"FIELDCALLER"
				},
				{
					"trace":[
						"<android.app.ContextImpl$45: java.lang.Object getService(android.app.ContextImpl)>",
						"<android.app.ContextImpl: java.lang.Object getSystemService(java.lang.String)>",
						"<android.app.ContextImpl$ServiceFetcher: java.lang.Object getService(android.app.ContextImpl)>",
						"<android.app.ContextImpl$1: java.lang.Object createService(android.app.ContextImpl)>",
						"<android.app.WallpaperManager: void <init>(android.content.Context,android.os.Handler)>",
						"key field: <android.app.WallpaperManager: android.content.Context mContext>",
						"<android.app.WallpaperManager: android.content.Intent getCropAndSetWallpaperIntent(android.net.Uri)>"
					],
					"depth":5,
					"method":"<android.app.ContextImpl$45: java.lang.Object getService(android.app.ContextImpl)>",
					"source":"FIELDCALLER"
				},
				{
					"trace":[
						"<android.app.backup.WallpaperBackupHelper: void <init>(android.content.Context,java.lang.String[],java.lang.String[])>",
						"<android.app.ContextImpl: java.lang.Object getSystemService(java.lang.String)>",
						"<android.app.ContextImpl$ServiceFetcher: java.lang.Object getService(android.app.ContextImpl)>",
						"<android.app.ContextImpl$1: java.lang.Object createService(android.app.ContextImpl)>",
						"<android.app.WallpaperManager: void <init>(android.content.Context,android.os.Handler)>",
						"key field: <android.app.WallpaperManager: android.content.Context mContext>",
						"<android.app.WallpaperManager: android.content.Intent getCropAndSetWallpaperIntent(android.net.Uri)>"
					],
					"depth":5,
					"method":"<android.app.backup.WallpaperBackupHelper: void <init>(android.content.Context,java.lang.String[],java.lang.String[])>",
					"source":"FIELDCALLER"
				},
				{
					"trace":[
						"<android.view.ContextThemeWrapper: java.lang.Object getSystemService(java.lang.String)>",
						"<android.app.ContextImpl: java.lang.Object getSystemService(java.lang.String)>",
						"<android.app.ContextImpl$ServiceFetcher: java.lang.Object getService(android.app.ContextImpl)>",
						"<android.app.ContextImpl$1: java.lang.Object createService(android.app.ContextImpl)>",
						"<android.app.WallpaperManager: void <init>(android.content.Context,android.os.Handler)>",
						"key field: <android.app.WallpaperManager: android.content.Context mContext>",
						"<android.app.WallpaperManager: android.content.Intent getCropAndSetWallpaperIntent(android.net.Uri)>"
					],
					"depth":5,
					"method":"<android.view.ContextThemeWrapper: java.lang.Object getSystemService(java.lang.String)>",
					"source":"FIELDCALLER"
				},
				{
					"trace":[
						"<android.content.Context: java.lang.Object getSystemService(java.lang.String)>",
						"<android.app.ContextImpl: java.lang.Object getSystemService(java.lang.String)>",
						"<android.app.ContextImpl$ServiceFetcher: java.lang.Object getService(android.app.ContextImpl)>",
						"<android.app.ContextImpl$1: java.lang.Object createService(android.app.ContextImpl)>",
						"<android.app.WallpaperManager: void <init>(android.content.Context,android.os.Handler)>",
						"key field: <android.app.WallpaperManager: android.content.Context mContext>",
						"<android.app.WallpaperManager: android.content.Intent getCropAndSetWallpaperIntent(android.net.Uri)>"
					],
					"depth":5,
					"method":"<android.content.Context: java.lang.Object getSystemService(java.lang.String)>",
					"source":"FIELDCALLER"
				},
				{
					"trace":[
						"<android.app.ContextImpl: android.graphics.drawable.Drawable getWallpaper()>",
						"<android.app.ContextImpl: android.app.WallpaperManager getWallpaperManager()>",
						"<android.app.ContextImpl$ServiceFetcher: java.lang.Object getService(android.app.ContextImpl)>",
						"<android.app.ContextImpl$1: java.lang.Object createService(android.app.ContextImpl)>",
						"<android.app.WallpaperManager: void <init>(android.content.Context,android.os.Handler)>",
						"key field: <android.app.WallpaperManager: android.content.Context mContext>",
						"<android.app.WallpaperManager: android.content.Intent getCropAndSetWallpaperIntent(android.net.Uri)>"
					],
					"depth":5,
					"method":"<android.app.ContextImpl: android.graphics.drawable.Drawable getWallpaper()>",
					"source":"FIELDCALLER"
				},
				{
					"trace":[
						"<android.app.ContextImpl: void clearWallpaper()>",
						"<android.app.ContextImpl: android.app.WallpaperManager getWallpaperManager()>",
						"<android.app.ContextImpl$ServiceFetcher: java.lang.Object getService(android.app.ContextImpl)>",
						"<android.app.ContextImpl$1: java.lang.Object createService(android.app.ContextImpl)>",
						"<android.app.WallpaperManager: void <init>(android.content.Context,android.os.Handler)>",
						"key field: <android.app.WallpaperManager: android.content.Context mContext>",
						"<android.app.WallpaperManager: android.content.Intent getCropAndSetWallpaperIntent(android.net.Uri)>"
					],
					"depth":5,
					"method":"<android.app.ContextImpl: void clearWallpaper()>",
					"source":"FIELDCALLER"
				},
				{
					"trace":[
						"<android.app.ContextImpl: void setWallpaper(java.io.InputStream)>",
						"<android.app.ContextImpl: android.app.WallpaperManager getWallpaperManager()>",
						"<android.app.ContextImpl$ServiceFetcher: java.lang.Object getService(android.app.ContextImpl)>",
						"<android.app.ContextImpl$1: java.lang.Object createService(android.app.ContextImpl)>",
						"<android.app.WallpaperManager: void <init>(android.content.Context,android.os.Handler)>",
						"key field: <android.app.WallpaperManager: android.content.Context mContext>",
						"<android.app.WallpaperManager: android.content.Intent getCropAndSetWallpaperIntent(android.net.Uri)>"
					],
					"depth":5,
					"method":"<android.app.ContextImpl: void setWallpaper(java.io.InputStream)>",
					"source":"FIELDCALLER"
				},
				{
					"trace":[
						"<android.app.ContextImpl: void setWallpaper(android.graphics.Bitmap)>",
						"<android.app.ContextImpl: android.app.WallpaperManager getWallpaperManager()>",
						"<android.app.ContextImpl$ServiceFetcher: java.lang.Object getService(android.app.ContextImpl)>",
						"<android.app.ContextImpl$1: java.lang.Object createService(android.app.ContextImpl)>",
						"<android.app.WallpaperManager: void <init>(android.content.Context,android.os.Handler)>",
						"key field: <android.app.WallpaperManager: android.content.Context mContext>",
						"<android.app.WallpaperManager: android.content.Intent getCropAndSetWallpaperIntent(android.net.Uri)>"
					],
					"depth":5,
					"method":"<android.app.ContextImpl: void setWallpaper(android.graphics.Bitmap)>",
					"source":"FIELDCALLER"
				},
				{
					"trace":[
						"<android.app.ContextImpl: int getWallpaperDesiredMinimumHeight()>",
						"<android.app.ContextImpl: android.app.WallpaperManager getWallpaperManager()>",
						"<android.app.ContextImpl$ServiceFetcher: java.lang.Object getService(android.app.ContextImpl)>",
						"<android.app.ContextImpl$1: java.lang.Object createService(android.app.ContextImpl)>",
						"<android.app.WallpaperManager: void <init>(android.content.Context,android.os.Handler)>",
						"key field: <android.app.WallpaperManager: android.content.Context mContext>",
						"<android.app.WallpaperManager: android.content.Intent getCropAndSetWallpaperIntent(android.net.Uri)>"
					],
					"depth":5,
					"method":"<android.app.ContextImpl: int getWallpaperDesiredMinimumHeight()>",
					"source":"FIELDCALLER"
				},
				{
					"trace":[
						"<android.app.ContextImpl: int getWallpaperDesiredMinimumWidth()>",
						"<android.app.ContextImpl: android.app.WallpaperManager getWallpaperManager()>",
						"<android.app.ContextImpl$ServiceFetcher: java.lang.Object getService(android.app.ContextImpl)>",
						"<android.app.ContextImpl$1: java.lang.Object createService(android.app.ContextImpl)>",
						"<android.app.WallpaperManager: void <init>(android.content.Context,android.os.Handler)>",
						"key field: <android.app.WallpaperManager: android.content.Context mContext>",
						"<android.app.WallpaperManager: android.content.Intent getCropAndSetWallpaperIntent(android.net.Uri)>"
					],
					"depth":5,
					"method":"<android.app.ContextImpl: int getWallpaperDesiredMinimumWidth()>",
					"source":"FIELDCALLER"
				},
				{
					"trace":[
						"<android.app.ContextImpl: android.graphics.drawable.Drawable peekWallpaper()>",
						"<android.app.ContextImpl: android.app.WallpaperManager getWallpaperManager()>",
						"<android.app.ContextImpl$ServiceFetcher: java.lang.Object getService(android.app.ContextImpl)>",
						"<android.app.ContextImpl$1: java.lang.Object createService(android.app.ContextImpl)>",
						"<android.app.WallpaperManager: void <init>(android.content.Context,android.os.Handler)>",
						"key field: <android.app.WallpaperManager: android.content.Context mContext>",
						"<android.app.WallpaperManager: android.content.Intent getCropAndSetWallpaperIntent(android.net.Uri)>"
					],
					"depth":5,
					"method":"<android.app.ContextImpl: android.graphics.drawable.Drawable peekWallpaper()>",
					"source":"FIELDCALLER"
				},
				{
					"trace":[
						"<android.app.Dialog: boolean onKeyUp(int,android.view.KeyEvent)>",
						"<android.app.SearchDialog: void onBackPressed()>",
						"<android.app.ContextImpl: java.lang.Object getSystemService(java.lang.String)>",
						"<android.app.ContextImpl$ServiceFetcher: java.lang.Object getService(android.app.ContextImpl)>",
						"<android.app.ContextImpl$1: java.lang.Object createService(android.app.ContextImpl)>",
						"<android.app.WallpaperManager: void <init>(android.content.Context,android.os.Handler)>",
						"key field: <android.app.WallpaperManager: android.content.Context mContext>",
						"<android.app.WallpaperManager: android.content.Intent getCropAndSetWallpaperIntent(android.net.Uri)>"
					],
					"depth":6,
					"method":"<android.app.Dialog: boolean onKeyUp(int,android.view.KeyEvent)>",
					"source":"FIELDCALLER"
				},
				{
					"trace":[
						"<android.view.KeyEvent$Callback: boolean onKeyUp(int,android.view.KeyEvent)>",
						"<android.app.SearchDialog: void onBackPressed()>",
						"<android.app.ContextImpl: java.lang.Object getSystemService(java.lang.String)>",
						"<android.app.ContextImpl$ServiceFetcher: java.lang.Object getService(android.app.ContextImpl)>",
						"<android.app.ContextImpl$1: java.lang.Object createService(android.app.ContextImpl)>",
						"<android.app.WallpaperManager: void <init>(android.content.Context,android.os.Handler)>",
						"key field: <android.app.WallpaperManager: android.content.Context mContext>",
						"<android.app.WallpaperManager: android.content.Intent getCropAndSetWallpaperIntent(android.net.Uri)>"
					],
					"depth":6,
					"method":"<android.view.KeyEvent$Callback: boolean onKeyUp(int,android.view.KeyEvent)>",
					"source":"FIELDCALLER"
				},
				{
					"trace":[
						"<android.app.MediaRouteButton: void <init>(android.content.Context,android.util.AttributeSet,int)>",
						"<android.app.MediaRouteButton: void <init>(android.content.Context,android.util.AttributeSet,int,int)>",
						"<android.app.ContextImpl: java.lang.Object getSystemService(java.lang.String)>",
						"<android.app.ContextImpl$ServiceFetcher: java.lang.Object getService(android.app.ContextImpl)>",
						"<android.app.ContextImpl$1: java.lang.Object createService(android.app.ContextImpl)>",
						"<android.app.WallpaperManager: void <init>(android.content.Context,android.os.Handler)>",
						"key field: <android.app.WallpaperManager: android.content.Context mContext>",
						"<android.app.WallpaperManager: android.content.Intent getCropAndSetWallpaperIntent(android.net.Uri)>"
					],
					"depth":6,
					"method":"<android.app.MediaRouteButton: void <init>(android.content.Context,android.util.AttributeSet,int)>",
					"source":"FIELDCALLER"
				},
				{
					"trace":[
						"<android.app.DialogFragment: void onStop()>",
						"<android.app.SearchDialog: void hide()>",
						"<android.app.ContextImpl: java.lang.Object getSystemService(java.lang.String)>",
						"<android.app.ContextImpl$ServiceFetcher: java.lang.Object getService(android.app.ContextImpl)>",
						"<android.app.ContextImpl$1: java.lang.Object createService(android.app.ContextImpl)>",
						"<android.app.WallpaperManager: void <init>(android.content.Context,android.os.Handler)>",
						"key field: <android.app.WallpaperManager: android.content.Context mContext>",
						"<android.app.WallpaperManager: android.content.Intent getCropAndSetWallpaperIntent(android.net.Uri)>"
					],
					"depth":6,
					"method":"<android.app.DialogFragment: void onStop()>",
					"source":"FIELDCALLER"
				},
				{
					"trace":[
						"<android.app.Dialog: void <init>(android.content.Context)>",
						"<android.app.Dialog: void <init>(android.content.Context,int,boolean)>",
						"<android.app.ContextImpl: java.lang.Object getSystemService(java.lang.String)>",
						"<android.app.ContextImpl$ServiceFetcher: java.lang.Object getService(android.app.ContextImpl)>",
						"<android.app.ContextImpl$1: java.lang.Object createService(android.app.ContextImpl)>",
						"<android.app.WallpaperManager: void <init>(android.content.Context,android.os.Handler)>",
						"key field: <android.app.WallpaperManager: android.content.Context mContext>",
						"<android.app.WallpaperManager: android.content.Intent getCropAndSetWallpaperIntent(android.net.Uri)>"
					],
					"depth":6,
					"method":"<android.app.Dialog: void <init>(android.content.Context)>",
					"source":"FIELDCALLER"
				},
				{
					"trace":[
						"<android.app.Presentation: void <init>(android.content.Context,android.view.Display,int)>",
						"<android.app.Dialog: void <init>(android.content.Context,int,boolean)>",
						"<android.app.ContextImpl: java.lang.Object getSystemService(java.lang.String)>",
						"<android.app.ContextImpl$ServiceFetcher: java.lang.Object getService(android.app.ContextImpl)>",
						"<android.app.ContextImpl$1: java.lang.Object createService(android.app.ContextImpl)>",
						"<android.app.WallpaperManager: void <init>(android.content.Context,android.os.Handler)>",
						"key field: <android.app.WallpaperManager: android.content.Context mContext>",
						"<android.app.WallpaperManager: android.content.Intent getCropAndSetWallpaperIntent(android.net.Uri)>"
					],
					"depth":6,
					"method":"<android.app.Presentation: void <init>(android.content.Context,android.view.Display,int)>",
					"source":"FIELDCALLER"
				},
				{
					"trace":[
						"<android.app.Dialog: void <init>(android.content.Context,int)>",
						"<android.app.Dialog: void <init>(android.content.Context,int,boolean)>",
						"<android.app.ContextImpl: java.lang.Object getSystemService(java.lang.String)>",
						"<android.app.ContextImpl$ServiceFetcher: java.lang.Object getService(android.app.ContextImpl)>",
						"<android.app.ContextImpl$1: java.lang.Object createService(android.app.ContextImpl)>",
						"<android.app.WallpaperManager: void <init>(android.content.Context,android.os.Handler)>",
						"key field: <android.app.WallpaperManager: android.content.Context mContext>",
						"<android.app.WallpaperManager: android.content.Intent getCropAndSetWallpaperIntent(android.net.Uri)>"
					],
					"depth":6,
					"method":"<android.app.Dialog: void <init>(android.content.Context,int)>",
					"source":"FIELDCALLER"
				},
				{
					"trace":[
						"<android.app.Instrumentation: android.app.Activity newActivity(java.lang.Class,android.content.Context,android.os.IBinder,android.app.Application,android.content.Intent,android.content.pm.ActivityInfo,java.lang.CharSequence,android.app.Activity,java.lang.String,java.lang.Object)>",
						"<android.app.Activity: void attach(android.content.Context,android.app.ActivityThread,android.app.Instrumentation,android.os.IBinder,int,android.app.Application,android.content.Intent,android.content.pm.ActivityInfo,java.lang.CharSequence,android.app.Activity,java.lang.String,android.app.Activity$NonConfigurationInstances,android.content.res.Configuration,com.android.internal.app.IVoiceInteractor)>",
						"<android.app.ContextImpl: java.lang.Object getSystemService(java.lang.String)>",
						"<android.app.ContextImpl$ServiceFetcher: java.lang.Object getService(android.app.ContextImpl)>",
						"<android.app.ContextImpl$1: java.lang.Object createService(android.app.ContextImpl)>",
						"<android.app.WallpaperManager: void <init>(android.content.Context,android.os.Handler)>",
						"key field: <android.app.WallpaperManager: android.content.Context mContext>",
						"<android.app.WallpaperManager: android.content.Intent getCropAndSetWallpaperIntent(android.net.Uri)>"
					],
					"depth":6,
					"method":"<android.app.Instrumentation: android.app.Activity newActivity(java.lang.Class,android.content.Context,android.os.IBinder,android.app.Application,android.content.Intent,android.content.pm.ActivityInfo,java.lang.CharSequence,android.app.Activity,java.lang.String,java.lang.Object)>",
					"source":"FIELDCALLER"
				},
				{
					"trace":[
						"<android.app.backup.BackupAgent: void onBackup(android.os.ParcelFileDescriptor,android.app.backup.BackupDataOutput,android.os.ParcelFileDescriptor)>",
						"<android.app.backup.WallpaperBackupHelper: void <init>(android.content.Context,java.lang.String[],java.lang.String[])>",
						"<android.app.ContextImpl: java.lang.Object getSystemService(java.lang.String)>",
						"<android.app.ContextImpl$ServiceFetcher: java.lang.Object getService(android.app.ContextImpl)>",
						"<android.app.ContextImpl$1: java.lang.Object createService(android.app.ContextImpl)>",
						"<android.app.WallpaperManager: void <init>(android.content.Context,android.os.Handler)>",
						"key field: <android.app.WallpaperManager: android.content.Context mContext>",
						"<android.app.WallpaperManager: android.content.Intent getCropAndSetWallpaperIntent(android.net.Uri)>"
					],
					"depth":6,
					"method":"<android.app.backup.BackupAgent: void onBackup(android.os.ParcelFileDescriptor,android.app.backup.BackupDataOutput,android.os.ParcelFileDescriptor)>",
					"source":"FIELDCALLER"
				},
				{
					"trace":[
						"<android.app.backup.BackupAgent: void onRestore(android.app.backup.BackupDataInput,int,android.os.ParcelFileDescriptor)>",
						"<android.app.backup.WallpaperBackupHelper: void <init>(android.content.Context,java.lang.String[],java.lang.String[])>",
						"<android.app.ContextImpl: java.lang.Object getSystemService(java.lang.String)>",
						"<android.app.ContextImpl$ServiceFetcher: java.lang.Object getService(android.app.ContextImpl)>",
						"<android.app.ContextImpl$1: java.lang.Object createService(android.app.ContextImpl)>",
						"<android.app.WallpaperManager: void <init>(android.content.Context,android.os.Handler)>",
						"key field: <android.app.WallpaperManager: android.content.Context mContext>",
						"<android.app.WallpaperManager: android.content.Intent getCropAndSetWallpaperIntent(android.net.Uri)>"
					],
					"depth":6,
					"method":"<android.app.backup.BackupAgent: void onRestore(android.app.backup.BackupDataInput,int,android.os.ParcelFileDescriptor)>",
					"source":"FIELDCALLER"
				},
				{
					"trace":[
						"<android.app.Presentation$1: java.lang.Object getSystemService(java.lang.String)>",
						"<android.view.ContextThemeWrapper: java.lang.Object getSystemService(java.lang.String)>",
						"<android.app.ContextImpl: java.lang.Object getSystemService(java.lang.String)>",
						"<android.app.ContextImpl$ServiceFetcher: java.lang.Object getService(android.app.ContextImpl)>",
						"<android.app.ContextImpl$1: java.lang.Object createService(android.app.ContextImpl)>",
						"<android.app.WallpaperManager: void <init>(android.content.Context,android.os.Handler)>",
						"key field: <android.app.WallpaperManager: android.content.Context mContext>",
						"<android.app.WallpaperManager: android.content.Intent getCropAndSetWallpaperIntent(android.net.Uri)>"
					],
					"depth":6,
					"method":"<android.app.Presentation$1: java.lang.Object getSystemService(java.lang.String)>",
					"source":"FIELDCALLER"
				},
				{
					"trace":[
						"<android.app.Activity: java.lang.Object getSystemService(java.lang.String)>",
						"<android.view.ContextThemeWrapper: java.lang.Object getSystemService(java.lang.String)>",
						"<android.app.ContextImpl: java.lang.Object getSystemService(java.lang.String)>",
						"<android.app.ContextImpl$ServiceFetcher: java.lang.Object getService(android.app.ContextImpl)>",
						"<android.app.ContextImpl$1: java.lang.Object createService(android.app.ContextImpl)>",
						"<android.app.WallpaperManager: void <init>(android.content.Context,android.os.Handler)>",
						"key field: <android.app.WallpaperManager: android.content.Context mContext>",
						"<android.app.WallpaperManager: android.content.Intent getCropAndSetWallpaperIntent(android.net.Uri)>"
					],
					"depth":6,
					"method":"<android.app.Activity: java.lang.Object getSystemService(java.lang.String)>",
					"source":"FIELDCALLER"
				},
				{
					"trace":[
						"<android.app.ActivityThread: android.app.ActivityThread systemMain()>",
						"<android.app.ActivityThread: void attach(boolean)>",
						"<android.app.ActivityThread$DropBoxReporter: void <init>(android.app.ActivityThread)>",
						"<android.app.ContextImpl: java.lang.Object getSystemService(java.lang.String)>",
						"<android.app.ContextImpl$ServiceFetcher: java.lang.Object getService(android.app.ContextImpl)>",
						"<android.app.ContextImpl$1: java.lang.Object createService(android.app.ContextImpl)>",
						"<android.app.WallpaperManager: void <init>(android.content.Context,android.os.Handler)>",
						"key field: <android.app.WallpaperManager: android.content.Context mContext>",
						"<android.app.WallpaperManager: android.content.Intent getCropAndSetWallpaperIntent(android.net.Uri)>"
					],
					"depth":7,
					"method":"<android.app.ActivityThread: android.app.ActivityThread systemMain()>",
					"source":"FIELDCALLER"
				},
				{
					"trace":[
						"<android.app.ActivityThread: void main(java.lang.String[])>",
						"<android.app.ActivityThread: void attach(boolean)>",
						"<android.app.ActivityThread$DropBoxReporter: void <init>(android.app.ActivityThread)>",
						"<android.app.ContextImpl: java.lang.Object getSystemService(java.lang.String)>",
						"<android.app.ContextImpl$ServiceFetcher: java.lang.Object getService(android.app.ContextImpl)>",
						"<android.app.ContextImpl$1: java.lang.Object createService(android.app.ContextImpl)>",
						"<android.app.WallpaperManager: void <init>(android.content.Context,android.os.Handler)>",
						"key field: <android.app.WallpaperManager: android.content.Context mContext>",
						"<android.app.WallpaperManager: android.content.Intent getCropAndSetWallpaperIntent(android.net.Uri)>"
					],
					"depth":7,
					"method":"<android.app.ActivityThread: void main(java.lang.String[])>",
					"source":"FIELDCALLER"
				},
				{
					"trace":[
						"<com.android.internal.app.MediaRouteControllerDialog: boolean onKeyUp(int,android.view.KeyEvent)>",
						"<android.app.Dialog: boolean onKeyUp(int,android.view.KeyEvent)>",
						"<android.app.SearchDialog: void onBackPressed()>",
						"<android.app.ContextImpl: java.lang.Object getSystemService(java.lang.String)>",
						"<android.app.ContextImpl$ServiceFetcher: java.lang.Object getService(android.app.ContextImpl)>",
						"<android.app.ContextImpl$1: java.lang.Object createService(android.app.ContextImpl)>",
						"<android.app.WallpaperManager: void <init>(android.content.Context,android.os.Handler)>",
						"key field: <android.app.WallpaperManager: android.content.Context mContext>",
						"<android.app.WallpaperManager: android.content.Intent getCropAndSetWallpaperIntent(android.net.Uri)>"
					],
					"depth":7,
					"method":"<com.android.internal.app.MediaRouteControllerDialog: boolean onKeyUp(int,android.view.KeyEvent)>",
					"source":"FIELDCALLER"
				},
				{
					"trace":[
						"<android.app.AlertDialog: boolean onKeyUp(int,android.view.KeyEvent)>",
						"<android.app.Dialog: boolean onKeyUp(int,android.view.KeyEvent)>",
						"<android.app.SearchDialog: void onBackPressed()>",
						"<android.app.ContextImpl: java.lang.Object getSystemService(java.lang.String)>",
						"<android.app.ContextImpl$ServiceFetcher: java.lang.Object getService(android.app.ContextImpl)>",
						"<android.app.ContextImpl$1: java.lang.Object createService(android.app.ContextImpl)>",
						"<android.app.WallpaperManager: void <init>(android.content.Context,android.os.Handler)>",
						"key field: <android.app.WallpaperManager: android.content.Context mContext>",
						"<android.app.WallpaperManager: android.content.Intent getCropAndSetWallpaperIntent(android.net.Uri)>"
					],
					"depth":7,
					"method":"<android.app.AlertDialog: boolean onKeyUp(int,android.view.KeyEvent)>",
					"source":"FIELDCALLER"
				},
				{
					"trace":[
						"<android.app.MediaRouteButton: void <init>(android.content.Context,android.util.AttributeSet)>",
						"<android.app.MediaRouteButton: void <init>(android.content.Context,android.util.AttributeSet,int)>",
						"<android.app.MediaRouteButton: void <init>(android.content.Context,android.util.AttributeSet,int,int)>",
						"<android.app.ContextImpl: java.lang.Object getSystemService(java.lang.String)>",
						"<android.app.ContextImpl$ServiceFetcher: java.lang.Object getService(android.app.ContextImpl)>",
						"<android.app.ContextImpl$1: java.lang.Object createService(android.app.ContextImpl)>",
						"<android.app.WallpaperManager: void <init>(android.content.Context,android.os.Handler)>",
						"key field: <android.app.WallpaperManager: android.content.Context mContext>",
						"<android.app.WallpaperManager: android.content.Intent getCropAndSetWallpaperIntent(android.net.Uri)>"
					],
					"depth":7,
					"method":"<android.app.MediaRouteButton: void <init>(android.content.Context,android.util.AttributeSet)>",
					"source":"FIELDCALLER"
				},
				{
					"trace":[
						"<android.app.SearchDialog: void onRestoreInstanceState(android.os.Bundle)>",
						"<android.app.SearchDialog: boolean doShow(java.lang.String,boolean,android.content.ComponentName,android.os.Bundle)>",
						"<android.app.SearchDialog: boolean show(android.content.ComponentName,android.os.Bundle)>",
						"<android.app.ContextImpl: java.lang.Object getSystemService(java.lang.String)>",
						"<android.app.ContextImpl$ServiceFetcher: java.lang.Object getService(android.app.ContextImpl)>",
						"<android.app.ContextImpl$1: java.lang.Object createService(android.app.ContextImpl)>",
						"<android.app.WallpaperManager: void <init>(android.content.Context,android.os.Handler)>",
						"key field: <android.app.WallpaperManager: android.content.Context mContext>",
						"<android.app.WallpaperManager: android.content.Intent getCropAndSetWallpaperIntent(android.net.Uri)>"
					],
					"depth":7,
					"method":"<android.app.SearchDialog: void onRestoreInstanceState(android.os.Bundle)>",
					"source":"FIELDCALLER"
				},
				{
					"trace":[
						"<android.app.SearchDialog: boolean show(java.lang.String,boolean,android.content.ComponentName,android.os.Bundle)>",
						"<android.app.SearchDialog: boolean doShow(java.lang.String,boolean,android.content.ComponentName,android.os.Bundle)>",
						"<android.app.SearchDialog: boolean show(android.content.ComponentName,android.os.Bundle)>",
						"<android.app.ContextImpl: java.lang.Object getSystemService(java.lang.String)>",
						"<android.app.ContextImpl$ServiceFetcher: java.lang.Object getService(android.app.ContextImpl)>",
						"<android.app.ContextImpl$1: java.lang.Object createService(android.app.ContextImpl)>",
						"<android.app.WallpaperManager: void <init>(android.content.Context,android.os.Handler)>",
						"key field: <android.app.WallpaperManager: android.content.Context mContext>",
						"<android.app.WallpaperManager: android.content.Intent getCropAndSetWallpaperIntent(android.net.Uri)>"
					],
					"depth":7,
					"method":"<android.app.SearchDialog: boolean show(java.lang.String,boolean,android.content.ComponentName,android.os.Bundle)>",
					"source":"FIELDCALLER"
				},
				{
					"trace":[
						"<android.app.AlertDialog$Builder: android.app.AlertDialog create()>",
						"<android.app.AlertDialog: void <init>(android.content.Context,int,boolean)>",
						"<android.app.Dialog: void <init>(android.content.Context,int,boolean)>",
						"<android.app.ContextImpl: java.lang.Object getSystemService(java.lang.String)>",
						"<android.app.ContextImpl$ServiceFetcher: java.lang.Object getService(android.app.ContextImpl)>",
						"<android.app.ContextImpl$1: java.lang.Object createService(android.app.ContextImpl)>",
						"<android.app.WallpaperManager: void <init>(android.content.Context,android.os.Handler)>",
						"key field: <android.app.WallpaperManager: android.content.Context mContext>",
						"<android.app.WallpaperManager: android.content.Intent getCropAndSetWallpaperIntent(android.net.Uri)>"
					],
					"depth":7,
					"method":"<android.app.AlertDialog$Builder: android.app.AlertDialog create()>",
					"source":"FIELDCALLER"
				},
				{
					"trace":[
						"<android.app.Presentation: void <init>(android.content.Context,android.view.Display)>",
						"<android.app.Presentation: void <init>(android.content.Context,android.view.Display,int)>",
						"<android.app.Dialog: void <init>(android.content.Context,int,boolean)>",
						"<android.app.ContextImpl: java.lang.Object getSystemService(java.lang.String)>",
						"<android.app.ContextImpl$ServiceFetcher: java.lang.Object getService(android.app.ContextImpl)>",
						"<android.app.ContextImpl$1: java.lang.Object createService(android.app.ContextImpl)>",
						"<android.app.WallpaperManager: void <init>(android.content.Context,android.os.Handler)>",
						"key field: <android.app.WallpaperManager: android.content.Context mContext>",
						"<android.app.WallpaperManager: android.content.Intent getCropAndSetWallpaperIntent(android.net.Uri)>"
					],
					"depth":7,
					"method":"<android.app.Presentation: void <init>(android.content.Context,android.view.Display)>",
					"source":"FIELDCALLER"
				},
				{
					"trace":[
						"<android.inputmethodservice.SoftInputWindow: void <init>(android.content.Context,java.lang.String,int,android.inputmethodservice.SoftInputWindow$Callback,android.view.KeyEvent$Callback,android.view.KeyEvent$DispatcherState,int,int,boolean)>",
						"<android.app.Dialog: void <init>(android.content.Context,int)>",
						"<android.app.Dialog: void <init>(android.content.Context,int,boolean)>",
						"<android.app.ContextImpl: java.lang.Object getSystemService(java.lang.String)>",
						"<android.app.ContextImpl$ServiceFetcher: java.lang.Object getService(android.app.ContextImpl)>",
						"<android.app.ContextImpl$1: java.lang.Object createService(android.app.ContextImpl)>",
						"<android.app.WallpaperManager: void <init>(android.content.Context,android.os.Handler)>",
						"key field: <android.app.WallpaperManager: android.content.Context mContext>",
						"<android.app.WallpaperManager: android.content.Intent getCropAndSetWallpaperIntent(android.net.Uri)>"
					],
					"depth":7,
					"method":"<android.inputmethodservice.SoftInputWindow: void <init>(android.content.Context,java.lang.String,int,android.inputmethodservice.SoftInputWindow$Callback,android.view.KeyEvent$Callback,android.view.KeyEvent$DispatcherState,int,int,boolean)>",
					"source":"FIELDCALLER"
				},
				{
					"trace":[
						"<android.app.SearchDialog: void <init>(android.content.Context,android.app.SearchManager)>",
						"<android.app.Dialog: void <init>(android.content.Context,int)>",
						"<android.app.Dialog: void <init>(android.content.Context,int,boolean)>",
						"<android.app.ContextImpl: java.lang.Object getSystemService(java.lang.String)>",
						"<android.app.ContextImpl$ServiceFetcher: java.lang.Object getService(android.app.ContextImpl)>",
						"<android.app.ContextImpl$1: java.lang.Object createService(android.app.ContextImpl)>",
						"<android.app.WallpaperManager: void <init>(android.content.Context,android.os.Handler)>",
						"key field: <android.app.WallpaperManager: android.content.Context mContext>",
						"<android.app.WallpaperManager: android.content.Intent getCropAndSetWallpaperIntent(android.net.Uri)>"
					],
					"depth":7,
					"method":"<android.app.SearchDialog: void <init>(android.content.Context,android.app.SearchManager)>",
					"source":"FIELDCALLER"
				},
				{
					"trace":[
						"<android.text.method.CharacterPickerDialog: void <init>(android.content.Context,android.view.View,android.text.Editable,java.lang.String,boolean)>",
						"<android.app.Dialog: void <init>(android.content.Context,int)>",
						"<android.app.Dialog: void <init>(android.content.Context,int,boolean)>",
						"<android.app.ContextImpl: java.lang.Object getSystemService(java.lang.String)>",
						"<android.app.ContextImpl$ServiceFetcher: java.lang.Object getService(android.app.ContextImpl)>",
						"<android.app.ContextImpl$1: java.lang.Object createService(android.app.ContextImpl)>",
						"<android.app.WallpaperManager: void <init>(android.content.Context,android.os.Handler)>",
						"key field: <android.app.WallpaperManager: android.content.Context mContext>",
						"<android.app.WallpaperManager: android.content.Intent getCropAndSetWallpaperIntent(android.net.Uri)>"
					],
					"depth":7,
					"method":"<android.text.method.CharacterPickerDialog: void <init>(android.content.Context,android.view.View,android.text.Editable,java.lang.String,boolean)>",
					"source":"FIELDCALLER"
				},
				{
					"trace":[
						"<com.android.internal.app.MediaRouteChooserDialog: void <init>(android.content.Context,int)>",
						"<android.app.Dialog: void <init>(android.content.Context,int)>",
						"<android.app.Dialog: void <init>(android.content.Context,int,boolean)>",
						"<android.app.ContextImpl: java.lang.Object getSystemService(java.lang.String)>",
						"<android.app.ContextImpl$ServiceFetcher: java.lang.Object getService(android.app.ContextImpl)>",
						"<android.app.ContextImpl$1: java.lang.Object createService(android.app.ContextImpl)>",
						"<android.app.WallpaperManager: void <init>(android.content.Context,android.os.Handler)>",
						"key field: <android.app.WallpaperManager: android.content.Context mContext>",
						"<android.app.WallpaperManager: android.content.Intent getCropAndSetWallpaperIntent(android.net.Uri)>"
					],
					"depth":7,
					"method":"<com.android.internal.app.MediaRouteChooserDialog: void <init>(android.content.Context,int)>",
					"source":"FIELDCALLER"
				},
				{
					"trace":[
						"<com.android.internal.app.MediaRouteControllerDialog: void <init>(android.content.Context,int)>",
						"<android.app.Dialog: void <init>(android.content.Context,int)>",
						"<android.app.Dialog: void <init>(android.content.Context,int,boolean)>",
						"<android.app.ContextImpl: java.lang.Object getSystemService(java.lang.String)>",
						"<android.app.ContextImpl$ServiceFetcher: java.lang.Object getService(android.app.ContextImpl)>",
						"<android.app.ContextImpl$1: java.lang.Object createService(android.app.ContextImpl)>",
						"<android.app.WallpaperManager: void <init>(android.content.Context,android.os.Handler)>",
						"key field: <android.app.WallpaperManager: android.content.Context mContext>",
						"<android.app.WallpaperManager: android.content.Intent getCropAndSetWallpaperIntent(android.net.Uri)>"
					],
					"depth":7,
					"method":"<com.android.internal.app.MediaRouteControllerDialog: void <init>(android.content.Context,int)>",
					"source":"FIELDCALLER"
				},
				{
					"trace":[
						"<android.app.DialogFragment: android.app.Dialog onCreateDialog(android.os.Bundle)>",
						"<android.app.Dialog: void <init>(android.content.Context,int)>",
						"<android.app.Dialog: void <init>(android.content.Context,int,boolean)>",
						"<android.app.ContextImpl: java.lang.Object getSystemService(java.lang.String)>",
						"<android.app.ContextImpl$ServiceFetcher: java.lang.Object getService(android.app.ContextImpl)>",
						"<android.app.ContextImpl$1: java.lang.Object createService(android.app.ContextImpl)>",
						"<android.app.WallpaperManager: void <init>(android.content.Context,android.os.Handler)>",
						"key field: <android.app.WallpaperManager: android.content.Context mContext>",
						"<android.app.WallpaperManager: android.content.Intent getCropAndSetWallpaperIntent(android.net.Uri)>"
					],
					"depth":7,
					"method":"<android.app.DialogFragment: android.app.Dialog onCreateDialog(android.os.Bundle)>",
					"source":"FIELDCALLER"
				},
				{
					"trace":[
						"<android.app.FragmentManagerImpl: void removeFragment(android.app.Fragment,int,int)>",
						"<android.app.FragmentManagerImpl: void moveToState(android.app.Fragment,int,int,int,boolean)>",
						"<android.app.DialogFragment: android.view.LayoutInflater getLayoutInflater(android.os.Bundle)>",
						"<android.app.ContextImpl: java.lang.Object getSystemService(java.lang.String)>",
						"<android.app.ContextImpl$ServiceFetcher: java.lang.Object getService(android.app.ContextImpl)>",
						"<android.app.ContextImpl$1: java.lang.Object createService(android.app.ContextImpl)>",
						"<android.app.WallpaperManager: void <init>(android.content.Context,android.os.Handler)>",
						"key field: <android.app.WallpaperManager: android.content.Context mContext>",
						"<android.app.WallpaperManager: android.content.Intent getCropAndSetWallpaperIntent(android.net.Uri)>"
					],
					"depth":7,
					"method":"<android.app.FragmentManagerImpl: void removeFragment(android.app.Fragment,int,int)>",
					"source":"FIELDCALLER"
				},
				{
					"trace":[
						"<android.app.FragmentManagerImpl: android.view.View onCreateView(android.view.View,java.lang.String,android.content.Context,android.util.AttributeSet)>",
						"<android.app.FragmentManagerImpl: void moveToState(android.app.Fragment,int,int,int,boolean)>",
						"<android.app.DialogFragment: android.view.LayoutInflater getLayoutInflater(android.os.Bundle)>",
						"<android.app.ContextImpl: java.lang.Object getSystemService(java.lang.String)>",
						"<android.app.ContextImpl$ServiceFetcher: java.lang.Object getService(android.app.ContextImpl)>",
						"<android.app.ContextImpl$1: java.lang.Object createService(android.app.ContextImpl)>",
						"<android.app.WallpaperManager: void <init>(android.content.Context,android.os.Handler)>",
						"key field: <android.app.WallpaperManager: android.content.Context mContext>",
						"<android.app.WallpaperManager: android.content.Intent getCropAndSetWallpaperIntent(android.net.Uri)>"
					],
					"depth":7,
					"method":"<android.app.FragmentManagerImpl: android.view.View onCreateView(android.view.View,java.lang.String,android.content.Context,android.util.AttributeSet)>",
					"source":"FIELDCALLER"
				},
				{
					"trace":[
						"<android.view.LayoutInflater$Factory2: android.view.View onCreateView(android.view.View,java.lang.String,android.content.Context,android.util.AttributeSet)>",
						"<android.app.FragmentManagerImpl: void moveToState(android.app.Fragment,int,int,int,boolean)>",
						"<android.app.DialogFragment: android.view.LayoutInflater getLayoutInflater(android.os.Bundle)>",
						"<android.app.ContextImpl: java.lang.Object getSystemService(java.lang.String)>",
						"<android.app.ContextImpl$ServiceFetcher: java.lang.Object getService(android.app.ContextImpl)>",
						"<android.app.ContextImpl$1: java.lang.Object createService(android.app.ContextImpl)>",
						"<android.app.WallpaperManager: void <init>(android.content.Context,android.os.Handler)>",
						"key field: <android.app.WallpaperManager: android.content.Context mContext>",
						"<android.app.WallpaperManager: android.content.Intent getCropAndSetWallpaperIntent(android.net.Uri)>"
					],
					"depth":7,
					"method":"<android.view.LayoutInflater$Factory2: android.view.View onCreateView(android.view.View,java.lang.String,android.content.Context,android.util.AttributeSet)>",
					"source":"FIELDCALLER"
				},
				{
					"trace":[
						"<android.app.FragmentManagerImpl: void performPendingDeferredStart(android.app.Fragment)>",
						"<android.app.FragmentManagerImpl: void moveToState(android.app.Fragment,int,int,int,boolean)>",
						"<android.app.DialogFragment: android.view.LayoutInflater getLayoutInflater(android.os.Bundle)>",
						"<android.app.ContextImpl: java.lang.Object getSystemService(java.lang.String)>",
						"<android.app.ContextImpl$ServiceFetcher: java.lang.Object getService(android.app.ContextImpl)>",
						"<android.app.ContextImpl$1: java.lang.Object createService(android.app.ContextImpl)>",
						"<android.app.WallpaperManager: void <init>(android.content.Context,android.os.Handler)>",
						"key field: <android.app.WallpaperManager: android.content.Context mContext>",
						"<android.app.WallpaperManager: android.content.Intent getCropAndSetWallpaperIntent(android.net.Uri)>"
					],
					"depth":7,
					"method":"<android.app.FragmentManagerImpl: void performPendingDeferredStart(android.app.Fragment)>",
					"source":"FIELDCALLER"
				},
				{
					"trace":[
						"<android.app.FragmentManagerImpl$5: void onAnimationEnd(android.animation.Animator)>",
						"<android.app.FragmentManagerImpl: void moveToState(android.app.Fragment,int,int,int,boolean)>",
						"<android.app.DialogFragment: android.view.LayoutInflater getLayoutInflater(android.os.Bundle)>",
						"<android.app.ContextImpl: java.lang.Object getSystemService(java.lang.String)>",
						"<android.app.ContextImpl$ServiceFetcher: java.lang.Object getService(android.app.ContextImpl)>",
						"<android.app.ContextImpl$1: java.lang.Object createService(android.app.ContextImpl)>",
						"<android.app.WallpaperManager: void <init>(android.content.Context,android.os.Handler)>",
						"key field: <android.app.WallpaperManager: android.content.Context mContext>",
						"<android.app.WallpaperManager: android.content.Intent getCropAndSetWallpaperIntent(android.net.Uri)>"
					],
					"depth":7,
					"method":"<android.app.FragmentManagerImpl$5: void onAnimationEnd(android.animation.Animator)>",
					"source":"FIELDCALLER"
				},
				{
					"trace":[
						"<android.app.FragmentManagerImpl: void attachFragment(android.app.Fragment,int,int)>",
						"<android.app.FragmentManagerImpl: void moveToState(android.app.Fragment,int,int,int,boolean)>",
						"<android.app.DialogFragment: android.view.LayoutInflater getLayoutInflater(android.os.Bundle)>",
						"<android.app.ContextImpl: java.lang.Object getSystemService(java.lang.String)>",
						"<android.app.ContextImpl$ServiceFetcher: java.lang.Object getService(android.app.ContextImpl)>",
						"<android.app.ContextImpl$1: java.lang.Object createService(android.app.ContextImpl)>",
						"<android.app.WallpaperManager: void <init>(android.content.Context,android.os.Handler)>",
						"key field: <android.app.WallpaperManager: android.content.Context mContext>",
						"<android.app.WallpaperManager: android.content.Intent getCropAndSetWallpaperIntent(android.net.Uri)>"
					],
					"depth":7,
					"method":"<android.app.FragmentManagerImpl: void attachFragment(android.app.Fragment,int,int)>",
					"source":"FIELDCALLER"
				},
				{
					"trace":[
						"<android.app.FragmentManagerImpl: void detachFragment(android.app.Fragment,int,int)>",
						"<android.app.FragmentManagerImpl: void moveToState(android.app.Fragment,int,int,int,boolean)>",
						"<android.app.DialogFragment: android.view.LayoutInflater getLayoutInflater(android.os.Bundle)>",
						"<android.app.ContextImpl: java.lang.Object getSystemService(java.lang.String)>",
						"<android.app.ContextImpl$ServiceFetcher: java.lang.Object getService(android.app.ContextImpl)>",
						"<android.app.ContextImpl$1: java.lang.Object createService(android.app.ContextImpl)>",
						"<android.app.WallpaperManager: void <init>(android.content.Context,android.os.Handler)>",
						"key field: <android.app.WallpaperManager: android.content.Context mContext>",
						"<android.app.WallpaperManager: android.content.Intent getCropAndSetWallpaperIntent(android.net.Uri)>"
					],
					"depth":7,
					"method":"<android.app.FragmentManagerImpl: void detachFragment(android.app.Fragment,int,int)>",
					"source":"FIELDCALLER"
				},
				{
					"trace":[
						"<android.app.ActivityThread: android.app.Activity startActivityNow(android.app.Activity,java.lang.String,android.content.Intent,android.content.pm.ActivityInfo,android.os.IBinder,android.os.Bundle,android.app.Activity$NonConfigurationInstances)>",
						"<android.app.ActivityThread: android.app.Activity performLaunchActivity(android.app.ActivityThread$ActivityClientRecord,android.content.Intent)>",
						"<android.app.Activity: void attach(android.content.Context,android.app.ActivityThread,android.app.Instrumentation,android.os.IBinder,int,android.app.Application,android.content.Intent,android.content.pm.ActivityInfo,java.lang.CharSequence,android.app.Activity,java.lang.String,android.app.Activity$NonConfigurationInstances,android.content.res.Configuration,com.android.internal.app.IVoiceInteractor)>",
						"<android.app.ContextImpl: java.lang.Object getSystemService(java.lang.String)>",
						"<android.app.ContextImpl$ServiceFetcher: java.lang.Object getService(android.app.ContextImpl)>",
						"<android.app.ContextImpl$1: java.lang.Object createService(android.app.ContextImpl)>",
						"<android.app.WallpaperManager: void <init>(android.content.Context,android.os.Handler)>",
						"key field: <android.app.WallpaperManager: android.content.Context mContext>",
						"<android.app.WallpaperManager: android.content.Intent getCropAndSetWallpaperIntent(android.net.Uri)>"
					],
					"depth":7,
					"method":"<android.app.ActivityThread: android.app.Activity startActivityNow(android.app.Activity,java.lang.String,android.content.Intent,android.content.pm.ActivityInfo,android.os.IBinder,android.os.Bundle,android.app.Activity$NonConfigurationInstances)>",
					"source":"FIELDCALLER"
				},
				{
					"trace":[
						"<android.app.backup.BackupAgent$BackupServiceBinder: void doBackup(android.os.ParcelFileDescriptor,android.os.ParcelFileDescriptor,android.os.ParcelFileDescriptor,int,android.app.backup.IBackupManager)>",
						"<com.android.server.backup.SystemBackupAgent: void onBackup(android.os.ParcelFileDescriptor,android.app.backup.BackupDataOutput,android.os.ParcelFileDescriptor)>",
						"<android.app.backup.WallpaperBackupHelper: void <init>(android.content.Context,java.lang.String[],java.lang.String[])>",
						"<android.app.ContextImpl: java.lang.Object getSystemService(java.lang.String)>",
						"<android.app.ContextImpl$ServiceFetcher: java.lang.Object getService(android.app.ContextImpl)>",
						"<android.app.ContextImpl$1: java.lang.Object createService(android.app.ContextImpl)>",
						"<android.app.WallpaperManager: void <init>(android.content.Context,android.os.Handler)>",
						"key field: <android.app.WallpaperManager: android.content.Context mContext>",
						"<android.app.WallpaperManager: android.content.Intent getCropAndSetWallpaperIntent(android.net.Uri)>"
					],
					"depth":7,
					"method":"<android.app.backup.BackupAgent$BackupServiceBinder: void doBackup(android.os.ParcelFileDescriptor,android.os.ParcelFileDescriptor,android.os.ParcelFileDescriptor,int,android.app.backup.IBackupManager)>",
					"source":"FIELDCALLER"
				},
				{
					"trace":[
						"<android.app.backup.BackupAgent$BackupServiceBinder: void doRestore(android.os.ParcelFileDescriptor,int,android.os.ParcelFileDescriptor,int,android.app.backup.IBackupManager)>",
						"<com.android.server.backup.SystemBackupAgent: void onRestore(android.app.backup.BackupDataInput,int,android.os.ParcelFileDescriptor)>",
						"<android.app.backup.WallpaperBackupHelper: void <init>(android.content.Context,java.lang.String[],java.lang.String[])>",
						"<android.app.ContextImpl: java.lang.Object getSystemService(java.lang.String)>",
						"<android.app.ContextImpl$ServiceFetcher: java.lang.Object getService(android.app.ContextImpl)>",
						"<android.app.ContextImpl$1: java.lang.Object createService(android.app.ContextImpl)>",
						"<android.app.WallpaperManager: void <init>(android.content.Context,android.os.Handler)>",
						"key field: <android.app.WallpaperManager: android.content.Context mContext>",
						"<android.app.WallpaperManager: android.content.Intent getCropAndSetWallpaperIntent(android.net.Uri)>"
					],
					"depth":7,
					"method":"<android.app.backup.BackupAgent$BackupServiceBinder: void doRestore(android.os.ParcelFileDescriptor,int,android.os.ParcelFileDescriptor,int,android.app.backup.IBackupManager)>",
					"source":"FIELDCALLER"
				},
				{
					"trace":[
						"<android.content.ContextWrapper: java.lang.Object getSystemService(java.lang.String)>",
						"<android.app.Presentation$1: java.lang.Object getSystemService(java.lang.String)>",
						"<android.view.ContextThemeWrapper: java.lang.Object getSystemService(java.lang.String)>",
						"<android.app.ContextImpl: java.lang.Object getSystemService(java.lang.String)>",
						"<android.app.ContextImpl$ServiceFetcher: java.lang.Object getService(android.app.ContextImpl)>",
						"<android.app.ContextImpl$1: java.lang.Object createService(android.app.ContextImpl)>",
						"<android.app.WallpaperManager: void <init>(android.content.Context,android.os.Handler)>",
						"key field: <android.app.WallpaperManager: android.content.Context mContext>",
						"<android.app.WallpaperManager: android.content.Intent getCropAndSetWallpaperIntent(android.net.Uri)>"
					],
					"depth":7,
					"method":"<android.content.ContextWrapper: java.lang.Object getSystemService(java.lang.String)>",
					"source":"FIELDCALLER"
				},
				{
					"trace":[
						"<android.app.ActivityView: void <init>(android.content.Context,android.util.AttributeSet,int)>",
						"<android.app.Activity: java.lang.Object getSystemService(java.lang.String)>",
						"<android.view.ContextThemeWrapper: java.lang.Object getSystemService(java.lang.String)>",
						"<android.app.ContextImpl: java.lang.Object getSystemService(java.lang.String)>",
						"<android.app.ContextImpl$ServiceFetcher: java.lang.Object getService(android.app.ContextImpl)>",
						"<android.app.ContextImpl$1: java.lang.Object createService(android.app.ContextImpl)>",
						"<android.app.WallpaperManager: void <init>(android.content.Context,android.os.Handler)>",
						"key field: <android.app.WallpaperManager: android.content.Context mContext>",
						"<android.app.WallpaperManager: android.content.Intent getCropAndSetWallpaperIntent(android.net.Uri)>"
					],
					"depth":7,
					"method":"<android.app.ActivityView: void <init>(android.content.Context,android.util.AttributeSet,int)>",
					"source":"FIELDCALLER"
				},
				{
					"trace":[
						"<android.app.LauncherActivity$ActivityAdapter: void <init>(android.app.LauncherActivity,android.app.LauncherActivity$IconResizer)>",
						"<android.app.Activity: java.lang.Object getSystemService(java.lang.String)>",
						"<android.view.ContextThemeWrapper: java.lang.Object getSystemService(java.lang.String)>",
						"<android.app.ContextImpl: java.lang.Object getSystemService(java.lang.String)>",
						"<android.app.ContextImpl$ServiceFetcher: java.lang.Object getService(android.app.ContextImpl)>",
						"<android.app.ContextImpl$1: java.lang.Object createService(android.app.ContextImpl)>",
						"<android.app.WallpaperManager: void <init>(android.content.Context,android.os.Handler)>",
						"key field: <android.app.WallpaperManager: android.content.Context mContext>",
						"<android.app.WallpaperManager: android.content.Intent getCropAndSetWallpaperIntent(android.net.Uri)>"
					],
					"depth":7,
					"method":"<android.app.LauncherActivity$ActivityAdapter: void <init>(android.app.LauncherActivity,android.app.LauncherActivity$IconResizer)>",
					"source":"FIELDCALLER"
				},
				{
					"trace":[
						"<android.app.FragmentBreadCrumbs: void setActivity(android.app.Activity)>",
						"<android.app.Activity: java.lang.Object getSystemService(java.lang.String)>",
						"<android.view.ContextThemeWrapper: java.lang.Object getSystemService(java.lang.String)>",
						"<android.app.ContextImpl: java.lang.Object getSystemService(java.lang.String)>",
						"<android.app.ContextImpl$ServiceFetcher: java.lang.Object getService(android.app.ContextImpl)>",
						"<android.app.ContextImpl$1: java.lang.Object createService(android.app.ContextImpl)>",
						"<android.app.WallpaperManager: void <init>(android.content.Context,android.os.Handler)>",
						"key field: <android.app.WallpaperManager: android.content.Context mContext>",
						"<android.app.WallpaperManager: android.content.Intent getCropAndSetWallpaperIntent(android.net.Uri)>"
					],
					"depth":7,
					"method":"<android.app.FragmentBreadCrumbs: void setActivity(android.app.Activity)>",
					"source":"FIELDCALLER"
				},
				{
					"trace":[
						"<android.inputmethodservice.SoftInputWindow: boolean onKeyUp(int,android.view.KeyEvent)>",
						"<com.android.internal.app.MediaRouteControllerDialog: boolean onKeyUp(int,android.view.KeyEvent)>",
						"<android.app.Dialog: boolean onKeyUp(int,android.view.KeyEvent)>",
						"<android.app.SearchDialog: void onBackPressed()>",
						"<android.app.ContextImpl: java.lang.Object getSystemService(java.lang.String)>",
						"<android.app.ContextImpl$ServiceFetcher: java.lang.Object getService(android.app.ContextImpl)>",
						"<android.app.ContextImpl$1: java.lang.Object createService(android.app.ContextImpl)>",
						"<android.app.WallpaperManager: void <init>(android.content.Context,android.os.Handler)>",
						"key field: <android.app.WallpaperManager: android.content.Context mContext>",
						"<android.app.WallpaperManager: android.content.Intent getCropAndSetWallpaperIntent(android.net.Uri)>"
					],
					"depth":8,
					"method":"<android.inputmethodservice.SoftInputWindow: boolean onKeyUp(int,android.view.KeyEvent)>",
					"source":"FIELDCALLER"
				},
				{
					"trace":[
						"<android.app.MediaRouteButton: void <init>(android.content.Context)>",
						"<android.app.MediaRouteButton: void <init>(android.content.Context,android.util.AttributeSet)>",
						"<android.app.MediaRouteButton: void <init>(android.content.Context,android.util.AttributeSet,int)>",
						"<android.app.MediaRouteButton: void <init>(android.content.Context,android.util.AttributeSet,int,int)>",
						"<android.app.ContextImpl: java.lang.Object getSystemService(java.lang.String)>",
						"<android.app.ContextImpl$ServiceFetcher: java.lang.Object getService(android.app.ContextImpl)>",
						"<android.app.ContextImpl$1: java.lang.Object createService(android.app.ContextImpl)>",
						"<android.app.WallpaperManager: void <init>(android.content.Context,android.os.Handler)>",
						"key field: <android.app.WallpaperManager: android.content.Context mContext>",
						"<android.app.WallpaperManager: android.content.Intent getCropAndSetWallpaperIntent(android.net.Uri)>"
					],
					"depth":8,
					"method":"<android.app.MediaRouteButton: void <init>(android.content.Context)>",
					"source":"FIELDCALLER"
				},
				{
					"trace":[
						"<android.app.DialogFragment: void onActivityCreated(android.os.Bundle)>",
						"<android.app.SearchDialog: void onRestoreInstanceState(android.os.Bundle)>",
						"<android.app.SearchDialog: boolean doShow(java.lang.String,boolean,android.content.ComponentName,android.os.Bundle)>",
						"<android.app.SearchDialog: boolean show(android.content.ComponentName,android.os.Bundle)>",
						"<android.app.ContextImpl: java.lang.Object getSystemService(java.lang.String)>",
						"<android.app.ContextImpl$ServiceFetcher: java.lang.Object getService(android.app.ContextImpl)>",
						"<android.app.ContextImpl$1: java.lang.Object createService(android.app.ContextImpl)>",
						"<android.app.WallpaperManager: void <init>(android.content.Context,android.os.Handler)>",
						"key field: <android.app.WallpaperManager: android.content.Context mContext>",
						"<android.app.WallpaperManager: android.content.Intent getCropAndSetWallpaperIntent(android.net.Uri)>"
					],
					"depth":8,
					"method":"<android.app.DialogFragment: void onActivityCreated(android.os.Bundle)>",
					"source":"FIELDCALLER"
				},
				{
					"trace":[
						"<android.app.SearchManager: void startSearch(java.lang.String,boolean,android.content.ComponentName,android.os.Bundle,boolean,android.graphics.Rect)>",
						"<android.app.SearchDialog: boolean show(java.lang.String,boolean,android.content.ComponentName,android.os.Bundle)>",
						"<android.app.SearchDialog: boolean doShow(java.lang.String,boolean,android.content.ComponentName,android.os.Bundle)>",
						"<android.app.SearchDialog: boolean show(android.content.ComponentName,android.os.Bundle)>",
						"<android.app.ContextImpl: java.lang.Object getSystemService(java.lang.String)>",
						"<android.app.ContextImpl$ServiceFetcher: java.lang.Object getService(android.app.ContextImpl)>",
						"<android.app.ContextImpl$1: java.lang.Object createService(android.app.ContextImpl)>",
						"<android.app.WallpaperManager: void <init>(android.content.Context,android.os.Handler)>",
						"key field: <android.app.WallpaperManager: android.content.Context mContext>",
						"<android.app.WallpaperManager: android.content.Intent getCropAndSetWallpaperIntent(android.net.Uri)>"
					],
					"depth":8,
					"method":"<android.app.SearchManager: void startSearch(java.lang.String,boolean,android.content.ComponentName,android.os.Bundle,boolean,android.graphics.Rect)>",
					"source":"FIELDCALLER"
				},
				{
					"trace":[
						"<android.app.AlertDialog$Builder: android.app.AlertDialog show()>",
						"<android.app.AlertDialog$Builder: android.app.AlertDialog create()>",
						"<android.app.AlertDialog: void <init>(android.content.Context,int,boolean)>",
						"<android.app.Dialog: void <init>(android.content.Context,int,boolean)>",
						"<android.app.ContextImpl: java.lang.Object getSystemService(java.lang.String)>",
						"<android.app.ContextImpl$ServiceFetcher: java.lang.Object getService(android.app.ContextImpl)>",
						"<android.app.ContextImpl$1: java.lang.Object createService(android.app.ContextImpl)>",
						"<android.app.WallpaperManager: void <init>(android.content.Context,android.os.Handler)>",
						"key field: <android.app.WallpaperManager: android.content.Context mContext>",
						"<android.app.WallpaperManager: android.content.Intent getCropAndSetWallpaperIntent(android.net.Uri)>"
					],
					"depth":8,
					"method":"<android.app.AlertDialog$Builder: android.app.AlertDialog show()>",
					"source":"FIELDCALLER"
				},
				{
					"trace":[
						"<android.app.DatePickerDialog: void <init>(android.content.Context,int,android.app.DatePickerDialog$OnDateSetListener,int,int,int)>",
						"<android.app.AlertDialog: void <init>(android.content.Context,int)>",
						"<android.app.AlertDialog: void <init>(android.content.Context,int,boolean)>",
						"<android.app.Dialog: void <init>(android.content.Context,int,boolean)>",
						"<android.app.ContextImpl: java.lang.Object getSystemService(java.lang.String)>",
						"<android.app.ContextImpl$ServiceFetcher: java.lang.Object getService(android.app.ContextImpl)>",
						"<android.app.ContextImpl$1: java.lang.Object createService(android.app.ContextImpl)>",
						"<android.app.WallpaperManager: void <init>(android.content.Context,android.os.Handler)>",
						"key field: <android.app.WallpaperManager: android.content.Context mContext>",
						"<android.app.WallpaperManager: android.content.Intent getCropAndSetWallpaperIntent(android.net.Uri)>"
					],
					"depth":8,
					"method":"<android.app.DatePickerDialog: void <init>(android.content.Context,int,android.app.DatePickerDialog$OnDateSetListener,int,int,int)>",
					"source":"FIELDCALLER"
				},
				{
					"trace":[
						"<android.app.TimePickerDialog: void <init>(android.content.Context,int,android.app.TimePickerDialog$OnTimeSetListener,int,int,boolean)>",
						"<android.app.AlertDialog: void <init>(android.content.Context,int)>",
						"<android.app.AlertDialog: void <init>(android.content.Context,int,boolean)>",
						"<android.app.Dialog: void <init>(android.content.Context,int,boolean)>",
						"<android.app.ContextImpl: java.lang.Object getSystemService(java.lang.String)>",
						"<android.app.ContextImpl$ServiceFetcher: java.lang.Object getService(android.app.ContextImpl)>",
						"<android.app.ContextImpl$1: java.lang.Object createService(android.app.ContextImpl)>",
						"<android.app.WallpaperManager: void <init>(android.content.Context,android.os.Handler)>",
						"key field: <android.app.WallpaperManager: android.content.Context mContext>",
						"<android.app.WallpaperManager: android.content.Intent getCropAndSetWallpaperIntent(android.net.Uri)>"
					],
					"depth":8,
					"method":"<android.app.TimePickerDialog: void <init>(android.content.Context,int,android.app.TimePickerDialog$OnTimeSetListener,int,int,boolean)>",
					"source":"FIELDCALLER"
				},
				{
					"trace":[
						"<android.app.ProgressDialog: void <init>(android.content.Context,int)>",
						"<android.app.AlertDialog: void <init>(android.content.Context,int)>",
						"<android.app.AlertDialog: void <init>(android.content.Context,int,boolean)>",
						"<android.app.Dialog: void <init>(android.content.Context,int,boolean)>",
						"<android.app.ContextImpl: java.lang.Object getSystemService(java.lang.String)>",
						"<android.app.ContextImpl$ServiceFetcher: java.lang.Object getService(android.app.ContextImpl)>",
						"<android.app.ContextImpl$1: java.lang.Object createService(android.app.ContextImpl)>",
						"<android.app.WallpaperManager: void <init>(android.content.Context,android.os.Handler)>",
						"key field: <android.app.WallpaperManager: android.content.Context mContext>",
						"<android.app.WallpaperManager: android.content.Intent getCropAndSetWallpaperIntent(android.net.Uri)>"
					],
					"depth":8,
					"method":"<android.app.ProgressDialog: void <init>(android.content.Context,int)>",
					"source":"FIELDCALLER"
				},
				{
					"trace":[
						"<android.app.ProgressDialog: void <init>(android.content.Context)>",
						"<android.app.AlertDialog: void <init>(android.content.Context)>",
						"<android.app.AlertDialog: void <init>(android.content.Context,int,boolean)>",
						"<android.app.Dialog: void <init>(android.content.Context,int,boolean)>",
						"<android.app.ContextImpl: java.lang.Object getSystemService(java.lang.String)>",
						"<android.app.ContextImpl$ServiceFetcher: java.lang.Object getService(android.app.ContextImpl)>",
						"<android.app.ContextImpl$1: java.lang.Object createService(android.app.ContextImpl)>",
						"<android.app.WallpaperManager: void <init>(android.content.Context,android.os.Handler)>",
						"key field: <android.app.WallpaperManager: android.content.Context mContext>",
						"<android.app.WallpaperManager: android.content.Intent getCropAndSetWallpaperIntent(android.net.Uri)>"
					],
					"depth":8,
					"method":"<android.app.ProgressDialog: void <init>(android.content.Context)>",
					"source":"FIELDCALLER"
				},
				{
					"trace":[
						"<android.app.DialogFragment: android.view.LayoutInflater getLayoutInflater(android.os.Bundle)>",
						"<android.app.DialogFragment: android.app.Dialog onCreateDialog(android.os.Bundle)>",
						"<android.app.Dialog: void <init>(android.content.Context,int)>",
						"<android.app.Dialog: void <init>(android.content.Context,int,boolean)>",
						"<android.app.ContextImpl: java.lang.Object getSystemService(java.lang.String)>",
						"<android.app.ContextImpl$ServiceFetcher: java.lang.Object getService(android.app.ContextImpl)>",
						"<android.app.ContextImpl$1: java.lang.Object createService(android.app.ContextImpl)>",
						"<android.app.WallpaperManager: void <init>(android.content.Context,android.os.Handler)>",
						"key field: <android.app.WallpaperManager: android.content.Context mContext>",
						"<android.app.WallpaperManager: android.content.Intent getCropAndSetWallpaperIntent(android.net.Uri)>"
					],
					"depth":8,
					"method":"<android.app.DialogFragment: android.view.LayoutInflater getLayoutInflater(android.os.Bundle)>",
					"source":"FIELDCALLER"
				},
				{
					"trace":[
						"<android.app.BackStackRecord: void run()>",
						"<android.app.FragmentManagerImpl: void removeFragment(android.app.Fragment,int,int)>",
						"<android.app.FragmentManagerImpl: void moveToState(android.app.Fragment,int,int,int,boolean)>",
						"<android.app.DialogFragment: android.view.LayoutInflater getLayoutInflater(android.os.Bundle)>",
						"<android.app.ContextImpl: java.lang.Object getSystemService(java.lang.String)>",
						"<android.app.ContextImpl$ServiceFetcher: java.lang.Object getService(android.app.ContextImpl)>",
						"<android.app.ContextImpl$1: java.lang.Object createService(android.app.ContextImpl)>",
						"<android.app.WallpaperManager: void <init>(android.content.Context,android.os.Handler)>",
						"key field: <android.app.WallpaperManager: android.content.Context mContext>",
						"<android.app.WallpaperManager: android.content.Intent getCropAndSetWallpaperIntent(android.net.Uri)>"
					],
					"depth":8,
					"method":"<android.app.BackStackRecord: void run()>",
					"source":"FIELDCALLER"
				},
				{
					"trace":[
						"<java.lang.Runnable: void run()>",
						"<android.app.FragmentManagerImpl: void removeFragment(android.app.Fragment,int,int)>",
						"<android.app.FragmentManagerImpl: void moveToState(android.app.Fragment,int,int,int,boolean)>",
						"<android.app.DialogFragment: android.view.LayoutInflater getLayoutInflater(android.os.Bundle)>",
						"<android.app.ContextImpl: java.lang.Object getSystemService(java.lang.String)>",
						"<android.app.ContextImpl$ServiceFetcher: java.lang.Object getService(android.app.ContextImpl)>",
						"<android.app.ContextImpl$1: java.lang.Object createService(android.app.ContextImpl)>",
						"<android.app.WallpaperManager: void <init>(android.content.Context,android.os.Handler)>",
						"key field: <android.app.WallpaperManager: android.content.Context mContext>",
						"<android.app.WallpaperManager: android.content.Intent getCropAndSetWallpaperIntent(android.net.Uri)>"
					],
					"depth":8,
					"method":"<java.lang.Runnable: void run()>",
					"source":"FIELDCALLER"
				},
				{
					"trace":[
						"<android.app.BackStackRecord: android.app.BackStackRecord$TransitionState popFromBackStack(boolean,android.app.BackStackRecord$TransitionState,android.util.SparseArray,android.util.SparseArray)>",
						"<android.app.FragmentManagerImpl: void removeFragment(android.app.Fragment,int,int)>",
						"<android.app.FragmentManagerImpl: void moveToState(android.app.Fragment,int,int,int,boolean)>",
						"<android.app.DialogFragment: android.view.LayoutInflater getLayoutInflater(android.os.Bundle)>",
						"<android.app.ContextImpl: java.lang.Object getSystemService(java.lang.String)>",
						"<android.app.ContextImpl$ServiceFetcher: java.lang.Object getService(android.app.ContextImpl)>",
						"<android.app.ContextImpl$1: java.lang.Object createService(android.app.ContextImpl)>",
						"<android.app.WallpaperManager: void <init>(android.content.Context,android.os.Handler)>",
						"key field: <android.app.WallpaperManager: android.content.Context mContext>",
						"<android.app.WallpaperManager: android.content.Intent getCropAndSetWallpaperIntent(android.net.Uri)>"
					],
					"depth":8,
					"method":"<android.app.BackStackRecord: android.app.BackStackRecord$TransitionState popFromBackStack(boolean,android.app.BackStackRecord$TransitionState,android.util.SparseArray,android.util.SparseArray)>",
					"source":"FIELDCALLER"
				},
				{
					"trace":[
						"<android.app.Activity: android.view.View onCreateView(android.view.View,java.lang.String,android.content.Context,android.util.AttributeSet)>",
						"<android.app.FragmentManagerImpl: android.view.View onCreateView(android.view.View,java.lang.String,android.content.Context,android.util.AttributeSet)>",
						"<android.app.FragmentManagerImpl: void moveToState(android.app.Fragment,int,int,int,boolean)>",
						"<android.app.DialogFragment: android.view.LayoutInflater getLayoutInflater(android.os.Bundle)>",
						"<android.app.ContextImpl: java.lang.Object getSystemService(java.lang.String)>",
						"<android.app.ContextImpl$ServiceFetcher: java.lang.Object getService(android.app.ContextImpl)>",
						"<android.app.ContextImpl$1: java.lang.Object createService(android.app.ContextImpl)>",
						"<android.app.WallpaperManager: void <init>(android.content.Context,android.os.Handler)>",
						"key field: <android.app.WallpaperManager: android.content.Context mContext>",
						"<android.app.WallpaperManager: android.content.Intent getCropAndSetWallpaperIntent(android.net.Uri)>"
					],
					"depth":8,
					"method":"<android.app.Activity: android.view.View onCreateView(android.view.View,java.lang.String,android.content.Context,android.util.AttributeSet)>",
					"source":"FIELDCALLER"
				},
				{
					"trace":[
						"<android.app.Fragment: void setUserVisibleHint(boolean)>",
						"<android.app.FragmentManagerImpl: void performPendingDeferredStart(android.app.Fragment)>",
						"<android.app.FragmentManagerImpl: void moveToState(android.app.Fragment,int,int,int,boolean)>",
						"<android.app.DialogFragment: android.view.LayoutInflater getLayoutInflater(android.os.Bundle)>",
						"<android.app.ContextImpl: java.lang.Object getSystemService(java.lang.String)>",
						"<android.app.ContextImpl$ServiceFetcher: java.lang.Object getService(android.app.ContextImpl)>",
						"<android.app.ContextImpl$1: java.lang.Object createService(android.app.ContextImpl)>",
						"<android.app.WallpaperManager: void <init>(android.content.Context,android.os.Handler)>",
						"key field: <android.app.WallpaperManager: android.content.Context mContext>",
						"<android.app.WallpaperManager: android.content.Intent getCropAndSetWallpaperIntent(android.net.Uri)>"
					],
					"depth":8,
					"method":"<android.app.Fragment: void setUserVisibleHint(boolean)>",
					"source":"FIELDCALLER"
				},
				{
					"trace":[
						"<android.animation.AnimatorSet$AnimatorSetListener: void onAnimationEnd(android.animation.Animator)>",
						"<android.app.FragmentManagerImpl$5: void onAnimationEnd(android.animation.Animator)>",
						"<android.app.FragmentManagerImpl: void moveToState(android.app.Fragment,int,int,int,boolean)>",
						"<android.app.DialogFragment: android.view.LayoutInflater getLayoutInflater(android.os.Bundle)>",
						"<android.app.ContextImpl: java.lang.Object getSystemService(java.lang.String)>",
						"<android.app.ContextImpl$ServiceFetcher: java.lang.Object getService(android.app.ContextImpl)>",
						"<android.app.ContextImpl$1: java.lang.Object createService(android.app.ContextImpl)>",
						"<android.app.WallpaperManager: void <init>(android.content.Context,android.os.Handler)>",
						"key field: <android.app.WallpaperManager: android.content.Context mContext>",
						"<android.app.WallpaperManager: android.content.Intent getCropAndSetWallpaperIntent(android.net.Uri)>"
					],
					"depth":8,
					"method":"<android.animation.AnimatorSet$AnimatorSetListener: void onAnimationEnd(android.animation.Animator)>",
					"source":"FIELDCALLER"
				},
				{
					"trace":[
						"<android.animation.Animator$AnimatorListener: void onAnimationEnd(android.animation.Animator)>",
						"<android.app.FragmentManagerImpl$5: void onAnimationEnd(android.animation.Animator)>",
						"<android.app.FragmentManagerImpl: void moveToState(android.app.Fragment,int,int,int,boolean)>",
						"<android.app.DialogFragment: android.view.LayoutInflater getLayoutInflater(android.os.Bundle)>",
						"<android.app.ContextImpl: java.lang.Object getSystemService(java.lang.String)>",
						"<android.app.ContextImpl$ServiceFetcher: java.lang.Object getService(android.app.ContextImpl)>",
						"<android.app.ContextImpl$1: java.lang.Object createService(android.app.ContextImpl)>",
						"<android.app.WallpaperManager: void <init>(android.content.Context,android.os.Handler)>",
						"key field: <android.app.WallpaperManager: android.content.Context mContext>",
						"<android.app.WallpaperManager: android.content.Intent getCropAndSetWallpaperIntent(android.net.Uri)>"
					],
					"depth":8,
					"method":"<android.animation.Animator$AnimatorListener: void onAnimationEnd(android.animation.Animator)>",
					"source":"FIELDCALLER"
				},
				{
					"trace":[
						"<android.view.ViewPropertyAnimator$AnimatorEventListener: void onAnimationEnd(android.animation.Animator)>",
						"<android.app.FragmentManagerImpl$5: void onAnimationEnd(android.animation.Animator)>",
						"<android.app.FragmentManagerImpl: void moveToState(android.app.Fragment,int,int,int,boolean)>",
						"<android.app.DialogFragment: android.view.LayoutInflater getLayoutInflater(android.os.Bundle)>",
						"<android.app.ContextImpl: java.lang.Object getSystemService(java.lang.String)>",
						"<android.app.ContextImpl$ServiceFetcher: java.lang.Object getService(android.app.ContextImpl)>",
						"<android.app.ContextImpl$1: java.lang.Object createService(android.app.ContextImpl)>",
						"<android.app.WallpaperManager: void <init>(android.content.Context,android.os.Handler)>",
						"key field: <android.app.WallpaperManager: android.content.Context mContext>",
						"<android.app.WallpaperManager: android.content.Intent getCropAndSetWallpaperIntent(android.net.Uri)>"
					],
					"depth":8,
					"method":"<android.view.ViewPropertyAnimator$AnimatorEventListener: void onAnimationEnd(android.animation.Animator)>",
					"source":"FIELDCALLER"
				},
				{
					"trace":[
						"<android.app.FragmentManagerImpl: void addFragment(android.app.Fragment,boolean)>",
						"<android.app.FragmentManagerImpl: void moveToState(android.app.Fragment)>",
						"<android.app.FragmentManagerImpl: void moveToState(android.app.Fragment,int,int,int,boolean)>",
						"<android.app.DialogFragment: android.view.LayoutInflater getLayoutInflater(android.os.Bundle)>",
						"<android.app.ContextImpl: java.lang.Object getSystemService(java.lang.String)>",
						"<android.app.ContextImpl$ServiceFetcher: java.lang.Object getService(android.app.ContextImpl)>",
						"<android.app.ContextImpl$1: java.lang.Object createService(android.app.ContextImpl)>",
						"<android.app.WallpaperManager: void <init>(android.content.Context,android.os.Handler)>",
						"key field: <android.app.WallpaperManager: android.content.Context mContext>",
						"<android.app.WallpaperManager: android.content.Intent getCropAndSetWallpaperIntent(android.net.Uri)>"
					],
					"depth":8,
					"method":"<android.app.FragmentManagerImpl: void addFragment(android.app.Fragment,boolean)>",
					"source":"FIELDCALLER"
				},
				{
					"trace":[
						"<android.app.IBackupAgent$Stub: boolean onTransact(int,android.os.Parcel,android.os.Parcel,int)>",
						"<android.app.backup.BackupAgent$BackupServiceBinder: void doBackup(android.os.ParcelFileDescriptor,android.os.ParcelFileDescriptor,android.os.ParcelFileDescriptor,int,android.app.backup.IBackupManager)>",
						"<com.android.server.backup.SystemBackupAgent: void onBackup(android.os.ParcelFileDescriptor,android.app.backup.BackupDataOutput,android.os.ParcelFileDescriptor)>",
						"<android.app.backup.WallpaperBackupHelper: void <init>(android.content.Context,java.lang.String[],java.lang.String[])>",
						"<android.app.ContextImpl: java.lang.Object getSystemService(java.lang.String)>",
						"<android.app.ContextImpl$ServiceFetcher: java.lang.Object getService(android.app.ContextImpl)>",
						"<android.app.ContextImpl$1: java.lang.Object createService(android.app.ContextImpl)>",
						"<android.app.WallpaperManager: void <init>(android.content.Context,android.os.Handler)>",
						"key field: <android.app.WallpaperManager: android.content.Context mContext>",
						"<android.app.WallpaperManager: android.content.Intent getCropAndSetWallpaperIntent(android.net.Uri)>"
					],
					"depth":8,
					"method":"<android.app.IBackupAgent$Stub: boolean onTransact(int,android.os.Parcel,android.os.Parcel,int)>",
					"source":"FIELDCALLER"
				},
				{
					"trace":[
						"<android.app.ActivityView: void <init>(android.content.Context,android.util.AttributeSet)>",
						"<android.app.ActivityView: void <init>(android.content.Context,android.util.AttributeSet,int)>",
						"<android.app.Activity: java.lang.Object getSystemService(java.lang.String)>",
						"<android.view.ContextThemeWrapper: java.lang.Object getSystemService(java.lang.String)>",
						"<android.app.ContextImpl: java.lang.Object getSystemService(java.lang.String)>",
						"<android.app.ContextImpl$ServiceFetcher: java.lang.Object getService(android.app.ContextImpl)>",
						"<android.app.ContextImpl$1: java.lang.Object createService(android.app.ContextImpl)>",
						"<android.app.WallpaperManager: void <init>(android.content.Context,android.os.Handler)>",
						"key field: <android.app.WallpaperManager: android.content.Context mContext>",
						"<android.app.WallpaperManager: android.content.Intent getCropAndSetWallpaperIntent(android.net.Uri)>"
					],
					"depth":8,
					"method":"<android.app.ActivityView: void <init>(android.content.Context,android.util.AttributeSet)>",
					"source":"FIELDCALLER"
				},
				{
					"trace":[
						"<android.app.Activity: void onCreate(android.os.Bundle,android.os.PersistableBundle)>",
						"<android.app.NativeActivity: void onCreate(android.os.Bundle)>",
						"<android.app.Activity: java.lang.Object getSystemService(java.lang.String)>",
						"<android.view.ContextThemeWrapper: java.lang.Object getSystemService(java.lang.String)>",
						"<android.app.ContextImpl: java.lang.Object getSystemService(java.lang.String)>",
						"<android.app.ContextImpl$ServiceFetcher: java.lang.Object getService(android.app.ContextImpl)>",
						"<android.app.ContextImpl$1: java.lang.Object createService(android.app.ContextImpl)>",
						"<android.app.WallpaperManager: void <init>(android.content.Context,android.os.Handler)>",
						"key field: <android.app.WallpaperManager: android.content.Context mContext>",
						"<android.app.WallpaperManager: android.content.Intent getCropAndSetWallpaperIntent(android.net.Uri)>"
					],
					"depth":8,
					"method":"<android.app.Activity: void onCreate(android.os.Bundle,android.os.PersistableBundle)>",
					"source":"FIELDCALLER"
				}
			],
			"callerOfSingnlar2SourceVar":{
				"<android.app.WallpaperManager: android.content.Intent getCropAndSetWallpaperIntent(android.net.Uri)>":"0"
			}
		},
		{
			"method":"<android.app.WallpaperManager: android.content.Intent getCropAndSetWallpaperIntent(android.net.Uri)>",
			"message":"\\QImage URI must not be null\\E",
			"relatedVarType":"Parameter",
			"relatedCondType":"Basic",
			"modifier":"public",
			"type":"java.lang.IllegalArgumentException",
			"osVersionRelated":false,
			"resourceRelated":false,
			"assessRelated":false,
			"hardwareRelated":false,
			"manifestRelated":false,
			"conditions":"r0 != null",
			"paramValues":"@parameter0: android.net.Uri",
			"relatedValues":"@parameter0: android.net.Uri; ; ",
			"keyAPISameClassNum":0,
			"keyAPIDiffClassNum":0,
			"keyAPISameClass":[
				{
					"trace":[
						"<android.app.WallpaperManager: android.content.Intent getCropAndSetWallpaperIntent(android.net.Uri)>"
					],
					"depth":0,
					"method":"<android.app.WallpaperManager: android.content.Intent getCropAndSetWallpaperIntent(android.net.Uri)>",
					"source":"CALLER"
				}
			],
			"keyAPIDiffClass":[],
			"callerOfSingnlar2SourceVar":{
				"<android.app.WallpaperManager: android.content.Intent getCropAndSetWallpaperIntent(android.net.Uri)>":"0"
			}
		},
		{
			"method":"<android.app.WallpaperManager: android.content.Intent getCropAndSetWallpaperIntent(android.net.Uri)>",
			"message":"\\QImage URI must be of the content scheme type\\E",
			"relatedVarType":"Parameter",
			"relatedCondType":"Basic",
			"modifier":"public",
			"type":"java.lang.IllegalArgumentException",
			"osVersionRelated":false,
			"resourceRelated":false,
			"assessRelated":false,
			"hardwareRelated":false,
			"manifestRelated":false,
			"conditions":"$z0 != 0, r0 != null",
			"paramValues":"@parameter0: android.net.Uri",
			"relatedValues":"@parameter0: android.net.Uri; ; ",
			"keyAPISameClassNum":0,
			"keyAPIDiffClassNum":0,
			"keyAPISameClass":[
				{
					"trace":[
						"<android.app.WallpaperManager: android.content.Intent getCropAndSetWallpaperIntent(android.net.Uri)>"
					],
					"depth":0,
					"method":"<android.app.WallpaperManager: android.content.Intent getCropAndSetWallpaperIntent(android.net.Uri)>",
					"source":"CALLER"
				}
			],
			"keyAPIDiffClass":[],
			"callerOfSingnlar2SourceVar":{
				"<android.app.WallpaperManager: android.content.Intent getCropAndSetWallpaperIntent(android.net.Uri)>":"0"
			}
		}
	]
}