{
	"exceptions":[
		{
			"method":"<android.filterpacks.imageproc.ResizeFilter: void createProgram(android.filterfw.core.FilterContext,android.filterfw.core.FrameFormat)>",
			"message":"\\QNative ResizeFilter not implemented yet!\\E",
			"relatedVarType":"ParaAndField",
			"relatedCondType":"Basic",
			"modifier":"protected",
			"type":"java.lang.RuntimeException",
			"osVersionRelated":false,
			"resourceRelated":false,
			"assessRelated":false,
			"hardwareRelated":false,
			"manifestRelated":false,
			"conditions":"$i0, $r1 == null, $i1 != $i2",
			"paramValues":"@parameter1: android.filterfw.core.FrameFormat",
			"fieldValues":"<android.filterpacks.imageproc.ResizeFilter: android.filterfw.core.FrameFormat mLastFormat>",
			"relatedValues":"@parameter1: android.filterfw.core.FrameFormat; <android.filterpacks.imageproc.ResizeFilter: android.filterfw.core.FrameFormat mLastFormat>; ",
			"keyAPISameClassNum":2,
			"keyAPIDiffClassNum":0,
			"keyAPISameClass":[
				{
					"trace":[
						"<android.filterpacks.imageproc.ResizeFilter: void createProgram(android.filterfw.core.FilterContext,android.filterfw.core.FrameFormat)>"
					],
					"depth":1,
					"method":"<android.filterpacks.imageproc.ResizeFilter: void <init>(java.lang.String)>",
					"source":"FIELD"
				},
				{
					"trace":[
						"<android.filterpacks.imageproc.ResizeFilter: void process(android.filterfw.core.FilterContext)>",
						"<android.filterpacks.imageproc.ResizeFilter: void createProgram(android.filterfw.core.FilterContext,android.filterfw.core.FrameFormat)>",
						"key field: <android.filterpacks.imageproc.ResizeFilter: android.filterfw.core.FrameFormat mLastFormat>",
						"<android.filterpacks.imageproc.ResizeFilter: void createProgram(android.filterfw.core.FilterContext,android.filterfw.core.FrameFormat)>"
					],
					"depth":2,
					"method":"<android.filterpacks.imageproc.ResizeFilter: void process(android.filterfw.core.FilterContext)>",
					"source":"FIELDCALLER"
				}
			],
			"keyAPIDiffClass":[],
			"callerOfSingnlar2SourceVar":{
				"<android.filterpacks.imageproc.ResizeFilter: void createProgram(android.filterfw.core.FilterContext,android.filterfw.core.FrameFormat)>":"1"
			}
		},
		{
			"method":"<android.filterpacks.imageproc.ResizeFilter: void createProgram(android.filterfw.core.FilterContext,android.filterfw.core.FrameFormat)>",
			"message":"\\QResizeFilter could not create suitable program!\\E",
			"relatedVarType":"ParaAndField",
			"relatedCondType":"Basic",
			"modifier":"protected",
			"type":"java.lang.RuntimeException",
			"osVersionRelated":false,
			"resourceRelated":false,
			"assessRelated":false,
			"hardwareRelated":false,
			"manifestRelated":false,
			"conditions":"$i0, $r1 == null, $i1 != $i2",
			"paramValues":"@parameter1: android.filterfw.core.FrameFormat",
			"fieldValues":"<android.filterpacks.imageproc.ResizeFilter: android.filterfw.core.FrameFormat mLastFormat>",
			"relatedValues":"@parameter1: android.filterfw.core.FrameFormat; <android.filterpacks.imageproc.ResizeFilter: android.filterfw.core.FrameFormat mLastFormat>; ",
			"keyAPISameClassNum":2,
			"keyAPIDiffClassNum":0,
			"keyAPISameClass":[
				{
					"trace":[
						"<android.filterpacks.imageproc.ResizeFilter: void createProgram(android.filterfw.core.FilterContext,android.filterfw.core.FrameFormat)>"
					],
					"depth":1,
					"method":"<android.filterpacks.imageproc.ResizeFilter: void <init>(java.lang.String)>",
					"source":"FIELD"
				},
				{
					"trace":[
						"<android.filterpacks.imageproc.ResizeFilter: void process(android.filterfw.core.FilterContext)>",
						"<android.filterpacks.imageproc.ResizeFilter: void createProgram(android.filterfw.core.FilterContext,android.filterfw.core.FrameFormat)>",
						"key field: <android.filterpacks.imageproc.ResizeFilter: android.filterfw.core.FrameFormat mLastFormat>",
						"<android.filterpacks.imageproc.ResizeFilter: void createProgram(android.filterfw.core.FilterContext,android.filterfw.core.FrameFormat)>"
					],
					"depth":2,
					"method":"<android.filterpacks.imageproc.ResizeFilter: void process(android.filterfw.core.FilterContext)>",
					"source":"FIELDCALLER"
				}
			],
			"keyAPIDiffClass":[],
			"callerOfSingnlar2SourceVar":{
				"<android.filterpacks.imageproc.ResizeFilter: void createProgram(android.filterfw.core.FilterContext,android.filterfw.core.FrameFormat)>":"1"
			}
		}
	]
}