{
	"exceptions":[
		{
			"method":"<android.hardware.camera2.legacy.RequestThreadManager$5: boolean handleMessage(android.os.Message)>",
			"message":"\\QUnhandled message \\E[\\s\\S]*\\Q on RequestThread.\\E",
			"relatedVarType":"Parameter",
			"relatedCondType":"Basic",
			"modifier":"public",
			"type":"java.lang.AssertionError",
			"osVersionRelated":false,
			"resourceRelated":false,
			"assessRelated":false,
			"hardwareRelated":true,
			"manifestRelated":false,
			"conditions":"$i0, $z2 == 0, $z1 == 0",
			"paramValues":"@parameter0: android.os.Message",
			"relatedValues":"@parameter0: android.os.Message; ; ",
			"keyAPISameClassNum":0,
			"keyAPIDiffClassNum":0,
			"keyAPISameClass":[
				{
					"trace":[
						"<android.hardware.camera2.legacy.RequestThreadManager$5: boolean handleMessage(android.os.Message)>"
					],
					"depth":0,
					"method":"<android.hardware.camera2.legacy.RequestThreadManager$5: boolean handleMessage(android.os.Message)>",
					"source":"CALLER"
				}
			],
			"keyAPIDiffClass":[],
			"callerOfSingnlar2SourceVar":{
				"<android.hardware.camera2.legacy.RequestThreadManager$5: boolean handleMessage(android.os.Message)>":"0"
			}
		}
	]
}