{
	"exceptions":[
		{
			"method":"<android.filterfw.core.ProgramPort: void transfer(android.filterfw.core.FilterContext)>",
			"message":"\\QAccess to program field '\\E[\\s\\S]*\\Q' was denied!\\E",
			"relatedVarType":"Field",
			"relatedCondType":"Basic",
			"modifier":"public",
			"type":"java.lang.RuntimeException",
			"osVersionRelated":false,
			"resourceRelated":false,
			"assessRelated":false,
			"hardwareRelated":false,
			"manifestRelated":false,
			"conditions":"$z0 == 0, r25 == null",
			"fieldValues":"<android.filterfw.core.FieldPort: boolean mValueWaiting>, <android.filterfw.core.FilterPort: android.filterfw.core.Filter mFilter>",
			"caughtValues":"@caughtexception",
			"relatedValues":"; <android.filterfw.core.FieldPort: boolean mValueWaiting>, <android.filterfw.core.FilterPort: android.filterfw.core.Filter mFilter>; @caughtexception",
			"keyAPISameClassNum":1,
			"keyAPIDiffClassNum":0,
			"keyAPISameClass":[
				{
					"trace":[
						"<android.filterfw.core.ProgramPort: void transfer(android.filterfw.core.FilterContext)>"
					],
					"depth":1,
					"method":"<android.filterfw.core.ProgramPort: void transfer(android.filterfw.core.FilterContext)>",
					"source":"FIELD"
				}
			],
			"keyAPIDiffClass":[],
			"callerOfSingnlar2SourceVar":{}
		},
		{
			"method":"<android.filterfw.core.ProgramPort: void transfer(android.filterfw.core.FilterContext)>",
			"message":"\\QNon Program field '\\E[\\s\\S]*\\Q' annotated with ProgramParameter!\\E",
			"relatedVarType":"Field",
			"relatedCondType":"Basic",
			"modifier":"public",
			"type":"java.lang.RuntimeException",
			"osVersionRelated":false,
			"resourceRelated":false,
			"assessRelated":false,
			"hardwareRelated":false,
			"manifestRelated":false,
			"conditions":"$z0 == 0, r25 == null",
			"fieldValues":"<android.filterfw.core.FieldPort: boolean mValueWaiting>, <android.filterfw.core.FilterPort: android.filterfw.core.Filter mFilter>",
			"caughtValues":"@caughtexception",
			"relatedValues":"; <android.filterfw.core.FieldPort: boolean mValueWaiting>, <android.filterfw.core.FilterPort: android.filterfw.core.Filter mFilter>; @caughtexception",
			"keyAPISameClassNum":1,
			"keyAPIDiffClassNum":0,
			"keyAPISameClass":[
				{
					"trace":[
						"<android.filterfw.core.ProgramPort: void transfer(android.filterfw.core.FilterContext)>"
					],
					"depth":1,
					"method":"<android.filterfw.core.ProgramPort: void transfer(android.filterfw.core.FilterContext)>",
					"source":"FIELD"
				}
			],
			"keyAPIDiffClass":[],
			"callerOfSingnlar2SourceVar":{}
		}
	]
}