{
	"exceptions":[
		{
			"method":"<android.hardware.camera2.impl.CameraCaptureSessionImpl: void <init>(int,java.util.List,android.hardware.camera2.CameraCaptureSession$StateCallback,android.os.Handler,android.hardware.camera2.impl.CameraDeviceImpl,android.os.Handler,boolean)>",
			"message":"\\Qoutputs must be a non-null, non-empty list\\E",
			"relatedVarType":"Parameter",
			"relatedCondType":"Basic",
			"modifier":"default",
			"type":"java.lang.IllegalArgumentException",
			"osVersionRelated":false,
			"resourceRelated":false,
			"assessRelated":false,
			"hardwareRelated":true,
			"manifestRelated":false,
			"conditions":"r1 == null, $z0 == 0",
			"paramValues":"@parameter1: java.util.List",
			"relatedValues":"@parameter1: java.util.List; ; ",
			"keyAPISameClassNum":0,
			"keyAPIDiffClassNum":0,
			"keyAPISameClass":[
				{
					"trace":[
						"<android.hardware.camera2.impl.CameraCaptureSessionImpl: void <init>(int,java.util.List,android.hardware.camera2.CameraCaptureSession$StateCallback,android.os.Handler,android.hardware.camera2.impl.CameraDeviceImpl,android.os.Handler,boolean)>"
					],
					"depth":0,
					"method":"<android.hardware.camera2.impl.CameraCaptureSessionImpl: void <init>(int,java.util.List,android.hardware.camera2.CameraCaptureSession$StateCallback,android.os.Handler,android.hardware.camera2.impl.CameraDeviceImpl,android.os.Handler,boolean)>",
					"source":"CALLER"
				}
			],
			"keyAPIDiffClass":[
				{
					"trace":[
						"<android.hardware.camera2.impl.CameraDeviceImpl: void createCaptureSession(java.util.List,android.hardware.camera2.CameraCaptureSession$StateCallback,android.os.Handler)>",
						"<android.hardware.camera2.impl.CameraCaptureSessionImpl: void <init>(int,java.util.List,android.hardware.camera2.CameraCaptureSession$StateCallback,android.os.Handler,android.hardware.camera2.impl.CameraDeviceImpl,android.os.Handler,boolean)>"
					],
					"depth":1,
					"method":"<android.hardware.camera2.impl.CameraDeviceImpl: void createCaptureSession(java.util.List,android.hardware.camera2.CameraCaptureSession$StateCallback,android.os.Handler)>",
					"source":"CALLER"
				},
				{
					"trace":[
						"<android.hardware.camera2.CameraDevice: void createCaptureSession(java.util.List,android.hardware.camera2.CameraCaptureSession$StateCallback,android.os.Handler)>",
						"<android.hardware.camera2.impl.CameraCaptureSessionImpl: void <init>(int,java.util.List,android.hardware.camera2.CameraCaptureSession$StateCallback,android.os.Handler,android.hardware.camera2.impl.CameraDeviceImpl,android.os.Handler,boolean)>"
					],
					"depth":1,
					"method":"<android.hardware.camera2.CameraDevice: void createCaptureSession(java.util.List,android.hardware.camera2.CameraCaptureSession$StateCallback,android.os.Handler)>",
					"source":"CALLER"
				}
			],
			"callerOfSingnlar2SourceVar":{
				"<android.hardware.camera2.impl.CameraCaptureSessionImpl: void <init>(int,java.util.List,android.hardware.camera2.CameraCaptureSession$StateCallback,android.os.Handler,android.hardware.camera2.impl.CameraDeviceImpl,android.os.Handler,boolean)>":"1",
				"<android.hardware.camera2.impl.CameraDeviceImpl: void createCaptureSession(java.util.List,android.hardware.camera2.CameraCaptureSession$StateCallback,android.os.Handler)>":"0"
			}
		},
		{
			"method":"<android.hardware.camera2.impl.CameraCaptureSessionImpl: void <init>(int,java.util.List,android.hardware.camera2.CameraCaptureSession$StateCallback,android.os.Handler,android.hardware.camera2.impl.CameraDeviceImpl,android.os.Handler,boolean)>",
			"message":"\\Qcallback must not be null\\E",
			"relatedVarType":"Parameter",
			"relatedCondType":"Basic",
			"modifier":"default",
			"type":"java.lang.IllegalArgumentException",
			"osVersionRelated":false,
			"resourceRelated":false,
			"assessRelated":false,
			"hardwareRelated":true,
			"manifestRelated":false,
			"conditions":"r3 != null, $z0 == 0, r1 == null",
			"paramValues":"@parameter2: android.hardware.camera2.CameraCaptureSession$StateCallback, @parameter1: java.util.List",
			"relatedValues":"@parameter2: android.hardware.camera2.CameraCaptureSession$StateCallback, @parameter1: java.util.List; ; ",
			"keyAPISameClassNum":0,
			"keyAPIDiffClassNum":0,
			"keyAPISameClass":[
				{
					"trace":[
						"<android.hardware.camera2.impl.CameraCaptureSessionImpl: void <init>(int,java.util.List,android.hardware.camera2.CameraCaptureSession$StateCallback,android.os.Handler,android.hardware.camera2.impl.CameraDeviceImpl,android.os.Handler,boolean)>"
					],
					"depth":0,
					"method":"<android.hardware.camera2.impl.CameraCaptureSessionImpl: void <init>(int,java.util.List,android.hardware.camera2.CameraCaptureSession$StateCallback,android.os.Handler,android.hardware.camera2.impl.CameraDeviceImpl,android.os.Handler,boolean)>",
					"source":"CALLER"
				}
			],
			"keyAPIDiffClass":[
				{
					"trace":[
						"<android.hardware.camera2.impl.CameraDeviceImpl: void createCaptureSession(java.util.List,android.hardware.camera2.CameraCaptureSession$StateCallback,android.os.Handler)>",
						"<android.hardware.camera2.impl.CameraCaptureSessionImpl: void <init>(int,java.util.List,android.hardware.camera2.CameraCaptureSession$StateCallback,android.os.Handler,android.hardware.camera2.impl.CameraDeviceImpl,android.os.Handler,boolean)>"
					],
					"depth":1,
					"method":"<android.hardware.camera2.impl.CameraDeviceImpl: void createCaptureSession(java.util.List,android.hardware.camera2.CameraCaptureSession$StateCallback,android.os.Handler)>",
					"source":"CALLER"
				},
				{
					"trace":[
						"<android.hardware.camera2.CameraDevice: void createCaptureSession(java.util.List,android.hardware.camera2.CameraCaptureSession$StateCallback,android.os.Handler)>",
						"<android.hardware.camera2.impl.CameraCaptureSessionImpl: void <init>(int,java.util.List,android.hardware.camera2.CameraCaptureSession$StateCallback,android.os.Handler,android.hardware.camera2.impl.CameraDeviceImpl,android.os.Handler,boolean)>"
					],
					"depth":1,
					"method":"<android.hardware.camera2.CameraDevice: void createCaptureSession(java.util.List,android.hardware.camera2.CameraCaptureSession$StateCallback,android.os.Handler)>",
					"source":"CALLER"
				}
			],
			"callerOfSingnlar2SourceVar":{
				"<android.hardware.camera2.impl.CameraCaptureSessionImpl: void <init>(int,java.util.List,android.hardware.camera2.CameraCaptureSession$StateCallback,android.os.Handler,android.hardware.camera2.impl.CameraDeviceImpl,android.os.Handler,boolean)>":"2, 1",
				"<android.hardware.camera2.impl.CameraDeviceImpl: void createCaptureSession(java.util.List,android.hardware.camera2.CameraCaptureSession$StateCallback,android.os.Handler)>":"1, 0"
			}
		},
		{
			"method":"<android.hardware.camera2.impl.CameraCaptureSessionImpl: int capture(android.hardware.camera2.CaptureRequest,android.hardware.camera2.CameraCaptureSession$CaptureCallback,android.os.Handler)>",
			"message":"\\Qrequest must not be null\\E",
			"relatedVarType":"Parameter",
			"relatedCondType":"Basic",
			"modifier":"public",
			"type":"java.lang.IllegalArgumentException",
			"osVersionRelated":false,
			"resourceRelated":false,
			"assessRelated":false,
			"hardwareRelated":true,
			"manifestRelated":false,
			"conditions":"r0 != null",
			"paramValues":"@parameter0: android.hardware.camera2.CaptureRequest",
			"relatedValues":"@parameter0: android.hardware.camera2.CaptureRequest; ; ",
			"keyAPISameClassNum":0,
			"keyAPIDiffClassNum":0,
			"keyAPISameClass":[
				{
					"trace":[
						"<android.hardware.camera2.impl.CameraCaptureSessionImpl: int capture(android.hardware.camera2.CaptureRequest,android.hardware.camera2.CameraCaptureSession$CaptureCallback,android.os.Handler)>"
					],
					"depth":0,
					"method":"<android.hardware.camera2.impl.CameraCaptureSessionImpl: int capture(android.hardware.camera2.CaptureRequest,android.hardware.camera2.CameraCaptureSession$CaptureCallback,android.os.Handler)>",
					"source":"CALLER"
				}
			],
			"keyAPIDiffClass":[],
			"callerOfSingnlar2SourceVar":{
				"<android.hardware.camera2.impl.CameraCaptureSessionImpl: int capture(android.hardware.camera2.CaptureRequest,android.hardware.camera2.CameraCaptureSession$CaptureCallback,android.os.Handler)>":"0"
			}
		},
		{
			"method":"<android.hardware.camera2.impl.CameraCaptureSessionImpl: int captureBurst(java.util.List,android.hardware.camera2.CameraCaptureSession$CaptureCallback,android.os.Handler)>",
			"message":"\\Qrequests must not be null\\E",
			"relatedVarType":"Parameter",
			"relatedCondType":"Basic",
			"modifier":"public",
			"type":"java.lang.IllegalArgumentException",
			"osVersionRelated":false,
			"resourceRelated":false,
			"assessRelated":false,
			"hardwareRelated":true,
			"manifestRelated":false,
			"conditions":"r0 != null",
			"paramValues":"@parameter0: java.util.List",
			"relatedValues":"@parameter0: java.util.List; ; ",
			"keyAPISameClassNum":0,
			"keyAPIDiffClassNum":0,
			"keyAPISameClass":[
				{
					"trace":[
						"<android.hardware.camera2.impl.CameraCaptureSessionImpl: int captureBurst(java.util.List,android.hardware.camera2.CameraCaptureSession$CaptureCallback,android.os.Handler)>"
					],
					"depth":0,
					"method":"<android.hardware.camera2.impl.CameraCaptureSessionImpl: int captureBurst(java.util.List,android.hardware.camera2.CameraCaptureSession$CaptureCallback,android.os.Handler)>",
					"source":"CALLER"
				}
			],
			"keyAPIDiffClass":[],
			"callerOfSingnlar2SourceVar":{
				"<android.hardware.camera2.impl.CameraCaptureSessionImpl: int captureBurst(java.util.List,android.hardware.camera2.CameraCaptureSession$CaptureCallback,android.os.Handler)>":"0"
			}
		},
		{
			"method":"<android.hardware.camera2.impl.CameraCaptureSessionImpl: int captureBurst(java.util.List,android.hardware.camera2.CameraCaptureSession$CaptureCallback,android.os.Handler)>",
			"message":"\\Qrequests must have at least one element\\E",
			"relatedVarType":"Parameter",
			"relatedCondType":"Basic",
			"modifier":"public",
			"type":"java.lang.IllegalArgumentException",
			"osVersionRelated":false,
			"resourceRelated":false,
			"assessRelated":false,
			"hardwareRelated":true,
			"manifestRelated":false,
			"conditions":"$z0 == 0, r0 != null",
			"paramValues":"@parameter0: java.util.List",
			"relatedValues":"@parameter0: java.util.List; ; ",
			"keyAPISameClassNum":0,
			"keyAPIDiffClassNum":0,
			"keyAPISameClass":[
				{
					"trace":[
						"<android.hardware.camera2.impl.CameraCaptureSessionImpl: int captureBurst(java.util.List,android.hardware.camera2.CameraCaptureSession$CaptureCallback,android.os.Handler)>"
					],
					"depth":0,
					"method":"<android.hardware.camera2.impl.CameraCaptureSessionImpl: int captureBurst(java.util.List,android.hardware.camera2.CameraCaptureSession$CaptureCallback,android.os.Handler)>",
					"source":"CALLER"
				}
			],
			"keyAPIDiffClass":[],
			"callerOfSingnlar2SourceVar":{
				"<android.hardware.camera2.impl.CameraCaptureSessionImpl: int captureBurst(java.util.List,android.hardware.camera2.CameraCaptureSession$CaptureCallback,android.os.Handler)>":"0"
			}
		},
		{
			"method":"<android.hardware.camera2.impl.CameraCaptureSessionImpl: int setRepeatingRequest(android.hardware.camera2.CaptureRequest,android.hardware.camera2.CameraCaptureSession$CaptureCallback,android.os.Handler)>",
			"message":"\\Qrequest must not be null\\E",
			"relatedVarType":"Parameter",
			"relatedCondType":"Basic",
			"modifier":"public",
			"type":"java.lang.IllegalArgumentException",
			"osVersionRelated":false,
			"resourceRelated":false,
			"assessRelated":false,
			"hardwareRelated":true,
			"manifestRelated":false,
			"conditions":"r0 != null",
			"paramValues":"@parameter0: android.hardware.camera2.CaptureRequest",
			"relatedValues":"@parameter0: android.hardware.camera2.CaptureRequest; ; ",
			"keyAPISameClassNum":0,
			"keyAPIDiffClassNum":0,
			"keyAPISameClass":[
				{
					"trace":[
						"<android.hardware.camera2.impl.CameraCaptureSessionImpl: int setRepeatingRequest(android.hardware.camera2.CaptureRequest,android.hardware.camera2.CameraCaptureSession$CaptureCallback,android.os.Handler)>"
					],
					"depth":0,
					"method":"<android.hardware.camera2.impl.CameraCaptureSessionImpl: int setRepeatingRequest(android.hardware.camera2.CaptureRequest,android.hardware.camera2.CameraCaptureSession$CaptureCallback,android.os.Handler)>",
					"source":"CALLER"
				}
			],
			"keyAPIDiffClass":[],
			"callerOfSingnlar2SourceVar":{
				"<android.hardware.camera2.impl.CameraCaptureSessionImpl: int setRepeatingRequest(android.hardware.camera2.CaptureRequest,android.hardware.camera2.CameraCaptureSession$CaptureCallback,android.os.Handler)>":"0"
			}
		},
		{
			"method":"<android.hardware.camera2.impl.CameraCaptureSessionImpl: int setRepeatingBurst(java.util.List,android.hardware.camera2.CameraCaptureSession$CaptureCallback,android.os.Handler)>",
			"message":"\\Qrequests must have at least one element\\E",
			"relatedVarType":"Parameter",
			"relatedCondType":"Basic",
			"modifier":"public",
			"type":"java.lang.IllegalArgumentException",
			"osVersionRelated":false,
			"resourceRelated":false,
			"assessRelated":false,
			"hardwareRelated":true,
			"manifestRelated":false,
			"conditions":"$z0 == 0, r0 != null",
			"paramValues":"@parameter0: java.util.List",
			"relatedValues":"@parameter0: java.util.List; ; ",
			"keyAPISameClassNum":0,
			"keyAPIDiffClassNum":0,
			"keyAPISameClass":[
				{
					"trace":[
						"<android.hardware.camera2.impl.CameraCaptureSessionImpl: int setRepeatingBurst(java.util.List,android.hardware.camera2.CameraCaptureSession$CaptureCallback,android.os.Handler)>"
					],
					"depth":0,
					"method":"<android.hardware.camera2.impl.CameraCaptureSessionImpl: int setRepeatingBurst(java.util.List,android.hardware.camera2.CameraCaptureSession$CaptureCallback,android.os.Handler)>",
					"source":"CALLER"
				}
			],
			"keyAPIDiffClass":[],
			"callerOfSingnlar2SourceVar":{
				"<android.hardware.camera2.impl.CameraCaptureSessionImpl: int setRepeatingBurst(java.util.List,android.hardware.camera2.CameraCaptureSession$CaptureCallback,android.os.Handler)>":"0"
			}
		},
		{
			"method":"<android.hardware.camera2.impl.CameraCaptureSessionImpl: int setRepeatingBurst(java.util.List,android.hardware.camera2.CameraCaptureSession$CaptureCallback,android.os.Handler)>",
			"message":"\\Qrequests must not be null\\E",
			"relatedVarType":"Parameter",
			"relatedCondType":"Basic",
			"modifier":"public",
			"type":"java.lang.IllegalArgumentException",
			"osVersionRelated":false,
			"resourceRelated":false,
			"assessRelated":false,
			"hardwareRelated":true,
			"manifestRelated":false,
			"conditions":"r0 != null",
			"paramValues":"@parameter0: java.util.List",
			"relatedValues":"@parameter0: java.util.List; ; ",
			"keyAPISameClassNum":0,
			"keyAPIDiffClassNum":0,
			"keyAPISameClass":[
				{
					"trace":[
						"<android.hardware.camera2.impl.CameraCaptureSessionImpl: int setRepeatingBurst(java.util.List,android.hardware.camera2.CameraCaptureSession$CaptureCallback,android.os.Handler)>"
					],
					"depth":0,
					"method":"<android.hardware.camera2.impl.CameraCaptureSessionImpl: int setRepeatingBurst(java.util.List,android.hardware.camera2.CameraCaptureSession$CaptureCallback,android.os.Handler)>",
					"source":"CALLER"
				}
			],
			"keyAPIDiffClass":[],
			"callerOfSingnlar2SourceVar":{
				"<android.hardware.camera2.impl.CameraCaptureSessionImpl: int setRepeatingBurst(java.util.List,android.hardware.camera2.CameraCaptureSession$CaptureCallback,android.os.Handler)>":"0"
			}
		},
		{
			"method":"<android.hardware.camera2.impl.CameraCaptureSessionImpl: void checkNotClosed()>",
			"message":"\\QSession has been closed; further changes are illegal.\\E",
			"relatedVarType":"Field",
			"relatedCondType":"Basic",
			"modifier":"private",
			"type":"java.lang.IllegalStateException",
			"osVersionRelated":false,
			"resourceRelated":false,
			"assessRelated":false,
			"hardwareRelated":true,
			"manifestRelated":false,
			"conditions":"$z0 == 0",
			"fieldValues":"<android.hardware.camera2.impl.CameraCaptureSessionImpl: boolean mClosed>",
			"relatedValues":"; <android.hardware.camera2.impl.CameraCaptureSessionImpl: boolean mClosed>; ",
			"keyAPISameClassNum":1,
			"keyAPIDiffClassNum":31,
			"keyAPISameClass":[
				{
					"trace":[
						"<android.hardware.camera2.impl.CameraCaptureSessionImpl: void checkNotClosed()>"
					],
					"depth":1,
					"method":"<android.hardware.camera2.impl.CameraCaptureSessionImpl: void close()>",
					"source":"FIELD"
				}
			],
			"keyAPIDiffClass":[
				{
					"trace":[
						"<android.hardware.camera2.impl.CameraDeviceImpl: void createCaptureSession(java.util.List,android.hardware.camera2.CameraCaptureSession$StateCallback,android.os.Handler)>",
						"<android.hardware.camera2.impl.CameraCaptureSessionImpl: void <init>(int,java.util.List,android.hardware.camera2.CameraCaptureSession$StateCallback,android.os.Handler,android.hardware.camera2.impl.CameraDeviceImpl,android.os.Handler,boolean)>",
						"key field: <android.hardware.camera2.impl.CameraCaptureSessionImpl: boolean mClosed>",
						"<android.hardware.camera2.impl.CameraCaptureSessionImpl: void checkNotClosed()>"
					],
					"depth":2,
					"method":"<android.hardware.camera2.impl.CameraDeviceImpl: void createCaptureSession(java.util.List,android.hardware.camera2.CameraCaptureSession$StateCallback,android.os.Handler)>",
					"source":"FIELDCALLER"
				},
				{
					"trace":[
						"<android.hardware.camera2.CameraDevice: void createCaptureSession(java.util.List,android.hardware.camera2.CameraCaptureSession$StateCallback,android.os.Handler)>",
						"<android.hardware.camera2.impl.CameraCaptureSessionImpl: void <init>(int,java.util.List,android.hardware.camera2.CameraCaptureSession$StateCallback,android.os.Handler,android.hardware.camera2.impl.CameraDeviceImpl,android.os.Handler,boolean)>",
						"key field: <android.hardware.camera2.impl.CameraCaptureSessionImpl: boolean mClosed>",
						"<android.hardware.camera2.impl.CameraCaptureSessionImpl: void checkNotClosed()>"
					],
					"depth":2,
					"method":"<android.hardware.camera2.CameraDevice: void createCaptureSession(java.util.List,android.hardware.camera2.CameraCaptureSession$StateCallback,android.os.Handler)>",
					"source":"FIELDCALLER"
				},
				{
					"trace":[
						"<android.hardware.camera2.CameraDevice$StateCallback: void onDisconnected(android.hardware.camera2.CameraDevice)>",
						"<android.hardware.camera2.impl.CameraCaptureSessionImpl: void close()>",
						"key field: <android.hardware.camera2.impl.CameraCaptureSessionImpl: boolean mClosed>",
						"<android.hardware.camera2.impl.CameraCaptureSessionImpl: void checkNotClosed()>"
					],
					"depth":2,
					"method":"<android.hardware.camera2.CameraDevice$StateCallback: void onDisconnected(android.hardware.camera2.CameraDevice)>",
					"source":"FIELDCALLER"
				},
				{
					"trace":[
						"<android.hardware.camera2.impl.CameraCaptureSessionImpl$2: void onDisconnected(android.hardware.camera2.CameraDevice)>",
						"<android.hardware.camera2.impl.CameraCaptureSessionImpl: void close()>",
						"key field: <android.hardware.camera2.impl.CameraCaptureSessionImpl: boolean mClosed>",
						"<android.hardware.camera2.impl.CameraCaptureSessionImpl: void checkNotClosed()>"
					],
					"depth":2,
					"method":"<android.hardware.camera2.impl.CameraCaptureSessionImpl$2: void onDisconnected(android.hardware.camera2.CameraDevice)>",
					"source":"FIELDCALLER"
				},
				{
					"trace":[
						"<android.hardware.camera2.impl.CameraDeviceImpl$7: void run()>",
						"<android.hardware.camera2.impl.CameraCaptureSessionImpl$2: void onDisconnected(android.hardware.camera2.CameraDevice)>",
						"<android.hardware.camera2.impl.CameraCaptureSessionImpl: void close()>",
						"key field: <android.hardware.camera2.impl.CameraCaptureSessionImpl: boolean mClosed>",
						"<android.hardware.camera2.impl.CameraCaptureSessionImpl: void checkNotClosed()>"
					],
					"depth":3,
					"method":"<android.hardware.camera2.impl.CameraDeviceImpl$7: void run()>",
					"source":"FIELDCALLER"
				},
				{
					"trace":[
						"<java.lang.Runnable: void run()>",
						"<android.hardware.camera2.impl.CameraCaptureSessionImpl$2: void onDisconnected(android.hardware.camera2.CameraDevice)>",
						"<android.hardware.camera2.impl.CameraCaptureSessionImpl: void close()>",
						"key field: <android.hardware.camera2.impl.CameraCaptureSessionImpl: boolean mClosed>",
						"<android.hardware.camera2.impl.CameraCaptureSessionImpl: void checkNotClosed()>"
					],
					"depth":3,
					"method":"<java.lang.Runnable: void run()>",
					"source":"FIELDCALLER"
				},
				{
					"trace":[
						"<android.hardware.camera2.impl.CameraDeviceImpl$8: void run()>",
						"<android.hardware.camera2.impl.CameraCaptureSessionImpl$2: void onDisconnected(android.hardware.camera2.CameraDevice)>",
						"<android.hardware.camera2.impl.CameraCaptureSessionImpl: void close()>",
						"key field: <android.hardware.camera2.impl.CameraCaptureSessionImpl: boolean mClosed>",
						"<android.hardware.camera2.impl.CameraCaptureSessionImpl: void checkNotClosed()>"
					],
					"depth":3,
					"method":"<android.hardware.camera2.impl.CameraDeviceImpl$8: void run()>",
					"source":"FIELDCALLER"
				},
				{
					"trace":[
						"<android.hardware.camera2.impl.CameraDeviceImpl: boolean configureOutputsChecked(java.util.List)>",
						"<android.hardware.camera2.impl.CameraDeviceImpl$7: void run()>",
						"<android.hardware.camera2.impl.CameraCaptureSessionImpl$2: void onDisconnected(android.hardware.camera2.CameraDevice)>",
						"<android.hardware.camera2.impl.CameraCaptureSessionImpl: void close()>",
						"key field: <android.hardware.camera2.impl.CameraCaptureSessionImpl: boolean mClosed>",
						"<android.hardware.camera2.impl.CameraCaptureSessionImpl: void checkNotClosed()>"
					],
					"depth":4,
					"method":"<android.hardware.camera2.impl.CameraDeviceImpl: boolean configureOutputsChecked(java.util.List)>",
					"source":"FIELDCALLER"
				},
				{
					"trace":[
						"<android.hardware.camera2.impl.CameraCaptureSessionImpl$IdleDrainListener: void onDrained()>",
						"<android.hardware.camera2.impl.CameraDeviceImpl: boolean configureOutputsChecked(java.util.List)>",
						"<android.hardware.camera2.impl.CameraDeviceImpl$7: void run()>",
						"<android.hardware.camera2.impl.CameraCaptureSessionImpl$2: void onDisconnected(android.hardware.camera2.CameraDevice)>",
						"<android.hardware.camera2.impl.CameraCaptureSessionImpl: void close()>",
						"key field: <android.hardware.camera2.impl.CameraCaptureSessionImpl: boolean mClosed>",
						"<android.hardware.camera2.impl.CameraCaptureSessionImpl: void checkNotClosed()>"
					],
					"depth":5,
					"method":"<android.hardware.camera2.impl.CameraCaptureSessionImpl$IdleDrainListener: void onDrained()>",
					"source":"FIELDCALLER"
				},
				{
					"trace":[
						"<android.hardware.camera2.utils.TaskDrainer$DrainListener: void onDrained()>",
						"<android.hardware.camera2.impl.CameraDeviceImpl: boolean configureOutputsChecked(java.util.List)>",
						"<android.hardware.camera2.impl.CameraDeviceImpl$7: void run()>",
						"<android.hardware.camera2.impl.CameraCaptureSessionImpl$2: void onDisconnected(android.hardware.camera2.CameraDevice)>",
						"<android.hardware.camera2.impl.CameraCaptureSessionImpl: void close()>",
						"key field: <android.hardware.camera2.impl.CameraCaptureSessionImpl: boolean mClosed>",
						"<android.hardware.camera2.impl.CameraCaptureSessionImpl: void checkNotClosed()>"
					],
					"depth":5,
					"method":"<android.hardware.camera2.utils.TaskDrainer$DrainListener: void onDrained()>",
					"source":"FIELDCALLER"
				},
				{
					"trace":[
						"<android.hardware.camera2.impl.CameraDeviceImpl: void configureOutputs(java.util.List)>",
						"<android.hardware.camera2.impl.CameraDeviceImpl: boolean configureOutputsChecked(java.util.List)>",
						"<android.hardware.camera2.impl.CameraDeviceImpl$7: void run()>",
						"<android.hardware.camera2.impl.CameraCaptureSessionImpl$2: void onDisconnected(android.hardware.camera2.CameraDevice)>",
						"<android.hardware.camera2.impl.CameraCaptureSessionImpl: void close()>",
						"key field: <android.hardware.camera2.impl.CameraCaptureSessionImpl: boolean mClosed>",
						"<android.hardware.camera2.impl.CameraCaptureSessionImpl: void checkNotClosed()>"
					],
					"depth":5,
					"method":"<android.hardware.camera2.impl.CameraDeviceImpl: void configureOutputs(java.util.List)>",
					"source":"FIELDCALLER"
				},
				{
					"trace":[
						"<android.hardware.camera2.utils.TaskDrainer$1: void run()>",
						"<android.hardware.camera2.impl.CameraCaptureSessionImpl$IdleDrainListener: void onDrained()>",
						"<android.hardware.camera2.impl.CameraDeviceImpl: boolean configureOutputsChecked(java.util.List)>",
						"<android.hardware.camera2.impl.CameraDeviceImpl$7: void run()>",
						"<android.hardware.camera2.impl.CameraCaptureSessionImpl$2: void onDisconnected(android.hardware.camera2.CameraDevice)>",
						"<android.hardware.camera2.impl.CameraCaptureSessionImpl: void close()>",
						"key field: <android.hardware.camera2.impl.CameraCaptureSessionImpl: boolean mClosed>",
						"<android.hardware.camera2.impl.CameraCaptureSessionImpl: void checkNotClosed()>"
					],
					"depth":6,
					"method":"<android.hardware.camera2.utils.TaskDrainer$1: void run()>",
					"source":"FIELDCALLER"
				},
				{
					"trace":[
						"<android.view.Choreographer$CallbackRecord: void run(long)>",
						"<android.hardware.camera2.utils.TaskDrainer$1: void run()>",
						"<android.hardware.camera2.impl.CameraCaptureSessionImpl$IdleDrainListener: void onDrained()>",
						"<android.hardware.camera2.impl.CameraDeviceImpl: boolean configureOutputsChecked(java.util.List)>",
						"<android.hardware.camera2.impl.CameraDeviceImpl$7: void run()>",
						"<android.hardware.camera2.impl.CameraCaptureSessionImpl$2: void onDisconnected(android.hardware.camera2.CameraDevice)>",
						"<android.hardware.camera2.impl.CameraCaptureSessionImpl: void close()>",
						"key field: <android.hardware.camera2.impl.CameraCaptureSessionImpl: boolean mClosed>",
						"<android.hardware.camera2.impl.CameraCaptureSessionImpl: void checkNotClosed()>"
					],
					"depth":7,
					"method":"<android.view.Choreographer$CallbackRecord: void run(long)>",
					"source":"FIELDCALLER"
				},
				{
					"trace":[
						"<android.widget.TextClock$3: void run()>",
						"<android.hardware.camera2.utils.TaskDrainer$1: void run()>",
						"<android.hardware.camera2.impl.CameraCaptureSessionImpl$IdleDrainListener: void onDrained()>",
						"<android.hardware.camera2.impl.CameraDeviceImpl: boolean configureOutputsChecked(java.util.List)>",
						"<android.hardware.camera2.impl.CameraDeviceImpl$7: void run()>",
						"<android.hardware.camera2.impl.CameraCaptureSessionImpl$2: void onDisconnected(android.hardware.camera2.CameraDevice)>",
						"<android.hardware.camera2.impl.CameraCaptureSessionImpl: void close()>",
						"key field: <android.hardware.camera2.impl.CameraCaptureSessionImpl: boolean mClosed>",
						"<android.hardware.camera2.impl.CameraCaptureSessionImpl: void checkNotClosed()>"
					],
					"depth":7,
					"method":"<android.widget.TextClock$3: void run()>",
					"source":"FIELDCALLER"
				},
				{
					"trace":[
						"<android.app.SharedPreferencesImpl$2: void run()>",
						"<android.widget.TextClock$3: void run()>",
						"<android.hardware.camera2.utils.TaskDrainer$1: void run()>",
						"<android.hardware.camera2.impl.CameraCaptureSessionImpl$IdleDrainListener: void onDrained()>",
						"<android.hardware.camera2.impl.CameraDeviceImpl: boolean configureOutputsChecked(java.util.List)>",
						"<android.hardware.camera2.impl.CameraDeviceImpl$7: void run()>",
						"<android.hardware.camera2.impl.CameraCaptureSessionImpl$2: void onDisconnected(android.hardware.camera2.CameraDevice)>",
						"<android.hardware.camera2.impl.CameraCaptureSessionImpl: void close()>",
						"key field: <android.hardware.camera2.impl.CameraCaptureSessionImpl: boolean mClosed>",
						"<android.hardware.camera2.impl.CameraCaptureSessionImpl: void checkNotClosed()>"
					],
					"depth":8,
					"method":"<android.app.SharedPreferencesImpl$2: void run()>",
					"source":"FIELDCALLER"
				},
				{
					"trace":[
						"<android.os.AsyncTask$SerialExecutor$1: void run()>",
						"<android.widget.TextClock$3: void run()>",
						"<android.hardware.camera2.utils.TaskDrainer$1: void run()>",
						"<android.hardware.camera2.impl.CameraCaptureSessionImpl$IdleDrainListener: void onDrained()>",
						"<android.hardware.camera2.impl.CameraDeviceImpl: boolean configureOutputsChecked(java.util.List)>",
						"<android.hardware.camera2.impl.CameraDeviceImpl$7: void run()>",
						"<android.hardware.camera2.impl.CameraCaptureSessionImpl$2: void onDisconnected(android.hardware.camera2.CameraDevice)>",
						"<android.hardware.camera2.impl.CameraCaptureSessionImpl: void close()>",
						"key field: <android.hardware.camera2.impl.CameraCaptureSessionImpl: boolean mClosed>",
						"<android.hardware.camera2.impl.CameraCaptureSessionImpl: void checkNotClosed()>"
					],
					"depth":8,
					"method":"<android.os.AsyncTask$SerialExecutor$1: void run()>",
					"source":"FIELDCALLER"
				},
				{
					"trace":[
						"<android.widget.DigitalClock$1: void run()>",
						"<android.widget.TextClock$3: void run()>",
						"<android.hardware.camera2.utils.TaskDrainer$1: void run()>",
						"<android.hardware.camera2.impl.CameraCaptureSessionImpl$IdleDrainListener: void onDrained()>",
						"<android.hardware.camera2.impl.CameraDeviceImpl: boolean configureOutputsChecked(java.util.List)>",
						"<android.hardware.camera2.impl.CameraDeviceImpl$7: void run()>",
						"<android.hardware.camera2.impl.CameraCaptureSessionImpl$2: void onDisconnected(android.hardware.camera2.CameraDevice)>",
						"<android.hardware.camera2.impl.CameraCaptureSessionImpl: void close()>",
						"key field: <android.hardware.camera2.impl.CameraCaptureSessionImpl: boolean mClosed>",
						"<android.hardware.camera2.impl.CameraCaptureSessionImpl: void checkNotClosed()>"
					],
					"depth":8,
					"method":"<android.widget.DigitalClock$1: void run()>",
					"source":"FIELDCALLER"
				},
				{
					"trace":[
						"<android.app.SharedPreferencesImpl$EditorImpl$2: void run()>",
						"<android.widget.TextClock$3: void run()>",
						"<android.hardware.camera2.utils.TaskDrainer$1: void run()>",
						"<android.hardware.camera2.impl.CameraCaptureSessionImpl$IdleDrainListener: void onDrained()>",
						"<android.hardware.camera2.impl.CameraDeviceImpl: boolean configureOutputsChecked(java.util.List)>",
						"<android.hardware.camera2.impl.CameraDeviceImpl$7: void run()>",
						"<android.hardware.camera2.impl.CameraCaptureSessionImpl$2: void onDisconnected(android.hardware.camera2.CameraDevice)>",
						"<android.hardware.camera2.impl.CameraCaptureSessionImpl: void close()>",
						"key field: <android.hardware.camera2.impl.CameraCaptureSessionImpl: boolean mClosed>",
						"<android.hardware.camera2.impl.CameraCaptureSessionImpl: void checkNotClosed()>"
					],
					"depth":8,
					"method":"<android.app.SharedPreferencesImpl$EditorImpl$2: void run()>",
					"source":"FIELDCALLER"
				},
				{
					"trace":[
						"<android.test.InstrumentationTestCase$1: void run()>",
						"<android.widget.TextClock$3: void run()>",
						"<android.hardware.camera2.utils.TaskDrainer$1: void run()>",
						"<android.hardware.camera2.impl.CameraCaptureSessionImpl$IdleDrainListener: void onDrained()>",
						"<android.hardware.camera2.impl.CameraDeviceImpl: boolean configureOutputsChecked(java.util.List)>",
						"<android.hardware.camera2.impl.CameraDeviceImpl$7: void run()>",
						"<android.hardware.camera2.impl.CameraCaptureSessionImpl$2: void onDisconnected(android.hardware.camera2.CameraDevice)>",
						"<android.hardware.camera2.impl.CameraCaptureSessionImpl: void close()>",
						"key field: <android.hardware.camera2.impl.CameraCaptureSessionImpl: boolean mClosed>",
						"<android.hardware.camera2.impl.CameraCaptureSessionImpl: void checkNotClosed()>"
					],
					"depth":8,
					"method":"<android.test.InstrumentationTestCase$1: void run()>",
					"source":"FIELDCALLER"
				},
				{
					"trace":[
						"<android.app.Instrumentation$SyncRunnable: void run()>",
						"<android.widget.TextClock$3: void run()>",
						"<android.hardware.camera2.utils.TaskDrainer$1: void run()>",
						"<android.hardware.camera2.impl.CameraCaptureSessionImpl$IdleDrainListener: void onDrained()>",
						"<android.hardware.camera2.impl.CameraDeviceImpl: boolean configureOutputsChecked(java.util.List)>",
						"<android.hardware.camera2.impl.CameraDeviceImpl$7: void run()>",
						"<android.hardware.camera2.impl.CameraCaptureSessionImpl$2: void onDisconnected(android.hardware.camera2.CameraDevice)>",
						"<android.hardware.camera2.impl.CameraCaptureSessionImpl: void close()>",
						"key field: <android.hardware.camera2.impl.CameraCaptureSessionImpl: boolean mClosed>",
						"<android.hardware.camera2.impl.CameraCaptureSessionImpl: void checkNotClosed()>"
					],
					"depth":8,
					"method":"<android.app.Instrumentation$SyncRunnable: void run()>",
					"source":"FIELDCALLER"
				},
				{
					"trace":[
						"<android.os.Handler$BlockingRunnable: void run()>",
						"<android.widget.TextClock$3: void run()>",
						"<android.hardware.camera2.utils.TaskDrainer$1: void run()>",
						"<android.hardware.camera2.impl.CameraCaptureSessionImpl$IdleDrainListener: void onDrained()>",
						"<android.hardware.camera2.impl.CameraDeviceImpl: boolean configureOutputsChecked(java.util.List)>",
						"<android.hardware.camera2.impl.CameraDeviceImpl$7: void run()>",
						"<android.hardware.camera2.impl.CameraCaptureSessionImpl$2: void onDisconnected(android.hardware.camera2.CameraDevice)>",
						"<android.hardware.camera2.impl.CameraCaptureSessionImpl: void close()>",
						"key field: <android.hardware.camera2.impl.CameraCaptureSessionImpl: boolean mClosed>",
						"<android.hardware.camera2.impl.CameraCaptureSessionImpl: void checkNotClosed()>"
					],
					"depth":8,
					"method":"<android.os.Handler$BlockingRunnable: void run()>",
					"source":"FIELDCALLER"
				},
				{
					"trace":[
						"<com.android.internal.widget.WaveView$2: void run()>",
						"<android.widget.TextClock$3: void run()>",
						"<android.hardware.camera2.utils.TaskDrainer$1: void run()>",
						"<android.hardware.camera2.impl.CameraCaptureSessionImpl$IdleDrainListener: void onDrained()>",
						"<android.hardware.camera2.impl.CameraDeviceImpl: boolean configureOutputsChecked(java.util.List)>",
						"<android.hardware.camera2.impl.CameraDeviceImpl$7: void run()>",
						"<android.hardware.camera2.impl.CameraCaptureSessionImpl$2: void onDisconnected(android.hardware.camera2.CameraDevice)>",
						"<android.hardware.camera2.impl.CameraCaptureSessionImpl: void close()>",
						"key field: <android.hardware.camera2.impl.CameraCaptureSessionImpl: boolean mClosed>",
						"<android.hardware.camera2.impl.CameraCaptureSessionImpl: void checkNotClosed()>"
					],
					"depth":8,
					"method":"<com.android.internal.widget.WaveView$2: void run()>",
					"source":"FIELDCALLER"
				},
				{
					"trace":[
						"<java.lang.Thread: void run()>",
						"<android.widget.TextClock$3: void run()>",
						"<android.hardware.camera2.utils.TaskDrainer$1: void run()>",
						"<android.hardware.camera2.impl.CameraCaptureSessionImpl$IdleDrainListener: void onDrained()>",
						"<android.hardware.camera2.impl.CameraDeviceImpl: boolean configureOutputsChecked(java.util.List)>",
						"<android.hardware.camera2.impl.CameraDeviceImpl$7: void run()>",
						"<android.hardware.camera2.impl.CameraCaptureSessionImpl$2: void onDisconnected(android.hardware.camera2.CameraDevice)>",
						"<android.hardware.camera2.impl.CameraCaptureSessionImpl: void close()>",
						"key field: <android.hardware.camera2.impl.CameraCaptureSessionImpl: boolean mClosed>",
						"<android.hardware.camera2.impl.CameraCaptureSessionImpl: void checkNotClosed()>"
					],
					"depth":8,
					"method":"<java.lang.Thread: void run()>",
					"source":"FIELDCALLER"
				},
				{
					"trace":[
						"<android.hardware.camera2.impl.CameraDeviceImpl$CameraDeviceCallbacks: void onResultReceived(android.hardware.camera2.impl.CameraMetadataNative,android.hardware.camera2.impl.CaptureResultExtras)>",
						"<android.widget.TextClock$3: void run()>",
						"<android.hardware.camera2.utils.TaskDrainer$1: void run()>",
						"<android.hardware.camera2.impl.CameraCaptureSessionImpl$IdleDrainListener: void onDrained()>",
						"<android.hardware.camera2.impl.CameraDeviceImpl: boolean configureOutputsChecked(java.util.List)>",
						"<android.hardware.camera2.impl.CameraDeviceImpl$7: void run()>",
						"<android.hardware.camera2.impl.CameraCaptureSessionImpl$2: void onDisconnected(android.hardware.camera2.CameraDevice)>",
						"<android.hardware.camera2.impl.CameraCaptureSessionImpl: void close()>",
						"key field: <android.hardware.camera2.impl.CameraCaptureSessionImpl: boolean mClosed>",
						"<android.hardware.camera2.impl.CameraCaptureSessionImpl: void checkNotClosed()>"
					],
					"depth":8,
					"method":"<android.hardware.camera2.impl.CameraDeviceImpl$CameraDeviceCallbacks: void onResultReceived(android.hardware.camera2.impl.CameraMetadataNative,android.hardware.camera2.impl.CaptureResultExtras)>",
					"source":"FIELDCALLER"
				},
				{
					"trace":[
						"<android.hardware.camera2.impl.CameraDeviceImpl$CameraDeviceCallbacks: void onDeviceIdle()>",
						"<android.widget.TextClock$3: void run()>",
						"<android.hardware.camera2.utils.TaskDrainer$1: void run()>",
						"<android.hardware.camera2.impl.CameraCaptureSessionImpl$IdleDrainListener: void onDrained()>",
						"<android.hardware.camera2.impl.CameraDeviceImpl: boolean configureOutputsChecked(java.util.List)>",
						"<android.hardware.camera2.impl.CameraDeviceImpl$7: void run()>",
						"<android.hardware.camera2.impl.CameraCaptureSessionImpl$2: void onDisconnected(android.hardware.camera2.CameraDevice)>",
						"<android.hardware.camera2.impl.CameraCaptureSessionImpl: void close()>",
						"key field: <android.hardware.camera2.impl.CameraCaptureSessionImpl: boolean mClosed>",
						"<android.hardware.camera2.impl.CameraCaptureSessionImpl: void checkNotClosed()>"
					],
					"depth":8,
					"method":"<android.hardware.camera2.impl.CameraDeviceImpl$CameraDeviceCallbacks: void onDeviceIdle()>",
					"source":"FIELDCALLER"
				},
				{
					"trace":[
						"<android.hardware.camera2.impl.CameraDeviceImpl$CameraDeviceCallbacks: void onDeviceError(int,android.hardware.camera2.impl.CaptureResultExtras)>",
						"<android.widget.TextClock$3: void run()>",
						"<android.hardware.camera2.utils.TaskDrainer$1: void run()>",
						"<android.hardware.camera2.impl.CameraCaptureSessionImpl$IdleDrainListener: void onDrained()>",
						"<android.hardware.camera2.impl.CameraDeviceImpl: boolean configureOutputsChecked(java.util.List)>",
						"<android.hardware.camera2.impl.CameraDeviceImpl$7: void run()>",
						"<android.hardware.camera2.impl.CameraCaptureSessionImpl$2: void onDisconnected(android.hardware.camera2.CameraDevice)>",
						"<android.hardware.camera2.impl.CameraCaptureSessionImpl: void close()>",
						"key field: <android.hardware.camera2.impl.CameraCaptureSessionImpl: boolean mClosed>",
						"<android.hardware.camera2.impl.CameraCaptureSessionImpl: void checkNotClosed()>"
					],
					"depth":8,
					"method":"<android.hardware.camera2.impl.CameraDeviceImpl$CameraDeviceCallbacks: void onDeviceError(int,android.hardware.camera2.impl.CaptureResultExtras)>",
					"source":"FIELDCALLER"
				},
				{
					"trace":[
						"<android.hardware.camera2.ICameraDeviceCallbacks$Stub: boolean onTransact(int,android.os.Parcel,android.os.Parcel,int)>",
						"<android.hardware.camera2.impl.CameraDeviceImpl$CameraDeviceCallbacks: void onResultReceived(android.hardware.camera2.impl.CameraMetadataNative,android.hardware.camera2.impl.CaptureResultExtras)>",
						"<android.hardware.camera2.utils.TaskDrainer$1: void run()>",
						"<android.hardware.camera2.impl.CameraCaptureSessionImpl$IdleDrainListener: void onDrained()>",
						"<android.hardware.camera2.impl.CameraDeviceImpl: boolean configureOutputsChecked(java.util.List)>",
						"<android.hardware.camera2.impl.CameraDeviceImpl$7: void run()>",
						"<android.hardware.camera2.impl.CameraCaptureSessionImpl$2: void onDisconnected(android.hardware.camera2.CameraDevice)>",
						"<android.hardware.camera2.impl.CameraCaptureSessionImpl: void close()>",
						"key field: <android.hardware.camera2.impl.CameraCaptureSessionImpl: boolean mClosed>",
						"<android.hardware.camera2.impl.CameraCaptureSessionImpl: void checkNotClosed()>"
					],
					"depth":8,
					"method":"<android.hardware.camera2.ICameraDeviceCallbacks$Stub: boolean onTransact(int,android.os.Parcel,android.os.Parcel,int)>",
					"source":"FIELDCALLER"
				},
				{
					"trace":[
						"<android.hardware.camera2.legacy.LegacyCameraDevice$1$4: void run()>",
						"<android.hardware.camera2.impl.CameraDeviceImpl$CameraDeviceCallbacks: void onResultReceived(android.hardware.camera2.impl.CameraMetadataNative,android.hardware.camera2.impl.CaptureResultExtras)>",
						"<android.hardware.camera2.utils.TaskDrainer$1: void run()>",
						"<android.hardware.camera2.impl.CameraCaptureSessionImpl$IdleDrainListener: void onDrained()>",
						"<android.hardware.camera2.impl.CameraDeviceImpl: boolean configureOutputsChecked(java.util.List)>",
						"<android.hardware.camera2.impl.CameraDeviceImpl$7: void run()>",
						"<android.hardware.camera2.impl.CameraCaptureSessionImpl$2: void onDisconnected(android.hardware.camera2.CameraDevice)>",
						"<android.hardware.camera2.impl.CameraCaptureSessionImpl: void close()>",
						"key field: <android.hardware.camera2.impl.CameraCaptureSessionImpl: boolean mClosed>",
						"<android.hardware.camera2.impl.CameraCaptureSessionImpl: void checkNotClosed()>"
					],
					"depth":8,
					"method":"<android.hardware.camera2.legacy.LegacyCameraDevice$1$4: void run()>",
					"source":"FIELDCALLER"
				},
				{
					"trace":[
						"<android.hardware.camera2.legacy.CameraDeviceUserShim$CameraCallbackThread$CallbackHandler: void handleMessage(android.os.Message)>",
						"<android.hardware.camera2.impl.CameraDeviceImpl$CameraDeviceCallbacks: void onResultReceived(android.hardware.camera2.impl.CameraMetadataNative,android.hardware.camera2.impl.CaptureResultExtras)>",
						"<android.hardware.camera2.utils.TaskDrainer$1: void run()>",
						"<android.hardware.camera2.impl.CameraCaptureSessionImpl$IdleDrainListener: void onDrained()>",
						"<android.hardware.camera2.impl.CameraDeviceImpl: boolean configureOutputsChecked(java.util.List)>",
						"<android.hardware.camera2.impl.CameraDeviceImpl$7: void run()>",
						"<android.hardware.camera2.impl.CameraCaptureSessionImpl$2: void onDisconnected(android.hardware.camera2.CameraDevice)>",
						"<android.hardware.camera2.impl.CameraCaptureSessionImpl: void close()>",
						"key field: <android.hardware.camera2.impl.CameraCaptureSessionImpl: boolean mClosed>",
						"<android.hardware.camera2.impl.CameraCaptureSessionImpl: void checkNotClosed()>"
					],
					"depth":8,
					"method":"<android.hardware.camera2.legacy.CameraDeviceUserShim$CameraCallbackThread$CallbackHandler: void handleMessage(android.os.Message)>",
					"source":"FIELDCALLER"
				},
				{
					"trace":[
						"<android.hardware.camera2.legacy.LegacyCameraDevice$1$2: void run()>",
						"<android.hardware.camera2.impl.CameraDeviceImpl$CameraDeviceCallbacks: void onDeviceIdle()>",
						"<android.hardware.camera2.utils.TaskDrainer$1: void run()>",
						"<android.hardware.camera2.impl.CameraCaptureSessionImpl$IdleDrainListener: void onDrained()>",
						"<android.hardware.camera2.impl.CameraDeviceImpl: boolean configureOutputsChecked(java.util.List)>",
						"<android.hardware.camera2.impl.CameraDeviceImpl$7: void run()>",
						"<android.hardware.camera2.impl.CameraCaptureSessionImpl$2: void onDisconnected(android.hardware.camera2.CameraDevice)>",
						"<android.hardware.camera2.impl.CameraCaptureSessionImpl: void close()>",
						"key field: <android.hardware.camera2.impl.CameraCaptureSessionImpl: boolean mClosed>",
						"<android.hardware.camera2.impl.CameraCaptureSessionImpl: void checkNotClosed()>"
					],
					"depth":8,
					"method":"<android.hardware.camera2.legacy.LegacyCameraDevice$1$2: void run()>",
					"source":"FIELDCALLER"
				},
				{
					"trace":[
						"<android.hardware.camera2.legacy.LegacyCameraDevice$1$1: void run()>",
						"<android.hardware.camera2.impl.CameraDeviceImpl$CameraDeviceCallbacks: void onDeviceError(int,android.hardware.camera2.impl.CaptureResultExtras)>",
						"<android.hardware.camera2.utils.TaskDrainer$1: void run()>",
						"<android.hardware.camera2.impl.CameraCaptureSessionImpl$IdleDrainListener: void onDrained()>",
						"<android.hardware.camera2.impl.CameraDeviceImpl: boolean configureOutputsChecked(java.util.List)>",
						"<android.hardware.camera2.impl.CameraDeviceImpl$7: void run()>",
						"<android.hardware.camera2.impl.CameraCaptureSessionImpl$2: void onDisconnected(android.hardware.camera2.CameraDevice)>",
						"<android.hardware.camera2.impl.CameraCaptureSessionImpl: void close()>",
						"key field: <android.hardware.camera2.impl.CameraCaptureSessionImpl: boolean mClosed>",
						"<android.hardware.camera2.impl.CameraCaptureSessionImpl: void checkNotClosed()>"
					],
					"depth":8,
					"method":"<android.hardware.camera2.legacy.LegacyCameraDevice$1$1: void run()>",
					"source":"FIELDCALLER"
				}
			],
			"callerOfSingnlar2SourceVar":{}
		}
	]
}