{
	"exceptions":[
		{
			"method":"<android.content.UndoManager$UndoState: void writeToParcel(android.os.Parcel)>",
			"message":"\\QCan't save state before committing\\E",
			"relatedVarType":"Field",
			"relatedCondType":"Basic",
			"modifier":"default",
			"type":"java.lang.IllegalStateException",
			"osVersionRelated":false,
			"resourceRelated":false,
			"assessRelated":false,
			"hardwareRelated":false,
			"manifestRelated":false,
			"conditions":"$r1 == null",
			"fieldValues":"<android.content.UndoManager$UndoState: java.util.ArrayList mRecent>",
			"relatedValues":"; <android.content.UndoManager$UndoState: java.util.ArrayList mRecent>; ",
			"keyAPISameClassNum":0,
			"keyAPIDiffClassNum":3,
			"keyAPISameClass":[],
			"keyAPIDiffClass":[
				{
					"trace":[
						"<android.content.UndoManager: void addOperation(android.content.UndoOperation,int)>",
						"<android.content.UndoManager$UndoState: void addOperation(android.content.UndoOperation)>",
						"key field: <android.content.UndoManager$UndoState: java.util.ArrayList mRecent>",
						"<android.content.UndoManager$UndoState: void writeToParcel(android.os.Parcel)>"
					],
					"depth":2,
					"method":"<android.content.UndoManager: void addOperation(android.content.UndoOperation,int)>",
					"source":"FIELDCALLER"
				},
				{
					"trace":[
						"<android.content.UndoManager: void endUpdate()>",
						"<android.content.UndoManager: void pushWorkingState()>",
						"<android.content.UndoManager$UndoState: void commit()>",
						"key field: <android.content.UndoManager$UndoState: java.util.ArrayList mRecent>",
						"<android.content.UndoManager$UndoState: void writeToParcel(android.os.Parcel)>"
					],
					"depth":3,
					"method":"<android.content.UndoManager: void endUpdate()>",
					"source":"FIELDCALLER"
				},
				{
					"trace":[
						"<android.content.UndoManager: int commitState(android.content.UndoOwner)>",
						"<android.content.UndoManager: void pushWorkingState()>",
						"<android.content.UndoManager$UndoState: void commit()>",
						"key field: <android.content.UndoManager$UndoState: java.util.ArrayList mRecent>",
						"<android.content.UndoManager$UndoState: void writeToParcel(android.os.Parcel)>"
					],
					"depth":3,
					"method":"<android.content.UndoManager: int commitState(android.content.UndoOwner)>",
					"source":"FIELDCALLER"
				}
			],
			"callerOfSingnlar2SourceVar":{}
		},
		{
			"method":"<android.content.UndoManager$UndoState: void addOperation(android.content.UndoOperation)>",
			"message":"\\QAlready holds \\E[\\s\\S]*",
			"relatedVarType":"ParaAndField",
			"relatedCondType":"Basic",
			"modifier":"default",
			"type":"java.lang.IllegalStateException",
			"osVersionRelated":false,
			"resourceRelated":false,
			"assessRelated":false,
			"hardwareRelated":false,
			"manifestRelated":false,
			"conditions":"$z0 == 0",
			"paramValues":"@parameter0: android.content.UndoOperation",
			"fieldValues":"<android.content.UndoManager$UndoState: java.util.ArrayList mOperations>",
			"relatedValues":"@parameter0: android.content.UndoOperation; <android.content.UndoManager$UndoState: java.util.ArrayList mOperations>; ",
			"keyAPISameClassNum":0,
			"keyAPIDiffClassNum":20,
			"keyAPISameClass":[],
			"keyAPIDiffClass":[
				{
					"trace":[
						"<android.content.UndoManager: void restoreInstanceState(android.os.Parcelable)>",
						"<android.content.UndoManager$UndoState: void <init>(android.content.UndoManager,android.os.Parcel,java.lang.ClassLoader)>",
						"key field: <android.content.UndoManager$UndoState: java.util.ArrayList mOperations>",
						"<android.content.UndoManager$UndoState: void addOperation(android.content.UndoOperation)>"
					],
					"depth":2,
					"method":"<android.content.UndoManager: void restoreInstanceState(android.os.Parcelable)>",
					"source":"FIELDCALLER"
				},
				{
					"trace":[
						"<android.content.UndoManager: android.os.Parcelable saveInstanceState()>",
						"<android.content.UndoManager$UndoState: void writeToParcel(android.os.Parcel)>",
						"key field: <android.content.UndoManager$UndoState: java.util.ArrayList mOperations>",
						"<android.content.UndoManager$UndoState: void addOperation(android.content.UndoOperation)>"
					],
					"depth":2,
					"method":"<android.content.UndoManager: android.os.Parcelable saveInstanceState()>",
					"source":"FIELDCALLER"
				},
				{
					"trace":[
						"<android.content.UndoManager: boolean uncommitState(int,android.content.UndoOwner)>",
						"<android.content.UndoManager$UndoState: boolean hasOperation(android.content.UndoOwner)>",
						"key field: <android.content.UndoManager$UndoState: java.util.ArrayList mOperations>",
						"<android.content.UndoManager$UndoState: void addOperation(android.content.UndoOperation)>"
					],
					"depth":2,
					"method":"<android.content.UndoManager: boolean uncommitState(int,android.content.UndoOwner)>",
					"source":"FIELDCALLER"
				},
				{
					"trace":[
						"<android.content.UndoManager: boolean hasOperation(android.content.UndoOwner)>",
						"<android.content.UndoManager$UndoState: boolean hasOperation(android.content.UndoOwner)>",
						"key field: <android.content.UndoManager$UndoState: java.util.ArrayList mOperations>",
						"<android.content.UndoManager$UndoState: void addOperation(android.content.UndoOperation)>"
					],
					"depth":2,
					"method":"<android.content.UndoManager: boolean hasOperation(android.content.UndoOwner)>",
					"source":"FIELDCALLER"
				},
				{
					"trace":[
						"<android.content.UndoManager: void addOperation(android.content.UndoOperation,int)>",
						"<android.content.UndoManager$UndoState: boolean hasOperation(android.content.UndoOwner)>",
						"key field: <android.content.UndoManager$UndoState: java.util.ArrayList mOperations>",
						"<android.content.UndoManager$UndoState: void addOperation(android.content.UndoOperation)>"
					],
					"depth":2,
					"method":"<android.content.UndoManager: void addOperation(android.content.UndoOperation,int)>",
					"source":"FIELDCALLER"
				},
				{
					"trace":[
						"<android.content.UndoManager: android.content.UndoOperation getLastOperation(java.lang.Class,android.content.UndoOwner,int)>",
						"<android.content.UndoManager$UndoState: boolean hasMultipleOwners()>",
						"key field: <android.content.UndoManager$UndoState: java.util.ArrayList mOperations>",
						"<android.content.UndoManager$UndoState: void addOperation(android.content.UndoOperation)>"
					],
					"depth":2,
					"method":"<android.content.UndoManager: android.content.UndoOperation getLastOperation(java.lang.Class,android.content.UndoOwner,int)>",
					"source":"FIELDCALLER"
				},
				{
					"trace":[
						"<android.content.UndoManager: void beginUpdate(java.lang.CharSequence)>",
						"<android.content.UndoManager: void createWorkingState()>",
						"<android.content.UndoManager$UndoState: void <init>(android.content.UndoManager,int)>",
						"key field: <android.content.UndoManager$UndoState: java.util.ArrayList mOperations>",
						"<android.content.UndoManager$UndoState: void addOperation(android.content.UndoOperation)>"
					],
					"depth":3,
					"method":"<android.content.UndoManager: void beginUpdate(java.lang.CharSequence)>",
					"source":"FIELDCALLER"
				},
				{
					"trace":[
						"<android.content.UndoManager: int commitState(android.content.UndoOwner)>",
						"<android.content.UndoManager: void createWorkingState()>",
						"<android.content.UndoManager$UndoState: void <init>(android.content.UndoManager,int)>",
						"key field: <android.content.UndoManager$UndoState: java.util.ArrayList mOperations>",
						"<android.content.UndoManager$UndoState: void addOperation(android.content.UndoOperation)>"
					],
					"depth":3,
					"method":"<android.content.UndoManager: int commitState(android.content.UndoOwner)>",
					"source":"FIELDCALLER"
				},
				{
					"trace":[
						"<android.content.UndoManager: android.content.UndoOperation getLastOperation(android.content.UndoOwner,int)>",
						"<android.content.UndoManager: android.content.UndoOperation getLastOperation(java.lang.Class,android.content.UndoOwner,int)>",
						"<android.content.UndoManager$UndoState: boolean hasMultipleOwners()>",
						"key field: <android.content.UndoManager$UndoState: java.util.ArrayList mOperations>",
						"<android.content.UndoManager$UndoState: void addOperation(android.content.UndoOperation)>"
					],
					"depth":3,
					"method":"<android.content.UndoManager: android.content.UndoOperation getLastOperation(android.content.UndoOwner,int)>",
					"source":"FIELDCALLER"
				},
				{
					"trace":[
						"<android.content.UndoManager: android.content.UndoOperation getLastOperation(int)>",
						"<android.content.UndoManager: android.content.UndoOperation getLastOperation(java.lang.Class,android.content.UndoOwner,int)>",
						"<android.content.UndoManager$UndoState: boolean hasMultipleOwners()>",
						"key field: <android.content.UndoManager$UndoState: java.util.ArrayList mOperations>",
						"<android.content.UndoManager$UndoState: void addOperation(android.content.UndoOperation)>"
					],
					"depth":3,
					"method":"<android.content.UndoManager: android.content.UndoOperation getLastOperation(int)>",
					"source":"FIELDCALLER"
				},
				{
					"trace":[
						"<android.content.UndoManager: int forgetUndos(android.content.UndoOwner[],int)>",
						"<android.content.UndoManager: boolean matchOwners(android.content.UndoManager$UndoState,android.content.UndoOwner[])>",
						"<android.content.UndoManager$UndoState: boolean matchOwner(android.content.UndoOwner)>",
						"key field: <android.content.UndoManager$UndoState: java.util.ArrayList mOperations>",
						"<android.content.UndoManager$UndoState: void addOperation(android.content.UndoOperation)>"
					],
					"depth":3,
					"method":"<android.content.UndoManager: int forgetUndos(android.content.UndoOwner[],int)>",
					"source":"FIELDCALLER"
				},
				{
					"trace":[
						"<android.content.UndoManager: int forgetRedos(android.content.UndoOwner[],int)>",
						"<android.content.UndoManager: boolean matchOwners(android.content.UndoManager$UndoState,android.content.UndoOwner[])>",
						"<android.content.UndoManager$UndoState: boolean matchOwner(android.content.UndoOwner)>",
						"key field: <android.content.UndoManager$UndoState: java.util.ArrayList mOperations>",
						"<android.content.UndoManager$UndoState: void addOperation(android.content.UndoOperation)>"
					],
					"depth":3,
					"method":"<android.content.UndoManager: int forgetRedos(android.content.UndoOwner[],int)>",
					"source":"FIELDCALLER"
				},
				{
					"trace":[
						"<android.content.UndoManager: int redo(android.content.UndoOwner[],int)>",
						"<android.content.UndoManager: int findPrevState(java.util.ArrayList,android.content.UndoOwner[],int)>",
						"<android.content.UndoManager: boolean matchOwners(android.content.UndoManager$UndoState,android.content.UndoOwner[])>",
						"<android.content.UndoManager$UndoState: boolean matchOwner(android.content.UndoOwner)>",
						"key field: <android.content.UndoManager$UndoState: java.util.ArrayList mOperations>",
						"<android.content.UndoManager$UndoState: void addOperation(android.content.UndoOperation)>"
					],
					"depth":4,
					"method":"<android.content.UndoManager: int redo(android.content.UndoOwner[],int)>",
					"source":"FIELDCALLER"
				},
				{
					"trace":[
						"<android.content.UndoManager: int countUndos(android.content.UndoOwner[])>",
						"<android.content.UndoManager: int findNextState(java.util.ArrayList,android.content.UndoOwner[],int)>",
						"<android.content.UndoManager: boolean matchOwners(android.content.UndoManager$UndoState,android.content.UndoOwner[])>",
						"<android.content.UndoManager$UndoState: boolean matchOwner(android.content.UndoOwner)>",
						"key field: <android.content.UndoManager$UndoState: java.util.ArrayList mOperations>",
						"<android.content.UndoManager$UndoState: void addOperation(android.content.UndoOperation)>"
					],
					"depth":4,
					"method":"<android.content.UndoManager: int countUndos(android.content.UndoOwner[])>",
					"source":"FIELDCALLER"
				},
				{
					"trace":[
						"<android.content.UndoManager: int countRedos(android.content.UndoOwner[])>",
						"<android.content.UndoManager: int findNextState(java.util.ArrayList,android.content.UndoOwner[],int)>",
						"<android.content.UndoManager: boolean matchOwners(android.content.UndoManager$UndoState,android.content.UndoOwner[])>",
						"<android.content.UndoManager$UndoState: boolean matchOwner(android.content.UndoOwner)>",
						"key field: <android.content.UndoManager$UndoState: java.util.ArrayList mOperations>",
						"<android.content.UndoManager$UndoState: void addOperation(android.content.UndoOperation)>"
					],
					"depth":4,
					"method":"<android.content.UndoManager: int countRedos(android.content.UndoOwner[])>",
					"source":"FIELDCALLER"
				},
				{
					"trace":[
						"<android.content.UndoManager: java.lang.CharSequence getUndoLabel(android.content.UndoOwner[])>",
						"<android.content.UndoManager: android.content.UndoManager$UndoState getTopUndo(android.content.UndoOwner[])>",
						"<android.content.UndoManager: int findPrevState(java.util.ArrayList,android.content.UndoOwner[],int)>",
						"<android.content.UndoManager: boolean matchOwners(android.content.UndoManager$UndoState,android.content.UndoOwner[])>",
						"<android.content.UndoManager$UndoState: boolean matchOwner(android.content.UndoOwner)>",
						"key field: <android.content.UndoManager$UndoState: java.util.ArrayList mOperations>",
						"<android.content.UndoManager$UndoState: void addOperation(android.content.UndoOperation)>"
					],
					"depth":5,
					"method":"<android.content.UndoManager: java.lang.CharSequence getUndoLabel(android.content.UndoOwner[])>",
					"source":"FIELDCALLER"
				},
				{
					"trace":[
						"<android.content.UndoManager: int undo(android.content.UndoOwner[],int)>",
						"<android.content.UndoManager: android.content.UndoManager$UndoState getTopUndo(android.content.UndoOwner[])>",
						"<android.content.UndoManager: int findPrevState(java.util.ArrayList,android.content.UndoOwner[],int)>",
						"<android.content.UndoManager: boolean matchOwners(android.content.UndoManager$UndoState,android.content.UndoOwner[])>",
						"<android.content.UndoManager$UndoState: boolean matchOwner(android.content.UndoOwner)>",
						"key field: <android.content.UndoManager$UndoState: java.util.ArrayList mOperations>",
						"<android.content.UndoManager$UndoState: void addOperation(android.content.UndoOperation)>"
					],
					"depth":5,
					"method":"<android.content.UndoManager: int undo(android.content.UndoOwner[],int)>",
					"source":"FIELDCALLER"
				},
				{
					"trace":[
						"<android.content.UndoManager: java.lang.CharSequence getRedoLabel(android.content.UndoOwner[])>",
						"<android.content.UndoManager: android.content.UndoManager$UndoState getTopRedo(android.content.UndoOwner[])>",
						"<android.content.UndoManager: int findPrevState(java.util.ArrayList,android.content.UndoOwner[],int)>",
						"<android.content.UndoManager: boolean matchOwners(android.content.UndoManager$UndoState,android.content.UndoOwner[])>",
						"<android.content.UndoManager$UndoState: boolean matchOwner(android.content.UndoOwner)>",
						"key field: <android.content.UndoManager$UndoState: java.util.ArrayList mOperations>",
						"<android.content.UndoManager$UndoState: void addOperation(android.content.UndoOperation)>"
					],
					"depth":5,
					"method":"<android.content.UndoManager: java.lang.CharSequence getRedoLabel(android.content.UndoOwner[])>",
					"source":"FIELDCALLER"
				},
				{
					"trace":[
						"<android.content.UndoManager: void setHistorySize(int)>",
						"<android.content.UndoManager: int countUndos(android.content.UndoOwner[])>",
						"<android.content.UndoManager: int findNextState(java.util.ArrayList,android.content.UndoOwner[],int)>",
						"<android.content.UndoManager: boolean matchOwners(android.content.UndoManager$UndoState,android.content.UndoOwner[])>",
						"<android.content.UndoManager$UndoState: boolean matchOwner(android.content.UndoOwner)>",
						"key field: <android.content.UndoManager$UndoState: java.util.ArrayList mOperations>",
						"<android.content.UndoManager$UndoState: void addOperation(android.content.UndoOperation)>"
					],
					"depth":5,
					"method":"<android.content.UndoManager: void setHistorySize(int)>",
					"source":"FIELDCALLER"
				},
				{
					"trace":[
						"<android.content.UndoManager: void endUpdate()>",
						"<android.content.UndoManager: void pushWorkingState()>",
						"<android.content.UndoManager: int forgetUndos(android.content.UndoOwner[],int)>",
						"<android.content.UndoManager: boolean matchOwners(android.content.UndoManager$UndoState,android.content.UndoOwner[])>",
						"<android.content.UndoManager$UndoState: boolean matchOwner(android.content.UndoOwner)>",
						"key field: <android.content.UndoManager$UndoState: java.util.ArrayList mOperations>",
						"<android.content.UndoManager$UndoState: void addOperation(android.content.UndoOperation)>"
					],
					"depth":5,
					"method":"<android.content.UndoManager: void endUpdate()>",
					"source":"FIELDCALLER"
				}
			],
			"callerOfSingnlar2SourceVar":{
				"<android.content.UndoManager$UndoState: void addOperation(android.content.UndoOperation)>":"0",
				"<android.content.UndoManager: void addOperation(android.content.UndoOperation,int)>":"0"
			}
		},
		{
			"method":"<android.content.UndoManager$UndoState: void destroy()>",
			"message":"\\QUnderflow of op count on owner \\E[\\s\\S]*\\Q in op \\E[\\s\\S]*",
			"relatedVarType":"Field",
			"relatedCondType":"Basic",
			"modifier":"default",
			"type":"java.lang.IllegalStateException",
			"osVersionRelated":false,
			"resourceRelated":false,
			"assessRelated":false,
			"hardwareRelated":false,
			"manifestRelated":false,
			"conditions":"$i4 >= 0, $i3 > 0, i5 < 0",
			"fieldValues":"<android.content.UndoManager$UndoState: java.util.ArrayList mOperations>",
			"relatedValues":"; <android.content.UndoManager$UndoState: java.util.ArrayList mOperations>; ",
			"keyAPISameClassNum":0,
			"keyAPIDiffClassNum":20,
			"keyAPISameClass":[],
			"keyAPIDiffClass":[
				{
					"trace":[
						"<android.content.UndoManager: void restoreInstanceState(android.os.Parcelable)>",
						"<android.content.UndoManager$UndoState: void <init>(android.content.UndoManager,android.os.Parcel,java.lang.ClassLoader)>",
						"key field: <android.content.UndoManager$UndoState: java.util.ArrayList mOperations>",
						"<android.content.UndoManager$UndoState: void destroy()>"
					],
					"depth":2,
					"method":"<android.content.UndoManager: void restoreInstanceState(android.os.Parcelable)>",
					"source":"FIELDCALLER"
				},
				{
					"trace":[
						"<android.content.UndoManager: android.os.Parcelable saveInstanceState()>",
						"<android.content.UndoManager$UndoState: void writeToParcel(android.os.Parcel)>",
						"key field: <android.content.UndoManager$UndoState: java.util.ArrayList mOperations>",
						"<android.content.UndoManager$UndoState: void destroy()>"
					],
					"depth":2,
					"method":"<android.content.UndoManager: android.os.Parcelable saveInstanceState()>",
					"source":"FIELDCALLER"
				},
				{
					"trace":[
						"<android.content.UndoManager: boolean uncommitState(int,android.content.UndoOwner)>",
						"<android.content.UndoManager$UndoState: boolean hasOperation(android.content.UndoOwner)>",
						"key field: <android.content.UndoManager$UndoState: java.util.ArrayList mOperations>",
						"<android.content.UndoManager$UndoState: void destroy()>"
					],
					"depth":2,
					"method":"<android.content.UndoManager: boolean uncommitState(int,android.content.UndoOwner)>",
					"source":"FIELDCALLER"
				},
				{
					"trace":[
						"<android.content.UndoManager: boolean hasOperation(android.content.UndoOwner)>",
						"<android.content.UndoManager$UndoState: boolean hasOperation(android.content.UndoOwner)>",
						"key field: <android.content.UndoManager$UndoState: java.util.ArrayList mOperations>",
						"<android.content.UndoManager$UndoState: void destroy()>"
					],
					"depth":2,
					"method":"<android.content.UndoManager: boolean hasOperation(android.content.UndoOwner)>",
					"source":"FIELDCALLER"
				},
				{
					"trace":[
						"<android.content.UndoManager: void addOperation(android.content.UndoOperation,int)>",
						"<android.content.UndoManager$UndoState: boolean hasOperation(android.content.UndoOwner)>",
						"key field: <android.content.UndoManager$UndoState: java.util.ArrayList mOperations>",
						"<android.content.UndoManager$UndoState: void destroy()>"
					],
					"depth":2,
					"method":"<android.content.UndoManager: void addOperation(android.content.UndoOperation,int)>",
					"source":"FIELDCALLER"
				},
				{
					"trace":[
						"<android.content.UndoManager: android.content.UndoOperation getLastOperation(java.lang.Class,android.content.UndoOwner,int)>",
						"<android.content.UndoManager$UndoState: boolean hasMultipleOwners()>",
						"key field: <android.content.UndoManager$UndoState: java.util.ArrayList mOperations>",
						"<android.content.UndoManager$UndoState: void destroy()>"
					],
					"depth":2,
					"method":"<android.content.UndoManager: android.content.UndoOperation getLastOperation(java.lang.Class,android.content.UndoOwner,int)>",
					"source":"FIELDCALLER"
				},
				{
					"trace":[
						"<android.content.UndoManager: void beginUpdate(java.lang.CharSequence)>",
						"<android.content.UndoManager: void createWorkingState()>",
						"<android.content.UndoManager$UndoState: void <init>(android.content.UndoManager,int)>",
						"key field: <android.content.UndoManager$UndoState: java.util.ArrayList mOperations>",
						"<android.content.UndoManager$UndoState: void destroy()>"
					],
					"depth":3,
					"method":"<android.content.UndoManager: void beginUpdate(java.lang.CharSequence)>",
					"source":"FIELDCALLER"
				},
				{
					"trace":[
						"<android.content.UndoManager: int commitState(android.content.UndoOwner)>",
						"<android.content.UndoManager: void createWorkingState()>",
						"<android.content.UndoManager$UndoState: void <init>(android.content.UndoManager,int)>",
						"key field: <android.content.UndoManager$UndoState: java.util.ArrayList mOperations>",
						"<android.content.UndoManager$UndoState: void destroy()>"
					],
					"depth":3,
					"method":"<android.content.UndoManager: int commitState(android.content.UndoOwner)>",
					"source":"FIELDCALLER"
				},
				{
					"trace":[
						"<android.content.UndoManager: android.content.UndoOperation getLastOperation(android.content.UndoOwner,int)>",
						"<android.content.UndoManager: android.content.UndoOperation getLastOperation(java.lang.Class,android.content.UndoOwner,int)>",
						"<android.content.UndoManager$UndoState: boolean hasMultipleOwners()>",
						"key field: <android.content.UndoManager$UndoState: java.util.ArrayList mOperations>",
						"<android.content.UndoManager$UndoState: void destroy()>"
					],
					"depth":3,
					"method":"<android.content.UndoManager: android.content.UndoOperation getLastOperation(android.content.UndoOwner,int)>",
					"source":"FIELDCALLER"
				},
				{
					"trace":[
						"<android.content.UndoManager: android.content.UndoOperation getLastOperation(int)>",
						"<android.content.UndoManager: android.content.UndoOperation getLastOperation(java.lang.Class,android.content.UndoOwner,int)>",
						"<android.content.UndoManager$UndoState: boolean hasMultipleOwners()>",
						"key field: <android.content.UndoManager$UndoState: java.util.ArrayList mOperations>",
						"<android.content.UndoManager$UndoState: void destroy()>"
					],
					"depth":3,
					"method":"<android.content.UndoManager: android.content.UndoOperation getLastOperation(int)>",
					"source":"FIELDCALLER"
				},
				{
					"trace":[
						"<android.content.UndoManager: int forgetUndos(android.content.UndoOwner[],int)>",
						"<android.content.UndoManager: boolean matchOwners(android.content.UndoManager$UndoState,android.content.UndoOwner[])>",
						"<android.content.UndoManager$UndoState: boolean matchOwner(android.content.UndoOwner)>",
						"key field: <android.content.UndoManager$UndoState: java.util.ArrayList mOperations>",
						"<android.content.UndoManager$UndoState: void destroy()>"
					],
					"depth":3,
					"method":"<android.content.UndoManager: int forgetUndos(android.content.UndoOwner[],int)>",
					"source":"FIELDCALLER"
				},
				{
					"trace":[
						"<android.content.UndoManager: int forgetRedos(android.content.UndoOwner[],int)>",
						"<android.content.UndoManager: boolean matchOwners(android.content.UndoManager$UndoState,android.content.UndoOwner[])>",
						"<android.content.UndoManager$UndoState: boolean matchOwner(android.content.UndoOwner)>",
						"key field: <android.content.UndoManager$UndoState: java.util.ArrayList mOperations>",
						"<android.content.UndoManager$UndoState: void destroy()>"
					],
					"depth":3,
					"method":"<android.content.UndoManager: int forgetRedos(android.content.UndoOwner[],int)>",
					"source":"FIELDCALLER"
				},
				{
					"trace":[
						"<android.content.UndoManager: int redo(android.content.UndoOwner[],int)>",
						"<android.content.UndoManager: int findPrevState(java.util.ArrayList,android.content.UndoOwner[],int)>",
						"<android.content.UndoManager: boolean matchOwners(android.content.UndoManager$UndoState,android.content.UndoOwner[])>",
						"<android.content.UndoManager$UndoState: boolean matchOwner(android.content.UndoOwner)>",
						"key field: <android.content.UndoManager$UndoState: java.util.ArrayList mOperations>",
						"<android.content.UndoManager$UndoState: void destroy()>"
					],
					"depth":4,
					"method":"<android.content.UndoManager: int redo(android.content.UndoOwner[],int)>",
					"source":"FIELDCALLER"
				},
				{
					"trace":[
						"<android.content.UndoManager: int countUndos(android.content.UndoOwner[])>",
						"<android.content.UndoManager: int findNextState(java.util.ArrayList,android.content.UndoOwner[],int)>",
						"<android.content.UndoManager: boolean matchOwners(android.content.UndoManager$UndoState,android.content.UndoOwner[])>",
						"<android.content.UndoManager$UndoState: boolean matchOwner(android.content.UndoOwner)>",
						"key field: <android.content.UndoManager$UndoState: java.util.ArrayList mOperations>",
						"<android.content.UndoManager$UndoState: void destroy()>"
					],
					"depth":4,
					"method":"<android.content.UndoManager: int countUndos(android.content.UndoOwner[])>",
					"source":"FIELDCALLER"
				},
				{
					"trace":[
						"<android.content.UndoManager: int countRedos(android.content.UndoOwner[])>",
						"<android.content.UndoManager: int findNextState(java.util.ArrayList,android.content.UndoOwner[],int)>",
						"<android.content.UndoManager: boolean matchOwners(android.content.UndoManager$UndoState,android.content.UndoOwner[])>",
						"<android.content.UndoManager$UndoState: boolean matchOwner(android.content.UndoOwner)>",
						"key field: <android.content.UndoManager$UndoState: java.util.ArrayList mOperations>",
						"<android.content.UndoManager$UndoState: void destroy()>"
					],
					"depth":4,
					"method":"<android.content.UndoManager: int countRedos(android.content.UndoOwner[])>",
					"source":"FIELDCALLER"
				},
				{
					"trace":[
						"<android.content.UndoManager: java.lang.CharSequence getUndoLabel(android.content.UndoOwner[])>",
						"<android.content.UndoManager: android.content.UndoManager$UndoState getTopUndo(android.content.UndoOwner[])>",
						"<android.content.UndoManager: int findPrevState(java.util.ArrayList,android.content.UndoOwner[],int)>",
						"<android.content.UndoManager: boolean matchOwners(android.content.UndoManager$UndoState,android.content.UndoOwner[])>",
						"<android.content.UndoManager$UndoState: boolean matchOwner(android.content.UndoOwner)>",
						"key field: <android.content.UndoManager$UndoState: java.util.ArrayList mOperations>",
						"<android.content.UndoManager$UndoState: void destroy()>"
					],
					"depth":5,
					"method":"<android.content.UndoManager: java.lang.CharSequence getUndoLabel(android.content.UndoOwner[])>",
					"source":"FIELDCALLER"
				},
				{
					"trace":[
						"<android.content.UndoManager: int undo(android.content.UndoOwner[],int)>",
						"<android.content.UndoManager: android.content.UndoManager$UndoState getTopUndo(android.content.UndoOwner[])>",
						"<android.content.UndoManager: int findPrevState(java.util.ArrayList,android.content.UndoOwner[],int)>",
						"<android.content.UndoManager: boolean matchOwners(android.content.UndoManager$UndoState,android.content.UndoOwner[])>",
						"<android.content.UndoManager$UndoState: boolean matchOwner(android.content.UndoOwner)>",
						"key field: <android.content.UndoManager$UndoState: java.util.ArrayList mOperations>",
						"<android.content.UndoManager$UndoState: void destroy()>"
					],
					"depth":5,
					"method":"<android.content.UndoManager: int undo(android.content.UndoOwner[],int)>",
					"source":"FIELDCALLER"
				},
				{
					"trace":[
						"<android.content.UndoManager: java.lang.CharSequence getRedoLabel(android.content.UndoOwner[])>",
						"<android.content.UndoManager: android.content.UndoManager$UndoState getTopRedo(android.content.UndoOwner[])>",
						"<android.content.UndoManager: int findPrevState(java.util.ArrayList,android.content.UndoOwner[],int)>",
						"<android.content.UndoManager: boolean matchOwners(android.content.UndoManager$UndoState,android.content.UndoOwner[])>",
						"<android.content.UndoManager$UndoState: boolean matchOwner(android.content.UndoOwner)>",
						"key field: <android.content.UndoManager$UndoState: java.util.ArrayList mOperations>",
						"<android.content.UndoManager$UndoState: void destroy()>"
					],
					"depth":5,
					"method":"<android.content.UndoManager: java.lang.CharSequence getRedoLabel(android.content.UndoOwner[])>",
					"source":"FIELDCALLER"
				},
				{
					"trace":[
						"<android.content.UndoManager: void setHistorySize(int)>",
						"<android.content.UndoManager: int countUndos(android.content.UndoOwner[])>",
						"<android.content.UndoManager: int findNextState(java.util.ArrayList,android.content.UndoOwner[],int)>",
						"<android.content.UndoManager: boolean matchOwners(android.content.UndoManager$UndoState,android.content.UndoOwner[])>",
						"<android.content.UndoManager$UndoState: boolean matchOwner(android.content.UndoOwner)>",
						"key field: <android.content.UndoManager$UndoState: java.util.ArrayList mOperations>",
						"<android.content.UndoManager$UndoState: void destroy()>"
					],
					"depth":5,
					"method":"<android.content.UndoManager: void setHistorySize(int)>",
					"source":"FIELDCALLER"
				},
				{
					"trace":[
						"<android.content.UndoManager: void endUpdate()>",
						"<android.content.UndoManager: void pushWorkingState()>",
						"<android.content.UndoManager: int forgetUndos(android.content.UndoOwner[],int)>",
						"<android.content.UndoManager: boolean matchOwners(android.content.UndoManager$UndoState,android.content.UndoOwner[])>",
						"<android.content.UndoManager$UndoState: boolean matchOwner(android.content.UndoOwner)>",
						"key field: <android.content.UndoManager$UndoState: java.util.ArrayList mOperations>",
						"<android.content.UndoManager$UndoState: void destroy()>"
					],
					"depth":5,
					"method":"<android.content.UndoManager: void endUpdate()>",
					"source":"FIELDCALLER"
				}
			],
			"callerOfSingnlar2SourceVar":{}
		}
	]
}