{
	"exceptions":[
		{
			"method":"<android.graphics.drawable.ScaleDrawable: void inflate(android.content.res.Resources,org.xmlpull.v1.XmlPullParser,android.util.AttributeSet,android.content.res.Resources$Theme)>",
			"message":"\\QNo drawable specified for <scale>\\E",
			"relatedVarType":"ParaAndField",
			"relatedCondType":"Basic",
			"modifier":"public",
			"type":"java.lang.IllegalArgumentException",
			"osVersionRelated":false,
			"resourceRelated":true,
			"assessRelated":false,
			"hardwareRelated":false,
			"manifestRelated":false,
			"conditions":"r13 != null, $i4 == 1, $i4 == 2",
			"paramValues":"@parameter0: android.content.res.Resources, @parameter3: android.content.res.Resources$Theme, @parameter2: android.util.AttributeSet, @parameter1: org.xmlpull.v1.XmlPullParser",
			"fieldValues":"<com.android.internal.R$styleable: int[] ScaleDrawable>",
			"relatedValues":"@parameter0: android.content.res.Resources, @parameter3: android.content.res.Resources$Theme, @parameter2: android.util.AttributeSet, @parameter1: org.xmlpull.v1.XmlPullParser; <com.android.internal.R$styleable: int[] ScaleDrawable>; ",
			"keyAPISameClassNum":1,
			"keyAPIDiffClassNum":14,
			"keyAPISameClass":[
				{
					"trace":[
						"<android.graphics.drawable.ScaleDrawable: void inflate(android.content.res.Resources,org.xmlpull.v1.XmlPullParser,android.util.AttributeSet,android.content.res.Resources$Theme)>"
					],
					"depth":1,
					"method":"<android.graphics.drawable.ScaleDrawable: void inflate(android.content.res.Resources,org.xmlpull.v1.XmlPullParser,android.util.AttributeSet,android.content.res.Resources$Theme)>",
					"source":"FIELD"
				}
			],
			"keyAPIDiffClass":[
				{
					"trace":[
						"<android.graphics.drawable.Drawable: android.graphics.drawable.Drawable createFromXmlInner(android.content.res.Resources,org.xmlpull.v1.XmlPullParser,android.util.AttributeSet,android.content.res.Resources$Theme)>",
						"<android.graphics.drawable.ScaleDrawable: void inflate(android.content.res.Resources,org.xmlpull.v1.XmlPullParser,android.util.AttributeSet,android.content.res.Resources$Theme)>",
						"key field: <com.android.internal.R$styleable: int[] ScaleDrawable>",
						"<android.graphics.drawable.ScaleDrawable: void inflate(android.content.res.Resources,org.xmlpull.v1.XmlPullParser,android.util.AttributeSet,android.content.res.Resources$Theme)>"
					],
					"depth":2,
					"method":"<android.graphics.drawable.Drawable: android.graphics.drawable.Drawable createFromXmlInner(android.content.res.Resources,org.xmlpull.v1.XmlPullParser,android.util.AttributeSet,android.content.res.Resources$Theme)>",
					"source":"FIELDCALLER"
				},
				{
					"trace":[
						"<android.graphics.drawable.Drawable: android.graphics.drawable.Drawable createFromXml(android.content.res.Resources,org.xmlpull.v1.XmlPullParser,android.content.res.Resources$Theme)>",
						"<android.graphics.drawable.Drawable: android.graphics.drawable.Drawable createFromXmlInner(android.content.res.Resources,org.xmlpull.v1.XmlPullParser,android.util.AttributeSet,android.content.res.Resources$Theme)>",
						"<android.graphics.drawable.ScaleDrawable: void inflate(android.content.res.Resources,org.xmlpull.v1.XmlPullParser,android.util.AttributeSet,android.content.res.Resources$Theme)>",
						"key field: <com.android.internal.R$styleable: int[] ScaleDrawable>",
						"<android.graphics.drawable.ScaleDrawable: void inflate(android.content.res.Resources,org.xmlpull.v1.XmlPullParser,android.util.AttributeSet,android.content.res.Resources$Theme)>"
					],
					"depth":3,
					"method":"<android.graphics.drawable.Drawable: android.graphics.drawable.Drawable createFromXml(android.content.res.Resources,org.xmlpull.v1.XmlPullParser,android.content.res.Resources$Theme)>",
					"source":"FIELDCALLER"
				},
				{
					"trace":[
						"<android.graphics.drawable.Drawable: android.graphics.drawable.Drawable createFromXmlInner(android.content.res.Resources,org.xmlpull.v1.XmlPullParser,android.util.AttributeSet)>",
						"<android.graphics.drawable.Drawable: android.graphics.drawable.Drawable createFromXmlInner(android.content.res.Resources,org.xmlpull.v1.XmlPullParser,android.util.AttributeSet,android.content.res.Resources$Theme)>",
						"<android.graphics.drawable.ScaleDrawable: void inflate(android.content.res.Resources,org.xmlpull.v1.XmlPullParser,android.util.AttributeSet,android.content.res.Resources$Theme)>",
						"key field: <com.android.internal.R$styleable: int[] ScaleDrawable>",
						"<android.graphics.drawable.ScaleDrawable: void inflate(android.content.res.Resources,org.xmlpull.v1.XmlPullParser,android.util.AttributeSet,android.content.res.Resources$Theme)>"
					],
					"depth":3,
					"method":"<android.graphics.drawable.Drawable: android.graphics.drawable.Drawable createFromXmlInner(android.content.res.Resources,org.xmlpull.v1.XmlPullParser,android.util.AttributeSet)>",
					"source":"FIELDCALLER"
				},
				{
					"trace":[
						"<android.graphics.drawable.RotateDrawable: void inflate(android.content.res.Resources,org.xmlpull.v1.XmlPullParser,android.util.AttributeSet,android.content.res.Resources$Theme)>",
						"<android.graphics.drawable.Drawable: android.graphics.drawable.Drawable createFromXmlInner(android.content.res.Resources,org.xmlpull.v1.XmlPullParser,android.util.AttributeSet,android.content.res.Resources$Theme)>",
						"<android.graphics.drawable.ScaleDrawable: void inflate(android.content.res.Resources,org.xmlpull.v1.XmlPullParser,android.util.AttributeSet,android.content.res.Resources$Theme)>",
						"key field: <com.android.internal.R$styleable: int[] ScaleDrawable>",
						"<android.graphics.drawable.ScaleDrawable: void inflate(android.content.res.Resources,org.xmlpull.v1.XmlPullParser,android.util.AttributeSet,android.content.res.Resources$Theme)>"
					],
					"depth":3,
					"method":"<android.graphics.drawable.RotateDrawable: void inflate(android.content.res.Resources,org.xmlpull.v1.XmlPullParser,android.util.AttributeSet,android.content.res.Resources$Theme)>",
					"source":"FIELDCALLER"
				},
				{
					"trace":[
						"<android.graphics.drawable.InsetDrawable: void inflate(android.content.res.Resources,org.xmlpull.v1.XmlPullParser,android.util.AttributeSet,android.content.res.Resources$Theme)>",
						"<android.graphics.drawable.Drawable: android.graphics.drawable.Drawable createFromXmlInner(android.content.res.Resources,org.xmlpull.v1.XmlPullParser,android.util.AttributeSet,android.content.res.Resources$Theme)>",
						"<android.graphics.drawable.ScaleDrawable: void inflate(android.content.res.Resources,org.xmlpull.v1.XmlPullParser,android.util.AttributeSet,android.content.res.Resources$Theme)>",
						"key field: <com.android.internal.R$styleable: int[] ScaleDrawable>",
						"<android.graphics.drawable.ScaleDrawable: void inflate(android.content.res.Resources,org.xmlpull.v1.XmlPullParser,android.util.AttributeSet,android.content.res.Resources$Theme)>"
					],
					"depth":3,
					"method":"<android.graphics.drawable.InsetDrawable: void inflate(android.content.res.Resources,org.xmlpull.v1.XmlPullParser,android.util.AttributeSet,android.content.res.Resources$Theme)>",
					"source":"FIELDCALLER"
				},
				{
					"trace":[
						"<android.graphics.drawable.AnimatedRotateDrawable: void inflate(android.content.res.Resources,org.xmlpull.v1.XmlPullParser,android.util.AttributeSet,android.content.res.Resources$Theme)>",
						"<android.graphics.drawable.Drawable: android.graphics.drawable.Drawable createFromXmlInner(android.content.res.Resources,org.xmlpull.v1.XmlPullParser,android.util.AttributeSet,android.content.res.Resources$Theme)>",
						"<android.graphics.drawable.ScaleDrawable: void inflate(android.content.res.Resources,org.xmlpull.v1.XmlPullParser,android.util.AttributeSet,android.content.res.Resources$Theme)>",
						"key field: <com.android.internal.R$styleable: int[] ScaleDrawable>",
						"<android.graphics.drawable.ScaleDrawable: void inflate(android.content.res.Resources,org.xmlpull.v1.XmlPullParser,android.util.AttributeSet,android.content.res.Resources$Theme)>"
					],
					"depth":3,
					"method":"<android.graphics.drawable.AnimatedRotateDrawable: void inflate(android.content.res.Resources,org.xmlpull.v1.XmlPullParser,android.util.AttributeSet,android.content.res.Resources$Theme)>",
					"source":"FIELDCALLER"
				},
				{
					"trace":[
						"<android.graphics.drawable.ClipDrawable: void inflate(android.content.res.Resources,org.xmlpull.v1.XmlPullParser,android.util.AttributeSet,android.content.res.Resources$Theme)>",
						"<android.graphics.drawable.Drawable: android.graphics.drawable.Drawable createFromXmlInner(android.content.res.Resources,org.xmlpull.v1.XmlPullParser,android.util.AttributeSet,android.content.res.Resources$Theme)>",
						"<android.graphics.drawable.ScaleDrawable: void inflate(android.content.res.Resources,org.xmlpull.v1.XmlPullParser,android.util.AttributeSet,android.content.res.Resources$Theme)>",
						"key field: <com.android.internal.R$styleable: int[] ScaleDrawable>",
						"<android.graphics.drawable.ScaleDrawable: void inflate(android.content.res.Resources,org.xmlpull.v1.XmlPullParser,android.util.AttributeSet,android.content.res.Resources$Theme)>"
					],
					"depth":3,
					"method":"<android.graphics.drawable.ClipDrawable: void inflate(android.content.res.Resources,org.xmlpull.v1.XmlPullParser,android.util.AttributeSet,android.content.res.Resources$Theme)>",
					"source":"FIELDCALLER"
				},
				{
					"trace":[
						"<android.graphics.drawable.StateListDrawable: void inflate(android.content.res.Resources,org.xmlpull.v1.XmlPullParser,android.util.AttributeSet,android.content.res.Resources$Theme)>",
						"<android.graphics.drawable.Drawable: android.graphics.drawable.Drawable createFromXmlInner(android.content.res.Resources,org.xmlpull.v1.XmlPullParser,android.util.AttributeSet,android.content.res.Resources$Theme)>",
						"<android.graphics.drawable.ScaleDrawable: void inflate(android.content.res.Resources,org.xmlpull.v1.XmlPullParser,android.util.AttributeSet,android.content.res.Resources$Theme)>",
						"key field: <com.android.internal.R$styleable: int[] ScaleDrawable>",
						"<android.graphics.drawable.ScaleDrawable: void inflate(android.content.res.Resources,org.xmlpull.v1.XmlPullParser,android.util.AttributeSet,android.content.res.Resources$Theme)>"
					],
					"depth":3,
					"method":"<android.graphics.drawable.StateListDrawable: void inflate(android.content.res.Resources,org.xmlpull.v1.XmlPullParser,android.util.AttributeSet,android.content.res.Resources$Theme)>",
					"source":"FIELDCALLER"
				},
				{
					"trace":[
						"<android.graphics.drawable.AnimationDrawable: void inflate(android.content.res.Resources,org.xmlpull.v1.XmlPullParser,android.util.AttributeSet,android.content.res.Resources$Theme)>",
						"<android.graphics.drawable.Drawable: android.graphics.drawable.Drawable createFromXmlInner(android.content.res.Resources,org.xmlpull.v1.XmlPullParser,android.util.AttributeSet,android.content.res.Resources$Theme)>",
						"<android.graphics.drawable.ScaleDrawable: void inflate(android.content.res.Resources,org.xmlpull.v1.XmlPullParser,android.util.AttributeSet,android.content.res.Resources$Theme)>",
						"key field: <com.android.internal.R$styleable: int[] ScaleDrawable>",
						"<android.graphics.drawable.ScaleDrawable: void inflate(android.content.res.Resources,org.xmlpull.v1.XmlPullParser,android.util.AttributeSet,android.content.res.Resources$Theme)>"
					],
					"depth":3,
					"method":"<android.graphics.drawable.AnimationDrawable: void inflate(android.content.res.Resources,org.xmlpull.v1.XmlPullParser,android.util.AttributeSet,android.content.res.Resources$Theme)>",
					"source":"FIELDCALLER"
				},
				{
					"trace":[
						"<android.graphics.drawable.LevelListDrawable: void inflate(android.content.res.Resources,org.xmlpull.v1.XmlPullParser,android.util.AttributeSet,android.content.res.Resources$Theme)>",
						"<android.graphics.drawable.Drawable: android.graphics.drawable.Drawable createFromXmlInner(android.content.res.Resources,org.xmlpull.v1.XmlPullParser,android.util.AttributeSet,android.content.res.Resources$Theme)>",
						"<android.graphics.drawable.ScaleDrawable: void inflate(android.content.res.Resources,org.xmlpull.v1.XmlPullParser,android.util.AttributeSet,android.content.res.Resources$Theme)>",
						"key field: <com.android.internal.R$styleable: int[] ScaleDrawable>",
						"<android.graphics.drawable.ScaleDrawable: void inflate(android.content.res.Resources,org.xmlpull.v1.XmlPullParser,android.util.AttributeSet,android.content.res.Resources$Theme)>"
					],
					"depth":3,
					"method":"<android.graphics.drawable.LevelListDrawable: void inflate(android.content.res.Resources,org.xmlpull.v1.XmlPullParser,android.util.AttributeSet,android.content.res.Resources$Theme)>",
					"source":"FIELDCALLER"
				},
				{
					"trace":[
						"<android.graphics.drawable.Drawable: android.graphics.drawable.Drawable createFromXml(android.content.res.Resources,org.xmlpull.v1.XmlPullParser)>",
						"<android.graphics.drawable.Drawable: android.graphics.drawable.Drawable createFromXml(android.content.res.Resources,org.xmlpull.v1.XmlPullParser,android.content.res.Resources$Theme)>",
						"<android.graphics.drawable.Drawable: android.graphics.drawable.Drawable createFromXmlInner(android.content.res.Resources,org.xmlpull.v1.XmlPullParser,android.util.AttributeSet,android.content.res.Resources$Theme)>",
						"<android.graphics.drawable.ScaleDrawable: void inflate(android.content.res.Resources,org.xmlpull.v1.XmlPullParser,android.util.AttributeSet,android.content.res.Resources$Theme)>",
						"key field: <com.android.internal.R$styleable: int[] ScaleDrawable>",
						"<android.graphics.drawable.ScaleDrawable: void inflate(android.content.res.Resources,org.xmlpull.v1.XmlPullParser,android.util.AttributeSet,android.content.res.Resources$Theme)>"
					],
					"depth":4,
					"method":"<android.graphics.drawable.Drawable: android.graphics.drawable.Drawable createFromXml(android.content.res.Resources,org.xmlpull.v1.XmlPullParser)>",
					"source":"FIELDCALLER"
				},
				{
					"trace":[
						"<android.graphics.drawable.AnimatedStateListDrawable: void inflate(android.content.res.Resources,org.xmlpull.v1.XmlPullParser,android.util.AttributeSet,android.content.res.Resources$Theme)>",
						"<android.graphics.drawable.AnimatedStateListDrawable: int parseTransition(android.content.res.Resources,org.xmlpull.v1.XmlPullParser,android.util.AttributeSet,android.content.res.Resources$Theme)>",
						"<android.graphics.drawable.Drawable: android.graphics.drawable.Drawable createFromXmlInner(android.content.res.Resources,org.xmlpull.v1.XmlPullParser,android.util.AttributeSet,android.content.res.Resources$Theme)>",
						"<android.graphics.drawable.ScaleDrawable: void inflate(android.content.res.Resources,org.xmlpull.v1.XmlPullParser,android.util.AttributeSet,android.content.res.Resources$Theme)>",
						"key field: <com.android.internal.R$styleable: int[] ScaleDrawable>",
						"<android.graphics.drawable.ScaleDrawable: void inflate(android.content.res.Resources,org.xmlpull.v1.XmlPullParser,android.util.AttributeSet,android.content.res.Resources$Theme)>"
					],
					"depth":4,
					"method":"<android.graphics.drawable.AnimatedStateListDrawable: void inflate(android.content.res.Resources,org.xmlpull.v1.XmlPullParser,android.util.AttributeSet,android.content.res.Resources$Theme)>",
					"source":"FIELDCALLER"
				},
				{
					"trace":[
						"<android.graphics.drawable.LayerDrawable: void inflate(android.content.res.Resources,org.xmlpull.v1.XmlPullParser,android.util.AttributeSet,android.content.res.Resources$Theme)>",
						"<android.graphics.drawable.LayerDrawable: void inflateLayers(android.content.res.Resources,org.xmlpull.v1.XmlPullParser,android.util.AttributeSet,android.content.res.Resources$Theme)>",
						"<android.graphics.drawable.Drawable: android.graphics.drawable.Drawable createFromXmlInner(android.content.res.Resources,org.xmlpull.v1.XmlPullParser,android.util.AttributeSet,android.content.res.Resources$Theme)>",
						"<android.graphics.drawable.ScaleDrawable: void inflate(android.content.res.Resources,org.xmlpull.v1.XmlPullParser,android.util.AttributeSet,android.content.res.Resources$Theme)>",
						"key field: <com.android.internal.R$styleable: int[] ScaleDrawable>",
						"<android.graphics.drawable.ScaleDrawable: void inflate(android.content.res.Resources,org.xmlpull.v1.XmlPullParser,android.util.AttributeSet,android.content.res.Resources$Theme)>"
					],
					"depth":4,
					"method":"<android.graphics.drawable.LayerDrawable: void inflate(android.content.res.Resources,org.xmlpull.v1.XmlPullParser,android.util.AttributeSet,android.content.res.Resources$Theme)>",
					"source":"FIELDCALLER"
				},
				{
					"trace":[
						"<android.graphics.drawable.RippleDrawable: void inflate(android.content.res.Resources,org.xmlpull.v1.XmlPullParser,android.util.AttributeSet,android.content.res.Resources$Theme)>",
						"<android.graphics.drawable.LayerDrawable: void inflate(android.content.res.Resources,org.xmlpull.v1.XmlPullParser,android.util.AttributeSet,android.content.res.Resources$Theme)>",
						"<android.graphics.drawable.LayerDrawable: void inflateLayers(android.content.res.Resources,org.xmlpull.v1.XmlPullParser,android.util.AttributeSet,android.content.res.Resources$Theme)>",
						"<android.graphics.drawable.Drawable: android.graphics.drawable.Drawable createFromXmlInner(android.content.res.Resources,org.xmlpull.v1.XmlPullParser,android.util.AttributeSet,android.content.res.Resources$Theme)>",
						"<android.graphics.drawable.ScaleDrawable: void inflate(android.content.res.Resources,org.xmlpull.v1.XmlPullParser,android.util.AttributeSet,android.content.res.Resources$Theme)>",
						"key field: <com.android.internal.R$styleable: int[] ScaleDrawable>",
						"<android.graphics.drawable.ScaleDrawable: void inflate(android.content.res.Resources,org.xmlpull.v1.XmlPullParser,android.util.AttributeSet,android.content.res.Resources$Theme)>"
					],
					"depth":5,
					"method":"<android.graphics.drawable.RippleDrawable: void inflate(android.content.res.Resources,org.xmlpull.v1.XmlPullParser,android.util.AttributeSet,android.content.res.Resources$Theme)>",
					"source":"FIELDCALLER"
				}
			],
			"callerOfSingnlar2SourceVar":{
				"<android.graphics.drawable.ScaleDrawable: void inflate(android.content.res.Resources,org.xmlpull.v1.XmlPullParser,android.util.AttributeSet,android.content.res.Resources$Theme)>":"0, 3, 2, 1"
			}
		}
	]
}