{
	"exceptions":[
		{
			"method":"<android.hardware.hdmi.HdmiClient: void addVendorCommandListener(android.hardware.hdmi.HdmiControlManager$VendorCommandListener)>",
			"message":"\\Qlistener cannot be null\\E",
			"relatedVarType":"Parameter",
			"relatedCondType":"Basic",
			"modifier":"public",
			"type":"java.lang.IllegalArgumentException",
			"osVersionRelated":false,
			"resourceRelated":false,
			"assessRelated":false,
			"hardwareRelated":true,
			"manifestRelated":false,
			"conditions":"r0 != null",
			"paramValues":"@parameter0: android.hardware.hdmi.HdmiControlManager$VendorCommandListener",
			"relatedValues":"@parameter0: android.hardware.hdmi.HdmiControlManager$VendorCommandListener; ; ",
			"keyAPISameClassNum":0,
			"keyAPIDiffClassNum":0,
			"keyAPISameClass":[
				{
					"trace":[
						"<android.hardware.hdmi.HdmiClient: void addVendorCommandListener(android.hardware.hdmi.HdmiControlManager$VendorCommandListener)>"
					],
					"depth":0,
					"method":"<android.hardware.hdmi.HdmiClient: void addVendorCommandListener(android.hardware.hdmi.HdmiControlManager$VendorCommandListener)>",
					"source":"CALLER"
				}
			],
			"keyAPIDiffClass":[],
			"callerOfSingnlar2SourceVar":{
				"<android.hardware.hdmi.HdmiClient: void addVendorCommandListener(android.hardware.hdmi.HdmiControlManager$VendorCommandListener)>":"0"
			}
		}
	]
}