{
	"exceptions":[
		{
			"method":"<android.bluetooth.le.ScanSettings$Builder: android.bluetooth.le.ScanSettings$Builder setScanMode(int)>",
			"message":"\\Qinvalid scan mode \\E[\\s\\S]*",
			"relatedVarType":"Parameter",
			"relatedCondType":"Basic",
			"modifier":"public",
			"type":"java.lang.IllegalArgumentException",
			"osVersionRelated":false,
			"resourceRelated":false,
			"assessRelated":false,
			"hardwareRelated":false,
			"manifestRelated":false,
			"conditions":"i0 < 0, i0 <= 2",
			"paramValues":"@parameter0: int",
			"relatedValues":"@parameter0: int; ; ",
			"keyAPISameClassNum":0,
			"keyAPIDiffClassNum":0,
			"keyAPISameClass":[
				{
					"trace":[
						"<android.bluetooth.le.ScanSettings$Builder: android.bluetooth.le.ScanSettings$Builder setScanMode(int)>"
					],
					"depth":0,
					"method":"<android.bluetooth.le.ScanSettings$Builder: android.bluetooth.le.ScanSettings$Builder setScanMode(int)>",
					"source":"CALLER"
				}
			],
			"keyAPIDiffClass":[],
			"callerOfSingnlar2SourceVar":{
				"<android.bluetooth.le.ScanSettings$Builder: android.bluetooth.le.ScanSettings$Builder setScanMode(int)>":"0"
			}
		},
		{
			"method":"<android.bluetooth.le.ScanSettings$Builder: android.bluetooth.le.ScanSettings$Builder setCallbackType(int)>",
			"message":"\\Qinvalid callback type - \\E[\\s\\S]*",
			"relatedVarType":"Parameter",
			"relatedCondType":"Basic",
			"modifier":"public",
			"type":"java.lang.IllegalArgumentException",
			"osVersionRelated":false,
			"resourceRelated":false,
			"assessRelated":false,
			"hardwareRelated":false,
			"manifestRelated":false,
			"conditions":"$z0 != 0",
			"paramValues":"@parameter0: int",
			"relatedValues":"@parameter0: int; ; ",
			"keyAPISameClassNum":0,
			"keyAPIDiffClassNum":0,
			"keyAPISameClass":[
				{
					"trace":[
						"<android.bluetooth.le.ScanSettings$Builder: android.bluetooth.le.ScanSettings$Builder setCallbackType(int)>"
					],
					"depth":0,
					"method":"<android.bluetooth.le.ScanSettings$Builder: android.bluetooth.le.ScanSettings$Builder setCallbackType(int)>",
					"source":"CALLER"
				}
			],
			"keyAPIDiffClass":[],
			"callerOfSingnlar2SourceVar":{
				"<android.bluetooth.le.ScanSettings$Builder: android.bluetooth.le.ScanSettings$Builder setCallbackType(int)>":"0"
			}
		},
		{
			"method":"<android.bluetooth.le.ScanSettings$Builder: android.bluetooth.le.ScanSettings$Builder setScanResultType(int)>",
			"message":"\\Qinvalid scanResultType - \\E[\\s\\S]*",
			"relatedVarType":"Parameter",
			"relatedCondType":"Basic",
			"modifier":"public",
			"type":"java.lang.IllegalArgumentException",
			"osVersionRelated":false,
			"resourceRelated":false,
			"assessRelated":false,
			"hardwareRelated":false,
			"manifestRelated":false,
			"conditions":"i0 < 0, i0 <= 1",
			"paramValues":"@parameter0: int",
			"relatedValues":"@parameter0: int; ; ",
			"keyAPISameClassNum":0,
			"keyAPIDiffClassNum":0,
			"keyAPISameClass":[
				{
					"trace":[
						"<android.bluetooth.le.ScanSettings$Builder: android.bluetooth.le.ScanSettings$Builder setScanResultType(int)>"
					],
					"depth":0,
					"method":"<android.bluetooth.le.ScanSettings$Builder: android.bluetooth.le.ScanSettings$Builder setScanResultType(int)>",
					"source":"CALLER"
				}
			],
			"keyAPIDiffClass":[],
			"callerOfSingnlar2SourceVar":{
				"<android.bluetooth.le.ScanSettings$Builder: android.bluetooth.le.ScanSettings$Builder setScanResultType(int)>":"0"
			}
		},
		{
			"method":"<android.bluetooth.le.ScanSettings$Builder: android.bluetooth.le.ScanSettings$Builder setReportDelay(long)>",
			"message":"\\QreportDelay must be > 0\\E",
			"relatedVarType":"Parameter",
			"relatedCondType":"Basic",
			"modifier":"public",
			"type":"java.lang.IllegalArgumentException",
			"osVersionRelated":false,
			"resourceRelated":false,
			"assessRelated":false,
			"hardwareRelated":false,
			"manifestRelated":false,
			"conditions":"$b1 >= 0",
			"paramValues":"@parameter0: long",
			"relatedValues":"@parameter0: long; ; ",
			"keyAPISameClassNum":0,
			"keyAPIDiffClassNum":0,
			"keyAPISameClass":[
				{
					"trace":[
						"<android.bluetooth.le.ScanSettings$Builder: android.bluetooth.le.ScanSettings$Builder setReportDelay(long)>"
					],
					"depth":0,
					"method":"<android.bluetooth.le.ScanSettings$Builder: android.bluetooth.le.ScanSettings$Builder setReportDelay(long)>",
					"source":"CALLER"
				}
			],
			"keyAPIDiffClass":[],
			"callerOfSingnlar2SourceVar":{
				"<android.bluetooth.le.ScanSettings$Builder: android.bluetooth.le.ScanSettings$Builder setReportDelay(long)>":"0"
			}
		}
	]
}