{
	"exceptions":[
		{
			"method":"<android.media.browse.MediaBrowser$MediaItem: void <init>(android.media.MediaDescription,int)>",
			"message":"\\Qdescription cannot be null\\E",
			"relatedVarType":"Parameter",
			"relatedCondType":"Basic",
			"modifier":"public",
			"type":"java.lang.IllegalArgumentException",
			"osVersionRelated":false,
			"resourceRelated":false,
			"assessRelated":false,
			"hardwareRelated":false,
			"manifestRelated":false,
			"conditions":"r1 != null",
			"paramValues":"@parameter0: android.media.MediaDescription",
			"relatedValues":"@parameter0: android.media.MediaDescription; ; ",
			"keyAPISameClassNum":0,
			"keyAPIDiffClassNum":0,
			"keyAPISameClass":[
				{
					"trace":[
						"<android.media.browse.MediaBrowser$MediaItem: void <init>(android.media.MediaDescription,int)>"
					],
					"depth":0,
					"method":"<android.media.browse.MediaBrowser$MediaItem: void <init>(android.media.MediaDescription,int)>",
					"source":"CALLER"
				}
			],
			"keyAPIDiffClass":[],
			"callerOfSingnlar2SourceVar":{
				"<android.media.browse.MediaBrowser$MediaItem: void <init>(android.media.MediaDescription,int)>":"0"
			}
		},
		{
			"method":"<android.media.browse.MediaBrowser$MediaItem: void <init>(android.media.MediaDescription,int)>",
			"message":"\\Qdescription must have a non-empty media id\\E",
			"relatedVarType":"Parameter",
			"relatedCondType":"Basic",
			"modifier":"public",
			"type":"java.lang.IllegalArgumentException",
			"osVersionRelated":false,
			"resourceRelated":false,
			"assessRelated":false,
			"hardwareRelated":false,
			"manifestRelated":false,
			"conditions":"$z0 == 0, r1 != null",
			"paramValues":"@parameter0: android.media.MediaDescription",
			"relatedValues":"@parameter0: android.media.MediaDescription; ; ",
			"keyAPISameClassNum":0,
			"keyAPIDiffClassNum":0,
			"keyAPISameClass":[
				{
					"trace":[
						"<android.media.browse.MediaBrowser$MediaItem: void <init>(android.media.MediaDescription,int)>"
					],
					"depth":0,
					"method":"<android.media.browse.MediaBrowser$MediaItem: void <init>(android.media.MediaDescription,int)>",
					"source":"CALLER"
				}
			],
			"keyAPIDiffClass":[],
			"callerOfSingnlar2SourceVar":{
				"<android.media.browse.MediaBrowser$MediaItem: void <init>(android.media.MediaDescription,int)>":"0"
			}
		}
	]
}