{
	"exceptions":[
		{
			"method":"<android.filterfw.core.SimpleFrameManager: android.filterfw.core.Frame newBoundFrame(android.filterfw.core.FrameFormat,int,long)>",
			"message":"\\QAttached frames are not supported for target type: \\E[\\s\\S]*\\Q!\\E",
			"relatedVarType":"Parameter",
			"relatedCondType":"Basic",
			"modifier":"public",
			"type":"java.lang.RuntimeException",
			"osVersionRelated":false,
			"resourceRelated":false,
			"assessRelated":false,
			"hardwareRelated":false,
			"manifestRelated":false,
			"conditions":"$i0",
			"paramValues":"@parameter0: android.filterfw.core.FrameFormat",
			"relatedValues":"@parameter0: android.filterfw.core.FrameFormat; ; ",
			"keyAPISameClassNum":0,
			"keyAPIDiffClassNum":0,
			"keyAPISameClass":[
				{
					"trace":[
						"<android.filterfw.core.SimpleFrameManager: android.filterfw.core.Frame newBoundFrame(android.filterfw.core.FrameFormat,int,long)>"
					],
					"depth":0,
					"method":"<android.filterfw.core.SimpleFrameManager: android.filterfw.core.Frame newBoundFrame(android.filterfw.core.FrameFormat,int,long)>",
					"source":"CALLER"
				}
			],
			"keyAPIDiffClass":[
				{
					"trace":[
						"<android.filterfw.core.CachedFrameManager: android.filterfw.core.Frame newBoundFrame(android.filterfw.core.FrameFormat,int,long)>",
						"<android.filterfw.core.SimpleFrameManager: android.filterfw.core.Frame newBoundFrame(android.filterfw.core.FrameFormat,int,long)>"
					],
					"depth":1,
					"method":"<android.filterfw.core.CachedFrameManager: android.filterfw.core.Frame newBoundFrame(android.filterfw.core.FrameFormat,int,long)>",
					"source":"CALLER"
				},
				{
					"trace":[
						"<android.filterfw.core.FrameManager: android.filterfw.core.Frame newBoundFrame(android.filterfw.core.FrameFormat,int,long)>",
						"<android.filterfw.core.SimpleFrameManager: android.filterfw.core.Frame newBoundFrame(android.filterfw.core.FrameFormat,int,long)>"
					],
					"depth":1,
					"method":"<android.filterfw.core.FrameManager: android.filterfw.core.Frame newBoundFrame(android.filterfw.core.FrameFormat,int,long)>",
					"source":"CALLER"
				}
			],
			"callerOfSingnlar2SourceVar":{
				"<android.filterfw.core.CachedFrameManager: android.filterfw.core.Frame newBoundFrame(android.filterfw.core.FrameFormat,int,long)>":"0",
				"<android.filterfw.core.SimpleFrameManager: android.filterfw.core.Frame newBoundFrame(android.filterfw.core.FrameFormat,int,long)>":"0"
			}
		},
		{
			"method":"<android.filterfw.core.SimpleFrameManager: android.filterfw.core.Frame createNewFrame(android.filterfw.core.FrameFormat)>",
			"message":"\\QUnsupported frame target type: \\E[\\s\\S]*\\Q!\\E",
			"relatedVarType":"Parameter",
			"relatedCondType":"Basic",
			"modifier":"private",
			"type":"java.lang.RuntimeException",
			"osVersionRelated":false,
			"resourceRelated":false,
			"assessRelated":false,
			"hardwareRelated":false,
			"manifestRelated":false,
			"conditions":"$i0",
			"paramValues":"@parameter0: android.filterfw.core.FrameFormat",
			"relatedValues":"@parameter0: android.filterfw.core.FrameFormat; ; ",
			"keyAPISameClassNum":0,
			"keyAPIDiffClassNum":0,
			"keyAPISameClass":[
				{
					"trace":[
						"<android.filterfw.core.SimpleFrameManager: android.filterfw.core.Frame createNewFrame(android.filterfw.core.FrameFormat)>"
					],
					"depth":0,
					"method":"<android.filterfw.core.SimpleFrameManager: android.filterfw.core.Frame createNewFrame(android.filterfw.core.FrameFormat)>",
					"source":"CALLER"
				},
				{
					"trace":[
						"<android.filterfw.core.FrameManager: android.filterfw.core.Frame newFrame(android.filterfw.core.FrameFormat)>",
						"<android.filterfw.core.SimpleFrameManager: android.filterfw.core.Frame createNewFrame(android.filterfw.core.FrameFormat)>"
					],
					"depth":1,
					"method":"<android.filterfw.core.FrameManager: android.filterfw.core.Frame newFrame(android.filterfw.core.FrameFormat)>",
					"source":"CALLER"
				},
				{
					"trace":[
						"<android.filterfw.core.SimpleFrameManager: android.filterfw.core.Frame newFrame(android.filterfw.core.FrameFormat)>",
						"<android.filterfw.core.SimpleFrameManager: android.filterfw.core.Frame createNewFrame(android.filterfw.core.FrameFormat)>"
					],
					"depth":1,
					"method":"<android.filterfw.core.SimpleFrameManager: android.filterfw.core.Frame newFrame(android.filterfw.core.FrameFormat)>",
					"source":"CALLER"
				}
			],
			"keyAPIDiffClass":[
				{
					"trace":[
						"<android.filterfw.core.CachedFrameManager: android.filterfw.core.Frame newFrame(android.filterfw.core.FrameFormat)>",
						"<android.filterfw.core.SimpleFrameManager: android.filterfw.core.Frame newFrame(android.filterfw.core.FrameFormat)>",
						"<android.filterfw.core.SimpleFrameManager: android.filterfw.core.Frame createNewFrame(android.filterfw.core.FrameFormat)>"
					],
					"depth":2,
					"method":"<android.filterfw.core.CachedFrameManager: android.filterfw.core.Frame newFrame(android.filterfw.core.FrameFormat)>",
					"source":"CALLER"
				}
			],
			"callerOfSingnlar2SourceVar":{
				"<android.filterfw.core.SimpleFrameManager: android.filterfw.core.Frame newFrame(android.filterfw.core.FrameFormat)>":"0",
				"<android.filterfw.core.CachedFrameManager: android.filterfw.core.Frame newFrame(android.filterfw.core.FrameFormat)>":"0",
				"<android.filterfw.core.SimpleFrameManager: android.filterfw.core.Frame createNewFrame(android.filterfw.core.FrameFormat)>":"0"
			}
		},
		{
			"method":"<android.filterfw.core.SimpleFrameManager: android.filterfw.core.Frame releaseFrame(android.filterfw.core.Frame)>",
			"message":"\\QFrame reference count dropped below 0!\\E",
			"relatedVarType":"Parameter",
			"relatedCondType":"Basic",
			"modifier":"public",
			"type":"java.lang.RuntimeException",
			"osVersionRelated":false,
			"resourceRelated":false,
			"assessRelated":false,
			"hardwareRelated":false,
			"manifestRelated":false,
			"conditions":"i0 >= 0, i0 != 0, $z0 == 0",
			"paramValues":"@parameter0: android.filterfw.core.Frame",
			"relatedValues":"@parameter0: android.filterfw.core.Frame; ; ",
			"keyAPISameClassNum":0,
			"keyAPIDiffClassNum":0,
			"keyAPISameClass":[
				{
					"trace":[
						"<android.filterfw.core.SimpleFrameManager: android.filterfw.core.Frame releaseFrame(android.filterfw.core.Frame)>"
					],
					"depth":0,
					"method":"<android.filterfw.core.SimpleFrameManager: android.filterfw.core.Frame releaseFrame(android.filterfw.core.Frame)>",
					"source":"CALLER"
				}
			],
			"keyAPIDiffClass":[
				{
					"trace":[
						"<android.filterfw.core.CachedFrameManager: android.filterfw.core.Frame releaseFrame(android.filterfw.core.Frame)>",
						"<android.filterfw.core.SimpleFrameManager: android.filterfw.core.Frame releaseFrame(android.filterfw.core.Frame)>"
					],
					"depth":1,
					"method":"<android.filterfw.core.CachedFrameManager: android.filterfw.core.Frame releaseFrame(android.filterfw.core.Frame)>",
					"source":"CALLER"
				},
				{
					"trace":[
						"<android.filterfw.core.FrameManager: android.filterfw.core.Frame releaseFrame(android.filterfw.core.Frame)>",
						"<android.filterfw.core.SimpleFrameManager: android.filterfw.core.Frame releaseFrame(android.filterfw.core.Frame)>"
					],
					"depth":1,
					"method":"<android.filterfw.core.FrameManager: android.filterfw.core.Frame releaseFrame(android.filterfw.core.Frame)>",
					"source":"CALLER"
				}
			],
			"callerOfSingnlar2SourceVar":{
				"<android.filterfw.core.SimpleFrameManager: android.filterfw.core.Frame releaseFrame(android.filterfw.core.Frame)>":"0",
				"<android.filterfw.core.CachedFrameManager: android.filterfw.core.Frame releaseFrame(android.filterfw.core.Frame)>":"0"
			}
		}
	]
}