{
	"exceptions":[
		{
			"method":"<android.app.PendingIntent: void send(android.content.Context,int,android.content.Intent,android.app.PendingIntent$OnFinished,android.os.Handler,java.lang.String)>",
			"message":"[\\s\\S]*",
			"relatedVarType":"Parameter",
			"relatedCondType":"Basic",
			"modifier":"public",
			"type":"android.app.PendingIntent$CanceledException",
			"osVersionRelated":false,
			"resourceRelated":false,
			"assessRelated":false,
			"hardwareRelated":false,
			"manifestRelated":false,
			"conditions":"r0 == null, r2 == null",
			"paramValues":"@parameter2: android.content.Intent, @parameter3: android.app.PendingIntent$OnFinished",
			"caughtValues":"@caughtexception",
			"relatedValues":"@parameter2: android.content.Intent, @parameter3: android.app.PendingIntent$OnFinished; ; @caughtexception",
			"keyAPISameClassNum":0,
			"keyAPIDiffClassNum":0,
			"keyAPISameClass":[
				{
					"trace":[
						"<android.app.PendingIntent: void send(android.content.Context,int,android.content.Intent,android.app.PendingIntent$OnFinished,android.os.Handler,java.lang.String)>"
					],
					"depth":0,
					"method":"<android.app.PendingIntent: void send(android.content.Context,int,android.content.Intent,android.app.PendingIntent$OnFinished,android.os.Handler,java.lang.String)>",
					"source":"CALLER"
				},
				{
					"trace":[
						"<android.app.PendingIntent: void send(android.content.Context,int,android.content.Intent)>",
						"<android.app.PendingIntent: void send(android.content.Context,int,android.content.Intent,android.app.PendingIntent$OnFinished,android.os.Handler,java.lang.String)>"
					],
					"depth":1,
					"method":"<android.app.PendingIntent: void send(android.content.Context,int,android.content.Intent)>",
					"source":"CALLER"
				},
				{
					"trace":[
						"<android.app.PendingIntent: void send(android.content.Context,int,android.content.Intent,android.app.PendingIntent$OnFinished,android.os.Handler)>",
						"<android.app.PendingIntent: void send(android.content.Context,int,android.content.Intent,android.app.PendingIntent$OnFinished,android.os.Handler,java.lang.String)>"
					],
					"depth":1,
					"method":"<android.app.PendingIntent: void send(android.content.Context,int,android.content.Intent,android.app.PendingIntent$OnFinished,android.os.Handler)>",
					"source":"CALLER"
				},
				{
					"trace":[
						"<android.app.PendingIntent: void send(int,android.app.PendingIntent$OnFinished,android.os.Handler)>",
						"<android.app.PendingIntent: void send(android.content.Context,int,android.content.Intent,android.app.PendingIntent$OnFinished,android.os.Handler,java.lang.String)>"
					],
					"depth":1,
					"method":"<android.app.PendingIntent: void send(int,android.app.PendingIntent$OnFinished,android.os.Handler)>",
					"source":"CALLER"
				}
			],
			"keyAPIDiffClass":[],
			"callerOfSingnlar2SourceVar":{
				"<android.app.PendingIntent: void send(android.content.Context,int,android.content.Intent,android.app.PendingIntent$OnFinished,android.os.Handler)>":"2, 3",
				"<android.app.PendingIntent: void send(android.content.Context,int,android.content.Intent,android.app.PendingIntent$OnFinished,android.os.Handler,java.lang.String)>":"2, 3",
				"<android.app.PendingIntent: void send(int,android.app.PendingIntent$OnFinished,android.os.Handler)>":"1",
				"<android.media.session.MediaSessionLegacyHelper$MediaButtonListener: boolean onMediaButtonEvent(android.content.Intent)>":"0",
				"<android.app.PendingIntent: void send(android.content.Context,int,android.content.Intent)>":"2",
				"<android.media.session.MediaSessionLegacyHelper$SessionHolder$SessionCallback: boolean onMediaButtonEvent(android.content.Intent)>":"0",
				"<android.media.session.MediaSessionLegacyHelper: void sendKeyEvent(android.app.PendingIntent,android.content.Context,android.content.Intent)>":"2",
				"<android.media.session.MediaSessionLegacyHelper: void access$000(android.app.PendingIntent,android.content.Context,android.content.Intent)>":"2",
				"<android.media.MediaFocusControl: void dispatchMediaKeyEvent(android.view.KeyEvent,boolean)>":"-1"
			}
		},
		{
			"method":"<android.app.PendingIntent: void send(android.content.Context,int,android.content.Intent,android.app.PendingIntent$OnFinished,android.os.Handler,java.lang.String)>",
			"message":"[\\s\\S]*",
			"relatedVarType":"Parameter",
			"relatedCondType":"Basic",
			"modifier":"public",
			"type":"android.app.PendingIntent$CanceledException",
			"osVersionRelated":false,
			"resourceRelated":false,
			"assessRelated":false,
			"hardwareRelated":false,
			"manifestRelated":false,
			"conditions":"i1 >= 0, r0 == null, r2 == null",
			"paramValues":"@parameter1: int, @parameter2: android.content.Intent, @parameter0: android.content.Context, @parameter3: android.app.PendingIntent$OnFinished, @parameter4: android.os.Handler, @parameter5: java.lang.String",
			"relatedValues":"@parameter1: int, @parameter2: android.content.Intent, @parameter0: android.content.Context, @parameter3: android.app.PendingIntent$OnFinished, @parameter4: android.os.Handler, @parameter5: java.lang.String; ; ",
			"keyAPISameClassNum":0,
			"keyAPIDiffClassNum":0,
			"keyAPISameClass":[
				{
					"trace":[
						"<android.app.PendingIntent: void send(android.content.Context,int,android.content.Intent,android.app.PendingIntent$OnFinished,android.os.Handler,java.lang.String)>"
					],
					"depth":0,
					"method":"<android.app.PendingIntent: void send(android.content.Context,int,android.content.Intent,android.app.PendingIntent$OnFinished,android.os.Handler,java.lang.String)>",
					"source":"CALLER"
				},
				{
					"trace":[
						"<android.app.PendingIntent: void send(android.content.Context,int,android.content.Intent)>",
						"<android.app.PendingIntent: void send(android.content.Context,int,android.content.Intent,android.app.PendingIntent$OnFinished,android.os.Handler,java.lang.String)>"
					],
					"depth":1,
					"method":"<android.app.PendingIntent: void send(android.content.Context,int,android.content.Intent)>",
					"source":"CALLER"
				},
				{
					"trace":[
						"<android.app.PendingIntent: void send(android.content.Context,int,android.content.Intent,android.app.PendingIntent$OnFinished,android.os.Handler)>",
						"<android.app.PendingIntent: void send(android.content.Context,int,android.content.Intent,android.app.PendingIntent$OnFinished,android.os.Handler,java.lang.String)>"
					],
					"depth":1,
					"method":"<android.app.PendingIntent: void send(android.content.Context,int,android.content.Intent,android.app.PendingIntent$OnFinished,android.os.Handler)>",
					"source":"CALLER"
				},
				{
					"trace":[
						"<android.app.PendingIntent: void send(int,android.app.PendingIntent$OnFinished,android.os.Handler)>",
						"<android.app.PendingIntent: void send(android.content.Context,int,android.content.Intent,android.app.PendingIntent$OnFinished,android.os.Handler,java.lang.String)>"
					],
					"depth":1,
					"method":"<android.app.PendingIntent: void send(int,android.app.PendingIntent$OnFinished,android.os.Handler)>",
					"source":"CALLER"
				},
				{
					"trace":[
						"<android.app.PendingIntent: void send(int)>",
						"<android.app.PendingIntent: void send(android.content.Context,int,android.content.Intent,android.app.PendingIntent$OnFinished,android.os.Handler,java.lang.String)>"
					],
					"depth":1,
					"method":"<android.app.PendingIntent: void send(int)>",
					"source":"CALLER"
				}
			],
			"keyAPIDiffClass":[],
			"callerOfSingnlar2SourceVar":{
				"<android.app.PendingIntent: void send(android.content.Context,int,android.content.Intent,android.app.PendingIntent$OnFinished,android.os.Handler)>":"1, 2, 0, 3, 4",
				"<android.app.PendingIntent: void send(int,android.app.PendingIntent$OnFinished,android.os.Handler)>":"0, 1, 2",
				"<android.app.PendingIntent: void send(android.content.Context,int,android.content.Intent,android.app.PendingIntent$OnFinished,android.os.Handler,java.lang.String)>":"1, 2, 0, 3, 4, 5",
				"<android.media.session.MediaSessionLegacyHelper$MediaButtonListener: boolean onMediaButtonEvent(android.content.Intent)>":"0",
				"<android.app.PendingIntent: void send(android.content.Context,int,android.content.Intent)>":"1, 2, 0",
				"<android.media.session.MediaSessionLegacyHelper$SessionHolder$SessionCallback: boolean onMediaButtonEvent(android.content.Intent)>":"0",
				"<android.media.session.MediaSessionLegacyHelper: void sendKeyEvent(android.app.PendingIntent,android.content.Context,android.content.Intent)>":"2, 1",
				"<android.app.PendingIntent: void send(int)>":"0",
				"<android.media.session.MediaSessionLegacyHelper: void access$000(android.app.PendingIntent,android.content.Context,android.content.Intent)>":"2, 1",
				"<android.media.MediaFocusControl: void dispatchMediaKeyEvent(android.view.KeyEvent,boolean)>":"-1"
			}
		}
	]
}