{
	"exceptions":[
		{
			"method":"<android.hardware.location.GeofenceHardwareImpl: int getStatusOfMonitoringType(int)>",
			"message":"\\QUnknown monitoring type\\E",
			"relatedVarType":"ParaAndField",
			"relatedCondType":"Basic",
			"modifier":"public",
			"type":"java.lang.IllegalArgumentException",
			"osVersionRelated":false,
			"resourceRelated":false,
			"assessRelated":false,
			"hardwareRelated":true,
			"manifestRelated":false,
			"conditions":"i0 >= $i1, i0 >= 0",
			"paramValues":"@parameter0: int",
			"fieldValues":"<android.hardware.location.GeofenceHardwareImpl: int[] mSupportedMonitorTypes>",
			"relatedValues":"@parameter0: int; <android.hardware.location.GeofenceHardwareImpl: int[] mSupportedMonitorTypes>; ",
			"keyAPISameClassNum":6,
			"keyAPIDiffClassNum":6,
			"keyAPISameClass":[
				{
					"trace":[
						"<android.hardware.location.GeofenceHardwareImpl: int getStatusOfMonitoringType(int)>"
					],
					"depth":1,
					"method":"<android.hardware.location.GeofenceHardwareImpl: int[] getMonitoringTypes()>",
					"source":"FIELD"
				},
				{
					"trace":[
						"<android.hardware.location.GeofenceHardwareImpl: int getStatusOfMonitoringType(int)>"
					],
					"depth":1,
					"method":"<android.hardware.location.GeofenceHardwareImpl: int getStatusOfMonitoringType(int)>",
					"source":"FIELD"
				},
				{
					"trace":[
						"<android.hardware.location.GeofenceHardwareImpl: android.hardware.location.GeofenceHardwareImpl getInstance(android.content.Context)>",
						"<android.hardware.location.GeofenceHardwareImpl: void <init>(android.content.Context)>",
						"key field: <android.hardware.location.GeofenceHardwareImpl: int[] mSupportedMonitorTypes>",
						"<android.hardware.location.GeofenceHardwareImpl: int getStatusOfMonitoringType(int)>"
					],
					"depth":2,
					"method":"<android.hardware.location.GeofenceHardwareImpl: android.hardware.location.GeofenceHardwareImpl getInstance(android.content.Context)>",
					"source":"FIELDCALLER"
				},
				{
					"trace":[
						"<android.hardware.location.GeofenceHardwareImpl: void reportGeofenceMonitorStatus(int,int,android.location.Location,int)>",
						"<android.hardware.location.GeofenceHardwareImpl: void setMonitorAvailability(int,int)>",
						"key field: <android.hardware.location.GeofenceHardwareImpl: int[] mSupportedMonitorTypes>",
						"<android.hardware.location.GeofenceHardwareImpl: int getStatusOfMonitoringType(int)>"
					],
					"depth":2,
					"method":"<android.hardware.location.GeofenceHardwareImpl: void reportGeofenceMonitorStatus(int,int,android.location.Location,int)>",
					"source":"FIELDCALLER"
				},
				{
					"trace":[
						"<android.hardware.location.GeofenceHardwareImpl: void setGpsHardwareGeofence(android.location.IGpsGeofenceHardware)>",
						"<android.hardware.location.GeofenceHardwareImpl: void updateGpsHardwareAvailability()>",
						"<android.hardware.location.GeofenceHardwareImpl: void setMonitorAvailability(int,int)>",
						"key field: <android.hardware.location.GeofenceHardwareImpl: int[] mSupportedMonitorTypes>",
						"<android.hardware.location.GeofenceHardwareImpl: int getStatusOfMonitoringType(int)>"
					],
					"depth":3,
					"method":"<android.hardware.location.GeofenceHardwareImpl: void setGpsHardwareGeofence(android.location.IGpsGeofenceHardware)>",
					"source":"FIELDCALLER"
				},
				{
					"trace":[
						"<android.hardware.location.GeofenceHardwareImpl: void setFusedGeofenceHardware(android.location.IFusedGeofenceHardware)>",
						"<android.hardware.location.GeofenceHardwareImpl: void updateFusedHardwareAvailability()>",
						"<android.hardware.location.GeofenceHardwareImpl: void setMonitorAvailability(int,int)>",
						"key field: <android.hardware.location.GeofenceHardwareImpl: int[] mSupportedMonitorTypes>",
						"<android.hardware.location.GeofenceHardwareImpl: int getStatusOfMonitoringType(int)>"
					],
					"depth":3,
					"method":"<android.hardware.location.GeofenceHardwareImpl: void setFusedGeofenceHardware(android.location.IFusedGeofenceHardware)>",
					"source":"FIELDCALLER"
				}
			],
			"keyAPIDiffClass":[
				{
					"trace":[
						"<android.hardware.location.GeofenceHardwareService$1: int[] getMonitoringTypes()>",
						"<android.hardware.location.GeofenceHardwareImpl: int[] getMonitoringTypes()>",
						"key field: <android.hardware.location.GeofenceHardwareImpl: int[] mSupportedMonitorTypes>",
						"<android.hardware.location.GeofenceHardwareImpl: int getStatusOfMonitoringType(int)>"
					],
					"depth":2,
					"method":"<android.hardware.location.GeofenceHardwareService$1: int[] getMonitoringTypes()>",
					"source":"FIELDCALLER"
				},
				{
					"trace":[
						"<android.hardware.location.GeofenceHardwareService$1: int getStatusOfMonitoringType(int)>",
						"<android.hardware.location.GeofenceHardwareImpl: int getStatusOfMonitoringType(int)>",
						"key field: <android.hardware.location.GeofenceHardwareImpl: int[] mSupportedMonitorTypes>",
						"<android.hardware.location.GeofenceHardwareImpl: int getStatusOfMonitoringType(int)>"
					],
					"depth":2,
					"method":"<android.hardware.location.GeofenceHardwareService$1: int getStatusOfMonitoringType(int)>",
					"source":"FIELDCALLER"
				},
				{
					"trace":[
						"<android.hardware.location.GeofenceHardwareService: void onCreate()>",
						"<android.hardware.location.GeofenceHardwareImpl: android.hardware.location.GeofenceHardwareImpl getInstance(android.content.Context)>",
						"<android.hardware.location.GeofenceHardwareImpl: void <init>(android.content.Context)>",
						"key field: <android.hardware.location.GeofenceHardwareImpl: int[] mSupportedMonitorTypes>",
						"<android.hardware.location.GeofenceHardwareImpl: int getStatusOfMonitoringType(int)>"
					],
					"depth":3,
					"method":"<android.hardware.location.GeofenceHardwareService: void onCreate()>",
					"source":"FIELDCALLER"
				},
				{
					"trace":[
						"<android.hardware.location.IGeofenceHardware$Stub: boolean onTransact(int,android.os.Parcel,android.os.Parcel,int)>",
						"<android.hardware.location.GeofenceHardwareService$1: int[] getMonitoringTypes()>",
						"<android.hardware.location.GeofenceHardwareImpl: int[] getMonitoringTypes()>",
						"key field: <android.hardware.location.GeofenceHardwareImpl: int[] mSupportedMonitorTypes>",
						"<android.hardware.location.GeofenceHardwareImpl: int getStatusOfMonitoringType(int)>"
					],
					"depth":3,
					"method":"<android.hardware.location.IGeofenceHardware$Stub: boolean onTransact(int,android.os.Parcel,android.os.Parcel,int)>",
					"source":"FIELDCALLER"
				},
				{
					"trace":[
						"<android.hardware.location.GeofenceHardwareService$1: void setGpsGeofenceHardware(android.location.IGpsGeofenceHardware)>",
						"<android.hardware.location.GeofenceHardwareImpl: void setGpsHardwareGeofence(android.location.IGpsGeofenceHardware)>",
						"<android.hardware.location.GeofenceHardwareImpl: void updateGpsHardwareAvailability()>",
						"<android.hardware.location.GeofenceHardwareImpl: void setMonitorAvailability(int,int)>",
						"key field: <android.hardware.location.GeofenceHardwareImpl: int[] mSupportedMonitorTypes>",
						"<android.hardware.location.GeofenceHardwareImpl: int getStatusOfMonitoringType(int)>"
					],
					"depth":4,
					"method":"<android.hardware.location.GeofenceHardwareService$1: void setGpsGeofenceHardware(android.location.IGpsGeofenceHardware)>",
					"source":"FIELDCALLER"
				},
				{
					"trace":[
						"<android.hardware.location.GeofenceHardwareService$1: void setFusedGeofenceHardware(android.location.IFusedGeofenceHardware)>",
						"<android.hardware.location.GeofenceHardwareImpl: void setFusedGeofenceHardware(android.location.IFusedGeofenceHardware)>",
						"<android.hardware.location.GeofenceHardwareImpl: void updateFusedHardwareAvailability()>",
						"<android.hardware.location.GeofenceHardwareImpl: void setMonitorAvailability(int,int)>",
						"key field: <android.hardware.location.GeofenceHardwareImpl: int[] mSupportedMonitorTypes>",
						"<android.hardware.location.GeofenceHardwareImpl: int getStatusOfMonitoringType(int)>"
					],
					"depth":4,
					"method":"<android.hardware.location.GeofenceHardwareService$1: void setFusedGeofenceHardware(android.location.IFusedGeofenceHardware)>",
					"source":"FIELDCALLER"
				}
			],
			"callerOfSingnlar2SourceVar":{
				"<android.hardware.location.GeofenceHardwareImpl: int getStatusOfMonitoringType(int)>":"0",
				"<android.hardware.location.GeofenceHardwareService$1: int getStatusOfMonitoringType(int)>":"0"
			}
		},
		{
			"method":"<android.hardware.location.GeofenceHardwareImpl: boolean removeGeofence(int,int)>",
			"message":"\\QGeofence \\E[\\s\\S]*\\Q not registered.\\E",
			"relatedVarType":"ParaAndField",
			"relatedCondType":"Basic",
			"modifier":"public",
			"type":"java.lang.IllegalArgumentException",
			"osVersionRelated":false,
			"resourceRelated":false,
			"assessRelated":false,
			"hardwareRelated":true,
			"manifestRelated":false,
			"conditions":"$r3 != null, $z0 == 0",
			"paramValues":"@parameter0: int",
			"fieldValues":"<android.hardware.location.GeofenceHardwareImpl: android.util.SparseArray mGeofences>, <android.hardware.location.GeofenceHardwareImpl: boolean DEBUG>",
			"relatedValues":"@parameter0: int; <android.hardware.location.GeofenceHardwareImpl: android.util.SparseArray mGeofences>, <android.hardware.location.GeofenceHardwareImpl: boolean DEBUG>; ",
			"keyAPISameClassNum":5,
			"keyAPIDiffClassNum":17,
			"keyAPISameClass":[
				{
					"trace":[
						"<android.hardware.location.GeofenceHardwareImpl: boolean removeGeofence(int,int)>"
					],
					"depth":1,
					"method":"<android.hardware.location.GeofenceHardwareImpl: boolean addCircularFence(int,android.hardware.location.GeofenceHardwareRequestParcelable,android.hardware.location.IGeofenceHardwareCallback)>",
					"source":"FIELD"
				},
				{
					"trace":[
						"<android.hardware.location.GeofenceHardwareImpl: boolean removeGeofence(int,int)>"
					],
					"depth":1,
					"method":"<android.hardware.location.GeofenceHardwareImpl: boolean removeGeofence(int,int)>",
					"source":"FIELD"
				},
				{
					"trace":[
						"<android.hardware.location.GeofenceHardwareImpl: boolean removeGeofence(int,int)>"
					],
					"depth":1,
					"method":"<android.hardware.location.GeofenceHardwareImpl: boolean pauseGeofence(int,int)>",
					"source":"FIELD"
				},
				{
					"trace":[
						"<android.hardware.location.GeofenceHardwareImpl: boolean removeGeofence(int,int)>"
					],
					"depth":1,
					"method":"<android.hardware.location.GeofenceHardwareImpl: boolean resumeGeofence(int,int,int)>",
					"source":"FIELD"
				},
				{
					"trace":[
						"<android.hardware.location.GeofenceHardwareImpl: android.hardware.location.GeofenceHardwareImpl getInstance(android.content.Context)>",
						"<android.hardware.location.GeofenceHardwareImpl: void <init>(android.content.Context)>",
						"key field: <android.hardware.location.GeofenceHardwareImpl: android.util.SparseArray mGeofences>",
						"<android.hardware.location.GeofenceHardwareImpl: boolean removeGeofence(int,int)>"
					],
					"depth":2,
					"method":"<android.hardware.location.GeofenceHardwareImpl: android.hardware.location.GeofenceHardwareImpl getInstance(android.content.Context)>",
					"source":"FIELDCALLER"
				}
			],
			"keyAPIDiffClass":[
				{
					"trace":[
						"<android.hardware.location.GeofenceHardwareService$1: boolean addCircularFence(int,android.hardware.location.GeofenceHardwareRequestParcelable,android.hardware.location.IGeofenceHardwareCallback)>",
						"<android.hardware.location.GeofenceHardwareImpl: boolean addCircularFence(int,android.hardware.location.GeofenceHardwareRequestParcelable,android.hardware.location.IGeofenceHardwareCallback)>",
						"key field: <android.hardware.location.GeofenceHardwareImpl: android.util.SparseArray mGeofences>",
						"<android.hardware.location.GeofenceHardwareImpl: boolean removeGeofence(int,int)>"
					],
					"depth":2,
					"method":"<android.hardware.location.GeofenceHardwareService$1: boolean addCircularFence(int,android.hardware.location.GeofenceHardwareRequestParcelable,android.hardware.location.IGeofenceHardwareCallback)>",
					"source":"FIELDCALLER"
				},
				{
					"trace":[
						"<android.hardware.location.GeofenceHardwareImpl$1: void handleMessage(android.os.Message)>",
						"<android.hardware.location.GeofenceHardwareImpl: boolean removeGeofence(int,int)>",
						"key field: <android.hardware.location.GeofenceHardwareImpl: android.util.SparseArray mGeofences>",
						"<android.hardware.location.GeofenceHardwareImpl: boolean removeGeofence(int,int)>"
					],
					"depth":2,
					"method":"<android.hardware.location.GeofenceHardwareImpl$1: void handleMessage(android.os.Message)>",
					"source":"FIELDCALLER"
				},
				{
					"trace":[
						"<android.hardware.location.GeofenceHardwareService$1: boolean removeGeofence(int,int)>",
						"<android.hardware.location.GeofenceHardwareImpl: boolean removeGeofence(int,int)>",
						"key field: <android.hardware.location.GeofenceHardwareImpl: android.util.SparseArray mGeofences>",
						"<android.hardware.location.GeofenceHardwareImpl: boolean removeGeofence(int,int)>"
					],
					"depth":2,
					"method":"<android.hardware.location.GeofenceHardwareService$1: boolean removeGeofence(int,int)>",
					"source":"FIELDCALLER"
				},
				{
					"trace":[
						"<android.hardware.location.GeofenceHardwareService$1: boolean pauseGeofence(int,int)>",
						"<android.hardware.location.GeofenceHardwareImpl: boolean pauseGeofence(int,int)>",
						"key field: <android.hardware.location.GeofenceHardwareImpl: android.util.SparseArray mGeofences>",
						"<android.hardware.location.GeofenceHardwareImpl: boolean removeGeofence(int,int)>"
					],
					"depth":2,
					"method":"<android.hardware.location.GeofenceHardwareService$1: boolean pauseGeofence(int,int)>",
					"source":"FIELDCALLER"
				},
				{
					"trace":[
						"<android.hardware.location.GeofenceHardwareService$1: boolean resumeGeofence(int,int,int)>",
						"<android.hardware.location.GeofenceHardwareImpl: boolean resumeGeofence(int,int,int)>",
						"key field: <android.hardware.location.GeofenceHardwareImpl: android.util.SparseArray mGeofences>",
						"<android.hardware.location.GeofenceHardwareImpl: boolean removeGeofence(int,int)>"
					],
					"depth":2,
					"method":"<android.hardware.location.GeofenceHardwareService$1: boolean resumeGeofence(int,int,int)>",
					"source":"FIELDCALLER"
				},
				{
					"trace":[
						"<android.hardware.location.GeofenceHardwareImpl$3: void handleMessage(android.os.Message)>",
						"<android.hardware.location.GeofenceHardwareImpl: void <clinit>()>",
						"key field: <android.hardware.location.GeofenceHardwareImpl: boolean DEBUG>",
						"<android.hardware.location.GeofenceHardwareImpl: boolean removeGeofence(int,int)>"
					],
					"depth":2,
					"method":"<android.hardware.location.GeofenceHardwareImpl$3: void handleMessage(android.os.Message)>",
					"source":"FIELDCALLER"
				},
				{
					"trace":[
						"<android.hardware.location.GeofenceHardwareService: void onCreate()>",
						"<android.hardware.location.GeofenceHardwareImpl: android.hardware.location.GeofenceHardwareImpl getInstance(android.content.Context)>",
						"<android.hardware.location.GeofenceHardwareImpl: void <init>(android.content.Context)>",
						"key field: <android.hardware.location.GeofenceHardwareImpl: android.util.SparseArray mGeofences>",
						"<android.hardware.location.GeofenceHardwareImpl: boolean removeGeofence(int,int)>"
					],
					"depth":3,
					"method":"<android.hardware.location.GeofenceHardwareService: void onCreate()>",
					"source":"FIELDCALLER"
				},
				{
					"trace":[
						"<android.hardware.location.IGeofenceHardware$Stub: boolean onTransact(int,android.os.Parcel,android.os.Parcel,int)>",
						"<android.hardware.location.GeofenceHardwareService$1: boolean addCircularFence(int,android.hardware.location.GeofenceHardwareRequestParcelable,android.hardware.location.IGeofenceHardwareCallback)>",
						"<android.hardware.location.GeofenceHardwareImpl: boolean addCircularFence(int,android.hardware.location.GeofenceHardwareRequestParcelable,android.hardware.location.IGeofenceHardwareCallback)>",
						"key field: <android.hardware.location.GeofenceHardwareImpl: android.util.SparseArray mGeofences>",
						"<android.hardware.location.GeofenceHardwareImpl: boolean removeGeofence(int,int)>"
					],
					"depth":3,
					"method":"<android.hardware.location.IGeofenceHardware$Stub: boolean onTransact(int,android.os.Parcel,android.os.Parcel,int)>",
					"source":"FIELDCALLER"
				},
				{
					"trace":[
						"<android.hardware.camera2.legacy.RequestHandlerThread: void waitUntilIdle()>",
						"<android.hardware.location.GeofenceHardwareImpl$1: void handleMessage(android.os.Message)>",
						"<android.hardware.location.GeofenceHardwareImpl: boolean removeGeofence(int,int)>",
						"key field: <android.hardware.location.GeofenceHardwareImpl: android.util.SparseArray mGeofences>",
						"<android.hardware.location.GeofenceHardwareImpl: boolean removeGeofence(int,int)>"
					],
					"depth":3,
					"method":"<android.hardware.camera2.legacy.RequestHandlerThread: void waitUntilIdle()>",
					"source":"FIELDCALLER"
				},
				{
					"trace":[
						"<android.hardware.camera2.legacy.GLThreadManager: void allowNewFrames()>",
						"<android.hardware.location.GeofenceHardwareImpl$1: void handleMessage(android.os.Message)>",
						"<android.hardware.location.GeofenceHardwareImpl: boolean removeGeofence(int,int)>",
						"key field: <android.hardware.location.GeofenceHardwareImpl: android.util.SparseArray mGeofences>",
						"<android.hardware.location.GeofenceHardwareImpl: boolean removeGeofence(int,int)>"
					],
					"depth":3,
					"method":"<android.hardware.camera2.legacy.GLThreadManager: void allowNewFrames()>",
					"source":"FIELDCALLER"
				},
				{
					"trace":[
						"<android.hardware.camera2.legacy.GLThreadManager: void ignoreNewFrames()>",
						"<android.hardware.location.GeofenceHardwareImpl$1: void handleMessage(android.os.Message)>",
						"<android.hardware.location.GeofenceHardwareImpl: boolean removeGeofence(int,int)>",
						"key field: <android.hardware.location.GeofenceHardwareImpl: android.util.SparseArray mGeofences>",
						"<android.hardware.location.GeofenceHardwareImpl: boolean removeGeofence(int,int)>"
					],
					"depth":3,
					"method":"<android.hardware.camera2.legacy.GLThreadManager: void ignoreNewFrames()>",
					"source":"FIELDCALLER"
				},
				{
					"trace":[
						"<android.hardware.camera2.legacy.GLThreadManager: void quit()>",
						"<android.hardware.location.GeofenceHardwareImpl$1: void handleMessage(android.os.Message)>",
						"<android.hardware.location.GeofenceHardwareImpl: boolean removeGeofence(int,int)>",
						"key field: <android.hardware.location.GeofenceHardwareImpl: android.util.SparseArray mGeofences>",
						"<android.hardware.location.GeofenceHardwareImpl: boolean removeGeofence(int,int)>"
					],
					"depth":3,
					"method":"<android.hardware.camera2.legacy.GLThreadManager: void quit()>",
					"source":"FIELDCALLER"
				},
				{
					"trace":[
						"<android.widget.Filter$RequestHandler: void handleMessage(android.os.Message)>",
						"<android.hardware.location.GeofenceHardwareImpl$1: void handleMessage(android.os.Message)>",
						"<android.hardware.location.GeofenceHardwareImpl: boolean removeGeofence(int,int)>",
						"key field: <android.hardware.location.GeofenceHardwareImpl: android.util.SparseArray mGeofences>",
						"<android.hardware.location.GeofenceHardwareImpl: boolean removeGeofence(int,int)>"
					],
					"depth":3,
					"method":"<android.widget.Filter$RequestHandler: void handleMessage(android.os.Message)>",
					"source":"FIELDCALLER"
				},
				{
					"trace":[
						"<android.hardware.location.GeofenceHardwareImpl$2: void handleMessage(android.os.Message)>",
						"<android.hardware.location.GeofenceHardwareImpl: boolean access$300()>",
						"<android.hardware.location.GeofenceHardwareImpl: void <clinit>()>",
						"key field: <android.hardware.location.GeofenceHardwareImpl: boolean DEBUG>",
						"<android.hardware.location.GeofenceHardwareImpl: boolean removeGeofence(int,int)>"
					],
					"depth":3,
					"method":"<android.hardware.location.GeofenceHardwareImpl$2: void handleMessage(android.os.Message)>",
					"source":"FIELDCALLER"
				},
				{
					"trace":[
						"<android.hardware.camera2.legacy.GLThreadManager: void waitUntilIdle()>",
						"<android.hardware.camera2.legacy.RequestHandlerThread: void waitUntilIdle()>",
						"<android.hardware.location.GeofenceHardwareImpl$1: void handleMessage(android.os.Message)>",
						"<android.hardware.location.GeofenceHardwareImpl: boolean removeGeofence(int,int)>",
						"key field: <android.hardware.location.GeofenceHardwareImpl: android.util.SparseArray mGeofences>",
						"<android.hardware.location.GeofenceHardwareImpl: boolean removeGeofence(int,int)>"
					],
					"depth":4,
					"method":"<android.hardware.camera2.legacy.GLThreadManager: void waitUntilIdle()>",
					"source":"FIELDCALLER"
				},
				{
					"trace":[
						"<android.hardware.camera2.legacy.RequestThreadManager$5: boolean handleMessage(android.os.Message)>",
						"<android.hardware.camera2.legacy.RequestThreadManager: void access$800(android.hardware.camera2.legacy.RequestThreadManager,java.util.Collection)>",
						"<android.hardware.camera2.legacy.RequestThreadManager: void configureOutputs(java.util.Collection)>",
						"<android.hardware.camera2.legacy.GLThreadManager: void waitUntilIdle()>",
						"<android.hardware.camera2.legacy.RequestHandlerThread: void waitUntilIdle()>",
						"<android.hardware.location.GeofenceHardwareImpl$1: void handleMessage(android.os.Message)>",
						"<android.hardware.location.GeofenceHardwareImpl: boolean removeGeofence(int,int)>",
						"key field: <android.hardware.location.GeofenceHardwareImpl: android.util.SparseArray mGeofences>",
						"<android.hardware.location.GeofenceHardwareImpl: boolean removeGeofence(int,int)>"
					],
					"depth":7,
					"method":"<android.hardware.camera2.legacy.RequestThreadManager$5: boolean handleMessage(android.os.Message)>",
					"source":"FIELDCALLER"
				},
				{
					"trace":[
						"<android.os.Handler$Callback: boolean handleMessage(android.os.Message)>",
						"<android.hardware.camera2.legacy.RequestThreadManager: void access$800(android.hardware.camera2.legacy.RequestThreadManager,java.util.Collection)>",
						"<android.hardware.camera2.legacy.RequestThreadManager: void configureOutputs(java.util.Collection)>",
						"<android.hardware.camera2.legacy.GLThreadManager: void waitUntilIdle()>",
						"<android.hardware.camera2.legacy.RequestHandlerThread: void waitUntilIdle()>",
						"<android.hardware.location.GeofenceHardwareImpl$1: void handleMessage(android.os.Message)>",
						"<android.hardware.location.GeofenceHardwareImpl: boolean removeGeofence(int,int)>",
						"key field: <android.hardware.location.GeofenceHardwareImpl: android.util.SparseArray mGeofences>",
						"<android.hardware.location.GeofenceHardwareImpl: boolean removeGeofence(int,int)>"
					],
					"depth":7,
					"method":"<android.os.Handler$Callback: boolean handleMessage(android.os.Message)>",
					"source":"FIELDCALLER"
				}
			],
			"callerOfSingnlar2SourceVar":{
				"<android.hardware.location.GeofenceHardwareService$1: boolean removeGeofence(int,int)>":"0",
				"<android.hardware.location.GeofenceHardwareImpl: boolean removeGeofence(int,int)>":"0"
			}
		},
		{
			"method":"<android.hardware.location.GeofenceHardwareImpl: boolean pauseGeofence(int,int)>",
			"message":"\\QGeofence \\E[\\s\\S]*\\Q not registered.\\E",
			"relatedVarType":"ParaAndField",
			"relatedCondType":"Basic",
			"modifier":"public",
			"type":"java.lang.IllegalArgumentException",
			"osVersionRelated":false,
			"resourceRelated":false,
			"assessRelated":false,
			"hardwareRelated":true,
			"manifestRelated":false,
			"conditions":"$r3 != null, $z0 == 0",
			"paramValues":"@parameter0: int",
			"fieldValues":"<android.hardware.location.GeofenceHardwareImpl: android.util.SparseArray mGeofences>, <android.hardware.location.GeofenceHardwareImpl: boolean DEBUG>",
			"relatedValues":"@parameter0: int; <android.hardware.location.GeofenceHardwareImpl: android.util.SparseArray mGeofences>, <android.hardware.location.GeofenceHardwareImpl: boolean DEBUG>; ",
			"keyAPISameClassNum":5,
			"keyAPIDiffClassNum":17,
			"keyAPISameClass":[
				{
					"trace":[
						"<android.hardware.location.GeofenceHardwareImpl: boolean pauseGeofence(int,int)>"
					],
					"depth":1,
					"method":"<android.hardware.location.GeofenceHardwareImpl: boolean addCircularFence(int,android.hardware.location.GeofenceHardwareRequestParcelable,android.hardware.location.IGeofenceHardwareCallback)>",
					"source":"FIELD"
				},
				{
					"trace":[
						"<android.hardware.location.GeofenceHardwareImpl: boolean pauseGeofence(int,int)>"
					],
					"depth":1,
					"method":"<android.hardware.location.GeofenceHardwareImpl: boolean removeGeofence(int,int)>",
					"source":"FIELD"
				},
				{
					"trace":[
						"<android.hardware.location.GeofenceHardwareImpl: boolean pauseGeofence(int,int)>"
					],
					"depth":1,
					"method":"<android.hardware.location.GeofenceHardwareImpl: boolean pauseGeofence(int,int)>",
					"source":"FIELD"
				},
				{
					"trace":[
						"<android.hardware.location.GeofenceHardwareImpl: boolean pauseGeofence(int,int)>"
					],
					"depth":1,
					"method":"<android.hardware.location.GeofenceHardwareImpl: boolean resumeGeofence(int,int,int)>",
					"source":"FIELD"
				},
				{
					"trace":[
						"<android.hardware.location.GeofenceHardwareImpl: android.hardware.location.GeofenceHardwareImpl getInstance(android.content.Context)>",
						"<android.hardware.location.GeofenceHardwareImpl: void <init>(android.content.Context)>",
						"key field: <android.hardware.location.GeofenceHardwareImpl: android.util.SparseArray mGeofences>",
						"<android.hardware.location.GeofenceHardwareImpl: boolean pauseGeofence(int,int)>"
					],
					"depth":2,
					"method":"<android.hardware.location.GeofenceHardwareImpl: android.hardware.location.GeofenceHardwareImpl getInstance(android.content.Context)>",
					"source":"FIELDCALLER"
				}
			],
			"keyAPIDiffClass":[
				{
					"trace":[
						"<android.hardware.location.GeofenceHardwareService$1: boolean addCircularFence(int,android.hardware.location.GeofenceHardwareRequestParcelable,android.hardware.location.IGeofenceHardwareCallback)>",
						"<android.hardware.location.GeofenceHardwareImpl: boolean addCircularFence(int,android.hardware.location.GeofenceHardwareRequestParcelable,android.hardware.location.IGeofenceHardwareCallback)>",
						"key field: <android.hardware.location.GeofenceHardwareImpl: android.util.SparseArray mGeofences>",
						"<android.hardware.location.GeofenceHardwareImpl: boolean pauseGeofence(int,int)>"
					],
					"depth":2,
					"method":"<android.hardware.location.GeofenceHardwareService$1: boolean addCircularFence(int,android.hardware.location.GeofenceHardwareRequestParcelable,android.hardware.location.IGeofenceHardwareCallback)>",
					"source":"FIELDCALLER"
				},
				{
					"trace":[
						"<android.hardware.location.GeofenceHardwareImpl$1: void handleMessage(android.os.Message)>",
						"<android.hardware.location.GeofenceHardwareImpl: boolean removeGeofence(int,int)>",
						"key field: <android.hardware.location.GeofenceHardwareImpl: android.util.SparseArray mGeofences>",
						"<android.hardware.location.GeofenceHardwareImpl: boolean pauseGeofence(int,int)>"
					],
					"depth":2,
					"method":"<android.hardware.location.GeofenceHardwareImpl$1: void handleMessage(android.os.Message)>",
					"source":"FIELDCALLER"
				},
				{
					"trace":[
						"<android.hardware.location.GeofenceHardwareService$1: boolean removeGeofence(int,int)>",
						"<android.hardware.location.GeofenceHardwareImpl: boolean removeGeofence(int,int)>",
						"key field: <android.hardware.location.GeofenceHardwareImpl: android.util.SparseArray mGeofences>",
						"<android.hardware.location.GeofenceHardwareImpl: boolean pauseGeofence(int,int)>"
					],
					"depth":2,
					"method":"<android.hardware.location.GeofenceHardwareService$1: boolean removeGeofence(int,int)>",
					"source":"FIELDCALLER"
				},
				{
					"trace":[
						"<android.hardware.location.GeofenceHardwareService$1: boolean pauseGeofence(int,int)>",
						"<android.hardware.location.GeofenceHardwareImpl: boolean pauseGeofence(int,int)>",
						"key field: <android.hardware.location.GeofenceHardwareImpl: android.util.SparseArray mGeofences>",
						"<android.hardware.location.GeofenceHardwareImpl: boolean pauseGeofence(int,int)>"
					],
					"depth":2,
					"method":"<android.hardware.location.GeofenceHardwareService$1: boolean pauseGeofence(int,int)>",
					"source":"FIELDCALLER"
				},
				{
					"trace":[
						"<android.hardware.location.GeofenceHardwareService$1: boolean resumeGeofence(int,int,int)>",
						"<android.hardware.location.GeofenceHardwareImpl: boolean resumeGeofence(int,int,int)>",
						"key field: <android.hardware.location.GeofenceHardwareImpl: android.util.SparseArray mGeofences>",
						"<android.hardware.location.GeofenceHardwareImpl: boolean pauseGeofence(int,int)>"
					],
					"depth":2,
					"method":"<android.hardware.location.GeofenceHardwareService$1: boolean resumeGeofence(int,int,int)>",
					"source":"FIELDCALLER"
				},
				{
					"trace":[
						"<android.hardware.location.GeofenceHardwareImpl$3: void handleMessage(android.os.Message)>",
						"<android.hardware.location.GeofenceHardwareImpl: void <clinit>()>",
						"key field: <android.hardware.location.GeofenceHardwareImpl: boolean DEBUG>",
						"<android.hardware.location.GeofenceHardwareImpl: boolean pauseGeofence(int,int)>"
					],
					"depth":2,
					"method":"<android.hardware.location.GeofenceHardwareImpl$3: void handleMessage(android.os.Message)>",
					"source":"FIELDCALLER"
				},
				{
					"trace":[
						"<android.hardware.location.GeofenceHardwareService: void onCreate()>",
						"<android.hardware.location.GeofenceHardwareImpl: android.hardware.location.GeofenceHardwareImpl getInstance(android.content.Context)>",
						"<android.hardware.location.GeofenceHardwareImpl: void <init>(android.content.Context)>",
						"key field: <android.hardware.location.GeofenceHardwareImpl: android.util.SparseArray mGeofences>",
						"<android.hardware.location.GeofenceHardwareImpl: boolean pauseGeofence(int,int)>"
					],
					"depth":3,
					"method":"<android.hardware.location.GeofenceHardwareService: void onCreate()>",
					"source":"FIELDCALLER"
				},
				{
					"trace":[
						"<android.hardware.location.IGeofenceHardware$Stub: boolean onTransact(int,android.os.Parcel,android.os.Parcel,int)>",
						"<android.hardware.location.GeofenceHardwareService$1: boolean addCircularFence(int,android.hardware.location.GeofenceHardwareRequestParcelable,android.hardware.location.IGeofenceHardwareCallback)>",
						"<android.hardware.location.GeofenceHardwareImpl: boolean addCircularFence(int,android.hardware.location.GeofenceHardwareRequestParcelable,android.hardware.location.IGeofenceHardwareCallback)>",
						"key field: <android.hardware.location.GeofenceHardwareImpl: android.util.SparseArray mGeofences>",
						"<android.hardware.location.GeofenceHardwareImpl: boolean pauseGeofence(int,int)>"
					],
					"depth":3,
					"method":"<android.hardware.location.IGeofenceHardware$Stub: boolean onTransact(int,android.os.Parcel,android.os.Parcel,int)>",
					"source":"FIELDCALLER"
				},
				{
					"trace":[
						"<android.hardware.camera2.legacy.RequestHandlerThread: void waitUntilIdle()>",
						"<android.hardware.location.GeofenceHardwareImpl$1: void handleMessage(android.os.Message)>",
						"<android.hardware.location.GeofenceHardwareImpl: boolean removeGeofence(int,int)>",
						"key field: <android.hardware.location.GeofenceHardwareImpl: android.util.SparseArray mGeofences>",
						"<android.hardware.location.GeofenceHardwareImpl: boolean pauseGeofence(int,int)>"
					],
					"depth":3,
					"method":"<android.hardware.camera2.legacy.RequestHandlerThread: void waitUntilIdle()>",
					"source":"FIELDCALLER"
				},
				{
					"trace":[
						"<android.hardware.camera2.legacy.GLThreadManager: void allowNewFrames()>",
						"<android.hardware.location.GeofenceHardwareImpl$1: void handleMessage(android.os.Message)>",
						"<android.hardware.location.GeofenceHardwareImpl: boolean removeGeofence(int,int)>",
						"key field: <android.hardware.location.GeofenceHardwareImpl: android.util.SparseArray mGeofences>",
						"<android.hardware.location.GeofenceHardwareImpl: boolean pauseGeofence(int,int)>"
					],
					"depth":3,
					"method":"<android.hardware.camera2.legacy.GLThreadManager: void allowNewFrames()>",
					"source":"FIELDCALLER"
				},
				{
					"trace":[
						"<android.hardware.camera2.legacy.GLThreadManager: void ignoreNewFrames()>",
						"<android.hardware.location.GeofenceHardwareImpl$1: void handleMessage(android.os.Message)>",
						"<android.hardware.location.GeofenceHardwareImpl: boolean removeGeofence(int,int)>",
						"key field: <android.hardware.location.GeofenceHardwareImpl: android.util.SparseArray mGeofences>",
						"<android.hardware.location.GeofenceHardwareImpl: boolean pauseGeofence(int,int)>"
					],
					"depth":3,
					"method":"<android.hardware.camera2.legacy.GLThreadManager: void ignoreNewFrames()>",
					"source":"FIELDCALLER"
				},
				{
					"trace":[
						"<android.hardware.camera2.legacy.GLThreadManager: void quit()>",
						"<android.hardware.location.GeofenceHardwareImpl$1: void handleMessage(android.os.Message)>",
						"<android.hardware.location.GeofenceHardwareImpl: boolean removeGeofence(int,int)>",
						"key field: <android.hardware.location.GeofenceHardwareImpl: android.util.SparseArray mGeofences>",
						"<android.hardware.location.GeofenceHardwareImpl: boolean pauseGeofence(int,int)>"
					],
					"depth":3,
					"method":"<android.hardware.camera2.legacy.GLThreadManager: void quit()>",
					"source":"FIELDCALLER"
				},
				{
					"trace":[
						"<android.widget.Filter$RequestHandler: void handleMessage(android.os.Message)>",
						"<android.hardware.location.GeofenceHardwareImpl$1: void handleMessage(android.os.Message)>",
						"<android.hardware.location.GeofenceHardwareImpl: boolean removeGeofence(int,int)>",
						"key field: <android.hardware.location.GeofenceHardwareImpl: android.util.SparseArray mGeofences>",
						"<android.hardware.location.GeofenceHardwareImpl: boolean pauseGeofence(int,int)>"
					],
					"depth":3,
					"method":"<android.widget.Filter$RequestHandler: void handleMessage(android.os.Message)>",
					"source":"FIELDCALLER"
				},
				{
					"trace":[
						"<android.hardware.location.GeofenceHardwareImpl$2: void handleMessage(android.os.Message)>",
						"<android.hardware.location.GeofenceHardwareImpl: boolean access$300()>",
						"<android.hardware.location.GeofenceHardwareImpl: void <clinit>()>",
						"key field: <android.hardware.location.GeofenceHardwareImpl: boolean DEBUG>",
						"<android.hardware.location.GeofenceHardwareImpl: boolean pauseGeofence(int,int)>"
					],
					"depth":3,
					"method":"<android.hardware.location.GeofenceHardwareImpl$2: void handleMessage(android.os.Message)>",
					"source":"FIELDCALLER"
				},
				{
					"trace":[
						"<android.hardware.camera2.legacy.GLThreadManager: void waitUntilIdle()>",
						"<android.hardware.camera2.legacy.RequestHandlerThread: void waitUntilIdle()>",
						"<android.hardware.location.GeofenceHardwareImpl$1: void handleMessage(android.os.Message)>",
						"<android.hardware.location.GeofenceHardwareImpl: boolean removeGeofence(int,int)>",
						"key field: <android.hardware.location.GeofenceHardwareImpl: android.util.SparseArray mGeofences>",
						"<android.hardware.location.GeofenceHardwareImpl: boolean pauseGeofence(int,int)>"
					],
					"depth":4,
					"method":"<android.hardware.camera2.legacy.GLThreadManager: void waitUntilIdle()>",
					"source":"FIELDCALLER"
				},
				{
					"trace":[
						"<android.hardware.camera2.legacy.RequestThreadManager$5: boolean handleMessage(android.os.Message)>",
						"<android.hardware.camera2.legacy.RequestThreadManager: void access$800(android.hardware.camera2.legacy.RequestThreadManager,java.util.Collection)>",
						"<android.hardware.camera2.legacy.RequestThreadManager: void configureOutputs(java.util.Collection)>",
						"<android.hardware.camera2.legacy.GLThreadManager: void waitUntilIdle()>",
						"<android.hardware.camera2.legacy.RequestHandlerThread: void waitUntilIdle()>",
						"<android.hardware.location.GeofenceHardwareImpl$1: void handleMessage(android.os.Message)>",
						"<android.hardware.location.GeofenceHardwareImpl: boolean removeGeofence(int,int)>",
						"key field: <android.hardware.location.GeofenceHardwareImpl: android.util.SparseArray mGeofences>",
						"<android.hardware.location.GeofenceHardwareImpl: boolean pauseGeofence(int,int)>"
					],
					"depth":7,
					"method":"<android.hardware.camera2.legacy.RequestThreadManager$5: boolean handleMessage(android.os.Message)>",
					"source":"FIELDCALLER"
				},
				{
					"trace":[
						"<android.os.Handler$Callback: boolean handleMessage(android.os.Message)>",
						"<android.hardware.camera2.legacy.RequestThreadManager: void access$800(android.hardware.camera2.legacy.RequestThreadManager,java.util.Collection)>",
						"<android.hardware.camera2.legacy.RequestThreadManager: void configureOutputs(java.util.Collection)>",
						"<android.hardware.camera2.legacy.GLThreadManager: void waitUntilIdle()>",
						"<android.hardware.camera2.legacy.RequestHandlerThread: void waitUntilIdle()>",
						"<android.hardware.location.GeofenceHardwareImpl$1: void handleMessage(android.os.Message)>",
						"<android.hardware.location.GeofenceHardwareImpl: boolean removeGeofence(int,int)>",
						"key field: <android.hardware.location.GeofenceHardwareImpl: android.util.SparseArray mGeofences>",
						"<android.hardware.location.GeofenceHardwareImpl: boolean pauseGeofence(int,int)>"
					],
					"depth":7,
					"method":"<android.os.Handler$Callback: boolean handleMessage(android.os.Message)>",
					"source":"FIELDCALLER"
				}
			],
			"callerOfSingnlar2SourceVar":{
				"<android.hardware.location.GeofenceHardwareImpl: boolean pauseGeofence(int,int)>":"0",
				"<android.hardware.location.GeofenceHardwareService$1: boolean pauseGeofence(int,int)>":"0"
			}
		},
		{
			"method":"<android.hardware.location.GeofenceHardwareImpl: boolean resumeGeofence(int,int,int)>",
			"message":"\\QGeofence \\E[\\s\\S]*\\Q not registered.\\E",
			"relatedVarType":"ParaAndField",
			"relatedCondType":"Basic",
			"modifier":"public",
			"type":"java.lang.IllegalArgumentException",
			"osVersionRelated":false,
			"resourceRelated":false,
			"assessRelated":false,
			"hardwareRelated":true,
			"manifestRelated":false,
			"conditions":"$r3 != null, $z0 == 0",
			"paramValues":"@parameter0: int",
			"fieldValues":"<android.hardware.location.GeofenceHardwareImpl: android.util.SparseArray mGeofences>, <android.hardware.location.GeofenceHardwareImpl: boolean DEBUG>",
			"relatedValues":"@parameter0: int; <android.hardware.location.GeofenceHardwareImpl: android.util.SparseArray mGeofences>, <android.hardware.location.GeofenceHardwareImpl: boolean DEBUG>; ",
			"keyAPISameClassNum":5,
			"keyAPIDiffClassNum":17,
			"keyAPISameClass":[
				{
					"trace":[
						"<android.hardware.location.GeofenceHardwareImpl: boolean resumeGeofence(int,int,int)>"
					],
					"depth":1,
					"method":"<android.hardware.location.GeofenceHardwareImpl: boolean addCircularFence(int,android.hardware.location.GeofenceHardwareRequestParcelable,android.hardware.location.IGeofenceHardwareCallback)>",
					"source":"FIELD"
				},
				{
					"trace":[
						"<android.hardware.location.GeofenceHardwareImpl: boolean resumeGeofence(int,int,int)>"
					],
					"depth":1,
					"method":"<android.hardware.location.GeofenceHardwareImpl: boolean removeGeofence(int,int)>",
					"source":"FIELD"
				},
				{
					"trace":[
						"<android.hardware.location.GeofenceHardwareImpl: boolean resumeGeofence(int,int,int)>"
					],
					"depth":1,
					"method":"<android.hardware.location.GeofenceHardwareImpl: boolean pauseGeofence(int,int)>",
					"source":"FIELD"
				},
				{
					"trace":[
						"<android.hardware.location.GeofenceHardwareImpl: boolean resumeGeofence(int,int,int)>"
					],
					"depth":1,
					"method":"<android.hardware.location.GeofenceHardwareImpl: boolean resumeGeofence(int,int,int)>",
					"source":"FIELD"
				},
				{
					"trace":[
						"<android.hardware.location.GeofenceHardwareImpl: android.hardware.location.GeofenceHardwareImpl getInstance(android.content.Context)>",
						"<android.hardware.location.GeofenceHardwareImpl: void <init>(android.content.Context)>",
						"key field: <android.hardware.location.GeofenceHardwareImpl: android.util.SparseArray mGeofences>",
						"<android.hardware.location.GeofenceHardwareImpl: boolean resumeGeofence(int,int,int)>"
					],
					"depth":2,
					"method":"<android.hardware.location.GeofenceHardwareImpl: android.hardware.location.GeofenceHardwareImpl getInstance(android.content.Context)>",
					"source":"FIELDCALLER"
				}
			],
			"keyAPIDiffClass":[
				{
					"trace":[
						"<android.hardware.location.GeofenceHardwareService$1: boolean addCircularFence(int,android.hardware.location.GeofenceHardwareRequestParcelable,android.hardware.location.IGeofenceHardwareCallback)>",
						"<android.hardware.location.GeofenceHardwareImpl: boolean addCircularFence(int,android.hardware.location.GeofenceHardwareRequestParcelable,android.hardware.location.IGeofenceHardwareCallback)>",
						"key field: <android.hardware.location.GeofenceHardwareImpl: android.util.SparseArray mGeofences>",
						"<android.hardware.location.GeofenceHardwareImpl: boolean resumeGeofence(int,int,int)>"
					],
					"depth":2,
					"method":"<android.hardware.location.GeofenceHardwareService$1: boolean addCircularFence(int,android.hardware.location.GeofenceHardwareRequestParcelable,android.hardware.location.IGeofenceHardwareCallback)>",
					"source":"FIELDCALLER"
				},
				{
					"trace":[
						"<android.hardware.location.GeofenceHardwareImpl$1: void handleMessage(android.os.Message)>",
						"<android.hardware.location.GeofenceHardwareImpl: boolean removeGeofence(int,int)>",
						"key field: <android.hardware.location.GeofenceHardwareImpl: android.util.SparseArray mGeofences>",
						"<android.hardware.location.GeofenceHardwareImpl: boolean resumeGeofence(int,int,int)>"
					],
					"depth":2,
					"method":"<android.hardware.location.GeofenceHardwareImpl$1: void handleMessage(android.os.Message)>",
					"source":"FIELDCALLER"
				},
				{
					"trace":[
						"<android.hardware.location.GeofenceHardwareService$1: boolean removeGeofence(int,int)>",
						"<android.hardware.location.GeofenceHardwareImpl: boolean removeGeofence(int,int)>",
						"key field: <android.hardware.location.GeofenceHardwareImpl: android.util.SparseArray mGeofences>",
						"<android.hardware.location.GeofenceHardwareImpl: boolean resumeGeofence(int,int,int)>"
					],
					"depth":2,
					"method":"<android.hardware.location.GeofenceHardwareService$1: boolean removeGeofence(int,int)>",
					"source":"FIELDCALLER"
				},
				{
					"trace":[
						"<android.hardware.location.GeofenceHardwareService$1: boolean pauseGeofence(int,int)>",
						"<android.hardware.location.GeofenceHardwareImpl: boolean pauseGeofence(int,int)>",
						"key field: <android.hardware.location.GeofenceHardwareImpl: android.util.SparseArray mGeofences>",
						"<android.hardware.location.GeofenceHardwareImpl: boolean resumeGeofence(int,int,int)>"
					],
					"depth":2,
					"method":"<android.hardware.location.GeofenceHardwareService$1: boolean pauseGeofence(int,int)>",
					"source":"FIELDCALLER"
				},
				{
					"trace":[
						"<android.hardware.location.GeofenceHardwareService$1: boolean resumeGeofence(int,int,int)>",
						"<android.hardware.location.GeofenceHardwareImpl: boolean resumeGeofence(int,int,int)>",
						"key field: <android.hardware.location.GeofenceHardwareImpl: android.util.SparseArray mGeofences>",
						"<android.hardware.location.GeofenceHardwareImpl: boolean resumeGeofence(int,int,int)>"
					],
					"depth":2,
					"method":"<android.hardware.location.GeofenceHardwareService$1: boolean resumeGeofence(int,int,int)>",
					"source":"FIELDCALLER"
				},
				{
					"trace":[
						"<android.hardware.location.GeofenceHardwareImpl$3: void handleMessage(android.os.Message)>",
						"<android.hardware.location.GeofenceHardwareImpl: void <clinit>()>",
						"key field: <android.hardware.location.GeofenceHardwareImpl: boolean DEBUG>",
						"<android.hardware.location.GeofenceHardwareImpl: boolean resumeGeofence(int,int,int)>"
					],
					"depth":2,
					"method":"<android.hardware.location.GeofenceHardwareImpl$3: void handleMessage(android.os.Message)>",
					"source":"FIELDCALLER"
				},
				{
					"trace":[
						"<android.hardware.location.GeofenceHardwareService: void onCreate()>",
						"<android.hardware.location.GeofenceHardwareImpl: android.hardware.location.GeofenceHardwareImpl getInstance(android.content.Context)>",
						"<android.hardware.location.GeofenceHardwareImpl: void <init>(android.content.Context)>",
						"key field: <android.hardware.location.GeofenceHardwareImpl: android.util.SparseArray mGeofences>",
						"<android.hardware.location.GeofenceHardwareImpl: boolean resumeGeofence(int,int,int)>"
					],
					"depth":3,
					"method":"<android.hardware.location.GeofenceHardwareService: void onCreate()>",
					"source":"FIELDCALLER"
				},
				{
					"trace":[
						"<android.hardware.location.IGeofenceHardware$Stub: boolean onTransact(int,android.os.Parcel,android.os.Parcel,int)>",
						"<android.hardware.location.GeofenceHardwareService$1: boolean addCircularFence(int,android.hardware.location.GeofenceHardwareRequestParcelable,android.hardware.location.IGeofenceHardwareCallback)>",
						"<android.hardware.location.GeofenceHardwareImpl: boolean addCircularFence(int,android.hardware.location.GeofenceHardwareRequestParcelable,android.hardware.location.IGeofenceHardwareCallback)>",
						"key field: <android.hardware.location.GeofenceHardwareImpl: android.util.SparseArray mGeofences>",
						"<android.hardware.location.GeofenceHardwareImpl: boolean resumeGeofence(int,int,int)>"
					],
					"depth":3,
					"method":"<android.hardware.location.IGeofenceHardware$Stub: boolean onTransact(int,android.os.Parcel,android.os.Parcel,int)>",
					"source":"FIELDCALLER"
				},
				{
					"trace":[
						"<android.hardware.camera2.legacy.RequestHandlerThread: void waitUntilIdle()>",
						"<android.hardware.location.GeofenceHardwareImpl$1: void handleMessage(android.os.Message)>",
						"<android.hardware.location.GeofenceHardwareImpl: boolean removeGeofence(int,int)>",
						"key field: <android.hardware.location.GeofenceHardwareImpl: android.util.SparseArray mGeofences>",
						"<android.hardware.location.GeofenceHardwareImpl: boolean resumeGeofence(int,int,int)>"
					],
					"depth":3,
					"method":"<android.hardware.camera2.legacy.RequestHandlerThread: void waitUntilIdle()>",
					"source":"FIELDCALLER"
				},
				{
					"trace":[
						"<android.hardware.camera2.legacy.GLThreadManager: void allowNewFrames()>",
						"<android.hardware.location.GeofenceHardwareImpl$1: void handleMessage(android.os.Message)>",
						"<android.hardware.location.GeofenceHardwareImpl: boolean removeGeofence(int,int)>",
						"key field: <android.hardware.location.GeofenceHardwareImpl: android.util.SparseArray mGeofences>",
						"<android.hardware.location.GeofenceHardwareImpl: boolean resumeGeofence(int,int,int)>"
					],
					"depth":3,
					"method":"<android.hardware.camera2.legacy.GLThreadManager: void allowNewFrames()>",
					"source":"FIELDCALLER"
				},
				{
					"trace":[
						"<android.hardware.camera2.legacy.GLThreadManager: void ignoreNewFrames()>",
						"<android.hardware.location.GeofenceHardwareImpl$1: void handleMessage(android.os.Message)>",
						"<android.hardware.location.GeofenceHardwareImpl: boolean removeGeofence(int,int)>",
						"key field: <android.hardware.location.GeofenceHardwareImpl: android.util.SparseArray mGeofences>",
						"<android.hardware.location.GeofenceHardwareImpl: boolean resumeGeofence(int,int,int)>"
					],
					"depth":3,
					"method":"<android.hardware.camera2.legacy.GLThreadManager: void ignoreNewFrames()>",
					"source":"FIELDCALLER"
				},
				{
					"trace":[
						"<android.hardware.camera2.legacy.GLThreadManager: void quit()>",
						"<android.hardware.location.GeofenceHardwareImpl$1: void handleMessage(android.os.Message)>",
						"<android.hardware.location.GeofenceHardwareImpl: boolean removeGeofence(int,int)>",
						"key field: <android.hardware.location.GeofenceHardwareImpl: android.util.SparseArray mGeofences>",
						"<android.hardware.location.GeofenceHardwareImpl: boolean resumeGeofence(int,int,int)>"
					],
					"depth":3,
					"method":"<android.hardware.camera2.legacy.GLThreadManager: void quit()>",
					"source":"FIELDCALLER"
				},
				{
					"trace":[
						"<android.widget.Filter$RequestHandler: void handleMessage(android.os.Message)>",
						"<android.hardware.location.GeofenceHardwareImpl$1: void handleMessage(android.os.Message)>",
						"<android.hardware.location.GeofenceHardwareImpl: boolean removeGeofence(int,int)>",
						"key field: <android.hardware.location.GeofenceHardwareImpl: android.util.SparseArray mGeofences>",
						"<android.hardware.location.GeofenceHardwareImpl: boolean resumeGeofence(int,int,int)>"
					],
					"depth":3,
					"method":"<android.widget.Filter$RequestHandler: void handleMessage(android.os.Message)>",
					"source":"FIELDCALLER"
				},
				{
					"trace":[
						"<android.hardware.location.GeofenceHardwareImpl$2: void handleMessage(android.os.Message)>",
						"<android.hardware.location.GeofenceHardwareImpl: boolean access$300()>",
						"<android.hardware.location.GeofenceHardwareImpl: void <clinit>()>",
						"key field: <android.hardware.location.GeofenceHardwareImpl: boolean DEBUG>",
						"<android.hardware.location.GeofenceHardwareImpl: boolean resumeGeofence(int,int,int)>"
					],
					"depth":3,
					"method":"<android.hardware.location.GeofenceHardwareImpl$2: void handleMessage(android.os.Message)>",
					"source":"FIELDCALLER"
				},
				{
					"trace":[
						"<android.hardware.camera2.legacy.GLThreadManager: void waitUntilIdle()>",
						"<android.hardware.camera2.legacy.RequestHandlerThread: void waitUntilIdle()>",
						"<android.hardware.location.GeofenceHardwareImpl$1: void handleMessage(android.os.Message)>",
						"<android.hardware.location.GeofenceHardwareImpl: boolean removeGeofence(int,int)>",
						"key field: <android.hardware.location.GeofenceHardwareImpl: android.util.SparseArray mGeofences>",
						"<android.hardware.location.GeofenceHardwareImpl: boolean resumeGeofence(int,int,int)>"
					],
					"depth":4,
					"method":"<android.hardware.camera2.legacy.GLThreadManager: void waitUntilIdle()>",
					"source":"FIELDCALLER"
				},
				{
					"trace":[
						"<android.hardware.camera2.legacy.RequestThreadManager$5: boolean handleMessage(android.os.Message)>",
						"<android.hardware.camera2.legacy.RequestThreadManager: void access$800(android.hardware.camera2.legacy.RequestThreadManager,java.util.Collection)>",
						"<android.hardware.camera2.legacy.RequestThreadManager: void configureOutputs(java.util.Collection)>",
						"<android.hardware.camera2.legacy.GLThreadManager: void waitUntilIdle()>",
						"<android.hardware.camera2.legacy.RequestHandlerThread: void waitUntilIdle()>",
						"<android.hardware.location.GeofenceHardwareImpl$1: void handleMessage(android.os.Message)>",
						"<android.hardware.location.GeofenceHardwareImpl: boolean removeGeofence(int,int)>",
						"key field: <android.hardware.location.GeofenceHardwareImpl: android.util.SparseArray mGeofences>",
						"<android.hardware.location.GeofenceHardwareImpl: boolean resumeGeofence(int,int,int)>"
					],
					"depth":7,
					"method":"<android.hardware.camera2.legacy.RequestThreadManager$5: boolean handleMessage(android.os.Message)>",
					"source":"FIELDCALLER"
				},
				{
					"trace":[
						"<android.os.Handler$Callback: boolean handleMessage(android.os.Message)>",
						"<android.hardware.camera2.legacy.RequestThreadManager: void access$800(android.hardware.camera2.legacy.RequestThreadManager,java.util.Collection)>",
						"<android.hardware.camera2.legacy.RequestThreadManager: void configureOutputs(java.util.Collection)>",
						"<android.hardware.camera2.legacy.GLThreadManager: void waitUntilIdle()>",
						"<android.hardware.camera2.legacy.RequestHandlerThread: void waitUntilIdle()>",
						"<android.hardware.location.GeofenceHardwareImpl$1: void handleMessage(android.os.Message)>",
						"<android.hardware.location.GeofenceHardwareImpl: boolean removeGeofence(int,int)>",
						"key field: <android.hardware.location.GeofenceHardwareImpl: android.util.SparseArray mGeofences>",
						"<android.hardware.location.GeofenceHardwareImpl: boolean resumeGeofence(int,int,int)>"
					],
					"depth":7,
					"method":"<android.os.Handler$Callback: boolean handleMessage(android.os.Message)>",
					"source":"FIELDCALLER"
				}
			],
			"callerOfSingnlar2SourceVar":{
				"<android.hardware.location.GeofenceHardwareImpl: boolean resumeGeofence(int,int,int)>":"0",
				"<android.hardware.location.GeofenceHardwareService$1: boolean resumeGeofence(int,int,int)>":"0"
			}
		}
	]
}