{
	"exceptions":[
		{
			"method":"<android.content.res.Resources$Theme: android.content.res.TypedArray resolveAttributes(int[],int[])>",
			"message":"\\QBase attribute values must be null or the same length as attrs\\E",
			"relatedVarType":"Parameter",
			"relatedCondType":"Basic",
			"modifier":"public",
			"type":"java.lang.IllegalArgumentException",
			"osVersionRelated":false,
			"resourceRelated":false,
			"assessRelated":false,
			"hardwareRelated":false,
			"manifestRelated":false,
			"conditions":"i0 == $i2, r1 == null",
			"paramValues":"@parameter1: int[], @parameter0: int[]",
			"relatedValues":"@parameter1: int[], @parameter0: int[]; ; ",
			"keyAPISameClassNum":0,
			"keyAPIDiffClassNum":0,
			"keyAPISameClass":[
				{
					"trace":[
						"<android.content.res.Resources$Theme: android.content.res.TypedArray resolveAttributes(int[],int[])>"
					],
					"depth":0,
					"method":"<android.content.res.Resources$Theme: android.content.res.TypedArray resolveAttributes(int[],int[])>",
					"source":"CALLER"
				}
			],
			"keyAPIDiffClass":[],
			"callerOfSingnlar2SourceVar":{
				"<android.content.res.Resources$Theme: android.content.res.TypedArray resolveAttributes(int[],int[])>":"1, 0"
			}
		}
	]
}