{
	"exceptions":[
		{
			"method":"<android.hardware.camera2.marshal.impl.MarshalQueryablePair$MarshalerPair: void <init>(android.hardware.camera2.marshal.impl.MarshalQueryablePair,android.hardware.camera2.utils.TypeReference,int)>",
			"message":"\\QRaw use of Pair is not supported\\E",
			"relatedVarType":"Unknown",
			"relatedCondType":"Empty",
			"modifier":"protected",
			"type":"java.lang.AssertionError",
			"osVersionRelated":false,
			"resourceRelated":false,
			"assessRelated":false,
			"hardwareRelated":true,
			"manifestRelated":false,
			"caughtValues":"@caughtexception",
			"relatedValues":"; ; @caughtexception",
			"keyAPISameClassNum":0,
			"keyAPIDiffClassNum":0,
			"keyAPISameClass":[],
			"keyAPIDiffClass":[],
			"callerOfSingnlar2SourceVar":{}
		},
		{
			"method":"<android.hardware.camera2.marshal.impl.MarshalQueryablePair$MarshalerPair: void <init>(android.hardware.camera2.marshal.impl.MarshalQueryablePair,android.hardware.camera2.utils.TypeReference,int)>",
			"message":"[\\s\\S]*",
			"relatedVarType":"Unknown",
			"relatedCondType":"Empty",
			"modifier":"protected",
			"type":"java.lang.AssertionError",
			"osVersionRelated":false,
			"resourceRelated":false,
			"assessRelated":false,
			"hardwareRelated":true,
			"manifestRelated":false,
			"caughtValues":"@caughtexception",
			"relatedValues":"; ; @caughtexception",
			"keyAPISameClassNum":0,
			"keyAPIDiffClassNum":0,
			"keyAPISameClass":[],
			"keyAPIDiffClass":[],
			"callerOfSingnlar2SourceVar":{}
		},
		{
			"method":"<android.hardware.camera2.marshal.impl.MarshalQueryablePair$MarshalerPair: void marshal(android.util.Pair,java.nio.ByteBuffer)>",
			"message":"\\QPair#second must not be null\\E",
			"relatedVarType":"Parameter",
			"relatedCondType":"Basic",
			"modifier":"public",
			"type":"java.lang.UnsupportedOperationException",
			"osVersionRelated":false,
			"resourceRelated":false,
			"assessRelated":false,
			"hardwareRelated":true,
			"manifestRelated":false,
			"conditions":"$r2 != null, $r1 != null",
			"paramValues":"@parameter0: android.util.Pair",
			"relatedValues":"@parameter0: android.util.Pair; ; ",
			"keyAPISameClassNum":0,
			"keyAPIDiffClassNum":0,
			"keyAPISameClass":[
				{
					"trace":[
						"<android.hardware.camera2.marshal.impl.MarshalQueryablePair$MarshalerPair: void marshal(android.util.Pair,java.nio.ByteBuffer)>"
					],
					"depth":0,
					"method":"<android.hardware.camera2.marshal.impl.MarshalQueryablePair$MarshalerPair: void marshal(android.util.Pair,java.nio.ByteBuffer)>",
					"source":"CALLER"
				},
				{
					"trace":[
						"<android.hardware.camera2.marshal.impl.MarshalQueryablePair$MarshalerPair: void marshal(java.lang.Object,java.nio.ByteBuffer)>",
						"<android.hardware.camera2.marshal.impl.MarshalQueryablePair$MarshalerPair: void marshal(android.util.Pair,java.nio.ByteBuffer)>"
					],
					"depth":1,
					"method":"<android.hardware.camera2.marshal.impl.MarshalQueryablePair$MarshalerPair: void marshal(java.lang.Object,java.nio.ByteBuffer)>",
					"source":"CALLER"
				},
				{
					"trace":[
						"<android.hardware.camera2.marshal.Marshaler: void marshal(java.lang.Object,java.nio.ByteBuffer)>",
						"<android.hardware.camera2.marshal.impl.MarshalQueryablePair$MarshalerPair: void marshal(android.util.Pair,java.nio.ByteBuffer)>"
					],
					"depth":1,
					"method":"<android.hardware.camera2.marshal.Marshaler: void marshal(java.lang.Object,java.nio.ByteBuffer)>",
					"source":"CALLER"
				}
			],
			"keyAPIDiffClass":[],
			"callerOfSingnlar2SourceVar":{
				"<android.hardware.camera2.marshal.impl.MarshalQueryablePair$MarshalerPair: void marshal(android.util.Pair,java.nio.ByteBuffer)>":"0"
			}
		},
		{
			"method":"<android.hardware.camera2.marshal.impl.MarshalQueryablePair$MarshalerPair: void marshal(android.util.Pair,java.nio.ByteBuffer)>",
			"message":"\\QPair#first must not be null\\E",
			"relatedVarType":"Parameter",
			"relatedCondType":"Basic",
			"modifier":"public",
			"type":"java.lang.UnsupportedOperationException",
			"osVersionRelated":false,
			"resourceRelated":false,
			"assessRelated":false,
			"hardwareRelated":true,
			"manifestRelated":false,
			"conditions":"$r1 != null",
			"paramValues":"@parameter0: android.util.Pair",
			"relatedValues":"@parameter0: android.util.Pair; ; ",
			"keyAPISameClassNum":0,
			"keyAPIDiffClassNum":0,
			"keyAPISameClass":[
				{
					"trace":[
						"<android.hardware.camera2.marshal.impl.MarshalQueryablePair$MarshalerPair: void marshal(android.util.Pair,java.nio.ByteBuffer)>"
					],
					"depth":0,
					"method":"<android.hardware.camera2.marshal.impl.MarshalQueryablePair$MarshalerPair: void marshal(android.util.Pair,java.nio.ByteBuffer)>",
					"source":"CALLER"
				},
				{
					"trace":[
						"<android.hardware.camera2.marshal.impl.MarshalQueryablePair$MarshalerPair: void marshal(java.lang.Object,java.nio.ByteBuffer)>",
						"<android.hardware.camera2.marshal.impl.MarshalQueryablePair$MarshalerPair: void marshal(android.util.Pair,java.nio.ByteBuffer)>"
					],
					"depth":1,
					"method":"<android.hardware.camera2.marshal.impl.MarshalQueryablePair$MarshalerPair: void marshal(java.lang.Object,java.nio.ByteBuffer)>",
					"source":"CALLER"
				},
				{
					"trace":[
						"<android.hardware.camera2.marshal.Marshaler: void marshal(java.lang.Object,java.nio.ByteBuffer)>",
						"<android.hardware.camera2.marshal.impl.MarshalQueryablePair$MarshalerPair: void marshal(android.util.Pair,java.nio.ByteBuffer)>"
					],
					"depth":1,
					"method":"<android.hardware.camera2.marshal.Marshaler: void marshal(java.lang.Object,java.nio.ByteBuffer)>",
					"source":"CALLER"
				}
			],
			"keyAPIDiffClass":[],
			"callerOfSingnlar2SourceVar":{
				"<android.hardware.camera2.marshal.impl.MarshalQueryablePair$MarshalerPair: void marshal(android.util.Pair,java.nio.ByteBuffer)>":"0"
			}
		},
		{
			"method":"<android.hardware.camera2.marshal.impl.MarshalQueryablePair$MarshalerPair: android.util.Pair unmarshal(java.nio.ByteBuffer)>",
			"message":"[\\s\\S]*",
			"relatedVarType":"Unknown",
			"relatedCondType":"Empty",
			"modifier":"public",
			"type":"java.lang.AssertionError",
			"osVersionRelated":false,
			"resourceRelated":false,
			"assessRelated":false,
			"hardwareRelated":true,
			"manifestRelated":false,
			"caughtValues":"@caughtexception",
			"relatedValues":"; ; @caughtexception",
			"keyAPISameClassNum":0,
			"keyAPIDiffClassNum":0,
			"keyAPISameClass":[],
			"keyAPIDiffClass":[],
			"callerOfSingnlar2SourceVar":{}
		},
		{
			"method":"<android.hardware.camera2.marshal.impl.MarshalQueryablePair$MarshalerPair: android.util.Pair unmarshal(java.nio.ByteBuffer)>",
			"message":"[\\s\\S]*",
			"relatedVarType":"Unknown",
			"relatedCondType":"Empty",
			"modifier":"public",
			"type":"java.lang.AssertionError",
			"osVersionRelated":false,
			"resourceRelated":false,
			"assessRelated":false,
			"hardwareRelated":true,
			"manifestRelated":false,
			"caughtValues":"@caughtexception",
			"relatedValues":"; ; @caughtexception",
			"keyAPISameClassNum":0,
			"keyAPIDiffClassNum":0,
			"keyAPISameClass":[],
			"keyAPIDiffClass":[],
			"callerOfSingnlar2SourceVar":{}
		},
		{
			"method":"<android.hardware.camera2.marshal.impl.MarshalQueryablePair$MarshalerPair: android.util.Pair unmarshal(java.nio.ByteBuffer)>",
			"message":"[\\s\\S]*",
			"relatedVarType":"Unknown",
			"relatedCondType":"Empty",
			"modifier":"public",
			"type":"java.lang.AssertionError",
			"osVersionRelated":false,
			"resourceRelated":false,
			"assessRelated":false,
			"hardwareRelated":true,
			"manifestRelated":false,
			"caughtValues":"@caughtexception",
			"relatedValues":"; ; @caughtexception",
			"keyAPISameClassNum":0,
			"keyAPIDiffClassNum":0,
			"keyAPISameClass":[],
			"keyAPIDiffClass":[],
			"callerOfSingnlar2SourceVar":{}
		},
		{
			"method":"<android.hardware.camera2.marshal.impl.MarshalQueryablePair$MarshalerPair: android.util.Pair unmarshal(java.nio.ByteBuffer)>",
			"message":"[\\s\\S]*",
			"relatedVarType":"Unknown",
			"relatedCondType":"Empty",
			"modifier":"public",
			"type":"java.lang.AssertionError",
			"osVersionRelated":false,
			"resourceRelated":false,
			"assessRelated":false,
			"hardwareRelated":true,
			"manifestRelated":false,
			"caughtValues":"@caughtexception",
			"relatedValues":"; ; @caughtexception",
			"keyAPISameClassNum":0,
			"keyAPIDiffClassNum":0,
			"keyAPISameClass":[],
			"keyAPIDiffClass":[],
			"callerOfSingnlar2SourceVar":{}
		}
	]
}