{
	"exceptions":[
		{
			"method":"<android.hardware.SerialPort: int read(java.nio.ByteBuffer)>",
			"message":"\\Qbuffer is not direct and has no array\\E",
			"relatedVarType":"Parameter",
			"relatedCondType":"Basic",
			"modifier":"public",
			"type":"java.lang.IllegalArgumentException",
			"osVersionRelated":false,
			"resourceRelated":false,
			"assessRelated":false,
			"hardwareRelated":true,
			"manifestRelated":false,
			"conditions":"$z1 == 0, $z0 == 0",
			"paramValues":"@parameter0: java.nio.ByteBuffer",
			"relatedValues":"@parameter0: java.nio.ByteBuffer; ; ",
			"keyAPISameClassNum":0,
			"keyAPIDiffClassNum":0,
			"keyAPISameClass":[
				{
					"trace":[
						"<android.hardware.SerialPort: int read(java.nio.ByteBuffer)>"
					],
					"depth":0,
					"method":"<android.hardware.SerialPort: int read(java.nio.ByteBuffer)>",
					"source":"CALLER"
				}
			],
			"keyAPIDiffClass":[],
			"callerOfSingnlar2SourceVar":{
				"<android.hardware.SerialPort: int read(java.nio.ByteBuffer)>":"0"
			}
		},
		{
			"method":"<android.hardware.SerialPort: void write(java.nio.ByteBuffer,int)>",
			"message":"\\Qbuffer is not direct and has no array\\E",
			"relatedVarType":"Parameter",
			"relatedCondType":"Basic",
			"modifier":"public",
			"type":"java.lang.IllegalArgumentException",
			"osVersionRelated":false,
			"resourceRelated":false,
			"assessRelated":false,
			"hardwareRelated":true,
			"manifestRelated":false,
			"conditions":"$z1 == 0, $z0 == 0",
			"paramValues":"@parameter0: java.nio.ByteBuffer",
			"relatedValues":"@parameter0: java.nio.ByteBuffer; ; ",
			"keyAPISameClassNum":0,
			"keyAPIDiffClassNum":0,
			"keyAPISameClass":[
				{
					"trace":[
						"<android.hardware.SerialPort: void write(java.nio.ByteBuffer,int)>"
					],
					"depth":0,
					"method":"<android.hardware.SerialPort: void write(java.nio.ByteBuffer,int)>",
					"source":"CALLER"
				}
			],
			"keyAPIDiffClass":[],
			"callerOfSingnlar2SourceVar":{
				"<android.hardware.SerialPort: void write(java.nio.ByteBuffer,int)>":"0"
			}
		}
	]
}