{
	"exceptions":[
		{
			"method":"<android.content.res.XmlResourceParser: java.lang.String getText()>",
			"message":"\\QUnresolved compilation error: Method <android.content.res.XmlResourceParser: java.lang.String getText()> does not exist!\\E",
			"relatedVarType":"Empty",
			"relatedCondType":"Empty",
			"modifier":"public",
			"type":"java.lang.Error",
			"osVersionRelated":false,
			"resourceRelated":false,
			"assessRelated":false,
			"hardwareRelated":false,
			"manifestRelated":false,
			"keyAPISameClassNum":0,
			"keyAPIDiffClassNum":0,
			"keyAPISameClass":[],
			"keyAPIDiffClass":[],
			"callerOfSingnlar2SourceVar":{}
		}
	]
}