{
	"exceptions":[
		{
			"method":"<android.hardware.camera2.utils.Decorator: java.lang.Object invoke(java.lang.Object,java.lang.reflect.Method,java.lang.Object[])>",
			"message":"[\\s\\S]*",
			"relatedVarType":"ParaAndField",
			"relatedCondType":"Basic",
			"modifier":"public",
			"type":"java.lang.Throwable",
			"osVersionRelated":false,
			"resourceRelated":false,
			"assessRelated":false,
			"hardwareRelated":true,
			"manifestRelated":false,
			"conditions":"$z0 != 0",
			"paramValues":"@parameter1: java.lang.reflect.Method, @parameter2: java.lang.Object[]",
			"fieldValues":"<android.hardware.camera2.utils.Decorator: android.hardware.camera2.utils.Decorator$DecoratorListener mListener>",
			"caughtValues":"@caughtexception",
			"relatedValues":"@parameter1: java.lang.reflect.Method, @parameter2: java.lang.Object[]; <android.hardware.camera2.utils.Decorator: android.hardware.camera2.utils.Decorator$DecoratorListener mListener>; @caughtexception",
			"keyAPISameClassNum":2,
			"keyAPIDiffClassNum":7,
			"keyAPISameClass":[
				{
					"trace":[
						"<android.hardware.camera2.utils.Decorator: java.lang.Object invoke(java.lang.Object,java.lang.reflect.Method,java.lang.Object[])>"
					],
					"depth":1,
					"method":"<android.hardware.camera2.utils.Decorator: java.lang.Object invoke(java.lang.Object,java.lang.reflect.Method,java.lang.Object[])>",
					"source":"FIELD"
				},
				{
					"trace":[
						"<android.hardware.camera2.utils.Decorator: java.lang.Object newInstance(java.lang.Object,android.hardware.camera2.utils.Decorator$DecoratorListener)>",
						"<android.hardware.camera2.utils.Decorator: void <init>(java.lang.Object,android.hardware.camera2.utils.Decorator$DecoratorListener)>",
						"key field: <android.hardware.camera2.utils.Decorator: android.hardware.camera2.utils.Decorator$DecoratorListener mListener>",
						"<android.hardware.camera2.utils.Decorator: java.lang.Object invoke(java.lang.Object,java.lang.reflect.Method,java.lang.Object[])>"
					],
					"depth":2,
					"method":"<android.hardware.camera2.utils.Decorator: java.lang.Object newInstance(java.lang.Object,android.hardware.camera2.utils.Decorator$DecoratorListener)>",
					"source":"FIELDCALLER"
				}
			],
			"keyAPIDiffClass":[
				{
					"trace":[
						"<android.hardware.camera2.utils.CameraServiceBinderDecorator: java.lang.Object newInstance(java.lang.Object)>",
						"<android.hardware.camera2.utils.Decorator: java.lang.Object newInstance(java.lang.Object,android.hardware.camera2.utils.Decorator$DecoratorListener)>",
						"<android.hardware.camera2.utils.Decorator: void <init>(java.lang.Object,android.hardware.camera2.utils.Decorator$DecoratorListener)>",
						"key field: <android.hardware.camera2.utils.Decorator: android.hardware.camera2.utils.Decorator$DecoratorListener mListener>",
						"<android.hardware.camera2.utils.Decorator: java.lang.Object invoke(java.lang.Object,java.lang.reflect.Method,java.lang.Object[])>"
					],
					"depth":3,
					"method":"<android.hardware.camera2.utils.CameraServiceBinderDecorator: java.lang.Object newInstance(java.lang.Object)>",
					"source":"FIELDCALLER"
				},
				{
					"trace":[
						"<android.hardware.camera2.utils.CameraBinderDecorator: java.lang.Object newInstance(java.lang.Object)>",
						"<android.hardware.camera2.utils.Decorator: java.lang.Object newInstance(java.lang.Object,android.hardware.camera2.utils.Decorator$DecoratorListener)>",
						"<android.hardware.camera2.utils.Decorator: void <init>(java.lang.Object,android.hardware.camera2.utils.Decorator$DecoratorListener)>",
						"key field: <android.hardware.camera2.utils.Decorator: android.hardware.camera2.utils.Decorator$DecoratorListener mListener>",
						"<android.hardware.camera2.utils.Decorator: java.lang.Object invoke(java.lang.Object,java.lang.reflect.Method,java.lang.Object[])>"
					],
					"depth":3,
					"method":"<android.hardware.camera2.utils.CameraBinderDecorator: java.lang.Object newInstance(java.lang.Object)>",
					"source":"FIELDCALLER"
				},
				{
					"trace":[
						"<android.hardware.camera2.impl.CameraDeviceImpl: void setRemoteDevice(android.hardware.camera2.ICameraDeviceUser)>",
						"<android.hardware.camera2.utils.CameraBinderDecorator: java.lang.Object newInstance(java.lang.Object)>",
						"<android.hardware.camera2.utils.Decorator: java.lang.Object newInstance(java.lang.Object,android.hardware.camera2.utils.Decorator$DecoratorListener)>",
						"<android.hardware.camera2.utils.Decorator: void <init>(java.lang.Object,android.hardware.camera2.utils.Decorator$DecoratorListener)>",
						"key field: <android.hardware.camera2.utils.Decorator: android.hardware.camera2.utils.Decorator$DecoratorListener mListener>",
						"<android.hardware.camera2.utils.Decorator: java.lang.Object invoke(java.lang.Object,java.lang.reflect.Method,java.lang.Object[])>"
					],
					"depth":4,
					"method":"<android.hardware.camera2.impl.CameraDeviceImpl: void setRemoteDevice(android.hardware.camera2.ICameraDeviceUser)>",
					"source":"FIELDCALLER"
				},
				{
					"trace":[
						"<android.hardware.camera2.CameraManager: void <init>(android.content.Context)>",
						"<android.hardware.camera2.CameraManager: void connectCameraServiceLocked()>",
						"<android.hardware.camera2.utils.CameraServiceBinderDecorator: java.lang.Object newInstance(java.lang.Object)>",
						"<android.hardware.camera2.utils.Decorator: java.lang.Object newInstance(java.lang.Object,android.hardware.camera2.utils.Decorator$DecoratorListener)>",
						"<android.hardware.camera2.utils.Decorator: void <init>(java.lang.Object,android.hardware.camera2.utils.Decorator$DecoratorListener)>",
						"key field: <android.hardware.camera2.utils.Decorator: android.hardware.camera2.utils.Decorator$DecoratorListener mListener>",
						"<android.hardware.camera2.utils.Decorator: java.lang.Object invoke(java.lang.Object,java.lang.reflect.Method,java.lang.Object[])>"
					],
					"depth":5,
					"method":"<android.hardware.camera2.CameraManager: void <init>(android.content.Context)>",
					"source":"FIELDCALLER"
				},
				{
					"trace":[
						"<android.hardware.camera2.CameraManager: android.hardware.camera2.CameraCharacteristics getCameraCharacteristics(java.lang.String)>",
						"<android.hardware.camera2.CameraManager: android.hardware.ICameraService getCameraServiceLocked()>",
						"<android.hardware.camera2.CameraManager: void connectCameraServiceLocked()>",
						"<android.hardware.camera2.utils.CameraServiceBinderDecorator: java.lang.Object newInstance(java.lang.Object)>",
						"<android.hardware.camera2.utils.Decorator: java.lang.Object newInstance(java.lang.Object,android.hardware.camera2.utils.Decorator$DecoratorListener)>",
						"<android.hardware.camera2.utils.Decorator: void <init>(java.lang.Object,android.hardware.camera2.utils.Decorator$DecoratorListener)>",
						"key field: <android.hardware.camera2.utils.Decorator: android.hardware.camera2.utils.Decorator$DecoratorListener mListener>",
						"<android.hardware.camera2.utils.Decorator: java.lang.Object invoke(java.lang.Object,java.lang.reflect.Method,java.lang.Object[])>"
					],
					"depth":6,
					"method":"<android.hardware.camera2.CameraManager: android.hardware.camera2.CameraCharacteristics getCameraCharacteristics(java.lang.String)>",
					"source":"FIELDCALLER"
				},
				{
					"trace":[
						"<android.hardware.camera2.CameraManager: java.lang.String[] getCameraIdList()>",
						"<android.hardware.camera2.CameraManager: java.util.ArrayList getOrCreateDeviceIdListLocked()>",
						"<android.hardware.camera2.CameraManager: android.hardware.ICameraService getCameraServiceLocked()>",
						"<android.hardware.camera2.CameraManager: void connectCameraServiceLocked()>",
						"<android.hardware.camera2.utils.CameraServiceBinderDecorator: java.lang.Object newInstance(java.lang.Object)>",
						"<android.hardware.camera2.utils.Decorator: java.lang.Object newInstance(java.lang.Object,android.hardware.camera2.utils.Decorator$DecoratorListener)>",
						"<android.hardware.camera2.utils.Decorator: void <init>(java.lang.Object,android.hardware.camera2.utils.Decorator$DecoratorListener)>",
						"key field: <android.hardware.camera2.utils.Decorator: android.hardware.camera2.utils.Decorator$DecoratorListener mListener>",
						"<android.hardware.camera2.utils.Decorator: java.lang.Object invoke(java.lang.Object,java.lang.reflect.Method,java.lang.Object[])>"
					],
					"depth":7,
					"method":"<android.hardware.camera2.CameraManager: java.lang.String[] getCameraIdList()>",
					"source":"FIELDCALLER"
				},
				{
					"trace":[
						"<android.hardware.camera2.CameraManager: void openCamera(java.lang.String,android.hardware.camera2.CameraDevice$StateCallback,android.os.Handler)>",
						"<android.hardware.camera2.CameraManager: android.hardware.camera2.CameraDevice openCameraDeviceUserAsync(java.lang.String,android.hardware.camera2.CameraDevice$StateCallback,android.os.Handler)>",
						"<android.hardware.camera2.CameraManager: android.hardware.camera2.CameraCharacteristics getCameraCharacteristics(java.lang.String)>",
						"<android.hardware.camera2.CameraManager: android.hardware.ICameraService getCameraServiceLocked()>",
						"<android.hardware.camera2.CameraManager: void connectCameraServiceLocked()>",
						"<android.hardware.camera2.utils.CameraServiceBinderDecorator: java.lang.Object newInstance(java.lang.Object)>",
						"<android.hardware.camera2.utils.Decorator: java.lang.Object newInstance(java.lang.Object,android.hardware.camera2.utils.Decorator$DecoratorListener)>",
						"<android.hardware.camera2.utils.Decorator: void <init>(java.lang.Object,android.hardware.camera2.utils.Decorator$DecoratorListener)>",
						"key field: <android.hardware.camera2.utils.Decorator: android.hardware.camera2.utils.Decorator$DecoratorListener mListener>",
						"<android.hardware.camera2.utils.Decorator: java.lang.Object invoke(java.lang.Object,java.lang.reflect.Method,java.lang.Object[])>"
					],
					"depth":8,
					"method":"<android.hardware.camera2.CameraManager: void openCamera(java.lang.String,android.hardware.camera2.CameraDevice$StateCallback,android.os.Handler)>",
					"source":"FIELDCALLER"
				}
			],
			"callerOfSingnlar2SourceVar":{
				"<android.hardware.camera2.utils.Decorator: java.lang.Object invoke(java.lang.Object,java.lang.reflect.Method,java.lang.Object[])>":"1, 2"
			}
		}
	]
}