{
	"exceptions":[
		{
			"method":"<android.location.GpsStatus$SatelliteIterator: android.location.GpsSatellite next()>",
			"message":"[\\s\\S]*",
			"relatedVarType":"Field",
			"relatedCondType":"Basic",
			"modifier":"public",
			"type":"java.util.NoSuchElementException",
			"osVersionRelated":false,
			"resourceRelated":false,
			"assessRelated":false,
			"hardwareRelated":false,
			"manifestRelated":false,
			"conditions":"$i1 >= $i0, $z0 == 0",
			"fieldValues":"<android.location.GpsStatus$SatelliteIterator: int mIndex>, <android.location.GpsStatus$SatelliteIterator: android.location.GpsSatellite[] mSatellites>",
			"relatedValues":"; <android.location.GpsStatus$SatelliteIterator: int mIndex>, <android.location.GpsStatus$SatelliteIterator: android.location.GpsSatellite[] mSatellites>; ",
			"keyAPISameClassNum":4,
			"keyAPIDiffClassNum":20,
			"keyAPISameClass":[
				{
					"trace":[
						"<android.location.GpsStatus$SatelliteIterator: android.location.GpsSatellite next()>"
					],
					"depth":1,
					"method":"<android.location.GpsStatus$SatelliteIterator: android.location.GpsSatellite next()>",
					"source":"FIELD"
				},
				{
					"trace":[
						"<android.location.GpsStatus$SatelliteIterator: android.location.GpsSatellite next()>"
					],
					"depth":1,
					"method":"<android.location.GpsStatus$SatelliteIterator: boolean hasNext()>",
					"source":"FIELD"
				},
				{
					"trace":[
						"<android.location.GpsStatus$SatelliteIterator: java.lang.Object next()>",
						"<android.location.GpsStatus$SatelliteIterator: android.location.GpsSatellite next()>",
						"key field: <android.location.GpsStatus$SatelliteIterator: int mIndex>",
						"<android.location.GpsStatus$SatelliteIterator: android.location.GpsSatellite next()>"
					],
					"depth":2,
					"method":"<android.location.GpsStatus$SatelliteIterator: java.lang.Object next()>",
					"source":"FIELDCALLER"
				},
				{
					"trace":[
						"<java.util.Iterator: java.lang.Object next()>",
						"<android.location.GpsStatus$SatelliteIterator: android.location.GpsSatellite next()>",
						"key field: <android.location.GpsStatus$SatelliteIterator: int mIndex>",
						"<android.location.GpsStatus$SatelliteIterator: android.location.GpsSatellite next()>"
					],
					"depth":2,
					"method":"<java.util.Iterator: java.lang.Object next()>",
					"source":"FIELDCALLER"
				}
			],
			"keyAPIDiffClass":[
				{
					"trace":[
						"<android.location.GpsStatus$1: java.util.Iterator iterator()>",
						"<android.location.GpsStatus$SatelliteIterator: void <init>(android.location.GpsStatus,android.location.GpsSatellite[])>",
						"key field: <android.location.GpsStatus$SatelliteIterator: int mIndex>",
						"<android.location.GpsStatus$SatelliteIterator: android.location.GpsSatellite next()>"
					],
					"depth":2,
					"method":"<android.location.GpsStatus$1: java.util.Iterator iterator()>",
					"source":"FIELDCALLER"
				},
				{
					"trace":[
						"<java.lang.Iterable: java.util.Iterator iterator()>",
						"<android.location.GpsStatus$SatelliteIterator: void <init>(android.location.GpsStatus,android.location.GpsSatellite[])>",
						"key field: <android.location.GpsStatus$SatelliteIterator: int mIndex>",
						"<android.location.GpsStatus$SatelliteIterator: android.location.GpsSatellite next()>"
					],
					"depth":2,
					"method":"<java.lang.Iterable: java.util.Iterator iterator()>",
					"source":"FIELDCALLER"
				},
				{
					"trace":[
						"<android.location.GpsMeasurementsEvent: java.lang.String toString()>",
						"<android.location.GpsStatus$SatelliteIterator: java.lang.Object next()>",
						"<android.location.GpsStatus$SatelliteIterator: android.location.GpsSatellite next()>",
						"key field: <android.location.GpsStatus$SatelliteIterator: int mIndex>",
						"<android.location.GpsStatus$SatelliteIterator: android.location.GpsSatellite next()>"
					],
					"depth":3,
					"method":"<android.location.GpsMeasurementsEvent: java.lang.String toString()>",
					"source":"FIELDCALLER"
				},
				{
					"trace":[
						"<android.location.Address: void writeToParcel(android.os.Parcel,int)>",
						"<android.location.GpsStatus$SatelliteIterator: java.lang.Object next()>",
						"<android.location.GpsStatus$SatelliteIterator: android.location.GpsSatellite next()>",
						"key field: <android.location.GpsStatus$SatelliteIterator: int mIndex>",
						"<android.location.GpsStatus$SatelliteIterator: android.location.GpsSatellite next()>"
					],
					"depth":3,
					"method":"<android.location.Address: void writeToParcel(android.os.Parcel,int)>",
					"source":"FIELDCALLER"
				},
				{
					"trace":[
						"<android.os.Parcelable: void writeToParcel(android.os.Parcel,int)>",
						"<android.location.GpsStatus$SatelliteIterator: java.lang.Object next()>",
						"<android.location.GpsStatus$SatelliteIterator: android.location.GpsSatellite next()>",
						"key field: <android.location.GpsStatus$SatelliteIterator: int mIndex>",
						"<android.location.GpsStatus$SatelliteIterator: android.location.GpsSatellite next()>"
					],
					"depth":3,
					"method":"<android.os.Parcelable: void writeToParcel(android.os.Parcel,int)>",
					"source":"FIELDCALLER"
				},
				{
					"trace":[
						"<android.media.SubtitleTrack$CueList$EntryIterator: android.util.Pair next()>",
						"<android.location.GpsStatus$SatelliteIterator: java.lang.Object next()>",
						"<android.location.GpsStatus$SatelliteIterator: android.location.GpsSatellite next()>",
						"key field: <android.location.GpsStatus$SatelliteIterator: int mIndex>",
						"<android.location.GpsStatus$SatelliteIterator: android.location.GpsSatellite next()>"
					],
					"depth":3,
					"method":"<android.media.SubtitleTrack$CueList$EntryIterator: android.util.Pair next()>",
					"source":"FIELDCALLER"
				},
				{
					"trace":[
						"<android.location.GpsNavigationMessageListenerTransport$ListenerTransport: void onGpsNavigationMessageReceived(android.location.GpsNavigationMessageEvent)>",
						"<android.location.LocalListenerHelper: void foreach(android.location.LocalListenerHelper$ListenerOperation)>",
						"<android.location.GpsStatus$SatelliteIterator: java.lang.Object next()>",
						"<android.location.GpsStatus$SatelliteIterator: android.location.GpsSatellite next()>",
						"key field: <android.location.GpsStatus$SatelliteIterator: int mIndex>",
						"<android.location.GpsStatus$SatelliteIterator: android.location.GpsSatellite next()>"
					],
					"depth":4,
					"method":"<android.location.GpsNavigationMessageListenerTransport$ListenerTransport: void onGpsNavigationMessageReceived(android.location.GpsNavigationMessageEvent)>",
					"source":"FIELDCALLER"
				},
				{
					"trace":[
						"<android.location.GpsMeasurementListenerTransport$ListenerTransport: void onGpsMeasurementsReceived(android.location.GpsMeasurementsEvent)>",
						"<android.location.LocalListenerHelper: void foreach(android.location.LocalListenerHelper$ListenerOperation)>",
						"<android.location.GpsStatus$SatelliteIterator: java.lang.Object next()>",
						"<android.location.GpsStatus$SatelliteIterator: android.location.GpsSatellite next()>",
						"key field: <android.location.GpsStatus$SatelliteIterator: int mIndex>",
						"<android.location.GpsStatus$SatelliteIterator: android.location.GpsSatellite next()>"
					],
					"depth":4,
					"method":"<android.location.GpsMeasurementListenerTransport$ListenerTransport: void onGpsMeasurementsReceived(android.location.GpsMeasurementsEvent)>",
					"source":"FIELDCALLER"
				},
				{
					"trace":[
						"<android.net.LinkProperties$CompareResult: java.lang.String toString()>",
						"<android.location.GpsMeasurementsEvent: java.lang.String toString()>",
						"<android.location.GpsStatus$SatelliteIterator: java.lang.Object next()>",
						"<android.location.GpsStatus$SatelliteIterator: android.location.GpsSatellite next()>",
						"key field: <android.location.GpsStatus$SatelliteIterator: int mIndex>",
						"<android.location.GpsStatus$SatelliteIterator: android.location.GpsSatellite next()>"
					],
					"depth":4,
					"method":"<android.net.LinkProperties$CompareResult: java.lang.String toString()>",
					"source":"FIELDCALLER"
				},
				{
					"trace":[
						"<android.content.pm.ParceledListSlice: void writeToParcel(android.os.Parcel,int)>",
						"<android.location.Address: void writeToParcel(android.os.Parcel,int)>",
						"<android.location.GpsStatus$SatelliteIterator: java.lang.Object next()>",
						"<android.location.GpsStatus$SatelliteIterator: android.location.GpsSatellite next()>",
						"key field: <android.location.GpsStatus$SatelliteIterator: int mIndex>",
						"<android.location.GpsStatus$SatelliteIterator: android.location.GpsSatellite next()>"
					],
					"depth":4,
					"method":"<android.content.pm.ParceledListSlice: void writeToParcel(android.os.Parcel,int)>",
					"source":"FIELDCALLER"
				},
				{
					"trace":[
						"<android.media.SubtitleTrack$CueList$EntryIterator: java.lang.Object next()>",
						"<android.media.SubtitleTrack$CueList$EntryIterator: android.util.Pair next()>",
						"<android.location.GpsStatus$SatelliteIterator: java.lang.Object next()>",
						"<android.location.GpsStatus$SatelliteIterator: android.location.GpsSatellite next()>",
						"key field: <android.location.GpsStatus$SatelliteIterator: int mIndex>",
						"<android.location.GpsStatus$SatelliteIterator: android.location.GpsSatellite next()>"
					],
					"depth":4,
					"method":"<android.media.SubtitleTrack$CueList$EntryIterator: java.lang.Object next()>",
					"source":"FIELDCALLER"
				},
				{
					"trace":[
						"<android.location.IGpsNavigationMessageListener$Stub: boolean onTransact(int,android.os.Parcel,android.os.Parcel,int)>",
						"<android.location.GpsNavigationMessageListenerTransport$ListenerTransport: void onGpsNavigationMessageReceived(android.location.GpsNavigationMessageEvent)>",
						"<android.location.LocalListenerHelper: void foreach(android.location.LocalListenerHelper$ListenerOperation)>",
						"<android.location.GpsStatus$SatelliteIterator: java.lang.Object next()>",
						"<android.location.GpsStatus$SatelliteIterator: android.location.GpsSatellite next()>",
						"key field: <android.location.GpsStatus$SatelliteIterator: int mIndex>",
						"<android.location.GpsStatus$SatelliteIterator: android.location.GpsSatellite next()>"
					],
					"depth":5,
					"method":"<android.location.IGpsNavigationMessageListener$Stub: boolean onTransact(int,android.os.Parcel,android.os.Parcel,int)>",
					"source":"FIELDCALLER"
				},
				{
					"trace":[
						"<android.location.IGpsMeasurementsListener$Stub: boolean onTransact(int,android.os.Parcel,android.os.Parcel,int)>",
						"<android.location.GpsMeasurementListenerTransport$ListenerTransport: void onGpsMeasurementsReceived(android.location.GpsMeasurementsEvent)>",
						"<android.location.LocalListenerHelper: void foreach(android.location.LocalListenerHelper$ListenerOperation)>",
						"<android.location.GpsStatus$SatelliteIterator: java.lang.Object next()>",
						"<android.location.GpsStatus$SatelliteIterator: android.location.GpsSatellite next()>",
						"key field: <android.location.GpsStatus$SatelliteIterator: int mIndex>",
						"<android.location.GpsStatus$SatelliteIterator: android.location.GpsSatellite next()>"
					],
					"depth":5,
					"method":"<android.location.IGpsMeasurementsListener$Stub: boolean onTransact(int,android.os.Parcel,android.os.Parcel,int)>",
					"source":"FIELDCALLER"
				},
				{
					"trace":[
						"<android.filterfw.core.KeyValueMap: java.lang.String toString()>",
						"<android.net.LinkProperties$CompareResult: java.lang.String toString()>",
						"<android.location.GpsMeasurementsEvent: java.lang.String toString()>",
						"<android.location.GpsStatus$SatelliteIterator: java.lang.Object next()>",
						"<android.location.GpsStatus$SatelliteIterator: android.location.GpsSatellite next()>",
						"key field: <android.location.GpsStatus$SatelliteIterator: int mIndex>",
						"<android.location.GpsStatus$SatelliteIterator: android.location.GpsSatellite next()>"
					],
					"depth":5,
					"method":"<android.filterfw.core.KeyValueMap: java.lang.String toString()>",
					"source":"FIELDCALLER"
				},
				{
					"trace":[
						"<android.os.UEventObserver$UEvent: java.lang.String toString()>",
						"<android.filterfw.core.KeyValueMap: java.lang.String toString()>",
						"<android.net.LinkProperties$CompareResult: java.lang.String toString()>",
						"<android.location.GpsMeasurementsEvent: java.lang.String toString()>",
						"<android.location.GpsStatus$SatelliteIterator: java.lang.Object next()>",
						"<android.location.GpsStatus$SatelliteIterator: android.location.GpsSatellite next()>",
						"key field: <android.location.GpsStatus$SatelliteIterator: int mIndex>",
						"<android.location.GpsStatus$SatelliteIterator: android.location.GpsSatellite next()>"
					],
					"depth":6,
					"method":"<android.os.UEventObserver$UEvent: java.lang.String toString()>",
					"source":"FIELDCALLER"
				},
				{
					"trace":[
						"<android.media.MediaFormat: java.lang.String toString()>",
						"<android.filterfw.core.KeyValueMap: java.lang.String toString()>",
						"<android.net.LinkProperties$CompareResult: java.lang.String toString()>",
						"<android.location.GpsMeasurementsEvent: java.lang.String toString()>",
						"<android.location.GpsStatus$SatelliteIterator: java.lang.Object next()>",
						"<android.location.GpsStatus$SatelliteIterator: android.location.GpsSatellite next()>",
						"key field: <android.location.GpsStatus$SatelliteIterator: int mIndex>",
						"<android.location.GpsStatus$SatelliteIterator: android.location.GpsSatellite next()>"
					],
					"depth":6,
					"method":"<android.media.MediaFormat: java.lang.String toString()>",
					"source":"FIELDCALLER"
				},
				{
					"trace":[
						"<android.media.MediaPlayer$TrackInfo: java.lang.String toString()>",
						"<android.media.MediaFormat: java.lang.String toString()>",
						"<android.filterfw.core.KeyValueMap: java.lang.String toString()>",
						"<android.net.LinkProperties$CompareResult: java.lang.String toString()>",
						"<android.location.GpsMeasurementsEvent: java.lang.String toString()>",
						"<android.location.GpsStatus$SatelliteIterator: java.lang.Object next()>",
						"<android.location.GpsStatus$SatelliteIterator: android.location.GpsSatellite next()>",
						"key field: <android.location.GpsStatus$SatelliteIterator: int mIndex>",
						"<android.location.GpsStatus$SatelliteIterator: android.location.GpsSatellite next()>"
					],
					"depth":7,
					"method":"<android.media.MediaPlayer$TrackInfo: java.lang.String toString()>",
					"source":"FIELDCALLER"
				},
				{
					"trace":[
						"<android.hardware.usb.UsbInterface: java.lang.String toString()>",
						"<android.media.MediaPlayer$TrackInfo: java.lang.String toString()>",
						"<android.media.MediaFormat: java.lang.String toString()>",
						"<android.filterfw.core.KeyValueMap: java.lang.String toString()>",
						"<android.net.LinkProperties$CompareResult: java.lang.String toString()>",
						"<android.location.GpsMeasurementsEvent: java.lang.String toString()>",
						"<android.location.GpsStatus$SatelliteIterator: java.lang.Object next()>",
						"<android.location.GpsStatus$SatelliteIterator: android.location.GpsSatellite next()>",
						"key field: <android.location.GpsStatus$SatelliteIterator: int mIndex>",
						"<android.location.GpsStatus$SatelliteIterator: android.location.GpsSatellite next()>"
					],
					"depth":8,
					"method":"<android.hardware.usb.UsbInterface: java.lang.String toString()>",
					"source":"FIELDCALLER"
				},
				{
					"trace":[
						"<android.hardware.usb.UsbConfiguration: java.lang.String toString()>",
						"<android.media.MediaPlayer$TrackInfo: java.lang.String toString()>",
						"<android.media.MediaFormat: java.lang.String toString()>",
						"<android.filterfw.core.KeyValueMap: java.lang.String toString()>",
						"<android.net.LinkProperties$CompareResult: java.lang.String toString()>",
						"<android.location.GpsMeasurementsEvent: java.lang.String toString()>",
						"<android.location.GpsStatus$SatelliteIterator: java.lang.Object next()>",
						"<android.location.GpsStatus$SatelliteIterator: android.location.GpsSatellite next()>",
						"key field: <android.location.GpsStatus$SatelliteIterator: int mIndex>",
						"<android.location.GpsStatus$SatelliteIterator: android.location.GpsSatellite next()>"
					],
					"depth":8,
					"method":"<android.hardware.usb.UsbConfiguration: java.lang.String toString()>",
					"source":"FIELDCALLER"
				},
				{
					"trace":[
						"<android.hardware.usb.UsbDevice: java.lang.String toString()>",
						"<android.media.MediaPlayer$TrackInfo: java.lang.String toString()>",
						"<android.media.MediaFormat: java.lang.String toString()>",
						"<android.filterfw.core.KeyValueMap: java.lang.String toString()>",
						"<android.net.LinkProperties$CompareResult: java.lang.String toString()>",
						"<android.location.GpsMeasurementsEvent: java.lang.String toString()>",
						"<android.location.GpsStatus$SatelliteIterator: java.lang.Object next()>",
						"<android.location.GpsStatus$SatelliteIterator: android.location.GpsSatellite next()>",
						"key field: <android.location.GpsStatus$SatelliteIterator: int mIndex>",
						"<android.location.GpsStatus$SatelliteIterator: android.location.GpsSatellite next()>"
					],
					"depth":8,
					"method":"<android.hardware.usb.UsbDevice: java.lang.String toString()>",
					"source":"FIELDCALLER"
				}
			],
			"callerOfSingnlar2SourceVar":{}
		},
		{
			"method":"<android.location.GpsStatus$SatelliteIterator: void remove()>",
			"message":"[\\s\\S]*",
			"relatedVarType":"Empty",
			"relatedCondType":"Empty",
			"modifier":"public",
			"type":"java.lang.UnsupportedOperationException",
			"osVersionRelated":false,
			"resourceRelated":false,
			"assessRelated":false,
			"hardwareRelated":false,
			"manifestRelated":false,
			"keyAPISameClassNum":0,
			"keyAPIDiffClassNum":0,
			"keyAPISameClass":[],
			"keyAPIDiffClass":[],
			"callerOfSingnlar2SourceVar":{}
		}
	]
}