{
	"exceptions":[
		{
			"method":"<android.content.pm.RegisteredServicesCache: android.content.pm.RegisteredServicesCache$ServiceInfo parseServiceInfo(android.content.pm.ResolveInfo)>",
			"message":"[\\s\\S]*",
			"relatedVarType":"ParaAndField",
			"relatedCondType":"Basic",
			"modifier":"private",
			"type":"java.lang.Throwable",
			"osVersionRelated":false,
			"resourceRelated":false,
			"assessRelated":false,
			"hardwareRelated":false,
			"manifestRelated":false,
			"conditions":"$z0 != 0, $i0 == 1, r42 != null",
			"paramValues":"@parameter0: android.content.pm.ResolveInfo",
			"fieldValues":"<android.content.pm.RegisteredServicesCache: android.content.Context mContext>",
			"relatedValues":"@parameter0: android.content.pm.ResolveInfo; <android.content.pm.RegisteredServicesCache: android.content.Context mContext>; ",
			"keyAPISameClassNum":4,
			"keyAPIDiffClassNum":4,
			"keyAPISameClass":[
				{
					"trace":[
						"<android.content.pm.RegisteredServicesCache: android.content.pm.RegisteredServicesCache$ServiceInfo parseServiceInfo(android.content.pm.ResolveInfo)>"
					],
					"depth":1,
					"method":"<android.content.pm.RegisteredServicesCache: void <init>(android.content.Context,java.lang.String,java.lang.String,java.lang.String,android.content.pm.XmlSerializerAndParser)>",
					"source":"FIELD"
				},
				{
					"trace":[
						"<android.content.pm.RegisteredServicesCache: android.content.pm.RegisteredServicesCache$ServiceInfo parseServiceInfo(android.content.pm.ResolveInfo)>"
					],
					"depth":1,
					"method":"<android.content.pm.RegisteredServicesCache: void setListener(android.content.pm.RegisteredServicesCacheListener,android.os.Handler)>",
					"source":"FIELD"
				},
				{
					"trace":[
						"<android.content.pm.RegisteredServicesCache: java.util.Collection getAllServices(int)>",
						"<android.content.pm.RegisteredServicesCache: void generateServicesMap(int)>",
						"<android.content.pm.RegisteredServicesCache: boolean inSystemImage(int)>",
						"key field: <android.content.pm.RegisteredServicesCache: android.content.Context mContext>",
						"<android.content.pm.RegisteredServicesCache: android.content.pm.RegisteredServicesCache$ServiceInfo parseServiceInfo(android.content.pm.ResolveInfo)>"
					],
					"depth":3,
					"method":"<android.content.pm.RegisteredServicesCache: java.util.Collection getAllServices(int)>",
					"source":"FIELDCALLER"
				},
				{
					"trace":[
						"<android.content.pm.RegisteredServicesCache: android.content.pm.RegisteredServicesCache$ServiceInfo getServiceInfo(java.lang.Object,int)>",
						"<android.content.pm.RegisteredServicesCache: void generateServicesMap(int)>",
						"<android.content.pm.RegisteredServicesCache: boolean inSystemImage(int)>",
						"key field: <android.content.pm.RegisteredServicesCache: android.content.Context mContext>",
						"<android.content.pm.RegisteredServicesCache: android.content.pm.RegisteredServicesCache$ServiceInfo parseServiceInfo(android.content.pm.ResolveInfo)>"
					],
					"depth":3,
					"method":"<android.content.pm.RegisteredServicesCache: android.content.pm.RegisteredServicesCache$ServiceInfo getServiceInfo(java.lang.Object,int)>",
					"source":"FIELDCALLER"
				}
			],
			"keyAPIDiffClass":[
				{
					"trace":[
						"<android.content.SyncAdaptersCache: void <init>(android.content.Context)>",
						"<android.content.pm.RegisteredServicesCache: void <init>(android.content.Context,java.lang.String,java.lang.String,java.lang.String,android.content.pm.XmlSerializerAndParser)>",
						"key field: <android.content.pm.RegisteredServicesCache: android.content.Context mContext>",
						"<android.content.pm.RegisteredServicesCache: android.content.pm.RegisteredServicesCache$ServiceInfo parseServiceInfo(android.content.pm.ResolveInfo)>"
					],
					"depth":2,
					"method":"<android.content.SyncAdaptersCache: void <init>(android.content.Context)>",
					"source":"FIELDCALLER"
				},
				{
					"trace":[
						"<android.content.BroadcastReceiver: void onReceive(android.content.Context,android.content.Intent)>",
						"<android.content.pm.RegisteredServicesCache: void access$100(android.content.pm.RegisteredServicesCache,android.content.Intent,int)>",
						"<android.content.pm.RegisteredServicesCache: void handlePackageEvent(android.content.Intent,int)>",
						"<android.content.pm.RegisteredServicesCache: void generateServicesMap(int)>",
						"<android.content.pm.RegisteredServicesCache: boolean inSystemImage(int)>",
						"key field: <android.content.pm.RegisteredServicesCache: android.content.Context mContext>",
						"<android.content.pm.RegisteredServicesCache: android.content.pm.RegisteredServicesCache$ServiceInfo parseServiceInfo(android.content.pm.ResolveInfo)>"
					],
					"depth":5,
					"method":"<android.content.BroadcastReceiver: void onReceive(android.content.Context,android.content.Intent)>",
					"source":"FIELDCALLER"
				},
				{
					"trace":[
						"<android.content.pm.RegisteredServicesCache$1: void onReceive(android.content.Context,android.content.Intent)>",
						"<android.content.pm.RegisteredServicesCache: void access$100(android.content.pm.RegisteredServicesCache,android.content.Intent,int)>",
						"<android.content.pm.RegisteredServicesCache: void handlePackageEvent(android.content.Intent,int)>",
						"<android.content.pm.RegisteredServicesCache: void generateServicesMap(int)>",
						"<android.content.pm.RegisteredServicesCache: boolean inSystemImage(int)>",
						"key field: <android.content.pm.RegisteredServicesCache: android.content.Context mContext>",
						"<android.content.pm.RegisteredServicesCache: android.content.pm.RegisteredServicesCache$ServiceInfo parseServiceInfo(android.content.pm.ResolveInfo)>"
					],
					"depth":5,
					"method":"<android.content.pm.RegisteredServicesCache$1: void onReceive(android.content.Context,android.content.Intent)>",
					"source":"FIELDCALLER"
				},
				{
					"trace":[
						"<android.content.pm.RegisteredServicesCache$2: void onReceive(android.content.Context,android.content.Intent)>",
						"<android.content.pm.RegisteredServicesCache: void access$100(android.content.pm.RegisteredServicesCache,android.content.Intent,int)>",
						"<android.content.pm.RegisteredServicesCache: void handlePackageEvent(android.content.Intent,int)>",
						"<android.content.pm.RegisteredServicesCache: void generateServicesMap(int)>",
						"<android.content.pm.RegisteredServicesCache: boolean inSystemImage(int)>",
						"key field: <android.content.pm.RegisteredServicesCache: android.content.Context mContext>",
						"<android.content.pm.RegisteredServicesCache: android.content.pm.RegisteredServicesCache$ServiceInfo parseServiceInfo(android.content.pm.ResolveInfo)>"
					],
					"depth":5,
					"method":"<android.content.pm.RegisteredServicesCache$2: void onReceive(android.content.Context,android.content.Intent)>",
					"source":"FIELDCALLER"
				}
			],
			"callerOfSingnlar2SourceVar":{
				"<android.content.pm.RegisteredServicesCache: android.content.pm.RegisteredServicesCache$ServiceInfo parseServiceInfo(android.content.pm.ResolveInfo)>":"0"
			}
		},
		{
			"method":"<android.content.pm.RegisteredServicesCache: android.content.pm.RegisteredServicesCache$ServiceInfo parseServiceInfo(android.content.pm.ResolveInfo)>",
			"message":"[\\s\\S]*",
			"relatedVarType":"ParaAndField",
			"relatedCondType":"Basic",
			"modifier":"private",
			"type":"java.lang.Throwable",
			"osVersionRelated":false,
			"resourceRelated":false,
			"assessRelated":false,
			"hardwareRelated":false,
			"manifestRelated":false,
			"conditions":"r42 != null",
			"paramValues":"@parameter0: android.content.pm.ResolveInfo",
			"fieldValues":"<android.content.pm.RegisteredServicesCache: android.content.Context mContext>",
			"caughtValues":"@caughtexception",
			"relatedValues":"@parameter0: android.content.pm.ResolveInfo; <android.content.pm.RegisteredServicesCache: android.content.Context mContext>; @caughtexception",
			"keyAPISameClassNum":4,
			"keyAPIDiffClassNum":4,
			"keyAPISameClass":[
				{
					"trace":[
						"<android.content.pm.RegisteredServicesCache: android.content.pm.RegisteredServicesCache$ServiceInfo parseServiceInfo(android.content.pm.ResolveInfo)>"
					],
					"depth":1,
					"method":"<android.content.pm.RegisteredServicesCache: void <init>(android.content.Context,java.lang.String,java.lang.String,java.lang.String,android.content.pm.XmlSerializerAndParser)>",
					"source":"FIELD"
				},
				{
					"trace":[
						"<android.content.pm.RegisteredServicesCache: android.content.pm.RegisteredServicesCache$ServiceInfo parseServiceInfo(android.content.pm.ResolveInfo)>"
					],
					"depth":1,
					"method":"<android.content.pm.RegisteredServicesCache: void setListener(android.content.pm.RegisteredServicesCacheListener,android.os.Handler)>",
					"source":"FIELD"
				},
				{
					"trace":[
						"<android.content.pm.RegisteredServicesCache: java.util.Collection getAllServices(int)>",
						"<android.content.pm.RegisteredServicesCache: void generateServicesMap(int)>",
						"<android.content.pm.RegisteredServicesCache: boolean inSystemImage(int)>",
						"key field: <android.content.pm.RegisteredServicesCache: android.content.Context mContext>",
						"<android.content.pm.RegisteredServicesCache: android.content.pm.RegisteredServicesCache$ServiceInfo parseServiceInfo(android.content.pm.ResolveInfo)>"
					],
					"depth":3,
					"method":"<android.content.pm.RegisteredServicesCache: java.util.Collection getAllServices(int)>",
					"source":"FIELDCALLER"
				},
				{
					"trace":[
						"<android.content.pm.RegisteredServicesCache: android.content.pm.RegisteredServicesCache$ServiceInfo getServiceInfo(java.lang.Object,int)>",
						"<android.content.pm.RegisteredServicesCache: void generateServicesMap(int)>",
						"<android.content.pm.RegisteredServicesCache: boolean inSystemImage(int)>",
						"key field: <android.content.pm.RegisteredServicesCache: android.content.Context mContext>",
						"<android.content.pm.RegisteredServicesCache: android.content.pm.RegisteredServicesCache$ServiceInfo parseServiceInfo(android.content.pm.ResolveInfo)>"
					],
					"depth":3,
					"method":"<android.content.pm.RegisteredServicesCache: android.content.pm.RegisteredServicesCache$ServiceInfo getServiceInfo(java.lang.Object,int)>",
					"source":"FIELDCALLER"
				}
			],
			"keyAPIDiffClass":[
				{
					"trace":[
						"<android.content.SyncAdaptersCache: void <init>(android.content.Context)>",
						"<android.content.pm.RegisteredServicesCache: void <init>(android.content.Context,java.lang.String,java.lang.String,java.lang.String,android.content.pm.XmlSerializerAndParser)>",
						"key field: <android.content.pm.RegisteredServicesCache: android.content.Context mContext>",
						"<android.content.pm.RegisteredServicesCache: android.content.pm.RegisteredServicesCache$ServiceInfo parseServiceInfo(android.content.pm.ResolveInfo)>"
					],
					"depth":2,
					"method":"<android.content.SyncAdaptersCache: void <init>(android.content.Context)>",
					"source":"FIELDCALLER"
				},
				{
					"trace":[
						"<android.content.BroadcastReceiver: void onReceive(android.content.Context,android.content.Intent)>",
						"<android.content.pm.RegisteredServicesCache: void access$100(android.content.pm.RegisteredServicesCache,android.content.Intent,int)>",
						"<android.content.pm.RegisteredServicesCache: void handlePackageEvent(android.content.Intent,int)>",
						"<android.content.pm.RegisteredServicesCache: void generateServicesMap(int)>",
						"<android.content.pm.RegisteredServicesCache: boolean inSystemImage(int)>",
						"key field: <android.content.pm.RegisteredServicesCache: android.content.Context mContext>",
						"<android.content.pm.RegisteredServicesCache: android.content.pm.RegisteredServicesCache$ServiceInfo parseServiceInfo(android.content.pm.ResolveInfo)>"
					],
					"depth":5,
					"method":"<android.content.BroadcastReceiver: void onReceive(android.content.Context,android.content.Intent)>",
					"source":"FIELDCALLER"
				},
				{
					"trace":[
						"<android.content.pm.RegisteredServicesCache$1: void onReceive(android.content.Context,android.content.Intent)>",
						"<android.content.pm.RegisteredServicesCache: void access$100(android.content.pm.RegisteredServicesCache,android.content.Intent,int)>",
						"<android.content.pm.RegisteredServicesCache: void handlePackageEvent(android.content.Intent,int)>",
						"<android.content.pm.RegisteredServicesCache: void generateServicesMap(int)>",
						"<android.content.pm.RegisteredServicesCache: boolean inSystemImage(int)>",
						"key field: <android.content.pm.RegisteredServicesCache: android.content.Context mContext>",
						"<android.content.pm.RegisteredServicesCache: android.content.pm.RegisteredServicesCache$ServiceInfo parseServiceInfo(android.content.pm.ResolveInfo)>"
					],
					"depth":5,
					"method":"<android.content.pm.RegisteredServicesCache$1: void onReceive(android.content.Context,android.content.Intent)>",
					"source":"FIELDCALLER"
				},
				{
					"trace":[
						"<android.content.pm.RegisteredServicesCache$2: void onReceive(android.content.Context,android.content.Intent)>",
						"<android.content.pm.RegisteredServicesCache: void access$100(android.content.pm.RegisteredServicesCache,android.content.Intent,int)>",
						"<android.content.pm.RegisteredServicesCache: void handlePackageEvent(android.content.Intent,int)>",
						"<android.content.pm.RegisteredServicesCache: void generateServicesMap(int)>",
						"<android.content.pm.RegisteredServicesCache: boolean inSystemImage(int)>",
						"key field: <android.content.pm.RegisteredServicesCache: android.content.Context mContext>",
						"<android.content.pm.RegisteredServicesCache: android.content.pm.RegisteredServicesCache$ServiceInfo parseServiceInfo(android.content.pm.ResolveInfo)>"
					],
					"depth":5,
					"method":"<android.content.pm.RegisteredServicesCache$2: void onReceive(android.content.Context,android.content.Intent)>",
					"source":"FIELDCALLER"
				}
			],
			"callerOfSingnlar2SourceVar":{
				"<android.content.pm.RegisteredServicesCache: android.content.pm.RegisteredServicesCache$ServiceInfo parseServiceInfo(android.content.pm.ResolveInfo)>":"0"
			}
		},
		{
			"method":"<android.content.pm.RegisteredServicesCache: android.content.pm.RegisteredServicesCache$ServiceInfo parseServiceInfo(android.content.pm.ResolveInfo)>",
			"message":"[\\s\\S]*",
			"relatedVarType":"ParaAndField",
			"relatedCondType":"Basic",
			"modifier":"private",
			"type":"java.lang.Throwable",
			"osVersionRelated":false,
			"resourceRelated":false,
			"assessRelated":false,
			"hardwareRelated":false,
			"manifestRelated":false,
			"conditions":"r42 != null",
			"paramValues":"@parameter0: android.content.pm.ResolveInfo",
			"fieldValues":"<android.content.pm.RegisteredServicesCache: android.content.Context mContext>",
			"relatedValues":"@parameter0: android.content.pm.ResolveInfo; <android.content.pm.RegisteredServicesCache: android.content.Context mContext>; ",
			"keyAPISameClassNum":4,
			"keyAPIDiffClassNum":4,
			"keyAPISameClass":[
				{
					"trace":[
						"<android.content.pm.RegisteredServicesCache: android.content.pm.RegisteredServicesCache$ServiceInfo parseServiceInfo(android.content.pm.ResolveInfo)>"
					],
					"depth":1,
					"method":"<android.content.pm.RegisteredServicesCache: void <init>(android.content.Context,java.lang.String,java.lang.String,java.lang.String,android.content.pm.XmlSerializerAndParser)>",
					"source":"FIELD"
				},
				{
					"trace":[
						"<android.content.pm.RegisteredServicesCache: android.content.pm.RegisteredServicesCache$ServiceInfo parseServiceInfo(android.content.pm.ResolveInfo)>"
					],
					"depth":1,
					"method":"<android.content.pm.RegisteredServicesCache: void setListener(android.content.pm.RegisteredServicesCacheListener,android.os.Handler)>",
					"source":"FIELD"
				},
				{
					"trace":[
						"<android.content.pm.RegisteredServicesCache: java.util.Collection getAllServices(int)>",
						"<android.content.pm.RegisteredServicesCache: void generateServicesMap(int)>",
						"<android.content.pm.RegisteredServicesCache: boolean inSystemImage(int)>",
						"key field: <android.content.pm.RegisteredServicesCache: android.content.Context mContext>",
						"<android.content.pm.RegisteredServicesCache: android.content.pm.RegisteredServicesCache$ServiceInfo parseServiceInfo(android.content.pm.ResolveInfo)>"
					],
					"depth":3,
					"method":"<android.content.pm.RegisteredServicesCache: java.util.Collection getAllServices(int)>",
					"source":"FIELDCALLER"
				},
				{
					"trace":[
						"<android.content.pm.RegisteredServicesCache: android.content.pm.RegisteredServicesCache$ServiceInfo getServiceInfo(java.lang.Object,int)>",
						"<android.content.pm.RegisteredServicesCache: void generateServicesMap(int)>",
						"<android.content.pm.RegisteredServicesCache: boolean inSystemImage(int)>",
						"key field: <android.content.pm.RegisteredServicesCache: android.content.Context mContext>",
						"<android.content.pm.RegisteredServicesCache: android.content.pm.RegisteredServicesCache$ServiceInfo parseServiceInfo(android.content.pm.ResolveInfo)>"
					],
					"depth":3,
					"method":"<android.content.pm.RegisteredServicesCache: android.content.pm.RegisteredServicesCache$ServiceInfo getServiceInfo(java.lang.Object,int)>",
					"source":"FIELDCALLER"
				}
			],
			"keyAPIDiffClass":[
				{
					"trace":[
						"<android.content.SyncAdaptersCache: void <init>(android.content.Context)>",
						"<android.content.pm.RegisteredServicesCache: void <init>(android.content.Context,java.lang.String,java.lang.String,java.lang.String,android.content.pm.XmlSerializerAndParser)>",
						"key field: <android.content.pm.RegisteredServicesCache: android.content.Context mContext>",
						"<android.content.pm.RegisteredServicesCache: android.content.pm.RegisteredServicesCache$ServiceInfo parseServiceInfo(android.content.pm.ResolveInfo)>"
					],
					"depth":2,
					"method":"<android.content.SyncAdaptersCache: void <init>(android.content.Context)>",
					"source":"FIELDCALLER"
				},
				{
					"trace":[
						"<android.content.BroadcastReceiver: void onReceive(android.content.Context,android.content.Intent)>",
						"<android.content.pm.RegisteredServicesCache: void access$100(android.content.pm.RegisteredServicesCache,android.content.Intent,int)>",
						"<android.content.pm.RegisteredServicesCache: void handlePackageEvent(android.content.Intent,int)>",
						"<android.content.pm.RegisteredServicesCache: void generateServicesMap(int)>",
						"<android.content.pm.RegisteredServicesCache: boolean inSystemImage(int)>",
						"key field: <android.content.pm.RegisteredServicesCache: android.content.Context mContext>",
						"<android.content.pm.RegisteredServicesCache: android.content.pm.RegisteredServicesCache$ServiceInfo parseServiceInfo(android.content.pm.ResolveInfo)>"
					],
					"depth":5,
					"method":"<android.content.BroadcastReceiver: void onReceive(android.content.Context,android.content.Intent)>",
					"source":"FIELDCALLER"
				},
				{
					"trace":[
						"<android.content.pm.RegisteredServicesCache$1: void onReceive(android.content.Context,android.content.Intent)>",
						"<android.content.pm.RegisteredServicesCache: void access$100(android.content.pm.RegisteredServicesCache,android.content.Intent,int)>",
						"<android.content.pm.RegisteredServicesCache: void handlePackageEvent(android.content.Intent,int)>",
						"<android.content.pm.RegisteredServicesCache: void generateServicesMap(int)>",
						"<android.content.pm.RegisteredServicesCache: boolean inSystemImage(int)>",
						"key field: <android.content.pm.RegisteredServicesCache: android.content.Context mContext>",
						"<android.content.pm.RegisteredServicesCache: android.content.pm.RegisteredServicesCache$ServiceInfo parseServiceInfo(android.content.pm.ResolveInfo)>"
					],
					"depth":5,
					"method":"<android.content.pm.RegisteredServicesCache$1: void onReceive(android.content.Context,android.content.Intent)>",
					"source":"FIELDCALLER"
				},
				{
					"trace":[
						"<android.content.pm.RegisteredServicesCache$2: void onReceive(android.content.Context,android.content.Intent)>",
						"<android.content.pm.RegisteredServicesCache: void access$100(android.content.pm.RegisteredServicesCache,android.content.Intent,int)>",
						"<android.content.pm.RegisteredServicesCache: void handlePackageEvent(android.content.Intent,int)>",
						"<android.content.pm.RegisteredServicesCache: void generateServicesMap(int)>",
						"<android.content.pm.RegisteredServicesCache: boolean inSystemImage(int)>",
						"key field: <android.content.pm.RegisteredServicesCache: android.content.Context mContext>",
						"<android.content.pm.RegisteredServicesCache: android.content.pm.RegisteredServicesCache$ServiceInfo parseServiceInfo(android.content.pm.ResolveInfo)>"
					],
					"depth":5,
					"method":"<android.content.pm.RegisteredServicesCache$2: void onReceive(android.content.Context,android.content.Intent)>",
					"source":"FIELDCALLER"
				}
			],
			"callerOfSingnlar2SourceVar":{
				"<android.content.pm.RegisteredServicesCache: android.content.pm.RegisteredServicesCache$ServiceInfo parseServiceInfo(android.content.pm.ResolveInfo)>":"0"
			}
		}
	]
}