{
	"exceptions":[
		{
			"method":"<android.hardware.location.GeofenceHardwareRequest: void setSourceTechnologies(int)>",
			"message":"\\QAt least one valid source technology must be set.\\E",
			"relatedVarType":"Parameter",
			"relatedCondType":"Basic",
			"modifier":"public",
			"type":"java.lang.IllegalArgumentException",
			"osVersionRelated":false,
			"resourceRelated":false,
			"assessRelated":false,
			"hardwareRelated":true,
			"manifestRelated":false,
			"conditions":"i2 != 0",
			"paramValues":"@parameter0: int",
			"relatedValues":"@parameter0: int; ; ",
			"keyAPISameClassNum":0,
			"keyAPIDiffClassNum":0,
			"keyAPISameClass":[
				{
					"trace":[
						"<android.hardware.location.GeofenceHardwareRequest: void setSourceTechnologies(int)>"
					],
					"depth":0,
					"method":"<android.hardware.location.GeofenceHardwareRequest: void setSourceTechnologies(int)>",
					"source":"CALLER"
				}
			],
			"keyAPIDiffClass":[
				{
					"trace":[
						"<android.hardware.location.GeofenceHardwareRequestParcelable$1: android.hardware.location.GeofenceHardwareRequestParcelable createFromParcel(android.os.Parcel)>",
						"<android.hardware.location.GeofenceHardwareRequest: void setSourceTechnologies(int)>"
					],
					"depth":1,
					"method":"<android.hardware.location.GeofenceHardwareRequestParcelable$1: android.hardware.location.GeofenceHardwareRequestParcelable createFromParcel(android.os.Parcel)>",
					"source":"CALLER"
				},
				{
					"trace":[
						"<android.os.Parcelable$Creator: java.lang.Object createFromParcel(android.os.Parcel)>",
						"<android.hardware.location.GeofenceHardwareRequest: void setSourceTechnologies(int)>"
					],
					"depth":1,
					"method":"<android.os.Parcelable$Creator: java.lang.Object createFromParcel(android.os.Parcel)>",
					"source":"CALLER"
				},
				{
					"trace":[
						"<android.hardware.location.GeofenceHardwareRequestParcelable$1: java.lang.Object createFromParcel(android.os.Parcel)>",
						"<android.hardware.location.GeofenceHardwareRequestParcelable$1: android.hardware.location.GeofenceHardwareRequestParcelable createFromParcel(android.os.Parcel)>",
						"<android.hardware.location.GeofenceHardwareRequest: void setSourceTechnologies(int)>"
					],
					"depth":2,
					"method":"<android.hardware.location.GeofenceHardwareRequestParcelable$1: java.lang.Object createFromParcel(android.os.Parcel)>",
					"source":"CALLER"
				}
			],
			"callerOfSingnlar2SourceVar":{
				"<android.hardware.location.GeofenceHardwareRequest: void setSourceTechnologies(int)>":"0"
			}
		}
	]
}