{
	"exceptions":[
		{
			"method":"<android.animation.AnimatorSet: android.animation.AnimatorSet setDuration(long)>",
			"message":"\\Qduration must be a value of zero or greater\\E",
			"relatedVarType":"Parameter",
			"relatedCondType":"Basic",
			"modifier":"public",
			"type":"java.lang.IllegalArgumentException",
			"osVersionRelated":false,
			"resourceRelated":false,
			"assessRelated":false,
			"hardwareRelated":false,
			"manifestRelated":false,
			"conditions":"$b1 >= 0",
			"paramValues":"@parameter0: long",
			"relatedValues":"@parameter0: long; ; ",
			"keyAPISameClassNum":0,
			"keyAPIDiffClassNum":0,
			"keyAPISameClass":[
				{
					"trace":[
						"<android.animation.AnimatorSet: android.animation.AnimatorSet setDuration(long)>"
					],
					"depth":0,
					"method":"<android.animation.AnimatorSet: android.animation.AnimatorSet setDuration(long)>",
					"source":"CALLER"
				},
				{
					"trace":[
						"<android.animation.Animator: android.animation.Animator setDuration(long)>",
						"<android.animation.AnimatorSet: android.animation.AnimatorSet setDuration(long)>"
					],
					"depth":1,
					"method":"<android.animation.Animator: android.animation.Animator setDuration(long)>",
					"source":"CALLER"
				},
				{
					"trace":[
						"<android.animation.AnimatorSet: android.animation.Animator setDuration(long)>",
						"<android.animation.AnimatorSet: android.animation.AnimatorSet setDuration(long)>"
					],
					"depth":1,
					"method":"<android.animation.AnimatorSet: android.animation.Animator setDuration(long)>",
					"source":"CALLER"
				}
			],
			"keyAPIDiffClass":[],
			"callerOfSingnlar2SourceVar":{
				"<android.animation.AnimatorSet: android.animation.Animator setDuration(long)>":"0",
				"<android.animation.AnimatorSet: android.animation.AnimatorSet setDuration(long)>":"0"
			}
		},
		{
			"method":"<android.animation.AnimatorSet: void sortNodes()>",
			"message":"\\QCircular dependencies cannot exist in AnimatorSet\\E",
			"relatedVarType":"Field",
			"relatedCondType":"Basic",
			"modifier":"private",
			"type":"java.lang.IllegalStateException",
			"osVersionRelated":false,
			"resourceRelated":false,
			"assessRelated":false,
			"hardwareRelated":false,
			"manifestRelated":false,
			"conditions":"$i2 == $i3, $i1 <= 0, $z0 == 0",
			"fieldValues":"<android.animation.AnimatorSet: java.util.ArrayList mSortedNodes>, <android.animation.AnimatorSet: java.util.ArrayList mNodes>, <android.animation.AnimatorSet: boolean mNeedsSort>",
			"relatedValues":"; <android.animation.AnimatorSet: java.util.ArrayList mSortedNodes>, <android.animation.AnimatorSet: java.util.ArrayList mNodes>, <android.animation.AnimatorSet: boolean mNeedsSort>; ",
			"keyAPISameClassNum":22,
			"keyAPIDiffClassNum":81,
			"keyAPISameClass":[
				{
					"trace":[
						"<android.animation.AnimatorSet: void sortNodes()>"
					],
					"depth":1,
					"method":"<android.animation.AnimatorSet: void <init>()>",
					"source":"FIELD"
				},
				{
					"trace":[
						"<android.animation.AnimatorSet: void sortNodes()>"
					],
					"depth":1,
					"method":"<android.animation.AnimatorSet: void cancel()>",
					"source":"FIELD"
				},
				{
					"trace":[
						"<android.animation.AnimatorSet: void sortNodes()>"
					],
					"depth":1,
					"method":"<android.animation.AnimatorSet: void end()>",
					"source":"FIELD"
				},
				{
					"trace":[
						"<android.animation.AnimatorSet: void sortNodes()>"
					],
					"depth":1,
					"method":"<android.animation.AnimatorSet: void start()>",
					"source":"FIELD"
				},
				{
					"trace":[
						"<android.animation.AnimatorSet: void sortNodes()>"
					],
					"depth":1,
					"method":"<android.animation.AnimatorSet: android.animation.AnimatorSet clone()>",
					"source":"FIELD"
				},
				{
					"trace":[
						"<android.animation.AnimatorSet: void sortNodes()>"
					],
					"depth":1,
					"method":"<android.animation.AnimatorSet: java.util.ArrayList getChildAnimations()>",
					"source":"FIELD"
				},
				{
					"trace":[
						"<android.animation.AnimatorSet: void sortNodes()>"
					],
					"depth":1,
					"method":"<android.animation.AnimatorSet: void setTarget(java.lang.Object)>",
					"source":"FIELD"
				},
				{
					"trace":[
						"<android.animation.AnimatorSet: void sortNodes()>"
					],
					"depth":1,
					"method":"<android.animation.AnimatorSet: boolean isRunning()>",
					"source":"FIELD"
				},
				{
					"trace":[
						"<android.animation.AnimatorSet: void sortNodes()>"
					],
					"depth":1,
					"method":"<android.animation.AnimatorSet: void setupStartValues()>",
					"source":"FIELD"
				},
				{
					"trace":[
						"<android.animation.AnimatorSet: void sortNodes()>"
					],
					"depth":1,
					"method":"<android.animation.AnimatorSet: void setupEndValues()>",
					"source":"FIELD"
				},
				{
					"trace":[
						"<android.animation.AnimatorSet: void sortNodes()>"
					],
					"depth":1,
					"method":"<android.animation.AnimatorSet: void resume()>",
					"source":"FIELD"
				},
				{
					"trace":[
						"<android.animation.AnimatorSet: void sortNodes()>"
					],
					"depth":1,
					"method":"<android.animation.AnimatorSet: boolean canReverse()>",
					"source":"FIELD"
				},
				{
					"trace":[
						"<android.animation.AnimatorSet: void sortNodes()>"
					],
					"depth":1,
					"method":"<android.animation.AnimatorSet: void playTogether(android.animation.Animator[])>",
					"source":"FIELD"
				},
				{
					"trace":[
						"<android.animation.AnimatorSet: void sortNodes()>"
					],
					"depth":1,
					"method":"<android.animation.AnimatorSet: void playTogether(java.util.Collection)>",
					"source":"FIELD"
				},
				{
					"trace":[
						"<android.animation.AnimatorSet: void sortNodes()>"
					],
					"depth":1,
					"method":"<android.animation.AnimatorSet: void playSequentially(android.animation.Animator[])>",
					"source":"FIELD"
				},
				{
					"trace":[
						"<android.animation.AnimatorSet: void sortNodes()>"
					],
					"depth":1,
					"method":"<android.animation.AnimatorSet: void playSequentially(java.util.List)>",
					"source":"FIELD"
				},
				{
					"trace":[
						"<android.animation.AnimatorSet: void sortNodes()>"
					],
					"depth":1,
					"method":"<android.animation.AnimatorSet: android.animation.AnimatorSet$Builder play(android.animation.Animator)>",
					"source":"FIELD"
				},
				{
					"trace":[
						"<android.animation.AnimatorSet: java.lang.Object clone()>",
						"<android.animation.AnimatorSet: android.animation.AnimatorSet clone()>",
						"key field: <android.animation.AnimatorSet: java.util.ArrayList mSortedNodes>",
						"<android.animation.AnimatorSet: void sortNodes()>"
					],
					"depth":2,
					"method":"<android.animation.AnimatorSet: java.lang.Object clone()>",
					"source":"FIELDCALLER"
				},
				{
					"trace":[
						"<android.animation.AnimatorSet: android.animation.Animator clone()>",
						"<android.animation.AnimatorSet: android.animation.AnimatorSet clone()>",
						"key field: <android.animation.AnimatorSet: java.util.ArrayList mSortedNodes>",
						"<android.animation.AnimatorSet: void sortNodes()>"
					],
					"depth":2,
					"method":"<android.animation.AnimatorSet: android.animation.Animator clone()>",
					"source":"FIELDCALLER"
				},
				{
					"trace":[
						"<android.animation.Animator: boolean isRunning()>",
						"<android.animation.AnimatorSet: boolean isRunning()>",
						"key field: <android.animation.AnimatorSet: java.util.ArrayList mNodes>",
						"<android.animation.AnimatorSet: void sortNodes()>"
					],
					"depth":2,
					"method":"<android.animation.Animator: boolean isRunning()>",
					"source":"FIELDCALLER"
				},
				{
					"trace":[
						"<android.animation.AnimatorSet: void pause()>",
						"<android.animation.Animator: void pause()>",
						"<android.animation.Animator: boolean isStarted()>",
						"<android.animation.AnimatorSet: boolean isRunning()>",
						"key field: <android.animation.AnimatorSet: java.util.ArrayList mNodes>",
						"<android.animation.AnimatorSet: void sortNodes()>"
					],
					"depth":4,
					"method":"<android.animation.AnimatorSet: void pause()>",
					"source":"FIELDCALLER"
				},
				{
					"trace":[
						"<android.animation.AnimatorSet: void reverse()>",
						"<android.animation.ValueAnimator: void reverse()>",
						"<android.animation.ValueAnimator: void start(boolean)>",
						"<android.animation.ValueAnimator: void notifyStartListeners()>",
						"<android.animation.AnimatorSet$DependencyListener: void onAnimationStart(android.animation.Animator)>",
						"<android.animation.AnimatorSet$DependencyListener: void startIfReady(android.animation.Animator)>",
						"<android.animation.AnimatorSet: void start()>",
						"key field: <android.animation.AnimatorSet: java.util.ArrayList mSortedNodes>",
						"<android.animation.AnimatorSet: void sortNodes()>"
					],
					"depth":7,
					"method":"<android.animation.AnimatorSet: void reverse()>",
					"source":"FIELDCALLER"
				}
			],
			"keyAPIDiffClass":[
				{
					"trace":[
						"<android.animation.LayoutTransition: void cancel()>",
						"<android.animation.AnimatorSet: void cancel()>",
						"key field: <android.animation.AnimatorSet: java.util.ArrayList mSortedNodes>",
						"<android.animation.AnimatorSet: void sortNodes()>"
					],
					"depth":2,
					"method":"<android.animation.LayoutTransition: void cancel()>",
					"source":"FIELDCALLER"
				},
				{
					"trace":[
						"<android.animation.LayoutTransition: void cancel(int)>",
						"<android.animation.AnimatorSet: void cancel()>",
						"key field: <android.animation.AnimatorSet: java.util.ArrayList mSortedNodes>",
						"<android.animation.AnimatorSet: void sortNodes()>"
					],
					"depth":2,
					"method":"<android.animation.LayoutTransition: void cancel(int)>",
					"source":"FIELDCALLER"
				},
				{
					"trace":[
						"<android.animation.LayoutTransition$3: void onLayoutChange(android.view.View,int,int,int,int,int,int,int,int)>",
						"<android.animation.AnimatorSet: void cancel()>",
						"key field: <android.animation.AnimatorSet: java.util.ArrayList mSortedNodes>",
						"<android.animation.AnimatorSet: void sortNodes()>"
					],
					"depth":2,
					"method":"<android.animation.LayoutTransition$3: void onLayoutChange(android.view.View,int,int,int,int,int,int,int,int)>",
					"source":"FIELDCALLER"
				},
				{
					"trace":[
						"<android.view.View$OnLayoutChangeListener: void onLayoutChange(android.view.View,int,int,int,int,int,int,int,int)>",
						"<android.animation.AnimatorSet: void cancel()>",
						"key field: <android.animation.AnimatorSet: java.util.ArrayList mSortedNodes>",
						"<android.animation.AnimatorSet: void sortNodes()>"
					],
					"depth":2,
					"method":"<android.view.View$OnLayoutChangeListener: void onLayoutChange(android.view.View,int,int,int,int,int,int,int,int)>",
					"source":"FIELDCALLER"
				},
				{
					"trace":[
						"<android.view.ViewPropertyAnimator: void cancel()>",
						"<android.animation.AnimatorSet: void cancel()>",
						"key field: <android.animation.AnimatorSet: java.util.ArrayList mSortedNodes>",
						"<android.animation.AnimatorSet: void sortNodes()>"
					],
					"depth":2,
					"method":"<android.view.ViewPropertyAnimator: void cancel()>",
					"source":"FIELDCALLER"
				},
				{
					"trace":[
						"<android.animation.StateListAnimator: void jumpToCurrentState()>",
						"<android.animation.AnimatorSet: void end()>",
						"key field: <android.animation.AnimatorSet: java.util.ArrayList mSortedNodes>",
						"<android.animation.AnimatorSet: void sortNodes()>"
					],
					"depth":2,
					"method":"<android.animation.StateListAnimator: void jumpToCurrentState()>",
					"source":"FIELDCALLER"
				},
				{
					"trace":[
						"<android.animation.LayoutTransition: void endChangingAnimations()>",
						"<android.animation.AnimatorSet: void end()>",
						"key field: <android.animation.AnimatorSet: java.util.ArrayList mSortedNodes>",
						"<android.animation.AnimatorSet: void sortNodes()>"
					],
					"depth":2,
					"method":"<android.animation.LayoutTransition: void endChangingAnimations()>",
					"source":"FIELDCALLER"
				},
				{
					"trace":[
						"<android.animation.StateListAnimator$1: void onAnimationEnd(android.animation.Animator)>",
						"<android.animation.AnimatorSet: void setTarget(java.lang.Object)>",
						"key field: <android.animation.AnimatorSet: java.util.ArrayList mNodes>",
						"<android.animation.AnimatorSet: void sortNodes()>"
					],
					"depth":2,
					"method":"<android.animation.StateListAnimator$1: void onAnimationEnd(android.animation.Animator)>",
					"source":"FIELDCALLER"
				},
				{
					"trace":[
						"<android.animation.Animator: boolean isStarted()>",
						"<android.animation.AnimatorSet: boolean isRunning()>",
						"key field: <android.animation.AnimatorSet: java.util.ArrayList mNodes>",
						"<android.animation.AnimatorSet: void sortNodes()>"
					],
					"depth":2,
					"method":"<android.animation.Animator: boolean isStarted()>",
					"source":"FIELDCALLER"
				},
				{
					"trace":[
						"<android.transition.Transition: void resume(android.view.View)>",
						"<android.animation.AnimatorSet: void resume()>",
						"key field: <android.animation.AnimatorSet: java.util.ArrayList mNodes>",
						"<android.animation.AnimatorSet: void sortNodes()>"
					],
					"depth":2,
					"method":"<android.transition.Transition: void resume(android.view.View)>",
					"source":"FIELDCALLER"
				},
				{
					"trace":[
						"<android.graphics.drawable.AnimatedVectorDrawable: boolean canReverse()>",
						"<android.animation.AnimatorSet: boolean canReverse()>",
						"key field: <android.animation.AnimatorSet: java.util.ArrayList mNodes>",
						"<android.animation.AnimatorSet: void sortNodes()>"
					],
					"depth":2,
					"method":"<android.graphics.drawable.AnimatedVectorDrawable: boolean canReverse()>",
					"source":"FIELDCALLER"
				},
				{
					"trace":[
						"<android.animation.StateListAnimator: void setState(int[])>",
						"<android.animation.StateListAnimator: void cancel()>",
						"<android.animation.AnimatorSet: void cancel()>",
						"key field: <android.animation.AnimatorSet: java.util.ArrayList mSortedNodes>",
						"<android.animation.AnimatorSet: void sortNodes()>"
					],
					"depth":3,
					"method":"<android.animation.StateListAnimator: void setState(int[])>",
					"source":"FIELDCALLER"
				},
				{
					"trace":[
						"<android.animation.AnimatorSet$DependencyListener: void onAnimationEnd(android.animation.Animator)>",
						"<android.animation.AnimatorSet$DependencyListener: void startIfReady(android.animation.Animator)>",
						"<android.animation.AnimatorSet: void start()>",
						"key field: <android.animation.AnimatorSet: java.util.ArrayList mSortedNodes>",
						"<android.animation.AnimatorSet: void sortNodes()>"
					],
					"depth":3,
					"method":"<android.animation.AnimatorSet$DependencyListener: void onAnimationEnd(android.animation.Animator)>",
					"source":"FIELDCALLER"
				},
				{
					"trace":[
						"<android.animation.Animator$AnimatorListener: void onAnimationEnd(android.animation.Animator)>",
						"<android.animation.AnimatorSet$DependencyListener: void startIfReady(android.animation.Animator)>",
						"<android.animation.AnimatorSet: void start()>",
						"key field: <android.animation.AnimatorSet: java.util.ArrayList mSortedNodes>",
						"<android.animation.AnimatorSet: void sortNodes()>"
					],
					"depth":3,
					"method":"<android.animation.Animator$AnimatorListener: void onAnimationEnd(android.animation.Animator)>",
					"source":"FIELDCALLER"
				},
				{
					"trace":[
						"<android.animation.AnimatorSet$DependencyListener: void onAnimationStart(android.animation.Animator)>",
						"<android.animation.AnimatorSet$DependencyListener: void startIfReady(android.animation.Animator)>",
						"<android.animation.AnimatorSet: void start()>",
						"key field: <android.animation.AnimatorSet: java.util.ArrayList mSortedNodes>",
						"<android.animation.AnimatorSet: void sortNodes()>"
					],
					"depth":3,
					"method":"<android.animation.AnimatorSet$DependencyListener: void onAnimationStart(android.animation.Animator)>",
					"source":"FIELDCALLER"
				},
				{
					"trace":[
						"<android.animation.Animator$AnimatorListener: void onAnimationStart(android.animation.Animator)>",
						"<android.animation.AnimatorSet$DependencyListener: void startIfReady(android.animation.Animator)>",
						"<android.animation.AnimatorSet: void start()>",
						"key field: <android.animation.AnimatorSet: java.util.ArrayList mSortedNodes>",
						"<android.animation.AnimatorSet: void sortNodes()>"
					],
					"depth":3,
					"method":"<android.animation.Animator$AnimatorListener: void onAnimationStart(android.animation.Animator)>",
					"source":"FIELDCALLER"
				},
				{
					"trace":[
						"<android.graphics.drawable.shapes.RoundRectShape: android.graphics.drawable.shapes.RoundRectShape clone()>",
						"<android.animation.AnimatorSet: java.lang.Object clone()>",
						"<android.animation.AnimatorSet: android.animation.AnimatorSet clone()>",
						"key field: <android.animation.AnimatorSet: java.util.ArrayList mSortedNodes>",
						"<android.animation.AnimatorSet: void sortNodes()>"
					],
					"depth":3,
					"method":"<android.graphics.drawable.shapes.RoundRectShape: android.graphics.drawable.shapes.RoundRectShape clone()>",
					"source":"FIELDCALLER"
				},
				{
					"trace":[
						"<android.animation.AnimatorSet$Node: android.animation.AnimatorSet$Node clone()>",
						"<android.animation.AnimatorSet: android.animation.Animator clone()>",
						"<android.animation.AnimatorSet: android.animation.AnimatorSet clone()>",
						"key field: <android.animation.AnimatorSet: java.util.ArrayList mSortedNodes>",
						"<android.animation.AnimatorSet: void sortNodes()>"
					],
					"depth":3,
					"method":"<android.animation.AnimatorSet$Node: android.animation.AnimatorSet$Node clone()>",
					"source":"FIELDCALLER"
				},
				{
					"trace":[
						"<android.animation.StateListAnimator: void setTarget(android.view.View)>",
						"<android.animation.StateListAnimator: void clearTarget()>",
						"<android.animation.AnimatorSet: void setTarget(java.lang.Object)>",
						"key field: <android.animation.AnimatorSet: java.util.ArrayList mNodes>",
						"<android.animation.AnimatorSet: void sortNodes()>"
					],
					"depth":3,
					"method":"<android.animation.StateListAnimator: void setTarget(android.view.View)>",
					"source":"FIELDCALLER"
				},
				{
					"trace":[
						"<android.animation.Animator: void pause()>",
						"<android.animation.Animator: boolean isStarted()>",
						"<android.animation.AnimatorSet: boolean isRunning()>",
						"key field: <android.animation.AnimatorSet: java.util.ArrayList mNodes>",
						"<android.animation.AnimatorSet: void sortNodes()>"
					],
					"depth":3,
					"method":"<android.animation.Animator: void pause()>",
					"source":"FIELDCALLER"
				},
				{
					"trace":[
						"<android.transition.TransitionSet: void resume(android.view.View)>",
						"<android.transition.Transition: void resume(android.view.View)>",
						"<android.animation.AnimatorSet: void resume()>",
						"key field: <android.animation.AnimatorSet: java.util.ArrayList mNodes>",
						"<android.animation.AnimatorSet: void sortNodes()>"
					],
					"depth":3,
					"method":"<android.transition.TransitionSet: void resume(android.view.View)>",
					"source":"FIELDCALLER"
				},
				{
					"trace":[
						"<android.graphics.drawable.AnimatedStateListDrawable$AnimatedVectorDrawableTransition: boolean canReverse()>",
						"<android.graphics.drawable.AnimatedVectorDrawable: boolean canReverse()>",
						"<android.animation.AnimatorSet: boolean canReverse()>",
						"key field: <android.animation.AnimatorSet: java.util.ArrayList mNodes>",
						"<android.animation.AnimatorSet: void sortNodes()>"
					],
					"depth":3,
					"method":"<android.graphics.drawable.AnimatedStateListDrawable$AnimatedVectorDrawableTransition: boolean canReverse()>",
					"source":"FIELDCALLER"
				},
				{
					"trace":[
						"<android.animation.AnimatorInflater: android.animation.Animator loadAnimator(android.content.res.Resources,android.content.res.Resources$Theme,int,float)>",
						"<android.animation.AnimatorInflater: android.animation.Animator createAnimatorFromXml(android.content.res.Resources,android.content.res.Resources$Theme,org.xmlpull.v1.XmlPullParser,float)>",
						"<android.animation.AnimatorInflater: android.animation.Animator createAnimatorFromXml(android.content.res.Resources,android.content.res.Resources$Theme,org.xmlpull.v1.XmlPullParser,android.util.AttributeSet,android.animation.AnimatorSet,int,float)>",
						"<android.animation.AnimatorSet: void <init>()>",
						"key field: <android.animation.AnimatorSet: java.util.ArrayList mSortedNodes>",
						"<android.animation.AnimatorSet: void sortNodes()>"
					],
					"depth":4,
					"method":"<android.animation.AnimatorInflater: android.animation.Animator loadAnimator(android.content.res.Resources,android.content.res.Resources$Theme,int,float)>",
					"source":"FIELDCALLER"
				},
				{
					"trace":[
						"<android.animation.LayoutTransition: void layoutChange(android.view.ViewGroup)>",
						"<android.animation.LayoutTransition: void runChangeTransition(android.view.ViewGroup,android.view.View,int)>",
						"<android.animation.LayoutTransition: void setupChangeAnimation(android.view.ViewGroup,int,android.animation.Animator,long,android.view.View)>",
						"<android.animation.AnimatorSet: void cancel()>",
						"key field: <android.animation.AnimatorSet: java.util.ArrayList mSortedNodes>",
						"<android.animation.AnimatorSet: void sortNodes()>"
					],
					"depth":4,
					"method":"<android.animation.LayoutTransition: void layoutChange(android.view.ViewGroup)>",
					"source":"FIELDCALLER"
				},
				{
					"trace":[
						"<android.animation.AnimatorSet$AnimatorSetListener: void onAnimationEnd(android.animation.Animator)>",
						"<android.animation.AnimatorSet$DependencyListener: void onAnimationEnd(android.animation.Animator)>",
						"<android.animation.AnimatorSet$DependencyListener: void startIfReady(android.animation.Animator)>",
						"<android.animation.AnimatorSet: void start()>",
						"key field: <android.animation.AnimatorSet: java.util.ArrayList mSortedNodes>",
						"<android.animation.AnimatorSet: void sortNodes()>"
					],
					"depth":4,
					"method":"<android.animation.AnimatorSet$AnimatorSetListener: void onAnimationEnd(android.animation.Animator)>",
					"source":"FIELDCALLER"
				},
				{
					"trace":[
						"<android.view.ViewPropertyAnimator$AnimatorEventListener: void onAnimationStart(android.animation.Animator)>",
						"<android.animation.AnimatorSet$DependencyListener: void onAnimationStart(android.animation.Animator)>",
						"<android.animation.AnimatorSet$DependencyListener: void startIfReady(android.animation.Animator)>",
						"<android.animation.AnimatorSet: void start()>",
						"key field: <android.animation.AnimatorSet: java.util.ArrayList mSortedNodes>",
						"<android.animation.AnimatorSet: void sortNodes()>"
					],
					"depth":4,
					"method":"<android.view.ViewPropertyAnimator$AnimatorEventListener: void onAnimationStart(android.animation.Animator)>",
					"source":"FIELDCALLER"
				},
				{
					"trace":[
						"<android.graphics.drawable.shapes.RoundRectShape: java.lang.Object clone()>",
						"<android.graphics.drawable.shapes.RoundRectShape: android.graphics.drawable.shapes.RoundRectShape clone()>",
						"<android.animation.AnimatorSet: java.lang.Object clone()>",
						"<android.animation.AnimatorSet: android.animation.AnimatorSet clone()>",
						"key field: <android.animation.AnimatorSet: java.util.ArrayList mSortedNodes>",
						"<android.animation.AnimatorSet: void sortNodes()>"
					],
					"depth":4,
					"method":"<android.graphics.drawable.shapes.RoundRectShape: java.lang.Object clone()>",
					"source":"FIELDCALLER"
				},
				{
					"trace":[
						"<android.graphics.drawable.shapes.RoundRectShape: android.graphics.drawable.shapes.Shape clone()>",
						"<android.graphics.drawable.shapes.RoundRectShape: android.graphics.drawable.shapes.RoundRectShape clone()>",
						"<android.animation.AnimatorSet: java.lang.Object clone()>",
						"<android.animation.AnimatorSet: android.animation.AnimatorSet clone()>",
						"key field: <android.animation.AnimatorSet: java.util.ArrayList mSortedNodes>",
						"<android.animation.AnimatorSet: void sortNodes()>"
					],
					"depth":4,
					"method":"<android.graphics.drawable.shapes.RoundRectShape: android.graphics.drawable.shapes.Shape clone()>",
					"source":"FIELDCALLER"
				},
				{
					"trace":[
						"<android.graphics.drawable.shapes.RoundRectShape: android.graphics.drawable.shapes.RectShape clone()>",
						"<android.graphics.drawable.shapes.RoundRectShape: android.graphics.drawable.shapes.RoundRectShape clone()>",
						"<android.animation.AnimatorSet: java.lang.Object clone()>",
						"<android.animation.AnimatorSet: android.animation.AnimatorSet clone()>",
						"key field: <android.animation.AnimatorSet: java.util.ArrayList mSortedNodes>",
						"<android.animation.AnimatorSet: void sortNodes()>"
					],
					"depth":4,
					"method":"<android.graphics.drawable.shapes.RoundRectShape: android.graphics.drawable.shapes.RectShape clone()>",
					"source":"FIELDCALLER"
				},
				{
					"trace":[
						"<android.animation.AnimatorSet$Node: java.lang.Object clone()>",
						"<android.animation.AnimatorSet$Node: android.animation.AnimatorSet$Node clone()>",
						"<android.animation.AnimatorSet: android.animation.Animator clone()>",
						"<android.animation.AnimatorSet: android.animation.AnimatorSet clone()>",
						"key field: <android.animation.AnimatorSet: java.util.ArrayList mSortedNodes>",
						"<android.animation.AnimatorSet: void sortNodes()>"
					],
					"depth":4,
					"method":"<android.animation.AnimatorSet$Node: java.lang.Object clone()>",
					"source":"FIELDCALLER"
				},
				{
					"trace":[
						"<android.transition.Transition: void pause(android.view.View)>",
						"<android.animation.Animator: void pause()>",
						"<android.animation.Animator: boolean isStarted()>",
						"<android.animation.AnimatorSet: boolean isRunning()>",
						"key field: <android.animation.AnimatorSet: java.util.ArrayList mNodes>",
						"<android.animation.AnimatorSet: void sortNodes()>"
					],
					"depth":4,
					"method":"<android.transition.Transition: void pause(android.view.View)>",
					"source":"FIELDCALLER"
				},
				{
					"trace":[
						"<android.animation.ValueAnimator: void pause()>",
						"<android.animation.Animator: void pause()>",
						"<android.animation.Animator: boolean isStarted()>",
						"<android.animation.AnimatorSet: boolean isRunning()>",
						"key field: <android.animation.AnimatorSet: java.util.ArrayList mNodes>",
						"<android.animation.AnimatorSet: void sortNodes()>"
					],
					"depth":4,
					"method":"<android.animation.ValueAnimator: void pause()>",
					"source":"FIELDCALLER"
				},
				{
					"trace":[
						"<android.animation.AnimatorInflater: android.animation.Animator loadAnimator(android.content.res.Resources,android.content.res.Resources$Theme,int)>",
						"<android.animation.AnimatorInflater: android.animation.Animator loadAnimator(android.content.res.Resources,android.content.res.Resources$Theme,int,float)>",
						"<android.animation.AnimatorInflater: android.animation.Animator createAnimatorFromXml(android.content.res.Resources,android.content.res.Resources$Theme,org.xmlpull.v1.XmlPullParser,float)>",
						"<android.animation.AnimatorInflater: android.animation.Animator createAnimatorFromXml(android.content.res.Resources,android.content.res.Resources$Theme,org.xmlpull.v1.XmlPullParser,android.util.AttributeSet,android.animation.AnimatorSet,int,float)>",
						"<android.animation.AnimatorSet: void <init>()>",
						"key field: <android.animation.AnimatorSet: java.util.ArrayList mSortedNodes>",
						"<android.animation.AnimatorSet: void sortNodes()>"
					],
					"depth":5,
					"method":"<android.animation.AnimatorInflater: android.animation.Animator loadAnimator(android.content.res.Resources,android.content.res.Resources$Theme,int)>",
					"source":"FIELDCALLER"
				},
				{
					"trace":[
						"<android.animation.LayoutTransition: void hideChild(android.view.ViewGroup,android.view.View,int)>",
						"<android.animation.LayoutTransition: void removeChild(android.view.ViewGroup,android.view.View,boolean)>",
						"<android.animation.LayoutTransition: void runChangeTransition(android.view.ViewGroup,android.view.View,int)>",
						"<android.animation.LayoutTransition: void setupChangeAnimation(android.view.ViewGroup,int,android.animation.Animator,long,android.view.View)>",
						"<android.animation.AnimatorSet: void cancel()>",
						"key field: <android.animation.AnimatorSet: java.util.ArrayList mSortedNodes>",
						"<android.animation.AnimatorSet: void sortNodes()>"
					],
					"depth":5,
					"method":"<android.animation.LayoutTransition: void hideChild(android.view.ViewGroup,android.view.View,int)>",
					"source":"FIELDCALLER"
				},
				{
					"trace":[
						"<android.animation.LayoutTransition: void hideChild(android.view.ViewGroup,android.view.View)>",
						"<android.animation.LayoutTransition: void removeChild(android.view.ViewGroup,android.view.View,boolean)>",
						"<android.animation.LayoutTransition: void runChangeTransition(android.view.ViewGroup,android.view.View,int)>",
						"<android.animation.LayoutTransition: void setupChangeAnimation(android.view.ViewGroup,int,android.animation.Animator,long,android.view.View)>",
						"<android.animation.AnimatorSet: void cancel()>",
						"key field: <android.animation.AnimatorSet: java.util.ArrayList mSortedNodes>",
						"<android.animation.AnimatorSet: void sortNodes()>"
					],
					"depth":5,
					"method":"<android.animation.LayoutTransition: void hideChild(android.view.ViewGroup,android.view.View)>",
					"source":"FIELDCALLER"
				},
				{
					"trace":[
						"<android.animation.LayoutTransition: void removeChild(android.view.ViewGroup,android.view.View)>",
						"<android.animation.LayoutTransition: void removeChild(android.view.ViewGroup,android.view.View,boolean)>",
						"<android.animation.LayoutTransition: void runChangeTransition(android.view.ViewGroup,android.view.View,int)>",
						"<android.animation.LayoutTransition: void setupChangeAnimation(android.view.ViewGroup,int,android.animation.Animator,long,android.view.View)>",
						"<android.animation.AnimatorSet: void cancel()>",
						"key field: <android.animation.AnimatorSet: java.util.ArrayList mSortedNodes>",
						"<android.animation.AnimatorSet: void sortNodes()>"
					],
					"depth":5,
					"method":"<android.animation.LayoutTransition: void removeChild(android.view.ViewGroup,android.view.View)>",
					"source":"FIELDCALLER"
				},
				{
					"trace":[
						"<android.animation.LayoutTransition: void showChild(android.view.ViewGroup,android.view.View,int)>",
						"<android.animation.LayoutTransition: void addChild(android.view.ViewGroup,android.view.View,boolean)>",
						"<android.animation.LayoutTransition: void runChangeTransition(android.view.ViewGroup,android.view.View,int)>",
						"<android.animation.LayoutTransition: void setupChangeAnimation(android.view.ViewGroup,int,android.animation.Animator,long,android.view.View)>",
						"<android.animation.AnimatorSet: void cancel()>",
						"key field: <android.animation.AnimatorSet: java.util.ArrayList mSortedNodes>",
						"<android.animation.AnimatorSet: void sortNodes()>"
					],
					"depth":5,
					"method":"<android.animation.LayoutTransition: void showChild(android.view.ViewGroup,android.view.View,int)>",
					"source":"FIELDCALLER"
				},
				{
					"trace":[
						"<android.animation.LayoutTransition: void showChild(android.view.ViewGroup,android.view.View)>",
						"<android.animation.LayoutTransition: void addChild(android.view.ViewGroup,android.view.View,boolean)>",
						"<android.animation.LayoutTransition: void runChangeTransition(android.view.ViewGroup,android.view.View,int)>",
						"<android.animation.LayoutTransition: void setupChangeAnimation(android.view.ViewGroup,int,android.animation.Animator,long,android.view.View)>",
						"<android.animation.AnimatorSet: void cancel()>",
						"key field: <android.animation.AnimatorSet: java.util.ArrayList mSortedNodes>",
						"<android.animation.AnimatorSet: void sortNodes()>"
					],
					"depth":5,
					"method":"<android.animation.LayoutTransition: void showChild(android.view.ViewGroup,android.view.View)>",
					"source":"FIELDCALLER"
				},
				{
					"trace":[
						"<android.animation.LayoutTransition: void addChild(android.view.ViewGroup,android.view.View)>",
						"<android.animation.LayoutTransition: void addChild(android.view.ViewGroup,android.view.View,boolean)>",
						"<android.animation.LayoutTransition: void runChangeTransition(android.view.ViewGroup,android.view.View,int)>",
						"<android.animation.LayoutTransition: void setupChangeAnimation(android.view.ViewGroup,int,android.animation.Animator,long,android.view.View)>",
						"<android.animation.AnimatorSet: void cancel()>",
						"key field: <android.animation.AnimatorSet: java.util.ArrayList mSortedNodes>",
						"<android.animation.AnimatorSet: void sortNodes()>"
					],
					"depth":5,
					"method":"<android.animation.LayoutTransition: void addChild(android.view.ViewGroup,android.view.View)>",
					"source":"FIELDCALLER"
				},
				{
					"trace":[
						"<android.view.ViewPropertyAnimator$AnimatorEventListener: void onAnimationEnd(android.animation.Animator)>",
						"<android.animation.AnimatorSet$AnimatorSetListener: void onAnimationEnd(android.animation.Animator)>",
						"<android.animation.AnimatorSet$DependencyListener: void onAnimationEnd(android.animation.Animator)>",
						"<android.animation.AnimatorSet$DependencyListener: void startIfReady(android.animation.Animator)>",
						"<android.animation.AnimatorSet: void start()>",
						"key field: <android.animation.AnimatorSet: java.util.ArrayList mSortedNodes>",
						"<android.animation.AnimatorSet: void sortNodes()>"
					],
					"depth":5,
					"method":"<android.view.ViewPropertyAnimator$AnimatorEventListener: void onAnimationEnd(android.animation.Animator)>",
					"source":"FIELDCALLER"
				},
				{
					"trace":[
						"<android.util.SparseLongArray: android.util.SparseLongArray clone()>",
						"<android.graphics.drawable.shapes.RoundRectShape: java.lang.Object clone()>",
						"<android.graphics.drawable.shapes.RoundRectShape: android.graphics.drawable.shapes.RoundRectShape clone()>",
						"<android.animation.AnimatorSet: java.lang.Object clone()>",
						"<android.animation.AnimatorSet: android.animation.AnimatorSet clone()>",
						"key field: <android.animation.AnimatorSet: java.util.ArrayList mSortedNodes>",
						"<android.animation.AnimatorSet: void sortNodes()>"
					],
					"depth":5,
					"method":"<android.util.SparseLongArray: android.util.SparseLongArray clone()>",
					"source":"FIELDCALLER"
				},
				{
					"trace":[
						"<android.graphics.drawable.shapes.RectShape: java.lang.Object clone()>",
						"<android.graphics.drawable.shapes.RoundRectShape: android.graphics.drawable.shapes.RectShape clone()>",
						"<android.graphics.drawable.shapes.RoundRectShape: android.graphics.drawable.shapes.RoundRectShape clone()>",
						"<android.animation.AnimatorSet: java.lang.Object clone()>",
						"<android.animation.AnimatorSet: android.animation.AnimatorSet clone()>",
						"key field: <android.animation.AnimatorSet: java.util.ArrayList mSortedNodes>",
						"<android.animation.AnimatorSet: void sortNodes()>"
					],
					"depth":5,
					"method":"<android.graphics.drawable.shapes.RectShape: java.lang.Object clone()>",
					"source":"FIELDCALLER"
				},
				{
					"trace":[
						"<android.graphics.drawable.shapes.RectShape: android.graphics.drawable.shapes.Shape clone()>",
						"<android.graphics.drawable.shapes.RoundRectShape: android.graphics.drawable.shapes.RectShape clone()>",
						"<android.graphics.drawable.shapes.RoundRectShape: android.graphics.drawable.shapes.RoundRectShape clone()>",
						"<android.animation.AnimatorSet: java.lang.Object clone()>",
						"<android.animation.AnimatorSet: android.animation.AnimatorSet clone()>",
						"key field: <android.animation.AnimatorSet: java.util.ArrayList mSortedNodes>",
						"<android.animation.AnimatorSet: void sortNodes()>"
					],
					"depth":5,
					"method":"<android.graphics.drawable.shapes.RectShape: android.graphics.drawable.shapes.Shape clone()>",
					"source":"FIELDCALLER"
				},
				{
					"trace":[
						"<android.transition.TransitionSet: void pause(android.view.View)>",
						"<android.transition.Transition: void pause(android.view.View)>",
						"<android.animation.Animator: void pause()>",
						"<android.animation.Animator: boolean isStarted()>",
						"<android.animation.AnimatorSet: boolean isRunning()>",
						"key field: <android.animation.AnimatorSet: java.util.ArrayList mNodes>",
						"<android.animation.AnimatorSet: void sortNodes()>"
					],
					"depth":5,
					"method":"<android.transition.TransitionSet: void pause(android.view.View)>",
					"source":"FIELDCALLER"
				},
				{
					"trace":[
						"<android.animation.AnimatorInflater: android.animation.Animator loadAnimator(android.content.Context,int)>",
						"<android.animation.AnimatorInflater: android.animation.Animator loadAnimator(android.content.res.Resources,android.content.res.Resources$Theme,int)>",
						"<android.animation.AnimatorInflater: android.animation.Animator loadAnimator(android.content.res.Resources,android.content.res.Resources$Theme,int,float)>",
						"<android.animation.AnimatorInflater: android.animation.Animator createAnimatorFromXml(android.content.res.Resources,android.content.res.Resources$Theme,org.xmlpull.v1.XmlPullParser,float)>",
						"<android.animation.AnimatorInflater: android.animation.Animator createAnimatorFromXml(android.content.res.Resources,android.content.res.Resources$Theme,org.xmlpull.v1.XmlPullParser,android.util.AttributeSet,android.animation.AnimatorSet,int,float)>",
						"<android.animation.AnimatorSet: void <init>()>",
						"key field: <android.animation.AnimatorSet: java.util.ArrayList mSortedNodes>",
						"<android.animation.AnimatorSet: void sortNodes()>"
					],
					"depth":6,
					"method":"<android.animation.AnimatorInflater: android.animation.Animator loadAnimator(android.content.Context,int)>",
					"source":"FIELDCALLER"
				},
				{
					"trace":[
						"<android.animation.ValueAnimator: void start()>",
						"<android.animation.ValueAnimator: void start(boolean)>",
						"<android.animation.ValueAnimator: void notifyStartListeners()>",
						"<android.animation.AnimatorSet$DependencyListener: void onAnimationStart(android.animation.Animator)>",
						"<android.animation.AnimatorSet$DependencyListener: void startIfReady(android.animation.Animator)>",
						"<android.animation.AnimatorSet: void start()>",
						"key field: <android.animation.AnimatorSet: java.util.ArrayList mSortedNodes>",
						"<android.animation.AnimatorSet: void sortNodes()>"
					],
					"depth":6,
					"method":"<android.animation.ValueAnimator: void start()>",
					"source":"FIELDCALLER"
				},
				{
					"trace":[
						"<android.util.SparseLongArray: java.lang.Object clone()>",
						"<android.util.SparseLongArray: android.util.SparseLongArray clone()>",
						"<android.graphics.drawable.shapes.RoundRectShape: java.lang.Object clone()>",
						"<android.graphics.drawable.shapes.RoundRectShape: android.graphics.drawable.shapes.RoundRectShape clone()>",
						"<android.animation.AnimatorSet: java.lang.Object clone()>",
						"<android.animation.AnimatorSet: android.animation.AnimatorSet clone()>",
						"key field: <android.animation.AnimatorSet: java.util.ArrayList mSortedNodes>",
						"<android.animation.AnimatorSet: void sortNodes()>"
					],
					"depth":6,
					"method":"<android.util.SparseLongArray: java.lang.Object clone()>",
					"source":"FIELDCALLER"
				},
				{
					"trace":[
						"<android.graphics.drawable.shapes.RectShape: android.graphics.drawable.shapes.RectShape clone()>",
						"<android.graphics.drawable.shapes.RectShape: android.graphics.drawable.shapes.Shape clone()>",
						"<android.graphics.drawable.shapes.RoundRectShape: android.graphics.drawable.shapes.RectShape clone()>",
						"<android.graphics.drawable.shapes.RoundRectShape: android.graphics.drawable.shapes.RoundRectShape clone()>",
						"<android.animation.AnimatorSet: java.lang.Object clone()>",
						"<android.animation.AnimatorSet: android.animation.AnimatorSet clone()>",
						"key field: <android.animation.AnimatorSet: java.util.ArrayList mSortedNodes>",
						"<android.animation.AnimatorSet: void sortNodes()>"
					],
					"depth":6,
					"method":"<android.graphics.drawable.shapes.RectShape: android.graphics.drawable.shapes.RectShape clone()>",
					"source":"FIELDCALLER"
				},
				{
					"trace":[
						"<android.animation.ValueAnimator: void cancel()>",
						"<android.animation.ValueAnimator: void endAnimation(android.animation.ValueAnimator$AnimationHandler)>",
						"<android.view.ViewPropertyAnimator$AnimatorEventListener: void onAnimationEnd(android.animation.Animator)>",
						"<android.animation.AnimatorSet$AnimatorSetListener: void onAnimationEnd(android.animation.Animator)>",
						"<android.animation.AnimatorSet$DependencyListener: void onAnimationEnd(android.animation.Animator)>",
						"<android.animation.AnimatorSet$DependencyListener: void startIfReady(android.animation.Animator)>",
						"<android.animation.AnimatorSet: void start()>",
						"key field: <android.animation.AnimatorSet: java.util.ArrayList mSortedNodes>",
						"<android.animation.AnimatorSet: void sortNodes()>"
					],
					"depth":7,
					"method":"<android.animation.ValueAnimator: void cancel()>",
					"source":"FIELDCALLER"
				},
				{
					"trace":[
						"<android.animation.ValueAnimator: void end()>",
						"<android.animation.ValueAnimator: void endAnimation(android.animation.ValueAnimator$AnimationHandler)>",
						"<android.view.ViewPropertyAnimator$AnimatorEventListener: void onAnimationEnd(android.animation.Animator)>",
						"<android.animation.AnimatorSet$AnimatorSetListener: void onAnimationEnd(android.animation.Animator)>",
						"<android.animation.AnimatorSet$DependencyListener: void onAnimationEnd(android.animation.Animator)>",
						"<android.animation.AnimatorSet$DependencyListener: void startIfReady(android.animation.Animator)>",
						"<android.animation.AnimatorSet: void start()>",
						"key field: <android.animation.AnimatorSet: java.util.ArrayList mSortedNodes>",
						"<android.animation.AnimatorSet: void sortNodes()>"
					],
					"depth":7,
					"method":"<android.animation.ValueAnimator: void end()>",
					"source":"FIELDCALLER"
				},
				{
					"trace":[
						"<android.animation.LayoutTransition: void startChangingAnimations()>",
						"<android.animation.ValueAnimator: void start()>",
						"<android.animation.ValueAnimator: void start(boolean)>",
						"<android.animation.ValueAnimator: void notifyStartListeners()>",
						"<android.animation.AnimatorSet$DependencyListener: void onAnimationStart(android.animation.Animator)>",
						"<android.animation.AnimatorSet$DependencyListener: void startIfReady(android.animation.Animator)>",
						"<android.animation.AnimatorSet: void start()>",
						"key field: <android.animation.AnimatorSet: java.util.ArrayList mSortedNodes>",
						"<android.animation.AnimatorSet: void sortNodes()>"
					],
					"depth":7,
					"method":"<android.animation.LayoutTransition: void startChangingAnimations()>",
					"source":"FIELDCALLER"
				},
				{
					"trace":[
						"<android.graphics.drawable.AnimatedVectorDrawable: void start()>",
						"<android.animation.ValueAnimator: void start()>",
						"<android.animation.ValueAnimator: void start(boolean)>",
						"<android.animation.ValueAnimator: void notifyStartListeners()>",
						"<android.animation.AnimatorSet$DependencyListener: void onAnimationStart(android.animation.Animator)>",
						"<android.animation.AnimatorSet$DependencyListener: void startIfReady(android.animation.Animator)>",
						"<android.animation.AnimatorSet: void start()>",
						"key field: <android.animation.AnimatorSet: java.util.ArrayList mSortedNodes>",
						"<android.animation.AnimatorSet: void sortNodes()>"
					],
					"depth":7,
					"method":"<android.graphics.drawable.AnimatedVectorDrawable: void start()>",
					"source":"FIELDCALLER"
				},
				{
					"trace":[
						"<android.graphics.drawable.Animatable: void start()>",
						"<android.animation.ValueAnimator: void start()>",
						"<android.animation.ValueAnimator: void start(boolean)>",
						"<android.animation.ValueAnimator: void notifyStartListeners()>",
						"<android.animation.AnimatorSet$DependencyListener: void onAnimationStart(android.animation.Animator)>",
						"<android.animation.AnimatorSet$DependencyListener: void startIfReady(android.animation.Animator)>",
						"<android.animation.AnimatorSet: void start()>",
						"key field: <android.animation.AnimatorSet: java.util.ArrayList mSortedNodes>",
						"<android.animation.AnimatorSet: void sortNodes()>"
					],
					"depth":7,
					"method":"<android.graphics.drawable.Animatable: void start()>",
					"source":"FIELDCALLER"
				},
				{
					"trace":[
						"<android.animation.AnimatorSet$1: void onAnimationEnd(android.animation.Animator)>",
						"<android.animation.ValueAnimator: void start()>",
						"<android.animation.ValueAnimator: void start(boolean)>",
						"<android.animation.ValueAnimator: void notifyStartListeners()>",
						"<android.animation.AnimatorSet$DependencyListener: void onAnimationStart(android.animation.Animator)>",
						"<android.animation.AnimatorSet$DependencyListener: void startIfReady(android.animation.Animator)>",
						"<android.animation.AnimatorSet: void start()>",
						"key field: <android.animation.AnimatorSet: java.util.ArrayList mSortedNodes>",
						"<android.animation.AnimatorSet: void sortNodes()>"
					],
					"depth":7,
					"method":"<android.animation.AnimatorSet$1: void onAnimationEnd(android.animation.Animator)>",
					"source":"FIELDCALLER"
				},
				{
					"trace":[
						"<android.animation.TimeAnimator: void start()>",
						"<android.animation.ValueAnimator: void start()>",
						"<android.animation.ValueAnimator: void start(boolean)>",
						"<android.animation.ValueAnimator: void notifyStartListeners()>",
						"<android.animation.AnimatorSet$DependencyListener: void onAnimationStart(android.animation.Animator)>",
						"<android.animation.AnimatorSet$DependencyListener: void startIfReady(android.animation.Animator)>",
						"<android.animation.AnimatorSet: void start()>",
						"key field: <android.animation.AnimatorSet: java.util.ArrayList mSortedNodes>",
						"<android.animation.AnimatorSet: void sortNodes()>"
					],
					"depth":7,
					"method":"<android.animation.TimeAnimator: void start()>",
					"source":"FIELDCALLER"
				},
				{
					"trace":[
						"<android.graphics.drawable.AnimatedVectorDrawable: void reverse()>",
						"<android.animation.ValueAnimator: void reverse()>",
						"<android.animation.ValueAnimator: void start(boolean)>",
						"<android.animation.ValueAnimator: void notifyStartListeners()>",
						"<android.animation.AnimatorSet$DependencyListener: void onAnimationStart(android.animation.Animator)>",
						"<android.animation.AnimatorSet$DependencyListener: void startIfReady(android.animation.Animator)>",
						"<android.animation.AnimatorSet: void start()>",
						"key field: <android.animation.AnimatorSet: java.util.ArrayList mSortedNodes>",
						"<android.animation.AnimatorSet: void sortNodes()>"
					],
					"depth":7,
					"method":"<android.graphics.drawable.AnimatedVectorDrawable: void reverse()>",
					"source":"FIELDCALLER"
				},
				{
					"trace":[
						"<android.graphics.drawable.AnimatedStateListDrawable$AnimationDrawableTransition: void reverse()>",
						"<android.animation.ValueAnimator: void reverse()>",
						"<android.animation.ValueAnimator: void start(boolean)>",
						"<android.animation.ValueAnimator: void notifyStartListeners()>",
						"<android.animation.AnimatorSet$DependencyListener: void onAnimationStart(android.animation.Animator)>",
						"<android.animation.AnimatorSet$DependencyListener: void startIfReady(android.animation.Animator)>",
						"<android.animation.AnimatorSet: void start()>",
						"key field: <android.animation.AnimatorSet: java.util.ArrayList mSortedNodes>",
						"<android.animation.AnimatorSet: void sortNodes()>"
					],
					"depth":7,
					"method":"<android.graphics.drawable.AnimatedStateListDrawable$AnimationDrawableTransition: void reverse()>",
					"source":"FIELDCALLER"
				},
				{
					"trace":[
						"<android.util.LongArray: android.util.LongArray clone()>",
						"<android.util.SparseLongArray: java.lang.Object clone()>",
						"<android.util.SparseLongArray: android.util.SparseLongArray clone()>",
						"<android.graphics.drawable.shapes.RoundRectShape: java.lang.Object clone()>",
						"<android.graphics.drawable.shapes.RoundRectShape: android.graphics.drawable.shapes.RoundRectShape clone()>",
						"<android.animation.AnimatorSet: java.lang.Object clone()>",
						"<android.animation.AnimatorSet: android.animation.AnimatorSet clone()>",
						"key field: <android.animation.AnimatorSet: java.util.ArrayList mSortedNodes>",
						"<android.animation.AnimatorSet: void sortNodes()>"
					],
					"depth":7,
					"method":"<android.util.LongArray: android.util.LongArray clone()>",
					"source":"FIELDCALLER"
				},
				{
					"trace":[
						"<android.util.LongSparseArray: android.util.LongSparseArray clone()>",
						"<android.util.SparseLongArray: java.lang.Object clone()>",
						"<android.util.SparseLongArray: android.util.SparseLongArray clone()>",
						"<android.graphics.drawable.shapes.RoundRectShape: java.lang.Object clone()>",
						"<android.graphics.drawable.shapes.RoundRectShape: android.graphics.drawable.shapes.RoundRectShape clone()>",
						"<android.animation.AnimatorSet: java.lang.Object clone()>",
						"<android.animation.AnimatorSet: android.animation.AnimatorSet clone()>",
						"key field: <android.animation.AnimatorSet: java.util.ArrayList mSortedNodes>",
						"<android.animation.AnimatorSet: void sortNodes()>"
					],
					"depth":7,
					"method":"<android.util.LongSparseArray: android.util.LongSparseArray clone()>",
					"source":"FIELDCALLER"
				},
				{
					"trace":[
						"<android.util.SparseIntArray: android.util.SparseIntArray clone()>",
						"<android.util.SparseLongArray: java.lang.Object clone()>",
						"<android.util.SparseLongArray: android.util.SparseLongArray clone()>",
						"<android.graphics.drawable.shapes.RoundRectShape: java.lang.Object clone()>",
						"<android.graphics.drawable.shapes.RoundRectShape: android.graphics.drawable.shapes.RoundRectShape clone()>",
						"<android.animation.AnimatorSet: java.lang.Object clone()>",
						"<android.animation.AnimatorSet: android.animation.AnimatorSet clone()>",
						"key field: <android.animation.AnimatorSet: java.util.ArrayList mSortedNodes>",
						"<android.animation.AnimatorSet: void sortNodes()>"
					],
					"depth":7,
					"method":"<android.util.SparseIntArray: android.util.SparseIntArray clone()>",
					"source":"FIELDCALLER"
				},
				{
					"trace":[
						"<android.util.SparseArray: android.util.SparseArray clone()>",
						"<android.util.SparseLongArray: java.lang.Object clone()>",
						"<android.util.SparseLongArray: android.util.SparseLongArray clone()>",
						"<android.graphics.drawable.shapes.RoundRectShape: java.lang.Object clone()>",
						"<android.graphics.drawable.shapes.RoundRectShape: android.graphics.drawable.shapes.RoundRectShape clone()>",
						"<android.animation.AnimatorSet: java.lang.Object clone()>",
						"<android.animation.AnimatorSet: android.animation.AnimatorSet clone()>",
						"key field: <android.animation.AnimatorSet: java.util.ArrayList mSortedNodes>",
						"<android.animation.AnimatorSet: void sortNodes()>"
					],
					"depth":7,
					"method":"<android.util.SparseArray: android.util.SparseArray clone()>",
					"source":"FIELDCALLER"
				},
				{
					"trace":[
						"<android.util.SparseBooleanArray: android.util.SparseBooleanArray clone()>",
						"<android.util.SparseLongArray: java.lang.Object clone()>",
						"<android.util.SparseLongArray: android.util.SparseLongArray clone()>",
						"<android.graphics.drawable.shapes.RoundRectShape: java.lang.Object clone()>",
						"<android.graphics.drawable.shapes.RoundRectShape: android.graphics.drawable.shapes.RoundRectShape clone()>",
						"<android.animation.AnimatorSet: java.lang.Object clone()>",
						"<android.animation.AnimatorSet: android.animation.AnimatorSet clone()>",
						"key field: <android.animation.AnimatorSet: java.util.ArrayList mSortedNodes>",
						"<android.animation.AnimatorSet: void sortNodes()>"
					],
					"depth":7,
					"method":"<android.util.SparseBooleanArray: android.util.SparseBooleanArray clone()>",
					"source":"FIELDCALLER"
				},
				{
					"trace":[
						"<android.util.LongSparseLongArray: android.util.LongSparseLongArray clone()>",
						"<android.util.SparseLongArray: java.lang.Object clone()>",
						"<android.util.SparseLongArray: android.util.SparseLongArray clone()>",
						"<android.graphics.drawable.shapes.RoundRectShape: java.lang.Object clone()>",
						"<android.graphics.drawable.shapes.RoundRectShape: android.graphics.drawable.shapes.RoundRectShape clone()>",
						"<android.animation.AnimatorSet: java.lang.Object clone()>",
						"<android.animation.AnimatorSet: android.animation.AnimatorSet clone()>",
						"key field: <android.animation.AnimatorSet: java.util.ArrayList mSortedNodes>",
						"<android.animation.AnimatorSet: void sortNodes()>"
					],
					"depth":7,
					"method":"<android.util.LongSparseLongArray: android.util.LongSparseLongArray clone()>",
					"source":"FIELDCALLER"
				},
				{
					"trace":[
						"<android.animation.AnimatorInflater: android.animation.StateListAnimator loadStateListAnimator(android.content.Context,int)>",
						"<android.animation.AnimatorInflater: android.animation.StateListAnimator createStateListAnimatorFromXml(android.content.Context,org.xmlpull.v1.XmlPullParser,android.util.AttributeSet)>",
						"<android.animation.AnimatorInflater: android.animation.Animator loadAnimator(android.content.Context,int)>",
						"<android.animation.AnimatorInflater: android.animation.Animator loadAnimator(android.content.res.Resources,android.content.res.Resources$Theme,int)>",
						"<android.animation.AnimatorInflater: android.animation.Animator loadAnimator(android.content.res.Resources,android.content.res.Resources$Theme,int,float)>",
						"<android.animation.AnimatorInflater: android.animation.Animator createAnimatorFromXml(android.content.res.Resources,android.content.res.Resources$Theme,org.xmlpull.v1.XmlPullParser,float)>",
						"<android.animation.AnimatorInflater: android.animation.Animator createAnimatorFromXml(android.content.res.Resources,android.content.res.Resources$Theme,org.xmlpull.v1.XmlPullParser,android.util.AttributeSet,android.animation.AnimatorSet,int,float)>",
						"<android.animation.AnimatorSet: void <init>()>",
						"key field: <android.animation.AnimatorSet: java.util.ArrayList mSortedNodes>",
						"<android.animation.AnimatorSet: void sortNodes()>"
					],
					"depth":8,
					"method":"<android.animation.AnimatorInflater: android.animation.StateListAnimator loadStateListAnimator(android.content.Context,int)>",
					"source":"FIELDCALLER"
				},
				{
					"trace":[
						"<com.android.internal.widget.multiwaveview.GlowPadView$AnimationBundle: void cancel()>",
						"<android.animation.ValueAnimator: void cancel()>",
						"<android.animation.ValueAnimator: void endAnimation(android.animation.ValueAnimator$AnimationHandler)>",
						"<android.view.ViewPropertyAnimator$AnimatorEventListener: void onAnimationEnd(android.animation.Animator)>",
						"<android.animation.AnimatorSet$AnimatorSetListener: void onAnimationEnd(android.animation.Animator)>",
						"<android.animation.AnimatorSet$DependencyListener: void onAnimationEnd(android.animation.Animator)>",
						"<android.animation.AnimatorSet$DependencyListener: void startIfReady(android.animation.Animator)>",
						"<android.animation.AnimatorSet: void start()>",
						"key field: <android.animation.AnimatorSet: java.util.ArrayList mSortedNodes>",
						"<android.animation.AnimatorSet: void sortNodes()>"
					],
					"depth":8,
					"method":"<com.android.internal.widget.multiwaveview.GlowPadView$AnimationBundle: void cancel()>",
					"source":"FIELDCALLER"
				},
				{
					"trace":[
						"<android.animation.ObjectAnimator: void start()>",
						"<android.animation.ValueAnimator: void cancel()>",
						"<android.animation.ValueAnimator: void endAnimation(android.animation.ValueAnimator$AnimationHandler)>",
						"<android.view.ViewPropertyAnimator$AnimatorEventListener: void onAnimationEnd(android.animation.Animator)>",
						"<android.animation.AnimatorSet$AnimatorSetListener: void onAnimationEnd(android.animation.Animator)>",
						"<android.animation.AnimatorSet$DependencyListener: void onAnimationEnd(android.animation.Animator)>",
						"<android.animation.AnimatorSet$DependencyListener: void startIfReady(android.animation.Animator)>",
						"<android.animation.AnimatorSet: void start()>",
						"key field: <android.animation.AnimatorSet: java.util.ArrayList mSortedNodes>",
						"<android.animation.AnimatorSet: void sortNodes()>"
					],
					"depth":8,
					"method":"<android.animation.ObjectAnimator: void start()>",
					"source":"FIELDCALLER"
				},
				{
					"trace":[
						"<android.animation.ValueAnimator: void reverse()>",
						"<android.animation.ValueAnimator: void end()>",
						"<android.animation.ValueAnimator: void endAnimation(android.animation.ValueAnimator$AnimationHandler)>",
						"<android.view.ViewPropertyAnimator$AnimatorEventListener: void onAnimationEnd(android.animation.Animator)>",
						"<android.animation.AnimatorSet$AnimatorSetListener: void onAnimationEnd(android.animation.Animator)>",
						"<android.animation.AnimatorSet$DependencyListener: void onAnimationEnd(android.animation.Animator)>",
						"<android.animation.AnimatorSet$DependencyListener: void startIfReady(android.animation.Animator)>",
						"<android.animation.AnimatorSet: void start()>",
						"key field: <android.animation.AnimatorSet: java.util.ArrayList mSortedNodes>",
						"<android.animation.AnimatorSet: void sortNodes()>"
					],
					"depth":8,
					"method":"<android.animation.ValueAnimator: void reverse()>",
					"source":"FIELDCALLER"
				},
				{
					"trace":[
						"<android.animation.ValueAnimator$AnimationHandler: void run()>",
						"<android.animation.ValueAnimator$AnimationHandler: void doAnimationFrame(long)>",
						"<android.animation.ValueAnimator: void endAnimation(android.animation.ValueAnimator$AnimationHandler)>",
						"<android.view.ViewPropertyAnimator$AnimatorEventListener: void onAnimationEnd(android.animation.Animator)>",
						"<android.animation.AnimatorSet$AnimatorSetListener: void onAnimationEnd(android.animation.Animator)>",
						"<android.animation.AnimatorSet$DependencyListener: void onAnimationEnd(android.animation.Animator)>",
						"<android.animation.AnimatorSet$DependencyListener: void startIfReady(android.animation.Animator)>",
						"<android.animation.AnimatorSet: void start()>",
						"key field: <android.animation.AnimatorSet: java.util.ArrayList mSortedNodes>",
						"<android.animation.AnimatorSet: void sortNodes()>"
					],
					"depth":8,
					"method":"<android.animation.ValueAnimator$AnimationHandler: void run()>",
					"source":"FIELDCALLER"
				},
				{
					"trace":[
						"<java.lang.Runnable: void run()>",
						"<android.animation.ValueAnimator$AnimationHandler: void doAnimationFrame(long)>",
						"<android.animation.ValueAnimator: void endAnimation(android.animation.ValueAnimator$AnimationHandler)>",
						"<android.view.ViewPropertyAnimator$AnimatorEventListener: void onAnimationEnd(android.animation.Animator)>",
						"<android.animation.AnimatorSet$AnimatorSetListener: void onAnimationEnd(android.animation.Animator)>",
						"<android.animation.AnimatorSet$DependencyListener: void onAnimationEnd(android.animation.Animator)>",
						"<android.animation.AnimatorSet$DependencyListener: void startIfReady(android.animation.Animator)>",
						"<android.animation.AnimatorSet: void start()>",
						"key field: <android.animation.AnimatorSet: java.util.ArrayList mSortedNodes>",
						"<android.animation.AnimatorSet: void sortNodes()>"
					],
					"depth":8,
					"method":"<java.lang.Runnable: void run()>",
					"source":"FIELDCALLER"
				},
				{
					"trace":[
						"<android.graphics.drawable.AnimatedStateListDrawable$Transition: void start()>",
						"<android.graphics.drawable.AnimatedVectorDrawable: void start()>",
						"<android.animation.ValueAnimator: void start()>",
						"<android.animation.ValueAnimator: void start(boolean)>",
						"<android.animation.ValueAnimator: void notifyStartListeners()>",
						"<android.animation.AnimatorSet$DependencyListener: void onAnimationStart(android.animation.Animator)>",
						"<android.animation.AnimatorSet$DependencyListener: void startIfReady(android.animation.Animator)>",
						"<android.animation.AnimatorSet: void start()>",
						"key field: <android.animation.AnimatorSet: java.util.ArrayList mSortedNodes>",
						"<android.animation.AnimatorSet: void sortNodes()>"
					],
					"depth":8,
					"method":"<android.graphics.drawable.AnimatedStateListDrawable$Transition: void start()>",
					"source":"FIELDCALLER"
				},
				{
					"trace":[
						"<android.graphics.drawable.AnimatedStateListDrawable$AnimatedVectorDrawableTransition: void start()>",
						"<android.graphics.drawable.AnimatedVectorDrawable: void start()>",
						"<android.animation.ValueAnimator: void start()>",
						"<android.animation.ValueAnimator: void start(boolean)>",
						"<android.animation.ValueAnimator: void notifyStartListeners()>",
						"<android.animation.AnimatorSet$DependencyListener: void onAnimationStart(android.animation.Animator)>",
						"<android.animation.AnimatorSet$DependencyListener: void startIfReady(android.animation.Animator)>",
						"<android.animation.AnimatorSet: void start()>",
						"key field: <android.animation.AnimatorSet: java.util.ArrayList mSortedNodes>",
						"<android.animation.AnimatorSet: void sortNodes()>"
					],
					"depth":8,
					"method":"<android.graphics.drawable.AnimatedStateListDrawable$AnimatedVectorDrawableTransition: void start()>",
					"source":"FIELDCALLER"
				},
				{
					"trace":[
						"<android.graphics.drawable.AnimatedStateListDrawable$AnimatableTransition: void start()>",
						"<android.graphics.drawable.AnimatedVectorDrawable: void start()>",
						"<android.animation.ValueAnimator: void start()>",
						"<android.animation.ValueAnimator: void start(boolean)>",
						"<android.animation.ValueAnimator: void notifyStartListeners()>",
						"<android.animation.AnimatorSet$DependencyListener: void onAnimationStart(android.animation.Animator)>",
						"<android.animation.AnimatorSet$DependencyListener: void startIfReady(android.animation.Animator)>",
						"<android.animation.AnimatorSet: void start()>",
						"key field: <android.animation.AnimatorSet: java.util.ArrayList mSortedNodes>",
						"<android.animation.AnimatorSet: void sortNodes()>"
					],
					"depth":8,
					"method":"<android.graphics.drawable.AnimatedStateListDrawable$AnimatableTransition: void start()>",
					"source":"FIELDCALLER"
				},
				{
					"trace":[
						"<com.android.internal.widget.multiwaveview.GlowPadView$AnimationBundle: void start()>",
						"<android.animation.ObjectAnimator: void start()>",
						"<android.animation.ValueAnimator: void start()>",
						"<android.animation.ValueAnimator: void start(boolean)>",
						"<android.animation.ValueAnimator: void notifyStartListeners()>",
						"<android.animation.AnimatorSet$DependencyListener: void onAnimationStart(android.animation.Animator)>",
						"<android.animation.AnimatorSet$DependencyListener: void startIfReady(android.animation.Animator)>",
						"<android.animation.AnimatorSet: void start()>",
						"key field: <android.animation.AnimatorSet: java.util.ArrayList mSortedNodes>",
						"<android.animation.AnimatorSet: void sortNodes()>"
					],
					"depth":8,
					"method":"<com.android.internal.widget.multiwaveview.GlowPadView$AnimationBundle: void start()>",
					"source":"FIELDCALLER"
				},
				{
					"trace":[
						"<android.graphics.drawable.AnimatedStateListDrawable$AnimationDrawableTransition: void start()>",
						"<android.animation.ObjectAnimator: void start()>",
						"<android.animation.ValueAnimator: void start()>",
						"<android.animation.ValueAnimator: void start(boolean)>",
						"<android.animation.ValueAnimator: void notifyStartListeners()>",
						"<android.animation.AnimatorSet$DependencyListener: void onAnimationStart(android.animation.Animator)>",
						"<android.animation.AnimatorSet$DependencyListener: void startIfReady(android.animation.Animator)>",
						"<android.animation.AnimatorSet: void start()>",
						"key field: <android.animation.AnimatorSet: java.util.ArrayList mSortedNodes>",
						"<android.animation.AnimatorSet: void sortNodes()>"
					],
					"depth":8,
					"method":"<android.graphics.drawable.AnimatedStateListDrawable$AnimationDrawableTransition: void start()>",
					"source":"FIELDCALLER"
				},
				{
					"trace":[
						"<android.graphics.drawable.AnimatedStateListDrawable$AnimatedVectorDrawableTransition: void reverse()>",
						"<android.graphics.drawable.AnimatedVectorDrawable: void reverse()>",
						"<android.animation.ValueAnimator: void reverse()>",
						"<android.animation.ValueAnimator: void start(boolean)>",
						"<android.animation.ValueAnimator: void notifyStartListeners()>",
						"<android.animation.AnimatorSet$DependencyListener: void onAnimationStart(android.animation.Animator)>",
						"<android.animation.AnimatorSet$DependencyListener: void startIfReady(android.animation.Animator)>",
						"<android.animation.AnimatorSet: void start()>",
						"key field: <android.animation.AnimatorSet: java.util.ArrayList mSortedNodes>",
						"<android.animation.AnimatorSet: void sortNodes()>"
					],
					"depth":8,
					"method":"<android.graphics.drawable.AnimatedStateListDrawable$AnimatedVectorDrawableTransition: void reverse()>",
					"source":"FIELDCALLER"
				},
				{
					"trace":[
						"<android.util.LongArray: java.lang.Object clone()>",
						"<android.util.LongArray: android.util.LongArray clone()>",
						"<android.util.SparseLongArray: java.lang.Object clone()>",
						"<android.util.SparseLongArray: android.util.SparseLongArray clone()>",
						"<android.graphics.drawable.shapes.RoundRectShape: java.lang.Object clone()>",
						"<android.graphics.drawable.shapes.RoundRectShape: android.graphics.drawable.shapes.RoundRectShape clone()>",
						"<android.animation.AnimatorSet: java.lang.Object clone()>",
						"<android.animation.AnimatorSet: android.animation.AnimatorSet clone()>",
						"key field: <android.animation.AnimatorSet: java.util.ArrayList mSortedNodes>",
						"<android.animation.AnimatorSet: void sortNodes()>"
					],
					"depth":8,
					"method":"<android.util.LongArray: java.lang.Object clone()>",
					"source":"FIELDCALLER"
				},
				{
					"trace":[
						"<android.util.LongSparseArray: java.lang.Object clone()>",
						"<android.util.LongSparseArray: android.util.LongSparseArray clone()>",
						"<android.util.SparseLongArray: java.lang.Object clone()>",
						"<android.util.SparseLongArray: android.util.SparseLongArray clone()>",
						"<android.graphics.drawable.shapes.RoundRectShape: java.lang.Object clone()>",
						"<android.graphics.drawable.shapes.RoundRectShape: android.graphics.drawable.shapes.RoundRectShape clone()>",
						"<android.animation.AnimatorSet: java.lang.Object clone()>",
						"<android.animation.AnimatorSet: android.animation.AnimatorSet clone()>",
						"key field: <android.animation.AnimatorSet: java.util.ArrayList mSortedNodes>",
						"<android.animation.AnimatorSet: void sortNodes()>"
					],
					"depth":8,
					"method":"<android.util.LongSparseArray: java.lang.Object clone()>",
					"source":"FIELDCALLER"
				},
				{
					"trace":[
						"<android.util.SparseIntArray: java.lang.Object clone()>",
						"<android.util.SparseIntArray: android.util.SparseIntArray clone()>",
						"<android.util.SparseLongArray: java.lang.Object clone()>",
						"<android.util.SparseLongArray: android.util.SparseLongArray clone()>",
						"<android.graphics.drawable.shapes.RoundRectShape: java.lang.Object clone()>",
						"<android.graphics.drawable.shapes.RoundRectShape: android.graphics.drawable.shapes.RoundRectShape clone()>",
						"<android.animation.AnimatorSet: java.lang.Object clone()>",
						"<android.animation.AnimatorSet: android.animation.AnimatorSet clone()>",
						"key field: <android.animation.AnimatorSet: java.util.ArrayList mSortedNodes>",
						"<android.animation.AnimatorSet: void sortNodes()>"
					],
					"depth":8,
					"method":"<android.util.SparseIntArray: java.lang.Object clone()>",
					"source":"FIELDCALLER"
				},
				{
					"trace":[
						"<android.util.SparseArray: java.lang.Object clone()>",
						"<android.util.SparseArray: android.util.SparseArray clone()>",
						"<android.util.SparseLongArray: java.lang.Object clone()>",
						"<android.util.SparseLongArray: android.util.SparseLongArray clone()>",
						"<android.graphics.drawable.shapes.RoundRectShape: java.lang.Object clone()>",
						"<android.graphics.drawable.shapes.RoundRectShape: android.graphics.drawable.shapes.RoundRectShape clone()>",
						"<android.animation.AnimatorSet: java.lang.Object clone()>",
						"<android.animation.AnimatorSet: android.animation.AnimatorSet clone()>",
						"key field: <android.animation.AnimatorSet: java.util.ArrayList mSortedNodes>",
						"<android.animation.AnimatorSet: void sortNodes()>"
					],
					"depth":8,
					"method":"<android.util.SparseArray: java.lang.Object clone()>",
					"source":"FIELDCALLER"
				},
				{
					"trace":[
						"<android.util.SparseBooleanArray: java.lang.Object clone()>",
						"<android.util.SparseBooleanArray: android.util.SparseBooleanArray clone()>",
						"<android.util.SparseLongArray: java.lang.Object clone()>",
						"<android.util.SparseLongArray: android.util.SparseLongArray clone()>",
						"<android.graphics.drawable.shapes.RoundRectShape: java.lang.Object clone()>",
						"<android.graphics.drawable.shapes.RoundRectShape: android.graphics.drawable.shapes.RoundRectShape clone()>",
						"<android.animation.AnimatorSet: java.lang.Object clone()>",
						"<android.animation.AnimatorSet: android.animation.AnimatorSet clone()>",
						"key field: <android.animation.AnimatorSet: java.util.ArrayList mSortedNodes>",
						"<android.animation.AnimatorSet: void sortNodes()>"
					],
					"depth":8,
					"method":"<android.util.SparseBooleanArray: java.lang.Object clone()>",
					"source":"FIELDCALLER"
				},
				{
					"trace":[
						"<android.util.LongSparseLongArray: java.lang.Object clone()>",
						"<android.util.LongSparseLongArray: android.util.LongSparseLongArray clone()>",
						"<android.util.SparseLongArray: java.lang.Object clone()>",
						"<android.util.SparseLongArray: android.util.SparseLongArray clone()>",
						"<android.graphics.drawable.shapes.RoundRectShape: java.lang.Object clone()>",
						"<android.graphics.drawable.shapes.RoundRectShape: android.graphics.drawable.shapes.RoundRectShape clone()>",
						"<android.animation.AnimatorSet: java.lang.Object clone()>",
						"<android.animation.AnimatorSet: android.animation.AnimatorSet clone()>",
						"key field: <android.animation.AnimatorSet: java.util.ArrayList mSortedNodes>",
						"<android.animation.AnimatorSet: void sortNodes()>"
					],
					"depth":8,
					"method":"<android.util.LongSparseLongArray: java.lang.Object clone()>",
					"source":"FIELDCALLER"
				}
			],
			"callerOfSingnlar2SourceVar":{}
		}
	]
}