{
	"exceptions":[
		{
			"method":"<android.location.LocationRequest: android.location.LocationRequest setNumUpdates(int)>",
			"message":"\\Qinvalid numUpdates: \\E[\\s\\S]*",
			"relatedVarType":"Parameter",
			"relatedCondType":"Basic",
			"modifier":"public",
			"type":"java.lang.IllegalArgumentException",
			"osVersionRelated":false,
			"resourceRelated":false,
			"assessRelated":false,
			"hardwareRelated":false,
			"manifestRelated":false,
			"conditions":"i0 > 0",
			"paramValues":"@parameter0: int",
			"relatedValues":"@parameter0: int; ; ",
			"keyAPISameClassNum":0,
			"keyAPIDiffClassNum":0,
			"keyAPISameClass":[
				{
					"trace":[
						"<android.location.LocationRequest: android.location.LocationRequest setNumUpdates(int)>"
					],
					"depth":0,
					"method":"<android.location.LocationRequest: android.location.LocationRequest setNumUpdates(int)>",
					"source":"CALLER"
				}
			],
			"keyAPIDiffClass":[
				{
					"trace":[
						"<android.location.LocationRequest$1: android.location.LocationRequest createFromParcel(android.os.Parcel)>",
						"<android.location.LocationRequest: android.location.LocationRequest setNumUpdates(int)>"
					],
					"depth":1,
					"method":"<android.location.LocationRequest$1: android.location.LocationRequest createFromParcel(android.os.Parcel)>",
					"source":"CALLER"
				},
				{
					"trace":[
						"<android.os.Parcelable$Creator: java.lang.Object createFromParcel(android.os.Parcel)>",
						"<android.location.LocationRequest: android.location.LocationRequest setNumUpdates(int)>"
					],
					"depth":1,
					"method":"<android.os.Parcelable$Creator: java.lang.Object createFromParcel(android.os.Parcel)>",
					"source":"CALLER"
				},
				{
					"trace":[
						"<android.location.LocationRequest$1: java.lang.Object createFromParcel(android.os.Parcel)>",
						"<android.location.LocationRequest$1: android.location.LocationRequest createFromParcel(android.os.Parcel)>",
						"<android.location.LocationRequest: android.location.LocationRequest setNumUpdates(int)>"
					],
					"depth":2,
					"method":"<android.location.LocationRequest$1: java.lang.Object createFromParcel(android.os.Parcel)>",
					"source":"CALLER"
				}
			],
			"callerOfSingnlar2SourceVar":{
				"<android.location.LocationRequest: android.location.LocationRequest setNumUpdates(int)>":"0"
			}
		},
		{
			"method":"<android.location.LocationRequest: void checkInterval(long)>",
			"message":"\\Qinvalid interval: \\E[\\s\\S]*",
			"relatedVarType":"Parameter",
			"relatedCondType":"Basic",
			"modifier":"private",
			"type":"java.lang.IllegalArgumentException",
			"osVersionRelated":false,
			"resourceRelated":false,
			"assessRelated":false,
			"hardwareRelated":false,
			"manifestRelated":false,
			"conditions":"$b1 >= 0",
			"paramValues":"@parameter0: long",
			"relatedValues":"@parameter0: long; ; ",
			"keyAPISameClassNum":0,
			"keyAPIDiffClassNum":0,
			"keyAPISameClass":[
				{
					"trace":[
						"<android.location.LocationRequest: void checkInterval(long)>"
					],
					"depth":0,
					"method":"<android.location.LocationRequest: void checkInterval(long)>",
					"source":"CALLER"
				},
				{
					"trace":[
						"<android.location.LocationRequest: android.location.LocationRequest setFastestInterval(long)>",
						"<android.location.LocationRequest: void checkInterval(long)>"
					],
					"depth":1,
					"method":"<android.location.LocationRequest: android.location.LocationRequest setFastestInterval(long)>",
					"source":"CALLER"
				},
				{
					"trace":[
						"<android.location.LocationRequest: android.location.LocationRequest setInterval(long)>",
						"<android.location.LocationRequest: void checkInterval(long)>"
					],
					"depth":1,
					"method":"<android.location.LocationRequest: android.location.LocationRequest setInterval(long)>",
					"source":"CALLER"
				},
				{
					"trace":[
						"<android.location.LocationRequest: android.location.LocationRequest createFromDeprecatedCriteria(android.location.Criteria,long,float,boolean)>",
						"<android.location.LocationRequest: android.location.LocationRequest setFastestInterval(long)>",
						"<android.location.LocationRequest: void checkInterval(long)>"
					],
					"depth":2,
					"method":"<android.location.LocationRequest: android.location.LocationRequest createFromDeprecatedCriteria(android.location.Criteria,long,float,boolean)>",
					"source":"CALLER"
				},
				{
					"trace":[
						"<android.location.LocationRequest: android.location.LocationRequest createFromDeprecatedProvider(java.lang.String,long,float,boolean)>",
						"<android.location.LocationRequest: android.location.LocationRequest setFastestInterval(long)>",
						"<android.location.LocationRequest: void checkInterval(long)>"
					],
					"depth":2,
					"method":"<android.location.LocationRequest: android.location.LocationRequest createFromDeprecatedProvider(java.lang.String,long,float,boolean)>",
					"source":"CALLER"
				}
			],
			"keyAPIDiffClass":[
				{
					"trace":[
						"<android.location.LocationRequest$1: android.location.LocationRequest createFromParcel(android.os.Parcel)>",
						"<android.location.LocationRequest: android.location.LocationRequest setFastestInterval(long)>",
						"<android.location.LocationRequest: void checkInterval(long)>"
					],
					"depth":2,
					"method":"<android.location.LocationRequest$1: android.location.LocationRequest createFromParcel(android.os.Parcel)>",
					"source":"CALLER"
				},
				{
					"trace":[
						"<android.os.Parcelable$Creator: java.lang.Object createFromParcel(android.os.Parcel)>",
						"<android.location.LocationRequest: android.location.LocationRequest setFastestInterval(long)>",
						"<android.location.LocationRequest: void checkInterval(long)>"
					],
					"depth":2,
					"method":"<android.os.Parcelable$Creator: java.lang.Object createFromParcel(android.os.Parcel)>",
					"source":"CALLER"
				},
				{
					"trace":[
						"<android.location.LocationRequest$1: java.lang.Object createFromParcel(android.os.Parcel)>",
						"<android.location.LocationRequest$1: android.location.LocationRequest createFromParcel(android.os.Parcel)>",
						"<android.location.LocationRequest: android.location.LocationRequest setFastestInterval(long)>",
						"<android.location.LocationRequest: void checkInterval(long)>"
					],
					"depth":3,
					"method":"<android.location.LocationRequest$1: java.lang.Object createFromParcel(android.os.Parcel)>",
					"source":"CALLER"
				},
				{
					"trace":[
						"<android.location.LocationManager: void requestLocationUpdates(long,float,android.location.Criteria,android.location.LocationListener,android.os.Looper)>",
						"<android.location.LocationRequest: android.location.LocationRequest createFromDeprecatedCriteria(android.location.Criteria,long,float,boolean)>",
						"<android.location.LocationRequest: android.location.LocationRequest setFastestInterval(long)>",
						"<android.location.LocationRequest: void checkInterval(long)>"
					],
					"depth":3,
					"method":"<android.location.LocationManager: void requestLocationUpdates(long,float,android.location.Criteria,android.location.LocationListener,android.os.Looper)>",
					"source":"CALLER"
				},
				{
					"trace":[
						"<android.location.LocationManager: void requestLocationUpdates(long,float,android.location.Criteria,android.app.PendingIntent)>",
						"<android.location.LocationRequest: android.location.LocationRequest createFromDeprecatedCriteria(android.location.Criteria,long,float,boolean)>",
						"<android.location.LocationRequest: android.location.LocationRequest setFastestInterval(long)>",
						"<android.location.LocationRequest: void checkInterval(long)>"
					],
					"depth":3,
					"method":"<android.location.LocationManager: void requestLocationUpdates(long,float,android.location.Criteria,android.app.PendingIntent)>",
					"source":"CALLER"
				},
				{
					"trace":[
						"<android.location.LocationManager: void requestLocationUpdates(java.lang.String,long,float,android.location.LocationListener)>",
						"<android.location.LocationRequest: android.location.LocationRequest createFromDeprecatedProvider(java.lang.String,long,float,boolean)>",
						"<android.location.LocationRequest: android.location.LocationRequest setFastestInterval(long)>",
						"<android.location.LocationRequest: void checkInterval(long)>"
					],
					"depth":3,
					"method":"<android.location.LocationManager: void requestLocationUpdates(java.lang.String,long,float,android.location.LocationListener)>",
					"source":"CALLER"
				},
				{
					"trace":[
						"<android.location.LocationManager: void requestLocationUpdates(java.lang.String,long,float,android.app.PendingIntent)>",
						"<android.location.LocationRequest: android.location.LocationRequest createFromDeprecatedProvider(java.lang.String,long,float,boolean)>",
						"<android.location.LocationRequest: android.location.LocationRequest setFastestInterval(long)>",
						"<android.location.LocationRequest: void checkInterval(long)>"
					],
					"depth":3,
					"method":"<android.location.LocationManager: void requestLocationUpdates(java.lang.String,long,float,android.app.PendingIntent)>",
					"source":"CALLER"
				},
				{
					"trace":[
						"<android.location.LocationManager: void requestLocationUpdates(java.lang.String,long,float,android.location.LocationListener,android.os.Looper)>",
						"<android.location.LocationRequest: android.location.LocationRequest createFromDeprecatedProvider(java.lang.String,long,float,boolean)>",
						"<android.location.LocationRequest: android.location.LocationRequest setFastestInterval(long)>",
						"<android.location.LocationRequest: void checkInterval(long)>"
					],
					"depth":3,
					"method":"<android.location.LocationManager: void requestLocationUpdates(java.lang.String,long,float,android.location.LocationListener,android.os.Looper)>",
					"source":"CALLER"
				}
			],
			"callerOfSingnlar2SourceVar":{
				"<android.location.LocationManager: void requestLocationUpdates(long,float,android.location.Criteria,android.app.PendingIntent)>":"0",
				"<android.location.LocationRequest: android.location.LocationRequest createFromDeprecatedProvider(java.lang.String,long,float,boolean)>":"1",
				"<android.location.LocationManager: void requestLocationUpdates(long,float,android.location.Criteria,android.location.LocationListener,android.os.Looper)>":"0",
				"<android.location.LocationRequest: void checkInterval(long)>":"0",
				"<android.location.LocationManager: void requestLocationUpdates(java.lang.String,long,float,android.location.LocationListener)>":"1",
				"<android.location.LocationRequest: android.location.LocationRequest setInterval(long)>":"0",
				"<android.location.LocationRequest: android.location.LocationRequest createFromDeprecatedCriteria(android.location.Criteria,long,float,boolean)>":"1",
				"<android.location.LocationManager: void requestLocationUpdates(java.lang.String,long,float,android.app.PendingIntent)>":"1",
				"<android.location.LocationRequest: android.location.LocationRequest setFastestInterval(long)>":"0",
				"<android.location.LocationManager: void requestLocationUpdates(java.lang.String,long,float,android.location.LocationListener,android.os.Looper)>":"1"
			}
		},
		{
			"method":"<android.location.LocationRequest: void checkQuality(int)>",
			"message":"\\Qinvalid quality: \\E[\\s\\S]*",
			"relatedVarType":"Parameter",
			"relatedCondType":"Basic",
			"modifier":"private",
			"type":"java.lang.IllegalArgumentException",
			"osVersionRelated":false,
			"resourceRelated":false,
			"assessRelated":false,
			"hardwareRelated":false,
			"manifestRelated":false,
			"conditions":"i0",
			"paramValues":"@parameter0: int",
			"relatedValues":"@parameter0: int; ; ",
			"keyAPISameClassNum":0,
			"keyAPIDiffClassNum":0,
			"keyAPISameClass":[
				{
					"trace":[
						"<android.location.LocationRequest: void checkQuality(int)>"
					],
					"depth":0,
					"method":"<android.location.LocationRequest: void checkQuality(int)>",
					"source":"CALLER"
				},
				{
					"trace":[
						"<android.location.LocationRequest: android.location.LocationRequest setQuality(int)>",
						"<android.location.LocationRequest: void checkQuality(int)>"
					],
					"depth":1,
					"method":"<android.location.LocationRequest: android.location.LocationRequest setQuality(int)>",
					"source":"CALLER"
				}
			],
			"keyAPIDiffClass":[
				{
					"trace":[
						"<android.location.LocationRequest$1: android.location.LocationRequest createFromParcel(android.os.Parcel)>",
						"<android.location.LocationRequest: android.location.LocationRequest setQuality(int)>",
						"<android.location.LocationRequest: void checkQuality(int)>"
					],
					"depth":2,
					"method":"<android.location.LocationRequest$1: android.location.LocationRequest createFromParcel(android.os.Parcel)>",
					"source":"CALLER"
				},
				{
					"trace":[
						"<android.os.Parcelable$Creator: java.lang.Object createFromParcel(android.os.Parcel)>",
						"<android.location.LocationRequest: android.location.LocationRequest setQuality(int)>",
						"<android.location.LocationRequest: void checkQuality(int)>"
					],
					"depth":2,
					"method":"<android.os.Parcelable$Creator: java.lang.Object createFromParcel(android.os.Parcel)>",
					"source":"CALLER"
				},
				{
					"trace":[
						"<android.location.LocationRequest$1: java.lang.Object createFromParcel(android.os.Parcel)>",
						"<android.location.LocationRequest$1: android.location.LocationRequest createFromParcel(android.os.Parcel)>",
						"<android.location.LocationRequest: android.location.LocationRequest setQuality(int)>",
						"<android.location.LocationRequest: void checkQuality(int)>"
					],
					"depth":3,
					"method":"<android.location.LocationRequest$1: java.lang.Object createFromParcel(android.os.Parcel)>",
					"source":"CALLER"
				}
			],
			"callerOfSingnlar2SourceVar":{
				"<android.location.LocationRequest: android.location.LocationRequest setQuality(int)>":"0",
				"<android.location.LocationRequest: void checkQuality(int)>":"0"
			}
		},
		{
			"method":"<android.location.LocationRequest: void checkDisplacement(float)>",
			"message":"\\Qinvalid displacement: \\E[\\s\\S]*",
			"relatedVarType":"Parameter",
			"relatedCondType":"Basic",
			"modifier":"private",
			"type":"java.lang.IllegalArgumentException",
			"osVersionRelated":false,
			"resourceRelated":false,
			"assessRelated":false,
			"hardwareRelated":false,
			"manifestRelated":false,
			"conditions":"$b0 >= 0",
			"paramValues":"@parameter0: float",
			"relatedValues":"@parameter0: float; ; ",
			"keyAPISameClassNum":0,
			"keyAPIDiffClassNum":0,
			"keyAPISameClass":[
				{
					"trace":[
						"<android.location.LocationRequest: void checkDisplacement(float)>"
					],
					"depth":0,
					"method":"<android.location.LocationRequest: void checkDisplacement(float)>",
					"source":"CALLER"
				},
				{
					"trace":[
						"<android.location.LocationRequest: android.location.LocationRequest setSmallestDisplacement(float)>",
						"<android.location.LocationRequest: void checkDisplacement(float)>"
					],
					"depth":1,
					"method":"<android.location.LocationRequest: android.location.LocationRequest setSmallestDisplacement(float)>",
					"source":"CALLER"
				},
				{
					"trace":[
						"<android.location.LocationRequest: android.location.LocationRequest createFromDeprecatedCriteria(android.location.Criteria,long,float,boolean)>",
						"<android.location.LocationRequest: android.location.LocationRequest setSmallestDisplacement(float)>",
						"<android.location.LocationRequest: void checkDisplacement(float)>"
					],
					"depth":2,
					"method":"<android.location.LocationRequest: android.location.LocationRequest createFromDeprecatedCriteria(android.location.Criteria,long,float,boolean)>",
					"source":"CALLER"
				},
				{
					"trace":[
						"<android.location.LocationRequest: android.location.LocationRequest createFromDeprecatedProvider(java.lang.String,long,float,boolean)>",
						"<android.location.LocationRequest: android.location.LocationRequest setSmallestDisplacement(float)>",
						"<android.location.LocationRequest: void checkDisplacement(float)>"
					],
					"depth":2,
					"method":"<android.location.LocationRequest: android.location.LocationRequest createFromDeprecatedProvider(java.lang.String,long,float,boolean)>",
					"source":"CALLER"
				}
			],
			"keyAPIDiffClass":[
				{
					"trace":[
						"<android.location.LocationRequest$1: android.location.LocationRequest createFromParcel(android.os.Parcel)>",
						"<android.location.LocationRequest: android.location.LocationRequest setSmallestDisplacement(float)>",
						"<android.location.LocationRequest: void checkDisplacement(float)>"
					],
					"depth":2,
					"method":"<android.location.LocationRequest$1: android.location.LocationRequest createFromParcel(android.os.Parcel)>",
					"source":"CALLER"
				},
				{
					"trace":[
						"<android.os.Parcelable$Creator: java.lang.Object createFromParcel(android.os.Parcel)>",
						"<android.location.LocationRequest: android.location.LocationRequest setSmallestDisplacement(float)>",
						"<android.location.LocationRequest: void checkDisplacement(float)>"
					],
					"depth":2,
					"method":"<android.os.Parcelable$Creator: java.lang.Object createFromParcel(android.os.Parcel)>",
					"source":"CALLER"
				},
				{
					"trace":[
						"<android.location.LocationRequest$1: java.lang.Object createFromParcel(android.os.Parcel)>",
						"<android.location.LocationRequest$1: android.location.LocationRequest createFromParcel(android.os.Parcel)>",
						"<android.location.LocationRequest: android.location.LocationRequest setSmallestDisplacement(float)>",
						"<android.location.LocationRequest: void checkDisplacement(float)>"
					],
					"depth":3,
					"method":"<android.location.LocationRequest$1: java.lang.Object createFromParcel(android.os.Parcel)>",
					"source":"CALLER"
				},
				{
					"trace":[
						"<android.location.LocationManager: void requestLocationUpdates(long,float,android.location.Criteria,android.location.LocationListener,android.os.Looper)>",
						"<android.location.LocationRequest: android.location.LocationRequest createFromDeprecatedCriteria(android.location.Criteria,long,float,boolean)>",
						"<android.location.LocationRequest: android.location.LocationRequest setSmallestDisplacement(float)>",
						"<android.location.LocationRequest: void checkDisplacement(float)>"
					],
					"depth":3,
					"method":"<android.location.LocationManager: void requestLocationUpdates(long,float,android.location.Criteria,android.location.LocationListener,android.os.Looper)>",
					"source":"CALLER"
				},
				{
					"trace":[
						"<android.location.LocationManager: void requestLocationUpdates(long,float,android.location.Criteria,android.app.PendingIntent)>",
						"<android.location.LocationRequest: android.location.LocationRequest createFromDeprecatedCriteria(android.location.Criteria,long,float,boolean)>",
						"<android.location.LocationRequest: android.location.LocationRequest setSmallestDisplacement(float)>",
						"<android.location.LocationRequest: void checkDisplacement(float)>"
					],
					"depth":3,
					"method":"<android.location.LocationManager: void requestLocationUpdates(long,float,android.location.Criteria,android.app.PendingIntent)>",
					"source":"CALLER"
				},
				{
					"trace":[
						"<android.location.LocationManager: void requestLocationUpdates(java.lang.String,long,float,android.location.LocationListener)>",
						"<android.location.LocationRequest: android.location.LocationRequest createFromDeprecatedProvider(java.lang.String,long,float,boolean)>",
						"<android.location.LocationRequest: android.location.LocationRequest setSmallestDisplacement(float)>",
						"<android.location.LocationRequest: void checkDisplacement(float)>"
					],
					"depth":3,
					"method":"<android.location.LocationManager: void requestLocationUpdates(java.lang.String,long,float,android.location.LocationListener)>",
					"source":"CALLER"
				},
				{
					"trace":[
						"<android.location.LocationManager: void requestLocationUpdates(java.lang.String,long,float,android.app.PendingIntent)>",
						"<android.location.LocationRequest: android.location.LocationRequest createFromDeprecatedProvider(java.lang.String,long,float,boolean)>",
						"<android.location.LocationRequest: android.location.LocationRequest setSmallestDisplacement(float)>",
						"<android.location.LocationRequest: void checkDisplacement(float)>"
					],
					"depth":3,
					"method":"<android.location.LocationManager: void requestLocationUpdates(java.lang.String,long,float,android.app.PendingIntent)>",
					"source":"CALLER"
				},
				{
					"trace":[
						"<android.location.LocationManager: void requestLocationUpdates(java.lang.String,long,float,android.location.LocationListener,android.os.Looper)>",
						"<android.location.LocationRequest: android.location.LocationRequest createFromDeprecatedProvider(java.lang.String,long,float,boolean)>",
						"<android.location.LocationRequest: android.location.LocationRequest setSmallestDisplacement(float)>",
						"<android.location.LocationRequest: void checkDisplacement(float)>"
					],
					"depth":3,
					"method":"<android.location.LocationManager: void requestLocationUpdates(java.lang.String,long,float,android.location.LocationListener,android.os.Looper)>",
					"source":"CALLER"
				}
			],
			"callerOfSingnlar2SourceVar":{
				"<android.location.LocationManager: void requestLocationUpdates(long,float,android.location.Criteria,android.app.PendingIntent)>":"1",
				"<android.location.LocationRequest: android.location.LocationRequest createFromDeprecatedProvider(java.lang.String,long,float,boolean)>":"2",
				"<android.location.LocationManager: void requestLocationUpdates(long,float,android.location.Criteria,android.location.LocationListener,android.os.Looper)>":"1",
				"<android.location.LocationManager: void requestLocationUpdates(java.lang.String,long,float,android.location.LocationListener)>":"2",
				"<android.location.LocationRequest: void checkDisplacement(float)>":"0",
				"<android.location.LocationRequest: android.location.LocationRequest createFromDeprecatedCriteria(android.location.Criteria,long,float,boolean)>":"2",
				"<android.location.LocationRequest: android.location.LocationRequest setSmallestDisplacement(float)>":"0",
				"<android.location.LocationManager: void requestLocationUpdates(java.lang.String,long,float,android.app.PendingIntent)>":"2",
				"<android.location.LocationManager: void requestLocationUpdates(java.lang.String,long,float,android.location.LocationListener,android.os.Looper)>":"2"
			}
		},
		{
			"method":"<android.location.LocationRequest: void checkProvider(java.lang.String)>",
			"message":"\\Qinvalid provider: \\E[\\s\\S]*",
			"relatedVarType":"Parameter",
			"relatedCondType":"Basic",
			"modifier":"private",
			"type":"java.lang.IllegalArgumentException",
			"osVersionRelated":false,
			"resourceRelated":false,
			"assessRelated":false,
			"hardwareRelated":false,
			"manifestRelated":false,
			"conditions":"r0 != null",
			"paramValues":"@parameter0: java.lang.String",
			"relatedValues":"@parameter0: java.lang.String; ; ",
			"keyAPISameClassNum":0,
			"keyAPIDiffClassNum":0,
			"keyAPISameClass":[
				{
					"trace":[
						"<android.location.LocationRequest: void checkProvider(java.lang.String)>"
					],
					"depth":0,
					"method":"<android.location.LocationRequest: void checkProvider(java.lang.String)>",
					"source":"CALLER"
				},
				{
					"trace":[
						"<android.location.LocationRequest: android.location.LocationRequest setProvider(java.lang.String)>",
						"<android.location.LocationRequest: void checkProvider(java.lang.String)>"
					],
					"depth":1,
					"method":"<android.location.LocationRequest: android.location.LocationRequest setProvider(java.lang.String)>",
					"source":"CALLER"
				},
				{
					"trace":[
						"<android.location.LocationRequest: android.location.LocationRequest createFromDeprecatedProvider(java.lang.String,long,float,boolean)>",
						"<android.location.LocationRequest: android.location.LocationRequest setProvider(java.lang.String)>",
						"<android.location.LocationRequest: void checkProvider(java.lang.String)>"
					],
					"depth":2,
					"method":"<android.location.LocationRequest: android.location.LocationRequest createFromDeprecatedProvider(java.lang.String,long,float,boolean)>",
					"source":"CALLER"
				}
			],
			"keyAPIDiffClass":[
				{
					"trace":[
						"<android.location.LocationRequest$1: android.location.LocationRequest createFromParcel(android.os.Parcel)>",
						"<android.location.LocationRequest: android.location.LocationRequest setProvider(java.lang.String)>",
						"<android.location.LocationRequest: void checkProvider(java.lang.String)>"
					],
					"depth":2,
					"method":"<android.location.LocationRequest$1: android.location.LocationRequest createFromParcel(android.os.Parcel)>",
					"source":"CALLER"
				},
				{
					"trace":[
						"<android.os.Parcelable$Creator: java.lang.Object createFromParcel(android.os.Parcel)>",
						"<android.location.LocationRequest: android.location.LocationRequest setProvider(java.lang.String)>",
						"<android.location.LocationRequest: void checkProvider(java.lang.String)>"
					],
					"depth":2,
					"method":"<android.os.Parcelable$Creator: java.lang.Object createFromParcel(android.os.Parcel)>",
					"source":"CALLER"
				},
				{
					"trace":[
						"<android.location.LocationRequest$1: java.lang.Object createFromParcel(android.os.Parcel)>",
						"<android.location.LocationRequest$1: android.location.LocationRequest createFromParcel(android.os.Parcel)>",
						"<android.location.LocationRequest: android.location.LocationRequest setProvider(java.lang.String)>",
						"<android.location.LocationRequest: void checkProvider(java.lang.String)>"
					],
					"depth":3,
					"method":"<android.location.LocationRequest$1: java.lang.Object createFromParcel(android.os.Parcel)>",
					"source":"CALLER"
				},
				{
					"trace":[
						"<android.location.LocationManager: void requestLocationUpdates(java.lang.String,long,float,android.location.LocationListener)>",
						"<android.location.LocationRequest: android.location.LocationRequest createFromDeprecatedProvider(java.lang.String,long,float,boolean)>",
						"<android.location.LocationRequest: android.location.LocationRequest setProvider(java.lang.String)>",
						"<android.location.LocationRequest: void checkProvider(java.lang.String)>"
					],
					"depth":3,
					"method":"<android.location.LocationManager: void requestLocationUpdates(java.lang.String,long,float,android.location.LocationListener)>",
					"source":"CALLER"
				},
				{
					"trace":[
						"<android.location.LocationManager: android.location.Location getLastKnownLocation(java.lang.String)>",
						"<android.location.LocationRequest: android.location.LocationRequest createFromDeprecatedProvider(java.lang.String,long,float,boolean)>",
						"<android.location.LocationRequest: android.location.LocationRequest setProvider(java.lang.String)>",
						"<android.location.LocationRequest: void checkProvider(java.lang.String)>"
					],
					"depth":3,
					"method":"<android.location.LocationManager: android.location.Location getLastKnownLocation(java.lang.String)>",
					"source":"CALLER"
				},
				{
					"trace":[
						"<android.location.LocationManager: void requestSingleUpdate(java.lang.String,android.app.PendingIntent)>",
						"<android.location.LocationRequest: android.location.LocationRequest createFromDeprecatedProvider(java.lang.String,long,float,boolean)>",
						"<android.location.LocationRequest: android.location.LocationRequest setProvider(java.lang.String)>",
						"<android.location.LocationRequest: void checkProvider(java.lang.String)>"
					],
					"depth":3,
					"method":"<android.location.LocationManager: void requestSingleUpdate(java.lang.String,android.app.PendingIntent)>",
					"source":"CALLER"
				},
				{
					"trace":[
						"<android.location.LocationManager: void requestSingleUpdate(java.lang.String,android.location.LocationListener,android.os.Looper)>",
						"<android.location.LocationRequest: android.location.LocationRequest createFromDeprecatedProvider(java.lang.String,long,float,boolean)>",
						"<android.location.LocationRequest: android.location.LocationRequest setProvider(java.lang.String)>",
						"<android.location.LocationRequest: void checkProvider(java.lang.String)>"
					],
					"depth":3,
					"method":"<android.location.LocationManager: void requestSingleUpdate(java.lang.String,android.location.LocationListener,android.os.Looper)>",
					"source":"CALLER"
				},
				{
					"trace":[
						"<android.location.LocationManager: void requestLocationUpdates(java.lang.String,long,float,android.app.PendingIntent)>",
						"<android.location.LocationRequest: android.location.LocationRequest createFromDeprecatedProvider(java.lang.String,long,float,boolean)>",
						"<android.location.LocationRequest: android.location.LocationRequest setProvider(java.lang.String)>",
						"<android.location.LocationRequest: void checkProvider(java.lang.String)>"
					],
					"depth":3,
					"method":"<android.location.LocationManager: void requestLocationUpdates(java.lang.String,long,float,android.app.PendingIntent)>",
					"source":"CALLER"
				},
				{
					"trace":[
						"<android.location.LocationManager: void requestLocationUpdates(java.lang.String,long,float,android.location.LocationListener,android.os.Looper)>",
						"<android.location.LocationRequest: android.location.LocationRequest createFromDeprecatedProvider(java.lang.String,long,float,boolean)>",
						"<android.location.LocationRequest: android.location.LocationRequest setProvider(java.lang.String)>",
						"<android.location.LocationRequest: void checkProvider(java.lang.String)>"
					],
					"depth":3,
					"method":"<android.location.LocationManager: void requestLocationUpdates(java.lang.String,long,float,android.location.LocationListener,android.os.Looper)>",
					"source":"CALLER"
				}
			],
			"callerOfSingnlar2SourceVar":{
				"<android.location.LocationRequest: android.location.LocationRequest setProvider(java.lang.String)>":"0",
				"<android.location.LocationRequest: android.location.LocationRequest createFromDeprecatedProvider(java.lang.String,long,float,boolean)>":"0",
				"<android.location.LocationManager: void requestSingleUpdate(java.lang.String,android.location.LocationListener,android.os.Looper)>":"0",
				"<android.location.LocationManager: android.location.Location getLastKnownLocation(java.lang.String)>":"0",
				"<android.location.LocationManager: void requestLocationUpdates(java.lang.String,long,float,android.location.LocationListener)>":"0",
				"<android.location.LocationRequest: void checkProvider(java.lang.String)>":"0",
				"<android.location.LocationManager: void requestSingleUpdate(java.lang.String,android.app.PendingIntent)>":"0",
				"<android.location.LocationManager: void requestLocationUpdates(java.lang.String,long,float,android.app.PendingIntent)>":"0",
				"<android.location.LocationManager: void requestLocationUpdates(java.lang.String,long,float,android.location.LocationListener,android.os.Looper)>":"0"
			}
		}
	]
}