{
	"exceptions":[
		{
			"method":"<android.media.MediaCodec$MediaImage: void setCropRect(android.graphics.Rect)>",
			"message":"[\\s\\S]*",
			"relatedVarType":"Field",
			"relatedCondType":"Basic",
			"modifier":"public",
			"type":"java.nio.ReadOnlyBufferException",
			"osVersionRelated":false,
			"resourceRelated":false,
			"assessRelated":false,
			"hardwareRelated":true,
			"manifestRelated":false,
			"conditions":"$z0 == 0",
			"fieldValues":"<android.media.MediaCodec$MediaImage: boolean mIsReadOnly>",
			"relatedValues":"; <android.media.MediaCodec$MediaImage: boolean mIsReadOnly>; ",
			"keyAPISameClassNum":1,
			"keyAPIDiffClassNum":0,
			"keyAPISameClass":[
				{
					"trace":[
						"<android.media.MediaCodec$MediaImage: void setCropRect(android.graphics.Rect)>"
					],
					"depth":1,
					"method":"<android.media.MediaCodec$MediaImage: void <init>(java.nio.ByteBuffer,java.nio.ByteBuffer,boolean,long,int,int,android.graphics.Rect)>",
					"source":"FIELD"
				}
			],
			"keyAPIDiffClass":[],
			"callerOfSingnlar2SourceVar":{}
		},
		{
			"method":"<android.media.MediaCodec$MediaImage: void checkValid()>",
			"message":"\\QImage is already released\\E",
			"relatedVarType":"Field",
			"relatedCondType":"Basic",
			"modifier":"private",
			"type":"java.lang.IllegalStateException",
			"osVersionRelated":false,
			"resourceRelated":false,
			"assessRelated":false,
			"hardwareRelated":true,
			"manifestRelated":false,
			"conditions":"$z0 != 0",
			"fieldValues":"<android.media.MediaCodec$MediaImage: boolean mIsValid>",
			"relatedValues":"; <android.media.MediaCodec$MediaImage: boolean mIsValid>; ",
			"keyAPISameClassNum":2,
			"keyAPIDiffClassNum":0,
			"keyAPISameClass":[
				{
					"trace":[
						"<android.media.MediaCodec$MediaImage: void checkValid()>"
					],
					"depth":1,
					"method":"<android.media.MediaCodec$MediaImage: void close()>",
					"source":"FIELD"
				},
				{
					"trace":[
						"<android.media.MediaCodec$MediaImage: void checkValid()>"
					],
					"depth":1,
					"method":"<android.media.MediaCodec$MediaImage: void <init>(java.nio.ByteBuffer,java.nio.ByteBuffer,boolean,long,int,int,android.graphics.Rect)>",
					"source":"FIELD"
				}
			],
			"keyAPIDiffClass":[],
			"callerOfSingnlar2SourceVar":{}
		},
		{
			"method":"<android.media.MediaCodec$MediaImage: void <init>(java.nio.ByteBuffer,java.nio.ByteBuffer,boolean,long,int,int,android.graphics.Rect)>",
			"message":"\\Qunsupported size: \\E[\\s\\S]*\\Qx\\E[\\s\\S]*",
			"relatedVarType":"ParaAndField",
			"relatedCondType":"Basic",
			"modifier":"public",
			"type":"java.lang.UnsupportedOperationException",
			"osVersionRelated":false,
			"resourceRelated":false,
			"assessRelated":false,
			"hardwareRelated":true,
			"manifestRelated":false,
			"conditions":"$i9 < 1, i6 == 3, $i4 != 156",
			"paramValues":"@parameter1: java.nio.ByteBuffer",
			"fieldValues":"<android.media.MediaCodec$MediaImage: int mWidth>",
			"relatedValues":"@parameter1: java.nio.ByteBuffer; <android.media.MediaCodec$MediaImage: int mWidth>; ",
			"keyAPISameClassNum":1,
			"keyAPIDiffClassNum":0,
			"keyAPISameClass":[
				{
					"trace":[
						"<android.media.MediaCodec$MediaImage: void <init>(java.nio.ByteBuffer,java.nio.ByteBuffer,boolean,long,int,int,android.graphics.Rect)>"
					],
					"depth":1,
					"method":"<android.media.MediaCodec$MediaImage: void <init>(java.nio.ByteBuffer,java.nio.ByteBuffer,boolean,long,int,int,android.graphics.Rect)>",
					"source":"FIELD"
				}
			],
			"keyAPIDiffClass":[],
			"callerOfSingnlar2SourceVar":{
				"<android.media.MediaCodec$MediaImage: void <init>(java.nio.ByteBuffer,java.nio.ByteBuffer,boolean,long,int,int,android.graphics.Rect)>":"1"
			}
		},
		{
			"method":"<android.media.MediaCodec$MediaImage: void <init>(java.nio.ByteBuffer,java.nio.ByteBuffer,boolean,long,int,int,android.graphics.Rect)>",
			"message":"\\Qunexpected number of planes: \\E[\\s\\S]*",
			"relatedVarType":"Parameter",
			"relatedCondType":"Basic",
			"modifier":"public",
			"type":"java.lang.RuntimeException",
			"osVersionRelated":false,
			"resourceRelated":false,
			"assessRelated":false,
			"hardwareRelated":true,
			"manifestRelated":false,
			"conditions":"i6 == 3, $i4 != 156, $i3 == 80",
			"paramValues":"@parameter1: java.nio.ByteBuffer",
			"relatedValues":"@parameter1: java.nio.ByteBuffer; ; ",
			"keyAPISameClassNum":0,
			"keyAPIDiffClassNum":0,
			"keyAPISameClass":[
				{
					"trace":[
						"<android.media.MediaCodec$MediaImage: void <init>(java.nio.ByteBuffer,java.nio.ByteBuffer,boolean,long,int,int,android.graphics.Rect)>"
					],
					"depth":0,
					"method":"<android.media.MediaCodec$MediaImage: void <init>(java.nio.ByteBuffer,java.nio.ByteBuffer,boolean,long,int,int,android.graphics.Rect)>",
					"source":"CALLER"
				}
			],
			"keyAPIDiffClass":[],
			"callerOfSingnlar2SourceVar":{
				"<android.media.MediaCodec$MediaImage: void <init>(java.nio.ByteBuffer,java.nio.ByteBuffer,boolean,long,int,int,android.graphics.Rect)>":"1"
			}
		},
		{
			"method":"<android.media.MediaCodec$MediaImage: void <init>(java.nio.ByteBuffer,java.nio.ByteBuffer,boolean,long,int,int,android.graphics.Rect)>",
			"message":"\\Qunsupported info length: \\E[\\s\\S]*",
			"relatedVarType":"Parameter",
			"relatedCondType":"Basic",
			"modifier":"public",
			"type":"java.lang.UnsupportedOperationException",
			"osVersionRelated":false,
			"resourceRelated":false,
			"assessRelated":false,
			"hardwareRelated":true,
			"manifestRelated":false,
			"conditions":"$i41 != 156, $i3 == 80, r3 == null",
			"paramValues":"@parameter1: java.nio.ByteBuffer, @parameter6: android.graphics.Rect",
			"relatedValues":"@parameter1: java.nio.ByteBuffer, @parameter6: android.graphics.Rect; ; ",
			"keyAPISameClassNum":0,
			"keyAPIDiffClassNum":0,
			"keyAPISameClass":[
				{
					"trace":[
						"<android.media.MediaCodec$MediaImage: void <init>(java.nio.ByteBuffer,java.nio.ByteBuffer,boolean,long,int,int,android.graphics.Rect)>"
					],
					"depth":0,
					"method":"<android.media.MediaCodec$MediaImage: void <init>(java.nio.ByteBuffer,java.nio.ByteBuffer,boolean,long,int,int,android.graphics.Rect)>",
					"source":"CALLER"
				}
			],
			"keyAPIDiffClass":[],
			"callerOfSingnlar2SourceVar":{
				"<android.media.MediaCodec$MediaImage: void <init>(java.nio.ByteBuffer,java.nio.ByteBuffer,boolean,long,int,int,android.graphics.Rect)>":"1, 6"
			}
		},
		{
			"method":"<android.media.MediaCodec$MediaImage: void <init>(java.nio.ByteBuffer,java.nio.ByteBuffer,boolean,long,int,int,android.graphics.Rect)>",
			"message":"\\Qunexpected subsampling: \\E[\\s\\S]*\\Qx\\E[\\s\\S]*\\Q on plane \\E[\\s\\S]*",
			"relatedVarType":"Parameter",
			"relatedCondType":"Basic",
			"modifier":"public",
			"type":"java.lang.UnsupportedOperationException",
			"osVersionRelated":false,
			"resourceRelated":false,
			"assessRelated":false,
			"hardwareRelated":true,
			"manifestRelated":false,
			"conditions":"i17 != i18, $i4 != 156, $i3 == 80",
			"paramValues":"@parameter1: java.nio.ByteBuffer",
			"relatedValues":"@parameter1: java.nio.ByteBuffer; ; ",
			"keyAPISameClassNum":0,
			"keyAPIDiffClassNum":0,
			"keyAPISameClass":[
				{
					"trace":[
						"<android.media.MediaCodec$MediaImage: void <init>(java.nio.ByteBuffer,java.nio.ByteBuffer,boolean,long,int,int,android.graphics.Rect)>"
					],
					"depth":0,
					"method":"<android.media.MediaCodec$MediaImage: void <init>(java.nio.ByteBuffer,java.nio.ByteBuffer,boolean,long,int,int,android.graphics.Rect)>",
					"source":"CALLER"
				}
			],
			"keyAPIDiffClass":[],
			"callerOfSingnlar2SourceVar":{
				"<android.media.MediaCodec$MediaImage: void <init>(java.nio.ByteBuffer,java.nio.ByteBuffer,boolean,long,int,int,android.graphics.Rect)>":"1"
			}
		},
		{
			"method":"<android.media.MediaCodec$MediaImage: void <init>(java.nio.ByteBuffer,java.nio.ByteBuffer,boolean,long,int,int,android.graphics.Rect)>",
			"message":"\\Qunsupported type: \\E[\\s\\S]*",
			"relatedVarType":"Parameter",
			"relatedCondType":"Basic",
			"modifier":"public",
			"type":"java.lang.UnsupportedOperationException",
			"osVersionRelated":false,
			"resourceRelated":false,
			"assessRelated":false,
			"hardwareRelated":true,
			"manifestRelated":false,
			"conditions":"i5 == 1, $i4 != 156, $i3 == 80",
			"paramValues":"@parameter1: java.nio.ByteBuffer",
			"relatedValues":"@parameter1: java.nio.ByteBuffer; ; ",
			"keyAPISameClassNum":0,
			"keyAPIDiffClassNum":0,
			"keyAPISameClass":[
				{
					"trace":[
						"<android.media.MediaCodec$MediaImage: void <init>(java.nio.ByteBuffer,java.nio.ByteBuffer,boolean,long,int,int,android.graphics.Rect)>"
					],
					"depth":0,
					"method":"<android.media.MediaCodec$MediaImage: void <init>(java.nio.ByteBuffer,java.nio.ByteBuffer,boolean,long,int,int,android.graphics.Rect)>",
					"source":"CALLER"
				}
			],
			"keyAPIDiffClass":[],
			"callerOfSingnlar2SourceVar":{
				"<android.media.MediaCodec$MediaImage: void <init>(java.nio.ByteBuffer,java.nio.ByteBuffer,boolean,long,int,int,android.graphics.Rect)>":"1"
			}
		},
		{
			"method":"<android.media.MediaCodec$MediaImage: void <init>(java.nio.ByteBuffer,java.nio.ByteBuffer,boolean,long,int,int,android.graphics.Rect)>",
			"message":"\\Qunsupported bit depth: \\E[\\s\\S]*",
			"relatedVarType":"Parameter",
			"relatedCondType":"Basic",
			"modifier":"public",
			"type":"java.lang.UnsupportedOperationException",
			"osVersionRelated":false,
			"resourceRelated":false,
			"assessRelated":false,
			"hardwareRelated":true,
			"manifestRelated":false,
			"conditions":"i13 == 8, $i4 != 156, $i3 == 80",
			"paramValues":"@parameter1: java.nio.ByteBuffer",
			"relatedValues":"@parameter1: java.nio.ByteBuffer; ; ",
			"keyAPISameClassNum":0,
			"keyAPIDiffClassNum":0,
			"keyAPISameClass":[
				{
					"trace":[
						"<android.media.MediaCodec$MediaImage: void <init>(java.nio.ByteBuffer,java.nio.ByteBuffer,boolean,long,int,int,android.graphics.Rect)>"
					],
					"depth":0,
					"method":"<android.media.MediaCodec$MediaImage: void <init>(java.nio.ByteBuffer,java.nio.ByteBuffer,boolean,long,int,int,android.graphics.Rect)>",
					"source":"CALLER"
				}
			],
			"keyAPIDiffClass":[],
			"callerOfSingnlar2SourceVar":{
				"<android.media.MediaCodec$MediaImage: void <init>(java.nio.ByteBuffer,java.nio.ByteBuffer,boolean,long,int,int,android.graphics.Rect)>":"1"
			}
		}
	]
}