{
	"exceptions":[
		{
			"method":"<android.media.MediaCodecInfo$VideoCapabilities: android.util.Range getSupportedWidthsFor(int)>",
			"message":"\\Qunsupported height\\E",
			"relatedVarType":"ParaAndField",
			"relatedCondType":"Basic",
			"modifier":"public",
			"type":"java.lang.IllegalArgumentException",
			"osVersionRelated":false,
			"resourceRelated":false,
			"assessRelated":false,
			"hardwareRelated":true,
			"manifestRelated":false,
			"conditions":"$z0 == 0, $i2 == 0",
			"paramValues":"@parameter0: int",
			"fieldValues":"<android.media.MediaCodecInfo$VideoCapabilities: android.util.Range mHeightRange>, <android.media.MediaCodecInfo$VideoCapabilities: int mHeightAlignment>",
			"relatedValues":"@parameter0: int; <android.media.MediaCodecInfo$VideoCapabilities: android.util.Range mHeightRange>, <android.media.MediaCodecInfo$VideoCapabilities: int mHeightAlignment>; ",
			"keyAPISameClassNum":8,
			"keyAPIDiffClassNum":6,
			"keyAPISameClass":[
				{
					"trace":[
						"<android.media.MediaCodecInfo$VideoCapabilities: android.util.Range getSupportedWidthsFor(int)>"
					],
					"depth":1,
					"method":"<android.media.MediaCodecInfo$VideoCapabilities: android.util.Range getSupportedWidthsFor(int)>",
					"source":"FIELD"
				},
				{
					"trace":[
						"<android.media.MediaCodecInfo$VideoCapabilities: android.util.Range getSupportedWidthsFor(int)>"
					],
					"depth":1,
					"method":"<android.media.MediaCodecInfo$VideoCapabilities: android.util.Range getSupportedHeightsFor(int)>",
					"source":"FIELD"
				},
				{
					"trace":[
						"<android.media.MediaCodecInfo$VideoCapabilities: android.util.Range getSupportedFrameRatesFor(int,int)>",
						"<android.media.MediaCodecInfo$VideoCapabilities: boolean supports(java.lang.Integer,java.lang.Integer,java.lang.Double)>",
						"key field: <android.media.MediaCodecInfo$VideoCapabilities: android.util.Range mHeightRange>",
						"<android.media.MediaCodecInfo$VideoCapabilities: android.util.Range getSupportedWidthsFor(int)>"
					],
					"depth":2,
					"method":"<android.media.MediaCodecInfo$VideoCapabilities: android.util.Range getSupportedFrameRatesFor(int,int)>",
					"source":"FIELDCALLER"
				},
				{
					"trace":[
						"<android.media.MediaCodecInfo$VideoCapabilities: boolean supportsFormat(android.media.MediaFormat)>",
						"<android.media.MediaCodecInfo$VideoCapabilities: boolean supports(java.lang.Integer,java.lang.Integer,java.lang.Double)>",
						"key field: <android.media.MediaCodecInfo$VideoCapabilities: android.util.Range mHeightRange>",
						"<android.media.MediaCodecInfo$VideoCapabilities: android.util.Range getSupportedWidthsFor(int)>"
					],
					"depth":2,
					"method":"<android.media.MediaCodecInfo$VideoCapabilities: boolean supportsFormat(android.media.MediaFormat)>",
					"source":"FIELDCALLER"
				},
				{
					"trace":[
						"<android.media.MediaCodecInfo$VideoCapabilities: boolean isSizeSupported(int,int)>",
						"<android.media.MediaCodecInfo$VideoCapabilities: boolean supports(java.lang.Integer,java.lang.Integer,java.lang.Double)>",
						"key field: <android.media.MediaCodecInfo$VideoCapabilities: android.util.Range mHeightRange>",
						"<android.media.MediaCodecInfo$VideoCapabilities: android.util.Range getSupportedWidthsFor(int)>"
					],
					"depth":2,
					"method":"<android.media.MediaCodecInfo$VideoCapabilities: boolean isSizeSupported(int,int)>",
					"source":"FIELDCALLER"
				},
				{
					"trace":[
						"<android.media.MediaCodecInfo$VideoCapabilities: boolean areSizeAndRateSupported(int,int,double)>",
						"<android.media.MediaCodecInfo$VideoCapabilities: boolean supports(java.lang.Integer,java.lang.Integer,java.lang.Double)>",
						"key field: <android.media.MediaCodecInfo$VideoCapabilities: android.util.Range mHeightRange>",
						"<android.media.MediaCodecInfo$VideoCapabilities: android.util.Range getSupportedWidthsFor(int)>"
					],
					"depth":2,
					"method":"<android.media.MediaCodecInfo$VideoCapabilities: boolean areSizeAndRateSupported(int,int,double)>",
					"source":"FIELDCALLER"
				},
				{
					"trace":[
						"<android.media.MediaCodecInfo$VideoCapabilities: void init(android.media.MediaFormat,android.media.MediaCodecInfo$CodecCapabilities)>",
						"<android.media.MediaCodecInfo$VideoCapabilities: void initWithPlatformLimits()>",
						"key field: <android.media.MediaCodecInfo$VideoCapabilities: android.util.Range mHeightRange>",
						"<android.media.MediaCodecInfo$VideoCapabilities: android.util.Range getSupportedWidthsFor(int)>"
					],
					"depth":2,
					"method":"<android.media.MediaCodecInfo$VideoCapabilities: void init(android.media.MediaFormat,android.media.MediaCodecInfo$CodecCapabilities)>",
					"source":"FIELDCALLER"
				},
				{
					"trace":[
						"<android.media.MediaCodecInfo$VideoCapabilities: android.media.MediaCodecInfo$VideoCapabilities create(android.media.MediaFormat,android.media.MediaCodecInfo$CodecCapabilities)>",
						"<android.media.MediaCodecInfo$VideoCapabilities: void init(android.media.MediaFormat,android.media.MediaCodecInfo$CodecCapabilities)>",
						"<android.media.MediaCodecInfo$VideoCapabilities: void initWithPlatformLimits()>",
						"key field: <android.media.MediaCodecInfo$VideoCapabilities: android.util.Range mHeightRange>",
						"<android.media.MediaCodecInfo$VideoCapabilities: android.util.Range getSupportedWidthsFor(int)>"
					],
					"depth":3,
					"method":"<android.media.MediaCodecInfo$VideoCapabilities: android.media.MediaCodecInfo$VideoCapabilities create(android.media.MediaFormat,android.media.MediaCodecInfo$CodecCapabilities)>",
					"source":"FIELDCALLER"
				}
			],
			"keyAPIDiffClass":[
				{
					"trace":[
						"<android.media.MediaCodecInfo$CodecCapabilities: boolean isFormatSupported(android.media.MediaFormat)>",
						"<android.media.MediaCodecInfo$VideoCapabilities: boolean supportsFormat(android.media.MediaFormat)>",
						"<android.media.MediaCodecInfo$VideoCapabilities: boolean supports(java.lang.Integer,java.lang.Integer,java.lang.Double)>",
						"key field: <android.media.MediaCodecInfo$VideoCapabilities: android.util.Range mHeightRange>",
						"<android.media.MediaCodecInfo$VideoCapabilities: android.util.Range getSupportedWidthsFor(int)>"
					],
					"depth":3,
					"method":"<android.media.MediaCodecInfo$CodecCapabilities: boolean isFormatSupported(android.media.MediaFormat)>",
					"source":"FIELDCALLER"
				},
				{
					"trace":[
						"<android.media.MediaCodecList: java.lang.String findDecoderForFormat(android.media.MediaFormat)>",
						"<android.media.MediaCodecList: java.lang.String findCodecForFormat(boolean,android.media.MediaFormat)>",
						"<android.media.MediaCodecInfo$CodecCapabilities: boolean isFormatSupported(android.media.MediaFormat)>",
						"<android.media.MediaCodecInfo$VideoCapabilities: boolean supportsFormat(android.media.MediaFormat)>",
						"<android.media.MediaCodecInfo$VideoCapabilities: boolean supports(java.lang.Integer,java.lang.Integer,java.lang.Double)>",
						"key field: <android.media.MediaCodecInfo$VideoCapabilities: android.util.Range mHeightRange>",
						"<android.media.MediaCodecInfo$VideoCapabilities: android.util.Range getSupportedWidthsFor(int)>"
					],
					"depth":5,
					"method":"<android.media.MediaCodecList: java.lang.String findDecoderForFormat(android.media.MediaFormat)>",
					"source":"FIELDCALLER"
				},
				{
					"trace":[
						"<android.media.MediaCodecList: java.lang.String findEncoderForFormat(android.media.MediaFormat)>",
						"<android.media.MediaCodecList: java.lang.String findCodecForFormat(boolean,android.media.MediaFormat)>",
						"<android.media.MediaCodecInfo$CodecCapabilities: boolean isFormatSupported(android.media.MediaFormat)>",
						"<android.media.MediaCodecInfo$VideoCapabilities: boolean supportsFormat(android.media.MediaFormat)>",
						"<android.media.MediaCodecInfo$VideoCapabilities: boolean supports(java.lang.Integer,java.lang.Integer,java.lang.Double)>",
						"key field: <android.media.MediaCodecInfo$VideoCapabilities: android.util.Range mHeightRange>",
						"<android.media.MediaCodecInfo$VideoCapabilities: android.util.Range getSupportedWidthsFor(int)>"
					],
					"depth":5,
					"method":"<android.media.MediaCodecList: java.lang.String findEncoderForFormat(android.media.MediaFormat)>",
					"source":"FIELDCALLER"
				},
				{
					"trace":[
						"<android.media.MediaCodecInfo$CodecCapabilities: android.media.MediaCodecInfo$CodecCapabilities dup()>",
						"<android.media.MediaCodecInfo$CodecCapabilities: void <init>(android.media.MediaCodecInfo$CodecProfileLevel[],int[],boolean,int,android.media.MediaFormat,android.media.MediaFormat)>",
						"<android.media.MediaCodecInfo$VideoCapabilities: android.media.MediaCodecInfo$VideoCapabilities create(android.media.MediaFormat,android.media.MediaCodecInfo$CodecCapabilities)>",
						"<android.media.MediaCodecInfo$VideoCapabilities: void init(android.media.MediaFormat,android.media.MediaCodecInfo$CodecCapabilities)>",
						"<android.media.MediaCodecInfo$VideoCapabilities: void initWithPlatformLimits()>",
						"key field: <android.media.MediaCodecInfo$VideoCapabilities: android.util.Range mHeightRange>",
						"<android.media.MediaCodecInfo$VideoCapabilities: android.util.Range getSupportedWidthsFor(int)>"
					],
					"depth":5,
					"method":"<android.media.MediaCodecInfo$CodecCapabilities: android.media.MediaCodecInfo$CodecCapabilities dup()>",
					"source":"FIELDCALLER"
				},
				{
					"trace":[
						"<android.media.MediaCodecInfo$CodecCapabilities: android.media.MediaCodecInfo$CodecCapabilities createFromProfileLevel(java.lang.String,int,int)>",
						"<android.media.MediaCodecInfo$CodecCapabilities: void <init>(android.media.MediaCodecInfo$CodecProfileLevel[],int[],boolean,int,android.media.MediaFormat,android.media.MediaFormat)>",
						"<android.media.MediaCodecInfo$VideoCapabilities: android.media.MediaCodecInfo$VideoCapabilities create(android.media.MediaFormat,android.media.MediaCodecInfo$CodecCapabilities)>",
						"<android.media.MediaCodecInfo$VideoCapabilities: void init(android.media.MediaFormat,android.media.MediaCodecInfo$CodecCapabilities)>",
						"<android.media.MediaCodecInfo$VideoCapabilities: void initWithPlatformLimits()>",
						"key field: <android.media.MediaCodecInfo$VideoCapabilities: android.util.Range mHeightRange>",
						"<android.media.MediaCodecInfo$VideoCapabilities: android.util.Range getSupportedWidthsFor(int)>"
					],
					"depth":5,
					"method":"<android.media.MediaCodecInfo$CodecCapabilities: android.media.MediaCodecInfo$CodecCapabilities createFromProfileLevel(java.lang.String,int,int)>",
					"source":"FIELDCALLER"
				},
				{
					"trace":[
						"<android.media.MediaCodecInfo: android.media.MediaCodecInfo$CodecCapabilities getCapabilitiesForType(java.lang.String)>",
						"<android.media.MediaCodecInfo$CodecCapabilities: android.media.MediaCodecInfo$CodecCapabilities dup()>",
						"<android.media.MediaCodecInfo$CodecCapabilities: void <init>(android.media.MediaCodecInfo$CodecProfileLevel[],int[],boolean,int,android.media.MediaFormat,android.media.MediaFormat)>",
						"<android.media.MediaCodecInfo$VideoCapabilities: android.media.MediaCodecInfo$VideoCapabilities create(android.media.MediaFormat,android.media.MediaCodecInfo$CodecCapabilities)>",
						"<android.media.MediaCodecInfo$VideoCapabilities: void init(android.media.MediaFormat,android.media.MediaCodecInfo$CodecCapabilities)>",
						"<android.media.MediaCodecInfo$VideoCapabilities: void initWithPlatformLimits()>",
						"key field: <android.media.MediaCodecInfo$VideoCapabilities: android.util.Range mHeightRange>",
						"<android.media.MediaCodecInfo$VideoCapabilities: android.util.Range getSupportedWidthsFor(int)>"
					],
					"depth":6,
					"method":"<android.media.MediaCodecInfo: android.media.MediaCodecInfo$CodecCapabilities getCapabilitiesForType(java.lang.String)>",
					"source":"FIELDCALLER"
				}
			],
			"callerOfSingnlar2SourceVar":{
				"<android.media.MediaCodecInfo$VideoCapabilities: android.util.Range getSupportedWidthsFor(int)>":"0"
			}
		},
		{
			"method":"<android.media.MediaCodecInfo$VideoCapabilities: android.util.Range getSupportedWidthsFor(int)>",
			"message":"\\Qunsupported height\\E",
			"relatedVarType":"ParaAndField",
			"relatedCondType":"Basic",
			"modifier":"public",
			"type":"java.lang.IllegalArgumentException",
			"osVersionRelated":false,
			"resourceRelated":false,
			"assessRelated":false,
			"hardwareRelated":true,
			"manifestRelated":false,
			"conditions":"$z0 == 0, $i2 == 0",
			"paramValues":"@parameter0: int",
			"fieldValues":"<android.media.MediaCodecInfo$VideoCapabilities: android.util.Range mHeightRange>, <android.media.MediaCodecInfo$VideoCapabilities: int mHeightAlignment>",
			"caughtValues":"@caughtexception",
			"relatedValues":"@parameter0: int; <android.media.MediaCodecInfo$VideoCapabilities: android.util.Range mHeightRange>, <android.media.MediaCodecInfo$VideoCapabilities: int mHeightAlignment>; @caughtexception",
			"keyAPISameClassNum":8,
			"keyAPIDiffClassNum":6,
			"keyAPISameClass":[
				{
					"trace":[
						"<android.media.MediaCodecInfo$VideoCapabilities: android.util.Range getSupportedWidthsFor(int)>"
					],
					"depth":1,
					"method":"<android.media.MediaCodecInfo$VideoCapabilities: android.util.Range getSupportedWidthsFor(int)>",
					"source":"FIELD"
				},
				{
					"trace":[
						"<android.media.MediaCodecInfo$VideoCapabilities: android.util.Range getSupportedWidthsFor(int)>"
					],
					"depth":1,
					"method":"<android.media.MediaCodecInfo$VideoCapabilities: android.util.Range getSupportedHeightsFor(int)>",
					"source":"FIELD"
				},
				{
					"trace":[
						"<android.media.MediaCodecInfo$VideoCapabilities: android.util.Range getSupportedFrameRatesFor(int,int)>",
						"<android.media.MediaCodecInfo$VideoCapabilities: boolean supports(java.lang.Integer,java.lang.Integer,java.lang.Double)>",
						"key field: <android.media.MediaCodecInfo$VideoCapabilities: android.util.Range mHeightRange>",
						"<android.media.MediaCodecInfo$VideoCapabilities: android.util.Range getSupportedWidthsFor(int)>"
					],
					"depth":2,
					"method":"<android.media.MediaCodecInfo$VideoCapabilities: android.util.Range getSupportedFrameRatesFor(int,int)>",
					"source":"FIELDCALLER"
				},
				{
					"trace":[
						"<android.media.MediaCodecInfo$VideoCapabilities: boolean supportsFormat(android.media.MediaFormat)>",
						"<android.media.MediaCodecInfo$VideoCapabilities: boolean supports(java.lang.Integer,java.lang.Integer,java.lang.Double)>",
						"key field: <android.media.MediaCodecInfo$VideoCapabilities: android.util.Range mHeightRange>",
						"<android.media.MediaCodecInfo$VideoCapabilities: android.util.Range getSupportedWidthsFor(int)>"
					],
					"depth":2,
					"method":"<android.media.MediaCodecInfo$VideoCapabilities: boolean supportsFormat(android.media.MediaFormat)>",
					"source":"FIELDCALLER"
				},
				{
					"trace":[
						"<android.media.MediaCodecInfo$VideoCapabilities: boolean isSizeSupported(int,int)>",
						"<android.media.MediaCodecInfo$VideoCapabilities: boolean supports(java.lang.Integer,java.lang.Integer,java.lang.Double)>",
						"key field: <android.media.MediaCodecInfo$VideoCapabilities: android.util.Range mHeightRange>",
						"<android.media.MediaCodecInfo$VideoCapabilities: android.util.Range getSupportedWidthsFor(int)>"
					],
					"depth":2,
					"method":"<android.media.MediaCodecInfo$VideoCapabilities: boolean isSizeSupported(int,int)>",
					"source":"FIELDCALLER"
				},
				{
					"trace":[
						"<android.media.MediaCodecInfo$VideoCapabilities: boolean areSizeAndRateSupported(int,int,double)>",
						"<android.media.MediaCodecInfo$VideoCapabilities: boolean supports(java.lang.Integer,java.lang.Integer,java.lang.Double)>",
						"key field: <android.media.MediaCodecInfo$VideoCapabilities: android.util.Range mHeightRange>",
						"<android.media.MediaCodecInfo$VideoCapabilities: android.util.Range getSupportedWidthsFor(int)>"
					],
					"depth":2,
					"method":"<android.media.MediaCodecInfo$VideoCapabilities: boolean areSizeAndRateSupported(int,int,double)>",
					"source":"FIELDCALLER"
				},
				{
					"trace":[
						"<android.media.MediaCodecInfo$VideoCapabilities: void init(android.media.MediaFormat,android.media.MediaCodecInfo$CodecCapabilities)>",
						"<android.media.MediaCodecInfo$VideoCapabilities: void initWithPlatformLimits()>",
						"key field: <android.media.MediaCodecInfo$VideoCapabilities: android.util.Range mHeightRange>",
						"<android.media.MediaCodecInfo$VideoCapabilities: android.util.Range getSupportedWidthsFor(int)>"
					],
					"depth":2,
					"method":"<android.media.MediaCodecInfo$VideoCapabilities: void init(android.media.MediaFormat,android.media.MediaCodecInfo$CodecCapabilities)>",
					"source":"FIELDCALLER"
				},
				{
					"trace":[
						"<android.media.MediaCodecInfo$VideoCapabilities: android.media.MediaCodecInfo$VideoCapabilities create(android.media.MediaFormat,android.media.MediaCodecInfo$CodecCapabilities)>",
						"<android.media.MediaCodecInfo$VideoCapabilities: void init(android.media.MediaFormat,android.media.MediaCodecInfo$CodecCapabilities)>",
						"<android.media.MediaCodecInfo$VideoCapabilities: void initWithPlatformLimits()>",
						"key field: <android.media.MediaCodecInfo$VideoCapabilities: android.util.Range mHeightRange>",
						"<android.media.MediaCodecInfo$VideoCapabilities: android.util.Range getSupportedWidthsFor(int)>"
					],
					"depth":3,
					"method":"<android.media.MediaCodecInfo$VideoCapabilities: android.media.MediaCodecInfo$VideoCapabilities create(android.media.MediaFormat,android.media.MediaCodecInfo$CodecCapabilities)>",
					"source":"FIELDCALLER"
				}
			],
			"keyAPIDiffClass":[
				{
					"trace":[
						"<android.media.MediaCodecInfo$CodecCapabilities: boolean isFormatSupported(android.media.MediaFormat)>",
						"<android.media.MediaCodecInfo$VideoCapabilities: boolean supportsFormat(android.media.MediaFormat)>",
						"<android.media.MediaCodecInfo$VideoCapabilities: boolean supports(java.lang.Integer,java.lang.Integer,java.lang.Double)>",
						"key field: <android.media.MediaCodecInfo$VideoCapabilities: android.util.Range mHeightRange>",
						"<android.media.MediaCodecInfo$VideoCapabilities: android.util.Range getSupportedWidthsFor(int)>"
					],
					"depth":3,
					"method":"<android.media.MediaCodecInfo$CodecCapabilities: boolean isFormatSupported(android.media.MediaFormat)>",
					"source":"FIELDCALLER"
				},
				{
					"trace":[
						"<android.media.MediaCodecList: java.lang.String findDecoderForFormat(android.media.MediaFormat)>",
						"<android.media.MediaCodecList: java.lang.String findCodecForFormat(boolean,android.media.MediaFormat)>",
						"<android.media.MediaCodecInfo$CodecCapabilities: boolean isFormatSupported(android.media.MediaFormat)>",
						"<android.media.MediaCodecInfo$VideoCapabilities: boolean supportsFormat(android.media.MediaFormat)>",
						"<android.media.MediaCodecInfo$VideoCapabilities: boolean supports(java.lang.Integer,java.lang.Integer,java.lang.Double)>",
						"key field: <android.media.MediaCodecInfo$VideoCapabilities: android.util.Range mHeightRange>",
						"<android.media.MediaCodecInfo$VideoCapabilities: android.util.Range getSupportedWidthsFor(int)>"
					],
					"depth":5,
					"method":"<android.media.MediaCodecList: java.lang.String findDecoderForFormat(android.media.MediaFormat)>",
					"source":"FIELDCALLER"
				},
				{
					"trace":[
						"<android.media.MediaCodecList: java.lang.String findEncoderForFormat(android.media.MediaFormat)>",
						"<android.media.MediaCodecList: java.lang.String findCodecForFormat(boolean,android.media.MediaFormat)>",
						"<android.media.MediaCodecInfo$CodecCapabilities: boolean isFormatSupported(android.media.MediaFormat)>",
						"<android.media.MediaCodecInfo$VideoCapabilities: boolean supportsFormat(android.media.MediaFormat)>",
						"<android.media.MediaCodecInfo$VideoCapabilities: boolean supports(java.lang.Integer,java.lang.Integer,java.lang.Double)>",
						"key field: <android.media.MediaCodecInfo$VideoCapabilities: android.util.Range mHeightRange>",
						"<android.media.MediaCodecInfo$VideoCapabilities: android.util.Range getSupportedWidthsFor(int)>"
					],
					"depth":5,
					"method":"<android.media.MediaCodecList: java.lang.String findEncoderForFormat(android.media.MediaFormat)>",
					"source":"FIELDCALLER"
				},
				{
					"trace":[
						"<android.media.MediaCodecInfo$CodecCapabilities: android.media.MediaCodecInfo$CodecCapabilities dup()>",
						"<android.media.MediaCodecInfo$CodecCapabilities: void <init>(android.media.MediaCodecInfo$CodecProfileLevel[],int[],boolean,int,android.media.MediaFormat,android.media.MediaFormat)>",
						"<android.media.MediaCodecInfo$VideoCapabilities: android.media.MediaCodecInfo$VideoCapabilities create(android.media.MediaFormat,android.media.MediaCodecInfo$CodecCapabilities)>",
						"<android.media.MediaCodecInfo$VideoCapabilities: void init(android.media.MediaFormat,android.media.MediaCodecInfo$CodecCapabilities)>",
						"<android.media.MediaCodecInfo$VideoCapabilities: void initWithPlatformLimits()>",
						"key field: <android.media.MediaCodecInfo$VideoCapabilities: android.util.Range mHeightRange>",
						"<android.media.MediaCodecInfo$VideoCapabilities: android.util.Range getSupportedWidthsFor(int)>"
					],
					"depth":5,
					"method":"<android.media.MediaCodecInfo$CodecCapabilities: android.media.MediaCodecInfo$CodecCapabilities dup()>",
					"source":"FIELDCALLER"
				},
				{
					"trace":[
						"<android.media.MediaCodecInfo$CodecCapabilities: android.media.MediaCodecInfo$CodecCapabilities createFromProfileLevel(java.lang.String,int,int)>",
						"<android.media.MediaCodecInfo$CodecCapabilities: void <init>(android.media.MediaCodecInfo$CodecProfileLevel[],int[],boolean,int,android.media.MediaFormat,android.media.MediaFormat)>",
						"<android.media.MediaCodecInfo$VideoCapabilities: android.media.MediaCodecInfo$VideoCapabilities create(android.media.MediaFormat,android.media.MediaCodecInfo$CodecCapabilities)>",
						"<android.media.MediaCodecInfo$VideoCapabilities: void init(android.media.MediaFormat,android.media.MediaCodecInfo$CodecCapabilities)>",
						"<android.media.MediaCodecInfo$VideoCapabilities: void initWithPlatformLimits()>",
						"key field: <android.media.MediaCodecInfo$VideoCapabilities: android.util.Range mHeightRange>",
						"<android.media.MediaCodecInfo$VideoCapabilities: android.util.Range getSupportedWidthsFor(int)>"
					],
					"depth":5,
					"method":"<android.media.MediaCodecInfo$CodecCapabilities: android.media.MediaCodecInfo$CodecCapabilities createFromProfileLevel(java.lang.String,int,int)>",
					"source":"FIELDCALLER"
				},
				{
					"trace":[
						"<android.media.MediaCodecInfo: android.media.MediaCodecInfo$CodecCapabilities getCapabilitiesForType(java.lang.String)>",
						"<android.media.MediaCodecInfo$CodecCapabilities: android.media.MediaCodecInfo$CodecCapabilities dup()>",
						"<android.media.MediaCodecInfo$CodecCapabilities: void <init>(android.media.MediaCodecInfo$CodecProfileLevel[],int[],boolean,int,android.media.MediaFormat,android.media.MediaFormat)>",
						"<android.media.MediaCodecInfo$VideoCapabilities: android.media.MediaCodecInfo$VideoCapabilities create(android.media.MediaFormat,android.media.MediaCodecInfo$CodecCapabilities)>",
						"<android.media.MediaCodecInfo$VideoCapabilities: void init(android.media.MediaFormat,android.media.MediaCodecInfo$CodecCapabilities)>",
						"<android.media.MediaCodecInfo$VideoCapabilities: void initWithPlatformLimits()>",
						"key field: <android.media.MediaCodecInfo$VideoCapabilities: android.util.Range mHeightRange>",
						"<android.media.MediaCodecInfo$VideoCapabilities: android.util.Range getSupportedWidthsFor(int)>"
					],
					"depth":6,
					"method":"<android.media.MediaCodecInfo: android.media.MediaCodecInfo$CodecCapabilities getCapabilitiesForType(java.lang.String)>",
					"source":"FIELDCALLER"
				}
			],
			"callerOfSingnlar2SourceVar":{
				"<android.media.MediaCodecInfo$VideoCapabilities: android.util.Range getSupportedWidthsFor(int)>":"0"
			}
		},
		{
			"method":"<android.media.MediaCodecInfo$VideoCapabilities: android.util.Range getSupportedHeightsFor(int)>",
			"message":"\\Qunsupported width\\E",
			"relatedVarType":"ParaAndField",
			"relatedCondType":"Basic",
			"modifier":"public",
			"type":"java.lang.IllegalArgumentException",
			"osVersionRelated":false,
			"resourceRelated":false,
			"assessRelated":false,
			"hardwareRelated":true,
			"manifestRelated":false,
			"conditions":"$z0 == 0, $i2 == 0",
			"paramValues":"@parameter0: int",
			"fieldValues":"<android.media.MediaCodecInfo$VideoCapabilities: android.util.Range mWidthRange>, <android.media.MediaCodecInfo$VideoCapabilities: int mWidthAlignment>",
			"caughtValues":"@caughtexception",
			"relatedValues":"@parameter0: int; <android.media.MediaCodecInfo$VideoCapabilities: android.util.Range mWidthRange>, <android.media.MediaCodecInfo$VideoCapabilities: int mWidthAlignment>; @caughtexception",
			"keyAPISameClassNum":8,
			"keyAPIDiffClassNum":6,
			"keyAPISameClass":[
				{
					"trace":[
						"<android.media.MediaCodecInfo$VideoCapabilities: android.util.Range getSupportedHeightsFor(int)>"
					],
					"depth":1,
					"method":"<android.media.MediaCodecInfo$VideoCapabilities: android.util.Range getSupportedWidthsFor(int)>",
					"source":"FIELD"
				},
				{
					"trace":[
						"<android.media.MediaCodecInfo$VideoCapabilities: android.util.Range getSupportedHeightsFor(int)>"
					],
					"depth":1,
					"method":"<android.media.MediaCodecInfo$VideoCapabilities: android.util.Range getSupportedHeightsFor(int)>",
					"source":"FIELD"
				},
				{
					"trace":[
						"<android.media.MediaCodecInfo$VideoCapabilities: android.util.Range getSupportedFrameRatesFor(int,int)>",
						"<android.media.MediaCodecInfo$VideoCapabilities: boolean supports(java.lang.Integer,java.lang.Integer,java.lang.Double)>",
						"key field: <android.media.MediaCodecInfo$VideoCapabilities: android.util.Range mWidthRange>",
						"<android.media.MediaCodecInfo$VideoCapabilities: android.util.Range getSupportedHeightsFor(int)>"
					],
					"depth":2,
					"method":"<android.media.MediaCodecInfo$VideoCapabilities: android.util.Range getSupportedFrameRatesFor(int,int)>",
					"source":"FIELDCALLER"
				},
				{
					"trace":[
						"<android.media.MediaCodecInfo$VideoCapabilities: boolean supportsFormat(android.media.MediaFormat)>",
						"<android.media.MediaCodecInfo$VideoCapabilities: boolean supports(java.lang.Integer,java.lang.Integer,java.lang.Double)>",
						"key field: <android.media.MediaCodecInfo$VideoCapabilities: android.util.Range mWidthRange>",
						"<android.media.MediaCodecInfo$VideoCapabilities: android.util.Range getSupportedHeightsFor(int)>"
					],
					"depth":2,
					"method":"<android.media.MediaCodecInfo$VideoCapabilities: boolean supportsFormat(android.media.MediaFormat)>",
					"source":"FIELDCALLER"
				},
				{
					"trace":[
						"<android.media.MediaCodecInfo$VideoCapabilities: boolean isSizeSupported(int,int)>",
						"<android.media.MediaCodecInfo$VideoCapabilities: boolean supports(java.lang.Integer,java.lang.Integer,java.lang.Double)>",
						"key field: <android.media.MediaCodecInfo$VideoCapabilities: android.util.Range mWidthRange>",
						"<android.media.MediaCodecInfo$VideoCapabilities: android.util.Range getSupportedHeightsFor(int)>"
					],
					"depth":2,
					"method":"<android.media.MediaCodecInfo$VideoCapabilities: boolean isSizeSupported(int,int)>",
					"source":"FIELDCALLER"
				},
				{
					"trace":[
						"<android.media.MediaCodecInfo$VideoCapabilities: boolean areSizeAndRateSupported(int,int,double)>",
						"<android.media.MediaCodecInfo$VideoCapabilities: boolean supports(java.lang.Integer,java.lang.Integer,java.lang.Double)>",
						"key field: <android.media.MediaCodecInfo$VideoCapabilities: android.util.Range mWidthRange>",
						"<android.media.MediaCodecInfo$VideoCapabilities: android.util.Range getSupportedHeightsFor(int)>"
					],
					"depth":2,
					"method":"<android.media.MediaCodecInfo$VideoCapabilities: boolean areSizeAndRateSupported(int,int,double)>",
					"source":"FIELDCALLER"
				},
				{
					"trace":[
						"<android.media.MediaCodecInfo$VideoCapabilities: void init(android.media.MediaFormat,android.media.MediaCodecInfo$CodecCapabilities)>",
						"<android.media.MediaCodecInfo$VideoCapabilities: void initWithPlatformLimits()>",
						"key field: <android.media.MediaCodecInfo$VideoCapabilities: android.util.Range mWidthRange>",
						"<android.media.MediaCodecInfo$VideoCapabilities: android.util.Range getSupportedHeightsFor(int)>"
					],
					"depth":2,
					"method":"<android.media.MediaCodecInfo$VideoCapabilities: void init(android.media.MediaFormat,android.media.MediaCodecInfo$CodecCapabilities)>",
					"source":"FIELDCALLER"
				},
				{
					"trace":[
						"<android.media.MediaCodecInfo$VideoCapabilities: android.media.MediaCodecInfo$VideoCapabilities create(android.media.MediaFormat,android.media.MediaCodecInfo$CodecCapabilities)>",
						"<android.media.MediaCodecInfo$VideoCapabilities: void init(android.media.MediaFormat,android.media.MediaCodecInfo$CodecCapabilities)>",
						"<android.media.MediaCodecInfo$VideoCapabilities: void initWithPlatformLimits()>",
						"key field: <android.media.MediaCodecInfo$VideoCapabilities: android.util.Range mWidthRange>",
						"<android.media.MediaCodecInfo$VideoCapabilities: android.util.Range getSupportedHeightsFor(int)>"
					],
					"depth":3,
					"method":"<android.media.MediaCodecInfo$VideoCapabilities: android.media.MediaCodecInfo$VideoCapabilities create(android.media.MediaFormat,android.media.MediaCodecInfo$CodecCapabilities)>",
					"source":"FIELDCALLER"
				}
			],
			"keyAPIDiffClass":[
				{
					"trace":[
						"<android.media.MediaCodecInfo$CodecCapabilities: boolean isFormatSupported(android.media.MediaFormat)>",
						"<android.media.MediaCodecInfo$VideoCapabilities: boolean supportsFormat(android.media.MediaFormat)>",
						"<android.media.MediaCodecInfo$VideoCapabilities: boolean supports(java.lang.Integer,java.lang.Integer,java.lang.Double)>",
						"key field: <android.media.MediaCodecInfo$VideoCapabilities: android.util.Range mWidthRange>",
						"<android.media.MediaCodecInfo$VideoCapabilities: android.util.Range getSupportedHeightsFor(int)>"
					],
					"depth":3,
					"method":"<android.media.MediaCodecInfo$CodecCapabilities: boolean isFormatSupported(android.media.MediaFormat)>",
					"source":"FIELDCALLER"
				},
				{
					"trace":[
						"<android.media.MediaCodecList: java.lang.String findDecoderForFormat(android.media.MediaFormat)>",
						"<android.media.MediaCodecList: java.lang.String findCodecForFormat(boolean,android.media.MediaFormat)>",
						"<android.media.MediaCodecInfo$CodecCapabilities: boolean isFormatSupported(android.media.MediaFormat)>",
						"<android.media.MediaCodecInfo$VideoCapabilities: boolean supportsFormat(android.media.MediaFormat)>",
						"<android.media.MediaCodecInfo$VideoCapabilities: boolean supports(java.lang.Integer,java.lang.Integer,java.lang.Double)>",
						"key field: <android.media.MediaCodecInfo$VideoCapabilities: android.util.Range mWidthRange>",
						"<android.media.MediaCodecInfo$VideoCapabilities: android.util.Range getSupportedHeightsFor(int)>"
					],
					"depth":5,
					"method":"<android.media.MediaCodecList: java.lang.String findDecoderForFormat(android.media.MediaFormat)>",
					"source":"FIELDCALLER"
				},
				{
					"trace":[
						"<android.media.MediaCodecList: java.lang.String findEncoderForFormat(android.media.MediaFormat)>",
						"<android.media.MediaCodecList: java.lang.String findCodecForFormat(boolean,android.media.MediaFormat)>",
						"<android.media.MediaCodecInfo$CodecCapabilities: boolean isFormatSupported(android.media.MediaFormat)>",
						"<android.media.MediaCodecInfo$VideoCapabilities: boolean supportsFormat(android.media.MediaFormat)>",
						"<android.media.MediaCodecInfo$VideoCapabilities: boolean supports(java.lang.Integer,java.lang.Integer,java.lang.Double)>",
						"key field: <android.media.MediaCodecInfo$VideoCapabilities: android.util.Range mWidthRange>",
						"<android.media.MediaCodecInfo$VideoCapabilities: android.util.Range getSupportedHeightsFor(int)>"
					],
					"depth":5,
					"method":"<android.media.MediaCodecList: java.lang.String findEncoderForFormat(android.media.MediaFormat)>",
					"source":"FIELDCALLER"
				},
				{
					"trace":[
						"<android.media.MediaCodecInfo$CodecCapabilities: android.media.MediaCodecInfo$CodecCapabilities dup()>",
						"<android.media.MediaCodecInfo$CodecCapabilities: void <init>(android.media.MediaCodecInfo$CodecProfileLevel[],int[],boolean,int,android.media.MediaFormat,android.media.MediaFormat)>",
						"<android.media.MediaCodecInfo$VideoCapabilities: android.media.MediaCodecInfo$VideoCapabilities create(android.media.MediaFormat,android.media.MediaCodecInfo$CodecCapabilities)>",
						"<android.media.MediaCodecInfo$VideoCapabilities: void init(android.media.MediaFormat,android.media.MediaCodecInfo$CodecCapabilities)>",
						"<android.media.MediaCodecInfo$VideoCapabilities: void initWithPlatformLimits()>",
						"key field: <android.media.MediaCodecInfo$VideoCapabilities: android.util.Range mWidthRange>",
						"<android.media.MediaCodecInfo$VideoCapabilities: android.util.Range getSupportedHeightsFor(int)>"
					],
					"depth":5,
					"method":"<android.media.MediaCodecInfo$CodecCapabilities: android.media.MediaCodecInfo$CodecCapabilities dup()>",
					"source":"FIELDCALLER"
				},
				{
					"trace":[
						"<android.media.MediaCodecInfo$CodecCapabilities: android.media.MediaCodecInfo$CodecCapabilities createFromProfileLevel(java.lang.String,int,int)>",
						"<android.media.MediaCodecInfo$CodecCapabilities: void <init>(android.media.MediaCodecInfo$CodecProfileLevel[],int[],boolean,int,android.media.MediaFormat,android.media.MediaFormat)>",
						"<android.media.MediaCodecInfo$VideoCapabilities: android.media.MediaCodecInfo$VideoCapabilities create(android.media.MediaFormat,android.media.MediaCodecInfo$CodecCapabilities)>",
						"<android.media.MediaCodecInfo$VideoCapabilities: void init(android.media.MediaFormat,android.media.MediaCodecInfo$CodecCapabilities)>",
						"<android.media.MediaCodecInfo$VideoCapabilities: void initWithPlatformLimits()>",
						"key field: <android.media.MediaCodecInfo$VideoCapabilities: android.util.Range mWidthRange>",
						"<android.media.MediaCodecInfo$VideoCapabilities: android.util.Range getSupportedHeightsFor(int)>"
					],
					"depth":5,
					"method":"<android.media.MediaCodecInfo$CodecCapabilities: android.media.MediaCodecInfo$CodecCapabilities createFromProfileLevel(java.lang.String,int,int)>",
					"source":"FIELDCALLER"
				},
				{
					"trace":[
						"<android.media.MediaCodecInfo: android.media.MediaCodecInfo$CodecCapabilities getCapabilitiesForType(java.lang.String)>",
						"<android.media.MediaCodecInfo$CodecCapabilities: android.media.MediaCodecInfo$CodecCapabilities dup()>",
						"<android.media.MediaCodecInfo$CodecCapabilities: void <init>(android.media.MediaCodecInfo$CodecProfileLevel[],int[],boolean,int,android.media.MediaFormat,android.media.MediaFormat)>",
						"<android.media.MediaCodecInfo$VideoCapabilities: android.media.MediaCodecInfo$VideoCapabilities create(android.media.MediaFormat,android.media.MediaCodecInfo$CodecCapabilities)>",
						"<android.media.MediaCodecInfo$VideoCapabilities: void init(android.media.MediaFormat,android.media.MediaCodecInfo$CodecCapabilities)>",
						"<android.media.MediaCodecInfo$VideoCapabilities: void initWithPlatformLimits()>",
						"key field: <android.media.MediaCodecInfo$VideoCapabilities: android.util.Range mWidthRange>",
						"<android.media.MediaCodecInfo$VideoCapabilities: android.util.Range getSupportedHeightsFor(int)>"
					],
					"depth":6,
					"method":"<android.media.MediaCodecInfo: android.media.MediaCodecInfo$CodecCapabilities getCapabilitiesForType(java.lang.String)>",
					"source":"FIELDCALLER"
				}
			],
			"callerOfSingnlar2SourceVar":{
				"<android.media.MediaCodecInfo$VideoCapabilities: android.util.Range getSupportedHeightsFor(int)>":"0"
			}
		},
		{
			"method":"<android.media.MediaCodecInfo$VideoCapabilities: android.util.Range getSupportedHeightsFor(int)>",
			"message":"\\Qunsupported width\\E",
			"relatedVarType":"ParaAndField",
			"relatedCondType":"Basic",
			"modifier":"public",
			"type":"java.lang.IllegalArgumentException",
			"osVersionRelated":false,
			"resourceRelated":false,
			"assessRelated":false,
			"hardwareRelated":true,
			"manifestRelated":false,
			"conditions":"$z0 == 0, $i2 == 0",
			"paramValues":"@parameter0: int",
			"fieldValues":"<android.media.MediaCodecInfo$VideoCapabilities: android.util.Range mWidthRange>, <android.media.MediaCodecInfo$VideoCapabilities: int mWidthAlignment>",
			"relatedValues":"@parameter0: int; <android.media.MediaCodecInfo$VideoCapabilities: android.util.Range mWidthRange>, <android.media.MediaCodecInfo$VideoCapabilities: int mWidthAlignment>; ",
			"keyAPISameClassNum":8,
			"keyAPIDiffClassNum":6,
			"keyAPISameClass":[
				{
					"trace":[
						"<android.media.MediaCodecInfo$VideoCapabilities: android.util.Range getSupportedHeightsFor(int)>"
					],
					"depth":1,
					"method":"<android.media.MediaCodecInfo$VideoCapabilities: android.util.Range getSupportedWidthsFor(int)>",
					"source":"FIELD"
				},
				{
					"trace":[
						"<android.media.MediaCodecInfo$VideoCapabilities: android.util.Range getSupportedHeightsFor(int)>"
					],
					"depth":1,
					"method":"<android.media.MediaCodecInfo$VideoCapabilities: android.util.Range getSupportedHeightsFor(int)>",
					"source":"FIELD"
				},
				{
					"trace":[
						"<android.media.MediaCodecInfo$VideoCapabilities: android.util.Range getSupportedFrameRatesFor(int,int)>",
						"<android.media.MediaCodecInfo$VideoCapabilities: boolean supports(java.lang.Integer,java.lang.Integer,java.lang.Double)>",
						"key field: <android.media.MediaCodecInfo$VideoCapabilities: android.util.Range mWidthRange>",
						"<android.media.MediaCodecInfo$VideoCapabilities: android.util.Range getSupportedHeightsFor(int)>"
					],
					"depth":2,
					"method":"<android.media.MediaCodecInfo$VideoCapabilities: android.util.Range getSupportedFrameRatesFor(int,int)>",
					"source":"FIELDCALLER"
				},
				{
					"trace":[
						"<android.media.MediaCodecInfo$VideoCapabilities: boolean supportsFormat(android.media.MediaFormat)>",
						"<android.media.MediaCodecInfo$VideoCapabilities: boolean supports(java.lang.Integer,java.lang.Integer,java.lang.Double)>",
						"key field: <android.media.MediaCodecInfo$VideoCapabilities: android.util.Range mWidthRange>",
						"<android.media.MediaCodecInfo$VideoCapabilities: android.util.Range getSupportedHeightsFor(int)>"
					],
					"depth":2,
					"method":"<android.media.MediaCodecInfo$VideoCapabilities: boolean supportsFormat(android.media.MediaFormat)>",
					"source":"FIELDCALLER"
				},
				{
					"trace":[
						"<android.media.MediaCodecInfo$VideoCapabilities: boolean isSizeSupported(int,int)>",
						"<android.media.MediaCodecInfo$VideoCapabilities: boolean supports(java.lang.Integer,java.lang.Integer,java.lang.Double)>",
						"key field: <android.media.MediaCodecInfo$VideoCapabilities: android.util.Range mWidthRange>",
						"<android.media.MediaCodecInfo$VideoCapabilities: android.util.Range getSupportedHeightsFor(int)>"
					],
					"depth":2,
					"method":"<android.media.MediaCodecInfo$VideoCapabilities: boolean isSizeSupported(int,int)>",
					"source":"FIELDCALLER"
				},
				{
					"trace":[
						"<android.media.MediaCodecInfo$VideoCapabilities: boolean areSizeAndRateSupported(int,int,double)>",
						"<android.media.MediaCodecInfo$VideoCapabilities: boolean supports(java.lang.Integer,java.lang.Integer,java.lang.Double)>",
						"key field: <android.media.MediaCodecInfo$VideoCapabilities: android.util.Range mWidthRange>",
						"<android.media.MediaCodecInfo$VideoCapabilities: android.util.Range getSupportedHeightsFor(int)>"
					],
					"depth":2,
					"method":"<android.media.MediaCodecInfo$VideoCapabilities: boolean areSizeAndRateSupported(int,int,double)>",
					"source":"FIELDCALLER"
				},
				{
					"trace":[
						"<android.media.MediaCodecInfo$VideoCapabilities: void init(android.media.MediaFormat,android.media.MediaCodecInfo$CodecCapabilities)>",
						"<android.media.MediaCodecInfo$VideoCapabilities: void initWithPlatformLimits()>",
						"key field: <android.media.MediaCodecInfo$VideoCapabilities: android.util.Range mWidthRange>",
						"<android.media.MediaCodecInfo$VideoCapabilities: android.util.Range getSupportedHeightsFor(int)>"
					],
					"depth":2,
					"method":"<android.media.MediaCodecInfo$VideoCapabilities: void init(android.media.MediaFormat,android.media.MediaCodecInfo$CodecCapabilities)>",
					"source":"FIELDCALLER"
				},
				{
					"trace":[
						"<android.media.MediaCodecInfo$VideoCapabilities: android.media.MediaCodecInfo$VideoCapabilities create(android.media.MediaFormat,android.media.MediaCodecInfo$CodecCapabilities)>",
						"<android.media.MediaCodecInfo$VideoCapabilities: void init(android.media.MediaFormat,android.media.MediaCodecInfo$CodecCapabilities)>",
						"<android.media.MediaCodecInfo$VideoCapabilities: void initWithPlatformLimits()>",
						"key field: <android.media.MediaCodecInfo$VideoCapabilities: android.util.Range mWidthRange>",
						"<android.media.MediaCodecInfo$VideoCapabilities: android.util.Range getSupportedHeightsFor(int)>"
					],
					"depth":3,
					"method":"<android.media.MediaCodecInfo$VideoCapabilities: android.media.MediaCodecInfo$VideoCapabilities create(android.media.MediaFormat,android.media.MediaCodecInfo$CodecCapabilities)>",
					"source":"FIELDCALLER"
				}
			],
			"keyAPIDiffClass":[
				{
					"trace":[
						"<android.media.MediaCodecInfo$CodecCapabilities: boolean isFormatSupported(android.media.MediaFormat)>",
						"<android.media.MediaCodecInfo$VideoCapabilities: boolean supportsFormat(android.media.MediaFormat)>",
						"<android.media.MediaCodecInfo$VideoCapabilities: boolean supports(java.lang.Integer,java.lang.Integer,java.lang.Double)>",
						"key field: <android.media.MediaCodecInfo$VideoCapabilities: android.util.Range mWidthRange>",
						"<android.media.MediaCodecInfo$VideoCapabilities: android.util.Range getSupportedHeightsFor(int)>"
					],
					"depth":3,
					"method":"<android.media.MediaCodecInfo$CodecCapabilities: boolean isFormatSupported(android.media.MediaFormat)>",
					"source":"FIELDCALLER"
				},
				{
					"trace":[
						"<android.media.MediaCodecList: java.lang.String findDecoderForFormat(android.media.MediaFormat)>",
						"<android.media.MediaCodecList: java.lang.String findCodecForFormat(boolean,android.media.MediaFormat)>",
						"<android.media.MediaCodecInfo$CodecCapabilities: boolean isFormatSupported(android.media.MediaFormat)>",
						"<android.media.MediaCodecInfo$VideoCapabilities: boolean supportsFormat(android.media.MediaFormat)>",
						"<android.media.MediaCodecInfo$VideoCapabilities: boolean supports(java.lang.Integer,java.lang.Integer,java.lang.Double)>",
						"key field: <android.media.MediaCodecInfo$VideoCapabilities: android.util.Range mWidthRange>",
						"<android.media.MediaCodecInfo$VideoCapabilities: android.util.Range getSupportedHeightsFor(int)>"
					],
					"depth":5,
					"method":"<android.media.MediaCodecList: java.lang.String findDecoderForFormat(android.media.MediaFormat)>",
					"source":"FIELDCALLER"
				},
				{
					"trace":[
						"<android.media.MediaCodecList: java.lang.String findEncoderForFormat(android.media.MediaFormat)>",
						"<android.media.MediaCodecList: java.lang.String findCodecForFormat(boolean,android.media.MediaFormat)>",
						"<android.media.MediaCodecInfo$CodecCapabilities: boolean isFormatSupported(android.media.MediaFormat)>",
						"<android.media.MediaCodecInfo$VideoCapabilities: boolean supportsFormat(android.media.MediaFormat)>",
						"<android.media.MediaCodecInfo$VideoCapabilities: boolean supports(java.lang.Integer,java.lang.Integer,java.lang.Double)>",
						"key field: <android.media.MediaCodecInfo$VideoCapabilities: android.util.Range mWidthRange>",
						"<android.media.MediaCodecInfo$VideoCapabilities: android.util.Range getSupportedHeightsFor(int)>"
					],
					"depth":5,
					"method":"<android.media.MediaCodecList: java.lang.String findEncoderForFormat(android.media.MediaFormat)>",
					"source":"FIELDCALLER"
				},
				{
					"trace":[
						"<android.media.MediaCodecInfo$CodecCapabilities: android.media.MediaCodecInfo$CodecCapabilities dup()>",
						"<android.media.MediaCodecInfo$CodecCapabilities: void <init>(android.media.MediaCodecInfo$CodecProfileLevel[],int[],boolean,int,android.media.MediaFormat,android.media.MediaFormat)>",
						"<android.media.MediaCodecInfo$VideoCapabilities: android.media.MediaCodecInfo$VideoCapabilities create(android.media.MediaFormat,android.media.MediaCodecInfo$CodecCapabilities)>",
						"<android.media.MediaCodecInfo$VideoCapabilities: void init(android.media.MediaFormat,android.media.MediaCodecInfo$CodecCapabilities)>",
						"<android.media.MediaCodecInfo$VideoCapabilities: void initWithPlatformLimits()>",
						"key field: <android.media.MediaCodecInfo$VideoCapabilities: android.util.Range mWidthRange>",
						"<android.media.MediaCodecInfo$VideoCapabilities: android.util.Range getSupportedHeightsFor(int)>"
					],
					"depth":5,
					"method":"<android.media.MediaCodecInfo$CodecCapabilities: android.media.MediaCodecInfo$CodecCapabilities dup()>",
					"source":"FIELDCALLER"
				},
				{
					"trace":[
						"<android.media.MediaCodecInfo$CodecCapabilities: android.media.MediaCodecInfo$CodecCapabilities createFromProfileLevel(java.lang.String,int,int)>",
						"<android.media.MediaCodecInfo$CodecCapabilities: void <init>(android.media.MediaCodecInfo$CodecProfileLevel[],int[],boolean,int,android.media.MediaFormat,android.media.MediaFormat)>",
						"<android.media.MediaCodecInfo$VideoCapabilities: android.media.MediaCodecInfo$VideoCapabilities create(android.media.MediaFormat,android.media.MediaCodecInfo$CodecCapabilities)>",
						"<android.media.MediaCodecInfo$VideoCapabilities: void init(android.media.MediaFormat,android.media.MediaCodecInfo$CodecCapabilities)>",
						"<android.media.MediaCodecInfo$VideoCapabilities: void initWithPlatformLimits()>",
						"key field: <android.media.MediaCodecInfo$VideoCapabilities: android.util.Range mWidthRange>",
						"<android.media.MediaCodecInfo$VideoCapabilities: android.util.Range getSupportedHeightsFor(int)>"
					],
					"depth":5,
					"method":"<android.media.MediaCodecInfo$CodecCapabilities: android.media.MediaCodecInfo$CodecCapabilities createFromProfileLevel(java.lang.String,int,int)>",
					"source":"FIELDCALLER"
				},
				{
					"trace":[
						"<android.media.MediaCodecInfo: android.media.MediaCodecInfo$CodecCapabilities getCapabilitiesForType(java.lang.String)>",
						"<android.media.MediaCodecInfo$CodecCapabilities: android.media.MediaCodecInfo$CodecCapabilities dup()>",
						"<android.media.MediaCodecInfo$CodecCapabilities: void <init>(android.media.MediaCodecInfo$CodecProfileLevel[],int[],boolean,int,android.media.MediaFormat,android.media.MediaFormat)>",
						"<android.media.MediaCodecInfo$VideoCapabilities: android.media.MediaCodecInfo$VideoCapabilities create(android.media.MediaFormat,android.media.MediaCodecInfo$CodecCapabilities)>",
						"<android.media.MediaCodecInfo$VideoCapabilities: void init(android.media.MediaFormat,android.media.MediaCodecInfo$CodecCapabilities)>",
						"<android.media.MediaCodecInfo$VideoCapabilities: void initWithPlatformLimits()>",
						"key field: <android.media.MediaCodecInfo$VideoCapabilities: android.util.Range mWidthRange>",
						"<android.media.MediaCodecInfo$VideoCapabilities: android.util.Range getSupportedHeightsFor(int)>"
					],
					"depth":6,
					"method":"<android.media.MediaCodecInfo: android.media.MediaCodecInfo$CodecCapabilities getCapabilitiesForType(java.lang.String)>",
					"source":"FIELDCALLER"
				}
			],
			"callerOfSingnlar2SourceVar":{
				"<android.media.MediaCodecInfo$VideoCapabilities: android.util.Range getSupportedHeightsFor(int)>":"0"
			}
		},
		{
			"method":"<android.media.MediaCodecInfo$VideoCapabilities: android.util.Range getSupportedFrameRatesFor(int,int)>",
			"message":"\\Qunsupported size\\E",
			"relatedVarType":"Parameter",
			"relatedCondType":"Basic",
			"modifier":"public",
			"type":"java.lang.IllegalArgumentException",
			"osVersionRelated":false,
			"resourceRelated":false,
			"assessRelated":false,
			"hardwareRelated":true,
			"manifestRelated":false,
			"conditions":"$z0 != 0",
			"paramValues":"@parameter0: int, @parameter1: int",
			"relatedValues":"@parameter0: int, @parameter1: int; ; ",
			"keyAPISameClassNum":0,
			"keyAPIDiffClassNum":0,
			"keyAPISameClass":[
				{
					"trace":[
						"<android.media.MediaCodecInfo$VideoCapabilities: android.util.Range getSupportedFrameRatesFor(int,int)>"
					],
					"depth":0,
					"method":"<android.media.MediaCodecInfo$VideoCapabilities: android.util.Range getSupportedFrameRatesFor(int,int)>",
					"source":"CALLER"
				}
			],
			"keyAPIDiffClass":[],
			"callerOfSingnlar2SourceVar":{
				"<android.media.MediaCodecInfo$VideoCapabilities: android.util.Range getSupportedFrameRatesFor(int,int)>":"0, 1"
			}
		}
	]
}