{
	"exceptions":[
		{
			"method":"<android.media.audiofx.Equalizer$Settings: void <init>(java.lang.String)>",
			"message":"\\Qinvalid key name: \\E[\\s\\S]*",
			"relatedVarType":"ParaAndField",
			"relatedCondType":"Basic",
			"modifier":"public",
			"type":"java.lang.IllegalArgumentException",
			"osVersionRelated":false,
			"resourceRelated":false,
			"assessRelated":false,
			"hardwareRelated":false,
			"manifestRelated":false,
			"conditions":"$z3 != 0, $i4 == $i6, $z2 != 0",
			"paramValues":"@parameter0: java.lang.String",
			"fieldValues":"<android.media.audiofx.Equalizer$Settings: short numBands>",
			"relatedValues":"@parameter0: java.lang.String; <android.media.audiofx.Equalizer$Settings: short numBands>; ",
			"keyAPISameClassNum":2,
			"keyAPIDiffClassNum":1,
			"keyAPISameClass":[
				{
					"trace":[
						"<android.media.audiofx.Equalizer$Settings: void <init>(java.lang.String)>"
					],
					"depth":1,
					"method":"<android.media.audiofx.Equalizer$Settings: void <init>()>",
					"source":"FIELD"
				},
				{
					"trace":[
						"<android.media.audiofx.Equalizer$Settings: void <init>(java.lang.String)>",
						"<android.media.audiofx.Equalizer$Settings: void <init>()>",
						"key field: <android.media.audiofx.Equalizer$Settings: short numBands>",
						"<android.media.audiofx.Equalizer$Settings: void <init>(java.lang.String)>"
					],
					"depth":2,
					"method":"<android.media.audiofx.Equalizer$Settings: void <init>(java.lang.String)>",
					"source":"FIELDCALLER"
				}
			],
			"keyAPIDiffClass":[
				{
					"trace":[
						"<android.media.audiofx.Equalizer: android.media.audiofx.Equalizer$Settings getProperties()>",
						"<android.media.audiofx.Equalizer$Settings: void <init>()>",
						"key field: <android.media.audiofx.Equalizer$Settings: short numBands>",
						"<android.media.audiofx.Equalizer$Settings: void <init>(java.lang.String)>"
					],
					"depth":2,
					"method":"<android.media.audiofx.Equalizer: android.media.audiofx.Equalizer$Settings getProperties()>",
					"source":"FIELDCALLER"
				}
			],
			"callerOfSingnlar2SourceVar":{
				"<android.media.audiofx.Equalizer$Settings: void <init>(java.lang.String)>":"0"
			}
		},
		{
			"method":"<android.media.audiofx.Equalizer$Settings: void <init>(java.lang.String)>",
			"message":"\\Qinvalid key name: \\E[\\s\\S]*",
			"relatedVarType":"Parameter",
			"relatedCondType":"Basic",
			"modifier":"public",
			"type":"java.lang.IllegalArgumentException",
			"osVersionRelated":false,
			"resourceRelated":false,
			"assessRelated":false,
			"hardwareRelated":false,
			"manifestRelated":false,
			"conditions":"$z2 != 0, $z1 != 0, $z0 != 0",
			"paramValues":"@parameter0: java.lang.String",
			"relatedValues":"@parameter0: java.lang.String; ; ",
			"keyAPISameClassNum":0,
			"keyAPIDiffClassNum":0,
			"keyAPISameClass":[
				{
					"trace":[
						"<android.media.audiofx.Equalizer$Settings: void <init>(java.lang.String)>"
					],
					"depth":0,
					"method":"<android.media.audiofx.Equalizer$Settings: void <init>(java.lang.String)>",
					"source":"CALLER"
				}
			],
			"keyAPIDiffClass":[],
			"callerOfSingnlar2SourceVar":{
				"<android.media.audiofx.Equalizer$Settings: void <init>(java.lang.String)>":"0"
			}
		},
		{
			"method":"<android.media.audiofx.Equalizer$Settings: void <init>(java.lang.String)>",
			"message":"\\Qinvalid value for key: \\E[\\s\\S]*",
			"relatedVarType":"Parameter",
			"relatedCondType":"Basic",
			"modifier":"public",
			"type":"java.lang.IllegalArgumentException",
			"osVersionRelated":false,
			"resourceRelated":false,
			"assessRelated":false,
			"hardwareRelated":false,
			"manifestRelated":false,
			"conditions":"$z0 != 0, $i1 >= 5",
			"paramValues":"@parameter0: java.lang.String",
			"caughtValues":"@caughtexception",
			"relatedValues":"@parameter0: java.lang.String; ; @caughtexception",
			"keyAPISameClassNum":0,
			"keyAPIDiffClassNum":0,
			"keyAPISameClass":[
				{
					"trace":[
						"<android.media.audiofx.Equalizer$Settings: void <init>(java.lang.String)>"
					],
					"depth":0,
					"method":"<android.media.audiofx.Equalizer$Settings: void <init>(java.lang.String)>",
					"source":"CALLER"
				}
			],
			"keyAPIDiffClass":[],
			"callerOfSingnlar2SourceVar":{
				"<android.media.audiofx.Equalizer$Settings: void <init>(java.lang.String)>":"0"
			}
		},
		{
			"method":"<android.media.audiofx.Equalizer$Settings: void <init>(java.lang.String)>",
			"message":"\\Qsettings: \\E[\\s\\S]*",
			"relatedVarType":"Parameter",
			"relatedCondType":"Basic",
			"modifier":"public",
			"type":"java.lang.IllegalArgumentException",
			"osVersionRelated":false,
			"resourceRelated":false,
			"assessRelated":false,
			"hardwareRelated":false,
			"manifestRelated":false,
			"conditions":"$i1 >= 5",
			"paramValues":"@parameter0: java.lang.String",
			"relatedValues":"@parameter0: java.lang.String; ; ",
			"keyAPISameClassNum":0,
			"keyAPIDiffClassNum":0,
			"keyAPISameClass":[
				{
					"trace":[
						"<android.media.audiofx.Equalizer$Settings: void <init>(java.lang.String)>"
					],
					"depth":0,
					"method":"<android.media.audiofx.Equalizer$Settings: void <init>(java.lang.String)>",
					"source":"CALLER"
				}
			],
			"keyAPIDiffClass":[],
			"callerOfSingnlar2SourceVar":{
				"<android.media.audiofx.Equalizer$Settings: void <init>(java.lang.String)>":"0"
			}
		},
		{
			"method":"<android.media.audiofx.Equalizer$Settings: void <init>(java.lang.String)>",
			"message":"\\Qinvalid settings for Equalizer: \\E[\\s\\S]*",
			"relatedVarType":"Parameter",
			"relatedCondType":"Basic",
			"modifier":"public",
			"type":"java.lang.IllegalArgumentException",
			"osVersionRelated":false,
			"resourceRelated":false,
			"assessRelated":false,
			"hardwareRelated":false,
			"manifestRelated":false,
			"conditions":"$z0 != 0, $i1 >= 5",
			"paramValues":"@parameter0: java.lang.String",
			"relatedValues":"@parameter0: java.lang.String; ; ",
			"keyAPISameClassNum":0,
			"keyAPIDiffClassNum":0,
			"keyAPISameClass":[
				{
					"trace":[
						"<android.media.audiofx.Equalizer$Settings: void <init>(java.lang.String)>"
					],
					"depth":0,
					"method":"<android.media.audiofx.Equalizer$Settings: void <init>(java.lang.String)>",
					"source":"CALLER"
				}
			],
			"keyAPIDiffClass":[],
			"callerOfSingnlar2SourceVar":{
				"<android.media.audiofx.Equalizer$Settings: void <init>(java.lang.String)>":"0"
			}
		},
		{
			"method":"<android.media.audiofx.Equalizer$Settings: void <init>(java.lang.String)>",
			"message":"\\Qsettings: \\E[\\s\\S]*",
			"relatedVarType":"ParaAndField",
			"relatedCondType":"Basic",
			"modifier":"public",
			"type":"java.lang.IllegalArgumentException",
			"osVersionRelated":false,
			"resourceRelated":false,
			"assessRelated":false,
			"hardwareRelated":false,
			"manifestRelated":false,
			"conditions":"$i4 == $i6, $z2 != 0, $z1 != 0",
			"paramValues":"@parameter0: java.lang.String",
			"fieldValues":"<android.media.audiofx.Equalizer$Settings: short numBands>",
			"relatedValues":"@parameter0: java.lang.String; <android.media.audiofx.Equalizer$Settings: short numBands>; ",
			"keyAPISameClassNum":2,
			"keyAPIDiffClassNum":1,
			"keyAPISameClass":[
				{
					"trace":[
						"<android.media.audiofx.Equalizer$Settings: void <init>(java.lang.String)>"
					],
					"depth":1,
					"method":"<android.media.audiofx.Equalizer$Settings: void <init>()>",
					"source":"FIELD"
				},
				{
					"trace":[
						"<android.media.audiofx.Equalizer$Settings: void <init>(java.lang.String)>",
						"<android.media.audiofx.Equalizer$Settings: void <init>()>",
						"key field: <android.media.audiofx.Equalizer$Settings: short numBands>",
						"<android.media.audiofx.Equalizer$Settings: void <init>(java.lang.String)>"
					],
					"depth":2,
					"method":"<android.media.audiofx.Equalizer$Settings: void <init>(java.lang.String)>",
					"source":"FIELDCALLER"
				}
			],
			"keyAPIDiffClass":[
				{
					"trace":[
						"<android.media.audiofx.Equalizer: android.media.audiofx.Equalizer$Settings getProperties()>",
						"<android.media.audiofx.Equalizer$Settings: void <init>()>",
						"key field: <android.media.audiofx.Equalizer$Settings: short numBands>",
						"<android.media.audiofx.Equalizer$Settings: void <init>(java.lang.String)>"
					],
					"depth":2,
					"method":"<android.media.audiofx.Equalizer: android.media.audiofx.Equalizer$Settings getProperties()>",
					"source":"FIELDCALLER"
				}
			],
			"callerOfSingnlar2SourceVar":{
				"<android.media.audiofx.Equalizer$Settings: void <init>(java.lang.String)>":"0"
			}
		},
		{
			"method":"<android.media.audiofx.Equalizer$Settings: void <init>(java.lang.String)>",
			"message":"\\Qinvalid key name: \\E[\\s\\S]*",
			"relatedVarType":"Parameter",
			"relatedCondType":"Basic",
			"modifier":"public",
			"type":"java.lang.IllegalArgumentException",
			"osVersionRelated":false,
			"resourceRelated":false,
			"assessRelated":false,
			"hardwareRelated":false,
			"manifestRelated":false,
			"conditions":"$z1 != 0, $z0 != 0, $i1 >= 5",
			"paramValues":"@parameter0: java.lang.String",
			"relatedValues":"@parameter0: java.lang.String; ; ",
			"keyAPISameClassNum":0,
			"keyAPIDiffClassNum":0,
			"keyAPISameClass":[
				{
					"trace":[
						"<android.media.audiofx.Equalizer$Settings: void <init>(java.lang.String)>"
					],
					"depth":0,
					"method":"<android.media.audiofx.Equalizer$Settings: void <init>(java.lang.String)>",
					"source":"CALLER"
				}
			],
			"keyAPIDiffClass":[],
			"callerOfSingnlar2SourceVar":{
				"<android.media.audiofx.Equalizer$Settings: void <init>(java.lang.String)>":"0"
			}
		}
	]
}