{
	"exceptions":[
		{
			"method":"<android.media.audiofx.Equalizer: void setProperties(android.media.audiofx.Equalizer$Settings)>",
			"message":"\\Qsettings invalid band count: \\E[\\s\\S]*",
			"relatedVarType":"ParaAndField",
			"relatedCondType":"Basic",
			"modifier":"public",
			"type":"java.lang.IllegalArgumentException",
			"osVersionRelated":false,
			"resourceRelated":false,
			"assessRelated":false,
			"hardwareRelated":false,
			"manifestRelated":false,
			"conditions":"$s1 != $i0, $s4 == $s3",
			"paramValues":"@parameter0: android.media.audiofx.Equalizer$Settings",
			"fieldValues":"<android.media.audiofx.Equalizer: short mNumBands>",
			"relatedValues":"@parameter0: android.media.audiofx.Equalizer$Settings; <android.media.audiofx.Equalizer: short mNumBands>; ",
			"keyAPISameClassNum":2,
			"keyAPIDiffClassNum":0,
			"keyAPISameClass":[
				{
					"trace":[
						"<android.media.audiofx.Equalizer: void setProperties(android.media.audiofx.Equalizer$Settings)>"
					],
					"depth":1,
					"method":"<android.media.audiofx.Equalizer: void <init>(int,int)>",
					"source":"FIELD"
				},
				{
					"trace":[
						"<android.media.audiofx.Equalizer: void setProperties(android.media.audiofx.Equalizer$Settings)>"
					],
					"depth":1,
					"method":"<android.media.audiofx.Equalizer: short getNumberOfBands()>",
					"source":"FIELD"
				}
			],
			"keyAPIDiffClass":[],
			"callerOfSingnlar2SourceVar":{
				"<android.media.audiofx.Equalizer: void setProperties(android.media.audiofx.Equalizer$Settings)>":"0"
			}
		}
	]
}