{
	"exceptions":[
		{
			"method":"<android.graphics.pdf.PdfDocument$PdfCanvas: void setBitmap(android.graphics.Bitmap)>",
			"message":"[\\s\\S]*",
			"relatedVarType":"Empty",
			"relatedCondType":"Empty",
			"modifier":"public",
			"type":"java.lang.UnsupportedOperationException",
			"osVersionRelated":false,
			"resourceRelated":false,
			"assessRelated":false,
			"hardwareRelated":false,
			"manifestRelated":false,
			"keyAPISameClassNum":0,
			"keyAPIDiffClassNum":0,
			"keyAPISameClass":[],
			"keyAPIDiffClass":[],
			"callerOfSingnlar2SourceVar":{}
		}
	]
}