{
	"exceptions":[
		{
			"method":"<android.media.effect.EffectFactory: android.media.effect.Effect createEffect(java.lang.String)>",
			"message":"\\QCannot instantiate unknown effect '\\E[\\s\\S]*\\Q'!\\E",
			"relatedVarType":"Parameter",
			"relatedCondType":"Basic",
			"modifier":"public",
			"type":"java.lang.IllegalArgumentException",
			"osVersionRelated":false,
			"resourceRelated":false,
			"assessRelated":false,
			"hardwareRelated":false,
			"manifestRelated":false,
			"conditions":"r1 != null",
			"paramValues":"@parameter0: java.lang.String",
			"relatedValues":"@parameter0: java.lang.String; ; ",
			"keyAPISameClassNum":0,
			"keyAPIDiffClassNum":0,
			"keyAPISameClass":[
				{
					"trace":[
						"<android.media.effect.EffectFactory: android.media.effect.Effect createEffect(java.lang.String)>"
					],
					"depth":0,
					"method":"<android.media.effect.EffectFactory: android.media.effect.Effect createEffect(java.lang.String)>",
					"source":"CALLER"
				}
			],
			"keyAPIDiffClass":[],
			"callerOfSingnlar2SourceVar":{
				"<android.media.effect.EffectFactory: android.media.effect.Effect createEffect(java.lang.String)>":"0"
			}
		},
		{
			"method":"<android.media.effect.EffectFactory: android.media.effect.Effect instantiateEffect(java.lang.Class,java.lang.String)>",
			"message":"\\QThe effect class '\\E[\\s\\S]*\\Q' does not have the required constructor.\\E",
			"relatedVarType":"Unknown",
			"relatedCondType":"Empty",
			"modifier":"private",
			"type":"java.lang.RuntimeException",
			"osVersionRelated":false,
			"resourceRelated":false,
			"assessRelated":false,
			"hardwareRelated":false,
			"manifestRelated":false,
			"caughtValues":"@caughtexception",
			"relatedValues":"; ; @caughtexception",
			"keyAPISameClassNum":0,
			"keyAPIDiffClassNum":0,
			"keyAPISameClass":[],
			"keyAPIDiffClass":[],
			"callerOfSingnlar2SourceVar":{}
		},
		{
			"method":"<android.media.effect.EffectFactory: android.media.effect.Effect instantiateEffect(java.lang.Class,java.lang.String)>",
			"message":"\\QAttempting to allocate effect '\\E[\\s\\S]*\\Q' which is not a subclass of Effect!\\E",
			"relatedVarType":"Unknown",
			"relatedCondType":"Empty",
			"modifier":"private",
			"type":"java.lang.IllegalArgumentException",
			"osVersionRelated":false,
			"resourceRelated":false,
			"assessRelated":false,
			"hardwareRelated":false,
			"manifestRelated":false,
			"caughtValues":"@caughtexception",
			"relatedValues":"; ; @caughtexception",
			"keyAPISameClassNum":0,
			"keyAPIDiffClassNum":0,
			"keyAPISameClass":[],
			"keyAPIDiffClass":[],
			"callerOfSingnlar2SourceVar":{}
		},
		{
			"method":"<android.media.effect.EffectFactory: android.media.effect.Effect instantiateEffect(java.lang.Class,java.lang.String)>",
			"message":"\\QThere was an error constructing the effect '\\E[\\s\\S]*\\Q'!\\E",
			"relatedVarType":"Unknown",
			"relatedCondType":"Empty",
			"modifier":"private",
			"type":"java.lang.RuntimeException",
			"osVersionRelated":false,
			"resourceRelated":false,
			"assessRelated":false,
			"hardwareRelated":false,
			"manifestRelated":false,
			"caughtValues":"@caughtexception",
			"relatedValues":"; ; @caughtexception",
			"keyAPISameClassNum":0,
			"keyAPIDiffClassNum":0,
			"keyAPISameClass":[],
			"keyAPIDiffClass":[],
			"callerOfSingnlar2SourceVar":{}
		}
	]
}