{
	"exceptions":[
		{
			"method":"<android.media.AmrInputStream: int read(byte[],int,int)>",
			"message":"\\Qnot open\\E",
			"relatedVarType":"Field",
			"relatedCondType":"Basic",
			"modifier":"public",
			"type":"java.lang.IllegalStateException",
			"osVersionRelated":false,
			"resourceRelated":false,
			"assessRelated":false,
			"hardwareRelated":false,
			"manifestRelated":false,
			"conditions":"$b1 != 0",
			"fieldValues":"<android.media.AmrInputStream: long mGae>",
			"relatedValues":"; <android.media.AmrInputStream: long mGae>; ",
			"keyAPISameClassNum":2,
			"keyAPIDiffClassNum":15,
			"keyAPISameClass":[
				{
					"trace":[
						"<android.media.AmrInputStream: int read(byte[],int,int)>"
					],
					"depth":1,
					"method":"<android.media.AmrInputStream: void <init>(java.io.InputStream)>",
					"source":"FIELD"
				},
				{
					"trace":[
						"<android.media.AmrInputStream: int read(byte[],int,int)>"
					],
					"depth":1,
					"method":"<android.media.AmrInputStream: void close()>",
					"source":"FIELD"
				}
			],
			"keyAPIDiffClass":[
				{
					"trace":[
						"<android.media.MediaPlayer: void reset()>",
						"<android.media.AmrInputStream: void close()>",
						"key field: <android.media.AmrInputStream: long mGae>",
						"<android.media.AmrInputStream: int read(byte[],int,int)>"
					],
					"depth":2,
					"method":"<android.media.MediaPlayer: void reset()>",
					"source":"FIELDCALLER"
				},
				{
					"trace":[
						"<android.util.Base64InputStream: void close()>",
						"<android.media.AmrInputStream: void close()>",
						"key field: <android.media.AmrInputStream: long mGae>",
						"<android.media.AmrInputStream: int read(byte[],int,int)>"
					],
					"depth":2,
					"method":"<android.util.Base64InputStream: void close()>",
					"source":"FIELDCALLER"
				},
				{
					"trace":[
						"<android.speech.srec.UlawEncoderInputStream: void close()>",
						"<android.util.Base64InputStream: void close()>",
						"<android.media.AmrInputStream: void close()>",
						"key field: <android.media.AmrInputStream: long mGae>",
						"<android.media.AmrInputStream: int read(byte[],int,int)>"
					],
					"depth":3,
					"method":"<android.speech.srec.UlawEncoderInputStream: void close()>",
					"source":"FIELDCALLER"
				},
				{
					"trace":[
						"<android.media.Ringtone: void stop()>",
						"<android.media.Ringtone: void destroyLocalPlayer()>",
						"<android.media.MediaPlayer: void reset()>",
						"<android.media.AmrInputStream: void close()>",
						"key field: <android.media.AmrInputStream: long mGae>",
						"<android.media.AmrInputStream: int read(byte[],int,int)>"
					],
					"depth":4,
					"method":"<android.media.Ringtone: void stop()>",
					"source":"FIELDCALLER"
				},
				{
					"trace":[
						"<android.media.Ringtone: void setUri(android.net.Uri)>",
						"<android.media.Ringtone: void destroyLocalPlayer()>",
						"<android.media.MediaPlayer: void reset()>",
						"<android.media.AmrInputStream: void close()>",
						"key field: <android.media.AmrInputStream: long mGae>",
						"<android.media.AmrInputStream: int read(byte[],int,int)>"
					],
					"depth":4,
					"method":"<android.media.Ringtone: void setUri(android.net.Uri)>",
					"source":"FIELDCALLER"
				},
				{
					"trace":[
						"<com.android.internal.util.SizedInputStream: void close()>",
						"<android.speech.srec.UlawEncoderInputStream: void close()>",
						"<android.util.Base64InputStream: void close()>",
						"<android.media.AmrInputStream: void close()>",
						"key field: <android.media.AmrInputStream: long mGae>",
						"<android.media.AmrInputStream: int read(byte[],int,int)>"
					],
					"depth":4,
					"method":"<com.android.internal.util.SizedInputStream: void close()>",
					"source":"FIELDCALLER"
				},
				{
					"trace":[
						"<android.media.RingtoneManager: android.media.Ringtone getRingtone(int)>",
						"<android.media.Ringtone: void stop()>",
						"<android.media.Ringtone: void destroyLocalPlayer()>",
						"<android.media.MediaPlayer: void reset()>",
						"<android.media.AmrInputStream: void close()>",
						"key field: <android.media.AmrInputStream: long mGae>",
						"<android.media.AmrInputStream: int read(byte[],int,int)>"
					],
					"depth":5,
					"method":"<android.media.RingtoneManager: android.media.Ringtone getRingtone(int)>",
					"source":"FIELDCALLER"
				},
				{
					"trace":[
						"<android.media.RingtoneManager: void stopPreviousRingtone()>",
						"<android.media.Ringtone: void stop()>",
						"<android.media.Ringtone: void destroyLocalPlayer()>",
						"<android.media.MediaPlayer: void reset()>",
						"<android.media.AmrInputStream: void close()>",
						"key field: <android.media.AmrInputStream: long mGae>",
						"<android.media.AmrInputStream: int read(byte[],int,int)>"
					],
					"depth":5,
					"method":"<android.media.RingtoneManager: void stopPreviousRingtone()>",
					"source":"FIELDCALLER"
				},
				{
					"trace":[
						"<android.media.Ringtone: void play()>",
						"<android.media.Ringtone: boolean playFallbackRingtone()>",
						"<android.media.Ringtone: void destroyLocalPlayer()>",
						"<android.media.MediaPlayer: void reset()>",
						"<android.media.AmrInputStream: void close()>",
						"key field: <android.media.AmrInputStream: long mGae>",
						"<android.media.AmrInputStream: int read(byte[],int,int)>"
					],
					"depth":5,
					"method":"<android.media.Ringtone: void play()>",
					"source":"FIELDCALLER"
				},
				{
					"trace":[
						"<android.media.Ringtone: void setAudioAttributes(android.media.AudioAttributes)>",
						"<android.media.Ringtone: void setUri(android.net.Uri)>",
						"<android.media.Ringtone: void destroyLocalPlayer()>",
						"<android.media.MediaPlayer: void reset()>",
						"<android.media.AmrInputStream: void close()>",
						"key field: <android.media.AmrInputStream: long mGae>",
						"<android.media.AmrInputStream: int read(byte[],int,int)>"
					],
					"depth":5,
					"method":"<android.media.Ringtone: void setAudioAttributes(android.media.AudioAttributes)>",
					"source":"FIELDCALLER"
				},
				{
					"trace":[
						"<android.media.ResampleInputStream: void close()>",
						"<com.android.internal.util.SizedInputStream: void close()>",
						"<android.speech.srec.UlawEncoderInputStream: void close()>",
						"<android.util.Base64InputStream: void close()>",
						"<android.media.AmrInputStream: void close()>",
						"key field: <android.media.AmrInputStream: long mGae>",
						"<android.media.AmrInputStream: int read(byte[],int,int)>"
					],
					"depth":5,
					"method":"<android.media.ResampleInputStream: void close()>",
					"source":"FIELDCALLER"
				},
				{
					"trace":[
						"<android.media.RingtoneManager: android.media.Ringtone getRingtone(android.content.Context,android.net.Uri)>",
						"<android.media.RingtoneManager: android.media.Ringtone getRingtone(android.content.Context,android.net.Uri,int)>",
						"<android.media.Ringtone: void setUri(android.net.Uri)>",
						"<android.media.Ringtone: void destroyLocalPlayer()>",
						"<android.media.MediaPlayer: void reset()>",
						"<android.media.AmrInputStream: void close()>",
						"key field: <android.media.AmrInputStream: long mGae>",
						"<android.media.AmrInputStream: int read(byte[],int,int)>"
					],
					"depth":6,
					"method":"<android.media.RingtoneManager: android.media.Ringtone getRingtone(android.content.Context,android.net.Uri)>",
					"source":"FIELDCALLER"
				},
				{
					"trace":[
						"<android.media.Ringtone: void setStreamType(int)>",
						"<android.media.Ringtone: void setAudioAttributes(android.media.AudioAttributes)>",
						"<android.media.Ringtone: void setUri(android.net.Uri)>",
						"<android.media.Ringtone: void destroyLocalPlayer()>",
						"<android.media.MediaPlayer: void reset()>",
						"<android.media.AmrInputStream: void close()>",
						"key field: <android.media.AmrInputStream: long mGae>",
						"<android.media.AmrInputStream: int read(byte[],int,int)>"
					],
					"depth":6,
					"method":"<android.media.Ringtone: void setStreamType(int)>",
					"source":"FIELDCALLER"
				},
				{
					"trace":[
						"<com.android.internal.util.ProcFileReader: void close()>",
						"<android.media.ResampleInputStream: void close()>",
						"<com.android.internal.util.SizedInputStream: void close()>",
						"<android.speech.srec.UlawEncoderInputStream: void close()>",
						"<android.util.Base64InputStream: void close()>",
						"<android.media.AmrInputStream: void close()>",
						"key field: <android.media.AmrInputStream: long mGae>",
						"<android.media.AmrInputStream: int read(byte[],int,int)>"
					],
					"depth":6,
					"method":"<com.android.internal.util.ProcFileReader: void close()>",
					"source":"FIELDCALLER"
				},
				{
					"trace":[
						"<java.io.Closeable: void close()>",
						"<android.media.ResampleInputStream: void close()>",
						"<com.android.internal.util.SizedInputStream: void close()>",
						"<android.speech.srec.UlawEncoderInputStream: void close()>",
						"<android.util.Base64InputStream: void close()>",
						"<android.media.AmrInputStream: void close()>",
						"key field: <android.media.AmrInputStream: long mGae>",
						"<android.media.AmrInputStream: int read(byte[],int,int)>"
					],
					"depth":6,
					"method":"<java.io.Closeable: void close()>",
					"source":"FIELDCALLER"
				}
			],
			"callerOfSingnlar2SourceVar":{}
		},
		{
			"method":"<android.media.AmrInputStream: void finalize()>",
			"message":"\\Qsomeone forgot to close AmrInputStream\\E",
			"relatedVarType":"Field",
			"relatedCondType":"Basic",
			"modifier":"protected",
			"type":"java.lang.IllegalStateException",
			"osVersionRelated":false,
			"resourceRelated":false,
			"assessRelated":false,
			"hardwareRelated":false,
			"manifestRelated":false,
			"conditions":"$b1 == 0",
			"fieldValues":"<android.media.AmrInputStream: long mGae>",
			"relatedValues":"; <android.media.AmrInputStream: long mGae>; ",
			"keyAPISameClassNum":2,
			"keyAPIDiffClassNum":15,
			"keyAPISameClass":[
				{
					"trace":[
						"<android.media.AmrInputStream: void finalize()>"
					],
					"depth":1,
					"method":"<android.media.AmrInputStream: void <init>(java.io.InputStream)>",
					"source":"FIELD"
				},
				{
					"trace":[
						"<android.media.AmrInputStream: void finalize()>"
					],
					"depth":1,
					"method":"<android.media.AmrInputStream: void close()>",
					"source":"FIELD"
				}
			],
			"keyAPIDiffClass":[
				{
					"trace":[
						"<android.media.MediaPlayer: void reset()>",
						"<android.media.AmrInputStream: void close()>",
						"key field: <android.media.AmrInputStream: long mGae>",
						"<android.media.AmrInputStream: void finalize()>"
					],
					"depth":2,
					"method":"<android.media.MediaPlayer: void reset()>",
					"source":"FIELDCALLER"
				},
				{
					"trace":[
						"<android.util.Base64InputStream: void close()>",
						"<android.media.AmrInputStream: void close()>",
						"key field: <android.media.AmrInputStream: long mGae>",
						"<android.media.AmrInputStream: void finalize()>"
					],
					"depth":2,
					"method":"<android.util.Base64InputStream: void close()>",
					"source":"FIELDCALLER"
				},
				{
					"trace":[
						"<android.speech.srec.UlawEncoderInputStream: void close()>",
						"<android.util.Base64InputStream: void close()>",
						"<android.media.AmrInputStream: void close()>",
						"key field: <android.media.AmrInputStream: long mGae>",
						"<android.media.AmrInputStream: void finalize()>"
					],
					"depth":3,
					"method":"<android.speech.srec.UlawEncoderInputStream: void close()>",
					"source":"FIELDCALLER"
				},
				{
					"trace":[
						"<android.media.Ringtone: void stop()>",
						"<android.media.Ringtone: void destroyLocalPlayer()>",
						"<android.media.MediaPlayer: void reset()>",
						"<android.media.AmrInputStream: void close()>",
						"key field: <android.media.AmrInputStream: long mGae>",
						"<android.media.AmrInputStream: void finalize()>"
					],
					"depth":4,
					"method":"<android.media.Ringtone: void stop()>",
					"source":"FIELDCALLER"
				},
				{
					"trace":[
						"<android.media.Ringtone: void setUri(android.net.Uri)>",
						"<android.media.Ringtone: void destroyLocalPlayer()>",
						"<android.media.MediaPlayer: void reset()>",
						"<android.media.AmrInputStream: void close()>",
						"key field: <android.media.AmrInputStream: long mGae>",
						"<android.media.AmrInputStream: void finalize()>"
					],
					"depth":4,
					"method":"<android.media.Ringtone: void setUri(android.net.Uri)>",
					"source":"FIELDCALLER"
				},
				{
					"trace":[
						"<com.android.internal.util.SizedInputStream: void close()>",
						"<android.speech.srec.UlawEncoderInputStream: void close()>",
						"<android.util.Base64InputStream: void close()>",
						"<android.media.AmrInputStream: void close()>",
						"key field: <android.media.AmrInputStream: long mGae>",
						"<android.media.AmrInputStream: void finalize()>"
					],
					"depth":4,
					"method":"<com.android.internal.util.SizedInputStream: void close()>",
					"source":"FIELDCALLER"
				},
				{
					"trace":[
						"<android.media.RingtoneManager: android.media.Ringtone getRingtone(int)>",
						"<android.media.Ringtone: void stop()>",
						"<android.media.Ringtone: void destroyLocalPlayer()>",
						"<android.media.MediaPlayer: void reset()>",
						"<android.media.AmrInputStream: void close()>",
						"key field: <android.media.AmrInputStream: long mGae>",
						"<android.media.AmrInputStream: void finalize()>"
					],
					"depth":5,
					"method":"<android.media.RingtoneManager: android.media.Ringtone getRingtone(int)>",
					"source":"FIELDCALLER"
				},
				{
					"trace":[
						"<android.media.RingtoneManager: void stopPreviousRingtone()>",
						"<android.media.Ringtone: void stop()>",
						"<android.media.Ringtone: void destroyLocalPlayer()>",
						"<android.media.MediaPlayer: void reset()>",
						"<android.media.AmrInputStream: void close()>",
						"key field: <android.media.AmrInputStream: long mGae>",
						"<android.media.AmrInputStream: void finalize()>"
					],
					"depth":5,
					"method":"<android.media.RingtoneManager: void stopPreviousRingtone()>",
					"source":"FIELDCALLER"
				},
				{
					"trace":[
						"<android.media.Ringtone: void play()>",
						"<android.media.Ringtone: boolean playFallbackRingtone()>",
						"<android.media.Ringtone: void destroyLocalPlayer()>",
						"<android.media.MediaPlayer: void reset()>",
						"<android.media.AmrInputStream: void close()>",
						"key field: <android.media.AmrInputStream: long mGae>",
						"<android.media.AmrInputStream: void finalize()>"
					],
					"depth":5,
					"method":"<android.media.Ringtone: void play()>",
					"source":"FIELDCALLER"
				},
				{
					"trace":[
						"<android.media.Ringtone: void setAudioAttributes(android.media.AudioAttributes)>",
						"<android.media.Ringtone: void setUri(android.net.Uri)>",
						"<android.media.Ringtone: void destroyLocalPlayer()>",
						"<android.media.MediaPlayer: void reset()>",
						"<android.media.AmrInputStream: void close()>",
						"key field: <android.media.AmrInputStream: long mGae>",
						"<android.media.AmrInputStream: void finalize()>"
					],
					"depth":5,
					"method":"<android.media.Ringtone: void setAudioAttributes(android.media.AudioAttributes)>",
					"source":"FIELDCALLER"
				},
				{
					"trace":[
						"<android.media.ResampleInputStream: void close()>",
						"<com.android.internal.util.SizedInputStream: void close()>",
						"<android.speech.srec.UlawEncoderInputStream: void close()>",
						"<android.util.Base64InputStream: void close()>",
						"<android.media.AmrInputStream: void close()>",
						"key field: <android.media.AmrInputStream: long mGae>",
						"<android.media.AmrInputStream: void finalize()>"
					],
					"depth":5,
					"method":"<android.media.ResampleInputStream: void close()>",
					"source":"FIELDCALLER"
				},
				{
					"trace":[
						"<android.media.RingtoneManager: android.media.Ringtone getRingtone(android.content.Context,android.net.Uri)>",
						"<android.media.RingtoneManager: android.media.Ringtone getRingtone(android.content.Context,android.net.Uri,int)>",
						"<android.media.Ringtone: void setUri(android.net.Uri)>",
						"<android.media.Ringtone: void destroyLocalPlayer()>",
						"<android.media.MediaPlayer: void reset()>",
						"<android.media.AmrInputStream: void close()>",
						"key field: <android.media.AmrInputStream: long mGae>",
						"<android.media.AmrInputStream: void finalize()>"
					],
					"depth":6,
					"method":"<android.media.RingtoneManager: android.media.Ringtone getRingtone(android.content.Context,android.net.Uri)>",
					"source":"FIELDCALLER"
				},
				{
					"trace":[
						"<android.media.Ringtone: void setStreamType(int)>",
						"<android.media.Ringtone: void setAudioAttributes(android.media.AudioAttributes)>",
						"<android.media.Ringtone: void setUri(android.net.Uri)>",
						"<android.media.Ringtone: void destroyLocalPlayer()>",
						"<android.media.MediaPlayer: void reset()>",
						"<android.media.AmrInputStream: void close()>",
						"key field: <android.media.AmrInputStream: long mGae>",
						"<android.media.AmrInputStream: void finalize()>"
					],
					"depth":6,
					"method":"<android.media.Ringtone: void setStreamType(int)>",
					"source":"FIELDCALLER"
				},
				{
					"trace":[
						"<com.android.internal.util.ProcFileReader: void close()>",
						"<android.media.ResampleInputStream: void close()>",
						"<com.android.internal.util.SizedInputStream: void close()>",
						"<android.speech.srec.UlawEncoderInputStream: void close()>",
						"<android.util.Base64InputStream: void close()>",
						"<android.media.AmrInputStream: void close()>",
						"key field: <android.media.AmrInputStream: long mGae>",
						"<android.media.AmrInputStream: void finalize()>"
					],
					"depth":6,
					"method":"<com.android.internal.util.ProcFileReader: void close()>",
					"source":"FIELDCALLER"
				},
				{
					"trace":[
						"<java.io.Closeable: void close()>",
						"<android.media.ResampleInputStream: void close()>",
						"<com.android.internal.util.SizedInputStream: void close()>",
						"<android.speech.srec.UlawEncoderInputStream: void close()>",
						"<android.util.Base64InputStream: void close()>",
						"<android.media.AmrInputStream: void close()>",
						"key field: <android.media.AmrInputStream: long mGae>",
						"<android.media.AmrInputStream: void finalize()>"
					],
					"depth":6,
					"method":"<java.io.Closeable: void close()>",
					"source":"FIELDCALLER"
				}
			],
			"callerOfSingnlar2SourceVar":{}
		}
	]
}