{
	"exceptions":[
		{
			"method":"<android.hardware.camera2.legacy.LegacyCameraDevice: java.util.List getSurfaceIds(java.util.Collection)>",
			"message":"\\QNull argument surfaces\\E",
			"relatedVarType":"Parameter",
			"relatedCondType":"Basic",
			"modifier":"default",
			"type":"java.lang.NullPointerException",
			"osVersionRelated":false,
			"resourceRelated":false,
			"assessRelated":false,
			"hardwareRelated":true,
			"manifestRelated":false,
			"conditions":"r0 != null",
			"paramValues":"@parameter0: java.util.Collection",
			"relatedValues":"@parameter0: java.util.Collection; ; ",
			"keyAPISameClassNum":0,
			"keyAPIDiffClassNum":0,
			"keyAPISameClass":[
				{
					"trace":[
						"<android.hardware.camera2.legacy.LegacyCameraDevice: java.util.List getSurfaceIds(java.util.Collection)>"
					],
					"depth":0,
					"method":"<android.hardware.camera2.legacy.LegacyCameraDevice: java.util.List getSurfaceIds(java.util.Collection)>",
					"source":"CALLER"
				}
			],
			"keyAPIDiffClass":[
				{
					"trace":[
						"<android.hardware.camera2.legacy.SurfaceTextureRenderer: void drawIntoSurfaces(android.hardware.camera2.legacy.CaptureCollector)>",
						"<android.hardware.camera2.legacy.LegacyCameraDevice: java.util.List getSurfaceIds(java.util.Collection)>"
					],
					"depth":1,
					"method":"<android.hardware.camera2.legacy.SurfaceTextureRenderer: void drawIntoSurfaces(android.hardware.camera2.legacy.CaptureCollector)>",
					"source":"CALLER"
				}
			],
			"callerOfSingnlar2SourceVar":{
				"<android.hardware.camera2.legacy.LegacyCameraDevice: java.util.List getSurfaceIds(java.util.Collection)>":"0"
			}
		},
		{
			"method":"<android.hardware.camera2.legacy.LegacyCameraDevice: java.util.List getSurfaceIds(java.util.Collection)>",
			"message":"\\QConfigured surface had null native GraphicBufferProducer pointer!\\E",
			"relatedVarType":"Parameter",
			"relatedCondType":"Basic",
			"modifier":"default",
			"type":"java.lang.IllegalStateException",
			"osVersionRelated":false,
			"resourceRelated":false,
			"assessRelated":false,
			"hardwareRelated":true,
			"manifestRelated":false,
			"conditions":"$b1 != 0, $z0 == 0, r0 != null",
			"paramValues":"@parameter0: java.util.Collection",
			"relatedValues":"@parameter0: java.util.Collection; ; ",
			"keyAPISameClassNum":0,
			"keyAPIDiffClassNum":0,
			"keyAPISameClass":[
				{
					"trace":[
						"<android.hardware.camera2.legacy.LegacyCameraDevice: java.util.List getSurfaceIds(java.util.Collection)>"
					],
					"depth":0,
					"method":"<android.hardware.camera2.legacy.LegacyCameraDevice: java.util.List getSurfaceIds(java.util.Collection)>",
					"source":"CALLER"
				}
			],
			"keyAPIDiffClass":[
				{
					"trace":[
						"<android.hardware.camera2.legacy.SurfaceTextureRenderer: void drawIntoSurfaces(android.hardware.camera2.legacy.CaptureCollector)>",
						"<android.hardware.camera2.legacy.LegacyCameraDevice: java.util.List getSurfaceIds(java.util.Collection)>"
					],
					"depth":1,
					"method":"<android.hardware.camera2.legacy.SurfaceTextureRenderer: void drawIntoSurfaces(android.hardware.camera2.legacy.CaptureCollector)>",
					"source":"CALLER"
				}
			],
			"callerOfSingnlar2SourceVar":{
				"<android.hardware.camera2.legacy.LegacyCameraDevice: java.util.List getSurfaceIds(java.util.Collection)>":"0"
			}
		}
	]
}