{
	"exceptions":[
		{
			"method":"<android.hardware.camera2.legacy.CameraDeviceUserShim: android.hardware.camera2.legacy.CameraDeviceUserShim connectBinderShim(android.hardware.camera2.ICameraDeviceCallbacks,int)>",
			"message":"[\\s\\S]*",
			"relatedVarType":"Field",
			"relatedCondType":"Basic",
			"modifier":"public",
			"type":"android.hardware.camera2.utils.CameraRuntimeException",
			"osVersionRelated":false,
			"resourceRelated":false,
			"assessRelated":false,
			"hardwareRelated":true,
			"manifestRelated":false,
			"conditions":"$z0 == 0",
			"fieldValues":"<android.hardware.camera2.legacy.CameraDeviceUserShim: boolean DEBUG>",
			"caughtValues":"@caughtexception",
			"relatedValues":"; <android.hardware.camera2.legacy.CameraDeviceUserShim: boolean DEBUG>; @caughtexception",
			"keyAPISameClassNum":12,
			"keyAPIDiffClassNum":52,
			"keyAPISameClass":[
				{
					"trace":[
						"<android.hardware.camera2.legacy.CameraDeviceUserShim: int waitUntilIdle()>",
						"<android.hardware.camera2.legacy.CameraDeviceUserShim: void <clinit>()>",
						"key field: <android.hardware.camera2.legacy.CameraDeviceUserShim: boolean DEBUG>",
						"<android.hardware.camera2.legacy.CameraDeviceUserShim: android.hardware.camera2.legacy.CameraDeviceUserShim connectBinderShim(android.hardware.camera2.ICameraDeviceCallbacks,int)>"
					],
					"depth":2,
					"method":"<android.hardware.camera2.legacy.CameraDeviceUserShim: int waitUntilIdle()>",
					"source":"FIELDCALLER"
				},
				{
					"trace":[
						"<android.hardware.camera2.ICameraDeviceUser: int waitUntilIdle()>",
						"<android.hardware.camera2.legacy.CameraDeviceUserShim: void <clinit>()>",
						"key field: <android.hardware.camera2.legacy.CameraDeviceUserShim: boolean DEBUG>",
						"<android.hardware.camera2.legacy.CameraDeviceUserShim: android.hardware.camera2.legacy.CameraDeviceUserShim connectBinderShim(android.hardware.camera2.ICameraDeviceCallbacks,int)>"
					],
					"depth":2,
					"method":"<android.hardware.camera2.ICameraDeviceUser: int waitUntilIdle()>",
					"source":"FIELDCALLER"
				},
				{
					"trace":[
						"<android.hardware.camera2.legacy.CameraDeviceUserShim: int cancelRequest(int,android.hardware.camera2.utils.LongParcelable)>",
						"<android.hardware.camera2.legacy.CameraDeviceUserShim: void <clinit>()>",
						"key field: <android.hardware.camera2.legacy.CameraDeviceUserShim: boolean DEBUG>",
						"<android.hardware.camera2.legacy.CameraDeviceUserShim: android.hardware.camera2.legacy.CameraDeviceUserShim connectBinderShim(android.hardware.camera2.ICameraDeviceCallbacks,int)>"
					],
					"depth":2,
					"method":"<android.hardware.camera2.legacy.CameraDeviceUserShim: int cancelRequest(int,android.hardware.camera2.utils.LongParcelable)>",
					"source":"FIELDCALLER"
				},
				{
					"trace":[
						"<android.hardware.camera2.ICameraDeviceUser: int cancelRequest(int,android.hardware.camera2.utils.LongParcelable)>",
						"<android.hardware.camera2.legacy.CameraDeviceUserShim: void <clinit>()>",
						"key field: <android.hardware.camera2.legacy.CameraDeviceUserShim: boolean DEBUG>",
						"<android.hardware.camera2.legacy.CameraDeviceUserShim: android.hardware.camera2.legacy.CameraDeviceUserShim connectBinderShim(android.hardware.camera2.ICameraDeviceCallbacks,int)>"
					],
					"depth":2,
					"method":"<android.hardware.camera2.ICameraDeviceUser: int cancelRequest(int,android.hardware.camera2.utils.LongParcelable)>",
					"source":"FIELDCALLER"
				},
				{
					"trace":[
						"<android.hardware.camera2.legacy.CameraDeviceUserShim: int endConfigure()>",
						"<android.hardware.camera2.legacy.CameraDeviceUserShim: void <clinit>()>",
						"key field: <android.hardware.camera2.legacy.CameraDeviceUserShim: boolean DEBUG>",
						"<android.hardware.camera2.legacy.CameraDeviceUserShim: android.hardware.camera2.legacy.CameraDeviceUserShim connectBinderShim(android.hardware.camera2.ICameraDeviceCallbacks,int)>"
					],
					"depth":2,
					"method":"<android.hardware.camera2.legacy.CameraDeviceUserShim: int endConfigure()>",
					"source":"FIELDCALLER"
				},
				{
					"trace":[
						"<android.hardware.camera2.ICameraDeviceUser: int endConfigure()>",
						"<android.hardware.camera2.legacy.CameraDeviceUserShim: void <clinit>()>",
						"key field: <android.hardware.camera2.legacy.CameraDeviceUserShim: boolean DEBUG>",
						"<android.hardware.camera2.legacy.CameraDeviceUserShim: android.hardware.camera2.legacy.CameraDeviceUserShim connectBinderShim(android.hardware.camera2.ICameraDeviceCallbacks,int)>"
					],
					"depth":2,
					"method":"<android.hardware.camera2.ICameraDeviceUser: int endConfigure()>",
					"source":"FIELDCALLER"
				},
				{
					"trace":[
						"<android.hardware.camera2.legacy.CameraDeviceUserShim: int createStream(int,int,int,android.view.Surface)>",
						"<android.hardware.camera2.legacy.CameraDeviceUserShim: void <clinit>()>",
						"key field: <android.hardware.camera2.legacy.CameraDeviceUserShim: boolean DEBUG>",
						"<android.hardware.camera2.legacy.CameraDeviceUserShim: android.hardware.camera2.legacy.CameraDeviceUserShim connectBinderShim(android.hardware.camera2.ICameraDeviceCallbacks,int)>"
					],
					"depth":2,
					"method":"<android.hardware.camera2.legacy.CameraDeviceUserShim: int createStream(int,int,int,android.view.Surface)>",
					"source":"FIELDCALLER"
				},
				{
					"trace":[
						"<android.hardware.camera2.ICameraDeviceUser: int createStream(int,int,int,android.view.Surface)>",
						"<android.hardware.camera2.legacy.CameraDeviceUserShim: void <clinit>()>",
						"key field: <android.hardware.camera2.legacy.CameraDeviceUserShim: boolean DEBUG>",
						"<android.hardware.camera2.legacy.CameraDeviceUserShim: android.hardware.camera2.legacy.CameraDeviceUserShim connectBinderShim(android.hardware.camera2.ICameraDeviceCallbacks,int)>"
					],
					"depth":2,
					"method":"<android.hardware.camera2.ICameraDeviceUser: int createStream(int,int,int,android.view.Surface)>",
					"source":"FIELDCALLER"
				},
				{
					"trace":[
						"<android.hardware.camera2.legacy.CameraDeviceUserShim: int deleteStream(int)>",
						"<android.hardware.camera2.legacy.CameraDeviceUserShim: void <clinit>()>",
						"key field: <android.hardware.camera2.legacy.CameraDeviceUserShim: boolean DEBUG>",
						"<android.hardware.camera2.legacy.CameraDeviceUserShim: android.hardware.camera2.legacy.CameraDeviceUserShim connectBinderShim(android.hardware.camera2.ICameraDeviceCallbacks,int)>"
					],
					"depth":2,
					"method":"<android.hardware.camera2.legacy.CameraDeviceUserShim: int deleteStream(int)>",
					"source":"FIELDCALLER"
				},
				{
					"trace":[
						"<android.hardware.camera2.ICameraDeviceUser: int deleteStream(int)>",
						"<android.hardware.camera2.legacy.CameraDeviceUserShim: void <clinit>()>",
						"key field: <android.hardware.camera2.legacy.CameraDeviceUserShim: boolean DEBUG>",
						"<android.hardware.camera2.legacy.CameraDeviceUserShim: android.hardware.camera2.legacy.CameraDeviceUserShim connectBinderShim(android.hardware.camera2.ICameraDeviceCallbacks,int)>"
					],
					"depth":2,
					"method":"<android.hardware.camera2.ICameraDeviceUser: int deleteStream(int)>",
					"source":"FIELDCALLER"
				},
				{
					"trace":[
						"<android.hardware.camera2.legacy.CameraDeviceUserShim: int beginConfigure()>",
						"<android.hardware.camera2.legacy.CameraDeviceUserShim: void <clinit>()>",
						"key field: <android.hardware.camera2.legacy.CameraDeviceUserShim: boolean DEBUG>",
						"<android.hardware.camera2.legacy.CameraDeviceUserShim: android.hardware.camera2.legacy.CameraDeviceUserShim connectBinderShim(android.hardware.camera2.ICameraDeviceCallbacks,int)>"
					],
					"depth":2,
					"method":"<android.hardware.camera2.legacy.CameraDeviceUserShim: int beginConfigure()>",
					"source":"FIELDCALLER"
				},
				{
					"trace":[
						"<android.hardware.camera2.ICameraDeviceUser: int beginConfigure()>",
						"<android.hardware.camera2.legacy.CameraDeviceUserShim: void <clinit>()>",
						"key field: <android.hardware.camera2.legacy.CameraDeviceUserShim: boolean DEBUG>",
						"<android.hardware.camera2.legacy.CameraDeviceUserShim: android.hardware.camera2.legacy.CameraDeviceUserShim connectBinderShim(android.hardware.camera2.ICameraDeviceCallbacks,int)>"
					],
					"depth":2,
					"method":"<android.hardware.camera2.ICameraDeviceUser: int beginConfigure()>",
					"source":"FIELDCALLER"
				}
			],
			"keyAPIDiffClass":[
				{
					"trace":[
						"<android.hardware.camera2.legacy.CameraDeviceUserShim$CameraLooper: void run()>",
						"<android.hardware.camera2.legacy.CameraDeviceUserShim: void <clinit>()>",
						"key field: <android.hardware.camera2.legacy.CameraDeviceUserShim: boolean DEBUG>",
						"<android.hardware.camera2.legacy.CameraDeviceUserShim: android.hardware.camera2.legacy.CameraDeviceUserShim connectBinderShim(android.hardware.camera2.ICameraDeviceCallbacks,int)>"
					],
					"depth":2,
					"method":"<android.hardware.camera2.legacy.CameraDeviceUserShim$CameraLooper: void run()>",
					"source":"FIELDCALLER"
				},
				{
					"trace":[
						"<java.lang.Runnable: void run()>",
						"<android.hardware.camera2.legacy.CameraDeviceUserShim: void <clinit>()>",
						"key field: <android.hardware.camera2.legacy.CameraDeviceUserShim: boolean DEBUG>",
						"<android.hardware.camera2.legacy.CameraDeviceUserShim: android.hardware.camera2.legacy.CameraDeviceUserShim connectBinderShim(android.hardware.camera2.ICameraDeviceCallbacks,int)>"
					],
					"depth":2,
					"method":"<java.lang.Runnable: void run()>",
					"source":"FIELDCALLER"
				},
				{
					"trace":[
						"<android.hardware.camera2.impl.CameraDeviceImpl: boolean configureOutputsChecked(java.util.List)>",
						"<android.hardware.camera2.legacy.CameraDeviceUserShim$CameraLooper: void run()>",
						"<android.hardware.camera2.legacy.CameraDeviceUserShim: void <clinit>()>",
						"key field: <android.hardware.camera2.legacy.CameraDeviceUserShim: boolean DEBUG>",
						"<android.hardware.camera2.legacy.CameraDeviceUserShim: android.hardware.camera2.legacy.CameraDeviceUserShim connectBinderShim(android.hardware.camera2.ICameraDeviceCallbacks,int)>"
					],
					"depth":3,
					"method":"<android.hardware.camera2.impl.CameraDeviceImpl: boolean configureOutputsChecked(java.util.List)>",
					"source":"FIELDCALLER"
				},
				{
					"trace":[
						"<android.hardware.camera2.impl.CameraDeviceImpl: void stopRepeating()>",
						"<android.hardware.camera2.legacy.CameraDeviceUserShim: int cancelRequest(int,android.hardware.camera2.utils.LongParcelable)>",
						"<android.hardware.camera2.legacy.CameraDeviceUserShim: void <clinit>()>",
						"key field: <android.hardware.camera2.legacy.CameraDeviceUserShim: boolean DEBUG>",
						"<android.hardware.camera2.legacy.CameraDeviceUserShim: android.hardware.camera2.legacy.CameraDeviceUserShim connectBinderShim(android.hardware.camera2.ICameraDeviceCallbacks,int)>"
					],
					"depth":3,
					"method":"<android.hardware.camera2.impl.CameraDeviceImpl: void stopRepeating()>",
					"source":"FIELDCALLER"
				},
				{
					"trace":[
						"<android.hardware.camera2.impl.CameraCaptureSessionImpl$IdleDrainListener: void onDrained()>",
						"<android.hardware.camera2.impl.CameraDeviceImpl: boolean configureOutputsChecked(java.util.List)>",
						"<android.hardware.camera2.legacy.CameraDeviceUserShim$CameraLooper: void run()>",
						"<android.hardware.camera2.legacy.CameraDeviceUserShim: void <clinit>()>",
						"key field: <android.hardware.camera2.legacy.CameraDeviceUserShim: boolean DEBUG>",
						"<android.hardware.camera2.legacy.CameraDeviceUserShim: android.hardware.camera2.legacy.CameraDeviceUserShim connectBinderShim(android.hardware.camera2.ICameraDeviceCallbacks,int)>"
					],
					"depth":4,
					"method":"<android.hardware.camera2.impl.CameraCaptureSessionImpl$IdleDrainListener: void onDrained()>",
					"source":"FIELDCALLER"
				},
				{
					"trace":[
						"<android.hardware.camera2.utils.TaskDrainer$DrainListener: void onDrained()>",
						"<android.hardware.camera2.impl.CameraDeviceImpl: boolean configureOutputsChecked(java.util.List)>",
						"<android.hardware.camera2.legacy.CameraDeviceUserShim$CameraLooper: void run()>",
						"<android.hardware.camera2.legacy.CameraDeviceUserShim: void <clinit>()>",
						"key field: <android.hardware.camera2.legacy.CameraDeviceUserShim: boolean DEBUG>",
						"<android.hardware.camera2.legacy.CameraDeviceUserShim: android.hardware.camera2.legacy.CameraDeviceUserShim connectBinderShim(android.hardware.camera2.ICameraDeviceCallbacks,int)>"
					],
					"depth":4,
					"method":"<android.hardware.camera2.utils.TaskDrainer$DrainListener: void onDrained()>",
					"source":"FIELDCALLER"
				},
				{
					"trace":[
						"<android.hardware.camera2.impl.CameraDeviceImpl: void createCaptureSession(java.util.List,android.hardware.camera2.CameraCaptureSession$StateCallback,android.os.Handler)>",
						"<android.hardware.camera2.impl.CameraDeviceImpl: boolean configureOutputsChecked(java.util.List)>",
						"<android.hardware.camera2.legacy.CameraDeviceUserShim$CameraLooper: void run()>",
						"<android.hardware.camera2.legacy.CameraDeviceUserShim: void <clinit>()>",
						"key field: <android.hardware.camera2.legacy.CameraDeviceUserShim: boolean DEBUG>",
						"<android.hardware.camera2.legacy.CameraDeviceUserShim: android.hardware.camera2.legacy.CameraDeviceUserShim connectBinderShim(android.hardware.camera2.ICameraDeviceCallbacks,int)>"
					],
					"depth":4,
					"method":"<android.hardware.camera2.impl.CameraDeviceImpl: void createCaptureSession(java.util.List,android.hardware.camera2.CameraCaptureSession$StateCallback,android.os.Handler)>",
					"source":"FIELDCALLER"
				},
				{
					"trace":[
						"<android.hardware.camera2.CameraDevice: void createCaptureSession(java.util.List,android.hardware.camera2.CameraCaptureSession$StateCallback,android.os.Handler)>",
						"<android.hardware.camera2.impl.CameraDeviceImpl: boolean configureOutputsChecked(java.util.List)>",
						"<android.hardware.camera2.legacy.CameraDeviceUserShim$CameraLooper: void run()>",
						"<android.hardware.camera2.legacy.CameraDeviceUserShim: void <clinit>()>",
						"key field: <android.hardware.camera2.legacy.CameraDeviceUserShim: boolean DEBUG>",
						"<android.hardware.camera2.legacy.CameraDeviceUserShim: android.hardware.camera2.legacy.CameraDeviceUserShim connectBinderShim(android.hardware.camera2.ICameraDeviceCallbacks,int)>"
					],
					"depth":4,
					"method":"<android.hardware.camera2.CameraDevice: void createCaptureSession(java.util.List,android.hardware.camera2.CameraCaptureSession$StateCallback,android.os.Handler)>",
					"source":"FIELDCALLER"
				},
				{
					"trace":[
						"<android.hardware.camera2.impl.CameraDeviceImpl: void configureOutputs(java.util.List)>",
						"<android.hardware.camera2.impl.CameraDeviceImpl: boolean configureOutputsChecked(java.util.List)>",
						"<android.hardware.camera2.legacy.CameraDeviceUserShim$CameraLooper: void run()>",
						"<android.hardware.camera2.legacy.CameraDeviceUserShim: void <clinit>()>",
						"key field: <android.hardware.camera2.legacy.CameraDeviceUserShim: boolean DEBUG>",
						"<android.hardware.camera2.legacy.CameraDeviceUserShim: android.hardware.camera2.legacy.CameraDeviceUserShim connectBinderShim(android.hardware.camera2.ICameraDeviceCallbacks,int)>"
					],
					"depth":4,
					"method":"<android.hardware.camera2.impl.CameraDeviceImpl: void configureOutputs(java.util.List)>",
					"source":"FIELDCALLER"
				},
				{
					"trace":[
						"<android.hardware.camera2.CameraCaptureSession: void stopRepeating()>",
						"<android.hardware.camera2.impl.CameraDeviceImpl: void stopRepeating()>",
						"<android.hardware.camera2.legacy.CameraDeviceUserShim: int cancelRequest(int,android.hardware.camera2.utils.LongParcelable)>",
						"<android.hardware.camera2.legacy.CameraDeviceUserShim: void <clinit>()>",
						"key field: <android.hardware.camera2.legacy.CameraDeviceUserShim: boolean DEBUG>",
						"<android.hardware.camera2.legacy.CameraDeviceUserShim: android.hardware.camera2.legacy.CameraDeviceUserShim connectBinderShim(android.hardware.camera2.ICameraDeviceCallbacks,int)>"
					],
					"depth":4,
					"method":"<android.hardware.camera2.CameraCaptureSession: void stopRepeating()>",
					"source":"FIELDCALLER"
				},
				{
					"trace":[
						"<android.hardware.camera2.impl.CameraCaptureSessionImpl: void stopRepeating()>",
						"<android.hardware.camera2.impl.CameraDeviceImpl: void stopRepeating()>",
						"<android.hardware.camera2.legacy.CameraDeviceUserShim: int cancelRequest(int,android.hardware.camera2.utils.LongParcelable)>",
						"<android.hardware.camera2.legacy.CameraDeviceUserShim: void <clinit>()>",
						"key field: <android.hardware.camera2.legacy.CameraDeviceUserShim: boolean DEBUG>",
						"<android.hardware.camera2.legacy.CameraDeviceUserShim: android.hardware.camera2.legacy.CameraDeviceUserShim connectBinderShim(android.hardware.camera2.ICameraDeviceCallbacks,int)>"
					],
					"depth":4,
					"method":"<android.hardware.camera2.impl.CameraCaptureSessionImpl: void stopRepeating()>",
					"source":"FIELDCALLER"
				},
				{
					"trace":[
						"<android.hardware.camera2.CameraCaptureSession: void close()>",
						"<android.hardware.camera2.impl.CameraDeviceImpl: void stopRepeating()>",
						"<android.hardware.camera2.legacy.CameraDeviceUserShim: int cancelRequest(int,android.hardware.camera2.utils.LongParcelable)>",
						"<android.hardware.camera2.legacy.CameraDeviceUserShim: void <clinit>()>",
						"key field: <android.hardware.camera2.legacy.CameraDeviceUserShim: boolean DEBUG>",
						"<android.hardware.camera2.legacy.CameraDeviceUserShim: android.hardware.camera2.legacy.CameraDeviceUserShim connectBinderShim(android.hardware.camera2.ICameraDeviceCallbacks,int)>"
					],
					"depth":4,
					"method":"<android.hardware.camera2.CameraCaptureSession: void close()>",
					"source":"FIELDCALLER"
				},
				{
					"trace":[
						"<java.lang.AutoCloseable: void close()>",
						"<android.hardware.camera2.impl.CameraDeviceImpl: void stopRepeating()>",
						"<android.hardware.camera2.legacy.CameraDeviceUserShim: int cancelRequest(int,android.hardware.camera2.utils.LongParcelable)>",
						"<android.hardware.camera2.legacy.CameraDeviceUserShim: void <clinit>()>",
						"key field: <android.hardware.camera2.legacy.CameraDeviceUserShim: boolean DEBUG>",
						"<android.hardware.camera2.legacy.CameraDeviceUserShim: android.hardware.camera2.legacy.CameraDeviceUserShim connectBinderShim(android.hardware.camera2.ICameraDeviceCallbacks,int)>"
					],
					"depth":4,
					"method":"<java.lang.AutoCloseable: void close()>",
					"source":"FIELDCALLER"
				},
				{
					"trace":[
						"<android.hardware.camera2.impl.CameraCaptureSessionImpl: void close()>",
						"<android.hardware.camera2.impl.CameraDeviceImpl: void stopRepeating()>",
						"<android.hardware.camera2.legacy.CameraDeviceUserShim: int cancelRequest(int,android.hardware.camera2.utils.LongParcelable)>",
						"<android.hardware.camera2.legacy.CameraDeviceUserShim: void <clinit>()>",
						"key field: <android.hardware.camera2.legacy.CameraDeviceUserShim: boolean DEBUG>",
						"<android.hardware.camera2.legacy.CameraDeviceUserShim: android.hardware.camera2.legacy.CameraDeviceUserShim connectBinderShim(android.hardware.camera2.ICameraDeviceCallbacks,int)>"
					],
					"depth":4,
					"method":"<android.hardware.camera2.impl.CameraCaptureSessionImpl: void close()>",
					"source":"FIELDCALLER"
				},
				{
					"trace":[
						"<android.hardware.camera2.utils.TaskDrainer$1: void run()>",
						"<android.hardware.camera2.impl.CameraCaptureSessionImpl$IdleDrainListener: void onDrained()>",
						"<android.hardware.camera2.impl.CameraDeviceImpl: boolean configureOutputsChecked(java.util.List)>",
						"<android.hardware.camera2.legacy.CameraDeviceUserShim$CameraLooper: void run()>",
						"<android.hardware.camera2.legacy.CameraDeviceUserShim: void <clinit>()>",
						"key field: <android.hardware.camera2.legacy.CameraDeviceUserShim: boolean DEBUG>",
						"<android.hardware.camera2.legacy.CameraDeviceUserShim: android.hardware.camera2.legacy.CameraDeviceUserShim connectBinderShim(android.hardware.camera2.ICameraDeviceCallbacks,int)>"
					],
					"depth":5,
					"method":"<android.hardware.camera2.utils.TaskDrainer$1: void run()>",
					"source":"FIELDCALLER"
				},
				{
					"trace":[
						"<android.hardware.camera2.impl.CameraDeviceImpl: int capture(android.hardware.camera2.CaptureRequest,android.hardware.camera2.impl.CameraDeviceImpl$CaptureCallback,android.os.Handler)>",
						"<android.hardware.camera2.impl.CameraDeviceImpl: int submitCaptureRequest(java.util.List,android.hardware.camera2.impl.CameraDeviceImpl$CaptureCallback,android.os.Handler,boolean)>",
						"<android.hardware.camera2.impl.CameraDeviceImpl: void stopRepeating()>",
						"<android.hardware.camera2.legacy.CameraDeviceUserShim: int cancelRequest(int,android.hardware.camera2.utils.LongParcelable)>",
						"<android.hardware.camera2.legacy.CameraDeviceUserShim: void <clinit>()>",
						"key field: <android.hardware.camera2.legacy.CameraDeviceUserShim: boolean DEBUG>",
						"<android.hardware.camera2.legacy.CameraDeviceUserShim: android.hardware.camera2.legacy.CameraDeviceUserShim connectBinderShim(android.hardware.camera2.ICameraDeviceCallbacks,int)>"
					],
					"depth":5,
					"method":"<android.hardware.camera2.impl.CameraDeviceImpl: int capture(android.hardware.camera2.CaptureRequest,android.hardware.camera2.impl.CameraDeviceImpl$CaptureCallback,android.os.Handler)>",
					"source":"FIELDCALLER"
				},
				{
					"trace":[
						"<android.hardware.camera2.impl.CameraDeviceImpl: int setRepeatingBurst(java.util.List,android.hardware.camera2.impl.CameraDeviceImpl$CaptureCallback,android.os.Handler)>",
						"<android.hardware.camera2.impl.CameraDeviceImpl: int submitCaptureRequest(java.util.List,android.hardware.camera2.impl.CameraDeviceImpl$CaptureCallback,android.os.Handler,boolean)>",
						"<android.hardware.camera2.impl.CameraDeviceImpl: void stopRepeating()>",
						"<android.hardware.camera2.legacy.CameraDeviceUserShim: int cancelRequest(int,android.hardware.camera2.utils.LongParcelable)>",
						"<android.hardware.camera2.legacy.CameraDeviceUserShim: void <clinit>()>",
						"key field: <android.hardware.camera2.legacy.CameraDeviceUserShim: boolean DEBUG>",
						"<android.hardware.camera2.legacy.CameraDeviceUserShim: android.hardware.camera2.legacy.CameraDeviceUserShim connectBinderShim(android.hardware.camera2.ICameraDeviceCallbacks,int)>"
					],
					"depth":5,
					"method":"<android.hardware.camera2.impl.CameraDeviceImpl: int setRepeatingBurst(java.util.List,android.hardware.camera2.impl.CameraDeviceImpl$CaptureCallback,android.os.Handler)>",
					"source":"FIELDCALLER"
				},
				{
					"trace":[
						"<android.hardware.camera2.impl.CameraDeviceImpl: int setRepeatingRequest(android.hardware.camera2.CaptureRequest,android.hardware.camera2.impl.CameraDeviceImpl$CaptureCallback,android.os.Handler)>",
						"<android.hardware.camera2.impl.CameraDeviceImpl: int submitCaptureRequest(java.util.List,android.hardware.camera2.impl.CameraDeviceImpl$CaptureCallback,android.os.Handler,boolean)>",
						"<android.hardware.camera2.impl.CameraDeviceImpl: void stopRepeating()>",
						"<android.hardware.camera2.legacy.CameraDeviceUserShim: int cancelRequest(int,android.hardware.camera2.utils.LongParcelable)>",
						"<android.hardware.camera2.legacy.CameraDeviceUserShim: void <clinit>()>",
						"key field: <android.hardware.camera2.legacy.CameraDeviceUserShim: boolean DEBUG>",
						"<android.hardware.camera2.legacy.CameraDeviceUserShim: android.hardware.camera2.legacy.CameraDeviceUserShim connectBinderShim(android.hardware.camera2.ICameraDeviceCallbacks,int)>"
					],
					"depth":5,
					"method":"<android.hardware.camera2.impl.CameraDeviceImpl: int setRepeatingRequest(android.hardware.camera2.CaptureRequest,android.hardware.camera2.impl.CameraDeviceImpl$CaptureCallback,android.os.Handler)>",
					"source":"FIELDCALLER"
				},
				{
					"trace":[
						"<android.hardware.camera2.impl.CameraDeviceImpl: int captureBurst(java.util.List,android.hardware.camera2.impl.CameraDeviceImpl$CaptureCallback,android.os.Handler)>",
						"<android.hardware.camera2.impl.CameraDeviceImpl: int submitCaptureRequest(java.util.List,android.hardware.camera2.impl.CameraDeviceImpl$CaptureCallback,android.os.Handler,boolean)>",
						"<android.hardware.camera2.impl.CameraDeviceImpl: void stopRepeating()>",
						"<android.hardware.camera2.legacy.CameraDeviceUserShim: int cancelRequest(int,android.hardware.camera2.utils.LongParcelable)>",
						"<android.hardware.camera2.legacy.CameraDeviceUserShim: void <clinit>()>",
						"key field: <android.hardware.camera2.legacy.CameraDeviceUserShim: boolean DEBUG>",
						"<android.hardware.camera2.legacy.CameraDeviceUserShim: android.hardware.camera2.legacy.CameraDeviceUserShim connectBinderShim(android.hardware.camera2.ICameraDeviceCallbacks,int)>"
					],
					"depth":5,
					"method":"<android.hardware.camera2.impl.CameraDeviceImpl: int captureBurst(java.util.List,android.hardware.camera2.impl.CameraDeviceImpl$CaptureCallback,android.os.Handler)>",
					"source":"FIELDCALLER"
				},
				{
					"trace":[
						"<android.hardware.camera2.CameraDevice$StateCallback: void onDisconnected(android.hardware.camera2.CameraDevice)>",
						"<android.hardware.camera2.impl.CameraCaptureSessionImpl: void close()>",
						"<android.hardware.camera2.impl.CameraDeviceImpl: void stopRepeating()>",
						"<android.hardware.camera2.legacy.CameraDeviceUserShim: int cancelRequest(int,android.hardware.camera2.utils.LongParcelable)>",
						"<android.hardware.camera2.legacy.CameraDeviceUserShim: void <clinit>()>",
						"key field: <android.hardware.camera2.legacy.CameraDeviceUserShim: boolean DEBUG>",
						"<android.hardware.camera2.legacy.CameraDeviceUserShim: android.hardware.camera2.legacy.CameraDeviceUserShim connectBinderShim(android.hardware.camera2.ICameraDeviceCallbacks,int)>"
					],
					"depth":5,
					"method":"<android.hardware.camera2.CameraDevice$StateCallback: void onDisconnected(android.hardware.camera2.CameraDevice)>",
					"source":"FIELDCALLER"
				},
				{
					"trace":[
						"<android.hardware.camera2.impl.CameraCaptureSessionImpl$2: void onDisconnected(android.hardware.camera2.CameraDevice)>",
						"<android.hardware.camera2.impl.CameraCaptureSessionImpl: void close()>",
						"<android.hardware.camera2.impl.CameraDeviceImpl: void stopRepeating()>",
						"<android.hardware.camera2.legacy.CameraDeviceUserShim: int cancelRequest(int,android.hardware.camera2.utils.LongParcelable)>",
						"<android.hardware.camera2.legacy.CameraDeviceUserShim: void <clinit>()>",
						"key field: <android.hardware.camera2.legacy.CameraDeviceUserShim: boolean DEBUG>",
						"<android.hardware.camera2.legacy.CameraDeviceUserShim: android.hardware.camera2.legacy.CameraDeviceUserShim connectBinderShim(android.hardware.camera2.ICameraDeviceCallbacks,int)>"
					],
					"depth":5,
					"method":"<android.hardware.camera2.impl.CameraCaptureSessionImpl$2: void onDisconnected(android.hardware.camera2.CameraDevice)>",
					"source":"FIELDCALLER"
				},
				{
					"trace":[
						"<android.view.Choreographer$CallbackRecord: void run(long)>",
						"<android.hardware.camera2.utils.TaskDrainer$1: void run()>",
						"<android.hardware.camera2.impl.CameraCaptureSessionImpl$IdleDrainListener: void onDrained()>",
						"<android.hardware.camera2.impl.CameraDeviceImpl: boolean configureOutputsChecked(java.util.List)>",
						"<android.hardware.camera2.legacy.CameraDeviceUserShim$CameraLooper: void run()>",
						"<android.hardware.camera2.legacy.CameraDeviceUserShim: void <clinit>()>",
						"key field: <android.hardware.camera2.legacy.CameraDeviceUserShim: boolean DEBUG>",
						"<android.hardware.camera2.legacy.CameraDeviceUserShim: android.hardware.camera2.legacy.CameraDeviceUserShim connectBinderShim(android.hardware.camera2.ICameraDeviceCallbacks,int)>"
					],
					"depth":6,
					"method":"<android.view.Choreographer$CallbackRecord: void run(long)>",
					"source":"FIELDCALLER"
				},
				{
					"trace":[
						"<android.widget.TextClock$3: void run()>",
						"<android.hardware.camera2.utils.TaskDrainer$1: void run()>",
						"<android.hardware.camera2.impl.CameraCaptureSessionImpl$IdleDrainListener: void onDrained()>",
						"<android.hardware.camera2.impl.CameraDeviceImpl: boolean configureOutputsChecked(java.util.List)>",
						"<android.hardware.camera2.legacy.CameraDeviceUserShim$CameraLooper: void run()>",
						"<android.hardware.camera2.legacy.CameraDeviceUserShim: void <clinit>()>",
						"key field: <android.hardware.camera2.legacy.CameraDeviceUserShim: boolean DEBUG>",
						"<android.hardware.camera2.legacy.CameraDeviceUserShim: android.hardware.camera2.legacy.CameraDeviceUserShim connectBinderShim(android.hardware.camera2.ICameraDeviceCallbacks,int)>"
					],
					"depth":6,
					"method":"<android.widget.TextClock$3: void run()>",
					"source":"FIELDCALLER"
				},
				{
					"trace":[
						"<android.hardware.camera2.CameraCaptureSession: int capture(android.hardware.camera2.CaptureRequest,android.hardware.camera2.CameraCaptureSession$CaptureCallback,android.os.Handler)>",
						"<android.hardware.camera2.impl.CameraDeviceImpl: int capture(android.hardware.camera2.CaptureRequest,android.hardware.camera2.impl.CameraDeviceImpl$CaptureCallback,android.os.Handler)>",
						"<android.hardware.camera2.impl.CameraDeviceImpl: int submitCaptureRequest(java.util.List,android.hardware.camera2.impl.CameraDeviceImpl$CaptureCallback,android.os.Handler,boolean)>",
						"<android.hardware.camera2.impl.CameraDeviceImpl: void stopRepeating()>",
						"<android.hardware.camera2.legacy.CameraDeviceUserShim: int cancelRequest(int,android.hardware.camera2.utils.LongParcelable)>",
						"<android.hardware.camera2.legacy.CameraDeviceUserShim: void <clinit>()>",
						"key field: <android.hardware.camera2.legacy.CameraDeviceUserShim: boolean DEBUG>",
						"<android.hardware.camera2.legacy.CameraDeviceUserShim: android.hardware.camera2.legacy.CameraDeviceUserShim connectBinderShim(android.hardware.camera2.ICameraDeviceCallbacks,int)>"
					],
					"depth":6,
					"method":"<android.hardware.camera2.CameraCaptureSession: int capture(android.hardware.camera2.CaptureRequest,android.hardware.camera2.CameraCaptureSession$CaptureCallback,android.os.Handler)>",
					"source":"FIELDCALLER"
				},
				{
					"trace":[
						"<android.hardware.camera2.impl.CameraCaptureSessionImpl: int capture(android.hardware.camera2.CaptureRequest,android.hardware.camera2.CameraCaptureSession$CaptureCallback,android.os.Handler)>",
						"<android.hardware.camera2.impl.CameraDeviceImpl: int capture(android.hardware.camera2.CaptureRequest,android.hardware.camera2.impl.CameraDeviceImpl$CaptureCallback,android.os.Handler)>",
						"<android.hardware.camera2.impl.CameraDeviceImpl: int submitCaptureRequest(java.util.List,android.hardware.camera2.impl.CameraDeviceImpl$CaptureCallback,android.os.Handler,boolean)>",
						"<android.hardware.camera2.impl.CameraDeviceImpl: void stopRepeating()>",
						"<android.hardware.camera2.legacy.CameraDeviceUserShim: int cancelRequest(int,android.hardware.camera2.utils.LongParcelable)>",
						"<android.hardware.camera2.legacy.CameraDeviceUserShim: void <clinit>()>",
						"key field: <android.hardware.camera2.legacy.CameraDeviceUserShim: boolean DEBUG>",
						"<android.hardware.camera2.legacy.CameraDeviceUserShim: android.hardware.camera2.legacy.CameraDeviceUserShim connectBinderShim(android.hardware.camera2.ICameraDeviceCallbacks,int)>"
					],
					"depth":6,
					"method":"<android.hardware.camera2.impl.CameraCaptureSessionImpl: int capture(android.hardware.camera2.CaptureRequest,android.hardware.camera2.CameraCaptureSession$CaptureCallback,android.os.Handler)>",
					"source":"FIELDCALLER"
				},
				{
					"trace":[
						"<android.hardware.camera2.CameraCaptureSession: int setRepeatingBurst(java.util.List,android.hardware.camera2.CameraCaptureSession$CaptureCallback,android.os.Handler)>",
						"<android.hardware.camera2.impl.CameraDeviceImpl: int setRepeatingBurst(java.util.List,android.hardware.camera2.impl.CameraDeviceImpl$CaptureCallback,android.os.Handler)>",
						"<android.hardware.camera2.impl.CameraDeviceImpl: int submitCaptureRequest(java.util.List,android.hardware.camera2.impl.CameraDeviceImpl$CaptureCallback,android.os.Handler,boolean)>",
						"<android.hardware.camera2.impl.CameraDeviceImpl: void stopRepeating()>",
						"<android.hardware.camera2.legacy.CameraDeviceUserShim: int cancelRequest(int,android.hardware.camera2.utils.LongParcelable)>",
						"<android.hardware.camera2.legacy.CameraDeviceUserShim: void <clinit>()>",
						"key field: <android.hardware.camera2.legacy.CameraDeviceUserShim: boolean DEBUG>",
						"<android.hardware.camera2.legacy.CameraDeviceUserShim: android.hardware.camera2.legacy.CameraDeviceUserShim connectBinderShim(android.hardware.camera2.ICameraDeviceCallbacks,int)>"
					],
					"depth":6,
					"method":"<android.hardware.camera2.CameraCaptureSession: int setRepeatingBurst(java.util.List,android.hardware.camera2.CameraCaptureSession$CaptureCallback,android.os.Handler)>",
					"source":"FIELDCALLER"
				},
				{
					"trace":[
						"<android.hardware.camera2.impl.CameraCaptureSessionImpl: int setRepeatingBurst(java.util.List,android.hardware.camera2.CameraCaptureSession$CaptureCallback,android.os.Handler)>",
						"<android.hardware.camera2.impl.CameraDeviceImpl: int setRepeatingBurst(java.util.List,android.hardware.camera2.impl.CameraDeviceImpl$CaptureCallback,android.os.Handler)>",
						"<android.hardware.camera2.impl.CameraDeviceImpl: int submitCaptureRequest(java.util.List,android.hardware.camera2.impl.CameraDeviceImpl$CaptureCallback,android.os.Handler,boolean)>",
						"<android.hardware.camera2.impl.CameraDeviceImpl: void stopRepeating()>",
						"<android.hardware.camera2.legacy.CameraDeviceUserShim: int cancelRequest(int,android.hardware.camera2.utils.LongParcelable)>",
						"<android.hardware.camera2.legacy.CameraDeviceUserShim: void <clinit>()>",
						"key field: <android.hardware.camera2.legacy.CameraDeviceUserShim: boolean DEBUG>",
						"<android.hardware.camera2.legacy.CameraDeviceUserShim: android.hardware.camera2.legacy.CameraDeviceUserShim connectBinderShim(android.hardware.camera2.ICameraDeviceCallbacks,int)>"
					],
					"depth":6,
					"method":"<android.hardware.camera2.impl.CameraCaptureSessionImpl: int setRepeatingBurst(java.util.List,android.hardware.camera2.CameraCaptureSession$CaptureCallback,android.os.Handler)>",
					"source":"FIELDCALLER"
				},
				{
					"trace":[
						"<android.hardware.camera2.CameraCaptureSession: int setRepeatingRequest(android.hardware.camera2.CaptureRequest,android.hardware.camera2.CameraCaptureSession$CaptureCallback,android.os.Handler)>",
						"<android.hardware.camera2.impl.CameraDeviceImpl: int setRepeatingRequest(android.hardware.camera2.CaptureRequest,android.hardware.camera2.impl.CameraDeviceImpl$CaptureCallback,android.os.Handler)>",
						"<android.hardware.camera2.impl.CameraDeviceImpl: int submitCaptureRequest(java.util.List,android.hardware.camera2.impl.CameraDeviceImpl$CaptureCallback,android.os.Handler,boolean)>",
						"<android.hardware.camera2.impl.CameraDeviceImpl: void stopRepeating()>",
						"<android.hardware.camera2.legacy.CameraDeviceUserShim: int cancelRequest(int,android.hardware.camera2.utils.LongParcelable)>",
						"<android.hardware.camera2.legacy.CameraDeviceUserShim: void <clinit>()>",
						"key field: <android.hardware.camera2.legacy.CameraDeviceUserShim: boolean DEBUG>",
						"<android.hardware.camera2.legacy.CameraDeviceUserShim: android.hardware.camera2.legacy.CameraDeviceUserShim connectBinderShim(android.hardware.camera2.ICameraDeviceCallbacks,int)>"
					],
					"depth":6,
					"method":"<android.hardware.camera2.CameraCaptureSession: int setRepeatingRequest(android.hardware.camera2.CaptureRequest,android.hardware.camera2.CameraCaptureSession$CaptureCallback,android.os.Handler)>",
					"source":"FIELDCALLER"
				},
				{
					"trace":[
						"<android.hardware.camera2.impl.CameraCaptureSessionImpl: int setRepeatingRequest(android.hardware.camera2.CaptureRequest,android.hardware.camera2.CameraCaptureSession$CaptureCallback,android.os.Handler)>",
						"<android.hardware.camera2.impl.CameraDeviceImpl: int setRepeatingRequest(android.hardware.camera2.CaptureRequest,android.hardware.camera2.impl.CameraDeviceImpl$CaptureCallback,android.os.Handler)>",
						"<android.hardware.camera2.impl.CameraDeviceImpl: int submitCaptureRequest(java.util.List,android.hardware.camera2.impl.CameraDeviceImpl$CaptureCallback,android.os.Handler,boolean)>",
						"<android.hardware.camera2.impl.CameraDeviceImpl: void stopRepeating()>",
						"<android.hardware.camera2.legacy.CameraDeviceUserShim: int cancelRequest(int,android.hardware.camera2.utils.LongParcelable)>",
						"<android.hardware.camera2.legacy.CameraDeviceUserShim: void <clinit>()>",
						"key field: <android.hardware.camera2.legacy.CameraDeviceUserShim: boolean DEBUG>",
						"<android.hardware.camera2.legacy.CameraDeviceUserShim: android.hardware.camera2.legacy.CameraDeviceUserShim connectBinderShim(android.hardware.camera2.ICameraDeviceCallbacks,int)>"
					],
					"depth":6,
					"method":"<android.hardware.camera2.impl.CameraCaptureSessionImpl: int setRepeatingRequest(android.hardware.camera2.CaptureRequest,android.hardware.camera2.CameraCaptureSession$CaptureCallback,android.os.Handler)>",
					"source":"FIELDCALLER"
				},
				{
					"trace":[
						"<android.hardware.camera2.CameraCaptureSession: int captureBurst(java.util.List,android.hardware.camera2.CameraCaptureSession$CaptureCallback,android.os.Handler)>",
						"<android.hardware.camera2.impl.CameraDeviceImpl: int captureBurst(java.util.List,android.hardware.camera2.impl.CameraDeviceImpl$CaptureCallback,android.os.Handler)>",
						"<android.hardware.camera2.impl.CameraDeviceImpl: int submitCaptureRequest(java.util.List,android.hardware.camera2.impl.CameraDeviceImpl$CaptureCallback,android.os.Handler,boolean)>",
						"<android.hardware.camera2.impl.CameraDeviceImpl: void stopRepeating()>",
						"<android.hardware.camera2.legacy.CameraDeviceUserShim: int cancelRequest(int,android.hardware.camera2.utils.LongParcelable)>",
						"<android.hardware.camera2.legacy.CameraDeviceUserShim: void <clinit>()>",
						"key field: <android.hardware.camera2.legacy.CameraDeviceUserShim: boolean DEBUG>",
						"<android.hardware.camera2.legacy.CameraDeviceUserShim: android.hardware.camera2.legacy.CameraDeviceUserShim connectBinderShim(android.hardware.camera2.ICameraDeviceCallbacks,int)>"
					],
					"depth":6,
					"method":"<android.hardware.camera2.CameraCaptureSession: int captureBurst(java.util.List,android.hardware.camera2.CameraCaptureSession$CaptureCallback,android.os.Handler)>",
					"source":"FIELDCALLER"
				},
				{
					"trace":[
						"<android.hardware.camera2.impl.CameraCaptureSessionImpl: int captureBurst(java.util.List,android.hardware.camera2.CameraCaptureSession$CaptureCallback,android.os.Handler)>",
						"<android.hardware.camera2.impl.CameraDeviceImpl: int captureBurst(java.util.List,android.hardware.camera2.impl.CameraDeviceImpl$CaptureCallback,android.os.Handler)>",
						"<android.hardware.camera2.impl.CameraDeviceImpl: int submitCaptureRequest(java.util.List,android.hardware.camera2.impl.CameraDeviceImpl$CaptureCallback,android.os.Handler,boolean)>",
						"<android.hardware.camera2.impl.CameraDeviceImpl: void stopRepeating()>",
						"<android.hardware.camera2.legacy.CameraDeviceUserShim: int cancelRequest(int,android.hardware.camera2.utils.LongParcelable)>",
						"<android.hardware.camera2.legacy.CameraDeviceUserShim: void <clinit>()>",
						"key field: <android.hardware.camera2.legacy.CameraDeviceUserShim: boolean DEBUG>",
						"<android.hardware.camera2.legacy.CameraDeviceUserShim: android.hardware.camera2.legacy.CameraDeviceUserShim connectBinderShim(android.hardware.camera2.ICameraDeviceCallbacks,int)>"
					],
					"depth":6,
					"method":"<android.hardware.camera2.impl.CameraCaptureSessionImpl: int captureBurst(java.util.List,android.hardware.camera2.CameraCaptureSession$CaptureCallback,android.os.Handler)>",
					"source":"FIELDCALLER"
				},
				{
					"trace":[
						"<android.hardware.camera2.impl.CameraDeviceImpl$7: void run()>",
						"<android.hardware.camera2.impl.CameraCaptureSessionImpl$2: void onDisconnected(android.hardware.camera2.CameraDevice)>",
						"<android.hardware.camera2.impl.CameraCaptureSessionImpl: void close()>",
						"<android.hardware.camera2.impl.CameraDeviceImpl: void stopRepeating()>",
						"<android.hardware.camera2.legacy.CameraDeviceUserShim: int cancelRequest(int,android.hardware.camera2.utils.LongParcelable)>",
						"<android.hardware.camera2.legacy.CameraDeviceUserShim: void <clinit>()>",
						"key field: <android.hardware.camera2.legacy.CameraDeviceUserShim: boolean DEBUG>",
						"<android.hardware.camera2.legacy.CameraDeviceUserShim: android.hardware.camera2.legacy.CameraDeviceUserShim connectBinderShim(android.hardware.camera2.ICameraDeviceCallbacks,int)>"
					],
					"depth":6,
					"method":"<android.hardware.camera2.impl.CameraDeviceImpl$7: void run()>",
					"source":"FIELDCALLER"
				},
				{
					"trace":[
						"<android.hardware.camera2.impl.CameraDeviceImpl$8: void run()>",
						"<android.hardware.camera2.impl.CameraCaptureSessionImpl$2: void onDisconnected(android.hardware.camera2.CameraDevice)>",
						"<android.hardware.camera2.impl.CameraCaptureSessionImpl: void close()>",
						"<android.hardware.camera2.impl.CameraDeviceImpl: void stopRepeating()>",
						"<android.hardware.camera2.legacy.CameraDeviceUserShim: int cancelRequest(int,android.hardware.camera2.utils.LongParcelable)>",
						"<android.hardware.camera2.legacy.CameraDeviceUserShim: void <clinit>()>",
						"key field: <android.hardware.camera2.legacy.CameraDeviceUserShim: boolean DEBUG>",
						"<android.hardware.camera2.legacy.CameraDeviceUserShim: android.hardware.camera2.legacy.CameraDeviceUserShim connectBinderShim(android.hardware.camera2.ICameraDeviceCallbacks,int)>"
					],
					"depth":6,
					"method":"<android.hardware.camera2.impl.CameraDeviceImpl$8: void run()>",
					"source":"FIELDCALLER"
				},
				{
					"trace":[
						"<android.app.SharedPreferencesImpl$2: void run()>",
						"<android.widget.TextClock$3: void run()>",
						"<android.hardware.camera2.utils.TaskDrainer$1: void run()>",
						"<android.hardware.camera2.impl.CameraCaptureSessionImpl$IdleDrainListener: void onDrained()>",
						"<android.hardware.camera2.impl.CameraDeviceImpl: boolean configureOutputsChecked(java.util.List)>",
						"<android.hardware.camera2.legacy.CameraDeviceUserShim$CameraLooper: void run()>",
						"<android.hardware.camera2.legacy.CameraDeviceUserShim: void <clinit>()>",
						"key field: <android.hardware.camera2.legacy.CameraDeviceUserShim: boolean DEBUG>",
						"<android.hardware.camera2.legacy.CameraDeviceUserShim: android.hardware.camera2.legacy.CameraDeviceUserShim connectBinderShim(android.hardware.camera2.ICameraDeviceCallbacks,int)>"
					],
					"depth":7,
					"method":"<android.app.SharedPreferencesImpl$2: void run()>",
					"source":"FIELDCALLER"
				},
				{
					"trace":[
						"<android.hardware.camera2.utils.TaskDrainer: void beginDrain()>",
						"<android.hardware.camera2.utils.TaskDrainer: void checkIfDrainFinished()>",
						"<android.hardware.camera2.utils.TaskDrainer: void postDrained()>",
						"<android.hardware.camera2.utils.TaskDrainer$1: void run()>",
						"<android.hardware.camera2.impl.CameraCaptureSessionImpl$IdleDrainListener: void onDrained()>",
						"<android.hardware.camera2.impl.CameraDeviceImpl: boolean configureOutputsChecked(java.util.List)>",
						"<android.hardware.camera2.legacy.CameraDeviceUserShim$CameraLooper: void run()>",
						"<android.hardware.camera2.legacy.CameraDeviceUserShim: void <clinit>()>",
						"key field: <android.hardware.camera2.legacy.CameraDeviceUserShim: boolean DEBUG>",
						"<android.hardware.camera2.legacy.CameraDeviceUserShim: android.hardware.camera2.legacy.CameraDeviceUserShim connectBinderShim(android.hardware.camera2.ICameraDeviceCallbacks,int)>"
					],
					"depth":8,
					"method":"<android.hardware.camera2.utils.TaskDrainer: void beginDrain()>",
					"source":"FIELDCALLER"
				},
				{
					"trace":[
						"<android.hardware.camera2.utils.TaskDrainer: void taskFinished(java.lang.Object)>",
						"<android.hardware.camera2.utils.TaskDrainer: void checkIfDrainFinished()>",
						"<android.hardware.camera2.utils.TaskDrainer: void postDrained()>",
						"<android.hardware.camera2.utils.TaskDrainer$1: void run()>",
						"<android.hardware.camera2.impl.CameraCaptureSessionImpl$IdleDrainListener: void onDrained()>",
						"<android.hardware.camera2.impl.CameraDeviceImpl: boolean configureOutputsChecked(java.util.List)>",
						"<android.hardware.camera2.legacy.CameraDeviceUserShim$CameraLooper: void run()>",
						"<android.hardware.camera2.legacy.CameraDeviceUserShim: void <clinit>()>",
						"key field: <android.hardware.camera2.legacy.CameraDeviceUserShim: boolean DEBUG>",
						"<android.hardware.camera2.legacy.CameraDeviceUserShim: android.hardware.camera2.legacy.CameraDeviceUserShim connectBinderShim(android.hardware.camera2.ICameraDeviceCallbacks,int)>"
					],
					"depth":8,
					"method":"<android.hardware.camera2.utils.TaskDrainer: void taskFinished(java.lang.Object)>",
					"source":"FIELDCALLER"
				},
				{
					"trace":[
						"<android.os.AsyncTask$SerialExecutor$1: void run()>",
						"<android.app.SharedPreferencesImpl$2: void run()>",
						"<android.widget.TextClock$3: void run()>",
						"<android.hardware.camera2.utils.TaskDrainer$1: void run()>",
						"<android.hardware.camera2.impl.CameraCaptureSessionImpl$IdleDrainListener: void onDrained()>",
						"<android.hardware.camera2.impl.CameraDeviceImpl: boolean configureOutputsChecked(java.util.List)>",
						"<android.hardware.camera2.legacy.CameraDeviceUserShim$CameraLooper: void run()>",
						"<android.hardware.camera2.legacy.CameraDeviceUserShim: void <clinit>()>",
						"key field: <android.hardware.camera2.legacy.CameraDeviceUserShim: boolean DEBUG>",
						"<android.hardware.camera2.legacy.CameraDeviceUserShim: android.hardware.camera2.legacy.CameraDeviceUserShim connectBinderShim(android.hardware.camera2.ICameraDeviceCallbacks,int)>"
					],
					"depth":8,
					"method":"<android.os.AsyncTask$SerialExecutor$1: void run()>",
					"source":"FIELDCALLER"
				},
				{
					"trace":[
						"<android.widget.DigitalClock$1: void run()>",
						"<android.app.SharedPreferencesImpl$2: void run()>",
						"<android.widget.TextClock$3: void run()>",
						"<android.hardware.camera2.utils.TaskDrainer$1: void run()>",
						"<android.hardware.camera2.impl.CameraCaptureSessionImpl$IdleDrainListener: void onDrained()>",
						"<android.hardware.camera2.impl.CameraDeviceImpl: boolean configureOutputsChecked(java.util.List)>",
						"<android.hardware.camera2.legacy.CameraDeviceUserShim$CameraLooper: void run()>",
						"<android.hardware.camera2.legacy.CameraDeviceUserShim: void <clinit>()>",
						"key field: <android.hardware.camera2.legacy.CameraDeviceUserShim: boolean DEBUG>",
						"<android.hardware.camera2.legacy.CameraDeviceUserShim: android.hardware.camera2.legacy.CameraDeviceUserShim connectBinderShim(android.hardware.camera2.ICameraDeviceCallbacks,int)>"
					],
					"depth":8,
					"method":"<android.widget.DigitalClock$1: void run()>",
					"source":"FIELDCALLER"
				},
				{
					"trace":[
						"<android.app.SharedPreferencesImpl$EditorImpl$2: void run()>",
						"<android.app.SharedPreferencesImpl$2: void run()>",
						"<android.widget.TextClock$3: void run()>",
						"<android.hardware.camera2.utils.TaskDrainer$1: void run()>",
						"<android.hardware.camera2.impl.CameraCaptureSessionImpl$IdleDrainListener: void onDrained()>",
						"<android.hardware.camera2.impl.CameraDeviceImpl: boolean configureOutputsChecked(java.util.List)>",
						"<android.hardware.camera2.legacy.CameraDeviceUserShim$CameraLooper: void run()>",
						"<android.hardware.camera2.legacy.CameraDeviceUserShim: void <clinit>()>",
						"key field: <android.hardware.camera2.legacy.CameraDeviceUserShim: boolean DEBUG>",
						"<android.hardware.camera2.legacy.CameraDeviceUserShim: android.hardware.camera2.legacy.CameraDeviceUserShim connectBinderShim(android.hardware.camera2.ICameraDeviceCallbacks,int)>"
					],
					"depth":8,
					"method":"<android.app.SharedPreferencesImpl$EditorImpl$2: void run()>",
					"source":"FIELDCALLER"
				},
				{
					"trace":[
						"<android.test.InstrumentationTestCase$1: void run()>",
						"<android.app.SharedPreferencesImpl$2: void run()>",
						"<android.widget.TextClock$3: void run()>",
						"<android.hardware.camera2.utils.TaskDrainer$1: void run()>",
						"<android.hardware.camera2.impl.CameraCaptureSessionImpl$IdleDrainListener: void onDrained()>",
						"<android.hardware.camera2.impl.CameraDeviceImpl: boolean configureOutputsChecked(java.util.List)>",
						"<android.hardware.camera2.legacy.CameraDeviceUserShim$CameraLooper: void run()>",
						"<android.hardware.camera2.legacy.CameraDeviceUserShim: void <clinit>()>",
						"key field: <android.hardware.camera2.legacy.CameraDeviceUserShim: boolean DEBUG>",
						"<android.hardware.camera2.legacy.CameraDeviceUserShim: android.hardware.camera2.legacy.CameraDeviceUserShim connectBinderShim(android.hardware.camera2.ICameraDeviceCallbacks,int)>"
					],
					"depth":8,
					"method":"<android.test.InstrumentationTestCase$1: void run()>",
					"source":"FIELDCALLER"
				},
				{
					"trace":[
						"<android.app.Instrumentation$SyncRunnable: void run()>",
						"<android.app.SharedPreferencesImpl$2: void run()>",
						"<android.widget.TextClock$3: void run()>",
						"<android.hardware.camera2.utils.TaskDrainer$1: void run()>",
						"<android.hardware.camera2.impl.CameraCaptureSessionImpl$IdleDrainListener: void onDrained()>",
						"<android.hardware.camera2.impl.CameraDeviceImpl: boolean configureOutputsChecked(java.util.List)>",
						"<android.hardware.camera2.legacy.CameraDeviceUserShim$CameraLooper: void run()>",
						"<android.hardware.camera2.legacy.CameraDeviceUserShim: void <clinit>()>",
						"key field: <android.hardware.camera2.legacy.CameraDeviceUserShim: boolean DEBUG>",
						"<android.hardware.camera2.legacy.CameraDeviceUserShim: android.hardware.camera2.legacy.CameraDeviceUserShim connectBinderShim(android.hardware.camera2.ICameraDeviceCallbacks,int)>"
					],
					"depth":8,
					"method":"<android.app.Instrumentation$SyncRunnable: void run()>",
					"source":"FIELDCALLER"
				},
				{
					"trace":[
						"<android.os.Handler$BlockingRunnable: void run()>",
						"<android.app.SharedPreferencesImpl$2: void run()>",
						"<android.widget.TextClock$3: void run()>",
						"<android.hardware.camera2.utils.TaskDrainer$1: void run()>",
						"<android.hardware.camera2.impl.CameraCaptureSessionImpl$IdleDrainListener: void onDrained()>",
						"<android.hardware.camera2.impl.CameraDeviceImpl: boolean configureOutputsChecked(java.util.List)>",
						"<android.hardware.camera2.legacy.CameraDeviceUserShim$CameraLooper: void run()>",
						"<android.hardware.camera2.legacy.CameraDeviceUserShim: void <clinit>()>",
						"key field: <android.hardware.camera2.legacy.CameraDeviceUserShim: boolean DEBUG>",
						"<android.hardware.camera2.legacy.CameraDeviceUserShim: android.hardware.camera2.legacy.CameraDeviceUserShim connectBinderShim(android.hardware.camera2.ICameraDeviceCallbacks,int)>"
					],
					"depth":8,
					"method":"<android.os.Handler$BlockingRunnable: void run()>",
					"source":"FIELDCALLER"
				},
				{
					"trace":[
						"<com.android.internal.widget.WaveView$2: void run()>",
						"<android.app.SharedPreferencesImpl$2: void run()>",
						"<android.widget.TextClock$3: void run()>",
						"<android.hardware.camera2.utils.TaskDrainer$1: void run()>",
						"<android.hardware.camera2.impl.CameraCaptureSessionImpl$IdleDrainListener: void onDrained()>",
						"<android.hardware.camera2.impl.CameraDeviceImpl: boolean configureOutputsChecked(java.util.List)>",
						"<android.hardware.camera2.legacy.CameraDeviceUserShim$CameraLooper: void run()>",
						"<android.hardware.camera2.legacy.CameraDeviceUserShim: void <clinit>()>",
						"key field: <android.hardware.camera2.legacy.CameraDeviceUserShim: boolean DEBUG>",
						"<android.hardware.camera2.legacy.CameraDeviceUserShim: android.hardware.camera2.legacy.CameraDeviceUserShim connectBinderShim(android.hardware.camera2.ICameraDeviceCallbacks,int)>"
					],
					"depth":8,
					"method":"<com.android.internal.widget.WaveView$2: void run()>",
					"source":"FIELDCALLER"
				},
				{
					"trace":[
						"<java.lang.Thread: void run()>",
						"<android.app.SharedPreferencesImpl$2: void run()>",
						"<android.widget.TextClock$3: void run()>",
						"<android.hardware.camera2.utils.TaskDrainer$1: void run()>",
						"<android.hardware.camera2.impl.CameraCaptureSessionImpl$IdleDrainListener: void onDrained()>",
						"<android.hardware.camera2.impl.CameraDeviceImpl: boolean configureOutputsChecked(java.util.List)>",
						"<android.hardware.camera2.legacy.CameraDeviceUserShim$CameraLooper: void run()>",
						"<android.hardware.camera2.legacy.CameraDeviceUserShim: void <clinit>()>",
						"key field: <android.hardware.camera2.legacy.CameraDeviceUserShim: boolean DEBUG>",
						"<android.hardware.camera2.legacy.CameraDeviceUserShim: android.hardware.camera2.legacy.CameraDeviceUserShim connectBinderShim(android.hardware.camera2.ICameraDeviceCallbacks,int)>"
					],
					"depth":8,
					"method":"<java.lang.Thread: void run()>",
					"source":"FIELDCALLER"
				},
				{
					"trace":[
						"<android.hardware.camera2.impl.CameraDeviceImpl$CameraDeviceCallbacks: void onResultReceived(android.hardware.camera2.impl.CameraMetadataNative,android.hardware.camera2.impl.CaptureResultExtras)>",
						"<android.app.SharedPreferencesImpl$2: void run()>",
						"<android.widget.TextClock$3: void run()>",
						"<android.hardware.camera2.utils.TaskDrainer$1: void run()>",
						"<android.hardware.camera2.impl.CameraCaptureSessionImpl$IdleDrainListener: void onDrained()>",
						"<android.hardware.camera2.impl.CameraDeviceImpl: boolean configureOutputsChecked(java.util.List)>",
						"<android.hardware.camera2.legacy.CameraDeviceUserShim$CameraLooper: void run()>",
						"<android.hardware.camera2.legacy.CameraDeviceUserShim: void <clinit>()>",
						"key field: <android.hardware.camera2.legacy.CameraDeviceUserShim: boolean DEBUG>",
						"<android.hardware.camera2.legacy.CameraDeviceUserShim: android.hardware.camera2.legacy.CameraDeviceUserShim connectBinderShim(android.hardware.camera2.ICameraDeviceCallbacks,int)>"
					],
					"depth":8,
					"method":"<android.hardware.camera2.impl.CameraDeviceImpl$CameraDeviceCallbacks: void onResultReceived(android.hardware.camera2.impl.CameraMetadataNative,android.hardware.camera2.impl.CaptureResultExtras)>",
					"source":"FIELDCALLER"
				},
				{
					"trace":[
						"<android.hardware.camera2.impl.CameraDeviceImpl$CameraDeviceCallbacks: void onDeviceIdle()>",
						"<android.app.SharedPreferencesImpl$2: void run()>",
						"<android.widget.TextClock$3: void run()>",
						"<android.hardware.camera2.utils.TaskDrainer$1: void run()>",
						"<android.hardware.camera2.impl.CameraCaptureSessionImpl$IdleDrainListener: void onDrained()>",
						"<android.hardware.camera2.impl.CameraDeviceImpl: boolean configureOutputsChecked(java.util.List)>",
						"<android.hardware.camera2.legacy.CameraDeviceUserShim$CameraLooper: void run()>",
						"<android.hardware.camera2.legacy.CameraDeviceUserShim: void <clinit>()>",
						"key field: <android.hardware.camera2.legacy.CameraDeviceUserShim: boolean DEBUG>",
						"<android.hardware.camera2.legacy.CameraDeviceUserShim: android.hardware.camera2.legacy.CameraDeviceUserShim connectBinderShim(android.hardware.camera2.ICameraDeviceCallbacks,int)>"
					],
					"depth":8,
					"method":"<android.hardware.camera2.impl.CameraDeviceImpl$CameraDeviceCallbacks: void onDeviceIdle()>",
					"source":"FIELDCALLER"
				},
				{
					"trace":[
						"<android.hardware.camera2.impl.CameraDeviceImpl$CameraDeviceCallbacks: void onDeviceError(int,android.hardware.camera2.impl.CaptureResultExtras)>",
						"<android.app.SharedPreferencesImpl$2: void run()>",
						"<android.widget.TextClock$3: void run()>",
						"<android.hardware.camera2.utils.TaskDrainer$1: void run()>",
						"<android.hardware.camera2.impl.CameraCaptureSessionImpl$IdleDrainListener: void onDrained()>",
						"<android.hardware.camera2.impl.CameraDeviceImpl: boolean configureOutputsChecked(java.util.List)>",
						"<android.hardware.camera2.legacy.CameraDeviceUserShim$CameraLooper: void run()>",
						"<android.hardware.camera2.legacy.CameraDeviceUserShim: void <clinit>()>",
						"key field: <android.hardware.camera2.legacy.CameraDeviceUserShim: boolean DEBUG>",
						"<android.hardware.camera2.legacy.CameraDeviceUserShim: android.hardware.camera2.legacy.CameraDeviceUserShim connectBinderShim(android.hardware.camera2.ICameraDeviceCallbacks,int)>"
					],
					"depth":8,
					"method":"<android.hardware.camera2.impl.CameraDeviceImpl$CameraDeviceCallbacks: void onDeviceError(int,android.hardware.camera2.impl.CaptureResultExtras)>",
					"source":"FIELDCALLER"
				},
				{
					"trace":[
						"<android.hardware.camera2.ICameraDeviceCallbacks$Stub: boolean onTransact(int,android.os.Parcel,android.os.Parcel,int)>",
						"<android.hardware.camera2.impl.CameraDeviceImpl$CameraDeviceCallbacks: void onResultReceived(android.hardware.camera2.impl.CameraMetadataNative,android.hardware.camera2.impl.CaptureResultExtras)>",
						"<android.widget.TextClock$3: void run()>",
						"<android.hardware.camera2.utils.TaskDrainer$1: void run()>",
						"<android.hardware.camera2.impl.CameraCaptureSessionImpl$IdleDrainListener: void onDrained()>",
						"<android.hardware.camera2.impl.CameraDeviceImpl: boolean configureOutputsChecked(java.util.List)>",
						"<android.hardware.camera2.legacy.CameraDeviceUserShim$CameraLooper: void run()>",
						"<android.hardware.camera2.legacy.CameraDeviceUserShim: void <clinit>()>",
						"key field: <android.hardware.camera2.legacy.CameraDeviceUserShim: boolean DEBUG>",
						"<android.hardware.camera2.legacy.CameraDeviceUserShim: android.hardware.camera2.legacy.CameraDeviceUserShim connectBinderShim(android.hardware.camera2.ICameraDeviceCallbacks,int)>"
					],
					"depth":8,
					"method":"<android.hardware.camera2.ICameraDeviceCallbacks$Stub: boolean onTransact(int,android.os.Parcel,android.os.Parcel,int)>",
					"source":"FIELDCALLER"
				},
				{
					"trace":[
						"<android.hardware.camera2.legacy.LegacyCameraDevice$1$4: void run()>",
						"<android.hardware.camera2.impl.CameraDeviceImpl$CameraDeviceCallbacks: void onResultReceived(android.hardware.camera2.impl.CameraMetadataNative,android.hardware.camera2.impl.CaptureResultExtras)>",
						"<android.widget.TextClock$3: void run()>",
						"<android.hardware.camera2.utils.TaskDrainer$1: void run()>",
						"<android.hardware.camera2.impl.CameraCaptureSessionImpl$IdleDrainListener: void onDrained()>",
						"<android.hardware.camera2.impl.CameraDeviceImpl: boolean configureOutputsChecked(java.util.List)>",
						"<android.hardware.camera2.legacy.CameraDeviceUserShim$CameraLooper: void run()>",
						"<android.hardware.camera2.legacy.CameraDeviceUserShim: void <clinit>()>",
						"key field: <android.hardware.camera2.legacy.CameraDeviceUserShim: boolean DEBUG>",
						"<android.hardware.camera2.legacy.CameraDeviceUserShim: android.hardware.camera2.legacy.CameraDeviceUserShim connectBinderShim(android.hardware.camera2.ICameraDeviceCallbacks,int)>"
					],
					"depth":8,
					"method":"<android.hardware.camera2.legacy.LegacyCameraDevice$1$4: void run()>",
					"source":"FIELDCALLER"
				},
				{
					"trace":[
						"<android.hardware.camera2.legacy.CameraDeviceUserShim$CameraCallbackThread$CallbackHandler: void handleMessage(android.os.Message)>",
						"<android.hardware.camera2.impl.CameraDeviceImpl$CameraDeviceCallbacks: void onResultReceived(android.hardware.camera2.impl.CameraMetadataNative,android.hardware.camera2.impl.CaptureResultExtras)>",
						"<android.widget.TextClock$3: void run()>",
						"<android.hardware.camera2.utils.TaskDrainer$1: void run()>",
						"<android.hardware.camera2.impl.CameraCaptureSessionImpl$IdleDrainListener: void onDrained()>",
						"<android.hardware.camera2.impl.CameraDeviceImpl: boolean configureOutputsChecked(java.util.List)>",
						"<android.hardware.camera2.legacy.CameraDeviceUserShim$CameraLooper: void run()>",
						"<android.hardware.camera2.legacy.CameraDeviceUserShim: void <clinit>()>",
						"key field: <android.hardware.camera2.legacy.CameraDeviceUserShim: boolean DEBUG>",
						"<android.hardware.camera2.legacy.CameraDeviceUserShim: android.hardware.camera2.legacy.CameraDeviceUserShim connectBinderShim(android.hardware.camera2.ICameraDeviceCallbacks,int)>"
					],
					"depth":8,
					"method":"<android.hardware.camera2.legacy.CameraDeviceUserShim$CameraCallbackThread$CallbackHandler: void handleMessage(android.os.Message)>",
					"source":"FIELDCALLER"
				},
				{
					"trace":[
						"<android.hardware.camera2.legacy.LegacyCameraDevice$1$2: void run()>",
						"<android.hardware.camera2.impl.CameraDeviceImpl$CameraDeviceCallbacks: void onDeviceIdle()>",
						"<android.widget.TextClock$3: void run()>",
						"<android.hardware.camera2.utils.TaskDrainer$1: void run()>",
						"<android.hardware.camera2.impl.CameraCaptureSessionImpl$IdleDrainListener: void onDrained()>",
						"<android.hardware.camera2.impl.CameraDeviceImpl: boolean configureOutputsChecked(java.util.List)>",
						"<android.hardware.camera2.legacy.CameraDeviceUserShim$CameraLooper: void run()>",
						"<android.hardware.camera2.legacy.CameraDeviceUserShim: void <clinit>()>",
						"key field: <android.hardware.camera2.legacy.CameraDeviceUserShim: boolean DEBUG>",
						"<android.hardware.camera2.legacy.CameraDeviceUserShim: android.hardware.camera2.legacy.CameraDeviceUserShim connectBinderShim(android.hardware.camera2.ICameraDeviceCallbacks,int)>"
					],
					"depth":8,
					"method":"<android.hardware.camera2.legacy.LegacyCameraDevice$1$2: void run()>",
					"source":"FIELDCALLER"
				},
				{
					"trace":[
						"<android.hardware.camera2.legacy.LegacyCameraDevice$1$1: void run()>",
						"<android.hardware.camera2.impl.CameraDeviceImpl$CameraDeviceCallbacks: void onDeviceError(int,android.hardware.camera2.impl.CaptureResultExtras)>",
						"<android.widget.TextClock$3: void run()>",
						"<android.hardware.camera2.utils.TaskDrainer$1: void run()>",
						"<android.hardware.camera2.impl.CameraCaptureSessionImpl$IdleDrainListener: void onDrained()>",
						"<android.hardware.camera2.impl.CameraDeviceImpl: boolean configureOutputsChecked(java.util.List)>",
						"<android.hardware.camera2.legacy.CameraDeviceUserShim$CameraLooper: void run()>",
						"<android.hardware.camera2.legacy.CameraDeviceUserShim: void <clinit>()>",
						"key field: <android.hardware.camera2.legacy.CameraDeviceUserShim: boolean DEBUG>",
						"<android.hardware.camera2.legacy.CameraDeviceUserShim: android.hardware.camera2.legacy.CameraDeviceUserShim connectBinderShim(android.hardware.camera2.ICameraDeviceCallbacks,int)>"
					],
					"depth":8,
					"method":"<android.hardware.camera2.legacy.LegacyCameraDevice$1$1: void run()>",
					"source":"FIELDCALLER"
				}
			],
			"callerOfSingnlar2SourceVar":{}
		}
	]
}