{
	"exceptions":[
		{
			"method":"<android.media.MediaCodec: void configure(android.media.MediaFormat,android.view.Surface,android.media.MediaCrypto,int)>",
			"message":"\\QWrong Session ID Parameter!\\E",
			"relatedVarType":"Parameter",
			"relatedCondType":"Basic",
			"modifier":"public",
			"type":"java.lang.IllegalArgumentException",
			"osVersionRelated":false,
			"resourceRelated":false,
			"assessRelated":false,
			"hardwareRelated":true,
			"manifestRelated":false,
			"conditions":"$z1 == 0, $z0 == 0, r0 == null",
			"paramValues":"@parameter0: android.media.MediaFormat",
			"caughtValues":"@caughtexception",
			"relatedValues":"@parameter0: android.media.MediaFormat; ; @caughtexception",
			"keyAPISameClassNum":0,
			"keyAPIDiffClassNum":0,
			"keyAPISameClass":[
				{
					"trace":[
						"<android.media.MediaCodec: void configure(android.media.MediaFormat,android.view.Surface,android.media.MediaCrypto,int)>"
					],
					"depth":0,
					"method":"<android.media.MediaCodec: void configure(android.media.MediaFormat,android.view.Surface,android.media.MediaCrypto,int)>",
					"source":"CALLER"
				}
			],
			"keyAPIDiffClass":[],
			"callerOfSingnlar2SourceVar":{
				"<android.media.MediaCodec: void configure(android.media.MediaFormat,android.view.Surface,android.media.MediaCrypto,int)>":"0"
			}
		},
		{
			"method":"<android.media.MediaCodec: java.nio.ByteBuffer[] getInputBuffers()>",
			"message":"[\\s\\S]*",
			"relatedVarType":"Field",
			"relatedCondType":"Basic",
			"modifier":"public",
			"type":"java.lang.IllegalStateException",
			"osVersionRelated":false,
			"resourceRelated":false,
			"assessRelated":false,
			"hardwareRelated":true,
			"manifestRelated":false,
			"conditions":"$r1 != null",
			"fieldValues":"<android.media.MediaCodec: java.nio.ByteBuffer[] mCachedInputBuffers>",
			"relatedValues":"; <android.media.MediaCodec: java.nio.ByteBuffer[] mCachedInputBuffers>; ",
			"keyAPISameClassNum":11,
			"keyAPIDiffClassNum":0,
			"keyAPISameClass":[
				{
					"trace":[
						"<android.media.MediaCodec: java.nio.ByteBuffer[] getInputBuffers()>"
					],
					"depth":1,
					"method":"<android.media.MediaCodec: void flush()>",
					"source":"FIELD"
				},
				{
					"trace":[
						"<android.media.MediaCodec: java.nio.ByteBuffer[] getInputBuffers()>"
					],
					"depth":1,
					"method":"<android.media.MediaCodec: void queueInputBuffer(int,int,int,long,int)>",
					"source":"FIELD"
				},
				{
					"trace":[
						"<android.media.MediaCodec: java.nio.ByteBuffer[] getInputBuffers()>"
					],
					"depth":1,
					"method":"<android.media.MediaCodec: void queueSecureInputBuffer(int,int,android.media.MediaCodec$CryptoInfo,long,int)>",
					"source":"FIELD"
				},
				{
					"trace":[
						"<android.media.MediaCodec: java.nio.ByteBuffer[] getInputBuffers()>"
					],
					"depth":1,
					"method":"<android.media.MediaCodec: int dequeueInputBuffer(long)>",
					"source":"FIELD"
				},
				{
					"trace":[
						"<android.media.MediaCodec: java.nio.ByteBuffer[] getInputBuffers()>"
					],
					"depth":1,
					"method":"<android.media.MediaCodec: java.nio.ByteBuffer getInputBuffer(int)>",
					"source":"FIELD"
				},
				{
					"trace":[
						"<android.media.MediaCodec: java.nio.ByteBuffer[] getInputBuffers()>"
					],
					"depth":1,
					"method":"<android.media.MediaCodec: android.media.Image getInputImage(int)>",
					"source":"FIELD"
				},
				{
					"trace":[
						"<android.media.MediaCodec: void reset()>",
						"<android.media.MediaCodec: void freeAllTrackedBuffers()>",
						"key field: <android.media.MediaCodec: java.nio.ByteBuffer[] mCachedInputBuffers>",
						"<android.media.MediaCodec: java.nio.ByteBuffer[] getInputBuffers()>"
					],
					"depth":2,
					"method":"<android.media.MediaCodec: void reset()>",
					"source":"FIELDCALLER"
				},
				{
					"trace":[
						"<android.media.MediaCodec: void stop()>",
						"<android.media.MediaCodec: void freeAllTrackedBuffers()>",
						"key field: <android.media.MediaCodec: java.nio.ByteBuffer[] mCachedInputBuffers>",
						"<android.media.MediaCodec: java.nio.ByteBuffer[] getInputBuffers()>"
					],
					"depth":2,
					"method":"<android.media.MediaCodec: void stop()>",
					"source":"FIELDCALLER"
				},
				{
					"trace":[
						"<android.media.MediaCodec: void release()>",
						"<android.media.MediaCodec: void freeAllTrackedBuffers()>",
						"key field: <android.media.MediaCodec: java.nio.ByteBuffer[] mCachedInputBuffers>",
						"<android.media.MediaCodec: java.nio.ByteBuffer[] getInputBuffers()>"
					],
					"depth":2,
					"method":"<android.media.MediaCodec: void release()>",
					"source":"FIELDCALLER"
				},
				{
					"trace":[
						"<android.media.MediaCodec: void start()>",
						"<android.media.MediaCodec: void cacheBuffers(boolean)>",
						"key field: <android.media.MediaCodec: java.nio.ByteBuffer[] mCachedInputBuffers>",
						"<android.media.MediaCodec: java.nio.ByteBuffer[] getInputBuffers()>"
					],
					"depth":2,
					"method":"<android.media.MediaCodec: void start()>",
					"source":"FIELDCALLER"
				},
				{
					"trace":[
						"<android.media.MediaCodec: int dequeueOutputBuffer(android.media.MediaCodec$BufferInfo,long)>",
						"<android.media.MediaCodec: void cacheBuffers(boolean)>",
						"key field: <android.media.MediaCodec: java.nio.ByteBuffer[] mCachedInputBuffers>",
						"<android.media.MediaCodec: java.nio.ByteBuffer[] getInputBuffers()>"
					],
					"depth":2,
					"method":"<android.media.MediaCodec: int dequeueOutputBuffer(android.media.MediaCodec$BufferInfo,long)>",
					"source":"FIELDCALLER"
				}
			],
			"keyAPIDiffClass":[],
			"callerOfSingnlar2SourceVar":{}
		},
		{
			"method":"<android.media.MediaCodec: java.nio.ByteBuffer[] getOutputBuffers()>",
			"message":"[\\s\\S]*",
			"relatedVarType":"Field",
			"relatedCondType":"Basic",
			"modifier":"public",
			"type":"java.lang.IllegalStateException",
			"osVersionRelated":false,
			"resourceRelated":false,
			"assessRelated":false,
			"hardwareRelated":true,
			"manifestRelated":false,
			"conditions":"$r1 != null",
			"fieldValues":"<android.media.MediaCodec: java.nio.ByteBuffer[] mCachedOutputBuffers>",
			"relatedValues":"; <android.media.MediaCodec: java.nio.ByteBuffer[] mCachedOutputBuffers>; ",
			"keyAPISameClassNum":10,
			"keyAPIDiffClassNum":0,
			"keyAPISameClass":[
				{
					"trace":[
						"<android.media.MediaCodec: java.nio.ByteBuffer[] getOutputBuffers()>"
					],
					"depth":1,
					"method":"<android.media.MediaCodec: void flush()>",
					"source":"FIELD"
				},
				{
					"trace":[
						"<android.media.MediaCodec: java.nio.ByteBuffer[] getOutputBuffers()>"
					],
					"depth":1,
					"method":"<android.media.MediaCodec: int dequeueOutputBuffer(android.media.MediaCodec$BufferInfo,long)>",
					"source":"FIELD"
				},
				{
					"trace":[
						"<android.media.MediaCodec: java.nio.ByteBuffer[] getOutputBuffers()>"
					],
					"depth":1,
					"method":"<android.media.MediaCodec: void releaseOutputBuffer(int,boolean)>",
					"source":"FIELD"
				},
				{
					"trace":[
						"<android.media.MediaCodec: java.nio.ByteBuffer[] getOutputBuffers()>"
					],
					"depth":1,
					"method":"<android.media.MediaCodec: void releaseOutputBuffer(int,long)>",
					"source":"FIELD"
				},
				{
					"trace":[
						"<android.media.MediaCodec: java.nio.ByteBuffer[] getOutputBuffers()>"
					],
					"depth":1,
					"method":"<android.media.MediaCodec: java.nio.ByteBuffer getOutputBuffer(int)>",
					"source":"FIELD"
				},
				{
					"trace":[
						"<android.media.MediaCodec: java.nio.ByteBuffer[] getOutputBuffers()>"
					],
					"depth":1,
					"method":"<android.media.MediaCodec: android.media.Image getOutputImage(int)>",
					"source":"FIELD"
				},
				{
					"trace":[
						"<android.media.MediaCodec: void reset()>",
						"<android.media.MediaCodec: void freeAllTrackedBuffers()>",
						"key field: <android.media.MediaCodec: java.nio.ByteBuffer[] mCachedOutputBuffers>",
						"<android.media.MediaCodec: java.nio.ByteBuffer[] getOutputBuffers()>"
					],
					"depth":2,
					"method":"<android.media.MediaCodec: void reset()>",
					"source":"FIELDCALLER"
				},
				{
					"trace":[
						"<android.media.MediaCodec: void stop()>",
						"<android.media.MediaCodec: void freeAllTrackedBuffers()>",
						"key field: <android.media.MediaCodec: java.nio.ByteBuffer[] mCachedOutputBuffers>",
						"<android.media.MediaCodec: java.nio.ByteBuffer[] getOutputBuffers()>"
					],
					"depth":2,
					"method":"<android.media.MediaCodec: void stop()>",
					"source":"FIELDCALLER"
				},
				{
					"trace":[
						"<android.media.MediaCodec: void release()>",
						"<android.media.MediaCodec: void freeAllTrackedBuffers()>",
						"key field: <android.media.MediaCodec: java.nio.ByteBuffer[] mCachedOutputBuffers>",
						"<android.media.MediaCodec: java.nio.ByteBuffer[] getOutputBuffers()>"
					],
					"depth":2,
					"method":"<android.media.MediaCodec: void release()>",
					"source":"FIELDCALLER"
				},
				{
					"trace":[
						"<android.media.MediaCodec: void start()>",
						"<android.media.MediaCodec: void cacheBuffers(boolean)>",
						"key field: <android.media.MediaCodec: java.nio.ByteBuffer[] mCachedOutputBuffers>",
						"<android.media.MediaCodec: java.nio.ByteBuffer[] getOutputBuffers()>"
					],
					"depth":2,
					"method":"<android.media.MediaCodec: void start()>",
					"source":"FIELDCALLER"
				}
			],
			"keyAPIDiffClass":[],
			"callerOfSingnlar2SourceVar":{}
		}
	]
}