{
	"exceptions":[
		{
			"method":"<android.ddm.DdmHandleHello: org.apache.harmony.dalvik.ddmc.Chunk handleChunk(org.apache.harmony.dalvik.ddmc.Chunk)>",
			"message":"\\QUnknown packet \\E[\\s\\S]*",
			"relatedVarType":"ParaAndField",
			"relatedCondType":"Basic",
			"modifier":"public",
			"type":"java.lang.RuntimeException",
			"osVersionRelated":false,
			"resourceRelated":false,
			"assessRelated":false,
			"hardwareRelated":false,
			"manifestRelated":false,
			"conditions":"i0 != $i2, i0 != $i1",
			"paramValues":"@parameter0: org.apache.harmony.dalvik.ddmc.Chunk",
			"fieldValues":"<android.ddm.DdmHandleHello: int CHUNK_FEAT>, <android.ddm.DdmHandleHello: int CHUNK_HELO>",
			"relatedValues":"@parameter0: org.apache.harmony.dalvik.ddmc.Chunk; <android.ddm.DdmHandleHello: int CHUNK_FEAT>, <android.ddm.DdmHandleHello: int CHUNK_HELO>; ",
			"keyAPISameClassNum":1,
			"keyAPIDiffClassNum":1,
			"keyAPISameClass":[
				{
					"trace":[
						"<android.ddm.DdmHandleHello: void register()>",
						"<android.ddm.DdmHandleHello: void <clinit>()>",
						"key field: <android.ddm.DdmHandleHello: int CHUNK_FEAT>",
						"<android.ddm.DdmHandleHello: org.apache.harmony.dalvik.ddmc.Chunk handleChunk(org.apache.harmony.dalvik.ddmc.Chunk)>"
					],
					"depth":2,
					"method":"<android.ddm.DdmHandleHello: void register()>",
					"source":"FIELDCALLER"
				}
			],
			"keyAPIDiffClass":[
				{
					"trace":[
						"<android.ddm.DdmRegister: void registerHandlers()>",
						"<android.ddm.DdmHandleHello: void <clinit>()>",
						"key field: <android.ddm.DdmHandleHello: int CHUNK_FEAT>",
						"<android.ddm.DdmHandleHello: org.apache.harmony.dalvik.ddmc.Chunk handleChunk(org.apache.harmony.dalvik.ddmc.Chunk)>"
					],
					"depth":2,
					"method":"<android.ddm.DdmRegister: void registerHandlers()>",
					"source":"FIELDCALLER"
				}
			],
			"callerOfSingnlar2SourceVar":{
				"<android.ddm.DdmHandleHello: org.apache.harmony.dalvik.ddmc.Chunk handleChunk(org.apache.harmony.dalvik.ddmc.Chunk)>":"0"
			}
		}
	]
}