{
	"exceptions":[
		{
			"method":"<android.location.Geofence: void checkRadius(float)>",
			"message":"\\Qinvalid radius: \\E[\\s\\S]*",
			"relatedVarType":"Parameter",
			"relatedCondType":"Basic",
			"modifier":"private",
			"type":"java.lang.IllegalArgumentException",
			"osVersionRelated":false,
			"resourceRelated":false,
			"assessRelated":false,
			"hardwareRelated":false,
			"manifestRelated":false,
			"conditions":"$b0 > 0",
			"paramValues":"@parameter0: float",
			"relatedValues":"@parameter0: float; ; ",
			"keyAPISameClassNum":0,
			"keyAPIDiffClassNum":0,
			"keyAPISameClass":[
				{
					"trace":[
						"<android.location.Geofence: void checkRadius(float)>"
					],
					"depth":0,
					"method":"<android.location.Geofence: void checkRadius(float)>",
					"source":"CALLER"
				},
				{
					"trace":[
						"<android.location.Geofence: android.location.Geofence createCircle(double,double,float)>",
						"<android.location.Geofence: void <init>(double,double,float)>",
						"<android.location.Geofence: void checkRadius(float)>"
					],
					"depth":2,
					"method":"<android.location.Geofence: android.location.Geofence createCircle(double,double,float)>",
					"source":"CALLER"
				}
			],
			"keyAPIDiffClass":[
				{
					"trace":[
						"<android.location.Geofence$1: android.location.Geofence createFromParcel(android.os.Parcel)>",
						"<android.location.Geofence: android.location.Geofence createCircle(double,double,float)>",
						"<android.location.Geofence: void <init>(double,double,float)>",
						"<android.location.Geofence: void checkRadius(float)>"
					],
					"depth":3,
					"method":"<android.location.Geofence$1: android.location.Geofence createFromParcel(android.os.Parcel)>",
					"source":"CALLER"
				},
				{
					"trace":[
						"<android.os.Parcelable$Creator: java.lang.Object createFromParcel(android.os.Parcel)>",
						"<android.location.Geofence: android.location.Geofence createCircle(double,double,float)>",
						"<android.location.Geofence: void <init>(double,double,float)>",
						"<android.location.Geofence: void checkRadius(float)>"
					],
					"depth":3,
					"method":"<android.os.Parcelable$Creator: java.lang.Object createFromParcel(android.os.Parcel)>",
					"source":"CALLER"
				},
				{
					"trace":[
						"<android.location.LocationManager: void addProximityAlert(double,double,float,long,android.app.PendingIntent)>",
						"<android.location.Geofence: android.location.Geofence createCircle(double,double,float)>",
						"<android.location.Geofence: void <init>(double,double,float)>",
						"<android.location.Geofence: void checkRadius(float)>"
					],
					"depth":3,
					"method":"<android.location.LocationManager: void addProximityAlert(double,double,float,long,android.app.PendingIntent)>",
					"source":"CALLER"
				},
				{
					"trace":[
						"<android.location.Geofence$1: java.lang.Object createFromParcel(android.os.Parcel)>",
						"<android.location.Geofence$1: android.location.Geofence createFromParcel(android.os.Parcel)>",
						"<android.location.Geofence: android.location.Geofence createCircle(double,double,float)>",
						"<android.location.Geofence: void <init>(double,double,float)>",
						"<android.location.Geofence: void checkRadius(float)>"
					],
					"depth":4,
					"method":"<android.location.Geofence$1: java.lang.Object createFromParcel(android.os.Parcel)>",
					"source":"CALLER"
				}
			],
			"callerOfSingnlar2SourceVar":{
				"<android.location.LocationManager: void addProximityAlert(double,double,float,long,android.app.PendingIntent)>":"2",
				"<android.location.Geofence: void checkRadius(float)>":"0",
				"<android.location.Geofence: void <init>(double,double,float)>":"2",
				"<android.location.Geofence: android.location.Geofence createCircle(double,double,float)>":"2"
			}
		},
		{
			"method":"<android.location.Geofence: void checkLatLong(double,double)>",
			"message":"\\Qinvalid latitude: \\E[\\s\\S]*",
			"relatedVarType":"Parameter",
			"relatedCondType":"Basic",
			"modifier":"private",
			"type":"java.lang.IllegalArgumentException",
			"osVersionRelated":false,
			"resourceRelated":false,
			"assessRelated":false,
			"hardwareRelated":false,
			"manifestRelated":false,
			"conditions":"$b0 > 0, $b1 >= 0",
			"paramValues":"@parameter0: double",
			"relatedValues":"@parameter0: double; ; ",
			"keyAPISameClassNum":0,
			"keyAPIDiffClassNum":0,
			"keyAPISameClass":[
				{
					"trace":[
						"<android.location.Geofence: void checkLatLong(double,double)>"
					],
					"depth":0,
					"method":"<android.location.Geofence: void checkLatLong(double,double)>",
					"source":"CALLER"
				},
				{
					"trace":[
						"<android.location.Geofence: android.location.Geofence createCircle(double,double,float)>",
						"<android.location.Geofence: void <init>(double,double,float)>",
						"<android.location.Geofence: void checkLatLong(double,double)>"
					],
					"depth":2,
					"method":"<android.location.Geofence: android.location.Geofence createCircle(double,double,float)>",
					"source":"CALLER"
				}
			],
			"keyAPIDiffClass":[
				{
					"trace":[
						"<android.location.Geofence$1: android.location.Geofence createFromParcel(android.os.Parcel)>",
						"<android.location.Geofence: android.location.Geofence createCircle(double,double,float)>",
						"<android.location.Geofence: void <init>(double,double,float)>",
						"<android.location.Geofence: void checkLatLong(double,double)>"
					],
					"depth":3,
					"method":"<android.location.Geofence$1: android.location.Geofence createFromParcel(android.os.Parcel)>",
					"source":"CALLER"
				},
				{
					"trace":[
						"<android.os.Parcelable$Creator: java.lang.Object createFromParcel(android.os.Parcel)>",
						"<android.location.Geofence: android.location.Geofence createCircle(double,double,float)>",
						"<android.location.Geofence: void <init>(double,double,float)>",
						"<android.location.Geofence: void checkLatLong(double,double)>"
					],
					"depth":3,
					"method":"<android.os.Parcelable$Creator: java.lang.Object createFromParcel(android.os.Parcel)>",
					"source":"CALLER"
				},
				{
					"trace":[
						"<android.location.LocationManager: void addProximityAlert(double,double,float,long,android.app.PendingIntent)>",
						"<android.location.Geofence: android.location.Geofence createCircle(double,double,float)>",
						"<android.location.Geofence: void <init>(double,double,float)>",
						"<android.location.Geofence: void checkLatLong(double,double)>"
					],
					"depth":3,
					"method":"<android.location.LocationManager: void addProximityAlert(double,double,float,long,android.app.PendingIntent)>",
					"source":"CALLER"
				},
				{
					"trace":[
						"<android.location.Geofence$1: java.lang.Object createFromParcel(android.os.Parcel)>",
						"<android.location.Geofence$1: android.location.Geofence createFromParcel(android.os.Parcel)>",
						"<android.location.Geofence: android.location.Geofence createCircle(double,double,float)>",
						"<android.location.Geofence: void <init>(double,double,float)>",
						"<android.location.Geofence: void checkLatLong(double,double)>"
					],
					"depth":4,
					"method":"<android.location.Geofence$1: java.lang.Object createFromParcel(android.os.Parcel)>",
					"source":"CALLER"
				}
			],
			"callerOfSingnlar2SourceVar":{
				"<android.location.LocationManager: void addProximityAlert(double,double,float,long,android.app.PendingIntent)>":"0",
				"<android.location.Geofence: void <init>(double,double,float)>":"0",
				"<android.location.Geofence: void checkLatLong(double,double)>":"0",
				"<android.location.Geofence: android.location.Geofence createCircle(double,double,float)>":"0"
			}
		},
		{
			"method":"<android.location.Geofence: void checkLatLong(double,double)>",
			"message":"\\Qinvalid longitude: \\E[\\s\\S]*",
			"relatedVarType":"Parameter",
			"relatedCondType":"Basic",
			"modifier":"private",
			"type":"java.lang.IllegalArgumentException",
			"osVersionRelated":false,
			"resourceRelated":false,
			"assessRelated":false,
			"hardwareRelated":false,
			"manifestRelated":false,
			"conditions":"$b2 > 0, $b1 >= 0, $b0 > 0",
			"paramValues":"@parameter1: double, @parameter0: double",
			"relatedValues":"@parameter1: double, @parameter0: double; ; ",
			"keyAPISameClassNum":0,
			"keyAPIDiffClassNum":0,
			"keyAPISameClass":[
				{
					"trace":[
						"<android.location.Geofence: void checkLatLong(double,double)>"
					],
					"depth":0,
					"method":"<android.location.Geofence: void checkLatLong(double,double)>",
					"source":"CALLER"
				},
				{
					"trace":[
						"<android.location.Geofence: android.location.Geofence createCircle(double,double,float)>",
						"<android.location.Geofence: void <init>(double,double,float)>",
						"<android.location.Geofence: void checkLatLong(double,double)>"
					],
					"depth":2,
					"method":"<android.location.Geofence: android.location.Geofence createCircle(double,double,float)>",
					"source":"CALLER"
				}
			],
			"keyAPIDiffClass":[
				{
					"trace":[
						"<android.location.Geofence$1: android.location.Geofence createFromParcel(android.os.Parcel)>",
						"<android.location.Geofence: android.location.Geofence createCircle(double,double,float)>",
						"<android.location.Geofence: void <init>(double,double,float)>",
						"<android.location.Geofence: void checkLatLong(double,double)>"
					],
					"depth":3,
					"method":"<android.location.Geofence$1: android.location.Geofence createFromParcel(android.os.Parcel)>",
					"source":"CALLER"
				},
				{
					"trace":[
						"<android.os.Parcelable$Creator: java.lang.Object createFromParcel(android.os.Parcel)>",
						"<android.location.Geofence: android.location.Geofence createCircle(double,double,float)>",
						"<android.location.Geofence: void <init>(double,double,float)>",
						"<android.location.Geofence: void checkLatLong(double,double)>"
					],
					"depth":3,
					"method":"<android.os.Parcelable$Creator: java.lang.Object createFromParcel(android.os.Parcel)>",
					"source":"CALLER"
				},
				{
					"trace":[
						"<android.location.LocationManager: void addProximityAlert(double,double,float,long,android.app.PendingIntent)>",
						"<android.location.Geofence: android.location.Geofence createCircle(double,double,float)>",
						"<android.location.Geofence: void <init>(double,double,float)>",
						"<android.location.Geofence: void checkLatLong(double,double)>"
					],
					"depth":3,
					"method":"<android.location.LocationManager: void addProximityAlert(double,double,float,long,android.app.PendingIntent)>",
					"source":"CALLER"
				},
				{
					"trace":[
						"<android.location.Geofence$1: java.lang.Object createFromParcel(android.os.Parcel)>",
						"<android.location.Geofence$1: android.location.Geofence createFromParcel(android.os.Parcel)>",
						"<android.location.Geofence: android.location.Geofence createCircle(double,double,float)>",
						"<android.location.Geofence: void <init>(double,double,float)>",
						"<android.location.Geofence: void checkLatLong(double,double)>"
					],
					"depth":4,
					"method":"<android.location.Geofence$1: java.lang.Object createFromParcel(android.os.Parcel)>",
					"source":"CALLER"
				}
			],
			"callerOfSingnlar2SourceVar":{
				"<android.location.LocationManager: void addProximityAlert(double,double,float,long,android.app.PendingIntent)>":"1, 0",
				"<android.location.Geofence: void <init>(double,double,float)>":"1, 0",
				"<android.location.Geofence: void checkLatLong(double,double)>":"1, 0",
				"<android.location.Geofence: android.location.Geofence createCircle(double,double,float)>":"1, 0"
			}
		},
		{
			"method":"<android.location.Geofence: void checkType(int)>",
			"message":"\\Qinvalid type: \\E[\\s\\S]*",
			"relatedVarType":"Parameter",
			"relatedCondType":"Basic",
			"modifier":"private",
			"type":"java.lang.IllegalArgumentException",
			"osVersionRelated":false,
			"resourceRelated":false,
			"assessRelated":false,
			"hardwareRelated":false,
			"manifestRelated":false,
			"conditions":"i0 == 1",
			"paramValues":"@parameter0: int",
			"relatedValues":"@parameter0: int; ; ",
			"keyAPISameClassNum":0,
			"keyAPIDiffClassNum":0,
			"keyAPISameClass":[
				{
					"trace":[
						"<android.location.Geofence: void checkType(int)>"
					],
					"depth":0,
					"method":"<android.location.Geofence: void checkType(int)>",
					"source":"CALLER"
				}
			],
			"keyAPIDiffClass":[
				{
					"trace":[
						"<android.location.Geofence$1: android.location.Geofence createFromParcel(android.os.Parcel)>",
						"<android.location.Geofence: void access$000(int)>",
						"<android.location.Geofence: void checkType(int)>"
					],
					"depth":2,
					"method":"<android.location.Geofence$1: android.location.Geofence createFromParcel(android.os.Parcel)>",
					"source":"CALLER"
				},
				{
					"trace":[
						"<android.os.Parcelable$Creator: java.lang.Object createFromParcel(android.os.Parcel)>",
						"<android.location.Geofence: void access$000(int)>",
						"<android.location.Geofence: void checkType(int)>"
					],
					"depth":2,
					"method":"<android.os.Parcelable$Creator: java.lang.Object createFromParcel(android.os.Parcel)>",
					"source":"CALLER"
				},
				{
					"trace":[
						"<android.location.Geofence$1: java.lang.Object createFromParcel(android.os.Parcel)>",
						"<android.location.Geofence$1: android.location.Geofence createFromParcel(android.os.Parcel)>",
						"<android.location.Geofence: void access$000(int)>",
						"<android.location.Geofence: void checkType(int)>"
					],
					"depth":3,
					"method":"<android.location.Geofence$1: java.lang.Object createFromParcel(android.os.Parcel)>",
					"source":"CALLER"
				}
			],
			"callerOfSingnlar2SourceVar":{
				"<android.location.Geofence: void access$000(int)>":"0",
				"<android.location.Geofence: void checkType(int)>":"0",
				"<android.location.Geofence: java.lang.String typeToString(int)>":"0"
			}
		}
	]
}