{
	"exceptions":[
		{
			"method":"<android.bluetooth.BluetoothDevice: void <init>(java.lang.String)>",
			"message":"[\\s\\S]*\\Q is not a valid Bluetooth address\\E",
			"relatedVarType":"Parameter",
			"relatedCondType":"Basic",
			"modifier":"default",
			"type":"java.lang.IllegalArgumentException",
			"osVersionRelated":false,
			"resourceRelated":false,
			"assessRelated":false,
			"hardwareRelated":false,
			"manifestRelated":false,
			"conditions":"$z0 != 0",
			"paramValues":"@parameter0: java.lang.String",
			"relatedValues":"@parameter0: java.lang.String; ; ",
			"keyAPISameClassNum":0,
			"keyAPIDiffClassNum":0,
			"keyAPISameClass":[
				{
					"trace":[
						"<android.bluetooth.BluetoothDevice: void <init>(java.lang.String)>"
					],
					"depth":0,
					"method":"<android.bluetooth.BluetoothDevice: void <init>(java.lang.String)>",
					"source":"CALLER"
				}
			],
			"keyAPIDiffClass":[
				{
					"trace":[
						"<android.bluetooth.BluetoothDevice$2: android.bluetooth.BluetoothDevice createFromParcel(android.os.Parcel)>",
						"<android.bluetooth.BluetoothDevice: void <init>(java.lang.String)>"
					],
					"depth":1,
					"method":"<android.bluetooth.BluetoothDevice$2: android.bluetooth.BluetoothDevice createFromParcel(android.os.Parcel)>",
					"source":"CALLER"
				},
				{
					"trace":[
						"<android.os.Parcelable$Creator: java.lang.Object createFromParcel(android.os.Parcel)>",
						"<android.bluetooth.BluetoothDevice: void <init>(java.lang.String)>"
					],
					"depth":1,
					"method":"<android.os.Parcelable$Creator: java.lang.Object createFromParcel(android.os.Parcel)>",
					"source":"CALLER"
				},
				{
					"trace":[
						"<android.bluetooth.BluetoothAdapter: android.bluetooth.BluetoothDevice getRemoteDevice(java.lang.String)>",
						"<android.bluetooth.BluetoothDevice: void <init>(java.lang.String)>"
					],
					"depth":1,
					"method":"<android.bluetooth.BluetoothAdapter: android.bluetooth.BluetoothDevice getRemoteDevice(java.lang.String)>",
					"source":"CALLER"
				},
				{
					"trace":[
						"<android.bluetooth.BluetoothDevice$2: java.lang.Object createFromParcel(android.os.Parcel)>",
						"<android.bluetooth.BluetoothDevice$2: android.bluetooth.BluetoothDevice createFromParcel(android.os.Parcel)>",
						"<android.bluetooth.BluetoothDevice: void <init>(java.lang.String)>"
					],
					"depth":2,
					"method":"<android.bluetooth.BluetoothDevice$2: java.lang.Object createFromParcel(android.os.Parcel)>",
					"source":"CALLER"
				},
				{
					"trace":[
						"<android.bluetooth.BluetoothGattServer$1: void onServerConnectionState(int,int,boolean,java.lang.String)>",
						"<android.bluetooth.BluetoothAdapter: android.bluetooth.BluetoothDevice getRemoteDevice(java.lang.String)>",
						"<android.bluetooth.BluetoothDevice: void <init>(java.lang.String)>"
					],
					"depth":2,
					"method":"<android.bluetooth.BluetoothGattServer$1: void onServerConnectionState(int,int,boolean,java.lang.String)>",
					"source":"CALLER"
				},
				{
					"trace":[
						"<android.bluetooth.BluetoothGattServer$1: void onNotificationSent(java.lang.String,int)>",
						"<android.bluetooth.BluetoothAdapter: android.bluetooth.BluetoothDevice getRemoteDevice(java.lang.String)>",
						"<android.bluetooth.BluetoothDevice: void <init>(java.lang.String)>"
					],
					"depth":2,
					"method":"<android.bluetooth.BluetoothGattServer$1: void onNotificationSent(java.lang.String,int)>",
					"source":"CALLER"
				},
				{
					"trace":[
						"<android.bluetooth.BluetoothGattServer$1: void onExecuteWrite(java.lang.String,int,boolean)>",
						"<android.bluetooth.BluetoothAdapter: android.bluetooth.BluetoothDevice getRemoteDevice(java.lang.String)>",
						"<android.bluetooth.BluetoothDevice: void <init>(java.lang.String)>"
					],
					"depth":2,
					"method":"<android.bluetooth.BluetoothGattServer$1: void onExecuteWrite(java.lang.String,int,boolean)>",
					"source":"CALLER"
				},
				{
					"trace":[
						"<android.bluetooth.BluetoothGattServer$1: void onDescriptorWriteRequest(java.lang.String,int,int,int,boolean,boolean,int,int,android.os.ParcelUuid,int,android.os.ParcelUuid,android.os.ParcelUuid,byte[])>",
						"<android.bluetooth.BluetoothAdapter: android.bluetooth.BluetoothDevice getRemoteDevice(java.lang.String)>",
						"<android.bluetooth.BluetoothDevice: void <init>(java.lang.String)>"
					],
					"depth":2,
					"method":"<android.bluetooth.BluetoothGattServer$1: void onDescriptorWriteRequest(java.lang.String,int,int,int,boolean,boolean,int,int,android.os.ParcelUuid,int,android.os.ParcelUuid,android.os.ParcelUuid,byte[])>",
					"source":"CALLER"
				},
				{
					"trace":[
						"<android.bluetooth.BluetoothGattServer$1: void onCharacteristicWriteRequest(java.lang.String,int,int,int,boolean,boolean,int,int,android.os.ParcelUuid,int,android.os.ParcelUuid,byte[])>",
						"<android.bluetooth.BluetoothAdapter: android.bluetooth.BluetoothDevice getRemoteDevice(java.lang.String)>",
						"<android.bluetooth.BluetoothDevice: void <init>(java.lang.String)>"
					],
					"depth":2,
					"method":"<android.bluetooth.BluetoothGattServer$1: void onCharacteristicWriteRequest(java.lang.String,int,int,int,boolean,boolean,int,int,android.os.ParcelUuid,int,android.os.ParcelUuid,byte[])>",
					"source":"CALLER"
				},
				{
					"trace":[
						"<android.bluetooth.BluetoothGattServer$1: void onDescriptorReadRequest(java.lang.String,int,int,boolean,int,int,android.os.ParcelUuid,int,android.os.ParcelUuid,android.os.ParcelUuid)>",
						"<android.bluetooth.BluetoothAdapter: android.bluetooth.BluetoothDevice getRemoteDevice(java.lang.String)>",
						"<android.bluetooth.BluetoothDevice: void <init>(java.lang.String)>"
					],
					"depth":2,
					"method":"<android.bluetooth.BluetoothGattServer$1: void onDescriptorReadRequest(java.lang.String,int,int,boolean,int,int,android.os.ParcelUuid,int,android.os.ParcelUuid,android.os.ParcelUuid)>",
					"source":"CALLER"
				},
				{
					"trace":[
						"<android.bluetooth.BluetoothGattServer$1: void onCharacteristicReadRequest(java.lang.String,int,int,boolean,int,int,android.os.ParcelUuid,int,android.os.ParcelUuid)>",
						"<android.bluetooth.BluetoothAdapter: android.bluetooth.BluetoothDevice getRemoteDevice(java.lang.String)>",
						"<android.bluetooth.BluetoothDevice: void <init>(java.lang.String)>"
					],
					"depth":2,
					"method":"<android.bluetooth.BluetoothGattServer$1: void onCharacteristicReadRequest(java.lang.String,int,int,boolean,int,int,android.os.ParcelUuid,int,android.os.ParcelUuid)>",
					"source":"CALLER"
				}
			],
			"callerOfSingnlar2SourceVar":{
				"<android.bluetooth.BluetoothGattServer$1: void onNotificationSent(java.lang.String,int)>":"0",
				"<android.bluetooth.BluetoothGattServer$1: void onDescriptorWriteRequest(java.lang.String,int,int,int,boolean,boolean,int,int,android.os.ParcelUuid,int,android.os.ParcelUuid,android.os.ParcelUuid,byte[])>":"0",
				"<android.bluetooth.BluetoothSocket: android.bluetooth.BluetoothSocket acceptSocket(java.lang.String)>":"0",
				"<android.bluetooth.BluetoothGattServer$1: void onExecuteWrite(java.lang.String,int,boolean)>":"0",
				"<android.bluetooth.BluetoothGattServer$1: void onCharacteristicWriteRequest(java.lang.String,int,int,int,boolean,boolean,int,int,android.os.ParcelUuid,int,android.os.ParcelUuid,byte[])>":"0",
				"<android.bluetooth.BluetoothAdapter: android.bluetooth.BluetoothDevice getRemoteDevice(java.lang.String)>":"0",
				"<android.bluetooth.BluetoothGattServer$1: void onCharacteristicReadRequest(java.lang.String,int,int,boolean,int,int,android.os.ParcelUuid,int,android.os.ParcelUuid)>":"0",
				"<android.bluetooth.BluetoothSocket: void <init>(int,int,boolean,boolean,java.lang.String,int)>":"4",
				"<android.bluetooth.BluetoothGattServer$1: void onServerConnectionState(int,int,boolean,java.lang.String)>":"3",
				"<android.bluetooth.BluetoothGattServer$1: void onDescriptorReadRequest(java.lang.String,int,int,boolean,int,int,android.os.ParcelUuid,int,android.os.ParcelUuid,android.os.ParcelUuid)>":"0",
				"<android.bluetooth.BluetoothDevice: void <init>(java.lang.String)>":"0"
			}
		},
		{
			"method":"<android.bluetooth.BluetoothDevice: boolean createBond(int)>",
			"message":"[\\s\\S]*\\Q is not a valid Bluetooth transport\\E",
			"relatedVarType":"ParaAndField",
			"relatedCondType":"Basic",
			"modifier":"public",
			"type":"java.lang.IllegalArgumentException",
			"osVersionRelated":false,
			"resourceRelated":false,
			"assessRelated":false,
			"hardwareRelated":false,
			"manifestRelated":false,
			"conditions":"0 > i0, $r0 != null, i0 <= 2",
			"paramValues":"@parameter0: int",
			"fieldValues":"<android.bluetooth.BluetoothDevice: android.bluetooth.IBluetooth sService>",
			"relatedValues":"@parameter0: int; <android.bluetooth.BluetoothDevice: android.bluetooth.IBluetooth sService>; ",
			"keyAPISameClassNum":22,
			"keyAPIDiffClassNum":58,
			"keyAPISameClass":[
				{
					"trace":[
						"<android.bluetooth.BluetoothDevice: boolean createBond(int)>"
					],
					"depth":1,
					"method":"<android.bluetooth.BluetoothDevice: java.lang.String getName()>",
					"source":"FIELD"
				},
				{
					"trace":[
						"<android.bluetooth.BluetoothDevice: boolean createBond(int)>"
					],
					"depth":1,
					"method":"<android.bluetooth.BluetoothDevice: int getType()>",
					"source":"FIELD"
				},
				{
					"trace":[
						"<android.bluetooth.BluetoothDevice: boolean createBond(int)>"
					],
					"depth":1,
					"method":"<android.bluetooth.BluetoothDevice: java.lang.String getAlias()>",
					"source":"FIELD"
				},
				{
					"trace":[
						"<android.bluetooth.BluetoothDevice: boolean createBond(int)>"
					],
					"depth":1,
					"method":"<android.bluetooth.BluetoothDevice: boolean setAlias(java.lang.String)>",
					"source":"FIELD"
				},
				{
					"trace":[
						"<android.bluetooth.BluetoothDevice: boolean createBond(int)>"
					],
					"depth":1,
					"method":"<android.bluetooth.BluetoothDevice: boolean createBond()>",
					"source":"FIELD"
				},
				{
					"trace":[
						"<android.bluetooth.BluetoothDevice: boolean createBond(int)>"
					],
					"depth":1,
					"method":"<android.bluetooth.BluetoothDevice: boolean createBond(int)>",
					"source":"FIELD"
				},
				{
					"trace":[
						"<android.bluetooth.BluetoothDevice: boolean createBond(int)>"
					],
					"depth":1,
					"method":"<android.bluetooth.BluetoothDevice: boolean cancelBondProcess()>",
					"source":"FIELD"
				},
				{
					"trace":[
						"<android.bluetooth.BluetoothDevice: boolean createBond(int)>"
					],
					"depth":1,
					"method":"<android.bluetooth.BluetoothDevice: boolean removeBond()>",
					"source":"FIELD"
				},
				{
					"trace":[
						"<android.bluetooth.BluetoothDevice: boolean createBond(int)>"
					],
					"depth":1,
					"method":"<android.bluetooth.BluetoothDevice: int getBondState()>",
					"source":"FIELD"
				},
				{
					"trace":[
						"<android.bluetooth.BluetoothDevice: boolean createBond(int)>"
					],
					"depth":1,
					"method":"<android.bluetooth.BluetoothDevice: boolean isConnected()>",
					"source":"FIELD"
				},
				{
					"trace":[
						"<android.bluetooth.BluetoothDevice: boolean createBond(int)>"
					],
					"depth":1,
					"method":"<android.bluetooth.BluetoothDevice: android.bluetooth.BluetoothClass getBluetoothClass()>",
					"source":"FIELD"
				},
				{
					"trace":[
						"<android.bluetooth.BluetoothDevice: boolean createBond(int)>"
					],
					"depth":1,
					"method":"<android.bluetooth.BluetoothDevice: android.os.ParcelUuid[] getUuids()>",
					"source":"FIELD"
				},
				{
					"trace":[
						"<android.bluetooth.BluetoothDevice: boolean createBond(int)>"
					],
					"depth":1,
					"method":"<android.bluetooth.BluetoothDevice: boolean fetchUuidsWithSdp()>",
					"source":"FIELD"
				},
				{
					"trace":[
						"<android.bluetooth.BluetoothDevice: boolean createBond(int)>"
					],
					"depth":1,
					"method":"<android.bluetooth.BluetoothDevice: boolean fetchMasInstances()>",
					"source":"FIELD"
				},
				{
					"trace":[
						"<android.bluetooth.BluetoothDevice: boolean createBond(int)>"
					],
					"depth":1,
					"method":"<android.bluetooth.BluetoothDevice: boolean setPin(byte[])>",
					"source":"FIELD"
				},
				{
					"trace":[
						"<android.bluetooth.BluetoothDevice: boolean createBond(int)>"
					],
					"depth":1,
					"method":"<android.bluetooth.BluetoothDevice: boolean setPairingConfirmation(boolean)>",
					"source":"FIELD"
				},
				{
					"trace":[
						"<android.bluetooth.BluetoothDevice: boolean createBond(int)>"
					],
					"depth":1,
					"method":"<android.bluetooth.BluetoothDevice: boolean cancelPairingUserInput()>",
					"source":"FIELD"
				},
				{
					"trace":[
						"<android.bluetooth.BluetoothDevice: boolean createBond(int)>"
					],
					"depth":1,
					"method":"<android.bluetooth.BluetoothDevice: int getPhonebookAccessPermission()>",
					"source":"FIELD"
				},
				{
					"trace":[
						"<android.bluetooth.BluetoothDevice: boolean createBond(int)>"
					],
					"depth":1,
					"method":"<android.bluetooth.BluetoothDevice: boolean setPhonebookAccessPermission(int)>",
					"source":"FIELD"
				},
				{
					"trace":[
						"<android.bluetooth.BluetoothDevice: boolean createBond(int)>"
					],
					"depth":1,
					"method":"<android.bluetooth.BluetoothDevice: int getMessageAccessPermission()>",
					"source":"FIELD"
				},
				{
					"trace":[
						"<android.bluetooth.BluetoothDevice: boolean createBond(int)>"
					],
					"depth":1,
					"method":"<android.bluetooth.BluetoothDevice: boolean setMessageAccessPermission(int)>",
					"source":"FIELD"
				},
				{
					"trace":[
						"<android.bluetooth.BluetoothDevice: java.lang.String getAliasName()>",
						"<android.bluetooth.BluetoothDevice: java.lang.String getName()>",
						"key field: <android.bluetooth.BluetoothDevice: android.bluetooth.IBluetooth sService>",
						"<android.bluetooth.BluetoothDevice: boolean createBond(int)>"
					],
					"depth":2,
					"method":"<android.bluetooth.BluetoothDevice: java.lang.String getAliasName()>",
					"source":"FIELDCALLER"
				}
			],
			"keyAPIDiffClass":[
				{
					"trace":[
						"<android.bluetooth.BluetoothA2dp: boolean shouldSendVolumeKeys(android.bluetooth.BluetoothDevice)>",
						"<android.bluetooth.BluetoothDevice: android.os.ParcelUuid[] getUuids()>",
						"key field: <android.bluetooth.BluetoothDevice: android.bluetooth.IBluetooth sService>",
						"<android.bluetooth.BluetoothDevice: boolean createBond(int)>"
					],
					"depth":2,
					"method":"<android.bluetooth.BluetoothA2dp: boolean shouldSendVolumeKeys(android.bluetooth.BluetoothDevice)>",
					"source":"FIELDCALLER"
				},
				{
					"trace":[
						"<android.bluetooth.BluetoothDevice$1: void onBluetoothServiceUp(android.bluetooth.IBluetooth)>",
						"<android.bluetooth.BluetoothDevice: android.bluetooth.IBluetooth access$002(android.bluetooth.IBluetooth)>",
						"key field: <android.bluetooth.BluetoothDevice: android.bluetooth.IBluetooth sService>",
						"<android.bluetooth.BluetoothDevice: boolean createBond(int)>"
					],
					"depth":2,
					"method":"<android.bluetooth.BluetoothDevice$1: void onBluetoothServiceUp(android.bluetooth.IBluetooth)>",
					"source":"FIELDCALLER"
				},
				{
					"trace":[
						"<android.bluetooth.BluetoothDevice$1: void onBluetoothServiceDown()>",
						"<android.bluetooth.BluetoothDevice: android.bluetooth.IBluetooth access$002(android.bluetooth.IBluetooth)>",
						"key field: <android.bluetooth.BluetoothDevice: android.bluetooth.IBluetooth sService>",
						"<android.bluetooth.BluetoothDevice: boolean createBond(int)>"
					],
					"depth":2,
					"method":"<android.bluetooth.BluetoothDevice$1: void onBluetoothServiceDown()>",
					"source":"FIELDCALLER"
				},
				{
					"trace":[
						"<android.bluetooth.BluetoothDevice$2: android.bluetooth.BluetoothDevice createFromParcel(android.os.Parcel)>",
						"<android.bluetooth.BluetoothDevice: void <init>(java.lang.String)>",
						"<android.bluetooth.BluetoothDevice: android.bluetooth.IBluetooth getService()>",
						"key field: <android.bluetooth.BluetoothDevice: android.bluetooth.IBluetooth sService>",
						"<android.bluetooth.BluetoothDevice: boolean createBond(int)>"
					],
					"depth":3,
					"method":"<android.bluetooth.BluetoothDevice$2: android.bluetooth.BluetoothDevice createFromParcel(android.os.Parcel)>",
					"source":"FIELDCALLER"
				},
				{
					"trace":[
						"<android.os.Parcelable$Creator: java.lang.Object createFromParcel(android.os.Parcel)>",
						"<android.bluetooth.BluetoothDevice: void <init>(java.lang.String)>",
						"<android.bluetooth.BluetoothDevice: android.bluetooth.IBluetooth getService()>",
						"key field: <android.bluetooth.BluetoothDevice: android.bluetooth.IBluetooth sService>",
						"<android.bluetooth.BluetoothDevice: boolean createBond(int)>"
					],
					"depth":3,
					"method":"<android.os.Parcelable$Creator: java.lang.Object createFromParcel(android.os.Parcel)>",
					"source":"FIELDCALLER"
				},
				{
					"trace":[
						"<android.bluetooth.BluetoothAdapter: android.bluetooth.BluetoothDevice getRemoteDevice(byte[])>",
						"<android.bluetooth.BluetoothDevice: void <init>(java.lang.String)>",
						"<android.bluetooth.BluetoothDevice: android.bluetooth.IBluetooth getService()>",
						"key field: <android.bluetooth.BluetoothDevice: android.bluetooth.IBluetooth sService>",
						"<android.bluetooth.BluetoothDevice: boolean createBond(int)>"
					],
					"depth":3,
					"method":"<android.bluetooth.BluetoothAdapter: android.bluetooth.BluetoothDevice getRemoteDevice(byte[])>",
					"source":"FIELDCALLER"
				},
				{
					"trace":[
						"<android.bluetooth.BluetoothAdapter: android.bluetooth.BluetoothDevice getRemoteDevice(java.lang.String)>",
						"<android.bluetooth.BluetoothDevice: void <init>(java.lang.String)>",
						"<android.bluetooth.BluetoothDevice: android.bluetooth.IBluetooth getService()>",
						"key field: <android.bluetooth.BluetoothDevice: android.bluetooth.IBluetooth sService>",
						"<android.bluetooth.BluetoothDevice: boolean createBond(int)>"
					],
					"depth":3,
					"method":"<android.bluetooth.BluetoothAdapter: android.bluetooth.BluetoothDevice getRemoteDevice(java.lang.String)>",
					"source":"FIELDCALLER"
				},
				{
					"trace":[
						"<android.bluetooth.IBluetoothManagerCallback$Stub: boolean onTransact(int,android.os.Parcel,android.os.Parcel,int)>",
						"<android.bluetooth.BluetoothDevice$1: void onBluetoothServiceUp(android.bluetooth.IBluetooth)>",
						"<android.bluetooth.BluetoothDevice: android.bluetooth.IBluetooth access$002(android.bluetooth.IBluetooth)>",
						"key field: <android.bluetooth.BluetoothDevice: android.bluetooth.IBluetooth sService>",
						"<android.bluetooth.BluetoothDevice: boolean createBond(int)>"
					],
					"depth":3,
					"method":"<android.bluetooth.IBluetoothManagerCallback$Stub: boolean onTransact(int,android.os.Parcel,android.os.Parcel,int)>",
					"source":"FIELDCALLER"
				},
				{
					"trace":[
						"<android.bluetooth.BluetoothAdapter$1: void onBluetoothServiceUp(android.bluetooth.IBluetooth)>",
						"<android.bluetooth.BluetoothDevice$1: void onBluetoothServiceUp(android.bluetooth.IBluetooth)>",
						"<android.bluetooth.BluetoothDevice: android.bluetooth.IBluetooth access$002(android.bluetooth.IBluetooth)>",
						"key field: <android.bluetooth.BluetoothDevice: android.bluetooth.IBluetooth sService>",
						"<android.bluetooth.BluetoothDevice: boolean createBond(int)>"
					],
					"depth":3,
					"method":"<android.bluetooth.BluetoothAdapter$1: void onBluetoothServiceUp(android.bluetooth.IBluetooth)>",
					"source":"FIELDCALLER"
				},
				{
					"trace":[
						"<android.bluetooth.BluetoothAdapter$1: void onBluetoothServiceDown()>",
						"<android.bluetooth.BluetoothDevice$1: void onBluetoothServiceDown()>",
						"<android.bluetooth.BluetoothDevice: android.bluetooth.IBluetooth access$002(android.bluetooth.IBluetooth)>",
						"key field: <android.bluetooth.BluetoothDevice: android.bluetooth.IBluetooth sService>",
						"<android.bluetooth.BluetoothDevice: boolean createBond(int)>"
					],
					"depth":3,
					"method":"<android.bluetooth.BluetoothAdapter$1: void onBluetoothServiceDown()>",
					"source":"FIELDCALLER"
				},
				{
					"trace":[
						"<android.bluetooth.BluetoothDevice$2: java.lang.Object createFromParcel(android.os.Parcel)>",
						"<android.bluetooth.BluetoothDevice$2: android.bluetooth.BluetoothDevice createFromParcel(android.os.Parcel)>",
						"<android.bluetooth.BluetoothDevice: void <init>(java.lang.String)>",
						"<android.bluetooth.BluetoothDevice: android.bluetooth.IBluetooth getService()>",
						"key field: <android.bluetooth.BluetoothDevice: android.bluetooth.IBluetooth sService>",
						"<android.bluetooth.BluetoothDevice: boolean createBond(int)>"
					],
					"depth":4,
					"method":"<android.bluetooth.BluetoothDevice$2: java.lang.Object createFromParcel(android.os.Parcel)>",
					"source":"FIELDCALLER"
				},
				{
					"trace":[
						"<android.bluetooth.BluetoothGattServer$1: void onServerConnectionState(int,int,boolean,java.lang.String)>",
						"<android.bluetooth.BluetoothAdapter: android.bluetooth.BluetoothDevice getRemoteDevice(java.lang.String)>",
						"<android.bluetooth.BluetoothDevice: void <init>(java.lang.String)>",
						"<android.bluetooth.BluetoothDevice: android.bluetooth.IBluetooth getService()>",
						"key field: <android.bluetooth.BluetoothDevice: android.bluetooth.IBluetooth sService>",
						"<android.bluetooth.BluetoothDevice: boolean createBond(int)>"
					],
					"depth":4,
					"method":"<android.bluetooth.BluetoothGattServer$1: void onServerConnectionState(int,int,boolean,java.lang.String)>",
					"source":"FIELDCALLER"
				},
				{
					"trace":[
						"<android.bluetooth.BluetoothGattServer$1: void onNotificationSent(java.lang.String,int)>",
						"<android.bluetooth.BluetoothAdapter: android.bluetooth.BluetoothDevice getRemoteDevice(java.lang.String)>",
						"<android.bluetooth.BluetoothDevice: void <init>(java.lang.String)>",
						"<android.bluetooth.BluetoothDevice: android.bluetooth.IBluetooth getService()>",
						"key field: <android.bluetooth.BluetoothDevice: android.bluetooth.IBluetooth sService>",
						"<android.bluetooth.BluetoothDevice: boolean createBond(int)>"
					],
					"depth":4,
					"method":"<android.bluetooth.BluetoothGattServer$1: void onNotificationSent(java.lang.String,int)>",
					"source":"FIELDCALLER"
				},
				{
					"trace":[
						"<android.bluetooth.BluetoothGattServer$1: void onExecuteWrite(java.lang.String,int,boolean)>",
						"<android.bluetooth.BluetoothAdapter: android.bluetooth.BluetoothDevice getRemoteDevice(java.lang.String)>",
						"<android.bluetooth.BluetoothDevice: void <init>(java.lang.String)>",
						"<android.bluetooth.BluetoothDevice: android.bluetooth.IBluetooth getService()>",
						"key field: <android.bluetooth.BluetoothDevice: android.bluetooth.IBluetooth sService>",
						"<android.bluetooth.BluetoothDevice: boolean createBond(int)>"
					],
					"depth":4,
					"method":"<android.bluetooth.BluetoothGattServer$1: void onExecuteWrite(java.lang.String,int,boolean)>",
					"source":"FIELDCALLER"
				},
				{
					"trace":[
						"<android.bluetooth.BluetoothGattServer$1: void onDescriptorWriteRequest(java.lang.String,int,int,int,boolean,boolean,int,int,android.os.ParcelUuid,int,android.os.ParcelUuid,android.os.ParcelUuid,byte[])>",
						"<android.bluetooth.BluetoothAdapter: android.bluetooth.BluetoothDevice getRemoteDevice(java.lang.String)>",
						"<android.bluetooth.BluetoothDevice: void <init>(java.lang.String)>",
						"<android.bluetooth.BluetoothDevice: android.bluetooth.IBluetooth getService()>",
						"key field: <android.bluetooth.BluetoothDevice: android.bluetooth.IBluetooth sService>",
						"<android.bluetooth.BluetoothDevice: boolean createBond(int)>"
					],
					"depth":4,
					"method":"<android.bluetooth.BluetoothGattServer$1: void onDescriptorWriteRequest(java.lang.String,int,int,int,boolean,boolean,int,int,android.os.ParcelUuid,int,android.os.ParcelUuid,android.os.ParcelUuid,byte[])>",
					"source":"FIELDCALLER"
				},
				{
					"trace":[
						"<android.bluetooth.BluetoothGattServer$1: void onCharacteristicWriteRequest(java.lang.String,int,int,int,boolean,boolean,int,int,android.os.ParcelUuid,int,android.os.ParcelUuid,byte[])>",
						"<android.bluetooth.BluetoothAdapter: android.bluetooth.BluetoothDevice getRemoteDevice(java.lang.String)>",
						"<android.bluetooth.BluetoothDevice: void <init>(java.lang.String)>",
						"<android.bluetooth.BluetoothDevice: android.bluetooth.IBluetooth getService()>",
						"key field: <android.bluetooth.BluetoothDevice: android.bluetooth.IBluetooth sService>",
						"<android.bluetooth.BluetoothDevice: boolean createBond(int)>"
					],
					"depth":4,
					"method":"<android.bluetooth.BluetoothGattServer$1: void onCharacteristicWriteRequest(java.lang.String,int,int,int,boolean,boolean,int,int,android.os.ParcelUuid,int,android.os.ParcelUuid,byte[])>",
					"source":"FIELDCALLER"
				},
				{
					"trace":[
						"<android.bluetooth.BluetoothGattServer$1: void onDescriptorReadRequest(java.lang.String,int,int,boolean,int,int,android.os.ParcelUuid,int,android.os.ParcelUuid,android.os.ParcelUuid)>",
						"<android.bluetooth.BluetoothAdapter: android.bluetooth.BluetoothDevice getRemoteDevice(java.lang.String)>",
						"<android.bluetooth.BluetoothDevice: void <init>(java.lang.String)>",
						"<android.bluetooth.BluetoothDevice: android.bluetooth.IBluetooth getService()>",
						"key field: <android.bluetooth.BluetoothDevice: android.bluetooth.IBluetooth sService>",
						"<android.bluetooth.BluetoothDevice: boolean createBond(int)>"
					],
					"depth":4,
					"method":"<android.bluetooth.BluetoothGattServer$1: void onDescriptorReadRequest(java.lang.String,int,int,boolean,int,int,android.os.ParcelUuid,int,android.os.ParcelUuid,android.os.ParcelUuid)>",
					"source":"FIELDCALLER"
				},
				{
					"trace":[
						"<android.bluetooth.BluetoothGattServer$1: void onCharacteristicReadRequest(java.lang.String,int,int,boolean,int,int,android.os.ParcelUuid,int,android.os.ParcelUuid)>",
						"<android.bluetooth.BluetoothAdapter: android.bluetooth.BluetoothDevice getRemoteDevice(java.lang.String)>",
						"<android.bluetooth.BluetoothDevice: void <init>(java.lang.String)>",
						"<android.bluetooth.BluetoothDevice: android.bluetooth.IBluetooth getService()>",
						"key field: <android.bluetooth.BluetoothDevice: android.bluetooth.IBluetooth sService>",
						"<android.bluetooth.BluetoothDevice: boolean createBond(int)>"
					],
					"depth":4,
					"method":"<android.bluetooth.BluetoothGattServer$1: void onCharacteristicReadRequest(java.lang.String,int,int,boolean,int,int,android.os.ParcelUuid,int,android.os.ParcelUuid)>",
					"source":"FIELDCALLER"
				},
				{
					"trace":[
						"<android.bluetooth.IBluetoothGattServerCallback$Stub: boolean onTransact(int,android.os.Parcel,android.os.Parcel,int)>",
						"<android.bluetooth.BluetoothDevice$2: java.lang.Object createFromParcel(android.os.Parcel)>",
						"<android.bluetooth.BluetoothDevice$2: android.bluetooth.BluetoothDevice createFromParcel(android.os.Parcel)>",
						"<android.bluetooth.BluetoothDevice: void <init>(java.lang.String)>",
						"<android.bluetooth.BluetoothDevice: android.bluetooth.IBluetooth getService()>",
						"key field: <android.bluetooth.BluetoothDevice: android.bluetooth.IBluetooth sService>",
						"<android.bluetooth.BluetoothDevice: boolean createBond(int)>"
					],
					"depth":5,
					"method":"<android.bluetooth.IBluetoothGattServerCallback$Stub: boolean onTransact(int,android.os.Parcel,android.os.Parcel,int)>",
					"source":"FIELDCALLER"
				},
				{
					"trace":[
						"<android.bluetooth.IBluetoothHealthCallback$Stub: boolean onTransact(int,android.os.Parcel,android.os.Parcel,int)>",
						"<android.bluetooth.BluetoothDevice$2: java.lang.Object createFromParcel(android.os.Parcel)>",
						"<android.bluetooth.BluetoothDevice$2: android.bluetooth.BluetoothDevice createFromParcel(android.os.Parcel)>",
						"<android.bluetooth.BluetoothDevice: void <init>(java.lang.String)>",
						"<android.bluetooth.BluetoothDevice: android.bluetooth.IBluetooth getService()>",
						"key field: <android.bluetooth.BluetoothDevice: android.bluetooth.IBluetooth sService>",
						"<android.bluetooth.BluetoothDevice: boolean createBond(int)>"
					],
					"depth":5,
					"method":"<android.bluetooth.IBluetoothHealthCallback$Stub: boolean onTransact(int,android.os.Parcel,android.os.Parcel,int)>",
					"source":"FIELDCALLER"
				},
				{
					"trace":[
						"<android.bluetooth.IBluetoothGattCallback$Stub: boolean onTransact(int,android.os.Parcel,android.os.Parcel,int)>",
						"<android.bluetooth.BluetoothDevice$2: java.lang.Object createFromParcel(android.os.Parcel)>",
						"<android.bluetooth.BluetoothDevice$2: android.bluetooth.BluetoothDevice createFromParcel(android.os.Parcel)>",
						"<android.bluetooth.BluetoothDevice: void <init>(java.lang.String)>",
						"<android.bluetooth.BluetoothDevice: android.bluetooth.IBluetooth getService()>",
						"key field: <android.bluetooth.BluetoothDevice: android.bluetooth.IBluetooth sService>",
						"<android.bluetooth.BluetoothDevice: boolean createBond(int)>"
					],
					"depth":5,
					"method":"<android.bluetooth.IBluetoothGattCallback$Stub: boolean onTransact(int,android.os.Parcel,android.os.Parcel,int)>",
					"source":"FIELDCALLER"
				},
				{
					"trace":[
						"<android.net.wifi.ScanSettings$1: android.net.wifi.ScanSettings createFromParcel(android.os.Parcel)>",
						"<android.bluetooth.BluetoothDevice$2: java.lang.Object createFromParcel(android.os.Parcel)>",
						"<android.bluetooth.BluetoothDevice$2: android.bluetooth.BluetoothDevice createFromParcel(android.os.Parcel)>",
						"<android.bluetooth.BluetoothDevice: void <init>(java.lang.String)>",
						"<android.bluetooth.BluetoothDevice: android.bluetooth.IBluetooth getService()>",
						"key field: <android.bluetooth.BluetoothDevice: android.bluetooth.IBluetooth sService>",
						"<android.bluetooth.BluetoothDevice: boolean createBond(int)>"
					],
					"depth":5,
					"method":"<android.net.wifi.ScanSettings$1: android.net.wifi.ScanSettings createFromParcel(android.os.Parcel)>",
					"source":"FIELDCALLER"
				},
				{
					"trace":[
						"<android.net.wifi.ScanSettings$1: java.lang.Object createFromParcel(android.os.Parcel)>",
						"<android.net.wifi.ScanSettings$1: android.net.wifi.ScanSettings createFromParcel(android.os.Parcel)>",
						"<android.bluetooth.BluetoothDevice$2: java.lang.Object createFromParcel(android.os.Parcel)>",
						"<android.bluetooth.BluetoothDevice$2: android.bluetooth.BluetoothDevice createFromParcel(android.os.Parcel)>",
						"<android.bluetooth.BluetoothDevice: void <init>(java.lang.String)>",
						"<android.bluetooth.BluetoothDevice: android.bluetooth.IBluetooth getService()>",
						"key field: <android.bluetooth.BluetoothDevice: android.bluetooth.IBluetooth sService>",
						"<android.bluetooth.BluetoothDevice: boolean createBond(int)>"
					],
					"depth":6,
					"method":"<android.net.wifi.ScanSettings$1: java.lang.Object createFromParcel(android.os.Parcel)>",
					"source":"FIELDCALLER"
				},
				{
					"trace":[
						"<android.bluetooth.BluetoothServerSocket: android.bluetooth.BluetoothSocket accept(int)>",
						"<android.bluetooth.BluetoothSocket: android.bluetooth.BluetoothSocket accept(int)>",
						"<android.bluetooth.BluetoothSocket: android.bluetooth.BluetoothSocket acceptSocket(java.lang.String)>",
						"<android.bluetooth.BluetoothAdapter: android.bluetooth.BluetoothDevice getRemoteDevice(java.lang.String)>",
						"<android.bluetooth.BluetoothDevice: void <init>(java.lang.String)>",
						"<android.bluetooth.BluetoothDevice: android.bluetooth.IBluetooth getService()>",
						"key field: <android.bluetooth.BluetoothDevice: android.bluetooth.IBluetooth sService>",
						"<android.bluetooth.BluetoothDevice: boolean createBond(int)>"
					],
					"depth":6,
					"method":"<android.bluetooth.BluetoothServerSocket: android.bluetooth.BluetoothSocket accept(int)>",
					"source":"FIELDCALLER"
				},
				{
					"trace":[
						"<android.net.wifi.p2p.WifiP2pDevice$1: android.net.wifi.p2p.WifiP2pDevice createFromParcel(android.os.Parcel)>",
						"<android.net.wifi.ScanSettings$1: java.lang.Object createFromParcel(android.os.Parcel)>",
						"<android.net.wifi.ScanSettings$1: android.net.wifi.ScanSettings createFromParcel(android.os.Parcel)>",
						"<android.bluetooth.BluetoothDevice$2: java.lang.Object createFromParcel(android.os.Parcel)>",
						"<android.bluetooth.BluetoothDevice$2: android.bluetooth.BluetoothDevice createFromParcel(android.os.Parcel)>",
						"<android.bluetooth.BluetoothDevice: void <init>(java.lang.String)>",
						"<android.bluetooth.BluetoothDevice: android.bluetooth.IBluetooth getService()>",
						"key field: <android.bluetooth.BluetoothDevice: android.bluetooth.IBluetooth sService>",
						"<android.bluetooth.BluetoothDevice: boolean createBond(int)>"
					],
					"depth":7,
					"method":"<android.net.wifi.p2p.WifiP2pDevice$1: android.net.wifi.p2p.WifiP2pDevice createFromParcel(android.os.Parcel)>",
					"source":"FIELDCALLER"
				},
				{
					"trace":[
						"<android.app.usage.ConfigurationStats$1: android.app.usage.ConfigurationStats createFromParcel(android.os.Parcel)>",
						"<android.net.wifi.ScanSettings$1: java.lang.Object createFromParcel(android.os.Parcel)>",
						"<android.net.wifi.ScanSettings$1: android.net.wifi.ScanSettings createFromParcel(android.os.Parcel)>",
						"<android.bluetooth.BluetoothDevice$2: java.lang.Object createFromParcel(android.os.Parcel)>",
						"<android.bluetooth.BluetoothDevice$2: android.bluetooth.BluetoothDevice createFromParcel(android.os.Parcel)>",
						"<android.bluetooth.BluetoothDevice: void <init>(java.lang.String)>",
						"<android.bluetooth.BluetoothDevice: android.bluetooth.IBluetooth getService()>",
						"key field: <android.bluetooth.BluetoothDevice: android.bluetooth.IBluetooth sService>",
						"<android.bluetooth.BluetoothDevice: boolean createBond(int)>"
					],
					"depth":7,
					"method":"<android.app.usage.ConfigurationStats$1: android.app.usage.ConfigurationStats createFromParcel(android.os.Parcel)>",
					"source":"FIELDCALLER"
				},
				{
					"trace":[
						"<android.nfc.cardemulation.ApduServiceInfo$1: android.nfc.cardemulation.ApduServiceInfo createFromParcel(android.os.Parcel)>",
						"<android.net.wifi.ScanSettings$1: java.lang.Object createFromParcel(android.os.Parcel)>",
						"<android.net.wifi.ScanSettings$1: android.net.wifi.ScanSettings createFromParcel(android.os.Parcel)>",
						"<android.bluetooth.BluetoothDevice$2: java.lang.Object createFromParcel(android.os.Parcel)>",
						"<android.bluetooth.BluetoothDevice$2: android.bluetooth.BluetoothDevice createFromParcel(android.os.Parcel)>",
						"<android.bluetooth.BluetoothDevice: void <init>(java.lang.String)>",
						"<android.bluetooth.BluetoothDevice: android.bluetooth.IBluetooth getService()>",
						"key field: <android.bluetooth.BluetoothDevice: android.bluetooth.IBluetooth sService>",
						"<android.bluetooth.BluetoothDevice: boolean createBond(int)>"
					],
					"depth":7,
					"method":"<android.nfc.cardemulation.ApduServiceInfo$1: android.nfc.cardemulation.ApduServiceInfo createFromParcel(android.os.Parcel)>",
					"source":"FIELDCALLER"
				},
				{
					"trace":[
						"<android.view.DragEvent$1: android.view.DragEvent createFromParcel(android.os.Parcel)>",
						"<android.net.wifi.ScanSettings$1: java.lang.Object createFromParcel(android.os.Parcel)>",
						"<android.net.wifi.ScanSettings$1: android.net.wifi.ScanSettings createFromParcel(android.os.Parcel)>",
						"<android.bluetooth.BluetoothDevice$2: java.lang.Object createFromParcel(android.os.Parcel)>",
						"<android.bluetooth.BluetoothDevice$2: android.bluetooth.BluetoothDevice createFromParcel(android.os.Parcel)>",
						"<android.bluetooth.BluetoothDevice: void <init>(java.lang.String)>",
						"<android.bluetooth.BluetoothDevice: android.bluetooth.IBluetooth getService()>",
						"key field: <android.bluetooth.BluetoothDevice: android.bluetooth.IBluetooth sService>",
						"<android.bluetooth.BluetoothDevice: boolean createBond(int)>"
					],
					"depth":7,
					"method":"<android.view.DragEvent$1: android.view.DragEvent createFromParcel(android.os.Parcel)>",
					"source":"FIELDCALLER"
				},
				{
					"trace":[
						"<com.android.internal.location.ProviderRequest$1: com.android.internal.location.ProviderRequest createFromParcel(android.os.Parcel)>",
						"<android.net.wifi.ScanSettings$1: java.lang.Object createFromParcel(android.os.Parcel)>",
						"<android.net.wifi.ScanSettings$1: android.net.wifi.ScanSettings createFromParcel(android.os.Parcel)>",
						"<android.bluetooth.BluetoothDevice$2: java.lang.Object createFromParcel(android.os.Parcel)>",
						"<android.bluetooth.BluetoothDevice$2: android.bluetooth.BluetoothDevice createFromParcel(android.os.Parcel)>",
						"<android.bluetooth.BluetoothDevice: void <init>(java.lang.String)>",
						"<android.bluetooth.BluetoothDevice: android.bluetooth.IBluetooth getService()>",
						"key field: <android.bluetooth.BluetoothDevice: android.bluetooth.IBluetooth sService>",
						"<android.bluetooth.BluetoothDevice: boolean createBond(int)>"
					],
					"depth":7,
					"method":"<com.android.internal.location.ProviderRequest$1: com.android.internal.location.ProviderRequest createFromParcel(android.os.Parcel)>",
					"source":"FIELDCALLER"
				},
				{
					"trace":[
						"<android.net.wifi.ScanResult$1: android.net.wifi.ScanResult createFromParcel(android.os.Parcel)>",
						"<android.net.wifi.ScanSettings$1: java.lang.Object createFromParcel(android.os.Parcel)>",
						"<android.net.wifi.ScanSettings$1: android.net.wifi.ScanSettings createFromParcel(android.os.Parcel)>",
						"<android.bluetooth.BluetoothDevice$2: java.lang.Object createFromParcel(android.os.Parcel)>",
						"<android.bluetooth.BluetoothDevice$2: android.bluetooth.BluetoothDevice createFromParcel(android.os.Parcel)>",
						"<android.bluetooth.BluetoothDevice: void <init>(java.lang.String)>",
						"<android.bluetooth.BluetoothDevice: android.bluetooth.IBluetooth getService()>",
						"key field: <android.bluetooth.BluetoothDevice: android.bluetooth.IBluetooth sService>",
						"<android.bluetooth.BluetoothDevice: boolean createBond(int)>"
					],
					"depth":7,
					"method":"<android.net.wifi.ScanResult$1: android.net.wifi.ScanResult createFromParcel(android.os.Parcel)>",
					"source":"FIELDCALLER"
				},
				{
					"trace":[
						"<android.telecom.GatewayInfo$1: android.telecom.GatewayInfo createFromParcel(android.os.Parcel)>",
						"<android.net.wifi.ScanSettings$1: java.lang.Object createFromParcel(android.os.Parcel)>",
						"<android.net.wifi.ScanSettings$1: android.net.wifi.ScanSettings createFromParcel(android.os.Parcel)>",
						"<android.bluetooth.BluetoothDevice$2: java.lang.Object createFromParcel(android.os.Parcel)>",
						"<android.bluetooth.BluetoothDevice$2: android.bluetooth.BluetoothDevice createFromParcel(android.os.Parcel)>",
						"<android.bluetooth.BluetoothDevice: void <init>(java.lang.String)>",
						"<android.bluetooth.BluetoothDevice: android.bluetooth.IBluetooth getService()>",
						"key field: <android.bluetooth.BluetoothDevice: android.bluetooth.IBluetooth sService>",
						"<android.bluetooth.BluetoothDevice: boolean createBond(int)>"
					],
					"depth":7,
					"method":"<android.telecom.GatewayInfo$1: android.telecom.GatewayInfo createFromParcel(android.os.Parcel)>",
					"source":"FIELDCALLER"
				},
				{
					"trace":[
						"<android.net.wifi.WifiScanner$ParcelableScanResults$1: android.net.wifi.WifiScanner$ParcelableScanResults createFromParcel(android.os.Parcel)>",
						"<android.net.wifi.ScanSettings$1: java.lang.Object createFromParcel(android.os.Parcel)>",
						"<android.net.wifi.ScanSettings$1: android.net.wifi.ScanSettings createFromParcel(android.os.Parcel)>",
						"<android.bluetooth.BluetoothDevice$2: java.lang.Object createFromParcel(android.os.Parcel)>",
						"<android.bluetooth.BluetoothDevice$2: android.bluetooth.BluetoothDevice createFromParcel(android.os.Parcel)>",
						"<android.bluetooth.BluetoothDevice: void <init>(java.lang.String)>",
						"<android.bluetooth.BluetoothDevice: android.bluetooth.IBluetooth getService()>",
						"key field: <android.bluetooth.BluetoothDevice: android.bluetooth.IBluetooth sService>",
						"<android.bluetooth.BluetoothDevice: boolean createBond(int)>"
					],
					"depth":7,
					"method":"<android.net.wifi.WifiScanner$ParcelableScanResults$1: android.net.wifi.WifiScanner$ParcelableScanResults createFromParcel(android.os.Parcel)>",
					"source":"FIELDCALLER"
				},
				{
					"trace":[
						"<android.hardware.display.WifiDisplayStatus$1: android.hardware.display.WifiDisplayStatus createFromParcel(android.os.Parcel)>",
						"<android.net.wifi.ScanSettings$1: java.lang.Object createFromParcel(android.os.Parcel)>",
						"<android.net.wifi.ScanSettings$1: android.net.wifi.ScanSettings createFromParcel(android.os.Parcel)>",
						"<android.bluetooth.BluetoothDevice$2: java.lang.Object createFromParcel(android.os.Parcel)>",
						"<android.bluetooth.BluetoothDevice$2: android.bluetooth.BluetoothDevice createFromParcel(android.os.Parcel)>",
						"<android.bluetooth.BluetoothDevice: void <init>(java.lang.String)>",
						"<android.bluetooth.BluetoothDevice: android.bluetooth.IBluetooth getService()>",
						"key field: <android.bluetooth.BluetoothDevice: android.bluetooth.IBluetooth sService>",
						"<android.bluetooth.BluetoothDevice: boolean createBond(int)>"
					],
					"depth":7,
					"method":"<android.hardware.display.WifiDisplayStatus$1: android.hardware.display.WifiDisplayStatus createFromParcel(android.os.Parcel)>",
					"source":"FIELDCALLER"
				},
				{
					"trace":[
						"<android.net.wifi.BatchedScanResult$1: android.net.wifi.BatchedScanResult createFromParcel(android.os.Parcel)>",
						"<android.net.wifi.ScanSettings$1: java.lang.Object createFromParcel(android.os.Parcel)>",
						"<android.net.wifi.ScanSettings$1: android.net.wifi.ScanSettings createFromParcel(android.os.Parcel)>",
						"<android.bluetooth.BluetoothDevice$2: java.lang.Object createFromParcel(android.os.Parcel)>",
						"<android.bluetooth.BluetoothDevice$2: android.bluetooth.BluetoothDevice createFromParcel(android.os.Parcel)>",
						"<android.bluetooth.BluetoothDevice: void <init>(java.lang.String)>",
						"<android.bluetooth.BluetoothDevice: android.bluetooth.IBluetooth getService()>",
						"key field: <android.bluetooth.BluetoothDevice: android.bluetooth.IBluetooth sService>",
						"<android.bluetooth.BluetoothDevice: boolean createBond(int)>"
					],
					"depth":7,
					"method":"<android.net.wifi.BatchedScanResult$1: android.net.wifi.BatchedScanResult createFromParcel(android.os.Parcel)>",
					"source":"FIELDCALLER"
				},
				{
					"trace":[
						"<android.view.inputmethod.ExtractedText$1: android.view.inputmethod.ExtractedText createFromParcel(android.os.Parcel)>",
						"<android.net.wifi.ScanSettings$1: java.lang.Object createFromParcel(android.os.Parcel)>",
						"<android.net.wifi.ScanSettings$1: android.net.wifi.ScanSettings createFromParcel(android.os.Parcel)>",
						"<android.bluetooth.BluetoothDevice$2: java.lang.Object createFromParcel(android.os.Parcel)>",
						"<android.bluetooth.BluetoothDevice$2: android.bluetooth.BluetoothDevice createFromParcel(android.os.Parcel)>",
						"<android.bluetooth.BluetoothDevice: void <init>(java.lang.String)>",
						"<android.bluetooth.BluetoothDevice: android.bluetooth.IBluetooth getService()>",
						"key field: <android.bluetooth.BluetoothDevice: android.bluetooth.IBluetooth sService>",
						"<android.bluetooth.BluetoothDevice: boolean createBond(int)>"
					],
					"depth":7,
					"method":"<android.view.inputmethod.ExtractedText$1: android.view.inputmethod.ExtractedText createFromParcel(android.os.Parcel)>",
					"source":"FIELDCALLER"
				},
				{
					"trace":[
						"<android.net.ProxyInfo$1: android.net.ProxyInfo createFromParcel(android.os.Parcel)>",
						"<android.net.wifi.ScanSettings$1: java.lang.Object createFromParcel(android.os.Parcel)>",
						"<android.net.wifi.ScanSettings$1: android.net.wifi.ScanSettings createFromParcel(android.os.Parcel)>",
						"<android.bluetooth.BluetoothDevice$2: java.lang.Object createFromParcel(android.os.Parcel)>",
						"<android.bluetooth.BluetoothDevice$2: android.bluetooth.BluetoothDevice createFromParcel(android.os.Parcel)>",
						"<android.bluetooth.BluetoothDevice: void <init>(java.lang.String)>",
						"<android.bluetooth.BluetoothDevice: android.bluetooth.IBluetooth getService()>",
						"key field: <android.bluetooth.BluetoothDevice: android.bluetooth.IBluetooth sService>",
						"<android.bluetooth.BluetoothDevice: boolean createBond(int)>"
					],
					"depth":7,
					"method":"<android.net.ProxyInfo$1: android.net.ProxyInfo createFromParcel(android.os.Parcel)>",
					"source":"FIELDCALLER"
				},
				{
					"trace":[
						"<android.telecom.DisconnectCause$1: android.telecom.DisconnectCause createFromParcel(android.os.Parcel)>",
						"<android.net.wifi.ScanSettings$1: java.lang.Object createFromParcel(android.os.Parcel)>",
						"<android.net.wifi.ScanSettings$1: android.net.wifi.ScanSettings createFromParcel(android.os.Parcel)>",
						"<android.bluetooth.BluetoothDevice$2: java.lang.Object createFromParcel(android.os.Parcel)>",
						"<android.bluetooth.BluetoothDevice$2: android.bluetooth.BluetoothDevice createFromParcel(android.os.Parcel)>",
						"<android.bluetooth.BluetoothDevice: void <init>(java.lang.String)>",
						"<android.bluetooth.BluetoothDevice: android.bluetooth.IBluetooth getService()>",
						"key field: <android.bluetooth.BluetoothDevice: android.bluetooth.IBluetooth sService>",
						"<android.bluetooth.BluetoothDevice: boolean createBond(int)>"
					],
					"depth":7,
					"method":"<android.telecom.DisconnectCause$1: android.telecom.DisconnectCause createFromParcel(android.os.Parcel)>",
					"source":"FIELDCALLER"
				},
				{
					"trace":[
						"<android.view.PointerIcon$1: android.view.PointerIcon createFromParcel(android.os.Parcel)>",
						"<android.net.wifi.ScanSettings$1: java.lang.Object createFromParcel(android.os.Parcel)>",
						"<android.net.wifi.ScanSettings$1: android.net.wifi.ScanSettings createFromParcel(android.os.Parcel)>",
						"<android.bluetooth.BluetoothDevice$2: java.lang.Object createFromParcel(android.os.Parcel)>",
						"<android.bluetooth.BluetoothDevice$2: android.bluetooth.BluetoothDevice createFromParcel(android.os.Parcel)>",
						"<android.bluetooth.BluetoothDevice: void <init>(java.lang.String)>",
						"<android.bluetooth.BluetoothDevice: android.bluetooth.IBluetooth getService()>",
						"key field: <android.bluetooth.BluetoothDevice: android.bluetooth.IBluetooth sService>",
						"<android.bluetooth.BluetoothDevice: boolean createBond(int)>"
					],
					"depth":7,
					"method":"<android.view.PointerIcon$1: android.view.PointerIcon createFromParcel(android.os.Parcel)>",
					"source":"FIELDCALLER"
				},
				{
					"trace":[
						"<android.net.wifi.WifiInfo$1: android.net.wifi.WifiInfo createFromParcel(android.os.Parcel)>",
						"<android.net.wifi.ScanSettings$1: java.lang.Object createFromParcel(android.os.Parcel)>",
						"<android.net.wifi.ScanSettings$1: android.net.wifi.ScanSettings createFromParcel(android.os.Parcel)>",
						"<android.bluetooth.BluetoothDevice$2: java.lang.Object createFromParcel(android.os.Parcel)>",
						"<android.bluetooth.BluetoothDevice$2: android.bluetooth.BluetoothDevice createFromParcel(android.os.Parcel)>",
						"<android.bluetooth.BluetoothDevice: void <init>(java.lang.String)>",
						"<android.bluetooth.BluetoothDevice: android.bluetooth.IBluetooth getService()>",
						"key field: <android.bluetooth.BluetoothDevice: android.bluetooth.IBluetooth sService>",
						"<android.bluetooth.BluetoothDevice: boolean createBond(int)>"
					],
					"depth":7,
					"method":"<android.net.wifi.WifiInfo$1: android.net.wifi.WifiInfo createFromParcel(android.os.Parcel)>",
					"source":"FIELDCALLER"
				},
				{
					"trace":[
						"<android.view.inputmethod.EditorInfo$1: android.view.inputmethod.EditorInfo createFromParcel(android.os.Parcel)>",
						"<android.net.wifi.ScanSettings$1: java.lang.Object createFromParcel(android.os.Parcel)>",
						"<android.net.wifi.ScanSettings$1: android.net.wifi.ScanSettings createFromParcel(android.os.Parcel)>",
						"<android.bluetooth.BluetoothDevice$2: java.lang.Object createFromParcel(android.os.Parcel)>",
						"<android.bluetooth.BluetoothDevice$2: android.bluetooth.BluetoothDevice createFromParcel(android.os.Parcel)>",
						"<android.bluetooth.BluetoothDevice: void <init>(java.lang.String)>",
						"<android.bluetooth.BluetoothDevice: android.bluetooth.IBluetooth getService()>",
						"key field: <android.bluetooth.BluetoothDevice: android.bluetooth.IBluetooth sService>",
						"<android.bluetooth.BluetoothDevice: boolean createBond(int)>"
					],
					"depth":7,
					"method":"<android.view.inputmethod.EditorInfo$1: android.view.inputmethod.EditorInfo createFromParcel(android.os.Parcel)>",
					"source":"FIELDCALLER"
				},
				{
					"trace":[
						"<android.bluetooth.BluetoothServerSocket: android.bluetooth.BluetoothSocket accept()>",
						"<android.bluetooth.BluetoothServerSocket: android.bluetooth.BluetoothSocket accept(int)>",
						"<android.bluetooth.BluetoothSocket: android.bluetooth.BluetoothSocket accept(int)>",
						"<android.bluetooth.BluetoothSocket: android.bluetooth.BluetoothSocket acceptSocket(java.lang.String)>",
						"<android.bluetooth.BluetoothAdapter: android.bluetooth.BluetoothDevice getRemoteDevice(java.lang.String)>",
						"<android.bluetooth.BluetoothDevice: void <init>(java.lang.String)>",
						"<android.bluetooth.BluetoothDevice: android.bluetooth.IBluetooth getService()>",
						"key field: <android.bluetooth.BluetoothDevice: android.bluetooth.IBluetooth sService>",
						"<android.bluetooth.BluetoothDevice: boolean createBond(int)>"
					],
					"depth":7,
					"method":"<android.bluetooth.BluetoothServerSocket: android.bluetooth.BluetoothSocket accept()>",
					"source":"FIELDCALLER"
				},
				{
					"trace":[
						"<android.bluetooth.le.ScanResult$1: android.bluetooth.le.ScanResult createFromParcel(android.os.Parcel)>",
						"<android.bluetooth.le.ScanResult: void <init>(android.os.Parcel,android.bluetooth.le.ScanResult$1)>",
						"<android.bluetooth.le.ScanResult: void <init>(android.os.Parcel)>",
						"<android.bluetooth.le.ScanResult: void readFromParcel(android.os.Parcel)>",
						"<android.bluetooth.BluetoothDevice$2: java.lang.Object createFromParcel(android.os.Parcel)>",
						"<android.bluetooth.BluetoothDevice$2: android.bluetooth.BluetoothDevice createFromParcel(android.os.Parcel)>",
						"<android.bluetooth.BluetoothDevice: void <init>(java.lang.String)>",
						"<android.bluetooth.BluetoothDevice: android.bluetooth.IBluetooth getService()>",
						"key field: <android.bluetooth.BluetoothDevice: android.bluetooth.IBluetooth sService>",
						"<android.bluetooth.BluetoothDevice: boolean createBond(int)>"
					],
					"depth":8,
					"method":"<android.bluetooth.le.ScanResult$1: android.bluetooth.le.ScanResult createFromParcel(android.os.Parcel)>",
					"source":"FIELDCALLER"
				},
				{
					"trace":[
						"<android.net.wifi.p2p.WifiP2pDevice$1: java.lang.Object createFromParcel(android.os.Parcel)>",
						"<android.net.wifi.p2p.WifiP2pDevice$1: android.net.wifi.p2p.WifiP2pDevice createFromParcel(android.os.Parcel)>",
						"<android.net.wifi.ScanSettings$1: java.lang.Object createFromParcel(android.os.Parcel)>",
						"<android.net.wifi.ScanSettings$1: android.net.wifi.ScanSettings createFromParcel(android.os.Parcel)>",
						"<android.bluetooth.BluetoothDevice$2: java.lang.Object createFromParcel(android.os.Parcel)>",
						"<android.bluetooth.BluetoothDevice$2: android.bluetooth.BluetoothDevice createFromParcel(android.os.Parcel)>",
						"<android.bluetooth.BluetoothDevice: void <init>(java.lang.String)>",
						"<android.bluetooth.BluetoothDevice: android.bluetooth.IBluetooth getService()>",
						"key field: <android.bluetooth.BluetoothDevice: android.bluetooth.IBluetooth sService>",
						"<android.bluetooth.BluetoothDevice: boolean createBond(int)>"
					],
					"depth":8,
					"method":"<android.net.wifi.p2p.WifiP2pDevice$1: java.lang.Object createFromParcel(android.os.Parcel)>",
					"source":"FIELDCALLER"
				},
				{
					"trace":[
						"<android.app.usage.ConfigurationStats$1: java.lang.Object createFromParcel(android.os.Parcel)>",
						"<android.app.usage.ConfigurationStats$1: android.app.usage.ConfigurationStats createFromParcel(android.os.Parcel)>",
						"<android.net.wifi.ScanSettings$1: java.lang.Object createFromParcel(android.os.Parcel)>",
						"<android.net.wifi.ScanSettings$1: android.net.wifi.ScanSettings createFromParcel(android.os.Parcel)>",
						"<android.bluetooth.BluetoothDevice$2: java.lang.Object createFromParcel(android.os.Parcel)>",
						"<android.bluetooth.BluetoothDevice$2: android.bluetooth.BluetoothDevice createFromParcel(android.os.Parcel)>",
						"<android.bluetooth.BluetoothDevice: void <init>(java.lang.String)>",
						"<android.bluetooth.BluetoothDevice: android.bluetooth.IBluetooth getService()>",
						"key field: <android.bluetooth.BluetoothDevice: android.bluetooth.IBluetooth sService>",
						"<android.bluetooth.BluetoothDevice: boolean createBond(int)>"
					],
					"depth":8,
					"method":"<android.app.usage.ConfigurationStats$1: java.lang.Object createFromParcel(android.os.Parcel)>",
					"source":"FIELDCALLER"
				},
				{
					"trace":[
						"<android.nfc.cardemulation.ApduServiceInfo$1: java.lang.Object createFromParcel(android.os.Parcel)>",
						"<android.nfc.cardemulation.ApduServiceInfo$1: android.nfc.cardemulation.ApduServiceInfo createFromParcel(android.os.Parcel)>",
						"<android.net.wifi.ScanSettings$1: java.lang.Object createFromParcel(android.os.Parcel)>",
						"<android.net.wifi.ScanSettings$1: android.net.wifi.ScanSettings createFromParcel(android.os.Parcel)>",
						"<android.bluetooth.BluetoothDevice$2: java.lang.Object createFromParcel(android.os.Parcel)>",
						"<android.bluetooth.BluetoothDevice$2: android.bluetooth.BluetoothDevice createFromParcel(android.os.Parcel)>",
						"<android.bluetooth.BluetoothDevice: void <init>(java.lang.String)>",
						"<android.bluetooth.BluetoothDevice: android.bluetooth.IBluetooth getService()>",
						"key field: <android.bluetooth.BluetoothDevice: android.bluetooth.IBluetooth sService>",
						"<android.bluetooth.BluetoothDevice: boolean createBond(int)>"
					],
					"depth":8,
					"method":"<android.nfc.cardemulation.ApduServiceInfo$1: java.lang.Object createFromParcel(android.os.Parcel)>",
					"source":"FIELDCALLER"
				},
				{
					"trace":[
						"<android.view.DragEvent$1: java.lang.Object createFromParcel(android.os.Parcel)>",
						"<android.view.DragEvent$1: android.view.DragEvent createFromParcel(android.os.Parcel)>",
						"<android.net.wifi.ScanSettings$1: java.lang.Object createFromParcel(android.os.Parcel)>",
						"<android.net.wifi.ScanSettings$1: android.net.wifi.ScanSettings createFromParcel(android.os.Parcel)>",
						"<android.bluetooth.BluetoothDevice$2: java.lang.Object createFromParcel(android.os.Parcel)>",
						"<android.bluetooth.BluetoothDevice$2: android.bluetooth.BluetoothDevice createFromParcel(android.os.Parcel)>",
						"<android.bluetooth.BluetoothDevice: void <init>(java.lang.String)>",
						"<android.bluetooth.BluetoothDevice: android.bluetooth.IBluetooth getService()>",
						"key field: <android.bluetooth.BluetoothDevice: android.bluetooth.IBluetooth sService>",
						"<android.bluetooth.BluetoothDevice: boolean createBond(int)>"
					],
					"depth":8,
					"method":"<android.view.DragEvent$1: java.lang.Object createFromParcel(android.os.Parcel)>",
					"source":"FIELDCALLER"
				},
				{
					"trace":[
						"<com.android.internal.location.ProviderRequest$1: java.lang.Object createFromParcel(android.os.Parcel)>",
						"<com.android.internal.location.ProviderRequest$1: com.android.internal.location.ProviderRequest createFromParcel(android.os.Parcel)>",
						"<android.net.wifi.ScanSettings$1: java.lang.Object createFromParcel(android.os.Parcel)>",
						"<android.net.wifi.ScanSettings$1: android.net.wifi.ScanSettings createFromParcel(android.os.Parcel)>",
						"<android.bluetooth.BluetoothDevice$2: java.lang.Object createFromParcel(android.os.Parcel)>",
						"<android.bluetooth.BluetoothDevice$2: android.bluetooth.BluetoothDevice createFromParcel(android.os.Parcel)>",
						"<android.bluetooth.BluetoothDevice: void <init>(java.lang.String)>",
						"<android.bluetooth.BluetoothDevice: android.bluetooth.IBluetooth getService()>",
						"key field: <android.bluetooth.BluetoothDevice: android.bluetooth.IBluetooth sService>",
						"<android.bluetooth.BluetoothDevice: boolean createBond(int)>"
					],
					"depth":8,
					"method":"<com.android.internal.location.ProviderRequest$1: java.lang.Object createFromParcel(android.os.Parcel)>",
					"source":"FIELDCALLER"
				},
				{
					"trace":[
						"<android.net.wifi.ScanResult$1: java.lang.Object createFromParcel(android.os.Parcel)>",
						"<android.net.wifi.ScanResult$1: android.net.wifi.ScanResult createFromParcel(android.os.Parcel)>",
						"<android.net.wifi.ScanSettings$1: java.lang.Object createFromParcel(android.os.Parcel)>",
						"<android.net.wifi.ScanSettings$1: android.net.wifi.ScanSettings createFromParcel(android.os.Parcel)>",
						"<android.bluetooth.BluetoothDevice$2: java.lang.Object createFromParcel(android.os.Parcel)>",
						"<android.bluetooth.BluetoothDevice$2: android.bluetooth.BluetoothDevice createFromParcel(android.os.Parcel)>",
						"<android.bluetooth.BluetoothDevice: void <init>(java.lang.String)>",
						"<android.bluetooth.BluetoothDevice: android.bluetooth.IBluetooth getService()>",
						"key field: <android.bluetooth.BluetoothDevice: android.bluetooth.IBluetooth sService>",
						"<android.bluetooth.BluetoothDevice: boolean createBond(int)>"
					],
					"depth":8,
					"method":"<android.net.wifi.ScanResult$1: java.lang.Object createFromParcel(android.os.Parcel)>",
					"source":"FIELDCALLER"
				},
				{
					"trace":[
						"<android.telecom.GatewayInfo$1: java.lang.Object createFromParcel(android.os.Parcel)>",
						"<android.telecom.GatewayInfo$1: android.telecom.GatewayInfo createFromParcel(android.os.Parcel)>",
						"<android.net.wifi.ScanSettings$1: java.lang.Object createFromParcel(android.os.Parcel)>",
						"<android.net.wifi.ScanSettings$1: android.net.wifi.ScanSettings createFromParcel(android.os.Parcel)>",
						"<android.bluetooth.BluetoothDevice$2: java.lang.Object createFromParcel(android.os.Parcel)>",
						"<android.bluetooth.BluetoothDevice$2: android.bluetooth.BluetoothDevice createFromParcel(android.os.Parcel)>",
						"<android.bluetooth.BluetoothDevice: void <init>(java.lang.String)>",
						"<android.bluetooth.BluetoothDevice: android.bluetooth.IBluetooth getService()>",
						"key field: <android.bluetooth.BluetoothDevice: android.bluetooth.IBluetooth sService>",
						"<android.bluetooth.BluetoothDevice: boolean createBond(int)>"
					],
					"depth":8,
					"method":"<android.telecom.GatewayInfo$1: java.lang.Object createFromParcel(android.os.Parcel)>",
					"source":"FIELDCALLER"
				},
				{
					"trace":[
						"<android.net.wifi.WifiScanner$ParcelableScanResults$1: java.lang.Object createFromParcel(android.os.Parcel)>",
						"<android.net.wifi.WifiScanner$ParcelableScanResults$1: android.net.wifi.WifiScanner$ParcelableScanResults createFromParcel(android.os.Parcel)>",
						"<android.net.wifi.ScanSettings$1: java.lang.Object createFromParcel(android.os.Parcel)>",
						"<android.net.wifi.ScanSettings$1: android.net.wifi.ScanSettings createFromParcel(android.os.Parcel)>",
						"<android.bluetooth.BluetoothDevice$2: java.lang.Object createFromParcel(android.os.Parcel)>",
						"<android.bluetooth.BluetoothDevice$2: android.bluetooth.BluetoothDevice createFromParcel(android.os.Parcel)>",
						"<android.bluetooth.BluetoothDevice: void <init>(java.lang.String)>",
						"<android.bluetooth.BluetoothDevice: android.bluetooth.IBluetooth getService()>",
						"key field: <android.bluetooth.BluetoothDevice: android.bluetooth.IBluetooth sService>",
						"<android.bluetooth.BluetoothDevice: boolean createBond(int)>"
					],
					"depth":8,
					"method":"<android.net.wifi.WifiScanner$ParcelableScanResults$1: java.lang.Object createFromParcel(android.os.Parcel)>",
					"source":"FIELDCALLER"
				},
				{
					"trace":[
						"<android.hardware.display.WifiDisplayStatus$1: java.lang.Object createFromParcel(android.os.Parcel)>",
						"<android.hardware.display.WifiDisplayStatus$1: android.hardware.display.WifiDisplayStatus createFromParcel(android.os.Parcel)>",
						"<android.net.wifi.ScanSettings$1: java.lang.Object createFromParcel(android.os.Parcel)>",
						"<android.net.wifi.ScanSettings$1: android.net.wifi.ScanSettings createFromParcel(android.os.Parcel)>",
						"<android.bluetooth.BluetoothDevice$2: java.lang.Object createFromParcel(android.os.Parcel)>",
						"<android.bluetooth.BluetoothDevice$2: android.bluetooth.BluetoothDevice createFromParcel(android.os.Parcel)>",
						"<android.bluetooth.BluetoothDevice: void <init>(java.lang.String)>",
						"<android.bluetooth.BluetoothDevice: android.bluetooth.IBluetooth getService()>",
						"key field: <android.bluetooth.BluetoothDevice: android.bluetooth.IBluetooth sService>",
						"<android.bluetooth.BluetoothDevice: boolean createBond(int)>"
					],
					"depth":8,
					"method":"<android.hardware.display.WifiDisplayStatus$1: java.lang.Object createFromParcel(android.os.Parcel)>",
					"source":"FIELDCALLER"
				},
				{
					"trace":[
						"<android.net.wifi.BatchedScanResult$1: java.lang.Object createFromParcel(android.os.Parcel)>",
						"<android.net.wifi.BatchedScanResult$1: android.net.wifi.BatchedScanResult createFromParcel(android.os.Parcel)>",
						"<android.net.wifi.ScanSettings$1: java.lang.Object createFromParcel(android.os.Parcel)>",
						"<android.net.wifi.ScanSettings$1: android.net.wifi.ScanSettings createFromParcel(android.os.Parcel)>",
						"<android.bluetooth.BluetoothDevice$2: java.lang.Object createFromParcel(android.os.Parcel)>",
						"<android.bluetooth.BluetoothDevice$2: android.bluetooth.BluetoothDevice createFromParcel(android.os.Parcel)>",
						"<android.bluetooth.BluetoothDevice: void <init>(java.lang.String)>",
						"<android.bluetooth.BluetoothDevice: android.bluetooth.IBluetooth getService()>",
						"key field: <android.bluetooth.BluetoothDevice: android.bluetooth.IBluetooth sService>",
						"<android.bluetooth.BluetoothDevice: boolean createBond(int)>"
					],
					"depth":8,
					"method":"<android.net.wifi.BatchedScanResult$1: java.lang.Object createFromParcel(android.os.Parcel)>",
					"source":"FIELDCALLER"
				},
				{
					"trace":[
						"<android.view.inputmethod.ExtractedText$1: java.lang.Object createFromParcel(android.os.Parcel)>",
						"<android.view.inputmethod.ExtractedText$1: android.view.inputmethod.ExtractedText createFromParcel(android.os.Parcel)>",
						"<android.net.wifi.ScanSettings$1: java.lang.Object createFromParcel(android.os.Parcel)>",
						"<android.net.wifi.ScanSettings$1: android.net.wifi.ScanSettings createFromParcel(android.os.Parcel)>",
						"<android.bluetooth.BluetoothDevice$2: java.lang.Object createFromParcel(android.os.Parcel)>",
						"<android.bluetooth.BluetoothDevice$2: android.bluetooth.BluetoothDevice createFromParcel(android.os.Parcel)>",
						"<android.bluetooth.BluetoothDevice: void <init>(java.lang.String)>",
						"<android.bluetooth.BluetoothDevice: android.bluetooth.IBluetooth getService()>",
						"key field: <android.bluetooth.BluetoothDevice: android.bluetooth.IBluetooth sService>",
						"<android.bluetooth.BluetoothDevice: boolean createBond(int)>"
					],
					"depth":8,
					"method":"<android.view.inputmethod.ExtractedText$1: java.lang.Object createFromParcel(android.os.Parcel)>",
					"source":"FIELDCALLER"
				},
				{
					"trace":[
						"<android.net.ProxyInfo$1: java.lang.Object createFromParcel(android.os.Parcel)>",
						"<android.net.ProxyInfo$1: android.net.ProxyInfo createFromParcel(android.os.Parcel)>",
						"<android.net.wifi.ScanSettings$1: java.lang.Object createFromParcel(android.os.Parcel)>",
						"<android.net.wifi.ScanSettings$1: android.net.wifi.ScanSettings createFromParcel(android.os.Parcel)>",
						"<android.bluetooth.BluetoothDevice$2: java.lang.Object createFromParcel(android.os.Parcel)>",
						"<android.bluetooth.BluetoothDevice$2: android.bluetooth.BluetoothDevice createFromParcel(android.os.Parcel)>",
						"<android.bluetooth.BluetoothDevice: void <init>(java.lang.String)>",
						"<android.bluetooth.BluetoothDevice: android.bluetooth.IBluetooth getService()>",
						"key field: <android.bluetooth.BluetoothDevice: android.bluetooth.IBluetooth sService>",
						"<android.bluetooth.BluetoothDevice: boolean createBond(int)>"
					],
					"depth":8,
					"method":"<android.net.ProxyInfo$1: java.lang.Object createFromParcel(android.os.Parcel)>",
					"source":"FIELDCALLER"
				},
				{
					"trace":[
						"<android.telecom.DisconnectCause$1: java.lang.Object createFromParcel(android.os.Parcel)>",
						"<android.telecom.DisconnectCause$1: android.telecom.DisconnectCause createFromParcel(android.os.Parcel)>",
						"<android.net.wifi.ScanSettings$1: java.lang.Object createFromParcel(android.os.Parcel)>",
						"<android.net.wifi.ScanSettings$1: android.net.wifi.ScanSettings createFromParcel(android.os.Parcel)>",
						"<android.bluetooth.BluetoothDevice$2: java.lang.Object createFromParcel(android.os.Parcel)>",
						"<android.bluetooth.BluetoothDevice$2: android.bluetooth.BluetoothDevice createFromParcel(android.os.Parcel)>",
						"<android.bluetooth.BluetoothDevice: void <init>(java.lang.String)>",
						"<android.bluetooth.BluetoothDevice: android.bluetooth.IBluetooth getService()>",
						"key field: <android.bluetooth.BluetoothDevice: android.bluetooth.IBluetooth sService>",
						"<android.bluetooth.BluetoothDevice: boolean createBond(int)>"
					],
					"depth":8,
					"method":"<android.telecom.DisconnectCause$1: java.lang.Object createFromParcel(android.os.Parcel)>",
					"source":"FIELDCALLER"
				},
				{
					"trace":[
						"<android.view.PointerIcon$1: java.lang.Object createFromParcel(android.os.Parcel)>",
						"<android.view.PointerIcon$1: android.view.PointerIcon createFromParcel(android.os.Parcel)>",
						"<android.net.wifi.ScanSettings$1: java.lang.Object createFromParcel(android.os.Parcel)>",
						"<android.net.wifi.ScanSettings$1: android.net.wifi.ScanSettings createFromParcel(android.os.Parcel)>",
						"<android.bluetooth.BluetoothDevice$2: java.lang.Object createFromParcel(android.os.Parcel)>",
						"<android.bluetooth.BluetoothDevice$2: android.bluetooth.BluetoothDevice createFromParcel(android.os.Parcel)>",
						"<android.bluetooth.BluetoothDevice: void <init>(java.lang.String)>",
						"<android.bluetooth.BluetoothDevice: android.bluetooth.IBluetooth getService()>",
						"key field: <android.bluetooth.BluetoothDevice: android.bluetooth.IBluetooth sService>",
						"<android.bluetooth.BluetoothDevice: boolean createBond(int)>"
					],
					"depth":8,
					"method":"<android.view.PointerIcon$1: java.lang.Object createFromParcel(android.os.Parcel)>",
					"source":"FIELDCALLER"
				},
				{
					"trace":[
						"<android.net.wifi.WifiInfo$1: java.lang.Object createFromParcel(android.os.Parcel)>",
						"<android.net.wifi.WifiInfo$1: android.net.wifi.WifiInfo createFromParcel(android.os.Parcel)>",
						"<android.net.wifi.ScanSettings$1: java.lang.Object createFromParcel(android.os.Parcel)>",
						"<android.net.wifi.ScanSettings$1: android.net.wifi.ScanSettings createFromParcel(android.os.Parcel)>",
						"<android.bluetooth.BluetoothDevice$2: java.lang.Object createFromParcel(android.os.Parcel)>",
						"<android.bluetooth.BluetoothDevice$2: android.bluetooth.BluetoothDevice createFromParcel(android.os.Parcel)>",
						"<android.bluetooth.BluetoothDevice: void <init>(java.lang.String)>",
						"<android.bluetooth.BluetoothDevice: android.bluetooth.IBluetooth getService()>",
						"key field: <android.bluetooth.BluetoothDevice: android.bluetooth.IBluetooth sService>",
						"<android.bluetooth.BluetoothDevice: boolean createBond(int)>"
					],
					"depth":8,
					"method":"<android.net.wifi.WifiInfo$1: java.lang.Object createFromParcel(android.os.Parcel)>",
					"source":"FIELDCALLER"
				},
				{
					"trace":[
						"<android.view.inputmethod.EditorInfo$1: java.lang.Object createFromParcel(android.os.Parcel)>",
						"<android.view.inputmethod.EditorInfo$1: android.view.inputmethod.EditorInfo createFromParcel(android.os.Parcel)>",
						"<android.net.wifi.ScanSettings$1: java.lang.Object createFromParcel(android.os.Parcel)>",
						"<android.net.wifi.ScanSettings$1: android.net.wifi.ScanSettings createFromParcel(android.os.Parcel)>",
						"<android.bluetooth.BluetoothDevice$2: java.lang.Object createFromParcel(android.os.Parcel)>",
						"<android.bluetooth.BluetoothDevice$2: android.bluetooth.BluetoothDevice createFromParcel(android.os.Parcel)>",
						"<android.bluetooth.BluetoothDevice: void <init>(java.lang.String)>",
						"<android.bluetooth.BluetoothDevice: android.bluetooth.IBluetooth getService()>",
						"key field: <android.bluetooth.BluetoothDevice: android.bluetooth.IBluetooth sService>",
						"<android.bluetooth.BluetoothDevice: boolean createBond(int)>"
					],
					"depth":8,
					"method":"<android.view.inputmethod.EditorInfo$1: java.lang.Object createFromParcel(android.os.Parcel)>",
					"source":"FIELDCALLER"
				}
			],
			"callerOfSingnlar2SourceVar":{
				"<android.bluetooth.BluetoothDevice: boolean createBond(int)>":"0"
			}
		}
	]
}