{
	"exceptions":[
		{
			"method":"<android.graphics.Canvas: void <init>(android.graphics.Bitmap)>",
			"message":"\\QImmutable bitmap passed to Canvas constructor\\E",
			"relatedVarType":"Parameter",
			"relatedCondType":"Basic",
			"modifier":"public",
			"type":"java.lang.IllegalStateException",
			"osVersionRelated":false,
			"resourceRelated":false,
			"assessRelated":false,
			"hardwareRelated":false,
			"manifestRelated":false,
			"conditions":"$z0 != 0",
			"paramValues":"@parameter0: android.graphics.Bitmap",
			"relatedValues":"@parameter0: android.graphics.Bitmap; ; ",
			"keyAPISameClassNum":0,
			"keyAPIDiffClassNum":0,
			"keyAPISameClass":[
				{
					"trace":[
						"<android.graphics.Canvas: void <init>(android.graphics.Bitmap)>"
					],
					"depth":0,
					"method":"<android.graphics.Canvas: void <init>(android.graphics.Bitmap)>",
					"source":"CALLER"
				}
			],
			"keyAPIDiffClass":[],
			"callerOfSingnlar2SourceVar":{
				"<android.graphics.Canvas: void <init>(android.graphics.Bitmap)>":"0"
			}
		},
		{
			"method":"<android.graphics.Canvas: void <init>(long)>",
			"message":"[\\s\\S]*",
			"relatedVarType":"Parameter",
			"relatedCondType":"Basic",
			"modifier":"public",
			"type":"java.lang.IllegalStateException",
			"osVersionRelated":false,
			"resourceRelated":false,
			"assessRelated":false,
			"hardwareRelated":false,
			"manifestRelated":false,
			"conditions":"$b1 != 0",
			"paramValues":"@parameter0: long",
			"relatedValues":"@parameter0: long; ; ",
			"keyAPISameClassNum":0,
			"keyAPIDiffClassNum":0,
			"keyAPISameClass":[
				{
					"trace":[
						"<android.graphics.Canvas: void <init>(long)>"
					],
					"depth":0,
					"method":"<android.graphics.Canvas: void <init>(long)>",
					"source":"CALLER"
				}
			],
			"keyAPIDiffClass":[
				{
					"trace":[
						"<android.graphics.Picture$RecordingCanvas: void <init>(android.graphics.Picture,long)>",
						"<android.graphics.Canvas: void <init>(long)>"
					],
					"depth":1,
					"method":"<android.graphics.Picture$RecordingCanvas: void <init>(android.graphics.Picture,long)>",
					"source":"CALLER"
				},
				{
					"trace":[
						"<android.graphics.pdf.PdfDocument$PdfCanvas: void <init>(android.graphics.pdf.PdfDocument,long)>",
						"<android.graphics.Canvas: void <init>(long)>"
					],
					"depth":1,
					"method":"<android.graphics.pdf.PdfDocument$PdfCanvas: void <init>(android.graphics.pdf.PdfDocument,long)>",
					"source":"CALLER"
				},
				{
					"trace":[
						"<android.graphics.Picture: android.graphics.Canvas beginRecording(int,int)>",
						"<android.graphics.Picture$RecordingCanvas: void <init>(android.graphics.Picture,long)>",
						"<android.graphics.Canvas: void <init>(long)>"
					],
					"depth":2,
					"method":"<android.graphics.Picture: android.graphics.Canvas beginRecording(int,int)>",
					"source":"CALLER"
				},
				{
					"trace":[
						"<android.graphics.pdf.PdfDocument: android.graphics.pdf.PdfDocument$Page startPage(android.graphics.pdf.PdfDocument$PageInfo)>",
						"<android.graphics.pdf.PdfDocument$PdfCanvas: void <init>(android.graphics.pdf.PdfDocument,long)>",
						"<android.graphics.Canvas: void <init>(long)>"
					],
					"depth":2,
					"method":"<android.graphics.pdf.PdfDocument: android.graphics.pdf.PdfDocument$Page startPage(android.graphics.pdf.PdfDocument$PageInfo)>",
					"source":"CALLER"
				},
				{
					"trace":[
						"<android.print.pdf.PrintedPdfDocument: android.graphics.pdf.PdfDocument$Page startPage(int)>",
						"<android.graphics.pdf.PdfDocument: android.graphics.pdf.PdfDocument$Page startPage(android.graphics.pdf.PdfDocument$PageInfo)>",
						"<android.graphics.pdf.PdfDocument$PdfCanvas: void <init>(android.graphics.pdf.PdfDocument,long)>",
						"<android.graphics.Canvas: void <init>(long)>"
					],
					"depth":3,
					"method":"<android.print.pdf.PrintedPdfDocument: android.graphics.pdf.PdfDocument$Page startPage(int)>",
					"source":"CALLER"
				}
			],
			"callerOfSingnlar2SourceVar":{
				"<android.graphics.pdf.PdfDocument$PdfCanvas: void <init>(android.graphics.pdf.PdfDocument,long)>":"1",
				"<android.graphics.Canvas: void <init>(long)>":"0",
				"<android.graphics.Picture$RecordingCanvas: void <init>(android.graphics.Picture,long)>":"1"
			}
		},
		{
			"method":"<android.graphics.Canvas: void setBitmap(android.graphics.Bitmap)>",
			"message":"[\\s\\S]*",
			"relatedVarType":"Parameter",
			"relatedCondType":"Basic",
			"modifier":"public",
			"type":"java.lang.IllegalStateException",
			"osVersionRelated":false,
			"resourceRelated":false,
			"assessRelated":false,
			"hardwareRelated":false,
			"manifestRelated":false,
			"conditions":"$z1 != 0, r1 != null, $z0 == 0",
			"paramValues":"@parameter0: android.graphics.Bitmap",
			"relatedValues":"@parameter0: android.graphics.Bitmap; ; ",
			"keyAPISameClassNum":0,
			"keyAPIDiffClassNum":0,
			"keyAPISameClass":[
				{
					"trace":[
						"<android.graphics.Canvas: void setBitmap(android.graphics.Bitmap)>"
					],
					"depth":0,
					"method":"<android.graphics.Canvas: void setBitmap(android.graphics.Bitmap)>",
					"source":"CALLER"
				}
			],
			"keyAPIDiffClass":[
				{
					"trace":[
						"<android.graphics.Bitmap: android.graphics.Bitmap createBitmap(android.graphics.Bitmap,int,int,int,int,android.graphics.Matrix,boolean)>",
						"<android.graphics.Canvas: void setBitmap(android.graphics.Bitmap)>"
					],
					"depth":1,
					"method":"<android.graphics.Bitmap: android.graphics.Bitmap createBitmap(android.graphics.Bitmap,int,int,int,int,android.graphics.Matrix,boolean)>",
					"source":"CALLER"
				},
				{
					"trace":[
						"<android.graphics.Bitmap: android.graphics.Bitmap createBitmap(android.graphics.Bitmap,int,int,int,int)>",
						"<android.graphics.Bitmap: android.graphics.Bitmap createBitmap(android.graphics.Bitmap,int,int,int,int,android.graphics.Matrix,boolean)>",
						"<android.graphics.Canvas: void setBitmap(android.graphics.Bitmap)>"
					],
					"depth":2,
					"method":"<android.graphics.Bitmap: android.graphics.Bitmap createBitmap(android.graphics.Bitmap,int,int,int,int)>",
					"source":"CALLER"
				},
				{
					"trace":[
						"<android.graphics.Bitmap: android.graphics.Bitmap createScaledBitmap(android.graphics.Bitmap,int,int,boolean)>",
						"<android.graphics.Bitmap: android.graphics.Bitmap createBitmap(android.graphics.Bitmap,int,int,int,int,android.graphics.Matrix,boolean)>",
						"<android.graphics.Canvas: void setBitmap(android.graphics.Bitmap)>"
					],
					"depth":2,
					"method":"<android.graphics.Bitmap: android.graphics.Bitmap createScaledBitmap(android.graphics.Bitmap,int,int,boolean)>",
					"source":"CALLER"
				},
				{
					"trace":[
						"<android.graphics.Bitmap: android.graphics.Bitmap createBitmap(android.graphics.Bitmap)>",
						"<android.graphics.Bitmap: android.graphics.Bitmap createBitmap(android.graphics.Bitmap,int,int,int,int)>",
						"<android.graphics.Bitmap: android.graphics.Bitmap createBitmap(android.graphics.Bitmap,int,int,int,int,android.graphics.Matrix,boolean)>",
						"<android.graphics.Canvas: void setBitmap(android.graphics.Bitmap)>"
					],
					"depth":3,
					"method":"<android.graphics.Bitmap: android.graphics.Bitmap createBitmap(android.graphics.Bitmap)>",
					"source":"CALLER"
				}
			],
			"callerOfSingnlar2SourceVar":{
				"<android.graphics.Canvas: void setBitmap(android.graphics.Bitmap)>":"0"
			}
		},
		{
			"method":"<android.graphics.Canvas: void setBitmap(android.graphics.Bitmap)>",
			"message":"\\QCan't set a bitmap device on a HW accelerated canvas\\E",
			"relatedVarType":"Unknown",
			"relatedCondType":"Basic",
			"modifier":"public",
			"type":"java.lang.RuntimeException",
			"osVersionRelated":false,
			"resourceRelated":false,
			"assessRelated":false,
			"hardwareRelated":false,
			"manifestRelated":false,
			"conditions":"$z0 == 0",
			"keyAPISameClassNum":0,
			"keyAPIDiffClassNum":0,
			"keyAPISameClass":[],
			"keyAPIDiffClass":[],
			"callerOfSingnlar2SourceVar":{}
		},
		{
			"method":"<android.graphics.Canvas: void drawOval(android.graphics.RectF,android.graphics.Paint)>",
			"message":"[\\s\\S]*",
			"relatedVarType":"Parameter",
			"relatedCondType":"Basic",
			"modifier":"public",
			"type":"java.lang.NullPointerException",
			"osVersionRelated":false,
			"resourceRelated":false,
			"assessRelated":false,
			"hardwareRelated":false,
			"manifestRelated":false,
			"conditions":"r0 != null",
			"paramValues":"@parameter0: android.graphics.RectF",
			"relatedValues":"@parameter0: android.graphics.RectF; ; ",
			"keyAPISameClassNum":0,
			"keyAPIDiffClassNum":0,
			"keyAPISameClass":[
				{
					"trace":[
						"<android.graphics.Canvas: void drawOval(android.graphics.RectF,android.graphics.Paint)>"
					],
					"depth":0,
					"method":"<android.graphics.Canvas: void drawOval(android.graphics.RectF,android.graphics.Paint)>",
					"source":"CALLER"
				}
			],
			"keyAPIDiffClass":[],
			"callerOfSingnlar2SourceVar":{
				"<android.graphics.Canvas: void drawOval(android.graphics.RectF,android.graphics.Paint)>":"0"
			}
		},
		{
			"method":"<android.graphics.Canvas: void throwIfCannotDraw(android.graphics.Bitmap)>",
			"message":"\\QCanvas: trying to use a non-premultiplied bitmap \\E[\\s\\S]*",
			"relatedVarType":"ParaAndField",
			"relatedCondType":"Basic",
			"modifier":"protected",
			"type":"java.lang.RuntimeException",
			"osVersionRelated":false,
			"resourceRelated":false,
			"assessRelated":false,
			"hardwareRelated":false,
			"manifestRelated":false,
			"conditions":"$z2 == 0, $r1 != $r2, $z1 != 0",
			"paramValues":"@parameter0: android.graphics.Bitmap",
			"fieldValues":"<android.graphics.Bitmap$Config: android.graphics.Bitmap$Config ARGB_8888>",
			"relatedValues":"@parameter0: android.graphics.Bitmap; <android.graphics.Bitmap$Config: android.graphics.Bitmap$Config ARGB_8888>; ",
			"keyAPISameClassNum":0,
			"keyAPIDiffClassNum":0,
			"keyAPISameClass":[
				{
					"trace":[
						"<android.graphics.Canvas: void setBitmap(android.graphics.Bitmap)>",
						"<android.graphics.Canvas: void throwIfCannotDraw(android.graphics.Bitmap)>"
					],
					"depth":1,
					"method":"<android.graphics.Canvas: void setBitmap(android.graphics.Bitmap)>",
					"source":"CALLER"
				},
				{
					"trace":[
						"<android.graphics.Canvas: void drawBitmap(android.graphics.Bitmap,android.graphics.Rect,android.graphics.Rect,android.graphics.Paint)>",
						"<android.graphics.Canvas: void throwIfCannotDraw(android.graphics.Bitmap)>"
					],
					"depth":1,
					"method":"<android.graphics.Canvas: void drawBitmap(android.graphics.Bitmap,android.graphics.Rect,android.graphics.Rect,android.graphics.Paint)>",
					"source":"CALLER"
				},
				{
					"trace":[
						"<android.graphics.Canvas: void drawBitmap(android.graphics.Bitmap,float,float,android.graphics.Paint)>",
						"<android.graphics.Canvas: void throwIfCannotDraw(android.graphics.Bitmap)>"
					],
					"depth":1,
					"method":"<android.graphics.Canvas: void drawBitmap(android.graphics.Bitmap,float,float,android.graphics.Paint)>",
					"source":"CALLER"
				},
				{
					"trace":[
						"<android.graphics.Canvas: void <init>(android.graphics.Bitmap)>",
						"<android.graphics.Canvas: void throwIfCannotDraw(android.graphics.Bitmap)>"
					],
					"depth":1,
					"method":"<android.graphics.Canvas: void <init>(android.graphics.Bitmap)>",
					"source":"CALLER"
				},
				{
					"trace":[
						"<android.graphics.Canvas: void drawBitmap(android.graphics.Bitmap,android.graphics.Rect,android.graphics.RectF,android.graphics.Paint)>",
						"<android.graphics.Canvas: void throwIfCannotDraw(android.graphics.Bitmap)>"
					],
					"depth":1,
					"method":"<android.graphics.Canvas: void drawBitmap(android.graphics.Bitmap,android.graphics.Rect,android.graphics.RectF,android.graphics.Paint)>",
					"source":"CALLER"
				}
			],
			"keyAPIDiffClass":[
				{
					"trace":[
						"<android.graphics.Bitmap: android.graphics.Bitmap createBitmap(android.graphics.Bitmap,int,int,int,int,android.graphics.Matrix,boolean)>",
						"<android.graphics.Canvas: void setBitmap(android.graphics.Bitmap)>",
						"<android.graphics.Canvas: void throwIfCannotDraw(android.graphics.Bitmap)>"
					],
					"depth":2,
					"method":"<android.graphics.Bitmap: android.graphics.Bitmap createBitmap(android.graphics.Bitmap,int,int,int,int,android.graphics.Matrix,boolean)>",
					"source":"CALLER"
				},
				{
					"trace":[
						"<android.graphics.Bitmap: android.graphics.Bitmap createBitmap(android.graphics.Bitmap,int,int,int,int)>",
						"<android.graphics.Bitmap: android.graphics.Bitmap createBitmap(android.graphics.Bitmap,int,int,int,int,android.graphics.Matrix,boolean)>",
						"<android.graphics.Canvas: void setBitmap(android.graphics.Bitmap)>",
						"<android.graphics.Canvas: void throwIfCannotDraw(android.graphics.Bitmap)>"
					],
					"depth":3,
					"method":"<android.graphics.Bitmap: android.graphics.Bitmap createBitmap(android.graphics.Bitmap,int,int,int,int)>",
					"source":"CALLER"
				},
				{
					"trace":[
						"<android.graphics.Bitmap: android.graphics.Bitmap createScaledBitmap(android.graphics.Bitmap,int,int,boolean)>",
						"<android.graphics.Bitmap: android.graphics.Bitmap createBitmap(android.graphics.Bitmap,int,int,int,int,android.graphics.Matrix,boolean)>",
						"<android.graphics.Canvas: void setBitmap(android.graphics.Bitmap)>",
						"<android.graphics.Canvas: void throwIfCannotDraw(android.graphics.Bitmap)>"
					],
					"depth":3,
					"method":"<android.graphics.Bitmap: android.graphics.Bitmap createScaledBitmap(android.graphics.Bitmap,int,int,boolean)>",
					"source":"CALLER"
				},
				{
					"trace":[
						"<android.graphics.Bitmap: android.graphics.Bitmap createBitmap(android.graphics.Bitmap)>",
						"<android.graphics.Bitmap: android.graphics.Bitmap createBitmap(android.graphics.Bitmap,int,int,int,int)>",
						"<android.graphics.Bitmap: android.graphics.Bitmap createBitmap(android.graphics.Bitmap,int,int,int,int,android.graphics.Matrix,boolean)>",
						"<android.graphics.Canvas: void setBitmap(android.graphics.Bitmap)>",
						"<android.graphics.Canvas: void throwIfCannotDraw(android.graphics.Bitmap)>"
					],
					"depth":4,
					"method":"<android.graphics.Bitmap: android.graphics.Bitmap createBitmap(android.graphics.Bitmap)>",
					"source":"CALLER"
				}
			],
			"callerOfSingnlar2SourceVar":{
				"<android.graphics.Bitmap: android.graphics.Bitmap createBitmap(android.graphics.Bitmap)>":"0",
				"<android.provider.MediaStore$Images$Media: android.graphics.Bitmap StoreThumbnail(android.content.ContentResolver,android.graphics.Bitmap,long,float,float,int)>":"1",
				"<android.renderscript.Allocation: android.renderscript.Allocation createFromBitmap(android.renderscript.RenderScript,android.graphics.Bitmap,android.renderscript.Allocation$MipmapControl,int)>":"1",
				"<android.renderscript.Allocation: android.renderscript.Allocation createFromBitmap(android.renderscript.RenderScript,android.graphics.Bitmap)>":"1",
				"<android.widget.StackView$HolographicHelper: void drawOutline(android.graphics.Canvas,android.graphics.Bitmap)>":"1",
				"<android.renderscript.Allocation: void copy2DRangeFrom(int,int,android.graphics.Bitmap)>":"2",
				"<android.graphics.Canvas: void drawBitmap(android.graphics.Bitmap,float,float,android.graphics.Paint)>":"0",
				"<android.graphics.Bitmap: android.graphics.Bitmap createBitmap(android.graphics.Bitmap,int,int,int,int,android.graphics.Matrix,boolean)>":"0",
				"<android.renderscript.Allocation: void copyFrom(android.graphics.Bitmap)>":"0",
				"<android.graphics.Canvas: void <init>(android.graphics.Bitmap)>":"0",
				"<android.graphics.Canvas: void throwIfCannotDraw(android.graphics.Bitmap)>":"0",
				"<android.media.ThumbnailUtils: android.graphics.Bitmap transform(android.graphics.Matrix,android.graphics.Bitmap,int,int,int)>":"1",
				"<android.graphics.Bitmap: android.graphics.Bitmap createBitmap(android.graphics.Bitmap,int,int,int,int)>":"0",
				"<android.view.GLES20Canvas: void drawBitmapMesh(android.graphics.Bitmap,int,int,float[],int,int[],int,android.graphics.Paint)>":"0",
				"<android.graphics.Canvas: void drawBitmap(android.graphics.Bitmap,android.graphics.Rect,android.graphics.RectF,android.graphics.Paint)>":"0",
				"<com.android.internal.widget.RotarySelector: void drawCentered(android.graphics.Bitmap,android.graphics.Canvas,int,int)>":"0",
				"<android.renderscript.Allocation: android.renderscript.Allocation createCubemapFromCubeFaces(android.renderscript.RenderScript,android.graphics.Bitmap,android.graphics.Bitmap,android.graphics.Bitmap,android.graphics.Bitmap,android.graphics.Bitmap,android.graphics.Bitmap)>":"1, 2, 3, 4, 5, 6",
				"<android.view.GLES20Canvas: void drawBitmap(android.graphics.Bitmap,android.graphics.Rect,android.graphics.RectF,android.graphics.Paint)>":"0",
				"<android.media.session.MediaSessionLegacyHelper: android.graphics.Bitmap scaleBitmapIfTooBig(android.graphics.Bitmap,int,int)>":"0",
				"<android.view.GLES20Canvas: void drawBitmap(android.graphics.Bitmap,float,float,android.graphics.Paint)>":"0",
				"<android.media.ThumbnailUtils: android.graphics.Bitmap extractThumbnail(android.graphics.Bitmap,int,int,int)>":"0",
				"<android.view.GLES20Canvas: void drawBitmap(android.graphics.Bitmap,android.graphics.Matrix,android.graphics.Paint)>":"0",
				"<android.view.GLES20Canvas: void drawBitmap(android.graphics.Bitmap,android.graphics.Rect,android.graphics.Rect,android.graphics.Paint)>":"0",
				"<android.graphics.Bitmap: android.graphics.Bitmap createScaledBitmap(android.graphics.Bitmap,int,int,boolean)>":"0",
				"<android.graphics.Canvas: void drawBitmap(android.graphics.Bitmap,android.graphics.Rect,android.graphics.Rect,android.graphics.Paint)>":"0",
				"<android.graphics.Canvas: void setBitmap(android.graphics.Bitmap)>":"0",
				"<android.media.ThumbnailUtils: android.graphics.Bitmap extractThumbnail(android.graphics.Bitmap,int,int)>":"0",
				"<android.renderscript.Allocation: android.renderscript.Allocation createCubemapFromCubeFaces(android.renderscript.RenderScript,android.graphics.Bitmap,android.graphics.Bitmap,android.graphics.Bitmap,android.graphics.Bitmap,android.graphics.Bitmap,android.graphics.Bitmap,android.renderscript.Allocation$MipmapControl,int)>":"1, 2, 3, 4, 5, 6"
			}
		},
		{
			"method":"<android.graphics.Canvas: void throwIfCannotDraw(android.graphics.Bitmap)>",
			"message":"\\QCanvas: trying to use a recycled bitmap \\E[\\s\\S]*",
			"relatedVarType":"Parameter",
			"relatedCondType":"Basic",
			"modifier":"protected",
			"type":"java.lang.RuntimeException",
			"osVersionRelated":false,
			"resourceRelated":false,
			"assessRelated":false,
			"hardwareRelated":false,
			"manifestRelated":false,
			"conditions":"$z0 == 0",
			"paramValues":"@parameter0: android.graphics.Bitmap",
			"relatedValues":"@parameter0: android.graphics.Bitmap; ; ",
			"keyAPISameClassNum":0,
			"keyAPIDiffClassNum":0,
			"keyAPISameClass":[
				{
					"trace":[
						"<android.graphics.Canvas: void throwIfCannotDraw(android.graphics.Bitmap)>"
					],
					"depth":0,
					"method":"<android.graphics.Canvas: void throwIfCannotDraw(android.graphics.Bitmap)>",
					"source":"CALLER"
				},
				{
					"trace":[
						"<android.graphics.Canvas: void setBitmap(android.graphics.Bitmap)>",
						"<android.graphics.Canvas: void throwIfCannotDraw(android.graphics.Bitmap)>"
					],
					"depth":1,
					"method":"<android.graphics.Canvas: void setBitmap(android.graphics.Bitmap)>",
					"source":"CALLER"
				},
				{
					"trace":[
						"<android.graphics.Canvas: void drawBitmap(android.graphics.Bitmap,android.graphics.Rect,android.graphics.Rect,android.graphics.Paint)>",
						"<android.graphics.Canvas: void throwIfCannotDraw(android.graphics.Bitmap)>"
					],
					"depth":1,
					"method":"<android.graphics.Canvas: void drawBitmap(android.graphics.Bitmap,android.graphics.Rect,android.graphics.Rect,android.graphics.Paint)>",
					"source":"CALLER"
				},
				{
					"trace":[
						"<android.graphics.Canvas: void drawBitmap(android.graphics.Bitmap,float,float,android.graphics.Paint)>",
						"<android.graphics.Canvas: void throwIfCannotDraw(android.graphics.Bitmap)>"
					],
					"depth":1,
					"method":"<android.graphics.Canvas: void drawBitmap(android.graphics.Bitmap,float,float,android.graphics.Paint)>",
					"source":"CALLER"
				},
				{
					"trace":[
						"<android.graphics.Canvas: void <init>(android.graphics.Bitmap)>",
						"<android.graphics.Canvas: void throwIfCannotDraw(android.graphics.Bitmap)>"
					],
					"depth":1,
					"method":"<android.graphics.Canvas: void <init>(android.graphics.Bitmap)>",
					"source":"CALLER"
				},
				{
					"trace":[
						"<android.graphics.Canvas: void drawBitmap(android.graphics.Bitmap,android.graphics.Rect,android.graphics.RectF,android.graphics.Paint)>",
						"<android.graphics.Canvas: void throwIfCannotDraw(android.graphics.Bitmap)>"
					],
					"depth":1,
					"method":"<android.graphics.Canvas: void drawBitmap(android.graphics.Bitmap,android.graphics.Rect,android.graphics.RectF,android.graphics.Paint)>",
					"source":"CALLER"
				}
			],
			"keyAPIDiffClass":[
				{
					"trace":[
						"<android.graphics.Bitmap: android.graphics.Bitmap createBitmap(android.graphics.Bitmap,int,int,int,int,android.graphics.Matrix,boolean)>",
						"<android.graphics.Canvas: void setBitmap(android.graphics.Bitmap)>",
						"<android.graphics.Canvas: void throwIfCannotDraw(android.graphics.Bitmap)>"
					],
					"depth":2,
					"method":"<android.graphics.Bitmap: android.graphics.Bitmap createBitmap(android.graphics.Bitmap,int,int,int,int,android.graphics.Matrix,boolean)>",
					"source":"CALLER"
				},
				{
					"trace":[
						"<android.graphics.Bitmap: android.graphics.Bitmap createBitmap(android.graphics.Bitmap,int,int,int,int)>",
						"<android.graphics.Bitmap: android.graphics.Bitmap createBitmap(android.graphics.Bitmap,int,int,int,int,android.graphics.Matrix,boolean)>",
						"<android.graphics.Canvas: void setBitmap(android.graphics.Bitmap)>",
						"<android.graphics.Canvas: void throwIfCannotDraw(android.graphics.Bitmap)>"
					],
					"depth":3,
					"method":"<android.graphics.Bitmap: android.graphics.Bitmap createBitmap(android.graphics.Bitmap,int,int,int,int)>",
					"source":"CALLER"
				},
				{
					"trace":[
						"<android.graphics.Bitmap: android.graphics.Bitmap createScaledBitmap(android.graphics.Bitmap,int,int,boolean)>",
						"<android.graphics.Bitmap: android.graphics.Bitmap createBitmap(android.graphics.Bitmap,int,int,int,int,android.graphics.Matrix,boolean)>",
						"<android.graphics.Canvas: void setBitmap(android.graphics.Bitmap)>",
						"<android.graphics.Canvas: void throwIfCannotDraw(android.graphics.Bitmap)>"
					],
					"depth":3,
					"method":"<android.graphics.Bitmap: android.graphics.Bitmap createScaledBitmap(android.graphics.Bitmap,int,int,boolean)>",
					"source":"CALLER"
				},
				{
					"trace":[
						"<android.graphics.Bitmap: android.graphics.Bitmap createBitmap(android.graphics.Bitmap)>",
						"<android.graphics.Bitmap: android.graphics.Bitmap createBitmap(android.graphics.Bitmap,int,int,int,int)>",
						"<android.graphics.Bitmap: android.graphics.Bitmap createBitmap(android.graphics.Bitmap,int,int,int,int,android.graphics.Matrix,boolean)>",
						"<android.graphics.Canvas: void setBitmap(android.graphics.Bitmap)>",
						"<android.graphics.Canvas: void throwIfCannotDraw(android.graphics.Bitmap)>"
					],
					"depth":4,
					"method":"<android.graphics.Bitmap: android.graphics.Bitmap createBitmap(android.graphics.Bitmap)>",
					"source":"CALLER"
				}
			],
			"callerOfSingnlar2SourceVar":{
				"<android.graphics.Bitmap: android.graphics.Bitmap createBitmap(android.graphics.Bitmap)>":"0",
				"<android.provider.MediaStore$Images$Media: android.graphics.Bitmap StoreThumbnail(android.content.ContentResolver,android.graphics.Bitmap,long,float,float,int)>":"1",
				"<android.renderscript.Allocation: android.renderscript.Allocation createFromBitmap(android.renderscript.RenderScript,android.graphics.Bitmap,android.renderscript.Allocation$MipmapControl,int)>":"1",
				"<android.renderscript.Allocation: android.renderscript.Allocation createFromBitmap(android.renderscript.RenderScript,android.graphics.Bitmap)>":"1",
				"<android.widget.StackView$HolographicHelper: void drawOutline(android.graphics.Canvas,android.graphics.Bitmap)>":"1",
				"<android.renderscript.Allocation: void copy2DRangeFrom(int,int,android.graphics.Bitmap)>":"2",
				"<android.graphics.Canvas: void drawBitmap(android.graphics.Bitmap,float,float,android.graphics.Paint)>":"0",
				"<android.graphics.Bitmap: android.graphics.Bitmap createBitmap(android.graphics.Bitmap,int,int,int,int,android.graphics.Matrix,boolean)>":"0",
				"<android.renderscript.Allocation: void copyFrom(android.graphics.Bitmap)>":"0",
				"<android.graphics.Canvas: void <init>(android.graphics.Bitmap)>":"0",
				"<android.graphics.Canvas: void throwIfCannotDraw(android.graphics.Bitmap)>":"0",
				"<android.media.ThumbnailUtils: android.graphics.Bitmap transform(android.graphics.Matrix,android.graphics.Bitmap,int,int,int)>":"1",
				"<android.graphics.Bitmap: android.graphics.Bitmap createBitmap(android.graphics.Bitmap,int,int,int,int)>":"0",
				"<android.view.GLES20Canvas: void drawBitmapMesh(android.graphics.Bitmap,int,int,float[],int,int[],int,android.graphics.Paint)>":"0",
				"<android.graphics.Canvas: void drawBitmap(android.graphics.Bitmap,android.graphics.Rect,android.graphics.RectF,android.graphics.Paint)>":"0",
				"<com.android.internal.widget.RotarySelector: void drawCentered(android.graphics.Bitmap,android.graphics.Canvas,int,int)>":"0",
				"<android.renderscript.Allocation: android.renderscript.Allocation createCubemapFromCubeFaces(android.renderscript.RenderScript,android.graphics.Bitmap,android.graphics.Bitmap,android.graphics.Bitmap,android.graphics.Bitmap,android.graphics.Bitmap,android.graphics.Bitmap)>":"1, 2, 3, 4, 5, 6",
				"<android.view.GLES20Canvas: void drawBitmap(android.graphics.Bitmap,android.graphics.Rect,android.graphics.RectF,android.graphics.Paint)>":"0",
				"<android.media.session.MediaSessionLegacyHelper: android.graphics.Bitmap scaleBitmapIfTooBig(android.graphics.Bitmap,int,int)>":"0",
				"<android.view.GLES20Canvas: void drawBitmap(android.graphics.Bitmap,float,float,android.graphics.Paint)>":"0",
				"<android.media.ThumbnailUtils: android.graphics.Bitmap extractThumbnail(android.graphics.Bitmap,int,int,int)>":"0",
				"<android.view.GLES20Canvas: void drawBitmap(android.graphics.Bitmap,android.graphics.Matrix,android.graphics.Paint)>":"0",
				"<android.view.GLES20Canvas: void drawBitmap(android.graphics.Bitmap,android.graphics.Rect,android.graphics.Rect,android.graphics.Paint)>":"0",
				"<android.graphics.Bitmap: android.graphics.Bitmap createScaledBitmap(android.graphics.Bitmap,int,int,boolean)>":"0",
				"<android.graphics.Canvas: void drawBitmap(android.graphics.Bitmap,android.graphics.Rect,android.graphics.Rect,android.graphics.Paint)>":"0",
				"<android.graphics.Canvas: void setBitmap(android.graphics.Bitmap)>":"0",
				"<android.media.ThumbnailUtils: android.graphics.Bitmap extractThumbnail(android.graphics.Bitmap,int,int)>":"0",
				"<android.renderscript.Allocation: android.renderscript.Allocation createCubemapFromCubeFaces(android.renderscript.RenderScript,android.graphics.Bitmap,android.graphics.Bitmap,android.graphics.Bitmap,android.graphics.Bitmap,android.graphics.Bitmap,android.graphics.Bitmap,android.renderscript.Allocation$MipmapControl,int)>":"1, 2, 3, 4, 5, 6"
			}
		},
		{
			"method":"<android.graphics.Canvas: void drawBitmap(android.graphics.Bitmap,android.graphics.Rect,android.graphics.RectF,android.graphics.Paint)>",
			"message":"[\\s\\S]*",
			"relatedVarType":"Parameter",
			"relatedCondType":"Basic",
			"modifier":"public",
			"type":"java.lang.NullPointerException",
			"osVersionRelated":false,
			"resourceRelated":false,
			"assessRelated":false,
			"hardwareRelated":false,
			"manifestRelated":false,
			"conditions":"r0 != null",
			"paramValues":"@parameter2: android.graphics.RectF",
			"relatedValues":"@parameter2: android.graphics.RectF; ; ",
			"keyAPISameClassNum":0,
			"keyAPIDiffClassNum":0,
			"keyAPISameClass":[
				{
					"trace":[
						"<android.graphics.Canvas: void drawBitmap(android.graphics.Bitmap,android.graphics.Rect,android.graphics.RectF,android.graphics.Paint)>"
					],
					"depth":0,
					"method":"<android.graphics.Canvas: void drawBitmap(android.graphics.Bitmap,android.graphics.Rect,android.graphics.RectF,android.graphics.Paint)>",
					"source":"CALLER"
				}
			],
			"keyAPIDiffClass":[
				{
					"trace":[
						"<android.graphics.Bitmap: android.graphics.Bitmap createBitmap(android.graphics.Bitmap,int,int,int,int,android.graphics.Matrix,boolean)>",
						"<android.graphics.Canvas: void drawBitmap(android.graphics.Bitmap,android.graphics.Rect,android.graphics.RectF,android.graphics.Paint)>"
					],
					"depth":1,
					"method":"<android.graphics.Bitmap: android.graphics.Bitmap createBitmap(android.graphics.Bitmap,int,int,int,int,android.graphics.Matrix,boolean)>",
					"source":"CALLER"
				},
				{
					"trace":[
						"<android.graphics.Bitmap: android.graphics.Bitmap createBitmap(android.graphics.Bitmap,int,int,int,int)>",
						"<android.graphics.Bitmap: android.graphics.Bitmap createBitmap(android.graphics.Bitmap,int,int,int,int,android.graphics.Matrix,boolean)>",
						"<android.graphics.Canvas: void drawBitmap(android.graphics.Bitmap,android.graphics.Rect,android.graphics.RectF,android.graphics.Paint)>"
					],
					"depth":2,
					"method":"<android.graphics.Bitmap: android.graphics.Bitmap createBitmap(android.graphics.Bitmap,int,int,int,int)>",
					"source":"CALLER"
				},
				{
					"trace":[
						"<android.graphics.Bitmap: android.graphics.Bitmap createScaledBitmap(android.graphics.Bitmap,int,int,boolean)>",
						"<android.graphics.Bitmap: android.graphics.Bitmap createBitmap(android.graphics.Bitmap,int,int,int,int,android.graphics.Matrix,boolean)>",
						"<android.graphics.Canvas: void drawBitmap(android.graphics.Bitmap,android.graphics.Rect,android.graphics.RectF,android.graphics.Paint)>"
					],
					"depth":2,
					"method":"<android.graphics.Bitmap: android.graphics.Bitmap createScaledBitmap(android.graphics.Bitmap,int,int,boolean)>",
					"source":"CALLER"
				},
				{
					"trace":[
						"<android.graphics.Bitmap: android.graphics.Bitmap createBitmap(android.graphics.Bitmap)>",
						"<android.graphics.Bitmap: android.graphics.Bitmap createBitmap(android.graphics.Bitmap,int,int,int,int)>",
						"<android.graphics.Bitmap: android.graphics.Bitmap createBitmap(android.graphics.Bitmap,int,int,int,int,android.graphics.Matrix,boolean)>",
						"<android.graphics.Canvas: void drawBitmap(android.graphics.Bitmap,android.graphics.Rect,android.graphics.RectF,android.graphics.Paint)>"
					],
					"depth":3,
					"method":"<android.graphics.Bitmap: android.graphics.Bitmap createBitmap(android.graphics.Bitmap)>",
					"source":"CALLER"
				}
			],
			"callerOfSingnlar2SourceVar":{
				"<android.graphics.Canvas: void drawBitmap(android.graphics.Bitmap,android.graphics.Rect,android.graphics.RectF,android.graphics.Paint)>":"2"
			}
		},
		{
			"method":"<android.graphics.Canvas: void drawBitmap(android.graphics.Bitmap,android.graphics.Rect,android.graphics.Rect,android.graphics.Paint)>",
			"message":"[\\s\\S]*",
			"relatedVarType":"Parameter",
			"relatedCondType":"Basic",
			"modifier":"public",
			"type":"java.lang.NullPointerException",
			"osVersionRelated":false,
			"resourceRelated":false,
			"assessRelated":false,
			"hardwareRelated":false,
			"manifestRelated":false,
			"conditions":"r0 != null",
			"paramValues":"@parameter2: android.graphics.Rect",
			"relatedValues":"@parameter2: android.graphics.Rect; ; ",
			"keyAPISameClassNum":0,
			"keyAPIDiffClassNum":0,
			"keyAPISameClass":[
				{
					"trace":[
						"<android.graphics.Canvas: void drawBitmap(android.graphics.Bitmap,android.graphics.Rect,android.graphics.Rect,android.graphics.Paint)>"
					],
					"depth":0,
					"method":"<android.graphics.Canvas: void drawBitmap(android.graphics.Bitmap,android.graphics.Rect,android.graphics.Rect,android.graphics.Paint)>",
					"source":"CALLER"
				}
			],
			"keyAPIDiffClass":[],
			"callerOfSingnlar2SourceVar":{
				"<android.graphics.Canvas: void drawBitmap(android.graphics.Bitmap,android.graphics.Rect,android.graphics.Rect,android.graphics.Paint)>":"2"
			}
		},
		{
			"method":"<android.graphics.Canvas: void drawBitmap(int[],int,int,float,float,int,int,boolean,android.graphics.Paint)>",
			"message":"\\Qwidth must be >= 0\\E",
			"relatedVarType":"Parameter",
			"relatedCondType":"Basic",
			"modifier":"public",
			"type":"java.lang.IllegalArgumentException",
			"osVersionRelated":false,
			"resourceRelated":false,
			"assessRelated":false,
			"hardwareRelated":false,
			"manifestRelated":false,
			"conditions":"i0 >= 0",
			"paramValues":"@parameter5: int",
			"relatedValues":"@parameter5: int; ; ",
			"keyAPISameClassNum":0,
			"keyAPIDiffClassNum":0,
			"keyAPISameClass":[
				{
					"trace":[
						"<android.graphics.Canvas: void drawBitmap(int[],int,int,float,float,int,int,boolean,android.graphics.Paint)>"
					],
					"depth":0,
					"method":"<android.graphics.Canvas: void drawBitmap(int[],int,int,float,float,int,int,boolean,android.graphics.Paint)>",
					"source":"CALLER"
				},
				{
					"trace":[
						"<android.graphics.Canvas: void drawBitmap(int[],int,int,int,int,int,int,boolean,android.graphics.Paint)>",
						"<android.graphics.Canvas: void drawBitmap(int[],int,int,float,float,int,int,boolean,android.graphics.Paint)>"
					],
					"depth":1,
					"method":"<android.graphics.Canvas: void drawBitmap(int[],int,int,int,int,int,int,boolean,android.graphics.Paint)>",
					"source":"CALLER"
				}
			],
			"keyAPIDiffClass":[],
			"callerOfSingnlar2SourceVar":{
				"<android.graphics.Canvas: void drawBitmap(int[],int,int,int,int,int,int,boolean,android.graphics.Paint)>":"5",
				"<android.graphics.Canvas: void drawBitmap(int[],int,int,float,float,int,int,boolean,android.graphics.Paint)>":"5"
			}
		},
		{
			"method":"<android.graphics.Canvas: void drawBitmap(int[],int,int,float,float,int,int,boolean,android.graphics.Paint)>",
			"message":"\\Qabs(stride) must be >= width\\E",
			"relatedVarType":"Parameter",
			"relatedCondType":"Basic",
			"modifier":"public",
			"type":"java.lang.IllegalArgumentException",
			"osVersionRelated":false,
			"resourceRelated":false,
			"assessRelated":false,
			"hardwareRelated":false,
			"manifestRelated":false,
			"conditions":"$i3 >= i0, i1 >= 0, i0 >= 0",
			"paramValues":"@parameter2: int, @parameter5: int, @parameter6: int",
			"relatedValues":"@parameter2: int, @parameter5: int, @parameter6: int; ; ",
			"keyAPISameClassNum":0,
			"keyAPIDiffClassNum":0,
			"keyAPISameClass":[
				{
					"trace":[
						"<android.graphics.Canvas: void drawBitmap(int[],int,int,float,float,int,int,boolean,android.graphics.Paint)>"
					],
					"depth":0,
					"method":"<android.graphics.Canvas: void drawBitmap(int[],int,int,float,float,int,int,boolean,android.graphics.Paint)>",
					"source":"CALLER"
				},
				{
					"trace":[
						"<android.graphics.Canvas: void drawBitmap(int[],int,int,int,int,int,int,boolean,android.graphics.Paint)>",
						"<android.graphics.Canvas: void drawBitmap(int[],int,int,float,float,int,int,boolean,android.graphics.Paint)>"
					],
					"depth":1,
					"method":"<android.graphics.Canvas: void drawBitmap(int[],int,int,int,int,int,int,boolean,android.graphics.Paint)>",
					"source":"CALLER"
				}
			],
			"keyAPIDiffClass":[],
			"callerOfSingnlar2SourceVar":{
				"<android.graphics.Canvas: void drawBitmap(int[],int,int,int,int,int,int,boolean,android.graphics.Paint)>":"2, 5, 6",
				"<android.graphics.Canvas: void drawBitmap(int[],int,int,float,float,int,int,boolean,android.graphics.Paint)>":"2, 5, 6"
			}
		},
		{
			"method":"<android.graphics.Canvas: void drawBitmap(int[],int,int,float,float,int,int,boolean,android.graphics.Paint)>",
			"message":"\\Qheight must be >= 0\\E",
			"relatedVarType":"Parameter",
			"relatedCondType":"Basic",
			"modifier":"public",
			"type":"java.lang.IllegalArgumentException",
			"osVersionRelated":false,
			"resourceRelated":false,
			"assessRelated":false,
			"hardwareRelated":false,
			"manifestRelated":false,
			"conditions":"i1 >= 0, i0 >= 0",
			"paramValues":"@parameter6: int, @parameter5: int",
			"relatedValues":"@parameter6: int, @parameter5: int; ; ",
			"keyAPISameClassNum":0,
			"keyAPIDiffClassNum":0,
			"keyAPISameClass":[
				{
					"trace":[
						"<android.graphics.Canvas: void drawBitmap(int[],int,int,float,float,int,int,boolean,android.graphics.Paint)>"
					],
					"depth":0,
					"method":"<android.graphics.Canvas: void drawBitmap(int[],int,int,float,float,int,int,boolean,android.graphics.Paint)>",
					"source":"CALLER"
				},
				{
					"trace":[
						"<android.graphics.Canvas: void drawBitmap(int[],int,int,int,int,int,int,boolean,android.graphics.Paint)>",
						"<android.graphics.Canvas: void drawBitmap(int[],int,int,float,float,int,int,boolean,android.graphics.Paint)>"
					],
					"depth":1,
					"method":"<android.graphics.Canvas: void drawBitmap(int[],int,int,int,int,int,int,boolean,android.graphics.Paint)>",
					"source":"CALLER"
				}
			],
			"keyAPIDiffClass":[],
			"callerOfSingnlar2SourceVar":{
				"<android.graphics.Canvas: void drawBitmap(int[],int,int,int,int,int,int,boolean,android.graphics.Paint)>":"6, 5",
				"<android.graphics.Canvas: void drawBitmap(int[],int,int,float,float,int,int,boolean,android.graphics.Paint)>":"6, 5"
			}
		},
		{
			"method":"<android.graphics.Canvas: void drawBitmap(int[],int,int,float,float,int,int,boolean,android.graphics.Paint)>",
			"message":"[\\s\\S]*",
			"relatedVarType":"Parameter",
			"relatedCondType":"Basic",
			"modifier":"public",
			"type":"java.lang.ArrayIndexOutOfBoundsException",
			"osVersionRelated":false,
			"resourceRelated":false,
			"assessRelated":false,
			"hardwareRelated":false,
			"manifestRelated":false,
			"conditions":"i4 < 0, $i3 >= i0, i1 >= 0",
			"paramValues":"@parameter1: int, @parameter2: int, @parameter5: int, @parameter6: int",
			"relatedValues":"@parameter1: int, @parameter2: int, @parameter5: int, @parameter6: int; ; ",
			"keyAPISameClassNum":0,
			"keyAPIDiffClassNum":0,
			"keyAPISameClass":[
				{
					"trace":[
						"<android.graphics.Canvas: void drawBitmap(int[],int,int,float,float,int,int,boolean,android.graphics.Paint)>"
					],
					"depth":0,
					"method":"<android.graphics.Canvas: void drawBitmap(int[],int,int,float,float,int,int,boolean,android.graphics.Paint)>",
					"source":"CALLER"
				},
				{
					"trace":[
						"<android.graphics.Canvas: void drawBitmap(int[],int,int,int,int,int,int,boolean,android.graphics.Paint)>",
						"<android.graphics.Canvas: void drawBitmap(int[],int,int,float,float,int,int,boolean,android.graphics.Paint)>"
					],
					"depth":1,
					"method":"<android.graphics.Canvas: void drawBitmap(int[],int,int,int,int,int,int,boolean,android.graphics.Paint)>",
					"source":"CALLER"
				}
			],
			"keyAPIDiffClass":[],
			"callerOfSingnlar2SourceVar":{
				"<android.graphics.Canvas: void drawBitmap(int[],int,int,int,int,int,int,boolean,android.graphics.Paint)>":"1, 2, 5, 6",
				"<android.graphics.Canvas: void drawBitmap(int[],int,int,float,float,int,int,boolean,android.graphics.Paint)>":"1, 2, 5, 6"
			}
		},
		{
			"method":"<android.graphics.Canvas: void checkRange(int,int,int)>",
			"message":"[\\s\\S]*",
			"relatedVarType":"Parameter",
			"relatedCondType":"Basic",
			"modifier":"protected",
			"type":"java.lang.ArrayIndexOutOfBoundsException",
			"osVersionRelated":false,
			"resourceRelated":false,
			"assessRelated":false,
			"hardwareRelated":false,
			"manifestRelated":false,
			"conditions":"$i2 < 0, $i4 <= i3",
			"paramValues":"@parameter1: int, @parameter2: int, @parameter0: int",
			"relatedValues":"@parameter1: int, @parameter2: int, @parameter0: int; ; ",
			"keyAPISameClassNum":0,
			"keyAPIDiffClassNum":0,
			"keyAPISameClass":[
				{
					"trace":[
						"<android.graphics.Canvas: void checkRange(int,int,int)>"
					],
					"depth":0,
					"method":"<android.graphics.Canvas: void checkRange(int,int,int)>",
					"source":"CALLER"
				},
				{
					"trace":[
						"<android.graphics.Canvas: void drawBitmapMesh(android.graphics.Bitmap,int,int,float[],int,int[],int,android.graphics.Paint)>",
						"<android.graphics.Canvas: void checkRange(int,int,int)>"
					],
					"depth":1,
					"method":"<android.graphics.Canvas: void drawBitmapMesh(android.graphics.Bitmap,int,int,float[],int,int[],int,android.graphics.Paint)>",
					"source":"CALLER"
				},
				{
					"trace":[
						"<android.graphics.Canvas: void drawVertices(android.graphics.Canvas$VertexMode,int,float[],int,float[],int,int[],int,short[],int,int,android.graphics.Paint)>",
						"<android.graphics.Canvas: void checkRange(int,int,int)>"
					],
					"depth":1,
					"method":"<android.graphics.Canvas: void drawVertices(android.graphics.Canvas$VertexMode,int,float[],int,float[],int,int[],int,short[],int,int,android.graphics.Paint)>",
					"source":"CALLER"
				}
			],
			"keyAPIDiffClass":[],
			"callerOfSingnlar2SourceVar":{
				"<android.graphics.Canvas: void drawBitmapMesh(android.graphics.Bitmap,int,int,float[],int,int[],int,android.graphics.Paint)>":"4, 6",
				"<android.view.GLES20Canvas: void drawBitmapMesh(android.graphics.Bitmap,int,int,float[],int,int[],int,android.graphics.Paint)>":"4, 6",
				"<android.graphics.Canvas: void drawVertices(android.graphics.Canvas$VertexMode,int,float[],int,float[],int,int[],int,short[],int,int,android.graphics.Paint)>":"3, 5, 7, 9, 1, 10",
				"<android.graphics.Canvas: void checkRange(int,int,int)>":"1, 2, 0"
			}
		},
		{
			"method":"<android.graphics.Canvas: void drawBitmapMesh(android.graphics.Bitmap,int,int,float[],int,int[],int,android.graphics.Paint)>",
			"message":"[\\s\\S]*",
			"relatedVarType":"Parameter",
			"relatedCondType":"Basic",
			"modifier":"public",
			"type":"java.lang.ArrayIndexOutOfBoundsException",
			"osVersionRelated":false,
			"resourceRelated":false,
			"assessRelated":false,
			"hardwareRelated":false,
			"manifestRelated":false,
			"conditions":"$i6 >= 0",
			"paramValues":"@parameter1: int, @parameter2: int, @parameter4: int, @parameter6: int",
			"relatedValues":"@parameter1: int, @parameter2: int, @parameter4: int, @parameter6: int; ; ",
			"keyAPISameClassNum":0,
			"keyAPIDiffClassNum":0,
			"keyAPISameClass":[
				{
					"trace":[
						"<android.graphics.Canvas: void drawBitmapMesh(android.graphics.Bitmap,int,int,float[],int,int[],int,android.graphics.Paint)>"
					],
					"depth":0,
					"method":"<android.graphics.Canvas: void drawBitmapMesh(android.graphics.Bitmap,int,int,float[],int,int[],int,android.graphics.Paint)>",
					"source":"CALLER"
				}
			],
			"keyAPIDiffClass":[],
			"callerOfSingnlar2SourceVar":{
				"<android.graphics.Canvas: void drawBitmapMesh(android.graphics.Bitmap,int,int,float[],int,int[],int,android.graphics.Paint)>":"1, 2, 4, 6"
			}
		},
		{
			"method":"<android.graphics.Canvas: void drawText(char[],int,int,float,float,android.graphics.Paint)>",
			"message":"[\\s\\S]*",
			"relatedVarType":"Parameter",
			"relatedCondType":"Basic",
			"modifier":"public",
			"type":"java.lang.IndexOutOfBoundsException",
			"osVersionRelated":false,
			"resourceRelated":false,
			"assessRelated":false,
			"hardwareRelated":false,
			"manifestRelated":false,
			"conditions":"$i8 >= 0",
			"paramValues":"@parameter1: int, @parameter2: int, @parameter0: char[]",
			"relatedValues":"@parameter1: int, @parameter2: int, @parameter0: char[]; ; ",
			"keyAPISameClassNum":0,
			"keyAPIDiffClassNum":0,
			"keyAPISameClass":[
				{
					"trace":[
						"<android.graphics.Canvas: void drawText(char[],int,int,float,float,android.graphics.Paint)>"
					],
					"depth":0,
					"method":"<android.graphics.Canvas: void drawText(char[],int,int,float,float,android.graphics.Paint)>",
					"source":"CALLER"
				},
				{
					"trace":[
						"<android.graphics.Canvas: void drawPosText(char[],int,int,float[],android.graphics.Paint)>",
						"<android.graphics.Canvas: void drawText(char[],int,int,float,float,android.graphics.Paint)>"
					],
					"depth":1,
					"method":"<android.graphics.Canvas: void drawPosText(char[],int,int,float[],android.graphics.Paint)>",
					"source":"CALLER"
				},
				{
					"trace":[
						"<android.graphics.Canvas: void drawPosText(java.lang.String,float[],android.graphics.Paint)>",
						"<android.graphics.Canvas: void drawPosText(char[],int,int,float[],android.graphics.Paint)>",
						"<android.graphics.Canvas: void drawText(char[],int,int,float,float,android.graphics.Paint)>"
					],
					"depth":2,
					"method":"<android.graphics.Canvas: void drawPosText(java.lang.String,float[],android.graphics.Paint)>",
					"source":"CALLER"
				}
			],
			"keyAPIDiffClass":[
				{
					"trace":[
						"<android.widget.TextView$CharWrapper: void drawText(android.graphics.Canvas,int,int,float,float,android.graphics.Paint)>",
						"<android.graphics.Canvas: void drawText(char[],int,int,float,float,android.graphics.Paint)>"
					],
					"depth":1,
					"method":"<android.widget.TextView$CharWrapper: void drawText(android.graphics.Canvas,int,int,float,float,android.graphics.Paint)>",
					"source":"CALLER"
				},
				{
					"trace":[
						"<android.text.GraphicsOperations: void drawText(android.graphics.Canvas,int,int,float,float,android.graphics.Paint)>",
						"<android.graphics.Canvas: void drawText(char[],int,int,float,float,android.graphics.Paint)>"
					],
					"depth":1,
					"method":"<android.text.GraphicsOperations: void drawText(android.graphics.Canvas,int,int,float,float,android.graphics.Paint)>",
					"source":"CALLER"
				},
				{
					"trace":[
						"<android.text.SpannableStringBuilder: void drawText(android.graphics.Canvas,int,int,float,float,android.graphics.Paint)>",
						"<android.graphics.Canvas: void drawText(char[],int,int,float,float,android.graphics.Paint)>"
					],
					"depth":1,
					"method":"<android.text.SpannableStringBuilder: void drawText(android.graphics.Canvas,int,int,float,float,android.graphics.Paint)>",
					"source":"CALLER"
				}
			],
			"callerOfSingnlar2SourceVar":{
				"<android.graphics.Canvas: void drawText(char[],int,int,float,float,android.graphics.Paint)>":"1, 2, 0",
				"<android.graphics.Canvas: void drawPosText(char[],int,int,float[],android.graphics.Paint)>":"0",
				"<android.text.SpannableStringBuilder: void drawText(android.graphics.Canvas,int,int,float,float,android.graphics.Paint)>":"1"
			}
		},
		{
			"method":"<android.graphics.Canvas: void drawText(java.lang.String,int,int,float,float,android.graphics.Paint)>",
			"message":"[\\s\\S]*",
			"relatedVarType":"Parameter",
			"relatedCondType":"Basic",
			"modifier":"public",
			"type":"java.lang.IndexOutOfBoundsException",
			"osVersionRelated":false,
			"resourceRelated":false,
			"assessRelated":false,
			"hardwareRelated":false,
			"manifestRelated":false,
			"conditions":"$i7 >= 0",
			"paramValues":"@parameter1: int, @parameter2: int, @parameter0: java.lang.String",
			"relatedValues":"@parameter1: int, @parameter2: int, @parameter0: java.lang.String; ; ",
			"keyAPISameClassNum":0,
			"keyAPIDiffClassNum":0,
			"keyAPISameClass":[
				{
					"trace":[
						"<android.graphics.Canvas: void drawText(java.lang.String,int,int,float,float,android.graphics.Paint)>"
					],
					"depth":0,
					"method":"<android.graphics.Canvas: void drawText(java.lang.String,int,int,float,float,android.graphics.Paint)>",
					"source":"CALLER"
				}
			],
			"keyAPIDiffClass":[],
			"callerOfSingnlar2SourceVar":{
				"<android.graphics.Canvas: void drawText(java.lang.String,int,int,float,float,android.graphics.Paint)>":"1, 2, 0"
			}
		},
		{
			"method":"<android.graphics.Canvas: void drawTextRun(char[],int,int,int,int,float,float,boolean,android.graphics.Paint)>",
			"message":"\\Qpaint is null\\E",
			"relatedVarType":"Parameter",
			"relatedCondType":"Basic",
			"modifier":"public",
			"type":"java.lang.NullPointerException",
			"osVersionRelated":false,
			"resourceRelated":false,
			"assessRelated":false,
			"hardwareRelated":false,
			"manifestRelated":false,
			"conditions":"r1 != null, r0 != null",
			"paramValues":"@parameter8: android.graphics.Paint, @parameter0: char[]",
			"relatedValues":"@parameter8: android.graphics.Paint, @parameter0: char[]; ; ",
			"keyAPISameClassNum":0,
			"keyAPIDiffClassNum":0,
			"keyAPISameClass":[
				{
					"trace":[
						"<android.graphics.Canvas: void drawTextRun(char[],int,int,int,int,float,float,boolean,android.graphics.Paint)>"
					],
					"depth":0,
					"method":"<android.graphics.Canvas: void drawTextRun(char[],int,int,int,int,float,float,boolean,android.graphics.Paint)>",
					"source":"CALLER"
				}
			],
			"keyAPIDiffClass":[
				{
					"trace":[
						"<android.widget.TextView$CharWrapper: void drawTextRun(android.graphics.Canvas,int,int,int,int,float,float,boolean,android.graphics.Paint)>",
						"<android.graphics.Canvas: void drawTextRun(char[],int,int,int,int,float,float,boolean,android.graphics.Paint)>"
					],
					"depth":1,
					"method":"<android.widget.TextView$CharWrapper: void drawTextRun(android.graphics.Canvas,int,int,int,int,float,float,boolean,android.graphics.Paint)>",
					"source":"CALLER"
				},
				{
					"trace":[
						"<android.text.GraphicsOperations: void drawTextRun(android.graphics.Canvas,int,int,int,int,float,float,boolean,android.graphics.Paint)>",
						"<android.graphics.Canvas: void drawTextRun(char[],int,int,int,int,float,float,boolean,android.graphics.Paint)>"
					],
					"depth":1,
					"method":"<android.text.GraphicsOperations: void drawTextRun(android.graphics.Canvas,int,int,int,int,float,float,boolean,android.graphics.Paint)>",
					"source":"CALLER"
				},
				{
					"trace":[
						"<android.text.SpannableStringBuilder: void drawTextRun(android.graphics.Canvas,int,int,int,int,float,float,boolean,android.graphics.Paint)>",
						"<android.graphics.Canvas: void drawTextRun(char[],int,int,int,int,float,float,boolean,android.graphics.Paint)>"
					],
					"depth":1,
					"method":"<android.text.SpannableStringBuilder: void drawTextRun(android.graphics.Canvas,int,int,int,int,float,float,boolean,android.graphics.Paint)>",
					"source":"CALLER"
				}
			],
			"callerOfSingnlar2SourceVar":{
				"<android.graphics.Canvas: void drawTextRun(char[],int,int,int,int,float,float,boolean,android.graphics.Paint)>":"8, 0",
				"<android.text.TextLine: void drawTextRun(android.graphics.Canvas,android.text.TextPaint,int,int,int,int,boolean,float,int)>":"1",
				"<android.text.TextLine: float handleText(android.text.TextPaint,int,int,int,int,boolean,android.graphics.Canvas,float,int,int,int,android.graphics.Paint$FontMetricsInt,boolean)>":"0",
				"<android.text.SpannableStringBuilder: void drawTextRun(android.graphics.Canvas,int,int,int,int,float,float,boolean,android.graphics.Paint)>":"8",
				"<android.widget.TextView$CharWrapper: void drawTextRun(android.graphics.Canvas,int,int,int,int,float,float,boolean,android.graphics.Paint)>":"8"
			}
		},
		{
			"method":"<android.graphics.Canvas: void drawTextRun(char[],int,int,int,int,float,float,boolean,android.graphics.Paint)>",
			"message":"[\\s\\S]*",
			"relatedVarType":"Parameter",
			"relatedCondType":"Basic",
			"modifier":"public",
			"type":"java.lang.IndexOutOfBoundsException",
			"osVersionRelated":false,
			"resourceRelated":false,
			"assessRelated":false,
			"hardwareRelated":false,
			"manifestRelated":false,
			"conditions":"$i6 >= 0, r1 != null, r0 != null",
			"paramValues":"@parameter1: int, @parameter2: int, @parameter0: char[], @parameter8: android.graphics.Paint",
			"relatedValues":"@parameter1: int, @parameter2: int, @parameter0: char[], @parameter8: android.graphics.Paint; ; ",
			"keyAPISameClassNum":0,
			"keyAPIDiffClassNum":0,
			"keyAPISameClass":[
				{
					"trace":[
						"<android.graphics.Canvas: void drawTextRun(char[],int,int,int,int,float,float,boolean,android.graphics.Paint)>"
					],
					"depth":0,
					"method":"<android.graphics.Canvas: void drawTextRun(char[],int,int,int,int,float,float,boolean,android.graphics.Paint)>",
					"source":"CALLER"
				}
			],
			"keyAPIDiffClass":[
				{
					"trace":[
						"<android.widget.TextView$CharWrapper: void drawTextRun(android.graphics.Canvas,int,int,int,int,float,float,boolean,android.graphics.Paint)>",
						"<android.graphics.Canvas: void drawTextRun(char[],int,int,int,int,float,float,boolean,android.graphics.Paint)>"
					],
					"depth":1,
					"method":"<android.widget.TextView$CharWrapper: void drawTextRun(android.graphics.Canvas,int,int,int,int,float,float,boolean,android.graphics.Paint)>",
					"source":"CALLER"
				},
				{
					"trace":[
						"<android.text.GraphicsOperations: void drawTextRun(android.graphics.Canvas,int,int,int,int,float,float,boolean,android.graphics.Paint)>",
						"<android.graphics.Canvas: void drawTextRun(char[],int,int,int,int,float,float,boolean,android.graphics.Paint)>"
					],
					"depth":1,
					"method":"<android.text.GraphicsOperations: void drawTextRun(android.graphics.Canvas,int,int,int,int,float,float,boolean,android.graphics.Paint)>",
					"source":"CALLER"
				},
				{
					"trace":[
						"<android.text.SpannableStringBuilder: void drawTextRun(android.graphics.Canvas,int,int,int,int,float,float,boolean,android.graphics.Paint)>",
						"<android.graphics.Canvas: void drawTextRun(char[],int,int,int,int,float,float,boolean,android.graphics.Paint)>"
					],
					"depth":1,
					"method":"<android.text.SpannableStringBuilder: void drawTextRun(android.graphics.Canvas,int,int,int,int,float,float,boolean,android.graphics.Paint)>",
					"source":"CALLER"
				}
			],
			"callerOfSingnlar2SourceVar":{
				"<android.text.TextLine: float measureRun(int,int,int,boolean,android.graphics.Paint$FontMetricsInt)>":"0",
				"<android.graphics.Canvas: void drawTextRun(char[],int,int,int,int,float,float,boolean,android.graphics.Paint)>":"1, 2, 0, 8",
				"<android.text.TextLine: void drawTextRun(android.graphics.Canvas,android.text.TextPaint,int,int,int,int,boolean,float,int)>":"2, 1",
				"<android.text.TextLine: float handleText(android.text.TextPaint,int,int,int,int,boolean,android.graphics.Canvas,float,int,int,int,android.graphics.Paint$FontMetricsInt,boolean)>":"1, 0",
				"<android.text.TextLine: float handleRun(int,int,int,boolean,android.graphics.Canvas,float,int,int,int,android.graphics.Paint$FontMetricsInt,boolean)>":"0",
				"<android.text.SpannableStringBuilder: void drawTextRun(android.graphics.Canvas,int,int,int,int,float,float,boolean,android.graphics.Paint)>":"1, 8",
				"<android.text.TextLine: float drawRun(android.graphics.Canvas,int,int,boolean,float,int,int,int,boolean)>":"1",
				"<android.widget.TextView$CharWrapper: void drawTextRun(android.graphics.Canvas,int,int,int,int,float,float,boolean,android.graphics.Paint)>":"8"
			}
		},
		{
			"method":"<android.graphics.Canvas: void drawTextRun(char[],int,int,int,int,float,float,boolean,android.graphics.Paint)>",
			"message":"\\Qtext is null\\E",
			"relatedVarType":"Parameter",
			"relatedCondType":"Basic",
			"modifier":"public",
			"type":"java.lang.NullPointerException",
			"osVersionRelated":false,
			"resourceRelated":false,
			"assessRelated":false,
			"hardwareRelated":false,
			"manifestRelated":false,
			"conditions":"r0 != null",
			"paramValues":"@parameter0: char[]",
			"relatedValues":"@parameter0: char[]; ; ",
			"keyAPISameClassNum":0,
			"keyAPIDiffClassNum":0,
			"keyAPISameClass":[
				{
					"trace":[
						"<android.graphics.Canvas: void drawTextRun(char[],int,int,int,int,float,float,boolean,android.graphics.Paint)>"
					],
					"depth":0,
					"method":"<android.graphics.Canvas: void drawTextRun(char[],int,int,int,int,float,float,boolean,android.graphics.Paint)>",
					"source":"CALLER"
				}
			],
			"keyAPIDiffClass":[
				{
					"trace":[
						"<android.text.SpannableStringBuilder: void drawTextRun(android.graphics.Canvas,int,int,int,int,float,float,boolean,android.graphics.Paint)>",
						"<android.graphics.Canvas: void drawTextRun(char[],int,int,int,int,float,float,boolean,android.graphics.Paint)>"
					],
					"depth":1,
					"method":"<android.text.SpannableStringBuilder: void drawTextRun(android.graphics.Canvas,int,int,int,int,float,float,boolean,android.graphics.Paint)>",
					"source":"CALLER"
				},
				{
					"trace":[
						"<android.text.GraphicsOperations: void drawTextRun(android.graphics.Canvas,int,int,int,int,float,float,boolean,android.graphics.Paint)>",
						"<android.graphics.Canvas: void drawTextRun(char[],int,int,int,int,float,float,boolean,android.graphics.Paint)>"
					],
					"depth":1,
					"method":"<android.text.GraphicsOperations: void drawTextRun(android.graphics.Canvas,int,int,int,int,float,float,boolean,android.graphics.Paint)>",
					"source":"CALLER"
				}
			],
			"callerOfSingnlar2SourceVar":{
				"<android.graphics.Canvas: void drawTextRun(char[],int,int,int,int,float,float,boolean,android.graphics.Paint)>":"0"
			}
		},
		{
			"method":"<android.graphics.Canvas: void drawTextRun(java.lang.CharSequence,int,int,int,int,float,float,boolean,android.graphics.Paint)>",
			"message":"\\Qpaint is null\\E",
			"relatedVarType":"Parameter",
			"relatedCondType":"Basic",
			"modifier":"public",
			"type":"java.lang.NullPointerException",
			"osVersionRelated":false,
			"resourceRelated":false,
			"assessRelated":false,
			"hardwareRelated":false,
			"manifestRelated":false,
			"conditions":"r1 != null, r0 != null",
			"paramValues":"@parameter8: android.graphics.Paint, @parameter0: java.lang.CharSequence",
			"relatedValues":"@parameter8: android.graphics.Paint, @parameter0: java.lang.CharSequence; ; ",
			"keyAPISameClassNum":0,
			"keyAPIDiffClassNum":0,
			"keyAPISameClass":[
				{
					"trace":[
						"<android.graphics.Canvas: void drawTextRun(java.lang.CharSequence,int,int,int,int,float,float,boolean,android.graphics.Paint)>"
					],
					"depth":0,
					"method":"<android.graphics.Canvas: void drawTextRun(java.lang.CharSequence,int,int,int,int,float,float,boolean,android.graphics.Paint)>",
					"source":"CALLER"
				}
			],
			"keyAPIDiffClass":[],
			"callerOfSingnlar2SourceVar":{
				"<android.text.TextLine: void drawTextRun(android.graphics.Canvas,android.text.TextPaint,int,int,int,int,boolean,float,int)>":"1",
				"<android.text.TextLine: float handleText(android.text.TextPaint,int,int,int,int,boolean,android.graphics.Canvas,float,int,int,int,android.graphics.Paint$FontMetricsInt,boolean)>":"0",
				"<android.graphics.Canvas: void drawTextRun(java.lang.CharSequence,int,int,int,int,float,float,boolean,android.graphics.Paint)>":"8, 0"
			}
		},
		{
			"method":"<android.graphics.Canvas: void drawTextRun(java.lang.CharSequence,int,int,int,int,float,float,boolean,android.graphics.Paint)>",
			"message":"[\\s\\S]*",
			"relatedVarType":"Parameter",
			"relatedCondType":"Basic",
			"modifier":"public",
			"type":"java.lang.IndexOutOfBoundsException",
			"osVersionRelated":false,
			"resourceRelated":false,
			"assessRelated":false,
			"hardwareRelated":false,
			"manifestRelated":false,
			"conditions":"$i7 >= 0, r1 != null, r0 != null",
			"paramValues":"@parameter1: int, @parameter2: int, @parameter0: java.lang.CharSequence, @parameter8: android.graphics.Paint",
			"relatedValues":"@parameter1: int, @parameter2: int, @parameter0: java.lang.CharSequence, @parameter8: android.graphics.Paint; ; ",
			"keyAPISameClassNum":0,
			"keyAPIDiffClassNum":0,
			"keyAPISameClass":[
				{
					"trace":[
						"<android.graphics.Canvas: void drawTextRun(java.lang.CharSequence,int,int,int,int,float,float,boolean,android.graphics.Paint)>"
					],
					"depth":0,
					"method":"<android.graphics.Canvas: void drawTextRun(java.lang.CharSequence,int,int,int,int,float,float,boolean,android.graphics.Paint)>",
					"source":"CALLER"
				}
			],
			"keyAPIDiffClass":[],
			"callerOfSingnlar2SourceVar":{
				"<android.text.TextLine: void drawTextRun(android.graphics.Canvas,android.text.TextPaint,int,int,int,int,boolean,float,int)>":"1",
				"<android.text.TextLine: float handleText(android.text.TextPaint,int,int,int,int,boolean,android.graphics.Canvas,float,int,int,int,android.graphics.Paint$FontMetricsInt,boolean)>":"0",
				"<android.graphics.Canvas: void drawTextRun(java.lang.CharSequence,int,int,int,int,float,float,boolean,android.graphics.Paint)>":"1, 2, 0, 8"
			}
		},
		{
			"method":"<android.graphics.Canvas: void drawTextRun(java.lang.CharSequence,int,int,int,int,float,float,boolean,android.graphics.Paint)>",
			"message":"\\Qtext is null\\E",
			"relatedVarType":"Parameter",
			"relatedCondType":"Basic",
			"modifier":"public",
			"type":"java.lang.NullPointerException",
			"osVersionRelated":false,
			"resourceRelated":false,
			"assessRelated":false,
			"hardwareRelated":false,
			"manifestRelated":false,
			"conditions":"r0 != null",
			"paramValues":"@parameter0: java.lang.CharSequence",
			"relatedValues":"@parameter0: java.lang.CharSequence; ; ",
			"keyAPISameClassNum":0,
			"keyAPIDiffClassNum":0,
			"keyAPISameClass":[
				{
					"trace":[
						"<android.graphics.Canvas: void drawTextRun(java.lang.CharSequence,int,int,int,int,float,float,boolean,android.graphics.Paint)>"
					],
					"depth":0,
					"method":"<android.graphics.Canvas: void drawTextRun(java.lang.CharSequence,int,int,int,int,float,float,boolean,android.graphics.Paint)>",
					"source":"CALLER"
				}
			],
			"keyAPIDiffClass":[],
			"callerOfSingnlar2SourceVar":{
				"<android.graphics.Canvas: void drawTextRun(java.lang.CharSequence,int,int,int,int,float,float,boolean,android.graphics.Paint)>":"0"
			}
		},
		{
			"method":"<android.graphics.Canvas: void drawPosText(char[],int,int,float[],android.graphics.Paint)>",
			"message":"[\\s\\S]*",
			"relatedVarType":"Parameter",
			"relatedCondType":"Basic",
			"modifier":"public",
			"type":"java.lang.IndexOutOfBoundsException",
			"osVersionRelated":false,
			"resourceRelated":false,
			"assessRelated":false,
			"hardwareRelated":false,
			"manifestRelated":false,
			"conditions":"i0 < 0, $i3 > $i2",
			"paramValues":"@parameter1: int, @parameter2: int, @parameter0: char[]",
			"relatedValues":"@parameter1: int, @parameter2: int, @parameter0: char[]; ; ",
			"keyAPISameClassNum":0,
			"keyAPIDiffClassNum":0,
			"keyAPISameClass":[
				{
					"trace":[
						"<android.graphics.Canvas: void drawPosText(char[],int,int,float[],android.graphics.Paint)>"
					],
					"depth":0,
					"method":"<android.graphics.Canvas: void drawPosText(char[],int,int,float[],android.graphics.Paint)>",
					"source":"CALLER"
				},
				{
					"trace":[
						"<android.graphics.Canvas: void drawPosText(java.lang.String,float[],android.graphics.Paint)>",
						"<android.graphics.Canvas: void drawPosText(char[],int,int,float[],android.graphics.Paint)>"
					],
					"depth":1,
					"method":"<android.graphics.Canvas: void drawPosText(java.lang.String,float[],android.graphics.Paint)>",
					"source":"CALLER"
				}
			],
			"keyAPIDiffClass":[],
			"callerOfSingnlar2SourceVar":{
				"<android.graphics.Canvas: void drawPosText(char[],int,int,float[],android.graphics.Paint)>":"1, 2, 0"
			}
		},
		{
			"method":"<android.graphics.Canvas: void drawTextOnPath(char[],int,int,android.graphics.Path,float,float,android.graphics.Paint)>",
			"message":"[\\s\\S]*",
			"relatedVarType":"Parameter",
			"relatedCondType":"Basic",
			"modifier":"public",
			"type":"java.lang.ArrayIndexOutOfBoundsException",
			"osVersionRelated":false,
			"resourceRelated":false,
			"assessRelated":false,
			"hardwareRelated":false,
			"manifestRelated":false,
			"conditions":"i0 < 0, $i3 <= $i2",
			"paramValues":"@parameter1: int, @parameter2: int, @parameter0: char[]",
			"relatedValues":"@parameter1: int, @parameter2: int, @parameter0: char[]; ; ",
			"keyAPISameClassNum":0,
			"keyAPIDiffClassNum":0,
			"keyAPISameClass":[
				{
					"trace":[
						"<android.graphics.Canvas: void drawTextOnPath(char[],int,int,android.graphics.Path,float,float,android.graphics.Paint)>"
					],
					"depth":0,
					"method":"<android.graphics.Canvas: void drawTextOnPath(char[],int,int,android.graphics.Path,float,float,android.graphics.Paint)>",
					"source":"CALLER"
				}
			],
			"keyAPIDiffClass":[],
			"callerOfSingnlar2SourceVar":{
				"<android.graphics.Canvas: void drawTextOnPath(char[],int,int,android.graphics.Path,float,float,android.graphics.Paint)>":"1, 2, 0"
			}
		}
	]
}