{
	"exceptions":[
		{
			"method":"<android.content.pm.LauncherApps: android.content.pm.LauncherActivityInfo resolveActivity(android.content.Intent,android.os.UserHandle)>",
			"message":"\\QFailed to call LauncherAppsService\\E",
			"relatedVarType":"ParaAndField",
			"relatedCondType":"Basic",
			"modifier":"public",
			"type":"java.lang.RuntimeException",
			"osVersionRelated":false,
			"resourceRelated":false,
			"assessRelated":false,
			"hardwareRelated":false,
			"manifestRelated":false,
			"conditions":"r14 == null",
			"paramValues":"@parameter0: android.content.Intent, @parameter1: android.os.UserHandle",
			"fieldValues":"<android.content.pm.LauncherApps: android.content.pm.ILauncherApps mService>",
			"caughtValues":"@caughtexception, @caughtexception",
			"relatedValues":"@parameter0: android.content.Intent, @parameter1: android.os.UserHandle; <android.content.pm.LauncherApps: android.content.pm.ILauncherApps mService>; @caughtexception, @caughtexception",
			"keyAPISameClassNum":12,
			"keyAPIDiffClassNum":0,
			"keyAPISameClass":[
				{
					"trace":[
						"<android.content.pm.LauncherApps: android.content.pm.LauncherActivityInfo resolveActivity(android.content.Intent,android.os.UserHandle)>"
					],
					"depth":1,
					"method":"<android.content.pm.LauncherApps: void <init>(android.content.Context,android.content.pm.ILauncherApps)>",
					"source":"FIELD"
				},
				{
					"trace":[
						"<android.content.pm.LauncherApps: android.content.pm.LauncherActivityInfo resolveActivity(android.content.Intent,android.os.UserHandle)>"
					],
					"depth":1,
					"method":"<android.content.pm.LauncherApps: java.util.List getActivityList(java.lang.String,android.os.UserHandle)>",
					"source":"FIELD"
				},
				{
					"trace":[
						"<android.content.pm.LauncherApps: android.content.pm.LauncherActivityInfo resolveActivity(android.content.Intent,android.os.UserHandle)>"
					],
					"depth":1,
					"method":"<android.content.pm.LauncherApps: android.content.pm.LauncherActivityInfo resolveActivity(android.content.Intent,android.os.UserHandle)>",
					"source":"FIELD"
				},
				{
					"trace":[
						"<android.content.pm.LauncherApps: android.content.pm.LauncherActivityInfo resolveActivity(android.content.Intent,android.os.UserHandle)>"
					],
					"depth":1,
					"method":"<android.content.pm.LauncherApps: void startMainActivity(android.content.ComponentName,android.os.UserHandle,android.graphics.Rect,android.os.Bundle)>",
					"source":"FIELD"
				},
				{
					"trace":[
						"<android.content.pm.LauncherApps: android.content.pm.LauncherActivityInfo resolveActivity(android.content.Intent,android.os.UserHandle)>"
					],
					"depth":1,
					"method":"<android.content.pm.LauncherApps: void startAppDetailsActivity(android.content.ComponentName,android.os.UserHandle,android.graphics.Rect,android.os.Bundle)>",
					"source":"FIELD"
				},
				{
					"trace":[
						"<android.content.pm.LauncherApps: android.content.pm.LauncherActivityInfo resolveActivity(android.content.Intent,android.os.UserHandle)>"
					],
					"depth":1,
					"method":"<android.content.pm.LauncherApps: boolean isPackageEnabled(java.lang.String,android.os.UserHandle)>",
					"source":"FIELD"
				},
				{
					"trace":[
						"<android.content.pm.LauncherApps: android.content.pm.LauncherActivityInfo resolveActivity(android.content.Intent,android.os.UserHandle)>"
					],
					"depth":1,
					"method":"<android.content.pm.LauncherApps: boolean isActivityEnabled(android.content.ComponentName,android.os.UserHandle)>",
					"source":"FIELD"
				},
				{
					"trace":[
						"<android.content.pm.LauncherApps: android.content.pm.LauncherActivityInfo resolveActivity(android.content.Intent,android.os.UserHandle)>"
					],
					"depth":1,
					"method":"<android.content.pm.LauncherApps: void registerCallback(android.content.pm.LauncherApps$Callback,android.os.Handler)>",
					"source":"FIELD"
				},
				{
					"trace":[
						"<android.content.pm.LauncherApps: android.content.pm.LauncherActivityInfo resolveActivity(android.content.Intent,android.os.UserHandle)>"
					],
					"depth":1,
					"method":"<android.content.pm.LauncherApps: void unregisterCallback(android.content.pm.LauncherApps$Callback)>",
					"source":"FIELD"
				},
				{
					"trace":[
						"<android.content.pm.LauncherApps: void registerCallback(android.content.pm.LauncherApps$Callback)>",
						"<android.content.pm.LauncherApps: void registerCallback(android.content.pm.LauncherApps$Callback,android.os.Handler)>",
						"key field: <android.content.pm.LauncherApps: android.content.pm.ILauncherApps mService>",
						"<android.content.pm.LauncherApps: android.content.pm.LauncherActivityInfo resolveActivity(android.content.Intent,android.os.UserHandle)>"
					],
					"depth":2,
					"method":"<android.content.pm.LauncherApps: void registerCallback(android.content.pm.LauncherApps$Callback)>",
					"source":"FIELDCALLER"
				},
				{
					"trace":[
						"<android.content.pm.LauncherApps: void removeCallback(android.content.pm.LauncherApps$Callback)>",
						"<android.content.pm.LauncherApps: void unregisterCallback(android.content.pm.LauncherApps$Callback)>",
						"key field: <android.content.pm.LauncherApps: android.content.pm.ILauncherApps mService>",
						"<android.content.pm.LauncherApps: android.content.pm.LauncherActivityInfo resolveActivity(android.content.Intent,android.os.UserHandle)>"
					],
					"depth":2,
					"method":"<android.content.pm.LauncherApps: void removeCallback(android.content.pm.LauncherApps$Callback)>",
					"source":"FIELDCALLER"
				},
				{
					"trace":[
						"<android.content.pm.LauncherApps: void addCallback(android.content.pm.LauncherApps$Callback)>",
						"<android.content.pm.LauncherApps: void registerCallback(android.content.pm.LauncherApps$Callback)>",
						"<android.content.pm.LauncherApps: void registerCallback(android.content.pm.LauncherApps$Callback,android.os.Handler)>",
						"key field: <android.content.pm.LauncherApps: android.content.pm.ILauncherApps mService>",
						"<android.content.pm.LauncherApps: android.content.pm.LauncherActivityInfo resolveActivity(android.content.Intent,android.os.UserHandle)>"
					],
					"depth":3,
					"method":"<android.content.pm.LauncherApps: void addCallback(android.content.pm.LauncherApps$Callback)>",
					"source":"FIELDCALLER"
				}
			],
			"keyAPIDiffClass":[],
			"callerOfSingnlar2SourceVar":{
				"<android.content.pm.LauncherApps: android.content.pm.LauncherActivityInfo resolveActivity(android.content.Intent,android.os.UserHandle)>":"0, 1"
			}
		},
		{
			"method":"<android.content.pm.LauncherApps: boolean isPackageEnabled(java.lang.String,android.os.UserHandle)>",
			"message":"\\QFailed to call LauncherAppsService\\E",
			"relatedVarType":"Unknown",
			"relatedCondType":"Empty",
			"modifier":"public",
			"type":"java.lang.RuntimeException",
			"osVersionRelated":false,
			"resourceRelated":false,
			"assessRelated":false,
			"hardwareRelated":false,
			"manifestRelated":false,
			"caughtValues":"@caughtexception",
			"relatedValues":"; ; @caughtexception",
			"keyAPISameClassNum":0,
			"keyAPIDiffClassNum":0,
			"keyAPISameClass":[],
			"keyAPIDiffClass":[],
			"callerOfSingnlar2SourceVar":{}
		},
		{
			"method":"<android.content.pm.LauncherApps: boolean isActivityEnabled(android.content.ComponentName,android.os.UserHandle)>",
			"message":"\\QFailed to call LauncherAppsService\\E",
			"relatedVarType":"Unknown",
			"relatedCondType":"Empty",
			"modifier":"public",
			"type":"java.lang.RuntimeException",
			"osVersionRelated":false,
			"resourceRelated":false,
			"assessRelated":false,
			"hardwareRelated":false,
			"manifestRelated":false,
			"caughtValues":"@caughtexception",
			"relatedValues":"; ; @caughtexception",
			"keyAPISameClassNum":0,
			"keyAPIDiffClassNum":0,
			"keyAPISameClass":[],
			"keyAPIDiffClass":[],
			"callerOfSingnlar2SourceVar":{}
		},
		{
			"method":"<android.content.pm.LauncherApps: void removeCallbackLocked(android.content.pm.LauncherApps$Callback)>",
			"message":"\\QCallback cannot be null\\E",
			"relatedVarType":"Parameter",
			"relatedCondType":"Basic",
			"modifier":"private",
			"type":"java.lang.IllegalArgumentException",
			"osVersionRelated":false,
			"resourceRelated":false,
			"assessRelated":false,
			"hardwareRelated":false,
			"manifestRelated":false,
			"conditions":"r0 != null",
			"paramValues":"@parameter0: android.content.pm.LauncherApps$Callback",
			"relatedValues":"@parameter0: android.content.pm.LauncherApps$Callback; ; ",
			"keyAPISameClassNum":0,
			"keyAPIDiffClassNum":0,
			"keyAPISameClass":[
				{
					"trace":[
						"<android.content.pm.LauncherApps: void removeCallbackLocked(android.content.pm.LauncherApps$Callback)>"
					],
					"depth":0,
					"method":"<android.content.pm.LauncherApps: void removeCallbackLocked(android.content.pm.LauncherApps$Callback)>",
					"source":"CALLER"
				},
				{
					"trace":[
						"<android.content.pm.LauncherApps: void unregisterCallback(android.content.pm.LauncherApps$Callback)>",
						"<android.content.pm.LauncherApps: void removeCallbackLocked(android.content.pm.LauncherApps$Callback)>"
					],
					"depth":1,
					"method":"<android.content.pm.LauncherApps: void unregisterCallback(android.content.pm.LauncherApps$Callback)>",
					"source":"CALLER"
				},
				{
					"trace":[
						"<android.content.pm.LauncherApps: void removeCallback(android.content.pm.LauncherApps$Callback)>",
						"<android.content.pm.LauncherApps: void unregisterCallback(android.content.pm.LauncherApps$Callback)>",
						"<android.content.pm.LauncherApps: void removeCallbackLocked(android.content.pm.LauncherApps$Callback)>"
					],
					"depth":2,
					"method":"<android.content.pm.LauncherApps: void removeCallback(android.content.pm.LauncherApps$Callback)>",
					"source":"CALLER"
				},
				{
					"trace":[
						"<android.content.pm.LauncherApps: void registerCallback(android.content.pm.LauncherApps$Callback,android.os.Handler)>",
						"<android.content.pm.LauncherApps: void addCallbackLocked(android.content.pm.LauncherApps$Callback,android.os.Handler)>",
						"<android.content.pm.LauncherApps: void removeCallbackLocked(android.content.pm.LauncherApps$Callback)>"
					],
					"depth":2,
					"method":"<android.content.pm.LauncherApps: void registerCallback(android.content.pm.LauncherApps$Callback,android.os.Handler)>",
					"source":"CALLER"
				},
				{
					"trace":[
						"<android.content.pm.LauncherApps: void registerCallback(android.content.pm.LauncherApps$Callback)>",
						"<android.content.pm.LauncherApps: void registerCallback(android.content.pm.LauncherApps$Callback,android.os.Handler)>",
						"<android.content.pm.LauncherApps: void addCallbackLocked(android.content.pm.LauncherApps$Callback,android.os.Handler)>",
						"<android.content.pm.LauncherApps: void removeCallbackLocked(android.content.pm.LauncherApps$Callback)>"
					],
					"depth":3,
					"method":"<android.content.pm.LauncherApps: void registerCallback(android.content.pm.LauncherApps$Callback)>",
					"source":"CALLER"
				},
				{
					"trace":[
						"<android.content.pm.LauncherApps: void addCallback(android.content.pm.LauncherApps$Callback)>",
						"<android.content.pm.LauncherApps: void registerCallback(android.content.pm.LauncherApps$Callback)>",
						"<android.content.pm.LauncherApps: void registerCallback(android.content.pm.LauncherApps$Callback,android.os.Handler)>",
						"<android.content.pm.LauncherApps: void addCallbackLocked(android.content.pm.LauncherApps$Callback,android.os.Handler)>",
						"<android.content.pm.LauncherApps: void removeCallbackLocked(android.content.pm.LauncherApps$Callback)>"
					],
					"depth":4,
					"method":"<android.content.pm.LauncherApps: void addCallback(android.content.pm.LauncherApps$Callback)>",
					"source":"CALLER"
				}
			],
			"keyAPIDiffClass":[],
			"callerOfSingnlar2SourceVar":{
				"<android.content.pm.LauncherApps: void unregisterCallback(android.content.pm.LauncherApps$Callback)>":"0",
				"<android.content.pm.LauncherApps: void addCallback(android.content.pm.LauncherApps$Callback)>":"0",
				"<android.content.pm.LauncherApps: void registerCallback(android.content.pm.LauncherApps$Callback,android.os.Handler)>":"0",
				"<android.content.pm.LauncherApps: void registerCallback(android.content.pm.LauncherApps$Callback)>":"0",
				"<android.content.pm.LauncherApps: void removeCallback(android.content.pm.LauncherApps$Callback)>":"0",
				"<android.content.pm.LauncherApps: void addCallbackLocked(android.content.pm.LauncherApps$Callback,android.os.Handler)>":"0",
				"<android.content.pm.LauncherApps: void removeCallbackLocked(android.content.pm.LauncherApps$Callback)>":"0"
			}
		}
	]
}