{
	"exceptions":[
		{
			"method":"<android.filterpacks.videosrc.SurfaceTextureTarget: void setupPorts()>",
			"message":"\\QNull SurfaceTexture passed to SurfaceTextureTarget\\E",
			"relatedVarType":"Field",
			"relatedCondType":"Basic",
			"modifier":"public",
			"type":"java.lang.RuntimeException",
			"osVersionRelated":false,
			"resourceRelated":false,
			"assessRelated":false,
			"hardwareRelated":true,
			"manifestRelated":false,
			"conditions":"$r1 != null",
			"fieldValues":"<android.filterpacks.videosrc.SurfaceTextureTarget: android.graphics.SurfaceTexture mSurfaceTexture>",
			"relatedValues":"; <android.filterpacks.videosrc.SurfaceTextureTarget: android.graphics.SurfaceTexture mSurfaceTexture>; ",
			"keyAPISameClassNum":2,
			"keyAPIDiffClassNum":0,
			"keyAPISameClass":[
				{
					"trace":[
						"<android.filterpacks.videosrc.SurfaceTextureTarget: void setupPorts()>"
					],
					"depth":1,
					"method":"<android.filterpacks.videosrc.SurfaceTextureTarget: void open(android.filterfw.core.FilterContext)>",
					"source":"FIELD"
				},
				{
					"trace":[
						"<android.filterpacks.videosrc.SurfaceTextureTarget: void setupPorts()>"
					],
					"depth":1,
					"method":"<android.filterpacks.videosrc.SurfaceTextureTarget: void disconnect(android.filterfw.core.FilterContext)>",
					"source":"FIELD"
				}
			],
			"keyAPIDiffClass":[],
			"callerOfSingnlar2SourceVar":{}
		},
		{
			"method":"<android.filterpacks.videosrc.SurfaceTextureTarget: void updateRenderMode()>",
			"message":"\\QUnknown render mode '\\E[\\s\\S]*\\Q'!\\E",
			"relatedVarType":"Field",
			"relatedCondType":"Basic",
			"modifier":"public",
			"type":"java.lang.RuntimeException",
			"osVersionRelated":false,
			"resourceRelated":false,
			"assessRelated":false,
			"hardwareRelated":true,
			"manifestRelated":false,
			"conditions":"$z4 == 0, $z3 == 0, $z2 == 0",
			"fieldValues":"<android.filterpacks.videosrc.SurfaceTextureTarget: java.lang.String mRenderModeString>",
			"relatedValues":"; <android.filterpacks.videosrc.SurfaceTextureTarget: java.lang.String mRenderModeString>; ",
			"keyAPISameClassNum":3,
			"keyAPIDiffClassNum":0,
			"keyAPISameClass":[
				{
					"trace":[
						"<android.filterpacks.videosrc.SurfaceTextureTarget: void updateRenderMode()>"
					],
					"depth":1,
					"method":"<android.filterpacks.videosrc.SurfaceTextureTarget: void updateRenderMode()>",
					"source":"FIELD"
				},
				{
					"trace":[
						"<android.filterpacks.videosrc.SurfaceTextureTarget: void prepare(android.filterfw.core.FilterContext)>",
						"<android.filterpacks.videosrc.SurfaceTextureTarget: void updateRenderMode()>",
						"key field: <android.filterpacks.videosrc.SurfaceTextureTarget: java.lang.String mRenderModeString>",
						"<android.filterpacks.videosrc.SurfaceTextureTarget: void updateRenderMode()>"
					],
					"depth":2,
					"method":"<android.filterpacks.videosrc.SurfaceTextureTarget: void prepare(android.filterfw.core.FilterContext)>",
					"source":"FIELDCALLER"
				},
				{
					"trace":[
						"<android.filterpacks.videosrc.SurfaceTextureTarget: void fieldPortValueUpdated(java.lang.String,android.filterfw.core.FilterContext)>",
						"<android.filterpacks.videosrc.SurfaceTextureTarget: void updateRenderMode()>",
						"key field: <android.filterpacks.videosrc.SurfaceTextureTarget: java.lang.String mRenderModeString>",
						"<android.filterpacks.videosrc.SurfaceTextureTarget: void updateRenderMode()>"
					],
					"depth":2,
					"method":"<android.filterpacks.videosrc.SurfaceTextureTarget: void fieldPortValueUpdated(java.lang.String,android.filterfw.core.FilterContext)>",
					"source":"FIELDCALLER"
				}
			],
			"keyAPIDiffClass":[],
			"callerOfSingnlar2SourceVar":{}
		},
		{
			"method":"<android.filterpacks.videosrc.SurfaceTextureTarget: void open(android.filterfw.core.FilterContext)>",
			"message":"\\QCould not register SurfaceTexture: \\E[\\s\\S]*",
			"relatedVarType":"Field",
			"relatedCondType":"Basic",
			"modifier":"public",
			"type":"java.lang.RuntimeException",
			"osVersionRelated":false,
			"resourceRelated":false,
			"assessRelated":false,
			"hardwareRelated":true,
			"manifestRelated":false,
			"conditions":"$i3 > 0, $r1 != null",
			"fieldValues":"<android.filterpacks.videosrc.SurfaceTextureTarget: int mSurfaceId>, <android.filterpacks.videosrc.SurfaceTextureTarget: android.graphics.SurfaceTexture mSurfaceTexture>",
			"relatedValues":"; <android.filterpacks.videosrc.SurfaceTextureTarget: int mSurfaceId>, <android.filterpacks.videosrc.SurfaceTextureTarget: android.graphics.SurfaceTexture mSurfaceTexture>; ",
			"keyAPISameClassNum":3,
			"keyAPIDiffClassNum":0,
			"keyAPISameClass":[
				{
					"trace":[
						"<android.filterpacks.videosrc.SurfaceTextureTarget: void open(android.filterfw.core.FilterContext)>"
					],
					"depth":1,
					"method":"<android.filterpacks.videosrc.SurfaceTextureTarget: void open(android.filterfw.core.FilterContext)>",
					"source":"FIELD"
				},
				{
					"trace":[
						"<android.filterpacks.videosrc.SurfaceTextureTarget: void open(android.filterfw.core.FilterContext)>"
					],
					"depth":1,
					"method":"<android.filterpacks.videosrc.SurfaceTextureTarget: void close(android.filterfw.core.FilterContext)>",
					"source":"FIELD"
				},
				{
					"trace":[
						"<android.filterpacks.videosrc.SurfaceTextureTarget: void open(android.filterfw.core.FilterContext)>"
					],
					"depth":1,
					"method":"<android.filterpacks.videosrc.SurfaceTextureTarget: void disconnect(android.filterfw.core.FilterContext)>",
					"source":"FIELD"
				}
			],
			"keyAPIDiffClass":[],
			"callerOfSingnlar2SourceVar":{}
		},
		{
			"method":"<android.filterpacks.videosrc.SurfaceTextureTarget: void open(android.filterfw.core.FilterContext)>",
			"message":"\\QCould not register SurfaceTexture: \\E[\\s\\S]*",
			"relatedVarType":"Field",
			"relatedCondType":"Basic",
			"modifier":"public",
			"type":"java.lang.RuntimeException",
			"osVersionRelated":false,
			"resourceRelated":false,
			"assessRelated":false,
			"hardwareRelated":true,
			"manifestRelated":false,
			"conditions":"$r1 != null",
			"fieldValues":"<android.filterpacks.videosrc.SurfaceTextureTarget: android.graphics.SurfaceTexture mSurfaceTexture>",
			"relatedValues":"; <android.filterpacks.videosrc.SurfaceTextureTarget: android.graphics.SurfaceTexture mSurfaceTexture>; ",
			"keyAPISameClassNum":2,
			"keyAPIDiffClassNum":0,
			"keyAPISameClass":[
				{
					"trace":[
						"<android.filterpacks.videosrc.SurfaceTextureTarget: void open(android.filterfw.core.FilterContext)>"
					],
					"depth":1,
					"method":"<android.filterpacks.videosrc.SurfaceTextureTarget: void open(android.filterfw.core.FilterContext)>",
					"source":"FIELD"
				},
				{
					"trace":[
						"<android.filterpacks.videosrc.SurfaceTextureTarget: void open(android.filterfw.core.FilterContext)>"
					],
					"depth":1,
					"method":"<android.filterpacks.videosrc.SurfaceTextureTarget: void disconnect(android.filterfw.core.FilterContext)>",
					"source":"FIELD"
				}
			],
			"keyAPIDiffClass":[],
			"callerOfSingnlar2SourceVar":{}
		}
	]
}