{
	"exceptions":[
		{
			"method":"<android.hardware.camera2.legacy.RequestThreadManager: void doPreviewCapture(android.hardware.camera2.legacy.RequestHolder)>",
			"message":"\\QPreview capture called with no preview surfaces configured.\\E",
			"relatedVarType":"Field",
			"relatedCondType":"Basic",
			"modifier":"private",
			"type":"java.lang.IllegalStateException",
			"osVersionRelated":false,
			"resourceRelated":false,
			"assessRelated":false,
			"hardwareRelated":true,
			"manifestRelated":false,
			"conditions":"$r1 != null, $z1 == 0, $z0 == 0",
			"fieldValues":"<android.hardware.camera2.legacy.RequestThreadManager: android.graphics.SurfaceTexture mPreviewTexture>, <android.hardware.camera2.legacy.RequestThreadManager: boolean mPreviewRunning>, <android.hardware.camera2.legacy.RequestThreadManager: boolean VERBOSE>",
			"relatedValues":"; <android.hardware.camera2.legacy.RequestThreadManager: android.graphics.SurfaceTexture mPreviewTexture>, <android.hardware.camera2.legacy.RequestThreadManager: boolean mPreviewRunning>, <android.hardware.camera2.legacy.RequestThreadManager: boolean VERBOSE>; ",
			"keyAPISameClassNum":1,
			"keyAPIDiffClassNum":20,
			"keyAPISameClass":[
				{
					"trace":[
						"<android.hardware.camera2.legacy.RequestThreadManager: void doPreviewCapture(android.hardware.camera2.legacy.RequestHolder)>"
					],
					"depth":1,
					"method":"<android.hardware.camera2.legacy.RequestThreadManager: void <init>(int,android.hardware.Camera,android.hardware.camera2.CameraCharacteristics,android.hardware.camera2.legacy.CameraDeviceState)>",
					"source":"FIELD"
				}
			],
			"keyAPIDiffClass":[
				{
					"trace":[
						"<android.hardware.camera2.legacy.LegacyCameraDevice: void <init>(int,android.hardware.Camera,android.hardware.camera2.CameraCharacteristics,android.hardware.camera2.ICameraDeviceCallbacks)>",
						"<android.hardware.camera2.legacy.RequestThreadManager: void <init>(int,android.hardware.Camera,android.hardware.camera2.CameraCharacteristics,android.hardware.camera2.legacy.CameraDeviceState)>",
						"key field: <android.hardware.camera2.legacy.RequestThreadManager: boolean mPreviewRunning>",
						"<android.hardware.camera2.legacy.RequestThreadManager: void doPreviewCapture(android.hardware.camera2.legacy.RequestHolder)>"
					],
					"depth":2,
					"method":"<android.hardware.camera2.legacy.LegacyCameraDevice: void <init>(int,android.hardware.Camera,android.hardware.camera2.CameraCharacteristics,android.hardware.camera2.ICameraDeviceCallbacks)>",
					"source":"FIELDCALLER"
				},
				{
					"trace":[
						"<android.hardware.camera2.legacy.RequestThreadManager$3: void onShutter()>",
						"<android.hardware.camera2.legacy.RequestThreadManager: void <clinit>()>",
						"key field: <android.hardware.camera2.legacy.RequestThreadManager: boolean VERBOSE>",
						"<android.hardware.camera2.legacy.RequestThreadManager: void doPreviewCapture(android.hardware.camera2.legacy.RequestHolder)>"
					],
					"depth":2,
					"method":"<android.hardware.camera2.legacy.RequestThreadManager$3: void onShutter()>",
					"source":"FIELDCALLER"
				},
				{
					"trace":[
						"<android.hardware.Camera$ShutterCallback: void onShutter()>",
						"<android.hardware.camera2.legacy.RequestThreadManager: void <clinit>()>",
						"key field: <android.hardware.camera2.legacy.RequestThreadManager: boolean VERBOSE>",
						"<android.hardware.camera2.legacy.RequestThreadManager: void doPreviewCapture(android.hardware.camera2.legacy.RequestHolder)>"
					],
					"depth":2,
					"method":"<android.hardware.Camera$ShutterCallback: void onShutter()>",
					"source":"FIELDCALLER"
				},
				{
					"trace":[
						"<android.hardware.camera2.legacy.RequestThreadManager$1: void onError(int,android.hardware.Camera)>",
						"<android.hardware.camera2.legacy.RequestThreadManager: void <clinit>()>",
						"key field: <android.hardware.camera2.legacy.RequestThreadManager: boolean VERBOSE>",
						"<android.hardware.camera2.legacy.RequestThreadManager: void doPreviewCapture(android.hardware.camera2.legacy.RequestHolder)>"
					],
					"depth":2,
					"method":"<android.hardware.camera2.legacy.RequestThreadManager$1: void onError(int,android.hardware.Camera)>",
					"source":"FIELDCALLER"
				},
				{
					"trace":[
						"<android.hardware.Camera$ErrorCallback: void onError(int,android.hardware.Camera)>",
						"<android.hardware.camera2.legacy.RequestThreadManager: void <clinit>()>",
						"key field: <android.hardware.camera2.legacy.RequestThreadManager: boolean VERBOSE>",
						"<android.hardware.camera2.legacy.RequestThreadManager: void doPreviewCapture(android.hardware.camera2.legacy.RequestHolder)>"
					],
					"depth":2,
					"method":"<android.hardware.Camera$ErrorCallback: void onError(int,android.hardware.Camera)>",
					"source":"FIELDCALLER"
				},
				{
					"trace":[
						"<android.hardware.camera2.legacy.RequestThreadManager$2: void onPictureTaken(byte[],android.hardware.Camera)>",
						"<android.hardware.camera2.legacy.RequestThreadManager: void <clinit>()>",
						"key field: <android.hardware.camera2.legacy.RequestThreadManager: boolean VERBOSE>",
						"<android.hardware.camera2.legacy.RequestThreadManager: void doPreviewCapture(android.hardware.camera2.legacy.RequestHolder)>"
					],
					"depth":2,
					"method":"<android.hardware.camera2.legacy.RequestThreadManager$2: void onPictureTaken(byte[],android.hardware.Camera)>",
					"source":"FIELDCALLER"
				},
				{
					"trace":[
						"<android.hardware.Camera$PictureCallback: void onPictureTaken(byte[],android.hardware.Camera)>",
						"<android.hardware.camera2.legacy.RequestThreadManager: void <clinit>()>",
						"key field: <android.hardware.camera2.legacy.RequestThreadManager: boolean VERBOSE>",
						"<android.hardware.camera2.legacy.RequestThreadManager: void doPreviewCapture(android.hardware.camera2.legacy.RequestHolder)>"
					],
					"depth":2,
					"method":"<android.hardware.Camera$PictureCallback: void onPictureTaken(byte[],android.hardware.Camera)>",
					"source":"FIELDCALLER"
				},
				{
					"trace":[
						"<android.hardware.camera2.legacy.RequestThreadManager$5: boolean handleMessage(android.os.Message)>",
						"<android.hardware.camera2.legacy.RequestThreadManager: void access$1600(android.hardware.camera2.legacy.RequestThreadManager,android.hardware.camera2.legacy.RequestHolder)>",
						"<android.hardware.camera2.legacy.RequestThreadManager: void doPreviewCapture(android.hardware.camera2.legacy.RequestHolder)>",
						"key field: <android.hardware.camera2.legacy.RequestThreadManager: android.graphics.SurfaceTexture mPreviewTexture>",
						"<android.hardware.camera2.legacy.RequestThreadManager: void doPreviewCapture(android.hardware.camera2.legacy.RequestHolder)>"
					],
					"depth":3,
					"method":"<android.hardware.camera2.legacy.RequestThreadManager$5: boolean handleMessage(android.os.Message)>",
					"source":"FIELDCALLER"
				},
				{
					"trace":[
						"<android.os.Handler$Callback: boolean handleMessage(android.os.Message)>",
						"<android.hardware.camera2.legacy.RequestThreadManager: void access$1600(android.hardware.camera2.legacy.RequestThreadManager,android.hardware.camera2.legacy.RequestHolder)>",
						"<android.hardware.camera2.legacy.RequestThreadManager: void doPreviewCapture(android.hardware.camera2.legacy.RequestHolder)>",
						"key field: <android.hardware.camera2.legacy.RequestThreadManager: android.graphics.SurfaceTexture mPreviewTexture>",
						"<android.hardware.camera2.legacy.RequestThreadManager: void doPreviewCapture(android.hardware.camera2.legacy.RequestHolder)>"
					],
					"depth":3,
					"method":"<android.os.Handler$Callback: boolean handleMessage(android.os.Message)>",
					"source":"FIELDCALLER"
				},
				{
					"trace":[
						"<android.hardware.camera2.legacy.CameraDeviceUserShim: android.hardware.camera2.legacy.CameraDeviceUserShim connectBinderShim(android.hardware.camera2.ICameraDeviceCallbacks,int)>",
						"<android.hardware.camera2.legacy.LegacyCameraDevice: void <init>(int,android.hardware.Camera,android.hardware.camera2.CameraCharacteristics,android.hardware.camera2.ICameraDeviceCallbacks)>",
						"<android.hardware.camera2.legacy.RequestThreadManager: void <init>(int,android.hardware.Camera,android.hardware.camera2.CameraCharacteristics,android.hardware.camera2.legacy.CameraDeviceState)>",
						"key field: <android.hardware.camera2.legacy.RequestThreadManager: boolean mPreviewRunning>",
						"<android.hardware.camera2.legacy.RequestThreadManager: void doPreviewCapture(android.hardware.camera2.legacy.RequestHolder)>"
					],
					"depth":3,
					"method":"<android.hardware.camera2.legacy.CameraDeviceUserShim: android.hardware.camera2.legacy.CameraDeviceUserShim connectBinderShim(android.hardware.camera2.ICameraDeviceCallbacks,int)>",
					"source":"FIELDCALLER"
				},
				{
					"trace":[
						"<android.hardware.Camera$EventHandler: void handleMessage(android.os.Message)>",
						"<android.hardware.camera2.legacy.RequestThreadManager$3: void onShutter()>",
						"<android.hardware.camera2.legacy.RequestThreadManager: void <clinit>()>",
						"key field: <android.hardware.camera2.legacy.RequestThreadManager: boolean VERBOSE>",
						"<android.hardware.camera2.legacy.RequestThreadManager: void doPreviewCapture(android.hardware.camera2.legacy.RequestHolder)>"
					],
					"depth":3,
					"method":"<android.hardware.Camera$EventHandler: void handleMessage(android.os.Message)>",
					"source":"FIELDCALLER"
				},
				{
					"trace":[
						"<android.hardware.camera2.legacy.RequestThreadManager$4: void onFrameAvailable(android.graphics.SurfaceTexture)>",
						"<android.hardware.camera2.legacy.RequestThreadManager: boolean access$500()>",
						"<android.hardware.camera2.legacy.RequestThreadManager: void <clinit>()>",
						"key field: <android.hardware.camera2.legacy.RequestThreadManager: boolean VERBOSE>",
						"<android.hardware.camera2.legacy.RequestThreadManager: void doPreviewCapture(android.hardware.camera2.legacy.RequestHolder)>"
					],
					"depth":3,
					"method":"<android.hardware.camera2.legacy.RequestThreadManager$4: void onFrameAvailable(android.graphics.SurfaceTexture)>",
					"source":"FIELDCALLER"
				},
				{
					"trace":[
						"<android.graphics.SurfaceTexture$OnFrameAvailableListener: void onFrameAvailable(android.graphics.SurfaceTexture)>",
						"<android.hardware.camera2.legacy.RequestThreadManager: boolean access$500()>",
						"<android.hardware.camera2.legacy.RequestThreadManager: void <clinit>()>",
						"key field: <android.hardware.camera2.legacy.RequestThreadManager: boolean VERBOSE>",
						"<android.hardware.camera2.legacy.RequestThreadManager: void doPreviewCapture(android.hardware.camera2.legacy.RequestHolder)>"
					],
					"depth":3,
					"method":"<android.graphics.SurfaceTexture$OnFrameAvailableListener: void onFrameAvailable(android.graphics.SurfaceTexture)>",
					"source":"FIELDCALLER"
				},
				{
					"trace":[
						"<android.hardware.camera2.legacy.RequestHandlerThread: void waitUntilIdle()>",
						"<android.hardware.Camera$EventHandler: void handleMessage(android.os.Message)>",
						"<android.hardware.camera2.legacy.RequestThreadManager$3: void onShutter()>",
						"<android.hardware.camera2.legacy.RequestThreadManager: void <clinit>()>",
						"key field: <android.hardware.camera2.legacy.RequestThreadManager: boolean VERBOSE>",
						"<android.hardware.camera2.legacy.RequestThreadManager: void doPreviewCapture(android.hardware.camera2.legacy.RequestHolder)>"
					],
					"depth":4,
					"method":"<android.hardware.camera2.legacy.RequestHandlerThread: void waitUntilIdle()>",
					"source":"FIELDCALLER"
				},
				{
					"trace":[
						"<android.hardware.camera2.legacy.GLThreadManager: void allowNewFrames()>",
						"<android.hardware.Camera$EventHandler: void handleMessage(android.os.Message)>",
						"<android.hardware.camera2.legacy.RequestThreadManager$3: void onShutter()>",
						"<android.hardware.camera2.legacy.RequestThreadManager: void <clinit>()>",
						"key field: <android.hardware.camera2.legacy.RequestThreadManager: boolean VERBOSE>",
						"<android.hardware.camera2.legacy.RequestThreadManager: void doPreviewCapture(android.hardware.camera2.legacy.RequestHolder)>"
					],
					"depth":4,
					"method":"<android.hardware.camera2.legacy.GLThreadManager: void allowNewFrames()>",
					"source":"FIELDCALLER"
				},
				{
					"trace":[
						"<android.hardware.camera2.legacy.GLThreadManager: void ignoreNewFrames()>",
						"<android.hardware.Camera$EventHandler: void handleMessage(android.os.Message)>",
						"<android.hardware.camera2.legacy.RequestThreadManager$3: void onShutter()>",
						"<android.hardware.camera2.legacy.RequestThreadManager: void <clinit>()>",
						"key field: <android.hardware.camera2.legacy.RequestThreadManager: boolean VERBOSE>",
						"<android.hardware.camera2.legacy.RequestThreadManager: void doPreviewCapture(android.hardware.camera2.legacy.RequestHolder)>"
					],
					"depth":4,
					"method":"<android.hardware.camera2.legacy.GLThreadManager: void ignoreNewFrames()>",
					"source":"FIELDCALLER"
				},
				{
					"trace":[
						"<android.hardware.camera2.legacy.GLThreadManager: void quit()>",
						"<android.hardware.Camera$EventHandler: void handleMessage(android.os.Message)>",
						"<android.hardware.camera2.legacy.RequestThreadManager$3: void onShutter()>",
						"<android.hardware.camera2.legacy.RequestThreadManager: void <clinit>()>",
						"key field: <android.hardware.camera2.legacy.RequestThreadManager: boolean VERBOSE>",
						"<android.hardware.camera2.legacy.RequestThreadManager: void doPreviewCapture(android.hardware.camera2.legacy.RequestHolder)>"
					],
					"depth":4,
					"method":"<android.hardware.camera2.legacy.GLThreadManager: void quit()>",
					"source":"FIELDCALLER"
				},
				{
					"trace":[
						"<android.widget.Filter$RequestHandler: void handleMessage(android.os.Message)>",
						"<android.hardware.Camera$EventHandler: void handleMessage(android.os.Message)>",
						"<android.hardware.camera2.legacy.RequestThreadManager$3: void onShutter()>",
						"<android.hardware.camera2.legacy.RequestThreadManager: void <clinit>()>",
						"key field: <android.hardware.camera2.legacy.RequestThreadManager: boolean VERBOSE>",
						"<android.hardware.camera2.legacy.RequestThreadManager: void doPreviewCapture(android.hardware.camera2.legacy.RequestHolder)>"
					],
					"depth":4,
					"method":"<android.widget.Filter$RequestHandler: void handleMessage(android.os.Message)>",
					"source":"FIELDCALLER"
				},
				{
					"trace":[
						"<android.hardware.camera2.CameraManager: void openCamera(java.lang.String,android.hardware.camera2.CameraDevice$StateCallback,android.os.Handler)>",
						"<android.hardware.camera2.CameraManager: android.hardware.camera2.CameraDevice openCameraDeviceUserAsync(java.lang.String,android.hardware.camera2.CameraDevice$StateCallback,android.os.Handler)>",
						"<android.hardware.camera2.legacy.CameraDeviceUserShim: android.hardware.camera2.legacy.CameraDeviceUserShim connectBinderShim(android.hardware.camera2.ICameraDeviceCallbacks,int)>",
						"<android.hardware.camera2.legacy.LegacyCameraDevice: void <init>(int,android.hardware.Camera,android.hardware.camera2.CameraCharacteristics,android.hardware.camera2.ICameraDeviceCallbacks)>",
						"<android.hardware.camera2.legacy.RequestThreadManager: void <init>(int,android.hardware.Camera,android.hardware.camera2.CameraCharacteristics,android.hardware.camera2.legacy.CameraDeviceState)>",
						"key field: <android.hardware.camera2.legacy.RequestThreadManager: boolean mPreviewRunning>",
						"<android.hardware.camera2.legacy.RequestThreadManager: void doPreviewCapture(android.hardware.camera2.legacy.RequestHolder)>"
					],
					"depth":5,
					"method":"<android.hardware.camera2.CameraManager: void openCamera(java.lang.String,android.hardware.camera2.CameraDevice$StateCallback,android.os.Handler)>",
					"source":"FIELDCALLER"
				},
				{
					"trace":[
						"<android.hardware.camera2.legacy.GLThreadManager: void waitUntilIdle()>",
						"<android.hardware.camera2.legacy.RequestHandlerThread: void waitUntilIdle()>",
						"<android.hardware.Camera$EventHandler: void handleMessage(android.os.Message)>",
						"<android.hardware.camera2.legacy.RequestThreadManager$3: void onShutter()>",
						"<android.hardware.camera2.legacy.RequestThreadManager: void <clinit>()>",
						"key field: <android.hardware.camera2.legacy.RequestThreadManager: boolean VERBOSE>",
						"<android.hardware.camera2.legacy.RequestThreadManager: void doPreviewCapture(android.hardware.camera2.legacy.RequestHolder)>"
					],
					"depth":5,
					"method":"<android.hardware.camera2.legacy.GLThreadManager: void waitUntilIdle()>",
					"source":"FIELDCALLER"
				}
			],
			"callerOfSingnlar2SourceVar":{}
		},
		{
			"method":"<android.hardware.camera2.legacy.RequestThreadManager: android.util.Size calculatePictureSize(java.util.Collection,android.hardware.Camera$Parameters)>",
			"message":"\\QCould not find any supported JPEG sizes large enough to fit \\E[\\s\\S]*",
			"relatedVarType":"Parameter",
			"relatedCondType":"Basic",
			"modifier":"private",
			"type":"java.lang.AssertionError",
			"osVersionRelated":false,
			"resourceRelated":false,
			"assessRelated":false,
			"hardwareRelated":true,
			"manifestRelated":false,
			"conditions":"$z3 == 0, $z2 == 0, $z1 == 0",
			"paramValues":"@parameter1: android.hardware.Camera$Parameters, @parameter0: java.util.Collection",
			"relatedValues":"@parameter1: android.hardware.Camera$Parameters, @parameter0: java.util.Collection; ; ",
			"keyAPISameClassNum":0,
			"keyAPIDiffClassNum":0,
			"keyAPISameClass":[
				{
					"trace":[
						"<android.hardware.camera2.legacy.RequestThreadManager: android.util.Size calculatePictureSize(java.util.Collection,android.hardware.Camera$Parameters)>"
					],
					"depth":0,
					"method":"<android.hardware.camera2.legacy.RequestThreadManager: android.util.Size calculatePictureSize(java.util.Collection,android.hardware.Camera$Parameters)>",
					"source":"CALLER"
				}
			],
			"keyAPIDiffClass":[],
			"callerOfSingnlar2SourceVar":{
				"<android.hardware.camera2.legacy.RequestThreadManager: android.util.Size calculatePictureSize(java.util.Collection,android.hardware.Camera$Parameters)>":"1, 0"
			}
		}
	]
}