{
	"exceptions":[
		{
			"method":"<android.filterfw.io.TextGraphReader: void parseString(java.lang.String)>",
			"message":"\\QUnknown command '\\E[\\s\\S]*\\Q'!\\E",
			"relatedVarType":"Parameter",
			"relatedCondType":"Basic",
			"modifier":"private",
			"type":"android.filterfw.io.GraphIOException",
			"osVersionRelated":false,
			"resourceRelated":false,
			"assessRelated":false,
			"hardwareRelated":false,
			"manifestRelated":false,
			"conditions":"$z7 == 0, $z6 == 0, $z5 == 0",
			"paramValues":"@parameter0: java.lang.String",
			"relatedValues":"@parameter0: java.lang.String; ; ",
			"keyAPISameClassNum":0,
			"keyAPIDiffClassNum":0,
			"keyAPISameClass":[
				{
					"trace":[
						"<android.filterfw.io.TextGraphReader: void parseString(java.lang.String)>"
					],
					"depth":0,
					"method":"<android.filterfw.io.TextGraphReader: void parseString(java.lang.String)>",
					"source":"CALLER"
				},
				{
					"trace":[
						"<android.filterfw.io.TextGraphReader: android.filterfw.core.FilterGraph readGraphString(java.lang.String)>",
						"<android.filterfw.io.TextGraphReader: void parseString(java.lang.String)>"
					],
					"depth":1,
					"method":"<android.filterfw.io.TextGraphReader: android.filterfw.core.FilterGraph readGraphString(java.lang.String)>",
					"source":"CALLER"
				},
				{
					"trace":[
						"<android.filterfw.io.GraphReader: android.filterfw.core.FilterGraph readGraphString(java.lang.String)>",
						"<android.filterfw.io.TextGraphReader: void parseString(java.lang.String)>"
					],
					"depth":1,
					"method":"<android.filterfw.io.GraphReader: android.filterfw.core.FilterGraph readGraphString(java.lang.String)>",
					"source":"CALLER"
				}
			],
			"keyAPIDiffClass":[],
			"callerOfSingnlar2SourceVar":{
				"<android.filterfw.io.TextGraphReader: android.filterfw.core.FilterGraph readGraphString(java.lang.String)>":"0",
				"<android.filterfw.io.TextGraphReader: void parseString(java.lang.String)>":"0"
			}
		},
		{
			"method":"<android.filterfw.io.TextGraphReader: void parseString(java.lang.String)>",
			"message":"\\QUnexpected end of input!\\E",
			"relatedVarType":"Parameter",
			"relatedCondType":"Basic",
			"modifier":"private",
			"type":"android.filterfw.io.GraphIOException",
			"osVersionRelated":false,
			"resourceRelated":false,
			"assessRelated":false,
			"hardwareRelated":false,
			"manifestRelated":false,
			"conditions":"b4 == 0, $z1 == 0, b4",
			"paramValues":"@parameter0: java.lang.String",
			"relatedValues":"@parameter0: java.lang.String; ; ",
			"keyAPISameClassNum":0,
			"keyAPIDiffClassNum":0,
			"keyAPISameClass":[
				{
					"trace":[
						"<android.filterfw.io.TextGraphReader: void parseString(java.lang.String)>"
					],
					"depth":0,
					"method":"<android.filterfw.io.TextGraphReader: void parseString(java.lang.String)>",
					"source":"CALLER"
				},
				{
					"trace":[
						"<android.filterfw.io.TextGraphReader: android.filterfw.core.FilterGraph readGraphString(java.lang.String)>",
						"<android.filterfw.io.TextGraphReader: void parseString(java.lang.String)>"
					],
					"depth":1,
					"method":"<android.filterfw.io.TextGraphReader: android.filterfw.core.FilterGraph readGraphString(java.lang.String)>",
					"source":"CALLER"
				},
				{
					"trace":[
						"<android.filterfw.io.GraphReader: android.filterfw.core.FilterGraph readGraphString(java.lang.String)>",
						"<android.filterfw.io.TextGraphReader: void parseString(java.lang.String)>"
					],
					"depth":1,
					"method":"<android.filterfw.io.GraphReader: android.filterfw.core.FilterGraph readGraphString(java.lang.String)>",
					"source":"CALLER"
				}
			],
			"keyAPIDiffClass":[],
			"callerOfSingnlar2SourceVar":{
				"<android.filterfw.io.TextGraphReader: android.filterfw.core.FilterGraph readGraphString(java.lang.String)>":"0",
				"<android.filterfw.io.TextGraphReader: void parseString(java.lang.String)>":"0"
			}
		},
		{
			"method":"<android.filterfw.io.TextGraphReader: android.filterfw.core.KeyValueMap readKeyValueAssignments(android.filterfw.io.PatternScanner,java.util.regex.Pattern)>",
			"message":"\\QUnknown object reference to '\\E[\\s\\S]*\\Q'!\\E",
			"relatedVarType":"ParaAndField",
			"relatedCondType":"Basic",
			"modifier":"private",
			"type":"android.filterfw.io.GraphIOException",
			"osVersionRelated":false,
			"resourceRelated":false,
			"assessRelated":false,
			"hardwareRelated":false,
			"manifestRelated":false,
			"conditions":"$r43 != null, $r30 == null, $r19 == null",
			"paramValues":"@parameter0: android.filterfw.io.PatternScanner",
			"fieldValues":"<android.filterfw.io.TextGraphReader: android.filterfw.core.KeyValueMap mBoundReferences>",
			"relatedValues":"@parameter0: android.filterfw.io.PatternScanner; <android.filterfw.io.TextGraphReader: android.filterfw.core.KeyValueMap mBoundReferences>; ",
			"keyAPISameClassNum":4,
			"keyAPIDiffClassNum":1,
			"keyAPISameClass":[
				{
					"trace":[
						"<android.filterfw.io.TextGraphReader: android.filterfw.core.FilterGraph readGraphString(java.lang.String)>",
						"<android.filterfw.io.TextGraphReader: void reset()>",
						"key field: <android.filterfw.io.TextGraphReader: android.filterfw.core.KeyValueMap mBoundReferences>",
						"<android.filterfw.io.TextGraphReader: android.filterfw.core.KeyValueMap readKeyValueAssignments(android.filterfw.io.PatternScanner,java.util.regex.Pattern)>"
					],
					"depth":2,
					"method":"<android.filterfw.io.TextGraphReader: android.filterfw.core.FilterGraph readGraphString(java.lang.String)>",
					"source":"FIELDCALLER"
				},
				{
					"trace":[
						"<android.filterfw.io.GraphReader: android.filterfw.core.FilterGraph readGraphString(java.lang.String)>",
						"<android.filterfw.io.TextGraphReader: void reset()>",
						"key field: <android.filterfw.io.TextGraphReader: android.filterfw.core.KeyValueMap mBoundReferences>",
						"<android.filterfw.io.TextGraphReader: android.filterfw.core.KeyValueMap readKeyValueAssignments(android.filterfw.io.PatternScanner,java.util.regex.Pattern)>"
					],
					"depth":2,
					"method":"<android.filterfw.io.GraphReader: android.filterfw.core.FilterGraph readGraphString(java.lang.String)>",
					"source":"FIELDCALLER"
				},
				{
					"trace":[
						"<android.filterfw.io.TextGraphReader: android.filterfw.core.KeyValueMap readKeyValueAssignments(java.lang.String)>",
						"<android.filterfw.io.TextGraphReader: android.filterfw.core.KeyValueMap readKeyValueAssignments(android.filterfw.io.PatternScanner,java.util.regex.Pattern)>",
						"key field: <android.filterfw.io.TextGraphReader: android.filterfw.core.KeyValueMap mBoundReferences>",
						"<android.filterfw.io.TextGraphReader: android.filterfw.core.KeyValueMap readKeyValueAssignments(android.filterfw.io.PatternScanner,java.util.regex.Pattern)>"
					],
					"depth":2,
					"method":"<android.filterfw.io.TextGraphReader: android.filterfw.core.KeyValueMap readKeyValueAssignments(java.lang.String)>",
					"source":"FIELDCALLER"
				},
				{
					"trace":[
						"<android.filterfw.io.GraphReader: android.filterfw.core.KeyValueMap readKeyValueAssignments(java.lang.String)>",
						"<android.filterfw.io.TextGraphReader: android.filterfw.core.KeyValueMap readKeyValueAssignments(android.filterfw.io.PatternScanner,java.util.regex.Pattern)>",
						"key field: <android.filterfw.io.TextGraphReader: android.filterfw.core.KeyValueMap mBoundReferences>",
						"<android.filterfw.io.TextGraphReader: android.filterfw.core.KeyValueMap readKeyValueAssignments(android.filterfw.io.PatternScanner,java.util.regex.Pattern)>"
					],
					"depth":2,
					"method":"<android.filterfw.io.GraphReader: android.filterfw.core.KeyValueMap readKeyValueAssignments(java.lang.String)>",
					"source":"FIELDCALLER"
				}
			],
			"keyAPIDiffClass":[
				{
					"trace":[
						"<android.filterfw.core.Filter: void initWithAssignmentString(java.lang.String)>",
						"<android.filterfw.io.TextGraphReader: android.filterfw.core.KeyValueMap readKeyValueAssignments(java.lang.String)>",
						"<android.filterfw.io.TextGraphReader: android.filterfw.core.KeyValueMap readKeyValueAssignments(android.filterfw.io.PatternScanner,java.util.regex.Pattern)>",
						"key field: <android.filterfw.io.TextGraphReader: android.filterfw.core.KeyValueMap mBoundReferences>",
						"<android.filterfw.io.TextGraphReader: android.filterfw.core.KeyValueMap readKeyValueAssignments(android.filterfw.io.PatternScanner,java.util.regex.Pattern)>"
					],
					"depth":3,
					"method":"<android.filterfw.core.Filter: void initWithAssignmentString(java.lang.String)>",
					"source":"FIELDCALLER"
				}
			],
			"callerOfSingnlar2SourceVar":{
				"<android.filterfw.io.TextGraphReader: android.filterfw.core.KeyValueMap readKeyValueAssignments(android.filterfw.io.PatternScanner,java.util.regex.Pattern)>":"0"
			}
		},
		{
			"method":"<android.filterfw.io.TextGraphReader: android.filterfw.core.KeyValueMap readKeyValueAssignments(android.filterfw.io.PatternScanner,java.util.regex.Pattern)>",
			"message":"\\QUnexpected end of assignments on line \\E[\\s\\S]*\\Q!\\E",
			"relatedVarType":"Unknown",
			"relatedCondType":"Basic",
			"modifier":"private",
			"type":"android.filterfw.io.GraphIOException",
			"osVersionRelated":false,
			"resourceRelated":false,
			"assessRelated":false,
			"hardwareRelated":false,
			"manifestRelated":false,
			"conditions":"b5 == 3, b5",
			"keyAPISameClassNum":0,
			"keyAPIDiffClassNum":0,
			"keyAPISameClass":[],
			"keyAPIDiffClass":[],
			"callerOfSingnlar2SourceVar":{}
		},
		{
			"method":"<android.filterfw.io.TextGraphReader: android.filterfw.core.KeyValueMap readKeyValueAssignments(android.filterfw.io.PatternScanner,java.util.regex.Pattern)>",
			"message":"",
			"relatedVarType":"Parameter",
			"relatedCondType":"Basic",
			"modifier":"private",
			"type":"android.filterfw.io.GraphIOException",
			"osVersionRelated":false,
			"resourceRelated":false,
			"assessRelated":false,
			"hardwareRelated":false,
			"manifestRelated":false,
			"conditions":"$r22 == null, $r21 == null, $r20 == null",
			"paramValues":"@parameter0: android.filterfw.io.PatternScanner",
			"relatedValues":"@parameter0: android.filterfw.io.PatternScanner; ; ",
			"keyAPISameClassNum":0,
			"keyAPIDiffClassNum":0,
			"keyAPISameClass":[
				{
					"trace":[
						"<android.filterfw.io.TextGraphReader: android.filterfw.core.KeyValueMap readKeyValueAssignments(android.filterfw.io.PatternScanner,java.util.regex.Pattern)>"
					],
					"depth":0,
					"method":"<android.filterfw.io.TextGraphReader: android.filterfw.core.KeyValueMap readKeyValueAssignments(android.filterfw.io.PatternScanner,java.util.regex.Pattern)>",
					"source":"CALLER"
				},
				{
					"trace":[
						"<android.filterfw.io.TextGraphReader: android.filterfw.core.KeyValueMap readKeyValueAssignments(java.lang.String)>",
						"<android.filterfw.io.TextGraphReader: android.filterfw.core.KeyValueMap readKeyValueAssignments(android.filterfw.io.PatternScanner,java.util.regex.Pattern)>"
					],
					"depth":1,
					"method":"<android.filterfw.io.TextGraphReader: android.filterfw.core.KeyValueMap readKeyValueAssignments(java.lang.String)>",
					"source":"CALLER"
				},
				{
					"trace":[
						"<android.filterfw.io.GraphReader: android.filterfw.core.KeyValueMap readKeyValueAssignments(java.lang.String)>",
						"<android.filterfw.io.TextGraphReader: android.filterfw.core.KeyValueMap readKeyValueAssignments(android.filterfw.io.PatternScanner,java.util.regex.Pattern)>"
					],
					"depth":1,
					"method":"<android.filterfw.io.GraphReader: android.filterfw.core.KeyValueMap readKeyValueAssignments(java.lang.String)>",
					"source":"CALLER"
				},
				{
					"trace":[
						"<android.filterfw.io.TextGraphReader: android.filterfw.core.FilterGraph readGraphString(java.lang.String)>",
						"<android.filterfw.io.TextGraphReader: void parseString(java.lang.String)>",
						"<android.filterfw.io.TextGraphReader: android.filterfw.core.KeyValueMap readKeyValueAssignments(android.filterfw.io.PatternScanner,java.util.regex.Pattern)>"
					],
					"depth":2,
					"method":"<android.filterfw.io.TextGraphReader: android.filterfw.core.FilterGraph readGraphString(java.lang.String)>",
					"source":"CALLER"
				},
				{
					"trace":[
						"<android.filterfw.io.GraphReader: android.filterfw.core.FilterGraph readGraphString(java.lang.String)>",
						"<android.filterfw.io.TextGraphReader: void parseString(java.lang.String)>",
						"<android.filterfw.io.TextGraphReader: android.filterfw.core.KeyValueMap readKeyValueAssignments(android.filterfw.io.PatternScanner,java.util.regex.Pattern)>"
					],
					"depth":2,
					"method":"<android.filterfw.io.GraphReader: android.filterfw.core.FilterGraph readGraphString(java.lang.String)>",
					"source":"CALLER"
				}
			],
			"keyAPIDiffClass":[
				{
					"trace":[
						"<android.filterfw.core.Filter: void initWithAssignmentString(java.lang.String)>",
						"<android.filterfw.io.TextGraphReader: android.filterfw.core.KeyValueMap readKeyValueAssignments(java.lang.String)>",
						"<android.filterfw.io.TextGraphReader: android.filterfw.core.KeyValueMap readKeyValueAssignments(android.filterfw.io.PatternScanner,java.util.regex.Pattern)>"
					],
					"depth":2,
					"method":"<android.filterfw.core.Filter: void initWithAssignmentString(java.lang.String)>",
					"source":"CALLER"
				}
			],
			"callerOfSingnlar2SourceVar":{
				"<android.filterfw.io.TextGraphReader: android.filterfw.core.KeyValueMap readKeyValueAssignments(android.filterfw.io.PatternScanner,java.util.regex.Pattern)>":"0"
			}
		},
		{
			"method":"<android.filterfw.io.TextGraphReader: void bindExternal(java.lang.String)>",
			"message":"\\QUnknown external variable '\\E[\\s\\S]*\\Q'! You must add a reference to this external in the host program using addReference(...)!\\E",
			"relatedVarType":"ParaAndField",
			"relatedCondType":"Basic",
			"modifier":"private",
			"type":"android.filterfw.io.GraphIOException",
			"osVersionRelated":false,
			"resourceRelated":false,
			"assessRelated":false,
			"hardwareRelated":false,
			"manifestRelated":false,
			"conditions":"$z0 == 0",
			"paramValues":"@parameter0: java.lang.String",
			"fieldValues":"<android.filterfw.io.GraphReader: android.filterfw.core.KeyValueMap mReferences>",
			"relatedValues":"@parameter0: java.lang.String; <android.filterfw.io.GraphReader: android.filterfw.core.KeyValueMap mReferences>; ",
			"keyAPISameClassNum":2,
			"keyAPIDiffClassNum":0,
			"keyAPISameClass":[
				{
					"trace":[
						"<android.filterfw.io.TextGraphReader: android.filterfw.core.FilterGraph readGraphString(java.lang.String)>",
						"<android.filterfw.io.TextGraphReader: void parseString(java.lang.String)>",
						"<android.filterfw.io.TextGraphReader: void bindExternal(java.lang.String)>",
						"key field: <android.filterfw.io.GraphReader: android.filterfw.core.KeyValueMap mReferences>",
						"<android.filterfw.io.TextGraphReader: void bindExternal(java.lang.String)>"
					],
					"depth":3,
					"method":"<android.filterfw.io.TextGraphReader: android.filterfw.core.FilterGraph readGraphString(java.lang.String)>",
					"source":"FIELDCALLER"
				},
				{
					"trace":[
						"<android.filterfw.io.GraphReader: android.filterfw.core.FilterGraph readGraphString(java.lang.String)>",
						"<android.filterfw.io.TextGraphReader: void parseString(java.lang.String)>",
						"<android.filterfw.io.TextGraphReader: void bindExternal(java.lang.String)>",
						"key field: <android.filterfw.io.GraphReader: android.filterfw.core.KeyValueMap mReferences>",
						"<android.filterfw.io.TextGraphReader: void bindExternal(java.lang.String)>"
					],
					"depth":3,
					"method":"<android.filterfw.io.GraphReader: android.filterfw.core.FilterGraph readGraphString(java.lang.String)>",
					"source":"FIELDCALLER"
				}
			],
			"keyAPIDiffClass":[],
			"callerOfSingnlar2SourceVar":{
				"<android.filterfw.io.TextGraphReader: void bindExternal(java.lang.String)>":"0"
			}
		},
		{
			"method":"<android.filterfw.io.TextGraphReader: void checkReferences()>",
			"message":"\\QHost program specifies reference to '\\E[\\s\\S]*\\Q', which is not declared @external in graph file!\\E",
			"relatedVarType":"Field",
			"relatedCondType":"Basic",
			"modifier":"private",
			"type":"android.filterfw.io.GraphIOException",
			"osVersionRelated":false,
			"resourceRelated":false,
			"assessRelated":false,
			"hardwareRelated":false,
			"manifestRelated":false,
			"conditions":"$z1 != 0, $z0 == 0",
			"fieldValues":"<android.filterfw.io.GraphReader: android.filterfw.core.KeyValueMap mReferences>",
			"relatedValues":"; <android.filterfw.io.GraphReader: android.filterfw.core.KeyValueMap mReferences>; ",
			"keyAPISameClassNum":2,
			"keyAPIDiffClassNum":0,
			"keyAPISameClass":[
				{
					"trace":[
						"<android.filterfw.io.TextGraphReader: android.filterfw.core.FilterGraph readGraphString(java.lang.String)>",
						"<android.filterfw.io.TextGraphReader: void parseString(java.lang.String)>",
						"<android.filterfw.io.TextGraphReader: void bindExternal(java.lang.String)>",
						"key field: <android.filterfw.io.GraphReader: android.filterfw.core.KeyValueMap mReferences>",
						"<android.filterfw.io.TextGraphReader: void checkReferences()>"
					],
					"depth":3,
					"method":"<android.filterfw.io.TextGraphReader: android.filterfw.core.FilterGraph readGraphString(java.lang.String)>",
					"source":"FIELDCALLER"
				},
				{
					"trace":[
						"<android.filterfw.io.GraphReader: android.filterfw.core.FilterGraph readGraphString(java.lang.String)>",
						"<android.filterfw.io.TextGraphReader: void parseString(java.lang.String)>",
						"<android.filterfw.io.TextGraphReader: void bindExternal(java.lang.String)>",
						"key field: <android.filterfw.io.GraphReader: android.filterfw.core.KeyValueMap mReferences>",
						"<android.filterfw.io.TextGraphReader: void checkReferences()>"
					],
					"depth":3,
					"method":"<android.filterfw.io.GraphReader: android.filterfw.core.FilterGraph readGraphString(java.lang.String)>",
					"source":"FIELDCALLER"
				}
			],
			"keyAPIDiffClass":[],
			"callerOfSingnlar2SourceVar":{}
		},
		{
			"method":"<android.filterfw.io.TextGraphReader: void applySettings()>",
			"message":"\\QUnknown autobranch setting: \\E[\\s\\S]*\\Q!\\E",
			"relatedVarType":"Field",
			"relatedCondType":"Basic",
			"modifier":"private",
			"type":"android.filterfw.io.GraphIOException",
			"osVersionRelated":false,
			"resourceRelated":false,
			"assessRelated":false,
			"hardwareRelated":false,
			"manifestRelated":false,
			"conditions":"$z6 == 0, $z5 == 0, $z4 == 0",
			"fieldValues":"<android.filterfw.io.TextGraphReader: android.filterfw.core.KeyValueMap mSettings>",
			"relatedValues":"; <android.filterfw.io.TextGraphReader: android.filterfw.core.KeyValueMap mSettings>; ",
			"keyAPISameClassNum":2,
			"keyAPIDiffClassNum":0,
			"keyAPISameClass":[
				{
					"trace":[
						"<android.filterfw.io.TextGraphReader: android.filterfw.core.FilterGraph readGraphString(java.lang.String)>",
						"<android.filterfw.io.TextGraphReader: void reset()>",
						"key field: <android.filterfw.io.TextGraphReader: android.filterfw.core.KeyValueMap mSettings>",
						"<android.filterfw.io.TextGraphReader: void applySettings()>"
					],
					"depth":2,
					"method":"<android.filterfw.io.TextGraphReader: android.filterfw.core.FilterGraph readGraphString(java.lang.String)>",
					"source":"FIELDCALLER"
				},
				{
					"trace":[
						"<android.filterfw.io.GraphReader: android.filterfw.core.FilterGraph readGraphString(java.lang.String)>",
						"<android.filterfw.io.TextGraphReader: void reset()>",
						"key field: <android.filterfw.io.TextGraphReader: android.filterfw.core.KeyValueMap mSettings>",
						"<android.filterfw.io.TextGraphReader: void applySettings()>"
					],
					"depth":2,
					"method":"<android.filterfw.io.GraphReader: android.filterfw.core.FilterGraph readGraphString(java.lang.String)>",
					"source":"FIELDCALLER"
				}
			],
			"keyAPIDiffClass":[],
			"callerOfSingnlar2SourceVar":{}
		},
		{
			"method":"<android.filterfw.io.TextGraphReader: void applySettings()>",
			"message":"\\QUnknown @setting '\\E[\\s\\S]*\\Q'!\\E",
			"relatedVarType":"Field",
			"relatedCondType":"Basic",
			"modifier":"private",
			"type":"android.filterfw.io.GraphIOException",
			"osVersionRelated":false,
			"resourceRelated":false,
			"assessRelated":false,
			"hardwareRelated":false,
			"manifestRelated":false,
			"conditions":"$z2 == 0, $z1 == 0, $z0 == 0",
			"fieldValues":"<android.filterfw.io.TextGraphReader: android.filterfw.core.KeyValueMap mSettings>",
			"relatedValues":"; <android.filterfw.io.TextGraphReader: android.filterfw.core.KeyValueMap mSettings>; ",
			"keyAPISameClassNum":2,
			"keyAPIDiffClassNum":0,
			"keyAPISameClass":[
				{
					"trace":[
						"<android.filterfw.io.TextGraphReader: android.filterfw.core.FilterGraph readGraphString(java.lang.String)>",
						"<android.filterfw.io.TextGraphReader: void reset()>",
						"key field: <android.filterfw.io.TextGraphReader: android.filterfw.core.KeyValueMap mSettings>",
						"<android.filterfw.io.TextGraphReader: void applySettings()>"
					],
					"depth":2,
					"method":"<android.filterfw.io.TextGraphReader: android.filterfw.core.FilterGraph readGraphString(java.lang.String)>",
					"source":"FIELDCALLER"
				},
				{
					"trace":[
						"<android.filterfw.io.GraphReader: android.filterfw.core.FilterGraph readGraphString(java.lang.String)>",
						"<android.filterfw.io.TextGraphReader: void reset()>",
						"key field: <android.filterfw.io.TextGraphReader: android.filterfw.core.KeyValueMap mSettings>",
						"<android.filterfw.io.TextGraphReader: void applySettings()>"
					],
					"depth":2,
					"method":"<android.filterfw.io.GraphReader: android.filterfw.core.FilterGraph readGraphString(java.lang.String)>",
					"source":"FIELDCALLER"
				}
			],
			"keyAPIDiffClass":[],
			"callerOfSingnlar2SourceVar":{}
		},
		{
			"method":"<android.filterfw.io.TextGraphReader: void expectSettingClass(java.lang.String,java.lang.Object,java.lang.Class)>",
			"message":"\\QSetting '\\E[\\s\\S]*\\Q' must have a value of type \\E[\\s\\S]*\\Q, but found a value of type \\E[\\s\\S]*\\Q!\\E",
			"relatedVarType":"Parameter",
			"relatedCondType":"Basic",
			"modifier":"private",
			"type":"android.filterfw.io.GraphIOException",
			"osVersionRelated":false,
			"resourceRelated":false,
			"assessRelated":false,
			"hardwareRelated":false,
			"manifestRelated":false,
			"conditions":"$r1 == r2",
			"paramValues":"@parameter1: java.lang.Object, @parameter2: java.lang.Class",
			"relatedValues":"@parameter1: java.lang.Object, @parameter2: java.lang.Class; ; ",
			"keyAPISameClassNum":0,
			"keyAPIDiffClassNum":0,
			"keyAPISameClass":[
				{
					"trace":[
						"<android.filterfw.io.TextGraphReader: void expectSettingClass(java.lang.String,java.lang.Object,java.lang.Class)>"
					],
					"depth":0,
					"method":"<android.filterfw.io.TextGraphReader: void expectSettingClass(java.lang.String,java.lang.Object,java.lang.Class)>",
					"source":"CALLER"
				}
			],
			"keyAPIDiffClass":[],
			"callerOfSingnlar2SourceVar":{
				"<android.filterfw.io.TextGraphReader: void expectSettingClass(java.lang.String,java.lang.Object,java.lang.Class)>":"1, 2"
			}
		}
	]
}