{
	"exceptions":[
		{
			"method":"<android.media.audiofx.EnvironmentalReverb$Settings: void <init>(java.lang.String)>",
			"message":"\\Qinvalid key name: \\E[\\s\\S]*",
			"relatedVarType":"Parameter",
			"relatedCondType":"Basic",
			"modifier":"public",
			"type":"java.lang.IllegalArgumentException",
			"osVersionRelated":false,
			"resourceRelated":false,
			"assessRelated":false,
			"hardwareRelated":false,
			"manifestRelated":false,
			"conditions":"$z9 != 0, $z8 != 0, $z7 != 0",
			"paramValues":"@parameter0: java.lang.String",
			"relatedValues":"@parameter0: java.lang.String; ; ",
			"keyAPISameClassNum":0,
			"keyAPIDiffClassNum":0,
			"keyAPISameClass":[
				{
					"trace":[
						"<android.media.audiofx.EnvironmentalReverb$Settings: void <init>(java.lang.String)>"
					],
					"depth":0,
					"method":"<android.media.audiofx.EnvironmentalReverb$Settings: void <init>(java.lang.String)>",
					"source":"CALLER"
				}
			],
			"keyAPIDiffClass":[],
			"callerOfSingnlar2SourceVar":{
				"<android.media.audiofx.EnvironmentalReverb$Settings: void <init>(java.lang.String)>":"0"
			}
		},
		{
			"method":"<android.media.audiofx.EnvironmentalReverb$Settings: void <init>(java.lang.String)>",
			"message":"\\Qinvalid key name: \\E[\\s\\S]*",
			"relatedVarType":"Parameter",
			"relatedCondType":"Basic",
			"modifier":"public",
			"type":"java.lang.IllegalArgumentException",
			"osVersionRelated":false,
			"resourceRelated":false,
			"assessRelated":false,
			"hardwareRelated":false,
			"manifestRelated":false,
			"conditions":"$z7 != 0, $z6 != 0, $z5 != 0",
			"paramValues":"@parameter0: java.lang.String",
			"relatedValues":"@parameter0: java.lang.String; ; ",
			"keyAPISameClassNum":0,
			"keyAPIDiffClassNum":0,
			"keyAPISameClass":[
				{
					"trace":[
						"<android.media.audiofx.EnvironmentalReverb$Settings: void <init>(java.lang.String)>"
					],
					"depth":0,
					"method":"<android.media.audiofx.EnvironmentalReverb$Settings: void <init>(java.lang.String)>",
					"source":"CALLER"
				}
			],
			"keyAPIDiffClass":[],
			"callerOfSingnlar2SourceVar":{
				"<android.media.audiofx.EnvironmentalReverb$Settings: void <init>(java.lang.String)>":"0"
			}
		},
		{
			"method":"<android.media.audiofx.EnvironmentalReverb$Settings: void <init>(java.lang.String)>",
			"message":"\\Qinvalid key name: \\E[\\s\\S]*",
			"relatedVarType":"Parameter",
			"relatedCondType":"Basic",
			"modifier":"public",
			"type":"java.lang.IllegalArgumentException",
			"osVersionRelated":false,
			"resourceRelated":false,
			"assessRelated":false,
			"hardwareRelated":false,
			"manifestRelated":false,
			"conditions":"$z6 != 0, $z5 != 0, $z4 != 0",
			"paramValues":"@parameter0: java.lang.String",
			"relatedValues":"@parameter0: java.lang.String; ; ",
			"keyAPISameClassNum":0,
			"keyAPIDiffClassNum":0,
			"keyAPISameClass":[
				{
					"trace":[
						"<android.media.audiofx.EnvironmentalReverb$Settings: void <init>(java.lang.String)>"
					],
					"depth":0,
					"method":"<android.media.audiofx.EnvironmentalReverb$Settings: void <init>(java.lang.String)>",
					"source":"CALLER"
				}
			],
			"keyAPIDiffClass":[],
			"callerOfSingnlar2SourceVar":{
				"<android.media.audiofx.EnvironmentalReverb$Settings: void <init>(java.lang.String)>":"0"
			}
		},
		{
			"method":"<android.media.audiofx.EnvironmentalReverb$Settings: void <init>(java.lang.String)>",
			"message":"\\Qinvalid key name: \\E[\\s\\S]*",
			"relatedVarType":"Parameter",
			"relatedCondType":"Basic",
			"modifier":"public",
			"type":"java.lang.IllegalArgumentException",
			"osVersionRelated":false,
			"resourceRelated":false,
			"assessRelated":false,
			"hardwareRelated":false,
			"manifestRelated":false,
			"conditions":"$z8 != 0, $z7 != 0, $z6 != 0",
			"paramValues":"@parameter0: java.lang.String",
			"relatedValues":"@parameter0: java.lang.String; ; ",
			"keyAPISameClassNum":0,
			"keyAPIDiffClassNum":0,
			"keyAPISameClass":[
				{
					"trace":[
						"<android.media.audiofx.EnvironmentalReverb$Settings: void <init>(java.lang.String)>"
					],
					"depth":0,
					"method":"<android.media.audiofx.EnvironmentalReverb$Settings: void <init>(java.lang.String)>",
					"source":"CALLER"
				}
			],
			"keyAPIDiffClass":[],
			"callerOfSingnlar2SourceVar":{
				"<android.media.audiofx.EnvironmentalReverb$Settings: void <init>(java.lang.String)>":"0"
			}
		},
		{
			"method":"<android.media.audiofx.EnvironmentalReverb$Settings: void <init>(java.lang.String)>",
			"message":"\\Qinvalid value for key: \\E[\\s\\S]*",
			"relatedVarType":"Parameter",
			"relatedCondType":"Basic",
			"modifier":"public",
			"type":"java.lang.IllegalArgumentException",
			"osVersionRelated":false,
			"resourceRelated":false,
			"assessRelated":false,
			"hardwareRelated":false,
			"manifestRelated":false,
			"conditions":"$z0 != 0, $i1 == 21",
			"paramValues":"@parameter0: java.lang.String",
			"caughtValues":"@caughtexception",
			"relatedValues":"@parameter0: java.lang.String; ; @caughtexception",
			"keyAPISameClassNum":0,
			"keyAPIDiffClassNum":0,
			"keyAPISameClass":[
				{
					"trace":[
						"<android.media.audiofx.EnvironmentalReverb$Settings: void <init>(java.lang.String)>"
					],
					"depth":0,
					"method":"<android.media.audiofx.EnvironmentalReverb$Settings: void <init>(java.lang.String)>",
					"source":"CALLER"
				}
			],
			"keyAPIDiffClass":[],
			"callerOfSingnlar2SourceVar":{
				"<android.media.audiofx.EnvironmentalReverb$Settings: void <init>(java.lang.String)>":"0"
			}
		},
		{
			"method":"<android.media.audiofx.EnvironmentalReverb$Settings: void <init>(java.lang.String)>",
			"message":"\\Qsettings: \\E[\\s\\S]*",
			"relatedVarType":"Parameter",
			"relatedCondType":"Basic",
			"modifier":"public",
			"type":"java.lang.IllegalArgumentException",
			"osVersionRelated":false,
			"resourceRelated":false,
			"assessRelated":false,
			"hardwareRelated":false,
			"manifestRelated":false,
			"conditions":"$i1 == 21",
			"paramValues":"@parameter0: java.lang.String",
			"relatedValues":"@parameter0: java.lang.String; ; ",
			"keyAPISameClassNum":0,
			"keyAPIDiffClassNum":0,
			"keyAPISameClass":[
				{
					"trace":[
						"<android.media.audiofx.EnvironmentalReverb$Settings: void <init>(java.lang.String)>"
					],
					"depth":0,
					"method":"<android.media.audiofx.EnvironmentalReverb$Settings: void <init>(java.lang.String)>",
					"source":"CALLER"
				}
			],
			"keyAPIDiffClass":[],
			"callerOfSingnlar2SourceVar":{
				"<android.media.audiofx.EnvironmentalReverb$Settings: void <init>(java.lang.String)>":"0"
			}
		},
		{
			"method":"<android.media.audiofx.EnvironmentalReverb$Settings: void <init>(java.lang.String)>",
			"message":"\\Qinvalid settings for EnvironmentalReverb: \\E[\\s\\S]*",
			"relatedVarType":"Parameter",
			"relatedCondType":"Basic",
			"modifier":"public",
			"type":"java.lang.IllegalArgumentException",
			"osVersionRelated":false,
			"resourceRelated":false,
			"assessRelated":false,
			"hardwareRelated":false,
			"manifestRelated":false,
			"conditions":"$z0 != 0, $i1 == 21",
			"paramValues":"@parameter0: java.lang.String",
			"relatedValues":"@parameter0: java.lang.String; ; ",
			"keyAPISameClassNum":0,
			"keyAPIDiffClassNum":0,
			"keyAPISameClass":[
				{
					"trace":[
						"<android.media.audiofx.EnvironmentalReverb$Settings: void <init>(java.lang.String)>"
					],
					"depth":0,
					"method":"<android.media.audiofx.EnvironmentalReverb$Settings: void <init>(java.lang.String)>",
					"source":"CALLER"
				}
			],
			"keyAPIDiffClass":[],
			"callerOfSingnlar2SourceVar":{
				"<android.media.audiofx.EnvironmentalReverb$Settings: void <init>(java.lang.String)>":"0"
			}
		},
		{
			"method":"<android.media.audiofx.EnvironmentalReverb$Settings: void <init>(java.lang.String)>",
			"message":"\\Qinvalid key name: \\E[\\s\\S]*",
			"relatedVarType":"Parameter",
			"relatedCondType":"Basic",
			"modifier":"public",
			"type":"java.lang.IllegalArgumentException",
			"osVersionRelated":false,
			"resourceRelated":false,
			"assessRelated":false,
			"hardwareRelated":false,
			"manifestRelated":false,
			"conditions":"$z4 != 0, $z3 != 0, $z2 != 0",
			"paramValues":"@parameter0: java.lang.String",
			"relatedValues":"@parameter0: java.lang.String; ; ",
			"keyAPISameClassNum":0,
			"keyAPIDiffClassNum":0,
			"keyAPISameClass":[
				{
					"trace":[
						"<android.media.audiofx.EnvironmentalReverb$Settings: void <init>(java.lang.String)>"
					],
					"depth":0,
					"method":"<android.media.audiofx.EnvironmentalReverb$Settings: void <init>(java.lang.String)>",
					"source":"CALLER"
				}
			],
			"keyAPIDiffClass":[],
			"callerOfSingnlar2SourceVar":{
				"<android.media.audiofx.EnvironmentalReverb$Settings: void <init>(java.lang.String)>":"0"
			}
		},
		{
			"method":"<android.media.audiofx.EnvironmentalReverb$Settings: void <init>(java.lang.String)>",
			"message":"\\Qinvalid key name: \\E[\\s\\S]*",
			"relatedVarType":"Parameter",
			"relatedCondType":"Basic",
			"modifier":"public",
			"type":"java.lang.IllegalArgumentException",
			"osVersionRelated":false,
			"resourceRelated":false,
			"assessRelated":false,
			"hardwareRelated":false,
			"manifestRelated":false,
			"conditions":"$z2 != 0, $z1 != 0, $z0 != 0",
			"paramValues":"@parameter0: java.lang.String",
			"relatedValues":"@parameter0: java.lang.String; ; ",
			"keyAPISameClassNum":0,
			"keyAPIDiffClassNum":0,
			"keyAPISameClass":[
				{
					"trace":[
						"<android.media.audiofx.EnvironmentalReverb$Settings: void <init>(java.lang.String)>"
					],
					"depth":0,
					"method":"<android.media.audiofx.EnvironmentalReverb$Settings: void <init>(java.lang.String)>",
					"source":"CALLER"
				}
			],
			"keyAPIDiffClass":[],
			"callerOfSingnlar2SourceVar":{
				"<android.media.audiofx.EnvironmentalReverb$Settings: void <init>(java.lang.String)>":"0"
			}
		},
		{
			"method":"<android.media.audiofx.EnvironmentalReverb$Settings: void <init>(java.lang.String)>",
			"message":"\\Qinvalid key name: \\E[\\s\\S]*",
			"relatedVarType":"Parameter",
			"relatedCondType":"Basic",
			"modifier":"public",
			"type":"java.lang.IllegalArgumentException",
			"osVersionRelated":false,
			"resourceRelated":false,
			"assessRelated":false,
			"hardwareRelated":false,
			"manifestRelated":false,
			"conditions":"$z1 != 0, $z0 != 0, $i1 == 21",
			"paramValues":"@parameter0: java.lang.String",
			"relatedValues":"@parameter0: java.lang.String; ; ",
			"keyAPISameClassNum":0,
			"keyAPIDiffClassNum":0,
			"keyAPISameClass":[
				{
					"trace":[
						"<android.media.audiofx.EnvironmentalReverb$Settings: void <init>(java.lang.String)>"
					],
					"depth":0,
					"method":"<android.media.audiofx.EnvironmentalReverb$Settings: void <init>(java.lang.String)>",
					"source":"CALLER"
				}
			],
			"keyAPIDiffClass":[],
			"callerOfSingnlar2SourceVar":{
				"<android.media.audiofx.EnvironmentalReverb$Settings: void <init>(java.lang.String)>":"0"
			}
		},
		{
			"method":"<android.media.audiofx.EnvironmentalReverb$Settings: void <init>(java.lang.String)>",
			"message":"\\Qinvalid key name: \\E[\\s\\S]*",
			"relatedVarType":"Parameter",
			"relatedCondType":"Basic",
			"modifier":"public",
			"type":"java.lang.IllegalArgumentException",
			"osVersionRelated":false,
			"resourceRelated":false,
			"assessRelated":false,
			"hardwareRelated":false,
			"manifestRelated":false,
			"conditions":"$z5 != 0, $z4 != 0, $z3 != 0",
			"paramValues":"@parameter0: java.lang.String",
			"relatedValues":"@parameter0: java.lang.String; ; ",
			"keyAPISameClassNum":0,
			"keyAPIDiffClassNum":0,
			"keyAPISameClass":[
				{
					"trace":[
						"<android.media.audiofx.EnvironmentalReverb$Settings: void <init>(java.lang.String)>"
					],
					"depth":0,
					"method":"<android.media.audiofx.EnvironmentalReverb$Settings: void <init>(java.lang.String)>",
					"source":"CALLER"
				}
			],
			"keyAPIDiffClass":[],
			"callerOfSingnlar2SourceVar":{
				"<android.media.audiofx.EnvironmentalReverb$Settings: void <init>(java.lang.String)>":"0"
			}
		},
		{
			"method":"<android.media.audiofx.EnvironmentalReverb$Settings: void <init>(java.lang.String)>",
			"message":"\\Qinvalid key name: \\E[\\s\\S]*",
			"relatedVarType":"Parameter",
			"relatedCondType":"Basic",
			"modifier":"public",
			"type":"java.lang.IllegalArgumentException",
			"osVersionRelated":false,
			"resourceRelated":false,
			"assessRelated":false,
			"hardwareRelated":false,
			"manifestRelated":false,
			"conditions":"$z10 != 0, $z9 != 0, $z8 != 0",
			"paramValues":"@parameter0: java.lang.String",
			"relatedValues":"@parameter0: java.lang.String; ; ",
			"keyAPISameClassNum":0,
			"keyAPIDiffClassNum":0,
			"keyAPISameClass":[
				{
					"trace":[
						"<android.media.audiofx.EnvironmentalReverb$Settings: void <init>(java.lang.String)>"
					],
					"depth":0,
					"method":"<android.media.audiofx.EnvironmentalReverb$Settings: void <init>(java.lang.String)>",
					"source":"CALLER"
				}
			],
			"keyAPIDiffClass":[],
			"callerOfSingnlar2SourceVar":{
				"<android.media.audiofx.EnvironmentalReverb$Settings: void <init>(java.lang.String)>":"0"
			}
		},
		{
			"method":"<android.media.audiofx.EnvironmentalReverb$Settings: void <init>(java.lang.String)>",
			"message":"\\Qinvalid key name: \\E[\\s\\S]*",
			"relatedVarType":"Parameter",
			"relatedCondType":"Basic",
			"modifier":"public",
			"type":"java.lang.IllegalArgumentException",
			"osVersionRelated":false,
			"resourceRelated":false,
			"assessRelated":false,
			"hardwareRelated":false,
			"manifestRelated":false,
			"conditions":"$z3 != 0, $z2 != 0, $z1 != 0",
			"paramValues":"@parameter0: java.lang.String",
			"relatedValues":"@parameter0: java.lang.String; ; ",
			"keyAPISameClassNum":0,
			"keyAPIDiffClassNum":0,
			"keyAPISameClass":[
				{
					"trace":[
						"<android.media.audiofx.EnvironmentalReverb$Settings: void <init>(java.lang.String)>"
					],
					"depth":0,
					"method":"<android.media.audiofx.EnvironmentalReverb$Settings: void <init>(java.lang.String)>",
					"source":"CALLER"
				}
			],
			"keyAPIDiffClass":[],
			"callerOfSingnlar2SourceVar":{
				"<android.media.audiofx.EnvironmentalReverb$Settings: void <init>(java.lang.String)>":"0"
			}
		}
	]
}