{
	"exceptions":[
		{
			"method":"<android.media.ImageReader$SurfaceImage$SurfacePlane: java.nio.ByteBuffer getBuffer()>",
			"message":"\\QImage is already released\\E",
			"relatedVarType":"Field",
			"relatedCondType":"Basic",
			"modifier":"public",
			"type":"java.lang.IllegalStateException",
			"osVersionRelated":false,
			"resourceRelated":false,
			"assessRelated":false,
			"hardwareRelated":true,
			"manifestRelated":false,
			"conditions":"$z0 != 0",
			"fieldValues":"<android.media.ImageReader$SurfaceImage$SurfacePlane: android.media.ImageReader$SurfaceImage this$1>",
			"relatedValues":"; <android.media.ImageReader$SurfaceImage$SurfacePlane: android.media.ImageReader$SurfaceImage this$1>; ",
			"keyAPISameClassNum":3,
			"keyAPIDiffClassNum":0,
			"keyAPISameClass":[
				{
					"trace":[
						"<android.media.ImageReader$SurfaceImage$SurfacePlane: java.nio.ByteBuffer getBuffer()>"
					],
					"depth":1,
					"method":"<android.media.ImageReader$SurfaceImage$SurfacePlane: java.nio.ByteBuffer getBuffer()>",
					"source":"FIELD"
				},
				{
					"trace":[
						"<android.media.ImageReader$SurfaceImage$SurfacePlane: java.nio.ByteBuffer getBuffer()>"
					],
					"depth":1,
					"method":"<android.media.ImageReader$SurfaceImage$SurfacePlane: int getPixelStride()>",
					"source":"FIELD"
				},
				{
					"trace":[
						"<android.media.ImageReader$SurfaceImage$SurfacePlane: java.nio.ByteBuffer getBuffer()>"
					],
					"depth":1,
					"method":"<android.media.ImageReader$SurfaceImage$SurfacePlane: int getRowStride()>",
					"source":"FIELD"
				}
			],
			"keyAPIDiffClass":[],
			"callerOfSingnlar2SourceVar":{}
		},
		{
			"method":"<android.media.ImageReader$SurfaceImage$SurfacePlane: int getPixelStride()>",
			"message":"\\QImage is already released\\E",
			"relatedVarType":"Field",
			"relatedCondType":"Basic",
			"modifier":"public",
			"type":"java.lang.IllegalStateException",
			"osVersionRelated":false,
			"resourceRelated":false,
			"assessRelated":false,
			"hardwareRelated":true,
			"manifestRelated":false,
			"conditions":"$z0 == 0",
			"fieldValues":"<android.media.ImageReader$SurfaceImage$SurfacePlane: android.media.ImageReader$SurfaceImage this$1>",
			"relatedValues":"; <android.media.ImageReader$SurfaceImage$SurfacePlane: android.media.ImageReader$SurfaceImage this$1>; ",
			"keyAPISameClassNum":3,
			"keyAPIDiffClassNum":0,
			"keyAPISameClass":[
				{
					"trace":[
						"<android.media.ImageReader$SurfaceImage$SurfacePlane: int getPixelStride()>"
					],
					"depth":1,
					"method":"<android.media.ImageReader$SurfaceImage$SurfacePlane: java.nio.ByteBuffer getBuffer()>",
					"source":"FIELD"
				},
				{
					"trace":[
						"<android.media.ImageReader$SurfaceImage$SurfacePlane: int getPixelStride()>"
					],
					"depth":1,
					"method":"<android.media.ImageReader$SurfaceImage$SurfacePlane: int getPixelStride()>",
					"source":"FIELD"
				},
				{
					"trace":[
						"<android.media.ImageReader$SurfaceImage$SurfacePlane: int getPixelStride()>"
					],
					"depth":1,
					"method":"<android.media.ImageReader$SurfaceImage$SurfacePlane: int getRowStride()>",
					"source":"FIELD"
				}
			],
			"keyAPIDiffClass":[],
			"callerOfSingnlar2SourceVar":{}
		},
		{
			"method":"<android.media.ImageReader$SurfaceImage$SurfacePlane: int getRowStride()>",
			"message":"\\QImage is already released\\E",
			"relatedVarType":"Field",
			"relatedCondType":"Basic",
			"modifier":"public",
			"type":"java.lang.IllegalStateException",
			"osVersionRelated":false,
			"resourceRelated":false,
			"assessRelated":false,
			"hardwareRelated":true,
			"manifestRelated":false,
			"conditions":"$z0 == 0",
			"fieldValues":"<android.media.ImageReader$SurfaceImage$SurfacePlane: android.media.ImageReader$SurfaceImage this$1>",
			"relatedValues":"; <android.media.ImageReader$SurfaceImage$SurfacePlane: android.media.ImageReader$SurfaceImage this$1>; ",
			"keyAPISameClassNum":3,
			"keyAPIDiffClassNum":0,
			"keyAPISameClass":[
				{
					"trace":[
						"<android.media.ImageReader$SurfaceImage$SurfacePlane: int getRowStride()>"
					],
					"depth":1,
					"method":"<android.media.ImageReader$SurfaceImage$SurfacePlane: java.nio.ByteBuffer getBuffer()>",
					"source":"FIELD"
				},
				{
					"trace":[
						"<android.media.ImageReader$SurfaceImage$SurfacePlane: int getRowStride()>"
					],
					"depth":1,
					"method":"<android.media.ImageReader$SurfaceImage$SurfacePlane: int getPixelStride()>",
					"source":"FIELD"
				},
				{
					"trace":[
						"<android.media.ImageReader$SurfaceImage$SurfacePlane: int getRowStride()>"
					],
					"depth":1,
					"method":"<android.media.ImageReader$SurfaceImage$SurfacePlane: int getRowStride()>",
					"source":"FIELD"
				}
			],
			"keyAPIDiffClass":[],
			"callerOfSingnlar2SourceVar":{}
		}
	]
}