{
	"exceptions":[
		{
			"method":"<android.bluetooth.le.BluetoothLeUtils: void checkAdapterStateOn(android.bluetooth.BluetoothAdapter)>",
			"message":"\\QBT Adapter is not turned ON\\E",
			"relatedVarType":"Parameter",
			"relatedCondType":"Basic",
			"modifier":"default",
			"type":"java.lang.IllegalStateException",
			"osVersionRelated":false,
			"resourceRelated":false,
			"assessRelated":false,
			"hardwareRelated":true,
			"manifestRelated":false,
			"conditions":"r0 == null, $i0 == 12",
			"paramValues":"@parameter0: android.bluetooth.BluetoothAdapter",
			"relatedValues":"@parameter0: android.bluetooth.BluetoothAdapter; ; ",
			"keyAPISameClassNum":0,
			"keyAPIDiffClassNum":0,
			"keyAPISameClass":[
				{
					"trace":[
						"<android.bluetooth.le.BluetoothLeUtils: void checkAdapterStateOn(android.bluetooth.BluetoothAdapter)>"
					],
					"depth":0,
					"method":"<android.bluetooth.le.BluetoothLeUtils: void checkAdapterStateOn(android.bluetooth.BluetoothAdapter)>",
					"source":"CALLER"
				}
			],
			"keyAPIDiffClass":[],
			"callerOfSingnlar2SourceVar":{
				"<android.bluetooth.le.BluetoothLeUtils: void checkAdapterStateOn(android.bluetooth.BluetoothAdapter)>":"0"
			}
		}
	]
}