{
	"exceptions":[
		{
			"method":"<android.content.res.ColorStateList: android.content.res.ColorStateList createFromXml(android.content.res.Resources,org.xmlpull.v1.XmlPullParser)>",
			"message":"[\\s\\S]*",
			"relatedVarType":"Parameter",
			"relatedCondType":"Basic",
			"modifier":"public",
			"type":"java.lang.Throwable",
			"osVersionRelated":false,
			"resourceRelated":false,
			"assessRelated":false,
			"hardwareRelated":false,
			"manifestRelated":false,
			"conditions":"$i0 == 2, $i0 == 2, $i0 == 1",
			"paramValues":"@parameter1: org.xmlpull.v1.XmlPullParser",
			"relatedValues":"@parameter1: org.xmlpull.v1.XmlPullParser; ; ",
			"keyAPISameClassNum":0,
			"keyAPIDiffClassNum":0,
			"keyAPISameClass":[
				{
					"trace":[
						"<android.content.res.ColorStateList: android.content.res.ColorStateList createFromXml(android.content.res.Resources,org.xmlpull.v1.XmlPullParser)>"
					],
					"depth":0,
					"method":"<android.content.res.ColorStateList: android.content.res.ColorStateList createFromXml(android.content.res.Resources,org.xmlpull.v1.XmlPullParser)>",
					"source":"CALLER"
				}
			],
			"keyAPIDiffClass":[
				{
					"trace":[
						"<android.content.res.Resources: int getColor(int)>",
						"<android.content.res.Resources: android.content.res.ColorStateList loadColorStateList(android.util.TypedValue,int)>",
						"<android.content.res.ColorStateList: android.content.res.ColorStateList createFromXml(android.content.res.Resources,org.xmlpull.v1.XmlPullParser)>"
					],
					"depth":2,
					"method":"<android.content.res.Resources: int getColor(int)>",
					"source":"CALLER"
				},
				{
					"trace":[
						"<android.content.res.Resources: android.content.res.ColorStateList getColorStateList(int)>",
						"<android.content.res.Resources: android.content.res.ColorStateList loadColorStateList(android.util.TypedValue,int)>",
						"<android.content.res.ColorStateList: android.content.res.ColorStateList createFromXml(android.content.res.Resources,org.xmlpull.v1.XmlPullParser)>"
					],
					"depth":2,
					"method":"<android.content.res.Resources: android.content.res.ColorStateList getColorStateList(int)>",
					"source":"CALLER"
				},
				{
					"trace":[
						"<android.content.res.StringBlock: java.lang.CharSequence get(int)>",
						"<android.content.res.StringBlock: java.lang.CharSequence applyStyles(java.lang.String,int[],android.content.res.StringBlock$StyleIDs)>",
						"<android.content.res.StringBlock: android.text.style.CharacterStyle getColor(java.lang.String,boolean)>",
						"<android.content.res.Resources: android.content.res.ColorStateList getColorStateList(int)>",
						"<android.content.res.Resources: android.content.res.ColorStateList loadColorStateList(android.util.TypedValue,int)>",
						"<android.content.res.ColorStateList: android.content.res.ColorStateList createFromXml(android.content.res.Resources,org.xmlpull.v1.XmlPullParser)>"
					],
					"depth":5,
					"method":"<android.content.res.StringBlock: java.lang.CharSequence get(int)>",
					"source":"CALLER"
				},
				{
					"trace":[
						"<android.content.res.XmlBlock$Parser: int getAttributeListValue(int,java.lang.String[],int)>",
						"<android.content.res.StringBlock: java.lang.CharSequence get(int)>",
						"<android.content.res.StringBlock: java.lang.CharSequence applyStyles(java.lang.String,int[],android.content.res.StringBlock$StyleIDs)>",
						"<android.content.res.StringBlock: android.text.style.CharacterStyle getColor(java.lang.String,boolean)>",
						"<android.content.res.Resources: android.content.res.ColorStateList getColorStateList(int)>",
						"<android.content.res.Resources: android.content.res.ColorStateList loadColorStateList(android.util.TypedValue,int)>",
						"<android.content.res.ColorStateList: android.content.res.ColorStateList createFromXml(android.content.res.Resources,org.xmlpull.v1.XmlPullParser)>"
					],
					"depth":6,
					"method":"<android.content.res.XmlBlock$Parser: int getAttributeListValue(int,java.lang.String[],int)>",
					"source":"CALLER"
				},
				{
					"trace":[
						"<android.content.res.XmlBlock$Parser: java.lang.String getAttributeNamespace(int)>",
						"<android.content.res.StringBlock: java.lang.CharSequence get(int)>",
						"<android.content.res.StringBlock: java.lang.CharSequence applyStyles(java.lang.String,int[],android.content.res.StringBlock$StyleIDs)>",
						"<android.content.res.StringBlock: android.text.style.CharacterStyle getColor(java.lang.String,boolean)>",
						"<android.content.res.Resources: android.content.res.ColorStateList getColorStateList(int)>",
						"<android.content.res.Resources: android.content.res.ColorStateList loadColorStateList(android.util.TypedValue,int)>",
						"<android.content.res.ColorStateList: android.content.res.ColorStateList createFromXml(android.content.res.Resources,org.xmlpull.v1.XmlPullParser)>"
					],
					"depth":6,
					"method":"<android.content.res.XmlBlock$Parser: java.lang.String getAttributeNamespace(int)>",
					"source":"CALLER"
				},
				{
					"trace":[
						"<android.content.res.XmlBlock$Parser: java.lang.String getAttributeName(int)>",
						"<android.content.res.StringBlock: java.lang.CharSequence get(int)>",
						"<android.content.res.StringBlock: java.lang.CharSequence applyStyles(java.lang.String,int[],android.content.res.StringBlock$StyleIDs)>",
						"<android.content.res.StringBlock: android.text.style.CharacterStyle getColor(java.lang.String,boolean)>",
						"<android.content.res.Resources: android.content.res.ColorStateList getColorStateList(int)>",
						"<android.content.res.Resources: android.content.res.ColorStateList loadColorStateList(android.util.TypedValue,int)>",
						"<android.content.res.ColorStateList: android.content.res.ColorStateList createFromXml(android.content.res.Resources,org.xmlpull.v1.XmlPullParser)>"
					],
					"depth":6,
					"method":"<android.content.res.XmlBlock$Parser: java.lang.String getAttributeName(int)>",
					"source":"CALLER"
				},
				{
					"trace":[
						"<android.content.res.XmlBlock$Parser: java.lang.String getAttributeValue(int)>",
						"<android.content.res.StringBlock: java.lang.CharSequence get(int)>",
						"<android.content.res.StringBlock: java.lang.CharSequence applyStyles(java.lang.String,int[],android.content.res.StringBlock$StyleIDs)>",
						"<android.content.res.StringBlock: android.text.style.CharacterStyle getColor(java.lang.String,boolean)>",
						"<android.content.res.Resources: android.content.res.ColorStateList getColorStateList(int)>",
						"<android.content.res.Resources: android.content.res.ColorStateList loadColorStateList(android.util.TypedValue,int)>",
						"<android.content.res.ColorStateList: android.content.res.ColorStateList createFromXml(android.content.res.Resources,org.xmlpull.v1.XmlPullParser)>"
					],
					"depth":6,
					"method":"<android.content.res.XmlBlock$Parser: java.lang.String getAttributeValue(int)>",
					"source":"CALLER"
				},
				{
					"trace":[
						"<android.content.res.XmlBlock$Parser: int getAttributeListValue(java.lang.String,java.lang.String,java.lang.String[],int)>",
						"<android.content.res.XmlBlock$Parser: int getAttributeListValue(int,java.lang.String[],int)>",
						"<android.content.res.StringBlock: java.lang.CharSequence get(int)>",
						"<android.content.res.StringBlock: java.lang.CharSequence applyStyles(java.lang.String,int[],android.content.res.StringBlock$StyleIDs)>",
						"<android.content.res.StringBlock: android.text.style.CharacterStyle getColor(java.lang.String,boolean)>",
						"<android.content.res.Resources: android.content.res.ColorStateList getColorStateList(int)>",
						"<android.content.res.Resources: android.content.res.ColorStateList loadColorStateList(android.util.TypedValue,int)>",
						"<android.content.res.ColorStateList: android.content.res.ColorStateList createFromXml(android.content.res.Resources,org.xmlpull.v1.XmlPullParser)>"
					],
					"depth":7,
					"method":"<android.content.res.XmlBlock$Parser: int getAttributeListValue(java.lang.String,java.lang.String,java.lang.String[],int)>",
					"source":"CALLER"
				},
				{
					"trace":[
						"<android.content.res.Resources: java.lang.CharSequence[] getTextArray(int)>",
						"<android.content.res.AssetManager: java.lang.CharSequence[] getResourceTextArray(int)>",
						"<android.content.res.StringBlock: java.lang.CharSequence get(int)>",
						"<android.content.res.StringBlock: java.lang.CharSequence applyStyles(java.lang.String,int[],android.content.res.StringBlock$StyleIDs)>",
						"<android.content.res.StringBlock: android.text.style.CharacterStyle getColor(java.lang.String,boolean)>",
						"<android.content.res.Resources: android.content.res.ColorStateList getColorStateList(int)>",
						"<android.content.res.Resources: android.content.res.ColorStateList loadColorStateList(android.util.TypedValue,int)>",
						"<android.content.res.ColorStateList: android.content.res.ColorStateList createFromXml(android.content.res.Resources,org.xmlpull.v1.XmlPullParser)>"
					],
					"depth":7,
					"method":"<android.content.res.Resources: java.lang.CharSequence[] getTextArray(int)>",
					"source":"CALLER"
				},
				{
					"trace":[
						"<android.content.res.XmlBlock$Parser: java.lang.String getAttributeValue(java.lang.String,java.lang.String)>",
						"<android.content.res.XmlBlock$Parser: java.lang.String getAttributeValue(int)>",
						"<android.content.res.StringBlock: java.lang.CharSequence get(int)>",
						"<android.content.res.StringBlock: java.lang.CharSequence applyStyles(java.lang.String,int[],android.content.res.StringBlock$StyleIDs)>",
						"<android.content.res.StringBlock: android.text.style.CharacterStyle getColor(java.lang.String,boolean)>",
						"<android.content.res.Resources: android.content.res.ColorStateList getColorStateList(int)>",
						"<android.content.res.Resources: android.content.res.ColorStateList loadColorStateList(android.util.TypedValue,int)>",
						"<android.content.res.ColorStateList: android.content.res.ColorStateList createFromXml(android.content.res.Resources,org.xmlpull.v1.XmlPullParser)>"
					],
					"depth":7,
					"method":"<android.content.res.XmlBlock$Parser: java.lang.String getAttributeValue(java.lang.String,java.lang.String)>",
					"source":"CALLER"
				},
				{
					"trace":[
						"<android.content.res.Resources$Theme: boolean resolveAttribute(int,android.util.TypedValue,boolean)>",
						"<android.content.res.AssetManager: boolean getThemeValue(long,int,android.util.TypedValue,boolean)>",
						"<android.content.res.StringBlock: java.lang.CharSequence get(int)>",
						"<android.content.res.StringBlock: java.lang.CharSequence applyStyles(java.lang.String,int[],android.content.res.StringBlock$StyleIDs)>",
						"<android.content.res.StringBlock: android.text.style.CharacterStyle getColor(java.lang.String,boolean)>",
						"<android.content.res.Resources: android.content.res.ColorStateList getColorStateList(int)>",
						"<android.content.res.Resources: android.content.res.ColorStateList loadColorStateList(android.util.TypedValue,int)>",
						"<android.content.res.ColorStateList: android.content.res.ColorStateList createFromXml(android.content.res.Resources,org.xmlpull.v1.XmlPullParser)>"
					],
					"depth":7,
					"method":"<android.content.res.Resources$Theme: boolean resolveAttribute(int,android.util.TypedValue,boolean)>",
					"source":"CALLER"
				},
				{
					"trace":[
						"<android.content.res.Resources: void getValue(int,android.util.TypedValue,boolean)>",
						"<android.content.res.AssetManager: boolean getResourceValue(int,int,android.util.TypedValue,boolean)>",
						"<android.content.res.StringBlock: java.lang.CharSequence get(int)>",
						"<android.content.res.StringBlock: java.lang.CharSequence applyStyles(java.lang.String,int[],android.content.res.StringBlock$StyleIDs)>",
						"<android.content.res.StringBlock: android.text.style.CharacterStyle getColor(java.lang.String,boolean)>",
						"<android.content.res.Resources: android.content.res.ColorStateList getColorStateList(int)>",
						"<android.content.res.Resources: android.content.res.ColorStateList loadColorStateList(android.util.TypedValue,int)>",
						"<android.content.res.ColorStateList: android.content.res.ColorStateList createFromXml(android.content.res.Resources,org.xmlpull.v1.XmlPullParser)>"
					],
					"depth":7,
					"method":"<android.content.res.Resources: void getValue(int,android.util.TypedValue,boolean)>",
					"source":"CALLER"
				},
				{
					"trace":[
						"<android.content.res.Resources: void getValueForDensity(int,int,android.util.TypedValue,boolean)>",
						"<android.content.res.AssetManager: boolean getResourceValue(int,int,android.util.TypedValue,boolean)>",
						"<android.content.res.StringBlock: java.lang.CharSequence get(int)>",
						"<android.content.res.StringBlock: java.lang.CharSequence applyStyles(java.lang.String,int[],android.content.res.StringBlock$StyleIDs)>",
						"<android.content.res.StringBlock: android.text.style.CharacterStyle getColor(java.lang.String,boolean)>",
						"<android.content.res.Resources: android.content.res.ColorStateList getColorStateList(int)>",
						"<android.content.res.Resources: android.content.res.ColorStateList loadColorStateList(android.util.TypedValue,int)>",
						"<android.content.res.ColorStateList: android.content.res.ColorStateList createFromXml(android.content.res.Resources,org.xmlpull.v1.XmlPullParser)>"
					],
					"depth":7,
					"method":"<android.content.res.Resources: void getValueForDensity(int,int,android.util.TypedValue,boolean)>",
					"source":"CALLER"
				},
				{
					"trace":[
						"<android.content.res.Resources: void getValue(java.lang.String,android.util.TypedValue,boolean)>",
						"<android.content.res.Resources: void getValue(int,android.util.TypedValue,boolean)>",
						"<android.content.res.AssetManager: boolean getResourceValue(int,int,android.util.TypedValue,boolean)>",
						"<android.content.res.StringBlock: java.lang.CharSequence get(int)>",
						"<android.content.res.StringBlock: java.lang.CharSequence applyStyles(java.lang.String,int[],android.content.res.StringBlock$StyleIDs)>",
						"<android.content.res.StringBlock: android.text.style.CharacterStyle getColor(java.lang.String,boolean)>",
						"<android.content.res.Resources: android.content.res.ColorStateList getColorStateList(int)>",
						"<android.content.res.Resources: android.content.res.ColorStateList loadColorStateList(android.util.TypedValue,int)>",
						"<android.content.res.ColorStateList: android.content.res.ColorStateList createFromXml(android.content.res.Resources,org.xmlpull.v1.XmlPullParser)>"
					],
					"depth":8,
					"method":"<android.content.res.Resources: void getValue(java.lang.String,android.util.TypedValue,boolean)>",
					"source":"CALLER"
				},
				{
					"trace":[
						"<android.content.res.Resources: java.io.InputStream openRawResource(int,android.util.TypedValue)>",
						"<android.content.res.Resources: void getValue(int,android.util.TypedValue,boolean)>",
						"<android.content.res.AssetManager: boolean getResourceValue(int,int,android.util.TypedValue,boolean)>",
						"<android.content.res.StringBlock: java.lang.CharSequence get(int)>",
						"<android.content.res.StringBlock: java.lang.CharSequence applyStyles(java.lang.String,int[],android.content.res.StringBlock$StyleIDs)>",
						"<android.content.res.StringBlock: android.text.style.CharacterStyle getColor(java.lang.String,boolean)>",
						"<android.content.res.Resources: android.content.res.ColorStateList getColorStateList(int)>",
						"<android.content.res.Resources: android.content.res.ColorStateList loadColorStateList(android.util.TypedValue,int)>",
						"<android.content.res.ColorStateList: android.content.res.ColorStateList createFromXml(android.content.res.Resources,org.xmlpull.v1.XmlPullParser)>"
					],
					"depth":8,
					"method":"<android.content.res.Resources: java.io.InputStream openRawResource(int,android.util.TypedValue)>",
					"source":"CALLER"
				}
			],
			"callerOfSingnlar2SourceVar":{
				"<android.content.res.ColorStateList: android.content.res.ColorStateList createFromXml(android.content.res.Resources,org.xmlpull.v1.XmlPullParser)>":"1"
			}
		},
		{
			"method":"<android.content.res.ColorStateList: android.content.res.ColorStateList createFromXmlInner(android.content.res.Resources,org.xmlpull.v1.XmlPullParser,android.util.AttributeSet)>",
			"message":"[\\s\\S]*",
			"relatedVarType":"Parameter",
			"relatedCondType":"Basic",
			"modifier":"private",
			"type":"java.lang.Throwable",
			"osVersionRelated":false,
			"resourceRelated":false,
			"assessRelated":false,
			"hardwareRelated":false,
			"manifestRelated":false,
			"conditions":"$z0 == 0",
			"paramValues":"@parameter1: org.xmlpull.v1.XmlPullParser",
			"relatedValues":"@parameter1: org.xmlpull.v1.XmlPullParser; ; ",
			"keyAPISameClassNum":0,
			"keyAPIDiffClassNum":0,
			"keyAPISameClass":[
				{
					"trace":[
						"<android.content.res.ColorStateList: android.content.res.ColorStateList createFromXmlInner(android.content.res.Resources,org.xmlpull.v1.XmlPullParser,android.util.AttributeSet)>"
					],
					"depth":0,
					"method":"<android.content.res.ColorStateList: android.content.res.ColorStateList createFromXmlInner(android.content.res.Resources,org.xmlpull.v1.XmlPullParser,android.util.AttributeSet)>",
					"source":"CALLER"
				},
				{
					"trace":[
						"<android.content.res.ColorStateList: android.content.res.ColorStateList createFromXml(android.content.res.Resources,org.xmlpull.v1.XmlPullParser)>",
						"<android.content.res.ColorStateList: android.content.res.ColorStateList createFromXmlInner(android.content.res.Resources,org.xmlpull.v1.XmlPullParser,android.util.AttributeSet)>"
					],
					"depth":1,
					"method":"<android.content.res.ColorStateList: android.content.res.ColorStateList createFromXml(android.content.res.Resources,org.xmlpull.v1.XmlPullParser)>",
					"source":"CALLER"
				}
			],
			"keyAPIDiffClass":[
				{
					"trace":[
						"<android.content.res.Resources: int getColor(int)>",
						"<android.content.res.Resources: android.content.res.ColorStateList loadColorStateList(android.util.TypedValue,int)>",
						"<android.content.res.ColorStateList: android.content.res.ColorStateList createFromXml(android.content.res.Resources,org.xmlpull.v1.XmlPullParser)>",
						"<android.content.res.ColorStateList: android.content.res.ColorStateList createFromXmlInner(android.content.res.Resources,org.xmlpull.v1.XmlPullParser,android.util.AttributeSet)>"
					],
					"depth":3,
					"method":"<android.content.res.Resources: int getColor(int)>",
					"source":"CALLER"
				},
				{
					"trace":[
						"<android.content.res.Resources: android.content.res.ColorStateList getColorStateList(int)>",
						"<android.content.res.Resources: android.content.res.ColorStateList loadColorStateList(android.util.TypedValue,int)>",
						"<android.content.res.ColorStateList: android.content.res.ColorStateList createFromXml(android.content.res.Resources,org.xmlpull.v1.XmlPullParser)>",
						"<android.content.res.ColorStateList: android.content.res.ColorStateList createFromXmlInner(android.content.res.Resources,org.xmlpull.v1.XmlPullParser,android.util.AttributeSet)>"
					],
					"depth":3,
					"method":"<android.content.res.Resources: android.content.res.ColorStateList getColorStateList(int)>",
					"source":"CALLER"
				},
				{
					"trace":[
						"<android.content.res.StringBlock: java.lang.CharSequence get(int)>",
						"<android.content.res.StringBlock: java.lang.CharSequence applyStyles(java.lang.String,int[],android.content.res.StringBlock$StyleIDs)>",
						"<android.content.res.StringBlock: android.text.style.CharacterStyle getColor(java.lang.String,boolean)>",
						"<android.content.res.Resources: android.content.res.ColorStateList getColorStateList(int)>",
						"<android.content.res.Resources: android.content.res.ColorStateList loadColorStateList(android.util.TypedValue,int)>",
						"<android.content.res.ColorStateList: android.content.res.ColorStateList createFromXml(android.content.res.Resources,org.xmlpull.v1.XmlPullParser)>",
						"<android.content.res.ColorStateList: android.content.res.ColorStateList createFromXmlInner(android.content.res.Resources,org.xmlpull.v1.XmlPullParser,android.util.AttributeSet)>"
					],
					"depth":6,
					"method":"<android.content.res.StringBlock: java.lang.CharSequence get(int)>",
					"source":"CALLER"
				},
				{
					"trace":[
						"<android.content.res.XmlBlock$Parser: int getAttributeListValue(int,java.lang.String[],int)>",
						"<android.content.res.StringBlock: java.lang.CharSequence get(int)>",
						"<android.content.res.StringBlock: java.lang.CharSequence applyStyles(java.lang.String,int[],android.content.res.StringBlock$StyleIDs)>",
						"<android.content.res.StringBlock: android.text.style.CharacterStyle getColor(java.lang.String,boolean)>",
						"<android.content.res.Resources: android.content.res.ColorStateList getColorStateList(int)>",
						"<android.content.res.Resources: android.content.res.ColorStateList loadColorStateList(android.util.TypedValue,int)>",
						"<android.content.res.ColorStateList: android.content.res.ColorStateList createFromXml(android.content.res.Resources,org.xmlpull.v1.XmlPullParser)>",
						"<android.content.res.ColorStateList: android.content.res.ColorStateList createFromXmlInner(android.content.res.Resources,org.xmlpull.v1.XmlPullParser,android.util.AttributeSet)>"
					],
					"depth":7,
					"method":"<android.content.res.XmlBlock$Parser: int getAttributeListValue(int,java.lang.String[],int)>",
					"source":"CALLER"
				},
				{
					"trace":[
						"<android.content.res.XmlBlock$Parser: java.lang.String getAttributeNamespace(int)>",
						"<android.content.res.StringBlock: java.lang.CharSequence get(int)>",
						"<android.content.res.StringBlock: java.lang.CharSequence applyStyles(java.lang.String,int[],android.content.res.StringBlock$StyleIDs)>",
						"<android.content.res.StringBlock: android.text.style.CharacterStyle getColor(java.lang.String,boolean)>",
						"<android.content.res.Resources: android.content.res.ColorStateList getColorStateList(int)>",
						"<android.content.res.Resources: android.content.res.ColorStateList loadColorStateList(android.util.TypedValue,int)>",
						"<android.content.res.ColorStateList: android.content.res.ColorStateList createFromXml(android.content.res.Resources,org.xmlpull.v1.XmlPullParser)>",
						"<android.content.res.ColorStateList: android.content.res.ColorStateList createFromXmlInner(android.content.res.Resources,org.xmlpull.v1.XmlPullParser,android.util.AttributeSet)>"
					],
					"depth":7,
					"method":"<android.content.res.XmlBlock$Parser: java.lang.String getAttributeNamespace(int)>",
					"source":"CALLER"
				},
				{
					"trace":[
						"<android.content.res.XmlBlock$Parser: java.lang.String getAttributeName(int)>",
						"<android.content.res.StringBlock: java.lang.CharSequence get(int)>",
						"<android.content.res.StringBlock: java.lang.CharSequence applyStyles(java.lang.String,int[],android.content.res.StringBlock$StyleIDs)>",
						"<android.content.res.StringBlock: android.text.style.CharacterStyle getColor(java.lang.String,boolean)>",
						"<android.content.res.Resources: android.content.res.ColorStateList getColorStateList(int)>",
						"<android.content.res.Resources: android.content.res.ColorStateList loadColorStateList(android.util.TypedValue,int)>",
						"<android.content.res.ColorStateList: android.content.res.ColorStateList createFromXml(android.content.res.Resources,org.xmlpull.v1.XmlPullParser)>",
						"<android.content.res.ColorStateList: android.content.res.ColorStateList createFromXmlInner(android.content.res.Resources,org.xmlpull.v1.XmlPullParser,android.util.AttributeSet)>"
					],
					"depth":7,
					"method":"<android.content.res.XmlBlock$Parser: java.lang.String getAttributeName(int)>",
					"source":"CALLER"
				},
				{
					"trace":[
						"<android.content.res.XmlBlock$Parser: java.lang.String getAttributeValue(int)>",
						"<android.content.res.StringBlock: java.lang.CharSequence get(int)>",
						"<android.content.res.StringBlock: java.lang.CharSequence applyStyles(java.lang.String,int[],android.content.res.StringBlock$StyleIDs)>",
						"<android.content.res.StringBlock: android.text.style.CharacterStyle getColor(java.lang.String,boolean)>",
						"<android.content.res.Resources: android.content.res.ColorStateList getColorStateList(int)>",
						"<android.content.res.Resources: android.content.res.ColorStateList loadColorStateList(android.util.TypedValue,int)>",
						"<android.content.res.ColorStateList: android.content.res.ColorStateList createFromXml(android.content.res.Resources,org.xmlpull.v1.XmlPullParser)>",
						"<android.content.res.ColorStateList: android.content.res.ColorStateList createFromXmlInner(android.content.res.Resources,org.xmlpull.v1.XmlPullParser,android.util.AttributeSet)>"
					],
					"depth":7,
					"method":"<android.content.res.XmlBlock$Parser: java.lang.String getAttributeValue(int)>",
					"source":"CALLER"
				},
				{
					"trace":[
						"<android.content.res.XmlBlock$Parser: int getAttributeListValue(java.lang.String,java.lang.String,java.lang.String[],int)>",
						"<android.content.res.XmlBlock$Parser: int getAttributeListValue(int,java.lang.String[],int)>",
						"<android.content.res.StringBlock: java.lang.CharSequence get(int)>",
						"<android.content.res.StringBlock: java.lang.CharSequence applyStyles(java.lang.String,int[],android.content.res.StringBlock$StyleIDs)>",
						"<android.content.res.StringBlock: android.text.style.CharacterStyle getColor(java.lang.String,boolean)>",
						"<android.content.res.Resources: android.content.res.ColorStateList getColorStateList(int)>",
						"<android.content.res.Resources: android.content.res.ColorStateList loadColorStateList(android.util.TypedValue,int)>",
						"<android.content.res.ColorStateList: android.content.res.ColorStateList createFromXml(android.content.res.Resources,org.xmlpull.v1.XmlPullParser)>",
						"<android.content.res.ColorStateList: android.content.res.ColorStateList createFromXmlInner(android.content.res.Resources,org.xmlpull.v1.XmlPullParser,android.util.AttributeSet)>"
					],
					"depth":8,
					"method":"<android.content.res.XmlBlock$Parser: int getAttributeListValue(java.lang.String,java.lang.String,java.lang.String[],int)>",
					"source":"CALLER"
				},
				{
					"trace":[
						"<android.content.res.Resources: java.lang.CharSequence[] getTextArray(int)>",
						"<android.content.res.AssetManager: java.lang.CharSequence[] getResourceTextArray(int)>",
						"<android.content.res.StringBlock: java.lang.CharSequence get(int)>",
						"<android.content.res.StringBlock: java.lang.CharSequence applyStyles(java.lang.String,int[],android.content.res.StringBlock$StyleIDs)>",
						"<android.content.res.StringBlock: android.text.style.CharacterStyle getColor(java.lang.String,boolean)>",
						"<android.content.res.Resources: android.content.res.ColorStateList getColorStateList(int)>",
						"<android.content.res.Resources: android.content.res.ColorStateList loadColorStateList(android.util.TypedValue,int)>",
						"<android.content.res.ColorStateList: android.content.res.ColorStateList createFromXml(android.content.res.Resources,org.xmlpull.v1.XmlPullParser)>",
						"<android.content.res.ColorStateList: android.content.res.ColorStateList createFromXmlInner(android.content.res.Resources,org.xmlpull.v1.XmlPullParser,android.util.AttributeSet)>"
					],
					"depth":8,
					"method":"<android.content.res.Resources: java.lang.CharSequence[] getTextArray(int)>",
					"source":"CALLER"
				},
				{
					"trace":[
						"<android.content.res.XmlBlock$Parser: java.lang.String getAttributeValue(java.lang.String,java.lang.String)>",
						"<android.content.res.XmlBlock$Parser: java.lang.String getAttributeValue(int)>",
						"<android.content.res.StringBlock: java.lang.CharSequence get(int)>",
						"<android.content.res.StringBlock: java.lang.CharSequence applyStyles(java.lang.String,int[],android.content.res.StringBlock$StyleIDs)>",
						"<android.content.res.StringBlock: android.text.style.CharacterStyle getColor(java.lang.String,boolean)>",
						"<android.content.res.Resources: android.content.res.ColorStateList getColorStateList(int)>",
						"<android.content.res.Resources: android.content.res.ColorStateList loadColorStateList(android.util.TypedValue,int)>",
						"<android.content.res.ColorStateList: android.content.res.ColorStateList createFromXml(android.content.res.Resources,org.xmlpull.v1.XmlPullParser)>",
						"<android.content.res.ColorStateList: android.content.res.ColorStateList createFromXmlInner(android.content.res.Resources,org.xmlpull.v1.XmlPullParser,android.util.AttributeSet)>"
					],
					"depth":8,
					"method":"<android.content.res.XmlBlock$Parser: java.lang.String getAttributeValue(java.lang.String,java.lang.String)>",
					"source":"CALLER"
				},
				{
					"trace":[
						"<android.content.res.Resources$Theme: boolean resolveAttribute(int,android.util.TypedValue,boolean)>",
						"<android.content.res.AssetManager: boolean getThemeValue(long,int,android.util.TypedValue,boolean)>",
						"<android.content.res.StringBlock: java.lang.CharSequence get(int)>",
						"<android.content.res.StringBlock: java.lang.CharSequence applyStyles(java.lang.String,int[],android.content.res.StringBlock$StyleIDs)>",
						"<android.content.res.StringBlock: android.text.style.CharacterStyle getColor(java.lang.String,boolean)>",
						"<android.content.res.Resources: android.content.res.ColorStateList getColorStateList(int)>",
						"<android.content.res.Resources: android.content.res.ColorStateList loadColorStateList(android.util.TypedValue,int)>",
						"<android.content.res.ColorStateList: android.content.res.ColorStateList createFromXml(android.content.res.Resources,org.xmlpull.v1.XmlPullParser)>",
						"<android.content.res.ColorStateList: android.content.res.ColorStateList createFromXmlInner(android.content.res.Resources,org.xmlpull.v1.XmlPullParser,android.util.AttributeSet)>"
					],
					"depth":8,
					"method":"<android.content.res.Resources$Theme: boolean resolveAttribute(int,android.util.TypedValue,boolean)>",
					"source":"CALLER"
				},
				{
					"trace":[
						"<android.content.res.Resources: void getValue(int,android.util.TypedValue,boolean)>",
						"<android.content.res.AssetManager: boolean getResourceValue(int,int,android.util.TypedValue,boolean)>",
						"<android.content.res.StringBlock: java.lang.CharSequence get(int)>",
						"<android.content.res.StringBlock: java.lang.CharSequence applyStyles(java.lang.String,int[],android.content.res.StringBlock$StyleIDs)>",
						"<android.content.res.StringBlock: android.text.style.CharacterStyle getColor(java.lang.String,boolean)>",
						"<android.content.res.Resources: android.content.res.ColorStateList getColorStateList(int)>",
						"<android.content.res.Resources: android.content.res.ColorStateList loadColorStateList(android.util.TypedValue,int)>",
						"<android.content.res.ColorStateList: android.content.res.ColorStateList createFromXml(android.content.res.Resources,org.xmlpull.v1.XmlPullParser)>",
						"<android.content.res.ColorStateList: android.content.res.ColorStateList createFromXmlInner(android.content.res.Resources,org.xmlpull.v1.XmlPullParser,android.util.AttributeSet)>"
					],
					"depth":8,
					"method":"<android.content.res.Resources: void getValue(int,android.util.TypedValue,boolean)>",
					"source":"CALLER"
				},
				{
					"trace":[
						"<android.content.res.Resources: void getValueForDensity(int,int,android.util.TypedValue,boolean)>",
						"<android.content.res.AssetManager: boolean getResourceValue(int,int,android.util.TypedValue,boolean)>",
						"<android.content.res.StringBlock: java.lang.CharSequence get(int)>",
						"<android.content.res.StringBlock: java.lang.CharSequence applyStyles(java.lang.String,int[],android.content.res.StringBlock$StyleIDs)>",
						"<android.content.res.StringBlock: android.text.style.CharacterStyle getColor(java.lang.String,boolean)>",
						"<android.content.res.Resources: android.content.res.ColorStateList getColorStateList(int)>",
						"<android.content.res.Resources: android.content.res.ColorStateList loadColorStateList(android.util.TypedValue,int)>",
						"<android.content.res.ColorStateList: android.content.res.ColorStateList createFromXml(android.content.res.Resources,org.xmlpull.v1.XmlPullParser)>",
						"<android.content.res.ColorStateList: android.content.res.ColorStateList createFromXmlInner(android.content.res.Resources,org.xmlpull.v1.XmlPullParser,android.util.AttributeSet)>"
					],
					"depth":8,
					"method":"<android.content.res.Resources: void getValueForDensity(int,int,android.util.TypedValue,boolean)>",
					"source":"CALLER"
				}
			],
			"callerOfSingnlar2SourceVar":{
				"<android.content.res.ColorStateList: android.content.res.ColorStateList createFromXmlInner(android.content.res.Resources,org.xmlpull.v1.XmlPullParser,android.util.AttributeSet)>":"1",
				"<android.content.res.ColorStateList: android.content.res.ColorStateList createFromXml(android.content.res.Resources,org.xmlpull.v1.XmlPullParser)>":"1"
			}
		},
		{
			"method":"<android.content.res.ColorStateList: void inflate(android.content.res.Resources,org.xmlpull.v1.XmlPullParser,android.util.AttributeSet)>",
			"message":"[\\s\\S]*",
			"relatedVarType":"Parameter",
			"relatedCondType":"Basic",
			"modifier":"private",
			"type":"java.lang.Throwable",
			"osVersionRelated":false,
			"resourceRelated":false,
			"assessRelated":false,
			"hardwareRelated":false,
			"manifestRelated":false,
			"conditions":"z2 != 0, $z0 != 0, $i4 > i1",
			"paramValues":"@parameter1: org.xmlpull.v1.XmlPullParser",
			"relatedValues":"@parameter1: org.xmlpull.v1.XmlPullParser; ; ",
			"keyAPISameClassNum":0,
			"keyAPIDiffClassNum":0,
			"keyAPISameClass":[
				{
					"trace":[
						"<android.content.res.ColorStateList: void inflate(android.content.res.Resources,org.xmlpull.v1.XmlPullParser,android.util.AttributeSet)>"
					],
					"depth":0,
					"method":"<android.content.res.ColorStateList: void inflate(android.content.res.Resources,org.xmlpull.v1.XmlPullParser,android.util.AttributeSet)>",
					"source":"CALLER"
				},
				{
					"trace":[
						"<android.content.res.ColorStateList: android.content.res.ColorStateList createFromXml(android.content.res.Resources,org.xmlpull.v1.XmlPullParser)>",
						"<android.content.res.ColorStateList: android.content.res.ColorStateList createFromXmlInner(android.content.res.Resources,org.xmlpull.v1.XmlPullParser,android.util.AttributeSet)>",
						"<android.content.res.ColorStateList: void inflate(android.content.res.Resources,org.xmlpull.v1.XmlPullParser,android.util.AttributeSet)>"
					],
					"depth":2,
					"method":"<android.content.res.ColorStateList: android.content.res.ColorStateList createFromXml(android.content.res.Resources,org.xmlpull.v1.XmlPullParser)>",
					"source":"CALLER"
				}
			],
			"keyAPIDiffClass":[
				{
					"trace":[
						"<android.content.res.Resources: int getColor(int)>",
						"<android.content.res.Resources: android.content.res.ColorStateList loadColorStateList(android.util.TypedValue,int)>",
						"<android.content.res.ColorStateList: android.content.res.ColorStateList createFromXml(android.content.res.Resources,org.xmlpull.v1.XmlPullParser)>",
						"<android.content.res.ColorStateList: android.content.res.ColorStateList createFromXmlInner(android.content.res.Resources,org.xmlpull.v1.XmlPullParser,android.util.AttributeSet)>",
						"<android.content.res.ColorStateList: void inflate(android.content.res.Resources,org.xmlpull.v1.XmlPullParser,android.util.AttributeSet)>"
					],
					"depth":4,
					"method":"<android.content.res.Resources: int getColor(int)>",
					"source":"CALLER"
				},
				{
					"trace":[
						"<android.content.res.Resources: android.content.res.ColorStateList getColorStateList(int)>",
						"<android.content.res.Resources: android.content.res.ColorStateList loadColorStateList(android.util.TypedValue,int)>",
						"<android.content.res.ColorStateList: android.content.res.ColorStateList createFromXml(android.content.res.Resources,org.xmlpull.v1.XmlPullParser)>",
						"<android.content.res.ColorStateList: android.content.res.ColorStateList createFromXmlInner(android.content.res.Resources,org.xmlpull.v1.XmlPullParser,android.util.AttributeSet)>",
						"<android.content.res.ColorStateList: void inflate(android.content.res.Resources,org.xmlpull.v1.XmlPullParser,android.util.AttributeSet)>"
					],
					"depth":4,
					"method":"<android.content.res.Resources: android.content.res.ColorStateList getColorStateList(int)>",
					"source":"CALLER"
				},
				{
					"trace":[
						"<android.content.res.StringBlock: java.lang.CharSequence get(int)>",
						"<android.content.res.StringBlock: java.lang.CharSequence applyStyles(java.lang.String,int[],android.content.res.StringBlock$StyleIDs)>",
						"<android.content.res.StringBlock: android.text.style.CharacterStyle getColor(java.lang.String,boolean)>",
						"<android.content.res.Resources: android.content.res.ColorStateList getColorStateList(int)>",
						"<android.content.res.Resources: android.content.res.ColorStateList loadColorStateList(android.util.TypedValue,int)>",
						"<android.content.res.ColorStateList: android.content.res.ColorStateList createFromXml(android.content.res.Resources,org.xmlpull.v1.XmlPullParser)>",
						"<android.content.res.ColorStateList: android.content.res.ColorStateList createFromXmlInner(android.content.res.Resources,org.xmlpull.v1.XmlPullParser,android.util.AttributeSet)>",
						"<android.content.res.ColorStateList: void inflate(android.content.res.Resources,org.xmlpull.v1.XmlPullParser,android.util.AttributeSet)>"
					],
					"depth":7,
					"method":"<android.content.res.StringBlock: java.lang.CharSequence get(int)>",
					"source":"CALLER"
				},
				{
					"trace":[
						"<android.content.res.XmlBlock$Parser: int getAttributeListValue(int,java.lang.String[],int)>",
						"<android.content.res.StringBlock: java.lang.CharSequence get(int)>",
						"<android.content.res.StringBlock: java.lang.CharSequence applyStyles(java.lang.String,int[],android.content.res.StringBlock$StyleIDs)>",
						"<android.content.res.StringBlock: android.text.style.CharacterStyle getColor(java.lang.String,boolean)>",
						"<android.content.res.Resources: android.content.res.ColorStateList getColorStateList(int)>",
						"<android.content.res.Resources: android.content.res.ColorStateList loadColorStateList(android.util.TypedValue,int)>",
						"<android.content.res.ColorStateList: android.content.res.ColorStateList createFromXml(android.content.res.Resources,org.xmlpull.v1.XmlPullParser)>",
						"<android.content.res.ColorStateList: android.content.res.ColorStateList createFromXmlInner(android.content.res.Resources,org.xmlpull.v1.XmlPullParser,android.util.AttributeSet)>",
						"<android.content.res.ColorStateList: void inflate(android.content.res.Resources,org.xmlpull.v1.XmlPullParser,android.util.AttributeSet)>"
					],
					"depth":8,
					"method":"<android.content.res.XmlBlock$Parser: int getAttributeListValue(int,java.lang.String[],int)>",
					"source":"CALLER"
				},
				{
					"trace":[
						"<android.content.res.XmlBlock$Parser: java.lang.String getAttributeNamespace(int)>",
						"<android.content.res.StringBlock: java.lang.CharSequence get(int)>",
						"<android.content.res.StringBlock: java.lang.CharSequence applyStyles(java.lang.String,int[],android.content.res.StringBlock$StyleIDs)>",
						"<android.content.res.StringBlock: android.text.style.CharacterStyle getColor(java.lang.String,boolean)>",
						"<android.content.res.Resources: android.content.res.ColorStateList getColorStateList(int)>",
						"<android.content.res.Resources: android.content.res.ColorStateList loadColorStateList(android.util.TypedValue,int)>",
						"<android.content.res.ColorStateList: android.content.res.ColorStateList createFromXml(android.content.res.Resources,org.xmlpull.v1.XmlPullParser)>",
						"<android.content.res.ColorStateList: android.content.res.ColorStateList createFromXmlInner(android.content.res.Resources,org.xmlpull.v1.XmlPullParser,android.util.AttributeSet)>",
						"<android.content.res.ColorStateList: void inflate(android.content.res.Resources,org.xmlpull.v1.XmlPullParser,android.util.AttributeSet)>"
					],
					"depth":8,
					"method":"<android.content.res.XmlBlock$Parser: java.lang.String getAttributeNamespace(int)>",
					"source":"CALLER"
				},
				{
					"trace":[
						"<android.content.res.XmlBlock$Parser: java.lang.String getAttributeName(int)>",
						"<android.content.res.StringBlock: java.lang.CharSequence get(int)>",
						"<android.content.res.StringBlock: java.lang.CharSequence applyStyles(java.lang.String,int[],android.content.res.StringBlock$StyleIDs)>",
						"<android.content.res.StringBlock: android.text.style.CharacterStyle getColor(java.lang.String,boolean)>",
						"<android.content.res.Resources: android.content.res.ColorStateList getColorStateList(int)>",
						"<android.content.res.Resources: android.content.res.ColorStateList loadColorStateList(android.util.TypedValue,int)>",
						"<android.content.res.ColorStateList: android.content.res.ColorStateList createFromXml(android.content.res.Resources,org.xmlpull.v1.XmlPullParser)>",
						"<android.content.res.ColorStateList: android.content.res.ColorStateList createFromXmlInner(android.content.res.Resources,org.xmlpull.v1.XmlPullParser,android.util.AttributeSet)>",
						"<android.content.res.ColorStateList: void inflate(android.content.res.Resources,org.xmlpull.v1.XmlPullParser,android.util.AttributeSet)>"
					],
					"depth":8,
					"method":"<android.content.res.XmlBlock$Parser: java.lang.String getAttributeName(int)>",
					"source":"CALLER"
				},
				{
					"trace":[
						"<android.content.res.XmlBlock$Parser: java.lang.String getAttributeValue(int)>",
						"<android.content.res.StringBlock: java.lang.CharSequence get(int)>",
						"<android.content.res.StringBlock: java.lang.CharSequence applyStyles(java.lang.String,int[],android.content.res.StringBlock$StyleIDs)>",
						"<android.content.res.StringBlock: android.text.style.CharacterStyle getColor(java.lang.String,boolean)>",
						"<android.content.res.Resources: android.content.res.ColorStateList getColorStateList(int)>",
						"<android.content.res.Resources: android.content.res.ColorStateList loadColorStateList(android.util.TypedValue,int)>",
						"<android.content.res.ColorStateList: android.content.res.ColorStateList createFromXml(android.content.res.Resources,org.xmlpull.v1.XmlPullParser)>",
						"<android.content.res.ColorStateList: android.content.res.ColorStateList createFromXmlInner(android.content.res.Resources,org.xmlpull.v1.XmlPullParser,android.util.AttributeSet)>",
						"<android.content.res.ColorStateList: void inflate(android.content.res.Resources,org.xmlpull.v1.XmlPullParser,android.util.AttributeSet)>"
					],
					"depth":8,
					"method":"<android.content.res.XmlBlock$Parser: java.lang.String getAttributeValue(int)>",
					"source":"CALLER"
				}
			],
			"callerOfSingnlar2SourceVar":{
				"<android.content.res.ColorStateList: android.content.res.ColorStateList createFromXmlInner(android.content.res.Resources,org.xmlpull.v1.XmlPullParser,android.util.AttributeSet)>":"1",
				"<android.content.res.ColorStateList: void inflate(android.content.res.Resources,org.xmlpull.v1.XmlPullParser,android.util.AttributeSet)>":"1",
				"<android.content.res.ColorStateList: android.content.res.ColorStateList createFromXml(android.content.res.Resources,org.xmlpull.v1.XmlPullParser)>":"1"
			}
		}
	]
}