{
	"exceptions":[
		{
			"method":"<android.hardware.camera2.impl.CameraDeviceImpl$10: void run()>",
			"message":"[\\s\\S]*\\Q cannot be cast to int\\E",
			"relatedVarType":"Field",
			"relatedCondType":"Basic",
			"modifier":"public",
			"type":"java.lang.AssertionError",
			"osVersionRelated":false,
			"resourceRelated":false,
			"assessRelated":false,
			"hardwareRelated":true,
			"manifestRelated":false,
			"conditions":"$b1 < 0, $z1 == 0, $z0 != 0",
			"fieldValues":"<android.hardware.camera2.impl.CameraDeviceImpl$10: java.util.AbstractMap$SimpleEntry val$frameNumberRequestPair>, <android.hardware.camera2.impl.CameraDeviceImpl$10: android.hardware.camera2.impl.CameraDeviceImpl this$0>",
			"relatedValues":"; <android.hardware.camera2.impl.CameraDeviceImpl$10: java.util.AbstractMap$SimpleEntry val$frameNumberRequestPair>, <android.hardware.camera2.impl.CameraDeviceImpl$10: android.hardware.camera2.impl.CameraDeviceImpl this$0>; ",
			"keyAPISameClassNum":1,
			"keyAPIDiffClassNum":64,
			"keyAPISameClass":[
				{
					"trace":[
						"<android.hardware.camera2.impl.CameraDeviceImpl$10: void run()>"
					],
					"depth":1,
					"method":"<android.hardware.camera2.impl.CameraDeviceImpl$10: void run()>",
					"source":"FIELD"
				}
			],
			"keyAPIDiffClass":[
				{
					"trace":[
						"<android.hardware.camera2.impl.CameraDeviceImpl$CameraDeviceCallbacks: void onResultReceived(android.hardware.camera2.impl.CameraMetadataNative,android.hardware.camera2.impl.CaptureResultExtras)>",
						"<android.hardware.camera2.impl.CameraDeviceImpl: void access$1500(android.hardware.camera2.impl.CameraDeviceImpl)>",
						"<android.hardware.camera2.impl.CameraDeviceImpl: void checkAndFireSequenceComplete()>",
						"<android.hardware.camera2.impl.CameraDeviceImpl$10: void <init>(android.hardware.camera2.impl.CameraDeviceImpl,int,java.util.AbstractMap$SimpleEntry,android.hardware.camera2.impl.CameraDeviceImpl$CaptureCallbackHolder)>",
						"key field: <android.hardware.camera2.impl.CameraDeviceImpl$10: java.util.AbstractMap$SimpleEntry val$frameNumberRequestPair>",
						"<android.hardware.camera2.impl.CameraDeviceImpl$10: void run()>"
					],
					"depth":4,
					"method":"<android.hardware.camera2.impl.CameraDeviceImpl$CameraDeviceCallbacks: void onResultReceived(android.hardware.camera2.impl.CameraMetadataNative,android.hardware.camera2.impl.CaptureResultExtras)>",
					"source":"FIELDCALLER"
				},
				{
					"trace":[
						"<android.hardware.camera2.impl.CameraDeviceImpl: void stopRepeating()>",
						"<android.hardware.camera2.impl.CameraDeviceImpl: void checkEarlyTriggerSequenceComplete(int,long)>",
						"<android.hardware.camera2.impl.CameraDeviceImpl: void checkAndFireSequenceComplete()>",
						"<android.hardware.camera2.impl.CameraDeviceImpl$10: void <init>(android.hardware.camera2.impl.CameraDeviceImpl,int,java.util.AbstractMap$SimpleEntry,android.hardware.camera2.impl.CameraDeviceImpl$CaptureCallbackHolder)>",
						"key field: <android.hardware.camera2.impl.CameraDeviceImpl$10: java.util.AbstractMap$SimpleEntry val$frameNumberRequestPair>",
						"<android.hardware.camera2.impl.CameraDeviceImpl$10: void run()>"
					],
					"depth":4,
					"method":"<android.hardware.camera2.impl.CameraDeviceImpl: void stopRepeating()>",
					"source":"FIELDCALLER"
				},
				{
					"trace":[
						"<android.hardware.camera2.impl.CameraDeviceImpl: void flush()>",
						"<android.hardware.camera2.impl.CameraDeviceImpl: void checkEarlyTriggerSequenceComplete(int,long)>",
						"<android.hardware.camera2.impl.CameraDeviceImpl: void checkAndFireSequenceComplete()>",
						"<android.hardware.camera2.impl.CameraDeviceImpl$10: void <init>(android.hardware.camera2.impl.CameraDeviceImpl,int,java.util.AbstractMap$SimpleEntry,android.hardware.camera2.impl.CameraDeviceImpl$CaptureCallbackHolder)>",
						"key field: <android.hardware.camera2.impl.CameraDeviceImpl$10: java.util.AbstractMap$SimpleEntry val$frameNumberRequestPair>",
						"<android.hardware.camera2.impl.CameraDeviceImpl$10: void run()>"
					],
					"depth":4,
					"method":"<android.hardware.camera2.impl.CameraDeviceImpl: void flush()>",
					"source":"FIELDCALLER"
				},
				{
					"trace":[
						"<android.hardware.camera2.ICameraDeviceCallbacks$Stub: boolean onTransact(int,android.os.Parcel,android.os.Parcel,int)>",
						"<android.hardware.camera2.impl.CameraDeviceImpl$CameraDeviceCallbacks: void onResultReceived(android.hardware.camera2.impl.CameraMetadataNative,android.hardware.camera2.impl.CaptureResultExtras)>",
						"<android.hardware.camera2.impl.CameraDeviceImpl: void access$1500(android.hardware.camera2.impl.CameraDeviceImpl)>",
						"<android.hardware.camera2.impl.CameraDeviceImpl: void checkAndFireSequenceComplete()>",
						"<android.hardware.camera2.impl.CameraDeviceImpl$10: void <init>(android.hardware.camera2.impl.CameraDeviceImpl,int,java.util.AbstractMap$SimpleEntry,android.hardware.camera2.impl.CameraDeviceImpl$CaptureCallbackHolder)>",
						"key field: <android.hardware.camera2.impl.CameraDeviceImpl$10: java.util.AbstractMap$SimpleEntry val$frameNumberRequestPair>",
						"<android.hardware.camera2.impl.CameraDeviceImpl$10: void run()>"
					],
					"depth":5,
					"method":"<android.hardware.camera2.ICameraDeviceCallbacks$Stub: boolean onTransact(int,android.os.Parcel,android.os.Parcel,int)>",
					"source":"FIELDCALLER"
				},
				{
					"trace":[
						"<android.hardware.camera2.legacy.LegacyCameraDevice$1$4: void run()>",
						"<android.hardware.camera2.impl.CameraDeviceImpl$CameraDeviceCallbacks: void onResultReceived(android.hardware.camera2.impl.CameraMetadataNative,android.hardware.camera2.impl.CaptureResultExtras)>",
						"<android.hardware.camera2.impl.CameraDeviceImpl: void access$1500(android.hardware.camera2.impl.CameraDeviceImpl)>",
						"<android.hardware.camera2.impl.CameraDeviceImpl: void checkAndFireSequenceComplete()>",
						"<android.hardware.camera2.impl.CameraDeviceImpl$10: void <init>(android.hardware.camera2.impl.CameraDeviceImpl,int,java.util.AbstractMap$SimpleEntry,android.hardware.camera2.impl.CameraDeviceImpl$CaptureCallbackHolder)>",
						"key field: <android.hardware.camera2.impl.CameraDeviceImpl$10: java.util.AbstractMap$SimpleEntry val$frameNumberRequestPair>",
						"<android.hardware.camera2.impl.CameraDeviceImpl$10: void run()>"
					],
					"depth":5,
					"method":"<android.hardware.camera2.legacy.LegacyCameraDevice$1$4: void run()>",
					"source":"FIELDCALLER"
				},
				{
					"trace":[
						"<java.lang.Runnable: void run()>",
						"<android.hardware.camera2.impl.CameraDeviceImpl$CameraDeviceCallbacks: void onResultReceived(android.hardware.camera2.impl.CameraMetadataNative,android.hardware.camera2.impl.CaptureResultExtras)>",
						"<android.hardware.camera2.impl.CameraDeviceImpl: void access$1500(android.hardware.camera2.impl.CameraDeviceImpl)>",
						"<android.hardware.camera2.impl.CameraDeviceImpl: void checkAndFireSequenceComplete()>",
						"<android.hardware.camera2.impl.CameraDeviceImpl$10: void <init>(android.hardware.camera2.impl.CameraDeviceImpl,int,java.util.AbstractMap$SimpleEntry,android.hardware.camera2.impl.CameraDeviceImpl$CaptureCallbackHolder)>",
						"key field: <android.hardware.camera2.impl.CameraDeviceImpl$10: java.util.AbstractMap$SimpleEntry val$frameNumberRequestPair>",
						"<android.hardware.camera2.impl.CameraDeviceImpl$10: void run()>"
					],
					"depth":5,
					"method":"<java.lang.Runnable: void run()>",
					"source":"FIELDCALLER"
				},
				{
					"trace":[
						"<android.hardware.camera2.CameraCaptureSession: void stopRepeating()>",
						"<android.hardware.camera2.impl.CameraDeviceImpl: void stopRepeating()>",
						"<android.hardware.camera2.impl.CameraDeviceImpl: void checkEarlyTriggerSequenceComplete(int,long)>",
						"<android.hardware.camera2.impl.CameraDeviceImpl: void checkAndFireSequenceComplete()>",
						"<android.hardware.camera2.impl.CameraDeviceImpl$10: void <init>(android.hardware.camera2.impl.CameraDeviceImpl,int,java.util.AbstractMap$SimpleEntry,android.hardware.camera2.impl.CameraDeviceImpl$CaptureCallbackHolder)>",
						"key field: <android.hardware.camera2.impl.CameraDeviceImpl$10: java.util.AbstractMap$SimpleEntry val$frameNumberRequestPair>",
						"<android.hardware.camera2.impl.CameraDeviceImpl$10: void run()>"
					],
					"depth":5,
					"method":"<android.hardware.camera2.CameraCaptureSession: void stopRepeating()>",
					"source":"FIELDCALLER"
				},
				{
					"trace":[
						"<android.hardware.camera2.impl.CameraCaptureSessionImpl: void stopRepeating()>",
						"<android.hardware.camera2.impl.CameraDeviceImpl: void stopRepeating()>",
						"<android.hardware.camera2.impl.CameraDeviceImpl: void checkEarlyTriggerSequenceComplete(int,long)>",
						"<android.hardware.camera2.impl.CameraDeviceImpl: void checkAndFireSequenceComplete()>",
						"<android.hardware.camera2.impl.CameraDeviceImpl$10: void <init>(android.hardware.camera2.impl.CameraDeviceImpl,int,java.util.AbstractMap$SimpleEntry,android.hardware.camera2.impl.CameraDeviceImpl$CaptureCallbackHolder)>",
						"key field: <android.hardware.camera2.impl.CameraDeviceImpl$10: java.util.AbstractMap$SimpleEntry val$frameNumberRequestPair>",
						"<android.hardware.camera2.impl.CameraDeviceImpl$10: void run()>"
					],
					"depth":5,
					"method":"<android.hardware.camera2.impl.CameraCaptureSessionImpl: void stopRepeating()>",
					"source":"FIELDCALLER"
				},
				{
					"trace":[
						"<android.hardware.camera2.CameraCaptureSession: void close()>",
						"<android.hardware.camera2.impl.CameraDeviceImpl: void stopRepeating()>",
						"<android.hardware.camera2.impl.CameraDeviceImpl: void checkEarlyTriggerSequenceComplete(int,long)>",
						"<android.hardware.camera2.impl.CameraDeviceImpl: void checkAndFireSequenceComplete()>",
						"<android.hardware.camera2.impl.CameraDeviceImpl$10: void <init>(android.hardware.camera2.impl.CameraDeviceImpl,int,java.util.AbstractMap$SimpleEntry,android.hardware.camera2.impl.CameraDeviceImpl$CaptureCallbackHolder)>",
						"key field: <android.hardware.camera2.impl.CameraDeviceImpl$10: java.util.AbstractMap$SimpleEntry val$frameNumberRequestPair>",
						"<android.hardware.camera2.impl.CameraDeviceImpl$10: void run()>"
					],
					"depth":5,
					"method":"<android.hardware.camera2.CameraCaptureSession: void close()>",
					"source":"FIELDCALLER"
				},
				{
					"trace":[
						"<java.lang.AutoCloseable: void close()>",
						"<android.hardware.camera2.impl.CameraDeviceImpl: void stopRepeating()>",
						"<android.hardware.camera2.impl.CameraDeviceImpl: void checkEarlyTriggerSequenceComplete(int,long)>",
						"<android.hardware.camera2.impl.CameraDeviceImpl: void checkAndFireSequenceComplete()>",
						"<android.hardware.camera2.impl.CameraDeviceImpl$10: void <init>(android.hardware.camera2.impl.CameraDeviceImpl,int,java.util.AbstractMap$SimpleEntry,android.hardware.camera2.impl.CameraDeviceImpl$CaptureCallbackHolder)>",
						"key field: <android.hardware.camera2.impl.CameraDeviceImpl$10: java.util.AbstractMap$SimpleEntry val$frameNumberRequestPair>",
						"<android.hardware.camera2.impl.CameraDeviceImpl$10: void run()>"
					],
					"depth":5,
					"method":"<java.lang.AutoCloseable: void close()>",
					"source":"FIELDCALLER"
				},
				{
					"trace":[
						"<android.hardware.camera2.impl.CameraCaptureSessionImpl: void close()>",
						"<android.hardware.camera2.impl.CameraDeviceImpl: void stopRepeating()>",
						"<android.hardware.camera2.impl.CameraDeviceImpl: void checkEarlyTriggerSequenceComplete(int,long)>",
						"<android.hardware.camera2.impl.CameraDeviceImpl: void checkAndFireSequenceComplete()>",
						"<android.hardware.camera2.impl.CameraDeviceImpl$10: void <init>(android.hardware.camera2.impl.CameraDeviceImpl,int,java.util.AbstractMap$SimpleEntry,android.hardware.camera2.impl.CameraDeviceImpl$CaptureCallbackHolder)>",
						"key field: <android.hardware.camera2.impl.CameraDeviceImpl$10: java.util.AbstractMap$SimpleEntry val$frameNumberRequestPair>",
						"<android.hardware.camera2.impl.CameraDeviceImpl$10: void run()>"
					],
					"depth":5,
					"method":"<android.hardware.camera2.impl.CameraCaptureSessionImpl: void close()>",
					"source":"FIELDCALLER"
				},
				{
					"trace":[
						"<android.hardware.camera2.CameraCaptureSession: void abortCaptures()>",
						"<android.hardware.camera2.impl.CameraDeviceImpl: void flush()>",
						"<android.hardware.camera2.impl.CameraDeviceImpl: void checkEarlyTriggerSequenceComplete(int,long)>",
						"<android.hardware.camera2.impl.CameraDeviceImpl: void checkAndFireSequenceComplete()>",
						"<android.hardware.camera2.impl.CameraDeviceImpl$10: void <init>(android.hardware.camera2.impl.CameraDeviceImpl,int,java.util.AbstractMap$SimpleEntry,android.hardware.camera2.impl.CameraDeviceImpl$CaptureCallbackHolder)>",
						"key field: <android.hardware.camera2.impl.CameraDeviceImpl$10: java.util.AbstractMap$SimpleEntry val$frameNumberRequestPair>",
						"<android.hardware.camera2.impl.CameraDeviceImpl$10: void run()>"
					],
					"depth":5,
					"method":"<android.hardware.camera2.CameraCaptureSession: void abortCaptures()>",
					"source":"FIELDCALLER"
				},
				{
					"trace":[
						"<android.hardware.camera2.impl.CameraCaptureSessionImpl: void abortCaptures()>",
						"<android.hardware.camera2.impl.CameraDeviceImpl: void flush()>",
						"<android.hardware.camera2.impl.CameraDeviceImpl: void checkEarlyTriggerSequenceComplete(int,long)>",
						"<android.hardware.camera2.impl.CameraDeviceImpl: void checkAndFireSequenceComplete()>",
						"<android.hardware.camera2.impl.CameraDeviceImpl$10: void <init>(android.hardware.camera2.impl.CameraDeviceImpl,int,java.util.AbstractMap$SimpleEntry,android.hardware.camera2.impl.CameraDeviceImpl$CaptureCallbackHolder)>",
						"key field: <android.hardware.camera2.impl.CameraDeviceImpl$10: java.util.AbstractMap$SimpleEntry val$frameNumberRequestPair>",
						"<android.hardware.camera2.impl.CameraDeviceImpl$10: void run()>"
					],
					"depth":5,
					"method":"<android.hardware.camera2.impl.CameraCaptureSessionImpl: void abortCaptures()>",
					"source":"FIELDCALLER"
				},
				{
					"trace":[
						"<android.hardware.camera2.impl.CameraDeviceImpl: boolean configureOutputsChecked(java.util.List)>",
						"<android.hardware.camera2.legacy.LegacyCameraDevice$1$4: void run()>",
						"<android.hardware.camera2.impl.CameraDeviceImpl$CameraDeviceCallbacks: void onResultReceived(android.hardware.camera2.impl.CameraMetadataNative,android.hardware.camera2.impl.CaptureResultExtras)>",
						"<android.hardware.camera2.impl.CameraDeviceImpl: void access$1500(android.hardware.camera2.impl.CameraDeviceImpl)>",
						"<android.hardware.camera2.impl.CameraDeviceImpl: void checkAndFireSequenceComplete()>",
						"<android.hardware.camera2.impl.CameraDeviceImpl$10: void <init>(android.hardware.camera2.impl.CameraDeviceImpl,int,java.util.AbstractMap$SimpleEntry,android.hardware.camera2.impl.CameraDeviceImpl$CaptureCallbackHolder)>",
						"key field: <android.hardware.camera2.impl.CameraDeviceImpl$10: java.util.AbstractMap$SimpleEntry val$frameNumberRequestPair>",
						"<android.hardware.camera2.impl.CameraDeviceImpl$10: void run()>"
					],
					"depth":6,
					"method":"<android.hardware.camera2.impl.CameraDeviceImpl: boolean configureOutputsChecked(java.util.List)>",
					"source":"FIELDCALLER"
				},
				{
					"trace":[
						"<android.view.Choreographer$CallbackRecord: void run(long)>",
						"<android.hardware.camera2.legacy.LegacyCameraDevice$1$4: void run()>",
						"<android.hardware.camera2.impl.CameraDeviceImpl$CameraDeviceCallbacks: void onResultReceived(android.hardware.camera2.impl.CameraMetadataNative,android.hardware.camera2.impl.CaptureResultExtras)>",
						"<android.hardware.camera2.impl.CameraDeviceImpl: void access$1500(android.hardware.camera2.impl.CameraDeviceImpl)>",
						"<android.hardware.camera2.impl.CameraDeviceImpl: void checkAndFireSequenceComplete()>",
						"<android.hardware.camera2.impl.CameraDeviceImpl$10: void <init>(android.hardware.camera2.impl.CameraDeviceImpl,int,java.util.AbstractMap$SimpleEntry,android.hardware.camera2.impl.CameraDeviceImpl$CaptureCallbackHolder)>",
						"key field: <android.hardware.camera2.impl.CameraDeviceImpl$10: java.util.AbstractMap$SimpleEntry val$frameNumberRequestPair>",
						"<android.hardware.camera2.impl.CameraDeviceImpl$10: void run()>"
					],
					"depth":6,
					"method":"<android.view.Choreographer$CallbackRecord: void run(long)>",
					"source":"FIELDCALLER"
				},
				{
					"trace":[
						"<android.hardware.camera2.legacy.LegacyCameraDevice$1: void onCaptureResult(android.hardware.camera2.impl.CameraMetadataNative,android.hardware.camera2.legacy.RequestHolder)>",
						"<android.hardware.camera2.legacy.LegacyCameraDevice$1$4: void run()>",
						"<android.hardware.camera2.impl.CameraDeviceImpl$CameraDeviceCallbacks: void onResultReceived(android.hardware.camera2.impl.CameraMetadataNative,android.hardware.camera2.impl.CaptureResultExtras)>",
						"<android.hardware.camera2.impl.CameraDeviceImpl: void access$1500(android.hardware.camera2.impl.CameraDeviceImpl)>",
						"<android.hardware.camera2.impl.CameraDeviceImpl: void checkAndFireSequenceComplete()>",
						"<android.hardware.camera2.impl.CameraDeviceImpl$10: void <init>(android.hardware.camera2.impl.CameraDeviceImpl,int,java.util.AbstractMap$SimpleEntry,android.hardware.camera2.impl.CameraDeviceImpl$CaptureCallbackHolder)>",
						"key field: <android.hardware.camera2.impl.CameraDeviceImpl$10: java.util.AbstractMap$SimpleEntry val$frameNumberRequestPair>",
						"<android.hardware.camera2.impl.CameraDeviceImpl$10: void run()>"
					],
					"depth":6,
					"method":"<android.hardware.camera2.legacy.LegacyCameraDevice$1: void onCaptureResult(android.hardware.camera2.impl.CameraMetadataNative,android.hardware.camera2.legacy.RequestHolder)>",
					"source":"FIELDCALLER"
				},
				{
					"trace":[
						"<android.hardware.camera2.legacy.CameraDeviceState$CameraDeviceStateListener: void onCaptureResult(android.hardware.camera2.impl.CameraMetadataNative,android.hardware.camera2.legacy.RequestHolder)>",
						"<android.hardware.camera2.legacy.LegacyCameraDevice$1$4: void run()>",
						"<android.hardware.camera2.impl.CameraDeviceImpl$CameraDeviceCallbacks: void onResultReceived(android.hardware.camera2.impl.CameraMetadataNative,android.hardware.camera2.impl.CaptureResultExtras)>",
						"<android.hardware.camera2.impl.CameraDeviceImpl: void access$1500(android.hardware.camera2.impl.CameraDeviceImpl)>",
						"<android.hardware.camera2.impl.CameraDeviceImpl: void checkAndFireSequenceComplete()>",
						"<android.hardware.camera2.impl.CameraDeviceImpl$10: void <init>(android.hardware.camera2.impl.CameraDeviceImpl,int,java.util.AbstractMap$SimpleEntry,android.hardware.camera2.impl.CameraDeviceImpl$CaptureCallbackHolder)>",
						"key field: <android.hardware.camera2.impl.CameraDeviceImpl$10: java.util.AbstractMap$SimpleEntry val$frameNumberRequestPair>",
						"<android.hardware.camera2.impl.CameraDeviceImpl$10: void run()>"
					],
					"depth":6,
					"method":"<android.hardware.camera2.legacy.CameraDeviceState$CameraDeviceStateListener: void onCaptureResult(android.hardware.camera2.impl.CameraMetadataNative,android.hardware.camera2.legacy.RequestHolder)>",
					"source":"FIELDCALLER"
				},
				{
					"trace":[
						"<android.hardware.camera2.legacy.RequestHandlerThread: void waitUntilIdle()>",
						"<android.hardware.camera2.legacy.CameraDeviceUserShim$CameraCallbackThread$CallbackHandler: void handleMessage(android.os.Message)>",
						"<android.hardware.camera2.impl.CameraDeviceImpl$CameraDeviceCallbacks: void onResultReceived(android.hardware.camera2.impl.CameraMetadataNative,android.hardware.camera2.impl.CaptureResultExtras)>",
						"<android.hardware.camera2.impl.CameraDeviceImpl: void access$1500(android.hardware.camera2.impl.CameraDeviceImpl)>",
						"<android.hardware.camera2.impl.CameraDeviceImpl: void checkAndFireSequenceComplete()>",
						"<android.hardware.camera2.impl.CameraDeviceImpl$10: void <init>(android.hardware.camera2.impl.CameraDeviceImpl,int,java.util.AbstractMap$SimpleEntry,android.hardware.camera2.impl.CameraDeviceImpl$CaptureCallbackHolder)>",
						"key field: <android.hardware.camera2.impl.CameraDeviceImpl$10: java.util.AbstractMap$SimpleEntry val$frameNumberRequestPair>",
						"<android.hardware.camera2.impl.CameraDeviceImpl$10: void run()>"
					],
					"depth":6,
					"method":"<android.hardware.camera2.legacy.RequestHandlerThread: void waitUntilIdle()>",
					"source":"FIELDCALLER"
				},
				{
					"trace":[
						"<android.hardware.camera2.legacy.GLThreadManager: void allowNewFrames()>",
						"<android.hardware.camera2.legacy.CameraDeviceUserShim$CameraCallbackThread$CallbackHandler: void handleMessage(android.os.Message)>",
						"<android.hardware.camera2.impl.CameraDeviceImpl$CameraDeviceCallbacks: void onResultReceived(android.hardware.camera2.impl.CameraMetadataNative,android.hardware.camera2.impl.CaptureResultExtras)>",
						"<android.hardware.camera2.impl.CameraDeviceImpl: void access$1500(android.hardware.camera2.impl.CameraDeviceImpl)>",
						"<android.hardware.camera2.impl.CameraDeviceImpl: void checkAndFireSequenceComplete()>",
						"<android.hardware.camera2.impl.CameraDeviceImpl$10: void <init>(android.hardware.camera2.impl.CameraDeviceImpl,int,java.util.AbstractMap$SimpleEntry,android.hardware.camera2.impl.CameraDeviceImpl$CaptureCallbackHolder)>",
						"key field: <android.hardware.camera2.impl.CameraDeviceImpl$10: java.util.AbstractMap$SimpleEntry val$frameNumberRequestPair>",
						"<android.hardware.camera2.impl.CameraDeviceImpl$10: void run()>"
					],
					"depth":6,
					"method":"<android.hardware.camera2.legacy.GLThreadManager: void allowNewFrames()>",
					"source":"FIELDCALLER"
				},
				{
					"trace":[
						"<android.hardware.camera2.legacy.GLThreadManager: void ignoreNewFrames()>",
						"<android.hardware.camera2.legacy.CameraDeviceUserShim$CameraCallbackThread$CallbackHandler: void handleMessage(android.os.Message)>",
						"<android.hardware.camera2.impl.CameraDeviceImpl$CameraDeviceCallbacks: void onResultReceived(android.hardware.camera2.impl.CameraMetadataNative,android.hardware.camera2.impl.CaptureResultExtras)>",
						"<android.hardware.camera2.impl.CameraDeviceImpl: void access$1500(android.hardware.camera2.impl.CameraDeviceImpl)>",
						"<android.hardware.camera2.impl.CameraDeviceImpl: void checkAndFireSequenceComplete()>",
						"<android.hardware.camera2.impl.CameraDeviceImpl$10: void <init>(android.hardware.camera2.impl.CameraDeviceImpl,int,java.util.AbstractMap$SimpleEntry,android.hardware.camera2.impl.CameraDeviceImpl$CaptureCallbackHolder)>",
						"key field: <android.hardware.camera2.impl.CameraDeviceImpl$10: java.util.AbstractMap$SimpleEntry val$frameNumberRequestPair>",
						"<android.hardware.camera2.impl.CameraDeviceImpl$10: void run()>"
					],
					"depth":6,
					"method":"<android.hardware.camera2.legacy.GLThreadManager: void ignoreNewFrames()>",
					"source":"FIELDCALLER"
				},
				{
					"trace":[
						"<android.hardware.camera2.legacy.GLThreadManager: void quit()>",
						"<android.hardware.camera2.legacy.CameraDeviceUserShim$CameraCallbackThread$CallbackHandler: void handleMessage(android.os.Message)>",
						"<android.hardware.camera2.impl.CameraDeviceImpl$CameraDeviceCallbacks: void onResultReceived(android.hardware.camera2.impl.CameraMetadataNative,android.hardware.camera2.impl.CaptureResultExtras)>",
						"<android.hardware.camera2.impl.CameraDeviceImpl: void access$1500(android.hardware.camera2.impl.CameraDeviceImpl)>",
						"<android.hardware.camera2.impl.CameraDeviceImpl: void checkAndFireSequenceComplete()>",
						"<android.hardware.camera2.impl.CameraDeviceImpl$10: void <init>(android.hardware.camera2.impl.CameraDeviceImpl,int,java.util.AbstractMap$SimpleEntry,android.hardware.camera2.impl.CameraDeviceImpl$CaptureCallbackHolder)>",
						"key field: <android.hardware.camera2.impl.CameraDeviceImpl$10: java.util.AbstractMap$SimpleEntry val$frameNumberRequestPair>",
						"<android.hardware.camera2.impl.CameraDeviceImpl$10: void run()>"
					],
					"depth":6,
					"method":"<android.hardware.camera2.legacy.GLThreadManager: void quit()>",
					"source":"FIELDCALLER"
				},
				{
					"trace":[
						"<android.widget.Filter$RequestHandler: void handleMessage(android.os.Message)>",
						"<android.hardware.camera2.legacy.CameraDeviceUserShim$CameraCallbackThread$CallbackHandler: void handleMessage(android.os.Message)>",
						"<android.hardware.camera2.impl.CameraDeviceImpl$CameraDeviceCallbacks: void onResultReceived(android.hardware.camera2.impl.CameraMetadataNative,android.hardware.camera2.impl.CaptureResultExtras)>",
						"<android.hardware.camera2.impl.CameraDeviceImpl: void access$1500(android.hardware.camera2.impl.CameraDeviceImpl)>",
						"<android.hardware.camera2.impl.CameraDeviceImpl: void checkAndFireSequenceComplete()>",
						"<android.hardware.camera2.impl.CameraDeviceImpl$10: void <init>(android.hardware.camera2.impl.CameraDeviceImpl,int,java.util.AbstractMap$SimpleEntry,android.hardware.camera2.impl.CameraDeviceImpl$CaptureCallbackHolder)>",
						"key field: <android.hardware.camera2.impl.CameraDeviceImpl$10: java.util.AbstractMap$SimpleEntry val$frameNumberRequestPair>",
						"<android.hardware.camera2.impl.CameraDeviceImpl$10: void run()>"
					],
					"depth":6,
					"method":"<android.widget.Filter$RequestHandler: void handleMessage(android.os.Message)>",
					"source":"FIELDCALLER"
				},
				{
					"trace":[
						"<android.hardware.camera2.impl.CameraDeviceImpl: int capture(android.hardware.camera2.CaptureRequest,android.hardware.camera2.impl.CameraDeviceImpl$CaptureCallback,android.os.Handler)>",
						"<android.hardware.camera2.impl.CameraDeviceImpl: int submitCaptureRequest(java.util.List,android.hardware.camera2.impl.CameraDeviceImpl$CaptureCallback,android.os.Handler,boolean)>",
						"<android.hardware.camera2.impl.CameraDeviceImpl: void stopRepeating()>",
						"<android.hardware.camera2.impl.CameraDeviceImpl: void checkEarlyTriggerSequenceComplete(int,long)>",
						"<android.hardware.camera2.impl.CameraDeviceImpl: void checkAndFireSequenceComplete()>",
						"<android.hardware.camera2.impl.CameraDeviceImpl$10: void <init>(android.hardware.camera2.impl.CameraDeviceImpl,int,java.util.AbstractMap$SimpleEntry,android.hardware.camera2.impl.CameraDeviceImpl$CaptureCallbackHolder)>",
						"key field: <android.hardware.camera2.impl.CameraDeviceImpl$10: java.util.AbstractMap$SimpleEntry val$frameNumberRequestPair>",
						"<android.hardware.camera2.impl.CameraDeviceImpl$10: void run()>"
					],
					"depth":6,
					"method":"<android.hardware.camera2.impl.CameraDeviceImpl: int capture(android.hardware.camera2.CaptureRequest,android.hardware.camera2.impl.CameraDeviceImpl$CaptureCallback,android.os.Handler)>",
					"source":"FIELDCALLER"
				},
				{
					"trace":[
						"<android.hardware.camera2.impl.CameraDeviceImpl: int setRepeatingBurst(java.util.List,android.hardware.camera2.impl.CameraDeviceImpl$CaptureCallback,android.os.Handler)>",
						"<android.hardware.camera2.impl.CameraDeviceImpl: int submitCaptureRequest(java.util.List,android.hardware.camera2.impl.CameraDeviceImpl$CaptureCallback,android.os.Handler,boolean)>",
						"<android.hardware.camera2.impl.CameraDeviceImpl: void stopRepeating()>",
						"<android.hardware.camera2.impl.CameraDeviceImpl: void checkEarlyTriggerSequenceComplete(int,long)>",
						"<android.hardware.camera2.impl.CameraDeviceImpl: void checkAndFireSequenceComplete()>",
						"<android.hardware.camera2.impl.CameraDeviceImpl$10: void <init>(android.hardware.camera2.impl.CameraDeviceImpl,int,java.util.AbstractMap$SimpleEntry,android.hardware.camera2.impl.CameraDeviceImpl$CaptureCallbackHolder)>",
						"key field: <android.hardware.camera2.impl.CameraDeviceImpl$10: java.util.AbstractMap$SimpleEntry val$frameNumberRequestPair>",
						"<android.hardware.camera2.impl.CameraDeviceImpl$10: void run()>"
					],
					"depth":6,
					"method":"<android.hardware.camera2.impl.CameraDeviceImpl: int setRepeatingBurst(java.util.List,android.hardware.camera2.impl.CameraDeviceImpl$CaptureCallback,android.os.Handler)>",
					"source":"FIELDCALLER"
				},
				{
					"trace":[
						"<android.hardware.camera2.impl.CameraDeviceImpl: int setRepeatingRequest(android.hardware.camera2.CaptureRequest,android.hardware.camera2.impl.CameraDeviceImpl$CaptureCallback,android.os.Handler)>",
						"<android.hardware.camera2.impl.CameraDeviceImpl: int submitCaptureRequest(java.util.List,android.hardware.camera2.impl.CameraDeviceImpl$CaptureCallback,android.os.Handler,boolean)>",
						"<android.hardware.camera2.impl.CameraDeviceImpl: void stopRepeating()>",
						"<android.hardware.camera2.impl.CameraDeviceImpl: void checkEarlyTriggerSequenceComplete(int,long)>",
						"<android.hardware.camera2.impl.CameraDeviceImpl: void checkAndFireSequenceComplete()>",
						"<android.hardware.camera2.impl.CameraDeviceImpl$10: void <init>(android.hardware.camera2.impl.CameraDeviceImpl,int,java.util.AbstractMap$SimpleEntry,android.hardware.camera2.impl.CameraDeviceImpl$CaptureCallbackHolder)>",
						"key field: <android.hardware.camera2.impl.CameraDeviceImpl$10: java.util.AbstractMap$SimpleEntry val$frameNumberRequestPair>",
						"<android.hardware.camera2.impl.CameraDeviceImpl$10: void run()>"
					],
					"depth":6,
					"method":"<android.hardware.camera2.impl.CameraDeviceImpl: int setRepeatingRequest(android.hardware.camera2.CaptureRequest,android.hardware.camera2.impl.CameraDeviceImpl$CaptureCallback,android.os.Handler)>",
					"source":"FIELDCALLER"
				},
				{
					"trace":[
						"<android.hardware.camera2.impl.CameraDeviceImpl: int captureBurst(java.util.List,android.hardware.camera2.impl.CameraDeviceImpl$CaptureCallback,android.os.Handler)>",
						"<android.hardware.camera2.impl.CameraDeviceImpl: int submitCaptureRequest(java.util.List,android.hardware.camera2.impl.CameraDeviceImpl$CaptureCallback,android.os.Handler,boolean)>",
						"<android.hardware.camera2.impl.CameraDeviceImpl: void stopRepeating()>",
						"<android.hardware.camera2.impl.CameraDeviceImpl: void checkEarlyTriggerSequenceComplete(int,long)>",
						"<android.hardware.camera2.impl.CameraDeviceImpl: void checkAndFireSequenceComplete()>",
						"<android.hardware.camera2.impl.CameraDeviceImpl$10: void <init>(android.hardware.camera2.impl.CameraDeviceImpl,int,java.util.AbstractMap$SimpleEntry,android.hardware.camera2.impl.CameraDeviceImpl$CaptureCallbackHolder)>",
						"key field: <android.hardware.camera2.impl.CameraDeviceImpl$10: java.util.AbstractMap$SimpleEntry val$frameNumberRequestPair>",
						"<android.hardware.camera2.impl.CameraDeviceImpl$10: void run()>"
					],
					"depth":6,
					"method":"<android.hardware.camera2.impl.CameraDeviceImpl: int captureBurst(java.util.List,android.hardware.camera2.impl.CameraDeviceImpl$CaptureCallback,android.os.Handler)>",
					"source":"FIELDCALLER"
				},
				{
					"trace":[
						"<android.hardware.camera2.CameraDevice$StateCallback: void onDisconnected(android.hardware.camera2.CameraDevice)>",
						"<android.hardware.camera2.impl.CameraCaptureSessionImpl: void close()>",
						"<android.hardware.camera2.impl.CameraDeviceImpl: void stopRepeating()>",
						"<android.hardware.camera2.impl.CameraDeviceImpl: void checkEarlyTriggerSequenceComplete(int,long)>",
						"<android.hardware.camera2.impl.CameraDeviceImpl: void checkAndFireSequenceComplete()>",
						"<android.hardware.camera2.impl.CameraDeviceImpl$10: void <init>(android.hardware.camera2.impl.CameraDeviceImpl,int,java.util.AbstractMap$SimpleEntry,android.hardware.camera2.impl.CameraDeviceImpl$CaptureCallbackHolder)>",
						"key field: <android.hardware.camera2.impl.CameraDeviceImpl$10: java.util.AbstractMap$SimpleEntry val$frameNumberRequestPair>",
						"<android.hardware.camera2.impl.CameraDeviceImpl$10: void run()>"
					],
					"depth":6,
					"method":"<android.hardware.camera2.CameraDevice$StateCallback: void onDisconnected(android.hardware.camera2.CameraDevice)>",
					"source":"FIELDCALLER"
				},
				{
					"trace":[
						"<android.hardware.camera2.impl.CameraCaptureSessionImpl$2: void onDisconnected(android.hardware.camera2.CameraDevice)>",
						"<android.hardware.camera2.impl.CameraCaptureSessionImpl: void close()>",
						"<android.hardware.camera2.impl.CameraDeviceImpl: void stopRepeating()>",
						"<android.hardware.camera2.impl.CameraDeviceImpl: void checkEarlyTriggerSequenceComplete(int,long)>",
						"<android.hardware.camera2.impl.CameraDeviceImpl: void checkAndFireSequenceComplete()>",
						"<android.hardware.camera2.impl.CameraDeviceImpl$10: void <init>(android.hardware.camera2.impl.CameraDeviceImpl,int,java.util.AbstractMap$SimpleEntry,android.hardware.camera2.impl.CameraDeviceImpl$CaptureCallbackHolder)>",
						"key field: <android.hardware.camera2.impl.CameraDeviceImpl$10: java.util.AbstractMap$SimpleEntry val$frameNumberRequestPair>",
						"<android.hardware.camera2.impl.CameraDeviceImpl$10: void run()>"
					],
					"depth":6,
					"method":"<android.hardware.camera2.impl.CameraCaptureSessionImpl$2: void onDisconnected(android.hardware.camera2.CameraDevice)>",
					"source":"FIELDCALLER"
				},
				{
					"trace":[
						"<android.hardware.camera2.impl.CameraCaptureSessionImpl$IdleDrainListener: void onDrained()>",
						"<android.hardware.camera2.impl.CameraDeviceImpl: boolean configureOutputsChecked(java.util.List)>",
						"<android.hardware.camera2.legacy.LegacyCameraDevice$1$4: void run()>",
						"<android.hardware.camera2.impl.CameraDeviceImpl$CameraDeviceCallbacks: void onResultReceived(android.hardware.camera2.impl.CameraMetadataNative,android.hardware.camera2.impl.CaptureResultExtras)>",
						"<android.hardware.camera2.impl.CameraDeviceImpl: void access$1500(android.hardware.camera2.impl.CameraDeviceImpl)>",
						"<android.hardware.camera2.impl.CameraDeviceImpl: void checkAndFireSequenceComplete()>",
						"<android.hardware.camera2.impl.CameraDeviceImpl$10: void <init>(android.hardware.camera2.impl.CameraDeviceImpl,int,java.util.AbstractMap$SimpleEntry,android.hardware.camera2.impl.CameraDeviceImpl$CaptureCallbackHolder)>",
						"key field: <android.hardware.camera2.impl.CameraDeviceImpl$10: java.util.AbstractMap$SimpleEntry val$frameNumberRequestPair>",
						"<android.hardware.camera2.impl.CameraDeviceImpl$10: void run()>"
					],
					"depth":7,
					"method":"<android.hardware.camera2.impl.CameraCaptureSessionImpl$IdleDrainListener: void onDrained()>",
					"source":"FIELDCALLER"
				},
				{
					"trace":[
						"<android.hardware.camera2.utils.TaskDrainer$DrainListener: void onDrained()>",
						"<android.hardware.camera2.impl.CameraDeviceImpl: boolean configureOutputsChecked(java.util.List)>",
						"<android.hardware.camera2.legacy.LegacyCameraDevice$1$4: void run()>",
						"<android.hardware.camera2.impl.CameraDeviceImpl$CameraDeviceCallbacks: void onResultReceived(android.hardware.camera2.impl.CameraMetadataNative,android.hardware.camera2.impl.CaptureResultExtras)>",
						"<android.hardware.camera2.impl.CameraDeviceImpl: void access$1500(android.hardware.camera2.impl.CameraDeviceImpl)>",
						"<android.hardware.camera2.impl.CameraDeviceImpl: void checkAndFireSequenceComplete()>",
						"<android.hardware.camera2.impl.CameraDeviceImpl$10: void <init>(android.hardware.camera2.impl.CameraDeviceImpl,int,java.util.AbstractMap$SimpleEntry,android.hardware.camera2.impl.CameraDeviceImpl$CaptureCallbackHolder)>",
						"key field: <android.hardware.camera2.impl.CameraDeviceImpl$10: java.util.AbstractMap$SimpleEntry val$frameNumberRequestPair>",
						"<android.hardware.camera2.impl.CameraDeviceImpl$10: void run()>"
					],
					"depth":7,
					"method":"<android.hardware.camera2.utils.TaskDrainer$DrainListener: void onDrained()>",
					"source":"FIELDCALLER"
				},
				{
					"trace":[
						"<android.hardware.camera2.impl.CameraDeviceImpl: void createCaptureSession(java.util.List,android.hardware.camera2.CameraCaptureSession$StateCallback,android.os.Handler)>",
						"<android.hardware.camera2.impl.CameraDeviceImpl: boolean configureOutputsChecked(java.util.List)>",
						"<android.hardware.camera2.legacy.LegacyCameraDevice$1$4: void run()>",
						"<android.hardware.camera2.impl.CameraDeviceImpl$CameraDeviceCallbacks: void onResultReceived(android.hardware.camera2.impl.CameraMetadataNative,android.hardware.camera2.impl.CaptureResultExtras)>",
						"<android.hardware.camera2.impl.CameraDeviceImpl: void access$1500(android.hardware.camera2.impl.CameraDeviceImpl)>",
						"<android.hardware.camera2.impl.CameraDeviceImpl: void checkAndFireSequenceComplete()>",
						"<android.hardware.camera2.impl.CameraDeviceImpl$10: void <init>(android.hardware.camera2.impl.CameraDeviceImpl,int,java.util.AbstractMap$SimpleEntry,android.hardware.camera2.impl.CameraDeviceImpl$CaptureCallbackHolder)>",
						"key field: <android.hardware.camera2.impl.CameraDeviceImpl$10: java.util.AbstractMap$SimpleEntry val$frameNumberRequestPair>",
						"<android.hardware.camera2.impl.CameraDeviceImpl$10: void run()>"
					],
					"depth":7,
					"method":"<android.hardware.camera2.impl.CameraDeviceImpl: void createCaptureSession(java.util.List,android.hardware.camera2.CameraCaptureSession$StateCallback,android.os.Handler)>",
					"source":"FIELDCALLER"
				},
				{
					"trace":[
						"<android.hardware.camera2.CameraDevice: void createCaptureSession(java.util.List,android.hardware.camera2.CameraCaptureSession$StateCallback,android.os.Handler)>",
						"<android.hardware.camera2.impl.CameraDeviceImpl: boolean configureOutputsChecked(java.util.List)>",
						"<android.hardware.camera2.legacy.LegacyCameraDevice$1$4: void run()>",
						"<android.hardware.camera2.impl.CameraDeviceImpl$CameraDeviceCallbacks: void onResultReceived(android.hardware.camera2.impl.CameraMetadataNative,android.hardware.camera2.impl.CaptureResultExtras)>",
						"<android.hardware.camera2.impl.CameraDeviceImpl: void access$1500(android.hardware.camera2.impl.CameraDeviceImpl)>",
						"<android.hardware.camera2.impl.CameraDeviceImpl: void checkAndFireSequenceComplete()>",
						"<android.hardware.camera2.impl.CameraDeviceImpl$10: void <init>(android.hardware.camera2.impl.CameraDeviceImpl,int,java.util.AbstractMap$SimpleEntry,android.hardware.camera2.impl.CameraDeviceImpl$CaptureCallbackHolder)>",
						"key field: <android.hardware.camera2.impl.CameraDeviceImpl$10: java.util.AbstractMap$SimpleEntry val$frameNumberRequestPair>",
						"<android.hardware.camera2.impl.CameraDeviceImpl$10: void run()>"
					],
					"depth":7,
					"method":"<android.hardware.camera2.CameraDevice: void createCaptureSession(java.util.List,android.hardware.camera2.CameraCaptureSession$StateCallback,android.os.Handler)>",
					"source":"FIELDCALLER"
				},
				{
					"trace":[
						"<android.hardware.camera2.impl.CameraDeviceImpl: void configureOutputs(java.util.List)>",
						"<android.hardware.camera2.impl.CameraDeviceImpl: boolean configureOutputsChecked(java.util.List)>",
						"<android.hardware.camera2.legacy.LegacyCameraDevice$1$4: void run()>",
						"<android.hardware.camera2.impl.CameraDeviceImpl$CameraDeviceCallbacks: void onResultReceived(android.hardware.camera2.impl.CameraMetadataNative,android.hardware.camera2.impl.CaptureResultExtras)>",
						"<android.hardware.camera2.impl.CameraDeviceImpl: void access$1500(android.hardware.camera2.impl.CameraDeviceImpl)>",
						"<android.hardware.camera2.impl.CameraDeviceImpl: void checkAndFireSequenceComplete()>",
						"<android.hardware.camera2.impl.CameraDeviceImpl$10: void <init>(android.hardware.camera2.impl.CameraDeviceImpl,int,java.util.AbstractMap$SimpleEntry,android.hardware.camera2.impl.CameraDeviceImpl$CaptureCallbackHolder)>",
						"key field: <android.hardware.camera2.impl.CameraDeviceImpl$10: java.util.AbstractMap$SimpleEntry val$frameNumberRequestPair>",
						"<android.hardware.camera2.impl.CameraDeviceImpl$10: void run()>"
					],
					"depth":7,
					"method":"<android.hardware.camera2.impl.CameraDeviceImpl: void configureOutputs(java.util.List)>",
					"source":"FIELDCALLER"
				},
				{
					"trace":[
						"<android.hardware.camera2.legacy.CameraDeviceState$2: void run()>",
						"<android.hardware.camera2.legacy.LegacyCameraDevice$1: void onCaptureResult(android.hardware.camera2.impl.CameraMetadataNative,android.hardware.camera2.legacy.RequestHolder)>",
						"<android.hardware.camera2.legacy.LegacyCameraDevice$1$4: void run()>",
						"<android.hardware.camera2.impl.CameraDeviceImpl$CameraDeviceCallbacks: void onResultReceived(android.hardware.camera2.impl.CameraMetadataNative,android.hardware.camera2.impl.CaptureResultExtras)>",
						"<android.hardware.camera2.impl.CameraDeviceImpl: void access$1500(android.hardware.camera2.impl.CameraDeviceImpl)>",
						"<android.hardware.camera2.impl.CameraDeviceImpl: void checkAndFireSequenceComplete()>",
						"<android.hardware.camera2.impl.CameraDeviceImpl$10: void <init>(android.hardware.camera2.impl.CameraDeviceImpl,int,java.util.AbstractMap$SimpleEntry,android.hardware.camera2.impl.CameraDeviceImpl$CaptureCallbackHolder)>",
						"key field: <android.hardware.camera2.impl.CameraDeviceImpl$10: java.util.AbstractMap$SimpleEntry val$frameNumberRequestPair>",
						"<android.hardware.camera2.impl.CameraDeviceImpl$10: void run()>"
					],
					"depth":7,
					"method":"<android.hardware.camera2.legacy.CameraDeviceState$2: void run()>",
					"source":"FIELDCALLER"
				},
				{
					"trace":[
						"<android.hardware.camera2.legacy.GLThreadManager: void waitUntilIdle()>",
						"<android.hardware.camera2.legacy.RequestHandlerThread: void waitUntilIdle()>",
						"<android.hardware.camera2.legacy.CameraDeviceUserShim$CameraCallbackThread$CallbackHandler: void handleMessage(android.os.Message)>",
						"<android.hardware.camera2.impl.CameraDeviceImpl$CameraDeviceCallbacks: void onResultReceived(android.hardware.camera2.impl.CameraMetadataNative,android.hardware.camera2.impl.CaptureResultExtras)>",
						"<android.hardware.camera2.impl.CameraDeviceImpl: void access$1500(android.hardware.camera2.impl.CameraDeviceImpl)>",
						"<android.hardware.camera2.impl.CameraDeviceImpl: void checkAndFireSequenceComplete()>",
						"<android.hardware.camera2.impl.CameraDeviceImpl$10: void <init>(android.hardware.camera2.impl.CameraDeviceImpl,int,java.util.AbstractMap$SimpleEntry,android.hardware.camera2.impl.CameraDeviceImpl$CaptureCallbackHolder)>",
						"key field: <android.hardware.camera2.impl.CameraDeviceImpl$10: java.util.AbstractMap$SimpleEntry val$frameNumberRequestPair>",
						"<android.hardware.camera2.impl.CameraDeviceImpl$10: void run()>"
					],
					"depth":7,
					"method":"<android.hardware.camera2.legacy.GLThreadManager: void waitUntilIdle()>",
					"source":"FIELDCALLER"
				},
				{
					"trace":[
						"<android.hardware.camera2.legacy.RequestThreadManager$5: boolean handleMessage(android.os.Message)>",
						"<android.hardware.camera2.legacy.GLThreadManager: void quit()>",
						"<android.hardware.camera2.legacy.CameraDeviceUserShim$CameraCallbackThread$CallbackHandler: void handleMessage(android.os.Message)>",
						"<android.hardware.camera2.impl.CameraDeviceImpl$CameraDeviceCallbacks: void onResultReceived(android.hardware.camera2.impl.CameraMetadataNative,android.hardware.camera2.impl.CaptureResultExtras)>",
						"<android.hardware.camera2.impl.CameraDeviceImpl: void access$1500(android.hardware.camera2.impl.CameraDeviceImpl)>",
						"<android.hardware.camera2.impl.CameraDeviceImpl: void checkAndFireSequenceComplete()>",
						"<android.hardware.camera2.impl.CameraDeviceImpl$10: void <init>(android.hardware.camera2.impl.CameraDeviceImpl,int,java.util.AbstractMap$SimpleEntry,android.hardware.camera2.impl.CameraDeviceImpl$CaptureCallbackHolder)>",
						"key field: <android.hardware.camera2.impl.CameraDeviceImpl$10: java.util.AbstractMap$SimpleEntry val$frameNumberRequestPair>",
						"<android.hardware.camera2.impl.CameraDeviceImpl$10: void run()>"
					],
					"depth":7,
					"method":"<android.hardware.camera2.legacy.RequestThreadManager$5: boolean handleMessage(android.os.Message)>",
					"source":"FIELDCALLER"
				},
				{
					"trace":[
						"<android.os.Handler$Callback: boolean handleMessage(android.os.Message)>",
						"<android.hardware.camera2.legacy.GLThreadManager: void quit()>",
						"<android.hardware.camera2.legacy.CameraDeviceUserShim$CameraCallbackThread$CallbackHandler: void handleMessage(android.os.Message)>",
						"<android.hardware.camera2.impl.CameraDeviceImpl$CameraDeviceCallbacks: void onResultReceived(android.hardware.camera2.impl.CameraMetadataNative,android.hardware.camera2.impl.CaptureResultExtras)>",
						"<android.hardware.camera2.impl.CameraDeviceImpl: void access$1500(android.hardware.camera2.impl.CameraDeviceImpl)>",
						"<android.hardware.camera2.impl.CameraDeviceImpl: void checkAndFireSequenceComplete()>",
						"<android.hardware.camera2.impl.CameraDeviceImpl$10: void <init>(android.hardware.camera2.impl.CameraDeviceImpl,int,java.util.AbstractMap$SimpleEntry,android.hardware.camera2.impl.CameraDeviceImpl$CaptureCallbackHolder)>",
						"key field: <android.hardware.camera2.impl.CameraDeviceImpl$10: java.util.AbstractMap$SimpleEntry val$frameNumberRequestPair>",
						"<android.hardware.camera2.impl.CameraDeviceImpl$10: void run()>"
					],
					"depth":7,
					"method":"<android.os.Handler$Callback: boolean handleMessage(android.os.Message)>",
					"source":"FIELDCALLER"
				},
				{
					"trace":[
						"<android.hardware.camera2.CameraCaptureSession: int capture(android.hardware.camera2.CaptureRequest,android.hardware.camera2.CameraCaptureSession$CaptureCallback,android.os.Handler)>",
						"<android.hardware.camera2.impl.CameraDeviceImpl: int capture(android.hardware.camera2.CaptureRequest,android.hardware.camera2.impl.CameraDeviceImpl$CaptureCallback,android.os.Handler)>",
						"<android.hardware.camera2.impl.CameraDeviceImpl: int submitCaptureRequest(java.util.List,android.hardware.camera2.impl.CameraDeviceImpl$CaptureCallback,android.os.Handler,boolean)>",
						"<android.hardware.camera2.impl.CameraDeviceImpl: void stopRepeating()>",
						"<android.hardware.camera2.impl.CameraDeviceImpl: void checkEarlyTriggerSequenceComplete(int,long)>",
						"<android.hardware.camera2.impl.CameraDeviceImpl: void checkAndFireSequenceComplete()>",
						"<android.hardware.camera2.impl.CameraDeviceImpl$10: void <init>(android.hardware.camera2.impl.CameraDeviceImpl,int,java.util.AbstractMap$SimpleEntry,android.hardware.camera2.impl.CameraDeviceImpl$CaptureCallbackHolder)>",
						"key field: <android.hardware.camera2.impl.CameraDeviceImpl$10: java.util.AbstractMap$SimpleEntry val$frameNumberRequestPair>",
						"<android.hardware.camera2.impl.CameraDeviceImpl$10: void run()>"
					],
					"depth":7,
					"method":"<android.hardware.camera2.CameraCaptureSession: int capture(android.hardware.camera2.CaptureRequest,android.hardware.camera2.CameraCaptureSession$CaptureCallback,android.os.Handler)>",
					"source":"FIELDCALLER"
				},
				{
					"trace":[
						"<android.hardware.camera2.impl.CameraCaptureSessionImpl: int capture(android.hardware.camera2.CaptureRequest,android.hardware.camera2.CameraCaptureSession$CaptureCallback,android.os.Handler)>",
						"<android.hardware.camera2.impl.CameraDeviceImpl: int capture(android.hardware.camera2.CaptureRequest,android.hardware.camera2.impl.CameraDeviceImpl$CaptureCallback,android.os.Handler)>",
						"<android.hardware.camera2.impl.CameraDeviceImpl: int submitCaptureRequest(java.util.List,android.hardware.camera2.impl.CameraDeviceImpl$CaptureCallback,android.os.Handler,boolean)>",
						"<android.hardware.camera2.impl.CameraDeviceImpl: void stopRepeating()>",
						"<android.hardware.camera2.impl.CameraDeviceImpl: void checkEarlyTriggerSequenceComplete(int,long)>",
						"<android.hardware.camera2.impl.CameraDeviceImpl: void checkAndFireSequenceComplete()>",
						"<android.hardware.camera2.impl.CameraDeviceImpl$10: void <init>(android.hardware.camera2.impl.CameraDeviceImpl,int,java.util.AbstractMap$SimpleEntry,android.hardware.camera2.impl.CameraDeviceImpl$CaptureCallbackHolder)>",
						"key field: <android.hardware.camera2.impl.CameraDeviceImpl$10: java.util.AbstractMap$SimpleEntry val$frameNumberRequestPair>",
						"<android.hardware.camera2.impl.CameraDeviceImpl$10: void run()>"
					],
					"depth":7,
					"method":"<android.hardware.camera2.impl.CameraCaptureSessionImpl: int capture(android.hardware.camera2.CaptureRequest,android.hardware.camera2.CameraCaptureSession$CaptureCallback,android.os.Handler)>",
					"source":"FIELDCALLER"
				},
				{
					"trace":[
						"<android.hardware.camera2.CameraCaptureSession: int setRepeatingBurst(java.util.List,android.hardware.camera2.CameraCaptureSession$CaptureCallback,android.os.Handler)>",
						"<android.hardware.camera2.impl.CameraDeviceImpl: int setRepeatingBurst(java.util.List,android.hardware.camera2.impl.CameraDeviceImpl$CaptureCallback,android.os.Handler)>",
						"<android.hardware.camera2.impl.CameraDeviceImpl: int submitCaptureRequest(java.util.List,android.hardware.camera2.impl.CameraDeviceImpl$CaptureCallback,android.os.Handler,boolean)>",
						"<android.hardware.camera2.impl.CameraDeviceImpl: void stopRepeating()>",
						"<android.hardware.camera2.impl.CameraDeviceImpl: void checkEarlyTriggerSequenceComplete(int,long)>",
						"<android.hardware.camera2.impl.CameraDeviceImpl: void checkAndFireSequenceComplete()>",
						"<android.hardware.camera2.impl.CameraDeviceImpl$10: void <init>(android.hardware.camera2.impl.CameraDeviceImpl,int,java.util.AbstractMap$SimpleEntry,android.hardware.camera2.impl.CameraDeviceImpl$CaptureCallbackHolder)>",
						"key field: <android.hardware.camera2.impl.CameraDeviceImpl$10: java.util.AbstractMap$SimpleEntry val$frameNumberRequestPair>",
						"<android.hardware.camera2.impl.CameraDeviceImpl$10: void run()>"
					],
					"depth":7,
					"method":"<android.hardware.camera2.CameraCaptureSession: int setRepeatingBurst(java.util.List,android.hardware.camera2.CameraCaptureSession$CaptureCallback,android.os.Handler)>",
					"source":"FIELDCALLER"
				},
				{
					"trace":[
						"<android.hardware.camera2.impl.CameraCaptureSessionImpl: int setRepeatingBurst(java.util.List,android.hardware.camera2.CameraCaptureSession$CaptureCallback,android.os.Handler)>",
						"<android.hardware.camera2.impl.CameraDeviceImpl: int setRepeatingBurst(java.util.List,android.hardware.camera2.impl.CameraDeviceImpl$CaptureCallback,android.os.Handler)>",
						"<android.hardware.camera2.impl.CameraDeviceImpl: int submitCaptureRequest(java.util.List,android.hardware.camera2.impl.CameraDeviceImpl$CaptureCallback,android.os.Handler,boolean)>",
						"<android.hardware.camera2.impl.CameraDeviceImpl: void stopRepeating()>",
						"<android.hardware.camera2.impl.CameraDeviceImpl: void checkEarlyTriggerSequenceComplete(int,long)>",
						"<android.hardware.camera2.impl.CameraDeviceImpl: void checkAndFireSequenceComplete()>",
						"<android.hardware.camera2.impl.CameraDeviceImpl$10: void <init>(android.hardware.camera2.impl.CameraDeviceImpl,int,java.util.AbstractMap$SimpleEntry,android.hardware.camera2.impl.CameraDeviceImpl$CaptureCallbackHolder)>",
						"key field: <android.hardware.camera2.impl.CameraDeviceImpl$10: java.util.AbstractMap$SimpleEntry val$frameNumberRequestPair>",
						"<android.hardware.camera2.impl.CameraDeviceImpl$10: void run()>"
					],
					"depth":7,
					"method":"<android.hardware.camera2.impl.CameraCaptureSessionImpl: int setRepeatingBurst(java.util.List,android.hardware.camera2.CameraCaptureSession$CaptureCallback,android.os.Handler)>",
					"source":"FIELDCALLER"
				},
				{
					"trace":[
						"<android.hardware.camera2.CameraCaptureSession: int setRepeatingRequest(android.hardware.camera2.CaptureRequest,android.hardware.camera2.CameraCaptureSession$CaptureCallback,android.os.Handler)>",
						"<android.hardware.camera2.impl.CameraDeviceImpl: int setRepeatingRequest(android.hardware.camera2.CaptureRequest,android.hardware.camera2.impl.CameraDeviceImpl$CaptureCallback,android.os.Handler)>",
						"<android.hardware.camera2.impl.CameraDeviceImpl: int submitCaptureRequest(java.util.List,android.hardware.camera2.impl.CameraDeviceImpl$CaptureCallback,android.os.Handler,boolean)>",
						"<android.hardware.camera2.impl.CameraDeviceImpl: void stopRepeating()>",
						"<android.hardware.camera2.impl.CameraDeviceImpl: void checkEarlyTriggerSequenceComplete(int,long)>",
						"<android.hardware.camera2.impl.CameraDeviceImpl: void checkAndFireSequenceComplete()>",
						"<android.hardware.camera2.impl.CameraDeviceImpl$10: void <init>(android.hardware.camera2.impl.CameraDeviceImpl,int,java.util.AbstractMap$SimpleEntry,android.hardware.camera2.impl.CameraDeviceImpl$CaptureCallbackHolder)>",
						"key field: <android.hardware.camera2.impl.CameraDeviceImpl$10: java.util.AbstractMap$SimpleEntry val$frameNumberRequestPair>",
						"<android.hardware.camera2.impl.CameraDeviceImpl$10: void run()>"
					],
					"depth":7,
					"method":"<android.hardware.camera2.CameraCaptureSession: int setRepeatingRequest(android.hardware.camera2.CaptureRequest,android.hardware.camera2.CameraCaptureSession$CaptureCallback,android.os.Handler)>",
					"source":"FIELDCALLER"
				},
				{
					"trace":[
						"<android.hardware.camera2.impl.CameraCaptureSessionImpl: int setRepeatingRequest(android.hardware.camera2.CaptureRequest,android.hardware.camera2.CameraCaptureSession$CaptureCallback,android.os.Handler)>",
						"<android.hardware.camera2.impl.CameraDeviceImpl: int setRepeatingRequest(android.hardware.camera2.CaptureRequest,android.hardware.camera2.impl.CameraDeviceImpl$CaptureCallback,android.os.Handler)>",
						"<android.hardware.camera2.impl.CameraDeviceImpl: int submitCaptureRequest(java.util.List,android.hardware.camera2.impl.CameraDeviceImpl$CaptureCallback,android.os.Handler,boolean)>",
						"<android.hardware.camera2.impl.CameraDeviceImpl: void stopRepeating()>",
						"<android.hardware.camera2.impl.CameraDeviceImpl: void checkEarlyTriggerSequenceComplete(int,long)>",
						"<android.hardware.camera2.impl.CameraDeviceImpl: void checkAndFireSequenceComplete()>",
						"<android.hardware.camera2.impl.CameraDeviceImpl$10: void <init>(android.hardware.camera2.impl.CameraDeviceImpl,int,java.util.AbstractMap$SimpleEntry,android.hardware.camera2.impl.CameraDeviceImpl$CaptureCallbackHolder)>",
						"key field: <android.hardware.camera2.impl.CameraDeviceImpl$10: java.util.AbstractMap$SimpleEntry val$frameNumberRequestPair>",
						"<android.hardware.camera2.impl.CameraDeviceImpl$10: void run()>"
					],
					"depth":7,
					"method":"<android.hardware.camera2.impl.CameraCaptureSessionImpl: int setRepeatingRequest(android.hardware.camera2.CaptureRequest,android.hardware.camera2.CameraCaptureSession$CaptureCallback,android.os.Handler)>",
					"source":"FIELDCALLER"
				},
				{
					"trace":[
						"<android.hardware.camera2.CameraCaptureSession: int captureBurst(java.util.List,android.hardware.camera2.CameraCaptureSession$CaptureCallback,android.os.Handler)>",
						"<android.hardware.camera2.impl.CameraDeviceImpl: int captureBurst(java.util.List,android.hardware.camera2.impl.CameraDeviceImpl$CaptureCallback,android.os.Handler)>",
						"<android.hardware.camera2.impl.CameraDeviceImpl: int submitCaptureRequest(java.util.List,android.hardware.camera2.impl.CameraDeviceImpl$CaptureCallback,android.os.Handler,boolean)>",
						"<android.hardware.camera2.impl.CameraDeviceImpl: void stopRepeating()>",
						"<android.hardware.camera2.impl.CameraDeviceImpl: void checkEarlyTriggerSequenceComplete(int,long)>",
						"<android.hardware.camera2.impl.CameraDeviceImpl: void checkAndFireSequenceComplete()>",
						"<android.hardware.camera2.impl.CameraDeviceImpl$10: void <init>(android.hardware.camera2.impl.CameraDeviceImpl,int,java.util.AbstractMap$SimpleEntry,android.hardware.camera2.impl.CameraDeviceImpl$CaptureCallbackHolder)>",
						"key field: <android.hardware.camera2.impl.CameraDeviceImpl$10: java.util.AbstractMap$SimpleEntry val$frameNumberRequestPair>",
						"<android.hardware.camera2.impl.CameraDeviceImpl$10: void run()>"
					],
					"depth":7,
					"method":"<android.hardware.camera2.CameraCaptureSession: int captureBurst(java.util.List,android.hardware.camera2.CameraCaptureSession$CaptureCallback,android.os.Handler)>",
					"source":"FIELDCALLER"
				},
				{
					"trace":[
						"<android.hardware.camera2.impl.CameraCaptureSessionImpl: int captureBurst(java.util.List,android.hardware.camera2.CameraCaptureSession$CaptureCallback,android.os.Handler)>",
						"<android.hardware.camera2.impl.CameraDeviceImpl: int captureBurst(java.util.List,android.hardware.camera2.impl.CameraDeviceImpl$CaptureCallback,android.os.Handler)>",
						"<android.hardware.camera2.impl.CameraDeviceImpl: int submitCaptureRequest(java.util.List,android.hardware.camera2.impl.CameraDeviceImpl$CaptureCallback,android.os.Handler,boolean)>",
						"<android.hardware.camera2.impl.CameraDeviceImpl: void stopRepeating()>",
						"<android.hardware.camera2.impl.CameraDeviceImpl: void checkEarlyTriggerSequenceComplete(int,long)>",
						"<android.hardware.camera2.impl.CameraDeviceImpl: void checkAndFireSequenceComplete()>",
						"<android.hardware.camera2.impl.CameraDeviceImpl$10: void <init>(android.hardware.camera2.impl.CameraDeviceImpl,int,java.util.AbstractMap$SimpleEntry,android.hardware.camera2.impl.CameraDeviceImpl$CaptureCallbackHolder)>",
						"key field: <android.hardware.camera2.impl.CameraDeviceImpl$10: java.util.AbstractMap$SimpleEntry val$frameNumberRequestPair>",
						"<android.hardware.camera2.impl.CameraDeviceImpl$10: void run()>"
					],
					"depth":7,
					"method":"<android.hardware.camera2.impl.CameraCaptureSessionImpl: int captureBurst(java.util.List,android.hardware.camera2.CameraCaptureSession$CaptureCallback,android.os.Handler)>",
					"source":"FIELDCALLER"
				},
				{
					"trace":[
						"<android.hardware.camera2.impl.CameraDeviceImpl$7: void run()>",
						"<android.hardware.camera2.impl.CameraCaptureSessionImpl$2: void onDisconnected(android.hardware.camera2.CameraDevice)>",
						"<android.hardware.camera2.impl.CameraCaptureSessionImpl: void close()>",
						"<android.hardware.camera2.impl.CameraDeviceImpl: void stopRepeating()>",
						"<android.hardware.camera2.impl.CameraDeviceImpl: void checkEarlyTriggerSequenceComplete(int,long)>",
						"<android.hardware.camera2.impl.CameraDeviceImpl: void checkAndFireSequenceComplete()>",
						"<android.hardware.camera2.impl.CameraDeviceImpl$10: void <init>(android.hardware.camera2.impl.CameraDeviceImpl,int,java.util.AbstractMap$SimpleEntry,android.hardware.camera2.impl.CameraDeviceImpl$CaptureCallbackHolder)>",
						"key field: <android.hardware.camera2.impl.CameraDeviceImpl$10: java.util.AbstractMap$SimpleEntry val$frameNumberRequestPair>",
						"<android.hardware.camera2.impl.CameraDeviceImpl$10: void run()>"
					],
					"depth":7,
					"method":"<android.hardware.camera2.impl.CameraDeviceImpl$7: void run()>",
					"source":"FIELDCALLER"
				},
				{
					"trace":[
						"<android.hardware.camera2.impl.CameraDeviceImpl$8: void run()>",
						"<android.hardware.camera2.impl.CameraCaptureSessionImpl$2: void onDisconnected(android.hardware.camera2.CameraDevice)>",
						"<android.hardware.camera2.impl.CameraCaptureSessionImpl: void close()>",
						"<android.hardware.camera2.impl.CameraDeviceImpl: void stopRepeating()>",
						"<android.hardware.camera2.impl.CameraDeviceImpl: void checkEarlyTriggerSequenceComplete(int,long)>",
						"<android.hardware.camera2.impl.CameraDeviceImpl: void checkAndFireSequenceComplete()>",
						"<android.hardware.camera2.impl.CameraDeviceImpl$10: void <init>(android.hardware.camera2.impl.CameraDeviceImpl,int,java.util.AbstractMap$SimpleEntry,android.hardware.camera2.impl.CameraDeviceImpl$CaptureCallbackHolder)>",
						"key field: <android.hardware.camera2.impl.CameraDeviceImpl$10: java.util.AbstractMap$SimpleEntry val$frameNumberRequestPair>",
						"<android.hardware.camera2.impl.CameraDeviceImpl$10: void run()>"
					],
					"depth":7,
					"method":"<android.hardware.camera2.impl.CameraDeviceImpl$8: void run()>",
					"source":"FIELDCALLER"
				},
				{
					"trace":[
						"<android.hardware.camera2.utils.TaskDrainer$1: void run()>",
						"<android.hardware.camera2.impl.CameraCaptureSessionImpl$IdleDrainListener: void onDrained()>",
						"<android.hardware.camera2.impl.CameraDeviceImpl: boolean configureOutputsChecked(java.util.List)>",
						"<android.hardware.camera2.legacy.LegacyCameraDevice$1$4: void run()>",
						"<android.hardware.camera2.impl.CameraDeviceImpl$CameraDeviceCallbacks: void onResultReceived(android.hardware.camera2.impl.CameraMetadataNative,android.hardware.camera2.impl.CaptureResultExtras)>",
						"<android.hardware.camera2.impl.CameraDeviceImpl: void access$1500(android.hardware.camera2.impl.CameraDeviceImpl)>",
						"<android.hardware.camera2.impl.CameraDeviceImpl: void checkAndFireSequenceComplete()>",
						"<android.hardware.camera2.impl.CameraDeviceImpl$10: void <init>(android.hardware.camera2.impl.CameraDeviceImpl,int,java.util.AbstractMap$SimpleEntry,android.hardware.camera2.impl.CameraDeviceImpl$CaptureCallbackHolder)>",
						"key field: <android.hardware.camera2.impl.CameraDeviceImpl$10: java.util.AbstractMap$SimpleEntry val$frameNumberRequestPair>",
						"<android.hardware.camera2.impl.CameraDeviceImpl$10: void run()>"
					],
					"depth":8,
					"method":"<android.hardware.camera2.utils.TaskDrainer$1: void run()>",
					"source":"FIELDCALLER"
				},
				{
					"trace":[
						"<android.hardware.camera2.legacy.CameraDeviceState: boolean setCaptureResult(android.hardware.camera2.legacy.RequestHolder,android.hardware.camera2.impl.CameraMetadataNative,int)>",
						"<android.hardware.camera2.legacy.CameraDeviceState$2: void run()>",
						"<android.hardware.camera2.legacy.LegacyCameraDevice$1: void onCaptureResult(android.hardware.camera2.impl.CameraMetadataNative,android.hardware.camera2.legacy.RequestHolder)>",
						"<android.hardware.camera2.legacy.LegacyCameraDevice$1$4: void run()>",
						"<android.hardware.camera2.impl.CameraDeviceImpl$CameraDeviceCallbacks: void onResultReceived(android.hardware.camera2.impl.CameraMetadataNative,android.hardware.camera2.impl.CaptureResultExtras)>",
						"<android.hardware.camera2.impl.CameraDeviceImpl: void access$1500(android.hardware.camera2.impl.CameraDeviceImpl)>",
						"<android.hardware.camera2.impl.CameraDeviceImpl: void checkAndFireSequenceComplete()>",
						"<android.hardware.camera2.impl.CameraDeviceImpl$10: void <init>(android.hardware.camera2.impl.CameraDeviceImpl,int,java.util.AbstractMap$SimpleEntry,android.hardware.camera2.impl.CameraDeviceImpl$CaptureCallbackHolder)>",
						"key field: <android.hardware.camera2.impl.CameraDeviceImpl$10: java.util.AbstractMap$SimpleEntry val$frameNumberRequestPair>",
						"<android.hardware.camera2.impl.CameraDeviceImpl$10: void run()>"
					],
					"depth":8,
					"method":"<android.hardware.camera2.legacy.CameraDeviceState: boolean setCaptureResult(android.hardware.camera2.legacy.RequestHolder,android.hardware.camera2.impl.CameraMetadataNative,int)>",
					"source":"FIELDCALLER"
				},
				{
					"trace":[
						"<android.widget.TextClock$3: void run()>",
						"<android.hardware.camera2.legacy.CameraDeviceState$2: void run()>",
						"<android.hardware.camera2.legacy.LegacyCameraDevice$1: void onCaptureResult(android.hardware.camera2.impl.CameraMetadataNative,android.hardware.camera2.legacy.RequestHolder)>",
						"<android.hardware.camera2.legacy.LegacyCameraDevice$1$4: void run()>",
						"<android.hardware.camera2.impl.CameraDeviceImpl$CameraDeviceCallbacks: void onResultReceived(android.hardware.camera2.impl.CameraMetadataNative,android.hardware.camera2.impl.CaptureResultExtras)>",
						"<android.hardware.camera2.impl.CameraDeviceImpl: void access$1500(android.hardware.camera2.impl.CameraDeviceImpl)>",
						"<android.hardware.camera2.impl.CameraDeviceImpl: void checkAndFireSequenceComplete()>",
						"<android.hardware.camera2.impl.CameraDeviceImpl$10: void <init>(android.hardware.camera2.impl.CameraDeviceImpl,int,java.util.AbstractMap$SimpleEntry,android.hardware.camera2.impl.CameraDeviceImpl$CaptureCallbackHolder)>",
						"key field: <android.hardware.camera2.impl.CameraDeviceImpl$10: java.util.AbstractMap$SimpleEntry val$frameNumberRequestPair>",
						"<android.hardware.camera2.impl.CameraDeviceImpl$10: void run()>"
					],
					"depth":8,
					"method":"<android.widget.TextClock$3: void run()>",
					"source":"FIELDCALLER"
				},
				{
					"trace":[
						"<android.app.SharedPreferencesImpl$2: void run()>",
						"<android.hardware.camera2.legacy.CameraDeviceState$2: void run()>",
						"<android.hardware.camera2.legacy.LegacyCameraDevice$1: void onCaptureResult(android.hardware.camera2.impl.CameraMetadataNative,android.hardware.camera2.legacy.RequestHolder)>",
						"<android.hardware.camera2.legacy.LegacyCameraDevice$1$4: void run()>",
						"<android.hardware.camera2.impl.CameraDeviceImpl$CameraDeviceCallbacks: void onResultReceived(android.hardware.camera2.impl.CameraMetadataNative,android.hardware.camera2.impl.CaptureResultExtras)>",
						"<android.hardware.camera2.impl.CameraDeviceImpl: void access$1500(android.hardware.camera2.impl.CameraDeviceImpl)>",
						"<android.hardware.camera2.impl.CameraDeviceImpl: void checkAndFireSequenceComplete()>",
						"<android.hardware.camera2.impl.CameraDeviceImpl$10: void <init>(android.hardware.camera2.impl.CameraDeviceImpl,int,java.util.AbstractMap$SimpleEntry,android.hardware.camera2.impl.CameraDeviceImpl$CaptureCallbackHolder)>",
						"key field: <android.hardware.camera2.impl.CameraDeviceImpl$10: java.util.AbstractMap$SimpleEntry val$frameNumberRequestPair>",
						"<android.hardware.camera2.impl.CameraDeviceImpl$10: void run()>"
					],
					"depth":8,
					"method":"<android.app.SharedPreferencesImpl$2: void run()>",
					"source":"FIELDCALLER"
				},
				{
					"trace":[
						"<android.os.AsyncTask$SerialExecutor$1: void run()>",
						"<android.hardware.camera2.legacy.CameraDeviceState$2: void run()>",
						"<android.hardware.camera2.legacy.LegacyCameraDevice$1: void onCaptureResult(android.hardware.camera2.impl.CameraMetadataNative,android.hardware.camera2.legacy.RequestHolder)>",
						"<android.hardware.camera2.legacy.LegacyCameraDevice$1$4: void run()>",
						"<android.hardware.camera2.impl.CameraDeviceImpl$CameraDeviceCallbacks: void onResultReceived(android.hardware.camera2.impl.CameraMetadataNative,android.hardware.camera2.impl.CaptureResultExtras)>",
						"<android.hardware.camera2.impl.CameraDeviceImpl: void access$1500(android.hardware.camera2.impl.CameraDeviceImpl)>",
						"<android.hardware.camera2.impl.CameraDeviceImpl: void checkAndFireSequenceComplete()>",
						"<android.hardware.camera2.impl.CameraDeviceImpl$10: void <init>(android.hardware.camera2.impl.CameraDeviceImpl,int,java.util.AbstractMap$SimpleEntry,android.hardware.camera2.impl.CameraDeviceImpl$CaptureCallbackHolder)>",
						"key field: <android.hardware.camera2.impl.CameraDeviceImpl$10: java.util.AbstractMap$SimpleEntry val$frameNumberRequestPair>",
						"<android.hardware.camera2.impl.CameraDeviceImpl$10: void run()>"
					],
					"depth":8,
					"method":"<android.os.AsyncTask$SerialExecutor$1: void run()>",
					"source":"FIELDCALLER"
				},
				{
					"trace":[
						"<android.widget.DigitalClock$1: void run()>",
						"<android.hardware.camera2.legacy.CameraDeviceState$2: void run()>",
						"<android.hardware.camera2.legacy.LegacyCameraDevice$1: void onCaptureResult(android.hardware.camera2.impl.CameraMetadataNative,android.hardware.camera2.legacy.RequestHolder)>",
						"<android.hardware.camera2.legacy.LegacyCameraDevice$1$4: void run()>",
						"<android.hardware.camera2.impl.CameraDeviceImpl$CameraDeviceCallbacks: void onResultReceived(android.hardware.camera2.impl.CameraMetadataNative,android.hardware.camera2.impl.CaptureResultExtras)>",
						"<android.hardware.camera2.impl.CameraDeviceImpl: void access$1500(android.hardware.camera2.impl.CameraDeviceImpl)>",
						"<android.hardware.camera2.impl.CameraDeviceImpl: void checkAndFireSequenceComplete()>",
						"<android.hardware.camera2.impl.CameraDeviceImpl$10: void <init>(android.hardware.camera2.impl.CameraDeviceImpl,int,java.util.AbstractMap$SimpleEntry,android.hardware.camera2.impl.CameraDeviceImpl$CaptureCallbackHolder)>",
						"key field: <android.hardware.camera2.impl.CameraDeviceImpl$10: java.util.AbstractMap$SimpleEntry val$frameNumberRequestPair>",
						"<android.hardware.camera2.impl.CameraDeviceImpl$10: void run()>"
					],
					"depth":8,
					"method":"<android.widget.DigitalClock$1: void run()>",
					"source":"FIELDCALLER"
				},
				{
					"trace":[
						"<android.app.SharedPreferencesImpl$EditorImpl$2: void run()>",
						"<android.hardware.camera2.legacy.CameraDeviceState$2: void run()>",
						"<android.hardware.camera2.legacy.LegacyCameraDevice$1: void onCaptureResult(android.hardware.camera2.impl.CameraMetadataNative,android.hardware.camera2.legacy.RequestHolder)>",
						"<android.hardware.camera2.legacy.LegacyCameraDevice$1$4: void run()>",
						"<android.hardware.camera2.impl.CameraDeviceImpl$CameraDeviceCallbacks: void onResultReceived(android.hardware.camera2.impl.CameraMetadataNative,android.hardware.camera2.impl.CaptureResultExtras)>",
						"<android.hardware.camera2.impl.CameraDeviceImpl: void access$1500(android.hardware.camera2.impl.CameraDeviceImpl)>",
						"<android.hardware.camera2.impl.CameraDeviceImpl: void checkAndFireSequenceComplete()>",
						"<android.hardware.camera2.impl.CameraDeviceImpl$10: void <init>(android.hardware.camera2.impl.CameraDeviceImpl,int,java.util.AbstractMap$SimpleEntry,android.hardware.camera2.impl.CameraDeviceImpl$CaptureCallbackHolder)>",
						"key field: <android.hardware.camera2.impl.CameraDeviceImpl$10: java.util.AbstractMap$SimpleEntry val$frameNumberRequestPair>",
						"<android.hardware.camera2.impl.CameraDeviceImpl$10: void run()>"
					],
					"depth":8,
					"method":"<android.app.SharedPreferencesImpl$EditorImpl$2: void run()>",
					"source":"FIELDCALLER"
				},
				{
					"trace":[
						"<android.test.InstrumentationTestCase$1: void run()>",
						"<android.hardware.camera2.legacy.CameraDeviceState$2: void run()>",
						"<android.hardware.camera2.legacy.LegacyCameraDevice$1: void onCaptureResult(android.hardware.camera2.impl.CameraMetadataNative,android.hardware.camera2.legacy.RequestHolder)>",
						"<android.hardware.camera2.legacy.LegacyCameraDevice$1$4: void run()>",
						"<android.hardware.camera2.impl.CameraDeviceImpl$CameraDeviceCallbacks: void onResultReceived(android.hardware.camera2.impl.CameraMetadataNative,android.hardware.camera2.impl.CaptureResultExtras)>",
						"<android.hardware.camera2.impl.CameraDeviceImpl: void access$1500(android.hardware.camera2.impl.CameraDeviceImpl)>",
						"<android.hardware.camera2.impl.CameraDeviceImpl: void checkAndFireSequenceComplete()>",
						"<android.hardware.camera2.impl.CameraDeviceImpl$10: void <init>(android.hardware.camera2.impl.CameraDeviceImpl,int,java.util.AbstractMap$SimpleEntry,android.hardware.camera2.impl.CameraDeviceImpl$CaptureCallbackHolder)>",
						"key field: <android.hardware.camera2.impl.CameraDeviceImpl$10: java.util.AbstractMap$SimpleEntry val$frameNumberRequestPair>",
						"<android.hardware.camera2.impl.CameraDeviceImpl$10: void run()>"
					],
					"depth":8,
					"method":"<android.test.InstrumentationTestCase$1: void run()>",
					"source":"FIELDCALLER"
				},
				{
					"trace":[
						"<android.app.Instrumentation$SyncRunnable: void run()>",
						"<android.hardware.camera2.legacy.CameraDeviceState$2: void run()>",
						"<android.hardware.camera2.legacy.LegacyCameraDevice$1: void onCaptureResult(android.hardware.camera2.impl.CameraMetadataNative,android.hardware.camera2.legacy.RequestHolder)>",
						"<android.hardware.camera2.legacy.LegacyCameraDevice$1$4: void run()>",
						"<android.hardware.camera2.impl.CameraDeviceImpl$CameraDeviceCallbacks: void onResultReceived(android.hardware.camera2.impl.CameraMetadataNative,android.hardware.camera2.impl.CaptureResultExtras)>",
						"<android.hardware.camera2.impl.CameraDeviceImpl: void access$1500(android.hardware.camera2.impl.CameraDeviceImpl)>",
						"<android.hardware.camera2.impl.CameraDeviceImpl: void checkAndFireSequenceComplete()>",
						"<android.hardware.camera2.impl.CameraDeviceImpl$10: void <init>(android.hardware.camera2.impl.CameraDeviceImpl,int,java.util.AbstractMap$SimpleEntry,android.hardware.camera2.impl.CameraDeviceImpl$CaptureCallbackHolder)>",
						"key field: <android.hardware.camera2.impl.CameraDeviceImpl$10: java.util.AbstractMap$SimpleEntry val$frameNumberRequestPair>",
						"<android.hardware.camera2.impl.CameraDeviceImpl$10: void run()>"
					],
					"depth":8,
					"method":"<android.app.Instrumentation$SyncRunnable: void run()>",
					"source":"FIELDCALLER"
				},
				{
					"trace":[
						"<android.os.Handler$BlockingRunnable: void run()>",
						"<android.hardware.camera2.legacy.CameraDeviceState$2: void run()>",
						"<android.hardware.camera2.legacy.LegacyCameraDevice$1: void onCaptureResult(android.hardware.camera2.impl.CameraMetadataNative,android.hardware.camera2.legacy.RequestHolder)>",
						"<android.hardware.camera2.legacy.LegacyCameraDevice$1$4: void run()>",
						"<android.hardware.camera2.impl.CameraDeviceImpl$CameraDeviceCallbacks: void onResultReceived(android.hardware.camera2.impl.CameraMetadataNative,android.hardware.camera2.impl.CaptureResultExtras)>",
						"<android.hardware.camera2.impl.CameraDeviceImpl: void access$1500(android.hardware.camera2.impl.CameraDeviceImpl)>",
						"<android.hardware.camera2.impl.CameraDeviceImpl: void checkAndFireSequenceComplete()>",
						"<android.hardware.camera2.impl.CameraDeviceImpl$10: void <init>(android.hardware.camera2.impl.CameraDeviceImpl,int,java.util.AbstractMap$SimpleEntry,android.hardware.camera2.impl.CameraDeviceImpl$CaptureCallbackHolder)>",
						"key field: <android.hardware.camera2.impl.CameraDeviceImpl$10: java.util.AbstractMap$SimpleEntry val$frameNumberRequestPair>",
						"<android.hardware.camera2.impl.CameraDeviceImpl$10: void run()>"
					],
					"depth":8,
					"method":"<android.os.Handler$BlockingRunnable: void run()>",
					"source":"FIELDCALLER"
				},
				{
					"trace":[
						"<com.android.internal.widget.WaveView$2: void run()>",
						"<android.hardware.camera2.legacy.CameraDeviceState$2: void run()>",
						"<android.hardware.camera2.legacy.LegacyCameraDevice$1: void onCaptureResult(android.hardware.camera2.impl.CameraMetadataNative,android.hardware.camera2.legacy.RequestHolder)>",
						"<android.hardware.camera2.legacy.LegacyCameraDevice$1$4: void run()>",
						"<android.hardware.camera2.impl.CameraDeviceImpl$CameraDeviceCallbacks: void onResultReceived(android.hardware.camera2.impl.CameraMetadataNative,android.hardware.camera2.impl.CaptureResultExtras)>",
						"<android.hardware.camera2.impl.CameraDeviceImpl: void access$1500(android.hardware.camera2.impl.CameraDeviceImpl)>",
						"<android.hardware.camera2.impl.CameraDeviceImpl: void checkAndFireSequenceComplete()>",
						"<android.hardware.camera2.impl.CameraDeviceImpl$10: void <init>(android.hardware.camera2.impl.CameraDeviceImpl,int,java.util.AbstractMap$SimpleEntry,android.hardware.camera2.impl.CameraDeviceImpl$CaptureCallbackHolder)>",
						"key field: <android.hardware.camera2.impl.CameraDeviceImpl$10: java.util.AbstractMap$SimpleEntry val$frameNumberRequestPair>",
						"<android.hardware.camera2.impl.CameraDeviceImpl$10: void run()>"
					],
					"depth":8,
					"method":"<com.android.internal.widget.WaveView$2: void run()>",
					"source":"FIELDCALLER"
				},
				{
					"trace":[
						"<java.lang.Thread: void run()>",
						"<android.hardware.camera2.legacy.CameraDeviceState$2: void run()>",
						"<android.hardware.camera2.legacy.LegacyCameraDevice$1: void onCaptureResult(android.hardware.camera2.impl.CameraMetadataNative,android.hardware.camera2.legacy.RequestHolder)>",
						"<android.hardware.camera2.legacy.LegacyCameraDevice$1$4: void run()>",
						"<android.hardware.camera2.impl.CameraDeviceImpl$CameraDeviceCallbacks: void onResultReceived(android.hardware.camera2.impl.CameraMetadataNative,android.hardware.camera2.impl.CaptureResultExtras)>",
						"<android.hardware.camera2.impl.CameraDeviceImpl: void access$1500(android.hardware.camera2.impl.CameraDeviceImpl)>",
						"<android.hardware.camera2.impl.CameraDeviceImpl: void checkAndFireSequenceComplete()>",
						"<android.hardware.camera2.impl.CameraDeviceImpl$10: void <init>(android.hardware.camera2.impl.CameraDeviceImpl,int,java.util.AbstractMap$SimpleEntry,android.hardware.camera2.impl.CameraDeviceImpl$CaptureCallbackHolder)>",
						"key field: <android.hardware.camera2.impl.CameraDeviceImpl$10: java.util.AbstractMap$SimpleEntry val$frameNumberRequestPair>",
						"<android.hardware.camera2.impl.CameraDeviceImpl$10: void run()>"
					],
					"depth":8,
					"method":"<java.lang.Thread: void run()>",
					"source":"FIELDCALLER"
				},
				{
					"trace":[
						"<android.hardware.camera2.impl.CameraDeviceImpl$CameraDeviceCallbacks: void onDeviceIdle()>",
						"<android.hardware.camera2.legacy.CameraDeviceState$2: void run()>",
						"<android.hardware.camera2.legacy.LegacyCameraDevice$1: void onCaptureResult(android.hardware.camera2.impl.CameraMetadataNative,android.hardware.camera2.legacy.RequestHolder)>",
						"<android.hardware.camera2.legacy.LegacyCameraDevice$1$4: void run()>",
						"<android.hardware.camera2.impl.CameraDeviceImpl$CameraDeviceCallbacks: void onResultReceived(android.hardware.camera2.impl.CameraMetadataNative,android.hardware.camera2.impl.CaptureResultExtras)>",
						"<android.hardware.camera2.impl.CameraDeviceImpl: void access$1500(android.hardware.camera2.impl.CameraDeviceImpl)>",
						"<android.hardware.camera2.impl.CameraDeviceImpl: void checkAndFireSequenceComplete()>",
						"<android.hardware.camera2.impl.CameraDeviceImpl$10: void <init>(android.hardware.camera2.impl.CameraDeviceImpl,int,java.util.AbstractMap$SimpleEntry,android.hardware.camera2.impl.CameraDeviceImpl$CaptureCallbackHolder)>",
						"key field: <android.hardware.camera2.impl.CameraDeviceImpl$10: java.util.AbstractMap$SimpleEntry val$frameNumberRequestPair>",
						"<android.hardware.camera2.impl.CameraDeviceImpl$10: void run()>"
					],
					"depth":8,
					"method":"<android.hardware.camera2.impl.CameraDeviceImpl$CameraDeviceCallbacks: void onDeviceIdle()>",
					"source":"FIELDCALLER"
				},
				{
					"trace":[
						"<android.hardware.camera2.impl.CameraDeviceImpl$CameraDeviceCallbacks: void onDeviceError(int,android.hardware.camera2.impl.CaptureResultExtras)>",
						"<android.hardware.camera2.legacy.CameraDeviceState$2: void run()>",
						"<android.hardware.camera2.legacy.LegacyCameraDevice$1: void onCaptureResult(android.hardware.camera2.impl.CameraMetadataNative,android.hardware.camera2.legacy.RequestHolder)>",
						"<android.hardware.camera2.legacy.LegacyCameraDevice$1$4: void run()>",
						"<android.hardware.camera2.impl.CameraDeviceImpl$CameraDeviceCallbacks: void onResultReceived(android.hardware.camera2.impl.CameraMetadataNative,android.hardware.camera2.impl.CaptureResultExtras)>",
						"<android.hardware.camera2.impl.CameraDeviceImpl: void access$1500(android.hardware.camera2.impl.CameraDeviceImpl)>",
						"<android.hardware.camera2.impl.CameraDeviceImpl: void checkAndFireSequenceComplete()>",
						"<android.hardware.camera2.impl.CameraDeviceImpl$10: void <init>(android.hardware.camera2.impl.CameraDeviceImpl,int,java.util.AbstractMap$SimpleEntry,android.hardware.camera2.impl.CameraDeviceImpl$CaptureCallbackHolder)>",
						"key field: <android.hardware.camera2.impl.CameraDeviceImpl$10: java.util.AbstractMap$SimpleEntry val$frameNumberRequestPair>",
						"<android.hardware.camera2.impl.CameraDeviceImpl$10: void run()>"
					],
					"depth":8,
					"method":"<android.hardware.camera2.impl.CameraDeviceImpl$CameraDeviceCallbacks: void onDeviceError(int,android.hardware.camera2.impl.CaptureResultExtras)>",
					"source":"FIELDCALLER"
				},
				{
					"trace":[
						"<android.hardware.camera2.legacy.LegacyCameraDevice$1$2: void run()>",
						"<android.hardware.camera2.impl.CameraDeviceImpl$CameraDeviceCallbacks: void onDeviceIdle()>",
						"<android.widget.TextClock$3: void run()>",
						"<android.hardware.camera2.legacy.LegacyCameraDevice$1$4: void run()>",
						"<android.hardware.camera2.impl.CameraDeviceImpl$CameraDeviceCallbacks: void onResultReceived(android.hardware.camera2.impl.CameraMetadataNative,android.hardware.camera2.impl.CaptureResultExtras)>",
						"<android.hardware.camera2.impl.CameraDeviceImpl: void access$1500(android.hardware.camera2.impl.CameraDeviceImpl)>",
						"<android.hardware.camera2.impl.CameraDeviceImpl: void checkAndFireSequenceComplete()>",
						"<android.hardware.camera2.impl.CameraDeviceImpl$10: void <init>(android.hardware.camera2.impl.CameraDeviceImpl,int,java.util.AbstractMap$SimpleEntry,android.hardware.camera2.impl.CameraDeviceImpl$CaptureCallbackHolder)>",
						"key field: <android.hardware.camera2.impl.CameraDeviceImpl$10: java.util.AbstractMap$SimpleEntry val$frameNumberRequestPair>",
						"<android.hardware.camera2.impl.CameraDeviceImpl$10: void run()>"
					],
					"depth":8,
					"method":"<android.hardware.camera2.legacy.LegacyCameraDevice$1$2: void run()>",
					"source":"FIELDCALLER"
				},
				{
					"trace":[
						"<android.hardware.camera2.legacy.CameraDeviceUserShim$CameraCallbackThread$CallbackHandler: void handleMessage(android.os.Message)>",
						"<android.hardware.camera2.impl.CameraDeviceImpl$CameraDeviceCallbacks: void onDeviceIdle()>",
						"<android.widget.TextClock$3: void run()>",
						"<android.hardware.camera2.legacy.LegacyCameraDevice$1$4: void run()>",
						"<android.hardware.camera2.impl.CameraDeviceImpl$CameraDeviceCallbacks: void onResultReceived(android.hardware.camera2.impl.CameraMetadataNative,android.hardware.camera2.impl.CaptureResultExtras)>",
						"<android.hardware.camera2.impl.CameraDeviceImpl: void access$1500(android.hardware.camera2.impl.CameraDeviceImpl)>",
						"<android.hardware.camera2.impl.CameraDeviceImpl: void checkAndFireSequenceComplete()>",
						"<android.hardware.camera2.impl.CameraDeviceImpl$10: void <init>(android.hardware.camera2.impl.CameraDeviceImpl,int,java.util.AbstractMap$SimpleEntry,android.hardware.camera2.impl.CameraDeviceImpl$CaptureCallbackHolder)>",
						"key field: <android.hardware.camera2.impl.CameraDeviceImpl$10: java.util.AbstractMap$SimpleEntry val$frameNumberRequestPair>",
						"<android.hardware.camera2.impl.CameraDeviceImpl$10: void run()>"
					],
					"depth":8,
					"method":"<android.hardware.camera2.legacy.CameraDeviceUserShim$CameraCallbackThread$CallbackHandler: void handleMessage(android.os.Message)>",
					"source":"FIELDCALLER"
				},
				{
					"trace":[
						"<android.hardware.camera2.legacy.LegacyCameraDevice$1$1: void run()>",
						"<android.hardware.camera2.impl.CameraDeviceImpl$CameraDeviceCallbacks: void onDeviceError(int,android.hardware.camera2.impl.CaptureResultExtras)>",
						"<android.widget.TextClock$3: void run()>",
						"<android.hardware.camera2.legacy.LegacyCameraDevice$1$4: void run()>",
						"<android.hardware.camera2.impl.CameraDeviceImpl$CameraDeviceCallbacks: void onResultReceived(android.hardware.camera2.impl.CameraMetadataNative,android.hardware.camera2.impl.CaptureResultExtras)>",
						"<android.hardware.camera2.impl.CameraDeviceImpl: void access$1500(android.hardware.camera2.impl.CameraDeviceImpl)>",
						"<android.hardware.camera2.impl.CameraDeviceImpl: void checkAndFireSequenceComplete()>",
						"<android.hardware.camera2.impl.CameraDeviceImpl$10: void <init>(android.hardware.camera2.impl.CameraDeviceImpl,int,java.util.AbstractMap$SimpleEntry,android.hardware.camera2.impl.CameraDeviceImpl$CaptureCallbackHolder)>",
						"key field: <android.hardware.camera2.impl.CameraDeviceImpl$10: java.util.AbstractMap$SimpleEntry val$frameNumberRequestPair>",
						"<android.hardware.camera2.impl.CameraDeviceImpl$10: void run()>"
					],
					"depth":8,
					"method":"<android.hardware.camera2.legacy.LegacyCameraDevice$1$1: void run()>",
					"source":"FIELDCALLER"
				}
			],
			"callerOfSingnlar2SourceVar":{}
		}
	]
}