{
	"exceptions":[
		{
			"method":"<android.media.AudioFormat$Builder: android.media.AudioFormat$Builder setEncoding(int)>",
			"message":"\\QInvalid encoding \\E[\\s\\S]*",
			"relatedVarType":"Parameter",
			"relatedCondType":"Basic",
			"modifier":"public",
			"type":"java.lang.IllegalArgumentException",
			"osVersionRelated":false,
			"resourceRelated":false,
			"assessRelated":false,
			"hardwareRelated":false,
			"manifestRelated":false,
			"conditions":"i0",
			"paramValues":"@parameter0: int",
			"relatedValues":"@parameter0: int; ; ",
			"keyAPISameClassNum":0,
			"keyAPIDiffClassNum":0,
			"keyAPISameClass":[
				{
					"trace":[
						"<android.media.AudioFormat$Builder: android.media.AudioFormat$Builder setEncoding(int)>"
					],
					"depth":0,
					"method":"<android.media.AudioFormat$Builder: android.media.AudioFormat$Builder setEncoding(int)>",
					"source":"CALLER"
				}
			],
			"keyAPIDiffClass":[
				{
					"trace":[
						"<android.media.AudioTrack: void <init>(int,int,int,int,int,int,int)>",
						"<android.media.AudioFormat$Builder: android.media.AudioFormat$Builder setEncoding(int)>"
					],
					"depth":1,
					"method":"<android.media.AudioTrack: void <init>(int,int,int,int,int,int,int)>",
					"source":"CALLER"
				},
				{
					"trace":[
						"<android.media.AudioRecord: void <init>(int,int,int,int,int)>",
						"<android.media.AudioFormat$Builder: android.media.AudioFormat$Builder setEncoding(int)>"
					],
					"depth":1,
					"method":"<android.media.AudioRecord: void <init>(int,int,int,int,int)>",
					"source":"CALLER"
				},
				{
					"trace":[
						"<android.media.AudioTrack: void <init>(int,int,int,int,int,int)>",
						"<android.media.AudioTrack: void <init>(int,int,int,int,int,int,int)>",
						"<android.media.AudioFormat$Builder: android.media.AudioFormat$Builder setEncoding(int)>"
					],
					"depth":2,
					"method":"<android.media.AudioTrack: void <init>(int,int,int,int,int,int)>",
					"source":"CALLER"
				},
				{
					"trace":[
						"<android.media.audiopolicy.AudioPolicyConfig$1: android.media.audiopolicy.AudioPolicyConfig createFromParcel(android.os.Parcel)>",
						"<android.media.audiopolicy.AudioPolicyConfig: void <init>(android.os.Parcel,android.media.audiopolicy.AudioPolicyConfig$1)>",
						"<android.media.audiopolicy.AudioPolicyConfig: void <init>(android.os.Parcel)>",
						"<android.media.AudioFormat$Builder: android.media.AudioFormat$Builder setEncoding(int)>"
					],
					"depth":3,
					"method":"<android.media.audiopolicy.AudioPolicyConfig$1: android.media.audiopolicy.AudioPolicyConfig createFromParcel(android.os.Parcel)>",
					"source":"CALLER"
				},
				{
					"trace":[
						"<android.os.Parcelable$Creator: java.lang.Object createFromParcel(android.os.Parcel)>",
						"<android.media.audiopolicy.AudioPolicyConfig: void <init>(android.os.Parcel,android.media.audiopolicy.AudioPolicyConfig$1)>",
						"<android.media.audiopolicy.AudioPolicyConfig: void <init>(android.os.Parcel)>",
						"<android.media.AudioFormat$Builder: android.media.AudioFormat$Builder setEncoding(int)>"
					],
					"depth":3,
					"method":"<android.os.Parcelable$Creator: java.lang.Object createFromParcel(android.os.Parcel)>",
					"source":"CALLER"
				},
				{
					"trace":[
						"<android.media.audiopolicy.AudioPolicyConfig$1: java.lang.Object createFromParcel(android.os.Parcel)>",
						"<android.media.audiopolicy.AudioPolicyConfig$1: android.media.audiopolicy.AudioPolicyConfig createFromParcel(android.os.Parcel)>",
						"<android.media.audiopolicy.AudioPolicyConfig: void <init>(android.os.Parcel,android.media.audiopolicy.AudioPolicyConfig$1)>",
						"<android.media.audiopolicy.AudioPolicyConfig: void <init>(android.os.Parcel)>",
						"<android.media.AudioFormat$Builder: android.media.AudioFormat$Builder setEncoding(int)>"
					],
					"depth":4,
					"method":"<android.media.audiopolicy.AudioPolicyConfig$1: java.lang.Object createFromParcel(android.os.Parcel)>",
					"source":"CALLER"
				}
			],
			"callerOfSingnlar2SourceVar":{
				"<android.media.AudioTrack: void <init>(int,int,int,int,int,int)>":"3",
				"<android.media.AudioFormat$Builder: android.media.AudioFormat$Builder setEncoding(int)>":"0",
				"<android.media.AudioTrack: void <init>(int,int,int,int,int,int,int)>":"3",
				"<android.media.AudioRecord: void <init>(int,int,int,int,int)>":"3"
			}
		},
		{
			"method":"<android.media.AudioFormat$Builder: android.media.AudioFormat$Builder setSampleRate(int)>",
			"message":"\\QInvalid sample rate \\E[\\s\\S]*",
			"relatedVarType":"Parameter",
			"relatedCondType":"Basic",
			"modifier":"public",
			"type":"java.lang.IllegalArgumentException",
			"osVersionRelated":false,
			"resourceRelated":false,
			"assessRelated":false,
			"hardwareRelated":false,
			"manifestRelated":false,
			"conditions":"i0 <= 0, i0 <= 192000",
			"paramValues":"@parameter0: int",
			"relatedValues":"@parameter0: int; ; ",
			"keyAPISameClassNum":0,
			"keyAPIDiffClassNum":0,
			"keyAPISameClass":[
				{
					"trace":[
						"<android.media.AudioFormat$Builder: android.media.AudioFormat$Builder setSampleRate(int)>"
					],
					"depth":0,
					"method":"<android.media.AudioFormat$Builder: android.media.AudioFormat$Builder setSampleRate(int)>",
					"source":"CALLER"
				}
			],
			"keyAPIDiffClass":[
				{
					"trace":[
						"<android.media.AudioTrack: void <init>(int,int,int,int,int,int,int)>",
						"<android.media.AudioFormat$Builder: android.media.AudioFormat$Builder setSampleRate(int)>"
					],
					"depth":1,
					"method":"<android.media.AudioTrack: void <init>(int,int,int,int,int,int,int)>",
					"source":"CALLER"
				},
				{
					"trace":[
						"<android.media.AudioRecord: void <init>(int,int,int,int,int)>",
						"<android.media.AudioFormat$Builder: android.media.AudioFormat$Builder setSampleRate(int)>"
					],
					"depth":1,
					"method":"<android.media.AudioRecord: void <init>(int,int,int,int,int)>",
					"source":"CALLER"
				},
				{
					"trace":[
						"<android.media.AudioTrack: void <init>(int,int,int,int,int,int)>",
						"<android.media.AudioTrack: void <init>(int,int,int,int,int,int,int)>",
						"<android.media.AudioFormat$Builder: android.media.AudioFormat$Builder setSampleRate(int)>"
					],
					"depth":2,
					"method":"<android.media.AudioTrack: void <init>(int,int,int,int,int,int)>",
					"source":"CALLER"
				},
				{
					"trace":[
						"<android.media.audiopolicy.AudioPolicyConfig$1: android.media.audiopolicy.AudioPolicyConfig createFromParcel(android.os.Parcel)>",
						"<android.media.audiopolicy.AudioPolicyConfig: void <init>(android.os.Parcel,android.media.audiopolicy.AudioPolicyConfig$1)>",
						"<android.media.audiopolicy.AudioPolicyConfig: void <init>(android.os.Parcel)>",
						"<android.media.AudioFormat$Builder: android.media.AudioFormat$Builder setSampleRate(int)>"
					],
					"depth":3,
					"method":"<android.media.audiopolicy.AudioPolicyConfig$1: android.media.audiopolicy.AudioPolicyConfig createFromParcel(android.os.Parcel)>",
					"source":"CALLER"
				},
				{
					"trace":[
						"<android.os.Parcelable$Creator: java.lang.Object createFromParcel(android.os.Parcel)>",
						"<android.media.audiopolicy.AudioPolicyConfig: void <init>(android.os.Parcel,android.media.audiopolicy.AudioPolicyConfig$1)>",
						"<android.media.audiopolicy.AudioPolicyConfig: void <init>(android.os.Parcel)>",
						"<android.media.AudioFormat$Builder: android.media.AudioFormat$Builder setSampleRate(int)>"
					],
					"depth":3,
					"method":"<android.os.Parcelable$Creator: java.lang.Object createFromParcel(android.os.Parcel)>",
					"source":"CALLER"
				},
				{
					"trace":[
						"<android.media.audiopolicy.AudioPolicyConfig$1: java.lang.Object createFromParcel(android.os.Parcel)>",
						"<android.media.audiopolicy.AudioPolicyConfig$1: android.media.audiopolicy.AudioPolicyConfig createFromParcel(android.os.Parcel)>",
						"<android.media.audiopolicy.AudioPolicyConfig: void <init>(android.os.Parcel,android.media.audiopolicy.AudioPolicyConfig$1)>",
						"<android.media.audiopolicy.AudioPolicyConfig: void <init>(android.os.Parcel)>",
						"<android.media.AudioFormat$Builder: android.media.AudioFormat$Builder setSampleRate(int)>"
					],
					"depth":4,
					"method":"<android.media.audiopolicy.AudioPolicyConfig$1: java.lang.Object createFromParcel(android.os.Parcel)>",
					"source":"CALLER"
				}
			],
			"callerOfSingnlar2SourceVar":{
				"<android.media.AudioTrack: void <init>(int,int,int,int,int,int)>":"1",
				"<android.media.AudioFormat$Builder: android.media.AudioFormat$Builder setSampleRate(int)>":"0",
				"<android.media.AudioTrack: void <init>(int,int,int,int,int,int,int)>":"1",
				"<android.media.AudioRecord: void <init>(int,int,int,int,int)>":"1"
			}
		}
	]
}