{
	"exceptions":[
		{
			"method":"<android.media.audiopolicy.AudioPolicyConfig: void addMix(android.media.audiopolicy.AudioMix)>",
			"message":"\\QIllegal null AudioMix argument\\E",
			"relatedVarType":"Parameter",
			"relatedCondType":"Basic",
			"modifier":"public",
			"type":"java.lang.IllegalArgumentException",
			"osVersionRelated":false,
			"resourceRelated":false,
			"assessRelated":false,
			"hardwareRelated":false,
			"manifestRelated":false,
			"conditions":"r0 != null",
			"paramValues":"@parameter0: android.media.audiopolicy.AudioMix",
			"relatedValues":"@parameter0: android.media.audiopolicy.AudioMix; ; ",
			"keyAPISameClassNum":0,
			"keyAPIDiffClassNum":0,
			"keyAPISameClass":[
				{
					"trace":[
						"<android.media.audiopolicy.AudioPolicyConfig: void addMix(android.media.audiopolicy.AudioMix)>"
					],
					"depth":0,
					"method":"<android.media.audiopolicy.AudioPolicyConfig: void addMix(android.media.audiopolicy.AudioMix)>",
					"source":"CALLER"
				}
			],
			"keyAPIDiffClass":[],
			"callerOfSingnlar2SourceVar":{
				"<android.media.audiopolicy.AudioPolicyConfig: void addMix(android.media.audiopolicy.AudioMix)>":"0"
			}
		}
	]
}