{
	"exceptions":[
		{
			"method":"<android.graphics.pdf.PdfRenderer$Page: void render(android.graphics.Bitmap,android.graphics.Rect,android.graphics.Matrix,int)>",
			"message":"\\QdestBounds not in destination\\E",
			"relatedVarType":"ParaAndField",
			"relatedCondType":"Basic",
			"modifier":"public",
			"type":"java.lang.IllegalArgumentException",
			"osVersionRelated":false,
			"resourceRelated":false,
			"assessRelated":false,
			"hardwareRelated":false,
			"manifestRelated":false,
			"conditions":"$i9 < 0, r3 == null, $r1 == $r2",
			"paramValues":"@parameter1: android.graphics.Rect, @parameter0: android.graphics.Bitmap",
			"fieldValues":"<android.graphics.Bitmap$Config: android.graphics.Bitmap$Config ARGB_8888>",
			"relatedValues":"@parameter1: android.graphics.Rect, @parameter0: android.graphics.Bitmap; <android.graphics.Bitmap$Config: android.graphics.Bitmap$Config ARGB_8888>; ",
			"keyAPISameClassNum":0,
			"keyAPIDiffClassNum":0,
			"keyAPISameClass":[],
			"keyAPIDiffClass":[],
			"callerOfSingnlar2SourceVar":{
				"<android.graphics.pdf.PdfRenderer$Page: void render(android.graphics.Bitmap,android.graphics.Rect,android.graphics.Matrix,int)>":"1, 0"
			}
		},
		{
			"method":"<android.graphics.pdf.PdfRenderer$Page: void render(android.graphics.Bitmap,android.graphics.Rect,android.graphics.Matrix,int)>",
			"message":"\\Qtransform not affine\\E",
			"relatedVarType":"Parameter",
			"relatedCondType":"Basic",
			"modifier":"public",
			"type":"java.lang.IllegalArgumentException",
			"osVersionRelated":false,
			"resourceRelated":false,
			"assessRelated":false,
			"hardwareRelated":false,
			"manifestRelated":false,
			"conditions":"$z0 != 0, r4 == null, r3 == null",
			"paramValues":"@parameter2: android.graphics.Matrix, @parameter1: android.graphics.Rect",
			"relatedValues":"@parameter2: android.graphics.Matrix, @parameter1: android.graphics.Rect; ; ",
			"keyAPISameClassNum":0,
			"keyAPIDiffClassNum":0,
			"keyAPISameClass":[
				{
					"trace":[
						"<android.graphics.pdf.PdfRenderer$Page: void render(android.graphics.Bitmap,android.graphics.Rect,android.graphics.Matrix,int)>"
					],
					"depth":0,
					"method":"<android.graphics.pdf.PdfRenderer$Page: void render(android.graphics.Bitmap,android.graphics.Rect,android.graphics.Matrix,int)>",
					"source":"CALLER"
				}
			],
			"keyAPIDiffClass":[],
			"callerOfSingnlar2SourceVar":{
				"<android.graphics.pdf.PdfRenderer$Page: void render(android.graphics.Bitmap,android.graphics.Rect,android.graphics.Matrix,int)>":"2, 1"
			}
		},
		{
			"method":"<android.graphics.pdf.PdfRenderer$Page: void render(android.graphics.Bitmap,android.graphics.Rect,android.graphics.Matrix,int)>",
			"message":"\\QUnsupported render mode\\E",
			"relatedVarType":"Parameter",
			"relatedCondType":"Basic",
			"modifier":"public",
			"type":"java.lang.IllegalArgumentException",
			"osVersionRelated":false,
			"resourceRelated":false,
			"assessRelated":false,
			"hardwareRelated":false,
			"manifestRelated":false,
			"conditions":"i0 == 1, i0 == 2, r4 == null",
			"paramValues":"@parameter3: int, @parameter2: android.graphics.Matrix",
			"relatedValues":"@parameter3: int, @parameter2: android.graphics.Matrix; ; ",
			"keyAPISameClassNum":0,
			"keyAPIDiffClassNum":0,
			"keyAPISameClass":[
				{
					"trace":[
						"<android.graphics.pdf.PdfRenderer$Page: void render(android.graphics.Bitmap,android.graphics.Rect,android.graphics.Matrix,int)>"
					],
					"depth":0,
					"method":"<android.graphics.pdf.PdfRenderer$Page: void render(android.graphics.Bitmap,android.graphics.Rect,android.graphics.Matrix,int)>",
					"source":"CALLER"
				}
			],
			"keyAPIDiffClass":[],
			"callerOfSingnlar2SourceVar":{
				"<android.graphics.pdf.PdfRenderer$Page: void render(android.graphics.Bitmap,android.graphics.Rect,android.graphics.Matrix,int)>":"3, 2"
			}
		},
		{
			"method":"<android.graphics.pdf.PdfRenderer$Page: void render(android.graphics.Bitmap,android.graphics.Rect,android.graphics.Matrix,int)>",
			"message":"\\QOnly single render mode supported\\E",
			"relatedVarType":"Parameter",
			"relatedCondType":"Basic",
			"modifier":"public",
			"type":"java.lang.IllegalArgumentException",
			"osVersionRelated":false,
			"resourceRelated":false,
			"assessRelated":false,
			"hardwareRelated":false,
			"manifestRelated":false,
			"conditions":"i0 != 1, i0 != 2, i0 == 2",
			"paramValues":"@parameter3: int",
			"relatedValues":"@parameter3: int; ; ",
			"keyAPISameClassNum":0,
			"keyAPIDiffClassNum":0,
			"keyAPISameClass":[
				{
					"trace":[
						"<android.graphics.pdf.PdfRenderer$Page: void render(android.graphics.Bitmap,android.graphics.Rect,android.graphics.Matrix,int)>"
					],
					"depth":0,
					"method":"<android.graphics.pdf.PdfRenderer$Page: void render(android.graphics.Bitmap,android.graphics.Rect,android.graphics.Matrix,int)>",
					"source":"CALLER"
				}
			],
			"keyAPIDiffClass":[],
			"callerOfSingnlar2SourceVar":{
				"<android.graphics.pdf.PdfRenderer$Page: void render(android.graphics.Bitmap,android.graphics.Rect,android.graphics.Matrix,int)>":"3"
			}
		},
		{
			"method":"<android.graphics.pdf.PdfRenderer$Page: void render(android.graphics.Bitmap,android.graphics.Rect,android.graphics.Matrix,int)>",
			"message":"\\QUnsupported pixel format\\E",
			"relatedVarType":"ParaAndField",
			"relatedCondType":"Basic",
			"modifier":"public",
			"type":"java.lang.IllegalArgumentException",
			"osVersionRelated":false,
			"resourceRelated":false,
			"assessRelated":false,
			"hardwareRelated":false,
			"manifestRelated":false,
			"conditions":"$r1 == $r2",
			"paramValues":"@parameter0: android.graphics.Bitmap",
			"fieldValues":"<android.graphics.Bitmap$Config: android.graphics.Bitmap$Config ARGB_8888>",
			"relatedValues":"@parameter0: android.graphics.Bitmap; <android.graphics.Bitmap$Config: android.graphics.Bitmap$Config ARGB_8888>; ",
			"keyAPISameClassNum":0,
			"keyAPIDiffClassNum":0,
			"keyAPISameClass":[],
			"keyAPIDiffClass":[],
			"callerOfSingnlar2SourceVar":{
				"<android.graphics.pdf.PdfRenderer$Page: void render(android.graphics.Bitmap,android.graphics.Rect,android.graphics.Matrix,int)>":"0"
			}
		},
		{
			"method":"<android.graphics.pdf.PdfRenderer$Page: void throwIfClosed()>",
			"message":"\\QAlready closed\\E",
			"relatedVarType":"Field",
			"relatedCondType":"Basic",
			"modifier":"private",
			"type":"java.lang.IllegalStateException",
			"osVersionRelated":false,
			"resourceRelated":false,
			"assessRelated":false,
			"hardwareRelated":false,
			"manifestRelated":false,
			"conditions":"$b1 != 0",
			"fieldValues":"<android.graphics.pdf.PdfRenderer$Page: long mNativePage>",
			"relatedValues":"; <android.graphics.pdf.PdfRenderer$Page: long mNativePage>; ",
			"keyAPISameClassNum":2,
			"keyAPIDiffClassNum":2,
			"keyAPISameClass":[
				{
					"trace":[
						"<android.graphics.pdf.PdfRenderer$Page: void close()>",
						"<android.graphics.pdf.PdfRenderer$Page: void doClose()>",
						"key field: <android.graphics.pdf.PdfRenderer$Page: long mNativePage>",
						"<android.graphics.pdf.PdfRenderer$Page: void throwIfClosed()>"
					],
					"depth":2,
					"method":"<android.graphics.pdf.PdfRenderer$Page: void close()>",
					"source":"FIELDCALLER"
				},
				{
					"trace":[
						"<java.lang.AutoCloseable: void close()>",
						"<android.graphics.pdf.PdfRenderer$Page: void doClose()>",
						"key field: <android.graphics.pdf.PdfRenderer$Page: long mNativePage>",
						"<android.graphics.pdf.PdfRenderer$Page: void throwIfClosed()>"
					],
					"depth":2,
					"method":"<java.lang.AutoCloseable: void close()>",
					"source":"FIELDCALLER"
				}
			],
			"keyAPIDiffClass":[
				{
					"trace":[
						"<android.graphics.pdf.PdfRenderer: android.graphics.pdf.PdfRenderer$Page openPage(int)>",
						"<android.graphics.pdf.PdfRenderer$Page: void <init>(android.graphics.pdf.PdfRenderer,int,android.graphics.pdf.PdfRenderer$1)>",
						"<android.graphics.pdf.PdfRenderer$Page: void <init>(android.graphics.pdf.PdfRenderer,int)>",
						"key field: <android.graphics.pdf.PdfRenderer$Page: long mNativePage>",
						"<android.graphics.pdf.PdfRenderer$Page: void throwIfClosed()>"
					],
					"depth":3,
					"method":"<android.graphics.pdf.PdfRenderer: android.graphics.pdf.PdfRenderer$Page openPage(int)>",
					"source":"FIELDCALLER"
				},
				{
					"trace":[
						"<android.graphics.pdf.PdfRenderer: void close()>",
						"<android.graphics.pdf.PdfRenderer: void doClose()>",
						"<android.graphics.pdf.PdfRenderer$Page: void close()>",
						"<android.graphics.pdf.PdfRenderer$Page: void doClose()>",
						"key field: <android.graphics.pdf.PdfRenderer$Page: long mNativePage>",
						"<android.graphics.pdf.PdfRenderer$Page: void throwIfClosed()>"
					],
					"depth":4,
					"method":"<android.graphics.pdf.PdfRenderer: void close()>",
					"source":"FIELDCALLER"
				}
			],
			"callerOfSingnlar2SourceVar":{}
		}
	]
}