{
	"exceptions":[
		{
			"method":"<android.content.pm.PackageParser$SigningDetails$Builder: void checkInvariants()>",
			"message":"\\QSigningDetails requires the current signing certificates.\\E",
			"relatedVarType":"Field",
			"relatedCondType":"Basic",
			"modifier":"private",
			"type":"java.lang.IllegalStateException",
			"osVersionRelated":false,
			"resourceRelated":false,
			"assessRelated":false,
			"hardwareRelated":false,
			"manifestRelated":false,
			"conditions":"$r1 != null",
			"fieldValues":"<android.content.pm.PackageParser$SigningDetails$Builder: android.content.pm.Signature[] mSignatures>",
			"relatedValues":"; <android.content.pm.PackageParser$SigningDetails$Builder: android.content.pm.Signature[] mSignatures>; ",
			"keyAPISameClassNum":2,
			"keyAPIDiffClassNum":0,
			"keyAPISameClass":[
				{
					"trace":[
						"<android.content.pm.PackageParser$SigningDetails$Builder: void checkInvariants()>"
					],
					"depth":1,
					"method":"<android.content.pm.PackageParser$SigningDetails$Builder: android.content.pm.PackageParser$SigningDetails$Builder setSignatures(android.content.pm.Signature[])>",
					"source":"FIELD"
				},
				{
					"trace":[
						"<android.content.pm.PackageParser$SigningDetails$Builder: void checkInvariants()>"
					],
					"depth":1,
					"method":"<android.content.pm.PackageParser$SigningDetails$Builder: android.content.pm.PackageParser$SigningDetails build()>",
					"source":"FIELD"
				}
			],
			"keyAPIDiffClass":[],
			"callerOfSingnlar2SourceVar":{}
		}
	]
}