{
	"exceptions":[
		{
			"method":"<android.graphics.fonts.FontCustomizationParser: void validate(android.graphics.fonts.FontCustomizationParser$Result)>",
			"message":"\\Qnew-named-family requires name attribute\\E",
			"relatedVarType":"Parameter",
			"relatedCondType":"Basic",
			"modifier":"private",
			"type":"java.lang.IllegalArgumentException",
			"osVersionRelated":false,
			"resourceRelated":false,
			"assessRelated":false,
			"hardwareRelated":false,
			"manifestRelated":false,
			"conditions":"r7 != null, i1 >= $i0, $z0 != 0",
			"paramValues":"@parameter0: android.graphics.fonts.FontCustomizationParser$Result",
			"relatedValues":"@parameter0: android.graphics.fonts.FontCustomizationParser$Result; ; ",
			"keyAPISameClassNum":0,
			"keyAPIDiffClassNum":0,
			"keyAPISameClass":[
				{
					"trace":[
						"<android.graphics.fonts.FontCustomizationParser: void validate(android.graphics.fonts.FontCustomizationParser$Result)>"
					],
					"depth":0,
					"method":"<android.graphics.fonts.FontCustomizationParser: void validate(android.graphics.fonts.FontCustomizationParser$Result)>",
					"source":"CALLER"
				},
				{
					"trace":[
						"<android.graphics.fonts.FontCustomizationParser: android.graphics.fonts.FontCustomizationParser$Result parse(java.io.InputStream,java.lang.String)>",
						"<android.graphics.fonts.FontCustomizationParser: android.graphics.fonts.FontCustomizationParser$Result readFamilies(org.xmlpull.v1.XmlPullParser,java.lang.String)>",
						"<android.graphics.fonts.FontCustomizationParser: void validate(android.graphics.fonts.FontCustomizationParser$Result)>"
					],
					"depth":2,
					"method":"<android.graphics.fonts.FontCustomizationParser: android.graphics.fonts.FontCustomizationParser$Result parse(java.io.InputStream,java.lang.String)>",
					"source":"CALLER"
				}
			],
			"keyAPIDiffClass":[],
			"callerOfSingnlar2SourceVar":{
				"<android.graphics.fonts.FontCustomizationParser: void validate(android.graphics.fonts.FontCustomizationParser$Result)>":"0"
			}
		},
		{
			"method":"<android.graphics.fonts.FontCustomizationParser: void validate(android.graphics.fonts.FontCustomizationParser$Result)>",
			"message":"\\Qnew-named-family requires unique name attribute\\E",
			"relatedVarType":"Parameter",
			"relatedCondType":"Basic",
			"modifier":"private",
			"type":"java.lang.IllegalArgumentException",
			"osVersionRelated":false,
			"resourceRelated":false,
			"assessRelated":false,
			"hardwareRelated":false,
			"manifestRelated":false,
			"conditions":"$z0 != 0, r7 != null, i1 >= $i0",
			"paramValues":"@parameter0: android.graphics.fonts.FontCustomizationParser$Result",
			"relatedValues":"@parameter0: android.graphics.fonts.FontCustomizationParser$Result; ; ",
			"keyAPISameClassNum":0,
			"keyAPIDiffClassNum":0,
			"keyAPISameClass":[
				{
					"trace":[
						"<android.graphics.fonts.FontCustomizationParser: void validate(android.graphics.fonts.FontCustomizationParser$Result)>"
					],
					"depth":0,
					"method":"<android.graphics.fonts.FontCustomizationParser: void validate(android.graphics.fonts.FontCustomizationParser$Result)>",
					"source":"CALLER"
				},
				{
					"trace":[
						"<android.graphics.fonts.FontCustomizationParser: android.graphics.fonts.FontCustomizationParser$Result parse(java.io.InputStream,java.lang.String)>",
						"<android.graphics.fonts.FontCustomizationParser: android.graphics.fonts.FontCustomizationParser$Result readFamilies(org.xmlpull.v1.XmlPullParser,java.lang.String)>",
						"<android.graphics.fonts.FontCustomizationParser: void validate(android.graphics.fonts.FontCustomizationParser$Result)>"
					],
					"depth":2,
					"method":"<android.graphics.fonts.FontCustomizationParser: android.graphics.fonts.FontCustomizationParser$Result parse(java.io.InputStream,java.lang.String)>",
					"source":"CALLER"
				}
			],
			"keyAPIDiffClass":[],
			"callerOfSingnlar2SourceVar":{
				"<android.graphics.fonts.FontCustomizationParser: void validate(android.graphics.fonts.FontCustomizationParser$Result)>":"0"
			}
		},
		{
			"method":"<android.graphics.fonts.FontCustomizationParser: void readFamily(org.xmlpull.v1.XmlPullParser,java.lang.String,android.graphics.fonts.FontCustomizationParser$Result)>",
			"message":"\\QUnknown customizationType=\\E[\\s\\S]*",
			"relatedVarType":"Parameter",
			"relatedCondType":"Basic",
			"modifier":"private",
			"type":"java.lang.IllegalArgumentException",
			"osVersionRelated":false,
			"resourceRelated":false,
			"assessRelated":false,
			"hardwareRelated":false,
			"manifestRelated":false,
			"conditions":"$z0 == 0, r1 != null",
			"paramValues":"@parameter0: org.xmlpull.v1.XmlPullParser",
			"relatedValues":"@parameter0: org.xmlpull.v1.XmlPullParser; ; ",
			"keyAPISameClassNum":0,
			"keyAPIDiffClassNum":0,
			"keyAPISameClass":[
				{
					"trace":[
						"<android.graphics.fonts.FontCustomizationParser: void readFamily(org.xmlpull.v1.XmlPullParser,java.lang.String,android.graphics.fonts.FontCustomizationParser$Result)>"
					],
					"depth":0,
					"method":"<android.graphics.fonts.FontCustomizationParser: void readFamily(org.xmlpull.v1.XmlPullParser,java.lang.String,android.graphics.fonts.FontCustomizationParser$Result)>",
					"source":"CALLER"
				}
			],
			"keyAPIDiffClass":[],
			"callerOfSingnlar2SourceVar":{
				"<android.graphics.fonts.FontCustomizationParser: void readFamily(org.xmlpull.v1.XmlPullParser,java.lang.String,android.graphics.fonts.FontCustomizationParser$Result)>":"0",
				"<android.graphics.fonts.FontCustomizationParser: android.graphics.fonts.FontCustomizationParser$Result readFamilies(org.xmlpull.v1.XmlPullParser,java.lang.String)>":"0"
			}
		},
		{
			"method":"<android.graphics.fonts.FontCustomizationParser: void readFamily(org.xmlpull.v1.XmlPullParser,java.lang.String,android.graphics.fonts.FontCustomizationParser$Result)>",
			"message":"\\QcustomizationType must be specified\\E",
			"relatedVarType":"Parameter",
			"relatedCondType":"Basic",
			"modifier":"private",
			"type":"java.lang.IllegalArgumentException",
			"osVersionRelated":false,
			"resourceRelated":false,
			"assessRelated":false,
			"hardwareRelated":false,
			"manifestRelated":false,
			"conditions":"r1 != null",
			"paramValues":"@parameter0: org.xmlpull.v1.XmlPullParser",
			"relatedValues":"@parameter0: org.xmlpull.v1.XmlPullParser; ; ",
			"keyAPISameClassNum":0,
			"keyAPIDiffClassNum":0,
			"keyAPISameClass":[
				{
					"trace":[
						"<android.graphics.fonts.FontCustomizationParser: void readFamily(org.xmlpull.v1.XmlPullParser,java.lang.String,android.graphics.fonts.FontCustomizationParser$Result)>"
					],
					"depth":0,
					"method":"<android.graphics.fonts.FontCustomizationParser: void readFamily(org.xmlpull.v1.XmlPullParser,java.lang.String,android.graphics.fonts.FontCustomizationParser$Result)>",
					"source":"CALLER"
				}
			],
			"keyAPIDiffClass":[],
			"callerOfSingnlar2SourceVar":{
				"<android.graphics.fonts.FontCustomizationParser: void readFamily(org.xmlpull.v1.XmlPullParser,java.lang.String,android.graphics.fonts.FontCustomizationParser$Result)>":"0",
				"<android.graphics.fonts.FontCustomizationParser: android.graphics.fonts.FontCustomizationParser$Result readFamilies(org.xmlpull.v1.XmlPullParser,java.lang.String)>":"0"
			}
		}
	]
}