{
	"exceptions":[
		{
			"method":"<android.graphics.text.MeasuredText$Builder: void <init>(android.graphics.text.MeasuredText)>",
			"message":"\\QThe input MeasuredText must not be created with setComputeLayout(false).\\E",
			"relatedVarType":"Parameter",
			"relatedCondType":"Basic",
			"modifier":"public",
			"type":"java.lang.IllegalArgumentException",
			"osVersionRelated":false,
			"resourceRelated":false,
			"assessRelated":false,
			"hardwareRelated":false,
			"manifestRelated":false,
			"conditions":"$z0 != 0",
			"paramValues":"@parameter0: android.graphics.text.MeasuredText",
			"relatedValues":"@parameter0: android.graphics.text.MeasuredText; ; ",
			"keyAPISameClassNum":0,
			"keyAPIDiffClassNum":0,
			"keyAPISameClass":[
				{
					"trace":[
						"<android.graphics.text.MeasuredText$Builder: void <init>(android.graphics.text.MeasuredText)>"
					],
					"depth":0,
					"method":"<android.graphics.text.MeasuredText$Builder: void <init>(android.graphics.text.MeasuredText)>",
					"source":"CALLER"
				}
			],
			"keyAPIDiffClass":[],
			"callerOfSingnlar2SourceVar":{
				"<android.graphics.text.MeasuredText$Builder: void <init>(android.graphics.text.MeasuredText)>":"0"
			}
		},
		{
			"method":"<android.graphics.text.MeasuredText$Builder: android.graphics.text.MeasuredText build()>",
			"message":"\\QStyle info has not been provided for all text.\\E",
			"relatedVarType":"Field",
			"relatedCondType":"Basic",
			"modifier":"public",
			"type":"java.lang.IllegalStateException",
			"osVersionRelated":false,
			"resourceRelated":false,
			"assessRelated":false,
			"hardwareRelated":false,
			"manifestRelated":false,
			"conditions":"$i1 == $i0",
			"fieldValues":"<android.graphics.text.MeasuredText$Builder: int mCurrentOffset>, <android.graphics.text.MeasuredText$Builder: char[] mText>",
			"relatedValues":"; <android.graphics.text.MeasuredText$Builder: int mCurrentOffset>, <android.graphics.text.MeasuredText$Builder: char[] mText>; ",
			"keyAPISameClassNum":5,
			"keyAPIDiffClassNum":0,
			"keyAPISameClass":[
				{
					"trace":[
						"<android.graphics.text.MeasuredText$Builder: android.graphics.text.MeasuredText build()>"
					],
					"depth":1,
					"method":"<android.graphics.text.MeasuredText$Builder: void <init>(char[])>",
					"source":"FIELD"
				},
				{
					"trace":[
						"<android.graphics.text.MeasuredText$Builder: android.graphics.text.MeasuredText build()>"
					],
					"depth":1,
					"method":"<android.graphics.text.MeasuredText$Builder: void <init>(android.graphics.text.MeasuredText)>",
					"source":"FIELD"
				},
				{
					"trace":[
						"<android.graphics.text.MeasuredText$Builder: android.graphics.text.MeasuredText build()>"
					],
					"depth":1,
					"method":"<android.graphics.text.MeasuredText$Builder: android.graphics.text.MeasuredText$Builder appendStyleRun(android.graphics.Paint,int,boolean)>",
					"source":"FIELD"
				},
				{
					"trace":[
						"<android.graphics.text.MeasuredText$Builder: android.graphics.text.MeasuredText build()>"
					],
					"depth":1,
					"method":"<android.graphics.text.MeasuredText$Builder: android.graphics.text.MeasuredText$Builder appendReplacementRun(android.graphics.Paint,int,float)>",
					"source":"FIELD"
				},
				{
					"trace":[
						"<android.graphics.text.MeasuredText$Builder: android.graphics.text.MeasuredText build()>"
					],
					"depth":1,
					"method":"<android.graphics.text.MeasuredText$Builder: android.graphics.text.MeasuredText build()>",
					"source":"FIELD"
				}
			],
			"keyAPIDiffClass":[],
			"callerOfSingnlar2SourceVar":{}
		},
		{
			"method":"<android.graphics.text.MeasuredText$Builder: android.graphics.text.MeasuredText build()>",
			"message":"\\QThe hyphenation configuration is different from given hint MeasuredText\\E",
			"relatedVarType":"Field",
			"relatedCondType":"Basic",
			"modifier":"public",
			"type":"java.lang.IllegalArgumentException",
			"osVersionRelated":false,
			"resourceRelated":false,
			"assessRelated":false,
			"hardwareRelated":false,
			"manifestRelated":false,
			"conditions":"$z4 == $z5, $r2 == null, $i1 == $i0",
			"fieldValues":"<android.graphics.text.MeasuredText$Builder: android.graphics.text.MeasuredText mHintMt>, <android.graphics.text.MeasuredText$Builder: boolean mComputeHyphenation>, <android.graphics.text.MeasuredText$Builder: int mCurrentOffset>, <android.graphics.text.MeasuredText$Builder: char[] mText>",
			"relatedValues":"; <android.graphics.text.MeasuredText$Builder: android.graphics.text.MeasuredText mHintMt>, <android.graphics.text.MeasuredText$Builder: boolean mComputeHyphenation>, <android.graphics.text.MeasuredText$Builder: int mCurrentOffset>, <android.graphics.text.MeasuredText$Builder: char[] mText>; ",
			"keyAPISameClassNum":6,
			"keyAPIDiffClassNum":0,
			"keyAPISameClass":[
				{
					"trace":[
						"<android.graphics.text.MeasuredText$Builder: android.graphics.text.MeasuredText build()>"
					],
					"depth":1,
					"method":"<android.graphics.text.MeasuredText$Builder: void <init>(char[])>",
					"source":"FIELD"
				},
				{
					"trace":[
						"<android.graphics.text.MeasuredText$Builder: android.graphics.text.MeasuredText build()>"
					],
					"depth":1,
					"method":"<android.graphics.text.MeasuredText$Builder: void <init>(android.graphics.text.MeasuredText)>",
					"source":"FIELD"
				},
				{
					"trace":[
						"<android.graphics.text.MeasuredText$Builder: android.graphics.text.MeasuredText build()>"
					],
					"depth":1,
					"method":"<android.graphics.text.MeasuredText$Builder: android.graphics.text.MeasuredText build()>",
					"source":"FIELD"
				},
				{
					"trace":[
						"<android.graphics.text.MeasuredText$Builder: android.graphics.text.MeasuredText build()>"
					],
					"depth":1,
					"method":"<android.graphics.text.MeasuredText$Builder: android.graphics.text.MeasuredText$Builder setComputeHyphenation(boolean)>",
					"source":"FIELD"
				},
				{
					"trace":[
						"<android.graphics.text.MeasuredText$Builder: android.graphics.text.MeasuredText build()>"
					],
					"depth":1,
					"method":"<android.graphics.text.MeasuredText$Builder: android.graphics.text.MeasuredText$Builder appendStyleRun(android.graphics.Paint,int,boolean)>",
					"source":"FIELD"
				},
				{
					"trace":[
						"<android.graphics.text.MeasuredText$Builder: android.graphics.text.MeasuredText build()>"
					],
					"depth":1,
					"method":"<android.graphics.text.MeasuredText$Builder: android.graphics.text.MeasuredText$Builder appendReplacementRun(android.graphics.Paint,int,float)>",
					"source":"FIELD"
				}
			],
			"keyAPIDiffClass":[],
			"callerOfSingnlar2SourceVar":{}
		},
		{
			"method":"<android.graphics.text.MeasuredText$Builder: void ensureNativePtrNoReuse()>",
			"message":"\\QBuilder can not be reused.\\E",
			"relatedVarType":"Field",
			"relatedCondType":"Basic",
			"modifier":"private",
			"type":"java.lang.IllegalStateException",
			"osVersionRelated":false,
			"resourceRelated":false,
			"assessRelated":false,
			"hardwareRelated":false,
			"manifestRelated":false,
			"conditions":"$b1 != 0",
			"fieldValues":"<android.graphics.text.MeasuredText$Builder: long mNativePtr>",
			"relatedValues":"; <android.graphics.text.MeasuredText$Builder: long mNativePtr>; ",
			"keyAPISameClassNum":3,
			"keyAPIDiffClassNum":0,
			"keyAPISameClass":[
				{
					"trace":[
						"<android.graphics.text.MeasuredText$Builder: void ensureNativePtrNoReuse()>"
					],
					"depth":1,
					"method":"<android.graphics.text.MeasuredText$Builder: void <init>(char[])>",
					"source":"FIELD"
				},
				{
					"trace":[
						"<android.graphics.text.MeasuredText$Builder: void ensureNativePtrNoReuse()>"
					],
					"depth":1,
					"method":"<android.graphics.text.MeasuredText$Builder: void <init>(android.graphics.text.MeasuredText)>",
					"source":"FIELD"
				},
				{
					"trace":[
						"<android.graphics.text.MeasuredText$Builder: void ensureNativePtrNoReuse()>"
					],
					"depth":1,
					"method":"<android.graphics.text.MeasuredText$Builder: android.graphics.text.MeasuredText build()>",
					"source":"FIELD"
				}
			],
			"keyAPIDiffClass":[],
			"callerOfSingnlar2SourceVar":{}
		}
	]
}