{
	"exceptions":[
		{
			"method":"<android.hardware.biometrics.BiometricPrompt: void authenticateUser(android.os.CancellationSignal,java.util.concurrent.Executor,android.hardware.biometrics.BiometricPrompt$AuthenticationCallback,int,android.hardware.biometrics.IBiometricConfirmDeviceCredentialCallback)>",
			"message":"\\QMust supply a callback\\E",
			"relatedVarType":"Parameter",
			"relatedCondType":"Basic",
			"modifier":"public",
			"type":"java.lang.IllegalArgumentException",
			"osVersionRelated":false,
			"resourceRelated":false,
			"assessRelated":false,
			"hardwareRelated":true,
			"manifestRelated":false,
			"conditions":"r2 != null, r1 != null, r0 != null",
			"paramValues":"@parameter2: android.hardware.biometrics.BiometricPrompt$AuthenticationCallback, @parameter1: java.util.concurrent.Executor, @parameter0: android.os.CancellationSignal",
			"relatedValues":"@parameter2: android.hardware.biometrics.BiometricPrompt$AuthenticationCallback, @parameter1: java.util.concurrent.Executor, @parameter0: android.os.CancellationSignal; ; ",
			"keyAPISameClassNum":0,
			"keyAPIDiffClassNum":0,
			"keyAPISameClass":[
				{
					"trace":[
						"<android.hardware.biometrics.BiometricPrompt: void authenticateUser(android.os.CancellationSignal,java.util.concurrent.Executor,android.hardware.biometrics.BiometricPrompt$AuthenticationCallback,int,android.hardware.biometrics.IBiometricConfirmDeviceCredentialCallback)>"
					],
					"depth":0,
					"method":"<android.hardware.biometrics.BiometricPrompt: void authenticateUser(android.os.CancellationSignal,java.util.concurrent.Executor,android.hardware.biometrics.BiometricPrompt$AuthenticationCallback,int,android.hardware.biometrics.IBiometricConfirmDeviceCredentialCallback)>",
					"source":"CALLER"
				}
			],
			"keyAPIDiffClass":[],
			"callerOfSingnlar2SourceVar":{
				"<android.hardware.biometrics.BiometricPrompt: void authenticateUser(android.os.CancellationSignal,java.util.concurrent.Executor,android.hardware.biometrics.BiometricPrompt$AuthenticationCallback,int,android.hardware.biometrics.IBiometricConfirmDeviceCredentialCallback)>":"2, 1, 0"
			}
		},
		{
			"method":"<android.hardware.biometrics.BiometricPrompt: void authenticateUser(android.os.CancellationSignal,java.util.concurrent.Executor,android.hardware.biometrics.BiometricPrompt$AuthenticationCallback,int,android.hardware.biometrics.IBiometricConfirmDeviceCredentialCallback)>",
			"message":"\\QMust supply a cancellation signal\\E",
			"relatedVarType":"Parameter",
			"relatedCondType":"Basic",
			"modifier":"public",
			"type":"java.lang.IllegalArgumentException",
			"osVersionRelated":false,
			"resourceRelated":false,
			"assessRelated":false,
			"hardwareRelated":true,
			"manifestRelated":false,
			"conditions":"r0 != null",
			"paramValues":"@parameter0: android.os.CancellationSignal",
			"relatedValues":"@parameter0: android.os.CancellationSignal; ; ",
			"keyAPISameClassNum":0,
			"keyAPIDiffClassNum":0,
			"keyAPISameClass":[
				{
					"trace":[
						"<android.hardware.biometrics.BiometricPrompt: void authenticateUser(android.os.CancellationSignal,java.util.concurrent.Executor,android.hardware.biometrics.BiometricPrompt$AuthenticationCallback,int,android.hardware.biometrics.IBiometricConfirmDeviceCredentialCallback)>"
					],
					"depth":0,
					"method":"<android.hardware.biometrics.BiometricPrompt: void authenticateUser(android.os.CancellationSignal,java.util.concurrent.Executor,android.hardware.biometrics.BiometricPrompt$AuthenticationCallback,int,android.hardware.biometrics.IBiometricConfirmDeviceCredentialCallback)>",
					"source":"CALLER"
				}
			],
			"keyAPIDiffClass":[],
			"callerOfSingnlar2SourceVar":{
				"<android.hardware.biometrics.BiometricPrompt: void authenticateUser(android.os.CancellationSignal,java.util.concurrent.Executor,android.hardware.biometrics.BiometricPrompt$AuthenticationCallback,int,android.hardware.biometrics.IBiometricConfirmDeviceCredentialCallback)>":"0"
			}
		},
		{
			"method":"<android.hardware.biometrics.BiometricPrompt: void authenticateUser(android.os.CancellationSignal,java.util.concurrent.Executor,android.hardware.biometrics.BiometricPrompt$AuthenticationCallback,int,android.hardware.biometrics.IBiometricConfirmDeviceCredentialCallback)>",
			"message":"\\QMust supply an executor\\E",
			"relatedVarType":"Parameter",
			"relatedCondType":"Basic",
			"modifier":"public",
			"type":"java.lang.IllegalArgumentException",
			"osVersionRelated":false,
			"resourceRelated":false,
			"assessRelated":false,
			"hardwareRelated":true,
			"manifestRelated":false,
			"conditions":"r1 != null, r0 != null",
			"paramValues":"@parameter1: java.util.concurrent.Executor, @parameter0: android.os.CancellationSignal",
			"relatedValues":"@parameter1: java.util.concurrent.Executor, @parameter0: android.os.CancellationSignal; ; ",
			"keyAPISameClassNum":0,
			"keyAPIDiffClassNum":0,
			"keyAPISameClass":[
				{
					"trace":[
						"<android.hardware.biometrics.BiometricPrompt: void authenticateUser(android.os.CancellationSignal,java.util.concurrent.Executor,android.hardware.biometrics.BiometricPrompt$AuthenticationCallback,int,android.hardware.biometrics.IBiometricConfirmDeviceCredentialCallback)>"
					],
					"depth":0,
					"method":"<android.hardware.biometrics.BiometricPrompt: void authenticateUser(android.os.CancellationSignal,java.util.concurrent.Executor,android.hardware.biometrics.BiometricPrompt$AuthenticationCallback,int,android.hardware.biometrics.IBiometricConfirmDeviceCredentialCallback)>",
					"source":"CALLER"
				}
			],
			"keyAPIDiffClass":[],
			"callerOfSingnlar2SourceVar":{
				"<android.hardware.biometrics.BiometricPrompt: void authenticateUser(android.os.CancellationSignal,java.util.concurrent.Executor,android.hardware.biometrics.BiometricPrompt$AuthenticationCallback,int,android.hardware.biometrics.IBiometricConfirmDeviceCredentialCallback)>":"1, 0"
			}
		},
		{
			"method":"<android.hardware.biometrics.BiometricPrompt: void authenticate(android.hardware.biometrics.BiometricPrompt$CryptoObject,android.os.CancellationSignal,java.util.concurrent.Executor,android.hardware.biometrics.BiometricPrompt$AuthenticationCallback)>",
			"message":"\\QMust supply an executor\\E",
			"relatedVarType":"Parameter",
			"relatedCondType":"Basic",
			"modifier":"public",
			"type":"java.lang.IllegalArgumentException",
			"osVersionRelated":false,
			"resourceRelated":false,
			"assessRelated":false,
			"hardwareRelated":true,
			"manifestRelated":false,
			"conditions":"r2 != null, r1 != null, r0 != null",
			"paramValues":"@parameter2: java.util.concurrent.Executor, @parameter1: android.os.CancellationSignal, @parameter0: android.hardware.biometrics.BiometricPrompt$CryptoObject",
			"relatedValues":"@parameter2: java.util.concurrent.Executor, @parameter1: android.os.CancellationSignal, @parameter0: android.hardware.biometrics.BiometricPrompt$CryptoObject; ; ",
			"keyAPISameClassNum":0,
			"keyAPIDiffClassNum":0,
			"keyAPISameClass":[
				{
					"trace":[
						"<android.hardware.biometrics.BiometricPrompt: void authenticate(android.hardware.biometrics.BiometricPrompt$CryptoObject,android.os.CancellationSignal,java.util.concurrent.Executor,android.hardware.biometrics.BiometricPrompt$AuthenticationCallback)>"
					],
					"depth":0,
					"method":"<android.hardware.biometrics.BiometricPrompt: void authenticate(android.hardware.biometrics.BiometricPrompt$CryptoObject,android.os.CancellationSignal,java.util.concurrent.Executor,android.hardware.biometrics.BiometricPrompt$AuthenticationCallback)>",
					"source":"CALLER"
				}
			],
			"keyAPIDiffClass":[],
			"callerOfSingnlar2SourceVar":{
				"<android.hardware.biometrics.BiometricPrompt: void authenticate(android.hardware.biometrics.BiometricPrompt$CryptoObject,android.os.CancellationSignal,java.util.concurrent.Executor,android.hardware.biometrics.BiometricPrompt$AuthenticationCallback)>":"2, 1, 0"
			}
		},
		{
			"method":"<android.hardware.biometrics.BiometricPrompt: void authenticate(android.hardware.biometrics.BiometricPrompt$CryptoObject,android.os.CancellationSignal,java.util.concurrent.Executor,android.hardware.biometrics.BiometricPrompt$AuthenticationCallback)>",
			"message":"\\QMust supply a cancellation signal\\E",
			"relatedVarType":"Parameter",
			"relatedCondType":"Basic",
			"modifier":"public",
			"type":"java.lang.IllegalArgumentException",
			"osVersionRelated":false,
			"resourceRelated":false,
			"assessRelated":false,
			"hardwareRelated":true,
			"manifestRelated":false,
			"conditions":"r1 != null, r0 != null",
			"paramValues":"@parameter1: android.os.CancellationSignal, @parameter0: android.hardware.biometrics.BiometricPrompt$CryptoObject",
			"relatedValues":"@parameter1: android.os.CancellationSignal, @parameter0: android.hardware.biometrics.BiometricPrompt$CryptoObject; ; ",
			"keyAPISameClassNum":0,
			"keyAPIDiffClassNum":0,
			"keyAPISameClass":[
				{
					"trace":[
						"<android.hardware.biometrics.BiometricPrompt: void authenticate(android.hardware.biometrics.BiometricPrompt$CryptoObject,android.os.CancellationSignal,java.util.concurrent.Executor,android.hardware.biometrics.BiometricPrompt$AuthenticationCallback)>"
					],
					"depth":0,
					"method":"<android.hardware.biometrics.BiometricPrompt: void authenticate(android.hardware.biometrics.BiometricPrompt$CryptoObject,android.os.CancellationSignal,java.util.concurrent.Executor,android.hardware.biometrics.BiometricPrompt$AuthenticationCallback)>",
					"source":"CALLER"
				}
			],
			"keyAPIDiffClass":[],
			"callerOfSingnlar2SourceVar":{
				"<android.hardware.biometrics.BiometricPrompt: void authenticate(android.hardware.biometrics.BiometricPrompt$CryptoObject,android.os.CancellationSignal,java.util.concurrent.Executor,android.hardware.biometrics.BiometricPrompt$AuthenticationCallback)>":"1, 0"
			}
		},
		{
			"method":"<android.hardware.biometrics.BiometricPrompt: void authenticate(android.hardware.biometrics.BiometricPrompt$CryptoObject,android.os.CancellationSignal,java.util.concurrent.Executor,android.hardware.biometrics.BiometricPrompt$AuthenticationCallback)>",
			"message":"\\QDevice credential not supported with crypto\\E",
			"relatedVarType":"ParaAndField",
			"relatedCondType":"Basic",
			"modifier":"public",
			"type":"java.lang.IllegalArgumentException",
			"osVersionRelated":false,
			"resourceRelated":false,
			"assessRelated":false,
			"hardwareRelated":true,
			"manifestRelated":false,
			"conditions":"$z0 == 0, r3 != null, r2 != null",
			"paramValues":"@parameter3: android.hardware.biometrics.BiometricPrompt$AuthenticationCallback, @parameter2: java.util.concurrent.Executor",
			"fieldValues":"<android.hardware.biometrics.BiometricPrompt: android.os.Bundle mBundle>",
			"relatedValues":"@parameter3: android.hardware.biometrics.BiometricPrompt$AuthenticationCallback, @parameter2: java.util.concurrent.Executor; <android.hardware.biometrics.BiometricPrompt: android.os.Bundle mBundle>; ",
			"keyAPISameClassNum":5,
			"keyAPIDiffClassNum":1,
			"keyAPISameClass":[
				{
					"trace":[
						"<android.hardware.biometrics.BiometricPrompt: void authenticate(android.hardware.biometrics.BiometricPrompt$CryptoObject,android.os.CancellationSignal,java.util.concurrent.Executor,android.hardware.biometrics.BiometricPrompt$AuthenticationCallback)>"
					],
					"depth":1,
					"method":"<android.hardware.biometrics.BiometricPrompt: void authenticate(android.hardware.biometrics.BiometricPrompt$CryptoObject,android.os.CancellationSignal,java.util.concurrent.Executor,android.hardware.biometrics.BiometricPrompt$AuthenticationCallback)>",
					"source":"FIELD"
				},
				{
					"trace":[
						"<android.hardware.biometrics.BiometricPrompt: void authenticateUser(android.os.CancellationSignal,java.util.concurrent.Executor,android.hardware.biometrics.BiometricPrompt$AuthenticationCallback,int,android.hardware.biometrics.IBiometricConfirmDeviceCredentialCallback)>",
						"<android.hardware.biometrics.BiometricPrompt: void authenticateInternal(android.hardware.biometrics.BiometricPrompt$CryptoObject,android.os.CancellationSignal,java.util.concurrent.Executor,android.hardware.biometrics.BiometricPrompt$AuthenticationCallback,int,android.hardware.biometrics.IBiometricConfirmDeviceCredentialCallback)>",
						"key field: <android.hardware.biometrics.BiometricPrompt: android.os.Bundle mBundle>",
						"<android.hardware.biometrics.BiometricPrompt: void authenticate(android.hardware.biometrics.BiometricPrompt$CryptoObject,android.os.CancellationSignal,java.util.concurrent.Executor,android.hardware.biometrics.BiometricPrompt$AuthenticationCallback)>"
					],
					"depth":2,
					"method":"<android.hardware.biometrics.BiometricPrompt: void authenticateUser(android.os.CancellationSignal,java.util.concurrent.Executor,android.hardware.biometrics.BiometricPrompt$AuthenticationCallback,int,android.hardware.biometrics.IBiometricConfirmDeviceCredentialCallback)>",
					"source":"FIELDCALLER"
				},
				{
					"trace":[
						"<android.hardware.biometrics.BiometricPrompt: void authenticate(android.os.CancellationSignal,java.util.concurrent.Executor,android.hardware.biometrics.BiometricPrompt$AuthenticationCallback)>",
						"<android.hardware.biometrics.BiometricPrompt: void authenticateInternal(android.hardware.biometrics.BiometricPrompt$CryptoObject,android.os.CancellationSignal,java.util.concurrent.Executor,android.hardware.biometrics.BiometricPrompt$AuthenticationCallback,int,android.hardware.biometrics.IBiometricConfirmDeviceCredentialCallback)>",
						"key field: <android.hardware.biometrics.BiometricPrompt: android.os.Bundle mBundle>",
						"<android.hardware.biometrics.BiometricPrompt: void authenticate(android.hardware.biometrics.BiometricPrompt$CryptoObject,android.os.CancellationSignal,java.util.concurrent.Executor,android.hardware.biometrics.BiometricPrompt$AuthenticationCallback)>"
					],
					"depth":2,
					"method":"<android.hardware.biometrics.BiometricPrompt: void authenticate(android.os.CancellationSignal,java.util.concurrent.Executor,android.hardware.biometrics.BiometricPrompt$AuthenticationCallback)>",
					"source":"FIELDCALLER"
				},
				{
					"trace":[
						"<android.hardware.biometrics.BiometricAuthenticator: void authenticate(android.hardware.biometrics.CryptoObject,android.os.CancellationSignal,java.util.concurrent.Executor,android.hardware.biometrics.BiometricAuthenticator$AuthenticationCallback)>",
						"<android.hardware.biometrics.BiometricPrompt: void authenticateInternal(android.hardware.biometrics.BiometricPrompt$CryptoObject,android.os.CancellationSignal,java.util.concurrent.Executor,android.hardware.biometrics.BiometricPrompt$AuthenticationCallback,int,android.hardware.biometrics.IBiometricConfirmDeviceCredentialCallback)>",
						"key field: <android.hardware.biometrics.BiometricPrompt: android.os.Bundle mBundle>",
						"<android.hardware.biometrics.BiometricPrompt: void authenticate(android.hardware.biometrics.BiometricPrompt$CryptoObject,android.os.CancellationSignal,java.util.concurrent.Executor,android.hardware.biometrics.BiometricPrompt$AuthenticationCallback)>"
					],
					"depth":2,
					"method":"<android.hardware.biometrics.BiometricAuthenticator: void authenticate(android.hardware.biometrics.CryptoObject,android.os.CancellationSignal,java.util.concurrent.Executor,android.hardware.biometrics.BiometricAuthenticator$AuthenticationCallback)>",
					"source":"FIELDCALLER"
				},
				{
					"trace":[
						"<android.hardware.biometrics.BiometricAuthenticator: void authenticate(android.os.CancellationSignal,java.util.concurrent.Executor,android.hardware.biometrics.BiometricAuthenticator$AuthenticationCallback)>",
						"<android.hardware.biometrics.BiometricPrompt: void authenticateInternal(android.hardware.biometrics.BiometricPrompt$CryptoObject,android.os.CancellationSignal,java.util.concurrent.Executor,android.hardware.biometrics.BiometricPrompt$AuthenticationCallback,int,android.hardware.biometrics.IBiometricConfirmDeviceCredentialCallback)>",
						"key field: <android.hardware.biometrics.BiometricPrompt: android.os.Bundle mBundle>",
						"<android.hardware.biometrics.BiometricPrompt: void authenticate(android.hardware.biometrics.BiometricPrompt$CryptoObject,android.os.CancellationSignal,java.util.concurrent.Executor,android.hardware.biometrics.BiometricPrompt$AuthenticationCallback)>"
					],
					"depth":2,
					"method":"<android.hardware.biometrics.BiometricAuthenticator: void authenticate(android.os.CancellationSignal,java.util.concurrent.Executor,android.hardware.biometrics.BiometricAuthenticator$AuthenticationCallback)>",
					"source":"FIELDCALLER"
				}
			],
			"keyAPIDiffClass":[
				{
					"trace":[
						"<android.hardware.biometrics.BiometricPrompt$Builder: android.hardware.biometrics.BiometricPrompt build()>",
						"<android.hardware.biometrics.BiometricPrompt: void <init>(android.content.Context,android.os.Bundle,android.hardware.biometrics.BiometricPrompt$ButtonInfo,android.hardware.biometrics.BiometricPrompt$ButtonInfo,android.hardware.biometrics.BiometricPrompt$1)>",
						"<android.hardware.biometrics.BiometricPrompt: void <init>(android.content.Context,android.os.Bundle,android.hardware.biometrics.BiometricPrompt$ButtonInfo,android.hardware.biometrics.BiometricPrompt$ButtonInfo)>",
						"key field: <android.hardware.biometrics.BiometricPrompt: android.os.Bundle mBundle>",
						"<android.hardware.biometrics.BiometricPrompt: void authenticate(android.hardware.biometrics.BiometricPrompt$CryptoObject,android.os.CancellationSignal,java.util.concurrent.Executor,android.hardware.biometrics.BiometricPrompt$AuthenticationCallback)>"
					],
					"depth":3,
					"method":"<android.hardware.biometrics.BiometricPrompt$Builder: android.hardware.biometrics.BiometricPrompt build()>",
					"source":"FIELDCALLER"
				}
			],
			"callerOfSingnlar2SourceVar":{
				"<android.hardware.biometrics.BiometricPrompt: void authenticate(android.hardware.biometrics.BiometricPrompt$CryptoObject,android.os.CancellationSignal,java.util.concurrent.Executor,android.hardware.biometrics.BiometricPrompt$AuthenticationCallback)>":"3, 2"
			}
		},
		{
			"method":"<android.hardware.biometrics.BiometricPrompt: void authenticate(android.hardware.biometrics.BiometricPrompt$CryptoObject,android.os.CancellationSignal,java.util.concurrent.Executor,android.hardware.biometrics.BiometricPrompt$AuthenticationCallback)>",
			"message":"\\QMust supply a crypto object\\E",
			"relatedVarType":"Parameter",
			"relatedCondType":"Basic",
			"modifier":"public",
			"type":"java.lang.IllegalArgumentException",
			"osVersionRelated":false,
			"resourceRelated":false,
			"assessRelated":false,
			"hardwareRelated":true,
			"manifestRelated":false,
			"conditions":"r0 != null",
			"paramValues":"@parameter0: android.hardware.biometrics.BiometricPrompt$CryptoObject",
			"relatedValues":"@parameter0: android.hardware.biometrics.BiometricPrompt$CryptoObject; ; ",
			"keyAPISameClassNum":0,
			"keyAPIDiffClassNum":0,
			"keyAPISameClass":[
				{
					"trace":[
						"<android.hardware.biometrics.BiometricPrompt: void authenticate(android.hardware.biometrics.BiometricPrompt$CryptoObject,android.os.CancellationSignal,java.util.concurrent.Executor,android.hardware.biometrics.BiometricPrompt$AuthenticationCallback)>"
					],
					"depth":0,
					"method":"<android.hardware.biometrics.BiometricPrompt: void authenticate(android.hardware.biometrics.BiometricPrompt$CryptoObject,android.os.CancellationSignal,java.util.concurrent.Executor,android.hardware.biometrics.BiometricPrompt$AuthenticationCallback)>",
					"source":"CALLER"
				}
			],
			"keyAPIDiffClass":[],
			"callerOfSingnlar2SourceVar":{
				"<android.hardware.biometrics.BiometricPrompt: void authenticate(android.hardware.biometrics.BiometricPrompt$CryptoObject,android.os.CancellationSignal,java.util.concurrent.Executor,android.hardware.biometrics.BiometricPrompt$AuthenticationCallback)>":"0"
			}
		},
		{
			"method":"<android.hardware.biometrics.BiometricPrompt: void authenticate(android.hardware.biometrics.BiometricPrompt$CryptoObject,android.os.CancellationSignal,java.util.concurrent.Executor,android.hardware.biometrics.BiometricPrompt$AuthenticationCallback)>",
			"message":"\\QMust supply a callback\\E",
			"relatedVarType":"Parameter",
			"relatedCondType":"Basic",
			"modifier":"public",
			"type":"java.lang.IllegalArgumentException",
			"osVersionRelated":false,
			"resourceRelated":false,
			"assessRelated":false,
			"hardwareRelated":true,
			"manifestRelated":false,
			"conditions":"r3 != null, r2 != null, r1 != null",
			"paramValues":"@parameter3: android.hardware.biometrics.BiometricPrompt$AuthenticationCallback, @parameter2: java.util.concurrent.Executor, @parameter1: android.os.CancellationSignal",
			"relatedValues":"@parameter3: android.hardware.biometrics.BiometricPrompt$AuthenticationCallback, @parameter2: java.util.concurrent.Executor, @parameter1: android.os.CancellationSignal; ; ",
			"keyAPISameClassNum":0,
			"keyAPIDiffClassNum":0,
			"keyAPISameClass":[
				{
					"trace":[
						"<android.hardware.biometrics.BiometricPrompt: void authenticate(android.hardware.biometrics.BiometricPrompt$CryptoObject,android.os.CancellationSignal,java.util.concurrent.Executor,android.hardware.biometrics.BiometricPrompt$AuthenticationCallback)>"
					],
					"depth":0,
					"method":"<android.hardware.biometrics.BiometricPrompt: void authenticate(android.hardware.biometrics.BiometricPrompt$CryptoObject,android.os.CancellationSignal,java.util.concurrent.Executor,android.hardware.biometrics.BiometricPrompt$AuthenticationCallback)>",
					"source":"CALLER"
				}
			],
			"keyAPIDiffClass":[],
			"callerOfSingnlar2SourceVar":{
				"<android.hardware.biometrics.BiometricPrompt: void authenticate(android.hardware.biometrics.BiometricPrompt$CryptoObject,android.os.CancellationSignal,java.util.concurrent.Executor,android.hardware.biometrics.BiometricPrompt$AuthenticationCallback)>":"3, 2, 1"
			}
		},
		{
			"method":"<android.hardware.biometrics.BiometricPrompt: void authenticate(android.os.CancellationSignal,java.util.concurrent.Executor,android.hardware.biometrics.BiometricPrompt$AuthenticationCallback)>",
			"message":"\\QMust supply a callback\\E",
			"relatedVarType":"Parameter",
			"relatedCondType":"Basic",
			"modifier":"public",
			"type":"java.lang.IllegalArgumentException",
			"osVersionRelated":false,
			"resourceRelated":false,
			"assessRelated":false,
			"hardwareRelated":true,
			"manifestRelated":false,
			"conditions":"r2 != null, r1 != null, r0 != null",
			"paramValues":"@parameter2: android.hardware.biometrics.BiometricPrompt$AuthenticationCallback, @parameter1: java.util.concurrent.Executor, @parameter0: android.os.CancellationSignal",
			"relatedValues":"@parameter2: android.hardware.biometrics.BiometricPrompt$AuthenticationCallback, @parameter1: java.util.concurrent.Executor, @parameter0: android.os.CancellationSignal; ; ",
			"keyAPISameClassNum":0,
			"keyAPIDiffClassNum":0,
			"keyAPISameClass":[
				{
					"trace":[
						"<android.hardware.biometrics.BiometricPrompt: void authenticate(android.os.CancellationSignal,java.util.concurrent.Executor,android.hardware.biometrics.BiometricPrompt$AuthenticationCallback)>"
					],
					"depth":0,
					"method":"<android.hardware.biometrics.BiometricPrompt: void authenticate(android.os.CancellationSignal,java.util.concurrent.Executor,android.hardware.biometrics.BiometricPrompt$AuthenticationCallback)>",
					"source":"CALLER"
				}
			],
			"keyAPIDiffClass":[],
			"callerOfSingnlar2SourceVar":{
				"<android.hardware.biometrics.BiometricPrompt: void authenticate(android.os.CancellationSignal,java.util.concurrent.Executor,android.hardware.biometrics.BiometricPrompt$AuthenticationCallback)>":"2, 1, 0"
			}
		},
		{
			"method":"<android.hardware.biometrics.BiometricPrompt: void authenticate(android.os.CancellationSignal,java.util.concurrent.Executor,android.hardware.biometrics.BiometricPrompt$AuthenticationCallback)>",
			"message":"\\QMust supply a cancellation signal\\E",
			"relatedVarType":"Parameter",
			"relatedCondType":"Basic",
			"modifier":"public",
			"type":"java.lang.IllegalArgumentException",
			"osVersionRelated":false,
			"resourceRelated":false,
			"assessRelated":false,
			"hardwareRelated":true,
			"manifestRelated":false,
			"conditions":"r0 != null",
			"paramValues":"@parameter0: android.os.CancellationSignal",
			"relatedValues":"@parameter0: android.os.CancellationSignal; ; ",
			"keyAPISameClassNum":0,
			"keyAPIDiffClassNum":0,
			"keyAPISameClass":[
				{
					"trace":[
						"<android.hardware.biometrics.BiometricPrompt: void authenticate(android.os.CancellationSignal,java.util.concurrent.Executor,android.hardware.biometrics.BiometricPrompt$AuthenticationCallback)>"
					],
					"depth":0,
					"method":"<android.hardware.biometrics.BiometricPrompt: void authenticate(android.os.CancellationSignal,java.util.concurrent.Executor,android.hardware.biometrics.BiometricPrompt$AuthenticationCallback)>",
					"source":"CALLER"
				}
			],
			"keyAPIDiffClass":[],
			"callerOfSingnlar2SourceVar":{
				"<android.hardware.biometrics.BiometricPrompt: void authenticate(android.os.CancellationSignal,java.util.concurrent.Executor,android.hardware.biometrics.BiometricPrompt$AuthenticationCallback)>":"0"
			}
		},
		{
			"method":"<android.hardware.biometrics.BiometricPrompt: void authenticate(android.os.CancellationSignal,java.util.concurrent.Executor,android.hardware.biometrics.BiometricPrompt$AuthenticationCallback)>",
			"message":"\\QMust supply an executor\\E",
			"relatedVarType":"Parameter",
			"relatedCondType":"Basic",
			"modifier":"public",
			"type":"java.lang.IllegalArgumentException",
			"osVersionRelated":false,
			"resourceRelated":false,
			"assessRelated":false,
			"hardwareRelated":true,
			"manifestRelated":false,
			"conditions":"r1 != null, r0 != null",
			"paramValues":"@parameter1: java.util.concurrent.Executor, @parameter0: android.os.CancellationSignal",
			"relatedValues":"@parameter1: java.util.concurrent.Executor, @parameter0: android.os.CancellationSignal; ; ",
			"keyAPISameClassNum":0,
			"keyAPIDiffClassNum":0,
			"keyAPISameClass":[
				{
					"trace":[
						"<android.hardware.biometrics.BiometricPrompt: void authenticate(android.os.CancellationSignal,java.util.concurrent.Executor,android.hardware.biometrics.BiometricPrompt$AuthenticationCallback)>"
					],
					"depth":0,
					"method":"<android.hardware.biometrics.BiometricPrompt: void authenticate(android.os.CancellationSignal,java.util.concurrent.Executor,android.hardware.biometrics.BiometricPrompt$AuthenticationCallback)>",
					"source":"CALLER"
				}
			],
			"keyAPIDiffClass":[],
			"callerOfSingnlar2SourceVar":{
				"<android.hardware.biometrics.BiometricPrompt: void authenticate(android.os.CancellationSignal,java.util.concurrent.Executor,android.hardware.biometrics.BiometricPrompt$AuthenticationCallback)>":"1, 0"
			}
		}
	]
}