{
	"exceptions":[
		{
			"method":"<android.animation.PropertyValuesHolder: android.animation.PropertyValuesHolder ofMultiInt(java.lang.String,int[][])>",
			"message":"\\Qvalues must not be null\\E",
			"relatedVarType":"Parameter",
			"relatedCondType":"Basic",
			"modifier":"public",
			"type":"java.lang.IllegalArgumentException",
			"osVersionRelated":false,
			"resourceRelated":false,
			"assessRelated":false,
			"hardwareRelated":false,
			"manifestRelated":false,
			"conditions":"$r6 != null, i4 >= $i1, $i0 >= 2",
			"paramValues":"@parameter1: int[][]",
			"relatedValues":"@parameter1: int[][]; ; ",
			"keyAPISameClassNum":0,
			"keyAPIDiffClassNum":0,
			"keyAPISameClass":[
				{
					"trace":[
						"<android.animation.PropertyValuesHolder: android.animation.PropertyValuesHolder ofMultiInt(java.lang.String,int[][])>"
					],
					"depth":0,
					"method":"<android.animation.PropertyValuesHolder: android.animation.PropertyValuesHolder ofMultiInt(java.lang.String,int[][])>",
					"source":"CALLER"
				}
			],
			"keyAPIDiffClass":[
				{
					"trace":[
						"<android.animation.ObjectAnimator: android.animation.ObjectAnimator ofMultiInt(java.lang.Object,java.lang.String,int[][])>",
						"<android.animation.PropertyValuesHolder: android.animation.PropertyValuesHolder ofMultiInt(java.lang.String,int[][])>"
					],
					"depth":1,
					"method":"<android.animation.ObjectAnimator: android.animation.ObjectAnimator ofMultiInt(java.lang.Object,java.lang.String,int[][])>",
					"source":"CALLER"
				}
			],
			"callerOfSingnlar2SourceVar":{
				"<android.animation.ObjectAnimator: android.animation.ObjectAnimator ofMultiInt(java.lang.Object,java.lang.String,int[][])>":"2",
				"<android.animation.PropertyValuesHolder: android.animation.PropertyValuesHolder ofMultiInt(java.lang.String,int[][])>":"1"
			}
		},
		{
			"method":"<android.animation.PropertyValuesHolder: android.animation.PropertyValuesHolder ofMultiInt(java.lang.String,int[][])>",
			"message":"\\QValues must all have the same length\\E",
			"relatedVarType":"Parameter",
			"relatedCondType":"Basic",
			"modifier":"public",
			"type":"java.lang.IllegalArgumentException",
			"osVersionRelated":false,
			"resourceRelated":false,
			"assessRelated":false,
			"hardwareRelated":false,
			"manifestRelated":false,
			"conditions":"i2 == i3, $i0 >= 2, i4 != 0",
			"paramValues":"@parameter1: int[][]",
			"relatedValues":"@parameter1: int[][]; ; ",
			"keyAPISameClassNum":0,
			"keyAPIDiffClassNum":0,
			"keyAPISameClass":[
				{
					"trace":[
						"<android.animation.PropertyValuesHolder: android.animation.PropertyValuesHolder ofMultiInt(java.lang.String,int[][])>"
					],
					"depth":0,
					"method":"<android.animation.PropertyValuesHolder: android.animation.PropertyValuesHolder ofMultiInt(java.lang.String,int[][])>",
					"source":"CALLER"
				}
			],
			"keyAPIDiffClass":[
				{
					"trace":[
						"<android.animation.ObjectAnimator: android.animation.ObjectAnimator ofMultiInt(java.lang.Object,java.lang.String,int[][])>",
						"<android.animation.PropertyValuesHolder: android.animation.PropertyValuesHolder ofMultiInt(java.lang.String,int[][])>"
					],
					"depth":1,
					"method":"<android.animation.ObjectAnimator: android.animation.ObjectAnimator ofMultiInt(java.lang.Object,java.lang.String,int[][])>",
					"source":"CALLER"
				}
			],
			"callerOfSingnlar2SourceVar":{
				"<android.animation.ObjectAnimator: android.animation.ObjectAnimator ofMultiInt(java.lang.Object,java.lang.String,int[][])>":"2",
				"<android.animation.PropertyValuesHolder: android.animation.PropertyValuesHolder ofMultiInt(java.lang.String,int[][])>":"1"
			}
		},
		{
			"method":"<android.animation.PropertyValuesHolder: android.animation.PropertyValuesHolder ofMultiInt(java.lang.String,int[][])>",
			"message":"\\QAt least 2 values must be supplied\\E",
			"relatedVarType":"Parameter",
			"relatedCondType":"Basic",
			"modifier":"public",
			"type":"java.lang.IllegalArgumentException",
			"osVersionRelated":false,
			"resourceRelated":false,
			"assessRelated":false,
			"hardwareRelated":false,
			"manifestRelated":false,
			"conditions":"$i0 >= 2",
			"paramValues":"@parameter1: int[][]",
			"relatedValues":"@parameter1: int[][]; ; ",
			"keyAPISameClassNum":0,
			"keyAPIDiffClassNum":0,
			"keyAPISameClass":[
				{
					"trace":[
						"<android.animation.PropertyValuesHolder: android.animation.PropertyValuesHolder ofMultiInt(java.lang.String,int[][])>"
					],
					"depth":0,
					"method":"<android.animation.PropertyValuesHolder: android.animation.PropertyValuesHolder ofMultiInt(java.lang.String,int[][])>",
					"source":"CALLER"
				}
			],
			"keyAPIDiffClass":[
				{
					"trace":[
						"<android.animation.ObjectAnimator: android.animation.ObjectAnimator ofMultiInt(java.lang.Object,java.lang.String,int[][])>",
						"<android.animation.PropertyValuesHolder: android.animation.PropertyValuesHolder ofMultiInt(java.lang.String,int[][])>"
					],
					"depth":1,
					"method":"<android.animation.ObjectAnimator: android.animation.ObjectAnimator ofMultiInt(java.lang.Object,java.lang.String,int[][])>",
					"source":"CALLER"
				}
			],
			"callerOfSingnlar2SourceVar":{
				"<android.animation.ObjectAnimator: android.animation.ObjectAnimator ofMultiInt(java.lang.Object,java.lang.String,int[][])>":"2",
				"<android.animation.PropertyValuesHolder: android.animation.PropertyValuesHolder ofMultiInt(java.lang.String,int[][])>":"1"
			}
		},
		{
			"method":"<android.animation.PropertyValuesHolder: android.animation.PropertyValuesHolder ofMultiFloat(java.lang.String,float[][])>",
			"message":"\\Qvalues must not be null\\E",
			"relatedVarType":"Parameter",
			"relatedCondType":"Basic",
			"modifier":"public",
			"type":"java.lang.IllegalArgumentException",
			"osVersionRelated":false,
			"resourceRelated":false,
			"assessRelated":false,
			"hardwareRelated":false,
			"manifestRelated":false,
			"conditions":"$r6 != null, i4 >= $i1, $i0 >= 2",
			"paramValues":"@parameter1: float[][]",
			"relatedValues":"@parameter1: float[][]; ; ",
			"keyAPISameClassNum":0,
			"keyAPIDiffClassNum":0,
			"keyAPISameClass":[
				{
					"trace":[
						"<android.animation.PropertyValuesHolder: android.animation.PropertyValuesHolder ofMultiFloat(java.lang.String,float[][])>"
					],
					"depth":0,
					"method":"<android.animation.PropertyValuesHolder: android.animation.PropertyValuesHolder ofMultiFloat(java.lang.String,float[][])>",
					"source":"CALLER"
				}
			],
			"keyAPIDiffClass":[
				{
					"trace":[
						"<android.animation.ObjectAnimator: android.animation.ObjectAnimator ofMultiFloat(java.lang.Object,java.lang.String,float[][])>",
						"<android.animation.PropertyValuesHolder: android.animation.PropertyValuesHolder ofMultiFloat(java.lang.String,float[][])>"
					],
					"depth":1,
					"method":"<android.animation.ObjectAnimator: android.animation.ObjectAnimator ofMultiFloat(java.lang.Object,java.lang.String,float[][])>",
					"source":"CALLER"
				}
			],
			"callerOfSingnlar2SourceVar":{
				"<android.animation.PropertyValuesHolder: android.animation.PropertyValuesHolder ofMultiFloat(java.lang.String,float[][])>":"1",
				"<android.animation.ObjectAnimator: android.animation.ObjectAnimator ofMultiFloat(java.lang.Object,java.lang.String,float[][])>":"2"
			}
		},
		{
			"method":"<android.animation.PropertyValuesHolder: android.animation.PropertyValuesHolder ofMultiFloat(java.lang.String,float[][])>",
			"message":"\\QValues must all have the same length\\E",
			"relatedVarType":"Parameter",
			"relatedCondType":"Basic",
			"modifier":"public",
			"type":"java.lang.IllegalArgumentException",
			"osVersionRelated":false,
			"resourceRelated":false,
			"assessRelated":false,
			"hardwareRelated":false,
			"manifestRelated":false,
			"conditions":"i2 == i3, $i0 >= 2, i4 != 0",
			"paramValues":"@parameter1: float[][]",
			"relatedValues":"@parameter1: float[][]; ; ",
			"keyAPISameClassNum":0,
			"keyAPIDiffClassNum":0,
			"keyAPISameClass":[
				{
					"trace":[
						"<android.animation.PropertyValuesHolder: android.animation.PropertyValuesHolder ofMultiFloat(java.lang.String,float[][])>"
					],
					"depth":0,
					"method":"<android.animation.PropertyValuesHolder: android.animation.PropertyValuesHolder ofMultiFloat(java.lang.String,float[][])>",
					"source":"CALLER"
				}
			],
			"keyAPIDiffClass":[
				{
					"trace":[
						"<android.animation.ObjectAnimator: android.animation.ObjectAnimator ofMultiFloat(java.lang.Object,java.lang.String,float[][])>",
						"<android.animation.PropertyValuesHolder: android.animation.PropertyValuesHolder ofMultiFloat(java.lang.String,float[][])>"
					],
					"depth":1,
					"method":"<android.animation.ObjectAnimator: android.animation.ObjectAnimator ofMultiFloat(java.lang.Object,java.lang.String,float[][])>",
					"source":"CALLER"
				}
			],
			"callerOfSingnlar2SourceVar":{
				"<android.animation.PropertyValuesHolder: android.animation.PropertyValuesHolder ofMultiFloat(java.lang.String,float[][])>":"1",
				"<android.animation.ObjectAnimator: android.animation.ObjectAnimator ofMultiFloat(java.lang.Object,java.lang.String,float[][])>":"2"
			}
		},
		{
			"method":"<android.animation.PropertyValuesHolder: android.animation.PropertyValuesHolder ofMultiFloat(java.lang.String,float[][])>",
			"message":"\\QAt least 2 values must be supplied\\E",
			"relatedVarType":"Parameter",
			"relatedCondType":"Basic",
			"modifier":"public",
			"type":"java.lang.IllegalArgumentException",
			"osVersionRelated":false,
			"resourceRelated":false,
			"assessRelated":false,
			"hardwareRelated":false,
			"manifestRelated":false,
			"conditions":"$i0 >= 2",
			"paramValues":"@parameter1: float[][]",
			"relatedValues":"@parameter1: float[][]; ; ",
			"keyAPISameClassNum":0,
			"keyAPIDiffClassNum":0,
			"keyAPISameClass":[
				{
					"trace":[
						"<android.animation.PropertyValuesHolder: android.animation.PropertyValuesHolder ofMultiFloat(java.lang.String,float[][])>"
					],
					"depth":0,
					"method":"<android.animation.PropertyValuesHolder: android.animation.PropertyValuesHolder ofMultiFloat(java.lang.String,float[][])>",
					"source":"CALLER"
				}
			],
			"keyAPIDiffClass":[
				{
					"trace":[
						"<android.animation.ObjectAnimator: android.animation.ObjectAnimator ofMultiFloat(java.lang.Object,java.lang.String,float[][])>",
						"<android.animation.PropertyValuesHolder: android.animation.PropertyValuesHolder ofMultiFloat(java.lang.String,float[][])>"
					],
					"depth":1,
					"method":"<android.animation.ObjectAnimator: android.animation.ObjectAnimator ofMultiFloat(java.lang.Object,java.lang.String,float[][])>",
					"source":"CALLER"
				}
			],
			"callerOfSingnlar2SourceVar":{
				"<android.animation.PropertyValuesHolder: android.animation.PropertyValuesHolder ofMultiFloat(java.lang.String,float[][])>":"1",
				"<android.animation.ObjectAnimator: android.animation.ObjectAnimator ofMultiFloat(java.lang.Object,java.lang.String,float[][])>":"2"
			}
		},
		{
			"method":"<android.animation.PropertyValuesHolder: java.lang.Object convertBack(java.lang.Object)>",
			"message":"\\QConverter \\E[\\s\\S]*\\Q must be a BidirectionalTypeConverter\\E",
			"relatedVarType":"Field",
			"relatedCondType":"Basic",
			"modifier":"private",
			"type":"java.lang.IllegalArgumentException",
			"osVersionRelated":false,
			"resourceRelated":false,
			"assessRelated":false,
			"hardwareRelated":false,
			"manifestRelated":false,
			"conditions":"$z0 != 0, $r1 == null",
			"fieldValues":"<android.animation.PropertyValuesHolder: android.animation.TypeConverter mConverter>",
			"relatedValues":"; <android.animation.PropertyValuesHolder: android.animation.TypeConverter mConverter>; ",
			"keyAPISameClassNum":12,
			"keyAPIDiffClassNum":55,
			"keyAPISameClass":[
				{
					"trace":[
						"<android.animation.PropertyValuesHolder: java.lang.Object convertBack(java.lang.Object)>"
					],
					"depth":1,
					"method":"<android.animation.PropertyValuesHolder: void setConverter(android.animation.TypeConverter)>",
					"source":"FIELD"
				},
				{
					"trace":[
						"<android.animation.PropertyValuesHolder: android.animation.PropertyValuesHolder ofObject(android.util.Property,android.animation.TypeConverter,android.graphics.Path)>",
						"<android.animation.PropertyValuesHolder: void setConverter(android.animation.TypeConverter)>",
						"key field: <android.animation.PropertyValuesHolder: android.animation.TypeConverter mConverter>",
						"<android.animation.PropertyValuesHolder: java.lang.Object convertBack(java.lang.Object)>"
					],
					"depth":2,
					"method":"<android.animation.PropertyValuesHolder: android.animation.PropertyValuesHolder ofObject(android.util.Property,android.animation.TypeConverter,android.graphics.Path)>",
					"source":"FIELDCALLER"
				},
				{
					"trace":[
						"<android.animation.PropertyValuesHolder: android.animation.PropertyValuesHolder ofObject(android.util.Property,android.animation.TypeConverter,android.animation.TypeEvaluator,java.lang.Object[])>",
						"<android.animation.PropertyValuesHolder: void setConverter(android.animation.TypeConverter)>",
						"key field: <android.animation.PropertyValuesHolder: android.animation.TypeConverter mConverter>",
						"<android.animation.PropertyValuesHolder: java.lang.Object convertBack(java.lang.Object)>"
					],
					"depth":2,
					"method":"<android.animation.PropertyValuesHolder: android.animation.PropertyValuesHolder ofObject(android.util.Property,android.animation.TypeConverter,android.animation.TypeEvaluator,java.lang.Object[])>",
					"source":"FIELDCALLER"
				},
				{
					"trace":[
						"<android.animation.PropertyValuesHolder: android.animation.PropertyValuesHolder ofObject(java.lang.String,android.animation.TypeConverter,android.graphics.Path)>",
						"<android.animation.PropertyValuesHolder: void setConverter(android.animation.TypeConverter)>",
						"key field: <android.animation.PropertyValuesHolder: android.animation.TypeConverter mConverter>",
						"<android.animation.PropertyValuesHolder: java.lang.Object convertBack(java.lang.Object)>"
					],
					"depth":2,
					"method":"<android.animation.PropertyValuesHolder: android.animation.PropertyValuesHolder ofObject(java.lang.String,android.animation.TypeConverter,android.graphics.Path)>",
					"source":"FIELDCALLER"
				},
				{
					"trace":[
						"<android.animation.PropertyValuesHolder: android.animation.PropertyValuesHolder ofMultiFloat(java.lang.String,android.graphics.Path)>",
						"<android.animation.PropertyValuesHolder$MultiFloatValuesHolder: void <init>(java.lang.String,android.animation.TypeConverter,android.animation.TypeEvaluator,android.animation.Keyframes)>",
						"<android.animation.PropertyValuesHolder: void setConverter(android.animation.TypeConverter)>",
						"key field: <android.animation.PropertyValuesHolder: android.animation.TypeConverter mConverter>",
						"<android.animation.PropertyValuesHolder: java.lang.Object convertBack(java.lang.Object)>"
					],
					"depth":3,
					"method":"<android.animation.PropertyValuesHolder: android.animation.PropertyValuesHolder ofMultiFloat(java.lang.String,android.graphics.Path)>",
					"source":"FIELDCALLER"
				},
				{
					"trace":[
						"<android.animation.PropertyValuesHolder: android.animation.PropertyValuesHolder ofMultiFloat(java.lang.String,android.animation.TypeConverter,android.animation.TypeEvaluator,android.animation.Keyframe[])>",
						"<android.animation.PropertyValuesHolder$MultiFloatValuesHolder: void <init>(java.lang.String,android.animation.TypeConverter,android.animation.TypeEvaluator,android.animation.Keyframes)>",
						"<android.animation.PropertyValuesHolder: void setConverter(android.animation.TypeConverter)>",
						"key field: <android.animation.PropertyValuesHolder: android.animation.TypeConverter mConverter>",
						"<android.animation.PropertyValuesHolder: java.lang.Object convertBack(java.lang.Object)>"
					],
					"depth":3,
					"method":"<android.animation.PropertyValuesHolder: android.animation.PropertyValuesHolder ofMultiFloat(java.lang.String,android.animation.TypeConverter,android.animation.TypeEvaluator,android.animation.Keyframe[])>",
					"source":"FIELDCALLER"
				},
				{
					"trace":[
						"<android.animation.PropertyValuesHolder: android.animation.PropertyValuesHolder ofMultiFloat(java.lang.String,float[][])>",
						"<android.animation.PropertyValuesHolder$MultiFloatValuesHolder: void <init>(java.lang.String,android.animation.TypeConverter,android.animation.TypeEvaluator,java.lang.Object[])>",
						"<android.animation.PropertyValuesHolder: void setConverter(android.animation.TypeConverter)>",
						"key field: <android.animation.PropertyValuesHolder: android.animation.TypeConverter mConverter>",
						"<android.animation.PropertyValuesHolder: java.lang.Object convertBack(java.lang.Object)>"
					],
					"depth":3,
					"method":"<android.animation.PropertyValuesHolder: android.animation.PropertyValuesHolder ofMultiFloat(java.lang.String,float[][])>",
					"source":"FIELDCALLER"
				},
				{
					"trace":[
						"<android.animation.PropertyValuesHolder: android.animation.PropertyValuesHolder ofMultiFloat(java.lang.String,android.animation.TypeConverter,android.animation.TypeEvaluator,java.lang.Object[])>",
						"<android.animation.PropertyValuesHolder$MultiFloatValuesHolder: void <init>(java.lang.String,android.animation.TypeConverter,android.animation.TypeEvaluator,java.lang.Object[])>",
						"<android.animation.PropertyValuesHolder: void setConverter(android.animation.TypeConverter)>",
						"key field: <android.animation.PropertyValuesHolder: android.animation.TypeConverter mConverter>",
						"<android.animation.PropertyValuesHolder: java.lang.Object convertBack(java.lang.Object)>"
					],
					"depth":3,
					"method":"<android.animation.PropertyValuesHolder: android.animation.PropertyValuesHolder ofMultiFloat(java.lang.String,android.animation.TypeConverter,android.animation.TypeEvaluator,java.lang.Object[])>",
					"source":"FIELDCALLER"
				},
				{
					"trace":[
						"<android.animation.PropertyValuesHolder: android.animation.PropertyValuesHolder ofMultiInt(java.lang.String,android.graphics.Path)>",
						"<android.animation.PropertyValuesHolder$MultiIntValuesHolder: void <init>(java.lang.String,android.animation.TypeConverter,android.animation.TypeEvaluator,android.animation.Keyframes)>",
						"<android.animation.PropertyValuesHolder: void setConverter(android.animation.TypeConverter)>",
						"key field: <android.animation.PropertyValuesHolder: android.animation.TypeConverter mConverter>",
						"<android.animation.PropertyValuesHolder: java.lang.Object convertBack(java.lang.Object)>"
					],
					"depth":3,
					"method":"<android.animation.PropertyValuesHolder: android.animation.PropertyValuesHolder ofMultiInt(java.lang.String,android.graphics.Path)>",
					"source":"FIELDCALLER"
				},
				{
					"trace":[
						"<android.animation.PropertyValuesHolder: android.animation.PropertyValuesHolder ofMultiInt(java.lang.String,android.animation.TypeConverter,android.animation.TypeEvaluator,android.animation.Keyframe[])>",
						"<android.animation.PropertyValuesHolder$MultiIntValuesHolder: void <init>(java.lang.String,android.animation.TypeConverter,android.animation.TypeEvaluator,android.animation.Keyframes)>",
						"<android.animation.PropertyValuesHolder: void setConverter(android.animation.TypeConverter)>",
						"key field: <android.animation.PropertyValuesHolder: android.animation.TypeConverter mConverter>",
						"<android.animation.PropertyValuesHolder: java.lang.Object convertBack(java.lang.Object)>"
					],
					"depth":3,
					"method":"<android.animation.PropertyValuesHolder: android.animation.PropertyValuesHolder ofMultiInt(java.lang.String,android.animation.TypeConverter,android.animation.TypeEvaluator,android.animation.Keyframe[])>",
					"source":"FIELDCALLER"
				},
				{
					"trace":[
						"<android.animation.PropertyValuesHolder: android.animation.PropertyValuesHolder ofMultiInt(java.lang.String,int[][])>",
						"<android.animation.PropertyValuesHolder$MultiIntValuesHolder: void <init>(java.lang.String,android.animation.TypeConverter,android.animation.TypeEvaluator,java.lang.Object[])>",
						"<android.animation.PropertyValuesHolder: void setConverter(android.animation.TypeConverter)>",
						"key field: <android.animation.PropertyValuesHolder: android.animation.TypeConverter mConverter>",
						"<android.animation.PropertyValuesHolder: java.lang.Object convertBack(java.lang.Object)>"
					],
					"depth":3,
					"method":"<android.animation.PropertyValuesHolder: android.animation.PropertyValuesHolder ofMultiInt(java.lang.String,int[][])>",
					"source":"FIELDCALLER"
				},
				{
					"trace":[
						"<android.animation.PropertyValuesHolder: android.animation.PropertyValuesHolder ofMultiInt(java.lang.String,android.animation.TypeConverter,android.animation.TypeEvaluator,java.lang.Object[])>",
						"<android.animation.PropertyValuesHolder$MultiIntValuesHolder: void <init>(java.lang.String,android.animation.TypeConverter,android.animation.TypeEvaluator,java.lang.Object[])>",
						"<android.animation.PropertyValuesHolder: void setConverter(android.animation.TypeConverter)>",
						"key field: <android.animation.PropertyValuesHolder: android.animation.TypeConverter mConverter>",
						"<android.animation.PropertyValuesHolder: java.lang.Object convertBack(java.lang.Object)>"
					],
					"depth":3,
					"method":"<android.animation.PropertyValuesHolder: android.animation.PropertyValuesHolder ofMultiInt(java.lang.String,android.animation.TypeConverter,android.animation.TypeEvaluator,java.lang.Object[])>",
					"source":"FIELDCALLER"
				}
			],
			"keyAPIDiffClass":[
				{
					"trace":[
						"<android.animation.PropertyValuesHolder$MultiFloatValuesHolder: void <init>(java.lang.String,android.animation.TypeConverter,android.animation.TypeEvaluator,android.animation.Keyframes)>",
						"<android.animation.PropertyValuesHolder: void setConverter(android.animation.TypeConverter)>",
						"key field: <android.animation.PropertyValuesHolder: android.animation.TypeConverter mConverter>",
						"<android.animation.PropertyValuesHolder: java.lang.Object convertBack(java.lang.Object)>"
					],
					"depth":2,
					"method":"<android.animation.PropertyValuesHolder$MultiFloatValuesHolder: void <init>(java.lang.String,android.animation.TypeConverter,android.animation.TypeEvaluator,android.animation.Keyframes)>",
					"source":"FIELDCALLER"
				},
				{
					"trace":[
						"<android.animation.PropertyValuesHolder$MultiFloatValuesHolder: void <init>(java.lang.String,android.animation.TypeConverter,android.animation.TypeEvaluator,java.lang.Object[])>",
						"<android.animation.PropertyValuesHolder: void setConverter(android.animation.TypeConverter)>",
						"key field: <android.animation.PropertyValuesHolder: android.animation.TypeConverter mConverter>",
						"<android.animation.PropertyValuesHolder: java.lang.Object convertBack(java.lang.Object)>"
					],
					"depth":2,
					"method":"<android.animation.PropertyValuesHolder$MultiFloatValuesHolder: void <init>(java.lang.String,android.animation.TypeConverter,android.animation.TypeEvaluator,java.lang.Object[])>",
					"source":"FIELDCALLER"
				},
				{
					"trace":[
						"<android.animation.PropertyValuesHolder$MultiIntValuesHolder: void <init>(java.lang.String,android.animation.TypeConverter,android.animation.TypeEvaluator,android.animation.Keyframes)>",
						"<android.animation.PropertyValuesHolder: void setConverter(android.animation.TypeConverter)>",
						"key field: <android.animation.PropertyValuesHolder: android.animation.TypeConverter mConverter>",
						"<android.animation.PropertyValuesHolder: java.lang.Object convertBack(java.lang.Object)>"
					],
					"depth":2,
					"method":"<android.animation.PropertyValuesHolder$MultiIntValuesHolder: void <init>(java.lang.String,android.animation.TypeConverter,android.animation.TypeEvaluator,android.animation.Keyframes)>",
					"source":"FIELDCALLER"
				},
				{
					"trace":[
						"<android.animation.PropertyValuesHolder$MultiIntValuesHolder: void <init>(java.lang.String,android.animation.TypeConverter,android.animation.TypeEvaluator,java.lang.Object[])>",
						"<android.animation.PropertyValuesHolder: void setConverter(android.animation.TypeConverter)>",
						"key field: <android.animation.PropertyValuesHolder: android.animation.TypeConverter mConverter>",
						"<android.animation.PropertyValuesHolder: java.lang.Object convertBack(java.lang.Object)>"
					],
					"depth":2,
					"method":"<android.animation.PropertyValuesHolder$MultiIntValuesHolder: void <init>(java.lang.String,android.animation.TypeConverter,android.animation.TypeEvaluator,java.lang.Object[])>",
					"source":"FIELDCALLER"
				},
				{
					"trace":[
						"<android.animation.ObjectAnimator: android.animation.ObjectAnimator ofObject(java.lang.Object,android.util.Property,android.animation.TypeConverter,android.graphics.Path)>",
						"<android.animation.PropertyValuesHolder: android.animation.PropertyValuesHolder ofObject(android.util.Property,android.animation.TypeConverter,android.graphics.Path)>",
						"<android.animation.PropertyValuesHolder: void setConverter(android.animation.TypeConverter)>",
						"key field: <android.animation.PropertyValuesHolder: android.animation.TypeConverter mConverter>",
						"<android.animation.PropertyValuesHolder: java.lang.Object convertBack(java.lang.Object)>"
					],
					"depth":3,
					"method":"<android.animation.ObjectAnimator: android.animation.ObjectAnimator ofObject(java.lang.Object,android.util.Property,android.animation.TypeConverter,android.graphics.Path)>",
					"source":"FIELDCALLER"
				},
				{
					"trace":[
						"<android.animation.ObjectAnimator: android.animation.ObjectAnimator ofObject(java.lang.Object,android.util.Property,android.animation.TypeConverter,android.animation.TypeEvaluator,java.lang.Object[])>",
						"<android.animation.PropertyValuesHolder: android.animation.PropertyValuesHolder ofObject(android.util.Property,android.animation.TypeConverter,android.animation.TypeEvaluator,java.lang.Object[])>",
						"<android.animation.PropertyValuesHolder: void setConverter(android.animation.TypeConverter)>",
						"key field: <android.animation.PropertyValuesHolder: android.animation.TypeConverter mConverter>",
						"<android.animation.PropertyValuesHolder: java.lang.Object convertBack(java.lang.Object)>"
					],
					"depth":3,
					"method":"<android.animation.ObjectAnimator: android.animation.ObjectAnimator ofObject(java.lang.Object,android.util.Property,android.animation.TypeConverter,android.animation.TypeEvaluator,java.lang.Object[])>",
					"source":"FIELDCALLER"
				},
				{
					"trace":[
						"<android.animation.ObjectAnimator: android.animation.ObjectAnimator ofObject(java.lang.Object,java.lang.String,android.animation.TypeConverter,android.graphics.Path)>",
						"<android.animation.PropertyValuesHolder: android.animation.PropertyValuesHolder ofObject(java.lang.String,android.animation.TypeConverter,android.graphics.Path)>",
						"<android.animation.PropertyValuesHolder: void setConverter(android.animation.TypeConverter)>",
						"key field: <android.animation.PropertyValuesHolder: android.animation.TypeConverter mConverter>",
						"<android.animation.PropertyValuesHolder: java.lang.Object convertBack(java.lang.Object)>"
					],
					"depth":3,
					"method":"<android.animation.ObjectAnimator: android.animation.ObjectAnimator ofObject(java.lang.Object,java.lang.String,android.animation.TypeConverter,android.graphics.Path)>",
					"source":"FIELDCALLER"
				},
				{
					"trace":[
						"<android.animation.ObjectAnimator: android.animation.ObjectAnimator ofMultiFloat(java.lang.Object,java.lang.String,android.graphics.Path)>",
						"<android.animation.PropertyValuesHolder: android.animation.PropertyValuesHolder ofMultiFloat(java.lang.String,android.graphics.Path)>",
						"<android.animation.PropertyValuesHolder$MultiFloatValuesHolder: void <init>(java.lang.String,android.animation.TypeConverter,android.animation.TypeEvaluator,android.animation.Keyframes)>",
						"<android.animation.PropertyValuesHolder: void setConverter(android.animation.TypeConverter)>",
						"key field: <android.animation.PropertyValuesHolder: android.animation.TypeConverter mConverter>",
						"<android.animation.PropertyValuesHolder: java.lang.Object convertBack(java.lang.Object)>"
					],
					"depth":4,
					"method":"<android.animation.ObjectAnimator: android.animation.ObjectAnimator ofMultiFloat(java.lang.Object,java.lang.String,android.graphics.Path)>",
					"source":"FIELDCALLER"
				},
				{
					"trace":[
						"<android.animation.ObjectAnimator: android.animation.ObjectAnimator ofMultiFloat(java.lang.Object,java.lang.String,float[][])>",
						"<android.animation.PropertyValuesHolder: android.animation.PropertyValuesHolder ofMultiFloat(java.lang.String,float[][])>",
						"<android.animation.PropertyValuesHolder$MultiFloatValuesHolder: void <init>(java.lang.String,android.animation.TypeConverter,android.animation.TypeEvaluator,java.lang.Object[])>",
						"<android.animation.PropertyValuesHolder: void setConverter(android.animation.TypeConverter)>",
						"key field: <android.animation.PropertyValuesHolder: android.animation.TypeConverter mConverter>",
						"<android.animation.PropertyValuesHolder: java.lang.Object convertBack(java.lang.Object)>"
					],
					"depth":4,
					"method":"<android.animation.ObjectAnimator: android.animation.ObjectAnimator ofMultiFloat(java.lang.Object,java.lang.String,float[][])>",
					"source":"FIELDCALLER"
				},
				{
					"trace":[
						"<android.animation.ObjectAnimator: android.animation.ObjectAnimator ofMultiFloat(java.lang.Object,java.lang.String,android.animation.TypeConverter,android.animation.TypeEvaluator,java.lang.Object[])>",
						"<android.animation.PropertyValuesHolder: android.animation.PropertyValuesHolder ofMultiFloat(java.lang.String,android.animation.TypeConverter,android.animation.TypeEvaluator,java.lang.Object[])>",
						"<android.animation.PropertyValuesHolder$MultiFloatValuesHolder: void <init>(java.lang.String,android.animation.TypeConverter,android.animation.TypeEvaluator,java.lang.Object[])>",
						"<android.animation.PropertyValuesHolder: void setConverter(android.animation.TypeConverter)>",
						"key field: <android.animation.PropertyValuesHolder: android.animation.TypeConverter mConverter>",
						"<android.animation.PropertyValuesHolder: java.lang.Object convertBack(java.lang.Object)>"
					],
					"depth":4,
					"method":"<android.animation.ObjectAnimator: android.animation.ObjectAnimator ofMultiFloat(java.lang.Object,java.lang.String,android.animation.TypeConverter,android.animation.TypeEvaluator,java.lang.Object[])>",
					"source":"FIELDCALLER"
				},
				{
					"trace":[
						"<android.animation.ObjectAnimator: android.animation.ObjectAnimator ofMultiInt(java.lang.Object,java.lang.String,android.graphics.Path)>",
						"<android.animation.PropertyValuesHolder: android.animation.PropertyValuesHolder ofMultiInt(java.lang.String,android.graphics.Path)>",
						"<android.animation.PropertyValuesHolder$MultiIntValuesHolder: void <init>(java.lang.String,android.animation.TypeConverter,android.animation.TypeEvaluator,android.animation.Keyframes)>",
						"<android.animation.PropertyValuesHolder: void setConverter(android.animation.TypeConverter)>",
						"key field: <android.animation.PropertyValuesHolder: android.animation.TypeConverter mConverter>",
						"<android.animation.PropertyValuesHolder: java.lang.Object convertBack(java.lang.Object)>"
					],
					"depth":4,
					"method":"<android.animation.ObjectAnimator: android.animation.ObjectAnimator ofMultiInt(java.lang.Object,java.lang.String,android.graphics.Path)>",
					"source":"FIELDCALLER"
				},
				{
					"trace":[
						"<android.animation.ObjectAnimator: android.animation.ObjectAnimator ofMultiInt(java.lang.Object,java.lang.String,int[][])>",
						"<android.animation.PropertyValuesHolder: android.animation.PropertyValuesHolder ofMultiInt(java.lang.String,int[][])>",
						"<android.animation.PropertyValuesHolder$MultiIntValuesHolder: void <init>(java.lang.String,android.animation.TypeConverter,android.animation.TypeEvaluator,java.lang.Object[])>",
						"<android.animation.PropertyValuesHolder: void setConverter(android.animation.TypeConverter)>",
						"key field: <android.animation.PropertyValuesHolder: android.animation.TypeConverter mConverter>",
						"<android.animation.PropertyValuesHolder: java.lang.Object convertBack(java.lang.Object)>"
					],
					"depth":4,
					"method":"<android.animation.ObjectAnimator: android.animation.ObjectAnimator ofMultiInt(java.lang.Object,java.lang.String,int[][])>",
					"source":"FIELDCALLER"
				},
				{
					"trace":[
						"<android.animation.ObjectAnimator: android.animation.ObjectAnimator ofMultiInt(java.lang.Object,java.lang.String,android.animation.TypeConverter,android.animation.TypeEvaluator,java.lang.Object[])>",
						"<android.animation.PropertyValuesHolder: android.animation.PropertyValuesHolder ofMultiInt(java.lang.String,android.animation.TypeConverter,android.animation.TypeEvaluator,java.lang.Object[])>",
						"<android.animation.PropertyValuesHolder$MultiIntValuesHolder: void <init>(java.lang.String,android.animation.TypeConverter,android.animation.TypeEvaluator,java.lang.Object[])>",
						"<android.animation.PropertyValuesHolder: void setConverter(android.animation.TypeConverter)>",
						"key field: <android.animation.PropertyValuesHolder: android.animation.TypeConverter mConverter>",
						"<android.animation.PropertyValuesHolder: java.lang.Object convertBack(java.lang.Object)>"
					],
					"depth":4,
					"method":"<android.animation.ObjectAnimator: android.animation.ObjectAnimator ofMultiInt(java.lang.Object,java.lang.String,android.animation.TypeConverter,android.animation.TypeEvaluator,java.lang.Object[])>",
					"source":"FIELDCALLER"
				},
				{
					"trace":[
						"<android.animation.ValueAnimator: void end()>",
						"<android.animation.ObjectAnimator: void initAnimation()>",
						"<android.animation.PropertyValuesHolder: void setupSetterAndGetter(java.lang.Object)>",
						"<android.animation.PropertyValuesHolder: void setupSetter(java.lang.Class)>",
						"key field: <android.animation.PropertyValuesHolder: android.animation.TypeConverter mConverter>",
						"<android.animation.PropertyValuesHolder: java.lang.Object convertBack(java.lang.Object)>"
					],
					"depth":4,
					"method":"<android.animation.ValueAnimator: void end()>",
					"source":"FIELDCALLER"
				},
				{
					"trace":[
						"<android.animation.ObjectAnimator: void setupStartValues()>",
						"<android.animation.ObjectAnimator: void initAnimation()>",
						"<android.animation.PropertyValuesHolder: void setupSetterAndGetter(java.lang.Object)>",
						"<android.animation.PropertyValuesHolder: void setupSetter(java.lang.Class)>",
						"key field: <android.animation.PropertyValuesHolder: android.animation.TypeConverter mConverter>",
						"<android.animation.PropertyValuesHolder: java.lang.Object convertBack(java.lang.Object)>"
					],
					"depth":4,
					"method":"<android.animation.ObjectAnimator: void setupStartValues()>",
					"source":"FIELDCALLER"
				},
				{
					"trace":[
						"<android.animation.ValueAnimator: void setCurrentFraction(float)>",
						"<android.animation.ObjectAnimator: void initAnimation()>",
						"<android.animation.PropertyValuesHolder: void setupSetterAndGetter(java.lang.Object)>",
						"<android.animation.PropertyValuesHolder: void setupSetter(java.lang.Class)>",
						"key field: <android.animation.PropertyValuesHolder: android.animation.TypeConverter mConverter>",
						"<android.animation.PropertyValuesHolder: java.lang.Object convertBack(java.lang.Object)>"
					],
					"depth":4,
					"method":"<android.animation.ValueAnimator: void setCurrentFraction(float)>",
					"source":"FIELDCALLER"
				},
				{
					"trace":[
						"<android.animation.ObjectAnimator: void setupEndValues()>",
						"<android.animation.ObjectAnimator: void initAnimation()>",
						"<android.animation.PropertyValuesHolder: void setupSetterAndGetter(java.lang.Object)>",
						"<android.animation.PropertyValuesHolder: void setupSetter(java.lang.Class)>",
						"key field: <android.animation.PropertyValuesHolder: android.animation.TypeConverter mConverter>",
						"<android.animation.PropertyValuesHolder: java.lang.Object convertBack(java.lang.Object)>"
					],
					"depth":4,
					"method":"<android.animation.ObjectAnimator: void setupEndValues()>",
					"source":"FIELDCALLER"
				},
				{
					"trace":[
						"<android.animation.LayoutTransition: void cancel()>",
						"<android.animation.ValueAnimator: void end()>",
						"<android.animation.ObjectAnimator: void initAnimation()>",
						"<android.animation.PropertyValuesHolder: void setupSetterAndGetter(java.lang.Object)>",
						"<android.animation.PropertyValuesHolder: void setupSetter(java.lang.Class)>",
						"key field: <android.animation.PropertyValuesHolder: android.animation.TypeConverter mConverter>",
						"<android.animation.PropertyValuesHolder: java.lang.Object convertBack(java.lang.Object)>"
					],
					"depth":5,
					"method":"<android.animation.LayoutTransition: void cancel()>",
					"source":"FIELDCALLER"
				},
				{
					"trace":[
						"<android.animation.StateListAnimator: void jumpToCurrentState()>",
						"<android.animation.ValueAnimator: void end()>",
						"<android.animation.ObjectAnimator: void initAnimation()>",
						"<android.animation.PropertyValuesHolder: void setupSetterAndGetter(java.lang.Object)>",
						"<android.animation.PropertyValuesHolder: void setupSetter(java.lang.Class)>",
						"key field: <android.animation.PropertyValuesHolder: android.animation.TypeConverter mConverter>",
						"<android.animation.PropertyValuesHolder: java.lang.Object convertBack(java.lang.Object)>"
					],
					"depth":5,
					"method":"<android.animation.StateListAnimator: void jumpToCurrentState()>",
					"source":"FIELDCALLER"
				},
				{
					"trace":[
						"<android.animation.LayoutTransition: void cancel(int)>",
						"<android.animation.ValueAnimator: void end()>",
						"<android.animation.ObjectAnimator: void initAnimation()>",
						"<android.animation.PropertyValuesHolder: void setupSetterAndGetter(java.lang.Object)>",
						"<android.animation.PropertyValuesHolder: void setupSetter(java.lang.Class)>",
						"key field: <android.animation.PropertyValuesHolder: android.animation.TypeConverter mConverter>",
						"<android.animation.PropertyValuesHolder: java.lang.Object convertBack(java.lang.Object)>"
					],
					"depth":5,
					"method":"<android.animation.LayoutTransition: void cancel(int)>",
					"source":"FIELDCALLER"
				},
				{
					"trace":[
						"<android.graphics.drawable.RippleForeground: void end()>",
						"<android.animation.ValueAnimator: void end()>",
						"<android.animation.ObjectAnimator: void initAnimation()>",
						"<android.animation.PropertyValuesHolder: void setupSetterAndGetter(java.lang.Object)>",
						"<android.animation.PropertyValuesHolder: void setupSetter(java.lang.Class)>",
						"key field: <android.animation.PropertyValuesHolder: android.animation.TypeConverter mConverter>",
						"<android.animation.PropertyValuesHolder: java.lang.Object convertBack(java.lang.Object)>"
					],
					"depth":5,
					"method":"<android.graphics.drawable.RippleForeground: void end()>",
					"source":"FIELDCALLER"
				},
				{
					"trace":[
						"<android.animation.LayoutTransition: void endChangingAnimations()>",
						"<android.animation.ValueAnimator: void end()>",
						"<android.animation.ObjectAnimator: void initAnimation()>",
						"<android.animation.PropertyValuesHolder: void setupSetterAndGetter(java.lang.Object)>",
						"<android.animation.PropertyValuesHolder: void setupSetter(java.lang.Class)>",
						"key field: <android.animation.PropertyValuesHolder: android.animation.TypeConverter mConverter>",
						"<android.animation.PropertyValuesHolder: java.lang.Object convertBack(java.lang.Object)>"
					],
					"depth":5,
					"method":"<android.animation.LayoutTransition: void endChangingAnimations()>",
					"source":"FIELDCALLER"
				},
				{
					"trace":[
						"<android.animation.ValueAnimator: void reverse()>",
						"<android.animation.ValueAnimator: void end()>",
						"<android.animation.ObjectAnimator: void initAnimation()>",
						"<android.animation.PropertyValuesHolder: void setupSetterAndGetter(java.lang.Object)>",
						"<android.animation.PropertyValuesHolder: void setupSetter(java.lang.Class)>",
						"key field: <android.animation.PropertyValuesHolder: android.animation.TypeConverter mConverter>",
						"<android.animation.PropertyValuesHolder: java.lang.Object convertBack(java.lang.Object)>"
					],
					"depth":5,
					"method":"<android.animation.ValueAnimator: void reverse()>",
					"source":"FIELDCALLER"
				},
				{
					"trace":[
						"<android.animation.AnimatorSet: void setupStartValues()>",
						"<android.animation.ObjectAnimator: void setupStartValues()>",
						"<android.animation.ObjectAnimator: void initAnimation()>",
						"<android.animation.PropertyValuesHolder: void setupSetterAndGetter(java.lang.Object)>",
						"<android.animation.PropertyValuesHolder: void setupSetter(java.lang.Class)>",
						"key field: <android.animation.PropertyValuesHolder: android.animation.TypeConverter mConverter>",
						"<android.animation.PropertyValuesHolder: java.lang.Object convertBack(java.lang.Object)>"
					],
					"depth":5,
					"method":"<android.animation.AnimatorSet: void setupStartValues()>",
					"source":"FIELDCALLER"
				},
				{
					"trace":[
						"<android.animation.ValueAnimator: void setCurrentPlayTime(long)>",
						"<android.animation.ValueAnimator: void setCurrentFraction(float)>",
						"<android.animation.ObjectAnimator: void initAnimation()>",
						"<android.animation.PropertyValuesHolder: void setupSetterAndGetter(java.lang.Object)>",
						"<android.animation.PropertyValuesHolder: void setupSetter(java.lang.Class)>",
						"key field: <android.animation.PropertyValuesHolder: android.animation.TypeConverter mConverter>",
						"<android.animation.PropertyValuesHolder: java.lang.Object convertBack(java.lang.Object)>"
					],
					"depth":5,
					"method":"<android.animation.ValueAnimator: void setCurrentPlayTime(long)>",
					"source":"FIELDCALLER"
				},
				{
					"trace":[
						"<android.animation.LayoutTransition$2: void onLayoutChange(android.view.View,int,int,int,int,int,int,int,int)>",
						"<android.animation.ObjectAnimator: void setupEndValues()>",
						"<android.animation.ObjectAnimator: void initAnimation()>",
						"<android.animation.PropertyValuesHolder: void setupSetterAndGetter(java.lang.Object)>",
						"<android.animation.PropertyValuesHolder: void setupSetter(java.lang.Class)>",
						"key field: <android.animation.PropertyValuesHolder: android.animation.TypeConverter mConverter>",
						"<android.animation.PropertyValuesHolder: java.lang.Object convertBack(java.lang.Object)>"
					],
					"depth":5,
					"method":"<android.animation.LayoutTransition$2: void onLayoutChange(android.view.View,int,int,int,int,int,int,int,int)>",
					"source":"FIELDCALLER"
				},
				{
					"trace":[
						"<android.view.View$OnLayoutChangeListener: void onLayoutChange(android.view.View,int,int,int,int,int,int,int,int)>",
						"<android.animation.ObjectAnimator: void setupEndValues()>",
						"<android.animation.ObjectAnimator: void initAnimation()>",
						"<android.animation.PropertyValuesHolder: void setupSetterAndGetter(java.lang.Object)>",
						"<android.animation.PropertyValuesHolder: void setupSetter(java.lang.Class)>",
						"key field: <android.animation.PropertyValuesHolder: android.animation.TypeConverter mConverter>",
						"<android.animation.PropertyValuesHolder: java.lang.Object convertBack(java.lang.Object)>"
					],
					"depth":5,
					"method":"<android.view.View$OnLayoutChangeListener: void onLayoutChange(android.view.View,int,int,int,int,int,int,int,int)>",
					"source":"FIELDCALLER"
				},
				{
					"trace":[
						"<android.animation.AnimatorSet: void setupEndValues()>",
						"<android.animation.ObjectAnimator: void setupEndValues()>",
						"<android.animation.ObjectAnimator: void initAnimation()>",
						"<android.animation.PropertyValuesHolder: void setupSetterAndGetter(java.lang.Object)>",
						"<android.animation.PropertyValuesHolder: void setupSetter(java.lang.Class)>",
						"key field: <android.animation.PropertyValuesHolder: android.animation.TypeConverter mConverter>",
						"<android.animation.PropertyValuesHolder: java.lang.Object convertBack(java.lang.Object)>"
					],
					"depth":5,
					"method":"<android.animation.AnimatorSet: void setupEndValues()>",
					"source":"FIELDCALLER"
				},
				{
					"trace":[
						"<android.animation.ValueAnimator: boolean doAnimationFrame(long)>",
						"<android.animation.ValueAnimator: void startAnimation()>",
						"<android.animation.ObjectAnimator: void initAnimation()>",
						"<android.animation.PropertyValuesHolder: void setupSetterAndGetter(java.lang.Object)>",
						"<android.animation.PropertyValuesHolder: void setupSetter(java.lang.Class)>",
						"key field: <android.animation.PropertyValuesHolder: android.animation.TypeConverter mConverter>",
						"<android.animation.PropertyValuesHolder: java.lang.Object convertBack(java.lang.Object)>"
					],
					"depth":5,
					"method":"<android.animation.ValueAnimator: boolean doAnimationFrame(long)>",
					"source":"FIELDCALLER"
				},
				{
					"trace":[
						"<android.animation.AnimatorSet: void end()>",
						"<android.animation.ValueAnimator: void reverse()>",
						"<android.animation.ValueAnimator: void end()>",
						"<android.animation.ObjectAnimator: void initAnimation()>",
						"<android.animation.PropertyValuesHolder: void setupSetterAndGetter(java.lang.Object)>",
						"<android.animation.PropertyValuesHolder: void setupSetter(java.lang.Class)>",
						"key field: <android.animation.PropertyValuesHolder: android.animation.TypeConverter mConverter>",
						"<android.animation.PropertyValuesHolder: java.lang.Object convertBack(java.lang.Object)>"
					],
					"depth":6,
					"method":"<android.animation.AnimatorSet: void end()>",
					"source":"FIELDCALLER"
				},
				{
					"trace":[
						"<android.graphics.drawable.AnimatedStateListDrawable$AnimationDrawableTransition: void reverse()>",
						"<android.animation.ValueAnimator: void reverse()>",
						"<android.animation.ValueAnimator: void end()>",
						"<android.animation.ObjectAnimator: void initAnimation()>",
						"<android.animation.PropertyValuesHolder: void setupSetterAndGetter(java.lang.Object)>",
						"<android.animation.PropertyValuesHolder: void setupSetter(java.lang.Class)>",
						"key field: <android.animation.PropertyValuesHolder: android.animation.TypeConverter mConverter>",
						"<android.animation.PropertyValuesHolder: java.lang.Object convertBack(java.lang.Object)>"
					],
					"depth":6,
					"method":"<android.graphics.drawable.AnimatedStateListDrawable$AnimationDrawableTransition: void reverse()>",
					"source":"FIELDCALLER"
				},
				{
					"trace":[
						"<android.animation.ValueAnimator: void start()>",
						"<android.animation.ValueAnimator: void start(boolean)>",
						"<android.animation.ValueAnimator: void setCurrentFraction(float)>",
						"<android.animation.ObjectAnimator: void initAnimation()>",
						"<android.animation.PropertyValuesHolder: void setupSetterAndGetter(java.lang.Object)>",
						"<android.animation.PropertyValuesHolder: void setupSetter(java.lang.Class)>",
						"key field: <android.animation.PropertyValuesHolder: android.animation.TypeConverter mConverter>",
						"<android.animation.PropertyValuesHolder: java.lang.Object convertBack(java.lang.Object)>"
					],
					"depth":6,
					"method":"<android.animation.ValueAnimator: void start()>",
					"source":"FIELDCALLER"
				},
				{
					"trace":[
						"<android.animation.LayoutTransition: void showChild(android.view.ViewGroup,android.view.View,int)>",
						"<android.animation.LayoutTransition: void addChild(android.view.ViewGroup,android.view.View,boolean)>",
						"<android.animation.LayoutTransition: void cancel(int)>",
						"<android.animation.ValueAnimator: void end()>",
						"<android.animation.ObjectAnimator: void initAnimation()>",
						"<android.animation.PropertyValuesHolder: void setupSetterAndGetter(java.lang.Object)>",
						"<android.animation.PropertyValuesHolder: void setupSetter(java.lang.Class)>",
						"key field: <android.animation.PropertyValuesHolder: android.animation.TypeConverter mConverter>",
						"<android.animation.PropertyValuesHolder: java.lang.Object convertBack(java.lang.Object)>"
					],
					"depth":7,
					"method":"<android.animation.LayoutTransition: void showChild(android.view.ViewGroup,android.view.View,int)>",
					"source":"FIELDCALLER"
				},
				{
					"trace":[
						"<android.animation.LayoutTransition: void showChild(android.view.ViewGroup,android.view.View)>",
						"<android.animation.LayoutTransition: void addChild(android.view.ViewGroup,android.view.View,boolean)>",
						"<android.animation.LayoutTransition: void cancel(int)>",
						"<android.animation.ValueAnimator: void end()>",
						"<android.animation.ObjectAnimator: void initAnimation()>",
						"<android.animation.PropertyValuesHolder: void setupSetterAndGetter(java.lang.Object)>",
						"<android.animation.PropertyValuesHolder: void setupSetter(java.lang.Class)>",
						"key field: <android.animation.PropertyValuesHolder: android.animation.TypeConverter mConverter>",
						"<android.animation.PropertyValuesHolder: java.lang.Object convertBack(java.lang.Object)>"
					],
					"depth":7,
					"method":"<android.animation.LayoutTransition: void showChild(android.view.ViewGroup,android.view.View)>",
					"source":"FIELDCALLER"
				},
				{
					"trace":[
						"<android.animation.LayoutTransition: void addChild(android.view.ViewGroup,android.view.View)>",
						"<android.animation.LayoutTransition: void addChild(android.view.ViewGroup,android.view.View,boolean)>",
						"<android.animation.LayoutTransition: void cancel(int)>",
						"<android.animation.ValueAnimator: void end()>",
						"<android.animation.ObjectAnimator: void initAnimation()>",
						"<android.animation.PropertyValuesHolder: void setupSetterAndGetter(java.lang.Object)>",
						"<android.animation.PropertyValuesHolder: void setupSetter(java.lang.Class)>",
						"key field: <android.animation.PropertyValuesHolder: android.animation.TypeConverter mConverter>",
						"<android.animation.PropertyValuesHolder: java.lang.Object convertBack(java.lang.Object)>"
					],
					"depth":7,
					"method":"<android.animation.LayoutTransition: void addChild(android.view.ViewGroup,android.view.View)>",
					"source":"FIELDCALLER"
				},
				{
					"trace":[
						"<android.animation.LayoutTransition: void removeChild(android.view.ViewGroup,android.view.View)>",
						"<android.animation.LayoutTransition: void removeChild(android.view.ViewGroup,android.view.View,boolean)>",
						"<android.animation.LayoutTransition: void cancel(int)>",
						"<android.animation.ValueAnimator: void end()>",
						"<android.animation.ObjectAnimator: void initAnimation()>",
						"<android.animation.PropertyValuesHolder: void setupSetterAndGetter(java.lang.Object)>",
						"<android.animation.PropertyValuesHolder: void setupSetter(java.lang.Class)>",
						"key field: <android.animation.PropertyValuesHolder: android.animation.TypeConverter mConverter>",
						"<android.animation.PropertyValuesHolder: java.lang.Object convertBack(java.lang.Object)>"
					],
					"depth":7,
					"method":"<android.animation.LayoutTransition: void removeChild(android.view.ViewGroup,android.view.View)>",
					"source":"FIELDCALLER"
				},
				{
					"trace":[
						"<android.animation.LayoutTransition: void hideChild(android.view.ViewGroup,android.view.View)>",
						"<android.animation.LayoutTransition: void removeChild(android.view.ViewGroup,android.view.View,boolean)>",
						"<android.animation.LayoutTransition: void cancel(int)>",
						"<android.animation.ValueAnimator: void end()>",
						"<android.animation.ObjectAnimator: void initAnimation()>",
						"<android.animation.PropertyValuesHolder: void setupSetterAndGetter(java.lang.Object)>",
						"<android.animation.PropertyValuesHolder: void setupSetter(java.lang.Class)>",
						"key field: <android.animation.PropertyValuesHolder: android.animation.TypeConverter mConverter>",
						"<android.animation.PropertyValuesHolder: java.lang.Object convertBack(java.lang.Object)>"
					],
					"depth":7,
					"method":"<android.animation.LayoutTransition: void hideChild(android.view.ViewGroup,android.view.View)>",
					"source":"FIELDCALLER"
				},
				{
					"trace":[
						"<android.animation.LayoutTransition: void hideChild(android.view.ViewGroup,android.view.View,int)>",
						"<android.animation.LayoutTransition: void removeChild(android.view.ViewGroup,android.view.View,boolean)>",
						"<android.animation.LayoutTransition: void cancel(int)>",
						"<android.animation.ValueAnimator: void end()>",
						"<android.animation.ObjectAnimator: void initAnimation()>",
						"<android.animation.PropertyValuesHolder: void setupSetterAndGetter(java.lang.Object)>",
						"<android.animation.PropertyValuesHolder: void setupSetter(java.lang.Class)>",
						"key field: <android.animation.PropertyValuesHolder: android.animation.TypeConverter mConverter>",
						"<android.animation.PropertyValuesHolder: java.lang.Object convertBack(java.lang.Object)>"
					],
					"depth":7,
					"method":"<android.animation.LayoutTransition: void hideChild(android.view.ViewGroup,android.view.View,int)>",
					"source":"FIELDCALLER"
				},
				{
					"trace":[
						"<android.graphics.drawable.AnimatedVectorDrawable$VectorDrawableAnimatorUI: void end()>",
						"<android.animation.AnimatorSet: void end()>",
						"<android.animation.ValueAnimator: void reverse()>",
						"<android.animation.ValueAnimator: void end()>",
						"<android.animation.ObjectAnimator: void initAnimation()>",
						"<android.animation.PropertyValuesHolder: void setupSetterAndGetter(java.lang.Object)>",
						"<android.animation.PropertyValuesHolder: void setupSetter(java.lang.Class)>",
						"key field: <android.animation.PropertyValuesHolder: android.animation.TypeConverter mConverter>",
						"<android.animation.PropertyValuesHolder: java.lang.Object convertBack(java.lang.Object)>"
					],
					"depth":7,
					"method":"<android.graphics.drawable.AnimatedVectorDrawable$VectorDrawableAnimatorUI: void end()>",
					"source":"FIELDCALLER"
				},
				{
					"trace":[
						"<android.graphics.drawable.AnimatedVectorDrawable$VectorDrawableAnimator: void end()>",
						"<android.animation.AnimatorSet: void end()>",
						"<android.animation.ValueAnimator: void reverse()>",
						"<android.animation.ValueAnimator: void end()>",
						"<android.animation.ObjectAnimator: void initAnimation()>",
						"<android.animation.PropertyValuesHolder: void setupSetterAndGetter(java.lang.Object)>",
						"<android.animation.PropertyValuesHolder: void setupSetter(java.lang.Class)>",
						"key field: <android.animation.PropertyValuesHolder: android.animation.TypeConverter mConverter>",
						"<android.animation.PropertyValuesHolder: java.lang.Object convertBack(java.lang.Object)>"
					],
					"depth":7,
					"method":"<android.graphics.drawable.AnimatedVectorDrawable$VectorDrawableAnimator: void end()>",
					"source":"FIELDCALLER"
				},
				{
					"trace":[
						"<android.animation.AnimatorSet: void setCurrentPlayTime(long)>",
						"<android.animation.AnimatorSet: void initChildren()>",
						"<android.animation.AnimatorSet: void skipToEndValue(boolean)>",
						"<android.animation.ValueAnimator: void skipToEndValue(boolean)>",
						"<android.animation.ObjectAnimator: void initAnimation()>",
						"<android.animation.PropertyValuesHolder: void setupSetterAndGetter(java.lang.Object)>",
						"<android.animation.PropertyValuesHolder: void setupSetter(java.lang.Class)>",
						"key field: <android.animation.PropertyValuesHolder: android.animation.TypeConverter mConverter>",
						"<android.animation.PropertyValuesHolder: java.lang.Object convertBack(java.lang.Object)>"
					],
					"depth":7,
					"method":"<android.animation.AnimatorSet: void setCurrentPlayTime(long)>",
					"source":"FIELDCALLER"
				},
				{
					"trace":[
						"<android.animation.LayoutTransition: void layoutChange(android.view.ViewGroup)>",
						"<android.animation.LayoutTransition: void runChangeTransition(android.view.ViewGroup,android.view.View,int)>",
						"<android.animation.LayoutTransition: void setupChangeAnimation(android.view.ViewGroup,int,android.animation.Animator,long,android.view.View)>",
						"<android.animation.ObjectAnimator: void setupStartValues()>",
						"<android.animation.ObjectAnimator: void initAnimation()>",
						"<android.animation.PropertyValuesHolder: void setupSetterAndGetter(java.lang.Object)>",
						"<android.animation.PropertyValuesHolder: void setupSetter(java.lang.Class)>",
						"key field: <android.animation.PropertyValuesHolder: android.animation.TypeConverter mConverter>",
						"<android.animation.PropertyValuesHolder: java.lang.Object convertBack(java.lang.Object)>"
					],
					"depth":7,
					"method":"<android.animation.LayoutTransition: void layoutChange(android.view.ViewGroup)>",
					"source":"FIELDCALLER"
				},
				{
					"trace":[
						"<android.animation.ObjectAnimator: void start()>",
						"<android.animation.ValueAnimator: void start()>",
						"<android.animation.ValueAnimator: void start(boolean)>",
						"<android.animation.ValueAnimator: void setCurrentFraction(float)>",
						"<android.animation.ObjectAnimator: void initAnimation()>",
						"<android.animation.PropertyValuesHolder: void setupSetterAndGetter(java.lang.Object)>",
						"<android.animation.PropertyValuesHolder: void setupSetter(java.lang.Class)>",
						"key field: <android.animation.PropertyValuesHolder: android.animation.TypeConverter mConverter>",
						"<android.animation.PropertyValuesHolder: java.lang.Object convertBack(java.lang.Object)>"
					],
					"depth":7,
					"method":"<android.animation.ObjectAnimator: void start()>",
					"source":"FIELDCALLER"
				},
				{
					"trace":[
						"<android.animation.TimeAnimator: void start()>",
						"<android.animation.ValueAnimator: void start()>",
						"<android.animation.ValueAnimator: void start(boolean)>",
						"<android.animation.ValueAnimator: void setCurrentFraction(float)>",
						"<android.animation.ObjectAnimator: void initAnimation()>",
						"<android.animation.PropertyValuesHolder: void setupSetterAndGetter(java.lang.Object)>",
						"<android.animation.PropertyValuesHolder: void setupSetter(java.lang.Class)>",
						"key field: <android.animation.PropertyValuesHolder: android.animation.TypeConverter mConverter>",
						"<android.animation.PropertyValuesHolder: java.lang.Object convertBack(java.lang.Object)>"
					],
					"depth":7,
					"method":"<android.animation.TimeAnimator: void start()>",
					"source":"FIELDCALLER"
				},
				{
					"trace":[
						"<android.animation.AnimatorSet: boolean doAnimationFrame(long)>",
						"<android.animation.AnimatorSet: void forceToEnd()>",
						"<android.animation.AnimatorSet: void end()>",
						"<android.animation.ValueAnimator: void reverse()>",
						"<android.animation.ValueAnimator: void end()>",
						"<android.animation.ObjectAnimator: void initAnimation()>",
						"<android.animation.PropertyValuesHolder: void setupSetterAndGetter(java.lang.Object)>",
						"<android.animation.PropertyValuesHolder: void setupSetter(java.lang.Class)>",
						"key field: <android.animation.PropertyValuesHolder: android.animation.TypeConverter mConverter>",
						"<android.animation.PropertyValuesHolder: java.lang.Object convertBack(java.lang.Object)>"
					],
					"depth":8,
					"method":"<android.animation.AnimatorSet: boolean doAnimationFrame(long)>",
					"source":"FIELDCALLER"
				},
				{
					"trace":[
						"<android.animation.AnimationHandler$AnimationFrameCallback: boolean doAnimationFrame(long)>",
						"<android.animation.AnimatorSet: void forceToEnd()>",
						"<android.animation.AnimatorSet: void end()>",
						"<android.animation.ValueAnimator: void reverse()>",
						"<android.animation.ValueAnimator: void end()>",
						"<android.animation.ObjectAnimator: void initAnimation()>",
						"<android.animation.PropertyValuesHolder: void setupSetterAndGetter(java.lang.Object)>",
						"<android.animation.PropertyValuesHolder: void setupSetter(java.lang.Class)>",
						"key field: <android.animation.PropertyValuesHolder: android.animation.TypeConverter mConverter>",
						"<android.animation.PropertyValuesHolder: java.lang.Object convertBack(java.lang.Object)>"
					],
					"depth":8,
					"method":"<android.animation.AnimationHandler$AnimationFrameCallback: boolean doAnimationFrame(long)>",
					"source":"FIELDCALLER"
				},
				{
					"trace":[
						"<android.animation.AnimatorSet: void reverse()>",
						"<android.animation.AnimatorSet: void start(boolean,boolean)>",
						"<android.animation.AnimatorSet: void end()>",
						"<android.animation.ValueAnimator: void reverse()>",
						"<android.animation.ValueAnimator: void end()>",
						"<android.animation.ObjectAnimator: void initAnimation()>",
						"<android.animation.PropertyValuesHolder: void setupSetterAndGetter(java.lang.Object)>",
						"<android.animation.PropertyValuesHolder: void setupSetter(java.lang.Class)>",
						"key field: <android.animation.PropertyValuesHolder: android.animation.TypeConverter mConverter>",
						"<android.animation.PropertyValuesHolder: java.lang.Object convertBack(java.lang.Object)>"
					],
					"depth":8,
					"method":"<android.animation.AnimatorSet: void reverse()>",
					"source":"FIELDCALLER"
				},
				{
					"trace":[
						"<android.animation.AnimatorSet: void start()>",
						"<android.animation.AnimatorSet: void start(boolean,boolean)>",
						"<android.animation.AnimatorSet: void end()>",
						"<android.animation.ValueAnimator: void reverse()>",
						"<android.animation.ValueAnimator: void end()>",
						"<android.animation.ObjectAnimator: void initAnimation()>",
						"<android.animation.PropertyValuesHolder: void setupSetterAndGetter(java.lang.Object)>",
						"<android.animation.PropertyValuesHolder: void setupSetter(java.lang.Class)>",
						"key field: <android.animation.PropertyValuesHolder: android.animation.TypeConverter mConverter>",
						"<android.animation.PropertyValuesHolder: java.lang.Object convertBack(java.lang.Object)>"
					],
					"depth":8,
					"method":"<android.animation.AnimatorSet: void start()>",
					"source":"FIELDCALLER"
				},
				{
					"trace":[
						"<com.android.internal.widget.helper.ItemTouchHelper$RecoverAnimation: void start()>",
						"<android.animation.ObjectAnimator: void start()>",
						"<android.animation.ValueAnimator: void start()>",
						"<android.animation.ValueAnimator: void start(boolean)>",
						"<android.animation.ValueAnimator: void setCurrentFraction(float)>",
						"<android.animation.ObjectAnimator: void initAnimation()>",
						"<android.animation.PropertyValuesHolder: void setupSetterAndGetter(java.lang.Object)>",
						"<android.animation.PropertyValuesHolder: void setupSetter(java.lang.Class)>",
						"key field: <android.animation.PropertyValuesHolder: android.animation.TypeConverter mConverter>",
						"<android.animation.PropertyValuesHolder: java.lang.Object convertBack(java.lang.Object)>"
					],
					"depth":8,
					"method":"<com.android.internal.widget.helper.ItemTouchHelper$RecoverAnimation: void start()>",
					"source":"FIELDCALLER"
				},
				{
					"trace":[
						"<android.animation.LayoutTransition: void startChangingAnimations()>",
						"<android.animation.ObjectAnimator: void start()>",
						"<android.animation.ValueAnimator: void start()>",
						"<android.animation.ValueAnimator: void start(boolean)>",
						"<android.animation.ValueAnimator: void setCurrentFraction(float)>",
						"<android.animation.ObjectAnimator: void initAnimation()>",
						"<android.animation.PropertyValuesHolder: void setupSetterAndGetter(java.lang.Object)>",
						"<android.animation.PropertyValuesHolder: void setupSetter(java.lang.Class)>",
						"key field: <android.animation.PropertyValuesHolder: android.animation.TypeConverter mConverter>",
						"<android.animation.PropertyValuesHolder: java.lang.Object convertBack(java.lang.Object)>"
					],
					"depth":8,
					"method":"<android.animation.LayoutTransition: void startChangingAnimations()>",
					"source":"FIELDCALLER"
				},
				{
					"trace":[
						"<android.graphics.drawable.AnimatedStateListDrawable$Transition: void start()>",
						"<android.animation.ObjectAnimator: void start()>",
						"<android.animation.ValueAnimator: void start()>",
						"<android.animation.ValueAnimator: void start(boolean)>",
						"<android.animation.ValueAnimator: void setCurrentFraction(float)>",
						"<android.animation.ObjectAnimator: void initAnimation()>",
						"<android.animation.PropertyValuesHolder: void setupSetterAndGetter(java.lang.Object)>",
						"<android.animation.PropertyValuesHolder: void setupSetter(java.lang.Class)>",
						"key field: <android.animation.PropertyValuesHolder: android.animation.TypeConverter mConverter>",
						"<android.animation.PropertyValuesHolder: java.lang.Object convertBack(java.lang.Object)>"
					],
					"depth":8,
					"method":"<android.graphics.drawable.AnimatedStateListDrawable$Transition: void start()>",
					"source":"FIELDCALLER"
				},
				{
					"trace":[
						"<android.graphics.drawable.AnimatedStateListDrawable$AnimationDrawableTransition: void start()>",
						"<android.animation.ObjectAnimator: void start()>",
						"<android.animation.ValueAnimator: void start()>",
						"<android.animation.ValueAnimator: void start(boolean)>",
						"<android.animation.ValueAnimator: void setCurrentFraction(float)>",
						"<android.animation.ObjectAnimator: void initAnimation()>",
						"<android.animation.PropertyValuesHolder: void setupSetterAndGetter(java.lang.Object)>",
						"<android.animation.PropertyValuesHolder: void setupSetter(java.lang.Class)>",
						"key field: <android.animation.PropertyValuesHolder: android.animation.TypeConverter mConverter>",
						"<android.animation.PropertyValuesHolder: java.lang.Object convertBack(java.lang.Object)>"
					],
					"depth":8,
					"method":"<android.graphics.drawable.AnimatedStateListDrawable$AnimationDrawableTransition: void start()>",
					"source":"FIELDCALLER"
				},
				{
					"trace":[
						"<android.animation.StateListAnimator: void setState(int[])>",
						"<android.animation.StateListAnimator: void start(android.animation.StateListAnimator$Tuple)>",
						"<android.animation.ValueAnimator: void start()>",
						"<android.animation.ValueAnimator: void start(boolean)>",
						"<android.animation.ValueAnimator: void setCurrentFraction(float)>",
						"<android.animation.ObjectAnimator: void initAnimation()>",
						"<android.animation.PropertyValuesHolder: void setupSetterAndGetter(java.lang.Object)>",
						"<android.animation.PropertyValuesHolder: void setupSetter(java.lang.Class)>",
						"key field: <android.animation.PropertyValuesHolder: android.animation.TypeConverter mConverter>",
						"<android.animation.PropertyValuesHolder: java.lang.Object convertBack(java.lang.Object)>"
					],
					"depth":8,
					"method":"<android.animation.StateListAnimator: void setState(int[])>",
					"source":"FIELDCALLER"
				},
				{
					"trace":[
						"<android.animation.AnimationHandler$1: void doFrame(long)>",
						"<android.animation.AnimationHandler: void access$100(android.animation.AnimationHandler,long)>",
						"<android.animation.AnimationHandler: void doAnimationFrame(long)>",
						"<android.animation.ValueAnimator: boolean doAnimationFrame(long)>",
						"<android.animation.ValueAnimator: void startAnimation()>",
						"<android.animation.ObjectAnimator: void initAnimation()>",
						"<android.animation.PropertyValuesHolder: void setupSetterAndGetter(java.lang.Object)>",
						"<android.animation.PropertyValuesHolder: void setupSetter(java.lang.Class)>",
						"key field: <android.animation.PropertyValuesHolder: android.animation.TypeConverter mConverter>",
						"<android.animation.PropertyValuesHolder: java.lang.Object convertBack(java.lang.Object)>"
					],
					"depth":8,
					"method":"<android.animation.AnimationHandler$1: void doFrame(long)>",
					"source":"FIELDCALLER"
				},
				{
					"trace":[
						"<android.view.Choreographer$FrameCallback: void doFrame(long)>",
						"<android.animation.AnimationHandler: void access$100(android.animation.AnimationHandler,long)>",
						"<android.animation.AnimationHandler: void doAnimationFrame(long)>",
						"<android.animation.ValueAnimator: boolean doAnimationFrame(long)>",
						"<android.animation.ValueAnimator: void startAnimation()>",
						"<android.animation.ObjectAnimator: void initAnimation()>",
						"<android.animation.PropertyValuesHolder: void setupSetterAndGetter(java.lang.Object)>",
						"<android.animation.PropertyValuesHolder: void setupSetter(java.lang.Class)>",
						"key field: <android.animation.PropertyValuesHolder: android.animation.TypeConverter mConverter>",
						"<android.animation.PropertyValuesHolder: java.lang.Object convertBack(java.lang.Object)>"
					],
					"depth":8,
					"method":"<android.view.Choreographer$FrameCallback: void doFrame(long)>",
					"source":"FIELDCALLER"
				}
			],
			"callerOfSingnlar2SourceVar":{}
		}
	]
}