{
	"exceptions":[
		{
			"method":"<android.app.LoaderManagerImpl$LoaderInfo: void start()>",
			"message":"\\QObject returned from onCreateLoader must not be a non-static inner member class: \\E[\\s\\S]*",
			"relatedVarType":"Field",
			"relatedCondType":"Basic",
			"modifier":"default",
			"type":"java.lang.IllegalArgumentException",
			"osVersionRelated":false,
			"resourceRelated":false,
			"assessRelated":false,
			"hardwareRelated":false,
			"manifestRelated":false,
			"conditions":"$z5 != 0, $z3 == 0, $r23 == null",
			"fieldValues":"<android.app.LoaderManagerImpl$LoaderInfo: android.content.Loader mLoader>",
			"relatedValues":"; <android.app.LoaderManagerImpl$LoaderInfo: android.content.Loader mLoader>; ",
			"keyAPISameClassNum":6,
			"keyAPIDiffClassNum":81,
			"keyAPISameClass":[
				{
					"trace":[
						"<android.app.LoaderManagerImpl$LoaderInfo: void start()>"
					],
					"depth":1,
					"method":"<android.app.LoaderManagerImpl$LoaderInfo: java.lang.String toString()>",
					"source":"FIELD"
				},
				{
					"trace":[
						"<android.app.LoaderManagerImpl$LoaderInfo: void start()>"
					],
					"depth":1,
					"method":"<android.app.LoaderManagerImpl$LoaderInfo: void dump(java.lang.String,java.io.FileDescriptor,java.io.PrintWriter,java.lang.String[])>",
					"source":"FIELD"
				},
				{
					"trace":[
						"<android.app.LoaderManagerImpl$LoaderInfo: void onLoadComplete(android.content.Loader,java.lang.Object)>",
						"<android.app.LoaderManagerImpl: void installLoader(android.app.LoaderManagerImpl$LoaderInfo)>",
						"<android.app.LoaderManagerImpl$LoaderInfo: void start()>",
						"key field: <android.app.LoaderManagerImpl$LoaderInfo: android.content.Loader mLoader>",
						"<android.app.LoaderManagerImpl$LoaderInfo: void start()>"
					],
					"depth":3,
					"method":"<android.app.LoaderManagerImpl$LoaderInfo: void onLoadComplete(android.content.Loader,java.lang.Object)>",
					"source":"FIELDCALLER"
				},
				{
					"trace":[
						"<android.content.Loader$OnLoadCompleteListener: void onLoadComplete(android.content.Loader,java.lang.Object)>",
						"<android.app.LoaderManagerImpl: void installLoader(android.app.LoaderManagerImpl$LoaderInfo)>",
						"<android.app.LoaderManagerImpl$LoaderInfo: void start()>",
						"key field: <android.app.LoaderManagerImpl$LoaderInfo: android.content.Loader mLoader>",
						"<android.app.LoaderManagerImpl$LoaderInfo: void start()>"
					],
					"depth":3,
					"method":"<android.content.Loader$OnLoadCompleteListener: void onLoadComplete(android.content.Loader,java.lang.Object)>",
					"source":"FIELDCALLER"
				},
				{
					"trace":[
						"<android.app.LoaderManagerImpl$LoaderInfo: void onLoadCanceled(android.content.Loader)>",
						"<android.app.LoaderManagerImpl: void installLoader(android.app.LoaderManagerImpl$LoaderInfo)>",
						"<android.app.LoaderManagerImpl$LoaderInfo: void start()>",
						"key field: <android.app.LoaderManagerImpl$LoaderInfo: android.content.Loader mLoader>",
						"<android.app.LoaderManagerImpl$LoaderInfo: void start()>"
					],
					"depth":3,
					"method":"<android.app.LoaderManagerImpl$LoaderInfo: void onLoadCanceled(android.content.Loader)>",
					"source":"FIELDCALLER"
				},
				{
					"trace":[
						"<android.content.Loader$OnLoadCanceledListener: void onLoadCanceled(android.content.Loader)>",
						"<android.app.LoaderManagerImpl: void installLoader(android.app.LoaderManagerImpl$LoaderInfo)>",
						"<android.app.LoaderManagerImpl$LoaderInfo: void start()>",
						"key field: <android.app.LoaderManagerImpl$LoaderInfo: android.content.Loader mLoader>",
						"<android.app.LoaderManagerImpl$LoaderInfo: void start()>"
					],
					"depth":3,
					"method":"<android.content.Loader$OnLoadCanceledListener: void onLoadCanceled(android.content.Loader)>",
					"source":"FIELDCALLER"
				}
			],
			"keyAPIDiffClass":[
				{
					"trace":[
						"<android.app.LoaderManagerImpl: void dump(java.lang.String,java.io.FileDescriptor,java.io.PrintWriter,java.lang.String[])>",
						"<android.app.LoaderManagerImpl$LoaderInfo: java.lang.String toString()>",
						"key field: <android.app.LoaderManagerImpl$LoaderInfo: android.content.Loader mLoader>",
						"<android.app.LoaderManagerImpl$LoaderInfo: void start()>"
					],
					"depth":2,
					"method":"<android.app.LoaderManagerImpl: void dump(java.lang.String,java.io.FileDescriptor,java.io.PrintWriter,java.lang.String[])>",
					"source":"FIELDCALLER"
				},
				{
					"trace":[
						"<android.app.LoaderManager: void dump(java.lang.String,java.io.FileDescriptor,java.io.PrintWriter,java.lang.String[])>",
						"<android.app.LoaderManagerImpl$LoaderInfo: java.lang.String toString()>",
						"key field: <android.app.LoaderManagerImpl$LoaderInfo: android.content.Loader mLoader>",
						"<android.app.LoaderManagerImpl$LoaderInfo: void start()>"
					],
					"depth":2,
					"method":"<android.app.LoaderManager: void dump(java.lang.String,java.io.FileDescriptor,java.io.PrintWriter,java.lang.String[])>",
					"source":"FIELDCALLER"
				},
				{
					"trace":[
						"<android.animation.PropertyValuesHolder$PropertyValues: java.lang.String toString()>",
						"<android.app.LoaderManagerImpl$LoaderInfo: java.lang.String toString()>",
						"key field: <android.app.LoaderManagerImpl$LoaderInfo: android.content.Loader mLoader>",
						"<android.app.LoaderManagerImpl$LoaderInfo: void start()>"
					],
					"depth":2,
					"method":"<android.animation.PropertyValuesHolder$PropertyValues: java.lang.String toString()>",
					"source":"FIELDCALLER"
				},
				{
					"trace":[
						"<android.app.Fragment: void onStart()>",
						"<android.app.LoaderManagerImpl: void doStart()>",
						"<android.app.LoaderManagerImpl$LoaderInfo: void start()>",
						"key field: <android.app.LoaderManagerImpl$LoaderInfo: android.content.Loader mLoader>",
						"<android.app.LoaderManagerImpl$LoaderInfo: void start()>"
					],
					"depth":3,
					"method":"<android.app.Fragment: void onStart()>",
					"source":"FIELDCALLER"
				},
				{
					"trace":[
						"<android.app.Fragment: void dump(java.lang.String,java.io.FileDescriptor,java.io.PrintWriter,java.lang.String[])>",
						"<android.app.LoaderManagerImpl: void dump(java.lang.String,java.io.FileDescriptor,java.io.PrintWriter,java.lang.String[])>",
						"<android.app.LoaderManagerImpl$LoaderInfo: java.lang.String toString()>",
						"key field: <android.app.LoaderManagerImpl$LoaderInfo: android.content.Loader mLoader>",
						"<android.app.LoaderManagerImpl$LoaderInfo: void start()>"
					],
					"depth":3,
					"method":"<android.app.Fragment: void dump(java.lang.String,java.io.FileDescriptor,java.io.PrintWriter,java.lang.String[])>",
					"source":"FIELDCALLER"
				},
				{
					"trace":[
						"<android.telephony.PhysicalChannelConfig: java.lang.String toString()>",
						"<android.animation.PropertyValuesHolder$PropertyValues: java.lang.String toString()>",
						"<android.app.LoaderManagerImpl$LoaderInfo: java.lang.String toString()>",
						"key field: <android.app.LoaderManagerImpl$LoaderInfo: android.content.Loader mLoader>",
						"<android.app.LoaderManagerImpl$LoaderInfo: void start()>"
					],
					"depth":3,
					"method":"<android.telephony.PhysicalChannelConfig: java.lang.String toString()>",
					"source":"FIELDCALLER"
				},
				{
					"trace":[
						"<android.app.LoaderManagerImpl: android.content.Loader initLoader(int,android.os.Bundle,android.app.LoaderManager$LoaderCallbacks)>",
						"<android.app.LoaderManagerImpl: android.app.LoaderManagerImpl$LoaderInfo createAndInstallLoader(int,android.os.Bundle,android.app.LoaderManager$LoaderCallbacks)>",
						"<android.app.LoaderManagerImpl: void installLoader(android.app.LoaderManagerImpl$LoaderInfo)>",
						"<android.app.LoaderManagerImpl$LoaderInfo: void start()>",
						"key field: <android.app.LoaderManagerImpl$LoaderInfo: android.content.Loader mLoader>",
						"<android.app.LoaderManagerImpl$LoaderInfo: void start()>"
					],
					"depth":4,
					"method":"<android.app.LoaderManagerImpl: android.content.Loader initLoader(int,android.os.Bundle,android.app.LoaderManager$LoaderCallbacks)>",
					"source":"FIELDCALLER"
				},
				{
					"trace":[
						"<android.app.LoaderManager: android.content.Loader initLoader(int,android.os.Bundle,android.app.LoaderManager$LoaderCallbacks)>",
						"<android.app.LoaderManagerImpl: android.app.LoaderManagerImpl$LoaderInfo createAndInstallLoader(int,android.os.Bundle,android.app.LoaderManager$LoaderCallbacks)>",
						"<android.app.LoaderManagerImpl: void installLoader(android.app.LoaderManagerImpl$LoaderInfo)>",
						"<android.app.LoaderManagerImpl$LoaderInfo: void start()>",
						"key field: <android.app.LoaderManagerImpl$LoaderInfo: android.content.Loader mLoader>",
						"<android.app.LoaderManagerImpl$LoaderInfo: void start()>"
					],
					"depth":4,
					"method":"<android.app.LoaderManager: android.content.Loader initLoader(int,android.os.Bundle,android.app.LoaderManager$LoaderCallbacks)>",
					"source":"FIELDCALLER"
				},
				{
					"trace":[
						"<android.app.LoaderManagerImpl: android.content.Loader restartLoader(int,android.os.Bundle,android.app.LoaderManager$LoaderCallbacks)>",
						"<android.app.LoaderManagerImpl: android.app.LoaderManagerImpl$LoaderInfo createAndInstallLoader(int,android.os.Bundle,android.app.LoaderManager$LoaderCallbacks)>",
						"<android.app.LoaderManagerImpl: void installLoader(android.app.LoaderManagerImpl$LoaderInfo)>",
						"<android.app.LoaderManagerImpl$LoaderInfo: void start()>",
						"key field: <android.app.LoaderManagerImpl$LoaderInfo: android.content.Loader mLoader>",
						"<android.app.LoaderManagerImpl$LoaderInfo: void start()>"
					],
					"depth":4,
					"method":"<android.app.LoaderManagerImpl: android.content.Loader restartLoader(int,android.os.Bundle,android.app.LoaderManager$LoaderCallbacks)>",
					"source":"FIELDCALLER"
				},
				{
					"trace":[
						"<android.app.LoaderManager: android.content.Loader restartLoader(int,android.os.Bundle,android.app.LoaderManager$LoaderCallbacks)>",
						"<android.app.LoaderManagerImpl: android.app.LoaderManagerImpl$LoaderInfo createAndInstallLoader(int,android.os.Bundle,android.app.LoaderManager$LoaderCallbacks)>",
						"<android.app.LoaderManagerImpl: void installLoader(android.app.LoaderManagerImpl$LoaderInfo)>",
						"<android.app.LoaderManagerImpl$LoaderInfo: void start()>",
						"key field: <android.app.LoaderManagerImpl$LoaderInfo: android.content.Loader mLoader>",
						"<android.app.LoaderManagerImpl$LoaderInfo: void start()>"
					],
					"depth":4,
					"method":"<android.app.LoaderManager: android.content.Loader restartLoader(int,android.os.Bundle,android.app.LoaderManager$LoaderCallbacks)>",
					"source":"FIELDCALLER"
				},
				{
					"trace":[
						"<android.preference.PreferenceFragment: void onStart()>",
						"<android.app.Fragment: void onStart()>",
						"<android.app.LoaderManagerImpl: void doStart()>",
						"<android.app.LoaderManagerImpl$LoaderInfo: void start()>",
						"key field: <android.app.LoaderManagerImpl$LoaderInfo: android.content.Loader mLoader>",
						"<android.app.LoaderManagerImpl$LoaderInfo: void start()>"
					],
					"depth":4,
					"method":"<android.preference.PreferenceFragment: void onStart()>",
					"source":"FIELDCALLER"
				},
				{
					"trace":[
						"<android.app.DialogFragment: void onStart()>",
						"<android.app.Fragment: void onStart()>",
						"<android.app.LoaderManagerImpl: void doStart()>",
						"<android.app.LoaderManagerImpl$LoaderInfo: void start()>",
						"key field: <android.app.LoaderManagerImpl$LoaderInfo: android.content.Loader mLoader>",
						"<android.app.LoaderManagerImpl$LoaderInfo: void start()>"
					],
					"depth":4,
					"method":"<android.app.DialogFragment: void onStart()>",
					"source":"FIELDCALLER"
				},
				{
					"trace":[
						"<android.app.FragmentController: android.util.ArrayMap retainLoaderNonConfig()>",
						"<android.app.FragmentHostCallback: android.util.ArrayMap retainLoaderNonConfig()>",
						"<android.app.LoaderManagerImpl: void doStart()>",
						"<android.app.LoaderManagerImpl$LoaderInfo: void start()>",
						"key field: <android.app.LoaderManagerImpl$LoaderInfo: android.content.Loader mLoader>",
						"<android.app.LoaderManagerImpl$LoaderInfo: void start()>"
					],
					"depth":4,
					"method":"<android.app.FragmentController: android.util.ArrayMap retainLoaderNonConfig()>",
					"source":"FIELDCALLER"
				},
				{
					"trace":[
						"<android.app.FragmentController: void doLoaderStart()>",
						"<android.app.FragmentHostCallback: void doLoaderStart()>",
						"<android.app.LoaderManagerImpl: void doStart()>",
						"<android.app.LoaderManagerImpl$LoaderInfo: void start()>",
						"key field: <android.app.LoaderManagerImpl$LoaderInfo: android.content.Loader mLoader>",
						"<android.app.LoaderManagerImpl$LoaderInfo: void start()>"
					],
					"depth":4,
					"method":"<android.app.FragmentController: void doLoaderStart()>",
					"source":"FIELDCALLER"
				},
				{
					"trace":[
						"<android.app.Fragment: android.app.LoaderManager getLoaderManager()>",
						"<android.app.FragmentHostCallback: android.app.LoaderManagerImpl getLoaderManager(java.lang.String,boolean,boolean)>",
						"<android.app.LoaderManagerImpl: void doStart()>",
						"<android.app.LoaderManagerImpl$LoaderInfo: void start()>",
						"key field: <android.app.LoaderManagerImpl$LoaderInfo: android.content.Loader mLoader>",
						"<android.app.LoaderManagerImpl$LoaderInfo: void start()>"
					],
					"depth":4,
					"method":"<android.app.Fragment: android.app.LoaderManager getLoaderManager()>",
					"source":"FIELDCALLER"
				},
				{
					"trace":[
						"<android.app.Fragment: void onDestroy()>",
						"<android.app.FragmentHostCallback: android.app.LoaderManagerImpl getLoaderManager(java.lang.String,boolean,boolean)>",
						"<android.app.LoaderManagerImpl: void doStart()>",
						"<android.app.LoaderManagerImpl$LoaderInfo: void start()>",
						"key field: <android.app.LoaderManagerImpl$LoaderInfo: android.content.Loader mLoader>",
						"<android.app.LoaderManagerImpl$LoaderInfo: void start()>"
					],
					"depth":4,
					"method":"<android.app.Fragment: void onDestroy()>",
					"source":"FIELDCALLER"
				},
				{
					"trace":[
						"<android.app.FragmentController: void reportLoaderStart()>",
						"<android.app.FragmentHostCallback: void reportLoaderStart()>",
						"<android.app.LoaderManagerImpl: void finishRetain()>",
						"<android.app.LoaderManagerImpl$LoaderInfo: void finishRetain()>",
						"key field: <android.app.LoaderManagerImpl$LoaderInfo: android.content.Loader mLoader>",
						"<android.app.LoaderManagerImpl$LoaderInfo: void start()>"
					],
					"depth":4,
					"method":"<android.app.FragmentController: void reportLoaderStart()>",
					"source":"FIELDCALLER"
				},
				{
					"trace":[
						"<android.app.FragmentController: void doLoaderStop(boolean)>",
						"<android.app.FragmentHostCallback: void doLoaderStop(boolean)>",
						"<android.app.LoaderManagerImpl: void doStop()>",
						"<android.app.LoaderManagerImpl$LoaderInfo: void stop()>",
						"key field: <android.app.LoaderManagerImpl$LoaderInfo: android.content.Loader mLoader>",
						"<android.app.LoaderManagerImpl$LoaderInfo: void start()>"
					],
					"depth":4,
					"method":"<android.app.FragmentController: void doLoaderStop(boolean)>",
					"source":"FIELDCALLER"
				},
				{
					"trace":[
						"<android.app.FragmentController: void doLoaderDestroy()>",
						"<android.app.FragmentHostCallback: void doLoaderDestroy()>",
						"<android.app.LoaderManagerImpl: void doDestroy()>",
						"<android.app.LoaderManagerImpl$LoaderInfo: void destroy()>",
						"key field: <android.app.LoaderManagerImpl$LoaderInfo: android.content.Loader mLoader>",
						"<android.app.LoaderManagerImpl$LoaderInfo: void start()>"
					],
					"depth":4,
					"method":"<android.app.FragmentController: void doLoaderDestroy()>",
					"source":"FIELDCALLER"
				},
				{
					"trace":[
						"<android.app.FragmentController: void dumpLoaders(java.lang.String,java.io.FileDescriptor,java.io.PrintWriter,java.lang.String[])>",
						"<android.app.FragmentHostCallback: void dumpLoaders(java.lang.String,java.io.FileDescriptor,java.io.PrintWriter,java.lang.String[])>",
						"<android.app.LoaderManagerImpl: void dump(java.lang.String,java.io.FileDescriptor,java.io.PrintWriter,java.lang.String[])>",
						"<android.app.LoaderManagerImpl$LoaderInfo: java.lang.String toString()>",
						"key field: <android.app.LoaderManagerImpl$LoaderInfo: android.content.Loader mLoader>",
						"<android.app.LoaderManagerImpl$LoaderInfo: void start()>"
					],
					"depth":4,
					"method":"<android.app.FragmentController: void dumpLoaders(java.lang.String,java.io.FileDescriptor,java.io.PrintWriter,java.lang.String[])>",
					"source":"FIELDCALLER"
				},
				{
					"trace":[
						"<android.app.FragmentManagerImpl: void dump(java.lang.String,java.io.FileDescriptor,java.io.PrintWriter,java.lang.String[])>",
						"<android.app.Fragment: void dump(java.lang.String,java.io.FileDescriptor,java.io.PrintWriter,java.lang.String[])>",
						"<android.app.LoaderManagerImpl: void dump(java.lang.String,java.io.FileDescriptor,java.io.PrintWriter,java.lang.String[])>",
						"<android.app.LoaderManagerImpl$LoaderInfo: java.lang.String toString()>",
						"key field: <android.app.LoaderManagerImpl$LoaderInfo: android.content.Loader mLoader>",
						"<android.app.LoaderManagerImpl$LoaderInfo: void start()>"
					],
					"depth":4,
					"method":"<android.app.FragmentManagerImpl: void dump(java.lang.String,java.io.FileDescriptor,java.io.PrintWriter,java.lang.String[])>",
					"source":"FIELDCALLER"
				},
				{
					"trace":[
						"<android.app.FragmentManager: void dump(java.lang.String,java.io.FileDescriptor,java.io.PrintWriter,java.lang.String[])>",
						"<android.app.Fragment: void dump(java.lang.String,java.io.FileDescriptor,java.io.PrintWriter,java.lang.String[])>",
						"<android.app.LoaderManagerImpl: void dump(java.lang.String,java.io.FileDescriptor,java.io.PrintWriter,java.lang.String[])>",
						"<android.app.LoaderManagerImpl$LoaderInfo: java.lang.String toString()>",
						"key field: <android.app.LoaderManagerImpl$LoaderInfo: android.content.Loader mLoader>",
						"<android.app.LoaderManagerImpl$LoaderInfo: void start()>"
					],
					"depth":4,
					"method":"<android.app.FragmentManager: void dump(java.lang.String,java.io.FileDescriptor,java.io.PrintWriter,java.lang.String[])>",
					"source":"FIELDCALLER"
				},
				{
					"trace":[
						"<android.app.DialogFragment: void dump(java.lang.String,java.io.FileDescriptor,java.io.PrintWriter,java.lang.String[])>",
						"<android.app.Fragment: void dump(java.lang.String,java.io.FileDescriptor,java.io.PrintWriter,java.lang.String[])>",
						"<android.app.LoaderManagerImpl: void dump(java.lang.String,java.io.FileDescriptor,java.io.PrintWriter,java.lang.String[])>",
						"<android.app.LoaderManagerImpl$LoaderInfo: java.lang.String toString()>",
						"key field: <android.app.LoaderManagerImpl$LoaderInfo: android.content.Loader mLoader>",
						"<android.app.LoaderManagerImpl$LoaderInfo: void start()>"
					],
					"depth":4,
					"method":"<android.app.DialogFragment: void dump(java.lang.String,java.io.FileDescriptor,java.io.PrintWriter,java.lang.String[])>",
					"source":"FIELDCALLER"
				},
				{
					"trace":[
						"<android.hardware.usb.UsbInterface: java.lang.String toString()>",
						"<android.telephony.PhysicalChannelConfig: java.lang.String toString()>",
						"<android.animation.PropertyValuesHolder$PropertyValues: java.lang.String toString()>",
						"<android.app.LoaderManagerImpl$LoaderInfo: java.lang.String toString()>",
						"key field: <android.app.LoaderManagerImpl$LoaderInfo: android.content.Loader mLoader>",
						"<android.app.LoaderManagerImpl$LoaderInfo: void start()>"
					],
					"depth":4,
					"method":"<android.hardware.usb.UsbInterface: java.lang.String toString()>",
					"source":"FIELDCALLER"
				},
				{
					"trace":[
						"<android.app.FragmentController: android.app.LoaderManager getLoaderManager()>",
						"<android.app.FragmentHostCallback: android.app.LoaderManagerImpl getLoaderManagerImpl()>",
						"<android.app.FragmentHostCallback: android.app.LoaderManagerImpl getLoaderManager(java.lang.String,boolean,boolean)>",
						"<android.app.LoaderManagerImpl: void doStart()>",
						"<android.app.LoaderManagerImpl$LoaderInfo: void start()>",
						"key field: <android.app.LoaderManagerImpl$LoaderInfo: android.content.Loader mLoader>",
						"<android.app.LoaderManagerImpl$LoaderInfo: void start()>"
					],
					"depth":5,
					"method":"<android.app.FragmentController: android.app.LoaderManager getLoaderManager()>",
					"source":"FIELDCALLER"
				},
				{
					"trace":[
						"<android.preference.PreferenceFragment: void onDestroy()>",
						"<android.app.Fragment: void onDestroy()>",
						"<android.app.FragmentHostCallback: android.app.LoaderManagerImpl getLoaderManager(java.lang.String,boolean,boolean)>",
						"<android.app.LoaderManagerImpl: void doStart()>",
						"<android.app.LoaderManagerImpl$LoaderInfo: void start()>",
						"key field: <android.app.LoaderManagerImpl$LoaderInfo: android.content.Loader mLoader>",
						"<android.app.LoaderManagerImpl$LoaderInfo: void start()>"
					],
					"depth":5,
					"method":"<android.preference.PreferenceFragment: void onDestroy()>",
					"source":"FIELDCALLER"
				},
				{
					"trace":[
						"<android.webkit.WebViewFragment: void onDestroy()>",
						"<android.app.Fragment: void onDestroy()>",
						"<android.app.FragmentHostCallback: android.app.LoaderManagerImpl getLoaderManager(java.lang.String,boolean,boolean)>",
						"<android.app.LoaderManagerImpl: void doStart()>",
						"<android.app.LoaderManagerImpl$LoaderInfo: void start()>",
						"key field: <android.app.LoaderManagerImpl$LoaderInfo: android.content.Loader mLoader>",
						"<android.app.LoaderManagerImpl$LoaderInfo: void start()>"
					],
					"depth":5,
					"method":"<android.webkit.WebViewFragment: void onDestroy()>",
					"source":"FIELDCALLER"
				},
				{
					"trace":[
						"<android.hardware.usb.UsbConfiguration: java.lang.String toString()>",
						"<android.hardware.usb.UsbInterface: java.lang.String toString()>",
						"<android.telephony.PhysicalChannelConfig: java.lang.String toString()>",
						"<android.animation.PropertyValuesHolder$PropertyValues: java.lang.String toString()>",
						"<android.app.LoaderManagerImpl$LoaderInfo: java.lang.String toString()>",
						"key field: <android.app.LoaderManagerImpl$LoaderInfo: android.content.Loader mLoader>",
						"<android.app.LoaderManagerImpl$LoaderInfo: void start()>"
					],
					"depth":5,
					"method":"<android.hardware.usb.UsbConfiguration: java.lang.String toString()>",
					"source":"FIELDCALLER"
				},
				{
					"trace":[
						"<android.app.FragmentManagerImpl: android.view.View onCreateView(android.view.View,java.lang.String,android.content.Context,android.util.AttributeSet)>",
						"<android.app.FragmentManagerImpl: void moveToState(android.app.Fragment,int,int,int,boolean)>",
						"<android.app.Fragment: void performStart()>",
						"<android.app.Fragment: void onStart()>",
						"<android.app.LoaderManagerImpl: void doStart()>",
						"<android.app.LoaderManagerImpl$LoaderInfo: void start()>",
						"key field: <android.app.LoaderManagerImpl$LoaderInfo: android.content.Loader mLoader>",
						"<android.app.LoaderManagerImpl$LoaderInfo: void start()>"
					],
					"depth":6,
					"method":"<android.app.FragmentManagerImpl: android.view.View onCreateView(android.view.View,java.lang.String,android.content.Context,android.util.AttributeSet)>",
					"source":"FIELDCALLER"
				},
				{
					"trace":[
						"<android.view.LayoutInflater$Factory2: android.view.View onCreateView(android.view.View,java.lang.String,android.content.Context,android.util.AttributeSet)>",
						"<android.app.FragmentManagerImpl: void moveToState(android.app.Fragment,int,int,int,boolean)>",
						"<android.app.Fragment: void performStart()>",
						"<android.app.Fragment: void onStart()>",
						"<android.app.LoaderManagerImpl: void doStart()>",
						"<android.app.LoaderManagerImpl$LoaderInfo: void start()>",
						"key field: <android.app.LoaderManagerImpl$LoaderInfo: android.content.Loader mLoader>",
						"<android.app.LoaderManagerImpl$LoaderInfo: void start()>"
					],
					"depth":6,
					"method":"<android.view.LayoutInflater$Factory2: android.view.View onCreateView(android.view.View,java.lang.String,android.content.Context,android.util.AttributeSet)>",
					"source":"FIELDCALLER"
				},
				{
					"trace":[
						"<android.app.FragmentManagerImpl$2: void onAnimationEnd(android.animation.Animator)>",
						"<android.app.FragmentManagerImpl: void moveToState(android.app.Fragment,int,int,int,boolean)>",
						"<android.app.Fragment: void performStart()>",
						"<android.app.Fragment: void onStart()>",
						"<android.app.LoaderManagerImpl: void doStart()>",
						"<android.app.LoaderManagerImpl$LoaderInfo: void start()>",
						"key field: <android.app.LoaderManagerImpl$LoaderInfo: android.content.Loader mLoader>",
						"<android.app.LoaderManagerImpl$LoaderInfo: void start()>"
					],
					"depth":6,
					"method":"<android.app.FragmentManagerImpl$2: void onAnimationEnd(android.animation.Animator)>",
					"source":"FIELDCALLER"
				},
				{
					"trace":[
						"<android.app.FragmentManagerImpl: void performPendingDeferredStart(android.app.Fragment)>",
						"<android.app.FragmentManagerImpl: void moveToState(android.app.Fragment,int,int,int,boolean)>",
						"<android.app.Fragment: void performStart()>",
						"<android.app.Fragment: void onStart()>",
						"<android.app.LoaderManagerImpl: void doStart()>",
						"<android.app.LoaderManagerImpl$LoaderInfo: void start()>",
						"key field: <android.app.LoaderManagerImpl$LoaderInfo: android.content.Loader mLoader>",
						"<android.app.LoaderManagerImpl$LoaderInfo: void start()>"
					],
					"depth":6,
					"method":"<android.app.FragmentManagerImpl: void performPendingDeferredStart(android.app.Fragment)>",
					"source":"FIELDCALLER"
				},
				{
					"trace":[
						"<android.app.Instrumentation: void callActivityOnStart(android.app.Activity)>",
						"<android.app.Activity: void onStart()>",
						"<android.app.FragmentController: void doLoaderStart()>",
						"<android.app.FragmentHostCallback: void doLoaderStart()>",
						"<android.app.LoaderManagerImpl: void doStart()>",
						"<android.app.LoaderManagerImpl$LoaderInfo: void start()>",
						"key field: <android.app.LoaderManagerImpl$LoaderInfo: android.content.Loader mLoader>",
						"<android.app.LoaderManagerImpl$LoaderInfo: void start()>"
					],
					"depth":6,
					"method":"<android.app.Instrumentation: void callActivityOnStart(android.app.Activity)>",
					"source":"FIELDCALLER"
				},
				{
					"trace":[
						"<com.android.internal.app.PlatLogoActivity: void onStart()>",
						"<android.app.Activity: void onStart()>",
						"<android.app.FragmentController: void doLoaderStart()>",
						"<android.app.FragmentHostCallback: void doLoaderStart()>",
						"<android.app.LoaderManagerImpl: void doStart()>",
						"<android.app.LoaderManagerImpl$LoaderInfo: void start()>",
						"key field: <android.app.LoaderManagerImpl$LoaderInfo: android.content.Loader mLoader>",
						"<android.app.LoaderManagerImpl$LoaderInfo: void start()>"
					],
					"depth":6,
					"method":"<com.android.internal.app.PlatLogoActivity: void onStart()>",
					"source":"FIELDCALLER"
				},
				{
					"trace":[
						"<android.app.Activity: android.app.LoaderManager getLoaderManager()>",
						"<android.app.FragmentController: android.app.LoaderManager getLoaderManager()>",
						"<android.app.FragmentHostCallback: android.app.LoaderManagerImpl getLoaderManagerImpl()>",
						"<android.app.FragmentHostCallback: android.app.LoaderManagerImpl getLoaderManager(java.lang.String,boolean,boolean)>",
						"<android.app.LoaderManagerImpl: void doStart()>",
						"<android.app.LoaderManagerImpl$LoaderInfo: void start()>",
						"key field: <android.app.LoaderManagerImpl$LoaderInfo: android.content.Loader mLoader>",
						"<android.app.LoaderManagerImpl$LoaderInfo: void start()>"
					],
					"depth":6,
					"method":"<android.app.Activity: android.app.LoaderManager getLoaderManager()>",
					"source":"FIELDCALLER"
				},
				{
					"trace":[
						"<android.app.Instrumentation: void callActivityOnDestroy(android.app.Activity)>",
						"<android.app.Activity: void performDestroy()>",
						"<android.app.FragmentController: void doLoaderDestroy()>",
						"<android.app.FragmentHostCallback: void doLoaderDestroy()>",
						"<android.app.LoaderManagerImpl: void doDestroy()>",
						"<android.app.LoaderManagerImpl$LoaderInfo: void destroy()>",
						"key field: <android.app.LoaderManagerImpl$LoaderInfo: android.content.Loader mLoader>",
						"<android.app.LoaderManagerImpl$LoaderInfo: void start()>"
					],
					"depth":6,
					"method":"<android.app.Instrumentation: void callActivityOnDestroy(android.app.Activity)>",
					"source":"FIELDCALLER"
				},
				{
					"trace":[
						"<android.app.Activity: void dump(java.lang.String,java.io.FileDescriptor,java.io.PrintWriter,java.lang.String[])>",
						"<android.app.Activity: void dumpInner(java.lang.String,java.io.FileDescriptor,java.io.PrintWriter,java.lang.String[])>",
						"<android.app.FragmentController: void dumpLoaders(java.lang.String,java.io.FileDescriptor,java.io.PrintWriter,java.lang.String[])>",
						"<android.app.FragmentHostCallback: void dumpLoaders(java.lang.String,java.io.FileDescriptor,java.io.PrintWriter,java.lang.String[])>",
						"<android.app.LoaderManagerImpl: void dump(java.lang.String,java.io.FileDescriptor,java.io.PrintWriter,java.lang.String[])>",
						"<android.app.LoaderManagerImpl$LoaderInfo: java.lang.String toString()>",
						"key field: <android.app.LoaderManagerImpl$LoaderInfo: android.content.Loader mLoader>",
						"<android.app.LoaderManagerImpl$LoaderInfo: void start()>"
					],
					"depth":6,
					"method":"<android.app.Activity: void dump(java.lang.String,java.io.FileDescriptor,java.io.PrintWriter,java.lang.String[])>",
					"source":"FIELDCALLER"
				},
				{
					"trace":[
						"<android.app.FragmentManagerImpl: android.app.Fragment$SavedState saveFragmentInstanceState(android.app.Fragment)>",
						"<android.app.FragmentManagerImpl: void throwException(java.lang.RuntimeException)>",
						"<android.app.FragmentManagerImpl: void dump(java.lang.String,java.io.FileDescriptor,java.io.PrintWriter,java.lang.String[])>",
						"<android.app.Fragment: void dump(java.lang.String,java.io.FileDescriptor,java.io.PrintWriter,java.lang.String[])>",
						"<android.app.LoaderManagerImpl: void dump(java.lang.String,java.io.FileDescriptor,java.io.PrintWriter,java.lang.String[])>",
						"<android.app.LoaderManagerImpl$LoaderInfo: java.lang.String toString()>",
						"key field: <android.app.LoaderManagerImpl$LoaderInfo: android.content.Loader mLoader>",
						"<android.app.LoaderManagerImpl$LoaderInfo: void start()>"
					],
					"depth":6,
					"method":"<android.app.FragmentManagerImpl: android.app.Fragment$SavedState saveFragmentInstanceState(android.app.Fragment)>",
					"source":"FIELDCALLER"
				},
				{
					"trace":[
						"<android.app.FragmentManager: android.app.Fragment$SavedState saveFragmentInstanceState(android.app.Fragment)>",
						"<android.app.FragmentManagerImpl: void throwException(java.lang.RuntimeException)>",
						"<android.app.FragmentManagerImpl: void dump(java.lang.String,java.io.FileDescriptor,java.io.PrintWriter,java.lang.String[])>",
						"<android.app.Fragment: void dump(java.lang.String,java.io.FileDescriptor,java.io.PrintWriter,java.lang.String[])>",
						"<android.app.LoaderManagerImpl: void dump(java.lang.String,java.io.FileDescriptor,java.io.PrintWriter,java.lang.String[])>",
						"<android.app.LoaderManagerImpl$LoaderInfo: java.lang.String toString()>",
						"key field: <android.app.LoaderManagerImpl$LoaderInfo: android.content.Loader mLoader>",
						"<android.app.LoaderManagerImpl$LoaderInfo: void start()>"
					],
					"depth":6,
					"method":"<android.app.FragmentManager: android.app.Fragment$SavedState saveFragmentInstanceState(android.app.Fragment)>",
					"source":"FIELDCALLER"
				},
				{
					"trace":[
						"<android.app.FragmentManagerImpl: void putFragment(android.os.Bundle,java.lang.String,android.app.Fragment)>",
						"<android.app.FragmentManagerImpl: void throwException(java.lang.RuntimeException)>",
						"<android.app.FragmentManagerImpl: void dump(java.lang.String,java.io.FileDescriptor,java.io.PrintWriter,java.lang.String[])>",
						"<android.app.Fragment: void dump(java.lang.String,java.io.FileDescriptor,java.io.PrintWriter,java.lang.String[])>",
						"<android.app.LoaderManagerImpl: void dump(java.lang.String,java.io.FileDescriptor,java.io.PrintWriter,java.lang.String[])>",
						"<android.app.LoaderManagerImpl$LoaderInfo: java.lang.String toString()>",
						"key field: <android.app.LoaderManagerImpl$LoaderInfo: android.content.Loader mLoader>",
						"<android.app.LoaderManagerImpl$LoaderInfo: void start()>"
					],
					"depth":6,
					"method":"<android.app.FragmentManagerImpl: void putFragment(android.os.Bundle,java.lang.String,android.app.Fragment)>",
					"source":"FIELDCALLER"
				},
				{
					"trace":[
						"<android.app.FragmentManager: void putFragment(android.os.Bundle,java.lang.String,android.app.Fragment)>",
						"<android.app.FragmentManagerImpl: void throwException(java.lang.RuntimeException)>",
						"<android.app.FragmentManagerImpl: void dump(java.lang.String,java.io.FileDescriptor,java.io.PrintWriter,java.lang.String[])>",
						"<android.app.Fragment: void dump(java.lang.String,java.io.FileDescriptor,java.io.PrintWriter,java.lang.String[])>",
						"<android.app.LoaderManagerImpl: void dump(java.lang.String,java.io.FileDescriptor,java.io.PrintWriter,java.lang.String[])>",
						"<android.app.LoaderManagerImpl$LoaderInfo: java.lang.String toString()>",
						"key field: <android.app.LoaderManagerImpl$LoaderInfo: android.content.Loader mLoader>",
						"<android.app.LoaderManagerImpl$LoaderInfo: void start()>"
					],
					"depth":6,
					"method":"<android.app.FragmentManager: void putFragment(android.os.Bundle,java.lang.String,android.app.Fragment)>",
					"source":"FIELDCALLER"
				},
				{
					"trace":[
						"<android.app.FragmentManagerImpl: android.app.Fragment getFragment(android.os.Bundle,java.lang.String)>",
						"<android.app.FragmentManagerImpl: void throwException(java.lang.RuntimeException)>",
						"<android.app.FragmentManagerImpl: void dump(java.lang.String,java.io.FileDescriptor,java.io.PrintWriter,java.lang.String[])>",
						"<android.app.Fragment: void dump(java.lang.String,java.io.FileDescriptor,java.io.PrintWriter,java.lang.String[])>",
						"<android.app.LoaderManagerImpl: void dump(java.lang.String,java.io.FileDescriptor,java.io.PrintWriter,java.lang.String[])>",
						"<android.app.LoaderManagerImpl$LoaderInfo: java.lang.String toString()>",
						"key field: <android.app.LoaderManagerImpl$LoaderInfo: android.content.Loader mLoader>",
						"<android.app.LoaderManagerImpl$LoaderInfo: void start()>"
					],
					"depth":6,
					"method":"<android.app.FragmentManagerImpl: android.app.Fragment getFragment(android.os.Bundle,java.lang.String)>",
					"source":"FIELDCALLER"
				},
				{
					"trace":[
						"<android.app.FragmentManager: android.app.Fragment getFragment(android.os.Bundle,java.lang.String)>",
						"<android.app.FragmentManagerImpl: void throwException(java.lang.RuntimeException)>",
						"<android.app.FragmentManagerImpl: void dump(java.lang.String,java.io.FileDescriptor,java.io.PrintWriter,java.lang.String[])>",
						"<android.app.Fragment: void dump(java.lang.String,java.io.FileDescriptor,java.io.PrintWriter,java.lang.String[])>",
						"<android.app.LoaderManagerImpl: void dump(java.lang.String,java.io.FileDescriptor,java.io.PrintWriter,java.lang.String[])>",
						"<android.app.LoaderManagerImpl$LoaderInfo: java.lang.String toString()>",
						"key field: <android.app.LoaderManagerImpl$LoaderInfo: android.content.Loader mLoader>",
						"<android.app.LoaderManagerImpl$LoaderInfo: void start()>"
					],
					"depth":6,
					"method":"<android.app.FragmentManager: android.app.Fragment getFragment(android.os.Bundle,java.lang.String)>",
					"source":"FIELDCALLER"
				},
				{
					"trace":[
						"<android.hardware.usb.UsbDevice: java.lang.String toString()>",
						"<android.hardware.usb.UsbConfiguration: java.lang.String toString()>",
						"<android.hardware.usb.UsbInterface: java.lang.String toString()>",
						"<android.telephony.PhysicalChannelConfig: java.lang.String toString()>",
						"<android.animation.PropertyValuesHolder$PropertyValues: java.lang.String toString()>",
						"<android.app.LoaderManagerImpl$LoaderInfo: java.lang.String toString()>",
						"key field: <android.app.LoaderManagerImpl$LoaderInfo: android.content.Loader mLoader>",
						"<android.app.LoaderManagerImpl$LoaderInfo: void start()>"
					],
					"depth":6,
					"method":"<android.hardware.usb.UsbDevice: java.lang.String toString()>",
					"source":"FIELDCALLER"
				},
				{
					"trace":[
						"<android.app.FragmentTransition: void calculateFragments(android.app.BackStackRecord,android.util.SparseArray,boolean)>",
						"<android.app.FragmentTransition: void addToFirstInLastOut(android.app.BackStackRecord,android.app.BackStackRecord$Op,android.util.SparseArray,boolean,boolean)>",
						"<android.app.FragmentManagerImpl: void moveToState(android.app.Fragment,int,int,int,boolean)>",
						"<android.app.Fragment: void performStart()>",
						"<android.app.Fragment: void onStart()>",
						"<android.app.LoaderManagerImpl: void doStart()>",
						"<android.app.LoaderManagerImpl$LoaderInfo: void start()>",
						"key field: <android.app.LoaderManagerImpl$LoaderInfo: android.content.Loader mLoader>",
						"<android.app.LoaderManagerImpl$LoaderInfo: void start()>"
					],
					"depth":7,
					"method":"<android.app.FragmentTransition: void calculateFragments(android.app.BackStackRecord,android.util.SparseArray,boolean)>",
					"source":"FIELDCALLER"
				},
				{
					"trace":[
						"<android.app.FragmentTransition: void calculatePopFragments(android.app.BackStackRecord,android.util.SparseArray,boolean)>",
						"<android.app.FragmentTransition: void addToFirstInLastOut(android.app.BackStackRecord,android.app.BackStackRecord$Op,android.util.SparseArray,boolean,boolean)>",
						"<android.app.FragmentManagerImpl: void moveToState(android.app.Fragment,int,int,int,boolean)>",
						"<android.app.Fragment: void performStart()>",
						"<android.app.Fragment: void onStart()>",
						"<android.app.LoaderManagerImpl: void doStart()>",
						"<android.app.LoaderManagerImpl$LoaderInfo: void start()>",
						"key field: <android.app.LoaderManagerImpl$LoaderInfo: android.content.Loader mLoader>",
						"<android.app.LoaderManagerImpl$LoaderInfo: void start()>"
					],
					"depth":7,
					"method":"<android.app.FragmentTransition: void calculatePopFragments(android.app.BackStackRecord,android.util.SparseArray,boolean)>",
					"source":"FIELDCALLER"
				},
				{
					"trace":[
						"<android.app.FragmentController: android.view.View onCreateView(android.view.View,java.lang.String,android.content.Context,android.util.AttributeSet)>",
						"<android.app.FragmentManagerImpl: android.view.View onCreateView(android.view.View,java.lang.String,android.content.Context,android.util.AttributeSet)>",
						"<android.app.FragmentManagerImpl: void moveToState(android.app.Fragment,int,int,int,boolean)>",
						"<android.app.Fragment: void performStart()>",
						"<android.app.Fragment: void onStart()>",
						"<android.app.LoaderManagerImpl: void doStart()>",
						"<android.app.LoaderManagerImpl$LoaderInfo: void start()>",
						"key field: <android.app.LoaderManagerImpl$LoaderInfo: android.content.Loader mLoader>",
						"<android.app.LoaderManagerImpl$LoaderInfo: void start()>"
					],
					"depth":7,
					"method":"<android.app.FragmentController: android.view.View onCreateView(android.view.View,java.lang.String,android.content.Context,android.util.AttributeSet)>",
					"source":"FIELDCALLER"
				},
				{
					"trace":[
						"<android.view.LayoutInflater$FactoryMerger: android.view.View onCreateView(android.view.View,java.lang.String,android.content.Context,android.util.AttributeSet)>",
						"<android.app.FragmentManagerImpl: android.view.View onCreateView(android.view.View,java.lang.String,android.content.Context,android.util.AttributeSet)>",
						"<android.app.FragmentManagerImpl: void moveToState(android.app.Fragment,int,int,int,boolean)>",
						"<android.app.Fragment: void performStart()>",
						"<android.app.Fragment: void onStart()>",
						"<android.app.LoaderManagerImpl: void doStart()>",
						"<android.app.LoaderManagerImpl$LoaderInfo: void start()>",
						"key field: <android.app.LoaderManagerImpl$LoaderInfo: android.content.Loader mLoader>",
						"<android.app.LoaderManagerImpl$LoaderInfo: void start()>"
					],
					"depth":7,
					"method":"<android.view.LayoutInflater$FactoryMerger: android.view.View onCreateView(android.view.View,java.lang.String,android.content.Context,android.util.AttributeSet)>",
					"source":"FIELDCALLER"
				},
				{
					"trace":[
						"<android.app.FragmentManagerImpl: void addFragment(android.app.Fragment,boolean)>",
						"<android.app.FragmentManagerImpl: void moveToState(android.app.Fragment)>",
						"<android.app.FragmentManagerImpl: void moveToState(android.app.Fragment,int,int,int,boolean)>",
						"<android.app.Fragment: void performStart()>",
						"<android.app.Fragment: void onStart()>",
						"<android.app.LoaderManagerImpl: void doStart()>",
						"<android.app.LoaderManagerImpl$LoaderInfo: void start()>",
						"key field: <android.app.LoaderManagerImpl$LoaderInfo: android.content.Loader mLoader>",
						"<android.app.LoaderManagerImpl$LoaderInfo: void start()>"
					],
					"depth":7,
					"method":"<android.app.FragmentManagerImpl: void addFragment(android.app.Fragment,boolean)>",
					"source":"FIELDCALLER"
				},
				{
					"trace":[
						"<android.animation.Animator$AnimatorListener: void onAnimationEnd(android.animation.Animator,boolean)>",
						"<android.app.FragmentManagerImpl$2: void onAnimationEnd(android.animation.Animator)>",
						"<android.app.FragmentManagerImpl: void moveToState(android.app.Fragment,int,int,int,boolean)>",
						"<android.app.Fragment: void performStart()>",
						"<android.app.Fragment: void onStart()>",
						"<android.app.LoaderManagerImpl: void doStart()>",
						"<android.app.LoaderManagerImpl$LoaderInfo: void start()>",
						"key field: <android.app.LoaderManagerImpl$LoaderInfo: android.content.Loader mLoader>",
						"<android.app.LoaderManagerImpl$LoaderInfo: void start()>"
					],
					"depth":7,
					"method":"<android.animation.Animator$AnimatorListener: void onAnimationEnd(android.animation.Animator,boolean)>",
					"source":"FIELDCALLER"
				},
				{
					"trace":[
						"<android.view.ViewPropertyAnimator$AnimatorEventListener: void onAnimationEnd(android.animation.Animator)>",
						"<android.app.FragmentManagerImpl$2: void onAnimationEnd(android.animation.Animator)>",
						"<android.app.FragmentManagerImpl: void moveToState(android.app.Fragment,int,int,int,boolean)>",
						"<android.app.Fragment: void performStart()>",
						"<android.app.Fragment: void onStart()>",
						"<android.app.LoaderManagerImpl: void doStart()>",
						"<android.app.LoaderManagerImpl$LoaderInfo: void start()>",
						"key field: <android.app.LoaderManagerImpl$LoaderInfo: android.content.Loader mLoader>",
						"<android.app.LoaderManagerImpl$LoaderInfo: void start()>"
					],
					"depth":7,
					"method":"<android.view.ViewPropertyAnimator$AnimatorEventListener: void onAnimationEnd(android.animation.Animator)>",
					"source":"FIELDCALLER"
				},
				{
					"trace":[
						"<android.animation.Animator$AnimatorListener: void onAnimationEnd(android.animation.Animator)>",
						"<android.app.FragmentManagerImpl$2: void onAnimationEnd(android.animation.Animator)>",
						"<android.app.FragmentManagerImpl: void moveToState(android.app.Fragment,int,int,int,boolean)>",
						"<android.app.Fragment: void performStart()>",
						"<android.app.Fragment: void onStart()>",
						"<android.app.LoaderManagerImpl: void doStart()>",
						"<android.app.LoaderManagerImpl$LoaderInfo: void start()>",
						"key field: <android.app.LoaderManagerImpl$LoaderInfo: android.content.Loader mLoader>",
						"<android.app.LoaderManagerImpl$LoaderInfo: void start()>"
					],
					"depth":7,
					"method":"<android.animation.Animator$AnimatorListener: void onAnimationEnd(android.animation.Animator)>",
					"source":"FIELDCALLER"
				},
				{
					"trace":[
						"<android.app.Fragment: void setUserVisibleHint(boolean)>",
						"<android.app.FragmentManagerImpl: void performPendingDeferredStart(android.app.Fragment)>",
						"<android.app.FragmentManagerImpl: void moveToState(android.app.Fragment,int,int,int,boolean)>",
						"<android.app.Fragment: void performStart()>",
						"<android.app.Fragment: void onStart()>",
						"<android.app.LoaderManagerImpl: void doStart()>",
						"<android.app.LoaderManagerImpl$LoaderInfo: void start()>",
						"key field: <android.app.LoaderManagerImpl$LoaderInfo: android.content.Loader mLoader>",
						"<android.app.LoaderManagerImpl$LoaderInfo: void start()>"
					],
					"depth":7,
					"method":"<android.app.Fragment: void setUserVisibleHint(boolean)>",
					"source":"FIELDCALLER"
				},
				{
					"trace":[
						"<android.app.ActivityThread: void handleDestroyActivity(android.os.IBinder,boolean,int,boolean,java.lang.String)>",
						"<android.app.ActivityThread: android.app.ActivityThread$ActivityClientRecord performDestroyActivity(android.os.IBinder,boolean,int,boolean,java.lang.String)>",
						"<android.app.Activity: android.app.Activity$NonConfigurationInstances retainNonConfigurationInstances()>",
						"<android.app.FragmentController: android.util.ArrayMap retainLoaderNonConfig()>",
						"<android.app.FragmentHostCallback: android.util.ArrayMap retainLoaderNonConfig()>",
						"<android.app.LoaderManagerImpl: void doStart()>",
						"<android.app.LoaderManagerImpl$LoaderInfo: void start()>",
						"key field: <android.app.LoaderManagerImpl$LoaderInfo: android.content.Loader mLoader>",
						"<android.app.LoaderManagerImpl$LoaderInfo: void start()>"
					],
					"depth":7,
					"method":"<android.app.ActivityThread: void handleDestroyActivity(android.os.IBinder,boolean,int,boolean,java.lang.String)>",
					"source":"FIELDCALLER"
				},
				{
					"trace":[
						"<android.app.ClientTransactionHandler: void handleDestroyActivity(android.os.IBinder,boolean,int,boolean,java.lang.String)>",
						"<android.app.ActivityThread: android.app.ActivityThread$ActivityClientRecord performDestroyActivity(android.os.IBinder,boolean,int,boolean,java.lang.String)>",
						"<android.app.Activity: android.app.Activity$NonConfigurationInstances retainNonConfigurationInstances()>",
						"<android.app.FragmentController: android.util.ArrayMap retainLoaderNonConfig()>",
						"<android.app.FragmentHostCallback: android.util.ArrayMap retainLoaderNonConfig()>",
						"<android.app.LoaderManagerImpl: void doStart()>",
						"<android.app.LoaderManagerImpl$LoaderInfo: void start()>",
						"key field: <android.app.LoaderManagerImpl$LoaderInfo: android.content.Loader mLoader>",
						"<android.app.LoaderManagerImpl$LoaderInfo: void start()>"
					],
					"depth":7,
					"method":"<android.app.ClientTransactionHandler: void handleDestroyActivity(android.os.IBinder,boolean,int,boolean,java.lang.String)>",
					"source":"FIELDCALLER"
				},
				{
					"trace":[
						"<android.app.LocalActivityManager: void dispatchDestroy(boolean)>",
						"<android.app.ActivityThread: android.app.ActivityThread$ActivityClientRecord performDestroyActivity(android.os.IBinder,boolean,int,boolean,java.lang.String)>",
						"<android.app.Activity: android.app.Activity$NonConfigurationInstances retainNonConfigurationInstances()>",
						"<android.app.FragmentController: android.util.ArrayMap retainLoaderNonConfig()>",
						"<android.app.FragmentHostCallback: android.util.ArrayMap retainLoaderNonConfig()>",
						"<android.app.LoaderManagerImpl: void doStart()>",
						"<android.app.LoaderManagerImpl$LoaderInfo: void start()>",
						"key field: <android.app.LoaderManagerImpl$LoaderInfo: android.content.Loader mLoader>",
						"<android.app.LoaderManagerImpl$LoaderInfo: void start()>"
					],
					"depth":7,
					"method":"<android.app.LocalActivityManager: void dispatchDestroy(boolean)>",
					"source":"FIELDCALLER"
				},
				{
					"trace":[
						"<android.app.Activity$HostCallbacks: void onDump(java.lang.String,java.io.FileDescriptor,java.io.PrintWriter,java.lang.String[])>",
						"<android.app.Activity: void dump(java.lang.String,java.io.FileDescriptor,java.io.PrintWriter,java.lang.String[])>",
						"<android.app.Activity: void dumpInner(java.lang.String,java.io.FileDescriptor,java.io.PrintWriter,java.lang.String[])>",
						"<android.app.FragmentController: void dumpLoaders(java.lang.String,java.io.FileDescriptor,java.io.PrintWriter,java.lang.String[])>",
						"<android.app.FragmentHostCallback: void dumpLoaders(java.lang.String,java.io.FileDescriptor,java.io.PrintWriter,java.lang.String[])>",
						"<android.app.LoaderManagerImpl: void dump(java.lang.String,java.io.FileDescriptor,java.io.PrintWriter,java.lang.String[])>",
						"<android.app.LoaderManagerImpl$LoaderInfo: java.lang.String toString()>",
						"key field: <android.app.LoaderManagerImpl$LoaderInfo: android.content.Loader mLoader>",
						"<android.app.LoaderManagerImpl$LoaderInfo: void start()>"
					],
					"depth":7,
					"method":"<android.app.Activity$HostCallbacks: void onDump(java.lang.String,java.io.FileDescriptor,java.io.PrintWriter,java.lang.String[])>",
					"source":"FIELDCALLER"
				},
				{
					"trace":[
						"<android.app.FragmentController: void restoreAllState(android.os.Parcelable,java.util.List)>",
						"<android.app.FragmentManagerImpl: void restoreAllState(android.os.Parcelable,android.app.FragmentManagerNonConfig)>",
						"<android.app.FragmentManagerImpl: void throwException(java.lang.RuntimeException)>",
						"<android.app.FragmentManagerImpl: void dump(java.lang.String,java.io.FileDescriptor,java.io.PrintWriter,java.lang.String[])>",
						"<android.app.Fragment: void dump(java.lang.String,java.io.FileDescriptor,java.io.PrintWriter,java.lang.String[])>",
						"<android.app.LoaderManagerImpl: void dump(java.lang.String,java.io.FileDescriptor,java.io.PrintWriter,java.lang.String[])>",
						"<android.app.LoaderManagerImpl$LoaderInfo: java.lang.String toString()>",
						"key field: <android.app.LoaderManagerImpl$LoaderInfo: android.content.Loader mLoader>",
						"<android.app.LoaderManagerImpl$LoaderInfo: void start()>"
					],
					"depth":7,
					"method":"<android.app.FragmentController: void restoreAllState(android.os.Parcelable,java.util.List)>",
					"source":"FIELDCALLER"
				},
				{
					"trace":[
						"<android.app.FragmentController: void restoreAllState(android.os.Parcelable,android.app.FragmentManagerNonConfig)>",
						"<android.app.FragmentManagerImpl: void restoreAllState(android.os.Parcelable,android.app.FragmentManagerNonConfig)>",
						"<android.app.FragmentManagerImpl: void throwException(java.lang.RuntimeException)>",
						"<android.app.FragmentManagerImpl: void dump(java.lang.String,java.io.FileDescriptor,java.io.PrintWriter,java.lang.String[])>",
						"<android.app.Fragment: void dump(java.lang.String,java.io.FileDescriptor,java.io.PrintWriter,java.lang.String[])>",
						"<android.app.LoaderManagerImpl: void dump(java.lang.String,java.io.FileDescriptor,java.io.PrintWriter,java.lang.String[])>",
						"<android.app.LoaderManagerImpl$LoaderInfo: java.lang.String toString()>",
						"key field: <android.app.LoaderManagerImpl$LoaderInfo: android.content.Loader mLoader>",
						"<android.app.LoaderManagerImpl$LoaderInfo: void start()>"
					],
					"depth":7,
					"method":"<android.app.FragmentController: void restoreAllState(android.os.Parcelable,android.app.FragmentManagerNonConfig)>",
					"source":"FIELDCALLER"
				},
				{
					"trace":[
						"<android.net.ConnectivityMetricsEvent: java.lang.String toString()>",
						"<android.hardware.usb.UsbDevice: java.lang.String toString()>",
						"<android.hardware.usb.UsbConfiguration: java.lang.String toString()>",
						"<android.hardware.usb.UsbInterface: java.lang.String toString()>",
						"<android.telephony.PhysicalChannelConfig: java.lang.String toString()>",
						"<android.animation.PropertyValuesHolder$PropertyValues: java.lang.String toString()>",
						"<android.app.LoaderManagerImpl$LoaderInfo: java.lang.String toString()>",
						"key field: <android.app.LoaderManagerImpl$LoaderInfo: android.content.Loader mLoader>",
						"<android.app.LoaderManagerImpl$LoaderInfo: void start()>"
					],
					"depth":7,
					"method":"<android.net.ConnectivityMetricsEvent: java.lang.String toString()>",
					"source":"FIELDCALLER"
				},
				{
					"trace":[
						"<android.app.Activity: android.view.View onCreateView(android.view.View,java.lang.String,android.content.Context,android.util.AttributeSet)>",
						"<android.app.FragmentController: android.view.View onCreateView(android.view.View,java.lang.String,android.content.Context,android.util.AttributeSet)>",
						"<android.app.FragmentManagerImpl: android.view.View onCreateView(android.view.View,java.lang.String,android.content.Context,android.util.AttributeSet)>",
						"<android.app.FragmentManagerImpl: void moveToState(android.app.Fragment,int,int,int,boolean)>",
						"<android.app.Fragment: void performStart()>",
						"<android.app.Fragment: void onStart()>",
						"<android.app.LoaderManagerImpl: void doStart()>",
						"<android.app.LoaderManagerImpl$LoaderInfo: void start()>",
						"key field: <android.app.LoaderManagerImpl$LoaderInfo: android.content.Loader mLoader>",
						"<android.app.LoaderManagerImpl$LoaderInfo: void start()>"
					],
					"depth":8,
					"method":"<android.app.Activity: android.view.View onCreateView(android.view.View,java.lang.String,android.content.Context,android.util.AttributeSet)>",
					"source":"FIELDCALLER"
				},
				{
					"trace":[
						"<android.app.LoaderManagerImpl: void destroyLoader(int)>",
						"<android.app.FragmentManagerImpl: void startPendingDeferredFragments()>",
						"<android.app.FragmentManagerImpl: void performPendingDeferredStart(android.app.Fragment)>",
						"<android.app.FragmentManagerImpl: void moveToState(android.app.Fragment,int,int,int,boolean)>",
						"<android.app.Fragment: void performStart()>",
						"<android.app.Fragment: void onStart()>",
						"<android.app.LoaderManagerImpl: void doStart()>",
						"<android.app.LoaderManagerImpl$LoaderInfo: void start()>",
						"key field: <android.app.LoaderManagerImpl$LoaderInfo: android.content.Loader mLoader>",
						"<android.app.LoaderManagerImpl$LoaderInfo: void start()>"
					],
					"depth":8,
					"method":"<android.app.LoaderManagerImpl: void destroyLoader(int)>",
					"source":"FIELDCALLER"
				},
				{
					"trace":[
						"<android.app.LoaderManager: void destroyLoader(int)>",
						"<android.app.FragmentManagerImpl: void startPendingDeferredFragments()>",
						"<android.app.FragmentManagerImpl: void performPendingDeferredStart(android.app.Fragment)>",
						"<android.app.FragmentManagerImpl: void moveToState(android.app.Fragment,int,int,int,boolean)>",
						"<android.app.Fragment: void performStart()>",
						"<android.app.Fragment: void onStart()>",
						"<android.app.LoaderManagerImpl: void doStart()>",
						"<android.app.LoaderManagerImpl$LoaderInfo: void start()>",
						"key field: <android.app.LoaderManagerImpl$LoaderInfo: android.content.Loader mLoader>",
						"<android.app.LoaderManagerImpl$LoaderInfo: void start()>"
					],
					"depth":8,
					"method":"<android.app.LoaderManager: void destroyLoader(int)>",
					"source":"FIELDCALLER"
				},
				{
					"trace":[
						"<android.app.servertransaction.DestroyActivityItem: void execute(android.app.ClientTransactionHandler,android.os.IBinder,android.app.servertransaction.PendingTransactionActions)>",
						"<android.app.ActivityThread: void handleDestroyActivity(android.os.IBinder,boolean,int,boolean,java.lang.String)>",
						"<android.app.ActivityThread: android.app.ActivityThread$ActivityClientRecord performDestroyActivity(android.os.IBinder,boolean,int,boolean,java.lang.String)>",
						"<android.app.Activity: android.app.Activity$NonConfigurationInstances retainNonConfigurationInstances()>",
						"<android.app.FragmentController: android.util.ArrayMap retainLoaderNonConfig()>",
						"<android.app.FragmentHostCallback: android.util.ArrayMap retainLoaderNonConfig()>",
						"<android.app.LoaderManagerImpl: void doStart()>",
						"<android.app.LoaderManagerImpl$LoaderInfo: void start()>",
						"key field: <android.app.LoaderManagerImpl$LoaderInfo: android.content.Loader mLoader>",
						"<android.app.LoaderManagerImpl$LoaderInfo: void start()>"
					],
					"depth":8,
					"method":"<android.app.servertransaction.DestroyActivityItem: void execute(android.app.ClientTransactionHandler,android.os.IBinder,android.app.servertransaction.PendingTransactionActions)>",
					"source":"FIELDCALLER"
				},
				{
					"trace":[
						"<android.app.LocalActivityManager: void removeAllActivities()>",
						"<android.app.LocalActivityManager: void dispatchDestroy(boolean)>",
						"<android.app.ActivityThread: android.app.ActivityThread$ActivityClientRecord performDestroyActivity(android.os.IBinder,boolean,int,boolean,java.lang.String)>",
						"<android.app.Activity: android.app.Activity$NonConfigurationInstances retainNonConfigurationInstances()>",
						"<android.app.FragmentController: android.util.ArrayMap retainLoaderNonConfig()>",
						"<android.app.FragmentHostCallback: android.util.ArrayMap retainLoaderNonConfig()>",
						"<android.app.LoaderManagerImpl: void doStart()>",
						"<android.app.LoaderManagerImpl$LoaderInfo: void start()>",
						"key field: <android.app.LoaderManagerImpl$LoaderInfo: android.content.Loader mLoader>",
						"<android.app.LoaderManagerImpl$LoaderInfo: void start()>"
					],
					"depth":8,
					"method":"<android.app.LocalActivityManager: void removeAllActivities()>",
					"source":"FIELDCALLER"
				},
				{
					"trace":[
						"<android.app.LocalActivityManager: android.view.Window startActivity(java.lang.String,android.content.Intent)>",
						"<android.app.LocalActivityManager: android.view.Window performDestroy(android.app.LocalActivityManager$LocalActivityRecord,boolean)>",
						"<android.app.ActivityThread: android.app.ActivityThread$ActivityClientRecord performDestroyActivity(android.os.IBinder,boolean,int,boolean,java.lang.String)>",
						"<android.app.Activity: android.app.Activity$NonConfigurationInstances retainNonConfigurationInstances()>",
						"<android.app.FragmentController: android.util.ArrayMap retainLoaderNonConfig()>",
						"<android.app.FragmentHostCallback: android.util.ArrayMap retainLoaderNonConfig()>",
						"<android.app.LoaderManagerImpl: void doStart()>",
						"<android.app.LoaderManagerImpl$LoaderInfo: void start()>",
						"key field: <android.app.LoaderManagerImpl$LoaderInfo: android.content.Loader mLoader>",
						"<android.app.LoaderManagerImpl$LoaderInfo: void start()>"
					],
					"depth":8,
					"method":"<android.app.LocalActivityManager: android.view.Window startActivity(java.lang.String,android.content.Intent)>",
					"source":"FIELDCALLER"
				},
				{
					"trace":[
						"<android.app.LocalActivityManager: android.view.Window destroyActivity(java.lang.String,boolean)>",
						"<android.app.LocalActivityManager: android.view.Window performDestroy(android.app.LocalActivityManager$LocalActivityRecord,boolean)>",
						"<android.app.ActivityThread: android.app.ActivityThread$ActivityClientRecord performDestroyActivity(android.os.IBinder,boolean,int,boolean,java.lang.String)>",
						"<android.app.Activity: android.app.Activity$NonConfigurationInstances retainNonConfigurationInstances()>",
						"<android.app.FragmentController: android.util.ArrayMap retainLoaderNonConfig()>",
						"<android.app.FragmentHostCallback: android.util.ArrayMap retainLoaderNonConfig()>",
						"<android.app.LoaderManagerImpl: void doStart()>",
						"<android.app.LoaderManagerImpl$LoaderInfo: void start()>",
						"key field: <android.app.LoaderManagerImpl$LoaderInfo: android.content.Loader mLoader>",
						"<android.app.LoaderManagerImpl$LoaderInfo: void start()>"
					],
					"depth":8,
					"method":"<android.app.LocalActivityManager: android.view.Window destroyActivity(java.lang.String,boolean)>",
					"source":"FIELDCALLER"
				},
				{
					"trace":[
						"<android.app.ActivityThread: void handleStartActivity(android.app.ActivityThread$ActivityClientRecord,android.app.servertransaction.PendingTransactionActions)>",
						"<android.app.Activity: void performStart(java.lang.String)>",
						"<android.app.Instrumentation: void callActivityOnStart(android.app.Activity)>",
						"<android.app.Activity: void onStart()>",
						"<android.app.FragmentController: void doLoaderStart()>",
						"<android.app.FragmentHostCallback: void doLoaderStart()>",
						"<android.app.LoaderManagerImpl: void doStart()>",
						"<android.app.LoaderManagerImpl$LoaderInfo: void start()>",
						"key field: <android.app.LoaderManagerImpl$LoaderInfo: android.content.Loader mLoader>",
						"<android.app.LoaderManagerImpl$LoaderInfo: void start()>"
					],
					"depth":8,
					"method":"<android.app.ActivityThread: void handleStartActivity(android.app.ActivityThread$ActivityClientRecord,android.app.servertransaction.PendingTransactionActions)>",
					"source":"FIELDCALLER"
				},
				{
					"trace":[
						"<android.app.ActivityThread: void handleStopActivity(android.os.IBinder,boolean,int,android.app.servertransaction.PendingTransactionActions,boolean,java.lang.String)>",
						"<android.app.ActivityThread: void performStopActivityInner(android.app.ActivityThread$ActivityClientRecord,android.app.servertransaction.PendingTransactionActions$StopInfo,boolean,boolean,boolean,java.lang.String)>",
						"<android.app.ActivityThread: void callActivityOnStop(android.app.ActivityThread$ActivityClientRecord,boolean,java.lang.String)>",
						"<android.app.Activity: void performStop(boolean,java.lang.String)>",
						"<android.app.FragmentController: void doLoaderStop(boolean)>",
						"<android.app.FragmentHostCallback: void doLoaderStop(boolean)>",
						"<android.app.LoaderManagerImpl: void doStop()>",
						"<android.app.LoaderManagerImpl$LoaderInfo: void stop()>",
						"key field: <android.app.LoaderManagerImpl$LoaderInfo: android.content.Loader mLoader>",
						"<android.app.LoaderManagerImpl$LoaderInfo: void start()>"
					],
					"depth":8,
					"method":"<android.app.ActivityThread: void handleStopActivity(android.os.IBinder,boolean,int,android.app.servertransaction.PendingTransactionActions,boolean,java.lang.String)>",
					"source":"FIELDCALLER"
				},
				{
					"trace":[
						"<android.app.ClientTransactionHandler: void handleStopActivity(android.os.IBinder,boolean,int,android.app.servertransaction.PendingTransactionActions,boolean,java.lang.String)>",
						"<android.app.ActivityThread: void performStopActivityInner(android.app.ActivityThread$ActivityClientRecord,android.app.servertransaction.PendingTransactionActions$StopInfo,boolean,boolean,boolean,java.lang.String)>",
						"<android.app.ActivityThread: void callActivityOnStop(android.app.ActivityThread$ActivityClientRecord,boolean,java.lang.String)>",
						"<android.app.Activity: void performStop(boolean,java.lang.String)>",
						"<android.app.FragmentController: void doLoaderStop(boolean)>",
						"<android.app.FragmentHostCallback: void doLoaderStop(boolean)>",
						"<android.app.LoaderManagerImpl: void doStop()>",
						"<android.app.LoaderManagerImpl$LoaderInfo: void stop()>",
						"key field: <android.app.LoaderManagerImpl$LoaderInfo: android.content.Loader mLoader>",
						"<android.app.LoaderManagerImpl$LoaderInfo: void start()>"
					],
					"depth":8,
					"method":"<android.app.ClientTransactionHandler: void handleStopActivity(android.os.IBinder,boolean,int,android.app.servertransaction.PendingTransactionActions,boolean,java.lang.String)>",
					"source":"FIELDCALLER"
				},
				{
					"trace":[
						"<android.app.ActivityThread: void handleWindowVisibility(android.os.IBinder,boolean)>",
						"<android.app.ActivityThread: void performStopActivityInner(android.app.ActivityThread$ActivityClientRecord,android.app.servertransaction.PendingTransactionActions$StopInfo,boolean,boolean,boolean,java.lang.String)>",
						"<android.app.ActivityThread: void callActivityOnStop(android.app.ActivityThread$ActivityClientRecord,boolean,java.lang.String)>",
						"<android.app.Activity: void performStop(boolean,java.lang.String)>",
						"<android.app.FragmentController: void doLoaderStop(boolean)>",
						"<android.app.FragmentHostCallback: void doLoaderStop(boolean)>",
						"<android.app.LoaderManagerImpl: void doStop()>",
						"<android.app.LoaderManagerImpl$LoaderInfo: void stop()>",
						"key field: <android.app.LoaderManagerImpl$LoaderInfo: android.content.Loader mLoader>",
						"<android.app.LoaderManagerImpl$LoaderInfo: void start()>"
					],
					"depth":8,
					"method":"<android.app.ActivityThread: void handleWindowVisibility(android.os.IBinder,boolean)>",
					"source":"FIELDCALLER"
				},
				{
					"trace":[
						"<android.app.ClientTransactionHandler: void handleWindowVisibility(android.os.IBinder,boolean)>",
						"<android.app.ActivityThread: void performStopActivityInner(android.app.ActivityThread$ActivityClientRecord,android.app.servertransaction.PendingTransactionActions$StopInfo,boolean,boolean,boolean,java.lang.String)>",
						"<android.app.ActivityThread: void callActivityOnStop(android.app.ActivityThread$ActivityClientRecord,boolean,java.lang.String)>",
						"<android.app.Activity: void performStop(boolean,java.lang.String)>",
						"<android.app.FragmentController: void doLoaderStop(boolean)>",
						"<android.app.FragmentHostCallback: void doLoaderStop(boolean)>",
						"<android.app.LoaderManagerImpl: void doStop()>",
						"<android.app.LoaderManagerImpl$LoaderInfo: void stop()>",
						"key field: <android.app.LoaderManagerImpl$LoaderInfo: android.content.Loader mLoader>",
						"<android.app.LoaderManagerImpl$LoaderInfo: void start()>"
					],
					"depth":8,
					"method":"<android.app.ClientTransactionHandler: void handleWindowVisibility(android.os.IBinder,boolean)>",
					"source":"FIELDCALLER"
				},
				{
					"trace":[
						"<android.app.ActivityThread: void handleRelaunchActivity(android.app.ActivityThread$ActivityClientRecord,android.app.servertransaction.PendingTransactionActions)>",
						"<android.app.ActivityThread: void handleRelaunchActivityInner(android.app.ActivityThread$ActivityClientRecord,int,java.util.List,java.util.List,android.app.servertransaction.PendingTransactionActions,boolean,android.content.res.Configuration,java.lang.String)>",
						"<android.app.ActivityThread: void callActivityOnStop(android.app.ActivityThread$ActivityClientRecord,boolean,java.lang.String)>",
						"<android.app.Activity: void performStop(boolean,java.lang.String)>",
						"<android.app.FragmentController: void doLoaderStop(boolean)>",
						"<android.app.FragmentHostCallback: void doLoaderStop(boolean)>",
						"<android.app.LoaderManagerImpl: void doStop()>",
						"<android.app.LoaderManagerImpl$LoaderInfo: void stop()>",
						"key field: <android.app.LoaderManagerImpl$LoaderInfo: android.content.Loader mLoader>",
						"<android.app.LoaderManagerImpl$LoaderInfo: void start()>"
					],
					"depth":8,
					"method":"<android.app.ActivityThread: void handleRelaunchActivity(android.app.ActivityThread$ActivityClientRecord,android.app.servertransaction.PendingTransactionActions)>",
					"source":"FIELDCALLER"
				},
				{
					"trace":[
						"<android.app.FragmentController: android.os.Parcelable saveAllState()>",
						"<android.app.FragmentManagerImpl: android.os.Parcelable saveAllState()>",
						"<android.app.FragmentManagerImpl: void putFragment(android.os.Bundle,java.lang.String,android.app.Fragment)>",
						"<android.app.FragmentManagerImpl: void throwException(java.lang.RuntimeException)>",
						"<android.app.FragmentManagerImpl: void dump(java.lang.String,java.io.FileDescriptor,java.io.PrintWriter,java.lang.String[])>",
						"<android.app.Fragment: void dump(java.lang.String,java.io.FileDescriptor,java.io.PrintWriter,java.lang.String[])>",
						"<android.app.LoaderManagerImpl: void dump(java.lang.String,java.io.FileDescriptor,java.io.PrintWriter,java.lang.String[])>",
						"<android.app.LoaderManagerImpl$LoaderInfo: java.lang.String toString()>",
						"key field: <android.app.LoaderManagerImpl$LoaderInfo: android.content.Loader mLoader>",
						"<android.app.LoaderManagerImpl$LoaderInfo: void start()>"
					],
					"depth":8,
					"method":"<android.app.FragmentController: android.os.Parcelable saveAllState()>",
					"source":"FIELDCALLER"
				},
				{
					"trace":[
						"<android.app.Fragment: void onCreate(android.os.Bundle)>",
						"<android.app.Fragment: void restoreChildFragmentState(android.os.Bundle,boolean)>",
						"<android.app.FragmentManagerImpl: void restoreAllState(android.os.Parcelable,android.app.FragmentManagerNonConfig)>",
						"<android.app.FragmentManagerImpl: void throwException(java.lang.RuntimeException)>",
						"<android.app.FragmentManagerImpl: void dump(java.lang.String,java.io.FileDescriptor,java.io.PrintWriter,java.lang.String[])>",
						"<android.app.Fragment: void dump(java.lang.String,java.io.FileDescriptor,java.io.PrintWriter,java.lang.String[])>",
						"<android.app.LoaderManagerImpl: void dump(java.lang.String,java.io.FileDescriptor,java.io.PrintWriter,java.lang.String[])>",
						"<android.app.LoaderManagerImpl$LoaderInfo: java.lang.String toString()>",
						"key field: <android.app.LoaderManagerImpl$LoaderInfo: android.content.Loader mLoader>",
						"<android.app.LoaderManagerImpl$LoaderInfo: void start()>"
					],
					"depth":8,
					"method":"<android.app.Fragment: void onCreate(android.os.Bundle)>",
					"source":"FIELDCALLER"
				},
				{
					"trace":[
						"<android.os.StatsDimensionsValue: java.lang.String toString()>",
						"<android.net.ConnectivityMetricsEvent: java.lang.String toString()>",
						"<android.hardware.usb.UsbDevice: java.lang.String toString()>",
						"<android.hardware.usb.UsbConfiguration: java.lang.String toString()>",
						"<android.hardware.usb.UsbInterface: java.lang.String toString()>",
						"<android.telephony.PhysicalChannelConfig: java.lang.String toString()>",
						"<android.animation.PropertyValuesHolder$PropertyValues: java.lang.String toString()>",
						"<android.app.LoaderManagerImpl$LoaderInfo: java.lang.String toString()>",
						"key field: <android.app.LoaderManagerImpl$LoaderInfo: android.content.Loader mLoader>",
						"<android.app.LoaderManagerImpl$LoaderInfo: void start()>"
					],
					"depth":8,
					"method":"<android.os.StatsDimensionsValue: java.lang.String toString()>",
					"source":"FIELDCALLER"
				},
				{
					"trace":[
						"<android.filterfw.core.KeyValueMap: java.lang.String toString()>",
						"<android.net.ConnectivityMetricsEvent: java.lang.String toString()>",
						"<android.hardware.usb.UsbDevice: java.lang.String toString()>",
						"<android.hardware.usb.UsbConfiguration: java.lang.String toString()>",
						"<android.hardware.usb.UsbInterface: java.lang.String toString()>",
						"<android.telephony.PhysicalChannelConfig: java.lang.String toString()>",
						"<android.animation.PropertyValuesHolder$PropertyValues: java.lang.String toString()>",
						"<android.app.LoaderManagerImpl$LoaderInfo: java.lang.String toString()>",
						"key field: <android.app.LoaderManagerImpl$LoaderInfo: android.content.Loader mLoader>",
						"<android.app.LoaderManagerImpl$LoaderInfo: void start()>"
					],
					"depth":8,
					"method":"<android.filterfw.core.KeyValueMap: java.lang.String toString()>",
					"source":"FIELDCALLER"
				},
				{
					"trace":[
						"<android.os.UEventObserver$UEvent: java.lang.String toString()>",
						"<android.filterfw.core.KeyValueMap: java.lang.String toString()>",
						"<android.hardware.usb.UsbDevice: java.lang.String toString()>",
						"<android.hardware.usb.UsbConfiguration: java.lang.String toString()>",
						"<android.hardware.usb.UsbInterface: java.lang.String toString()>",
						"<android.telephony.PhysicalChannelConfig: java.lang.String toString()>",
						"<android.animation.PropertyValuesHolder$PropertyValues: java.lang.String toString()>",
						"<android.app.LoaderManagerImpl$LoaderInfo: java.lang.String toString()>",
						"key field: <android.app.LoaderManagerImpl$LoaderInfo: android.content.Loader mLoader>",
						"<android.app.LoaderManagerImpl$LoaderInfo: void start()>"
					],
					"depth":8,
					"method":"<android.os.UEventObserver$UEvent: java.lang.String toString()>",
					"source":"FIELDCALLER"
				},
				{
					"trace":[
						"<android.media.MediaFormat: java.lang.String toString()>",
						"<android.filterfw.core.KeyValueMap: java.lang.String toString()>",
						"<android.hardware.usb.UsbDevice: java.lang.String toString()>",
						"<android.hardware.usb.UsbConfiguration: java.lang.String toString()>",
						"<android.hardware.usb.UsbInterface: java.lang.String toString()>",
						"<android.telephony.PhysicalChannelConfig: java.lang.String toString()>",
						"<android.animation.PropertyValuesHolder$PropertyValues: java.lang.String toString()>",
						"<android.app.LoaderManagerImpl$LoaderInfo: java.lang.String toString()>",
						"key field: <android.app.LoaderManagerImpl$LoaderInfo: android.content.Loader mLoader>",
						"<android.app.LoaderManagerImpl$LoaderInfo: void start()>"
					],
					"depth":8,
					"method":"<android.media.MediaFormat: java.lang.String toString()>",
					"source":"FIELDCALLER"
				},
				{
					"trace":[
						"<android.hardware.soundtrigger.KeyphraseEnrollmentInfo: java.lang.String toString()>",
						"<android.filterfw.core.KeyValueMap: java.lang.String toString()>",
						"<android.hardware.usb.UsbDevice: java.lang.String toString()>",
						"<android.hardware.usb.UsbConfiguration: java.lang.String toString()>",
						"<android.hardware.usb.UsbInterface: java.lang.String toString()>",
						"<android.telephony.PhysicalChannelConfig: java.lang.String toString()>",
						"<android.animation.PropertyValuesHolder$PropertyValues: java.lang.String toString()>",
						"<android.app.LoaderManagerImpl$LoaderInfo: java.lang.String toString()>",
						"key field: <android.app.LoaderManagerImpl$LoaderInfo: android.content.Loader mLoader>",
						"<android.app.LoaderManagerImpl$LoaderInfo: void start()>"
					],
					"depth":8,
					"method":"<android.hardware.soundtrigger.KeyphraseEnrollmentInfo: java.lang.String toString()>",
					"source":"FIELDCALLER"
				},
				{
					"trace":[
						"<com.android.framework.protobuf.MapFieldLite$MutatabilityAwareMap: java.lang.String toString()>",
						"<android.filterfw.core.KeyValueMap: java.lang.String toString()>",
						"<android.hardware.usb.UsbDevice: java.lang.String toString()>",
						"<android.hardware.usb.UsbConfiguration: java.lang.String toString()>",
						"<android.hardware.usb.UsbInterface: java.lang.String toString()>",
						"<android.telephony.PhysicalChannelConfig: java.lang.String toString()>",
						"<android.animation.PropertyValuesHolder$PropertyValues: java.lang.String toString()>",
						"<android.app.LoaderManagerImpl$LoaderInfo: java.lang.String toString()>",
						"key field: <android.app.LoaderManagerImpl$LoaderInfo: android.content.Loader mLoader>",
						"<android.app.LoaderManagerImpl$LoaderInfo: void start()>"
					],
					"depth":8,
					"method":"<com.android.framework.protobuf.MapFieldLite$MutatabilityAwareMap: java.lang.String toString()>",
					"source":"FIELDCALLER"
				}
			],
			"callerOfSingnlar2SourceVar":{}
		}
	]
}