{
	"exceptions":[
		{
			"method":"<android.animation.AnimatorSet$1: void onAnimationEnd(android.animation.Animator)>",
			"message":"\\QError: animation ended is not in the node map\\E",
			"relatedVarType":"ParaAndField",
			"relatedCondType":"Basic",
			"modifier":"public",
			"type":"android.util.AndroidRuntimeException",
			"osVersionRelated":false,
			"resourceRelated":false,
			"assessRelated":false,
			"hardwareRelated":false,
			"manifestRelated":false,
			"conditions":"$r4 != null",
			"paramValues":"@parameter0: android.animation.Animator",
			"fieldValues":"<android.animation.AnimatorSet$1: android.animation.AnimatorSet this$0>",
			"relatedValues":"@parameter0: android.animation.Animator; <android.animation.AnimatorSet$1: android.animation.AnimatorSet this$0>; ",
			"keyAPISameClassNum":1,
			"keyAPIDiffClassNum":74,
			"keyAPISameClass":[
				{
					"trace":[
						"<android.animation.AnimatorSet$1: void onAnimationEnd(android.animation.Animator)>"
					],
					"depth":1,
					"method":"<android.animation.AnimatorSet$1: void onAnimationEnd(android.animation.Animator)>",
					"source":"FIELD"
				}
			],
			"keyAPIDiffClass":[
				{
					"trace":[
						"<android.animation.AnimatorSet: void <init>()>",
						"<android.animation.AnimatorSet$1: void <init>(android.animation.AnimatorSet)>",
						"key field: <android.animation.AnimatorSet$1: android.animation.AnimatorSet this$0>",
						"<android.animation.AnimatorSet$1: void onAnimationEnd(android.animation.Animator)>"
					],
					"depth":2,
					"method":"<android.animation.AnimatorSet: void <init>()>",
					"source":"FIELDCALLER"
				},
				{
					"trace":[
						"<android.animation.Animator$AnimatorListener: void onAnimationEnd(android.animation.Animator,boolean)>",
						"<android.animation.AnimatorSet$1: void onAnimationEnd(android.animation.Animator)>",
						"key field: <android.animation.AnimatorSet$1: android.animation.AnimatorSet this$0>",
						"<android.animation.AnimatorSet$1: void onAnimationEnd(android.animation.Animator)>"
					],
					"depth":2,
					"method":"<android.animation.Animator$AnimatorListener: void onAnimationEnd(android.animation.Animator,boolean)>",
					"source":"FIELDCALLER"
				},
				{
					"trace":[
						"<android.animation.ValueAnimator: void end()>",
						"<android.animation.ValueAnimator: void endAnimation()>",
						"<android.animation.Animator$AnimatorListener: void onAnimationEnd(android.animation.Animator,boolean)>",
						"<android.animation.AnimatorSet$1: void onAnimationEnd(android.animation.Animator)>",
						"key field: <android.animation.AnimatorSet$1: android.animation.AnimatorSet this$0>",
						"<android.animation.AnimatorSet$1: void onAnimationEnd(android.animation.Animator)>"
					],
					"depth":4,
					"method":"<android.animation.ValueAnimator: void end()>",
					"source":"FIELDCALLER"
				},
				{
					"trace":[
						"<android.animation.ValueAnimator: boolean doAnimationFrame(long)>",
						"<android.animation.ValueAnimator: void endAnimation()>",
						"<android.animation.Animator$AnimatorListener: void onAnimationEnd(android.animation.Animator,boolean)>",
						"<android.animation.AnimatorSet$1: void onAnimationEnd(android.animation.Animator)>",
						"key field: <android.animation.AnimatorSet$1: android.animation.AnimatorSet this$0>",
						"<android.animation.AnimatorSet$1: void onAnimationEnd(android.animation.Animator)>"
					],
					"depth":4,
					"method":"<android.animation.ValueAnimator: boolean doAnimationFrame(long)>",
					"source":"FIELDCALLER"
				},
				{
					"trace":[
						"<android.animation.ValueAnimator: void cancel()>",
						"<android.animation.ValueAnimator: void endAnimation()>",
						"<android.animation.Animator$AnimatorListener: void onAnimationEnd(android.animation.Animator,boolean)>",
						"<android.animation.AnimatorSet$1: void onAnimationEnd(android.animation.Animator)>",
						"key field: <android.animation.AnimatorSet$1: android.animation.AnimatorSet this$0>",
						"<android.animation.AnimatorSet$1: void onAnimationEnd(android.animation.Animator)>"
					],
					"depth":4,
					"method":"<android.animation.ValueAnimator: void cancel()>",
					"source":"FIELDCALLER"
				},
				{
					"trace":[
						"<android.animation.AnimatorInflater: android.animation.Animator loadAnimator(android.content.res.Resources,android.content.res.Resources$Theme,int,float)>",
						"<android.animation.AnimatorInflater: android.animation.Animator createAnimatorFromXml(android.content.res.Resources,android.content.res.Resources$Theme,org.xmlpull.v1.XmlPullParser,float)>",
						"<android.animation.AnimatorInflater: android.animation.Animator createAnimatorFromXml(android.content.res.Resources,android.content.res.Resources$Theme,org.xmlpull.v1.XmlPullParser,android.util.AttributeSet,android.animation.AnimatorSet,int,float)>",
						"<android.animation.AnimatorSet: void <init>()>",
						"<android.animation.AnimatorSet$1: void <init>(android.animation.AnimatorSet)>",
						"key field: <android.animation.AnimatorSet$1: android.animation.AnimatorSet this$0>",
						"<android.animation.AnimatorSet$1: void onAnimationEnd(android.animation.Animator)>"
					],
					"depth":5,
					"method":"<android.animation.AnimatorInflater: android.animation.Animator loadAnimator(android.content.res.Resources,android.content.res.Resources$Theme,int,float)>",
					"source":"FIELDCALLER"
				},
				{
					"trace":[
						"<android.animation.LayoutTransition: void cancel()>",
						"<android.animation.ValueAnimator: void end()>",
						"<android.animation.ValueAnimator: void endAnimation()>",
						"<android.animation.Animator$AnimatorListener: void onAnimationEnd(android.animation.Animator,boolean)>",
						"<android.animation.AnimatorSet$1: void onAnimationEnd(android.animation.Animator)>",
						"key field: <android.animation.AnimatorSet$1: android.animation.AnimatorSet this$0>",
						"<android.animation.AnimatorSet$1: void onAnimationEnd(android.animation.Animator)>"
					],
					"depth":5,
					"method":"<android.animation.LayoutTransition: void cancel()>",
					"source":"FIELDCALLER"
				},
				{
					"trace":[
						"<android.animation.StateListAnimator: void jumpToCurrentState()>",
						"<android.animation.ValueAnimator: void end()>",
						"<android.animation.ValueAnimator: void endAnimation()>",
						"<android.animation.Animator$AnimatorListener: void onAnimationEnd(android.animation.Animator,boolean)>",
						"<android.animation.AnimatorSet$1: void onAnimationEnd(android.animation.Animator)>",
						"key field: <android.animation.AnimatorSet$1: android.animation.AnimatorSet this$0>",
						"<android.animation.AnimatorSet$1: void onAnimationEnd(android.animation.Animator)>"
					],
					"depth":5,
					"method":"<android.animation.StateListAnimator: void jumpToCurrentState()>",
					"source":"FIELDCALLER"
				},
				{
					"trace":[
						"<android.animation.LayoutTransition: void cancel(int)>",
						"<android.animation.ValueAnimator: void end()>",
						"<android.animation.ValueAnimator: void endAnimation()>",
						"<android.animation.Animator$AnimatorListener: void onAnimationEnd(android.animation.Animator,boolean)>",
						"<android.animation.AnimatorSet$1: void onAnimationEnd(android.animation.Animator)>",
						"key field: <android.animation.AnimatorSet$1: android.animation.AnimatorSet this$0>",
						"<android.animation.AnimatorSet$1: void onAnimationEnd(android.animation.Animator)>"
					],
					"depth":5,
					"method":"<android.animation.LayoutTransition: void cancel(int)>",
					"source":"FIELDCALLER"
				},
				{
					"trace":[
						"<android.graphics.drawable.RippleForeground: void end()>",
						"<android.animation.ValueAnimator: void end()>",
						"<android.animation.ValueAnimator: void endAnimation()>",
						"<android.animation.Animator$AnimatorListener: void onAnimationEnd(android.animation.Animator,boolean)>",
						"<android.animation.AnimatorSet$1: void onAnimationEnd(android.animation.Animator)>",
						"key field: <android.animation.AnimatorSet$1: android.animation.AnimatorSet this$0>",
						"<android.animation.AnimatorSet$1: void onAnimationEnd(android.animation.Animator)>"
					],
					"depth":5,
					"method":"<android.graphics.drawable.RippleForeground: void end()>",
					"source":"FIELDCALLER"
				},
				{
					"trace":[
						"<android.animation.LayoutTransition: void endChangingAnimations()>",
						"<android.animation.ValueAnimator: void end()>",
						"<android.animation.ValueAnimator: void endAnimation()>",
						"<android.animation.Animator$AnimatorListener: void onAnimationEnd(android.animation.Animator,boolean)>",
						"<android.animation.AnimatorSet$1: void onAnimationEnd(android.animation.Animator)>",
						"key field: <android.animation.AnimatorSet$1: android.animation.AnimatorSet this$0>",
						"<android.animation.AnimatorSet$1: void onAnimationEnd(android.animation.Animator)>"
					],
					"depth":5,
					"method":"<android.animation.LayoutTransition: void endChangingAnimations()>",
					"source":"FIELDCALLER"
				},
				{
					"trace":[
						"<android.animation.ValueAnimator: void reverse()>",
						"<android.animation.ValueAnimator: void end()>",
						"<android.animation.ValueAnimator: void endAnimation()>",
						"<android.animation.Animator$AnimatorListener: void onAnimationEnd(android.animation.Animator,boolean)>",
						"<android.animation.AnimatorSet$1: void onAnimationEnd(android.animation.Animator)>",
						"key field: <android.animation.AnimatorSet$1: android.animation.AnimatorSet this$0>",
						"<android.animation.AnimatorSet$1: void onAnimationEnd(android.animation.Animator)>"
					],
					"depth":5,
					"method":"<android.animation.ValueAnimator: void reverse()>",
					"source":"FIELDCALLER"
				},
				{
					"trace":[
						"<com.android.internal.widget.helper.ItemTouchHelper$RecoverAnimation: void cancel()>",
						"<android.animation.ValueAnimator: void cancel()>",
						"<android.animation.ValueAnimator: void endAnimation()>",
						"<android.animation.Animator$AnimatorListener: void onAnimationEnd(android.animation.Animator,boolean)>",
						"<android.animation.AnimatorSet$1: void onAnimationEnd(android.animation.Animator)>",
						"key field: <android.animation.AnimatorSet$1: android.animation.AnimatorSet this$0>",
						"<android.animation.AnimatorSet$1: void onAnimationEnd(android.animation.Animator)>"
					],
					"depth":5,
					"method":"<com.android.internal.widget.helper.ItemTouchHelper$RecoverAnimation: void cancel()>",
					"source":"FIELDCALLER"
				},
				{
					"trace":[
						"<android.animation.AnimatorSet: void cancel()>",
						"<android.animation.ValueAnimator: void cancel()>",
						"<android.animation.ValueAnimator: void endAnimation()>",
						"<android.animation.Animator$AnimatorListener: void onAnimationEnd(android.animation.Animator,boolean)>",
						"<android.animation.AnimatorSet$1: void onAnimationEnd(android.animation.Animator)>",
						"key field: <android.animation.AnimatorSet$1: android.animation.AnimatorSet this$0>",
						"<android.animation.AnimatorSet$1: void onAnimationEnd(android.animation.Animator)>"
					],
					"depth":5,
					"method":"<android.animation.AnimatorSet: void cancel()>",
					"source":"FIELDCALLER"
				},
				{
					"trace":[
						"<android.animation.ObjectAnimator: void setTarget(java.lang.Object)>",
						"<android.animation.ValueAnimator: void cancel()>",
						"<android.animation.ValueAnimator: void endAnimation()>",
						"<android.animation.Animator$AnimatorListener: void onAnimationEnd(android.animation.Animator,boolean)>",
						"<android.animation.AnimatorSet$1: void onAnimationEnd(android.animation.Animator)>",
						"key field: <android.animation.AnimatorSet$1: android.animation.AnimatorSet this$0>",
						"<android.animation.AnimatorSet$1: void onAnimationEnd(android.animation.Animator)>"
					],
					"depth":5,
					"method":"<android.animation.ObjectAnimator: void setTarget(java.lang.Object)>",
					"source":"FIELDCALLER"
				},
				{
					"trace":[
						"<android.animation.AnimatorInflater: android.animation.Animator loadAnimator(android.content.res.Resources,android.content.res.Resources$Theme,int)>",
						"<android.animation.AnimatorInflater: android.animation.Animator loadAnimator(android.content.res.Resources,android.content.res.Resources$Theme,int,float)>",
						"<android.animation.AnimatorInflater: android.animation.Animator createAnimatorFromXml(android.content.res.Resources,android.content.res.Resources$Theme,org.xmlpull.v1.XmlPullParser,float)>",
						"<android.animation.AnimatorInflater: android.animation.Animator createAnimatorFromXml(android.content.res.Resources,android.content.res.Resources$Theme,org.xmlpull.v1.XmlPullParser,android.util.AttributeSet,android.animation.AnimatorSet,int,float)>",
						"<android.animation.AnimatorSet: void <init>()>",
						"<android.animation.AnimatorSet$1: void <init>(android.animation.AnimatorSet)>",
						"key field: <android.animation.AnimatorSet$1: android.animation.AnimatorSet this$0>",
						"<android.animation.AnimatorSet$1: void onAnimationEnd(android.animation.Animator)>"
					],
					"depth":6,
					"method":"<android.animation.AnimatorInflater: android.animation.Animator loadAnimator(android.content.res.Resources,android.content.res.Resources$Theme,int)>",
					"source":"FIELDCALLER"
				},
				{
					"trace":[
						"<android.animation.AnimatorInflater: android.animation.StateListAnimator loadStateListAnimator(android.content.Context,int)>",
						"<android.animation.AnimatorInflater: android.animation.StateListAnimator createStateListAnimatorFromXml(android.content.Context,org.xmlpull.v1.XmlPullParser,android.util.AttributeSet)>",
						"<android.animation.AnimatorInflater: android.animation.Animator createAnimatorFromXml(android.content.res.Resources,android.content.res.Resources$Theme,org.xmlpull.v1.XmlPullParser,float)>",
						"<android.animation.AnimatorInflater: android.animation.Animator createAnimatorFromXml(android.content.res.Resources,android.content.res.Resources$Theme,org.xmlpull.v1.XmlPullParser,android.util.AttributeSet,android.animation.AnimatorSet,int,float)>",
						"<android.animation.AnimatorSet: void <init>()>",
						"<android.animation.AnimatorSet$1: void <init>(android.animation.AnimatorSet)>",
						"key field: <android.animation.AnimatorSet$1: android.animation.AnimatorSet this$0>",
						"<android.animation.AnimatorSet$1: void onAnimationEnd(android.animation.Animator)>"
					],
					"depth":6,
					"method":"<android.animation.AnimatorInflater: android.animation.StateListAnimator loadStateListAnimator(android.content.Context,int)>",
					"source":"FIELDCALLER"
				},
				{
					"trace":[
						"<android.animation.AnimatorSet: void end()>",
						"<android.animation.ValueAnimator: void reverse()>",
						"<android.animation.ValueAnimator: void end()>",
						"<android.animation.ValueAnimator: void endAnimation()>",
						"<android.animation.Animator$AnimatorListener: void onAnimationEnd(android.animation.Animator,boolean)>",
						"<android.animation.AnimatorSet$1: void onAnimationEnd(android.animation.Animator)>",
						"key field: <android.animation.AnimatorSet$1: android.animation.AnimatorSet this$0>",
						"<android.animation.AnimatorSet$1: void onAnimationEnd(android.animation.Animator)>"
					],
					"depth":6,
					"method":"<android.animation.AnimatorSet: void end()>",
					"source":"FIELDCALLER"
				},
				{
					"trace":[
						"<android.graphics.drawable.AnimatedStateListDrawable$AnimationDrawableTransition: void reverse()>",
						"<android.animation.ValueAnimator: void reverse()>",
						"<android.animation.ValueAnimator: void end()>",
						"<android.animation.ValueAnimator: void endAnimation()>",
						"<android.animation.Animator$AnimatorListener: void onAnimationEnd(android.animation.Animator,boolean)>",
						"<android.animation.AnimatorSet$1: void onAnimationEnd(android.animation.Animator)>",
						"key field: <android.animation.AnimatorSet$1: android.animation.AnimatorSet this$0>",
						"<android.animation.AnimatorSet$1: void onAnimationEnd(android.animation.Animator)>"
					],
					"depth":6,
					"method":"<android.graphics.drawable.AnimatedStateListDrawable$AnimationDrawableTransition: void reverse()>",
					"source":"FIELDCALLER"
				},
				{
					"trace":[
						"<android.animation.ObjectAnimator: void start()>",
						"<android.animation.AnimationHandler: void autoCancelBasedOn(android.animation.ObjectAnimator)>",
						"<android.animation.ValueAnimator: void cancel()>",
						"<android.animation.ValueAnimator: void endAnimation()>",
						"<android.animation.Animator$AnimatorListener: void onAnimationEnd(android.animation.Animator,boolean)>",
						"<android.animation.AnimatorSet$1: void onAnimationEnd(android.animation.Animator)>",
						"key field: <android.animation.AnimatorSet$1: android.animation.AnimatorSet this$0>",
						"<android.animation.AnimatorSet$1: void onAnimationEnd(android.animation.Animator)>"
					],
					"depth":6,
					"method":"<android.animation.ObjectAnimator: void start()>",
					"source":"FIELDCALLER"
				},
				{
					"trace":[
						"<android.animation.LayoutTransition$2: void onLayoutChange(android.view.View,int,int,int,int,int,int,int,int)>",
						"<android.animation.AnimatorSet: void cancel()>",
						"<android.animation.ValueAnimator: void cancel()>",
						"<android.animation.ValueAnimator: void endAnimation()>",
						"<android.animation.Animator$AnimatorListener: void onAnimationEnd(android.animation.Animator,boolean)>",
						"<android.animation.AnimatorSet$1: void onAnimationEnd(android.animation.Animator)>",
						"key field: <android.animation.AnimatorSet$1: android.animation.AnimatorSet this$0>",
						"<android.animation.AnimatorSet$1: void onAnimationEnd(android.animation.Animator)>"
					],
					"depth":6,
					"method":"<android.animation.LayoutTransition$2: void onLayoutChange(android.view.View,int,int,int,int,int,int,int,int)>",
					"source":"FIELDCALLER"
				},
				{
					"trace":[
						"<android.view.View$OnLayoutChangeListener: void onLayoutChange(android.view.View,int,int,int,int,int,int,int,int)>",
						"<android.animation.AnimatorSet: void cancel()>",
						"<android.animation.ValueAnimator: void cancel()>",
						"<android.animation.ValueAnimator: void endAnimation()>",
						"<android.animation.Animator$AnimatorListener: void onAnimationEnd(android.animation.Animator,boolean)>",
						"<android.animation.AnimatorSet$1: void onAnimationEnd(android.animation.Animator)>",
						"key field: <android.animation.AnimatorSet$1: android.animation.AnimatorSet this$0>",
						"<android.animation.AnimatorSet$1: void onAnimationEnd(android.animation.Animator)>"
					],
					"depth":6,
					"method":"<android.view.View$OnLayoutChangeListener: void onLayoutChange(android.view.View,int,int,int,int,int,int,int,int)>",
					"source":"FIELDCALLER"
				},
				{
					"trace":[
						"<android.view.ViewPropertyAnimator: void cancel()>",
						"<android.animation.AnimatorSet: void cancel()>",
						"<android.animation.ValueAnimator: void cancel()>",
						"<android.animation.ValueAnimator: void endAnimation()>",
						"<android.animation.Animator$AnimatorListener: void onAnimationEnd(android.animation.Animator,boolean)>",
						"<android.animation.AnimatorSet$1: void onAnimationEnd(android.animation.Animator)>",
						"key field: <android.animation.AnimatorSet$1: android.animation.AnimatorSet this$0>",
						"<android.animation.AnimatorSet$1: void onAnimationEnd(android.animation.Animator)>"
					],
					"depth":6,
					"method":"<android.view.ViewPropertyAnimator: void cancel()>",
					"source":"FIELDCALLER"
				},
				{
					"trace":[
						"<android.animation.ValueAnimator: void setCurrentFraction(float)>",
						"<android.animation.ObjectAnimator: void animateValue(float)>",
						"<android.animation.ValueAnimator: void cancel()>",
						"<android.animation.ValueAnimator: void endAnimation()>",
						"<android.animation.Animator$AnimatorListener: void onAnimationEnd(android.animation.Animator,boolean)>",
						"<android.animation.AnimatorSet$1: void onAnimationEnd(android.animation.Animator)>",
						"key field: <android.animation.AnimatorSet$1: android.animation.AnimatorSet this$0>",
						"<android.animation.AnimatorSet$1: void onAnimationEnd(android.animation.Animator)>"
					],
					"depth":6,
					"method":"<android.animation.ValueAnimator: void setCurrentFraction(float)>",
					"source":"FIELDCALLER"
				},
				{
					"trace":[
						"<android.animation.AnimatorSet: void setTarget(java.lang.Object)>",
						"<android.animation.ObjectAnimator: void setTarget(java.lang.Object)>",
						"<android.animation.ValueAnimator: void cancel()>",
						"<android.animation.ValueAnimator: void endAnimation()>",
						"<android.animation.Animator$AnimatorListener: void onAnimationEnd(android.animation.Animator,boolean)>",
						"<android.animation.AnimatorSet$1: void onAnimationEnd(android.animation.Animator)>",
						"key field: <android.animation.AnimatorSet$1: android.animation.AnimatorSet this$0>",
						"<android.animation.AnimatorSet$1: void onAnimationEnd(android.animation.Animator)>"
					],
					"depth":6,
					"method":"<android.animation.AnimatorSet: void setTarget(java.lang.Object)>",
					"source":"FIELDCALLER"
				},
				{
					"trace":[
						"<android.animation.ObjectAnimator: android.animation.ObjectAnimator ofPropertyValuesHolder(java.lang.Object,android.animation.PropertyValuesHolder[])>",
						"<android.animation.ObjectAnimator: void setTarget(java.lang.Object)>",
						"<android.animation.ValueAnimator: void cancel()>",
						"<android.animation.ValueAnimator: void endAnimation()>",
						"<android.animation.Animator$AnimatorListener: void onAnimationEnd(android.animation.Animator,boolean)>",
						"<android.animation.AnimatorSet$1: void onAnimationEnd(android.animation.Animator)>",
						"key field: <android.animation.AnimatorSet$1: android.animation.AnimatorSet this$0>",
						"<android.animation.AnimatorSet$1: void onAnimationEnd(android.animation.Animator)>"
					],
					"depth":6,
					"method":"<android.animation.ObjectAnimator: android.animation.ObjectAnimator ofPropertyValuesHolder(java.lang.Object,android.animation.PropertyValuesHolder[])>",
					"source":"FIELDCALLER"
				},
				{
					"trace":[
						"<android.animation.AnimatorInflater: android.animation.Animator loadAnimator(android.content.Context,int)>",
						"<android.animation.AnimatorInflater: android.animation.Animator loadAnimator(android.content.res.Resources,android.content.res.Resources$Theme,int)>",
						"<android.animation.AnimatorInflater: android.animation.Animator loadAnimator(android.content.res.Resources,android.content.res.Resources$Theme,int,float)>",
						"<android.animation.AnimatorInflater: android.animation.Animator createAnimatorFromXml(android.content.res.Resources,android.content.res.Resources$Theme,org.xmlpull.v1.XmlPullParser,float)>",
						"<android.animation.AnimatorInflater: android.animation.Animator createAnimatorFromXml(android.content.res.Resources,android.content.res.Resources$Theme,org.xmlpull.v1.XmlPullParser,android.util.AttributeSet,android.animation.AnimatorSet,int,float)>",
						"<android.animation.AnimatorSet: void <init>()>",
						"<android.animation.AnimatorSet$1: void <init>(android.animation.AnimatorSet)>",
						"key field: <android.animation.AnimatorSet$1: android.animation.AnimatorSet this$0>",
						"<android.animation.AnimatorSet$1: void onAnimationEnd(android.animation.Animator)>"
					],
					"depth":7,
					"method":"<android.animation.AnimatorInflater: android.animation.Animator loadAnimator(android.content.Context,int)>",
					"source":"FIELDCALLER"
				},
				{
					"trace":[
						"<android.animation.LayoutTransition: void showChild(android.view.ViewGroup,android.view.View,int)>",
						"<android.animation.LayoutTransition: void addChild(android.view.ViewGroup,android.view.View,boolean)>",
						"<android.animation.LayoutTransition: void cancel(int)>",
						"<android.animation.ValueAnimator: void end()>",
						"<android.animation.ValueAnimator: void endAnimation()>",
						"<android.animation.Animator$AnimatorListener: void onAnimationEnd(android.animation.Animator,boolean)>",
						"<android.animation.AnimatorSet$1: void onAnimationEnd(android.animation.Animator)>",
						"key field: <android.animation.AnimatorSet$1: android.animation.AnimatorSet this$0>",
						"<android.animation.AnimatorSet$1: void onAnimationEnd(android.animation.Animator)>"
					],
					"depth":7,
					"method":"<android.animation.LayoutTransition: void showChild(android.view.ViewGroup,android.view.View,int)>",
					"source":"FIELDCALLER"
				},
				{
					"trace":[
						"<android.animation.LayoutTransition: void showChild(android.view.ViewGroup,android.view.View)>",
						"<android.animation.LayoutTransition: void addChild(android.view.ViewGroup,android.view.View,boolean)>",
						"<android.animation.LayoutTransition: void cancel(int)>",
						"<android.animation.ValueAnimator: void end()>",
						"<android.animation.ValueAnimator: void endAnimation()>",
						"<android.animation.Animator$AnimatorListener: void onAnimationEnd(android.animation.Animator,boolean)>",
						"<android.animation.AnimatorSet$1: void onAnimationEnd(android.animation.Animator)>",
						"key field: <android.animation.AnimatorSet$1: android.animation.AnimatorSet this$0>",
						"<android.animation.AnimatorSet$1: void onAnimationEnd(android.animation.Animator)>"
					],
					"depth":7,
					"method":"<android.animation.LayoutTransition: void showChild(android.view.ViewGroup,android.view.View)>",
					"source":"FIELDCALLER"
				},
				{
					"trace":[
						"<android.animation.LayoutTransition: void addChild(android.view.ViewGroup,android.view.View)>",
						"<android.animation.LayoutTransition: void addChild(android.view.ViewGroup,android.view.View,boolean)>",
						"<android.animation.LayoutTransition: void cancel(int)>",
						"<android.animation.ValueAnimator: void end()>",
						"<android.animation.ValueAnimator: void endAnimation()>",
						"<android.animation.Animator$AnimatorListener: void onAnimationEnd(android.animation.Animator,boolean)>",
						"<android.animation.AnimatorSet$1: void onAnimationEnd(android.animation.Animator)>",
						"key field: <android.animation.AnimatorSet$1: android.animation.AnimatorSet this$0>",
						"<android.animation.AnimatorSet$1: void onAnimationEnd(android.animation.Animator)>"
					],
					"depth":7,
					"method":"<android.animation.LayoutTransition: void addChild(android.view.ViewGroup,android.view.View)>",
					"source":"FIELDCALLER"
				},
				{
					"trace":[
						"<android.animation.LayoutTransition: void removeChild(android.view.ViewGroup,android.view.View)>",
						"<android.animation.LayoutTransition: void removeChild(android.view.ViewGroup,android.view.View,boolean)>",
						"<android.animation.LayoutTransition: void cancel(int)>",
						"<android.animation.ValueAnimator: void end()>",
						"<android.animation.ValueAnimator: void endAnimation()>",
						"<android.animation.Animator$AnimatorListener: void onAnimationEnd(android.animation.Animator,boolean)>",
						"<android.animation.AnimatorSet$1: void onAnimationEnd(android.animation.Animator)>",
						"key field: <android.animation.AnimatorSet$1: android.animation.AnimatorSet this$0>",
						"<android.animation.AnimatorSet$1: void onAnimationEnd(android.animation.Animator)>"
					],
					"depth":7,
					"method":"<android.animation.LayoutTransition: void removeChild(android.view.ViewGroup,android.view.View)>",
					"source":"FIELDCALLER"
				},
				{
					"trace":[
						"<android.animation.LayoutTransition: void hideChild(android.view.ViewGroup,android.view.View)>",
						"<android.animation.LayoutTransition: void removeChild(android.view.ViewGroup,android.view.View,boolean)>",
						"<android.animation.LayoutTransition: void cancel(int)>",
						"<android.animation.ValueAnimator: void end()>",
						"<android.animation.ValueAnimator: void endAnimation()>",
						"<android.animation.Animator$AnimatorListener: void onAnimationEnd(android.animation.Animator,boolean)>",
						"<android.animation.AnimatorSet$1: void onAnimationEnd(android.animation.Animator)>",
						"key field: <android.animation.AnimatorSet$1: android.animation.AnimatorSet this$0>",
						"<android.animation.AnimatorSet$1: void onAnimationEnd(android.animation.Animator)>"
					],
					"depth":7,
					"method":"<android.animation.LayoutTransition: void hideChild(android.view.ViewGroup,android.view.View)>",
					"source":"FIELDCALLER"
				},
				{
					"trace":[
						"<android.animation.LayoutTransition: void hideChild(android.view.ViewGroup,android.view.View,int)>",
						"<android.animation.LayoutTransition: void removeChild(android.view.ViewGroup,android.view.View,boolean)>",
						"<android.animation.LayoutTransition: void cancel(int)>",
						"<android.animation.ValueAnimator: void end()>",
						"<android.animation.ValueAnimator: void endAnimation()>",
						"<android.animation.Animator$AnimatorListener: void onAnimationEnd(android.animation.Animator,boolean)>",
						"<android.animation.AnimatorSet$1: void onAnimationEnd(android.animation.Animator)>",
						"key field: <android.animation.AnimatorSet$1: android.animation.AnimatorSet this$0>",
						"<android.animation.AnimatorSet$1: void onAnimationEnd(android.animation.Animator)>"
					],
					"depth":7,
					"method":"<android.animation.LayoutTransition: void hideChild(android.view.ViewGroup,android.view.View,int)>",
					"source":"FIELDCALLER"
				},
				{
					"trace":[
						"<android.graphics.drawable.AnimatedVectorDrawable$VectorDrawableAnimatorUI: void end()>",
						"<android.animation.AnimatorSet: void end()>",
						"<android.animation.ValueAnimator: void reverse()>",
						"<android.animation.ValueAnimator: void end()>",
						"<android.animation.ValueAnimator: void endAnimation()>",
						"<android.animation.Animator$AnimatorListener: void onAnimationEnd(android.animation.Animator,boolean)>",
						"<android.animation.AnimatorSet$1: void onAnimationEnd(android.animation.Animator)>",
						"key field: <android.animation.AnimatorSet$1: android.animation.AnimatorSet this$0>",
						"<android.animation.AnimatorSet$1: void onAnimationEnd(android.animation.Animator)>"
					],
					"depth":7,
					"method":"<android.graphics.drawable.AnimatedVectorDrawable$VectorDrawableAnimatorUI: void end()>",
					"source":"FIELDCALLER"
				},
				{
					"trace":[
						"<android.graphics.drawable.AnimatedVectorDrawable$VectorDrawableAnimator: void end()>",
						"<android.animation.AnimatorSet: void end()>",
						"<android.animation.ValueAnimator: void reverse()>",
						"<android.animation.ValueAnimator: void end()>",
						"<android.animation.ValueAnimator: void endAnimation()>",
						"<android.animation.Animator$AnimatorListener: void onAnimationEnd(android.animation.Animator,boolean)>",
						"<android.animation.AnimatorSet$1: void onAnimationEnd(android.animation.Animator)>",
						"key field: <android.animation.AnimatorSet$1: android.animation.AnimatorSet this$0>",
						"<android.animation.AnimatorSet$1: void onAnimationEnd(android.animation.Animator)>"
					],
					"depth":7,
					"method":"<android.graphics.drawable.AnimatedVectorDrawable$VectorDrawableAnimator: void end()>",
					"source":"FIELDCALLER"
				},
				{
					"trace":[
						"<android.animation.AnimationHandler$1: void doFrame(long)>",
						"<android.animation.AnimationHandler: void access$100(android.animation.AnimationHandler,long)>",
						"<android.animation.AnimationHandler: void doAnimationFrame(long)>",
						"<android.animation.ValueAnimator: boolean doAnimationFrame(long)>",
						"<android.animation.ValueAnimator: void endAnimation()>",
						"<android.animation.Animator$AnimatorListener: void onAnimationEnd(android.animation.Animator,boolean)>",
						"<android.animation.AnimatorSet$1: void onAnimationEnd(android.animation.Animator)>",
						"key field: <android.animation.AnimatorSet$1: android.animation.AnimatorSet this$0>",
						"<android.animation.AnimatorSet$1: void onAnimationEnd(android.animation.Animator)>"
					],
					"depth":7,
					"method":"<android.animation.AnimationHandler$1: void doFrame(long)>",
					"source":"FIELDCALLER"
				},
				{
					"trace":[
						"<android.view.Choreographer$FrameCallback: void doFrame(long)>",
						"<android.animation.AnimationHandler: void access$100(android.animation.AnimationHandler,long)>",
						"<android.animation.AnimationHandler: void doAnimationFrame(long)>",
						"<android.animation.ValueAnimator: boolean doAnimationFrame(long)>",
						"<android.animation.ValueAnimator: void endAnimation()>",
						"<android.animation.Animator$AnimatorListener: void onAnimationEnd(android.animation.Animator,boolean)>",
						"<android.animation.AnimatorSet$1: void onAnimationEnd(android.animation.Animator)>",
						"key field: <android.animation.AnimatorSet$1: android.animation.AnimatorSet this$0>",
						"<android.animation.AnimatorSet$1: void onAnimationEnd(android.animation.Animator)>"
					],
					"depth":7,
					"method":"<android.view.Choreographer$FrameCallback: void doFrame(long)>",
					"source":"FIELDCALLER"
				},
				{
					"trace":[
						"<com.android.internal.widget.helper.ItemTouchHelper$RecoverAnimation: void start()>",
						"<android.animation.ObjectAnimator: void start()>",
						"<android.animation.AnimationHandler: void autoCancelBasedOn(android.animation.ObjectAnimator)>",
						"<android.animation.ValueAnimator: void cancel()>",
						"<android.animation.ValueAnimator: void endAnimation()>",
						"<android.animation.Animator$AnimatorListener: void onAnimationEnd(android.animation.Animator,boolean)>",
						"<android.animation.AnimatorSet$1: void onAnimationEnd(android.animation.Animator)>",
						"key field: <android.animation.AnimatorSet$1: android.animation.AnimatorSet this$0>",
						"<android.animation.AnimatorSet$1: void onAnimationEnd(android.animation.Animator)>"
					],
					"depth":7,
					"method":"<com.android.internal.widget.helper.ItemTouchHelper$RecoverAnimation: void start()>",
					"source":"FIELDCALLER"
				},
				{
					"trace":[
						"<android.animation.LayoutTransition: void startChangingAnimations()>",
						"<android.animation.ObjectAnimator: void start()>",
						"<android.animation.AnimationHandler: void autoCancelBasedOn(android.animation.ObjectAnimator)>",
						"<android.animation.ValueAnimator: void cancel()>",
						"<android.animation.ValueAnimator: void endAnimation()>",
						"<android.animation.Animator$AnimatorListener: void onAnimationEnd(android.animation.Animator,boolean)>",
						"<android.animation.AnimatorSet$1: void onAnimationEnd(android.animation.Animator)>",
						"key field: <android.animation.AnimatorSet$1: android.animation.AnimatorSet this$0>",
						"<android.animation.AnimatorSet$1: void onAnimationEnd(android.animation.Animator)>"
					],
					"depth":7,
					"method":"<android.animation.LayoutTransition: void startChangingAnimations()>",
					"source":"FIELDCALLER"
				},
				{
					"trace":[
						"<android.graphics.drawable.AnimatedStateListDrawable$Transition: void start()>",
						"<android.animation.ObjectAnimator: void start()>",
						"<android.animation.AnimationHandler: void autoCancelBasedOn(android.animation.ObjectAnimator)>",
						"<android.animation.ValueAnimator: void cancel()>",
						"<android.animation.ValueAnimator: void endAnimation()>",
						"<android.animation.Animator$AnimatorListener: void onAnimationEnd(android.animation.Animator,boolean)>",
						"<android.animation.AnimatorSet$1: void onAnimationEnd(android.animation.Animator)>",
						"key field: <android.animation.AnimatorSet$1: android.animation.AnimatorSet this$0>",
						"<android.animation.AnimatorSet$1: void onAnimationEnd(android.animation.Animator)>"
					],
					"depth":7,
					"method":"<android.graphics.drawable.AnimatedStateListDrawable$Transition: void start()>",
					"source":"FIELDCALLER"
				},
				{
					"trace":[
						"<android.graphics.drawable.AnimatedStateListDrawable$AnimationDrawableTransition: void start()>",
						"<android.animation.ObjectAnimator: void start()>",
						"<android.animation.AnimationHandler: void autoCancelBasedOn(android.animation.ObjectAnimator)>",
						"<android.animation.ValueAnimator: void cancel()>",
						"<android.animation.ValueAnimator: void endAnimation()>",
						"<android.animation.Animator$AnimatorListener: void onAnimationEnd(android.animation.Animator,boolean)>",
						"<android.animation.AnimatorSet$1: void onAnimationEnd(android.animation.Animator)>",
						"key field: <android.animation.AnimatorSet$1: android.animation.AnimatorSet this$0>",
						"<android.animation.AnimatorSet$1: void onAnimationEnd(android.animation.Animator)>"
					],
					"depth":7,
					"method":"<android.graphics.drawable.AnimatedStateListDrawable$AnimationDrawableTransition: void start()>",
					"source":"FIELDCALLER"
				},
				{
					"trace":[
						"<android.animation.ValueAnimator: void setCurrentPlayTime(long)>",
						"<android.animation.ValueAnimator: void setCurrentFraction(float)>",
						"<android.animation.ObjectAnimator: void animateValue(float)>",
						"<android.animation.ValueAnimator: void cancel()>",
						"<android.animation.ValueAnimator: void endAnimation()>",
						"<android.animation.Animator$AnimatorListener: void onAnimationEnd(android.animation.Animator,boolean)>",
						"<android.animation.AnimatorSet$1: void onAnimationEnd(android.animation.Animator)>",
						"key field: <android.animation.AnimatorSet$1: android.animation.AnimatorSet this$0>",
						"<android.animation.AnimatorSet$1: void onAnimationEnd(android.animation.Animator)>"
					],
					"depth":7,
					"method":"<android.animation.ValueAnimator: void setCurrentPlayTime(long)>",
					"source":"FIELDCALLER"
				},
				{
					"trace":[
						"<android.animation.ObjectAnimator: android.animation.ObjectAnimator ofFloat(java.lang.Object,android.util.Property,float[])>",
						"<android.animation.ObjectAnimator: void <init>(java.lang.Object,android.util.Property)>",
						"<android.animation.ObjectAnimator: void setTarget(java.lang.Object)>",
						"<android.animation.ValueAnimator: void cancel()>",
						"<android.animation.ValueAnimator: void endAnimation()>",
						"<android.animation.Animator$AnimatorListener: void onAnimationEnd(android.animation.Animator,boolean)>",
						"<android.animation.AnimatorSet$1: void onAnimationEnd(android.animation.Animator)>",
						"key field: <android.animation.AnimatorSet$1: android.animation.AnimatorSet this$0>",
						"<android.animation.AnimatorSet$1: void onAnimationEnd(android.animation.Animator)>"
					],
					"depth":7,
					"method":"<android.animation.ObjectAnimator: android.animation.ObjectAnimator ofFloat(java.lang.Object,android.util.Property,float[])>",
					"source":"FIELDCALLER"
				},
				{
					"trace":[
						"<android.animation.ObjectAnimator: android.animation.ObjectAnimator ofObject(java.lang.Object,android.util.Property,android.animation.TypeEvaluator,java.lang.Object[])>",
						"<android.animation.ObjectAnimator: void <init>(java.lang.Object,android.util.Property)>",
						"<android.animation.ObjectAnimator: void setTarget(java.lang.Object)>",
						"<android.animation.ValueAnimator: void cancel()>",
						"<android.animation.ValueAnimator: void endAnimation()>",
						"<android.animation.Animator$AnimatorListener: void onAnimationEnd(android.animation.Animator,boolean)>",
						"<android.animation.AnimatorSet$1: void onAnimationEnd(android.animation.Animator)>",
						"key field: <android.animation.AnimatorSet$1: android.animation.AnimatorSet this$0>",
						"<android.animation.AnimatorSet$1: void onAnimationEnd(android.animation.Animator)>"
					],
					"depth":7,
					"method":"<android.animation.ObjectAnimator: android.animation.ObjectAnimator ofObject(java.lang.Object,android.util.Property,android.animation.TypeEvaluator,java.lang.Object[])>",
					"source":"FIELDCALLER"
				},
				{
					"trace":[
						"<android.animation.ObjectAnimator: android.animation.ObjectAnimator ofInt(java.lang.Object,android.util.Property,int[])>",
						"<android.animation.ObjectAnimator: void <init>(java.lang.Object,android.util.Property)>",
						"<android.animation.ObjectAnimator: void setTarget(java.lang.Object)>",
						"<android.animation.ValueAnimator: void cancel()>",
						"<android.animation.ValueAnimator: void endAnimation()>",
						"<android.animation.Animator$AnimatorListener: void onAnimationEnd(android.animation.Animator,boolean)>",
						"<android.animation.AnimatorSet$1: void onAnimationEnd(android.animation.Animator)>",
						"key field: <android.animation.AnimatorSet$1: android.animation.AnimatorSet this$0>",
						"<android.animation.AnimatorSet$1: void onAnimationEnd(android.animation.Animator)>"
					],
					"depth":7,
					"method":"<android.animation.ObjectAnimator: android.animation.ObjectAnimator ofInt(java.lang.Object,android.util.Property,int[])>",
					"source":"FIELDCALLER"
				},
				{
					"trace":[
						"<android.animation.StateListAnimator: void setTarget(android.view.View)>",
						"<android.animation.StateListAnimator: void clearTarget()>",
						"<android.animation.ObjectAnimator: void setTarget(java.lang.Object)>",
						"<android.animation.ValueAnimator: void cancel()>",
						"<android.animation.ValueAnimator: void endAnimation()>",
						"<android.animation.Animator$AnimatorListener: void onAnimationEnd(android.animation.Animator,boolean)>",
						"<android.animation.AnimatorSet$1: void onAnimationEnd(android.animation.Animator)>",
						"key field: <android.animation.AnimatorSet$1: android.animation.AnimatorSet this$0>",
						"<android.animation.AnimatorSet$1: void onAnimationEnd(android.animation.Animator)>"
					],
					"depth":7,
					"method":"<android.animation.StateListAnimator: void setTarget(android.view.View)>",
					"source":"FIELDCALLER"
				},
				{
					"trace":[
						"<android.animation.StateListAnimator$1: void onAnimationEnd(android.animation.Animator)>",
						"<android.animation.AnimatorSet: void setTarget(java.lang.Object)>",
						"<android.animation.ObjectAnimator: void setTarget(java.lang.Object)>",
						"<android.animation.ValueAnimator: void cancel()>",
						"<android.animation.ValueAnimator: void endAnimation()>",
						"<android.animation.Animator$AnimatorListener: void onAnimationEnd(android.animation.Animator,boolean)>",
						"<android.animation.AnimatorSet$1: void onAnimationEnd(android.animation.Animator)>",
						"key field: <android.animation.AnimatorSet$1: android.animation.AnimatorSet this$0>",
						"<android.animation.AnimatorSet$1: void onAnimationEnd(android.animation.Animator)>"
					],
					"depth":7,
					"method":"<android.animation.StateListAnimator$1: void onAnimationEnd(android.animation.Animator)>",
					"source":"FIELDCALLER"
				},
				{
					"trace":[
						"<android.animation.ObjectAnimator: android.animation.ObjectAnimator ofInt(java.lang.Object,java.lang.String,int[])>",
						"<android.animation.ObjectAnimator: void <init>(java.lang.Object,java.lang.String)>",
						"<android.animation.ObjectAnimator: void setTarget(java.lang.Object)>",
						"<android.animation.ValueAnimator: void cancel()>",
						"<android.animation.ValueAnimator: void endAnimation()>",
						"<android.animation.Animator$AnimatorListener: void onAnimationEnd(android.animation.Animator,boolean)>",
						"<android.animation.AnimatorSet$1: void onAnimationEnd(android.animation.Animator)>",
						"key field: <android.animation.AnimatorSet$1: android.animation.AnimatorSet this$0>",
						"<android.animation.AnimatorSet$1: void onAnimationEnd(android.animation.Animator)>"
					],
					"depth":7,
					"method":"<android.animation.ObjectAnimator: android.animation.ObjectAnimator ofInt(java.lang.Object,java.lang.String,int[])>",
					"source":"FIELDCALLER"
				},
				{
					"trace":[
						"<android.animation.ObjectAnimator: android.animation.ObjectAnimator ofObject(java.lang.Object,java.lang.String,android.animation.TypeEvaluator,java.lang.Object[])>",
						"<android.animation.ObjectAnimator: void <init>(java.lang.Object,java.lang.String)>",
						"<android.animation.ObjectAnimator: void setTarget(java.lang.Object)>",
						"<android.animation.ValueAnimator: void cancel()>",
						"<android.animation.ValueAnimator: void endAnimation()>",
						"<android.animation.Animator$AnimatorListener: void onAnimationEnd(android.animation.Animator,boolean)>",
						"<android.animation.AnimatorSet$1: void onAnimationEnd(android.animation.Animator)>",
						"key field: <android.animation.AnimatorSet$1: android.animation.AnimatorSet this$0>",
						"<android.animation.AnimatorSet$1: void onAnimationEnd(android.animation.Animator)>"
					],
					"depth":7,
					"method":"<android.animation.ObjectAnimator: android.animation.ObjectAnimator ofObject(java.lang.Object,java.lang.String,android.animation.TypeEvaluator,java.lang.Object[])>",
					"source":"FIELDCALLER"
				},
				{
					"trace":[
						"<android.animation.ObjectAnimator: android.animation.ObjectAnimator ofFloat(java.lang.Object,java.lang.String,float[])>",
						"<android.animation.ObjectAnimator: void <init>(java.lang.Object,java.lang.String)>",
						"<android.animation.ObjectAnimator: void setTarget(java.lang.Object)>",
						"<android.animation.ValueAnimator: void cancel()>",
						"<android.animation.ValueAnimator: void endAnimation()>",
						"<android.animation.Animator$AnimatorListener: void onAnimationEnd(android.animation.Animator,boolean)>",
						"<android.animation.AnimatorSet$1: void onAnimationEnd(android.animation.Animator)>",
						"key field: <android.animation.AnimatorSet$1: android.animation.AnimatorSet this$0>",
						"<android.animation.AnimatorSet$1: void onAnimationEnd(android.animation.Animator)>"
					],
					"depth":7,
					"method":"<android.animation.ObjectAnimator: android.animation.ObjectAnimator ofFloat(java.lang.Object,java.lang.String,float[])>",
					"source":"FIELDCALLER"
				},
				{
					"trace":[
						"<android.animation.ObjectAnimator: android.animation.ObjectAnimator ofObject(java.lang.Object,android.util.Property,android.animation.TypeConverter,android.animation.TypeEvaluator,java.lang.Object[])>",
						"<android.animation.ObjectAnimator: android.animation.ObjectAnimator ofPropertyValuesHolder(java.lang.Object,android.animation.PropertyValuesHolder[])>",
						"<android.animation.ObjectAnimator: void setTarget(java.lang.Object)>",
						"<android.animation.ValueAnimator: void cancel()>",
						"<android.animation.ValueAnimator: void endAnimation()>",
						"<android.animation.Animator$AnimatorListener: void onAnimationEnd(android.animation.Animator,boolean)>",
						"<android.animation.AnimatorSet$1: void onAnimationEnd(android.animation.Animator)>",
						"key field: <android.animation.AnimatorSet$1: android.animation.AnimatorSet this$0>",
						"<android.animation.AnimatorSet$1: void onAnimationEnd(android.animation.Animator)>"
					],
					"depth":7,
					"method":"<android.animation.ObjectAnimator: android.animation.ObjectAnimator ofObject(java.lang.Object,android.util.Property,android.animation.TypeConverter,android.animation.TypeEvaluator,java.lang.Object[])>",
					"source":"FIELDCALLER"
				},
				{
					"trace":[
						"<android.animation.ObjectAnimator: android.animation.ObjectAnimator ofObject(java.lang.Object,java.lang.String,android.animation.TypeConverter,android.graphics.Path)>",
						"<android.animation.ObjectAnimator: android.animation.ObjectAnimator ofPropertyValuesHolder(java.lang.Object,android.animation.PropertyValuesHolder[])>",
						"<android.animation.ObjectAnimator: void setTarget(java.lang.Object)>",
						"<android.animation.ValueAnimator: void cancel()>",
						"<android.animation.ValueAnimator: void endAnimation()>",
						"<android.animation.Animator$AnimatorListener: void onAnimationEnd(android.animation.Animator,boolean)>",
						"<android.animation.AnimatorSet$1: void onAnimationEnd(android.animation.Animator)>",
						"key field: <android.animation.AnimatorSet$1: android.animation.AnimatorSet this$0>",
						"<android.animation.AnimatorSet$1: void onAnimationEnd(android.animation.Animator)>"
					],
					"depth":7,
					"method":"<android.animation.ObjectAnimator: android.animation.ObjectAnimator ofObject(java.lang.Object,java.lang.String,android.animation.TypeConverter,android.graphics.Path)>",
					"source":"FIELDCALLER"
				},
				{
					"trace":[
						"<android.animation.ObjectAnimator: android.animation.ObjectAnimator ofMultiFloat(java.lang.Object,java.lang.String,android.animation.TypeConverter,android.animation.TypeEvaluator,java.lang.Object[])>",
						"<android.animation.ObjectAnimator: android.animation.ObjectAnimator ofPropertyValuesHolder(java.lang.Object,android.animation.PropertyValuesHolder[])>",
						"<android.animation.ObjectAnimator: void setTarget(java.lang.Object)>",
						"<android.animation.ValueAnimator: void cancel()>",
						"<android.animation.ValueAnimator: void endAnimation()>",
						"<android.animation.Animator$AnimatorListener: void onAnimationEnd(android.animation.Animator,boolean)>",
						"<android.animation.AnimatorSet$1: void onAnimationEnd(android.animation.Animator)>",
						"key field: <android.animation.AnimatorSet$1: android.animation.AnimatorSet this$0>",
						"<android.animation.AnimatorSet$1: void onAnimationEnd(android.animation.Animator)>"
					],
					"depth":7,
					"method":"<android.animation.ObjectAnimator: android.animation.ObjectAnimator ofMultiFloat(java.lang.Object,java.lang.String,android.animation.TypeConverter,android.animation.TypeEvaluator,java.lang.Object[])>",
					"source":"FIELDCALLER"
				},
				{
					"trace":[
						"<android.animation.ObjectAnimator: android.animation.ObjectAnimator ofMultiFloat(java.lang.Object,java.lang.String,android.graphics.Path)>",
						"<android.animation.ObjectAnimator: android.animation.ObjectAnimator ofPropertyValuesHolder(java.lang.Object,android.animation.PropertyValuesHolder[])>",
						"<android.animation.ObjectAnimator: void setTarget(java.lang.Object)>",
						"<android.animation.ValueAnimator: void cancel()>",
						"<android.animation.ValueAnimator: void endAnimation()>",
						"<android.animation.Animator$AnimatorListener: void onAnimationEnd(android.animation.Animator,boolean)>",
						"<android.animation.AnimatorSet$1: void onAnimationEnd(android.animation.Animator)>",
						"key field: <android.animation.AnimatorSet$1: android.animation.AnimatorSet this$0>",
						"<android.animation.AnimatorSet$1: void onAnimationEnd(android.animation.Animator)>"
					],
					"depth":7,
					"method":"<android.animation.ObjectAnimator: android.animation.ObjectAnimator ofMultiFloat(java.lang.Object,java.lang.String,android.graphics.Path)>",
					"source":"FIELDCALLER"
				},
				{
					"trace":[
						"<android.animation.ObjectAnimator: android.animation.ObjectAnimator ofMultiFloat(java.lang.Object,java.lang.String,float[][])>",
						"<android.animation.ObjectAnimator: android.animation.ObjectAnimator ofPropertyValuesHolder(java.lang.Object,android.animation.PropertyValuesHolder[])>",
						"<android.animation.ObjectAnimator: void setTarget(java.lang.Object)>",
						"<android.animation.ValueAnimator: void cancel()>",
						"<android.animation.ValueAnimator: void endAnimation()>",
						"<android.animation.Animator$AnimatorListener: void onAnimationEnd(android.animation.Animator,boolean)>",
						"<android.animation.AnimatorSet$1: void onAnimationEnd(android.animation.Animator)>",
						"key field: <android.animation.AnimatorSet$1: android.animation.AnimatorSet this$0>",
						"<android.animation.AnimatorSet$1: void onAnimationEnd(android.animation.Animator)>"
					],
					"depth":7,
					"method":"<android.animation.ObjectAnimator: android.animation.ObjectAnimator ofMultiFloat(java.lang.Object,java.lang.String,float[][])>",
					"source":"FIELDCALLER"
				},
				{
					"trace":[
						"<android.animation.ObjectAnimator: android.animation.ObjectAnimator ofFloat(java.lang.Object,java.lang.String,java.lang.String,android.graphics.Path)>",
						"<android.animation.ObjectAnimator: android.animation.ObjectAnimator ofPropertyValuesHolder(java.lang.Object,android.animation.PropertyValuesHolder[])>",
						"<android.animation.ObjectAnimator: void setTarget(java.lang.Object)>",
						"<android.animation.ValueAnimator: void cancel()>",
						"<android.animation.ValueAnimator: void endAnimation()>",
						"<android.animation.Animator$AnimatorListener: void onAnimationEnd(android.animation.Animator,boolean)>",
						"<android.animation.AnimatorSet$1: void onAnimationEnd(android.animation.Animator)>",
						"key field: <android.animation.AnimatorSet$1: android.animation.AnimatorSet this$0>",
						"<android.animation.AnimatorSet$1: void onAnimationEnd(android.animation.Animator)>"
					],
					"depth":7,
					"method":"<android.animation.ObjectAnimator: android.animation.ObjectAnimator ofFloat(java.lang.Object,java.lang.String,java.lang.String,android.graphics.Path)>",
					"source":"FIELDCALLER"
				},
				{
					"trace":[
						"<android.animation.ObjectAnimator: android.animation.ObjectAnimator ofMultiInt(java.lang.Object,java.lang.String,android.animation.TypeConverter,android.animation.TypeEvaluator,java.lang.Object[])>",
						"<android.animation.ObjectAnimator: android.animation.ObjectAnimator ofPropertyValuesHolder(java.lang.Object,android.animation.PropertyValuesHolder[])>",
						"<android.animation.ObjectAnimator: void setTarget(java.lang.Object)>",
						"<android.animation.ValueAnimator: void cancel()>",
						"<android.animation.ValueAnimator: void endAnimation()>",
						"<android.animation.Animator$AnimatorListener: void onAnimationEnd(android.animation.Animator,boolean)>",
						"<android.animation.AnimatorSet$1: void onAnimationEnd(android.animation.Animator)>",
						"key field: <android.animation.AnimatorSet$1: android.animation.AnimatorSet this$0>",
						"<android.animation.AnimatorSet$1: void onAnimationEnd(android.animation.Animator)>"
					],
					"depth":7,
					"method":"<android.animation.ObjectAnimator: android.animation.ObjectAnimator ofMultiInt(java.lang.Object,java.lang.String,android.animation.TypeConverter,android.animation.TypeEvaluator,java.lang.Object[])>",
					"source":"FIELDCALLER"
				},
				{
					"trace":[
						"<android.animation.ObjectAnimator: android.animation.ObjectAnimator ofMultiInt(java.lang.Object,java.lang.String,android.graphics.Path)>",
						"<android.animation.ObjectAnimator: android.animation.ObjectAnimator ofPropertyValuesHolder(java.lang.Object,android.animation.PropertyValuesHolder[])>",
						"<android.animation.ObjectAnimator: void setTarget(java.lang.Object)>",
						"<android.animation.ValueAnimator: void cancel()>",
						"<android.animation.ValueAnimator: void endAnimation()>",
						"<android.animation.Animator$AnimatorListener: void onAnimationEnd(android.animation.Animator,boolean)>",
						"<android.animation.AnimatorSet$1: void onAnimationEnd(android.animation.Animator)>",
						"key field: <android.animation.AnimatorSet$1: android.animation.AnimatorSet this$0>",
						"<android.animation.AnimatorSet$1: void onAnimationEnd(android.animation.Animator)>"
					],
					"depth":7,
					"method":"<android.animation.ObjectAnimator: android.animation.ObjectAnimator ofMultiInt(java.lang.Object,java.lang.String,android.graphics.Path)>",
					"source":"FIELDCALLER"
				},
				{
					"trace":[
						"<android.animation.ObjectAnimator: android.animation.ObjectAnimator ofMultiInt(java.lang.Object,java.lang.String,int[][])>",
						"<android.animation.ObjectAnimator: android.animation.ObjectAnimator ofPropertyValuesHolder(java.lang.Object,android.animation.PropertyValuesHolder[])>",
						"<android.animation.ObjectAnimator: void setTarget(java.lang.Object)>",
						"<android.animation.ValueAnimator: void cancel()>",
						"<android.animation.ValueAnimator: void endAnimation()>",
						"<android.animation.Animator$AnimatorListener: void onAnimationEnd(android.animation.Animator,boolean)>",
						"<android.animation.AnimatorSet$1: void onAnimationEnd(android.animation.Animator)>",
						"key field: <android.animation.AnimatorSet$1: android.animation.AnimatorSet this$0>",
						"<android.animation.AnimatorSet$1: void onAnimationEnd(android.animation.Animator)>"
					],
					"depth":7,
					"method":"<android.animation.ObjectAnimator: android.animation.ObjectAnimator ofMultiInt(java.lang.Object,java.lang.String,int[][])>",
					"source":"FIELDCALLER"
				},
				{
					"trace":[
						"<android.animation.ObjectAnimator: android.animation.ObjectAnimator ofInt(java.lang.Object,android.util.Property,android.util.Property,android.graphics.Path)>",
						"<android.animation.ObjectAnimator: android.animation.ObjectAnimator ofPropertyValuesHolder(java.lang.Object,android.animation.PropertyValuesHolder[])>",
						"<android.animation.ObjectAnimator: void setTarget(java.lang.Object)>",
						"<android.animation.ValueAnimator: void cancel()>",
						"<android.animation.ValueAnimator: void endAnimation()>",
						"<android.animation.Animator$AnimatorListener: void onAnimationEnd(android.animation.Animator,boolean)>",
						"<android.animation.AnimatorSet$1: void onAnimationEnd(android.animation.Animator)>",
						"key field: <android.animation.AnimatorSet$1: android.animation.AnimatorSet this$0>",
						"<android.animation.AnimatorSet$1: void onAnimationEnd(android.animation.Animator)>"
					],
					"depth":7,
					"method":"<android.animation.ObjectAnimator: android.animation.ObjectAnimator ofInt(java.lang.Object,android.util.Property,android.util.Property,android.graphics.Path)>",
					"source":"FIELDCALLER"
				},
				{
					"trace":[
						"<android.animation.ObjectAnimator: android.animation.ObjectAnimator ofInt(java.lang.Object,java.lang.String,java.lang.String,android.graphics.Path)>",
						"<android.animation.ObjectAnimator: android.animation.ObjectAnimator ofPropertyValuesHolder(java.lang.Object,android.animation.PropertyValuesHolder[])>",
						"<android.animation.ObjectAnimator: void setTarget(java.lang.Object)>",
						"<android.animation.ValueAnimator: void cancel()>",
						"<android.animation.ValueAnimator: void endAnimation()>",
						"<android.animation.Animator$AnimatorListener: void onAnimationEnd(android.animation.Animator,boolean)>",
						"<android.animation.AnimatorSet$1: void onAnimationEnd(android.animation.Animator)>",
						"key field: <android.animation.AnimatorSet$1: android.animation.AnimatorSet this$0>",
						"<android.animation.AnimatorSet$1: void onAnimationEnd(android.animation.Animator)>"
					],
					"depth":7,
					"method":"<android.animation.ObjectAnimator: android.animation.ObjectAnimator ofInt(java.lang.Object,java.lang.String,java.lang.String,android.graphics.Path)>",
					"source":"FIELDCALLER"
				},
				{
					"trace":[
						"<android.animation.ObjectAnimator: android.animation.ObjectAnimator ofFloat(java.lang.Object,android.util.Property,android.util.Property,android.graphics.Path)>",
						"<android.animation.ObjectAnimator: android.animation.ObjectAnimator ofPropertyValuesHolder(java.lang.Object,android.animation.PropertyValuesHolder[])>",
						"<android.animation.ObjectAnimator: void setTarget(java.lang.Object)>",
						"<android.animation.ValueAnimator: void cancel()>",
						"<android.animation.ValueAnimator: void endAnimation()>",
						"<android.animation.Animator$AnimatorListener: void onAnimationEnd(android.animation.Animator,boolean)>",
						"<android.animation.AnimatorSet$1: void onAnimationEnd(android.animation.Animator)>",
						"key field: <android.animation.AnimatorSet$1: android.animation.AnimatorSet this$0>",
						"<android.animation.AnimatorSet$1: void onAnimationEnd(android.animation.Animator)>"
					],
					"depth":7,
					"method":"<android.animation.ObjectAnimator: android.animation.ObjectAnimator ofFloat(java.lang.Object,android.util.Property,android.util.Property,android.graphics.Path)>",
					"source":"FIELDCALLER"
				},
				{
					"trace":[
						"<android.animation.ObjectAnimator: android.animation.ObjectAnimator ofObject(java.lang.Object,android.util.Property,android.animation.TypeConverter,android.graphics.Path)>",
						"<android.animation.ObjectAnimator: android.animation.ObjectAnimator ofPropertyValuesHolder(java.lang.Object,android.animation.PropertyValuesHolder[])>",
						"<android.animation.ObjectAnimator: void setTarget(java.lang.Object)>",
						"<android.animation.ValueAnimator: void cancel()>",
						"<android.animation.ValueAnimator: void endAnimation()>",
						"<android.animation.Animator$AnimatorListener: void onAnimationEnd(android.animation.Animator,boolean)>",
						"<android.animation.AnimatorSet$1: void onAnimationEnd(android.animation.Animator)>",
						"key field: <android.animation.AnimatorSet$1: android.animation.AnimatorSet this$0>",
						"<android.animation.AnimatorSet$1: void onAnimationEnd(android.animation.Animator)>"
					],
					"depth":7,
					"method":"<android.animation.ObjectAnimator: android.animation.ObjectAnimator ofObject(java.lang.Object,android.util.Property,android.animation.TypeConverter,android.graphics.Path)>",
					"source":"FIELDCALLER"
				},
				{
					"trace":[
						"<android.animation.AnimatorSet: boolean doAnimationFrame(long)>",
						"<android.animation.AnimatorSet: void forceToEnd()>",
						"<android.animation.AnimatorSet: void end()>",
						"<android.animation.ValueAnimator: void reverse()>",
						"<android.animation.ValueAnimator: void end()>",
						"<android.animation.ValueAnimator: void endAnimation()>",
						"<android.animation.Animator$AnimatorListener: void onAnimationEnd(android.animation.Animator,boolean)>",
						"<android.animation.AnimatorSet$1: void onAnimationEnd(android.animation.Animator)>",
						"key field: <android.animation.AnimatorSet$1: android.animation.AnimatorSet this$0>",
						"<android.animation.AnimatorSet$1: void onAnimationEnd(android.animation.Animator)>"
					],
					"depth":8,
					"method":"<android.animation.AnimatorSet: boolean doAnimationFrame(long)>",
					"source":"FIELDCALLER"
				},
				{
					"trace":[
						"<android.animation.AnimationHandler$AnimationFrameCallback: boolean doAnimationFrame(long)>",
						"<android.animation.AnimatorSet: void forceToEnd()>",
						"<android.animation.AnimatorSet: void end()>",
						"<android.animation.ValueAnimator: void reverse()>",
						"<android.animation.ValueAnimator: void end()>",
						"<android.animation.ValueAnimator: void endAnimation()>",
						"<android.animation.Animator$AnimatorListener: void onAnimationEnd(android.animation.Animator,boolean)>",
						"<android.animation.AnimatorSet$1: void onAnimationEnd(android.animation.Animator)>",
						"key field: <android.animation.AnimatorSet$1: android.animation.AnimatorSet this$0>",
						"<android.animation.AnimatorSet$1: void onAnimationEnd(android.animation.Animator)>"
					],
					"depth":8,
					"method":"<android.animation.AnimationHandler$AnimationFrameCallback: boolean doAnimationFrame(long)>",
					"source":"FIELDCALLER"
				},
				{
					"trace":[
						"<android.animation.AnimatorSet: void reverse()>",
						"<android.animation.AnimatorSet: void start(boolean,boolean)>",
						"<android.animation.AnimatorSet: void end()>",
						"<android.animation.ValueAnimator: void reverse()>",
						"<android.animation.ValueAnimator: void end()>",
						"<android.animation.ValueAnimator: void endAnimation()>",
						"<android.animation.Animator$AnimatorListener: void onAnimationEnd(android.animation.Animator,boolean)>",
						"<android.animation.AnimatorSet$1: void onAnimationEnd(android.animation.Animator)>",
						"key field: <android.animation.AnimatorSet$1: android.animation.AnimatorSet this$0>",
						"<android.animation.AnimatorSet$1: void onAnimationEnd(android.animation.Animator)>"
					],
					"depth":8,
					"method":"<android.animation.AnimatorSet: void reverse()>",
					"source":"FIELDCALLER"
				},
				{
					"trace":[
						"<android.animation.AnimatorSet: void start()>",
						"<android.animation.AnimatorSet: void start(boolean,boolean)>",
						"<android.animation.AnimatorSet: void end()>",
						"<android.animation.ValueAnimator: void reverse()>",
						"<android.animation.ValueAnimator: void end()>",
						"<android.animation.ValueAnimator: void endAnimation()>",
						"<android.animation.Animator$AnimatorListener: void onAnimationEnd(android.animation.Animator,boolean)>",
						"<android.animation.AnimatorSet$1: void onAnimationEnd(android.animation.Animator)>",
						"key field: <android.animation.AnimatorSet$1: android.animation.AnimatorSet this$0>",
						"<android.animation.AnimatorSet$1: void onAnimationEnd(android.animation.Animator)>"
					],
					"depth":8,
					"method":"<android.animation.AnimatorSet: void start()>",
					"source":"FIELDCALLER"
				},
				{
					"trace":[
						"<android.animation.StateListAnimator: void setState(int[])>",
						"<android.animation.StateListAnimator: void start(android.animation.StateListAnimator$Tuple)>",
						"<android.animation.ObjectAnimator: void start()>",
						"<android.animation.AnimationHandler: void autoCancelBasedOn(android.animation.ObjectAnimator)>",
						"<android.animation.ValueAnimator: void cancel()>",
						"<android.animation.ValueAnimator: void endAnimation()>",
						"<android.animation.Animator$AnimatorListener: void onAnimationEnd(android.animation.Animator,boolean)>",
						"<android.animation.AnimatorSet$1: void onAnimationEnd(android.animation.Animator)>",
						"key field: <android.animation.AnimatorSet$1: android.animation.AnimatorSet this$0>",
						"<android.animation.AnimatorSet$1: void onAnimationEnd(android.animation.Animator)>"
					],
					"depth":8,
					"method":"<android.animation.StateListAnimator: void setState(int[])>",
					"source":"FIELDCALLER"
				},
				{
					"trace":[
						"<android.animation.ValueAnimator: void start()>",
						"<android.animation.ValueAnimator: void start(boolean)>",
						"<android.animation.ValueAnimator: void setCurrentFraction(float)>",
						"<android.animation.ObjectAnimator: void animateValue(float)>",
						"<android.animation.ValueAnimator: void cancel()>",
						"<android.animation.ValueAnimator: void endAnimation()>",
						"<android.animation.Animator$AnimatorListener: void onAnimationEnd(android.animation.Animator,boolean)>",
						"<android.animation.AnimatorSet$1: void onAnimationEnd(android.animation.Animator)>",
						"key field: <android.animation.AnimatorSet$1: android.animation.AnimatorSet this$0>",
						"<android.animation.AnimatorSet$1: void onAnimationEnd(android.animation.Animator)>"
					],
					"depth":8,
					"method":"<android.animation.ValueAnimator: void start()>",
					"source":"FIELDCALLER"
				},
				{
					"trace":[
						"<android.animation.ObjectAnimator: android.animation.ObjectAnimator ofArgb(java.lang.Object,android.util.Property,int[])>",
						"<android.animation.ObjectAnimator: android.animation.ObjectAnimator ofInt(java.lang.Object,android.util.Property,int[])>",
						"<android.animation.ObjectAnimator: void <init>(java.lang.Object,android.util.Property)>",
						"<android.animation.ObjectAnimator: void setTarget(java.lang.Object)>",
						"<android.animation.ValueAnimator: void cancel()>",
						"<android.animation.ValueAnimator: void endAnimation()>",
						"<android.animation.Animator$AnimatorListener: void onAnimationEnd(android.animation.Animator,boolean)>",
						"<android.animation.AnimatorSet$1: void onAnimationEnd(android.animation.Animator)>",
						"key field: <android.animation.AnimatorSet$1: android.animation.AnimatorSet this$0>",
						"<android.animation.AnimatorSet$1: void onAnimationEnd(android.animation.Animator)>"
					],
					"depth":8,
					"method":"<android.animation.ObjectAnimator: android.animation.ObjectAnimator ofArgb(java.lang.Object,android.util.Property,int[])>",
					"source":"FIELDCALLER"
				},
				{
					"trace":[
						"<android.view.ViewPropertyAnimator$AnimatorEventListener: void onAnimationEnd(android.animation.Animator)>",
						"<android.animation.StateListAnimator$1: void onAnimationEnd(android.animation.Animator)>",
						"<android.animation.AnimatorSet: void setTarget(java.lang.Object)>",
						"<android.animation.ObjectAnimator: void setTarget(java.lang.Object)>",
						"<android.animation.ValueAnimator: void cancel()>",
						"<android.animation.ValueAnimator: void endAnimation()>",
						"<android.animation.Animator$AnimatorListener: void onAnimationEnd(android.animation.Animator,boolean)>",
						"<android.animation.AnimatorSet$1: void onAnimationEnd(android.animation.Animator)>",
						"key field: <android.animation.AnimatorSet$1: android.animation.AnimatorSet this$0>",
						"<android.animation.AnimatorSet$1: void onAnimationEnd(android.animation.Animator)>"
					],
					"depth":8,
					"method":"<android.view.ViewPropertyAnimator$AnimatorEventListener: void onAnimationEnd(android.animation.Animator)>",
					"source":"FIELDCALLER"
				},
				{
					"trace":[
						"<android.animation.Animator$AnimatorListener: void onAnimationEnd(android.animation.Animator)>",
						"<android.animation.StateListAnimator$1: void onAnimationEnd(android.animation.Animator)>",
						"<android.animation.AnimatorSet: void setTarget(java.lang.Object)>",
						"<android.animation.ObjectAnimator: void setTarget(java.lang.Object)>",
						"<android.animation.ValueAnimator: void cancel()>",
						"<android.animation.ValueAnimator: void endAnimation()>",
						"<android.animation.Animator$AnimatorListener: void onAnimationEnd(android.animation.Animator,boolean)>",
						"<android.animation.AnimatorSet$1: void onAnimationEnd(android.animation.Animator)>",
						"key field: <android.animation.AnimatorSet$1: android.animation.AnimatorSet this$0>",
						"<android.animation.AnimatorSet$1: void onAnimationEnd(android.animation.Animator)>"
					],
					"depth":8,
					"method":"<android.animation.Animator$AnimatorListener: void onAnimationEnd(android.animation.Animator)>",
					"source":"FIELDCALLER"
				},
				{
					"trace":[
						"<android.animation.ObjectAnimator: android.animation.ObjectAnimator ofArgb(java.lang.Object,java.lang.String,int[])>",
						"<android.animation.ObjectAnimator: android.animation.ObjectAnimator ofInt(java.lang.Object,java.lang.String,int[])>",
						"<android.animation.ObjectAnimator: void <init>(java.lang.Object,java.lang.String)>",
						"<android.animation.ObjectAnimator: void setTarget(java.lang.Object)>",
						"<android.animation.ValueAnimator: void cancel()>",
						"<android.animation.ValueAnimator: void endAnimation()>",
						"<android.animation.Animator$AnimatorListener: void onAnimationEnd(android.animation.Animator,boolean)>",
						"<android.animation.AnimatorSet$1: void onAnimationEnd(android.animation.Animator)>",
						"key field: <android.animation.AnimatorSet$1: android.animation.AnimatorSet this$0>",
						"<android.animation.AnimatorSet$1: void onAnimationEnd(android.animation.Animator)>"
					],
					"depth":8,
					"method":"<android.animation.ObjectAnimator: android.animation.ObjectAnimator ofArgb(java.lang.Object,java.lang.String,int[])>",
					"source":"FIELDCALLER"
				},
				{
					"trace":[
						"<android.animation.LayoutTransition: void <init>()>",
						"<android.animation.ObjectAnimator: android.animation.ObjectAnimator ofFloat(java.lang.Object,java.lang.String,float[])>",
						"<android.animation.ObjectAnimator: void <init>(java.lang.Object,java.lang.String)>",
						"<android.animation.ObjectAnimator: void setTarget(java.lang.Object)>",
						"<android.animation.ValueAnimator: void cancel()>",
						"<android.animation.ValueAnimator: void endAnimation()>",
						"<android.animation.Animator$AnimatorListener: void onAnimationEnd(android.animation.Animator,boolean)>",
						"<android.animation.AnimatorSet$1: void onAnimationEnd(android.animation.Animator)>",
						"key field: <android.animation.AnimatorSet$1: android.animation.AnimatorSet this$0>",
						"<android.animation.AnimatorSet$1: void onAnimationEnd(android.animation.Animator)>"
					],
					"depth":8,
					"method":"<android.animation.LayoutTransition: void <init>()>",
					"source":"FIELDCALLER"
				}
			],
			"callerOfSingnlar2SourceVar":{
				"<android.animation.AnimatorSet$1: void onAnimationEnd(android.animation.Animator)>":"0"
			}
		}
	]
}