{
	"exceptions":[
		{
			"method":"<android.content.MimeTypeFilter: boolean mimeTypeAgainstFilter(java.lang.String[],java.lang.String[])>",
			"message":"\\QIll-formatted MIME type filter. Must be type/subtype.\\E",
			"relatedVarType":"Parameter",
			"relatedCondType":"Basic",
			"modifier":"private",
			"type":"java.lang.IllegalArgumentException",
			"osVersionRelated":false,
			"resourceRelated":false,
			"assessRelated":false,
			"hardwareRelated":false,
			"manifestRelated":false,
			"conditions":"$i0 == 2",
			"paramValues":"@parameter1: java.lang.String[]",
			"relatedValues":"@parameter1: java.lang.String[]; ; ",
			"keyAPISameClassNum":0,
			"keyAPIDiffClassNum":0,
			"keyAPISameClass":[
				{
					"trace":[
						"<android.content.MimeTypeFilter: boolean mimeTypeAgainstFilter(java.lang.String[],java.lang.String[])>"
					],
					"depth":0,
					"method":"<android.content.MimeTypeFilter: boolean mimeTypeAgainstFilter(java.lang.String[],java.lang.String[])>",
					"source":"CALLER"
				},
				{
					"trace":[
						"<android.content.MimeTypeFilter: boolean matches(java.lang.String,java.lang.String)>",
						"<android.content.MimeTypeFilter: boolean mimeTypeAgainstFilter(java.lang.String[],java.lang.String[])>"
					],
					"depth":1,
					"method":"<android.content.MimeTypeFilter: boolean matches(java.lang.String,java.lang.String)>",
					"source":"CALLER"
				},
				{
					"trace":[
						"<android.content.MimeTypeFilter: java.lang.String[] matchesMany(java.lang.String[],java.lang.String)>",
						"<android.content.MimeTypeFilter: boolean mimeTypeAgainstFilter(java.lang.String[],java.lang.String[])>"
					],
					"depth":1,
					"method":"<android.content.MimeTypeFilter: java.lang.String[] matchesMany(java.lang.String[],java.lang.String)>",
					"source":"CALLER"
				},
				{
					"trace":[
						"<android.content.MimeTypeFilter: java.lang.String matches(java.lang.String[],java.lang.String)>",
						"<android.content.MimeTypeFilter: boolean mimeTypeAgainstFilter(java.lang.String[],java.lang.String[])>"
					],
					"depth":1,
					"method":"<android.content.MimeTypeFilter: java.lang.String matches(java.lang.String[],java.lang.String)>",
					"source":"CALLER"
				},
				{
					"trace":[
						"<android.content.MimeTypeFilter: java.lang.String matches(java.lang.String,java.lang.String[])>",
						"<android.content.MimeTypeFilter: boolean mimeTypeAgainstFilter(java.lang.String[],java.lang.String[])>"
					],
					"depth":1,
					"method":"<android.content.MimeTypeFilter: java.lang.String matches(java.lang.String,java.lang.String[])>",
					"source":"CALLER"
				}
			],
			"keyAPIDiffClass":[],
			"callerOfSingnlar2SourceVar":{
				"<android.content.MimeTypeFilter: boolean mimeTypeAgainstFilter(java.lang.String[],java.lang.String[])>":"1"
			}
		},
		{
			"method":"<android.content.MimeTypeFilter: boolean mimeTypeAgainstFilter(java.lang.String[],java.lang.String[])>",
			"message":"\\QIll-formatted MIME type filter. Type or subtype empty.\\E",
			"relatedVarType":"Parameter",
			"relatedCondType":"Basic",
			"modifier":"private",
			"type":"java.lang.IllegalArgumentException",
			"osVersionRelated":false,
			"resourceRelated":false,
			"assessRelated":false,
			"hardwareRelated":false,
			"manifestRelated":false,
			"conditions":"$z0 != 0, $i0 == 2, $z1 == 0",
			"paramValues":"@parameter1: java.lang.String[]",
			"relatedValues":"@parameter1: java.lang.String[]; ; ",
			"keyAPISameClassNum":0,
			"keyAPIDiffClassNum":0,
			"keyAPISameClass":[
				{
					"trace":[
						"<android.content.MimeTypeFilter: boolean mimeTypeAgainstFilter(java.lang.String[],java.lang.String[])>"
					],
					"depth":0,
					"method":"<android.content.MimeTypeFilter: boolean mimeTypeAgainstFilter(java.lang.String[],java.lang.String[])>",
					"source":"CALLER"
				},
				{
					"trace":[
						"<android.content.MimeTypeFilter: boolean matches(java.lang.String,java.lang.String)>",
						"<android.content.MimeTypeFilter: boolean mimeTypeAgainstFilter(java.lang.String[],java.lang.String[])>"
					],
					"depth":1,
					"method":"<android.content.MimeTypeFilter: boolean matches(java.lang.String,java.lang.String)>",
					"source":"CALLER"
				},
				{
					"trace":[
						"<android.content.MimeTypeFilter: java.lang.String[] matchesMany(java.lang.String[],java.lang.String)>",
						"<android.content.MimeTypeFilter: boolean mimeTypeAgainstFilter(java.lang.String[],java.lang.String[])>"
					],
					"depth":1,
					"method":"<android.content.MimeTypeFilter: java.lang.String[] matchesMany(java.lang.String[],java.lang.String)>",
					"source":"CALLER"
				},
				{
					"trace":[
						"<android.content.MimeTypeFilter: java.lang.String matches(java.lang.String[],java.lang.String)>",
						"<android.content.MimeTypeFilter: boolean mimeTypeAgainstFilter(java.lang.String[],java.lang.String[])>"
					],
					"depth":1,
					"method":"<android.content.MimeTypeFilter: java.lang.String matches(java.lang.String[],java.lang.String)>",
					"source":"CALLER"
				},
				{
					"trace":[
						"<android.content.MimeTypeFilter: java.lang.String matches(java.lang.String,java.lang.String[])>",
						"<android.content.MimeTypeFilter: boolean mimeTypeAgainstFilter(java.lang.String[],java.lang.String[])>"
					],
					"depth":1,
					"method":"<android.content.MimeTypeFilter: java.lang.String matches(java.lang.String,java.lang.String[])>",
					"source":"CALLER"
				}
			],
			"keyAPIDiffClass":[],
			"callerOfSingnlar2SourceVar":{
				"<android.content.MimeTypeFilter: boolean mimeTypeAgainstFilter(java.lang.String[],java.lang.String[])>":"1"
			}
		}
	]
}