{
	"exceptions":[
		{
			"method":"<android.app.ExpandableListActivity: void onContentChanged()>",
			"message":"\\QYour content must have a ExpandableListView whose id attribute is 'android.R.id.list'\\E",
			"relatedVarType":"Field",
			"relatedCondType":"Basic",
			"modifier":"public",
			"type":"java.lang.RuntimeException",
			"osVersionRelated":false,
			"resourceRelated":false,
			"assessRelated":false,
			"hardwareRelated":false,
			"manifestRelated":false,
			"conditions":"$r4 != null",
			"fieldValues":"<android.app.ExpandableListActivity: android.widget.ExpandableListView mList>",
			"relatedValues":"; <android.app.ExpandableListActivity: android.widget.ExpandableListView mList>; ",
			"keyAPISameClassNum":6,
			"keyAPIDiffClassNum":2,
			"keyAPISameClass":[
				{
					"trace":[
						"<android.app.ExpandableListActivity: void onContentChanged()>"
					],
					"depth":1,
					"method":"<android.app.ExpandableListActivity: void onContentChanged()>",
					"source":"FIELD"
				},
				{
					"trace":[
						"<android.app.ExpandableListActivity: void onContentChanged()>"
					],
					"depth":1,
					"method":"<android.app.ExpandableListActivity: void setListAdapter(android.widget.ExpandableListAdapter)>",
					"source":"FIELD"
				},
				{
					"trace":[
						"<android.app.ExpandableListActivity: void onContentChanged()>"
					],
					"depth":1,
					"method":"<android.app.ExpandableListActivity: long getSelectedId()>",
					"source":"FIELD"
				},
				{
					"trace":[
						"<android.app.ExpandableListActivity: void onContentChanged()>"
					],
					"depth":1,
					"method":"<android.app.ExpandableListActivity: long getSelectedPosition()>",
					"source":"FIELD"
				},
				{
					"trace":[
						"<android.app.ExpandableListActivity: void onContentChanged()>"
					],
					"depth":1,
					"method":"<android.app.ExpandableListActivity: boolean setSelectedChild(int,int,boolean)>",
					"source":"FIELD"
				},
				{
					"trace":[
						"<android.app.ExpandableListActivity: void onContentChanged()>"
					],
					"depth":1,
					"method":"<android.app.ExpandableListActivity: void setSelectedGroup(int)>",
					"source":"FIELD"
				}
			],
			"keyAPIDiffClass":[
				{
					"trace":[
						"<android.view.WindowCallbackWrapper: void onContentChanged()>",
						"<android.app.ExpandableListActivity: void onContentChanged()>",
						"key field: <android.app.ExpandableListActivity: android.widget.ExpandableListView mList>",
						"<android.app.ExpandableListActivity: void onContentChanged()>"
					],
					"depth":2,
					"method":"<android.view.WindowCallbackWrapper: void onContentChanged()>",
					"source":"FIELDCALLER"
				},
				{
					"trace":[
						"<android.view.Window$Callback: void onContentChanged()>",
						"<android.app.ExpandableListActivity: void onContentChanged()>",
						"key field: <android.app.ExpandableListActivity: android.widget.ExpandableListView mList>",
						"<android.app.ExpandableListActivity: void onContentChanged()>"
					],
					"depth":2,
					"method":"<android.view.Window$Callback: void onContentChanged()>",
					"source":"FIELDCALLER"
				}
			],
			"callerOfSingnlar2SourceVar":{}
		}
	]
}