{
	"exceptions":[
		{
			"method":"<android.app.Notification$MessagingStyle: void validate(android.content.Context)>",
			"message":"\\QUser must be valid and have a name.\\E",
			"relatedVarType":"ParaAndField",
			"relatedCondType":"Basic",
			"modifier":"public",
			"type":"java.lang.RuntimeException",
			"osVersionRelated":true,
			"resourceRelated":false,
			"assessRelated":false,
			"hardwareRelated":false,
			"manifestRelated":false,
			"conditions":"$r3 == null, $i0 < 28, $r6 != null",
			"paramValues":"@parameter0: android.content.Context",
			"fieldValues":"<android.app.Notification$MessagingStyle: android.app.Person mUser>",
			"relatedValues":"@parameter0: android.content.Context; <android.app.Notification$MessagingStyle: android.app.Person mUser>; ",
			"keyAPISameClassNum":8,
			"keyAPIDiffClassNum":19,
			"keyAPISameClass":[
				{
					"trace":[
						"<android.app.Notification$MessagingStyle: void validate(android.content.Context)>"
					],
					"depth":1,
					"method":"<android.app.Notification$MessagingStyle: void <init>(android.app.Person)>",
					"source":"FIELD"
				},
				{
					"trace":[
						"<android.app.Notification$MessagingStyle: void validate(android.content.Context)>"
					],
					"depth":1,
					"method":"<android.app.Notification$MessagingStyle: void validate(android.content.Context)>",
					"source":"FIELD"
				},
				{
					"trace":[
						"<android.app.Notification$MessagingStyle: void validate(android.content.Context)>"
					],
					"depth":1,
					"method":"<android.app.Notification$MessagingStyle: java.lang.CharSequence getUserDisplayName()>",
					"source":"FIELD"
				},
				{
					"trace":[
						"<android.app.Notification$MessagingStyle: void validate(android.content.Context)>"
					],
					"depth":1,
					"method":"<android.app.Notification$MessagingStyle: void addExtras(android.os.Bundle)>",
					"source":"FIELD"
				},
				{
					"trace":[
						"<android.app.Notification$MessagingStyle: void <init>(java.lang.CharSequence)>",
						"<android.app.Notification$MessagingStyle: void <init>(android.app.Person)>",
						"key field: <android.app.Notification$MessagingStyle: android.app.Person mUser>",
						"<android.app.Notification$MessagingStyle: void validate(android.content.Context)>"
					],
					"depth":2,
					"method":"<android.app.Notification$MessagingStyle: void <init>(java.lang.CharSequence)>",
					"source":"FIELDCALLER"
				},
				{
					"trace":[
						"<android.app.Notification$MessagingStyle: android.widget.RemoteViews makeBigContentView()>",
						"<android.app.Notification$MessagingStyle: android.widget.RemoteViews makeMessagingView(boolean,boolean)>",
						"<android.app.Notification$MessagingStyle: void addExtras(android.os.Bundle)>",
						"key field: <android.app.Notification$MessagingStyle: android.app.Person mUser>",
						"<android.app.Notification$MessagingStyle: void validate(android.content.Context)>"
					],
					"depth":3,
					"method":"<android.app.Notification$MessagingStyle: android.widget.RemoteViews makeBigContentView()>",
					"source":"FIELDCALLER"
				},
				{
					"trace":[
						"<android.app.Notification$MessagingStyle: android.widget.RemoteViews makeHeadsUpContentView(boolean)>",
						"<android.app.Notification$MessagingStyle: android.widget.RemoteViews makeMessagingView(boolean,boolean)>",
						"<android.app.Notification$MessagingStyle: void addExtras(android.os.Bundle)>",
						"key field: <android.app.Notification$MessagingStyle: android.app.Person mUser>",
						"<android.app.Notification$MessagingStyle: void validate(android.content.Context)>"
					],
					"depth":3,
					"method":"<android.app.Notification$MessagingStyle: android.widget.RemoteViews makeHeadsUpContentView(boolean)>",
					"source":"FIELDCALLER"
				},
				{
					"trace":[
						"<android.app.Notification$MessagingStyle: android.widget.RemoteViews makeContentView(boolean)>",
						"<android.app.Notification$MessagingStyle: android.widget.RemoteViews makeMessagingView(boolean,boolean)>",
						"<android.app.Notification$MessagingStyle: void addExtras(android.os.Bundle)>",
						"key field: <android.app.Notification$MessagingStyle: android.app.Person mUser>",
						"<android.app.Notification$MessagingStyle: void validate(android.content.Context)>"
					],
					"depth":3,
					"method":"<android.app.Notification$MessagingStyle: android.widget.RemoteViews makeContentView(boolean)>",
					"source":"FIELDCALLER"
				}
			],
			"keyAPIDiffClass":[
				{
					"trace":[
						"<android.app.Notification$Builder: void <init>(android.content.Context,android.app.Notification)>",
						"<android.app.Notification$MessagingStyle: void restoreFromExtras(android.os.Bundle)>",
						"key field: <android.app.Notification$MessagingStyle: android.app.Person mUser>",
						"<android.app.Notification$MessagingStyle: void validate(android.content.Context)>"
					],
					"depth":2,
					"method":"<android.app.Notification$Builder: void <init>(android.content.Context,android.app.Notification)>",
					"source":"FIELDCALLER"
				},
				{
					"trace":[
						"<android.app.Notification$Builder: android.app.Notification$Builder recoverBuilder(android.content.Context,android.app.Notification)>",
						"<android.app.Notification$Builder: void <init>(android.content.Context,android.app.Notification)>",
						"<android.app.Notification$MessagingStyle: void restoreFromExtras(android.os.Bundle)>",
						"key field: <android.app.Notification$MessagingStyle: android.app.Person mUser>",
						"<android.app.Notification$MessagingStyle: void validate(android.content.Context)>"
					],
					"depth":3,
					"method":"<android.app.Notification$Builder: android.app.Notification$Builder recoverBuilder(android.content.Context,android.app.Notification)>",
					"source":"FIELDCALLER"
				},
				{
					"trace":[
						"<android.app.Notification$Builder: void <init>(android.content.Context)>",
						"<android.app.Notification$Builder: void <init>(android.content.Context,android.app.Notification)>",
						"<android.app.Notification$MessagingStyle: void restoreFromExtras(android.os.Bundle)>",
						"key field: <android.app.Notification$MessagingStyle: android.app.Person mUser>",
						"<android.app.Notification$MessagingStyle: void validate(android.content.Context)>"
					],
					"depth":3,
					"method":"<android.app.Notification$Builder: void <init>(android.content.Context)>",
					"source":"FIELDCALLER"
				},
				{
					"trace":[
						"<android.app.Notification$Builder: void <init>(android.content.Context,java.lang.String)>",
						"<android.app.Notification$Builder: void <init>(android.content.Context,android.app.Notification)>",
						"<android.app.Notification$MessagingStyle: void restoreFromExtras(android.os.Bundle)>",
						"key field: <android.app.Notification$MessagingStyle: android.app.Person mUser>",
						"<android.app.Notification$MessagingStyle: void validate(android.content.Context)>"
					],
					"depth":3,
					"method":"<android.app.Notification$Builder: void <init>(android.content.Context,java.lang.String)>",
					"source":"FIELDCALLER"
				},
				{
					"trace":[
						"<android.app.Notification$Builder: android.widget.RemoteViews createBigContentView()>",
						"<android.app.Notification$MessagingStyle: android.widget.RemoteViews makeBigContentView()>",
						"<android.app.Notification$MessagingStyle: android.widget.RemoteViews makeMessagingView(boolean,boolean)>",
						"<android.app.Notification$MessagingStyle: void addExtras(android.os.Bundle)>",
						"key field: <android.app.Notification$MessagingStyle: android.app.Person mUser>",
						"<android.app.Notification$MessagingStyle: void validate(android.content.Context)>"
					],
					"depth":4,
					"method":"<android.app.Notification$Builder: android.widget.RemoteViews createBigContentView()>",
					"source":"FIELDCALLER"
				},
				{
					"trace":[
						"<android.app.Notification$Builder: android.widget.RemoteViews createHeadsUpContentView(boolean)>",
						"<android.app.Notification$MessagingStyle: android.widget.RemoteViews makeHeadsUpContentView(boolean)>",
						"<android.app.Notification$MessagingStyle: android.widget.RemoteViews makeMessagingView(boolean,boolean)>",
						"<android.app.Notification$MessagingStyle: void addExtras(android.os.Bundle)>",
						"key field: <android.app.Notification$MessagingStyle: android.app.Person mUser>",
						"<android.app.Notification$MessagingStyle: void validate(android.content.Context)>"
					],
					"depth":4,
					"method":"<android.app.Notification$Builder: android.widget.RemoteViews createHeadsUpContentView(boolean)>",
					"source":"FIELDCALLER"
				},
				{
					"trace":[
						"<android.app.Notification$Builder: android.widget.RemoteViews createContentView(boolean)>",
						"<android.app.Notification$MessagingStyle: android.widget.RemoteViews makeContentView(boolean)>",
						"<android.app.Notification$MessagingStyle: android.widget.RemoteViews makeMessagingView(boolean,boolean)>",
						"<android.app.Notification$MessagingStyle: void addExtras(android.os.Bundle)>",
						"key field: <android.app.Notification$MessagingStyle: android.app.Person mUser>",
						"<android.app.Notification$MessagingStyle: void validate(android.content.Context)>"
					],
					"depth":4,
					"method":"<android.app.Notification$Builder: android.widget.RemoteViews createContentView(boolean)>",
					"source":"FIELDCALLER"
				},
				{
					"trace":[
						"<android.app.Notification$Builder: android.app.Notification build()>",
						"<android.app.Notification$Builder: android.widget.RemoteViews createBigContentView()>",
						"<android.app.Notification$MessagingStyle: android.widget.RemoteViews makeBigContentView()>",
						"<android.app.Notification$MessagingStyle: android.widget.RemoteViews makeMessagingView(boolean,boolean)>",
						"<android.app.Notification$MessagingStyle: void addExtras(android.os.Bundle)>",
						"key field: <android.app.Notification$MessagingStyle: android.app.Person mUser>",
						"<android.app.Notification$MessagingStyle: void validate(android.content.Context)>"
					],
					"depth":5,
					"method":"<android.app.Notification$Builder: android.app.Notification build()>",
					"source":"FIELDCALLER"
				},
				{
					"trace":[
						"<android.app.Notification$Builder: android.widget.RemoteViews createHeadsUpContentView()>",
						"<android.app.Notification$Builder: android.widget.RemoteViews createHeadsUpContentView(boolean)>",
						"<android.app.Notification$MessagingStyle: android.widget.RemoteViews makeHeadsUpContentView(boolean)>",
						"<android.app.Notification$MessagingStyle: android.widget.RemoteViews makeMessagingView(boolean,boolean)>",
						"<android.app.Notification$MessagingStyle: void addExtras(android.os.Bundle)>",
						"key field: <android.app.Notification$MessagingStyle: android.app.Person mUser>",
						"<android.app.Notification$MessagingStyle: void validate(android.content.Context)>"
					],
					"depth":5,
					"method":"<android.app.Notification$Builder: android.widget.RemoteViews createHeadsUpContentView()>",
					"source":"FIELDCALLER"
				},
				{
					"trace":[
						"<android.app.Notification$Builder: android.widget.RemoteViews makeAmbientNotification()>",
						"<android.app.Notification$Builder: android.widget.RemoteViews createHeadsUpContentView(boolean)>",
						"<android.app.Notification$MessagingStyle: android.widget.RemoteViews makeHeadsUpContentView(boolean)>",
						"<android.app.Notification$MessagingStyle: android.widget.RemoteViews makeMessagingView(boolean,boolean)>",
						"<android.app.Notification$MessagingStyle: void addExtras(android.os.Bundle)>",
						"key field: <android.app.Notification$MessagingStyle: android.app.Person mUser>",
						"<android.app.Notification$MessagingStyle: void validate(android.content.Context)>"
					],
					"depth":5,
					"method":"<android.app.Notification$Builder: android.widget.RemoteViews makeAmbientNotification()>",
					"source":"FIELDCALLER"
				},
				{
					"trace":[
						"<android.app.Notification$Builder: android.widget.RemoteViews createContentView()>",
						"<android.app.Notification$Builder: android.widget.RemoteViews createContentView(boolean)>",
						"<android.app.Notification$MessagingStyle: android.widget.RemoteViews makeContentView(boolean)>",
						"<android.app.Notification$MessagingStyle: android.widget.RemoteViews makeMessagingView(boolean,boolean)>",
						"<android.app.Notification$MessagingStyle: void addExtras(android.os.Bundle)>",
						"key field: <android.app.Notification$MessagingStyle: android.app.Person mUser>",
						"<android.app.Notification$MessagingStyle: void validate(android.content.Context)>"
					],
					"depth":5,
					"method":"<android.app.Notification$Builder: android.widget.RemoteViews createContentView()>",
					"source":"FIELDCALLER"
				},
				{
					"trace":[
						"<android.app.Notification$Style: android.app.Notification build()>",
						"<android.app.Notification$Builder: android.app.Notification build()>",
						"<android.app.Notification$Builder: android.widget.RemoteViews createBigContentView()>",
						"<android.app.Notification$MessagingStyle: android.widget.RemoteViews makeBigContentView()>",
						"<android.app.Notification$MessagingStyle: android.widget.RemoteViews makeMessagingView(boolean,boolean)>",
						"<android.app.Notification$MessagingStyle: void addExtras(android.os.Bundle)>",
						"key field: <android.app.Notification$MessagingStyle: android.app.Person mUser>",
						"<android.app.Notification$MessagingStyle: void validate(android.content.Context)>"
					],
					"depth":6,
					"method":"<android.app.Notification$Style: android.app.Notification build()>",
					"source":"FIELDCALLER"
				},
				{
					"trace":[
						"<android.app.Notification: void setLatestEventInfo(android.content.Context,java.lang.CharSequence,java.lang.CharSequence,android.app.PendingIntent)>",
						"<android.app.Notification$Builder: android.app.Notification build()>",
						"<android.app.Notification$Builder: android.widget.RemoteViews createBigContentView()>",
						"<android.app.Notification$MessagingStyle: android.widget.RemoteViews makeBigContentView()>",
						"<android.app.Notification$MessagingStyle: android.widget.RemoteViews makeMessagingView(boolean,boolean)>",
						"<android.app.Notification$MessagingStyle: void addExtras(android.os.Bundle)>",
						"key field: <android.app.Notification$MessagingStyle: android.app.Person mUser>",
						"<android.app.Notification$MessagingStyle: void validate(android.content.Context)>"
					],
					"depth":6,
					"method":"<android.app.Notification: void setLatestEventInfo(android.content.Context,java.lang.CharSequence,java.lang.CharSequence,android.app.PendingIntent)>",
					"source":"FIELDCALLER"
				},
				{
					"trace":[
						"<android.app.RecoverableSecurityException: void showAsNotification(android.content.Context,java.lang.String)>",
						"<android.app.Notification$Builder: android.app.Notification build()>",
						"<android.app.Notification$Builder: android.widget.RemoteViews createBigContentView()>",
						"<android.app.Notification$MessagingStyle: android.widget.RemoteViews makeBigContentView()>",
						"<android.app.Notification$MessagingStyle: android.widget.RemoteViews makeMessagingView(boolean,boolean)>",
						"<android.app.Notification$MessagingStyle: void addExtras(android.os.Bundle)>",
						"key field: <android.app.Notification$MessagingStyle: android.app.Person mUser>",
						"<android.app.Notification$MessagingStyle: void validate(android.content.Context)>"
					],
					"depth":6,
					"method":"<android.app.RecoverableSecurityException: void showAsNotification(android.content.Context,java.lang.String)>",
					"source":"FIELDCALLER"
				},
				{
					"trace":[
						"<android.app.Notification$Builder: android.app.Notification buildInto(android.app.Notification)>",
						"<android.app.Notification$Builder: android.app.Notification build()>",
						"<android.app.Notification$Builder: android.widget.RemoteViews createBigContentView()>",
						"<android.app.Notification$MessagingStyle: android.widget.RemoteViews makeBigContentView()>",
						"<android.app.Notification$MessagingStyle: android.widget.RemoteViews makeMessagingView(boolean,boolean)>",
						"<android.app.Notification$MessagingStyle: void addExtras(android.os.Bundle)>",
						"key field: <android.app.Notification$MessagingStyle: android.app.Person mUser>",
						"<android.app.Notification$MessagingStyle: void validate(android.content.Context)>"
					],
					"depth":6,
					"method":"<android.app.Notification$Builder: android.app.Notification buildInto(android.app.Notification)>",
					"source":"FIELDCALLER"
				},
				{
					"trace":[
						"<android.app.Notification$Builder: android.app.Notification getNotification()>",
						"<android.app.Notification$Builder: android.app.Notification build()>",
						"<android.app.Notification$Builder: android.widget.RemoteViews createBigContentView()>",
						"<android.app.Notification$MessagingStyle: android.widget.RemoteViews makeBigContentView()>",
						"<android.app.Notification$MessagingStyle: android.widget.RemoteViews makeMessagingView(boolean,boolean)>",
						"<android.app.Notification$MessagingStyle: void addExtras(android.os.Bundle)>",
						"key field: <android.app.Notification$MessagingStyle: android.app.Person mUser>",
						"<android.app.Notification$MessagingStyle: void validate(android.content.Context)>"
					],
					"depth":6,
					"method":"<android.app.Notification$Builder: android.app.Notification getNotification()>",
					"source":"FIELDCALLER"
				},
				{
					"trace":[
						"<android.app.Notification: void <init>(android.content.Context,int,java.lang.CharSequence,long,java.lang.CharSequence,java.lang.CharSequence,android.content.Intent)>",
						"<android.app.Notification$Builder: android.app.Notification buildInto(android.app.Notification)>",
						"<android.app.Notification$Builder: android.app.Notification build()>",
						"<android.app.Notification$Builder: android.widget.RemoteViews createBigContentView()>",
						"<android.app.Notification$MessagingStyle: android.widget.RemoteViews makeBigContentView()>",
						"<android.app.Notification$MessagingStyle: android.widget.RemoteViews makeMessagingView(boolean,boolean)>",
						"<android.app.Notification$MessagingStyle: void addExtras(android.os.Bundle)>",
						"key field: <android.app.Notification$MessagingStyle: android.app.Person mUser>",
						"<android.app.Notification$MessagingStyle: void validate(android.content.Context)>"
					],
					"depth":7,
					"method":"<android.app.Notification: void <init>(android.content.Context,int,java.lang.CharSequence,long,java.lang.CharSequence,java.lang.CharSequence,android.content.Intent)>",
					"source":"FIELDCALLER"
				},
				{
					"trace":[
						"<android.app.Notification$Builder: android.widget.RemoteViews makePublicContentView()>",
						"<android.app.Notification$Builder: android.widget.RemoteViews makePublicView(boolean)>",
						"<android.app.Notification$Builder: android.widget.RemoteViews makeAmbientNotification()>",
						"<android.app.Notification$Builder: android.widget.RemoteViews createHeadsUpContentView(boolean)>",
						"<android.app.Notification$MessagingStyle: android.widget.RemoteViews makeHeadsUpContentView(boolean)>",
						"<android.app.Notification$MessagingStyle: android.widget.RemoteViews makeMessagingView(boolean,boolean)>",
						"<android.app.Notification$MessagingStyle: void addExtras(android.os.Bundle)>",
						"key field: <android.app.Notification$MessagingStyle: android.app.Person mUser>",
						"<android.app.Notification$MessagingStyle: void validate(android.content.Context)>"
					],
					"depth":7,
					"method":"<android.app.Notification$Builder: android.widget.RemoteViews makePublicContentView()>",
					"source":"FIELDCALLER"
				},
				{
					"trace":[
						"<android.app.Notification$Builder: android.widget.RemoteViews makePublicAmbientNotification()>",
						"<android.app.Notification$Builder: android.widget.RemoteViews makePublicView(boolean)>",
						"<android.app.Notification$Builder: android.widget.RemoteViews makeAmbientNotification()>",
						"<android.app.Notification$Builder: android.widget.RemoteViews createHeadsUpContentView(boolean)>",
						"<android.app.Notification$MessagingStyle: android.widget.RemoteViews makeHeadsUpContentView(boolean)>",
						"<android.app.Notification$MessagingStyle: android.widget.RemoteViews makeMessagingView(boolean,boolean)>",
						"<android.app.Notification$MessagingStyle: void addExtras(android.os.Bundle)>",
						"key field: <android.app.Notification$MessagingStyle: android.app.Person mUser>",
						"<android.app.Notification$MessagingStyle: void validate(android.content.Context)>"
					],
					"depth":7,
					"method":"<android.app.Notification$Builder: android.widget.RemoteViews makePublicAmbientNotification()>",
					"source":"FIELDCALLER"
				}
			],
			"callerOfSingnlar2SourceVar":{
				"<android.app.Notification$MessagingStyle: void validate(android.content.Context)>":"0"
			}
		}
	]
}