{
	"exceptions":[
		{
			"method":"<android.filterfw.core.FieldPort: void transfer(android.filterfw.core.FilterContext)>",
			"message":"\\QAccess to field '\\E[\\s\\S]*\\Q' was denied!\\E",
			"relatedVarType":"Field",
			"relatedCondType":"Basic",
			"modifier":"public",
			"type":"java.lang.RuntimeException",
			"osVersionRelated":false,
			"resourceRelated":false,
			"assessRelated":false,
			"hardwareRelated":false,
			"manifestRelated":false,
			"conditions":"$z0 == 0",
			"fieldValues":"<android.filterfw.core.FieldPort: boolean mValueWaiting>",
			"caughtValues":"@caughtexception",
			"relatedValues":"; <android.filterfw.core.FieldPort: boolean mValueWaiting>; @caughtexception",
			"keyAPISameClassNum":6,
			"keyAPIDiffClassNum":18,
			"keyAPISameClass":[
				{
					"trace":[
						"<android.filterfw.core.FieldPort: void transfer(android.filterfw.core.FilterContext)>"
					],
					"depth":1,
					"method":"<android.filterfw.core.FieldPort: void <init>(android.filterfw.core.Filter,java.lang.String,java.lang.reflect.Field,boolean)>",
					"source":"FIELD"
				},
				{
					"trace":[
						"<android.filterfw.core.FieldPort: void transfer(android.filterfw.core.FilterContext)>"
					],
					"depth":1,
					"method":"<android.filterfw.core.FieldPort: void transfer(android.filterfw.core.FilterContext)>",
					"source":"FIELD"
				},
				{
					"trace":[
						"<android.filterfw.core.FilterPort: void setFrame(android.filterfw.core.Frame)>",
						"<android.filterfw.core.FieldPort: void setFieldFrame(android.filterfw.core.Frame,boolean)>",
						"key field: <android.filterfw.core.FieldPort: boolean mValueWaiting>",
						"<android.filterfw.core.FieldPort: void transfer(android.filterfw.core.FilterContext)>"
					],
					"depth":2,
					"method":"<android.filterfw.core.FilterPort: void setFrame(android.filterfw.core.Frame)>",
					"source":"FIELDCALLER"
				},
				{
					"trace":[
						"<android.filterfw.core.FieldPort: void setFrame(android.filterfw.core.Frame)>",
						"<android.filterfw.core.FieldPort: void setFieldFrame(android.filterfw.core.Frame,boolean)>",
						"key field: <android.filterfw.core.FieldPort: boolean mValueWaiting>",
						"<android.filterfw.core.FieldPort: void transfer(android.filterfw.core.FilterContext)>"
					],
					"depth":2,
					"method":"<android.filterfw.core.FieldPort: void setFrame(android.filterfw.core.Frame)>",
					"source":"FIELDCALLER"
				},
				{
					"trace":[
						"<android.filterfw.core.FilterPort: void pushFrame(android.filterfw.core.Frame)>",
						"<android.filterfw.core.FinalPort: void setFieldFrame(android.filterfw.core.Frame,boolean)>",
						"<android.filterfw.core.FieldPort: void transfer(android.filterfw.core.FilterContext)>",
						"key field: <android.filterfw.core.FieldPort: boolean mValueWaiting>",
						"<android.filterfw.core.FieldPort: void transfer(android.filterfw.core.FilterContext)>"
					],
					"depth":3,
					"method":"<android.filterfw.core.FilterPort: void pushFrame(android.filterfw.core.Frame)>",
					"source":"FIELDCALLER"
				},
				{
					"trace":[
						"<android.filterfw.core.FieldPort: void pushFrame(android.filterfw.core.Frame)>",
						"<android.filterfw.core.FinalPort: void setFieldFrame(android.filterfw.core.Frame,boolean)>",
						"<android.filterfw.core.FieldPort: void transfer(android.filterfw.core.FilterContext)>",
						"key field: <android.filterfw.core.FieldPort: boolean mValueWaiting>",
						"<android.filterfw.core.FieldPort: void transfer(android.filterfw.core.FilterContext)>"
					],
					"depth":3,
					"method":"<android.filterfw.core.FieldPort: void pushFrame(android.filterfw.core.Frame)>",
					"source":"FIELDCALLER"
				}
			],
			"keyAPIDiffClass":[
				{
					"trace":[
						"<android.filterfw.core.FinalPort: void <init>(android.filterfw.core.Filter,java.lang.String,java.lang.reflect.Field,boolean)>",
						"<android.filterfw.core.FieldPort: void <init>(android.filterfw.core.Filter,java.lang.String,java.lang.reflect.Field,boolean)>",
						"key field: <android.filterfw.core.FieldPort: boolean mValueWaiting>",
						"<android.filterfw.core.FieldPort: void transfer(android.filterfw.core.FilterContext)>"
					],
					"depth":2,
					"method":"<android.filterfw.core.FinalPort: void <init>(android.filterfw.core.Filter,java.lang.String,java.lang.reflect.Field,boolean)>",
					"source":"FIELDCALLER"
				},
				{
					"trace":[
						"<android.filterfw.core.ProgramPort: void <init>(android.filterfw.core.Filter,java.lang.String,java.lang.String,java.lang.reflect.Field,boolean)>",
						"<android.filterfw.core.FieldPort: void <init>(android.filterfw.core.Filter,java.lang.String,java.lang.reflect.Field,boolean)>",
						"key field: <android.filterfw.core.FieldPort: boolean mValueWaiting>",
						"<android.filterfw.core.FieldPort: void transfer(android.filterfw.core.FilterContext)>"
					],
					"depth":2,
					"method":"<android.filterfw.core.ProgramPort: void <init>(android.filterfw.core.Filter,java.lang.String,java.lang.String,java.lang.reflect.Field,boolean)>",
					"source":"FIELDCALLER"
				},
				{
					"trace":[
						"<android.filterfw.core.Filter: void setupPorts()>",
						"<android.filterfw.core.Filter: void addProgramPort(java.lang.String,java.lang.String,java.lang.reflect.Field,java.lang.Class,boolean)>",
						"<android.filterfw.core.ProgramPort: void <init>(android.filterfw.core.Filter,java.lang.String,java.lang.String,java.lang.reflect.Field,boolean)>",
						"<android.filterfw.core.FieldPort: void <init>(android.filterfw.core.Filter,java.lang.String,java.lang.reflect.Field,boolean)>",
						"key field: <android.filterfw.core.FieldPort: boolean mValueWaiting>",
						"<android.filterfw.core.FieldPort: void transfer(android.filterfw.core.FilterContext)>"
					],
					"depth":4,
					"method":"<android.filterfw.core.Filter: void setupPorts()>",
					"source":"FIELDCALLER"
				},
				{
					"trace":[
						"<android.filterfw.core.FilterFunction: android.filterfw.core.Frame execute(android.filterfw.core.KeyValueMap)>",
						"<android.filterfw.core.Filter: void performProcess(android.filterfw.core.FilterContext)>",
						"<android.filterfw.core.Filter: void transferInputFrames(android.filterfw.core.FilterContext)>",
						"<android.filterfw.core.FieldPort: void transfer(android.filterfw.core.FilterContext)>",
						"key field: <android.filterfw.core.FieldPort: boolean mValueWaiting>",
						"<android.filterfw.core.FieldPort: void transfer(android.filterfw.core.FilterContext)>"
					],
					"depth":4,
					"method":"<android.filterfw.core.FilterFunction: android.filterfw.core.Frame execute(android.filterfw.core.KeyValueMap)>",
					"source":"FIELDCALLER"
				},
				{
					"trace":[
						"<android.filterfw.core.OutputPort: void pushFrame(android.filterfw.core.Frame)>",
						"<android.filterfw.core.FieldPort: void pushFrame(android.filterfw.core.Frame)>",
						"<android.filterfw.core.FinalPort: void setFieldFrame(android.filterfw.core.Frame,boolean)>",
						"<android.filterfw.core.FieldPort: void transfer(android.filterfw.core.FilterContext)>",
						"key field: <android.filterfw.core.FieldPort: boolean mValueWaiting>",
						"<android.filterfw.core.FieldPort: void transfer(android.filterfw.core.FilterContext)>"
					],
					"depth":4,
					"method":"<android.filterfw.core.OutputPort: void pushFrame(android.filterfw.core.Frame)>",
					"source":"FIELDCALLER"
				},
				{
					"trace":[
						"<android.filterfw.core.Filter: void initWithValueMap(android.filterfw.core.KeyValueMap)>",
						"<android.filterfw.core.Filter: void initFinalPorts(android.filterfw.core.KeyValueMap)>",
						"<android.filterfw.core.Filter: void addAndSetFinalPorts(android.filterfw.core.KeyValueMap)>",
						"<android.filterfw.core.Filter: void addFieldPort(java.lang.String,java.lang.reflect.Field,boolean,boolean)>",
						"<android.filterfw.core.FieldPort: void <init>(android.filterfw.core.Filter,java.lang.String,java.lang.reflect.Field,boolean)>",
						"key field: <android.filterfw.core.FieldPort: boolean mValueWaiting>",
						"<android.filterfw.core.FieldPort: void transfer(android.filterfw.core.FilterContext)>"
					],
					"depth":5,
					"method":"<android.filterfw.core.Filter: void initWithValueMap(android.filterfw.core.KeyValueMap)>",
					"source":"FIELDCALLER"
				},
				{
					"trace":[
						"<android.filterfw.core.FilterFunction: android.filterfw.core.Frame executeWithArgList(java.lang.Object[])>",
						"<android.filterfw.core.FilterFunction: android.filterfw.core.Frame execute(android.filterfw.core.KeyValueMap)>",
						"<android.filterfw.core.Filter: void performProcess(android.filterfw.core.FilterContext)>",
						"<android.filterfw.core.Filter: void transferInputFrames(android.filterfw.core.FilterContext)>",
						"<android.filterfw.core.FieldPort: void transfer(android.filterfw.core.FilterContext)>",
						"key field: <android.filterfw.core.FieldPort: boolean mValueWaiting>",
						"<android.filterfw.core.FieldPort: void transfer(android.filterfw.core.FilterContext)>"
					],
					"depth":5,
					"method":"<android.filterfw.core.FilterFunction: android.filterfw.core.Frame executeWithArgList(java.lang.Object[])>",
					"source":"FIELDCALLER"
				},
				{
					"trace":[
						"<android.filterfw.core.Filter: void initWithAssignmentString(java.lang.String)>",
						"<android.filterfw.core.Filter: void initWithValueMap(android.filterfw.core.KeyValueMap)>",
						"<android.filterfw.core.Filter: void initFinalPorts(android.filterfw.core.KeyValueMap)>",
						"<android.filterfw.core.Filter: void addAndSetFinalPorts(android.filterfw.core.KeyValueMap)>",
						"<android.filterfw.core.Filter: void addFieldPort(java.lang.String,java.lang.reflect.Field,boolean,boolean)>",
						"<android.filterfw.core.FieldPort: void <init>(android.filterfw.core.Filter,java.lang.String,java.lang.reflect.Field,boolean)>",
						"key field: <android.filterfw.core.FieldPort: boolean mValueWaiting>",
						"<android.filterfw.core.FieldPort: void transfer(android.filterfw.core.FilterContext)>"
					],
					"depth":6,
					"method":"<android.filterfw.core.Filter: void initWithAssignmentString(java.lang.String)>",
					"source":"FIELDCALLER"
				},
				{
					"trace":[
						"<android.filterfw.io.TextGraphReader$InitFilterCommand: void execute(android.filterfw.io.TextGraphReader)>",
						"<android.filterfw.core.Filter: void initWithValueMap(android.filterfw.core.KeyValueMap)>",
						"<android.filterfw.core.Filter: void initFinalPorts(android.filterfw.core.KeyValueMap)>",
						"<android.filterfw.core.Filter: void addAndSetFinalPorts(android.filterfw.core.KeyValueMap)>",
						"<android.filterfw.core.Filter: void addFieldPort(java.lang.String,java.lang.reflect.Field,boolean,boolean)>",
						"<android.filterfw.core.FieldPort: void <init>(android.filterfw.core.Filter,java.lang.String,java.lang.reflect.Field,boolean)>",
						"key field: <android.filterfw.core.FieldPort: boolean mValueWaiting>",
						"<android.filterfw.core.FieldPort: void transfer(android.filterfw.core.FilterContext)>"
					],
					"depth":6,
					"method":"<android.filterfw.io.TextGraphReader$InitFilterCommand: void execute(android.filterfw.io.TextGraphReader)>",
					"source":"FIELDCALLER"
				},
				{
					"trace":[
						"<android.filterfw.io.TextGraphReader$Command: void execute(android.filterfw.io.TextGraphReader)>",
						"<android.filterfw.core.Filter: void initWithValueMap(android.filterfw.core.KeyValueMap)>",
						"<android.filterfw.core.Filter: void initFinalPorts(android.filterfw.core.KeyValueMap)>",
						"<android.filterfw.core.Filter: void addAndSetFinalPorts(android.filterfw.core.KeyValueMap)>",
						"<android.filterfw.core.Filter: void addFieldPort(java.lang.String,java.lang.reflect.Field,boolean,boolean)>",
						"<android.filterfw.core.FieldPort: void <init>(android.filterfw.core.Filter,java.lang.String,java.lang.reflect.Field,boolean)>",
						"key field: <android.filterfw.core.FieldPort: boolean mValueWaiting>",
						"<android.filterfw.core.FieldPort: void transfer(android.filterfw.core.FilterContext)>"
					],
					"depth":6,
					"method":"<android.filterfw.io.TextGraphReader$Command: void execute(android.filterfw.io.TextGraphReader)>",
					"source":"FIELDCALLER"
				},
				{
					"trace":[
						"<android.filterfw.core.Filter: void init()>",
						"<android.filterfw.core.Filter: void initWithValueMap(android.filterfw.core.KeyValueMap)>",
						"<android.filterfw.core.Filter: void initFinalPorts(android.filterfw.core.KeyValueMap)>",
						"<android.filterfw.core.Filter: void addAndSetFinalPorts(android.filterfw.core.KeyValueMap)>",
						"<android.filterfw.core.Filter: void addFieldPort(java.lang.String,java.lang.reflect.Field,boolean,boolean)>",
						"<android.filterfw.core.FieldPort: void <init>(android.filterfw.core.Filter,java.lang.String,java.lang.reflect.Field,boolean)>",
						"key field: <android.filterfw.core.FieldPort: boolean mValueWaiting>",
						"<android.filterfw.core.FieldPort: void transfer(android.filterfw.core.FilterContext)>"
					],
					"depth":6,
					"method":"<android.filterfw.core.Filter: void init()>",
					"source":"FIELDCALLER"
				},
				{
					"trace":[
						"<android.filterfw.core.Filter: void initWithAssignmentList(java.lang.Object[])>",
						"<android.filterfw.core.Filter: void initWithValueMap(android.filterfw.core.KeyValueMap)>",
						"<android.filterfw.core.Filter: void initFinalPorts(android.filterfw.core.KeyValueMap)>",
						"<android.filterfw.core.Filter: void addAndSetFinalPorts(android.filterfw.core.KeyValueMap)>",
						"<android.filterfw.core.Filter: void addFieldPort(java.lang.String,java.lang.reflect.Field,boolean,boolean)>",
						"<android.filterfw.core.FieldPort: void <init>(android.filterfw.core.Filter,java.lang.String,java.lang.reflect.Field,boolean)>",
						"key field: <android.filterfw.core.FieldPort: boolean mValueWaiting>",
						"<android.filterfw.core.FieldPort: void transfer(android.filterfw.core.FilterContext)>"
					],
					"depth":6,
					"method":"<android.filterfw.core.Filter: void initWithAssignmentList(java.lang.Object[])>",
					"source":"FIELDCALLER"
				},
				{
					"trace":[
						"<android.filterfw.core.SyncRunner: void run()>",
						"<android.filterfw.core.SyncRunner: boolean performStep()>",
						"<android.filterfw.core.SyncRunner: void processFilterNode(android.filterfw.core.Filter)>",
						"<android.filterfw.core.Filter: void performProcess(android.filterfw.core.FilterContext)>",
						"<android.filterfw.core.Filter: void transferInputFrames(android.filterfw.core.FilterContext)>",
						"<android.filterfw.core.FieldPort: void transfer(android.filterfw.core.FilterContext)>",
						"key field: <android.filterfw.core.FieldPort: boolean mValueWaiting>",
						"<android.filterfw.core.FieldPort: void transfer(android.filterfw.core.FilterContext)>"
					],
					"depth":6,
					"method":"<android.filterfw.core.SyncRunner: void run()>",
					"source":"FIELDCALLER"
				},
				{
					"trace":[
						"<android.filterfw.core.SyncRunner: int step()>",
						"<android.filterfw.core.SyncRunner: boolean performStep()>",
						"<android.filterfw.core.SyncRunner: void processFilterNode(android.filterfw.core.Filter)>",
						"<android.filterfw.core.Filter: void performProcess(android.filterfw.core.FilterContext)>",
						"<android.filterfw.core.Filter: void transferInputFrames(android.filterfw.core.FilterContext)>",
						"<android.filterfw.core.FieldPort: void transfer(android.filterfw.core.FilterContext)>",
						"key field: <android.filterfw.core.FieldPort: boolean mValueWaiting>",
						"<android.filterfw.core.FieldPort: void transfer(android.filterfw.core.FilterContext)>"
					],
					"depth":6,
					"method":"<android.filterfw.core.SyncRunner: int step()>",
					"source":"FIELDCALLER"
				},
				{
					"trace":[
						"<android.filterfw.core.Filter: void process(android.filterfw.core.FilterContext)>",
						"<android.filterfw.core.Filter: void pushOutput(java.lang.String,android.filterfw.core.Frame)>",
						"<android.filterfw.core.OutputPort: void pushFrame(android.filterfw.core.Frame)>",
						"<android.filterfw.core.FieldPort: void pushFrame(android.filterfw.core.Frame)>",
						"<android.filterfw.core.FinalPort: void setFieldFrame(android.filterfw.core.Frame,boolean)>",
						"<android.filterfw.core.FieldPort: void transfer(android.filterfw.core.FilterContext)>",
						"key field: <android.filterfw.core.FieldPort: boolean mValueWaiting>",
						"<android.filterfw.core.FieldPort: void transfer(android.filterfw.core.FilterContext)>"
					],
					"depth":6,
					"method":"<android.filterfw.core.Filter: void process(android.filterfw.core.FilterContext)>",
					"source":"FIELDCALLER"
				},
				{
					"trace":[
						"<android.filterfw.FilterFunctionEnvironment: android.filterfw.core.FilterFunction createFunction(java.lang.Class,java.lang.Object[])>",
						"<android.filterfw.core.Filter: void initWithAssignmentList(java.lang.Object[])>",
						"<android.filterfw.core.Filter: void initWithValueMap(android.filterfw.core.KeyValueMap)>",
						"<android.filterfw.core.Filter: void initFinalPorts(android.filterfw.core.KeyValueMap)>",
						"<android.filterfw.core.Filter: void addAndSetFinalPorts(android.filterfw.core.KeyValueMap)>",
						"<android.filterfw.core.Filter: void addFieldPort(java.lang.String,java.lang.reflect.Field,boolean,boolean)>",
						"<android.filterfw.core.FieldPort: void <init>(android.filterfw.core.Filter,java.lang.String,java.lang.reflect.Field,boolean)>",
						"key field: <android.filterfw.core.FieldPort: boolean mValueWaiting>",
						"<android.filterfw.core.FieldPort: void transfer(android.filterfw.core.FilterContext)>"
					],
					"depth":7,
					"method":"<android.filterfw.FilterFunctionEnvironment: android.filterfw.core.FilterFunction createFunction(java.lang.Class,java.lang.Object[])>",
					"source":"FIELDCALLER"
				},
				{
					"trace":[
						"<android.filterfw.core.AsyncRunner: void run()>",
						"<android.filterfw.core.AsyncRunner$AsyncRunnerTask: java.lang.Object doInBackground(java.lang.Object[])>",
						"<android.filterfw.core.AsyncRunner$AsyncRunnerTask: android.filterfw.core.AsyncRunner$RunnerResult doInBackground(android.filterfw.core.SyncRunner[])>",
						"<android.filterfw.core.SyncRunner: boolean performStep()>",
						"<android.filterfw.core.SyncRunner: void processFilterNode(android.filterfw.core.Filter)>",
						"<android.filterfw.core.Filter: void performProcess(android.filterfw.core.FilterContext)>",
						"<android.filterfw.core.Filter: void transferInputFrames(android.filterfw.core.FilterContext)>",
						"<android.filterfw.core.FieldPort: void transfer(android.filterfw.core.FilterContext)>",
						"key field: <android.filterfw.core.FieldPort: boolean mValueWaiting>",
						"<android.filterfw.core.FieldPort: void transfer(android.filterfw.core.FilterContext)>"
					],
					"depth":8,
					"method":"<android.filterfw.core.AsyncRunner: void run()>",
					"source":"FIELDCALLER"
				},
				{
					"trace":[
						"<android.filterfw.core.GraphRunner: void run()>",
						"<android.filterfw.core.AsyncRunner$AsyncRunnerTask: java.lang.Object doInBackground(java.lang.Object[])>",
						"<android.filterfw.core.AsyncRunner$AsyncRunnerTask: android.filterfw.core.AsyncRunner$RunnerResult doInBackground(android.filterfw.core.SyncRunner[])>",
						"<android.filterfw.core.SyncRunner: boolean performStep()>",
						"<android.filterfw.core.SyncRunner: void processFilterNode(android.filterfw.core.Filter)>",
						"<android.filterfw.core.Filter: void performProcess(android.filterfw.core.FilterContext)>",
						"<android.filterfw.core.Filter: void transferInputFrames(android.filterfw.core.FilterContext)>",
						"<android.filterfw.core.FieldPort: void transfer(android.filterfw.core.FilterContext)>",
						"key field: <android.filterfw.core.FieldPort: boolean mValueWaiting>",
						"<android.filterfw.core.FieldPort: void transfer(android.filterfw.core.FilterContext)>"
					],
					"depth":8,
					"method":"<android.filterfw.core.GraphRunner: void run()>",
					"source":"FIELDCALLER"
				}
			],
			"callerOfSingnlar2SourceVar":{}
		},
		{
			"method":"<android.filterfw.core.FieldPort: android.filterfw.core.Frame pullFrame()>",
			"message":"\\QCannot pull frame on \\E[\\s\\S]*\\Q!\\E",
			"relatedVarType":"Empty",
			"relatedCondType":"Empty",
			"modifier":"public",
			"type":"java.lang.RuntimeException",
			"osVersionRelated":false,
			"resourceRelated":false,
			"assessRelated":false,
			"hardwareRelated":false,
			"manifestRelated":false,
			"keyAPISameClassNum":0,
			"keyAPIDiffClassNum":0,
			"keyAPISameClass":[],
			"keyAPIDiffClass":[],
			"callerOfSingnlar2SourceVar":{}
		}
	]
}