{
	"exceptions":[
		{
			"method":"<android.app.LoadedApk$SplitDependencyLoaderImpl: int ensureSplitLoaded(java.lang.String)>",
			"message":"\\QSplit name '\\E[\\s\\S]*\\Q' is not installed\\E",
			"relatedVarType":"ParaAndField",
			"relatedCondType":"Basic",
			"modifier":"private",
			"type":"android.content.pm.PackageManager$NameNotFoundException",
			"osVersionRelated":false,
			"resourceRelated":false,
			"assessRelated":false,
			"hardwareRelated":false,
			"manifestRelated":false,
			"conditions":"i1 >= 0, r0 == null",
			"paramValues":"@parameter0: java.lang.String",
			"fieldValues":"<android.app.LoadedApk$SplitDependencyLoaderImpl: android.app.LoadedApk this$0>",
			"relatedValues":"@parameter0: java.lang.String; <android.app.LoadedApk$SplitDependencyLoaderImpl: android.app.LoadedApk this$0>; ",
			"keyAPISameClassNum":0,
			"keyAPIDiffClassNum":58,
			"keyAPISameClass":[],
			"keyAPIDiffClass":[
				{
					"trace":[
						"<android.app.LoadedApk: void <init>(android.app.ActivityThread,android.content.pm.ApplicationInfo,android.content.res.CompatibilityInfo,java.lang.ClassLoader,boolean,boolean,boolean)>",
						"<android.app.LoadedApk: void setApplicationInfo(android.content.pm.ApplicationInfo)>",
						"<android.app.LoadedApk$SplitDependencyLoaderImpl: void <init>(android.app.LoadedApk,android.util.SparseArray)>",
						"key field: <android.app.LoadedApk$SplitDependencyLoaderImpl: android.app.LoadedApk this$0>",
						"<android.app.LoadedApk$SplitDependencyLoaderImpl: int ensureSplitLoaded(java.lang.String)>"
					],
					"depth":3,
					"method":"<android.app.LoadedApk: void <init>(android.app.ActivityThread,android.content.pm.ApplicationInfo,android.content.res.CompatibilityInfo,java.lang.ClassLoader,boolean,boolean,boolean)>",
					"source":"FIELDCALLER"
				},
				{
					"trace":[
						"<android.app.LoadedApk: void updateApplicationInfo(android.content.pm.ApplicationInfo,java.util.List)>",
						"<android.app.LoadedApk: void setApplicationInfo(android.content.pm.ApplicationInfo)>",
						"<android.app.LoadedApk$SplitDependencyLoaderImpl: void <init>(android.app.LoadedApk,android.util.SparseArray)>",
						"key field: <android.app.LoadedApk$SplitDependencyLoaderImpl: android.app.LoadedApk this$0>",
						"<android.app.LoadedApk$SplitDependencyLoaderImpl: int ensureSplitLoaded(java.lang.String)>"
					],
					"depth":3,
					"method":"<android.app.LoadedApk: void updateApplicationInfo(android.content.pm.ApplicationInfo,java.util.List)>",
					"source":"FIELDCALLER"
				},
				{
					"trace":[
						"<android.app.ActivityThread: void handleApplicationInfoChanged(android.content.pm.ApplicationInfo)>",
						"<android.app.LoadedApk: void updateApplicationInfo(android.content.pm.ApplicationInfo,java.util.List)>",
						"<android.app.LoadedApk: void setApplicationInfo(android.content.pm.ApplicationInfo)>",
						"<android.app.LoadedApk$SplitDependencyLoaderImpl: void <init>(android.app.LoadedApk,android.util.SparseArray)>",
						"key field: <android.app.LoadedApk$SplitDependencyLoaderImpl: android.app.LoadedApk this$0>",
						"<android.app.LoadedApk$SplitDependencyLoaderImpl: int ensureSplitLoaded(java.lang.String)>"
					],
					"depth":4,
					"method":"<android.app.ActivityThread: void handleApplicationInfoChanged(android.content.pm.ApplicationInfo)>",
					"source":"FIELDCALLER"
				},
				{
					"trace":[
						"<android.app.ContextImpl: android.content.Context createContextForSplit(java.lang.String)>",
						"<android.app.LoadedApk: java.lang.String[] getSplitPaths(java.lang.String)>",
						"<android.app.LoadedApk$SplitDependencyLoaderImpl: java.lang.String[] getSplitPathsForSplit(java.lang.String)>",
						"<android.app.LoadedApk$SplitDependencyLoaderImpl: int ensureSplitLoaded(java.lang.String)>",
						"key field: <android.app.LoadedApk$SplitDependencyLoaderImpl: android.app.LoadedApk this$0>",
						"<android.app.LoadedApk$SplitDependencyLoaderImpl: int ensureSplitLoaded(java.lang.String)>"
					],
					"depth":4,
					"method":"<android.app.ContextImpl: android.content.Context createContextForSplit(java.lang.String)>",
					"source":"FIELDCALLER"
				},
				{
					"trace":[
						"<android.app.LoadedApk: android.content.res.Resources getResources()>",
						"<android.app.LoadedApk: java.lang.String[] getSplitPaths(java.lang.String)>",
						"<android.app.LoadedApk$SplitDependencyLoaderImpl: java.lang.String[] getSplitPathsForSplit(java.lang.String)>",
						"<android.app.LoadedApk$SplitDependencyLoaderImpl: int ensureSplitLoaded(java.lang.String)>",
						"key field: <android.app.LoadedApk$SplitDependencyLoaderImpl: android.app.LoadedApk this$0>",
						"<android.app.LoadedApk$SplitDependencyLoaderImpl: int ensureSplitLoaded(java.lang.String)>"
					],
					"depth":4,
					"method":"<android.app.LoadedApk: android.content.res.Resources getResources()>",
					"source":"FIELDCALLER"
				},
				{
					"trace":[
						"<android.app.ActivityThread: android.app.LoadedApk getPackageInfo(android.content.pm.ApplicationInfo,android.content.res.CompatibilityInfo,int)>",
						"<android.app.ActivityThread: android.app.LoadedApk getPackageInfo(android.content.pm.ApplicationInfo,android.content.res.CompatibilityInfo,java.lang.ClassLoader,boolean,boolean,boolean)>",
						"<android.app.LoadedApk: void <init>(android.app.ActivityThread,android.content.pm.ApplicationInfo,android.content.res.CompatibilityInfo,java.lang.ClassLoader,boolean,boolean,boolean)>",
						"<android.app.LoadedApk: void setApplicationInfo(android.content.pm.ApplicationInfo)>",
						"<android.app.LoadedApk$SplitDependencyLoaderImpl: void <init>(android.app.LoadedApk,android.util.SparseArray)>",
						"key field: <android.app.LoadedApk$SplitDependencyLoaderImpl: android.app.LoadedApk this$0>",
						"<android.app.LoadedApk$SplitDependencyLoaderImpl: int ensureSplitLoaded(java.lang.String)>"
					],
					"depth":5,
					"method":"<android.app.ActivityThread: android.app.LoadedApk getPackageInfo(android.content.pm.ApplicationInfo,android.content.res.CompatibilityInfo,int)>",
					"source":"FIELDCALLER"
				},
				{
					"trace":[
						"<android.app.ActivityThread: android.app.LoadedApk getPackageInfoNoCheck(android.content.pm.ApplicationInfo,android.content.res.CompatibilityInfo)>",
						"<android.app.ActivityThread: android.app.LoadedApk getPackageInfo(android.content.pm.ApplicationInfo,android.content.res.CompatibilityInfo,java.lang.ClassLoader,boolean,boolean,boolean)>",
						"<android.app.LoadedApk: void <init>(android.app.ActivityThread,android.content.pm.ApplicationInfo,android.content.res.CompatibilityInfo,java.lang.ClassLoader,boolean,boolean,boolean)>",
						"<android.app.LoadedApk: void setApplicationInfo(android.content.pm.ApplicationInfo)>",
						"<android.app.LoadedApk$SplitDependencyLoaderImpl: void <init>(android.app.LoadedApk,android.util.SparseArray)>",
						"key field: <android.app.LoadedApk$SplitDependencyLoaderImpl: android.app.LoadedApk this$0>",
						"<android.app.LoadedApk$SplitDependencyLoaderImpl: int ensureSplitLoaded(java.lang.String)>"
					],
					"depth":5,
					"method":"<android.app.ActivityThread: android.app.LoadedApk getPackageInfoNoCheck(android.content.pm.ApplicationInfo,android.content.res.CompatibilityInfo)>",
					"source":"FIELDCALLER"
				},
				{
					"trace":[
						"<android.app.ClientTransactionHandler: android.app.LoadedApk getPackageInfoNoCheck(android.content.pm.ApplicationInfo,android.content.res.CompatibilityInfo)>",
						"<android.app.ActivityThread: android.app.LoadedApk getPackageInfo(android.content.pm.ApplicationInfo,android.content.res.CompatibilityInfo,java.lang.ClassLoader,boolean,boolean,boolean)>",
						"<android.app.LoadedApk: void <init>(android.app.ActivityThread,android.content.pm.ApplicationInfo,android.content.res.CompatibilityInfo,java.lang.ClassLoader,boolean,boolean,boolean)>",
						"<android.app.LoadedApk: void setApplicationInfo(android.content.pm.ApplicationInfo)>",
						"<android.app.LoadedApk$SplitDependencyLoaderImpl: void <init>(android.app.LoadedApk,android.util.SparseArray)>",
						"key field: <android.app.LoadedApk$SplitDependencyLoaderImpl: android.app.LoadedApk this$0>",
						"<android.app.LoadedApk$SplitDependencyLoaderImpl: int ensureSplitLoaded(java.lang.String)>"
					],
					"depth":5,
					"method":"<android.app.ClientTransactionHandler: android.app.LoadedApk getPackageInfoNoCheck(android.content.pm.ApplicationInfo,android.content.res.CompatibilityInfo)>",
					"source":"FIELDCALLER"
				},
				{
					"trace":[
						"<android.app.ActivityThread: void handleSystemApplicationInfoChanged(android.content.pm.ApplicationInfo)>",
						"<android.app.ActivityThread: void handleApplicationInfoChanged(android.content.pm.ApplicationInfo)>",
						"<android.app.LoadedApk: void updateApplicationInfo(android.content.pm.ApplicationInfo,java.util.List)>",
						"<android.app.LoadedApk: void setApplicationInfo(android.content.pm.ApplicationInfo)>",
						"<android.app.LoadedApk$SplitDependencyLoaderImpl: void <init>(android.app.LoadedApk,android.util.SparseArray)>",
						"key field: <android.app.LoadedApk$SplitDependencyLoaderImpl: android.app.LoadedApk this$0>",
						"<android.app.LoadedApk$SplitDependencyLoaderImpl: int ensureSplitLoaded(java.lang.String)>"
					],
					"depth":5,
					"method":"<android.app.ActivityThread: void handleSystemApplicationInfoChanged(android.content.pm.ApplicationInfo)>",
					"source":"FIELDCALLER"
				},
				{
					"trace":[
						"<android.app.ContextImpl: android.content.Context createDisplayContext(android.view.Display)>",
						"<android.app.ContextImpl: android.content.res.Resources createResources(android.os.IBinder,android.app.LoadedApk,java.lang.String,int,android.content.res.Configuration,android.content.res.CompatibilityInfo)>",
						"<android.app.LoadedApk: java.lang.String[] getSplitPaths(java.lang.String)>",
						"<android.app.LoadedApk$SplitDependencyLoaderImpl: java.lang.String[] getSplitPathsForSplit(java.lang.String)>",
						"<android.app.LoadedApk$SplitDependencyLoaderImpl: int ensureSplitLoaded(java.lang.String)>",
						"key field: <android.app.LoadedApk$SplitDependencyLoaderImpl: android.app.LoadedApk this$0>",
						"<android.app.LoadedApk$SplitDependencyLoaderImpl: int ensureSplitLoaded(java.lang.String)>"
					],
					"depth":5,
					"method":"<android.app.ContextImpl: android.content.Context createDisplayContext(android.view.Display)>",
					"source":"FIELDCALLER"
				},
				{
					"trace":[
						"<android.app.ContextImpl: android.content.Context createConfigurationContext(android.content.res.Configuration)>",
						"<android.app.ContextImpl: android.content.res.Resources createResources(android.os.IBinder,android.app.LoadedApk,java.lang.String,int,android.content.res.Configuration,android.content.res.CompatibilityInfo)>",
						"<android.app.LoadedApk: java.lang.String[] getSplitPaths(java.lang.String)>",
						"<android.app.LoadedApk$SplitDependencyLoaderImpl: java.lang.String[] getSplitPathsForSplit(java.lang.String)>",
						"<android.app.LoadedApk$SplitDependencyLoaderImpl: int ensureSplitLoaded(java.lang.String)>",
						"key field: <android.app.LoadedApk$SplitDependencyLoaderImpl: android.app.LoadedApk this$0>",
						"<android.app.LoadedApk$SplitDependencyLoaderImpl: int ensureSplitLoaded(java.lang.String)>"
					],
					"depth":5,
					"method":"<android.app.ContextImpl: android.content.Context createConfigurationContext(android.content.res.Configuration)>",
					"source":"FIELDCALLER"
				},
				{
					"trace":[
						"<android.content.Context: android.content.Context createContextForSplit(java.lang.String)>",
						"<android.app.ContextImpl: android.content.Context createContextForSplit(java.lang.String)>",
						"<android.app.LoadedApk: java.lang.String[] getSplitPaths(java.lang.String)>",
						"<android.app.LoadedApk$SplitDependencyLoaderImpl: java.lang.String[] getSplitPathsForSplit(java.lang.String)>",
						"<android.app.LoadedApk$SplitDependencyLoaderImpl: int ensureSplitLoaded(java.lang.String)>",
						"key field: <android.app.LoadedApk$SplitDependencyLoaderImpl: android.app.LoadedApk this$0>",
						"<android.app.LoadedApk$SplitDependencyLoaderImpl: int ensureSplitLoaded(java.lang.String)>"
					],
					"depth":5,
					"method":"<android.content.Context: android.content.Context createContextForSplit(java.lang.String)>",
					"source":"FIELDCALLER"
				},
				{
					"trace":[
						"<android.content.ContextWrapper: android.content.Context createContextForSplit(java.lang.String)>",
						"<android.app.ContextImpl: android.content.Context createContextForSplit(java.lang.String)>",
						"<android.app.LoadedApk: java.lang.String[] getSplitPaths(java.lang.String)>",
						"<android.app.LoadedApk$SplitDependencyLoaderImpl: java.lang.String[] getSplitPathsForSplit(java.lang.String)>",
						"<android.app.LoadedApk$SplitDependencyLoaderImpl: int ensureSplitLoaded(java.lang.String)>",
						"key field: <android.app.LoadedApk$SplitDependencyLoaderImpl: android.app.LoadedApk this$0>",
						"<android.app.LoadedApk$SplitDependencyLoaderImpl: int ensureSplitLoaded(java.lang.String)>"
					],
					"depth":5,
					"method":"<android.content.ContextWrapper: android.content.Context createContextForSplit(java.lang.String)>",
					"source":"FIELDCALLER"
				},
				{
					"trace":[
						"<android.app.LoadedApk: android.content.res.AssetManager getAssets()>",
						"<android.app.LoadedApk: android.content.res.Resources getResources()>",
						"<android.app.LoadedApk: java.lang.String[] getSplitPaths(java.lang.String)>",
						"<android.app.LoadedApk$SplitDependencyLoaderImpl: java.lang.String[] getSplitPathsForSplit(java.lang.String)>",
						"<android.app.LoadedApk$SplitDependencyLoaderImpl: int ensureSplitLoaded(java.lang.String)>",
						"key field: <android.app.LoadedApk$SplitDependencyLoaderImpl: android.app.LoadedApk this$0>",
						"<android.app.LoadedApk$SplitDependencyLoaderImpl: int ensureSplitLoaded(java.lang.String)>"
					],
					"depth":5,
					"method":"<android.app.LoadedApk: android.content.res.AssetManager getAssets()>",
					"source":"FIELDCALLER"
				},
				{
					"trace":[
						"<android.app.ActivityThread: android.app.LoadedApk getPackageInfo(java.lang.String,android.content.res.CompatibilityInfo,int,int)>",
						"<android.app.ActivityThread: android.app.LoadedApk getPackageInfo(android.content.pm.ApplicationInfo,android.content.res.CompatibilityInfo,int)>",
						"<android.app.ActivityThread: android.app.LoadedApk getPackageInfo(android.content.pm.ApplicationInfo,android.content.res.CompatibilityInfo,java.lang.ClassLoader,boolean,boolean,boolean)>",
						"<android.app.LoadedApk: void <init>(android.app.ActivityThread,android.content.pm.ApplicationInfo,android.content.res.CompatibilityInfo,java.lang.ClassLoader,boolean,boolean,boolean)>",
						"<android.app.LoadedApk: void setApplicationInfo(android.content.pm.ApplicationInfo)>",
						"<android.app.LoadedApk$SplitDependencyLoaderImpl: void <init>(android.app.LoadedApk,android.util.SparseArray)>",
						"key field: <android.app.LoadedApk$SplitDependencyLoaderImpl: android.app.LoadedApk this$0>",
						"<android.app.LoadedApk$SplitDependencyLoaderImpl: int ensureSplitLoaded(java.lang.String)>"
					],
					"depth":6,
					"method":"<android.app.ActivityThread: android.app.LoadedApk getPackageInfo(java.lang.String,android.content.res.CompatibilityInfo,int,int)>",
					"source":"FIELDCALLER"
				},
				{
					"trace":[
						"<android.app.ContextImpl: android.content.Context createApplicationContext(android.content.pm.ApplicationInfo,int)>",
						"<android.app.ActivityThread: android.app.LoadedApk getPackageInfo(android.content.pm.ApplicationInfo,android.content.res.CompatibilityInfo,int)>",
						"<android.app.ActivityThread: android.app.LoadedApk getPackageInfo(android.content.pm.ApplicationInfo,android.content.res.CompatibilityInfo,java.lang.ClassLoader,boolean,boolean,boolean)>",
						"<android.app.LoadedApk: void <init>(android.app.ActivityThread,android.content.pm.ApplicationInfo,android.content.res.CompatibilityInfo,java.lang.ClassLoader,boolean,boolean,boolean)>",
						"<android.app.LoadedApk: void setApplicationInfo(android.content.pm.ApplicationInfo)>",
						"<android.app.LoadedApk$SplitDependencyLoaderImpl: void <init>(android.app.LoadedApk,android.util.SparseArray)>",
						"key field: <android.app.LoadedApk$SplitDependencyLoaderImpl: android.app.LoadedApk this$0>",
						"<android.app.LoadedApk$SplitDependencyLoaderImpl: int ensureSplitLoaded(java.lang.String)>"
					],
					"depth":6,
					"method":"<android.app.ContextImpl: android.content.Context createApplicationContext(android.content.pm.ApplicationInfo,int)>",
					"source":"FIELDCALLER"
				},
				{
					"trace":[
						"<android.app.ActivityThread$ActivityClientRecord: void <init>(android.os.IBinder,android.content.Intent,int,android.content.pm.ActivityInfo,android.content.res.Configuration,android.content.res.CompatibilityInfo,java.lang.String,com.android.internal.app.IVoiceInteractor,android.os.Bundle,android.os.PersistableBundle,java.util.List,java.util.List,boolean,android.app.ProfilerInfo,android.app.ClientTransactionHandler,android.os.IBinder)>",
						"<android.app.ActivityThread: android.app.LoadedApk getPackageInfoNoCheck(android.content.pm.ApplicationInfo,android.content.res.CompatibilityInfo)>",
						"<android.app.ActivityThread: android.app.LoadedApk getPackageInfo(android.content.pm.ApplicationInfo,android.content.res.CompatibilityInfo,java.lang.ClassLoader,boolean,boolean,boolean)>",
						"<android.app.LoadedApk: void <init>(android.app.ActivityThread,android.content.pm.ApplicationInfo,android.content.res.CompatibilityInfo,java.lang.ClassLoader,boolean,boolean,boolean)>",
						"<android.app.LoadedApk: void setApplicationInfo(android.content.pm.ApplicationInfo)>",
						"<android.app.LoadedApk$SplitDependencyLoaderImpl: void <init>(android.app.LoadedApk,android.util.SparseArray)>",
						"key field: <android.app.LoadedApk$SplitDependencyLoaderImpl: android.app.LoadedApk this$0>",
						"<android.app.LoadedApk$SplitDependencyLoaderImpl: int ensureSplitLoaded(java.lang.String)>"
					],
					"depth":6,
					"method":"<android.app.ActivityThread$ActivityClientRecord: void <init>(android.os.IBinder,android.content.Intent,int,android.content.pm.ActivityInfo,android.content.res.Configuration,android.content.res.CompatibilityInfo,java.lang.String,com.android.internal.app.IVoiceInteractor,android.os.Bundle,android.os.PersistableBundle,java.util.List,java.util.List,boolean,android.app.ProfilerInfo,android.app.ClientTransactionHandler,android.os.IBinder)>",
					"source":"FIELDCALLER"
				},
				{
					"trace":[
						"<android.content.Context: android.content.Context createDisplayContext(android.view.Display)>",
						"<android.app.ContextImpl: android.content.Context createDisplayContext(android.view.Display)>",
						"<android.app.ContextImpl: android.content.res.Resources createResources(android.os.IBinder,android.app.LoadedApk,java.lang.String,int,android.content.res.Configuration,android.content.res.CompatibilityInfo)>",
						"<android.app.LoadedApk: java.lang.String[] getSplitPaths(java.lang.String)>",
						"<android.app.LoadedApk$SplitDependencyLoaderImpl: java.lang.String[] getSplitPathsForSplit(java.lang.String)>",
						"<android.app.LoadedApk$SplitDependencyLoaderImpl: int ensureSplitLoaded(java.lang.String)>",
						"key field: <android.app.LoadedApk$SplitDependencyLoaderImpl: android.app.LoadedApk this$0>",
						"<android.app.LoadedApk$SplitDependencyLoaderImpl: int ensureSplitLoaded(java.lang.String)>"
					],
					"depth":6,
					"method":"<android.content.Context: android.content.Context createDisplayContext(android.view.Display)>",
					"source":"FIELDCALLER"
				},
				{
					"trace":[
						"<android.content.ContextWrapper: android.content.Context createDisplayContext(android.view.Display)>",
						"<android.app.ContextImpl: android.content.Context createDisplayContext(android.view.Display)>",
						"<android.app.ContextImpl: android.content.res.Resources createResources(android.os.IBinder,android.app.LoadedApk,java.lang.String,int,android.content.res.Configuration,android.content.res.CompatibilityInfo)>",
						"<android.app.LoadedApk: java.lang.String[] getSplitPaths(java.lang.String)>",
						"<android.app.LoadedApk$SplitDependencyLoaderImpl: java.lang.String[] getSplitPathsForSplit(java.lang.String)>",
						"<android.app.LoadedApk$SplitDependencyLoaderImpl: int ensureSplitLoaded(java.lang.String)>",
						"key field: <android.app.LoadedApk$SplitDependencyLoaderImpl: android.app.LoadedApk this$0>",
						"<android.app.LoadedApk$SplitDependencyLoaderImpl: int ensureSplitLoaded(java.lang.String)>"
					],
					"depth":6,
					"method":"<android.content.ContextWrapper: android.content.Context createDisplayContext(android.view.Display)>",
					"source":"FIELDCALLER"
				},
				{
					"trace":[
						"<android.content.Context: android.content.Context createConfigurationContext(android.content.res.Configuration)>",
						"<android.app.ContextImpl: android.content.Context createConfigurationContext(android.content.res.Configuration)>",
						"<android.app.ContextImpl: android.content.res.Resources createResources(android.os.IBinder,android.app.LoadedApk,java.lang.String,int,android.content.res.Configuration,android.content.res.CompatibilityInfo)>",
						"<android.app.LoadedApk: java.lang.String[] getSplitPaths(java.lang.String)>",
						"<android.app.LoadedApk$SplitDependencyLoaderImpl: java.lang.String[] getSplitPathsForSplit(java.lang.String)>",
						"<android.app.LoadedApk$SplitDependencyLoaderImpl: int ensureSplitLoaded(java.lang.String)>",
						"key field: <android.app.LoadedApk$SplitDependencyLoaderImpl: android.app.LoadedApk this$0>",
						"<android.app.LoadedApk$SplitDependencyLoaderImpl: int ensureSplitLoaded(java.lang.String)>"
					],
					"depth":6,
					"method":"<android.content.Context: android.content.Context createConfigurationContext(android.content.res.Configuration)>",
					"source":"FIELDCALLER"
				},
				{
					"trace":[
						"<android.content.ContextWrapper: android.content.Context createConfigurationContext(android.content.res.Configuration)>",
						"<android.app.ContextImpl: android.content.Context createConfigurationContext(android.content.res.Configuration)>",
						"<android.app.ContextImpl: android.content.res.Resources createResources(android.os.IBinder,android.app.LoadedApk,java.lang.String,int,android.content.res.Configuration,android.content.res.CompatibilityInfo)>",
						"<android.app.LoadedApk: java.lang.String[] getSplitPaths(java.lang.String)>",
						"<android.app.LoadedApk$SplitDependencyLoaderImpl: java.lang.String[] getSplitPathsForSplit(java.lang.String)>",
						"<android.app.LoadedApk$SplitDependencyLoaderImpl: int ensureSplitLoaded(java.lang.String)>",
						"key field: <android.app.LoadedApk$SplitDependencyLoaderImpl: android.app.LoadedApk this$0>",
						"<android.app.LoadedApk$SplitDependencyLoaderImpl: int ensureSplitLoaded(java.lang.String)>"
					],
					"depth":6,
					"method":"<android.content.ContextWrapper: android.content.Context createConfigurationContext(android.content.res.Configuration)>",
					"source":"FIELDCALLER"
				},
				{
					"trace":[
						"<android.app.ActivityThread: android.app.ContextImpl getSystemContext()>",
						"<android.app.ContextImpl: android.app.ContextImpl createSystemContext(android.app.ActivityThread)>",
						"<android.app.LoadedApk: android.content.res.Resources getResources()>",
						"<android.app.LoadedApk: java.lang.String[] getSplitPaths(java.lang.String)>",
						"<android.app.LoadedApk$SplitDependencyLoaderImpl: java.lang.String[] getSplitPathsForSplit(java.lang.String)>",
						"<android.app.LoadedApk$SplitDependencyLoaderImpl: int ensureSplitLoaded(java.lang.String)>",
						"key field: <android.app.LoadedApk$SplitDependencyLoaderImpl: android.app.LoadedApk this$0>",
						"<android.app.LoadedApk$SplitDependencyLoaderImpl: int ensureSplitLoaded(java.lang.String)>"
					],
					"depth":6,
					"method":"<android.app.ActivityThread: android.app.ContextImpl getSystemContext()>",
					"source":"FIELDCALLER"
				},
				{
					"trace":[
						"<android.app.ActivityThread$H: void handleMessage(android.os.Message)>",
						"<android.app.ActivityThread: void access$1300(android.app.ActivityThread,android.app.ActivityThread$AppBindData)>",
						"<android.app.ActivityThread: void handleBindApplication(android.app.ActivityThread$AppBindData)>",
						"<android.app.ActivityThread: android.app.LoadedApk getPackageInfo(android.content.pm.ApplicationInfo,android.content.res.CompatibilityInfo,java.lang.ClassLoader,boolean,boolean,boolean)>",
						"<android.app.LoadedApk: void <init>(android.app.ActivityThread,android.content.pm.ApplicationInfo,android.content.res.CompatibilityInfo,java.lang.ClassLoader,boolean,boolean,boolean)>",
						"<android.app.LoadedApk: void setApplicationInfo(android.content.pm.ApplicationInfo)>",
						"<android.app.LoadedApk$SplitDependencyLoaderImpl: void <init>(android.app.LoadedApk,android.util.SparseArray)>",
						"key field: <android.app.LoadedApk$SplitDependencyLoaderImpl: android.app.LoadedApk this$0>",
						"<android.app.LoadedApk$SplitDependencyLoaderImpl: int ensureSplitLoaded(java.lang.String)>"
					],
					"depth":7,
					"method":"<android.app.ActivityThread$H: void handleMessage(android.os.Message)>",
					"source":"FIELDCALLER"
				},
				{
					"trace":[
						"<android.app.ContextImpl: android.content.Context createPackageContextAsUser(java.lang.String,int,android.os.UserHandle)>",
						"<android.app.ActivityThread: android.app.LoadedApk getPackageInfo(java.lang.String,android.content.res.CompatibilityInfo,int,int)>",
						"<android.app.ActivityThread: android.app.LoadedApk getPackageInfo(android.content.pm.ApplicationInfo,android.content.res.CompatibilityInfo,int)>",
						"<android.app.ActivityThread: android.app.LoadedApk getPackageInfo(android.content.pm.ApplicationInfo,android.content.res.CompatibilityInfo,java.lang.ClassLoader,boolean,boolean,boolean)>",
						"<android.app.LoadedApk: void <init>(android.app.ActivityThread,android.content.pm.ApplicationInfo,android.content.res.CompatibilityInfo,java.lang.ClassLoader,boolean,boolean,boolean)>",
						"<android.app.LoadedApk: void setApplicationInfo(android.content.pm.ApplicationInfo)>",
						"<android.app.LoadedApk$SplitDependencyLoaderImpl: void <init>(android.app.LoadedApk,android.util.SparseArray)>",
						"key field: <android.app.LoadedApk$SplitDependencyLoaderImpl: android.app.LoadedApk this$0>",
						"<android.app.LoadedApk$SplitDependencyLoaderImpl: int ensureSplitLoaded(java.lang.String)>"
					],
					"depth":7,
					"method":"<android.app.ContextImpl: android.content.Context createPackageContextAsUser(java.lang.String,int,android.os.UserHandle)>",
					"source":"FIELDCALLER"
				},
				{
					"trace":[
						"<android.app.ActivityThread: android.app.LoadedApk getPackageInfo(java.lang.String,android.content.res.CompatibilityInfo,int)>",
						"<android.app.ActivityThread: android.app.LoadedApk getPackageInfo(java.lang.String,android.content.res.CompatibilityInfo,int,int)>",
						"<android.app.ActivityThread: android.app.LoadedApk getPackageInfo(android.content.pm.ApplicationInfo,android.content.res.CompatibilityInfo,int)>",
						"<android.app.ActivityThread: android.app.LoadedApk getPackageInfo(android.content.pm.ApplicationInfo,android.content.res.CompatibilityInfo,java.lang.ClassLoader,boolean,boolean,boolean)>",
						"<android.app.LoadedApk: void <init>(android.app.ActivityThread,android.content.pm.ApplicationInfo,android.content.res.CompatibilityInfo,java.lang.ClassLoader,boolean,boolean,boolean)>",
						"<android.app.LoadedApk: void setApplicationInfo(android.content.pm.ApplicationInfo)>",
						"<android.app.LoadedApk$SplitDependencyLoaderImpl: void <init>(android.app.LoadedApk,android.util.SparseArray)>",
						"key field: <android.app.LoadedApk$SplitDependencyLoaderImpl: android.app.LoadedApk this$0>",
						"<android.app.LoadedApk$SplitDependencyLoaderImpl: int ensureSplitLoaded(java.lang.String)>"
					],
					"depth":7,
					"method":"<android.app.ActivityThread: android.app.LoadedApk getPackageInfo(java.lang.String,android.content.res.CompatibilityInfo,int)>",
					"source":"FIELDCALLER"
				},
				{
					"trace":[
						"<android.app.ActivityThread: android.app.Activity handleLaunchActivity(android.app.ActivityThread$ActivityClientRecord,android.app.servertransaction.PendingTransactionActions,android.content.Intent)>",
						"<android.app.ActivityThread: android.app.Activity performLaunchActivity(android.app.ActivityThread$ActivityClientRecord,android.content.Intent)>",
						"<android.app.ActivityThread: android.app.LoadedApk getPackageInfo(android.content.pm.ApplicationInfo,android.content.res.CompatibilityInfo,int)>",
						"<android.app.ActivityThread: android.app.LoadedApk getPackageInfo(android.content.pm.ApplicationInfo,android.content.res.CompatibilityInfo,java.lang.ClassLoader,boolean,boolean,boolean)>",
						"<android.app.LoadedApk: void <init>(android.app.ActivityThread,android.content.pm.ApplicationInfo,android.content.res.CompatibilityInfo,java.lang.ClassLoader,boolean,boolean,boolean)>",
						"<android.app.LoadedApk: void setApplicationInfo(android.content.pm.ApplicationInfo)>",
						"<android.app.LoadedApk$SplitDependencyLoaderImpl: void <init>(android.app.LoadedApk,android.util.SparseArray)>",
						"key field: <android.app.LoadedApk$SplitDependencyLoaderImpl: android.app.LoadedApk this$0>",
						"<android.app.LoadedApk$SplitDependencyLoaderImpl: int ensureSplitLoaded(java.lang.String)>"
					],
					"depth":7,
					"method":"<android.app.ActivityThread: android.app.Activity handleLaunchActivity(android.app.ActivityThread$ActivityClientRecord,android.app.servertransaction.PendingTransactionActions,android.content.Intent)>",
					"source":"FIELDCALLER"
				},
				{
					"trace":[
						"<android.app.ActivityThread: android.app.Activity startActivityNow(android.app.Activity,java.lang.String,android.content.Intent,android.content.pm.ActivityInfo,android.os.IBinder,android.os.Bundle,android.app.Activity$NonConfigurationInstances,android.os.IBinder)>",
						"<android.app.ActivityThread: android.app.Activity performLaunchActivity(android.app.ActivityThread$ActivityClientRecord,android.content.Intent)>",
						"<android.app.ActivityThread: android.app.LoadedApk getPackageInfo(android.content.pm.ApplicationInfo,android.content.res.CompatibilityInfo,int)>",
						"<android.app.ActivityThread: android.app.LoadedApk getPackageInfo(android.content.pm.ApplicationInfo,android.content.res.CompatibilityInfo,java.lang.ClassLoader,boolean,boolean,boolean)>",
						"<android.app.LoadedApk: void <init>(android.app.ActivityThread,android.content.pm.ApplicationInfo,android.content.res.CompatibilityInfo,java.lang.ClassLoader,boolean,boolean,boolean)>",
						"<android.app.LoadedApk: void setApplicationInfo(android.content.pm.ApplicationInfo)>",
						"<android.app.LoadedApk$SplitDependencyLoaderImpl: void <init>(android.app.LoadedApk,android.util.SparseArray)>",
						"key field: <android.app.LoadedApk$SplitDependencyLoaderImpl: android.app.LoadedApk this$0>",
						"<android.app.LoadedApk$SplitDependencyLoaderImpl: int ensureSplitLoaded(java.lang.String)>"
					],
					"depth":7,
					"method":"<android.app.ActivityThread: android.app.Activity startActivityNow(android.app.Activity,java.lang.String,android.content.Intent,android.content.pm.ActivityInfo,android.os.IBinder,android.os.Bundle,android.app.Activity$NonConfigurationInstances,android.os.IBinder)>",
					"source":"FIELDCALLER"
				},
				{
					"trace":[
						"<android.app.Notification$Builder: android.app.Notification$Builder recoverBuilder(android.content.Context,android.app.Notification)>",
						"<android.app.ContextImpl: android.content.Context createApplicationContext(android.content.pm.ApplicationInfo,int)>",
						"<android.app.ActivityThread: android.app.LoadedApk getPackageInfo(android.content.pm.ApplicationInfo,android.content.res.CompatibilityInfo,int)>",
						"<android.app.ActivityThread: android.app.LoadedApk getPackageInfo(android.content.pm.ApplicationInfo,android.content.res.CompatibilityInfo,java.lang.ClassLoader,boolean,boolean,boolean)>",
						"<android.app.LoadedApk: void <init>(android.app.ActivityThread,android.content.pm.ApplicationInfo,android.content.res.CompatibilityInfo,java.lang.ClassLoader,boolean,boolean,boolean)>",
						"<android.app.LoadedApk: void setApplicationInfo(android.content.pm.ApplicationInfo)>",
						"<android.app.LoadedApk$SplitDependencyLoaderImpl: void <init>(android.app.LoadedApk,android.util.SparseArray)>",
						"key field: <android.app.LoadedApk$SplitDependencyLoaderImpl: android.app.LoadedApk this$0>",
						"<android.app.LoadedApk$SplitDependencyLoaderImpl: int ensureSplitLoaded(java.lang.String)>"
					],
					"depth":7,
					"method":"<android.app.Notification$Builder: android.app.Notification$Builder recoverBuilder(android.content.Context,android.app.Notification)>",
					"source":"FIELDCALLER"
				},
				{
					"trace":[
						"<android.content.Context: android.content.Context createApplicationContext(android.content.pm.ApplicationInfo,int)>",
						"<android.app.ContextImpl: android.content.Context createApplicationContext(android.content.pm.ApplicationInfo,int)>",
						"<android.app.ActivityThread: android.app.LoadedApk getPackageInfo(android.content.pm.ApplicationInfo,android.content.res.CompatibilityInfo,int)>",
						"<android.app.ActivityThread: android.app.LoadedApk getPackageInfo(android.content.pm.ApplicationInfo,android.content.res.CompatibilityInfo,java.lang.ClassLoader,boolean,boolean,boolean)>",
						"<android.app.LoadedApk: void <init>(android.app.ActivityThread,android.content.pm.ApplicationInfo,android.content.res.CompatibilityInfo,java.lang.ClassLoader,boolean,boolean,boolean)>",
						"<android.app.LoadedApk: void setApplicationInfo(android.content.pm.ApplicationInfo)>",
						"<android.app.LoadedApk$SplitDependencyLoaderImpl: void <init>(android.app.LoadedApk,android.util.SparseArray)>",
						"key field: <android.app.LoadedApk$SplitDependencyLoaderImpl: android.app.LoadedApk this$0>",
						"<android.app.LoadedApk$SplitDependencyLoaderImpl: int ensureSplitLoaded(java.lang.String)>"
					],
					"depth":7,
					"method":"<android.content.Context: android.content.Context createApplicationContext(android.content.pm.ApplicationInfo,int)>",
					"source":"FIELDCALLER"
				},
				{
					"trace":[
						"<android.content.ContextWrapper: android.content.Context createApplicationContext(android.content.pm.ApplicationInfo,int)>",
						"<android.app.ContextImpl: android.content.Context createApplicationContext(android.content.pm.ApplicationInfo,int)>",
						"<android.app.ActivityThread: android.app.LoadedApk getPackageInfo(android.content.pm.ApplicationInfo,android.content.res.CompatibilityInfo,int)>",
						"<android.app.ActivityThread: android.app.LoadedApk getPackageInfo(android.content.pm.ApplicationInfo,android.content.res.CompatibilityInfo,java.lang.ClassLoader,boolean,boolean,boolean)>",
						"<android.app.LoadedApk: void <init>(android.app.ActivityThread,android.content.pm.ApplicationInfo,android.content.res.CompatibilityInfo,java.lang.ClassLoader,boolean,boolean,boolean)>",
						"<android.app.LoadedApk: void setApplicationInfo(android.content.pm.ApplicationInfo)>",
						"<android.app.LoadedApk$SplitDependencyLoaderImpl: void <init>(android.app.LoadedApk,android.util.SparseArray)>",
						"key field: <android.app.LoadedApk$SplitDependencyLoaderImpl: android.app.LoadedApk this$0>",
						"<android.app.LoadedApk$SplitDependencyLoaderImpl: int ensureSplitLoaded(java.lang.String)>"
					],
					"depth":7,
					"method":"<android.content.ContextWrapper: android.content.Context createApplicationContext(android.content.pm.ApplicationInfo,int)>",
					"source":"FIELDCALLER"
				},
				{
					"trace":[
						"<android.app.ActivityThread: android.app.ContextImpl getSystemUiContext()>",
						"<android.app.ContextImpl: android.app.ContextImpl createSystemUiContext(android.app.ContextImpl)>",
						"<android.app.ContextImpl: android.app.ContextImpl createSystemUiContext(android.app.ContextImpl,int)>",
						"<android.app.ContextImpl: android.content.res.Resources createResources(android.os.IBinder,android.app.LoadedApk,java.lang.String,int,android.content.res.Configuration,android.content.res.CompatibilityInfo)>",
						"<android.app.LoadedApk: java.lang.String[] getSplitPaths(java.lang.String)>",
						"<android.app.LoadedApk$SplitDependencyLoaderImpl: java.lang.String[] getSplitPathsForSplit(java.lang.String)>",
						"<android.app.LoadedApk$SplitDependencyLoaderImpl: int ensureSplitLoaded(java.lang.String)>",
						"key field: <android.app.LoadedApk$SplitDependencyLoaderImpl: android.app.LoadedApk this$0>",
						"<android.app.LoadedApk$SplitDependencyLoaderImpl: int ensureSplitLoaded(java.lang.String)>"
					],
					"depth":7,
					"method":"<android.app.ActivityThread: android.app.ContextImpl getSystemUiContext()>",
					"source":"FIELDCALLER"
				},
				{
					"trace":[
						"<android.app.ActivityThread: android.content.IContentProvider acquireProvider(android.content.Context,java.lang.String,int,boolean)>",
						"<android.app.ActivityThread: android.app.ContentProviderHolder installProvider(android.content.Context,android.app.ContentProviderHolder,android.content.pm.ProviderInfo,boolean,boolean,boolean)>",
						"<android.content.ContextWrapper: android.content.Context createContextForSplit(java.lang.String)>",
						"<android.app.ContextImpl: android.content.Context createContextForSplit(java.lang.String)>",
						"<android.app.LoadedApk: java.lang.String[] getSplitPaths(java.lang.String)>",
						"<android.app.LoadedApk$SplitDependencyLoaderImpl: java.lang.String[] getSplitPathsForSplit(java.lang.String)>",
						"<android.app.LoadedApk$SplitDependencyLoaderImpl: int ensureSplitLoaded(java.lang.String)>",
						"key field: <android.app.LoadedApk$SplitDependencyLoaderImpl: android.app.LoadedApk this$0>",
						"<android.app.LoadedApk$SplitDependencyLoaderImpl: int ensureSplitLoaded(java.lang.String)>"
					],
					"depth":7,
					"method":"<android.app.ActivityThread: android.content.IContentProvider acquireProvider(android.content.Context,java.lang.String,int,boolean)>",
					"source":"FIELDCALLER"
				},
				{
					"trace":[
						"<android.app.LoadedApk: android.app.Application makeApplication(boolean,android.app.Instrumentation)>",
						"<android.app.ContextImpl: android.app.ContextImpl createAppContext(android.app.ActivityThread,android.app.LoadedApk)>",
						"<android.app.ContextImpl: android.app.ContextImpl createAppContext(android.app.ActivityThread,android.app.LoadedApk,java.lang.String)>",
						"<android.app.LoadedApk: android.content.res.Resources getResources()>",
						"<android.app.LoadedApk: java.lang.String[] getSplitPaths(java.lang.String)>",
						"<android.app.LoadedApk$SplitDependencyLoaderImpl: java.lang.String[] getSplitPathsForSplit(java.lang.String)>",
						"<android.app.LoadedApk$SplitDependencyLoaderImpl: int ensureSplitLoaded(java.lang.String)>",
						"key field: <android.app.LoadedApk$SplitDependencyLoaderImpl: android.app.LoadedApk this$0>",
						"<android.app.LoadedApk$SplitDependencyLoaderImpl: int ensureSplitLoaded(java.lang.String)>"
					],
					"depth":7,
					"method":"<android.app.LoadedApk: android.app.Application makeApplication(boolean,android.app.Instrumentation)>",
					"source":"FIELDCALLER"
				},
				{
					"trace":[
						"<android.app.ActivityThread$ApplicationThread: void updateHttpProxy()>",
						"<android.app.ActivityThread: android.app.ContextImpl getSystemContext()>",
						"<android.app.ContextImpl: android.app.ContextImpl createSystemContext(android.app.ActivityThread)>",
						"<android.app.LoadedApk: android.content.res.Resources getResources()>",
						"<android.app.LoadedApk: java.lang.String[] getSplitPaths(java.lang.String)>",
						"<android.app.LoadedApk$SplitDependencyLoaderImpl: java.lang.String[] getSplitPathsForSplit(java.lang.String)>",
						"<android.app.LoadedApk$SplitDependencyLoaderImpl: int ensureSplitLoaded(java.lang.String)>",
						"key field: <android.app.LoadedApk$SplitDependencyLoaderImpl: android.app.LoadedApk this$0>",
						"<android.app.LoadedApk$SplitDependencyLoaderImpl: int ensureSplitLoaded(java.lang.String)>"
					],
					"depth":7,
					"method":"<android.app.ActivityThread$ApplicationThread: void updateHttpProxy()>",
					"source":"FIELDCALLER"
				},
				{
					"trace":[
						"<android.app.QueuedWork: void queue(java.lang.Runnable,boolean)>",
						"<android.app.ActivityThread$H: void handleMessage(android.os.Message)>",
						"<android.app.ActivityThread: void access$1300(android.app.ActivityThread,android.app.ActivityThread$AppBindData)>",
						"<android.app.ActivityThread: void handleBindApplication(android.app.ActivityThread$AppBindData)>",
						"<android.app.ActivityThread: android.app.LoadedApk getPackageInfo(android.content.pm.ApplicationInfo,android.content.res.CompatibilityInfo,java.lang.ClassLoader,boolean,boolean,boolean)>",
						"<android.app.LoadedApk: void <init>(android.app.ActivityThread,android.content.pm.ApplicationInfo,android.content.res.CompatibilityInfo,java.lang.ClassLoader,boolean,boolean,boolean)>",
						"<android.app.LoadedApk: void setApplicationInfo(android.content.pm.ApplicationInfo)>",
						"<android.app.LoadedApk$SplitDependencyLoaderImpl: void <init>(android.app.LoadedApk,android.util.SparseArray)>",
						"key field: <android.app.LoadedApk$SplitDependencyLoaderImpl: android.app.LoadedApk this$0>",
						"<android.app.LoadedApk$SplitDependencyLoaderImpl: int ensureSplitLoaded(java.lang.String)>"
					],
					"depth":8,
					"method":"<android.app.QueuedWork: void queue(java.lang.Runnable,boolean)>",
					"source":"FIELDCALLER"
				},
				{
					"trace":[
						"<android.app.ActivityThread: boolean releaseProvider(android.content.IContentProvider,boolean)>",
						"<android.app.ActivityThread$H: void handleMessage(android.os.Message)>",
						"<android.app.ActivityThread: void access$1300(android.app.ActivityThread,android.app.ActivityThread$AppBindData)>",
						"<android.app.ActivityThread: void handleBindApplication(android.app.ActivityThread$AppBindData)>",
						"<android.app.ActivityThread: android.app.LoadedApk getPackageInfo(android.content.pm.ApplicationInfo,android.content.res.CompatibilityInfo,java.lang.ClassLoader,boolean,boolean,boolean)>",
						"<android.app.LoadedApk: void <init>(android.app.ActivityThread,android.content.pm.ApplicationInfo,android.content.res.CompatibilityInfo,java.lang.ClassLoader,boolean,boolean,boolean)>",
						"<android.app.LoadedApk: void setApplicationInfo(android.content.pm.ApplicationInfo)>",
						"<android.app.LoadedApk$SplitDependencyLoaderImpl: void <init>(android.app.LoadedApk,android.util.SparseArray)>",
						"key field: <android.app.LoadedApk$SplitDependencyLoaderImpl: android.app.LoadedApk this$0>",
						"<android.app.LoadedApk$SplitDependencyLoaderImpl: int ensureSplitLoaded(java.lang.String)>"
					],
					"depth":8,
					"method":"<android.app.ActivityThread: boolean releaseProvider(android.content.IContentProvider,boolean)>",
					"source":"FIELDCALLER"
				},
				{
					"trace":[
						"<android.hardware.camera2.legacy.RequestThreadManager$5: boolean handleMessage(android.os.Message)>",
						"<android.app.ActivityThread$H: void handleMessage(android.os.Message)>",
						"<android.app.ActivityThread: void access$1300(android.app.ActivityThread,android.app.ActivityThread$AppBindData)>",
						"<android.app.ActivityThread: void handleBindApplication(android.app.ActivityThread$AppBindData)>",
						"<android.app.ActivityThread: android.app.LoadedApk getPackageInfo(android.content.pm.ApplicationInfo,android.content.res.CompatibilityInfo,java.lang.ClassLoader,boolean,boolean,boolean)>",
						"<android.app.LoadedApk: void <init>(android.app.ActivityThread,android.content.pm.ApplicationInfo,android.content.res.CompatibilityInfo,java.lang.ClassLoader,boolean,boolean,boolean)>",
						"<android.app.LoadedApk: void setApplicationInfo(android.content.pm.ApplicationInfo)>",
						"<android.app.LoadedApk$SplitDependencyLoaderImpl: void <init>(android.app.LoadedApk,android.util.SparseArray)>",
						"key field: <android.app.LoadedApk$SplitDependencyLoaderImpl: android.app.LoadedApk this$0>",
						"<android.app.LoadedApk$SplitDependencyLoaderImpl: int ensureSplitLoaded(java.lang.String)>"
					],
					"depth":8,
					"method":"<android.hardware.camera2.legacy.RequestThreadManager$5: boolean handleMessage(android.os.Message)>",
					"source":"FIELDCALLER"
				},
				{
					"trace":[
						"<android.os.Handler$Callback: boolean handleMessage(android.os.Message)>",
						"<android.app.ActivityThread$H: void handleMessage(android.os.Message)>",
						"<android.app.ActivityThread: void access$1300(android.app.ActivityThread,android.app.ActivityThread$AppBindData)>",
						"<android.app.ActivityThread: void handleBindApplication(android.app.ActivityThread$AppBindData)>",
						"<android.app.ActivityThread: android.app.LoadedApk getPackageInfo(android.content.pm.ApplicationInfo,android.content.res.CompatibilityInfo,java.lang.ClassLoader,boolean,boolean,boolean)>",
						"<android.app.LoadedApk: void <init>(android.app.ActivityThread,android.content.pm.ApplicationInfo,android.content.res.CompatibilityInfo,java.lang.ClassLoader,boolean,boolean,boolean)>",
						"<android.app.LoadedApk: void setApplicationInfo(android.content.pm.ApplicationInfo)>",
						"<android.app.LoadedApk$SplitDependencyLoaderImpl: void <init>(android.app.LoadedApk,android.util.SparseArray)>",
						"key field: <android.app.LoadedApk$SplitDependencyLoaderImpl: android.app.LoadedApk this$0>",
						"<android.app.LoadedApk$SplitDependencyLoaderImpl: int ensureSplitLoaded(java.lang.String)>"
					],
					"depth":8,
					"method":"<android.os.Handler$Callback: boolean handleMessage(android.os.Message)>",
					"source":"FIELDCALLER"
				},
				{
					"trace":[
						"<android.widget.RemoteViewsAdapter$RemoteServiceHandler: void handleMessage(android.os.Message)>",
						"<android.app.ActivityThread$H: void handleMessage(android.os.Message)>",
						"<android.app.ActivityThread: void access$1300(android.app.ActivityThread,android.app.ActivityThread$AppBindData)>",
						"<android.app.ActivityThread: void handleBindApplication(android.app.ActivityThread$AppBindData)>",
						"<android.app.ActivityThread: android.app.LoadedApk getPackageInfo(android.content.pm.ApplicationInfo,android.content.res.CompatibilityInfo,java.lang.ClassLoader,boolean,boolean,boolean)>",
						"<android.app.LoadedApk: void <init>(android.app.ActivityThread,android.content.pm.ApplicationInfo,android.content.res.CompatibilityInfo,java.lang.ClassLoader,boolean,boolean,boolean)>",
						"<android.app.LoadedApk: void setApplicationInfo(android.content.pm.ApplicationInfo)>",
						"<android.app.LoadedApk$SplitDependencyLoaderImpl: void <init>(android.app.LoadedApk,android.util.SparseArray)>",
						"key field: <android.app.LoadedApk$SplitDependencyLoaderImpl: android.app.LoadedApk this$0>",
						"<android.app.LoadedApk$SplitDependencyLoaderImpl: int ensureSplitLoaded(java.lang.String)>"
					],
					"depth":8,
					"method":"<android.widget.RemoteViewsAdapter$RemoteServiceHandler: void handleMessage(android.os.Message)>",
					"source":"FIELDCALLER"
				},
				{
					"trace":[
						"<android.widget.Filter$RequestHandler: void handleMessage(android.os.Message)>",
						"<android.app.ActivityThread$H: void handleMessage(android.os.Message)>",
						"<android.app.ActivityThread: void access$1300(android.app.ActivityThread,android.app.ActivityThread$AppBindData)>",
						"<android.app.ActivityThread: void handleBindApplication(android.app.ActivityThread$AppBindData)>",
						"<android.app.ActivityThread: android.app.LoadedApk getPackageInfo(android.content.pm.ApplicationInfo,android.content.res.CompatibilityInfo,java.lang.ClassLoader,boolean,boolean,boolean)>",
						"<android.app.LoadedApk: void <init>(android.app.ActivityThread,android.content.pm.ApplicationInfo,android.content.res.CompatibilityInfo,java.lang.ClassLoader,boolean,boolean,boolean)>",
						"<android.app.LoadedApk: void setApplicationInfo(android.content.pm.ApplicationInfo)>",
						"<android.app.LoadedApk$SplitDependencyLoaderImpl: void <init>(android.app.LoadedApk,android.util.SparseArray)>",
						"key field: <android.app.LoadedApk$SplitDependencyLoaderImpl: android.app.LoadedApk this$0>",
						"<android.app.LoadedApk$SplitDependencyLoaderImpl: int ensureSplitLoaded(java.lang.String)>"
					],
					"depth":8,
					"method":"<android.widget.Filter$RequestHandler: void handleMessage(android.os.Message)>",
					"source":"FIELDCALLER"
				},
				{
					"trace":[
						"<android.app.ContextImpl: android.content.Context createPackageContext(java.lang.String,int)>",
						"<android.app.ContextImpl: android.content.Context createPackageContextAsUser(java.lang.String,int,android.os.UserHandle)>",
						"<android.app.ActivityThread: android.app.LoadedApk getPackageInfo(java.lang.String,android.content.res.CompatibilityInfo,int,int)>",
						"<android.app.ActivityThread: android.app.LoadedApk getPackageInfo(android.content.pm.ApplicationInfo,android.content.res.CompatibilityInfo,int)>",
						"<android.app.ActivityThread: android.app.LoadedApk getPackageInfo(android.content.pm.ApplicationInfo,android.content.res.CompatibilityInfo,java.lang.ClassLoader,boolean,boolean,boolean)>",
						"<android.app.LoadedApk: void <init>(android.app.ActivityThread,android.content.pm.ApplicationInfo,android.content.res.CompatibilityInfo,java.lang.ClassLoader,boolean,boolean,boolean)>",
						"<android.app.LoadedApk: void setApplicationInfo(android.content.pm.ApplicationInfo)>",
						"<android.app.LoadedApk$SplitDependencyLoaderImpl: void <init>(android.app.LoadedApk,android.util.SparseArray)>",
						"key field: <android.app.LoadedApk$SplitDependencyLoaderImpl: android.app.LoadedApk this$0>",
						"<android.app.LoadedApk$SplitDependencyLoaderImpl: int ensureSplitLoaded(java.lang.String)>"
					],
					"depth":8,
					"method":"<android.app.ContextImpl: android.content.Context createPackageContext(java.lang.String,int)>",
					"source":"FIELDCALLER"
				},
				{
					"trace":[
						"<android.content.ContextWrapper: android.content.Context createPackageContextAsUser(java.lang.String,int,android.os.UserHandle)>",
						"<android.app.ContextImpl: android.content.Context createPackageContextAsUser(java.lang.String,int,android.os.UserHandle)>",
						"<android.app.ActivityThread: android.app.LoadedApk getPackageInfo(java.lang.String,android.content.res.CompatibilityInfo,int,int)>",
						"<android.app.ActivityThread: android.app.LoadedApk getPackageInfo(android.content.pm.ApplicationInfo,android.content.res.CompatibilityInfo,int)>",
						"<android.app.ActivityThread: android.app.LoadedApk getPackageInfo(android.content.pm.ApplicationInfo,android.content.res.CompatibilityInfo,java.lang.ClassLoader,boolean,boolean,boolean)>",
						"<android.app.LoadedApk: void <init>(android.app.ActivityThread,android.content.pm.ApplicationInfo,android.content.res.CompatibilityInfo,java.lang.ClassLoader,boolean,boolean,boolean)>",
						"<android.app.LoadedApk: void setApplicationInfo(android.content.pm.ApplicationInfo)>",
						"<android.app.LoadedApk$SplitDependencyLoaderImpl: void <init>(android.app.LoadedApk,android.util.SparseArray)>",
						"key field: <android.app.LoadedApk$SplitDependencyLoaderImpl: android.app.LoadedApk this$0>",
						"<android.app.LoadedApk$SplitDependencyLoaderImpl: int ensureSplitLoaded(java.lang.String)>"
					],
					"depth":8,
					"method":"<android.content.ContextWrapper: android.content.Context createPackageContextAsUser(java.lang.String,int,android.os.UserHandle)>",
					"source":"FIELDCALLER"
				},
				{
					"trace":[
						"<android.app.servertransaction.LaunchActivityItem: void execute(android.app.ClientTransactionHandler,android.os.IBinder,android.app.servertransaction.PendingTransactionActions)>",
						"<android.app.ActivityThread: android.app.Activity handleLaunchActivity(android.app.ActivityThread$ActivityClientRecord,android.app.servertransaction.PendingTransactionActions,android.content.Intent)>",
						"<android.app.ActivityThread: android.app.Activity performLaunchActivity(android.app.ActivityThread$ActivityClientRecord,android.content.Intent)>",
						"<android.app.ActivityThread: android.app.LoadedApk getPackageInfo(android.content.pm.ApplicationInfo,android.content.res.CompatibilityInfo,int)>",
						"<android.app.ActivityThread: android.app.LoadedApk getPackageInfo(android.content.pm.ApplicationInfo,android.content.res.CompatibilityInfo,java.lang.ClassLoader,boolean,boolean,boolean)>",
						"<android.app.LoadedApk: void <init>(android.app.ActivityThread,android.content.pm.ApplicationInfo,android.content.res.CompatibilityInfo,java.lang.ClassLoader,boolean,boolean,boolean)>",
						"<android.app.LoadedApk: void setApplicationInfo(android.content.pm.ApplicationInfo)>",
						"<android.app.LoadedApk$SplitDependencyLoaderImpl: void <init>(android.app.LoadedApk,android.util.SparseArray)>",
						"key field: <android.app.LoadedApk$SplitDependencyLoaderImpl: android.app.LoadedApk this$0>",
						"<android.app.LoadedApk$SplitDependencyLoaderImpl: int ensureSplitLoaded(java.lang.String)>"
					],
					"depth":8,
					"method":"<android.app.servertransaction.LaunchActivityItem: void execute(android.app.ClientTransactionHandler,android.os.IBinder,android.app.servertransaction.PendingTransactionActions)>",
					"source":"FIELDCALLER"
				},
				{
					"trace":[
						"<android.app.servertransaction.TransactionExecutor: void executeCallbacks(android.app.servertransaction.ClientTransaction)>",
						"<android.app.servertransaction.LaunchActivityItem: void execute(android.app.ClientTransactionHandler,android.os.IBinder,android.app.servertransaction.PendingTransactionActions)>",
						"<android.app.ActivityThread$ActivityClientRecord: void <init>(android.os.IBinder,android.content.Intent,int,android.content.pm.ActivityInfo,android.content.res.Configuration,android.content.res.CompatibilityInfo,java.lang.String,com.android.internal.app.IVoiceInteractor,android.os.Bundle,android.os.PersistableBundle,java.util.List,java.util.List,boolean,android.app.ProfilerInfo,android.app.ClientTransactionHandler,android.os.IBinder)>",
						"<android.app.ActivityThread: android.app.LoadedApk getPackageInfoNoCheck(android.content.pm.ApplicationInfo,android.content.res.CompatibilityInfo)>",
						"<android.app.ActivityThread: android.app.LoadedApk getPackageInfo(android.content.pm.ApplicationInfo,android.content.res.CompatibilityInfo,java.lang.ClassLoader,boolean,boolean,boolean)>",
						"<android.app.LoadedApk: void <init>(android.app.ActivityThread,android.content.pm.ApplicationInfo,android.content.res.CompatibilityInfo,java.lang.ClassLoader,boolean,boolean,boolean)>",
						"<android.app.LoadedApk: void setApplicationInfo(android.content.pm.ApplicationInfo)>",
						"<android.app.LoadedApk$SplitDependencyLoaderImpl: void <init>(android.app.LoadedApk,android.util.SparseArray)>",
						"key field: <android.app.LoadedApk$SplitDependencyLoaderImpl: android.app.LoadedApk this$0>",
						"<android.app.LoadedApk$SplitDependencyLoaderImpl: int ensureSplitLoaded(java.lang.String)>"
					],
					"depth":8,
					"method":"<android.app.servertransaction.TransactionExecutor: void executeCallbacks(android.app.servertransaction.ClientTransaction)>",
					"source":"FIELDCALLER"
				},
				{
					"trace":[
						"<android.app.ApplicationPackageManager: android.content.res.Resources getResourcesForApplication(android.content.pm.ApplicationInfo)>",
						"<android.app.ActivityThread: android.app.ContextImpl getSystemUiContext()>",
						"<android.app.ContextImpl: android.app.ContextImpl createSystemUiContext(android.app.ContextImpl)>",
						"<android.app.ContextImpl: android.app.ContextImpl createSystemUiContext(android.app.ContextImpl,int)>",
						"<android.app.ContextImpl: android.content.res.Resources createResources(android.os.IBinder,android.app.LoadedApk,java.lang.String,int,android.content.res.Configuration,android.content.res.CompatibilityInfo)>",
						"<android.app.LoadedApk: java.lang.String[] getSplitPaths(java.lang.String)>",
						"<android.app.LoadedApk$SplitDependencyLoaderImpl: java.lang.String[] getSplitPathsForSplit(java.lang.String)>",
						"<android.app.LoadedApk$SplitDependencyLoaderImpl: int ensureSplitLoaded(java.lang.String)>",
						"key field: <android.app.LoadedApk$SplitDependencyLoaderImpl: android.app.LoadedApk this$0>",
						"<android.app.LoadedApk$SplitDependencyLoaderImpl: int ensureSplitLoaded(java.lang.String)>"
					],
					"depth":8,
					"method":"<android.app.ApplicationPackageManager: android.content.res.Resources getResourcesForApplication(android.content.pm.ApplicationInfo)>",
					"source":"FIELDCALLER"
				},
				{
					"trace":[
						"<android.app.ActivityThread: void installSystemApplicationInfo(android.content.pm.ApplicationInfo,java.lang.ClassLoader)>",
						"<android.app.ActivityThread: android.app.ContextImpl getSystemUiContext()>",
						"<android.app.ContextImpl: android.app.ContextImpl createSystemUiContext(android.app.ContextImpl)>",
						"<android.app.ContextImpl: android.app.ContextImpl createSystemUiContext(android.app.ContextImpl,int)>",
						"<android.app.ContextImpl: android.content.res.Resources createResources(android.os.IBinder,android.app.LoadedApk,java.lang.String,int,android.content.res.Configuration,android.content.res.CompatibilityInfo)>",
						"<android.app.LoadedApk: java.lang.String[] getSplitPaths(java.lang.String)>",
						"<android.app.LoadedApk$SplitDependencyLoaderImpl: java.lang.String[] getSplitPathsForSplit(java.lang.String)>",
						"<android.app.LoadedApk$SplitDependencyLoaderImpl: int ensureSplitLoaded(java.lang.String)>",
						"key field: <android.app.LoadedApk$SplitDependencyLoaderImpl: android.app.LoadedApk this$0>",
						"<android.app.LoadedApk$SplitDependencyLoaderImpl: int ensureSplitLoaded(java.lang.String)>"
					],
					"depth":8,
					"method":"<android.app.ActivityThread: void installSystemApplicationInfo(android.content.pm.ApplicationInfo,java.lang.ClassLoader)>",
					"source":"FIELDCALLER"
				},
				{
					"trace":[
						"<android.app.ActivityThread: android.app.ContextImpl createSystemUiContext(int)>",
						"<android.app.ActivityThread: android.app.ContextImpl getSystemUiContext()>",
						"<android.app.ContextImpl: android.app.ContextImpl createSystemUiContext(android.app.ContextImpl)>",
						"<android.app.ContextImpl: android.app.ContextImpl createSystemUiContext(android.app.ContextImpl,int)>",
						"<android.app.ContextImpl: android.content.res.Resources createResources(android.os.IBinder,android.app.LoadedApk,java.lang.String,int,android.content.res.Configuration,android.content.res.CompatibilityInfo)>",
						"<android.app.LoadedApk: java.lang.String[] getSplitPaths(java.lang.String)>",
						"<android.app.LoadedApk$SplitDependencyLoaderImpl: java.lang.String[] getSplitPathsForSplit(java.lang.String)>",
						"<android.app.LoadedApk$SplitDependencyLoaderImpl: int ensureSplitLoaded(java.lang.String)>",
						"key field: <android.app.LoadedApk$SplitDependencyLoaderImpl: android.app.LoadedApk this$0>",
						"<android.app.LoadedApk$SplitDependencyLoaderImpl: int ensureSplitLoaded(java.lang.String)>"
					],
					"depth":8,
					"method":"<android.app.ActivityThread: android.app.ContextImpl createSystemUiContext(int)>",
					"source":"FIELDCALLER"
				},
				{
					"trace":[
						"<android.app.ApplicationPackageManager: android.content.res.Resources getResourcesForApplicationAsUser(java.lang.String,int)>",
						"<android.app.ActivityThread: android.app.ContextImpl getSystemUiContext()>",
						"<android.app.ContextImpl: android.app.ContextImpl createSystemUiContext(android.app.ContextImpl)>",
						"<android.app.ContextImpl: android.app.ContextImpl createSystemUiContext(android.app.ContextImpl,int)>",
						"<android.app.ContextImpl: android.content.res.Resources createResources(android.os.IBinder,android.app.LoadedApk,java.lang.String,int,android.content.res.Configuration,android.content.res.CompatibilityInfo)>",
						"<android.app.LoadedApk: java.lang.String[] getSplitPaths(java.lang.String)>",
						"<android.app.LoadedApk$SplitDependencyLoaderImpl: java.lang.String[] getSplitPathsForSplit(java.lang.String)>",
						"<android.app.LoadedApk$SplitDependencyLoaderImpl: int ensureSplitLoaded(java.lang.String)>",
						"key field: <android.app.LoadedApk$SplitDependencyLoaderImpl: android.app.LoadedApk this$0>",
						"<android.app.LoadedApk$SplitDependencyLoaderImpl: int ensureSplitLoaded(java.lang.String)>"
					],
					"depth":8,
					"method":"<android.app.ApplicationPackageManager: android.content.res.Resources getResourcesForApplicationAsUser(java.lang.String,int)>",
					"source":"FIELDCALLER"
				},
				{
					"trace":[
						"<android.app.ActivityThread: void handleInstallProvider(android.content.pm.ProviderInfo)>",
						"<android.app.ActivityThread: void installContentProviders(android.content.Context,java.util.List)>",
						"<android.app.ActivityThread: android.app.ContentProviderHolder installProvider(android.content.Context,android.app.ContentProviderHolder,android.content.pm.ProviderInfo,boolean,boolean,boolean)>",
						"<android.content.ContextWrapper: android.content.Context createContextForSplit(java.lang.String)>",
						"<android.app.ContextImpl: android.content.Context createContextForSplit(java.lang.String)>",
						"<android.app.LoadedApk: java.lang.String[] getSplitPaths(java.lang.String)>",
						"<android.app.LoadedApk$SplitDependencyLoaderImpl: java.lang.String[] getSplitPathsForSplit(java.lang.String)>",
						"<android.app.LoadedApk$SplitDependencyLoaderImpl: int ensureSplitLoaded(java.lang.String)>",
						"key field: <android.app.LoadedApk$SplitDependencyLoaderImpl: android.app.LoadedApk this$0>",
						"<android.app.LoadedApk$SplitDependencyLoaderImpl: int ensureSplitLoaded(java.lang.String)>"
					],
					"depth":8,
					"method":"<android.app.ActivityThread: void handleInstallProvider(android.content.pm.ProviderInfo)>",
					"source":"FIELDCALLER"
				},
				{
					"trace":[
						"<android.app.ActivityThread: void installSystemProviders(java.util.List)>",
						"<android.app.ActivityThread: void installContentProviders(android.content.Context,java.util.List)>",
						"<android.app.ActivityThread: android.app.ContentProviderHolder installProvider(android.content.Context,android.app.ContentProviderHolder,android.content.pm.ProviderInfo,boolean,boolean,boolean)>",
						"<android.content.ContextWrapper: android.content.Context createContextForSplit(java.lang.String)>",
						"<android.app.ContextImpl: android.content.Context createContextForSplit(java.lang.String)>",
						"<android.app.LoadedApk: java.lang.String[] getSplitPaths(java.lang.String)>",
						"<android.app.LoadedApk$SplitDependencyLoaderImpl: java.lang.String[] getSplitPathsForSplit(java.lang.String)>",
						"<android.app.LoadedApk$SplitDependencyLoaderImpl: int ensureSplitLoaded(java.lang.String)>",
						"key field: <android.app.LoadedApk$SplitDependencyLoaderImpl: android.app.LoadedApk this$0>",
						"<android.app.LoadedApk$SplitDependencyLoaderImpl: int ensureSplitLoaded(java.lang.String)>"
					],
					"depth":8,
					"method":"<android.app.ActivityThread: void installSystemProviders(java.util.List)>",
					"source":"FIELDCALLER"
				},
				{
					"trace":[
						"<android.app.ActivityThread: android.app.ActivityThread systemMain()>",
						"<android.app.ActivityThread: void attach(boolean,long)>",
						"<android.app.ContextImpl: android.app.ContextImpl createAppContext(android.app.ActivityThread,android.app.LoadedApk)>",
						"<android.app.ContextImpl: android.app.ContextImpl createAppContext(android.app.ActivityThread,android.app.LoadedApk,java.lang.String)>",
						"<android.app.LoadedApk: android.content.res.Resources getResources()>",
						"<android.app.LoadedApk: java.lang.String[] getSplitPaths(java.lang.String)>",
						"<android.app.LoadedApk$SplitDependencyLoaderImpl: java.lang.String[] getSplitPathsForSplit(java.lang.String)>",
						"<android.app.LoadedApk$SplitDependencyLoaderImpl: int ensureSplitLoaded(java.lang.String)>",
						"key field: <android.app.LoadedApk$SplitDependencyLoaderImpl: android.app.LoadedApk this$0>",
						"<android.app.LoadedApk$SplitDependencyLoaderImpl: int ensureSplitLoaded(java.lang.String)>"
					],
					"depth":8,
					"method":"<android.app.ActivityThread: android.app.ActivityThread systemMain()>",
					"source":"FIELDCALLER"
				},
				{
					"trace":[
						"<android.app.ActivityThread: void main(java.lang.String[])>",
						"<android.app.ActivityThread: void attach(boolean,long)>",
						"<android.app.ContextImpl: android.app.ContextImpl createAppContext(android.app.ActivityThread,android.app.LoadedApk)>",
						"<android.app.ContextImpl: android.app.ContextImpl createAppContext(android.app.ActivityThread,android.app.LoadedApk,java.lang.String)>",
						"<android.app.LoadedApk: android.content.res.Resources getResources()>",
						"<android.app.LoadedApk: java.lang.String[] getSplitPaths(java.lang.String)>",
						"<android.app.LoadedApk$SplitDependencyLoaderImpl: java.lang.String[] getSplitPathsForSplit(java.lang.String)>",
						"<android.app.LoadedApk$SplitDependencyLoaderImpl: int ensureSplitLoaded(java.lang.String)>",
						"key field: <android.app.LoadedApk$SplitDependencyLoaderImpl: android.app.LoadedApk this$0>",
						"<android.app.LoadedApk$SplitDependencyLoaderImpl: int ensureSplitLoaded(java.lang.String)>"
					],
					"depth":8,
					"method":"<android.app.ActivityThread: void main(java.lang.String[])>",
					"source":"FIELDCALLER"
				},
				{
					"trace":[
						"<android.app.IApplicationThread$Stub: boolean onTransact(int,android.os.Parcel,android.os.Parcel,int)>",
						"<android.app.ActivityThread$ApplicationThread: void updateHttpProxy()>",
						"<android.app.ActivityThread: android.app.ContextImpl getSystemContext()>",
						"<android.app.ContextImpl: android.app.ContextImpl createSystemContext(android.app.ActivityThread)>",
						"<android.app.LoadedApk: android.content.res.Resources getResources()>",
						"<android.app.LoadedApk: java.lang.String[] getSplitPaths(java.lang.String)>",
						"<android.app.LoadedApk$SplitDependencyLoaderImpl: java.lang.String[] getSplitPathsForSplit(java.lang.String)>",
						"<android.app.LoadedApk$SplitDependencyLoaderImpl: int ensureSplitLoaded(java.lang.String)>",
						"key field: <android.app.LoadedApk$SplitDependencyLoaderImpl: android.app.LoadedApk this$0>",
						"<android.app.LoadedApk$SplitDependencyLoaderImpl: int ensureSplitLoaded(java.lang.String)>"
					],
					"depth":8,
					"method":"<android.app.IApplicationThread$Stub: boolean onTransact(int,android.os.Parcel,android.os.Parcel,int)>",
					"source":"FIELDCALLER"
				},
				{
					"trace":[
						"<android.app.Instrumentation: android.app.Application newApplication(java.lang.ClassLoader,java.lang.String,android.content.Context)>",
						"<android.app.Instrumentation: android.app.AppComponentFactory getFactory(java.lang.String)>",
						"<android.app.ActivityThread: android.app.ContextImpl getSystemContext()>",
						"<android.app.ContextImpl: android.app.ContextImpl createSystemContext(android.app.ActivityThread)>",
						"<android.app.LoadedApk: android.content.res.Resources getResources()>",
						"<android.app.LoadedApk: java.lang.String[] getSplitPaths(java.lang.String)>",
						"<android.app.LoadedApk$SplitDependencyLoaderImpl: java.lang.String[] getSplitPathsForSplit(java.lang.String)>",
						"<android.app.LoadedApk$SplitDependencyLoaderImpl: int ensureSplitLoaded(java.lang.String)>",
						"key field: <android.app.LoadedApk$SplitDependencyLoaderImpl: android.app.LoadedApk this$0>",
						"<android.app.LoadedApk$SplitDependencyLoaderImpl: int ensureSplitLoaded(java.lang.String)>"
					],
					"depth":8,
					"method":"<android.app.Instrumentation: android.app.Application newApplication(java.lang.ClassLoader,java.lang.String,android.content.Context)>",
					"source":"FIELDCALLER"
				},
				{
					"trace":[
						"<android.app.Instrumentation: android.app.Activity newActivity(java.lang.ClassLoader,java.lang.String,android.content.Intent)>",
						"<android.app.Instrumentation: android.app.AppComponentFactory getFactory(java.lang.String)>",
						"<android.app.ActivityThread: android.app.ContextImpl getSystemContext()>",
						"<android.app.ContextImpl: android.app.ContextImpl createSystemContext(android.app.ActivityThread)>",
						"<android.app.LoadedApk: android.content.res.Resources getResources()>",
						"<android.app.LoadedApk: java.lang.String[] getSplitPaths(java.lang.String)>",
						"<android.app.LoadedApk$SplitDependencyLoaderImpl: java.lang.String[] getSplitPathsForSplit(java.lang.String)>",
						"<android.app.LoadedApk$SplitDependencyLoaderImpl: int ensureSplitLoaded(java.lang.String)>",
						"key field: <android.app.LoadedApk$SplitDependencyLoaderImpl: android.app.LoadedApk this$0>",
						"<android.app.LoadedApk$SplitDependencyLoaderImpl: int ensureSplitLoaded(java.lang.String)>"
					],
					"depth":8,
					"method":"<android.app.Instrumentation: android.app.Activity newActivity(java.lang.ClassLoader,java.lang.String,android.content.Intent)>",
					"source":"FIELDCALLER"
				},
				{
					"trace":[
						"<android.app.ActivityThread: void handleConfigurationChanged(android.content.res.Configuration)>",
						"<android.app.ActivityThread: void handleConfigurationChanged(android.content.res.Configuration,android.content.res.CompatibilityInfo)>",
						"<android.app.ActivityThread: android.app.ContextImpl getSystemContext()>",
						"<android.app.ContextImpl: android.app.ContextImpl createSystemContext(android.app.ActivityThread)>",
						"<android.app.LoadedApk: android.content.res.Resources getResources()>",
						"<android.app.LoadedApk: java.lang.String[] getSplitPaths(java.lang.String)>",
						"<android.app.LoadedApk$SplitDependencyLoaderImpl: java.lang.String[] getSplitPathsForSplit(java.lang.String)>",
						"<android.app.LoadedApk$SplitDependencyLoaderImpl: int ensureSplitLoaded(java.lang.String)>",
						"key field: <android.app.LoadedApk$SplitDependencyLoaderImpl: android.app.LoadedApk this$0>",
						"<android.app.LoadedApk$SplitDependencyLoaderImpl: int ensureSplitLoaded(java.lang.String)>"
					],
					"depth":8,
					"method":"<android.app.ActivityThread: void handleConfigurationChanged(android.content.res.Configuration)>",
					"source":"FIELDCALLER"
				},
				{
					"trace":[
						"<android.app.ClientTransactionHandler: void handleConfigurationChanged(android.content.res.Configuration)>",
						"<android.app.ActivityThread: void handleConfigurationChanged(android.content.res.Configuration,android.content.res.CompatibilityInfo)>",
						"<android.app.ActivityThread: android.app.ContextImpl getSystemContext()>",
						"<android.app.ContextImpl: android.app.ContextImpl createSystemContext(android.app.ActivityThread)>",
						"<android.app.LoadedApk: android.content.res.Resources getResources()>",
						"<android.app.LoadedApk: java.lang.String[] getSplitPaths(java.lang.String)>",
						"<android.app.LoadedApk$SplitDependencyLoaderImpl: java.lang.String[] getSplitPathsForSplit(java.lang.String)>",
						"<android.app.LoadedApk$SplitDependencyLoaderImpl: int ensureSplitLoaded(java.lang.String)>",
						"key field: <android.app.LoadedApk$SplitDependencyLoaderImpl: android.app.LoadedApk this$0>",
						"<android.app.LoadedApk$SplitDependencyLoaderImpl: int ensureSplitLoaded(java.lang.String)>"
					],
					"depth":8,
					"method":"<android.app.ClientTransactionHandler: void handleConfigurationChanged(android.content.res.Configuration)>",
					"source":"FIELDCALLER"
				},
				{
					"trace":[
						"<android.app.ActivityThread: void handleRelaunchActivity(android.app.ActivityThread$ActivityClientRecord,android.app.servertransaction.PendingTransactionActions)>",
						"<android.app.ActivityThread: void handleConfigurationChanged(android.content.res.Configuration,android.content.res.CompatibilityInfo)>",
						"<android.app.ActivityThread: android.app.ContextImpl getSystemContext()>",
						"<android.app.ContextImpl: android.app.ContextImpl createSystemContext(android.app.ActivityThread)>",
						"<android.app.LoadedApk: android.content.res.Resources getResources()>",
						"<android.app.LoadedApk: java.lang.String[] getSplitPaths(java.lang.String)>",
						"<android.app.LoadedApk$SplitDependencyLoaderImpl: java.lang.String[] getSplitPathsForSplit(java.lang.String)>",
						"<android.app.LoadedApk$SplitDependencyLoaderImpl: int ensureSplitLoaded(java.lang.String)>",
						"key field: <android.app.LoadedApk$SplitDependencyLoaderImpl: android.app.LoadedApk this$0>",
						"<android.app.LoadedApk$SplitDependencyLoaderImpl: int ensureSplitLoaded(java.lang.String)>"
					],
					"depth":8,
					"method":"<android.app.ActivityThread: void handleRelaunchActivity(android.app.ActivityThread$ActivityClientRecord,android.app.servertransaction.PendingTransactionActions)>",
					"source":"FIELDCALLER"
				},
				{
					"trace":[
						"<android.app.LocalActivityManager: android.view.Window startActivity(java.lang.String,android.content.Intent)>",
						"<android.app.LocalActivityManager: void moveToState(android.app.LocalActivityManager$LocalActivityRecord,int)>",
						"<android.app.ActivityThread: android.app.Activity startActivityNow(android.app.Activity,java.lang.String,android.content.Intent,android.content.pm.ActivityInfo,android.os.IBinder,android.os.Bundle,android.app.Activity$NonConfigurationInstances,android.os.IBinder)>",
						"<android.app.ActivityThread: android.app.Activity performLaunchActivity(android.app.ActivityThread$ActivityClientRecord,android.content.Intent)>",
						"<android.app.ActivityThread: android.app.ContextImpl createBaseContextForActivity(android.app.ActivityThread$ActivityClientRecord)>",
						"<android.app.ContextImpl: android.app.ContextImpl createActivityContext(android.app.ActivityThread,android.app.LoadedApk,android.content.pm.ActivityInfo,android.os.IBinder,int,android.content.res.Configuration)>",
						"<android.app.LoadedApk: java.lang.String[] getSplitPaths(java.lang.String)>",
						"<android.app.LoadedApk$SplitDependencyLoaderImpl: java.lang.String[] getSplitPathsForSplit(java.lang.String)>",
						"<android.app.LoadedApk$SplitDependencyLoaderImpl: int ensureSplitLoaded(java.lang.String)>"
					],
					"depth":8,
					"method":"<android.app.LocalActivityManager: android.view.Window startActivity(java.lang.String,android.content.Intent)>",
					"source":"CALLER"
				}
			],
			"callerOfSingnlar2SourceVar":{
				"<android.app.ContextImpl: android.content.Context createContextForSplit(java.lang.String)>":"0",
				"<android.app.LoadedApk: java.lang.String[] getSplitPaths(java.lang.String)>":"0",
				"<android.app.LoadedApk$SplitDependencyLoaderImpl: int ensureSplitLoaded(java.lang.String)>":"0",
				"<android.app.LoadedApk$SplitDependencyLoaderImpl: java.lang.ClassLoader getClassLoaderForSplit(java.lang.String)>":"0",
				"<android.app.LoadedApk$SplitDependencyLoaderImpl: java.lang.String[] getSplitPathsForSplit(java.lang.String)>":"0",
				"<android.app.ContextImpl: android.content.res.Resources createResources(android.os.IBinder,android.app.LoadedApk,java.lang.String,int,android.content.res.Configuration,android.content.res.CompatibilityInfo)>":"2",
				"<android.app.LoadedApk: java.lang.ClassLoader getSplitClassLoader(java.lang.String)>":"0"
			}
		}
	]
}