{
	"exceptions":[
		{
			"method":"<android.app.Notification$BubbleMetadata$Builder: android.app.Notification$BubbleMetadata$Builder setIntent(android.app.PendingIntent)>",
			"message":"\\QBubble requires non-null pending intent\\E",
			"relatedVarType":"Parameter",
			"relatedCondType":"Basic",
			"modifier":"public",
			"type":"java.lang.IllegalArgumentException",
			"osVersionRelated":false,
			"resourceRelated":false,
			"assessRelated":false,
			"hardwareRelated":false,
			"manifestRelated":false,
			"conditions":"r0 != null",
			"paramValues":"@parameter0: android.app.PendingIntent",
			"relatedValues":"@parameter0: android.app.PendingIntent; ; ",
			"keyAPISameClassNum":0,
			"keyAPIDiffClassNum":0,
			"keyAPISameClass":[
				{
					"trace":[
						"<android.app.Notification$BubbleMetadata$Builder: android.app.Notification$BubbleMetadata$Builder setIntent(android.app.PendingIntent)>"
					],
					"depth":0,
					"method":"<android.app.Notification$BubbleMetadata$Builder: android.app.Notification$BubbleMetadata$Builder setIntent(android.app.PendingIntent)>",
					"source":"CALLER"
				}
			],
			"keyAPIDiffClass":[],
			"callerOfSingnlar2SourceVar":{
				"<android.app.Notification$BubbleMetadata$Builder: android.app.Notification$BubbleMetadata$Builder setIntent(android.app.PendingIntent)>":"0"
			}
		},
		{
			"method":"<android.app.Notification$BubbleMetadata$Builder: android.app.Notification$BubbleMetadata$Builder setIcon(android.graphics.drawable.Icon)>",
			"message":"\\QBubbles require non-null icon\\E",
			"relatedVarType":"Parameter",
			"relatedCondType":"Basic",
			"modifier":"public",
			"type":"java.lang.IllegalArgumentException",
			"osVersionRelated":false,
			"resourceRelated":false,
			"assessRelated":false,
			"hardwareRelated":false,
			"manifestRelated":false,
			"conditions":"r0 != null",
			"paramValues":"@parameter0: android.graphics.drawable.Icon",
			"relatedValues":"@parameter0: android.graphics.drawable.Icon; ; ",
			"keyAPISameClassNum":0,
			"keyAPIDiffClassNum":0,
			"keyAPISameClass":[
				{
					"trace":[
						"<android.app.Notification$BubbleMetadata$Builder: android.app.Notification$BubbleMetadata$Builder setIcon(android.graphics.drawable.Icon)>"
					],
					"depth":0,
					"method":"<android.app.Notification$BubbleMetadata$Builder: android.app.Notification$BubbleMetadata$Builder setIcon(android.graphics.drawable.Icon)>",
					"source":"CALLER"
				}
			],
			"keyAPIDiffClass":[],
			"callerOfSingnlar2SourceVar":{
				"<android.app.Notification$BubbleMetadata$Builder: android.app.Notification$BubbleMetadata$Builder setIcon(android.graphics.drawable.Icon)>":"0"
			}
		},
		{
			"method":"<android.app.Notification$BubbleMetadata$Builder: android.app.Notification$BubbleMetadata$Builder setIcon(android.graphics.drawable.Icon)>",
			"message":"\\QWhen using bitmap based icons, Bubbles require TYPE_ADAPTIVE_BITMAP, please use Icon#createWithAdaptiveBitmap instead\\E",
			"relatedVarType":"Parameter",
			"relatedCondType":"Basic",
			"modifier":"public",
			"type":"java.lang.IllegalArgumentException",
			"osVersionRelated":false,
			"resourceRelated":false,
			"assessRelated":false,
			"hardwareRelated":false,
			"manifestRelated":false,
			"conditions":"$i0 != 1, r0 != null",
			"paramValues":"@parameter0: android.graphics.drawable.Icon",
			"relatedValues":"@parameter0: android.graphics.drawable.Icon; ; ",
			"keyAPISameClassNum":0,
			"keyAPIDiffClassNum":0,
			"keyAPISameClass":[
				{
					"trace":[
						"<android.app.Notification$BubbleMetadata$Builder: android.app.Notification$BubbleMetadata$Builder setIcon(android.graphics.drawable.Icon)>"
					],
					"depth":0,
					"method":"<android.app.Notification$BubbleMetadata$Builder: android.app.Notification$BubbleMetadata$Builder setIcon(android.graphics.drawable.Icon)>",
					"source":"CALLER"
				}
			],
			"keyAPIDiffClass":[],
			"callerOfSingnlar2SourceVar":{
				"<android.app.Notification$BubbleMetadata$Builder: android.app.Notification$BubbleMetadata$Builder setIcon(android.graphics.drawable.Icon)>":"0"
			}
		},
		{
			"method":"<android.app.Notification$BubbleMetadata$Builder: android.app.Notification$BubbleMetadata build()>",
			"message":"\\QMust supply pending intent to bubble\\E",
			"relatedVarType":"Field",
			"relatedCondType":"Basic",
			"modifier":"public",
			"type":"java.lang.IllegalStateException",
			"osVersionRelated":false,
			"resourceRelated":false,
			"assessRelated":false,
			"hardwareRelated":false,
			"manifestRelated":false,
			"conditions":"$r1 != null",
			"fieldValues":"<android.app.Notification$BubbleMetadata$Builder: android.app.PendingIntent mPendingIntent>",
			"relatedValues":"; <android.app.Notification$BubbleMetadata$Builder: android.app.PendingIntent mPendingIntent>; ",
			"keyAPISameClassNum":2,
			"keyAPIDiffClassNum":0,
			"keyAPISameClass":[
				{
					"trace":[
						"<android.app.Notification$BubbleMetadata$Builder: android.app.Notification$BubbleMetadata build()>"
					],
					"depth":1,
					"method":"<android.app.Notification$BubbleMetadata$Builder: android.app.Notification$BubbleMetadata$Builder setIntent(android.app.PendingIntent)>",
					"source":"FIELD"
				},
				{
					"trace":[
						"<android.app.Notification$BubbleMetadata$Builder: android.app.Notification$BubbleMetadata build()>"
					],
					"depth":1,
					"method":"<android.app.Notification$BubbleMetadata$Builder: android.app.Notification$BubbleMetadata build()>",
					"source":"FIELD"
				}
			],
			"keyAPIDiffClass":[],
			"callerOfSingnlar2SourceVar":{}
		},
		{
			"method":"<android.app.Notification$BubbleMetadata$Builder: android.app.Notification$BubbleMetadata build()>",
			"message":"\\QMust supply an icon for the bubble\\E",
			"relatedVarType":"Field",
			"relatedCondType":"Basic",
			"modifier":"public",
			"type":"java.lang.IllegalStateException",
			"osVersionRelated":false,
			"resourceRelated":false,
			"assessRelated":false,
			"hardwareRelated":false,
			"manifestRelated":false,
			"conditions":"$r2 != null, $r1 != null",
			"fieldValues":"<android.app.Notification$BubbleMetadata$Builder: android.graphics.drawable.Icon mIcon>, <android.app.Notification$BubbleMetadata$Builder: android.app.PendingIntent mPendingIntent>",
			"relatedValues":"; <android.app.Notification$BubbleMetadata$Builder: android.graphics.drawable.Icon mIcon>, <android.app.Notification$BubbleMetadata$Builder: android.app.PendingIntent mPendingIntent>; ",
			"keyAPISameClassNum":3,
			"keyAPIDiffClassNum":0,
			"keyAPISameClass":[
				{
					"trace":[
						"<android.app.Notification$BubbleMetadata$Builder: android.app.Notification$BubbleMetadata build()>"
					],
					"depth":1,
					"method":"<android.app.Notification$BubbleMetadata$Builder: android.app.Notification$BubbleMetadata$Builder setIcon(android.graphics.drawable.Icon)>",
					"source":"FIELD"
				},
				{
					"trace":[
						"<android.app.Notification$BubbleMetadata$Builder: android.app.Notification$BubbleMetadata build()>"
					],
					"depth":1,
					"method":"<android.app.Notification$BubbleMetadata$Builder: android.app.Notification$BubbleMetadata build()>",
					"source":"FIELD"
				},
				{
					"trace":[
						"<android.app.Notification$BubbleMetadata$Builder: android.app.Notification$BubbleMetadata build()>"
					],
					"depth":1,
					"method":"<android.app.Notification$BubbleMetadata$Builder: android.app.Notification$BubbleMetadata$Builder setIntent(android.app.PendingIntent)>",
					"source":"FIELD"
				}
			],
			"keyAPIDiffClass":[],
			"callerOfSingnlar2SourceVar":{}
		}
	]
}