{
	"exceptions":[
		{
			"method":"<android.graphics.fonts.Font$Builder: void <init>(java.nio.ByteBuffer)>",
			"message":"\\QOnly direct buffer can be used as the source of font data.\\E",
			"relatedVarType":"Parameter",
			"relatedCondType":"Basic",
			"modifier":"public",
			"type":"java.lang.IllegalArgumentException",
			"osVersionRelated":false,
			"resourceRelated":false,
			"assessRelated":false,
			"hardwareRelated":false,
			"manifestRelated":false,
			"conditions":"$z0 != 0",
			"paramValues":"@parameter0: java.nio.ByteBuffer",
			"relatedValues":"@parameter0: java.nio.ByteBuffer; ; ",
			"keyAPISameClassNum":0,
			"keyAPIDiffClassNum":0,
			"keyAPISameClass":[
				{
					"trace":[
						"<android.graphics.fonts.Font$Builder: void <init>(java.nio.ByteBuffer)>"
					],
					"depth":0,
					"method":"<android.graphics.fonts.Font$Builder: void <init>(java.nio.ByteBuffer)>",
					"source":"CALLER"
				},
				{
					"trace":[
						"<android.graphics.fonts.Font$Builder: void <init>(java.nio.ByteBuffer,java.io.File,java.lang.String)>",
						"<android.graphics.fonts.Font$Builder: void <init>(java.nio.ByteBuffer)>"
					],
					"depth":1,
					"method":"<android.graphics.fonts.Font$Builder: void <init>(java.nio.ByteBuffer,java.io.File,java.lang.String)>",
					"source":"CALLER"
				}
			],
			"keyAPIDiffClass":[
				{
					"trace":[
						"<android.graphics.fonts.SystemFonts: android.text.FontConfig$Alias[] buildSystemFallback(java.lang.String,java.lang.String,android.graphics.fonts.FontCustomizationParser$Result,android.util.ArrayMap,java.util.ArrayList)>",
						"<android.graphics.fonts.SystemFonts: void pushFamilyToFallback(android.text.FontConfig$Family,android.util.ArrayMap,java.util.Map,java.util.ArrayList)>",
						"<android.graphics.fonts.SystemFonts: android.graphics.fonts.FontFamily createFontFamily(java.lang.String,java.util.List,java.lang.String,int,java.util.Map,java.util.ArrayList)>",
						"<android.graphics.fonts.Font$Builder: void <init>(java.nio.ByteBuffer,java.io.File,java.lang.String)>",
						"<android.graphics.fonts.Font$Builder: void <init>(java.nio.ByteBuffer)>"
					],
					"depth":4,
					"method":"<android.graphics.fonts.SystemFonts: android.text.FontConfig$Alias[] buildSystemFallback(java.lang.String,java.lang.String,android.graphics.fonts.FontCustomizationParser$Result,android.util.ArrayMap,java.util.ArrayList)>",
					"source":"CALLER"
				}
			],
			"callerOfSingnlar2SourceVar":{
				"<android.graphics.fonts.Font$Builder: void <init>(java.nio.ByteBuffer)>":"0",
				"<android.graphics.fonts.Font$Builder: void <init>(java.nio.ByteBuffer,java.io.File,java.lang.String)>":"0"
			}
		},
		{
			"method":"<android.graphics.fonts.Font$Builder: android.graphics.fonts.Font build()>",
			"message":"\\QFailed to read font contents\\E",
			"relatedVarType":"Field",
			"relatedCondType":"Basic",
			"modifier":"public",
			"type":"java.io.IOException",
			"osVersionRelated":false,
			"resourceRelated":false,
			"assessRelated":false,
			"hardwareRelated":false,
			"manifestRelated":false,
			"conditions":"$r1 == null",
			"fieldValues":"<android.graphics.fonts.Font$Builder: java.io.IOException mException>",
			"relatedValues":"; <android.graphics.fonts.Font$Builder: java.io.IOException mException>; ",
			"keyAPISameClassNum":7,
			"keyAPIDiffClassNum":24,
			"keyAPISameClass":[
				{
					"trace":[
						"<android.graphics.fonts.Font$Builder: android.graphics.fonts.Font build()>"
					],
					"depth":1,
					"method":"<android.graphics.fonts.Font$Builder: void <init>(java.io.File)>",
					"source":"FIELD"
				},
				{
					"trace":[
						"<android.graphics.fonts.Font$Builder: android.graphics.fonts.Font build()>"
					],
					"depth":1,
					"method":"<android.graphics.fonts.Font$Builder: void <init>(android.os.ParcelFileDescriptor,long,long)>",
					"source":"FIELD"
				},
				{
					"trace":[
						"<android.graphics.fonts.Font$Builder: android.graphics.fonts.Font build()>"
					],
					"depth":1,
					"method":"<android.graphics.fonts.Font$Builder: void <init>(android.content.res.AssetManager,java.lang.String,boolean,int)>",
					"source":"FIELD"
				},
				{
					"trace":[
						"<android.graphics.fonts.Font$Builder: android.graphics.fonts.Font build()>"
					],
					"depth":1,
					"method":"<android.graphics.fonts.Font$Builder: void <init>(android.content.res.Resources,int)>",
					"source":"FIELD"
				},
				{
					"trace":[
						"<android.graphics.fonts.Font$Builder: android.graphics.fonts.Font build()>"
					],
					"depth":1,
					"method":"<android.graphics.fonts.Font$Builder: android.graphics.fonts.Font build()>",
					"source":"FIELD"
				},
				{
					"trace":[
						"<android.graphics.fonts.Font$Builder: void <init>(android.os.ParcelFileDescriptor)>",
						"<android.graphics.fonts.Font$Builder: void <init>(android.os.ParcelFileDescriptor,long,long)>",
						"key field: <android.graphics.fonts.Font$Builder: java.io.IOException mException>",
						"<android.graphics.fonts.Font$Builder: android.graphics.fonts.Font build()>"
					],
					"depth":2,
					"method":"<android.graphics.fonts.Font$Builder: void <init>(android.os.ParcelFileDescriptor)>",
					"source":"FIELDCALLER"
				},
				{
					"trace":[
						"<android.graphics.fonts.Font$Builder: void <init>(android.content.res.AssetManager,java.lang.String)>",
						"<android.graphics.fonts.Font$Builder: void <init>(android.content.res.AssetManager,java.lang.String,boolean,int)>",
						"key field: <android.graphics.fonts.Font$Builder: java.io.IOException mException>",
						"<android.graphics.fonts.Font$Builder: android.graphics.fonts.Font build()>"
					],
					"depth":2,
					"method":"<android.graphics.fonts.Font$Builder: void <init>(android.content.res.AssetManager,java.lang.String)>",
					"source":"FIELDCALLER"
				}
			],
			"keyAPIDiffClass":[
				{
					"trace":[
						"<android.graphics.Typeface$Builder: void <init>(java.io.File)>",
						"<android.graphics.fonts.Font$Builder: void <init>(java.io.File)>",
						"key field: <android.graphics.fonts.Font$Builder: java.io.IOException mException>",
						"<android.graphics.fonts.Font$Builder: android.graphics.fonts.Font build()>"
					],
					"depth":2,
					"method":"<android.graphics.Typeface$Builder: void <init>(java.io.File)>",
					"source":"FIELDCALLER"
				},
				{
					"trace":[
						"<android.graphics.Typeface$Builder: void <init>(java.lang.String)>",
						"<android.graphics.fonts.Font$Builder: void <init>(java.io.File)>",
						"key field: <android.graphics.fonts.Font$Builder: java.io.IOException mException>",
						"<android.graphics.fonts.Font$Builder: android.graphics.fonts.Font build()>"
					],
					"depth":2,
					"method":"<android.graphics.Typeface$Builder: void <init>(java.lang.String)>",
					"source":"FIELDCALLER"
				},
				{
					"trace":[
						"<android.graphics.Typeface: android.graphics.Typeface createFromResources(android.content.res.FontResourcesParser$FamilyResourceEntry,android.content.res.AssetManager,java.lang.String)>",
						"<android.graphics.fonts.Font$Builder: void <init>(android.content.res.AssetManager,java.lang.String,boolean,int)>",
						"key field: <android.graphics.fonts.Font$Builder: java.io.IOException mException>",
						"<android.graphics.fonts.Font$Builder: android.graphics.fonts.Font build()>"
					],
					"depth":2,
					"method":"<android.graphics.Typeface: android.graphics.Typeface createFromResources(android.content.res.FontResourcesParser$FamilyResourceEntry,android.content.res.AssetManager,java.lang.String)>",
					"source":"FIELDCALLER"
				},
				{
					"trace":[
						"<android.graphics.Typeface$Builder: void <init>(android.content.res.AssetManager,java.lang.String,boolean,int)>",
						"<android.graphics.fonts.Font$Builder: void <init>(android.content.res.AssetManager,java.lang.String,boolean,int)>",
						"key field: <android.graphics.fonts.Font$Builder: java.io.IOException mException>",
						"<android.graphics.fonts.Font$Builder: android.graphics.fonts.Font build()>"
					],
					"depth":2,
					"method":"<android.graphics.Typeface$Builder: void <init>(android.content.res.AssetManager,java.lang.String,boolean,int)>",
					"source":"FIELDCALLER"
				},
				{
					"trace":[
						"<android.graphics.Typeface: android.graphics.Typeface createFromFile(java.io.File)>",
						"<android.graphics.Typeface$Builder: void <init>(java.io.File)>",
						"<android.graphics.fonts.Font$Builder: void <init>(java.io.File)>",
						"key field: <android.graphics.fonts.Font$Builder: java.io.IOException mException>",
						"<android.graphics.fonts.Font$Builder: android.graphics.fonts.Font build()>"
					],
					"depth":3,
					"method":"<android.graphics.Typeface: android.graphics.Typeface createFromFile(java.io.File)>",
					"source":"FIELDCALLER"
				},
				{
					"trace":[
						"<android.graphics.Typeface$Builder: void <init>(java.io.FileDescriptor)>",
						"<android.graphics.fonts.Font$Builder: void <init>(android.os.ParcelFileDescriptor)>",
						"<android.graphics.fonts.Font$Builder: void <init>(android.os.ParcelFileDescriptor,long,long)>",
						"key field: <android.graphics.fonts.Font$Builder: java.io.IOException mException>",
						"<android.graphics.fonts.Font$Builder: android.graphics.fonts.Font build()>"
					],
					"depth":3,
					"method":"<android.graphics.Typeface$Builder: void <init>(java.io.FileDescriptor)>",
					"source":"FIELDCALLER"
				},
				{
					"trace":[
						"<android.graphics.Typeface$Builder: void <init>(android.content.res.AssetManager,java.lang.String)>",
						"<android.graphics.Typeface$Builder: void <init>(android.content.res.AssetManager,java.lang.String,boolean,int)>",
						"<android.graphics.fonts.Font$Builder: void <init>(android.content.res.AssetManager,java.lang.String,boolean,int)>",
						"key field: <android.graphics.fonts.Font$Builder: java.io.IOException mException>",
						"<android.graphics.fonts.Font$Builder: android.graphics.fonts.Font build()>"
					],
					"depth":3,
					"method":"<android.graphics.Typeface$Builder: void <init>(android.content.res.AssetManager,java.lang.String)>",
					"source":"FIELDCALLER"
				},
				{
					"trace":[
						"<android.graphics.Typeface: android.graphics.Typeface createFromFile(java.lang.String)>",
						"<android.graphics.Typeface: android.graphics.Typeface createFromFile(java.io.File)>",
						"<android.graphics.Typeface$Builder: void <init>(java.io.File)>",
						"<android.graphics.fonts.Font$Builder: void <init>(java.io.File)>",
						"key field: <android.graphics.fonts.Font$Builder: java.io.IOException mException>",
						"<android.graphics.fonts.Font$Builder: android.graphics.fonts.Font build()>"
					],
					"depth":4,
					"method":"<android.graphics.Typeface: android.graphics.Typeface createFromFile(java.lang.String)>",
					"source":"FIELDCALLER"
				},
				{
					"trace":[
						"<android.graphics.Typeface: android.graphics.Typeface createFromAsset(android.content.res.AssetManager,java.lang.String)>",
						"<android.graphics.Typeface$Builder: void <init>(android.content.res.AssetManager,java.lang.String)>",
						"<android.graphics.Typeface$Builder: void <init>(android.content.res.AssetManager,java.lang.String,boolean,int)>",
						"<android.graphics.fonts.Font$Builder: void <init>(android.content.res.AssetManager,java.lang.String,boolean,int)>",
						"key field: <android.graphics.fonts.Font$Builder: java.io.IOException mException>",
						"<android.graphics.fonts.Font$Builder: android.graphics.fonts.Font build()>"
					],
					"depth":4,
					"method":"<android.graphics.Typeface: android.graphics.Typeface createFromAsset(android.content.res.AssetManager,java.lang.String)>",
					"source":"FIELDCALLER"
				},
				{
					"trace":[
						"<android.graphics.fonts.SystemFonts: android.text.FontConfig$Alias[] buildSystemFallback(java.lang.String,java.lang.String,android.graphics.fonts.FontCustomizationParser$Result,android.util.ArrayMap,java.util.ArrayList)>",
						"<android.graphics.fonts.SystemFonts: void pushFamilyToFallback(android.text.FontConfig$Family,android.util.ArrayMap,java.util.Map,java.util.ArrayList)>",
						"<android.graphics.fonts.SystemFonts: android.graphics.fonts.FontFamily createFontFamily(java.lang.String,java.util.List,java.lang.String,int,java.util.Map,java.util.ArrayList)>",
						"<android.graphics.fonts.Font$Builder: android.graphics.fonts.Font build()>",
						"key field: <android.graphics.fonts.Font$Builder: java.io.IOException mException>",
						"<android.graphics.fonts.Font$Builder: android.graphics.fonts.Font build()>"
					],
					"depth":4,
					"method":"<android.graphics.fonts.SystemFonts: android.text.FontConfig$Alias[] buildSystemFallback(java.lang.String,java.lang.String,android.graphics.fonts.FontCustomizationParser$Result,android.util.ArrayMap,java.util.ArrayList)>",
					"source":"FIELDCALLER"
				},
				{
					"trace":[
						"<android.graphics.fonts.SystemFonts: android.graphics.fonts.FontFamily[] getSystemFallback(java.lang.String)>",
						"<android.graphics.fonts.SystemFonts: void <clinit>()>",
						"<android.graphics.fonts.SystemFonts: android.text.FontConfig$Alias[] buildSystemFallback(java.lang.String,java.lang.String,android.graphics.fonts.FontCustomizationParser$Result,android.util.ArrayMap,java.util.ArrayList)>",
						"<android.graphics.fonts.SystemFonts: void pushFamilyToFallback(android.text.FontConfig$Family,android.util.ArrayMap,java.util.Map,java.util.ArrayList)>",
						"<android.graphics.fonts.SystemFonts: android.graphics.fonts.FontFamily createFontFamily(java.lang.String,java.util.List,java.lang.String,int,java.util.Map,java.util.ArrayList)>",
						"<android.graphics.fonts.Font$Builder: android.graphics.fonts.Font build()>",
						"key field: <android.graphics.fonts.Font$Builder: java.io.IOException mException>",
						"<android.graphics.fonts.Font$Builder: android.graphics.fonts.Font build()>"
					],
					"depth":6,
					"method":"<android.graphics.fonts.SystemFonts: android.graphics.fonts.FontFamily[] getSystemFallback(java.lang.String)>",
					"source":"FIELDCALLER"
				},
				{
					"trace":[
						"<android.graphics.fonts.SystemFonts: java.util.Map getRawSystemFallbackMap()>",
						"<android.graphics.fonts.SystemFonts: void <clinit>()>",
						"<android.graphics.fonts.SystemFonts: android.text.FontConfig$Alias[] buildSystemFallback(java.lang.String,java.lang.String,android.graphics.fonts.FontCustomizationParser$Result,android.util.ArrayMap,java.util.ArrayList)>",
						"<android.graphics.fonts.SystemFonts: void pushFamilyToFallback(android.text.FontConfig$Family,android.util.ArrayMap,java.util.Map,java.util.ArrayList)>",
						"<android.graphics.fonts.SystemFonts: android.graphics.fonts.FontFamily createFontFamily(java.lang.String,java.util.List,java.lang.String,int,java.util.Map,java.util.ArrayList)>",
						"<android.graphics.fonts.Font$Builder: android.graphics.fonts.Font build()>",
						"key field: <android.graphics.fonts.Font$Builder: java.io.IOException mException>",
						"<android.graphics.fonts.Font$Builder: android.graphics.fonts.Font build()>"
					],
					"depth":6,
					"method":"<android.graphics.fonts.SystemFonts: java.util.Map getRawSystemFallbackMap()>",
					"source":"FIELDCALLER"
				},
				{
					"trace":[
						"<android.graphics.fonts.SystemFonts: android.text.FontConfig$Alias[] getAliases()>",
						"<android.graphics.fonts.SystemFonts: void <clinit>()>",
						"<android.graphics.fonts.SystemFonts: android.text.FontConfig$Alias[] buildSystemFallback(java.lang.String,java.lang.String,android.graphics.fonts.FontCustomizationParser$Result,android.util.ArrayMap,java.util.ArrayList)>",
						"<android.graphics.fonts.SystemFonts: void pushFamilyToFallback(android.text.FontConfig$Family,android.util.ArrayMap,java.util.Map,java.util.ArrayList)>",
						"<android.graphics.fonts.SystemFonts: android.graphics.fonts.FontFamily createFontFamily(java.lang.String,java.util.List,java.lang.String,int,java.util.Map,java.util.ArrayList)>",
						"<android.graphics.fonts.Font$Builder: android.graphics.fonts.Font build()>",
						"key field: <android.graphics.fonts.Font$Builder: java.io.IOException mException>",
						"<android.graphics.fonts.Font$Builder: android.graphics.fonts.Font build()>"
					],
					"depth":6,
					"method":"<android.graphics.fonts.SystemFonts: android.text.FontConfig$Alias[] getAliases()>",
					"source":"FIELDCALLER"
				},
				{
					"trace":[
						"<android.graphics.Typeface$CustomFallbackBuilder: android.graphics.Typeface build()>",
						"<android.graphics.fonts.SystemFonts: android.graphics.fonts.FontFamily[] getSystemFallback(java.lang.String)>",
						"<android.graphics.fonts.SystemFonts: void <clinit>()>",
						"<android.graphics.fonts.SystemFonts: android.text.FontConfig$Alias[] buildSystemFallback(java.lang.String,java.lang.String,android.graphics.fonts.FontCustomizationParser$Result,android.util.ArrayMap,java.util.ArrayList)>",
						"<android.graphics.fonts.SystemFonts: void pushFamilyToFallback(android.text.FontConfig$Family,android.util.ArrayMap,java.util.Map,java.util.ArrayList)>",
						"<android.graphics.fonts.SystemFonts: android.graphics.fonts.FontFamily createFontFamily(java.lang.String,java.util.List,java.lang.String,int,java.util.Map,java.util.ArrayList)>",
						"<android.graphics.fonts.Font$Builder: android.graphics.fonts.Font build()>",
						"key field: <android.graphics.fonts.Font$Builder: java.io.IOException mException>",
						"<android.graphics.fonts.Font$Builder: android.graphics.fonts.Font build()>"
					],
					"depth":7,
					"method":"<android.graphics.Typeface$CustomFallbackBuilder: android.graphics.Typeface build()>",
					"source":"FIELDCALLER"
				},
				{
					"trace":[
						"<android.graphics.Typeface$Builder: android.graphics.Typeface build()>",
						"<android.graphics.Typeface$CustomFallbackBuilder: android.graphics.Typeface build()>",
						"<android.graphics.fonts.SystemFonts: android.graphics.fonts.FontFamily[] getSystemFallback(java.lang.String)>",
						"<android.graphics.fonts.SystemFonts: void <clinit>()>",
						"<android.graphics.fonts.SystemFonts: android.text.FontConfig$Alias[] buildSystemFallback(java.lang.String,java.lang.String,android.graphics.fonts.FontCustomizationParser$Result,android.util.ArrayMap,java.util.ArrayList)>",
						"<android.graphics.fonts.SystemFonts: void pushFamilyToFallback(android.text.FontConfig$Family,android.util.ArrayMap,java.util.Map,java.util.ArrayList)>",
						"<android.graphics.fonts.SystemFonts: android.graphics.fonts.FontFamily createFontFamily(java.lang.String,java.util.List,java.lang.String,int,java.util.Map,java.util.ArrayList)>",
						"<android.graphics.fonts.Font$Builder: android.graphics.fonts.Font build()>",
						"key field: <android.graphics.fonts.Font$Builder: java.io.IOException mException>",
						"<android.graphics.fonts.Font$Builder: android.graphics.fonts.Font build()>"
					],
					"depth":8,
					"method":"<android.graphics.Typeface$Builder: android.graphics.Typeface build()>",
					"source":"FIELDCALLER"
				},
				{
					"trace":[
						"<android.graphics.Typeface: android.graphics.Typeface findFromCache(android.content.res.AssetManager,java.lang.String)>",
						"<android.graphics.Typeface: void <clinit>()>",
						"<android.graphics.fonts.SystemFonts: java.util.Map getRawSystemFallbackMap()>",
						"<android.graphics.fonts.SystemFonts: void <clinit>()>",
						"<android.graphics.fonts.SystemFonts: android.text.FontConfig$Alias[] buildSystemFallback(java.lang.String,java.lang.String,android.graphics.fonts.FontCustomizationParser$Result,android.util.ArrayMap,java.util.ArrayList)>",
						"<android.graphics.fonts.SystemFonts: void pushFamilyToFallback(android.text.FontConfig$Family,android.util.ArrayMap,java.util.Map,java.util.ArrayList)>",
						"<android.graphics.fonts.SystemFonts: android.graphics.fonts.FontFamily createFontFamily(java.lang.String,java.util.List,java.lang.String,int,java.util.Map,java.util.ArrayList)>",
						"<android.graphics.fonts.Font$Builder: android.graphics.fonts.Font build()>",
						"key field: <android.graphics.fonts.Font$Builder: java.io.IOException mException>",
						"<android.graphics.fonts.Font$Builder: android.graphics.fonts.Font build()>"
					],
					"depth":8,
					"method":"<android.graphics.Typeface: android.graphics.Typeface findFromCache(android.content.res.AssetManager,java.lang.String)>",
					"source":"FIELDCALLER"
				},
				{
					"trace":[
						"<android.graphics.Typeface: boolean isSupportedAxes(int)>",
						"<android.graphics.Typeface: void <clinit>()>",
						"<android.graphics.fonts.SystemFonts: java.util.Map getRawSystemFallbackMap()>",
						"<android.graphics.fonts.SystemFonts: void <clinit>()>",
						"<android.graphics.fonts.SystemFonts: android.text.FontConfig$Alias[] buildSystemFallback(java.lang.String,java.lang.String,android.graphics.fonts.FontCustomizationParser$Result,android.util.ArrayMap,java.util.ArrayList)>",
						"<android.graphics.fonts.SystemFonts: void pushFamilyToFallback(android.text.FontConfig$Family,android.util.ArrayMap,java.util.Map,java.util.ArrayList)>",
						"<android.graphics.fonts.SystemFonts: android.graphics.fonts.FontFamily createFontFamily(java.lang.String,java.util.List,java.lang.String,int,java.util.Map,java.util.ArrayList)>",
						"<android.graphics.fonts.Font$Builder: android.graphics.fonts.Font build()>",
						"key field: <android.graphics.fonts.Font$Builder: java.io.IOException mException>",
						"<android.graphics.fonts.Font$Builder: android.graphics.fonts.Font build()>"
					],
					"depth":8,
					"method":"<android.graphics.Typeface: boolean isSupportedAxes(int)>",
					"source":"FIELDCALLER"
				},
				{
					"trace":[
						"<android.graphics.Typeface: android.graphics.Typeface createFromTypefaceWithVariation(android.graphics.Typeface,java.util.List)>",
						"<android.graphics.Typeface: void <clinit>()>",
						"<android.graphics.fonts.SystemFonts: java.util.Map getRawSystemFallbackMap()>",
						"<android.graphics.fonts.SystemFonts: void <clinit>()>",
						"<android.graphics.fonts.SystemFonts: android.text.FontConfig$Alias[] buildSystemFallback(java.lang.String,java.lang.String,android.graphics.fonts.FontCustomizationParser$Result,android.util.ArrayMap,java.util.ArrayList)>",
						"<android.graphics.fonts.SystemFonts: void pushFamilyToFallback(android.text.FontConfig$Family,android.util.ArrayMap,java.util.Map,java.util.ArrayList)>",
						"<android.graphics.fonts.SystemFonts: android.graphics.fonts.FontFamily createFontFamily(java.lang.String,java.util.List,java.lang.String,int,java.util.Map,java.util.ArrayList)>",
						"<android.graphics.fonts.Font$Builder: android.graphics.fonts.Font build()>",
						"key field: <android.graphics.fonts.Font$Builder: java.io.IOException mException>",
						"<android.graphics.fonts.Font$Builder: android.graphics.fonts.Font build()>"
					],
					"depth":8,
					"method":"<android.graphics.Typeface: android.graphics.Typeface createFromTypefaceWithVariation(android.graphics.Typeface,java.util.List)>",
					"source":"FIELDCALLER"
				},
				{
					"trace":[
						"<android.graphics.Paint: boolean setFontVariationSettings(java.lang.String)>",
						"<android.graphics.Typeface: void <clinit>()>",
						"<android.graphics.fonts.SystemFonts: java.util.Map getRawSystemFallbackMap()>",
						"<android.graphics.fonts.SystemFonts: void <clinit>()>",
						"<android.graphics.fonts.SystemFonts: android.text.FontConfig$Alias[] buildSystemFallback(java.lang.String,java.lang.String,android.graphics.fonts.FontCustomizationParser$Result,android.util.ArrayMap,java.util.ArrayList)>",
						"<android.graphics.fonts.SystemFonts: void pushFamilyToFallback(android.text.FontConfig$Family,android.util.ArrayMap,java.util.Map,java.util.ArrayList)>",
						"<android.graphics.fonts.SystemFonts: android.graphics.fonts.FontFamily createFontFamily(java.lang.String,java.util.List,java.lang.String,int,java.util.Map,java.util.ArrayList)>",
						"<android.graphics.fonts.Font$Builder: android.graphics.fonts.Font build()>",
						"key field: <android.graphics.fonts.Font$Builder: java.io.IOException mException>",
						"<android.graphics.fonts.Font$Builder: android.graphics.fonts.Font build()>"
					],
					"depth":8,
					"method":"<android.graphics.Paint: boolean setFontVariationSettings(java.lang.String)>",
					"source":"FIELDCALLER"
				},
				{
					"trace":[
						"<android.graphics.Typeface: android.graphics.Typeface defaultFromStyle(int)>",
						"<android.graphics.Typeface: void <clinit>()>",
						"<android.graphics.fonts.SystemFonts: java.util.Map getRawSystemFallbackMap()>",
						"<android.graphics.fonts.SystemFonts: void <clinit>()>",
						"<android.graphics.fonts.SystemFonts: android.text.FontConfig$Alias[] buildSystemFallback(java.lang.String,java.lang.String,android.graphics.fonts.FontCustomizationParser$Result,android.util.ArrayMap,java.util.ArrayList)>",
						"<android.graphics.fonts.SystemFonts: void pushFamilyToFallback(android.text.FontConfig$Family,android.util.ArrayMap,java.util.Map,java.util.ArrayList)>",
						"<android.graphics.fonts.SystemFonts: android.graphics.fonts.FontFamily createFontFamily(java.lang.String,java.util.List,java.lang.String,int,java.util.Map,java.util.ArrayList)>",
						"<android.graphics.fonts.Font$Builder: android.graphics.fonts.Font build()>",
						"key field: <android.graphics.fonts.Font$Builder: java.io.IOException mException>",
						"<android.graphics.fonts.Font$Builder: android.graphics.fonts.Font build()>"
					],
					"depth":8,
					"method":"<android.graphics.Typeface: android.graphics.Typeface defaultFromStyle(int)>",
					"source":"FIELDCALLER"
				},
				{
					"trace":[
						"<android.graphics.Typeface: android.graphics.Typeface create(android.graphics.Typeface,int,boolean)>",
						"<android.graphics.Typeface: void <clinit>()>",
						"<android.graphics.fonts.SystemFonts: java.util.Map getRawSystemFallbackMap()>",
						"<android.graphics.fonts.SystemFonts: void <clinit>()>",
						"<android.graphics.fonts.SystemFonts: android.text.FontConfig$Alias[] buildSystemFallback(java.lang.String,java.lang.String,android.graphics.fonts.FontCustomizationParser$Result,android.util.ArrayMap,java.util.ArrayList)>",
						"<android.graphics.fonts.SystemFonts: void pushFamilyToFallback(android.text.FontConfig$Family,android.util.ArrayMap,java.util.Map,java.util.ArrayList)>",
						"<android.graphics.fonts.SystemFonts: android.graphics.fonts.FontFamily createFontFamily(java.lang.String,java.util.List,java.lang.String,int,java.util.Map,java.util.ArrayList)>",
						"<android.graphics.fonts.Font$Builder: android.graphics.fonts.Font build()>",
						"key field: <android.graphics.fonts.Font$Builder: java.io.IOException mException>",
						"<android.graphics.fonts.Font$Builder: android.graphics.fonts.Font build()>"
					],
					"depth":8,
					"method":"<android.graphics.Typeface: android.graphics.Typeface create(android.graphics.Typeface,int,boolean)>",
					"source":"FIELDCALLER"
				},
				{
					"trace":[
						"<android.graphics.Typeface: android.graphics.Typeface create(android.graphics.Typeface,int)>",
						"<android.graphics.Typeface: void <clinit>()>",
						"<android.graphics.fonts.SystemFonts: java.util.Map getRawSystemFallbackMap()>",
						"<android.graphics.fonts.SystemFonts: void <clinit>()>",
						"<android.graphics.fonts.SystemFonts: android.text.FontConfig$Alias[] buildSystemFallback(java.lang.String,java.lang.String,android.graphics.fonts.FontCustomizationParser$Result,android.util.ArrayMap,java.util.ArrayList)>",
						"<android.graphics.fonts.SystemFonts: void pushFamilyToFallback(android.text.FontConfig$Family,android.util.ArrayMap,java.util.Map,java.util.ArrayList)>",
						"<android.graphics.fonts.SystemFonts: android.graphics.fonts.FontFamily createFontFamily(java.lang.String,java.util.List,java.lang.String,int,java.util.Map,java.util.ArrayList)>",
						"<android.graphics.fonts.Font$Builder: android.graphics.fonts.Font build()>",
						"key field: <android.graphics.fonts.Font$Builder: java.io.IOException mException>",
						"<android.graphics.fonts.Font$Builder: android.graphics.fonts.Font build()>"
					],
					"depth":8,
					"method":"<android.graphics.Typeface: android.graphics.Typeface create(android.graphics.Typeface,int)>",
					"source":"FIELDCALLER"
				},
				{
					"trace":[
						"<android.graphics.Typeface: void initSystemDefaultTypefaces(java.util.Map,java.util.Map,android.text.FontConfig$Alias[])>",
						"<android.graphics.Typeface: void <clinit>()>",
						"<android.graphics.fonts.SystemFonts: java.util.Map getRawSystemFallbackMap()>",
						"<android.graphics.fonts.SystemFonts: void <clinit>()>",
						"<android.graphics.fonts.SystemFonts: android.text.FontConfig$Alias[] buildSystemFallback(java.lang.String,java.lang.String,android.graphics.fonts.FontCustomizationParser$Result,android.util.ArrayMap,java.util.ArrayList)>",
						"<android.graphics.fonts.SystemFonts: void pushFamilyToFallback(android.text.FontConfig$Family,android.util.ArrayMap,java.util.Map,java.util.ArrayList)>",
						"<android.graphics.fonts.SystemFonts: android.graphics.fonts.FontFamily createFontFamily(java.lang.String,java.util.List,java.lang.String,int,java.util.Map,java.util.ArrayList)>",
						"<android.graphics.fonts.Font$Builder: android.graphics.fonts.Font build()>",
						"key field: <android.graphics.fonts.Font$Builder: java.io.IOException mException>",
						"<android.graphics.fonts.Font$Builder: android.graphics.fonts.Font build()>"
					],
					"depth":8,
					"method":"<android.graphics.Typeface: void initSystemDefaultTypefaces(java.util.Map,java.util.Map,android.text.FontConfig$Alias[])>",
					"source":"FIELDCALLER"
				},
				{
					"trace":[
						"<android.graphics.Typeface: android.graphics.Typeface create(java.lang.String,int)>",
						"<android.graphics.Typeface: void <clinit>()>",
						"<android.graphics.fonts.SystemFonts: java.util.Map getRawSystemFallbackMap()>",
						"<android.graphics.fonts.SystemFonts: void <clinit>()>",
						"<android.graphics.fonts.SystemFonts: android.text.FontConfig$Alias[] buildSystemFallback(java.lang.String,java.lang.String,android.graphics.fonts.FontCustomizationParser$Result,android.util.ArrayMap,java.util.ArrayList)>",
						"<android.graphics.fonts.SystemFonts: void pushFamilyToFallback(android.text.FontConfig$Family,android.util.ArrayMap,java.util.Map,java.util.ArrayList)>",
						"<android.graphics.fonts.SystemFonts: android.graphics.fonts.FontFamily createFontFamily(java.lang.String,java.util.List,java.lang.String,int,java.util.Map,java.util.ArrayList)>",
						"<android.graphics.fonts.Font$Builder: android.graphics.fonts.Font build()>",
						"key field: <android.graphics.fonts.Font$Builder: java.io.IOException mException>",
						"<android.graphics.fonts.Font$Builder: android.graphics.fonts.Font build()>"
					],
					"depth":8,
					"method":"<android.graphics.Typeface: android.graphics.Typeface create(java.lang.String,int)>",
					"source":"FIELDCALLER"
				}
			],
			"callerOfSingnlar2SourceVar":{}
		}
	]
}