{
	"exceptions":[
		{
			"method":"<android.content.pm.PackageBackwardCompatibility: boolean addOptionalUpdater(java.util.List,java.lang.String,java.util.function.Supplier)>",
			"message":"\\QCould not create instance of \\E[\\s\\S]*",
			"relatedVarType":"Parameter",
			"relatedCondType":"Basic",
			"modifier":"private",
			"type":"java.lang.IllegalStateException",
			"osVersionRelated":false,
			"resourceRelated":false,
			"assessRelated":false,
			"hardwareRelated":false,
			"manifestRelated":false,
			"conditions":"r30 != null",
			"paramValues":"@parameter1: java.lang.String",
			"caughtValues":"@caughtexception, @caughtexception",
			"relatedValues":"@parameter1: java.lang.String; ; @caughtexception, @caughtexception",
			"keyAPISameClassNum":0,
			"keyAPIDiffClassNum":0,
			"keyAPISameClass":[
				{
					"trace":[
						"<android.content.pm.PackageBackwardCompatibility: boolean addOptionalUpdater(java.util.List,java.lang.String,java.util.function.Supplier)>"
					],
					"depth":0,
					"method":"<android.content.pm.PackageBackwardCompatibility: boolean addOptionalUpdater(java.util.List,java.lang.String,java.util.function.Supplier)>",
					"source":"CALLER"
				}
			],
			"keyAPIDiffClass":[],
			"callerOfSingnlar2SourceVar":{
				"<android.content.pm.PackageBackwardCompatibility: boolean addOptionalUpdater(java.util.List,java.lang.String,java.util.function.Supplier)>":"1"
			}
		}
	]
}