{
	"exceptions":[
		{
			"method":"<android.graphics.Matrix: boolean setRectToRect(android.graphics.RectF,android.graphics.RectF,android.graphics.Matrix$ScaleToFit)>",
			"message":"[\\s\\S]*",
			"relatedVarType":"Parameter",
			"relatedCondType":"Basic",
			"modifier":"public",
			"type":"java.lang.NullPointerException",
			"osVersionRelated":false,
			"resourceRelated":false,
			"assessRelated":false,
			"hardwareRelated":false,
			"manifestRelated":false,
			"conditions":"r0 == null, r2 != null",
			"paramValues":"@parameter1: android.graphics.RectF, @parameter0: android.graphics.RectF",
			"relatedValues":"@parameter1: android.graphics.RectF, @parameter0: android.graphics.RectF; ; ",
			"keyAPISameClassNum":0,
			"keyAPIDiffClassNum":0,
			"keyAPISameClass":[
				{
					"trace":[
						"<android.graphics.Matrix: boolean setRectToRect(android.graphics.RectF,android.graphics.RectF,android.graphics.Matrix$ScaleToFit)>"
					],
					"depth":0,
					"method":"<android.graphics.Matrix: boolean setRectToRect(android.graphics.RectF,android.graphics.RectF,android.graphics.Matrix$ScaleToFit)>",
					"source":"CALLER"
				}
			],
			"keyAPIDiffClass":[],
			"callerOfSingnlar2SourceVar":{
				"<android.graphics.Matrix: boolean setRectToRect(android.graphics.RectF,android.graphics.RectF,android.graphics.Matrix$ScaleToFit)>":"1, 0"
			}
		},
		{
			"method":"<android.graphics.Matrix: void checkPointArrays(float[],int,float[],int,int)>",
			"message":"[\\s\\S]*",
			"relatedVarType":"Parameter",
			"relatedCondType":"Basic",
			"modifier":"private",
			"type":"java.lang.ArrayIndexOutOfBoundsException",
			"osVersionRelated":false,
			"resourceRelated":false,
			"assessRelated":false,
			"hardwareRelated":false,
			"manifestRelated":false,
			"conditions":"$i10 < 0, i3 > $i11",
			"paramValues":"@parameter4: int, @parameter1: int, @parameter3: int, @parameter0: float[]",
			"relatedValues":"@parameter4: int, @parameter1: int, @parameter3: int, @parameter0: float[]; ; ",
			"keyAPISameClassNum":0,
			"keyAPIDiffClassNum":0,
			"keyAPISameClass":[
				{
					"trace":[
						"<android.graphics.Matrix: void checkPointArrays(float[],int,float[],int,int)>"
					],
					"depth":0,
					"method":"<android.graphics.Matrix: void checkPointArrays(float[],int,float[],int,int)>",
					"source":"CALLER"
				},
				{
					"trace":[
						"<android.graphics.Matrix: void mapPoints(float[],int,float[],int,int)>",
						"<android.graphics.Matrix: void checkPointArrays(float[],int,float[],int,int)>"
					],
					"depth":1,
					"method":"<android.graphics.Matrix: void mapPoints(float[],int,float[],int,int)>",
					"source":"CALLER"
				},
				{
					"trace":[
						"<android.graphics.Matrix: void mapVectors(float[],int,float[],int,int)>",
						"<android.graphics.Matrix: void checkPointArrays(float[],int,float[],int,int)>"
					],
					"depth":1,
					"method":"<android.graphics.Matrix: void mapVectors(float[],int,float[],int,int)>",
					"source":"CALLER"
				},
				{
					"trace":[
						"<android.graphics.Matrix: boolean setPolyToPoly(float[],int,float[],int,int)>",
						"<android.graphics.Matrix: void checkPointArrays(float[],int,float[],int,int)>"
					],
					"depth":1,
					"method":"<android.graphics.Matrix: boolean setPolyToPoly(float[],int,float[],int,int)>",
					"source":"CALLER"
				},
				{
					"trace":[
						"<android.graphics.Matrix: void mapPoints(float[])>",
						"<android.graphics.Matrix: void mapPoints(float[],int,float[],int,int)>",
						"<android.graphics.Matrix: void checkPointArrays(float[],int,float[],int,int)>"
					],
					"depth":2,
					"method":"<android.graphics.Matrix: void mapPoints(float[])>",
					"source":"CALLER"
				},
				{
					"trace":[
						"<android.graphics.Matrix: void mapPoints(float[],float[])>",
						"<android.graphics.Matrix: void mapPoints(float[],int,float[],int,int)>",
						"<android.graphics.Matrix: void checkPointArrays(float[],int,float[],int,int)>"
					],
					"depth":2,
					"method":"<android.graphics.Matrix: void mapPoints(float[],float[])>",
					"source":"CALLER"
				},
				{
					"trace":[
						"<android.graphics.Matrix: void mapVectors(float[],float[])>",
						"<android.graphics.Matrix: void mapVectors(float[],int,float[],int,int)>",
						"<android.graphics.Matrix: void checkPointArrays(float[],int,float[],int,int)>"
					],
					"depth":2,
					"method":"<android.graphics.Matrix: void mapVectors(float[],float[])>",
					"source":"CALLER"
				},
				{
					"trace":[
						"<android.graphics.Matrix: void mapVectors(float[])>",
						"<android.graphics.Matrix: void mapVectors(float[],int,float[],int,int)>",
						"<android.graphics.Matrix: void checkPointArrays(float[],int,float[],int,int)>"
					],
					"depth":2,
					"method":"<android.graphics.Matrix: void mapVectors(float[])>",
					"source":"CALLER"
				}
			],
			"keyAPIDiffClass":[],
			"callerOfSingnlar2SourceVar":{
				"<android.graphics.Matrix: void mapPoints(float[],int,float[],int,int)>":"4, 3, 1, 2",
				"<android.graphics.Matrix: void mapPoints(float[])>":"0",
				"<android.graphics.Matrix: void mapVectors(float[],float[])>":"1",
				"<android.graphics.Matrix: void mapVectors(float[])>":"0",
				"<android.graphics.Matrix: void checkPointArrays(float[],int,float[],int,int)>":"4, 1, 3, 0",
				"<android.graphics.Matrix: boolean setPolyToPoly(float[],int,float[],int,int)>":"4, 1, 3, 0",
				"<android.graphics.Matrix: void mapPoints(float[],float[])>":"1",
				"<android.graphics.Matrix: void mapVectors(float[],int,float[],int,int)>":"4, 3, 1, 2",
				"<android.view.ViewGroup: void transformPointToViewLocal(float[],android.view.View)>":"0"
			}
		},
		{
			"method":"<android.graphics.Matrix: boolean setPolyToPoly(float[],int,float[],int,int)>",
			"message":"[\\s\\S]*",
			"relatedVarType":"Parameter",
			"relatedCondType":"Basic",
			"modifier":"public",
			"type":"java.lang.IllegalArgumentException",
			"osVersionRelated":false,
			"resourceRelated":false,
			"assessRelated":false,
			"hardwareRelated":false,
			"manifestRelated":false,
			"conditions":"i0 <= 4",
			"paramValues":"@parameter4: int",
			"relatedValues":"@parameter4: int; ; ",
			"keyAPISameClassNum":0,
			"keyAPIDiffClassNum":0,
			"keyAPISameClass":[
				{
					"trace":[
						"<android.graphics.Matrix: boolean setPolyToPoly(float[],int,float[],int,int)>"
					],
					"depth":0,
					"method":"<android.graphics.Matrix: boolean setPolyToPoly(float[],int,float[],int,int)>",
					"source":"CALLER"
				}
			],
			"keyAPIDiffClass":[],
			"callerOfSingnlar2SourceVar":{
				"<android.graphics.Matrix: boolean setPolyToPoly(float[],int,float[],int,int)>":"4"
			}
		},
		{
			"method":"<android.graphics.Matrix: void mapPoints(float[],float[])>",
			"message":"[\\s\\S]*",
			"relatedVarType":"Parameter",
			"relatedCondType":"Basic",
			"modifier":"public",
			"type":"java.lang.ArrayIndexOutOfBoundsException",
			"osVersionRelated":false,
			"resourceRelated":false,
			"assessRelated":false,
			"hardwareRelated":false,
			"manifestRelated":false,
			"conditions":"$i1 == $i0",
			"paramValues":"@parameter0: float[], @parameter1: float[]",
			"relatedValues":"@parameter0: float[], @parameter1: float[]; ; ",
			"keyAPISameClassNum":0,
			"keyAPIDiffClassNum":0,
			"keyAPISameClass":[
				{
					"trace":[
						"<android.graphics.Matrix: void mapPoints(float[],float[])>"
					],
					"depth":0,
					"method":"<android.graphics.Matrix: void mapPoints(float[],float[])>",
					"source":"CALLER"
				}
			],
			"keyAPIDiffClass":[],
			"callerOfSingnlar2SourceVar":{
				"<android.graphics.Matrix: void mapPoints(float[],float[])>":"0, 1"
			}
		},
		{
			"method":"<android.graphics.Matrix: void mapVectors(float[],float[])>",
			"message":"[\\s\\S]*",
			"relatedVarType":"Parameter",
			"relatedCondType":"Basic",
			"modifier":"public",
			"type":"java.lang.ArrayIndexOutOfBoundsException",
			"osVersionRelated":false,
			"resourceRelated":false,
			"assessRelated":false,
			"hardwareRelated":false,
			"manifestRelated":false,
			"conditions":"$i1 == $i0",
			"paramValues":"@parameter0: float[], @parameter1: float[]",
			"relatedValues":"@parameter0: float[], @parameter1: float[]; ; ",
			"keyAPISameClassNum":0,
			"keyAPIDiffClassNum":0,
			"keyAPISameClass":[
				{
					"trace":[
						"<android.graphics.Matrix: void mapVectors(float[],float[])>"
					],
					"depth":0,
					"method":"<android.graphics.Matrix: void mapVectors(float[],float[])>",
					"source":"CALLER"
				}
			],
			"keyAPIDiffClass":[],
			"callerOfSingnlar2SourceVar":{
				"<android.graphics.Matrix: void mapVectors(float[],float[])>":"0, 1"
			}
		},
		{
			"method":"<android.graphics.Matrix: boolean mapRect(android.graphics.RectF,android.graphics.RectF)>",
			"message":"[\\s\\S]*",
			"relatedVarType":"Parameter",
			"relatedCondType":"Basic",
			"modifier":"public",
			"type":"java.lang.NullPointerException",
			"osVersionRelated":false,
			"resourceRelated":false,
			"assessRelated":false,
			"hardwareRelated":false,
			"manifestRelated":false,
			"conditions":"r0 == null, r2 != null",
			"paramValues":"@parameter0: android.graphics.RectF, @parameter1: android.graphics.RectF",
			"relatedValues":"@parameter0: android.graphics.RectF, @parameter1: android.graphics.RectF; ; ",
			"keyAPISameClassNum":0,
			"keyAPIDiffClassNum":0,
			"keyAPISameClass":[
				{
					"trace":[
						"<android.graphics.Matrix: boolean mapRect(android.graphics.RectF,android.graphics.RectF)>"
					],
					"depth":0,
					"method":"<android.graphics.Matrix: boolean mapRect(android.graphics.RectF,android.graphics.RectF)>",
					"source":"CALLER"
				},
				{
					"trace":[
						"<android.graphics.Matrix: boolean mapRect(android.graphics.RectF)>",
						"<android.graphics.Matrix: boolean mapRect(android.graphics.RectF,android.graphics.RectF)>"
					],
					"depth":1,
					"method":"<android.graphics.Matrix: boolean mapRect(android.graphics.RectF)>",
					"source":"CALLER"
				}
			],
			"keyAPIDiffClass":[
				{
					"trace":[
						"<android.graphics.Bitmap: android.graphics.Bitmap createBitmap(android.graphics.Bitmap,int,int,int,int,android.graphics.Matrix,boolean)>",
						"<android.graphics.Matrix: boolean mapRect(android.graphics.RectF,android.graphics.RectF)>"
					],
					"depth":1,
					"method":"<android.graphics.Bitmap: android.graphics.Bitmap createBitmap(android.graphics.Bitmap,int,int,int,int,android.graphics.Matrix,boolean)>",
					"source":"CALLER"
				},
				{
					"trace":[
						"<android.hardware.camera2.utils.ParamsUtils: android.graphics.Rect mapRect(android.graphics.Matrix,android.graphics.Rect)>",
						"<android.graphics.Matrix: boolean mapRect(android.graphics.RectF)>",
						"<android.graphics.Matrix: boolean mapRect(android.graphics.RectF,android.graphics.RectF)>"
					],
					"depth":2,
					"method":"<android.hardware.camera2.utils.ParamsUtils: android.graphics.Rect mapRect(android.graphics.Matrix,android.graphics.Rect)>",
					"source":"CALLER"
				},
				{
					"trace":[
						"<android.graphics.Bitmap: android.graphics.Bitmap createScaledBitmap(android.graphics.Bitmap,int,int,boolean)>",
						"<android.graphics.Bitmap: android.graphics.Bitmap createBitmap(android.graphics.Bitmap,int,int,int,int,android.graphics.Matrix,boolean)>",
						"<android.graphics.Matrix: boolean mapRect(android.graphics.RectF,android.graphics.RectF)>"
					],
					"depth":2,
					"method":"<android.graphics.Bitmap: android.graphics.Bitmap createScaledBitmap(android.graphics.Bitmap,int,int,boolean)>",
					"source":"CALLER"
				},
				{
					"trace":[
						"<android.graphics.Bitmap: android.graphics.Bitmap createBitmap(android.graphics.Bitmap,int,int,int,int)>",
						"<android.graphics.Bitmap: android.graphics.Bitmap createBitmap(android.graphics.Bitmap,int,int,int,int,android.graphics.Matrix,boolean)>",
						"<android.graphics.Matrix: boolean mapRect(android.graphics.RectF,android.graphics.RectF)>"
					],
					"depth":2,
					"method":"<android.graphics.Bitmap: android.graphics.Bitmap createBitmap(android.graphics.Bitmap,int,int,int,int)>",
					"source":"CALLER"
				},
				{
					"trace":[
						"<android.graphics.drawable.Icon: android.graphics.Bitmap scaleDownIfNecessary(android.graphics.Bitmap,int,int)>",
						"<android.graphics.Bitmap: android.graphics.Bitmap createScaledBitmap(android.graphics.Bitmap,int,int,boolean)>",
						"<android.graphics.Bitmap: android.graphics.Bitmap createBitmap(android.graphics.Bitmap,int,int,int,int,android.graphics.Matrix,boolean)>",
						"<android.graphics.Matrix: boolean mapRect(android.graphics.RectF,android.graphics.RectF)>"
					],
					"depth":3,
					"method":"<android.graphics.drawable.Icon: android.graphics.Bitmap scaleDownIfNecessary(android.graphics.Bitmap,int,int)>",
					"source":"CALLER"
				},
				{
					"trace":[
						"<android.graphics.Bitmap: android.graphics.Bitmap createBitmap(android.graphics.Bitmap)>",
						"<android.graphics.Bitmap: android.graphics.Bitmap createBitmap(android.graphics.Bitmap,int,int,int,int)>",
						"<android.graphics.Bitmap: android.graphics.Bitmap createBitmap(android.graphics.Bitmap,int,int,int,int,android.graphics.Matrix,boolean)>",
						"<android.graphics.Matrix: boolean mapRect(android.graphics.RectF,android.graphics.RectF)>"
					],
					"depth":3,
					"method":"<android.graphics.Bitmap: android.graphics.Bitmap createBitmap(android.graphics.Bitmap)>",
					"source":"CALLER"
				},
				{
					"trace":[
						"<android.graphics.drawable.Icon: void scaleDownIfNecessary(int,int)>",
						"<android.graphics.drawable.Icon: android.graphics.Bitmap scaleDownIfNecessary(android.graphics.Bitmap,int,int)>",
						"<android.graphics.Bitmap: android.graphics.Bitmap createScaledBitmap(android.graphics.Bitmap,int,int,boolean)>",
						"<android.graphics.Bitmap: android.graphics.Bitmap createBitmap(android.graphics.Bitmap,int,int,int,int,android.graphics.Matrix,boolean)>",
						"<android.graphics.Matrix: boolean mapRect(android.graphics.RectF,android.graphics.RectF)>"
					],
					"depth":4,
					"method":"<android.graphics.drawable.Icon: void scaleDownIfNecessary(int,int)>",
					"source":"CALLER"
				}
			],
			"callerOfSingnlar2SourceVar":{
				"<android.graphics.Matrix: boolean mapRect(android.graphics.RectF)>":"0",
				"<android.app.ActivityTransitionCoordinator: void setSharedElementState(android.view.View,java.lang.String,android.os.Bundle,android.graphics.Matrix,android.graphics.RectF,int[])>":"4",
				"<android.app.ActivityTransitionCoordinator: void captureSharedElementState(android.view.View,java.lang.String,android.os.Bundle,android.graphics.Matrix,android.graphics.RectF)>":"4",
				"<android.view.animation.Animation: void getInvalidateRegion(int,int,int,int,android.graphics.RectF,android.view.animation.Transformation)>":"4",
				"<android.graphics.Matrix: boolean mapRect(android.graphics.RectF,android.graphics.RectF)>":"0, 1",
				"<android.view.View: void mapRectFromViewToScreenCoords(android.graphics.RectF,boolean)>":"0"
			}
		},
		{
			"method":"<android.graphics.Matrix: void getValues(float[])>",
			"message":"[\\s\\S]*",
			"relatedVarType":"Parameter",
			"relatedCondType":"Basic",
			"modifier":"public",
			"type":"java.lang.ArrayIndexOutOfBoundsException",
			"osVersionRelated":false,
			"resourceRelated":false,
			"assessRelated":false,
			"hardwareRelated":false,
			"manifestRelated":false,
			"conditions":"$i0 >= 9",
			"paramValues":"@parameter0: float[]",
			"relatedValues":"@parameter0: float[]; ; ",
			"keyAPISameClassNum":0,
			"keyAPIDiffClassNum":0,
			"keyAPISameClass":[
				{
					"trace":[
						"<android.graphics.Matrix: void getValues(float[])>"
					],
					"depth":0,
					"method":"<android.graphics.Matrix: void getValues(float[])>",
					"source":"CALLER"
				}
			],
			"keyAPIDiffClass":[],
			"callerOfSingnlar2SourceVar":{
				"<android.view.SurfaceControl$Transaction: android.view.SurfaceControl$Transaction setMatrix(android.view.SurfaceControl,android.graphics.Matrix,float[])>":"2",
				"<android.view.SyncRtSurfaceTransactionApplier: void applyParams(android.view.SurfaceControl$Transaction,android.view.SyncRtSurfaceTransactionApplier$SurfaceParams,float[])>":"2",
				"<android.graphics.Matrix: void getValues(float[])>":"0",
				"<android.app.assist.AssistStructure$ViewNode: int writeSelfToParcel(android.os.Parcel,android.os.PooledStringWriter,boolean,float[])>":"3",
				"<android.view.SurfaceControl: void setMatrix(android.graphics.Matrix,float[])>":"1"
			}
		},
		{
			"method":"<android.graphics.Matrix: void setValues(float[])>",
			"message":"[\\s\\S]*",
			"relatedVarType":"Parameter",
			"relatedCondType":"Basic",
			"modifier":"public",
			"type":"java.lang.ArrayIndexOutOfBoundsException",
			"osVersionRelated":false,
			"resourceRelated":false,
			"assessRelated":false,
			"hardwareRelated":false,
			"manifestRelated":false,
			"conditions":"$i0 >= 9",
			"paramValues":"@parameter0: float[]",
			"relatedValues":"@parameter0: float[]; ; ",
			"keyAPISameClassNum":0,
			"keyAPIDiffClassNum":0,
			"keyAPISameClass":[
				{
					"trace":[
						"<android.graphics.Matrix: void setValues(float[])>"
					],
					"depth":0,
					"method":"<android.graphics.Matrix: void setValues(float[])>",
					"source":"CALLER"
				}
			],
			"keyAPIDiffClass":[],
			"callerOfSingnlar2SourceVar":{
				"<android.graphics.Matrix: void setValues(float[])>":"0"
			}
		}
	]
}