{
	"exceptions":[
		{
			"method":"<android.content.SyncRequest$Builder: android.content.SyncRequest$Builder syncOnce()>",
			"message":"\\QSync type has already been defined.\\E",
			"relatedVarType":"Field",
			"relatedCondType":"Basic",
			"modifier":"public",
			"type":"java.lang.IllegalArgumentException",
			"osVersionRelated":false,
			"resourceRelated":false,
			"assessRelated":false,
			"hardwareRelated":false,
			"manifestRelated":false,
			"conditions":"$i0 == 0",
			"fieldValues":"<android.content.SyncRequest$Builder: int mSyncType>",
			"relatedValues":"; <android.content.SyncRequest$Builder: int mSyncType>; ",
			"keyAPISameClassNum":3,
			"keyAPIDiffClassNum":5,
			"keyAPISameClass":[
				{
					"trace":[
						"<android.content.SyncRequest$Builder: android.content.SyncRequest$Builder syncOnce()>"
					],
					"depth":1,
					"method":"<android.content.SyncRequest$Builder: void <init>()>",
					"source":"FIELD"
				},
				{
					"trace":[
						"<android.content.SyncRequest$Builder: android.content.SyncRequest$Builder syncOnce()>"
					],
					"depth":1,
					"method":"<android.content.SyncRequest$Builder: android.content.SyncRequest$Builder syncOnce()>",
					"source":"FIELD"
				},
				{
					"trace":[
						"<android.content.SyncRequest$Builder: android.content.SyncRequest$Builder syncOnce()>"
					],
					"depth":1,
					"method":"<android.content.SyncRequest$Builder: android.content.SyncRequest$Builder syncPeriodic(long,long)>",
					"source":"FIELD"
				}
			],
			"keyAPIDiffClass":[
				{
					"trace":[
						"<android.content.ContentResolver: void requestSyncAsUser(android.accounts.Account,java.lang.String,int,android.os.Bundle)>",
						"<android.content.SyncRequest$Builder: void <init>()>",
						"key field: <android.content.SyncRequest$Builder: int mSyncType>",
						"<android.content.SyncRequest$Builder: android.content.SyncRequest$Builder syncOnce()>"
					],
					"depth":2,
					"method":"<android.content.ContentResolver: void requestSyncAsUser(android.accounts.Account,java.lang.String,int,android.os.Bundle)>",
					"source":"FIELDCALLER"
				},
				{
					"trace":[
						"<android.content.ContentResolver: void requestSync(android.accounts.Account,java.lang.String,android.os.Bundle)>",
						"<android.content.ContentResolver: void requestSyncAsUser(android.accounts.Account,java.lang.String,int,android.os.Bundle)>",
						"<android.content.SyncRequest$Builder: void <init>()>",
						"key field: <android.content.SyncRequest$Builder: int mSyncType>",
						"<android.content.SyncRequest$Builder: android.content.SyncRequest$Builder syncOnce()>"
					],
					"depth":3,
					"method":"<android.content.ContentResolver: void requestSync(android.accounts.Account,java.lang.String,android.os.Bundle)>",
					"source":"FIELDCALLER"
				},
				{
					"trace":[
						"<android.content.ContentResolver: void startSync(android.net.Uri,android.os.Bundle)>",
						"<android.content.ContentResolver: void requestSync(android.accounts.Account,java.lang.String,android.os.Bundle)>",
						"<android.content.ContentResolver: void requestSyncAsUser(android.accounts.Account,java.lang.String,int,android.os.Bundle)>",
						"<android.content.SyncRequest$Builder: void <init>()>",
						"key field: <android.content.SyncRequest$Builder: int mSyncType>",
						"<android.content.SyncRequest$Builder: android.content.SyncRequest$Builder syncOnce()>"
					],
					"depth":4,
					"method":"<android.content.ContentResolver: void startSync(android.net.Uri,android.os.Bundle)>",
					"source":"FIELDCALLER"
				},
				{
					"trace":[
						"<android.content.SyncActivityTooManyDeletes: void onItemClick(android.widget.AdapterView,android.view.View,int,long)>",
						"<android.content.SyncActivityTooManyDeletes: void startSyncReallyDelete()>",
						"<android.content.ContentResolver: void requestSync(android.accounts.Account,java.lang.String,android.os.Bundle)>",
						"<android.content.ContentResolver: void requestSyncAsUser(android.accounts.Account,java.lang.String,int,android.os.Bundle)>",
						"<android.content.SyncRequest$Builder: void <init>()>",
						"key field: <android.content.SyncRequest$Builder: int mSyncType>",
						"<android.content.SyncRequest$Builder: android.content.SyncRequest$Builder syncOnce()>"
					],
					"depth":5,
					"method":"<android.content.SyncActivityTooManyDeletes: void onItemClick(android.widget.AdapterView,android.view.View,int,long)>",
					"source":"FIELDCALLER"
				},
				{
					"trace":[
						"<android.widget.AdapterView$OnItemClickListener: void onItemClick(android.widget.AdapterView,android.view.View,int,long)>",
						"<android.content.SyncActivityTooManyDeletes: void startSyncReallyDelete()>",
						"<android.content.ContentResolver: void requestSync(android.accounts.Account,java.lang.String,android.os.Bundle)>",
						"<android.content.ContentResolver: void requestSyncAsUser(android.accounts.Account,java.lang.String,int,android.os.Bundle)>",
						"<android.content.SyncRequest$Builder: void <init>()>",
						"key field: <android.content.SyncRequest$Builder: int mSyncType>",
						"<android.content.SyncRequest$Builder: android.content.SyncRequest$Builder syncOnce()>"
					],
					"depth":5,
					"method":"<android.widget.AdapterView$OnItemClickListener: void onItemClick(android.widget.AdapterView,android.view.View,int,long)>",
					"source":"FIELDCALLER"
				}
			],
			"callerOfSingnlar2SourceVar":{}
		},
		{
			"method":"<android.content.SyncRequest$Builder: android.content.SyncRequest$Builder syncPeriodic(long,long)>",
			"message":"\\QSync type has already been defined.\\E",
			"relatedVarType":"Field",
			"relatedCondType":"Basic",
			"modifier":"public",
			"type":"java.lang.IllegalArgumentException",
			"osVersionRelated":false,
			"resourceRelated":false,
			"assessRelated":false,
			"hardwareRelated":false,
			"manifestRelated":false,
			"conditions":"$i0 == 0",
			"fieldValues":"<android.content.SyncRequest$Builder: int mSyncType>",
			"relatedValues":"; <android.content.SyncRequest$Builder: int mSyncType>; ",
			"keyAPISameClassNum":3,
			"keyAPIDiffClassNum":5,
			"keyAPISameClass":[
				{
					"trace":[
						"<android.content.SyncRequest$Builder: android.content.SyncRequest$Builder syncPeriodic(long,long)>"
					],
					"depth":1,
					"method":"<android.content.SyncRequest$Builder: void <init>()>",
					"source":"FIELD"
				},
				{
					"trace":[
						"<android.content.SyncRequest$Builder: android.content.SyncRequest$Builder syncPeriodic(long,long)>"
					],
					"depth":1,
					"method":"<android.content.SyncRequest$Builder: android.content.SyncRequest$Builder syncOnce()>",
					"source":"FIELD"
				},
				{
					"trace":[
						"<android.content.SyncRequest$Builder: android.content.SyncRequest$Builder syncPeriodic(long,long)>"
					],
					"depth":1,
					"method":"<android.content.SyncRequest$Builder: android.content.SyncRequest$Builder syncPeriodic(long,long)>",
					"source":"FIELD"
				}
			],
			"keyAPIDiffClass":[
				{
					"trace":[
						"<android.content.ContentResolver: void requestSyncAsUser(android.accounts.Account,java.lang.String,int,android.os.Bundle)>",
						"<android.content.SyncRequest$Builder: void <init>()>",
						"key field: <android.content.SyncRequest$Builder: int mSyncType>",
						"<android.content.SyncRequest$Builder: android.content.SyncRequest$Builder syncPeriodic(long,long)>"
					],
					"depth":2,
					"method":"<android.content.ContentResolver: void requestSyncAsUser(android.accounts.Account,java.lang.String,int,android.os.Bundle)>",
					"source":"FIELDCALLER"
				},
				{
					"trace":[
						"<android.content.ContentResolver: void requestSync(android.accounts.Account,java.lang.String,android.os.Bundle)>",
						"<android.content.ContentResolver: void requestSyncAsUser(android.accounts.Account,java.lang.String,int,android.os.Bundle)>",
						"<android.content.SyncRequest$Builder: void <init>()>",
						"key field: <android.content.SyncRequest$Builder: int mSyncType>",
						"<android.content.SyncRequest$Builder: android.content.SyncRequest$Builder syncPeriodic(long,long)>"
					],
					"depth":3,
					"method":"<android.content.ContentResolver: void requestSync(android.accounts.Account,java.lang.String,android.os.Bundle)>",
					"source":"FIELDCALLER"
				},
				{
					"trace":[
						"<android.content.ContentResolver: void startSync(android.net.Uri,android.os.Bundle)>",
						"<android.content.ContentResolver: void requestSync(android.accounts.Account,java.lang.String,android.os.Bundle)>",
						"<android.content.ContentResolver: void requestSyncAsUser(android.accounts.Account,java.lang.String,int,android.os.Bundle)>",
						"<android.content.SyncRequest$Builder: void <init>()>",
						"key field: <android.content.SyncRequest$Builder: int mSyncType>",
						"<android.content.SyncRequest$Builder: android.content.SyncRequest$Builder syncPeriodic(long,long)>"
					],
					"depth":4,
					"method":"<android.content.ContentResolver: void startSync(android.net.Uri,android.os.Bundle)>",
					"source":"FIELDCALLER"
				},
				{
					"trace":[
						"<android.content.SyncActivityTooManyDeletes: void onItemClick(android.widget.AdapterView,android.view.View,int,long)>",
						"<android.content.SyncActivityTooManyDeletes: void startSyncReallyDelete()>",
						"<android.content.ContentResolver: void requestSync(android.accounts.Account,java.lang.String,android.os.Bundle)>",
						"<android.content.ContentResolver: void requestSyncAsUser(android.accounts.Account,java.lang.String,int,android.os.Bundle)>",
						"<android.content.SyncRequest$Builder: void <init>()>",
						"key field: <android.content.SyncRequest$Builder: int mSyncType>",
						"<android.content.SyncRequest$Builder: android.content.SyncRequest$Builder syncPeriodic(long,long)>"
					],
					"depth":5,
					"method":"<android.content.SyncActivityTooManyDeletes: void onItemClick(android.widget.AdapterView,android.view.View,int,long)>",
					"source":"FIELDCALLER"
				},
				{
					"trace":[
						"<android.widget.AdapterView$OnItemClickListener: void onItemClick(android.widget.AdapterView,android.view.View,int,long)>",
						"<android.content.SyncActivityTooManyDeletes: void startSyncReallyDelete()>",
						"<android.content.ContentResolver: void requestSync(android.accounts.Account,java.lang.String,android.os.Bundle)>",
						"<android.content.ContentResolver: void requestSyncAsUser(android.accounts.Account,java.lang.String,int,android.os.Bundle)>",
						"<android.content.SyncRequest$Builder: void <init>()>",
						"key field: <android.content.SyncRequest$Builder: int mSyncType>",
						"<android.content.SyncRequest$Builder: android.content.SyncRequest$Builder syncPeriodic(long,long)>"
					],
					"depth":5,
					"method":"<android.widget.AdapterView$OnItemClickListener: void onItemClick(android.widget.AdapterView,android.view.View,int,long)>",
					"source":"FIELDCALLER"
				}
			],
			"callerOfSingnlar2SourceVar":{}
		},
		{
			"method":"<android.content.SyncRequest$Builder: void setupInterval(long,long)>",
			"message":"\\QSpecified run time for the sync must be after the specified flex time.\\E",
			"relatedVarType":"Parameter",
			"relatedCondType":"Basic",
			"modifier":"private",
			"type":"java.lang.IllegalArgumentException",
			"osVersionRelated":false,
			"resourceRelated":false,
			"assessRelated":false,
			"hardwareRelated":false,
			"manifestRelated":false,
			"conditions":"$b2 <= 0",
			"paramValues":"@parameter1: long, @parameter0: long",
			"relatedValues":"@parameter1: long, @parameter0: long; ; ",
			"keyAPISameClassNum":0,
			"keyAPIDiffClassNum":0,
			"keyAPISameClass":[
				{
					"trace":[
						"<android.content.SyncRequest$Builder: void setupInterval(long,long)>"
					],
					"depth":0,
					"method":"<android.content.SyncRequest$Builder: void setupInterval(long,long)>",
					"source":"CALLER"
				},
				{
					"trace":[
						"<android.content.SyncRequest$Builder: android.content.SyncRequest$Builder syncPeriodic(long,long)>",
						"<android.content.SyncRequest$Builder: void setupInterval(long,long)>"
					],
					"depth":1,
					"method":"<android.content.SyncRequest$Builder: android.content.SyncRequest$Builder syncPeriodic(long,long)>",
					"source":"CALLER"
				}
			],
			"keyAPIDiffClass":[],
			"callerOfSingnlar2SourceVar":{
				"<android.content.SyncRequest$Builder: void setupInterval(long,long)>":"1, 0",
				"<android.content.SyncRequest$Builder: android.content.SyncRequest$Builder syncPeriodic(long,long)>":"1, 0"
			}
		},
		{
			"method":"<android.content.SyncRequest$Builder: android.content.SyncRequest$Builder setDisallowMetered(boolean)>",
			"message":"\\QsetDisallowMetered(true) after having specified that settings are ignored.\\E",
			"relatedVarType":"ParaAndField",
			"relatedCondType":"Basic",
			"modifier":"public",
			"type":"java.lang.IllegalArgumentException",
			"osVersionRelated":false,
			"resourceRelated":false,
			"assessRelated":false,
			"hardwareRelated":false,
			"manifestRelated":false,
			"conditions":"z1 == 0, $z0 == 0",
			"paramValues":"@parameter0: boolean",
			"fieldValues":"<android.content.SyncRequest$Builder: boolean mIgnoreSettings>",
			"relatedValues":"@parameter0: boolean; <android.content.SyncRequest$Builder: boolean mIgnoreSettings>; ",
			"keyAPISameClassNum":1,
			"keyAPIDiffClassNum":0,
			"keyAPISameClass":[
				{
					"trace":[
						"<android.content.SyncRequest$Builder: android.content.SyncRequest$Builder setDisallowMetered(boolean)>"
					],
					"depth":1,
					"method":"<android.content.SyncRequest$Builder: android.content.SyncRequest$Builder setIgnoreSettings(boolean)>",
					"source":"FIELD"
				}
			],
			"keyAPIDiffClass":[],
			"callerOfSingnlar2SourceVar":{
				"<android.content.SyncRequest$Builder: android.content.SyncRequest$Builder setDisallowMetered(boolean)>":"0"
			}
		},
		{
			"method":"<android.content.SyncRequest$Builder: android.content.SyncRequest$Builder setSyncAdapter(android.accounts.Account,java.lang.String)>",
			"message":"\\QSync target has already been defined.\\E",
			"relatedVarType":"Field",
			"relatedCondType":"Basic",
			"modifier":"public",
			"type":"java.lang.IllegalArgumentException",
			"osVersionRelated":false,
			"resourceRelated":false,
			"assessRelated":false,
			"hardwareRelated":false,
			"manifestRelated":false,
			"conditions":"$i0 == 0",
			"fieldValues":"<android.content.SyncRequest$Builder: int mSyncTarget>",
			"relatedValues":"; <android.content.SyncRequest$Builder: int mSyncTarget>; ",
			"keyAPISameClassNum":2,
			"keyAPIDiffClassNum":5,
			"keyAPISameClass":[
				{
					"trace":[
						"<android.content.SyncRequest$Builder: android.content.SyncRequest$Builder setSyncAdapter(android.accounts.Account,java.lang.String)>"
					],
					"depth":1,
					"method":"<android.content.SyncRequest$Builder: void <init>()>",
					"source":"FIELD"
				},
				{
					"trace":[
						"<android.content.SyncRequest$Builder: android.content.SyncRequest$Builder setSyncAdapter(android.accounts.Account,java.lang.String)>"
					],
					"depth":1,
					"method":"<android.content.SyncRequest$Builder: android.content.SyncRequest$Builder setSyncAdapter(android.accounts.Account,java.lang.String)>",
					"source":"FIELD"
				}
			],
			"keyAPIDiffClass":[
				{
					"trace":[
						"<android.content.ContentResolver: void requestSyncAsUser(android.accounts.Account,java.lang.String,int,android.os.Bundle)>",
						"<android.content.SyncRequest$Builder: void <init>()>",
						"key field: <android.content.SyncRequest$Builder: int mSyncTarget>",
						"<android.content.SyncRequest$Builder: android.content.SyncRequest$Builder setSyncAdapter(android.accounts.Account,java.lang.String)>"
					],
					"depth":2,
					"method":"<android.content.ContentResolver: void requestSyncAsUser(android.accounts.Account,java.lang.String,int,android.os.Bundle)>",
					"source":"FIELDCALLER"
				},
				{
					"trace":[
						"<android.content.ContentResolver: void requestSync(android.accounts.Account,java.lang.String,android.os.Bundle)>",
						"<android.content.ContentResolver: void requestSyncAsUser(android.accounts.Account,java.lang.String,int,android.os.Bundle)>",
						"<android.content.SyncRequest$Builder: void <init>()>",
						"key field: <android.content.SyncRequest$Builder: int mSyncTarget>",
						"<android.content.SyncRequest$Builder: android.content.SyncRequest$Builder setSyncAdapter(android.accounts.Account,java.lang.String)>"
					],
					"depth":3,
					"method":"<android.content.ContentResolver: void requestSync(android.accounts.Account,java.lang.String,android.os.Bundle)>",
					"source":"FIELDCALLER"
				},
				{
					"trace":[
						"<android.content.ContentResolver: void startSync(android.net.Uri,android.os.Bundle)>",
						"<android.content.ContentResolver: void requestSync(android.accounts.Account,java.lang.String,android.os.Bundle)>",
						"<android.content.ContentResolver: void requestSyncAsUser(android.accounts.Account,java.lang.String,int,android.os.Bundle)>",
						"<android.content.SyncRequest$Builder: void <init>()>",
						"key field: <android.content.SyncRequest$Builder: int mSyncTarget>",
						"<android.content.SyncRequest$Builder: android.content.SyncRequest$Builder setSyncAdapter(android.accounts.Account,java.lang.String)>"
					],
					"depth":4,
					"method":"<android.content.ContentResolver: void startSync(android.net.Uri,android.os.Bundle)>",
					"source":"FIELDCALLER"
				},
				{
					"trace":[
						"<android.content.SyncActivityTooManyDeletes: void onItemClick(android.widget.AdapterView,android.view.View,int,long)>",
						"<android.content.SyncActivityTooManyDeletes: void startSyncReallyDelete()>",
						"<android.content.ContentResolver: void requestSync(android.accounts.Account,java.lang.String,android.os.Bundle)>",
						"<android.content.ContentResolver: void requestSyncAsUser(android.accounts.Account,java.lang.String,int,android.os.Bundle)>",
						"<android.content.SyncRequest$Builder: void <init>()>",
						"key field: <android.content.SyncRequest$Builder: int mSyncTarget>",
						"<android.content.SyncRequest$Builder: android.content.SyncRequest$Builder setSyncAdapter(android.accounts.Account,java.lang.String)>"
					],
					"depth":5,
					"method":"<android.content.SyncActivityTooManyDeletes: void onItemClick(android.widget.AdapterView,android.view.View,int,long)>",
					"source":"FIELDCALLER"
				},
				{
					"trace":[
						"<android.widget.AdapterView$OnItemClickListener: void onItemClick(android.widget.AdapterView,android.view.View,int,long)>",
						"<android.content.SyncActivityTooManyDeletes: void startSyncReallyDelete()>",
						"<android.content.ContentResolver: void requestSync(android.accounts.Account,java.lang.String,android.os.Bundle)>",
						"<android.content.ContentResolver: void requestSyncAsUser(android.accounts.Account,java.lang.String,int,android.os.Bundle)>",
						"<android.content.SyncRequest$Builder: void <init>()>",
						"key field: <android.content.SyncRequest$Builder: int mSyncTarget>",
						"<android.content.SyncRequest$Builder: android.content.SyncRequest$Builder setSyncAdapter(android.accounts.Account,java.lang.String)>"
					],
					"depth":5,
					"method":"<android.widget.AdapterView$OnItemClickListener: void onItemClick(android.widget.AdapterView,android.view.View,int,long)>",
					"source":"FIELDCALLER"
				}
			],
			"callerOfSingnlar2SourceVar":{}
		},
		{
			"method":"<android.content.SyncRequest$Builder: android.content.SyncRequest$Builder setSyncAdapter(android.accounts.Account,java.lang.String)>",
			"message":"\\QAuthority must be non-empty\\E",
			"relatedVarType":"ParaAndField",
			"relatedCondType":"Basic",
			"modifier":"public",
			"type":"java.lang.IllegalArgumentException",
			"osVersionRelated":false,
			"resourceRelated":false,
			"assessRelated":false,
			"hardwareRelated":false,
			"manifestRelated":false,
			"conditions":"$i1 != 0, r1 == null, $i0 == 0",
			"paramValues":"@parameter1: java.lang.String",
			"fieldValues":"<android.content.SyncRequest$Builder: int mSyncTarget>",
			"relatedValues":"@parameter1: java.lang.String; <android.content.SyncRequest$Builder: int mSyncTarget>; ",
			"keyAPISameClassNum":2,
			"keyAPIDiffClassNum":5,
			"keyAPISameClass":[
				{
					"trace":[
						"<android.content.SyncRequest$Builder: android.content.SyncRequest$Builder setSyncAdapter(android.accounts.Account,java.lang.String)>"
					],
					"depth":1,
					"method":"<android.content.SyncRequest$Builder: void <init>()>",
					"source":"FIELD"
				},
				{
					"trace":[
						"<android.content.SyncRequest$Builder: android.content.SyncRequest$Builder setSyncAdapter(android.accounts.Account,java.lang.String)>"
					],
					"depth":1,
					"method":"<android.content.SyncRequest$Builder: android.content.SyncRequest$Builder setSyncAdapter(android.accounts.Account,java.lang.String)>",
					"source":"FIELD"
				}
			],
			"keyAPIDiffClass":[
				{
					"trace":[
						"<android.content.ContentResolver: void requestSyncAsUser(android.accounts.Account,java.lang.String,int,android.os.Bundle)>",
						"<android.content.SyncRequest$Builder: void <init>()>",
						"key field: <android.content.SyncRequest$Builder: int mSyncTarget>",
						"<android.content.SyncRequest$Builder: android.content.SyncRequest$Builder setSyncAdapter(android.accounts.Account,java.lang.String)>"
					],
					"depth":2,
					"method":"<android.content.ContentResolver: void requestSyncAsUser(android.accounts.Account,java.lang.String,int,android.os.Bundle)>",
					"source":"FIELDCALLER"
				},
				{
					"trace":[
						"<android.content.ContentResolver: void requestSync(android.accounts.Account,java.lang.String,android.os.Bundle)>",
						"<android.content.ContentResolver: void requestSyncAsUser(android.accounts.Account,java.lang.String,int,android.os.Bundle)>",
						"<android.content.SyncRequest$Builder: void <init>()>",
						"key field: <android.content.SyncRequest$Builder: int mSyncTarget>",
						"<android.content.SyncRequest$Builder: android.content.SyncRequest$Builder setSyncAdapter(android.accounts.Account,java.lang.String)>"
					],
					"depth":3,
					"method":"<android.content.ContentResolver: void requestSync(android.accounts.Account,java.lang.String,android.os.Bundle)>",
					"source":"FIELDCALLER"
				},
				{
					"trace":[
						"<android.content.ContentResolver: void startSync(android.net.Uri,android.os.Bundle)>",
						"<android.content.ContentResolver: void requestSync(android.accounts.Account,java.lang.String,android.os.Bundle)>",
						"<android.content.ContentResolver: void requestSyncAsUser(android.accounts.Account,java.lang.String,int,android.os.Bundle)>",
						"<android.content.SyncRequest$Builder: void <init>()>",
						"key field: <android.content.SyncRequest$Builder: int mSyncTarget>",
						"<android.content.SyncRequest$Builder: android.content.SyncRequest$Builder setSyncAdapter(android.accounts.Account,java.lang.String)>"
					],
					"depth":4,
					"method":"<android.content.ContentResolver: void startSync(android.net.Uri,android.os.Bundle)>",
					"source":"FIELDCALLER"
				},
				{
					"trace":[
						"<android.content.SyncActivityTooManyDeletes: void onItemClick(android.widget.AdapterView,android.view.View,int,long)>",
						"<android.content.SyncActivityTooManyDeletes: void startSyncReallyDelete()>",
						"<android.content.ContentResolver: void requestSync(android.accounts.Account,java.lang.String,android.os.Bundle)>",
						"<android.content.ContentResolver: void requestSyncAsUser(android.accounts.Account,java.lang.String,int,android.os.Bundle)>",
						"<android.content.SyncRequest$Builder: void <init>()>",
						"key field: <android.content.SyncRequest$Builder: int mSyncTarget>",
						"<android.content.SyncRequest$Builder: android.content.SyncRequest$Builder setSyncAdapter(android.accounts.Account,java.lang.String)>"
					],
					"depth":5,
					"method":"<android.content.SyncActivityTooManyDeletes: void onItemClick(android.widget.AdapterView,android.view.View,int,long)>",
					"source":"FIELDCALLER"
				},
				{
					"trace":[
						"<android.widget.AdapterView$OnItemClickListener: void onItemClick(android.widget.AdapterView,android.view.View,int,long)>",
						"<android.content.SyncActivityTooManyDeletes: void startSyncReallyDelete()>",
						"<android.content.ContentResolver: void requestSync(android.accounts.Account,java.lang.String,android.os.Bundle)>",
						"<android.content.ContentResolver: void requestSyncAsUser(android.accounts.Account,java.lang.String,int,android.os.Bundle)>",
						"<android.content.SyncRequest$Builder: void <init>()>",
						"key field: <android.content.SyncRequest$Builder: int mSyncTarget>",
						"<android.content.SyncRequest$Builder: android.content.SyncRequest$Builder setSyncAdapter(android.accounts.Account,java.lang.String)>"
					],
					"depth":5,
					"method":"<android.widget.AdapterView$OnItemClickListener: void onItemClick(android.widget.AdapterView,android.view.View,int,long)>",
					"source":"FIELDCALLER"
				}
			],
			"callerOfSingnlar2SourceVar":{
				"<android.content.SyncRequest$Builder: android.content.SyncRequest$Builder setSyncAdapter(android.accounts.Account,java.lang.String)>":"1",
				"<android.content.ContentResolver: void requestSyncAsUser(android.accounts.Account,java.lang.String,int,android.os.Bundle)>":"1",
				"<android.content.ContentResolver: void requestSync(android.accounts.Account,java.lang.String,android.os.Bundle)>":"1"
			}
		},
		{
			"method":"<android.content.SyncRequest$Builder: android.content.SyncRequest$Builder setIgnoreSettings(boolean)>",
			"message":"\\QsetIgnoreSettings(true) after having specified sync settings with this builder.\\E",
			"relatedVarType":"ParaAndField",
			"relatedCondType":"Basic",
			"modifier":"public",
			"type":"java.lang.IllegalArgumentException",
			"osVersionRelated":false,
			"resourceRelated":false,
			"assessRelated":false,
			"hardwareRelated":false,
			"manifestRelated":false,
			"conditions":"z1 == 0, $z0 == 0",
			"paramValues":"@parameter0: boolean",
			"fieldValues":"<android.content.SyncRequest$Builder: boolean mDisallowMetered>",
			"relatedValues":"@parameter0: boolean; <android.content.SyncRequest$Builder: boolean mDisallowMetered>; ",
			"keyAPISameClassNum":1,
			"keyAPIDiffClassNum":0,
			"keyAPISameClass":[
				{
					"trace":[
						"<android.content.SyncRequest$Builder: android.content.SyncRequest$Builder setIgnoreSettings(boolean)>"
					],
					"depth":1,
					"method":"<android.content.SyncRequest$Builder: android.content.SyncRequest$Builder setDisallowMetered(boolean)>",
					"source":"FIELD"
				}
			],
			"keyAPIDiffClass":[],
			"callerOfSingnlar2SourceVar":{
				"<android.content.SyncRequest$Builder: android.content.SyncRequest$Builder setIgnoreSettings(boolean)>":"0"
			}
		},
		{
			"method":"<android.content.SyncRequest$Builder: android.content.SyncRequest build()>",
			"message":"\\QIllegal extras were set\\E",
			"relatedVarType":"Field",
			"relatedCondType":"Basic",
			"modifier":"public",
			"type":"java.lang.IllegalArgumentException",
			"osVersionRelated":false,
			"resourceRelated":false,
			"assessRelated":false,
			"hardwareRelated":false,
			"manifestRelated":false,
			"conditions":"$z7 != 0, $i0 != 1, $z6 == 0",
			"fieldValues":"<android.content.SyncRequest$Builder: android.os.Bundle mCustomExtras>, <android.content.SyncRequest$Builder: int mSyncType>, <android.content.SyncRequest$Builder: boolean mIsManual>",
			"relatedValues":"; <android.content.SyncRequest$Builder: android.os.Bundle mCustomExtras>, <android.content.SyncRequest$Builder: int mSyncType>, <android.content.SyncRequest$Builder: boolean mIsManual>; ",
			"keyAPISameClassNum":6,
			"keyAPIDiffClassNum":5,
			"keyAPISameClass":[
				{
					"trace":[
						"<android.content.SyncRequest$Builder: android.content.SyncRequest build()>"
					],
					"depth":1,
					"method":"<android.content.SyncRequest$Builder: android.content.SyncRequest$Builder setExtras(android.os.Bundle)>",
					"source":"FIELD"
				},
				{
					"trace":[
						"<android.content.SyncRequest$Builder: android.content.SyncRequest build()>"
					],
					"depth":1,
					"method":"<android.content.SyncRequest$Builder: android.content.SyncRequest build()>",
					"source":"FIELD"
				},
				{
					"trace":[
						"<android.content.SyncRequest$Builder: android.content.SyncRequest build()>"
					],
					"depth":1,
					"method":"<android.content.SyncRequest$Builder: void <init>()>",
					"source":"FIELD"
				},
				{
					"trace":[
						"<android.content.SyncRequest$Builder: android.content.SyncRequest build()>"
					],
					"depth":1,
					"method":"<android.content.SyncRequest$Builder: android.content.SyncRequest$Builder syncOnce()>",
					"source":"FIELD"
				},
				{
					"trace":[
						"<android.content.SyncRequest$Builder: android.content.SyncRequest build()>"
					],
					"depth":1,
					"method":"<android.content.SyncRequest$Builder: android.content.SyncRequest$Builder syncPeriodic(long,long)>",
					"source":"FIELD"
				},
				{
					"trace":[
						"<android.content.SyncRequest$Builder: android.content.SyncRequest build()>"
					],
					"depth":1,
					"method":"<android.content.SyncRequest$Builder: android.content.SyncRequest$Builder setManual(boolean)>",
					"source":"FIELD"
				}
			],
			"keyAPIDiffClass":[
				{
					"trace":[
						"<android.content.ContentResolver: void requestSyncAsUser(android.accounts.Account,java.lang.String,int,android.os.Bundle)>",
						"<android.content.SyncRequest$Builder: android.content.SyncRequest$Builder setExtras(android.os.Bundle)>",
						"key field: <android.content.SyncRequest$Builder: android.os.Bundle mCustomExtras>",
						"<android.content.SyncRequest$Builder: android.content.SyncRequest build()>"
					],
					"depth":2,
					"method":"<android.content.ContentResolver: void requestSyncAsUser(android.accounts.Account,java.lang.String,int,android.os.Bundle)>",
					"source":"FIELDCALLER"
				},
				{
					"trace":[
						"<android.content.ContentResolver: void requestSync(android.accounts.Account,java.lang.String,android.os.Bundle)>",
						"<android.content.ContentResolver: void requestSyncAsUser(android.accounts.Account,java.lang.String,int,android.os.Bundle)>",
						"<android.content.SyncRequest$Builder: android.content.SyncRequest$Builder setExtras(android.os.Bundle)>",
						"key field: <android.content.SyncRequest$Builder: android.os.Bundle mCustomExtras>",
						"<android.content.SyncRequest$Builder: android.content.SyncRequest build()>"
					],
					"depth":3,
					"method":"<android.content.ContentResolver: void requestSync(android.accounts.Account,java.lang.String,android.os.Bundle)>",
					"source":"FIELDCALLER"
				},
				{
					"trace":[
						"<android.content.ContentResolver: void startSync(android.net.Uri,android.os.Bundle)>",
						"<android.content.ContentResolver: void requestSync(android.accounts.Account,java.lang.String,android.os.Bundle)>",
						"<android.content.ContentResolver: void requestSyncAsUser(android.accounts.Account,java.lang.String,int,android.os.Bundle)>",
						"<android.content.SyncRequest$Builder: android.content.SyncRequest$Builder setExtras(android.os.Bundle)>",
						"key field: <android.content.SyncRequest$Builder: android.os.Bundle mCustomExtras>",
						"<android.content.SyncRequest$Builder: android.content.SyncRequest build()>"
					],
					"depth":4,
					"method":"<android.content.ContentResolver: void startSync(android.net.Uri,android.os.Bundle)>",
					"source":"FIELDCALLER"
				},
				{
					"trace":[
						"<android.content.SyncActivityTooManyDeletes: void onItemClick(android.widget.AdapterView,android.view.View,int,long)>",
						"<android.content.SyncActivityTooManyDeletes: void startSyncReallyDelete()>",
						"<android.content.ContentResolver: void requestSync(android.accounts.Account,java.lang.String,android.os.Bundle)>",
						"<android.content.ContentResolver: void requestSyncAsUser(android.accounts.Account,java.lang.String,int,android.os.Bundle)>",
						"<android.content.SyncRequest$Builder: android.content.SyncRequest$Builder setExtras(android.os.Bundle)>",
						"key field: <android.content.SyncRequest$Builder: android.os.Bundle mCustomExtras>",
						"<android.content.SyncRequest$Builder: android.content.SyncRequest build()>"
					],
					"depth":5,
					"method":"<android.content.SyncActivityTooManyDeletes: void onItemClick(android.widget.AdapterView,android.view.View,int,long)>",
					"source":"FIELDCALLER"
				},
				{
					"trace":[
						"<android.widget.AdapterView$OnItemClickListener: void onItemClick(android.widget.AdapterView,android.view.View,int,long)>",
						"<android.content.SyncActivityTooManyDeletes: void startSyncReallyDelete()>",
						"<android.content.ContentResolver: void requestSync(android.accounts.Account,java.lang.String,android.os.Bundle)>",
						"<android.content.ContentResolver: void requestSyncAsUser(android.accounts.Account,java.lang.String,int,android.os.Bundle)>",
						"<android.content.SyncRequest$Builder: android.content.SyncRequest$Builder setExtras(android.os.Bundle)>",
						"key field: <android.content.SyncRequest$Builder: android.os.Bundle mCustomExtras>",
						"<android.content.SyncRequest$Builder: android.content.SyncRequest build()>"
					],
					"depth":5,
					"method":"<android.widget.AdapterView$OnItemClickListener: void onItemClick(android.widget.AdapterView,android.view.View,int,long)>",
					"source":"FIELDCALLER"
				}
			],
			"callerOfSingnlar2SourceVar":{}
		},
		{
			"method":"<android.content.SyncRequest$Builder: android.content.SyncRequest build()>",
			"message":"\\QMust specify an adapter with setSyncAdapter(Account, String\\E",
			"relatedVarType":"Field",
			"relatedCondType":"Basic",
			"modifier":"public",
			"type":"java.lang.IllegalArgumentException",
			"osVersionRelated":false,
			"resourceRelated":false,
			"assessRelated":false,
			"hardwareRelated":false,
			"manifestRelated":false,
			"conditions":"$i1 != 0, $i0 != 1, $z6 == 0",
			"fieldValues":"<android.content.SyncRequest$Builder: int mSyncTarget>, <android.content.SyncRequest$Builder: int mSyncType>, <android.content.SyncRequest$Builder: boolean mIsManual>",
			"relatedValues":"; <android.content.SyncRequest$Builder: int mSyncTarget>, <android.content.SyncRequest$Builder: int mSyncType>, <android.content.SyncRequest$Builder: boolean mIsManual>; ",
			"keyAPISameClassNum":5,
			"keyAPIDiffClassNum":5,
			"keyAPISameClass":[
				{
					"trace":[
						"<android.content.SyncRequest$Builder: android.content.SyncRequest build()>"
					],
					"depth":1,
					"method":"<android.content.SyncRequest$Builder: void <init>()>",
					"source":"FIELD"
				},
				{
					"trace":[
						"<android.content.SyncRequest$Builder: android.content.SyncRequest build()>"
					],
					"depth":1,
					"method":"<android.content.SyncRequest$Builder: android.content.SyncRequest$Builder setSyncAdapter(android.accounts.Account,java.lang.String)>",
					"source":"FIELD"
				},
				{
					"trace":[
						"<android.content.SyncRequest$Builder: android.content.SyncRequest build()>"
					],
					"depth":1,
					"method":"<android.content.SyncRequest$Builder: android.content.SyncRequest$Builder syncOnce()>",
					"source":"FIELD"
				},
				{
					"trace":[
						"<android.content.SyncRequest$Builder: android.content.SyncRequest build()>"
					],
					"depth":1,
					"method":"<android.content.SyncRequest$Builder: android.content.SyncRequest$Builder syncPeriodic(long,long)>",
					"source":"FIELD"
				},
				{
					"trace":[
						"<android.content.SyncRequest$Builder: android.content.SyncRequest build()>"
					],
					"depth":1,
					"method":"<android.content.SyncRequest$Builder: android.content.SyncRequest$Builder setManual(boolean)>",
					"source":"FIELD"
				}
			],
			"keyAPIDiffClass":[
				{
					"trace":[
						"<android.content.ContentResolver: void requestSyncAsUser(android.accounts.Account,java.lang.String,int,android.os.Bundle)>",
						"<android.content.SyncRequest$Builder: void <init>()>",
						"key field: <android.content.SyncRequest$Builder: int mSyncTarget>",
						"<android.content.SyncRequest$Builder: android.content.SyncRequest build()>"
					],
					"depth":2,
					"method":"<android.content.ContentResolver: void requestSyncAsUser(android.accounts.Account,java.lang.String,int,android.os.Bundle)>",
					"source":"FIELDCALLER"
				},
				{
					"trace":[
						"<android.content.ContentResolver: void requestSync(android.accounts.Account,java.lang.String,android.os.Bundle)>",
						"<android.content.ContentResolver: void requestSyncAsUser(android.accounts.Account,java.lang.String,int,android.os.Bundle)>",
						"<android.content.SyncRequest$Builder: void <init>()>",
						"key field: <android.content.SyncRequest$Builder: int mSyncTarget>",
						"<android.content.SyncRequest$Builder: android.content.SyncRequest build()>"
					],
					"depth":3,
					"method":"<android.content.ContentResolver: void requestSync(android.accounts.Account,java.lang.String,android.os.Bundle)>",
					"source":"FIELDCALLER"
				},
				{
					"trace":[
						"<android.content.ContentResolver: void startSync(android.net.Uri,android.os.Bundle)>",
						"<android.content.ContentResolver: void requestSync(android.accounts.Account,java.lang.String,android.os.Bundle)>",
						"<android.content.ContentResolver: void requestSyncAsUser(android.accounts.Account,java.lang.String,int,android.os.Bundle)>",
						"<android.content.SyncRequest$Builder: void <init>()>",
						"key field: <android.content.SyncRequest$Builder: int mSyncTarget>",
						"<android.content.SyncRequest$Builder: android.content.SyncRequest build()>"
					],
					"depth":4,
					"method":"<android.content.ContentResolver: void startSync(android.net.Uri,android.os.Bundle)>",
					"source":"FIELDCALLER"
				},
				{
					"trace":[
						"<android.content.SyncActivityTooManyDeletes: void onItemClick(android.widget.AdapterView,android.view.View,int,long)>",
						"<android.content.SyncActivityTooManyDeletes: void startSyncReallyDelete()>",
						"<android.content.ContentResolver: void requestSync(android.accounts.Account,java.lang.String,android.os.Bundle)>",
						"<android.content.ContentResolver: void requestSyncAsUser(android.accounts.Account,java.lang.String,int,android.os.Bundle)>",
						"<android.content.SyncRequest$Builder: void <init>()>",
						"key field: <android.content.SyncRequest$Builder: int mSyncTarget>",
						"<android.content.SyncRequest$Builder: android.content.SyncRequest build()>"
					],
					"depth":5,
					"method":"<android.content.SyncActivityTooManyDeletes: void onItemClick(android.widget.AdapterView,android.view.View,int,long)>",
					"source":"FIELDCALLER"
				},
				{
					"trace":[
						"<android.widget.AdapterView$OnItemClickListener: void onItemClick(android.widget.AdapterView,android.view.View,int,long)>",
						"<android.content.SyncActivityTooManyDeletes: void startSyncReallyDelete()>",
						"<android.content.ContentResolver: void requestSync(android.accounts.Account,java.lang.String,android.os.Bundle)>",
						"<android.content.ContentResolver: void requestSyncAsUser(android.accounts.Account,java.lang.String,int,android.os.Bundle)>",
						"<android.content.SyncRequest$Builder: void <init>()>",
						"key field: <android.content.SyncRequest$Builder: int mSyncTarget>",
						"<android.content.SyncRequest$Builder: android.content.SyncRequest build()>"
					],
					"depth":5,
					"method":"<android.widget.AdapterView$OnItemClickListener: void onItemClick(android.widget.AdapterView,android.view.View,int,long)>",
					"source":"FIELDCALLER"
				}
			],
			"callerOfSingnlar2SourceVar":{}
		}
	]
}