{
	"exceptions":[
		{
			"method":"<android.bluetooth.BluetoothInputStream: int read(byte[],int,int)>",
			"message":"\\Qbyte array is null\\E",
			"relatedVarType":"Parameter",
			"relatedCondType":"Basic",
			"modifier":"public",
			"type":"java.lang.NullPointerException",
			"osVersionRelated":false,
			"resourceRelated":false,
			"assessRelated":false,
			"hardwareRelated":false,
			"manifestRelated":false,
			"conditions":"r0 != null",
			"paramValues":"@parameter0: byte[]",
			"relatedValues":"@parameter0: byte[]; ; ",
			"keyAPISameClassNum":0,
			"keyAPIDiffClassNum":0,
			"keyAPISameClass":[
				{
					"trace":[
						"<android.bluetooth.BluetoothInputStream: int read(byte[],int,int)>"
					],
					"depth":0,
					"method":"<android.bluetooth.BluetoothInputStream: int read(byte[],int,int)>",
					"source":"CALLER"
				}
			],
			"keyAPIDiffClass":[],
			"callerOfSingnlar2SourceVar":{
				"<android.bluetooth.BluetoothInputStream: int read(byte[],int,int)>":"0"
			}
		},
		{
			"method":"<android.bluetooth.BluetoothInputStream: int read(byte[],int,int)>",
			"message":"\\Qinvalid offset or length\\E",
			"relatedVarType":"Parameter",
			"relatedCondType":"Basic",
			"modifier":"public",
			"type":"java.lang.ArrayIndexOutOfBoundsException",
			"osVersionRelated":false,
			"resourceRelated":false,
			"assessRelated":false,
			"hardwareRelated":false,
			"manifestRelated":false,
			"conditions":"$i2 < 0, r0 != null, i1 <= $i4",
			"paramValues":"@parameter1: int, @parameter2: int, @parameter0: byte[]",
			"relatedValues":"@parameter1: int, @parameter2: int, @parameter0: byte[]; ; ",
			"keyAPISameClassNum":0,
			"keyAPIDiffClassNum":0,
			"keyAPISameClass":[
				{
					"trace":[
						"<android.bluetooth.BluetoothInputStream: int read(byte[],int,int)>"
					],
					"depth":0,
					"method":"<android.bluetooth.BluetoothInputStream: int read(byte[],int,int)>",
					"source":"CALLER"
				}
			],
			"keyAPIDiffClass":[],
			"callerOfSingnlar2SourceVar":{
				"<android.bluetooth.BluetoothInputStream: int read(byte[],int,int)>":"1, 2, 0"
			}
		}
	]
}