{
	"exceptions":[
		{
			"method":"<android.app.usage.UsageStats: void add(android.app.usage.UsageStats)>",
			"message":"\\QCan't merge UsageStats for package '\\E[\\s\\S]*\\Q' with UsageStats for package '\\E[\\s\\S]*\\Q'.\\E",
			"relatedVarType":"ParaAndField",
			"relatedCondType":"Basic",
			"modifier":"public",
			"type":"java.lang.IllegalArgumentException",
			"osVersionRelated":false,
			"resourceRelated":false,
			"assessRelated":false,
			"hardwareRelated":false,
			"manifestRelated":false,
			"conditions":"$z0 != 0",
			"paramValues":"@parameter0: android.app.usage.UsageStats",
			"fieldValues":"<android.app.usage.UsageStats: java.lang.String mPackageName>",
			"relatedValues":"@parameter0: android.app.usage.UsageStats; <android.app.usage.UsageStats: java.lang.String mPackageName>; ",
			"keyAPISameClassNum":4,
			"keyAPIDiffClassNum":6,
			"keyAPISameClass":[
				{
					"trace":[
						"<android.app.usage.UsageStats: void add(android.app.usage.UsageStats)>"
					],
					"depth":1,
					"method":"<android.app.usage.UsageStats: void <init>(android.app.usage.UsageStats)>",
					"source":"FIELD"
				},
				{
					"trace":[
						"<android.app.usage.UsageStats: void add(android.app.usage.UsageStats)>"
					],
					"depth":1,
					"method":"<android.app.usage.UsageStats: void add(android.app.usage.UsageStats)>",
					"source":"FIELD"
				},
				{
					"trace":[
						"<android.app.usage.UsageStats: void add(android.app.usage.UsageStats)>"
					],
					"depth":1,
					"method":"<android.app.usage.UsageStats: void writeToParcel(android.os.Parcel,int)>",
					"source":"FIELD"
				},
				{
					"trace":[
						"<android.app.usage.UsageStats: android.app.usage.UsageStats getObfuscatedForInstantApp()>",
						"<android.app.usage.UsageStats: void <init>(android.app.usage.UsageStats)>",
						"key field: <android.app.usage.UsageStats: java.lang.String mPackageName>",
						"<android.app.usage.UsageStats: void add(android.app.usage.UsageStats)>"
					],
					"depth":2,
					"method":"<android.app.usage.UsageStats: android.app.usage.UsageStats getObfuscatedForInstantApp()>",
					"source":"FIELDCALLER"
				}
			],
			"keyAPIDiffClass":[
				{
					"trace":[
						"<android.app.usage.UsageStatsManager: java.util.Map queryAndAggregateUsageStats(long,long)>",
						"<android.app.usage.UsageStats: void add(android.app.usage.UsageStats)>",
						"key field: <android.app.usage.UsageStats: java.lang.String mPackageName>",
						"<android.app.usage.UsageStats: void add(android.app.usage.UsageStats)>"
					],
					"depth":2,
					"method":"<android.app.usage.UsageStatsManager: java.util.Map queryAndAggregateUsageStats(long,long)>",
					"source":"FIELDCALLER"
				},
				{
					"trace":[
						"<android.app.slice.SliceItem: void writeToParcel(android.os.Parcel,int)>",
						"<android.app.slice.SliceItem: void writeObj(android.os.Parcel,int,java.lang.Object,java.lang.String)>",
						"<android.app.usage.UsageStats: void writeToParcel(android.os.Parcel,int)>",
						"key field: <android.app.usage.UsageStats: java.lang.String mPackageName>",
						"<android.app.usage.UsageStats: void add(android.app.usage.UsageStats)>"
					],
					"depth":3,
					"method":"<android.app.slice.SliceItem: void writeToParcel(android.os.Parcel,int)>",
					"source":"FIELDCALLER"
				},
				{
					"trace":[
						"<android.os.Parcelable: void writeToParcel(android.os.Parcel,int)>",
						"<android.app.slice.SliceItem: void writeObj(android.os.Parcel,int,java.lang.Object,java.lang.String)>",
						"<android.app.usage.UsageStats: void writeToParcel(android.os.Parcel,int)>",
						"key field: <android.app.usage.UsageStats: java.lang.String mPackageName>",
						"<android.app.usage.UsageStats: void add(android.app.usage.UsageStats)>"
					],
					"depth":3,
					"method":"<android.os.Parcelable: void writeToParcel(android.os.Parcel,int)>",
					"source":"FIELDCALLER"
				},
				{
					"trace":[
						"<android.app.slice.Slice: void writeToParcel(android.os.Parcel,int)>",
						"<android.app.slice.SliceItem: void writeToParcel(android.os.Parcel,int)>",
						"<android.app.slice.SliceItem: void writeObj(android.os.Parcel,int,java.lang.Object,java.lang.String)>",
						"<android.app.usage.UsageStats: void writeToParcel(android.os.Parcel,int)>",
						"key field: <android.app.usage.UsageStats: java.lang.String mPackageName>",
						"<android.app.usage.UsageStats: void add(android.app.usage.UsageStats)>"
					],
					"depth":4,
					"method":"<android.app.slice.Slice: void writeToParcel(android.os.Parcel,int)>",
					"source":"FIELDCALLER"
				},
				{
					"trace":[
						"<android.app.slice.ISliceListener$Stub$Proxy: void onSliceUpdated(android.app.slice.Slice)>",
						"<android.app.slice.Slice: void writeToParcel(android.os.Parcel,int)>",
						"<android.app.slice.SliceItem: void writeToParcel(android.os.Parcel,int)>",
						"<android.app.slice.SliceItem: void writeObj(android.os.Parcel,int,java.lang.Object,java.lang.String)>",
						"<android.app.usage.UsageStats: void writeToParcel(android.os.Parcel,int)>",
						"key field: <android.app.usage.UsageStats: java.lang.String mPackageName>",
						"<android.app.usage.UsageStats: void add(android.app.usage.UsageStats)>"
					],
					"depth":5,
					"method":"<android.app.slice.ISliceListener$Stub$Proxy: void onSliceUpdated(android.app.slice.Slice)>",
					"source":"FIELDCALLER"
				},
				{
					"trace":[
						"<android.app.slice.ISliceListener: void onSliceUpdated(android.app.slice.Slice)>",
						"<android.app.slice.Slice: void writeToParcel(android.os.Parcel,int)>",
						"<android.app.slice.SliceItem: void writeToParcel(android.os.Parcel,int)>",
						"<android.app.slice.SliceItem: void writeObj(android.os.Parcel,int,java.lang.Object,java.lang.String)>",
						"<android.app.usage.UsageStats: void writeToParcel(android.os.Parcel,int)>",
						"key field: <android.app.usage.UsageStats: java.lang.String mPackageName>",
						"<android.app.usage.UsageStats: void add(android.app.usage.UsageStats)>"
					],
					"depth":5,
					"method":"<android.app.slice.ISliceListener: void onSliceUpdated(android.app.slice.Slice)>",
					"source":"FIELDCALLER"
				}
			],
			"callerOfSingnlar2SourceVar":{
				"<android.app.usage.UsageStats: void add(android.app.usage.UsageStats)>":"0"
			}
		}
	]
}