{
	"exceptions":[
		{
			"method":"<android.filterfw.core.NativeFrame: java.lang.Object getObjectValue()>",
			"message":"\\QCould not get the native structured data for frame!\\E",
			"relatedVarType":"Unknown",
			"relatedCondType":"Basic",
			"modifier":"public",
			"type":"java.lang.RuntimeException",
			"osVersionRelated":false,
			"resourceRelated":false,
			"assessRelated":false,
			"hardwareRelated":false,
			"manifestRelated":false,
			"conditions":"$z1 != 0, $z0 != 0, r3 != null",
			"keyAPISameClassNum":0,
			"keyAPIDiffClassNum":0,
			"keyAPISameClass":[],
			"keyAPIDiffClass":[],
			"callerOfSingnlar2SourceVar":{}
		},
		{
			"method":"<android.filterfw.core.NativeFrame: java.lang.Object getObjectValue()>",
			"message":"\\QNativeFrame object class must be a subclass of NativeBuffer!\\E",
			"relatedVarType":"Unknown",
			"relatedCondType":"Basic",
			"modifier":"public",
			"type":"java.lang.RuntimeException",
			"osVersionRelated":false,
			"resourceRelated":false,
			"assessRelated":false,
			"hardwareRelated":false,
			"manifestRelated":false,
			"conditions":"$z0 != 0, r3 != null, $i0 == 8",
			"keyAPISameClassNum":0,
			"keyAPIDiffClassNum":0,
			"keyAPISameClass":[],
			"keyAPIDiffClass":[],
			"callerOfSingnlar2SourceVar":{}
		},
		{
			"method":"<android.filterfw.core.NativeFrame: java.lang.Object getObjectValue()>",
			"message":"\\QCould not instantiate new structure instance of type '\\E[\\s\\S]*\\Q'!\\E",
			"relatedVarType":"Unknown",
			"relatedCondType":"Basic",
			"modifier":"public",
			"type":"java.lang.RuntimeException",
			"osVersionRelated":false,
			"resourceRelated":false,
			"assessRelated":false,
			"hardwareRelated":false,
			"manifestRelated":false,
			"conditions":"$z0 != 0, r3 != null, $i0 == 8",
			"caughtValues":"@caughtexception",
			"relatedValues":"; ; @caughtexception",
			"keyAPISameClassNum":0,
			"keyAPIDiffClassNum":0,
			"keyAPISameClass":[],
			"keyAPIDiffClass":[],
			"callerOfSingnlar2SourceVar":{}
		},
		{
			"method":"<android.filterfw.core.NativeFrame: java.lang.Object getObjectValue()>",
			"message":"\\QAttempting to get object data from frame that does not specify a structure object class!\\E",
			"relatedVarType":"Unknown",
			"relatedCondType":"Basic",
			"modifier":"public",
			"type":"java.lang.RuntimeException",
			"osVersionRelated":false,
			"resourceRelated":false,
			"assessRelated":false,
			"hardwareRelated":false,
			"manifestRelated":false,
			"conditions":"r3 != null, $i0 == 8",
			"keyAPISameClassNum":0,
			"keyAPIDiffClassNum":0,
			"keyAPISameClass":[],
			"keyAPIDiffClass":[],
			"callerOfSingnlar2SourceVar":{}
		},
		{
			"method":"<android.filterfw.core.NativeFrame: void setInts(int[])>",
			"message":"\\QCould not set int values for native frame!\\E",
			"relatedVarType":"Parameter",
			"relatedCondType":"Basic",
			"modifier":"public",
			"type":"java.lang.RuntimeException",
			"osVersionRelated":false,
			"resourceRelated":false,
			"assessRelated":false,
			"hardwareRelated":false,
			"manifestRelated":false,
			"conditions":"$z0 != 0, $i2 <= $i3",
			"paramValues":"@parameter0: int[]",
			"relatedValues":"@parameter0: int[]; ; ",
			"keyAPISameClassNum":0,
			"keyAPIDiffClassNum":0,
			"keyAPISameClass":[
				{
					"trace":[
						"<android.filterfw.core.NativeFrame: void setInts(int[])>"
					],
					"depth":0,
					"method":"<android.filterfw.core.NativeFrame: void setInts(int[])>",
					"source":"CALLER"
				}
			],
			"keyAPIDiffClass":[],
			"callerOfSingnlar2SourceVar":{
				"<android.filterfw.core.NativeFrame: void setInts(int[])>":"0"
			}
		},
		{
			"method":"<android.filterfw.core.NativeFrame: void setInts(int[])>",
			"message":"\\QNativeFrame cannot hold \\E[\\s\\S]*\\Q integers. (Can only hold \\E[\\s\\S]*\\Q integers).\\E",
			"relatedVarType":"Parameter",
			"relatedCondType":"Basic",
			"modifier":"public",
			"type":"java.lang.RuntimeException",
			"osVersionRelated":false,
			"resourceRelated":false,
			"assessRelated":false,
			"hardwareRelated":false,
			"manifestRelated":false,
			"conditions":"$i2 <= $i3",
			"paramValues":"@parameter0: int[]",
			"relatedValues":"@parameter0: int[]; ; ",
			"keyAPISameClassNum":0,
			"keyAPIDiffClassNum":0,
			"keyAPISameClass":[
				{
					"trace":[
						"<android.filterfw.core.NativeFrame: void setInts(int[])>"
					],
					"depth":0,
					"method":"<android.filterfw.core.NativeFrame: void setInts(int[])>",
					"source":"CALLER"
				}
			],
			"keyAPIDiffClass":[],
			"callerOfSingnlar2SourceVar":{
				"<android.filterfw.core.NativeFrame: void setInts(int[])>":"0"
			}
		},
		{
			"method":"<android.filterfw.core.NativeFrame: void setFloats(float[])>",
			"message":"\\QCould not set int values for native frame!\\E",
			"relatedVarType":"Parameter",
			"relatedCondType":"Basic",
			"modifier":"public",
			"type":"java.lang.RuntimeException",
			"osVersionRelated":false,
			"resourceRelated":false,
			"assessRelated":false,
			"hardwareRelated":false,
			"manifestRelated":false,
			"conditions":"$z0 != 0, $i2 <= $i3",
			"paramValues":"@parameter0: float[]",
			"relatedValues":"@parameter0: float[]; ; ",
			"keyAPISameClassNum":0,
			"keyAPIDiffClassNum":0,
			"keyAPISameClass":[
				{
					"trace":[
						"<android.filterfw.core.NativeFrame: void setFloats(float[])>"
					],
					"depth":0,
					"method":"<android.filterfw.core.NativeFrame: void setFloats(float[])>",
					"source":"CALLER"
				}
			],
			"keyAPIDiffClass":[],
			"callerOfSingnlar2SourceVar":{
				"<android.filterfw.core.NativeFrame: void setFloats(float[])>":"0"
			}
		},
		{
			"method":"<android.filterfw.core.NativeFrame: void setFloats(float[])>",
			"message":"\\QNativeFrame cannot hold \\E[\\s\\S]*\\Q floats. (Can only hold \\E[\\s\\S]*\\Q floats).\\E",
			"relatedVarType":"Parameter",
			"relatedCondType":"Basic",
			"modifier":"public",
			"type":"java.lang.RuntimeException",
			"osVersionRelated":false,
			"resourceRelated":false,
			"assessRelated":false,
			"hardwareRelated":false,
			"manifestRelated":false,
			"conditions":"$i2 <= $i3",
			"paramValues":"@parameter0: float[]",
			"relatedValues":"@parameter0: float[]; ; ",
			"keyAPISameClassNum":0,
			"keyAPIDiffClassNum":0,
			"keyAPISameClass":[
				{
					"trace":[
						"<android.filterfw.core.NativeFrame: void setFloats(float[])>"
					],
					"depth":0,
					"method":"<android.filterfw.core.NativeFrame: void setFloats(float[])>",
					"source":"CALLER"
				}
			],
			"keyAPIDiffClass":[],
			"callerOfSingnlar2SourceVar":{
				"<android.filterfw.core.NativeFrame: void setFloats(float[])>":"0"
			}
		},
		{
			"method":"<android.filterfw.core.NativeFrame: void setData(java.nio.ByteBuffer,int,int)>",
			"message":"\\QData size in setData does not match native frame size: Frame size is \\E[\\s\\S]*\\Q bytes, but \\E[\\s\\S]*\\Q bytes given!\\E",
			"relatedVarType":"Parameter",
			"relatedCondType":"Basic",
			"modifier":"public",
			"type":"java.lang.RuntimeException",
			"osVersionRelated":false,
			"resourceRelated":false,
			"assessRelated":false,
			"hardwareRelated":false,
			"manifestRelated":false,
			"conditions":"$i4 == i0, $i2 <= $i3",
			"paramValues":"@parameter2: int, @parameter1: int, @parameter0: java.nio.ByteBuffer",
			"relatedValues":"@parameter2: int, @parameter1: int, @parameter0: java.nio.ByteBuffer; ; ",
			"keyAPISameClassNum":0,
			"keyAPIDiffClassNum":0,
			"keyAPISameClass":[
				{
					"trace":[
						"<android.filterfw.core.NativeFrame: void setData(java.nio.ByteBuffer,int,int)>"
					],
					"depth":0,
					"method":"<android.filterfw.core.NativeFrame: void setData(java.nio.ByteBuffer,int,int)>",
					"source":"CALLER"
				}
			],
			"keyAPIDiffClass":[],
			"callerOfSingnlar2SourceVar":{
				"<android.filterfw.core.NativeFrame: void setData(java.nio.ByteBuffer,int,int)>":"2, 1, 0"
			}
		},
		{
			"method":"<android.filterfw.core.NativeFrame: void setData(java.nio.ByteBuffer,int,int)>",
			"message":"\\QCould not set native frame data!\\E",
			"relatedVarType":"Parameter",
			"relatedCondType":"Basic",
			"modifier":"public",
			"type":"java.lang.RuntimeException",
			"osVersionRelated":false,
			"resourceRelated":false,
			"assessRelated":false,
			"hardwareRelated":false,
			"manifestRelated":false,
			"conditions":"$z0 != 0, $i4 == i0, $i2 <= $i3",
			"paramValues":"@parameter0: java.nio.ByteBuffer, @parameter1: int, @parameter2: int",
			"relatedValues":"@parameter0: java.nio.ByteBuffer, @parameter1: int, @parameter2: int; ; ",
			"keyAPISameClassNum":0,
			"keyAPIDiffClassNum":0,
			"keyAPISameClass":[
				{
					"trace":[
						"<android.filterfw.core.NativeFrame: void setData(java.nio.ByteBuffer,int,int)>"
					],
					"depth":0,
					"method":"<android.filterfw.core.NativeFrame: void setData(java.nio.ByteBuffer,int,int)>",
					"source":"CALLER"
				}
			],
			"keyAPIDiffClass":[],
			"callerOfSingnlar2SourceVar":{
				"<android.filterfw.core.NativeFrame: void setData(java.nio.ByteBuffer,int,int)>":"0, 1, 2"
			}
		},
		{
			"method":"<android.filterfw.core.NativeFrame: void setData(java.nio.ByteBuffer,int,int)>",
			"message":"\\QOffset and length exceed buffer size in native setData: \\E[\\s\\S]*\\Q bytes given, but only \\E[\\s\\S]*\\Q bytes available!\\E",
			"relatedVarType":"Parameter",
			"relatedCondType":"Basic",
			"modifier":"public",
			"type":"java.lang.RuntimeException",
			"osVersionRelated":false,
			"resourceRelated":false,
			"assessRelated":false,
			"hardwareRelated":false,
			"manifestRelated":false,
			"conditions":"$i2 <= $i3",
			"paramValues":"@parameter2: int, @parameter1: int, @parameter0: java.nio.ByteBuffer",
			"relatedValues":"@parameter2: int, @parameter1: int, @parameter0: java.nio.ByteBuffer; ; ",
			"keyAPISameClassNum":0,
			"keyAPIDiffClassNum":0,
			"keyAPISameClass":[
				{
					"trace":[
						"<android.filterfw.core.NativeFrame: void setData(java.nio.ByteBuffer,int,int)>"
					],
					"depth":0,
					"method":"<android.filterfw.core.NativeFrame: void setData(java.nio.ByteBuffer,int,int)>",
					"source":"CALLER"
				}
			],
			"keyAPIDiffClass":[],
			"callerOfSingnlar2SourceVar":{
				"<android.filterfw.core.NativeFrame: void setData(java.nio.ByteBuffer,int,int)>":"2, 1, 0"
			}
		},
		{
			"method":"<android.filterfw.core.NativeFrame: void setBitmap(android.graphics.Bitmap)>",
			"message":"\\QBitmap dimensions do not match native frame dimensions!\\E",
			"relatedVarType":"Parameter",
			"relatedCondType":"Basic",
			"modifier":"public",
			"type":"java.lang.RuntimeException",
			"osVersionRelated":false,
			"resourceRelated":false,
			"assessRelated":false,
			"hardwareRelated":false,
			"manifestRelated":false,
			"conditions":"$i1 != $i2, $i0 == 2, $i3 == $i4",
			"paramValues":"@parameter0: android.graphics.Bitmap",
			"relatedValues":"@parameter0: android.graphics.Bitmap; ; ",
			"keyAPISameClassNum":0,
			"keyAPIDiffClassNum":0,
			"keyAPISameClass":[
				{
					"trace":[
						"<android.filterfw.core.NativeFrame: void setBitmap(android.graphics.Bitmap)>"
					],
					"depth":0,
					"method":"<android.filterfw.core.NativeFrame: void setBitmap(android.graphics.Bitmap)>",
					"source":"CALLER"
				}
			],
			"keyAPIDiffClass":[],
			"callerOfSingnlar2SourceVar":{
				"<android.filterfw.core.NativeFrame: void setBitmap(android.graphics.Bitmap)>":"0"
			}
		},
		{
			"method":"<android.filterfw.core.NativeFrame: void setBitmap(android.graphics.Bitmap)>",
			"message":"\\QCould not set native frame bitmap data!\\E",
			"relatedVarType":"Parameter",
			"relatedCondType":"Basic",
			"modifier":"public",
			"type":"java.lang.RuntimeException",
			"osVersionRelated":false,
			"resourceRelated":false,
			"assessRelated":false,
			"hardwareRelated":false,
			"manifestRelated":false,
			"conditions":"$z0 != 0, $i3 == $i4, $i1 != $i2",
			"paramValues":"@parameter0: android.graphics.Bitmap",
			"relatedValues":"@parameter0: android.graphics.Bitmap; ; ",
			"keyAPISameClassNum":0,
			"keyAPIDiffClassNum":0,
			"keyAPISameClass":[
				{
					"trace":[
						"<android.filterfw.core.NativeFrame: void setBitmap(android.graphics.Bitmap)>"
					],
					"depth":0,
					"method":"<android.filterfw.core.NativeFrame: void setBitmap(android.graphics.Bitmap)>",
					"source":"CALLER"
				}
			],
			"keyAPIDiffClass":[],
			"callerOfSingnlar2SourceVar":{
				"<android.filterfw.core.NativeFrame: void setBitmap(android.graphics.Bitmap)>":"0"
			}
		},
		{
			"method":"<android.filterfw.core.NativeFrame: void setBitmap(android.graphics.Bitmap)>",
			"message":"\\QAttempting to set Bitmap for non 2-dimensional native frame!\\E",
			"relatedVarType":"Unknown",
			"relatedCondType":"Basic",
			"modifier":"public",
			"type":"java.lang.RuntimeException",
			"osVersionRelated":false,
			"resourceRelated":false,
			"assessRelated":false,
			"hardwareRelated":false,
			"manifestRelated":false,
			"conditions":"$i0 == 2",
			"keyAPISameClassNum":0,
			"keyAPIDiffClassNum":0,
			"keyAPISameClass":[],
			"keyAPIDiffClass":[],
			"callerOfSingnlar2SourceVar":{}
		},
		{
			"method":"<android.filterfw.core.NativeFrame: android.graphics.Bitmap getBitmap()>",
			"message":"\\QCould not get bitmap data from native frame!\\E",
			"relatedVarType":"Field",
			"relatedCondType":"Basic",
			"modifier":"public",
			"type":"java.lang.RuntimeException",
			"osVersionRelated":false,
			"resourceRelated":false,
			"assessRelated":false,
			"hardwareRelated":false,
			"manifestRelated":false,
			"conditions":"$z0 != 0, $i0 == 2",
			"fieldValues":"<android.graphics.Bitmap$Config: android.graphics.Bitmap$Config ARGB_8888>",
			"relatedValues":"; <android.graphics.Bitmap$Config: android.graphics.Bitmap$Config ARGB_8888>; ",
			"keyAPISameClassNum":1,
			"keyAPIDiffClassNum":7,
			"keyAPISameClass":[
				{
					"trace":[
						"<android.filterfw.core.NativeFrame: android.graphics.Bitmap getBitmap()>"
					],
					"depth":1,
					"method":"<android.filterfw.core.NativeFrame: android.graphics.Bitmap getBitmap()>",
					"source":"FIELD"
				}
			],
			"keyAPIDiffClass":[
				{
					"trace":[
						"<android.filterfw.core.Filter: void process(android.filterfw.core.FilterContext)>",
						"<android.filterfw.core.NativeFrame: android.graphics.Bitmap getBitmap()>",
						"key field: <android.graphics.Bitmap$Config: android.graphics.Bitmap$Config ARGB_8888>",
						"<android.filterfw.core.NativeFrame: android.graphics.Bitmap getBitmap()>"
					],
					"depth":2,
					"method":"<android.filterfw.core.Filter: void process(android.filterfw.core.FilterContext)>",
					"source":"FIELDCALLER"
				},
				{
					"trace":[
						"<android.filterfw.core.FilterFunction: android.filterfw.core.Frame execute(android.filterfw.core.KeyValueMap)>",
						"<android.filterfw.core.Filter: void performProcess(android.filterfw.core.FilterContext)>",
						"<android.filterpacks.imageproc.ImageEncoder: void process(android.filterfw.core.FilterContext)>",
						"<android.filterfw.core.NativeFrame: android.graphics.Bitmap getBitmap()>",
						"key field: <android.graphics.Bitmap$Config: android.graphics.Bitmap$Config ARGB_8888>",
						"<android.filterfw.core.NativeFrame: android.graphics.Bitmap getBitmap()>"
					],
					"depth":4,
					"method":"<android.filterfw.core.FilterFunction: android.filterfw.core.Frame execute(android.filterfw.core.KeyValueMap)>",
					"source":"FIELDCALLER"
				},
				{
					"trace":[
						"<android.filterfw.core.FilterFunction: android.filterfw.core.Frame executeWithArgList(java.lang.Object[])>",
						"<android.filterfw.core.FilterFunction: android.filterfw.core.Frame execute(android.filterfw.core.KeyValueMap)>",
						"<android.filterfw.core.Filter: void performProcess(android.filterfw.core.FilterContext)>",
						"<android.filterpacks.imageproc.ImageEncoder: void process(android.filterfw.core.FilterContext)>",
						"<android.filterfw.core.NativeFrame: android.graphics.Bitmap getBitmap()>",
						"key field: <android.graphics.Bitmap$Config: android.graphics.Bitmap$Config ARGB_8888>",
						"<android.filterfw.core.NativeFrame: android.graphics.Bitmap getBitmap()>"
					],
					"depth":5,
					"method":"<android.filterfw.core.FilterFunction: android.filterfw.core.Frame executeWithArgList(java.lang.Object[])>",
					"source":"FIELDCALLER"
				},
				{
					"trace":[
						"<android.filterfw.core.SyncRunner: void run()>",
						"<android.filterfw.core.SyncRunner: boolean performStep()>",
						"<android.filterfw.core.SyncRunner: void processFilterNode(android.filterfw.core.Filter)>",
						"<android.filterfw.core.Filter: void performProcess(android.filterfw.core.FilterContext)>",
						"<android.filterpacks.imageproc.ImageEncoder: void process(android.filterfw.core.FilterContext)>",
						"<android.filterfw.core.NativeFrame: android.graphics.Bitmap getBitmap()>",
						"key field: <android.graphics.Bitmap$Config: android.graphics.Bitmap$Config ARGB_8888>",
						"<android.filterfw.core.NativeFrame: android.graphics.Bitmap getBitmap()>"
					],
					"depth":6,
					"method":"<android.filterfw.core.SyncRunner: void run()>",
					"source":"FIELDCALLER"
				},
				{
					"trace":[
						"<android.filterfw.core.SyncRunner: int step()>",
						"<android.filterfw.core.SyncRunner: boolean performStep()>",
						"<android.filterfw.core.SyncRunner: void processFilterNode(android.filterfw.core.Filter)>",
						"<android.filterfw.core.Filter: void performProcess(android.filterfw.core.FilterContext)>",
						"<android.filterpacks.imageproc.ImageEncoder: void process(android.filterfw.core.FilterContext)>",
						"<android.filterfw.core.NativeFrame: android.graphics.Bitmap getBitmap()>",
						"key field: <android.graphics.Bitmap$Config: android.graphics.Bitmap$Config ARGB_8888>",
						"<android.filterfw.core.NativeFrame: android.graphics.Bitmap getBitmap()>"
					],
					"depth":6,
					"method":"<android.filterfw.core.SyncRunner: int step()>",
					"source":"FIELDCALLER"
				},
				{
					"trace":[
						"<android.filterfw.core.AsyncRunner: void run()>",
						"<android.filterfw.core.AsyncRunner$AsyncRunnerTask: java.lang.Object doInBackground(java.lang.Object[])>",
						"<android.filterfw.core.AsyncRunner$AsyncRunnerTask: android.filterfw.core.AsyncRunner$RunnerResult doInBackground(android.filterfw.core.SyncRunner[])>",
						"<android.filterfw.core.SyncRunner: boolean performStep()>",
						"<android.filterfw.core.SyncRunner: void processFilterNode(android.filterfw.core.Filter)>",
						"<android.filterfw.core.Filter: void performProcess(android.filterfw.core.FilterContext)>",
						"<android.filterpacks.imageproc.ImageEncoder: void process(android.filterfw.core.FilterContext)>",
						"<android.filterfw.core.NativeFrame: android.graphics.Bitmap getBitmap()>",
						"key field: <android.graphics.Bitmap$Config: android.graphics.Bitmap$Config ARGB_8888>",
						"<android.filterfw.core.NativeFrame: android.graphics.Bitmap getBitmap()>"
					],
					"depth":8,
					"method":"<android.filterfw.core.AsyncRunner: void run()>",
					"source":"FIELDCALLER"
				},
				{
					"trace":[
						"<android.filterfw.core.GraphRunner: void run()>",
						"<android.filterfw.core.AsyncRunner$AsyncRunnerTask: java.lang.Object doInBackground(java.lang.Object[])>",
						"<android.filterfw.core.AsyncRunner$AsyncRunnerTask: android.filterfw.core.AsyncRunner$RunnerResult doInBackground(android.filterfw.core.SyncRunner[])>",
						"<android.filterfw.core.SyncRunner: boolean performStep()>",
						"<android.filterfw.core.SyncRunner: void processFilterNode(android.filterfw.core.Filter)>",
						"<android.filterfw.core.Filter: void performProcess(android.filterfw.core.FilterContext)>",
						"<android.filterpacks.imageproc.ImageEncoder: void process(android.filterfw.core.FilterContext)>",
						"<android.filterfw.core.NativeFrame: android.graphics.Bitmap getBitmap()>",
						"key field: <android.graphics.Bitmap$Config: android.graphics.Bitmap$Config ARGB_8888>",
						"<android.filterfw.core.NativeFrame: android.graphics.Bitmap getBitmap()>"
					],
					"depth":8,
					"method":"<android.filterfw.core.GraphRunner: void run()>",
					"source":"FIELDCALLER"
				}
			],
			"callerOfSingnlar2SourceVar":{}
		},
		{
			"method":"<android.filterfw.core.NativeFrame: android.graphics.Bitmap getBitmap()>",
			"message":"\\QAttempting to get Bitmap for non 2-dimensional native frame!\\E",
			"relatedVarType":"Unknown",
			"relatedCondType":"Basic",
			"modifier":"public",
			"type":"java.lang.RuntimeException",
			"osVersionRelated":false,
			"resourceRelated":false,
			"assessRelated":false,
			"hardwareRelated":false,
			"manifestRelated":false,
			"conditions":"$i0 == 2",
			"keyAPISameClassNum":0,
			"keyAPIDiffClassNum":0,
			"keyAPISameClass":[],
			"keyAPIDiffClass":[],
			"callerOfSingnlar2SourceVar":{}
		},
		{
			"method":"<android.filterfw.core.NativeFrame: void setDataFromFrame(android.filterfw.core.Frame)>",
			"message":"\\QAttempting to assign frame of size \\E[\\s\\S]*\\Q to smaller native frame of size \\E[\\s\\S]*\\Q!\\E",
			"relatedVarType":"Parameter",
			"relatedCondType":"Basic",
			"modifier":"public",
			"type":"java.lang.RuntimeException",
			"osVersionRelated":false,
			"resourceRelated":false,
			"assessRelated":false,
			"hardwareRelated":false,
			"manifestRelated":false,
			"conditions":"$i0 >= $i1",
			"paramValues":"@parameter0: android.filterfw.core.Frame",
			"relatedValues":"@parameter0: android.filterfw.core.Frame; ; ",
			"keyAPISameClassNum":0,
			"keyAPIDiffClassNum":0,
			"keyAPISameClass":[
				{
					"trace":[
						"<android.filterfw.core.NativeFrame: void setDataFromFrame(android.filterfw.core.Frame)>"
					],
					"depth":0,
					"method":"<android.filterfw.core.NativeFrame: void setDataFromFrame(android.filterfw.core.Frame)>",
					"source":"CALLER"
				}
			],
			"keyAPIDiffClass":[],
			"callerOfSingnlar2SourceVar":{
				"<android.filterfw.core.NativeFrame: void setDataFromFrame(android.filterfw.core.Frame)>":"0"
			}
		}
	]
}