{
	"exceptions":[
		{
			"method":"<android.graphics.RadialGradient: void <init>(float,float,float,long[],float[],android.graphics.Shader$TileMode,android.graphics.ColorSpace)>",
			"message":"\\Qcolor and position arrays must be of equal length\\E",
			"relatedVarType":"Parameter",
			"relatedCondType":"Basic",
			"modifier":"private",
			"type":"java.lang.IllegalArgumentException",
			"osVersionRelated":false,
			"resourceRelated":false,
			"assessRelated":false,
			"hardwareRelated":false,
			"manifestRelated":false,
			"conditions":"$i2 == $i1, r2 == null, $b0 > 0",
			"paramValues":"@parameter3: long[], @parameter4: float[], @parameter2: float",
			"relatedValues":"@parameter3: long[], @parameter4: float[], @parameter2: float; ; ",
			"keyAPISameClassNum":0,
			"keyAPIDiffClassNum":0,
			"keyAPISameClass":[
				{
					"trace":[
						"<android.graphics.RadialGradient: void <init>(float,float,float,long[],float[],android.graphics.Shader$TileMode,android.graphics.ColorSpace)>"
					],
					"depth":0,
					"method":"<android.graphics.RadialGradient: void <init>(float,float,float,long[],float[],android.graphics.Shader$TileMode,android.graphics.ColorSpace)>",
					"source":"CALLER"
				},
				{
					"trace":[
						"<android.graphics.RadialGradient: void <init>(float,float,float,int[],float[],android.graphics.Shader$TileMode)>",
						"<android.graphics.RadialGradient: void <init>(float,float,float,long[],float[],android.graphics.Shader$TileMode,android.graphics.ColorSpace)>"
					],
					"depth":1,
					"method":"<android.graphics.RadialGradient: void <init>(float,float,float,int[],float[],android.graphics.Shader$TileMode)>",
					"source":"CALLER"
				},
				{
					"trace":[
						"<android.graphics.RadialGradient: void <init>(float,float,float,long[],float[],android.graphics.Shader$TileMode)>",
						"<android.graphics.RadialGradient: void <init>(float,float,float,long[],float[],android.graphics.Shader$TileMode,android.graphics.ColorSpace)>"
					],
					"depth":1,
					"method":"<android.graphics.RadialGradient: void <init>(float,float,float,long[],float[],android.graphics.Shader$TileMode)>",
					"source":"CALLER"
				},
				{
					"trace":[
						"<android.graphics.RadialGradient: void <init>(float,float,float,long,long,android.graphics.Shader$TileMode)>",
						"<android.graphics.RadialGradient: void <init>(float,float,float,long[],float[],android.graphics.Shader$TileMode)>",
						"<android.graphics.RadialGradient: void <init>(float,float,float,long[],float[],android.graphics.Shader$TileMode,android.graphics.ColorSpace)>"
					],
					"depth":2,
					"method":"<android.graphics.RadialGradient: void <init>(float,float,float,long,long,android.graphics.Shader$TileMode)>",
					"source":"CALLER"
				},
				{
					"trace":[
						"<android.graphics.RadialGradient: void <init>(float,float,float,int,int,android.graphics.Shader$TileMode)>",
						"<android.graphics.RadialGradient: void <init>(float,float,float,long,long,android.graphics.Shader$TileMode)>",
						"<android.graphics.RadialGradient: void <init>(float,float,float,long[],float[],android.graphics.Shader$TileMode)>",
						"<android.graphics.RadialGradient: void <init>(float,float,float,long[],float[],android.graphics.Shader$TileMode,android.graphics.ColorSpace)>"
					],
					"depth":3,
					"method":"<android.graphics.RadialGradient: void <init>(float,float,float,int,int,android.graphics.Shader$TileMode)>",
					"source":"CALLER"
				}
			],
			"keyAPIDiffClass":[],
			"callerOfSingnlar2SourceVar":{
				"<android.graphics.RadialGradient: void <init>(float,float,float,int,int,android.graphics.Shader$TileMode)>":"2",
				"<android.graphics.RadialGradient: void <init>(float,float,float,long[],float[],android.graphics.Shader$TileMode,android.graphics.ColorSpace)>":"3, 4, 2",
				"<android.graphics.RadialGradient: void <init>(float,float,float,long[],float[],android.graphics.Shader$TileMode)>":"4, 2",
				"<android.graphics.RadialGradient: void <init>(float,float,float,long,long,android.graphics.Shader$TileMode)>":"2",
				"<android.graphics.RadialGradient: void <init>(float,float,float,int[],float[],android.graphics.Shader$TileMode)>":"4, 2"
			}
		},
		{
			"method":"<android.graphics.RadialGradient: void <init>(float,float,float,long[],float[],android.graphics.Shader$TileMode,android.graphics.ColorSpace)>",
			"message":"\\Qradius must be > 0\\E",
			"relatedVarType":"Parameter",
			"relatedCondType":"Basic",
			"modifier":"private",
			"type":"java.lang.IllegalArgumentException",
			"osVersionRelated":false,
			"resourceRelated":false,
			"assessRelated":false,
			"hardwareRelated":false,
			"manifestRelated":false,
			"conditions":"$b0 > 0",
			"paramValues":"@parameter2: float",
			"relatedValues":"@parameter2: float; ; ",
			"keyAPISameClassNum":0,
			"keyAPIDiffClassNum":0,
			"keyAPISameClass":[
				{
					"trace":[
						"<android.graphics.RadialGradient: void <init>(float,float,float,long[],float[],android.graphics.Shader$TileMode,android.graphics.ColorSpace)>"
					],
					"depth":0,
					"method":"<android.graphics.RadialGradient: void <init>(float,float,float,long[],float[],android.graphics.Shader$TileMode,android.graphics.ColorSpace)>",
					"source":"CALLER"
				},
				{
					"trace":[
						"<android.graphics.RadialGradient: void <init>(float,float,float,int[],float[],android.graphics.Shader$TileMode)>",
						"<android.graphics.RadialGradient: void <init>(float,float,float,long[],float[],android.graphics.Shader$TileMode,android.graphics.ColorSpace)>"
					],
					"depth":1,
					"method":"<android.graphics.RadialGradient: void <init>(float,float,float,int[],float[],android.graphics.Shader$TileMode)>",
					"source":"CALLER"
				},
				{
					"trace":[
						"<android.graphics.RadialGradient: void <init>(float,float,float,long[],float[],android.graphics.Shader$TileMode)>",
						"<android.graphics.RadialGradient: void <init>(float,float,float,long[],float[],android.graphics.Shader$TileMode,android.graphics.ColorSpace)>"
					],
					"depth":1,
					"method":"<android.graphics.RadialGradient: void <init>(float,float,float,long[],float[],android.graphics.Shader$TileMode)>",
					"source":"CALLER"
				},
				{
					"trace":[
						"<android.graphics.RadialGradient: void <init>(float,float,float,long,long,android.graphics.Shader$TileMode)>",
						"<android.graphics.RadialGradient: void <init>(float,float,float,long[],float[],android.graphics.Shader$TileMode)>",
						"<android.graphics.RadialGradient: void <init>(float,float,float,long[],float[],android.graphics.Shader$TileMode,android.graphics.ColorSpace)>"
					],
					"depth":2,
					"method":"<android.graphics.RadialGradient: void <init>(float,float,float,long,long,android.graphics.Shader$TileMode)>",
					"source":"CALLER"
				},
				{
					"trace":[
						"<android.graphics.RadialGradient: void <init>(float,float,float,int,int,android.graphics.Shader$TileMode)>",
						"<android.graphics.RadialGradient: void <init>(float,float,float,long,long,android.graphics.Shader$TileMode)>",
						"<android.graphics.RadialGradient: void <init>(float,float,float,long[],float[],android.graphics.Shader$TileMode)>",
						"<android.graphics.RadialGradient: void <init>(float,float,float,long[],float[],android.graphics.Shader$TileMode,android.graphics.ColorSpace)>"
					],
					"depth":3,
					"method":"<android.graphics.RadialGradient: void <init>(float,float,float,int,int,android.graphics.Shader$TileMode)>",
					"source":"CALLER"
				}
			],
			"keyAPIDiffClass":[],
			"callerOfSingnlar2SourceVar":{
				"<android.graphics.RadialGradient: void <init>(float,float,float,int,int,android.graphics.Shader$TileMode)>":"2",
				"<android.graphics.RadialGradient: void <init>(float,float,float,long[],float[],android.graphics.Shader$TileMode,android.graphics.ColorSpace)>":"2",
				"<android.graphics.RadialGradient: void <init>(float,float,float,long[],float[],android.graphics.Shader$TileMode)>":"2",
				"<android.graphics.RadialGradient: void <init>(float,float,float,long,long,android.graphics.Shader$TileMode)>":"2",
				"<android.graphics.RadialGradient: void <init>(float,float,float,int[],float[],android.graphics.Shader$TileMode)>":"2"
			}
		}
	]
}