{
	"exceptions":[
		{
			"method":"<android.graphics.fonts.SystemFonts: android.graphics.fonts.FontFamily createFontFamily(java.lang.String,java.util.List,java.lang.String,int,java.util.Map,java.util.ArrayList)>",
			"message":"[\\s\\S]*",
			"relatedVarType":"Parameter",
			"relatedCondType":"Basic",
			"modifier":"private",
			"type":"java.lang.RuntimeException",
			"osVersionRelated":false,
			"resourceRelated":false,
			"assessRelated":false,
			"hardwareRelated":false,
			"manifestRelated":false,
			"conditions":"r24 != null, $i0 != 0, i5 >= $i1",
			"paramValues":"@parameter1: java.util.List, @parameter4: java.util.Map",
			"caughtValues":"@caughtexception",
			"relatedValues":"@parameter1: java.util.List, @parameter4: java.util.Map; ; @caughtexception",
			"keyAPISameClassNum":0,
			"keyAPIDiffClassNum":0,
			"keyAPISameClass":[
				{
					"trace":[
						"<android.graphics.fonts.SystemFonts: android.graphics.fonts.FontFamily createFontFamily(java.lang.String,java.util.List,java.lang.String,int,java.util.Map,java.util.ArrayList)>"
					],
					"depth":0,
					"method":"<android.graphics.fonts.SystemFonts: android.graphics.fonts.FontFamily createFontFamily(java.lang.String,java.util.List,java.lang.String,int,java.util.Map,java.util.ArrayList)>",
					"source":"CALLER"
				},
				{
					"trace":[
						"<android.graphics.fonts.SystemFonts: android.text.FontConfig$Alias[] buildSystemFallback(java.lang.String,java.lang.String,android.graphics.fonts.FontCustomizationParser$Result,android.util.ArrayMap,java.util.ArrayList)>",
						"<android.graphics.fonts.SystemFonts: void pushFamilyToFallback(android.text.FontConfig$Family,android.util.ArrayMap,java.util.Map,java.util.ArrayList)>",
						"<android.graphics.fonts.SystemFonts: android.graphics.fonts.FontFamily createFontFamily(java.lang.String,java.util.List,java.lang.String,int,java.util.Map,java.util.ArrayList)>"
					],
					"depth":2,
					"method":"<android.graphics.fonts.SystemFonts: android.text.FontConfig$Alias[] buildSystemFallback(java.lang.String,java.lang.String,android.graphics.fonts.FontCustomizationParser$Result,android.util.ArrayMap,java.util.ArrayList)>",
					"source":"CALLER"
				}
			],
			"keyAPIDiffClass":[],
			"callerOfSingnlar2SourceVar":{
				"<android.graphics.fonts.SystemFonts: android.graphics.fonts.FontFamily createFontFamily(java.lang.String,java.util.List,java.lang.String,int,java.util.Map,java.util.ArrayList)>":"1, 4",
				"<android.graphics.fonts.SystemFonts: void appendNamedFamily(android.text.FontConfig$Family,java.util.HashMap,android.util.ArrayMap,java.util.ArrayList)>":"1",
				"<android.graphics.fonts.SystemFonts: void pushFamilyToFallback(android.text.FontConfig$Family,android.util.ArrayMap,java.util.Map,java.util.ArrayList)>":"2"
			}
		}
	]
}