{
	"exceptions":[
		{
			"method":"<android.graphics.drawable.NinePatchDrawable: void updateStateFromTypedArray(android.content.res.TypedArray)>",
			"message":"[\\s\\S]*",
			"relatedVarType":"Parameter",
			"relatedCondType":"Basic",
			"modifier":"private",
			"type":"java.lang.Throwable",
			"osVersionRelated":false,
			"resourceRelated":true,
			"assessRelated":false,
			"hardwareRelated":false,
			"manifestRelated":false,
			"conditions":"r31 != null, i3 == 0, $i4 != 0",
			"paramValues":"@parameter0: android.content.res.TypedArray",
			"relatedValues":"@parameter0: android.content.res.TypedArray; ; ",
			"keyAPISameClassNum":0,
			"keyAPIDiffClassNum":0,
			"keyAPISameClass":[
				{
					"trace":[
						"<android.graphics.drawable.NinePatchDrawable: void updateStateFromTypedArray(android.content.res.TypedArray)>"
					],
					"depth":0,
					"method":"<android.graphics.drawable.NinePatchDrawable: void updateStateFromTypedArray(android.content.res.TypedArray)>",
					"source":"CALLER"
				},
				{
					"trace":[
						"<android.graphics.drawable.NinePatchDrawable: void applyTheme(android.content.res.Resources$Theme)>",
						"<android.graphics.drawable.NinePatchDrawable: void updateStateFromTypedArray(android.content.res.TypedArray)>"
					],
					"depth":1,
					"method":"<android.graphics.drawable.NinePatchDrawable: void applyTheme(android.content.res.Resources$Theme)>",
					"source":"CALLER"
				},
				{
					"trace":[
						"<android.graphics.drawable.NinePatchDrawable: void inflate(android.content.res.Resources,org.xmlpull.v1.XmlPullParser,android.util.AttributeSet,android.content.res.Resources$Theme)>",
						"<android.graphics.drawable.NinePatchDrawable: void updateStateFromTypedArray(android.content.res.TypedArray)>"
					],
					"depth":1,
					"method":"<android.graphics.drawable.NinePatchDrawable: void inflate(android.content.res.Resources,org.xmlpull.v1.XmlPullParser,android.util.AttributeSet,android.content.res.Resources$Theme)>",
					"source":"CALLER"
				}
			],
			"keyAPIDiffClass":[],
			"callerOfSingnlar2SourceVar":{
				"<android.graphics.drawable.NinePatchDrawable: void updateStateFromTypedArray(android.content.res.TypedArray)>":"0"
			}
		},
		{
			"method":"<android.graphics.drawable.NinePatchDrawable: void updateStateFromTypedArray(android.content.res.TypedArray)>",
			"message":"[\\s\\S]*",
			"relatedVarType":"Parameter",
			"relatedCondType":"Basic",
			"modifier":"private",
			"type":"java.lang.Throwable",
			"osVersionRelated":false,
			"resourceRelated":true,
			"assessRelated":false,
			"hardwareRelated":false,
			"manifestRelated":false,
			"conditions":"$r12 != null, i3 == 0, $i4 != 0",
			"paramValues":"@parameter0: android.content.res.TypedArray",
			"relatedValues":"@parameter0: android.content.res.TypedArray; ; ",
			"keyAPISameClassNum":0,
			"keyAPIDiffClassNum":0,
			"keyAPISameClass":[
				{
					"trace":[
						"<android.graphics.drawable.NinePatchDrawable: void updateStateFromTypedArray(android.content.res.TypedArray)>"
					],
					"depth":0,
					"method":"<android.graphics.drawable.NinePatchDrawable: void updateStateFromTypedArray(android.content.res.TypedArray)>",
					"source":"CALLER"
				},
				{
					"trace":[
						"<android.graphics.drawable.NinePatchDrawable: void applyTheme(android.content.res.Resources$Theme)>",
						"<android.graphics.drawable.NinePatchDrawable: void updateStateFromTypedArray(android.content.res.TypedArray)>"
					],
					"depth":1,
					"method":"<android.graphics.drawable.NinePatchDrawable: void applyTheme(android.content.res.Resources$Theme)>",
					"source":"CALLER"
				},
				{
					"trace":[
						"<android.graphics.drawable.NinePatchDrawable: void inflate(android.content.res.Resources,org.xmlpull.v1.XmlPullParser,android.util.AttributeSet,android.content.res.Resources$Theme)>",
						"<android.graphics.drawable.NinePatchDrawable: void updateStateFromTypedArray(android.content.res.TypedArray)>"
					],
					"depth":1,
					"method":"<android.graphics.drawable.NinePatchDrawable: void inflate(android.content.res.Resources,org.xmlpull.v1.XmlPullParser,android.util.AttributeSet,android.content.res.Resources$Theme)>",
					"source":"CALLER"
				}
			],
			"keyAPIDiffClass":[],
			"callerOfSingnlar2SourceVar":{
				"<android.graphics.drawable.NinePatchDrawable: void updateStateFromTypedArray(android.content.res.TypedArray)>":"0"
			}
		}
	]
}