{
	"exceptions":[
		{
			"method":"<android.graphics.ColorSpace: void <init>(java.lang.String,android.graphics.ColorSpace$Model,int)>",
			"message":"\\QThe id must be between -1 and 63\\E",
			"relatedVarType":"Parameter",
			"relatedCondType":"Basic",
			"modifier":"private",
			"type":"java.lang.IllegalArgumentException",
			"osVersionRelated":false,
			"resourceRelated":false,
			"assessRelated":false,
			"hardwareRelated":false,
			"manifestRelated":false,
			"conditions":"i1 < -1, r3 != null, $i0 >= 1",
			"paramValues":"@parameter2: int, @parameter1: android.graphics.ColorSpace$Model, @parameter0: java.lang.String",
			"relatedValues":"@parameter2: int, @parameter1: android.graphics.ColorSpace$Model, @parameter0: java.lang.String; ; ",
			"keyAPISameClassNum":0,
			"keyAPIDiffClassNum":0,
			"keyAPISameClass":[
				{
					"trace":[
						"<android.graphics.ColorSpace: void <init>(java.lang.String,android.graphics.ColorSpace$Model,int)>"
					],
					"depth":0,
					"method":"<android.graphics.ColorSpace: void <init>(java.lang.String,android.graphics.ColorSpace$Model,int)>",
					"source":"CALLER"
				},
				{
					"trace":[
						"<android.graphics.ColorSpace: android.graphics.ColorSpace adapt(android.graphics.ColorSpace,float[],android.graphics.ColorSpace$Adaptation)>",
						"<android.graphics.ColorSpace$Rgb: void <init>(android.graphics.ColorSpace$Rgb,float[],float[],android.graphics.ColorSpace$1)>",
						"<android.graphics.ColorSpace$Rgb: void <init>(android.graphics.ColorSpace$Rgb,float[],float[])>",
						"<android.graphics.ColorSpace$Rgb: void <init>(java.lang.String,float[],float[],float[],java.util.function.DoubleUnaryOperator,java.util.function.DoubleUnaryOperator,float,float,android.graphics.ColorSpace$Rgb$TransferParameters,int)>",
						"<android.graphics.ColorSpace: void <init>(java.lang.String,android.graphics.ColorSpace$Model,int,android.graphics.ColorSpace$1)>",
						"<android.graphics.ColorSpace: void <init>(java.lang.String,android.graphics.ColorSpace$Model,int)>"
					],
					"depth":5,
					"method":"<android.graphics.ColorSpace: android.graphics.ColorSpace adapt(android.graphics.ColorSpace,float[],android.graphics.ColorSpace$Adaptation)>",
					"source":"CALLER"
				},
				{
					"trace":[
						"<android.graphics.ColorSpace: android.graphics.ColorSpace adapt(android.graphics.ColorSpace,float[])>",
						"<android.graphics.ColorSpace: android.graphics.ColorSpace adapt(android.graphics.ColorSpace,float[],android.graphics.ColorSpace$Adaptation)>",
						"<android.graphics.ColorSpace$Rgb: void <init>(android.graphics.ColorSpace$Rgb,float[],float[],android.graphics.ColorSpace$1)>",
						"<android.graphics.ColorSpace$Rgb: void <init>(android.graphics.ColorSpace$Rgb,float[],float[])>",
						"<android.graphics.ColorSpace$Rgb: void <init>(java.lang.String,float[],float[],float[],java.util.function.DoubleUnaryOperator,java.util.function.DoubleUnaryOperator,float,float,android.graphics.ColorSpace$Rgb$TransferParameters,int)>",
						"<android.graphics.ColorSpace: void <init>(java.lang.String,android.graphics.ColorSpace$Model,int,android.graphics.ColorSpace$1)>",
						"<android.graphics.ColorSpace: void <init>(java.lang.String,android.graphics.ColorSpace$Model,int)>"
					],
					"depth":6,
					"method":"<android.graphics.ColorSpace: android.graphics.ColorSpace adapt(android.graphics.ColorSpace,float[])>",
					"source":"CALLER"
				},
				{
					"trace":[
						"<android.graphics.ColorSpace: android.graphics.ColorSpace$Connector connect(android.graphics.ColorSpace,android.graphics.ColorSpace$RenderIntent)>",
						"<android.graphics.ColorSpace$Connector: void <init>(android.graphics.ColorSpace,android.graphics.ColorSpace,android.graphics.ColorSpace$RenderIntent)>",
						"<android.graphics.ColorSpace: android.graphics.ColorSpace adapt(android.graphics.ColorSpace,float[])>",
						"<android.graphics.ColorSpace: android.graphics.ColorSpace adapt(android.graphics.ColorSpace,float[],android.graphics.ColorSpace$Adaptation)>",
						"<android.graphics.ColorSpace$Rgb: void <init>(android.graphics.ColorSpace$Rgb,float[],float[],android.graphics.ColorSpace$1)>",
						"<android.graphics.ColorSpace$Rgb: void <init>(android.graphics.ColorSpace$Rgb,float[],float[])>",
						"<android.graphics.ColorSpace$Rgb: void <init>(java.lang.String,float[],float[],float[],java.util.function.DoubleUnaryOperator,java.util.function.DoubleUnaryOperator,float,float,android.graphics.ColorSpace$Rgb$TransferParameters,int)>",
						"<android.graphics.ColorSpace: void <init>(java.lang.String,android.graphics.ColorSpace$Model,int,android.graphics.ColorSpace$1)>",
						"<android.graphics.ColorSpace: void <init>(java.lang.String,android.graphics.ColorSpace$Model,int)>"
					],
					"depth":8,
					"method":"<android.graphics.ColorSpace: android.graphics.ColorSpace$Connector connect(android.graphics.ColorSpace,android.graphics.ColorSpace$RenderIntent)>",
					"source":"CALLER"
				},
				{
					"trace":[
						"<android.graphics.ColorSpace: android.graphics.ColorSpace$Connector connect(android.graphics.ColorSpace,android.graphics.ColorSpace,android.graphics.ColorSpace$RenderIntent)>",
						"<android.graphics.ColorSpace$Connector: void <init>(android.graphics.ColorSpace,android.graphics.ColorSpace,android.graphics.ColorSpace$RenderIntent)>",
						"<android.graphics.ColorSpace: android.graphics.ColorSpace adapt(android.graphics.ColorSpace,float[])>",
						"<android.graphics.ColorSpace: android.graphics.ColorSpace adapt(android.graphics.ColorSpace,float[],android.graphics.ColorSpace$Adaptation)>",
						"<android.graphics.ColorSpace$Rgb: void <init>(android.graphics.ColorSpace$Rgb,float[],float[],android.graphics.ColorSpace$1)>",
						"<android.graphics.ColorSpace$Rgb: void <init>(android.graphics.ColorSpace$Rgb,float[],float[])>",
						"<android.graphics.ColorSpace$Rgb: void <init>(java.lang.String,float[],float[],float[],java.util.function.DoubleUnaryOperator,java.util.function.DoubleUnaryOperator,float,float,android.graphics.ColorSpace$Rgb$TransferParameters,int)>",
						"<android.graphics.ColorSpace: void <init>(java.lang.String,android.graphics.ColorSpace$Model,int,android.graphics.ColorSpace$1)>",
						"<android.graphics.ColorSpace: void <init>(java.lang.String,android.graphics.ColorSpace$Model,int)>"
					],
					"depth":8,
					"method":"<android.graphics.ColorSpace: android.graphics.ColorSpace$Connector connect(android.graphics.ColorSpace,android.graphics.ColorSpace,android.graphics.ColorSpace$RenderIntent)>",
					"source":"CALLER"
				}
			],
			"keyAPIDiffClass":[
				{
					"trace":[
						"<android.graphics.ColorSpace$Rgb: void <init>(java.lang.String,float[],float[],java.util.function.DoubleUnaryOperator,java.util.function.DoubleUnaryOperator,float,float)>",
						"<android.graphics.ColorSpace$Rgb: void <init>(java.lang.String,float[],float[],float[],java.util.function.DoubleUnaryOperator,java.util.function.DoubleUnaryOperator,float,float,android.graphics.ColorSpace$Rgb$TransferParameters,int)>",
						"<android.graphics.ColorSpace: void <init>(java.lang.String,android.graphics.ColorSpace$Model,int,android.graphics.ColorSpace$1)>",
						"<android.graphics.ColorSpace: void <init>(java.lang.String,android.graphics.ColorSpace$Model,int)>"
					],
					"depth":3,
					"method":"<android.graphics.ColorSpace$Rgb: void <init>(java.lang.String,float[],float[],java.util.function.DoubleUnaryOperator,java.util.function.DoubleUnaryOperator,float,float)>",
					"source":"CALLER"
				},
				{
					"trace":[
						"<android.graphics.ColorSpace$Rgb: void <init>(java.lang.String,float[],java.util.function.DoubleUnaryOperator,java.util.function.DoubleUnaryOperator)>",
						"<android.graphics.ColorSpace$Rgb: void <init>(java.lang.String,float[],float[],float[],java.util.function.DoubleUnaryOperator,java.util.function.DoubleUnaryOperator,float,float,android.graphics.ColorSpace$Rgb$TransferParameters,int)>",
						"<android.graphics.ColorSpace: void <init>(java.lang.String,android.graphics.ColorSpace$Model,int,android.graphics.ColorSpace$1)>",
						"<android.graphics.ColorSpace: void <init>(java.lang.String,android.graphics.ColorSpace$Model,int)>"
					],
					"depth":3,
					"method":"<android.graphics.ColorSpace$Rgb: void <init>(java.lang.String,float[],java.util.function.DoubleUnaryOperator,java.util.function.DoubleUnaryOperator)>",
					"source":"CALLER"
				},
				{
					"trace":[
						"<android.graphics.ColorSpace$Rgb: void <init>(java.lang.String,float[],float[],double)>",
						"<android.graphics.ColorSpace$Rgb: void <init>(java.lang.String,float[],float[],double,float,float,int)>",
						"<android.graphics.ColorSpace$Rgb: void <init>(java.lang.String,float[],float[],float[],java.util.function.DoubleUnaryOperator,java.util.function.DoubleUnaryOperator,float,float,android.graphics.ColorSpace$Rgb$TransferParameters,int)>",
						"<android.graphics.ColorSpace: void <init>(java.lang.String,android.graphics.ColorSpace$Model,int,android.graphics.ColorSpace$1)>",
						"<android.graphics.ColorSpace: void <init>(java.lang.String,android.graphics.ColorSpace$Model,int)>"
					],
					"depth":4,
					"method":"<android.graphics.ColorSpace$Rgb: void <init>(java.lang.String,float[],float[],double)>",
					"source":"CALLER"
				},
				{
					"trace":[
						"<android.graphics.ColorSpace$Rgb: void <init>(java.lang.String,float[],double)>",
						"<android.graphics.ColorSpace$Rgb: void <init>(java.lang.String,float[],float[],double,float,float,int)>",
						"<android.graphics.ColorSpace$Rgb: void <init>(java.lang.String,float[],float[],float[],java.util.function.DoubleUnaryOperator,java.util.function.DoubleUnaryOperator,float,float,android.graphics.ColorSpace$Rgb$TransferParameters,int)>",
						"<android.graphics.ColorSpace: void <init>(java.lang.String,android.graphics.ColorSpace$Model,int,android.graphics.ColorSpace$1)>",
						"<android.graphics.ColorSpace: void <init>(java.lang.String,android.graphics.ColorSpace$Model,int)>"
					],
					"depth":4,
					"method":"<android.graphics.ColorSpace$Rgb: void <init>(java.lang.String,float[],double)>",
					"source":"CALLER"
				},
				{
					"trace":[
						"<android.graphics.ColorSpace$Rgb: void <init>(java.lang.String,float[],float[],android.graphics.ColorSpace$Rgb$TransferParameters)>",
						"<android.graphics.ColorSpace$Rgb: void <init>(java.lang.String,float[],float[],android.graphics.ColorSpace$Rgb$TransferParameters,int)>",
						"<android.graphics.ColorSpace$Rgb: void <init>(java.lang.String,float[],float[],float[],java.util.function.DoubleUnaryOperator,java.util.function.DoubleUnaryOperator,float,float,android.graphics.ColorSpace$Rgb$TransferParameters,int)>",
						"<android.graphics.ColorSpace: void <init>(java.lang.String,android.graphics.ColorSpace$Model,int,android.graphics.ColorSpace$1)>",
						"<android.graphics.ColorSpace: void <init>(java.lang.String,android.graphics.ColorSpace$Model,int)>"
					],
					"depth":4,
					"method":"<android.graphics.ColorSpace$Rgb: void <init>(java.lang.String,float[],float[],android.graphics.ColorSpace$Rgb$TransferParameters)>",
					"source":"CALLER"
				},
				{
					"trace":[
						"<android.graphics.ColorSpace$Rgb: void <init>(java.lang.String,float[],android.graphics.ColorSpace$Rgb$TransferParameters)>",
						"<android.graphics.ColorSpace$Rgb: void <init>(java.lang.String,float[],float[],android.graphics.ColorSpace$Rgb$TransferParameters,int)>",
						"<android.graphics.ColorSpace$Rgb: void <init>(java.lang.String,float[],float[],float[],java.util.function.DoubleUnaryOperator,java.util.function.DoubleUnaryOperator,float,float,android.graphics.ColorSpace$Rgb$TransferParameters,int)>",
						"<android.graphics.ColorSpace: void <init>(java.lang.String,android.graphics.ColorSpace$Model,int,android.graphics.ColorSpace$1)>",
						"<android.graphics.ColorSpace: void <init>(java.lang.String,android.graphics.ColorSpace$Model,int)>"
					],
					"depth":4,
					"method":"<android.graphics.ColorSpace$Rgb: void <init>(java.lang.String,float[],android.graphics.ColorSpace$Rgb$TransferParameters)>",
					"source":"CALLER"
				}
			],
			"callerOfSingnlar2SourceVar":{
				"<android.graphics.ColorSpace$Rgb: void <init>(java.lang.String,float[],float[],float[],java.util.function.DoubleUnaryOperator,java.util.function.DoubleUnaryOperator,float,float,android.graphics.ColorSpace$Rgb$TransferParameters,int)>":"9, 0",
				"<android.graphics.ColorSpace$Rgb: void <init>(java.lang.String,float[],float[],android.graphics.ColorSpace$Rgb$TransferParameters,int,android.graphics.ColorSpace$1)>":"4, 0",
				"<android.graphics.ColorSpace$Lab: void <init>(java.lang.String,int,android.graphics.ColorSpace$1)>":"1, 0",
				"<android.graphics.ColorSpace$Xyz: void <init>(java.lang.String,int,android.graphics.ColorSpace$1)>":"1, 0",
				"<android.graphics.ColorSpace: void <init>(java.lang.String,android.graphics.ColorSpace$Model,int,android.graphics.ColorSpace$1)>":"2, 1, 0",
				"<android.graphics.ColorSpace$Rgb: void <init>(java.lang.String,float[],float[],double)>":"0",
				"<android.graphics.ColorSpace$Rgb: void <init>(java.lang.String,float[],android.graphics.ColorSpace$Rgb$TransferParameters)>":"0",
				"<android.graphics.ColorSpace$Rgb: void <init>(java.lang.String,float[],float[],android.graphics.ColorSpace$Rgb$TransferParameters)>":"0",
				"<android.graphics.ColorSpace$Rgb: void <init>(java.lang.String,float[],double)>":"0",
				"<android.graphics.ColorSpace$Rgb: void <init>(java.lang.String,float[],float[],double,float,float,int)>":"6, 0",
				"<android.graphics.ColorSpace$Lab: void <init>(java.lang.String,int)>":"1, 0",
				"<android.graphics.ColorSpace: void <init>(java.lang.String,android.graphics.ColorSpace$Model,int)>":"2, 1, 0",
				"<android.graphics.ColorSpace$Rgb: void <init>(java.lang.String,float[],java.util.function.DoubleUnaryOperator,java.util.function.DoubleUnaryOperator)>":"0",
				"<android.graphics.ColorSpace$Rgb: void <init>(java.lang.String,float[],float[],java.util.function.DoubleUnaryOperator,java.util.function.DoubleUnaryOperator,float,float)>":"0",
				"<android.graphics.ColorSpace$Rgb: void <init>(java.lang.String,float[],float[],android.graphics.ColorSpace$Rgb$TransferParameters,int)>":"4, 0",
				"<android.graphics.ColorSpace$Rgb: void <init>(java.lang.String,float[],float[],float[],java.util.function.DoubleUnaryOperator,java.util.function.DoubleUnaryOperator,float,float,android.graphics.ColorSpace$Rgb$TransferParameters,int,android.graphics.ColorSpace$1)>":"9, 0",
				"<android.graphics.ColorSpace$Rgb: void <init>(java.lang.String,float[],float[],double,float,float,int,android.graphics.ColorSpace$1)>":"6, 0",
				"<android.graphics.ColorSpace$Xyz: void <init>(java.lang.String,int)>":"1, 0"
			}
		},
		{
			"method":"<android.graphics.ColorSpace: void <init>(java.lang.String,android.graphics.ColorSpace$Model,int)>",
			"message":"\\QA color space must have a model\\E",
			"relatedVarType":"Parameter",
			"relatedCondType":"Basic",
			"modifier":"private",
			"type":"java.lang.IllegalArgumentException",
			"osVersionRelated":false,
			"resourceRelated":false,
			"assessRelated":false,
			"hardwareRelated":false,
			"manifestRelated":false,
			"conditions":"r3 != null, $i0 >= 1, r1 == null",
			"paramValues":"@parameter1: android.graphics.ColorSpace$Model, @parameter0: java.lang.String",
			"relatedValues":"@parameter1: android.graphics.ColorSpace$Model, @parameter0: java.lang.String; ; ",
			"keyAPISameClassNum":0,
			"keyAPIDiffClassNum":0,
			"keyAPISameClass":[
				{
					"trace":[
						"<android.graphics.ColorSpace: void <init>(java.lang.String,android.graphics.ColorSpace$Model,int)>"
					],
					"depth":0,
					"method":"<android.graphics.ColorSpace: void <init>(java.lang.String,android.graphics.ColorSpace$Model,int)>",
					"source":"CALLER"
				},
				{
					"trace":[
						"<android.graphics.ColorSpace: android.graphics.ColorSpace adapt(android.graphics.ColorSpace,float[],android.graphics.ColorSpace$Adaptation)>",
						"<android.graphics.ColorSpace$Rgb: void <init>(android.graphics.ColorSpace$Rgb,float[],float[],android.graphics.ColorSpace$1)>",
						"<android.graphics.ColorSpace$Rgb: void <init>(android.graphics.ColorSpace$Rgb,float[],float[])>",
						"<android.graphics.ColorSpace$Rgb: void <init>(java.lang.String,float[],float[],float[],java.util.function.DoubleUnaryOperator,java.util.function.DoubleUnaryOperator,float,float,android.graphics.ColorSpace$Rgb$TransferParameters,int)>",
						"<android.graphics.ColorSpace: void <init>(java.lang.String,android.graphics.ColorSpace$Model,int,android.graphics.ColorSpace$1)>",
						"<android.graphics.ColorSpace: void <init>(java.lang.String,android.graphics.ColorSpace$Model,int)>"
					],
					"depth":5,
					"method":"<android.graphics.ColorSpace: android.graphics.ColorSpace adapt(android.graphics.ColorSpace,float[],android.graphics.ColorSpace$Adaptation)>",
					"source":"CALLER"
				},
				{
					"trace":[
						"<android.graphics.ColorSpace: android.graphics.ColorSpace adapt(android.graphics.ColorSpace,float[])>",
						"<android.graphics.ColorSpace: android.graphics.ColorSpace adapt(android.graphics.ColorSpace,float[],android.graphics.ColorSpace$Adaptation)>",
						"<android.graphics.ColorSpace$Rgb: void <init>(android.graphics.ColorSpace$Rgb,float[],float[],android.graphics.ColorSpace$1)>",
						"<android.graphics.ColorSpace$Rgb: void <init>(android.graphics.ColorSpace$Rgb,float[],float[])>",
						"<android.graphics.ColorSpace$Rgb: void <init>(java.lang.String,float[],float[],float[],java.util.function.DoubleUnaryOperator,java.util.function.DoubleUnaryOperator,float,float,android.graphics.ColorSpace$Rgb$TransferParameters,int)>",
						"<android.graphics.ColorSpace: void <init>(java.lang.String,android.graphics.ColorSpace$Model,int,android.graphics.ColorSpace$1)>",
						"<android.graphics.ColorSpace: void <init>(java.lang.String,android.graphics.ColorSpace$Model,int)>"
					],
					"depth":6,
					"method":"<android.graphics.ColorSpace: android.graphics.ColorSpace adapt(android.graphics.ColorSpace,float[])>",
					"source":"CALLER"
				},
				{
					"trace":[
						"<android.graphics.ColorSpace: android.graphics.ColorSpace$Connector connect(android.graphics.ColorSpace,android.graphics.ColorSpace$RenderIntent)>",
						"<android.graphics.ColorSpace$Connector: void <init>(android.graphics.ColorSpace,android.graphics.ColorSpace,android.graphics.ColorSpace$RenderIntent)>",
						"<android.graphics.ColorSpace: android.graphics.ColorSpace adapt(android.graphics.ColorSpace,float[])>",
						"<android.graphics.ColorSpace: android.graphics.ColorSpace adapt(android.graphics.ColorSpace,float[],android.graphics.ColorSpace$Adaptation)>",
						"<android.graphics.ColorSpace$Rgb: void <init>(android.graphics.ColorSpace$Rgb,float[],float[],android.graphics.ColorSpace$1)>",
						"<android.graphics.ColorSpace$Rgb: void <init>(android.graphics.ColorSpace$Rgb,float[],float[])>",
						"<android.graphics.ColorSpace$Rgb: void <init>(java.lang.String,float[],float[],float[],java.util.function.DoubleUnaryOperator,java.util.function.DoubleUnaryOperator,float,float,android.graphics.ColorSpace$Rgb$TransferParameters,int)>",
						"<android.graphics.ColorSpace: void <init>(java.lang.String,android.graphics.ColorSpace$Model,int,android.graphics.ColorSpace$1)>",
						"<android.graphics.ColorSpace: void <init>(java.lang.String,android.graphics.ColorSpace$Model,int)>"
					],
					"depth":8,
					"method":"<android.graphics.ColorSpace: android.graphics.ColorSpace$Connector connect(android.graphics.ColorSpace,android.graphics.ColorSpace$RenderIntent)>",
					"source":"CALLER"
				},
				{
					"trace":[
						"<android.graphics.ColorSpace: android.graphics.ColorSpace$Connector connect(android.graphics.ColorSpace,android.graphics.ColorSpace,android.graphics.ColorSpace$RenderIntent)>",
						"<android.graphics.ColorSpace$Connector: void <init>(android.graphics.ColorSpace,android.graphics.ColorSpace,android.graphics.ColorSpace$RenderIntent)>",
						"<android.graphics.ColorSpace: android.graphics.ColorSpace adapt(android.graphics.ColorSpace,float[])>",
						"<android.graphics.ColorSpace: android.graphics.ColorSpace adapt(android.graphics.ColorSpace,float[],android.graphics.ColorSpace$Adaptation)>",
						"<android.graphics.ColorSpace$Rgb: void <init>(android.graphics.ColorSpace$Rgb,float[],float[],android.graphics.ColorSpace$1)>",
						"<android.graphics.ColorSpace$Rgb: void <init>(android.graphics.ColorSpace$Rgb,float[],float[])>",
						"<android.graphics.ColorSpace$Rgb: void <init>(java.lang.String,float[],float[],float[],java.util.function.DoubleUnaryOperator,java.util.function.DoubleUnaryOperator,float,float,android.graphics.ColorSpace$Rgb$TransferParameters,int)>",
						"<android.graphics.ColorSpace: void <init>(java.lang.String,android.graphics.ColorSpace$Model,int,android.graphics.ColorSpace$1)>",
						"<android.graphics.ColorSpace: void <init>(java.lang.String,android.graphics.ColorSpace$Model,int)>"
					],
					"depth":8,
					"method":"<android.graphics.ColorSpace: android.graphics.ColorSpace$Connector connect(android.graphics.ColorSpace,android.graphics.ColorSpace,android.graphics.ColorSpace$RenderIntent)>",
					"source":"CALLER"
				}
			],
			"keyAPIDiffClass":[
				{
					"trace":[
						"<android.graphics.ColorSpace$Rgb: void <init>(java.lang.String,float[],float[],java.util.function.DoubleUnaryOperator,java.util.function.DoubleUnaryOperator,float,float)>",
						"<android.graphics.ColorSpace$Rgb: void <init>(java.lang.String,float[],float[],float[],java.util.function.DoubleUnaryOperator,java.util.function.DoubleUnaryOperator,float,float,android.graphics.ColorSpace$Rgb$TransferParameters,int)>",
						"<android.graphics.ColorSpace: void <init>(java.lang.String,android.graphics.ColorSpace$Model,int,android.graphics.ColorSpace$1)>",
						"<android.graphics.ColorSpace: void <init>(java.lang.String,android.graphics.ColorSpace$Model,int)>"
					],
					"depth":3,
					"method":"<android.graphics.ColorSpace$Rgb: void <init>(java.lang.String,float[],float[],java.util.function.DoubleUnaryOperator,java.util.function.DoubleUnaryOperator,float,float)>",
					"source":"CALLER"
				},
				{
					"trace":[
						"<android.graphics.ColorSpace$Rgb: void <init>(java.lang.String,float[],java.util.function.DoubleUnaryOperator,java.util.function.DoubleUnaryOperator)>",
						"<android.graphics.ColorSpace$Rgb: void <init>(java.lang.String,float[],float[],float[],java.util.function.DoubleUnaryOperator,java.util.function.DoubleUnaryOperator,float,float,android.graphics.ColorSpace$Rgb$TransferParameters,int)>",
						"<android.graphics.ColorSpace: void <init>(java.lang.String,android.graphics.ColorSpace$Model,int,android.graphics.ColorSpace$1)>",
						"<android.graphics.ColorSpace: void <init>(java.lang.String,android.graphics.ColorSpace$Model,int)>"
					],
					"depth":3,
					"method":"<android.graphics.ColorSpace$Rgb: void <init>(java.lang.String,float[],java.util.function.DoubleUnaryOperator,java.util.function.DoubleUnaryOperator)>",
					"source":"CALLER"
				},
				{
					"trace":[
						"<android.graphics.ColorSpace$Rgb: void <init>(java.lang.String,float[],float[],double)>",
						"<android.graphics.ColorSpace$Rgb: void <init>(java.lang.String,float[],float[],double,float,float,int)>",
						"<android.graphics.ColorSpace$Rgb: void <init>(java.lang.String,float[],float[],float[],java.util.function.DoubleUnaryOperator,java.util.function.DoubleUnaryOperator,float,float,android.graphics.ColorSpace$Rgb$TransferParameters,int)>",
						"<android.graphics.ColorSpace: void <init>(java.lang.String,android.graphics.ColorSpace$Model,int,android.graphics.ColorSpace$1)>",
						"<android.graphics.ColorSpace: void <init>(java.lang.String,android.graphics.ColorSpace$Model,int)>"
					],
					"depth":4,
					"method":"<android.graphics.ColorSpace$Rgb: void <init>(java.lang.String,float[],float[],double)>",
					"source":"CALLER"
				},
				{
					"trace":[
						"<android.graphics.ColorSpace$Rgb: void <init>(java.lang.String,float[],double)>",
						"<android.graphics.ColorSpace$Rgb: void <init>(java.lang.String,float[],float[],double,float,float,int)>",
						"<android.graphics.ColorSpace$Rgb: void <init>(java.lang.String,float[],float[],float[],java.util.function.DoubleUnaryOperator,java.util.function.DoubleUnaryOperator,float,float,android.graphics.ColorSpace$Rgb$TransferParameters,int)>",
						"<android.graphics.ColorSpace: void <init>(java.lang.String,android.graphics.ColorSpace$Model,int,android.graphics.ColorSpace$1)>",
						"<android.graphics.ColorSpace: void <init>(java.lang.String,android.graphics.ColorSpace$Model,int)>"
					],
					"depth":4,
					"method":"<android.graphics.ColorSpace$Rgb: void <init>(java.lang.String,float[],double)>",
					"source":"CALLER"
				},
				{
					"trace":[
						"<android.graphics.ColorSpace$Rgb: void <init>(java.lang.String,float[],float[],android.graphics.ColorSpace$Rgb$TransferParameters)>",
						"<android.graphics.ColorSpace$Rgb: void <init>(java.lang.String,float[],float[],android.graphics.ColorSpace$Rgb$TransferParameters,int)>",
						"<android.graphics.ColorSpace$Rgb: void <init>(java.lang.String,float[],float[],float[],java.util.function.DoubleUnaryOperator,java.util.function.DoubleUnaryOperator,float,float,android.graphics.ColorSpace$Rgb$TransferParameters,int)>",
						"<android.graphics.ColorSpace: void <init>(java.lang.String,android.graphics.ColorSpace$Model,int,android.graphics.ColorSpace$1)>",
						"<android.graphics.ColorSpace: void <init>(java.lang.String,android.graphics.ColorSpace$Model,int)>"
					],
					"depth":4,
					"method":"<android.graphics.ColorSpace$Rgb: void <init>(java.lang.String,float[],float[],android.graphics.ColorSpace$Rgb$TransferParameters)>",
					"source":"CALLER"
				},
				{
					"trace":[
						"<android.graphics.ColorSpace$Rgb: void <init>(java.lang.String,float[],android.graphics.ColorSpace$Rgb$TransferParameters)>",
						"<android.graphics.ColorSpace$Rgb: void <init>(java.lang.String,float[],float[],android.graphics.ColorSpace$Rgb$TransferParameters,int)>",
						"<android.graphics.ColorSpace$Rgb: void <init>(java.lang.String,float[],float[],float[],java.util.function.DoubleUnaryOperator,java.util.function.DoubleUnaryOperator,float,float,android.graphics.ColorSpace$Rgb$TransferParameters,int)>",
						"<android.graphics.ColorSpace: void <init>(java.lang.String,android.graphics.ColorSpace$Model,int,android.graphics.ColorSpace$1)>",
						"<android.graphics.ColorSpace: void <init>(java.lang.String,android.graphics.ColorSpace$Model,int)>"
					],
					"depth":4,
					"method":"<android.graphics.ColorSpace$Rgb: void <init>(java.lang.String,float[],android.graphics.ColorSpace$Rgb$TransferParameters)>",
					"source":"CALLER"
				}
			],
			"callerOfSingnlar2SourceVar":{
				"<android.graphics.ColorSpace$Rgb: void <init>(java.lang.String,float[],float[],float[],java.util.function.DoubleUnaryOperator,java.util.function.DoubleUnaryOperator,float,float,android.graphics.ColorSpace$Rgb$TransferParameters,int)>":"0",
				"<android.graphics.ColorSpace$Rgb: void <init>(java.lang.String,float[],float[],android.graphics.ColorSpace$Rgb$TransferParameters,int,android.graphics.ColorSpace$1)>":"0",
				"<android.graphics.ColorSpace$Lab: void <init>(java.lang.String,int,android.graphics.ColorSpace$1)>":"0",
				"<android.graphics.ColorSpace$Xyz: void <init>(java.lang.String,int,android.graphics.ColorSpace$1)>":"0",
				"<android.graphics.ColorSpace: void <init>(java.lang.String,android.graphics.ColorSpace$Model,int,android.graphics.ColorSpace$1)>":"1, 0",
				"<android.graphics.ColorSpace$Rgb: void <init>(java.lang.String,float[],float[],double)>":"0",
				"<android.graphics.ColorSpace$Rgb: void <init>(java.lang.String,float[],android.graphics.ColorSpace$Rgb$TransferParameters)>":"0",
				"<android.graphics.ColorSpace$Rgb: void <init>(java.lang.String,float[],float[],android.graphics.ColorSpace$Rgb$TransferParameters)>":"0",
				"<android.graphics.ColorSpace$Rgb: void <init>(java.lang.String,float[],double)>":"0",
				"<android.graphics.ColorSpace$Rgb: void <init>(java.lang.String,float[],float[],double,float,float,int)>":"0",
				"<android.graphics.ColorSpace$Lab: void <init>(java.lang.String,int)>":"0",
				"<android.graphics.ColorSpace: void <init>(java.lang.String,android.graphics.ColorSpace$Model,int)>":"1, 0",
				"<android.graphics.ColorSpace$Rgb: void <init>(java.lang.String,float[],java.util.function.DoubleUnaryOperator,java.util.function.DoubleUnaryOperator)>":"0",
				"<android.graphics.ColorSpace$Rgb: void <init>(java.lang.String,float[],float[],java.util.function.DoubleUnaryOperator,java.util.function.DoubleUnaryOperator,float,float)>":"0",
				"<android.graphics.ColorSpace$Rgb: void <init>(java.lang.String,float[],float[],android.graphics.ColorSpace$Rgb$TransferParameters,int)>":"0",
				"<android.graphics.ColorSpace$Rgb: void <init>(java.lang.String,float[],float[],float[],java.util.function.DoubleUnaryOperator,java.util.function.DoubleUnaryOperator,float,float,android.graphics.ColorSpace$Rgb$TransferParameters,int,android.graphics.ColorSpace$1)>":"0",
				"<android.graphics.ColorSpace$Rgb: void <init>(java.lang.String,float[],float[],double,float,float,int,android.graphics.ColorSpace$1)>":"0",
				"<android.graphics.ColorSpace$Xyz: void <init>(java.lang.String,int)>":"0"
			}
		},
		{
			"method":"<android.graphics.ColorSpace: void <init>(java.lang.String,android.graphics.ColorSpace$Model,int)>",
			"message":"\\QThe name of a color space cannot be null and must contain at least 1 character\\E",
			"relatedVarType":"Parameter",
			"relatedCondType":"Basic",
			"modifier":"private",
			"type":"java.lang.IllegalArgumentException",
			"osVersionRelated":false,
			"resourceRelated":false,
			"assessRelated":false,
			"hardwareRelated":false,
			"manifestRelated":false,
			"conditions":"r1 == null, $i0 >= 1",
			"paramValues":"@parameter0: java.lang.String",
			"relatedValues":"@parameter0: java.lang.String; ; ",
			"keyAPISameClassNum":0,
			"keyAPIDiffClassNum":0,
			"keyAPISameClass":[
				{
					"trace":[
						"<android.graphics.ColorSpace: void <init>(java.lang.String,android.graphics.ColorSpace$Model,int)>"
					],
					"depth":0,
					"method":"<android.graphics.ColorSpace: void <init>(java.lang.String,android.graphics.ColorSpace$Model,int)>",
					"source":"CALLER"
				},
				{
					"trace":[
						"<android.graphics.ColorSpace: android.graphics.ColorSpace adapt(android.graphics.ColorSpace,float[],android.graphics.ColorSpace$Adaptation)>",
						"<android.graphics.ColorSpace$Rgb: void <init>(android.graphics.ColorSpace$Rgb,float[],float[],android.graphics.ColorSpace$1)>",
						"<android.graphics.ColorSpace$Rgb: void <init>(android.graphics.ColorSpace$Rgb,float[],float[])>",
						"<android.graphics.ColorSpace$Rgb: void <init>(java.lang.String,float[],float[],float[],java.util.function.DoubleUnaryOperator,java.util.function.DoubleUnaryOperator,float,float,android.graphics.ColorSpace$Rgb$TransferParameters,int)>",
						"<android.graphics.ColorSpace: void <init>(java.lang.String,android.graphics.ColorSpace$Model,int,android.graphics.ColorSpace$1)>",
						"<android.graphics.ColorSpace: void <init>(java.lang.String,android.graphics.ColorSpace$Model,int)>"
					],
					"depth":5,
					"method":"<android.graphics.ColorSpace: android.graphics.ColorSpace adapt(android.graphics.ColorSpace,float[],android.graphics.ColorSpace$Adaptation)>",
					"source":"CALLER"
				},
				{
					"trace":[
						"<android.graphics.ColorSpace: android.graphics.ColorSpace adapt(android.graphics.ColorSpace,float[])>",
						"<android.graphics.ColorSpace: android.graphics.ColorSpace adapt(android.graphics.ColorSpace,float[],android.graphics.ColorSpace$Adaptation)>",
						"<android.graphics.ColorSpace$Rgb: void <init>(android.graphics.ColorSpace$Rgb,float[],float[],android.graphics.ColorSpace$1)>",
						"<android.graphics.ColorSpace$Rgb: void <init>(android.graphics.ColorSpace$Rgb,float[],float[])>",
						"<android.graphics.ColorSpace$Rgb: void <init>(java.lang.String,float[],float[],float[],java.util.function.DoubleUnaryOperator,java.util.function.DoubleUnaryOperator,float,float,android.graphics.ColorSpace$Rgb$TransferParameters,int)>",
						"<android.graphics.ColorSpace: void <init>(java.lang.String,android.graphics.ColorSpace$Model,int,android.graphics.ColorSpace$1)>",
						"<android.graphics.ColorSpace: void <init>(java.lang.String,android.graphics.ColorSpace$Model,int)>"
					],
					"depth":6,
					"method":"<android.graphics.ColorSpace: android.graphics.ColorSpace adapt(android.graphics.ColorSpace,float[])>",
					"source":"CALLER"
				},
				{
					"trace":[
						"<android.graphics.ColorSpace: android.graphics.ColorSpace$Connector connect(android.graphics.ColorSpace,android.graphics.ColorSpace$RenderIntent)>",
						"<android.graphics.ColorSpace$Connector: void <init>(android.graphics.ColorSpace,android.graphics.ColorSpace,android.graphics.ColorSpace$RenderIntent)>",
						"<android.graphics.ColorSpace: android.graphics.ColorSpace adapt(android.graphics.ColorSpace,float[])>",
						"<android.graphics.ColorSpace: android.graphics.ColorSpace adapt(android.graphics.ColorSpace,float[],android.graphics.ColorSpace$Adaptation)>",
						"<android.graphics.ColorSpace$Rgb: void <init>(android.graphics.ColorSpace$Rgb,float[],float[],android.graphics.ColorSpace$1)>",
						"<android.graphics.ColorSpace$Rgb: void <init>(android.graphics.ColorSpace$Rgb,float[],float[])>",
						"<android.graphics.ColorSpace$Rgb: void <init>(java.lang.String,float[],float[],float[],java.util.function.DoubleUnaryOperator,java.util.function.DoubleUnaryOperator,float,float,android.graphics.ColorSpace$Rgb$TransferParameters,int)>",
						"<android.graphics.ColorSpace: void <init>(java.lang.String,android.graphics.ColorSpace$Model,int,android.graphics.ColorSpace$1)>",
						"<android.graphics.ColorSpace: void <init>(java.lang.String,android.graphics.ColorSpace$Model,int)>"
					],
					"depth":8,
					"method":"<android.graphics.ColorSpace: android.graphics.ColorSpace$Connector connect(android.graphics.ColorSpace,android.graphics.ColorSpace$RenderIntent)>",
					"source":"CALLER"
				},
				{
					"trace":[
						"<android.graphics.ColorSpace: android.graphics.ColorSpace$Connector connect(android.graphics.ColorSpace,android.graphics.ColorSpace,android.graphics.ColorSpace$RenderIntent)>",
						"<android.graphics.ColorSpace$Connector: void <init>(android.graphics.ColorSpace,android.graphics.ColorSpace,android.graphics.ColorSpace$RenderIntent)>",
						"<android.graphics.ColorSpace: android.graphics.ColorSpace adapt(android.graphics.ColorSpace,float[])>",
						"<android.graphics.ColorSpace: android.graphics.ColorSpace adapt(android.graphics.ColorSpace,float[],android.graphics.ColorSpace$Adaptation)>",
						"<android.graphics.ColorSpace$Rgb: void <init>(android.graphics.ColorSpace$Rgb,float[],float[],android.graphics.ColorSpace$1)>",
						"<android.graphics.ColorSpace$Rgb: void <init>(android.graphics.ColorSpace$Rgb,float[],float[])>",
						"<android.graphics.ColorSpace$Rgb: void <init>(java.lang.String,float[],float[],float[],java.util.function.DoubleUnaryOperator,java.util.function.DoubleUnaryOperator,float,float,android.graphics.ColorSpace$Rgb$TransferParameters,int)>",
						"<android.graphics.ColorSpace: void <init>(java.lang.String,android.graphics.ColorSpace$Model,int,android.graphics.ColorSpace$1)>",
						"<android.graphics.ColorSpace: void <init>(java.lang.String,android.graphics.ColorSpace$Model,int)>"
					],
					"depth":8,
					"method":"<android.graphics.ColorSpace: android.graphics.ColorSpace$Connector connect(android.graphics.ColorSpace,android.graphics.ColorSpace,android.graphics.ColorSpace$RenderIntent)>",
					"source":"CALLER"
				}
			],
			"keyAPIDiffClass":[
				{
					"trace":[
						"<android.graphics.ColorSpace$Rgb: void <init>(java.lang.String,float[],float[],java.util.function.DoubleUnaryOperator,java.util.function.DoubleUnaryOperator,float,float)>",
						"<android.graphics.ColorSpace$Rgb: void <init>(java.lang.String,float[],float[],float[],java.util.function.DoubleUnaryOperator,java.util.function.DoubleUnaryOperator,float,float,android.graphics.ColorSpace$Rgb$TransferParameters,int)>",
						"<android.graphics.ColorSpace: void <init>(java.lang.String,android.graphics.ColorSpace$Model,int,android.graphics.ColorSpace$1)>",
						"<android.graphics.ColorSpace: void <init>(java.lang.String,android.graphics.ColorSpace$Model,int)>"
					],
					"depth":3,
					"method":"<android.graphics.ColorSpace$Rgb: void <init>(java.lang.String,float[],float[],java.util.function.DoubleUnaryOperator,java.util.function.DoubleUnaryOperator,float,float)>",
					"source":"CALLER"
				},
				{
					"trace":[
						"<android.graphics.ColorSpace$Rgb: void <init>(java.lang.String,float[],java.util.function.DoubleUnaryOperator,java.util.function.DoubleUnaryOperator)>",
						"<android.graphics.ColorSpace$Rgb: void <init>(java.lang.String,float[],float[],float[],java.util.function.DoubleUnaryOperator,java.util.function.DoubleUnaryOperator,float,float,android.graphics.ColorSpace$Rgb$TransferParameters,int)>",
						"<android.graphics.ColorSpace: void <init>(java.lang.String,android.graphics.ColorSpace$Model,int,android.graphics.ColorSpace$1)>",
						"<android.graphics.ColorSpace: void <init>(java.lang.String,android.graphics.ColorSpace$Model,int)>"
					],
					"depth":3,
					"method":"<android.graphics.ColorSpace$Rgb: void <init>(java.lang.String,float[],java.util.function.DoubleUnaryOperator,java.util.function.DoubleUnaryOperator)>",
					"source":"CALLER"
				},
				{
					"trace":[
						"<android.graphics.ColorSpace$Rgb: void <init>(java.lang.String,float[],float[],double)>",
						"<android.graphics.ColorSpace$Rgb: void <init>(java.lang.String,float[],float[],double,float,float,int)>",
						"<android.graphics.ColorSpace$Rgb: void <init>(java.lang.String,float[],float[],float[],java.util.function.DoubleUnaryOperator,java.util.function.DoubleUnaryOperator,float,float,android.graphics.ColorSpace$Rgb$TransferParameters,int)>",
						"<android.graphics.ColorSpace: void <init>(java.lang.String,android.graphics.ColorSpace$Model,int,android.graphics.ColorSpace$1)>",
						"<android.graphics.ColorSpace: void <init>(java.lang.String,android.graphics.ColorSpace$Model,int)>"
					],
					"depth":4,
					"method":"<android.graphics.ColorSpace$Rgb: void <init>(java.lang.String,float[],float[],double)>",
					"source":"CALLER"
				},
				{
					"trace":[
						"<android.graphics.ColorSpace$Rgb: void <init>(java.lang.String,float[],double)>",
						"<android.graphics.ColorSpace$Rgb: void <init>(java.lang.String,float[],float[],double,float,float,int)>",
						"<android.graphics.ColorSpace$Rgb: void <init>(java.lang.String,float[],float[],float[],java.util.function.DoubleUnaryOperator,java.util.function.DoubleUnaryOperator,float,float,android.graphics.ColorSpace$Rgb$TransferParameters,int)>",
						"<android.graphics.ColorSpace: void <init>(java.lang.String,android.graphics.ColorSpace$Model,int,android.graphics.ColorSpace$1)>",
						"<android.graphics.ColorSpace: void <init>(java.lang.String,android.graphics.ColorSpace$Model,int)>"
					],
					"depth":4,
					"method":"<android.graphics.ColorSpace$Rgb: void <init>(java.lang.String,float[],double)>",
					"source":"CALLER"
				},
				{
					"trace":[
						"<android.graphics.ColorSpace$Rgb: void <init>(java.lang.String,float[],float[],android.graphics.ColorSpace$Rgb$TransferParameters)>",
						"<android.graphics.ColorSpace$Rgb: void <init>(java.lang.String,float[],float[],android.graphics.ColorSpace$Rgb$TransferParameters,int)>",
						"<android.graphics.ColorSpace$Rgb: void <init>(java.lang.String,float[],float[],float[],java.util.function.DoubleUnaryOperator,java.util.function.DoubleUnaryOperator,float,float,android.graphics.ColorSpace$Rgb$TransferParameters,int)>",
						"<android.graphics.ColorSpace: void <init>(java.lang.String,android.graphics.ColorSpace$Model,int,android.graphics.ColorSpace$1)>",
						"<android.graphics.ColorSpace: void <init>(java.lang.String,android.graphics.ColorSpace$Model,int)>"
					],
					"depth":4,
					"method":"<android.graphics.ColorSpace$Rgb: void <init>(java.lang.String,float[],float[],android.graphics.ColorSpace$Rgb$TransferParameters)>",
					"source":"CALLER"
				},
				{
					"trace":[
						"<android.graphics.ColorSpace$Rgb: void <init>(java.lang.String,float[],android.graphics.ColorSpace$Rgb$TransferParameters)>",
						"<android.graphics.ColorSpace$Rgb: void <init>(java.lang.String,float[],float[],android.graphics.ColorSpace$Rgb$TransferParameters,int)>",
						"<android.graphics.ColorSpace$Rgb: void <init>(java.lang.String,float[],float[],float[],java.util.function.DoubleUnaryOperator,java.util.function.DoubleUnaryOperator,float,float,android.graphics.ColorSpace$Rgb$TransferParameters,int)>",
						"<android.graphics.ColorSpace: void <init>(java.lang.String,android.graphics.ColorSpace$Model,int,android.graphics.ColorSpace$1)>",
						"<android.graphics.ColorSpace: void <init>(java.lang.String,android.graphics.ColorSpace$Model,int)>"
					],
					"depth":4,
					"method":"<android.graphics.ColorSpace$Rgb: void <init>(java.lang.String,float[],android.graphics.ColorSpace$Rgb$TransferParameters)>",
					"source":"CALLER"
				}
			],
			"callerOfSingnlar2SourceVar":{
				"<android.graphics.ColorSpace$Rgb: void <init>(java.lang.String,float[],float[],float[],java.util.function.DoubleUnaryOperator,java.util.function.DoubleUnaryOperator,float,float,android.graphics.ColorSpace$Rgb$TransferParameters,int)>":"0",
				"<android.graphics.ColorSpace$Rgb: void <init>(java.lang.String,float[],float[],android.graphics.ColorSpace$Rgb$TransferParameters,int,android.graphics.ColorSpace$1)>":"0",
				"<android.graphics.ColorSpace$Lab: void <init>(java.lang.String,int,android.graphics.ColorSpace$1)>":"0",
				"<android.graphics.ColorSpace$Xyz: void <init>(java.lang.String,int,android.graphics.ColorSpace$1)>":"0",
				"<android.graphics.ColorSpace: void <init>(java.lang.String,android.graphics.ColorSpace$Model,int,android.graphics.ColorSpace$1)>":"0",
				"<android.graphics.ColorSpace$Rgb: void <init>(java.lang.String,float[],float[],double)>":"0",
				"<android.graphics.ColorSpace$Rgb: void <init>(java.lang.String,float[],android.graphics.ColorSpace$Rgb$TransferParameters)>":"0",
				"<android.graphics.ColorSpace$Rgb: void <init>(java.lang.String,float[],float[],android.graphics.ColorSpace$Rgb$TransferParameters)>":"0",
				"<android.graphics.ColorSpace$Rgb: void <init>(java.lang.String,float[],double)>":"0",
				"<android.graphics.ColorSpace$Rgb: void <init>(java.lang.String,float[],float[],double,float,float,int)>":"0",
				"<android.graphics.ColorSpace$Lab: void <init>(java.lang.String,int)>":"0",
				"<android.graphics.ColorSpace: void <init>(java.lang.String,android.graphics.ColorSpace$Model,int)>":"0",
				"<android.graphics.ColorSpace$Rgb: void <init>(java.lang.String,float[],java.util.function.DoubleUnaryOperator,java.util.function.DoubleUnaryOperator)>":"0",
				"<android.graphics.ColorSpace$Rgb: void <init>(java.lang.String,float[],float[],java.util.function.DoubleUnaryOperator,java.util.function.DoubleUnaryOperator,float,float)>":"0",
				"<android.graphics.ColorSpace$Rgb: void <init>(java.lang.String,float[],float[],android.graphics.ColorSpace$Rgb$TransferParameters,int)>":"0",
				"<android.graphics.ColorSpace$Rgb: void <init>(java.lang.String,float[],float[],float[],java.util.function.DoubleUnaryOperator,java.util.function.DoubleUnaryOperator,float,float,android.graphics.ColorSpace$Rgb$TransferParameters,int,android.graphics.ColorSpace$1)>":"0",
				"<android.graphics.ColorSpace$Rgb: void <init>(java.lang.String,float[],float[],double,float,float,int,android.graphics.ColorSpace$1)>":"0",
				"<android.graphics.ColorSpace$Xyz: void <init>(java.lang.String,int)>":"0"
			}
		},
		{
			"method":"<android.graphics.ColorSpace: android.graphics.ColorSpace get(int)>",
			"message":"\\QInvalid ID, must be in the range [0..\\E[\\s\\S]*\\Q)\\E",
			"relatedVarType":"Parameter",
			"relatedCondType":"Basic",
			"modifier":"default",
			"type":"java.lang.IllegalArgumentException",
			"osVersionRelated":false,
			"resourceRelated":false,
			"assessRelated":false,
			"hardwareRelated":false,
			"manifestRelated":false,
			"conditions":"i0 < 0, i0 < $i2",
			"paramValues":"@parameter0: int",
			"relatedValues":"@parameter0: int; ; ",
			"keyAPISameClassNum":0,
			"keyAPIDiffClassNum":0,
			"keyAPISameClass":[
				{
					"trace":[
						"<android.graphics.ColorSpace: android.graphics.ColorSpace get(int)>"
					],
					"depth":0,
					"method":"<android.graphics.ColorSpace: android.graphics.ColorSpace get(int)>",
					"source":"CALLER"
				}
			],
			"keyAPIDiffClass":[
				{
					"trace":[
						"<android.graphics.Color: android.graphics.ColorSpace colorSpace(long)>",
						"<android.graphics.ColorSpace: android.graphics.ColorSpace get(int)>"
					],
					"depth":1,
					"method":"<android.graphics.Color: android.graphics.ColorSpace colorSpace(long)>",
					"source":"CALLER"
				},
				{
					"trace":[
						"<android.graphics.Bitmap: void eraseColor(long)>",
						"<android.graphics.Color: android.graphics.ColorSpace colorSpace(long)>",
						"<android.graphics.ColorSpace: android.graphics.ColorSpace get(int)>"
					],
					"depth":2,
					"method":"<android.graphics.Bitmap: void eraseColor(long)>",
					"source":"CALLER"
				},
				{
					"trace":[
						"<android.graphics.BaseCanvas: void drawColor(long,android.graphics.BlendMode)>",
						"<android.graphics.Color: android.graphics.ColorSpace colorSpace(long)>",
						"<android.graphics.ColorSpace: android.graphics.ColorSpace get(int)>"
					],
					"depth":2,
					"method":"<android.graphics.BaseCanvas: void drawColor(long,android.graphics.BlendMode)>",
					"source":"CALLER"
				},
				{
					"trace":[
						"<android.graphics.BaseRecordingCanvas: void drawColor(long,android.graphics.BlendMode)>",
						"<android.graphics.Color: android.graphics.ColorSpace colorSpace(long)>",
						"<android.graphics.ColorSpace: android.graphics.ColorSpace get(int)>"
					],
					"depth":2,
					"method":"<android.graphics.BaseRecordingCanvas: void drawColor(long,android.graphics.BlendMode)>",
					"source":"CALLER"
				},
				{
					"trace":[
						"<android.graphics.Color: float luminance(long)>",
						"<android.graphics.Color: android.graphics.ColorSpace colorSpace(long)>",
						"<android.graphics.ColorSpace: android.graphics.ColorSpace get(int)>"
					],
					"depth":2,
					"method":"<android.graphics.Color: float luminance(long)>",
					"source":"CALLER"
				},
				{
					"trace":[
						"<android.graphics.Color: long convert(long,android.graphics.ColorSpace)>",
						"<android.graphics.Color: android.graphics.ColorSpace colorSpace(long)>",
						"<android.graphics.ColorSpace: android.graphics.ColorSpace get(int)>"
					],
					"depth":2,
					"method":"<android.graphics.Color: long convert(long,android.graphics.ColorSpace)>",
					"source":"CALLER"
				},
				{
					"trace":[
						"<android.graphics.Color: android.graphics.Color valueOf(long)>",
						"<android.graphics.Color: android.graphics.ColorSpace colorSpace(long)>",
						"<android.graphics.ColorSpace: android.graphics.ColorSpace get(int)>"
					],
					"depth":2,
					"method":"<android.graphics.Color: android.graphics.Color valueOf(long)>",
					"source":"CALLER"
				},
				{
					"trace":[
						"<android.graphics.Color: boolean isWideGamut(long)>",
						"<android.graphics.Color: android.graphics.ColorSpace colorSpace(long)>",
						"<android.graphics.ColorSpace: android.graphics.ColorSpace get(int)>"
					],
					"depth":2,
					"method":"<android.graphics.Color: boolean isWideGamut(long)>",
					"source":"CALLER"
				},
				{
					"trace":[
						"<android.graphics.Color: boolean isSrgb(long)>",
						"<android.graphics.Color: android.graphics.ColorSpace colorSpace(long)>",
						"<android.graphics.ColorSpace: android.graphics.ColorSpace get(int)>"
					],
					"depth":2,
					"method":"<android.graphics.Color: boolean isSrgb(long)>",
					"source":"CALLER"
				},
				{
					"trace":[
						"<android.graphics.Paint: void setColor(long)>",
						"<android.graphics.Color: android.graphics.ColorSpace colorSpace(long)>",
						"<android.graphics.ColorSpace: android.graphics.ColorSpace get(int)>"
					],
					"depth":2,
					"method":"<android.graphics.Paint: void setColor(long)>",
					"source":"CALLER"
				},
				{
					"trace":[
						"<android.graphics.Shader: android.graphics.ColorSpace detectColorSpace(long[])>",
						"<android.graphics.Color: android.graphics.ColorSpace colorSpace(long)>",
						"<android.graphics.ColorSpace: android.graphics.ColorSpace get(int)>"
					],
					"depth":2,
					"method":"<android.graphics.Shader: android.graphics.ColorSpace detectColorSpace(long[])>",
					"source":"CALLER"
				},
				{
					"trace":[
						"<android.graphics.Paint: void setShadowLayer(float,float,float,long)>",
						"<android.graphics.Color: android.graphics.ColorSpace colorSpace(long)>",
						"<android.graphics.ColorSpace: android.graphics.ColorSpace get(int)>"
					],
					"depth":2,
					"method":"<android.graphics.Paint: void setShadowLayer(float,float,float,long)>",
					"source":"CALLER"
				},
				{
					"trace":[
						"<android.graphics.Color: int toArgb(long)>",
						"<android.graphics.Color: android.graphics.ColorSpace colorSpace(long)>",
						"<android.graphics.ColorSpace: android.graphics.ColorSpace get(int)>"
					],
					"depth":2,
					"method":"<android.graphics.Color: int toArgb(long)>",
					"source":"CALLER"
				},
				{
					"trace":[
						"<android.graphics.Canvas: void drawColor(long)>",
						"<android.graphics.BaseCanvas: void drawColor(long,android.graphics.BlendMode)>",
						"<android.graphics.Color: android.graphics.ColorSpace colorSpace(long)>",
						"<android.graphics.ColorSpace: android.graphics.ColorSpace get(int)>"
					],
					"depth":3,
					"method":"<android.graphics.Canvas: void drawColor(long)>",
					"source":"CALLER"
				},
				{
					"trace":[
						"<android.graphics.Canvas: void drawColor(long,android.graphics.BlendMode)>",
						"<android.graphics.BaseCanvas: void drawColor(long,android.graphics.BlendMode)>",
						"<android.graphics.Color: android.graphics.ColorSpace colorSpace(long)>",
						"<android.graphics.ColorSpace: android.graphics.ColorSpace get(int)>"
					],
					"depth":3,
					"method":"<android.graphics.Canvas: void drawColor(long,android.graphics.BlendMode)>",
					"source":"CALLER"
				},
				{
					"trace":[
						"<android.graphics.LinearGradient: void <init>(float,float,float,float,long[],float[],android.graphics.Shader$TileMode)>",
						"<android.graphics.Shader: android.graphics.ColorSpace detectColorSpace(long[])>",
						"<android.graphics.Color: android.graphics.ColorSpace colorSpace(long)>",
						"<android.graphics.ColorSpace: android.graphics.ColorSpace get(int)>"
					],
					"depth":3,
					"method":"<android.graphics.LinearGradient: void <init>(float,float,float,float,long[],float[],android.graphics.Shader$TileMode)>",
					"source":"CALLER"
				},
				{
					"trace":[
						"<android.graphics.SweepGradient: void <init>(float,float,long[],float[])>",
						"<android.graphics.Shader: android.graphics.ColorSpace detectColorSpace(long[])>",
						"<android.graphics.Color: android.graphics.ColorSpace colorSpace(long)>",
						"<android.graphics.ColorSpace: android.graphics.ColorSpace get(int)>"
					],
					"depth":3,
					"method":"<android.graphics.SweepGradient: void <init>(float,float,long[],float[])>",
					"source":"CALLER"
				},
				{
					"trace":[
						"<android.graphics.RadialGradient: void <init>(float,float,float,long[],float[],android.graphics.Shader$TileMode)>",
						"<android.graphics.Shader: android.graphics.ColorSpace detectColorSpace(long[])>",
						"<android.graphics.Color: android.graphics.ColorSpace colorSpace(long)>",
						"<android.graphics.ColorSpace: android.graphics.ColorSpace get(int)>"
					],
					"depth":3,
					"method":"<android.graphics.RadialGradient: void <init>(float,float,float,long[],float[],android.graphics.Shader$TileMode)>",
					"source":"CALLER"
				},
				{
					"trace":[
						"<android.graphics.Paint: void setShadowLayer(float,float,float,int)>",
						"<android.graphics.Paint: void setShadowLayer(float,float,float,long)>",
						"<android.graphics.Color: android.graphics.ColorSpace colorSpace(long)>",
						"<android.graphics.ColorSpace: android.graphics.ColorSpace get(int)>"
					],
					"depth":3,
					"method":"<android.graphics.Paint: void setShadowLayer(float,float,float,int)>",
					"source":"CALLER"
				},
				{
					"trace":[
						"<android.widget.TextView: void setShadowLayer(float,float,float,int)>",
						"<android.graphics.Paint: void setShadowLayer(float,float,float,int)>",
						"<android.graphics.Paint: void setShadowLayer(float,float,float,long)>",
						"<android.graphics.Color: android.graphics.ColorSpace colorSpace(long)>",
						"<android.graphics.ColorSpace: android.graphics.ColorSpace get(int)>"
					],
					"depth":4,
					"method":"<android.widget.TextView: void setShadowLayer(float,float,float,int)>",
					"source":"CALLER"
				}
			],
			"callerOfSingnlar2SourceVar":{
				"<android.graphics.ColorSpace: android.graphics.ColorSpace get(int)>":"0"
			}
		},
		{
			"method":"<android.graphics.ColorSpace: float[] cctToXyz(int)>",
			"message":"\\QTemperature must be greater than 0\\E",
			"relatedVarType":"Parameter",
			"relatedCondType":"Basic",
			"modifier":"public",
			"type":"java.lang.IllegalArgumentException",
			"osVersionRelated":false,
			"resourceRelated":false,
			"assessRelated":false,
			"hardwareRelated":false,
			"manifestRelated":false,
			"conditions":"i0 >= 1",
			"paramValues":"@parameter0: int",
			"relatedValues":"@parameter0: int; ; ",
			"keyAPISameClassNum":0,
			"keyAPIDiffClassNum":0,
			"keyAPISameClass":[
				{
					"trace":[
						"<android.graphics.ColorSpace: float[] cctToXyz(int)>"
					],
					"depth":0,
					"method":"<android.graphics.ColorSpace: float[] cctToXyz(int)>",
					"source":"CALLER"
				}
			],
			"keyAPIDiffClass":[],
			"callerOfSingnlar2SourceVar":{
				"<android.graphics.ColorSpace: float[] cctToXyz(int)>":"0"
			}
		},
		{
			"method":"<android.graphics.ColorSpace: float[] cctToIlluminantdXyz(int)>",
			"message":"\\QTemperature must be greater than 0\\E",
			"relatedVarType":"Parameter",
			"relatedCondType":"Basic",
			"modifier":"public",
			"type":"java.lang.IllegalArgumentException",
			"osVersionRelated":false,
			"resourceRelated":false,
			"assessRelated":false,
			"hardwareRelated":false,
			"manifestRelated":false,
			"conditions":"i0 >= 1",
			"paramValues":"@parameter0: int",
			"relatedValues":"@parameter0: int; ; ",
			"keyAPISameClassNum":0,
			"keyAPIDiffClassNum":0,
			"keyAPISameClass":[
				{
					"trace":[
						"<android.graphics.ColorSpace: float[] cctToIlluminantdXyz(int)>"
					],
					"depth":0,
					"method":"<android.graphics.ColorSpace: float[] cctToIlluminantdXyz(int)>",
					"source":"CALLER"
				}
			],
			"keyAPIDiffClass":[],
			"callerOfSingnlar2SourceVar":{
				"<android.graphics.ColorSpace: float[] cctToIlluminantdXyz(int)>":"0"
			}
		},
		{
			"method":"<android.graphics.ColorSpace: long getNativeInstance()>",
			"message":"\\QcolorSpace must be an RGB color space\\E",
			"relatedVarType":"Empty",
			"relatedCondType":"Empty",
			"modifier":"default",
			"type":"java.lang.IllegalArgumentException",
			"osVersionRelated":false,
			"resourceRelated":false,
			"assessRelated":false,
			"hardwareRelated":false,
			"manifestRelated":false,
			"keyAPISameClassNum":0,
			"keyAPIDiffClassNum":0,
			"keyAPISameClass":[],
			"keyAPIDiffClass":[],
			"callerOfSingnlar2SourceVar":{}
		}
	]
}