{
	"exceptions":[
		{
			"method":"<android.app.trust.TrustManager: void setDeviceLockedForUser(int,boolean)>",
			"message":"[\\s\\S]*",
			"relatedVarType":"Unknown",
			"relatedCondType":"Empty",
			"modifier":"public",
			"type":"java.lang.RuntimeException",
			"osVersionRelated":false,
			"resourceRelated":false,
			"assessRelated":false,
			"hardwareRelated":false,
			"manifestRelated":false,
			"caughtValues":"@caughtexception",
			"relatedValues":"; ; @caughtexception",
			"keyAPISameClassNum":0,
			"keyAPIDiffClassNum":0,
			"keyAPISameClass":[],
			"keyAPIDiffClass":[],
			"callerOfSingnlar2SourceVar":{}
		},
		{
			"method":"<android.app.trust.TrustManager: void reportUnlockAttempt(boolean,int)>",
			"message":"[\\s\\S]*",
			"relatedVarType":"Unknown",
			"relatedCondType":"Empty",
			"modifier":"public",
			"type":"java.lang.RuntimeException",
			"osVersionRelated":false,
			"resourceRelated":false,
			"assessRelated":false,
			"hardwareRelated":false,
			"manifestRelated":false,
			"caughtValues":"@caughtexception",
			"relatedValues":"; ; @caughtexception",
			"keyAPISameClassNum":0,
			"keyAPIDiffClassNum":0,
			"keyAPISameClass":[],
			"keyAPIDiffClass":[],
			"callerOfSingnlar2SourceVar":{}
		},
		{
			"method":"<android.app.trust.TrustManager: void reportUnlockLockout(int,int)>",
			"message":"[\\s\\S]*",
			"relatedVarType":"Unknown",
			"relatedCondType":"Empty",
			"modifier":"public",
			"type":"java.lang.RuntimeException",
			"osVersionRelated":false,
			"resourceRelated":false,
			"assessRelated":false,
			"hardwareRelated":false,
			"manifestRelated":false,
			"caughtValues":"@caughtexception",
			"relatedValues":"; ; @caughtexception",
			"keyAPISameClassNum":0,
			"keyAPIDiffClassNum":0,
			"keyAPISameClass":[],
			"keyAPIDiffClass":[],
			"callerOfSingnlar2SourceVar":{}
		},
		{
			"method":"<android.app.trust.TrustManager: void reportEnabledTrustAgentsChanged(int)>",
			"message":"[\\s\\S]*",
			"relatedVarType":"Unknown",
			"relatedCondType":"Empty",
			"modifier":"public",
			"type":"java.lang.RuntimeException",
			"osVersionRelated":false,
			"resourceRelated":false,
			"assessRelated":false,
			"hardwareRelated":false,
			"manifestRelated":false,
			"caughtValues":"@caughtexception",
			"relatedValues":"; ; @caughtexception",
			"keyAPISameClassNum":0,
			"keyAPIDiffClassNum":0,
			"keyAPISameClass":[],
			"keyAPIDiffClass":[],
			"callerOfSingnlar2SourceVar":{}
		},
		{
			"method":"<android.app.trust.TrustManager: void reportKeyguardShowingChanged()>",
			"message":"[\\s\\S]*",
			"relatedVarType":"Unknown",
			"relatedCondType":"Empty",
			"modifier":"public",
			"type":"java.lang.RuntimeException",
			"osVersionRelated":false,
			"resourceRelated":false,
			"assessRelated":false,
			"hardwareRelated":false,
			"manifestRelated":false,
			"caughtValues":"@caughtexception",
			"relatedValues":"; ; @caughtexception",
			"keyAPISameClassNum":0,
			"keyAPIDiffClassNum":0,
			"keyAPISameClass":[],
			"keyAPIDiffClass":[],
			"callerOfSingnlar2SourceVar":{}
		},
		{
			"method":"<android.app.trust.TrustManager: void registerTrustListener(android.app.trust.TrustManager$TrustListener)>",
			"message":"[\\s\\S]*",
			"relatedVarType":"Unknown",
			"relatedCondType":"Empty",
			"modifier":"public",
			"type":"java.lang.RuntimeException",
			"osVersionRelated":false,
			"resourceRelated":false,
			"assessRelated":false,
			"hardwareRelated":false,
			"manifestRelated":false,
			"caughtValues":"@caughtexception",
			"relatedValues":"; ; @caughtexception",
			"keyAPISameClassNum":0,
			"keyAPIDiffClassNum":0,
			"keyAPISameClass":[],
			"keyAPIDiffClass":[],
			"callerOfSingnlar2SourceVar":{}
		},
		{
			"method":"<android.app.trust.TrustManager: void unregisterTrustListener(android.app.trust.TrustManager$TrustListener)>",
			"message":"[\\s\\S]*",
			"relatedVarType":"ParaAndField",
			"relatedCondType":"Basic",
			"modifier":"public",
			"type":"java.lang.RuntimeException",
			"osVersionRelated":false,
			"resourceRelated":false,
			"assessRelated":false,
			"hardwareRelated":false,
			"manifestRelated":false,
			"conditions":"r4 == null",
			"paramValues":"@parameter0: android.app.trust.TrustManager$TrustListener",
			"fieldValues":"<android.app.trust.TrustManager: android.util.ArrayMap mTrustListeners>",
			"caughtValues":"@caughtexception",
			"relatedValues":"@parameter0: android.app.trust.TrustManager$TrustListener; <android.app.trust.TrustManager: android.util.ArrayMap mTrustListeners>; @caughtexception",
			"keyAPISameClassNum":3,
			"keyAPIDiffClassNum":42,
			"keyAPISameClass":[
				{
					"trace":[
						"<android.app.trust.TrustManager: void unregisterTrustListener(android.app.trust.TrustManager$TrustListener)>"
					],
					"depth":1,
					"method":"<android.app.trust.TrustManager: void <init>(android.os.IBinder)>",
					"source":"FIELD"
				},
				{
					"trace":[
						"<android.app.trust.TrustManager: void unregisterTrustListener(android.app.trust.TrustManager$TrustListener)>"
					],
					"depth":1,
					"method":"<android.app.trust.TrustManager: void registerTrustListener(android.app.trust.TrustManager$TrustListener)>",
					"source":"FIELD"
				},
				{
					"trace":[
						"<android.app.trust.TrustManager: void unregisterTrustListener(android.app.trust.TrustManager$TrustListener)>"
					],
					"depth":1,
					"method":"<android.app.trust.TrustManager: void unregisterTrustListener(android.app.trust.TrustManager$TrustListener)>",
					"source":"FIELD"
				}
			],
			"keyAPIDiffClass":[
				{
					"trace":[
						"<android.app.SystemServiceRegistry$76: android.app.trust.TrustManager createService()>",
						"<android.app.trust.TrustManager: void <init>(android.os.IBinder)>",
						"key field: <android.app.trust.TrustManager: android.util.ArrayMap mTrustListeners>",
						"<android.app.trust.TrustManager: void unregisterTrustListener(android.app.trust.TrustManager$TrustListener)>"
					],
					"depth":2,
					"method":"<android.app.SystemServiceRegistry$76: android.app.trust.TrustManager createService()>",
					"source":"FIELDCALLER"
				},
				{
					"trace":[
						"<android.app.SystemServiceRegistry$76: java.lang.Object createService()>",
						"<android.app.SystemServiceRegistry$76: android.app.trust.TrustManager createService()>",
						"<android.app.trust.TrustManager: void <init>(android.os.IBinder)>",
						"key field: <android.app.trust.TrustManager: android.util.ArrayMap mTrustListeners>",
						"<android.app.trust.TrustManager: void unregisterTrustListener(android.app.trust.TrustManager$TrustListener)>"
					],
					"depth":3,
					"method":"<android.app.SystemServiceRegistry$76: java.lang.Object createService()>",
					"source":"FIELDCALLER"
				},
				{
					"trace":[
						"<android.app.SystemServiceRegistry$StaticServiceFetcher: java.lang.Object createService()>",
						"<android.app.SystemServiceRegistry$76: android.app.trust.TrustManager createService()>",
						"<android.app.trust.TrustManager: void <init>(android.os.IBinder)>",
						"key field: <android.app.trust.TrustManager: android.util.ArrayMap mTrustListeners>",
						"<android.app.trust.TrustManager: void unregisterTrustListener(android.app.trust.TrustManager$TrustListener)>"
					],
					"depth":3,
					"method":"<android.app.SystemServiceRegistry$StaticServiceFetcher: java.lang.Object createService()>",
					"source":"FIELDCALLER"
				},
				{
					"trace":[
						"<android.app.SystemServiceRegistry$StaticServiceFetcher: java.lang.Object getService(android.app.ContextImpl)>",
						"<android.app.SystemServiceRegistry$76: java.lang.Object createService()>",
						"<android.app.SystemServiceRegistry$76: android.app.trust.TrustManager createService()>",
						"<android.app.trust.TrustManager: void <init>(android.os.IBinder)>",
						"key field: <android.app.trust.TrustManager: android.util.ArrayMap mTrustListeners>",
						"<android.app.trust.TrustManager: void unregisterTrustListener(android.app.trust.TrustManager$TrustListener)>"
					],
					"depth":4,
					"method":"<android.app.SystemServiceRegistry$StaticServiceFetcher: java.lang.Object getService(android.app.ContextImpl)>",
					"source":"FIELDCALLER"
				},
				{
					"trace":[
						"<android.app.SystemServiceRegistry$ServiceFetcher: java.lang.Object getService(android.app.ContextImpl)>",
						"<android.app.SystemServiceRegistry$76: java.lang.Object createService()>",
						"<android.app.SystemServiceRegistry$76: android.app.trust.TrustManager createService()>",
						"<android.app.trust.TrustManager: void <init>(android.os.IBinder)>",
						"key field: <android.app.trust.TrustManager: android.util.ArrayMap mTrustListeners>",
						"<android.app.trust.TrustManager: void unregisterTrustListener(android.app.trust.TrustManager$TrustListener)>"
					],
					"depth":4,
					"method":"<android.app.SystemServiceRegistry$ServiceFetcher: java.lang.Object getService(android.app.ContextImpl)>",
					"source":"FIELDCALLER"
				},
				{
					"trace":[
						"<android.app.SystemServiceRegistry: java.lang.Object getSystemService(android.app.ContextImpl,java.lang.String)>",
						"<android.app.SystemServiceRegistry$StaticServiceFetcher: java.lang.Object getService(android.app.ContextImpl)>",
						"<android.app.SystemServiceRegistry$76: java.lang.Object createService()>",
						"<android.app.SystemServiceRegistry$76: android.app.trust.TrustManager createService()>",
						"<android.app.trust.TrustManager: void <init>(android.os.IBinder)>",
						"key field: <android.app.trust.TrustManager: android.util.ArrayMap mTrustListeners>",
						"<android.app.trust.TrustManager: void unregisterTrustListener(android.app.trust.TrustManager$TrustListener)>"
					],
					"depth":5,
					"method":"<android.app.SystemServiceRegistry: java.lang.Object getSystemService(android.app.ContextImpl,java.lang.String)>",
					"source":"FIELDCALLER"
				},
				{
					"trace":[
						"<android.app.ContextImpl: java.lang.Object getSystemService(java.lang.String)>",
						"<android.app.SystemServiceRegistry: java.lang.Object getSystemService(android.app.ContextImpl,java.lang.String)>",
						"<android.app.SystemServiceRegistry$StaticServiceFetcher: java.lang.Object getService(android.app.ContextImpl)>",
						"<android.app.SystemServiceRegistry$76: java.lang.Object createService()>",
						"<android.app.SystemServiceRegistry$76: android.app.trust.TrustManager createService()>",
						"<android.app.trust.TrustManager: void <init>(android.os.IBinder)>",
						"key field: <android.app.trust.TrustManager: android.util.ArrayMap mTrustListeners>",
						"<android.app.trust.TrustManager: void unregisterTrustListener(android.app.trust.TrustManager$TrustListener)>"
					],
					"depth":6,
					"method":"<android.app.ContextImpl: java.lang.Object getSystemService(java.lang.String)>",
					"source":"FIELDCALLER"
				},
				{
					"trace":[
						"<android.content.Context: java.lang.Object getSystemService(java.lang.String)>",
						"<android.app.SystemServiceRegistry: java.lang.Object getSystemService(android.app.ContextImpl,java.lang.String)>",
						"<android.app.SystemServiceRegistry$StaticServiceFetcher: java.lang.Object getService(android.app.ContextImpl)>",
						"<android.app.SystemServiceRegistry$76: java.lang.Object createService()>",
						"<android.app.SystemServiceRegistry$76: android.app.trust.TrustManager createService()>",
						"<android.app.trust.TrustManager: void <init>(android.os.IBinder)>",
						"key field: <android.app.trust.TrustManager: android.util.ArrayMap mTrustListeners>",
						"<android.app.trust.TrustManager: void unregisterTrustListener(android.app.trust.TrustManager$TrustListener)>"
					],
					"depth":6,
					"method":"<android.content.Context: java.lang.Object getSystemService(java.lang.String)>",
					"source":"FIELDCALLER"
				},
				{
					"trace":[
						"<android.app.Dialog: boolean onSearchRequested()>",
						"<android.app.ContextImpl: java.lang.Object getSystemService(java.lang.String)>",
						"<android.app.SystemServiceRegistry: java.lang.Object getSystemService(android.app.ContextImpl,java.lang.String)>",
						"<android.app.SystemServiceRegistry$StaticServiceFetcher: java.lang.Object getService(android.app.ContextImpl)>",
						"<android.app.SystemServiceRegistry$76: java.lang.Object createService()>",
						"<android.app.SystemServiceRegistry$76: android.app.trust.TrustManager createService()>",
						"<android.app.trust.TrustManager: void <init>(android.os.IBinder)>",
						"key field: <android.app.trust.TrustManager: android.util.ArrayMap mTrustListeners>",
						"<android.app.trust.TrustManager: void unregisterTrustListener(android.app.trust.TrustManager$TrustListener)>"
					],
					"depth":7,
					"method":"<android.app.Dialog: boolean onSearchRequested()>",
					"source":"FIELDCALLER"
				},
				{
					"trace":[
						"<android.view.Window$Callback: boolean onSearchRequested()>",
						"<android.app.ContextImpl: java.lang.Object getSystemService(java.lang.String)>",
						"<android.app.SystemServiceRegistry: java.lang.Object getSystemService(android.app.ContextImpl,java.lang.String)>",
						"<android.app.SystemServiceRegistry$StaticServiceFetcher: java.lang.Object getService(android.app.ContextImpl)>",
						"<android.app.SystemServiceRegistry$76: java.lang.Object createService()>",
						"<android.app.SystemServiceRegistry$76: android.app.trust.TrustManager createService()>",
						"<android.app.trust.TrustManager: void <init>(android.os.IBinder)>",
						"key field: <android.app.trust.TrustManager: android.util.ArrayMap mTrustListeners>",
						"<android.app.trust.TrustManager: void unregisterTrustListener(android.app.trust.TrustManager$TrustListener)>"
					],
					"depth":7,
					"method":"<android.view.Window$Callback: boolean onSearchRequested()>",
					"source":"FIELDCALLER"
				},
				{
					"trace":[
						"<android.view.Window$Callback: boolean onSearchRequested(android.view.SearchEvent)>",
						"<android.app.ContextImpl: java.lang.Object getSystemService(java.lang.String)>",
						"<android.app.SystemServiceRegistry: java.lang.Object getSystemService(android.app.ContextImpl,java.lang.String)>",
						"<android.app.SystemServiceRegistry$StaticServiceFetcher: java.lang.Object getService(android.app.ContextImpl)>",
						"<android.app.SystemServiceRegistry$76: java.lang.Object createService()>",
						"<android.app.SystemServiceRegistry$76: android.app.trust.TrustManager createService()>",
						"<android.app.trust.TrustManager: void <init>(android.os.IBinder)>",
						"key field: <android.app.trust.TrustManager: android.util.ArrayMap mTrustListeners>",
						"<android.app.trust.TrustManager: void unregisterTrustListener(android.app.trust.TrustManager$TrustListener)>"
					],
					"depth":7,
					"method":"<android.view.Window$Callback: boolean onSearchRequested(android.view.SearchEvent)>",
					"source":"FIELDCALLER"
				},
				{
					"trace":[
						"<android.app.MediaRouteButton: void <init>(android.content.Context,android.util.AttributeSet,int,int)>",
						"<android.app.ContextImpl: java.lang.Object getSystemService(java.lang.String)>",
						"<android.app.SystemServiceRegistry: java.lang.Object getSystemService(android.app.ContextImpl,java.lang.String)>",
						"<android.app.SystemServiceRegistry$StaticServiceFetcher: java.lang.Object getService(android.app.ContextImpl)>",
						"<android.app.SystemServiceRegistry$76: java.lang.Object createService()>",
						"<android.app.SystemServiceRegistry$76: android.app.trust.TrustManager createService()>",
						"<android.app.trust.TrustManager: void <init>(android.os.IBinder)>",
						"key field: <android.app.trust.TrustManager: android.util.ArrayMap mTrustListeners>",
						"<android.app.trust.TrustManager: void unregisterTrustListener(android.app.trust.TrustManager$TrustListener)>"
					],
					"depth":7,
					"method":"<android.app.MediaRouteButton: void <init>(android.content.Context,android.util.AttributeSet,int,int)>",
					"source":"FIELDCALLER"
				},
				{
					"trace":[
						"<android.app.FragmentHostCallback: android.view.LayoutInflater onGetLayoutInflater()>",
						"<android.app.ContextImpl: java.lang.Object getSystemService(java.lang.String)>",
						"<android.app.SystemServiceRegistry: java.lang.Object getSystemService(android.app.ContextImpl,java.lang.String)>",
						"<android.app.SystemServiceRegistry$StaticServiceFetcher: java.lang.Object getService(android.app.ContextImpl)>",
						"<android.app.SystemServiceRegistry$76: java.lang.Object createService()>",
						"<android.app.SystemServiceRegistry$76: android.app.trust.TrustManager createService()>",
						"<android.app.trust.TrustManager: void <init>(android.os.IBinder)>",
						"key field: <android.app.trust.TrustManager: android.util.ArrayMap mTrustListeners>",
						"<android.app.trust.TrustManager: void unregisterTrustListener(android.app.trust.TrustManager$TrustListener)>"
					],
					"depth":7,
					"method":"<android.app.FragmentHostCallback: android.view.LayoutInflater onGetLayoutInflater()>",
					"source":"FIELDCALLER"
				},
				{
					"trace":[
						"<android.app.backup.WallpaperBackupHelper: void <init>(android.content.Context,java.lang.String[])>",
						"<android.app.ContextImpl: java.lang.Object getSystemService(java.lang.String)>",
						"<android.app.SystemServiceRegistry: java.lang.Object getSystemService(android.app.ContextImpl,java.lang.String)>",
						"<android.app.SystemServiceRegistry$StaticServiceFetcher: java.lang.Object getService(android.app.ContextImpl)>",
						"<android.app.SystemServiceRegistry$76: java.lang.Object createService()>",
						"<android.app.SystemServiceRegistry$76: android.app.trust.TrustManager createService()>",
						"<android.app.trust.TrustManager: void <init>(android.os.IBinder)>",
						"key field: <android.app.trust.TrustManager: android.util.ArrayMap mTrustListeners>",
						"<android.app.trust.TrustManager: void unregisterTrustListener(android.app.trust.TrustManager$TrustListener)>"
					],
					"depth":7,
					"method":"<android.app.backup.WallpaperBackupHelper: void <init>(android.content.Context,java.lang.String[])>",
					"source":"FIELDCALLER"
				},
				{
					"trace":[
						"<android.app.DialogFragment: android.view.LayoutInflater onGetLayoutInflater(android.os.Bundle)>",
						"<android.app.ContextImpl: java.lang.Object getSystemService(java.lang.String)>",
						"<android.app.SystemServiceRegistry: java.lang.Object getSystemService(android.app.ContextImpl,java.lang.String)>",
						"<android.app.SystemServiceRegistry$StaticServiceFetcher: java.lang.Object getService(android.app.ContextImpl)>",
						"<android.app.SystemServiceRegistry$76: java.lang.Object createService()>",
						"<android.app.SystemServiceRegistry$76: android.app.trust.TrustManager createService()>",
						"<android.app.trust.TrustManager: void <init>(android.os.IBinder)>",
						"key field: <android.app.trust.TrustManager: android.util.ArrayMap mTrustListeners>",
						"<android.app.trust.TrustManager: void unregisterTrustListener(android.app.trust.TrustManager$TrustListener)>"
					],
					"depth":7,
					"method":"<android.app.DialogFragment: android.view.LayoutInflater onGetLayoutInflater(android.os.Bundle)>",
					"source":"FIELDCALLER"
				},
				{
					"trace":[
						"<android.content.Context: java.lang.Object getSystemService(java.lang.Class)>",
						"<android.app.ContextImpl: java.lang.Object getSystemService(java.lang.String)>",
						"<android.app.SystemServiceRegistry: java.lang.Object getSystemService(android.app.ContextImpl,java.lang.String)>",
						"<android.app.SystemServiceRegistry$StaticServiceFetcher: java.lang.Object getService(android.app.ContextImpl)>",
						"<android.app.SystemServiceRegistry$76: java.lang.Object createService()>",
						"<android.app.SystemServiceRegistry$76: android.app.trust.TrustManager createService()>",
						"<android.app.trust.TrustManager: void <init>(android.os.IBinder)>",
						"key field: <android.app.trust.TrustManager: android.util.ArrayMap mTrustListeners>",
						"<android.app.trust.TrustManager: void unregisterTrustListener(android.app.trust.TrustManager$TrustListener)>"
					],
					"depth":7,
					"method":"<android.content.Context: java.lang.Object getSystemService(java.lang.Class)>",
					"source":"FIELDCALLER"
				},
				{
					"trace":[
						"<android.view.ContextThemeWrapper: java.lang.Object getSystemService(java.lang.String)>",
						"<android.app.ContextImpl: java.lang.Object getSystemService(java.lang.String)>",
						"<android.app.SystemServiceRegistry: java.lang.Object getSystemService(android.app.ContextImpl,java.lang.String)>",
						"<android.app.SystemServiceRegistry$StaticServiceFetcher: java.lang.Object getService(android.app.ContextImpl)>",
						"<android.app.SystemServiceRegistry$76: java.lang.Object createService()>",
						"<android.app.SystemServiceRegistry$76: android.app.trust.TrustManager createService()>",
						"<android.app.trust.TrustManager: void <init>(android.os.IBinder)>",
						"key field: <android.app.trust.TrustManager: android.util.ArrayMap mTrustListeners>",
						"<android.app.trust.TrustManager: void unregisterTrustListener(android.app.trust.TrustManager$TrustListener)>"
					],
					"depth":7,
					"method":"<android.view.ContextThemeWrapper: java.lang.Object getSystemService(java.lang.String)>",
					"source":"FIELDCALLER"
				},
				{
					"trace":[
						"<android.view.WindowCallbackWrapper: boolean onSearchRequested()>",
						"<android.app.Dialog: boolean onSearchRequested()>",
						"<android.app.ContextImpl: java.lang.Object getSystemService(java.lang.String)>",
						"<android.app.SystemServiceRegistry: java.lang.Object getSystemService(android.app.ContextImpl,java.lang.String)>",
						"<android.app.SystemServiceRegistry$StaticServiceFetcher: java.lang.Object getService(android.app.ContextImpl)>",
						"<android.app.SystemServiceRegistry$76: java.lang.Object createService()>",
						"<android.app.SystemServiceRegistry$76: android.app.trust.TrustManager createService()>",
						"<android.app.trust.TrustManager: void <init>(android.os.IBinder)>",
						"key field: <android.app.trust.TrustManager: android.util.ArrayMap mTrustListeners>",
						"<android.app.trust.TrustManager: void unregisterTrustListener(android.app.trust.TrustManager$TrustListener)>"
					],
					"depth":8,
					"method":"<android.view.WindowCallbackWrapper: boolean onSearchRequested()>",
					"source":"FIELDCALLER"
				},
				{
					"trace":[
						"<android.app.Dialog: boolean onSearchRequested(android.view.SearchEvent)>",
						"<android.app.Dialog: boolean onSearchRequested()>",
						"<android.app.ContextImpl: java.lang.Object getSystemService(java.lang.String)>",
						"<android.app.SystemServiceRegistry: java.lang.Object getSystemService(android.app.ContextImpl,java.lang.String)>",
						"<android.app.SystemServiceRegistry$StaticServiceFetcher: java.lang.Object getService(android.app.ContextImpl)>",
						"<android.app.SystemServiceRegistry$76: java.lang.Object createService()>",
						"<android.app.SystemServiceRegistry$76: android.app.trust.TrustManager createService()>",
						"<android.app.trust.TrustManager: void <init>(android.os.IBinder)>",
						"key field: <android.app.trust.TrustManager: android.util.ArrayMap mTrustListeners>",
						"<android.app.trust.TrustManager: void unregisterTrustListener(android.app.trust.TrustManager$TrustListener)>"
					],
					"depth":8,
					"method":"<android.app.Dialog: boolean onSearchRequested(android.view.SearchEvent)>",
					"source":"FIELDCALLER"
				},
				{
					"trace":[
						"<android.app.Instrumentation: android.app.Activity newActivity(java.lang.Class,android.content.Context,android.os.IBinder,android.app.Application,android.content.Intent,android.content.pm.ActivityInfo,java.lang.CharSequence,android.app.Activity,java.lang.String,java.lang.Object)>",
						"<android.app.Activity: void attach(android.content.Context,android.app.ActivityThread,android.app.Instrumentation,android.os.IBinder,int,android.app.Application,android.content.Intent,android.content.pm.ActivityInfo,java.lang.CharSequence,android.app.Activity,java.lang.String,android.app.Activity$NonConfigurationInstances,android.content.res.Configuration,java.lang.String,com.android.internal.app.IVoiceInteractor,android.view.Window,android.view.ViewRootImpl$ActivityConfigCallback,android.os.IBinder)>",
						"<android.app.ContextImpl: java.lang.Object getSystemService(java.lang.String)>",
						"<android.app.SystemServiceRegistry: java.lang.Object getSystemService(android.app.ContextImpl,java.lang.String)>",
						"<android.app.SystemServiceRegistry$StaticServiceFetcher: java.lang.Object getService(android.app.ContextImpl)>",
						"<android.app.SystemServiceRegistry$76: java.lang.Object createService()>",
						"<android.app.SystemServiceRegistry$76: android.app.trust.TrustManager createService()>",
						"<android.app.trust.TrustManager: void <init>(android.os.IBinder)>",
						"key field: <android.app.trust.TrustManager: android.util.ArrayMap mTrustListeners>",
						"<android.app.trust.TrustManager: void unregisterTrustListener(android.app.trust.TrustManager$TrustListener)>"
					],
					"depth":8,
					"method":"<android.app.Instrumentation: android.app.Activity newActivity(java.lang.Class,android.content.Context,android.os.IBinder,android.app.Application,android.content.Intent,android.content.pm.ActivityInfo,java.lang.CharSequence,android.app.Activity,java.lang.String,java.lang.Object)>",
					"source":"FIELDCALLER"
				},
				{
					"trace":[
						"<android.app.MediaRouteButton: void <init>(android.content.Context,android.util.AttributeSet,int)>",
						"<android.app.MediaRouteButton: void <init>(android.content.Context,android.util.AttributeSet,int,int)>",
						"<android.app.ContextImpl: java.lang.Object getSystemService(java.lang.String)>",
						"<android.app.SystemServiceRegistry: java.lang.Object getSystemService(android.app.ContextImpl,java.lang.String)>",
						"<android.app.SystemServiceRegistry$StaticServiceFetcher: java.lang.Object getService(android.app.ContextImpl)>",
						"<android.app.SystemServiceRegistry$76: java.lang.Object createService()>",
						"<android.app.SystemServiceRegistry$76: android.app.trust.TrustManager createService()>",
						"<android.app.trust.TrustManager: void <init>(android.os.IBinder)>",
						"key field: <android.app.trust.TrustManager: android.util.ArrayMap mTrustListeners>",
						"<android.app.trust.TrustManager: void unregisterTrustListener(android.app.trust.TrustManager$TrustListener)>"
					],
					"depth":8,
					"method":"<android.app.MediaRouteButton: void <init>(android.content.Context,android.util.AttributeSet,int)>",
					"source":"FIELDCALLER"
				},
				{
					"trace":[
						"<android.app.Fragment: android.view.LayoutInflater onGetLayoutInflater(android.os.Bundle)>",
						"<android.app.FragmentHostCallback: android.view.LayoutInflater onGetLayoutInflater()>",
						"<android.app.ContextImpl: java.lang.Object getSystemService(java.lang.String)>",
						"<android.app.SystemServiceRegistry: java.lang.Object getSystemService(android.app.ContextImpl,java.lang.String)>",
						"<android.app.SystemServiceRegistry$StaticServiceFetcher: java.lang.Object getService(android.app.ContextImpl)>",
						"<android.app.SystemServiceRegistry$76: java.lang.Object createService()>",
						"<android.app.SystemServiceRegistry$76: android.app.trust.TrustManager createService()>",
						"<android.app.trust.TrustManager: void <init>(android.os.IBinder)>",
						"key field: <android.app.trust.TrustManager: android.util.ArrayMap mTrustListeners>",
						"<android.app.trust.TrustManager: void unregisterTrustListener(android.app.trust.TrustManager$TrustListener)>"
					],
					"depth":8,
					"method":"<android.app.Fragment: android.view.LayoutInflater onGetLayoutInflater(android.os.Bundle)>",
					"source":"FIELDCALLER"
				},
				{
					"trace":[
						"<android.app.backup.BackupAgent: void onRestore(android.app.backup.BackupDataInput,int,android.os.ParcelFileDescriptor)>",
						"<android.app.backup.WallpaperBackupHelper: void <init>(android.content.Context,java.lang.String[])>",
						"<android.app.ContextImpl: java.lang.Object getSystemService(java.lang.String)>",
						"<android.app.SystemServiceRegistry: java.lang.Object getSystemService(android.app.ContextImpl,java.lang.String)>",
						"<android.app.SystemServiceRegistry$StaticServiceFetcher: java.lang.Object getService(android.app.ContextImpl)>",
						"<android.app.SystemServiceRegistry$76: java.lang.Object createService()>",
						"<android.app.SystemServiceRegistry$76: android.app.trust.TrustManager createService()>",
						"<android.app.trust.TrustManager: void <init>(android.os.IBinder)>",
						"key field: <android.app.trust.TrustManager: android.util.ArrayMap mTrustListeners>",
						"<android.app.trust.TrustManager: void unregisterTrustListener(android.app.trust.TrustManager$TrustListener)>"
					],
					"depth":8,
					"method":"<android.app.backup.BackupAgent: void onRestore(android.app.backup.BackupDataInput,int,android.os.ParcelFileDescriptor)>",
					"source":"FIELDCALLER"
				},
				{
					"trace":[
						"<android.app.Dialog: void <init>(android.content.Context)>",
						"<android.app.Dialog: void <init>(android.content.Context,int,boolean)>",
						"<android.app.ContextImpl: java.lang.Object getSystemService(java.lang.String)>",
						"<android.app.SystemServiceRegistry: java.lang.Object getSystemService(android.app.ContextImpl,java.lang.String)>",
						"<android.app.SystemServiceRegistry$StaticServiceFetcher: java.lang.Object getService(android.app.ContextImpl)>",
						"<android.app.SystemServiceRegistry$76: java.lang.Object createService()>",
						"<android.app.SystemServiceRegistry$76: android.app.trust.TrustManager createService()>",
						"<android.app.trust.TrustManager: void <init>(android.os.IBinder)>",
						"key field: <android.app.trust.TrustManager: android.util.ArrayMap mTrustListeners>",
						"<android.app.trust.TrustManager: void unregisterTrustListener(android.app.trust.TrustManager$TrustListener)>"
					],
					"depth":8,
					"method":"<android.app.Dialog: void <init>(android.content.Context)>",
					"source":"FIELDCALLER"
				},
				{
					"trace":[
						"<android.app.Presentation: void <init>(android.content.Context,android.view.Display,int)>",
						"<android.app.Dialog: void <init>(android.content.Context,int,boolean)>",
						"<android.app.ContextImpl: java.lang.Object getSystemService(java.lang.String)>",
						"<android.app.SystemServiceRegistry: java.lang.Object getSystemService(android.app.ContextImpl,java.lang.String)>",
						"<android.app.SystemServiceRegistry$StaticServiceFetcher: java.lang.Object getService(android.app.ContextImpl)>",
						"<android.app.SystemServiceRegistry$76: java.lang.Object createService()>",
						"<android.app.SystemServiceRegistry$76: android.app.trust.TrustManager createService()>",
						"<android.app.trust.TrustManager: void <init>(android.os.IBinder)>",
						"key field: <android.app.trust.TrustManager: android.util.ArrayMap mTrustListeners>",
						"<android.app.trust.TrustManager: void unregisterTrustListener(android.app.trust.TrustManager$TrustListener)>"
					],
					"depth":8,
					"method":"<android.app.Presentation: void <init>(android.content.Context,android.view.Display,int)>",
					"source":"FIELDCALLER"
				},
				{
					"trace":[
						"<android.app.Dialog: void <init>(android.content.Context,int)>",
						"<android.app.Dialog: void <init>(android.content.Context,int,boolean)>",
						"<android.app.ContextImpl: java.lang.Object getSystemService(java.lang.String)>",
						"<android.app.SystemServiceRegistry: java.lang.Object getSystemService(android.app.ContextImpl,java.lang.String)>",
						"<android.app.SystemServiceRegistry$StaticServiceFetcher: java.lang.Object getService(android.app.ContextImpl)>",
						"<android.app.SystemServiceRegistry$76: java.lang.Object createService()>",
						"<android.app.SystemServiceRegistry$76: android.app.trust.TrustManager createService()>",
						"<android.app.trust.TrustManager: void <init>(android.os.IBinder)>",
						"key field: <android.app.trust.TrustManager: android.util.ArrayMap mTrustListeners>",
						"<android.app.trust.TrustManager: void unregisterTrustListener(android.app.trust.TrustManager$TrustListener)>"
					],
					"depth":8,
					"method":"<android.app.Dialog: void <init>(android.content.Context,int)>",
					"source":"FIELDCALLER"
				},
				{
					"trace":[
						"<android.app.backup.FullBackup: android.app.backup.FullBackup$BackupScheme getBackupSchemeForTest(android.content.Context)>",
						"<android.app.backup.FullBackup$BackupScheme: void <init>(android.content.Context)>",
						"<android.app.ContextImpl: java.lang.Object getSystemService(java.lang.String)>",
						"<android.app.SystemServiceRegistry: java.lang.Object getSystemService(android.app.ContextImpl,java.lang.String)>",
						"<android.app.SystemServiceRegistry$StaticServiceFetcher: java.lang.Object getService(android.app.ContextImpl)>",
						"<android.app.SystemServiceRegistry$76: java.lang.Object createService()>",
						"<android.app.SystemServiceRegistry$76: android.app.trust.TrustManager createService()>",
						"<android.app.trust.TrustManager: void <init>(android.os.IBinder)>",
						"key field: <android.app.trust.TrustManager: android.util.ArrayMap mTrustListeners>",
						"<android.app.trust.TrustManager: void unregisterTrustListener(android.app.trust.TrustManager$TrustListener)>"
					],
					"depth":8,
					"method":"<android.app.backup.FullBackup: android.app.backup.FullBackup$BackupScheme getBackupSchemeForTest(android.content.Context)>",
					"source":"FIELDCALLER"
				},
				{
					"trace":[
						"<android.app.ApplicationPackageManager: java.util.List getPrimaryStorageCandidateVolumes()>",
						"<android.content.Context: java.lang.Object getSystemService(java.lang.Class)>",
						"<android.app.ContextImpl: java.lang.Object getSystemService(java.lang.String)>",
						"<android.app.SystemServiceRegistry: java.lang.Object getSystemService(android.app.ContextImpl,java.lang.String)>",
						"<android.app.SystemServiceRegistry$StaticServiceFetcher: java.lang.Object getService(android.app.ContextImpl)>",
						"<android.app.SystemServiceRegistry$76: java.lang.Object createService()>",
						"<android.app.SystemServiceRegistry$76: android.app.trust.TrustManager createService()>",
						"<android.app.trust.TrustManager: void <init>(android.os.IBinder)>",
						"key field: <android.app.trust.TrustManager: android.util.ArrayMap mTrustListeners>",
						"<android.app.trust.TrustManager: void unregisterTrustListener(android.app.trust.TrustManager$TrustListener)>"
					],
					"depth":8,
					"method":"<android.app.ApplicationPackageManager: java.util.List getPrimaryStorageCandidateVolumes()>",
					"source":"FIELDCALLER"
				},
				{
					"trace":[
						"<android.app.ApplicationPackageManager: android.os.storage.VolumeInfo getPrimaryStorageCurrentVolume()>",
						"<android.content.Context: java.lang.Object getSystemService(java.lang.Class)>",
						"<android.app.ContextImpl: java.lang.Object getSystemService(java.lang.String)>",
						"<android.app.SystemServiceRegistry: java.lang.Object getSystemService(android.app.ContextImpl,java.lang.String)>",
						"<android.app.SystemServiceRegistry$StaticServiceFetcher: java.lang.Object getService(android.app.ContextImpl)>",
						"<android.app.SystemServiceRegistry$76: java.lang.Object createService()>",
						"<android.app.SystemServiceRegistry$76: android.app.trust.TrustManager createService()>",
						"<android.app.trust.TrustManager: void <init>(android.os.IBinder)>",
						"key field: <android.app.trust.TrustManager: android.util.ArrayMap mTrustListeners>",
						"<android.app.trust.TrustManager: void unregisterTrustListener(android.app.trust.TrustManager$TrustListener)>"
					],
					"depth":8,
					"method":"<android.app.ApplicationPackageManager: android.os.storage.VolumeInfo getPrimaryStorageCurrentVolume()>",
					"source":"FIELDCALLER"
				},
				{
					"trace":[
						"<android.app.ApplicationPackageManager: java.util.List getPackageCandidateVolumes(android.content.pm.ApplicationInfo)>",
						"<android.content.Context: java.lang.Object getSystemService(java.lang.Class)>",
						"<android.app.ContextImpl: java.lang.Object getSystemService(java.lang.String)>",
						"<android.app.SystemServiceRegistry: java.lang.Object getSystemService(android.app.ContextImpl,java.lang.String)>",
						"<android.app.SystemServiceRegistry$StaticServiceFetcher: java.lang.Object getService(android.app.ContextImpl)>",
						"<android.app.SystemServiceRegistry$76: java.lang.Object createService()>",
						"<android.app.SystemServiceRegistry$76: android.app.trust.TrustManager createService()>",
						"<android.app.trust.TrustManager: void <init>(android.os.IBinder)>",
						"key field: <android.app.trust.TrustManager: android.util.ArrayMap mTrustListeners>",
						"<android.app.trust.TrustManager: void unregisterTrustListener(android.app.trust.TrustManager$TrustListener)>"
					],
					"depth":8,
					"method":"<android.app.ApplicationPackageManager: java.util.List getPackageCandidateVolumes(android.content.pm.ApplicationInfo)>",
					"source":"FIELDCALLER"
				},
				{
					"trace":[
						"<android.app.ApplicationPackageManager: android.os.storage.VolumeInfo getPackageCurrentVolume(android.content.pm.ApplicationInfo)>",
						"<android.content.Context: java.lang.Object getSystemService(java.lang.Class)>",
						"<android.app.ContextImpl: java.lang.Object getSystemService(java.lang.String)>",
						"<android.app.SystemServiceRegistry: java.lang.Object getSystemService(android.app.ContextImpl,java.lang.String)>",
						"<android.app.SystemServiceRegistry$StaticServiceFetcher: java.lang.Object getService(android.app.ContextImpl)>",
						"<android.app.SystemServiceRegistry$76: java.lang.Object createService()>",
						"<android.app.SystemServiceRegistry$76: android.app.trust.TrustManager createService()>",
						"<android.app.trust.TrustManager: void <init>(android.os.IBinder)>",
						"key field: <android.app.trust.TrustManager: android.util.ArrayMap mTrustListeners>",
						"<android.app.trust.TrustManager: void unregisterTrustListener(android.app.trust.TrustManager$TrustListener)>"
					],
					"depth":8,
					"method":"<android.app.ApplicationPackageManager: android.os.storage.VolumeInfo getPackageCurrentVolume(android.content.pm.ApplicationInfo)>",
					"source":"FIELDCALLER"
				},
				{
					"trace":[
						"<android.app.RecoverableSecurityException: void showAsNotification(android.content.Context,java.lang.String)>",
						"<android.content.Context: java.lang.Object getSystemService(java.lang.Class)>",
						"<android.app.ContextImpl: java.lang.Object getSystemService(java.lang.String)>",
						"<android.app.SystemServiceRegistry: java.lang.Object getSystemService(android.app.ContextImpl,java.lang.String)>",
						"<android.app.SystemServiceRegistry$StaticServiceFetcher: java.lang.Object getService(android.app.ContextImpl)>",
						"<android.app.SystemServiceRegistry$76: java.lang.Object createService()>",
						"<android.app.SystemServiceRegistry$76: android.app.trust.TrustManager createService()>",
						"<android.app.trust.TrustManager: void <init>(android.os.IBinder)>",
						"key field: <android.app.trust.TrustManager: android.util.ArrayMap mTrustListeners>",
						"<android.app.trust.TrustManager: void unregisterTrustListener(android.app.trust.TrustManager$TrustListener)>"
					],
					"depth":8,
					"method":"<android.app.RecoverableSecurityException: void showAsNotification(android.content.Context,java.lang.String)>",
					"source":"FIELDCALLER"
				},
				{
					"trace":[
						"<android.app.slice.SliceProvider: void attachInfo(android.content.Context,android.content.pm.ProviderInfo)>",
						"<android.content.Context: java.lang.Object getSystemService(java.lang.Class)>",
						"<android.app.ContextImpl: java.lang.Object getSystemService(java.lang.String)>",
						"<android.app.SystemServiceRegistry: java.lang.Object getSystemService(android.app.ContextImpl,java.lang.String)>",
						"<android.app.SystemServiceRegistry$StaticServiceFetcher: java.lang.Object getService(android.app.ContextImpl)>",
						"<android.app.SystemServiceRegistry$76: java.lang.Object createService()>",
						"<android.app.SystemServiceRegistry$76: android.app.trust.TrustManager createService()>",
						"<android.app.trust.TrustManager: void <init>(android.os.IBinder)>",
						"key field: <android.app.trust.TrustManager: android.util.ArrayMap mTrustListeners>",
						"<android.app.trust.TrustManager: void unregisterTrustListener(android.app.trust.TrustManager$TrustListener)>"
					],
					"depth":8,
					"method":"<android.app.slice.SliceProvider: void attachInfo(android.content.Context,android.content.pm.ProviderInfo)>",
					"source":"FIELDCALLER"
				},
				{
					"trace":[
						"<android.app.SearchManager: void startSearch(java.lang.String,boolean,android.content.ComponentName,android.os.Bundle,boolean,android.graphics.Rect)>",
						"<android.content.Context: java.lang.Object getSystemService(java.lang.Class)>",
						"<android.app.ContextImpl: java.lang.Object getSystemService(java.lang.String)>",
						"<android.app.SystemServiceRegistry: java.lang.Object getSystemService(android.app.ContextImpl,java.lang.String)>",
						"<android.app.SystemServiceRegistry$StaticServiceFetcher: java.lang.Object getService(android.app.ContextImpl)>",
						"<android.app.SystemServiceRegistry$76: java.lang.Object createService()>",
						"<android.app.SystemServiceRegistry$76: android.app.trust.TrustManager createService()>",
						"<android.app.trust.TrustManager: void <init>(android.os.IBinder)>",
						"key field: <android.app.trust.TrustManager: android.util.ArrayMap mTrustListeners>",
						"<android.app.trust.TrustManager: void unregisterTrustListener(android.app.trust.TrustManager$TrustListener)>"
					],
					"depth":8,
					"method":"<android.app.SearchManager: void startSearch(java.lang.String,boolean,android.content.ComponentName,android.os.Bundle,boolean,android.graphics.Rect)>",
					"source":"FIELDCALLER"
				},
				{
					"trace":[
						"<android.app.SearchDialog: void onBackPressed()>",
						"<android.content.Context: java.lang.Object getSystemService(java.lang.Class)>",
						"<android.app.ContextImpl: java.lang.Object getSystemService(java.lang.String)>",
						"<android.app.SystemServiceRegistry: java.lang.Object getSystemService(android.app.ContextImpl,java.lang.String)>",
						"<android.app.SystemServiceRegistry$StaticServiceFetcher: java.lang.Object getService(android.app.ContextImpl)>",
						"<android.app.SystemServiceRegistry$76: java.lang.Object createService()>",
						"<android.app.SystemServiceRegistry$76: android.app.trust.TrustManager createService()>",
						"<android.app.trust.TrustManager: void <init>(android.os.IBinder)>",
						"key field: <android.app.trust.TrustManager: android.util.ArrayMap mTrustListeners>",
						"<android.app.trust.TrustManager: void unregisterTrustListener(android.app.trust.TrustManager$TrustListener)>"
					],
					"depth":8,
					"method":"<android.app.SearchDialog: void onBackPressed()>",
					"source":"FIELDCALLER"
				},
				{
					"trace":[
						"<android.app.SearchDialog: void hide()>",
						"<android.content.Context: java.lang.Object getSystemService(java.lang.Class)>",
						"<android.app.ContextImpl: java.lang.Object getSystemService(java.lang.String)>",
						"<android.app.SystemServiceRegistry: java.lang.Object getSystemService(android.app.ContextImpl,java.lang.String)>",
						"<android.app.SystemServiceRegistry$StaticServiceFetcher: java.lang.Object getService(android.app.ContextImpl)>",
						"<android.app.SystemServiceRegistry$76: java.lang.Object createService()>",
						"<android.app.SystemServiceRegistry$76: android.app.trust.TrustManager createService()>",
						"<android.app.trust.TrustManager: void <init>(android.os.IBinder)>",
						"key field: <android.app.trust.TrustManager: android.util.ArrayMap mTrustListeners>",
						"<android.app.trust.TrustManager: void unregisterTrustListener(android.app.trust.TrustManager$TrustListener)>"
					],
					"depth":8,
					"method":"<android.app.SearchDialog: void hide()>",
					"source":"FIELDCALLER"
				},
				{
					"trace":[
						"<android.app.ContextImpl: android.content.SharedPreferences getSharedPreferences(java.io.File,int)>",
						"<android.content.Context: java.lang.Object getSystemService(java.lang.Class)>",
						"<android.app.ContextImpl: java.lang.Object getSystemService(java.lang.String)>",
						"<android.app.SystemServiceRegistry: java.lang.Object getSystemService(android.app.ContextImpl,java.lang.String)>",
						"<android.app.SystemServiceRegistry$StaticServiceFetcher: java.lang.Object getService(android.app.ContextImpl)>",
						"<android.app.SystemServiceRegistry$76: java.lang.Object createService()>",
						"<android.app.SystemServiceRegistry$76: android.app.trust.TrustManager createService()>",
						"<android.app.trust.TrustManager: void <init>(android.os.IBinder)>",
						"key field: <android.app.trust.TrustManager: android.util.ArrayMap mTrustListeners>",
						"<android.app.trust.TrustManager: void unregisterTrustListener(android.app.trust.TrustManager$TrustListener)>"
					],
					"depth":8,
					"method":"<android.app.ContextImpl: android.content.SharedPreferences getSharedPreferences(java.io.File,int)>",
					"source":"FIELDCALLER"
				},
				{
					"trace":[
						"<android.app.Presentation$1: java.lang.Object getSystemService(java.lang.String)>",
						"<android.view.ContextThemeWrapper: java.lang.Object getSystemService(java.lang.String)>",
						"<android.app.ContextImpl: java.lang.Object getSystemService(java.lang.String)>",
						"<android.app.SystemServiceRegistry: java.lang.Object getSystemService(android.app.ContextImpl,java.lang.String)>",
						"<android.app.SystemServiceRegistry$StaticServiceFetcher: java.lang.Object getService(android.app.ContextImpl)>",
						"<android.app.SystemServiceRegistry$76: java.lang.Object createService()>",
						"<android.app.SystemServiceRegistry$76: android.app.trust.TrustManager createService()>",
						"<android.app.trust.TrustManager: void <init>(android.os.IBinder)>",
						"key field: <android.app.trust.TrustManager: android.util.ArrayMap mTrustListeners>",
						"<android.app.trust.TrustManager: void unregisterTrustListener(android.app.trust.TrustManager$TrustListener)>"
					],
					"depth":8,
					"method":"<android.app.Presentation$1: java.lang.Object getSystemService(java.lang.String)>",
					"source":"FIELDCALLER"
				},
				{
					"trace":[
						"<com.android.internal.policy.DecorContext: java.lang.Object getSystemService(java.lang.String)>",
						"<android.view.ContextThemeWrapper: java.lang.Object getSystemService(java.lang.String)>",
						"<android.app.ContextImpl: java.lang.Object getSystemService(java.lang.String)>",
						"<android.app.SystemServiceRegistry: java.lang.Object getSystemService(android.app.ContextImpl,java.lang.String)>",
						"<android.app.SystemServiceRegistry$StaticServiceFetcher: java.lang.Object getService(android.app.ContextImpl)>",
						"<android.app.SystemServiceRegistry$76: java.lang.Object createService()>",
						"<android.app.SystemServiceRegistry$76: android.app.trust.TrustManager createService()>",
						"<android.app.trust.TrustManager: void <init>(android.os.IBinder)>",
						"key field: <android.app.trust.TrustManager: android.util.ArrayMap mTrustListeners>",
						"<android.app.trust.TrustManager: void unregisterTrustListener(android.app.trust.TrustManager$TrustListener)>"
					],
					"depth":8,
					"method":"<com.android.internal.policy.DecorContext: java.lang.Object getSystemService(java.lang.String)>",
					"source":"FIELDCALLER"
				},
				{
					"trace":[
						"<android.content.ContextWrapper: java.lang.Object getSystemService(java.lang.String)>",
						"<android.view.ContextThemeWrapper: java.lang.Object getSystemService(java.lang.String)>",
						"<android.app.ContextImpl: java.lang.Object getSystemService(java.lang.String)>",
						"<android.app.SystemServiceRegistry: java.lang.Object getSystemService(android.app.ContextImpl,java.lang.String)>",
						"<android.app.SystemServiceRegistry$StaticServiceFetcher: java.lang.Object getService(android.app.ContextImpl)>",
						"<android.app.SystemServiceRegistry$76: java.lang.Object createService()>",
						"<android.app.SystemServiceRegistry$76: android.app.trust.TrustManager createService()>",
						"<android.app.trust.TrustManager: void <init>(android.os.IBinder)>",
						"key field: <android.app.trust.TrustManager: android.util.ArrayMap mTrustListeners>",
						"<android.app.trust.TrustManager: void unregisterTrustListener(android.app.trust.TrustManager$TrustListener)>"
					],
					"depth":8,
					"method":"<android.content.ContextWrapper: java.lang.Object getSystemService(java.lang.String)>",
					"source":"FIELDCALLER"
				},
				{
					"trace":[
						"<android.app.Activity: java.lang.Object getSystemService(java.lang.String)>",
						"<android.view.ContextThemeWrapper: java.lang.Object getSystemService(java.lang.String)>",
						"<android.app.ContextImpl: java.lang.Object getSystemService(java.lang.String)>",
						"<android.app.SystemServiceRegistry: java.lang.Object getSystemService(android.app.ContextImpl,java.lang.String)>",
						"<android.app.SystemServiceRegistry$StaticServiceFetcher: java.lang.Object getService(android.app.ContextImpl)>",
						"<android.app.SystemServiceRegistry$76: java.lang.Object createService()>",
						"<android.app.SystemServiceRegistry$76: android.app.trust.TrustManager createService()>",
						"<android.app.trust.TrustManager: void <init>(android.os.IBinder)>",
						"key field: <android.app.trust.TrustManager: android.util.ArrayMap mTrustListeners>",
						"<android.app.trust.TrustManager: void unregisterTrustListener(android.app.trust.TrustManager$TrustListener)>"
					],
					"depth":8,
					"method":"<android.app.Activity: java.lang.Object getSystemService(java.lang.String)>",
					"source":"FIELDCALLER"
				},
				{
					"trace":[
						"<android.accessibilityservice.AccessibilityService: java.lang.Object getSystemService(java.lang.String)>",
						"<android.content.ContextWrapper: java.lang.Object getSystemService(java.lang.String)>",
						"<android.app.ContextImpl: java.lang.Object getSystemService(java.lang.String)>",
						"<android.app.SystemServiceRegistry: java.lang.Object getSystemService(android.app.ContextImpl,java.lang.String)>",
						"<android.app.SystemServiceRegistry$StaticServiceFetcher: java.lang.Object getService(android.app.ContextImpl)>",
						"<android.app.SystemServiceRegistry$76: java.lang.Object createService()>",
						"<android.app.SystemServiceRegistry$76: android.app.trust.TrustManager createService()>",
						"<android.app.trust.TrustManager: void <init>(android.os.IBinder)>",
						"key field: <android.app.trust.TrustManager: android.util.ArrayMap mTrustListeners>",
						"<android.app.trust.TrustManager: void unregisterTrustListener(android.app.trust.TrustManager$TrustListener)>"
					],
					"depth":8,
					"method":"<android.accessibilityservice.AccessibilityService: java.lang.Object getSystemService(java.lang.String)>",
					"source":"FIELDCALLER"
				}
			],
			"callerOfSingnlar2SourceVar":{
				"<android.app.trust.TrustManager: void unregisterTrustListener(android.app.trust.TrustManager$TrustListener)>":"0"
			}
		},
		{
			"method":"<android.app.trust.TrustManager: boolean isTrustUsuallyManaged(int)>",
			"message":"[\\s\\S]*",
			"relatedVarType":"Unknown",
			"relatedCondType":"Empty",
			"modifier":"public",
			"type":"java.lang.RuntimeException",
			"osVersionRelated":false,
			"resourceRelated":false,
			"assessRelated":false,
			"hardwareRelated":false,
			"manifestRelated":false,
			"caughtValues":"@caughtexception",
			"relatedValues":"; ; @caughtexception",
			"keyAPISameClassNum":0,
			"keyAPIDiffClassNum":0,
			"keyAPISameClass":[],
			"keyAPIDiffClass":[],
			"callerOfSingnlar2SourceVar":{}
		},
		{
			"method":"<android.app.trust.TrustManager: void unlockedByBiometricForUser(int,android.hardware.biometrics.BiometricSourceType)>",
			"message":"[\\s\\S]*",
			"relatedVarType":"Unknown",
			"relatedCondType":"Empty",
			"modifier":"public",
			"type":"java.lang.RuntimeException",
			"osVersionRelated":false,
			"resourceRelated":false,
			"assessRelated":false,
			"hardwareRelated":true,
			"manifestRelated":false,
			"caughtValues":"@caughtexception",
			"relatedValues":"; ; @caughtexception",
			"keyAPISameClassNum":0,
			"keyAPIDiffClassNum":0,
			"keyAPISameClass":[],
			"keyAPIDiffClass":[],
			"callerOfSingnlar2SourceVar":{}
		},
		{
			"method":"<android.app.trust.TrustManager: void clearAllBiometricRecognized(android.hardware.biometrics.BiometricSourceType)>",
			"message":"[\\s\\S]*",
			"relatedVarType":"Unknown",
			"relatedCondType":"Empty",
			"modifier":"public",
			"type":"java.lang.RuntimeException",
			"osVersionRelated":false,
			"resourceRelated":false,
			"assessRelated":false,
			"hardwareRelated":true,
			"manifestRelated":false,
			"caughtValues":"@caughtexception",
			"relatedValues":"; ; @caughtexception",
			"keyAPISameClassNum":0,
			"keyAPIDiffClassNum":0,
			"keyAPISameClass":[],
			"keyAPIDiffClass":[],
			"callerOfSingnlar2SourceVar":{}
		}
	]
}