{
	"exceptions":[
		{
			"method":"<android.graphics.ComposeShader: void <init>(android.graphics.Shader,android.graphics.Shader,int)>",
			"message":"\\QShader parameters must not be null\\E",
			"relatedVarType":"Parameter",
			"relatedCondType":"Basic",
			"modifier":"private",
			"type":"java.lang.IllegalArgumentException",
			"osVersionRelated":false,
			"resourceRelated":false,
			"assessRelated":false,
			"hardwareRelated":false,
			"manifestRelated":false,
			"conditions":"r1 == null, r3 != null",
			"paramValues":"@parameter0: android.graphics.Shader, @parameter1: android.graphics.Shader",
			"relatedValues":"@parameter0: android.graphics.Shader, @parameter1: android.graphics.Shader; ; ",
			"keyAPISameClassNum":0,
			"keyAPIDiffClassNum":0,
			"keyAPISameClass":[
				{
					"trace":[
						"<android.graphics.ComposeShader: void <init>(android.graphics.Shader,android.graphics.Shader,int)>"
					],
					"depth":0,
					"method":"<android.graphics.ComposeShader: void <init>(android.graphics.Shader,android.graphics.Shader,int)>",
					"source":"CALLER"
				},
				{
					"trace":[
						"<android.graphics.ComposeShader: void <init>(android.graphics.Shader,android.graphics.Shader,android.graphics.Xfermode)>",
						"<android.graphics.ComposeShader: void <init>(android.graphics.Shader,android.graphics.Shader,int)>"
					],
					"depth":1,
					"method":"<android.graphics.ComposeShader: void <init>(android.graphics.Shader,android.graphics.Shader,android.graphics.Xfermode)>",
					"source":"CALLER"
				},
				{
					"trace":[
						"<android.graphics.ComposeShader: void <init>(android.graphics.Shader,android.graphics.Shader,android.graphics.BlendMode)>",
						"<android.graphics.ComposeShader: void <init>(android.graphics.Shader,android.graphics.Shader,int)>"
					],
					"depth":1,
					"method":"<android.graphics.ComposeShader: void <init>(android.graphics.Shader,android.graphics.Shader,android.graphics.BlendMode)>",
					"source":"CALLER"
				},
				{
					"trace":[
						"<android.graphics.ComposeShader: void <init>(android.graphics.Shader,android.graphics.Shader,android.graphics.PorterDuff$Mode)>",
						"<android.graphics.ComposeShader: void <init>(android.graphics.Shader,android.graphics.Shader,int)>"
					],
					"depth":1,
					"method":"<android.graphics.ComposeShader: void <init>(android.graphics.Shader,android.graphics.Shader,android.graphics.PorterDuff$Mode)>",
					"source":"CALLER"
				}
			],
			"keyAPIDiffClass":[],
			"callerOfSingnlar2SourceVar":{
				"<android.graphics.ComposeShader: void <init>(android.graphics.Shader,android.graphics.Shader,android.graphics.Xfermode)>":"0, 1",
				"<android.graphics.ComposeShader: void <init>(android.graphics.Shader,android.graphics.Shader,android.graphics.PorterDuff$Mode)>":"0, 1",
				"<android.graphics.ComposeShader: void <init>(android.graphics.Shader,android.graphics.Shader,android.graphics.BlendMode)>":"0, 1",
				"<android.graphics.ComposeShader: void <init>(android.graphics.Shader,android.graphics.Shader,int)>":"0, 1"
			}
		}
	]
}