{
	"exceptions":[
		{
			"method":"<android.content.res.ApkAssets: android.content.res.XmlResourceParser openXml(java.lang.String)>",
			"message":"\\Qblock.newParser() returned a null parser\\E",
			"relatedVarType":"ParaAndField",
			"relatedCondType":"Basic",
			"modifier":"public",
			"type":"java.lang.AssertionError",
			"osVersionRelated":false,
			"resourceRelated":false,
			"assessRelated":false,
			"hardwareRelated":false,
			"manifestRelated":false,
			"conditions":"r19 != null",
			"paramValues":"@parameter0: java.lang.String",
			"fieldValues":"<android.content.res.ApkAssets: long mNativePtr>",
			"relatedValues":"@parameter0: java.lang.String; <android.content.res.ApkAssets: long mNativePtr>; ",
			"keyAPISameClassNum":5,
			"keyAPIDiffClassNum":30,
			"keyAPISameClass":[
				{
					"trace":[
						"<android.content.res.ApkAssets: android.content.res.ApkAssets loadOverlayFromPath(java.lang.String,boolean)>",
						"<android.content.res.ApkAssets: void <init>(java.lang.String,boolean,boolean,boolean)>",
						"key field: <android.content.res.ApkAssets: long mNativePtr>",
						"<android.content.res.ApkAssets: android.content.res.XmlResourceParser openXml(java.lang.String)>"
					],
					"depth":2,
					"method":"<android.content.res.ApkAssets: android.content.res.ApkAssets loadOverlayFromPath(java.lang.String,boolean)>",
					"source":"FIELDCALLER"
				},
				{
					"trace":[
						"<android.content.res.ApkAssets: android.content.res.ApkAssets loadFromPath(java.lang.String)>",
						"<android.content.res.ApkAssets: void <init>(java.lang.String,boolean,boolean,boolean)>",
						"key field: <android.content.res.ApkAssets: long mNativePtr>",
						"<android.content.res.ApkAssets: android.content.res.XmlResourceParser openXml(java.lang.String)>"
					],
					"depth":2,
					"method":"<android.content.res.ApkAssets: android.content.res.ApkAssets loadFromPath(java.lang.String)>",
					"source":"FIELDCALLER"
				},
				{
					"trace":[
						"<android.content.res.ApkAssets: android.content.res.ApkAssets loadFromPath(java.lang.String,boolean,boolean)>",
						"<android.content.res.ApkAssets: void <init>(java.lang.String,boolean,boolean,boolean)>",
						"key field: <android.content.res.ApkAssets: long mNativePtr>",
						"<android.content.res.ApkAssets: android.content.res.XmlResourceParser openXml(java.lang.String)>"
					],
					"depth":2,
					"method":"<android.content.res.ApkAssets: android.content.res.ApkAssets loadFromPath(java.lang.String,boolean,boolean)>",
					"source":"FIELDCALLER"
				},
				{
					"trace":[
						"<android.content.res.ApkAssets: android.content.res.ApkAssets loadFromPath(java.lang.String,boolean)>",
						"<android.content.res.ApkAssets: void <init>(java.lang.String,boolean,boolean,boolean)>",
						"key field: <android.content.res.ApkAssets: long mNativePtr>",
						"<android.content.res.ApkAssets: android.content.res.XmlResourceParser openXml(java.lang.String)>"
					],
					"depth":2,
					"method":"<android.content.res.ApkAssets: android.content.res.ApkAssets loadFromPath(java.lang.String,boolean)>",
					"source":"FIELDCALLER"
				},
				{
					"trace":[
						"<android.content.res.ApkAssets: android.content.res.ApkAssets loadFromFd(java.io.FileDescriptor,java.lang.String,boolean,boolean)>",
						"<android.content.res.ApkAssets: void <init>(java.io.FileDescriptor,java.lang.String,boolean,boolean)>",
						"key field: <android.content.res.ApkAssets: long mNativePtr>",
						"<android.content.res.ApkAssets: android.content.res.XmlResourceParser openXml(java.lang.String)>"
					],
					"depth":2,
					"method":"<android.content.res.ApkAssets: android.content.res.ApkAssets loadFromFd(java.io.FileDescriptor,java.lang.String,boolean,boolean)>",
					"source":"FIELDCALLER"
				}
			],
			"keyAPIDiffClass":[
				{
					"trace":[
						"<android.content.res.AssetManager: android.content.res.AssetManager getSystem()>",
						"<android.content.res.AssetManager: void createSystemAssetsInZygoteLocked()>",
						"<android.content.res.ApkAssets: android.content.res.ApkAssets loadOverlayFromPath(java.lang.String,boolean)>",
						"<android.content.res.ApkAssets: void <init>(java.lang.String,boolean,boolean,boolean)>",
						"key field: <android.content.res.ApkAssets: long mNativePtr>",
						"<android.content.res.ApkAssets: android.content.res.XmlResourceParser openXml(java.lang.String)>"
					],
					"depth":4,
					"method":"<android.content.res.AssetManager: android.content.res.AssetManager getSystem()>",
					"source":"FIELDCALLER"
				},
				{
					"trace":[
						"<android.content.res.AssetManager: void <init>()>",
						"<android.content.res.AssetManager: void createSystemAssetsInZygoteLocked()>",
						"<android.content.res.ApkAssets: android.content.res.ApkAssets loadOverlayFromPath(java.lang.String,boolean)>",
						"<android.content.res.ApkAssets: void <init>(java.lang.String,boolean,boolean,boolean)>",
						"key field: <android.content.res.ApkAssets: long mNativePtr>",
						"<android.content.res.ApkAssets: android.content.res.XmlResourceParser openXml(java.lang.String)>"
					],
					"depth":4,
					"method":"<android.content.res.AssetManager: void <init>()>",
					"source":"FIELDCALLER"
				},
				{
					"trace":[
						"<android.content.res.AssetManager: int addAssetPathAsSharedLibrary(java.lang.String)>",
						"<android.content.res.AssetManager: int addAssetPathInternal(java.lang.String,boolean,boolean)>",
						"<android.content.res.ApkAssets: android.content.res.ApkAssets loadOverlayFromPath(java.lang.String,boolean)>",
						"<android.content.res.ApkAssets: void <init>(java.lang.String,boolean,boolean,boolean)>",
						"key field: <android.content.res.ApkAssets: long mNativePtr>",
						"<android.content.res.ApkAssets: android.content.res.XmlResourceParser openXml(java.lang.String)>"
					],
					"depth":4,
					"method":"<android.content.res.AssetManager: int addAssetPathAsSharedLibrary(java.lang.String)>",
					"source":"FIELDCALLER"
				},
				{
					"trace":[
						"<android.content.res.AssetManager: int addOverlayPath(java.lang.String)>",
						"<android.content.res.AssetManager: int addAssetPathInternal(java.lang.String,boolean,boolean)>",
						"<android.content.res.ApkAssets: android.content.res.ApkAssets loadOverlayFromPath(java.lang.String,boolean)>",
						"<android.content.res.ApkAssets: void <init>(java.lang.String,boolean,boolean,boolean)>",
						"key field: <android.content.res.ApkAssets: long mNativePtr>",
						"<android.content.res.ApkAssets: android.content.res.XmlResourceParser openXml(java.lang.String)>"
					],
					"depth":4,
					"method":"<android.content.res.AssetManager: int addOverlayPath(java.lang.String)>",
					"source":"FIELDCALLER"
				},
				{
					"trace":[
						"<android.content.res.AssetManager: int addAssetPath(java.lang.String)>",
						"<android.content.res.AssetManager: int addAssetPathInternal(java.lang.String,boolean,boolean)>",
						"<android.content.res.ApkAssets: android.content.res.ApkAssets loadOverlayFromPath(java.lang.String,boolean)>",
						"<android.content.res.ApkAssets: void <init>(java.lang.String,boolean,boolean,boolean)>",
						"key field: <android.content.res.ApkAssets: long mNativePtr>",
						"<android.content.res.ApkAssets: android.content.res.XmlResourceParser openXml(java.lang.String)>"
					],
					"depth":4,
					"method":"<android.content.res.AssetManager: int addAssetPath(java.lang.String)>",
					"source":"FIELDCALLER"
				},
				{
					"trace":[
						"<android.content.pm.PackageParser: android.content.pm.PackageParser$ApkLite parseApkLite(java.io.File,int)>",
						"<android.content.pm.PackageParser: android.content.pm.PackageParser$ApkLite parseApkLiteInner(java.io.File,java.io.FileDescriptor,java.lang.String,int)>",
						"<android.content.res.ApkAssets: android.content.res.ApkAssets loadFromPath(java.lang.String)>",
						"<android.content.res.ApkAssets: void <init>(java.lang.String,boolean,boolean,boolean)>",
						"key field: <android.content.res.ApkAssets: long mNativePtr>",
						"<android.content.res.ApkAssets: android.content.res.XmlResourceParser openXml(java.lang.String)>"
					],
					"depth":4,
					"method":"<android.content.pm.PackageParser: android.content.pm.PackageParser$ApkLite parseApkLite(java.io.File,int)>",
					"source":"FIELDCALLER"
				},
				{
					"trace":[
						"<android.content.pm.PackageParser: android.content.pm.PackageParser$ApkLite parseApkLite(java.io.FileDescriptor,java.lang.String,int)>",
						"<android.content.pm.PackageParser: android.content.pm.PackageParser$ApkLite parseApkLiteInner(java.io.File,java.io.FileDescriptor,java.lang.String,int)>",
						"<android.content.res.ApkAssets: android.content.res.ApkAssets loadFromPath(java.lang.String)>",
						"<android.content.res.ApkAssets: void <init>(java.lang.String,boolean,boolean,boolean)>",
						"key field: <android.content.res.ApkAssets: long mNativePtr>",
						"<android.content.res.ApkAssets: android.content.res.XmlResourceParser openXml(java.lang.String)>"
					],
					"depth":4,
					"method":"<android.content.pm.PackageParser: android.content.pm.PackageParser$ApkLite parseApkLite(java.io.FileDescriptor,java.lang.String,int)>",
					"source":"FIELDCALLER"
				},
				{
					"trace":[
						"<android.content.res.AssetManager$Builder: android.content.res.AssetManager build()>",
						"<android.content.res.AssetManager: android.content.res.AssetManager getSystem()>",
						"<android.content.res.AssetManager: void createSystemAssetsInZygoteLocked()>",
						"<android.content.res.ApkAssets: android.content.res.ApkAssets loadOverlayFromPath(java.lang.String,boolean)>",
						"<android.content.res.ApkAssets: void <init>(java.lang.String,boolean,boolean,boolean)>",
						"key field: <android.content.res.ApkAssets: long mNativePtr>",
						"<android.content.res.ApkAssets: android.content.res.XmlResourceParser openXml(java.lang.String)>"
					],
					"depth":5,
					"method":"<android.content.res.AssetManager$Builder: android.content.res.AssetManager build()>",
					"source":"FIELDCALLER"
				},
				{
					"trace":[
						"<android.content.pm.split.DefaultSplitAssetLoader: android.content.res.AssetManager getBaseAssetManager()>",
						"<android.content.res.AssetManager: void <init>()>",
						"<android.content.res.AssetManager: void createSystemAssetsInZygoteLocked()>",
						"<android.content.res.ApkAssets: android.content.res.ApkAssets loadOverlayFromPath(java.lang.String,boolean)>",
						"<android.content.res.ApkAssets: void <init>(java.lang.String,boolean,boolean,boolean)>",
						"key field: <android.content.res.ApkAssets: long mNativePtr>",
						"<android.content.res.ApkAssets: android.content.res.XmlResourceParser openXml(java.lang.String)>"
					],
					"depth":5,
					"method":"<android.content.pm.split.DefaultSplitAssetLoader: android.content.res.AssetManager getBaseAssetManager()>",
					"source":"FIELDCALLER"
				},
				{
					"trace":[
						"<android.content.res.Resources: android.content.res.Resources getSystem()>",
						"<android.content.res.Resources: void <init>()>",
						"<android.content.res.AssetManager: android.content.res.AssetManager getSystem()>",
						"<android.content.res.AssetManager: void createSystemAssetsInZygoteLocked()>",
						"<android.content.res.ApkAssets: android.content.res.ApkAssets loadOverlayFromPath(java.lang.String,boolean)>",
						"<android.content.res.ApkAssets: void <init>(java.lang.String,boolean,boolean,boolean)>",
						"key field: <android.content.res.ApkAssets: long mNativePtr>",
						"<android.content.res.ApkAssets: android.content.res.XmlResourceParser openXml(java.lang.String)>"
					],
					"depth":6,
					"method":"<android.content.res.Resources: android.content.res.Resources getSystem()>",
					"source":"FIELDCALLER"
				},
				{
					"trace":[
						"<android.content.res.Resources: void <init>(java.lang.ClassLoader)>",
						"<android.content.res.Resources: void <init>()>",
						"<android.content.res.AssetManager: android.content.res.AssetManager getSystem()>",
						"<android.content.res.AssetManager: void createSystemAssetsInZygoteLocked()>",
						"<android.content.res.ApkAssets: android.content.res.ApkAssets loadOverlayFromPath(java.lang.String,boolean)>",
						"<android.content.res.ApkAssets: void <init>(java.lang.String,boolean,boolean,boolean)>",
						"key field: <android.content.res.ApkAssets: long mNativePtr>",
						"<android.content.res.ApkAssets: android.content.res.XmlResourceParser openXml(java.lang.String)>"
					],
					"depth":6,
					"method":"<android.content.res.Resources: void <init>(java.lang.ClassLoader)>",
					"source":"FIELDCALLER"
				},
				{
					"trace":[
						"<android.content.pm.PackageParser: android.content.pm.PackageParser$Package parseMonolithicPackage(java.io.File,int)>",
						"<android.content.pm.split.DefaultSplitAssetLoader: android.content.res.AssetManager getBaseAssetManager()>",
						"<android.content.res.AssetManager: void <init>()>",
						"<android.content.res.AssetManager: void createSystemAssetsInZygoteLocked()>",
						"<android.content.res.ApkAssets: android.content.res.ApkAssets loadOverlayFromPath(java.lang.String,boolean)>",
						"<android.content.res.ApkAssets: void <init>(java.lang.String,boolean,boolean,boolean)>",
						"key field: <android.content.res.ApkAssets: long mNativePtr>",
						"<android.content.res.ApkAssets: android.content.res.XmlResourceParser openXml(java.lang.String)>"
					],
					"depth":6,
					"method":"<android.content.pm.PackageParser: android.content.pm.PackageParser$Package parseMonolithicPackage(java.io.File,int)>",
					"source":"FIELDCALLER"
				},
				{
					"trace":[
						"<android.content.pm.split.DefaultSplitAssetLoader: android.content.res.AssetManager getSplitAssetManager(int)>",
						"<android.content.pm.split.DefaultSplitAssetLoader: android.content.res.AssetManager getBaseAssetManager()>",
						"<android.content.res.AssetManager: void <init>()>",
						"<android.content.res.AssetManager: void createSystemAssetsInZygoteLocked()>",
						"<android.content.res.ApkAssets: android.content.res.ApkAssets loadOverlayFromPath(java.lang.String,boolean)>",
						"<android.content.res.ApkAssets: void <init>(java.lang.String,boolean,boolean,boolean)>",
						"key field: <android.content.res.ApkAssets: long mNativePtr>",
						"<android.content.res.ApkAssets: android.content.res.XmlResourceParser openXml(java.lang.String)>"
					],
					"depth":6,
					"method":"<android.content.pm.split.DefaultSplitAssetLoader: android.content.res.AssetManager getSplitAssetManager(int)>",
					"source":"FIELDCALLER"
				},
				{
					"trace":[
						"<android.content.pm.PackageParser: android.content.pm.PackageParser$PackageLite parsePackageLite(java.io.File,int)>",
						"<android.content.pm.PackageParser: android.content.pm.PackageParser$PackageLite parseMonolithicPackageLite(java.io.File,int)>",
						"<android.content.pm.PackageParser: android.content.pm.PackageParser$ApkLite parseApkLite(java.io.File,int)>",
						"<android.content.pm.PackageParser: android.content.pm.PackageParser$ApkLite parseApkLiteInner(java.io.File,java.io.FileDescriptor,java.lang.String,int)>",
						"<android.content.res.ApkAssets: android.content.res.ApkAssets loadFromPath(java.lang.String)>",
						"<android.content.res.ApkAssets: void <init>(java.lang.String,boolean,boolean,boolean)>",
						"key field: <android.content.res.ApkAssets: long mNativePtr>",
						"<android.content.res.ApkAssets: android.content.res.XmlResourceParser openXml(java.lang.String)>"
					],
					"depth":6,
					"method":"<android.content.pm.PackageParser: android.content.pm.PackageParser$PackageLite parsePackageLite(java.io.File,int)>",
					"source":"FIELDCALLER"
				},
				{
					"trace":[
						"<android.content.Context: void assertRuntimeOverlayThemable()>",
						"<android.content.res.Resources: android.content.res.Resources getSystem()>",
						"<android.content.res.Resources: void <init>()>",
						"<android.content.res.AssetManager: android.content.res.AssetManager getSystem()>",
						"<android.content.res.AssetManager: void createSystemAssetsInZygoteLocked()>",
						"<android.content.res.ApkAssets: android.content.res.ApkAssets loadOverlayFromPath(java.lang.String,boolean)>",
						"<android.content.res.ApkAssets: void <init>(java.lang.String,boolean,boolean,boolean)>",
						"key field: <android.content.res.ApkAssets: long mNativePtr>",
						"<android.content.res.ApkAssets: android.content.res.XmlResourceParser openXml(java.lang.String)>"
					],
					"depth":7,
					"method":"<android.content.Context: void assertRuntimeOverlayThemable()>",
					"source":"FIELDCALLER"
				},
				{
					"trace":[
						"<android.content.pm.PackageParser: void readConfigUseRoundIcon(android.content.res.Resources)>",
						"<android.content.res.Resources: android.content.res.Resources getSystem()>",
						"<android.content.res.Resources: void <init>()>",
						"<android.content.res.AssetManager: android.content.res.AssetManager getSystem()>",
						"<android.content.res.AssetManager: void createSystemAssetsInZygoteLocked()>",
						"<android.content.res.ApkAssets: android.content.res.ApkAssets loadOverlayFromPath(java.lang.String,boolean)>",
						"<android.content.res.ApkAssets: void <init>(java.lang.String,boolean,boolean,boolean)>",
						"key field: <android.content.res.ApkAssets: long mNativePtr>",
						"<android.content.res.ApkAssets: android.content.res.XmlResourceParser openXml(java.lang.String)>"
					],
					"depth":7,
					"method":"<android.content.pm.PackageParser: void readConfigUseRoundIcon(android.content.res.Resources)>",
					"source":"FIELDCALLER"
				},
				{
					"trace":[
						"<android.content.pm.PackageManager: java.lang.CharSequence getUserBadgedLabel(java.lang.CharSequence,android.os.UserHandle)>",
						"<android.content.res.Resources: android.content.res.Resources getSystem()>",
						"<android.content.res.Resources: void <init>()>",
						"<android.content.res.AssetManager: android.content.res.AssetManager getSystem()>",
						"<android.content.res.AssetManager: void createSystemAssetsInZygoteLocked()>",
						"<android.content.res.ApkAssets: android.content.res.ApkAssets loadOverlayFromPath(java.lang.String,boolean)>",
						"<android.content.res.ApkAssets: void <init>(java.lang.String,boolean,boolean,boolean)>",
						"key field: <android.content.res.ApkAssets: long mNativePtr>",
						"<android.content.res.ApkAssets: android.content.res.XmlResourceParser openXml(java.lang.String)>"
					],
					"depth":7,
					"method":"<android.content.pm.PackageManager: java.lang.CharSequence getUserBadgedLabel(java.lang.CharSequence,android.os.UserHandle)>",
					"source":"FIELDCALLER"
				},
				{
					"trace":[
						"<android.content.pm.ApplicationInfo: android.graphics.drawable.Drawable loadDefaultIcon(android.content.pm.PackageManager)>",
						"<android.content.res.Resources: android.content.res.Resources getSystem()>",
						"<android.content.res.Resources: void <init>()>",
						"<android.content.res.AssetManager: android.content.res.AssetManager getSystem()>",
						"<android.content.res.AssetManager: void createSystemAssetsInZygoteLocked()>",
						"<android.content.res.ApkAssets: android.content.res.ApkAssets loadOverlayFromPath(java.lang.String,boolean)>",
						"<android.content.res.ApkAssets: void <init>(java.lang.String,boolean,boolean,boolean)>",
						"key field: <android.content.res.ApkAssets: long mNativePtr>",
						"<android.content.res.ApkAssets: android.content.res.XmlResourceParser openXml(java.lang.String)>"
					],
					"depth":7,
					"method":"<android.content.pm.ApplicationInfo: android.graphics.drawable.Drawable loadDefaultIcon(android.content.pm.PackageManager)>",
					"source":"FIELDCALLER"
				},
				{
					"trace":[
						"<android.content.res.Resources: void <init>(android.content.res.AssetManager,android.util.DisplayMetrics,android.content.res.Configuration)>",
						"<android.content.res.Resources: void <init>(java.lang.ClassLoader)>",
						"<android.content.res.Resources: void <init>()>",
						"<android.content.res.AssetManager: android.content.res.AssetManager getSystem()>",
						"<android.content.res.AssetManager: void createSystemAssetsInZygoteLocked()>",
						"<android.content.res.ApkAssets: android.content.res.ApkAssets loadOverlayFromPath(java.lang.String,boolean)>",
						"<android.content.res.ApkAssets: void <init>(java.lang.String,boolean,boolean,boolean)>",
						"key field: <android.content.res.ApkAssets: long mNativePtr>",
						"<android.content.res.ApkAssets: android.content.res.XmlResourceParser openXml(java.lang.String)>"
					],
					"depth":7,
					"method":"<android.content.res.Resources: void <init>(android.content.res.AssetManager,android.util.DisplayMetrics,android.content.res.Configuration)>",
					"source":"FIELDCALLER"
				},
				{
					"trace":[
						"<android.content.res.CompatResources: void <init>(java.lang.ClassLoader)>",
						"<android.content.res.Resources: void <init>(java.lang.ClassLoader)>",
						"<android.content.res.Resources: void <init>()>",
						"<android.content.res.AssetManager: android.content.res.AssetManager getSystem()>",
						"<android.content.res.AssetManager: void createSystemAssetsInZygoteLocked()>",
						"<android.content.res.ApkAssets: android.content.res.ApkAssets loadOverlayFromPath(java.lang.String,boolean)>",
						"<android.content.res.ApkAssets: void <init>(java.lang.String,boolean,boolean,boolean)>",
						"key field: <android.content.res.ApkAssets: long mNativePtr>",
						"<android.content.res.ApkAssets: android.content.res.XmlResourceParser openXml(java.lang.String)>"
					],
					"depth":7,
					"method":"<android.content.res.CompatResources: void <init>(java.lang.ClassLoader)>",
					"source":"FIELDCALLER"
				},
				{
					"trace":[
						"<android.content.pm.PackageParser: android.content.pm.PackageParser$Package parsePackage(java.io.File,int,boolean)>",
						"<android.content.pm.PackageParser: android.content.pm.PackageParser$Package parseMonolithicPackage(java.io.File,int)>",
						"<android.content.pm.split.DefaultSplitAssetLoader: android.content.res.AssetManager getBaseAssetManager()>",
						"<android.content.res.AssetManager: void <init>()>",
						"<android.content.res.AssetManager: void createSystemAssetsInZygoteLocked()>",
						"<android.content.res.ApkAssets: android.content.res.ApkAssets loadOverlayFromPath(java.lang.String,boolean)>",
						"<android.content.res.ApkAssets: void <init>(java.lang.String,boolean,boolean,boolean)>",
						"key field: <android.content.res.ApkAssets: long mNativePtr>",
						"<android.content.res.ApkAssets: android.content.res.XmlResourceParser openXml(java.lang.String)>"
					],
					"depth":7,
					"method":"<android.content.pm.PackageParser: android.content.pm.PackageParser$Package parsePackage(java.io.File,int,boolean)>",
					"source":"FIELDCALLER"
				},
				{
					"trace":[
						"<android.content.pm.PackageManager: android.content.pm.PackageInfo getPackageArchiveInfo(java.lang.String,int)>",
						"<android.content.pm.PackageParser: android.content.pm.PackageParser$Package parseMonolithicPackage(java.io.File,int)>",
						"<android.content.pm.split.DefaultSplitAssetLoader: android.content.res.AssetManager getBaseAssetManager()>",
						"<android.content.res.AssetManager: void <init>()>",
						"<android.content.res.AssetManager: void createSystemAssetsInZygoteLocked()>",
						"<android.content.res.ApkAssets: android.content.res.ApkAssets loadOverlayFromPath(java.lang.String,boolean)>",
						"<android.content.res.ApkAssets: void <init>(java.lang.String,boolean,boolean,boolean)>",
						"key field: <android.content.res.ApkAssets: long mNativePtr>",
						"<android.content.res.ApkAssets: android.content.res.XmlResourceParser openXml(java.lang.String)>"
					],
					"depth":7,
					"method":"<android.content.pm.PackageManager: android.content.pm.PackageInfo getPackageArchiveInfo(java.lang.String,int)>",
					"source":"FIELDCALLER"
				},
				{
					"trace":[
						"<android.content.pm.PackageManager: android.graphics.drawable.Drawable loadUnbadgedItemIcon(android.content.pm.PackageItemInfo,android.content.pm.ApplicationInfo)>",
						"<android.content.pm.ApplicationInfo: android.graphics.drawable.Drawable loadDefaultIcon(android.content.pm.PackageManager)>",
						"<android.content.res.Resources: android.content.res.Resources getSystem()>",
						"<android.content.res.Resources: void <init>()>",
						"<android.content.res.AssetManager: android.content.res.AssetManager getSystem()>",
						"<android.content.res.AssetManager: void createSystemAssetsInZygoteLocked()>",
						"<android.content.res.ApkAssets: android.content.res.ApkAssets loadOverlayFromPath(java.lang.String,boolean)>",
						"<android.content.res.ApkAssets: void <init>(java.lang.String,boolean,boolean,boolean)>",
						"key field: <android.content.res.ApkAssets: long mNativePtr>",
						"<android.content.res.ApkAssets: android.content.res.XmlResourceParser openXml(java.lang.String)>"
					],
					"depth":8,
					"method":"<android.content.pm.PackageManager: android.graphics.drawable.Drawable loadUnbadgedItemIcon(android.content.pm.PackageItemInfo,android.content.pm.ApplicationInfo)>",
					"source":"FIELDCALLER"
				},
				{
					"trace":[
						"<android.content.pm.FallbackCategoryProvider: void loadFallbacks()>",
						"<android.content.res.Resources: void <init>(android.content.res.AssetManager,android.util.DisplayMetrics,android.content.res.Configuration)>",
						"<android.content.res.Resources: void <init>(java.lang.ClassLoader)>",
						"<android.content.res.Resources: void <init>()>",
						"<android.content.res.AssetManager: android.content.res.AssetManager getSystem()>",
						"<android.content.res.AssetManager: void createSystemAssetsInZygoteLocked()>",
						"<android.content.res.ApkAssets: android.content.res.ApkAssets loadOverlayFromPath(java.lang.String,boolean)>",
						"<android.content.res.ApkAssets: void <init>(java.lang.String,boolean,boolean,boolean)>",
						"key field: <android.content.res.ApkAssets: long mNativePtr>",
						"<android.content.res.ApkAssets: android.content.res.XmlResourceParser openXml(java.lang.String)>"
					],
					"depth":8,
					"method":"<android.content.pm.FallbackCategoryProvider: void loadFallbacks()>",
					"source":"FIELDCALLER"
				},
				{
					"trace":[
						"<android.content.pm.split.SplitAssetDependencyLoader: android.content.res.AssetManager getSplitAssetManager(int)>",
						"<android.content.pm.split.SplitDependencyLoader: void loadDependenciesForSplit(int)>",
						"<android.content.pm.split.SplitAssetDependencyLoader: void constructSplit(int,int[],int)>",
						"<android.content.pm.split.SplitAssetDependencyLoader: android.content.res.AssetManager createAssetManagerWithAssets(android.content.res.ApkAssets[])>",
						"<android.content.res.AssetManager: void <init>()>",
						"<android.content.res.AssetManager: void createSystemAssetsInZygoteLocked()>",
						"<android.content.res.ApkAssets: android.content.res.ApkAssets loadOverlayFromPath(java.lang.String,boolean)>",
						"<android.content.res.ApkAssets: void <init>(java.lang.String,boolean,boolean,boolean)>",
						"key field: <android.content.res.ApkAssets: long mNativePtr>",
						"<android.content.res.ApkAssets: android.content.res.XmlResourceParser openXml(java.lang.String)>"
					],
					"depth":8,
					"method":"<android.content.pm.split.SplitAssetDependencyLoader: android.content.res.AssetManager getSplitAssetManager(int)>",
					"source":"FIELDCALLER"
				},
				{
					"trace":[
						"<android.content.pm.split.SplitAssetLoader: android.content.res.AssetManager getSplitAssetManager(int)>",
						"<android.content.pm.split.SplitDependencyLoader: void loadDependenciesForSplit(int)>",
						"<android.content.pm.split.SplitAssetDependencyLoader: void constructSplit(int,int[],int)>",
						"<android.content.pm.split.SplitAssetDependencyLoader: android.content.res.AssetManager createAssetManagerWithAssets(android.content.res.ApkAssets[])>",
						"<android.content.res.AssetManager: void <init>()>",
						"<android.content.res.AssetManager: void createSystemAssetsInZygoteLocked()>",
						"<android.content.res.ApkAssets: android.content.res.ApkAssets loadOverlayFromPath(java.lang.String,boolean)>",
						"<android.content.res.ApkAssets: void <init>(java.lang.String,boolean,boolean,boolean)>",
						"key field: <android.content.res.ApkAssets: long mNativePtr>",
						"<android.content.res.ApkAssets: android.content.res.XmlResourceParser openXml(java.lang.String)>"
					],
					"depth":8,
					"method":"<android.content.pm.split.SplitAssetLoader: android.content.res.AssetManager getSplitAssetManager(int)>",
					"source":"FIELDCALLER"
				},
				{
					"trace":[
						"<android.content.pm.split.SplitAssetDependencyLoader: android.content.res.AssetManager getBaseAssetManager()>",
						"<android.content.pm.split.SplitDependencyLoader: void loadDependenciesForSplit(int)>",
						"<android.content.pm.split.SplitAssetDependencyLoader: void constructSplit(int,int[],int)>",
						"<android.content.pm.split.SplitAssetDependencyLoader: android.content.res.AssetManager createAssetManagerWithAssets(android.content.res.ApkAssets[])>",
						"<android.content.res.AssetManager: void <init>()>",
						"<android.content.res.AssetManager: void createSystemAssetsInZygoteLocked()>",
						"<android.content.res.ApkAssets: android.content.res.ApkAssets loadOverlayFromPath(java.lang.String,boolean)>",
						"<android.content.res.ApkAssets: void <init>(java.lang.String,boolean,boolean,boolean)>",
						"key field: <android.content.res.ApkAssets: long mNativePtr>",
						"<android.content.res.ApkAssets: android.content.res.XmlResourceParser openXml(java.lang.String)>"
					],
					"depth":8,
					"method":"<android.content.pm.split.SplitAssetDependencyLoader: android.content.res.AssetManager getBaseAssetManager()>",
					"source":"FIELDCALLER"
				},
				{
					"trace":[
						"<android.content.pm.split.SplitAssetLoader: android.content.res.AssetManager getBaseAssetManager()>",
						"<android.content.pm.split.SplitDependencyLoader: void loadDependenciesForSplit(int)>",
						"<android.content.pm.split.SplitAssetDependencyLoader: void constructSplit(int,int[],int)>",
						"<android.content.pm.split.SplitAssetDependencyLoader: android.content.res.AssetManager createAssetManagerWithAssets(android.content.res.ApkAssets[])>",
						"<android.content.res.AssetManager: void <init>()>",
						"<android.content.res.AssetManager: void createSystemAssetsInZygoteLocked()>",
						"<android.content.res.ApkAssets: android.content.res.ApkAssets loadOverlayFromPath(java.lang.String,boolean)>",
						"<android.content.res.ApkAssets: void <init>(java.lang.String,boolean,boolean,boolean)>",
						"key field: <android.content.res.ApkAssets: long mNativePtr>",
						"<android.content.res.ApkAssets: android.content.res.XmlResourceParser openXml(java.lang.String)>"
					],
					"depth":8,
					"method":"<android.content.pm.split.SplitAssetLoader: android.content.res.AssetManager getBaseAssetManager()>",
					"source":"FIELDCALLER"
				},
				{
					"trace":[
						"<android.content.pm.PackageParser: android.content.pm.PackageParser$Package parsePackage(java.io.File,int)>",
						"<android.content.pm.PackageParser: android.content.pm.PackageParser$Package parsePackage(java.io.File,int,boolean)>",
						"<android.content.pm.PackageParser: android.content.pm.PackageParser$Package parseMonolithicPackage(java.io.File,int)>",
						"<android.content.pm.split.DefaultSplitAssetLoader: android.content.res.AssetManager getBaseAssetManager()>",
						"<android.content.res.AssetManager: void <init>()>",
						"<android.content.res.AssetManager: void createSystemAssetsInZygoteLocked()>",
						"<android.content.res.ApkAssets: android.content.res.ApkAssets loadOverlayFromPath(java.lang.String,boolean)>",
						"<android.content.res.ApkAssets: void <init>(java.lang.String,boolean,boolean,boolean)>",
						"key field: <android.content.res.ApkAssets: long mNativePtr>",
						"<android.content.res.ApkAssets: android.content.res.XmlResourceParser openXml(java.lang.String)>"
					],
					"depth":8,
					"method":"<android.content.pm.PackageParser: android.content.pm.PackageParser$Package parsePackage(java.io.File,int)>",
					"source":"FIELDCALLER"
				},
				{
					"trace":[
						"<android.content.pm.PackageParser: android.content.pm.PackageInfo generatePackageInfoFromApex(android.apex.ApexInfo,int)>",
						"<android.content.pm.PackageParser: android.content.pm.PackageParser$Package parsePackage(java.io.File,int,boolean)>",
						"<android.content.pm.PackageParser: android.content.pm.PackageParser$Package parseMonolithicPackage(java.io.File,int)>",
						"<android.content.pm.split.DefaultSplitAssetLoader: android.content.res.AssetManager getBaseAssetManager()>",
						"<android.content.res.AssetManager: void <init>()>",
						"<android.content.res.AssetManager: void createSystemAssetsInZygoteLocked()>",
						"<android.content.res.ApkAssets: android.content.res.ApkAssets loadOverlayFromPath(java.lang.String,boolean)>",
						"<android.content.res.ApkAssets: void <init>(java.lang.String,boolean,boolean,boolean)>",
						"key field: <android.content.res.ApkAssets: long mNativePtr>",
						"<android.content.res.ApkAssets: android.content.res.XmlResourceParser openXml(java.lang.String)>"
					],
					"depth":8,
					"method":"<android.content.pm.PackageParser: android.content.pm.PackageInfo generatePackageInfoFromApex(android.apex.ApexInfo,int)>",
					"source":"FIELDCALLER"
				}
			],
			"callerOfSingnlar2SourceVar":{
				"<android.content.res.ApkAssets: android.content.res.XmlResourceParser openXml(java.lang.String)>":"0"
			}
		}
	]
}