{
	"exceptions":[
		{
			"method":"<android.content.res.AssetFileDescriptor: void <init>(android.os.ParcelFileDescriptor,long,long,android.os.Bundle)>",
			"message":"\\QstartOffset must be 0 when using UNKNOWN_LENGTH\\E",
			"relatedVarType":"Parameter",
			"relatedCondType":"Basic",
			"modifier":"public",
			"type":"java.lang.IllegalArgumentException",
			"osVersionRelated":false,
			"resourceRelated":false,
			"assessRelated":false,
			"hardwareRelated":true,
			"manifestRelated":false,
			"conditions":"$b3 == 0, $b1 >= 0, r1 != null",
			"paramValues":"@parameter1: long, @parameter2: long, @parameter0: android.os.ParcelFileDescriptor",
			"relatedValues":"@parameter1: long, @parameter2: long, @parameter0: android.os.ParcelFileDescriptor; ; ",
			"keyAPISameClassNum":0,
			"keyAPIDiffClassNum":0,
			"keyAPISameClass":[
				{
					"trace":[
						"<android.content.res.AssetFileDescriptor: void <init>(android.os.ParcelFileDescriptor,long,long,android.os.Bundle)>"
					],
					"depth":0,
					"method":"<android.content.res.AssetFileDescriptor: void <init>(android.os.ParcelFileDescriptor,long,long,android.os.Bundle)>",
					"source":"CALLER"
				},
				{
					"trace":[
						"<android.content.res.AssetFileDescriptor: void <init>(android.os.ParcelFileDescriptor,long,long)>",
						"<android.content.res.AssetFileDescriptor: void <init>(android.os.ParcelFileDescriptor,long,long,android.os.Bundle)>"
					],
					"depth":1,
					"method":"<android.content.res.AssetFileDescriptor: void <init>(android.os.ParcelFileDescriptor,long,long)>",
					"source":"CALLER"
				}
			],
			"keyAPIDiffClass":[
				{
					"trace":[
						"<android.content.ContentResolver: android.content.res.AssetFileDescriptor openAssetFileDescriptor(android.net.Uri,java.lang.String,android.os.CancellationSignal)>",
						"<android.content.res.AssetFileDescriptor: void <init>(android.os.ParcelFileDescriptor,long,long)>",
						"<android.content.res.AssetFileDescriptor: void <init>(android.os.ParcelFileDescriptor,long,long,android.os.Bundle)>"
					],
					"depth":2,
					"method":"<android.content.ContentResolver: android.content.res.AssetFileDescriptor openAssetFileDescriptor(android.net.Uri,java.lang.String,android.os.CancellationSignal)>",
					"source":"CALLER"
				},
				{
					"trace":[
						"<android.content.res.AssetManager: android.content.res.AssetFileDescriptor openNonAssetFd(int,java.lang.String)>",
						"<android.content.res.AssetFileDescriptor: void <init>(android.os.ParcelFileDescriptor,long,long)>",
						"<android.content.res.AssetFileDescriptor: void <init>(android.os.ParcelFileDescriptor,long,long,android.os.Bundle)>"
					],
					"depth":2,
					"method":"<android.content.res.AssetManager: android.content.res.AssetFileDescriptor openNonAssetFd(int,java.lang.String)>",
					"source":"CALLER"
				},
				{
					"trace":[
						"<android.content.res.AssetManager: android.content.res.AssetFileDescriptor openFd(java.lang.String)>",
						"<android.content.res.AssetFileDescriptor: void <init>(android.os.ParcelFileDescriptor,long,long)>",
						"<android.content.res.AssetFileDescriptor: void <init>(android.os.ParcelFileDescriptor,long,long,android.os.Bundle)>"
					],
					"depth":2,
					"method":"<android.content.res.AssetManager: android.content.res.AssetFileDescriptor openFd(java.lang.String)>",
					"source":"CALLER"
				},
				{
					"trace":[
						"<android.content.ContentProvider: android.content.res.AssetFileDescriptor openAssetFile(android.net.Uri,java.lang.String)>",
						"<android.content.res.AssetFileDescriptor: void <init>(android.os.ParcelFileDescriptor,long,long)>",
						"<android.content.res.AssetFileDescriptor: void <init>(android.os.ParcelFileDescriptor,long,long,android.os.Bundle)>"
					],
					"depth":2,
					"method":"<android.content.ContentProvider: android.content.res.AssetFileDescriptor openAssetFile(android.net.Uri,java.lang.String)>",
					"source":"CALLER"
				},
				{
					"trace":[
						"<android.content.ContentResolver: android.content.res.AssetFileDescriptor openTypedAssetFileDescriptor(android.net.Uri,java.lang.String,android.os.Bundle,android.os.CancellationSignal)>",
						"<android.content.res.AssetFileDescriptor: void <init>(android.os.ParcelFileDescriptor,long,long)>",
						"<android.content.res.AssetFileDescriptor: void <init>(android.os.ParcelFileDescriptor,long,long,android.os.Bundle)>"
					],
					"depth":2,
					"method":"<android.content.ContentResolver: android.content.res.AssetFileDescriptor openTypedAssetFileDescriptor(android.net.Uri,java.lang.String,android.os.Bundle,android.os.CancellationSignal)>",
					"source":"CALLER"
				},
				{
					"trace":[
						"<android.content.ContentResolver: java.io.InputStream openInputStream(android.net.Uri)>",
						"<android.content.ContentResolver: android.content.res.AssetFileDescriptor openAssetFileDescriptor(android.net.Uri,java.lang.String,android.os.CancellationSignal)>",
						"<android.content.res.AssetFileDescriptor: void <init>(android.os.ParcelFileDescriptor,long,long)>",
						"<android.content.res.AssetFileDescriptor: void <init>(android.os.ParcelFileDescriptor,long,long,android.os.Bundle)>"
					],
					"depth":3,
					"method":"<android.content.ContentResolver: java.io.InputStream openInputStream(android.net.Uri)>",
					"source":"CALLER"
				},
				{
					"trace":[
						"<android.content.ContentResolver: java.io.OutputStream openOutputStream(android.net.Uri,java.lang.String)>",
						"<android.content.ContentResolver: android.content.res.AssetFileDescriptor openAssetFileDescriptor(android.net.Uri,java.lang.String,android.os.CancellationSignal)>",
						"<android.content.res.AssetFileDescriptor: void <init>(android.os.ParcelFileDescriptor,long,long)>",
						"<android.content.res.AssetFileDescriptor: void <init>(android.os.ParcelFileDescriptor,long,long,android.os.Bundle)>"
					],
					"depth":3,
					"method":"<android.content.ContentResolver: java.io.OutputStream openOutputStream(android.net.Uri,java.lang.String)>",
					"source":"CALLER"
				},
				{
					"trace":[
						"<android.content.ContentResolver: android.os.ParcelFileDescriptor openFileDescriptor(android.net.Uri,java.lang.String,android.os.CancellationSignal)>",
						"<android.content.ContentResolver: android.content.res.AssetFileDescriptor openAssetFileDescriptor(android.net.Uri,java.lang.String,android.os.CancellationSignal)>",
						"<android.content.res.AssetFileDescriptor: void <init>(android.os.ParcelFileDescriptor,long,long)>",
						"<android.content.res.AssetFileDescriptor: void <init>(android.os.ParcelFileDescriptor,long,long,android.os.Bundle)>"
					],
					"depth":3,
					"method":"<android.content.ContentResolver: android.os.ParcelFileDescriptor openFileDescriptor(android.net.Uri,java.lang.String,android.os.CancellationSignal)>",
					"source":"CALLER"
				},
				{
					"trace":[
						"<android.content.ContentResolver: android.content.res.AssetFileDescriptor openAssetFile(android.net.Uri,java.lang.String,android.os.CancellationSignal)>",
						"<android.content.ContentResolver: android.content.res.AssetFileDescriptor openAssetFileDescriptor(android.net.Uri,java.lang.String,android.os.CancellationSignal)>",
						"<android.content.res.AssetFileDescriptor: void <init>(android.os.ParcelFileDescriptor,long,long)>",
						"<android.content.res.AssetFileDescriptor: void <init>(android.os.ParcelFileDescriptor,long,long,android.os.Bundle)>"
					],
					"depth":3,
					"method":"<android.content.ContentResolver: android.content.res.AssetFileDescriptor openAssetFile(android.net.Uri,java.lang.String,android.os.CancellationSignal)>",
					"source":"CALLER"
				},
				{
					"trace":[
						"<android.content.ContentInterface: android.content.res.AssetFileDescriptor openAssetFile(android.net.Uri,java.lang.String,android.os.CancellationSignal)>",
						"<android.content.ContentResolver: android.content.res.AssetFileDescriptor openAssetFileDescriptor(android.net.Uri,java.lang.String,android.os.CancellationSignal)>",
						"<android.content.res.AssetFileDescriptor: void <init>(android.os.ParcelFileDescriptor,long,long)>",
						"<android.content.res.AssetFileDescriptor: void <init>(android.os.ParcelFileDescriptor,long,long,android.os.Bundle)>"
					],
					"depth":3,
					"method":"<android.content.ContentInterface: android.content.res.AssetFileDescriptor openAssetFile(android.net.Uri,java.lang.String,android.os.CancellationSignal)>",
					"source":"CALLER"
				},
				{
					"trace":[
						"<android.content.ContentResolver: android.content.res.AssetFileDescriptor openAssetFileDescriptor(android.net.Uri,java.lang.String)>",
						"<android.content.ContentResolver: android.content.res.AssetFileDescriptor openAssetFileDescriptor(android.net.Uri,java.lang.String,android.os.CancellationSignal)>",
						"<android.content.res.AssetFileDescriptor: void <init>(android.os.ParcelFileDescriptor,long,long)>",
						"<android.content.res.AssetFileDescriptor: void <init>(android.os.ParcelFileDescriptor,long,long,android.os.Bundle)>"
					],
					"depth":3,
					"method":"<android.content.ContentResolver: android.content.res.AssetFileDescriptor openAssetFileDescriptor(android.net.Uri,java.lang.String)>",
					"source":"CALLER"
				},
				{
					"trace":[
						"<android.content.res.AssetManager: android.content.res.AssetFileDescriptor openNonAssetFd(java.lang.String)>",
						"<android.content.res.AssetManager: android.content.res.AssetFileDescriptor openNonAssetFd(int,java.lang.String)>",
						"<android.content.res.AssetFileDescriptor: void <init>(android.os.ParcelFileDescriptor,long,long)>",
						"<android.content.res.AssetFileDescriptor: void <init>(android.os.ParcelFileDescriptor,long,long,android.os.Bundle)>"
					],
					"depth":3,
					"method":"<android.content.res.AssetManager: android.content.res.AssetFileDescriptor openNonAssetFd(java.lang.String)>",
					"source":"CALLER"
				},
				{
					"trace":[
						"<android.content.ContentProvider: android.content.res.AssetFileDescriptor openAssetFile(android.net.Uri,java.lang.String,android.os.CancellationSignal)>",
						"<android.content.ContentProvider: android.content.res.AssetFileDescriptor openAssetFile(android.net.Uri,java.lang.String)>",
						"<android.content.res.AssetFileDescriptor: void <init>(android.os.ParcelFileDescriptor,long,long)>",
						"<android.content.res.AssetFileDescriptor: void <init>(android.os.ParcelFileDescriptor,long,long,android.os.Bundle)>"
					],
					"depth":3,
					"method":"<android.content.ContentProvider: android.content.res.AssetFileDescriptor openAssetFile(android.net.Uri,java.lang.String,android.os.CancellationSignal)>",
					"source":"CALLER"
				},
				{
					"trace":[
						"<android.content.ContentProvider: android.content.res.AssetFileDescriptor openTypedAssetFile(android.net.Uri,java.lang.String,android.os.Bundle)>",
						"<android.content.ContentProvider: android.content.res.AssetFileDescriptor openAssetFile(android.net.Uri,java.lang.String)>",
						"<android.content.res.AssetFileDescriptor: void <init>(android.os.ParcelFileDescriptor,long,long)>",
						"<android.content.res.AssetFileDescriptor: void <init>(android.os.ParcelFileDescriptor,long,long,android.os.Bundle)>"
					],
					"depth":3,
					"method":"<android.content.ContentProvider: android.content.res.AssetFileDescriptor openTypedAssetFile(android.net.Uri,java.lang.String,android.os.Bundle)>",
					"source":"CALLER"
				},
				{
					"trace":[
						"<android.content.ContentInterface: android.content.res.AssetFileDescriptor openTypedAssetFile(android.net.Uri,java.lang.String,android.os.Bundle,android.os.CancellationSignal)>",
						"<android.content.ContentProvider: android.content.res.AssetFileDescriptor openAssetFile(android.net.Uri,java.lang.String)>",
						"<android.content.res.AssetFileDescriptor: void <init>(android.os.ParcelFileDescriptor,long,long)>",
						"<android.content.res.AssetFileDescriptor: void <init>(android.os.ParcelFileDescriptor,long,long,android.os.Bundle)>"
					],
					"depth":3,
					"method":"<android.content.ContentInterface: android.content.res.AssetFileDescriptor openTypedAssetFile(android.net.Uri,java.lang.String,android.os.Bundle,android.os.CancellationSignal)>",
					"source":"CALLER"
				},
				{
					"trace":[
						"<android.content.ContentResolver: android.content.res.AssetFileDescriptor openTypedAssetFileDescriptor(android.net.Uri,java.lang.String,android.os.Bundle)>",
						"<android.content.ContentResolver: android.content.res.AssetFileDescriptor openTypedAssetFileDescriptor(android.net.Uri,java.lang.String,android.os.Bundle,android.os.CancellationSignal)>",
						"<android.content.res.AssetFileDescriptor: void <init>(android.os.ParcelFileDescriptor,long,long)>",
						"<android.content.res.AssetFileDescriptor: void <init>(android.os.ParcelFileDescriptor,long,long,android.os.Bundle)>"
					],
					"depth":3,
					"method":"<android.content.ContentResolver: android.content.res.AssetFileDescriptor openTypedAssetFileDescriptor(android.net.Uri,java.lang.String,android.os.Bundle)>",
					"source":"CALLER"
				},
				{
					"trace":[
						"<android.content.ContentResolver: android.content.res.AssetFileDescriptor openTypedAssetFile(android.net.Uri,java.lang.String,android.os.Bundle,android.os.CancellationSignal)>",
						"<android.content.ContentResolver: android.content.res.AssetFileDescriptor openTypedAssetFileDescriptor(android.net.Uri,java.lang.String,android.os.Bundle,android.os.CancellationSignal)>",
						"<android.content.res.AssetFileDescriptor: void <init>(android.os.ParcelFileDescriptor,long,long)>",
						"<android.content.res.AssetFileDescriptor: void <init>(android.os.ParcelFileDescriptor,long,long,android.os.Bundle)>"
					],
					"depth":3,
					"method":"<android.content.ContentResolver: android.content.res.AssetFileDescriptor openTypedAssetFile(android.net.Uri,java.lang.String,android.os.Bundle,android.os.CancellationSignal)>",
					"source":"CALLER"
				},
				{
					"trace":[
						"<android.content.ContentResolver: java.io.OutputStream openOutputStream(android.net.Uri)>",
						"<android.content.ContentResolver: java.io.OutputStream openOutputStream(android.net.Uri,java.lang.String)>",
						"<android.content.ContentResolver: android.content.res.AssetFileDescriptor openAssetFileDescriptor(android.net.Uri,java.lang.String,android.os.CancellationSignal)>",
						"<android.content.res.AssetFileDescriptor: void <init>(android.os.ParcelFileDescriptor,long,long)>",
						"<android.content.res.AssetFileDescriptor: void <init>(android.os.ParcelFileDescriptor,long,long,android.os.Bundle)>"
					],
					"depth":4,
					"method":"<android.content.ContentResolver: java.io.OutputStream openOutputStream(android.net.Uri)>",
					"source":"CALLER"
				},
				{
					"trace":[
						"<android.content.ContentResolver: android.os.ParcelFileDescriptor openFile(android.net.Uri,java.lang.String,android.os.CancellationSignal)>",
						"<android.content.ContentResolver: android.os.ParcelFileDescriptor openFileDescriptor(android.net.Uri,java.lang.String,android.os.CancellationSignal)>",
						"<android.content.ContentResolver: android.content.res.AssetFileDescriptor openAssetFileDescriptor(android.net.Uri,java.lang.String,android.os.CancellationSignal)>",
						"<android.content.res.AssetFileDescriptor: void <init>(android.os.ParcelFileDescriptor,long,long)>",
						"<android.content.res.AssetFileDescriptor: void <init>(android.os.ParcelFileDescriptor,long,long,android.os.Bundle)>"
					],
					"depth":4,
					"method":"<android.content.ContentResolver: android.os.ParcelFileDescriptor openFile(android.net.Uri,java.lang.String,android.os.CancellationSignal)>",
					"source":"CALLER"
				},
				{
					"trace":[
						"<android.content.ContentInterface: android.os.ParcelFileDescriptor openFile(android.net.Uri,java.lang.String,android.os.CancellationSignal)>",
						"<android.content.ContentResolver: android.os.ParcelFileDescriptor openFileDescriptor(android.net.Uri,java.lang.String,android.os.CancellationSignal)>",
						"<android.content.ContentResolver: android.content.res.AssetFileDescriptor openAssetFileDescriptor(android.net.Uri,java.lang.String,android.os.CancellationSignal)>",
						"<android.content.res.AssetFileDescriptor: void <init>(android.os.ParcelFileDescriptor,long,long)>",
						"<android.content.res.AssetFileDescriptor: void <init>(android.os.ParcelFileDescriptor,long,long,android.os.Bundle)>"
					],
					"depth":4,
					"method":"<android.content.ContentInterface: android.os.ParcelFileDescriptor openFile(android.net.Uri,java.lang.String,android.os.CancellationSignal)>",
					"source":"CALLER"
				},
				{
					"trace":[
						"<android.content.ContentResolver: android.os.ParcelFileDescriptor openFileDescriptor(android.net.Uri,java.lang.String)>",
						"<android.content.ContentResolver: android.os.ParcelFileDescriptor openFileDescriptor(android.net.Uri,java.lang.String,android.os.CancellationSignal)>",
						"<android.content.ContentResolver: android.content.res.AssetFileDescriptor openAssetFileDescriptor(android.net.Uri,java.lang.String,android.os.CancellationSignal)>",
						"<android.content.res.AssetFileDescriptor: void <init>(android.os.ParcelFileDescriptor,long,long)>",
						"<android.content.res.AssetFileDescriptor: void <init>(android.os.ParcelFileDescriptor,long,long,android.os.Bundle)>"
					],
					"depth":4,
					"method":"<android.content.ContentResolver: android.os.ParcelFileDescriptor openFileDescriptor(android.net.Uri,java.lang.String)>",
					"source":"CALLER"
				},
				{
					"trace":[
						"<android.content.ContentProvider: android.content.res.AssetFileDescriptor openTypedAssetFile(android.net.Uri,java.lang.String,android.os.Bundle,android.os.CancellationSignal)>",
						"<android.content.ContentProvider: android.content.res.AssetFileDescriptor openTypedAssetFile(android.net.Uri,java.lang.String,android.os.Bundle)>",
						"<android.content.ContentProvider: android.content.res.AssetFileDescriptor openAssetFile(android.net.Uri,java.lang.String)>",
						"<android.content.res.AssetFileDescriptor: void <init>(android.os.ParcelFileDescriptor,long,long)>",
						"<android.content.res.AssetFileDescriptor: void <init>(android.os.ParcelFileDescriptor,long,long,android.os.Bundle)>"
					],
					"depth":4,
					"method":"<android.content.ContentProvider: android.content.res.AssetFileDescriptor openTypedAssetFile(android.net.Uri,java.lang.String,android.os.Bundle,android.os.CancellationSignal)>",
					"source":"CALLER"
				}
			],
			"callerOfSingnlar2SourceVar":{
				"<android.content.res.AssetFileDescriptor: void <init>(android.os.ParcelFileDescriptor,long,long)>":"1, 2, 0",
				"<android.content.res.AssetFileDescriptor: void <init>(android.os.ParcelFileDescriptor,long,long,android.os.Bundle)>":"1, 2, 0"
			}
		},
		{
			"method":"<android.content.res.AssetFileDescriptor: void <init>(android.os.ParcelFileDescriptor,long,long,android.os.Bundle)>",
			"message":"\\Qfd must not be null\\E",
			"relatedVarType":"Parameter",
			"relatedCondType":"Basic",
			"modifier":"public",
			"type":"java.lang.IllegalArgumentException",
			"osVersionRelated":false,
			"resourceRelated":false,
			"assessRelated":false,
			"hardwareRelated":true,
			"manifestRelated":false,
			"conditions":"r1 != null",
			"paramValues":"@parameter0: android.os.ParcelFileDescriptor",
			"relatedValues":"@parameter0: android.os.ParcelFileDescriptor; ; ",
			"keyAPISameClassNum":0,
			"keyAPIDiffClassNum":0,
			"keyAPISameClass":[
				{
					"trace":[
						"<android.content.res.AssetFileDescriptor: void <init>(android.os.ParcelFileDescriptor,long,long,android.os.Bundle)>"
					],
					"depth":0,
					"method":"<android.content.res.AssetFileDescriptor: void <init>(android.os.ParcelFileDescriptor,long,long,android.os.Bundle)>",
					"source":"CALLER"
				},
				{
					"trace":[
						"<android.content.res.AssetFileDescriptor: void <init>(android.os.ParcelFileDescriptor,long,long)>",
						"<android.content.res.AssetFileDescriptor: void <init>(android.os.ParcelFileDescriptor,long,long,android.os.Bundle)>"
					],
					"depth":1,
					"method":"<android.content.res.AssetFileDescriptor: void <init>(android.os.ParcelFileDescriptor,long,long)>",
					"source":"CALLER"
				}
			],
			"keyAPIDiffClass":[
				{
					"trace":[
						"<android.content.ContentResolver: android.content.res.AssetFileDescriptor openAssetFileDescriptor(android.net.Uri,java.lang.String,android.os.CancellationSignal)>",
						"<android.content.res.AssetFileDescriptor: void <init>(android.os.ParcelFileDescriptor,long,long)>",
						"<android.content.res.AssetFileDescriptor: void <init>(android.os.ParcelFileDescriptor,long,long,android.os.Bundle)>"
					],
					"depth":2,
					"method":"<android.content.ContentResolver: android.content.res.AssetFileDescriptor openAssetFileDescriptor(android.net.Uri,java.lang.String,android.os.CancellationSignal)>",
					"source":"CALLER"
				},
				{
					"trace":[
						"<android.content.res.AssetManager: android.content.res.AssetFileDescriptor openNonAssetFd(int,java.lang.String)>",
						"<android.content.res.AssetFileDescriptor: void <init>(android.os.ParcelFileDescriptor,long,long)>",
						"<android.content.res.AssetFileDescriptor: void <init>(android.os.ParcelFileDescriptor,long,long,android.os.Bundle)>"
					],
					"depth":2,
					"method":"<android.content.res.AssetManager: android.content.res.AssetFileDescriptor openNonAssetFd(int,java.lang.String)>",
					"source":"CALLER"
				},
				{
					"trace":[
						"<android.content.res.AssetManager: android.content.res.AssetFileDescriptor openFd(java.lang.String)>",
						"<android.content.res.AssetFileDescriptor: void <init>(android.os.ParcelFileDescriptor,long,long)>",
						"<android.content.res.AssetFileDescriptor: void <init>(android.os.ParcelFileDescriptor,long,long,android.os.Bundle)>"
					],
					"depth":2,
					"method":"<android.content.res.AssetManager: android.content.res.AssetFileDescriptor openFd(java.lang.String)>",
					"source":"CALLER"
				},
				{
					"trace":[
						"<android.content.ContentProvider: android.content.res.AssetFileDescriptor openAssetFile(android.net.Uri,java.lang.String)>",
						"<android.content.res.AssetFileDescriptor: void <init>(android.os.ParcelFileDescriptor,long,long)>",
						"<android.content.res.AssetFileDescriptor: void <init>(android.os.ParcelFileDescriptor,long,long,android.os.Bundle)>"
					],
					"depth":2,
					"method":"<android.content.ContentProvider: android.content.res.AssetFileDescriptor openAssetFile(android.net.Uri,java.lang.String)>",
					"source":"CALLER"
				},
				{
					"trace":[
						"<android.content.ContentResolver: android.content.res.AssetFileDescriptor openTypedAssetFileDescriptor(android.net.Uri,java.lang.String,android.os.Bundle,android.os.CancellationSignal)>",
						"<android.content.res.AssetFileDescriptor: void <init>(android.os.ParcelFileDescriptor,long,long)>",
						"<android.content.res.AssetFileDescriptor: void <init>(android.os.ParcelFileDescriptor,long,long,android.os.Bundle)>"
					],
					"depth":2,
					"method":"<android.content.ContentResolver: android.content.res.AssetFileDescriptor openTypedAssetFileDescriptor(android.net.Uri,java.lang.String,android.os.Bundle,android.os.CancellationSignal)>",
					"source":"CALLER"
				},
				{
					"trace":[
						"<android.content.ContentResolver: java.io.InputStream openInputStream(android.net.Uri)>",
						"<android.content.ContentResolver: android.content.res.AssetFileDescriptor openAssetFileDescriptor(android.net.Uri,java.lang.String,android.os.CancellationSignal)>",
						"<android.content.res.AssetFileDescriptor: void <init>(android.os.ParcelFileDescriptor,long,long)>",
						"<android.content.res.AssetFileDescriptor: void <init>(android.os.ParcelFileDescriptor,long,long,android.os.Bundle)>"
					],
					"depth":3,
					"method":"<android.content.ContentResolver: java.io.InputStream openInputStream(android.net.Uri)>",
					"source":"CALLER"
				},
				{
					"trace":[
						"<android.content.ContentResolver: java.io.OutputStream openOutputStream(android.net.Uri,java.lang.String)>",
						"<android.content.ContentResolver: android.content.res.AssetFileDescriptor openAssetFileDescriptor(android.net.Uri,java.lang.String,android.os.CancellationSignal)>",
						"<android.content.res.AssetFileDescriptor: void <init>(android.os.ParcelFileDescriptor,long,long)>",
						"<android.content.res.AssetFileDescriptor: void <init>(android.os.ParcelFileDescriptor,long,long,android.os.Bundle)>"
					],
					"depth":3,
					"method":"<android.content.ContentResolver: java.io.OutputStream openOutputStream(android.net.Uri,java.lang.String)>",
					"source":"CALLER"
				},
				{
					"trace":[
						"<android.content.ContentResolver: android.os.ParcelFileDescriptor openFileDescriptor(android.net.Uri,java.lang.String,android.os.CancellationSignal)>",
						"<android.content.ContentResolver: android.content.res.AssetFileDescriptor openAssetFileDescriptor(android.net.Uri,java.lang.String,android.os.CancellationSignal)>",
						"<android.content.res.AssetFileDescriptor: void <init>(android.os.ParcelFileDescriptor,long,long)>",
						"<android.content.res.AssetFileDescriptor: void <init>(android.os.ParcelFileDescriptor,long,long,android.os.Bundle)>"
					],
					"depth":3,
					"method":"<android.content.ContentResolver: android.os.ParcelFileDescriptor openFileDescriptor(android.net.Uri,java.lang.String,android.os.CancellationSignal)>",
					"source":"CALLER"
				},
				{
					"trace":[
						"<android.content.ContentResolver: android.content.res.AssetFileDescriptor openAssetFile(android.net.Uri,java.lang.String,android.os.CancellationSignal)>",
						"<android.content.ContentResolver: android.content.res.AssetFileDescriptor openAssetFileDescriptor(android.net.Uri,java.lang.String,android.os.CancellationSignal)>",
						"<android.content.res.AssetFileDescriptor: void <init>(android.os.ParcelFileDescriptor,long,long)>",
						"<android.content.res.AssetFileDescriptor: void <init>(android.os.ParcelFileDescriptor,long,long,android.os.Bundle)>"
					],
					"depth":3,
					"method":"<android.content.ContentResolver: android.content.res.AssetFileDescriptor openAssetFile(android.net.Uri,java.lang.String,android.os.CancellationSignal)>",
					"source":"CALLER"
				},
				{
					"trace":[
						"<android.content.ContentInterface: android.content.res.AssetFileDescriptor openAssetFile(android.net.Uri,java.lang.String,android.os.CancellationSignal)>",
						"<android.content.ContentResolver: android.content.res.AssetFileDescriptor openAssetFileDescriptor(android.net.Uri,java.lang.String,android.os.CancellationSignal)>",
						"<android.content.res.AssetFileDescriptor: void <init>(android.os.ParcelFileDescriptor,long,long)>",
						"<android.content.res.AssetFileDescriptor: void <init>(android.os.ParcelFileDescriptor,long,long,android.os.Bundle)>"
					],
					"depth":3,
					"method":"<android.content.ContentInterface: android.content.res.AssetFileDescriptor openAssetFile(android.net.Uri,java.lang.String,android.os.CancellationSignal)>",
					"source":"CALLER"
				},
				{
					"trace":[
						"<android.content.ContentResolver: android.content.res.AssetFileDescriptor openAssetFileDescriptor(android.net.Uri,java.lang.String)>",
						"<android.content.ContentResolver: android.content.res.AssetFileDescriptor openAssetFileDescriptor(android.net.Uri,java.lang.String,android.os.CancellationSignal)>",
						"<android.content.res.AssetFileDescriptor: void <init>(android.os.ParcelFileDescriptor,long,long)>",
						"<android.content.res.AssetFileDescriptor: void <init>(android.os.ParcelFileDescriptor,long,long,android.os.Bundle)>"
					],
					"depth":3,
					"method":"<android.content.ContentResolver: android.content.res.AssetFileDescriptor openAssetFileDescriptor(android.net.Uri,java.lang.String)>",
					"source":"CALLER"
				},
				{
					"trace":[
						"<android.content.res.AssetManager: android.content.res.AssetFileDescriptor openNonAssetFd(java.lang.String)>",
						"<android.content.res.AssetManager: android.content.res.AssetFileDescriptor openNonAssetFd(int,java.lang.String)>",
						"<android.content.res.AssetFileDescriptor: void <init>(android.os.ParcelFileDescriptor,long,long)>",
						"<android.content.res.AssetFileDescriptor: void <init>(android.os.ParcelFileDescriptor,long,long,android.os.Bundle)>"
					],
					"depth":3,
					"method":"<android.content.res.AssetManager: android.content.res.AssetFileDescriptor openNonAssetFd(java.lang.String)>",
					"source":"CALLER"
				},
				{
					"trace":[
						"<android.content.ContentProvider: android.content.res.AssetFileDescriptor openAssetFile(android.net.Uri,java.lang.String,android.os.CancellationSignal)>",
						"<android.content.ContentProvider: android.content.res.AssetFileDescriptor openAssetFile(android.net.Uri,java.lang.String)>",
						"<android.content.res.AssetFileDescriptor: void <init>(android.os.ParcelFileDescriptor,long,long)>",
						"<android.content.res.AssetFileDescriptor: void <init>(android.os.ParcelFileDescriptor,long,long,android.os.Bundle)>"
					],
					"depth":3,
					"method":"<android.content.ContentProvider: android.content.res.AssetFileDescriptor openAssetFile(android.net.Uri,java.lang.String,android.os.CancellationSignal)>",
					"source":"CALLER"
				},
				{
					"trace":[
						"<android.content.ContentProvider: android.content.res.AssetFileDescriptor openTypedAssetFile(android.net.Uri,java.lang.String,android.os.Bundle)>",
						"<android.content.ContentProvider: android.content.res.AssetFileDescriptor openAssetFile(android.net.Uri,java.lang.String)>",
						"<android.content.res.AssetFileDescriptor: void <init>(android.os.ParcelFileDescriptor,long,long)>",
						"<android.content.res.AssetFileDescriptor: void <init>(android.os.ParcelFileDescriptor,long,long,android.os.Bundle)>"
					],
					"depth":3,
					"method":"<android.content.ContentProvider: android.content.res.AssetFileDescriptor openTypedAssetFile(android.net.Uri,java.lang.String,android.os.Bundle)>",
					"source":"CALLER"
				},
				{
					"trace":[
						"<android.content.ContentInterface: android.content.res.AssetFileDescriptor openTypedAssetFile(android.net.Uri,java.lang.String,android.os.Bundle,android.os.CancellationSignal)>",
						"<android.content.ContentProvider: android.content.res.AssetFileDescriptor openAssetFile(android.net.Uri,java.lang.String)>",
						"<android.content.res.AssetFileDescriptor: void <init>(android.os.ParcelFileDescriptor,long,long)>",
						"<android.content.res.AssetFileDescriptor: void <init>(android.os.ParcelFileDescriptor,long,long,android.os.Bundle)>"
					],
					"depth":3,
					"method":"<android.content.ContentInterface: android.content.res.AssetFileDescriptor openTypedAssetFile(android.net.Uri,java.lang.String,android.os.Bundle,android.os.CancellationSignal)>",
					"source":"CALLER"
				},
				{
					"trace":[
						"<android.content.ContentResolver: android.content.res.AssetFileDescriptor openTypedAssetFileDescriptor(android.net.Uri,java.lang.String,android.os.Bundle)>",
						"<android.content.ContentResolver: android.content.res.AssetFileDescriptor openTypedAssetFileDescriptor(android.net.Uri,java.lang.String,android.os.Bundle,android.os.CancellationSignal)>",
						"<android.content.res.AssetFileDescriptor: void <init>(android.os.ParcelFileDescriptor,long,long)>",
						"<android.content.res.AssetFileDescriptor: void <init>(android.os.ParcelFileDescriptor,long,long,android.os.Bundle)>"
					],
					"depth":3,
					"method":"<android.content.ContentResolver: android.content.res.AssetFileDescriptor openTypedAssetFileDescriptor(android.net.Uri,java.lang.String,android.os.Bundle)>",
					"source":"CALLER"
				},
				{
					"trace":[
						"<android.content.ContentResolver: android.content.res.AssetFileDescriptor openTypedAssetFile(android.net.Uri,java.lang.String,android.os.Bundle,android.os.CancellationSignal)>",
						"<android.content.ContentResolver: android.content.res.AssetFileDescriptor openTypedAssetFileDescriptor(android.net.Uri,java.lang.String,android.os.Bundle,android.os.CancellationSignal)>",
						"<android.content.res.AssetFileDescriptor: void <init>(android.os.ParcelFileDescriptor,long,long)>",
						"<android.content.res.AssetFileDescriptor: void <init>(android.os.ParcelFileDescriptor,long,long,android.os.Bundle)>"
					],
					"depth":3,
					"method":"<android.content.ContentResolver: android.content.res.AssetFileDescriptor openTypedAssetFile(android.net.Uri,java.lang.String,android.os.Bundle,android.os.CancellationSignal)>",
					"source":"CALLER"
				},
				{
					"trace":[
						"<android.content.ContentResolver: java.io.OutputStream openOutputStream(android.net.Uri)>",
						"<android.content.ContentResolver: java.io.OutputStream openOutputStream(android.net.Uri,java.lang.String)>",
						"<android.content.ContentResolver: android.content.res.AssetFileDescriptor openAssetFileDescriptor(android.net.Uri,java.lang.String,android.os.CancellationSignal)>",
						"<android.content.res.AssetFileDescriptor: void <init>(android.os.ParcelFileDescriptor,long,long)>",
						"<android.content.res.AssetFileDescriptor: void <init>(android.os.ParcelFileDescriptor,long,long,android.os.Bundle)>"
					],
					"depth":4,
					"method":"<android.content.ContentResolver: java.io.OutputStream openOutputStream(android.net.Uri)>",
					"source":"CALLER"
				},
				{
					"trace":[
						"<android.content.ContentResolver: android.os.ParcelFileDescriptor openFile(android.net.Uri,java.lang.String,android.os.CancellationSignal)>",
						"<android.content.ContentResolver: android.os.ParcelFileDescriptor openFileDescriptor(android.net.Uri,java.lang.String,android.os.CancellationSignal)>",
						"<android.content.ContentResolver: android.content.res.AssetFileDescriptor openAssetFileDescriptor(android.net.Uri,java.lang.String,android.os.CancellationSignal)>",
						"<android.content.res.AssetFileDescriptor: void <init>(android.os.ParcelFileDescriptor,long,long)>",
						"<android.content.res.AssetFileDescriptor: void <init>(android.os.ParcelFileDescriptor,long,long,android.os.Bundle)>"
					],
					"depth":4,
					"method":"<android.content.ContentResolver: android.os.ParcelFileDescriptor openFile(android.net.Uri,java.lang.String,android.os.CancellationSignal)>",
					"source":"CALLER"
				},
				{
					"trace":[
						"<android.content.ContentInterface: android.os.ParcelFileDescriptor openFile(android.net.Uri,java.lang.String,android.os.CancellationSignal)>",
						"<android.content.ContentResolver: android.os.ParcelFileDescriptor openFileDescriptor(android.net.Uri,java.lang.String,android.os.CancellationSignal)>",
						"<android.content.ContentResolver: android.content.res.AssetFileDescriptor openAssetFileDescriptor(android.net.Uri,java.lang.String,android.os.CancellationSignal)>",
						"<android.content.res.AssetFileDescriptor: void <init>(android.os.ParcelFileDescriptor,long,long)>",
						"<android.content.res.AssetFileDescriptor: void <init>(android.os.ParcelFileDescriptor,long,long,android.os.Bundle)>"
					],
					"depth":4,
					"method":"<android.content.ContentInterface: android.os.ParcelFileDescriptor openFile(android.net.Uri,java.lang.String,android.os.CancellationSignal)>",
					"source":"CALLER"
				},
				{
					"trace":[
						"<android.content.ContentResolver: android.os.ParcelFileDescriptor openFileDescriptor(android.net.Uri,java.lang.String)>",
						"<android.content.ContentResolver: android.os.ParcelFileDescriptor openFileDescriptor(android.net.Uri,java.lang.String,android.os.CancellationSignal)>",
						"<android.content.ContentResolver: android.content.res.AssetFileDescriptor openAssetFileDescriptor(android.net.Uri,java.lang.String,android.os.CancellationSignal)>",
						"<android.content.res.AssetFileDescriptor: void <init>(android.os.ParcelFileDescriptor,long,long)>",
						"<android.content.res.AssetFileDescriptor: void <init>(android.os.ParcelFileDescriptor,long,long,android.os.Bundle)>"
					],
					"depth":4,
					"method":"<android.content.ContentResolver: android.os.ParcelFileDescriptor openFileDescriptor(android.net.Uri,java.lang.String)>",
					"source":"CALLER"
				},
				{
					"trace":[
						"<android.content.ContentProvider: android.content.res.AssetFileDescriptor openTypedAssetFile(android.net.Uri,java.lang.String,android.os.Bundle,android.os.CancellationSignal)>",
						"<android.content.ContentProvider: android.content.res.AssetFileDescriptor openTypedAssetFile(android.net.Uri,java.lang.String,android.os.Bundle)>",
						"<android.content.ContentProvider: android.content.res.AssetFileDescriptor openAssetFile(android.net.Uri,java.lang.String)>",
						"<android.content.res.AssetFileDescriptor: void <init>(android.os.ParcelFileDescriptor,long,long)>",
						"<android.content.res.AssetFileDescriptor: void <init>(android.os.ParcelFileDescriptor,long,long,android.os.Bundle)>"
					],
					"depth":4,
					"method":"<android.content.ContentProvider: android.content.res.AssetFileDescriptor openTypedAssetFile(android.net.Uri,java.lang.String,android.os.Bundle,android.os.CancellationSignal)>",
					"source":"CALLER"
				}
			],
			"callerOfSingnlar2SourceVar":{
				"<android.content.res.AssetFileDescriptor: void <init>(android.os.ParcelFileDescriptor,long,long)>":"0",
				"<android.content.res.AssetFileDescriptor: void <init>(android.os.ParcelFileDescriptor,long,long,android.os.Bundle)>":"0"
			}
		}
	]
}