{
	"exceptions":[
		{
			"method":"<android.content.pm.PackageParser$Component: java.util.ArrayList createIntentsList(android.os.Parcel)>",
			"message":"\\QUnable to construct intent list for: \\E[\\s\\S]*",
			"relatedVarType":"Parameter",
			"relatedCondType":"Basic",
			"modifier":"private",
			"type":"java.lang.AssertionError",
			"osVersionRelated":false,
			"resourceRelated":false,
			"assessRelated":false,
			"hardwareRelated":false,
			"manifestRelated":false,
			"conditions":"i0 != 0, i0 != -1, i1 >= i0",
			"paramValues":"@parameter0: android.os.Parcel",
			"caughtValues":"@caughtexception",
			"relatedValues":"@parameter0: android.os.Parcel; ; @caughtexception",
			"keyAPISameClassNum":0,
			"keyAPIDiffClassNum":0,
			"keyAPISameClass":[
				{
					"trace":[
						"<android.content.pm.PackageParser$Component: java.util.ArrayList createIntentsList(android.os.Parcel)>"
					],
					"depth":0,
					"method":"<android.content.pm.PackageParser$Component: java.util.ArrayList createIntentsList(android.os.Parcel)>",
					"source":"CALLER"
				}
			],
			"keyAPIDiffClass":[
				{
					"trace":[
						"<android.content.pm.PackageParser$Activity$1: android.content.pm.PackageParser$Activity createFromParcel(android.os.Parcel)>",
						"<android.content.pm.PackageParser$Activity: void <init>(android.os.Parcel,android.content.pm.PackageParser$1)>",
						"<android.content.pm.PackageParser$Activity: void <init>(android.os.Parcel)>",
						"<android.content.pm.PackageParser$Component: void <init>(android.os.Parcel)>",
						"<android.content.pm.PackageParser$Component: java.util.ArrayList createIntentsList(android.os.Parcel)>"
					],
					"depth":4,
					"method":"<android.content.pm.PackageParser$Activity$1: android.content.pm.PackageParser$Activity createFromParcel(android.os.Parcel)>",
					"source":"CALLER"
				},
				{
					"trace":[
						"<android.os.Parcelable$Creator: java.lang.Object createFromParcel(android.os.Parcel)>",
						"<android.content.pm.PackageParser$Activity: void <init>(android.os.Parcel,android.content.pm.PackageParser$1)>",
						"<android.content.pm.PackageParser$Activity: void <init>(android.os.Parcel)>",
						"<android.content.pm.PackageParser$Component: void <init>(android.os.Parcel)>",
						"<android.content.pm.PackageParser$Component: java.util.ArrayList createIntentsList(android.os.Parcel)>"
					],
					"depth":4,
					"method":"<android.os.Parcelable$Creator: java.lang.Object createFromParcel(android.os.Parcel)>",
					"source":"CALLER"
				},
				{
					"trace":[
						"<android.content.pm.PackageParser$PermissionGroup$1: android.content.pm.PackageParser$PermissionGroup createFromParcel(android.os.Parcel)>",
						"<android.content.pm.PackageParser$PermissionGroup: void <init>(android.os.Parcel,android.content.pm.PackageParser$1)>",
						"<android.content.pm.PackageParser$PermissionGroup: void <init>(android.os.Parcel)>",
						"<android.content.pm.PackageParser$Component: void <init>(android.os.Parcel)>",
						"<android.content.pm.PackageParser$Component: java.util.ArrayList createIntentsList(android.os.Parcel)>"
					],
					"depth":4,
					"method":"<android.content.pm.PackageParser$PermissionGroup$1: android.content.pm.PackageParser$PermissionGroup createFromParcel(android.os.Parcel)>",
					"source":"CALLER"
				},
				{
					"trace":[
						"<android.content.pm.PackageParser$Permission$1: android.content.pm.PackageParser$Permission createFromParcel(android.os.Parcel)>",
						"<android.content.pm.PackageParser$Permission: void <init>(android.os.Parcel,android.content.pm.PackageParser$1)>",
						"<android.content.pm.PackageParser$Permission: void <init>(android.os.Parcel)>",
						"<android.content.pm.PackageParser$Component: void <init>(android.os.Parcel)>",
						"<android.content.pm.PackageParser$Component: java.util.ArrayList createIntentsList(android.os.Parcel)>"
					],
					"depth":4,
					"method":"<android.content.pm.PackageParser$Permission$1: android.content.pm.PackageParser$Permission createFromParcel(android.os.Parcel)>",
					"source":"CALLER"
				},
				{
					"trace":[
						"<android.content.pm.PackageParser$Provider$1: android.content.pm.PackageParser$Provider createFromParcel(android.os.Parcel)>",
						"<android.content.pm.PackageParser$Provider: void <init>(android.os.Parcel,android.content.pm.PackageParser$1)>",
						"<android.content.pm.PackageParser$Provider: void <init>(android.os.Parcel)>",
						"<android.content.pm.PackageParser$Component: void <init>(android.os.Parcel)>",
						"<android.content.pm.PackageParser$Component: java.util.ArrayList createIntentsList(android.os.Parcel)>"
					],
					"depth":4,
					"method":"<android.content.pm.PackageParser$Provider$1: android.content.pm.PackageParser$Provider createFromParcel(android.os.Parcel)>",
					"source":"CALLER"
				},
				{
					"trace":[
						"<android.content.pm.PackageParser$Instrumentation$1: android.content.pm.PackageParser$Instrumentation createFromParcel(android.os.Parcel)>",
						"<android.content.pm.PackageParser$Instrumentation: void <init>(android.os.Parcel,android.content.pm.PackageParser$1)>",
						"<android.content.pm.PackageParser$Instrumentation: void <init>(android.os.Parcel)>",
						"<android.content.pm.PackageParser$Component: void <init>(android.os.Parcel)>",
						"<android.content.pm.PackageParser$Component: java.util.ArrayList createIntentsList(android.os.Parcel)>"
					],
					"depth":4,
					"method":"<android.content.pm.PackageParser$Instrumentation$1: android.content.pm.PackageParser$Instrumentation createFromParcel(android.os.Parcel)>",
					"source":"CALLER"
				},
				{
					"trace":[
						"<android.content.pm.PackageParser$Service$1: android.content.pm.PackageParser$Service createFromParcel(android.os.Parcel)>",
						"<android.content.pm.PackageParser$Service: void <init>(android.os.Parcel,android.content.pm.PackageParser$1)>",
						"<android.content.pm.PackageParser$Service: void <init>(android.os.Parcel)>",
						"<android.content.pm.PackageParser$Component: void <init>(android.os.Parcel)>",
						"<android.content.pm.PackageParser$Component: java.util.ArrayList createIntentsList(android.os.Parcel)>"
					],
					"depth":4,
					"method":"<android.content.pm.PackageParser$Service$1: android.content.pm.PackageParser$Service createFromParcel(android.os.Parcel)>",
					"source":"CALLER"
				},
				{
					"trace":[
						"<android.content.pm.PackageParser$Activity$1: java.lang.Object createFromParcel(android.os.Parcel)>",
						"<android.content.pm.PackageParser$Activity$1: android.content.pm.PackageParser$Activity createFromParcel(android.os.Parcel)>",
						"<android.content.pm.PackageParser$Activity: void <init>(android.os.Parcel,android.content.pm.PackageParser$1)>",
						"<android.content.pm.PackageParser$Activity: void <init>(android.os.Parcel)>",
						"<android.content.pm.PackageParser$Component: void <init>(android.os.Parcel)>",
						"<android.content.pm.PackageParser$Component: java.util.ArrayList createIntentsList(android.os.Parcel)>"
					],
					"depth":5,
					"method":"<android.content.pm.PackageParser$Activity$1: java.lang.Object createFromParcel(android.os.Parcel)>",
					"source":"CALLER"
				},
				{
					"trace":[
						"<android.content.pm.PackageParser$PermissionGroup$1: java.lang.Object createFromParcel(android.os.Parcel)>",
						"<android.content.pm.PackageParser$PermissionGroup$1: android.content.pm.PackageParser$PermissionGroup createFromParcel(android.os.Parcel)>",
						"<android.content.pm.PackageParser$PermissionGroup: void <init>(android.os.Parcel,android.content.pm.PackageParser$1)>",
						"<android.content.pm.PackageParser$PermissionGroup: void <init>(android.os.Parcel)>",
						"<android.content.pm.PackageParser$Component: void <init>(android.os.Parcel)>",
						"<android.content.pm.PackageParser$Component: java.util.ArrayList createIntentsList(android.os.Parcel)>"
					],
					"depth":5,
					"method":"<android.content.pm.PackageParser$PermissionGroup$1: java.lang.Object createFromParcel(android.os.Parcel)>",
					"source":"CALLER"
				},
				{
					"trace":[
						"<android.content.pm.PackageParser$Permission$1: java.lang.Object createFromParcel(android.os.Parcel)>",
						"<android.content.pm.PackageParser$Permission$1: android.content.pm.PackageParser$Permission createFromParcel(android.os.Parcel)>",
						"<android.content.pm.PackageParser$Permission: void <init>(android.os.Parcel,android.content.pm.PackageParser$1)>",
						"<android.content.pm.PackageParser$Permission: void <init>(android.os.Parcel)>",
						"<android.content.pm.PackageParser$Component: void <init>(android.os.Parcel)>",
						"<android.content.pm.PackageParser$Component: java.util.ArrayList createIntentsList(android.os.Parcel)>"
					],
					"depth":5,
					"method":"<android.content.pm.PackageParser$Permission$1: java.lang.Object createFromParcel(android.os.Parcel)>",
					"source":"CALLER"
				},
				{
					"trace":[
						"<android.content.pm.PackageParser$Provider$1: java.lang.Object createFromParcel(android.os.Parcel)>",
						"<android.content.pm.PackageParser$Provider$1: android.content.pm.PackageParser$Provider createFromParcel(android.os.Parcel)>",
						"<android.content.pm.PackageParser$Provider: void <init>(android.os.Parcel,android.content.pm.PackageParser$1)>",
						"<android.content.pm.PackageParser$Provider: void <init>(android.os.Parcel)>",
						"<android.content.pm.PackageParser$Component: void <init>(android.os.Parcel)>",
						"<android.content.pm.PackageParser$Component: java.util.ArrayList createIntentsList(android.os.Parcel)>"
					],
					"depth":5,
					"method":"<android.content.pm.PackageParser$Provider$1: java.lang.Object createFromParcel(android.os.Parcel)>",
					"source":"CALLER"
				},
				{
					"trace":[
						"<android.content.pm.PackageParser$Instrumentation$1: java.lang.Object createFromParcel(android.os.Parcel)>",
						"<android.content.pm.PackageParser$Instrumentation$1: android.content.pm.PackageParser$Instrumentation createFromParcel(android.os.Parcel)>",
						"<android.content.pm.PackageParser$Instrumentation: void <init>(android.os.Parcel,android.content.pm.PackageParser$1)>",
						"<android.content.pm.PackageParser$Instrumentation: void <init>(android.os.Parcel)>",
						"<android.content.pm.PackageParser$Component: void <init>(android.os.Parcel)>",
						"<android.content.pm.PackageParser$Component: java.util.ArrayList createIntentsList(android.os.Parcel)>"
					],
					"depth":5,
					"method":"<android.content.pm.PackageParser$Instrumentation$1: java.lang.Object createFromParcel(android.os.Parcel)>",
					"source":"CALLER"
				},
				{
					"trace":[
						"<android.content.pm.PackageParser$Service$1: java.lang.Object createFromParcel(android.os.Parcel)>",
						"<android.content.pm.PackageParser$Service$1: android.content.pm.PackageParser$Service createFromParcel(android.os.Parcel)>",
						"<android.content.pm.PackageParser$Service: void <init>(android.os.Parcel,android.content.pm.PackageParser$1)>",
						"<android.content.pm.PackageParser$Service: void <init>(android.os.Parcel)>",
						"<android.content.pm.PackageParser$Component: void <init>(android.os.Parcel)>",
						"<android.content.pm.PackageParser$Component: java.util.ArrayList createIntentsList(android.os.Parcel)>"
					],
					"depth":5,
					"method":"<android.content.pm.PackageParser$Service$1: java.lang.Object createFromParcel(android.os.Parcel)>",
					"source":"CALLER"
				}
			],
			"callerOfSingnlar2SourceVar":{
				"<android.content.pm.PackageParser$Provider$1: android.content.pm.PackageParser$Provider createFromParcel(android.os.Parcel)>":"0",
				"<android.content.pm.PackageParser$Activity$1: java.lang.Object createFromParcel(android.os.Parcel)>":"0",
				"<android.content.pm.PackageParser$Component: void <init>(android.os.Parcel)>":"0",
				"<android.content.pm.PackageParser$Provider: void <init>(android.os.Parcel)>":"0",
				"<android.content.pm.PackageParser$Provider$1: java.lang.Object createFromParcel(android.os.Parcel)>":"0",
				"<android.content.pm.PackageParser$Service$1: android.content.pm.PackageParser$Service createFromParcel(android.os.Parcel)>":"0",
				"<android.content.pm.PackageParser$PermissionGroup: void <init>(android.os.Parcel,android.content.pm.PackageParser$1)>":"0",
				"<android.content.pm.PackageParser$Service$1: java.lang.Object createFromParcel(android.os.Parcel)>":"0",
				"<android.content.pm.PackageParser$PermissionGroup: void <init>(android.os.Parcel)>":"0",
				"<android.content.pm.PackageParser$Activity: void <init>(android.os.Parcel,android.content.pm.PackageParser$1)>":"0",
				"<android.content.pm.PackageParser$Instrumentation: void <init>(android.os.Parcel,android.content.pm.PackageParser$1)>":"0",
				"<android.content.pm.PackageParser$Permission: void <init>(android.os.Parcel)>":"0",
				"<android.content.pm.PackageParser$PermissionGroup$1: java.lang.Object createFromParcel(android.os.Parcel)>":"0",
				"<android.content.pm.PackageParser$Instrumentation: void <init>(android.os.Parcel)>":"0",
				"<android.content.pm.PackageParser$Activity$1: android.content.pm.PackageParser$Activity createFromParcel(android.os.Parcel)>":"0",
				"<android.content.pm.PackageParser$Component: java.util.ArrayList createIntentsList(android.os.Parcel)>":"0",
				"<android.content.pm.PackageParser$Provider: void <init>(android.os.Parcel,android.content.pm.PackageParser$1)>":"0",
				"<android.content.pm.PackageParser$Activity: void <init>(android.os.Parcel)>":"0",
				"<android.content.pm.PackageParser$Permission: void <init>(android.os.Parcel,android.content.pm.PackageParser$1)>":"0",
				"<android.content.pm.PackageParser$Permission$1: android.content.pm.PackageParser$Permission createFromParcel(android.os.Parcel)>":"0",
				"<android.content.pm.PackageParser$Service: void <init>(android.os.Parcel,android.content.pm.PackageParser$1)>":"0",
				"<android.content.pm.PackageParser$Instrumentation$1: android.content.pm.PackageParser$Instrumentation createFromParcel(android.os.Parcel)>":"0",
				"<android.content.pm.PackageParser$Instrumentation$1: java.lang.Object createFromParcel(android.os.Parcel)>":"0",
				"<android.content.pm.PackageParser$Permission$1: java.lang.Object createFromParcel(android.os.Parcel)>":"0",
				"<android.content.pm.PackageParser$PermissionGroup$1: android.content.pm.PackageParser$PermissionGroup createFromParcel(android.os.Parcel)>":"0",
				"<android.content.pm.PackageParser$Service: void <init>(android.os.Parcel)>":"0"
			}
		}
	]
}