{
	"exceptions":[
		{
			"method":"<android.bluetooth.le.AdvertiseData$Builder: android.bluetooth.le.AdvertiseData$Builder addServiceUuid(android.os.ParcelUuid)>",
			"message":"\\QserivceUuids are null\\E",
			"relatedVarType":"Parameter",
			"relatedCondType":"Basic",
			"modifier":"public",
			"type":"java.lang.IllegalArgumentException",
			"osVersionRelated":false,
			"resourceRelated":false,
			"assessRelated":false,
			"hardwareRelated":false,
			"manifestRelated":false,
			"conditions":"r0 != null",
			"paramValues":"@parameter0: android.os.ParcelUuid",
			"relatedValues":"@parameter0: android.os.ParcelUuid; ; ",
			"keyAPISameClassNum":0,
			"keyAPIDiffClassNum":0,
			"keyAPISameClass":[
				{
					"trace":[
						"<android.bluetooth.le.AdvertiseData$Builder: android.bluetooth.le.AdvertiseData$Builder addServiceUuid(android.os.ParcelUuid)>"
					],
					"depth":0,
					"method":"<android.bluetooth.le.AdvertiseData$Builder: android.bluetooth.le.AdvertiseData$Builder addServiceUuid(android.os.ParcelUuid)>",
					"source":"CALLER"
				}
			],
			"keyAPIDiffClass":[
				{
					"trace":[
						"<android.bluetooth.le.AdvertiseData$1: android.bluetooth.le.AdvertiseData createFromParcel(android.os.Parcel)>",
						"<android.bluetooth.le.AdvertiseData$Builder: android.bluetooth.le.AdvertiseData$Builder addServiceUuid(android.os.ParcelUuid)>"
					],
					"depth":1,
					"method":"<android.bluetooth.le.AdvertiseData$1: android.bluetooth.le.AdvertiseData createFromParcel(android.os.Parcel)>",
					"source":"CALLER"
				},
				{
					"trace":[
						"<android.os.Parcelable$Creator: java.lang.Object createFromParcel(android.os.Parcel)>",
						"<android.bluetooth.le.AdvertiseData$Builder: android.bluetooth.le.AdvertiseData$Builder addServiceUuid(android.os.ParcelUuid)>"
					],
					"depth":1,
					"method":"<android.os.Parcelable$Creator: java.lang.Object createFromParcel(android.os.Parcel)>",
					"source":"CALLER"
				},
				{
					"trace":[
						"<android.bluetooth.le.AdvertiseData$1: java.lang.Object createFromParcel(android.os.Parcel)>",
						"<android.bluetooth.le.AdvertiseData$1: android.bluetooth.le.AdvertiseData createFromParcel(android.os.Parcel)>",
						"<android.bluetooth.le.AdvertiseData$Builder: android.bluetooth.le.AdvertiseData$Builder addServiceUuid(android.os.ParcelUuid)>"
					],
					"depth":2,
					"method":"<android.bluetooth.le.AdvertiseData$1: java.lang.Object createFromParcel(android.os.Parcel)>",
					"source":"CALLER"
				}
			],
			"callerOfSingnlar2SourceVar":{
				"<android.bluetooth.le.AdvertiseData$Builder: android.bluetooth.le.AdvertiseData$Builder addServiceUuid(android.os.ParcelUuid)>":"0"
			}
		},
		{
			"method":"<android.bluetooth.le.AdvertiseData$Builder: android.bluetooth.le.AdvertiseData$Builder addServiceData(android.os.ParcelUuid,byte[])>",
			"message":"\\QserviceDataUuid or serviceDataUuid is null\\E",
			"relatedVarType":"Parameter",
			"relatedCondType":"Basic",
			"modifier":"public",
			"type":"java.lang.IllegalArgumentException",
			"osVersionRelated":false,
			"resourceRelated":false,
			"assessRelated":false,
			"hardwareRelated":false,
			"manifestRelated":false,
			"conditions":"r0 == null, r2 != null",
			"paramValues":"@parameter0: android.os.ParcelUuid, @parameter1: byte[]",
			"relatedValues":"@parameter0: android.os.ParcelUuid, @parameter1: byte[]; ; ",
			"keyAPISameClassNum":0,
			"keyAPIDiffClassNum":0,
			"keyAPISameClass":[
				{
					"trace":[
						"<android.bluetooth.le.AdvertiseData$Builder: android.bluetooth.le.AdvertiseData$Builder addServiceData(android.os.ParcelUuid,byte[])>"
					],
					"depth":0,
					"method":"<android.bluetooth.le.AdvertiseData$Builder: android.bluetooth.le.AdvertiseData$Builder addServiceData(android.os.ParcelUuid,byte[])>",
					"source":"CALLER"
				}
			],
			"keyAPIDiffClass":[
				{
					"trace":[
						"<android.bluetooth.le.AdvertiseData$1: android.bluetooth.le.AdvertiseData createFromParcel(android.os.Parcel)>",
						"<android.bluetooth.le.AdvertiseData$Builder: android.bluetooth.le.AdvertiseData$Builder addServiceData(android.os.ParcelUuid,byte[])>"
					],
					"depth":1,
					"method":"<android.bluetooth.le.AdvertiseData$1: android.bluetooth.le.AdvertiseData createFromParcel(android.os.Parcel)>",
					"source":"CALLER"
				},
				{
					"trace":[
						"<android.os.Parcelable$Creator: java.lang.Object createFromParcel(android.os.Parcel)>",
						"<android.bluetooth.le.AdvertiseData$Builder: android.bluetooth.le.AdvertiseData$Builder addServiceData(android.os.ParcelUuid,byte[])>"
					],
					"depth":1,
					"method":"<android.os.Parcelable$Creator: java.lang.Object createFromParcel(android.os.Parcel)>",
					"source":"CALLER"
				},
				{
					"trace":[
						"<android.bluetooth.le.AdvertiseData$1: java.lang.Object createFromParcel(android.os.Parcel)>",
						"<android.bluetooth.le.AdvertiseData$1: android.bluetooth.le.AdvertiseData createFromParcel(android.os.Parcel)>",
						"<android.bluetooth.le.AdvertiseData$Builder: android.bluetooth.le.AdvertiseData$Builder addServiceData(android.os.ParcelUuid,byte[])>"
					],
					"depth":2,
					"method":"<android.bluetooth.le.AdvertiseData$1: java.lang.Object createFromParcel(android.os.Parcel)>",
					"source":"CALLER"
				}
			],
			"callerOfSingnlar2SourceVar":{
				"<android.bluetooth.le.AdvertiseData$Builder: android.bluetooth.le.AdvertiseData$Builder addServiceData(android.os.ParcelUuid,byte[])>":"0, 1"
			}
		},
		{
			"method":"<android.bluetooth.le.AdvertiseData$Builder: android.bluetooth.le.AdvertiseData$Builder addManufacturerData(int,byte[])>",
			"message":"\\Qinvalid manufacturerId - \\E[\\s\\S]*",
			"relatedVarType":"Parameter",
			"relatedCondType":"Basic",
			"modifier":"public",
			"type":"java.lang.IllegalArgumentException",
			"osVersionRelated":false,
			"resourceRelated":false,
			"assessRelated":false,
			"hardwareRelated":false,
			"manifestRelated":false,
			"conditions":"i0 >= 0",
			"paramValues":"@parameter0: int",
			"relatedValues":"@parameter0: int; ; ",
			"keyAPISameClassNum":0,
			"keyAPIDiffClassNum":0,
			"keyAPISameClass":[
				{
					"trace":[
						"<android.bluetooth.le.AdvertiseData$Builder: android.bluetooth.le.AdvertiseData$Builder addManufacturerData(int,byte[])>"
					],
					"depth":0,
					"method":"<android.bluetooth.le.AdvertiseData$Builder: android.bluetooth.le.AdvertiseData$Builder addManufacturerData(int,byte[])>",
					"source":"CALLER"
				}
			],
			"keyAPIDiffClass":[
				{
					"trace":[
						"<android.bluetooth.le.AdvertiseData$1: android.bluetooth.le.AdvertiseData createFromParcel(android.os.Parcel)>",
						"<android.bluetooth.le.AdvertiseData$Builder: android.bluetooth.le.AdvertiseData$Builder addManufacturerData(int,byte[])>"
					],
					"depth":1,
					"method":"<android.bluetooth.le.AdvertiseData$1: android.bluetooth.le.AdvertiseData createFromParcel(android.os.Parcel)>",
					"source":"CALLER"
				},
				{
					"trace":[
						"<android.os.Parcelable$Creator: java.lang.Object createFromParcel(android.os.Parcel)>",
						"<android.bluetooth.le.AdvertiseData$Builder: android.bluetooth.le.AdvertiseData$Builder addManufacturerData(int,byte[])>"
					],
					"depth":1,
					"method":"<android.os.Parcelable$Creator: java.lang.Object createFromParcel(android.os.Parcel)>",
					"source":"CALLER"
				},
				{
					"trace":[
						"<android.bluetooth.le.AdvertiseData$1: java.lang.Object createFromParcel(android.os.Parcel)>",
						"<android.bluetooth.le.AdvertiseData$1: android.bluetooth.le.AdvertiseData createFromParcel(android.os.Parcel)>",
						"<android.bluetooth.le.AdvertiseData$Builder: android.bluetooth.le.AdvertiseData$Builder addManufacturerData(int,byte[])>"
					],
					"depth":2,
					"method":"<android.bluetooth.le.AdvertiseData$1: java.lang.Object createFromParcel(android.os.Parcel)>",
					"source":"CALLER"
				}
			],
			"callerOfSingnlar2SourceVar":{
				"<android.bluetooth.le.AdvertiseData$Builder: android.bluetooth.le.AdvertiseData$Builder addManufacturerData(int,byte[])>":"0"
			}
		},
		{
			"method":"<android.bluetooth.le.AdvertiseData$Builder: android.bluetooth.le.AdvertiseData$Builder addManufacturerData(int,byte[])>",
			"message":"\\QmanufacturerSpecificData is null\\E",
			"relatedVarType":"Parameter",
			"relatedCondType":"Basic",
			"modifier":"public",
			"type":"java.lang.IllegalArgumentException",
			"osVersionRelated":false,
			"resourceRelated":false,
			"assessRelated":false,
			"hardwareRelated":false,
			"manifestRelated":false,
			"conditions":"r0 != null, i0 >= 0",
			"paramValues":"@parameter1: byte[], @parameter0: int",
			"relatedValues":"@parameter1: byte[], @parameter0: int; ; ",
			"keyAPISameClassNum":0,
			"keyAPIDiffClassNum":0,
			"keyAPISameClass":[
				{
					"trace":[
						"<android.bluetooth.le.AdvertiseData$Builder: android.bluetooth.le.AdvertiseData$Builder addManufacturerData(int,byte[])>"
					],
					"depth":0,
					"method":"<android.bluetooth.le.AdvertiseData$Builder: android.bluetooth.le.AdvertiseData$Builder addManufacturerData(int,byte[])>",
					"source":"CALLER"
				}
			],
			"keyAPIDiffClass":[
				{
					"trace":[
						"<android.bluetooth.le.AdvertiseData$1: android.bluetooth.le.AdvertiseData createFromParcel(android.os.Parcel)>",
						"<android.bluetooth.le.AdvertiseData$Builder: android.bluetooth.le.AdvertiseData$Builder addManufacturerData(int,byte[])>"
					],
					"depth":1,
					"method":"<android.bluetooth.le.AdvertiseData$1: android.bluetooth.le.AdvertiseData createFromParcel(android.os.Parcel)>",
					"source":"CALLER"
				},
				{
					"trace":[
						"<android.os.Parcelable$Creator: java.lang.Object createFromParcel(android.os.Parcel)>",
						"<android.bluetooth.le.AdvertiseData$Builder: android.bluetooth.le.AdvertiseData$Builder addManufacturerData(int,byte[])>"
					],
					"depth":1,
					"method":"<android.os.Parcelable$Creator: java.lang.Object createFromParcel(android.os.Parcel)>",
					"source":"CALLER"
				},
				{
					"trace":[
						"<android.bluetooth.le.AdvertiseData$1: java.lang.Object createFromParcel(android.os.Parcel)>",
						"<android.bluetooth.le.AdvertiseData$1: android.bluetooth.le.AdvertiseData createFromParcel(android.os.Parcel)>",
						"<android.bluetooth.le.AdvertiseData$Builder: android.bluetooth.le.AdvertiseData$Builder addManufacturerData(int,byte[])>"
					],
					"depth":2,
					"method":"<android.bluetooth.le.AdvertiseData$1: java.lang.Object createFromParcel(android.os.Parcel)>",
					"source":"CALLER"
				}
			],
			"callerOfSingnlar2SourceVar":{
				"<android.bluetooth.le.AdvertiseData$Builder: android.bluetooth.le.AdvertiseData$Builder addManufacturerData(int,byte[])>":"1, 0"
			}
		}
	]
}