{
	"exceptions":[
		{
			"method":"<android.app.backup.BackupDataInput: void <init>(java.io.FileDescriptor)>",
			"message":"\\QNative initialization failed with fd=\\E[\\s\\S]*",
			"relatedVarType":"ParaAndField",
			"relatedCondType":"Basic",
			"modifier":"public",
			"type":"java.lang.RuntimeException",
			"osVersionRelated":false,
			"resourceRelated":false,
			"assessRelated":false,
			"hardwareRelated":false,
			"manifestRelated":false,
			"conditions":"$b2 != 0, r2 != null",
			"paramValues":"@parameter0: java.io.FileDescriptor",
			"fieldValues":"<android.app.backup.BackupDataInput: long mBackupReader>",
			"relatedValues":"@parameter0: java.io.FileDescriptor; <android.app.backup.BackupDataInput: long mBackupReader>; ",
			"keyAPISameClassNum":1,
			"keyAPIDiffClassNum":2,
			"keyAPISameClass":[
				{
					"trace":[
						"<android.app.backup.BackupDataInput: void <init>(java.io.FileDescriptor)>"
					],
					"depth":1,
					"method":"<android.app.backup.BackupDataInput: void <init>(java.io.FileDescriptor)>",
					"source":"FIELD"
				}
			],
			"keyAPIDiffClass":[
				{
					"trace":[
						"<android.app.backup.BackupAgent$BackupServiceBinder: void doRestore(android.os.ParcelFileDescriptor,long,android.os.ParcelFileDescriptor,int,android.app.backup.IBackupManager)>",
						"<android.app.backup.BackupDataInput: void <init>(java.io.FileDescriptor)>",
						"key field: <android.app.backup.BackupDataInput: long mBackupReader>",
						"<android.app.backup.BackupDataInput: void <init>(java.io.FileDescriptor)>"
					],
					"depth":2,
					"method":"<android.app.backup.BackupAgent$BackupServiceBinder: void doRestore(android.os.ParcelFileDescriptor,long,android.os.ParcelFileDescriptor,int,android.app.backup.IBackupManager)>",
					"source":"FIELDCALLER"
				},
				{
					"trace":[
						"<android.app.IBackupAgent$Stub: boolean onTransact(int,android.os.Parcel,android.os.Parcel,int)>",
						"<android.app.backup.BackupAgent$BackupServiceBinder: void doRestore(android.os.ParcelFileDescriptor,long,android.os.ParcelFileDescriptor,int,android.app.backup.IBackupManager)>",
						"<android.app.backup.BackupDataInput: void <init>(java.io.FileDescriptor)>",
						"key field: <android.app.backup.BackupDataInput: long mBackupReader>",
						"<android.app.backup.BackupDataInput: void <init>(java.io.FileDescriptor)>"
					],
					"depth":3,
					"method":"<android.app.IBackupAgent$Stub: boolean onTransact(int,android.os.Parcel,android.os.Parcel,int)>",
					"source":"FIELDCALLER"
				}
			],
			"callerOfSingnlar2SourceVar":{
				"<android.app.backup.BackupDataInput: void <init>(java.io.FileDescriptor)>":"0"
			}
		},
		{
			"method":"<android.app.backup.BackupDataInput: void <init>(java.io.FileDescriptor)>",
			"message":"[\\s\\S]*",
			"relatedVarType":"Parameter",
			"relatedCondType":"Basic",
			"modifier":"public",
			"type":"java.lang.NullPointerException",
			"osVersionRelated":false,
			"resourceRelated":false,
			"assessRelated":false,
			"hardwareRelated":false,
			"manifestRelated":false,
			"conditions":"r2 != null",
			"paramValues":"@parameter0: java.io.FileDescriptor",
			"relatedValues":"@parameter0: java.io.FileDescriptor; ; ",
			"keyAPISameClassNum":0,
			"keyAPIDiffClassNum":0,
			"keyAPISameClass":[
				{
					"trace":[
						"<android.app.backup.BackupDataInput: void <init>(java.io.FileDescriptor)>"
					],
					"depth":0,
					"method":"<android.app.backup.BackupDataInput: void <init>(java.io.FileDescriptor)>",
					"source":"CALLER"
				}
			],
			"keyAPIDiffClass":[
				{
					"trace":[
						"<android.app.backup.BackupAgent$BackupServiceBinder: void doRestore(android.os.ParcelFileDescriptor,long,android.os.ParcelFileDescriptor,int,android.app.backup.IBackupManager)>",
						"<android.app.backup.BackupDataInput: void <init>(java.io.FileDescriptor)>"
					],
					"depth":1,
					"method":"<android.app.backup.BackupAgent$BackupServiceBinder: void doRestore(android.os.ParcelFileDescriptor,long,android.os.ParcelFileDescriptor,int,android.app.backup.IBackupManager)>",
					"source":"CALLER"
				}
			],
			"callerOfSingnlar2SourceVar":{
				"<android.app.backup.BackupDataInput: void <init>(java.io.FileDescriptor)>":"0"
			}
		},
		{
			"method":"<android.app.backup.BackupDataInput: boolean readNextHeader()>",
			"message":"\\Qfailed: 0x\\E[\\s\\S]*",
			"relatedVarType":"Field",
			"relatedCondType":"Basic",
			"modifier":"public",
			"type":"java.io.IOException",
			"osVersionRelated":false,
			"resourceRelated":false,
			"assessRelated":false,
			"hardwareRelated":false,
			"manifestRelated":false,
			"conditions":"i1 <= 0, i1 != 0",
			"fieldValues":"<android.app.backup.BackupDataInput: long mBackupReader>",
			"relatedValues":"; <android.app.backup.BackupDataInput: long mBackupReader>; ",
			"keyAPISameClassNum":1,
			"keyAPIDiffClassNum":2,
			"keyAPISameClass":[
				{
					"trace":[
						"<android.app.backup.BackupDataInput: boolean readNextHeader()>"
					],
					"depth":1,
					"method":"<android.app.backup.BackupDataInput: void <init>(java.io.FileDescriptor)>",
					"source":"FIELD"
				}
			],
			"keyAPIDiffClass":[
				{
					"trace":[
						"<android.app.backup.BackupAgent$BackupServiceBinder: void doRestore(android.os.ParcelFileDescriptor,long,android.os.ParcelFileDescriptor,int,android.app.backup.IBackupManager)>",
						"<android.app.backup.BackupDataInput: void <init>(java.io.FileDescriptor)>",
						"key field: <android.app.backup.BackupDataInput: long mBackupReader>",
						"<android.app.backup.BackupDataInput: boolean readNextHeader()>"
					],
					"depth":2,
					"method":"<android.app.backup.BackupAgent$BackupServiceBinder: void doRestore(android.os.ParcelFileDescriptor,long,android.os.ParcelFileDescriptor,int,android.app.backup.IBackupManager)>",
					"source":"FIELDCALLER"
				},
				{
					"trace":[
						"<android.app.IBackupAgent$Stub: boolean onTransact(int,android.os.Parcel,android.os.Parcel,int)>",
						"<android.app.backup.BackupAgent$BackupServiceBinder: void doRestore(android.os.ParcelFileDescriptor,long,android.os.ParcelFileDescriptor,int,android.app.backup.IBackupManager)>",
						"<android.app.backup.BackupDataInput: void <init>(java.io.FileDescriptor)>",
						"key field: <android.app.backup.BackupDataInput: long mBackupReader>",
						"<android.app.backup.BackupDataInput: boolean readNextHeader()>"
					],
					"depth":3,
					"method":"<android.app.IBackupAgent$Stub: boolean onTransact(int,android.os.Parcel,android.os.Parcel,int)>",
					"source":"FIELDCALLER"
				}
			],
			"callerOfSingnlar2SourceVar":{}
		},
		{
			"method":"<android.app.backup.BackupDataInput: java.lang.String getKey()>",
			"message":"\\QEntity header not read\\E",
			"relatedVarType":"Field",
			"relatedCondType":"Basic",
			"modifier":"public",
			"type":"java.lang.IllegalStateException",
			"osVersionRelated":false,
			"resourceRelated":false,
			"assessRelated":false,
			"hardwareRelated":false,
			"manifestRelated":false,
			"conditions":"$z0 == 0",
			"fieldValues":"<android.app.backup.BackupDataInput: boolean mHeaderReady>",
			"relatedValues":"; <android.app.backup.BackupDataInput: boolean mHeaderReady>; ",
			"keyAPISameClassNum":1,
			"keyAPIDiffClassNum":7,
			"keyAPISameClass":[
				{
					"trace":[
						"<android.app.backup.BackupDataInput: java.lang.String getKey()>"
					],
					"depth":1,
					"method":"<android.app.backup.BackupDataInput: boolean readNextHeader()>",
					"source":"FIELD"
				}
			],
			"keyAPIDiffClass":[
				{
					"trace":[
						"<android.app.backup.BackupHelperDispatcher: void performRestore(android.app.backup.BackupDataInput,int,android.os.ParcelFileDescriptor)>",
						"<android.app.backup.BackupDataInput: boolean readNextHeader()>",
						"key field: <android.app.backup.BackupDataInput: boolean mHeaderReady>",
						"<android.app.backup.BackupDataInput: java.lang.String getKey()>"
					],
					"depth":2,
					"method":"<android.app.backup.BackupHelperDispatcher: void performRestore(android.app.backup.BackupDataInput,int,android.os.ParcelFileDescriptor)>",
					"source":"FIELDCALLER"
				},
				{
					"trace":[
						"<android.app.backup.BackupAgent: void onRestore(android.app.backup.BackupDataInput,int,android.os.ParcelFileDescriptor)>",
						"<android.app.backup.BackupHelperDispatcher: void performRestore(android.app.backup.BackupDataInput,int,android.os.ParcelFileDescriptor)>",
						"<android.app.backup.BackupDataInput: boolean readNextHeader()>",
						"key field: <android.app.backup.BackupDataInput: boolean mHeaderReady>",
						"<android.app.backup.BackupDataInput: java.lang.String getKey()>"
					],
					"depth":3,
					"method":"<android.app.backup.BackupAgent: void onRestore(android.app.backup.BackupDataInput,int,android.os.ParcelFileDescriptor)>",
					"source":"FIELDCALLER"
				},
				{
					"trace":[
						"<android.app.backup.BackupAgentHelper: void onRestore(android.app.backup.BackupDataInput,int,android.os.ParcelFileDescriptor)>",
						"<android.app.backup.BackupHelperDispatcher: void performRestore(android.app.backup.BackupDataInput,int,android.os.ParcelFileDescriptor)>",
						"<android.app.backup.BackupDataInput: boolean readNextHeader()>",
						"key field: <android.app.backup.BackupDataInput: boolean mHeaderReady>",
						"<android.app.backup.BackupDataInput: java.lang.String getKey()>"
					],
					"depth":3,
					"method":"<android.app.backup.BackupAgentHelper: void onRestore(android.app.backup.BackupDataInput,int,android.os.ParcelFileDescriptor)>",
					"source":"FIELDCALLER"
				},
				{
					"trace":[
						"<android.app.backup.BackupAgent: void onRestore(android.app.backup.BackupDataInput,long,android.os.ParcelFileDescriptor)>",
						"<android.app.backup.BackupAgentHelper: void onRestore(android.app.backup.BackupDataInput,int,android.os.ParcelFileDescriptor)>",
						"<android.app.backup.BackupHelperDispatcher: void performRestore(android.app.backup.BackupDataInput,int,android.os.ParcelFileDescriptor)>",
						"<android.app.backup.BackupDataInput: boolean readNextHeader()>",
						"key field: <android.app.backup.BackupDataInput: boolean mHeaderReady>",
						"<android.app.backup.BackupDataInput: java.lang.String getKey()>"
					],
					"depth":4,
					"method":"<android.app.backup.BackupAgent: void onRestore(android.app.backup.BackupDataInput,long,android.os.ParcelFileDescriptor)>",
					"source":"FIELDCALLER"
				},
				{
					"trace":[
						"<com.android.server.backup.SystemBackupAgent: void onRestore(android.app.backup.BackupDataInput,int,android.os.ParcelFileDescriptor)>",
						"<android.app.backup.BackupAgentHelper: void onRestore(android.app.backup.BackupDataInput,int,android.os.ParcelFileDescriptor)>",
						"<android.app.backup.BackupHelperDispatcher: void performRestore(android.app.backup.BackupDataInput,int,android.os.ParcelFileDescriptor)>",
						"<android.app.backup.BackupDataInput: boolean readNextHeader()>",
						"key field: <android.app.backup.BackupDataInput: boolean mHeaderReady>",
						"<android.app.backup.BackupDataInput: java.lang.String getKey()>"
					],
					"depth":4,
					"method":"<com.android.server.backup.SystemBackupAgent: void onRestore(android.app.backup.BackupDataInput,int,android.os.ParcelFileDescriptor)>",
					"source":"FIELDCALLER"
				},
				{
					"trace":[
						"<android.app.backup.BackupAgent$BackupServiceBinder: void doRestore(android.os.ParcelFileDescriptor,long,android.os.ParcelFileDescriptor,int,android.app.backup.IBackupManager)>",
						"<android.app.backup.BackupAgent: void onRestore(android.app.backup.BackupDataInput,long,android.os.ParcelFileDescriptor)>",
						"<android.app.backup.BackupAgentHelper: void onRestore(android.app.backup.BackupDataInput,int,android.os.ParcelFileDescriptor)>",
						"<android.app.backup.BackupHelperDispatcher: void performRestore(android.app.backup.BackupDataInput,int,android.os.ParcelFileDescriptor)>",
						"<android.app.backup.BackupDataInput: boolean readNextHeader()>",
						"key field: <android.app.backup.BackupDataInput: boolean mHeaderReady>",
						"<android.app.backup.BackupDataInput: java.lang.String getKey()>"
					],
					"depth":5,
					"method":"<android.app.backup.BackupAgent$BackupServiceBinder: void doRestore(android.os.ParcelFileDescriptor,long,android.os.ParcelFileDescriptor,int,android.app.backup.IBackupManager)>",
					"source":"FIELDCALLER"
				},
				{
					"trace":[
						"<android.app.IBackupAgent$Stub: boolean onTransact(int,android.os.Parcel,android.os.Parcel,int)>",
						"<android.app.backup.BackupAgent$BackupServiceBinder: void doRestore(android.os.ParcelFileDescriptor,long,android.os.ParcelFileDescriptor,int,android.app.backup.IBackupManager)>",
						"<android.app.backup.BackupAgent: void onRestore(android.app.backup.BackupDataInput,long,android.os.ParcelFileDescriptor)>",
						"<android.app.backup.BackupAgentHelper: void onRestore(android.app.backup.BackupDataInput,int,android.os.ParcelFileDescriptor)>",
						"<android.app.backup.BackupHelperDispatcher: void performRestore(android.app.backup.BackupDataInput,int,android.os.ParcelFileDescriptor)>",
						"<android.app.backup.BackupDataInput: boolean readNextHeader()>",
						"key field: <android.app.backup.BackupDataInput: boolean mHeaderReady>",
						"<android.app.backup.BackupDataInput: java.lang.String getKey()>"
					],
					"depth":6,
					"method":"<android.app.IBackupAgent$Stub: boolean onTransact(int,android.os.Parcel,android.os.Parcel,int)>",
					"source":"FIELDCALLER"
				}
			],
			"callerOfSingnlar2SourceVar":{}
		},
		{
			"method":"<android.app.backup.BackupDataInput: int getDataSize()>",
			"message":"\\QEntity header not read\\E",
			"relatedVarType":"Field",
			"relatedCondType":"Basic",
			"modifier":"public",
			"type":"java.lang.IllegalStateException",
			"osVersionRelated":false,
			"resourceRelated":false,
			"assessRelated":false,
			"hardwareRelated":false,
			"manifestRelated":false,
			"conditions":"$z0 == 0",
			"fieldValues":"<android.app.backup.BackupDataInput: boolean mHeaderReady>",
			"relatedValues":"; <android.app.backup.BackupDataInput: boolean mHeaderReady>; ",
			"keyAPISameClassNum":1,
			"keyAPIDiffClassNum":7,
			"keyAPISameClass":[
				{
					"trace":[
						"<android.app.backup.BackupDataInput: int getDataSize()>"
					],
					"depth":1,
					"method":"<android.app.backup.BackupDataInput: boolean readNextHeader()>",
					"source":"FIELD"
				}
			],
			"keyAPIDiffClass":[
				{
					"trace":[
						"<android.app.backup.BackupHelperDispatcher: void performRestore(android.app.backup.BackupDataInput,int,android.os.ParcelFileDescriptor)>",
						"<android.app.backup.BackupDataInput: boolean readNextHeader()>",
						"key field: <android.app.backup.BackupDataInput: boolean mHeaderReady>",
						"<android.app.backup.BackupDataInput: int getDataSize()>"
					],
					"depth":2,
					"method":"<android.app.backup.BackupHelperDispatcher: void performRestore(android.app.backup.BackupDataInput,int,android.os.ParcelFileDescriptor)>",
					"source":"FIELDCALLER"
				},
				{
					"trace":[
						"<android.app.backup.BackupAgent: void onRestore(android.app.backup.BackupDataInput,int,android.os.ParcelFileDescriptor)>",
						"<android.app.backup.BackupHelperDispatcher: void performRestore(android.app.backup.BackupDataInput,int,android.os.ParcelFileDescriptor)>",
						"<android.app.backup.BackupDataInput: boolean readNextHeader()>",
						"key field: <android.app.backup.BackupDataInput: boolean mHeaderReady>",
						"<android.app.backup.BackupDataInput: int getDataSize()>"
					],
					"depth":3,
					"method":"<android.app.backup.BackupAgent: void onRestore(android.app.backup.BackupDataInput,int,android.os.ParcelFileDescriptor)>",
					"source":"FIELDCALLER"
				},
				{
					"trace":[
						"<android.app.backup.BackupAgentHelper: void onRestore(android.app.backup.BackupDataInput,int,android.os.ParcelFileDescriptor)>",
						"<android.app.backup.BackupHelperDispatcher: void performRestore(android.app.backup.BackupDataInput,int,android.os.ParcelFileDescriptor)>",
						"<android.app.backup.BackupDataInput: boolean readNextHeader()>",
						"key field: <android.app.backup.BackupDataInput: boolean mHeaderReady>",
						"<android.app.backup.BackupDataInput: int getDataSize()>"
					],
					"depth":3,
					"method":"<android.app.backup.BackupAgentHelper: void onRestore(android.app.backup.BackupDataInput,int,android.os.ParcelFileDescriptor)>",
					"source":"FIELDCALLER"
				},
				{
					"trace":[
						"<android.app.backup.BackupAgent: void onRestore(android.app.backup.BackupDataInput,long,android.os.ParcelFileDescriptor)>",
						"<android.app.backup.BackupAgentHelper: void onRestore(android.app.backup.BackupDataInput,int,android.os.ParcelFileDescriptor)>",
						"<android.app.backup.BackupHelperDispatcher: void performRestore(android.app.backup.BackupDataInput,int,android.os.ParcelFileDescriptor)>",
						"<android.app.backup.BackupDataInput: boolean readNextHeader()>",
						"key field: <android.app.backup.BackupDataInput: boolean mHeaderReady>",
						"<android.app.backup.BackupDataInput: int getDataSize()>"
					],
					"depth":4,
					"method":"<android.app.backup.BackupAgent: void onRestore(android.app.backup.BackupDataInput,long,android.os.ParcelFileDescriptor)>",
					"source":"FIELDCALLER"
				},
				{
					"trace":[
						"<com.android.server.backup.SystemBackupAgent: void onRestore(android.app.backup.BackupDataInput,int,android.os.ParcelFileDescriptor)>",
						"<android.app.backup.BackupAgentHelper: void onRestore(android.app.backup.BackupDataInput,int,android.os.ParcelFileDescriptor)>",
						"<android.app.backup.BackupHelperDispatcher: void performRestore(android.app.backup.BackupDataInput,int,android.os.ParcelFileDescriptor)>",
						"<android.app.backup.BackupDataInput: boolean readNextHeader()>",
						"key field: <android.app.backup.BackupDataInput: boolean mHeaderReady>",
						"<android.app.backup.BackupDataInput: int getDataSize()>"
					],
					"depth":4,
					"method":"<com.android.server.backup.SystemBackupAgent: void onRestore(android.app.backup.BackupDataInput,int,android.os.ParcelFileDescriptor)>",
					"source":"FIELDCALLER"
				},
				{
					"trace":[
						"<android.app.backup.BackupAgent$BackupServiceBinder: void doRestore(android.os.ParcelFileDescriptor,long,android.os.ParcelFileDescriptor,int,android.app.backup.IBackupManager)>",
						"<android.app.backup.BackupAgent: void onRestore(android.app.backup.BackupDataInput,long,android.os.ParcelFileDescriptor)>",
						"<android.app.backup.BackupAgentHelper: void onRestore(android.app.backup.BackupDataInput,int,android.os.ParcelFileDescriptor)>",
						"<android.app.backup.BackupHelperDispatcher: void performRestore(android.app.backup.BackupDataInput,int,android.os.ParcelFileDescriptor)>",
						"<android.app.backup.BackupDataInput: boolean readNextHeader()>",
						"key field: <android.app.backup.BackupDataInput: boolean mHeaderReady>",
						"<android.app.backup.BackupDataInput: int getDataSize()>"
					],
					"depth":5,
					"method":"<android.app.backup.BackupAgent$BackupServiceBinder: void doRestore(android.os.ParcelFileDescriptor,long,android.os.ParcelFileDescriptor,int,android.app.backup.IBackupManager)>",
					"source":"FIELDCALLER"
				},
				{
					"trace":[
						"<android.app.IBackupAgent$Stub: boolean onTransact(int,android.os.Parcel,android.os.Parcel,int)>",
						"<android.app.backup.BackupAgent$BackupServiceBinder: void doRestore(android.os.ParcelFileDescriptor,long,android.os.ParcelFileDescriptor,int,android.app.backup.IBackupManager)>",
						"<android.app.backup.BackupAgent: void onRestore(android.app.backup.BackupDataInput,long,android.os.ParcelFileDescriptor)>",
						"<android.app.backup.BackupAgentHelper: void onRestore(android.app.backup.BackupDataInput,int,android.os.ParcelFileDescriptor)>",
						"<android.app.backup.BackupHelperDispatcher: void performRestore(android.app.backup.BackupDataInput,int,android.os.ParcelFileDescriptor)>",
						"<android.app.backup.BackupDataInput: boolean readNextHeader()>",
						"key field: <android.app.backup.BackupDataInput: boolean mHeaderReady>",
						"<android.app.backup.BackupDataInput: int getDataSize()>"
					],
					"depth":6,
					"method":"<android.app.IBackupAgent$Stub: boolean onTransact(int,android.os.Parcel,android.os.Parcel,int)>",
					"source":"FIELDCALLER"
				}
			],
			"callerOfSingnlar2SourceVar":{}
		},
		{
			"method":"<android.app.backup.BackupDataInput: int readEntityData(byte[],int,int)>",
			"message":"\\QEntity header not read\\E",
			"relatedVarType":"Field",
			"relatedCondType":"Basic",
			"modifier":"public",
			"type":"java.lang.IllegalStateException",
			"osVersionRelated":false,
			"resourceRelated":false,
			"assessRelated":false,
			"hardwareRelated":false,
			"manifestRelated":false,
			"conditions":"$z0 == 0",
			"fieldValues":"<android.app.backup.BackupDataInput: boolean mHeaderReady>",
			"relatedValues":"; <android.app.backup.BackupDataInput: boolean mHeaderReady>; ",
			"keyAPISameClassNum":1,
			"keyAPIDiffClassNum":7,
			"keyAPISameClass":[
				{
					"trace":[
						"<android.app.backup.BackupDataInput: int readEntityData(byte[],int,int)>"
					],
					"depth":1,
					"method":"<android.app.backup.BackupDataInput: boolean readNextHeader()>",
					"source":"FIELD"
				}
			],
			"keyAPIDiffClass":[
				{
					"trace":[
						"<android.app.backup.BackupHelperDispatcher: void performRestore(android.app.backup.BackupDataInput,int,android.os.ParcelFileDescriptor)>",
						"<android.app.backup.BackupDataInput: boolean readNextHeader()>",
						"key field: <android.app.backup.BackupDataInput: boolean mHeaderReady>",
						"<android.app.backup.BackupDataInput: int readEntityData(byte[],int,int)>"
					],
					"depth":2,
					"method":"<android.app.backup.BackupHelperDispatcher: void performRestore(android.app.backup.BackupDataInput,int,android.os.ParcelFileDescriptor)>",
					"source":"FIELDCALLER"
				},
				{
					"trace":[
						"<android.app.backup.BackupAgent: void onRestore(android.app.backup.BackupDataInput,int,android.os.ParcelFileDescriptor)>",
						"<android.app.backup.BackupHelperDispatcher: void performRestore(android.app.backup.BackupDataInput,int,android.os.ParcelFileDescriptor)>",
						"<android.app.backup.BackupDataInput: boolean readNextHeader()>",
						"key field: <android.app.backup.BackupDataInput: boolean mHeaderReady>",
						"<android.app.backup.BackupDataInput: int readEntityData(byte[],int,int)>"
					],
					"depth":3,
					"method":"<android.app.backup.BackupAgent: void onRestore(android.app.backup.BackupDataInput,int,android.os.ParcelFileDescriptor)>",
					"source":"FIELDCALLER"
				},
				{
					"trace":[
						"<android.app.backup.BackupAgentHelper: void onRestore(android.app.backup.BackupDataInput,int,android.os.ParcelFileDescriptor)>",
						"<android.app.backup.BackupHelperDispatcher: void performRestore(android.app.backup.BackupDataInput,int,android.os.ParcelFileDescriptor)>",
						"<android.app.backup.BackupDataInput: boolean readNextHeader()>",
						"key field: <android.app.backup.BackupDataInput: boolean mHeaderReady>",
						"<android.app.backup.BackupDataInput: int readEntityData(byte[],int,int)>"
					],
					"depth":3,
					"method":"<android.app.backup.BackupAgentHelper: void onRestore(android.app.backup.BackupDataInput,int,android.os.ParcelFileDescriptor)>",
					"source":"FIELDCALLER"
				},
				{
					"trace":[
						"<android.app.backup.BackupAgent: void onRestore(android.app.backup.BackupDataInput,long,android.os.ParcelFileDescriptor)>",
						"<android.app.backup.BackupAgentHelper: void onRestore(android.app.backup.BackupDataInput,int,android.os.ParcelFileDescriptor)>",
						"<android.app.backup.BackupHelperDispatcher: void performRestore(android.app.backup.BackupDataInput,int,android.os.ParcelFileDescriptor)>",
						"<android.app.backup.BackupDataInput: boolean readNextHeader()>",
						"key field: <android.app.backup.BackupDataInput: boolean mHeaderReady>",
						"<android.app.backup.BackupDataInput: int readEntityData(byte[],int,int)>"
					],
					"depth":4,
					"method":"<android.app.backup.BackupAgent: void onRestore(android.app.backup.BackupDataInput,long,android.os.ParcelFileDescriptor)>",
					"source":"FIELDCALLER"
				},
				{
					"trace":[
						"<com.android.server.backup.SystemBackupAgent: void onRestore(android.app.backup.BackupDataInput,int,android.os.ParcelFileDescriptor)>",
						"<android.app.backup.BackupAgentHelper: void onRestore(android.app.backup.BackupDataInput,int,android.os.ParcelFileDescriptor)>",
						"<android.app.backup.BackupHelperDispatcher: void performRestore(android.app.backup.BackupDataInput,int,android.os.ParcelFileDescriptor)>",
						"<android.app.backup.BackupDataInput: boolean readNextHeader()>",
						"key field: <android.app.backup.BackupDataInput: boolean mHeaderReady>",
						"<android.app.backup.BackupDataInput: int readEntityData(byte[],int,int)>"
					],
					"depth":4,
					"method":"<com.android.server.backup.SystemBackupAgent: void onRestore(android.app.backup.BackupDataInput,int,android.os.ParcelFileDescriptor)>",
					"source":"FIELDCALLER"
				},
				{
					"trace":[
						"<android.app.backup.BackupAgent$BackupServiceBinder: void doRestore(android.os.ParcelFileDescriptor,long,android.os.ParcelFileDescriptor,int,android.app.backup.IBackupManager)>",
						"<android.app.backup.BackupAgent: void onRestore(android.app.backup.BackupDataInput,long,android.os.ParcelFileDescriptor)>",
						"<android.app.backup.BackupAgentHelper: void onRestore(android.app.backup.BackupDataInput,int,android.os.ParcelFileDescriptor)>",
						"<android.app.backup.BackupHelperDispatcher: void performRestore(android.app.backup.BackupDataInput,int,android.os.ParcelFileDescriptor)>",
						"<android.app.backup.BackupDataInput: boolean readNextHeader()>",
						"key field: <android.app.backup.BackupDataInput: boolean mHeaderReady>",
						"<android.app.backup.BackupDataInput: int readEntityData(byte[],int,int)>"
					],
					"depth":5,
					"method":"<android.app.backup.BackupAgent$BackupServiceBinder: void doRestore(android.os.ParcelFileDescriptor,long,android.os.ParcelFileDescriptor,int,android.app.backup.IBackupManager)>",
					"source":"FIELDCALLER"
				},
				{
					"trace":[
						"<android.app.IBackupAgent$Stub: boolean onTransact(int,android.os.Parcel,android.os.Parcel,int)>",
						"<android.app.backup.BackupAgent$BackupServiceBinder: void doRestore(android.os.ParcelFileDescriptor,long,android.os.ParcelFileDescriptor,int,android.app.backup.IBackupManager)>",
						"<android.app.backup.BackupAgent: void onRestore(android.app.backup.BackupDataInput,long,android.os.ParcelFileDescriptor)>",
						"<android.app.backup.BackupAgentHelper: void onRestore(android.app.backup.BackupDataInput,int,android.os.ParcelFileDescriptor)>",
						"<android.app.backup.BackupHelperDispatcher: void performRestore(android.app.backup.BackupDataInput,int,android.os.ParcelFileDescriptor)>",
						"<android.app.backup.BackupDataInput: boolean readNextHeader()>",
						"key field: <android.app.backup.BackupDataInput: boolean mHeaderReady>",
						"<android.app.backup.BackupDataInput: int readEntityData(byte[],int,int)>"
					],
					"depth":6,
					"method":"<android.app.IBackupAgent$Stub: boolean onTransact(int,android.os.Parcel,android.os.Parcel,int)>",
					"source":"FIELDCALLER"
				}
			],
			"callerOfSingnlar2SourceVar":{}
		},
		{
			"method":"<android.app.backup.BackupDataInput: int readEntityData(byte[],int,int)>",
			"message":"\\Qresult=0x\\E[\\s\\S]*",
			"relatedVarType":"ParaAndField",
			"relatedCondType":"Basic",
			"modifier":"public",
			"type":"java.io.IOException",
			"osVersionRelated":false,
			"resourceRelated":false,
			"assessRelated":false,
			"hardwareRelated":false,
			"manifestRelated":false,
			"conditions":"i3 < 0, $z0 == 0",
			"paramValues":"@parameter0: byte[], @parameter1: int, @parameter2: int",
			"fieldValues":"<android.app.backup.BackupDataInput: long mBackupReader>, <android.app.backup.BackupDataInput: boolean mHeaderReady>",
			"relatedValues":"@parameter0: byte[], @parameter1: int, @parameter2: int; <android.app.backup.BackupDataInput: long mBackupReader>, <android.app.backup.BackupDataInput: boolean mHeaderReady>; ",
			"keyAPISameClassNum":2,
			"keyAPIDiffClassNum":7,
			"keyAPISameClass":[
				{
					"trace":[
						"<android.app.backup.BackupDataInput: int readEntityData(byte[],int,int)>"
					],
					"depth":1,
					"method":"<android.app.backup.BackupDataInput: void <init>(java.io.FileDescriptor)>",
					"source":"FIELD"
				},
				{
					"trace":[
						"<android.app.backup.BackupDataInput: int readEntityData(byte[],int,int)>"
					],
					"depth":1,
					"method":"<android.app.backup.BackupDataInput: boolean readNextHeader()>",
					"source":"FIELD"
				}
			],
			"keyAPIDiffClass":[
				{
					"trace":[
						"<android.app.backup.BackupDataInputStream: int read(byte[])>",
						"<android.app.backup.BackupDataInput: int readEntityData(byte[],int,int)>"
					],
					"depth":1,
					"method":"<android.app.backup.BackupDataInputStream: int read(byte[])>",
					"source":"CALLER"
				},
				{
					"trace":[
						"<android.app.backup.BackupDataInputStream: int read(byte[],int,int)>",
						"<android.app.backup.BackupDataInput: int readEntityData(byte[],int,int)>"
					],
					"depth":1,
					"method":"<android.app.backup.BackupDataInputStream: int read(byte[],int,int)>",
					"source":"CALLER"
				},
				{
					"trace":[
						"<android.app.backup.BackupAgent$BackupServiceBinder: void doRestore(android.os.ParcelFileDescriptor,long,android.os.ParcelFileDescriptor,int,android.app.backup.IBackupManager)>",
						"<android.app.backup.BackupDataInput: void <init>(java.io.FileDescriptor)>",
						"key field: <android.app.backup.BackupDataInput: long mBackupReader>",
						"<android.app.backup.BackupDataInput: int readEntityData(byte[],int,int)>"
					],
					"depth":2,
					"method":"<android.app.backup.BackupAgent$BackupServiceBinder: void doRestore(android.os.ParcelFileDescriptor,long,android.os.ParcelFileDescriptor,int,android.app.backup.IBackupManager)>",
					"source":"FIELDCALLER"
				},
				{
					"trace":[
						"<android.app.backup.BackupHelperDispatcher: void performRestore(android.app.backup.BackupDataInput,int,android.os.ParcelFileDescriptor)>",
						"<android.app.backup.BackupDataInput: boolean readNextHeader()>",
						"key field: <android.app.backup.BackupDataInput: boolean mHeaderReady>",
						"<android.app.backup.BackupDataInput: int readEntityData(byte[],int,int)>"
					],
					"depth":2,
					"method":"<android.app.backup.BackupHelperDispatcher: void performRestore(android.app.backup.BackupDataInput,int,android.os.ParcelFileDescriptor)>",
					"source":"FIELDCALLER"
				},
				{
					"trace":[
						"<android.app.IBackupAgent$Stub: boolean onTransact(int,android.os.Parcel,android.os.Parcel,int)>",
						"<android.app.backup.BackupAgent$BackupServiceBinder: void doRestore(android.os.ParcelFileDescriptor,long,android.os.ParcelFileDescriptor,int,android.app.backup.IBackupManager)>",
						"<android.app.backup.BackupDataInput: void <init>(java.io.FileDescriptor)>",
						"key field: <android.app.backup.BackupDataInput: long mBackupReader>",
						"<android.app.backup.BackupDataInput: int readEntityData(byte[],int,int)>"
					],
					"depth":3,
					"method":"<android.app.IBackupAgent$Stub: boolean onTransact(int,android.os.Parcel,android.os.Parcel,int)>",
					"source":"FIELDCALLER"
				},
				{
					"trace":[
						"<android.app.backup.BackupAgent: void onRestore(android.app.backup.BackupDataInput,int,android.os.ParcelFileDescriptor)>",
						"<android.app.backup.BackupHelperDispatcher: void performRestore(android.app.backup.BackupDataInput,int,android.os.ParcelFileDescriptor)>",
						"<android.app.backup.BackupDataInput: boolean readNextHeader()>",
						"key field: <android.app.backup.BackupDataInput: boolean mHeaderReady>",
						"<android.app.backup.BackupDataInput: int readEntityData(byte[],int,int)>"
					],
					"depth":3,
					"method":"<android.app.backup.BackupAgent: void onRestore(android.app.backup.BackupDataInput,int,android.os.ParcelFileDescriptor)>",
					"source":"FIELDCALLER"
				},
				{
					"trace":[
						"<android.app.backup.BackupAgentHelper: void onRestore(android.app.backup.BackupDataInput,int,android.os.ParcelFileDescriptor)>",
						"<android.app.backup.BackupHelperDispatcher: void performRestore(android.app.backup.BackupDataInput,int,android.os.ParcelFileDescriptor)>",
						"<android.app.backup.BackupDataInput: boolean readNextHeader()>",
						"key field: <android.app.backup.BackupDataInput: boolean mHeaderReady>",
						"<android.app.backup.BackupDataInput: int readEntityData(byte[],int,int)>"
					],
					"depth":3,
					"method":"<android.app.backup.BackupAgentHelper: void onRestore(android.app.backup.BackupDataInput,int,android.os.ParcelFileDescriptor)>",
					"source":"FIELDCALLER"
				},
				{
					"trace":[
						"<android.app.backup.BackupAgent: void onRestore(android.app.backup.BackupDataInput,long,android.os.ParcelFileDescriptor)>",
						"<android.app.backup.BackupAgentHelper: void onRestore(android.app.backup.BackupDataInput,int,android.os.ParcelFileDescriptor)>",
						"<android.app.backup.BackupHelperDispatcher: void performRestore(android.app.backup.BackupDataInput,int,android.os.ParcelFileDescriptor)>",
						"<android.app.backup.BackupDataInput: boolean readNextHeader()>",
						"key field: <android.app.backup.BackupDataInput: boolean mHeaderReady>",
						"<android.app.backup.BackupDataInput: int readEntityData(byte[],int,int)>"
					],
					"depth":4,
					"method":"<android.app.backup.BackupAgent: void onRestore(android.app.backup.BackupDataInput,long,android.os.ParcelFileDescriptor)>",
					"source":"FIELDCALLER"
				},
				{
					"trace":[
						"<com.android.server.backup.SystemBackupAgent: void onRestore(android.app.backup.BackupDataInput,int,android.os.ParcelFileDescriptor)>",
						"<android.app.backup.BackupAgentHelper: void onRestore(android.app.backup.BackupDataInput,int,android.os.ParcelFileDescriptor)>",
						"<android.app.backup.BackupHelperDispatcher: void performRestore(android.app.backup.BackupDataInput,int,android.os.ParcelFileDescriptor)>",
						"<android.app.backup.BackupDataInput: boolean readNextHeader()>",
						"key field: <android.app.backup.BackupDataInput: boolean mHeaderReady>",
						"<android.app.backup.BackupDataInput: int readEntityData(byte[],int,int)>"
					],
					"depth":4,
					"method":"<com.android.server.backup.SystemBackupAgent: void onRestore(android.app.backup.BackupDataInput,int,android.os.ParcelFileDescriptor)>",
					"source":"FIELDCALLER"
				}
			],
			"callerOfSingnlar2SourceVar":{
				"<android.app.backup.BackupDataInput: int readEntityData(byte[],int,int)>":"0, 1, 2",
				"<android.app.backup.BackupDataInputStream: int read(byte[])>":"0",
				"<android.app.backup.BackupDataInputStream: int read(byte[],int,int)>":"0, 1, 2"
			}
		},
		{
			"method":"<android.app.backup.BackupDataInput: void skipEntityData()>",
			"message":"\\QEntity header not read\\E",
			"relatedVarType":"Field",
			"relatedCondType":"Basic",
			"modifier":"public",
			"type":"java.lang.IllegalStateException",
			"osVersionRelated":false,
			"resourceRelated":false,
			"assessRelated":false,
			"hardwareRelated":false,
			"manifestRelated":false,
			"conditions":"$z0 == 0",
			"fieldValues":"<android.app.backup.BackupDataInput: boolean mHeaderReady>",
			"relatedValues":"; <android.app.backup.BackupDataInput: boolean mHeaderReady>; ",
			"keyAPISameClassNum":1,
			"keyAPIDiffClassNum":7,
			"keyAPISameClass":[
				{
					"trace":[
						"<android.app.backup.BackupDataInput: void skipEntityData()>"
					],
					"depth":1,
					"method":"<android.app.backup.BackupDataInput: boolean readNextHeader()>",
					"source":"FIELD"
				}
			],
			"keyAPIDiffClass":[
				{
					"trace":[
						"<android.app.backup.BackupHelperDispatcher: void performRestore(android.app.backup.BackupDataInput,int,android.os.ParcelFileDescriptor)>",
						"<android.app.backup.BackupDataInput: boolean readNextHeader()>",
						"key field: <android.app.backup.BackupDataInput: boolean mHeaderReady>",
						"<android.app.backup.BackupDataInput: void skipEntityData()>"
					],
					"depth":2,
					"method":"<android.app.backup.BackupHelperDispatcher: void performRestore(android.app.backup.BackupDataInput,int,android.os.ParcelFileDescriptor)>",
					"source":"FIELDCALLER"
				},
				{
					"trace":[
						"<android.app.backup.BackupAgent: void onRestore(android.app.backup.BackupDataInput,int,android.os.ParcelFileDescriptor)>",
						"<android.app.backup.BackupHelperDispatcher: void performRestore(android.app.backup.BackupDataInput,int,android.os.ParcelFileDescriptor)>",
						"<android.app.backup.BackupDataInput: boolean readNextHeader()>",
						"key field: <android.app.backup.BackupDataInput: boolean mHeaderReady>",
						"<android.app.backup.BackupDataInput: void skipEntityData()>"
					],
					"depth":3,
					"method":"<android.app.backup.BackupAgent: void onRestore(android.app.backup.BackupDataInput,int,android.os.ParcelFileDescriptor)>",
					"source":"FIELDCALLER"
				},
				{
					"trace":[
						"<android.app.backup.BackupAgentHelper: void onRestore(android.app.backup.BackupDataInput,int,android.os.ParcelFileDescriptor)>",
						"<android.app.backup.BackupHelperDispatcher: void performRestore(android.app.backup.BackupDataInput,int,android.os.ParcelFileDescriptor)>",
						"<android.app.backup.BackupDataInput: boolean readNextHeader()>",
						"key field: <android.app.backup.BackupDataInput: boolean mHeaderReady>",
						"<android.app.backup.BackupDataInput: void skipEntityData()>"
					],
					"depth":3,
					"method":"<android.app.backup.BackupAgentHelper: void onRestore(android.app.backup.BackupDataInput,int,android.os.ParcelFileDescriptor)>",
					"source":"FIELDCALLER"
				},
				{
					"trace":[
						"<android.app.backup.BackupAgent: void onRestore(android.app.backup.BackupDataInput,long,android.os.ParcelFileDescriptor)>",
						"<android.app.backup.BackupAgentHelper: void onRestore(android.app.backup.BackupDataInput,int,android.os.ParcelFileDescriptor)>",
						"<android.app.backup.BackupHelperDispatcher: void performRestore(android.app.backup.BackupDataInput,int,android.os.ParcelFileDescriptor)>",
						"<android.app.backup.BackupDataInput: boolean readNextHeader()>",
						"key field: <android.app.backup.BackupDataInput: boolean mHeaderReady>",
						"<android.app.backup.BackupDataInput: void skipEntityData()>"
					],
					"depth":4,
					"method":"<android.app.backup.BackupAgent: void onRestore(android.app.backup.BackupDataInput,long,android.os.ParcelFileDescriptor)>",
					"source":"FIELDCALLER"
				},
				{
					"trace":[
						"<com.android.server.backup.SystemBackupAgent: void onRestore(android.app.backup.BackupDataInput,int,android.os.ParcelFileDescriptor)>",
						"<android.app.backup.BackupAgentHelper: void onRestore(android.app.backup.BackupDataInput,int,android.os.ParcelFileDescriptor)>",
						"<android.app.backup.BackupHelperDispatcher: void performRestore(android.app.backup.BackupDataInput,int,android.os.ParcelFileDescriptor)>",
						"<android.app.backup.BackupDataInput: boolean readNextHeader()>",
						"key field: <android.app.backup.BackupDataInput: boolean mHeaderReady>",
						"<android.app.backup.BackupDataInput: void skipEntityData()>"
					],
					"depth":4,
					"method":"<com.android.server.backup.SystemBackupAgent: void onRestore(android.app.backup.BackupDataInput,int,android.os.ParcelFileDescriptor)>",
					"source":"FIELDCALLER"
				},
				{
					"trace":[
						"<android.app.backup.BackupAgent$BackupServiceBinder: void doRestore(android.os.ParcelFileDescriptor,long,android.os.ParcelFileDescriptor,int,android.app.backup.IBackupManager)>",
						"<android.app.backup.BackupAgent: void onRestore(android.app.backup.BackupDataInput,long,android.os.ParcelFileDescriptor)>",
						"<android.app.backup.BackupAgentHelper: void onRestore(android.app.backup.BackupDataInput,int,android.os.ParcelFileDescriptor)>",
						"<android.app.backup.BackupHelperDispatcher: void performRestore(android.app.backup.BackupDataInput,int,android.os.ParcelFileDescriptor)>",
						"<android.app.backup.BackupDataInput: boolean readNextHeader()>",
						"key field: <android.app.backup.BackupDataInput: boolean mHeaderReady>",
						"<android.app.backup.BackupDataInput: void skipEntityData()>"
					],
					"depth":5,
					"method":"<android.app.backup.BackupAgent$BackupServiceBinder: void doRestore(android.os.ParcelFileDescriptor,long,android.os.ParcelFileDescriptor,int,android.app.backup.IBackupManager)>",
					"source":"FIELDCALLER"
				},
				{
					"trace":[
						"<android.app.IBackupAgent$Stub: boolean onTransact(int,android.os.Parcel,android.os.Parcel,int)>",
						"<android.app.backup.BackupAgent$BackupServiceBinder: void doRestore(android.os.ParcelFileDescriptor,long,android.os.ParcelFileDescriptor,int,android.app.backup.IBackupManager)>",
						"<android.app.backup.BackupAgent: void onRestore(android.app.backup.BackupDataInput,long,android.os.ParcelFileDescriptor)>",
						"<android.app.backup.BackupAgentHelper: void onRestore(android.app.backup.BackupDataInput,int,android.os.ParcelFileDescriptor)>",
						"<android.app.backup.BackupHelperDispatcher: void performRestore(android.app.backup.BackupDataInput,int,android.os.ParcelFileDescriptor)>",
						"<android.app.backup.BackupDataInput: boolean readNextHeader()>",
						"key field: <android.app.backup.BackupDataInput: boolean mHeaderReady>",
						"<android.app.backup.BackupDataInput: void skipEntityData()>"
					],
					"depth":6,
					"method":"<android.app.IBackupAgent$Stub: boolean onTransact(int,android.os.Parcel,android.os.Parcel,int)>",
					"source":"FIELDCALLER"
				}
			],
			"callerOfSingnlar2SourceVar":{}
		}
	]
}