{
	"exceptions":[
		{
			"method":"<android.companion.BluetoothDeviceFilterUtils: java.lang.String getDeviceMacAddress(android.os.Parcelable)>",
			"message":"\\QUnknown device type: \\E[\\s\\S]*",
			"relatedVarType":"Parameter",
			"relatedCondType":"Basic",
			"modifier":"public",
			"type":"java.lang.IllegalArgumentException",
			"osVersionRelated":false,
			"resourceRelated":false,
			"assessRelated":false,
			"hardwareRelated":false,
			"manifestRelated":false,
			"conditions":"$z2 == 0, $z1 == 0, $z0 == 0",
			"paramValues":"@parameter0: android.os.Parcelable",
			"relatedValues":"@parameter0: android.os.Parcelable; ; ",
			"keyAPISameClassNum":0,
			"keyAPIDiffClassNum":0,
			"keyAPISameClass":[
				{
					"trace":[
						"<android.companion.BluetoothDeviceFilterUtils: java.lang.String getDeviceMacAddress(android.os.Parcelable)>"
					],
					"depth":0,
					"method":"<android.companion.BluetoothDeviceFilterUtils: java.lang.String getDeviceMacAddress(android.os.Parcelable)>",
					"source":"CALLER"
				}
			],
			"keyAPIDiffClass":[],
			"callerOfSingnlar2SourceVar":{
				"<android.companion.BluetoothDeviceFilterUtils: java.lang.String getDeviceMacAddress(android.os.Parcelable)>":"0"
			}
		}
	]
}