{
	"exceptions":[
		{
			"method":"<android.content.RestrictionsManager: android.os.Bundle getApplicationRestrictions()>",
			"message":"[\\s\\S]*",
			"relatedVarType":"Field",
			"relatedCondType":"Basic",
			"modifier":"public",
			"type":"java.lang.RuntimeException",
			"osVersionRelated":false,
			"resourceRelated":false,
			"assessRelated":false,
			"hardwareRelated":false,
			"manifestRelated":false,
			"conditions":"$r1 == null",
			"fieldValues":"<android.content.RestrictionsManager: android.content.IRestrictionsManager mService>",
			"caughtValues":"@caughtexception",
			"relatedValues":"; <android.content.RestrictionsManager: android.content.IRestrictionsManager mService>; @caughtexception",
			"keyAPISameClassNum":6,
			"keyAPIDiffClassNum":0,
			"keyAPISameClass":[
				{
					"trace":[
						"<android.content.RestrictionsManager: android.os.Bundle getApplicationRestrictions()>"
					],
					"depth":1,
					"method":"<android.content.RestrictionsManager: void <init>(android.content.Context,android.content.IRestrictionsManager)>",
					"source":"FIELD"
				},
				{
					"trace":[
						"<android.content.RestrictionsManager: android.os.Bundle getApplicationRestrictions()>"
					],
					"depth":1,
					"method":"<android.content.RestrictionsManager: android.os.Bundle getApplicationRestrictions()>",
					"source":"FIELD"
				},
				{
					"trace":[
						"<android.content.RestrictionsManager: android.os.Bundle getApplicationRestrictions()>"
					],
					"depth":1,
					"method":"<android.content.RestrictionsManager: boolean hasRestrictionsProvider()>",
					"source":"FIELD"
				},
				{
					"trace":[
						"<android.content.RestrictionsManager: android.os.Bundle getApplicationRestrictions()>"
					],
					"depth":1,
					"method":"<android.content.RestrictionsManager: void requestPermission(java.lang.String,java.lang.String,android.os.PersistableBundle)>",
					"source":"FIELD"
				},
				{
					"trace":[
						"<android.content.RestrictionsManager: android.os.Bundle getApplicationRestrictions()>"
					],
					"depth":1,
					"method":"<android.content.RestrictionsManager: android.content.Intent createLocalApprovalIntent()>",
					"source":"FIELD"
				},
				{
					"trace":[
						"<android.content.RestrictionsManager: android.os.Bundle getApplicationRestrictions()>"
					],
					"depth":1,
					"method":"<android.content.RestrictionsManager: void notifyPermissionResponse(java.lang.String,android.os.PersistableBundle)>",
					"source":"FIELD"
				}
			],
			"keyAPIDiffClass":[],
			"callerOfSingnlar2SourceVar":{}
		},
		{
			"method":"<android.content.RestrictionsManager: boolean hasRestrictionsProvider()>",
			"message":"[\\s\\S]*",
			"relatedVarType":"Field",
			"relatedCondType":"Basic",
			"modifier":"public",
			"type":"java.lang.RuntimeException",
			"osVersionRelated":false,
			"resourceRelated":false,
			"assessRelated":false,
			"hardwareRelated":false,
			"manifestRelated":false,
			"conditions":"$r1 == null",
			"fieldValues":"<android.content.RestrictionsManager: android.content.IRestrictionsManager mService>",
			"caughtValues":"@caughtexception",
			"relatedValues":"; <android.content.RestrictionsManager: android.content.IRestrictionsManager mService>; @caughtexception",
			"keyAPISameClassNum":6,
			"keyAPIDiffClassNum":0,
			"keyAPISameClass":[
				{
					"trace":[
						"<android.content.RestrictionsManager: boolean hasRestrictionsProvider()>"
					],
					"depth":1,
					"method":"<android.content.RestrictionsManager: void <init>(android.content.Context,android.content.IRestrictionsManager)>",
					"source":"FIELD"
				},
				{
					"trace":[
						"<android.content.RestrictionsManager: boolean hasRestrictionsProvider()>"
					],
					"depth":1,
					"method":"<android.content.RestrictionsManager: android.os.Bundle getApplicationRestrictions()>",
					"source":"FIELD"
				},
				{
					"trace":[
						"<android.content.RestrictionsManager: boolean hasRestrictionsProvider()>"
					],
					"depth":1,
					"method":"<android.content.RestrictionsManager: boolean hasRestrictionsProvider()>",
					"source":"FIELD"
				},
				{
					"trace":[
						"<android.content.RestrictionsManager: boolean hasRestrictionsProvider()>"
					],
					"depth":1,
					"method":"<android.content.RestrictionsManager: void requestPermission(java.lang.String,java.lang.String,android.os.PersistableBundle)>",
					"source":"FIELD"
				},
				{
					"trace":[
						"<android.content.RestrictionsManager: boolean hasRestrictionsProvider()>"
					],
					"depth":1,
					"method":"<android.content.RestrictionsManager: android.content.Intent createLocalApprovalIntent()>",
					"source":"FIELD"
				},
				{
					"trace":[
						"<android.content.RestrictionsManager: boolean hasRestrictionsProvider()>"
					],
					"depth":1,
					"method":"<android.content.RestrictionsManager: void notifyPermissionResponse(java.lang.String,android.os.PersistableBundle)>",
					"source":"FIELD"
				}
			],
			"keyAPIDiffClass":[],
			"callerOfSingnlar2SourceVar":{}
		},
		{
			"method":"<android.content.RestrictionsManager: void requestPermission(java.lang.String,java.lang.String,android.os.PersistableBundle)>",
			"message":"\\QrequestType cannot be null\\E",
			"relatedVarType":"Parameter",
			"relatedCondType":"Basic",
			"modifier":"public",
			"type":"java.lang.NullPointerException",
			"osVersionRelated":false,
			"resourceRelated":false,
			"assessRelated":false,
			"hardwareRelated":false,
			"manifestRelated":false,
			"conditions":"r0 != null",
			"paramValues":"@parameter0: java.lang.String",
			"relatedValues":"@parameter0: java.lang.String; ; ",
			"keyAPISameClassNum":0,
			"keyAPIDiffClassNum":0,
			"keyAPISameClass":[
				{
					"trace":[
						"<android.content.RestrictionsManager: void requestPermission(java.lang.String,java.lang.String,android.os.PersistableBundle)>"
					],
					"depth":0,
					"method":"<android.content.RestrictionsManager: void requestPermission(java.lang.String,java.lang.String,android.os.PersistableBundle)>",
					"source":"CALLER"
				}
			],
			"keyAPIDiffClass":[],
			"callerOfSingnlar2SourceVar":{
				"<android.content.RestrictionsManager: void requestPermission(java.lang.String,java.lang.String,android.os.PersistableBundle)>":"0"
			}
		},
		{
			"method":"<android.content.RestrictionsManager: void requestPermission(java.lang.String,java.lang.String,android.os.PersistableBundle)>",
			"message":"\\Qrequest cannot be null\\E",
			"relatedVarType":"Parameter",
			"relatedCondType":"Basic",
			"modifier":"public",
			"type":"java.lang.NullPointerException",
			"osVersionRelated":false,
			"resourceRelated":false,
			"assessRelated":false,
			"hardwareRelated":false,
			"manifestRelated":false,
			"conditions":"r2 != null, r1 != null, r0 != null",
			"paramValues":"@parameter2: android.os.PersistableBundle, @parameter1: java.lang.String, @parameter0: java.lang.String",
			"relatedValues":"@parameter2: android.os.PersistableBundle, @parameter1: java.lang.String, @parameter0: java.lang.String; ; ",
			"keyAPISameClassNum":0,
			"keyAPIDiffClassNum":0,
			"keyAPISameClass":[
				{
					"trace":[
						"<android.content.RestrictionsManager: void requestPermission(java.lang.String,java.lang.String,android.os.PersistableBundle)>"
					],
					"depth":0,
					"method":"<android.content.RestrictionsManager: void requestPermission(java.lang.String,java.lang.String,android.os.PersistableBundle)>",
					"source":"CALLER"
				}
			],
			"keyAPIDiffClass":[],
			"callerOfSingnlar2SourceVar":{
				"<android.content.RestrictionsManager: void requestPermission(java.lang.String,java.lang.String,android.os.PersistableBundle)>":"2, 1, 0"
			}
		},
		{
			"method":"<android.content.RestrictionsManager: void requestPermission(java.lang.String,java.lang.String,android.os.PersistableBundle)>",
			"message":"[\\s\\S]*",
			"relatedVarType":"ParaAndField",
			"relatedCondType":"Basic",
			"modifier":"public",
			"type":"java.lang.RuntimeException",
			"osVersionRelated":false,
			"resourceRelated":false,
			"assessRelated":false,
			"hardwareRelated":false,
			"manifestRelated":false,
			"conditions":"$r4 == null, r2 != null, r1 != null",
			"paramValues":"@parameter2: android.os.PersistableBundle, @parameter1: java.lang.String",
			"fieldValues":"<android.content.RestrictionsManager: android.content.IRestrictionsManager mService>",
			"caughtValues":"@caughtexception",
			"relatedValues":"@parameter2: android.os.PersistableBundle, @parameter1: java.lang.String; <android.content.RestrictionsManager: android.content.IRestrictionsManager mService>; @caughtexception",
			"keyAPISameClassNum":6,
			"keyAPIDiffClassNum":0,
			"keyAPISameClass":[
				{
					"trace":[
						"<android.content.RestrictionsManager: void requestPermission(java.lang.String,java.lang.String,android.os.PersistableBundle)>"
					],
					"depth":1,
					"method":"<android.content.RestrictionsManager: void <init>(android.content.Context,android.content.IRestrictionsManager)>",
					"source":"FIELD"
				},
				{
					"trace":[
						"<android.content.RestrictionsManager: void requestPermission(java.lang.String,java.lang.String,android.os.PersistableBundle)>"
					],
					"depth":1,
					"method":"<android.content.RestrictionsManager: android.os.Bundle getApplicationRestrictions()>",
					"source":"FIELD"
				},
				{
					"trace":[
						"<android.content.RestrictionsManager: void requestPermission(java.lang.String,java.lang.String,android.os.PersistableBundle)>"
					],
					"depth":1,
					"method":"<android.content.RestrictionsManager: boolean hasRestrictionsProvider()>",
					"source":"FIELD"
				},
				{
					"trace":[
						"<android.content.RestrictionsManager: void requestPermission(java.lang.String,java.lang.String,android.os.PersistableBundle)>"
					],
					"depth":1,
					"method":"<android.content.RestrictionsManager: void requestPermission(java.lang.String,java.lang.String,android.os.PersistableBundle)>",
					"source":"FIELD"
				},
				{
					"trace":[
						"<android.content.RestrictionsManager: void requestPermission(java.lang.String,java.lang.String,android.os.PersistableBundle)>"
					],
					"depth":1,
					"method":"<android.content.RestrictionsManager: android.content.Intent createLocalApprovalIntent()>",
					"source":"FIELD"
				},
				{
					"trace":[
						"<android.content.RestrictionsManager: void requestPermission(java.lang.String,java.lang.String,android.os.PersistableBundle)>"
					],
					"depth":1,
					"method":"<android.content.RestrictionsManager: void notifyPermissionResponse(java.lang.String,android.os.PersistableBundle)>",
					"source":"FIELD"
				}
			],
			"keyAPIDiffClass":[],
			"callerOfSingnlar2SourceVar":{
				"<android.content.RestrictionsManager: void requestPermission(java.lang.String,java.lang.String,android.os.PersistableBundle)>":"2, 1"
			}
		},
		{
			"method":"<android.content.RestrictionsManager: void requestPermission(java.lang.String,java.lang.String,android.os.PersistableBundle)>",
			"message":"\\QrequestId cannot be null\\E",
			"relatedVarType":"Parameter",
			"relatedCondType":"Basic",
			"modifier":"public",
			"type":"java.lang.NullPointerException",
			"osVersionRelated":false,
			"resourceRelated":false,
			"assessRelated":false,
			"hardwareRelated":false,
			"manifestRelated":false,
			"conditions":"r1 != null, r0 != null",
			"paramValues":"@parameter1: java.lang.String, @parameter0: java.lang.String",
			"relatedValues":"@parameter1: java.lang.String, @parameter0: java.lang.String; ; ",
			"keyAPISameClassNum":0,
			"keyAPIDiffClassNum":0,
			"keyAPISameClass":[
				{
					"trace":[
						"<android.content.RestrictionsManager: void requestPermission(java.lang.String,java.lang.String,android.os.PersistableBundle)>"
					],
					"depth":0,
					"method":"<android.content.RestrictionsManager: void requestPermission(java.lang.String,java.lang.String,android.os.PersistableBundle)>",
					"source":"CALLER"
				}
			],
			"keyAPIDiffClass":[],
			"callerOfSingnlar2SourceVar":{
				"<android.content.RestrictionsManager: void requestPermission(java.lang.String,java.lang.String,android.os.PersistableBundle)>":"1, 0"
			}
		},
		{
			"method":"<android.content.RestrictionsManager: android.content.Intent createLocalApprovalIntent()>",
			"message":"[\\s\\S]*",
			"relatedVarType":"Field",
			"relatedCondType":"Basic",
			"modifier":"public",
			"type":"java.lang.RuntimeException",
			"osVersionRelated":false,
			"resourceRelated":false,
			"assessRelated":false,
			"hardwareRelated":false,
			"manifestRelated":false,
			"conditions":"$r1 == null",
			"fieldValues":"<android.content.RestrictionsManager: android.content.IRestrictionsManager mService>",
			"caughtValues":"@caughtexception",
			"relatedValues":"; <android.content.RestrictionsManager: android.content.IRestrictionsManager mService>; @caughtexception",
			"keyAPISameClassNum":6,
			"keyAPIDiffClassNum":0,
			"keyAPISameClass":[
				{
					"trace":[
						"<android.content.RestrictionsManager: android.content.Intent createLocalApprovalIntent()>"
					],
					"depth":1,
					"method":"<android.content.RestrictionsManager: void <init>(android.content.Context,android.content.IRestrictionsManager)>",
					"source":"FIELD"
				},
				{
					"trace":[
						"<android.content.RestrictionsManager: android.content.Intent createLocalApprovalIntent()>"
					],
					"depth":1,
					"method":"<android.content.RestrictionsManager: android.os.Bundle getApplicationRestrictions()>",
					"source":"FIELD"
				},
				{
					"trace":[
						"<android.content.RestrictionsManager: android.content.Intent createLocalApprovalIntent()>"
					],
					"depth":1,
					"method":"<android.content.RestrictionsManager: boolean hasRestrictionsProvider()>",
					"source":"FIELD"
				},
				{
					"trace":[
						"<android.content.RestrictionsManager: android.content.Intent createLocalApprovalIntent()>"
					],
					"depth":1,
					"method":"<android.content.RestrictionsManager: void requestPermission(java.lang.String,java.lang.String,android.os.PersistableBundle)>",
					"source":"FIELD"
				},
				{
					"trace":[
						"<android.content.RestrictionsManager: android.content.Intent createLocalApprovalIntent()>"
					],
					"depth":1,
					"method":"<android.content.RestrictionsManager: android.content.Intent createLocalApprovalIntent()>",
					"source":"FIELD"
				},
				{
					"trace":[
						"<android.content.RestrictionsManager: android.content.Intent createLocalApprovalIntent()>"
					],
					"depth":1,
					"method":"<android.content.RestrictionsManager: void notifyPermissionResponse(java.lang.String,android.os.PersistableBundle)>",
					"source":"FIELD"
				}
			],
			"keyAPIDiffClass":[],
			"callerOfSingnlar2SourceVar":{}
		},
		{
			"method":"<android.content.RestrictionsManager: void notifyPermissionResponse(java.lang.String,android.os.PersistableBundle)>",
			"message":"\\QREQUEST_KEY_ID must be specified\\E",
			"relatedVarType":"Parameter",
			"relatedCondType":"Basic",
			"modifier":"public",
			"type":"java.lang.IllegalArgumentException",
			"osVersionRelated":false,
			"resourceRelated":false,
			"assessRelated":false,
			"hardwareRelated":false,
			"manifestRelated":false,
			"conditions":"$z0 != 0, r1 != null, r0 != null",
			"paramValues":"@parameter1: android.os.PersistableBundle, @parameter0: java.lang.String",
			"relatedValues":"@parameter1: android.os.PersistableBundle, @parameter0: java.lang.String; ; ",
			"keyAPISameClassNum":0,
			"keyAPIDiffClassNum":0,
			"keyAPISameClass":[
				{
					"trace":[
						"<android.content.RestrictionsManager: void notifyPermissionResponse(java.lang.String,android.os.PersistableBundle)>"
					],
					"depth":0,
					"method":"<android.content.RestrictionsManager: void notifyPermissionResponse(java.lang.String,android.os.PersistableBundle)>",
					"source":"CALLER"
				}
			],
			"keyAPIDiffClass":[],
			"callerOfSingnlar2SourceVar":{
				"<android.content.RestrictionsManager: void notifyPermissionResponse(java.lang.String,android.os.PersistableBundle)>":"1, 0"
			}
		},
		{
			"method":"<android.content.RestrictionsManager: void notifyPermissionResponse(java.lang.String,android.os.PersistableBundle)>",
			"message":"\\QpackageName cannot be null\\E",
			"relatedVarType":"Parameter",
			"relatedCondType":"Basic",
			"modifier":"public",
			"type":"java.lang.NullPointerException",
			"osVersionRelated":false,
			"resourceRelated":false,
			"assessRelated":false,
			"hardwareRelated":false,
			"manifestRelated":false,
			"conditions":"r0 != null",
			"paramValues":"@parameter0: java.lang.String",
			"relatedValues":"@parameter0: java.lang.String; ; ",
			"keyAPISameClassNum":0,
			"keyAPIDiffClassNum":0,
			"keyAPISameClass":[
				{
					"trace":[
						"<android.content.RestrictionsManager: void notifyPermissionResponse(java.lang.String,android.os.PersistableBundle)>"
					],
					"depth":0,
					"method":"<android.content.RestrictionsManager: void notifyPermissionResponse(java.lang.String,android.os.PersistableBundle)>",
					"source":"CALLER"
				}
			],
			"keyAPIDiffClass":[],
			"callerOfSingnlar2SourceVar":{
				"<android.content.RestrictionsManager: void notifyPermissionResponse(java.lang.String,android.os.PersistableBundle)>":"0"
			}
		},
		{
			"method":"<android.content.RestrictionsManager: void notifyPermissionResponse(java.lang.String,android.os.PersistableBundle)>",
			"message":"\\Qrequest cannot be null\\E",
			"relatedVarType":"Parameter",
			"relatedCondType":"Basic",
			"modifier":"public",
			"type":"java.lang.NullPointerException",
			"osVersionRelated":false,
			"resourceRelated":false,
			"assessRelated":false,
			"hardwareRelated":false,
			"manifestRelated":false,
			"conditions":"r1 != null, r0 != null",
			"paramValues":"@parameter1: android.os.PersistableBundle, @parameter0: java.lang.String",
			"relatedValues":"@parameter1: android.os.PersistableBundle, @parameter0: java.lang.String; ; ",
			"keyAPISameClassNum":0,
			"keyAPIDiffClassNum":0,
			"keyAPISameClass":[
				{
					"trace":[
						"<android.content.RestrictionsManager: void notifyPermissionResponse(java.lang.String,android.os.PersistableBundle)>"
					],
					"depth":0,
					"method":"<android.content.RestrictionsManager: void notifyPermissionResponse(java.lang.String,android.os.PersistableBundle)>",
					"source":"CALLER"
				}
			],
			"keyAPIDiffClass":[],
			"callerOfSingnlar2SourceVar":{
				"<android.content.RestrictionsManager: void notifyPermissionResponse(java.lang.String,android.os.PersistableBundle)>":"1, 0"
			}
		},
		{
			"method":"<android.content.RestrictionsManager: void notifyPermissionResponse(java.lang.String,android.os.PersistableBundle)>",
			"message":"\\QRESPONSE_KEY_RESULT must be specified\\E",
			"relatedVarType":"Parameter",
			"relatedCondType":"Basic",
			"modifier":"public",
			"type":"java.lang.IllegalArgumentException",
			"osVersionRelated":false,
			"resourceRelated":false,
			"assessRelated":false,
			"hardwareRelated":false,
			"manifestRelated":false,
			"conditions":"$z1 != 0, $z0 != 0, r1 != null",
			"paramValues":"@parameter1: android.os.PersistableBundle",
			"relatedValues":"@parameter1: android.os.PersistableBundle; ; ",
			"keyAPISameClassNum":0,
			"keyAPIDiffClassNum":0,
			"keyAPISameClass":[
				{
					"trace":[
						"<android.content.RestrictionsManager: void notifyPermissionResponse(java.lang.String,android.os.PersistableBundle)>"
					],
					"depth":0,
					"method":"<android.content.RestrictionsManager: void notifyPermissionResponse(java.lang.String,android.os.PersistableBundle)>",
					"source":"CALLER"
				}
			],
			"keyAPIDiffClass":[],
			"callerOfSingnlar2SourceVar":{
				"<android.content.RestrictionsManager: void notifyPermissionResponse(java.lang.String,android.os.PersistableBundle)>":"1"
			}
		},
		{
			"method":"<android.content.RestrictionsManager: void notifyPermissionResponse(java.lang.String,android.os.PersistableBundle)>",
			"message":"[\\s\\S]*",
			"relatedVarType":"ParaAndField",
			"relatedCondType":"Basic",
			"modifier":"public",
			"type":"java.lang.RuntimeException",
			"osVersionRelated":false,
			"resourceRelated":false,
			"assessRelated":false,
			"hardwareRelated":false,
			"manifestRelated":false,
			"conditions":"$r3 == null, $z1 != 0, $z0 != 0",
			"paramValues":"@parameter1: android.os.PersistableBundle",
			"fieldValues":"<android.content.RestrictionsManager: android.content.IRestrictionsManager mService>",
			"caughtValues":"@caughtexception",
			"relatedValues":"@parameter1: android.os.PersistableBundle; <android.content.RestrictionsManager: android.content.IRestrictionsManager mService>; @caughtexception",
			"keyAPISameClassNum":6,
			"keyAPIDiffClassNum":0,
			"keyAPISameClass":[
				{
					"trace":[
						"<android.content.RestrictionsManager: void notifyPermissionResponse(java.lang.String,android.os.PersistableBundle)>"
					],
					"depth":1,
					"method":"<android.content.RestrictionsManager: void <init>(android.content.Context,android.content.IRestrictionsManager)>",
					"source":"FIELD"
				},
				{
					"trace":[
						"<android.content.RestrictionsManager: void notifyPermissionResponse(java.lang.String,android.os.PersistableBundle)>"
					],
					"depth":1,
					"method":"<android.content.RestrictionsManager: android.os.Bundle getApplicationRestrictions()>",
					"source":"FIELD"
				},
				{
					"trace":[
						"<android.content.RestrictionsManager: void notifyPermissionResponse(java.lang.String,android.os.PersistableBundle)>"
					],
					"depth":1,
					"method":"<android.content.RestrictionsManager: boolean hasRestrictionsProvider()>",
					"source":"FIELD"
				},
				{
					"trace":[
						"<android.content.RestrictionsManager: void notifyPermissionResponse(java.lang.String,android.os.PersistableBundle)>"
					],
					"depth":1,
					"method":"<android.content.RestrictionsManager: void requestPermission(java.lang.String,java.lang.String,android.os.PersistableBundle)>",
					"source":"FIELD"
				},
				{
					"trace":[
						"<android.content.RestrictionsManager: void notifyPermissionResponse(java.lang.String,android.os.PersistableBundle)>"
					],
					"depth":1,
					"method":"<android.content.RestrictionsManager: android.content.Intent createLocalApprovalIntent()>",
					"source":"FIELD"
				},
				{
					"trace":[
						"<android.content.RestrictionsManager: void notifyPermissionResponse(java.lang.String,android.os.PersistableBundle)>"
					],
					"depth":1,
					"method":"<android.content.RestrictionsManager: void notifyPermissionResponse(java.lang.String,android.os.PersistableBundle)>",
					"source":"FIELD"
				}
			],
			"keyAPIDiffClass":[],
			"callerOfSingnlar2SourceVar":{
				"<android.content.RestrictionsManager: void notifyPermissionResponse(java.lang.String,android.os.PersistableBundle)>":"1"
			}
		},
		{
			"method":"<android.content.RestrictionsManager: java.util.List getManifestRestrictions(java.lang.String)>",
			"message":"\\QNo such package \\E[\\s\\S]*",
			"relatedVarType":"ParaAndField",
			"relatedCondType":"NotReturn",
			"modifier":"public",
			"type":"java.lang.IllegalArgumentException",
			"osVersionRelated":false,
			"resourceRelated":false,
			"assessRelated":false,
			"hardwareRelated":false,
			"manifestRelated":false,
			"conditions":"r14 == null, $z0 != 0",
			"paramValues":"@parameter0: java.lang.String",
			"fieldValues":"<android.content.RestrictionsManager: android.content.Context mContext>",
			"caughtValues":"@caughtexception",
			"relatedValues":"@parameter0: java.lang.String; <android.content.RestrictionsManager: android.content.Context mContext>; @caughtexception",
			"keyAPISameClassNum":4,
			"keyAPIDiffClassNum":0,
			"keyAPISameClass":[
				{
					"trace":[
						"<android.content.RestrictionsManager: java.util.List getManifestRestrictions(java.lang.String)>"
					],
					"depth":1,
					"method":"<android.content.RestrictionsManager: void <init>(android.content.Context,android.content.IRestrictionsManager)>",
					"source":"FIELD"
				},
				{
					"trace":[
						"<android.content.RestrictionsManager: java.util.List getManifestRestrictions(java.lang.String)>"
					],
					"depth":1,
					"method":"<android.content.RestrictionsManager: android.os.Bundle getApplicationRestrictions()>",
					"source":"FIELD"
				},
				{
					"trace":[
						"<android.content.RestrictionsManager: java.util.List getManifestRestrictions(java.lang.String)>"
					],
					"depth":1,
					"method":"<android.content.RestrictionsManager: void requestPermission(java.lang.String,java.lang.String,android.os.PersistableBundle)>",
					"source":"FIELD"
				},
				{
					"trace":[
						"<android.content.RestrictionsManager: java.util.List getManifestRestrictions(java.lang.String)>"
					],
					"depth":1,
					"method":"<android.content.RestrictionsManager: java.util.List getManifestRestrictions(java.lang.String)>",
					"source":"FIELD"
				}
			],
			"keyAPIDiffClass":[],
			"callerOfSingnlar2SourceVar":{
				"<android.content.RestrictionsManager: java.util.List getManifestRestrictions(java.lang.String)>":"0"
			}
		},
		{
			"method":"<android.content.RestrictionsManager: android.os.Bundle addRestrictionToBundle(android.os.Bundle,android.content.RestrictionEntry)>",
			"message":"\\QUnsupported restrictionEntry type: \\E[\\s\\S]*",
			"relatedVarType":"Parameter",
			"relatedCondType":"Basic",
			"modifier":"private",
			"type":"java.lang.IllegalArgumentException",
			"osVersionRelated":false,
			"resourceRelated":false,
			"assessRelated":false,
			"hardwareRelated":false,
			"manifestRelated":false,
			"conditions":"$i0",
			"paramValues":"@parameter1: android.content.RestrictionEntry",
			"relatedValues":"@parameter1: android.content.RestrictionEntry; ; ",
			"keyAPISameClassNum":0,
			"keyAPIDiffClassNum":0,
			"keyAPISameClass":[
				{
					"trace":[
						"<android.content.RestrictionsManager: android.os.Bundle addRestrictionToBundle(android.os.Bundle,android.content.RestrictionEntry)>"
					],
					"depth":0,
					"method":"<android.content.RestrictionsManager: android.os.Bundle addRestrictionToBundle(android.os.Bundle,android.content.RestrictionEntry)>",
					"source":"CALLER"
				},
				{
					"trace":[
						"<android.content.RestrictionsManager: android.os.Bundle convertRestrictionsToBundle(java.util.List)>",
						"<android.content.RestrictionsManager: android.os.Bundle addRestrictionToBundle(android.os.Bundle,android.content.RestrictionEntry)>"
					],
					"depth":1,
					"method":"<android.content.RestrictionsManager: android.os.Bundle convertRestrictionsToBundle(java.util.List)>",
					"source":"CALLER"
				}
			],
			"keyAPIDiffClass":[],
			"callerOfSingnlar2SourceVar":{
				"<android.content.RestrictionsManager: android.os.Bundle addRestrictionToBundle(android.os.Bundle,android.content.RestrictionEntry)>":"1"
			}
		}
	]
}