{
	"exceptions":[
		{
			"method":"<android.app.DialogFragment: void onActivityCreated(android.os.Bundle)>",
			"message":"\\QDialogFragment can not be attached to a container view\\E",
			"relatedVarType":"Field",
			"relatedCondType":"Basic",
			"modifier":"public",
			"type":"java.lang.IllegalStateException",
			"osVersionRelated":false,
			"resourceRelated":false,
			"assessRelated":false,
			"hardwareRelated":false,
			"manifestRelated":false,
			"conditions":"$r10 == null, r2 == null, $z0 != 0",
			"fieldValues":"<android.app.DialogFragment: boolean mShowsDialog>",
			"relatedValues":"; <android.app.DialogFragment: boolean mShowsDialog>; ",
			"keyAPISameClassNum":3,
			"keyAPIDiffClassNum":58,
			"keyAPISameClass":[
				{
					"trace":[
						"<android.app.DialogFragment: void onActivityCreated(android.os.Bundle)>"
					],
					"depth":1,
					"method":"<android.app.DialogFragment: void <init>()>",
					"source":"FIELD"
				},
				{
					"trace":[
						"<android.app.DialogFragment: void onActivityCreated(android.os.Bundle)>"
					],
					"depth":1,
					"method":"<android.app.DialogFragment: void setShowsDialog(boolean)>",
					"source":"FIELD"
				},
				{
					"trace":[
						"<android.app.DialogFragment: void onActivityCreated(android.os.Bundle)>"
					],
					"depth":1,
					"method":"<android.app.DialogFragment: void onCreate(android.os.Bundle)>",
					"source":"FIELD"
				}
			],
			"keyAPIDiffClass":[
				{
					"trace":[
						"<com.android.internal.app.ResolverTargetActionsDialogFragment: void <init>(java.lang.CharSequence,android.content.ComponentName)>",
						"<android.app.DialogFragment: void <init>()>",
						"key field: <android.app.DialogFragment: boolean mShowsDialog>",
						"<android.app.DialogFragment: void onActivityCreated(android.os.Bundle)>"
					],
					"depth":2,
					"method":"<com.android.internal.app.ResolverTargetActionsDialogFragment: void <init>(java.lang.CharSequence,android.content.ComponentName)>",
					"source":"FIELDCALLER"
				},
				{
					"trace":[
						"<android.app.RecoverableSecurityException$LocalDialog: void <init>()>",
						"<android.app.DialogFragment: void <init>()>",
						"key field: <android.app.DialogFragment: boolean mShowsDialog>",
						"<android.app.DialogFragment: void onActivityCreated(android.os.Bundle)>"
					],
					"depth":2,
					"method":"<android.app.RecoverableSecurityException$LocalDialog: void <init>()>",
					"source":"FIELDCALLER"
				},
				{
					"trace":[
						"<com.android.internal.app.MediaRouteControllerDialogFragment: void <init>()>",
						"<android.app.DialogFragment: void <init>()>",
						"key field: <android.app.DialogFragment: boolean mShowsDialog>",
						"<android.app.DialogFragment: void onActivityCreated(android.os.Bundle)>"
					],
					"depth":2,
					"method":"<com.android.internal.app.MediaRouteControllerDialogFragment: void <init>()>",
					"source":"FIELDCALLER"
				},
				{
					"trace":[
						"<com.android.internal.app.MediaRouteChooserDialogFragment: void <init>()>",
						"<android.app.DialogFragment: void <init>()>",
						"key field: <android.app.DialogFragment: boolean mShowsDialog>",
						"<android.app.DialogFragment: void onActivityCreated(android.os.Bundle)>"
					],
					"depth":2,
					"method":"<com.android.internal.app.MediaRouteChooserDialogFragment: void <init>()>",
					"source":"FIELDCALLER"
				},
				{
					"trace":[
						"<android.app.RecoverableSecurityException: void showAsDialog(android.app.Activity)>",
						"<android.app.RecoverableSecurityException$LocalDialog: void <init>()>",
						"<android.app.DialogFragment: void <init>()>",
						"key field: <android.app.DialogFragment: boolean mShowsDialog>",
						"<android.app.DialogFragment: void onActivityCreated(android.os.Bundle)>"
					],
					"depth":3,
					"method":"<android.app.RecoverableSecurityException: void showAsDialog(android.app.Activity)>",
					"source":"FIELDCALLER"
				},
				{
					"trace":[
						"<android.app.FragmentManagerImpl: android.view.View onCreateView(android.view.View,java.lang.String,android.content.Context,android.util.AttributeSet)>",
						"<android.app.FragmentManagerImpl: void moveToState(android.app.Fragment,int,int,int,boolean)>",
						"<android.app.Fragment: void performCreate(android.os.Bundle)>",
						"<android.app.DialogFragment: void onCreate(android.os.Bundle)>",
						"key field: <android.app.DialogFragment: boolean mShowsDialog>",
						"<android.app.DialogFragment: void onActivityCreated(android.os.Bundle)>"
					],
					"depth":4,
					"method":"<android.app.FragmentManagerImpl: android.view.View onCreateView(android.view.View,java.lang.String,android.content.Context,android.util.AttributeSet)>",
					"source":"FIELDCALLER"
				},
				{
					"trace":[
						"<android.view.LayoutInflater$Factory2: android.view.View onCreateView(android.view.View,java.lang.String,android.content.Context,android.util.AttributeSet)>",
						"<android.app.FragmentManagerImpl: void moveToState(android.app.Fragment,int,int,int,boolean)>",
						"<android.app.Fragment: void performCreate(android.os.Bundle)>",
						"<android.app.DialogFragment: void onCreate(android.os.Bundle)>",
						"key field: <android.app.DialogFragment: boolean mShowsDialog>",
						"<android.app.DialogFragment: void onActivityCreated(android.os.Bundle)>"
					],
					"depth":4,
					"method":"<android.view.LayoutInflater$Factory2: android.view.View onCreateView(android.view.View,java.lang.String,android.content.Context,android.util.AttributeSet)>",
					"source":"FIELDCALLER"
				},
				{
					"trace":[
						"<android.app.FragmentManagerImpl$2: void onAnimationEnd(android.animation.Animator)>",
						"<android.app.FragmentManagerImpl: void moveToState(android.app.Fragment,int,int,int,boolean)>",
						"<android.app.Fragment: void performCreate(android.os.Bundle)>",
						"<android.app.DialogFragment: void onCreate(android.os.Bundle)>",
						"key field: <android.app.DialogFragment: boolean mShowsDialog>",
						"<android.app.DialogFragment: void onActivityCreated(android.os.Bundle)>"
					],
					"depth":4,
					"method":"<android.app.FragmentManagerImpl$2: void onAnimationEnd(android.animation.Animator)>",
					"source":"FIELDCALLER"
				},
				{
					"trace":[
						"<android.app.FragmentManagerImpl: void performPendingDeferredStart(android.app.Fragment)>",
						"<android.app.FragmentManagerImpl: void moveToState(android.app.Fragment,int,int,int,boolean)>",
						"<android.app.Fragment: void performCreate(android.os.Bundle)>",
						"<android.app.DialogFragment: void onCreate(android.os.Bundle)>",
						"key field: <android.app.DialogFragment: boolean mShowsDialog>",
						"<android.app.DialogFragment: void onActivityCreated(android.os.Bundle)>"
					],
					"depth":4,
					"method":"<android.app.FragmentManagerImpl: void performPendingDeferredStart(android.app.Fragment)>",
					"source":"FIELDCALLER"
				},
				{
					"trace":[
						"<android.app.FragmentTransition: void calculateFragments(android.app.BackStackRecord,android.util.SparseArray,boolean)>",
						"<android.app.FragmentTransition: void addToFirstInLastOut(android.app.BackStackRecord,android.app.BackStackRecord$Op,android.util.SparseArray,boolean,boolean)>",
						"<android.app.FragmentManagerImpl: void moveToState(android.app.Fragment,int,int,int,boolean)>",
						"<android.app.Fragment: void performCreate(android.os.Bundle)>",
						"<android.app.DialogFragment: void onCreate(android.os.Bundle)>",
						"key field: <android.app.DialogFragment: boolean mShowsDialog>",
						"<android.app.DialogFragment: void onActivityCreated(android.os.Bundle)>"
					],
					"depth":5,
					"method":"<android.app.FragmentTransition: void calculateFragments(android.app.BackStackRecord,android.util.SparseArray,boolean)>",
					"source":"FIELDCALLER"
				},
				{
					"trace":[
						"<android.app.FragmentTransition: void calculatePopFragments(android.app.BackStackRecord,android.util.SparseArray,boolean)>",
						"<android.app.FragmentTransition: void addToFirstInLastOut(android.app.BackStackRecord,android.app.BackStackRecord$Op,android.util.SparseArray,boolean,boolean)>",
						"<android.app.FragmentManagerImpl: void moveToState(android.app.Fragment,int,int,int,boolean)>",
						"<android.app.Fragment: void performCreate(android.os.Bundle)>",
						"<android.app.DialogFragment: void onCreate(android.os.Bundle)>",
						"key field: <android.app.DialogFragment: boolean mShowsDialog>",
						"<android.app.DialogFragment: void onActivityCreated(android.os.Bundle)>"
					],
					"depth":5,
					"method":"<android.app.FragmentTransition: void calculatePopFragments(android.app.BackStackRecord,android.util.SparseArray,boolean)>",
					"source":"FIELDCALLER"
				},
				{
					"trace":[
						"<android.app.FragmentController: android.view.View onCreateView(android.view.View,java.lang.String,android.content.Context,android.util.AttributeSet)>",
						"<android.app.FragmentManagerImpl: android.view.View onCreateView(android.view.View,java.lang.String,android.content.Context,android.util.AttributeSet)>",
						"<android.app.FragmentManagerImpl: void moveToState(android.app.Fragment,int,int,int,boolean)>",
						"<android.app.Fragment: void performCreate(android.os.Bundle)>",
						"<android.app.DialogFragment: void onCreate(android.os.Bundle)>",
						"key field: <android.app.DialogFragment: boolean mShowsDialog>",
						"<android.app.DialogFragment: void onActivityCreated(android.os.Bundle)>"
					],
					"depth":5,
					"method":"<android.app.FragmentController: android.view.View onCreateView(android.view.View,java.lang.String,android.content.Context,android.util.AttributeSet)>",
					"source":"FIELDCALLER"
				},
				{
					"trace":[
						"<android.app.FragmentManagerImpl: void addFragment(android.app.Fragment,boolean)>",
						"<android.app.FragmentManagerImpl: void moveToState(android.app.Fragment)>",
						"<android.app.FragmentManagerImpl: void moveToState(android.app.Fragment,int,int,int,boolean)>",
						"<android.app.Fragment: void performCreate(android.os.Bundle)>",
						"<android.app.DialogFragment: void onCreate(android.os.Bundle)>",
						"key field: <android.app.DialogFragment: boolean mShowsDialog>",
						"<android.app.DialogFragment: void onActivityCreated(android.os.Bundle)>"
					],
					"depth":5,
					"method":"<android.app.FragmentManagerImpl: void addFragment(android.app.Fragment,boolean)>",
					"source":"FIELDCALLER"
				},
				{
					"trace":[
						"<android.animation.Animator$AnimatorListener: void onAnimationEnd(android.animation.Animator,boolean)>",
						"<android.app.FragmentManagerImpl$2: void onAnimationEnd(android.animation.Animator)>",
						"<android.app.FragmentManagerImpl: void moveToState(android.app.Fragment,int,int,int,boolean)>",
						"<android.app.Fragment: void performCreate(android.os.Bundle)>",
						"<android.app.DialogFragment: void onCreate(android.os.Bundle)>",
						"key field: <android.app.DialogFragment: boolean mShowsDialog>",
						"<android.app.DialogFragment: void onActivityCreated(android.os.Bundle)>"
					],
					"depth":5,
					"method":"<android.animation.Animator$AnimatorListener: void onAnimationEnd(android.animation.Animator,boolean)>",
					"source":"FIELDCALLER"
				},
				{
					"trace":[
						"<android.view.ViewPropertyAnimator$AnimatorEventListener: void onAnimationEnd(android.animation.Animator)>",
						"<android.app.FragmentManagerImpl$2: void onAnimationEnd(android.animation.Animator)>",
						"<android.app.FragmentManagerImpl: void moveToState(android.app.Fragment,int,int,int,boolean)>",
						"<android.app.Fragment: void performCreate(android.os.Bundle)>",
						"<android.app.DialogFragment: void onCreate(android.os.Bundle)>",
						"key field: <android.app.DialogFragment: boolean mShowsDialog>",
						"<android.app.DialogFragment: void onActivityCreated(android.os.Bundle)>"
					],
					"depth":5,
					"method":"<android.view.ViewPropertyAnimator$AnimatorEventListener: void onAnimationEnd(android.animation.Animator)>",
					"source":"FIELDCALLER"
				},
				{
					"trace":[
						"<android.animation.Animator$AnimatorListener: void onAnimationEnd(android.animation.Animator)>",
						"<android.app.FragmentManagerImpl$2: void onAnimationEnd(android.animation.Animator)>",
						"<android.app.FragmentManagerImpl: void moveToState(android.app.Fragment,int,int,int,boolean)>",
						"<android.app.Fragment: void performCreate(android.os.Bundle)>",
						"<android.app.DialogFragment: void onCreate(android.os.Bundle)>",
						"key field: <android.app.DialogFragment: boolean mShowsDialog>",
						"<android.app.DialogFragment: void onActivityCreated(android.os.Bundle)>"
					],
					"depth":5,
					"method":"<android.animation.Animator$AnimatorListener: void onAnimationEnd(android.animation.Animator)>",
					"source":"FIELDCALLER"
				},
				{
					"trace":[
						"<android.app.Fragment: void setUserVisibleHint(boolean)>",
						"<android.app.FragmentManagerImpl: void performPendingDeferredStart(android.app.Fragment)>",
						"<android.app.FragmentManagerImpl: void moveToState(android.app.Fragment,int,int,int,boolean)>",
						"<android.app.Fragment: void performCreate(android.os.Bundle)>",
						"<android.app.DialogFragment: void onCreate(android.os.Bundle)>",
						"key field: <android.app.DialogFragment: boolean mShowsDialog>",
						"<android.app.DialogFragment: void onActivityCreated(android.os.Bundle)>"
					],
					"depth":5,
					"method":"<android.app.Fragment: void setUserVisibleHint(boolean)>",
					"source":"FIELDCALLER"
				},
				{
					"trace":[
						"<android.app.Activity: android.view.View onCreateView(android.view.View,java.lang.String,android.content.Context,android.util.AttributeSet)>",
						"<android.app.FragmentController: android.view.View onCreateView(android.view.View,java.lang.String,android.content.Context,android.util.AttributeSet)>",
						"<android.app.FragmentManagerImpl: android.view.View onCreateView(android.view.View,java.lang.String,android.content.Context,android.util.AttributeSet)>",
						"<android.app.FragmentManagerImpl: void moveToState(android.app.Fragment,int,int,int,boolean)>",
						"<android.app.Fragment: void performCreate(android.os.Bundle)>",
						"<android.app.DialogFragment: void onCreate(android.os.Bundle)>",
						"key field: <android.app.DialogFragment: boolean mShowsDialog>",
						"<android.app.DialogFragment: void onActivityCreated(android.os.Bundle)>"
					],
					"depth":6,
					"method":"<android.app.Activity: android.view.View onCreateView(android.view.View,java.lang.String,android.content.Context,android.util.AttributeSet)>",
					"source":"FIELDCALLER"
				},
				{
					"trace":[
						"<android.app.LoaderManagerImpl: void destroyLoader(int)>",
						"<android.app.FragmentManagerImpl: void startPendingDeferredFragments()>",
						"<android.app.FragmentManagerImpl: void performPendingDeferredStart(android.app.Fragment)>",
						"<android.app.FragmentManagerImpl: void moveToState(android.app.Fragment,int,int,int,boolean)>",
						"<android.app.Fragment: void performCreate(android.os.Bundle)>",
						"<android.app.DialogFragment: void onCreate(android.os.Bundle)>",
						"key field: <android.app.DialogFragment: boolean mShowsDialog>",
						"<android.app.DialogFragment: void onActivityCreated(android.os.Bundle)>"
					],
					"depth":6,
					"method":"<android.app.LoaderManagerImpl: void destroyLoader(int)>",
					"source":"FIELDCALLER"
				},
				{
					"trace":[
						"<android.app.LoaderManager: void destroyLoader(int)>",
						"<android.app.FragmentManagerImpl: void startPendingDeferredFragments()>",
						"<android.app.FragmentManagerImpl: void performPendingDeferredStart(android.app.Fragment)>",
						"<android.app.FragmentManagerImpl: void moveToState(android.app.Fragment,int,int,int,boolean)>",
						"<android.app.Fragment: void performCreate(android.os.Bundle)>",
						"<android.app.DialogFragment: void onCreate(android.os.Bundle)>",
						"key field: <android.app.DialogFragment: boolean mShowsDialog>",
						"<android.app.DialogFragment: void onActivityCreated(android.os.Bundle)>"
					],
					"depth":6,
					"method":"<android.app.LoaderManager: void destroyLoader(int)>",
					"source":"FIELDCALLER"
				},
				{
					"trace":[
						"<android.app.LoaderManagerImpl$LoaderInfo: void onLoadComplete(android.content.Loader,java.lang.Object)>",
						"<android.app.FragmentManagerImpl: void startPendingDeferredFragments()>",
						"<android.app.FragmentManagerImpl: void performPendingDeferredStart(android.app.Fragment)>",
						"<android.app.FragmentManagerImpl: void moveToState(android.app.Fragment,int,int,int,boolean)>",
						"<android.app.Fragment: void performCreate(android.os.Bundle)>",
						"<android.app.DialogFragment: void onCreate(android.os.Bundle)>",
						"key field: <android.app.DialogFragment: boolean mShowsDialog>",
						"<android.app.DialogFragment: void onActivityCreated(android.os.Bundle)>"
					],
					"depth":6,
					"method":"<android.app.LoaderManagerImpl$LoaderInfo: void onLoadComplete(android.content.Loader,java.lang.Object)>",
					"source":"FIELDCALLER"
				},
				{
					"trace":[
						"<android.content.Loader$OnLoadCompleteListener: void onLoadComplete(android.content.Loader,java.lang.Object)>",
						"<android.app.FragmentManagerImpl: void startPendingDeferredFragments()>",
						"<android.app.FragmentManagerImpl: void performPendingDeferredStart(android.app.Fragment)>",
						"<android.app.FragmentManagerImpl: void moveToState(android.app.Fragment,int,int,int,boolean)>",
						"<android.app.Fragment: void performCreate(android.os.Bundle)>",
						"<android.app.DialogFragment: void onCreate(android.os.Bundle)>",
						"key field: <android.app.DialogFragment: boolean mShowsDialog>",
						"<android.app.DialogFragment: void onActivityCreated(android.os.Bundle)>"
					],
					"depth":6,
					"method":"<android.content.Loader$OnLoadCompleteListener: void onLoadComplete(android.content.Loader,java.lang.Object)>",
					"source":"FIELDCALLER"
				},
				{
					"trace":[
						"<android.view.LayoutInflater$FactoryMerger: android.view.View onCreateView(android.view.View,java.lang.String,android.content.Context,android.util.AttributeSet)>",
						"<android.app.Activity: android.view.View onCreateView(android.view.View,java.lang.String,android.content.Context,android.util.AttributeSet)>",
						"<android.app.FragmentController: android.view.View onCreateView(android.view.View,java.lang.String,android.content.Context,android.util.AttributeSet)>",
						"<android.app.FragmentManagerImpl: android.view.View onCreateView(android.view.View,java.lang.String,android.content.Context,android.util.AttributeSet)>",
						"<android.app.FragmentManagerImpl: void moveToState(android.app.Fragment,int,int,int,boolean)>",
						"<android.app.Fragment: void performCreate(android.os.Bundle)>",
						"<android.app.DialogFragment: void onCreate(android.os.Bundle)>",
						"key field: <android.app.DialogFragment: boolean mShowsDialog>",
						"<android.app.DialogFragment: void onActivityCreated(android.os.Bundle)>"
					],
					"depth":7,
					"method":"<android.view.LayoutInflater$FactoryMerger: android.view.View onCreateView(android.view.View,java.lang.String,android.content.Context,android.util.AttributeSet)>",
					"source":"FIELDCALLER"
				},
				{
					"trace":[
						"<android.app.FragmentManagerImpl: void dispatchCreate()>",
						"<android.app.FragmentManagerImpl: void dispatchMoveToState(int)>",
						"<android.app.FragmentManagerImpl: void moveToState(int,boolean)>",
						"<android.app.FragmentManagerImpl: void moveFragmentToExpectedState(android.app.Fragment)>",
						"<android.app.FragmentManagerImpl: void moveToState(android.app.Fragment,int,int,int,boolean)>",
						"<android.app.Fragment: void performCreate(android.os.Bundle)>",
						"<android.app.DialogFragment: void onCreate(android.os.Bundle)>",
						"key field: <android.app.DialogFragment: boolean mShowsDialog>",
						"<android.app.DialogFragment: void onActivityCreated(android.os.Bundle)>"
					],
					"depth":7,
					"method":"<android.app.FragmentManagerImpl: void dispatchCreate()>",
					"source":"FIELDCALLER"
				},
				{
					"trace":[
						"<android.app.FragmentManagerImpl: void dispatchDestroy()>",
						"<android.app.FragmentManagerImpl: void dispatchMoveToState(int)>",
						"<android.app.FragmentManagerImpl: void moveToState(int,boolean)>",
						"<android.app.FragmentManagerImpl: void moveFragmentToExpectedState(android.app.Fragment)>",
						"<android.app.FragmentManagerImpl: void moveToState(android.app.Fragment,int,int,int,boolean)>",
						"<android.app.Fragment: void performCreate(android.os.Bundle)>",
						"<android.app.DialogFragment: void onCreate(android.os.Bundle)>",
						"key field: <android.app.DialogFragment: boolean mShowsDialog>",
						"<android.app.DialogFragment: void onActivityCreated(android.os.Bundle)>"
					],
					"depth":7,
					"method":"<android.app.FragmentManagerImpl: void dispatchDestroy()>",
					"source":"FIELDCALLER"
				},
				{
					"trace":[
						"<android.app.FragmentManagerImpl: void dispatchDestroyView()>",
						"<android.app.FragmentManagerImpl: void dispatchMoveToState(int)>",
						"<android.app.FragmentManagerImpl: void moveToState(int,boolean)>",
						"<android.app.FragmentManagerImpl: void moveFragmentToExpectedState(android.app.Fragment)>",
						"<android.app.FragmentManagerImpl: void moveToState(android.app.Fragment,int,int,int,boolean)>",
						"<android.app.Fragment: void performCreate(android.os.Bundle)>",
						"<android.app.DialogFragment: void onCreate(android.os.Bundle)>",
						"key field: <android.app.DialogFragment: boolean mShowsDialog>",
						"<android.app.DialogFragment: void onActivityCreated(android.os.Bundle)>"
					],
					"depth":7,
					"method":"<android.app.FragmentManagerImpl: void dispatchDestroyView()>",
					"source":"FIELDCALLER"
				},
				{
					"trace":[
						"<android.app.FragmentManagerImpl: void dispatchStop()>",
						"<android.app.FragmentManagerImpl: void dispatchMoveToState(int)>",
						"<android.app.FragmentManagerImpl: void moveToState(int,boolean)>",
						"<android.app.FragmentManagerImpl: void moveFragmentToExpectedState(android.app.Fragment)>",
						"<android.app.FragmentManagerImpl: void moveToState(android.app.Fragment,int,int,int,boolean)>",
						"<android.app.Fragment: void performCreate(android.os.Bundle)>",
						"<android.app.DialogFragment: void onCreate(android.os.Bundle)>",
						"key field: <android.app.DialogFragment: boolean mShowsDialog>",
						"<android.app.DialogFragment: void onActivityCreated(android.os.Bundle)>"
					],
					"depth":7,
					"method":"<android.app.FragmentManagerImpl: void dispatchStop()>",
					"source":"FIELDCALLER"
				},
				{
					"trace":[
						"<android.app.FragmentManagerImpl: void dispatchPause()>",
						"<android.app.FragmentManagerImpl: void dispatchMoveToState(int)>",
						"<android.app.FragmentManagerImpl: void moveToState(int,boolean)>",
						"<android.app.FragmentManagerImpl: void moveFragmentToExpectedState(android.app.Fragment)>",
						"<android.app.FragmentManagerImpl: void moveToState(android.app.Fragment,int,int,int,boolean)>",
						"<android.app.Fragment: void performCreate(android.os.Bundle)>",
						"<android.app.DialogFragment: void onCreate(android.os.Bundle)>",
						"key field: <android.app.DialogFragment: boolean mShowsDialog>",
						"<android.app.DialogFragment: void onActivityCreated(android.os.Bundle)>"
					],
					"depth":7,
					"method":"<android.app.FragmentManagerImpl: void dispatchPause()>",
					"source":"FIELDCALLER"
				},
				{
					"trace":[
						"<android.app.FragmentManagerImpl: void dispatchResume()>",
						"<android.app.FragmentManagerImpl: void dispatchMoveToState(int)>",
						"<android.app.FragmentManagerImpl: void moveToState(int,boolean)>",
						"<android.app.FragmentManagerImpl: void moveFragmentToExpectedState(android.app.Fragment)>",
						"<android.app.FragmentManagerImpl: void moveToState(android.app.Fragment,int,int,int,boolean)>",
						"<android.app.Fragment: void performCreate(android.os.Bundle)>",
						"<android.app.DialogFragment: void onCreate(android.os.Bundle)>",
						"key field: <android.app.DialogFragment: boolean mShowsDialog>",
						"<android.app.DialogFragment: void onActivityCreated(android.os.Bundle)>"
					],
					"depth":7,
					"method":"<android.app.FragmentManagerImpl: void dispatchResume()>",
					"source":"FIELDCALLER"
				},
				{
					"trace":[
						"<android.app.FragmentManagerImpl: void dispatchStart()>",
						"<android.app.FragmentManagerImpl: void dispatchMoveToState(int)>",
						"<android.app.FragmentManagerImpl: void moveToState(int,boolean)>",
						"<android.app.FragmentManagerImpl: void moveFragmentToExpectedState(android.app.Fragment)>",
						"<android.app.FragmentManagerImpl: void moveToState(android.app.Fragment,int,int,int,boolean)>",
						"<android.app.Fragment: void performCreate(android.os.Bundle)>",
						"<android.app.DialogFragment: void onCreate(android.os.Bundle)>",
						"key field: <android.app.DialogFragment: boolean mShowsDialog>",
						"<android.app.DialogFragment: void onActivityCreated(android.os.Bundle)>"
					],
					"depth":7,
					"method":"<android.app.FragmentManagerImpl: void dispatchStart()>",
					"source":"FIELDCALLER"
				},
				{
					"trace":[
						"<android.app.FragmentManagerImpl: void dispatchActivityCreated()>",
						"<android.app.FragmentManagerImpl: void dispatchMoveToState(int)>",
						"<android.app.FragmentManagerImpl: void moveToState(int,boolean)>",
						"<android.app.FragmentManagerImpl: void moveFragmentToExpectedState(android.app.Fragment)>",
						"<android.app.FragmentManagerImpl: void moveToState(android.app.Fragment,int,int,int,boolean)>",
						"<android.app.Fragment: void performCreate(android.os.Bundle)>",
						"<android.app.DialogFragment: void onCreate(android.os.Bundle)>",
						"key field: <android.app.DialogFragment: boolean mShowsDialog>",
						"<android.app.DialogFragment: void onActivityCreated(android.os.Bundle)>"
					],
					"depth":7,
					"method":"<android.app.FragmentManagerImpl: void dispatchActivityCreated()>",
					"source":"FIELDCALLER"
				},
				{
					"trace":[
						"<android.app.FragmentManagerImpl: boolean execPendingActions()>",
						"<android.app.FragmentManagerImpl: void doPendingDeferredStart()>",
						"<android.app.FragmentManagerImpl: void startPendingDeferredFragments()>",
						"<android.app.FragmentManagerImpl: void performPendingDeferredStart(android.app.Fragment)>",
						"<android.app.FragmentManagerImpl: void moveToState(android.app.Fragment,int,int,int,boolean)>",
						"<android.app.Fragment: void performCreate(android.os.Bundle)>",
						"<android.app.DialogFragment: void onCreate(android.os.Bundle)>",
						"key field: <android.app.DialogFragment: boolean mShowsDialog>",
						"<android.app.DialogFragment: void onActivityCreated(android.os.Bundle)>"
					],
					"depth":7,
					"method":"<android.app.FragmentManagerImpl: boolean execPendingActions()>",
					"source":"FIELDCALLER"
				},
				{
					"trace":[
						"<android.app.FragmentManagerImpl: void execSingleAction(android.app.FragmentManagerImpl$OpGenerator,boolean)>",
						"<android.app.FragmentManagerImpl: void doPendingDeferredStart()>",
						"<android.app.FragmentManagerImpl: void startPendingDeferredFragments()>",
						"<android.app.FragmentManagerImpl: void performPendingDeferredStart(android.app.Fragment)>",
						"<android.app.FragmentManagerImpl: void moveToState(android.app.Fragment,int,int,int,boolean)>",
						"<android.app.Fragment: void performCreate(android.os.Bundle)>",
						"<android.app.DialogFragment: void onCreate(android.os.Bundle)>",
						"key field: <android.app.DialogFragment: boolean mShowsDialog>",
						"<android.app.DialogFragment: void onActivityCreated(android.os.Bundle)>"
					],
					"depth":7,
					"method":"<android.app.FragmentManagerImpl: void execSingleAction(android.app.FragmentManagerImpl$OpGenerator,boolean)>",
					"source":"FIELDCALLER"
				},
				{
					"trace":[
						"<android.app.FragmentController: void dispatchCreate()>",
						"<android.app.FragmentManagerImpl: void dispatchCreate()>",
						"<android.app.FragmentManagerImpl: void dispatchMoveToState(int)>",
						"<android.app.FragmentManagerImpl: void moveToState(int,boolean)>",
						"<android.app.FragmentManagerImpl: void moveFragmentToExpectedState(android.app.Fragment)>",
						"<android.app.FragmentManagerImpl: void moveToState(android.app.Fragment,int,int,int,boolean)>",
						"<android.app.Fragment: void performCreate(android.os.Bundle)>",
						"<android.app.DialogFragment: void onCreate(android.os.Bundle)>",
						"key field: <android.app.DialogFragment: boolean mShowsDialog>",
						"<android.app.DialogFragment: void onActivityCreated(android.os.Bundle)>"
					],
					"depth":8,
					"method":"<android.app.FragmentController: void dispatchCreate()>",
					"source":"FIELDCALLER"
				},
				{
					"trace":[
						"<android.app.Fragment: android.app.FragmentManager getChildFragmentManager()>",
						"<android.app.FragmentManagerImpl: void dispatchCreate()>",
						"<android.app.FragmentManagerImpl: void dispatchMoveToState(int)>",
						"<android.app.FragmentManagerImpl: void moveToState(int,boolean)>",
						"<android.app.FragmentManagerImpl: void moveFragmentToExpectedState(android.app.Fragment)>",
						"<android.app.FragmentManagerImpl: void moveToState(android.app.Fragment,int,int,int,boolean)>",
						"<android.app.Fragment: void performCreate(android.os.Bundle)>",
						"<android.app.DialogFragment: void onCreate(android.os.Bundle)>",
						"key field: <android.app.DialogFragment: boolean mShowsDialog>",
						"<android.app.DialogFragment: void onActivityCreated(android.os.Bundle)>"
					],
					"depth":8,
					"method":"<android.app.Fragment: android.app.FragmentManager getChildFragmentManager()>",
					"source":"FIELDCALLER"
				},
				{
					"trace":[
						"<android.app.Fragment: void onCreate(android.os.Bundle)>",
						"<android.app.FragmentManagerImpl: void dispatchCreate()>",
						"<android.app.FragmentManagerImpl: void dispatchMoveToState(int)>",
						"<android.app.FragmentManagerImpl: void moveToState(int,boolean)>",
						"<android.app.FragmentManagerImpl: void moveFragmentToExpectedState(android.app.Fragment)>",
						"<android.app.FragmentManagerImpl: void moveToState(android.app.Fragment,int,int,int,boolean)>",
						"<android.app.Fragment: void performCreate(android.os.Bundle)>",
						"<android.app.DialogFragment: void onCreate(android.os.Bundle)>",
						"key field: <android.app.DialogFragment: boolean mShowsDialog>",
						"<android.app.DialogFragment: void onActivityCreated(android.os.Bundle)>"
					],
					"depth":8,
					"method":"<android.app.Fragment: void onCreate(android.os.Bundle)>",
					"source":"FIELDCALLER"
				},
				{
					"trace":[
						"<android.app.FragmentController: void dispatchDestroy()>",
						"<android.app.FragmentManagerImpl: void dispatchDestroy()>",
						"<android.app.FragmentManagerImpl: void dispatchMoveToState(int)>",
						"<android.app.FragmentManagerImpl: void moveToState(int,boolean)>",
						"<android.app.FragmentManagerImpl: void moveFragmentToExpectedState(android.app.Fragment)>",
						"<android.app.FragmentManagerImpl: void moveToState(android.app.Fragment,int,int,int,boolean)>",
						"<android.app.Fragment: void performCreate(android.os.Bundle)>",
						"<android.app.DialogFragment: void onCreate(android.os.Bundle)>",
						"key field: <android.app.DialogFragment: boolean mShowsDialog>",
						"<android.app.DialogFragment: void onActivityCreated(android.os.Bundle)>"
					],
					"depth":8,
					"method":"<android.app.FragmentController: void dispatchDestroy()>",
					"source":"FIELDCALLER"
				},
				{
					"trace":[
						"<android.app.FragmentController: void dispatchDestroyView()>",
						"<android.app.FragmentManagerImpl: void dispatchDestroyView()>",
						"<android.app.FragmentManagerImpl: void dispatchMoveToState(int)>",
						"<android.app.FragmentManagerImpl: void moveToState(int,boolean)>",
						"<android.app.FragmentManagerImpl: void moveFragmentToExpectedState(android.app.Fragment)>",
						"<android.app.FragmentManagerImpl: void moveToState(android.app.Fragment,int,int,int,boolean)>",
						"<android.app.Fragment: void performCreate(android.os.Bundle)>",
						"<android.app.DialogFragment: void onCreate(android.os.Bundle)>",
						"key field: <android.app.DialogFragment: boolean mShowsDialog>",
						"<android.app.DialogFragment: void onActivityCreated(android.os.Bundle)>"
					],
					"depth":8,
					"method":"<android.app.FragmentController: void dispatchDestroyView()>",
					"source":"FIELDCALLER"
				},
				{
					"trace":[
						"<android.app.FragmentController: void dispatchStop()>",
						"<android.app.FragmentManagerImpl: void dispatchStop()>",
						"<android.app.FragmentManagerImpl: void dispatchMoveToState(int)>",
						"<android.app.FragmentManagerImpl: void moveToState(int,boolean)>",
						"<android.app.FragmentManagerImpl: void moveFragmentToExpectedState(android.app.Fragment)>",
						"<android.app.FragmentManagerImpl: void moveToState(android.app.Fragment,int,int,int,boolean)>",
						"<android.app.Fragment: void performCreate(android.os.Bundle)>",
						"<android.app.DialogFragment: void onCreate(android.os.Bundle)>",
						"key field: <android.app.DialogFragment: boolean mShowsDialog>",
						"<android.app.DialogFragment: void onActivityCreated(android.os.Bundle)>"
					],
					"depth":8,
					"method":"<android.app.FragmentController: void dispatchStop()>",
					"source":"FIELDCALLER"
				},
				{
					"trace":[
						"<android.app.FragmentController: void dispatchPause()>",
						"<android.app.FragmentManagerImpl: void dispatchPause()>",
						"<android.app.FragmentManagerImpl: void dispatchMoveToState(int)>",
						"<android.app.FragmentManagerImpl: void moveToState(int,boolean)>",
						"<android.app.FragmentManagerImpl: void moveFragmentToExpectedState(android.app.Fragment)>",
						"<android.app.FragmentManagerImpl: void moveToState(android.app.Fragment,int,int,int,boolean)>",
						"<android.app.Fragment: void performCreate(android.os.Bundle)>",
						"<android.app.DialogFragment: void onCreate(android.os.Bundle)>",
						"key field: <android.app.DialogFragment: boolean mShowsDialog>",
						"<android.app.DialogFragment: void onActivityCreated(android.os.Bundle)>"
					],
					"depth":8,
					"method":"<android.app.FragmentController: void dispatchPause()>",
					"source":"FIELDCALLER"
				},
				{
					"trace":[
						"<android.app.FragmentController: void dispatchResume()>",
						"<android.app.FragmentManagerImpl: void dispatchResume()>",
						"<android.app.FragmentManagerImpl: void dispatchMoveToState(int)>",
						"<android.app.FragmentManagerImpl: void moveToState(int,boolean)>",
						"<android.app.FragmentManagerImpl: void moveFragmentToExpectedState(android.app.Fragment)>",
						"<android.app.FragmentManagerImpl: void moveToState(android.app.Fragment,int,int,int,boolean)>",
						"<android.app.Fragment: void performCreate(android.os.Bundle)>",
						"<android.app.DialogFragment: void onCreate(android.os.Bundle)>",
						"key field: <android.app.DialogFragment: boolean mShowsDialog>",
						"<android.app.DialogFragment: void onActivityCreated(android.os.Bundle)>"
					],
					"depth":8,
					"method":"<android.app.FragmentController: void dispatchResume()>",
					"source":"FIELDCALLER"
				},
				{
					"trace":[
						"<android.app.FragmentController: void dispatchStart()>",
						"<android.app.FragmentManagerImpl: void dispatchStart()>",
						"<android.app.FragmentManagerImpl: void dispatchMoveToState(int)>",
						"<android.app.FragmentManagerImpl: void moveToState(int,boolean)>",
						"<android.app.FragmentManagerImpl: void moveFragmentToExpectedState(android.app.Fragment)>",
						"<android.app.FragmentManagerImpl: void moveToState(android.app.Fragment,int,int,int,boolean)>",
						"<android.app.Fragment: void performCreate(android.os.Bundle)>",
						"<android.app.DialogFragment: void onCreate(android.os.Bundle)>",
						"key field: <android.app.DialogFragment: boolean mShowsDialog>",
						"<android.app.DialogFragment: void onActivityCreated(android.os.Bundle)>"
					],
					"depth":8,
					"method":"<android.app.FragmentController: void dispatchStart()>",
					"source":"FIELDCALLER"
				},
				{
					"trace":[
						"<android.app.FragmentController: void dispatchActivityCreated()>",
						"<android.app.FragmentManagerImpl: void dispatchActivityCreated()>",
						"<android.app.FragmentManagerImpl: void dispatchMoveToState(int)>",
						"<android.app.FragmentManagerImpl: void moveToState(int,boolean)>",
						"<android.app.FragmentManagerImpl: void moveFragmentToExpectedState(android.app.Fragment)>",
						"<android.app.FragmentManagerImpl: void moveToState(android.app.Fragment,int,int,int,boolean)>",
						"<android.app.Fragment: void performCreate(android.os.Bundle)>",
						"<android.app.DialogFragment: void onCreate(android.os.Bundle)>",
						"key field: <android.app.DialogFragment: boolean mShowsDialog>",
						"<android.app.DialogFragment: void onActivityCreated(android.os.Bundle)>"
					],
					"depth":8,
					"method":"<android.app.FragmentController: void dispatchActivityCreated()>",
					"source":"FIELDCALLER"
				},
				{
					"trace":[
						"<android.app.FragmentManagerImpl$1: void run()>",
						"<android.app.FragmentManagerImpl: boolean execPendingActions()>",
						"<android.app.FragmentManagerImpl: void doPendingDeferredStart()>",
						"<android.app.FragmentManagerImpl: void startPendingDeferredFragments()>",
						"<android.app.FragmentManagerImpl: void performPendingDeferredStart(android.app.Fragment)>",
						"<android.app.FragmentManagerImpl: void moveToState(android.app.Fragment,int,int,int,boolean)>",
						"<android.app.Fragment: void performCreate(android.os.Bundle)>",
						"<android.app.DialogFragment: void onCreate(android.os.Bundle)>",
						"key field: <android.app.DialogFragment: boolean mShowsDialog>",
						"<android.app.DialogFragment: void onActivityCreated(android.os.Bundle)>"
					],
					"depth":8,
					"method":"<android.app.FragmentManagerImpl$1: void run()>",
					"source":"FIELDCALLER"
				},
				{
					"trace":[
						"<java.lang.Runnable: void run()>",
						"<android.app.FragmentManagerImpl: boolean execPendingActions()>",
						"<android.app.FragmentManagerImpl: void doPendingDeferredStart()>",
						"<android.app.FragmentManagerImpl: void startPendingDeferredFragments()>",
						"<android.app.FragmentManagerImpl: void performPendingDeferredStart(android.app.Fragment)>",
						"<android.app.FragmentManagerImpl: void moveToState(android.app.Fragment,int,int,int,boolean)>",
						"<android.app.Fragment: void performCreate(android.os.Bundle)>",
						"<android.app.DialogFragment: void onCreate(android.os.Bundle)>",
						"key field: <android.app.DialogFragment: boolean mShowsDialog>",
						"<android.app.DialogFragment: void onActivityCreated(android.os.Bundle)>"
					],
					"depth":8,
					"method":"<java.lang.Runnable: void run()>",
					"source":"FIELDCALLER"
				},
				{
					"trace":[
						"<android.app.FragmentManagerImpl: boolean executePendingTransactions()>",
						"<android.app.FragmentManagerImpl: boolean execPendingActions()>",
						"<android.app.FragmentManagerImpl: void doPendingDeferredStart()>",
						"<android.app.FragmentManagerImpl: void startPendingDeferredFragments()>",
						"<android.app.FragmentManagerImpl: void performPendingDeferredStart(android.app.Fragment)>",
						"<android.app.FragmentManagerImpl: void moveToState(android.app.Fragment,int,int,int,boolean)>",
						"<android.app.Fragment: void performCreate(android.os.Bundle)>",
						"<android.app.DialogFragment: void onCreate(android.os.Bundle)>",
						"key field: <android.app.DialogFragment: boolean mShowsDialog>",
						"<android.app.DialogFragment: void onActivityCreated(android.os.Bundle)>"
					],
					"depth":8,
					"method":"<android.app.FragmentManagerImpl: boolean executePendingTransactions()>",
					"source":"FIELDCALLER"
				},
				{
					"trace":[
						"<android.app.FragmentManager: boolean executePendingTransactions()>",
						"<android.app.FragmentManagerImpl: boolean execPendingActions()>",
						"<android.app.FragmentManagerImpl: void doPendingDeferredStart()>",
						"<android.app.FragmentManagerImpl: void startPendingDeferredFragments()>",
						"<android.app.FragmentManagerImpl: void performPendingDeferredStart(android.app.Fragment)>",
						"<android.app.FragmentManagerImpl: void moveToState(android.app.Fragment,int,int,int,boolean)>",
						"<android.app.Fragment: void performCreate(android.os.Bundle)>",
						"<android.app.DialogFragment: void onCreate(android.os.Bundle)>",
						"key field: <android.app.DialogFragment: boolean mShowsDialog>",
						"<android.app.DialogFragment: void onActivityCreated(android.os.Bundle)>"
					],
					"depth":8,
					"method":"<android.app.FragmentManager: boolean executePendingTransactions()>",
					"source":"FIELDCALLER"
				},
				{
					"trace":[
						"<android.app.FragmentController: boolean execPendingActions()>",
						"<android.app.FragmentManagerImpl: boolean execPendingActions()>",
						"<android.app.FragmentManagerImpl: void doPendingDeferredStart()>",
						"<android.app.FragmentManagerImpl: void startPendingDeferredFragments()>",
						"<android.app.FragmentManagerImpl: void performPendingDeferredStart(android.app.Fragment)>",
						"<android.app.FragmentManagerImpl: void moveToState(android.app.Fragment,int,int,int,boolean)>",
						"<android.app.Fragment: void performCreate(android.os.Bundle)>",
						"<android.app.DialogFragment: void onCreate(android.os.Bundle)>",
						"key field: <android.app.DialogFragment: boolean mShowsDialog>",
						"<android.app.DialogFragment: void onActivityCreated(android.os.Bundle)>"
					],
					"depth":8,
					"method":"<android.app.FragmentController: boolean execPendingActions()>",
					"source":"FIELDCALLER"
				},
				{
					"trace":[
						"<android.app.FragmentTransaction: void commitNow()>",
						"<android.app.FragmentManagerImpl: void execSingleAction(android.app.FragmentManagerImpl$OpGenerator,boolean)>",
						"<android.app.FragmentManagerImpl: void doPendingDeferredStart()>",
						"<android.app.FragmentManagerImpl: void startPendingDeferredFragments()>",
						"<android.app.FragmentManagerImpl: void performPendingDeferredStart(android.app.Fragment)>",
						"<android.app.FragmentManagerImpl: void moveToState(android.app.Fragment,int,int,int,boolean)>",
						"<android.app.Fragment: void performCreate(android.os.Bundle)>",
						"<android.app.DialogFragment: void onCreate(android.os.Bundle)>",
						"key field: <android.app.DialogFragment: boolean mShowsDialog>",
						"<android.app.DialogFragment: void onActivityCreated(android.os.Bundle)>"
					],
					"depth":8,
					"method":"<android.app.FragmentTransaction: void commitNow()>",
					"source":"FIELDCALLER"
				},
				{
					"trace":[
						"<android.app.BackStackRecord: void commitNow()>",
						"<android.app.FragmentManagerImpl: void execSingleAction(android.app.FragmentManagerImpl$OpGenerator,boolean)>",
						"<android.app.FragmentManagerImpl: void doPendingDeferredStart()>",
						"<android.app.FragmentManagerImpl: void startPendingDeferredFragments()>",
						"<android.app.FragmentManagerImpl: void performPendingDeferredStart(android.app.Fragment)>",
						"<android.app.FragmentManagerImpl: void moveToState(android.app.Fragment,int,int,int,boolean)>",
						"<android.app.Fragment: void performCreate(android.os.Bundle)>",
						"<android.app.DialogFragment: void onCreate(android.os.Bundle)>",
						"key field: <android.app.DialogFragment: boolean mShowsDialog>",
						"<android.app.DialogFragment: void onActivityCreated(android.os.Bundle)>"
					],
					"depth":8,
					"method":"<android.app.BackStackRecord: void commitNow()>",
					"source":"FIELDCALLER"
				},
				{
					"trace":[
						"<android.app.FragmentTransaction: void commitNowAllowingStateLoss()>",
						"<android.app.FragmentManagerImpl: void execSingleAction(android.app.FragmentManagerImpl$OpGenerator,boolean)>",
						"<android.app.FragmentManagerImpl: void doPendingDeferredStart()>",
						"<android.app.FragmentManagerImpl: void startPendingDeferredFragments()>",
						"<android.app.FragmentManagerImpl: void performPendingDeferredStart(android.app.Fragment)>",
						"<android.app.FragmentManagerImpl: void moveToState(android.app.Fragment,int,int,int,boolean)>",
						"<android.app.Fragment: void performCreate(android.os.Bundle)>",
						"<android.app.DialogFragment: void onCreate(android.os.Bundle)>",
						"key field: <android.app.DialogFragment: boolean mShowsDialog>",
						"<android.app.DialogFragment: void onActivityCreated(android.os.Bundle)>"
					],
					"depth":8,
					"method":"<android.app.FragmentTransaction: void commitNowAllowingStateLoss()>",
					"source":"FIELDCALLER"
				},
				{
					"trace":[
						"<android.app.BackStackRecord: void commitNowAllowingStateLoss()>",
						"<android.app.FragmentManagerImpl: void execSingleAction(android.app.FragmentManagerImpl$OpGenerator,boolean)>",
						"<android.app.FragmentManagerImpl: void doPendingDeferredStart()>",
						"<android.app.FragmentManagerImpl: void startPendingDeferredFragments()>",
						"<android.app.FragmentManagerImpl: void performPendingDeferredStart(android.app.Fragment)>",
						"<android.app.FragmentManagerImpl: void moveToState(android.app.Fragment,int,int,int,boolean)>",
						"<android.app.Fragment: void performCreate(android.os.Bundle)>",
						"<android.app.DialogFragment: void onCreate(android.os.Bundle)>",
						"key field: <android.app.DialogFragment: boolean mShowsDialog>",
						"<android.app.DialogFragment: void onActivityCreated(android.os.Bundle)>"
					],
					"depth":8,
					"method":"<android.app.BackStackRecord: void commitNowAllowingStateLoss()>",
					"source":"FIELDCALLER"
				},
				{
					"trace":[
						"<android.app.FragmentManagerImpl: boolean popBackStackImmediate()>",
						"<android.app.FragmentManagerImpl: boolean popBackStackImmediate(java.lang.String,int,int)>",
						"<android.app.FragmentManagerImpl: void doPendingDeferredStart()>",
						"<android.app.FragmentManagerImpl: void startPendingDeferredFragments()>",
						"<android.app.FragmentManagerImpl: void performPendingDeferredStart(android.app.Fragment)>",
						"<android.app.FragmentManagerImpl: void moveToState(android.app.Fragment,int,int,int,boolean)>",
						"<android.app.Fragment: void performCreate(android.os.Bundle)>",
						"<android.app.DialogFragment: void onCreate(android.os.Bundle)>",
						"key field: <android.app.DialogFragment: boolean mShowsDialog>",
						"<android.app.DialogFragment: void onActivityCreated(android.os.Bundle)>"
					],
					"depth":8,
					"method":"<android.app.FragmentManagerImpl: boolean popBackStackImmediate()>",
					"source":"FIELDCALLER"
				},
				{
					"trace":[
						"<android.app.FragmentManager: boolean popBackStackImmediate()>",
						"<android.app.FragmentManagerImpl: boolean popBackStackImmediate(java.lang.String,int,int)>",
						"<android.app.FragmentManagerImpl: void doPendingDeferredStart()>",
						"<android.app.FragmentManagerImpl: void startPendingDeferredFragments()>",
						"<android.app.FragmentManagerImpl: void performPendingDeferredStart(android.app.Fragment)>",
						"<android.app.FragmentManagerImpl: void moveToState(android.app.Fragment,int,int,int,boolean)>",
						"<android.app.Fragment: void performCreate(android.os.Bundle)>",
						"<android.app.DialogFragment: void onCreate(android.os.Bundle)>",
						"key field: <android.app.DialogFragment: boolean mShowsDialog>",
						"<android.app.DialogFragment: void onActivityCreated(android.os.Bundle)>"
					],
					"depth":8,
					"method":"<android.app.FragmentManager: boolean popBackStackImmediate()>",
					"source":"FIELDCALLER"
				},
				{
					"trace":[
						"<android.app.FragmentManagerImpl: boolean popBackStackImmediate(int,int)>",
						"<android.app.FragmentManagerImpl: boolean popBackStackImmediate(java.lang.String,int,int)>",
						"<android.app.FragmentManagerImpl: void doPendingDeferredStart()>",
						"<android.app.FragmentManagerImpl: void startPendingDeferredFragments()>",
						"<android.app.FragmentManagerImpl: void performPendingDeferredStart(android.app.Fragment)>",
						"<android.app.FragmentManagerImpl: void moveToState(android.app.Fragment,int,int,int,boolean)>",
						"<android.app.Fragment: void performCreate(android.os.Bundle)>",
						"<android.app.DialogFragment: void onCreate(android.os.Bundle)>",
						"key field: <android.app.DialogFragment: boolean mShowsDialog>",
						"<android.app.DialogFragment: void onActivityCreated(android.os.Bundle)>"
					],
					"depth":8,
					"method":"<android.app.FragmentManagerImpl: boolean popBackStackImmediate(int,int)>",
					"source":"FIELDCALLER"
				},
				{
					"trace":[
						"<android.app.FragmentManager: boolean popBackStackImmediate(int,int)>",
						"<android.app.FragmentManagerImpl: boolean popBackStackImmediate(java.lang.String,int,int)>",
						"<android.app.FragmentManagerImpl: void doPendingDeferredStart()>",
						"<android.app.FragmentManagerImpl: void startPendingDeferredFragments()>",
						"<android.app.FragmentManagerImpl: void performPendingDeferredStart(android.app.Fragment)>",
						"<android.app.FragmentManagerImpl: void moveToState(android.app.Fragment,int,int,int,boolean)>",
						"<android.app.Fragment: void performCreate(android.os.Bundle)>",
						"<android.app.DialogFragment: void onCreate(android.os.Bundle)>",
						"key field: <android.app.DialogFragment: boolean mShowsDialog>",
						"<android.app.DialogFragment: void onActivityCreated(android.os.Bundle)>"
					],
					"depth":8,
					"method":"<android.app.FragmentManager: boolean popBackStackImmediate(int,int)>",
					"source":"FIELDCALLER"
				},
				{
					"trace":[
						"<android.app.FragmentManagerImpl: boolean popBackStackImmediate(java.lang.String,int)>",
						"<android.app.FragmentManagerImpl: boolean popBackStackImmediate(java.lang.String,int,int)>",
						"<android.app.FragmentManagerImpl: void doPendingDeferredStart()>",
						"<android.app.FragmentManagerImpl: void startPendingDeferredFragments()>",
						"<android.app.FragmentManagerImpl: void performPendingDeferredStart(android.app.Fragment)>",
						"<android.app.FragmentManagerImpl: void moveToState(android.app.Fragment,int,int,int,boolean)>",
						"<android.app.Fragment: void performCreate(android.os.Bundle)>",
						"<android.app.DialogFragment: void onCreate(android.os.Bundle)>",
						"key field: <android.app.DialogFragment: boolean mShowsDialog>",
						"<android.app.DialogFragment: void onActivityCreated(android.os.Bundle)>"
					],
					"depth":8,
					"method":"<android.app.FragmentManagerImpl: boolean popBackStackImmediate(java.lang.String,int)>",
					"source":"FIELDCALLER"
				},
				{
					"trace":[
						"<android.app.FragmentManager: boolean popBackStackImmediate(java.lang.String,int)>",
						"<android.app.FragmentManagerImpl: boolean popBackStackImmediate(java.lang.String,int,int)>",
						"<android.app.FragmentManagerImpl: void doPendingDeferredStart()>",
						"<android.app.FragmentManagerImpl: void startPendingDeferredFragments()>",
						"<android.app.FragmentManagerImpl: void performPendingDeferredStart(android.app.Fragment)>",
						"<android.app.FragmentManagerImpl: void moveToState(android.app.Fragment,int,int,int,boolean)>",
						"<android.app.Fragment: void performCreate(android.os.Bundle)>",
						"<android.app.DialogFragment: void onCreate(android.os.Bundle)>",
						"key field: <android.app.DialogFragment: boolean mShowsDialog>",
						"<android.app.DialogFragment: void onActivityCreated(android.os.Bundle)>"
					],
					"depth":8,
					"method":"<android.app.FragmentManager: boolean popBackStackImmediate(java.lang.String,int)>",
					"source":"FIELDCALLER"
				}
			],
			"callerOfSingnlar2SourceVar":{}
		},
		{
			"method":"<android.app.DialogFragment: void onActivityCreated(android.os.Bundle)>",
			"message":"\\QYou can not set Dialog's OnCancelListener or OnDismissListener\\E",
			"relatedVarType":"Unknown",
			"relatedCondType":"Basic",
			"modifier":"public",
			"type":"java.lang.IllegalStateException",
			"osVersionRelated":false,
			"resourceRelated":false,
			"assessRelated":false,
			"hardwareRelated":false,
			"manifestRelated":false,
			"conditions":"$z2 != 0, r3 == null, r2 == null",
			"keyAPISameClassNum":0,
			"keyAPIDiffClassNum":0,
			"keyAPISameClass":[],
			"keyAPIDiffClass":[],
			"callerOfSingnlar2SourceVar":{}
		}
	]
}