{
	"exceptions":[
		{
			"method":"<android.animation.StateListAnimator: android.animation.StateListAnimator clone()>",
			"message":"\\Qcannot clone state list animator\\E",
			"relatedVarType":"Field",
			"relatedCondType":"Basic",
			"modifier":"public",
			"type":"java.lang.AssertionError",
			"osVersionRelated":false,
			"resourceRelated":false,
			"assessRelated":false,
			"hardwareRelated":false,
			"manifestRelated":false,
			"conditions":"i3 >= i1",
			"fieldValues":"<android.animation.StateListAnimator: java.util.ArrayList mTuples>",
			"caughtValues":"@caughtexception",
			"relatedValues":"; <android.animation.StateListAnimator: java.util.ArrayList mTuples>; @caughtexception",
			"keyAPISameClassNum":6,
			"keyAPIDiffClassNum":35,
			"keyAPISameClass":[
				{
					"trace":[
						"<android.animation.StateListAnimator: android.animation.StateListAnimator clone()>"
					],
					"depth":1,
					"method":"<android.animation.StateListAnimator: void <init>()>",
					"source":"FIELD"
				},
				{
					"trace":[
						"<android.animation.StateListAnimator: android.animation.StateListAnimator clone()>"
					],
					"depth":1,
					"method":"<android.animation.StateListAnimator: void addState(int[],android.animation.Animator)>",
					"source":"FIELD"
				},
				{
					"trace":[
						"<android.animation.StateListAnimator: android.animation.StateListAnimator clone()>"
					],
					"depth":1,
					"method":"<android.animation.StateListAnimator: void setState(int[])>",
					"source":"FIELD"
				},
				{
					"trace":[
						"<android.animation.StateListAnimator: android.animation.StateListAnimator clone()>",
						"<android.animation.StateListAnimator: void addState(int[],android.animation.Animator)>",
						"key field: <android.animation.StateListAnimator: java.util.ArrayList mTuples>",
						"<android.animation.StateListAnimator: android.animation.StateListAnimator clone()>"
					],
					"depth":2,
					"method":"<android.animation.StateListAnimator: android.animation.StateListAnimator clone()>",
					"source":"FIELDCALLER"
				},
				{
					"trace":[
						"<android.animation.StateListAnimator: void setTarget(android.view.View)>",
						"<android.animation.StateListAnimator: void clearTarget()>",
						"key field: <android.animation.StateListAnimator: java.util.ArrayList mTuples>",
						"<android.animation.StateListAnimator: android.animation.StateListAnimator clone()>"
					],
					"depth":2,
					"method":"<android.animation.StateListAnimator: void setTarget(android.view.View)>",
					"source":"FIELDCALLER"
				},
				{
					"trace":[
						"<android.animation.StateListAnimator: java.lang.Object clone()>",
						"<android.animation.StateListAnimator: android.animation.StateListAnimator clone()>",
						"<android.animation.StateListAnimator: void addState(int[],android.animation.Animator)>",
						"key field: <android.animation.StateListAnimator: java.util.ArrayList mTuples>",
						"<android.animation.StateListAnimator: android.animation.StateListAnimator clone()>"
					],
					"depth":3,
					"method":"<android.animation.StateListAnimator: java.lang.Object clone()>",
					"source":"FIELDCALLER"
				}
			],
			"keyAPIDiffClass":[
				{
					"trace":[
						"<android.animation.AnimatorInflater: android.animation.StateListAnimator loadStateListAnimator(android.content.Context,int)>",
						"<android.animation.AnimatorInflater: android.animation.StateListAnimator createStateListAnimatorFromXml(android.content.Context,org.xmlpull.v1.XmlPullParser,android.util.AttributeSet)>",
						"<android.animation.StateListAnimator: void <init>()>",
						"key field: <android.animation.StateListAnimator: java.util.ArrayList mTuples>",
						"<android.animation.StateListAnimator: android.animation.StateListAnimator clone()>"
					],
					"depth":3,
					"method":"<android.animation.AnimatorInflater: android.animation.StateListAnimator loadStateListAnimator(android.content.Context,int)>",
					"source":"FIELDCALLER"
				},
				{
					"trace":[
						"<android.animation.StateListAnimator$StateListAnimatorConstantState: android.animation.StateListAnimator newInstance()>",
						"<android.animation.StateListAnimator: android.animation.StateListAnimator clone()>",
						"<android.animation.StateListAnimator: void addState(int[],android.animation.Animator)>",
						"key field: <android.animation.StateListAnimator: java.util.ArrayList mTuples>",
						"<android.animation.StateListAnimator: android.animation.StateListAnimator clone()>"
					],
					"depth":3,
					"method":"<android.animation.StateListAnimator$StateListAnimatorConstantState: android.animation.StateListAnimator newInstance()>",
					"source":"FIELDCALLER"
				},
				{
					"trace":[
						"<android.util.LongSparseLongArray: android.util.LongSparseLongArray clone()>",
						"<android.animation.StateListAnimator: java.lang.Object clone()>",
						"<android.animation.StateListAnimator: android.animation.StateListAnimator clone()>",
						"<android.animation.StateListAnimator: void addState(int[],android.animation.Animator)>",
						"key field: <android.animation.StateListAnimator: java.util.ArrayList mTuples>",
						"<android.animation.StateListAnimator: android.animation.StateListAnimator clone()>"
					],
					"depth":4,
					"method":"<android.util.LongSparseLongArray: android.util.LongSparseLongArray clone()>",
					"source":"FIELDCALLER"
				},
				{
					"trace":[
						"<android.animation.StateListAnimator$StateListAnimatorConstantState: java.lang.Object newInstance()>",
						"<android.animation.StateListAnimator$StateListAnimatorConstantState: android.animation.StateListAnimator newInstance()>",
						"<android.animation.StateListAnimator: android.animation.StateListAnimator clone()>",
						"<android.animation.StateListAnimator: void addState(int[],android.animation.Animator)>",
						"key field: <android.animation.StateListAnimator: java.util.ArrayList mTuples>",
						"<android.animation.StateListAnimator: android.animation.StateListAnimator clone()>"
					],
					"depth":4,
					"method":"<android.animation.StateListAnimator$StateListAnimatorConstantState: java.lang.Object newInstance()>",
					"source":"FIELDCALLER"
				},
				{
					"trace":[
						"<android.content.res.ConstantState: java.lang.Object newInstance()>",
						"<android.animation.StateListAnimator$StateListAnimatorConstantState: android.animation.StateListAnimator newInstance()>",
						"<android.animation.StateListAnimator: android.animation.StateListAnimator clone()>",
						"<android.animation.StateListAnimator: void addState(int[],android.animation.Animator)>",
						"key field: <android.animation.StateListAnimator: java.util.ArrayList mTuples>",
						"<android.animation.StateListAnimator: android.animation.StateListAnimator clone()>"
					],
					"depth":4,
					"method":"<android.content.res.ConstantState: java.lang.Object newInstance()>",
					"source":"FIELDCALLER"
				},
				{
					"trace":[
						"<android.util.LongSparseLongArray: java.lang.Object clone()>",
						"<android.util.LongSparseLongArray: android.util.LongSparseLongArray clone()>",
						"<android.animation.StateListAnimator: java.lang.Object clone()>",
						"<android.animation.StateListAnimator: android.animation.StateListAnimator clone()>",
						"<android.animation.StateListAnimator: void addState(int[],android.animation.Animator)>",
						"key field: <android.animation.StateListAnimator: java.util.ArrayList mTuples>",
						"<android.animation.StateListAnimator: android.animation.StateListAnimator clone()>"
					],
					"depth":5,
					"method":"<android.util.LongSparseLongArray: java.lang.Object clone()>",
					"source":"FIELDCALLER"
				},
				{
					"trace":[
						"<android.content.res.ConstantState: java.lang.Object newInstance(android.content.res.Resources)>",
						"<android.animation.StateListAnimator$StateListAnimatorConstantState: java.lang.Object newInstance()>",
						"<android.animation.StateListAnimator$StateListAnimatorConstantState: android.animation.StateListAnimator newInstance()>",
						"<android.animation.StateListAnimator: android.animation.StateListAnimator clone()>",
						"<android.animation.StateListAnimator: void addState(int[],android.animation.Animator)>",
						"key field: <android.animation.StateListAnimator: java.util.ArrayList mTuples>",
						"<android.animation.StateListAnimator: android.animation.StateListAnimator clone()>"
					],
					"depth":5,
					"method":"<android.content.res.ConstantState: java.lang.Object newInstance(android.content.res.Resources)>",
					"source":"FIELDCALLER"
				},
				{
					"trace":[
						"<android.util.SparseLongArray: android.util.SparseLongArray clone()>",
						"<android.util.LongSparseLongArray: java.lang.Object clone()>",
						"<android.util.LongSparseLongArray: android.util.LongSparseLongArray clone()>",
						"<android.animation.StateListAnimator: java.lang.Object clone()>",
						"<android.animation.StateListAnimator: android.animation.StateListAnimator clone()>",
						"<android.animation.StateListAnimator: void addState(int[],android.animation.Animator)>",
						"key field: <android.animation.StateListAnimator: java.util.ArrayList mTuples>",
						"<android.animation.StateListAnimator: android.animation.StateListAnimator clone()>"
					],
					"depth":6,
					"method":"<android.util.SparseLongArray: android.util.SparseLongArray clone()>",
					"source":"FIELDCALLER"
				},
				{
					"trace":[
						"<android.content.res.ConstantState: java.lang.Object newInstance(android.content.res.Resources,android.content.res.Resources$Theme)>",
						"<android.content.res.ConstantState: java.lang.Object newInstance(android.content.res.Resources)>",
						"<android.animation.StateListAnimator$StateListAnimatorConstantState: java.lang.Object newInstance()>",
						"<android.animation.StateListAnimator$StateListAnimatorConstantState: android.animation.StateListAnimator newInstance()>",
						"<android.animation.StateListAnimator: android.animation.StateListAnimator clone()>",
						"<android.animation.StateListAnimator: void addState(int[],android.animation.Animator)>",
						"key field: <android.animation.StateListAnimator: java.util.ArrayList mTuples>",
						"<android.animation.StateListAnimator: android.animation.StateListAnimator clone()>"
					],
					"depth":6,
					"method":"<android.content.res.ConstantState: java.lang.Object newInstance(android.content.res.Resources,android.content.res.Resources$Theme)>",
					"source":"FIELDCALLER"
				},
				{
					"trace":[
						"<android.util.SparseLongArray: java.lang.Object clone()>",
						"<android.util.SparseLongArray: android.util.SparseLongArray clone()>",
						"<android.util.LongSparseLongArray: java.lang.Object clone()>",
						"<android.util.LongSparseLongArray: android.util.LongSparseLongArray clone()>",
						"<android.animation.StateListAnimator: java.lang.Object clone()>",
						"<android.animation.StateListAnimator: android.animation.StateListAnimator clone()>",
						"<android.animation.StateListAnimator: void addState(int[],android.animation.Animator)>",
						"key field: <android.animation.StateListAnimator: java.util.ArrayList mTuples>",
						"<android.animation.StateListAnimator: android.animation.StateListAnimator clone()>"
					],
					"depth":7,
					"method":"<android.util.SparseLongArray: java.lang.Object clone()>",
					"source":"FIELDCALLER"
				},
				{
					"trace":[
						"<android.util.SparseBooleanArray: java.lang.Object clone()>",
						"<android.util.SparseBooleanArray: android.util.SparseBooleanArray clone()>",
						"<android.util.LongSparseLongArray: java.lang.Object clone()>",
						"<android.util.LongSparseLongArray: android.util.LongSparseLongArray clone()>",
						"<android.animation.StateListAnimator: java.lang.Object clone()>",
						"<android.animation.StateListAnimator: android.animation.StateListAnimator clone()>",
						"<android.animation.StateListAnimator: void addState(int[],android.animation.Animator)>",
						"key field: <android.animation.StateListAnimator: java.util.ArrayList mTuples>",
						"<android.animation.StateListAnimator: android.animation.StateListAnimator clone()>"
					],
					"depth":7,
					"method":"<android.util.SparseBooleanArray: java.lang.Object clone()>",
					"source":"FIELDCALLER"
				},
				{
					"trace":[
						"<android.util.SparseIntArray: java.lang.Object clone()>",
						"<android.util.SparseIntArray: android.util.SparseIntArray clone()>",
						"<android.util.LongSparseLongArray: java.lang.Object clone()>",
						"<android.util.LongSparseLongArray: android.util.LongSparseLongArray clone()>",
						"<android.animation.StateListAnimator: java.lang.Object clone()>",
						"<android.animation.StateListAnimator: android.animation.StateListAnimator clone()>",
						"<android.animation.StateListAnimator: void addState(int[],android.animation.Animator)>",
						"key field: <android.animation.StateListAnimator: java.util.ArrayList mTuples>",
						"<android.animation.StateListAnimator: android.animation.StateListAnimator clone()>"
					],
					"depth":7,
					"method":"<android.util.SparseIntArray: java.lang.Object clone()>",
					"source":"FIELDCALLER"
				},
				{
					"trace":[
						"<com.android.framework.protobuf.nano.FieldData: java.lang.Object clone()>",
						"<com.android.framework.protobuf.nano.FieldData: com.android.framework.protobuf.nano.FieldData clone()>",
						"<android.util.LongSparseLongArray: java.lang.Object clone()>",
						"<android.util.LongSparseLongArray: android.util.LongSparseLongArray clone()>",
						"<android.animation.StateListAnimator: java.lang.Object clone()>",
						"<android.animation.StateListAnimator: android.animation.StateListAnimator clone()>",
						"<android.animation.StateListAnimator: void addState(int[],android.animation.Animator)>",
						"key field: <android.animation.StateListAnimator: java.util.ArrayList mTuples>",
						"<android.animation.StateListAnimator: android.animation.StateListAnimator clone()>"
					],
					"depth":7,
					"method":"<com.android.framework.protobuf.nano.FieldData: java.lang.Object clone()>",
					"source":"FIELDCALLER"
				},
				{
					"trace":[
						"<com.android.framework.protobuf.nano.FieldArray: com.android.framework.protobuf.nano.FieldArray clone()>",
						"<com.android.framework.protobuf.nano.FieldData: com.android.framework.protobuf.nano.FieldData clone()>",
						"<android.util.LongSparseLongArray: java.lang.Object clone()>",
						"<android.util.LongSparseLongArray: android.util.LongSparseLongArray clone()>",
						"<android.animation.StateListAnimator: java.lang.Object clone()>",
						"<android.animation.StateListAnimator: android.animation.StateListAnimator clone()>",
						"<android.animation.StateListAnimator: void addState(int[],android.animation.Animator)>",
						"key field: <android.animation.StateListAnimator: java.util.ArrayList mTuples>",
						"<android.animation.StateListAnimator: android.animation.StateListAnimator clone()>"
					],
					"depth":7,
					"method":"<com.android.framework.protobuf.nano.FieldArray: com.android.framework.protobuf.nano.FieldArray clone()>",
					"source":"FIELDCALLER"
				},
				{
					"trace":[
						"<android.util.SparseArray: java.lang.Object clone()>",
						"<android.util.SparseArray: android.util.SparseArray clone()>",
						"<android.util.LongSparseLongArray: java.lang.Object clone()>",
						"<android.util.LongSparseLongArray: android.util.LongSparseLongArray clone()>",
						"<android.animation.StateListAnimator: java.lang.Object clone()>",
						"<android.animation.StateListAnimator: android.animation.StateListAnimator clone()>",
						"<android.animation.StateListAnimator: void addState(int[],android.animation.Animator)>",
						"key field: <android.animation.StateListAnimator: java.util.ArrayList mTuples>",
						"<android.animation.StateListAnimator: android.animation.StateListAnimator clone()>"
					],
					"depth":7,
					"method":"<android.util.SparseArray: java.lang.Object clone()>",
					"source":"FIELDCALLER"
				},
				{
					"trace":[
						"<android.util.LongArray: java.lang.Object clone()>",
						"<android.util.LongArray: android.util.LongArray clone()>",
						"<android.util.LongSparseLongArray: java.lang.Object clone()>",
						"<android.util.LongSparseLongArray: android.util.LongSparseLongArray clone()>",
						"<android.animation.StateListAnimator: java.lang.Object clone()>",
						"<android.animation.StateListAnimator: android.animation.StateListAnimator clone()>",
						"<android.animation.StateListAnimator: void addState(int[],android.animation.Animator)>",
						"key field: <android.animation.StateListAnimator: java.util.ArrayList mTuples>",
						"<android.animation.StateListAnimator: android.animation.StateListAnimator clone()>"
					],
					"depth":7,
					"method":"<android.util.LongArray: java.lang.Object clone()>",
					"source":"FIELDCALLER"
				},
				{
					"trace":[
						"<android.util.IntArray: java.lang.Object clone()>",
						"<android.util.IntArray: android.util.IntArray clone()>",
						"<android.util.LongSparseLongArray: java.lang.Object clone()>",
						"<android.util.LongSparseLongArray: android.util.LongSparseLongArray clone()>",
						"<android.animation.StateListAnimator: java.lang.Object clone()>",
						"<android.animation.StateListAnimator: android.animation.StateListAnimator clone()>",
						"<android.animation.StateListAnimator: void addState(int[],android.animation.Animator)>",
						"key field: <android.animation.StateListAnimator: java.util.ArrayList mTuples>",
						"<android.animation.StateListAnimator: android.animation.StateListAnimator clone()>"
					],
					"depth":7,
					"method":"<android.util.IntArray: java.lang.Object clone()>",
					"source":"FIELDCALLER"
				},
				{
					"trace":[
						"<android.util.LongSparseArray: java.lang.Object clone()>",
						"<android.util.LongSparseArray: android.util.LongSparseArray clone()>",
						"<android.util.LongSparseLongArray: java.lang.Object clone()>",
						"<android.util.LongSparseLongArray: android.util.LongSparseLongArray clone()>",
						"<android.animation.StateListAnimator: java.lang.Object clone()>",
						"<android.animation.StateListAnimator: android.animation.StateListAnimator clone()>",
						"<android.animation.StateListAnimator: void addState(int[],android.animation.Animator)>",
						"key field: <android.animation.StateListAnimator: java.util.ArrayList mTuples>",
						"<android.animation.StateListAnimator: android.animation.StateListAnimator clone()>"
					],
					"depth":7,
					"method":"<android.util.LongSparseArray: java.lang.Object clone()>",
					"source":"FIELDCALLER"
				},
				{
					"trace":[
						"<android.graphics.drawable.shapes.RoundRectShape: java.lang.Object clone()>",
						"<android.graphics.drawable.shapes.RoundRectShape: android.graphics.drawable.shapes.RoundRectShape clone()>",
						"<android.util.LongSparseLongArray: java.lang.Object clone()>",
						"<android.util.LongSparseLongArray: android.util.LongSparseLongArray clone()>",
						"<android.animation.StateListAnimator: java.lang.Object clone()>",
						"<android.animation.StateListAnimator: android.animation.StateListAnimator clone()>",
						"<android.animation.StateListAnimator: void addState(int[],android.animation.Animator)>",
						"key field: <android.animation.StateListAnimator: java.util.ArrayList mTuples>",
						"<android.animation.StateListAnimator: android.animation.StateListAnimator clone()>"
					],
					"depth":7,
					"method":"<android.graphics.drawable.shapes.RoundRectShape: java.lang.Object clone()>",
					"source":"FIELDCALLER"
				},
				{
					"trace":[
						"<android.graphics.drawable.shapes.RoundRectShape: android.graphics.drawable.shapes.RectShape clone()>",
						"<android.graphics.drawable.shapes.RoundRectShape: android.graphics.drawable.shapes.RoundRectShape clone()>",
						"<android.util.LongSparseLongArray: java.lang.Object clone()>",
						"<android.util.LongSparseLongArray: android.util.LongSparseLongArray clone()>",
						"<android.animation.StateListAnimator: java.lang.Object clone()>",
						"<android.animation.StateListAnimator: android.animation.StateListAnimator clone()>",
						"<android.animation.StateListAnimator: void addState(int[],android.animation.Animator)>",
						"key field: <android.animation.StateListAnimator: java.util.ArrayList mTuples>",
						"<android.animation.StateListAnimator: android.animation.StateListAnimator clone()>"
					],
					"depth":7,
					"method":"<android.graphics.drawable.shapes.RoundRectShape: android.graphics.drawable.shapes.RectShape clone()>",
					"source":"FIELDCALLER"
				},
				{
					"trace":[
						"<android.graphics.drawable.shapes.RoundRectShape: android.graphics.drawable.shapes.Shape clone()>",
						"<android.graphics.drawable.shapes.RoundRectShape: android.graphics.drawable.shapes.RoundRectShape clone()>",
						"<android.util.LongSparseLongArray: java.lang.Object clone()>",
						"<android.util.LongSparseLongArray: android.util.LongSparseLongArray clone()>",
						"<android.animation.StateListAnimator: java.lang.Object clone()>",
						"<android.animation.StateListAnimator: android.animation.StateListAnimator clone()>",
						"<android.animation.StateListAnimator: void addState(int[],android.animation.Animator)>",
						"key field: <android.animation.StateListAnimator: java.util.ArrayList mTuples>",
						"<android.animation.StateListAnimator: android.animation.StateListAnimator clone()>"
					],
					"depth":7,
					"method":"<android.graphics.drawable.shapes.RoundRectShape: android.graphics.drawable.shapes.Shape clone()>",
					"source":"FIELDCALLER"
				},
				{
					"trace":[
						"<android.animation.AnimatorInflater: android.animation.Animator loadAnimator(android.content.res.Resources,android.content.res.Resources$Theme,int,float)>",
						"<android.content.res.ConstantState: java.lang.Object newInstance(android.content.res.Resources,android.content.res.Resources$Theme)>",
						"<android.content.res.ConstantState: java.lang.Object newInstance(android.content.res.Resources)>",
						"<android.animation.StateListAnimator$StateListAnimatorConstantState: java.lang.Object newInstance()>",
						"<android.animation.StateListAnimator$StateListAnimatorConstantState: android.animation.StateListAnimator newInstance()>",
						"<android.animation.StateListAnimator: android.animation.StateListAnimator clone()>",
						"<android.animation.StateListAnimator: void addState(int[],android.animation.Animator)>",
						"key field: <android.animation.StateListAnimator: java.util.ArrayList mTuples>",
						"<android.animation.StateListAnimator: android.animation.StateListAnimator clone()>"
					],
					"depth":7,
					"method":"<android.animation.AnimatorInflater: android.animation.Animator loadAnimator(android.content.res.Resources,android.content.res.Resources$Theme,int,float)>",
					"source":"FIELDCALLER"
				},
				{
					"trace":[
						"<android.util.SparseBooleanArray: android.util.SparseBooleanArray clone()>",
						"<android.util.SparseLongArray: java.lang.Object clone()>",
						"<android.util.SparseLongArray: android.util.SparseLongArray clone()>",
						"<android.util.LongSparseLongArray: java.lang.Object clone()>",
						"<android.util.LongSparseLongArray: android.util.LongSparseLongArray clone()>",
						"<android.animation.StateListAnimator: java.lang.Object clone()>",
						"<android.animation.StateListAnimator: android.animation.StateListAnimator clone()>",
						"<android.animation.StateListAnimator: void addState(int[],android.animation.Animator)>",
						"key field: <android.animation.StateListAnimator: java.util.ArrayList mTuples>",
						"<android.animation.StateListAnimator: android.animation.StateListAnimator clone()>"
					],
					"depth":8,
					"method":"<android.util.SparseBooleanArray: android.util.SparseBooleanArray clone()>",
					"source":"FIELDCALLER"
				},
				{
					"trace":[
						"<android.util.SparseIntArray: android.util.SparseIntArray clone()>",
						"<android.util.SparseLongArray: java.lang.Object clone()>",
						"<android.util.SparseLongArray: android.util.SparseLongArray clone()>",
						"<android.util.LongSparseLongArray: java.lang.Object clone()>",
						"<android.util.LongSparseLongArray: android.util.LongSparseLongArray clone()>",
						"<android.animation.StateListAnimator: java.lang.Object clone()>",
						"<android.animation.StateListAnimator: android.animation.StateListAnimator clone()>",
						"<android.animation.StateListAnimator: void addState(int[],android.animation.Animator)>",
						"key field: <android.animation.StateListAnimator: java.util.ArrayList mTuples>",
						"<android.animation.StateListAnimator: android.animation.StateListAnimator clone()>"
					],
					"depth":8,
					"method":"<android.util.SparseIntArray: android.util.SparseIntArray clone()>",
					"source":"FIELDCALLER"
				},
				{
					"trace":[
						"<com.android.framework.protobuf.nano.FieldData: com.android.framework.protobuf.nano.FieldData clone()>",
						"<android.util.SparseLongArray: java.lang.Object clone()>",
						"<android.util.SparseLongArray: android.util.SparseLongArray clone()>",
						"<android.util.LongSparseLongArray: java.lang.Object clone()>",
						"<android.util.LongSparseLongArray: android.util.LongSparseLongArray clone()>",
						"<android.animation.StateListAnimator: java.lang.Object clone()>",
						"<android.animation.StateListAnimator: android.animation.StateListAnimator clone()>",
						"<android.animation.StateListAnimator: void addState(int[],android.animation.Animator)>",
						"key field: <android.animation.StateListAnimator: java.util.ArrayList mTuples>",
						"<android.animation.StateListAnimator: android.animation.StateListAnimator clone()>"
					],
					"depth":8,
					"method":"<com.android.framework.protobuf.nano.FieldData: com.android.framework.protobuf.nano.FieldData clone()>",
					"source":"FIELDCALLER"
				},
				{
					"trace":[
						"<android.util.SparseArray: android.util.SparseArray clone()>",
						"<android.util.SparseLongArray: java.lang.Object clone()>",
						"<android.util.SparseLongArray: android.util.SparseLongArray clone()>",
						"<android.util.LongSparseLongArray: java.lang.Object clone()>",
						"<android.util.LongSparseLongArray: android.util.LongSparseLongArray clone()>",
						"<android.animation.StateListAnimator: java.lang.Object clone()>",
						"<android.animation.StateListAnimator: android.animation.StateListAnimator clone()>",
						"<android.animation.StateListAnimator: void addState(int[],android.animation.Animator)>",
						"key field: <android.animation.StateListAnimator: java.util.ArrayList mTuples>",
						"<android.animation.StateListAnimator: android.animation.StateListAnimator clone()>"
					],
					"depth":8,
					"method":"<android.util.SparseArray: android.util.SparseArray clone()>",
					"source":"FIELDCALLER"
				},
				{
					"trace":[
						"<android.util.LongArray: android.util.LongArray clone()>",
						"<android.util.SparseLongArray: java.lang.Object clone()>",
						"<android.util.SparseLongArray: android.util.SparseLongArray clone()>",
						"<android.util.LongSparseLongArray: java.lang.Object clone()>",
						"<android.util.LongSparseLongArray: android.util.LongSparseLongArray clone()>",
						"<android.animation.StateListAnimator: java.lang.Object clone()>",
						"<android.animation.StateListAnimator: android.animation.StateListAnimator clone()>",
						"<android.animation.StateListAnimator: void addState(int[],android.animation.Animator)>",
						"key field: <android.animation.StateListAnimator: java.util.ArrayList mTuples>",
						"<android.animation.StateListAnimator: android.animation.StateListAnimator clone()>"
					],
					"depth":8,
					"method":"<android.util.LongArray: android.util.LongArray clone()>",
					"source":"FIELDCALLER"
				},
				{
					"trace":[
						"<android.util.IntArray: android.util.IntArray clone()>",
						"<android.util.SparseLongArray: java.lang.Object clone()>",
						"<android.util.SparseLongArray: android.util.SparseLongArray clone()>",
						"<android.util.LongSparseLongArray: java.lang.Object clone()>",
						"<android.util.LongSparseLongArray: android.util.LongSparseLongArray clone()>",
						"<android.animation.StateListAnimator: java.lang.Object clone()>",
						"<android.animation.StateListAnimator: android.animation.StateListAnimator clone()>",
						"<android.animation.StateListAnimator: void addState(int[],android.animation.Animator)>",
						"key field: <android.animation.StateListAnimator: java.util.ArrayList mTuples>",
						"<android.animation.StateListAnimator: android.animation.StateListAnimator clone()>"
					],
					"depth":8,
					"method":"<android.util.IntArray: android.util.IntArray clone()>",
					"source":"FIELDCALLER"
				},
				{
					"trace":[
						"<android.util.LongSparseArray: android.util.LongSparseArray clone()>",
						"<android.util.SparseLongArray: java.lang.Object clone()>",
						"<android.util.SparseLongArray: android.util.SparseLongArray clone()>",
						"<android.util.LongSparseLongArray: java.lang.Object clone()>",
						"<android.util.LongSparseLongArray: android.util.LongSparseLongArray clone()>",
						"<android.animation.StateListAnimator: java.lang.Object clone()>",
						"<android.animation.StateListAnimator: android.animation.StateListAnimator clone()>",
						"<android.animation.StateListAnimator: void addState(int[],android.animation.Animator)>",
						"key field: <android.animation.StateListAnimator: java.util.ArrayList mTuples>",
						"<android.animation.StateListAnimator: android.animation.StateListAnimator clone()>"
					],
					"depth":8,
					"method":"<android.util.LongSparseArray: android.util.LongSparseArray clone()>",
					"source":"FIELDCALLER"
				},
				{
					"trace":[
						"<android.graphics.drawable.shapes.RoundRectShape: android.graphics.drawable.shapes.RoundRectShape clone()>",
						"<android.util.SparseLongArray: java.lang.Object clone()>",
						"<android.util.SparseLongArray: android.util.SparseLongArray clone()>",
						"<android.util.LongSparseLongArray: java.lang.Object clone()>",
						"<android.util.LongSparseLongArray: android.util.LongSparseLongArray clone()>",
						"<android.animation.StateListAnimator: java.lang.Object clone()>",
						"<android.animation.StateListAnimator: android.animation.StateListAnimator clone()>",
						"<android.animation.StateListAnimator: void addState(int[],android.animation.Animator)>",
						"key field: <android.animation.StateListAnimator: java.util.ArrayList mTuples>",
						"<android.animation.StateListAnimator: android.animation.StateListAnimator clone()>"
					],
					"depth":8,
					"method":"<android.graphics.drawable.shapes.RoundRectShape: android.graphics.drawable.shapes.RoundRectShape clone()>",
					"source":"FIELDCALLER"
				},
				{
					"trace":[
						"<com.android.framework.protobuf.nano.FieldArray: java.lang.Object clone()>",
						"<com.android.framework.protobuf.nano.FieldArray: com.android.framework.protobuf.nano.FieldArray clone()>",
						"<com.android.framework.protobuf.nano.FieldData: com.android.framework.protobuf.nano.FieldData clone()>",
						"<android.util.LongSparseLongArray: java.lang.Object clone()>",
						"<android.util.LongSparseLongArray: android.util.LongSparseLongArray clone()>",
						"<android.animation.StateListAnimator: java.lang.Object clone()>",
						"<android.animation.StateListAnimator: android.animation.StateListAnimator clone()>",
						"<android.animation.StateListAnimator: void addState(int[],android.animation.Animator)>",
						"key field: <android.animation.StateListAnimator: java.util.ArrayList mTuples>",
						"<android.animation.StateListAnimator: android.animation.StateListAnimator clone()>"
					],
					"depth":8,
					"method":"<com.android.framework.protobuf.nano.FieldArray: java.lang.Object clone()>",
					"source":"FIELDCALLER"
				},
				{
					"trace":[
						"<android.graphics.drawable.shapes.RectShape: java.lang.Object clone()>",
						"<android.graphics.drawable.shapes.RoundRectShape: android.graphics.drawable.shapes.RectShape clone()>",
						"<android.graphics.drawable.shapes.RoundRectShape: android.graphics.drawable.shapes.RoundRectShape clone()>",
						"<android.util.LongSparseLongArray: java.lang.Object clone()>",
						"<android.util.LongSparseLongArray: android.util.LongSparseLongArray clone()>",
						"<android.animation.StateListAnimator: java.lang.Object clone()>",
						"<android.animation.StateListAnimator: android.animation.StateListAnimator clone()>",
						"<android.animation.StateListAnimator: void addState(int[],android.animation.Animator)>",
						"key field: <android.animation.StateListAnimator: java.util.ArrayList mTuples>",
						"<android.animation.StateListAnimator: android.animation.StateListAnimator clone()>"
					],
					"depth":8,
					"method":"<android.graphics.drawable.shapes.RectShape: java.lang.Object clone()>",
					"source":"FIELDCALLER"
				},
				{
					"trace":[
						"<android.graphics.drawable.shapes.RectShape: android.graphics.drawable.shapes.Shape clone()>",
						"<android.graphics.drawable.shapes.RoundRectShape: android.graphics.drawable.shapes.RectShape clone()>",
						"<android.graphics.drawable.shapes.RoundRectShape: android.graphics.drawable.shapes.RoundRectShape clone()>",
						"<android.util.LongSparseLongArray: java.lang.Object clone()>",
						"<android.util.LongSparseLongArray: android.util.LongSparseLongArray clone()>",
						"<android.animation.StateListAnimator: java.lang.Object clone()>",
						"<android.animation.StateListAnimator: android.animation.StateListAnimator clone()>",
						"<android.animation.StateListAnimator: void addState(int[],android.animation.Animator)>",
						"key field: <android.animation.StateListAnimator: java.util.ArrayList mTuples>",
						"<android.animation.StateListAnimator: android.animation.StateListAnimator clone()>"
					],
					"depth":8,
					"method":"<android.graphics.drawable.shapes.RectShape: android.graphics.drawable.shapes.Shape clone()>",
					"source":"FIELDCALLER"
				},
				{
					"trace":[
						"<android.graphics.drawable.shapes.Shape: java.lang.Object clone()>",
						"<android.graphics.drawable.shapes.RoundRectShape: android.graphics.drawable.shapes.Shape clone()>",
						"<android.graphics.drawable.shapes.RoundRectShape: android.graphics.drawable.shapes.RoundRectShape clone()>",
						"<android.util.LongSparseLongArray: java.lang.Object clone()>",
						"<android.util.LongSparseLongArray: android.util.LongSparseLongArray clone()>",
						"<android.animation.StateListAnimator: java.lang.Object clone()>",
						"<android.animation.StateListAnimator: android.animation.StateListAnimator clone()>",
						"<android.animation.StateListAnimator: void addState(int[],android.animation.Animator)>",
						"key field: <android.animation.StateListAnimator: java.util.ArrayList mTuples>",
						"<android.animation.StateListAnimator: android.animation.StateListAnimator clone()>"
					],
					"depth":8,
					"method":"<android.graphics.drawable.shapes.Shape: java.lang.Object clone()>",
					"source":"FIELDCALLER"
				},
				{
					"trace":[
						"<android.animation.AnimatorInflater: android.animation.Animator loadAnimator(android.content.res.Resources,android.content.res.Resources$Theme,int)>",
						"<android.animation.AnimatorInflater: android.animation.Animator loadAnimator(android.content.res.Resources,android.content.res.Resources$Theme,int,float)>",
						"<android.content.res.ConstantState: java.lang.Object newInstance(android.content.res.Resources,android.content.res.Resources$Theme)>",
						"<android.content.res.ConstantState: java.lang.Object newInstance(android.content.res.Resources)>",
						"<android.animation.StateListAnimator$StateListAnimatorConstantState: java.lang.Object newInstance()>",
						"<android.animation.StateListAnimator$StateListAnimatorConstantState: android.animation.StateListAnimator newInstance()>",
						"<android.animation.StateListAnimator: android.animation.StateListAnimator clone()>",
						"<android.animation.StateListAnimator: void addState(int[],android.animation.Animator)>",
						"key field: <android.animation.StateListAnimator: java.util.ArrayList mTuples>",
						"<android.animation.StateListAnimator: android.animation.StateListAnimator clone()>"
					],
					"depth":8,
					"method":"<android.animation.AnimatorInflater: android.animation.Animator loadAnimator(android.content.res.Resources,android.content.res.Resources$Theme,int)>",
					"source":"FIELDCALLER"
				}
			],
			"callerOfSingnlar2SourceVar":{}
		}
	]
}