{
	"exceptions":[
		{
			"method":"<android.app.RemoteInput$Builder: void <init>(java.lang.String)>",
			"message":"\\QResult key can't be null\\E",
			"relatedVarType":"Parameter",
			"relatedCondType":"Basic",
			"modifier":"public",
			"type":"java.lang.IllegalArgumentException",
			"osVersionRelated":false,
			"resourceRelated":false,
			"assessRelated":false,
			"hardwareRelated":false,
			"manifestRelated":false,
			"conditions":"r3 != null",
			"paramValues":"@parameter0: java.lang.String",
			"relatedValues":"@parameter0: java.lang.String; ; ",
			"keyAPISameClassNum":0,
			"keyAPIDiffClassNum":0,
			"keyAPISameClass":[
				{
					"trace":[
						"<android.app.RemoteInput$Builder: void <init>(java.lang.String)>"
					],
					"depth":0,
					"method":"<android.app.RemoteInput$Builder: void <init>(java.lang.String)>",
					"source":"CALLER"
				}
			],
			"keyAPIDiffClass":[],
			"callerOfSingnlar2SourceVar":{
				"<android.app.RemoteInput$Builder: void <init>(java.lang.String)>":"0"
			}
		}
	]
}