{
	"exceptions":[
		{
			"method":"<android.graphics.fonts.FontVariationAxis: void <init>(java.lang.String,float)>",
			"message":"\\QIllegal tag pattern: \\E[\\s\\S]*",
			"relatedVarType":"Parameter",
			"relatedCondType":"Basic",
			"modifier":"public",
			"type":"java.lang.IllegalArgumentException",
			"osVersionRelated":false,
			"resourceRelated":false,
			"assessRelated":false,
			"hardwareRelated":false,
			"manifestRelated":false,
			"conditions":"$z0 != 0",
			"paramValues":"@parameter0: java.lang.String",
			"relatedValues":"@parameter0: java.lang.String; ; ",
			"keyAPISameClassNum":0,
			"keyAPIDiffClassNum":0,
			"keyAPISameClass":[
				{
					"trace":[
						"<android.graphics.fonts.FontVariationAxis: void <init>(java.lang.String,float)>"
					],
					"depth":0,
					"method":"<android.graphics.fonts.FontVariationAxis: void <init>(java.lang.String,float)>",
					"source":"CALLER"
				},
				{
					"trace":[
						"<android.graphics.fonts.FontVariationAxis: android.graphics.fonts.FontVariationAxis[] fromFontVariationSettings(java.lang.String)>",
						"<android.graphics.fonts.FontVariationAxis: void <init>(java.lang.String,float)>"
					],
					"depth":1,
					"method":"<android.graphics.fonts.FontVariationAxis: android.graphics.fonts.FontVariationAxis[] fromFontVariationSettings(java.lang.String)>",
					"source":"CALLER"
				}
			],
			"keyAPIDiffClass":[
				{
					"trace":[
						"<android.graphics.Paint: boolean setFontVariationSettings(java.lang.String)>",
						"<android.graphics.fonts.FontVariationAxis: android.graphics.fonts.FontVariationAxis[] fromFontVariationSettings(java.lang.String)>",
						"<android.graphics.fonts.FontVariationAxis: void <init>(java.lang.String,float)>"
					],
					"depth":2,
					"method":"<android.graphics.Paint: boolean setFontVariationSettings(java.lang.String)>",
					"source":"CALLER"
				},
				{
					"trace":[
						"<android.graphics.fonts.Font$Builder: android.graphics.fonts.Font$Builder setFontVariationSettings(java.lang.String)>",
						"<android.graphics.fonts.FontVariationAxis: android.graphics.fonts.FontVariationAxis[] fromFontVariationSettings(java.lang.String)>",
						"<android.graphics.fonts.FontVariationAxis: void <init>(java.lang.String,float)>"
					],
					"depth":2,
					"method":"<android.graphics.fonts.Font$Builder: android.graphics.fonts.Font$Builder setFontVariationSettings(java.lang.String)>",
					"source":"CALLER"
				},
				{
					"trace":[
						"<android.graphics.FontListParser: android.text.FontConfig$Family readFamily(org.xmlpull.v1.XmlPullParser,java.lang.String)>",
						"<android.graphics.FontListParser: android.text.FontConfig$Font readFont(org.xmlpull.v1.XmlPullParser,java.lang.String)>",
						"<android.graphics.FontListParser: android.graphics.fonts.FontVariationAxis readAxis(org.xmlpull.v1.XmlPullParser)>",
						"<android.graphics.fonts.FontVariationAxis: void <init>(java.lang.String,float)>"
					],
					"depth":3,
					"method":"<android.graphics.FontListParser: android.text.FontConfig$Family readFamily(org.xmlpull.v1.XmlPullParser,java.lang.String)>",
					"source":"CALLER"
				},
				{
					"trace":[
						"<android.widget.TextView: boolean setFontVariationSettings(java.lang.String)>",
						"<android.graphics.Paint: boolean setFontVariationSettings(java.lang.String)>",
						"<android.graphics.fonts.FontVariationAxis: android.graphics.fonts.FontVariationAxis[] fromFontVariationSettings(java.lang.String)>",
						"<android.graphics.fonts.FontVariationAxis: void <init>(java.lang.String,float)>"
					],
					"depth":3,
					"method":"<android.widget.TextView: boolean setFontVariationSettings(java.lang.String)>",
					"source":"CALLER"
				},
				{
					"trace":[
						"<android.graphics.Typeface: android.graphics.Typeface createFromResources(android.content.res.FontResourcesParser$FamilyResourceEntry,android.content.res.AssetManager,java.lang.String)>",
						"<android.graphics.fonts.Font$Builder: android.graphics.fonts.Font$Builder setFontVariationSettings(java.lang.String)>",
						"<android.graphics.fonts.FontVariationAxis: android.graphics.fonts.FontVariationAxis[] fromFontVariationSettings(java.lang.String)>",
						"<android.graphics.fonts.FontVariationAxis: void <init>(java.lang.String,float)>"
					],
					"depth":3,
					"method":"<android.graphics.Typeface: android.graphics.Typeface createFromResources(android.content.res.FontResourcesParser$FamilyResourceEntry,android.content.res.AssetManager,java.lang.String)>",
					"source":"CALLER"
				},
				{
					"trace":[
						"<android.graphics.Typeface$Builder: android.graphics.Typeface$Builder setFontVariationSettings(java.lang.String)>",
						"<android.graphics.fonts.Font$Builder: android.graphics.fonts.Font$Builder setFontVariationSettings(java.lang.String)>",
						"<android.graphics.fonts.FontVariationAxis: android.graphics.fonts.FontVariationAxis[] fromFontVariationSettings(java.lang.String)>",
						"<android.graphics.fonts.FontVariationAxis: void <init>(java.lang.String,float)>"
					],
					"depth":3,
					"method":"<android.graphics.Typeface$Builder: android.graphics.Typeface$Builder setFontVariationSettings(java.lang.String)>",
					"source":"CALLER"
				}
			],
			"callerOfSingnlar2SourceVar":{
				"<android.graphics.fonts.FontVariationAxis: void <init>(java.lang.String,float)>":"0"
			}
		},
		{
			"method":"<android.graphics.fonts.FontVariationAxis: android.graphics.fonts.FontVariationAxis[] fromFontVariationSettings(java.lang.String)>",
			"message":"\\QFailed to parse float string: \\E[\\s\\S]*",
			"relatedVarType":"Parameter",
			"relatedCondType":"Basic",
			"modifier":"public",
			"type":"java.lang.IllegalArgumentException",
			"osVersionRelated":false,
			"resourceRelated":false,
			"assessRelated":false,
			"hardwareRelated":false,
			"manifestRelated":false,
			"conditions":"i9 != -1, $c4 == c1, $z0 == 0",
			"paramValues":"@parameter0: java.lang.String",
			"caughtValues":"@caughtexception",
			"relatedValues":"@parameter0: java.lang.String; ; @caughtexception",
			"keyAPISameClassNum":0,
			"keyAPIDiffClassNum":0,
			"keyAPISameClass":[
				{
					"trace":[
						"<android.graphics.fonts.FontVariationAxis: android.graphics.fonts.FontVariationAxis[] fromFontVariationSettings(java.lang.String)>"
					],
					"depth":0,
					"method":"<android.graphics.fonts.FontVariationAxis: android.graphics.fonts.FontVariationAxis[] fromFontVariationSettings(java.lang.String)>",
					"source":"CALLER"
				}
			],
			"keyAPIDiffClass":[
				{
					"trace":[
						"<android.graphics.Paint: boolean setFontVariationSettings(java.lang.String)>",
						"<android.graphics.fonts.FontVariationAxis: android.graphics.fonts.FontVariationAxis[] fromFontVariationSettings(java.lang.String)>"
					],
					"depth":1,
					"method":"<android.graphics.Paint: boolean setFontVariationSettings(java.lang.String)>",
					"source":"CALLER"
				},
				{
					"trace":[
						"<android.graphics.fonts.Font$Builder: android.graphics.fonts.Font$Builder setFontVariationSettings(java.lang.String)>",
						"<android.graphics.fonts.FontVariationAxis: android.graphics.fonts.FontVariationAxis[] fromFontVariationSettings(java.lang.String)>"
					],
					"depth":1,
					"method":"<android.graphics.fonts.Font$Builder: android.graphics.fonts.Font$Builder setFontVariationSettings(java.lang.String)>",
					"source":"CALLER"
				},
				{
					"trace":[
						"<android.widget.TextView: boolean setFontVariationSettings(java.lang.String)>",
						"<android.graphics.Paint: boolean setFontVariationSettings(java.lang.String)>",
						"<android.graphics.fonts.FontVariationAxis: android.graphics.fonts.FontVariationAxis[] fromFontVariationSettings(java.lang.String)>"
					],
					"depth":2,
					"method":"<android.widget.TextView: boolean setFontVariationSettings(java.lang.String)>",
					"source":"CALLER"
				},
				{
					"trace":[
						"<android.graphics.Typeface: android.graphics.Typeface createFromResources(android.content.res.FontResourcesParser$FamilyResourceEntry,android.content.res.AssetManager,java.lang.String)>",
						"<android.graphics.fonts.Font$Builder: android.graphics.fonts.Font$Builder setFontVariationSettings(java.lang.String)>",
						"<android.graphics.fonts.FontVariationAxis: android.graphics.fonts.FontVariationAxis[] fromFontVariationSettings(java.lang.String)>"
					],
					"depth":2,
					"method":"<android.graphics.Typeface: android.graphics.Typeface createFromResources(android.content.res.FontResourcesParser$FamilyResourceEntry,android.content.res.AssetManager,java.lang.String)>",
					"source":"CALLER"
				},
				{
					"trace":[
						"<android.graphics.Typeface$Builder: android.graphics.Typeface$Builder setFontVariationSettings(java.lang.String)>",
						"<android.graphics.fonts.Font$Builder: android.graphics.fonts.Font$Builder setFontVariationSettings(java.lang.String)>",
						"<android.graphics.fonts.FontVariationAxis: android.graphics.fonts.FontVariationAxis[] fromFontVariationSettings(java.lang.String)>"
					],
					"depth":2,
					"method":"<android.graphics.Typeface$Builder: android.graphics.Typeface$Builder setFontVariationSettings(java.lang.String)>",
					"source":"CALLER"
				}
			],
			"callerOfSingnlar2SourceVar":{
				"<android.graphics.fonts.Font$Builder: android.graphics.fonts.Font$Builder setFontVariationSettings(java.lang.String)>":"0",
				"<android.graphics.fonts.FontVariationAxis: android.graphics.fonts.FontVariationAxis[] fromFontVariationSettings(java.lang.String)>":"0",
				"<android.graphics.Typeface$Builder: android.graphics.Typeface$Builder setFontVariationSettings(java.lang.String)>":"0"
			}
		},
		{
			"method":"<android.graphics.fonts.FontVariationAxis: android.graphics.fonts.FontVariationAxis[] fromFontVariationSettings(java.lang.String)>",
			"message":"\\QTag should be wrapped with double or single quote: \\E[\\s\\S]*",
			"relatedVarType":"Parameter",
			"relatedCondType":"Basic",
			"modifier":"public",
			"type":"java.lang.IllegalArgumentException",
			"osVersionRelated":false,
			"resourceRelated":false,
			"assessRelated":false,
			"hardwareRelated":false,
			"manifestRelated":false,
			"conditions":"c1 != 34, $z0 == 0, r0 == null",
			"paramValues":"@parameter0: java.lang.String",
			"relatedValues":"@parameter0: java.lang.String; ; ",
			"keyAPISameClassNum":0,
			"keyAPIDiffClassNum":0,
			"keyAPISameClass":[
				{
					"trace":[
						"<android.graphics.fonts.FontVariationAxis: android.graphics.fonts.FontVariationAxis[] fromFontVariationSettings(java.lang.String)>"
					],
					"depth":0,
					"method":"<android.graphics.fonts.FontVariationAxis: android.graphics.fonts.FontVariationAxis[] fromFontVariationSettings(java.lang.String)>",
					"source":"CALLER"
				}
			],
			"keyAPIDiffClass":[
				{
					"trace":[
						"<android.graphics.Paint: boolean setFontVariationSettings(java.lang.String)>",
						"<android.graphics.fonts.FontVariationAxis: android.graphics.fonts.FontVariationAxis[] fromFontVariationSettings(java.lang.String)>"
					],
					"depth":1,
					"method":"<android.graphics.Paint: boolean setFontVariationSettings(java.lang.String)>",
					"source":"CALLER"
				},
				{
					"trace":[
						"<android.graphics.fonts.Font$Builder: android.graphics.fonts.Font$Builder setFontVariationSettings(java.lang.String)>",
						"<android.graphics.fonts.FontVariationAxis: android.graphics.fonts.FontVariationAxis[] fromFontVariationSettings(java.lang.String)>"
					],
					"depth":1,
					"method":"<android.graphics.fonts.Font$Builder: android.graphics.fonts.Font$Builder setFontVariationSettings(java.lang.String)>",
					"source":"CALLER"
				},
				{
					"trace":[
						"<android.widget.TextView: boolean setFontVariationSettings(java.lang.String)>",
						"<android.graphics.Paint: boolean setFontVariationSettings(java.lang.String)>",
						"<android.graphics.fonts.FontVariationAxis: android.graphics.fonts.FontVariationAxis[] fromFontVariationSettings(java.lang.String)>"
					],
					"depth":2,
					"method":"<android.widget.TextView: boolean setFontVariationSettings(java.lang.String)>",
					"source":"CALLER"
				},
				{
					"trace":[
						"<android.graphics.Typeface: android.graphics.Typeface createFromResources(android.content.res.FontResourcesParser$FamilyResourceEntry,android.content.res.AssetManager,java.lang.String)>",
						"<android.graphics.fonts.Font$Builder: android.graphics.fonts.Font$Builder setFontVariationSettings(java.lang.String)>",
						"<android.graphics.fonts.FontVariationAxis: android.graphics.fonts.FontVariationAxis[] fromFontVariationSettings(java.lang.String)>"
					],
					"depth":2,
					"method":"<android.graphics.Typeface: android.graphics.Typeface createFromResources(android.content.res.FontResourcesParser$FamilyResourceEntry,android.content.res.AssetManager,java.lang.String)>",
					"source":"CALLER"
				},
				{
					"trace":[
						"<android.graphics.Typeface$Builder: android.graphics.Typeface$Builder setFontVariationSettings(java.lang.String)>",
						"<android.graphics.fonts.Font$Builder: android.graphics.fonts.Font$Builder setFontVariationSettings(java.lang.String)>",
						"<android.graphics.fonts.FontVariationAxis: android.graphics.fonts.FontVariationAxis[] fromFontVariationSettings(java.lang.String)>"
					],
					"depth":2,
					"method":"<android.graphics.Typeface$Builder: android.graphics.Typeface$Builder setFontVariationSettings(java.lang.String)>",
					"source":"CALLER"
				}
			],
			"callerOfSingnlar2SourceVar":{
				"<android.graphics.fonts.Font$Builder: android.graphics.fonts.Font$Builder setFontVariationSettings(java.lang.String)>":"0",
				"<android.graphics.fonts.FontVariationAxis: android.graphics.fonts.FontVariationAxis[] fromFontVariationSettings(java.lang.String)>":"0",
				"<android.graphics.Typeface$Builder: android.graphics.Typeface$Builder setFontVariationSettings(java.lang.String)>":"0"
			}
		}
	]
}