{
	"exceptions":[
		{
			"method":"<android.accessibilityservice.AccessibilityService$MagnificationController: void setMagnificationCallbackEnabled(boolean)>",
			"message":"[\\s\\S]*",
			"relatedVarType":"Field",
			"relatedCondType":"Basic",
			"modifier":"private",
			"type":"java.lang.RuntimeException",
			"osVersionRelated":false,
			"resourceRelated":false,
			"assessRelated":false,
			"hardwareRelated":false,
			"manifestRelated":false,
			"conditions":"r3 == null",
			"fieldValues":"<android.accessibilityservice.AccessibilityService$MagnificationController: android.accessibilityservice.AccessibilityService mService>",
			"caughtValues":"@caughtexception",
			"relatedValues":"; <android.accessibilityservice.AccessibilityService$MagnificationController: android.accessibilityservice.AccessibilityService mService>; @caughtexception",
			"keyAPISameClassNum":10,
			"keyAPIDiffClassNum":8,
			"keyAPISameClass":[
				{
					"trace":[
						"<android.accessibilityservice.AccessibilityService$MagnificationController: void setMagnificationCallbackEnabled(boolean)>"
					],
					"depth":1,
					"method":"<android.accessibilityservice.AccessibilityService$MagnificationController: float getScale()>",
					"source":"FIELD"
				},
				{
					"trace":[
						"<android.accessibilityservice.AccessibilityService$MagnificationController: void setMagnificationCallbackEnabled(boolean)>"
					],
					"depth":1,
					"method":"<android.accessibilityservice.AccessibilityService$MagnificationController: float getCenterX()>",
					"source":"FIELD"
				},
				{
					"trace":[
						"<android.accessibilityservice.AccessibilityService$MagnificationController: void setMagnificationCallbackEnabled(boolean)>"
					],
					"depth":1,
					"method":"<android.accessibilityservice.AccessibilityService$MagnificationController: float getCenterY()>",
					"source":"FIELD"
				},
				{
					"trace":[
						"<android.accessibilityservice.AccessibilityService$MagnificationController: void setMagnificationCallbackEnabled(boolean)>"
					],
					"depth":1,
					"method":"<android.accessibilityservice.AccessibilityService$MagnificationController: android.graphics.Region getMagnificationRegion()>",
					"source":"FIELD"
				},
				{
					"trace":[
						"<android.accessibilityservice.AccessibilityService$MagnificationController: void setMagnificationCallbackEnabled(boolean)>"
					],
					"depth":1,
					"method":"<android.accessibilityservice.AccessibilityService$MagnificationController: boolean reset(boolean)>",
					"source":"FIELD"
				},
				{
					"trace":[
						"<android.accessibilityservice.AccessibilityService$MagnificationController: void setMagnificationCallbackEnabled(boolean)>"
					],
					"depth":1,
					"method":"<android.accessibilityservice.AccessibilityService$MagnificationController: boolean setScale(float,boolean)>",
					"source":"FIELD"
				},
				{
					"trace":[
						"<android.accessibilityservice.AccessibilityService$MagnificationController: void setMagnificationCallbackEnabled(boolean)>"
					],
					"depth":1,
					"method":"<android.accessibilityservice.AccessibilityService$MagnificationController: boolean setCenter(float,float,boolean)>",
					"source":"FIELD"
				},
				{
					"trace":[
						"<android.accessibilityservice.AccessibilityService$MagnificationController: boolean removeListener(android.accessibilityservice.AccessibilityService$MagnificationController$OnMagnificationChangedListener)>",
						"<android.accessibilityservice.AccessibilityService$MagnificationController: void setMagnificationCallbackEnabled(boolean)>",
						"key field: <android.accessibilityservice.AccessibilityService$MagnificationController: android.accessibilityservice.AccessibilityService mService>",
						"<android.accessibilityservice.AccessibilityService$MagnificationController: void setMagnificationCallbackEnabled(boolean)>"
					],
					"depth":2,
					"method":"<android.accessibilityservice.AccessibilityService$MagnificationController: boolean removeListener(android.accessibilityservice.AccessibilityService$MagnificationController$OnMagnificationChangedListener)>",
					"source":"FIELDCALLER"
				},
				{
					"trace":[
						"<android.accessibilityservice.AccessibilityService$MagnificationController: void addListener(android.accessibilityservice.AccessibilityService$MagnificationController$OnMagnificationChangedListener,android.os.Handler)>",
						"<android.accessibilityservice.AccessibilityService$MagnificationController: void setMagnificationCallbackEnabled(boolean)>",
						"key field: <android.accessibilityservice.AccessibilityService$MagnificationController: android.accessibilityservice.AccessibilityService mService>",
						"<android.accessibilityservice.AccessibilityService$MagnificationController: void setMagnificationCallbackEnabled(boolean)>"
					],
					"depth":2,
					"method":"<android.accessibilityservice.AccessibilityService$MagnificationController: void addListener(android.accessibilityservice.AccessibilityService$MagnificationController$OnMagnificationChangedListener,android.os.Handler)>",
					"source":"FIELDCALLER"
				},
				{
					"trace":[
						"<android.accessibilityservice.AccessibilityService$MagnificationController: void addListener(android.accessibilityservice.AccessibilityService$MagnificationController$OnMagnificationChangedListener)>",
						"<android.accessibilityservice.AccessibilityService$MagnificationController: void addListener(android.accessibilityservice.AccessibilityService$MagnificationController$OnMagnificationChangedListener,android.os.Handler)>",
						"<android.accessibilityservice.AccessibilityService$MagnificationController: void setMagnificationCallbackEnabled(boolean)>",
						"key field: <android.accessibilityservice.AccessibilityService$MagnificationController: android.accessibilityservice.AccessibilityService mService>",
						"<android.accessibilityservice.AccessibilityService$MagnificationController: void setMagnificationCallbackEnabled(boolean)>"
					],
					"depth":3,
					"method":"<android.accessibilityservice.AccessibilityService$MagnificationController: void addListener(android.accessibilityservice.AccessibilityService$MagnificationController$OnMagnificationChangedListener)>",
					"source":"FIELDCALLER"
				}
			],
			"keyAPIDiffClass":[
				{
					"trace":[
						"<android.accessibilityservice.AccessibilityService: android.accessibilityservice.AccessibilityService$MagnificationController getMagnificationController(int)>",
						"<android.accessibilityservice.AccessibilityService$MagnificationController: void <init>(android.accessibilityservice.AccessibilityService,java.lang.Object,int)>",
						"key field: <android.accessibilityservice.AccessibilityService$MagnificationController: android.accessibilityservice.AccessibilityService mService>",
						"<android.accessibilityservice.AccessibilityService$MagnificationController: void setMagnificationCallbackEnabled(boolean)>"
					],
					"depth":2,
					"method":"<android.accessibilityservice.AccessibilityService: android.accessibilityservice.AccessibilityService$MagnificationController getMagnificationController(int)>",
					"source":"FIELDCALLER"
				},
				{
					"trace":[
						"<android.accessibilityservice.AccessibilityService: android.accessibilityservice.AccessibilityService$MagnificationController getMagnificationController()>",
						"<android.accessibilityservice.AccessibilityService: android.accessibilityservice.AccessibilityService$MagnificationController getMagnificationController(int)>",
						"<android.accessibilityservice.AccessibilityService$MagnificationController: void <init>(android.accessibilityservice.AccessibilityService,java.lang.Object,int)>",
						"key field: <android.accessibilityservice.AccessibilityService$MagnificationController: android.accessibilityservice.AccessibilityService mService>",
						"<android.accessibilityservice.AccessibilityService$MagnificationController: void setMagnificationCallbackEnabled(boolean)>"
					],
					"depth":3,
					"method":"<android.accessibilityservice.AccessibilityService: android.accessibilityservice.AccessibilityService$MagnificationController getMagnificationController()>",
					"source":"FIELDCALLER"
				},
				{
					"trace":[
						"<android.accessibilityservice.AccessibilityService$2: void onServiceConnected()>",
						"<android.accessibilityservice.AccessibilityService: void access$100(android.accessibilityservice.AccessibilityService)>",
						"<android.accessibilityservice.AccessibilityService: void dispatchServiceConnected()>",
						"<android.accessibilityservice.AccessibilityService$MagnificationController: void onServiceConnectedLocked()>",
						"<android.accessibilityservice.AccessibilityService$MagnificationController: void setMagnificationCallbackEnabled(boolean)>",
						"key field: <android.accessibilityservice.AccessibilityService$MagnificationController: android.accessibilityservice.AccessibilityService mService>",
						"<android.accessibilityservice.AccessibilityService$MagnificationController: void setMagnificationCallbackEnabled(boolean)>"
					],
					"depth":5,
					"method":"<android.accessibilityservice.AccessibilityService$2: void onServiceConnected()>",
					"source":"FIELDCALLER"
				},
				{
					"trace":[
						"<android.accessibilityservice.AccessibilityService$Callbacks: void onServiceConnected()>",
						"<android.accessibilityservice.AccessibilityService: void access$100(android.accessibilityservice.AccessibilityService)>",
						"<android.accessibilityservice.AccessibilityService: void dispatchServiceConnected()>",
						"<android.accessibilityservice.AccessibilityService$MagnificationController: void onServiceConnectedLocked()>",
						"<android.accessibilityservice.AccessibilityService$MagnificationController: void setMagnificationCallbackEnabled(boolean)>",
						"key field: <android.accessibilityservice.AccessibilityService$MagnificationController: android.accessibilityservice.AccessibilityService mService>",
						"<android.accessibilityservice.AccessibilityService$MagnificationController: void setMagnificationCallbackEnabled(boolean)>"
					],
					"depth":5,
					"method":"<android.accessibilityservice.AccessibilityService$Callbacks: void onServiceConnected()>",
					"source":"FIELDCALLER"
				},
				{
					"trace":[
						"<android.accessibilityservice.AccessibilityService$2: void onMagnificationChanged(int,android.graphics.Region,float,float,float)>",
						"<android.accessibilityservice.AccessibilityService: void access$300(android.accessibilityservice.AccessibilityService,int,android.graphics.Region,float,float,float)>",
						"<android.accessibilityservice.AccessibilityService: void onMagnificationChanged(int,android.graphics.Region,float,float,float)>",
						"<android.accessibilityservice.AccessibilityService$MagnificationController: void dispatchMagnificationChanged(android.graphics.Region,float,float,float)>",
						"<android.accessibilityservice.AccessibilityService$MagnificationController: void setMagnificationCallbackEnabled(boolean)>",
						"key field: <android.accessibilityservice.AccessibilityService$MagnificationController: android.accessibilityservice.AccessibilityService mService>",
						"<android.accessibilityservice.AccessibilityService$MagnificationController: void setMagnificationCallbackEnabled(boolean)>"
					],
					"depth":5,
					"method":"<android.accessibilityservice.AccessibilityService$2: void onMagnificationChanged(int,android.graphics.Region,float,float,float)>",
					"source":"FIELDCALLER"
				},
				{
					"trace":[
						"<android.accessibilityservice.AccessibilityService$Callbacks: void onMagnificationChanged(int,android.graphics.Region,float,float,float)>",
						"<android.accessibilityservice.AccessibilityService: void access$300(android.accessibilityservice.AccessibilityService,int,android.graphics.Region,float,float,float)>",
						"<android.accessibilityservice.AccessibilityService: void onMagnificationChanged(int,android.graphics.Region,float,float,float)>",
						"<android.accessibilityservice.AccessibilityService$MagnificationController: void dispatchMagnificationChanged(android.graphics.Region,float,float,float)>",
						"<android.accessibilityservice.AccessibilityService$MagnificationController: void setMagnificationCallbackEnabled(boolean)>",
						"key field: <android.accessibilityservice.AccessibilityService$MagnificationController: android.accessibilityservice.AccessibilityService mService>",
						"<android.accessibilityservice.AccessibilityService$MagnificationController: void setMagnificationCallbackEnabled(boolean)>"
					],
					"depth":5,
					"method":"<android.accessibilityservice.AccessibilityService$Callbacks: void onMagnificationChanged(int,android.graphics.Region,float,float,float)>",
					"source":"FIELDCALLER"
				},
				{
					"trace":[
						"<android.accessibilityservice.AccessibilityService$IAccessibilityServiceClientWrapper: void executeMessage(android.os.Message)>",
						"<android.accessibilityservice.AccessibilityService$2: void onServiceConnected()>",
						"<android.accessibilityservice.AccessibilityService: void access$100(android.accessibilityservice.AccessibilityService)>",
						"<android.accessibilityservice.AccessibilityService: void dispatchServiceConnected()>",
						"<android.accessibilityservice.AccessibilityService$MagnificationController: void onServiceConnectedLocked()>",
						"<android.accessibilityservice.AccessibilityService$MagnificationController: void setMagnificationCallbackEnabled(boolean)>",
						"key field: <android.accessibilityservice.AccessibilityService$MagnificationController: android.accessibilityservice.AccessibilityService mService>",
						"<android.accessibilityservice.AccessibilityService$MagnificationController: void setMagnificationCallbackEnabled(boolean)>"
					],
					"depth":6,
					"method":"<android.accessibilityservice.AccessibilityService$IAccessibilityServiceClientWrapper: void executeMessage(android.os.Message)>",
					"source":"FIELDCALLER"
				},
				{
					"trace":[
						"<com.android.internal.os.HandlerCaller$Callback: void executeMessage(android.os.Message)>",
						"<android.accessibilityservice.AccessibilityService$2: void onServiceConnected()>",
						"<android.accessibilityservice.AccessibilityService: void access$100(android.accessibilityservice.AccessibilityService)>",
						"<android.accessibilityservice.AccessibilityService: void dispatchServiceConnected()>",
						"<android.accessibilityservice.AccessibilityService$MagnificationController: void onServiceConnectedLocked()>",
						"<android.accessibilityservice.AccessibilityService$MagnificationController: void setMagnificationCallbackEnabled(boolean)>",
						"key field: <android.accessibilityservice.AccessibilityService$MagnificationController: android.accessibilityservice.AccessibilityService mService>",
						"<android.accessibilityservice.AccessibilityService$MagnificationController: void setMagnificationCallbackEnabled(boolean)>"
					],
					"depth":6,
					"method":"<com.android.internal.os.HandlerCaller$Callback: void executeMessage(android.os.Message)>",
					"source":"FIELDCALLER"
				}
			],
			"callerOfSingnlar2SourceVar":{}
		}
	]
}