{
	"exceptions":[
		{
			"method":"<android.app.ActivityManager$TaskDescription: void <init>(java.lang.String,android.graphics.Bitmap,int)>",
			"message":"\\QA TaskDescription's primary color should be opaque\\E",
			"relatedVarType":"Parameter",
			"relatedCondType":"Basic",
			"modifier":"public",
			"type":"java.lang.RuntimeException",
			"osVersionRelated":false,
			"resourceRelated":false,
			"assessRelated":false,
			"hardwareRelated":false,
			"manifestRelated":false,
			"conditions":"$i1 == 255, i0 == 0",
			"paramValues":"@parameter2: int",
			"relatedValues":"@parameter2: int; ; ",
			"keyAPISameClassNum":0,
			"keyAPIDiffClassNum":0,
			"keyAPISameClass":[
				{
					"trace":[
						"<android.app.ActivityManager$TaskDescription: void <init>(java.lang.String,android.graphics.Bitmap,int)>"
					],
					"depth":0,
					"method":"<android.app.ActivityManager$TaskDescription: void <init>(java.lang.String,android.graphics.Bitmap,int)>",
					"source":"CALLER"
				}
			],
			"keyAPIDiffClass":[],
			"callerOfSingnlar2SourceVar":{
				"<android.app.ActivityManager$TaskDescription: void <init>(java.lang.String,android.graphics.Bitmap,int)>":"2"
			}
		},
		{
			"method":"<android.app.ActivityManager$TaskDescription: void <init>(java.lang.String,int,int)>",
			"message":"\\QA TaskDescription's primary color should be opaque\\E",
			"relatedVarType":"Parameter",
			"relatedCondType":"Basic",
			"modifier":"public",
			"type":"java.lang.RuntimeException",
			"osVersionRelated":false,
			"resourceRelated":false,
			"assessRelated":false,
			"hardwareRelated":false,
			"manifestRelated":false,
			"conditions":"$i2 == 255, i1 == 0",
			"paramValues":"@parameter2: int",
			"relatedValues":"@parameter2: int; ; ",
			"keyAPISameClassNum":0,
			"keyAPIDiffClassNum":0,
			"keyAPISameClass":[
				{
					"trace":[
						"<android.app.ActivityManager$TaskDescription: void <init>(java.lang.String,int,int)>"
					],
					"depth":0,
					"method":"<android.app.ActivityManager$TaskDescription: void <init>(java.lang.String,int,int)>",
					"source":"CALLER"
				}
			],
			"keyAPIDiffClass":[],
			"callerOfSingnlar2SourceVar":{
				"<android.app.ActivityManager$TaskDescription: void <init>(java.lang.String,int,int)>":"2"
			}
		},
		{
			"method":"<android.app.ActivityManager$TaskDescription: void setPrimaryColor(int)>",
			"message":"\\QA TaskDescription's primary color should be opaque\\E",
			"relatedVarType":"Parameter",
			"relatedCondType":"Basic",
			"modifier":"public",
			"type":"java.lang.RuntimeException",
			"osVersionRelated":false,
			"resourceRelated":false,
			"assessRelated":false,
			"hardwareRelated":false,
			"manifestRelated":false,
			"conditions":"$i1 == 255, i0 == 0",
			"paramValues":"@parameter0: int",
			"relatedValues":"@parameter0: int; ; ",
			"keyAPISameClassNum":0,
			"keyAPIDiffClassNum":0,
			"keyAPISameClass":[
				{
					"trace":[
						"<android.app.ActivityManager$TaskDescription: void setPrimaryColor(int)>"
					],
					"depth":0,
					"method":"<android.app.ActivityManager$TaskDescription: void setPrimaryColor(int)>",
					"source":"CALLER"
				},
				{
					"trace":[
						"<android.app.ActivityManager$TaskDescription: void restoreFromXml(java.lang.String,java.lang.String)>",
						"<android.app.ActivityManager$TaskDescription: void setPrimaryColor(int)>"
					],
					"depth":1,
					"method":"<android.app.ActivityManager$TaskDescription: void restoreFromXml(java.lang.String,java.lang.String)>",
					"source":"CALLER"
				}
			],
			"keyAPIDiffClass":[],
			"callerOfSingnlar2SourceVar":{
				"<android.app.ActivityManager$TaskDescription: void setPrimaryColor(int)>":"0"
			}
		},
		{
			"method":"<android.app.ActivityManager$TaskDescription: void setBackgroundColor(int)>",
			"message":"\\QA TaskDescription's background color should be opaque\\E",
			"relatedVarType":"Parameter",
			"relatedCondType":"Basic",
			"modifier":"public",
			"type":"java.lang.RuntimeException",
			"osVersionRelated":false,
			"resourceRelated":false,
			"assessRelated":false,
			"hardwareRelated":false,
			"manifestRelated":false,
			"conditions":"$i1 == 255, i0 == 0",
			"paramValues":"@parameter0: int",
			"relatedValues":"@parameter0: int; ; ",
			"keyAPISameClassNum":0,
			"keyAPIDiffClassNum":0,
			"keyAPISameClass":[
				{
					"trace":[
						"<android.app.ActivityManager$TaskDescription: void setBackgroundColor(int)>"
					],
					"depth":0,
					"method":"<android.app.ActivityManager$TaskDescription: void setBackgroundColor(int)>",
					"source":"CALLER"
				},
				{
					"trace":[
						"<android.app.ActivityManager$TaskDescription: void restoreFromXml(java.lang.String,java.lang.String)>",
						"<android.app.ActivityManager$TaskDescription: void setBackgroundColor(int)>"
					],
					"depth":1,
					"method":"<android.app.ActivityManager$TaskDescription: void restoreFromXml(java.lang.String,java.lang.String)>",
					"source":"CALLER"
				}
			],
			"keyAPIDiffClass":[],
			"callerOfSingnlar2SourceVar":{
				"<android.app.ActivityManager$TaskDescription: void setBackgroundColor(int)>":"0"
			}
		},
		{
			"method":"<android.app.ActivityManager$TaskDescription: android.graphics.Bitmap loadTaskDescriptionIcon(java.lang.String,int)>",
			"message":"[\\s\\S]*",
			"relatedVarType":"Parameter",
			"relatedCondType":"Basic",
			"modifier":"public",
			"type":"java.lang.RuntimeException",
			"osVersionRelated":false,
			"resourceRelated":false,
			"assessRelated":false,
			"hardwareRelated":false,
			"manifestRelated":false,
			"conditions":"r0 == null",
			"paramValues":"@parameter0: java.lang.String",
			"caughtValues":"@caughtexception",
			"relatedValues":"@parameter0: java.lang.String; ; @caughtexception",
			"keyAPISameClassNum":0,
			"keyAPIDiffClassNum":0,
			"keyAPISameClass":[
				{
					"trace":[
						"<android.app.ActivityManager$TaskDescription: android.graphics.Bitmap loadTaskDescriptionIcon(java.lang.String,int)>"
					],
					"depth":0,
					"method":"<android.app.ActivityManager$TaskDescription: android.graphics.Bitmap loadTaskDescriptionIcon(java.lang.String,int)>",
					"source":"CALLER"
				}
			],
			"keyAPIDiffClass":[],
			"callerOfSingnlar2SourceVar":{
				"<android.app.ActivityManager$TaskDescription: android.graphics.Bitmap loadTaskDescriptionIcon(java.lang.String,int)>":"0"
			}
		}
	]
}