{
	"exceptions":[
		{
			"method":"<android.filterfw.core.FilterSurfaceView: void bindToListener(android.view.SurfaceHolder$Callback,android.filterfw.core.GLEnvironment)>",
			"message":"\\QAttempting to bind filter \\E[\\s\\S]*\\Q to SurfaceView with another open filter \\E[\\s\\S]*\\Q attached already!\\E",
			"relatedVarType":"ParaAndField",
			"relatedCondType":"Basic",
			"modifier":"public",
			"type":"java.lang.RuntimeException",
			"osVersionRelated":false,
			"resourceRelated":false,
			"assessRelated":false,
			"hardwareRelated":true,
			"manifestRelated":false,
			"conditions":"$r11 == r0, $r2 == null, r0 != null",
			"paramValues":"@parameter0: android.view.SurfaceHolder$Callback",
			"fieldValues":"<android.filterfw.core.FilterSurfaceView: android.view.SurfaceHolder$Callback mListener>",
			"relatedValues":"@parameter0: android.view.SurfaceHolder$Callback; <android.filterfw.core.FilterSurfaceView: android.view.SurfaceHolder$Callback mListener>; ",
			"keyAPISameClassNum":8,
			"keyAPIDiffClassNum":0,
			"keyAPISameClass":[
				{
					"trace":[
						"<android.filterfw.core.FilterSurfaceView: void bindToListener(android.view.SurfaceHolder$Callback,android.filterfw.core.GLEnvironment)>"
					],
					"depth":1,
					"method":"<android.filterfw.core.FilterSurfaceView: void bindToListener(android.view.SurfaceHolder$Callback,android.filterfw.core.GLEnvironment)>",
					"source":"FIELD"
				},
				{
					"trace":[
						"<android.filterfw.core.FilterSurfaceView: void bindToListener(android.view.SurfaceHolder$Callback,android.filterfw.core.GLEnvironment)>"
					],
					"depth":1,
					"method":"<android.filterfw.core.FilterSurfaceView: void unbind()>",
					"source":"FIELD"
				},
				{
					"trace":[
						"<android.filterfw.core.FilterSurfaceView: void bindToListener(android.view.SurfaceHolder$Callback,android.filterfw.core.GLEnvironment)>"
					],
					"depth":1,
					"method":"<android.filterfw.core.FilterSurfaceView: void surfaceCreated(android.view.SurfaceHolder)>",
					"source":"FIELD"
				},
				{
					"trace":[
						"<android.filterfw.core.FilterSurfaceView: void bindToListener(android.view.SurfaceHolder$Callback,android.filterfw.core.GLEnvironment)>"
					],
					"depth":1,
					"method":"<android.filterfw.core.FilterSurfaceView: void surfaceChanged(android.view.SurfaceHolder,int,int,int)>",
					"source":"FIELD"
				},
				{
					"trace":[
						"<android.filterfw.core.FilterSurfaceView: void bindToListener(android.view.SurfaceHolder$Callback,android.filterfw.core.GLEnvironment)>"
					],
					"depth":1,
					"method":"<android.filterfw.core.FilterSurfaceView: void surfaceDestroyed(android.view.SurfaceHolder)>",
					"source":"FIELD"
				},
				{
					"trace":[
						"<android.view.SurfaceHolder$Callback: void surfaceCreated(android.view.SurfaceHolder)>",
						"<android.filterfw.core.FilterSurfaceView: void surfaceCreated(android.view.SurfaceHolder)>",
						"key field: <android.filterfw.core.FilterSurfaceView: android.view.SurfaceHolder$Callback mListener>",
						"<android.filterfw.core.FilterSurfaceView: void bindToListener(android.view.SurfaceHolder$Callback,android.filterfw.core.GLEnvironment)>"
					],
					"depth":2,
					"method":"<android.view.SurfaceHolder$Callback: void surfaceCreated(android.view.SurfaceHolder)>",
					"source":"FIELDCALLER"
				},
				{
					"trace":[
						"<android.view.SurfaceHolder$Callback: void surfaceChanged(android.view.SurfaceHolder,int,int,int)>",
						"<android.filterfw.core.FilterSurfaceView: void surfaceChanged(android.view.SurfaceHolder,int,int,int)>",
						"key field: <android.filterfw.core.FilterSurfaceView: android.view.SurfaceHolder$Callback mListener>",
						"<android.filterfw.core.FilterSurfaceView: void bindToListener(android.view.SurfaceHolder$Callback,android.filterfw.core.GLEnvironment)>"
					],
					"depth":2,
					"method":"<android.view.SurfaceHolder$Callback: void surfaceChanged(android.view.SurfaceHolder,int,int,int)>",
					"source":"FIELDCALLER"
				},
				{
					"trace":[
						"<android.view.SurfaceHolder$Callback: void surfaceDestroyed(android.view.SurfaceHolder)>",
						"<android.filterfw.core.FilterSurfaceView: void surfaceDestroyed(android.view.SurfaceHolder)>",
						"key field: <android.filterfw.core.FilterSurfaceView: android.view.SurfaceHolder$Callback mListener>",
						"<android.filterfw.core.FilterSurfaceView: void bindToListener(android.view.SurfaceHolder$Callback,android.filterfw.core.GLEnvironment)>"
					],
					"depth":2,
					"method":"<android.view.SurfaceHolder$Callback: void surfaceDestroyed(android.view.SurfaceHolder)>",
					"source":"FIELDCALLER"
				}
			],
			"keyAPIDiffClass":[],
			"callerOfSingnlar2SourceVar":{
				"<android.filterfw.core.FilterSurfaceView: void bindToListener(android.view.SurfaceHolder$Callback,android.filterfw.core.GLEnvironment)>":"0",
				"<android.filterpacks.ui.SurfaceRenderFilter: void open(android.filterfw.core.FilterContext)>":"-1"
			}
		},
		{
			"method":"<android.filterfw.core.FilterSurfaceView: void bindToListener(android.view.SurfaceHolder$Callback,android.filterfw.core.GLEnvironment)>",
			"message":"\\QAttempting to bind null filter to SurfaceView!\\E",
			"relatedVarType":"Parameter",
			"relatedCondType":"Basic",
			"modifier":"public",
			"type":"java.lang.NullPointerException",
			"osVersionRelated":false,
			"resourceRelated":false,
			"assessRelated":false,
			"hardwareRelated":true,
			"manifestRelated":false,
			"conditions":"r0 != null",
			"paramValues":"@parameter0: android.view.SurfaceHolder$Callback",
			"relatedValues":"@parameter0: android.view.SurfaceHolder$Callback; ; ",
			"keyAPISameClassNum":0,
			"keyAPIDiffClassNum":0,
			"keyAPISameClass":[
				{
					"trace":[
						"<android.filterfw.core.FilterSurfaceView: void bindToListener(android.view.SurfaceHolder$Callback,android.filterfw.core.GLEnvironment)>"
					],
					"depth":0,
					"method":"<android.filterfw.core.FilterSurfaceView: void bindToListener(android.view.SurfaceHolder$Callback,android.filterfw.core.GLEnvironment)>",
					"source":"CALLER"
				}
			],
			"keyAPIDiffClass":[],
			"callerOfSingnlar2SourceVar":{
				"<android.filterfw.core.FilterSurfaceView: void bindToListener(android.view.SurfaceHolder$Callback,android.filterfw.core.GLEnvironment)>":"0",
				"<android.filterpacks.ui.SurfaceRenderFilter: void open(android.filterfw.core.FilterContext)>":"-1"
			}
		},
		{
			"method":"<android.filterfw.core.FilterSurfaceView: void registerSurface()>",
			"message":"\\QCould not register Surface: \\E[\\s\\S]*\\Q in FilterSurfaceView!\\E",
			"relatedVarType":"Field",
			"relatedCondType":"Basic",
			"modifier":"private",
			"type":"java.lang.RuntimeException",
			"osVersionRelated":false,
			"resourceRelated":false,
			"assessRelated":false,
			"hardwareRelated":true,
			"manifestRelated":false,
			"conditions":"$i1 >= 0",
			"fieldValues":"<android.filterfw.core.FilterSurfaceView: int mSurfaceId>",
			"relatedValues":"; <android.filterfw.core.FilterSurfaceView: int mSurfaceId>; ",
			"keyAPISameClassNum":5,
			"keyAPIDiffClassNum":0,
			"keyAPISameClass":[
				{
					"trace":[
						"<android.filterfw.core.FilterSurfaceView: void registerSurface()>"
					],
					"depth":1,
					"method":"<android.filterfw.core.FilterSurfaceView: void <init>(android.content.Context)>",
					"source":"FIELD"
				},
				{
					"trace":[
						"<android.filterfw.core.FilterSurfaceView: void registerSurface()>"
					],
					"depth":1,
					"method":"<android.filterfw.core.FilterSurfaceView: void <init>(android.content.Context,android.util.AttributeSet)>",
					"source":"FIELD"
				},
				{
					"trace":[
						"<android.filterfw.core.FilterSurfaceView: void surfaceCreated(android.view.SurfaceHolder)>",
						"<android.filterfw.core.FilterSurfaceView: void registerSurface()>",
						"key field: <android.filterfw.core.FilterSurfaceView: int mSurfaceId>",
						"<android.filterfw.core.FilterSurfaceView: void registerSurface()>"
					],
					"depth":2,
					"method":"<android.filterfw.core.FilterSurfaceView: void surfaceCreated(android.view.SurfaceHolder)>",
					"source":"FIELDCALLER"
				},
				{
					"trace":[
						"<android.view.SurfaceHolder$Callback: void surfaceCreated(android.view.SurfaceHolder)>",
						"<android.filterfw.core.FilterSurfaceView: void registerSurface()>",
						"key field: <android.filterfw.core.FilterSurfaceView: int mSurfaceId>",
						"<android.filterfw.core.FilterSurfaceView: void registerSurface()>"
					],
					"depth":2,
					"method":"<android.view.SurfaceHolder$Callback: void surfaceCreated(android.view.SurfaceHolder)>",
					"source":"FIELDCALLER"
				},
				{
					"trace":[
						"<android.filterfw.core.FilterSurfaceView: void bindToListener(android.view.SurfaceHolder$Callback,android.filterfw.core.GLEnvironment)>",
						"<android.filterfw.core.FilterSurfaceView: void surfaceCreated(android.view.SurfaceHolder)>",
						"<android.filterfw.core.FilterSurfaceView: void registerSurface()>",
						"key field: <android.filterfw.core.FilterSurfaceView: int mSurfaceId>",
						"<android.filterfw.core.FilterSurfaceView: void registerSurface()>"
					],
					"depth":3,
					"method":"<android.filterfw.core.FilterSurfaceView: void bindToListener(android.view.SurfaceHolder$Callback,android.filterfw.core.GLEnvironment)>",
					"source":"FIELDCALLER"
				}
			],
			"keyAPIDiffClass":[],
			"callerOfSingnlar2SourceVar":{}
		}
	]
}