{
	"exceptions":[
		{
			"method":"<android.app.prediction.AppTarget$Builder: android.app.prediction.AppTarget$Builder setTarget(java.lang.String,android.os.UserHandle)>",
			"message":"\\QTarget is already set\\E",
			"relatedVarType":"Field",
			"relatedCondType":"Basic",
			"modifier":"public",
			"type":"java.lang.IllegalArgumentException",
			"osVersionRelated":false,
			"resourceRelated":false,
			"assessRelated":false,
			"hardwareRelated":false,
			"manifestRelated":false,
			"conditions":"$r1 == null",
			"fieldValues":"<android.app.prediction.AppTarget$Builder: java.lang.String mPackageName>",
			"relatedValues":"; <android.app.prediction.AppTarget$Builder: java.lang.String mPackageName>; ",
			"keyAPISameClassNum":5,
			"keyAPIDiffClassNum":0,
			"keyAPISameClass":[
				{
					"trace":[
						"<android.app.prediction.AppTarget$Builder: android.app.prediction.AppTarget$Builder setTarget(java.lang.String,android.os.UserHandle)>"
					],
					"depth":1,
					"method":"<android.app.prediction.AppTarget$Builder: void <init>(android.app.prediction.AppTargetId,java.lang.String,android.os.UserHandle)>",
					"source":"FIELD"
				},
				{
					"trace":[
						"<android.app.prediction.AppTarget$Builder: android.app.prediction.AppTarget$Builder setTarget(java.lang.String,android.os.UserHandle)>"
					],
					"depth":1,
					"method":"<android.app.prediction.AppTarget$Builder: void <init>(android.app.prediction.AppTargetId,android.content.pm.ShortcutInfo)>",
					"source":"FIELD"
				},
				{
					"trace":[
						"<android.app.prediction.AppTarget$Builder: android.app.prediction.AppTarget$Builder setTarget(java.lang.String,android.os.UserHandle)>"
					],
					"depth":1,
					"method":"<android.app.prediction.AppTarget$Builder: android.app.prediction.AppTarget$Builder setTarget(java.lang.String,android.os.UserHandle)>",
					"source":"FIELD"
				},
				{
					"trace":[
						"<android.app.prediction.AppTarget$Builder: android.app.prediction.AppTarget$Builder setTarget(java.lang.String,android.os.UserHandle)>"
					],
					"depth":1,
					"method":"<android.app.prediction.AppTarget$Builder: android.app.prediction.AppTarget build()>",
					"source":"FIELD"
				},
				{
					"trace":[
						"<android.app.prediction.AppTarget$Builder: android.app.prediction.AppTarget$Builder setTarget(android.content.pm.ShortcutInfo)>",
						"<android.app.prediction.AppTarget$Builder: android.app.prediction.AppTarget$Builder setTarget(java.lang.String,android.os.UserHandle)>",
						"key field: <android.app.prediction.AppTarget$Builder: java.lang.String mPackageName>",
						"<android.app.prediction.AppTarget$Builder: android.app.prediction.AppTarget$Builder setTarget(java.lang.String,android.os.UserHandle)>"
					],
					"depth":2,
					"method":"<android.app.prediction.AppTarget$Builder: android.app.prediction.AppTarget$Builder setTarget(android.content.pm.ShortcutInfo)>",
					"source":"FIELDCALLER"
				}
			],
			"keyAPIDiffClass":[],
			"callerOfSingnlar2SourceVar":{}
		},
		{
			"method":"<android.app.prediction.AppTarget$Builder: android.app.prediction.AppTarget$Builder setRank(int)>",
			"message":"\\Qrank cannot be a negative value\\E",
			"relatedVarType":"Parameter",
			"relatedCondType":"Basic",
			"modifier":"public",
			"type":"java.lang.IllegalArgumentException",
			"osVersionRelated":false,
			"resourceRelated":false,
			"assessRelated":false,
			"hardwareRelated":false,
			"manifestRelated":false,
			"conditions":"i0 >= 0",
			"paramValues":"@parameter0: int",
			"relatedValues":"@parameter0: int; ; ",
			"keyAPISameClassNum":0,
			"keyAPIDiffClassNum":0,
			"keyAPISameClass":[
				{
					"trace":[
						"<android.app.prediction.AppTarget$Builder: android.app.prediction.AppTarget$Builder setRank(int)>"
					],
					"depth":0,
					"method":"<android.app.prediction.AppTarget$Builder: android.app.prediction.AppTarget$Builder setRank(int)>",
					"source":"CALLER"
				}
			],
			"keyAPIDiffClass":[],
			"callerOfSingnlar2SourceVar":{
				"<android.app.prediction.AppTarget$Builder: android.app.prediction.AppTarget$Builder setRank(int)>":"0"
			}
		},
		{
			"method":"<android.app.prediction.AppTarget$Builder: android.app.prediction.AppTarget build()>",
			"message":"\\QNo target is set\\E",
			"relatedVarType":"Field",
			"relatedCondType":"Basic",
			"modifier":"public",
			"type":"java.lang.IllegalStateException",
			"osVersionRelated":false,
			"resourceRelated":false,
			"assessRelated":false,
			"hardwareRelated":false,
			"manifestRelated":false,
			"conditions":"$r1 != null",
			"fieldValues":"<android.app.prediction.AppTarget$Builder: java.lang.String mPackageName>",
			"relatedValues":"; <android.app.prediction.AppTarget$Builder: java.lang.String mPackageName>; ",
			"keyAPISameClassNum":5,
			"keyAPIDiffClassNum":0,
			"keyAPISameClass":[
				{
					"trace":[
						"<android.app.prediction.AppTarget$Builder: android.app.prediction.AppTarget build()>"
					],
					"depth":1,
					"method":"<android.app.prediction.AppTarget$Builder: void <init>(android.app.prediction.AppTargetId,java.lang.String,android.os.UserHandle)>",
					"source":"FIELD"
				},
				{
					"trace":[
						"<android.app.prediction.AppTarget$Builder: android.app.prediction.AppTarget build()>"
					],
					"depth":1,
					"method":"<android.app.prediction.AppTarget$Builder: void <init>(android.app.prediction.AppTargetId,android.content.pm.ShortcutInfo)>",
					"source":"FIELD"
				},
				{
					"trace":[
						"<android.app.prediction.AppTarget$Builder: android.app.prediction.AppTarget build()>"
					],
					"depth":1,
					"method":"<android.app.prediction.AppTarget$Builder: android.app.prediction.AppTarget$Builder setTarget(java.lang.String,android.os.UserHandle)>",
					"source":"FIELD"
				},
				{
					"trace":[
						"<android.app.prediction.AppTarget$Builder: android.app.prediction.AppTarget build()>"
					],
					"depth":1,
					"method":"<android.app.prediction.AppTarget$Builder: android.app.prediction.AppTarget build()>",
					"source":"FIELD"
				},
				{
					"trace":[
						"<android.app.prediction.AppTarget$Builder: android.app.prediction.AppTarget$Builder setTarget(android.content.pm.ShortcutInfo)>",
						"<android.app.prediction.AppTarget$Builder: android.app.prediction.AppTarget$Builder setTarget(java.lang.String,android.os.UserHandle)>",
						"key field: <android.app.prediction.AppTarget$Builder: java.lang.String mPackageName>",
						"<android.app.prediction.AppTarget$Builder: android.app.prediction.AppTarget build()>"
					],
					"depth":2,
					"method":"<android.app.prediction.AppTarget$Builder: android.app.prediction.AppTarget$Builder setTarget(android.content.pm.ShortcutInfo)>",
					"source":"FIELDCALLER"
				}
			],
			"keyAPIDiffClass":[],
			"callerOfSingnlar2SourceVar":{}
		}
	]
}