{
	"exceptions":[
		{
			"method":"<android.app.DownloadManager: int markRowDeleted(long[])>",
			"message":"\\Qinput param 'ids' can't be null\\E",
			"relatedVarType":"Parameter",
			"relatedCondType":"Basic",
			"modifier":"public",
			"type":"java.lang.IllegalArgumentException",
			"osVersionRelated":false,
			"resourceRelated":false,
			"assessRelated":false,
			"hardwareRelated":false,
			"manifestRelated":false,
			"conditions":"r0 == null, $i0 != 0",
			"paramValues":"@parameter0: long[]",
			"relatedValues":"@parameter0: long[]; ; ",
			"keyAPISameClassNum":0,
			"keyAPIDiffClassNum":0,
			"keyAPISameClass":[
				{
					"trace":[
						"<android.app.DownloadManager: int markRowDeleted(long[])>"
					],
					"depth":0,
					"method":"<android.app.DownloadManager: int markRowDeleted(long[])>",
					"source":"CALLER"
				},
				{
					"trace":[
						"<android.app.DownloadManager: int remove(long[])>",
						"<android.app.DownloadManager: int markRowDeleted(long[])>"
					],
					"depth":1,
					"method":"<android.app.DownloadManager: int remove(long[])>",
					"source":"CALLER"
				}
			],
			"keyAPIDiffClass":[],
			"callerOfSingnlar2SourceVar":{
				"<android.app.DownloadManager: int markRowDeleted(long[])>":"0",
				"<android.app.DownloadManager: int remove(long[])>":"0"
			}
		},
		{
			"method":"<android.app.DownloadManager: void restartDownload(long[])>",
			"message":"\\QCannot restart incomplete download: \\E[\\s\\S]*",
			"relatedVarType":"Parameter",
			"relatedCondType":"Basic",
			"modifier":"public",
			"type":"java.lang.IllegalArgumentException",
			"osVersionRelated":false,
			"resourceRelated":false,
			"assessRelated":false,
			"hardwareRelated":false,
			"manifestRelated":false,
			"conditions":"i4 == 16, i4 == 8, $z1 != 0",
			"paramValues":"@parameter0: long[]",
			"relatedValues":"@parameter0: long[]; ; ",
			"keyAPISameClassNum":0,
			"keyAPIDiffClassNum":0,
			"keyAPISameClass":[
				{
					"trace":[
						"<android.app.DownloadManager: void restartDownload(long[])>"
					],
					"depth":0,
					"method":"<android.app.DownloadManager: void restartDownload(long[])>",
					"source":"CALLER"
				}
			],
			"keyAPIDiffClass":[],
			"callerOfSingnlar2SourceVar":{
				"<android.app.DownloadManager: void restartDownload(long[])>":"0"
			}
		},
		{
			"method":"<android.app.DownloadManager: boolean rename(android.content.Context,long,java.lang.String)>",
			"message":"\\QMissing cursor for download id=\\E[\\s\\S]*",
			"relatedVarType":"Parameter",
			"relatedCondType":"Basic",
			"modifier":"public",
			"type":"java.lang.IllegalStateException",
			"osVersionRelated":false,
			"resourceRelated":false,
			"assessRelated":false,
			"hardwareRelated":false,
			"manifestRelated":false,
			"conditions":"r67 != null, $z0 != 0",
			"paramValues":"@parameter2: java.lang.String",
			"relatedValues":"@parameter2: java.lang.String; ; ",
			"keyAPISameClassNum":0,
			"keyAPIDiffClassNum":0,
			"keyAPISameClass":[
				{
					"trace":[
						"<android.app.DownloadManager: boolean rename(android.content.Context,long,java.lang.String)>"
					],
					"depth":0,
					"method":"<android.app.DownloadManager: boolean rename(android.content.Context,long,java.lang.String)>",
					"source":"CALLER"
				}
			],
			"keyAPIDiffClass":[],
			"callerOfSingnlar2SourceVar":{
				"<android.app.DownloadManager: boolean rename(android.content.Context,long,java.lang.String)>":"2"
			}
		},
		{
			"method":"<android.app.DownloadManager: boolean rename(android.content.Context,long,java.lang.String)>",
			"message":"\\QMissing download id=\\E[\\s\\S]*",
			"relatedVarType":"Parameter",
			"relatedCondType":"Basic",
			"modifier":"public",
			"type":"java.lang.IllegalStateException",
			"osVersionRelated":false,
			"resourceRelated":false,
			"assessRelated":false,
			"hardwareRelated":false,
			"manifestRelated":false,
			"conditions":"$z1 == 0, $z0 != 0, r67 != null",
			"paramValues":"@parameter2: java.lang.String",
			"relatedValues":"@parameter2: java.lang.String; ; ",
			"keyAPISameClassNum":0,
			"keyAPIDiffClassNum":0,
			"keyAPISameClass":[
				{
					"trace":[
						"<android.app.DownloadManager: boolean rename(android.content.Context,long,java.lang.String)>"
					],
					"depth":0,
					"method":"<android.app.DownloadManager: boolean rename(android.content.Context,long,java.lang.String)>",
					"source":"CALLER"
				}
			],
			"keyAPIDiffClass":[],
			"callerOfSingnlar2SourceVar":{
				"<android.app.DownloadManager: boolean rename(android.content.Context,long,java.lang.String)>":"2"
			}
		},
		{
			"method":"<android.app.DownloadManager: boolean rename(android.content.Context,long,java.lang.String)>",
			"message":"\\QDownload is not completed yet: \\E[\\s\\S]*",
			"relatedVarType":"Parameter",
			"relatedCondType":"Basic",
			"modifier":"public",
			"type":"java.lang.IllegalStateException",
			"osVersionRelated":false,
			"resourceRelated":false,
			"assessRelated":false,
			"hardwareRelated":false,
			"manifestRelated":false,
			"conditions":"i4 == 8, $z0 != 0, $z1 == 0",
			"paramValues":"@parameter2: java.lang.String",
			"relatedValues":"@parameter2: java.lang.String; ; ",
			"keyAPISameClassNum":0,
			"keyAPIDiffClassNum":0,
			"keyAPISameClass":[
				{
					"trace":[
						"<android.app.DownloadManager: boolean rename(android.content.Context,long,java.lang.String)>"
					],
					"depth":0,
					"method":"<android.app.DownloadManager: boolean rename(android.content.Context,long,java.lang.String)>",
					"source":"CALLER"
				}
			],
			"keyAPIDiffClass":[],
			"callerOfSingnlar2SourceVar":{
				"<android.app.DownloadManager: boolean rename(android.content.Context,long,java.lang.String)>":"2"
			}
		},
		{
			"method":"<android.app.DownloadManager: boolean rename(android.content.Context,long,java.lang.String)>",
			"message":"[\\s\\S]*\\Q is not a valid filename\\E",
			"relatedVarType":"Parameter",
			"relatedCondType":"Basic",
			"modifier":"public",
			"type":"java.lang.SecurityException",
			"osVersionRelated":false,
			"resourceRelated":false,
			"assessRelated":false,
			"hardwareRelated":false,
			"manifestRelated":false,
			"conditions":"$z0 != 0",
			"paramValues":"@parameter2: java.lang.String",
			"relatedValues":"@parameter2: java.lang.String; ; ",
			"keyAPISameClassNum":0,
			"keyAPIDiffClassNum":0,
			"keyAPISameClass":[
				{
					"trace":[
						"<android.app.DownloadManager: boolean rename(android.content.Context,long,java.lang.String)>"
					],
					"depth":0,
					"method":"<android.app.DownloadManager: boolean rename(android.content.Context,long,java.lang.String)>",
					"source":"CALLER"
				}
			],
			"keyAPIDiffClass":[],
			"callerOfSingnlar2SourceVar":{
				"<android.app.DownloadManager: boolean rename(android.content.Context,long,java.lang.String)>":"2"
			}
		},
		{
			"method":"<android.app.DownloadManager: boolean rename(android.content.Context,long,java.lang.String)>",
			"message":"\\QDownload doesn't have a valid file path: \\E[\\s\\S]*",
			"relatedVarType":"Parameter",
			"relatedCondType":"Basic",
			"modifier":"public",
			"type":"java.lang.IllegalStateException",
			"osVersionRelated":false,
			"resourceRelated":false,
			"assessRelated":false,
			"hardwareRelated":false,
			"manifestRelated":false,
			"conditions":"r10 != null, $z0 != 0, i4 == 8",
			"paramValues":"@parameter2: java.lang.String",
			"relatedValues":"@parameter2: java.lang.String; ; ",
			"keyAPISameClassNum":0,
			"keyAPIDiffClassNum":0,
			"keyAPISameClass":[
				{
					"trace":[
						"<android.app.DownloadManager: boolean rename(android.content.Context,long,java.lang.String)>"
					],
					"depth":0,
					"method":"<android.app.DownloadManager: boolean rename(android.content.Context,long,java.lang.String)>",
					"source":"CALLER"
				}
			],
			"keyAPIDiffClass":[],
			"callerOfSingnlar2SourceVar":{
				"<android.app.DownloadManager: boolean rename(android.content.Context,long,java.lang.String)>":"2"
			}
		},
		{
			"method":"<android.app.DownloadManager: boolean rename(android.content.Context,long,java.lang.String)>",
			"message":"\\QFile already exists: \\E[\\s\\S]*",
			"relatedVarType":"Parameter",
			"relatedCondType":"Basic",
			"modifier":"public",
			"type":"java.lang.IllegalStateException",
			"osVersionRelated":false,
			"resourceRelated":false,
			"assessRelated":false,
			"hardwareRelated":false,
			"manifestRelated":false,
			"conditions":"$z4 == 0, $z0 != 0, r67 == null",
			"paramValues":"@parameter2: java.lang.String",
			"relatedValues":"@parameter2: java.lang.String; ; ",
			"keyAPISameClassNum":0,
			"keyAPIDiffClassNum":0,
			"keyAPISameClass":[
				{
					"trace":[
						"<android.app.DownloadManager: boolean rename(android.content.Context,long,java.lang.String)>"
					],
					"depth":0,
					"method":"<android.app.DownloadManager: boolean rename(android.content.Context,long,java.lang.String)>",
					"source":"CALLER"
				}
			],
			"keyAPIDiffClass":[],
			"callerOfSingnlar2SourceVar":{
				"<android.app.DownloadManager: boolean rename(android.content.Context,long,java.lang.String)>":"2"
			}
		},
		{
			"method":"<android.app.DownloadManager: boolean rename(android.content.Context,long,java.lang.String)>",
			"message":"\\QDownloaded file doesn't exist anymore: \\E[\\s\\S]*",
			"relatedVarType":"Parameter",
			"relatedCondType":"Basic",
			"modifier":"public",
			"type":"java.lang.IllegalStateException",
			"osVersionRelated":false,
			"resourceRelated":false,
			"assessRelated":false,
			"hardwareRelated":false,
			"manifestRelated":false,
			"conditions":"$z2 != 0, $z0 != 0, r10 != null",
			"paramValues":"@parameter2: java.lang.String",
			"relatedValues":"@parameter2: java.lang.String; ; ",
			"keyAPISameClassNum":0,
			"keyAPIDiffClassNum":0,
			"keyAPISameClass":[
				{
					"trace":[
						"<android.app.DownloadManager: boolean rename(android.content.Context,long,java.lang.String)>"
					],
					"depth":0,
					"method":"<android.app.DownloadManager: boolean rename(android.content.Context,long,java.lang.String)>",
					"source":"CALLER"
				}
			],
			"keyAPIDiffClass":[],
			"callerOfSingnlar2SourceVar":{
				"<android.app.DownloadManager: boolean rename(android.content.Context,long,java.lang.String)>":"2"
			}
		},
		{
			"method":"<android.app.DownloadManager: boolean rename(android.content.Context,long,java.lang.String)>",
			"message":"\\QFailed to rename file from \\E[\\s\\S]*\\Q to \\E[\\s\\S]*",
			"relatedVarType":"Parameter",
			"relatedCondType":"Basic",
			"modifier":"public",
			"type":"java.lang.IllegalStateException",
			"osVersionRelated":false,
			"resourceRelated":false,
			"assessRelated":false,
			"hardwareRelated":false,
			"manifestRelated":false,
			"conditions":"$z3 != 0, $z0 != 0, $z4 == 0",
			"paramValues":"@parameter2: java.lang.String",
			"relatedValues":"@parameter2: java.lang.String; ; ",
			"keyAPISameClassNum":0,
			"keyAPIDiffClassNum":0,
			"keyAPISameClass":[
				{
					"trace":[
						"<android.app.DownloadManager: boolean rename(android.content.Context,long,java.lang.String)>"
					],
					"depth":0,
					"method":"<android.app.DownloadManager: boolean rename(android.content.Context,long,java.lang.String)>",
					"source":"CALLER"
				}
			],
			"keyAPIDiffClass":[],
			"callerOfSingnlar2SourceVar":{
				"<android.app.DownloadManager: boolean rename(android.content.Context,long,java.lang.String)>":"2"
			}
		},
		{
			"method":"<android.app.DownloadManager: long addCompletedDownload(java.lang.String,java.lang.String,boolean,java.lang.String,java.lang.String,long,boolean,boolean,android.net.Uri,android.net.Uri)>",
			"message":"\\Q invalid value for param: totalBytes\\E",
			"relatedVarType":"Parameter",
			"relatedCondType":"Basic",
			"modifier":"public",
			"type":"java.lang.IllegalArgumentException",
			"osVersionRelated":false,
			"resourceRelated":false,
			"assessRelated":false,
			"hardwareRelated":false,
			"manifestRelated":false,
			"conditions":"$b1 >= 0",
			"paramValues":"@parameter5: long",
			"relatedValues":"@parameter5: long; ; ",
			"keyAPISameClassNum":0,
			"keyAPIDiffClassNum":0,
			"keyAPISameClass":[
				{
					"trace":[
						"<android.app.DownloadManager: long addCompletedDownload(java.lang.String,java.lang.String,boolean,java.lang.String,java.lang.String,long,boolean,boolean,android.net.Uri,android.net.Uri)>"
					],
					"depth":0,
					"method":"<android.app.DownloadManager: long addCompletedDownload(java.lang.String,java.lang.String,boolean,java.lang.String,java.lang.String,long,boolean,boolean,android.net.Uri,android.net.Uri)>",
					"source":"CALLER"
				},
				{
					"trace":[
						"<android.app.DownloadManager: long addCompletedDownload(java.lang.String,java.lang.String,boolean,java.lang.String,java.lang.String,long,boolean)>",
						"<android.app.DownloadManager: long addCompletedDownload(java.lang.String,java.lang.String,boolean,java.lang.String,java.lang.String,long,boolean,boolean,android.net.Uri,android.net.Uri)>"
					],
					"depth":1,
					"method":"<android.app.DownloadManager: long addCompletedDownload(java.lang.String,java.lang.String,boolean,java.lang.String,java.lang.String,long,boolean)>",
					"source":"CALLER"
				},
				{
					"trace":[
						"<android.app.DownloadManager: long addCompletedDownload(java.lang.String,java.lang.String,boolean,java.lang.String,java.lang.String,long,boolean,boolean)>",
						"<android.app.DownloadManager: long addCompletedDownload(java.lang.String,java.lang.String,boolean,java.lang.String,java.lang.String,long,boolean,boolean,android.net.Uri,android.net.Uri)>"
					],
					"depth":1,
					"method":"<android.app.DownloadManager: long addCompletedDownload(java.lang.String,java.lang.String,boolean,java.lang.String,java.lang.String,long,boolean,boolean)>",
					"source":"CALLER"
				},
				{
					"trace":[
						"<android.app.DownloadManager: long addCompletedDownload(java.lang.String,java.lang.String,boolean,java.lang.String,java.lang.String,long,boolean,android.net.Uri,android.net.Uri)>",
						"<android.app.DownloadManager: long addCompletedDownload(java.lang.String,java.lang.String,boolean,java.lang.String,java.lang.String,long,boolean,boolean,android.net.Uri,android.net.Uri)>"
					],
					"depth":1,
					"method":"<android.app.DownloadManager: long addCompletedDownload(java.lang.String,java.lang.String,boolean,java.lang.String,java.lang.String,long,boolean,android.net.Uri,android.net.Uri)>",
					"source":"CALLER"
				}
			],
			"keyAPIDiffClass":[],
			"callerOfSingnlar2SourceVar":{
				"<android.app.DownloadManager: long addCompletedDownload(java.lang.String,java.lang.String,boolean,java.lang.String,java.lang.String,long,boolean,boolean)>":"5",
				"<android.app.DownloadManager: long addCompletedDownload(java.lang.String,java.lang.String,boolean,java.lang.String,java.lang.String,long,boolean)>":"5",
				"<android.app.DownloadManager: long addCompletedDownload(java.lang.String,java.lang.String,boolean,java.lang.String,java.lang.String,long,boolean,android.net.Uri,android.net.Uri)>":"5",
				"<android.app.DownloadManager: long addCompletedDownload(java.lang.String,java.lang.String,boolean,java.lang.String,java.lang.String,long,boolean,boolean,android.net.Uri,android.net.Uri)>":"5"
			}
		},
		{
			"method":"<android.app.DownloadManager: void validateArgumentIsNonEmpty(java.lang.String,java.lang.String)>",
			"message":"[\\s\\S]*\\Q can't be null\\E",
			"relatedVarType":"Parameter",
			"relatedCondType":"Basic",
			"modifier":"private",
			"type":"java.lang.IllegalArgumentException",
			"osVersionRelated":false,
			"resourceRelated":false,
			"assessRelated":false,
			"hardwareRelated":false,
			"manifestRelated":false,
			"conditions":"$z0 == 0",
			"paramValues":"@parameter1: java.lang.String",
			"relatedValues":"@parameter1: java.lang.String; ; ",
			"keyAPISameClassNum":0,
			"keyAPIDiffClassNum":0,
			"keyAPISameClass":[
				{
					"trace":[
						"<android.app.DownloadManager: void validateArgumentIsNonEmpty(java.lang.String,java.lang.String)>"
					],
					"depth":0,
					"method":"<android.app.DownloadManager: void validateArgumentIsNonEmpty(java.lang.String,java.lang.String)>",
					"source":"CALLER"
				},
				{
					"trace":[
						"<android.app.DownloadManager: long addCompletedDownload(java.lang.String,java.lang.String,boolean,java.lang.String,java.lang.String,long,boolean,boolean,android.net.Uri,android.net.Uri)>",
						"<android.app.DownloadManager: void validateArgumentIsNonEmpty(java.lang.String,java.lang.String)>"
					],
					"depth":1,
					"method":"<android.app.DownloadManager: long addCompletedDownload(java.lang.String,java.lang.String,boolean,java.lang.String,java.lang.String,long,boolean,boolean,android.net.Uri,android.net.Uri)>",
					"source":"CALLER"
				},
				{
					"trace":[
						"<android.app.DownloadManager: long addCompletedDownload(java.lang.String,java.lang.String,boolean,java.lang.String,java.lang.String,long,boolean)>",
						"<android.app.DownloadManager: long addCompletedDownload(java.lang.String,java.lang.String,boolean,java.lang.String,java.lang.String,long,boolean,boolean,android.net.Uri,android.net.Uri)>",
						"<android.app.DownloadManager: void validateArgumentIsNonEmpty(java.lang.String,java.lang.String)>"
					],
					"depth":2,
					"method":"<android.app.DownloadManager: long addCompletedDownload(java.lang.String,java.lang.String,boolean,java.lang.String,java.lang.String,long,boolean)>",
					"source":"CALLER"
				},
				{
					"trace":[
						"<android.app.DownloadManager: long addCompletedDownload(java.lang.String,java.lang.String,boolean,java.lang.String,java.lang.String,long,boolean,boolean)>",
						"<android.app.DownloadManager: long addCompletedDownload(java.lang.String,java.lang.String,boolean,java.lang.String,java.lang.String,long,boolean,boolean,android.net.Uri,android.net.Uri)>",
						"<android.app.DownloadManager: void validateArgumentIsNonEmpty(java.lang.String,java.lang.String)>"
					],
					"depth":2,
					"method":"<android.app.DownloadManager: long addCompletedDownload(java.lang.String,java.lang.String,boolean,java.lang.String,java.lang.String,long,boolean,boolean)>",
					"source":"CALLER"
				},
				{
					"trace":[
						"<android.app.DownloadManager: long addCompletedDownload(java.lang.String,java.lang.String,boolean,java.lang.String,java.lang.String,long,boolean,android.net.Uri,android.net.Uri)>",
						"<android.app.DownloadManager: long addCompletedDownload(java.lang.String,java.lang.String,boolean,java.lang.String,java.lang.String,long,boolean,boolean,android.net.Uri,android.net.Uri)>",
						"<android.app.DownloadManager: void validateArgumentIsNonEmpty(java.lang.String,java.lang.String)>"
					],
					"depth":2,
					"method":"<android.app.DownloadManager: long addCompletedDownload(java.lang.String,java.lang.String,boolean,java.lang.String,java.lang.String,long,boolean,android.net.Uri,android.net.Uri)>",
					"source":"CALLER"
				}
			],
			"keyAPIDiffClass":[],
			"callerOfSingnlar2SourceVar":{
				"<android.app.DownloadManager: long addCompletedDownload(java.lang.String,java.lang.String,boolean,java.lang.String,java.lang.String,long,boolean,boolean)>":"0, 1, 4, 3",
				"<android.app.DownloadManager: long addCompletedDownload(java.lang.String,java.lang.String,boolean,java.lang.String,java.lang.String,long,boolean)>":"0, 1, 4, 3",
				"<android.app.DownloadManager: void validateArgumentIsNonEmpty(java.lang.String,java.lang.String)>":"1",
				"<android.app.DownloadManager: long addCompletedDownload(java.lang.String,java.lang.String,boolean,java.lang.String,java.lang.String,long,boolean,android.net.Uri,android.net.Uri)>":"0, 1, 4, 3",
				"<android.app.DownloadManager: long addCompletedDownload(java.lang.String,java.lang.String,boolean,java.lang.String,java.lang.String,long,boolean,boolean,android.net.Uri,android.net.Uri)>":"0, 1, 4, 3"
			}
		},
		{
			"method":"<android.app.DownloadManager: java.lang.String[] getWhereArgsForIds(long[],java.lang.String[])>",
			"message":"[\\s\\S]*",
			"relatedVarType":"ParaAndField",
			"relatedCondType":"Basic",
			"modifier":"default",
			"type":"java.lang.AssertionError",
			"osVersionRelated":false,
			"resourceRelated":false,
			"assessRelated":false,
			"hardwareRelated":false,
			"manifestRelated":false,
			"conditions":"$i2 >= $i1, $z0 != 0",
			"paramValues":"@parameter1: java.lang.String[], @parameter0: long[]",
			"fieldValues":"<android.app.DownloadManager: boolean $assertionsDisabled>",
			"relatedValues":"@parameter1: java.lang.String[], @parameter0: long[]; <android.app.DownloadManager: boolean $assertionsDisabled>; ",
			"keyAPISameClassNum":0,
			"keyAPIDiffClassNum":42,
			"keyAPISameClass":[
				{
					"trace":[
						"<android.app.DownloadManager: int markRowDeleted(long[])>",
						"<android.app.DownloadManager: java.lang.String[] getWhereArgsForIds(long[])>",
						"<android.app.DownloadManager: java.lang.String[] getWhereArgsForIds(long[],java.lang.String[])>"
					],
					"depth":2,
					"method":"<android.app.DownloadManager: int markRowDeleted(long[])>",
					"source":"CALLER"
				},
				{
					"trace":[
						"<android.app.DownloadManager: void forceDownload(long[])>",
						"<android.app.DownloadManager: java.lang.String[] getWhereArgsForIds(long[])>",
						"<android.app.DownloadManager: java.lang.String[] getWhereArgsForIds(long[],java.lang.String[])>"
					],
					"depth":2,
					"method":"<android.app.DownloadManager: void forceDownload(long[])>",
					"source":"CALLER"
				},
				{
					"trace":[
						"<android.app.DownloadManager: void restartDownload(long[])>",
						"<android.app.DownloadManager: java.lang.String[] getWhereArgsForIds(long[])>",
						"<android.app.DownloadManager: java.lang.String[] getWhereArgsForIds(long[],java.lang.String[])>"
					],
					"depth":2,
					"method":"<android.app.DownloadManager: void restartDownload(long[])>",
					"source":"CALLER"
				},
				{
					"trace":[
						"<android.app.DownloadManager: int remove(long[])>",
						"<android.app.DownloadManager: int markRowDeleted(long[])>",
						"<android.app.DownloadManager: java.lang.String[] getWhereArgsForIds(long[])>",
						"<android.app.DownloadManager: java.lang.String[] getWhereArgsForIds(long[],java.lang.String[])>"
					],
					"depth":3,
					"method":"<android.app.DownloadManager: int remove(long[])>",
					"source":"CALLER"
				}
			],
			"keyAPIDiffClass":[
				{
					"trace":[
						"<android.app.SystemServiceRegistry$20: android.app.DownloadManager createService(android.app.ContextImpl)>",
						"<android.app.DownloadManager: void <clinit>()>",
						"key field: <android.app.DownloadManager: boolean $assertionsDisabled>",
						"<android.app.DownloadManager: java.lang.String[] getWhereArgsForIds(long[],java.lang.String[])>"
					],
					"depth":2,
					"method":"<android.app.SystemServiceRegistry$20: android.app.DownloadManager createService(android.app.ContextImpl)>",
					"source":"FIELDCALLER"
				},
				{
					"trace":[
						"<android.app.SystemServiceRegistry$CachedServiceFetcher: java.lang.Object createService(android.app.ContextImpl)>",
						"<android.app.SystemServiceRegistry$20: android.app.DownloadManager createService(android.app.ContextImpl)>",
						"<android.app.DownloadManager: void <clinit>()>",
						"key field: <android.app.DownloadManager: boolean $assertionsDisabled>",
						"<android.app.DownloadManager: java.lang.String[] getWhereArgsForIds(long[],java.lang.String[])>"
					],
					"depth":3,
					"method":"<android.app.SystemServiceRegistry$CachedServiceFetcher: java.lang.Object createService(android.app.ContextImpl)>",
					"source":"FIELDCALLER"
				},
				{
					"trace":[
						"<android.app.SystemServiceRegistry$20: java.lang.Object createService(android.app.ContextImpl)>",
						"<android.app.SystemServiceRegistry$20: android.app.DownloadManager createService(android.app.ContextImpl)>",
						"<android.app.DownloadManager: void <clinit>()>",
						"key field: <android.app.DownloadManager: boolean $assertionsDisabled>",
						"<android.app.DownloadManager: java.lang.String[] getWhereArgsForIds(long[],java.lang.String[])>"
					],
					"depth":3,
					"method":"<android.app.SystemServiceRegistry$20: java.lang.Object createService(android.app.ContextImpl)>",
					"source":"FIELDCALLER"
				},
				{
					"trace":[
						"<android.app.SystemServiceRegistry$CachedServiceFetcher: java.lang.Object getService(android.app.ContextImpl)>",
						"<android.app.SystemServiceRegistry$20: java.lang.Object createService(android.app.ContextImpl)>",
						"<android.app.SystemServiceRegistry$20: android.app.DownloadManager createService(android.app.ContextImpl)>",
						"<android.app.DownloadManager: void <clinit>()>",
						"key field: <android.app.DownloadManager: boolean $assertionsDisabled>",
						"<android.app.DownloadManager: java.lang.String[] getWhereArgsForIds(long[],java.lang.String[])>"
					],
					"depth":4,
					"method":"<android.app.SystemServiceRegistry$CachedServiceFetcher: java.lang.Object getService(android.app.ContextImpl)>",
					"source":"FIELDCALLER"
				},
				{
					"trace":[
						"<android.app.SystemServiceRegistry$ServiceFetcher: java.lang.Object getService(android.app.ContextImpl)>",
						"<android.app.SystemServiceRegistry$20: java.lang.Object createService(android.app.ContextImpl)>",
						"<android.app.SystemServiceRegistry$20: android.app.DownloadManager createService(android.app.ContextImpl)>",
						"<android.app.DownloadManager: void <clinit>()>",
						"key field: <android.app.DownloadManager: boolean $assertionsDisabled>",
						"<android.app.DownloadManager: java.lang.String[] getWhereArgsForIds(long[],java.lang.String[])>"
					],
					"depth":4,
					"method":"<android.app.SystemServiceRegistry$ServiceFetcher: java.lang.Object getService(android.app.ContextImpl)>",
					"source":"FIELDCALLER"
				},
				{
					"trace":[
						"<android.app.SystemServiceRegistry: java.lang.Object getSystemService(android.app.ContextImpl,java.lang.String)>",
						"<android.app.SystemServiceRegistry$CachedServiceFetcher: java.lang.Object getService(android.app.ContextImpl)>",
						"<android.app.SystemServiceRegistry$20: java.lang.Object createService(android.app.ContextImpl)>",
						"<android.app.SystemServiceRegistry$20: android.app.DownloadManager createService(android.app.ContextImpl)>",
						"<android.app.DownloadManager: void <clinit>()>",
						"key field: <android.app.DownloadManager: boolean $assertionsDisabled>",
						"<android.app.DownloadManager: java.lang.String[] getWhereArgsForIds(long[],java.lang.String[])>"
					],
					"depth":5,
					"method":"<android.app.SystemServiceRegistry: java.lang.Object getSystemService(android.app.ContextImpl,java.lang.String)>",
					"source":"FIELDCALLER"
				},
				{
					"trace":[
						"<android.app.ContextImpl: java.lang.Object getSystemService(java.lang.String)>",
						"<android.app.SystemServiceRegistry: java.lang.Object getSystemService(android.app.ContextImpl,java.lang.String)>",
						"<android.app.SystemServiceRegistry$CachedServiceFetcher: java.lang.Object getService(android.app.ContextImpl)>",
						"<android.app.SystemServiceRegistry$20: java.lang.Object createService(android.app.ContextImpl)>",
						"<android.app.SystemServiceRegistry$20: android.app.DownloadManager createService(android.app.ContextImpl)>",
						"<android.app.DownloadManager: void <clinit>()>",
						"key field: <android.app.DownloadManager: boolean $assertionsDisabled>",
						"<android.app.DownloadManager: java.lang.String[] getWhereArgsForIds(long[],java.lang.String[])>"
					],
					"depth":6,
					"method":"<android.app.ContextImpl: java.lang.Object getSystemService(java.lang.String)>",
					"source":"FIELDCALLER"
				},
				{
					"trace":[
						"<android.content.Context: java.lang.Object getSystemService(java.lang.String)>",
						"<android.app.SystemServiceRegistry: java.lang.Object getSystemService(android.app.ContextImpl,java.lang.String)>",
						"<android.app.SystemServiceRegistry$CachedServiceFetcher: java.lang.Object getService(android.app.ContextImpl)>",
						"<android.app.SystemServiceRegistry$20: java.lang.Object createService(android.app.ContextImpl)>",
						"<android.app.SystemServiceRegistry$20: android.app.DownloadManager createService(android.app.ContextImpl)>",
						"<android.app.DownloadManager: void <clinit>()>",
						"key field: <android.app.DownloadManager: boolean $assertionsDisabled>",
						"<android.app.DownloadManager: java.lang.String[] getWhereArgsForIds(long[],java.lang.String[])>"
					],
					"depth":6,
					"method":"<android.content.Context: java.lang.Object getSystemService(java.lang.String)>",
					"source":"FIELDCALLER"
				},
				{
					"trace":[
						"<android.app.Dialog: boolean onSearchRequested()>",
						"<android.app.ContextImpl: java.lang.Object getSystemService(java.lang.String)>",
						"<android.app.SystemServiceRegistry: java.lang.Object getSystemService(android.app.ContextImpl,java.lang.String)>",
						"<android.app.SystemServiceRegistry$CachedServiceFetcher: java.lang.Object getService(android.app.ContextImpl)>",
						"<android.app.SystemServiceRegistry$20: java.lang.Object createService(android.app.ContextImpl)>",
						"<android.app.SystemServiceRegistry$20: android.app.DownloadManager createService(android.app.ContextImpl)>",
						"<android.app.DownloadManager: void <clinit>()>",
						"key field: <android.app.DownloadManager: boolean $assertionsDisabled>",
						"<android.app.DownloadManager: java.lang.String[] getWhereArgsForIds(long[],java.lang.String[])>"
					],
					"depth":7,
					"method":"<android.app.Dialog: boolean onSearchRequested()>",
					"source":"FIELDCALLER"
				},
				{
					"trace":[
						"<android.view.Window$Callback: boolean onSearchRequested()>",
						"<android.app.ContextImpl: java.lang.Object getSystemService(java.lang.String)>",
						"<android.app.SystemServiceRegistry: java.lang.Object getSystemService(android.app.ContextImpl,java.lang.String)>",
						"<android.app.SystemServiceRegistry$CachedServiceFetcher: java.lang.Object getService(android.app.ContextImpl)>",
						"<android.app.SystemServiceRegistry$20: java.lang.Object createService(android.app.ContextImpl)>",
						"<android.app.SystemServiceRegistry$20: android.app.DownloadManager createService(android.app.ContextImpl)>",
						"<android.app.DownloadManager: void <clinit>()>",
						"key field: <android.app.DownloadManager: boolean $assertionsDisabled>",
						"<android.app.DownloadManager: java.lang.String[] getWhereArgsForIds(long[],java.lang.String[])>"
					],
					"depth":7,
					"method":"<android.view.Window$Callback: boolean onSearchRequested()>",
					"source":"FIELDCALLER"
				},
				{
					"trace":[
						"<android.view.Window$Callback: boolean onSearchRequested(android.view.SearchEvent)>",
						"<android.app.ContextImpl: java.lang.Object getSystemService(java.lang.String)>",
						"<android.app.SystemServiceRegistry: java.lang.Object getSystemService(android.app.ContextImpl,java.lang.String)>",
						"<android.app.SystemServiceRegistry$CachedServiceFetcher: java.lang.Object getService(android.app.ContextImpl)>",
						"<android.app.SystemServiceRegistry$20: java.lang.Object createService(android.app.ContextImpl)>",
						"<android.app.SystemServiceRegistry$20: android.app.DownloadManager createService(android.app.ContextImpl)>",
						"<android.app.DownloadManager: void <clinit>()>",
						"key field: <android.app.DownloadManager: boolean $assertionsDisabled>",
						"<android.app.DownloadManager: java.lang.String[] getWhereArgsForIds(long[],java.lang.String[])>"
					],
					"depth":7,
					"method":"<android.view.Window$Callback: boolean onSearchRequested(android.view.SearchEvent)>",
					"source":"FIELDCALLER"
				},
				{
					"trace":[
						"<android.app.MediaRouteButton: void <init>(android.content.Context,android.util.AttributeSet,int,int)>",
						"<android.app.ContextImpl: java.lang.Object getSystemService(java.lang.String)>",
						"<android.app.SystemServiceRegistry: java.lang.Object getSystemService(android.app.ContextImpl,java.lang.String)>",
						"<android.app.SystemServiceRegistry$CachedServiceFetcher: java.lang.Object getService(android.app.ContextImpl)>",
						"<android.app.SystemServiceRegistry$20: java.lang.Object createService(android.app.ContextImpl)>",
						"<android.app.SystemServiceRegistry$20: android.app.DownloadManager createService(android.app.ContextImpl)>",
						"<android.app.DownloadManager: void <clinit>()>",
						"key field: <android.app.DownloadManager: boolean $assertionsDisabled>",
						"<android.app.DownloadManager: java.lang.String[] getWhereArgsForIds(long[],java.lang.String[])>"
					],
					"depth":7,
					"method":"<android.app.MediaRouteButton: void <init>(android.content.Context,android.util.AttributeSet,int,int)>",
					"source":"FIELDCALLER"
				},
				{
					"trace":[
						"<android.app.FragmentHostCallback: android.view.LayoutInflater onGetLayoutInflater()>",
						"<android.app.ContextImpl: java.lang.Object getSystemService(java.lang.String)>",
						"<android.app.SystemServiceRegistry: java.lang.Object getSystemService(android.app.ContextImpl,java.lang.String)>",
						"<android.app.SystemServiceRegistry$CachedServiceFetcher: java.lang.Object getService(android.app.ContextImpl)>",
						"<android.app.SystemServiceRegistry$20: java.lang.Object createService(android.app.ContextImpl)>",
						"<android.app.SystemServiceRegistry$20: android.app.DownloadManager createService(android.app.ContextImpl)>",
						"<android.app.DownloadManager: void <clinit>()>",
						"key field: <android.app.DownloadManager: boolean $assertionsDisabled>",
						"<android.app.DownloadManager: java.lang.String[] getWhereArgsForIds(long[],java.lang.String[])>"
					],
					"depth":7,
					"method":"<android.app.FragmentHostCallback: android.view.LayoutInflater onGetLayoutInflater()>",
					"source":"FIELDCALLER"
				},
				{
					"trace":[
						"<android.app.backup.WallpaperBackupHelper: void <init>(android.content.Context,java.lang.String[])>",
						"<android.app.ContextImpl: java.lang.Object getSystemService(java.lang.String)>",
						"<android.app.SystemServiceRegistry: java.lang.Object getSystemService(android.app.ContextImpl,java.lang.String)>",
						"<android.app.SystemServiceRegistry$CachedServiceFetcher: java.lang.Object getService(android.app.ContextImpl)>",
						"<android.app.SystemServiceRegistry$20: java.lang.Object createService(android.app.ContextImpl)>",
						"<android.app.SystemServiceRegistry$20: android.app.DownloadManager createService(android.app.ContextImpl)>",
						"<android.app.DownloadManager: void <clinit>()>",
						"key field: <android.app.DownloadManager: boolean $assertionsDisabled>",
						"<android.app.DownloadManager: java.lang.String[] getWhereArgsForIds(long[],java.lang.String[])>"
					],
					"depth":7,
					"method":"<android.app.backup.WallpaperBackupHelper: void <init>(android.content.Context,java.lang.String[])>",
					"source":"FIELDCALLER"
				},
				{
					"trace":[
						"<android.app.DialogFragment: android.view.LayoutInflater onGetLayoutInflater(android.os.Bundle)>",
						"<android.app.ContextImpl: java.lang.Object getSystemService(java.lang.String)>",
						"<android.app.SystemServiceRegistry: java.lang.Object getSystemService(android.app.ContextImpl,java.lang.String)>",
						"<android.app.SystemServiceRegistry$CachedServiceFetcher: java.lang.Object getService(android.app.ContextImpl)>",
						"<android.app.SystemServiceRegistry$20: java.lang.Object createService(android.app.ContextImpl)>",
						"<android.app.SystemServiceRegistry$20: android.app.DownloadManager createService(android.app.ContextImpl)>",
						"<android.app.DownloadManager: void <clinit>()>",
						"key field: <android.app.DownloadManager: boolean $assertionsDisabled>",
						"<android.app.DownloadManager: java.lang.String[] getWhereArgsForIds(long[],java.lang.String[])>"
					],
					"depth":7,
					"method":"<android.app.DialogFragment: android.view.LayoutInflater onGetLayoutInflater(android.os.Bundle)>",
					"source":"FIELDCALLER"
				},
				{
					"trace":[
						"<android.content.Context: java.lang.Object getSystemService(java.lang.Class)>",
						"<android.app.ContextImpl: java.lang.Object getSystemService(java.lang.String)>",
						"<android.app.SystemServiceRegistry: java.lang.Object getSystemService(android.app.ContextImpl,java.lang.String)>",
						"<android.app.SystemServiceRegistry$CachedServiceFetcher: java.lang.Object getService(android.app.ContextImpl)>",
						"<android.app.SystemServiceRegistry$20: java.lang.Object createService(android.app.ContextImpl)>",
						"<android.app.SystemServiceRegistry$20: android.app.DownloadManager createService(android.app.ContextImpl)>",
						"<android.app.DownloadManager: void <clinit>()>",
						"key field: <android.app.DownloadManager: boolean $assertionsDisabled>",
						"<android.app.DownloadManager: java.lang.String[] getWhereArgsForIds(long[],java.lang.String[])>"
					],
					"depth":7,
					"method":"<android.content.Context: java.lang.Object getSystemService(java.lang.Class)>",
					"source":"FIELDCALLER"
				},
				{
					"trace":[
						"<android.view.ContextThemeWrapper: java.lang.Object getSystemService(java.lang.String)>",
						"<android.app.ContextImpl: java.lang.Object getSystemService(java.lang.String)>",
						"<android.app.SystemServiceRegistry: java.lang.Object getSystemService(android.app.ContextImpl,java.lang.String)>",
						"<android.app.SystemServiceRegistry$CachedServiceFetcher: java.lang.Object getService(android.app.ContextImpl)>",
						"<android.app.SystemServiceRegistry$20: java.lang.Object createService(android.app.ContextImpl)>",
						"<android.app.SystemServiceRegistry$20: android.app.DownloadManager createService(android.app.ContextImpl)>",
						"<android.app.DownloadManager: void <clinit>()>",
						"key field: <android.app.DownloadManager: boolean $assertionsDisabled>",
						"<android.app.DownloadManager: java.lang.String[] getWhereArgsForIds(long[],java.lang.String[])>"
					],
					"depth":7,
					"method":"<android.view.ContextThemeWrapper: java.lang.Object getSystemService(java.lang.String)>",
					"source":"FIELDCALLER"
				},
				{
					"trace":[
						"<android.view.WindowCallbackWrapper: boolean onSearchRequested()>",
						"<android.app.Dialog: boolean onSearchRequested()>",
						"<android.app.ContextImpl: java.lang.Object getSystemService(java.lang.String)>",
						"<android.app.SystemServiceRegistry: java.lang.Object getSystemService(android.app.ContextImpl,java.lang.String)>",
						"<android.app.SystemServiceRegistry$CachedServiceFetcher: java.lang.Object getService(android.app.ContextImpl)>",
						"<android.app.SystemServiceRegistry$20: java.lang.Object createService(android.app.ContextImpl)>",
						"<android.app.SystemServiceRegistry$20: android.app.DownloadManager createService(android.app.ContextImpl)>",
						"<android.app.DownloadManager: void <clinit>()>",
						"key field: <android.app.DownloadManager: boolean $assertionsDisabled>",
						"<android.app.DownloadManager: java.lang.String[] getWhereArgsForIds(long[],java.lang.String[])>"
					],
					"depth":8,
					"method":"<android.view.WindowCallbackWrapper: boolean onSearchRequested()>",
					"source":"FIELDCALLER"
				},
				{
					"trace":[
						"<android.app.Dialog: boolean onSearchRequested(android.view.SearchEvent)>",
						"<android.app.Dialog: boolean onSearchRequested()>",
						"<android.app.ContextImpl: java.lang.Object getSystemService(java.lang.String)>",
						"<android.app.SystemServiceRegistry: java.lang.Object getSystemService(android.app.ContextImpl,java.lang.String)>",
						"<android.app.SystemServiceRegistry$CachedServiceFetcher: java.lang.Object getService(android.app.ContextImpl)>",
						"<android.app.SystemServiceRegistry$20: java.lang.Object createService(android.app.ContextImpl)>",
						"<android.app.SystemServiceRegistry$20: android.app.DownloadManager createService(android.app.ContextImpl)>",
						"<android.app.DownloadManager: void <clinit>()>",
						"key field: <android.app.DownloadManager: boolean $assertionsDisabled>",
						"<android.app.DownloadManager: java.lang.String[] getWhereArgsForIds(long[],java.lang.String[])>"
					],
					"depth":8,
					"method":"<android.app.Dialog: boolean onSearchRequested(android.view.SearchEvent)>",
					"source":"FIELDCALLER"
				},
				{
					"trace":[
						"<android.app.Instrumentation: android.app.Activity newActivity(java.lang.Class,android.content.Context,android.os.IBinder,android.app.Application,android.content.Intent,android.content.pm.ActivityInfo,java.lang.CharSequence,android.app.Activity,java.lang.String,java.lang.Object)>",
						"<android.app.Activity: void attach(android.content.Context,android.app.ActivityThread,android.app.Instrumentation,android.os.IBinder,int,android.app.Application,android.content.Intent,android.content.pm.ActivityInfo,java.lang.CharSequence,android.app.Activity,java.lang.String,android.app.Activity$NonConfigurationInstances,android.content.res.Configuration,java.lang.String,com.android.internal.app.IVoiceInteractor,android.view.Window,android.view.ViewRootImpl$ActivityConfigCallback,android.os.IBinder)>",
						"<android.app.ContextImpl: java.lang.Object getSystemService(java.lang.String)>",
						"<android.app.SystemServiceRegistry: java.lang.Object getSystemService(android.app.ContextImpl,java.lang.String)>",
						"<android.app.SystemServiceRegistry$CachedServiceFetcher: java.lang.Object getService(android.app.ContextImpl)>",
						"<android.app.SystemServiceRegistry$20: java.lang.Object createService(android.app.ContextImpl)>",
						"<android.app.SystemServiceRegistry$20: android.app.DownloadManager createService(android.app.ContextImpl)>",
						"<android.app.DownloadManager: void <clinit>()>",
						"key field: <android.app.DownloadManager: boolean $assertionsDisabled>",
						"<android.app.DownloadManager: java.lang.String[] getWhereArgsForIds(long[],java.lang.String[])>"
					],
					"depth":8,
					"method":"<android.app.Instrumentation: android.app.Activity newActivity(java.lang.Class,android.content.Context,android.os.IBinder,android.app.Application,android.content.Intent,android.content.pm.ActivityInfo,java.lang.CharSequence,android.app.Activity,java.lang.String,java.lang.Object)>",
					"source":"FIELDCALLER"
				},
				{
					"trace":[
						"<android.app.MediaRouteButton: void <init>(android.content.Context,android.util.AttributeSet,int)>",
						"<android.app.MediaRouteButton: void <init>(android.content.Context,android.util.AttributeSet,int,int)>",
						"<android.app.ContextImpl: java.lang.Object getSystemService(java.lang.String)>",
						"<android.app.SystemServiceRegistry: java.lang.Object getSystemService(android.app.ContextImpl,java.lang.String)>",
						"<android.app.SystemServiceRegistry$CachedServiceFetcher: java.lang.Object getService(android.app.ContextImpl)>",
						"<android.app.SystemServiceRegistry$20: java.lang.Object createService(android.app.ContextImpl)>",
						"<android.app.SystemServiceRegistry$20: android.app.DownloadManager createService(android.app.ContextImpl)>",
						"<android.app.DownloadManager: void <clinit>()>",
						"key field: <android.app.DownloadManager: boolean $assertionsDisabled>",
						"<android.app.DownloadManager: java.lang.String[] getWhereArgsForIds(long[],java.lang.String[])>"
					],
					"depth":8,
					"method":"<android.app.MediaRouteButton: void <init>(android.content.Context,android.util.AttributeSet,int)>",
					"source":"FIELDCALLER"
				},
				{
					"trace":[
						"<android.app.Fragment: android.view.LayoutInflater onGetLayoutInflater(android.os.Bundle)>",
						"<android.app.FragmentHostCallback: android.view.LayoutInflater onGetLayoutInflater()>",
						"<android.app.ContextImpl: java.lang.Object getSystemService(java.lang.String)>",
						"<android.app.SystemServiceRegistry: java.lang.Object getSystemService(android.app.ContextImpl,java.lang.String)>",
						"<android.app.SystemServiceRegistry$CachedServiceFetcher: java.lang.Object getService(android.app.ContextImpl)>",
						"<android.app.SystemServiceRegistry$20: java.lang.Object createService(android.app.ContextImpl)>",
						"<android.app.SystemServiceRegistry$20: android.app.DownloadManager createService(android.app.ContextImpl)>",
						"<android.app.DownloadManager: void <clinit>()>",
						"key field: <android.app.DownloadManager: boolean $assertionsDisabled>",
						"<android.app.DownloadManager: java.lang.String[] getWhereArgsForIds(long[],java.lang.String[])>"
					],
					"depth":8,
					"method":"<android.app.Fragment: android.view.LayoutInflater onGetLayoutInflater(android.os.Bundle)>",
					"source":"FIELDCALLER"
				},
				{
					"trace":[
						"<android.app.backup.BackupAgent: void onRestore(android.app.backup.BackupDataInput,int,android.os.ParcelFileDescriptor)>",
						"<android.app.backup.WallpaperBackupHelper: void <init>(android.content.Context,java.lang.String[])>",
						"<android.app.ContextImpl: java.lang.Object getSystemService(java.lang.String)>",
						"<android.app.SystemServiceRegistry: java.lang.Object getSystemService(android.app.ContextImpl,java.lang.String)>",
						"<android.app.SystemServiceRegistry$CachedServiceFetcher: java.lang.Object getService(android.app.ContextImpl)>",
						"<android.app.SystemServiceRegistry$20: java.lang.Object createService(android.app.ContextImpl)>",
						"<android.app.SystemServiceRegistry$20: android.app.DownloadManager createService(android.app.ContextImpl)>",
						"<android.app.DownloadManager: void <clinit>()>",
						"key field: <android.app.DownloadManager: boolean $assertionsDisabled>",
						"<android.app.DownloadManager: java.lang.String[] getWhereArgsForIds(long[],java.lang.String[])>"
					],
					"depth":8,
					"method":"<android.app.backup.BackupAgent: void onRestore(android.app.backup.BackupDataInput,int,android.os.ParcelFileDescriptor)>",
					"source":"FIELDCALLER"
				},
				{
					"trace":[
						"<android.app.Dialog: void <init>(android.content.Context)>",
						"<android.app.Dialog: void <init>(android.content.Context,int,boolean)>",
						"<android.app.ContextImpl: java.lang.Object getSystemService(java.lang.String)>",
						"<android.app.SystemServiceRegistry: java.lang.Object getSystemService(android.app.ContextImpl,java.lang.String)>",
						"<android.app.SystemServiceRegistry$CachedServiceFetcher: java.lang.Object getService(android.app.ContextImpl)>",
						"<android.app.SystemServiceRegistry$20: java.lang.Object createService(android.app.ContextImpl)>",
						"<android.app.SystemServiceRegistry$20: android.app.DownloadManager createService(android.app.ContextImpl)>",
						"<android.app.DownloadManager: void <clinit>()>",
						"key field: <android.app.DownloadManager: boolean $assertionsDisabled>",
						"<android.app.DownloadManager: java.lang.String[] getWhereArgsForIds(long[],java.lang.String[])>"
					],
					"depth":8,
					"method":"<android.app.Dialog: void <init>(android.content.Context)>",
					"source":"FIELDCALLER"
				},
				{
					"trace":[
						"<android.app.Presentation: void <init>(android.content.Context,android.view.Display,int)>",
						"<android.app.Dialog: void <init>(android.content.Context,int,boolean)>",
						"<android.app.ContextImpl: java.lang.Object getSystemService(java.lang.String)>",
						"<android.app.SystemServiceRegistry: java.lang.Object getSystemService(android.app.ContextImpl,java.lang.String)>",
						"<android.app.SystemServiceRegistry$CachedServiceFetcher: java.lang.Object getService(android.app.ContextImpl)>",
						"<android.app.SystemServiceRegistry$20: java.lang.Object createService(android.app.ContextImpl)>",
						"<android.app.SystemServiceRegistry$20: android.app.DownloadManager createService(android.app.ContextImpl)>",
						"<android.app.DownloadManager: void <clinit>()>",
						"key field: <android.app.DownloadManager: boolean $assertionsDisabled>",
						"<android.app.DownloadManager: java.lang.String[] getWhereArgsForIds(long[],java.lang.String[])>"
					],
					"depth":8,
					"method":"<android.app.Presentation: void <init>(android.content.Context,android.view.Display,int)>",
					"source":"FIELDCALLER"
				},
				{
					"trace":[
						"<android.app.Dialog: void <init>(android.content.Context,int)>",
						"<android.app.Dialog: void <init>(android.content.Context,int,boolean)>",
						"<android.app.ContextImpl: java.lang.Object getSystemService(java.lang.String)>",
						"<android.app.SystemServiceRegistry: java.lang.Object getSystemService(android.app.ContextImpl,java.lang.String)>",
						"<android.app.SystemServiceRegistry$CachedServiceFetcher: java.lang.Object getService(android.app.ContextImpl)>",
						"<android.app.SystemServiceRegistry$20: java.lang.Object createService(android.app.ContextImpl)>",
						"<android.app.SystemServiceRegistry$20: android.app.DownloadManager createService(android.app.ContextImpl)>",
						"<android.app.DownloadManager: void <clinit>()>",
						"key field: <android.app.DownloadManager: boolean $assertionsDisabled>",
						"<android.app.DownloadManager: java.lang.String[] getWhereArgsForIds(long[],java.lang.String[])>"
					],
					"depth":8,
					"method":"<android.app.Dialog: void <init>(android.content.Context,int)>",
					"source":"FIELDCALLER"
				},
				{
					"trace":[
						"<android.app.backup.FullBackup: android.app.backup.FullBackup$BackupScheme getBackupSchemeForTest(android.content.Context)>",
						"<android.app.backup.FullBackup$BackupScheme: void <init>(android.content.Context)>",
						"<android.app.ContextImpl: java.lang.Object getSystemService(java.lang.String)>",
						"<android.app.SystemServiceRegistry: java.lang.Object getSystemService(android.app.ContextImpl,java.lang.String)>",
						"<android.app.SystemServiceRegistry$CachedServiceFetcher: java.lang.Object getService(android.app.ContextImpl)>",
						"<android.app.SystemServiceRegistry$20: java.lang.Object createService(android.app.ContextImpl)>",
						"<android.app.SystemServiceRegistry$20: android.app.DownloadManager createService(android.app.ContextImpl)>",
						"<android.app.DownloadManager: void <clinit>()>",
						"key field: <android.app.DownloadManager: boolean $assertionsDisabled>",
						"<android.app.DownloadManager: java.lang.String[] getWhereArgsForIds(long[],java.lang.String[])>"
					],
					"depth":8,
					"method":"<android.app.backup.FullBackup: android.app.backup.FullBackup$BackupScheme getBackupSchemeForTest(android.content.Context)>",
					"source":"FIELDCALLER"
				},
				{
					"trace":[
						"<android.app.ApplicationPackageManager: java.util.List getPrimaryStorageCandidateVolumes()>",
						"<android.content.Context: java.lang.Object getSystemService(java.lang.Class)>",
						"<android.app.ContextImpl: java.lang.Object getSystemService(java.lang.String)>",
						"<android.app.SystemServiceRegistry: java.lang.Object getSystemService(android.app.ContextImpl,java.lang.String)>",
						"<android.app.SystemServiceRegistry$CachedServiceFetcher: java.lang.Object getService(android.app.ContextImpl)>",
						"<android.app.SystemServiceRegistry$20: java.lang.Object createService(android.app.ContextImpl)>",
						"<android.app.SystemServiceRegistry$20: android.app.DownloadManager createService(android.app.ContextImpl)>",
						"<android.app.DownloadManager: void <clinit>()>",
						"key field: <android.app.DownloadManager: boolean $assertionsDisabled>",
						"<android.app.DownloadManager: java.lang.String[] getWhereArgsForIds(long[],java.lang.String[])>"
					],
					"depth":8,
					"method":"<android.app.ApplicationPackageManager: java.util.List getPrimaryStorageCandidateVolumes()>",
					"source":"FIELDCALLER"
				},
				{
					"trace":[
						"<android.app.ApplicationPackageManager: android.os.storage.VolumeInfo getPrimaryStorageCurrentVolume()>",
						"<android.content.Context: java.lang.Object getSystemService(java.lang.Class)>",
						"<android.app.ContextImpl: java.lang.Object getSystemService(java.lang.String)>",
						"<android.app.SystemServiceRegistry: java.lang.Object getSystemService(android.app.ContextImpl,java.lang.String)>",
						"<android.app.SystemServiceRegistry$CachedServiceFetcher: java.lang.Object getService(android.app.ContextImpl)>",
						"<android.app.SystemServiceRegistry$20: java.lang.Object createService(android.app.ContextImpl)>",
						"<android.app.SystemServiceRegistry$20: android.app.DownloadManager createService(android.app.ContextImpl)>",
						"<android.app.DownloadManager: void <clinit>()>",
						"key field: <android.app.DownloadManager: boolean $assertionsDisabled>",
						"<android.app.DownloadManager: java.lang.String[] getWhereArgsForIds(long[],java.lang.String[])>"
					],
					"depth":8,
					"method":"<android.app.ApplicationPackageManager: android.os.storage.VolumeInfo getPrimaryStorageCurrentVolume()>",
					"source":"FIELDCALLER"
				},
				{
					"trace":[
						"<android.app.ApplicationPackageManager: java.util.List getPackageCandidateVolumes(android.content.pm.ApplicationInfo)>",
						"<android.content.Context: java.lang.Object getSystemService(java.lang.Class)>",
						"<android.app.ContextImpl: java.lang.Object getSystemService(java.lang.String)>",
						"<android.app.SystemServiceRegistry: java.lang.Object getSystemService(android.app.ContextImpl,java.lang.String)>",
						"<android.app.SystemServiceRegistry$CachedServiceFetcher: java.lang.Object getService(android.app.ContextImpl)>",
						"<android.app.SystemServiceRegistry$20: java.lang.Object createService(android.app.ContextImpl)>",
						"<android.app.SystemServiceRegistry$20: android.app.DownloadManager createService(android.app.ContextImpl)>",
						"<android.app.DownloadManager: void <clinit>()>",
						"key field: <android.app.DownloadManager: boolean $assertionsDisabled>",
						"<android.app.DownloadManager: java.lang.String[] getWhereArgsForIds(long[],java.lang.String[])>"
					],
					"depth":8,
					"method":"<android.app.ApplicationPackageManager: java.util.List getPackageCandidateVolumes(android.content.pm.ApplicationInfo)>",
					"source":"FIELDCALLER"
				},
				{
					"trace":[
						"<android.app.ApplicationPackageManager: android.os.storage.VolumeInfo getPackageCurrentVolume(android.content.pm.ApplicationInfo)>",
						"<android.content.Context: java.lang.Object getSystemService(java.lang.Class)>",
						"<android.app.ContextImpl: java.lang.Object getSystemService(java.lang.String)>",
						"<android.app.SystemServiceRegistry: java.lang.Object getSystemService(android.app.ContextImpl,java.lang.String)>",
						"<android.app.SystemServiceRegistry$CachedServiceFetcher: java.lang.Object getService(android.app.ContextImpl)>",
						"<android.app.SystemServiceRegistry$20: java.lang.Object createService(android.app.ContextImpl)>",
						"<android.app.SystemServiceRegistry$20: android.app.DownloadManager createService(android.app.ContextImpl)>",
						"<android.app.DownloadManager: void <clinit>()>",
						"key field: <android.app.DownloadManager: boolean $assertionsDisabled>",
						"<android.app.DownloadManager: java.lang.String[] getWhereArgsForIds(long[],java.lang.String[])>"
					],
					"depth":8,
					"method":"<android.app.ApplicationPackageManager: android.os.storage.VolumeInfo getPackageCurrentVolume(android.content.pm.ApplicationInfo)>",
					"source":"FIELDCALLER"
				},
				{
					"trace":[
						"<android.app.RecoverableSecurityException: void showAsNotification(android.content.Context,java.lang.String)>",
						"<android.content.Context: java.lang.Object getSystemService(java.lang.Class)>",
						"<android.app.ContextImpl: java.lang.Object getSystemService(java.lang.String)>",
						"<android.app.SystemServiceRegistry: java.lang.Object getSystemService(android.app.ContextImpl,java.lang.String)>",
						"<android.app.SystemServiceRegistry$CachedServiceFetcher: java.lang.Object getService(android.app.ContextImpl)>",
						"<android.app.SystemServiceRegistry$20: java.lang.Object createService(android.app.ContextImpl)>",
						"<android.app.SystemServiceRegistry$20: android.app.DownloadManager createService(android.app.ContextImpl)>",
						"<android.app.DownloadManager: void <clinit>()>",
						"key field: <android.app.DownloadManager: boolean $assertionsDisabled>",
						"<android.app.DownloadManager: java.lang.String[] getWhereArgsForIds(long[],java.lang.String[])>"
					],
					"depth":8,
					"method":"<android.app.RecoverableSecurityException: void showAsNotification(android.content.Context,java.lang.String)>",
					"source":"FIELDCALLER"
				},
				{
					"trace":[
						"<android.app.slice.SliceProvider: void attachInfo(android.content.Context,android.content.pm.ProviderInfo)>",
						"<android.content.Context: java.lang.Object getSystemService(java.lang.Class)>",
						"<android.app.ContextImpl: java.lang.Object getSystemService(java.lang.String)>",
						"<android.app.SystemServiceRegistry: java.lang.Object getSystemService(android.app.ContextImpl,java.lang.String)>",
						"<android.app.SystemServiceRegistry$CachedServiceFetcher: java.lang.Object getService(android.app.ContextImpl)>",
						"<android.app.SystemServiceRegistry$20: java.lang.Object createService(android.app.ContextImpl)>",
						"<android.app.SystemServiceRegistry$20: android.app.DownloadManager createService(android.app.ContextImpl)>",
						"<android.app.DownloadManager: void <clinit>()>",
						"key field: <android.app.DownloadManager: boolean $assertionsDisabled>",
						"<android.app.DownloadManager: java.lang.String[] getWhereArgsForIds(long[],java.lang.String[])>"
					],
					"depth":8,
					"method":"<android.app.slice.SliceProvider: void attachInfo(android.content.Context,android.content.pm.ProviderInfo)>",
					"source":"FIELDCALLER"
				},
				{
					"trace":[
						"<android.app.SearchManager: void startSearch(java.lang.String,boolean,android.content.ComponentName,android.os.Bundle,boolean,android.graphics.Rect)>",
						"<android.content.Context: java.lang.Object getSystemService(java.lang.Class)>",
						"<android.app.ContextImpl: java.lang.Object getSystemService(java.lang.String)>",
						"<android.app.SystemServiceRegistry: java.lang.Object getSystemService(android.app.ContextImpl,java.lang.String)>",
						"<android.app.SystemServiceRegistry$CachedServiceFetcher: java.lang.Object getService(android.app.ContextImpl)>",
						"<android.app.SystemServiceRegistry$20: java.lang.Object createService(android.app.ContextImpl)>",
						"<android.app.SystemServiceRegistry$20: android.app.DownloadManager createService(android.app.ContextImpl)>",
						"<android.app.DownloadManager: void <clinit>()>",
						"key field: <android.app.DownloadManager: boolean $assertionsDisabled>",
						"<android.app.DownloadManager: java.lang.String[] getWhereArgsForIds(long[],java.lang.String[])>"
					],
					"depth":8,
					"method":"<android.app.SearchManager: void startSearch(java.lang.String,boolean,android.content.ComponentName,android.os.Bundle,boolean,android.graphics.Rect)>",
					"source":"FIELDCALLER"
				},
				{
					"trace":[
						"<android.app.SearchDialog: void onBackPressed()>",
						"<android.content.Context: java.lang.Object getSystemService(java.lang.Class)>",
						"<android.app.ContextImpl: java.lang.Object getSystemService(java.lang.String)>",
						"<android.app.SystemServiceRegistry: java.lang.Object getSystemService(android.app.ContextImpl,java.lang.String)>",
						"<android.app.SystemServiceRegistry$CachedServiceFetcher: java.lang.Object getService(android.app.ContextImpl)>",
						"<android.app.SystemServiceRegistry$20: java.lang.Object createService(android.app.ContextImpl)>",
						"<android.app.SystemServiceRegistry$20: android.app.DownloadManager createService(android.app.ContextImpl)>",
						"<android.app.DownloadManager: void <clinit>()>",
						"key field: <android.app.DownloadManager: boolean $assertionsDisabled>",
						"<android.app.DownloadManager: java.lang.String[] getWhereArgsForIds(long[],java.lang.String[])>"
					],
					"depth":8,
					"method":"<android.app.SearchDialog: void onBackPressed()>",
					"source":"FIELDCALLER"
				},
				{
					"trace":[
						"<android.app.SearchDialog: void hide()>",
						"<android.content.Context: java.lang.Object getSystemService(java.lang.Class)>",
						"<android.app.ContextImpl: java.lang.Object getSystemService(java.lang.String)>",
						"<android.app.SystemServiceRegistry: java.lang.Object getSystemService(android.app.ContextImpl,java.lang.String)>",
						"<android.app.SystemServiceRegistry$CachedServiceFetcher: java.lang.Object getService(android.app.ContextImpl)>",
						"<android.app.SystemServiceRegistry$20: java.lang.Object createService(android.app.ContextImpl)>",
						"<android.app.SystemServiceRegistry$20: android.app.DownloadManager createService(android.app.ContextImpl)>",
						"<android.app.DownloadManager: void <clinit>()>",
						"key field: <android.app.DownloadManager: boolean $assertionsDisabled>",
						"<android.app.DownloadManager: java.lang.String[] getWhereArgsForIds(long[],java.lang.String[])>"
					],
					"depth":8,
					"method":"<android.app.SearchDialog: void hide()>",
					"source":"FIELDCALLER"
				},
				{
					"trace":[
						"<android.app.ContextImpl: android.content.SharedPreferences getSharedPreferences(java.io.File,int)>",
						"<android.content.Context: java.lang.Object getSystemService(java.lang.Class)>",
						"<android.app.ContextImpl: java.lang.Object getSystemService(java.lang.String)>",
						"<android.app.SystemServiceRegistry: java.lang.Object getSystemService(android.app.ContextImpl,java.lang.String)>",
						"<android.app.SystemServiceRegistry$CachedServiceFetcher: java.lang.Object getService(android.app.ContextImpl)>",
						"<android.app.SystemServiceRegistry$20: java.lang.Object createService(android.app.ContextImpl)>",
						"<android.app.SystemServiceRegistry$20: android.app.DownloadManager createService(android.app.ContextImpl)>",
						"<android.app.DownloadManager: void <clinit>()>",
						"key field: <android.app.DownloadManager: boolean $assertionsDisabled>",
						"<android.app.DownloadManager: java.lang.String[] getWhereArgsForIds(long[],java.lang.String[])>"
					],
					"depth":8,
					"method":"<android.app.ContextImpl: android.content.SharedPreferences getSharedPreferences(java.io.File,int)>",
					"source":"FIELDCALLER"
				},
				{
					"trace":[
						"<android.app.Presentation$1: java.lang.Object getSystemService(java.lang.String)>",
						"<android.view.ContextThemeWrapper: java.lang.Object getSystemService(java.lang.String)>",
						"<android.app.ContextImpl: java.lang.Object getSystemService(java.lang.String)>",
						"<android.app.SystemServiceRegistry: java.lang.Object getSystemService(android.app.ContextImpl,java.lang.String)>",
						"<android.app.SystemServiceRegistry$CachedServiceFetcher: java.lang.Object getService(android.app.ContextImpl)>",
						"<android.app.SystemServiceRegistry$20: java.lang.Object createService(android.app.ContextImpl)>",
						"<android.app.SystemServiceRegistry$20: android.app.DownloadManager createService(android.app.ContextImpl)>",
						"<android.app.DownloadManager: void <clinit>()>",
						"key field: <android.app.DownloadManager: boolean $assertionsDisabled>",
						"<android.app.DownloadManager: java.lang.String[] getWhereArgsForIds(long[],java.lang.String[])>"
					],
					"depth":8,
					"method":"<android.app.Presentation$1: java.lang.Object getSystemService(java.lang.String)>",
					"source":"FIELDCALLER"
				},
				{
					"trace":[
						"<com.android.internal.policy.DecorContext: java.lang.Object getSystemService(java.lang.String)>",
						"<android.view.ContextThemeWrapper: java.lang.Object getSystemService(java.lang.String)>",
						"<android.app.ContextImpl: java.lang.Object getSystemService(java.lang.String)>",
						"<android.app.SystemServiceRegistry: java.lang.Object getSystemService(android.app.ContextImpl,java.lang.String)>",
						"<android.app.SystemServiceRegistry$CachedServiceFetcher: java.lang.Object getService(android.app.ContextImpl)>",
						"<android.app.SystemServiceRegistry$20: java.lang.Object createService(android.app.ContextImpl)>",
						"<android.app.SystemServiceRegistry$20: android.app.DownloadManager createService(android.app.ContextImpl)>",
						"<android.app.DownloadManager: void <clinit>()>",
						"key field: <android.app.DownloadManager: boolean $assertionsDisabled>",
						"<android.app.DownloadManager: java.lang.String[] getWhereArgsForIds(long[],java.lang.String[])>"
					],
					"depth":8,
					"method":"<com.android.internal.policy.DecorContext: java.lang.Object getSystemService(java.lang.String)>",
					"source":"FIELDCALLER"
				},
				{
					"trace":[
						"<android.content.ContextWrapper: java.lang.Object getSystemService(java.lang.String)>",
						"<android.view.ContextThemeWrapper: java.lang.Object getSystemService(java.lang.String)>",
						"<android.app.ContextImpl: java.lang.Object getSystemService(java.lang.String)>",
						"<android.app.SystemServiceRegistry: java.lang.Object getSystemService(android.app.ContextImpl,java.lang.String)>",
						"<android.app.SystemServiceRegistry$CachedServiceFetcher: java.lang.Object getService(android.app.ContextImpl)>",
						"<android.app.SystemServiceRegistry$20: java.lang.Object createService(android.app.ContextImpl)>",
						"<android.app.SystemServiceRegistry$20: android.app.DownloadManager createService(android.app.ContextImpl)>",
						"<android.app.DownloadManager: void <clinit>()>",
						"key field: <android.app.DownloadManager: boolean $assertionsDisabled>",
						"<android.app.DownloadManager: java.lang.String[] getWhereArgsForIds(long[],java.lang.String[])>"
					],
					"depth":8,
					"method":"<android.content.ContextWrapper: java.lang.Object getSystemService(java.lang.String)>",
					"source":"FIELDCALLER"
				},
				{
					"trace":[
						"<android.app.Activity: java.lang.Object getSystemService(java.lang.String)>",
						"<android.view.ContextThemeWrapper: java.lang.Object getSystemService(java.lang.String)>",
						"<android.app.ContextImpl: java.lang.Object getSystemService(java.lang.String)>",
						"<android.app.SystemServiceRegistry: java.lang.Object getSystemService(android.app.ContextImpl,java.lang.String)>",
						"<android.app.SystemServiceRegistry$CachedServiceFetcher: java.lang.Object getService(android.app.ContextImpl)>",
						"<android.app.SystemServiceRegistry$20: java.lang.Object createService(android.app.ContextImpl)>",
						"<android.app.SystemServiceRegistry$20: android.app.DownloadManager createService(android.app.ContextImpl)>",
						"<android.app.DownloadManager: void <clinit>()>",
						"key field: <android.app.DownloadManager: boolean $assertionsDisabled>",
						"<android.app.DownloadManager: java.lang.String[] getWhereArgsForIds(long[],java.lang.String[])>"
					],
					"depth":8,
					"method":"<android.app.Activity: java.lang.Object getSystemService(java.lang.String)>",
					"source":"FIELDCALLER"
				},
				{
					"trace":[
						"<android.accessibilityservice.AccessibilityService: java.lang.Object getSystemService(java.lang.String)>",
						"<android.content.ContextWrapper: java.lang.Object getSystemService(java.lang.String)>",
						"<android.app.ContextImpl: java.lang.Object getSystemService(java.lang.String)>",
						"<android.app.SystemServiceRegistry: java.lang.Object getSystemService(android.app.ContextImpl,java.lang.String)>",
						"<android.app.SystemServiceRegistry$CachedServiceFetcher: java.lang.Object getService(android.app.ContextImpl)>",
						"<android.app.SystemServiceRegistry$20: java.lang.Object createService(android.app.ContextImpl)>",
						"<android.app.SystemServiceRegistry$20: android.app.DownloadManager createService(android.app.ContextImpl)>",
						"<android.app.DownloadManager: void <clinit>()>",
						"key field: <android.app.DownloadManager: boolean $assertionsDisabled>",
						"<android.app.DownloadManager: java.lang.String[] getWhereArgsForIds(long[],java.lang.String[])>"
					],
					"depth":8,
					"method":"<android.accessibilityservice.AccessibilityService: java.lang.Object getSystemService(java.lang.String)>",
					"source":"FIELDCALLER"
				}
			],
			"callerOfSingnlar2SourceVar":{
				"<android.app.DownloadManager: int markRowDeleted(long[])>":"0",
				"<android.app.DownloadManager: int remove(long[])>":"0",
				"<android.app.DownloadManager: void forceDownload(long[])>":"0",
				"<android.app.DownloadManager: void restartDownload(long[])>":"0",
				"<android.app.DownloadManager: java.lang.String[] getWhereArgsForIds(long[])>":"0",
				"<android.app.DownloadManager: java.lang.String[] getWhereArgsForIds(long[],java.lang.String[])>":"1, 0"
			}
		}
	]
}