{
	"exceptions":[
		{
			"method":"<android.filterfw.core.FilterGraph: void connect(android.filterfw.core.Filter,java.lang.String,android.filterfw.core.Filter,java.lang.String)>",
			"message":"\\QUnknown input port '\\E[\\s\\S]*\\Q' on Filter \\E[\\s\\S]*\\Q!\\E",
			"relatedVarType":"Parameter",
			"relatedCondType":"Basic",
			"modifier":"public",
			"type":"java.lang.RuntimeException",
			"osVersionRelated":false,
			"resourceRelated":false,
			"assessRelated":false,
			"hardwareRelated":false,
			"manifestRelated":false,
			"conditions":"r8 != null, r6 != null, $z1 != 0",
			"paramValues":"@parameter3: java.lang.String, @parameter2: android.filterfw.core.Filter, @parameter1: java.lang.String, @parameter0: android.filterfw.core.Filter",
			"relatedValues":"@parameter3: java.lang.String, @parameter2: android.filterfw.core.Filter, @parameter1: java.lang.String, @parameter0: android.filterfw.core.Filter; ; ",
			"keyAPISameClassNum":0,
			"keyAPIDiffClassNum":0,
			"keyAPISameClass":[
				{
					"trace":[
						"<android.filterfw.core.FilterGraph: void connect(android.filterfw.core.Filter,java.lang.String,android.filterfw.core.Filter,java.lang.String)>"
					],
					"depth":0,
					"method":"<android.filterfw.core.FilterGraph: void connect(android.filterfw.core.Filter,java.lang.String,android.filterfw.core.Filter,java.lang.String)>",
					"source":"CALLER"
				},
				{
					"trace":[
						"<android.filterfw.core.FilterGraph: void connect(java.lang.String,java.lang.String,java.lang.String,java.lang.String)>",
						"<android.filterfw.core.FilterGraph: void connect(android.filterfw.core.Filter,java.lang.String,android.filterfw.core.Filter,java.lang.String)>"
					],
					"depth":1,
					"method":"<android.filterfw.core.FilterGraph: void connect(java.lang.String,java.lang.String,java.lang.String,java.lang.String)>",
					"source":"CALLER"
				}
			],
			"keyAPIDiffClass":[],
			"callerOfSingnlar2SourceVar":{
				"<android.filterfw.core.FilterGraph: void connect(java.lang.String,java.lang.String,java.lang.String,java.lang.String)>":"3, 1",
				"<android.filterfw.core.FilterGraph: void connect(android.filterfw.core.Filter,java.lang.String,android.filterfw.core.Filter,java.lang.String)>":"3, 2, 1, 0"
			}
		},
		{
			"method":"<android.filterfw.core.FilterGraph: void connect(android.filterfw.core.Filter,java.lang.String,android.filterfw.core.Filter,java.lang.String)>",
			"message":"\\QPassing null Filter in connect()!\\E",
			"relatedVarType":"Parameter",
			"relatedCondType":"Basic",
			"modifier":"public",
			"type":"java.lang.IllegalArgumentException",
			"osVersionRelated":false,
			"resourceRelated":false,
			"assessRelated":false,
			"hardwareRelated":false,
			"manifestRelated":false,
			"conditions":"r0 == null, r2 != null",
			"paramValues":"@parameter0: android.filterfw.core.Filter, @parameter2: android.filterfw.core.Filter",
			"relatedValues":"@parameter0: android.filterfw.core.Filter, @parameter2: android.filterfw.core.Filter; ; ",
			"keyAPISameClassNum":0,
			"keyAPIDiffClassNum":0,
			"keyAPISameClass":[
				{
					"trace":[
						"<android.filterfw.core.FilterGraph: void connect(android.filterfw.core.Filter,java.lang.String,android.filterfw.core.Filter,java.lang.String)>"
					],
					"depth":0,
					"method":"<android.filterfw.core.FilterGraph: void connect(android.filterfw.core.Filter,java.lang.String,android.filterfw.core.Filter,java.lang.String)>",
					"source":"CALLER"
				},
				{
					"trace":[
						"<android.filterfw.core.FilterGraph: void connect(java.lang.String,java.lang.String,java.lang.String,java.lang.String)>",
						"<android.filterfw.core.FilterGraph: void connect(android.filterfw.core.Filter,java.lang.String,android.filterfw.core.Filter,java.lang.String)>"
					],
					"depth":1,
					"method":"<android.filterfw.core.FilterGraph: void connect(java.lang.String,java.lang.String,java.lang.String,java.lang.String)>",
					"source":"CALLER"
				}
			],
			"keyAPIDiffClass":[],
			"callerOfSingnlar2SourceVar":{
				"<android.filterfw.core.FilterGraph: void connect(android.filterfw.core.Filter,java.lang.String,android.filterfw.core.Filter,java.lang.String)>":"0, 2"
			}
		},
		{
			"method":"<android.filterfw.core.FilterGraph: void connect(android.filterfw.core.Filter,java.lang.String,android.filterfw.core.Filter,java.lang.String)>",
			"message":"\\QUnknown output port '\\E[\\s\\S]*\\Q' on Filter \\E[\\s\\S]*\\Q!\\E",
			"relatedVarType":"Parameter",
			"relatedCondType":"Basic",
			"modifier":"public",
			"type":"java.lang.RuntimeException",
			"osVersionRelated":false,
			"resourceRelated":false,
			"assessRelated":false,
			"hardwareRelated":false,
			"manifestRelated":false,
			"conditions":"r6 != null, $z1 != 0, $z0 == 0",
			"paramValues":"@parameter1: java.lang.String, @parameter0: android.filterfw.core.Filter, @parameter2: android.filterfw.core.Filter",
			"relatedValues":"@parameter1: java.lang.String, @parameter0: android.filterfw.core.Filter, @parameter2: android.filterfw.core.Filter; ; ",
			"keyAPISameClassNum":0,
			"keyAPIDiffClassNum":0,
			"keyAPISameClass":[
				{
					"trace":[
						"<android.filterfw.core.FilterGraph: void connect(android.filterfw.core.Filter,java.lang.String,android.filterfw.core.Filter,java.lang.String)>"
					],
					"depth":0,
					"method":"<android.filterfw.core.FilterGraph: void connect(android.filterfw.core.Filter,java.lang.String,android.filterfw.core.Filter,java.lang.String)>",
					"source":"CALLER"
				},
				{
					"trace":[
						"<android.filterfw.core.FilterGraph: void connect(java.lang.String,java.lang.String,java.lang.String,java.lang.String)>",
						"<android.filterfw.core.FilterGraph: void connect(android.filterfw.core.Filter,java.lang.String,android.filterfw.core.Filter,java.lang.String)>"
					],
					"depth":1,
					"method":"<android.filterfw.core.FilterGraph: void connect(java.lang.String,java.lang.String,java.lang.String,java.lang.String)>",
					"source":"CALLER"
				}
			],
			"keyAPIDiffClass":[],
			"callerOfSingnlar2SourceVar":{
				"<android.filterfw.core.FilterGraph: void connect(java.lang.String,java.lang.String,java.lang.String,java.lang.String)>":"1",
				"<android.filterfw.core.FilterGraph: void connect(android.filterfw.core.Filter,java.lang.String,android.filterfw.core.Filter,java.lang.String)>":"1, 0, 2"
			}
		},
		{
			"method":"<android.filterfw.core.FilterGraph: void connect(android.filterfw.core.Filter,java.lang.String,android.filterfw.core.Filter,java.lang.String)>",
			"message":"\\QAttempting to connect filter not in graph!\\E",
			"relatedVarType":"Parameter",
			"relatedCondType":"Basic",
			"modifier":"public",
			"type":"java.lang.RuntimeException",
			"osVersionRelated":false,
			"resourceRelated":false,
			"assessRelated":false,
			"hardwareRelated":false,
			"manifestRelated":false,
			"conditions":"$z0 == 0, r2 != null, r0 == null",
			"paramValues":"@parameter0: android.filterfw.core.Filter, @parameter2: android.filterfw.core.Filter",
			"relatedValues":"@parameter0: android.filterfw.core.Filter, @parameter2: android.filterfw.core.Filter; ; ",
			"keyAPISameClassNum":0,
			"keyAPIDiffClassNum":0,
			"keyAPISameClass":[
				{
					"trace":[
						"<android.filterfw.core.FilterGraph: void connect(android.filterfw.core.Filter,java.lang.String,android.filterfw.core.Filter,java.lang.String)>"
					],
					"depth":0,
					"method":"<android.filterfw.core.FilterGraph: void connect(android.filterfw.core.Filter,java.lang.String,android.filterfw.core.Filter,java.lang.String)>",
					"source":"CALLER"
				},
				{
					"trace":[
						"<android.filterfw.core.FilterGraph: void connect(java.lang.String,java.lang.String,java.lang.String,java.lang.String)>",
						"<android.filterfw.core.FilterGraph: void connect(android.filterfw.core.Filter,java.lang.String,android.filterfw.core.Filter,java.lang.String)>"
					],
					"depth":1,
					"method":"<android.filterfw.core.FilterGraph: void connect(java.lang.String,java.lang.String,java.lang.String,java.lang.String)>",
					"source":"CALLER"
				}
			],
			"keyAPIDiffClass":[],
			"callerOfSingnlar2SourceVar":{
				"<android.filterfw.core.FilterGraph: void connect(android.filterfw.core.Filter,java.lang.String,android.filterfw.core.Filter,java.lang.String)>":"0, 2"
			}
		},
		{
			"method":"<android.filterfw.core.FilterGraph: void connect(java.lang.String,java.lang.String,java.lang.String,java.lang.String)>",
			"message":"\\QAttempting to connect unknown target filter '\\E[\\s\\S]*\\Q'!\\E",
			"relatedVarType":"Parameter",
			"relatedCondType":"Basic",
			"modifier":"public",
			"type":"java.lang.RuntimeException",
			"osVersionRelated":false,
			"resourceRelated":false,
			"assessRelated":false,
			"hardwareRelated":false,
			"manifestRelated":false,
			"conditions":"r4 != null, r2 != null",
			"paramValues":"@parameter2: java.lang.String, @parameter0: java.lang.String",
			"relatedValues":"@parameter2: java.lang.String, @parameter0: java.lang.String; ; ",
			"keyAPISameClassNum":0,
			"keyAPIDiffClassNum":0,
			"keyAPISameClass":[
				{
					"trace":[
						"<android.filterfw.core.FilterGraph: void connect(java.lang.String,java.lang.String,java.lang.String,java.lang.String)>"
					],
					"depth":0,
					"method":"<android.filterfw.core.FilterGraph: void connect(java.lang.String,java.lang.String,java.lang.String,java.lang.String)>",
					"source":"CALLER"
				}
			],
			"keyAPIDiffClass":[],
			"callerOfSingnlar2SourceVar":{
				"<android.filterfw.core.FilterGraph: void connect(java.lang.String,java.lang.String,java.lang.String,java.lang.String)>":"2, 0"
			}
		},
		{
			"method":"<android.filterfw.core.FilterGraph: void connect(java.lang.String,java.lang.String,java.lang.String,java.lang.String)>",
			"message":"\\QAttempting to connect unknown source filter '\\E[\\s\\S]*\\Q'!\\E",
			"relatedVarType":"Parameter",
			"relatedCondType":"Basic",
			"modifier":"public",
			"type":"java.lang.RuntimeException",
			"osVersionRelated":false,
			"resourceRelated":false,
			"assessRelated":false,
			"hardwareRelated":false,
			"manifestRelated":false,
			"conditions":"r2 != null",
			"paramValues":"@parameter0: java.lang.String",
			"relatedValues":"@parameter0: java.lang.String; ; ",
			"keyAPISameClassNum":0,
			"keyAPIDiffClassNum":0,
			"keyAPISameClass":[
				{
					"trace":[
						"<android.filterfw.core.FilterGraph: void connect(java.lang.String,java.lang.String,java.lang.String,java.lang.String)>"
					],
					"depth":0,
					"method":"<android.filterfw.core.FilterGraph: void connect(java.lang.String,java.lang.String,java.lang.String,java.lang.String)>",
					"source":"CALLER"
				}
			],
			"keyAPIDiffClass":[],
			"callerOfSingnlar2SourceVar":{
				"<android.filterfw.core.FilterGraph: void connect(java.lang.String,java.lang.String,java.lang.String,java.lang.String)>":"0"
			}
		},
		{
			"method":"<android.filterfw.core.FilterGraph: void runTypeCheck()>",
			"message":"\\QCould not schedule all filters! Is your graph malformed?\\E",
			"relatedVarType":"Unknown",
			"relatedCondType":"Basic",
			"modifier":"private",
			"type":"java.lang.RuntimeException",
			"osVersionRelated":false,
			"resourceRelated":false,
			"assessRelated":false,
			"hardwareRelated":false,
			"manifestRelated":false,
			"conditions":"$i0 == $i1, $z1 != 0, $z5 == 0",
			"keyAPISameClassNum":0,
			"keyAPIDiffClassNum":0,
			"keyAPISameClass":[],
			"keyAPIDiffClass":[],
			"callerOfSingnlar2SourceVar":{}
		},
		{
			"method":"<android.filterfw.core.FilterGraph: void updateOutputs(android.filterfw.core.Filter)>",
			"message":"\\QFilter did not return an output format for \\E[\\s\\S]*\\Q!\\E",
			"relatedVarType":"Parameter",
			"relatedCondType":"Basic",
			"modifier":"private",
			"type":"java.lang.RuntimeException",
			"osVersionRelated":false,
			"resourceRelated":false,
			"assessRelated":false,
			"hardwareRelated":false,
			"manifestRelated":false,
			"conditions":"r8 != null, r5 == null, $z0 == 0",
			"paramValues":"@parameter0: android.filterfw.core.Filter",
			"relatedValues":"@parameter0: android.filterfw.core.Filter; ; ",
			"keyAPISameClassNum":0,
			"keyAPIDiffClassNum":0,
			"keyAPISameClass":[
				{
					"trace":[
						"<android.filterfw.core.FilterGraph: void updateOutputs(android.filterfw.core.Filter)>"
					],
					"depth":0,
					"method":"<android.filterfw.core.FilterGraph: void updateOutputs(android.filterfw.core.Filter)>",
					"source":"CALLER"
				}
			],
			"keyAPIDiffClass":[],
			"callerOfSingnlar2SourceVar":{
				"<android.filterfw.core.FilterGraph: void updateOutputs(android.filterfw.core.Filter)>":"0"
			}
		},
		{
			"method":"<android.filterfw.core.FilterGraph: void runTypeCheckOn(android.filterfw.core.Filter)>",
			"message":"\\QType mismatch: Filter \\E[\\s\\S]*\\Q expects a format of type \\E[\\s\\S]*\\Q but got a format of type \\E[\\s\\S]*\\Q!\\E",
			"relatedVarType":"ParaAndField",
			"relatedCondType":"Basic",
			"modifier":"private",
			"type":"java.lang.RuntimeException",
			"osVersionRelated":false,
			"resourceRelated":false,
			"assessRelated":false,
			"hardwareRelated":false,
			"manifestRelated":false,
			"conditions":"z3 != 0, $z2 == 0, r7 == null",
			"paramValues":"@parameter0: android.filterfw.core.Filter",
			"fieldValues":"<android.filterfw.core.FilterGraph: boolean mLogVerbose>",
			"relatedValues":"@parameter0: android.filterfw.core.Filter; <android.filterfw.core.FilterGraph: boolean mLogVerbose>; ",
			"keyAPISameClassNum":1,
			"keyAPIDiffClassNum":2,
			"keyAPISameClass":[
				{
					"trace":[
						"<android.filterfw.core.FilterGraph: void runTypeCheckOn(android.filterfw.core.Filter)>"
					],
					"depth":1,
					"method":"<android.filterfw.core.FilterGraph: void <init>()>",
					"source":"FIELD"
				}
			],
			"keyAPIDiffClass":[
				{
					"trace":[
						"<android.filterfw.io.TextGraphReader: android.filterfw.core.FilterGraph readGraphString(java.lang.String)>",
						"<android.filterfw.core.FilterGraph: void <init>()>",
						"key field: <android.filterfw.core.FilterGraph: boolean mLogVerbose>",
						"<android.filterfw.core.FilterGraph: void runTypeCheckOn(android.filterfw.core.Filter)>"
					],
					"depth":2,
					"method":"<android.filterfw.io.TextGraphReader: android.filterfw.core.FilterGraph readGraphString(java.lang.String)>",
					"source":"FIELDCALLER"
				},
				{
					"trace":[
						"<android.filterfw.io.GraphReader: android.filterfw.core.FilterGraph readGraphString(java.lang.String)>",
						"<android.filterfw.core.FilterGraph: void <init>()>",
						"key field: <android.filterfw.core.FilterGraph: boolean mLogVerbose>",
						"<android.filterfw.core.FilterGraph: void runTypeCheckOn(android.filterfw.core.Filter)>"
					],
					"depth":2,
					"method":"<android.filterfw.io.GraphReader: android.filterfw.core.FilterGraph readGraphString(java.lang.String)>",
					"source":"FIELDCALLER"
				}
			],
			"callerOfSingnlar2SourceVar":{
				"<android.filterfw.core.FilterGraph: void runTypeCheckOn(android.filterfw.core.Filter)>":"0"
			}
		},
		{
			"method":"<android.filterfw.core.FilterGraph: void connectPorts()>",
			"message":"\\QAttempting to connect \\E[\\s\\S]*\\Q to multiple filter ports! Enable auto-branching to allow this.\\E",
			"relatedVarType":"Field",
			"relatedCondType":"Basic",
			"modifier":"private",
			"type":"java.lang.RuntimeException",
			"osVersionRelated":false,
			"resourceRelated":false,
			"assessRelated":false,
			"hardwareRelated":false,
			"manifestRelated":false,
			"conditions":"$i1 != 0, $i0 != 1, $z0 == 0",
			"fieldValues":"<android.filterfw.core.FilterGraph: int mAutoBranchMode>, <android.filterfw.core.FilterGraph: java.util.HashMap mPreconnections>",
			"relatedValues":"; <android.filterfw.core.FilterGraph: int mAutoBranchMode>, <android.filterfw.core.FilterGraph: java.util.HashMap mPreconnections>; ",
			"keyAPISameClassNum":4,
			"keyAPIDiffClassNum":9,
			"keyAPISameClass":[
				{
					"trace":[
						"<android.filterfw.core.FilterGraph: void connectPorts()>"
					],
					"depth":1,
					"method":"<android.filterfw.core.FilterGraph: void <init>()>",
					"source":"FIELD"
				},
				{
					"trace":[
						"<android.filterfw.core.FilterGraph: void connectPorts()>"
					],
					"depth":1,
					"method":"<android.filterfw.core.FilterGraph: void setAutoBranchMode(int)>",
					"source":"FIELD"
				},
				{
					"trace":[
						"<android.filterfw.core.FilterGraph: void connect(android.filterfw.core.Filter,java.lang.String,android.filterfw.core.Filter,java.lang.String)>",
						"<android.filterfw.core.FilterGraph: void preconnect(android.filterfw.core.OutputPort,android.filterfw.core.InputPort)>",
						"key field: <android.filterfw.core.FilterGraph: java.util.HashMap mPreconnections>",
						"<android.filterfw.core.FilterGraph: void connectPorts()>"
					],
					"depth":2,
					"method":"<android.filterfw.core.FilterGraph: void connect(android.filterfw.core.Filter,java.lang.String,android.filterfw.core.Filter,java.lang.String)>",
					"source":"FIELDCALLER"
				},
				{
					"trace":[
						"<android.filterfw.core.FilterGraph: void connect(java.lang.String,java.lang.String,java.lang.String,java.lang.String)>",
						"<android.filterfw.core.FilterGraph: void connect(android.filterfw.core.Filter,java.lang.String,android.filterfw.core.Filter,java.lang.String)>",
						"<android.filterfw.core.FilterGraph: void preconnect(android.filterfw.core.OutputPort,android.filterfw.core.InputPort)>",
						"key field: <android.filterfw.core.FilterGraph: java.util.HashMap mPreconnections>",
						"<android.filterfw.core.FilterGraph: void connectPorts()>"
					],
					"depth":3,
					"method":"<android.filterfw.core.FilterGraph: void connect(java.lang.String,java.lang.String,java.lang.String,java.lang.String)>",
					"source":"FIELDCALLER"
				}
			],
			"keyAPIDiffClass":[
				{
					"trace":[
						"<android.filterfw.io.TextGraphReader: android.filterfw.core.FilterGraph readGraphString(java.lang.String)>",
						"<android.filterfw.core.FilterGraph: void <init>()>",
						"key field: <android.filterfw.core.FilterGraph: int mAutoBranchMode>",
						"<android.filterfw.core.FilterGraph: void connectPorts()>"
					],
					"depth":2,
					"method":"<android.filterfw.io.TextGraphReader: android.filterfw.core.FilterGraph readGraphString(java.lang.String)>",
					"source":"FIELDCALLER"
				},
				{
					"trace":[
						"<android.filterfw.io.GraphReader: android.filterfw.core.FilterGraph readGraphString(java.lang.String)>",
						"<android.filterfw.core.FilterGraph: void <init>()>",
						"key field: <android.filterfw.core.FilterGraph: int mAutoBranchMode>",
						"<android.filterfw.core.FilterGraph: void connectPorts()>"
					],
					"depth":2,
					"method":"<android.filterfw.io.GraphReader: android.filterfw.core.FilterGraph readGraphString(java.lang.String)>",
					"source":"FIELDCALLER"
				},
				{
					"trace":[
						"<android.filterfw.core.SyncRunner: void <init>(android.filterfw.core.FilterContext,android.filterfw.core.FilterGraph,java.lang.Class)>",
						"<android.filterfw.core.FilterGraph: void setupFilters()>",
						"<android.filterfw.core.FilterGraph: void connectPorts()>",
						"key field: <android.filterfw.core.FilterGraph: java.util.HashMap mPreconnections>",
						"<android.filterfw.core.FilterGraph: void connectPorts()>"
					],
					"depth":3,
					"method":"<android.filterfw.core.SyncRunner: void <init>(android.filterfw.core.FilterContext,android.filterfw.core.FilterGraph,java.lang.Class)>",
					"source":"FIELDCALLER"
				},
				{
					"trace":[
						"<android.filterfw.io.TextGraphReader$ConnectCommand: void execute(android.filterfw.io.TextGraphReader)>",
						"<android.filterfw.core.FilterGraph: void connect(java.lang.String,java.lang.String,java.lang.String,java.lang.String)>",
						"<android.filterfw.core.FilterGraph: void connect(android.filterfw.core.Filter,java.lang.String,android.filterfw.core.Filter,java.lang.String)>",
						"<android.filterfw.core.FilterGraph: void preconnect(android.filterfw.core.OutputPort,android.filterfw.core.InputPort)>",
						"key field: <android.filterfw.core.FilterGraph: java.util.HashMap mPreconnections>",
						"<android.filterfw.core.FilterGraph: void connectPorts()>"
					],
					"depth":4,
					"method":"<android.filterfw.io.TextGraphReader$ConnectCommand: void execute(android.filterfw.io.TextGraphReader)>",
					"source":"FIELDCALLER"
				},
				{
					"trace":[
						"<android.filterfw.io.TextGraphReader$Command: void execute(android.filterfw.io.TextGraphReader)>",
						"<android.filterfw.core.FilterGraph: void connect(java.lang.String,java.lang.String,java.lang.String,java.lang.String)>",
						"<android.filterfw.core.FilterGraph: void connect(android.filterfw.core.Filter,java.lang.String,android.filterfw.core.Filter,java.lang.String)>",
						"<android.filterfw.core.FilterGraph: void preconnect(android.filterfw.core.OutputPort,android.filterfw.core.InputPort)>",
						"key field: <android.filterfw.core.FilterGraph: java.util.HashMap mPreconnections>",
						"<android.filterfw.core.FilterGraph: void connectPorts()>"
					],
					"depth":4,
					"method":"<android.filterfw.io.TextGraphReader$Command: void execute(android.filterfw.io.TextGraphReader)>",
					"source":"FIELDCALLER"
				},
				{
					"trace":[
						"<android.filterfw.GraphEnvironment$GraphHandle: android.filterfw.core.GraphRunner getSyncRunner(android.filterfw.core.FilterContext)>",
						"<android.filterfw.core.SyncRunner: void <init>(android.filterfw.core.FilterContext,android.filterfw.core.FilterGraph,java.lang.Class)>",
						"<android.filterfw.core.FilterGraph: void setupFilters()>",
						"<android.filterfw.core.FilterGraph: void connectPorts()>",
						"key field: <android.filterfw.core.FilterGraph: java.util.HashMap mPreconnections>",
						"<android.filterfw.core.FilterGraph: void connectPorts()>"
					],
					"depth":4,
					"method":"<android.filterfw.GraphEnvironment$GraphHandle: android.filterfw.core.GraphRunner getSyncRunner(android.filterfw.core.FilterContext)>",
					"source":"FIELDCALLER"
				},
				{
					"trace":[
						"<android.filterfw.core.AsyncRunner: void setGraph(android.filterfw.core.FilterGraph)>",
						"<android.filterfw.core.SyncRunner: void <init>(android.filterfw.core.FilterContext,android.filterfw.core.FilterGraph,java.lang.Class)>",
						"<android.filterfw.core.FilterGraph: void setupFilters()>",
						"<android.filterfw.core.FilterGraph: void connectPorts()>",
						"key field: <android.filterfw.core.FilterGraph: java.util.HashMap mPreconnections>",
						"<android.filterfw.core.FilterGraph: void connectPorts()>"
					],
					"depth":4,
					"method":"<android.filterfw.core.AsyncRunner: void setGraph(android.filterfw.core.FilterGraph)>",
					"source":"FIELDCALLER"
				},
				{
					"trace":[
						"<android.filterfw.GraphEnvironment: android.filterfw.core.GraphRunner getRunner(int,int)>",
						"<android.filterfw.GraphEnvironment$GraphHandle: android.filterfw.core.GraphRunner getSyncRunner(android.filterfw.core.FilterContext)>",
						"<android.filterfw.core.SyncRunner: void <init>(android.filterfw.core.FilterContext,android.filterfw.core.FilterGraph,java.lang.Class)>",
						"<android.filterfw.core.FilterGraph: void setupFilters()>",
						"<android.filterfw.core.FilterGraph: void connectPorts()>",
						"key field: <android.filterfw.core.FilterGraph: java.util.HashMap mPreconnections>",
						"<android.filterfw.core.FilterGraph: void connectPorts()>"
					],
					"depth":5,
					"method":"<android.filterfw.GraphEnvironment: android.filterfw.core.GraphRunner getRunner(int,int)>",
					"source":"FIELDCALLER"
				},
				{
					"trace":[
						"<android.filterfw.GraphEnvironment$GraphHandle: android.filterfw.core.AsyncRunner getAsyncRunner(android.filterfw.core.FilterContext)>",
						"<android.filterfw.core.AsyncRunner: void setGraph(android.filterfw.core.FilterGraph)>",
						"<android.filterfw.core.SyncRunner: void <init>(android.filterfw.core.FilterContext,android.filterfw.core.FilterGraph,java.lang.Class)>",
						"<android.filterfw.core.FilterGraph: void setupFilters()>",
						"<android.filterfw.core.FilterGraph: void connectPorts()>",
						"key field: <android.filterfw.core.FilterGraph: java.util.HashMap mPreconnections>",
						"<android.filterfw.core.FilterGraph: void connectPorts()>"
					],
					"depth":5,
					"method":"<android.filterfw.GraphEnvironment$GraphHandle: android.filterfw.core.AsyncRunner getAsyncRunner(android.filterfw.core.FilterContext)>",
					"source":"FIELDCALLER"
				}
			],
			"callerOfSingnlar2SourceVar":{}
		},
		{
			"method":"<android.filterfw.core.FilterGraph: void connectPorts()>",
			"message":"\\QTODO: Unsynced branches not implemented yet!\\E",
			"relatedVarType":"Field",
			"relatedCondType":"Basic",
			"modifier":"private",
			"type":"java.lang.RuntimeException",
			"osVersionRelated":false,
			"resourceRelated":false,
			"assessRelated":false,
			"hardwareRelated":false,
			"manifestRelated":false,
			"conditions":"$i2 != 1, $z1 == 0, $i1 != 0",
			"fieldValues":"<android.filterfw.core.FilterGraph: int mAutoBranchMode>, <android.filterfw.core.FilterGraph: boolean mLogVerbose>",
			"relatedValues":"; <android.filterfw.core.FilterGraph: int mAutoBranchMode>, <android.filterfw.core.FilterGraph: boolean mLogVerbose>; ",
			"keyAPISameClassNum":2,
			"keyAPIDiffClassNum":2,
			"keyAPISameClass":[
				{
					"trace":[
						"<android.filterfw.core.FilterGraph: void connectPorts()>"
					],
					"depth":1,
					"method":"<android.filterfw.core.FilterGraph: void <init>()>",
					"source":"FIELD"
				},
				{
					"trace":[
						"<android.filterfw.core.FilterGraph: void connectPorts()>"
					],
					"depth":1,
					"method":"<android.filterfw.core.FilterGraph: void setAutoBranchMode(int)>",
					"source":"FIELD"
				}
			],
			"keyAPIDiffClass":[
				{
					"trace":[
						"<android.filterfw.io.TextGraphReader: android.filterfw.core.FilterGraph readGraphString(java.lang.String)>",
						"<android.filterfw.core.FilterGraph: void <init>()>",
						"key field: <android.filterfw.core.FilterGraph: int mAutoBranchMode>",
						"<android.filterfw.core.FilterGraph: void connectPorts()>"
					],
					"depth":2,
					"method":"<android.filterfw.io.TextGraphReader: android.filterfw.core.FilterGraph readGraphString(java.lang.String)>",
					"source":"FIELDCALLER"
				},
				{
					"trace":[
						"<android.filterfw.io.GraphReader: android.filterfw.core.FilterGraph readGraphString(java.lang.String)>",
						"<android.filterfw.core.FilterGraph: void <init>()>",
						"key field: <android.filterfw.core.FilterGraph: int mAutoBranchMode>",
						"<android.filterfw.core.FilterGraph: void connectPorts()>"
					],
					"depth":2,
					"method":"<android.filterfw.io.GraphReader: android.filterfw.core.FilterGraph readGraphString(java.lang.String)>",
					"source":"FIELDCALLER"
				}
			],
			"callerOfSingnlar2SourceVar":{}
		}
	]
}