{
	"exceptions":[
		{
			"method":"<android.content.res.GradientColor: void validateXmlContent()>",
			"message":"[\\s\\S]*",
			"relatedVarType":"Field",
			"relatedCondType":"Basic",
			"modifier":"private",
			"type":"java.lang.Throwable",
			"osVersionRelated":false,
			"resourceRelated":false,
			"assessRelated":false,
			"hardwareRelated":false,
			"manifestRelated":false,
			"conditions":"$i1 != 1, $b0 > 0",
			"fieldValues":"<android.content.res.GradientColor: int mGradientType>, <android.content.res.GradientColor: float mGradientRadius>",
			"relatedValues":"; <android.content.res.GradientColor: int mGradientType>, <android.content.res.GradientColor: float mGradientRadius>; ",
			"keyAPISameClassNum":4,
			"keyAPIDiffClassNum":15,
			"keyAPISameClass":[
				{
					"trace":[
						"<android.content.res.GradientColor: android.content.res.GradientColor createFromXml(android.content.res.Resources,android.content.res.XmlResourceParser,android.content.res.Resources$Theme)>",
						"<android.content.res.GradientColor: android.content.res.GradientColor createFromXmlInner(android.content.res.Resources,org.xmlpull.v1.XmlPullParser,android.util.AttributeSet,android.content.res.Resources$Theme)>",
						"<android.content.res.GradientColor: void <init>()>",
						"key field: <android.content.res.GradientColor: int mGradientType>",
						"<android.content.res.GradientColor: void validateXmlContent()>"
					],
					"depth":3,
					"method":"<android.content.res.GradientColor: android.content.res.GradientColor createFromXml(android.content.res.Resources,android.content.res.XmlResourceParser,android.content.res.Resources$Theme)>",
					"source":"FIELDCALLER"
				},
				{
					"trace":[
						"<android.content.res.ComplexColor: android.content.res.ComplexColor obtainForTheme(android.content.res.Resources$Theme)>",
						"<android.content.res.GradientColor: void <init>(android.content.res.GradientColor)>",
						"<android.content.res.GradientColor: void <init>()>",
						"key field: <android.content.res.GradientColor: int mGradientType>",
						"<android.content.res.GradientColor: void validateXmlContent()>"
					],
					"depth":3,
					"method":"<android.content.res.ComplexColor: android.content.res.ComplexColor obtainForTheme(android.content.res.Resources$Theme)>",
					"source":"FIELDCALLER"
				},
				{
					"trace":[
						"<android.content.res.GradientColor: android.content.res.GradientColor obtainForTheme(android.content.res.Resources$Theme)>",
						"<android.content.res.GradientColor: void <init>(android.content.res.GradientColor)>",
						"<android.content.res.GradientColor: void <init>()>",
						"key field: <android.content.res.GradientColor: int mGradientType>",
						"<android.content.res.GradientColor: void validateXmlContent()>"
					],
					"depth":3,
					"method":"<android.content.res.GradientColor: android.content.res.GradientColor obtainForTheme(android.content.res.Resources$Theme)>",
					"source":"FIELDCALLER"
				},
				{
					"trace":[
						"<android.content.res.GradientColor: android.content.res.ComplexColor obtainForTheme(android.content.res.Resources$Theme)>",
						"<android.content.res.GradientColor: android.content.res.GradientColor obtainForTheme(android.content.res.Resources$Theme)>",
						"<android.content.res.GradientColor: void <init>(android.content.res.GradientColor)>",
						"<android.content.res.GradientColor: void <init>()>",
						"key field: <android.content.res.GradientColor: int mGradientType>",
						"<android.content.res.GradientColor: void validateXmlContent()>"
					],
					"depth":4,
					"method":"<android.content.res.GradientColor: android.content.res.ComplexColor obtainForTheme(android.content.res.Resources$Theme)>",
					"source":"FIELDCALLER"
				}
			],
			"keyAPIDiffClass":[
				{
					"trace":[
						"<android.content.res.GradientColor$GradientColorFactory: android.content.res.GradientColor newInstance(android.content.res.Resources,android.content.res.Resources$Theme)>",
						"<android.content.res.GradientColor: android.content.res.GradientColor obtainForTheme(android.content.res.Resources$Theme)>",
						"<android.content.res.GradientColor: void <init>(android.content.res.GradientColor)>",
						"<android.content.res.GradientColor: void <init>()>",
						"key field: <android.content.res.GradientColor: int mGradientType>",
						"<android.content.res.GradientColor: void validateXmlContent()>"
					],
					"depth":4,
					"method":"<android.content.res.GradientColor$GradientColorFactory: android.content.res.GradientColor newInstance(android.content.res.Resources,android.content.res.Resources$Theme)>",
					"source":"FIELDCALLER"
				},
				{
					"trace":[
						"<android.content.res.GradientColor$GradientColorFactory: java.lang.Object newInstance(android.content.res.Resources,android.content.res.Resources$Theme)>",
						"<android.content.res.GradientColor$GradientColorFactory: android.content.res.GradientColor newInstance(android.content.res.Resources,android.content.res.Resources$Theme)>",
						"<android.content.res.GradientColor: android.content.res.GradientColor obtainForTheme(android.content.res.Resources$Theme)>",
						"<android.content.res.GradientColor: void <init>(android.content.res.GradientColor)>",
						"<android.content.res.GradientColor: void <init>()>",
						"key field: <android.content.res.GradientColor: int mGradientType>",
						"<android.content.res.GradientColor: void validateXmlContent()>"
					],
					"depth":5,
					"method":"<android.content.res.GradientColor$GradientColorFactory: java.lang.Object newInstance(android.content.res.Resources,android.content.res.Resources$Theme)>",
					"source":"FIELDCALLER"
				},
				{
					"trace":[
						"<android.content.res.Resources: android.content.res.ColorStateList getColorStateList(int,android.content.res.Resources$Theme)>",
						"<android.content.res.ResourcesImpl: android.content.res.ColorStateList loadColorStateList(android.content.res.Resources,android.util.TypedValue,int,android.content.res.Resources$Theme)>",
						"<android.content.res.ResourcesImpl: android.content.res.ComplexColor loadComplexColorFromName(android.content.res.Resources,android.content.res.Resources$Theme,android.util.TypedValue,int)>",
						"<android.content.res.ResourcesImpl: android.content.res.ComplexColor loadComplexColorForCookie(android.content.res.Resources,android.util.TypedValue,int,android.content.res.Resources$Theme)>",
						"<android.content.res.GradientColor: android.content.res.GradientColor createFromXmlInner(android.content.res.Resources,org.xmlpull.v1.XmlPullParser,android.util.AttributeSet,android.content.res.Resources$Theme)>",
						"<android.content.res.GradientColor: void <init>()>",
						"key field: <android.content.res.GradientColor: int mGradientType>",
						"<android.content.res.GradientColor: void validateXmlContent()>"
					],
					"depth":6,
					"method":"<android.content.res.Resources: android.content.res.ColorStateList getColorStateList(int,android.content.res.Resources$Theme)>",
					"source":"FIELDCALLER"
				},
				{
					"trace":[
						"<android.content.res.Resources: int getColor(int,android.content.res.Resources$Theme)>",
						"<android.content.res.ResourcesImpl: android.content.res.ColorStateList loadColorStateList(android.content.res.Resources,android.util.TypedValue,int,android.content.res.Resources$Theme)>",
						"<android.content.res.ResourcesImpl: android.content.res.ComplexColor loadComplexColorFromName(android.content.res.Resources,android.content.res.Resources$Theme,android.util.TypedValue,int)>",
						"<android.content.res.ResourcesImpl: android.content.res.ComplexColor loadComplexColorForCookie(android.content.res.Resources,android.util.TypedValue,int,android.content.res.Resources$Theme)>",
						"<android.content.res.GradientColor: android.content.res.GradientColor createFromXmlInner(android.content.res.Resources,org.xmlpull.v1.XmlPullParser,android.util.AttributeSet,android.content.res.Resources$Theme)>",
						"<android.content.res.GradientColor: void <init>()>",
						"key field: <android.content.res.GradientColor: int mGradientType>",
						"<android.content.res.GradientColor: void validateXmlContent()>"
					],
					"depth":6,
					"method":"<android.content.res.Resources: int getColor(int,android.content.res.Resources$Theme)>",
					"source":"FIELDCALLER"
				},
				{
					"trace":[
						"<android.content.res.Resources: android.content.res.ComplexColor loadComplexColor(android.util.TypedValue,int,android.content.res.Resources$Theme)>",
						"<android.content.res.ResourcesImpl: android.content.res.ComplexColor loadComplexColor(android.content.res.Resources,android.util.TypedValue,int,android.content.res.Resources$Theme)>",
						"<android.content.res.ResourcesImpl: android.content.res.ComplexColor loadComplexColorFromName(android.content.res.Resources,android.content.res.Resources$Theme,android.util.TypedValue,int)>",
						"<android.content.res.ResourcesImpl: android.content.res.ComplexColor loadComplexColorForCookie(android.content.res.Resources,android.util.TypedValue,int,android.content.res.Resources$Theme)>",
						"<android.content.res.GradientColor: android.content.res.GradientColor createFromXmlInner(android.content.res.Resources,org.xmlpull.v1.XmlPullParser,android.util.AttributeSet,android.content.res.Resources$Theme)>",
						"<android.content.res.GradientColor: void <init>()>",
						"key field: <android.content.res.GradientColor: int mGradientType>",
						"<android.content.res.GradientColor: void validateXmlContent()>"
					],
					"depth":6,
					"method":"<android.content.res.Resources: android.content.res.ComplexColor loadComplexColor(android.util.TypedValue,int,android.content.res.Resources$Theme)>",
					"source":"FIELDCALLER"
				},
				{
					"trace":[
						"<android.content.res.ConfigurationBoundResourceCache: java.lang.Object getInstance(long,android.content.res.Resources,android.content.res.Resources$Theme)>",
						"<android.content.res.GradientColor$GradientColorFactory: java.lang.Object newInstance(android.content.res.Resources,android.content.res.Resources$Theme)>",
						"<android.content.res.GradientColor$GradientColorFactory: android.content.res.GradientColor newInstance(android.content.res.Resources,android.content.res.Resources$Theme)>",
						"<android.content.res.GradientColor: android.content.res.GradientColor obtainForTheme(android.content.res.Resources$Theme)>",
						"<android.content.res.GradientColor: void <init>(android.content.res.GradientColor)>",
						"<android.content.res.GradientColor: void <init>()>",
						"key field: <android.content.res.GradientColor: int mGradientType>",
						"<android.content.res.GradientColor: void validateXmlContent()>"
					],
					"depth":6,
					"method":"<android.content.res.ConfigurationBoundResourceCache: java.lang.Object getInstance(long,android.content.res.Resources,android.content.res.Resources$Theme)>",
					"source":"FIELDCALLER"
				},
				{
					"trace":[
						"<android.content.res.CompatResources: android.content.res.ColorStateList getColorStateList(int)>",
						"<android.content.res.Resources: android.content.res.ColorStateList getColorStateList(int,android.content.res.Resources$Theme)>",
						"<android.content.res.ResourcesImpl: android.content.res.ColorStateList loadColorStateList(android.content.res.Resources,android.util.TypedValue,int,android.content.res.Resources$Theme)>",
						"<android.content.res.ResourcesImpl: android.content.res.ComplexColor loadComplexColorFromName(android.content.res.Resources,android.content.res.Resources$Theme,android.util.TypedValue,int)>",
						"<android.content.res.ResourcesImpl: android.content.res.ComplexColor loadComplexColorForCookie(android.content.res.Resources,android.util.TypedValue,int,android.content.res.Resources$Theme)>",
						"<android.content.res.GradientColor: android.content.res.GradientColor createFromXmlInner(android.content.res.Resources,org.xmlpull.v1.XmlPullParser,android.util.AttributeSet,android.content.res.Resources$Theme)>",
						"<android.content.res.GradientColor: void <init>()>",
						"key field: <android.content.res.GradientColor: int mGradientType>",
						"<android.content.res.GradientColor: void validateXmlContent()>"
					],
					"depth":7,
					"method":"<android.content.res.CompatResources: android.content.res.ColorStateList getColorStateList(int)>",
					"source":"FIELDCALLER"
				},
				{
					"trace":[
						"<android.content.res.Resources: android.content.res.ColorStateList getColorStateList(int)>",
						"<android.content.res.Resources: android.content.res.ColorStateList getColorStateList(int,android.content.res.Resources$Theme)>",
						"<android.content.res.ResourcesImpl: android.content.res.ColorStateList loadColorStateList(android.content.res.Resources,android.util.TypedValue,int,android.content.res.Resources$Theme)>",
						"<android.content.res.ResourcesImpl: android.content.res.ComplexColor loadComplexColorFromName(android.content.res.Resources,android.content.res.Resources$Theme,android.util.TypedValue,int)>",
						"<android.content.res.ResourcesImpl: android.content.res.ComplexColor loadComplexColorForCookie(android.content.res.Resources,android.util.TypedValue,int,android.content.res.Resources$Theme)>",
						"<android.content.res.GradientColor: android.content.res.GradientColor createFromXmlInner(android.content.res.Resources,org.xmlpull.v1.XmlPullParser,android.util.AttributeSet,android.content.res.Resources$Theme)>",
						"<android.content.res.GradientColor: void <init>()>",
						"key field: <android.content.res.GradientColor: int mGradientType>",
						"<android.content.res.GradientColor: void validateXmlContent()>"
					],
					"depth":7,
					"method":"<android.content.res.Resources: android.content.res.ColorStateList getColorStateList(int)>",
					"source":"FIELDCALLER"
				},
				{
					"trace":[
						"<android.content.Context: android.content.res.ColorStateList getColorStateList(int)>",
						"<android.content.res.Resources: android.content.res.ColorStateList getColorStateList(int,android.content.res.Resources$Theme)>",
						"<android.content.res.ResourcesImpl: android.content.res.ColorStateList loadColorStateList(android.content.res.Resources,android.util.TypedValue,int,android.content.res.Resources$Theme)>",
						"<android.content.res.ResourcesImpl: android.content.res.ComplexColor loadComplexColorFromName(android.content.res.Resources,android.content.res.Resources$Theme,android.util.TypedValue,int)>",
						"<android.content.res.ResourcesImpl: android.content.res.ComplexColor loadComplexColorForCookie(android.content.res.Resources,android.util.TypedValue,int,android.content.res.Resources$Theme)>",
						"<android.content.res.GradientColor: android.content.res.GradientColor createFromXmlInner(android.content.res.Resources,org.xmlpull.v1.XmlPullParser,android.util.AttributeSet,android.content.res.Resources$Theme)>",
						"<android.content.res.GradientColor: void <init>()>",
						"key field: <android.content.res.GradientColor: int mGradientType>",
						"<android.content.res.GradientColor: void validateXmlContent()>"
					],
					"depth":7,
					"method":"<android.content.Context: android.content.res.ColorStateList getColorStateList(int)>",
					"source":"FIELDCALLER"
				},
				{
					"trace":[
						"<android.content.res.CompatResources: int getColor(int)>",
						"<android.content.res.Resources: int getColor(int,android.content.res.Resources$Theme)>",
						"<android.content.res.ResourcesImpl: android.content.res.ColorStateList loadColorStateList(android.content.res.Resources,android.util.TypedValue,int,android.content.res.Resources$Theme)>",
						"<android.content.res.ResourcesImpl: android.content.res.ComplexColor loadComplexColorFromName(android.content.res.Resources,android.content.res.Resources$Theme,android.util.TypedValue,int)>",
						"<android.content.res.ResourcesImpl: android.content.res.ComplexColor loadComplexColorForCookie(android.content.res.Resources,android.util.TypedValue,int,android.content.res.Resources$Theme)>",
						"<android.content.res.GradientColor: android.content.res.GradientColor createFromXmlInner(android.content.res.Resources,org.xmlpull.v1.XmlPullParser,android.util.AttributeSet,android.content.res.Resources$Theme)>",
						"<android.content.res.GradientColor: void <init>()>",
						"key field: <android.content.res.GradientColor: int mGradientType>",
						"<android.content.res.GradientColor: void validateXmlContent()>"
					],
					"depth":7,
					"method":"<android.content.res.CompatResources: int getColor(int)>",
					"source":"FIELDCALLER"
				},
				{
					"trace":[
						"<android.content.res.Resources: int getColor(int)>",
						"<android.content.res.Resources: int getColor(int,android.content.res.Resources$Theme)>",
						"<android.content.res.ResourcesImpl: android.content.res.ColorStateList loadColorStateList(android.content.res.Resources,android.util.TypedValue,int,android.content.res.Resources$Theme)>",
						"<android.content.res.ResourcesImpl: android.content.res.ComplexColor loadComplexColorFromName(android.content.res.Resources,android.content.res.Resources$Theme,android.util.TypedValue,int)>",
						"<android.content.res.ResourcesImpl: android.content.res.ComplexColor loadComplexColorForCookie(android.content.res.Resources,android.util.TypedValue,int,android.content.res.Resources$Theme)>",
						"<android.content.res.GradientColor: android.content.res.GradientColor createFromXmlInner(android.content.res.Resources,org.xmlpull.v1.XmlPullParser,android.util.AttributeSet,android.content.res.Resources$Theme)>",
						"<android.content.res.GradientColor: void <init>()>",
						"key field: <android.content.res.GradientColor: int mGradientType>",
						"<android.content.res.GradientColor: void validateXmlContent()>"
					],
					"depth":7,
					"method":"<android.content.res.Resources: int getColor(int)>",
					"source":"FIELDCALLER"
				},
				{
					"trace":[
						"<android.content.Context: int getColor(int)>",
						"<android.content.res.Resources: int getColor(int,android.content.res.Resources$Theme)>",
						"<android.content.res.ResourcesImpl: android.content.res.ColorStateList loadColorStateList(android.content.res.Resources,android.util.TypedValue,int,android.content.res.Resources$Theme)>",
						"<android.content.res.ResourcesImpl: android.content.res.ComplexColor loadComplexColorFromName(android.content.res.Resources,android.content.res.Resources$Theme,android.util.TypedValue,int)>",
						"<android.content.res.ResourcesImpl: android.content.res.ComplexColor loadComplexColorForCookie(android.content.res.Resources,android.util.TypedValue,int,android.content.res.Resources$Theme)>",
						"<android.content.res.GradientColor: android.content.res.GradientColor createFromXmlInner(android.content.res.Resources,org.xmlpull.v1.XmlPullParser,android.util.AttributeSet,android.content.res.Resources$Theme)>",
						"<android.content.res.GradientColor: void <init>()>",
						"key field: <android.content.res.GradientColor: int mGradientType>",
						"<android.content.res.GradientColor: void validateXmlContent()>"
					],
					"depth":7,
					"method":"<android.content.Context: int getColor(int)>",
					"source":"FIELDCALLER"
				},
				{
					"trace":[
						"<android.content.res.TypedArray: int getColor(int,int)>",
						"<android.content.res.Resources: android.content.res.ColorStateList loadColorStateList(android.util.TypedValue,int,android.content.res.Resources$Theme)>",
						"<android.content.res.ResourcesImpl: android.content.res.ColorStateList loadColorStateList(android.content.res.Resources,android.util.TypedValue,int,android.content.res.Resources$Theme)>",
						"<android.content.res.ResourcesImpl: android.content.res.ComplexColor loadComplexColorFromName(android.content.res.Resources,android.content.res.Resources$Theme,android.util.TypedValue,int)>",
						"<android.content.res.ResourcesImpl: android.content.res.ComplexColor loadComplexColorForCookie(android.content.res.Resources,android.util.TypedValue,int,android.content.res.Resources$Theme)>",
						"<android.content.res.GradientColor: android.content.res.GradientColor createFromXmlInner(android.content.res.Resources,org.xmlpull.v1.XmlPullParser,android.util.AttributeSet,android.content.res.Resources$Theme)>",
						"<android.content.res.GradientColor: void <init>()>",
						"key field: <android.content.res.GradientColor: int mGradientType>",
						"<android.content.res.GradientColor: void validateXmlContent()>"
					],
					"depth":7,
					"method":"<android.content.res.TypedArray: int getColor(int,int)>",
					"source":"FIELDCALLER"
				},
				{
					"trace":[
						"<android.content.res.TypedArray: android.content.res.ColorStateList getColorStateList(int)>",
						"<android.content.res.Resources: android.content.res.ColorStateList loadColorStateList(android.util.TypedValue,int,android.content.res.Resources$Theme)>",
						"<android.content.res.ResourcesImpl: android.content.res.ColorStateList loadColorStateList(android.content.res.Resources,android.util.TypedValue,int,android.content.res.Resources$Theme)>",
						"<android.content.res.ResourcesImpl: android.content.res.ComplexColor loadComplexColorFromName(android.content.res.Resources,android.content.res.Resources$Theme,android.util.TypedValue,int)>",
						"<android.content.res.ResourcesImpl: android.content.res.ComplexColor loadComplexColorForCookie(android.content.res.Resources,android.util.TypedValue,int,android.content.res.Resources$Theme)>",
						"<android.content.res.GradientColor: android.content.res.GradientColor createFromXmlInner(android.content.res.Resources,org.xmlpull.v1.XmlPullParser,android.util.AttributeSet,android.content.res.Resources$Theme)>",
						"<android.content.res.GradientColor: void <init>()>",
						"key field: <android.content.res.GradientColor: int mGradientType>",
						"<android.content.res.GradientColor: void validateXmlContent()>"
					],
					"depth":7,
					"method":"<android.content.res.TypedArray: android.content.res.ColorStateList getColorStateList(int)>",
					"source":"FIELDCALLER"
				},
				{
					"trace":[
						"<android.content.res.TypedArray: android.content.res.ComplexColor getComplexColor(int)>",
						"<android.content.res.Resources: android.content.res.ComplexColor loadComplexColor(android.util.TypedValue,int,android.content.res.Resources$Theme)>",
						"<android.content.res.ResourcesImpl: android.content.res.ComplexColor loadComplexColor(android.content.res.Resources,android.util.TypedValue,int,android.content.res.Resources$Theme)>",
						"<android.content.res.ResourcesImpl: android.content.res.ComplexColor loadComplexColorFromName(android.content.res.Resources,android.content.res.Resources$Theme,android.util.TypedValue,int)>",
						"<android.content.res.ResourcesImpl: android.content.res.ComplexColor loadComplexColorForCookie(android.content.res.Resources,android.util.TypedValue,int,android.content.res.Resources$Theme)>",
						"<android.content.res.GradientColor: android.content.res.GradientColor createFromXmlInner(android.content.res.Resources,org.xmlpull.v1.XmlPullParser,android.util.AttributeSet,android.content.res.Resources$Theme)>",
						"<android.content.res.GradientColor: void <init>()>",
						"key field: <android.content.res.GradientColor: int mGradientType>",
						"<android.content.res.GradientColor: void validateXmlContent()>"
					],
					"depth":7,
					"method":"<android.content.res.TypedArray: android.content.res.ComplexColor getComplexColor(int)>",
					"source":"FIELDCALLER"
				}
			],
			"callerOfSingnlar2SourceVar":{}
		},
		{
			"method":"<android.content.res.GradientColor: android.content.res.GradientColor createFromXml(android.content.res.Resources,android.content.res.XmlResourceParser,android.content.res.Resources$Theme)>",
			"message":"[\\s\\S]*",
			"relatedVarType":"Parameter",
			"relatedCondType":"Basic",
			"modifier":"public",
			"type":"java.lang.Throwable",
			"osVersionRelated":false,
			"resourceRelated":false,
			"assessRelated":false,
			"hardwareRelated":false,
			"manifestRelated":false,
			"conditions":"$i0 == 2, $i0 == 2, $i0 == 1",
			"paramValues":"@parameter1: android.content.res.XmlResourceParser",
			"relatedValues":"@parameter1: android.content.res.XmlResourceParser; ; ",
			"keyAPISameClassNum":0,
			"keyAPIDiffClassNum":0,
			"keyAPISameClass":[
				{
					"trace":[
						"<android.content.res.GradientColor: android.content.res.GradientColor createFromXml(android.content.res.Resources,android.content.res.XmlResourceParser,android.content.res.Resources$Theme)>"
					],
					"depth":0,
					"method":"<android.content.res.GradientColor: android.content.res.GradientColor createFromXml(android.content.res.Resources,android.content.res.XmlResourceParser,android.content.res.Resources$Theme)>",
					"source":"CALLER"
				}
			],
			"keyAPIDiffClass":[],
			"callerOfSingnlar2SourceVar":{
				"<android.content.res.GradientColor: android.content.res.GradientColor createFromXml(android.content.res.Resources,android.content.res.XmlResourceParser,android.content.res.Resources$Theme)>":"1"
			}
		},
		{
			"method":"<android.content.res.GradientColor: android.content.res.GradientColor createFromXmlInner(android.content.res.Resources,org.xmlpull.v1.XmlPullParser,android.util.AttributeSet,android.content.res.Resources$Theme)>",
			"message":"[\\s\\S]*",
			"relatedVarType":"Parameter",
			"relatedCondType":"Basic",
			"modifier":"default",
			"type":"java.lang.Throwable",
			"osVersionRelated":false,
			"resourceRelated":false,
			"assessRelated":false,
			"hardwareRelated":false,
			"manifestRelated":false,
			"conditions":"$z0 != 0",
			"paramValues":"@parameter1: org.xmlpull.v1.XmlPullParser",
			"relatedValues":"@parameter1: org.xmlpull.v1.XmlPullParser; ; ",
			"keyAPISameClassNum":0,
			"keyAPIDiffClassNum":0,
			"keyAPISameClass":[
				{
					"trace":[
						"<android.content.res.GradientColor: android.content.res.GradientColor createFromXmlInner(android.content.res.Resources,org.xmlpull.v1.XmlPullParser,android.util.AttributeSet,android.content.res.Resources$Theme)>"
					],
					"depth":0,
					"method":"<android.content.res.GradientColor: android.content.res.GradientColor createFromXmlInner(android.content.res.Resources,org.xmlpull.v1.XmlPullParser,android.util.AttributeSet,android.content.res.Resources$Theme)>",
					"source":"CALLER"
				},
				{
					"trace":[
						"<android.content.res.GradientColor: android.content.res.GradientColor createFromXml(android.content.res.Resources,android.content.res.XmlResourceParser,android.content.res.Resources$Theme)>",
						"<android.content.res.GradientColor: android.content.res.GradientColor createFromXmlInner(android.content.res.Resources,org.xmlpull.v1.XmlPullParser,android.util.AttributeSet,android.content.res.Resources$Theme)>"
					],
					"depth":1,
					"method":"<android.content.res.GradientColor: android.content.res.GradientColor createFromXml(android.content.res.Resources,android.content.res.XmlResourceParser,android.content.res.Resources$Theme)>",
					"source":"CALLER"
				}
			],
			"keyAPIDiffClass":[
				{
					"trace":[
						"<android.content.res.Resources: android.content.res.ColorStateList getColorStateList(int,android.content.res.Resources$Theme)>",
						"<android.content.res.ResourcesImpl: android.content.res.ColorStateList loadColorStateList(android.content.res.Resources,android.util.TypedValue,int,android.content.res.Resources$Theme)>",
						"<android.content.res.ResourcesImpl: android.content.res.ComplexColor loadComplexColorFromName(android.content.res.Resources,android.content.res.Resources$Theme,android.util.TypedValue,int)>",
						"<android.content.res.ResourcesImpl: android.content.res.ComplexColor loadComplexColorForCookie(android.content.res.Resources,android.util.TypedValue,int,android.content.res.Resources$Theme)>",
						"<android.content.res.GradientColor: android.content.res.GradientColor createFromXmlInner(android.content.res.Resources,org.xmlpull.v1.XmlPullParser,android.util.AttributeSet,android.content.res.Resources$Theme)>"
					],
					"depth":4,
					"method":"<android.content.res.Resources: android.content.res.ColorStateList getColorStateList(int,android.content.res.Resources$Theme)>",
					"source":"CALLER"
				},
				{
					"trace":[
						"<android.content.res.Resources: int getColor(int,android.content.res.Resources$Theme)>",
						"<android.content.res.ResourcesImpl: android.content.res.ColorStateList loadColorStateList(android.content.res.Resources,android.util.TypedValue,int,android.content.res.Resources$Theme)>",
						"<android.content.res.ResourcesImpl: android.content.res.ComplexColor loadComplexColorFromName(android.content.res.Resources,android.content.res.Resources$Theme,android.util.TypedValue,int)>",
						"<android.content.res.ResourcesImpl: android.content.res.ComplexColor loadComplexColorForCookie(android.content.res.Resources,android.util.TypedValue,int,android.content.res.Resources$Theme)>",
						"<android.content.res.GradientColor: android.content.res.GradientColor createFromXmlInner(android.content.res.Resources,org.xmlpull.v1.XmlPullParser,android.util.AttributeSet,android.content.res.Resources$Theme)>"
					],
					"depth":4,
					"method":"<android.content.res.Resources: int getColor(int,android.content.res.Resources$Theme)>",
					"source":"CALLER"
				},
				{
					"trace":[
						"<android.content.res.Resources: android.content.res.ComplexColor loadComplexColor(android.util.TypedValue,int,android.content.res.Resources$Theme)>",
						"<android.content.res.ResourcesImpl: android.content.res.ComplexColor loadComplexColor(android.content.res.Resources,android.util.TypedValue,int,android.content.res.Resources$Theme)>",
						"<android.content.res.ResourcesImpl: android.content.res.ComplexColor loadComplexColorFromName(android.content.res.Resources,android.content.res.Resources$Theme,android.util.TypedValue,int)>",
						"<android.content.res.ResourcesImpl: android.content.res.ComplexColor loadComplexColorForCookie(android.content.res.Resources,android.util.TypedValue,int,android.content.res.Resources$Theme)>",
						"<android.content.res.GradientColor: android.content.res.GradientColor createFromXmlInner(android.content.res.Resources,org.xmlpull.v1.XmlPullParser,android.util.AttributeSet,android.content.res.Resources$Theme)>"
					],
					"depth":4,
					"method":"<android.content.res.Resources: android.content.res.ComplexColor loadComplexColor(android.util.TypedValue,int,android.content.res.Resources$Theme)>",
					"source":"CALLER"
				},
				{
					"trace":[
						"<android.content.res.CompatResources: android.content.res.ColorStateList getColorStateList(int)>",
						"<android.content.res.Resources: android.content.res.ColorStateList getColorStateList(int,android.content.res.Resources$Theme)>",
						"<android.content.res.ResourcesImpl: android.content.res.ColorStateList loadColorStateList(android.content.res.Resources,android.util.TypedValue,int,android.content.res.Resources$Theme)>",
						"<android.content.res.ResourcesImpl: android.content.res.ComplexColor loadComplexColorFromName(android.content.res.Resources,android.content.res.Resources$Theme,android.util.TypedValue,int)>",
						"<android.content.res.ResourcesImpl: android.content.res.ComplexColor loadComplexColorForCookie(android.content.res.Resources,android.util.TypedValue,int,android.content.res.Resources$Theme)>",
						"<android.content.res.GradientColor: android.content.res.GradientColor createFromXmlInner(android.content.res.Resources,org.xmlpull.v1.XmlPullParser,android.util.AttributeSet,android.content.res.Resources$Theme)>"
					],
					"depth":5,
					"method":"<android.content.res.CompatResources: android.content.res.ColorStateList getColorStateList(int)>",
					"source":"CALLER"
				},
				{
					"trace":[
						"<android.content.res.Resources: android.content.res.ColorStateList getColorStateList(int)>",
						"<android.content.res.Resources: android.content.res.ColorStateList getColorStateList(int,android.content.res.Resources$Theme)>",
						"<android.content.res.ResourcesImpl: android.content.res.ColorStateList loadColorStateList(android.content.res.Resources,android.util.TypedValue,int,android.content.res.Resources$Theme)>",
						"<android.content.res.ResourcesImpl: android.content.res.ComplexColor loadComplexColorFromName(android.content.res.Resources,android.content.res.Resources$Theme,android.util.TypedValue,int)>",
						"<android.content.res.ResourcesImpl: android.content.res.ComplexColor loadComplexColorForCookie(android.content.res.Resources,android.util.TypedValue,int,android.content.res.Resources$Theme)>",
						"<android.content.res.GradientColor: android.content.res.GradientColor createFromXmlInner(android.content.res.Resources,org.xmlpull.v1.XmlPullParser,android.util.AttributeSet,android.content.res.Resources$Theme)>"
					],
					"depth":5,
					"method":"<android.content.res.Resources: android.content.res.ColorStateList getColorStateList(int)>",
					"source":"CALLER"
				},
				{
					"trace":[
						"<android.content.Context: android.content.res.ColorStateList getColorStateList(int)>",
						"<android.content.res.Resources: android.content.res.ColorStateList getColorStateList(int,android.content.res.Resources$Theme)>",
						"<android.content.res.ResourcesImpl: android.content.res.ColorStateList loadColorStateList(android.content.res.Resources,android.util.TypedValue,int,android.content.res.Resources$Theme)>",
						"<android.content.res.ResourcesImpl: android.content.res.ComplexColor loadComplexColorFromName(android.content.res.Resources,android.content.res.Resources$Theme,android.util.TypedValue,int)>",
						"<android.content.res.ResourcesImpl: android.content.res.ComplexColor loadComplexColorForCookie(android.content.res.Resources,android.util.TypedValue,int,android.content.res.Resources$Theme)>",
						"<android.content.res.GradientColor: android.content.res.GradientColor createFromXmlInner(android.content.res.Resources,org.xmlpull.v1.XmlPullParser,android.util.AttributeSet,android.content.res.Resources$Theme)>"
					],
					"depth":5,
					"method":"<android.content.Context: android.content.res.ColorStateList getColorStateList(int)>",
					"source":"CALLER"
				},
				{
					"trace":[
						"<android.content.res.CompatResources: int getColor(int)>",
						"<android.content.res.Resources: int getColor(int,android.content.res.Resources$Theme)>",
						"<android.content.res.ResourcesImpl: android.content.res.ColorStateList loadColorStateList(android.content.res.Resources,android.util.TypedValue,int,android.content.res.Resources$Theme)>",
						"<android.content.res.ResourcesImpl: android.content.res.ComplexColor loadComplexColorFromName(android.content.res.Resources,android.content.res.Resources$Theme,android.util.TypedValue,int)>",
						"<android.content.res.ResourcesImpl: android.content.res.ComplexColor loadComplexColorForCookie(android.content.res.Resources,android.util.TypedValue,int,android.content.res.Resources$Theme)>",
						"<android.content.res.GradientColor: android.content.res.GradientColor createFromXmlInner(android.content.res.Resources,org.xmlpull.v1.XmlPullParser,android.util.AttributeSet,android.content.res.Resources$Theme)>"
					],
					"depth":5,
					"method":"<android.content.res.CompatResources: int getColor(int)>",
					"source":"CALLER"
				},
				{
					"trace":[
						"<android.content.res.Resources: int getColor(int)>",
						"<android.content.res.Resources: int getColor(int,android.content.res.Resources$Theme)>",
						"<android.content.res.ResourcesImpl: android.content.res.ColorStateList loadColorStateList(android.content.res.Resources,android.util.TypedValue,int,android.content.res.Resources$Theme)>",
						"<android.content.res.ResourcesImpl: android.content.res.ComplexColor loadComplexColorFromName(android.content.res.Resources,android.content.res.Resources$Theme,android.util.TypedValue,int)>",
						"<android.content.res.ResourcesImpl: android.content.res.ComplexColor loadComplexColorForCookie(android.content.res.Resources,android.util.TypedValue,int,android.content.res.Resources$Theme)>",
						"<android.content.res.GradientColor: android.content.res.GradientColor createFromXmlInner(android.content.res.Resources,org.xmlpull.v1.XmlPullParser,android.util.AttributeSet,android.content.res.Resources$Theme)>"
					],
					"depth":5,
					"method":"<android.content.res.Resources: int getColor(int)>",
					"source":"CALLER"
				},
				{
					"trace":[
						"<android.content.Context: int getColor(int)>",
						"<android.content.res.Resources: int getColor(int,android.content.res.Resources$Theme)>",
						"<android.content.res.ResourcesImpl: android.content.res.ColorStateList loadColorStateList(android.content.res.Resources,android.util.TypedValue,int,android.content.res.Resources$Theme)>",
						"<android.content.res.ResourcesImpl: android.content.res.ComplexColor loadComplexColorFromName(android.content.res.Resources,android.content.res.Resources$Theme,android.util.TypedValue,int)>",
						"<android.content.res.ResourcesImpl: android.content.res.ComplexColor loadComplexColorForCookie(android.content.res.Resources,android.util.TypedValue,int,android.content.res.Resources$Theme)>",
						"<android.content.res.GradientColor: android.content.res.GradientColor createFromXmlInner(android.content.res.Resources,org.xmlpull.v1.XmlPullParser,android.util.AttributeSet,android.content.res.Resources$Theme)>"
					],
					"depth":5,
					"method":"<android.content.Context: int getColor(int)>",
					"source":"CALLER"
				},
				{
					"trace":[
						"<android.content.res.StringBlock: java.lang.CharSequence get(int)>",
						"<android.content.res.StringBlock: java.lang.CharSequence applyStyles(java.lang.String,int[],android.content.res.StringBlock$StyleIDs)>",
						"<android.content.res.StringBlock: android.text.style.CharacterStyle getColor(java.lang.String,boolean)>",
						"<android.content.res.Resources: android.content.res.ColorStateList getColorStateList(int,android.content.res.Resources$Theme)>",
						"<android.content.res.ResourcesImpl: android.content.res.ColorStateList loadColorStateList(android.content.res.Resources,android.util.TypedValue,int,android.content.res.Resources$Theme)>",
						"<android.content.res.ResourcesImpl: android.content.res.ComplexColor loadComplexColorFromName(android.content.res.Resources,android.content.res.Resources$Theme,android.util.TypedValue,int)>",
						"<android.content.res.ResourcesImpl: android.content.res.ComplexColor loadComplexColorForCookie(android.content.res.Resources,android.util.TypedValue,int,android.content.res.Resources$Theme)>",
						"<android.content.res.GradientColor: android.content.res.GradientColor createFromXmlInner(android.content.res.Resources,org.xmlpull.v1.XmlPullParser,android.util.AttributeSet,android.content.res.Resources$Theme)>"
					],
					"depth":7,
					"method":"<android.content.res.StringBlock: java.lang.CharSequence get(int)>",
					"source":"CALLER"
				},
				{
					"trace":[
						"<android.content.res.XmlBlock$Parser: int getAttributeListValue(int,java.lang.String[],int)>",
						"<android.content.res.StringBlock: java.lang.CharSequence get(int)>",
						"<android.content.res.StringBlock: java.lang.CharSequence applyStyles(java.lang.String,int[],android.content.res.StringBlock$StyleIDs)>",
						"<android.content.res.StringBlock: android.text.style.CharacterStyle getColor(java.lang.String,boolean)>",
						"<android.content.res.Resources: android.content.res.ColorStateList getColorStateList(int,android.content.res.Resources$Theme)>",
						"<android.content.res.ResourcesImpl: android.content.res.ColorStateList loadColorStateList(android.content.res.Resources,android.util.TypedValue,int,android.content.res.Resources$Theme)>",
						"<android.content.res.ResourcesImpl: android.content.res.ComplexColor loadComplexColorFromName(android.content.res.Resources,android.content.res.Resources$Theme,android.util.TypedValue,int)>",
						"<android.content.res.ResourcesImpl: android.content.res.ComplexColor loadComplexColorForCookie(android.content.res.Resources,android.util.TypedValue,int,android.content.res.Resources$Theme)>",
						"<android.content.res.GradientColor: android.content.res.GradientColor createFromXmlInner(android.content.res.Resources,org.xmlpull.v1.XmlPullParser,android.util.AttributeSet,android.content.res.Resources$Theme)>"
					],
					"depth":8,
					"method":"<android.content.res.XmlBlock$Parser: int getAttributeListValue(int,java.lang.String[],int)>",
					"source":"CALLER"
				},
				{
					"trace":[
						"<android.content.res.XmlBlock$Parser: java.lang.String getAttributeNamespace(int)>",
						"<android.content.res.StringBlock: java.lang.CharSequence get(int)>",
						"<android.content.res.StringBlock: java.lang.CharSequence applyStyles(java.lang.String,int[],android.content.res.StringBlock$StyleIDs)>",
						"<android.content.res.StringBlock: android.text.style.CharacterStyle getColor(java.lang.String,boolean)>",
						"<android.content.res.Resources: android.content.res.ColorStateList getColorStateList(int,android.content.res.Resources$Theme)>",
						"<android.content.res.ResourcesImpl: android.content.res.ColorStateList loadColorStateList(android.content.res.Resources,android.util.TypedValue,int,android.content.res.Resources$Theme)>",
						"<android.content.res.ResourcesImpl: android.content.res.ComplexColor loadComplexColorFromName(android.content.res.Resources,android.content.res.Resources$Theme,android.util.TypedValue,int)>",
						"<android.content.res.ResourcesImpl: android.content.res.ComplexColor loadComplexColorForCookie(android.content.res.Resources,android.util.TypedValue,int,android.content.res.Resources$Theme)>",
						"<android.content.res.GradientColor: android.content.res.GradientColor createFromXmlInner(android.content.res.Resources,org.xmlpull.v1.XmlPullParser,android.util.AttributeSet,android.content.res.Resources$Theme)>"
					],
					"depth":8,
					"method":"<android.content.res.XmlBlock$Parser: java.lang.String getAttributeNamespace(int)>",
					"source":"CALLER"
				},
				{
					"trace":[
						"<android.content.res.XmlResourceParser: java.lang.String getAttributeNamespace(int)>",
						"<android.content.res.StringBlock: java.lang.CharSequence get(int)>",
						"<android.content.res.StringBlock: java.lang.CharSequence applyStyles(java.lang.String,int[],android.content.res.StringBlock$StyleIDs)>",
						"<android.content.res.StringBlock: android.text.style.CharacterStyle getColor(java.lang.String,boolean)>",
						"<android.content.res.Resources: android.content.res.ColorStateList getColorStateList(int,android.content.res.Resources$Theme)>",
						"<android.content.res.ResourcesImpl: android.content.res.ColorStateList loadColorStateList(android.content.res.Resources,android.util.TypedValue,int,android.content.res.Resources$Theme)>",
						"<android.content.res.ResourcesImpl: android.content.res.ComplexColor loadComplexColorFromName(android.content.res.Resources,android.content.res.Resources$Theme,android.util.TypedValue,int)>",
						"<android.content.res.ResourcesImpl: android.content.res.ComplexColor loadComplexColorForCookie(android.content.res.Resources,android.util.TypedValue,int,android.content.res.Resources$Theme)>",
						"<android.content.res.GradientColor: android.content.res.GradientColor createFromXmlInner(android.content.res.Resources,org.xmlpull.v1.XmlPullParser,android.util.AttributeSet,android.content.res.Resources$Theme)>"
					],
					"depth":8,
					"method":"<android.content.res.XmlResourceParser: java.lang.String getAttributeNamespace(int)>",
					"source":"CALLER"
				},
				{
					"trace":[
						"<android.content.res.XmlBlock$Parser: java.lang.String getAttributeName(int)>",
						"<android.content.res.StringBlock: java.lang.CharSequence get(int)>",
						"<android.content.res.StringBlock: java.lang.CharSequence applyStyles(java.lang.String,int[],android.content.res.StringBlock$StyleIDs)>",
						"<android.content.res.StringBlock: android.text.style.CharacterStyle getColor(java.lang.String,boolean)>",
						"<android.content.res.Resources: android.content.res.ColorStateList getColorStateList(int,android.content.res.Resources$Theme)>",
						"<android.content.res.ResourcesImpl: android.content.res.ColorStateList loadColorStateList(android.content.res.Resources,android.util.TypedValue,int,android.content.res.Resources$Theme)>",
						"<android.content.res.ResourcesImpl: android.content.res.ComplexColor loadComplexColorFromName(android.content.res.Resources,android.content.res.Resources$Theme,android.util.TypedValue,int)>",
						"<android.content.res.ResourcesImpl: android.content.res.ComplexColor loadComplexColorForCookie(android.content.res.Resources,android.util.TypedValue,int,android.content.res.Resources$Theme)>",
						"<android.content.res.GradientColor: android.content.res.GradientColor createFromXmlInner(android.content.res.Resources,org.xmlpull.v1.XmlPullParser,android.util.AttributeSet,android.content.res.Resources$Theme)>"
					],
					"depth":8,
					"method":"<android.content.res.XmlBlock$Parser: java.lang.String getAttributeName(int)>",
					"source":"CALLER"
				},
				{
					"trace":[
						"<android.content.res.XmlBlock$Parser: java.lang.String getAttributeValue(int)>",
						"<android.content.res.StringBlock: java.lang.CharSequence get(int)>",
						"<android.content.res.StringBlock: java.lang.CharSequence applyStyles(java.lang.String,int[],android.content.res.StringBlock$StyleIDs)>",
						"<android.content.res.StringBlock: android.text.style.CharacterStyle getColor(java.lang.String,boolean)>",
						"<android.content.res.Resources: android.content.res.ColorStateList getColorStateList(int,android.content.res.Resources$Theme)>",
						"<android.content.res.ResourcesImpl: android.content.res.ColorStateList loadColorStateList(android.content.res.Resources,android.util.TypedValue,int,android.content.res.Resources$Theme)>",
						"<android.content.res.ResourcesImpl: android.content.res.ComplexColor loadComplexColorFromName(android.content.res.Resources,android.content.res.Resources$Theme,android.util.TypedValue,int)>",
						"<android.content.res.ResourcesImpl: android.content.res.ComplexColor loadComplexColorForCookie(android.content.res.Resources,android.util.TypedValue,int,android.content.res.Resources$Theme)>",
						"<android.content.res.GradientColor: android.content.res.GradientColor createFromXmlInner(android.content.res.Resources,org.xmlpull.v1.XmlPullParser,android.util.AttributeSet,android.content.res.Resources$Theme)>"
					],
					"depth":8,
					"method":"<android.content.res.XmlBlock$Parser: java.lang.String getAttributeValue(int)>",
					"source":"CALLER"
				}
			],
			"callerOfSingnlar2SourceVar":{
				"<android.content.res.GradientColor: android.content.res.GradientColor createFromXml(android.content.res.Resources,android.content.res.XmlResourceParser,android.content.res.Resources$Theme)>":"1",
				"<android.content.res.GradientColor: android.content.res.GradientColor createFromXmlInner(android.content.res.Resources,org.xmlpull.v1.XmlPullParser,android.util.AttributeSet,android.content.res.Resources$Theme)>":"1"
			}
		},
		{
			"method":"<android.content.res.GradientColor: void inflateChildElements(android.content.res.Resources,org.xmlpull.v1.XmlPullParser,android.util.AttributeSet,android.content.res.Resources$Theme)>",
			"message":"[\\s\\S]*",
			"relatedVarType":"ParaAndField",
			"relatedCondType":"Basic",
			"modifier":"private",
			"type":"java.lang.Throwable",
			"osVersionRelated":false,
			"resourceRelated":true,
			"assessRelated":false,
			"hardwareRelated":false,
			"manifestRelated":false,
			"conditions":"z1 == 0, $z0 != 0, $i5 > i1",
			"paramValues":"@parameter0: android.content.res.Resources, @parameter3: android.content.res.Resources$Theme, @parameter2: android.util.AttributeSet, @parameter1: org.xmlpull.v1.XmlPullParser",
			"fieldValues":"<com.android.internal.R$styleable: int[] GradientColorItem>",
			"relatedValues":"@parameter0: android.content.res.Resources, @parameter3: android.content.res.Resources$Theme, @parameter2: android.util.AttributeSet, @parameter1: org.xmlpull.v1.XmlPullParser; <com.android.internal.R$styleable: int[] GradientColorItem>; ",
			"keyAPISameClassNum":4,
			"keyAPIDiffClassNum":15,
			"keyAPISameClass":[
				{
					"trace":[
						"<android.content.res.ComplexColor: android.content.res.ComplexColor obtainForTheme(android.content.res.Resources$Theme)>",
						"<android.content.res.GradientColor: void applyTheme(android.content.res.Resources$Theme)>",
						"<android.content.res.GradientColor: void applyItemsAttrsTheme(android.content.res.Resources$Theme)>",
						"key field: <com.android.internal.R$styleable: int[] GradientColorItem>",
						"<android.content.res.GradientColor: void inflateChildElements(android.content.res.Resources,org.xmlpull.v1.XmlPullParser,android.util.AttributeSet,android.content.res.Resources$Theme)>"
					],
					"depth":3,
					"method":"<android.content.res.ComplexColor: android.content.res.ComplexColor obtainForTheme(android.content.res.Resources$Theme)>",
					"source":"FIELDCALLER"
				},
				{
					"trace":[
						"<android.content.res.GradientColor: android.content.res.GradientColor obtainForTheme(android.content.res.Resources$Theme)>",
						"<android.content.res.GradientColor: void applyTheme(android.content.res.Resources$Theme)>",
						"<android.content.res.GradientColor: void applyItemsAttrsTheme(android.content.res.Resources$Theme)>",
						"key field: <com.android.internal.R$styleable: int[] GradientColorItem>",
						"<android.content.res.GradientColor: void inflateChildElements(android.content.res.Resources,org.xmlpull.v1.XmlPullParser,android.util.AttributeSet,android.content.res.Resources$Theme)>"
					],
					"depth":3,
					"method":"<android.content.res.GradientColor: android.content.res.GradientColor obtainForTheme(android.content.res.Resources$Theme)>",
					"source":"FIELDCALLER"
				},
				{
					"trace":[
						"<android.content.res.GradientColor: android.content.res.GradientColor createFromXml(android.content.res.Resources,android.content.res.XmlResourceParser,android.content.res.Resources$Theme)>",
						"<android.content.res.GradientColor: android.content.res.GradientColor createFromXmlInner(android.content.res.Resources,org.xmlpull.v1.XmlPullParser,android.util.AttributeSet,android.content.res.Resources$Theme)>",
						"<android.content.res.GradientColor: void inflate(android.content.res.Resources,org.xmlpull.v1.XmlPullParser,android.util.AttributeSet,android.content.res.Resources$Theme)>",
						"<android.content.res.GradientColor: void inflateChildElements(android.content.res.Resources,org.xmlpull.v1.XmlPullParser,android.util.AttributeSet,android.content.res.Resources$Theme)>",
						"key field: <com.android.internal.R$styleable: int[] GradientColorItem>",
						"<android.content.res.GradientColor: void inflateChildElements(android.content.res.Resources,org.xmlpull.v1.XmlPullParser,android.util.AttributeSet,android.content.res.Resources$Theme)>"
					],
					"depth":4,
					"method":"<android.content.res.GradientColor: android.content.res.GradientColor createFromXml(android.content.res.Resources,android.content.res.XmlResourceParser,android.content.res.Resources$Theme)>",
					"source":"FIELDCALLER"
				},
				{
					"trace":[
						"<android.content.res.GradientColor: android.content.res.ComplexColor obtainForTheme(android.content.res.Resources$Theme)>",
						"<android.content.res.GradientColor: android.content.res.GradientColor obtainForTheme(android.content.res.Resources$Theme)>",
						"<android.content.res.GradientColor: void applyTheme(android.content.res.Resources$Theme)>",
						"<android.content.res.GradientColor: void applyItemsAttrsTheme(android.content.res.Resources$Theme)>",
						"key field: <com.android.internal.R$styleable: int[] GradientColorItem>",
						"<android.content.res.GradientColor: void inflateChildElements(android.content.res.Resources,org.xmlpull.v1.XmlPullParser,android.util.AttributeSet,android.content.res.Resources$Theme)>"
					],
					"depth":4,
					"method":"<android.content.res.GradientColor: android.content.res.ComplexColor obtainForTheme(android.content.res.Resources$Theme)>",
					"source":"FIELDCALLER"
				}
			],
			"keyAPIDiffClass":[
				{
					"trace":[
						"<android.content.res.GradientColor$GradientColorFactory: android.content.res.GradientColor newInstance(android.content.res.Resources,android.content.res.Resources$Theme)>",
						"<android.content.res.GradientColor: android.content.res.GradientColor obtainForTheme(android.content.res.Resources$Theme)>",
						"<android.content.res.GradientColor: void applyTheme(android.content.res.Resources$Theme)>",
						"<android.content.res.GradientColor: void applyItemsAttrsTheme(android.content.res.Resources$Theme)>",
						"key field: <com.android.internal.R$styleable: int[] GradientColorItem>",
						"<android.content.res.GradientColor: void inflateChildElements(android.content.res.Resources,org.xmlpull.v1.XmlPullParser,android.util.AttributeSet,android.content.res.Resources$Theme)>"
					],
					"depth":4,
					"method":"<android.content.res.GradientColor$GradientColorFactory: android.content.res.GradientColor newInstance(android.content.res.Resources,android.content.res.Resources$Theme)>",
					"source":"FIELDCALLER"
				},
				{
					"trace":[
						"<android.content.res.GradientColor$GradientColorFactory: java.lang.Object newInstance(android.content.res.Resources,android.content.res.Resources$Theme)>",
						"<android.content.res.GradientColor$GradientColorFactory: android.content.res.GradientColor newInstance(android.content.res.Resources,android.content.res.Resources$Theme)>",
						"<android.content.res.GradientColor: android.content.res.GradientColor obtainForTheme(android.content.res.Resources$Theme)>",
						"<android.content.res.GradientColor: void applyTheme(android.content.res.Resources$Theme)>",
						"<android.content.res.GradientColor: void applyItemsAttrsTheme(android.content.res.Resources$Theme)>",
						"key field: <com.android.internal.R$styleable: int[] GradientColorItem>",
						"<android.content.res.GradientColor: void inflateChildElements(android.content.res.Resources,org.xmlpull.v1.XmlPullParser,android.util.AttributeSet,android.content.res.Resources$Theme)>"
					],
					"depth":5,
					"method":"<android.content.res.GradientColor$GradientColorFactory: java.lang.Object newInstance(android.content.res.Resources,android.content.res.Resources$Theme)>",
					"source":"FIELDCALLER"
				},
				{
					"trace":[
						"<android.content.res.ConfigurationBoundResourceCache: java.lang.Object getInstance(long,android.content.res.Resources,android.content.res.Resources$Theme)>",
						"<android.content.res.GradientColor$GradientColorFactory: java.lang.Object newInstance(android.content.res.Resources,android.content.res.Resources$Theme)>",
						"<android.content.res.GradientColor$GradientColorFactory: android.content.res.GradientColor newInstance(android.content.res.Resources,android.content.res.Resources$Theme)>",
						"<android.content.res.GradientColor: android.content.res.GradientColor obtainForTheme(android.content.res.Resources$Theme)>",
						"<android.content.res.GradientColor: void applyTheme(android.content.res.Resources$Theme)>",
						"<android.content.res.GradientColor: void applyItemsAttrsTheme(android.content.res.Resources$Theme)>",
						"key field: <com.android.internal.R$styleable: int[] GradientColorItem>",
						"<android.content.res.GradientColor: void inflateChildElements(android.content.res.Resources,org.xmlpull.v1.XmlPullParser,android.util.AttributeSet,android.content.res.Resources$Theme)>"
					],
					"depth":6,
					"method":"<android.content.res.ConfigurationBoundResourceCache: java.lang.Object getInstance(long,android.content.res.Resources,android.content.res.Resources$Theme)>",
					"source":"FIELDCALLER"
				},
				{
					"trace":[
						"<android.content.res.Resources: android.content.res.ColorStateList getColorStateList(int,android.content.res.Resources$Theme)>",
						"<android.content.res.ResourcesImpl: android.content.res.ColorStateList loadColorStateList(android.content.res.Resources,android.util.TypedValue,int,android.content.res.Resources$Theme)>",
						"<android.content.res.ResourcesImpl: android.content.res.ComplexColor loadComplexColorFromName(android.content.res.Resources,android.content.res.Resources$Theme,android.util.TypedValue,int)>",
						"<android.content.res.ResourcesImpl: android.content.res.ComplexColor loadComplexColorForCookie(android.content.res.Resources,android.util.TypedValue,int,android.content.res.Resources$Theme)>",
						"<android.content.res.GradientColor: android.content.res.GradientColor createFromXmlInner(android.content.res.Resources,org.xmlpull.v1.XmlPullParser,android.util.AttributeSet,android.content.res.Resources$Theme)>",
						"<android.content.res.GradientColor: void inflate(android.content.res.Resources,org.xmlpull.v1.XmlPullParser,android.util.AttributeSet,android.content.res.Resources$Theme)>",
						"<android.content.res.GradientColor: void inflateChildElements(android.content.res.Resources,org.xmlpull.v1.XmlPullParser,android.util.AttributeSet,android.content.res.Resources$Theme)>",
						"key field: <com.android.internal.R$styleable: int[] GradientColorItem>",
						"<android.content.res.GradientColor: void inflateChildElements(android.content.res.Resources,org.xmlpull.v1.XmlPullParser,android.util.AttributeSet,android.content.res.Resources$Theme)>"
					],
					"depth":7,
					"method":"<android.content.res.Resources: android.content.res.ColorStateList getColorStateList(int,android.content.res.Resources$Theme)>",
					"source":"FIELDCALLER"
				},
				{
					"trace":[
						"<android.content.res.Resources: int getColor(int,android.content.res.Resources$Theme)>",
						"<android.content.res.ResourcesImpl: android.content.res.ColorStateList loadColorStateList(android.content.res.Resources,android.util.TypedValue,int,android.content.res.Resources$Theme)>",
						"<android.content.res.ResourcesImpl: android.content.res.ComplexColor loadComplexColorFromName(android.content.res.Resources,android.content.res.Resources$Theme,android.util.TypedValue,int)>",
						"<android.content.res.ResourcesImpl: android.content.res.ComplexColor loadComplexColorForCookie(android.content.res.Resources,android.util.TypedValue,int,android.content.res.Resources$Theme)>",
						"<android.content.res.GradientColor: android.content.res.GradientColor createFromXmlInner(android.content.res.Resources,org.xmlpull.v1.XmlPullParser,android.util.AttributeSet,android.content.res.Resources$Theme)>",
						"<android.content.res.GradientColor: void inflate(android.content.res.Resources,org.xmlpull.v1.XmlPullParser,android.util.AttributeSet,android.content.res.Resources$Theme)>",
						"<android.content.res.GradientColor: void inflateChildElements(android.content.res.Resources,org.xmlpull.v1.XmlPullParser,android.util.AttributeSet,android.content.res.Resources$Theme)>",
						"key field: <com.android.internal.R$styleable: int[] GradientColorItem>",
						"<android.content.res.GradientColor: void inflateChildElements(android.content.res.Resources,org.xmlpull.v1.XmlPullParser,android.util.AttributeSet,android.content.res.Resources$Theme)>"
					],
					"depth":7,
					"method":"<android.content.res.Resources: int getColor(int,android.content.res.Resources$Theme)>",
					"source":"FIELDCALLER"
				},
				{
					"trace":[
						"<android.content.res.Resources: android.content.res.ComplexColor loadComplexColor(android.util.TypedValue,int,android.content.res.Resources$Theme)>",
						"<android.content.res.ResourcesImpl: android.content.res.ComplexColor loadComplexColor(android.content.res.Resources,android.util.TypedValue,int,android.content.res.Resources$Theme)>",
						"<android.content.res.ResourcesImpl: android.content.res.ComplexColor loadComplexColorFromName(android.content.res.Resources,android.content.res.Resources$Theme,android.util.TypedValue,int)>",
						"<android.content.res.ResourcesImpl: android.content.res.ComplexColor loadComplexColorForCookie(android.content.res.Resources,android.util.TypedValue,int,android.content.res.Resources$Theme)>",
						"<android.content.res.GradientColor: android.content.res.GradientColor createFromXmlInner(android.content.res.Resources,org.xmlpull.v1.XmlPullParser,android.util.AttributeSet,android.content.res.Resources$Theme)>",
						"<android.content.res.GradientColor: void inflate(android.content.res.Resources,org.xmlpull.v1.XmlPullParser,android.util.AttributeSet,android.content.res.Resources$Theme)>",
						"<android.content.res.GradientColor: void inflateChildElements(android.content.res.Resources,org.xmlpull.v1.XmlPullParser,android.util.AttributeSet,android.content.res.Resources$Theme)>",
						"key field: <com.android.internal.R$styleable: int[] GradientColorItem>",
						"<android.content.res.GradientColor: void inflateChildElements(android.content.res.Resources,org.xmlpull.v1.XmlPullParser,android.util.AttributeSet,android.content.res.Resources$Theme)>"
					],
					"depth":7,
					"method":"<android.content.res.Resources: android.content.res.ComplexColor loadComplexColor(android.util.TypedValue,int,android.content.res.Resources$Theme)>",
					"source":"FIELDCALLER"
				},
				{
					"trace":[
						"<android.content.res.CompatResources: android.content.res.ColorStateList getColorStateList(int)>",
						"<android.content.res.Resources: android.content.res.ColorStateList getColorStateList(int,android.content.res.Resources$Theme)>",
						"<android.content.res.ResourcesImpl: android.content.res.ColorStateList loadColorStateList(android.content.res.Resources,android.util.TypedValue,int,android.content.res.Resources$Theme)>",
						"<android.content.res.ResourcesImpl: android.content.res.ComplexColor loadComplexColorFromName(android.content.res.Resources,android.content.res.Resources$Theme,android.util.TypedValue,int)>",
						"<android.content.res.ResourcesImpl: android.content.res.ComplexColor loadComplexColorForCookie(android.content.res.Resources,android.util.TypedValue,int,android.content.res.Resources$Theme)>",
						"<android.content.res.GradientColor: android.content.res.GradientColor createFromXmlInner(android.content.res.Resources,org.xmlpull.v1.XmlPullParser,android.util.AttributeSet,android.content.res.Resources$Theme)>",
						"<android.content.res.GradientColor: void inflate(android.content.res.Resources,org.xmlpull.v1.XmlPullParser,android.util.AttributeSet,android.content.res.Resources$Theme)>",
						"<android.content.res.GradientColor: void inflateChildElements(android.content.res.Resources,org.xmlpull.v1.XmlPullParser,android.util.AttributeSet,android.content.res.Resources$Theme)>",
						"key field: <com.android.internal.R$styleable: int[] GradientColorItem>",
						"<android.content.res.GradientColor: void inflateChildElements(android.content.res.Resources,org.xmlpull.v1.XmlPullParser,android.util.AttributeSet,android.content.res.Resources$Theme)>"
					],
					"depth":8,
					"method":"<android.content.res.CompatResources: android.content.res.ColorStateList getColorStateList(int)>",
					"source":"FIELDCALLER"
				},
				{
					"trace":[
						"<android.content.res.Resources: android.content.res.ColorStateList getColorStateList(int)>",
						"<android.content.res.Resources: android.content.res.ColorStateList getColorStateList(int,android.content.res.Resources$Theme)>",
						"<android.content.res.ResourcesImpl: android.content.res.ColorStateList loadColorStateList(android.content.res.Resources,android.util.TypedValue,int,android.content.res.Resources$Theme)>",
						"<android.content.res.ResourcesImpl: android.content.res.ComplexColor loadComplexColorFromName(android.content.res.Resources,android.content.res.Resources$Theme,android.util.TypedValue,int)>",
						"<android.content.res.ResourcesImpl: android.content.res.ComplexColor loadComplexColorForCookie(android.content.res.Resources,android.util.TypedValue,int,android.content.res.Resources$Theme)>",
						"<android.content.res.GradientColor: android.content.res.GradientColor createFromXmlInner(android.content.res.Resources,org.xmlpull.v1.XmlPullParser,android.util.AttributeSet,android.content.res.Resources$Theme)>",
						"<android.content.res.GradientColor: void inflate(android.content.res.Resources,org.xmlpull.v1.XmlPullParser,android.util.AttributeSet,android.content.res.Resources$Theme)>",
						"<android.content.res.GradientColor: void inflateChildElements(android.content.res.Resources,org.xmlpull.v1.XmlPullParser,android.util.AttributeSet,android.content.res.Resources$Theme)>",
						"key field: <com.android.internal.R$styleable: int[] GradientColorItem>",
						"<android.content.res.GradientColor: void inflateChildElements(android.content.res.Resources,org.xmlpull.v1.XmlPullParser,android.util.AttributeSet,android.content.res.Resources$Theme)>"
					],
					"depth":8,
					"method":"<android.content.res.Resources: android.content.res.ColorStateList getColorStateList(int)>",
					"source":"FIELDCALLER"
				},
				{
					"trace":[
						"<android.content.Context: android.content.res.ColorStateList getColorStateList(int)>",
						"<android.content.res.Resources: android.content.res.ColorStateList getColorStateList(int,android.content.res.Resources$Theme)>",
						"<android.content.res.ResourcesImpl: android.content.res.ColorStateList loadColorStateList(android.content.res.Resources,android.util.TypedValue,int,android.content.res.Resources$Theme)>",
						"<android.content.res.ResourcesImpl: android.content.res.ComplexColor loadComplexColorFromName(android.content.res.Resources,android.content.res.Resources$Theme,android.util.TypedValue,int)>",
						"<android.content.res.ResourcesImpl: android.content.res.ComplexColor loadComplexColorForCookie(android.content.res.Resources,android.util.TypedValue,int,android.content.res.Resources$Theme)>",
						"<android.content.res.GradientColor: android.content.res.GradientColor createFromXmlInner(android.content.res.Resources,org.xmlpull.v1.XmlPullParser,android.util.AttributeSet,android.content.res.Resources$Theme)>",
						"<android.content.res.GradientColor: void inflate(android.content.res.Resources,org.xmlpull.v1.XmlPullParser,android.util.AttributeSet,android.content.res.Resources$Theme)>",
						"<android.content.res.GradientColor: void inflateChildElements(android.content.res.Resources,org.xmlpull.v1.XmlPullParser,android.util.AttributeSet,android.content.res.Resources$Theme)>",
						"key field: <com.android.internal.R$styleable: int[] GradientColorItem>",
						"<android.content.res.GradientColor: void inflateChildElements(android.content.res.Resources,org.xmlpull.v1.XmlPullParser,android.util.AttributeSet,android.content.res.Resources$Theme)>"
					],
					"depth":8,
					"method":"<android.content.Context: android.content.res.ColorStateList getColorStateList(int)>",
					"source":"FIELDCALLER"
				},
				{
					"trace":[
						"<android.content.res.CompatResources: int getColor(int)>",
						"<android.content.res.Resources: int getColor(int,android.content.res.Resources$Theme)>",
						"<android.content.res.ResourcesImpl: android.content.res.ColorStateList loadColorStateList(android.content.res.Resources,android.util.TypedValue,int,android.content.res.Resources$Theme)>",
						"<android.content.res.ResourcesImpl: android.content.res.ComplexColor loadComplexColorFromName(android.content.res.Resources,android.content.res.Resources$Theme,android.util.TypedValue,int)>",
						"<android.content.res.ResourcesImpl: android.content.res.ComplexColor loadComplexColorForCookie(android.content.res.Resources,android.util.TypedValue,int,android.content.res.Resources$Theme)>",
						"<android.content.res.GradientColor: android.content.res.GradientColor createFromXmlInner(android.content.res.Resources,org.xmlpull.v1.XmlPullParser,android.util.AttributeSet,android.content.res.Resources$Theme)>",
						"<android.content.res.GradientColor: void inflate(android.content.res.Resources,org.xmlpull.v1.XmlPullParser,android.util.AttributeSet,android.content.res.Resources$Theme)>",
						"<android.content.res.GradientColor: void inflateChildElements(android.content.res.Resources,org.xmlpull.v1.XmlPullParser,android.util.AttributeSet,android.content.res.Resources$Theme)>",
						"key field: <com.android.internal.R$styleable: int[] GradientColorItem>",
						"<android.content.res.GradientColor: void inflateChildElements(android.content.res.Resources,org.xmlpull.v1.XmlPullParser,android.util.AttributeSet,android.content.res.Resources$Theme)>"
					],
					"depth":8,
					"method":"<android.content.res.CompatResources: int getColor(int)>",
					"source":"FIELDCALLER"
				},
				{
					"trace":[
						"<android.content.res.Resources: int getColor(int)>",
						"<android.content.res.Resources: int getColor(int,android.content.res.Resources$Theme)>",
						"<android.content.res.ResourcesImpl: android.content.res.ColorStateList loadColorStateList(android.content.res.Resources,android.util.TypedValue,int,android.content.res.Resources$Theme)>",
						"<android.content.res.ResourcesImpl: android.content.res.ComplexColor loadComplexColorFromName(android.content.res.Resources,android.content.res.Resources$Theme,android.util.TypedValue,int)>",
						"<android.content.res.ResourcesImpl: android.content.res.ComplexColor loadComplexColorForCookie(android.content.res.Resources,android.util.TypedValue,int,android.content.res.Resources$Theme)>",
						"<android.content.res.GradientColor: android.content.res.GradientColor createFromXmlInner(android.content.res.Resources,org.xmlpull.v1.XmlPullParser,android.util.AttributeSet,android.content.res.Resources$Theme)>",
						"<android.content.res.GradientColor: void inflate(android.content.res.Resources,org.xmlpull.v1.XmlPullParser,android.util.AttributeSet,android.content.res.Resources$Theme)>",
						"<android.content.res.GradientColor: void inflateChildElements(android.content.res.Resources,org.xmlpull.v1.XmlPullParser,android.util.AttributeSet,android.content.res.Resources$Theme)>",
						"key field: <com.android.internal.R$styleable: int[] GradientColorItem>",
						"<android.content.res.GradientColor: void inflateChildElements(android.content.res.Resources,org.xmlpull.v1.XmlPullParser,android.util.AttributeSet,android.content.res.Resources$Theme)>"
					],
					"depth":8,
					"method":"<android.content.res.Resources: int getColor(int)>",
					"source":"FIELDCALLER"
				},
				{
					"trace":[
						"<android.content.Context: int getColor(int)>",
						"<android.content.res.Resources: int getColor(int,android.content.res.Resources$Theme)>",
						"<android.content.res.ResourcesImpl: android.content.res.ColorStateList loadColorStateList(android.content.res.Resources,android.util.TypedValue,int,android.content.res.Resources$Theme)>",
						"<android.content.res.ResourcesImpl: android.content.res.ComplexColor loadComplexColorFromName(android.content.res.Resources,android.content.res.Resources$Theme,android.util.TypedValue,int)>",
						"<android.content.res.ResourcesImpl: android.content.res.ComplexColor loadComplexColorForCookie(android.content.res.Resources,android.util.TypedValue,int,android.content.res.Resources$Theme)>",
						"<android.content.res.GradientColor: android.content.res.GradientColor createFromXmlInner(android.content.res.Resources,org.xmlpull.v1.XmlPullParser,android.util.AttributeSet,android.content.res.Resources$Theme)>",
						"<android.content.res.GradientColor: void inflate(android.content.res.Resources,org.xmlpull.v1.XmlPullParser,android.util.AttributeSet,android.content.res.Resources$Theme)>",
						"<android.content.res.GradientColor: void inflateChildElements(android.content.res.Resources,org.xmlpull.v1.XmlPullParser,android.util.AttributeSet,android.content.res.Resources$Theme)>",
						"key field: <com.android.internal.R$styleable: int[] GradientColorItem>",
						"<android.content.res.GradientColor: void inflateChildElements(android.content.res.Resources,org.xmlpull.v1.XmlPullParser,android.util.AttributeSet,android.content.res.Resources$Theme)>"
					],
					"depth":8,
					"method":"<android.content.Context: int getColor(int)>",
					"source":"FIELDCALLER"
				},
				{
					"trace":[
						"<android.content.res.TypedArray: int getColor(int,int)>",
						"<android.content.res.Resources: android.content.res.ColorStateList loadColorStateList(android.util.TypedValue,int,android.content.res.Resources$Theme)>",
						"<android.content.res.ResourcesImpl: android.content.res.ColorStateList loadColorStateList(android.content.res.Resources,android.util.TypedValue,int,android.content.res.Resources$Theme)>",
						"<android.content.res.ResourcesImpl: android.content.res.ComplexColor loadComplexColorFromName(android.content.res.Resources,android.content.res.Resources$Theme,android.util.TypedValue,int)>",
						"<android.content.res.ResourcesImpl: android.content.res.ComplexColor loadComplexColorForCookie(android.content.res.Resources,android.util.TypedValue,int,android.content.res.Resources$Theme)>",
						"<android.content.res.GradientColor: android.content.res.GradientColor createFromXmlInner(android.content.res.Resources,org.xmlpull.v1.XmlPullParser,android.util.AttributeSet,android.content.res.Resources$Theme)>",
						"<android.content.res.GradientColor: void inflate(android.content.res.Resources,org.xmlpull.v1.XmlPullParser,android.util.AttributeSet,android.content.res.Resources$Theme)>",
						"<android.content.res.GradientColor: void inflateChildElements(android.content.res.Resources,org.xmlpull.v1.XmlPullParser,android.util.AttributeSet,android.content.res.Resources$Theme)>",
						"key field: <com.android.internal.R$styleable: int[] GradientColorItem>",
						"<android.content.res.GradientColor: void inflateChildElements(android.content.res.Resources,org.xmlpull.v1.XmlPullParser,android.util.AttributeSet,android.content.res.Resources$Theme)>"
					],
					"depth":8,
					"method":"<android.content.res.TypedArray: int getColor(int,int)>",
					"source":"FIELDCALLER"
				},
				{
					"trace":[
						"<android.content.res.TypedArray: android.content.res.ColorStateList getColorStateList(int)>",
						"<android.content.res.Resources: android.content.res.ColorStateList loadColorStateList(android.util.TypedValue,int,android.content.res.Resources$Theme)>",
						"<android.content.res.ResourcesImpl: android.content.res.ColorStateList loadColorStateList(android.content.res.Resources,android.util.TypedValue,int,android.content.res.Resources$Theme)>",
						"<android.content.res.ResourcesImpl: android.content.res.ComplexColor loadComplexColorFromName(android.content.res.Resources,android.content.res.Resources$Theme,android.util.TypedValue,int)>",
						"<android.content.res.ResourcesImpl: android.content.res.ComplexColor loadComplexColorForCookie(android.content.res.Resources,android.util.TypedValue,int,android.content.res.Resources$Theme)>",
						"<android.content.res.GradientColor: android.content.res.GradientColor createFromXmlInner(android.content.res.Resources,org.xmlpull.v1.XmlPullParser,android.util.AttributeSet,android.content.res.Resources$Theme)>",
						"<android.content.res.GradientColor: void inflate(android.content.res.Resources,org.xmlpull.v1.XmlPullParser,android.util.AttributeSet,android.content.res.Resources$Theme)>",
						"<android.content.res.GradientColor: void inflateChildElements(android.content.res.Resources,org.xmlpull.v1.XmlPullParser,android.util.AttributeSet,android.content.res.Resources$Theme)>",
						"key field: <com.android.internal.R$styleable: int[] GradientColorItem>",
						"<android.content.res.GradientColor: void inflateChildElements(android.content.res.Resources,org.xmlpull.v1.XmlPullParser,android.util.AttributeSet,android.content.res.Resources$Theme)>"
					],
					"depth":8,
					"method":"<android.content.res.TypedArray: android.content.res.ColorStateList getColorStateList(int)>",
					"source":"FIELDCALLER"
				},
				{
					"trace":[
						"<android.content.res.TypedArray: android.content.res.ComplexColor getComplexColor(int)>",
						"<android.content.res.Resources: android.content.res.ComplexColor loadComplexColor(android.util.TypedValue,int,android.content.res.Resources$Theme)>",
						"<android.content.res.ResourcesImpl: android.content.res.ComplexColor loadComplexColor(android.content.res.Resources,android.util.TypedValue,int,android.content.res.Resources$Theme)>",
						"<android.content.res.ResourcesImpl: android.content.res.ComplexColor loadComplexColorFromName(android.content.res.Resources,android.content.res.Resources$Theme,android.util.TypedValue,int)>",
						"<android.content.res.ResourcesImpl: android.content.res.ComplexColor loadComplexColorForCookie(android.content.res.Resources,android.util.TypedValue,int,android.content.res.Resources$Theme)>",
						"<android.content.res.GradientColor: android.content.res.GradientColor createFromXmlInner(android.content.res.Resources,org.xmlpull.v1.XmlPullParser,android.util.AttributeSet,android.content.res.Resources$Theme)>",
						"<android.content.res.GradientColor: void inflate(android.content.res.Resources,org.xmlpull.v1.XmlPullParser,android.util.AttributeSet,android.content.res.Resources$Theme)>",
						"<android.content.res.GradientColor: void inflateChildElements(android.content.res.Resources,org.xmlpull.v1.XmlPullParser,android.util.AttributeSet,android.content.res.Resources$Theme)>",
						"key field: <com.android.internal.R$styleable: int[] GradientColorItem>",
						"<android.content.res.GradientColor: void inflateChildElements(android.content.res.Resources,org.xmlpull.v1.XmlPullParser,android.util.AttributeSet,android.content.res.Resources$Theme)>"
					],
					"depth":8,
					"method":"<android.content.res.TypedArray: android.content.res.ComplexColor getComplexColor(int)>",
					"source":"FIELDCALLER"
				}
			],
			"callerOfSingnlar2SourceVar":{
				"<android.content.res.ResourcesImpl: android.content.res.ComplexColor loadComplexColor(android.content.res.Resources,android.util.TypedValue,int,android.content.res.Resources$Theme)>":"0, 3",
				"<android.content.res.ResourcesImpl: android.content.res.ColorStateList loadColorStateList(android.content.res.Resources,android.util.TypedValue,int,android.content.res.Resources$Theme)>":"0, 3",
				"<android.content.res.ResourcesImpl: android.content.res.ComplexColor loadComplexColorFromName(android.content.res.Resources,android.content.res.Resources$Theme,android.util.TypedValue,int)>":"0, 1",
				"<android.content.res.GradientColor: void inflateChildElements(android.content.res.Resources,org.xmlpull.v1.XmlPullParser,android.util.AttributeSet,android.content.res.Resources$Theme)>":"0, 3, 2, 1",
				"<android.content.res.GradientColor: void inflate(android.content.res.Resources,org.xmlpull.v1.XmlPullParser,android.util.AttributeSet,android.content.res.Resources$Theme)>":"0, 3, 2, 1",
				"<android.content.res.GradientColor: android.content.res.GradientColor createFromXml(android.content.res.Resources,android.content.res.XmlResourceParser,android.content.res.Resources$Theme)>":"0, 2, 1",
				"<android.content.res.GradientColor: android.content.res.GradientColor createFromXmlInner(android.content.res.Resources,org.xmlpull.v1.XmlPullParser,android.util.AttributeSet,android.content.res.Resources$Theme)>":"0, 3, 2, 1",
				"<android.content.res.ResourcesImpl: android.content.res.ComplexColor loadComplexColorForCookie(android.content.res.Resources,android.util.TypedValue,int,android.content.res.Resources$Theme)>":"0, 3"
			}
		}
	]
}