{
	"exceptions":[
		{
			"method":"<android.app.Notification$Style: void checkBuilder()>",
			"message":"\\QStyle requires a valid Builder object\\E",
			"relatedVarType":"Field",
			"relatedCondType":"Basic",
			"modifier":"protected",
			"type":"java.lang.IllegalArgumentException",
			"osVersionRelated":false,
			"resourceRelated":false,
			"assessRelated":false,
			"hardwareRelated":false,
			"manifestRelated":false,
			"conditions":"$r1 != null",
			"fieldValues":"<android.app.Notification$Style: android.app.Notification$Builder mBuilder>",
			"relatedValues":"; <android.app.Notification$Style: android.app.Notification$Builder mBuilder>; ",
			"keyAPISameClassNum":2,
			"keyAPIDiffClassNum":28,
			"keyAPISameClass":[
				{
					"trace":[
						"<android.app.Notification$Style: void checkBuilder()>"
					],
					"depth":1,
					"method":"<android.app.Notification$Style: void setBuilder(android.app.Notification$Builder)>",
					"source":"FIELD"
				},
				{
					"trace":[
						"<android.app.Notification$Style: android.app.Notification build()>",
						"<android.app.Notification$Builder: android.app.Notification build()>",
						"<android.app.Notification$Builder: android.widget.RemoteViews createBigContentView()>",
						"<android.app.Notification$BigPictureStyle: android.widget.RemoteViews makeBigContentView()>",
						"<android.app.Notification$Style: android.widget.RemoteViews getStandardView(int,android.app.Notification$TemplateBindResult)>",
						"key field: <android.app.Notification$Style: android.app.Notification$Builder mBuilder>",
						"<android.app.Notification$Style: void checkBuilder()>"
					],
					"depth":5,
					"method":"<android.app.Notification$Style: android.app.Notification build()>",
					"source":"FIELDCALLER"
				}
			],
			"keyAPIDiffClass":[
				{
					"trace":[
						"<android.app.Notification$Builder: android.app.Notification$Builder setStyle(android.app.Notification$Style)>",
						"<android.app.Notification$Style: void setBuilder(android.app.Notification$Builder)>",
						"key field: <android.app.Notification$Style: android.app.Notification$Builder mBuilder>",
						"<android.app.Notification$Style: void checkBuilder()>"
					],
					"depth":2,
					"method":"<android.app.Notification$Builder: android.app.Notification$Builder setStyle(android.app.Notification$Style)>",
					"source":"FIELDCALLER"
				},
				{
					"trace":[
						"<android.app.Notification$MediaStyle: void <init>(android.app.Notification$Builder)>",
						"<android.app.Notification$Style: void setBuilder(android.app.Notification$Builder)>",
						"key field: <android.app.Notification$Style: android.app.Notification$Builder mBuilder>",
						"<android.app.Notification$Style: void checkBuilder()>"
					],
					"depth":2,
					"method":"<android.app.Notification$MediaStyle: void <init>(android.app.Notification$Builder)>",
					"source":"FIELDCALLER"
				},
				{
					"trace":[
						"<android.app.Notification$BigPictureStyle: void <init>(android.app.Notification$Builder)>",
						"<android.app.Notification$Style: void setBuilder(android.app.Notification$Builder)>",
						"key field: <android.app.Notification$Style: android.app.Notification$Builder mBuilder>",
						"<android.app.Notification$Style: void checkBuilder()>"
					],
					"depth":2,
					"method":"<android.app.Notification$BigPictureStyle: void <init>(android.app.Notification$Builder)>",
					"source":"FIELDCALLER"
				},
				{
					"trace":[
						"<android.app.Notification$BigTextStyle: void <init>(android.app.Notification$Builder)>",
						"<android.app.Notification$Style: void setBuilder(android.app.Notification$Builder)>",
						"key field: <android.app.Notification$Style: android.app.Notification$Builder mBuilder>",
						"<android.app.Notification$Style: void checkBuilder()>"
					],
					"depth":2,
					"method":"<android.app.Notification$BigTextStyle: void <init>(android.app.Notification$Builder)>",
					"source":"FIELDCALLER"
				},
				{
					"trace":[
						"<android.app.Notification$InboxStyle: void <init>(android.app.Notification$Builder)>",
						"<android.app.Notification$Style: void setBuilder(android.app.Notification$Builder)>",
						"key field: <android.app.Notification$Style: android.app.Notification$Builder mBuilder>",
						"<android.app.Notification$Style: void checkBuilder()>"
					],
					"depth":2,
					"method":"<android.app.Notification$InboxStyle: void <init>(android.app.Notification$Builder)>",
					"source":"FIELDCALLER"
				},
				{
					"trace":[
						"<android.app.Notification$BigPictureStyle: android.widget.RemoteViews makeBigContentView()>",
						"<android.app.Notification$Style: android.widget.RemoteViews getStandardView(int,android.app.Notification$TemplateBindResult)>",
						"key field: <android.app.Notification$Style: android.app.Notification$Builder mBuilder>",
						"<android.app.Notification$Style: void checkBuilder()>"
					],
					"depth":2,
					"method":"<android.app.Notification$BigPictureStyle: android.widget.RemoteViews makeBigContentView()>",
					"source":"FIELDCALLER"
				},
				{
					"trace":[
						"<android.app.Notification$InboxStyle: android.widget.RemoteViews makeBigContentView()>",
						"<android.app.Notification$Style: android.widget.RemoteViews getStandardView(int,android.app.Notification$TemplateBindResult)>",
						"key field: <android.app.Notification$Style: android.app.Notification$Builder mBuilder>",
						"<android.app.Notification$Style: void checkBuilder()>"
					],
					"depth":2,
					"method":"<android.app.Notification$InboxStyle: android.widget.RemoteViews makeBigContentView()>",
					"source":"FIELDCALLER"
				},
				{
					"trace":[
						"<android.app.Notification$BigTextStyle: android.widget.RemoteViews makeBigContentView()>",
						"<android.app.Notification$Style: android.widget.RemoteViews getStandardView(int,android.app.Notification$TemplateBindResult)>",
						"key field: <android.app.Notification$Style: android.app.Notification$Builder mBuilder>",
						"<android.app.Notification$Style: void checkBuilder()>"
					],
					"depth":2,
					"method":"<android.app.Notification$BigTextStyle: android.widget.RemoteViews makeBigContentView()>",
					"source":"FIELDCALLER"
				},
				{
					"trace":[
						"<android.app.Notification$Builder: void <init>(android.content.Context,android.app.Notification)>",
						"<android.app.Notification$Builder: android.app.Notification$Builder setStyle(android.app.Notification$Style)>",
						"<android.app.Notification$Style: void setBuilder(android.app.Notification$Builder)>",
						"key field: <android.app.Notification$Style: android.app.Notification$Builder mBuilder>",
						"<android.app.Notification$Style: void checkBuilder()>"
					],
					"depth":3,
					"method":"<android.app.Notification$Builder: void <init>(android.content.Context,android.app.Notification)>",
					"source":"FIELDCALLER"
				},
				{
					"trace":[
						"<android.app.Notification$Builder: android.widget.RemoteViews createBigContentView()>",
						"<android.app.Notification$BigPictureStyle: android.widget.RemoteViews makeBigContentView()>",
						"<android.app.Notification$Style: android.widget.RemoteViews getStandardView(int,android.app.Notification$TemplateBindResult)>",
						"key field: <android.app.Notification$Style: android.app.Notification$Builder mBuilder>",
						"<android.app.Notification$Style: void checkBuilder()>"
					],
					"depth":3,
					"method":"<android.app.Notification$Builder: android.widget.RemoteViews createBigContentView()>",
					"source":"FIELDCALLER"
				},
				{
					"trace":[
						"<android.app.Notification$BigTextStyle: android.widget.RemoteViews makeHeadsUpContentView(boolean)>",
						"<android.app.Notification$BigTextStyle: android.widget.RemoteViews makeBigContentView()>",
						"<android.app.Notification$Style: android.widget.RemoteViews getStandardView(int,android.app.Notification$TemplateBindResult)>",
						"key field: <android.app.Notification$Style: android.app.Notification$Builder mBuilder>",
						"<android.app.Notification$Style: void checkBuilder()>"
					],
					"depth":3,
					"method":"<android.app.Notification$BigTextStyle: android.widget.RemoteViews makeHeadsUpContentView(boolean)>",
					"source":"FIELDCALLER"
				},
				{
					"trace":[
						"<android.app.Notification$BigTextStyle: android.widget.RemoteViews makeContentView(boolean)>",
						"<android.app.Notification$BigTextStyle: android.widget.RemoteViews makeBigContentView()>",
						"<android.app.Notification$Style: android.widget.RemoteViews getStandardView(int,android.app.Notification$TemplateBindResult)>",
						"key field: <android.app.Notification$Style: android.app.Notification$Builder mBuilder>",
						"<android.app.Notification$Style: void checkBuilder()>"
					],
					"depth":3,
					"method":"<android.app.Notification$BigTextStyle: android.widget.RemoteViews makeContentView(boolean)>",
					"source":"FIELDCALLER"
				},
				{
					"trace":[
						"<android.app.Notification$Builder: android.app.Notification$Builder recoverBuilder(android.content.Context,android.app.Notification)>",
						"<android.app.Notification$Builder: void <init>(android.content.Context,android.app.Notification)>",
						"<android.app.Notification$Builder: android.app.Notification$Builder setStyle(android.app.Notification$Style)>",
						"<android.app.Notification$Style: void setBuilder(android.app.Notification$Builder)>",
						"key field: <android.app.Notification$Style: android.app.Notification$Builder mBuilder>",
						"<android.app.Notification$Style: void checkBuilder()>"
					],
					"depth":4,
					"method":"<android.app.Notification$Builder: android.app.Notification$Builder recoverBuilder(android.content.Context,android.app.Notification)>",
					"source":"FIELDCALLER"
				},
				{
					"trace":[
						"<android.app.Notification: void setLatestEventInfo(android.content.Context,java.lang.CharSequence,java.lang.CharSequence,android.app.PendingIntent)>",
						"<android.app.Notification$Builder: void <init>(android.content.Context,android.app.Notification)>",
						"<android.app.Notification$Builder: android.app.Notification$Builder setStyle(android.app.Notification$Style)>",
						"<android.app.Notification$Style: void setBuilder(android.app.Notification$Builder)>",
						"key field: <android.app.Notification$Style: android.app.Notification$Builder mBuilder>",
						"<android.app.Notification$Style: void checkBuilder()>"
					],
					"depth":4,
					"method":"<android.app.Notification: void setLatestEventInfo(android.content.Context,java.lang.CharSequence,java.lang.CharSequence,android.app.PendingIntent)>",
					"source":"FIELDCALLER"
				},
				{
					"trace":[
						"<android.app.Notification$Builder: void <init>(android.content.Context)>",
						"<android.app.Notification$Builder: void <init>(android.content.Context,android.app.Notification)>",
						"<android.app.Notification$Builder: android.app.Notification$Builder setStyle(android.app.Notification$Style)>",
						"<android.app.Notification$Style: void setBuilder(android.app.Notification$Builder)>",
						"key field: <android.app.Notification$Style: android.app.Notification$Builder mBuilder>",
						"<android.app.Notification$Style: void checkBuilder()>"
					],
					"depth":4,
					"method":"<android.app.Notification$Builder: void <init>(android.content.Context)>",
					"source":"FIELDCALLER"
				},
				{
					"trace":[
						"<android.app.Notification$Builder: void <init>(android.content.Context,java.lang.String)>",
						"<android.app.Notification$Builder: void <init>(android.content.Context,android.app.Notification)>",
						"<android.app.Notification$Builder: android.app.Notification$Builder setStyle(android.app.Notification$Style)>",
						"<android.app.Notification$Style: void setBuilder(android.app.Notification$Builder)>",
						"key field: <android.app.Notification$Style: android.app.Notification$Builder mBuilder>",
						"<android.app.Notification$Style: void checkBuilder()>"
					],
					"depth":4,
					"method":"<android.app.Notification$Builder: void <init>(android.content.Context,java.lang.String)>",
					"source":"FIELDCALLER"
				},
				{
					"trace":[
						"<android.app.Notification$Builder: android.app.Notification build()>",
						"<android.app.Notification$Builder: android.widget.RemoteViews createBigContentView()>",
						"<android.app.Notification$BigPictureStyle: android.widget.RemoteViews makeBigContentView()>",
						"<android.app.Notification$Style: android.widget.RemoteViews getStandardView(int,android.app.Notification$TemplateBindResult)>",
						"key field: <android.app.Notification$Style: android.app.Notification$Builder mBuilder>",
						"<android.app.Notification$Style: void checkBuilder()>"
					],
					"depth":4,
					"method":"<android.app.Notification$Builder: android.app.Notification build()>",
					"source":"FIELDCALLER"
				},
				{
					"trace":[
						"<android.app.Notification$Builder: android.widget.RemoteViews createHeadsUpContentView(boolean)>",
						"<android.app.Notification$BigTextStyle: android.widget.RemoteViews makeHeadsUpContentView(boolean)>",
						"<android.app.Notification$BigTextStyle: android.widget.RemoteViews makeBigContentView()>",
						"<android.app.Notification$Style: android.widget.RemoteViews getStandardView(int,android.app.Notification$TemplateBindResult)>",
						"key field: <android.app.Notification$Style: android.app.Notification$Builder mBuilder>",
						"<android.app.Notification$Style: void checkBuilder()>"
					],
					"depth":4,
					"method":"<android.app.Notification$Builder: android.widget.RemoteViews createHeadsUpContentView(boolean)>",
					"source":"FIELDCALLER"
				},
				{
					"trace":[
						"<android.app.Notification$Builder: android.widget.RemoteViews createContentView(boolean)>",
						"<android.app.Notification$BigTextStyle: android.widget.RemoteViews makeContentView(boolean)>",
						"<android.app.Notification$BigTextStyle: android.widget.RemoteViews makeBigContentView()>",
						"<android.app.Notification$Style: android.widget.RemoteViews getStandardView(int,android.app.Notification$TemplateBindResult)>",
						"key field: <android.app.Notification$Style: android.app.Notification$Builder mBuilder>",
						"<android.app.Notification$Style: void checkBuilder()>"
					],
					"depth":4,
					"method":"<android.app.Notification$Builder: android.widget.RemoteViews createContentView(boolean)>",
					"source":"FIELDCALLER"
				},
				{
					"trace":[
						"<android.app.Notification: void <init>(android.content.Context,int,java.lang.CharSequence,long,java.lang.CharSequence,java.lang.CharSequence,android.content.Intent)>",
						"<android.app.Notification$Builder: void <init>(android.content.Context)>",
						"<android.app.Notification$Builder: void <init>(android.content.Context,android.app.Notification)>",
						"<android.app.Notification$Builder: android.app.Notification$Builder setStyle(android.app.Notification$Style)>",
						"<android.app.Notification$Style: void setBuilder(android.app.Notification$Builder)>",
						"key field: <android.app.Notification$Style: android.app.Notification$Builder mBuilder>",
						"<android.app.Notification$Style: void checkBuilder()>"
					],
					"depth":5,
					"method":"<android.app.Notification: void <init>(android.content.Context,int,java.lang.CharSequence,long,java.lang.CharSequence,java.lang.CharSequence,android.content.Intent)>",
					"source":"FIELDCALLER"
				},
				{
					"trace":[
						"<android.app.RecoverableSecurityException: void showAsNotification(android.content.Context,java.lang.String)>",
						"<android.app.Notification$Builder: void <init>(android.content.Context,java.lang.String)>",
						"<android.app.Notification$Builder: void <init>(android.content.Context,android.app.Notification)>",
						"<android.app.Notification$Builder: android.app.Notification$Builder setStyle(android.app.Notification$Style)>",
						"<android.app.Notification$Style: void setBuilder(android.app.Notification$Builder)>",
						"key field: <android.app.Notification$Style: android.app.Notification$Builder mBuilder>",
						"<android.app.Notification$Style: void checkBuilder()>"
					],
					"depth":5,
					"method":"<android.app.RecoverableSecurityException: void showAsNotification(android.content.Context,java.lang.String)>",
					"source":"FIELDCALLER"
				},
				{
					"trace":[
						"<android.app.Notification$Builder: android.app.Notification buildInto(android.app.Notification)>",
						"<android.app.Notification$Builder: android.app.Notification build()>",
						"<android.app.Notification$Builder: android.widget.RemoteViews createBigContentView()>",
						"<android.app.Notification$BigPictureStyle: android.widget.RemoteViews makeBigContentView()>",
						"<android.app.Notification$Style: android.widget.RemoteViews getStandardView(int,android.app.Notification$TemplateBindResult)>",
						"key field: <android.app.Notification$Style: android.app.Notification$Builder mBuilder>",
						"<android.app.Notification$Style: void checkBuilder()>"
					],
					"depth":5,
					"method":"<android.app.Notification$Builder: android.app.Notification buildInto(android.app.Notification)>",
					"source":"FIELDCALLER"
				},
				{
					"trace":[
						"<android.app.Notification$Builder: android.app.Notification getNotification()>",
						"<android.app.Notification$Builder: android.app.Notification build()>",
						"<android.app.Notification$Builder: android.widget.RemoteViews createBigContentView()>",
						"<android.app.Notification$BigPictureStyle: android.widget.RemoteViews makeBigContentView()>",
						"<android.app.Notification$Style: android.widget.RemoteViews getStandardView(int,android.app.Notification$TemplateBindResult)>",
						"key field: <android.app.Notification$Style: android.app.Notification$Builder mBuilder>",
						"<android.app.Notification$Style: void checkBuilder()>"
					],
					"depth":5,
					"method":"<android.app.Notification$Builder: android.app.Notification getNotification()>",
					"source":"FIELDCALLER"
				},
				{
					"trace":[
						"<android.app.Notification$Builder: android.widget.RemoteViews createHeadsUpContentView()>",
						"<android.app.Notification$Builder: android.widget.RemoteViews createHeadsUpContentView(boolean)>",
						"<android.app.Notification$BigTextStyle: android.widget.RemoteViews makeHeadsUpContentView(boolean)>",
						"<android.app.Notification$BigTextStyle: android.widget.RemoteViews makeBigContentView()>",
						"<android.app.Notification$Style: android.widget.RemoteViews getStandardView(int,android.app.Notification$TemplateBindResult)>",
						"key field: <android.app.Notification$Style: android.app.Notification$Builder mBuilder>",
						"<android.app.Notification$Style: void checkBuilder()>"
					],
					"depth":5,
					"method":"<android.app.Notification$Builder: android.widget.RemoteViews createHeadsUpContentView()>",
					"source":"FIELDCALLER"
				},
				{
					"trace":[
						"<android.app.Notification$Builder: android.widget.RemoteViews createContentView()>",
						"<android.app.Notification$Builder: android.widget.RemoteViews createContentView(boolean)>",
						"<android.app.Notification$BigTextStyle: android.widget.RemoteViews makeContentView(boolean)>",
						"<android.app.Notification$BigTextStyle: android.widget.RemoteViews makeBigContentView()>",
						"<android.app.Notification$Style: android.widget.RemoteViews getStandardView(int,android.app.Notification$TemplateBindResult)>",
						"key field: <android.app.Notification$Style: android.app.Notification$Builder mBuilder>",
						"<android.app.Notification$Style: void checkBuilder()>"
					],
					"depth":5,
					"method":"<android.app.Notification$Builder: android.widget.RemoteViews createContentView()>",
					"source":"FIELDCALLER"
				},
				{
					"trace":[
						"<android.app.Notification$Builder: android.widget.RemoteViews makePublicContentView()>",
						"<android.app.Notification$Builder: android.widget.RemoteViews makePublicView(boolean)>",
						"<android.app.Notification$Builder: android.app.Notification$Builder recoverBuilder(android.content.Context,android.app.Notification)>",
						"<android.app.Notification$Builder: void <init>(android.content.Context,android.app.Notification)>",
						"<android.app.Notification$Builder: android.app.Notification$Builder setStyle(android.app.Notification$Style)>",
						"<android.app.Notification$Style: void setBuilder(android.app.Notification$Builder)>",
						"key field: <android.app.Notification$Style: android.app.Notification$Builder mBuilder>",
						"<android.app.Notification$Style: void checkBuilder()>"
					],
					"depth":6,
					"method":"<android.app.Notification$Builder: android.widget.RemoteViews makePublicContentView()>",
					"source":"FIELDCALLER"
				},
				{
					"trace":[
						"<android.app.Notification$Builder: android.widget.RemoteViews makePublicAmbientNotification()>",
						"<android.app.Notification$Builder: android.widget.RemoteViews makePublicView(boolean)>",
						"<android.app.Notification$Builder: android.app.Notification$Builder recoverBuilder(android.content.Context,android.app.Notification)>",
						"<android.app.Notification$Builder: void <init>(android.content.Context,android.app.Notification)>",
						"<android.app.Notification$Builder: android.app.Notification$Builder setStyle(android.app.Notification$Style)>",
						"<android.app.Notification$Style: void setBuilder(android.app.Notification$Builder)>",
						"key field: <android.app.Notification$Style: android.app.Notification$Builder mBuilder>",
						"<android.app.Notification$Style: void checkBuilder()>"
					],
					"depth":6,
					"method":"<android.app.Notification$Builder: android.widget.RemoteViews makePublicAmbientNotification()>",
					"source":"FIELDCALLER"
				},
				{
					"trace":[
						"<android.app.RecoverableSecurityException: void showAsNotification(android.content.Context)>",
						"<android.app.RecoverableSecurityException: void showAsNotification(android.content.Context,java.lang.String)>",
						"<android.app.Notification$Builder: void <init>(android.content.Context,java.lang.String)>",
						"<android.app.Notification$Builder: void <init>(android.content.Context,android.app.Notification)>",
						"<android.app.Notification$Builder: android.app.Notification$Builder setStyle(android.app.Notification$Style)>",
						"<android.app.Notification$Style: void setBuilder(android.app.Notification$Builder)>",
						"key field: <android.app.Notification$Style: android.app.Notification$Builder mBuilder>",
						"<android.app.Notification$Style: void checkBuilder()>"
					],
					"depth":6,
					"method":"<android.app.RecoverableSecurityException: void showAsNotification(android.content.Context)>",
					"source":"FIELDCALLER"
				}
			],
			"callerOfSingnlar2SourceVar":{}
		}
	]
}