{
	"exceptions":[
		{
			"method":"<android.bluetooth.BluetoothA2dpSink: boolean connect(android.bluetooth.BluetoothDevice)>",
			"message":"[\\s\\S]*",
			"relatedVarType":"Field",
			"relatedCondType":"Basic",
			"modifier":"public",
			"type":"java.lang.Throwable",
			"osVersionRelated":false,
			"resourceRelated":false,
			"assessRelated":false,
			"hardwareRelated":false,
			"manifestRelated":false,
			"conditions":"$z1 == 0, $z0 == 0, r7 == null",
			"fieldValues":"<android.bluetooth.BluetoothA2dpSink: android.bluetooth.IBluetoothA2dpSink mService>",
			"caughtValues":"@caughtexception",
			"relatedValues":"; <android.bluetooth.BluetoothA2dpSink: android.bluetooth.IBluetoothA2dpSink mService>; @caughtexception",
			"keyAPISameClassNum":10,
			"keyAPIDiffClassNum":7,
			"keyAPISameClass":[
				{
					"trace":[
						"<android.bluetooth.BluetoothA2dpSink: boolean connect(android.bluetooth.BluetoothDevice)>"
					],
					"depth":1,
					"method":"<android.bluetooth.BluetoothA2dpSink: boolean connect(android.bluetooth.BluetoothDevice)>",
					"source":"FIELD"
				},
				{
					"trace":[
						"<android.bluetooth.BluetoothA2dpSink: boolean connect(android.bluetooth.BluetoothDevice)>"
					],
					"depth":1,
					"method":"<android.bluetooth.BluetoothA2dpSink: boolean disconnect(android.bluetooth.BluetoothDevice)>",
					"source":"FIELD"
				},
				{
					"trace":[
						"<android.bluetooth.BluetoothA2dpSink: boolean connect(android.bluetooth.BluetoothDevice)>"
					],
					"depth":1,
					"method":"<android.bluetooth.BluetoothA2dpSink: java.util.List getConnectedDevices()>",
					"source":"FIELD"
				},
				{
					"trace":[
						"<android.bluetooth.BluetoothA2dpSink: boolean connect(android.bluetooth.BluetoothDevice)>"
					],
					"depth":1,
					"method":"<android.bluetooth.BluetoothA2dpSink: java.util.List getDevicesMatchingConnectionStates(int[])>",
					"source":"FIELD"
				},
				{
					"trace":[
						"<android.bluetooth.BluetoothA2dpSink: boolean connect(android.bluetooth.BluetoothDevice)>"
					],
					"depth":1,
					"method":"<android.bluetooth.BluetoothA2dpSink: int getConnectionState(android.bluetooth.BluetoothDevice)>",
					"source":"FIELD"
				},
				{
					"trace":[
						"<android.bluetooth.BluetoothA2dpSink: boolean connect(android.bluetooth.BluetoothDevice)>"
					],
					"depth":1,
					"method":"<android.bluetooth.BluetoothA2dpSink: android.bluetooth.BluetoothAudioConfig getAudioConfig(android.bluetooth.BluetoothDevice)>",
					"source":"FIELD"
				},
				{
					"trace":[
						"<android.bluetooth.BluetoothA2dpSink: boolean connect(android.bluetooth.BluetoothDevice)>"
					],
					"depth":1,
					"method":"<android.bluetooth.BluetoothA2dpSink: boolean setPriority(android.bluetooth.BluetoothDevice,int)>",
					"source":"FIELD"
				},
				{
					"trace":[
						"<android.bluetooth.BluetoothA2dpSink: boolean connect(android.bluetooth.BluetoothDevice)>"
					],
					"depth":1,
					"method":"<android.bluetooth.BluetoothA2dpSink: int getPriority(android.bluetooth.BluetoothDevice)>",
					"source":"FIELD"
				},
				{
					"trace":[
						"<android.bluetooth.BluetoothA2dpSink: boolean connect(android.bluetooth.BluetoothDevice)>"
					],
					"depth":1,
					"method":"<android.bluetooth.BluetoothA2dpSink: boolean isA2dpPlaying(android.bluetooth.BluetoothDevice)>",
					"source":"FIELD"
				},
				{
					"trace":[
						"<android.bluetooth.BluetoothA2dpSink: void finalize()>",
						"<android.bluetooth.BluetoothA2dpSink: void close()>",
						"key field: <android.bluetooth.BluetoothA2dpSink: android.bluetooth.IBluetoothA2dpSink mService>",
						"<android.bluetooth.BluetoothA2dpSink: boolean connect(android.bluetooth.BluetoothDevice)>"
					],
					"depth":2,
					"method":"<android.bluetooth.BluetoothA2dpSink: void finalize()>",
					"source":"FIELDCALLER"
				}
			],
			"keyAPIDiffClass":[
				{
					"trace":[
						"<android.bluetooth.BluetoothAdapter: void closeProfileProxy(int,android.bluetooth.BluetoothProfile)>",
						"<android.bluetooth.BluetoothA2dpSink: void close()>",
						"key field: <android.bluetooth.BluetoothA2dpSink: android.bluetooth.IBluetoothA2dpSink mService>",
						"<android.bluetooth.BluetoothA2dpSink: boolean connect(android.bluetooth.BluetoothDevice)>"
					],
					"depth":2,
					"method":"<android.bluetooth.BluetoothAdapter: void closeProfileProxy(int,android.bluetooth.BluetoothProfile)>",
					"source":"FIELDCALLER"
				},
				{
					"trace":[
						"<android.bluetooth.BluetoothA2dpSink$2: void onServiceDisconnected(android.content.ComponentName)>",
						"<android.bluetooth.BluetoothA2dpSink: android.bluetooth.IBluetoothA2dpSink access$102(android.bluetooth.BluetoothA2dpSink,android.bluetooth.IBluetoothA2dpSink)>",
						"key field: <android.bluetooth.BluetoothA2dpSink: android.bluetooth.IBluetoothA2dpSink mService>",
						"<android.bluetooth.BluetoothA2dpSink: boolean connect(android.bluetooth.BluetoothDevice)>"
					],
					"depth":2,
					"method":"<android.bluetooth.BluetoothA2dpSink$2: void onServiceDisconnected(android.content.ComponentName)>",
					"source":"FIELDCALLER"
				},
				{
					"trace":[
						"<android.content.ServiceConnection: void onServiceDisconnected(android.content.ComponentName)>",
						"<android.bluetooth.BluetoothA2dpSink: android.bluetooth.IBluetoothA2dpSink access$102(android.bluetooth.BluetoothA2dpSink,android.bluetooth.IBluetoothA2dpSink)>",
						"key field: <android.bluetooth.BluetoothA2dpSink: android.bluetooth.IBluetoothA2dpSink mService>",
						"<android.bluetooth.BluetoothA2dpSink: boolean connect(android.bluetooth.BluetoothDevice)>"
					],
					"depth":2,
					"method":"<android.content.ServiceConnection: void onServiceDisconnected(android.content.ComponentName)>",
					"source":"FIELDCALLER"
				},
				{
					"trace":[
						"<android.bluetooth.BluetoothA2dpSink$1: void onBluetoothStateChange(boolean)>",
						"<android.bluetooth.BluetoothA2dpSink: android.bluetooth.IBluetoothA2dpSink access$102(android.bluetooth.BluetoothA2dpSink,android.bluetooth.IBluetoothA2dpSink)>",
						"key field: <android.bluetooth.BluetoothA2dpSink: android.bluetooth.IBluetoothA2dpSink mService>",
						"<android.bluetooth.BluetoothA2dpSink: boolean connect(android.bluetooth.BluetoothDevice)>"
					],
					"depth":2,
					"method":"<android.bluetooth.BluetoothA2dpSink$1: void onBluetoothStateChange(boolean)>",
					"source":"FIELDCALLER"
				},
				{
					"trace":[
						"<android.bluetooth.BluetoothA2dpSink$2: void onServiceConnected(android.content.ComponentName,android.os.IBinder)>",
						"<android.bluetooth.BluetoothA2dpSink: android.bluetooth.IBluetoothA2dpSink access$102(android.bluetooth.BluetoothA2dpSink,android.bluetooth.IBluetoothA2dpSink)>",
						"key field: <android.bluetooth.BluetoothA2dpSink: android.bluetooth.IBluetoothA2dpSink mService>",
						"<android.bluetooth.BluetoothA2dpSink: boolean connect(android.bluetooth.BluetoothDevice)>"
					],
					"depth":2,
					"method":"<android.bluetooth.BluetoothA2dpSink$2: void onServiceConnected(android.content.ComponentName,android.os.IBinder)>",
					"source":"FIELDCALLER"
				},
				{
					"trace":[
						"<android.content.ServiceConnection: void onServiceConnected(android.content.ComponentName,android.os.IBinder)>",
						"<android.bluetooth.BluetoothA2dpSink: android.bluetooth.IBluetoothA2dpSink access$102(android.bluetooth.BluetoothA2dpSink,android.bluetooth.IBluetoothA2dpSink)>",
						"key field: <android.bluetooth.BluetoothA2dpSink: android.bluetooth.IBluetoothA2dpSink mService>",
						"<android.bluetooth.BluetoothA2dpSink: boolean connect(android.bluetooth.BluetoothDevice)>"
					],
					"depth":2,
					"method":"<android.content.ServiceConnection: void onServiceConnected(android.content.ComponentName,android.os.IBinder)>",
					"source":"FIELDCALLER"
				},
				{
					"trace":[
						"<android.bluetooth.IBluetoothStateChangeCallback$Stub: boolean onTransact(int,android.os.Parcel,android.os.Parcel,int)>",
						"<android.bluetooth.BluetoothA2dpSink$1: void onBluetoothStateChange(boolean)>",
						"<android.bluetooth.BluetoothA2dpSink: android.bluetooth.IBluetoothA2dpSink access$102(android.bluetooth.BluetoothA2dpSink,android.bluetooth.IBluetoothA2dpSink)>",
						"key field: <android.bluetooth.BluetoothA2dpSink: android.bluetooth.IBluetoothA2dpSink mService>",
						"<android.bluetooth.BluetoothA2dpSink: boolean connect(android.bluetooth.BluetoothDevice)>"
					],
					"depth":3,
					"method":"<android.bluetooth.IBluetoothStateChangeCallback$Stub: boolean onTransact(int,android.os.Parcel,android.os.Parcel,int)>",
					"source":"FIELDCALLER"
				}
			],
			"callerOfSingnlar2SourceVar":{}
		},
		{
			"method":"<android.bluetooth.BluetoothA2dpSink: boolean disconnect(android.bluetooth.BluetoothDevice)>",
			"message":"[\\s\\S]*",
			"relatedVarType":"Field",
			"relatedCondType":"Basic",
			"modifier":"public",
			"type":"java.lang.Throwable",
			"osVersionRelated":false,
			"resourceRelated":false,
			"assessRelated":false,
			"hardwareRelated":false,
			"manifestRelated":false,
			"conditions":"$z1 == 0, $z0 == 0, r7 == null",
			"fieldValues":"<android.bluetooth.BluetoothA2dpSink: android.bluetooth.IBluetoothA2dpSink mService>",
			"caughtValues":"@caughtexception",
			"relatedValues":"; <android.bluetooth.BluetoothA2dpSink: android.bluetooth.IBluetoothA2dpSink mService>; @caughtexception",
			"keyAPISameClassNum":10,
			"keyAPIDiffClassNum":7,
			"keyAPISameClass":[
				{
					"trace":[
						"<android.bluetooth.BluetoothA2dpSink: boolean disconnect(android.bluetooth.BluetoothDevice)>"
					],
					"depth":1,
					"method":"<android.bluetooth.BluetoothA2dpSink: boolean connect(android.bluetooth.BluetoothDevice)>",
					"source":"FIELD"
				},
				{
					"trace":[
						"<android.bluetooth.BluetoothA2dpSink: boolean disconnect(android.bluetooth.BluetoothDevice)>"
					],
					"depth":1,
					"method":"<android.bluetooth.BluetoothA2dpSink: boolean disconnect(android.bluetooth.BluetoothDevice)>",
					"source":"FIELD"
				},
				{
					"trace":[
						"<android.bluetooth.BluetoothA2dpSink: boolean disconnect(android.bluetooth.BluetoothDevice)>"
					],
					"depth":1,
					"method":"<android.bluetooth.BluetoothA2dpSink: java.util.List getConnectedDevices()>",
					"source":"FIELD"
				},
				{
					"trace":[
						"<android.bluetooth.BluetoothA2dpSink: boolean disconnect(android.bluetooth.BluetoothDevice)>"
					],
					"depth":1,
					"method":"<android.bluetooth.BluetoothA2dpSink: java.util.List getDevicesMatchingConnectionStates(int[])>",
					"source":"FIELD"
				},
				{
					"trace":[
						"<android.bluetooth.BluetoothA2dpSink: boolean disconnect(android.bluetooth.BluetoothDevice)>"
					],
					"depth":1,
					"method":"<android.bluetooth.BluetoothA2dpSink: int getConnectionState(android.bluetooth.BluetoothDevice)>",
					"source":"FIELD"
				},
				{
					"trace":[
						"<android.bluetooth.BluetoothA2dpSink: boolean disconnect(android.bluetooth.BluetoothDevice)>"
					],
					"depth":1,
					"method":"<android.bluetooth.BluetoothA2dpSink: android.bluetooth.BluetoothAudioConfig getAudioConfig(android.bluetooth.BluetoothDevice)>",
					"source":"FIELD"
				},
				{
					"trace":[
						"<android.bluetooth.BluetoothA2dpSink: boolean disconnect(android.bluetooth.BluetoothDevice)>"
					],
					"depth":1,
					"method":"<android.bluetooth.BluetoothA2dpSink: boolean setPriority(android.bluetooth.BluetoothDevice,int)>",
					"source":"FIELD"
				},
				{
					"trace":[
						"<android.bluetooth.BluetoothA2dpSink: boolean disconnect(android.bluetooth.BluetoothDevice)>"
					],
					"depth":1,
					"method":"<android.bluetooth.BluetoothA2dpSink: int getPriority(android.bluetooth.BluetoothDevice)>",
					"source":"FIELD"
				},
				{
					"trace":[
						"<android.bluetooth.BluetoothA2dpSink: boolean disconnect(android.bluetooth.BluetoothDevice)>"
					],
					"depth":1,
					"method":"<android.bluetooth.BluetoothA2dpSink: boolean isA2dpPlaying(android.bluetooth.BluetoothDevice)>",
					"source":"FIELD"
				},
				{
					"trace":[
						"<android.bluetooth.BluetoothA2dpSink: void finalize()>",
						"<android.bluetooth.BluetoothA2dpSink: void close()>",
						"key field: <android.bluetooth.BluetoothA2dpSink: android.bluetooth.IBluetoothA2dpSink mService>",
						"<android.bluetooth.BluetoothA2dpSink: boolean disconnect(android.bluetooth.BluetoothDevice)>"
					],
					"depth":2,
					"method":"<android.bluetooth.BluetoothA2dpSink: void finalize()>",
					"source":"FIELDCALLER"
				}
			],
			"keyAPIDiffClass":[
				{
					"trace":[
						"<android.bluetooth.BluetoothAdapter: void closeProfileProxy(int,android.bluetooth.BluetoothProfile)>",
						"<android.bluetooth.BluetoothA2dpSink: void close()>",
						"key field: <android.bluetooth.BluetoothA2dpSink: android.bluetooth.IBluetoothA2dpSink mService>",
						"<android.bluetooth.BluetoothA2dpSink: boolean disconnect(android.bluetooth.BluetoothDevice)>"
					],
					"depth":2,
					"method":"<android.bluetooth.BluetoothAdapter: void closeProfileProxy(int,android.bluetooth.BluetoothProfile)>",
					"source":"FIELDCALLER"
				},
				{
					"trace":[
						"<android.bluetooth.BluetoothA2dpSink$2: void onServiceDisconnected(android.content.ComponentName)>",
						"<android.bluetooth.BluetoothA2dpSink: android.bluetooth.IBluetoothA2dpSink access$102(android.bluetooth.BluetoothA2dpSink,android.bluetooth.IBluetoothA2dpSink)>",
						"key field: <android.bluetooth.BluetoothA2dpSink: android.bluetooth.IBluetoothA2dpSink mService>",
						"<android.bluetooth.BluetoothA2dpSink: boolean disconnect(android.bluetooth.BluetoothDevice)>"
					],
					"depth":2,
					"method":"<android.bluetooth.BluetoothA2dpSink$2: void onServiceDisconnected(android.content.ComponentName)>",
					"source":"FIELDCALLER"
				},
				{
					"trace":[
						"<android.content.ServiceConnection: void onServiceDisconnected(android.content.ComponentName)>",
						"<android.bluetooth.BluetoothA2dpSink: android.bluetooth.IBluetoothA2dpSink access$102(android.bluetooth.BluetoothA2dpSink,android.bluetooth.IBluetoothA2dpSink)>",
						"key field: <android.bluetooth.BluetoothA2dpSink: android.bluetooth.IBluetoothA2dpSink mService>",
						"<android.bluetooth.BluetoothA2dpSink: boolean disconnect(android.bluetooth.BluetoothDevice)>"
					],
					"depth":2,
					"method":"<android.content.ServiceConnection: void onServiceDisconnected(android.content.ComponentName)>",
					"source":"FIELDCALLER"
				},
				{
					"trace":[
						"<android.bluetooth.BluetoothA2dpSink$1: void onBluetoothStateChange(boolean)>",
						"<android.bluetooth.BluetoothA2dpSink: android.bluetooth.IBluetoothA2dpSink access$102(android.bluetooth.BluetoothA2dpSink,android.bluetooth.IBluetoothA2dpSink)>",
						"key field: <android.bluetooth.BluetoothA2dpSink: android.bluetooth.IBluetoothA2dpSink mService>",
						"<android.bluetooth.BluetoothA2dpSink: boolean disconnect(android.bluetooth.BluetoothDevice)>"
					],
					"depth":2,
					"method":"<android.bluetooth.BluetoothA2dpSink$1: void onBluetoothStateChange(boolean)>",
					"source":"FIELDCALLER"
				},
				{
					"trace":[
						"<android.bluetooth.BluetoothA2dpSink$2: void onServiceConnected(android.content.ComponentName,android.os.IBinder)>",
						"<android.bluetooth.BluetoothA2dpSink: android.bluetooth.IBluetoothA2dpSink access$102(android.bluetooth.BluetoothA2dpSink,android.bluetooth.IBluetoothA2dpSink)>",
						"key field: <android.bluetooth.BluetoothA2dpSink: android.bluetooth.IBluetoothA2dpSink mService>",
						"<android.bluetooth.BluetoothA2dpSink: boolean disconnect(android.bluetooth.BluetoothDevice)>"
					],
					"depth":2,
					"method":"<android.bluetooth.BluetoothA2dpSink$2: void onServiceConnected(android.content.ComponentName,android.os.IBinder)>",
					"source":"FIELDCALLER"
				},
				{
					"trace":[
						"<android.content.ServiceConnection: void onServiceConnected(android.content.ComponentName,android.os.IBinder)>",
						"<android.bluetooth.BluetoothA2dpSink: android.bluetooth.IBluetoothA2dpSink access$102(android.bluetooth.BluetoothA2dpSink,android.bluetooth.IBluetoothA2dpSink)>",
						"key field: <android.bluetooth.BluetoothA2dpSink: android.bluetooth.IBluetoothA2dpSink mService>",
						"<android.bluetooth.BluetoothA2dpSink: boolean disconnect(android.bluetooth.BluetoothDevice)>"
					],
					"depth":2,
					"method":"<android.content.ServiceConnection: void onServiceConnected(android.content.ComponentName,android.os.IBinder)>",
					"source":"FIELDCALLER"
				},
				{
					"trace":[
						"<android.bluetooth.IBluetoothStateChangeCallback$Stub: boolean onTransact(int,android.os.Parcel,android.os.Parcel,int)>",
						"<android.bluetooth.BluetoothA2dpSink$1: void onBluetoothStateChange(boolean)>",
						"<android.bluetooth.BluetoothA2dpSink: android.bluetooth.IBluetoothA2dpSink access$102(android.bluetooth.BluetoothA2dpSink,android.bluetooth.IBluetoothA2dpSink)>",
						"key field: <android.bluetooth.BluetoothA2dpSink: android.bluetooth.IBluetoothA2dpSink mService>",
						"<android.bluetooth.BluetoothA2dpSink: boolean disconnect(android.bluetooth.BluetoothDevice)>"
					],
					"depth":3,
					"method":"<android.bluetooth.IBluetoothStateChangeCallback$Stub: boolean onTransact(int,android.os.Parcel,android.os.Parcel,int)>",
					"source":"FIELDCALLER"
				}
			],
			"callerOfSingnlar2SourceVar":{}
		},
		{
			"method":"<android.bluetooth.BluetoothA2dpSink: java.util.List getConnectedDevices()>",
			"message":"[\\s\\S]*",
			"relatedVarType":"Field",
			"relatedCondType":"Basic",
			"modifier":"public",
			"type":"java.lang.Throwable",
			"osVersionRelated":false,
			"resourceRelated":false,
			"assessRelated":false,
			"hardwareRelated":false,
			"manifestRelated":false,
			"conditions":"$z0 == 0, r1 == null",
			"fieldValues":"<android.bluetooth.BluetoothA2dpSink: android.bluetooth.IBluetoothA2dpSink mService>",
			"caughtValues":"@caughtexception",
			"relatedValues":"; <android.bluetooth.BluetoothA2dpSink: android.bluetooth.IBluetoothA2dpSink mService>; @caughtexception",
			"keyAPISameClassNum":10,
			"keyAPIDiffClassNum":7,
			"keyAPISameClass":[
				{
					"trace":[
						"<android.bluetooth.BluetoothA2dpSink: java.util.List getConnectedDevices()>"
					],
					"depth":1,
					"method":"<android.bluetooth.BluetoothA2dpSink: boolean connect(android.bluetooth.BluetoothDevice)>",
					"source":"FIELD"
				},
				{
					"trace":[
						"<android.bluetooth.BluetoothA2dpSink: java.util.List getConnectedDevices()>"
					],
					"depth":1,
					"method":"<android.bluetooth.BluetoothA2dpSink: boolean disconnect(android.bluetooth.BluetoothDevice)>",
					"source":"FIELD"
				},
				{
					"trace":[
						"<android.bluetooth.BluetoothA2dpSink: java.util.List getConnectedDevices()>"
					],
					"depth":1,
					"method":"<android.bluetooth.BluetoothA2dpSink: java.util.List getConnectedDevices()>",
					"source":"FIELD"
				},
				{
					"trace":[
						"<android.bluetooth.BluetoothA2dpSink: java.util.List getConnectedDevices()>"
					],
					"depth":1,
					"method":"<android.bluetooth.BluetoothA2dpSink: java.util.List getDevicesMatchingConnectionStates(int[])>",
					"source":"FIELD"
				},
				{
					"trace":[
						"<android.bluetooth.BluetoothA2dpSink: java.util.List getConnectedDevices()>"
					],
					"depth":1,
					"method":"<android.bluetooth.BluetoothA2dpSink: int getConnectionState(android.bluetooth.BluetoothDevice)>",
					"source":"FIELD"
				},
				{
					"trace":[
						"<android.bluetooth.BluetoothA2dpSink: java.util.List getConnectedDevices()>"
					],
					"depth":1,
					"method":"<android.bluetooth.BluetoothA2dpSink: android.bluetooth.BluetoothAudioConfig getAudioConfig(android.bluetooth.BluetoothDevice)>",
					"source":"FIELD"
				},
				{
					"trace":[
						"<android.bluetooth.BluetoothA2dpSink: java.util.List getConnectedDevices()>"
					],
					"depth":1,
					"method":"<android.bluetooth.BluetoothA2dpSink: boolean setPriority(android.bluetooth.BluetoothDevice,int)>",
					"source":"FIELD"
				},
				{
					"trace":[
						"<android.bluetooth.BluetoothA2dpSink: java.util.List getConnectedDevices()>"
					],
					"depth":1,
					"method":"<android.bluetooth.BluetoothA2dpSink: int getPriority(android.bluetooth.BluetoothDevice)>",
					"source":"FIELD"
				},
				{
					"trace":[
						"<android.bluetooth.BluetoothA2dpSink: java.util.List getConnectedDevices()>"
					],
					"depth":1,
					"method":"<android.bluetooth.BluetoothA2dpSink: boolean isA2dpPlaying(android.bluetooth.BluetoothDevice)>",
					"source":"FIELD"
				},
				{
					"trace":[
						"<android.bluetooth.BluetoothA2dpSink: void finalize()>",
						"<android.bluetooth.BluetoothA2dpSink: void close()>",
						"key field: <android.bluetooth.BluetoothA2dpSink: android.bluetooth.IBluetoothA2dpSink mService>",
						"<android.bluetooth.BluetoothA2dpSink: java.util.List getConnectedDevices()>"
					],
					"depth":2,
					"method":"<android.bluetooth.BluetoothA2dpSink: void finalize()>",
					"source":"FIELDCALLER"
				}
			],
			"keyAPIDiffClass":[
				{
					"trace":[
						"<android.bluetooth.BluetoothAdapter: void closeProfileProxy(int,android.bluetooth.BluetoothProfile)>",
						"<android.bluetooth.BluetoothA2dpSink: void close()>",
						"key field: <android.bluetooth.BluetoothA2dpSink: android.bluetooth.IBluetoothA2dpSink mService>",
						"<android.bluetooth.BluetoothA2dpSink: java.util.List getConnectedDevices()>"
					],
					"depth":2,
					"method":"<android.bluetooth.BluetoothAdapter: void closeProfileProxy(int,android.bluetooth.BluetoothProfile)>",
					"source":"FIELDCALLER"
				},
				{
					"trace":[
						"<android.bluetooth.BluetoothA2dpSink$2: void onServiceDisconnected(android.content.ComponentName)>",
						"<android.bluetooth.BluetoothA2dpSink: android.bluetooth.IBluetoothA2dpSink access$102(android.bluetooth.BluetoothA2dpSink,android.bluetooth.IBluetoothA2dpSink)>",
						"key field: <android.bluetooth.BluetoothA2dpSink: android.bluetooth.IBluetoothA2dpSink mService>",
						"<android.bluetooth.BluetoothA2dpSink: java.util.List getConnectedDevices()>"
					],
					"depth":2,
					"method":"<android.bluetooth.BluetoothA2dpSink$2: void onServiceDisconnected(android.content.ComponentName)>",
					"source":"FIELDCALLER"
				},
				{
					"trace":[
						"<android.content.ServiceConnection: void onServiceDisconnected(android.content.ComponentName)>",
						"<android.bluetooth.BluetoothA2dpSink: android.bluetooth.IBluetoothA2dpSink access$102(android.bluetooth.BluetoothA2dpSink,android.bluetooth.IBluetoothA2dpSink)>",
						"key field: <android.bluetooth.BluetoothA2dpSink: android.bluetooth.IBluetoothA2dpSink mService>",
						"<android.bluetooth.BluetoothA2dpSink: java.util.List getConnectedDevices()>"
					],
					"depth":2,
					"method":"<android.content.ServiceConnection: void onServiceDisconnected(android.content.ComponentName)>",
					"source":"FIELDCALLER"
				},
				{
					"trace":[
						"<android.bluetooth.BluetoothA2dpSink$1: void onBluetoothStateChange(boolean)>",
						"<android.bluetooth.BluetoothA2dpSink: android.bluetooth.IBluetoothA2dpSink access$102(android.bluetooth.BluetoothA2dpSink,android.bluetooth.IBluetoothA2dpSink)>",
						"key field: <android.bluetooth.BluetoothA2dpSink: android.bluetooth.IBluetoothA2dpSink mService>",
						"<android.bluetooth.BluetoothA2dpSink: java.util.List getConnectedDevices()>"
					],
					"depth":2,
					"method":"<android.bluetooth.BluetoothA2dpSink$1: void onBluetoothStateChange(boolean)>",
					"source":"FIELDCALLER"
				},
				{
					"trace":[
						"<android.bluetooth.BluetoothA2dpSink$2: void onServiceConnected(android.content.ComponentName,android.os.IBinder)>",
						"<android.bluetooth.BluetoothA2dpSink: android.bluetooth.IBluetoothA2dpSink access$102(android.bluetooth.BluetoothA2dpSink,android.bluetooth.IBluetoothA2dpSink)>",
						"key field: <android.bluetooth.BluetoothA2dpSink: android.bluetooth.IBluetoothA2dpSink mService>",
						"<android.bluetooth.BluetoothA2dpSink: java.util.List getConnectedDevices()>"
					],
					"depth":2,
					"method":"<android.bluetooth.BluetoothA2dpSink$2: void onServiceConnected(android.content.ComponentName,android.os.IBinder)>",
					"source":"FIELDCALLER"
				},
				{
					"trace":[
						"<android.content.ServiceConnection: void onServiceConnected(android.content.ComponentName,android.os.IBinder)>",
						"<android.bluetooth.BluetoothA2dpSink: android.bluetooth.IBluetoothA2dpSink access$102(android.bluetooth.BluetoothA2dpSink,android.bluetooth.IBluetoothA2dpSink)>",
						"key field: <android.bluetooth.BluetoothA2dpSink: android.bluetooth.IBluetoothA2dpSink mService>",
						"<android.bluetooth.BluetoothA2dpSink: java.util.List getConnectedDevices()>"
					],
					"depth":2,
					"method":"<android.content.ServiceConnection: void onServiceConnected(android.content.ComponentName,android.os.IBinder)>",
					"source":"FIELDCALLER"
				},
				{
					"trace":[
						"<android.bluetooth.IBluetoothStateChangeCallback$Stub: boolean onTransact(int,android.os.Parcel,android.os.Parcel,int)>",
						"<android.bluetooth.BluetoothA2dpSink$1: void onBluetoothStateChange(boolean)>",
						"<android.bluetooth.BluetoothA2dpSink: android.bluetooth.IBluetoothA2dpSink access$102(android.bluetooth.BluetoothA2dpSink,android.bluetooth.IBluetoothA2dpSink)>",
						"key field: <android.bluetooth.BluetoothA2dpSink: android.bluetooth.IBluetoothA2dpSink mService>",
						"<android.bluetooth.BluetoothA2dpSink: java.util.List getConnectedDevices()>"
					],
					"depth":3,
					"method":"<android.bluetooth.IBluetoothStateChangeCallback$Stub: boolean onTransact(int,android.os.Parcel,android.os.Parcel,int)>",
					"source":"FIELDCALLER"
				}
			],
			"callerOfSingnlar2SourceVar":{}
		},
		{
			"method":"<android.bluetooth.BluetoothA2dpSink: java.util.List getDevicesMatchingConnectionStates(int[])>",
			"message":"[\\s\\S]*",
			"relatedVarType":"Field",
			"relatedCondType":"Basic",
			"modifier":"public",
			"type":"java.lang.Throwable",
			"osVersionRelated":false,
			"resourceRelated":false,
			"assessRelated":false,
			"hardwareRelated":false,
			"manifestRelated":false,
			"conditions":"$z0 == 0, r1 == null",
			"fieldValues":"<android.bluetooth.BluetoothA2dpSink: android.bluetooth.IBluetoothA2dpSink mService>",
			"caughtValues":"@caughtexception",
			"relatedValues":"; <android.bluetooth.BluetoothA2dpSink: android.bluetooth.IBluetoothA2dpSink mService>; @caughtexception",
			"keyAPISameClassNum":10,
			"keyAPIDiffClassNum":7,
			"keyAPISameClass":[
				{
					"trace":[
						"<android.bluetooth.BluetoothA2dpSink: java.util.List getDevicesMatchingConnectionStates(int[])>"
					],
					"depth":1,
					"method":"<android.bluetooth.BluetoothA2dpSink: boolean connect(android.bluetooth.BluetoothDevice)>",
					"source":"FIELD"
				},
				{
					"trace":[
						"<android.bluetooth.BluetoothA2dpSink: java.util.List getDevicesMatchingConnectionStates(int[])>"
					],
					"depth":1,
					"method":"<android.bluetooth.BluetoothA2dpSink: boolean disconnect(android.bluetooth.BluetoothDevice)>",
					"source":"FIELD"
				},
				{
					"trace":[
						"<android.bluetooth.BluetoothA2dpSink: java.util.List getDevicesMatchingConnectionStates(int[])>"
					],
					"depth":1,
					"method":"<android.bluetooth.BluetoothA2dpSink: java.util.List getConnectedDevices()>",
					"source":"FIELD"
				},
				{
					"trace":[
						"<android.bluetooth.BluetoothA2dpSink: java.util.List getDevicesMatchingConnectionStates(int[])>"
					],
					"depth":1,
					"method":"<android.bluetooth.BluetoothA2dpSink: java.util.List getDevicesMatchingConnectionStates(int[])>",
					"source":"FIELD"
				},
				{
					"trace":[
						"<android.bluetooth.BluetoothA2dpSink: java.util.List getDevicesMatchingConnectionStates(int[])>"
					],
					"depth":1,
					"method":"<android.bluetooth.BluetoothA2dpSink: int getConnectionState(android.bluetooth.BluetoothDevice)>",
					"source":"FIELD"
				},
				{
					"trace":[
						"<android.bluetooth.BluetoothA2dpSink: java.util.List getDevicesMatchingConnectionStates(int[])>"
					],
					"depth":1,
					"method":"<android.bluetooth.BluetoothA2dpSink: android.bluetooth.BluetoothAudioConfig getAudioConfig(android.bluetooth.BluetoothDevice)>",
					"source":"FIELD"
				},
				{
					"trace":[
						"<android.bluetooth.BluetoothA2dpSink: java.util.List getDevicesMatchingConnectionStates(int[])>"
					],
					"depth":1,
					"method":"<android.bluetooth.BluetoothA2dpSink: boolean setPriority(android.bluetooth.BluetoothDevice,int)>",
					"source":"FIELD"
				},
				{
					"trace":[
						"<android.bluetooth.BluetoothA2dpSink: java.util.List getDevicesMatchingConnectionStates(int[])>"
					],
					"depth":1,
					"method":"<android.bluetooth.BluetoothA2dpSink: int getPriority(android.bluetooth.BluetoothDevice)>",
					"source":"FIELD"
				},
				{
					"trace":[
						"<android.bluetooth.BluetoothA2dpSink: java.util.List getDevicesMatchingConnectionStates(int[])>"
					],
					"depth":1,
					"method":"<android.bluetooth.BluetoothA2dpSink: boolean isA2dpPlaying(android.bluetooth.BluetoothDevice)>",
					"source":"FIELD"
				},
				{
					"trace":[
						"<android.bluetooth.BluetoothA2dpSink: void finalize()>",
						"<android.bluetooth.BluetoothA2dpSink: void close()>",
						"key field: <android.bluetooth.BluetoothA2dpSink: android.bluetooth.IBluetoothA2dpSink mService>",
						"<android.bluetooth.BluetoothA2dpSink: java.util.List getDevicesMatchingConnectionStates(int[])>"
					],
					"depth":2,
					"method":"<android.bluetooth.BluetoothA2dpSink: void finalize()>",
					"source":"FIELDCALLER"
				}
			],
			"keyAPIDiffClass":[
				{
					"trace":[
						"<android.bluetooth.BluetoothAdapter: void closeProfileProxy(int,android.bluetooth.BluetoothProfile)>",
						"<android.bluetooth.BluetoothA2dpSink: void close()>",
						"key field: <android.bluetooth.BluetoothA2dpSink: android.bluetooth.IBluetoothA2dpSink mService>",
						"<android.bluetooth.BluetoothA2dpSink: java.util.List getDevicesMatchingConnectionStates(int[])>"
					],
					"depth":2,
					"method":"<android.bluetooth.BluetoothAdapter: void closeProfileProxy(int,android.bluetooth.BluetoothProfile)>",
					"source":"FIELDCALLER"
				},
				{
					"trace":[
						"<android.bluetooth.BluetoothA2dpSink$2: void onServiceDisconnected(android.content.ComponentName)>",
						"<android.bluetooth.BluetoothA2dpSink: android.bluetooth.IBluetoothA2dpSink access$102(android.bluetooth.BluetoothA2dpSink,android.bluetooth.IBluetoothA2dpSink)>",
						"key field: <android.bluetooth.BluetoothA2dpSink: android.bluetooth.IBluetoothA2dpSink mService>",
						"<android.bluetooth.BluetoothA2dpSink: java.util.List getDevicesMatchingConnectionStates(int[])>"
					],
					"depth":2,
					"method":"<android.bluetooth.BluetoothA2dpSink$2: void onServiceDisconnected(android.content.ComponentName)>",
					"source":"FIELDCALLER"
				},
				{
					"trace":[
						"<android.content.ServiceConnection: void onServiceDisconnected(android.content.ComponentName)>",
						"<android.bluetooth.BluetoothA2dpSink: android.bluetooth.IBluetoothA2dpSink access$102(android.bluetooth.BluetoothA2dpSink,android.bluetooth.IBluetoothA2dpSink)>",
						"key field: <android.bluetooth.BluetoothA2dpSink: android.bluetooth.IBluetoothA2dpSink mService>",
						"<android.bluetooth.BluetoothA2dpSink: java.util.List getDevicesMatchingConnectionStates(int[])>"
					],
					"depth":2,
					"method":"<android.content.ServiceConnection: void onServiceDisconnected(android.content.ComponentName)>",
					"source":"FIELDCALLER"
				},
				{
					"trace":[
						"<android.bluetooth.BluetoothA2dpSink$1: void onBluetoothStateChange(boolean)>",
						"<android.bluetooth.BluetoothA2dpSink: android.bluetooth.IBluetoothA2dpSink access$102(android.bluetooth.BluetoothA2dpSink,android.bluetooth.IBluetoothA2dpSink)>",
						"key field: <android.bluetooth.BluetoothA2dpSink: android.bluetooth.IBluetoothA2dpSink mService>",
						"<android.bluetooth.BluetoothA2dpSink: java.util.List getDevicesMatchingConnectionStates(int[])>"
					],
					"depth":2,
					"method":"<android.bluetooth.BluetoothA2dpSink$1: void onBluetoothStateChange(boolean)>",
					"source":"FIELDCALLER"
				},
				{
					"trace":[
						"<android.bluetooth.BluetoothA2dpSink$2: void onServiceConnected(android.content.ComponentName,android.os.IBinder)>",
						"<android.bluetooth.BluetoothA2dpSink: android.bluetooth.IBluetoothA2dpSink access$102(android.bluetooth.BluetoothA2dpSink,android.bluetooth.IBluetoothA2dpSink)>",
						"key field: <android.bluetooth.BluetoothA2dpSink: android.bluetooth.IBluetoothA2dpSink mService>",
						"<android.bluetooth.BluetoothA2dpSink: java.util.List getDevicesMatchingConnectionStates(int[])>"
					],
					"depth":2,
					"method":"<android.bluetooth.BluetoothA2dpSink$2: void onServiceConnected(android.content.ComponentName,android.os.IBinder)>",
					"source":"FIELDCALLER"
				},
				{
					"trace":[
						"<android.content.ServiceConnection: void onServiceConnected(android.content.ComponentName,android.os.IBinder)>",
						"<android.bluetooth.BluetoothA2dpSink: android.bluetooth.IBluetoothA2dpSink access$102(android.bluetooth.BluetoothA2dpSink,android.bluetooth.IBluetoothA2dpSink)>",
						"key field: <android.bluetooth.BluetoothA2dpSink: android.bluetooth.IBluetoothA2dpSink mService>",
						"<android.bluetooth.BluetoothA2dpSink: java.util.List getDevicesMatchingConnectionStates(int[])>"
					],
					"depth":2,
					"method":"<android.content.ServiceConnection: void onServiceConnected(android.content.ComponentName,android.os.IBinder)>",
					"source":"FIELDCALLER"
				},
				{
					"trace":[
						"<android.bluetooth.IBluetoothStateChangeCallback$Stub: boolean onTransact(int,android.os.Parcel,android.os.Parcel,int)>",
						"<android.bluetooth.BluetoothA2dpSink$1: void onBluetoothStateChange(boolean)>",
						"<android.bluetooth.BluetoothA2dpSink: android.bluetooth.IBluetoothA2dpSink access$102(android.bluetooth.BluetoothA2dpSink,android.bluetooth.IBluetoothA2dpSink)>",
						"key field: <android.bluetooth.BluetoothA2dpSink: android.bluetooth.IBluetoothA2dpSink mService>",
						"<android.bluetooth.BluetoothA2dpSink: java.util.List getDevicesMatchingConnectionStates(int[])>"
					],
					"depth":3,
					"method":"<android.bluetooth.IBluetoothStateChangeCallback$Stub: boolean onTransact(int,android.os.Parcel,android.os.Parcel,int)>",
					"source":"FIELDCALLER"
				}
			],
			"callerOfSingnlar2SourceVar":{}
		},
		{
			"method":"<android.bluetooth.BluetoothA2dpSink: int getConnectionState(android.bluetooth.BluetoothDevice)>",
			"message":"[\\s\\S]*",
			"relatedVarType":"Field",
			"relatedCondType":"Basic",
			"modifier":"public",
			"type":"java.lang.Throwable",
			"osVersionRelated":false,
			"resourceRelated":false,
			"assessRelated":false,
			"hardwareRelated":false,
			"manifestRelated":false,
			"conditions":"$z1 == 0, $z0 == 0, r1 == null",
			"fieldValues":"<android.bluetooth.BluetoothA2dpSink: android.bluetooth.IBluetoothA2dpSink mService>",
			"caughtValues":"@caughtexception",
			"relatedValues":"; <android.bluetooth.BluetoothA2dpSink: android.bluetooth.IBluetoothA2dpSink mService>; @caughtexception",
			"keyAPISameClassNum":10,
			"keyAPIDiffClassNum":7,
			"keyAPISameClass":[
				{
					"trace":[
						"<android.bluetooth.BluetoothA2dpSink: int getConnectionState(android.bluetooth.BluetoothDevice)>"
					],
					"depth":1,
					"method":"<android.bluetooth.BluetoothA2dpSink: boolean connect(android.bluetooth.BluetoothDevice)>",
					"source":"FIELD"
				},
				{
					"trace":[
						"<android.bluetooth.BluetoothA2dpSink: int getConnectionState(android.bluetooth.BluetoothDevice)>"
					],
					"depth":1,
					"method":"<android.bluetooth.BluetoothA2dpSink: boolean disconnect(android.bluetooth.BluetoothDevice)>",
					"source":"FIELD"
				},
				{
					"trace":[
						"<android.bluetooth.BluetoothA2dpSink: int getConnectionState(android.bluetooth.BluetoothDevice)>"
					],
					"depth":1,
					"method":"<android.bluetooth.BluetoothA2dpSink: java.util.List getConnectedDevices()>",
					"source":"FIELD"
				},
				{
					"trace":[
						"<android.bluetooth.BluetoothA2dpSink: int getConnectionState(android.bluetooth.BluetoothDevice)>"
					],
					"depth":1,
					"method":"<android.bluetooth.BluetoothA2dpSink: java.util.List getDevicesMatchingConnectionStates(int[])>",
					"source":"FIELD"
				},
				{
					"trace":[
						"<android.bluetooth.BluetoothA2dpSink: int getConnectionState(android.bluetooth.BluetoothDevice)>"
					],
					"depth":1,
					"method":"<android.bluetooth.BluetoothA2dpSink: int getConnectionState(android.bluetooth.BluetoothDevice)>",
					"source":"FIELD"
				},
				{
					"trace":[
						"<android.bluetooth.BluetoothA2dpSink: int getConnectionState(android.bluetooth.BluetoothDevice)>"
					],
					"depth":1,
					"method":"<android.bluetooth.BluetoothA2dpSink: android.bluetooth.BluetoothAudioConfig getAudioConfig(android.bluetooth.BluetoothDevice)>",
					"source":"FIELD"
				},
				{
					"trace":[
						"<android.bluetooth.BluetoothA2dpSink: int getConnectionState(android.bluetooth.BluetoothDevice)>"
					],
					"depth":1,
					"method":"<android.bluetooth.BluetoothA2dpSink: boolean setPriority(android.bluetooth.BluetoothDevice,int)>",
					"source":"FIELD"
				},
				{
					"trace":[
						"<android.bluetooth.BluetoothA2dpSink: int getConnectionState(android.bluetooth.BluetoothDevice)>"
					],
					"depth":1,
					"method":"<android.bluetooth.BluetoothA2dpSink: int getPriority(android.bluetooth.BluetoothDevice)>",
					"source":"FIELD"
				},
				{
					"trace":[
						"<android.bluetooth.BluetoothA2dpSink: int getConnectionState(android.bluetooth.BluetoothDevice)>"
					],
					"depth":1,
					"method":"<android.bluetooth.BluetoothA2dpSink: boolean isA2dpPlaying(android.bluetooth.BluetoothDevice)>",
					"source":"FIELD"
				},
				{
					"trace":[
						"<android.bluetooth.BluetoothA2dpSink: void finalize()>",
						"<android.bluetooth.BluetoothA2dpSink: void close()>",
						"key field: <android.bluetooth.BluetoothA2dpSink: android.bluetooth.IBluetoothA2dpSink mService>",
						"<android.bluetooth.BluetoothA2dpSink: int getConnectionState(android.bluetooth.BluetoothDevice)>"
					],
					"depth":2,
					"method":"<android.bluetooth.BluetoothA2dpSink: void finalize()>",
					"source":"FIELDCALLER"
				}
			],
			"keyAPIDiffClass":[
				{
					"trace":[
						"<android.bluetooth.BluetoothAdapter: void closeProfileProxy(int,android.bluetooth.BluetoothProfile)>",
						"<android.bluetooth.BluetoothA2dpSink: void close()>",
						"key field: <android.bluetooth.BluetoothA2dpSink: android.bluetooth.IBluetoothA2dpSink mService>",
						"<android.bluetooth.BluetoothA2dpSink: int getConnectionState(android.bluetooth.BluetoothDevice)>"
					],
					"depth":2,
					"method":"<android.bluetooth.BluetoothAdapter: void closeProfileProxy(int,android.bluetooth.BluetoothProfile)>",
					"source":"FIELDCALLER"
				},
				{
					"trace":[
						"<android.bluetooth.BluetoothA2dpSink$2: void onServiceDisconnected(android.content.ComponentName)>",
						"<android.bluetooth.BluetoothA2dpSink: android.bluetooth.IBluetoothA2dpSink access$102(android.bluetooth.BluetoothA2dpSink,android.bluetooth.IBluetoothA2dpSink)>",
						"key field: <android.bluetooth.BluetoothA2dpSink: android.bluetooth.IBluetoothA2dpSink mService>",
						"<android.bluetooth.BluetoothA2dpSink: int getConnectionState(android.bluetooth.BluetoothDevice)>"
					],
					"depth":2,
					"method":"<android.bluetooth.BluetoothA2dpSink$2: void onServiceDisconnected(android.content.ComponentName)>",
					"source":"FIELDCALLER"
				},
				{
					"trace":[
						"<android.content.ServiceConnection: void onServiceDisconnected(android.content.ComponentName)>",
						"<android.bluetooth.BluetoothA2dpSink: android.bluetooth.IBluetoothA2dpSink access$102(android.bluetooth.BluetoothA2dpSink,android.bluetooth.IBluetoothA2dpSink)>",
						"key field: <android.bluetooth.BluetoothA2dpSink: android.bluetooth.IBluetoothA2dpSink mService>",
						"<android.bluetooth.BluetoothA2dpSink: int getConnectionState(android.bluetooth.BluetoothDevice)>"
					],
					"depth":2,
					"method":"<android.content.ServiceConnection: void onServiceDisconnected(android.content.ComponentName)>",
					"source":"FIELDCALLER"
				},
				{
					"trace":[
						"<android.bluetooth.BluetoothA2dpSink$1: void onBluetoothStateChange(boolean)>",
						"<android.bluetooth.BluetoothA2dpSink: android.bluetooth.IBluetoothA2dpSink access$102(android.bluetooth.BluetoothA2dpSink,android.bluetooth.IBluetoothA2dpSink)>",
						"key field: <android.bluetooth.BluetoothA2dpSink: android.bluetooth.IBluetoothA2dpSink mService>",
						"<android.bluetooth.BluetoothA2dpSink: int getConnectionState(android.bluetooth.BluetoothDevice)>"
					],
					"depth":2,
					"method":"<android.bluetooth.BluetoothA2dpSink$1: void onBluetoothStateChange(boolean)>",
					"source":"FIELDCALLER"
				},
				{
					"trace":[
						"<android.bluetooth.BluetoothA2dpSink$2: void onServiceConnected(android.content.ComponentName,android.os.IBinder)>",
						"<android.bluetooth.BluetoothA2dpSink: android.bluetooth.IBluetoothA2dpSink access$102(android.bluetooth.BluetoothA2dpSink,android.bluetooth.IBluetoothA2dpSink)>",
						"key field: <android.bluetooth.BluetoothA2dpSink: android.bluetooth.IBluetoothA2dpSink mService>",
						"<android.bluetooth.BluetoothA2dpSink: int getConnectionState(android.bluetooth.BluetoothDevice)>"
					],
					"depth":2,
					"method":"<android.bluetooth.BluetoothA2dpSink$2: void onServiceConnected(android.content.ComponentName,android.os.IBinder)>",
					"source":"FIELDCALLER"
				},
				{
					"trace":[
						"<android.content.ServiceConnection: void onServiceConnected(android.content.ComponentName,android.os.IBinder)>",
						"<android.bluetooth.BluetoothA2dpSink: android.bluetooth.IBluetoothA2dpSink access$102(android.bluetooth.BluetoothA2dpSink,android.bluetooth.IBluetoothA2dpSink)>",
						"key field: <android.bluetooth.BluetoothA2dpSink: android.bluetooth.IBluetoothA2dpSink mService>",
						"<android.bluetooth.BluetoothA2dpSink: int getConnectionState(android.bluetooth.BluetoothDevice)>"
					],
					"depth":2,
					"method":"<android.content.ServiceConnection: void onServiceConnected(android.content.ComponentName,android.os.IBinder)>",
					"source":"FIELDCALLER"
				},
				{
					"trace":[
						"<android.bluetooth.IBluetoothStateChangeCallback$Stub: boolean onTransact(int,android.os.Parcel,android.os.Parcel,int)>",
						"<android.bluetooth.BluetoothA2dpSink$1: void onBluetoothStateChange(boolean)>",
						"<android.bluetooth.BluetoothA2dpSink: android.bluetooth.IBluetoothA2dpSink access$102(android.bluetooth.BluetoothA2dpSink,android.bluetooth.IBluetoothA2dpSink)>",
						"key field: <android.bluetooth.BluetoothA2dpSink: android.bluetooth.IBluetoothA2dpSink mService>",
						"<android.bluetooth.BluetoothA2dpSink: int getConnectionState(android.bluetooth.BluetoothDevice)>"
					],
					"depth":3,
					"method":"<android.bluetooth.IBluetoothStateChangeCallback$Stub: boolean onTransact(int,android.os.Parcel,android.os.Parcel,int)>",
					"source":"FIELDCALLER"
				}
			],
			"callerOfSingnlar2SourceVar":{}
		},
		{
			"method":"<android.bluetooth.BluetoothA2dpSink: android.bluetooth.BluetoothAudioConfig getAudioConfig(android.bluetooth.BluetoothDevice)>",
			"message":"[\\s\\S]*",
			"relatedVarType":"Field",
			"relatedCondType":"Basic",
			"modifier":"public",
			"type":"java.lang.Throwable",
			"osVersionRelated":false,
			"resourceRelated":false,
			"assessRelated":false,
			"hardwareRelated":false,
			"manifestRelated":false,
			"conditions":"$z1 == 0, $z0 == 0, r1 == null",
			"fieldValues":"<android.bluetooth.BluetoothA2dpSink: android.bluetooth.IBluetoothA2dpSink mService>",
			"caughtValues":"@caughtexception",
			"relatedValues":"; <android.bluetooth.BluetoothA2dpSink: android.bluetooth.IBluetoothA2dpSink mService>; @caughtexception",
			"keyAPISameClassNum":10,
			"keyAPIDiffClassNum":7,
			"keyAPISameClass":[
				{
					"trace":[
						"<android.bluetooth.BluetoothA2dpSink: android.bluetooth.BluetoothAudioConfig getAudioConfig(android.bluetooth.BluetoothDevice)>"
					],
					"depth":1,
					"method":"<android.bluetooth.BluetoothA2dpSink: boolean connect(android.bluetooth.BluetoothDevice)>",
					"source":"FIELD"
				},
				{
					"trace":[
						"<android.bluetooth.BluetoothA2dpSink: android.bluetooth.BluetoothAudioConfig getAudioConfig(android.bluetooth.BluetoothDevice)>"
					],
					"depth":1,
					"method":"<android.bluetooth.BluetoothA2dpSink: boolean disconnect(android.bluetooth.BluetoothDevice)>",
					"source":"FIELD"
				},
				{
					"trace":[
						"<android.bluetooth.BluetoothA2dpSink: android.bluetooth.BluetoothAudioConfig getAudioConfig(android.bluetooth.BluetoothDevice)>"
					],
					"depth":1,
					"method":"<android.bluetooth.BluetoothA2dpSink: java.util.List getConnectedDevices()>",
					"source":"FIELD"
				},
				{
					"trace":[
						"<android.bluetooth.BluetoothA2dpSink: android.bluetooth.BluetoothAudioConfig getAudioConfig(android.bluetooth.BluetoothDevice)>"
					],
					"depth":1,
					"method":"<android.bluetooth.BluetoothA2dpSink: java.util.List getDevicesMatchingConnectionStates(int[])>",
					"source":"FIELD"
				},
				{
					"trace":[
						"<android.bluetooth.BluetoothA2dpSink: android.bluetooth.BluetoothAudioConfig getAudioConfig(android.bluetooth.BluetoothDevice)>"
					],
					"depth":1,
					"method":"<android.bluetooth.BluetoothA2dpSink: int getConnectionState(android.bluetooth.BluetoothDevice)>",
					"source":"FIELD"
				},
				{
					"trace":[
						"<android.bluetooth.BluetoothA2dpSink: android.bluetooth.BluetoothAudioConfig getAudioConfig(android.bluetooth.BluetoothDevice)>"
					],
					"depth":1,
					"method":"<android.bluetooth.BluetoothA2dpSink: android.bluetooth.BluetoothAudioConfig getAudioConfig(android.bluetooth.BluetoothDevice)>",
					"source":"FIELD"
				},
				{
					"trace":[
						"<android.bluetooth.BluetoothA2dpSink: android.bluetooth.BluetoothAudioConfig getAudioConfig(android.bluetooth.BluetoothDevice)>"
					],
					"depth":1,
					"method":"<android.bluetooth.BluetoothA2dpSink: boolean setPriority(android.bluetooth.BluetoothDevice,int)>",
					"source":"FIELD"
				},
				{
					"trace":[
						"<android.bluetooth.BluetoothA2dpSink: android.bluetooth.BluetoothAudioConfig getAudioConfig(android.bluetooth.BluetoothDevice)>"
					],
					"depth":1,
					"method":"<android.bluetooth.BluetoothA2dpSink: int getPriority(android.bluetooth.BluetoothDevice)>",
					"source":"FIELD"
				},
				{
					"trace":[
						"<android.bluetooth.BluetoothA2dpSink: android.bluetooth.BluetoothAudioConfig getAudioConfig(android.bluetooth.BluetoothDevice)>"
					],
					"depth":1,
					"method":"<android.bluetooth.BluetoothA2dpSink: boolean isA2dpPlaying(android.bluetooth.BluetoothDevice)>",
					"source":"FIELD"
				},
				{
					"trace":[
						"<android.bluetooth.BluetoothA2dpSink: void finalize()>",
						"<android.bluetooth.BluetoothA2dpSink: void close()>",
						"key field: <android.bluetooth.BluetoothA2dpSink: android.bluetooth.IBluetoothA2dpSink mService>",
						"<android.bluetooth.BluetoothA2dpSink: android.bluetooth.BluetoothAudioConfig getAudioConfig(android.bluetooth.BluetoothDevice)>"
					],
					"depth":2,
					"method":"<android.bluetooth.BluetoothA2dpSink: void finalize()>",
					"source":"FIELDCALLER"
				}
			],
			"keyAPIDiffClass":[
				{
					"trace":[
						"<android.bluetooth.BluetoothAdapter: void closeProfileProxy(int,android.bluetooth.BluetoothProfile)>",
						"<android.bluetooth.BluetoothA2dpSink: void close()>",
						"key field: <android.bluetooth.BluetoothA2dpSink: android.bluetooth.IBluetoothA2dpSink mService>",
						"<android.bluetooth.BluetoothA2dpSink: android.bluetooth.BluetoothAudioConfig getAudioConfig(android.bluetooth.BluetoothDevice)>"
					],
					"depth":2,
					"method":"<android.bluetooth.BluetoothAdapter: void closeProfileProxy(int,android.bluetooth.BluetoothProfile)>",
					"source":"FIELDCALLER"
				},
				{
					"trace":[
						"<android.bluetooth.BluetoothA2dpSink$2: void onServiceDisconnected(android.content.ComponentName)>",
						"<android.bluetooth.BluetoothA2dpSink: android.bluetooth.IBluetoothA2dpSink access$102(android.bluetooth.BluetoothA2dpSink,android.bluetooth.IBluetoothA2dpSink)>",
						"key field: <android.bluetooth.BluetoothA2dpSink: android.bluetooth.IBluetoothA2dpSink mService>",
						"<android.bluetooth.BluetoothA2dpSink: android.bluetooth.BluetoothAudioConfig getAudioConfig(android.bluetooth.BluetoothDevice)>"
					],
					"depth":2,
					"method":"<android.bluetooth.BluetoothA2dpSink$2: void onServiceDisconnected(android.content.ComponentName)>",
					"source":"FIELDCALLER"
				},
				{
					"trace":[
						"<android.content.ServiceConnection: void onServiceDisconnected(android.content.ComponentName)>",
						"<android.bluetooth.BluetoothA2dpSink: android.bluetooth.IBluetoothA2dpSink access$102(android.bluetooth.BluetoothA2dpSink,android.bluetooth.IBluetoothA2dpSink)>",
						"key field: <android.bluetooth.BluetoothA2dpSink: android.bluetooth.IBluetoothA2dpSink mService>",
						"<android.bluetooth.BluetoothA2dpSink: android.bluetooth.BluetoothAudioConfig getAudioConfig(android.bluetooth.BluetoothDevice)>"
					],
					"depth":2,
					"method":"<android.content.ServiceConnection: void onServiceDisconnected(android.content.ComponentName)>",
					"source":"FIELDCALLER"
				},
				{
					"trace":[
						"<android.bluetooth.BluetoothA2dpSink$1: void onBluetoothStateChange(boolean)>",
						"<android.bluetooth.BluetoothA2dpSink: android.bluetooth.IBluetoothA2dpSink access$102(android.bluetooth.BluetoothA2dpSink,android.bluetooth.IBluetoothA2dpSink)>",
						"key field: <android.bluetooth.BluetoothA2dpSink: android.bluetooth.IBluetoothA2dpSink mService>",
						"<android.bluetooth.BluetoothA2dpSink: android.bluetooth.BluetoothAudioConfig getAudioConfig(android.bluetooth.BluetoothDevice)>"
					],
					"depth":2,
					"method":"<android.bluetooth.BluetoothA2dpSink$1: void onBluetoothStateChange(boolean)>",
					"source":"FIELDCALLER"
				},
				{
					"trace":[
						"<android.bluetooth.BluetoothA2dpSink$2: void onServiceConnected(android.content.ComponentName,android.os.IBinder)>",
						"<android.bluetooth.BluetoothA2dpSink: android.bluetooth.IBluetoothA2dpSink access$102(android.bluetooth.BluetoothA2dpSink,android.bluetooth.IBluetoothA2dpSink)>",
						"key field: <android.bluetooth.BluetoothA2dpSink: android.bluetooth.IBluetoothA2dpSink mService>",
						"<android.bluetooth.BluetoothA2dpSink: android.bluetooth.BluetoothAudioConfig getAudioConfig(android.bluetooth.BluetoothDevice)>"
					],
					"depth":2,
					"method":"<android.bluetooth.BluetoothA2dpSink$2: void onServiceConnected(android.content.ComponentName,android.os.IBinder)>",
					"source":"FIELDCALLER"
				},
				{
					"trace":[
						"<android.content.ServiceConnection: void onServiceConnected(android.content.ComponentName,android.os.IBinder)>",
						"<android.bluetooth.BluetoothA2dpSink: android.bluetooth.IBluetoothA2dpSink access$102(android.bluetooth.BluetoothA2dpSink,android.bluetooth.IBluetoothA2dpSink)>",
						"key field: <android.bluetooth.BluetoothA2dpSink: android.bluetooth.IBluetoothA2dpSink mService>",
						"<android.bluetooth.BluetoothA2dpSink: android.bluetooth.BluetoothAudioConfig getAudioConfig(android.bluetooth.BluetoothDevice)>"
					],
					"depth":2,
					"method":"<android.content.ServiceConnection: void onServiceConnected(android.content.ComponentName,android.os.IBinder)>",
					"source":"FIELDCALLER"
				},
				{
					"trace":[
						"<android.bluetooth.IBluetoothStateChangeCallback$Stub: boolean onTransact(int,android.os.Parcel,android.os.Parcel,int)>",
						"<android.bluetooth.BluetoothA2dpSink$1: void onBluetoothStateChange(boolean)>",
						"<android.bluetooth.BluetoothA2dpSink: android.bluetooth.IBluetoothA2dpSink access$102(android.bluetooth.BluetoothA2dpSink,android.bluetooth.IBluetoothA2dpSink)>",
						"key field: <android.bluetooth.BluetoothA2dpSink: android.bluetooth.IBluetoothA2dpSink mService>",
						"<android.bluetooth.BluetoothA2dpSink: android.bluetooth.BluetoothAudioConfig getAudioConfig(android.bluetooth.BluetoothDevice)>"
					],
					"depth":3,
					"method":"<android.bluetooth.IBluetoothStateChangeCallback$Stub: boolean onTransact(int,android.os.Parcel,android.os.Parcel,int)>",
					"source":"FIELDCALLER"
				}
			],
			"callerOfSingnlar2SourceVar":{}
		},
		{
			"method":"<android.bluetooth.BluetoothA2dpSink: boolean setPriority(android.bluetooth.BluetoothDevice,int)>",
			"message":"[\\s\\S]*",
			"relatedVarType":"Parameter",
			"relatedCondType":"Basic",
			"modifier":"public",
			"type":"java.lang.Throwable",
			"osVersionRelated":false,
			"resourceRelated":false,
			"assessRelated":false,
			"hardwareRelated":false,
			"manifestRelated":false,
			"conditions":"i0 == 0, $z1 == 0, $z0 == 0",
			"paramValues":"@parameter0: android.bluetooth.BluetoothDevice",
			"caughtValues":"@caughtexception",
			"relatedValues":"@parameter0: android.bluetooth.BluetoothDevice; ; @caughtexception",
			"keyAPISameClassNum":0,
			"keyAPIDiffClassNum":0,
			"keyAPISameClass":[
				{
					"trace":[
						"<android.bluetooth.BluetoothA2dpSink: boolean setPriority(android.bluetooth.BluetoothDevice,int)>"
					],
					"depth":0,
					"method":"<android.bluetooth.BluetoothA2dpSink: boolean setPriority(android.bluetooth.BluetoothDevice,int)>",
					"source":"CALLER"
				}
			],
			"keyAPIDiffClass":[],
			"callerOfSingnlar2SourceVar":{
				"<android.bluetooth.BluetoothA2dpSink: boolean setPriority(android.bluetooth.BluetoothDevice,int)>":"0"
			}
		},
		{
			"method":"<android.bluetooth.BluetoothA2dpSink: int getPriority(android.bluetooth.BluetoothDevice)>",
			"message":"[\\s\\S]*",
			"relatedVarType":"Field",
			"relatedCondType":"Basic",
			"modifier":"public",
			"type":"java.lang.Throwable",
			"osVersionRelated":false,
			"resourceRelated":false,
			"assessRelated":false,
			"hardwareRelated":false,
			"manifestRelated":false,
			"conditions":"$z1 == 0, $z0 == 0, r1 == null",
			"fieldValues":"<android.bluetooth.BluetoothA2dpSink: android.bluetooth.IBluetoothA2dpSink mService>",
			"caughtValues":"@caughtexception",
			"relatedValues":"; <android.bluetooth.BluetoothA2dpSink: android.bluetooth.IBluetoothA2dpSink mService>; @caughtexception",
			"keyAPISameClassNum":10,
			"keyAPIDiffClassNum":7,
			"keyAPISameClass":[
				{
					"trace":[
						"<android.bluetooth.BluetoothA2dpSink: int getPriority(android.bluetooth.BluetoothDevice)>"
					],
					"depth":1,
					"method":"<android.bluetooth.BluetoothA2dpSink: boolean connect(android.bluetooth.BluetoothDevice)>",
					"source":"FIELD"
				},
				{
					"trace":[
						"<android.bluetooth.BluetoothA2dpSink: int getPriority(android.bluetooth.BluetoothDevice)>"
					],
					"depth":1,
					"method":"<android.bluetooth.BluetoothA2dpSink: boolean disconnect(android.bluetooth.BluetoothDevice)>",
					"source":"FIELD"
				},
				{
					"trace":[
						"<android.bluetooth.BluetoothA2dpSink: int getPriority(android.bluetooth.BluetoothDevice)>"
					],
					"depth":1,
					"method":"<android.bluetooth.BluetoothA2dpSink: java.util.List getConnectedDevices()>",
					"source":"FIELD"
				},
				{
					"trace":[
						"<android.bluetooth.BluetoothA2dpSink: int getPriority(android.bluetooth.BluetoothDevice)>"
					],
					"depth":1,
					"method":"<android.bluetooth.BluetoothA2dpSink: java.util.List getDevicesMatchingConnectionStates(int[])>",
					"source":"FIELD"
				},
				{
					"trace":[
						"<android.bluetooth.BluetoothA2dpSink: int getPriority(android.bluetooth.BluetoothDevice)>"
					],
					"depth":1,
					"method":"<android.bluetooth.BluetoothA2dpSink: int getConnectionState(android.bluetooth.BluetoothDevice)>",
					"source":"FIELD"
				},
				{
					"trace":[
						"<android.bluetooth.BluetoothA2dpSink: int getPriority(android.bluetooth.BluetoothDevice)>"
					],
					"depth":1,
					"method":"<android.bluetooth.BluetoothA2dpSink: android.bluetooth.BluetoothAudioConfig getAudioConfig(android.bluetooth.BluetoothDevice)>",
					"source":"FIELD"
				},
				{
					"trace":[
						"<android.bluetooth.BluetoothA2dpSink: int getPriority(android.bluetooth.BluetoothDevice)>"
					],
					"depth":1,
					"method":"<android.bluetooth.BluetoothA2dpSink: boolean setPriority(android.bluetooth.BluetoothDevice,int)>",
					"source":"FIELD"
				},
				{
					"trace":[
						"<android.bluetooth.BluetoothA2dpSink: int getPriority(android.bluetooth.BluetoothDevice)>"
					],
					"depth":1,
					"method":"<android.bluetooth.BluetoothA2dpSink: int getPriority(android.bluetooth.BluetoothDevice)>",
					"source":"FIELD"
				},
				{
					"trace":[
						"<android.bluetooth.BluetoothA2dpSink: int getPriority(android.bluetooth.BluetoothDevice)>"
					],
					"depth":1,
					"method":"<android.bluetooth.BluetoothA2dpSink: boolean isA2dpPlaying(android.bluetooth.BluetoothDevice)>",
					"source":"FIELD"
				},
				{
					"trace":[
						"<android.bluetooth.BluetoothA2dpSink: void finalize()>",
						"<android.bluetooth.BluetoothA2dpSink: void close()>",
						"key field: <android.bluetooth.BluetoothA2dpSink: android.bluetooth.IBluetoothA2dpSink mService>",
						"<android.bluetooth.BluetoothA2dpSink: int getPriority(android.bluetooth.BluetoothDevice)>"
					],
					"depth":2,
					"method":"<android.bluetooth.BluetoothA2dpSink: void finalize()>",
					"source":"FIELDCALLER"
				}
			],
			"keyAPIDiffClass":[
				{
					"trace":[
						"<android.bluetooth.BluetoothAdapter: void closeProfileProxy(int,android.bluetooth.BluetoothProfile)>",
						"<android.bluetooth.BluetoothA2dpSink: void close()>",
						"key field: <android.bluetooth.BluetoothA2dpSink: android.bluetooth.IBluetoothA2dpSink mService>",
						"<android.bluetooth.BluetoothA2dpSink: int getPriority(android.bluetooth.BluetoothDevice)>"
					],
					"depth":2,
					"method":"<android.bluetooth.BluetoothAdapter: void closeProfileProxy(int,android.bluetooth.BluetoothProfile)>",
					"source":"FIELDCALLER"
				},
				{
					"trace":[
						"<android.bluetooth.BluetoothA2dpSink$2: void onServiceDisconnected(android.content.ComponentName)>",
						"<android.bluetooth.BluetoothA2dpSink: android.bluetooth.IBluetoothA2dpSink access$102(android.bluetooth.BluetoothA2dpSink,android.bluetooth.IBluetoothA2dpSink)>",
						"key field: <android.bluetooth.BluetoothA2dpSink: android.bluetooth.IBluetoothA2dpSink mService>",
						"<android.bluetooth.BluetoothA2dpSink: int getPriority(android.bluetooth.BluetoothDevice)>"
					],
					"depth":2,
					"method":"<android.bluetooth.BluetoothA2dpSink$2: void onServiceDisconnected(android.content.ComponentName)>",
					"source":"FIELDCALLER"
				},
				{
					"trace":[
						"<android.content.ServiceConnection: void onServiceDisconnected(android.content.ComponentName)>",
						"<android.bluetooth.BluetoothA2dpSink: android.bluetooth.IBluetoothA2dpSink access$102(android.bluetooth.BluetoothA2dpSink,android.bluetooth.IBluetoothA2dpSink)>",
						"key field: <android.bluetooth.BluetoothA2dpSink: android.bluetooth.IBluetoothA2dpSink mService>",
						"<android.bluetooth.BluetoothA2dpSink: int getPriority(android.bluetooth.BluetoothDevice)>"
					],
					"depth":2,
					"method":"<android.content.ServiceConnection: void onServiceDisconnected(android.content.ComponentName)>",
					"source":"FIELDCALLER"
				},
				{
					"trace":[
						"<android.bluetooth.BluetoothA2dpSink$1: void onBluetoothStateChange(boolean)>",
						"<android.bluetooth.BluetoothA2dpSink: android.bluetooth.IBluetoothA2dpSink access$102(android.bluetooth.BluetoothA2dpSink,android.bluetooth.IBluetoothA2dpSink)>",
						"key field: <android.bluetooth.BluetoothA2dpSink: android.bluetooth.IBluetoothA2dpSink mService>",
						"<android.bluetooth.BluetoothA2dpSink: int getPriority(android.bluetooth.BluetoothDevice)>"
					],
					"depth":2,
					"method":"<android.bluetooth.BluetoothA2dpSink$1: void onBluetoothStateChange(boolean)>",
					"source":"FIELDCALLER"
				},
				{
					"trace":[
						"<android.bluetooth.BluetoothA2dpSink$2: void onServiceConnected(android.content.ComponentName,android.os.IBinder)>",
						"<android.bluetooth.BluetoothA2dpSink: android.bluetooth.IBluetoothA2dpSink access$102(android.bluetooth.BluetoothA2dpSink,android.bluetooth.IBluetoothA2dpSink)>",
						"key field: <android.bluetooth.BluetoothA2dpSink: android.bluetooth.IBluetoothA2dpSink mService>",
						"<android.bluetooth.BluetoothA2dpSink: int getPriority(android.bluetooth.BluetoothDevice)>"
					],
					"depth":2,
					"method":"<android.bluetooth.BluetoothA2dpSink$2: void onServiceConnected(android.content.ComponentName,android.os.IBinder)>",
					"source":"FIELDCALLER"
				},
				{
					"trace":[
						"<android.content.ServiceConnection: void onServiceConnected(android.content.ComponentName,android.os.IBinder)>",
						"<android.bluetooth.BluetoothA2dpSink: android.bluetooth.IBluetoothA2dpSink access$102(android.bluetooth.BluetoothA2dpSink,android.bluetooth.IBluetoothA2dpSink)>",
						"key field: <android.bluetooth.BluetoothA2dpSink: android.bluetooth.IBluetoothA2dpSink mService>",
						"<android.bluetooth.BluetoothA2dpSink: int getPriority(android.bluetooth.BluetoothDevice)>"
					],
					"depth":2,
					"method":"<android.content.ServiceConnection: void onServiceConnected(android.content.ComponentName,android.os.IBinder)>",
					"source":"FIELDCALLER"
				},
				{
					"trace":[
						"<android.bluetooth.IBluetoothStateChangeCallback$Stub: boolean onTransact(int,android.os.Parcel,android.os.Parcel,int)>",
						"<android.bluetooth.BluetoothA2dpSink$1: void onBluetoothStateChange(boolean)>",
						"<android.bluetooth.BluetoothA2dpSink: android.bluetooth.IBluetoothA2dpSink access$102(android.bluetooth.BluetoothA2dpSink,android.bluetooth.IBluetoothA2dpSink)>",
						"key field: <android.bluetooth.BluetoothA2dpSink: android.bluetooth.IBluetoothA2dpSink mService>",
						"<android.bluetooth.BluetoothA2dpSink: int getPriority(android.bluetooth.BluetoothDevice)>"
					],
					"depth":3,
					"method":"<android.bluetooth.IBluetoothStateChangeCallback$Stub: boolean onTransact(int,android.os.Parcel,android.os.Parcel,int)>",
					"source":"FIELDCALLER"
				}
			],
			"callerOfSingnlar2SourceVar":{}
		},
		{
			"method":"<android.bluetooth.BluetoothA2dpSink: boolean isA2dpPlaying(android.bluetooth.BluetoothDevice)>",
			"message":"[\\s\\S]*",
			"relatedVarType":"Field",
			"relatedCondType":"Basic",
			"modifier":"public",
			"type":"java.lang.Throwable",
			"osVersionRelated":false,
			"resourceRelated":false,
			"assessRelated":false,
			"hardwareRelated":false,
			"manifestRelated":false,
			"conditions":"$z1 == 0, $z0 == 0, r1 == null",
			"fieldValues":"<android.bluetooth.BluetoothA2dpSink: android.bluetooth.IBluetoothA2dpSink mService>",
			"caughtValues":"@caughtexception",
			"relatedValues":"; <android.bluetooth.BluetoothA2dpSink: android.bluetooth.IBluetoothA2dpSink mService>; @caughtexception",
			"keyAPISameClassNum":10,
			"keyAPIDiffClassNum":7,
			"keyAPISameClass":[
				{
					"trace":[
						"<android.bluetooth.BluetoothA2dpSink: boolean isA2dpPlaying(android.bluetooth.BluetoothDevice)>"
					],
					"depth":1,
					"method":"<android.bluetooth.BluetoothA2dpSink: boolean connect(android.bluetooth.BluetoothDevice)>",
					"source":"FIELD"
				},
				{
					"trace":[
						"<android.bluetooth.BluetoothA2dpSink: boolean isA2dpPlaying(android.bluetooth.BluetoothDevice)>"
					],
					"depth":1,
					"method":"<android.bluetooth.BluetoothA2dpSink: boolean disconnect(android.bluetooth.BluetoothDevice)>",
					"source":"FIELD"
				},
				{
					"trace":[
						"<android.bluetooth.BluetoothA2dpSink: boolean isA2dpPlaying(android.bluetooth.BluetoothDevice)>"
					],
					"depth":1,
					"method":"<android.bluetooth.BluetoothA2dpSink: java.util.List getConnectedDevices()>",
					"source":"FIELD"
				},
				{
					"trace":[
						"<android.bluetooth.BluetoothA2dpSink: boolean isA2dpPlaying(android.bluetooth.BluetoothDevice)>"
					],
					"depth":1,
					"method":"<android.bluetooth.BluetoothA2dpSink: java.util.List getDevicesMatchingConnectionStates(int[])>",
					"source":"FIELD"
				},
				{
					"trace":[
						"<android.bluetooth.BluetoothA2dpSink: boolean isA2dpPlaying(android.bluetooth.BluetoothDevice)>"
					],
					"depth":1,
					"method":"<android.bluetooth.BluetoothA2dpSink: int getConnectionState(android.bluetooth.BluetoothDevice)>",
					"source":"FIELD"
				},
				{
					"trace":[
						"<android.bluetooth.BluetoothA2dpSink: boolean isA2dpPlaying(android.bluetooth.BluetoothDevice)>"
					],
					"depth":1,
					"method":"<android.bluetooth.BluetoothA2dpSink: android.bluetooth.BluetoothAudioConfig getAudioConfig(android.bluetooth.BluetoothDevice)>",
					"source":"FIELD"
				},
				{
					"trace":[
						"<android.bluetooth.BluetoothA2dpSink: boolean isA2dpPlaying(android.bluetooth.BluetoothDevice)>"
					],
					"depth":1,
					"method":"<android.bluetooth.BluetoothA2dpSink: boolean setPriority(android.bluetooth.BluetoothDevice,int)>",
					"source":"FIELD"
				},
				{
					"trace":[
						"<android.bluetooth.BluetoothA2dpSink: boolean isA2dpPlaying(android.bluetooth.BluetoothDevice)>"
					],
					"depth":1,
					"method":"<android.bluetooth.BluetoothA2dpSink: int getPriority(android.bluetooth.BluetoothDevice)>",
					"source":"FIELD"
				},
				{
					"trace":[
						"<android.bluetooth.BluetoothA2dpSink: boolean isA2dpPlaying(android.bluetooth.BluetoothDevice)>"
					],
					"depth":1,
					"method":"<android.bluetooth.BluetoothA2dpSink: boolean isA2dpPlaying(android.bluetooth.BluetoothDevice)>",
					"source":"FIELD"
				},
				{
					"trace":[
						"<android.bluetooth.BluetoothA2dpSink: void finalize()>",
						"<android.bluetooth.BluetoothA2dpSink: void close()>",
						"key field: <android.bluetooth.BluetoothA2dpSink: android.bluetooth.IBluetoothA2dpSink mService>",
						"<android.bluetooth.BluetoothA2dpSink: boolean isA2dpPlaying(android.bluetooth.BluetoothDevice)>"
					],
					"depth":2,
					"method":"<android.bluetooth.BluetoothA2dpSink: void finalize()>",
					"source":"FIELDCALLER"
				}
			],
			"keyAPIDiffClass":[
				{
					"trace":[
						"<android.bluetooth.BluetoothAdapter: void closeProfileProxy(int,android.bluetooth.BluetoothProfile)>",
						"<android.bluetooth.BluetoothA2dpSink: void close()>",
						"key field: <android.bluetooth.BluetoothA2dpSink: android.bluetooth.IBluetoothA2dpSink mService>",
						"<android.bluetooth.BluetoothA2dpSink: boolean isA2dpPlaying(android.bluetooth.BluetoothDevice)>"
					],
					"depth":2,
					"method":"<android.bluetooth.BluetoothAdapter: void closeProfileProxy(int,android.bluetooth.BluetoothProfile)>",
					"source":"FIELDCALLER"
				},
				{
					"trace":[
						"<android.bluetooth.BluetoothA2dpSink$2: void onServiceDisconnected(android.content.ComponentName)>",
						"<android.bluetooth.BluetoothA2dpSink: android.bluetooth.IBluetoothA2dpSink access$102(android.bluetooth.BluetoothA2dpSink,android.bluetooth.IBluetoothA2dpSink)>",
						"key field: <android.bluetooth.BluetoothA2dpSink: android.bluetooth.IBluetoothA2dpSink mService>",
						"<android.bluetooth.BluetoothA2dpSink: boolean isA2dpPlaying(android.bluetooth.BluetoothDevice)>"
					],
					"depth":2,
					"method":"<android.bluetooth.BluetoothA2dpSink$2: void onServiceDisconnected(android.content.ComponentName)>",
					"source":"FIELDCALLER"
				},
				{
					"trace":[
						"<android.content.ServiceConnection: void onServiceDisconnected(android.content.ComponentName)>",
						"<android.bluetooth.BluetoothA2dpSink: android.bluetooth.IBluetoothA2dpSink access$102(android.bluetooth.BluetoothA2dpSink,android.bluetooth.IBluetoothA2dpSink)>",
						"key field: <android.bluetooth.BluetoothA2dpSink: android.bluetooth.IBluetoothA2dpSink mService>",
						"<android.bluetooth.BluetoothA2dpSink: boolean isA2dpPlaying(android.bluetooth.BluetoothDevice)>"
					],
					"depth":2,
					"method":"<android.content.ServiceConnection: void onServiceDisconnected(android.content.ComponentName)>",
					"source":"FIELDCALLER"
				},
				{
					"trace":[
						"<android.bluetooth.BluetoothA2dpSink$1: void onBluetoothStateChange(boolean)>",
						"<android.bluetooth.BluetoothA2dpSink: android.bluetooth.IBluetoothA2dpSink access$102(android.bluetooth.BluetoothA2dpSink,android.bluetooth.IBluetoothA2dpSink)>",
						"key field: <android.bluetooth.BluetoothA2dpSink: android.bluetooth.IBluetoothA2dpSink mService>",
						"<android.bluetooth.BluetoothA2dpSink: boolean isA2dpPlaying(android.bluetooth.BluetoothDevice)>"
					],
					"depth":2,
					"method":"<android.bluetooth.BluetoothA2dpSink$1: void onBluetoothStateChange(boolean)>",
					"source":"FIELDCALLER"
				},
				{
					"trace":[
						"<android.bluetooth.BluetoothA2dpSink$2: void onServiceConnected(android.content.ComponentName,android.os.IBinder)>",
						"<android.bluetooth.BluetoothA2dpSink: android.bluetooth.IBluetoothA2dpSink access$102(android.bluetooth.BluetoothA2dpSink,android.bluetooth.IBluetoothA2dpSink)>",
						"key field: <android.bluetooth.BluetoothA2dpSink: android.bluetooth.IBluetoothA2dpSink mService>",
						"<android.bluetooth.BluetoothA2dpSink: boolean isA2dpPlaying(android.bluetooth.BluetoothDevice)>"
					],
					"depth":2,
					"method":"<android.bluetooth.BluetoothA2dpSink$2: void onServiceConnected(android.content.ComponentName,android.os.IBinder)>",
					"source":"FIELDCALLER"
				},
				{
					"trace":[
						"<android.content.ServiceConnection: void onServiceConnected(android.content.ComponentName,android.os.IBinder)>",
						"<android.bluetooth.BluetoothA2dpSink: android.bluetooth.IBluetoothA2dpSink access$102(android.bluetooth.BluetoothA2dpSink,android.bluetooth.IBluetoothA2dpSink)>",
						"key field: <android.bluetooth.BluetoothA2dpSink: android.bluetooth.IBluetoothA2dpSink mService>",
						"<android.bluetooth.BluetoothA2dpSink: boolean isA2dpPlaying(android.bluetooth.BluetoothDevice)>"
					],
					"depth":2,
					"method":"<android.content.ServiceConnection: void onServiceConnected(android.content.ComponentName,android.os.IBinder)>",
					"source":"FIELDCALLER"
				},
				{
					"trace":[
						"<android.bluetooth.IBluetoothStateChangeCallback$Stub: boolean onTransact(int,android.os.Parcel,android.os.Parcel,int)>",
						"<android.bluetooth.BluetoothA2dpSink$1: void onBluetoothStateChange(boolean)>",
						"<android.bluetooth.BluetoothA2dpSink: android.bluetooth.IBluetoothA2dpSink access$102(android.bluetooth.BluetoothA2dpSink,android.bluetooth.IBluetoothA2dpSink)>",
						"key field: <android.bluetooth.BluetoothA2dpSink: android.bluetooth.IBluetoothA2dpSink mService>",
						"<android.bluetooth.BluetoothA2dpSink: boolean isA2dpPlaying(android.bluetooth.BluetoothDevice)>"
					],
					"depth":3,
					"method":"<android.bluetooth.IBluetoothStateChangeCallback$Stub: boolean onTransact(int,android.os.Parcel,android.os.Parcel,int)>",
					"source":"FIELDCALLER"
				}
			],
			"callerOfSingnlar2SourceVar":{}
		}
	]
}