{
	"exceptions":[
		{
			"method":"<android.drm.DrmInfoStatus: void <init>(int,int,android.drm.ProcessedData,java.lang.String)>",
			"message":"\\QmimeType is null or an empty string\\E",
			"relatedVarType":"Parameter",
			"relatedCondType":"Basic",
			"modifier":"public",
			"type":"java.lang.IllegalArgumentException",
			"osVersionRelated":false,
			"resourceRelated":false,
			"assessRelated":false,
			"hardwareRelated":false,
			"manifestRelated":false,
			"conditions":"r1 == null, $z1 != 0, $z0 != 0",
			"paramValues":"@parameter3: java.lang.String, @parameter0: int, @parameter1: int",
			"relatedValues":"@parameter3: java.lang.String, @parameter0: int, @parameter1: int; ; ",
			"keyAPISameClassNum":0,
			"keyAPIDiffClassNum":0,
			"keyAPISameClass":[
				{
					"trace":[
						"<android.drm.DrmInfoStatus: void <init>(int,int,android.drm.ProcessedData,java.lang.String)>"
					],
					"depth":0,
					"method":"<android.drm.DrmInfoStatus: void <init>(int,int,android.drm.ProcessedData,java.lang.String)>",
					"source":"CALLER"
				}
			],
			"keyAPIDiffClass":[],
			"callerOfSingnlar2SourceVar":{
				"<android.drm.DrmInfoStatus: void <init>(int,int,android.drm.ProcessedData,java.lang.String)>":"3, 0, 1"
			}
		},
		{
			"method":"<android.drm.DrmInfoStatus: void <init>(int,int,android.drm.ProcessedData,java.lang.String)>",
			"message":"\\QUnsupported status code: \\E[\\s\\S]*",
			"relatedVarType":"Parameter",
			"relatedCondType":"Basic",
			"modifier":"public",
			"type":"java.lang.IllegalArgumentException",
			"osVersionRelated":false,
			"resourceRelated":false,
			"assessRelated":false,
			"hardwareRelated":false,
			"manifestRelated":false,
			"conditions":"$z1 != 0, $z0 != 0",
			"paramValues":"@parameter0: int, @parameter1: int",
			"relatedValues":"@parameter0: int, @parameter1: int; ; ",
			"keyAPISameClassNum":0,
			"keyAPIDiffClassNum":0,
			"keyAPISameClass":[
				{
					"trace":[
						"<android.drm.DrmInfoStatus: void <init>(int,int,android.drm.ProcessedData,java.lang.String)>"
					],
					"depth":0,
					"method":"<android.drm.DrmInfoStatus: void <init>(int,int,android.drm.ProcessedData,java.lang.String)>",
					"source":"CALLER"
				}
			],
			"keyAPIDiffClass":[],
			"callerOfSingnlar2SourceVar":{
				"<android.drm.DrmInfoStatus: void <init>(int,int,android.drm.ProcessedData,java.lang.String)>":"0, 1"
			}
		},
		{
			"method":"<android.drm.DrmInfoStatus: void <init>(int,int,android.drm.ProcessedData,java.lang.String)>",
			"message":"\\QinfoType: \\E[\\s\\S]*",
			"relatedVarType":"Parameter",
			"relatedCondType":"Basic",
			"modifier":"public",
			"type":"java.lang.IllegalArgumentException",
			"osVersionRelated":false,
			"resourceRelated":false,
			"assessRelated":false,
			"hardwareRelated":false,
			"manifestRelated":false,
			"conditions":"$z0 != 0",
			"paramValues":"@parameter1: int",
			"relatedValues":"@parameter1: int; ; ",
			"keyAPISameClassNum":0,
			"keyAPIDiffClassNum":0,
			"keyAPISameClass":[
				{
					"trace":[
						"<android.drm.DrmInfoStatus: void <init>(int,int,android.drm.ProcessedData,java.lang.String)>"
					],
					"depth":0,
					"method":"<android.drm.DrmInfoStatus: void <init>(int,int,android.drm.ProcessedData,java.lang.String)>",
					"source":"CALLER"
				}
			],
			"keyAPIDiffClass":[],
			"callerOfSingnlar2SourceVar":{
				"<android.drm.DrmInfoStatus: void <init>(int,int,android.drm.ProcessedData,java.lang.String)>":"1"
			}
		}
	]
}