{
	"exceptions":[
		{
			"method":"<android.bluetooth.BluetoothHidDevice: boolean registerApp(android.bluetooth.BluetoothHidDeviceAppSdpSettings,android.bluetooth.BluetoothHidDeviceAppQosSettings,android.bluetooth.BluetoothHidDeviceAppQosSettings,java.util.concurrent.Executor,android.bluetooth.BluetoothHidDevice$Callback)>",
			"message":"\\Qexecutor parameter cannot be null\\E",
			"relatedVarType":"Parameter",
			"relatedCondType":"Basic",
			"modifier":"public",
			"type":"java.lang.IllegalArgumentException",
			"osVersionRelated":false,
			"resourceRelated":false,
			"assessRelated":false,
			"hardwareRelated":false,
			"manifestRelated":false,
			"conditions":"r1 != null, r0 != null",
			"paramValues":"@parameter3: java.util.concurrent.Executor, @parameter0: android.bluetooth.BluetoothHidDeviceAppSdpSettings",
			"relatedValues":"@parameter3: java.util.concurrent.Executor, @parameter0: android.bluetooth.BluetoothHidDeviceAppSdpSettings; ; ",
			"keyAPISameClassNum":0,
			"keyAPIDiffClassNum":0,
			"keyAPISameClass":[
				{
					"trace":[
						"<android.bluetooth.BluetoothHidDevice: boolean registerApp(android.bluetooth.BluetoothHidDeviceAppSdpSettings,android.bluetooth.BluetoothHidDeviceAppQosSettings,android.bluetooth.BluetoothHidDeviceAppQosSettings,java.util.concurrent.Executor,android.bluetooth.BluetoothHidDevice$Callback)>"
					],
					"depth":0,
					"method":"<android.bluetooth.BluetoothHidDevice: boolean registerApp(android.bluetooth.BluetoothHidDeviceAppSdpSettings,android.bluetooth.BluetoothHidDeviceAppQosSettings,android.bluetooth.BluetoothHidDeviceAppQosSettings,java.util.concurrent.Executor,android.bluetooth.BluetoothHidDevice$Callback)>",
					"source":"CALLER"
				}
			],
			"keyAPIDiffClass":[],
			"callerOfSingnlar2SourceVar":{
				"<android.bluetooth.BluetoothHidDevice: boolean registerApp(android.bluetooth.BluetoothHidDeviceAppSdpSettings,android.bluetooth.BluetoothHidDeviceAppQosSettings,android.bluetooth.BluetoothHidDeviceAppQosSettings,java.util.concurrent.Executor,android.bluetooth.BluetoothHidDevice$Callback)>":"3, 0"
			}
		},
		{
			"method":"<android.bluetooth.BluetoothHidDevice: boolean registerApp(android.bluetooth.BluetoothHidDeviceAppSdpSettings,android.bluetooth.BluetoothHidDeviceAppQosSettings,android.bluetooth.BluetoothHidDeviceAppQosSettings,java.util.concurrent.Executor,android.bluetooth.BluetoothHidDevice$Callback)>",
			"message":"\\Qcallback parameter cannot be null\\E",
			"relatedVarType":"Parameter",
			"relatedCondType":"Basic",
			"modifier":"public",
			"type":"java.lang.IllegalArgumentException",
			"osVersionRelated":false,
			"resourceRelated":false,
			"assessRelated":false,
			"hardwareRelated":false,
			"manifestRelated":false,
			"conditions":"r2 != null, r1 != null, r0 != null",
			"paramValues":"@parameter4: android.bluetooth.BluetoothHidDevice$Callback, @parameter3: java.util.concurrent.Executor, @parameter0: android.bluetooth.BluetoothHidDeviceAppSdpSettings",
			"relatedValues":"@parameter4: android.bluetooth.BluetoothHidDevice$Callback, @parameter3: java.util.concurrent.Executor, @parameter0: android.bluetooth.BluetoothHidDeviceAppSdpSettings; ; ",
			"keyAPISameClassNum":0,
			"keyAPIDiffClassNum":0,
			"keyAPISameClass":[
				{
					"trace":[
						"<android.bluetooth.BluetoothHidDevice: boolean registerApp(android.bluetooth.BluetoothHidDeviceAppSdpSettings,android.bluetooth.BluetoothHidDeviceAppQosSettings,android.bluetooth.BluetoothHidDeviceAppQosSettings,java.util.concurrent.Executor,android.bluetooth.BluetoothHidDevice$Callback)>"
					],
					"depth":0,
					"method":"<android.bluetooth.BluetoothHidDevice: boolean registerApp(android.bluetooth.BluetoothHidDeviceAppSdpSettings,android.bluetooth.BluetoothHidDeviceAppQosSettings,android.bluetooth.BluetoothHidDeviceAppQosSettings,java.util.concurrent.Executor,android.bluetooth.BluetoothHidDevice$Callback)>",
					"source":"CALLER"
				}
			],
			"keyAPIDiffClass":[],
			"callerOfSingnlar2SourceVar":{
				"<android.bluetooth.BluetoothHidDevice: boolean registerApp(android.bluetooth.BluetoothHidDeviceAppSdpSettings,android.bluetooth.BluetoothHidDeviceAppQosSettings,android.bluetooth.BluetoothHidDeviceAppQosSettings,java.util.concurrent.Executor,android.bluetooth.BluetoothHidDevice$Callback)>":"4, 3, 0"
			}
		},
		{
			"method":"<android.bluetooth.BluetoothHidDevice: boolean registerApp(android.bluetooth.BluetoothHidDeviceAppSdpSettings,android.bluetooth.BluetoothHidDeviceAppQosSettings,android.bluetooth.BluetoothHidDeviceAppQosSettings,java.util.concurrent.Executor,android.bluetooth.BluetoothHidDevice$Callback)>",
			"message":"\\Qsdp parameter cannot be null\\E",
			"relatedVarType":"Parameter",
			"relatedCondType":"Basic",
			"modifier":"public",
			"type":"java.lang.IllegalArgumentException",
			"osVersionRelated":false,
			"resourceRelated":false,
			"assessRelated":false,
			"hardwareRelated":false,
			"manifestRelated":false,
			"conditions":"r0 != null",
			"paramValues":"@parameter0: android.bluetooth.BluetoothHidDeviceAppSdpSettings",
			"relatedValues":"@parameter0: android.bluetooth.BluetoothHidDeviceAppSdpSettings; ; ",
			"keyAPISameClassNum":0,
			"keyAPIDiffClassNum":0,
			"keyAPISameClass":[
				{
					"trace":[
						"<android.bluetooth.BluetoothHidDevice: boolean registerApp(android.bluetooth.BluetoothHidDeviceAppSdpSettings,android.bluetooth.BluetoothHidDeviceAppQosSettings,android.bluetooth.BluetoothHidDeviceAppQosSettings,java.util.concurrent.Executor,android.bluetooth.BluetoothHidDevice$Callback)>"
					],
					"depth":0,
					"method":"<android.bluetooth.BluetoothHidDevice: boolean registerApp(android.bluetooth.BluetoothHidDeviceAppSdpSettings,android.bluetooth.BluetoothHidDeviceAppQosSettings,android.bluetooth.BluetoothHidDeviceAppQosSettings,java.util.concurrent.Executor,android.bluetooth.BluetoothHidDevice$Callback)>",
					"source":"CALLER"
				}
			],
			"keyAPIDiffClass":[],
			"callerOfSingnlar2SourceVar":{
				"<android.bluetooth.BluetoothHidDevice: boolean registerApp(android.bluetooth.BluetoothHidDeviceAppSdpSettings,android.bluetooth.BluetoothHidDeviceAppQosSettings,android.bluetooth.BluetoothHidDeviceAppQosSettings,java.util.concurrent.Executor,android.bluetooth.BluetoothHidDevice$Callback)>":"0"
			}
		}
	]
}