{
	"exceptions":[
		{
			"method":"<android.graphics.drawable.AnimatedVectorDrawable$VectorDrawableAnimatorUI: void init(android.animation.AnimatorSet)>",
			"message":"\\QVectorDrawableAnimator cannot be re-initialized\\E",
			"relatedVarType":"Field",
			"relatedCondType":"Basic",
			"modifier":"public",
			"type":"java.lang.UnsupportedOperationException",
			"osVersionRelated":false,
			"resourceRelated":false,
			"assessRelated":false,
			"hardwareRelated":false,
			"manifestRelated":false,
			"conditions":"$r1 == null",
			"fieldValues":"<android.graphics.drawable.AnimatedVectorDrawable$VectorDrawableAnimatorUI: android.animation.AnimatorSet mSet>",
			"relatedValues":"; <android.graphics.drawable.AnimatedVectorDrawable$VectorDrawableAnimatorUI: android.animation.AnimatorSet mSet>; ",
			"keyAPISameClassNum":14,
			"keyAPIDiffClassNum":87,
			"keyAPISameClass":[
				{
					"trace":[
						"<android.graphics.drawable.AnimatedVectorDrawable$VectorDrawableAnimatorUI: void init(android.animation.AnimatorSet)>"
					],
					"depth":1,
					"method":"<android.graphics.drawable.AnimatedVectorDrawable$VectorDrawableAnimatorUI: void init(android.animation.AnimatorSet)>",
					"source":"FIELD"
				},
				{
					"trace":[
						"<android.graphics.drawable.AnimatedVectorDrawable$VectorDrawableAnimatorUI: void init(android.animation.AnimatorSet)>"
					],
					"depth":1,
					"method":"<android.graphics.drawable.AnimatedVectorDrawable$VectorDrawableAnimatorUI: void start()>",
					"source":"FIELD"
				},
				{
					"trace":[
						"<android.graphics.drawable.AnimatedVectorDrawable$VectorDrawableAnimatorUI: void init(android.animation.AnimatorSet)>"
					],
					"depth":1,
					"method":"<android.graphics.drawable.AnimatedVectorDrawable$VectorDrawableAnimatorUI: void end()>",
					"source":"FIELD"
				},
				{
					"trace":[
						"<android.graphics.drawable.AnimatedVectorDrawable$VectorDrawableAnimatorUI: void init(android.animation.AnimatorSet)>"
					],
					"depth":1,
					"method":"<android.graphics.drawable.AnimatedVectorDrawable$VectorDrawableAnimatorUI: void reverse()>",
					"source":"FIELD"
				},
				{
					"trace":[
						"<android.graphics.drawable.AnimatedVectorDrawable$VectorDrawableAnimatorUI: void init(android.animation.AnimatorSet)>"
					],
					"depth":1,
					"method":"<android.graphics.drawable.AnimatedVectorDrawable$VectorDrawableAnimatorUI: boolean canReverse()>",
					"source":"FIELD"
				},
				{
					"trace":[
						"<android.graphics.drawable.AnimatedVectorDrawable$VectorDrawableAnimatorUI: void init(android.animation.AnimatorSet)>"
					],
					"depth":1,
					"method":"<android.graphics.drawable.AnimatedVectorDrawable$VectorDrawableAnimatorUI: void setListener(android.animation.Animator$AnimatorListener)>",
					"source":"FIELD"
				},
				{
					"trace":[
						"<android.graphics.drawable.AnimatedVectorDrawable$VectorDrawableAnimatorUI: void init(android.animation.AnimatorSet)>"
					],
					"depth":1,
					"method":"<android.graphics.drawable.AnimatedVectorDrawable$VectorDrawableAnimatorUI: void removeListener(android.animation.Animator$AnimatorListener)>",
					"source":"FIELD"
				},
				{
					"trace":[
						"<android.graphics.drawable.AnimatedVectorDrawable$VectorDrawableAnimatorUI: void init(android.animation.AnimatorSet)>"
					],
					"depth":1,
					"method":"<android.graphics.drawable.AnimatedVectorDrawable$VectorDrawableAnimatorUI: void onDraw(android.graphics.Canvas)>",
					"source":"FIELD"
				},
				{
					"trace":[
						"<android.graphics.drawable.AnimatedVectorDrawable$VectorDrawableAnimatorUI: void init(android.animation.AnimatorSet)>"
					],
					"depth":1,
					"method":"<android.graphics.drawable.AnimatedVectorDrawable$VectorDrawableAnimatorUI: boolean isStarted()>",
					"source":"FIELD"
				},
				{
					"trace":[
						"<android.graphics.drawable.AnimatedVectorDrawable$VectorDrawableAnimatorUI: void init(android.animation.AnimatorSet)>"
					],
					"depth":1,
					"method":"<android.graphics.drawable.AnimatedVectorDrawable$VectorDrawableAnimatorUI: boolean isRunning()>",
					"source":"FIELD"
				},
				{
					"trace":[
						"<android.graphics.drawable.AnimatedVectorDrawable$VectorDrawableAnimatorUI: void init(android.animation.AnimatorSet)>"
					],
					"depth":1,
					"method":"<android.graphics.drawable.AnimatedVectorDrawable$VectorDrawableAnimatorUI: void pause()>",
					"source":"FIELD"
				},
				{
					"trace":[
						"<android.graphics.drawable.AnimatedVectorDrawable$VectorDrawableAnimatorUI: void init(android.animation.AnimatorSet)>"
					],
					"depth":1,
					"method":"<android.graphics.drawable.AnimatedVectorDrawable$VectorDrawableAnimatorUI: void resume()>",
					"source":"FIELD"
				},
				{
					"trace":[
						"<android.graphics.drawable.AnimatedVectorDrawable$VectorDrawableAnimatorUI: void reset()>",
						"<android.graphics.drawable.AnimatedVectorDrawable$VectorDrawableAnimatorUI: void start()>",
						"key field: <android.graphics.drawable.AnimatedVectorDrawable$VectorDrawableAnimatorUI: android.animation.AnimatorSet mSet>",
						"<android.graphics.drawable.AnimatedVectorDrawable$VectorDrawableAnimatorUI: void init(android.animation.AnimatorSet)>"
					],
					"depth":2,
					"method":"<android.graphics.drawable.AnimatedVectorDrawable$VectorDrawableAnimatorUI: void reset()>",
					"source":"FIELDCALLER"
				},
				{
					"trace":[
						"<android.graphics.drawable.AnimatedVectorDrawable$VectorDrawableAnimator: void reset()>",
						"<android.graphics.drawable.AnimatedVectorDrawable$VectorDrawableAnimatorUI: void start()>",
						"key field: <android.graphics.drawable.AnimatedVectorDrawable$VectorDrawableAnimatorUI: android.animation.AnimatorSet mSet>",
						"<android.graphics.drawable.AnimatedVectorDrawable$VectorDrawableAnimatorUI: void init(android.animation.AnimatorSet)>"
					],
					"depth":2,
					"method":"<android.graphics.drawable.AnimatedVectorDrawable$VectorDrawableAnimator: void reset()>",
					"source":"FIELDCALLER"
				}
			],
			"keyAPIDiffClass":[
				{
					"trace":[
						"<android.graphics.drawable.AnimatedVectorDrawable: void stop()>",
						"<android.graphics.drawable.AnimatedVectorDrawable$VectorDrawableAnimatorUI: void end()>",
						"key field: <android.graphics.drawable.AnimatedVectorDrawable$VectorDrawableAnimatorUI: android.animation.AnimatorSet mSet>",
						"<android.graphics.drawable.AnimatedVectorDrawable$VectorDrawableAnimatorUI: void init(android.animation.AnimatorSet)>"
					],
					"depth":2,
					"method":"<android.graphics.drawable.AnimatedVectorDrawable: void stop()>",
					"source":"FIELDCALLER"
				},
				{
					"trace":[
						"<android.graphics.drawable.AnimatedVectorDrawable: boolean canReverse()>",
						"<android.graphics.drawable.AnimatedVectorDrawable$VectorDrawableAnimatorUI: boolean canReverse()>",
						"key field: <android.graphics.drawable.AnimatedVectorDrawable$VectorDrawableAnimatorUI: android.animation.AnimatorSet mSet>",
						"<android.graphics.drawable.AnimatedVectorDrawable$VectorDrawableAnimatorUI: void init(android.animation.AnimatorSet)>"
					],
					"depth":2,
					"method":"<android.graphics.drawable.AnimatedVectorDrawable: boolean canReverse()>",
					"source":"FIELDCALLER"
				},
				{
					"trace":[
						"<android.graphics.drawable.AnimatedVectorDrawable: boolean setVisible(boolean,boolean)>",
						"<android.graphics.drawable.AnimatedVectorDrawable$VectorDrawableAnimatorUI: boolean isStarted()>",
						"key field: <android.graphics.drawable.AnimatedVectorDrawable$VectorDrawableAnimatorUI: android.animation.AnimatorSet mSet>",
						"<android.graphics.drawable.AnimatedVectorDrawable$VectorDrawableAnimatorUI: void init(android.animation.AnimatorSet)>"
					],
					"depth":2,
					"method":"<android.graphics.drawable.AnimatedVectorDrawable: boolean setVisible(boolean,boolean)>",
					"source":"FIELDCALLER"
				},
				{
					"trace":[
						"<android.graphics.drawable.AnimatedVectorDrawable: void draw(android.graphics.Canvas)>",
						"<android.graphics.drawable.AnimatedVectorDrawable: void fallbackOntoUI()>",
						"<android.graphics.drawable.AnimatedVectorDrawable$VectorDrawableAnimatorUI: void <init>(android.graphics.drawable.AnimatedVectorDrawable)>",
						"key field: <android.graphics.drawable.AnimatedVectorDrawable$VectorDrawableAnimatorUI: android.animation.AnimatorSet mSet>",
						"<android.graphics.drawable.AnimatedVectorDrawable$VectorDrawableAnimatorUI: void init(android.animation.AnimatorSet)>"
					],
					"depth":3,
					"method":"<android.graphics.drawable.AnimatedVectorDrawable: void draw(android.graphics.Canvas)>",
					"source":"FIELDCALLER"
				},
				{
					"trace":[
						"<android.graphics.drawable.Drawable: void draw(android.graphics.Canvas)>",
						"<android.graphics.drawable.AnimatedVectorDrawable: void fallbackOntoUI()>",
						"<android.graphics.drawable.AnimatedVectorDrawable$VectorDrawableAnimatorUI: void <init>(android.graphics.drawable.AnimatedVectorDrawable)>",
						"key field: <android.graphics.drawable.AnimatedVectorDrawable$VectorDrawableAnimatorUI: android.animation.AnimatorSet mSet>",
						"<android.graphics.drawable.AnimatedVectorDrawable$VectorDrawableAnimatorUI: void init(android.animation.AnimatorSet)>"
					],
					"depth":3,
					"method":"<android.graphics.drawable.Drawable: void draw(android.graphics.Canvas)>",
					"source":"FIELDCALLER"
				},
				{
					"trace":[
						"<android.graphics.drawable.AnimatedVectorDrawable: void forceAnimationOnUI()>",
						"<android.graphics.drawable.AnimatedVectorDrawable: void fallbackOntoUI()>",
						"<android.graphics.drawable.AnimatedVectorDrawable$VectorDrawableAnimatorUI: void <init>(android.graphics.drawable.AnimatedVectorDrawable)>",
						"key field: <android.graphics.drawable.AnimatedVectorDrawable$VectorDrawableAnimatorUI: android.animation.AnimatorSet mSet>",
						"<android.graphics.drawable.AnimatedVectorDrawable$VectorDrawableAnimatorUI: void init(android.animation.AnimatorSet)>"
					],
					"depth":3,
					"method":"<android.graphics.drawable.AnimatedVectorDrawable: void forceAnimationOnUI()>",
					"source":"FIELDCALLER"
				},
				{
					"trace":[
						"<android.graphics.drawable.AnimatedVectorDrawable: void start()>",
						"<android.graphics.drawable.AnimatedVectorDrawable: void ensureAnimatorSet()>",
						"<android.graphics.drawable.AnimatedVectorDrawable$VectorDrawableAnimatorUI: void init(android.animation.AnimatorSet)>",
						"key field: <android.graphics.drawable.AnimatedVectorDrawable$VectorDrawableAnimatorUI: android.animation.AnimatorSet mSet>",
						"<android.graphics.drawable.AnimatedVectorDrawable$VectorDrawableAnimatorUI: void init(android.animation.AnimatorSet)>"
					],
					"depth":3,
					"method":"<android.graphics.drawable.AnimatedVectorDrawable: void start()>",
					"source":"FIELDCALLER"
				},
				{
					"trace":[
						"<android.graphics.drawable.AnimatedVectorDrawable: void reset()>",
						"<android.graphics.drawable.AnimatedVectorDrawable: void ensureAnimatorSet()>",
						"<android.graphics.drawable.AnimatedVectorDrawable$VectorDrawableAnimatorUI: void init(android.animation.AnimatorSet)>",
						"key field: <android.graphics.drawable.AnimatedVectorDrawable$VectorDrawableAnimatorUI: android.animation.AnimatorSet mSet>",
						"<android.graphics.drawable.AnimatedVectorDrawable$VectorDrawableAnimatorUI: void init(android.animation.AnimatorSet)>"
					],
					"depth":3,
					"method":"<android.graphics.drawable.AnimatedVectorDrawable: void reset()>",
					"source":"FIELDCALLER"
				},
				{
					"trace":[
						"<android.graphics.drawable.AnimatedVectorDrawable: void reverse()>",
						"<android.graphics.drawable.AnimatedVectorDrawable: void ensureAnimatorSet()>",
						"<android.graphics.drawable.AnimatedVectorDrawable$VectorDrawableAnimatorUI: void init(android.animation.AnimatorSet)>",
						"key field: <android.graphics.drawable.AnimatedVectorDrawable$VectorDrawableAnimatorUI: android.animation.AnimatorSet mSet>",
						"<android.graphics.drawable.AnimatedVectorDrawable$VectorDrawableAnimatorUI: void init(android.animation.AnimatorSet)>"
					],
					"depth":3,
					"method":"<android.graphics.drawable.AnimatedVectorDrawable: void reverse()>",
					"source":"FIELDCALLER"
				},
				{
					"trace":[
						"<android.graphics.drawable.AnimatedStateListDrawable$Transition: void stop()>",
						"<android.graphics.drawable.AnimatedVectorDrawable: void stop()>",
						"<android.graphics.drawable.AnimatedVectorDrawable$VectorDrawableAnimatorUI: void end()>",
						"key field: <android.graphics.drawable.AnimatedVectorDrawable$VectorDrawableAnimatorUI: android.animation.AnimatorSet mSet>",
						"<android.graphics.drawable.AnimatedVectorDrawable$VectorDrawableAnimatorUI: void init(android.animation.AnimatorSet)>"
					],
					"depth":3,
					"method":"<android.graphics.drawable.AnimatedStateListDrawable$Transition: void stop()>",
					"source":"FIELDCALLER"
				},
				{
					"trace":[
						"<android.graphics.drawable.AnimatedStateListDrawable$AnimatableTransition: void stop()>",
						"<android.graphics.drawable.AnimatedVectorDrawable: void stop()>",
						"<android.graphics.drawable.AnimatedVectorDrawable$VectorDrawableAnimatorUI: void end()>",
						"key field: <android.graphics.drawable.AnimatedVectorDrawable$VectorDrawableAnimatorUI: android.animation.AnimatorSet mSet>",
						"<android.graphics.drawable.AnimatedVectorDrawable$VectorDrawableAnimatorUI: void init(android.animation.AnimatorSet)>"
					],
					"depth":3,
					"method":"<android.graphics.drawable.AnimatedStateListDrawable$AnimatableTransition: void stop()>",
					"source":"FIELDCALLER"
				},
				{
					"trace":[
						"<com.android.internal.graphics.drawable.AnimationScaleListDrawable: void stop()>",
						"<android.graphics.drawable.AnimatedVectorDrawable: void stop()>",
						"<android.graphics.drawable.AnimatedVectorDrawable$VectorDrawableAnimatorUI: void end()>",
						"key field: <android.graphics.drawable.AnimatedVectorDrawable$VectorDrawableAnimatorUI: android.animation.AnimatorSet mSet>",
						"<android.graphics.drawable.AnimatedVectorDrawable$VectorDrawableAnimatorUI: void init(android.animation.AnimatorSet)>"
					],
					"depth":3,
					"method":"<com.android.internal.graphics.drawable.AnimationScaleListDrawable: void stop()>",
					"source":"FIELDCALLER"
				},
				{
					"trace":[
						"<android.graphics.drawable.Animatable: void stop()>",
						"<android.graphics.drawable.AnimatedVectorDrawable: void stop()>",
						"<android.graphics.drawable.AnimatedVectorDrawable$VectorDrawableAnimatorUI: void end()>",
						"key field: <android.graphics.drawable.AnimatedVectorDrawable$VectorDrawableAnimatorUI: android.animation.AnimatorSet mSet>",
						"<android.graphics.drawable.AnimatedVectorDrawable$VectorDrawableAnimatorUI: void init(android.animation.AnimatorSet)>"
					],
					"depth":3,
					"method":"<android.graphics.drawable.Animatable: void stop()>",
					"source":"FIELDCALLER"
				},
				{
					"trace":[
						"<android.graphics.drawable.AnimatedStateListDrawable$AnimatedVectorDrawableTransition: void stop()>",
						"<android.graphics.drawable.AnimatedVectorDrawable: void stop()>",
						"<android.graphics.drawable.AnimatedVectorDrawable$VectorDrawableAnimatorUI: void end()>",
						"key field: <android.graphics.drawable.AnimatedVectorDrawable$VectorDrawableAnimatorUI: android.animation.AnimatorSet mSet>",
						"<android.graphics.drawable.AnimatedVectorDrawable$VectorDrawableAnimatorUI: void init(android.animation.AnimatorSet)>"
					],
					"depth":3,
					"method":"<android.graphics.drawable.AnimatedStateListDrawable$AnimatedVectorDrawableTransition: void stop()>",
					"source":"FIELDCALLER"
				},
				{
					"trace":[
						"<android.graphics.drawable.AnimatedStateListDrawable$AnimatedVectorDrawableTransition: boolean canReverse()>",
						"<android.graphics.drawable.AnimatedVectorDrawable: boolean canReverse()>",
						"<android.graphics.drawable.AnimatedVectorDrawable$VectorDrawableAnimatorUI: boolean canReverse()>",
						"key field: <android.graphics.drawable.AnimatedVectorDrawable$VectorDrawableAnimatorUI: android.animation.AnimatorSet mSet>",
						"<android.graphics.drawable.AnimatedVectorDrawable$VectorDrawableAnimatorUI: void init(android.animation.AnimatorSet)>"
					],
					"depth":3,
					"method":"<android.graphics.drawable.AnimatedStateListDrawable$AnimatedVectorDrawableTransition: boolean canReverse()>",
					"source":"FIELDCALLER"
				},
				{
					"trace":[
						"<android.text.style.DynamicDrawableSpan: void draw(android.graphics.Canvas,java.lang.CharSequence,int,int,float,int,int,int,android.graphics.Paint)>",
						"<android.graphics.drawable.AnimatedVectorDrawable: void draw(android.graphics.Canvas)>",
						"<android.graphics.drawable.AnimatedVectorDrawable: void fallbackOntoUI()>",
						"<android.graphics.drawable.AnimatedVectorDrawable$VectorDrawableAnimatorUI: void <init>(android.graphics.drawable.AnimatedVectorDrawable)>",
						"key field: <android.graphics.drawable.AnimatedVectorDrawable$VectorDrawableAnimatorUI: android.animation.AnimatorSet mSet>",
						"<android.graphics.drawable.AnimatedVectorDrawable$VectorDrawableAnimatorUI: void init(android.animation.AnimatorSet)>"
					],
					"depth":4,
					"method":"<android.text.style.DynamicDrawableSpan: void draw(android.graphics.Canvas,java.lang.CharSequence,int,int,float,int,int,int,android.graphics.Paint)>",
					"source":"FIELDCALLER"
				},
				{
					"trace":[
						"<android.text.style.ReplacementSpan: void draw(android.graphics.Canvas,java.lang.CharSequence,int,int,float,int,int,int,android.graphics.Paint)>",
						"<android.graphics.drawable.AnimatedVectorDrawable: void draw(android.graphics.Canvas)>",
						"<android.graphics.drawable.AnimatedVectorDrawable: void fallbackOntoUI()>",
						"<android.graphics.drawable.AnimatedVectorDrawable$VectorDrawableAnimatorUI: void <init>(android.graphics.drawable.AnimatedVectorDrawable)>",
						"key field: <android.graphics.drawable.AnimatedVectorDrawable$VectorDrawableAnimatorUI: android.animation.AnimatorSet mSet>",
						"<android.graphics.drawable.AnimatedVectorDrawable$VectorDrawableAnimatorUI: void init(android.animation.AnimatorSet)>"
					],
					"depth":4,
					"method":"<android.text.style.ReplacementSpan: void draw(android.graphics.Canvas,java.lang.CharSequence,int,int,float,int,int,int,android.graphics.Paint)>",
					"source":"FIELDCALLER"
				},
				{
					"trace":[
						"<android.widget.SmartSelectSprite: void draw(android.graphics.Canvas)>",
						"<android.graphics.drawable.AnimatedVectorDrawable: void draw(android.graphics.Canvas)>",
						"<android.graphics.drawable.AnimatedVectorDrawable: void fallbackOntoUI()>",
						"<android.graphics.drawable.AnimatedVectorDrawable$VectorDrawableAnimatorUI: void <init>(android.graphics.drawable.AnimatedVectorDrawable)>",
						"key field: <android.graphics.drawable.AnimatedVectorDrawable$VectorDrawableAnimatorUI: android.animation.AnimatorSet mSet>",
						"<android.graphics.drawable.AnimatedVectorDrawable$VectorDrawableAnimatorUI: void init(android.animation.AnimatorSet)>"
					],
					"depth":4,
					"method":"<android.widget.SmartSelectSprite: void draw(android.graphics.Canvas)>",
					"source":"FIELDCALLER"
				},
				{
					"trace":[
						"<com.android.internal.widget.BackgroundFallback: void draw(android.view.ViewGroup,android.view.ViewGroup,android.graphics.Canvas,android.view.View,android.view.View,android.view.View)>",
						"<android.graphics.drawable.AnimatedVectorDrawable: void draw(android.graphics.Canvas)>",
						"<android.graphics.drawable.AnimatedVectorDrawable: void fallbackOntoUI()>",
						"<android.graphics.drawable.AnimatedVectorDrawable$VectorDrawableAnimatorUI: void <init>(android.graphics.drawable.AnimatedVectorDrawable)>",
						"key field: <android.graphics.drawable.AnimatedVectorDrawable$VectorDrawableAnimatorUI: android.animation.AnimatorSet mSet>",
						"<android.graphics.drawable.AnimatedVectorDrawable$VectorDrawableAnimatorUI: void init(android.animation.AnimatorSet)>"
					],
					"depth":4,
					"method":"<com.android.internal.widget.BackgroundFallback: void draw(android.view.ViewGroup,android.view.ViewGroup,android.graphics.Canvas,android.view.View,android.view.View,android.view.View)>",
					"source":"FIELDCALLER"
				},
				{
					"trace":[
						"<android.graphics.drawable.AnimatedStateListDrawable$Transition: void start()>",
						"<android.graphics.drawable.AnimatedVectorDrawable: void start()>",
						"<android.graphics.drawable.AnimatedVectorDrawable: void ensureAnimatorSet()>",
						"<android.graphics.drawable.AnimatedVectorDrawable$VectorDrawableAnimatorUI: void init(android.animation.AnimatorSet)>",
						"key field: <android.graphics.drawable.AnimatedVectorDrawable$VectorDrawableAnimatorUI: android.animation.AnimatorSet mSet>",
						"<android.graphics.drawable.AnimatedVectorDrawable$VectorDrawableAnimatorUI: void init(android.animation.AnimatorSet)>"
					],
					"depth":4,
					"method":"<android.graphics.drawable.AnimatedStateListDrawable$Transition: void start()>",
					"source":"FIELDCALLER"
				},
				{
					"trace":[
						"<android.graphics.drawable.AnimatedStateListDrawable$AnimatedVectorDrawableTransition: void start()>",
						"<android.graphics.drawable.AnimatedVectorDrawable: void start()>",
						"<android.graphics.drawable.AnimatedVectorDrawable: void ensureAnimatorSet()>",
						"<android.graphics.drawable.AnimatedVectorDrawable$VectorDrawableAnimatorUI: void init(android.animation.AnimatorSet)>",
						"key field: <android.graphics.drawable.AnimatedVectorDrawable$VectorDrawableAnimatorUI: android.animation.AnimatorSet mSet>",
						"<android.graphics.drawable.AnimatedVectorDrawable$VectorDrawableAnimatorUI: void init(android.animation.AnimatorSet)>"
					],
					"depth":4,
					"method":"<android.graphics.drawable.AnimatedStateListDrawable$AnimatedVectorDrawableTransition: void start()>",
					"source":"FIELDCALLER"
				},
				{
					"trace":[
						"<com.android.internal.graphics.drawable.AnimationScaleListDrawable: void start()>",
						"<android.graphics.drawable.AnimatedVectorDrawable: void start()>",
						"<android.graphics.drawable.AnimatedVectorDrawable: void ensureAnimatorSet()>",
						"<android.graphics.drawable.AnimatedVectorDrawable$VectorDrawableAnimatorUI: void init(android.animation.AnimatorSet)>",
						"key field: <android.graphics.drawable.AnimatedVectorDrawable$VectorDrawableAnimatorUI: android.animation.AnimatorSet mSet>",
						"<android.graphics.drawable.AnimatedVectorDrawable$VectorDrawableAnimatorUI: void init(android.animation.AnimatorSet)>"
					],
					"depth":4,
					"method":"<com.android.internal.graphics.drawable.AnimationScaleListDrawable: void start()>",
					"source":"FIELDCALLER"
				},
				{
					"trace":[
						"<android.graphics.drawable.Animatable: void start()>",
						"<android.graphics.drawable.AnimatedVectorDrawable: void start()>",
						"<android.graphics.drawable.AnimatedVectorDrawable: void ensureAnimatorSet()>",
						"<android.graphics.drawable.AnimatedVectorDrawable$VectorDrawableAnimatorUI: void init(android.animation.AnimatorSet)>",
						"key field: <android.graphics.drawable.AnimatedVectorDrawable$VectorDrawableAnimatorUI: android.animation.AnimatorSet mSet>",
						"<android.graphics.drawable.AnimatedVectorDrawable$VectorDrawableAnimatorUI: void init(android.animation.AnimatorSet)>"
					],
					"depth":4,
					"method":"<android.graphics.drawable.Animatable: void start()>",
					"source":"FIELDCALLER"
				},
				{
					"trace":[
						"<android.graphics.drawable.AnimatedStateListDrawable$AnimatedVectorDrawableTransition: void reverse()>",
						"<android.graphics.drawable.AnimatedVectorDrawable: void reverse()>",
						"<android.graphics.drawable.AnimatedVectorDrawable: void ensureAnimatorSet()>",
						"<android.graphics.drawable.AnimatedVectorDrawable$VectorDrawableAnimatorUI: void init(android.animation.AnimatorSet)>",
						"key field: <android.graphics.drawable.AnimatedVectorDrawable$VectorDrawableAnimatorUI: android.animation.AnimatorSet mSet>",
						"<android.graphics.drawable.AnimatedVectorDrawable$VectorDrawableAnimatorUI: void init(android.animation.AnimatorSet)>"
					],
					"depth":4,
					"method":"<android.graphics.drawable.AnimatedStateListDrawable$AnimatedVectorDrawableTransition: void reverse()>",
					"source":"FIELDCALLER"
				},
				{
					"trace":[
						"<android.graphics.drawable.AnimatedStateListDrawable: boolean setVisible(boolean,boolean)>",
						"<android.graphics.drawable.AnimatedStateListDrawable$AnimatedVectorDrawableTransition: void start()>",
						"<android.graphics.drawable.AnimatedVectorDrawable: void start()>",
						"<android.graphics.drawable.AnimatedVectorDrawable: void ensureAnimatorSet()>",
						"<android.graphics.drawable.AnimatedVectorDrawable$VectorDrawableAnimatorUI: void init(android.animation.AnimatorSet)>",
						"key field: <android.graphics.drawable.AnimatedVectorDrawable$VectorDrawableAnimatorUI: android.animation.AnimatorSet mSet>",
						"<android.graphics.drawable.AnimatedVectorDrawable$VectorDrawableAnimatorUI: void init(android.animation.AnimatorSet)>"
					],
					"depth":5,
					"method":"<android.graphics.drawable.AnimatedStateListDrawable: boolean setVisible(boolean,boolean)>",
					"source":"FIELDCALLER"
				},
				{
					"trace":[
						"<android.graphics.drawable.AnimatedStateListDrawable$AnimatableTransition: void start()>",
						"<com.android.internal.graphics.drawable.AnimationScaleListDrawable: void start()>",
						"<android.graphics.drawable.AnimatedVectorDrawable: void start()>",
						"<android.graphics.drawable.AnimatedVectorDrawable: void ensureAnimatorSet()>",
						"<android.graphics.drawable.AnimatedVectorDrawable$VectorDrawableAnimatorUI: void init(android.animation.AnimatorSet)>",
						"key field: <android.graphics.drawable.AnimatedVectorDrawable$VectorDrawableAnimatorUI: android.animation.AnimatorSet mSet>",
						"<android.graphics.drawable.AnimatedVectorDrawable$VectorDrawableAnimatorUI: void init(android.animation.AnimatorSet)>"
					],
					"depth":5,
					"method":"<android.graphics.drawable.AnimatedStateListDrawable$AnimatableTransition: void start()>",
					"source":"FIELDCALLER"
				},
				{
					"trace":[
						"<android.graphics.drawable.AdaptiveIconDrawable: void jumpToCurrentState()>",
						"<android.graphics.drawable.AnimatedStateListDrawable: void jumpToCurrentState()>",
						"<android.graphics.drawable.AnimatedStateListDrawable$AnimatableTransition: void stop()>",
						"<android.graphics.drawable.AnimatedVectorDrawable: void stop()>",
						"<android.graphics.drawable.AnimatedVectorDrawable$VectorDrawableAnimatorUI: void end()>",
						"key field: <android.graphics.drawable.AnimatedVectorDrawable$VectorDrawableAnimatorUI: android.animation.AnimatorSet mSet>",
						"<android.graphics.drawable.AnimatedVectorDrawable$VectorDrawableAnimatorUI: void init(android.animation.AnimatorSet)>"
					],
					"depth":5,
					"method":"<android.graphics.drawable.AdaptiveIconDrawable: void jumpToCurrentState()>",
					"source":"FIELDCALLER"
				},
				{
					"trace":[
						"<android.graphics.drawable.TransitionDrawable: void draw(android.graphics.Canvas)>",
						"<android.graphics.drawable.RippleDrawable: void draw(android.graphics.Canvas)>",
						"<android.graphics.drawable.RippleDrawable: void drawContent(android.graphics.Canvas)>",
						"<android.graphics.drawable.AnimatedVectorDrawable: void draw(android.graphics.Canvas)>",
						"<android.graphics.drawable.AnimatedVectorDrawable: void fallbackOntoUI()>",
						"<android.graphics.drawable.AnimatedVectorDrawable$VectorDrawableAnimatorUI: void <init>(android.graphics.drawable.AnimatedVectorDrawable)>",
						"key field: <android.graphics.drawable.AnimatedVectorDrawable$VectorDrawableAnimatorUI: android.animation.AnimatorSet mSet>",
						"<android.graphics.drawable.AnimatedVectorDrawable$VectorDrawableAnimatorUI: void init(android.animation.AnimatorSet)>"
					],
					"depth":6,
					"method":"<android.graphics.drawable.TransitionDrawable: void draw(android.graphics.Canvas)>",
					"source":"FIELDCALLER"
				},
				{
					"trace":[
						"<android.graphics.drawable.DrawableContainer$DrawableContainerState: int addChild(android.graphics.drawable.Drawable)>",
						"<android.graphics.drawable.AnimatedStateListDrawable: boolean setVisible(boolean,boolean)>",
						"<android.graphics.drawable.AnimatedStateListDrawable$AnimatedVectorDrawableTransition: void start()>",
						"<android.graphics.drawable.AnimatedVectorDrawable: void start()>",
						"<android.graphics.drawable.AnimatedVectorDrawable: void ensureAnimatorSet()>",
						"<android.graphics.drawable.AnimatedVectorDrawable$VectorDrawableAnimatorUI: void init(android.animation.AnimatorSet)>",
						"key field: <android.graphics.drawable.AnimatedVectorDrawable$VectorDrawableAnimatorUI: android.animation.AnimatorSet mSet>",
						"<android.graphics.drawable.AnimatedVectorDrawable$VectorDrawableAnimatorUI: void init(android.animation.AnimatorSet)>"
					],
					"depth":6,
					"method":"<android.graphics.drawable.DrawableContainer$DrawableContainerState: int addChild(android.graphics.drawable.Drawable)>",
					"source":"FIELDCALLER"
				},
				{
					"trace":[
						"<android.graphics.drawable.DrawableWrapper: void setDrawable(android.graphics.drawable.Drawable)>",
						"<android.graphics.drawable.AnimatedStateListDrawable: boolean setVisible(boolean,boolean)>",
						"<android.graphics.drawable.AnimatedStateListDrawable$AnimatedVectorDrawableTransition: void start()>",
						"<android.graphics.drawable.AnimatedVectorDrawable: void start()>",
						"<android.graphics.drawable.AnimatedVectorDrawable: void ensureAnimatorSet()>",
						"<android.graphics.drawable.AnimatedVectorDrawable$VectorDrawableAnimatorUI: void init(android.animation.AnimatorSet)>",
						"key field: <android.graphics.drawable.AnimatedVectorDrawable$VectorDrawableAnimatorUI: android.animation.AnimatorSet mSet>",
						"<android.graphics.drawable.AnimatedVectorDrawable$VectorDrawableAnimatorUI: void init(android.animation.AnimatorSet)>"
					],
					"depth":6,
					"method":"<android.graphics.drawable.DrawableWrapper: void setDrawable(android.graphics.drawable.Drawable)>",
					"source":"FIELDCALLER"
				},
				{
					"trace":[
						"<android.graphics.drawable.DrawableWrapper: boolean setVisible(boolean,boolean)>",
						"<android.graphics.drawable.AnimatedStateListDrawable: boolean setVisible(boolean,boolean)>",
						"<android.graphics.drawable.AnimatedStateListDrawable$AnimatedVectorDrawableTransition: void start()>",
						"<android.graphics.drawable.AnimatedVectorDrawable: void start()>",
						"<android.graphics.drawable.AnimatedVectorDrawable: void ensureAnimatorSet()>",
						"<android.graphics.drawable.AnimatedVectorDrawable$VectorDrawableAnimatorUI: void init(android.animation.AnimatorSet)>",
						"key field: <android.graphics.drawable.AnimatedVectorDrawable$VectorDrawableAnimatorUI: android.animation.AnimatorSet mSet>",
						"<android.graphics.drawable.AnimatedVectorDrawable$VectorDrawableAnimatorUI: void init(android.animation.AnimatorSet)>"
					],
					"depth":6,
					"method":"<android.graphics.drawable.DrawableWrapper: boolean setVisible(boolean,boolean)>",
					"source":"FIELDCALLER"
				},
				{
					"trace":[
						"<android.graphics.drawable.DrawableContainer: void jumpToCurrentState()>",
						"<android.graphics.drawable.AdaptiveIconDrawable: void jumpToCurrentState()>",
						"<android.graphics.drawable.AnimatedStateListDrawable: void jumpToCurrentState()>",
						"<android.graphics.drawable.AnimatedStateListDrawable$AnimatableTransition: void stop()>",
						"<android.graphics.drawable.AnimatedVectorDrawable: void stop()>",
						"<android.graphics.drawable.AnimatedVectorDrawable$VectorDrawableAnimatorUI: void end()>",
						"key field: <android.graphics.drawable.AnimatedVectorDrawable$VectorDrawableAnimatorUI: android.animation.AnimatorSet mSet>",
						"<android.graphics.drawable.AnimatedVectorDrawable$VectorDrawableAnimatorUI: void init(android.animation.AnimatorSet)>"
					],
					"depth":6,
					"method":"<android.graphics.drawable.DrawableContainer: void jumpToCurrentState()>",
					"source":"FIELDCALLER"
				},
				{
					"trace":[
						"<android.graphics.drawable.RotateDrawable: void draw(android.graphics.Canvas)>",
						"<android.graphics.drawable.TransitionDrawable: void draw(android.graphics.Canvas)>",
						"<android.graphics.drawable.RippleDrawable: void draw(android.graphics.Canvas)>",
						"<android.graphics.drawable.RippleDrawable: void drawContent(android.graphics.Canvas)>",
						"<android.graphics.drawable.AnimatedVectorDrawable: void draw(android.graphics.Canvas)>",
						"<android.graphics.drawable.AnimatedVectorDrawable: void fallbackOntoUI()>",
						"<android.graphics.drawable.AnimatedVectorDrawable$VectorDrawableAnimatorUI: void <init>(android.graphics.drawable.AnimatedVectorDrawable)>",
						"key field: <android.graphics.drawable.AnimatedVectorDrawable$VectorDrawableAnimatorUI: android.animation.AnimatorSet mSet>",
						"<android.graphics.drawable.AnimatedVectorDrawable$VectorDrawableAnimatorUI: void init(android.animation.AnimatorSet)>"
					],
					"depth":7,
					"method":"<android.graphics.drawable.RotateDrawable: void draw(android.graphics.Canvas)>",
					"source":"FIELDCALLER"
				},
				{
					"trace":[
						"<android.graphics.drawable.LevelListDrawable$LevelListState: void addLevel(int,int,android.graphics.drawable.Drawable)>",
						"<android.graphics.drawable.DrawableContainer$DrawableContainerState: int addChild(android.graphics.drawable.Drawable)>",
						"<android.graphics.drawable.AnimatedStateListDrawable: boolean setVisible(boolean,boolean)>",
						"<android.graphics.drawable.AnimatedStateListDrawable$AnimatedVectorDrawableTransition: void start()>",
						"<android.graphics.drawable.AnimatedVectorDrawable: void start()>",
						"<android.graphics.drawable.AnimatedVectorDrawable: void ensureAnimatorSet()>",
						"<android.graphics.drawable.AnimatedVectorDrawable$VectorDrawableAnimatorUI: void init(android.animation.AnimatorSet)>",
						"key field: <android.graphics.drawable.AnimatedVectorDrawable$VectorDrawableAnimatorUI: android.animation.AnimatorSet mSet>",
						"<android.graphics.drawable.AnimatedVectorDrawable$VectorDrawableAnimatorUI: void init(android.animation.AnimatorSet)>"
					],
					"depth":7,
					"method":"<android.graphics.drawable.LevelListDrawable$LevelListState: void addLevel(int,int,android.graphics.drawable.Drawable)>",
					"source":"FIELDCALLER"
				},
				{
					"trace":[
						"<android.graphics.drawable.AnimationDrawable$AnimationState: void addFrame(android.graphics.drawable.Drawable,int)>",
						"<android.graphics.drawable.DrawableContainer$DrawableContainerState: int addChild(android.graphics.drawable.Drawable)>",
						"<android.graphics.drawable.AnimatedStateListDrawable: boolean setVisible(boolean,boolean)>",
						"<android.graphics.drawable.AnimatedStateListDrawable$AnimatedVectorDrawableTransition: void start()>",
						"<android.graphics.drawable.AnimatedVectorDrawable: void start()>",
						"<android.graphics.drawable.AnimatedVectorDrawable: void ensureAnimatorSet()>",
						"<android.graphics.drawable.AnimatedVectorDrawable$VectorDrawableAnimatorUI: void init(android.animation.AnimatorSet)>",
						"key field: <android.graphics.drawable.AnimatedVectorDrawable$VectorDrawableAnimatorUI: android.animation.AnimatorSet mSet>",
						"<android.graphics.drawable.AnimatedVectorDrawable$VectorDrawableAnimatorUI: void init(android.animation.AnimatorSet)>"
					],
					"depth":7,
					"method":"<android.graphics.drawable.AnimationDrawable$AnimationState: void addFrame(android.graphics.drawable.Drawable,int)>",
					"source":"FIELDCALLER"
				},
				{
					"trace":[
						"<android.graphics.drawable.ScaleDrawable: void <init>(android.graphics.drawable.Drawable,int,float,float)>",
						"<android.graphics.drawable.DrawableWrapper: void setDrawable(android.graphics.drawable.Drawable)>",
						"<android.graphics.drawable.AnimatedStateListDrawable: boolean setVisible(boolean,boolean)>",
						"<android.graphics.drawable.AnimatedStateListDrawable$AnimatedVectorDrawableTransition: void start()>",
						"<android.graphics.drawable.AnimatedVectorDrawable: void start()>",
						"<android.graphics.drawable.AnimatedVectorDrawable: void ensureAnimatorSet()>",
						"<android.graphics.drawable.AnimatedVectorDrawable$VectorDrawableAnimatorUI: void init(android.animation.AnimatorSet)>",
						"key field: <android.graphics.drawable.AnimatedVectorDrawable$VectorDrawableAnimatorUI: android.animation.AnimatorSet mSet>",
						"<android.graphics.drawable.AnimatedVectorDrawable$VectorDrawableAnimatorUI: void init(android.animation.AnimatorSet)>"
					],
					"depth":7,
					"method":"<android.graphics.drawable.ScaleDrawable: void <init>(android.graphics.drawable.Drawable,int,float,float)>",
					"source":"FIELDCALLER"
				},
				{
					"trace":[
						"<android.graphics.drawable.InsetDrawable: void <init>(android.graphics.drawable.Drawable,float,float,float,float)>",
						"<android.graphics.drawable.DrawableWrapper: void setDrawable(android.graphics.drawable.Drawable)>",
						"<android.graphics.drawable.AnimatedStateListDrawable: boolean setVisible(boolean,boolean)>",
						"<android.graphics.drawable.AnimatedStateListDrawable$AnimatedVectorDrawableTransition: void start()>",
						"<android.graphics.drawable.AnimatedVectorDrawable: void start()>",
						"<android.graphics.drawable.AnimatedVectorDrawable: void ensureAnimatorSet()>",
						"<android.graphics.drawable.AnimatedVectorDrawable$VectorDrawableAnimatorUI: void init(android.animation.AnimatorSet)>",
						"key field: <android.graphics.drawable.AnimatedVectorDrawable$VectorDrawableAnimatorUI: android.animation.AnimatorSet mSet>",
						"<android.graphics.drawable.AnimatedVectorDrawable$VectorDrawableAnimatorUI: void init(android.animation.AnimatorSet)>"
					],
					"depth":7,
					"method":"<android.graphics.drawable.InsetDrawable: void <init>(android.graphics.drawable.Drawable,float,float,float,float)>",
					"source":"FIELDCALLER"
				},
				{
					"trace":[
						"<android.graphics.drawable.ClipDrawable: void <init>(android.graphics.drawable.Drawable,int,int)>",
						"<android.graphics.drawable.DrawableWrapper: void setDrawable(android.graphics.drawable.Drawable)>",
						"<android.graphics.drawable.AnimatedStateListDrawable: boolean setVisible(boolean,boolean)>",
						"<android.graphics.drawable.AnimatedStateListDrawable$AnimatedVectorDrawableTransition: void start()>",
						"<android.graphics.drawable.AnimatedVectorDrawable: void start()>",
						"<android.graphics.drawable.AnimatedVectorDrawable: void ensureAnimatorSet()>",
						"<android.graphics.drawable.AnimatedVectorDrawable$VectorDrawableAnimatorUI: void init(android.animation.AnimatorSet)>",
						"key field: <android.graphics.drawable.AnimatedVectorDrawable$VectorDrawableAnimatorUI: android.animation.AnimatorSet mSet>",
						"<android.graphics.drawable.AnimatedVectorDrawable$VectorDrawableAnimatorUI: void init(android.animation.AnimatorSet)>"
					],
					"depth":7,
					"method":"<android.graphics.drawable.ClipDrawable: void <init>(android.graphics.drawable.Drawable,int,int)>",
					"source":"FIELDCALLER"
				},
				{
					"trace":[
						"<android.graphics.drawable.InsetDrawable: void <init>(android.graphics.drawable.Drawable,int,int,int,int)>",
						"<android.graphics.drawable.DrawableWrapper: void setDrawable(android.graphics.drawable.Drawable)>",
						"<android.graphics.drawable.AnimatedStateListDrawable: boolean setVisible(boolean,boolean)>",
						"<android.graphics.drawable.AnimatedStateListDrawable$AnimatedVectorDrawableTransition: void start()>",
						"<android.graphics.drawable.AnimatedVectorDrawable: void start()>",
						"<android.graphics.drawable.AnimatedVectorDrawable: void ensureAnimatorSet()>",
						"<android.graphics.drawable.AnimatedVectorDrawable$VectorDrawableAnimatorUI: void init(android.animation.AnimatorSet)>",
						"key field: <android.graphics.drawable.AnimatedVectorDrawable$VectorDrawableAnimatorUI: android.animation.AnimatorSet mSet>",
						"<android.graphics.drawable.AnimatedVectorDrawable$VectorDrawableAnimatorUI: void init(android.animation.AnimatorSet)>"
					],
					"depth":7,
					"method":"<android.graphics.drawable.InsetDrawable: void <init>(android.graphics.drawable.Drawable,int,int,int,int)>",
					"source":"FIELDCALLER"
				},
				{
					"trace":[
						"<android.graphics.drawable.DrawableContainer: boolean selectDrawable(int)>",
						"<android.graphics.drawable.DrawableContainer: void initializeDrawableForDisplay(android.graphics.drawable.Drawable)>",
						"<android.graphics.drawable.AnimatedStateListDrawable: boolean setVisible(boolean,boolean)>",
						"<android.graphics.drawable.AnimatedStateListDrawable$AnimatedVectorDrawableTransition: void start()>",
						"<android.graphics.drawable.AnimatedVectorDrawable: void start()>",
						"<android.graphics.drawable.AnimatedVectorDrawable: void ensureAnimatorSet()>",
						"<android.graphics.drawable.AnimatedVectorDrawable$VectorDrawableAnimatorUI: void init(android.animation.AnimatorSet)>",
						"key field: <android.graphics.drawable.AnimatedVectorDrawable$VectorDrawableAnimatorUI: android.animation.AnimatorSet mSet>",
						"<android.graphics.drawable.AnimatedVectorDrawable$VectorDrawableAnimatorUI: void init(android.animation.AnimatorSet)>"
					],
					"depth":7,
					"method":"<android.graphics.drawable.DrawableContainer: boolean selectDrawable(int)>",
					"source":"FIELDCALLER"
				},
				{
					"trace":[
						"<android.graphics.drawable.AnimatedRotateDrawable: boolean setVisible(boolean,boolean)>",
						"<android.graphics.drawable.DrawableWrapper: boolean setVisible(boolean,boolean)>",
						"<android.graphics.drawable.AnimatedStateListDrawable: boolean setVisible(boolean,boolean)>",
						"<android.graphics.drawable.AnimatedStateListDrawable$AnimatedVectorDrawableTransition: void start()>",
						"<android.graphics.drawable.AnimatedVectorDrawable: void start()>",
						"<android.graphics.drawable.AnimatedVectorDrawable: void ensureAnimatorSet()>",
						"<android.graphics.drawable.AnimatedVectorDrawable$VectorDrawableAnimatorUI: void init(android.animation.AnimatorSet)>",
						"key field: <android.graphics.drawable.AnimatedVectorDrawable$VectorDrawableAnimatorUI: android.animation.AnimatorSet mSet>",
						"<android.graphics.drawable.AnimatedVectorDrawable$VectorDrawableAnimatorUI: void init(android.animation.AnimatorSet)>"
					],
					"depth":7,
					"method":"<android.graphics.drawable.AnimatedRotateDrawable: boolean setVisible(boolean,boolean)>",
					"source":"FIELDCALLER"
				},
				{
					"trace":[
						"<android.graphics.drawable.Drawable: boolean setState(int[])>",
						"<android.graphics.drawable.AnimatedStateListDrawable: boolean onStateChange(int[])>",
						"<android.graphics.drawable.AnimatedStateListDrawable: boolean selectTransition(int)>",
						"<android.graphics.drawable.AnimatedStateListDrawable$AnimatedVectorDrawableTransition: void start()>",
						"<android.graphics.drawable.AnimatedVectorDrawable: void start()>",
						"<android.graphics.drawable.AnimatedVectorDrawable: void ensureAnimatorSet()>",
						"<android.graphics.drawable.AnimatedVectorDrawable$VectorDrawableAnimatorUI: void init(android.animation.AnimatorSet)>",
						"key field: <android.graphics.drawable.AnimatedVectorDrawable$VectorDrawableAnimatorUI: android.animation.AnimatorSet mSet>",
						"<android.graphics.drawable.AnimatedVectorDrawable$VectorDrawableAnimatorUI: void init(android.animation.AnimatorSet)>"
					],
					"depth":7,
					"method":"<android.graphics.drawable.Drawable: boolean setState(int[])>",
					"source":"FIELDCALLER"
				},
				{
					"trace":[
						"<android.graphics.drawable.AnimatedStateListDrawable: void addState(int[],android.graphics.drawable.Drawable,int)>",
						"<android.graphics.drawable.AnimatedStateListDrawable: boolean onStateChange(int[])>",
						"<android.graphics.drawable.AnimatedStateListDrawable: boolean selectTransition(int)>",
						"<android.graphics.drawable.AnimatedStateListDrawable$AnimatedVectorDrawableTransition: void start()>",
						"<android.graphics.drawable.AnimatedVectorDrawable: void start()>",
						"<android.graphics.drawable.AnimatedVectorDrawable: void ensureAnimatorSet()>",
						"<android.graphics.drawable.AnimatedVectorDrawable$VectorDrawableAnimatorUI: void init(android.animation.AnimatorSet)>",
						"key field: <android.graphics.drawable.AnimatedVectorDrawable$VectorDrawableAnimatorUI: android.animation.AnimatorSet mSet>",
						"<android.graphics.drawable.AnimatedVectorDrawable$VectorDrawableAnimatorUI: void init(android.animation.AnimatorSet)>"
					],
					"depth":7,
					"method":"<android.graphics.drawable.AnimatedStateListDrawable: void addState(int[],android.graphics.drawable.Drawable,int)>",
					"source":"FIELDCALLER"
				},
				{
					"trace":[
						"<android.graphics.drawable.StateListDrawable: void inflate(android.content.res.Resources,org.xmlpull.v1.XmlPullParser,android.util.AttributeSet,android.content.res.Resources$Theme)>",
						"<android.graphics.drawable.AnimatedStateListDrawable: boolean onStateChange(int[])>",
						"<android.graphics.drawable.AnimatedStateListDrawable: boolean selectTransition(int)>",
						"<android.graphics.drawable.AnimatedStateListDrawable$AnimatedVectorDrawableTransition: void start()>",
						"<android.graphics.drawable.AnimatedVectorDrawable: void start()>",
						"<android.graphics.drawable.AnimatedVectorDrawable: void ensureAnimatorSet()>",
						"<android.graphics.drawable.AnimatedVectorDrawable$VectorDrawableAnimatorUI: void init(android.animation.AnimatorSet)>",
						"key field: <android.graphics.drawable.AnimatedVectorDrawable$VectorDrawableAnimatorUI: android.animation.AnimatorSet mSet>",
						"<android.graphics.drawable.AnimatedVectorDrawable$VectorDrawableAnimatorUI: void init(android.animation.AnimatorSet)>"
					],
					"depth":7,
					"method":"<android.graphics.drawable.StateListDrawable: void inflate(android.content.res.Resources,org.xmlpull.v1.XmlPullParser,android.util.AttributeSet,android.content.res.Resources$Theme)>",
					"source":"FIELDCALLER"
				},
				{
					"trace":[
						"<android.graphics.drawable.StateListDrawable: void applyTheme(android.content.res.Resources$Theme)>",
						"<android.graphics.drawable.AnimatedStateListDrawable: boolean onStateChange(int[])>",
						"<android.graphics.drawable.AnimatedStateListDrawable: boolean selectTransition(int)>",
						"<android.graphics.drawable.AnimatedStateListDrawable$AnimatedVectorDrawableTransition: void start()>",
						"<android.graphics.drawable.AnimatedVectorDrawable: void start()>",
						"<android.graphics.drawable.AnimatedVectorDrawable: void ensureAnimatorSet()>",
						"<android.graphics.drawable.AnimatedVectorDrawable$VectorDrawableAnimatorUI: void init(android.animation.AnimatorSet)>",
						"key field: <android.graphics.drawable.AnimatedVectorDrawable$VectorDrawableAnimatorUI: android.animation.AnimatorSet mSet>",
						"<android.graphics.drawable.AnimatedVectorDrawable$VectorDrawableAnimatorUI: void init(android.animation.AnimatorSet)>"
					],
					"depth":7,
					"method":"<android.graphics.drawable.StateListDrawable: void applyTheme(android.content.res.Resources$Theme)>",
					"source":"FIELDCALLER"
				},
				{
					"trace":[
						"<android.graphics.drawable.LayerDrawable: void jumpToCurrentState()>",
						"<android.graphics.drawable.DrawableContainer: void jumpToCurrentState()>",
						"<android.graphics.drawable.AdaptiveIconDrawable: void jumpToCurrentState()>",
						"<android.graphics.drawable.AnimatedStateListDrawable: void jumpToCurrentState()>",
						"<android.graphics.drawable.AnimatedStateListDrawable$AnimatableTransition: void stop()>",
						"<android.graphics.drawable.AnimatedVectorDrawable: void stop()>",
						"<android.graphics.drawable.AnimatedVectorDrawable$VectorDrawableAnimatorUI: void end()>",
						"key field: <android.graphics.drawable.AnimatedVectorDrawable$VectorDrawableAnimatorUI: android.animation.AnimatorSet mSet>",
						"<android.graphics.drawable.AnimatedVectorDrawable$VectorDrawableAnimatorUI: void init(android.animation.AnimatorSet)>"
					],
					"depth":7,
					"method":"<android.graphics.drawable.LayerDrawable: void jumpToCurrentState()>",
					"source":"FIELDCALLER"
				},
				{
					"trace":[
						"<android.graphics.drawable.RippleDrawable: void draw(android.graphics.Canvas)>",
						"<android.graphics.drawable.RippleDrawable: void drawBackgroundAndRipples(android.graphics.Canvas)>",
						"<android.graphics.drawable.RippleDrawable: android.graphics.Paint getRipplePaint()>",
						"<android.graphics.drawable.RippleDrawable: void updateMaskShaderIfNeeded()>",
						"<android.graphics.drawable.RippleDrawable: void drawMask(android.graphics.Canvas)>",
						"<android.graphics.drawable.AnimatedVectorDrawable: void draw(android.graphics.Canvas)>",
						"<android.graphics.drawable.AnimatedVectorDrawable: void fallbackOntoUI()>",
						"<android.graphics.drawable.AnimatedVectorDrawable$VectorDrawableAnimatorUI: void <init>(android.graphics.drawable.AnimatedVectorDrawable)>",
						"key field: <android.graphics.drawable.AnimatedVectorDrawable$VectorDrawableAnimatorUI: android.animation.AnimatorSet mSet>",
						"<android.graphics.drawable.AnimatedVectorDrawable$VectorDrawableAnimatorUI: void init(android.animation.AnimatorSet)>"
					],
					"depth":8,
					"method":"<android.graphics.drawable.RippleDrawable: void draw(android.graphics.Canvas)>",
					"source":"FIELDCALLER"
				},
				{
					"trace":[
						"<android.graphics.drawable.RippleForeground: void exit()>",
						"<android.graphics.drawable.RippleForeground: void startHardwareExit()>",
						"<android.graphics.drawable.RippleDrawable: android.graphics.Paint getRipplePaint()>",
						"<android.graphics.drawable.RippleDrawable: void updateMaskShaderIfNeeded()>",
						"<android.graphics.drawable.RippleDrawable: void drawMask(android.graphics.Canvas)>",
						"<android.graphics.drawable.AnimatedVectorDrawable: void draw(android.graphics.Canvas)>",
						"<android.graphics.drawable.AnimatedVectorDrawable: void fallbackOntoUI()>",
						"<android.graphics.drawable.AnimatedVectorDrawable$VectorDrawableAnimatorUI: void <init>(android.graphics.drawable.AnimatedVectorDrawable)>",
						"key field: <android.graphics.drawable.AnimatedVectorDrawable$VectorDrawableAnimatorUI: android.animation.AnimatorSet mSet>",
						"<android.graphics.drawable.AnimatedVectorDrawable$VectorDrawableAnimatorUI: void init(android.animation.AnimatorSet)>"
					],
					"depth":8,
					"method":"<android.graphics.drawable.RippleForeground: void exit()>",
					"source":"FIELDCALLER"
				},
				{
					"trace":[
						"<android.graphics.drawable.RippleForeground: void enter()>",
						"<android.graphics.drawable.RippleForeground: void startHardwareEnter()>",
						"<android.graphics.drawable.RippleDrawable: android.graphics.Paint getRipplePaint()>",
						"<android.graphics.drawable.RippleDrawable: void updateMaskShaderIfNeeded()>",
						"<android.graphics.drawable.RippleDrawable: void drawMask(android.graphics.Canvas)>",
						"<android.graphics.drawable.AnimatedVectorDrawable: void draw(android.graphics.Canvas)>",
						"<android.graphics.drawable.AnimatedVectorDrawable: void fallbackOntoUI()>",
						"<android.graphics.drawable.AnimatedVectorDrawable$VectorDrawableAnimatorUI: void <init>(android.graphics.drawable.AnimatedVectorDrawable)>",
						"key field: <android.graphics.drawable.AnimatedVectorDrawable$VectorDrawableAnimatorUI: android.animation.AnimatorSet mSet>",
						"<android.graphics.drawable.AnimatedVectorDrawable$VectorDrawableAnimatorUI: void init(android.animation.AnimatorSet)>"
					],
					"depth":8,
					"method":"<android.graphics.drawable.RippleForeground: void enter()>",
					"source":"FIELDCALLER"
				},
				{
					"trace":[
						"<android.graphics.drawable.ScaleDrawable: void draw(android.graphics.Canvas)>",
						"<android.graphics.drawable.RotateDrawable: void draw(android.graphics.Canvas)>",
						"<android.graphics.drawable.TransitionDrawable: void draw(android.graphics.Canvas)>",
						"<android.graphics.drawable.RippleDrawable: void draw(android.graphics.Canvas)>",
						"<android.graphics.drawable.RippleDrawable: void drawContent(android.graphics.Canvas)>",
						"<android.graphics.drawable.AnimatedVectorDrawable: void draw(android.graphics.Canvas)>",
						"<android.graphics.drawable.AnimatedVectorDrawable: void fallbackOntoUI()>",
						"<android.graphics.drawable.AnimatedVectorDrawable$VectorDrawableAnimatorUI: void <init>(android.graphics.drawable.AnimatedVectorDrawable)>",
						"key field: <android.graphics.drawable.AnimatedVectorDrawable$VectorDrawableAnimatorUI: android.animation.AnimatorSet mSet>",
						"<android.graphics.drawable.AnimatedVectorDrawable$VectorDrawableAnimatorUI: void init(android.animation.AnimatorSet)>"
					],
					"depth":8,
					"method":"<android.graphics.drawable.ScaleDrawable: void draw(android.graphics.Canvas)>",
					"source":"FIELDCALLER"
				},
				{
					"trace":[
						"<android.graphics.drawable.DrawableWrapper: void draw(android.graphics.Canvas)>",
						"<android.graphics.drawable.RotateDrawable: void draw(android.graphics.Canvas)>",
						"<android.graphics.drawable.TransitionDrawable: void draw(android.graphics.Canvas)>",
						"<android.graphics.drawable.RippleDrawable: void draw(android.graphics.Canvas)>",
						"<android.graphics.drawable.RippleDrawable: void drawContent(android.graphics.Canvas)>",
						"<android.graphics.drawable.AnimatedVectorDrawable: void draw(android.graphics.Canvas)>",
						"<android.graphics.drawable.AnimatedVectorDrawable: void fallbackOntoUI()>",
						"<android.graphics.drawable.AnimatedVectorDrawable$VectorDrawableAnimatorUI: void <init>(android.graphics.drawable.AnimatedVectorDrawable)>",
						"key field: <android.graphics.drawable.AnimatedVectorDrawable$VectorDrawableAnimatorUI: android.animation.AnimatorSet mSet>",
						"<android.graphics.drawable.AnimatedVectorDrawable$VectorDrawableAnimatorUI: void init(android.animation.AnimatorSet)>"
					],
					"depth":8,
					"method":"<android.graphics.drawable.DrawableWrapper: void draw(android.graphics.Canvas)>",
					"source":"FIELDCALLER"
				},
				{
					"trace":[
						"<android.graphics.drawable.AnimatedRotateDrawable: void draw(android.graphics.Canvas)>",
						"<android.graphics.drawable.RotateDrawable: void draw(android.graphics.Canvas)>",
						"<android.graphics.drawable.TransitionDrawable: void draw(android.graphics.Canvas)>",
						"<android.graphics.drawable.RippleDrawable: void draw(android.graphics.Canvas)>",
						"<android.graphics.drawable.RippleDrawable: void drawContent(android.graphics.Canvas)>",
						"<android.graphics.drawable.AnimatedVectorDrawable: void draw(android.graphics.Canvas)>",
						"<android.graphics.drawable.AnimatedVectorDrawable: void fallbackOntoUI()>",
						"<android.graphics.drawable.AnimatedVectorDrawable$VectorDrawableAnimatorUI: void <init>(android.graphics.drawable.AnimatedVectorDrawable)>",
						"key field: <android.graphics.drawable.AnimatedVectorDrawable$VectorDrawableAnimatorUI: android.animation.AnimatorSet mSet>",
						"<android.graphics.drawable.AnimatedVectorDrawable$VectorDrawableAnimatorUI: void init(android.animation.AnimatorSet)>"
					],
					"depth":8,
					"method":"<android.graphics.drawable.AnimatedRotateDrawable: void draw(android.graphics.Canvas)>",
					"source":"FIELDCALLER"
				},
				{
					"trace":[
						"<android.graphics.drawable.ClipDrawable: void draw(android.graphics.Canvas)>",
						"<android.graphics.drawable.RotateDrawable: void draw(android.graphics.Canvas)>",
						"<android.graphics.drawable.TransitionDrawable: void draw(android.graphics.Canvas)>",
						"<android.graphics.drawable.RippleDrawable: void draw(android.graphics.Canvas)>",
						"<android.graphics.drawable.RippleDrawable: void drawContent(android.graphics.Canvas)>",
						"<android.graphics.drawable.AnimatedVectorDrawable: void draw(android.graphics.Canvas)>",
						"<android.graphics.drawable.AnimatedVectorDrawable: void fallbackOntoUI()>",
						"<android.graphics.drawable.AnimatedVectorDrawable$VectorDrawableAnimatorUI: void <init>(android.graphics.drawable.AnimatedVectorDrawable)>",
						"key field: <android.graphics.drawable.AnimatedVectorDrawable$VectorDrawableAnimatorUI: android.animation.AnimatorSet mSet>",
						"<android.graphics.drawable.AnimatedVectorDrawable$VectorDrawableAnimatorUI: void init(android.animation.AnimatorSet)>"
					],
					"depth":8,
					"method":"<android.graphics.drawable.ClipDrawable: void draw(android.graphics.Canvas)>",
					"source":"FIELDCALLER"
				},
				{
					"trace":[
						"<com.android.internal.widget.ActionBarContainer$ActionBarBackgroundDrawable: void draw(android.graphics.Canvas)>",
						"<android.graphics.drawable.RotateDrawable: void draw(android.graphics.Canvas)>",
						"<android.graphics.drawable.TransitionDrawable: void draw(android.graphics.Canvas)>",
						"<android.graphics.drawable.RippleDrawable: void draw(android.graphics.Canvas)>",
						"<android.graphics.drawable.RippleDrawable: void drawContent(android.graphics.Canvas)>",
						"<android.graphics.drawable.AnimatedVectorDrawable: void draw(android.graphics.Canvas)>",
						"<android.graphics.drawable.AnimatedVectorDrawable: void fallbackOntoUI()>",
						"<android.graphics.drawable.AnimatedVectorDrawable$VectorDrawableAnimatorUI: void <init>(android.graphics.drawable.AnimatedVectorDrawable)>",
						"key field: <android.graphics.drawable.AnimatedVectorDrawable$VectorDrawableAnimatorUI: android.animation.AnimatorSet mSet>",
						"<android.graphics.drawable.AnimatedVectorDrawable$VectorDrawableAnimatorUI: void init(android.animation.AnimatorSet)>"
					],
					"depth":8,
					"method":"<com.android.internal.widget.ActionBarContainer$ActionBarBackgroundDrawable: void draw(android.graphics.Canvas)>",
					"source":"FIELDCALLER"
				},
				{
					"trace":[
						"<android.graphics.drawable.DrawableContainer: void draw(android.graphics.Canvas)>",
						"<android.graphics.drawable.RotateDrawable: void draw(android.graphics.Canvas)>",
						"<android.graphics.drawable.TransitionDrawable: void draw(android.graphics.Canvas)>",
						"<android.graphics.drawable.RippleDrawable: void draw(android.graphics.Canvas)>",
						"<android.graphics.drawable.RippleDrawable: void drawContent(android.graphics.Canvas)>",
						"<android.graphics.drawable.AnimatedVectorDrawable: void draw(android.graphics.Canvas)>",
						"<android.graphics.drawable.AnimatedVectorDrawable: void fallbackOntoUI()>",
						"<android.graphics.drawable.AnimatedVectorDrawable$VectorDrawableAnimatorUI: void <init>(android.graphics.drawable.AnimatedVectorDrawable)>",
						"key field: <android.graphics.drawable.AnimatedVectorDrawable$VectorDrawableAnimatorUI: android.animation.AnimatorSet mSet>",
						"<android.graphics.drawable.AnimatedVectorDrawable$VectorDrawableAnimatorUI: void init(android.animation.AnimatorSet)>"
					],
					"depth":8,
					"method":"<android.graphics.drawable.DrawableContainer: void draw(android.graphics.Canvas)>",
					"source":"FIELDCALLER"
				},
				{
					"trace":[
						"<android.graphics.drawable.AdaptiveIconDrawable: void draw(android.graphics.Canvas)>",
						"<android.graphics.drawable.RotateDrawable: void draw(android.graphics.Canvas)>",
						"<android.graphics.drawable.TransitionDrawable: void draw(android.graphics.Canvas)>",
						"<android.graphics.drawable.RippleDrawable: void draw(android.graphics.Canvas)>",
						"<android.graphics.drawable.RippleDrawable: void drawContent(android.graphics.Canvas)>",
						"<android.graphics.drawable.AnimatedVectorDrawable: void draw(android.graphics.Canvas)>",
						"<android.graphics.drawable.AnimatedVectorDrawable: void fallbackOntoUI()>",
						"<android.graphics.drawable.AnimatedVectorDrawable$VectorDrawableAnimatorUI: void <init>(android.graphics.drawable.AnimatedVectorDrawable)>",
						"key field: <android.graphics.drawable.AnimatedVectorDrawable$VectorDrawableAnimatorUI: android.animation.AnimatorSet mSet>",
						"<android.graphics.drawable.AnimatedVectorDrawable$VectorDrawableAnimatorUI: void init(android.animation.AnimatorSet)>"
					],
					"depth":8,
					"method":"<android.graphics.drawable.AdaptiveIconDrawable: void draw(android.graphics.Canvas)>",
					"source":"FIELDCALLER"
				},
				{
					"trace":[
						"<android.graphics.drawable.LayerDrawable: void draw(android.graphics.Canvas)>",
						"<android.graphics.drawable.RotateDrawable: void draw(android.graphics.Canvas)>",
						"<android.graphics.drawable.TransitionDrawable: void draw(android.graphics.Canvas)>",
						"<android.graphics.drawable.RippleDrawable: void draw(android.graphics.Canvas)>",
						"<android.graphics.drawable.RippleDrawable: void drawContent(android.graphics.Canvas)>",
						"<android.graphics.drawable.AnimatedVectorDrawable: void draw(android.graphics.Canvas)>",
						"<android.graphics.drawable.AnimatedVectorDrawable: void fallbackOntoUI()>",
						"<android.graphics.drawable.AnimatedVectorDrawable$VectorDrawableAnimatorUI: void <init>(android.graphics.drawable.AnimatedVectorDrawable)>",
						"key field: <android.graphics.drawable.AnimatedVectorDrawable$VectorDrawableAnimatorUI: android.animation.AnimatorSet mSet>",
						"<android.graphics.drawable.AnimatedVectorDrawable$VectorDrawableAnimatorUI: void init(android.animation.AnimatorSet)>"
					],
					"depth":8,
					"method":"<android.graphics.drawable.LayerDrawable: void draw(android.graphics.Canvas)>",
					"source":"FIELDCALLER"
				},
				{
					"trace":[
						"<com.android.internal.widget.ActionBarOverlayLayout: void draw(android.graphics.Canvas)>",
						"<android.graphics.drawable.RotateDrawable: void draw(android.graphics.Canvas)>",
						"<android.graphics.drawable.TransitionDrawable: void draw(android.graphics.Canvas)>",
						"<android.graphics.drawable.RippleDrawable: void draw(android.graphics.Canvas)>",
						"<android.graphics.drawable.RippleDrawable: void drawContent(android.graphics.Canvas)>",
						"<android.graphics.drawable.AnimatedVectorDrawable: void draw(android.graphics.Canvas)>",
						"<android.graphics.drawable.AnimatedVectorDrawable: void fallbackOntoUI()>",
						"<android.graphics.drawable.AnimatedVectorDrawable$VectorDrawableAnimatorUI: void <init>(android.graphics.drawable.AnimatedVectorDrawable)>",
						"key field: <android.graphics.drawable.AnimatedVectorDrawable$VectorDrawableAnimatorUI: android.animation.AnimatorSet mSet>",
						"<android.graphics.drawable.AnimatedVectorDrawable$VectorDrawableAnimatorUI: void init(android.animation.AnimatorSet)>"
					],
					"depth":8,
					"method":"<com.android.internal.widget.ActionBarOverlayLayout: void draw(android.graphics.Canvas)>",
					"source":"FIELDCALLER"
				},
				{
					"trace":[
						"<com.android.internal.policy.DecorView: void draw(android.graphics.Canvas)>",
						"<android.graphics.drawable.RotateDrawable: void draw(android.graphics.Canvas)>",
						"<android.graphics.drawable.TransitionDrawable: void draw(android.graphics.Canvas)>",
						"<android.graphics.drawable.RippleDrawable: void draw(android.graphics.Canvas)>",
						"<android.graphics.drawable.RippleDrawable: void drawContent(android.graphics.Canvas)>",
						"<android.graphics.drawable.AnimatedVectorDrawable: void draw(android.graphics.Canvas)>",
						"<android.graphics.drawable.AnimatedVectorDrawable: void fallbackOntoUI()>",
						"<android.graphics.drawable.AnimatedVectorDrawable$VectorDrawableAnimatorUI: void <init>(android.graphics.drawable.AnimatedVectorDrawable)>",
						"key field: <android.graphics.drawable.AnimatedVectorDrawable$VectorDrawableAnimatorUI: android.animation.AnimatorSet mSet>",
						"<android.graphics.drawable.AnimatedVectorDrawable$VectorDrawableAnimatorUI: void init(android.animation.AnimatorSet)>"
					],
					"depth":8,
					"method":"<com.android.internal.policy.DecorView: void draw(android.graphics.Canvas)>",
					"source":"FIELDCALLER"
				},
				{
					"trace":[
						"<android.util.LauncherIcons$ShadowDrawable: void draw(android.graphics.Canvas)>",
						"<android.graphics.drawable.DrawableWrapper: void draw(android.graphics.Canvas)>",
						"<android.graphics.drawable.TransitionDrawable: void draw(android.graphics.Canvas)>",
						"<android.graphics.drawable.RippleDrawable: void draw(android.graphics.Canvas)>",
						"<android.graphics.drawable.RippleDrawable: void drawContent(android.graphics.Canvas)>",
						"<android.graphics.drawable.AnimatedVectorDrawable: void draw(android.graphics.Canvas)>",
						"<android.graphics.drawable.AnimatedVectorDrawable: void fallbackOntoUI()>",
						"<android.graphics.drawable.AnimatedVectorDrawable$VectorDrawableAnimatorUI: void <init>(android.graphics.drawable.AnimatedVectorDrawable)>",
						"key field: <android.graphics.drawable.AnimatedVectorDrawable$VectorDrawableAnimatorUI: android.animation.AnimatorSet mSet>",
						"<android.graphics.drawable.AnimatedVectorDrawable$VectorDrawableAnimatorUI: void init(android.animation.AnimatorSet)>"
					],
					"depth":8,
					"method":"<android.util.LauncherIcons$ShadowDrawable: void draw(android.graphics.Canvas)>",
					"source":"FIELDCALLER"
				},
				{
					"trace":[
						"<android.graphics.drawable.LevelListDrawable: void addLevel(int,int,android.graphics.drawable.Drawable)>",
						"<android.graphics.drawable.LevelListDrawable$LevelListState: void addLevel(int,int,android.graphics.drawable.Drawable)>",
						"<android.graphics.drawable.DrawableContainer$DrawableContainerState: int addChild(android.graphics.drawable.Drawable)>",
						"<android.graphics.drawable.AnimatedStateListDrawable: boolean setVisible(boolean,boolean)>",
						"<android.graphics.drawable.AnimatedStateListDrawable$AnimatedVectorDrawableTransition: void start()>",
						"<android.graphics.drawable.AnimatedVectorDrawable: void start()>",
						"<android.graphics.drawable.AnimatedVectorDrawable: void ensureAnimatorSet()>",
						"<android.graphics.drawable.AnimatedVectorDrawable$VectorDrawableAnimatorUI: void init(android.animation.AnimatorSet)>",
						"key field: <android.graphics.drawable.AnimatedVectorDrawable$VectorDrawableAnimatorUI: android.animation.AnimatorSet mSet>",
						"<android.graphics.drawable.AnimatedVectorDrawable$VectorDrawableAnimatorUI: void init(android.animation.AnimatorSet)>"
					],
					"depth":8,
					"method":"<android.graphics.drawable.LevelListDrawable: void addLevel(int,int,android.graphics.drawable.Drawable)>",
					"source":"FIELDCALLER"
				},
				{
					"trace":[
						"<android.graphics.drawable.AnimatedStateListDrawable: void addTransition(int,int,android.graphics.drawable.Drawable,boolean)>",
						"<android.graphics.drawable.AnimatedStateListDrawable$AnimatedStateListState: int addTransition(int,int,android.graphics.drawable.Drawable,boolean)>",
						"<android.graphics.drawable.DrawableContainer$DrawableContainerState: int addChild(android.graphics.drawable.Drawable)>",
						"<android.graphics.drawable.AnimatedStateListDrawable: boolean setVisible(boolean,boolean)>",
						"<android.graphics.drawable.AnimatedStateListDrawable$AnimatedVectorDrawableTransition: void start()>",
						"<android.graphics.drawable.AnimatedVectorDrawable: void start()>",
						"<android.graphics.drawable.AnimatedVectorDrawable: void ensureAnimatorSet()>",
						"<android.graphics.drawable.AnimatedVectorDrawable$VectorDrawableAnimatorUI: void init(android.animation.AnimatorSet)>",
						"key field: <android.graphics.drawable.AnimatedVectorDrawable$VectorDrawableAnimatorUI: android.animation.AnimatorSet mSet>",
						"<android.graphics.drawable.AnimatedVectorDrawable$VectorDrawableAnimatorUI: void init(android.animation.AnimatorSet)>"
					],
					"depth":8,
					"method":"<android.graphics.drawable.AnimatedStateListDrawable: void addTransition(int,int,android.graphics.drawable.Drawable,boolean)>",
					"source":"FIELDCALLER"
				},
				{
					"trace":[
						"<android.graphics.drawable.StateListDrawable: void addState(int[],android.graphics.drawable.Drawable)>",
						"<android.graphics.drawable.StateListDrawable$StateListState: int addStateSet(int[],android.graphics.drawable.Drawable)>",
						"<android.graphics.drawable.DrawableContainer$DrawableContainerState: int addChild(android.graphics.drawable.Drawable)>",
						"<android.graphics.drawable.AnimatedStateListDrawable: boolean setVisible(boolean,boolean)>",
						"<android.graphics.drawable.AnimatedStateListDrawable$AnimatedVectorDrawableTransition: void start()>",
						"<android.graphics.drawable.AnimatedVectorDrawable: void start()>",
						"<android.graphics.drawable.AnimatedVectorDrawable: void ensureAnimatorSet()>",
						"<android.graphics.drawable.AnimatedVectorDrawable$VectorDrawableAnimatorUI: void init(android.animation.AnimatorSet)>",
						"key field: <android.graphics.drawable.AnimatedVectorDrawable$VectorDrawableAnimatorUI: android.animation.AnimatorSet mSet>",
						"<android.graphics.drawable.AnimatedVectorDrawable$VectorDrawableAnimatorUI: void init(android.animation.AnimatorSet)>"
					],
					"depth":8,
					"method":"<android.graphics.drawable.StateListDrawable: void addState(int[],android.graphics.drawable.Drawable)>",
					"source":"FIELDCALLER"
				},
				{
					"trace":[
						"<android.graphics.drawable.AnimationDrawable: void addFrame(android.graphics.drawable.Drawable,int)>",
						"<android.graphics.drawable.AnimationDrawable$AnimationState: void addFrame(android.graphics.drawable.Drawable,int)>",
						"<android.graphics.drawable.DrawableContainer$DrawableContainerState: int addChild(android.graphics.drawable.Drawable)>",
						"<android.graphics.drawable.AnimatedStateListDrawable: boolean setVisible(boolean,boolean)>",
						"<android.graphics.drawable.AnimatedStateListDrawable$AnimatedVectorDrawableTransition: void start()>",
						"<android.graphics.drawable.AnimatedVectorDrawable: void start()>",
						"<android.graphics.drawable.AnimatedVectorDrawable: void ensureAnimatorSet()>",
						"<android.graphics.drawable.AnimatedVectorDrawable$VectorDrawableAnimatorUI: void init(android.animation.AnimatorSet)>",
						"key field: <android.graphics.drawable.AnimatedVectorDrawable$VectorDrawableAnimatorUI: android.animation.AnimatorSet mSet>",
						"<android.graphics.drawable.AnimatedVectorDrawable$VectorDrawableAnimatorUI: void init(android.animation.AnimatorSet)>"
					],
					"depth":8,
					"method":"<android.graphics.drawable.AnimationDrawable: void addFrame(android.graphics.drawable.Drawable,int)>",
					"source":"FIELDCALLER"
				},
				{
					"trace":[
						"<android.graphics.drawable.DrawableWrapper: void applyTheme(android.content.res.Resources$Theme)>",
						"<android.graphics.drawable.DrawableWrapper: void updateStateFromTypedArray(android.content.res.TypedArray)>",
						"<android.graphics.drawable.DrawableWrapper: void setDrawable(android.graphics.drawable.Drawable)>",
						"<android.graphics.drawable.AnimatedStateListDrawable: boolean setVisible(boolean,boolean)>",
						"<android.graphics.drawable.AnimatedStateListDrawable$AnimatedVectorDrawableTransition: void start()>",
						"<android.graphics.drawable.AnimatedVectorDrawable: void start()>",
						"<android.graphics.drawable.AnimatedVectorDrawable: void ensureAnimatorSet()>",
						"<android.graphics.drawable.AnimatedVectorDrawable$VectorDrawableAnimatorUI: void init(android.animation.AnimatorSet)>",
						"key field: <android.graphics.drawable.AnimatedVectorDrawable$VectorDrawableAnimatorUI: android.animation.AnimatorSet mSet>",
						"<android.graphics.drawable.AnimatedVectorDrawable$VectorDrawableAnimatorUI: void init(android.animation.AnimatorSet)>"
					],
					"depth":8,
					"method":"<android.graphics.drawable.DrawableWrapper: void applyTheme(android.content.res.Resources$Theme)>",
					"source":"FIELDCALLER"
				},
				{
					"trace":[
						"<android.graphics.drawable.DrawableWrapper: void inflate(android.content.res.Resources,org.xmlpull.v1.XmlPullParser,android.util.AttributeSet,android.content.res.Resources$Theme)>",
						"<android.graphics.drawable.DrawableWrapper: void updateStateFromTypedArray(android.content.res.TypedArray)>",
						"<android.graphics.drawable.DrawableWrapper: void setDrawable(android.graphics.drawable.Drawable)>",
						"<android.graphics.drawable.AnimatedStateListDrawable: boolean setVisible(boolean,boolean)>",
						"<android.graphics.drawable.AnimatedStateListDrawable$AnimatedVectorDrawableTransition: void start()>",
						"<android.graphics.drawable.AnimatedVectorDrawable: void start()>",
						"<android.graphics.drawable.AnimatedVectorDrawable: void ensureAnimatorSet()>",
						"<android.graphics.drawable.AnimatedVectorDrawable$VectorDrawableAnimatorUI: void init(android.animation.AnimatorSet)>",
						"key field: <android.graphics.drawable.AnimatedVectorDrawable$VectorDrawableAnimatorUI: android.animation.AnimatorSet mSet>",
						"<android.graphics.drawable.AnimatedVectorDrawable$VectorDrawableAnimatorUI: void init(android.animation.AnimatorSet)>"
					],
					"depth":8,
					"method":"<android.graphics.drawable.DrawableWrapper: void inflate(android.content.res.Resources,org.xmlpull.v1.XmlPullParser,android.util.AttributeSet,android.content.res.Resources$Theme)>",
					"source":"FIELDCALLER"
				},
				{
					"trace":[
						"<android.graphics.drawable.InsetDrawable: void <init>(android.graphics.drawable.Drawable,float)>",
						"<android.graphics.drawable.InsetDrawable: void <init>(android.graphics.drawable.Drawable,float,float,float,float)>",
						"<android.graphics.drawable.DrawableWrapper: void setDrawable(android.graphics.drawable.Drawable)>",
						"<android.graphics.drawable.AnimatedStateListDrawable: boolean setVisible(boolean,boolean)>",
						"<android.graphics.drawable.AnimatedStateListDrawable$AnimatedVectorDrawableTransition: void start()>",
						"<android.graphics.drawable.AnimatedVectorDrawable: void start()>",
						"<android.graphics.drawable.AnimatedVectorDrawable: void ensureAnimatorSet()>",
						"<android.graphics.drawable.AnimatedVectorDrawable$VectorDrawableAnimatorUI: void init(android.animation.AnimatorSet)>",
						"key field: <android.graphics.drawable.AnimatedVectorDrawable$VectorDrawableAnimatorUI: android.animation.AnimatorSet mSet>",
						"<android.graphics.drawable.AnimatedVectorDrawable$VectorDrawableAnimatorUI: void init(android.animation.AnimatorSet)>"
					],
					"depth":8,
					"method":"<android.graphics.drawable.InsetDrawable: void <init>(android.graphics.drawable.Drawable,float)>",
					"source":"FIELDCALLER"
				},
				{
					"trace":[
						"<android.graphics.drawable.InsetDrawable: void <init>(android.graphics.drawable.Drawable,int)>",
						"<android.graphics.drawable.InsetDrawable: void <init>(android.graphics.drawable.Drawable,int,int,int,int)>",
						"<android.graphics.drawable.DrawableWrapper: void setDrawable(android.graphics.drawable.Drawable)>",
						"<android.graphics.drawable.AnimatedStateListDrawable: boolean setVisible(boolean,boolean)>",
						"<android.graphics.drawable.AnimatedStateListDrawable$AnimatedVectorDrawableTransition: void start()>",
						"<android.graphics.drawable.AnimatedVectorDrawable: void start()>",
						"<android.graphics.drawable.AnimatedVectorDrawable: void ensureAnimatorSet()>",
						"<android.graphics.drawable.AnimatedVectorDrawable$VectorDrawableAnimatorUI: void init(android.animation.AnimatorSet)>",
						"key field: <android.graphics.drawable.AnimatedVectorDrawable$VectorDrawableAnimatorUI: android.animation.AnimatorSet mSet>",
						"<android.graphics.drawable.AnimatedVectorDrawable$VectorDrawableAnimatorUI: void init(android.animation.AnimatorSet)>"
					],
					"depth":8,
					"method":"<android.graphics.drawable.InsetDrawable: void <init>(android.graphics.drawable.Drawable,int)>",
					"source":"FIELDCALLER"
				},
				{
					"trace":[
						"<android.graphics.drawable.DrawableContainer: void setCurrentIndex(int)>",
						"<android.graphics.drawable.DrawableContainer: boolean selectDrawable(int)>",
						"<android.graphics.drawable.DrawableContainer: void initializeDrawableForDisplay(android.graphics.drawable.Drawable)>",
						"<android.graphics.drawable.AnimatedStateListDrawable: boolean setVisible(boolean,boolean)>",
						"<android.graphics.drawable.AnimatedStateListDrawable$AnimatedVectorDrawableTransition: void start()>",
						"<android.graphics.drawable.AnimatedVectorDrawable: void start()>",
						"<android.graphics.drawable.AnimatedVectorDrawable: void ensureAnimatorSet()>",
						"<android.graphics.drawable.AnimatedVectorDrawable$VectorDrawableAnimatorUI: void init(android.animation.AnimatorSet)>",
						"key field: <android.graphics.drawable.AnimatedVectorDrawable$VectorDrawableAnimatorUI: android.animation.AnimatorSet mSet>",
						"<android.graphics.drawable.AnimatedVectorDrawable$VectorDrawableAnimatorUI: void init(android.animation.AnimatorSet)>"
					],
					"depth":8,
					"method":"<android.graphics.drawable.DrawableContainer: void setCurrentIndex(int)>",
					"source":"FIELDCALLER"
				},
				{
					"trace":[
						"<android.graphics.drawable.AnimatedStateListDrawable: void jumpToCurrentState()>",
						"<android.graphics.drawable.DrawableContainer: boolean selectDrawable(int)>",
						"<android.graphics.drawable.DrawableContainer: void initializeDrawableForDisplay(android.graphics.drawable.Drawable)>",
						"<android.graphics.drawable.AnimatedStateListDrawable: boolean setVisible(boolean,boolean)>",
						"<android.graphics.drawable.AnimatedStateListDrawable$AnimatedVectorDrawableTransition: void start()>",
						"<android.graphics.drawable.AnimatedVectorDrawable: void start()>",
						"<android.graphics.drawable.AnimatedVectorDrawable: void ensureAnimatorSet()>",
						"<android.graphics.drawable.AnimatedVectorDrawable$VectorDrawableAnimatorUI: void init(android.animation.AnimatorSet)>",
						"key field: <android.graphics.drawable.AnimatedVectorDrawable$VectorDrawableAnimatorUI: android.animation.AnimatorSet mSet>",
						"<android.graphics.drawable.AnimatedVectorDrawable$VectorDrawableAnimatorUI: void init(android.animation.AnimatorSet)>"
					],
					"depth":8,
					"method":"<android.graphics.drawable.AnimatedStateListDrawable: void jumpToCurrentState()>",
					"source":"FIELDCALLER"
				},
				{
					"trace":[
						"<android.graphics.drawable.DrawableContainer: android.graphics.drawable.Drawable mutate()>",
						"<android.graphics.drawable.DrawableContainer: void setConstantState(android.graphics.drawable.DrawableContainer$DrawableContainerState)>",
						"<android.graphics.drawable.DrawableContainer: void initializeDrawableForDisplay(android.graphics.drawable.Drawable)>",
						"<android.graphics.drawable.AnimatedStateListDrawable: boolean setVisible(boolean,boolean)>",
						"<android.graphics.drawable.AnimatedStateListDrawable$AnimatedVectorDrawableTransition: void start()>",
						"<android.graphics.drawable.AnimatedVectorDrawable: void start()>",
						"<android.graphics.drawable.AnimatedVectorDrawable: void ensureAnimatorSet()>",
						"<android.graphics.drawable.AnimatedVectorDrawable$VectorDrawableAnimatorUI: void init(android.animation.AnimatorSet)>",
						"key field: <android.graphics.drawable.AnimatedVectorDrawable$VectorDrawableAnimatorUI: android.animation.AnimatorSet mSet>",
						"<android.graphics.drawable.AnimatedVectorDrawable$VectorDrawableAnimatorUI: void init(android.animation.AnimatorSet)>"
					],
					"depth":8,
					"method":"<android.graphics.drawable.DrawableContainer: android.graphics.drawable.Drawable mutate()>",
					"source":"FIELDCALLER"
				},
				{
					"trace":[
						"<android.graphics.drawable.DrawableContainer: boolean setVisible(boolean,boolean)>",
						"<android.graphics.drawable.AnimatedRotateDrawable: boolean setVisible(boolean,boolean)>",
						"<android.graphics.drawable.DrawableWrapper: boolean setVisible(boolean,boolean)>",
						"<android.graphics.drawable.AnimatedStateListDrawable: boolean setVisible(boolean,boolean)>",
						"<android.graphics.drawable.AnimatedStateListDrawable$AnimatedVectorDrawableTransition: void start()>",
						"<android.graphics.drawable.AnimatedVectorDrawable: void start()>",
						"<android.graphics.drawable.AnimatedVectorDrawable: void ensureAnimatorSet()>",
						"<android.graphics.drawable.AnimatedVectorDrawable$VectorDrawableAnimatorUI: void init(android.animation.AnimatorSet)>",
						"key field: <android.graphics.drawable.AnimatedVectorDrawable$VectorDrawableAnimatorUI: android.animation.AnimatorSet mSet>",
						"<android.graphics.drawable.AnimatedVectorDrawable$VectorDrawableAnimatorUI: void init(android.animation.AnimatorSet)>"
					],
					"depth":8,
					"method":"<android.graphics.drawable.DrawableContainer: boolean setVisible(boolean,boolean)>",
					"source":"FIELDCALLER"
				},
				{
					"trace":[
						"<android.graphics.drawable.AdaptiveIconDrawable: boolean setVisible(boolean,boolean)>",
						"<android.graphics.drawable.AnimatedRotateDrawable: boolean setVisible(boolean,boolean)>",
						"<android.graphics.drawable.DrawableWrapper: boolean setVisible(boolean,boolean)>",
						"<android.graphics.drawable.AnimatedStateListDrawable: boolean setVisible(boolean,boolean)>",
						"<android.graphics.drawable.AnimatedStateListDrawable$AnimatedVectorDrawableTransition: void start()>",
						"<android.graphics.drawable.AnimatedVectorDrawable: void start()>",
						"<android.graphics.drawable.AnimatedVectorDrawable: void ensureAnimatorSet()>",
						"<android.graphics.drawable.AnimatedVectorDrawable$VectorDrawableAnimatorUI: void init(android.animation.AnimatorSet)>",
						"key field: <android.graphics.drawable.AnimatedVectorDrawable$VectorDrawableAnimatorUI: android.animation.AnimatorSet mSet>",
						"<android.graphics.drawable.AnimatedVectorDrawable$VectorDrawableAnimatorUI: void init(android.animation.AnimatorSet)>"
					],
					"depth":8,
					"method":"<android.graphics.drawable.AdaptiveIconDrawable: boolean setVisible(boolean,boolean)>",
					"source":"FIELDCALLER"
				},
				{
					"trace":[
						"<android.graphics.drawable.LayerDrawable: boolean setVisible(boolean,boolean)>",
						"<android.graphics.drawable.AnimatedRotateDrawable: boolean setVisible(boolean,boolean)>",
						"<android.graphics.drawable.DrawableWrapper: boolean setVisible(boolean,boolean)>",
						"<android.graphics.drawable.AnimatedStateListDrawable: boolean setVisible(boolean,boolean)>",
						"<android.graphics.drawable.AnimatedStateListDrawable$AnimatedVectorDrawableTransition: void start()>",
						"<android.graphics.drawable.AnimatedVectorDrawable: void start()>",
						"<android.graphics.drawable.AnimatedVectorDrawable: void ensureAnimatorSet()>",
						"<android.graphics.drawable.AnimatedVectorDrawable$VectorDrawableAnimatorUI: void init(android.animation.AnimatorSet)>",
						"key field: <android.graphics.drawable.AnimatedVectorDrawable$VectorDrawableAnimatorUI: android.animation.AnimatorSet mSet>",
						"<android.graphics.drawable.AnimatedVectorDrawable$VectorDrawableAnimatorUI: void init(android.animation.AnimatorSet)>"
					],
					"depth":8,
					"method":"<android.graphics.drawable.LayerDrawable: boolean setVisible(boolean,boolean)>",
					"source":"FIELDCALLER"
				},
				{
					"trace":[
						"<android.graphics.drawable.AnimationDrawable: boolean setVisible(boolean,boolean)>",
						"<android.graphics.drawable.DrawableContainer: boolean setVisible(boolean,boolean)>",
						"<android.graphics.drawable.DrawableWrapper: boolean setVisible(boolean,boolean)>",
						"<android.graphics.drawable.AnimatedStateListDrawable: boolean setVisible(boolean,boolean)>",
						"<android.graphics.drawable.AnimatedStateListDrawable$AnimatedVectorDrawableTransition: void start()>",
						"<android.graphics.drawable.AnimatedVectorDrawable: void start()>",
						"<android.graphics.drawable.AnimatedVectorDrawable: void ensureAnimatorSet()>",
						"<android.graphics.drawable.AnimatedVectorDrawable$VectorDrawableAnimatorUI: void init(android.animation.AnimatorSet)>",
						"key field: <android.graphics.drawable.AnimatedVectorDrawable$VectorDrawableAnimatorUI: android.animation.AnimatorSet mSet>",
						"<android.graphics.drawable.AnimatedVectorDrawable$VectorDrawableAnimatorUI: void init(android.animation.AnimatorSet)>"
					],
					"depth":8,
					"method":"<android.graphics.drawable.AnimationDrawable: boolean setVisible(boolean,boolean)>",
					"source":"FIELDCALLER"
				},
				{
					"trace":[
						"<android.graphics.drawable.RippleDrawable: boolean setVisible(boolean,boolean)>",
						"<android.graphics.drawable.LayerDrawable: boolean setVisible(boolean,boolean)>",
						"<android.graphics.drawable.DrawableWrapper: boolean setVisible(boolean,boolean)>",
						"<android.graphics.drawable.AnimatedStateListDrawable: boolean setVisible(boolean,boolean)>",
						"<android.graphics.drawable.AnimatedStateListDrawable$AnimatedVectorDrawableTransition: void start()>",
						"<android.graphics.drawable.AnimatedVectorDrawable: void start()>",
						"<android.graphics.drawable.AnimatedVectorDrawable: void ensureAnimatorSet()>",
						"<android.graphics.drawable.AnimatedVectorDrawable$VectorDrawableAnimatorUI: void init(android.animation.AnimatorSet)>",
						"key field: <android.graphics.drawable.AnimatedVectorDrawable$VectorDrawableAnimatorUI: android.animation.AnimatorSet mSet>",
						"<android.graphics.drawable.AnimatedVectorDrawable$VectorDrawableAnimatorUI: void init(android.animation.AnimatorSet)>"
					],
					"depth":8,
					"method":"<android.graphics.drawable.RippleDrawable: boolean setVisible(boolean,boolean)>",
					"source":"FIELDCALLER"
				},
				{
					"trace":[
						"<android.graphics.drawable.DrawableContainer$1: void run()>",
						"<android.graphics.drawable.DrawableContainer: void animate(boolean)>",
						"<android.graphics.drawable.DrawableWrapper: boolean setVisible(boolean,boolean)>",
						"<android.graphics.drawable.AnimatedStateListDrawable: boolean setVisible(boolean,boolean)>",
						"<android.graphics.drawable.AnimatedStateListDrawable$AnimatedVectorDrawableTransition: void start()>",
						"<android.graphics.drawable.AnimatedVectorDrawable: void start()>",
						"<android.graphics.drawable.AnimatedVectorDrawable: void ensureAnimatorSet()>",
						"<android.graphics.drawable.AnimatedVectorDrawable$VectorDrawableAnimatorUI: void init(android.animation.AnimatorSet)>",
						"key field: <android.graphics.drawable.AnimatedVectorDrawable$VectorDrawableAnimatorUI: android.animation.AnimatorSet mSet>",
						"<android.graphics.drawable.AnimatedVectorDrawable$VectorDrawableAnimatorUI: void init(android.animation.AnimatorSet)>"
					],
					"depth":8,
					"method":"<android.graphics.drawable.DrawableContainer$1: void run()>",
					"source":"FIELDCALLER"
				},
				{
					"trace":[
						"<java.lang.Runnable: void run()>",
						"<android.graphics.drawable.DrawableContainer: void animate(boolean)>",
						"<android.graphics.drawable.DrawableWrapper: boolean setVisible(boolean,boolean)>",
						"<android.graphics.drawable.AnimatedStateListDrawable: boolean setVisible(boolean,boolean)>",
						"<android.graphics.drawable.AnimatedStateListDrawable$AnimatedVectorDrawableTransition: void start()>",
						"<android.graphics.drawable.AnimatedVectorDrawable: void start()>",
						"<android.graphics.drawable.AnimatedVectorDrawable: void ensureAnimatorSet()>",
						"<android.graphics.drawable.AnimatedVectorDrawable$VectorDrawableAnimatorUI: void init(android.animation.AnimatorSet)>",
						"key field: <android.graphics.drawable.AnimatedVectorDrawable$VectorDrawableAnimatorUI: android.animation.AnimatorSet mSet>",
						"<android.graphics.drawable.AnimatedVectorDrawable$VectorDrawableAnimatorUI: void init(android.animation.AnimatorSet)>"
					],
					"depth":8,
					"method":"<java.lang.Runnable: void run()>",
					"source":"FIELDCALLER"
				},
				{
					"trace":[
						"<android.graphics.drawable.Drawable: void setAlpha(int)>",
						"<android.graphics.drawable.DrawableContainer: void animate(boolean)>",
						"<android.graphics.drawable.DrawableWrapper: boolean setVisible(boolean,boolean)>",
						"<android.graphics.drawable.AnimatedStateListDrawable: boolean setVisible(boolean,boolean)>",
						"<android.graphics.drawable.AnimatedStateListDrawable$AnimatedVectorDrawableTransition: void start()>",
						"<android.graphics.drawable.AnimatedVectorDrawable: void start()>",
						"<android.graphics.drawable.AnimatedVectorDrawable: void ensureAnimatorSet()>",
						"<android.graphics.drawable.AnimatedVectorDrawable$VectorDrawableAnimatorUI: void init(android.animation.AnimatorSet)>",
						"key field: <android.graphics.drawable.AnimatedVectorDrawable$VectorDrawableAnimatorUI: android.animation.AnimatorSet mSet>",
						"<android.graphics.drawable.AnimatedVectorDrawable$VectorDrawableAnimatorUI: void init(android.animation.AnimatorSet)>"
					],
					"depth":8,
					"method":"<android.graphics.drawable.Drawable: void setAlpha(int)>",
					"source":"FIELDCALLER"
				},
				{
					"trace":[
						"<android.graphics.drawable.DrawableContainer: void setAlpha(int)>",
						"<android.graphics.drawable.DrawableContainer: void animate(boolean)>",
						"<android.graphics.drawable.DrawableWrapper: boolean setVisible(boolean,boolean)>",
						"<android.graphics.drawable.AnimatedStateListDrawable: boolean setVisible(boolean,boolean)>",
						"<android.graphics.drawable.AnimatedStateListDrawable$AnimatedVectorDrawableTransition: void start()>",
						"<android.graphics.drawable.AnimatedVectorDrawable: void start()>",
						"<android.graphics.drawable.AnimatedVectorDrawable: void ensureAnimatorSet()>",
						"<android.graphics.drawable.AnimatedVectorDrawable$VectorDrawableAnimatorUI: void init(android.animation.AnimatorSet)>",
						"key field: <android.graphics.drawable.AnimatedVectorDrawable$VectorDrawableAnimatorUI: android.animation.AnimatorSet mSet>",
						"<android.graphics.drawable.AnimatedVectorDrawable$VectorDrawableAnimatorUI: void init(android.animation.AnimatorSet)>"
					],
					"depth":8,
					"method":"<android.graphics.drawable.DrawableContainer: void setAlpha(int)>",
					"source":"FIELDCALLER"
				},
				{
					"trace":[
						"<android.graphics.drawable.AnimatedStateListDrawable: void <init>()>",
						"<android.graphics.drawable.AnimatedStateListDrawable: void <init>(android.graphics.drawable.AnimatedStateListDrawable$AnimatedStateListState,android.content.res.Resources)>",
						"<android.graphics.drawable.AnimatedStateListDrawable: boolean onStateChange(int[])>",
						"<android.graphics.drawable.AnimatedStateListDrawable: boolean selectTransition(int)>",
						"<android.graphics.drawable.AnimatedStateListDrawable$AnimatedVectorDrawableTransition: void start()>",
						"<android.graphics.drawable.AnimatedVectorDrawable: void start()>",
						"<android.graphics.drawable.AnimatedVectorDrawable: void ensureAnimatorSet()>",
						"<android.graphics.drawable.AnimatedVectorDrawable$VectorDrawableAnimatorUI: void init(android.animation.AnimatorSet)>",
						"key field: <android.graphics.drawable.AnimatedVectorDrawable$VectorDrawableAnimatorUI: android.animation.AnimatorSet mSet>",
						"<android.graphics.drawable.AnimatedVectorDrawable$VectorDrawableAnimatorUI: void init(android.animation.AnimatorSet)>"
					],
					"depth":8,
					"method":"<android.graphics.drawable.AnimatedStateListDrawable: void <init>()>",
					"source":"FIELDCALLER"
				},
				{
					"trace":[
						"<android.graphics.drawable.StateListDrawable: void <init>()>",
						"<android.graphics.drawable.StateListDrawable: void <init>(android.graphics.drawable.StateListDrawable$StateListState,android.content.res.Resources)>",
						"<android.graphics.drawable.AnimatedStateListDrawable: boolean onStateChange(int[])>",
						"<android.graphics.drawable.AnimatedStateListDrawable: boolean selectTransition(int)>",
						"<android.graphics.drawable.AnimatedStateListDrawable$AnimatedVectorDrawableTransition: void start()>",
						"<android.graphics.drawable.AnimatedVectorDrawable: void start()>",
						"<android.graphics.drawable.AnimatedVectorDrawable: void ensureAnimatorSet()>",
						"<android.graphics.drawable.AnimatedVectorDrawable$VectorDrawableAnimatorUI: void init(android.animation.AnimatorSet)>",
						"key field: <android.graphics.drawable.AnimatedVectorDrawable$VectorDrawableAnimatorUI: android.animation.AnimatorSet mSet>",
						"<android.graphics.drawable.AnimatedVectorDrawable$VectorDrawableAnimatorUI: void init(android.animation.AnimatorSet)>"
					],
					"depth":8,
					"method":"<android.graphics.drawable.StateListDrawable: void <init>()>",
					"source":"FIELDCALLER"
				},
				{
					"trace":[
						"<android.graphics.drawable.AnimatedStateListDrawable: void applyTheme(android.content.res.Resources$Theme)>",
						"<android.graphics.drawable.AnimatedStateListDrawable: void init()>",
						"<android.graphics.drawable.AnimatedStateListDrawable: boolean onStateChange(int[])>",
						"<android.graphics.drawable.AnimatedStateListDrawable: boolean selectTransition(int)>",
						"<android.graphics.drawable.AnimatedStateListDrawable$AnimatedVectorDrawableTransition: void start()>",
						"<android.graphics.drawable.AnimatedVectorDrawable: void start()>",
						"<android.graphics.drawable.AnimatedVectorDrawable: void ensureAnimatorSet()>",
						"<android.graphics.drawable.AnimatedVectorDrawable$VectorDrawableAnimatorUI: void init(android.animation.AnimatorSet)>",
						"key field: <android.graphics.drawable.AnimatedVectorDrawable$VectorDrawableAnimatorUI: android.animation.AnimatorSet mSet>",
						"<android.graphics.drawable.AnimatedVectorDrawable$VectorDrawableAnimatorUI: void init(android.animation.AnimatorSet)>"
					],
					"depth":8,
					"method":"<android.graphics.drawable.AnimatedStateListDrawable: void applyTheme(android.content.res.Resources$Theme)>",
					"source":"FIELDCALLER"
				},
				{
					"trace":[
						"<android.graphics.drawable.AnimatedStateListDrawable: void inflate(android.content.res.Resources,org.xmlpull.v1.XmlPullParser,android.util.AttributeSet,android.content.res.Resources$Theme)>",
						"<android.graphics.drawable.AnimatedStateListDrawable: void init()>",
						"<android.graphics.drawable.AnimatedStateListDrawable: boolean onStateChange(int[])>",
						"<android.graphics.drawable.AnimatedStateListDrawable: boolean selectTransition(int)>",
						"<android.graphics.drawable.AnimatedStateListDrawable$AnimatedVectorDrawableTransition: void start()>",
						"<android.graphics.drawable.AnimatedVectorDrawable: void start()>",
						"<android.graphics.drawable.AnimatedVectorDrawable: void ensureAnimatorSet()>",
						"<android.graphics.drawable.AnimatedVectorDrawable$VectorDrawableAnimatorUI: void init(android.animation.AnimatorSet)>",
						"key field: <android.graphics.drawable.AnimatedVectorDrawable$VectorDrawableAnimatorUI: android.animation.AnimatorSet mSet>",
						"<android.graphics.drawable.AnimatedVectorDrawable$VectorDrawableAnimatorUI: void init(android.animation.AnimatorSet)>"
					],
					"depth":8,
					"method":"<android.graphics.drawable.AnimatedStateListDrawable: void inflate(android.content.res.Resources,org.xmlpull.v1.XmlPullParser,android.util.AttributeSet,android.content.res.Resources$Theme)>",
					"source":"FIELDCALLER"
				},
				{
					"trace":[
						"<android.graphics.drawable.AdaptiveIconDrawable: void applyTheme(android.content.res.Resources$Theme)>",
						"<android.graphics.drawable.StateListDrawable: void applyTheme(android.content.res.Resources$Theme)>",
						"<android.graphics.drawable.AnimatedStateListDrawable: boolean onStateChange(int[])>",
						"<android.graphics.drawable.AnimatedStateListDrawable: boolean selectTransition(int)>",
						"<android.graphics.drawable.AnimatedStateListDrawable$AnimatedVectorDrawableTransition: void start()>",
						"<android.graphics.drawable.AnimatedVectorDrawable: void start()>",
						"<android.graphics.drawable.AnimatedVectorDrawable: void ensureAnimatorSet()>",
						"<android.graphics.drawable.AnimatedVectorDrawable$VectorDrawableAnimatorUI: void init(android.animation.AnimatorSet)>",
						"key field: <android.graphics.drawable.AnimatedVectorDrawable$VectorDrawableAnimatorUI: android.animation.AnimatorSet mSet>",
						"<android.graphics.drawable.AnimatedVectorDrawable$VectorDrawableAnimatorUI: void init(android.animation.AnimatorSet)>"
					],
					"depth":8,
					"method":"<android.graphics.drawable.AdaptiveIconDrawable: void applyTheme(android.content.res.Resources$Theme)>",
					"source":"FIELDCALLER"
				},
				{
					"trace":[
						"<android.graphics.drawable.LayerDrawable: void applyTheme(android.content.res.Resources$Theme)>",
						"<android.graphics.drawable.StateListDrawable: void applyTheme(android.content.res.Resources$Theme)>",
						"<android.graphics.drawable.AnimatedStateListDrawable: boolean onStateChange(int[])>",
						"<android.graphics.drawable.AnimatedStateListDrawable: boolean selectTransition(int)>",
						"<android.graphics.drawable.AnimatedStateListDrawable$AnimatedVectorDrawableTransition: void start()>",
						"<android.graphics.drawable.AnimatedVectorDrawable: void start()>",
						"<android.graphics.drawable.AnimatedVectorDrawable: void ensureAnimatorSet()>",
						"<android.graphics.drawable.AnimatedVectorDrawable$VectorDrawableAnimatorUI: void init(android.animation.AnimatorSet)>",
						"key field: <android.graphics.drawable.AnimatedVectorDrawable$VectorDrawableAnimatorUI: android.animation.AnimatorSet mSet>",
						"<android.graphics.drawable.AnimatedVectorDrawable$VectorDrawableAnimatorUI: void init(android.animation.AnimatorSet)>"
					],
					"depth":8,
					"method":"<android.graphics.drawable.LayerDrawable: void applyTheme(android.content.res.Resources$Theme)>",
					"source":"FIELDCALLER"
				},
				{
					"trace":[
						"<android.graphics.drawable.RippleDrawable: void jumpToCurrentState()>",
						"<android.graphics.drawable.LayerDrawable: void jumpToCurrentState()>",
						"<android.graphics.drawable.DrawableContainer: void jumpToCurrentState()>",
						"<android.graphics.drawable.AdaptiveIconDrawable: void jumpToCurrentState()>",
						"<android.graphics.drawable.AnimatedStateListDrawable: void jumpToCurrentState()>",
						"<android.graphics.drawable.AnimatedStateListDrawable$AnimatableTransition: void stop()>",
						"<android.graphics.drawable.AnimatedVectorDrawable: void stop()>",
						"<android.graphics.drawable.AnimatedVectorDrawable$VectorDrawableAnimatorUI: void end()>",
						"key field: <android.graphics.drawable.AnimatedVectorDrawable$VectorDrawableAnimatorUI: android.animation.AnimatorSet mSet>",
						"<android.graphics.drawable.AnimatedVectorDrawable$VectorDrawableAnimatorUI: void init(android.animation.AnimatorSet)>"
					],
					"depth":8,
					"method":"<android.graphics.drawable.RippleDrawable: void jumpToCurrentState()>",
					"source":"FIELDCALLER"
				}
			],
			"callerOfSingnlar2SourceVar":{}
		}
	]
}