{
	"exceptions":[
		{
			"method":"<android.content.pm.CrossProfileApps: void startMainActivity(android.content.ComponentName,android.os.UserHandle)>",
			"message":"[\\s\\S]*",
			"relatedVarType":"Unknown",
			"relatedCondType":"Empty",
			"modifier":"public",
			"type":"java.lang.RuntimeException",
			"osVersionRelated":false,
			"resourceRelated":false,
			"assessRelated":false,
			"hardwareRelated":false,
			"manifestRelated":false,
			"caughtValues":"@caughtexception",
			"relatedValues":"; ; @caughtexception",
			"keyAPISameClassNum":0,
			"keyAPIDiffClassNum":0,
			"keyAPISameClass":[],
			"keyAPIDiffClass":[],
			"callerOfSingnlar2SourceVar":{}
		},
		{
			"method":"<android.content.pm.CrossProfileApps: java.util.List getTargetUserProfiles()>",
			"message":"[\\s\\S]*",
			"relatedVarType":"Unknown",
			"relatedCondType":"Empty",
			"modifier":"public",
			"type":"java.lang.RuntimeException",
			"osVersionRelated":false,
			"resourceRelated":false,
			"assessRelated":false,
			"hardwareRelated":false,
			"manifestRelated":false,
			"caughtValues":"@caughtexception",
			"relatedValues":"; ; @caughtexception",
			"keyAPISameClassNum":0,
			"keyAPIDiffClassNum":0,
			"keyAPISameClass":[],
			"keyAPIDiffClass":[],
			"callerOfSingnlar2SourceVar":{}
		},
		{
			"method":"<android.content.pm.CrossProfileApps: void verifyCanAccessUser(android.os.UserHandle)>",
			"message":"\\QNot allowed to access \\E[\\s\\S]*",
			"relatedVarType":"Parameter",
			"relatedCondType":"Basic",
			"modifier":"private",
			"type":"java.lang.SecurityException",
			"osVersionRelated":false,
			"resourceRelated":false,
			"assessRelated":false,
			"hardwareRelated":false,
			"manifestRelated":false,
			"conditions":"$z0 != 0",
			"paramValues":"@parameter0: android.os.UserHandle",
			"relatedValues":"@parameter0: android.os.UserHandle; ; ",
			"keyAPISameClassNum":0,
			"keyAPIDiffClassNum":0,
			"keyAPISameClass":[
				{
					"trace":[
						"<android.content.pm.CrossProfileApps: void verifyCanAccessUser(android.os.UserHandle)>"
					],
					"depth":0,
					"method":"<android.content.pm.CrossProfileApps: void verifyCanAccessUser(android.os.UserHandle)>",
					"source":"CALLER"
				},
				{
					"trace":[
						"<android.content.pm.CrossProfileApps: java.lang.CharSequence getProfileSwitchingLabel(android.os.UserHandle)>",
						"<android.content.pm.CrossProfileApps: void verifyCanAccessUser(android.os.UserHandle)>"
					],
					"depth":1,
					"method":"<android.content.pm.CrossProfileApps: java.lang.CharSequence getProfileSwitchingLabel(android.os.UserHandle)>",
					"source":"CALLER"
				},
				{
					"trace":[
						"<android.content.pm.CrossProfileApps: android.graphics.drawable.Drawable getProfileSwitchingIconDrawable(android.os.UserHandle)>",
						"<android.content.pm.CrossProfileApps: void verifyCanAccessUser(android.os.UserHandle)>"
					],
					"depth":1,
					"method":"<android.content.pm.CrossProfileApps: android.graphics.drawable.Drawable getProfileSwitchingIconDrawable(android.os.UserHandle)>",
					"source":"CALLER"
				}
			],
			"keyAPIDiffClass":[],
			"callerOfSingnlar2SourceVar":{
				"<android.content.pm.CrossProfileApps: void verifyCanAccessUser(android.os.UserHandle)>":"0",
				"<android.content.pm.CrossProfileApps: android.graphics.drawable.Drawable getProfileSwitchingIconDrawable(android.os.UserHandle)>":"0",
				"<android.content.pm.CrossProfileApps: java.lang.CharSequence getProfileSwitchingLabel(android.os.UserHandle)>":"0"
			}
		}
	]
}