{
	"exceptions":[
		{
			"method":"<android.app.servertransaction.TransactionExecutorHelper: android.util.IntArray getLifecyclePath(int,int,boolean)>",
			"message":"\\QCan't resolve lifecycle path for undefined state\\E",
			"relatedVarType":"Parameter",
			"relatedCondType":"Basic",
			"modifier":"public",
			"type":"java.lang.IllegalArgumentException",
			"osVersionRelated":false,
			"resourceRelated":false,
			"assessRelated":false,
			"hardwareRelated":false,
			"manifestRelated":false,
			"conditions":"i0 == -1, i1 != -1",
			"paramValues":"@parameter0: int, @parameter1: int",
			"relatedValues":"@parameter0: int, @parameter1: int; ; ",
			"keyAPISameClassNum":0,
			"keyAPIDiffClassNum":0,
			"keyAPISameClass":[
				{
					"trace":[
						"<android.app.servertransaction.TransactionExecutorHelper: android.util.IntArray getLifecyclePath(int,int,boolean)>"
					],
					"depth":0,
					"method":"<android.app.servertransaction.TransactionExecutorHelper: android.util.IntArray getLifecyclePath(int,int,boolean)>",
					"source":"CALLER"
				},
				{
					"trace":[
						"<android.app.servertransaction.TransactionExecutorHelper: int getClosestOfStates(android.app.ActivityThread$ActivityClientRecord,int[])>",
						"<android.app.servertransaction.TransactionExecutorHelper: android.util.IntArray getLifecyclePath(int,int,boolean)>"
					],
					"depth":1,
					"method":"<android.app.servertransaction.TransactionExecutorHelper: int getClosestOfStates(android.app.ActivityThread$ActivityClientRecord,int[])>",
					"source":"CALLER"
				},
				{
					"trace":[
						"<android.app.servertransaction.TransactionExecutorHelper: int getClosestPreExecutionState(android.app.ActivityThread$ActivityClientRecord,int)>",
						"<android.app.servertransaction.TransactionExecutorHelper: int getClosestOfStates(android.app.ActivityThread$ActivityClientRecord,int[])>",
						"<android.app.servertransaction.TransactionExecutorHelper: android.util.IntArray getLifecyclePath(int,int,boolean)>"
					],
					"depth":2,
					"method":"<android.app.servertransaction.TransactionExecutorHelper: int getClosestPreExecutionState(android.app.ActivityThread$ActivityClientRecord,int)>",
					"source":"CALLER"
				}
			],
			"keyAPIDiffClass":[
				{
					"trace":[
						"<android.app.servertransaction.TransactionExecutor: void executeCallbacks(android.app.servertransaction.ClientTransaction)>",
						"<android.app.servertransaction.TransactionExecutor: void cycleToPath(android.app.ActivityThread$ActivityClientRecord,int,boolean)>",
						"<android.app.servertransaction.TransactionExecutorHelper: android.util.IntArray getLifecyclePath(int,int,boolean)>"
					],
					"depth":2,
					"method":"<android.app.servertransaction.TransactionExecutor: void executeCallbacks(android.app.servertransaction.ClientTransaction)>",
					"source":"CALLER"
				},
				{
					"trace":[
						"<android.app.servertransaction.TransactionExecutor: void cycleToPath(android.app.ActivityThread$ActivityClientRecord,int)>",
						"<android.app.servertransaction.TransactionExecutor: void cycleToPath(android.app.ActivityThread$ActivityClientRecord,int,boolean)>",
						"<android.app.servertransaction.TransactionExecutorHelper: android.util.IntArray getLifecyclePath(int,int,boolean)>"
					],
					"depth":2,
					"method":"<android.app.servertransaction.TransactionExecutor: void cycleToPath(android.app.ActivityThread$ActivityClientRecord,int)>",
					"source":"CALLER"
				},
				{
					"trace":[
						"<android.app.servertransaction.TransactionExecutor: void execute(android.app.servertransaction.ClientTransaction)>",
						"<android.app.servertransaction.TransactionExecutor: void executeCallbacks(android.app.servertransaction.ClientTransaction)>",
						"<android.app.servertransaction.TransactionExecutor: void cycleToPath(android.app.ActivityThread$ActivityClientRecord,int,boolean)>",
						"<android.app.servertransaction.TransactionExecutorHelper: android.util.IntArray getLifecyclePath(int,int,boolean)>"
					],
					"depth":3,
					"method":"<android.app.servertransaction.TransactionExecutor: void execute(android.app.servertransaction.ClientTransaction)>",
					"source":"CALLER"
				},
				{
					"trace":[
						"<android.app.ActivityThread$H: void handleMessage(android.os.Message)>",
						"<android.app.servertransaction.TransactionExecutor: void execute(android.app.servertransaction.ClientTransaction)>",
						"<android.app.servertransaction.TransactionExecutor: void executeCallbacks(android.app.servertransaction.ClientTransaction)>",
						"<android.app.servertransaction.TransactionExecutor: void cycleToPath(android.app.ActivityThread$ActivityClientRecord,int,boolean)>",
						"<android.app.servertransaction.TransactionExecutorHelper: android.util.IntArray getLifecyclePath(int,int,boolean)>"
					],
					"depth":4,
					"method":"<android.app.ActivityThread$H: void handleMessage(android.os.Message)>",
					"source":"CALLER"
				},
				{
					"trace":[
						"<android.app.ClientTransactionHandler: void executeTransaction(android.app.servertransaction.ClientTransaction)>",
						"<android.app.servertransaction.TransactionExecutor: void execute(android.app.servertransaction.ClientTransaction)>",
						"<android.app.servertransaction.TransactionExecutor: void executeCallbacks(android.app.servertransaction.ClientTransaction)>",
						"<android.app.servertransaction.TransactionExecutor: void cycleToPath(android.app.ActivityThread$ActivityClientRecord,int,boolean)>",
						"<android.app.servertransaction.TransactionExecutorHelper: android.util.IntArray getLifecyclePath(int,int,boolean)>"
					],
					"depth":4,
					"method":"<android.app.ClientTransactionHandler: void executeTransaction(android.app.servertransaction.ClientTransaction)>",
					"source":"CALLER"
				}
			],
			"callerOfSingnlar2SourceVar":{
				"<android.app.servertransaction.TransactionExecutor: void cycleToPath(android.app.ActivityThread$ActivityClientRecord,int)>":"1",
				"<android.app.servertransaction.TransactionExecutorHelper: android.util.IntArray getLifecyclePath(int,int,boolean)>":"0, 1",
				"<android.app.servertransaction.TransactionExecutor: void cycleToPath(android.app.ActivityThread$ActivityClientRecord,int,boolean)>":"1"
			}
		},
		{
			"method":"<android.app.servertransaction.TransactionExecutorHelper: android.util.IntArray getLifecyclePath(int,int,boolean)>",
			"message":"\\QCan't start or finish in intermittent RESTART state\\E",
			"relatedVarType":"Parameter",
			"relatedCondType":"Basic",
			"modifier":"public",
			"type":"java.lang.IllegalArgumentException",
			"osVersionRelated":false,
			"resourceRelated":false,
			"assessRelated":false,
			"hardwareRelated":false,
			"manifestRelated":false,
			"conditions":"i0 == 7, i1 != -1, i0 == -1",
			"paramValues":"@parameter0: int, @parameter1: int",
			"relatedValues":"@parameter0: int, @parameter1: int; ; ",
			"keyAPISameClassNum":0,
			"keyAPIDiffClassNum":0,
			"keyAPISameClass":[
				{
					"trace":[
						"<android.app.servertransaction.TransactionExecutorHelper: android.util.IntArray getLifecyclePath(int,int,boolean)>"
					],
					"depth":0,
					"method":"<android.app.servertransaction.TransactionExecutorHelper: android.util.IntArray getLifecyclePath(int,int,boolean)>",
					"source":"CALLER"
				},
				{
					"trace":[
						"<android.app.servertransaction.TransactionExecutorHelper: int getClosestOfStates(android.app.ActivityThread$ActivityClientRecord,int[])>",
						"<android.app.servertransaction.TransactionExecutorHelper: android.util.IntArray getLifecyclePath(int,int,boolean)>"
					],
					"depth":1,
					"method":"<android.app.servertransaction.TransactionExecutorHelper: int getClosestOfStates(android.app.ActivityThread$ActivityClientRecord,int[])>",
					"source":"CALLER"
				},
				{
					"trace":[
						"<android.app.servertransaction.TransactionExecutorHelper: int getClosestPreExecutionState(android.app.ActivityThread$ActivityClientRecord,int)>",
						"<android.app.servertransaction.TransactionExecutorHelper: int getClosestOfStates(android.app.ActivityThread$ActivityClientRecord,int[])>",
						"<android.app.servertransaction.TransactionExecutorHelper: android.util.IntArray getLifecyclePath(int,int,boolean)>"
					],
					"depth":2,
					"method":"<android.app.servertransaction.TransactionExecutorHelper: int getClosestPreExecutionState(android.app.ActivityThread$ActivityClientRecord,int)>",
					"source":"CALLER"
				}
			],
			"keyAPIDiffClass":[
				{
					"trace":[
						"<android.app.servertransaction.TransactionExecutor: void executeCallbacks(android.app.servertransaction.ClientTransaction)>",
						"<android.app.servertransaction.TransactionExecutor: void cycleToPath(android.app.ActivityThread$ActivityClientRecord,int,boolean)>",
						"<android.app.servertransaction.TransactionExecutorHelper: android.util.IntArray getLifecyclePath(int,int,boolean)>"
					],
					"depth":2,
					"method":"<android.app.servertransaction.TransactionExecutor: void executeCallbacks(android.app.servertransaction.ClientTransaction)>",
					"source":"CALLER"
				},
				{
					"trace":[
						"<android.app.servertransaction.TransactionExecutor: void cycleToPath(android.app.ActivityThread$ActivityClientRecord,int)>",
						"<android.app.servertransaction.TransactionExecutor: void cycleToPath(android.app.ActivityThread$ActivityClientRecord,int,boolean)>",
						"<android.app.servertransaction.TransactionExecutorHelper: android.util.IntArray getLifecyclePath(int,int,boolean)>"
					],
					"depth":2,
					"method":"<android.app.servertransaction.TransactionExecutor: void cycleToPath(android.app.ActivityThread$ActivityClientRecord,int)>",
					"source":"CALLER"
				},
				{
					"trace":[
						"<android.app.servertransaction.TransactionExecutor: void execute(android.app.servertransaction.ClientTransaction)>",
						"<android.app.servertransaction.TransactionExecutor: void executeCallbacks(android.app.servertransaction.ClientTransaction)>",
						"<android.app.servertransaction.TransactionExecutor: void cycleToPath(android.app.ActivityThread$ActivityClientRecord,int,boolean)>",
						"<android.app.servertransaction.TransactionExecutorHelper: android.util.IntArray getLifecyclePath(int,int,boolean)>"
					],
					"depth":3,
					"method":"<android.app.servertransaction.TransactionExecutor: void execute(android.app.servertransaction.ClientTransaction)>",
					"source":"CALLER"
				},
				{
					"trace":[
						"<android.app.ActivityThread$H: void handleMessage(android.os.Message)>",
						"<android.app.servertransaction.TransactionExecutor: void execute(android.app.servertransaction.ClientTransaction)>",
						"<android.app.servertransaction.TransactionExecutor: void executeCallbacks(android.app.servertransaction.ClientTransaction)>",
						"<android.app.servertransaction.TransactionExecutor: void cycleToPath(android.app.ActivityThread$ActivityClientRecord,int,boolean)>",
						"<android.app.servertransaction.TransactionExecutorHelper: android.util.IntArray getLifecyclePath(int,int,boolean)>"
					],
					"depth":4,
					"method":"<android.app.ActivityThread$H: void handleMessage(android.os.Message)>",
					"source":"CALLER"
				},
				{
					"trace":[
						"<android.app.ClientTransactionHandler: void executeTransaction(android.app.servertransaction.ClientTransaction)>",
						"<android.app.servertransaction.TransactionExecutor: void execute(android.app.servertransaction.ClientTransaction)>",
						"<android.app.servertransaction.TransactionExecutor: void executeCallbacks(android.app.servertransaction.ClientTransaction)>",
						"<android.app.servertransaction.TransactionExecutor: void cycleToPath(android.app.ActivityThread$ActivityClientRecord,int,boolean)>",
						"<android.app.servertransaction.TransactionExecutorHelper: android.util.IntArray getLifecyclePath(int,int,boolean)>"
					],
					"depth":4,
					"method":"<android.app.ClientTransactionHandler: void executeTransaction(android.app.servertransaction.ClientTransaction)>",
					"source":"CALLER"
				}
			],
			"callerOfSingnlar2SourceVar":{
				"<android.app.servertransaction.TransactionExecutor: void cycleToPath(android.app.ActivityThread$ActivityClientRecord,int)>":"1",
				"<android.app.servertransaction.TransactionExecutorHelper: android.util.IntArray getLifecyclePath(int,int,boolean)>":"0, 1",
				"<android.app.servertransaction.TransactionExecutor: void cycleToPath(android.app.ActivityThread$ActivityClientRecord,int,boolean)>":"1"
			}
		},
		{
			"method":"<android.app.servertransaction.TransactionExecutorHelper: android.util.IntArray getLifecyclePath(int,int,boolean)>",
			"message":"\\QCan only start in pre-onCreate state\\E",
			"relatedVarType":"Parameter",
			"relatedCondType":"Basic",
			"modifier":"public",
			"type":"java.lang.IllegalArgumentException",
			"osVersionRelated":false,
			"resourceRelated":false,
			"assessRelated":false,
			"hardwareRelated":false,
			"manifestRelated":false,
			"conditions":"i0 == i1, i1 != 0, i1 != 7",
			"paramValues":"@parameter0: int, @parameter1: int",
			"relatedValues":"@parameter0: int, @parameter1: int; ; ",
			"keyAPISameClassNum":0,
			"keyAPIDiffClassNum":0,
			"keyAPISameClass":[
				{
					"trace":[
						"<android.app.servertransaction.TransactionExecutorHelper: android.util.IntArray getLifecyclePath(int,int,boolean)>"
					],
					"depth":0,
					"method":"<android.app.servertransaction.TransactionExecutorHelper: android.util.IntArray getLifecyclePath(int,int,boolean)>",
					"source":"CALLER"
				},
				{
					"trace":[
						"<android.app.servertransaction.TransactionExecutorHelper: int getClosestOfStates(android.app.ActivityThread$ActivityClientRecord,int[])>",
						"<android.app.servertransaction.TransactionExecutorHelper: android.util.IntArray getLifecyclePath(int,int,boolean)>"
					],
					"depth":1,
					"method":"<android.app.servertransaction.TransactionExecutorHelper: int getClosestOfStates(android.app.ActivityThread$ActivityClientRecord,int[])>",
					"source":"CALLER"
				},
				{
					"trace":[
						"<android.app.servertransaction.TransactionExecutorHelper: int getClosestPreExecutionState(android.app.ActivityThread$ActivityClientRecord,int)>",
						"<android.app.servertransaction.TransactionExecutorHelper: int getClosestOfStates(android.app.ActivityThread$ActivityClientRecord,int[])>",
						"<android.app.servertransaction.TransactionExecutorHelper: android.util.IntArray getLifecyclePath(int,int,boolean)>"
					],
					"depth":2,
					"method":"<android.app.servertransaction.TransactionExecutorHelper: int getClosestPreExecutionState(android.app.ActivityThread$ActivityClientRecord,int)>",
					"source":"CALLER"
				}
			],
			"keyAPIDiffClass":[
				{
					"trace":[
						"<android.app.servertransaction.TransactionExecutor: void executeCallbacks(android.app.servertransaction.ClientTransaction)>",
						"<android.app.servertransaction.TransactionExecutor: void cycleToPath(android.app.ActivityThread$ActivityClientRecord,int,boolean)>",
						"<android.app.servertransaction.TransactionExecutorHelper: android.util.IntArray getLifecyclePath(int,int,boolean)>"
					],
					"depth":2,
					"method":"<android.app.servertransaction.TransactionExecutor: void executeCallbacks(android.app.servertransaction.ClientTransaction)>",
					"source":"CALLER"
				},
				{
					"trace":[
						"<android.app.servertransaction.TransactionExecutor: void cycleToPath(android.app.ActivityThread$ActivityClientRecord,int)>",
						"<android.app.servertransaction.TransactionExecutor: void cycleToPath(android.app.ActivityThread$ActivityClientRecord,int,boolean)>",
						"<android.app.servertransaction.TransactionExecutorHelper: android.util.IntArray getLifecyclePath(int,int,boolean)>"
					],
					"depth":2,
					"method":"<android.app.servertransaction.TransactionExecutor: void cycleToPath(android.app.ActivityThread$ActivityClientRecord,int)>",
					"source":"CALLER"
				},
				{
					"trace":[
						"<android.app.servertransaction.TransactionExecutor: void execute(android.app.servertransaction.ClientTransaction)>",
						"<android.app.servertransaction.TransactionExecutor: void executeCallbacks(android.app.servertransaction.ClientTransaction)>",
						"<android.app.servertransaction.TransactionExecutor: void cycleToPath(android.app.ActivityThread$ActivityClientRecord,int,boolean)>",
						"<android.app.servertransaction.TransactionExecutorHelper: android.util.IntArray getLifecyclePath(int,int,boolean)>"
					],
					"depth":3,
					"method":"<android.app.servertransaction.TransactionExecutor: void execute(android.app.servertransaction.ClientTransaction)>",
					"source":"CALLER"
				},
				{
					"trace":[
						"<android.app.ActivityThread$H: void handleMessage(android.os.Message)>",
						"<android.app.servertransaction.TransactionExecutor: void execute(android.app.servertransaction.ClientTransaction)>",
						"<android.app.servertransaction.TransactionExecutor: void executeCallbacks(android.app.servertransaction.ClientTransaction)>",
						"<android.app.servertransaction.TransactionExecutor: void cycleToPath(android.app.ActivityThread$ActivityClientRecord,int,boolean)>",
						"<android.app.servertransaction.TransactionExecutorHelper: android.util.IntArray getLifecyclePath(int,int,boolean)>"
					],
					"depth":4,
					"method":"<android.app.ActivityThread$H: void handleMessage(android.os.Message)>",
					"source":"CALLER"
				},
				{
					"trace":[
						"<android.app.ClientTransactionHandler: void executeTransaction(android.app.servertransaction.ClientTransaction)>",
						"<android.app.servertransaction.TransactionExecutor: void execute(android.app.servertransaction.ClientTransaction)>",
						"<android.app.servertransaction.TransactionExecutor: void executeCallbacks(android.app.servertransaction.ClientTransaction)>",
						"<android.app.servertransaction.TransactionExecutor: void cycleToPath(android.app.ActivityThread$ActivityClientRecord,int,boolean)>",
						"<android.app.servertransaction.TransactionExecutorHelper: android.util.IntArray getLifecyclePath(int,int,boolean)>"
					],
					"depth":4,
					"method":"<android.app.ClientTransactionHandler: void executeTransaction(android.app.servertransaction.ClientTransaction)>",
					"source":"CALLER"
				}
			],
			"callerOfSingnlar2SourceVar":{
				"<android.app.servertransaction.TransactionExecutor: void cycleToPath(android.app.ActivityThread$ActivityClientRecord,int)>":"1",
				"<android.app.servertransaction.TransactionExecutorHelper: android.util.IntArray getLifecyclePath(int,int,boolean)>":"0, 1",
				"<android.app.servertransaction.TransactionExecutor: void cycleToPath(android.app.ActivityThread$ActivityClientRecord,int,boolean)>":"1"
			}
		},
		{
			"method":"<android.app.servertransaction.TransactionExecutorHelper: int getClosestPreExecutionState(android.app.ActivityThread$ActivityClientRecord,int)>",
			"message":"\\QPre-execution states for state: \\E[\\s\\S]*\\Q is not supported.\\E",
			"relatedVarType":"Parameter",
			"relatedCondType":"Basic",
			"modifier":"public",
			"type":"java.lang.UnsupportedOperationException",
			"osVersionRelated":false,
			"resourceRelated":false,
			"assessRelated":false,
			"hardwareRelated":false,
			"manifestRelated":false,
			"conditions":"i0",
			"paramValues":"@parameter1: int",
			"relatedValues":"@parameter1: int; ; ",
			"keyAPISameClassNum":0,
			"keyAPIDiffClassNum":0,
			"keyAPISameClass":[
				{
					"trace":[
						"<android.app.servertransaction.TransactionExecutorHelper: int getClosestPreExecutionState(android.app.ActivityThread$ActivityClientRecord,int)>"
					],
					"depth":0,
					"method":"<android.app.servertransaction.TransactionExecutorHelper: int getClosestPreExecutionState(android.app.ActivityThread$ActivityClientRecord,int)>",
					"source":"CALLER"
				}
			],
			"keyAPIDiffClass":[
				{
					"trace":[
						"<android.app.servertransaction.TransactionExecutor: void executeCallbacks(android.app.servertransaction.ClientTransaction)>",
						"<android.app.servertransaction.TransactionExecutorHelper: int getClosestPreExecutionState(android.app.ActivityThread$ActivityClientRecord,int)>"
					],
					"depth":1,
					"method":"<android.app.servertransaction.TransactionExecutor: void executeCallbacks(android.app.servertransaction.ClientTransaction)>",
					"source":"CALLER"
				},
				{
					"trace":[
						"<android.app.servertransaction.TransactionExecutor: void execute(android.app.servertransaction.ClientTransaction)>",
						"<android.app.servertransaction.TransactionExecutor: void executeCallbacks(android.app.servertransaction.ClientTransaction)>",
						"<android.app.servertransaction.TransactionExecutorHelper: int getClosestPreExecutionState(android.app.ActivityThread$ActivityClientRecord,int)>"
					],
					"depth":2,
					"method":"<android.app.servertransaction.TransactionExecutor: void execute(android.app.servertransaction.ClientTransaction)>",
					"source":"CALLER"
				},
				{
					"trace":[
						"<android.app.ActivityThread$H: void handleMessage(android.os.Message)>",
						"<android.app.servertransaction.TransactionExecutor: void execute(android.app.servertransaction.ClientTransaction)>",
						"<android.app.servertransaction.TransactionExecutor: void executeCallbacks(android.app.servertransaction.ClientTransaction)>",
						"<android.app.servertransaction.TransactionExecutorHelper: int getClosestPreExecutionState(android.app.ActivityThread$ActivityClientRecord,int)>"
					],
					"depth":3,
					"method":"<android.app.ActivityThread$H: void handleMessage(android.os.Message)>",
					"source":"CALLER"
				},
				{
					"trace":[
						"<android.app.ClientTransactionHandler: void executeTransaction(android.app.servertransaction.ClientTransaction)>",
						"<android.app.servertransaction.TransactionExecutor: void execute(android.app.servertransaction.ClientTransaction)>",
						"<android.app.servertransaction.TransactionExecutor: void executeCallbacks(android.app.servertransaction.ClientTransaction)>",
						"<android.app.servertransaction.TransactionExecutorHelper: int getClosestPreExecutionState(android.app.ActivityThread$ActivityClientRecord,int)>"
					],
					"depth":3,
					"method":"<android.app.ClientTransactionHandler: void executeTransaction(android.app.servertransaction.ClientTransaction)>",
					"source":"CALLER"
				}
			],
			"callerOfSingnlar2SourceVar":{
				"<android.app.servertransaction.TransactionExecutorHelper: int getClosestPreExecutionState(android.app.ActivityThread$ActivityClientRecord,int)>":"1"
			}
		}
	]
}