{
	"exceptions":[
		{
			"method":"<android.app.backup.FileBackupHelperBase: void performBackup_checked(android.os.ParcelFileDescriptor,android.app.backup.BackupDataOutput,android.os.ParcelFileDescriptor,java.lang.String[],java.lang.String[])>",
			"message":"\\Qfiles.length=\\E[\\s\\S]*\\Q keys.length=\\E[\\s\\S]*",
			"relatedVarType":"Parameter",
			"relatedCondType":"Basic",
			"modifier":"default",
			"type":"java.lang.RuntimeException",
			"osVersionRelated":false,
			"resourceRelated":false,
			"assessRelated":false,
			"hardwareRelated":true,
			"manifestRelated":false,
			"conditions":"$i2 == $i1, i8 >= i7, $i0 != 0",
			"paramValues":"@parameter3: java.lang.String[], @parameter4: java.lang.String[]",
			"relatedValues":"@parameter3: java.lang.String[], @parameter4: java.lang.String[]; ; ",
			"keyAPISameClassNum":0,
			"keyAPIDiffClassNum":0,
			"keyAPISameClass":[
				{
					"trace":[
						"<android.app.backup.FileBackupHelperBase: void performBackup_checked(android.os.ParcelFileDescriptor,android.app.backup.BackupDataOutput,android.os.ParcelFileDescriptor,java.lang.String[],java.lang.String[])>"
					],
					"depth":0,
					"method":"<android.app.backup.FileBackupHelperBase: void performBackup_checked(android.os.ParcelFileDescriptor,android.app.backup.BackupDataOutput,android.os.ParcelFileDescriptor,java.lang.String[],java.lang.String[])>",
					"source":"CALLER"
				}
			],
			"keyAPIDiffClass":[],
			"callerOfSingnlar2SourceVar":{
				"<android.app.backup.FileBackupHelperBase: void performBackup_checked(android.os.ParcelFileDescriptor,android.app.backup.BackupDataOutput,android.os.ParcelFileDescriptor,java.lang.String[],java.lang.String[])>":"3, 4"
			}
		},
		{
			"method":"<android.app.backup.FileBackupHelperBase: void performBackup_checked(android.os.ParcelFileDescriptor,android.app.backup.BackupDataOutput,android.os.ParcelFileDescriptor,java.lang.String[],java.lang.String[])>",
			"message":"\\Qfiles must have all absolute paths: \\E[\\s\\S]*",
			"relatedVarType":"Parameter",
			"relatedCondType":"Basic",
			"modifier":"default",
			"type":"java.lang.RuntimeException",
			"osVersionRelated":false,
			"resourceRelated":false,
			"assessRelated":false,
			"hardwareRelated":true,
			"manifestRelated":false,
			"conditions":"$c6 == 47, i8 >= i7, $i0 != 0",
			"paramValues":"@parameter3: java.lang.String[]",
			"relatedValues":"@parameter3: java.lang.String[]; ; ",
			"keyAPISameClassNum":0,
			"keyAPIDiffClassNum":0,
			"keyAPISameClass":[
				{
					"trace":[
						"<android.app.backup.FileBackupHelperBase: void performBackup_checked(android.os.ParcelFileDescriptor,android.app.backup.BackupDataOutput,android.os.ParcelFileDescriptor,java.lang.String[],java.lang.String[])>"
					],
					"depth":0,
					"method":"<android.app.backup.FileBackupHelperBase: void performBackup_checked(android.os.ParcelFileDescriptor,android.app.backup.BackupDataOutput,android.os.ParcelFileDescriptor,java.lang.String[],java.lang.String[])>",
					"source":"CALLER"
				}
			],
			"keyAPIDiffClass":[],
			"callerOfSingnlar2SourceVar":{
				"<android.app.backup.FileBackupHelperBase: void performBackup_checked(android.os.ParcelFileDescriptor,android.app.backup.BackupDataOutput,android.os.ParcelFileDescriptor,java.lang.String[],java.lang.String[])>":"3"
			}
		},
		{
			"method":"<android.app.backup.FileBackupHelperBase: void performBackup_checked(android.os.ParcelFileDescriptor,android.app.backup.BackupDataOutput,android.os.ParcelFileDescriptor,java.lang.String[],java.lang.String[])>",
			"message":"\\QBackup failed 0x\\E[\\s\\S]*",
			"relatedVarType":"Parameter",
			"relatedCondType":"Basic",
			"modifier":"default",
			"type":"java.lang.RuntimeException",
			"osVersionRelated":false,
			"resourceRelated":false,
			"assessRelated":false,
			"hardwareRelated":true,
			"manifestRelated":false,
			"conditions":"i9 == 0, r2 == null, $i2 == $i1",
			"paramValues":"@parameter0: android.os.ParcelFileDescriptor, @parameter3: java.lang.String[], @parameter4: java.lang.String[], @parameter1: android.app.backup.BackupDataOutput, @parameter2: android.os.ParcelFileDescriptor",
			"relatedValues":"@parameter0: android.os.ParcelFileDescriptor, @parameter3: java.lang.String[], @parameter4: java.lang.String[], @parameter1: android.app.backup.BackupDataOutput, @parameter2: android.os.ParcelFileDescriptor; ; ",
			"keyAPISameClassNum":0,
			"keyAPIDiffClassNum":0,
			"keyAPISameClass":[
				{
					"trace":[
						"<android.app.backup.FileBackupHelperBase: void performBackup_checked(android.os.ParcelFileDescriptor,android.app.backup.BackupDataOutput,android.os.ParcelFileDescriptor,java.lang.String[],java.lang.String[])>"
					],
					"depth":0,
					"method":"<android.app.backup.FileBackupHelperBase: void performBackup_checked(android.os.ParcelFileDescriptor,android.app.backup.BackupDataOutput,android.os.ParcelFileDescriptor,java.lang.String[],java.lang.String[])>",
					"source":"CALLER"
				}
			],
			"keyAPIDiffClass":[
				{
					"trace":[
						"<android.app.backup.SharedPreferencesBackupHelper: void performBackup(android.os.ParcelFileDescriptor,android.app.backup.BackupDataOutput,android.os.ParcelFileDescriptor)>",
						"<android.app.backup.FileBackupHelperBase: void performBackup_checked(android.os.ParcelFileDescriptor,android.app.backup.BackupDataOutput,android.os.ParcelFileDescriptor,java.lang.String[],java.lang.String[])>"
					],
					"depth":1,
					"method":"<android.app.backup.SharedPreferencesBackupHelper: void performBackup(android.os.ParcelFileDescriptor,android.app.backup.BackupDataOutput,android.os.ParcelFileDescriptor)>",
					"source":"CALLER"
				},
				{
					"trace":[
						"<android.app.backup.BackupHelper: void performBackup(android.os.ParcelFileDescriptor,android.app.backup.BackupDataOutput,android.os.ParcelFileDescriptor)>",
						"<android.app.backup.FileBackupHelperBase: void performBackup_checked(android.os.ParcelFileDescriptor,android.app.backup.BackupDataOutput,android.os.ParcelFileDescriptor,java.lang.String[],java.lang.String[])>"
					],
					"depth":1,
					"method":"<android.app.backup.BackupHelper: void performBackup(android.os.ParcelFileDescriptor,android.app.backup.BackupDataOutput,android.os.ParcelFileDescriptor)>",
					"source":"CALLER"
				},
				{
					"trace":[
						"<android.app.backup.FileBackupHelper: void performBackup(android.os.ParcelFileDescriptor,android.app.backup.BackupDataOutput,android.os.ParcelFileDescriptor)>",
						"<android.app.backup.FileBackupHelperBase: void performBackup_checked(android.os.ParcelFileDescriptor,android.app.backup.BackupDataOutput,android.os.ParcelFileDescriptor,java.lang.String[],java.lang.String[])>"
					],
					"depth":1,
					"method":"<android.app.backup.FileBackupHelper: void performBackup(android.os.ParcelFileDescriptor,android.app.backup.BackupDataOutput,android.os.ParcelFileDescriptor)>",
					"source":"CALLER"
				},
				{
					"trace":[
						"<android.app.backup.AbsoluteFileBackupHelper: void performBackup(android.os.ParcelFileDescriptor,android.app.backup.BackupDataOutput,android.os.ParcelFileDescriptor)>",
						"<android.app.backup.FileBackupHelperBase: void performBackup_checked(android.os.ParcelFileDescriptor,android.app.backup.BackupDataOutput,android.os.ParcelFileDescriptor,java.lang.String[],java.lang.String[])>"
					],
					"depth":1,
					"method":"<android.app.backup.AbsoluteFileBackupHelper: void performBackup(android.os.ParcelFileDescriptor,android.app.backup.BackupDataOutput,android.os.ParcelFileDescriptor)>",
					"source":"CALLER"
				}
			],
			"callerOfSingnlar2SourceVar":{
				"<android.app.backup.FileBackupHelperBase: void performBackup_checked(android.os.ParcelFileDescriptor,android.app.backup.BackupDataOutput,android.os.ParcelFileDescriptor,java.lang.String[],java.lang.String[])>":"0, 3, 4, 1, 2",
				"<android.app.backup.FileBackupHelper: void performBackup(android.os.ParcelFileDescriptor,android.app.backup.BackupDataOutput,android.os.ParcelFileDescriptor)>":"0, 1, 2",
				"<android.app.backup.AbsoluteFileBackupHelper: void performBackup(android.os.ParcelFileDescriptor,android.app.backup.BackupDataOutput,android.os.ParcelFileDescriptor)>":"0, 1, 2",
				"<android.app.backup.SharedPreferencesBackupHelper: void performBackup(android.os.ParcelFileDescriptor,android.app.backup.BackupDataOutput,android.os.ParcelFileDescriptor)>":"0, 1, 2"
			}
		},
		{
			"method":"<android.app.backup.FileBackupHelperBase: void performBackup_checked(android.os.ParcelFileDescriptor,android.app.backup.BackupDataOutput,android.os.ParcelFileDescriptor,java.lang.String[],java.lang.String[])>",
			"message":"[\\s\\S]*",
			"relatedVarType":"Parameter",
			"relatedCondType":"Basic",
			"modifier":"default",
			"type":"java.lang.NullPointerException",
			"osVersionRelated":false,
			"resourceRelated":false,
			"assessRelated":false,
			"hardwareRelated":true,
			"manifestRelated":false,
			"conditions":"r28 != null, r2 == null, $i2 == $i1",
			"paramValues":"@parameter2: android.os.ParcelFileDescriptor, @parameter0: android.os.ParcelFileDescriptor, @parameter3: java.lang.String[], @parameter4: java.lang.String[]",
			"relatedValues":"@parameter2: android.os.ParcelFileDescriptor, @parameter0: android.os.ParcelFileDescriptor, @parameter3: java.lang.String[], @parameter4: java.lang.String[]; ; ",
			"keyAPISameClassNum":0,
			"keyAPIDiffClassNum":0,
			"keyAPISameClass":[
				{
					"trace":[
						"<android.app.backup.FileBackupHelperBase: void performBackup_checked(android.os.ParcelFileDescriptor,android.app.backup.BackupDataOutput,android.os.ParcelFileDescriptor,java.lang.String[],java.lang.String[])>"
					],
					"depth":0,
					"method":"<android.app.backup.FileBackupHelperBase: void performBackup_checked(android.os.ParcelFileDescriptor,android.app.backup.BackupDataOutput,android.os.ParcelFileDescriptor,java.lang.String[],java.lang.String[])>",
					"source":"CALLER"
				}
			],
			"keyAPIDiffClass":[
				{
					"trace":[
						"<android.app.backup.SharedPreferencesBackupHelper: void performBackup(android.os.ParcelFileDescriptor,android.app.backup.BackupDataOutput,android.os.ParcelFileDescriptor)>",
						"<android.app.backup.FileBackupHelperBase: void performBackup_checked(android.os.ParcelFileDescriptor,android.app.backup.BackupDataOutput,android.os.ParcelFileDescriptor,java.lang.String[],java.lang.String[])>"
					],
					"depth":1,
					"method":"<android.app.backup.SharedPreferencesBackupHelper: void performBackup(android.os.ParcelFileDescriptor,android.app.backup.BackupDataOutput,android.os.ParcelFileDescriptor)>",
					"source":"CALLER"
				},
				{
					"trace":[
						"<android.app.backup.BackupHelper: void performBackup(android.os.ParcelFileDescriptor,android.app.backup.BackupDataOutput,android.os.ParcelFileDescriptor)>",
						"<android.app.backup.FileBackupHelperBase: void performBackup_checked(android.os.ParcelFileDescriptor,android.app.backup.BackupDataOutput,android.os.ParcelFileDescriptor,java.lang.String[],java.lang.String[])>"
					],
					"depth":1,
					"method":"<android.app.backup.BackupHelper: void performBackup(android.os.ParcelFileDescriptor,android.app.backup.BackupDataOutput,android.os.ParcelFileDescriptor)>",
					"source":"CALLER"
				},
				{
					"trace":[
						"<android.app.backup.FileBackupHelper: void performBackup(android.os.ParcelFileDescriptor,android.app.backup.BackupDataOutput,android.os.ParcelFileDescriptor)>",
						"<android.app.backup.FileBackupHelperBase: void performBackup_checked(android.os.ParcelFileDescriptor,android.app.backup.BackupDataOutput,android.os.ParcelFileDescriptor,java.lang.String[],java.lang.String[])>"
					],
					"depth":1,
					"method":"<android.app.backup.FileBackupHelper: void performBackup(android.os.ParcelFileDescriptor,android.app.backup.BackupDataOutput,android.os.ParcelFileDescriptor)>",
					"source":"CALLER"
				},
				{
					"trace":[
						"<android.app.backup.AbsoluteFileBackupHelper: void performBackup(android.os.ParcelFileDescriptor,android.app.backup.BackupDataOutput,android.os.ParcelFileDescriptor)>",
						"<android.app.backup.FileBackupHelperBase: void performBackup_checked(android.os.ParcelFileDescriptor,android.app.backup.BackupDataOutput,android.os.ParcelFileDescriptor,java.lang.String[],java.lang.String[])>"
					],
					"depth":1,
					"method":"<android.app.backup.AbsoluteFileBackupHelper: void performBackup(android.os.ParcelFileDescriptor,android.app.backup.BackupDataOutput,android.os.ParcelFileDescriptor)>",
					"source":"CALLER"
				}
			],
			"callerOfSingnlar2SourceVar":{
				"<android.app.backup.FileBackupHelperBase: void performBackup_checked(android.os.ParcelFileDescriptor,android.app.backup.BackupDataOutput,android.os.ParcelFileDescriptor,java.lang.String[],java.lang.String[])>":"2, 0, 3, 4",
				"<android.app.backup.FileBackupHelper: void performBackup(android.os.ParcelFileDescriptor,android.app.backup.BackupDataOutput,android.os.ParcelFileDescriptor)>":"2, 0",
				"<android.app.backup.AbsoluteFileBackupHelper: void performBackup(android.os.ParcelFileDescriptor,android.app.backup.BackupDataOutput,android.os.ParcelFileDescriptor)>":"2, 0",
				"<android.app.backup.SharedPreferencesBackupHelper: void performBackup(android.os.ParcelFileDescriptor,android.app.backup.BackupDataOutput,android.os.ParcelFileDescriptor)>":"2, 0"
			}
		}
	]
}