{
	"exceptions":[
		{
			"method":"<android.graphics.ColorSpace$Rgb$TransferParameters: void <init>(double,double,double,double,double,double,double)>",
			"message":"\\QParameters cannot be NaN\\E",
			"relatedVarType":"Parameter",
			"relatedCondType":"Basic",
			"modifier":"public",
			"type":"java.lang.IllegalArgumentException",
			"osVersionRelated":false,
			"resourceRelated":false,
			"assessRelated":false,
			"hardwareRelated":false,
			"manifestRelated":false,
			"conditions":"$z0 != 0, $z1 != 0",
			"paramValues":"@parameter0: double, @parameter1: double",
			"relatedValues":"@parameter0: double, @parameter1: double; ; ",
			"keyAPISameClassNum":0,
			"keyAPIDiffClassNum":0,
			"keyAPISameClass":[
				{
					"trace":[
						"<android.graphics.ColorSpace$Rgb$TransferParameters: void <init>(double,double,double,double,double,double,double)>"
					],
					"depth":0,
					"method":"<android.graphics.ColorSpace$Rgb$TransferParameters: void <init>(double,double,double,double,double,double,double)>",
					"source":"CALLER"
				},
				{
					"trace":[
						"<android.graphics.ColorSpace$Rgb$TransferParameters: void <init>(double,double,double,double,double)>",
						"<android.graphics.ColorSpace$Rgb$TransferParameters: void <init>(double,double,double,double,double,double,double)>"
					],
					"depth":1,
					"method":"<android.graphics.ColorSpace$Rgb$TransferParameters: void <init>(double,double,double,double,double)>",
					"source":"CALLER"
				}
			],
			"keyAPIDiffClass":[],
			"callerOfSingnlar2SourceVar":{
				"<android.graphics.ColorSpace$Rgb$TransferParameters: void <init>(double,double,double,double,double,double,double)>":"0, 1",
				"<android.graphics.ColorSpace$Rgb$TransferParameters: void <init>(double,double,double,double,double)>":"0, 1"
			}
		},
		{
			"method":"<android.graphics.ColorSpace$Rgb$TransferParameters: void <init>(double,double,double,double,double,double,double)>",
			"message":"\\QParameter d must be in the range [0..1], was \\E[\\s\\S]*",
			"relatedVarType":"Parameter",
			"relatedCondType":"Basic",
			"modifier":"public",
			"type":"java.lang.IllegalArgumentException",
			"osVersionRelated":false,
			"resourceRelated":false,
			"assessRelated":false,
			"hardwareRelated":false,
			"manifestRelated":false,
			"conditions":"$b0 < 0, $z6 == 0, $z5 != 0",
			"paramValues":"@parameter3: double, @parameter6: double, @parameter5: double",
			"relatedValues":"@parameter3: double, @parameter6: double, @parameter5: double; ; ",
			"keyAPISameClassNum":0,
			"keyAPIDiffClassNum":0,
			"keyAPISameClass":[
				{
					"trace":[
						"<android.graphics.ColorSpace$Rgb$TransferParameters: void <init>(double,double,double,double,double,double,double)>"
					],
					"depth":0,
					"method":"<android.graphics.ColorSpace$Rgb$TransferParameters: void <init>(double,double,double,double,double,double,double)>",
					"source":"CALLER"
				},
				{
					"trace":[
						"<android.graphics.ColorSpace$Rgb$TransferParameters: void <init>(double,double,double,double,double)>",
						"<android.graphics.ColorSpace$Rgb$TransferParameters: void <init>(double,double,double,double,double,double,double)>"
					],
					"depth":1,
					"method":"<android.graphics.ColorSpace$Rgb$TransferParameters: void <init>(double,double,double,double,double)>",
					"source":"CALLER"
				}
			],
			"keyAPIDiffClass":[
				{
					"trace":[
						"<android.graphics.ColorSpace$Rgb: void <init>(java.lang.String,float[],float[],double)>",
						"<android.graphics.ColorSpace$Rgb: void <init>(java.lang.String,float[],float[],double,float,float,int)>",
						"<android.graphics.ColorSpace$Rgb$TransferParameters: void <init>(double,double,double,double,double)>",
						"<android.graphics.ColorSpace$Rgb$TransferParameters: void <init>(double,double,double,double,double,double,double)>"
					],
					"depth":3,
					"method":"<android.graphics.ColorSpace$Rgb: void <init>(java.lang.String,float[],float[],double)>",
					"source":"CALLER"
				},
				{
					"trace":[
						"<android.graphics.ColorSpace$Rgb: void <init>(java.lang.String,float[],double)>",
						"<android.graphics.ColorSpace$Rgb: void <init>(java.lang.String,float[],float[],double,float,float,int)>",
						"<android.graphics.ColorSpace$Rgb$TransferParameters: void <init>(double,double,double,double,double)>",
						"<android.graphics.ColorSpace$Rgb$TransferParameters: void <init>(double,double,double,double,double,double,double)>"
					],
					"depth":3,
					"method":"<android.graphics.ColorSpace$Rgb: void <init>(java.lang.String,float[],double)>",
					"source":"CALLER"
				}
			],
			"callerOfSingnlar2SourceVar":{
				"<android.graphics.ColorSpace$Rgb$TransferParameters: void <init>(double,double,double,double,double,double,double)>":"3, 6, 5",
				"<android.graphics.ColorSpace$Rgb: void <init>(java.lang.String,float[],float[],double)>":"3",
				"<android.graphics.ColorSpace$Rgb$TransferParameters: void <init>(double,double,double,double,double)>":"3, 4",
				"<android.graphics.ColorSpace$Rgb: void <init>(java.lang.String,float[],double)>":"2",
				"<android.graphics.ColorSpace$Rgb: void <init>(java.lang.String,float[],float[],double,float,float,int)>":"3",
				"<android.graphics.ColorSpace$Rgb: void <init>(java.lang.String,float[],float[],double,float,float,int,android.graphics.ColorSpace$1)>":"3"
			}
		},
		{
			"method":"<android.graphics.ColorSpace$Rgb$TransferParameters: void <init>(double,double,double,double,double,double,double)>",
			"message":"\\QParameter c is zero, the transfer function is constant\\E",
			"relatedVarType":"Parameter",
			"relatedCondType":"Basic",
			"modifier":"public",
			"type":"java.lang.IllegalArgumentException",
			"osVersionRelated":false,
			"resourceRelated":false,
			"assessRelated":false,
			"hardwareRelated":false,
			"manifestRelated":false,
			"conditions":"$b10 != 0, $b3 < 0, $b2 != 0",
			"paramValues":"@parameter2: double, @parameter3: double",
			"relatedValues":"@parameter2: double, @parameter3: double; ; ",
			"keyAPISameClassNum":0,
			"keyAPIDiffClassNum":0,
			"keyAPISameClass":[
				{
					"trace":[
						"<android.graphics.ColorSpace$Rgb$TransferParameters: void <init>(double,double,double,double,double,double,double)>"
					],
					"depth":0,
					"method":"<android.graphics.ColorSpace$Rgb$TransferParameters: void <init>(double,double,double,double,double,double,double)>",
					"source":"CALLER"
				},
				{
					"trace":[
						"<android.graphics.ColorSpace$Rgb$TransferParameters: void <init>(double,double,double,double,double)>",
						"<android.graphics.ColorSpace$Rgb$TransferParameters: void <init>(double,double,double,double,double,double,double)>"
					],
					"depth":1,
					"method":"<android.graphics.ColorSpace$Rgb$TransferParameters: void <init>(double,double,double,double,double)>",
					"source":"CALLER"
				}
			],
			"keyAPIDiffClass":[],
			"callerOfSingnlar2SourceVar":{
				"<android.graphics.ColorSpace$Rgb$TransferParameters: void <init>(double,double,double,double,double,double,double)>":"2, 3",
				"<android.graphics.ColorSpace$Rgb$TransferParameters: void <init>(double,double,double,double,double)>":"2, 3"
			}
		},
		{
			"method":"<android.graphics.ColorSpace$Rgb$TransferParameters: void <init>(double,double,double,double,double,double,double)>",
			"message":"\\QThe transfer function must be positive or increasing\\E",
			"relatedVarType":"Parameter",
			"relatedCondType":"Basic",
			"modifier":"public",
			"type":"java.lang.IllegalArgumentException",
			"osVersionRelated":false,
			"resourceRelated":false,
			"assessRelated":false,
			"hardwareRelated":false,
			"manifestRelated":false,
			"conditions":"$b7 < 0, $b6 >= 0, $b9 != 0",
			"paramValues":"@parameter0: double, @parameter2: double, @parameter6: double",
			"relatedValues":"@parameter0: double, @parameter2: double, @parameter6: double; ; ",
			"keyAPISameClassNum":0,
			"keyAPIDiffClassNum":0,
			"keyAPISameClass":[
				{
					"trace":[
						"<android.graphics.ColorSpace$Rgb$TransferParameters: void <init>(double,double,double,double,double,double,double)>"
					],
					"depth":0,
					"method":"<android.graphics.ColorSpace$Rgb$TransferParameters: void <init>(double,double,double,double,double,double,double)>",
					"source":"CALLER"
				},
				{
					"trace":[
						"<android.graphics.ColorSpace$Rgb$TransferParameters: void <init>(double,double,double,double,double)>",
						"<android.graphics.ColorSpace$Rgb$TransferParameters: void <init>(double,double,double,double,double,double,double)>"
					],
					"depth":1,
					"method":"<android.graphics.ColorSpace$Rgb$TransferParameters: void <init>(double,double,double,double,double)>",
					"source":"CALLER"
				}
			],
			"keyAPIDiffClass":[
				{
					"trace":[
						"<android.graphics.ColorSpace$Rgb: void <init>(java.lang.String,float[],float[],double)>",
						"<android.graphics.ColorSpace$Rgb: void <init>(java.lang.String,float[],float[],double,float,float,int)>",
						"<android.graphics.ColorSpace$Rgb$TransferParameters: void <init>(double,double,double,double,double)>",
						"<android.graphics.ColorSpace$Rgb$TransferParameters: void <init>(double,double,double,double,double,double,double)>"
					],
					"depth":3,
					"method":"<android.graphics.ColorSpace$Rgb: void <init>(java.lang.String,float[],float[],double)>",
					"source":"CALLER"
				},
				{
					"trace":[
						"<android.graphics.ColorSpace$Rgb: void <init>(java.lang.String,float[],double)>",
						"<android.graphics.ColorSpace$Rgb: void <init>(java.lang.String,float[],float[],double,float,float,int)>",
						"<android.graphics.ColorSpace$Rgb$TransferParameters: void <init>(double,double,double,double,double)>",
						"<android.graphics.ColorSpace$Rgb$TransferParameters: void <init>(double,double,double,double,double,double,double)>"
					],
					"depth":3,
					"method":"<android.graphics.ColorSpace$Rgb: void <init>(java.lang.String,float[],double)>",
					"source":"CALLER"
				}
			],
			"callerOfSingnlar2SourceVar":{
				"<android.graphics.ColorSpace$Rgb$TransferParameters: void <init>(double,double,double,double,double,double,double)>":"0, 2, 6",
				"<android.graphics.ColorSpace$Rgb: void <init>(java.lang.String,float[],float[],double)>":"3",
				"<android.graphics.ColorSpace$Rgb$TransferParameters: void <init>(double,double,double,double,double)>":"0, 2, 4",
				"<android.graphics.ColorSpace$Rgb: void <init>(java.lang.String,float[],double)>":"2",
				"<android.graphics.ColorSpace$Rgb: void <init>(java.lang.String,float[],float[],double,float,float,int)>":"3",
				"<android.graphics.ColorSpace$Rgb: void <init>(java.lang.String,float[],float[],double,float,float,int,android.graphics.ColorSpace$1)>":"3"
			}
		},
		{
			"method":"<android.graphics.ColorSpace$Rgb$TransferParameters: void <init>(double,double,double,double,double,double,double)>",
			"message":"\\QThe transfer function must be increasing\\E",
			"relatedVarType":"Parameter",
			"relatedCondType":"Basic",
			"modifier":"public",
			"type":"java.lang.IllegalArgumentException",
			"osVersionRelated":false,
			"resourceRelated":false,
			"assessRelated":false,
			"hardwareRelated":false,
			"manifestRelated":false,
			"conditions":"$b6 >= 0, $b9 != 0, $b4 == 0",
			"paramValues":"@parameter2: double, @parameter6: double, @parameter0: double",
			"relatedValues":"@parameter2: double, @parameter6: double, @parameter0: double; ; ",
			"keyAPISameClassNum":0,
			"keyAPIDiffClassNum":0,
			"keyAPISameClass":[
				{
					"trace":[
						"<android.graphics.ColorSpace$Rgb$TransferParameters: void <init>(double,double,double,double,double,double,double)>"
					],
					"depth":0,
					"method":"<android.graphics.ColorSpace$Rgb$TransferParameters: void <init>(double,double,double,double,double,double,double)>",
					"source":"CALLER"
				},
				{
					"trace":[
						"<android.graphics.ColorSpace$Rgb$TransferParameters: void <init>(double,double,double,double,double)>",
						"<android.graphics.ColorSpace$Rgb$TransferParameters: void <init>(double,double,double,double,double,double,double)>"
					],
					"depth":1,
					"method":"<android.graphics.ColorSpace$Rgb$TransferParameters: void <init>(double,double,double,double,double)>",
					"source":"CALLER"
				}
			],
			"keyAPIDiffClass":[
				{
					"trace":[
						"<android.graphics.ColorSpace$Rgb: void <init>(java.lang.String,float[],float[],double)>",
						"<android.graphics.ColorSpace$Rgb: void <init>(java.lang.String,float[],float[],double,float,float,int)>",
						"<android.graphics.ColorSpace$Rgb$TransferParameters: void <init>(double,double,double,double,double)>",
						"<android.graphics.ColorSpace$Rgb$TransferParameters: void <init>(double,double,double,double,double,double,double)>"
					],
					"depth":3,
					"method":"<android.graphics.ColorSpace$Rgb: void <init>(java.lang.String,float[],float[],double)>",
					"source":"CALLER"
				},
				{
					"trace":[
						"<android.graphics.ColorSpace$Rgb: void <init>(java.lang.String,float[],double)>",
						"<android.graphics.ColorSpace$Rgb: void <init>(java.lang.String,float[],float[],double,float,float,int)>",
						"<android.graphics.ColorSpace$Rgb$TransferParameters: void <init>(double,double,double,double,double)>",
						"<android.graphics.ColorSpace$Rgb$TransferParameters: void <init>(double,double,double,double,double,double,double)>"
					],
					"depth":3,
					"method":"<android.graphics.ColorSpace$Rgb: void <init>(java.lang.String,float[],double)>",
					"source":"CALLER"
				}
			],
			"callerOfSingnlar2SourceVar":{
				"<android.graphics.ColorSpace$Rgb$TransferParameters: void <init>(double,double,double,double,double,double,double)>":"2, 6, 0",
				"<android.graphics.ColorSpace$Rgb: void <init>(java.lang.String,float[],float[],double)>":"3",
				"<android.graphics.ColorSpace$Rgb$TransferParameters: void <init>(double,double,double,double,double)>":"2, 4, 0",
				"<android.graphics.ColorSpace$Rgb: void <init>(java.lang.String,float[],double)>":"2",
				"<android.graphics.ColorSpace$Rgb: void <init>(java.lang.String,float[],float[],double,float,float,int)>":"3",
				"<android.graphics.ColorSpace$Rgb: void <init>(java.lang.String,float[],float[],double,float,float,int,android.graphics.ColorSpace$1)>":"3"
			}
		},
		{
			"method":"<android.graphics.ColorSpace$Rgb$TransferParameters: void <init>(double,double,double,double,double,double,double)>",
			"message":"\\QParameter a or g is zero, the transfer function is constant\\E",
			"relatedVarType":"Parameter",
			"relatedCondType":"Basic",
			"modifier":"public",
			"type":"java.lang.IllegalArgumentException",
			"osVersionRelated":false,
			"resourceRelated":false,
			"assessRelated":false,
			"hardwareRelated":false,
			"manifestRelated":false,
			"conditions":"$b11 == 0, $b2 != 0, $b1 <= 0",
			"paramValues":"@parameter0: double, @parameter3: double",
			"relatedValues":"@parameter0: double, @parameter3: double; ; ",
			"keyAPISameClassNum":0,
			"keyAPIDiffClassNum":0,
			"keyAPISameClass":[
				{
					"trace":[
						"<android.graphics.ColorSpace$Rgb$TransferParameters: void <init>(double,double,double,double,double,double,double)>"
					],
					"depth":0,
					"method":"<android.graphics.ColorSpace$Rgb$TransferParameters: void <init>(double,double,double,double,double,double,double)>",
					"source":"CALLER"
				},
				{
					"trace":[
						"<android.graphics.ColorSpace$Rgb$TransferParameters: void <init>(double,double,double,double,double)>",
						"<android.graphics.ColorSpace$Rgb$TransferParameters: void <init>(double,double,double,double,double,double,double)>"
					],
					"depth":1,
					"method":"<android.graphics.ColorSpace$Rgb$TransferParameters: void <init>(double,double,double,double,double)>",
					"source":"CALLER"
				}
			],
			"keyAPIDiffClass":[],
			"callerOfSingnlar2SourceVar":{
				"<android.graphics.ColorSpace$Rgb$TransferParameters: void <init>(double,double,double,double,double,double,double)>":"0, 3",
				"<android.graphics.ColorSpace$Rgb$TransferParameters: void <init>(double,double,double,double,double)>":"0, 3"
			}
		},
		{
			"method":"<android.graphics.ColorSpace$Rgb$TransferParameters: void <init>(double,double,double,double,double,double,double)>",
			"message":"\\QParameter a or g is zero, and c is zero, the transfer function is constant\\E",
			"relatedVarType":"Parameter",
			"relatedCondType":"Basic",
			"modifier":"public",
			"type":"java.lang.IllegalArgumentException",
			"osVersionRelated":false,
			"resourceRelated":false,
			"assessRelated":false,
			"hardwareRelated":false,
			"manifestRelated":false,
			"conditions":"$b5 != 0, $b4 == 0, $b3 < 0",
			"paramValues":"@parameter2: double, @parameter0: double, @parameter3: double",
			"relatedValues":"@parameter2: double, @parameter0: double, @parameter3: double; ; ",
			"keyAPISameClassNum":0,
			"keyAPIDiffClassNum":0,
			"keyAPISameClass":[
				{
					"trace":[
						"<android.graphics.ColorSpace$Rgb$TransferParameters: void <init>(double,double,double,double,double,double,double)>"
					],
					"depth":0,
					"method":"<android.graphics.ColorSpace$Rgb$TransferParameters: void <init>(double,double,double,double,double,double,double)>",
					"source":"CALLER"
				},
				{
					"trace":[
						"<android.graphics.ColorSpace$Rgb$TransferParameters: void <init>(double,double,double,double,double)>",
						"<android.graphics.ColorSpace$Rgb$TransferParameters: void <init>(double,double,double,double,double,double,double)>"
					],
					"depth":1,
					"method":"<android.graphics.ColorSpace$Rgb$TransferParameters: void <init>(double,double,double,double,double)>",
					"source":"CALLER"
				}
			],
			"keyAPIDiffClass":[],
			"callerOfSingnlar2SourceVar":{
				"<android.graphics.ColorSpace$Rgb$TransferParameters: void <init>(double,double,double,double,double,double,double)>":"2, 0, 3",
				"<android.graphics.ColorSpace$Rgb$TransferParameters: void <init>(double,double,double,double,double)>":"2, 0, 3"
			}
		}
	]
}