{
	"exceptions":[
		{
			"method":"<android.filterfw.core.AsyncRunner: void setGraph(android.filterfw.core.FilterGraph)>",
			"message":"\\QGraph is already running!\\E",
			"relatedVarType":"Unknown",
			"relatedCondType":"Basic",
			"modifier":"public",
			"type":"java.lang.RuntimeException",
			"osVersionRelated":false,
			"resourceRelated":false,
			"assessRelated":false,
			"hardwareRelated":false,
			"manifestRelated":false,
			"conditions":"$z0 == 0",
			"keyAPISameClassNum":0,
			"keyAPIDiffClassNum":0,
			"keyAPISameClass":[],
			"keyAPIDiffClass":[],
			"callerOfSingnlar2SourceVar":{}
		},
		{
			"method":"<android.filterfw.core.AsyncRunner: void run()>",
			"message":"\\QGraph is already running!\\E",
			"relatedVarType":"Field",
			"relatedCondType":"Basic",
			"modifier":"public",
			"type":"java.lang.RuntimeException",
			"osVersionRelated":false,
			"resourceRelated":false,
			"assessRelated":false,
			"hardwareRelated":false,
			"manifestRelated":false,
			"conditions":"$z1 == 0, $z0 == 0",
			"fieldValues":"<android.filterfw.core.AsyncRunner: boolean mLogVerbose>",
			"relatedValues":"; <android.filterfw.core.AsyncRunner: boolean mLogVerbose>; ",
			"keyAPISameClassNum":2,
			"keyAPIDiffClassNum":2,
			"keyAPISameClass":[
				{
					"trace":[
						"<android.filterfw.core.AsyncRunner: void run()>"
					],
					"depth":1,
					"method":"<android.filterfw.core.AsyncRunner: void <init>(android.filterfw.core.FilterContext,java.lang.Class)>",
					"source":"FIELD"
				},
				{
					"trace":[
						"<android.filterfw.core.AsyncRunner: void run()>"
					],
					"depth":1,
					"method":"<android.filterfw.core.AsyncRunner: void <init>(android.filterfw.core.FilterContext)>",
					"source":"FIELD"
				}
			],
			"keyAPIDiffClass":[
				{
					"trace":[
						"<android.filterfw.GraphEnvironment$GraphHandle: android.filterfw.core.AsyncRunner getAsyncRunner(android.filterfw.core.FilterContext)>",
						"<android.filterfw.core.AsyncRunner: void <init>(android.filterfw.core.FilterContext,java.lang.Class)>",
						"key field: <android.filterfw.core.AsyncRunner: boolean mLogVerbose>",
						"<android.filterfw.core.AsyncRunner: void run()>"
					],
					"depth":2,
					"method":"<android.filterfw.GraphEnvironment$GraphHandle: android.filterfw.core.AsyncRunner getAsyncRunner(android.filterfw.core.FilterContext)>",
					"source":"FIELDCALLER"
				},
				{
					"trace":[
						"<android.filterfw.GraphEnvironment: android.filterfw.core.GraphRunner getRunner(int,int)>",
						"<android.filterfw.GraphEnvironment$GraphHandle: android.filterfw.core.AsyncRunner getAsyncRunner(android.filterfw.core.FilterContext)>",
						"<android.filterfw.core.AsyncRunner: void <init>(android.filterfw.core.FilterContext,java.lang.Class)>",
						"key field: <android.filterfw.core.AsyncRunner: boolean mLogVerbose>",
						"<android.filterfw.core.AsyncRunner: void run()>"
					],
					"depth":3,
					"method":"<android.filterfw.GraphEnvironment: android.filterfw.core.GraphRunner getRunner(int,int)>",
					"source":"FIELDCALLER"
				}
			],
			"callerOfSingnlar2SourceVar":{}
		},
		{
			"method":"<android.filterfw.core.AsyncRunner: void run()>",
			"message":"\\QCannot run before a graph is set!\\E",
			"relatedVarType":"Field",
			"relatedCondType":"Basic",
			"modifier":"public",
			"type":"java.lang.RuntimeException",
			"osVersionRelated":false,
			"resourceRelated":false,
			"assessRelated":false,
			"hardwareRelated":false,
			"manifestRelated":false,
			"conditions":"$r1 != null, $z1 == 0, $z0 == 0",
			"fieldValues":"<android.filterfw.core.AsyncRunner: android.filterfw.core.SyncRunner mRunner>, <android.filterfw.core.AsyncRunner: boolean mLogVerbose>",
			"relatedValues":"; <android.filterfw.core.AsyncRunner: android.filterfw.core.SyncRunner mRunner>, <android.filterfw.core.AsyncRunner: boolean mLogVerbose>; ",
			"keyAPISameClassNum":5,
			"keyAPIDiffClassNum":2,
			"keyAPISameClass":[
				{
					"trace":[
						"<android.filterfw.core.AsyncRunner: void run()>"
					],
					"depth":1,
					"method":"<android.filterfw.core.AsyncRunner: void setGraph(android.filterfw.core.FilterGraph)>",
					"source":"FIELD"
				},
				{
					"trace":[
						"<android.filterfw.core.AsyncRunner: void run()>"
					],
					"depth":1,
					"method":"<android.filterfw.core.AsyncRunner: android.filterfw.core.FilterGraph getGraph()>",
					"source":"FIELD"
				},
				{
					"trace":[
						"<android.filterfw.core.AsyncRunner: void run()>"
					],
					"depth":1,
					"method":"<android.filterfw.core.AsyncRunner: void close()>",
					"source":"FIELD"
				},
				{
					"trace":[
						"<android.filterfw.core.AsyncRunner: void run()>"
					],
					"depth":1,
					"method":"<android.filterfw.core.AsyncRunner: void <init>(android.filterfw.core.FilterContext,java.lang.Class)>",
					"source":"FIELD"
				},
				{
					"trace":[
						"<android.filterfw.core.AsyncRunner: void run()>"
					],
					"depth":1,
					"method":"<android.filterfw.core.AsyncRunner: void <init>(android.filterfw.core.FilterContext)>",
					"source":"FIELD"
				}
			],
			"keyAPIDiffClass":[
				{
					"trace":[
						"<android.filterfw.GraphEnvironment$GraphHandle: android.filterfw.core.AsyncRunner getAsyncRunner(android.filterfw.core.FilterContext)>",
						"<android.filterfw.core.AsyncRunner: void setGraph(android.filterfw.core.FilterGraph)>",
						"key field: <android.filterfw.core.AsyncRunner: android.filterfw.core.SyncRunner mRunner>",
						"<android.filterfw.core.AsyncRunner: void run()>"
					],
					"depth":2,
					"method":"<android.filterfw.GraphEnvironment$GraphHandle: android.filterfw.core.AsyncRunner getAsyncRunner(android.filterfw.core.FilterContext)>",
					"source":"FIELDCALLER"
				},
				{
					"trace":[
						"<android.filterfw.GraphEnvironment: android.filterfw.core.GraphRunner getRunner(int,int)>",
						"<android.filterfw.GraphEnvironment$GraphHandle: android.filterfw.core.AsyncRunner getAsyncRunner(android.filterfw.core.FilterContext)>",
						"<android.filterfw.core.AsyncRunner: void setGraph(android.filterfw.core.FilterGraph)>",
						"key field: <android.filterfw.core.AsyncRunner: android.filterfw.core.SyncRunner mRunner>",
						"<android.filterfw.core.AsyncRunner: void run()>"
					],
					"depth":3,
					"method":"<android.filterfw.GraphEnvironment: android.filterfw.core.GraphRunner getRunner(int,int)>",
					"source":"FIELDCALLER"
				}
			],
			"callerOfSingnlar2SourceVar":{}
		},
		{
			"method":"<android.filterfw.core.AsyncRunner: void close()>",
			"message":"\\QCannot close graph while it is running!\\E",
			"relatedVarType":"Unknown",
			"relatedCondType":"Basic",
			"modifier":"public",
			"type":"java.lang.RuntimeException",
			"osVersionRelated":false,
			"resourceRelated":false,
			"assessRelated":false,
			"hardwareRelated":false,
			"manifestRelated":false,
			"conditions":"$z0 == 0",
			"keyAPISameClassNum":0,
			"keyAPIDiffClassNum":0,
			"keyAPISameClass":[],
			"keyAPIDiffClass":[],
			"callerOfSingnlar2SourceVar":{}
		}
	]
}