{
	"exceptions":[
		{
			"method":"<android.accessibilityservice.AccessibilityService$SoftKeyboardController: void setSoftKeyboardCallbackEnabled(boolean)>",
			"message":"[\\s\\S]*",
			"relatedVarType":"Field",
			"relatedCondType":"Basic",
			"modifier":"private",
			"type":"java.lang.RuntimeException",
			"osVersionRelated":false,
			"resourceRelated":false,
			"assessRelated":false,
			"hardwareRelated":false,
			"manifestRelated":false,
			"conditions":"r3 == null",
			"fieldValues":"<android.accessibilityservice.AccessibilityService$SoftKeyboardController: android.accessibilityservice.AccessibilityService mService>",
			"caughtValues":"@caughtexception",
			"relatedValues":"; <android.accessibilityservice.AccessibilityService$SoftKeyboardController: android.accessibilityservice.AccessibilityService mService>; @caughtexception",
			"keyAPISameClassNum":5,
			"keyAPIDiffClassNum":7,
			"keyAPISameClass":[
				{
					"trace":[
						"<android.accessibilityservice.AccessibilityService$SoftKeyboardController: void setSoftKeyboardCallbackEnabled(boolean)>"
					],
					"depth":1,
					"method":"<android.accessibilityservice.AccessibilityService$SoftKeyboardController: int getShowMode()>",
					"source":"FIELD"
				},
				{
					"trace":[
						"<android.accessibilityservice.AccessibilityService$SoftKeyboardController: void setSoftKeyboardCallbackEnabled(boolean)>"
					],
					"depth":1,
					"method":"<android.accessibilityservice.AccessibilityService$SoftKeyboardController: boolean setShowMode(int)>",
					"source":"FIELD"
				},
				{
					"trace":[
						"<android.accessibilityservice.AccessibilityService$SoftKeyboardController: boolean removeOnShowModeChangedListener(android.accessibilityservice.AccessibilityService$SoftKeyboardController$OnShowModeChangedListener)>",
						"<android.accessibilityservice.AccessibilityService$SoftKeyboardController: void setSoftKeyboardCallbackEnabled(boolean)>",
						"key field: <android.accessibilityservice.AccessibilityService$SoftKeyboardController: android.accessibilityservice.AccessibilityService mService>",
						"<android.accessibilityservice.AccessibilityService$SoftKeyboardController: void setSoftKeyboardCallbackEnabled(boolean)>"
					],
					"depth":2,
					"method":"<android.accessibilityservice.AccessibilityService$SoftKeyboardController: boolean removeOnShowModeChangedListener(android.accessibilityservice.AccessibilityService$SoftKeyboardController$OnShowModeChangedListener)>",
					"source":"FIELDCALLER"
				},
				{
					"trace":[
						"<android.accessibilityservice.AccessibilityService$SoftKeyboardController: void addOnShowModeChangedListener(android.accessibilityservice.AccessibilityService$SoftKeyboardController$OnShowModeChangedListener,android.os.Handler)>",
						"<android.accessibilityservice.AccessibilityService$SoftKeyboardController: void setSoftKeyboardCallbackEnabled(boolean)>",
						"key field: <android.accessibilityservice.AccessibilityService$SoftKeyboardController: android.accessibilityservice.AccessibilityService mService>",
						"<android.accessibilityservice.AccessibilityService$SoftKeyboardController: void setSoftKeyboardCallbackEnabled(boolean)>"
					],
					"depth":2,
					"method":"<android.accessibilityservice.AccessibilityService$SoftKeyboardController: void addOnShowModeChangedListener(android.accessibilityservice.AccessibilityService$SoftKeyboardController$OnShowModeChangedListener,android.os.Handler)>",
					"source":"FIELDCALLER"
				},
				{
					"trace":[
						"<android.accessibilityservice.AccessibilityService$SoftKeyboardController: void addOnShowModeChangedListener(android.accessibilityservice.AccessibilityService$SoftKeyboardController$OnShowModeChangedListener)>",
						"<android.accessibilityservice.AccessibilityService$SoftKeyboardController: void addOnShowModeChangedListener(android.accessibilityservice.AccessibilityService$SoftKeyboardController$OnShowModeChangedListener,android.os.Handler)>",
						"<android.accessibilityservice.AccessibilityService$SoftKeyboardController: void setSoftKeyboardCallbackEnabled(boolean)>",
						"key field: <android.accessibilityservice.AccessibilityService$SoftKeyboardController: android.accessibilityservice.AccessibilityService mService>",
						"<android.accessibilityservice.AccessibilityService$SoftKeyboardController: void setSoftKeyboardCallbackEnabled(boolean)>"
					],
					"depth":3,
					"method":"<android.accessibilityservice.AccessibilityService$SoftKeyboardController: void addOnShowModeChangedListener(android.accessibilityservice.AccessibilityService$SoftKeyboardController$OnShowModeChangedListener)>",
					"source":"FIELDCALLER"
				}
			],
			"keyAPIDiffClass":[
				{
					"trace":[
						"<android.accessibilityservice.AccessibilityService: android.accessibilityservice.AccessibilityService$SoftKeyboardController getSoftKeyboardController()>",
						"<android.accessibilityservice.AccessibilityService$SoftKeyboardController: void <init>(android.accessibilityservice.AccessibilityService,java.lang.Object)>",
						"key field: <android.accessibilityservice.AccessibilityService$SoftKeyboardController: android.accessibilityservice.AccessibilityService mService>",
						"<android.accessibilityservice.AccessibilityService$SoftKeyboardController: void setSoftKeyboardCallbackEnabled(boolean)>"
					],
					"depth":2,
					"method":"<android.accessibilityservice.AccessibilityService: android.accessibilityservice.AccessibilityService$SoftKeyboardController getSoftKeyboardController()>",
					"source":"FIELDCALLER"
				},
				{
					"trace":[
						"<android.accessibilityservice.AccessibilityService$2: void onServiceConnected()>",
						"<android.accessibilityservice.AccessibilityService: void access$100(android.accessibilityservice.AccessibilityService)>",
						"<android.accessibilityservice.AccessibilityService: void dispatchServiceConnected()>",
						"<android.accessibilityservice.AccessibilityService$SoftKeyboardController: void onServiceConnected()>",
						"<android.accessibilityservice.AccessibilityService$SoftKeyboardController: void setSoftKeyboardCallbackEnabled(boolean)>",
						"key field: <android.accessibilityservice.AccessibilityService$SoftKeyboardController: android.accessibilityservice.AccessibilityService mService>",
						"<android.accessibilityservice.AccessibilityService$SoftKeyboardController: void setSoftKeyboardCallbackEnabled(boolean)>"
					],
					"depth":5,
					"method":"<android.accessibilityservice.AccessibilityService$2: void onServiceConnected()>",
					"source":"FIELDCALLER"
				},
				{
					"trace":[
						"<android.accessibilityservice.AccessibilityService$Callbacks: void onServiceConnected()>",
						"<android.accessibilityservice.AccessibilityService: void access$100(android.accessibilityservice.AccessibilityService)>",
						"<android.accessibilityservice.AccessibilityService: void dispatchServiceConnected()>",
						"<android.accessibilityservice.AccessibilityService$SoftKeyboardController: void onServiceConnected()>",
						"<android.accessibilityservice.AccessibilityService$SoftKeyboardController: void setSoftKeyboardCallbackEnabled(boolean)>",
						"key field: <android.accessibilityservice.AccessibilityService$SoftKeyboardController: android.accessibilityservice.AccessibilityService mService>",
						"<android.accessibilityservice.AccessibilityService$SoftKeyboardController: void setSoftKeyboardCallbackEnabled(boolean)>"
					],
					"depth":5,
					"method":"<android.accessibilityservice.AccessibilityService$Callbacks: void onServiceConnected()>",
					"source":"FIELDCALLER"
				},
				{
					"trace":[
						"<android.accessibilityservice.AccessibilityService$2: void onSoftKeyboardShowModeChanged(int)>",
						"<android.accessibilityservice.AccessibilityService: void access$400(android.accessibilityservice.AccessibilityService,int)>",
						"<android.accessibilityservice.AccessibilityService: void onSoftKeyboardShowModeChanged(int)>",
						"<android.accessibilityservice.AccessibilityService$SoftKeyboardController: void dispatchSoftKeyboardShowModeChanged(int)>",
						"<android.accessibilityservice.AccessibilityService$SoftKeyboardController: void setSoftKeyboardCallbackEnabled(boolean)>",
						"key field: <android.accessibilityservice.AccessibilityService$SoftKeyboardController: android.accessibilityservice.AccessibilityService mService>",
						"<android.accessibilityservice.AccessibilityService$SoftKeyboardController: void setSoftKeyboardCallbackEnabled(boolean)>"
					],
					"depth":5,
					"method":"<android.accessibilityservice.AccessibilityService$2: void onSoftKeyboardShowModeChanged(int)>",
					"source":"FIELDCALLER"
				},
				{
					"trace":[
						"<android.accessibilityservice.AccessibilityService$Callbacks: void onSoftKeyboardShowModeChanged(int)>",
						"<android.accessibilityservice.AccessibilityService: void access$400(android.accessibilityservice.AccessibilityService,int)>",
						"<android.accessibilityservice.AccessibilityService: void onSoftKeyboardShowModeChanged(int)>",
						"<android.accessibilityservice.AccessibilityService$SoftKeyboardController: void dispatchSoftKeyboardShowModeChanged(int)>",
						"<android.accessibilityservice.AccessibilityService$SoftKeyboardController: void setSoftKeyboardCallbackEnabled(boolean)>",
						"key field: <android.accessibilityservice.AccessibilityService$SoftKeyboardController: android.accessibilityservice.AccessibilityService mService>",
						"<android.accessibilityservice.AccessibilityService$SoftKeyboardController: void setSoftKeyboardCallbackEnabled(boolean)>"
					],
					"depth":5,
					"method":"<android.accessibilityservice.AccessibilityService$Callbacks: void onSoftKeyboardShowModeChanged(int)>",
					"source":"FIELDCALLER"
				},
				{
					"trace":[
						"<android.accessibilityservice.AccessibilityService$IAccessibilityServiceClientWrapper: void executeMessage(android.os.Message)>",
						"<android.accessibilityservice.AccessibilityService$2: void onServiceConnected()>",
						"<android.accessibilityservice.AccessibilityService: void access$100(android.accessibilityservice.AccessibilityService)>",
						"<android.accessibilityservice.AccessibilityService: void dispatchServiceConnected()>",
						"<android.accessibilityservice.AccessibilityService$SoftKeyboardController: void onServiceConnected()>",
						"<android.accessibilityservice.AccessibilityService$SoftKeyboardController: void setSoftKeyboardCallbackEnabled(boolean)>",
						"key field: <android.accessibilityservice.AccessibilityService$SoftKeyboardController: android.accessibilityservice.AccessibilityService mService>",
						"<android.accessibilityservice.AccessibilityService$SoftKeyboardController: void setSoftKeyboardCallbackEnabled(boolean)>"
					],
					"depth":6,
					"method":"<android.accessibilityservice.AccessibilityService$IAccessibilityServiceClientWrapper: void executeMessage(android.os.Message)>",
					"source":"FIELDCALLER"
				},
				{
					"trace":[
						"<com.android.internal.os.HandlerCaller$Callback: void executeMessage(android.os.Message)>",
						"<android.accessibilityservice.AccessibilityService$2: void onServiceConnected()>",
						"<android.accessibilityservice.AccessibilityService: void access$100(android.accessibilityservice.AccessibilityService)>",
						"<android.accessibilityservice.AccessibilityService: void dispatchServiceConnected()>",
						"<android.accessibilityservice.AccessibilityService$SoftKeyboardController: void onServiceConnected()>",
						"<android.accessibilityservice.AccessibilityService$SoftKeyboardController: void setSoftKeyboardCallbackEnabled(boolean)>",
						"key field: <android.accessibilityservice.AccessibilityService$SoftKeyboardController: android.accessibilityservice.AccessibilityService mService>",
						"<android.accessibilityservice.AccessibilityService$SoftKeyboardController: void setSoftKeyboardCallbackEnabled(boolean)>"
					],
					"depth":6,
					"method":"<com.android.internal.os.HandlerCaller$Callback: void executeMessage(android.os.Message)>",
					"source":"FIELDCALLER"
				}
			],
			"callerOfSingnlar2SourceVar":{}
		}
	]
}