{
	"exceptions":[
		{
			"method":"<android.accounts.AccountManager$AmsTask: void set(android.os.Bundle)>",
			"message":"[\\s\\S]*",
			"relatedVarType":"Parameter",
			"relatedCondType":"Basic",
			"modifier":"protected",
			"type":"java.lang.Exception",
			"osVersionRelated":false,
			"resourceRelated":false,
			"assessRelated":false,
			"hardwareRelated":true,
			"manifestRelated":false,
			"conditions":"r0 != null",
			"paramValues":"@parameter0: android.os.Bundle",
			"relatedValues":"@parameter0: android.os.Bundle; ; ",
			"keyAPISameClassNum":0,
			"keyAPIDiffClassNum":0,
			"keyAPISameClass":[
				{
					"trace":[
						"<android.accounts.AccountManager$AmsTask: void set(android.os.Bundle)>"
					],
					"depth":0,
					"method":"<android.accounts.AccountManager$AmsTask: void set(android.os.Bundle)>",
					"source":"CALLER"
				}
			],
			"keyAPIDiffClass":[
				{
					"trace":[
						"<android.accounts.AccountManager$GetAuthTokenByTypeAndFeaturesTask: void run(android.accounts.AccountManagerFuture)>",
						"<android.accounts.AccountManager$AmsTask: void set(android.os.Bundle)>"
					],
					"depth":1,
					"method":"<android.accounts.AccountManager$GetAuthTokenByTypeAndFeaturesTask: void run(android.accounts.AccountManagerFuture)>",
					"source":"CALLER"
				},
				{
					"trace":[
						"<android.accounts.AccountManagerCallback: void run(android.accounts.AccountManagerFuture)>",
						"<android.accounts.AccountManager$AmsTask: void set(android.os.Bundle)>"
					],
					"depth":1,
					"method":"<android.accounts.AccountManagerCallback: void run(android.accounts.AccountManagerFuture)>",
					"source":"CALLER"
				},
				{
					"trace":[
						"<android.accounts.AccountManager$AmsTask$Response: void onResult(android.os.Bundle)>",
						"<android.accounts.AccountManager$AmsTask: void set(android.os.Bundle)>"
					],
					"depth":1,
					"method":"<android.accounts.AccountManager$AmsTask$Response: void onResult(android.os.Bundle)>",
					"source":"CALLER"
				}
			],
			"callerOfSingnlar2SourceVar":{
				"<android.accounts.AccountManager$AmsTask$Response: void onResult(android.os.Bundle)>":"0",
				"<android.accounts.AccountManager$AmsTask: void set(android.os.Bundle)>":"0"
			}
		},
		{
			"method":"<android.accounts.AccountManager$AmsTask: android.os.Bundle internalGetResult(java.lang.Long,java.util.concurrent.TimeUnit)>",
			"message":"[\\s\\S]*",
			"relatedVarType":"Unknown",
			"relatedCondType":"Basic",
			"modifier":"private",
			"type":"android.accounts.AuthenticatorException",
			"osVersionRelated":false,
			"resourceRelated":false,
			"assessRelated":false,
			"hardwareRelated":true,
			"manifestRelated":false,
			"conditions":"$z6 == 0, $z5 == 0, $z4 == 0",
			"caughtValues":"@caughtexception",
			"relatedValues":"; ; @caughtexception",
			"keyAPISameClassNum":0,
			"keyAPIDiffClassNum":0,
			"keyAPISameClass":[],
			"keyAPIDiffClass":[],
			"callerOfSingnlar2SourceVar":{}
		},
		{
			"method":"<android.accounts.AccountManager$AmsTask: android.os.Bundle internalGetResult(java.lang.Long,java.util.concurrent.TimeUnit)>",
			"message":"[\\s\\S]*",
			"relatedVarType":"Unknown",
			"relatedCondType":"Basic",
			"modifier":"private",
			"type":"android.accounts.OperationCanceledException",
			"osVersionRelated":false,
			"resourceRelated":false,
			"assessRelated":false,
			"hardwareRelated":true,
			"manifestRelated":false,
			"conditions":"r1 != null, $z0 != 0",
			"caughtValues":"@caughtexception",
			"relatedValues":"; ; @caughtexception",
			"keyAPISameClassNum":0,
			"keyAPIDiffClassNum":0,
			"keyAPISameClass":[],
			"keyAPIDiffClass":[],
			"callerOfSingnlar2SourceVar":{}
		},
		{
			"method":"<android.accounts.AccountManager$AmsTask: android.os.Bundle internalGetResult(java.lang.Long,java.util.concurrent.TimeUnit)>",
			"message":"[\\s\\S]*",
			"relatedVarType":"Unknown",
			"relatedCondType":"Basic",
			"modifier":"private",
			"type":"java.lang.Throwable",
			"osVersionRelated":false,
			"resourceRelated":false,
			"assessRelated":false,
			"hardwareRelated":true,
			"manifestRelated":false,
			"conditions":"$z8 == 0, $z7 == 0, $z6 == 0",
			"caughtValues":"@caughtexception",
			"relatedValues":"; ; @caughtexception",
			"keyAPISameClassNum":0,
			"keyAPIDiffClassNum":0,
			"keyAPISameClass":[],
			"keyAPIDiffClass":[],
			"callerOfSingnlar2SourceVar":{}
		},
		{
			"method":"<android.accounts.AccountManager$AmsTask: android.os.Bundle internalGetResult(java.lang.Long,java.util.concurrent.TimeUnit)>",
			"message":"[\\s\\S]*",
			"relatedVarType":"Unknown",
			"relatedCondType":"Basic",
			"modifier":"private",
			"type":"java.io.IOException",
			"osVersionRelated":false,
			"resourceRelated":false,
			"assessRelated":false,
			"hardwareRelated":true,
			"manifestRelated":false,
			"conditions":"$z4 == 0, r1 != null, $z0 != 0",
			"caughtValues":"@caughtexception",
			"relatedValues":"; ; @caughtexception",
			"keyAPISameClassNum":0,
			"keyAPIDiffClassNum":0,
			"keyAPISameClass":[],
			"keyAPIDiffClass":[],
			"callerOfSingnlar2SourceVar":{}
		},
		{
			"method":"<android.accounts.AccountManager$AmsTask: android.os.Bundle internalGetResult(java.lang.Long,java.util.concurrent.TimeUnit)>",
			"message":"[\\s\\S]*",
			"relatedVarType":"Unknown",
			"relatedCondType":"Basic",
			"modifier":"private",
			"type":"java.lang.RuntimeException",
			"osVersionRelated":false,
			"resourceRelated":false,
			"assessRelated":false,
			"hardwareRelated":true,
			"manifestRelated":false,
			"conditions":"$z7 == 0, $z6 == 0, $z5 == 0",
			"caughtValues":"@caughtexception",
			"relatedValues":"; ; @caughtexception",
			"keyAPISameClassNum":0,
			"keyAPIDiffClassNum":0,
			"keyAPISameClass":[],
			"keyAPIDiffClass":[],
			"callerOfSingnlar2SourceVar":{}
		},
		{
			"method":"<android.accounts.AccountManager$AmsTask: android.os.Bundle internalGetResult(java.lang.Long,java.util.concurrent.TimeUnit)>",
			"message":"[\\s\\S]*",
			"relatedVarType":"Unknown",
			"relatedCondType":"Basic",
			"modifier":"private",
			"type":"android.accounts.AuthenticatorException",
			"osVersionRelated":false,
			"resourceRelated":false,
			"assessRelated":false,
			"hardwareRelated":true,
			"manifestRelated":false,
			"conditions":"$z5 == 0, $z4 == 0, r1 != null",
			"caughtValues":"@caughtexception",
			"relatedValues":"; ; @caughtexception",
			"keyAPISameClassNum":0,
			"keyAPIDiffClassNum":0,
			"keyAPISameClass":[],
			"keyAPIDiffClass":[],
			"callerOfSingnlar2SourceVar":{}
		},
		{
			"method":"<android.accounts.AccountManager$AmsTask: android.os.Bundle internalGetResult(java.lang.Long,java.util.concurrent.TimeUnit)>",
			"message":"[\\s\\S]*",
			"relatedVarType":"Unknown",
			"relatedCondType":"Basic",
			"modifier":"private",
			"type":"android.accounts.OperationCanceledException",
			"osVersionRelated":false,
			"resourceRelated":false,
			"assessRelated":false,
			"hardwareRelated":true,
			"manifestRelated":false,
			"conditions":"r1 != null, $z0 != 0",
			"caughtValues":"@caughtexception",
			"relatedValues":"; ; @caughtexception",
			"keyAPISameClassNum":0,
			"keyAPIDiffClassNum":0,
			"keyAPISameClass":[],
			"keyAPIDiffClass":[],
			"callerOfSingnlar2SourceVar":{}
		},
		{
			"method":"<android.accounts.AccountManager$AmsTask: android.os.Bundle internalGetResult(java.lang.Long,java.util.concurrent.TimeUnit)>",
			"message":"[\\s\\S]*",
			"relatedVarType":"Unknown",
			"relatedCondType":"Basic",
			"modifier":"private",
			"type":"java.lang.IllegalStateException",
			"osVersionRelated":false,
			"resourceRelated":false,
			"assessRelated":false,
			"hardwareRelated":true,
			"manifestRelated":false,
			"conditions":"$z8 == 0, $z7 == 0, $z6 == 0",
			"caughtValues":"@caughtexception",
			"relatedValues":"; ; @caughtexception",
			"keyAPISameClassNum":0,
			"keyAPIDiffClassNum":0,
			"keyAPISameClass":[],
			"keyAPIDiffClass":[],
			"callerOfSingnlar2SourceVar":{}
		}
	]
}