{
	"exceptions":[
		{
			"method":"<android.graphics.Typeface$Builder: android.graphics.Typeface$Builder setTtcIndex(int)>",
			"message":"\\QTTC index can not be specified for FontResult source.\\E",
			"relatedVarType":"Field",
			"relatedCondType":"Basic",
			"modifier":"public",
			"type":"java.lang.IllegalArgumentException",
			"osVersionRelated":false,
			"resourceRelated":false,
			"assessRelated":false,
			"hardwareRelated":false,
			"manifestRelated":false,
			"conditions":"$r1 == null",
			"fieldValues":"<android.graphics.Typeface$Builder: android.provider.FontsContract$FontInfo[] mFonts>",
			"relatedValues":"; <android.graphics.Typeface$Builder: android.provider.FontsContract$FontInfo[] mFonts>; ",
			"keyAPISameClassNum":2,
			"keyAPIDiffClassNum":3,
			"keyAPISameClass":[
				{
					"trace":[
						"<android.graphics.Typeface$Builder: android.graphics.Typeface$Builder setTtcIndex(int)>"
					],
					"depth":1,
					"method":"<android.graphics.Typeface$Builder: void <init>(android.provider.FontsContract$FontInfo[],java.util.Map)>",
					"source":"FIELD"
				},
				{
					"trace":[
						"<android.graphics.Typeface$Builder: android.graphics.Typeface$Builder setTtcIndex(int)>"
					],
					"depth":1,
					"method":"<android.graphics.Typeface$Builder: android.graphics.Typeface build()>",
					"source":"FIELD"
				}
			],
			"keyAPIDiffClass":[
				{
					"trace":[
						"<android.graphics.Typeface: android.graphics.Typeface createFromFile(java.io.File)>",
						"<android.graphics.Typeface$Builder: android.graphics.Typeface build()>",
						"key field: <android.graphics.Typeface$Builder: android.provider.FontsContract$FontInfo[] mFonts>",
						"<android.graphics.Typeface$Builder: android.graphics.Typeface$Builder setTtcIndex(int)>"
					],
					"depth":2,
					"method":"<android.graphics.Typeface: android.graphics.Typeface createFromFile(java.io.File)>",
					"source":"FIELDCALLER"
				},
				{
					"trace":[
						"<android.graphics.Typeface: android.graphics.Typeface createFromAsset(android.content.res.AssetManager,java.lang.String)>",
						"<android.graphics.Typeface$Builder: android.graphics.Typeface build()>",
						"key field: <android.graphics.Typeface$Builder: android.provider.FontsContract$FontInfo[] mFonts>",
						"<android.graphics.Typeface$Builder: android.graphics.Typeface$Builder setTtcIndex(int)>"
					],
					"depth":2,
					"method":"<android.graphics.Typeface: android.graphics.Typeface createFromAsset(android.content.res.AssetManager,java.lang.String)>",
					"source":"FIELDCALLER"
				},
				{
					"trace":[
						"<android.graphics.Typeface: android.graphics.Typeface createFromFile(java.lang.String)>",
						"<android.graphics.Typeface: android.graphics.Typeface createFromFile(java.io.File)>",
						"<android.graphics.Typeface$Builder: android.graphics.Typeface build()>",
						"key field: <android.graphics.Typeface$Builder: android.provider.FontsContract$FontInfo[] mFonts>",
						"<android.graphics.Typeface$Builder: android.graphics.Typeface$Builder setTtcIndex(int)>"
					],
					"depth":3,
					"method":"<android.graphics.Typeface: android.graphics.Typeface createFromFile(java.lang.String)>",
					"source":"FIELDCALLER"
				}
			],
			"callerOfSingnlar2SourceVar":{}
		},
		{
			"method":"<android.graphics.Typeface$Builder: android.graphics.Typeface$Builder setFontVariationSettings(java.lang.String)>",
			"message":"\\QFont variation settings are already set.\\E",
			"relatedVarType":"Field",
			"relatedCondType":"Basic",
			"modifier":"public",
			"type":"java.lang.IllegalStateException",
			"osVersionRelated":false,
			"resourceRelated":false,
			"assessRelated":false,
			"hardwareRelated":false,
			"manifestRelated":false,
			"conditions":"$r2 == null, $r1 == null",
			"fieldValues":"<android.graphics.Typeface$Builder: android.graphics.fonts.FontVariationAxis[] mAxes>, <android.graphics.Typeface$Builder: android.provider.FontsContract$FontInfo[] mFonts>",
			"relatedValues":"; <android.graphics.Typeface$Builder: android.graphics.fonts.FontVariationAxis[] mAxes>, <android.graphics.Typeface$Builder: android.provider.FontsContract$FontInfo[] mFonts>; ",
			"keyAPISameClassNum":4,
			"keyAPIDiffClassNum":3,
			"keyAPISameClass":[
				{
					"trace":[
						"<android.graphics.Typeface$Builder: android.graphics.Typeface$Builder setFontVariationSettings(java.lang.String)>"
					],
					"depth":1,
					"method":"<android.graphics.Typeface$Builder: android.graphics.Typeface$Builder setFontVariationSettings(java.lang.String)>",
					"source":"FIELD"
				},
				{
					"trace":[
						"<android.graphics.Typeface$Builder: android.graphics.Typeface$Builder setFontVariationSettings(java.lang.String)>"
					],
					"depth":1,
					"method":"<android.graphics.Typeface$Builder: android.graphics.Typeface$Builder setFontVariationSettings(android.graphics.fonts.FontVariationAxis[])>",
					"source":"FIELD"
				},
				{
					"trace":[
						"<android.graphics.Typeface$Builder: android.graphics.Typeface$Builder setFontVariationSettings(java.lang.String)>"
					],
					"depth":1,
					"method":"<android.graphics.Typeface$Builder: android.graphics.Typeface build()>",
					"source":"FIELD"
				},
				{
					"trace":[
						"<android.graphics.Typeface$Builder: android.graphics.Typeface$Builder setFontVariationSettings(java.lang.String)>"
					],
					"depth":1,
					"method":"<android.graphics.Typeface$Builder: void <init>(android.provider.FontsContract$FontInfo[],java.util.Map)>",
					"source":"FIELD"
				}
			],
			"keyAPIDiffClass":[
				{
					"trace":[
						"<android.graphics.Typeface: android.graphics.Typeface createFromFile(java.io.File)>",
						"<android.graphics.Typeface$Builder: android.graphics.Typeface build()>",
						"key field: <android.graphics.Typeface$Builder: android.graphics.fonts.FontVariationAxis[] mAxes>",
						"<android.graphics.Typeface$Builder: android.graphics.Typeface$Builder setFontVariationSettings(java.lang.String)>"
					],
					"depth":2,
					"method":"<android.graphics.Typeface: android.graphics.Typeface createFromFile(java.io.File)>",
					"source":"FIELDCALLER"
				},
				{
					"trace":[
						"<android.graphics.Typeface: android.graphics.Typeface createFromAsset(android.content.res.AssetManager,java.lang.String)>",
						"<android.graphics.Typeface$Builder: android.graphics.Typeface build()>",
						"key field: <android.graphics.Typeface$Builder: android.graphics.fonts.FontVariationAxis[] mAxes>",
						"<android.graphics.Typeface$Builder: android.graphics.Typeface$Builder setFontVariationSettings(java.lang.String)>"
					],
					"depth":2,
					"method":"<android.graphics.Typeface: android.graphics.Typeface createFromAsset(android.content.res.AssetManager,java.lang.String)>",
					"source":"FIELDCALLER"
				},
				{
					"trace":[
						"<android.graphics.Typeface: android.graphics.Typeface createFromFile(java.lang.String)>",
						"<android.graphics.Typeface: android.graphics.Typeface createFromFile(java.io.File)>",
						"<android.graphics.Typeface$Builder: android.graphics.Typeface build()>",
						"key field: <android.graphics.Typeface$Builder: android.graphics.fonts.FontVariationAxis[] mAxes>",
						"<android.graphics.Typeface$Builder: android.graphics.Typeface$Builder setFontVariationSettings(java.lang.String)>"
					],
					"depth":3,
					"method":"<android.graphics.Typeface: android.graphics.Typeface createFromFile(java.lang.String)>",
					"source":"FIELDCALLER"
				}
			],
			"callerOfSingnlar2SourceVar":{}
		},
		{
			"method":"<android.graphics.Typeface$Builder: android.graphics.Typeface$Builder setFontVariationSettings(java.lang.String)>",
			"message":"\\QFont variation settings can not be specified for FontResult source.\\E",
			"relatedVarType":"Field",
			"relatedCondType":"Basic",
			"modifier":"public",
			"type":"java.lang.IllegalArgumentException",
			"osVersionRelated":false,
			"resourceRelated":false,
			"assessRelated":false,
			"hardwareRelated":false,
			"manifestRelated":false,
			"conditions":"$r1 == null",
			"fieldValues":"<android.graphics.Typeface$Builder: android.provider.FontsContract$FontInfo[] mFonts>",
			"relatedValues":"; <android.graphics.Typeface$Builder: android.provider.FontsContract$FontInfo[] mFonts>; ",
			"keyAPISameClassNum":2,
			"keyAPIDiffClassNum":3,
			"keyAPISameClass":[
				{
					"trace":[
						"<android.graphics.Typeface$Builder: android.graphics.Typeface$Builder setFontVariationSettings(java.lang.String)>"
					],
					"depth":1,
					"method":"<android.graphics.Typeface$Builder: void <init>(android.provider.FontsContract$FontInfo[],java.util.Map)>",
					"source":"FIELD"
				},
				{
					"trace":[
						"<android.graphics.Typeface$Builder: android.graphics.Typeface$Builder setFontVariationSettings(java.lang.String)>"
					],
					"depth":1,
					"method":"<android.graphics.Typeface$Builder: android.graphics.Typeface build()>",
					"source":"FIELD"
				}
			],
			"keyAPIDiffClass":[
				{
					"trace":[
						"<android.graphics.Typeface: android.graphics.Typeface createFromFile(java.io.File)>",
						"<android.graphics.Typeface$Builder: android.graphics.Typeface build()>",
						"key field: <android.graphics.Typeface$Builder: android.provider.FontsContract$FontInfo[] mFonts>",
						"<android.graphics.Typeface$Builder: android.graphics.Typeface$Builder setFontVariationSettings(java.lang.String)>"
					],
					"depth":2,
					"method":"<android.graphics.Typeface: android.graphics.Typeface createFromFile(java.io.File)>",
					"source":"FIELDCALLER"
				},
				{
					"trace":[
						"<android.graphics.Typeface: android.graphics.Typeface createFromAsset(android.content.res.AssetManager,java.lang.String)>",
						"<android.graphics.Typeface$Builder: android.graphics.Typeface build()>",
						"key field: <android.graphics.Typeface$Builder: android.provider.FontsContract$FontInfo[] mFonts>",
						"<android.graphics.Typeface$Builder: android.graphics.Typeface$Builder setFontVariationSettings(java.lang.String)>"
					],
					"depth":2,
					"method":"<android.graphics.Typeface: android.graphics.Typeface createFromAsset(android.content.res.AssetManager,java.lang.String)>",
					"source":"FIELDCALLER"
				},
				{
					"trace":[
						"<android.graphics.Typeface: android.graphics.Typeface createFromFile(java.lang.String)>",
						"<android.graphics.Typeface: android.graphics.Typeface createFromFile(java.io.File)>",
						"<android.graphics.Typeface$Builder: android.graphics.Typeface build()>",
						"key field: <android.graphics.Typeface$Builder: android.provider.FontsContract$FontInfo[] mFonts>",
						"<android.graphics.Typeface$Builder: android.graphics.Typeface$Builder setFontVariationSettings(java.lang.String)>"
					],
					"depth":3,
					"method":"<android.graphics.Typeface: android.graphics.Typeface createFromFile(java.lang.String)>",
					"source":"FIELDCALLER"
				}
			],
			"callerOfSingnlar2SourceVar":{}
		},
		{
			"method":"<android.graphics.Typeface$Builder: android.graphics.Typeface$Builder setFontVariationSettings(android.graphics.fonts.FontVariationAxis[])>",
			"message":"\\QFont variation settings can not be specified for FontResult source.\\E",
			"relatedVarType":"Field",
			"relatedCondType":"Basic",
			"modifier":"public",
			"type":"java.lang.IllegalArgumentException",
			"osVersionRelated":false,
			"resourceRelated":false,
			"assessRelated":false,
			"hardwareRelated":false,
			"manifestRelated":false,
			"conditions":"$r1 == null",
			"fieldValues":"<android.graphics.Typeface$Builder: android.provider.FontsContract$FontInfo[] mFonts>",
			"relatedValues":"; <android.graphics.Typeface$Builder: android.provider.FontsContract$FontInfo[] mFonts>; ",
			"keyAPISameClassNum":2,
			"keyAPIDiffClassNum":3,
			"keyAPISameClass":[
				{
					"trace":[
						"<android.graphics.Typeface$Builder: android.graphics.Typeface$Builder setFontVariationSettings(android.graphics.fonts.FontVariationAxis[])>"
					],
					"depth":1,
					"method":"<android.graphics.Typeface$Builder: void <init>(android.provider.FontsContract$FontInfo[],java.util.Map)>",
					"source":"FIELD"
				},
				{
					"trace":[
						"<android.graphics.Typeface$Builder: android.graphics.Typeface$Builder setFontVariationSettings(android.graphics.fonts.FontVariationAxis[])>"
					],
					"depth":1,
					"method":"<android.graphics.Typeface$Builder: android.graphics.Typeface build()>",
					"source":"FIELD"
				}
			],
			"keyAPIDiffClass":[
				{
					"trace":[
						"<android.graphics.Typeface: android.graphics.Typeface createFromFile(java.io.File)>",
						"<android.graphics.Typeface$Builder: android.graphics.Typeface build()>",
						"key field: <android.graphics.Typeface$Builder: android.provider.FontsContract$FontInfo[] mFonts>",
						"<android.graphics.Typeface$Builder: android.graphics.Typeface$Builder setFontVariationSettings(android.graphics.fonts.FontVariationAxis[])>"
					],
					"depth":2,
					"method":"<android.graphics.Typeface: android.graphics.Typeface createFromFile(java.io.File)>",
					"source":"FIELDCALLER"
				},
				{
					"trace":[
						"<android.graphics.Typeface: android.graphics.Typeface createFromAsset(android.content.res.AssetManager,java.lang.String)>",
						"<android.graphics.Typeface$Builder: android.graphics.Typeface build()>",
						"key field: <android.graphics.Typeface$Builder: android.provider.FontsContract$FontInfo[] mFonts>",
						"<android.graphics.Typeface$Builder: android.graphics.Typeface$Builder setFontVariationSettings(android.graphics.fonts.FontVariationAxis[])>"
					],
					"depth":2,
					"method":"<android.graphics.Typeface: android.graphics.Typeface createFromAsset(android.content.res.AssetManager,java.lang.String)>",
					"source":"FIELDCALLER"
				},
				{
					"trace":[
						"<android.graphics.Typeface: android.graphics.Typeface createFromFile(java.lang.String)>",
						"<android.graphics.Typeface: android.graphics.Typeface createFromFile(java.io.File)>",
						"<android.graphics.Typeface$Builder: android.graphics.Typeface build()>",
						"key field: <android.graphics.Typeface$Builder: android.provider.FontsContract$FontInfo[] mFonts>",
						"<android.graphics.Typeface$Builder: android.graphics.Typeface$Builder setFontVariationSettings(android.graphics.fonts.FontVariationAxis[])>"
					],
					"depth":3,
					"method":"<android.graphics.Typeface: android.graphics.Typeface createFromFile(java.lang.String)>",
					"source":"FIELDCALLER"
				}
			],
			"callerOfSingnlar2SourceVar":{}
		},
		{
			"method":"<android.graphics.Typeface$Builder: android.graphics.Typeface$Builder setFontVariationSettings(android.graphics.fonts.FontVariationAxis[])>",
			"message":"\\QFont variation settings are already set.\\E",
			"relatedVarType":"Field",
			"relatedCondType":"Basic",
			"modifier":"public",
			"type":"java.lang.IllegalStateException",
			"osVersionRelated":false,
			"resourceRelated":false,
			"assessRelated":false,
			"hardwareRelated":false,
			"manifestRelated":false,
			"conditions":"$r2 == null, $r1 == null",
			"fieldValues":"<android.graphics.Typeface$Builder: android.graphics.fonts.FontVariationAxis[] mAxes>, <android.graphics.Typeface$Builder: android.provider.FontsContract$FontInfo[] mFonts>",
			"relatedValues":"; <android.graphics.Typeface$Builder: android.graphics.fonts.FontVariationAxis[] mAxes>, <android.graphics.Typeface$Builder: android.provider.FontsContract$FontInfo[] mFonts>; ",
			"keyAPISameClassNum":4,
			"keyAPIDiffClassNum":3,
			"keyAPISameClass":[
				{
					"trace":[
						"<android.graphics.Typeface$Builder: android.graphics.Typeface$Builder setFontVariationSettings(android.graphics.fonts.FontVariationAxis[])>"
					],
					"depth":1,
					"method":"<android.graphics.Typeface$Builder: android.graphics.Typeface$Builder setFontVariationSettings(java.lang.String)>",
					"source":"FIELD"
				},
				{
					"trace":[
						"<android.graphics.Typeface$Builder: android.graphics.Typeface$Builder setFontVariationSettings(android.graphics.fonts.FontVariationAxis[])>"
					],
					"depth":1,
					"method":"<android.graphics.Typeface$Builder: android.graphics.Typeface$Builder setFontVariationSettings(android.graphics.fonts.FontVariationAxis[])>",
					"source":"FIELD"
				},
				{
					"trace":[
						"<android.graphics.Typeface$Builder: android.graphics.Typeface$Builder setFontVariationSettings(android.graphics.fonts.FontVariationAxis[])>"
					],
					"depth":1,
					"method":"<android.graphics.Typeface$Builder: android.graphics.Typeface build()>",
					"source":"FIELD"
				},
				{
					"trace":[
						"<android.graphics.Typeface$Builder: android.graphics.Typeface$Builder setFontVariationSettings(android.graphics.fonts.FontVariationAxis[])>"
					],
					"depth":1,
					"method":"<android.graphics.Typeface$Builder: void <init>(android.provider.FontsContract$FontInfo[],java.util.Map)>",
					"source":"FIELD"
				}
			],
			"keyAPIDiffClass":[
				{
					"trace":[
						"<android.graphics.Typeface: android.graphics.Typeface createFromFile(java.io.File)>",
						"<android.graphics.Typeface$Builder: android.graphics.Typeface build()>",
						"key field: <android.graphics.Typeface$Builder: android.graphics.fonts.FontVariationAxis[] mAxes>",
						"<android.graphics.Typeface$Builder: android.graphics.Typeface$Builder setFontVariationSettings(android.graphics.fonts.FontVariationAxis[])>"
					],
					"depth":2,
					"method":"<android.graphics.Typeface: android.graphics.Typeface createFromFile(java.io.File)>",
					"source":"FIELDCALLER"
				},
				{
					"trace":[
						"<android.graphics.Typeface: android.graphics.Typeface createFromAsset(android.content.res.AssetManager,java.lang.String)>",
						"<android.graphics.Typeface$Builder: android.graphics.Typeface build()>",
						"key field: <android.graphics.Typeface$Builder: android.graphics.fonts.FontVariationAxis[] mAxes>",
						"<android.graphics.Typeface$Builder: android.graphics.Typeface$Builder setFontVariationSettings(android.graphics.fonts.FontVariationAxis[])>"
					],
					"depth":2,
					"method":"<android.graphics.Typeface: android.graphics.Typeface createFromAsset(android.content.res.AssetManager,java.lang.String)>",
					"source":"FIELDCALLER"
				},
				{
					"trace":[
						"<android.graphics.Typeface: android.graphics.Typeface createFromFile(java.lang.String)>",
						"<android.graphics.Typeface: android.graphics.Typeface createFromFile(java.io.File)>",
						"<android.graphics.Typeface$Builder: android.graphics.Typeface build()>",
						"key field: <android.graphics.Typeface$Builder: android.graphics.fonts.FontVariationAxis[] mAxes>",
						"<android.graphics.Typeface$Builder: android.graphics.Typeface$Builder setFontVariationSettings(android.graphics.fonts.FontVariationAxis[])>"
					],
					"depth":3,
					"method":"<android.graphics.Typeface: android.graphics.Typeface createFromFile(java.lang.String)>",
					"source":"FIELDCALLER"
				}
			],
			"callerOfSingnlar2SourceVar":{}
		},
		{
			"method":"<android.graphics.Typeface$Builder: android.graphics.Typeface build()>",
			"message":"\\QNo source was set.\\E",
			"relatedVarType":"Field",
			"relatedCondType":"Basic",
			"modifier":"public",
			"type":"java.lang.IllegalArgumentException",
			"osVersionRelated":false,
			"resourceRelated":false,
			"assessRelated":true,
			"hardwareRelated":false,
			"manifestRelated":false,
			"conditions":"$r4 == null, $r3 == null, $r2 == null",
			"fieldValues":"<android.graphics.Typeface$Builder: android.provider.FontsContract$FontInfo[] mFonts>, <android.graphics.Typeface$Builder: java.lang.String mPath>, <android.graphics.Typeface$Builder: android.content.res.AssetManager mAssetManager>",
			"relatedValues":"; <android.graphics.Typeface$Builder: android.provider.FontsContract$FontInfo[] mFonts>, <android.graphics.Typeface$Builder: java.lang.String mPath>, <android.graphics.Typeface$Builder: android.content.res.AssetManager mAssetManager>; ",
			"keyAPISameClassNum":5,
			"keyAPIDiffClassNum":3,
			"keyAPISameClass":[
				{
					"trace":[
						"<android.graphics.Typeface$Builder: android.graphics.Typeface build()>"
					],
					"depth":1,
					"method":"<android.graphics.Typeface$Builder: void <init>(android.provider.FontsContract$FontInfo[],java.util.Map)>",
					"source":"FIELD"
				},
				{
					"trace":[
						"<android.graphics.Typeface$Builder: android.graphics.Typeface build()>"
					],
					"depth":1,
					"method":"<android.graphics.Typeface$Builder: android.graphics.Typeface build()>",
					"source":"FIELD"
				},
				{
					"trace":[
						"<android.graphics.Typeface$Builder: android.graphics.Typeface build()>"
					],
					"depth":1,
					"method":"<android.graphics.Typeface$Builder: void <init>(java.io.File)>",
					"source":"FIELD"
				},
				{
					"trace":[
						"<android.graphics.Typeface$Builder: android.graphics.Typeface build()>"
					],
					"depth":1,
					"method":"<android.graphics.Typeface$Builder: void <init>(java.lang.String)>",
					"source":"FIELD"
				},
				{
					"trace":[
						"<android.graphics.Typeface$Builder: android.graphics.Typeface build()>"
					],
					"depth":1,
					"method":"<android.graphics.Typeface$Builder: void <init>(android.content.res.AssetManager,java.lang.String)>",
					"source":"FIELD"
				}
			],
			"keyAPIDiffClass":[
				{
					"trace":[
						"<android.graphics.Typeface: android.graphics.Typeface createFromFile(java.io.File)>",
						"<android.graphics.Typeface$Builder: android.graphics.Typeface build()>",
						"key field: <android.graphics.Typeface$Builder: android.provider.FontsContract$FontInfo[] mFonts>",
						"<android.graphics.Typeface$Builder: android.graphics.Typeface build()>"
					],
					"depth":2,
					"method":"<android.graphics.Typeface: android.graphics.Typeface createFromFile(java.io.File)>",
					"source":"FIELDCALLER"
				},
				{
					"trace":[
						"<android.graphics.Typeface: android.graphics.Typeface createFromAsset(android.content.res.AssetManager,java.lang.String)>",
						"<android.graphics.Typeface$Builder: android.graphics.Typeface build()>",
						"key field: <android.graphics.Typeface$Builder: android.provider.FontsContract$FontInfo[] mFonts>",
						"<android.graphics.Typeface$Builder: android.graphics.Typeface build()>"
					],
					"depth":2,
					"method":"<android.graphics.Typeface: android.graphics.Typeface createFromAsset(android.content.res.AssetManager,java.lang.String)>",
					"source":"FIELDCALLER"
				},
				{
					"trace":[
						"<android.graphics.Typeface: android.graphics.Typeface createFromFile(java.lang.String)>",
						"<android.graphics.Typeface: android.graphics.Typeface createFromFile(java.io.File)>",
						"<android.graphics.Typeface$Builder: android.graphics.Typeface build()>",
						"key field: <android.graphics.Typeface$Builder: android.provider.FontsContract$FontInfo[] mFonts>",
						"<android.graphics.Typeface$Builder: android.graphics.Typeface build()>"
					],
					"depth":3,
					"method":"<android.graphics.Typeface: android.graphics.Typeface createFromFile(java.lang.String)>",
					"source":"FIELDCALLER"
				}
			],
			"callerOfSingnlar2SourceVar":{}
		}
	]
}