{
	"exceptions":[
		{
			"method":"<android.content.ClipboardManager: void setPrimaryClip(android.content.ClipData)>",
			"message":"[\\s\\S]*",
			"relatedVarType":"Unknown",
			"relatedCondType":"Empty",
			"modifier":"public",
			"type":"java.lang.RuntimeException",
			"osVersionRelated":false,
			"resourceRelated":false,
			"assessRelated":false,
			"hardwareRelated":false,
			"manifestRelated":false,
			"caughtValues":"@caughtexception",
			"relatedValues":"; ; @caughtexception",
			"keyAPISameClassNum":0,
			"keyAPIDiffClassNum":0,
			"keyAPISameClass":[],
			"keyAPIDiffClass":[],
			"callerOfSingnlar2SourceVar":{}
		},
		{
			"method":"<android.content.ClipboardManager: void clearPrimaryClip()>",
			"message":"[\\s\\S]*",
			"relatedVarType":"Unknown",
			"relatedCondType":"Empty",
			"modifier":"public",
			"type":"java.lang.RuntimeException",
			"osVersionRelated":false,
			"resourceRelated":false,
			"assessRelated":false,
			"hardwareRelated":false,
			"manifestRelated":false,
			"caughtValues":"@caughtexception",
			"relatedValues":"; ; @caughtexception",
			"keyAPISameClassNum":0,
			"keyAPIDiffClassNum":0,
			"keyAPISameClass":[],
			"keyAPIDiffClass":[],
			"callerOfSingnlar2SourceVar":{}
		},
		{
			"method":"<android.content.ClipboardManager: android.content.ClipData getPrimaryClip()>",
			"message":"[\\s\\S]*",
			"relatedVarType":"Unknown",
			"relatedCondType":"Empty",
			"modifier":"public",
			"type":"java.lang.RuntimeException",
			"osVersionRelated":false,
			"resourceRelated":false,
			"assessRelated":false,
			"hardwareRelated":false,
			"manifestRelated":false,
			"caughtValues":"@caughtexception",
			"relatedValues":"; ; @caughtexception",
			"keyAPISameClassNum":0,
			"keyAPIDiffClassNum":0,
			"keyAPISameClass":[],
			"keyAPIDiffClass":[],
			"callerOfSingnlar2SourceVar":{}
		},
		{
			"method":"<android.content.ClipboardManager: android.content.ClipDescription getPrimaryClipDescription()>",
			"message":"[\\s\\S]*",
			"relatedVarType":"Unknown",
			"relatedCondType":"Empty",
			"modifier":"public",
			"type":"java.lang.RuntimeException",
			"osVersionRelated":false,
			"resourceRelated":false,
			"assessRelated":false,
			"hardwareRelated":false,
			"manifestRelated":false,
			"caughtValues":"@caughtexception",
			"relatedValues":"; ; @caughtexception",
			"keyAPISameClassNum":0,
			"keyAPIDiffClassNum":0,
			"keyAPISameClass":[],
			"keyAPIDiffClass":[],
			"callerOfSingnlar2SourceVar":{}
		},
		{
			"method":"<android.content.ClipboardManager: boolean hasPrimaryClip()>",
			"message":"[\\s\\S]*",
			"relatedVarType":"Unknown",
			"relatedCondType":"Empty",
			"modifier":"public",
			"type":"java.lang.RuntimeException",
			"osVersionRelated":false,
			"resourceRelated":false,
			"assessRelated":false,
			"hardwareRelated":false,
			"manifestRelated":false,
			"caughtValues":"@caughtexception",
			"relatedValues":"; ; @caughtexception",
			"keyAPISameClassNum":0,
			"keyAPIDiffClassNum":0,
			"keyAPISameClass":[],
			"keyAPIDiffClass":[],
			"callerOfSingnlar2SourceVar":{}
		},
		{
			"method":"<android.content.ClipboardManager: void addPrimaryClipChangedListener(android.content.ClipboardManager$OnPrimaryClipChangedListener)>",
			"message":"[\\s\\S]*",
			"relatedVarType":"Field",
			"relatedCondType":"Basic",
			"modifier":"public",
			"type":"java.lang.RuntimeException",
			"osVersionRelated":false,
			"resourceRelated":false,
			"assessRelated":false,
			"hardwareRelated":false,
			"manifestRelated":false,
			"conditions":"$z0 == 0",
			"fieldValues":"<android.content.ClipboardManager: java.util.ArrayList mPrimaryClipChangedListeners>",
			"caughtValues":"@caughtexception",
			"relatedValues":"; <android.content.ClipboardManager: java.util.ArrayList mPrimaryClipChangedListeners>; @caughtexception",
			"keyAPISameClassNum":3,
			"keyAPIDiffClassNum":3,
			"keyAPISameClass":[
				{
					"trace":[
						"<android.content.ClipboardManager: void addPrimaryClipChangedListener(android.content.ClipboardManager$OnPrimaryClipChangedListener)>"
					],
					"depth":1,
					"method":"<android.content.ClipboardManager: void <init>(android.content.Context,android.os.Handler)>",
					"source":"FIELD"
				},
				{
					"trace":[
						"<android.content.ClipboardManager: void addPrimaryClipChangedListener(android.content.ClipboardManager$OnPrimaryClipChangedListener)>"
					],
					"depth":1,
					"method":"<android.content.ClipboardManager: void addPrimaryClipChangedListener(android.content.ClipboardManager$OnPrimaryClipChangedListener)>",
					"source":"FIELD"
				},
				{
					"trace":[
						"<android.content.ClipboardManager: void addPrimaryClipChangedListener(android.content.ClipboardManager$OnPrimaryClipChangedListener)>"
					],
					"depth":1,
					"method":"<android.content.ClipboardManager: void removePrimaryClipChangedListener(android.content.ClipboardManager$OnPrimaryClipChangedListener)>",
					"source":"FIELD"
				}
			],
			"keyAPIDiffClass":[
				{
					"trace":[
						"<android.content.ClipboardManager$1: void lambda$dispatchPrimaryClipChanged$0()>",
						"<android.content.ClipboardManager: void reportPrimaryClipChanged()>",
						"key field: <android.content.ClipboardManager: java.util.ArrayList mPrimaryClipChangedListeners>",
						"<android.content.ClipboardManager: void addPrimaryClipChangedListener(android.content.ClipboardManager$OnPrimaryClipChangedListener)>"
					],
					"depth":2,
					"method":"<android.content.ClipboardManager$1: void lambda$dispatchPrimaryClipChanged$0()>",
					"source":"FIELDCALLER"
				},
				{
					"trace":[
						"<android.content.ClipboardManager$1$lambda_dispatchPrimaryClipChanged_0__198: void run()>",
						"<android.content.ClipboardManager$1: void lambda$dispatchPrimaryClipChanged$0()>",
						"<android.content.ClipboardManager: void reportPrimaryClipChanged()>",
						"key field: <android.content.ClipboardManager: java.util.ArrayList mPrimaryClipChangedListeners>",
						"<android.content.ClipboardManager: void addPrimaryClipChangedListener(android.content.ClipboardManager$OnPrimaryClipChangedListener)>"
					],
					"depth":3,
					"method":"<android.content.ClipboardManager$1$lambda_dispatchPrimaryClipChanged_0__198: void run()>",
					"source":"FIELDCALLER"
				},
				{
					"trace":[
						"<java.lang.Runnable: void run()>",
						"<android.content.ClipboardManager$1: void lambda$dispatchPrimaryClipChanged$0()>",
						"<android.content.ClipboardManager: void reportPrimaryClipChanged()>",
						"key field: <android.content.ClipboardManager: java.util.ArrayList mPrimaryClipChangedListeners>",
						"<android.content.ClipboardManager: void addPrimaryClipChangedListener(android.content.ClipboardManager$OnPrimaryClipChangedListener)>"
					],
					"depth":3,
					"method":"<java.lang.Runnable: void run()>",
					"source":"FIELDCALLER"
				}
			],
			"callerOfSingnlar2SourceVar":{}
		},
		{
			"method":"<android.content.ClipboardManager: void removePrimaryClipChangedListener(android.content.ClipboardManager$OnPrimaryClipChangedListener)>",
			"message":"[\\s\\S]*",
			"relatedVarType":"Field",
			"relatedCondType":"Basic",
			"modifier":"public",
			"type":"java.lang.RuntimeException",
			"osVersionRelated":false,
			"resourceRelated":false,
			"assessRelated":false,
			"hardwareRelated":false,
			"manifestRelated":false,
			"conditions":"$z1 == 0",
			"fieldValues":"<android.content.ClipboardManager: java.util.ArrayList mPrimaryClipChangedListeners>",
			"caughtValues":"@caughtexception",
			"relatedValues":"; <android.content.ClipboardManager: java.util.ArrayList mPrimaryClipChangedListeners>; @caughtexception",
			"keyAPISameClassNum":3,
			"keyAPIDiffClassNum":3,
			"keyAPISameClass":[
				{
					"trace":[
						"<android.content.ClipboardManager: void removePrimaryClipChangedListener(android.content.ClipboardManager$OnPrimaryClipChangedListener)>"
					],
					"depth":1,
					"method":"<android.content.ClipboardManager: void <init>(android.content.Context,android.os.Handler)>",
					"source":"FIELD"
				},
				{
					"trace":[
						"<android.content.ClipboardManager: void removePrimaryClipChangedListener(android.content.ClipboardManager$OnPrimaryClipChangedListener)>"
					],
					"depth":1,
					"method":"<android.content.ClipboardManager: void addPrimaryClipChangedListener(android.content.ClipboardManager$OnPrimaryClipChangedListener)>",
					"source":"FIELD"
				},
				{
					"trace":[
						"<android.content.ClipboardManager: void removePrimaryClipChangedListener(android.content.ClipboardManager$OnPrimaryClipChangedListener)>"
					],
					"depth":1,
					"method":"<android.content.ClipboardManager: void removePrimaryClipChangedListener(android.content.ClipboardManager$OnPrimaryClipChangedListener)>",
					"source":"FIELD"
				}
			],
			"keyAPIDiffClass":[
				{
					"trace":[
						"<android.content.ClipboardManager$1: void lambda$dispatchPrimaryClipChanged$0()>",
						"<android.content.ClipboardManager: void reportPrimaryClipChanged()>",
						"key field: <android.content.ClipboardManager: java.util.ArrayList mPrimaryClipChangedListeners>",
						"<android.content.ClipboardManager: void removePrimaryClipChangedListener(android.content.ClipboardManager$OnPrimaryClipChangedListener)>"
					],
					"depth":2,
					"method":"<android.content.ClipboardManager$1: void lambda$dispatchPrimaryClipChanged$0()>",
					"source":"FIELDCALLER"
				},
				{
					"trace":[
						"<android.content.ClipboardManager$1$lambda_dispatchPrimaryClipChanged_0__198: void run()>",
						"<android.content.ClipboardManager$1: void lambda$dispatchPrimaryClipChanged$0()>",
						"<android.content.ClipboardManager: void reportPrimaryClipChanged()>",
						"key field: <android.content.ClipboardManager: java.util.ArrayList mPrimaryClipChangedListeners>",
						"<android.content.ClipboardManager: void removePrimaryClipChangedListener(android.content.ClipboardManager$OnPrimaryClipChangedListener)>"
					],
					"depth":3,
					"method":"<android.content.ClipboardManager$1$lambda_dispatchPrimaryClipChanged_0__198: void run()>",
					"source":"FIELDCALLER"
				},
				{
					"trace":[
						"<java.lang.Runnable: void run()>",
						"<android.content.ClipboardManager$1: void lambda$dispatchPrimaryClipChanged$0()>",
						"<android.content.ClipboardManager: void reportPrimaryClipChanged()>",
						"key field: <android.content.ClipboardManager: java.util.ArrayList mPrimaryClipChangedListeners>",
						"<android.content.ClipboardManager: void removePrimaryClipChangedListener(android.content.ClipboardManager$OnPrimaryClipChangedListener)>"
					],
					"depth":3,
					"method":"<java.lang.Runnable: void run()>",
					"source":"FIELDCALLER"
				}
			],
			"callerOfSingnlar2SourceVar":{}
		},
		{
			"method":"<android.content.ClipboardManager: boolean hasText()>",
			"message":"[\\s\\S]*",
			"relatedVarType":"Unknown",
			"relatedCondType":"Empty",
			"modifier":"public",
			"type":"java.lang.RuntimeException",
			"osVersionRelated":false,
			"resourceRelated":false,
			"assessRelated":false,
			"hardwareRelated":false,
			"manifestRelated":false,
			"caughtValues":"@caughtexception",
			"relatedValues":"; ; @caughtexception",
			"keyAPISameClassNum":0,
			"keyAPIDiffClassNum":0,
			"keyAPISameClass":[],
			"keyAPIDiffClass":[],
			"callerOfSingnlar2SourceVar":{}
		}
	]
}