{
	"exceptions":[
		{
			"method":"<android.hardware.camera2.CameraMetadata: java.util.ArrayList getKeys(java.lang.Class,java.lang.Class,android.hardware.camera2.CameraMetadata,int[])>",
			"message":"\\QCan't get IllegalAccessException\\E",
			"relatedVarType":"Parameter",
			"relatedCondType":"Basic",
			"modifier":"default",
			"type":"java.lang.AssertionError",
			"osVersionRelated":false,
			"resourceRelated":false,
			"assessRelated":false,
			"hardwareRelated":true,
			"manifestRelated":false,
			"conditions":"$i3 == 0, $z5 == 0, i5 >= i4",
			"paramValues":"@parameter1: java.lang.Class, @parameter0: java.lang.Class",
			"caughtValues":"@caughtexception",
			"relatedValues":"@parameter1: java.lang.Class, @parameter0: java.lang.Class; ; @caughtexception",
			"keyAPISameClassNum":0,
			"keyAPIDiffClassNum":0,
			"keyAPISameClass":[
				{
					"trace":[
						"<android.hardware.camera2.CameraMetadata: java.util.ArrayList getKeys(java.lang.Class,java.lang.Class,android.hardware.camera2.CameraMetadata,int[])>"
					],
					"depth":0,
					"method":"<android.hardware.camera2.CameraMetadata: java.util.ArrayList getKeys(java.lang.Class,java.lang.Class,android.hardware.camera2.CameraMetadata,int[])>",
					"source":"CALLER"
				}
			],
			"keyAPIDiffClass":[],
			"callerOfSingnlar2SourceVar":{
				"<android.hardware.camera2.CameraCharacteristics: java.util.List getAvailableKeyList(java.lang.Class,java.lang.Class,int[])>":"1, 0",
				"<android.hardware.camera2.CameraMetadata: java.util.ArrayList getKeys(java.lang.Class,java.lang.Class,android.hardware.camera2.CameraMetadata,int[])>":"1, 0"
			}
		},
		{
			"method":"<android.hardware.camera2.CameraMetadata: java.util.ArrayList getKeys(java.lang.Class,java.lang.Class,android.hardware.camera2.CameraMetadata,int[])>",
			"message":"\\QCan't get IllegalArgumentException\\E",
			"relatedVarType":"Parameter",
			"relatedCondType":"Basic",
			"modifier":"default",
			"type":"java.lang.AssertionError",
			"osVersionRelated":false,
			"resourceRelated":false,
			"assessRelated":false,
			"hardwareRelated":true,
			"manifestRelated":false,
			"conditions":"$i3 == 0, $z5 == 0, i5 >= i4",
			"paramValues":"@parameter1: java.lang.Class, @parameter0: java.lang.Class",
			"caughtValues":"@caughtexception",
			"relatedValues":"@parameter1: java.lang.Class, @parameter0: java.lang.Class; ; @caughtexception",
			"keyAPISameClassNum":0,
			"keyAPIDiffClassNum":0,
			"keyAPISameClass":[
				{
					"trace":[
						"<android.hardware.camera2.CameraMetadata: java.util.ArrayList getKeys(java.lang.Class,java.lang.Class,android.hardware.camera2.CameraMetadata,int[])>"
					],
					"depth":0,
					"method":"<android.hardware.camera2.CameraMetadata: java.util.ArrayList getKeys(java.lang.Class,java.lang.Class,android.hardware.camera2.CameraMetadata,int[])>",
					"source":"CALLER"
				}
			],
			"keyAPIDiffClass":[],
			"callerOfSingnlar2SourceVar":{
				"<android.hardware.camera2.CameraCharacteristics: java.util.List getAvailableKeyList(java.lang.Class,java.lang.Class,int[])>":"1, 0",
				"<android.hardware.camera2.CameraMetadata: java.util.ArrayList getKeys(java.lang.Class,java.lang.Class,android.hardware.camera2.CameraMetadata,int[])>":"1, 0"
			}
		},
		{
			"method":"<android.hardware.camera2.CameraMetadata: boolean shouldKeyBeAdded(java.lang.Object,java.lang.reflect.Field,int[])>",
			"message":"\\Qkey type must be that of a metadata key\\E",
			"relatedVarType":"Parameter",
			"relatedCondType":"Basic",
			"modifier":"private",
			"type":"java.lang.IllegalArgumentException",
			"osVersionRelated":false,
			"resourceRelated":false,
			"assessRelated":false,
			"hardwareRelated":true,
			"manifestRelated":false,
			"conditions":"$z2 == 0, $z1 == 0, $z0 == 0",
			"paramValues":"@parameter0: java.lang.Object",
			"relatedValues":"@parameter0: java.lang.Object; ; ",
			"keyAPISameClassNum":0,
			"keyAPIDiffClassNum":0,
			"keyAPISameClass":[
				{
					"trace":[
						"<android.hardware.camera2.CameraMetadata: boolean shouldKeyBeAdded(java.lang.Object,java.lang.reflect.Field,int[])>"
					],
					"depth":0,
					"method":"<android.hardware.camera2.CameraMetadata: boolean shouldKeyBeAdded(java.lang.Object,java.lang.reflect.Field,int[])>",
					"source":"CALLER"
				}
			],
			"keyAPIDiffClass":[],
			"callerOfSingnlar2SourceVar":{
				"<android.hardware.camera2.CameraMetadata: boolean shouldKeyBeAdded(java.lang.Object,java.lang.reflect.Field,int[])>":"0"
			}
		},
		{
			"method":"<android.hardware.camera2.CameraMetadata: boolean shouldKeyBeAdded(java.lang.Object,java.lang.reflect.Field,int[])>",
			"message":"\\Qkey must not be null\\E",
			"relatedVarType":"Parameter",
			"relatedCondType":"Basic",
			"modifier":"private",
			"type":"java.lang.NullPointerException",
			"osVersionRelated":false,
			"resourceRelated":false,
			"assessRelated":false,
			"hardwareRelated":true,
			"manifestRelated":false,
			"conditions":"r0 != null",
			"paramValues":"@parameter0: java.lang.Object",
			"relatedValues":"@parameter0: java.lang.Object; ; ",
			"keyAPISameClassNum":0,
			"keyAPIDiffClassNum":0,
			"keyAPISameClass":[
				{
					"trace":[
						"<android.hardware.camera2.CameraMetadata: boolean shouldKeyBeAdded(java.lang.Object,java.lang.reflect.Field,int[])>"
					],
					"depth":0,
					"method":"<android.hardware.camera2.CameraMetadata: boolean shouldKeyBeAdded(java.lang.Object,java.lang.reflect.Field,int[])>",
					"source":"CALLER"
				}
			],
			"keyAPIDiffClass":[],
			"callerOfSingnlar2SourceVar":{
				"<android.hardware.camera2.CameraMetadata: boolean shouldKeyBeAdded(java.lang.Object,java.lang.reflect.Field,int[])>":"0"
			}
		}
	]
}