{
	"exceptions":[
		{
			"method":"<android.graphics.AvoidXfermode: void <init>(int,int,android.graphics.AvoidXfermode$Mode)>",
			"message":"\\Qtolerance must be 0..255\\E",
			"relatedVarType":"Parameter",
			"relatedCondType":"Basic",
			"modifier":"public",
			"type":"java.lang.IllegalArgumentException",
			"osVersionRelated":false,
			"resourceRelated":false,
			"assessRelated":false,
			"hardwareRelated":false,
			"manifestRelated":false,
			"conditions":"i0 < 0, i0 <= 255",
			"paramValues":"@parameter1: int",
			"relatedValues":"@parameter1: int; ; ",
			"keyAPISameClassNum":0,
			"keyAPIDiffClassNum":0,
			"keyAPISameClass":[
				{
					"trace":[
						"<android.graphics.AvoidXfermode: void <init>(int,int,android.graphics.AvoidXfermode$Mode)>"
					],
					"depth":0,
					"method":"<android.graphics.AvoidXfermode: void <init>(int,int,android.graphics.AvoidXfermode$Mode)>",
					"source":"CALLER"
				}
			],
			"keyAPIDiffClass":[],
			"callerOfSingnlar2SourceVar":{
				"<android.graphics.AvoidXfermode: void <init>(int,int,android.graphics.AvoidXfermode$Mode)>":"1"
			}
		}
	]
}