{
	"exceptions":[
		{
			"method":"<android.hardware.camera2.CameraCaptureSession: int captureSingleRequest(android.hardware.camera2.CaptureRequest,java.util.concurrent.Executor,android.hardware.camera2.CameraCaptureSession$CaptureCallback)>",
			"message":"\\QSubclasses must override this method\\E",
			"relatedVarType":"Empty",
			"relatedCondType":"Empty",
			"modifier":"public",
			"type":"java.lang.UnsupportedOperationException",
			"osVersionRelated":false,
			"resourceRelated":false,
			"assessRelated":false,
			"hardwareRelated":true,
			"manifestRelated":false,
			"keyAPISameClassNum":0,
			"keyAPIDiffClassNum":0,
			"keyAPISameClass":[],
			"keyAPIDiffClass":[],
			"callerOfSingnlar2SourceVar":{}
		},
		{
			"method":"<android.hardware.camera2.CameraCaptureSession: int captureBurstRequests(java.util.List,java.util.concurrent.Executor,android.hardware.camera2.CameraCaptureSession$CaptureCallback)>",
			"message":"\\QSubclasses must override this method\\E",
			"relatedVarType":"Empty",
			"relatedCondType":"Empty",
			"modifier":"public",
			"type":"java.lang.UnsupportedOperationException",
			"osVersionRelated":false,
			"resourceRelated":false,
			"assessRelated":false,
			"hardwareRelated":true,
			"manifestRelated":false,
			"keyAPISameClassNum":0,
			"keyAPIDiffClassNum":0,
			"keyAPISameClass":[],
			"keyAPIDiffClass":[],
			"callerOfSingnlar2SourceVar":{}
		},
		{
			"method":"<android.hardware.camera2.CameraCaptureSession: int setSingleRepeatingRequest(android.hardware.camera2.CaptureRequest,java.util.concurrent.Executor,android.hardware.camera2.CameraCaptureSession$CaptureCallback)>",
			"message":"\\QSubclasses must override this method\\E",
			"relatedVarType":"Empty",
			"relatedCondType":"Empty",
			"modifier":"public",
			"type":"java.lang.UnsupportedOperationException",
			"osVersionRelated":false,
			"resourceRelated":false,
			"assessRelated":false,
			"hardwareRelated":true,
			"manifestRelated":false,
			"keyAPISameClassNum":0,
			"keyAPIDiffClassNum":0,
			"keyAPISameClass":[],
			"keyAPIDiffClass":[],
			"callerOfSingnlar2SourceVar":{}
		},
		{
			"method":"<android.hardware.camera2.CameraCaptureSession: int setRepeatingBurstRequests(java.util.List,java.util.concurrent.Executor,android.hardware.camera2.CameraCaptureSession$CaptureCallback)>",
			"message":"\\QSubclasses must override this method\\E",
			"relatedVarType":"Empty",
			"relatedCondType":"Empty",
			"modifier":"public",
			"type":"java.lang.UnsupportedOperationException",
			"osVersionRelated":false,
			"resourceRelated":false,
			"assessRelated":false,
			"hardwareRelated":true,
			"manifestRelated":false,
			"keyAPISameClassNum":0,
			"keyAPIDiffClassNum":0,
			"keyAPISameClass":[],
			"keyAPIDiffClass":[],
			"callerOfSingnlar2SourceVar":{}
		},
		{
			"method":"<android.hardware.camera2.CameraCaptureSession: void updateOutputConfiguration(android.hardware.camera2.params.OutputConfiguration)>",
			"message":"\\QSubclasses must override this method\\E",
			"relatedVarType":"Empty",
			"relatedCondType":"Empty",
			"modifier":"public",
			"type":"java.lang.UnsupportedOperationException",
			"osVersionRelated":false,
			"resourceRelated":false,
			"assessRelated":false,
			"hardwareRelated":true,
			"manifestRelated":false,
			"keyAPISameClassNum":0,
			"keyAPIDiffClassNum":0,
			"keyAPISameClass":[],
			"keyAPIDiffClass":[],
			"callerOfSingnlar2SourceVar":{}
		}
	]
}