{
	"exceptions":[
		{
			"method":"<android.filterfw.core.FilterFunction: android.filterfw.core.Frame execute(android.filterfw.core.KeyValueMap)>",
			"message":"\\QCalling execute on filter \\E[\\s\\S]*\\Q with multiple outputs! Use executeMulti() instead!\\E",
			"relatedVarType":"Field",
			"relatedCondType":"Basic",
			"modifier":"public",
			"type":"java.lang.RuntimeException",
			"osVersionRelated":false,
			"resourceRelated":false,
			"assessRelated":false,
			"hardwareRelated":false,
			"manifestRelated":false,
			"conditions":"i0 <= 1",
			"fieldValues":"<android.filterfw.core.FilterFunction: android.filterfw.core.Filter mFilter>",
			"relatedValues":"; <android.filterfw.core.FilterFunction: android.filterfw.core.Filter mFilter>; ",
			"keyAPISameClassNum":8,
			"keyAPIDiffClassNum":40,
			"keyAPISameClass":[
				{
					"trace":[
						"<android.filterfw.core.FilterFunction: android.filterfw.core.Frame execute(android.filterfw.core.KeyValueMap)>"
					],
					"depth":1,
					"method":"<android.filterfw.core.FilterFunction: void <init>(android.filterfw.core.FilterContext,android.filterfw.core.Filter)>",
					"source":"FIELD"
				},
				{
					"trace":[
						"<android.filterfw.core.FilterFunction: android.filterfw.core.Frame execute(android.filterfw.core.KeyValueMap)>"
					],
					"depth":1,
					"method":"<android.filterfw.core.FilterFunction: android.filterfw.core.Frame execute(android.filterfw.core.KeyValueMap)>",
					"source":"FIELD"
				},
				{
					"trace":[
						"<android.filterfw.core.FilterFunction: android.filterfw.core.Frame execute(android.filterfw.core.KeyValueMap)>"
					],
					"depth":1,
					"method":"<android.filterfw.core.FilterFunction: void close()>",
					"source":"FIELD"
				},
				{
					"trace":[
						"<android.filterfw.core.FilterFunction: android.filterfw.core.Frame execute(android.filterfw.core.KeyValueMap)>"
					],
					"depth":1,
					"method":"<android.filterfw.core.FilterFunction: void setInputFrame(java.lang.String,android.filterfw.core.Frame)>",
					"source":"FIELD"
				},
				{
					"trace":[
						"<android.filterfw.core.FilterFunction: android.filterfw.core.Frame execute(android.filterfw.core.KeyValueMap)>"
					],
					"depth":1,
					"method":"<android.filterfw.core.FilterFunction: void setInputValue(java.lang.String,java.lang.Object)>",
					"source":"FIELD"
				},
				{
					"trace":[
						"<android.filterfw.core.FilterFunction: android.filterfw.core.Frame execute(android.filterfw.core.KeyValueMap)>"
					],
					"depth":1,
					"method":"<android.filterfw.core.FilterFunction: void tearDown()>",
					"source":"FIELD"
				},
				{
					"trace":[
						"<android.filterfw.core.FilterFunction: android.filterfw.core.Frame execute(android.filterfw.core.KeyValueMap)>"
					],
					"depth":1,
					"method":"<android.filterfw.core.FilterFunction: java.lang.String toString()>",
					"source":"FIELD"
				},
				{
					"trace":[
						"<android.filterfw.core.FilterFunction: android.filterfw.core.Frame executeWithArgList(java.lang.Object[])>",
						"<android.filterfw.core.FilterFunction: android.filterfw.core.Frame execute(android.filterfw.core.KeyValueMap)>",
						"key field: <android.filterfw.core.FilterFunction: android.filterfw.core.Filter mFilter>",
						"<android.filterfw.core.FilterFunction: android.filterfw.core.Frame execute(android.filterfw.core.KeyValueMap)>"
					],
					"depth":2,
					"method":"<android.filterfw.core.FilterFunction: android.filterfw.core.Frame executeWithArgList(java.lang.Object[])>",
					"source":"FIELDCALLER"
				}
			],
			"keyAPIDiffClass":[
				{
					"trace":[
						"<android.media.effect.SingleFilterEffect: void <init>(android.media.effect.EffectContext,java.lang.String,java.lang.Class,java.lang.String,java.lang.String,java.lang.Object[])>",
						"<android.filterfw.core.FilterFunction: void <init>(android.filterfw.core.FilterContext,android.filterfw.core.Filter)>",
						"key field: <android.filterfw.core.FilterFunction: android.filterfw.core.Filter mFilter>",
						"<android.filterfw.core.FilterFunction: android.filterfw.core.Frame execute(android.filterfw.core.KeyValueMap)>"
					],
					"depth":2,
					"method":"<android.media.effect.SingleFilterEffect: void <init>(android.media.effect.EffectContext,java.lang.String,java.lang.Class,java.lang.String,java.lang.String,java.lang.Object[])>",
					"source":"FIELDCALLER"
				},
				{
					"trace":[
						"<android.filterfw.FilterFunctionEnvironment: android.filterfw.core.FilterFunction createFunction(java.lang.Class,java.lang.Object[])>",
						"<android.filterfw.core.FilterFunction: void <init>(android.filterfw.core.FilterContext,android.filterfw.core.Filter)>",
						"key field: <android.filterfw.core.FilterFunction: android.filterfw.core.Filter mFilter>",
						"<android.filterfw.core.FilterFunction: android.filterfw.core.Frame execute(android.filterfw.core.KeyValueMap)>"
					],
					"depth":2,
					"method":"<android.filterfw.FilterFunctionEnvironment: android.filterfw.core.FilterFunction createFunction(java.lang.Class,java.lang.Object[])>",
					"source":"FIELDCALLER"
				},
				{
					"trace":[
						"<android.net.LinkProperties$CompareResult: java.lang.String toString()>",
						"<android.filterfw.core.FilterFunction: java.lang.String toString()>",
						"key field: <android.filterfw.core.FilterFunction: android.filterfw.core.Filter mFilter>",
						"<android.filterfw.core.FilterFunction: android.filterfw.core.Frame execute(android.filterfw.core.KeyValueMap)>"
					],
					"depth":2,
					"method":"<android.net.LinkProperties$CompareResult: java.lang.String toString()>",
					"source":"FIELDCALLER"
				},
				{
					"trace":[
						"<android.media.effect.effects.SharpenEffect: void <init>(android.media.effect.EffectContext,java.lang.String)>",
						"<android.media.effect.SingleFilterEffect: void <init>(android.media.effect.EffectContext,java.lang.String,java.lang.Class,java.lang.String,java.lang.String,java.lang.Object[])>",
						"<android.filterfw.core.FilterFunction: void <init>(android.filterfw.core.FilterContext,android.filterfw.core.Filter)>",
						"key field: <android.filterfw.core.FilterFunction: android.filterfw.core.Filter mFilter>",
						"<android.filterfw.core.FilterFunction: android.filterfw.core.Frame execute(android.filterfw.core.KeyValueMap)>"
					],
					"depth":3,
					"method":"<android.media.effect.effects.SharpenEffect: void <init>(android.media.effect.EffectContext,java.lang.String)>",
					"source":"FIELDCALLER"
				},
				{
					"trace":[
						"<android.media.effect.SizeChangeEffect: void <init>(android.media.effect.EffectContext,java.lang.String,java.lang.Class,java.lang.String,java.lang.String,java.lang.Object[])>",
						"<android.media.effect.SingleFilterEffect: void <init>(android.media.effect.EffectContext,java.lang.String,java.lang.Class,java.lang.String,java.lang.String,java.lang.Object[])>",
						"<android.filterfw.core.FilterFunction: void <init>(android.filterfw.core.FilterContext,android.filterfw.core.Filter)>",
						"key field: <android.filterfw.core.FilterFunction: android.filterfw.core.Filter mFilter>",
						"<android.filterfw.core.FilterFunction: android.filterfw.core.Frame execute(android.filterfw.core.KeyValueMap)>"
					],
					"depth":3,
					"method":"<android.media.effect.SizeChangeEffect: void <init>(android.media.effect.EffectContext,java.lang.String,java.lang.Class,java.lang.String,java.lang.String,java.lang.Object[])>",
					"source":"FIELDCALLER"
				},
				{
					"trace":[
						"<android.media.effect.effects.SaturateEffect: void <init>(android.media.effect.EffectContext,java.lang.String)>",
						"<android.media.effect.SingleFilterEffect: void <init>(android.media.effect.EffectContext,java.lang.String,java.lang.Class,java.lang.String,java.lang.String,java.lang.Object[])>",
						"<android.filterfw.core.FilterFunction: void <init>(android.filterfw.core.FilterContext,android.filterfw.core.Filter)>",
						"key field: <android.filterfw.core.FilterFunction: android.filterfw.core.Filter mFilter>",
						"<android.filterfw.core.FilterFunction: android.filterfw.core.Frame execute(android.filterfw.core.KeyValueMap)>"
					],
					"depth":3,
					"method":"<android.media.effect.effects.SaturateEffect: void <init>(android.media.effect.EffectContext,java.lang.String)>",
					"source":"FIELDCALLER"
				},
				{
					"trace":[
						"<android.media.effect.effects.RedEyeEffect: void <init>(android.media.effect.EffectContext,java.lang.String)>",
						"<android.media.effect.SingleFilterEffect: void <init>(android.media.effect.EffectContext,java.lang.String,java.lang.Class,java.lang.String,java.lang.String,java.lang.Object[])>",
						"<android.filterfw.core.FilterFunction: void <init>(android.filterfw.core.FilterContext,android.filterfw.core.Filter)>",
						"key field: <android.filterfw.core.FilterFunction: android.filterfw.core.Filter mFilter>",
						"<android.filterfw.core.FilterFunction: android.filterfw.core.Frame execute(android.filterfw.core.KeyValueMap)>"
					],
					"depth":3,
					"method":"<android.media.effect.effects.RedEyeEffect: void <init>(android.media.effect.EffectContext,java.lang.String)>",
					"source":"FIELDCALLER"
				},
				{
					"trace":[
						"<android.media.effect.effects.AutoFixEffect: void <init>(android.media.effect.EffectContext,java.lang.String)>",
						"<android.media.effect.SingleFilterEffect: void <init>(android.media.effect.EffectContext,java.lang.String,java.lang.Class,java.lang.String,java.lang.String,java.lang.Object[])>",
						"<android.filterfw.core.FilterFunction: void <init>(android.filterfw.core.FilterContext,android.filterfw.core.Filter)>",
						"key field: <android.filterfw.core.FilterFunction: android.filterfw.core.Filter mFilter>",
						"<android.filterfw.core.FilterFunction: android.filterfw.core.Frame execute(android.filterfw.core.KeyValueMap)>"
					],
					"depth":3,
					"method":"<android.media.effect.effects.AutoFixEffect: void <init>(android.media.effect.EffectContext,java.lang.String)>",
					"source":"FIELDCALLER"
				},
				{
					"trace":[
						"<android.media.effect.effects.VignetteEffect: void <init>(android.media.effect.EffectContext,java.lang.String)>",
						"<android.media.effect.SingleFilterEffect: void <init>(android.media.effect.EffectContext,java.lang.String,java.lang.Class,java.lang.String,java.lang.String,java.lang.Object[])>",
						"<android.filterfw.core.FilterFunction: void <init>(android.filterfw.core.FilterContext,android.filterfw.core.Filter)>",
						"key field: <android.filterfw.core.FilterFunction: android.filterfw.core.Filter mFilter>",
						"<android.filterfw.core.FilterFunction: android.filterfw.core.Frame execute(android.filterfw.core.KeyValueMap)>"
					],
					"depth":3,
					"method":"<android.media.effect.effects.VignetteEffect: void <init>(android.media.effect.EffectContext,java.lang.String)>",
					"source":"FIELDCALLER"
				},
				{
					"trace":[
						"<android.media.effect.effects.GrayscaleEffect: void <init>(android.media.effect.EffectContext,java.lang.String)>",
						"<android.media.effect.SingleFilterEffect: void <init>(android.media.effect.EffectContext,java.lang.String,java.lang.Class,java.lang.String,java.lang.String,java.lang.Object[])>",
						"<android.filterfw.core.FilterFunction: void <init>(android.filterfw.core.FilterContext,android.filterfw.core.Filter)>",
						"key field: <android.filterfw.core.FilterFunction: android.filterfw.core.Filter mFilter>",
						"<android.filterfw.core.FilterFunction: android.filterfw.core.Frame execute(android.filterfw.core.KeyValueMap)>"
					],
					"depth":3,
					"method":"<android.media.effect.effects.GrayscaleEffect: void <init>(android.media.effect.EffectContext,java.lang.String)>",
					"source":"FIELDCALLER"
				},
				{
					"trace":[
						"<android.media.effect.effects.NegativeEffect: void <init>(android.media.effect.EffectContext,java.lang.String)>",
						"<android.media.effect.SingleFilterEffect: void <init>(android.media.effect.EffectContext,java.lang.String,java.lang.Class,java.lang.String,java.lang.String,java.lang.Object[])>",
						"<android.filterfw.core.FilterFunction: void <init>(android.filterfw.core.FilterContext,android.filterfw.core.Filter)>",
						"key field: <android.filterfw.core.FilterFunction: android.filterfw.core.Filter mFilter>",
						"<android.filterfw.core.FilterFunction: android.filterfw.core.Frame execute(android.filterfw.core.KeyValueMap)>"
					],
					"depth":3,
					"method":"<android.media.effect.effects.NegativeEffect: void <init>(android.media.effect.EffectContext,java.lang.String)>",
					"source":"FIELDCALLER"
				},
				{
					"trace":[
						"<android.media.effect.effects.ColorTemperatureEffect: void <init>(android.media.effect.EffectContext,java.lang.String)>",
						"<android.media.effect.SingleFilterEffect: void <init>(android.media.effect.EffectContext,java.lang.String,java.lang.Class,java.lang.String,java.lang.String,java.lang.Object[])>",
						"<android.filterfw.core.FilterFunction: void <init>(android.filterfw.core.FilterContext,android.filterfw.core.Filter)>",
						"key field: <android.filterfw.core.FilterFunction: android.filterfw.core.Filter mFilter>",
						"<android.filterfw.core.FilterFunction: android.filterfw.core.Frame execute(android.filterfw.core.KeyValueMap)>"
					],
					"depth":3,
					"method":"<android.media.effect.effects.ColorTemperatureEffect: void <init>(android.media.effect.EffectContext,java.lang.String)>",
					"source":"FIELDCALLER"
				},
				{
					"trace":[
						"<android.media.effect.effects.LomoishEffect: void <init>(android.media.effect.EffectContext,java.lang.String)>",
						"<android.media.effect.SingleFilterEffect: void <init>(android.media.effect.EffectContext,java.lang.String,java.lang.Class,java.lang.String,java.lang.String,java.lang.Object[])>",
						"<android.filterfw.core.FilterFunction: void <init>(android.filterfw.core.FilterContext,android.filterfw.core.Filter)>",
						"key field: <android.filterfw.core.FilterFunction: android.filterfw.core.Filter mFilter>",
						"<android.filterfw.core.FilterFunction: android.filterfw.core.Frame execute(android.filterfw.core.KeyValueMap)>"
					],
					"depth":3,
					"method":"<android.media.effect.effects.LomoishEffect: void <init>(android.media.effect.EffectContext,java.lang.String)>",
					"source":"FIELDCALLER"
				},
				{
					"trace":[
						"<android.media.effect.effects.FisheyeEffect: void <init>(android.media.effect.EffectContext,java.lang.String)>",
						"<android.media.effect.SingleFilterEffect: void <init>(android.media.effect.EffectContext,java.lang.String,java.lang.Class,java.lang.String,java.lang.String,java.lang.Object[])>",
						"<android.filterfw.core.FilterFunction: void <init>(android.filterfw.core.FilterContext,android.filterfw.core.Filter)>",
						"key field: <android.filterfw.core.FilterFunction: android.filterfw.core.Filter mFilter>",
						"<android.filterfw.core.FilterFunction: android.filterfw.core.Frame execute(android.filterfw.core.KeyValueMap)>"
					],
					"depth":3,
					"method":"<android.media.effect.effects.FisheyeEffect: void <init>(android.media.effect.EffectContext,java.lang.String)>",
					"source":"FIELDCALLER"
				},
				{
					"trace":[
						"<android.media.effect.effects.BlackWhiteEffect: void <init>(android.media.effect.EffectContext,java.lang.String)>",
						"<android.media.effect.SingleFilterEffect: void <init>(android.media.effect.EffectContext,java.lang.String,java.lang.Class,java.lang.String,java.lang.String,java.lang.Object[])>",
						"<android.filterfw.core.FilterFunction: void <init>(android.filterfw.core.FilterContext,android.filterfw.core.Filter)>",
						"key field: <android.filterfw.core.FilterFunction: android.filterfw.core.Filter mFilter>",
						"<android.filterfw.core.FilterFunction: android.filterfw.core.Frame execute(android.filterfw.core.KeyValueMap)>"
					],
					"depth":3,
					"method":"<android.media.effect.effects.BlackWhiteEffect: void <init>(android.media.effect.EffectContext,java.lang.String)>",
					"source":"FIELDCALLER"
				},
				{
					"trace":[
						"<android.media.effect.effects.TintEffect: void <init>(android.media.effect.EffectContext,java.lang.String)>",
						"<android.media.effect.SingleFilterEffect: void <init>(android.media.effect.EffectContext,java.lang.String,java.lang.Class,java.lang.String,java.lang.String,java.lang.Object[])>",
						"<android.filterfw.core.FilterFunction: void <init>(android.filterfw.core.FilterContext,android.filterfw.core.Filter)>",
						"key field: <android.filterfw.core.FilterFunction: android.filterfw.core.Filter mFilter>",
						"<android.filterfw.core.FilterFunction: android.filterfw.core.Frame execute(android.filterfw.core.KeyValueMap)>"
					],
					"depth":3,
					"method":"<android.media.effect.effects.TintEffect: void <init>(android.media.effect.EffectContext,java.lang.String)>",
					"source":"FIELDCALLER"
				},
				{
					"trace":[
						"<android.media.effect.effects.FlipEffect: void <init>(android.media.effect.EffectContext,java.lang.String)>",
						"<android.media.effect.SingleFilterEffect: void <init>(android.media.effect.EffectContext,java.lang.String,java.lang.Class,java.lang.String,java.lang.String,java.lang.Object[])>",
						"<android.filterfw.core.FilterFunction: void <init>(android.filterfw.core.FilterContext,android.filterfw.core.Filter)>",
						"key field: <android.filterfw.core.FilterFunction: android.filterfw.core.Filter mFilter>",
						"<android.filterfw.core.FilterFunction: android.filterfw.core.Frame execute(android.filterfw.core.KeyValueMap)>"
					],
					"depth":3,
					"method":"<android.media.effect.effects.FlipEffect: void <init>(android.media.effect.EffectContext,java.lang.String)>",
					"source":"FIELDCALLER"
				},
				{
					"trace":[
						"<android.media.effect.effects.CrossProcessEffect: void <init>(android.media.effect.EffectContext,java.lang.String)>",
						"<android.media.effect.SingleFilterEffect: void <init>(android.media.effect.EffectContext,java.lang.String,java.lang.Class,java.lang.String,java.lang.String,java.lang.Object[])>",
						"<android.filterfw.core.FilterFunction: void <init>(android.filterfw.core.FilterContext,android.filterfw.core.Filter)>",
						"key field: <android.filterfw.core.FilterFunction: android.filterfw.core.Filter mFilter>",
						"<android.filterfw.core.FilterFunction: android.filterfw.core.Frame execute(android.filterfw.core.KeyValueMap)>"
					],
					"depth":3,
					"method":"<android.media.effect.effects.CrossProcessEffect: void <init>(android.media.effect.EffectContext,java.lang.String)>",
					"source":"FIELDCALLER"
				},
				{
					"trace":[
						"<android.media.effect.effects.DuotoneEffect: void <init>(android.media.effect.EffectContext,java.lang.String)>",
						"<android.media.effect.SingleFilterEffect: void <init>(android.media.effect.EffectContext,java.lang.String,java.lang.Class,java.lang.String,java.lang.String,java.lang.Object[])>",
						"<android.filterfw.core.FilterFunction: void <init>(android.filterfw.core.FilterContext,android.filterfw.core.Filter)>",
						"key field: <android.filterfw.core.FilterFunction: android.filterfw.core.Filter mFilter>",
						"<android.filterfw.core.FilterFunction: android.filterfw.core.Frame execute(android.filterfw.core.KeyValueMap)>"
					],
					"depth":3,
					"method":"<android.media.effect.effects.DuotoneEffect: void <init>(android.media.effect.EffectContext,java.lang.String)>",
					"source":"FIELDCALLER"
				},
				{
					"trace":[
						"<android.media.effect.effects.StraightenEffect: void <init>(android.media.effect.EffectContext,java.lang.String)>",
						"<android.media.effect.SingleFilterEffect: void <init>(android.media.effect.EffectContext,java.lang.String,java.lang.Class,java.lang.String,java.lang.String,java.lang.Object[])>",
						"<android.filterfw.core.FilterFunction: void <init>(android.filterfw.core.FilterContext,android.filterfw.core.Filter)>",
						"key field: <android.filterfw.core.FilterFunction: android.filterfw.core.Filter mFilter>",
						"<android.filterfw.core.FilterFunction: android.filterfw.core.Frame execute(android.filterfw.core.KeyValueMap)>"
					],
					"depth":3,
					"method":"<android.media.effect.effects.StraightenEffect: void <init>(android.media.effect.EffectContext,java.lang.String)>",
					"source":"FIELDCALLER"
				},
				{
					"trace":[
						"<android.media.effect.effects.ContrastEffect: void <init>(android.media.effect.EffectContext,java.lang.String)>",
						"<android.media.effect.SingleFilterEffect: void <init>(android.media.effect.EffectContext,java.lang.String,java.lang.Class,java.lang.String,java.lang.String,java.lang.Object[])>",
						"<android.filterfw.core.FilterFunction: void <init>(android.filterfw.core.FilterContext,android.filterfw.core.Filter)>",
						"key field: <android.filterfw.core.FilterFunction: android.filterfw.core.Filter mFilter>",
						"<android.filterfw.core.FilterFunction: android.filterfw.core.Frame execute(android.filterfw.core.KeyValueMap)>"
					],
					"depth":3,
					"method":"<android.media.effect.effects.ContrastEffect: void <init>(android.media.effect.EffectContext,java.lang.String)>",
					"source":"FIELDCALLER"
				},
				{
					"trace":[
						"<android.media.effect.effects.FillLightEffect: void <init>(android.media.effect.EffectContext,java.lang.String)>",
						"<android.media.effect.SingleFilterEffect: void <init>(android.media.effect.EffectContext,java.lang.String,java.lang.Class,java.lang.String,java.lang.String,java.lang.Object[])>",
						"<android.filterfw.core.FilterFunction: void <init>(android.filterfw.core.FilterContext,android.filterfw.core.Filter)>",
						"key field: <android.filterfw.core.FilterFunction: android.filterfw.core.Filter mFilter>",
						"<android.filterfw.core.FilterFunction: android.filterfw.core.Frame execute(android.filterfw.core.KeyValueMap)>"
					],
					"depth":3,
					"method":"<android.media.effect.effects.FillLightEffect: void <init>(android.media.effect.EffectContext,java.lang.String)>",
					"source":"FIELDCALLER"
				},
				{
					"trace":[
						"<android.media.effect.effects.BitmapOverlayEffect: void <init>(android.media.effect.EffectContext,java.lang.String)>",
						"<android.media.effect.SingleFilterEffect: void <init>(android.media.effect.EffectContext,java.lang.String,java.lang.Class,java.lang.String,java.lang.String,java.lang.Object[])>",
						"<android.filterfw.core.FilterFunction: void <init>(android.filterfw.core.FilterContext,android.filterfw.core.Filter)>",
						"key field: <android.filterfw.core.FilterFunction: android.filterfw.core.Filter mFilter>",
						"<android.filterfw.core.FilterFunction: android.filterfw.core.Frame execute(android.filterfw.core.KeyValueMap)>"
					],
					"depth":3,
					"method":"<android.media.effect.effects.BitmapOverlayEffect: void <init>(android.media.effect.EffectContext,java.lang.String)>",
					"source":"FIELDCALLER"
				},
				{
					"trace":[
						"<android.media.effect.effects.BrightnessEffect: void <init>(android.media.effect.EffectContext,java.lang.String)>",
						"<android.media.effect.SingleFilterEffect: void <init>(android.media.effect.EffectContext,java.lang.String,java.lang.Class,java.lang.String,java.lang.String,java.lang.Object[])>",
						"<android.filterfw.core.FilterFunction: void <init>(android.filterfw.core.FilterContext,android.filterfw.core.Filter)>",
						"key field: <android.filterfw.core.FilterFunction: android.filterfw.core.Filter mFilter>",
						"<android.filterfw.core.FilterFunction: android.filterfw.core.Frame execute(android.filterfw.core.KeyValueMap)>"
					],
					"depth":3,
					"method":"<android.media.effect.effects.BrightnessEffect: void <init>(android.media.effect.EffectContext,java.lang.String)>",
					"source":"FIELDCALLER"
				},
				{
					"trace":[
						"<android.media.effect.effects.SepiaEffect: void <init>(android.media.effect.EffectContext,java.lang.String)>",
						"<android.media.effect.SingleFilterEffect: void <init>(android.media.effect.EffectContext,java.lang.String,java.lang.Class,java.lang.String,java.lang.String,java.lang.Object[])>",
						"<android.filterfw.core.FilterFunction: void <init>(android.filterfw.core.FilterContext,android.filterfw.core.Filter)>",
						"key field: <android.filterfw.core.FilterFunction: android.filterfw.core.Filter mFilter>",
						"<android.filterfw.core.FilterFunction: android.filterfw.core.Frame execute(android.filterfw.core.KeyValueMap)>"
					],
					"depth":3,
					"method":"<android.media.effect.effects.SepiaEffect: void <init>(android.media.effect.EffectContext,java.lang.String)>",
					"source":"FIELDCALLER"
				},
				{
					"trace":[
						"<android.media.effect.effects.PosterizeEffect: void <init>(android.media.effect.EffectContext,java.lang.String)>",
						"<android.media.effect.SingleFilterEffect: void <init>(android.media.effect.EffectContext,java.lang.String,java.lang.Class,java.lang.String,java.lang.String,java.lang.Object[])>",
						"<android.filterfw.core.FilterFunction: void <init>(android.filterfw.core.FilterContext,android.filterfw.core.Filter)>",
						"key field: <android.filterfw.core.FilterFunction: android.filterfw.core.Filter mFilter>",
						"<android.filterfw.core.FilterFunction: android.filterfw.core.Frame execute(android.filterfw.core.KeyValueMap)>"
					],
					"depth":3,
					"method":"<android.media.effect.effects.PosterizeEffect: void <init>(android.media.effect.EffectContext,java.lang.String)>",
					"source":"FIELDCALLER"
				},
				{
					"trace":[
						"<android.media.effect.effects.DocumentaryEffect: void <init>(android.media.effect.EffectContext,java.lang.String)>",
						"<android.media.effect.SingleFilterEffect: void <init>(android.media.effect.EffectContext,java.lang.String,java.lang.Class,java.lang.String,java.lang.String,java.lang.Object[])>",
						"<android.filterfw.core.FilterFunction: void <init>(android.filterfw.core.FilterContext,android.filterfw.core.Filter)>",
						"key field: <android.filterfw.core.FilterFunction: android.filterfw.core.Filter mFilter>",
						"<android.filterfw.core.FilterFunction: android.filterfw.core.Frame execute(android.filterfw.core.KeyValueMap)>"
					],
					"depth":3,
					"method":"<android.media.effect.effects.DocumentaryEffect: void <init>(android.media.effect.EffectContext,java.lang.String)>",
					"source":"FIELDCALLER"
				},
				{
					"trace":[
						"<android.media.effect.effects.GrainEffect: void <init>(android.media.effect.EffectContext,java.lang.String)>",
						"<android.media.effect.SingleFilterEffect: void <init>(android.media.effect.EffectContext,java.lang.String,java.lang.Class,java.lang.String,java.lang.String,java.lang.Object[])>",
						"<android.filterfw.core.FilterFunction: void <init>(android.filterfw.core.FilterContext,android.filterfw.core.Filter)>",
						"key field: <android.filterfw.core.FilterFunction: android.filterfw.core.Filter mFilter>",
						"<android.filterfw.core.FilterFunction: android.filterfw.core.Frame execute(android.filterfw.core.KeyValueMap)>"
					],
					"depth":3,
					"method":"<android.media.effect.effects.GrainEffect: void <init>(android.media.effect.EffectContext,java.lang.String)>",
					"source":"FIELDCALLER"
				},
				{
					"trace":[
						"<android.animation.PropertyValuesHolder$PropertyValues: java.lang.String toString()>",
						"<android.net.LinkProperties$CompareResult: java.lang.String toString()>",
						"<android.filterfw.core.FilterFunction: java.lang.String toString()>",
						"key field: <android.filterfw.core.FilterFunction: android.filterfw.core.Filter mFilter>",
						"<android.filterfw.core.FilterFunction: android.filterfw.core.Frame execute(android.filterfw.core.KeyValueMap)>"
					],
					"depth":3,
					"method":"<android.animation.PropertyValuesHolder$PropertyValues: java.lang.String toString()>",
					"source":"FIELDCALLER"
				},
				{
					"trace":[
						"<android.media.effect.effects.CropEffect: void <init>(android.media.effect.EffectContext,java.lang.String)>",
						"<android.media.effect.SizeChangeEffect: void <init>(android.media.effect.EffectContext,java.lang.String,java.lang.Class,java.lang.String,java.lang.String,java.lang.Object[])>",
						"<android.media.effect.SingleFilterEffect: void <init>(android.media.effect.EffectContext,java.lang.String,java.lang.Class,java.lang.String,java.lang.String,java.lang.Object[])>",
						"<android.filterfw.core.FilterFunction: void <init>(android.filterfw.core.FilterContext,android.filterfw.core.Filter)>",
						"key field: <android.filterfw.core.FilterFunction: android.filterfw.core.Filter mFilter>",
						"<android.filterfw.core.FilterFunction: android.filterfw.core.Frame execute(android.filterfw.core.KeyValueMap)>"
					],
					"depth":4,
					"method":"<android.media.effect.effects.CropEffect: void <init>(android.media.effect.EffectContext,java.lang.String)>",
					"source":"FIELDCALLER"
				},
				{
					"trace":[
						"<android.media.effect.effects.RotateEffect: void <init>(android.media.effect.EffectContext,java.lang.String)>",
						"<android.media.effect.SizeChangeEffect: void <init>(android.media.effect.EffectContext,java.lang.String,java.lang.Class,java.lang.String,java.lang.String,java.lang.Object[])>",
						"<android.media.effect.SingleFilterEffect: void <init>(android.media.effect.EffectContext,java.lang.String,java.lang.Class,java.lang.String,java.lang.String,java.lang.Object[])>",
						"<android.filterfw.core.FilterFunction: void <init>(android.filterfw.core.FilterContext,android.filterfw.core.Filter)>",
						"key field: <android.filterfw.core.FilterFunction: android.filterfw.core.Filter mFilter>",
						"<android.filterfw.core.FilterFunction: android.filterfw.core.Frame execute(android.filterfw.core.KeyValueMap)>"
					],
					"depth":4,
					"method":"<android.media.effect.effects.RotateEffect: void <init>(android.media.effect.EffectContext,java.lang.String)>",
					"source":"FIELDCALLER"
				},
				{
					"trace":[
						"<android.os.StatsDimensionsValue: java.lang.String toString()>",
						"<android.animation.PropertyValuesHolder$PropertyValues: java.lang.String toString()>",
						"<android.net.LinkProperties$CompareResult: java.lang.String toString()>",
						"<android.filterfw.core.FilterFunction: java.lang.String toString()>",
						"key field: <android.filterfw.core.FilterFunction: android.filterfw.core.Filter mFilter>",
						"<android.filterfw.core.FilterFunction: android.filterfw.core.Frame execute(android.filterfw.core.KeyValueMap)>"
					],
					"depth":4,
					"method":"<android.os.StatsDimensionsValue: java.lang.String toString()>",
					"source":"FIELDCALLER"
				},
				{
					"trace":[
						"<android.hardware.usb.UsbInterface: java.lang.String toString()>",
						"<android.os.StatsDimensionsValue: java.lang.String toString()>",
						"<android.animation.PropertyValuesHolder$PropertyValues: java.lang.String toString()>",
						"<android.net.LinkProperties$CompareResult: java.lang.String toString()>",
						"<android.filterfw.core.FilterFunction: java.lang.String toString()>",
						"key field: <android.filterfw.core.FilterFunction: android.filterfw.core.Filter mFilter>",
						"<android.filterfw.core.FilterFunction: android.filterfw.core.Frame execute(android.filterfw.core.KeyValueMap)>"
					],
					"depth":5,
					"method":"<android.hardware.usb.UsbInterface: java.lang.String toString()>",
					"source":"FIELDCALLER"
				},
				{
					"trace":[
						"<android.hardware.usb.UsbConfiguration: java.lang.String toString()>",
						"<android.hardware.usb.UsbInterface: java.lang.String toString()>",
						"<android.os.StatsDimensionsValue: java.lang.String toString()>",
						"<android.animation.PropertyValuesHolder$PropertyValues: java.lang.String toString()>",
						"<android.net.LinkProperties$CompareResult: java.lang.String toString()>",
						"<android.filterfw.core.FilterFunction: java.lang.String toString()>",
						"key field: <android.filterfw.core.FilterFunction: android.filterfw.core.Filter mFilter>",
						"<android.filterfw.core.FilterFunction: android.filterfw.core.Frame execute(android.filterfw.core.KeyValueMap)>"
					],
					"depth":6,
					"method":"<android.hardware.usb.UsbConfiguration: java.lang.String toString()>",
					"source":"FIELDCALLER"
				},
				{
					"trace":[
						"<android.net.ConnectivityMetricsEvent: java.lang.String toString()>",
						"<android.hardware.usb.UsbConfiguration: java.lang.String toString()>",
						"<android.hardware.usb.UsbInterface: java.lang.String toString()>",
						"<android.os.StatsDimensionsValue: java.lang.String toString()>",
						"<android.animation.PropertyValuesHolder$PropertyValues: java.lang.String toString()>",
						"<android.net.LinkProperties$CompareResult: java.lang.String toString()>",
						"<android.filterfw.core.FilterFunction: java.lang.String toString()>",
						"key field: <android.filterfw.core.FilterFunction: android.filterfw.core.Filter mFilter>",
						"<android.filterfw.core.FilterFunction: android.filterfw.core.Frame execute(android.filterfw.core.KeyValueMap)>"
					],
					"depth":7,
					"method":"<android.net.ConnectivityMetricsEvent: java.lang.String toString()>",
					"source":"FIELDCALLER"
				},
				{
					"trace":[
						"<android.filterfw.core.KeyValueMap: java.lang.String toString()>",
						"<android.net.ConnectivityMetricsEvent: java.lang.String toString()>",
						"<android.hardware.usb.UsbConfiguration: java.lang.String toString()>",
						"<android.hardware.usb.UsbInterface: java.lang.String toString()>",
						"<android.os.StatsDimensionsValue: java.lang.String toString()>",
						"<android.animation.PropertyValuesHolder$PropertyValues: java.lang.String toString()>",
						"<android.net.LinkProperties$CompareResult: java.lang.String toString()>",
						"<android.filterfw.core.FilterFunction: java.lang.String toString()>",
						"key field: <android.filterfw.core.FilterFunction: android.filterfw.core.Filter mFilter>",
						"<android.filterfw.core.FilterFunction: android.filterfw.core.Frame execute(android.filterfw.core.KeyValueMap)>"
					],
					"depth":8,
					"method":"<android.filterfw.core.KeyValueMap: java.lang.String toString()>",
					"source":"FIELDCALLER"
				},
				{
					"trace":[
						"<android.hardware.usb.UsbDevice: java.lang.String toString()>",
						"<android.net.ConnectivityMetricsEvent: java.lang.String toString()>",
						"<android.hardware.usb.UsbConfiguration: java.lang.String toString()>",
						"<android.hardware.usb.UsbInterface: java.lang.String toString()>",
						"<android.os.StatsDimensionsValue: java.lang.String toString()>",
						"<android.animation.PropertyValuesHolder$PropertyValues: java.lang.String toString()>",
						"<android.net.LinkProperties$CompareResult: java.lang.String toString()>",
						"<android.filterfw.core.FilterFunction: java.lang.String toString()>",
						"key field: <android.filterfw.core.FilterFunction: android.filterfw.core.Filter mFilter>",
						"<android.filterfw.core.FilterFunction: android.filterfw.core.Frame execute(android.filterfw.core.KeyValueMap)>"
					],
					"depth":8,
					"method":"<android.hardware.usb.UsbDevice: java.lang.String toString()>",
					"source":"FIELDCALLER"
				},
				{
					"trace":[
						"<android.os.UEventObserver$UEvent: java.lang.String toString()>",
						"<android.filterfw.core.KeyValueMap: java.lang.String toString()>",
						"<android.hardware.usb.UsbConfiguration: java.lang.String toString()>",
						"<android.hardware.usb.UsbInterface: java.lang.String toString()>",
						"<android.os.StatsDimensionsValue: java.lang.String toString()>",
						"<android.animation.PropertyValuesHolder$PropertyValues: java.lang.String toString()>",
						"<android.net.LinkProperties$CompareResult: java.lang.String toString()>",
						"<android.filterfw.core.FilterFunction: java.lang.String toString()>",
						"key field: <android.filterfw.core.FilterFunction: android.filterfw.core.Filter mFilter>",
						"<android.filterfw.core.FilterFunction: android.filterfw.core.Frame execute(android.filterfw.core.KeyValueMap)>"
					],
					"depth":8,
					"method":"<android.os.UEventObserver$UEvent: java.lang.String toString()>",
					"source":"FIELDCALLER"
				},
				{
					"trace":[
						"<android.hardware.soundtrigger.KeyphraseEnrollmentInfo: java.lang.String toString()>",
						"<android.filterfw.core.KeyValueMap: java.lang.String toString()>",
						"<android.hardware.usb.UsbConfiguration: java.lang.String toString()>",
						"<android.hardware.usb.UsbInterface: java.lang.String toString()>",
						"<android.os.StatsDimensionsValue: java.lang.String toString()>",
						"<android.animation.PropertyValuesHolder$PropertyValues: java.lang.String toString()>",
						"<android.net.LinkProperties$CompareResult: java.lang.String toString()>",
						"<android.filterfw.core.FilterFunction: java.lang.String toString()>",
						"key field: <android.filterfw.core.FilterFunction: android.filterfw.core.Filter mFilter>",
						"<android.filterfw.core.FilterFunction: android.filterfw.core.Frame execute(android.filterfw.core.KeyValueMap)>"
					],
					"depth":8,
					"method":"<android.hardware.soundtrigger.KeyphraseEnrollmentInfo: java.lang.String toString()>",
					"source":"FIELDCALLER"
				},
				{
					"trace":[
						"<android.media.MediaFormat: java.lang.String toString()>",
						"<android.filterfw.core.KeyValueMap: java.lang.String toString()>",
						"<android.hardware.usb.UsbConfiguration: java.lang.String toString()>",
						"<android.hardware.usb.UsbInterface: java.lang.String toString()>",
						"<android.os.StatsDimensionsValue: java.lang.String toString()>",
						"<android.animation.PropertyValuesHolder$PropertyValues: java.lang.String toString()>",
						"<android.net.LinkProperties$CompareResult: java.lang.String toString()>",
						"<android.filterfw.core.FilterFunction: java.lang.String toString()>",
						"key field: <android.filterfw.core.FilterFunction: android.filterfw.core.Filter mFilter>",
						"<android.filterfw.core.FilterFunction: android.filterfw.core.Frame execute(android.filterfw.core.KeyValueMap)>"
					],
					"depth":8,
					"method":"<android.media.MediaFormat: java.lang.String toString()>",
					"source":"FIELDCALLER"
				}
			],
			"callerOfSingnlar2SourceVar":{}
		}
	]
}