{
	"exceptions":[
		{
			"method":"<android.app.FragmentBreadCrumbs: void setMaxVisible(int)>",
			"message":"\\QvisibleCrumbs must be greater than zero\\E",
			"relatedVarType":"Parameter",
			"relatedCondType":"Basic",
			"modifier":"public",
			"type":"java.lang.IllegalArgumentException",
			"osVersionRelated":false,
			"resourceRelated":false,
			"assessRelated":false,
			"hardwareRelated":false,
			"manifestRelated":false,
			"conditions":"i0 >= 1",
			"paramValues":"@parameter0: int",
			"relatedValues":"@parameter0: int; ; ",
			"keyAPISameClassNum":0,
			"keyAPIDiffClassNum":0,
			"keyAPISameClass":[
				{
					"trace":[
						"<android.app.FragmentBreadCrumbs: void setMaxVisible(int)>"
					],
					"depth":0,
					"method":"<android.app.FragmentBreadCrumbs: void setMaxVisible(int)>",
					"source":"CALLER"
				}
			],
			"keyAPIDiffClass":[],
			"callerOfSingnlar2SourceVar":{
				"<android.app.FragmentBreadCrumbs: void setMaxVisible(int)>":"0"
			}
		}
	]
}