{
	"exceptions":[
		{
			"method":"<android.app.timezone.Utils: int validateVersion(java.lang.String,int)>",
			"message":"\\QInvalid \\E[\\s\\S]*\\Q version=\\E[\\s\\S]*",
			"relatedVarType":"Parameter",
			"relatedCondType":"Basic",
			"modifier":"default",
			"type":"java.lang.IllegalArgumentException",
			"osVersionRelated":false,
			"resourceRelated":false,
			"assessRelated":false,
			"hardwareRelated":false,
			"manifestRelated":false,
			"conditions":"i0 < 0, i0 <= 999",
			"paramValues":"@parameter1: int",
			"relatedValues":"@parameter1: int; ; ",
			"keyAPISameClassNum":0,
			"keyAPIDiffClassNum":0,
			"keyAPISameClass":[
				{
					"trace":[
						"<android.app.timezone.Utils: int validateVersion(java.lang.String,int)>"
					],
					"depth":0,
					"method":"<android.app.timezone.Utils: int validateVersion(java.lang.String,int)>",
					"source":"CALLER"
				}
			],
			"keyAPIDiffClass":[
				{
					"trace":[
						"<android.app.timezone.DistroFormatVersion: void <init>(int,int)>",
						"<android.app.timezone.Utils: int validateVersion(java.lang.String,int)>"
					],
					"depth":1,
					"method":"<android.app.timezone.DistroFormatVersion: void <init>(int,int)>",
					"source":"CALLER"
				},
				{
					"trace":[
						"<android.app.timezone.DistroRulesVersion: void <init>(java.lang.String,int)>",
						"<android.app.timezone.Utils: int validateVersion(java.lang.String,int)>"
					],
					"depth":1,
					"method":"<android.app.timezone.DistroRulesVersion: void <init>(java.lang.String,int)>",
					"source":"CALLER"
				},
				{
					"trace":[
						"<android.app.timezone.DistroFormatVersion$1: android.app.timezone.DistroFormatVersion createFromParcel(android.os.Parcel)>",
						"<android.app.timezone.DistroFormatVersion: void <init>(int,int)>",
						"<android.app.timezone.Utils: int validateVersion(java.lang.String,int)>"
					],
					"depth":2,
					"method":"<android.app.timezone.DistroFormatVersion$1: android.app.timezone.DistroFormatVersion createFromParcel(android.os.Parcel)>",
					"source":"CALLER"
				},
				{
					"trace":[
						"<android.os.Parcelable$Creator: java.lang.Object createFromParcel(android.os.Parcel)>",
						"<android.app.timezone.DistroFormatVersion: void <init>(int,int)>",
						"<android.app.timezone.Utils: int validateVersion(java.lang.String,int)>"
					],
					"depth":2,
					"method":"<android.os.Parcelable$Creator: java.lang.Object createFromParcel(android.os.Parcel)>",
					"source":"CALLER"
				},
				{
					"trace":[
						"<android.app.timezone.DistroRulesVersion$1: android.app.timezone.DistroRulesVersion createFromParcel(android.os.Parcel)>",
						"<android.app.timezone.DistroRulesVersion: void <init>(java.lang.String,int)>",
						"<android.app.timezone.Utils: int validateVersion(java.lang.String,int)>"
					],
					"depth":2,
					"method":"<android.app.timezone.DistroRulesVersion$1: android.app.timezone.DistroRulesVersion createFromParcel(android.os.Parcel)>",
					"source":"CALLER"
				},
				{
					"trace":[
						"<android.app.timezone.DistroFormatVersion$1: java.lang.Object createFromParcel(android.os.Parcel)>",
						"<android.app.timezone.DistroFormatVersion$1: android.app.timezone.DistroFormatVersion createFromParcel(android.os.Parcel)>",
						"<android.app.timezone.DistroFormatVersion: void <init>(int,int)>",
						"<android.app.timezone.Utils: int validateVersion(java.lang.String,int)>"
					],
					"depth":3,
					"method":"<android.app.timezone.DistroFormatVersion$1: java.lang.Object createFromParcel(android.os.Parcel)>",
					"source":"CALLER"
				},
				{
					"trace":[
						"<android.app.timezone.DistroRulesVersion$1: java.lang.Object createFromParcel(android.os.Parcel)>",
						"<android.app.timezone.DistroRulesVersion$1: android.app.timezone.DistroRulesVersion createFromParcel(android.os.Parcel)>",
						"<android.app.timezone.DistroRulesVersion: void <init>(java.lang.String,int)>",
						"<android.app.timezone.Utils: int validateVersion(java.lang.String,int)>"
					],
					"depth":3,
					"method":"<android.app.timezone.DistroRulesVersion$1: java.lang.Object createFromParcel(android.os.Parcel)>",
					"source":"CALLER"
				}
			],
			"callerOfSingnlar2SourceVar":{
				"<android.app.timezone.DistroRulesVersion: void <init>(java.lang.String,int)>":"1",
				"<android.app.timezone.Utils: int validateVersion(java.lang.String,int)>":"1",
				"<android.app.timezone.DistroFormatVersion: void <init>(int,int)>":"0, 1"
			}
		},
		{
			"method":"<android.app.timezone.Utils: java.lang.String validateRulesVersion(java.lang.String,java.lang.String)>",
			"message":"[\\s\\S]*\\Q must not be empty\\E",
			"relatedVarType":"Parameter",
			"relatedCondType":"Basic",
			"modifier":"default",
			"type":"java.lang.IllegalArgumentException",
			"osVersionRelated":false,
			"resourceRelated":false,
			"assessRelated":false,
			"hardwareRelated":false,
			"manifestRelated":false,
			"conditions":"$z0 == 0",
			"paramValues":"@parameter1: java.lang.String",
			"relatedValues":"@parameter1: java.lang.String; ; ",
			"keyAPISameClassNum":0,
			"keyAPIDiffClassNum":0,
			"keyAPISameClass":[
				{
					"trace":[
						"<android.app.timezone.Utils: java.lang.String validateRulesVersion(java.lang.String,java.lang.String)>"
					],
					"depth":0,
					"method":"<android.app.timezone.Utils: java.lang.String validateRulesVersion(java.lang.String,java.lang.String)>",
					"source":"CALLER"
				}
			],
			"keyAPIDiffClass":[
				{
					"trace":[
						"<android.app.timezone.DistroRulesVersion: void <init>(java.lang.String,int)>",
						"<android.app.timezone.Utils: java.lang.String validateRulesVersion(java.lang.String,java.lang.String)>"
					],
					"depth":1,
					"method":"<android.app.timezone.DistroRulesVersion: void <init>(java.lang.String,int)>",
					"source":"CALLER"
				},
				{
					"trace":[
						"<android.app.timezone.RulesState: void <init>(java.lang.String,android.app.timezone.DistroFormatVersion,boolean,int,android.app.timezone.DistroRulesVersion,int,android.app.timezone.DistroRulesVersion)>",
						"<android.app.timezone.Utils: java.lang.String validateRulesVersion(java.lang.String,java.lang.String)>"
					],
					"depth":1,
					"method":"<android.app.timezone.RulesState: void <init>(java.lang.String,android.app.timezone.DistroFormatVersion,boolean,int,android.app.timezone.DistroRulesVersion,int,android.app.timezone.DistroRulesVersion)>",
					"source":"CALLER"
				},
				{
					"trace":[
						"<android.app.timezone.DistroRulesVersion$1: android.app.timezone.DistroRulesVersion createFromParcel(android.os.Parcel)>",
						"<android.app.timezone.DistroRulesVersion: void <init>(java.lang.String,int)>",
						"<android.app.timezone.Utils: java.lang.String validateRulesVersion(java.lang.String,java.lang.String)>"
					],
					"depth":2,
					"method":"<android.app.timezone.DistroRulesVersion$1: android.app.timezone.DistroRulesVersion createFromParcel(android.os.Parcel)>",
					"source":"CALLER"
				},
				{
					"trace":[
						"<android.os.Parcelable$Creator: java.lang.Object createFromParcel(android.os.Parcel)>",
						"<android.app.timezone.DistroRulesVersion: void <init>(java.lang.String,int)>",
						"<android.app.timezone.Utils: java.lang.String validateRulesVersion(java.lang.String,java.lang.String)>"
					],
					"depth":2,
					"method":"<android.os.Parcelable$Creator: java.lang.Object createFromParcel(android.os.Parcel)>",
					"source":"CALLER"
				},
				{
					"trace":[
						"<android.app.timezone.DistroRulesVersion$1: java.lang.Object createFromParcel(android.os.Parcel)>",
						"<android.app.timezone.DistroRulesVersion$1: android.app.timezone.DistroRulesVersion createFromParcel(android.os.Parcel)>",
						"<android.app.timezone.DistroRulesVersion: void <init>(java.lang.String,int)>",
						"<android.app.timezone.Utils: java.lang.String validateRulesVersion(java.lang.String,java.lang.String)>"
					],
					"depth":3,
					"method":"<android.app.timezone.DistroRulesVersion$1: java.lang.Object createFromParcel(android.os.Parcel)>",
					"source":"CALLER"
				},
				{
					"trace":[
						"<android.app.timezone.RulesState$1: android.app.timezone.RulesState createFromParcel(android.os.Parcel)>",
						"<android.app.timezone.RulesState: android.app.timezone.RulesState access$000(android.os.Parcel)>",
						"<android.app.timezone.RulesState: android.app.timezone.RulesState createFromParcel(android.os.Parcel)>",
						"<android.app.timezone.RulesState: void <init>(java.lang.String,android.app.timezone.DistroFormatVersion,boolean,int,android.app.timezone.DistroRulesVersion,int,android.app.timezone.DistroRulesVersion)>",
						"<android.app.timezone.Utils: java.lang.String validateRulesVersion(java.lang.String,java.lang.String)>"
					],
					"depth":4,
					"method":"<android.app.timezone.RulesState$1: android.app.timezone.RulesState createFromParcel(android.os.Parcel)>",
					"source":"CALLER"
				},
				{
					"trace":[
						"<android.app.timezone.RulesState$1: java.lang.Object createFromParcel(android.os.Parcel)>",
						"<android.app.timezone.RulesState$1: android.app.timezone.RulesState createFromParcel(android.os.Parcel)>",
						"<android.app.timezone.RulesState: android.app.timezone.RulesState access$000(android.os.Parcel)>",
						"<android.app.timezone.RulesState: android.app.timezone.RulesState createFromParcel(android.os.Parcel)>",
						"<android.app.timezone.RulesState: void <init>(java.lang.String,android.app.timezone.DistroFormatVersion,boolean,int,android.app.timezone.DistroRulesVersion,int,android.app.timezone.DistroRulesVersion)>",
						"<android.app.timezone.Utils: java.lang.String validateRulesVersion(java.lang.String,java.lang.String)>"
					],
					"depth":5,
					"method":"<android.app.timezone.RulesState$1: java.lang.Object createFromParcel(android.os.Parcel)>",
					"source":"CALLER"
				}
			],
			"callerOfSingnlar2SourceVar":{
				"<android.app.timezone.DistroRulesVersion: void <init>(java.lang.String,int)>":"0",
				"<android.app.timezone.Utils: java.lang.String validateRulesVersion(java.lang.String,java.lang.String)>":"1",
				"<android.app.timezone.RulesState: void <init>(java.lang.String,android.app.timezone.DistroFormatVersion,boolean,int,android.app.timezone.DistroRulesVersion,int,android.app.timezone.DistroRulesVersion)>":"0"
			}
		},
		{
			"method":"<android.app.timezone.Utils: java.lang.Object validateNotNull(java.lang.String,java.lang.Object)>",
			"message":"[\\s\\S]*\\Q == null\\E",
			"relatedVarType":"Parameter",
			"relatedCondType":"Basic",
			"modifier":"default",
			"type":"java.lang.NullPointerException",
			"osVersionRelated":false,
			"resourceRelated":false,
			"assessRelated":false,
			"hardwareRelated":false,
			"manifestRelated":false,
			"conditions":"r0 != null",
			"paramValues":"@parameter1: java.lang.Object",
			"relatedValues":"@parameter1: java.lang.Object; ; ",
			"keyAPISameClassNum":0,
			"keyAPIDiffClassNum":0,
			"keyAPISameClass":[
				{
					"trace":[
						"<android.app.timezone.Utils: java.lang.Object validateNotNull(java.lang.String,java.lang.Object)>"
					],
					"depth":0,
					"method":"<android.app.timezone.Utils: java.lang.Object validateNotNull(java.lang.String,java.lang.Object)>",
					"source":"CALLER"
				}
			],
			"keyAPIDiffClass":[
				{
					"trace":[
						"<android.app.timezone.DistroRulesVersion: void <init>(java.lang.String,int)>",
						"<android.app.timezone.Utils: java.lang.String validateRulesVersion(java.lang.String,java.lang.String)>",
						"<android.app.timezone.Utils: java.lang.Object validateNotNull(java.lang.String,java.lang.Object)>"
					],
					"depth":2,
					"method":"<android.app.timezone.DistroRulesVersion: void <init>(java.lang.String,int)>",
					"source":"CALLER"
				},
				{
					"trace":[
						"<android.app.timezone.RulesState: void <init>(java.lang.String,android.app.timezone.DistroFormatVersion,boolean,int,android.app.timezone.DistroRulesVersion,int,android.app.timezone.DistroRulesVersion)>",
						"<android.app.timezone.Utils: java.lang.String validateRulesVersion(java.lang.String,java.lang.String)>",
						"<android.app.timezone.Utils: java.lang.Object validateNotNull(java.lang.String,java.lang.Object)>"
					],
					"depth":2,
					"method":"<android.app.timezone.RulesState: void <init>(java.lang.String,android.app.timezone.DistroFormatVersion,boolean,int,android.app.timezone.DistroRulesVersion,int,android.app.timezone.DistroRulesVersion)>",
					"source":"CALLER"
				},
				{
					"trace":[
						"<android.app.timezone.DistroRulesVersion$1: android.app.timezone.DistroRulesVersion createFromParcel(android.os.Parcel)>",
						"<android.app.timezone.DistroRulesVersion: void <init>(java.lang.String,int)>",
						"<android.app.timezone.Utils: java.lang.String validateRulesVersion(java.lang.String,java.lang.String)>",
						"<android.app.timezone.Utils: java.lang.Object validateNotNull(java.lang.String,java.lang.Object)>"
					],
					"depth":3,
					"method":"<android.app.timezone.DistroRulesVersion$1: android.app.timezone.DistroRulesVersion createFromParcel(android.os.Parcel)>",
					"source":"CALLER"
				},
				{
					"trace":[
						"<android.os.Parcelable$Creator: java.lang.Object createFromParcel(android.os.Parcel)>",
						"<android.app.timezone.DistroRulesVersion: void <init>(java.lang.String,int)>",
						"<android.app.timezone.Utils: java.lang.String validateRulesVersion(java.lang.String,java.lang.String)>",
						"<android.app.timezone.Utils: java.lang.Object validateNotNull(java.lang.String,java.lang.Object)>"
					],
					"depth":3,
					"method":"<android.os.Parcelable$Creator: java.lang.Object createFromParcel(android.os.Parcel)>",
					"source":"CALLER"
				},
				{
					"trace":[
						"<android.app.timezone.DistroRulesVersion$1: java.lang.Object createFromParcel(android.os.Parcel)>",
						"<android.app.timezone.DistroRulesVersion$1: android.app.timezone.DistroRulesVersion createFromParcel(android.os.Parcel)>",
						"<android.app.timezone.DistroRulesVersion: void <init>(java.lang.String,int)>",
						"<android.app.timezone.Utils: java.lang.String validateRulesVersion(java.lang.String,java.lang.String)>",
						"<android.app.timezone.Utils: java.lang.Object validateNotNull(java.lang.String,java.lang.Object)>"
					],
					"depth":4,
					"method":"<android.app.timezone.DistroRulesVersion$1: java.lang.Object createFromParcel(android.os.Parcel)>",
					"source":"CALLER"
				},
				{
					"trace":[
						"<android.app.timezone.RulesState$1: android.app.timezone.RulesState createFromParcel(android.os.Parcel)>",
						"<android.app.timezone.RulesState: android.app.timezone.RulesState access$000(android.os.Parcel)>",
						"<android.app.timezone.RulesState: android.app.timezone.RulesState createFromParcel(android.os.Parcel)>",
						"<android.app.timezone.RulesState: void <init>(java.lang.String,android.app.timezone.DistroFormatVersion,boolean,int,android.app.timezone.DistroRulesVersion,int,android.app.timezone.DistroRulesVersion)>",
						"<android.app.timezone.Utils: java.lang.String validateRulesVersion(java.lang.String,java.lang.String)>",
						"<android.app.timezone.Utils: java.lang.Object validateNotNull(java.lang.String,java.lang.Object)>"
					],
					"depth":5,
					"method":"<android.app.timezone.RulesState$1: android.app.timezone.RulesState createFromParcel(android.os.Parcel)>",
					"source":"CALLER"
				},
				{
					"trace":[
						"<android.app.timezone.RulesState$1: java.lang.Object createFromParcel(android.os.Parcel)>",
						"<android.app.timezone.RulesState$1: android.app.timezone.RulesState createFromParcel(android.os.Parcel)>",
						"<android.app.timezone.RulesState: android.app.timezone.RulesState access$000(android.os.Parcel)>",
						"<android.app.timezone.RulesState: android.app.timezone.RulesState createFromParcel(android.os.Parcel)>",
						"<android.app.timezone.RulesState: void <init>(java.lang.String,android.app.timezone.DistroFormatVersion,boolean,int,android.app.timezone.DistroRulesVersion,int,android.app.timezone.DistroRulesVersion)>",
						"<android.app.timezone.Utils: java.lang.String validateRulesVersion(java.lang.String,java.lang.String)>",
						"<android.app.timezone.Utils: java.lang.Object validateNotNull(java.lang.String,java.lang.Object)>"
					],
					"depth":6,
					"method":"<android.app.timezone.RulesState$1: java.lang.Object createFromParcel(android.os.Parcel)>",
					"source":"CALLER"
				}
			],
			"callerOfSingnlar2SourceVar":{
				"<android.app.timezone.DistroRulesVersion: void <init>(java.lang.String,int)>":"0",
				"<android.app.timezone.Utils: java.lang.Object validateNotNull(java.lang.String,java.lang.Object)>":"1",
				"<android.app.timezone.Utils: java.lang.Object validateConditionalNull(boolean,java.lang.String,java.lang.Object)>":"2",
				"<android.app.timezone.Utils: java.lang.String validateRulesVersion(java.lang.String,java.lang.String)>":"1",
				"<android.app.timezone.RulesState: void <init>(java.lang.String,android.app.timezone.DistroFormatVersion,boolean,int,android.app.timezone.DistroRulesVersion,int,android.app.timezone.DistroRulesVersion)>":"0, 4, 6, 1"
			}
		},
		{
			"method":"<android.app.timezone.Utils: java.lang.Object validateNull(java.lang.String,java.lang.Object)>",
			"message":"[\\s\\S]*\\Q != null\\E",
			"relatedVarType":"Parameter",
			"relatedCondType":"Basic",
			"modifier":"default",
			"type":"java.lang.IllegalArgumentException",
			"osVersionRelated":false,
			"resourceRelated":false,
			"assessRelated":false,
			"hardwareRelated":false,
			"manifestRelated":false,
			"conditions":"r0 == null",
			"paramValues":"@parameter1: java.lang.Object",
			"relatedValues":"@parameter1: java.lang.Object; ; ",
			"keyAPISameClassNum":0,
			"keyAPIDiffClassNum":0,
			"keyAPISameClass":[
				{
					"trace":[
						"<android.app.timezone.Utils: java.lang.Object validateNull(java.lang.String,java.lang.Object)>"
					],
					"depth":0,
					"method":"<android.app.timezone.Utils: java.lang.Object validateNull(java.lang.String,java.lang.Object)>",
					"source":"CALLER"
				}
			],
			"keyAPIDiffClass":[
				{
					"trace":[
						"<android.app.timezone.RulesState: void <init>(java.lang.String,android.app.timezone.DistroFormatVersion,boolean,int,android.app.timezone.DistroRulesVersion,int,android.app.timezone.DistroRulesVersion)>",
						"<android.app.timezone.Utils: java.lang.Object validateConditionalNull(boolean,java.lang.String,java.lang.Object)>",
						"<android.app.timezone.Utils: java.lang.Object validateNull(java.lang.String,java.lang.Object)>"
					],
					"depth":2,
					"method":"<android.app.timezone.RulesState: void <init>(java.lang.String,android.app.timezone.DistroFormatVersion,boolean,int,android.app.timezone.DistroRulesVersion,int,android.app.timezone.DistroRulesVersion)>",
					"source":"CALLER"
				},
				{
					"trace":[
						"<android.app.timezone.RulesState$1: android.app.timezone.RulesState createFromParcel(android.os.Parcel)>",
						"<android.app.timezone.RulesState: android.app.timezone.RulesState access$000(android.os.Parcel)>",
						"<android.app.timezone.RulesState: android.app.timezone.RulesState createFromParcel(android.os.Parcel)>",
						"<android.app.timezone.RulesState: void <init>(java.lang.String,android.app.timezone.DistroFormatVersion,boolean,int,android.app.timezone.DistroRulesVersion,int,android.app.timezone.DistroRulesVersion)>",
						"<android.app.timezone.Utils: java.lang.Object validateConditionalNull(boolean,java.lang.String,java.lang.Object)>",
						"<android.app.timezone.Utils: java.lang.Object validateNull(java.lang.String,java.lang.Object)>"
					],
					"depth":5,
					"method":"<android.app.timezone.RulesState$1: android.app.timezone.RulesState createFromParcel(android.os.Parcel)>",
					"source":"CALLER"
				},
				{
					"trace":[
						"<android.os.Parcelable$Creator: java.lang.Object createFromParcel(android.os.Parcel)>",
						"<android.app.timezone.RulesState: android.app.timezone.RulesState access$000(android.os.Parcel)>",
						"<android.app.timezone.RulesState: android.app.timezone.RulesState createFromParcel(android.os.Parcel)>",
						"<android.app.timezone.RulesState: void <init>(java.lang.String,android.app.timezone.DistroFormatVersion,boolean,int,android.app.timezone.DistroRulesVersion,int,android.app.timezone.DistroRulesVersion)>",
						"<android.app.timezone.Utils: java.lang.Object validateConditionalNull(boolean,java.lang.String,java.lang.Object)>",
						"<android.app.timezone.Utils: java.lang.Object validateNull(java.lang.String,java.lang.Object)>"
					],
					"depth":5,
					"method":"<android.os.Parcelable$Creator: java.lang.Object createFromParcel(android.os.Parcel)>",
					"source":"CALLER"
				},
				{
					"trace":[
						"<android.app.timezone.RulesState$1: java.lang.Object createFromParcel(android.os.Parcel)>",
						"<android.app.timezone.RulesState$1: android.app.timezone.RulesState createFromParcel(android.os.Parcel)>",
						"<android.app.timezone.RulesState: android.app.timezone.RulesState access$000(android.os.Parcel)>",
						"<android.app.timezone.RulesState: android.app.timezone.RulesState createFromParcel(android.os.Parcel)>",
						"<android.app.timezone.RulesState: void <init>(java.lang.String,android.app.timezone.DistroFormatVersion,boolean,int,android.app.timezone.DistroRulesVersion,int,android.app.timezone.DistroRulesVersion)>",
						"<android.app.timezone.Utils: java.lang.Object validateConditionalNull(boolean,java.lang.String,java.lang.Object)>",
						"<android.app.timezone.Utils: java.lang.Object validateNull(java.lang.String,java.lang.Object)>"
					],
					"depth":6,
					"method":"<android.app.timezone.RulesState$1: java.lang.Object createFromParcel(android.os.Parcel)>",
					"source":"CALLER"
				}
			],
			"callerOfSingnlar2SourceVar":{
				"<android.app.timezone.Utils: java.lang.Object validateConditionalNull(boolean,java.lang.String,java.lang.Object)>":"2",
				"<android.app.timezone.RulesState: void <init>(java.lang.String,android.app.timezone.DistroFormatVersion,boolean,int,android.app.timezone.DistroRulesVersion,int,android.app.timezone.DistroRulesVersion)>":"4, 6",
				"<android.app.timezone.Utils: java.lang.Object validateNull(java.lang.String,java.lang.Object)>":"1"
			}
		}
	]
}