{
	"exceptions":[
		{
			"method":"<android.filterfw.io.TextGraphReader$AllocateFilterCommand: void execute(android.filterfw.io.TextGraphReader)>",
			"message":"",
			"relatedVarType":"Unknown",
			"relatedCondType":"Empty",
			"modifier":"public",
			"type":"android.filterfw.io.GraphIOException",
			"osVersionRelated":false,
			"resourceRelated":false,
			"assessRelated":false,
			"hardwareRelated":false,
			"manifestRelated":false,
			"caughtValues":"@caughtexception",
			"relatedValues":"; ; @caughtexception",
			"keyAPISameClassNum":0,
			"keyAPIDiffClassNum":0,
			"keyAPISameClass":[],
			"keyAPIDiffClass":[],
			"callerOfSingnlar2SourceVar":{}
		}
	]
}