{
	"exceptions":[
		{
			"method":"<android.filterpacks.base.CallbackFilter: void process(android.filterfw.core.FilterContext)>",
			"message":"\\QUnable to send callback to UI thread!\\E",
			"relatedVarType":"Field",
			"relatedCondType":"Basic",
			"modifier":"public",
			"type":"java.lang.RuntimeException",
			"osVersionRelated":false,
			"resourceRelated":false,
			"assessRelated":false,
			"hardwareRelated":false,
			"manifestRelated":false,
			"conditions":"$z1 != 0, $z0 == 0, $r2 == null",
			"fieldValues":"<android.filterpacks.base.CallbackFilter: boolean mCallbacksOnUiThread>, <android.filterpacks.base.CallbackFilter: android.filterfw.core.FilterContext$OnFrameReceivedListener mListener>",
			"relatedValues":"; <android.filterpacks.base.CallbackFilter: boolean mCallbacksOnUiThread>, <android.filterpacks.base.CallbackFilter: android.filterfw.core.FilterContext$OnFrameReceivedListener mListener>; ",
			"keyAPISameClassNum":2,
			"keyAPIDiffClassNum":0,
			"keyAPISameClass":[
				{
					"trace":[
						"<android.filterpacks.base.CallbackFilter: void process(android.filterfw.core.FilterContext)>"
					],
					"depth":1,
					"method":"<android.filterpacks.base.CallbackFilter: void <init>(java.lang.String)>",
					"source":"FIELD"
				},
				{
					"trace":[
						"<android.filterpacks.base.CallbackFilter: void process(android.filterfw.core.FilterContext)>"
					],
					"depth":1,
					"method":"<android.filterpacks.base.CallbackFilter: void process(android.filterfw.core.FilterContext)>",
					"source":"FIELD"
				}
			],
			"keyAPIDiffClass":[],
			"callerOfSingnlar2SourceVar":{}
		},
		{
			"method":"<android.filterpacks.base.CallbackFilter: void process(android.filterfw.core.FilterContext)>",
			"message":"\\QCallbackFilter received frame, but no listener set!\\E",
			"relatedVarType":"Field",
			"relatedCondType":"Basic",
			"modifier":"public",
			"type":"java.lang.RuntimeException",
			"osVersionRelated":false,
			"resourceRelated":false,
			"assessRelated":false,
			"hardwareRelated":false,
			"manifestRelated":false,
			"conditions":"$r2 == null",
			"fieldValues":"<android.filterpacks.base.CallbackFilter: android.filterfw.core.FilterContext$OnFrameReceivedListener mListener>",
			"relatedValues":"; <android.filterpacks.base.CallbackFilter: android.filterfw.core.FilterContext$OnFrameReceivedListener mListener>; ",
			"keyAPISameClassNum":1,
			"keyAPIDiffClassNum":0,
			"keyAPISameClass":[
				{
					"trace":[
						"<android.filterpacks.base.CallbackFilter: void process(android.filterfw.core.FilterContext)>"
					],
					"depth":1,
					"method":"<android.filterpacks.base.CallbackFilter: void process(android.filterfw.core.FilterContext)>",
					"source":"FIELD"
				}
			],
			"keyAPIDiffClass":[],
			"callerOfSingnlar2SourceVar":{}
		}
	]
}