{
	"exceptions":[
		{
			"method":"<android.app.VoiceInteractor$Request: void cancel()>",
			"message":"\\QRequest \\E[\\s\\S]*\\Q is no longer active\\E",
			"relatedVarType":"Field",
			"relatedCondType":"Basic",
			"modifier":"public",
			"type":"java.lang.IllegalStateException",
			"osVersionRelated":false,
			"resourceRelated":false,
			"assessRelated":false,
			"hardwareRelated":false,
			"manifestRelated":false,
			"conditions":"$r1 != null",
			"fieldValues":"<android.app.VoiceInteractor$Request: com.android.internal.app.IVoiceInteractorRequest mRequestInterface>",
			"relatedValues":"; <android.app.VoiceInteractor$Request: com.android.internal.app.IVoiceInteractorRequest mRequestInterface>; ",
			"keyAPISameClassNum":1,
			"keyAPIDiffClassNum":57,
			"keyAPISameClass":[
				{
					"trace":[
						"<android.app.VoiceInteractor$Request: void cancel()>"
					],
					"depth":1,
					"method":"<android.app.VoiceInteractor$Request: void cancel()>",
					"source":"FIELD"
				}
			],
			"keyAPIDiffClass":[
				{
					"trace":[
						"<android.app.VoiceInteractor$1: void executeMessage(android.os.Message)>",
						"<android.app.VoiceInteractor$Request: void clear()>",
						"key field: <android.app.VoiceInteractor$Request: com.android.internal.app.IVoiceInteractorRequest mRequestInterface>",
						"<android.app.VoiceInteractor$Request: void cancel()>"
					],
					"depth":2,
					"method":"<android.app.VoiceInteractor$1: void executeMessage(android.os.Message)>",
					"source":"FIELDCALLER"
				},
				{
					"trace":[
						"<com.android.internal.os.HandlerCaller$Callback: void executeMessage(android.os.Message)>",
						"<android.app.VoiceInteractor$Request: void clear()>",
						"key field: <android.app.VoiceInteractor$Request: com.android.internal.app.IVoiceInteractorRequest mRequestInterface>",
						"<android.app.VoiceInteractor$Request: void cancel()>"
					],
					"depth":2,
					"method":"<com.android.internal.os.HandlerCaller$Callback: void executeMessage(android.os.Message)>",
					"source":"FIELDCALLER"
				},
				{
					"trace":[
						"<android.app.Instrumentation: void callActivityOnDestroy(android.app.Activity)>",
						"<android.app.Activity: void performDestroy()>",
						"<android.app.VoiceInteractor: void detachActivity()>",
						"<android.app.VoiceInteractor$Request: void cancel()>",
						"key field: <android.app.VoiceInteractor$Request: com.android.internal.app.IVoiceInteractorRequest mRequestInterface>",
						"<android.app.VoiceInteractor$Request: void cancel()>"
					],
					"depth":4,
					"method":"<android.app.Instrumentation: void callActivityOnDestroy(android.app.Activity)>",
					"source":"FIELDCALLER"
				},
				{
					"trace":[
						"<android.app.Activity: void dump(java.lang.String,java.io.FileDescriptor,java.io.PrintWriter,java.lang.String[])>",
						"<android.app.Activity: void dumpInner(java.lang.String,java.io.FileDescriptor,java.io.PrintWriter,java.lang.String[])>",
						"<android.app.VoiceInteractor: void dump(java.lang.String,java.io.FileDescriptor,java.io.PrintWriter,java.lang.String[])>",
						"<android.app.VoiceInteractor$Request: void dump(java.lang.String,java.io.FileDescriptor,java.io.PrintWriter,java.lang.String[])>",
						"key field: <android.app.VoiceInteractor$Request: com.android.internal.app.IVoiceInteractorRequest mRequestInterface>",
						"<android.app.VoiceInteractor$Request: void cancel()>"
					],
					"depth":4,
					"method":"<android.app.Activity: void dump(java.lang.String,java.io.FileDescriptor,java.io.PrintWriter,java.lang.String[])>",
					"source":"FIELDCALLER"
				},
				{
					"trace":[
						"<android.app.ActivityThread$H: void handleMessage(android.os.Message)>",
						"<android.app.ActivityThread: void access$2900(android.app.ActivityThread,android.os.IBinder,com.android.internal.app.IVoiceInteractor)>",
						"<android.app.ActivityThread: void handleLocalVoiceInteractionStarted(android.os.IBinder,com.android.internal.app.IVoiceInteractor)>",
						"<android.app.Activity: void setVoiceInteractor(com.android.internal.app.IVoiceInteractor)>",
						"<android.app.VoiceInteractor$Request: void cancel()>",
						"key field: <android.app.VoiceInteractor$Request: com.android.internal.app.IVoiceInteractorRequest mRequestInterface>",
						"<android.app.VoiceInteractor$Request: void cancel()>"
					],
					"depth":5,
					"method":"<android.app.ActivityThread$H: void handleMessage(android.os.Message)>",
					"source":"FIELDCALLER"
				},
				{
					"trace":[
						"<android.app.Activity$HostCallbacks: void onDump(java.lang.String,java.io.FileDescriptor,java.io.PrintWriter,java.lang.String[])>",
						"<android.app.Activity: void dump(java.lang.String,java.io.FileDescriptor,java.io.PrintWriter,java.lang.String[])>",
						"<android.app.Activity: void dumpInner(java.lang.String,java.io.FileDescriptor,java.io.PrintWriter,java.lang.String[])>",
						"<android.app.VoiceInteractor: void dump(java.lang.String,java.io.FileDescriptor,java.io.PrintWriter,java.lang.String[])>",
						"<android.app.VoiceInteractor$Request: void dump(java.lang.String,java.io.FileDescriptor,java.io.PrintWriter,java.lang.String[])>",
						"key field: <android.app.VoiceInteractor$Request: com.android.internal.app.IVoiceInteractorRequest mRequestInterface>",
						"<android.app.VoiceInteractor$Request: void cancel()>"
					],
					"depth":5,
					"method":"<android.app.Activity$HostCallbacks: void onDump(java.lang.String,java.io.FileDescriptor,java.io.PrintWriter,java.lang.String[])>",
					"source":"FIELDCALLER"
				},
				{
					"trace":[
						"<android.app.QueuedWork: void queue(java.lang.Runnable,boolean)>",
						"<android.app.ActivityThread$H: void handleMessage(android.os.Message)>",
						"<android.app.ActivityThread: void access$2900(android.app.ActivityThread,android.os.IBinder,com.android.internal.app.IVoiceInteractor)>",
						"<android.app.ActivityThread: void handleLocalVoiceInteractionStarted(android.os.IBinder,com.android.internal.app.IVoiceInteractor)>",
						"<android.app.Activity: void setVoiceInteractor(com.android.internal.app.IVoiceInteractor)>",
						"<android.app.VoiceInteractor$Request: void cancel()>",
						"key field: <android.app.VoiceInteractor$Request: com.android.internal.app.IVoiceInteractorRequest mRequestInterface>",
						"<android.app.VoiceInteractor$Request: void cancel()>"
					],
					"depth":6,
					"method":"<android.app.QueuedWork: void queue(java.lang.Runnable,boolean)>",
					"source":"FIELDCALLER"
				},
				{
					"trace":[
						"<android.hardware.camera2.legacy.RequestThreadManager$5: boolean handleMessage(android.os.Message)>",
						"<android.app.ActivityThread$H: void handleMessage(android.os.Message)>",
						"<android.app.ActivityThread: void access$2900(android.app.ActivityThread,android.os.IBinder,com.android.internal.app.IVoiceInteractor)>",
						"<android.app.ActivityThread: void handleLocalVoiceInteractionStarted(android.os.IBinder,com.android.internal.app.IVoiceInteractor)>",
						"<android.app.Activity: void setVoiceInteractor(com.android.internal.app.IVoiceInteractor)>",
						"<android.app.VoiceInteractor$Request: void cancel()>",
						"key field: <android.app.VoiceInteractor$Request: com.android.internal.app.IVoiceInteractorRequest mRequestInterface>",
						"<android.app.VoiceInteractor$Request: void cancel()>"
					],
					"depth":6,
					"method":"<android.hardware.camera2.legacy.RequestThreadManager$5: boolean handleMessage(android.os.Message)>",
					"source":"FIELDCALLER"
				},
				{
					"trace":[
						"<android.os.Handler$Callback: boolean handleMessage(android.os.Message)>",
						"<android.app.ActivityThread$H: void handleMessage(android.os.Message)>",
						"<android.app.ActivityThread: void access$2900(android.app.ActivityThread,android.os.IBinder,com.android.internal.app.IVoiceInteractor)>",
						"<android.app.ActivityThread: void handleLocalVoiceInteractionStarted(android.os.IBinder,com.android.internal.app.IVoiceInteractor)>",
						"<android.app.Activity: void setVoiceInteractor(com.android.internal.app.IVoiceInteractor)>",
						"<android.app.VoiceInteractor$Request: void cancel()>",
						"key field: <android.app.VoiceInteractor$Request: com.android.internal.app.IVoiceInteractorRequest mRequestInterface>",
						"<android.app.VoiceInteractor$Request: void cancel()>"
					],
					"depth":6,
					"method":"<android.os.Handler$Callback: boolean handleMessage(android.os.Message)>",
					"source":"FIELDCALLER"
				},
				{
					"trace":[
						"<android.widget.RemoteViewsAdapter$RemoteServiceHandler: void handleMessage(android.os.Message)>",
						"<android.app.ActivityThread$H: void handleMessage(android.os.Message)>",
						"<android.app.ActivityThread: void access$2900(android.app.ActivityThread,android.os.IBinder,com.android.internal.app.IVoiceInteractor)>",
						"<android.app.ActivityThread: void handleLocalVoiceInteractionStarted(android.os.IBinder,com.android.internal.app.IVoiceInteractor)>",
						"<android.app.Activity: void setVoiceInteractor(com.android.internal.app.IVoiceInteractor)>",
						"<android.app.VoiceInteractor$Request: void cancel()>",
						"key field: <android.app.VoiceInteractor$Request: com.android.internal.app.IVoiceInteractorRequest mRequestInterface>",
						"<android.app.VoiceInteractor$Request: void cancel()>"
					],
					"depth":6,
					"method":"<android.widget.RemoteViewsAdapter$RemoteServiceHandler: void handleMessage(android.os.Message)>",
					"source":"FIELDCALLER"
				},
				{
					"trace":[
						"<android.app.ClientTransactionHandler: void handleDestroyActivity(android.os.IBinder,boolean,int,boolean,java.lang.String)>",
						"<android.app.ActivityThread: android.app.ActivityThread$ActivityClientRecord performDestroyActivity(android.os.IBinder,boolean,int,boolean,java.lang.String)>",
						"<android.app.Instrumentation: void callActivityOnDestroy(android.app.Activity)>",
						"<android.app.Activity: void performDestroy()>",
						"<android.app.VoiceInteractor: void detachActivity()>",
						"<android.app.VoiceInteractor$Request: void cancel()>",
						"key field: <android.app.VoiceInteractor$Request: com.android.internal.app.IVoiceInteractorRequest mRequestInterface>",
						"<android.app.VoiceInteractor$Request: void cancel()>"
					],
					"depth":6,
					"method":"<android.app.ClientTransactionHandler: void handleDestroyActivity(android.os.IBinder,boolean,int,boolean,java.lang.String)>",
					"source":"FIELDCALLER"
				},
				{
					"trace":[
						"<android.app.ActivityThread: void handleDestroyActivity(android.os.IBinder,boolean,int,boolean,java.lang.String)>",
						"<android.app.ActivityThread: android.app.ActivityThread$ActivityClientRecord performDestroyActivity(android.os.IBinder,boolean,int,boolean,java.lang.String)>",
						"<android.app.Instrumentation: void callActivityOnDestroy(android.app.Activity)>",
						"<android.app.Activity: void performDestroy()>",
						"<android.app.VoiceInteractor: void detachActivity()>",
						"<android.app.VoiceInteractor$Request: void cancel()>",
						"key field: <android.app.VoiceInteractor$Request: com.android.internal.app.IVoiceInteractorRequest mRequestInterface>",
						"<android.app.VoiceInteractor$Request: void cancel()>"
					],
					"depth":6,
					"method":"<android.app.ActivityThread: void handleDestroyActivity(android.os.IBinder,boolean,int,boolean,java.lang.String)>",
					"source":"FIELDCALLER"
				},
				{
					"trace":[
						"<android.app.LocalActivityManager: void dispatchDestroy(boolean)>",
						"<android.app.ActivityThread: android.app.ActivityThread$ActivityClientRecord performDestroyActivity(android.os.IBinder,boolean,int,boolean,java.lang.String)>",
						"<android.app.Instrumentation: void callActivityOnDestroy(android.app.Activity)>",
						"<android.app.Activity: void performDestroy()>",
						"<android.app.VoiceInteractor: void detachActivity()>",
						"<android.app.VoiceInteractor$Request: void cancel()>",
						"key field: <android.app.VoiceInteractor$Request: com.android.internal.app.IVoiceInteractorRequest mRequestInterface>",
						"<android.app.VoiceInteractor$Request: void cancel()>"
					],
					"depth":6,
					"method":"<android.app.LocalActivityManager: void dispatchDestroy(boolean)>",
					"source":"FIELDCALLER"
				},
				{
					"trace":[
						"<android.app.ProgressDialog: void setProgressPercentFormat(java.text.NumberFormat)>",
						"<android.app.ProgressDialog: void onProgressChanged()>",
						"<android.app.ActivityThread$H: void handleMessage(android.os.Message)>",
						"<android.app.ActivityThread: void access$2900(android.app.ActivityThread,android.os.IBinder,com.android.internal.app.IVoiceInteractor)>",
						"<android.app.ActivityThread: void handleLocalVoiceInteractionStarted(android.os.IBinder,com.android.internal.app.IVoiceInteractor)>",
						"<android.app.Activity: void setVoiceInteractor(com.android.internal.app.IVoiceInteractor)>",
						"<android.app.VoiceInteractor$Request: void cancel()>",
						"key field: <android.app.VoiceInteractor$Request: com.android.internal.app.IVoiceInteractorRequest mRequestInterface>",
						"<android.app.VoiceInteractor$Request: void cancel()>"
					],
					"depth":7,
					"method":"<android.app.ProgressDialog: void setProgressPercentFormat(java.text.NumberFormat)>",
					"source":"FIELDCALLER"
				},
				{
					"trace":[
						"<android.app.ProgressDialog: void setProgressNumberFormat(java.lang.String)>",
						"<android.app.ProgressDialog: void onProgressChanged()>",
						"<android.app.ActivityThread$H: void handleMessage(android.os.Message)>",
						"<android.app.ActivityThread: void access$2900(android.app.ActivityThread,android.os.IBinder,com.android.internal.app.IVoiceInteractor)>",
						"<android.app.ActivityThread: void handleLocalVoiceInteractionStarted(android.os.IBinder,com.android.internal.app.IVoiceInteractor)>",
						"<android.app.Activity: void setVoiceInteractor(com.android.internal.app.IVoiceInteractor)>",
						"<android.app.VoiceInteractor$Request: void cancel()>",
						"key field: <android.app.VoiceInteractor$Request: com.android.internal.app.IVoiceInteractorRequest mRequestInterface>",
						"<android.app.VoiceInteractor$Request: void cancel()>"
					],
					"depth":7,
					"method":"<android.app.ProgressDialog: void setProgressNumberFormat(java.lang.String)>",
					"source":"FIELDCALLER"
				},
				{
					"trace":[
						"<android.app.ProgressDialog: void incrementSecondaryProgressBy(int)>",
						"<android.app.ProgressDialog: void onProgressChanged()>",
						"<android.app.ActivityThread$H: void handleMessage(android.os.Message)>",
						"<android.app.ActivityThread: void access$2900(android.app.ActivityThread,android.os.IBinder,com.android.internal.app.IVoiceInteractor)>",
						"<android.app.ActivityThread: void handleLocalVoiceInteractionStarted(android.os.IBinder,com.android.internal.app.IVoiceInteractor)>",
						"<android.app.Activity: void setVoiceInteractor(com.android.internal.app.IVoiceInteractor)>",
						"<android.app.VoiceInteractor$Request: void cancel()>",
						"key field: <android.app.VoiceInteractor$Request: com.android.internal.app.IVoiceInteractorRequest mRequestInterface>",
						"<android.app.VoiceInteractor$Request: void cancel()>"
					],
					"depth":7,
					"method":"<android.app.ProgressDialog: void incrementSecondaryProgressBy(int)>",
					"source":"FIELDCALLER"
				},
				{
					"trace":[
						"<android.app.ProgressDialog: void incrementProgressBy(int)>",
						"<android.app.ProgressDialog: void onProgressChanged()>",
						"<android.app.ActivityThread$H: void handleMessage(android.os.Message)>",
						"<android.app.ActivityThread: void access$2900(android.app.ActivityThread,android.os.IBinder,com.android.internal.app.IVoiceInteractor)>",
						"<android.app.ActivityThread: void handleLocalVoiceInteractionStarted(android.os.IBinder,com.android.internal.app.IVoiceInteractor)>",
						"<android.app.Activity: void setVoiceInteractor(com.android.internal.app.IVoiceInteractor)>",
						"<android.app.VoiceInteractor$Request: void cancel()>",
						"key field: <android.app.VoiceInteractor$Request: com.android.internal.app.IVoiceInteractorRequest mRequestInterface>",
						"<android.app.VoiceInteractor$Request: void cancel()>"
					],
					"depth":7,
					"method":"<android.app.ProgressDialog: void incrementProgressBy(int)>",
					"source":"FIELDCALLER"
				},
				{
					"trace":[
						"<android.app.ProgressDialog: void setSecondaryProgress(int)>",
						"<android.app.ProgressDialog: void onProgressChanged()>",
						"<android.app.ActivityThread$H: void handleMessage(android.os.Message)>",
						"<android.app.ActivityThread: void access$2900(android.app.ActivityThread,android.os.IBinder,com.android.internal.app.IVoiceInteractor)>",
						"<android.app.ActivityThread: void handleLocalVoiceInteractionStarted(android.os.IBinder,com.android.internal.app.IVoiceInteractor)>",
						"<android.app.Activity: void setVoiceInteractor(com.android.internal.app.IVoiceInteractor)>",
						"<android.app.VoiceInteractor$Request: void cancel()>",
						"key field: <android.app.VoiceInteractor$Request: com.android.internal.app.IVoiceInteractorRequest mRequestInterface>",
						"<android.app.VoiceInteractor$Request: void cancel()>"
					],
					"depth":7,
					"method":"<android.app.ProgressDialog: void setSecondaryProgress(int)>",
					"source":"FIELDCALLER"
				},
				{
					"trace":[
						"<android.app.ProgressDialog: void setProgress(int)>",
						"<android.app.ProgressDialog: void onProgressChanged()>",
						"<android.app.ActivityThread$H: void handleMessage(android.os.Message)>",
						"<android.app.ActivityThread: void access$2900(android.app.ActivityThread,android.os.IBinder,com.android.internal.app.IVoiceInteractor)>",
						"<android.app.ActivityThread: void handleLocalVoiceInteractionStarted(android.os.IBinder,com.android.internal.app.IVoiceInteractor)>",
						"<android.app.Activity: void setVoiceInteractor(com.android.internal.app.IVoiceInteractor)>",
						"<android.app.VoiceInteractor$Request: void cancel()>",
						"key field: <android.app.VoiceInteractor$Request: com.android.internal.app.IVoiceInteractorRequest mRequestInterface>",
						"<android.app.VoiceInteractor$Request: void cancel()>"
					],
					"depth":7,
					"method":"<android.app.ProgressDialog: void setProgress(int)>",
					"source":"FIELDCALLER"
				},
				{
					"trace":[
						"<android.app.ProgressDialog: void setMax(int)>",
						"<android.app.ProgressDialog: void onProgressChanged()>",
						"<android.app.ActivityThread$H: void handleMessage(android.os.Message)>",
						"<android.app.ActivityThread: void access$2900(android.app.ActivityThread,android.os.IBinder,com.android.internal.app.IVoiceInteractor)>",
						"<android.app.ActivityThread: void handleLocalVoiceInteractionStarted(android.os.IBinder,com.android.internal.app.IVoiceInteractor)>",
						"<android.app.Activity: void setVoiceInteractor(com.android.internal.app.IVoiceInteractor)>",
						"<android.app.VoiceInteractor$Request: void cancel()>",
						"key field: <android.app.VoiceInteractor$Request: com.android.internal.app.IVoiceInteractorRequest mRequestInterface>",
						"<android.app.VoiceInteractor$Request: void cancel()>"
					],
					"depth":7,
					"method":"<android.app.ProgressDialog: void setMax(int)>",
					"source":"FIELDCALLER"
				},
				{
					"trace":[
						"<android.app.Dialog: void show()>",
						"<android.app.Presentation: void onStart()>",
						"<android.app.ActivityThread$H: void handleMessage(android.os.Message)>",
						"<android.app.ActivityThread: void access$2900(android.app.ActivityThread,android.os.IBinder,com.android.internal.app.IVoiceInteractor)>",
						"<android.app.ActivityThread: void handleLocalVoiceInteractionStarted(android.os.IBinder,com.android.internal.app.IVoiceInteractor)>",
						"<android.app.Activity: void setVoiceInteractor(com.android.internal.app.IVoiceInteractor)>",
						"<android.app.VoiceInteractor$Request: void cancel()>",
						"key field: <android.app.VoiceInteractor$Request: com.android.internal.app.IVoiceInteractorRequest mRequestInterface>",
						"<android.app.VoiceInteractor$Request: void cancel()>"
					],
					"depth":7,
					"method":"<android.app.Dialog: void show()>",
					"source":"FIELDCALLER"
				},
				{
					"trace":[
						"<android.app.ExitTransitionCoordinator: void startExit(int,android.content.Intent)>",
						"<android.app.ExitTransitionCoordinator: void delayCancel()>",
						"<android.app.ActivityThread$H: void handleMessage(android.os.Message)>",
						"<android.app.ActivityThread: void access$2900(android.app.ActivityThread,android.os.IBinder,com.android.internal.app.IVoiceInteractor)>",
						"<android.app.ActivityThread: void handleLocalVoiceInteractionStarted(android.os.IBinder,com.android.internal.app.IVoiceInteractor)>",
						"<android.app.Activity: void setVoiceInteractor(com.android.internal.app.IVoiceInteractor)>",
						"<android.app.VoiceInteractor$Request: void cancel()>",
						"key field: <android.app.VoiceInteractor$Request: com.android.internal.app.IVoiceInteractorRequest mRequestInterface>",
						"<android.app.VoiceInteractor$Request: void cancel()>"
					],
					"depth":7,
					"method":"<android.app.ExitTransitionCoordinator: void startExit(int,android.content.Intent)>",
					"source":"FIELDCALLER"
				},
				{
					"trace":[
						"<android.widget.Filter$RequestHandler: void handleMessage(android.os.Message)>",
						"<android.widget.RemoteViewsAdapter$RemoteServiceHandler: void handleMessage(android.os.Message)>",
						"<android.app.ActivityThread$H: void handleMessage(android.os.Message)>",
						"<android.app.ActivityThread: void access$2900(android.app.ActivityThread,android.os.IBinder,com.android.internal.app.IVoiceInteractor)>",
						"<android.app.ActivityThread: void handleLocalVoiceInteractionStarted(android.os.IBinder,com.android.internal.app.IVoiceInteractor)>",
						"<android.app.Activity: void setVoiceInteractor(com.android.internal.app.IVoiceInteractor)>",
						"<android.app.VoiceInteractor$Request: void cancel()>",
						"key field: <android.app.VoiceInteractor$Request: com.android.internal.app.IVoiceInteractorRequest mRequestInterface>",
						"<android.app.VoiceInteractor$Request: void cancel()>"
					],
					"depth":7,
					"method":"<android.widget.Filter$RequestHandler: void handleMessage(android.os.Message)>",
					"source":"FIELDCALLER"
				},
				{
					"trace":[
						"<android.app.servertransaction.DestroyActivityItem: void execute(android.app.ClientTransactionHandler,android.os.IBinder,android.app.servertransaction.PendingTransactionActions)>",
						"<android.app.ActivityThread: void handleDestroyActivity(android.os.IBinder,boolean,int,boolean,java.lang.String)>",
						"<android.app.ActivityThread: android.app.ActivityThread$ActivityClientRecord performDestroyActivity(android.os.IBinder,boolean,int,boolean,java.lang.String)>",
						"<android.app.Instrumentation: void callActivityOnDestroy(android.app.Activity)>",
						"<android.app.Activity: void performDestroy()>",
						"<android.app.VoiceInteractor: void detachActivity()>",
						"<android.app.VoiceInteractor$Request: void cancel()>",
						"key field: <android.app.VoiceInteractor$Request: com.android.internal.app.IVoiceInteractorRequest mRequestInterface>",
						"<android.app.VoiceInteractor$Request: void cancel()>"
					],
					"depth":7,
					"method":"<android.app.servertransaction.DestroyActivityItem: void execute(android.app.ClientTransactionHandler,android.os.IBinder,android.app.servertransaction.PendingTransactionActions)>",
					"source":"FIELDCALLER"
				},
				{
					"trace":[
						"<android.app.LocalActivityManager: void removeAllActivities()>",
						"<android.app.LocalActivityManager: void dispatchDestroy(boolean)>",
						"<android.app.ActivityThread: android.app.ActivityThread$ActivityClientRecord performDestroyActivity(android.os.IBinder,boolean,int,boolean,java.lang.String)>",
						"<android.app.Instrumentation: void callActivityOnDestroy(android.app.Activity)>",
						"<android.app.Activity: void performDestroy()>",
						"<android.app.VoiceInteractor: void detachActivity()>",
						"<android.app.VoiceInteractor$Request: void cancel()>",
						"key field: <android.app.VoiceInteractor$Request: com.android.internal.app.IVoiceInteractorRequest mRequestInterface>",
						"<android.app.VoiceInteractor$Request: void cancel()>"
					],
					"depth":7,
					"method":"<android.app.LocalActivityManager: void removeAllActivities()>",
					"source":"FIELDCALLER"
				},
				{
					"trace":[
						"<android.app.LocalActivityManager: android.view.Window startActivity(java.lang.String,android.content.Intent)>",
						"<android.app.LocalActivityManager: android.view.Window performDestroy(android.app.LocalActivityManager$LocalActivityRecord,boolean)>",
						"<android.app.ActivityThread: android.app.ActivityThread$ActivityClientRecord performDestroyActivity(android.os.IBinder,boolean,int,boolean,java.lang.String)>",
						"<android.app.Instrumentation: void callActivityOnDestroy(android.app.Activity)>",
						"<android.app.Activity: void performDestroy()>",
						"<android.app.VoiceInteractor: void detachActivity()>",
						"<android.app.VoiceInteractor$Request: void cancel()>",
						"key field: <android.app.VoiceInteractor$Request: com.android.internal.app.IVoiceInteractorRequest mRequestInterface>",
						"<android.app.VoiceInteractor$Request: void cancel()>"
					],
					"depth":7,
					"method":"<android.app.LocalActivityManager: android.view.Window startActivity(java.lang.String,android.content.Intent)>",
					"source":"FIELDCALLER"
				},
				{
					"trace":[
						"<android.app.LocalActivityManager: android.view.Window destroyActivity(java.lang.String,boolean)>",
						"<android.app.LocalActivityManager: android.view.Window performDestroy(android.app.LocalActivityManager$LocalActivityRecord,boolean)>",
						"<android.app.ActivityThread: android.app.ActivityThread$ActivityClientRecord performDestroyActivity(android.os.IBinder,boolean,int,boolean,java.lang.String)>",
						"<android.app.Instrumentation: void callActivityOnDestroy(android.app.Activity)>",
						"<android.app.Activity: void performDestroy()>",
						"<android.app.VoiceInteractor: void detachActivity()>",
						"<android.app.VoiceInteractor$Request: void cancel()>",
						"key field: <android.app.VoiceInteractor$Request: com.android.internal.app.IVoiceInteractorRequest mRequestInterface>",
						"<android.app.VoiceInteractor$Request: void cancel()>"
					],
					"depth":7,
					"method":"<android.app.LocalActivityManager: android.view.Window destroyActivity(java.lang.String,boolean)>",
					"source":"FIELDCALLER"
				},
				{
					"trace":[
						"<android.app.FragmentManager: android.app.Fragment$SavedState saveFragmentInstanceState(android.app.Fragment)>",
						"<android.app.FragmentManagerImpl: void throwException(java.lang.RuntimeException)>",
						"<android.app.Activity$HostCallbacks: void onDump(java.lang.String,java.io.FileDescriptor,java.io.PrintWriter,java.lang.String[])>",
						"<android.app.Activity: void dump(java.lang.String,java.io.FileDescriptor,java.io.PrintWriter,java.lang.String[])>",
						"<android.app.Activity: void dumpInner(java.lang.String,java.io.FileDescriptor,java.io.PrintWriter,java.lang.String[])>",
						"<android.app.VoiceInteractor: void dump(java.lang.String,java.io.FileDescriptor,java.io.PrintWriter,java.lang.String[])>",
						"<android.app.VoiceInteractor$Request: void dump(java.lang.String,java.io.FileDescriptor,java.io.PrintWriter,java.lang.String[])>",
						"key field: <android.app.VoiceInteractor$Request: com.android.internal.app.IVoiceInteractorRequest mRequestInterface>",
						"<android.app.VoiceInteractor$Request: void cancel()>"
					],
					"depth":7,
					"method":"<android.app.FragmentManager: android.app.Fragment$SavedState saveFragmentInstanceState(android.app.Fragment)>",
					"source":"FIELDCALLER"
				},
				{
					"trace":[
						"<android.app.FragmentManagerImpl: android.app.Fragment$SavedState saveFragmentInstanceState(android.app.Fragment)>",
						"<android.app.FragmentManagerImpl: void throwException(java.lang.RuntimeException)>",
						"<android.app.Activity$HostCallbacks: void onDump(java.lang.String,java.io.FileDescriptor,java.io.PrintWriter,java.lang.String[])>",
						"<android.app.Activity: void dump(java.lang.String,java.io.FileDescriptor,java.io.PrintWriter,java.lang.String[])>",
						"<android.app.Activity: void dumpInner(java.lang.String,java.io.FileDescriptor,java.io.PrintWriter,java.lang.String[])>",
						"<android.app.VoiceInteractor: void dump(java.lang.String,java.io.FileDescriptor,java.io.PrintWriter,java.lang.String[])>",
						"<android.app.VoiceInteractor$Request: void dump(java.lang.String,java.io.FileDescriptor,java.io.PrintWriter,java.lang.String[])>",
						"key field: <android.app.VoiceInteractor$Request: com.android.internal.app.IVoiceInteractorRequest mRequestInterface>",
						"<android.app.VoiceInteractor$Request: void cancel()>"
					],
					"depth":7,
					"method":"<android.app.FragmentManagerImpl: android.app.Fragment$SavedState saveFragmentInstanceState(android.app.Fragment)>",
					"source":"FIELDCALLER"
				},
				{
					"trace":[
						"<android.app.FragmentManager: void putFragment(android.os.Bundle,java.lang.String,android.app.Fragment)>",
						"<android.app.FragmentManagerImpl: void throwException(java.lang.RuntimeException)>",
						"<android.app.Activity$HostCallbacks: void onDump(java.lang.String,java.io.FileDescriptor,java.io.PrintWriter,java.lang.String[])>",
						"<android.app.Activity: void dump(java.lang.String,java.io.FileDescriptor,java.io.PrintWriter,java.lang.String[])>",
						"<android.app.Activity: void dumpInner(java.lang.String,java.io.FileDescriptor,java.io.PrintWriter,java.lang.String[])>",
						"<android.app.VoiceInteractor: void dump(java.lang.String,java.io.FileDescriptor,java.io.PrintWriter,java.lang.String[])>",
						"<android.app.VoiceInteractor$Request: void dump(java.lang.String,java.io.FileDescriptor,java.io.PrintWriter,java.lang.String[])>",
						"key field: <android.app.VoiceInteractor$Request: com.android.internal.app.IVoiceInteractorRequest mRequestInterface>",
						"<android.app.VoiceInteractor$Request: void cancel()>"
					],
					"depth":7,
					"method":"<android.app.FragmentManager: void putFragment(android.os.Bundle,java.lang.String,android.app.Fragment)>",
					"source":"FIELDCALLER"
				},
				{
					"trace":[
						"<android.app.FragmentManagerImpl: void putFragment(android.os.Bundle,java.lang.String,android.app.Fragment)>",
						"<android.app.FragmentManagerImpl: void throwException(java.lang.RuntimeException)>",
						"<android.app.Activity$HostCallbacks: void onDump(java.lang.String,java.io.FileDescriptor,java.io.PrintWriter,java.lang.String[])>",
						"<android.app.Activity: void dump(java.lang.String,java.io.FileDescriptor,java.io.PrintWriter,java.lang.String[])>",
						"<android.app.Activity: void dumpInner(java.lang.String,java.io.FileDescriptor,java.io.PrintWriter,java.lang.String[])>",
						"<android.app.VoiceInteractor: void dump(java.lang.String,java.io.FileDescriptor,java.io.PrintWriter,java.lang.String[])>",
						"<android.app.VoiceInteractor$Request: void dump(java.lang.String,java.io.FileDescriptor,java.io.PrintWriter,java.lang.String[])>",
						"key field: <android.app.VoiceInteractor$Request: com.android.internal.app.IVoiceInteractorRequest mRequestInterface>",
						"<android.app.VoiceInteractor$Request: void cancel()>"
					],
					"depth":7,
					"method":"<android.app.FragmentManagerImpl: void putFragment(android.os.Bundle,java.lang.String,android.app.Fragment)>",
					"source":"FIELDCALLER"
				},
				{
					"trace":[
						"<android.app.FragmentManager: android.app.Fragment getFragment(android.os.Bundle,java.lang.String)>",
						"<android.app.FragmentManagerImpl: void throwException(java.lang.RuntimeException)>",
						"<android.app.Activity$HostCallbacks: void onDump(java.lang.String,java.io.FileDescriptor,java.io.PrintWriter,java.lang.String[])>",
						"<android.app.Activity: void dump(java.lang.String,java.io.FileDescriptor,java.io.PrintWriter,java.lang.String[])>",
						"<android.app.Activity: void dumpInner(java.lang.String,java.io.FileDescriptor,java.io.PrintWriter,java.lang.String[])>",
						"<android.app.VoiceInteractor: void dump(java.lang.String,java.io.FileDescriptor,java.io.PrintWriter,java.lang.String[])>",
						"<android.app.VoiceInteractor$Request: void dump(java.lang.String,java.io.FileDescriptor,java.io.PrintWriter,java.lang.String[])>",
						"key field: <android.app.VoiceInteractor$Request: com.android.internal.app.IVoiceInteractorRequest mRequestInterface>",
						"<android.app.VoiceInteractor$Request: void cancel()>"
					],
					"depth":7,
					"method":"<android.app.FragmentManager: android.app.Fragment getFragment(android.os.Bundle,java.lang.String)>",
					"source":"FIELDCALLER"
				},
				{
					"trace":[
						"<android.app.FragmentManagerImpl: android.app.Fragment getFragment(android.os.Bundle,java.lang.String)>",
						"<android.app.FragmentManagerImpl: void throwException(java.lang.RuntimeException)>",
						"<android.app.Activity$HostCallbacks: void onDump(java.lang.String,java.io.FileDescriptor,java.io.PrintWriter,java.lang.String[])>",
						"<android.app.Activity: void dump(java.lang.String,java.io.FileDescriptor,java.io.PrintWriter,java.lang.String[])>",
						"<android.app.Activity: void dumpInner(java.lang.String,java.io.FileDescriptor,java.io.PrintWriter,java.lang.String[])>",
						"<android.app.VoiceInteractor: void dump(java.lang.String,java.io.FileDescriptor,java.io.PrintWriter,java.lang.String[])>",
						"<android.app.VoiceInteractor$Request: void dump(java.lang.String,java.io.FileDescriptor,java.io.PrintWriter,java.lang.String[])>",
						"key field: <android.app.VoiceInteractor$Request: com.android.internal.app.IVoiceInteractorRequest mRequestInterface>",
						"<android.app.VoiceInteractor$Request: void cancel()>"
					],
					"depth":7,
					"method":"<android.app.FragmentManagerImpl: android.app.Fragment getFragment(android.os.Bundle,java.lang.String)>",
					"source":"FIELDCALLER"
				},
				{
					"trace":[
						"<android.app.AlertDialog$Builder: android.app.AlertDialog show()>",
						"<android.app.Dialog: void show()>",
						"<android.app.Presentation: void onStart()>",
						"<android.app.ActivityThread$H: void handleMessage(android.os.Message)>",
						"<android.app.ActivityThread: void access$2900(android.app.ActivityThread,android.os.IBinder,com.android.internal.app.IVoiceInteractor)>",
						"<android.app.ActivityThread: void handleLocalVoiceInteractionStarted(android.os.IBinder,com.android.internal.app.IVoiceInteractor)>",
						"<android.app.Activity: void setVoiceInteractor(com.android.internal.app.IVoiceInteractor)>",
						"<android.app.VoiceInteractor$Request: void cancel()>",
						"key field: <android.app.VoiceInteractor$Request: com.android.internal.app.IVoiceInteractorRequest mRequestInterface>",
						"<android.app.VoiceInteractor$Request: void cancel()>"
					],
					"depth":8,
					"method":"<android.app.AlertDialog$Builder: android.app.AlertDialog show()>",
					"source":"FIELDCALLER"
				},
				{
					"trace":[
						"<android.app.ProgressDialog: android.app.ProgressDialog show(android.content.Context,java.lang.CharSequence,java.lang.CharSequence,boolean,boolean,android.content.DialogInterface$OnCancelListener)>",
						"<android.app.Dialog: void show()>",
						"<android.app.Presentation: void onStart()>",
						"<android.app.ActivityThread$H: void handleMessage(android.os.Message)>",
						"<android.app.ActivityThread: void access$2900(android.app.ActivityThread,android.os.IBinder,com.android.internal.app.IVoiceInteractor)>",
						"<android.app.ActivityThread: void handleLocalVoiceInteractionStarted(android.os.IBinder,com.android.internal.app.IVoiceInteractor)>",
						"<android.app.Activity: void setVoiceInteractor(com.android.internal.app.IVoiceInteractor)>",
						"<android.app.VoiceInteractor$Request: void cancel()>",
						"key field: <android.app.VoiceInteractor$Request: com.android.internal.app.IVoiceInteractorRequest mRequestInterface>",
						"<android.app.VoiceInteractor$Request: void cancel()>"
					],
					"depth":8,
					"method":"<android.app.ProgressDialog: android.app.ProgressDialog show(android.content.Context,java.lang.CharSequence,java.lang.CharSequence,boolean,boolean,android.content.DialogInterface$OnCancelListener)>",
					"source":"FIELDCALLER"
				},
				{
					"trace":[
						"<android.app.Activity: boolean showDialog(int,android.os.Bundle)>",
						"<android.app.Dialog: void show()>",
						"<android.app.Presentation: void onStart()>",
						"<android.app.ActivityThread$H: void handleMessage(android.os.Message)>",
						"<android.app.ActivityThread: void access$2900(android.app.ActivityThread,android.os.IBinder,com.android.internal.app.IVoiceInteractor)>",
						"<android.app.ActivityThread: void handleLocalVoiceInteractionStarted(android.os.IBinder,com.android.internal.app.IVoiceInteractor)>",
						"<android.app.Activity: void setVoiceInteractor(com.android.internal.app.IVoiceInteractor)>",
						"<android.app.VoiceInteractor$Request: void cancel()>",
						"key field: <android.app.VoiceInteractor$Request: com.android.internal.app.IVoiceInteractorRequest mRequestInterface>",
						"<android.app.VoiceInteractor$Request: void cancel()>"
					],
					"depth":8,
					"method":"<android.app.Activity: boolean showDialog(int,android.os.Bundle)>",
					"source":"FIELDCALLER"
				},
				{
					"trace":[
						"<android.app.Presentation: void show()>",
						"<android.app.Dialog: void show()>",
						"<android.app.Presentation: void onStart()>",
						"<android.app.ActivityThread$H: void handleMessage(android.os.Message)>",
						"<android.app.ActivityThread: void access$2900(android.app.ActivityThread,android.os.IBinder,com.android.internal.app.IVoiceInteractor)>",
						"<android.app.ActivityThread: void handleLocalVoiceInteractionStarted(android.os.IBinder,com.android.internal.app.IVoiceInteractor)>",
						"<android.app.Activity: void setVoiceInteractor(com.android.internal.app.IVoiceInteractor)>",
						"<android.app.VoiceInteractor$Request: void cancel()>",
						"key field: <android.app.VoiceInteractor$Request: com.android.internal.app.IVoiceInteractorRequest mRequestInterface>",
						"<android.app.VoiceInteractor$Request: void cancel()>"
					],
					"depth":8,
					"method":"<android.app.Presentation: void show()>",
					"source":"FIELDCALLER"
				},
				{
					"trace":[
						"<android.app.Dialog: void onRestoreInstanceState(android.os.Bundle)>",
						"<android.app.Dialog: void show()>",
						"<android.app.Presentation: void onStart()>",
						"<android.app.ActivityThread$H: void handleMessage(android.os.Message)>",
						"<android.app.ActivityThread: void access$2900(android.app.ActivityThread,android.os.IBinder,com.android.internal.app.IVoiceInteractor)>",
						"<android.app.ActivityThread: void handleLocalVoiceInteractionStarted(android.os.IBinder,com.android.internal.app.IVoiceInteractor)>",
						"<android.app.Activity: void setVoiceInteractor(com.android.internal.app.IVoiceInteractor)>",
						"<android.app.VoiceInteractor$Request: void cancel()>",
						"key field: <android.app.VoiceInteractor$Request: com.android.internal.app.IVoiceInteractorRequest mRequestInterface>",
						"<android.app.VoiceInteractor$Request: void cancel()>"
					],
					"depth":8,
					"method":"<android.app.Dialog: void onRestoreInstanceState(android.os.Bundle)>",
					"source":"FIELDCALLER"
				},
				{
					"trace":[
						"<android.app.DialogFragment: void onStart()>",
						"<android.app.Dialog: void show()>",
						"<android.app.Presentation: void onStart()>",
						"<android.app.ActivityThread$H: void handleMessage(android.os.Message)>",
						"<android.app.ActivityThread: void access$2900(android.app.ActivityThread,android.os.IBinder,com.android.internal.app.IVoiceInteractor)>",
						"<android.app.ActivityThread: void handleLocalVoiceInteractionStarted(android.os.IBinder,com.android.internal.app.IVoiceInteractor)>",
						"<android.app.Activity: void setVoiceInteractor(com.android.internal.app.IVoiceInteractor)>",
						"<android.app.VoiceInteractor$Request: void cancel()>",
						"key field: <android.app.VoiceInteractor$Request: com.android.internal.app.IVoiceInteractorRequest mRequestInterface>",
						"<android.app.VoiceInteractor$Request: void cancel()>"
					],
					"depth":8,
					"method":"<android.app.DialogFragment: void onStart()>",
					"source":"FIELDCALLER"
				},
				{
					"trace":[
						"<com.android.internal.view.menu.MenuDialogHelper: void show(android.os.IBinder)>",
						"<android.app.Dialog: void show()>",
						"<android.app.Presentation: void onStart()>",
						"<android.app.ActivityThread$H: void handleMessage(android.os.Message)>",
						"<android.app.ActivityThread: void access$2900(android.app.ActivityThread,android.os.IBinder,com.android.internal.app.IVoiceInteractor)>",
						"<android.app.ActivityThread: void handleLocalVoiceInteractionStarted(android.os.IBinder,com.android.internal.app.IVoiceInteractor)>",
						"<android.app.Activity: void setVoiceInteractor(com.android.internal.app.IVoiceInteractor)>",
						"<android.app.VoiceInteractor$Request: void cancel()>",
						"key field: <android.app.VoiceInteractor$Request: com.android.internal.app.IVoiceInteractorRequest mRequestInterface>",
						"<android.app.VoiceInteractor$Request: void cancel()>"
					],
					"depth":8,
					"method":"<com.android.internal.view.menu.MenuDialogHelper: void show(android.os.IBinder)>",
					"source":"FIELDCALLER"
				},
				{
					"trace":[
						"<android.app.TimePickerDialog: void show()>",
						"<android.app.Dialog: void show()>",
						"<android.app.Presentation: void onStart()>",
						"<android.app.ActivityThread$H: void handleMessage(android.os.Message)>",
						"<android.app.ActivityThread: void access$2900(android.app.ActivityThread,android.os.IBinder,com.android.internal.app.IVoiceInteractor)>",
						"<android.app.ActivityThread: void handleLocalVoiceInteractionStarted(android.os.IBinder,com.android.internal.app.IVoiceInteractor)>",
						"<android.app.Activity: void setVoiceInteractor(com.android.internal.app.IVoiceInteractor)>",
						"<android.app.VoiceInteractor$Request: void cancel()>",
						"key field: <android.app.VoiceInteractor$Request: com.android.internal.app.IVoiceInteractorRequest mRequestInterface>",
						"<android.app.VoiceInteractor$Request: void cancel()>"
					],
					"depth":8,
					"method":"<android.app.TimePickerDialog: void show()>",
					"source":"FIELDCALLER"
				},
				{
					"trace":[
						"<android.widget.Spinner$DialogPopup: void show(int,int)>",
						"<android.app.Dialog: void show()>",
						"<android.app.Presentation: void onStart()>",
						"<android.app.ActivityThread$H: void handleMessage(android.os.Message)>",
						"<android.app.ActivityThread: void access$2900(android.app.ActivityThread,android.os.IBinder,com.android.internal.app.IVoiceInteractor)>",
						"<android.app.ActivityThread: void handleLocalVoiceInteractionStarted(android.os.IBinder,com.android.internal.app.IVoiceInteractor)>",
						"<android.app.Activity: void setVoiceInteractor(com.android.internal.app.IVoiceInteractor)>",
						"<android.app.VoiceInteractor$Request: void cancel()>",
						"key field: <android.app.VoiceInteractor$Request: com.android.internal.app.IVoiceInteractorRequest mRequestInterface>",
						"<android.app.VoiceInteractor$Request: void cancel()>"
					],
					"depth":8,
					"method":"<android.widget.Spinner$DialogPopup: void show(int,int)>",
					"source":"FIELDCALLER"
				},
				{
					"trace":[
						"<android.widget.Spinner$SpinnerPopup: void show(int,int)>",
						"<android.app.Dialog: void show()>",
						"<android.app.Presentation: void onStart()>",
						"<android.app.ActivityThread$H: void handleMessage(android.os.Message)>",
						"<android.app.ActivityThread: void access$2900(android.app.ActivityThread,android.os.IBinder,com.android.internal.app.IVoiceInteractor)>",
						"<android.app.ActivityThread: void handleLocalVoiceInteractionStarted(android.os.IBinder,com.android.internal.app.IVoiceInteractor)>",
						"<android.app.Activity: void setVoiceInteractor(com.android.internal.app.IVoiceInteractor)>",
						"<android.app.VoiceInteractor$Request: void cancel()>",
						"key field: <android.app.VoiceInteractor$Request: com.android.internal.app.IVoiceInteractorRequest mRequestInterface>",
						"<android.app.VoiceInteractor$Request: void cancel()>"
					],
					"depth":8,
					"method":"<android.widget.Spinner$SpinnerPopup: void show(int,int)>",
					"source":"FIELDCALLER"
				},
				{
					"trace":[
						"<android.app.ExitTransitionCoordinator$7: void onAnimationEnd(android.animation.Animator)>",
						"<android.app.ExitTransitionCoordinator: void notifyComplete()>",
						"<android.app.ExitTransitionCoordinator: void delayCancel()>",
						"<android.app.ActivityThread$H: void handleMessage(android.os.Message)>",
						"<android.app.ActivityThread: void access$2900(android.app.ActivityThread,android.os.IBinder,com.android.internal.app.IVoiceInteractor)>",
						"<android.app.ActivityThread: void handleLocalVoiceInteractionStarted(android.os.IBinder,com.android.internal.app.IVoiceInteractor)>",
						"<android.app.Activity: void setVoiceInteractor(com.android.internal.app.IVoiceInteractor)>",
						"<android.app.VoiceInteractor$Request: void cancel()>",
						"key field: <android.app.VoiceInteractor$Request: com.android.internal.app.IVoiceInteractorRequest mRequestInterface>",
						"<android.app.VoiceInteractor$Request: void cancel()>"
					],
					"depth":8,
					"method":"<android.app.ExitTransitionCoordinator$7: void onAnimationEnd(android.animation.Animator)>",
					"source":"FIELDCALLER"
				},
				{
					"trace":[
						"<android.app.ActivityTransitionState: boolean startExitBackTransition(android.app.Activity)>",
						"<android.app.ExitTransitionCoordinator: void startExit(int,android.content.Intent)>",
						"<android.app.ExitTransitionCoordinator: void delayCancel()>",
						"<android.app.ActivityThread$H: void handleMessage(android.os.Message)>",
						"<android.app.ActivityThread: void access$2900(android.app.ActivityThread,android.os.IBinder,com.android.internal.app.IVoiceInteractor)>",
						"<android.app.ActivityThread: void handleLocalVoiceInteractionStarted(android.os.IBinder,com.android.internal.app.IVoiceInteractor)>",
						"<android.app.Activity: void setVoiceInteractor(com.android.internal.app.IVoiceInteractor)>",
						"<android.app.VoiceInteractor$Request: void cancel()>",
						"key field: <android.app.VoiceInteractor$Request: com.android.internal.app.IVoiceInteractorRequest mRequestInterface>",
						"<android.app.VoiceInteractor$Request: void cancel()>"
					],
					"depth":8,
					"method":"<android.app.ActivityTransitionState: boolean startExitBackTransition(android.app.Activity)>",
					"source":"FIELDCALLER"
				},
				{
					"trace":[
						"<android.app.ActivityTransitionState: void lambda$startExitBackTransition$0(android.app.Activity)>",
						"<android.app.ExitTransitionCoordinator: void startExit(int,android.content.Intent)>",
						"<android.app.ExitTransitionCoordinator: void delayCancel()>",
						"<android.app.ActivityThread$H: void handleMessage(android.os.Message)>",
						"<android.app.ActivityThread: void access$2900(android.app.ActivityThread,android.os.IBinder,com.android.internal.app.IVoiceInteractor)>",
						"<android.app.ActivityThread: void handleLocalVoiceInteractionStarted(android.os.IBinder,com.android.internal.app.IVoiceInteractor)>",
						"<android.app.Activity: void setVoiceInteractor(com.android.internal.app.IVoiceInteractor)>",
						"<android.app.VoiceInteractor$Request: void cancel()>",
						"key field: <android.app.VoiceInteractor$Request: com.android.internal.app.IVoiceInteractorRequest mRequestInterface>",
						"<android.app.VoiceInteractor$Request: void cancel()>"
					],
					"depth":8,
					"method":"<android.app.ActivityTransitionState: void lambda$startExitBackTransition$0(android.app.Activity)>",
					"source":"FIELDCALLER"
				},
				{
					"trace":[
						"<android.app.ExitTransitionCoordinator$8: void onTransitionEnd(android.transition.Transition)>",
						"<android.app.ExitTransitionCoordinator: void access$100(android.app.ExitTransitionCoordinator)>",
						"<android.app.ExitTransitionCoordinator: void delayCancel()>",
						"<android.app.ActivityThread$H: void handleMessage(android.os.Message)>",
						"<android.app.ActivityThread: void access$2900(android.app.ActivityThread,android.os.IBinder,com.android.internal.app.IVoiceInteractor)>",
						"<android.app.ActivityThread: void handleLocalVoiceInteractionStarted(android.os.IBinder,com.android.internal.app.IVoiceInteractor)>",
						"<android.app.Activity: void setVoiceInteractor(com.android.internal.app.IVoiceInteractor)>",
						"<android.app.VoiceInteractor$Request: void cancel()>",
						"key field: <android.app.VoiceInteractor$Request: com.android.internal.app.IVoiceInteractorRequest mRequestInterface>",
						"<android.app.VoiceInteractor$Request: void cancel()>"
					],
					"depth":8,
					"method":"<android.app.ExitTransitionCoordinator$8: void onTransitionEnd(android.transition.Transition)>",
					"source":"FIELDCALLER"
				},
				{
					"trace":[
						"<android.app.ExitTransitionCoordinator$2: void onTransitionEnd(android.transition.Transition)>",
						"<android.app.ExitTransitionCoordinator: void access$100(android.app.ExitTransitionCoordinator)>",
						"<android.app.ExitTransitionCoordinator: void delayCancel()>",
						"<android.app.ActivityThread$H: void handleMessage(android.os.Message)>",
						"<android.app.ActivityThread: void access$2900(android.app.ActivityThread,android.os.IBinder,com.android.internal.app.IVoiceInteractor)>",
						"<android.app.ActivityThread: void handleLocalVoiceInteractionStarted(android.os.IBinder,com.android.internal.app.IVoiceInteractor)>",
						"<android.app.Activity: void setVoiceInteractor(com.android.internal.app.IVoiceInteractor)>",
						"<android.app.VoiceInteractor$Request: void cancel()>",
						"key field: <android.app.VoiceInteractor$Request: com.android.internal.app.IVoiceInteractorRequest mRequestInterface>",
						"<android.app.VoiceInteractor$Request: void cancel()>"
					],
					"depth":8,
					"method":"<android.app.ExitTransitionCoordinator$2: void onTransitionEnd(android.transition.Transition)>",
					"source":"FIELDCALLER"
				},
				{
					"trace":[
						"<android.app.servertransaction.TransactionExecutor: void executeCallbacks(android.app.servertransaction.ClientTransaction)>",
						"<android.app.servertransaction.DestroyActivityItem: void execute(android.app.ClientTransactionHandler,android.os.IBinder,android.app.servertransaction.PendingTransactionActions)>",
						"<android.app.ActivityThread: void handleDestroyActivity(android.os.IBinder,boolean,int,boolean,java.lang.String)>",
						"<android.app.ActivityThread: android.app.ActivityThread$ActivityClientRecord performDestroyActivity(android.os.IBinder,boolean,int,boolean,java.lang.String)>",
						"<android.app.Instrumentation: void callActivityOnDestroy(android.app.Activity)>",
						"<android.app.Activity: void performDestroy()>",
						"<android.app.VoiceInteractor: void detachActivity()>",
						"<android.app.VoiceInteractor$Request: void cancel()>",
						"key field: <android.app.VoiceInteractor$Request: com.android.internal.app.IVoiceInteractorRequest mRequestInterface>",
						"<android.app.VoiceInteractor$Request: void cancel()>"
					],
					"depth":8,
					"method":"<android.app.servertransaction.TransactionExecutor: void executeCallbacks(android.app.servertransaction.ClientTransaction)>",
					"source":"FIELDCALLER"
				},
				{
					"trace":[
						"<android.app.ActivityThread: void handleRelaunchActivity(android.app.ActivityThread$ActivityClientRecord,android.app.servertransaction.PendingTransactionActions)>",
						"<android.app.ActivityThread: void handleRelaunchActivityInner(android.app.ActivityThread$ActivityClientRecord,int,java.util.List,java.util.List,android.app.servertransaction.PendingTransactionActions,boolean,android.content.res.Configuration,java.lang.String)>",
						"<android.app.ActivityThread: void handleDestroyActivity(android.os.IBinder,boolean,int,boolean,java.lang.String)>",
						"<android.app.ActivityThread: android.app.ActivityThread$ActivityClientRecord performDestroyActivity(android.os.IBinder,boolean,int,boolean,java.lang.String)>",
						"<android.app.Instrumentation: void callActivityOnDestroy(android.app.Activity)>",
						"<android.app.Activity: void performDestroy()>",
						"<android.app.VoiceInteractor: void detachActivity()>",
						"<android.app.VoiceInteractor$Request: void cancel()>",
						"key field: <android.app.VoiceInteractor$Request: com.android.internal.app.IVoiceInteractorRequest mRequestInterface>",
						"<android.app.VoiceInteractor$Request: void cancel()>"
					],
					"depth":8,
					"method":"<android.app.ActivityThread: void handleRelaunchActivity(android.app.ActivityThread$ActivityClientRecord,android.app.servertransaction.PendingTransactionActions)>",
					"source":"FIELDCALLER"
				},
				{
					"trace":[
						"<android.app.FragmentManagerImpl: android.view.View onCreateView(android.view.View,java.lang.String,android.content.Context,android.util.AttributeSet)>",
						"<android.app.FragmentManagerImpl: void moveToState(android.app.Fragment,int,int,int,boolean)>",
						"<android.app.FragmentManagerImpl: void throwException(java.lang.RuntimeException)>",
						"<android.app.Activity$HostCallbacks: void onDump(java.lang.String,java.io.FileDescriptor,java.io.PrintWriter,java.lang.String[])>",
						"<android.app.Activity: void dump(java.lang.String,java.io.FileDescriptor,java.io.PrintWriter,java.lang.String[])>",
						"<android.app.Activity: void dumpInner(java.lang.String,java.io.FileDescriptor,java.io.PrintWriter,java.lang.String[])>",
						"<android.app.VoiceInteractor: void dump(java.lang.String,java.io.FileDescriptor,java.io.PrintWriter,java.lang.String[])>",
						"<android.app.VoiceInteractor$Request: void dump(java.lang.String,java.io.FileDescriptor,java.io.PrintWriter,java.lang.String[])>",
						"key field: <android.app.VoiceInteractor$Request: com.android.internal.app.IVoiceInteractorRequest mRequestInterface>",
						"<android.app.VoiceInteractor$Request: void cancel()>"
					],
					"depth":8,
					"method":"<android.app.FragmentManagerImpl: android.view.View onCreateView(android.view.View,java.lang.String,android.content.Context,android.util.AttributeSet)>",
					"source":"FIELDCALLER"
				},
				{
					"trace":[
						"<android.view.LayoutInflater$Factory2: android.view.View onCreateView(android.view.View,java.lang.String,android.content.Context,android.util.AttributeSet)>",
						"<android.app.FragmentManagerImpl: void moveToState(android.app.Fragment,int,int,int,boolean)>",
						"<android.app.FragmentManagerImpl: void throwException(java.lang.RuntimeException)>",
						"<android.app.Activity$HostCallbacks: void onDump(java.lang.String,java.io.FileDescriptor,java.io.PrintWriter,java.lang.String[])>",
						"<android.app.Activity: void dump(java.lang.String,java.io.FileDescriptor,java.io.PrintWriter,java.lang.String[])>",
						"<android.app.Activity: void dumpInner(java.lang.String,java.io.FileDescriptor,java.io.PrintWriter,java.lang.String[])>",
						"<android.app.VoiceInteractor: void dump(java.lang.String,java.io.FileDescriptor,java.io.PrintWriter,java.lang.String[])>",
						"<android.app.VoiceInteractor$Request: void dump(java.lang.String,java.io.FileDescriptor,java.io.PrintWriter,java.lang.String[])>",
						"key field: <android.app.VoiceInteractor$Request: com.android.internal.app.IVoiceInteractorRequest mRequestInterface>",
						"<android.app.VoiceInteractor$Request: void cancel()>"
					],
					"depth":8,
					"method":"<android.view.LayoutInflater$Factory2: android.view.View onCreateView(android.view.View,java.lang.String,android.content.Context,android.util.AttributeSet)>",
					"source":"FIELDCALLER"
				},
				{
					"trace":[
						"<android.app.FragmentManagerImpl: void performPendingDeferredStart(android.app.Fragment)>",
						"<android.app.FragmentManagerImpl: void moveToState(android.app.Fragment,int,int,int,boolean)>",
						"<android.app.FragmentManagerImpl: void throwException(java.lang.RuntimeException)>",
						"<android.app.Activity$HostCallbacks: void onDump(java.lang.String,java.io.FileDescriptor,java.io.PrintWriter,java.lang.String[])>",
						"<android.app.Activity: void dump(java.lang.String,java.io.FileDescriptor,java.io.PrintWriter,java.lang.String[])>",
						"<android.app.Activity: void dumpInner(java.lang.String,java.io.FileDescriptor,java.io.PrintWriter,java.lang.String[])>",
						"<android.app.VoiceInteractor: void dump(java.lang.String,java.io.FileDescriptor,java.io.PrintWriter,java.lang.String[])>",
						"<android.app.VoiceInteractor$Request: void dump(java.lang.String,java.io.FileDescriptor,java.io.PrintWriter,java.lang.String[])>",
						"key field: <android.app.VoiceInteractor$Request: com.android.internal.app.IVoiceInteractorRequest mRequestInterface>",
						"<android.app.VoiceInteractor$Request: void cancel()>"
					],
					"depth":8,
					"method":"<android.app.FragmentManagerImpl: void performPendingDeferredStart(android.app.Fragment)>",
					"source":"FIELDCALLER"
				},
				{
					"trace":[
						"<android.app.FragmentManagerImpl$2: void onAnimationEnd(android.animation.Animator)>",
						"<android.app.FragmentManagerImpl: void moveToState(android.app.Fragment,int,int,int,boolean)>",
						"<android.app.FragmentManagerImpl: void throwException(java.lang.RuntimeException)>",
						"<android.app.Activity$HostCallbacks: void onDump(java.lang.String,java.io.FileDescriptor,java.io.PrintWriter,java.lang.String[])>",
						"<android.app.Activity: void dump(java.lang.String,java.io.FileDescriptor,java.io.PrintWriter,java.lang.String[])>",
						"<android.app.Activity: void dumpInner(java.lang.String,java.io.FileDescriptor,java.io.PrintWriter,java.lang.String[])>",
						"<android.app.VoiceInteractor: void dump(java.lang.String,java.io.FileDescriptor,java.io.PrintWriter,java.lang.String[])>",
						"<android.app.VoiceInteractor$Request: void dump(java.lang.String,java.io.FileDescriptor,java.io.PrintWriter,java.lang.String[])>",
						"key field: <android.app.VoiceInteractor$Request: com.android.internal.app.IVoiceInteractorRequest mRequestInterface>",
						"<android.app.VoiceInteractor$Request: void cancel()>"
					],
					"depth":8,
					"method":"<android.app.FragmentManagerImpl$2: void onAnimationEnd(android.animation.Animator)>",
					"source":"FIELDCALLER"
				},
				{
					"trace":[
						"<android.app.FragmentController: android.os.Parcelable saveAllState()>",
						"<android.app.FragmentManagerImpl: android.os.Parcelable saveAllState()>",
						"<android.app.FragmentManagerImpl: void throwException(java.lang.RuntimeException)>",
						"<android.app.Activity$HostCallbacks: void onDump(java.lang.String,java.io.FileDescriptor,java.io.PrintWriter,java.lang.String[])>",
						"<android.app.Activity: void dump(java.lang.String,java.io.FileDescriptor,java.io.PrintWriter,java.lang.String[])>",
						"<android.app.Activity: void dumpInner(java.lang.String,java.io.FileDescriptor,java.io.PrintWriter,java.lang.String[])>",
						"<android.app.VoiceInteractor: void dump(java.lang.String,java.io.FileDescriptor,java.io.PrintWriter,java.lang.String[])>",
						"<android.app.VoiceInteractor$Request: void dump(java.lang.String,java.io.FileDescriptor,java.io.PrintWriter,java.lang.String[])>",
						"key field: <android.app.VoiceInteractor$Request: com.android.internal.app.IVoiceInteractorRequest mRequestInterface>",
						"<android.app.VoiceInteractor$Request: void cancel()>"
					],
					"depth":8,
					"method":"<android.app.FragmentController: android.os.Parcelable saveAllState()>",
					"source":"FIELDCALLER"
				},
				{
					"trace":[
						"<android.app.FragmentController: void restoreAllState(android.os.Parcelable,java.util.List)>",
						"<android.app.FragmentManagerImpl: void restoreAllState(android.os.Parcelable,android.app.FragmentManagerNonConfig)>",
						"<android.app.FragmentManagerImpl: void throwException(java.lang.RuntimeException)>",
						"<android.app.Activity$HostCallbacks: void onDump(java.lang.String,java.io.FileDescriptor,java.io.PrintWriter,java.lang.String[])>",
						"<android.app.Activity: void dump(java.lang.String,java.io.FileDescriptor,java.io.PrintWriter,java.lang.String[])>",
						"<android.app.Activity: void dumpInner(java.lang.String,java.io.FileDescriptor,java.io.PrintWriter,java.lang.String[])>",
						"<android.app.VoiceInteractor: void dump(java.lang.String,java.io.FileDescriptor,java.io.PrintWriter,java.lang.String[])>",
						"<android.app.VoiceInteractor$Request: void dump(java.lang.String,java.io.FileDescriptor,java.io.PrintWriter,java.lang.String[])>",
						"key field: <android.app.VoiceInteractor$Request: com.android.internal.app.IVoiceInteractorRequest mRequestInterface>",
						"<android.app.VoiceInteractor$Request: void cancel()>"
					],
					"depth":8,
					"method":"<android.app.FragmentController: void restoreAllState(android.os.Parcelable,java.util.List)>",
					"source":"FIELDCALLER"
				},
				{
					"trace":[
						"<android.app.FragmentController: void restoreAllState(android.os.Parcelable,android.app.FragmentManagerNonConfig)>",
						"<android.app.FragmentManagerImpl: void restoreAllState(android.os.Parcelable,android.app.FragmentManagerNonConfig)>",
						"<android.app.FragmentManagerImpl: void throwException(java.lang.RuntimeException)>",
						"<android.app.Activity$HostCallbacks: void onDump(java.lang.String,java.io.FileDescriptor,java.io.PrintWriter,java.lang.String[])>",
						"<android.app.Activity: void dump(java.lang.String,java.io.FileDescriptor,java.io.PrintWriter,java.lang.String[])>",
						"<android.app.Activity: void dumpInner(java.lang.String,java.io.FileDescriptor,java.io.PrintWriter,java.lang.String[])>",
						"<android.app.VoiceInteractor: void dump(java.lang.String,java.io.FileDescriptor,java.io.PrintWriter,java.lang.String[])>",
						"<android.app.VoiceInteractor$Request: void dump(java.lang.String,java.io.FileDescriptor,java.io.PrintWriter,java.lang.String[])>",
						"key field: <android.app.VoiceInteractor$Request: com.android.internal.app.IVoiceInteractorRequest mRequestInterface>",
						"<android.app.VoiceInteractor$Request: void cancel()>"
					],
					"depth":8,
					"method":"<android.app.FragmentController: void restoreAllState(android.os.Parcelable,android.app.FragmentManagerNonConfig)>",
					"source":"FIELDCALLER"
				}
			],
			"callerOfSingnlar2SourceVar":{}
		}
	]
}