{
	"exceptions":[
		{
			"method":"<android.content.pm.dex.DexMetadataHelper: java.lang.String buildDexMetadataPathForApk(java.lang.String)>",
			"message":"\\QCorrupted package. Code path is not an apk \\E[\\s\\S]*",
			"relatedVarType":"Parameter",
			"relatedCondType":"Basic",
			"modifier":"public",
			"type":"java.lang.IllegalStateException",
			"osVersionRelated":false,
			"resourceRelated":false,
			"assessRelated":false,
			"hardwareRelated":false,
			"manifestRelated":false,
			"conditions":"$z0 != 0",
			"paramValues":"@parameter0: java.lang.String",
			"relatedValues":"@parameter0: java.lang.String; ; ",
			"keyAPISameClassNum":0,
			"keyAPIDiffClassNum":0,
			"keyAPISameClass":[
				{
					"trace":[
						"<android.content.pm.dex.DexMetadataHelper: java.lang.String buildDexMetadataPathForApk(java.lang.String)>"
					],
					"depth":0,
					"method":"<android.content.pm.dex.DexMetadataHelper: java.lang.String buildDexMetadataPathForApk(java.lang.String)>",
					"source":"CALLER"
				},
				{
					"trace":[
						"<android.content.pm.dex.DexMetadataHelper: java.io.File findDexMetadataForFile(java.io.File)>",
						"<android.content.pm.dex.DexMetadataHelper: java.lang.String buildDexMetadataPathForFile(java.io.File)>",
						"<android.content.pm.dex.DexMetadataHelper: java.lang.String buildDexMetadataPathForApk(java.lang.String)>"
					],
					"depth":2,
					"method":"<android.content.pm.dex.DexMetadataHelper: java.io.File findDexMetadataForFile(java.io.File)>",
					"source":"CALLER"
				},
				{
					"trace":[
						"<android.content.pm.dex.DexMetadataHelper: void validateDexPaths(java.lang.String[])>",
						"<android.content.pm.dex.DexMetadataHelper: java.lang.String buildDexMetadataPathForFile(java.io.File)>",
						"<android.content.pm.dex.DexMetadataHelper: java.lang.String buildDexMetadataPathForApk(java.lang.String)>"
					],
					"depth":2,
					"method":"<android.content.pm.dex.DexMetadataHelper: void validateDexPaths(java.lang.String[])>",
					"source":"CALLER"
				},
				{
					"trace":[
						"<android.content.pm.dex.DexMetadataHelper: java.util.Map getPackageDexMetadata(android.content.pm.PackageParser$Package)>",
						"<android.content.pm.dex.DexMetadataHelper: java.util.Map buildPackageApkToDexMetadataMap(java.util.List)>",
						"<android.content.pm.dex.DexMetadataHelper: java.lang.String buildDexMetadataPathForFile(java.io.File)>",
						"<android.content.pm.dex.DexMetadataHelper: java.lang.String buildDexMetadataPathForApk(java.lang.String)>"
					],
					"depth":3,
					"method":"<android.content.pm.dex.DexMetadataHelper: java.util.Map getPackageDexMetadata(android.content.pm.PackageParser$Package)>",
					"source":"CALLER"
				},
				{
					"trace":[
						"<android.content.pm.dex.DexMetadataHelper: void validatePackageDexMetadata(android.content.pm.PackageParser$Package)>",
						"<android.content.pm.dex.DexMetadataHelper: java.util.Map getPackageDexMetadata(android.content.pm.PackageParser$Package)>",
						"<android.content.pm.dex.DexMetadataHelper: java.util.Map buildPackageApkToDexMetadataMap(java.util.List)>",
						"<android.content.pm.dex.DexMetadataHelper: java.lang.String buildDexMetadataPathForFile(java.io.File)>",
						"<android.content.pm.dex.DexMetadataHelper: java.lang.String buildDexMetadataPathForApk(java.lang.String)>"
					],
					"depth":4,
					"method":"<android.content.pm.dex.DexMetadataHelper: void validatePackageDexMetadata(android.content.pm.PackageParser$Package)>",
					"source":"CALLER"
				},
				{
					"trace":[
						"<android.content.pm.dex.DexMetadataHelper: long getPackageDexMetadataSize(android.content.pm.PackageParser$PackageLite)>",
						"<android.content.pm.dex.DexMetadataHelper: java.util.Map getPackageDexMetadata(android.content.pm.PackageParser$PackageLite)>",
						"<android.content.pm.dex.DexMetadataHelper: java.util.Map buildPackageApkToDexMetadataMap(java.util.List)>",
						"<android.content.pm.dex.DexMetadataHelper: java.lang.String buildDexMetadataPathForFile(java.io.File)>",
						"<android.content.pm.dex.DexMetadataHelper: java.lang.String buildDexMetadataPathForApk(java.lang.String)>"
					],
					"depth":4,
					"method":"<android.content.pm.dex.DexMetadataHelper: long getPackageDexMetadataSize(android.content.pm.PackageParser$PackageLite)>",
					"source":"CALLER"
				}
			],
			"keyAPIDiffClass":[],
			"callerOfSingnlar2SourceVar":{
				"<android.content.pm.dex.DexMetadataHelper: java.lang.String buildDexMetadataPathForApk(java.lang.String)>":"0"
			}
		},
		{
			"method":"<android.content.pm.dex.DexMetadataHelper: void validateDexMetadataFile(java.lang.String)>",
			"message":"[\\s\\S]*",
			"relatedVarType":"Unknown",
			"relatedCondType":"Empty",
			"modifier":"private",
			"type":"android.content.pm.PackageParser$PackageParserException",
			"osVersionRelated":false,
			"resourceRelated":false,
			"assessRelated":false,
			"hardwareRelated":false,
			"manifestRelated":false,
			"caughtValues":"@caughtexception",
			"relatedValues":"; ; @caughtexception",
			"keyAPISameClassNum":0,
			"keyAPIDiffClassNum":0,
			"keyAPISameClass":[],
			"keyAPIDiffClass":[],
			"callerOfSingnlar2SourceVar":{}
		},
		{
			"method":"<android.content.pm.dex.DexMetadataHelper: void validateDexPaths(java.lang.String[])>",
			"message":"\\QUnmatched .dm files: \\E[\\s\\S]*",
			"relatedVarType":"Parameter",
			"relatedCondType":"Basic",
			"modifier":"public",
			"type":"java.lang.IllegalStateException",
			"osVersionRelated":false,
			"resourceRelated":false,
			"assessRelated":false,
			"hardwareRelated":false,
			"manifestRelated":false,
			"conditions":"$z0 != 0, i4 >= $i1, i3 >= $i0",
			"paramValues":"@parameter0: java.lang.String[]",
			"relatedValues":"@parameter0: java.lang.String[]; ; ",
			"keyAPISameClassNum":0,
			"keyAPIDiffClassNum":0,
			"keyAPISameClass":[
				{
					"trace":[
						"<android.content.pm.dex.DexMetadataHelper: void validateDexPaths(java.lang.String[])>"
					],
					"depth":0,
					"method":"<android.content.pm.dex.DexMetadataHelper: void validateDexPaths(java.lang.String[])>",
					"source":"CALLER"
				}
			],
			"keyAPIDiffClass":[],
			"callerOfSingnlar2SourceVar":{
				"<android.content.pm.dex.DexMetadataHelper: void validateDexPaths(java.lang.String[])>":"0"
			}
		}
	]
}