{
	"exceptions":[
		{
			"method":"<android.app.backup.FullBackup$BackupScheme: void maybeParseBackupSchemeLocked()>",
			"message":"[\\s\\S]*",
			"relatedVarType":"Field",
			"relatedCondType":"Basic",
			"modifier":"private",
			"type":"java.io.IOException",
			"osVersionRelated":false,
			"resourceRelated":false,
			"assessRelated":false,
			"hardwareRelated":false,
			"manifestRelated":false,
			"conditions":"$z0 == 0, $i0 != 0",
			"fieldValues":"<android.app.backup.FullBackup$BackupScheme: int mFullBackupContent>",
			"caughtValues":"@caughtexception",
			"relatedValues":"; <android.app.backup.FullBackup$BackupScheme: int mFullBackupContent>; @caughtexception",
			"keyAPISameClassNum":0,
			"keyAPIDiffClassNum":7,
			"keyAPISameClass":[],
			"keyAPIDiffClass":[
				{
					"trace":[
						"<android.app.backup.FullBackup: android.app.backup.FullBackup$BackupScheme getBackupSchemeForTest(android.content.Context)>",
						"<android.app.backup.FullBackup$BackupScheme: void <init>(android.content.Context)>",
						"key field: <android.app.backup.FullBackup$BackupScheme: int mFullBackupContent>",
						"<android.app.backup.FullBackup$BackupScheme: void maybeParseBackupSchemeLocked()>"
					],
					"depth":2,
					"method":"<android.app.backup.FullBackup: android.app.backup.FullBackup$BackupScheme getBackupSchemeForTest(android.content.Context)>",
					"source":"FIELDCALLER"
				},
				{
					"trace":[
						"<android.app.backup.BackupAgent: void onFullBackup(android.app.backup.FullBackupDataOutput)>",
						"<android.app.backup.FullBackup: android.app.backup.FullBackup$BackupScheme getBackupScheme(android.content.Context)>",
						"<android.app.backup.FullBackup$BackupScheme: void <init>(android.content.Context)>",
						"key field: <android.app.backup.FullBackup$BackupScheme: int mFullBackupContent>",
						"<android.app.backup.FullBackup$BackupScheme: void maybeParseBackupSchemeLocked()>"
					],
					"depth":3,
					"method":"<android.app.backup.BackupAgent: void onFullBackup(android.app.backup.FullBackupDataOutput)>",
					"source":"FIELDCALLER"
				},
				{
					"trace":[
						"<android.app.backup.BackupAgent$BackupServiceBinder: void doFullBackup(android.os.ParcelFileDescriptor,long,int,android.app.backup.IBackupManager,int)>",
						"<android.app.backup.BackupAgent: void onFullBackup(android.app.backup.FullBackupDataOutput)>",
						"<android.app.backup.FullBackup: android.app.backup.FullBackup$BackupScheme getBackupScheme(android.content.Context)>",
						"<android.app.backup.FullBackup$BackupScheme: void <init>(android.content.Context)>",
						"key field: <android.app.backup.FullBackup$BackupScheme: int mFullBackupContent>",
						"<android.app.backup.FullBackup$BackupScheme: void maybeParseBackupSchemeLocked()>"
					],
					"depth":4,
					"method":"<android.app.backup.BackupAgent$BackupServiceBinder: void doFullBackup(android.os.ParcelFileDescriptor,long,int,android.app.backup.IBackupManager,int)>",
					"source":"FIELDCALLER"
				},
				{
					"trace":[
						"<android.app.backup.BackupAgent$BackupServiceBinder: void doMeasureFullBackup(long,int,android.app.backup.IBackupManager,int)>",
						"<android.app.backup.BackupAgent: void onFullBackup(android.app.backup.FullBackupDataOutput)>",
						"<android.app.backup.FullBackup: android.app.backup.FullBackup$BackupScheme getBackupScheme(android.content.Context)>",
						"<android.app.backup.FullBackup$BackupScheme: void <init>(android.content.Context)>",
						"key field: <android.app.backup.FullBackup$BackupScheme: int mFullBackupContent>",
						"<android.app.backup.FullBackup$BackupScheme: void maybeParseBackupSchemeLocked()>"
					],
					"depth":4,
					"method":"<android.app.backup.BackupAgent$BackupServiceBinder: void doMeasureFullBackup(long,int,android.app.backup.IBackupManager,int)>",
					"source":"FIELDCALLER"
				},
				{
					"trace":[
						"<android.app.backup.BackupAgent: void onRestoreFile(android.os.ParcelFileDescriptor,long,java.io.File,int,long,long)>",
						"<android.app.backup.BackupAgent: boolean isFileEligibleForRestore(java.io.File)>",
						"<android.app.backup.FullBackup: android.app.backup.FullBackup$BackupScheme getBackupScheme(android.content.Context)>",
						"<android.app.backup.FullBackup$BackupScheme: void <init>(android.content.Context)>",
						"key field: <android.app.backup.FullBackup$BackupScheme: int mFullBackupContent>",
						"<android.app.backup.FullBackup$BackupScheme: void maybeParseBackupSchemeLocked()>"
					],
					"depth":4,
					"method":"<android.app.backup.BackupAgent: void onRestoreFile(android.os.ParcelFileDescriptor,long,java.io.File,int,long,long)>",
					"source":"FIELDCALLER"
				},
				{
					"trace":[
						"<android.app.IBackupAgent$Stub: boolean onTransact(int,android.os.Parcel,android.os.Parcel,int)>",
						"<android.app.backup.BackupAgent$BackupServiceBinder: void doFullBackup(android.os.ParcelFileDescriptor,long,int,android.app.backup.IBackupManager,int)>",
						"<android.app.backup.BackupAgent: void onFullBackup(android.app.backup.FullBackupDataOutput)>",
						"<android.app.backup.FullBackup: android.app.backup.FullBackup$BackupScheme getBackupScheme(android.content.Context)>",
						"<android.app.backup.FullBackup$BackupScheme: void <init>(android.content.Context)>",
						"key field: <android.app.backup.FullBackup$BackupScheme: int mFullBackupContent>",
						"<android.app.backup.FullBackup$BackupScheme: void maybeParseBackupSchemeLocked()>"
					],
					"depth":5,
					"method":"<android.app.IBackupAgent$Stub: boolean onTransact(int,android.os.Parcel,android.os.Parcel,int)>",
					"source":"FIELDCALLER"
				},
				{
					"trace":[
						"<android.app.backup.BackupAgent$BackupServiceBinder: void doRestoreFile(android.os.ParcelFileDescriptor,long,int,java.lang.String,java.lang.String,long,long,int,android.app.backup.IBackupManager)>",
						"<android.app.backup.BackupAgent: void onRestoreFile(android.os.ParcelFileDescriptor,long,int,java.lang.String,java.lang.String,long,long)>",
						"<android.app.backup.BackupAgent: void onRestoreFile(android.os.ParcelFileDescriptor,long,java.io.File,int,long,long)>",
						"<android.app.backup.BackupAgent: boolean isFileEligibleForRestore(java.io.File)>",
						"<android.app.backup.FullBackup: android.app.backup.FullBackup$BackupScheme getBackupScheme(android.content.Context)>",
						"<android.app.backup.FullBackup$BackupScheme: void <init>(android.content.Context)>",
						"key field: <android.app.backup.FullBackup$BackupScheme: int mFullBackupContent>",
						"<android.app.backup.FullBackup$BackupScheme: void maybeParseBackupSchemeLocked()>"
					],
					"depth":6,
					"method":"<android.app.backup.BackupAgent$BackupServiceBinder: void doRestoreFile(android.os.ParcelFileDescriptor,long,int,java.lang.String,java.lang.String,long,long,int,android.app.backup.IBackupManager)>",
					"source":"FIELDCALLER"
				}
			],
			"callerOfSingnlar2SourceVar":{}
		},
		{
			"method":"<android.app.backup.FullBackup$BackupScheme: void parseBackupSchemeFromXmlLocked(org.xmlpull.v1.XmlPullParser,java.util.Set,java.util.Map)>",
			"message":"[\\s\\S]*",
			"relatedVarType":"Parameter",
			"relatedCondType":"Basic",
			"modifier":"public",
			"type":"java.lang.Throwable",
			"osVersionRelated":false,
			"resourceRelated":false,
			"assessRelated":false,
			"hardwareRelated":false,
			"manifestRelated":false,
			"conditions":"$z0 != 0, i25 == 2",
			"paramValues":"@parameter0: org.xmlpull.v1.XmlPullParser",
			"relatedValues":"@parameter0: org.xmlpull.v1.XmlPullParser; ; ",
			"keyAPISameClassNum":0,
			"keyAPIDiffClassNum":0,
			"keyAPISameClass":[
				{
					"trace":[
						"<android.app.backup.FullBackup$BackupScheme: void parseBackupSchemeFromXmlLocked(org.xmlpull.v1.XmlPullParser,java.util.Set,java.util.Map)>"
					],
					"depth":0,
					"method":"<android.app.backup.FullBackup$BackupScheme: void parseBackupSchemeFromXmlLocked(org.xmlpull.v1.XmlPullParser,java.util.Set,java.util.Map)>",
					"source":"CALLER"
				}
			],
			"keyAPIDiffClass":[],
			"callerOfSingnlar2SourceVar":{
				"<android.app.backup.FullBackup$BackupScheme: void parseBackupSchemeFromXmlLocked(org.xmlpull.v1.XmlPullParser,java.util.Set,java.util.Map)>":"0"
			}
		},
		{
			"method":"<android.app.backup.FullBackup$BackupScheme: java.util.Set parseCurrentTagForDomain(org.xmlpull.v1.XmlPullParser,java.util.Set,java.util.Map,java.lang.String)>",
			"message":"[\\s\\S]*",
			"relatedVarType":"Parameter",
			"relatedCondType":"Basic",
			"modifier":"private",
			"type":"java.lang.Throwable",
			"osVersionRelated":false,
			"resourceRelated":false,
			"assessRelated":false,
			"hardwareRelated":false,
			"manifestRelated":false,
			"conditions":"$z2 == 0, $z1 == 0, $z0 == 0",
			"paramValues":"@parameter0: org.xmlpull.v1.XmlPullParser",
			"relatedValues":"@parameter0: org.xmlpull.v1.XmlPullParser; ; ",
			"keyAPISameClassNum":0,
			"keyAPIDiffClassNum":0,
			"keyAPISameClass":[
				{
					"trace":[
						"<android.app.backup.FullBackup$BackupScheme: java.util.Set parseCurrentTagForDomain(org.xmlpull.v1.XmlPullParser,java.util.Set,java.util.Map,java.lang.String)>"
					],
					"depth":0,
					"method":"<android.app.backup.FullBackup$BackupScheme: java.util.Set parseCurrentTagForDomain(org.xmlpull.v1.XmlPullParser,java.util.Set,java.util.Map,java.lang.String)>",
					"source":"CALLER"
				},
				{
					"trace":[
						"<android.app.backup.FullBackup$BackupScheme: void parseBackupSchemeFromXmlLocked(org.xmlpull.v1.XmlPullParser,java.util.Set,java.util.Map)>",
						"<android.app.backup.FullBackup$BackupScheme: java.util.Set parseCurrentTagForDomain(org.xmlpull.v1.XmlPullParser,java.util.Set,java.util.Map,java.lang.String)>"
					],
					"depth":1,
					"method":"<android.app.backup.FullBackup$BackupScheme: void parseBackupSchemeFromXmlLocked(org.xmlpull.v1.XmlPullParser,java.util.Set,java.util.Map)>",
					"source":"CALLER"
				}
			],
			"keyAPIDiffClass":[],
			"callerOfSingnlar2SourceVar":{
				"<android.app.backup.FullBackup$BackupScheme: void parseBackupSchemeFromXmlLocked(org.xmlpull.v1.XmlPullParser,java.util.Set,java.util.Map)>":"0",
				"<android.app.backup.FullBackup$BackupScheme: java.util.Set parseCurrentTagForDomain(org.xmlpull.v1.XmlPullParser,java.util.Set,java.util.Map,java.lang.String)>":"0"
			}
		},
		{
			"method":"<android.app.backup.FullBackup$BackupScheme: void validateInnerTagContents(org.xmlpull.v1.XmlPullParser)>",
			"message":"[\\s\\S]*",
			"relatedVarType":"Parameter",
			"relatedCondType":"Basic",
			"modifier":"private",
			"type":"java.lang.Throwable",
			"osVersionRelated":false,
			"resourceRelated":false,
			"assessRelated":false,
			"hardwareRelated":false,
			"manifestRelated":false,
			"conditions":"b3, r0 != null, $z0 == 0",
			"paramValues":"@parameter0: org.xmlpull.v1.XmlPullParser",
			"relatedValues":"@parameter0: org.xmlpull.v1.XmlPullParser; ; ",
			"keyAPISameClassNum":0,
			"keyAPIDiffClassNum":0,
			"keyAPISameClass":[
				{
					"trace":[
						"<android.app.backup.FullBackup$BackupScheme: void validateInnerTagContents(org.xmlpull.v1.XmlPullParser)>"
					],
					"depth":0,
					"method":"<android.app.backup.FullBackup$BackupScheme: void validateInnerTagContents(org.xmlpull.v1.XmlPullParser)>",
					"source":"CALLER"
				},
				{
					"trace":[
						"<android.app.backup.FullBackup$BackupScheme: void parseBackupSchemeFromXmlLocked(org.xmlpull.v1.XmlPullParser,java.util.Set,java.util.Map)>",
						"<android.app.backup.FullBackup$BackupScheme: void validateInnerTagContents(org.xmlpull.v1.XmlPullParser)>"
					],
					"depth":1,
					"method":"<android.app.backup.FullBackup$BackupScheme: void parseBackupSchemeFromXmlLocked(org.xmlpull.v1.XmlPullParser,java.util.Set,java.util.Map)>",
					"source":"CALLER"
				}
			],
			"keyAPIDiffClass":[],
			"callerOfSingnlar2SourceVar":{
				"<android.app.backup.FullBackup$BackupScheme: void parseBackupSchemeFromXmlLocked(org.xmlpull.v1.XmlPullParser,java.util.Set,java.util.Map)>":"0",
				"<android.app.backup.FullBackup$BackupScheme: void validateInnerTagContents(org.xmlpull.v1.XmlPullParser)>":"0"
			}
		},
		{
			"method":"<android.app.backup.FullBackup$BackupScheme: void validateInnerTagContents(org.xmlpull.v1.XmlPullParser)>",
			"message":"[\\s\\S]*",
			"relatedVarType":"Parameter",
			"relatedCondType":"Basic",
			"modifier":"private",
			"type":"java.lang.Throwable",
			"osVersionRelated":false,
			"resourceRelated":false,
			"assessRelated":false,
			"hardwareRelated":false,
			"manifestRelated":false,
			"conditions":"$i2 <= 3, b3, r0 != null",
			"paramValues":"@parameter0: org.xmlpull.v1.XmlPullParser",
			"relatedValues":"@parameter0: org.xmlpull.v1.XmlPullParser; ; ",
			"keyAPISameClassNum":0,
			"keyAPIDiffClassNum":0,
			"keyAPISameClass":[
				{
					"trace":[
						"<android.app.backup.FullBackup$BackupScheme: void validateInnerTagContents(org.xmlpull.v1.XmlPullParser)>"
					],
					"depth":0,
					"method":"<android.app.backup.FullBackup$BackupScheme: void validateInnerTagContents(org.xmlpull.v1.XmlPullParser)>",
					"source":"CALLER"
				},
				{
					"trace":[
						"<android.app.backup.FullBackup$BackupScheme: void parseBackupSchemeFromXmlLocked(org.xmlpull.v1.XmlPullParser,java.util.Set,java.util.Map)>",
						"<android.app.backup.FullBackup$BackupScheme: void validateInnerTagContents(org.xmlpull.v1.XmlPullParser)>"
					],
					"depth":1,
					"method":"<android.app.backup.FullBackup$BackupScheme: void parseBackupSchemeFromXmlLocked(org.xmlpull.v1.XmlPullParser,java.util.Set,java.util.Map)>",
					"source":"CALLER"
				}
			],
			"keyAPIDiffClass":[],
			"callerOfSingnlar2SourceVar":{
				"<android.app.backup.FullBackup$BackupScheme: void parseBackupSchemeFromXmlLocked(org.xmlpull.v1.XmlPullParser,java.util.Set,java.util.Map)>":"0",
				"<android.app.backup.FullBackup$BackupScheme: void validateInnerTagContents(org.xmlpull.v1.XmlPullParser)>":"0"
			}
		},
		{
			"method":"<android.app.backup.FullBackup$BackupScheme: void validateInnerTagContents(org.xmlpull.v1.XmlPullParser)>",
			"message":"[\\s\\S]*",
			"relatedVarType":"Parameter",
			"relatedCondType":"Basic",
			"modifier":"private",
			"type":"java.lang.Throwable",
			"osVersionRelated":false,
			"resourceRelated":false,
			"assessRelated":false,
			"hardwareRelated":false,
			"manifestRelated":false,
			"conditions":"$i1 <= 2, b3, r0 != null",
			"paramValues":"@parameter0: org.xmlpull.v1.XmlPullParser",
			"relatedValues":"@parameter0: org.xmlpull.v1.XmlPullParser; ; ",
			"keyAPISameClassNum":0,
			"keyAPIDiffClassNum":0,
			"keyAPISameClass":[
				{
					"trace":[
						"<android.app.backup.FullBackup$BackupScheme: void validateInnerTagContents(org.xmlpull.v1.XmlPullParser)>"
					],
					"depth":0,
					"method":"<android.app.backup.FullBackup$BackupScheme: void validateInnerTagContents(org.xmlpull.v1.XmlPullParser)>",
					"source":"CALLER"
				},
				{
					"trace":[
						"<android.app.backup.FullBackup$BackupScheme: void parseBackupSchemeFromXmlLocked(org.xmlpull.v1.XmlPullParser,java.util.Set,java.util.Map)>",
						"<android.app.backup.FullBackup$BackupScheme: void validateInnerTagContents(org.xmlpull.v1.XmlPullParser)>"
					],
					"depth":1,
					"method":"<android.app.backup.FullBackup$BackupScheme: void parseBackupSchemeFromXmlLocked(org.xmlpull.v1.XmlPullParser,java.util.Set,java.util.Map)>",
					"source":"CALLER"
				}
			],
			"keyAPIDiffClass":[],
			"callerOfSingnlar2SourceVar":{
				"<android.app.backup.FullBackup$BackupScheme: void parseBackupSchemeFromXmlLocked(org.xmlpull.v1.XmlPullParser,java.util.Set,java.util.Map)>":"0",
				"<android.app.backup.FullBackup$BackupScheme: void validateInnerTagContents(org.xmlpull.v1.XmlPullParser)>":"0"
			}
		}
	]
}