{
	"exceptions":[
		{
			"method":"<android.filterfw.core.FilterFactory: android.filterfw.core.Filter createFilterByClassName(java.lang.String,java.lang.String)>",
			"message":"\\QUnknown filter class '\\E[\\s\\S]*\\Q'!\\E",
			"relatedVarType":"ParaAndField",
			"relatedCondType":"Basic",
			"modifier":"public",
			"type":"java.lang.IllegalArgumentException",
			"osVersionRelated":false,
			"resourceRelated":false,
			"assessRelated":false,
			"hardwareRelated":false,
			"manifestRelated":false,
			"conditions":"r34 != null, $z0 == 0",
			"paramValues":"@parameter0: java.lang.String",
			"fieldValues":"<android.filterfw.core.FilterFactory: boolean mLogVerbose>, <android.filterfw.core.FilterFactory: java.util.HashSet mPackages>, <android.filterfw.core.FilterFactory: java.lang.ClassLoader mCurrentClassLoader>",
			"relatedValues":"@parameter0: java.lang.String; <android.filterfw.core.FilterFactory: boolean mLogVerbose>, <android.filterfw.core.FilterFactory: java.util.HashSet mPackages>, <android.filterfw.core.FilterFactory: java.lang.ClassLoader mCurrentClassLoader>; ",
			"keyAPISameClassNum":5,
			"keyAPIDiffClassNum":7,
			"keyAPISameClass":[
				{
					"trace":[
						"<android.filterfw.core.FilterFactory: android.filterfw.core.Filter createFilterByClassName(java.lang.String,java.lang.String)>"
					],
					"depth":1,
					"method":"<android.filterfw.core.FilterFactory: void <init>()>",
					"source":"FIELD"
				},
				{
					"trace":[
						"<android.filterfw.core.FilterFactory: android.filterfw.core.Filter createFilterByClassName(java.lang.String,java.lang.String)>"
					],
					"depth":1,
					"method":"<android.filterfw.core.FilterFactory: void addPackage(java.lang.String)>",
					"source":"FIELD"
				},
				{
					"trace":[
						"<android.filterfw.core.FilterFactory: android.filterfw.core.Filter createFilterByClassName(java.lang.String,java.lang.String)>"
					],
					"depth":1,
					"method":"<android.filterfw.core.FilterFactory: android.filterfw.core.Filter createFilterByClassName(java.lang.String,java.lang.String)>",
					"source":"FIELD"
				},
				{
					"trace":[
						"<android.filterfw.core.FilterFactory: android.filterfw.core.Filter createFilterByClassName(java.lang.String,java.lang.String)>"
					],
					"depth":1,
					"method":"<android.filterfw.core.FilterFactory: void addFilterLibrary(java.lang.String)>",
					"source":"FIELD"
				},
				{
					"trace":[
						"<android.filterfw.core.FilterFactory: android.filterfw.core.FilterFactory sharedFactory()>",
						"<android.filterfw.core.FilterFactory: void <init>()>",
						"key field: <android.filterfw.core.FilterFactory: java.util.HashSet mPackages>",
						"<android.filterfw.core.FilterFactory: android.filterfw.core.Filter createFilterByClassName(java.lang.String,java.lang.String)>"
					],
					"depth":2,
					"method":"<android.filterfw.core.FilterFactory: android.filterfw.core.FilterFactory sharedFactory()>",
					"source":"FIELDCALLER"
				}
			],
			"keyAPIDiffClass":[
				{
					"trace":[
						"<android.filterfw.io.TextGraphReader$ImportPackageCommand: void execute(android.filterfw.io.TextGraphReader)>",
						"<android.filterfw.core.FilterFactory: void addPackage(java.lang.String)>",
						"key field: <android.filterfw.core.FilterFactory: java.util.HashSet mPackages>",
						"<android.filterfw.core.FilterFactory: android.filterfw.core.Filter createFilterByClassName(java.lang.String,java.lang.String)>"
					],
					"depth":2,
					"method":"<android.filterfw.io.TextGraphReader$ImportPackageCommand: void execute(android.filterfw.io.TextGraphReader)>",
					"source":"FIELDCALLER"
				},
				{
					"trace":[
						"<android.filterfw.io.TextGraphReader$Command: void execute(android.filterfw.io.TextGraphReader)>",
						"<android.filterfw.core.FilterFactory: void addPackage(java.lang.String)>",
						"key field: <android.filterfw.core.FilterFactory: java.util.HashSet mPackages>",
						"<android.filterfw.core.FilterFactory: android.filterfw.core.Filter createFilterByClassName(java.lang.String,java.lang.String)>"
					],
					"depth":2,
					"method":"<android.filterfw.io.TextGraphReader$Command: void execute(android.filterfw.io.TextGraphReader)>",
					"source":"FIELDCALLER"
				},
				{
					"trace":[
						"<android.filterfw.io.TextGraphReader$AllocateFilterCommand: void execute(android.filterfw.io.TextGraphReader)>",
						"<android.filterfw.core.FilterFactory: android.filterfw.core.Filter createFilterByClassName(java.lang.String,java.lang.String)>",
						"key field: <android.filterfw.core.FilterFactory: java.util.HashSet mPackages>",
						"<android.filterfw.core.FilterFactory: android.filterfw.core.Filter createFilterByClassName(java.lang.String,java.lang.String)>"
					],
					"depth":2,
					"method":"<android.filterfw.io.TextGraphReader$AllocateFilterCommand: void execute(android.filterfw.io.TextGraphReader)>",
					"source":"FIELDCALLER"
				},
				{
					"trace":[
						"<android.filterfw.io.TextGraphReader$AddLibraryCommand: void execute(android.filterfw.io.TextGraphReader)>",
						"<android.filterfw.core.FilterFactory: void addFilterLibrary(java.lang.String)>",
						"key field: <android.filterfw.core.FilterFactory: java.lang.ClassLoader mCurrentClassLoader>",
						"<android.filterfw.core.FilterFactory: android.filterfw.core.Filter createFilterByClassName(java.lang.String,java.lang.String)>"
					],
					"depth":2,
					"method":"<android.filterfw.io.TextGraphReader$AddLibraryCommand: void execute(android.filterfw.io.TextGraphReader)>",
					"source":"FIELDCALLER"
				},
				{
					"trace":[
						"<android.filterfw.FilterFunctionEnvironment: android.filterfw.core.FilterFunction createFunction(java.lang.Class,java.lang.Object[])>",
						"<android.filterfw.core.FilterFactory: android.filterfw.core.FilterFactory sharedFactory()>",
						"<android.filterfw.core.FilterFactory: void <init>()>",
						"key field: <android.filterfw.core.FilterFactory: java.util.HashSet mPackages>",
						"<android.filterfw.core.FilterFactory: android.filterfw.core.Filter createFilterByClassName(java.lang.String,java.lang.String)>"
					],
					"depth":3,
					"method":"<android.filterfw.FilterFunctionEnvironment: android.filterfw.core.FilterFunction createFunction(java.lang.Class,java.lang.Object[])>",
					"source":"FIELDCALLER"
				},
				{
					"trace":[
						"<android.filterfw.io.TextGraphReader: android.filterfw.core.FilterGraph readGraphString(java.lang.String)>",
						"<android.filterfw.io.TextGraphReader: void reset()>",
						"<android.filterfw.core.FilterFactory: void <init>()>",
						"key field: <android.filterfw.core.FilterFactory: java.util.HashSet mPackages>",
						"<android.filterfw.core.FilterFactory: android.filterfw.core.Filter createFilterByClassName(java.lang.String,java.lang.String)>"
					],
					"depth":3,
					"method":"<android.filterfw.io.TextGraphReader: android.filterfw.core.FilterGraph readGraphString(java.lang.String)>",
					"source":"FIELDCALLER"
				},
				{
					"trace":[
						"<android.filterfw.io.GraphReader: android.filterfw.core.FilterGraph readGraphString(java.lang.String)>",
						"<android.filterfw.io.TextGraphReader: void reset()>",
						"<android.filterfw.core.FilterFactory: void <init>()>",
						"key field: <android.filterfw.core.FilterFactory: java.util.HashSet mPackages>",
						"<android.filterfw.core.FilterFactory: android.filterfw.core.Filter createFilterByClassName(java.lang.String,java.lang.String)>"
					],
					"depth":3,
					"method":"<android.filterfw.io.GraphReader: android.filterfw.core.FilterGraph readGraphString(java.lang.String)>",
					"source":"FIELDCALLER"
				}
			],
			"callerOfSingnlar2SourceVar":{
				"<android.filterfw.core.FilterFactory: android.filterfw.core.Filter createFilterByClassName(java.lang.String,java.lang.String)>":"0"
			}
		},
		{
			"method":"<android.filterfw.core.FilterFactory: android.filterfw.core.Filter createFilterByClass(java.lang.Class,java.lang.String)>",
			"message":"\\QAttempting to allocate class '\\E[\\s\\S]*\\Q' which is not a subclass of Filter!\\E",
			"relatedVarType":"Unknown",
			"relatedCondType":"Empty",
			"modifier":"public",
			"type":"java.lang.IllegalArgumentException",
			"osVersionRelated":false,
			"resourceRelated":false,
			"assessRelated":false,
			"hardwareRelated":false,
			"manifestRelated":false,
			"caughtValues":"@caughtexception",
			"relatedValues":"; ; @caughtexception",
			"keyAPISameClassNum":0,
			"keyAPIDiffClassNum":0,
			"keyAPISameClass":[],
			"keyAPIDiffClass":[],
			"callerOfSingnlar2SourceVar":{}
		},
		{
			"method":"<android.filterfw.core.FilterFactory: android.filterfw.core.Filter createFilterByClass(java.lang.Class,java.lang.String)>",
			"message":"\\QThe filter class '\\E[\\s\\S]*\\Q' does not have a constructor of the form <init>(String name)!\\E",
			"relatedVarType":"Unknown",
			"relatedCondType":"Empty",
			"modifier":"public",
			"type":"java.lang.IllegalArgumentException",
			"osVersionRelated":false,
			"resourceRelated":false,
			"assessRelated":false,
			"hardwareRelated":false,
			"manifestRelated":false,
			"caughtValues":"@caughtexception",
			"relatedValues":"; ; @caughtexception",
			"keyAPISameClassNum":0,
			"keyAPIDiffClassNum":0,
			"keyAPISameClass":[],
			"keyAPIDiffClass":[],
			"callerOfSingnlar2SourceVar":{}
		},
		{
			"method":"<android.filterfw.core.FilterFactory: android.filterfw.core.Filter createFilterByClass(java.lang.Class,java.lang.String)>",
			"message":"\\QCould not construct the filter '\\E[\\s\\S]*\\Q'!\\E",
			"relatedVarType":"Parameter",
			"relatedCondType":"Basic",
			"modifier":"public",
			"type":"java.lang.IllegalArgumentException",
			"osVersionRelated":false,
			"resourceRelated":false,
			"assessRelated":false,
			"hardwareRelated":false,
			"manifestRelated":false,
			"conditions":"r28 != null",
			"paramValues":"@parameter0: java.lang.Class",
			"caughtValues":"@caughtexception",
			"relatedValues":"@parameter0: java.lang.Class; ; @caughtexception",
			"keyAPISameClassNum":0,
			"keyAPIDiffClassNum":0,
			"keyAPISameClass":[
				{
					"trace":[
						"<android.filterfw.core.FilterFactory: android.filterfw.core.Filter createFilterByClass(java.lang.Class,java.lang.String)>"
					],
					"depth":0,
					"method":"<android.filterfw.core.FilterFactory: android.filterfw.core.Filter createFilterByClass(java.lang.Class,java.lang.String)>",
					"source":"CALLER"
				},
				{
					"trace":[
						"<android.filterfw.core.FilterFactory: android.filterfw.core.Filter createFilterByClassName(java.lang.String,java.lang.String)>",
						"<android.filterfw.core.FilterFactory: android.filterfw.core.Filter createFilterByClass(java.lang.Class,java.lang.String)>"
					],
					"depth":1,
					"method":"<android.filterfw.core.FilterFactory: android.filterfw.core.Filter createFilterByClassName(java.lang.String,java.lang.String)>",
					"source":"CALLER"
				}
			],
			"keyAPIDiffClass":[
				{
					"trace":[
						"<android.filterfw.FilterFunctionEnvironment: android.filterfw.core.FilterFunction createFunction(java.lang.Class,java.lang.Object[])>",
						"<android.filterfw.core.FilterFactory: android.filterfw.core.Filter createFilterByClass(java.lang.Class,java.lang.String)>"
					],
					"depth":1,
					"method":"<android.filterfw.FilterFunctionEnvironment: android.filterfw.core.FilterFunction createFunction(java.lang.Class,java.lang.Object[])>",
					"source":"CALLER"
				}
			],
			"callerOfSingnlar2SourceVar":{
				"<android.filterfw.FilterFunctionEnvironment: android.filterfw.core.FilterFunction createFunction(java.lang.Class,java.lang.Object[])>":"0",
				"<android.media.effect.SizeChangeEffect: void <init>(android.media.effect.EffectContext,java.lang.String,java.lang.Class,java.lang.String,java.lang.String,java.lang.Object[])>":"2",
				"<android.media.effect.SingleFilterEffect: void <init>(android.media.effect.EffectContext,java.lang.String,java.lang.Class,java.lang.String,java.lang.String,java.lang.Object[])>":"2",
				"<android.filterfw.core.FilterFactory: android.filterfw.core.Filter createFilterByClass(java.lang.Class,java.lang.String)>":"0"
			}
		}
	]
}