{
	"exceptions":[
		{
			"method":"<android.bluetooth.BluetoothAvrcpController: java.util.List getConnectedDevices()>",
			"message":"[\\s\\S]*",
			"relatedVarType":"Field",
			"relatedCondType":"Basic",
			"modifier":"public",
			"type":"java.lang.Throwable",
			"osVersionRelated":false,
			"resourceRelated":false,
			"assessRelated":false,
			"hardwareRelated":false,
			"manifestRelated":false,
			"conditions":"$z0 == 0, r1 == null",
			"fieldValues":"<android.bluetooth.BluetoothAvrcpController: android.bluetooth.IBluetoothAvrcpController mService>",
			"caughtValues":"@caughtexception",
			"relatedValues":"; <android.bluetooth.BluetoothAvrcpController: android.bluetooth.IBluetoothAvrcpController mService>; @caughtexception",
			"keyAPISameClassNum":7,
			"keyAPIDiffClassNum":7,
			"keyAPISameClass":[
				{
					"trace":[
						"<android.bluetooth.BluetoothAvrcpController: java.util.List getConnectedDevices()>"
					],
					"depth":1,
					"method":"<android.bluetooth.BluetoothAvrcpController: java.util.List getConnectedDevices()>",
					"source":"FIELD"
				},
				{
					"trace":[
						"<android.bluetooth.BluetoothAvrcpController: java.util.List getConnectedDevices()>"
					],
					"depth":1,
					"method":"<android.bluetooth.BluetoothAvrcpController: java.util.List getDevicesMatchingConnectionStates(int[])>",
					"source":"FIELD"
				},
				{
					"trace":[
						"<android.bluetooth.BluetoothAvrcpController: java.util.List getConnectedDevices()>"
					],
					"depth":1,
					"method":"<android.bluetooth.BluetoothAvrcpController: int getConnectionState(android.bluetooth.BluetoothDevice)>",
					"source":"FIELD"
				},
				{
					"trace":[
						"<android.bluetooth.BluetoothAvrcpController: java.util.List getConnectedDevices()>"
					],
					"depth":1,
					"method":"<android.bluetooth.BluetoothAvrcpController: android.bluetooth.BluetoothAvrcpPlayerSettings getPlayerSettings(android.bluetooth.BluetoothDevice)>",
					"source":"FIELD"
				},
				{
					"trace":[
						"<android.bluetooth.BluetoothAvrcpController: java.util.List getConnectedDevices()>"
					],
					"depth":1,
					"method":"<android.bluetooth.BluetoothAvrcpController: boolean setPlayerApplicationSetting(android.bluetooth.BluetoothAvrcpPlayerSettings)>",
					"source":"FIELD"
				},
				{
					"trace":[
						"<android.bluetooth.BluetoothAvrcpController: java.util.List getConnectedDevices()>"
					],
					"depth":1,
					"method":"<android.bluetooth.BluetoothAvrcpController: void sendGroupNavigationCmd(android.bluetooth.BluetoothDevice,int,int)>",
					"source":"FIELD"
				},
				{
					"trace":[
						"<android.bluetooth.BluetoothAvrcpController: void finalize()>",
						"<android.bluetooth.BluetoothAvrcpController: void close()>",
						"key field: <android.bluetooth.BluetoothAvrcpController: android.bluetooth.IBluetoothAvrcpController mService>",
						"<android.bluetooth.BluetoothAvrcpController: java.util.List getConnectedDevices()>"
					],
					"depth":2,
					"method":"<android.bluetooth.BluetoothAvrcpController: void finalize()>",
					"source":"FIELDCALLER"
				}
			],
			"keyAPIDiffClass":[
				{
					"trace":[
						"<android.bluetooth.BluetoothAdapter: void closeProfileProxy(int,android.bluetooth.BluetoothProfile)>",
						"<android.bluetooth.BluetoothAvrcpController: void close()>",
						"key field: <android.bluetooth.BluetoothAvrcpController: android.bluetooth.IBluetoothAvrcpController mService>",
						"<android.bluetooth.BluetoothAvrcpController: java.util.List getConnectedDevices()>"
					],
					"depth":2,
					"method":"<android.bluetooth.BluetoothAdapter: void closeProfileProxy(int,android.bluetooth.BluetoothProfile)>",
					"source":"FIELDCALLER"
				},
				{
					"trace":[
						"<android.bluetooth.BluetoothAvrcpController$2: void onServiceDisconnected(android.content.ComponentName)>",
						"<android.bluetooth.BluetoothAvrcpController: android.bluetooth.IBluetoothAvrcpController access$102(android.bluetooth.BluetoothAvrcpController,android.bluetooth.IBluetoothAvrcpController)>",
						"key field: <android.bluetooth.BluetoothAvrcpController: android.bluetooth.IBluetoothAvrcpController mService>",
						"<android.bluetooth.BluetoothAvrcpController: java.util.List getConnectedDevices()>"
					],
					"depth":2,
					"method":"<android.bluetooth.BluetoothAvrcpController$2: void onServiceDisconnected(android.content.ComponentName)>",
					"source":"FIELDCALLER"
				},
				{
					"trace":[
						"<android.content.ServiceConnection: void onServiceDisconnected(android.content.ComponentName)>",
						"<android.bluetooth.BluetoothAvrcpController: android.bluetooth.IBluetoothAvrcpController access$102(android.bluetooth.BluetoothAvrcpController,android.bluetooth.IBluetoothAvrcpController)>",
						"key field: <android.bluetooth.BluetoothAvrcpController: android.bluetooth.IBluetoothAvrcpController mService>",
						"<android.bluetooth.BluetoothAvrcpController: java.util.List getConnectedDevices()>"
					],
					"depth":2,
					"method":"<android.content.ServiceConnection: void onServiceDisconnected(android.content.ComponentName)>",
					"source":"FIELDCALLER"
				},
				{
					"trace":[
						"<android.bluetooth.BluetoothAvrcpController$1: void onBluetoothStateChange(boolean)>",
						"<android.bluetooth.BluetoothAvrcpController: android.bluetooth.IBluetoothAvrcpController access$102(android.bluetooth.BluetoothAvrcpController,android.bluetooth.IBluetoothAvrcpController)>",
						"key field: <android.bluetooth.BluetoothAvrcpController: android.bluetooth.IBluetoothAvrcpController mService>",
						"<android.bluetooth.BluetoothAvrcpController: java.util.List getConnectedDevices()>"
					],
					"depth":2,
					"method":"<android.bluetooth.BluetoothAvrcpController$1: void onBluetoothStateChange(boolean)>",
					"source":"FIELDCALLER"
				},
				{
					"trace":[
						"<android.bluetooth.BluetoothAvrcpController$2: void onServiceConnected(android.content.ComponentName,android.os.IBinder)>",
						"<android.bluetooth.BluetoothAvrcpController: android.bluetooth.IBluetoothAvrcpController access$102(android.bluetooth.BluetoothAvrcpController,android.bluetooth.IBluetoothAvrcpController)>",
						"key field: <android.bluetooth.BluetoothAvrcpController: android.bluetooth.IBluetoothAvrcpController mService>",
						"<android.bluetooth.BluetoothAvrcpController: java.util.List getConnectedDevices()>"
					],
					"depth":2,
					"method":"<android.bluetooth.BluetoothAvrcpController$2: void onServiceConnected(android.content.ComponentName,android.os.IBinder)>",
					"source":"FIELDCALLER"
				},
				{
					"trace":[
						"<android.content.ServiceConnection: void onServiceConnected(android.content.ComponentName,android.os.IBinder)>",
						"<android.bluetooth.BluetoothAvrcpController: android.bluetooth.IBluetoothAvrcpController access$102(android.bluetooth.BluetoothAvrcpController,android.bluetooth.IBluetoothAvrcpController)>",
						"key field: <android.bluetooth.BluetoothAvrcpController: android.bluetooth.IBluetoothAvrcpController mService>",
						"<android.bluetooth.BluetoothAvrcpController: java.util.List getConnectedDevices()>"
					],
					"depth":2,
					"method":"<android.content.ServiceConnection: void onServiceConnected(android.content.ComponentName,android.os.IBinder)>",
					"source":"FIELDCALLER"
				},
				{
					"trace":[
						"<android.bluetooth.IBluetoothStateChangeCallback$Stub: boolean onTransact(int,android.os.Parcel,android.os.Parcel,int)>",
						"<android.bluetooth.BluetoothAvrcpController$1: void onBluetoothStateChange(boolean)>",
						"<android.bluetooth.BluetoothAvrcpController: android.bluetooth.IBluetoothAvrcpController access$102(android.bluetooth.BluetoothAvrcpController,android.bluetooth.IBluetoothAvrcpController)>",
						"key field: <android.bluetooth.BluetoothAvrcpController: android.bluetooth.IBluetoothAvrcpController mService>",
						"<android.bluetooth.BluetoothAvrcpController: java.util.List getConnectedDevices()>"
					],
					"depth":3,
					"method":"<android.bluetooth.IBluetoothStateChangeCallback$Stub: boolean onTransact(int,android.os.Parcel,android.os.Parcel,int)>",
					"source":"FIELDCALLER"
				}
			],
			"callerOfSingnlar2SourceVar":{}
		},
		{
			"method":"<android.bluetooth.BluetoothAvrcpController: java.util.List getDevicesMatchingConnectionStates(int[])>",
			"message":"[\\s\\S]*",
			"relatedVarType":"Field",
			"relatedCondType":"Basic",
			"modifier":"public",
			"type":"java.lang.Throwable",
			"osVersionRelated":false,
			"resourceRelated":false,
			"assessRelated":false,
			"hardwareRelated":false,
			"manifestRelated":false,
			"conditions":"$z0 == 0, r1 == null",
			"fieldValues":"<android.bluetooth.BluetoothAvrcpController: android.bluetooth.IBluetoothAvrcpController mService>",
			"caughtValues":"@caughtexception",
			"relatedValues":"; <android.bluetooth.BluetoothAvrcpController: android.bluetooth.IBluetoothAvrcpController mService>; @caughtexception",
			"keyAPISameClassNum":7,
			"keyAPIDiffClassNum":7,
			"keyAPISameClass":[
				{
					"trace":[
						"<android.bluetooth.BluetoothAvrcpController: java.util.List getDevicesMatchingConnectionStates(int[])>"
					],
					"depth":1,
					"method":"<android.bluetooth.BluetoothAvrcpController: java.util.List getConnectedDevices()>",
					"source":"FIELD"
				},
				{
					"trace":[
						"<android.bluetooth.BluetoothAvrcpController: java.util.List getDevicesMatchingConnectionStates(int[])>"
					],
					"depth":1,
					"method":"<android.bluetooth.BluetoothAvrcpController: java.util.List getDevicesMatchingConnectionStates(int[])>",
					"source":"FIELD"
				},
				{
					"trace":[
						"<android.bluetooth.BluetoothAvrcpController: java.util.List getDevicesMatchingConnectionStates(int[])>"
					],
					"depth":1,
					"method":"<android.bluetooth.BluetoothAvrcpController: int getConnectionState(android.bluetooth.BluetoothDevice)>",
					"source":"FIELD"
				},
				{
					"trace":[
						"<android.bluetooth.BluetoothAvrcpController: java.util.List getDevicesMatchingConnectionStates(int[])>"
					],
					"depth":1,
					"method":"<android.bluetooth.BluetoothAvrcpController: android.bluetooth.BluetoothAvrcpPlayerSettings getPlayerSettings(android.bluetooth.BluetoothDevice)>",
					"source":"FIELD"
				},
				{
					"trace":[
						"<android.bluetooth.BluetoothAvrcpController: java.util.List getDevicesMatchingConnectionStates(int[])>"
					],
					"depth":1,
					"method":"<android.bluetooth.BluetoothAvrcpController: boolean setPlayerApplicationSetting(android.bluetooth.BluetoothAvrcpPlayerSettings)>",
					"source":"FIELD"
				},
				{
					"trace":[
						"<android.bluetooth.BluetoothAvrcpController: java.util.List getDevicesMatchingConnectionStates(int[])>"
					],
					"depth":1,
					"method":"<android.bluetooth.BluetoothAvrcpController: void sendGroupNavigationCmd(android.bluetooth.BluetoothDevice,int,int)>",
					"source":"FIELD"
				},
				{
					"trace":[
						"<android.bluetooth.BluetoothAvrcpController: void finalize()>",
						"<android.bluetooth.BluetoothAvrcpController: void close()>",
						"key field: <android.bluetooth.BluetoothAvrcpController: android.bluetooth.IBluetoothAvrcpController mService>",
						"<android.bluetooth.BluetoothAvrcpController: java.util.List getDevicesMatchingConnectionStates(int[])>"
					],
					"depth":2,
					"method":"<android.bluetooth.BluetoothAvrcpController: void finalize()>",
					"source":"FIELDCALLER"
				}
			],
			"keyAPIDiffClass":[
				{
					"trace":[
						"<android.bluetooth.BluetoothAdapter: void closeProfileProxy(int,android.bluetooth.BluetoothProfile)>",
						"<android.bluetooth.BluetoothAvrcpController: void close()>",
						"key field: <android.bluetooth.BluetoothAvrcpController: android.bluetooth.IBluetoothAvrcpController mService>",
						"<android.bluetooth.BluetoothAvrcpController: java.util.List getDevicesMatchingConnectionStates(int[])>"
					],
					"depth":2,
					"method":"<android.bluetooth.BluetoothAdapter: void closeProfileProxy(int,android.bluetooth.BluetoothProfile)>",
					"source":"FIELDCALLER"
				},
				{
					"trace":[
						"<android.bluetooth.BluetoothAvrcpController$2: void onServiceDisconnected(android.content.ComponentName)>",
						"<android.bluetooth.BluetoothAvrcpController: android.bluetooth.IBluetoothAvrcpController access$102(android.bluetooth.BluetoothAvrcpController,android.bluetooth.IBluetoothAvrcpController)>",
						"key field: <android.bluetooth.BluetoothAvrcpController: android.bluetooth.IBluetoothAvrcpController mService>",
						"<android.bluetooth.BluetoothAvrcpController: java.util.List getDevicesMatchingConnectionStates(int[])>"
					],
					"depth":2,
					"method":"<android.bluetooth.BluetoothAvrcpController$2: void onServiceDisconnected(android.content.ComponentName)>",
					"source":"FIELDCALLER"
				},
				{
					"trace":[
						"<android.content.ServiceConnection: void onServiceDisconnected(android.content.ComponentName)>",
						"<android.bluetooth.BluetoothAvrcpController: android.bluetooth.IBluetoothAvrcpController access$102(android.bluetooth.BluetoothAvrcpController,android.bluetooth.IBluetoothAvrcpController)>",
						"key field: <android.bluetooth.BluetoothAvrcpController: android.bluetooth.IBluetoothAvrcpController mService>",
						"<android.bluetooth.BluetoothAvrcpController: java.util.List getDevicesMatchingConnectionStates(int[])>"
					],
					"depth":2,
					"method":"<android.content.ServiceConnection: void onServiceDisconnected(android.content.ComponentName)>",
					"source":"FIELDCALLER"
				},
				{
					"trace":[
						"<android.bluetooth.BluetoothAvrcpController$1: void onBluetoothStateChange(boolean)>",
						"<android.bluetooth.BluetoothAvrcpController: android.bluetooth.IBluetoothAvrcpController access$102(android.bluetooth.BluetoothAvrcpController,android.bluetooth.IBluetoothAvrcpController)>",
						"key field: <android.bluetooth.BluetoothAvrcpController: android.bluetooth.IBluetoothAvrcpController mService>",
						"<android.bluetooth.BluetoothAvrcpController: java.util.List getDevicesMatchingConnectionStates(int[])>"
					],
					"depth":2,
					"method":"<android.bluetooth.BluetoothAvrcpController$1: void onBluetoothStateChange(boolean)>",
					"source":"FIELDCALLER"
				},
				{
					"trace":[
						"<android.bluetooth.BluetoothAvrcpController$2: void onServiceConnected(android.content.ComponentName,android.os.IBinder)>",
						"<android.bluetooth.BluetoothAvrcpController: android.bluetooth.IBluetoothAvrcpController access$102(android.bluetooth.BluetoothAvrcpController,android.bluetooth.IBluetoothAvrcpController)>",
						"key field: <android.bluetooth.BluetoothAvrcpController: android.bluetooth.IBluetoothAvrcpController mService>",
						"<android.bluetooth.BluetoothAvrcpController: java.util.List getDevicesMatchingConnectionStates(int[])>"
					],
					"depth":2,
					"method":"<android.bluetooth.BluetoothAvrcpController$2: void onServiceConnected(android.content.ComponentName,android.os.IBinder)>",
					"source":"FIELDCALLER"
				},
				{
					"trace":[
						"<android.content.ServiceConnection: void onServiceConnected(android.content.ComponentName,android.os.IBinder)>",
						"<android.bluetooth.BluetoothAvrcpController: android.bluetooth.IBluetoothAvrcpController access$102(android.bluetooth.BluetoothAvrcpController,android.bluetooth.IBluetoothAvrcpController)>",
						"key field: <android.bluetooth.BluetoothAvrcpController: android.bluetooth.IBluetoothAvrcpController mService>",
						"<android.bluetooth.BluetoothAvrcpController: java.util.List getDevicesMatchingConnectionStates(int[])>"
					],
					"depth":2,
					"method":"<android.content.ServiceConnection: void onServiceConnected(android.content.ComponentName,android.os.IBinder)>",
					"source":"FIELDCALLER"
				},
				{
					"trace":[
						"<android.bluetooth.IBluetoothStateChangeCallback$Stub: boolean onTransact(int,android.os.Parcel,android.os.Parcel,int)>",
						"<android.bluetooth.BluetoothAvrcpController$1: void onBluetoothStateChange(boolean)>",
						"<android.bluetooth.BluetoothAvrcpController: android.bluetooth.IBluetoothAvrcpController access$102(android.bluetooth.BluetoothAvrcpController,android.bluetooth.IBluetoothAvrcpController)>",
						"key field: <android.bluetooth.BluetoothAvrcpController: android.bluetooth.IBluetoothAvrcpController mService>",
						"<android.bluetooth.BluetoothAvrcpController: java.util.List getDevicesMatchingConnectionStates(int[])>"
					],
					"depth":3,
					"method":"<android.bluetooth.IBluetoothStateChangeCallback$Stub: boolean onTransact(int,android.os.Parcel,android.os.Parcel,int)>",
					"source":"FIELDCALLER"
				}
			],
			"callerOfSingnlar2SourceVar":{}
		},
		{
			"method":"<android.bluetooth.BluetoothAvrcpController: int getConnectionState(android.bluetooth.BluetoothDevice)>",
			"message":"[\\s\\S]*",
			"relatedVarType":"Field",
			"relatedCondType":"Basic",
			"modifier":"public",
			"type":"java.lang.Throwable",
			"osVersionRelated":false,
			"resourceRelated":false,
			"assessRelated":false,
			"hardwareRelated":false,
			"manifestRelated":false,
			"conditions":"$z1 == 0, $z0 == 0, r1 == null",
			"fieldValues":"<android.bluetooth.BluetoothAvrcpController: android.bluetooth.IBluetoothAvrcpController mService>",
			"caughtValues":"@caughtexception",
			"relatedValues":"; <android.bluetooth.BluetoothAvrcpController: android.bluetooth.IBluetoothAvrcpController mService>; @caughtexception",
			"keyAPISameClassNum":7,
			"keyAPIDiffClassNum":7,
			"keyAPISameClass":[
				{
					"trace":[
						"<android.bluetooth.BluetoothAvrcpController: int getConnectionState(android.bluetooth.BluetoothDevice)>"
					],
					"depth":1,
					"method":"<android.bluetooth.BluetoothAvrcpController: java.util.List getConnectedDevices()>",
					"source":"FIELD"
				},
				{
					"trace":[
						"<android.bluetooth.BluetoothAvrcpController: int getConnectionState(android.bluetooth.BluetoothDevice)>"
					],
					"depth":1,
					"method":"<android.bluetooth.BluetoothAvrcpController: java.util.List getDevicesMatchingConnectionStates(int[])>",
					"source":"FIELD"
				},
				{
					"trace":[
						"<android.bluetooth.BluetoothAvrcpController: int getConnectionState(android.bluetooth.BluetoothDevice)>"
					],
					"depth":1,
					"method":"<android.bluetooth.BluetoothAvrcpController: int getConnectionState(android.bluetooth.BluetoothDevice)>",
					"source":"FIELD"
				},
				{
					"trace":[
						"<android.bluetooth.BluetoothAvrcpController: int getConnectionState(android.bluetooth.BluetoothDevice)>"
					],
					"depth":1,
					"method":"<android.bluetooth.BluetoothAvrcpController: android.bluetooth.BluetoothAvrcpPlayerSettings getPlayerSettings(android.bluetooth.BluetoothDevice)>",
					"source":"FIELD"
				},
				{
					"trace":[
						"<android.bluetooth.BluetoothAvrcpController: int getConnectionState(android.bluetooth.BluetoothDevice)>"
					],
					"depth":1,
					"method":"<android.bluetooth.BluetoothAvrcpController: boolean setPlayerApplicationSetting(android.bluetooth.BluetoothAvrcpPlayerSettings)>",
					"source":"FIELD"
				},
				{
					"trace":[
						"<android.bluetooth.BluetoothAvrcpController: int getConnectionState(android.bluetooth.BluetoothDevice)>"
					],
					"depth":1,
					"method":"<android.bluetooth.BluetoothAvrcpController: void sendGroupNavigationCmd(android.bluetooth.BluetoothDevice,int,int)>",
					"source":"FIELD"
				},
				{
					"trace":[
						"<android.bluetooth.BluetoothAvrcpController: void finalize()>",
						"<android.bluetooth.BluetoothAvrcpController: void close()>",
						"key field: <android.bluetooth.BluetoothAvrcpController: android.bluetooth.IBluetoothAvrcpController mService>",
						"<android.bluetooth.BluetoothAvrcpController: int getConnectionState(android.bluetooth.BluetoothDevice)>"
					],
					"depth":2,
					"method":"<android.bluetooth.BluetoothAvrcpController: void finalize()>",
					"source":"FIELDCALLER"
				}
			],
			"keyAPIDiffClass":[
				{
					"trace":[
						"<android.bluetooth.BluetoothAdapter: void closeProfileProxy(int,android.bluetooth.BluetoothProfile)>",
						"<android.bluetooth.BluetoothAvrcpController: void close()>",
						"key field: <android.bluetooth.BluetoothAvrcpController: android.bluetooth.IBluetoothAvrcpController mService>",
						"<android.bluetooth.BluetoothAvrcpController: int getConnectionState(android.bluetooth.BluetoothDevice)>"
					],
					"depth":2,
					"method":"<android.bluetooth.BluetoothAdapter: void closeProfileProxy(int,android.bluetooth.BluetoothProfile)>",
					"source":"FIELDCALLER"
				},
				{
					"trace":[
						"<android.bluetooth.BluetoothAvrcpController$2: void onServiceDisconnected(android.content.ComponentName)>",
						"<android.bluetooth.BluetoothAvrcpController: android.bluetooth.IBluetoothAvrcpController access$102(android.bluetooth.BluetoothAvrcpController,android.bluetooth.IBluetoothAvrcpController)>",
						"key field: <android.bluetooth.BluetoothAvrcpController: android.bluetooth.IBluetoothAvrcpController mService>",
						"<android.bluetooth.BluetoothAvrcpController: int getConnectionState(android.bluetooth.BluetoothDevice)>"
					],
					"depth":2,
					"method":"<android.bluetooth.BluetoothAvrcpController$2: void onServiceDisconnected(android.content.ComponentName)>",
					"source":"FIELDCALLER"
				},
				{
					"trace":[
						"<android.content.ServiceConnection: void onServiceDisconnected(android.content.ComponentName)>",
						"<android.bluetooth.BluetoothAvrcpController: android.bluetooth.IBluetoothAvrcpController access$102(android.bluetooth.BluetoothAvrcpController,android.bluetooth.IBluetoothAvrcpController)>",
						"key field: <android.bluetooth.BluetoothAvrcpController: android.bluetooth.IBluetoothAvrcpController mService>",
						"<android.bluetooth.BluetoothAvrcpController: int getConnectionState(android.bluetooth.BluetoothDevice)>"
					],
					"depth":2,
					"method":"<android.content.ServiceConnection: void onServiceDisconnected(android.content.ComponentName)>",
					"source":"FIELDCALLER"
				},
				{
					"trace":[
						"<android.bluetooth.BluetoothAvrcpController$1: void onBluetoothStateChange(boolean)>",
						"<android.bluetooth.BluetoothAvrcpController: android.bluetooth.IBluetoothAvrcpController access$102(android.bluetooth.BluetoothAvrcpController,android.bluetooth.IBluetoothAvrcpController)>",
						"key field: <android.bluetooth.BluetoothAvrcpController: android.bluetooth.IBluetoothAvrcpController mService>",
						"<android.bluetooth.BluetoothAvrcpController: int getConnectionState(android.bluetooth.BluetoothDevice)>"
					],
					"depth":2,
					"method":"<android.bluetooth.BluetoothAvrcpController$1: void onBluetoothStateChange(boolean)>",
					"source":"FIELDCALLER"
				},
				{
					"trace":[
						"<android.bluetooth.BluetoothAvrcpController$2: void onServiceConnected(android.content.ComponentName,android.os.IBinder)>",
						"<android.bluetooth.BluetoothAvrcpController: android.bluetooth.IBluetoothAvrcpController access$102(android.bluetooth.BluetoothAvrcpController,android.bluetooth.IBluetoothAvrcpController)>",
						"key field: <android.bluetooth.BluetoothAvrcpController: android.bluetooth.IBluetoothAvrcpController mService>",
						"<android.bluetooth.BluetoothAvrcpController: int getConnectionState(android.bluetooth.BluetoothDevice)>"
					],
					"depth":2,
					"method":"<android.bluetooth.BluetoothAvrcpController$2: void onServiceConnected(android.content.ComponentName,android.os.IBinder)>",
					"source":"FIELDCALLER"
				},
				{
					"trace":[
						"<android.content.ServiceConnection: void onServiceConnected(android.content.ComponentName,android.os.IBinder)>",
						"<android.bluetooth.BluetoothAvrcpController: android.bluetooth.IBluetoothAvrcpController access$102(android.bluetooth.BluetoothAvrcpController,android.bluetooth.IBluetoothAvrcpController)>",
						"key field: <android.bluetooth.BluetoothAvrcpController: android.bluetooth.IBluetoothAvrcpController mService>",
						"<android.bluetooth.BluetoothAvrcpController: int getConnectionState(android.bluetooth.BluetoothDevice)>"
					],
					"depth":2,
					"method":"<android.content.ServiceConnection: void onServiceConnected(android.content.ComponentName,android.os.IBinder)>",
					"source":"FIELDCALLER"
				},
				{
					"trace":[
						"<android.bluetooth.IBluetoothStateChangeCallback$Stub: boolean onTransact(int,android.os.Parcel,android.os.Parcel,int)>",
						"<android.bluetooth.BluetoothAvrcpController$1: void onBluetoothStateChange(boolean)>",
						"<android.bluetooth.BluetoothAvrcpController: android.bluetooth.IBluetoothAvrcpController access$102(android.bluetooth.BluetoothAvrcpController,android.bluetooth.IBluetoothAvrcpController)>",
						"key field: <android.bluetooth.BluetoothAvrcpController: android.bluetooth.IBluetoothAvrcpController mService>",
						"<android.bluetooth.BluetoothAvrcpController: int getConnectionState(android.bluetooth.BluetoothDevice)>"
					],
					"depth":3,
					"method":"<android.bluetooth.IBluetoothStateChangeCallback$Stub: boolean onTransact(int,android.os.Parcel,android.os.Parcel,int)>",
					"source":"FIELDCALLER"
				}
			],
			"callerOfSingnlar2SourceVar":{}
		}
	]
}