{
	"exceptions":[
		{
			"method":"<android.filterpacks.imageproc.SimpleImageFilter: void setupPorts()>",
			"message":"\\QInternal Error: mProgram field not found!\\E",
			"relatedVarType":"Field",
			"relatedCondType":"Basic",
			"modifier":"public",
			"type":"java.lang.RuntimeException",
			"osVersionRelated":false,
			"resourceRelated":false,
			"assessRelated":false,
			"hardwareRelated":false,
			"manifestRelated":false,
			"conditions":"$r1 == null",
			"fieldValues":"<android.filterpacks.imageproc.SimpleImageFilter: java.lang.String mParameterName>",
			"caughtValues":"@caughtexception",
			"relatedValues":"; <android.filterpacks.imageproc.SimpleImageFilter: java.lang.String mParameterName>; @caughtexception",
			"keyAPISameClassNum":2,
			"keyAPIDiffClassNum":4,
			"keyAPISameClass":[
				{
					"trace":[
						"<android.filterpacks.imageproc.SimpleImageFilter: void setupPorts()>"
					],
					"depth":1,
					"method":"<android.filterpacks.imageproc.SimpleImageFilter: void <init>(java.lang.String,java.lang.String)>",
					"source":"FIELD"
				},
				{
					"trace":[
						"<android.filterpacks.imageproc.SimpleImageFilter: void setupPorts()>"
					],
					"depth":1,
					"method":"<android.filterpacks.imageproc.SimpleImageFilter: void setupPorts()>",
					"source":"FIELD"
				}
			],
			"keyAPIDiffClass":[
				{
					"trace":[
						"<android.filterpacks.imageproc.BrightnessFilter: void <init>(java.lang.String)>",
						"<android.filterpacks.imageproc.SimpleImageFilter: void <init>(java.lang.String,java.lang.String)>",
						"key field: <android.filterpacks.imageproc.SimpleImageFilter: java.lang.String mParameterName>",
						"<android.filterpacks.imageproc.SimpleImageFilter: void setupPorts()>"
					],
					"depth":2,
					"method":"<android.filterpacks.imageproc.BrightnessFilter: void <init>(java.lang.String)>",
					"source":"FIELDCALLER"
				},
				{
					"trace":[
						"<android.filterpacks.imageproc.ContrastFilter: void <init>(java.lang.String)>",
						"<android.filterpacks.imageproc.SimpleImageFilter: void <init>(java.lang.String,java.lang.String)>",
						"key field: <android.filterpacks.imageproc.SimpleImageFilter: java.lang.String mParameterName>",
						"<android.filterpacks.imageproc.SimpleImageFilter: void setupPorts()>"
					],
					"depth":2,
					"method":"<android.filterpacks.imageproc.ContrastFilter: void <init>(java.lang.String)>",
					"source":"FIELDCALLER"
				},
				{
					"trace":[
						"<android.filterpacks.imageproc.ToGrayFilter: void <init>(java.lang.String)>",
						"<android.filterpacks.imageproc.SimpleImageFilter: void <init>(java.lang.String,java.lang.String)>",
						"key field: <android.filterpacks.imageproc.SimpleImageFilter: java.lang.String mParameterName>",
						"<android.filterpacks.imageproc.SimpleImageFilter: void setupPorts()>"
					],
					"depth":2,
					"method":"<android.filterpacks.imageproc.ToGrayFilter: void <init>(java.lang.String)>",
					"source":"FIELDCALLER"
				},
				{
					"trace":[
						"<android.filterpacks.imageproc.Invert: void <init>(java.lang.String)>",
						"<android.filterpacks.imageproc.SimpleImageFilter: void <init>(java.lang.String,java.lang.String)>",
						"key field: <android.filterpacks.imageproc.SimpleImageFilter: java.lang.String mParameterName>",
						"<android.filterpacks.imageproc.SimpleImageFilter: void setupPorts()>"
					],
					"depth":2,
					"method":"<android.filterpacks.imageproc.Invert: void <init>(java.lang.String)>",
					"source":"FIELDCALLER"
				}
			],
			"callerOfSingnlar2SourceVar":{}
		},
		{
			"method":"<android.filterpacks.imageproc.SimpleImageFilter: void updateProgramWithTarget(int,android.filterfw.core.FilterContext)>",
			"message":"\\QCould not create a program for image filter \\E[\\s\\S]*\\Q!\\E",
			"relatedVarType":"ParaAndField",
			"relatedCondType":"Basic",
			"modifier":"protected",
			"type":"java.lang.RuntimeException",
			"osVersionRelated":false,
			"resourceRelated":false,
			"assessRelated":false,
			"hardwareRelated":false,
			"manifestRelated":false,
			"conditions":"$r11 != null, i0, i0 == $i1",
			"paramValues":"@parameter0: int",
			"fieldValues":"<android.filterpacks.imageproc.SimpleImageFilter: android.filterfw.core.Program mProgram>, <android.filterpacks.imageproc.SimpleImageFilter: int mCurrentTarget>",
			"relatedValues":"@parameter0: int; <android.filterpacks.imageproc.SimpleImageFilter: android.filterfw.core.Program mProgram>, <android.filterpacks.imageproc.SimpleImageFilter: int mCurrentTarget>; ",
			"keyAPISameClassNum":2,
			"keyAPIDiffClassNum":4,
			"keyAPISameClass":[
				{
					"trace":[
						"<android.filterpacks.imageproc.SimpleImageFilter: void updateProgramWithTarget(int,android.filterfw.core.FilterContext)>"
					],
					"depth":1,
					"method":"<android.filterpacks.imageproc.SimpleImageFilter: void process(android.filterfw.core.FilterContext)>",
					"source":"FIELD"
				},
				{
					"trace":[
						"<android.filterpacks.imageproc.SimpleImageFilter: void updateProgramWithTarget(int,android.filterfw.core.FilterContext)>"
					],
					"depth":1,
					"method":"<android.filterpacks.imageproc.SimpleImageFilter: void <init>(java.lang.String,java.lang.String)>",
					"source":"FIELD"
				}
			],
			"keyAPIDiffClass":[
				{
					"trace":[
						"<android.filterpacks.imageproc.BrightnessFilter: void <init>(java.lang.String)>",
						"<android.filterpacks.imageproc.SimpleImageFilter: void <init>(java.lang.String,java.lang.String)>",
						"key field: <android.filterpacks.imageproc.SimpleImageFilter: int mCurrentTarget>",
						"<android.filterpacks.imageproc.SimpleImageFilter: void updateProgramWithTarget(int,android.filterfw.core.FilterContext)>"
					],
					"depth":2,
					"method":"<android.filterpacks.imageproc.BrightnessFilter: void <init>(java.lang.String)>",
					"source":"FIELDCALLER"
				},
				{
					"trace":[
						"<android.filterpacks.imageproc.ContrastFilter: void <init>(java.lang.String)>",
						"<android.filterpacks.imageproc.SimpleImageFilter: void <init>(java.lang.String,java.lang.String)>",
						"key field: <android.filterpacks.imageproc.SimpleImageFilter: int mCurrentTarget>",
						"<android.filterpacks.imageproc.SimpleImageFilter: void updateProgramWithTarget(int,android.filterfw.core.FilterContext)>"
					],
					"depth":2,
					"method":"<android.filterpacks.imageproc.ContrastFilter: void <init>(java.lang.String)>",
					"source":"FIELDCALLER"
				},
				{
					"trace":[
						"<android.filterpacks.imageproc.ToGrayFilter: void <init>(java.lang.String)>",
						"<android.filterpacks.imageproc.SimpleImageFilter: void <init>(java.lang.String,java.lang.String)>",
						"key field: <android.filterpacks.imageproc.SimpleImageFilter: int mCurrentTarget>",
						"<android.filterpacks.imageproc.SimpleImageFilter: void updateProgramWithTarget(int,android.filterfw.core.FilterContext)>"
					],
					"depth":2,
					"method":"<android.filterpacks.imageproc.ToGrayFilter: void <init>(java.lang.String)>",
					"source":"FIELDCALLER"
				},
				{
					"trace":[
						"<android.filterpacks.imageproc.Invert: void <init>(java.lang.String)>",
						"<android.filterpacks.imageproc.SimpleImageFilter: void <init>(java.lang.String,java.lang.String)>",
						"key field: <android.filterpacks.imageproc.SimpleImageFilter: int mCurrentTarget>",
						"<android.filterpacks.imageproc.SimpleImageFilter: void updateProgramWithTarget(int,android.filterfw.core.FilterContext)>"
					],
					"depth":2,
					"method":"<android.filterpacks.imageproc.Invert: void <init>(java.lang.String)>",
					"source":"FIELDCALLER"
				}
			],
			"callerOfSingnlar2SourceVar":{
				"<android.filterpacks.imageproc.SimpleImageFilter: void updateProgramWithTarget(int,android.filterfw.core.FilterContext)>":"0"
			}
		}
	]
}