{
	"exceptions":[
		{
			"method":"<android.app.StatsManager: void addConfig(long,byte[])>",
			"message":"\\Qcould not connect\\E",
			"relatedVarType":"Unknown",
			"relatedCondType":"Empty",
			"modifier":"public",
			"type":"android.app.StatsManager$StatsUnavailableException",
			"osVersionRelated":false,
			"resourceRelated":false,
			"assessRelated":false,
			"hardwareRelated":false,
			"manifestRelated":false,
			"caughtValues":"@caughtexception",
			"relatedValues":"; ; @caughtexception",
			"keyAPISameClassNum":0,
			"keyAPIDiffClassNum":0,
			"keyAPISameClass":[],
			"keyAPIDiffClass":[],
			"callerOfSingnlar2SourceVar":{}
		},
		{
			"method":"<android.app.StatsManager: void addConfig(long,byte[])>",
			"message":"",
			"relatedVarType":"Unknown",
			"relatedCondType":"Empty",
			"modifier":"public",
			"type":"android.app.StatsManager$StatsUnavailableException",
			"osVersionRelated":false,
			"resourceRelated":false,
			"assessRelated":false,
			"hardwareRelated":false,
			"manifestRelated":false,
			"caughtValues":"@caughtexception",
			"relatedValues":"; ; @caughtexception",
			"keyAPISameClassNum":0,
			"keyAPIDiffClassNum":0,
			"keyAPISameClass":[],
			"keyAPIDiffClass":[],
			"callerOfSingnlar2SourceVar":{}
		},
		{
			"method":"<android.app.StatsManager: void removeConfig(long)>",
			"message":"\\Qcould not connect\\E",
			"relatedVarType":"Unknown",
			"relatedCondType":"Empty",
			"modifier":"public",
			"type":"android.app.StatsManager$StatsUnavailableException",
			"osVersionRelated":false,
			"resourceRelated":false,
			"assessRelated":false,
			"hardwareRelated":false,
			"manifestRelated":false,
			"caughtValues":"@caughtexception",
			"relatedValues":"; ; @caughtexception",
			"keyAPISameClassNum":0,
			"keyAPIDiffClassNum":0,
			"keyAPISameClass":[],
			"keyAPIDiffClass":[],
			"callerOfSingnlar2SourceVar":{}
		},
		{
			"method":"<android.app.StatsManager: void removeConfig(long)>",
			"message":"",
			"relatedVarType":"Unknown",
			"relatedCondType":"Empty",
			"modifier":"public",
			"type":"android.app.StatsManager$StatsUnavailableException",
			"osVersionRelated":false,
			"resourceRelated":false,
			"assessRelated":false,
			"hardwareRelated":false,
			"manifestRelated":false,
			"caughtValues":"@caughtexception",
			"relatedValues":"; ; @caughtexception",
			"keyAPISameClassNum":0,
			"keyAPIDiffClassNum":0,
			"keyAPISameClass":[],
			"keyAPIDiffClass":[],
			"callerOfSingnlar2SourceVar":{}
		},
		{
			"method":"<android.app.StatsManager: void setBroadcastSubscriber(android.app.PendingIntent,long,long)>",
			"message":"\\Qcould not connect\\E",
			"relatedVarType":"Parameter",
			"relatedCondType":"Basic",
			"modifier":"public",
			"type":"android.app.StatsManager$StatsUnavailableException",
			"osVersionRelated":false,
			"resourceRelated":false,
			"assessRelated":false,
			"hardwareRelated":false,
			"manifestRelated":false,
			"conditions":"r3 == null",
			"paramValues":"@parameter0: android.app.PendingIntent",
			"caughtValues":"@caughtexception",
			"relatedValues":"@parameter0: android.app.PendingIntent; ; @caughtexception",
			"keyAPISameClassNum":0,
			"keyAPIDiffClassNum":0,
			"keyAPISameClass":[
				{
					"trace":[
						"<android.app.StatsManager: void setBroadcastSubscriber(android.app.PendingIntent,long,long)>"
					],
					"depth":0,
					"method":"<android.app.StatsManager: void setBroadcastSubscriber(android.app.PendingIntent,long,long)>",
					"source":"CALLER"
				},
				{
					"trace":[
						"<android.app.StatsManager: boolean setBroadcastSubscriber(long,long,android.app.PendingIntent)>",
						"<android.app.StatsManager: void setBroadcastSubscriber(android.app.PendingIntent,long,long)>"
					],
					"depth":1,
					"method":"<android.app.StatsManager: boolean setBroadcastSubscriber(long,long,android.app.PendingIntent)>",
					"source":"CALLER"
				}
			],
			"keyAPIDiffClass":[],
			"callerOfSingnlar2SourceVar":{
				"<android.app.StatsManager: boolean setBroadcastSubscriber(long,long,android.app.PendingIntent)>":"2",
				"<android.app.StatsManager: void setBroadcastSubscriber(android.app.PendingIntent,long,long)>":"0"
			}
		},
		{
			"method":"<android.app.StatsManager: void setBroadcastSubscriber(android.app.PendingIntent,long,long)>",
			"message":"",
			"relatedVarType":"Parameter",
			"relatedCondType":"Basic",
			"modifier":"public",
			"type":"android.app.StatsManager$StatsUnavailableException",
			"osVersionRelated":false,
			"resourceRelated":false,
			"assessRelated":false,
			"hardwareRelated":false,
			"manifestRelated":false,
			"conditions":"r3 == null",
			"paramValues":"@parameter0: android.app.PendingIntent",
			"caughtValues":"@caughtexception",
			"relatedValues":"@parameter0: android.app.PendingIntent; ; @caughtexception",
			"keyAPISameClassNum":0,
			"keyAPIDiffClassNum":0,
			"keyAPISameClass":[
				{
					"trace":[
						"<android.app.StatsManager: void setBroadcastSubscriber(android.app.PendingIntent,long,long)>"
					],
					"depth":0,
					"method":"<android.app.StatsManager: void setBroadcastSubscriber(android.app.PendingIntent,long,long)>",
					"source":"CALLER"
				},
				{
					"trace":[
						"<android.app.StatsManager: boolean setBroadcastSubscriber(long,long,android.app.PendingIntent)>",
						"<android.app.StatsManager: void setBroadcastSubscriber(android.app.PendingIntent,long,long)>"
					],
					"depth":1,
					"method":"<android.app.StatsManager: boolean setBroadcastSubscriber(long,long,android.app.PendingIntent)>",
					"source":"CALLER"
				}
			],
			"keyAPIDiffClass":[],
			"callerOfSingnlar2SourceVar":{
				"<android.app.StatsManager: boolean setBroadcastSubscriber(long,long,android.app.PendingIntent)>":"2",
				"<android.app.StatsManager: void setBroadcastSubscriber(android.app.PendingIntent,long,long)>":"0"
			}
		},
		{
			"method":"<android.app.StatsManager: void setFetchReportsOperation(android.app.PendingIntent,long)>",
			"message":"\\Qcould not connect\\E",
			"relatedVarType":"Parameter",
			"relatedCondType":"Basic",
			"modifier":"public",
			"type":"android.app.StatsManager$StatsUnavailableException",
			"osVersionRelated":false,
			"resourceRelated":false,
			"assessRelated":false,
			"hardwareRelated":false,
			"manifestRelated":false,
			"conditions":"r3 != null",
			"paramValues":"@parameter0: android.app.PendingIntent",
			"caughtValues":"@caughtexception",
			"relatedValues":"@parameter0: android.app.PendingIntent; ; @caughtexception",
			"keyAPISameClassNum":0,
			"keyAPIDiffClassNum":0,
			"keyAPISameClass":[
				{
					"trace":[
						"<android.app.StatsManager: void setFetchReportsOperation(android.app.PendingIntent,long)>"
					],
					"depth":0,
					"method":"<android.app.StatsManager: void setFetchReportsOperation(android.app.PendingIntent,long)>",
					"source":"CALLER"
				},
				{
					"trace":[
						"<android.app.StatsManager: boolean setDataFetchOperation(long,android.app.PendingIntent)>",
						"<android.app.StatsManager: void setFetchReportsOperation(android.app.PendingIntent,long)>"
					],
					"depth":1,
					"method":"<android.app.StatsManager: boolean setDataFetchOperation(long,android.app.PendingIntent)>",
					"source":"CALLER"
				}
			],
			"keyAPIDiffClass":[],
			"callerOfSingnlar2SourceVar":{
				"<android.app.StatsManager: boolean setDataFetchOperation(long,android.app.PendingIntent)>":"1",
				"<android.app.StatsManager: void setFetchReportsOperation(android.app.PendingIntent,long)>":"0"
			}
		},
		{
			"method":"<android.app.StatsManager: void setFetchReportsOperation(android.app.PendingIntent,long)>",
			"message":"",
			"relatedVarType":"Parameter",
			"relatedCondType":"Basic",
			"modifier":"public",
			"type":"android.app.StatsManager$StatsUnavailableException",
			"osVersionRelated":false,
			"resourceRelated":false,
			"assessRelated":false,
			"hardwareRelated":false,
			"manifestRelated":false,
			"conditions":"r3 != null",
			"paramValues":"@parameter0: android.app.PendingIntent",
			"caughtValues":"@caughtexception",
			"relatedValues":"@parameter0: android.app.PendingIntent; ; @caughtexception",
			"keyAPISameClassNum":0,
			"keyAPIDiffClassNum":0,
			"keyAPISameClass":[
				{
					"trace":[
						"<android.app.StatsManager: void setFetchReportsOperation(android.app.PendingIntent,long)>"
					],
					"depth":0,
					"method":"<android.app.StatsManager: void setFetchReportsOperation(android.app.PendingIntent,long)>",
					"source":"CALLER"
				},
				{
					"trace":[
						"<android.app.StatsManager: boolean setDataFetchOperation(long,android.app.PendingIntent)>",
						"<android.app.StatsManager: void setFetchReportsOperation(android.app.PendingIntent,long)>"
					],
					"depth":1,
					"method":"<android.app.StatsManager: boolean setDataFetchOperation(long,android.app.PendingIntent)>",
					"source":"CALLER"
				}
			],
			"keyAPIDiffClass":[],
			"callerOfSingnlar2SourceVar":{
				"<android.app.StatsManager: boolean setDataFetchOperation(long,android.app.PendingIntent)>":"1",
				"<android.app.StatsManager: void setFetchReportsOperation(android.app.PendingIntent,long)>":"0"
			}
		},
		{
			"method":"<android.app.StatsManager: byte[] getReports(long)>",
			"message":"",
			"relatedVarType":"Unknown",
			"relatedCondType":"Empty",
			"modifier":"public",
			"type":"android.app.StatsManager$StatsUnavailableException",
			"osVersionRelated":false,
			"resourceRelated":false,
			"assessRelated":false,
			"hardwareRelated":false,
			"manifestRelated":false,
			"caughtValues":"@caughtexception",
			"relatedValues":"; ; @caughtexception",
			"keyAPISameClassNum":0,
			"keyAPIDiffClassNum":0,
			"keyAPISameClass":[],
			"keyAPIDiffClass":[],
			"callerOfSingnlar2SourceVar":{}
		},
		{
			"method":"<android.app.StatsManager: byte[] getReports(long)>",
			"message":"\\Qcould not connect\\E",
			"relatedVarType":"Unknown",
			"relatedCondType":"Empty",
			"modifier":"public",
			"type":"android.app.StatsManager$StatsUnavailableException",
			"osVersionRelated":false,
			"resourceRelated":false,
			"assessRelated":false,
			"hardwareRelated":false,
			"manifestRelated":false,
			"caughtValues":"@caughtexception",
			"relatedValues":"; ; @caughtexception",
			"keyAPISameClassNum":0,
			"keyAPIDiffClassNum":0,
			"keyAPISameClass":[],
			"keyAPIDiffClass":[],
			"callerOfSingnlar2SourceVar":{}
		},
		{
			"method":"<android.app.StatsManager: byte[] getStatsMetadata()>",
			"message":"\\Qcould not connect\\E",
			"relatedVarType":"Unknown",
			"relatedCondType":"Empty",
			"modifier":"public",
			"type":"android.app.StatsManager$StatsUnavailableException",
			"osVersionRelated":false,
			"resourceRelated":false,
			"assessRelated":false,
			"hardwareRelated":false,
			"manifestRelated":false,
			"caughtValues":"@caughtexception",
			"relatedValues":"; ; @caughtexception",
			"keyAPISameClassNum":0,
			"keyAPIDiffClassNum":0,
			"keyAPISameClass":[],
			"keyAPIDiffClass":[],
			"callerOfSingnlar2SourceVar":{}
		},
		{
			"method":"<android.app.StatsManager: byte[] getStatsMetadata()>",
			"message":"",
			"relatedVarType":"Unknown",
			"relatedCondType":"Empty",
			"modifier":"public",
			"type":"android.app.StatsManager$StatsUnavailableException",
			"osVersionRelated":false,
			"resourceRelated":false,
			"assessRelated":false,
			"hardwareRelated":false,
			"manifestRelated":false,
			"caughtValues":"@caughtexception",
			"relatedValues":"; ; @caughtexception",
			"keyAPISameClassNum":0,
			"keyAPIDiffClassNum":0,
			"keyAPISameClass":[],
			"keyAPIDiffClass":[],
			"callerOfSingnlar2SourceVar":{}
		},
		{
			"method":"<android.app.StatsManager: android.os.IStatsManager getIStatsManagerLocked()>",
			"message":"\\Qcould not be found\\E",
			"relatedVarType":"Field",
			"relatedCondType":"Basic",
			"modifier":"private",
			"type":"android.app.StatsManager$StatsUnavailableException",
			"osVersionRelated":false,
			"resourceRelated":false,
			"assessRelated":false,
			"hardwareRelated":false,
			"manifestRelated":false,
			"conditions":"$r4 != null, $r1 == null",
			"fieldValues":"<android.app.StatsManager: android.os.IStatsManager mService>",
			"relatedValues":"; <android.app.StatsManager: android.os.IStatsManager mService>; ",
			"keyAPISameClassNum":12,
			"keyAPIDiffClassNum":2,
			"keyAPISameClass":[
				{
					"trace":[
						"<android.app.StatsManager: void addConfig(long,byte[])>",
						"<android.app.StatsManager: android.os.IStatsManager getIStatsManagerLocked()>",
						"key field: <android.app.StatsManager: android.os.IStatsManager mService>",
						"<android.app.StatsManager: android.os.IStatsManager getIStatsManagerLocked()>"
					],
					"depth":2,
					"method":"<android.app.StatsManager: void addConfig(long,byte[])>",
					"source":"FIELDCALLER"
				},
				{
					"trace":[
						"<android.app.StatsManager: byte[] getStatsMetadata()>",
						"<android.app.StatsManager: android.os.IStatsManager getIStatsManagerLocked()>",
						"key field: <android.app.StatsManager: android.os.IStatsManager mService>",
						"<android.app.StatsManager: android.os.IStatsManager getIStatsManagerLocked()>"
					],
					"depth":2,
					"method":"<android.app.StatsManager: byte[] getStatsMetadata()>",
					"source":"FIELDCALLER"
				},
				{
					"trace":[
						"<android.app.StatsManager: byte[] getReports(long)>",
						"<android.app.StatsManager: android.os.IStatsManager getIStatsManagerLocked()>",
						"key field: <android.app.StatsManager: android.os.IStatsManager mService>",
						"<android.app.StatsManager: android.os.IStatsManager getIStatsManagerLocked()>"
					],
					"depth":2,
					"method":"<android.app.StatsManager: byte[] getReports(long)>",
					"source":"FIELDCALLER"
				},
				{
					"trace":[
						"<android.app.StatsManager: void setFetchReportsOperation(android.app.PendingIntent,long)>",
						"<android.app.StatsManager: android.os.IStatsManager getIStatsManagerLocked()>",
						"key field: <android.app.StatsManager: android.os.IStatsManager mService>",
						"<android.app.StatsManager: android.os.IStatsManager getIStatsManagerLocked()>"
					],
					"depth":2,
					"method":"<android.app.StatsManager: void setFetchReportsOperation(android.app.PendingIntent,long)>",
					"source":"FIELDCALLER"
				},
				{
					"trace":[
						"<android.app.StatsManager: void setBroadcastSubscriber(android.app.PendingIntent,long,long)>",
						"<android.app.StatsManager: android.os.IStatsManager getIStatsManagerLocked()>",
						"key field: <android.app.StatsManager: android.os.IStatsManager mService>",
						"<android.app.StatsManager: android.os.IStatsManager getIStatsManagerLocked()>"
					],
					"depth":2,
					"method":"<android.app.StatsManager: void setBroadcastSubscriber(android.app.PendingIntent,long,long)>",
					"source":"FIELDCALLER"
				},
				{
					"trace":[
						"<android.app.StatsManager: void removeConfig(long)>",
						"<android.app.StatsManager: android.os.IStatsManager getIStatsManagerLocked()>",
						"key field: <android.app.StatsManager: android.os.IStatsManager mService>",
						"<android.app.StatsManager: android.os.IStatsManager getIStatsManagerLocked()>"
					],
					"depth":2,
					"method":"<android.app.StatsManager: void removeConfig(long)>",
					"source":"FIELDCALLER"
				},
				{
					"trace":[
						"<android.app.StatsManager: boolean addConfiguration(long,byte[])>",
						"<android.app.StatsManager: void addConfig(long,byte[])>",
						"<android.app.StatsManager: android.os.IStatsManager getIStatsManagerLocked()>",
						"key field: <android.app.StatsManager: android.os.IStatsManager mService>",
						"<android.app.StatsManager: android.os.IStatsManager getIStatsManagerLocked()>"
					],
					"depth":3,
					"method":"<android.app.StatsManager: boolean addConfiguration(long,byte[])>",
					"source":"FIELDCALLER"
				},
				{
					"trace":[
						"<android.app.StatsManager: byte[] getMetadata()>",
						"<android.app.StatsManager: byte[] getStatsMetadata()>",
						"<android.app.StatsManager: android.os.IStatsManager getIStatsManagerLocked()>",
						"key field: <android.app.StatsManager: android.os.IStatsManager mService>",
						"<android.app.StatsManager: android.os.IStatsManager getIStatsManagerLocked()>"
					],
					"depth":3,
					"method":"<android.app.StatsManager: byte[] getMetadata()>",
					"source":"FIELDCALLER"
				},
				{
					"trace":[
						"<android.app.StatsManager: byte[] getData(long)>",
						"<android.app.StatsManager: byte[] getReports(long)>",
						"<android.app.StatsManager: android.os.IStatsManager getIStatsManagerLocked()>",
						"key field: <android.app.StatsManager: android.os.IStatsManager mService>",
						"<android.app.StatsManager: android.os.IStatsManager getIStatsManagerLocked()>"
					],
					"depth":3,
					"method":"<android.app.StatsManager: byte[] getData(long)>",
					"source":"FIELDCALLER"
				},
				{
					"trace":[
						"<android.app.StatsManager: boolean setDataFetchOperation(long,android.app.PendingIntent)>",
						"<android.app.StatsManager: void setFetchReportsOperation(android.app.PendingIntent,long)>",
						"<android.app.StatsManager: android.os.IStatsManager getIStatsManagerLocked()>",
						"key field: <android.app.StatsManager: android.os.IStatsManager mService>",
						"<android.app.StatsManager: android.os.IStatsManager getIStatsManagerLocked()>"
					],
					"depth":3,
					"method":"<android.app.StatsManager: boolean setDataFetchOperation(long,android.app.PendingIntent)>",
					"source":"FIELDCALLER"
				},
				{
					"trace":[
						"<android.app.StatsManager: boolean setBroadcastSubscriber(long,long,android.app.PendingIntent)>",
						"<android.app.StatsManager: void setBroadcastSubscriber(android.app.PendingIntent,long,long)>",
						"<android.app.StatsManager: android.os.IStatsManager getIStatsManagerLocked()>",
						"key field: <android.app.StatsManager: android.os.IStatsManager mService>",
						"<android.app.StatsManager: android.os.IStatsManager getIStatsManagerLocked()>"
					],
					"depth":3,
					"method":"<android.app.StatsManager: boolean setBroadcastSubscriber(long,long,android.app.PendingIntent)>",
					"source":"FIELDCALLER"
				},
				{
					"trace":[
						"<android.app.StatsManager: boolean removeConfiguration(long)>",
						"<android.app.StatsManager: void removeConfig(long)>",
						"<android.app.StatsManager: android.os.IStatsManager getIStatsManagerLocked()>",
						"key field: <android.app.StatsManager: android.os.IStatsManager mService>",
						"<android.app.StatsManager: android.os.IStatsManager getIStatsManagerLocked()>"
					],
					"depth":3,
					"method":"<android.app.StatsManager: boolean removeConfiguration(long)>",
					"source":"FIELDCALLER"
				}
			],
			"keyAPIDiffClass":[
				{
					"trace":[
						"<android.app.StatsManager$StatsdDeathRecipient: void binderDied()>",
						"<android.app.StatsManager: android.os.IStatsManager access$002(android.app.StatsManager,android.os.IStatsManager)>",
						"key field: <android.app.StatsManager: android.os.IStatsManager mService>",
						"<android.app.StatsManager: android.os.IStatsManager getIStatsManagerLocked()>"
					],
					"depth":2,
					"method":"<android.app.StatsManager$StatsdDeathRecipient: void binderDied()>",
					"source":"FIELDCALLER"
				},
				{
					"trace":[
						"<android.os.IBinder$DeathRecipient: void binderDied()>",
						"<android.app.StatsManager: android.os.IStatsManager access$002(android.app.StatsManager,android.os.IStatsManager)>",
						"key field: <android.app.StatsManager: android.os.IStatsManager mService>",
						"<android.app.StatsManager: android.os.IStatsManager getIStatsManagerLocked()>"
					],
					"depth":2,
					"method":"<android.os.IBinder$DeathRecipient: void binderDied()>",
					"source":"FIELDCALLER"
				}
			],
			"callerOfSingnlar2SourceVar":{}
		},
		{
			"method":"<android.app.StatsManager: android.os.IStatsManager getIStatsManagerLocked()>",
			"message":"\\Qcould not connect when linkToDeath\\E",
			"relatedVarType":"Field",
			"relatedCondType":"Basic",
			"modifier":"private",
			"type":"android.app.StatsManager$StatsUnavailableException",
			"osVersionRelated":false,
			"resourceRelated":false,
			"assessRelated":false,
			"hardwareRelated":false,
			"manifestRelated":false,
			"conditions":"$r4 != null, $r1 == null",
			"fieldValues":"<android.app.StatsManager: android.os.IStatsManager mService>",
			"caughtValues":"@caughtexception",
			"relatedValues":"; <android.app.StatsManager: android.os.IStatsManager mService>; @caughtexception",
			"keyAPISameClassNum":12,
			"keyAPIDiffClassNum":2,
			"keyAPISameClass":[
				{
					"trace":[
						"<android.app.StatsManager: void addConfig(long,byte[])>",
						"<android.app.StatsManager: android.os.IStatsManager getIStatsManagerLocked()>",
						"key field: <android.app.StatsManager: android.os.IStatsManager mService>",
						"<android.app.StatsManager: android.os.IStatsManager getIStatsManagerLocked()>"
					],
					"depth":2,
					"method":"<android.app.StatsManager: void addConfig(long,byte[])>",
					"source":"FIELDCALLER"
				},
				{
					"trace":[
						"<android.app.StatsManager: byte[] getStatsMetadata()>",
						"<android.app.StatsManager: android.os.IStatsManager getIStatsManagerLocked()>",
						"key field: <android.app.StatsManager: android.os.IStatsManager mService>",
						"<android.app.StatsManager: android.os.IStatsManager getIStatsManagerLocked()>"
					],
					"depth":2,
					"method":"<android.app.StatsManager: byte[] getStatsMetadata()>",
					"source":"FIELDCALLER"
				},
				{
					"trace":[
						"<android.app.StatsManager: byte[] getReports(long)>",
						"<android.app.StatsManager: android.os.IStatsManager getIStatsManagerLocked()>",
						"key field: <android.app.StatsManager: android.os.IStatsManager mService>",
						"<android.app.StatsManager: android.os.IStatsManager getIStatsManagerLocked()>"
					],
					"depth":2,
					"method":"<android.app.StatsManager: byte[] getReports(long)>",
					"source":"FIELDCALLER"
				},
				{
					"trace":[
						"<android.app.StatsManager: void setFetchReportsOperation(android.app.PendingIntent,long)>",
						"<android.app.StatsManager: android.os.IStatsManager getIStatsManagerLocked()>",
						"key field: <android.app.StatsManager: android.os.IStatsManager mService>",
						"<android.app.StatsManager: android.os.IStatsManager getIStatsManagerLocked()>"
					],
					"depth":2,
					"method":"<android.app.StatsManager: void setFetchReportsOperation(android.app.PendingIntent,long)>",
					"source":"FIELDCALLER"
				},
				{
					"trace":[
						"<android.app.StatsManager: void setBroadcastSubscriber(android.app.PendingIntent,long,long)>",
						"<android.app.StatsManager: android.os.IStatsManager getIStatsManagerLocked()>",
						"key field: <android.app.StatsManager: android.os.IStatsManager mService>",
						"<android.app.StatsManager: android.os.IStatsManager getIStatsManagerLocked()>"
					],
					"depth":2,
					"method":"<android.app.StatsManager: void setBroadcastSubscriber(android.app.PendingIntent,long,long)>",
					"source":"FIELDCALLER"
				},
				{
					"trace":[
						"<android.app.StatsManager: void removeConfig(long)>",
						"<android.app.StatsManager: android.os.IStatsManager getIStatsManagerLocked()>",
						"key field: <android.app.StatsManager: android.os.IStatsManager mService>",
						"<android.app.StatsManager: android.os.IStatsManager getIStatsManagerLocked()>"
					],
					"depth":2,
					"method":"<android.app.StatsManager: void removeConfig(long)>",
					"source":"FIELDCALLER"
				},
				{
					"trace":[
						"<android.app.StatsManager: boolean addConfiguration(long,byte[])>",
						"<android.app.StatsManager: void addConfig(long,byte[])>",
						"<android.app.StatsManager: android.os.IStatsManager getIStatsManagerLocked()>",
						"key field: <android.app.StatsManager: android.os.IStatsManager mService>",
						"<android.app.StatsManager: android.os.IStatsManager getIStatsManagerLocked()>"
					],
					"depth":3,
					"method":"<android.app.StatsManager: boolean addConfiguration(long,byte[])>",
					"source":"FIELDCALLER"
				},
				{
					"trace":[
						"<android.app.StatsManager: byte[] getMetadata()>",
						"<android.app.StatsManager: byte[] getStatsMetadata()>",
						"<android.app.StatsManager: android.os.IStatsManager getIStatsManagerLocked()>",
						"key field: <android.app.StatsManager: android.os.IStatsManager mService>",
						"<android.app.StatsManager: android.os.IStatsManager getIStatsManagerLocked()>"
					],
					"depth":3,
					"method":"<android.app.StatsManager: byte[] getMetadata()>",
					"source":"FIELDCALLER"
				},
				{
					"trace":[
						"<android.app.StatsManager: byte[] getData(long)>",
						"<android.app.StatsManager: byte[] getReports(long)>",
						"<android.app.StatsManager: android.os.IStatsManager getIStatsManagerLocked()>",
						"key field: <android.app.StatsManager: android.os.IStatsManager mService>",
						"<android.app.StatsManager: android.os.IStatsManager getIStatsManagerLocked()>"
					],
					"depth":3,
					"method":"<android.app.StatsManager: byte[] getData(long)>",
					"source":"FIELDCALLER"
				},
				{
					"trace":[
						"<android.app.StatsManager: boolean setDataFetchOperation(long,android.app.PendingIntent)>",
						"<android.app.StatsManager: void setFetchReportsOperation(android.app.PendingIntent,long)>",
						"<android.app.StatsManager: android.os.IStatsManager getIStatsManagerLocked()>",
						"key field: <android.app.StatsManager: android.os.IStatsManager mService>",
						"<android.app.StatsManager: android.os.IStatsManager getIStatsManagerLocked()>"
					],
					"depth":3,
					"method":"<android.app.StatsManager: boolean setDataFetchOperation(long,android.app.PendingIntent)>",
					"source":"FIELDCALLER"
				},
				{
					"trace":[
						"<android.app.StatsManager: boolean setBroadcastSubscriber(long,long,android.app.PendingIntent)>",
						"<android.app.StatsManager: void setBroadcastSubscriber(android.app.PendingIntent,long,long)>",
						"<android.app.StatsManager: android.os.IStatsManager getIStatsManagerLocked()>",
						"key field: <android.app.StatsManager: android.os.IStatsManager mService>",
						"<android.app.StatsManager: android.os.IStatsManager getIStatsManagerLocked()>"
					],
					"depth":3,
					"method":"<android.app.StatsManager: boolean setBroadcastSubscriber(long,long,android.app.PendingIntent)>",
					"source":"FIELDCALLER"
				},
				{
					"trace":[
						"<android.app.StatsManager: boolean removeConfiguration(long)>",
						"<android.app.StatsManager: void removeConfig(long)>",
						"<android.app.StatsManager: android.os.IStatsManager getIStatsManagerLocked()>",
						"key field: <android.app.StatsManager: android.os.IStatsManager mService>",
						"<android.app.StatsManager: android.os.IStatsManager getIStatsManagerLocked()>"
					],
					"depth":3,
					"method":"<android.app.StatsManager: boolean removeConfiguration(long)>",
					"source":"FIELDCALLER"
				}
			],
			"keyAPIDiffClass":[
				{
					"trace":[
						"<android.app.StatsManager$StatsdDeathRecipient: void binderDied()>",
						"<android.app.StatsManager: android.os.IStatsManager access$002(android.app.StatsManager,android.os.IStatsManager)>",
						"key field: <android.app.StatsManager: android.os.IStatsManager mService>",
						"<android.app.StatsManager: android.os.IStatsManager getIStatsManagerLocked()>"
					],
					"depth":2,
					"method":"<android.app.StatsManager$StatsdDeathRecipient: void binderDied()>",
					"source":"FIELDCALLER"
				},
				{
					"trace":[
						"<android.os.IBinder$DeathRecipient: void binderDied()>",
						"<android.app.StatsManager: android.os.IStatsManager access$002(android.app.StatsManager,android.os.IStatsManager)>",
						"key field: <android.app.StatsManager: android.os.IStatsManager mService>",
						"<android.app.StatsManager: android.os.IStatsManager getIStatsManagerLocked()>"
					],
					"depth":2,
					"method":"<android.os.IBinder$DeathRecipient: void binderDied()>",
					"source":"FIELDCALLER"
				}
			],
			"callerOfSingnlar2SourceVar":{}
		}
	]
}