{
	"exceptions":[
		{
			"method":"<android.database.sqlite.SQLiteOpenHelper: void <init>(android.content.Context,java.lang.String,int,int,android.database.sqlite.SQLiteDatabase$OpenParams$Builder)>",
			"message":"\\QVersion must be >= 1, was \\E[\\s\\S]*",
			"relatedVarType":"Parameter",
			"relatedCondType":"Basic",
			"modifier":"private",
			"type":"java.lang.IllegalArgumentException",
			"osVersionRelated":false,
			"resourceRelated":false,
			"assessRelated":false,
			"hardwareRelated":false,
			"manifestRelated":false,
			"conditions":"i0 >= 1",
			"paramValues":"@parameter2: int",
			"relatedValues":"@parameter2: int; ; ",
			"keyAPISameClassNum":0,
			"keyAPIDiffClassNum":0,
			"keyAPISameClass":[
				{
					"trace":[
						"<android.database.sqlite.SQLiteOpenHelper: void <init>(android.content.Context,java.lang.String,int,int,android.database.sqlite.SQLiteDatabase$OpenParams$Builder)>"
					],
					"depth":0,
					"method":"<android.database.sqlite.SQLiteOpenHelper: void <init>(android.content.Context,java.lang.String,int,int,android.database.sqlite.SQLiteDatabase$OpenParams$Builder)>",
					"source":"CALLER"
				},
				{
					"trace":[
						"<android.database.sqlite.SQLiteOpenHelper: void <init>(android.content.Context,java.lang.String,android.database.sqlite.SQLiteDatabase$CursorFactory,int,int,android.database.DatabaseErrorHandler)>",
						"<android.database.sqlite.SQLiteOpenHelper: void <init>(android.content.Context,java.lang.String,int,int,android.database.sqlite.SQLiteDatabase$OpenParams$Builder)>"
					],
					"depth":1,
					"method":"<android.database.sqlite.SQLiteOpenHelper: void <init>(android.content.Context,java.lang.String,android.database.sqlite.SQLiteDatabase$CursorFactory,int,int,android.database.DatabaseErrorHandler)>",
					"source":"CALLER"
				},
				{
					"trace":[
						"<android.database.sqlite.SQLiteOpenHelper: void <init>(android.content.Context,java.lang.String,int,android.database.sqlite.SQLiteDatabase$OpenParams)>",
						"<android.database.sqlite.SQLiteOpenHelper: void <init>(android.content.Context,java.lang.String,int,int,android.database.sqlite.SQLiteDatabase$OpenParams$Builder)>"
					],
					"depth":1,
					"method":"<android.database.sqlite.SQLiteOpenHelper: void <init>(android.content.Context,java.lang.String,int,android.database.sqlite.SQLiteDatabase$OpenParams)>",
					"source":"CALLER"
				},
				{
					"trace":[
						"<android.database.sqlite.SQLiteOpenHelper: void <init>(android.content.Context,java.lang.String,android.database.sqlite.SQLiteDatabase$CursorFactory,int,android.database.DatabaseErrorHandler)>",
						"<android.database.sqlite.SQLiteOpenHelper: void <init>(android.content.Context,java.lang.String,android.database.sqlite.SQLiteDatabase$CursorFactory,int,int,android.database.DatabaseErrorHandler)>",
						"<android.database.sqlite.SQLiteOpenHelper: void <init>(android.content.Context,java.lang.String,int,int,android.database.sqlite.SQLiteDatabase$OpenParams$Builder)>"
					],
					"depth":2,
					"method":"<android.database.sqlite.SQLiteOpenHelper: void <init>(android.content.Context,java.lang.String,android.database.sqlite.SQLiteDatabase$CursorFactory,int,android.database.DatabaseErrorHandler)>",
					"source":"CALLER"
				},
				{
					"trace":[
						"<android.database.sqlite.SQLiteOpenHelper: void <init>(android.content.Context,java.lang.String,android.database.sqlite.SQLiteDatabase$CursorFactory,int)>",
						"<android.database.sqlite.SQLiteOpenHelper: void <init>(android.content.Context,java.lang.String,android.database.sqlite.SQLiteDatabase$CursorFactory,int,android.database.DatabaseErrorHandler)>",
						"<android.database.sqlite.SQLiteOpenHelper: void <init>(android.content.Context,java.lang.String,android.database.sqlite.SQLiteDatabase$CursorFactory,int,int,android.database.DatabaseErrorHandler)>",
						"<android.database.sqlite.SQLiteOpenHelper: void <init>(android.content.Context,java.lang.String,int,int,android.database.sqlite.SQLiteDatabase$OpenParams$Builder)>"
					],
					"depth":3,
					"method":"<android.database.sqlite.SQLiteOpenHelper: void <init>(android.content.Context,java.lang.String,android.database.sqlite.SQLiteDatabase$CursorFactory,int)>",
					"source":"CALLER"
				}
			],
			"keyAPIDiffClass":[
				{
					"trace":[
						"<android.content.SearchRecentSuggestionsProvider$DatabaseHelper: void <init>(android.content.Context,int)>",
						"<android.database.sqlite.SQLiteOpenHelper: void <init>(android.content.Context,java.lang.String,android.database.sqlite.SQLiteDatabase$CursorFactory,int)>",
						"<android.database.sqlite.SQLiteOpenHelper: void <init>(android.content.Context,java.lang.String,android.database.sqlite.SQLiteDatabase$CursorFactory,int,android.database.DatabaseErrorHandler)>",
						"<android.database.sqlite.SQLiteOpenHelper: void <init>(android.content.Context,java.lang.String,android.database.sqlite.SQLiteDatabase$CursorFactory,int,int,android.database.DatabaseErrorHandler)>",
						"<android.database.sqlite.SQLiteOpenHelper: void <init>(android.content.Context,java.lang.String,int,int,android.database.sqlite.SQLiteDatabase$OpenParams$Builder)>"
					],
					"depth":4,
					"method":"<android.content.SearchRecentSuggestionsProvider$DatabaseHelper: void <init>(android.content.Context,int)>",
					"source":"CALLER"
				}
			],
			"callerOfSingnlar2SourceVar":{
				"<android.database.sqlite.SQLiteOpenHelper: void <init>(android.content.Context,java.lang.String,android.database.sqlite.SQLiteDatabase$CursorFactory,int,int,android.database.DatabaseErrorHandler)>":"3",
				"<android.database.sqlite.SQLiteOpenHelper: void <init>(android.content.Context,java.lang.String,int,int,android.database.sqlite.SQLiteDatabase$OpenParams$Builder)>":"2",
				"<android.database.sqlite.SQLiteOpenHelper: void <init>(android.content.Context,java.lang.String,android.database.sqlite.SQLiteDatabase$CursorFactory,int,android.database.DatabaseErrorHandler)>":"3",
				"<android.database.sqlite.SQLiteOpenHelper: void <init>(android.content.Context,java.lang.String,android.database.sqlite.SQLiteDatabase$CursorFactory,int)>":"3",
				"<android.database.sqlite.SQLiteOpenHelper: void <init>(android.content.Context,java.lang.String,int,android.database.sqlite.SQLiteDatabase$OpenParams)>":"2",
				"<android.content.SearchRecentSuggestionsProvider$DatabaseHelper: void <init>(android.content.Context,int)>":"1"
			}
		},
		{
			"method":"<android.database.sqlite.SQLiteOpenHelper: void setLookasideConfig(int,int)>",
			"message":"\\QLookaside memory config cannot be changed after opening the database\\E",
			"relatedVarType":"Field",
			"relatedCondType":"Basic",
			"modifier":"public",
			"type":"java.lang.IllegalStateException",
			"osVersionRelated":false,
			"resourceRelated":false,
			"assessRelated":false,
			"hardwareRelated":false,
			"manifestRelated":false,
			"conditions":"$z0 == 0, $r3 == null",
			"fieldValues":"<android.database.sqlite.SQLiteOpenHelper: android.database.sqlite.SQLiteDatabase mDatabase>",
			"relatedValues":"; <android.database.sqlite.SQLiteOpenHelper: android.database.sqlite.SQLiteDatabase mDatabase>; ",
			"keyAPISameClassNum":7,
			"keyAPIDiffClassNum":0,
			"keyAPISameClass":[
				{
					"trace":[
						"<android.database.sqlite.SQLiteOpenHelper: void setLookasideConfig(int,int)>"
					],
					"depth":1,
					"method":"<android.database.sqlite.SQLiteOpenHelper: void setWriteAheadLoggingEnabled(boolean)>",
					"source":"FIELD"
				},
				{
					"trace":[
						"<android.database.sqlite.SQLiteOpenHelper: void setLookasideConfig(int,int)>"
					],
					"depth":1,
					"method":"<android.database.sqlite.SQLiteOpenHelper: void setLookasideConfig(int,int)>",
					"source":"FIELD"
				},
				{
					"trace":[
						"<android.database.sqlite.SQLiteOpenHelper: void setLookasideConfig(int,int)>"
					],
					"depth":1,
					"method":"<android.database.sqlite.SQLiteOpenHelper: void setOpenParams(android.database.sqlite.SQLiteDatabase$OpenParams)>",
					"source":"FIELD"
				},
				{
					"trace":[
						"<android.database.sqlite.SQLiteOpenHelper: void setLookasideConfig(int,int)>"
					],
					"depth":1,
					"method":"<android.database.sqlite.SQLiteOpenHelper: void setIdleConnectionTimeout(long)>",
					"source":"FIELD"
				},
				{
					"trace":[
						"<android.database.sqlite.SQLiteOpenHelper: void setLookasideConfig(int,int)>"
					],
					"depth":1,
					"method":"<android.database.sqlite.SQLiteOpenHelper: void close()>",
					"source":"FIELD"
				},
				{
					"trace":[
						"<android.database.sqlite.SQLiteOpenHelper: android.database.sqlite.SQLiteDatabase getWritableDatabase()>",
						"<android.database.sqlite.SQLiteOpenHelper: android.database.sqlite.SQLiteDatabase getDatabaseLocked(boolean)>",
						"key field: <android.database.sqlite.SQLiteOpenHelper: android.database.sqlite.SQLiteDatabase mDatabase>",
						"<android.database.sqlite.SQLiteOpenHelper: void setLookasideConfig(int,int)>"
					],
					"depth":2,
					"method":"<android.database.sqlite.SQLiteOpenHelper: android.database.sqlite.SQLiteDatabase getWritableDatabase()>",
					"source":"FIELDCALLER"
				},
				{
					"trace":[
						"<android.database.sqlite.SQLiteOpenHelper: android.database.sqlite.SQLiteDatabase getReadableDatabase()>",
						"<android.database.sqlite.SQLiteOpenHelper: android.database.sqlite.SQLiteDatabase getDatabaseLocked(boolean)>",
						"key field: <android.database.sqlite.SQLiteOpenHelper: android.database.sqlite.SQLiteDatabase mDatabase>",
						"<android.database.sqlite.SQLiteOpenHelper: void setLookasideConfig(int,int)>"
					],
					"depth":2,
					"method":"<android.database.sqlite.SQLiteOpenHelper: android.database.sqlite.SQLiteDatabase getReadableDatabase()>",
					"source":"FIELDCALLER"
				}
			],
			"keyAPIDiffClass":[],
			"callerOfSingnlar2SourceVar":{}
		},
		{
			"method":"<android.database.sqlite.SQLiteOpenHelper: void setOpenParams(android.database.sqlite.SQLiteDatabase$OpenParams)>",
			"message":"\\QOpenParams cannot be set after opening the database\\E",
			"relatedVarType":"Field",
			"relatedCondType":"Basic",
			"modifier":"public",
			"type":"java.lang.IllegalStateException",
			"osVersionRelated":false,
			"resourceRelated":false,
			"assessRelated":false,
			"hardwareRelated":false,
			"manifestRelated":false,
			"conditions":"$z0 == 0, $r5 == null",
			"fieldValues":"<android.database.sqlite.SQLiteOpenHelper: android.database.sqlite.SQLiteDatabase mDatabase>",
			"relatedValues":"; <android.database.sqlite.SQLiteOpenHelper: android.database.sqlite.SQLiteDatabase mDatabase>; ",
			"keyAPISameClassNum":7,
			"keyAPIDiffClassNum":0,
			"keyAPISameClass":[
				{
					"trace":[
						"<android.database.sqlite.SQLiteOpenHelper: void setOpenParams(android.database.sqlite.SQLiteDatabase$OpenParams)>"
					],
					"depth":1,
					"method":"<android.database.sqlite.SQLiteOpenHelper: void setWriteAheadLoggingEnabled(boolean)>",
					"source":"FIELD"
				},
				{
					"trace":[
						"<android.database.sqlite.SQLiteOpenHelper: void setOpenParams(android.database.sqlite.SQLiteDatabase$OpenParams)>"
					],
					"depth":1,
					"method":"<android.database.sqlite.SQLiteOpenHelper: void setLookasideConfig(int,int)>",
					"source":"FIELD"
				},
				{
					"trace":[
						"<android.database.sqlite.SQLiteOpenHelper: void setOpenParams(android.database.sqlite.SQLiteDatabase$OpenParams)>"
					],
					"depth":1,
					"method":"<android.database.sqlite.SQLiteOpenHelper: void setOpenParams(android.database.sqlite.SQLiteDatabase$OpenParams)>",
					"source":"FIELD"
				},
				{
					"trace":[
						"<android.database.sqlite.SQLiteOpenHelper: void setOpenParams(android.database.sqlite.SQLiteDatabase$OpenParams)>"
					],
					"depth":1,
					"method":"<android.database.sqlite.SQLiteOpenHelper: void setIdleConnectionTimeout(long)>",
					"source":"FIELD"
				},
				{
					"trace":[
						"<android.database.sqlite.SQLiteOpenHelper: void setOpenParams(android.database.sqlite.SQLiteDatabase$OpenParams)>"
					],
					"depth":1,
					"method":"<android.database.sqlite.SQLiteOpenHelper: void close()>",
					"source":"FIELD"
				},
				{
					"trace":[
						"<android.database.sqlite.SQLiteOpenHelper: android.database.sqlite.SQLiteDatabase getWritableDatabase()>",
						"<android.database.sqlite.SQLiteOpenHelper: android.database.sqlite.SQLiteDatabase getDatabaseLocked(boolean)>",
						"key field: <android.database.sqlite.SQLiteOpenHelper: android.database.sqlite.SQLiteDatabase mDatabase>",
						"<android.database.sqlite.SQLiteOpenHelper: void setOpenParams(android.database.sqlite.SQLiteDatabase$OpenParams)>"
					],
					"depth":2,
					"method":"<android.database.sqlite.SQLiteOpenHelper: android.database.sqlite.SQLiteDatabase getWritableDatabase()>",
					"source":"FIELDCALLER"
				},
				{
					"trace":[
						"<android.database.sqlite.SQLiteOpenHelper: android.database.sqlite.SQLiteDatabase getReadableDatabase()>",
						"<android.database.sqlite.SQLiteOpenHelper: android.database.sqlite.SQLiteDatabase getDatabaseLocked(boolean)>",
						"key field: <android.database.sqlite.SQLiteOpenHelper: android.database.sqlite.SQLiteDatabase mDatabase>",
						"<android.database.sqlite.SQLiteOpenHelper: void setOpenParams(android.database.sqlite.SQLiteDatabase$OpenParams)>"
					],
					"depth":2,
					"method":"<android.database.sqlite.SQLiteOpenHelper: android.database.sqlite.SQLiteDatabase getReadableDatabase()>",
					"source":"FIELDCALLER"
				}
			],
			"keyAPIDiffClass":[],
			"callerOfSingnlar2SourceVar":{}
		},
		{
			"method":"<android.database.sqlite.SQLiteOpenHelper: void setIdleConnectionTimeout(long)>",
			"message":"\\QConnection timeout setting cannot be changed after opening the database\\E",
			"relatedVarType":"Field",
			"relatedCondType":"Basic",
			"modifier":"public",
			"type":"java.lang.IllegalStateException",
			"osVersionRelated":false,
			"resourceRelated":false,
			"assessRelated":false,
			"hardwareRelated":false,
			"manifestRelated":false,
			"conditions":"$z0 == 0, $r3 == null",
			"fieldValues":"<android.database.sqlite.SQLiteOpenHelper: android.database.sqlite.SQLiteDatabase mDatabase>",
			"relatedValues":"; <android.database.sqlite.SQLiteOpenHelper: android.database.sqlite.SQLiteDatabase mDatabase>; ",
			"keyAPISameClassNum":7,
			"keyAPIDiffClassNum":0,
			"keyAPISameClass":[
				{
					"trace":[
						"<android.database.sqlite.SQLiteOpenHelper: void setIdleConnectionTimeout(long)>"
					],
					"depth":1,
					"method":"<android.database.sqlite.SQLiteOpenHelper: void setWriteAheadLoggingEnabled(boolean)>",
					"source":"FIELD"
				},
				{
					"trace":[
						"<android.database.sqlite.SQLiteOpenHelper: void setIdleConnectionTimeout(long)>"
					],
					"depth":1,
					"method":"<android.database.sqlite.SQLiteOpenHelper: void setLookasideConfig(int,int)>",
					"source":"FIELD"
				},
				{
					"trace":[
						"<android.database.sqlite.SQLiteOpenHelper: void setIdleConnectionTimeout(long)>"
					],
					"depth":1,
					"method":"<android.database.sqlite.SQLiteOpenHelper: void setOpenParams(android.database.sqlite.SQLiteDatabase$OpenParams)>",
					"source":"FIELD"
				},
				{
					"trace":[
						"<android.database.sqlite.SQLiteOpenHelper: void setIdleConnectionTimeout(long)>"
					],
					"depth":1,
					"method":"<android.database.sqlite.SQLiteOpenHelper: void setIdleConnectionTimeout(long)>",
					"source":"FIELD"
				},
				{
					"trace":[
						"<android.database.sqlite.SQLiteOpenHelper: void setIdleConnectionTimeout(long)>"
					],
					"depth":1,
					"method":"<android.database.sqlite.SQLiteOpenHelper: void close()>",
					"source":"FIELD"
				},
				{
					"trace":[
						"<android.database.sqlite.SQLiteOpenHelper: android.database.sqlite.SQLiteDatabase getWritableDatabase()>",
						"<android.database.sqlite.SQLiteOpenHelper: android.database.sqlite.SQLiteDatabase getDatabaseLocked(boolean)>",
						"key field: <android.database.sqlite.SQLiteOpenHelper: android.database.sqlite.SQLiteDatabase mDatabase>",
						"<android.database.sqlite.SQLiteOpenHelper: void setIdleConnectionTimeout(long)>"
					],
					"depth":2,
					"method":"<android.database.sqlite.SQLiteOpenHelper: android.database.sqlite.SQLiteDatabase getWritableDatabase()>",
					"source":"FIELDCALLER"
				},
				{
					"trace":[
						"<android.database.sqlite.SQLiteOpenHelper: android.database.sqlite.SQLiteDatabase getReadableDatabase()>",
						"<android.database.sqlite.SQLiteOpenHelper: android.database.sqlite.SQLiteDatabase getDatabaseLocked(boolean)>",
						"key field: <android.database.sqlite.SQLiteOpenHelper: android.database.sqlite.SQLiteDatabase mDatabase>",
						"<android.database.sqlite.SQLiteOpenHelper: void setIdleConnectionTimeout(long)>"
					],
					"depth":2,
					"method":"<android.database.sqlite.SQLiteOpenHelper: android.database.sqlite.SQLiteDatabase getReadableDatabase()>",
					"source":"FIELDCALLER"
				}
			],
			"keyAPIDiffClass":[],
			"callerOfSingnlar2SourceVar":{}
		},
		{
			"method":"<android.database.sqlite.SQLiteOpenHelper: android.database.sqlite.SQLiteDatabase getDatabaseLocked(boolean)>",
			"message":"\\QgetDatabase called recursively\\E",
			"relatedVarType":"Field",
			"relatedCondType":"Basic",
			"modifier":"private",
			"type":"java.lang.IllegalStateException",
			"osVersionRelated":false,
			"resourceRelated":false,
			"assessRelated":false,
			"hardwareRelated":false,
			"manifestRelated":false,
			"conditions":"$z7 == 0, $r1 == null, $z5 != 0",
			"fieldValues":"<android.database.sqlite.SQLiteOpenHelper: boolean mIsInitializing>, <android.database.sqlite.SQLiteOpenHelper: android.database.sqlite.SQLiteDatabase mDatabase>",
			"relatedValues":"; <android.database.sqlite.SQLiteOpenHelper: boolean mIsInitializing>, <android.database.sqlite.SQLiteOpenHelper: android.database.sqlite.SQLiteDatabase mDatabase>; ",
			"keyAPISameClassNum":7,
			"keyAPIDiffClassNum":0,
			"keyAPISameClass":[
				{
					"trace":[
						"<android.database.sqlite.SQLiteOpenHelper: android.database.sqlite.SQLiteDatabase getDatabaseLocked(boolean)>"
					],
					"depth":1,
					"method":"<android.database.sqlite.SQLiteOpenHelper: void setWriteAheadLoggingEnabled(boolean)>",
					"source":"FIELD"
				},
				{
					"trace":[
						"<android.database.sqlite.SQLiteOpenHelper: android.database.sqlite.SQLiteDatabase getDatabaseLocked(boolean)>"
					],
					"depth":1,
					"method":"<android.database.sqlite.SQLiteOpenHelper: void setLookasideConfig(int,int)>",
					"source":"FIELD"
				},
				{
					"trace":[
						"<android.database.sqlite.SQLiteOpenHelper: android.database.sqlite.SQLiteDatabase getDatabaseLocked(boolean)>"
					],
					"depth":1,
					"method":"<android.database.sqlite.SQLiteOpenHelper: void setOpenParams(android.database.sqlite.SQLiteDatabase$OpenParams)>",
					"source":"FIELD"
				},
				{
					"trace":[
						"<android.database.sqlite.SQLiteOpenHelper: android.database.sqlite.SQLiteDatabase getDatabaseLocked(boolean)>"
					],
					"depth":1,
					"method":"<android.database.sqlite.SQLiteOpenHelper: void setIdleConnectionTimeout(long)>",
					"source":"FIELD"
				},
				{
					"trace":[
						"<android.database.sqlite.SQLiteOpenHelper: android.database.sqlite.SQLiteDatabase getDatabaseLocked(boolean)>"
					],
					"depth":1,
					"method":"<android.database.sqlite.SQLiteOpenHelper: void close()>",
					"source":"FIELD"
				},
				{
					"trace":[
						"<android.database.sqlite.SQLiteOpenHelper: android.database.sqlite.SQLiteDatabase getWritableDatabase()>",
						"<android.database.sqlite.SQLiteOpenHelper: android.database.sqlite.SQLiteDatabase getDatabaseLocked(boolean)>",
						"key field: <android.database.sqlite.SQLiteOpenHelper: boolean mIsInitializing>",
						"<android.database.sqlite.SQLiteOpenHelper: android.database.sqlite.SQLiteDatabase getDatabaseLocked(boolean)>"
					],
					"depth":2,
					"method":"<android.database.sqlite.SQLiteOpenHelper: android.database.sqlite.SQLiteDatabase getWritableDatabase()>",
					"source":"FIELDCALLER"
				},
				{
					"trace":[
						"<android.database.sqlite.SQLiteOpenHelper: android.database.sqlite.SQLiteDatabase getReadableDatabase()>",
						"<android.database.sqlite.SQLiteOpenHelper: android.database.sqlite.SQLiteDatabase getDatabaseLocked(boolean)>",
						"key field: <android.database.sqlite.SQLiteOpenHelper: boolean mIsInitializing>",
						"<android.database.sqlite.SQLiteOpenHelper: android.database.sqlite.SQLiteDatabase getDatabaseLocked(boolean)>"
					],
					"depth":2,
					"method":"<android.database.sqlite.SQLiteOpenHelper: android.database.sqlite.SQLiteDatabase getReadableDatabase()>",
					"source":"FIELDCALLER"
				}
			],
			"keyAPIDiffClass":[],
			"callerOfSingnlar2SourceVar":{}
		},
		{
			"method":"<android.database.sqlite.SQLiteOpenHelper: android.database.sqlite.SQLiteDatabase getDatabaseLocked(boolean)>",
			"message":"\\QUnable to delete obsolete database \\E[\\s\\S]*\\Q with version \\E[\\s\\S]*",
			"relatedVarType":"Field",
			"relatedCondType":"Basic",
			"modifier":"private",
			"type":"java.lang.IllegalStateException",
			"osVersionRelated":false,
			"resourceRelated":false,
			"assessRelated":false,
			"hardwareRelated":false,
			"manifestRelated":false,
			"conditions":"$z2 == 0, i8 >= $i4, i8 <= 0",
			"fieldValues":"<android.database.sqlite.SQLiteOpenHelper: android.database.sqlite.SQLiteDatabase mDatabase>, <android.database.sqlite.SQLiteOpenHelper: int mMinimumSupportedVersion>",
			"relatedValues":"; <android.database.sqlite.SQLiteOpenHelper: android.database.sqlite.SQLiteDatabase mDatabase>, <android.database.sqlite.SQLiteOpenHelper: int mMinimumSupportedVersion>; ",
			"keyAPISameClassNum":11,
			"keyAPIDiffClassNum":1,
			"keyAPISameClass":[
				{
					"trace":[
						"<android.database.sqlite.SQLiteOpenHelper: android.database.sqlite.SQLiteDatabase getDatabaseLocked(boolean)>"
					],
					"depth":1,
					"method":"<android.database.sqlite.SQLiteOpenHelper: void setWriteAheadLoggingEnabled(boolean)>",
					"source":"FIELD"
				},
				{
					"trace":[
						"<android.database.sqlite.SQLiteOpenHelper: android.database.sqlite.SQLiteDatabase getDatabaseLocked(boolean)>"
					],
					"depth":1,
					"method":"<android.database.sqlite.SQLiteOpenHelper: void setLookasideConfig(int,int)>",
					"source":"FIELD"
				},
				{
					"trace":[
						"<android.database.sqlite.SQLiteOpenHelper: android.database.sqlite.SQLiteDatabase getDatabaseLocked(boolean)>"
					],
					"depth":1,
					"method":"<android.database.sqlite.SQLiteOpenHelper: void setOpenParams(android.database.sqlite.SQLiteDatabase$OpenParams)>",
					"source":"FIELD"
				},
				{
					"trace":[
						"<android.database.sqlite.SQLiteOpenHelper: android.database.sqlite.SQLiteDatabase getDatabaseLocked(boolean)>"
					],
					"depth":1,
					"method":"<android.database.sqlite.SQLiteOpenHelper: void setIdleConnectionTimeout(long)>",
					"source":"FIELD"
				},
				{
					"trace":[
						"<android.database.sqlite.SQLiteOpenHelper: android.database.sqlite.SQLiteDatabase getDatabaseLocked(boolean)>"
					],
					"depth":1,
					"method":"<android.database.sqlite.SQLiteOpenHelper: void close()>",
					"source":"FIELD"
				},
				{
					"trace":[
						"<android.database.sqlite.SQLiteOpenHelper: android.database.sqlite.SQLiteDatabase getWritableDatabase()>",
						"<android.database.sqlite.SQLiteOpenHelper: android.database.sqlite.SQLiteDatabase getDatabaseLocked(boolean)>",
						"key field: <android.database.sqlite.SQLiteOpenHelper: android.database.sqlite.SQLiteDatabase mDatabase>",
						"<android.database.sqlite.SQLiteOpenHelper: android.database.sqlite.SQLiteDatabase getDatabaseLocked(boolean)>"
					],
					"depth":2,
					"method":"<android.database.sqlite.SQLiteOpenHelper: android.database.sqlite.SQLiteDatabase getWritableDatabase()>",
					"source":"FIELDCALLER"
				},
				{
					"trace":[
						"<android.database.sqlite.SQLiteOpenHelper: android.database.sqlite.SQLiteDatabase getReadableDatabase()>",
						"<android.database.sqlite.SQLiteOpenHelper: android.database.sqlite.SQLiteDatabase getDatabaseLocked(boolean)>",
						"key field: <android.database.sqlite.SQLiteOpenHelper: android.database.sqlite.SQLiteDatabase mDatabase>",
						"<android.database.sqlite.SQLiteOpenHelper: android.database.sqlite.SQLiteDatabase getDatabaseLocked(boolean)>"
					],
					"depth":2,
					"method":"<android.database.sqlite.SQLiteOpenHelper: android.database.sqlite.SQLiteDatabase getReadableDatabase()>",
					"source":"FIELDCALLER"
				},
				{
					"trace":[
						"<android.database.sqlite.SQLiteOpenHelper: void <init>(android.content.Context,java.lang.String,android.database.sqlite.SQLiteDatabase$CursorFactory,int,int,android.database.DatabaseErrorHandler)>",
						"<android.database.sqlite.SQLiteOpenHelper: void <init>(android.content.Context,java.lang.String,int,int,android.database.sqlite.SQLiteDatabase$OpenParams$Builder)>",
						"key field: <android.database.sqlite.SQLiteOpenHelper: int mMinimumSupportedVersion>",
						"<android.database.sqlite.SQLiteOpenHelper: android.database.sqlite.SQLiteDatabase getDatabaseLocked(boolean)>"
					],
					"depth":2,
					"method":"<android.database.sqlite.SQLiteOpenHelper: void <init>(android.content.Context,java.lang.String,android.database.sqlite.SQLiteDatabase$CursorFactory,int,int,android.database.DatabaseErrorHandler)>",
					"source":"FIELDCALLER"
				},
				{
					"trace":[
						"<android.database.sqlite.SQLiteOpenHelper: void <init>(android.content.Context,java.lang.String,int,android.database.sqlite.SQLiteDatabase$OpenParams)>",
						"<android.database.sqlite.SQLiteOpenHelper: void <init>(android.content.Context,java.lang.String,int,int,android.database.sqlite.SQLiteDatabase$OpenParams$Builder)>",
						"key field: <android.database.sqlite.SQLiteOpenHelper: int mMinimumSupportedVersion>",
						"<android.database.sqlite.SQLiteOpenHelper: android.database.sqlite.SQLiteDatabase getDatabaseLocked(boolean)>"
					],
					"depth":2,
					"method":"<android.database.sqlite.SQLiteOpenHelper: void <init>(android.content.Context,java.lang.String,int,android.database.sqlite.SQLiteDatabase$OpenParams)>",
					"source":"FIELDCALLER"
				},
				{
					"trace":[
						"<android.database.sqlite.SQLiteOpenHelper: void <init>(android.content.Context,java.lang.String,android.database.sqlite.SQLiteDatabase$CursorFactory,int,android.database.DatabaseErrorHandler)>",
						"<android.database.sqlite.SQLiteOpenHelper: void <init>(android.content.Context,java.lang.String,android.database.sqlite.SQLiteDatabase$CursorFactory,int,int,android.database.DatabaseErrorHandler)>",
						"<android.database.sqlite.SQLiteOpenHelper: void <init>(android.content.Context,java.lang.String,int,int,android.database.sqlite.SQLiteDatabase$OpenParams$Builder)>",
						"key field: <android.database.sqlite.SQLiteOpenHelper: int mMinimumSupportedVersion>",
						"<android.database.sqlite.SQLiteOpenHelper: android.database.sqlite.SQLiteDatabase getDatabaseLocked(boolean)>"
					],
					"depth":3,
					"method":"<android.database.sqlite.SQLiteOpenHelper: void <init>(android.content.Context,java.lang.String,android.database.sqlite.SQLiteDatabase$CursorFactory,int,android.database.DatabaseErrorHandler)>",
					"source":"FIELDCALLER"
				},
				{
					"trace":[
						"<android.database.sqlite.SQLiteOpenHelper: void <init>(android.content.Context,java.lang.String,android.database.sqlite.SQLiteDatabase$CursorFactory,int)>",
						"<android.database.sqlite.SQLiteOpenHelper: void <init>(android.content.Context,java.lang.String,android.database.sqlite.SQLiteDatabase$CursorFactory,int,android.database.DatabaseErrorHandler)>",
						"<android.database.sqlite.SQLiteOpenHelper: void <init>(android.content.Context,java.lang.String,android.database.sqlite.SQLiteDatabase$CursorFactory,int,int,android.database.DatabaseErrorHandler)>",
						"<android.database.sqlite.SQLiteOpenHelper: void <init>(android.content.Context,java.lang.String,int,int,android.database.sqlite.SQLiteDatabase$OpenParams$Builder)>",
						"key field: <android.database.sqlite.SQLiteOpenHelper: int mMinimumSupportedVersion>",
						"<android.database.sqlite.SQLiteOpenHelper: android.database.sqlite.SQLiteDatabase getDatabaseLocked(boolean)>"
					],
					"depth":4,
					"method":"<android.database.sqlite.SQLiteOpenHelper: void <init>(android.content.Context,java.lang.String,android.database.sqlite.SQLiteDatabase$CursorFactory,int)>",
					"source":"FIELDCALLER"
				}
			],
			"keyAPIDiffClass":[
				{
					"trace":[
						"<android.content.SearchRecentSuggestionsProvider$DatabaseHelper: void <init>(android.content.Context,int)>",
						"<android.database.sqlite.SQLiteOpenHelper: void <init>(android.content.Context,java.lang.String,android.database.sqlite.SQLiteDatabase$CursorFactory,int)>",
						"<android.database.sqlite.SQLiteOpenHelper: void <init>(android.content.Context,java.lang.String,android.database.sqlite.SQLiteDatabase$CursorFactory,int,android.database.DatabaseErrorHandler)>",
						"<android.database.sqlite.SQLiteOpenHelper: void <init>(android.content.Context,java.lang.String,android.database.sqlite.SQLiteDatabase$CursorFactory,int,int,android.database.DatabaseErrorHandler)>",
						"<android.database.sqlite.SQLiteOpenHelper: void <init>(android.content.Context,java.lang.String,int,int,android.database.sqlite.SQLiteDatabase$OpenParams$Builder)>",
						"key field: <android.database.sqlite.SQLiteOpenHelper: int mMinimumSupportedVersion>",
						"<android.database.sqlite.SQLiteOpenHelper: android.database.sqlite.SQLiteDatabase getDatabaseLocked(boolean)>"
					],
					"depth":5,
					"method":"<android.content.SearchRecentSuggestionsProvider$DatabaseHelper: void <init>(android.content.Context,int)>",
					"source":"FIELDCALLER"
				}
			],
			"callerOfSingnlar2SourceVar":{}
		},
		{
			"method":"<android.database.sqlite.SQLiteOpenHelper: android.database.sqlite.SQLiteDatabase getDatabaseLocked(boolean)>",
			"message":"\\QCan't upgrade read-only database from version \\E[\\s\\S]*\\Q to \\E[\\s\\S]*\\Q: \\E[\\s\\S]*",
			"relatedVarType":"ParaAndField",
			"relatedCondType":"Basic",
			"modifier":"private",
			"type":"android.database.sqlite.SQLiteException",
			"osVersionRelated":false,
			"resourceRelated":false,
			"assessRelated":false,
			"hardwareRelated":false,
			"manifestRelated":false,
			"conditions":"$z1 == 0, i8 == $i9, z3 == 0",
			"paramValues":"@parameter0: boolean",
			"fieldValues":"<android.database.sqlite.SQLiteOpenHelper: android.database.sqlite.SQLiteDatabase mDatabase>, <android.database.sqlite.SQLiteOpenHelper: int mNewVersion>",
			"relatedValues":"@parameter0: boolean; <android.database.sqlite.SQLiteOpenHelper: android.database.sqlite.SQLiteDatabase mDatabase>, <android.database.sqlite.SQLiteOpenHelper: int mNewVersion>; ",
			"keyAPISameClassNum":11,
			"keyAPIDiffClassNum":1,
			"keyAPISameClass":[
				{
					"trace":[
						"<android.database.sqlite.SQLiteOpenHelper: android.database.sqlite.SQLiteDatabase getDatabaseLocked(boolean)>"
					],
					"depth":1,
					"method":"<android.database.sqlite.SQLiteOpenHelper: void setWriteAheadLoggingEnabled(boolean)>",
					"source":"FIELD"
				},
				{
					"trace":[
						"<android.database.sqlite.SQLiteOpenHelper: android.database.sqlite.SQLiteDatabase getDatabaseLocked(boolean)>"
					],
					"depth":1,
					"method":"<android.database.sqlite.SQLiteOpenHelper: void setLookasideConfig(int,int)>",
					"source":"FIELD"
				},
				{
					"trace":[
						"<android.database.sqlite.SQLiteOpenHelper: android.database.sqlite.SQLiteDatabase getDatabaseLocked(boolean)>"
					],
					"depth":1,
					"method":"<android.database.sqlite.SQLiteOpenHelper: void setOpenParams(android.database.sqlite.SQLiteDatabase$OpenParams)>",
					"source":"FIELD"
				},
				{
					"trace":[
						"<android.database.sqlite.SQLiteOpenHelper: android.database.sqlite.SQLiteDatabase getDatabaseLocked(boolean)>"
					],
					"depth":1,
					"method":"<android.database.sqlite.SQLiteOpenHelper: void setIdleConnectionTimeout(long)>",
					"source":"FIELD"
				},
				{
					"trace":[
						"<android.database.sqlite.SQLiteOpenHelper: android.database.sqlite.SQLiteDatabase getDatabaseLocked(boolean)>"
					],
					"depth":1,
					"method":"<android.database.sqlite.SQLiteOpenHelper: void close()>",
					"source":"FIELD"
				},
				{
					"trace":[
						"<android.database.sqlite.SQLiteOpenHelper: android.database.sqlite.SQLiteDatabase getWritableDatabase()>",
						"<android.database.sqlite.SQLiteOpenHelper: android.database.sqlite.SQLiteDatabase getDatabaseLocked(boolean)>",
						"key field: <android.database.sqlite.SQLiteOpenHelper: android.database.sqlite.SQLiteDatabase mDatabase>",
						"<android.database.sqlite.SQLiteOpenHelper: android.database.sqlite.SQLiteDatabase getDatabaseLocked(boolean)>"
					],
					"depth":2,
					"method":"<android.database.sqlite.SQLiteOpenHelper: android.database.sqlite.SQLiteDatabase getWritableDatabase()>",
					"source":"FIELDCALLER"
				},
				{
					"trace":[
						"<android.database.sqlite.SQLiteOpenHelper: android.database.sqlite.SQLiteDatabase getReadableDatabase()>",
						"<android.database.sqlite.SQLiteOpenHelper: android.database.sqlite.SQLiteDatabase getDatabaseLocked(boolean)>",
						"key field: <android.database.sqlite.SQLiteOpenHelper: android.database.sqlite.SQLiteDatabase mDatabase>",
						"<android.database.sqlite.SQLiteOpenHelper: android.database.sqlite.SQLiteDatabase getDatabaseLocked(boolean)>"
					],
					"depth":2,
					"method":"<android.database.sqlite.SQLiteOpenHelper: android.database.sqlite.SQLiteDatabase getReadableDatabase()>",
					"source":"FIELDCALLER"
				},
				{
					"trace":[
						"<android.database.sqlite.SQLiteOpenHelper: void <init>(android.content.Context,java.lang.String,android.database.sqlite.SQLiteDatabase$CursorFactory,int,int,android.database.DatabaseErrorHandler)>",
						"<android.database.sqlite.SQLiteOpenHelper: void <init>(android.content.Context,java.lang.String,int,int,android.database.sqlite.SQLiteDatabase$OpenParams$Builder)>",
						"key field: <android.database.sqlite.SQLiteOpenHelper: int mNewVersion>",
						"<android.database.sqlite.SQLiteOpenHelper: android.database.sqlite.SQLiteDatabase getDatabaseLocked(boolean)>"
					],
					"depth":2,
					"method":"<android.database.sqlite.SQLiteOpenHelper: void <init>(android.content.Context,java.lang.String,android.database.sqlite.SQLiteDatabase$CursorFactory,int,int,android.database.DatabaseErrorHandler)>",
					"source":"FIELDCALLER"
				},
				{
					"trace":[
						"<android.database.sqlite.SQLiteOpenHelper: void <init>(android.content.Context,java.lang.String,int,android.database.sqlite.SQLiteDatabase$OpenParams)>",
						"<android.database.sqlite.SQLiteOpenHelper: void <init>(android.content.Context,java.lang.String,int,int,android.database.sqlite.SQLiteDatabase$OpenParams$Builder)>",
						"key field: <android.database.sqlite.SQLiteOpenHelper: int mNewVersion>",
						"<android.database.sqlite.SQLiteOpenHelper: android.database.sqlite.SQLiteDatabase getDatabaseLocked(boolean)>"
					],
					"depth":2,
					"method":"<android.database.sqlite.SQLiteOpenHelper: void <init>(android.content.Context,java.lang.String,int,android.database.sqlite.SQLiteDatabase$OpenParams)>",
					"source":"FIELDCALLER"
				},
				{
					"trace":[
						"<android.database.sqlite.SQLiteOpenHelper: void <init>(android.content.Context,java.lang.String,android.database.sqlite.SQLiteDatabase$CursorFactory,int,android.database.DatabaseErrorHandler)>",
						"<android.database.sqlite.SQLiteOpenHelper: void <init>(android.content.Context,java.lang.String,android.database.sqlite.SQLiteDatabase$CursorFactory,int,int,android.database.DatabaseErrorHandler)>",
						"<android.database.sqlite.SQLiteOpenHelper: void <init>(android.content.Context,java.lang.String,int,int,android.database.sqlite.SQLiteDatabase$OpenParams$Builder)>",
						"key field: <android.database.sqlite.SQLiteOpenHelper: int mNewVersion>",
						"<android.database.sqlite.SQLiteOpenHelper: android.database.sqlite.SQLiteDatabase getDatabaseLocked(boolean)>"
					],
					"depth":3,
					"method":"<android.database.sqlite.SQLiteOpenHelper: void <init>(android.content.Context,java.lang.String,android.database.sqlite.SQLiteDatabase$CursorFactory,int,android.database.DatabaseErrorHandler)>",
					"source":"FIELDCALLER"
				},
				{
					"trace":[
						"<android.database.sqlite.SQLiteOpenHelper: void <init>(android.content.Context,java.lang.String,android.database.sqlite.SQLiteDatabase$CursorFactory,int)>",
						"<android.database.sqlite.SQLiteOpenHelper: void <init>(android.content.Context,java.lang.String,android.database.sqlite.SQLiteDatabase$CursorFactory,int,android.database.DatabaseErrorHandler)>",
						"<android.database.sqlite.SQLiteOpenHelper: void <init>(android.content.Context,java.lang.String,android.database.sqlite.SQLiteDatabase$CursorFactory,int,int,android.database.DatabaseErrorHandler)>",
						"<android.database.sqlite.SQLiteOpenHelper: void <init>(android.content.Context,java.lang.String,int,int,android.database.sqlite.SQLiteDatabase$OpenParams$Builder)>",
						"key field: <android.database.sqlite.SQLiteOpenHelper: int mNewVersion>",
						"<android.database.sqlite.SQLiteOpenHelper: android.database.sqlite.SQLiteDatabase getDatabaseLocked(boolean)>"
					],
					"depth":4,
					"method":"<android.database.sqlite.SQLiteOpenHelper: void <init>(android.content.Context,java.lang.String,android.database.sqlite.SQLiteDatabase$CursorFactory,int)>",
					"source":"FIELDCALLER"
				}
			],
			"keyAPIDiffClass":[
				{
					"trace":[
						"<android.content.SearchRecentSuggestionsProvider$DatabaseHelper: void <init>(android.content.Context,int)>",
						"<android.database.sqlite.SQLiteOpenHelper: void <init>(android.content.Context,java.lang.String,android.database.sqlite.SQLiteDatabase$CursorFactory,int)>",
						"<android.database.sqlite.SQLiteOpenHelper: void <init>(android.content.Context,java.lang.String,android.database.sqlite.SQLiteDatabase$CursorFactory,int,android.database.DatabaseErrorHandler)>",
						"<android.database.sqlite.SQLiteOpenHelper: void <init>(android.content.Context,java.lang.String,android.database.sqlite.SQLiteDatabase$CursorFactory,int,int,android.database.DatabaseErrorHandler)>",
						"<android.database.sqlite.SQLiteOpenHelper: void <init>(android.content.Context,java.lang.String,int,int,android.database.sqlite.SQLiteDatabase$OpenParams$Builder)>",
						"key field: <android.database.sqlite.SQLiteOpenHelper: int mNewVersion>",
						"<android.database.sqlite.SQLiteOpenHelper: android.database.sqlite.SQLiteDatabase getDatabaseLocked(boolean)>"
					],
					"depth":5,
					"method":"<android.content.SearchRecentSuggestionsProvider$DatabaseHelper: void <init>(android.content.Context,int)>",
					"source":"FIELDCALLER"
				}
			],
			"callerOfSingnlar2SourceVar":{
				"<android.database.sqlite.SQLiteOpenHelper: android.database.sqlite.SQLiteDatabase getDatabaseLocked(boolean)>":"0"
			}
		},
		{
			"method":"<android.database.sqlite.SQLiteOpenHelper: void close()>",
			"message":"\\QClosed during initialization\\E",
			"relatedVarType":"Field",
			"relatedCondType":"Basic",
			"modifier":"public",
			"type":"java.lang.IllegalStateException",
			"osVersionRelated":false,
			"resourceRelated":false,
			"assessRelated":false,
			"hardwareRelated":false,
			"manifestRelated":false,
			"conditions":"$z0 == 0",
			"fieldValues":"<android.database.sqlite.SQLiteOpenHelper: boolean mIsInitializing>",
			"relatedValues":"; <android.database.sqlite.SQLiteOpenHelper: boolean mIsInitializing>; ",
			"keyAPISameClassNum":2,
			"keyAPIDiffClassNum":0,
			"keyAPISameClass":[
				{
					"trace":[
						"<android.database.sqlite.SQLiteOpenHelper: android.database.sqlite.SQLiteDatabase getWritableDatabase()>",
						"<android.database.sqlite.SQLiteOpenHelper: android.database.sqlite.SQLiteDatabase getDatabaseLocked(boolean)>",
						"key field: <android.database.sqlite.SQLiteOpenHelper: boolean mIsInitializing>",
						"<android.database.sqlite.SQLiteOpenHelper: void close()>"
					],
					"depth":2,
					"method":"<android.database.sqlite.SQLiteOpenHelper: android.database.sqlite.SQLiteDatabase getWritableDatabase()>",
					"source":"FIELDCALLER"
				},
				{
					"trace":[
						"<android.database.sqlite.SQLiteOpenHelper: android.database.sqlite.SQLiteDatabase getReadableDatabase()>",
						"<android.database.sqlite.SQLiteOpenHelper: android.database.sqlite.SQLiteDatabase getDatabaseLocked(boolean)>",
						"key field: <android.database.sqlite.SQLiteOpenHelper: boolean mIsInitializing>",
						"<android.database.sqlite.SQLiteOpenHelper: void close()>"
					],
					"depth":2,
					"method":"<android.database.sqlite.SQLiteOpenHelper: android.database.sqlite.SQLiteDatabase getReadableDatabase()>",
					"source":"FIELDCALLER"
				}
			],
			"keyAPIDiffClass":[],
			"callerOfSingnlar2SourceVar":{}
		},
		{
			"method":"<android.database.sqlite.SQLiteOpenHelper: void onDowngrade(android.database.sqlite.SQLiteDatabase,int,int)>",
			"message":"\\QCan't downgrade database from version \\E[\\s\\S]*\\Q to \\E[\\s\\S]*",
			"relatedVarType":"Empty",
			"relatedCondType":"Empty",
			"modifier":"public",
			"type":"android.database.sqlite.SQLiteException",
			"osVersionRelated":false,
			"resourceRelated":false,
			"assessRelated":false,
			"hardwareRelated":false,
			"manifestRelated":false,
			"keyAPISameClassNum":0,
			"keyAPIDiffClassNum":0,
			"keyAPISameClass":[],
			"keyAPIDiffClass":[],
			"callerOfSingnlar2SourceVar":{}
		}
	]
}