{
	"exceptions":[
		{
			"method":"<android.net.Uri$PathSegments: java.lang.String get(int)>",
			"message":"[\\s\\S]*",
			"relatedVarType":"ParaAndField",
			"relatedCondType":"Basic",
			"modifier":"public",
			"type":"java.lang.IndexOutOfBoundsException",
			"osVersionRelated":false,
			"resourceRelated":false,
			"assessRelated":false,
			"hardwareRelated":false,
			"manifestRelated":false,
			"conditions":"i0 < $i1",
			"paramValues":"@parameter0: int",
			"fieldValues":"<android.net.Uri$PathSegments: int size>",
			"relatedValues":"@parameter0: int; <android.net.Uri$PathSegments: int size>; ",
			"keyAPISameClassNum":0,
			"keyAPIDiffClassNum":5,
			"keyAPISameClass":[
				{
					"trace":[
						"<android.net.Uri$PathSegments: java.lang.Object get(int)>",
						"<android.net.Uri$PathSegments: java.lang.String get(int)>"
					],
					"depth":1,
					"method":"<android.net.Uri$PathSegments: java.lang.Object get(int)>",
					"source":"CALLER"
				},
				{
					"trace":[
						"<java.util.AbstractList: java.lang.Object get(int)>",
						"<android.net.Uri$PathSegments: java.lang.String get(int)>"
					],
					"depth":1,
					"method":"<java.util.AbstractList: java.lang.Object get(int)>",
					"source":"CALLER"
				},
				{
					"trace":[
						"<java.util.List: java.lang.Object get(int)>",
						"<android.net.Uri$PathSegments: java.lang.String get(int)>"
					],
					"depth":1,
					"method":"<java.util.List: java.lang.Object get(int)>",
					"source":"CALLER"
				}
			],
			"keyAPIDiffClass":[
				{
					"trace":[
						"<android.net.Uri$HierarchicalUri: java.util.List getPathSegments()>",
						"<android.net.Uri$PathPart: android.net.Uri$PathSegments getPathSegments()>",
						"<android.net.Uri$PathSegments: void <clinit>()>",
						"<android.net.Uri$PathSegments: void <init>(java.lang.String[],int)>",
						"key field: <android.net.Uri$PathSegments: int size>",
						"<android.net.Uri$PathSegments: java.lang.String get(int)>"
					],
					"depth":4,
					"method":"<android.net.Uri$HierarchicalUri: java.util.List getPathSegments()>",
					"source":"FIELDCALLER"
				},
				{
					"trace":[
						"<android.net.Uri: java.util.List getPathSegments()>",
						"<android.net.Uri$PathPart: android.net.Uri$PathSegments getPathSegments()>",
						"<android.net.Uri$PathSegments: void <clinit>()>",
						"<android.net.Uri$PathSegments: void <init>(java.lang.String[],int)>",
						"key field: <android.net.Uri$PathSegments: int size>",
						"<android.net.Uri$PathSegments: java.lang.String get(int)>"
					],
					"depth":4,
					"method":"<android.net.Uri: java.util.List getPathSegments()>",
					"source":"FIELDCALLER"
				},
				{
					"trace":[
						"<android.net.Uri$StringUri: java.util.List getPathSegments()>",
						"<android.net.Uri$PathPart: android.net.Uri$PathSegments getPathSegments()>",
						"<android.net.Uri$PathSegments: void <clinit>()>",
						"<android.net.Uri$PathSegments: void <init>(java.lang.String[],int)>",
						"key field: <android.net.Uri$PathSegments: int size>",
						"<android.net.Uri$PathSegments: java.lang.String get(int)>"
					],
					"depth":4,
					"method":"<android.net.Uri$StringUri: java.util.List getPathSegments()>",
					"source":"FIELDCALLER"
				},
				{
					"trace":[
						"<android.net.Uri$AbstractHierarchicalUri: java.lang.String getLastPathSegment()>",
						"<android.net.Uri$HierarchicalUri: java.util.List getPathSegments()>",
						"<android.net.Uri$PathPart: android.net.Uri$PathSegments getPathSegments()>",
						"<android.net.Uri$PathSegments: void <clinit>()>",
						"<android.net.Uri$PathSegments: void <init>(java.lang.String[],int)>",
						"key field: <android.net.Uri$PathSegments: int size>",
						"<android.net.Uri$PathSegments: java.lang.String get(int)>"
					],
					"depth":5,
					"method":"<android.net.Uri$AbstractHierarchicalUri: java.lang.String getLastPathSegment()>",
					"source":"FIELDCALLER"
				},
				{
					"trace":[
						"<android.net.Uri: java.lang.String getLastPathSegment()>",
						"<android.net.Uri$HierarchicalUri: java.util.List getPathSegments()>",
						"<android.net.Uri$PathPart: android.net.Uri$PathSegments getPathSegments()>",
						"<android.net.Uri$PathSegments: void <clinit>()>",
						"<android.net.Uri$PathSegments: void <init>(java.lang.String[],int)>",
						"key field: <android.net.Uri$PathSegments: int size>",
						"<android.net.Uri$PathSegments: java.lang.String get(int)>"
					],
					"depth":5,
					"method":"<android.net.Uri: java.lang.String getLastPathSegment()>",
					"source":"FIELDCALLER"
				}
			],
			"callerOfSingnlar2SourceVar":{
				"<android.net.Uri$PathSegments: java.lang.String get(int)>":"0",
				"<android.net.Uri$PathSegments: java.lang.Object get(int)>":"0"
			}
		}
	]
}