{
	"exceptions":[
		{
			"method":"<android.app.SuggestionsAdapter: android.graphics.drawable.Drawable getDrawable(android.net.Uri)>",
			"message":"\\QResource does not exist: \\E[\\s\\S]*",
			"relatedVarType":"Parameter",
			"relatedCondType":"Basic",
			"modifier":"private",
			"type":"java.io.FileNotFoundException",
			"osVersionRelated":false,
			"resourceRelated":false,
			"assessRelated":false,
			"hardwareRelated":false,
			"manifestRelated":false,
			"conditions":"$z0 == 0",
			"paramValues":"@parameter0: android.net.Uri",
			"caughtValues":"@caughtexception",
			"relatedValues":"@parameter0: android.net.Uri; ; @caughtexception",
			"keyAPISameClassNum":0,
			"keyAPIDiffClassNum":0,
			"keyAPISameClass":[
				{
					"trace":[
						"<android.app.SuggestionsAdapter: android.graphics.drawable.Drawable getDrawable(android.net.Uri)>"
					],
					"depth":0,
					"method":"<android.app.SuggestionsAdapter: android.graphics.drawable.Drawable getDrawable(android.net.Uri)>",
					"source":"CALLER"
				},
				{
					"trace":[
						"<android.app.SuggestionsAdapter: void bindView(android.view.View,android.content.Context,android.database.Cursor)>",
						"<android.app.SuggestionsAdapter: android.graphics.drawable.Drawable getIcon1(android.database.Cursor)>",
						"<android.app.SuggestionsAdapter: android.graphics.drawable.Drawable getDrawableFromResourceValue(java.lang.String)>",
						"<android.app.SuggestionsAdapter: android.graphics.drawable.Drawable getDrawable(android.net.Uri)>"
					],
					"depth":3,
					"method":"<android.app.SuggestionsAdapter: void bindView(android.view.View,android.content.Context,android.database.Cursor)>",
					"source":"CALLER"
				}
			],
			"keyAPIDiffClass":[],
			"callerOfSingnlar2SourceVar":{
				"<android.app.SuggestionsAdapter: android.graphics.drawable.Drawable getDrawable(android.net.Uri)>":"0"
			}
		},
		{
			"method":"<android.app.SuggestionsAdapter: android.graphics.drawable.Drawable getDrawable(android.net.Uri)>",
			"message":"\\QFailed to open \\E[\\s\\S]*",
			"relatedVarType":"ParaAndField",
			"relatedCondType":"Basic",
			"modifier":"private",
			"type":"java.io.FileNotFoundException",
			"osVersionRelated":false,
			"resourceRelated":false,
			"assessRelated":false,
			"hardwareRelated":false,
			"manifestRelated":false,
			"conditions":"r6 != null, $z0 == 0",
			"paramValues":"@parameter0: android.net.Uri",
			"fieldValues":"<android.app.SuggestionsAdapter: android.content.Context mProviderContext>",
			"relatedValues":"@parameter0: android.net.Uri; <android.app.SuggestionsAdapter: android.content.Context mProviderContext>; ",
			"keyAPISameClassNum":2,
			"keyAPIDiffClassNum":7,
			"keyAPISameClass":[
				{
					"trace":[
						"<android.app.SuggestionsAdapter: android.graphics.drawable.Drawable getDrawable(android.net.Uri)>"
					],
					"depth":1,
					"method":"<android.app.SuggestionsAdapter: void <init>(android.content.Context,android.app.SearchDialog,android.app.SearchableInfo,java.util.WeakHashMap)>",
					"source":"FIELD"
				},
				{
					"trace":[
						"<android.app.SuggestionsAdapter: void bindView(android.view.View,android.content.Context,android.database.Cursor)>",
						"<android.app.SuggestionsAdapter: android.graphics.drawable.Drawable getIcon1(android.database.Cursor)>",
						"<android.app.SuggestionsAdapter: android.graphics.drawable.Drawable getDefaultIcon1(android.database.Cursor)>",
						"<android.app.SuggestionsAdapter: android.graphics.drawable.Drawable getActivityIconWithCache(android.content.ComponentName)>",
						"key field: <android.app.SuggestionsAdapter: android.content.Context mProviderContext>",
						"<android.app.SuggestionsAdapter: android.graphics.drawable.Drawable getDrawable(android.net.Uri)>"
					],
					"depth":4,
					"method":"<android.app.SuggestionsAdapter: void bindView(android.view.View,android.content.Context,android.database.Cursor)>",
					"source":"FIELDCALLER"
				}
			],
			"keyAPIDiffClass":[
				{
					"trace":[
						"<android.app.SearchDialog: void onRestoreInstanceState(android.os.Bundle)>",
						"<android.app.SearchDialog: boolean doShow(java.lang.String,boolean,android.content.ComponentName,android.os.Bundle)>",
						"<android.app.SearchDialog: boolean show(android.content.ComponentName,android.os.Bundle)>",
						"<android.app.SearchDialog: void updateUI()>",
						"<android.app.SearchDialog: void updateSearchAutoComplete()>",
						"<android.app.SuggestionsAdapter: void <init>(android.content.Context,android.app.SearchDialog,android.app.SearchableInfo,java.util.WeakHashMap)>",
						"key field: <android.app.SuggestionsAdapter: android.content.Context mProviderContext>",
						"<android.app.SuggestionsAdapter: android.graphics.drawable.Drawable getDrawable(android.net.Uri)>"
					],
					"depth":6,
					"method":"<android.app.SearchDialog: void onRestoreInstanceState(android.os.Bundle)>",
					"source":"FIELDCALLER"
				},
				{
					"trace":[
						"<android.app.SearchDialog: boolean show(java.lang.String,boolean,android.content.ComponentName,android.os.Bundle)>",
						"<android.app.SearchDialog: boolean doShow(java.lang.String,boolean,android.content.ComponentName,android.os.Bundle)>",
						"<android.app.SearchDialog: boolean show(android.content.ComponentName,android.os.Bundle)>",
						"<android.app.SearchDialog: void updateUI()>",
						"<android.app.SearchDialog: void updateSearchAutoComplete()>",
						"<android.app.SuggestionsAdapter: void <init>(android.content.Context,android.app.SearchDialog,android.app.SearchableInfo,java.util.WeakHashMap)>",
						"key field: <android.app.SuggestionsAdapter: android.content.Context mProviderContext>",
						"<android.app.SuggestionsAdapter: android.graphics.drawable.Drawable getDrawable(android.net.Uri)>"
					],
					"depth":6,
					"method":"<android.app.SearchDialog: boolean show(java.lang.String,boolean,android.content.ComponentName,android.os.Bundle)>",
					"source":"FIELDCALLER"
				},
				{
					"trace":[
						"<android.app.SearchManager: void startSearch(java.lang.String,boolean,android.content.ComponentName,android.os.Bundle,boolean)>",
						"<android.app.SearchDialog: boolean show(java.lang.String,boolean,android.content.ComponentName,android.os.Bundle)>",
						"<android.app.SearchDialog: boolean doShow(java.lang.String,boolean,android.content.ComponentName,android.os.Bundle)>",
						"<android.app.SearchDialog: boolean show(android.content.ComponentName,android.os.Bundle)>",
						"<android.app.SearchDialog: void updateUI()>",
						"<android.app.SearchDialog: void updateSearchAutoComplete()>",
						"<android.app.SuggestionsAdapter: void <init>(android.content.Context,android.app.SearchDialog,android.app.SearchableInfo,java.util.WeakHashMap)>",
						"key field: <android.app.SuggestionsAdapter: android.content.Context mProviderContext>",
						"<android.app.SuggestionsAdapter: android.graphics.drawable.Drawable getDrawable(android.net.Uri)>"
					],
					"depth":7,
					"method":"<android.app.SearchManager: void startSearch(java.lang.String,boolean,android.content.ComponentName,android.os.Bundle,boolean)>",
					"source":"FIELDCALLER"
				},
				{
					"trace":[
						"<android.app.Activity: void startSearch(java.lang.String,boolean,android.os.Bundle,boolean)>",
						"<android.app.SearchManager: void startSearch(java.lang.String,boolean,android.content.ComponentName,android.os.Bundle,boolean)>",
						"<android.app.SearchDialog: boolean show(java.lang.String,boolean,android.content.ComponentName,android.os.Bundle)>",
						"<android.app.SearchDialog: boolean doShow(java.lang.String,boolean,android.content.ComponentName,android.os.Bundle)>",
						"<android.app.SearchDialog: boolean show(android.content.ComponentName,android.os.Bundle)>",
						"<android.app.SearchDialog: void updateUI()>",
						"<android.app.SearchDialog: void updateSearchAutoComplete()>",
						"<android.app.SuggestionsAdapter: void <init>(android.content.Context,android.app.SearchDialog,android.app.SearchableInfo,java.util.WeakHashMap)>",
						"key field: <android.app.SuggestionsAdapter: android.content.Context mProviderContext>",
						"<android.app.SuggestionsAdapter: android.graphics.drawable.Drawable getDrawable(android.net.Uri)>"
					],
					"depth":8,
					"method":"<android.app.Activity: void startSearch(java.lang.String,boolean,android.os.Bundle,boolean)>",
					"source":"FIELDCALLER"
				},
				{
					"trace":[
						"<android.app.Dialog: boolean onSearchRequested()>",
						"<android.app.SearchManager: void startSearch(java.lang.String,boolean,android.content.ComponentName,android.os.Bundle,boolean)>",
						"<android.app.SearchDialog: boolean show(java.lang.String,boolean,android.content.ComponentName,android.os.Bundle)>",
						"<android.app.SearchDialog: boolean doShow(java.lang.String,boolean,android.content.ComponentName,android.os.Bundle)>",
						"<android.app.SearchDialog: boolean show(android.content.ComponentName,android.os.Bundle)>",
						"<android.app.SearchDialog: void updateUI()>",
						"<android.app.SearchDialog: void updateSearchAutoComplete()>",
						"<android.app.SuggestionsAdapter: void <init>(android.content.Context,android.app.SearchDialog,android.app.SearchableInfo,java.util.WeakHashMap)>",
						"key field: <android.app.SuggestionsAdapter: android.content.Context mProviderContext>",
						"<android.app.SuggestionsAdapter: android.graphics.drawable.Drawable getDrawable(android.net.Uri)>"
					],
					"depth":8,
					"method":"<android.app.Dialog: boolean onSearchRequested()>",
					"source":"FIELDCALLER"
				},
				{
					"trace":[
						"<android.view.Window$Callback: boolean onSearchRequested()>",
						"<android.app.SearchManager: void startSearch(java.lang.String,boolean,android.content.ComponentName,android.os.Bundle,boolean)>",
						"<android.app.SearchDialog: boolean show(java.lang.String,boolean,android.content.ComponentName,android.os.Bundle)>",
						"<android.app.SearchDialog: boolean doShow(java.lang.String,boolean,android.content.ComponentName,android.os.Bundle)>",
						"<android.app.SearchDialog: boolean show(android.content.ComponentName,android.os.Bundle)>",
						"<android.app.SearchDialog: void updateUI()>",
						"<android.app.SearchDialog: void updateSearchAutoComplete()>",
						"<android.app.SuggestionsAdapter: void <init>(android.content.Context,android.app.SearchDialog,android.app.SearchableInfo,java.util.WeakHashMap)>",
						"key field: <android.app.SuggestionsAdapter: android.content.Context mProviderContext>",
						"<android.app.SuggestionsAdapter: android.graphics.drawable.Drawable getDrawable(android.net.Uri)>"
					],
					"depth":8,
					"method":"<android.view.Window$Callback: boolean onSearchRequested()>",
					"source":"FIELDCALLER"
				},
				{
					"trace":[
						"<android.app.SearchManager: void triggerSearch(java.lang.String,android.content.ComponentName,android.os.Bundle)>",
						"<android.app.SearchManager: void startSearch(java.lang.String,boolean,android.content.ComponentName,android.os.Bundle,boolean)>",
						"<android.app.SearchDialog: boolean show(java.lang.String,boolean,android.content.ComponentName,android.os.Bundle)>",
						"<android.app.SearchDialog: boolean doShow(java.lang.String,boolean,android.content.ComponentName,android.os.Bundle)>",
						"<android.app.SearchDialog: boolean show(android.content.ComponentName,android.os.Bundle)>",
						"<android.app.SearchDialog: void updateUI()>",
						"<android.app.SearchDialog: void updateSearchAutoComplete()>",
						"<android.app.SuggestionsAdapter: void <init>(android.content.Context,android.app.SearchDialog,android.app.SearchableInfo,java.util.WeakHashMap)>",
						"key field: <android.app.SuggestionsAdapter: android.content.Context mProviderContext>",
						"<android.app.SuggestionsAdapter: android.graphics.drawable.Drawable getDrawable(android.net.Uri)>"
					],
					"depth":8,
					"method":"<android.app.SearchManager: void triggerSearch(java.lang.String,android.content.ComponentName,android.os.Bundle)>",
					"source":"FIELDCALLER"
				}
			],
			"callerOfSingnlar2SourceVar":{
				"<android.app.SuggestionsAdapter: android.graphics.drawable.Drawable getDrawable(android.net.Uri)>":"0"
			}
		}
	]
}