{
	"exceptions":[
		{
			"method":"<android.media.AudioTrack: void audioBuffSizeCheck(int)>",
			"message":"\\QInvalid audio buffer size.\\E",
			"relatedVarType":"ParaAndField",
			"relatedCondType":"Basic",
			"modifier":"private",
			"type":"java.lang.IllegalArgumentException",
			"osVersionRelated":false,
			"resourceRelated":false,
			"assessRelated":false,
			"hardwareRelated":false,
			"manifestRelated":false,
			"conditions":"$i4 != 0, $i1 != 3",
			"paramValues":"@parameter0: int",
			"fieldValues":"<android.media.AudioTrack: int mChannelCount>, <android.media.AudioTrack: int mAudioFormat>",
			"relatedValues":"@parameter0: int; <android.media.AudioTrack: int mChannelCount>, <android.media.AudioTrack: int mAudioFormat>; ",
			"keyAPISameClassNum":1,
			"keyAPIDiffClassNum":0,
			"keyAPISameClass":[
				{
					"trace":[
						"<android.media.AudioTrack: void audioBuffSizeCheck(int)>"
					],
					"depth":1,
					"method":"<android.media.AudioTrack: void <init>(int,int,int,int,int,int)>",
					"source":"FIELD"
				}
			],
			"keyAPIDiffClass":[],
			"callerOfSingnlar2SourceVar":{
				"<android.media.AudioTrack: void <init>(int,int,int,int,int,int)>":"4",
				"<android.media.AudioTrack: void audioBuffSizeCheck(int)>":"0"
			}
		},
		{
			"method":"<android.media.AudioTrack: void audioParamCheck(int,int,int,int,int)>",
			"message":"\\QUnsupported channel configuration.\\E",
			"relatedVarType":"Parameter",
			"relatedCondType":"Basic",
			"modifier":"private",
			"type":"java.lang.IllegalArgumentException",
			"osVersionRelated":false,
			"resourceRelated":false,
			"assessRelated":false,
			"hardwareRelated":false,
			"manifestRelated":false,
			"conditions":"i2, i1 <= 48000, i1 < 4000",
			"paramValues":"@parameter2: int, @parameter1: int",
			"relatedValues":"@parameter2: int, @parameter1: int; ; ",
			"keyAPISameClassNum":0,
			"keyAPIDiffClassNum":0,
			"keyAPISameClass":[
				{
					"trace":[
						"<android.media.AudioTrack: void audioParamCheck(int,int,int,int,int)>"
					],
					"depth":0,
					"method":"<android.media.AudioTrack: void audioParamCheck(int,int,int,int,int)>",
					"source":"CALLER"
				},
				{
					"trace":[
						"<android.media.AudioTrack: void <init>(int,int,int,int,int,int)>",
						"<android.media.AudioTrack: void audioParamCheck(int,int,int,int,int)>"
					],
					"depth":1,
					"method":"<android.media.AudioTrack: void <init>(int,int,int,int,int,int)>",
					"source":"CALLER"
				}
			],
			"keyAPIDiffClass":[],
			"callerOfSingnlar2SourceVar":{
				"<android.media.AudioTrack: void <init>(int,int,int,int,int,int)>":"2, 1",
				"<android.media.AudioTrack: void audioParamCheck(int,int,int,int,int)>":"2, 1"
			}
		},
		{
			"method":"<android.media.AudioTrack: void audioParamCheck(int,int,int,int,int)>",
			"message":"\\QInvalid mode.\\E",
			"relatedVarType":"Parameter",
			"relatedCondType":"Basic",
			"modifier":"private",
			"type":"java.lang.IllegalArgumentException",
			"osVersionRelated":false,
			"resourceRelated":false,
			"assessRelated":false,
			"hardwareRelated":false,
			"manifestRelated":false,
			"conditions":"i4 == 0, i4 == 1, i3",
			"paramValues":"@parameter4: int, @parameter3: int",
			"relatedValues":"@parameter4: int, @parameter3: int; ; ",
			"keyAPISameClassNum":0,
			"keyAPIDiffClassNum":0,
			"keyAPISameClass":[
				{
					"trace":[
						"<android.media.AudioTrack: void audioParamCheck(int,int,int,int,int)>"
					],
					"depth":0,
					"method":"<android.media.AudioTrack: void audioParamCheck(int,int,int,int,int)>",
					"source":"CALLER"
				},
				{
					"trace":[
						"<android.media.AudioTrack: void <init>(int,int,int,int,int,int)>",
						"<android.media.AudioTrack: void audioParamCheck(int,int,int,int,int)>"
					],
					"depth":1,
					"method":"<android.media.AudioTrack: void <init>(int,int,int,int,int,int)>",
					"source":"CALLER"
				}
			],
			"keyAPIDiffClass":[],
			"callerOfSingnlar2SourceVar":{
				"<android.media.AudioTrack: void <init>(int,int,int,int,int,int)>":"5, 3",
				"<android.media.AudioTrack: void audioParamCheck(int,int,int,int,int)>":"4, 3"
			}
		},
		{
			"method":"<android.media.AudioTrack: void audioParamCheck(int,int,int,int,int)>",
			"message":"\\QUnsupported sample encoding. Should be ENCODING_PCM_8BIT or ENCODING_PCM_16BIT.\\E",
			"relatedVarType":"Parameter",
			"relatedCondType":"Basic",
			"modifier":"private",
			"type":"java.lang.IllegalArgumentException",
			"osVersionRelated":false,
			"resourceRelated":false,
			"assessRelated":false,
			"hardwareRelated":false,
			"manifestRelated":false,
			"conditions":"i3, i2, i1 <= 48000",
			"paramValues":"@parameter3: int, @parameter2: int, @parameter1: int",
			"relatedValues":"@parameter3: int, @parameter2: int, @parameter1: int; ; ",
			"keyAPISameClassNum":0,
			"keyAPIDiffClassNum":0,
			"keyAPISameClass":[
				{
					"trace":[
						"<android.media.AudioTrack: void audioParamCheck(int,int,int,int,int)>"
					],
					"depth":0,
					"method":"<android.media.AudioTrack: void audioParamCheck(int,int,int,int,int)>",
					"source":"CALLER"
				},
				{
					"trace":[
						"<android.media.AudioTrack: void <init>(int,int,int,int,int,int)>",
						"<android.media.AudioTrack: void audioParamCheck(int,int,int,int,int)>"
					],
					"depth":1,
					"method":"<android.media.AudioTrack: void <init>(int,int,int,int,int,int)>",
					"source":"CALLER"
				}
			],
			"keyAPIDiffClass":[],
			"callerOfSingnlar2SourceVar":{
				"<android.media.AudioTrack: void <init>(int,int,int,int,int,int)>":"3, 2, 1",
				"<android.media.AudioTrack: void audioParamCheck(int,int,int,int,int)>":"3, 2, 1"
			}
		},
		{
			"method":"<android.media.AudioTrack: void audioParamCheck(int,int,int,int,int)>",
			"message":"[\\s\\S]*\\QHz is not a supported sample rate.\\E",
			"relatedVarType":"Parameter",
			"relatedCondType":"Basic",
			"modifier":"private",
			"type":"java.lang.IllegalArgumentException",
			"osVersionRelated":false,
			"resourceRelated":false,
			"assessRelated":false,
			"hardwareRelated":false,
			"manifestRelated":false,
			"conditions":"i1 < 4000, i0 == 4, i0 == 3",
			"paramValues":"@parameter1: int, @parameter0: int",
			"relatedValues":"@parameter1: int, @parameter0: int; ; ",
			"keyAPISameClassNum":0,
			"keyAPIDiffClassNum":0,
			"keyAPISameClass":[
				{
					"trace":[
						"<android.media.AudioTrack: void audioParamCheck(int,int,int,int,int)>"
					],
					"depth":0,
					"method":"<android.media.AudioTrack: void audioParamCheck(int,int,int,int,int)>",
					"source":"CALLER"
				},
				{
					"trace":[
						"<android.media.AudioTrack: void <init>(int,int,int,int,int,int)>",
						"<android.media.AudioTrack: void audioParamCheck(int,int,int,int,int)>"
					],
					"depth":1,
					"method":"<android.media.AudioTrack: void <init>(int,int,int,int,int,int)>",
					"source":"CALLER"
				}
			],
			"keyAPIDiffClass":[],
			"callerOfSingnlar2SourceVar":{
				"<android.media.AudioTrack: void <init>(int,int,int,int,int,int)>":"1, 0",
				"<android.media.AudioTrack: void audioParamCheck(int,int,int,int,int)>":"1, 0"
			}
		},
		{
			"method":"<android.media.AudioTrack: void audioParamCheck(int,int,int,int,int)>",
			"message":"\\QInvalid stream type.\\E",
			"relatedVarType":"Parameter",
			"relatedCondType":"Basic",
			"modifier":"private",
			"type":"java.lang.IllegalArgumentException",
			"osVersionRelated":false,
			"resourceRelated":false,
			"assessRelated":false,
			"hardwareRelated":false,
			"manifestRelated":false,
			"conditions":"i0 == 8, i0 == 6, i0 == 5",
			"paramValues":"@parameter0: int",
			"relatedValues":"@parameter0: int; ; ",
			"keyAPISameClassNum":0,
			"keyAPIDiffClassNum":0,
			"keyAPISameClass":[
				{
					"trace":[
						"<android.media.AudioTrack: void audioParamCheck(int,int,int,int,int)>"
					],
					"depth":0,
					"method":"<android.media.AudioTrack: void audioParamCheck(int,int,int,int,int)>",
					"source":"CALLER"
				},
				{
					"trace":[
						"<android.media.AudioTrack: void <init>(int,int,int,int,int,int)>",
						"<android.media.AudioTrack: void audioParamCheck(int,int,int,int,int)>"
					],
					"depth":1,
					"method":"<android.media.AudioTrack: void <init>(int,int,int,int,int,int)>",
					"source":"CALLER"
				}
			],
			"keyAPIDiffClass":[],
			"callerOfSingnlar2SourceVar":{
				"<android.media.AudioTrack: void <init>(int,int,int,int,int,int)>":"0",
				"<android.media.AudioTrack: void audioParamCheck(int,int,int,int,int)>":"0"
			}
		},
		{
			"method":"<android.media.AudioTrack: void pause()>",
			"message":"\\Qpause() called on uninitialized AudioTrack.\\E",
			"relatedVarType":"Field",
			"relatedCondType":"Basic",
			"modifier":"public",
			"type":"java.lang.IllegalStateException",
			"osVersionRelated":false,
			"resourceRelated":false,
			"assessRelated":false,
			"hardwareRelated":false,
			"manifestRelated":false,
			"conditions":"$i0 == 1",
			"fieldValues":"<android.media.AudioTrack: int mState>",
			"relatedValues":"; <android.media.AudioTrack: int mState>; ",
			"keyAPISameClassNum":4,
			"keyAPIDiffClassNum":0,
			"keyAPISameClass":[
				{
					"trace":[
						"<android.media.AudioTrack: void pause()>"
					],
					"depth":1,
					"method":"<android.media.AudioTrack: void <init>(int,int,int,int,int,int)>",
					"source":"FIELD"
				},
				{
					"trace":[
						"<android.media.AudioTrack: void pause()>"
					],
					"depth":1,
					"method":"<android.media.AudioTrack: void release()>",
					"source":"FIELD"
				},
				{
					"trace":[
						"<android.media.AudioTrack: void pause()>"
					],
					"depth":1,
					"method":"<android.media.AudioTrack: int write(byte[],int,int)>",
					"source":"FIELD"
				},
				{
					"trace":[
						"<android.media.AudioTrack: void pause()>"
					],
					"depth":1,
					"method":"<android.media.AudioTrack: int write(short[],int,int)>",
					"source":"FIELD"
				}
			],
			"keyAPIDiffClass":[],
			"callerOfSingnlar2SourceVar":{}
		},
		{
			"method":"<android.media.AudioTrack: void play()>",
			"message":"\\Qplay() called on uninitialized AudioTrack.\\E",
			"relatedVarType":"Field",
			"relatedCondType":"Basic",
			"modifier":"public",
			"type":"java.lang.IllegalStateException",
			"osVersionRelated":false,
			"resourceRelated":false,
			"assessRelated":false,
			"hardwareRelated":false,
			"manifestRelated":false,
			"conditions":"$i0 == 1",
			"fieldValues":"<android.media.AudioTrack: int mState>",
			"relatedValues":"; <android.media.AudioTrack: int mState>; ",
			"keyAPISameClassNum":4,
			"keyAPIDiffClassNum":0,
			"keyAPISameClass":[
				{
					"trace":[
						"<android.media.AudioTrack: void play()>"
					],
					"depth":1,
					"method":"<android.media.AudioTrack: void <init>(int,int,int,int,int,int)>",
					"source":"FIELD"
				},
				{
					"trace":[
						"<android.media.AudioTrack: void play()>"
					],
					"depth":1,
					"method":"<android.media.AudioTrack: void release()>",
					"source":"FIELD"
				},
				{
					"trace":[
						"<android.media.AudioTrack: void play()>"
					],
					"depth":1,
					"method":"<android.media.AudioTrack: int write(byte[],int,int)>",
					"source":"FIELD"
				},
				{
					"trace":[
						"<android.media.AudioTrack: void play()>"
					],
					"depth":1,
					"method":"<android.media.AudioTrack: int write(short[],int,int)>",
					"source":"FIELD"
				}
			],
			"keyAPIDiffClass":[],
			"callerOfSingnlar2SourceVar":{}
		},
		{
			"method":"<android.media.AudioTrack: void stop()>",
			"message":"\\Qstop() called on uninitialized AudioTrack.\\E",
			"relatedVarType":"Field",
			"relatedCondType":"Basic",
			"modifier":"public",
			"type":"java.lang.IllegalStateException",
			"osVersionRelated":false,
			"resourceRelated":false,
			"assessRelated":false,
			"hardwareRelated":false,
			"manifestRelated":false,
			"conditions":"$i0 == 1",
			"fieldValues":"<android.media.AudioTrack: int mState>",
			"relatedValues":"; <android.media.AudioTrack: int mState>; ",
			"keyAPISameClassNum":4,
			"keyAPIDiffClassNum":0,
			"keyAPISameClass":[
				{
					"trace":[
						"<android.media.AudioTrack: void stop()>"
					],
					"depth":1,
					"method":"<android.media.AudioTrack: void <init>(int,int,int,int,int,int)>",
					"source":"FIELD"
				},
				{
					"trace":[
						"<android.media.AudioTrack: void stop()>"
					],
					"depth":1,
					"method":"<android.media.AudioTrack: void release()>",
					"source":"FIELD"
				},
				{
					"trace":[
						"<android.media.AudioTrack: void stop()>"
					],
					"depth":1,
					"method":"<android.media.AudioTrack: int write(byte[],int,int)>",
					"source":"FIELD"
				},
				{
					"trace":[
						"<android.media.AudioTrack: void stop()>"
					],
					"depth":1,
					"method":"<android.media.AudioTrack: int write(short[],int,int)>",
					"source":"FIELD"
				}
			],
			"keyAPIDiffClass":[],
			"callerOfSingnlar2SourceVar":{}
		}
	]
}