{
	"exceptions":[
		{
			"method":"<android.renderscript.RenderScript: void validate()>",
			"message":"\\QCalling RS with no Context active.\\E",
			"relatedVarType":"Field",
			"relatedCondType":"Basic",
			"modifier":"default",
			"type":"java.lang.IllegalStateException",
			"osVersionRelated":false,
			"resourceRelated":false,
			"assessRelated":false,
			"hardwareRelated":false,
			"manifestRelated":false,
			"conditions":"$i0 != 0",
			"fieldValues":"<android.renderscript.RenderScript: int mContext>",
			"relatedValues":"; <android.renderscript.RenderScript: int mContext>; ",
			"keyAPISameClassNum":2,
			"keyAPIDiffClassNum":1,
			"keyAPISameClass":[
				{
					"trace":[
						"<android.renderscript.RenderScript: void validate()>"
					],
					"depth":1,
					"method":"<android.renderscript.RenderScript: android.renderscript.RenderScript create()>",
					"source":"FIELD"
				},
				{
					"trace":[
						"<android.renderscript.RenderScript: void validate()>"
					],
					"depth":1,
					"method":"<android.renderscript.RenderScript: void destroy()>",
					"source":"FIELD"
				}
			],
			"keyAPIDiffClass":[
				{
					"trace":[
						"<android.renderscript.RSSurfaceView: void destroyRenderScript()>",
						"<android.renderscript.RenderScript: void destroy()>",
						"key field: <android.renderscript.RenderScript: int mContext>",
						"<android.renderscript.RenderScript: void validate()>"
					],
					"depth":2,
					"method":"<android.renderscript.RSSurfaceView: void destroyRenderScript()>",
					"source":"FIELDCALLER"
				}
			],
			"callerOfSingnlar2SourceVar":{}
		}
	]
}