{
	"exceptions":[
		{
			"method":"<android.webkit.PluginManager: android.webkit.PluginManager getInstance(android.content.Context)>",
			"message":"\\QFirst call to PluginManager need a valid context.\\E",
			"relatedVarType":"ParaAndField",
			"relatedCondType":"Basic",
			"modifier":"public",
			"type":"java.lang.IllegalStateException",
			"osVersionRelated":false,
			"resourceRelated":false,
			"assessRelated":false,
			"hardwareRelated":false,
			"manifestRelated":false,
			"conditions":"r2 != null, $r0 != null",
			"paramValues":"@parameter0: android.content.Context",
			"fieldValues":"<android.webkit.PluginManager: android.webkit.PluginManager mInstance>",
			"relatedValues":"@parameter0: android.content.Context; <android.webkit.PluginManager: android.webkit.PluginManager mInstance>; ",
			"keyAPISameClassNum":1,
			"keyAPIDiffClassNum":42,
			"keyAPISameClass":[
				{
					"trace":[
						"<android.webkit.PluginManager: android.webkit.PluginManager getInstance(android.content.Context)>",
						"<android.webkit.PluginManager: void <clinit>()>",
						"key field: <android.webkit.PluginManager: android.webkit.PluginManager mInstance>",
						"<android.webkit.PluginManager: android.webkit.PluginManager getInstance(android.content.Context)>"
					],
					"depth":2,
					"method":"<android.webkit.PluginManager: android.webkit.PluginManager getInstance(android.content.Context)>",
					"source":"FIELDCALLER"
				}
			],
			"keyAPIDiffClass":[
				{
					"trace":[
						"<android.webkit.JWebCoreJavaBridge: void handleMessage(android.os.Message)>",
						"<android.webkit.PluginManager: void <clinit>()>",
						"key field: <android.webkit.PluginManager: android.webkit.PluginManager mInstance>",
						"<android.webkit.PluginManager: android.webkit.PluginManager getInstance(android.content.Context)>"
					],
					"depth":2,
					"method":"<android.webkit.JWebCoreJavaBridge: void handleMessage(android.os.Message)>",
					"source":"FIELDCALLER"
				},
				{
					"trace":[
						"<android.webkit.BrowserFrame: void <init>(android.content.Context,android.webkit.WebViewCore,android.webkit.CallbackProxy,android.webkit.WebSettings,java.util.Map)>",
						"<android.webkit.PluginManager: void <clinit>()>",
						"key field: <android.webkit.PluginManager: android.webkit.PluginManager mInstance>",
						"<android.webkit.PluginManager: android.webkit.PluginManager getInstance(android.content.Context)>"
					],
					"depth":2,
					"method":"<android.webkit.BrowserFrame: void <init>(android.content.Context,android.webkit.WebViewCore,android.webkit.CallbackProxy,android.webkit.WebSettings,java.util.Map)>",
					"source":"FIELDCALLER"
				},
				{
					"trace":[
						"<android.webkit.StreamLoader: boolean handleMessage(android.os.Message)>",
						"<android.webkit.JWebCoreJavaBridge: void handleMessage(android.os.Message)>",
						"<android.webkit.PluginManager: void <clinit>()>",
						"key field: <android.webkit.PluginManager: android.webkit.PluginManager mInstance>",
						"<android.webkit.PluginManager: android.webkit.PluginManager getInstance(android.content.Context)>"
					],
					"depth":3,
					"method":"<android.webkit.StreamLoader: boolean handleMessage(android.os.Message)>",
					"source":"FIELDCALLER"
				},
				{
					"trace":[
						"<android.os.Handler$Callback: boolean handleMessage(android.os.Message)>",
						"<android.webkit.JWebCoreJavaBridge: void handleMessage(android.os.Message)>",
						"<android.webkit.PluginManager: void <clinit>()>",
						"key field: <android.webkit.PluginManager: android.webkit.PluginManager mInstance>",
						"<android.webkit.PluginManager: android.webkit.PluginManager getInstance(android.content.Context)>"
					],
					"depth":3,
					"method":"<android.os.Handler$Callback: boolean handleMessage(android.os.Message)>",
					"source":"FIELDCALLER"
				},
				{
					"trace":[
						"<android.webkit.WebView: boolean onKeyDown(int,android.view.KeyEvent)>",
						"<android.webkit.JWebCoreJavaBridge: void handleMessage(android.os.Message)>",
						"<android.webkit.PluginManager: void <clinit>()>",
						"key field: <android.webkit.PluginManager: android.webkit.PluginManager mInstance>",
						"<android.webkit.PluginManager: android.webkit.PluginManager getInstance(android.content.Context)>"
					],
					"depth":3,
					"method":"<android.webkit.WebView: boolean onKeyDown(int,android.view.KeyEvent)>",
					"source":"FIELDCALLER"
				},
				{
					"trace":[
						"<android.webkit.WebSyncManager: void run()>",
						"<android.webkit.JWebCoreJavaBridge: void handleMessage(android.os.Message)>",
						"<android.webkit.PluginManager: void <clinit>()>",
						"key field: <android.webkit.PluginManager: android.webkit.PluginManager mInstance>",
						"<android.webkit.PluginManager: android.webkit.PluginManager getInstance(android.content.Context)>"
					],
					"depth":3,
					"method":"<android.webkit.WebSyncManager: void run()>",
					"source":"FIELDCALLER"
				},
				{
					"trace":[
						"<java.lang.Runnable: void run()>",
						"<android.webkit.JWebCoreJavaBridge: void handleMessage(android.os.Message)>",
						"<android.webkit.PluginManager: void <clinit>()>",
						"key field: <android.webkit.PluginManager: android.webkit.PluginManager mInstance>",
						"<android.webkit.PluginManager: android.webkit.PluginManager getInstance(android.content.Context)>"
					],
					"depth":3,
					"method":"<java.lang.Runnable: void run()>",
					"source":"FIELDCALLER"
				},
				{
					"trace":[
						"<android.webkit.PluginFullScreenHolder: boolean onKeyDown(int,android.view.KeyEvent)>",
						"<android.webkit.WebView: boolean onKeyDown(int,android.view.KeyEvent)>",
						"<android.webkit.JWebCoreJavaBridge: void handleMessage(android.os.Message)>",
						"<android.webkit.PluginManager: void <clinit>()>",
						"key field: <android.webkit.PluginManager: android.webkit.PluginManager mInstance>",
						"<android.webkit.PluginManager: android.webkit.PluginManager getInstance(android.content.Context)>"
					],
					"depth":4,
					"method":"<android.webkit.PluginFullScreenHolder: boolean onKeyDown(int,android.view.KeyEvent)>",
					"source":"FIELDCALLER"
				},
				{
					"trace":[
						"<android.webkit.WebView$10: void onClick(android.view.View)>",
						"<android.webkit.WebSyncManager: void run()>",
						"<android.webkit.JWebCoreJavaBridge: void handleMessage(android.os.Message)>",
						"<android.webkit.PluginManager: void <clinit>()>",
						"key field: <android.webkit.PluginManager: android.webkit.PluginManager mInstance>",
						"<android.webkit.PluginManager: android.webkit.PluginManager getInstance(android.content.Context)>"
					],
					"depth":4,
					"method":"<android.webkit.WebView$10: void onClick(android.view.View)>",
					"source":"FIELDCALLER"
				},
				{
					"trace":[
						"<android.view.View$OnClickListener: void onClick(android.view.View)>",
						"<android.webkit.WebSyncManager: void run()>",
						"<android.webkit.JWebCoreJavaBridge: void handleMessage(android.os.Message)>",
						"<android.webkit.PluginManager: void <clinit>()>",
						"key field: <android.webkit.PluginManager: android.webkit.PluginManager mInstance>",
						"<android.webkit.PluginManager: android.webkit.PluginManager getInstance(android.content.Context)>"
					],
					"depth":4,
					"method":"<android.view.View$OnClickListener: void onClick(android.view.View)>",
					"source":"FIELDCALLER"
				},
				{
					"trace":[
						"<android.webkit.WebView$9: void onClick(android.view.View)>",
						"<android.webkit.WebSyncManager: void run()>",
						"<android.webkit.JWebCoreJavaBridge: void handleMessage(android.os.Message)>",
						"<android.webkit.PluginManager: void <clinit>()>",
						"key field: <android.webkit.PluginManager: android.webkit.PluginManager mInstance>",
						"<android.webkit.PluginManager: android.webkit.PluginManager getInstance(android.content.Context)>"
					],
					"depth":4,
					"method":"<android.webkit.WebView$9: void onClick(android.view.View)>",
					"source":"FIELDCALLER"
				},
				{
					"trace":[
						"<android.webkit.WebView$8: void run()>",
						"<android.webkit.WebSyncManager: void run()>",
						"<android.webkit.JWebCoreJavaBridge: void handleMessage(android.os.Message)>",
						"<android.webkit.PluginManager: void <clinit>()>",
						"key field: <android.webkit.PluginManager: android.webkit.PluginManager mInstance>",
						"<android.webkit.PluginManager: android.webkit.PluginManager getInstance(android.content.Context)>"
					],
					"depth":4,
					"method":"<android.webkit.WebView$8: void run()>",
					"source":"FIELDCALLER"
				},
				{
					"trace":[
						"<android.view.ViewGroup: boolean dispatchKeyEvent(android.view.KeyEvent)>",
						"<android.webkit.WebTextView: boolean dispatchKeyEvent(android.view.KeyEvent)>",
						"<android.webkit.WebView: boolean onKeyDown(int,android.view.KeyEvent)>",
						"<android.webkit.JWebCoreJavaBridge: void handleMessage(android.os.Message)>",
						"<android.webkit.PluginManager: void <clinit>()>",
						"key field: <android.webkit.PluginManager: android.webkit.PluginManager mInstance>",
						"<android.webkit.PluginManager: android.webkit.PluginManager getInstance(android.content.Context)>"
					],
					"depth":5,
					"method":"<android.view.ViewGroup: boolean dispatchKeyEvent(android.view.KeyEvent)>",
					"source":"FIELDCALLER"
				},
				{
					"trace":[
						"<android.widget.AutoCompleteTextView$PassThroughClickListener: void onClick(android.view.View)>",
						"<android.webkit.WebView$10: void onClick(android.view.View)>",
						"<android.webkit.WebSyncManager: void run()>",
						"<android.webkit.JWebCoreJavaBridge: void handleMessage(android.os.Message)>",
						"<android.webkit.PluginManager: void <clinit>()>",
						"key field: <android.webkit.PluginManager: android.webkit.PluginManager mInstance>",
						"<android.webkit.PluginManager: android.webkit.PluginManager getInstance(android.content.Context)>"
					],
					"depth":5,
					"method":"<android.widget.AutoCompleteTextView$PassThroughClickListener: void onClick(android.view.View)>",
					"source":"FIELDCALLER"
				},
				{
					"trace":[
						"<android.test.InstrumentationTestCase$1: void run()>",
						"<android.webkit.WebView$8: void run()>",
						"<android.webkit.WebSyncManager: void run()>",
						"<android.webkit.JWebCoreJavaBridge: void handleMessage(android.os.Message)>",
						"<android.webkit.PluginManager: void <clinit>()>",
						"key field: <android.webkit.PluginManager: android.webkit.PluginManager mInstance>",
						"<android.webkit.PluginManager: android.webkit.PluginManager getInstance(android.content.Context)>"
					],
					"depth":5,
					"method":"<android.test.InstrumentationTestCase$1: void run()>",
					"source":"FIELDCALLER"
				},
				{
					"trace":[
						"<android.webkit.WebViewCore$WebCoreThread$1: void handleMessage(android.os.Message)>",
						"<android.webkit.WebViewCore: void access$500(android.webkit.WebViewCore)>",
						"<android.webkit.WebViewCore: void initialize()>",
						"<android.webkit.BrowserFrame: void <init>(android.content.Context,android.webkit.WebViewCore,android.webkit.CallbackProxy,android.webkit.WebSettings,java.util.Map)>",
						"<android.webkit.PluginManager: void <clinit>()>",
						"key field: <android.webkit.PluginManager: android.webkit.PluginManager mInstance>",
						"<android.webkit.PluginManager: android.webkit.PluginManager getInstance(android.content.Context)>"
					],
					"depth":5,
					"method":"<android.webkit.WebViewCore$WebCoreThread$1: void handleMessage(android.os.Message)>",
					"source":"FIELDCALLER"
				},
				{
					"trace":[
						"<android.webkit.CallbackProxy: android.webkit.WebView createWindow(boolean,boolean)>",
						"<android.webkit.WebViewCore: void initializeSubwindow()>",
						"<android.webkit.WebViewCore: void initialize()>",
						"<android.webkit.BrowserFrame: void <init>(android.content.Context,android.webkit.WebViewCore,android.webkit.CallbackProxy,android.webkit.WebSettings,java.util.Map)>",
						"<android.webkit.PluginManager: void <clinit>()>",
						"key field: <android.webkit.PluginManager: android.webkit.PluginManager mInstance>",
						"<android.webkit.PluginManager: android.webkit.PluginManager getInstance(android.content.Context)>"
					],
					"depth":5,
					"method":"<android.webkit.CallbackProxy: android.webkit.WebView createWindow(boolean,boolean)>",
					"source":"FIELDCALLER"
				},
				{
					"trace":[
						"<android.webkit.WebView: void destroy()>",
						"<android.webkit.WebViewCore: void destroy()>",
						"<android.webkit.WebViewCore$EventHub: void access$6400(android.webkit.WebViewCore$EventHub,android.os.Message)>",
						"<android.webkit.WebViewCore$EventHub: void sendMessageAtFrontOfQueue(android.os.Message)>",
						"<android.webkit.JWebCoreJavaBridge: void handleMessage(android.os.Message)>",
						"<android.webkit.PluginManager: void <clinit>()>",
						"key field: <android.webkit.PluginManager: android.webkit.PluginManager mInstance>",
						"<android.webkit.PluginManager: android.webkit.PluginManager getInstance(android.content.Context)>"
					],
					"depth":6,
					"method":"<android.webkit.WebView: void destroy()>",
					"source":"FIELDCALLER"
				},
				{
					"trace":[
						"<android.widget.ZoomButtonsController$Container: boolean dispatchKeyEvent(android.view.KeyEvent)>",
						"<android.view.ViewGroup: boolean dispatchKeyEvent(android.view.KeyEvent)>",
						"<android.webkit.WebTextView: boolean dispatchKeyEvent(android.view.KeyEvent)>",
						"<android.webkit.WebView: boolean onKeyDown(int,android.view.KeyEvent)>",
						"<android.webkit.JWebCoreJavaBridge: void handleMessage(android.os.Message)>",
						"<android.webkit.PluginManager: void <clinit>()>",
						"key field: <android.webkit.PluginManager: android.webkit.PluginManager mInstance>",
						"<android.webkit.PluginManager: android.webkit.PluginManager getInstance(android.content.Context)>"
					],
					"depth":6,
					"method":"<android.widget.ZoomButtonsController$Container: boolean dispatchKeyEvent(android.view.KeyEvent)>",
					"source":"FIELDCALLER"
				},
				{
					"trace":[
						"<android.widget.ScrollView: boolean dispatchKeyEvent(android.view.KeyEvent)>",
						"<android.view.ViewGroup: boolean dispatchKeyEvent(android.view.KeyEvent)>",
						"<android.webkit.WebTextView: boolean dispatchKeyEvent(android.view.KeyEvent)>",
						"<android.webkit.WebView: boolean onKeyDown(int,android.view.KeyEvent)>",
						"<android.webkit.JWebCoreJavaBridge: void handleMessage(android.os.Message)>",
						"<android.webkit.PluginManager: void <clinit>()>",
						"key field: <android.webkit.PluginManager: android.webkit.PluginManager mInstance>",
						"<android.webkit.PluginManager: android.webkit.PluginManager getInstance(android.content.Context)>"
					],
					"depth":6,
					"method":"<android.widget.ScrollView: boolean dispatchKeyEvent(android.view.KeyEvent)>",
					"source":"FIELDCALLER"
				},
				{
					"trace":[
						"<android.widget.TabHost: boolean dispatchKeyEvent(android.view.KeyEvent)>",
						"<android.view.ViewGroup: boolean dispatchKeyEvent(android.view.KeyEvent)>",
						"<android.webkit.WebTextView: boolean dispatchKeyEvent(android.view.KeyEvent)>",
						"<android.webkit.WebView: boolean onKeyDown(int,android.view.KeyEvent)>",
						"<android.webkit.JWebCoreJavaBridge: void handleMessage(android.os.Message)>",
						"<android.webkit.PluginManager: void <clinit>()>",
						"key field: <android.webkit.PluginManager: android.webkit.PluginManager mInstance>",
						"<android.webkit.PluginManager: android.webkit.PluginManager getInstance(android.content.Context)>"
					],
					"depth":6,
					"method":"<android.widget.TabHost: boolean dispatchKeyEvent(android.view.KeyEvent)>",
					"source":"FIELDCALLER"
				},
				{
					"trace":[
						"<android.widget.MediaController: boolean dispatchKeyEvent(android.view.KeyEvent)>",
						"<android.view.ViewGroup: boolean dispatchKeyEvent(android.view.KeyEvent)>",
						"<android.webkit.WebTextView: boolean dispatchKeyEvent(android.view.KeyEvent)>",
						"<android.webkit.WebView: boolean onKeyDown(int,android.view.KeyEvent)>",
						"<android.webkit.JWebCoreJavaBridge: void handleMessage(android.os.Message)>",
						"<android.webkit.PluginManager: void <clinit>()>",
						"key field: <android.webkit.PluginManager: android.webkit.PluginManager mInstance>",
						"<android.webkit.PluginManager: android.webkit.PluginManager getInstance(android.content.Context)>"
					],
					"depth":6,
					"method":"<android.widget.MediaController: boolean dispatchKeyEvent(android.view.KeyEvent)>",
					"source":"FIELDCALLER"
				},
				{
					"trace":[
						"<android.widget.PopupWindow$PopupViewContainer: boolean dispatchKeyEvent(android.view.KeyEvent)>",
						"<android.view.ViewGroup: boolean dispatchKeyEvent(android.view.KeyEvent)>",
						"<android.webkit.WebTextView: boolean dispatchKeyEvent(android.view.KeyEvent)>",
						"<android.webkit.WebView: boolean onKeyDown(int,android.view.KeyEvent)>",
						"<android.webkit.JWebCoreJavaBridge: void handleMessage(android.os.Message)>",
						"<android.webkit.PluginManager: void <clinit>()>",
						"key field: <android.webkit.PluginManager: android.webkit.PluginManager mInstance>",
						"<android.webkit.PluginManager: android.webkit.PluginManager getInstance(android.content.Context)>"
					],
					"depth":6,
					"method":"<android.widget.PopupWindow$PopupViewContainer: boolean dispatchKeyEvent(android.view.KeyEvent)>",
					"source":"FIELDCALLER"
				},
				{
					"trace":[
						"<android.widget.ListView: boolean dispatchKeyEvent(android.view.KeyEvent)>",
						"<android.view.ViewGroup: boolean dispatchKeyEvent(android.view.KeyEvent)>",
						"<android.webkit.WebTextView: boolean dispatchKeyEvent(android.view.KeyEvent)>",
						"<android.webkit.WebView: boolean onKeyDown(int,android.view.KeyEvent)>",
						"<android.webkit.JWebCoreJavaBridge: void handleMessage(android.os.Message)>",
						"<android.webkit.PluginManager: void <clinit>()>",
						"key field: <android.webkit.PluginManager: android.webkit.PluginManager mInstance>",
						"<android.webkit.PluginManager: android.webkit.PluginManager getInstance(android.content.Context)>"
					],
					"depth":6,
					"method":"<android.widget.ListView: boolean dispatchKeyEvent(android.view.KeyEvent)>",
					"source":"FIELDCALLER"
				},
				{
					"trace":[
						"<android.webkit.WebView: boolean dispatchKeyEvent(android.view.KeyEvent)>",
						"<android.view.ViewGroup: boolean dispatchKeyEvent(android.view.KeyEvent)>",
						"<android.webkit.WebTextView: boolean dispatchKeyEvent(android.view.KeyEvent)>",
						"<android.webkit.WebView: boolean onKeyDown(int,android.view.KeyEvent)>",
						"<android.webkit.JWebCoreJavaBridge: void handleMessage(android.os.Message)>",
						"<android.webkit.PluginManager: void <clinit>()>",
						"key field: <android.webkit.PluginManager: android.webkit.PluginManager mInstance>",
						"<android.webkit.PluginManager: android.webkit.PluginManager getInstance(android.content.Context)>"
					],
					"depth":6,
					"method":"<android.webkit.WebView: boolean dispatchKeyEvent(android.view.KeyEvent)>",
					"source":"FIELDCALLER"
				},
				{
					"trace":[
						"<android.widget.HorizontalScrollView: boolean dispatchKeyEvent(android.view.KeyEvent)>",
						"<android.view.ViewGroup: boolean dispatchKeyEvent(android.view.KeyEvent)>",
						"<android.webkit.WebTextView: boolean dispatchKeyEvent(android.view.KeyEvent)>",
						"<android.webkit.WebView: boolean onKeyDown(int,android.view.KeyEvent)>",
						"<android.webkit.JWebCoreJavaBridge: void handleMessage(android.os.Message)>",
						"<android.webkit.PluginManager: void <clinit>()>",
						"key field: <android.webkit.PluginManager: android.webkit.PluginManager mInstance>",
						"<android.webkit.PluginManager: android.webkit.PluginManager getInstance(android.content.Context)>"
					],
					"depth":6,
					"method":"<android.widget.HorizontalScrollView: boolean dispatchKeyEvent(android.view.KeyEvent)>",
					"source":"FIELDCALLER"
				},
				{
					"trace":[
						"<com.android.internal.view.menu.IconMenuView: boolean dispatchKeyEvent(android.view.KeyEvent)>",
						"<android.view.ViewGroup: boolean dispatchKeyEvent(android.view.KeyEvent)>",
						"<android.webkit.WebTextView: boolean dispatchKeyEvent(android.view.KeyEvent)>",
						"<android.webkit.WebView: boolean onKeyDown(int,android.view.KeyEvent)>",
						"<android.webkit.JWebCoreJavaBridge: void handleMessage(android.os.Message)>",
						"<android.webkit.PluginManager: void <clinit>()>",
						"key field: <android.webkit.PluginManager: android.webkit.PluginManager mInstance>",
						"<android.webkit.PluginManager: android.webkit.PluginManager getInstance(android.content.Context)>"
					],
					"depth":6,
					"method":"<com.android.internal.view.menu.IconMenuView: boolean dispatchKeyEvent(android.view.KeyEvent)>",
					"source":"FIELDCALLER"
				},
				{
					"trace":[
						"<android.app.Instrumentation$SyncRunnable: void run()>",
						"<android.test.InstrumentationTestCase$1: void run()>",
						"<android.webkit.WebView$8: void run()>",
						"<android.webkit.WebSyncManager: void run()>",
						"<android.webkit.JWebCoreJavaBridge: void handleMessage(android.os.Message)>",
						"<android.webkit.PluginManager: void <clinit>()>",
						"key field: <android.webkit.PluginManager: android.webkit.PluginManager mInstance>",
						"<android.webkit.PluginManager: android.webkit.PluginManager getInstance(android.content.Context)>"
					],
					"depth":6,
					"method":"<android.app.Instrumentation$SyncRunnable: void run()>",
					"source":"FIELDCALLER"
				},
				{
					"trace":[
						"<android.webkit.WebView$DragTrackerHandler: boolean draw(android.graphics.Canvas)>",
						"<android.webkit.WebView$DragTrackerHandler: void buildBitmap(int,int)>",
						"<android.webkit.WebView: void access$1500(android.webkit.WebView,android.graphics.Canvas)>",
						"<android.webkit.WebView: void drawContent(android.graphics.Canvas)>",
						"<android.webkit.WebView: void drawCoreAndCursorRing(android.graphics.Canvas,int,boolean)>",
						"<android.webkit.JWebCoreJavaBridge: void handleMessage(android.os.Message)>",
						"<android.webkit.PluginManager: void <clinit>()>",
						"key field: <android.webkit.PluginManager: android.webkit.PluginManager mInstance>",
						"<android.webkit.PluginManager: android.webkit.PluginManager getInstance(android.content.Context)>"
					],
					"depth":7,
					"method":"<android.webkit.WebView$DragTrackerHandler: boolean draw(android.graphics.Canvas)>",
					"source":"FIELDCALLER"
				},
				{
					"trace":[
						"<android.webkit.WebView: boolean onTouchEvent(android.view.MotionEvent)>",
						"<android.webkit.WebView: void doShortPress()>",
						"<android.webkit.WebViewCore: void sendMessageAtFrontOfQueue(int,java.lang.Object)>",
						"<android.webkit.WebViewCore$EventHub: void access$6400(android.webkit.WebViewCore$EventHub,android.os.Message)>",
						"<android.webkit.WebViewCore$EventHub: void sendMessageAtFrontOfQueue(android.os.Message)>",
						"<android.webkit.JWebCoreJavaBridge: void handleMessage(android.os.Message)>",
						"<android.webkit.PluginManager: void <clinit>()>",
						"key field: <android.webkit.PluginManager: android.webkit.PluginManager mInstance>",
						"<android.webkit.PluginManager: android.webkit.PluginManager getInstance(android.content.Context)>"
					],
					"depth":7,
					"method":"<android.webkit.WebView: boolean onTouchEvent(android.view.MotionEvent)>",
					"source":"FIELDCALLER"
				},
				{
					"trace":[
						"<android.widget.DigitalClock$1: void run()>",
						"<android.app.Instrumentation$SyncRunnable: void run()>",
						"<android.test.InstrumentationTestCase$1: void run()>",
						"<android.webkit.WebView$8: void run()>",
						"<android.webkit.WebSyncManager: void run()>",
						"<android.webkit.JWebCoreJavaBridge: void handleMessage(android.os.Message)>",
						"<android.webkit.PluginManager: void <clinit>()>",
						"key field: <android.webkit.PluginManager: android.webkit.PluginManager mInstance>",
						"<android.webkit.PluginManager: android.webkit.PluginManager getInstance(android.content.Context)>"
					],
					"depth":7,
					"method":"<android.widget.DigitalClock$1: void run()>",
					"source":"FIELDCALLER"
				},
				{
					"trace":[
						"<android.webkit.WebViewCore$EventHub$1: void handleMessage(android.os.Message)>",
						"<android.webkit.WebView$PrivateHandler: void handleMessage(android.os.Message)>",
						"<android.webkit.WebView: void access$8000(android.webkit.WebView)>",
						"<android.webkit.WebView: void startDrag()>",
						"<android.webkit.WebViewCore: void reducePriority()>",
						"<android.webkit.JWebCoreJavaBridge: void handleMessage(android.os.Message)>",
						"<android.webkit.PluginManager: void <clinit>()>",
						"key field: <android.webkit.PluginManager: android.webkit.PluginManager mInstance>",
						"<android.webkit.PluginManager: android.webkit.PluginManager getInstance(android.content.Context)>"
					],
					"depth":7,
					"method":"<android.webkit.WebViewCore$EventHub$1: void handleMessage(android.os.Message)>",
					"source":"FIELDCALLER"
				},
				{
					"trace":[
						"<android.webkit.WebTextView: boolean dispatchKeyEvent(android.view.KeyEvent)>",
						"<android.webkit.WebTextView: void sendDomEvent(android.view.KeyEvent)>",
						"<android.webkit.WebView: void passToJavaScript(java.lang.String,android.view.KeyEvent)>",
						"<android.webkit.WebViewCore: void sendMessageDelayed(int,java.lang.Object,long)>",
						"<android.webkit.WebViewCore$EventHub: void access$6500(android.webkit.WebViewCore$EventHub,android.os.Message,long)>",
						"<android.webkit.WebViewCore$EventHub: void sendMessageDelayed(android.os.Message,long)>",
						"<android.webkit.JWebCoreJavaBridge: void handleMessage(android.os.Message)>",
						"<android.webkit.PluginManager: void <clinit>()>",
						"key field: <android.webkit.PluginManager: android.webkit.PluginManager mInstance>",
						"<android.webkit.PluginManager: android.webkit.PluginManager getInstance(android.content.Context)>"
					],
					"depth":8,
					"method":"<android.webkit.WebTextView: boolean dispatchKeyEvent(android.view.KeyEvent)>",
					"source":"FIELDCALLER"
				},
				{
					"trace":[
						"<android.webkit.WebTextView: void onEditorAction(int)>",
						"<android.webkit.WebTextView: void sendDomEvent(android.view.KeyEvent)>",
						"<android.webkit.WebView: void passToJavaScript(java.lang.String,android.view.KeyEvent)>",
						"<android.webkit.WebViewCore: void sendMessageDelayed(int,java.lang.Object,long)>",
						"<android.webkit.WebViewCore$EventHub: void access$6500(android.webkit.WebViewCore$EventHub,android.os.Message,long)>",
						"<android.webkit.WebViewCore$EventHub: void sendMessageDelayed(android.os.Message,long)>",
						"<android.webkit.JWebCoreJavaBridge: void handleMessage(android.os.Message)>",
						"<android.webkit.PluginManager: void <clinit>()>",
						"key field: <android.webkit.PluginManager: android.webkit.PluginManager mInstance>",
						"<android.webkit.PluginManager: android.webkit.PluginManager getInstance(android.content.Context)>"
					],
					"depth":8,
					"method":"<android.webkit.WebTextView: void onEditorAction(int)>",
					"source":"FIELDCALLER"
				},
				{
					"trace":[
						"<android.webkit.WebView$PrivateHandler: void handleMessage(android.os.Message)>",
						"<android.webkit.WebView: void access$4700(android.webkit.WebView)>",
						"<android.webkit.WebView: void doShortPress()>",
						"<android.webkit.WebViewCore: void sendMessageAtFrontOfQueue(int,java.lang.Object)>",
						"<android.webkit.WebViewCore$EventHub: void access$6400(android.webkit.WebViewCore$EventHub,android.os.Message)>",
						"<android.webkit.WebViewCore$EventHub: void sendMessageAtFrontOfQueue(android.os.Message)>",
						"<android.webkit.JWebCoreJavaBridge: void handleMessage(android.os.Message)>",
						"<android.webkit.PluginManager: void <clinit>()>",
						"key field: <android.webkit.PluginManager: android.webkit.PluginManager mInstance>",
						"<android.webkit.PluginManager: android.webkit.PluginManager getInstance(android.content.Context)>"
					],
					"depth":8,
					"method":"<android.webkit.WebView$PrivateHandler: void handleMessage(android.os.Message)>",
					"source":"FIELDCALLER"
				},
				{
					"trace":[
						"<android.webkit.WebTextView: boolean onTouchEvent(android.view.MotionEvent)>",
						"<android.webkit.WebView: boolean onTouchEvent(android.view.MotionEvent)>",
						"<android.webkit.WebView: void doShortPress()>",
						"<android.webkit.WebViewCore: void sendMessageAtFrontOfQueue(int,java.lang.Object)>",
						"<android.webkit.WebViewCore$EventHub: void access$6400(android.webkit.WebViewCore$EventHub,android.os.Message)>",
						"<android.webkit.WebViewCore$EventHub: void sendMessageAtFrontOfQueue(android.os.Message)>",
						"<android.webkit.JWebCoreJavaBridge: void handleMessage(android.os.Message)>",
						"<android.webkit.PluginManager: void <clinit>()>",
						"key field: <android.webkit.PluginManager: android.webkit.PluginManager mInstance>",
						"<android.webkit.PluginManager: android.webkit.PluginManager getInstance(android.content.Context)>"
					],
					"depth":8,
					"method":"<android.webkit.WebTextView: boolean onTouchEvent(android.view.MotionEvent)>",
					"source":"FIELDCALLER"
				},
				{
					"trace":[
						"<java.lang.Thread: void run()>",
						"<android.widget.DigitalClock$1: void run()>",
						"<android.app.Instrumentation$SyncRunnable: void run()>",
						"<android.test.InstrumentationTestCase$1: void run()>",
						"<android.webkit.WebView$8: void run()>",
						"<android.webkit.WebSyncManager: void run()>",
						"<android.webkit.JWebCoreJavaBridge: void handleMessage(android.os.Message)>",
						"<android.webkit.PluginManager: void <clinit>()>",
						"key field: <android.webkit.PluginManager: android.webkit.PluginManager mInstance>",
						"<android.webkit.PluginManager: android.webkit.PluginManager getInstance(android.content.Context)>"
					],
					"depth":8,
					"method":"<java.lang.Thread: void run()>",
					"source":"FIELDCALLER"
				},
				{
					"trace":[
						"<android.webkit.WebViewWorker: void handleMessage(android.os.Message)>",
						"<android.webkit.StreamLoader: void load()>",
						"<android.webkit.WebView$PrivateHandler: void handleMessage(android.os.Message)>",
						"<android.webkit.WebView: void access$8000(android.webkit.WebView)>",
						"<android.webkit.WebView: void startDrag()>",
						"<android.webkit.WebViewCore: void reducePriority()>",
						"<android.webkit.JWebCoreJavaBridge: void handleMessage(android.os.Message)>",
						"<android.webkit.PluginManager: void <clinit>()>",
						"key field: <android.webkit.PluginManager: android.webkit.PluginManager mInstance>",
						"<android.webkit.PluginManager: android.webkit.PluginManager getInstance(android.content.Context)>"
					],
					"depth":8,
					"method":"<android.webkit.WebViewWorker: void handleMessage(android.os.Message)>",
					"source":"FIELDCALLER"
				},
				{
					"trace":[
						"<android.widget.Filter$RequestHandler: void handleMessage(android.os.Message)>",
						"<android.webkit.WebViewCore$EventHub$1: void handleMessage(android.os.Message)>",
						"<android.webkit.WebView$PrivateHandler: void handleMessage(android.os.Message)>",
						"<android.webkit.WebView: void access$8000(android.webkit.WebView)>",
						"<android.webkit.WebView: void startDrag()>",
						"<android.webkit.WebViewCore: void reducePriority()>",
						"<android.webkit.JWebCoreJavaBridge: void handleMessage(android.os.Message)>",
						"<android.webkit.PluginManager: void <clinit>()>",
						"key field: <android.webkit.PluginManager: android.webkit.PluginManager mInstance>",
						"<android.webkit.PluginManager: android.webkit.PluginManager getInstance(android.content.Context)>"
					],
					"depth":8,
					"method":"<android.widget.Filter$RequestHandler: void handleMessage(android.os.Message)>",
					"source":"FIELDCALLER"
				},
				{
					"trace":[
						"<android.net.wifi.WifiStateTracker$DhcpHandler: void handleMessage(android.os.Message)>",
						"<android.webkit.WebViewCore$EventHub$1: void handleMessage(android.os.Message)>",
						"<android.webkit.WebView$PrivateHandler: void handleMessage(android.os.Message)>",
						"<android.webkit.WebView: void access$8000(android.webkit.WebView)>",
						"<android.webkit.WebView: void startDrag()>",
						"<android.webkit.WebViewCore: void reducePriority()>",
						"<android.webkit.JWebCoreJavaBridge: void handleMessage(android.os.Message)>",
						"<android.webkit.PluginManager: void <clinit>()>",
						"key field: <android.webkit.PluginManager: android.webkit.PluginManager mInstance>",
						"<android.webkit.PluginManager: android.webkit.PluginManager getInstance(android.content.Context)>"
					],
					"depth":8,
					"method":"<android.net.wifi.WifiStateTracker$DhcpHandler: void handleMessage(android.os.Message)>",
					"source":"FIELDCALLER"
				},
				{
					"trace":[
						"<android.net.wifi.WifiStateTracker: void handleMessage(android.os.Message)>",
						"<android.webkit.WebViewCore$EventHub$1: void handleMessage(android.os.Message)>",
						"<android.webkit.WebView$PrivateHandler: void handleMessage(android.os.Message)>",
						"<android.webkit.WebView: void access$8000(android.webkit.WebView)>",
						"<android.webkit.WebView: void startDrag()>",
						"<android.webkit.WebViewCore: void reducePriority()>",
						"<android.webkit.JWebCoreJavaBridge: void handleMessage(android.os.Message)>",
						"<android.webkit.PluginManager: void <clinit>()>",
						"key field: <android.webkit.PluginManager: android.webkit.PluginManager mInstance>",
						"<android.webkit.PluginManager: android.webkit.PluginManager getInstance(android.content.Context)>"
					],
					"depth":8,
					"method":"<android.net.wifi.WifiStateTracker: void handleMessage(android.os.Message)>",
					"source":"FIELDCALLER"
				},
				{
					"trace":[
						"<android.server.BluetoothService$1: void handleMessage(android.os.Message)>",
						"<android.webkit.WebViewCore$EventHub$1: void handleMessage(android.os.Message)>",
						"<android.webkit.WebView$PrivateHandler: void handleMessage(android.os.Message)>",
						"<android.webkit.WebView: void access$8000(android.webkit.WebView)>",
						"<android.webkit.WebView: void startDrag()>",
						"<android.webkit.WebViewCore: void reducePriority()>",
						"<android.webkit.JWebCoreJavaBridge: void handleMessage(android.os.Message)>",
						"<android.webkit.PluginManager: void <clinit>()>",
						"key field: <android.webkit.PluginManager: android.webkit.PluginManager mInstance>",
						"<android.webkit.PluginManager: android.webkit.PluginManager getInstance(android.content.Context)>"
					],
					"depth":8,
					"method":"<android.server.BluetoothService$1: void handleMessage(android.os.Message)>",
					"source":"FIELDCALLER"
				}
			],
			"callerOfSingnlar2SourceVar":{
				"<android.webkit.PluginManager: android.webkit.PluginManager getInstance(android.content.Context)>":"0"
			}
		}
	]
}