{
	"exceptions":[
		{
			"method":"<android.view.ViewTreeObserver: void checkIsAlive()>",
			"message":"\\QThis ViewTreeObserver is not alive, call getViewTreeObserver() again\\E",
			"relatedVarType":"Field",
			"relatedCondType":"Basic",
			"modifier":"private",
			"type":"java.lang.IllegalStateException",
			"osVersionRelated":false,
			"resourceRelated":false,
			"assessRelated":false,
			"hardwareRelated":false,
			"manifestRelated":false,
			"conditions":"$z0 != 0",
			"fieldValues":"<android.view.ViewTreeObserver: boolean mAlive>",
			"relatedValues":"; <android.view.ViewTreeObserver: boolean mAlive>; ",
			"keyAPISameClassNum":0,
			"keyAPIDiffClassNum":61,
			"keyAPISameClass":[],
			"keyAPIDiffClass":[
				{
					"trace":[
						"<android.view.View: android.view.ViewTreeObserver getViewTreeObserver()>",
						"<android.view.ViewTreeObserver: void <init>()>",
						"key field: <android.view.ViewTreeObserver: boolean mAlive>",
						"<android.view.ViewTreeObserver: void checkIsAlive()>"
					],
					"depth":2,
					"method":"<android.view.View: android.view.ViewTreeObserver getViewTreeObserver()>",
					"source":"FIELDCALLER"
				},
				{
					"trace":[
						"<android.view.ViewRoot: void <init>(android.content.Context)>",
						"<android.view.View$AttachInfo: void <init>(android.view.IWindowSession,android.view.IWindow,android.os.Handler,android.view.View$AttachInfo$Callbacks)>",
						"<android.view.ViewTreeObserver: void <init>()>",
						"key field: <android.view.ViewTreeObserver: boolean mAlive>",
						"<android.view.ViewTreeObserver: void checkIsAlive()>"
					],
					"depth":3,
					"method":"<android.view.ViewRoot: void <init>(android.content.Context)>",
					"source":"FIELDCALLER"
				},
				{
					"trace":[
						"<android.view.ViewGroup: void removeAllViewsInLayout()>",
						"<android.view.View: void dispatchDetachedFromWindow()>",
						"<android.view.SurfaceView: void onDetachedFromWindow()>",
						"<android.view.View: android.view.ViewTreeObserver getViewTreeObserver()>",
						"<android.view.ViewTreeObserver: void <init>()>",
						"key field: <android.view.ViewTreeObserver: boolean mAlive>",
						"<android.view.ViewTreeObserver: void checkIsAlive()>"
					],
					"depth":5,
					"method":"<android.view.ViewGroup: void removeAllViewsInLayout()>",
					"source":"FIELDCALLER"
				},
				{
					"trace":[
						"<android.view.WindowManagerImpl: void addView(android.view.View,android.view.ViewGroup$LayoutParams)>",
						"<android.view.WindowManagerImpl: void addView(android.view.View,android.view.ViewGroup$LayoutParams,boolean)>",
						"<android.view.ViewRoot: void <init>(android.content.Context)>",
						"<android.view.View$AttachInfo: void <init>(android.view.IWindowSession,android.view.IWindow,android.os.Handler,android.view.View$AttachInfo$Callbacks)>",
						"<android.view.ViewTreeObserver: void <init>()>",
						"key field: <android.view.ViewTreeObserver: boolean mAlive>",
						"<android.view.ViewTreeObserver: void checkIsAlive()>"
					],
					"depth":5,
					"method":"<android.view.WindowManagerImpl: void addView(android.view.View,android.view.ViewGroup$LayoutParams)>",
					"source":"FIELDCALLER"
				},
				{
					"trace":[
						"<android.view.WindowManagerImpl: void addViewNesting(android.view.View,android.view.ViewGroup$LayoutParams)>",
						"<android.view.WindowManagerImpl: void addView(android.view.View,android.view.ViewGroup$LayoutParams,boolean)>",
						"<android.view.ViewRoot: void <init>(android.content.Context)>",
						"<android.view.View$AttachInfo: void <init>(android.view.IWindowSession,android.view.IWindow,android.os.Handler,android.view.View$AttachInfo$Callbacks)>",
						"<android.view.ViewTreeObserver: void <init>()>",
						"key field: <android.view.ViewTreeObserver: boolean mAlive>",
						"<android.view.ViewTreeObserver: void checkIsAlive()>"
					],
					"depth":5,
					"method":"<android.view.WindowManagerImpl: void addViewNesting(android.view.View,android.view.ViewGroup$LayoutParams)>",
					"source":"FIELDCALLER"
				},
				{
					"trace":[
						"<android.view.ViewGroup: void removeViews(int,int)>",
						"<android.view.ViewGroup: void removeViewsInternal(int,int)>",
						"<android.view.View: void dispatchDetachedFromWindow()>",
						"<android.view.SurfaceView: void onDetachedFromWindow()>",
						"<android.view.View: android.view.ViewTreeObserver getViewTreeObserver()>",
						"<android.view.ViewTreeObserver: void <init>()>",
						"key field: <android.view.ViewTreeObserver: boolean mAlive>",
						"<android.view.ViewTreeObserver: void checkIsAlive()>"
					],
					"depth":6,
					"method":"<android.view.ViewGroup: void removeViews(int,int)>",
					"source":"FIELDCALLER"
				},
				{
					"trace":[
						"<android.view.ViewGroup: void removeViewsInLayout(int,int)>",
						"<android.view.ViewGroup: void removeViewsInternal(int,int)>",
						"<android.view.View: void dispatchDetachedFromWindow()>",
						"<android.view.SurfaceView: void onDetachedFromWindow()>",
						"<android.view.View: android.view.ViewTreeObserver getViewTreeObserver()>",
						"<android.view.ViewTreeObserver: void <init>()>",
						"key field: <android.view.ViewTreeObserver: boolean mAlive>",
						"<android.view.ViewTreeObserver: void checkIsAlive()>"
					],
					"depth":6,
					"method":"<android.view.ViewGroup: void removeViewsInLayout(int,int)>",
					"source":"FIELDCALLER"
				},
				{
					"trace":[
						"<android.view.ViewGroup: void removeAllViews()>",
						"<android.view.ViewGroup: void removeAllViewsInLayout()>",
						"<android.view.View: void dispatchDetachedFromWindow()>",
						"<android.view.SurfaceView: void onDetachedFromWindow()>",
						"<android.view.View: android.view.ViewTreeObserver getViewTreeObserver()>",
						"<android.view.ViewTreeObserver: void <init>()>",
						"key field: <android.view.ViewTreeObserver: boolean mAlive>",
						"<android.view.ViewTreeObserver: void checkIsAlive()>"
					],
					"depth":6,
					"method":"<android.view.ViewGroup: void removeAllViews()>",
					"source":"FIELDCALLER"
				},
				{
					"trace":[
						"<android.view.ViewGroup: void removeViewAt(int)>",
						"<android.view.ViewGroup: void removeViewInternal(int,android.view.View)>",
						"<android.view.View: void dispatchDetachedFromWindow()>",
						"<android.view.SurfaceView: void onDetachedFromWindow()>",
						"<android.view.View: android.view.ViewTreeObserver getViewTreeObserver()>",
						"<android.view.ViewTreeObserver: void <init>()>",
						"key field: <android.view.ViewTreeObserver: boolean mAlive>",
						"<android.view.ViewTreeObserver: void checkIsAlive()>"
					],
					"depth":6,
					"method":"<android.view.ViewGroup: void removeViewAt(int)>",
					"source":"FIELDCALLER"
				},
				{
					"trace":[
						"<android.view.SurfaceView: void setVisibility(int)>",
						"<android.view.SurfaceView: void updateWindow(boolean)>",
						"<android.view.SurfaceView: void reportSurfaceDestroyed()>",
						"<android.view.SurfaceView: void onDetachedFromWindow()>",
						"<android.view.View: android.view.ViewTreeObserver getViewTreeObserver()>",
						"<android.view.ViewTreeObserver: void <init>()>",
						"key field: <android.view.ViewTreeObserver: boolean mAlive>",
						"<android.view.ViewTreeObserver: void checkIsAlive()>"
					],
					"depth":6,
					"method":"<android.view.SurfaceView: void setVisibility(int)>",
					"source":"FIELDCALLER"
				},
				{
					"trace":[
						"<android.view.WindowManagerImpl: void addView(android.view.View)>",
						"<android.view.WindowManagerImpl: void addView(android.view.View,android.view.ViewGroup$LayoutParams)>",
						"<android.view.WindowManagerImpl: void addView(android.view.View,android.view.ViewGroup$LayoutParams,boolean)>",
						"<android.view.ViewRoot: void <init>(android.content.Context)>",
						"<android.view.View$AttachInfo: void <init>(android.view.IWindowSession,android.view.IWindow,android.os.Handler,android.view.View$AttachInfo$Callbacks)>",
						"<android.view.ViewTreeObserver: void <init>()>",
						"key field: <android.view.ViewTreeObserver: boolean mAlive>",
						"<android.view.ViewTreeObserver: void checkIsAlive()>"
					],
					"depth":6,
					"method":"<android.view.WindowManagerImpl: void addView(android.view.View)>",
					"source":"FIELDCALLER"
				},
				{
					"trace":[
						"<android.view.Window$LocalWindowManager: void addView(android.view.View,android.view.ViewGroup$LayoutParams)>",
						"<android.view.WindowManagerImpl: void addView(android.view.View,android.view.ViewGroup$LayoutParams)>",
						"<android.view.WindowManagerImpl: void addView(android.view.View,android.view.ViewGroup$LayoutParams,boolean)>",
						"<android.view.ViewRoot: void <init>(android.content.Context)>",
						"<android.view.View$AttachInfo: void <init>(android.view.IWindowSession,android.view.IWindow,android.os.Handler,android.view.View$AttachInfo$Callbacks)>",
						"<android.view.ViewTreeObserver: void <init>()>",
						"key field: <android.view.ViewTreeObserver: boolean mAlive>",
						"<android.view.ViewTreeObserver: void checkIsAlive()>"
					],
					"depth":6,
					"method":"<android.view.Window$LocalWindowManager: void addView(android.view.View,android.view.ViewGroup$LayoutParams)>",
					"source":"FIELDCALLER"
				},
				{
					"trace":[
						"<android.view.ViewRoot: void handleMessage(android.os.Message)>",
						"<android.view.ViewRoot: void doDie()>",
						"<android.view.ViewRoot: void dispatchDetachedFromWindow()>",
						"<android.view.View: void dispatchDetachedFromWindow()>",
						"<android.view.SurfaceView: void onDetachedFromWindow()>",
						"<android.view.View: android.view.ViewTreeObserver getViewTreeObserver()>",
						"<android.view.ViewTreeObserver: void <init>()>",
						"key field: <android.view.ViewTreeObserver: boolean mAlive>",
						"<android.view.ViewTreeObserver: void checkIsAlive()>"
					],
					"depth":7,
					"method":"<android.view.ViewRoot: void handleMessage(android.os.Message)>",
					"source":"FIELDCALLER"
				},
				{
					"trace":[
						"<android.widget.ViewAnimator: void removeViews(int,int)>",
						"<android.view.ViewGroup: void removeViews(int,int)>",
						"<android.view.ViewGroup: void removeViewsInternal(int,int)>",
						"<android.view.View: void dispatchDetachedFromWindow()>",
						"<android.view.SurfaceView: void onDetachedFromWindow()>",
						"<android.view.View: android.view.ViewTreeObserver getViewTreeObserver()>",
						"<android.view.ViewTreeObserver: void <init>()>",
						"key field: <android.view.ViewTreeObserver: boolean mAlive>",
						"<android.view.ViewTreeObserver: void checkIsAlive()>"
					],
					"depth":7,
					"method":"<android.widget.ViewAnimator: void removeViews(int,int)>",
					"source":"FIELDCALLER"
				},
				{
					"trace":[
						"<android.widget.ViewAnimator: void removeAllViews()>",
						"<android.view.ViewGroup: void removeAllViews()>",
						"<android.view.ViewGroup: void removeAllViewsInLayout()>",
						"<android.view.View: void dispatchDetachedFromWindow()>",
						"<android.view.SurfaceView: void onDetachedFromWindow()>",
						"<android.view.View: android.view.ViewTreeObserver getViewTreeObserver()>",
						"<android.view.ViewTreeObserver: void <init>()>",
						"key field: <android.view.ViewTreeObserver: boolean mAlive>",
						"<android.view.ViewTreeObserver: void checkIsAlive()>"
					],
					"depth":7,
					"method":"<android.widget.ViewAnimator: void removeAllViews()>",
					"source":"FIELDCALLER"
				},
				{
					"trace":[
						"<android.view.ViewGroup: void removeView(android.view.View)>",
						"<android.view.ViewGroup: void removeViewInternal(android.view.View)>",
						"<android.view.ViewGroup: void removeViewInternal(int,android.view.View)>",
						"<android.view.View: void dispatchDetachedFromWindow()>",
						"<android.view.SurfaceView: void onDetachedFromWindow()>",
						"<android.view.View: android.view.ViewTreeObserver getViewTreeObserver()>",
						"<android.view.ViewTreeObserver: void <init>()>",
						"key field: <android.view.ViewTreeObserver: boolean mAlive>",
						"<android.view.ViewTreeObserver: void checkIsAlive()>"
					],
					"depth":7,
					"method":"<android.view.ViewGroup: void removeView(android.view.View)>",
					"source":"FIELDCALLER"
				},
				{
					"trace":[
						"<android.view.ViewManager: void removeView(android.view.View)>",
						"<android.view.ViewGroup: void removeViewInternal(android.view.View)>",
						"<android.view.ViewGroup: void removeViewInternal(int,android.view.View)>",
						"<android.view.View: void dispatchDetachedFromWindow()>",
						"<android.view.SurfaceView: void onDetachedFromWindow()>",
						"<android.view.View: android.view.ViewTreeObserver getViewTreeObserver()>",
						"<android.view.ViewTreeObserver: void <init>()>",
						"key field: <android.view.ViewTreeObserver: boolean mAlive>",
						"<android.view.ViewTreeObserver: void checkIsAlive()>"
					],
					"depth":7,
					"method":"<android.view.ViewManager: void removeView(android.view.View)>",
					"source":"FIELDCALLER"
				},
				{
					"trace":[
						"<android.view.ViewGroup: void removeViewInLayout(android.view.View)>",
						"<android.view.ViewGroup: void removeViewInternal(android.view.View)>",
						"<android.view.ViewGroup: void removeViewInternal(int,android.view.View)>",
						"<android.view.View: void dispatchDetachedFromWindow()>",
						"<android.view.SurfaceView: void onDetachedFromWindow()>",
						"<android.view.View: android.view.ViewTreeObserver getViewTreeObserver()>",
						"<android.view.ViewTreeObserver: void <init>()>",
						"key field: <android.view.ViewTreeObserver: boolean mAlive>",
						"<android.view.ViewTreeObserver: void checkIsAlive()>"
					],
					"depth":7,
					"method":"<android.view.ViewGroup: void removeViewInLayout(android.view.View)>",
					"source":"FIELDCALLER"
				},
				{
					"trace":[
						"<android.widget.ViewAnimator: void removeViewAt(int)>",
						"<android.view.ViewGroup: void removeViewAt(int)>",
						"<android.view.ViewGroup: void removeViewInternal(int,android.view.View)>",
						"<android.view.View: void dispatchDetachedFromWindow()>",
						"<android.view.SurfaceView: void onDetachedFromWindow()>",
						"<android.view.View: android.view.ViewTreeObserver getViewTreeObserver()>",
						"<android.view.ViewTreeObserver: void <init>()>",
						"key field: <android.view.ViewTreeObserver: boolean mAlive>",
						"<android.view.ViewTreeObserver: void checkIsAlive()>"
					],
					"depth":7,
					"method":"<android.widget.ViewAnimator: void removeViewAt(int)>",
					"source":"FIELDCALLER"
				},
				{
					"trace":[
						"<android.view.SurfaceView$1: void handleMessage(android.os.Message)>",
						"<android.view.SurfaceView: void access$000(android.view.SurfaceView,boolean)>",
						"<android.view.SurfaceView: void updateWindow(boolean)>",
						"<android.view.SurfaceView: void reportSurfaceDestroyed()>",
						"<android.view.SurfaceView: void onDetachedFromWindow()>",
						"<android.view.View: android.view.ViewTreeObserver getViewTreeObserver()>",
						"<android.view.ViewTreeObserver: void <init>()>",
						"key field: <android.view.ViewTreeObserver: boolean mAlive>",
						"<android.view.ViewTreeObserver: void checkIsAlive()>"
					],
					"depth":7,
					"method":"<android.view.SurfaceView$1: void handleMessage(android.os.Message)>",
					"source":"FIELDCALLER"
				},
				{
					"trace":[
						"<android.view.SurfaceView$3: void setFormat(int)>",
						"<android.view.SurfaceView: void access$000(android.view.SurfaceView,boolean)>",
						"<android.view.SurfaceView: void updateWindow(boolean)>",
						"<android.view.SurfaceView: void reportSurfaceDestroyed()>",
						"<android.view.SurfaceView: void onDetachedFromWindow()>",
						"<android.view.View: android.view.ViewTreeObserver getViewTreeObserver()>",
						"<android.view.ViewTreeObserver: void <init>()>",
						"key field: <android.view.ViewTreeObserver: boolean mAlive>",
						"<android.view.ViewTreeObserver: void checkIsAlive()>"
					],
					"depth":7,
					"method":"<android.view.SurfaceView$3: void setFormat(int)>",
					"source":"FIELDCALLER"
				},
				{
					"trace":[
						"<android.view.SurfaceHolder: void setFormat(int)>",
						"<android.view.SurfaceView: void access$000(android.view.SurfaceView,boolean)>",
						"<android.view.SurfaceView: void updateWindow(boolean)>",
						"<android.view.SurfaceView: void reportSurfaceDestroyed()>",
						"<android.view.SurfaceView: void onDetachedFromWindow()>",
						"<android.view.View: android.view.ViewTreeObserver getViewTreeObserver()>",
						"<android.view.ViewTreeObserver: void <init>()>",
						"key field: <android.view.ViewTreeObserver: boolean mAlive>",
						"<android.view.ViewTreeObserver: void checkIsAlive()>"
					],
					"depth":7,
					"method":"<android.view.SurfaceHolder: void setFormat(int)>",
					"source":"FIELDCALLER"
				},
				{
					"trace":[
						"<android.view.SurfaceView$2: void onScrollChanged()>",
						"<android.view.SurfaceView: void access$000(android.view.SurfaceView,boolean)>",
						"<android.view.SurfaceView: void updateWindow(boolean)>",
						"<android.view.SurfaceView: void reportSurfaceDestroyed()>",
						"<android.view.SurfaceView: void onDetachedFromWindow()>",
						"<android.view.View: android.view.ViewTreeObserver getViewTreeObserver()>",
						"<android.view.ViewTreeObserver: void <init>()>",
						"key field: <android.view.ViewTreeObserver: boolean mAlive>",
						"<android.view.ViewTreeObserver: void checkIsAlive()>"
					],
					"depth":7,
					"method":"<android.view.SurfaceView$2: void onScrollChanged()>",
					"source":"FIELDCALLER"
				},
				{
					"trace":[
						"<android.view.ViewTreeObserver$OnScrollChangedListener: void onScrollChanged()>",
						"<android.view.SurfaceView: void access$000(android.view.SurfaceView,boolean)>",
						"<android.view.SurfaceView: void updateWindow(boolean)>",
						"<android.view.SurfaceView: void reportSurfaceDestroyed()>",
						"<android.view.SurfaceView: void onDetachedFromWindow()>",
						"<android.view.View: android.view.ViewTreeObserver getViewTreeObserver()>",
						"<android.view.ViewTreeObserver: void <init>()>",
						"key field: <android.view.ViewTreeObserver: boolean mAlive>",
						"<android.view.ViewTreeObserver: void checkIsAlive()>"
					],
					"depth":7,
					"method":"<android.view.ViewTreeObserver$OnScrollChangedListener: void onScrollChanged()>",
					"source":"FIELDCALLER"
				},
				{
					"trace":[
						"<android.view.SurfaceView$3: void setType(int)>",
						"<android.view.SurfaceView: void access$000(android.view.SurfaceView,boolean)>",
						"<android.view.SurfaceView: void updateWindow(boolean)>",
						"<android.view.SurfaceView: void reportSurfaceDestroyed()>",
						"<android.view.SurfaceView: void onDetachedFromWindow()>",
						"<android.view.View: android.view.ViewTreeObserver getViewTreeObserver()>",
						"<android.view.ViewTreeObserver: void <init>()>",
						"key field: <android.view.ViewTreeObserver: boolean mAlive>",
						"<android.view.ViewTreeObserver: void checkIsAlive()>"
					],
					"depth":7,
					"method":"<android.view.SurfaceView$3: void setType(int)>",
					"source":"FIELDCALLER"
				},
				{
					"trace":[
						"<android.view.SurfaceHolder: void setType(int)>",
						"<android.view.SurfaceView: void access$000(android.view.SurfaceView,boolean)>",
						"<android.view.SurfaceView: void updateWindow(boolean)>",
						"<android.view.SurfaceView: void reportSurfaceDestroyed()>",
						"<android.view.SurfaceView: void onDetachedFromWindow()>",
						"<android.view.View: android.view.ViewTreeObserver getViewTreeObserver()>",
						"<android.view.ViewTreeObserver: void <init>()>",
						"key field: <android.view.ViewTreeObserver: boolean mAlive>",
						"<android.view.ViewTreeObserver: void checkIsAlive()>"
					],
					"depth":7,
					"method":"<android.view.SurfaceHolder: void setType(int)>",
					"source":"FIELDCALLER"
				},
				{
					"trace":[
						"<android.view.View: void dispatchWindowVisibilityChanged(int)>",
						"<android.view.SurfaceView: void onWindowVisibilityChanged(int)>",
						"<android.view.SurfaceView: void updateWindow(boolean)>",
						"<android.view.SurfaceView: void reportSurfaceDestroyed()>",
						"<android.view.SurfaceView: void onDetachedFromWindow()>",
						"<android.view.View: android.view.ViewTreeObserver getViewTreeObserver()>",
						"<android.view.ViewTreeObserver: void <init>()>",
						"key field: <android.view.ViewTreeObserver: boolean mAlive>",
						"<android.view.ViewTreeObserver: void checkIsAlive()>"
					],
					"depth":7,
					"method":"<android.view.View: void dispatchWindowVisibilityChanged(int)>",
					"source":"FIELDCALLER"
				},
				{
					"trace":[
						"<android.view.ViewStub: void setVisibility(int)>",
						"<android.view.SurfaceView: void setVisibility(int)>",
						"<android.view.SurfaceView: void updateWindow(boolean)>",
						"<android.view.SurfaceView: void reportSurfaceDestroyed()>",
						"<android.view.SurfaceView: void onDetachedFromWindow()>",
						"<android.view.View: android.view.ViewTreeObserver getViewTreeObserver()>",
						"<android.view.ViewTreeObserver: void <init>()>",
						"key field: <android.view.ViewTreeObserver: boolean mAlive>",
						"<android.view.ViewTreeObserver: void checkIsAlive()>"
					],
					"depth":7,
					"method":"<android.view.ViewStub: void setVisibility(int)>",
					"source":"FIELDCALLER"
				},
				{
					"trace":[
						"<android.view.ViewRoot: void dispatchTrackball(android.view.MotionEvent,long,boolean)>",
						"<android.view.ViewRoot: void handleMessage(android.os.Message)>",
						"<android.view.ViewRoot: void doDie()>",
						"<android.view.ViewRoot: void dispatchDetachedFromWindow()>",
						"<android.view.View: void dispatchDetachedFromWindow()>",
						"<android.view.SurfaceView: void onDetachedFromWindow()>",
						"<android.view.View: android.view.ViewTreeObserver getViewTreeObserver()>",
						"<android.view.ViewTreeObserver: void <init>()>",
						"key field: <android.view.ViewTreeObserver: boolean mAlive>",
						"<android.view.ViewTreeObserver: void checkIsAlive()>"
					],
					"depth":8,
					"method":"<android.view.ViewRoot: void dispatchTrackball(android.view.MotionEvent,long,boolean)>",
					"source":"FIELDCALLER"
				},
				{
					"trace":[
						"<android.view.ViewRoot: void dispatchPointer(android.view.MotionEvent,long,boolean)>",
						"<android.view.ViewRoot: void handleMessage(android.os.Message)>",
						"<android.view.ViewRoot: void doDie()>",
						"<android.view.ViewRoot: void dispatchDetachedFromWindow()>",
						"<android.view.View: void dispatchDetachedFromWindow()>",
						"<android.view.SurfaceView: void onDetachedFromWindow()>",
						"<android.view.View: android.view.ViewTreeObserver getViewTreeObserver()>",
						"<android.view.ViewTreeObserver: void <init>()>",
						"key field: <android.view.ViewTreeObserver: boolean mAlive>",
						"<android.view.ViewTreeObserver: void checkIsAlive()>"
					],
					"depth":8,
					"method":"<android.view.ViewRoot: void dispatchPointer(android.view.MotionEvent,long,boolean)>",
					"source":"FIELDCALLER"
				},
				{
					"trace":[
						"<android.view.SurfaceView$MyWindow: void resized(int,int,android.graphics.Rect,android.graphics.Rect,boolean,android.content.res.Configuration)>",
						"<android.view.ViewRoot: void handleMessage(android.os.Message)>",
						"<android.view.ViewRoot: void doDie()>",
						"<android.view.ViewRoot: void dispatchDetachedFromWindow()>",
						"<android.view.View: void dispatchDetachedFromWindow()>",
						"<android.view.SurfaceView: void onDetachedFromWindow()>",
						"<android.view.View: android.view.ViewTreeObserver getViewTreeObserver()>",
						"<android.view.ViewTreeObserver: void <init>()>",
						"key field: <android.view.ViewTreeObserver: boolean mAlive>",
						"<android.view.ViewTreeObserver: void checkIsAlive()>"
					],
					"depth":8,
					"method":"<android.view.SurfaceView$MyWindow: void resized(int,int,android.graphics.Rect,android.graphics.Rect,boolean,android.content.res.Configuration)>",
					"source":"FIELDCALLER"
				},
				{
					"trace":[
						"<android.view.ViewRoot: void dispatchKey(android.view.KeyEvent)>",
						"<android.view.ViewRoot: void handleMessage(android.os.Message)>",
						"<android.view.ViewRoot: void doDie()>",
						"<android.view.ViewRoot: void dispatchDetachedFromWindow()>",
						"<android.view.View: void dispatchDetachedFromWindow()>",
						"<android.view.SurfaceView: void onDetachedFromWindow()>",
						"<android.view.View: android.view.ViewTreeObserver getViewTreeObserver()>",
						"<android.view.ViewTreeObserver: void <init>()>",
						"key field: <android.view.ViewTreeObserver: boolean mAlive>",
						"<android.view.ViewTreeObserver: void checkIsAlive()>"
					],
					"depth":8,
					"method":"<android.view.ViewRoot: void dispatchKey(android.view.KeyEvent)>",
					"source":"FIELDCALLER"
				},
				{
					"trace":[
						"<android.view.ViewRoot: void die(boolean)>",
						"<android.view.ViewRoot: void handleMessage(android.os.Message)>",
						"<android.view.ViewRoot: void doDie()>",
						"<android.view.ViewRoot: void dispatchDetachedFromWindow()>",
						"<android.view.View: void dispatchDetachedFromWindow()>",
						"<android.view.SurfaceView: void onDetachedFromWindow()>",
						"<android.view.View: android.view.ViewTreeObserver getViewTreeObserver()>",
						"<android.view.ViewTreeObserver: void <init>()>",
						"key field: <android.view.ViewTreeObserver: boolean mAlive>",
						"<android.view.ViewTreeObserver: void checkIsAlive()>"
					],
					"depth":8,
					"method":"<android.view.ViewRoot: void die(boolean)>",
					"source":"FIELDCALLER"
				},
				{
					"trace":[
						"<android.webkit.StreamLoader: boolean handleMessage(android.os.Message)>",
						"<android.view.ViewRoot: void handleMessage(android.os.Message)>",
						"<android.view.ViewRoot: void doDie()>",
						"<android.view.ViewRoot: void dispatchDetachedFromWindow()>",
						"<android.view.View: void dispatchDetachedFromWindow()>",
						"<android.view.SurfaceView: void onDetachedFromWindow()>",
						"<android.view.View: android.view.ViewTreeObserver getViewTreeObserver()>",
						"<android.view.ViewTreeObserver: void <init>()>",
						"key field: <android.view.ViewTreeObserver: boolean mAlive>",
						"<android.view.ViewTreeObserver: void checkIsAlive()>"
					],
					"depth":8,
					"method":"<android.webkit.StreamLoader: boolean handleMessage(android.os.Message)>",
					"source":"FIELDCALLER"
				},
				{
					"trace":[
						"<android.os.Handler$Callback: boolean handleMessage(android.os.Message)>",
						"<android.view.ViewRoot: void handleMessage(android.os.Message)>",
						"<android.view.ViewRoot: void doDie()>",
						"<android.view.ViewRoot: void dispatchDetachedFromWindow()>",
						"<android.view.View: void dispatchDetachedFromWindow()>",
						"<android.view.SurfaceView: void onDetachedFromWindow()>",
						"<android.view.View: android.view.ViewTreeObserver getViewTreeObserver()>",
						"<android.view.ViewTreeObserver: void <init>()>",
						"key field: <android.view.ViewTreeObserver: boolean mAlive>",
						"<android.view.ViewTreeObserver: void checkIsAlive()>"
					],
					"depth":8,
					"method":"<android.os.Handler$Callback: boolean handleMessage(android.os.Message)>",
					"source":"FIELDCALLER"
				},
				{
					"trace":[
						"<android.view.GestureDetector: boolean onTouchEvent(android.view.MotionEvent)>",
						"<android.view.ViewRoot: void handleMessage(android.os.Message)>",
						"<android.view.ViewRoot: void doDie()>",
						"<android.view.ViewRoot: void dispatchDetachedFromWindow()>",
						"<android.view.View: void dispatchDetachedFromWindow()>",
						"<android.view.SurfaceView: void onDetachedFromWindow()>",
						"<android.view.View: android.view.ViewTreeObserver getViewTreeObserver()>",
						"<android.view.ViewTreeObserver: void <init>()>",
						"key field: <android.view.ViewTreeObserver: boolean mAlive>",
						"<android.view.ViewTreeObserver: void checkIsAlive()>"
					],
					"depth":8,
					"method":"<android.view.GestureDetector: boolean onTouchEvent(android.view.MotionEvent)>",
					"source":"FIELDCALLER"
				},
				{
					"trace":[
						"<android.view.View: void postInvalidateDelayed(long)>",
						"<android.view.ViewRoot: void handleMessage(android.os.Message)>",
						"<android.view.ViewRoot: void doDie()>",
						"<android.view.ViewRoot: void dispatchDetachedFromWindow()>",
						"<android.view.View: void dispatchDetachedFromWindow()>",
						"<android.view.SurfaceView: void onDetachedFromWindow()>",
						"<android.view.View: android.view.ViewTreeObserver getViewTreeObserver()>",
						"<android.view.ViewTreeObserver: void <init>()>",
						"key field: <android.view.ViewTreeObserver: boolean mAlive>",
						"<android.view.ViewTreeObserver: void checkIsAlive()>"
					],
					"depth":8,
					"method":"<android.view.View: void postInvalidateDelayed(long)>",
					"source":"FIELDCALLER"
				},
				{
					"trace":[
						"<android.view.ViewRoot: void scheduleTraversals()>",
						"<android.view.ViewRoot: void handleMessage(android.os.Message)>",
						"<android.view.ViewRoot: void doDie()>",
						"<android.view.ViewRoot: void dispatchDetachedFromWindow()>",
						"<android.view.View: void dispatchDetachedFromWindow()>",
						"<android.view.SurfaceView: void onDetachedFromWindow()>",
						"<android.view.View: android.view.ViewTreeObserver getViewTreeObserver()>",
						"<android.view.ViewTreeObserver: void <init>()>",
						"key field: <android.view.ViewTreeObserver: boolean mAlive>",
						"<android.view.ViewTreeObserver: void checkIsAlive()>"
					],
					"depth":8,
					"method":"<android.view.ViewRoot: void scheduleTraversals()>",
					"source":"FIELDCALLER"
				},
				{
					"trace":[
						"<android.webkit.WebView$PrivateHandler: void handleMessage(android.os.Message)>",
						"<android.view.ViewRoot: void handleMessage(android.os.Message)>",
						"<android.view.ViewRoot: void doDie()>",
						"<android.view.ViewRoot: void dispatchDetachedFromWindow()>",
						"<android.view.View: void dispatchDetachedFromWindow()>",
						"<android.view.SurfaceView: void onDetachedFromWindow()>",
						"<android.view.View: android.view.ViewTreeObserver getViewTreeObserver()>",
						"<android.view.ViewTreeObserver: void <init>()>",
						"key field: <android.view.ViewTreeObserver: boolean mAlive>",
						"<android.view.ViewTreeObserver: void checkIsAlive()>"
					],
					"depth":8,
					"method":"<android.webkit.WebView$PrivateHandler: void handleMessage(android.os.Message)>",
					"source":"FIELDCALLER"
				},
				{
					"trace":[
						"<android.webkit.WebViewCore$EventHub$1: void handleMessage(android.os.Message)>",
						"<android.view.ViewRoot: void handleMessage(android.os.Message)>",
						"<android.view.ViewRoot: void doDie()>",
						"<android.view.ViewRoot: void dispatchDetachedFromWindow()>",
						"<android.view.View: void dispatchDetachedFromWindow()>",
						"<android.view.SurfaceView: void onDetachedFromWindow()>",
						"<android.view.View: android.view.ViewTreeObserver getViewTreeObserver()>",
						"<android.view.ViewTreeObserver: void <init>()>",
						"key field: <android.view.ViewTreeObserver: boolean mAlive>",
						"<android.view.ViewTreeObserver: void checkIsAlive()>"
					],
					"depth":8,
					"method":"<android.webkit.WebViewCore$EventHub$1: void handleMessage(android.os.Message)>",
					"source":"FIELDCALLER"
				},
				{
					"trace":[
						"<android.widget.Filter$RequestHandler: void handleMessage(android.os.Message)>",
						"<android.view.ViewRoot: void handleMessage(android.os.Message)>",
						"<android.view.ViewRoot: void doDie()>",
						"<android.view.ViewRoot: void dispatchDetachedFromWindow()>",
						"<android.view.View: void dispatchDetachedFromWindow()>",
						"<android.view.SurfaceView: void onDetachedFromWindow()>",
						"<android.view.View: android.view.ViewTreeObserver getViewTreeObserver()>",
						"<android.view.ViewTreeObserver: void <init>()>",
						"key field: <android.view.ViewTreeObserver: boolean mAlive>",
						"<android.view.ViewTreeObserver: void checkIsAlive()>"
					],
					"depth":8,
					"method":"<android.widget.Filter$RequestHandler: void handleMessage(android.os.Message)>",
					"source":"FIELDCALLER"
				},
				{
					"trace":[
						"<android.net.wifi.WifiStateTracker$DhcpHandler: void handleMessage(android.os.Message)>",
						"<android.view.ViewRoot: void handleMessage(android.os.Message)>",
						"<android.view.ViewRoot: void doDie()>",
						"<android.view.ViewRoot: void dispatchDetachedFromWindow()>",
						"<android.view.View: void dispatchDetachedFromWindow()>",
						"<android.view.SurfaceView: void onDetachedFromWindow()>",
						"<android.view.View: android.view.ViewTreeObserver getViewTreeObserver()>",
						"<android.view.ViewTreeObserver: void <init>()>",
						"key field: <android.view.ViewTreeObserver: boolean mAlive>",
						"<android.view.ViewTreeObserver: void checkIsAlive()>"
					],
					"depth":8,
					"method":"<android.net.wifi.WifiStateTracker$DhcpHandler: void handleMessage(android.os.Message)>",
					"source":"FIELDCALLER"
				},
				{
					"trace":[
						"<android.net.wifi.WifiStateTracker: void handleMessage(android.os.Message)>",
						"<android.view.ViewRoot: void handleMessage(android.os.Message)>",
						"<android.view.ViewRoot: void doDie()>",
						"<android.view.ViewRoot: void dispatchDetachedFromWindow()>",
						"<android.view.View: void dispatchDetachedFromWindow()>",
						"<android.view.SurfaceView: void onDetachedFromWindow()>",
						"<android.view.View: android.view.ViewTreeObserver getViewTreeObserver()>",
						"<android.view.ViewTreeObserver: void <init>()>",
						"key field: <android.view.ViewTreeObserver: boolean mAlive>",
						"<android.view.ViewTreeObserver: void checkIsAlive()>"
					],
					"depth":8,
					"method":"<android.net.wifi.WifiStateTracker: void handleMessage(android.os.Message)>",
					"source":"FIELDCALLER"
				},
				{
					"trace":[
						"<android.server.BluetoothService$1: void handleMessage(android.os.Message)>",
						"<android.view.ViewRoot: void handleMessage(android.os.Message)>",
						"<android.view.ViewRoot: void doDie()>",
						"<android.view.ViewRoot: void dispatchDetachedFromWindow()>",
						"<android.view.View: void dispatchDetachedFromWindow()>",
						"<android.view.SurfaceView: void onDetachedFromWindow()>",
						"<android.view.View: android.view.ViewTreeObserver getViewTreeObserver()>",
						"<android.view.ViewTreeObserver: void <init>()>",
						"key field: <android.view.ViewTreeObserver: boolean mAlive>",
						"<android.view.ViewTreeObserver: void checkIsAlive()>"
					],
					"depth":8,
					"method":"<android.server.BluetoothService$1: void handleMessage(android.os.Message)>",
					"source":"FIELDCALLER"
				},
				{
					"trace":[
						"<android.view.WindowManagerImpl: void removeViewImmediate(android.view.View)>",
						"<android.view.ViewRoot: void die(boolean)>",
						"<android.view.ViewRoot: void doDie()>",
						"<android.view.ViewRoot: void dispatchDetachedFromWindow()>",
						"<android.view.View: void dispatchDetachedFromWindow()>",
						"<android.view.SurfaceView: void onDetachedFromWindow()>",
						"<android.view.View: android.view.ViewTreeObserver getViewTreeObserver()>",
						"<android.view.ViewTreeObserver: void <init>()>",
						"key field: <android.view.ViewTreeObserver: boolean mAlive>",
						"<android.view.ViewTreeObserver: void checkIsAlive()>"
					],
					"depth":8,
					"method":"<android.view.WindowManagerImpl: void removeViewImmediate(android.view.View)>",
					"source":"FIELDCALLER"
				},
				{
					"trace":[
						"<android.view.WindowManager: void removeViewImmediate(android.view.View)>",
						"<android.view.ViewRoot: void die(boolean)>",
						"<android.view.ViewRoot: void doDie()>",
						"<android.view.ViewRoot: void dispatchDetachedFromWindow()>",
						"<android.view.View: void dispatchDetachedFromWindow()>",
						"<android.view.SurfaceView: void onDetachedFromWindow()>",
						"<android.view.View: android.view.ViewTreeObserver getViewTreeObserver()>",
						"<android.view.ViewTreeObserver: void <init>()>",
						"key field: <android.view.ViewTreeObserver: boolean mAlive>",
						"<android.view.ViewTreeObserver: void checkIsAlive()>"
					],
					"depth":8,
					"method":"<android.view.WindowManager: void removeViewImmediate(android.view.View)>",
					"source":"FIELDCALLER"
				},
				{
					"trace":[
						"<android.view.View: void buildDrawingCache(boolean)>",
						"<android.view.ViewGroup: void dispatchDraw(android.graphics.Canvas)>",
						"<android.view.ViewGroup: boolean drawChild(android.graphics.Canvas,android.view.View,long)>",
						"<android.view.ViewGroup: void finishAnimatingView(android.view.View,android.view.animation.Animation)>",
						"<android.view.View: void dispatchDetachedFromWindow()>",
						"<android.view.SurfaceView: void onDetachedFromWindow()>",
						"<android.view.View: android.view.ViewTreeObserver getViewTreeObserver()>",
						"<android.view.ViewTreeObserver: void <init>()>",
						"key field: <android.view.ViewTreeObserver: boolean mAlive>",
						"<android.view.ViewTreeObserver: void checkIsAlive()>"
					],
					"depth":8,
					"method":"<android.view.View: void buildDrawingCache(boolean)>",
					"source":"FIELDCALLER"
				},
				{
					"trace":[
						"<android.widget.TabWidget: void dispatchDraw(android.graphics.Canvas)>",
						"<android.view.ViewGroup: void dispatchDraw(android.graphics.Canvas)>",
						"<android.view.ViewGroup: boolean drawChild(android.graphics.Canvas,android.view.View,long)>",
						"<android.view.ViewGroup: void finishAnimatingView(android.view.View,android.view.animation.Animation)>",
						"<android.view.View: void dispatchDetachedFromWindow()>",
						"<android.view.SurfaceView: void onDetachedFromWindow()>",
						"<android.view.View: android.view.ViewTreeObserver getViewTreeObserver()>",
						"<android.view.ViewTreeObserver: void <init>()>",
						"key field: <android.view.ViewTreeObserver: boolean mAlive>",
						"<android.view.ViewTreeObserver: void checkIsAlive()>"
					],
					"depth":8,
					"method":"<android.widget.TabWidget: void dispatchDraw(android.graphics.Canvas)>",
					"source":"FIELDCALLER"
				},
				{
					"trace":[
						"<android.view.View: void draw(android.graphics.Canvas)>",
						"<android.view.ViewGroup: void dispatchDraw(android.graphics.Canvas)>",
						"<android.view.ViewGroup: boolean drawChild(android.graphics.Canvas,android.view.View,long)>",
						"<android.view.ViewGroup: void finishAnimatingView(android.view.View,android.view.animation.Animation)>",
						"<android.view.View: void dispatchDetachedFromWindow()>",
						"<android.view.SurfaceView: void onDetachedFromWindow()>",
						"<android.view.View: android.view.ViewTreeObserver getViewTreeObserver()>",
						"<android.view.ViewTreeObserver: void <init>()>",
						"key field: <android.view.ViewTreeObserver: boolean mAlive>",
						"<android.view.ViewTreeObserver: void checkIsAlive()>"
					],
					"depth":8,
					"method":"<android.view.View: void draw(android.graphics.Canvas)>",
					"source":"FIELDCALLER"
				},
				{
					"trace":[
						"<android.view.ViewStub: android.view.View inflate()>",
						"<android.view.ViewGroup: void removeViewInLayout(android.view.View)>",
						"<android.view.ViewGroup: void removeViewInternal(android.view.View)>",
						"<android.view.ViewGroup: void removeViewInternal(int,android.view.View)>",
						"<android.view.View: void dispatchDetachedFromWindow()>",
						"<android.view.SurfaceView: void onDetachedFromWindow()>",
						"<android.view.View: android.view.ViewTreeObserver getViewTreeObserver()>",
						"<android.view.ViewTreeObserver: void <init>()>",
						"key field: <android.view.ViewTreeObserver: boolean mAlive>",
						"<android.view.ViewTreeObserver: void checkIsAlive()>"
					],
					"depth":8,
					"method":"<android.view.ViewStub: android.view.View inflate()>",
					"source":"FIELDCALLER"
				},
				{
					"trace":[
						"<android.view.View: void layout(int,int,int,int)>",
						"<android.view.View: boolean setFrame(int,int,int,int)>",
						"<android.view.SurfaceView: void onSizeChanged(int,int,int,int)>",
						"<android.view.SurfaceView: void updateWindow(boolean)>",
						"<android.view.SurfaceView: void reportSurfaceDestroyed()>",
						"<android.view.SurfaceView: void onDetachedFromWindow()>",
						"<android.view.View: android.view.ViewTreeObserver getViewTreeObserver()>",
						"<android.view.ViewTreeObserver: void <init>()>",
						"key field: <android.view.ViewTreeObserver: boolean mAlive>",
						"<android.view.ViewTreeObserver: void checkIsAlive()>"
					],
					"depth":8,
					"method":"<android.view.View: void layout(int,int,int,int)>",
					"source":"FIELDCALLER"
				},
				{
					"trace":[
						"<android.view.ViewDebug$6: void run()>",
						"<android.view.View: android.graphics.Bitmap createSnapshot(android.graphics.Bitmap$Config,int,boolean)>",
						"<android.view.SurfaceView: void dispatchDraw(android.graphics.Canvas)>",
						"<android.view.SurfaceView: void updateWindow(boolean)>",
						"<android.view.SurfaceView: void reportSurfaceDestroyed()>",
						"<android.view.SurfaceView: void onDetachedFromWindow()>",
						"<android.view.View: android.view.ViewTreeObserver getViewTreeObserver()>",
						"<android.view.ViewTreeObserver: void <init>()>",
						"key field: <android.view.ViewTreeObserver: boolean mAlive>",
						"<android.view.ViewTreeObserver: void checkIsAlive()>"
					],
					"depth":8,
					"method":"<android.view.ViewDebug$6: void run()>",
					"source":"FIELDCALLER"
				},
				{
					"trace":[
						"<java.lang.Runnable: void run()>",
						"<android.view.View: android.graphics.Bitmap createSnapshot(android.graphics.Bitmap$Config,int,boolean)>",
						"<android.view.SurfaceView: void dispatchDraw(android.graphics.Canvas)>",
						"<android.view.SurfaceView: void updateWindow(boolean)>",
						"<android.view.SurfaceView: void reportSurfaceDestroyed()>",
						"<android.view.SurfaceView: void onDetachedFromWindow()>",
						"<android.view.View: android.view.ViewTreeObserver getViewTreeObserver()>",
						"<android.view.ViewTreeObserver: void <init>()>",
						"key field: <android.view.ViewTreeObserver: boolean mAlive>",
						"<android.view.ViewTreeObserver: void checkIsAlive()>"
					],
					"depth":8,
					"method":"<java.lang.Runnable: void run()>",
					"source":"FIELDCALLER"
				},
				{
					"trace":[
						"<android.view.View: android.graphics.Bitmap getDrawingCache(boolean)>",
						"<android.view.View: void buildDrawingCache(boolean)>",
						"<android.view.SurfaceView: void dispatchDraw(android.graphics.Canvas)>",
						"<android.view.SurfaceView: void updateWindow(boolean)>",
						"<android.view.SurfaceView: void reportSurfaceDestroyed()>",
						"<android.view.SurfaceView: void onDetachedFromWindow()>",
						"<android.view.View: android.view.ViewTreeObserver getViewTreeObserver()>",
						"<android.view.ViewTreeObserver: void <init>()>",
						"key field: <android.view.ViewTreeObserver: boolean mAlive>",
						"<android.view.ViewTreeObserver: void checkIsAlive()>"
					],
					"depth":8,
					"method":"<android.view.View: android.graphics.Bitmap getDrawingCache(boolean)>",
					"source":"FIELDCALLER"
				},
				{
					"trace":[
						"<android.view.View: void buildDrawingCache()>",
						"<android.view.View: void buildDrawingCache(boolean)>",
						"<android.view.SurfaceView: void dispatchDraw(android.graphics.Canvas)>",
						"<android.view.SurfaceView: void updateWindow(boolean)>",
						"<android.view.SurfaceView: void reportSurfaceDestroyed()>",
						"<android.view.SurfaceView: void onDetachedFromWindow()>",
						"<android.view.View: android.view.ViewTreeObserver getViewTreeObserver()>",
						"<android.view.ViewTreeObserver: void <init>()>",
						"key field: <android.view.ViewTreeObserver: boolean mAlive>",
						"<android.view.ViewTreeObserver: void checkIsAlive()>"
					],
					"depth":8,
					"method":"<android.view.View: void buildDrawingCache()>",
					"source":"FIELDCALLER"
				},
				{
					"trace":[
						"<android.widget.FrameLayout: void draw(android.graphics.Canvas)>",
						"<android.view.View: void draw(android.graphics.Canvas)>",
						"<android.view.SurfaceView: void dispatchDraw(android.graphics.Canvas)>",
						"<android.view.SurfaceView: void updateWindow(boolean)>",
						"<android.view.SurfaceView: void reportSurfaceDestroyed()>",
						"<android.view.SurfaceView: void onDetachedFromWindow()>",
						"<android.view.View: android.view.ViewTreeObserver getViewTreeObserver()>",
						"<android.view.ViewTreeObserver: void <init>()>",
						"key field: <android.view.ViewTreeObserver: boolean mAlive>",
						"<android.view.ViewTreeObserver: void checkIsAlive()>"
					],
					"depth":8,
					"method":"<android.widget.FrameLayout: void draw(android.graphics.Canvas)>",
					"source":"FIELDCALLER"
				},
				{
					"trace":[
						"<android.view.SurfaceView: void draw(android.graphics.Canvas)>",
						"<android.view.View: void draw(android.graphics.Canvas)>",
						"<android.view.SurfaceView: void dispatchDraw(android.graphics.Canvas)>",
						"<android.view.SurfaceView: void updateWindow(boolean)>",
						"<android.view.SurfaceView: void reportSurfaceDestroyed()>",
						"<android.view.SurfaceView: void onDetachedFromWindow()>",
						"<android.view.View: android.view.ViewTreeObserver getViewTreeObserver()>",
						"<android.view.ViewTreeObserver: void <init>()>",
						"key field: <android.view.ViewTreeObserver: boolean mAlive>",
						"<android.view.ViewTreeObserver: void checkIsAlive()>"
					],
					"depth":8,
					"method":"<android.view.SurfaceView: void draw(android.graphics.Canvas)>",
					"source":"FIELDCALLER"
				},
				{
					"trace":[
						"<android.widget.AbsListView: void draw(android.graphics.Canvas)>",
						"<android.view.View: void draw(android.graphics.Canvas)>",
						"<android.view.SurfaceView: void dispatchDraw(android.graphics.Canvas)>",
						"<android.view.SurfaceView: void updateWindow(boolean)>",
						"<android.view.SurfaceView: void reportSurfaceDestroyed()>",
						"<android.view.SurfaceView: void onDetachedFromWindow()>",
						"<android.view.View: android.view.ViewTreeObserver getViewTreeObserver()>",
						"<android.view.ViewTreeObserver: void <init>()>",
						"key field: <android.view.ViewTreeObserver: boolean mAlive>",
						"<android.view.ViewTreeObserver: void checkIsAlive()>"
					],
					"depth":8,
					"method":"<android.widget.AbsListView: void draw(android.graphics.Canvas)>",
					"source":"FIELDCALLER"
				},
				{
					"trace":[
						"<android.view.ViewDebug$4: void run(java.lang.Object[])>",
						"<android.view.View: void draw(android.graphics.Canvas)>",
						"<android.view.SurfaceView: void dispatchDraw(android.graphics.Canvas)>",
						"<android.view.SurfaceView: void updateWindow(boolean)>",
						"<android.view.SurfaceView: void reportSurfaceDestroyed()>",
						"<android.view.SurfaceView: void onDetachedFromWindow()>",
						"<android.view.View: android.view.ViewTreeObserver getViewTreeObserver()>",
						"<android.view.ViewTreeObserver: void <init>()>",
						"key field: <android.view.ViewTreeObserver: boolean mAlive>",
						"<android.view.ViewTreeObserver: void checkIsAlive()>"
					],
					"depth":8,
					"method":"<android.view.ViewDebug$4: void run(java.lang.Object[])>",
					"source":"FIELDCALLER"
				},
				{
					"trace":[
						"<android.view.ViewDebug$ViewOperation: void run(java.lang.Object[])>",
						"<android.view.View: void draw(android.graphics.Canvas)>",
						"<android.view.SurfaceView: void dispatchDraw(android.graphics.Canvas)>",
						"<android.view.SurfaceView: void updateWindow(boolean)>",
						"<android.view.SurfaceView: void reportSurfaceDestroyed()>",
						"<android.view.SurfaceView: void onDetachedFromWindow()>",
						"<android.view.View: android.view.ViewTreeObserver getViewTreeObserver()>",
						"<android.view.ViewTreeObserver: void <init>()>",
						"key field: <android.view.ViewTreeObserver: boolean mAlive>",
						"<android.view.ViewTreeObserver: void checkIsAlive()>"
					],
					"depth":8,
					"method":"<android.view.ViewDebug$ViewOperation: void run(java.lang.Object[])>",
					"source":"FIELDCALLER"
				},
				{
					"trace":[
						"<android.view.ViewGroup: void dispatchWindowVisibilityChanged(int)>",
						"<android.view.View: void dispatchWindowVisibilityChanged(int)>",
						"<android.view.SurfaceView: void onWindowVisibilityChanged(int)>",
						"<android.view.SurfaceView: void updateWindow(boolean)>",
						"<android.view.SurfaceView: void reportSurfaceDestroyed()>",
						"<android.view.SurfaceView: void onDetachedFromWindow()>",
						"<android.view.View: android.view.ViewTreeObserver getViewTreeObserver()>",
						"<android.view.ViewTreeObserver: void <init>()>",
						"key field: <android.view.ViewTreeObserver: boolean mAlive>",
						"<android.view.ViewTreeObserver: void checkIsAlive()>"
					],
					"depth":8,
					"method":"<android.view.ViewGroup: void dispatchWindowVisibilityChanged(int)>",
					"source":"FIELDCALLER"
				}
			],
			"callerOfSingnlar2SourceVar":{}
		}
	]
}