{
	"exceptions":[
		{
			"method":"<android.opengl.Object3D: void verifyByte(java.io.DataInputStream,int)>",
			"message":"\\QBad byte: \\E[\\s\\S]*\\Q (expected \\E[\\s\\S]*\\Q)\\E",
			"relatedVarType":"Parameter",
			"relatedCondType":"Basic",
			"modifier":"private",
			"type":"java.lang.RuntimeException",
			"osVersionRelated":false,
			"resourceRelated":false,
			"assessRelated":false,
			"hardwareRelated":true,
			"manifestRelated":false,
			"conditions":"i1 == i2",
			"paramValues":"@parameter0: java.io.DataInputStream, @parameter1: int",
			"relatedValues":"@parameter0: java.io.DataInputStream, @parameter1: int; ; ",
			"keyAPISameClassNum":0,
			"keyAPIDiffClassNum":0,
			"keyAPISameClass":[
				{
					"trace":[
						"<android.opengl.Object3D: void verifyByte(java.io.DataInputStream,int)>"
					],
					"depth":0,
					"method":"<android.opengl.Object3D: void verifyByte(java.io.DataInputStream,int)>",
					"source":"CALLER"
				},
				{
					"trace":[
						"<android.opengl.Object3D: void load(java.lang.String)>",
						"<android.opengl.Object3D: void verifyByte(java.io.DataInputStream,int)>"
					],
					"depth":1,
					"method":"<android.opengl.Object3D: void load(java.lang.String)>",
					"source":"CALLER"
				}
			],
			"keyAPIDiffClass":[],
			"callerOfSingnlar2SourceVar":{
				"<android.opengl.Object3D: void verifyByte(java.io.DataInputStream,int)>":"0, 1"
			}
		}
	]
}