{
	"exceptions":[
		{
			"method":"<android.view.MotionEvent: void recycle()>",
			"message":"[\\s\\S]*\\Q recycled twice!\\E",
			"relatedVarType":"Field",
			"relatedCondType":"Basic",
			"modifier":"public",
			"type":"java.lang.RuntimeException",
			"osVersionRelated":false,
			"resourceRelated":false,
			"assessRelated":false,
			"hardwareRelated":false,
			"manifestRelated":false,
			"conditions":"$z0 == 0",
			"fieldValues":"<android.view.MotionEvent: boolean mRecycled>",
			"relatedValues":"; <android.view.MotionEvent: boolean mRecycled>; ",
			"keyAPISameClassNum":6,
			"keyAPIDiffClassNum":60,
			"keyAPISameClass":[
				{
					"trace":[
						"<android.view.MotionEvent: android.view.MotionEvent obtain(android.view.MotionEvent)>",
						"<android.view.MotionEvent: android.view.MotionEvent obtain()>",
						"key field: <android.view.MotionEvent: boolean mRecycled>",
						"<android.view.MotionEvent: void recycle()>"
					],
					"depth":2,
					"method":"<android.view.MotionEvent: android.view.MotionEvent obtain(android.view.MotionEvent)>",
					"source":"FIELDCALLER"
				},
				{
					"trace":[
						"<android.view.MotionEvent: android.view.MotionEvent obtainNoHistory(android.view.MotionEvent)>",
						"<android.view.MotionEvent: android.view.MotionEvent obtain()>",
						"key field: <android.view.MotionEvent: boolean mRecycled>",
						"<android.view.MotionEvent: void recycle()>"
					],
					"depth":2,
					"method":"<android.view.MotionEvent: android.view.MotionEvent obtainNoHistory(android.view.MotionEvent)>",
					"source":"FIELDCALLER"
				},
				{
					"trace":[
						"<android.view.MotionEvent: android.view.MotionEvent obtainNano(long,long,long,int,int,int[],float[],int,float,float,int,int)>",
						"<android.view.MotionEvent: android.view.MotionEvent obtain()>",
						"key field: <android.view.MotionEvent: boolean mRecycled>",
						"<android.view.MotionEvent: void recycle()>"
					],
					"depth":2,
					"method":"<android.view.MotionEvent: android.view.MotionEvent obtainNano(long,long,long,int,int,int[],float[],int,float,float,int,int)>",
					"source":"FIELDCALLER"
				},
				{
					"trace":[
						"<android.view.MotionEvent: android.view.MotionEvent obtain(long,long,int,int,float,float,float,float,int,float,float,int,int)>",
						"<android.view.MotionEvent: android.view.MotionEvent obtain()>",
						"key field: <android.view.MotionEvent: boolean mRecycled>",
						"<android.view.MotionEvent: void recycle()>"
					],
					"depth":2,
					"method":"<android.view.MotionEvent: android.view.MotionEvent obtain(long,long,int,int,float,float,float,float,int,float,float,int,int)>",
					"source":"FIELDCALLER"
				},
				{
					"trace":[
						"<android.view.MotionEvent: android.view.MotionEvent obtain(long,long,int,float,float,float,float,int,float,float,int,int)>",
						"<android.view.MotionEvent: android.view.MotionEvent obtain()>",
						"key field: <android.view.MotionEvent: boolean mRecycled>",
						"<android.view.MotionEvent: void recycle()>"
					],
					"depth":2,
					"method":"<android.view.MotionEvent: android.view.MotionEvent obtain(long,long,int,float,float,float,float,int,float,float,int,int)>",
					"source":"FIELDCALLER"
				},
				{
					"trace":[
						"<android.view.MotionEvent: android.view.MotionEvent obtain(long,long,int,float,float,int)>",
						"<android.view.MotionEvent: android.view.MotionEvent obtain()>",
						"key field: <android.view.MotionEvent: boolean mRecycled>",
						"<android.view.MotionEvent: void recycle()>"
					],
					"depth":2,
					"method":"<android.view.MotionEvent: android.view.MotionEvent obtain(long,long,int,float,float,int)>",
					"source":"FIELDCALLER"
				}
			],
			"keyAPIDiffClass":[
				{
					"trace":[
						"<android.view.MotionEvent$1: android.view.MotionEvent createFromParcel(android.os.Parcel)>",
						"<android.view.MotionEvent: android.view.MotionEvent access$000()>",
						"<android.view.MotionEvent: android.view.MotionEvent obtain()>",
						"key field: <android.view.MotionEvent: boolean mRecycled>",
						"<android.view.MotionEvent: void recycle()>"
					],
					"depth":3,
					"method":"<android.view.MotionEvent$1: android.view.MotionEvent createFromParcel(android.os.Parcel)>",
					"source":"FIELDCALLER"
				},
				{
					"trace":[
						"<android.os.Parcelable$Creator: java.lang.Object createFromParcel(android.os.Parcel)>",
						"<android.view.MotionEvent: android.view.MotionEvent access$000()>",
						"<android.view.MotionEvent: android.view.MotionEvent obtain()>",
						"key field: <android.view.MotionEvent: boolean mRecycled>",
						"<android.view.MotionEvent: void recycle()>"
					],
					"depth":3,
					"method":"<android.os.Parcelable$Creator: java.lang.Object createFromParcel(android.os.Parcel)>",
					"source":"FIELDCALLER"
				},
				{
					"trace":[
						"<android.view.ScaleGestureDetector: boolean onTouchEvent(android.view.MotionEvent)>",
						"<android.view.ScaleGestureDetector: void setContext(android.view.MotionEvent)>",
						"<android.view.MotionEvent: android.view.MotionEvent obtain(android.view.MotionEvent)>",
						"<android.view.MotionEvent: android.view.MotionEvent obtain()>",
						"key field: <android.view.MotionEvent: boolean mRecycled>",
						"<android.view.MotionEvent: void recycle()>"
					],
					"depth":4,
					"method":"<android.view.ScaleGestureDetector: boolean onTouchEvent(android.view.MotionEvent)>",
					"source":"FIELDCALLER"
				},
				{
					"trace":[
						"<android.widget.Gallery: boolean onTouchEvent(android.view.MotionEvent)>",
						"<android.view.GestureDetector: boolean onTouchEvent(android.view.MotionEvent)>",
						"<android.view.MotionEvent: android.view.MotionEvent obtain(android.view.MotionEvent)>",
						"<android.view.MotionEvent: android.view.MotionEvent obtain()>",
						"key field: <android.view.MotionEvent: boolean mRecycled>",
						"<android.view.MotionEvent: void recycle()>"
					],
					"depth":4,
					"method":"<android.widget.Gallery: boolean onTouchEvent(android.view.MotionEvent)>",
					"source":"FIELDCALLER"
				},
				{
					"trace":[
						"<android.view.MotionEvent$1: java.lang.Object createFromParcel(android.os.Parcel)>",
						"<android.view.MotionEvent$1: android.view.MotionEvent createFromParcel(android.os.Parcel)>",
						"<android.view.MotionEvent: android.view.MotionEvent access$000()>",
						"<android.view.MotionEvent: android.view.MotionEvent obtain()>",
						"key field: <android.view.MotionEvent: boolean mRecycled>",
						"<android.view.MotionEvent: void recycle()>"
					],
					"depth":4,
					"method":"<android.view.MotionEvent$1: java.lang.Object createFromParcel(android.os.Parcel)>",
					"source":"FIELDCALLER"
				},
				{
					"trace":[
						"<android.webkit.WebView: boolean onTouchEvent(android.view.MotionEvent)>",
						"<android.view.ScaleGestureDetector: boolean onTouchEvent(android.view.MotionEvent)>",
						"<android.view.ScaleGestureDetector: void setContext(android.view.MotionEvent)>",
						"<android.view.MotionEvent: android.view.MotionEvent obtain(android.view.MotionEvent)>",
						"<android.view.MotionEvent: android.view.MotionEvent obtain()>",
						"key field: <android.view.MotionEvent: boolean mRecycled>",
						"<android.view.MotionEvent: void recycle()>"
					],
					"depth":5,
					"method":"<android.webkit.WebView: boolean onTouchEvent(android.view.MotionEvent)>",
					"source":"FIELDCALLER"
				},
				{
					"trace":[
						"<android.view.IWindowSession$Stub$Proxy: android.view.MotionEvent getPendingPointerMove(android.view.IWindow)>",
						"<android.view.MotionEvent$1: java.lang.Object createFromParcel(android.os.Parcel)>",
						"<android.view.MotionEvent$1: android.view.MotionEvent createFromParcel(android.os.Parcel)>",
						"<android.view.MotionEvent: android.view.MotionEvent access$000()>",
						"<android.view.MotionEvent: android.view.MotionEvent obtain()>",
						"key field: <android.view.MotionEvent: boolean mRecycled>",
						"<android.view.MotionEvent: void recycle()>"
					],
					"depth":5,
					"method":"<android.view.IWindowSession$Stub$Proxy: android.view.MotionEvent getPendingPointerMove(android.view.IWindow)>",
					"source":"FIELDCALLER"
				},
				{
					"trace":[
						"<android.view.IWindowSession: android.view.MotionEvent getPendingPointerMove(android.view.IWindow)>",
						"<android.view.MotionEvent$1: java.lang.Object createFromParcel(android.os.Parcel)>",
						"<android.view.MotionEvent$1: android.view.MotionEvent createFromParcel(android.os.Parcel)>",
						"<android.view.MotionEvent: android.view.MotionEvent access$000()>",
						"<android.view.MotionEvent: android.view.MotionEvent obtain()>",
						"key field: <android.view.MotionEvent: boolean mRecycled>",
						"<android.view.MotionEvent: void recycle()>"
					],
					"depth":5,
					"method":"<android.view.IWindowSession: android.view.MotionEvent getPendingPointerMove(android.view.IWindow)>",
					"source":"FIELDCALLER"
				},
				{
					"trace":[
						"<android.view.accessibility.AccessibilityEvent: void initFromParcel(android.os.Parcel)>",
						"<android.view.MotionEvent$1: java.lang.Object createFromParcel(android.os.Parcel)>",
						"<android.view.MotionEvent$1: android.view.MotionEvent createFromParcel(android.os.Parcel)>",
						"<android.view.MotionEvent: android.view.MotionEvent access$000()>",
						"<android.view.MotionEvent: android.view.MotionEvent obtain()>",
						"key field: <android.view.MotionEvent: boolean mRecycled>",
						"<android.view.MotionEvent: void recycle()>"
					],
					"depth":5,
					"method":"<android.view.accessibility.AccessibilityEvent: void initFromParcel(android.os.Parcel)>",
					"source":"FIELDCALLER"
				},
				{
					"trace":[
						"<android.view.View: boolean dispatchTouchEvent(android.view.MotionEvent)>",
						"<android.webkit.WebView: boolean onTouchEvent(android.view.MotionEvent)>",
						"<android.view.ScaleGestureDetector: boolean onTouchEvent(android.view.MotionEvent)>",
						"<android.view.ScaleGestureDetector: void setContext(android.view.MotionEvent)>",
						"<android.view.MotionEvent: android.view.MotionEvent obtain(android.view.MotionEvent)>",
						"<android.view.MotionEvent: android.view.MotionEvent obtain()>",
						"key field: <android.view.MotionEvent: boolean mRecycled>",
						"<android.view.MotionEvent: void recycle()>"
					],
					"depth":6,
					"method":"<android.view.View: boolean dispatchTouchEvent(android.view.MotionEvent)>",
					"source":"FIELDCALLER"
				},
				{
					"trace":[
						"<android.webkit.WebTextView: boolean onTouchEvent(android.view.MotionEvent)>",
						"<android.webkit.WebView: boolean onTouchEvent(android.view.MotionEvent)>",
						"<android.view.ScaleGestureDetector: boolean onTouchEvent(android.view.MotionEvent)>",
						"<android.view.ScaleGestureDetector: void setContext(android.view.MotionEvent)>",
						"<android.view.MotionEvent: android.view.MotionEvent obtain(android.view.MotionEvent)>",
						"<android.view.MotionEvent: android.view.MotionEvent obtain()>",
						"key field: <android.view.MotionEvent: boolean mRecycled>",
						"<android.view.MotionEvent: void recycle()>"
					],
					"depth":6,
					"method":"<android.webkit.WebTextView: boolean onTouchEvent(android.view.MotionEvent)>",
					"source":"FIELDCALLER"
				},
				{
					"trace":[
						"<android.view.ViewRoot$EventCompletion: void handleMessage(android.os.Message)>",
						"<android.view.IWindowSession$Stub$Proxy: android.view.MotionEvent getPendingPointerMove(android.view.IWindow)>",
						"<android.view.MotionEvent$1: java.lang.Object createFromParcel(android.os.Parcel)>",
						"<android.view.MotionEvent$1: android.view.MotionEvent createFromParcel(android.os.Parcel)>",
						"<android.view.MotionEvent: android.view.MotionEvent access$000()>",
						"<android.view.MotionEvent: android.view.MotionEvent obtain()>",
						"key field: <android.view.MotionEvent: boolean mRecycled>",
						"<android.view.MotionEvent: void recycle()>"
					],
					"depth":6,
					"method":"<android.view.ViewRoot$EventCompletion: void handleMessage(android.os.Message)>",
					"source":"FIELDCALLER"
				},
				{
					"trace":[
						"<android.view.accessibility.AccessibilityEvent$1: android.view.accessibility.AccessibilityEvent createFromParcel(android.os.Parcel)>",
						"<android.view.accessibility.AccessibilityEvent: void initFromParcel(android.os.Parcel)>",
						"<android.view.MotionEvent$1: java.lang.Object createFromParcel(android.os.Parcel)>",
						"<android.view.MotionEvent$1: android.view.MotionEvent createFromParcel(android.os.Parcel)>",
						"<android.view.MotionEvent: android.view.MotionEvent access$000()>",
						"<android.view.MotionEvent: android.view.MotionEvent obtain()>",
						"key field: <android.view.MotionEvent: boolean mRecycled>",
						"<android.view.MotionEvent: void recycle()>"
					],
					"depth":6,
					"method":"<android.view.accessibility.AccessibilityEvent$1: android.view.accessibility.AccessibilityEvent createFromParcel(android.os.Parcel)>",
					"source":"FIELDCALLER"
				},
				{
					"trace":[
						"<android.view.WindowManager$LayoutParams$1: android.view.WindowManager$LayoutParams createFromParcel(android.os.Parcel)>",
						"<android.view.WindowManager$LayoutParams: void <init>(android.os.Parcel)>",
						"<android.view.MotionEvent$1: java.lang.Object createFromParcel(android.os.Parcel)>",
						"<android.view.MotionEvent$1: android.view.MotionEvent createFromParcel(android.os.Parcel)>",
						"<android.view.MotionEvent: android.view.MotionEvent access$000()>",
						"<android.view.MotionEvent: android.view.MotionEvent obtain()>",
						"key field: <android.view.MotionEvent: boolean mRecycled>",
						"<android.view.MotionEvent: void recycle()>"
					],
					"depth":6,
					"method":"<android.view.WindowManager$LayoutParams$1: android.view.WindowManager$LayoutParams createFromParcel(android.os.Parcel)>",
					"source":"FIELDCALLER"
				},
				{
					"trace":[
						"<android.view.inputmethod.InputMethodInfo$1: android.view.inputmethod.InputMethodInfo createFromParcel(android.os.Parcel)>",
						"<android.view.inputmethod.InputMethodInfo: void <init>(android.os.Parcel)>",
						"<android.view.MotionEvent$1: java.lang.Object createFromParcel(android.os.Parcel)>",
						"<android.view.MotionEvent$1: android.view.MotionEvent createFromParcel(android.os.Parcel)>",
						"<android.view.MotionEvent: android.view.MotionEvent access$000()>",
						"<android.view.MotionEvent: android.view.MotionEvent obtain()>",
						"key field: <android.view.MotionEvent: boolean mRecycled>",
						"<android.view.MotionEvent: void recycle()>"
					],
					"depth":6,
					"method":"<android.view.inputmethod.InputMethodInfo$1: android.view.inputmethod.InputMethodInfo createFromParcel(android.os.Parcel)>",
					"source":"FIELDCALLER"
				},
				{
					"trace":[
						"<android.view.inputmethod.CompletionInfo$1: android.view.inputmethod.CompletionInfo createFromParcel(android.os.Parcel)>",
						"<android.view.inputmethod.CompletionInfo: void <init>(android.os.Parcel)>",
						"<android.view.MotionEvent$1: java.lang.Object createFromParcel(android.os.Parcel)>",
						"<android.view.MotionEvent$1: android.view.MotionEvent createFromParcel(android.os.Parcel)>",
						"<android.view.MotionEvent: android.view.MotionEvent access$000()>",
						"<android.view.MotionEvent: android.view.MotionEvent obtain()>",
						"key field: <android.view.MotionEvent: boolean mRecycled>",
						"<android.view.MotionEvent: void recycle()>"
					],
					"depth":6,
					"method":"<android.view.inputmethod.CompletionInfo$1: android.view.inputmethod.CompletionInfo createFromParcel(android.os.Parcel)>",
					"source":"FIELDCALLER"
				},
				{
					"trace":[
						"<android.content.PeriodicSync$1: java.lang.Object createFromParcel(android.os.Parcel)>",
						"<android.content.PeriodicSync$1: android.content.PeriodicSync createFromParcel(android.os.Parcel)>",
						"<android.view.MotionEvent$1: java.lang.Object createFromParcel(android.os.Parcel)>",
						"<android.view.MotionEvent$1: android.view.MotionEvent createFromParcel(android.os.Parcel)>",
						"<android.view.MotionEvent: android.view.MotionEvent access$000()>",
						"<android.view.MotionEvent: android.view.MotionEvent obtain()>",
						"key field: <android.view.MotionEvent: boolean mRecycled>",
						"<android.view.MotionEvent: void recycle()>"
					],
					"depth":6,
					"method":"<android.content.PeriodicSync$1: java.lang.Object createFromParcel(android.os.Parcel)>",
					"source":"FIELDCALLER"
				},
				{
					"trace":[
						"<android.view.ViewRoot: void handleMessage(android.os.Message)>",
						"<android.view.View: boolean dispatchTouchEvent(android.view.MotionEvent)>",
						"<android.webkit.WebView: boolean onTouchEvent(android.view.MotionEvent)>",
						"<android.view.ScaleGestureDetector: boolean onTouchEvent(android.view.MotionEvent)>",
						"<android.view.ScaleGestureDetector: void setContext(android.view.MotionEvent)>",
						"<android.view.MotionEvent: android.view.MotionEvent obtain(android.view.MotionEvent)>",
						"<android.view.MotionEvent: android.view.MotionEvent obtain()>",
						"key field: <android.view.MotionEvent: boolean mRecycled>",
						"<android.view.MotionEvent: void recycle()>"
					],
					"depth":7,
					"method":"<android.view.ViewRoot: void handleMessage(android.os.Message)>",
					"source":"FIELDCALLER"
				},
				{
					"trace":[
						"<android.view.TouchDelegate: boolean onTouchEvent(android.view.MotionEvent)>",
						"<android.view.View: boolean dispatchTouchEvent(android.view.MotionEvent)>",
						"<android.webkit.WebView: boolean onTouchEvent(android.view.MotionEvent)>",
						"<android.view.ScaleGestureDetector: boolean onTouchEvent(android.view.MotionEvent)>",
						"<android.view.ScaleGestureDetector: void setContext(android.view.MotionEvent)>",
						"<android.view.MotionEvent: android.view.MotionEvent obtain(android.view.MotionEvent)>",
						"<android.view.MotionEvent: android.view.MotionEvent obtain()>",
						"key field: <android.view.MotionEvent: boolean mRecycled>",
						"<android.view.MotionEvent: void recycle()>"
					],
					"depth":7,
					"method":"<android.view.TouchDelegate: boolean onTouchEvent(android.view.MotionEvent)>",
					"source":"FIELDCALLER"
				},
				{
					"trace":[
						"<com.android.internal.widget.LinearLayoutWithDefaultTouchRecepient: boolean dispatchTouchEvent(android.view.MotionEvent)>",
						"<android.view.View: boolean dispatchTouchEvent(android.view.MotionEvent)>",
						"<android.webkit.WebView: boolean onTouchEvent(android.view.MotionEvent)>",
						"<android.view.ScaleGestureDetector: boolean onTouchEvent(android.view.MotionEvent)>",
						"<android.view.ScaleGestureDetector: void setContext(android.view.MotionEvent)>",
						"<android.view.MotionEvent: android.view.MotionEvent obtain(android.view.MotionEvent)>",
						"<android.view.MotionEvent: android.view.MotionEvent obtain()>",
						"key field: <android.view.MotionEvent: boolean mRecycled>",
						"<android.view.MotionEvent: void recycle()>"
					],
					"depth":7,
					"method":"<com.android.internal.widget.LinearLayoutWithDefaultTouchRecepient: boolean dispatchTouchEvent(android.view.MotionEvent)>",
					"source":"FIELDCALLER"
				},
				{
					"trace":[
						"<android.view.accessibility.AccessibilityEvent$1: java.lang.Object createFromParcel(android.os.Parcel)>",
						"<android.view.accessibility.AccessibilityEvent$1: android.view.accessibility.AccessibilityEvent createFromParcel(android.os.Parcel)>",
						"<android.view.accessibility.AccessibilityEvent: void initFromParcel(android.os.Parcel)>",
						"<android.view.MotionEvent$1: java.lang.Object createFromParcel(android.os.Parcel)>",
						"<android.view.MotionEvent$1: android.view.MotionEvent createFromParcel(android.os.Parcel)>",
						"<android.view.MotionEvent: android.view.MotionEvent access$000()>",
						"<android.view.MotionEvent: android.view.MotionEvent obtain()>",
						"key field: <android.view.MotionEvent: boolean mRecycled>",
						"<android.view.MotionEvent: void recycle()>"
					],
					"depth":7,
					"method":"<android.view.accessibility.AccessibilityEvent$1: java.lang.Object createFromParcel(android.os.Parcel)>",
					"source":"FIELDCALLER"
				},
				{
					"trace":[
						"<android.view.WindowManager$LayoutParams$1: java.lang.Object createFromParcel(android.os.Parcel)>",
						"<android.view.WindowManager$LayoutParams$1: android.view.WindowManager$LayoutParams createFromParcel(android.os.Parcel)>",
						"<android.view.WindowManager$LayoutParams: void <init>(android.os.Parcel)>",
						"<android.view.MotionEvent$1: java.lang.Object createFromParcel(android.os.Parcel)>",
						"<android.view.MotionEvent$1: android.view.MotionEvent createFromParcel(android.os.Parcel)>",
						"<android.view.MotionEvent: android.view.MotionEvent access$000()>",
						"<android.view.MotionEvent: android.view.MotionEvent obtain()>",
						"key field: <android.view.MotionEvent: boolean mRecycled>",
						"<android.view.MotionEvent: void recycle()>"
					],
					"depth":7,
					"method":"<android.view.WindowManager$LayoutParams$1: java.lang.Object createFromParcel(android.os.Parcel)>",
					"source":"FIELDCALLER"
				},
				{
					"trace":[
						"<android.view.inputmethod.InputMethodInfo$1: java.lang.Object createFromParcel(android.os.Parcel)>",
						"<android.view.inputmethod.InputMethodInfo$1: android.view.inputmethod.InputMethodInfo createFromParcel(android.os.Parcel)>",
						"<android.view.inputmethod.InputMethodInfo: void <init>(android.os.Parcel)>",
						"<android.view.MotionEvent$1: java.lang.Object createFromParcel(android.os.Parcel)>",
						"<android.view.MotionEvent$1: android.view.MotionEvent createFromParcel(android.os.Parcel)>",
						"<android.view.MotionEvent: android.view.MotionEvent access$000()>",
						"<android.view.MotionEvent: android.view.MotionEvent obtain()>",
						"key field: <android.view.MotionEvent: boolean mRecycled>",
						"<android.view.MotionEvent: void recycle()>"
					],
					"depth":7,
					"method":"<android.view.inputmethod.InputMethodInfo$1: java.lang.Object createFromParcel(android.os.Parcel)>",
					"source":"FIELDCALLER"
				},
				{
					"trace":[
						"<android.view.inputmethod.CompletionInfo$1: java.lang.Object createFromParcel(android.os.Parcel)>",
						"<android.view.inputmethod.CompletionInfo$1: android.view.inputmethod.CompletionInfo createFromParcel(android.os.Parcel)>",
						"<android.view.inputmethod.CompletionInfo: void <init>(android.os.Parcel)>",
						"<android.view.MotionEvent$1: java.lang.Object createFromParcel(android.os.Parcel)>",
						"<android.view.MotionEvent$1: android.view.MotionEvent createFromParcel(android.os.Parcel)>",
						"<android.view.MotionEvent: android.view.MotionEvent access$000()>",
						"<android.view.MotionEvent: android.view.MotionEvent obtain()>",
						"key field: <android.view.MotionEvent: boolean mRecycled>",
						"<android.view.MotionEvent: void recycle()>"
					],
					"depth":7,
					"method":"<android.view.inputmethod.CompletionInfo$1: java.lang.Object createFromParcel(android.os.Parcel)>",
					"source":"FIELDCALLER"
				},
				{
					"trace":[
						"<android.view.ViewRoot: void dispatchTrackball(android.view.MotionEvent,long,boolean)>",
						"<android.view.ViewRoot: void handleMessage(android.os.Message)>",
						"<android.view.View: boolean dispatchTouchEvent(android.view.MotionEvent)>",
						"<android.webkit.WebView: boolean onTouchEvent(android.view.MotionEvent)>",
						"<android.view.ScaleGestureDetector: boolean onTouchEvent(android.view.MotionEvent)>",
						"<android.view.ScaleGestureDetector: void setContext(android.view.MotionEvent)>",
						"<android.view.MotionEvent: android.view.MotionEvent obtain(android.view.MotionEvent)>",
						"<android.view.MotionEvent: android.view.MotionEvent obtain()>",
						"key field: <android.view.MotionEvent: boolean mRecycled>",
						"<android.view.MotionEvent: void recycle()>"
					],
					"depth":8,
					"method":"<android.view.ViewRoot: void dispatchTrackball(android.view.MotionEvent,long,boolean)>",
					"source":"FIELDCALLER"
				},
				{
					"trace":[
						"<android.view.ViewRoot: void dispatchPointer(android.view.MotionEvent,long,boolean)>",
						"<android.view.ViewRoot: void handleMessage(android.os.Message)>",
						"<android.view.View: boolean dispatchTouchEvent(android.view.MotionEvent)>",
						"<android.webkit.WebView: boolean onTouchEvent(android.view.MotionEvent)>",
						"<android.view.ScaleGestureDetector: boolean onTouchEvent(android.view.MotionEvent)>",
						"<android.view.ScaleGestureDetector: void setContext(android.view.MotionEvent)>",
						"<android.view.MotionEvent: android.view.MotionEvent obtain(android.view.MotionEvent)>",
						"<android.view.MotionEvent: android.view.MotionEvent obtain()>",
						"key field: <android.view.MotionEvent: boolean mRecycled>",
						"<android.view.MotionEvent: void recycle()>"
					],
					"depth":8,
					"method":"<android.view.ViewRoot: void dispatchPointer(android.view.MotionEvent,long,boolean)>",
					"source":"FIELDCALLER"
				},
				{
					"trace":[
						"<android.view.SurfaceView$MyWindow: void resized(int,int,android.graphics.Rect,android.graphics.Rect,boolean,android.content.res.Configuration)>",
						"<android.view.ViewRoot: void handleMessage(android.os.Message)>",
						"<android.view.View: boolean dispatchTouchEvent(android.view.MotionEvent)>",
						"<android.webkit.WebView: boolean onTouchEvent(android.view.MotionEvent)>",
						"<android.view.ScaleGestureDetector: boolean onTouchEvent(android.view.MotionEvent)>",
						"<android.view.ScaleGestureDetector: void setContext(android.view.MotionEvent)>",
						"<android.view.MotionEvent: android.view.MotionEvent obtain(android.view.MotionEvent)>",
						"<android.view.MotionEvent: android.view.MotionEvent obtain()>",
						"key field: <android.view.MotionEvent: boolean mRecycled>",
						"<android.view.MotionEvent: void recycle()>"
					],
					"depth":8,
					"method":"<android.view.SurfaceView$MyWindow: void resized(int,int,android.graphics.Rect,android.graphics.Rect,boolean,android.content.res.Configuration)>",
					"source":"FIELDCALLER"
				},
				{
					"trace":[
						"<android.view.ViewRoot: void dispatchKey(android.view.KeyEvent)>",
						"<android.view.ViewRoot: void handleMessage(android.os.Message)>",
						"<android.view.View: boolean dispatchTouchEvent(android.view.MotionEvent)>",
						"<android.webkit.WebView: boolean onTouchEvent(android.view.MotionEvent)>",
						"<android.view.ScaleGestureDetector: boolean onTouchEvent(android.view.MotionEvent)>",
						"<android.view.ScaleGestureDetector: void setContext(android.view.MotionEvent)>",
						"<android.view.MotionEvent: android.view.MotionEvent obtain(android.view.MotionEvent)>",
						"<android.view.MotionEvent: android.view.MotionEvent obtain()>",
						"key field: <android.view.MotionEvent: boolean mRecycled>",
						"<android.view.MotionEvent: void recycle()>"
					],
					"depth":8,
					"method":"<android.view.ViewRoot: void dispatchKey(android.view.KeyEvent)>",
					"source":"FIELDCALLER"
				},
				{
					"trace":[
						"<android.view.ViewRoot: void die(boolean)>",
						"<android.view.ViewRoot: void handleMessage(android.os.Message)>",
						"<android.view.View: boolean dispatchTouchEvent(android.view.MotionEvent)>",
						"<android.webkit.WebView: boolean onTouchEvent(android.view.MotionEvent)>",
						"<android.view.ScaleGestureDetector: boolean onTouchEvent(android.view.MotionEvent)>",
						"<android.view.ScaleGestureDetector: void setContext(android.view.MotionEvent)>",
						"<android.view.MotionEvent: android.view.MotionEvent obtain(android.view.MotionEvent)>",
						"<android.view.MotionEvent: android.view.MotionEvent obtain()>",
						"key field: <android.view.MotionEvent: boolean mRecycled>",
						"<android.view.MotionEvent: void recycle()>"
					],
					"depth":8,
					"method":"<android.view.ViewRoot: void die(boolean)>",
					"source":"FIELDCALLER"
				},
				{
					"trace":[
						"<android.webkit.StreamLoader: boolean handleMessage(android.os.Message)>",
						"<android.view.ViewRoot: void handleMessage(android.os.Message)>",
						"<android.view.View: boolean dispatchTouchEvent(android.view.MotionEvent)>",
						"<android.webkit.WebView: boolean onTouchEvent(android.view.MotionEvent)>",
						"<android.view.ScaleGestureDetector: boolean onTouchEvent(android.view.MotionEvent)>",
						"<android.view.ScaleGestureDetector: void setContext(android.view.MotionEvent)>",
						"<android.view.MotionEvent: android.view.MotionEvent obtain(android.view.MotionEvent)>",
						"<android.view.MotionEvent: android.view.MotionEvent obtain()>",
						"key field: <android.view.MotionEvent: boolean mRecycled>",
						"<android.view.MotionEvent: void recycle()>"
					],
					"depth":8,
					"method":"<android.webkit.StreamLoader: boolean handleMessage(android.os.Message)>",
					"source":"FIELDCALLER"
				},
				{
					"trace":[
						"<android.os.Handler$Callback: boolean handleMessage(android.os.Message)>",
						"<android.view.ViewRoot: void handleMessage(android.os.Message)>",
						"<android.view.View: boolean dispatchTouchEvent(android.view.MotionEvent)>",
						"<android.webkit.WebView: boolean onTouchEvent(android.view.MotionEvent)>",
						"<android.view.ScaleGestureDetector: boolean onTouchEvent(android.view.MotionEvent)>",
						"<android.view.ScaleGestureDetector: void setContext(android.view.MotionEvent)>",
						"<android.view.MotionEvent: android.view.MotionEvent obtain(android.view.MotionEvent)>",
						"<android.view.MotionEvent: android.view.MotionEvent obtain()>",
						"key field: <android.view.MotionEvent: boolean mRecycled>",
						"<android.view.MotionEvent: void recycle()>"
					],
					"depth":8,
					"method":"<android.os.Handler$Callback: boolean handleMessage(android.os.Message)>",
					"source":"FIELDCALLER"
				},
				{
					"trace":[
						"<android.view.GestureDetector: boolean onTouchEvent(android.view.MotionEvent)>",
						"<android.view.ViewRoot: void handleMessage(android.os.Message)>",
						"<android.view.View: boolean dispatchTouchEvent(android.view.MotionEvent)>",
						"<android.webkit.WebView: boolean onTouchEvent(android.view.MotionEvent)>",
						"<android.view.ScaleGestureDetector: boolean onTouchEvent(android.view.MotionEvent)>",
						"<android.view.ScaleGestureDetector: void setContext(android.view.MotionEvent)>",
						"<android.view.MotionEvent: android.view.MotionEvent obtain(android.view.MotionEvent)>",
						"<android.view.MotionEvent: android.view.MotionEvent obtain()>",
						"key field: <android.view.MotionEvent: boolean mRecycled>",
						"<android.view.MotionEvent: void recycle()>"
					],
					"depth":8,
					"method":"<android.view.GestureDetector: boolean onTouchEvent(android.view.MotionEvent)>",
					"source":"FIELDCALLER"
				},
				{
					"trace":[
						"<android.view.View: void postInvalidateDelayed(long)>",
						"<android.view.ViewRoot: void handleMessage(android.os.Message)>",
						"<android.view.View: boolean dispatchTouchEvent(android.view.MotionEvent)>",
						"<android.webkit.WebView: boolean onTouchEvent(android.view.MotionEvent)>",
						"<android.view.ScaleGestureDetector: boolean onTouchEvent(android.view.MotionEvent)>",
						"<android.view.ScaleGestureDetector: void setContext(android.view.MotionEvent)>",
						"<android.view.MotionEvent: android.view.MotionEvent obtain(android.view.MotionEvent)>",
						"<android.view.MotionEvent: android.view.MotionEvent obtain()>",
						"key field: <android.view.MotionEvent: boolean mRecycled>",
						"<android.view.MotionEvent: void recycle()>"
					],
					"depth":8,
					"method":"<android.view.View: void postInvalidateDelayed(long)>",
					"source":"FIELDCALLER"
				},
				{
					"trace":[
						"<android.view.ViewRoot: void scheduleTraversals()>",
						"<android.view.ViewRoot: void handleMessage(android.os.Message)>",
						"<android.view.View: boolean dispatchTouchEvent(android.view.MotionEvent)>",
						"<android.webkit.WebView: boolean onTouchEvent(android.view.MotionEvent)>",
						"<android.view.ScaleGestureDetector: boolean onTouchEvent(android.view.MotionEvent)>",
						"<android.view.ScaleGestureDetector: void setContext(android.view.MotionEvent)>",
						"<android.view.MotionEvent: android.view.MotionEvent obtain(android.view.MotionEvent)>",
						"<android.view.MotionEvent: android.view.MotionEvent obtain()>",
						"key field: <android.view.MotionEvent: boolean mRecycled>",
						"<android.view.MotionEvent: void recycle()>"
					],
					"depth":8,
					"method":"<android.view.ViewRoot: void scheduleTraversals()>",
					"source":"FIELDCALLER"
				},
				{
					"trace":[
						"<android.webkit.WebView$PrivateHandler: void handleMessage(android.os.Message)>",
						"<android.view.ViewRoot: void handleMessage(android.os.Message)>",
						"<android.view.View: boolean dispatchTouchEvent(android.view.MotionEvent)>",
						"<android.webkit.WebView: boolean onTouchEvent(android.view.MotionEvent)>",
						"<android.view.ScaleGestureDetector: boolean onTouchEvent(android.view.MotionEvent)>",
						"<android.view.ScaleGestureDetector: void setContext(android.view.MotionEvent)>",
						"<android.view.MotionEvent: android.view.MotionEvent obtain(android.view.MotionEvent)>",
						"<android.view.MotionEvent: android.view.MotionEvent obtain()>",
						"key field: <android.view.MotionEvent: boolean mRecycled>",
						"<android.view.MotionEvent: void recycle()>"
					],
					"depth":8,
					"method":"<android.webkit.WebView$PrivateHandler: void handleMessage(android.os.Message)>",
					"source":"FIELDCALLER"
				},
				{
					"trace":[
						"<android.webkit.WebViewCore$EventHub$1: void handleMessage(android.os.Message)>",
						"<android.view.ViewRoot: void handleMessage(android.os.Message)>",
						"<android.view.View: boolean dispatchTouchEvent(android.view.MotionEvent)>",
						"<android.webkit.WebView: boolean onTouchEvent(android.view.MotionEvent)>",
						"<android.view.ScaleGestureDetector: boolean onTouchEvent(android.view.MotionEvent)>",
						"<android.view.ScaleGestureDetector: void setContext(android.view.MotionEvent)>",
						"<android.view.MotionEvent: android.view.MotionEvent obtain(android.view.MotionEvent)>",
						"<android.view.MotionEvent: android.view.MotionEvent obtain()>",
						"key field: <android.view.MotionEvent: boolean mRecycled>",
						"<android.view.MotionEvent: void recycle()>"
					],
					"depth":8,
					"method":"<android.webkit.WebViewCore$EventHub$1: void handleMessage(android.os.Message)>",
					"source":"FIELDCALLER"
				},
				{
					"trace":[
						"<android.widget.Filter$RequestHandler: void handleMessage(android.os.Message)>",
						"<android.view.ViewRoot: void handleMessage(android.os.Message)>",
						"<android.view.View: boolean dispatchTouchEvent(android.view.MotionEvent)>",
						"<android.webkit.WebView: boolean onTouchEvent(android.view.MotionEvent)>",
						"<android.view.ScaleGestureDetector: boolean onTouchEvent(android.view.MotionEvent)>",
						"<android.view.ScaleGestureDetector: void setContext(android.view.MotionEvent)>",
						"<android.view.MotionEvent: android.view.MotionEvent obtain(android.view.MotionEvent)>",
						"<android.view.MotionEvent: android.view.MotionEvent obtain()>",
						"key field: <android.view.MotionEvent: boolean mRecycled>",
						"<android.view.MotionEvent: void recycle()>"
					],
					"depth":8,
					"method":"<android.widget.Filter$RequestHandler: void handleMessage(android.os.Message)>",
					"source":"FIELDCALLER"
				},
				{
					"trace":[
						"<android.net.wifi.WifiStateTracker$DhcpHandler: void handleMessage(android.os.Message)>",
						"<android.view.ViewRoot: void handleMessage(android.os.Message)>",
						"<android.view.View: boolean dispatchTouchEvent(android.view.MotionEvent)>",
						"<android.webkit.WebView: boolean onTouchEvent(android.view.MotionEvent)>",
						"<android.view.ScaleGestureDetector: boolean onTouchEvent(android.view.MotionEvent)>",
						"<android.view.ScaleGestureDetector: void setContext(android.view.MotionEvent)>",
						"<android.view.MotionEvent: android.view.MotionEvent obtain(android.view.MotionEvent)>",
						"<android.view.MotionEvent: android.view.MotionEvent obtain()>",
						"key field: <android.view.MotionEvent: boolean mRecycled>",
						"<android.view.MotionEvent: void recycle()>"
					],
					"depth":8,
					"method":"<android.net.wifi.WifiStateTracker$DhcpHandler: void handleMessage(android.os.Message)>",
					"source":"FIELDCALLER"
				},
				{
					"trace":[
						"<android.net.wifi.WifiStateTracker: void handleMessage(android.os.Message)>",
						"<android.view.ViewRoot: void handleMessage(android.os.Message)>",
						"<android.view.View: boolean dispatchTouchEvent(android.view.MotionEvent)>",
						"<android.webkit.WebView: boolean onTouchEvent(android.view.MotionEvent)>",
						"<android.view.ScaleGestureDetector: boolean onTouchEvent(android.view.MotionEvent)>",
						"<android.view.ScaleGestureDetector: void setContext(android.view.MotionEvent)>",
						"<android.view.MotionEvent: android.view.MotionEvent obtain(android.view.MotionEvent)>",
						"<android.view.MotionEvent: android.view.MotionEvent obtain()>",
						"key field: <android.view.MotionEvent: boolean mRecycled>",
						"<android.view.MotionEvent: void recycle()>"
					],
					"depth":8,
					"method":"<android.net.wifi.WifiStateTracker: void handleMessage(android.os.Message)>",
					"source":"FIELDCALLER"
				},
				{
					"trace":[
						"<android.server.BluetoothService$1: void handleMessage(android.os.Message)>",
						"<android.view.ViewRoot: void handleMessage(android.os.Message)>",
						"<android.view.View: boolean dispatchTouchEvent(android.view.MotionEvent)>",
						"<android.webkit.WebView: boolean onTouchEvent(android.view.MotionEvent)>",
						"<android.view.ScaleGestureDetector: boolean onTouchEvent(android.view.MotionEvent)>",
						"<android.view.ScaleGestureDetector: void setContext(android.view.MotionEvent)>",
						"<android.view.MotionEvent: android.view.MotionEvent obtain(android.view.MotionEvent)>",
						"<android.view.MotionEvent: android.view.MotionEvent obtain()>",
						"key field: <android.view.MotionEvent: boolean mRecycled>",
						"<android.view.MotionEvent: void recycle()>"
					],
					"depth":8,
					"method":"<android.server.BluetoothService$1: void handleMessage(android.os.Message)>",
					"source":"FIELDCALLER"
				},
				{
					"trace":[
						"<android.view.View: boolean onTouchEvent(android.view.MotionEvent)>",
						"<android.view.TouchDelegate: boolean onTouchEvent(android.view.MotionEvent)>",
						"<android.view.View: boolean dispatchTouchEvent(android.view.MotionEvent)>",
						"<android.webkit.WebView: boolean onTouchEvent(android.view.MotionEvent)>",
						"<android.view.ScaleGestureDetector: boolean onTouchEvent(android.view.MotionEvent)>",
						"<android.view.ScaleGestureDetector: void setContext(android.view.MotionEvent)>",
						"<android.view.MotionEvent: android.view.MotionEvent obtain(android.view.MotionEvent)>",
						"<android.view.MotionEvent: android.view.MotionEvent obtain()>",
						"key field: <android.view.MotionEvent: boolean mRecycled>",
						"<android.view.MotionEvent: void recycle()>"
					],
					"depth":8,
					"method":"<android.view.View: boolean onTouchEvent(android.view.MotionEvent)>",
					"source":"FIELDCALLER"
				},
				{
					"trace":[
						"<android.view.ViewGroup: void removeAllViewsInLayout()>",
						"<android.view.ViewGroup: void dispatchDetachedFromWindow()>",
						"<android.view.View: boolean dispatchTouchEvent(android.view.MotionEvent)>",
						"<android.webkit.WebView: boolean onTouchEvent(android.view.MotionEvent)>",
						"<android.view.ScaleGestureDetector: boolean onTouchEvent(android.view.MotionEvent)>",
						"<android.view.ScaleGestureDetector: void setContext(android.view.MotionEvent)>",
						"<android.view.MotionEvent: android.view.MotionEvent obtain(android.view.MotionEvent)>",
						"<android.view.MotionEvent: android.view.MotionEvent obtain()>",
						"key field: <android.view.MotionEvent: boolean mRecycled>",
						"<android.view.MotionEvent: void recycle()>"
					],
					"depth":8,
					"method":"<android.view.ViewGroup: void removeAllViewsInLayout()>",
					"source":"FIELDCALLER"
				},
				{
					"trace":[
						"<android.view.ViewGroup: boolean dispatchTouchEvent(android.view.MotionEvent)>",
						"<com.android.internal.widget.LinearLayoutWithDefaultTouchRecepient: boolean dispatchTouchEvent(android.view.MotionEvent)>",
						"<android.view.View: boolean dispatchTouchEvent(android.view.MotionEvent)>",
						"<android.webkit.WebView: boolean onTouchEvent(android.view.MotionEvent)>",
						"<android.view.ScaleGestureDetector: boolean onTouchEvent(android.view.MotionEvent)>",
						"<android.view.ScaleGestureDetector: void setContext(android.view.MotionEvent)>",
						"<android.view.MotionEvent: android.view.MotionEvent obtain(android.view.MotionEvent)>",
						"<android.view.MotionEvent: android.view.MotionEvent obtain()>",
						"key field: <android.view.MotionEvent: boolean mRecycled>",
						"<android.view.MotionEvent: void recycle()>"
					],
					"depth":8,
					"method":"<android.view.ViewGroup: boolean dispatchTouchEvent(android.view.MotionEvent)>",
					"source":"FIELDCALLER"
				},
				{
					"trace":[
						"<android.widget.PopupWindow$PopupViewContainer: boolean dispatchTouchEvent(android.view.MotionEvent)>",
						"<android.view.ViewGroup: boolean dispatchTouchEvent(android.view.MotionEvent)>",
						"<android.view.View: boolean dispatchTouchEvent(android.view.MotionEvent)>",
						"<android.webkit.WebView: boolean onTouchEvent(android.view.MotionEvent)>",
						"<android.view.ScaleGestureDetector: boolean onTouchEvent(android.view.MotionEvent)>",
						"<android.view.ScaleGestureDetector: void setContext(android.view.MotionEvent)>",
						"<android.view.MotionEvent: android.view.MotionEvent obtain(android.view.MotionEvent)>",
						"<android.view.MotionEvent: android.view.MotionEvent obtain()>",
						"key field: <android.view.MotionEvent: boolean mRecycled>",
						"<android.view.MotionEvent: void recycle()>"
					],
					"depth":8,
					"method":"<android.widget.PopupWindow$PopupViewContainer: boolean dispatchTouchEvent(android.view.MotionEvent)>",
					"source":"FIELDCALLER"
				},
				{
					"trace":[
						"<android.gesture.GestureOverlayView: boolean dispatchTouchEvent(android.view.MotionEvent)>",
						"<android.view.ViewGroup: boolean dispatchTouchEvent(android.view.MotionEvent)>",
						"<android.view.View: boolean dispatchTouchEvent(android.view.MotionEvent)>",
						"<android.webkit.WebView: boolean onTouchEvent(android.view.MotionEvent)>",
						"<android.view.ScaleGestureDetector: boolean onTouchEvent(android.view.MotionEvent)>",
						"<android.view.ScaleGestureDetector: void setContext(android.view.MotionEvent)>",
						"<android.view.MotionEvent: android.view.MotionEvent obtain(android.view.MotionEvent)>",
						"<android.view.MotionEvent: android.view.MotionEvent obtain()>",
						"key field: <android.view.MotionEvent: boolean mRecycled>",
						"<android.view.MotionEvent: void recycle()>"
					],
					"depth":8,
					"method":"<android.gesture.GestureOverlayView: boolean dispatchTouchEvent(android.view.MotionEvent)>",
					"source":"FIELDCALLER"
				},
				{
					"trace":[
						"<android.view.ViewRoot$W: void dispatchKey(android.view.KeyEvent)>",
						"<android.view.ViewRoot$EventCompletion: void <init>(android.os.Looper,android.view.IWindow,android.view.KeyEvent,boolean,android.view.MotionEvent)>",
						"<android.view.ViewRoot$EventCompletion: void handleMessage(android.os.Message)>",
						"<android.view.IWindowSession$Stub$Proxy: android.view.MotionEvent getPendingPointerMove(android.view.IWindow)>",
						"<android.view.MotionEvent$1: java.lang.Object createFromParcel(android.os.Parcel)>",
						"<android.view.MotionEvent$1: android.view.MotionEvent createFromParcel(android.os.Parcel)>",
						"<android.view.MotionEvent: android.view.MotionEvent access$000()>",
						"<android.view.MotionEvent: android.view.MotionEvent obtain()>",
						"key field: <android.view.MotionEvent: boolean mRecycled>",
						"<android.view.MotionEvent: void recycle()>"
					],
					"depth":8,
					"method":"<android.view.ViewRoot$W: void dispatchKey(android.view.KeyEvent)>",
					"source":"FIELDCALLER"
				},
				{
					"trace":[
						"<android.view.ViewRoot$W: void dispatchTrackball(android.view.MotionEvent,long,boolean)>",
						"<android.view.ViewRoot$EventCompletion: void <init>(android.os.Looper,android.view.IWindow,android.view.KeyEvent,boolean,android.view.MotionEvent)>",
						"<android.view.ViewRoot$EventCompletion: void handleMessage(android.os.Message)>",
						"<android.view.IWindowSession$Stub$Proxy: android.view.MotionEvent getPendingPointerMove(android.view.IWindow)>",
						"<android.view.MotionEvent$1: java.lang.Object createFromParcel(android.os.Parcel)>",
						"<android.view.MotionEvent$1: android.view.MotionEvent createFromParcel(android.os.Parcel)>",
						"<android.view.MotionEvent: android.view.MotionEvent access$000()>",
						"<android.view.MotionEvent: android.view.MotionEvent obtain()>",
						"key field: <android.view.MotionEvent: boolean mRecycled>",
						"<android.view.MotionEvent: void recycle()>"
					],
					"depth":8,
					"method":"<android.view.ViewRoot$W: void dispatchTrackball(android.view.MotionEvent,long,boolean)>",
					"source":"FIELDCALLER"
				},
				{
					"trace":[
						"<android.view.ViewRoot$W: void dispatchPointer(android.view.MotionEvent,long,boolean)>",
						"<android.view.ViewRoot$EventCompletion: void <init>(android.os.Looper,android.view.IWindow,android.view.KeyEvent,boolean,android.view.MotionEvent)>",
						"<android.view.ViewRoot$EventCompletion: void handleMessage(android.os.Message)>",
						"<android.view.IWindowSession$Stub$Proxy: android.view.MotionEvent getPendingPointerMove(android.view.IWindow)>",
						"<android.view.MotionEvent$1: java.lang.Object createFromParcel(android.os.Parcel)>",
						"<android.view.MotionEvent$1: android.view.MotionEvent createFromParcel(android.os.Parcel)>",
						"<android.view.MotionEvent: android.view.MotionEvent access$000()>",
						"<android.view.MotionEvent: android.view.MotionEvent obtain()>",
						"key field: <android.view.MotionEvent: boolean mRecycled>",
						"<android.view.MotionEvent: void recycle()>"
					],
					"depth":8,
					"method":"<android.view.ViewRoot$W: void dispatchPointer(android.view.MotionEvent,long,boolean)>",
					"source":"FIELDCALLER"
				},
				{
					"trace":[
						"<android.view.IWindow$Stub: boolean onTransact(int,android.os.Parcel,android.os.Parcel,int)>",
						"<android.view.SurfaceView$MyWindow: void resized(int,int,android.graphics.Rect,android.graphics.Rect,boolean,android.content.res.Configuration)>",
						"<android.view.ViewRoot$EventCompletion: void handleMessage(android.os.Message)>",
						"<android.view.IWindowSession$Stub$Proxy: android.view.MotionEvent getPendingPointerMove(android.view.IWindow)>",
						"<android.view.MotionEvent$1: java.lang.Object createFromParcel(android.os.Parcel)>",
						"<android.view.MotionEvent$1: android.view.MotionEvent createFromParcel(android.os.Parcel)>",
						"<android.view.MotionEvent: android.view.MotionEvent access$000()>",
						"<android.view.MotionEvent: android.view.MotionEvent obtain()>",
						"key field: <android.view.MotionEvent: boolean mRecycled>",
						"<android.view.MotionEvent: void recycle()>"
					],
					"depth":8,
					"method":"<android.view.IWindow$Stub: boolean onTransact(int,android.os.Parcel,android.os.Parcel,int)>",
					"source":"FIELDCALLER"
				},
				{
					"trace":[
						"<android.view.View: void postInvalidate()>",
						"<android.view.View: void postInvalidateDelayed(long)>",
						"<android.view.ViewRoot$EventCompletion: void handleMessage(android.os.Message)>",
						"<android.view.IWindowSession$Stub$Proxy: android.view.MotionEvent getPendingPointerMove(android.view.IWindow)>",
						"<android.view.MotionEvent$1: java.lang.Object createFromParcel(android.os.Parcel)>",
						"<android.view.MotionEvent$1: android.view.MotionEvent createFromParcel(android.os.Parcel)>",
						"<android.view.MotionEvent: android.view.MotionEvent access$000()>",
						"<android.view.MotionEvent: android.view.MotionEvent obtain()>",
						"key field: <android.view.MotionEvent: boolean mRecycled>",
						"<android.view.MotionEvent: void recycle()>"
					],
					"depth":8,
					"method":"<android.view.View: void postInvalidate()>",
					"source":"FIELDCALLER"
				},
				{
					"trace":[
						"<android.view.WindowManager$LayoutParams: void <init>(android.os.Parcel)>",
						"<android.view.accessibility.AccessibilityEvent$1: java.lang.Object createFromParcel(android.os.Parcel)>",
						"<android.view.accessibility.AccessibilityEvent$1: android.view.accessibility.AccessibilityEvent createFromParcel(android.os.Parcel)>",
						"<android.view.accessibility.AccessibilityEvent: void initFromParcel(android.os.Parcel)>",
						"<android.view.MotionEvent$1: java.lang.Object createFromParcel(android.os.Parcel)>",
						"<android.view.MotionEvent$1: android.view.MotionEvent createFromParcel(android.os.Parcel)>",
						"<android.view.MotionEvent: android.view.MotionEvent access$000()>",
						"<android.view.MotionEvent: android.view.MotionEvent obtain()>",
						"key field: <android.view.MotionEvent: boolean mRecycled>",
						"<android.view.MotionEvent: void recycle()>"
					],
					"depth":8,
					"method":"<android.view.WindowManager$LayoutParams: void <init>(android.os.Parcel)>",
					"source":"FIELDCALLER"
				},
				{
					"trace":[
						"<android.content.PeriodicSync$1: android.content.PeriodicSync createFromParcel(android.os.Parcel)>",
						"<android.view.accessibility.AccessibilityEvent$1: java.lang.Object createFromParcel(android.os.Parcel)>",
						"<android.view.accessibility.AccessibilityEvent$1: android.view.accessibility.AccessibilityEvent createFromParcel(android.os.Parcel)>",
						"<android.view.accessibility.AccessibilityEvent: void initFromParcel(android.os.Parcel)>",
						"<android.view.MotionEvent$1: java.lang.Object createFromParcel(android.os.Parcel)>",
						"<android.view.MotionEvent$1: android.view.MotionEvent createFromParcel(android.os.Parcel)>",
						"<android.view.MotionEvent: android.view.MotionEvent access$000()>",
						"<android.view.MotionEvent: android.view.MotionEvent obtain()>",
						"key field: <android.view.MotionEvent: boolean mRecycled>",
						"<android.view.MotionEvent: void recycle()>"
					],
					"depth":8,
					"method":"<android.content.PeriodicSync$1: android.content.PeriodicSync createFromParcel(android.os.Parcel)>",
					"source":"FIELDCALLER"
				},
				{
					"trace":[
						"<android.net.wifi.WifiInfo$1: android.net.wifi.WifiInfo createFromParcel(android.os.Parcel)>",
						"<android.view.accessibility.AccessibilityEvent$1: java.lang.Object createFromParcel(android.os.Parcel)>",
						"<android.view.accessibility.AccessibilityEvent$1: android.view.accessibility.AccessibilityEvent createFromParcel(android.os.Parcel)>",
						"<android.view.accessibility.AccessibilityEvent: void initFromParcel(android.os.Parcel)>",
						"<android.view.MotionEvent$1: java.lang.Object createFromParcel(android.os.Parcel)>",
						"<android.view.MotionEvent$1: android.view.MotionEvent createFromParcel(android.os.Parcel)>",
						"<android.view.MotionEvent: android.view.MotionEvent access$000()>",
						"<android.view.MotionEvent: android.view.MotionEvent obtain()>",
						"key field: <android.view.MotionEvent: boolean mRecycled>",
						"<android.view.MotionEvent: void recycle()>"
					],
					"depth":8,
					"method":"<android.net.wifi.WifiInfo$1: android.net.wifi.WifiInfo createFromParcel(android.os.Parcel)>",
					"source":"FIELDCALLER"
				},
				{
					"trace":[
						"<android.view.inputmethod.ExtractedText$1: android.view.inputmethod.ExtractedText createFromParcel(android.os.Parcel)>",
						"<android.view.accessibility.AccessibilityEvent$1: java.lang.Object createFromParcel(android.os.Parcel)>",
						"<android.view.accessibility.AccessibilityEvent$1: android.view.accessibility.AccessibilityEvent createFromParcel(android.os.Parcel)>",
						"<android.view.accessibility.AccessibilityEvent: void initFromParcel(android.os.Parcel)>",
						"<android.view.MotionEvent$1: java.lang.Object createFromParcel(android.os.Parcel)>",
						"<android.view.MotionEvent$1: android.view.MotionEvent createFromParcel(android.os.Parcel)>",
						"<android.view.MotionEvent: android.view.MotionEvent access$000()>",
						"<android.view.MotionEvent: android.view.MotionEvent obtain()>",
						"key field: <android.view.MotionEvent: boolean mRecycled>",
						"<android.view.MotionEvent: void recycle()>"
					],
					"depth":8,
					"method":"<android.view.inputmethod.ExtractedText$1: android.view.inputmethod.ExtractedText createFromParcel(android.os.Parcel)>",
					"source":"FIELDCALLER"
				},
				{
					"trace":[
						"<android.view.inputmethod.EditorInfo$1: android.view.inputmethod.EditorInfo createFromParcel(android.os.Parcel)>",
						"<android.view.accessibility.AccessibilityEvent$1: java.lang.Object createFromParcel(android.os.Parcel)>",
						"<android.view.accessibility.AccessibilityEvent$1: android.view.accessibility.AccessibilityEvent createFromParcel(android.os.Parcel)>",
						"<android.view.accessibility.AccessibilityEvent: void initFromParcel(android.os.Parcel)>",
						"<android.view.MotionEvent$1: java.lang.Object createFromParcel(android.os.Parcel)>",
						"<android.view.MotionEvent$1: android.view.MotionEvent createFromParcel(android.os.Parcel)>",
						"<android.view.MotionEvent: android.view.MotionEvent access$000()>",
						"<android.view.MotionEvent: android.view.MotionEvent obtain()>",
						"key field: <android.view.MotionEvent: boolean mRecycled>",
						"<android.view.MotionEvent: void recycle()>"
					],
					"depth":8,
					"method":"<android.view.inputmethod.EditorInfo$1: android.view.inputmethod.EditorInfo createFromParcel(android.os.Parcel)>",
					"source":"FIELDCALLER"
				},
				{
					"trace":[
						"<android.view.IWindowSession$Stub$Proxy: android.view.MotionEvent getPendingTrackballMove(android.view.IWindow)>",
						"<android.view.accessibility.AccessibilityEvent$1: java.lang.Object createFromParcel(android.os.Parcel)>",
						"<android.view.accessibility.AccessibilityEvent$1: android.view.accessibility.AccessibilityEvent createFromParcel(android.os.Parcel)>",
						"<android.view.accessibility.AccessibilityEvent: void initFromParcel(android.os.Parcel)>",
						"<android.view.MotionEvent$1: java.lang.Object createFromParcel(android.os.Parcel)>",
						"<android.view.MotionEvent$1: android.view.MotionEvent createFromParcel(android.os.Parcel)>",
						"<android.view.MotionEvent: android.view.MotionEvent access$000()>",
						"<android.view.MotionEvent: android.view.MotionEvent obtain()>",
						"key field: <android.view.MotionEvent: boolean mRecycled>",
						"<android.view.MotionEvent: void recycle()>"
					],
					"depth":8,
					"method":"<android.view.IWindowSession$Stub$Proxy: android.view.MotionEvent getPendingTrackballMove(android.view.IWindow)>",
					"source":"FIELDCALLER"
				},
				{
					"trace":[
						"<android.view.IWindowSession: android.view.MotionEvent getPendingTrackballMove(android.view.IWindow)>",
						"<android.view.accessibility.AccessibilityEvent$1: java.lang.Object createFromParcel(android.os.Parcel)>",
						"<android.view.accessibility.AccessibilityEvent$1: android.view.accessibility.AccessibilityEvent createFromParcel(android.os.Parcel)>",
						"<android.view.accessibility.AccessibilityEvent: void initFromParcel(android.os.Parcel)>",
						"<android.view.MotionEvent$1: java.lang.Object createFromParcel(android.os.Parcel)>",
						"<android.view.MotionEvent$1: android.view.MotionEvent createFromParcel(android.os.Parcel)>",
						"<android.view.MotionEvent: android.view.MotionEvent access$000()>",
						"<android.view.MotionEvent: android.view.MotionEvent obtain()>",
						"key field: <android.view.MotionEvent: boolean mRecycled>",
						"<android.view.MotionEvent: void recycle()>"
					],
					"depth":8,
					"method":"<android.view.IWindowSession: android.view.MotionEvent getPendingTrackballMove(android.view.IWindow)>",
					"source":"FIELDCALLER"
				},
				{
					"trace":[
						"<android.net.wifi.WifiInfo$1: java.lang.Object createFromParcel(android.os.Parcel)>",
						"<android.net.wifi.WifiInfo$1: android.net.wifi.WifiInfo createFromParcel(android.os.Parcel)>",
						"<android.content.PeriodicSync$1: java.lang.Object createFromParcel(android.os.Parcel)>",
						"<android.content.PeriodicSync$1: android.content.PeriodicSync createFromParcel(android.os.Parcel)>",
						"<android.view.MotionEvent$1: java.lang.Object createFromParcel(android.os.Parcel)>",
						"<android.view.MotionEvent$1: android.view.MotionEvent createFromParcel(android.os.Parcel)>",
						"<android.view.MotionEvent: android.view.MotionEvent access$000()>",
						"<android.view.MotionEvent: android.view.MotionEvent obtain()>",
						"key field: <android.view.MotionEvent: boolean mRecycled>",
						"<android.view.MotionEvent: void recycle()>"
					],
					"depth":8,
					"method":"<android.net.wifi.WifiInfo$1: java.lang.Object createFromParcel(android.os.Parcel)>",
					"source":"FIELDCALLER"
				},
				{
					"trace":[
						"<android.view.inputmethod.ExtractedText$1: java.lang.Object createFromParcel(android.os.Parcel)>",
						"<android.view.inputmethod.ExtractedText$1: android.view.inputmethod.ExtractedText createFromParcel(android.os.Parcel)>",
						"<android.content.PeriodicSync$1: java.lang.Object createFromParcel(android.os.Parcel)>",
						"<android.content.PeriodicSync$1: android.content.PeriodicSync createFromParcel(android.os.Parcel)>",
						"<android.view.MotionEvent$1: java.lang.Object createFromParcel(android.os.Parcel)>",
						"<android.view.MotionEvent$1: android.view.MotionEvent createFromParcel(android.os.Parcel)>",
						"<android.view.MotionEvent: android.view.MotionEvent access$000()>",
						"<android.view.MotionEvent: android.view.MotionEvent obtain()>",
						"key field: <android.view.MotionEvent: boolean mRecycled>",
						"<android.view.MotionEvent: void recycle()>"
					],
					"depth":8,
					"method":"<android.view.inputmethod.ExtractedText$1: java.lang.Object createFromParcel(android.os.Parcel)>",
					"source":"FIELDCALLER"
				},
				{
					"trace":[
						"<android.view.inputmethod.EditorInfo$1: java.lang.Object createFromParcel(android.os.Parcel)>",
						"<android.view.inputmethod.EditorInfo$1: android.view.inputmethod.EditorInfo createFromParcel(android.os.Parcel)>",
						"<android.content.PeriodicSync$1: java.lang.Object createFromParcel(android.os.Parcel)>",
						"<android.content.PeriodicSync$1: android.content.PeriodicSync createFromParcel(android.os.Parcel)>",
						"<android.view.MotionEvent$1: java.lang.Object createFromParcel(android.os.Parcel)>",
						"<android.view.MotionEvent$1: android.view.MotionEvent createFromParcel(android.os.Parcel)>",
						"<android.view.MotionEvent: android.view.MotionEvent access$000()>",
						"<android.view.MotionEvent: android.view.MotionEvent obtain()>",
						"key field: <android.view.MotionEvent: boolean mRecycled>",
						"<android.view.MotionEvent: void recycle()>"
					],
					"depth":8,
					"method":"<android.view.inputmethod.EditorInfo$1: java.lang.Object createFromParcel(android.os.Parcel)>",
					"source":"FIELDCALLER"
				}
			],
			"callerOfSingnlar2SourceVar":{}
		}
	]
}