{
	"exceptions":[
		{
			"method":"<android.app.TabActivity: void onContentChanged()>",
			"message":"\\QYour content must have a TabHost whose id attribute is 'android.R.id.tabhost'\\E",
			"relatedVarType":"Field",
			"relatedCondType":"Basic",
			"modifier":"public",
			"type":"java.lang.RuntimeException",
			"osVersionRelated":false,
			"resourceRelated":false,
			"assessRelated":false,
			"hardwareRelated":false,
			"manifestRelated":false,
			"conditions":"$r3 != null",
			"fieldValues":"<android.app.TabActivity: android.widget.TabHost mTabHost>",
			"relatedValues":"; <android.app.TabActivity: android.widget.TabHost mTabHost>; ",
			"keyAPISameClassNum":2,
			"keyAPIDiffClassNum":28,
			"keyAPISameClass":[
				{
					"trace":[
						"<android.app.TabActivity: void onContentChanged()>"
					],
					"depth":1,
					"method":"<android.app.TabActivity: android.widget.TabWidget getTabWidget()>",
					"source":"FIELD"
				},
				{
					"trace":[
						"<android.app.TabActivity: void onContentChanged()>"
					],
					"depth":1,
					"method":"<android.app.TabActivity: void onContentChanged()>",
					"source":"FIELD"
				}
			],
			"keyAPIDiffClass":[
				{
					"trace":[
						"<android.app.Instrumentation: void callActivityOnPostCreate(android.app.Activity,android.os.Bundle)>",
						"<android.app.TabActivity: void onPostCreate(android.os.Bundle)>",
						"key field: <android.app.TabActivity: android.widget.TabHost mTabHost>",
						"<android.app.TabActivity: void onContentChanged()>"
					],
					"depth":2,
					"method":"<android.app.Instrumentation: void callActivityOnPostCreate(android.app.Activity,android.os.Bundle)>",
					"source":"FIELDCALLER"
				},
				{
					"trace":[
						"<android.app.LocalActivityManager: android.os.Bundle saveInstanceState()>",
						"<android.app.TabActivity: void onSaveInstanceState(android.os.Bundle)>",
						"key field: <android.app.TabActivity: android.widget.TabHost mTabHost>",
						"<android.app.TabActivity: void onContentChanged()>"
					],
					"depth":2,
					"method":"<android.app.LocalActivityManager: android.os.Bundle saveInstanceState()>",
					"source":"FIELDCALLER"
				},
				{
					"trace":[
						"<android.app.Instrumentation: void callActivityOnRestoreInstanceState(android.app.Activity,android.os.Bundle)>",
						"<android.app.Activity: void performRestoreInstanceState(android.os.Bundle)>",
						"<android.app.TabActivity: void onRestoreInstanceState(android.os.Bundle)>",
						"key field: <android.app.TabActivity: android.widget.TabHost mTabHost>",
						"<android.app.TabActivity: void onContentChanged()>"
					],
					"depth":3,
					"method":"<android.app.Instrumentation: void callActivityOnRestoreInstanceState(android.app.Activity,android.os.Bundle)>",
					"source":"FIELDCALLER"
				},
				{
					"trace":[
						"<android.app.Instrumentation: void callActivityOnSaveInstanceState(android.app.Activity,android.os.Bundle)>",
						"<android.app.Activity: void performSaveInstanceState(android.os.Bundle)>",
						"<android.app.TabActivity: void onSaveInstanceState(android.os.Bundle)>",
						"key field: <android.app.TabActivity: android.widget.TabHost mTabHost>",
						"<android.app.TabActivity: void onContentChanged()>"
					],
					"depth":3,
					"method":"<android.app.Instrumentation: void callActivityOnSaveInstanceState(android.app.Activity,android.os.Bundle)>",
					"source":"FIELDCALLER"
				},
				{
					"trace":[
						"<android.app.ActivityThread: android.app.Activity startActivityNow(android.app.Activity,java.lang.String,android.content.Intent,android.content.pm.ActivityInfo,android.os.IBinder,android.os.Bundle,java.lang.Object)>",
						"<android.app.ActivityThread: android.app.Activity performLaunchActivity(android.app.ActivityThread$ActivityRecord,android.content.Intent)>",
						"<android.app.Instrumentation: void callActivityOnPostCreate(android.app.Activity,android.os.Bundle)>",
						"<android.app.TabActivity: void onPostCreate(android.os.Bundle)>",
						"key field: <android.app.TabActivity: android.widget.TabHost mTabHost>",
						"<android.app.TabActivity: void onContentChanged()>"
					],
					"depth":4,
					"method":"<android.app.ActivityThread: android.app.Activity startActivityNow(android.app.Activity,java.lang.String,android.content.Intent,android.content.pm.ActivityInfo,android.os.IBinder,android.os.Bundle,java.lang.Object)>",
					"source":"FIELDCALLER"
				},
				{
					"trace":[
						"<android.app.ActivityThread$H: void handleMessage(android.os.Message)>",
						"<android.app.ActivityThread: void access$2300(android.app.ActivityThread,android.app.ActivityThread$ActivityRecord,android.content.Intent)>",
						"<android.app.ActivityThread: void handleLaunchActivity(android.app.ActivityThread$ActivityRecord,android.content.Intent)>",
						"<android.app.ActivityThread: android.app.Activity performLaunchActivity(android.app.ActivityThread$ActivityRecord,android.content.Intent)>",
						"<android.app.Instrumentation: void callActivityOnPostCreate(android.app.Activity,android.os.Bundle)>",
						"<android.app.TabActivity: void onPostCreate(android.os.Bundle)>",
						"key field: <android.app.TabActivity: android.widget.TabHost mTabHost>",
						"<android.app.TabActivity: void onContentChanged()>"
					],
					"depth":6,
					"method":"<android.app.ActivityThread$H: void handleMessage(android.os.Message)>",
					"source":"FIELDCALLER"
				},
				{
					"trace":[
						"<android.app.LocalActivityManager: void dispatchResume()>",
						"<android.app.LocalActivityManager: void moveToState(android.app.LocalActivityManager$LocalActivityRecord,int)>",
						"<android.app.ActivityThread: android.app.Activity startActivityNow(android.app.Activity,java.lang.String,android.content.Intent,android.content.pm.ActivityInfo,android.os.IBinder,android.os.Bundle,java.lang.Object)>",
						"<android.app.ActivityThread: android.app.Activity performLaunchActivity(android.app.ActivityThread$ActivityRecord,android.content.Intent)>",
						"<android.app.Instrumentation: void callActivityOnPostCreate(android.app.Activity,android.os.Bundle)>",
						"<android.app.TabActivity: void onPostCreate(android.os.Bundle)>",
						"key field: <android.app.TabActivity: android.widget.TabHost mTabHost>",
						"<android.app.TabActivity: void onContentChanged()>"
					],
					"depth":6,
					"method":"<android.app.LocalActivityManager: void dispatchResume()>",
					"source":"FIELDCALLER"
				},
				{
					"trace":[
						"<android.app.LocalActivityManager: android.view.Window startActivity(java.lang.String,android.content.Intent)>",
						"<android.app.LocalActivityManager: void moveToState(android.app.LocalActivityManager$LocalActivityRecord,int)>",
						"<android.app.ActivityThread: android.app.Activity startActivityNow(android.app.Activity,java.lang.String,android.content.Intent,android.content.pm.ActivityInfo,android.os.IBinder,android.os.Bundle,java.lang.Object)>",
						"<android.app.ActivityThread: android.app.Activity performLaunchActivity(android.app.ActivityThread$ActivityRecord,android.content.Intent)>",
						"<android.app.Instrumentation: void callActivityOnPostCreate(android.app.Activity,android.os.Bundle)>",
						"<android.app.TabActivity: void onPostCreate(android.os.Bundle)>",
						"key field: <android.app.TabActivity: android.widget.TabHost mTabHost>",
						"<android.app.TabActivity: void onContentChanged()>"
					],
					"depth":6,
					"method":"<android.app.LocalActivityManager: android.view.Window startActivity(java.lang.String,android.content.Intent)>",
					"source":"FIELDCALLER"
				},
				{
					"trace":[
						"<android.app.LocalActivityManager: void dispatchStop()>",
						"<android.app.LocalActivityManager: void moveToState(android.app.LocalActivityManager$LocalActivityRecord,int)>",
						"<android.app.ActivityThread: android.app.Activity startActivityNow(android.app.Activity,java.lang.String,android.content.Intent,android.content.pm.ActivityInfo,android.os.IBinder,android.os.Bundle,java.lang.Object)>",
						"<android.app.ActivityThread: android.app.Activity performLaunchActivity(android.app.ActivityThread$ActivityRecord,android.content.Intent)>",
						"<android.app.Instrumentation: void callActivityOnPostCreate(android.app.Activity,android.os.Bundle)>",
						"<android.app.TabActivity: void onPostCreate(android.os.Bundle)>",
						"key field: <android.app.TabActivity: android.widget.TabHost mTabHost>",
						"<android.app.TabActivity: void onContentChanged()>"
					],
					"depth":6,
					"method":"<android.app.LocalActivityManager: void dispatchStop()>",
					"source":"FIELDCALLER"
				},
				{
					"trace":[
						"<android.app.LocalActivityManager: void dispatchPause(boolean)>",
						"<android.app.LocalActivityManager: void moveToState(android.app.LocalActivityManager$LocalActivityRecord,int)>",
						"<android.app.ActivityThread: android.app.Activity startActivityNow(android.app.Activity,java.lang.String,android.content.Intent,android.content.pm.ActivityInfo,android.os.IBinder,android.os.Bundle,java.lang.Object)>",
						"<android.app.ActivityThread: android.app.Activity performLaunchActivity(android.app.ActivityThread$ActivityRecord,android.content.Intent)>",
						"<android.app.Instrumentation: void callActivityOnPostCreate(android.app.Activity,android.os.Bundle)>",
						"<android.app.TabActivity: void onPostCreate(android.os.Bundle)>",
						"key field: <android.app.TabActivity: android.widget.TabHost mTabHost>",
						"<android.app.TabActivity: void onContentChanged()>"
					],
					"depth":6,
					"method":"<android.app.LocalActivityManager: void dispatchPause(boolean)>",
					"source":"FIELDCALLER"
				},
				{
					"trace":[
						"<android.app.WallpaperManager$Globals: void onWallpaperChanged()>",
						"<android.app.ActivityThread$H: void handleMessage(android.os.Message)>",
						"<android.app.ActivityThread: void access$2300(android.app.ActivityThread,android.app.ActivityThread$ActivityRecord,android.content.Intent)>",
						"<android.app.ActivityThread: void handleLaunchActivity(android.app.ActivityThread$ActivityRecord,android.content.Intent)>",
						"<android.app.ActivityThread: android.app.Activity performLaunchActivity(android.app.ActivityThread$ActivityRecord,android.content.Intent)>",
						"<android.app.Instrumentation: void callActivityOnPostCreate(android.app.Activity,android.os.Bundle)>",
						"<android.app.TabActivity: void onPostCreate(android.os.Bundle)>",
						"key field: <android.app.TabActivity: android.widget.TabHost mTabHost>",
						"<android.app.TabActivity: void onContentChanged()>"
					],
					"depth":7,
					"method":"<android.app.WallpaperManager$Globals: void onWallpaperChanged()>",
					"source":"FIELDCALLER"
				},
				{
					"trace":[
						"<android.webkit.StreamLoader: boolean handleMessage(android.os.Message)>",
						"<android.app.ActivityThread$H: void handleMessage(android.os.Message)>",
						"<android.app.ActivityThread: void access$2300(android.app.ActivityThread,android.app.ActivityThread$ActivityRecord,android.content.Intent)>",
						"<android.app.ActivityThread: void handleLaunchActivity(android.app.ActivityThread$ActivityRecord,android.content.Intent)>",
						"<android.app.ActivityThread: android.app.Activity performLaunchActivity(android.app.ActivityThread$ActivityRecord,android.content.Intent)>",
						"<android.app.Instrumentation: void callActivityOnPostCreate(android.app.Activity,android.os.Bundle)>",
						"<android.app.TabActivity: void onPostCreate(android.os.Bundle)>",
						"key field: <android.app.TabActivity: android.widget.TabHost mTabHost>",
						"<android.app.TabActivity: void onContentChanged()>"
					],
					"depth":7,
					"method":"<android.webkit.StreamLoader: boolean handleMessage(android.os.Message)>",
					"source":"FIELDCALLER"
				},
				{
					"trace":[
						"<android.os.Handler$Callback: boolean handleMessage(android.os.Message)>",
						"<android.app.ActivityThread$H: void handleMessage(android.os.Message)>",
						"<android.app.ActivityThread: void access$2300(android.app.ActivityThread,android.app.ActivityThread$ActivityRecord,android.content.Intent)>",
						"<android.app.ActivityThread: void handleLaunchActivity(android.app.ActivityThread$ActivityRecord,android.content.Intent)>",
						"<android.app.ActivityThread: android.app.Activity performLaunchActivity(android.app.ActivityThread$ActivityRecord,android.content.Intent)>",
						"<android.app.Instrumentation: void callActivityOnPostCreate(android.app.Activity,android.os.Bundle)>",
						"<android.app.TabActivity: void onPostCreate(android.os.Bundle)>",
						"key field: <android.app.TabActivity: android.widget.TabHost mTabHost>",
						"<android.app.TabActivity: void onContentChanged()>"
					],
					"depth":7,
					"method":"<android.os.Handler$Callback: boolean handleMessage(android.os.Message)>",
					"source":"FIELDCALLER"
				},
				{
					"trace":[
						"<android.webkit.WebView$PrivateHandler: void handleMessage(android.os.Message)>",
						"<android.app.ActivityThread$H: void handleMessage(android.os.Message)>",
						"<android.app.ActivityThread: void access$2300(android.app.ActivityThread,android.app.ActivityThread$ActivityRecord,android.content.Intent)>",
						"<android.app.ActivityThread: void handleLaunchActivity(android.app.ActivityThread$ActivityRecord,android.content.Intent)>",
						"<android.app.ActivityThread: android.app.Activity performLaunchActivity(android.app.ActivityThread$ActivityRecord,android.content.Intent)>",
						"<android.app.Instrumentation: void callActivityOnPostCreate(android.app.Activity,android.os.Bundle)>",
						"<android.app.TabActivity: void onPostCreate(android.os.Bundle)>",
						"key field: <android.app.TabActivity: android.widget.TabHost mTabHost>",
						"<android.app.TabActivity: void onContentChanged()>"
					],
					"depth":7,
					"method":"<android.webkit.WebView$PrivateHandler: void handleMessage(android.os.Message)>",
					"source":"FIELDCALLER"
				},
				{
					"trace":[
						"<android.app.ProgressDialog: void incrementSecondaryProgressBy(int)>",
						"<android.app.ProgressDialog: void onProgressChanged()>",
						"<android.app.ActivityThread$H: void handleMessage(android.os.Message)>",
						"<android.app.ActivityThread: void access$2300(android.app.ActivityThread,android.app.ActivityThread$ActivityRecord,android.content.Intent)>",
						"<android.app.ActivityThread: void handleLaunchActivity(android.app.ActivityThread$ActivityRecord,android.content.Intent)>",
						"<android.app.ActivityThread: android.app.Activity performLaunchActivity(android.app.ActivityThread$ActivityRecord,android.content.Intent)>",
						"<android.app.Instrumentation: void callActivityOnPostCreate(android.app.Activity,android.os.Bundle)>",
						"<android.app.TabActivity: void onPostCreate(android.os.Bundle)>",
						"key field: <android.app.TabActivity: android.widget.TabHost mTabHost>",
						"<android.app.TabActivity: void onContentChanged()>"
					],
					"depth":8,
					"method":"<android.app.ProgressDialog: void incrementSecondaryProgressBy(int)>",
					"source":"FIELDCALLER"
				},
				{
					"trace":[
						"<android.app.ProgressDialog: void incrementProgressBy(int)>",
						"<android.app.ProgressDialog: void onProgressChanged()>",
						"<android.app.ActivityThread$H: void handleMessage(android.os.Message)>",
						"<android.app.ActivityThread: void access$2300(android.app.ActivityThread,android.app.ActivityThread$ActivityRecord,android.content.Intent)>",
						"<android.app.ActivityThread: void handleLaunchActivity(android.app.ActivityThread$ActivityRecord,android.content.Intent)>",
						"<android.app.ActivityThread: android.app.Activity performLaunchActivity(android.app.ActivityThread$ActivityRecord,android.content.Intent)>",
						"<android.app.Instrumentation: void callActivityOnPostCreate(android.app.Activity,android.os.Bundle)>",
						"<android.app.TabActivity: void onPostCreate(android.os.Bundle)>",
						"key field: <android.app.TabActivity: android.widget.TabHost mTabHost>",
						"<android.app.TabActivity: void onContentChanged()>"
					],
					"depth":8,
					"method":"<android.app.ProgressDialog: void incrementProgressBy(int)>",
					"source":"FIELDCALLER"
				},
				{
					"trace":[
						"<android.app.ProgressDialog: void setSecondaryProgress(int)>",
						"<android.app.ProgressDialog: void onProgressChanged()>",
						"<android.app.ActivityThread$H: void handleMessage(android.os.Message)>",
						"<android.app.ActivityThread: void access$2300(android.app.ActivityThread,android.app.ActivityThread$ActivityRecord,android.content.Intent)>",
						"<android.app.ActivityThread: void handleLaunchActivity(android.app.ActivityThread$ActivityRecord,android.content.Intent)>",
						"<android.app.ActivityThread: android.app.Activity performLaunchActivity(android.app.ActivityThread$ActivityRecord,android.content.Intent)>",
						"<android.app.Instrumentation: void callActivityOnPostCreate(android.app.Activity,android.os.Bundle)>",
						"<android.app.TabActivity: void onPostCreate(android.os.Bundle)>",
						"key field: <android.app.TabActivity: android.widget.TabHost mTabHost>",
						"<android.app.TabActivity: void onContentChanged()>"
					],
					"depth":8,
					"method":"<android.app.ProgressDialog: void setSecondaryProgress(int)>",
					"source":"FIELDCALLER"
				},
				{
					"trace":[
						"<android.app.ProgressDialog: void setProgress(int)>",
						"<android.app.ProgressDialog: void onProgressChanged()>",
						"<android.app.ActivityThread$H: void handleMessage(android.os.Message)>",
						"<android.app.ActivityThread: void access$2300(android.app.ActivityThread,android.app.ActivityThread$ActivityRecord,android.content.Intent)>",
						"<android.app.ActivityThread: void handleLaunchActivity(android.app.ActivityThread$ActivityRecord,android.content.Intent)>",
						"<android.app.ActivityThread: android.app.Activity performLaunchActivity(android.app.ActivityThread$ActivityRecord,android.content.Intent)>",
						"<android.app.Instrumentation: void callActivityOnPostCreate(android.app.Activity,android.os.Bundle)>",
						"<android.app.TabActivity: void onPostCreate(android.os.Bundle)>",
						"key field: <android.app.TabActivity: android.widget.TabHost mTabHost>",
						"<android.app.TabActivity: void onContentChanged()>"
					],
					"depth":8,
					"method":"<android.app.ProgressDialog: void setProgress(int)>",
					"source":"FIELDCALLER"
				},
				{
					"trace":[
						"<android.app.ProgressDialog: void setMax(int)>",
						"<android.app.ProgressDialog: void onProgressChanged()>",
						"<android.app.ActivityThread$H: void handleMessage(android.os.Message)>",
						"<android.app.ActivityThread: void access$2300(android.app.ActivityThread,android.app.ActivityThread$ActivityRecord,android.content.Intent)>",
						"<android.app.ActivityThread: void handleLaunchActivity(android.app.ActivityThread$ActivityRecord,android.content.Intent)>",
						"<android.app.ActivityThread: android.app.Activity performLaunchActivity(android.app.ActivityThread$ActivityRecord,android.content.Intent)>",
						"<android.app.Instrumentation: void callActivityOnPostCreate(android.app.Activity,android.os.Bundle)>",
						"<android.app.TabActivity: void onPostCreate(android.os.Bundle)>",
						"key field: <android.app.TabActivity: android.widget.TabHost mTabHost>",
						"<android.app.TabActivity: void onContentChanged()>"
					],
					"depth":8,
					"method":"<android.app.ProgressDialog: void setMax(int)>",
					"source":"FIELDCALLER"
				},
				{
					"trace":[
						"<android.app.IWallpaperManagerCallback$Stub: boolean onTransact(int,android.os.Parcel,android.os.Parcel,int)>",
						"<android.app.WallpaperManager$Globals: void onWallpaperChanged()>",
						"<android.app.ActivityThread$H: void handleMessage(android.os.Message)>",
						"<android.app.ActivityThread: void access$2300(android.app.ActivityThread,android.app.ActivityThread$ActivityRecord,android.content.Intent)>",
						"<android.app.ActivityThread: void handleLaunchActivity(android.app.ActivityThread$ActivityRecord,android.content.Intent)>",
						"<android.app.ActivityThread: android.app.Activity performLaunchActivity(android.app.ActivityThread$ActivityRecord,android.content.Intent)>",
						"<android.app.Instrumentation: void callActivityOnPostCreate(android.app.Activity,android.os.Bundle)>",
						"<android.app.TabActivity: void onPostCreate(android.os.Bundle)>",
						"key field: <android.app.TabActivity: android.widget.TabHost mTabHost>",
						"<android.app.TabActivity: void onContentChanged()>"
					],
					"depth":8,
					"method":"<android.app.IWallpaperManagerCallback$Stub: boolean onTransact(int,android.os.Parcel,android.os.Parcel,int)>",
					"source":"FIELDCALLER"
				},
				{
					"trace":[
						"<android.webkit.WebViewCore$EventHub$1: void handleMessage(android.os.Message)>",
						"<android.webkit.WebView$PrivateHandler: void handleMessage(android.os.Message)>",
						"<android.app.ActivityThread$H: void handleMessage(android.os.Message)>",
						"<android.app.ActivityThread: void access$2300(android.app.ActivityThread,android.app.ActivityThread$ActivityRecord,android.content.Intent)>",
						"<android.app.ActivityThread: void handleLaunchActivity(android.app.ActivityThread$ActivityRecord,android.content.Intent)>",
						"<android.app.ActivityThread: android.app.Activity performLaunchActivity(android.app.ActivityThread$ActivityRecord,android.content.Intent)>",
						"<android.app.Instrumentation: void callActivityOnPostCreate(android.app.Activity,android.os.Bundle)>",
						"<android.app.TabActivity: void onPostCreate(android.os.Bundle)>",
						"key field: <android.app.TabActivity: android.widget.TabHost mTabHost>",
						"<android.app.TabActivity: void onContentChanged()>"
					],
					"depth":8,
					"method":"<android.webkit.WebViewCore$EventHub$1: void handleMessage(android.os.Message)>",
					"source":"FIELDCALLER"
				},
				{
					"trace":[
						"<android.widget.Filter$RequestHandler: void handleMessage(android.os.Message)>",
						"<android.webkit.WebView$PrivateHandler: void handleMessage(android.os.Message)>",
						"<android.app.ActivityThread$H: void handleMessage(android.os.Message)>",
						"<android.app.ActivityThread: void access$2300(android.app.ActivityThread,android.app.ActivityThread$ActivityRecord,android.content.Intent)>",
						"<android.app.ActivityThread: void handleLaunchActivity(android.app.ActivityThread$ActivityRecord,android.content.Intent)>",
						"<android.app.ActivityThread: android.app.Activity performLaunchActivity(android.app.ActivityThread$ActivityRecord,android.content.Intent)>",
						"<android.app.Instrumentation: void callActivityOnPostCreate(android.app.Activity,android.os.Bundle)>",
						"<android.app.TabActivity: void onPostCreate(android.os.Bundle)>",
						"key field: <android.app.TabActivity: android.widget.TabHost mTabHost>",
						"<android.app.TabActivity: void onContentChanged()>"
					],
					"depth":8,
					"method":"<android.widget.Filter$RequestHandler: void handleMessage(android.os.Message)>",
					"source":"FIELDCALLER"
				},
				{
					"trace":[
						"<android.net.wifi.WifiStateTracker$DhcpHandler: void handleMessage(android.os.Message)>",
						"<android.webkit.WebView$PrivateHandler: void handleMessage(android.os.Message)>",
						"<android.app.ActivityThread$H: void handleMessage(android.os.Message)>",
						"<android.app.ActivityThread: void access$2300(android.app.ActivityThread,android.app.ActivityThread$ActivityRecord,android.content.Intent)>",
						"<android.app.ActivityThread: void handleLaunchActivity(android.app.ActivityThread$ActivityRecord,android.content.Intent)>",
						"<android.app.ActivityThread: android.app.Activity performLaunchActivity(android.app.ActivityThread$ActivityRecord,android.content.Intent)>",
						"<android.app.Instrumentation: void callActivityOnPostCreate(android.app.Activity,android.os.Bundle)>",
						"<android.app.TabActivity: void onPostCreate(android.os.Bundle)>",
						"key field: <android.app.TabActivity: android.widget.TabHost mTabHost>",
						"<android.app.TabActivity: void onContentChanged()>"
					],
					"depth":8,
					"method":"<android.net.wifi.WifiStateTracker$DhcpHandler: void handleMessage(android.os.Message)>",
					"source":"FIELDCALLER"
				},
				{
					"trace":[
						"<android.net.wifi.WifiStateTracker: void handleMessage(android.os.Message)>",
						"<android.webkit.WebView$PrivateHandler: void handleMessage(android.os.Message)>",
						"<android.app.ActivityThread$H: void handleMessage(android.os.Message)>",
						"<android.app.ActivityThread: void access$2300(android.app.ActivityThread,android.app.ActivityThread$ActivityRecord,android.content.Intent)>",
						"<android.app.ActivityThread: void handleLaunchActivity(android.app.ActivityThread$ActivityRecord,android.content.Intent)>",
						"<android.app.ActivityThread: android.app.Activity performLaunchActivity(android.app.ActivityThread$ActivityRecord,android.content.Intent)>",
						"<android.app.Instrumentation: void callActivityOnPostCreate(android.app.Activity,android.os.Bundle)>",
						"<android.app.TabActivity: void onPostCreate(android.os.Bundle)>",
						"key field: <android.app.TabActivity: android.widget.TabHost mTabHost>",
						"<android.app.TabActivity: void onContentChanged()>"
					],
					"depth":8,
					"method":"<android.net.wifi.WifiStateTracker: void handleMessage(android.os.Message)>",
					"source":"FIELDCALLER"
				},
				{
					"trace":[
						"<android.server.BluetoothService$1: void handleMessage(android.os.Message)>",
						"<android.webkit.WebView$PrivateHandler: void handleMessage(android.os.Message)>",
						"<android.app.ActivityThread$H: void handleMessage(android.os.Message)>",
						"<android.app.ActivityThread: void access$2300(android.app.ActivityThread,android.app.ActivityThread$ActivityRecord,android.content.Intent)>",
						"<android.app.ActivityThread: void handleLaunchActivity(android.app.ActivityThread$ActivityRecord,android.content.Intent)>",
						"<android.app.ActivityThread: android.app.Activity performLaunchActivity(android.app.ActivityThread$ActivityRecord,android.content.Intent)>",
						"<android.app.Instrumentation: void callActivityOnPostCreate(android.app.Activity,android.os.Bundle)>",
						"<android.app.TabActivity: void onPostCreate(android.os.Bundle)>",
						"key field: <android.app.TabActivity: android.widget.TabHost mTabHost>",
						"<android.app.TabActivity: void onContentChanged()>"
					],
					"depth":8,
					"method":"<android.server.BluetoothService$1: void handleMessage(android.os.Message)>",
					"source":"FIELDCALLER"
				},
				{
					"trace":[
						"<android.app.Instrumentation: void callActivityOnResume(android.app.Activity)>",
						"<android.app.ActivityGroup: void onResume()>",
						"<android.app.LocalActivityManager: void dispatchResume()>",
						"<android.app.LocalActivityManager: void moveToState(android.app.LocalActivityManager$LocalActivityRecord,int)>",
						"<android.app.ActivityThread: android.app.Activity startActivityNow(android.app.Activity,java.lang.String,android.content.Intent,android.content.pm.ActivityInfo,android.os.IBinder,android.os.Bundle,java.lang.Object)>",
						"<android.app.ActivityThread: android.app.Activity performLaunchActivity(android.app.ActivityThread$ActivityRecord,android.content.Intent)>",
						"<android.app.Instrumentation: void callActivityOnPostCreate(android.app.Activity,android.os.Bundle)>",
						"<android.app.TabActivity: void onPostCreate(android.os.Bundle)>",
						"key field: <android.app.TabActivity: android.widget.TabHost mTabHost>",
						"<android.app.TabActivity: void onContentChanged()>"
					],
					"depth":8,
					"method":"<android.app.Instrumentation: void callActivityOnResume(android.app.Activity)>",
					"source":"FIELDCALLER"
				},
				{
					"trace":[
						"<android.app.Instrumentation: void callActivityOnStop(android.app.Activity)>",
						"<android.app.ActivityGroup: void onStop()>",
						"<android.app.LocalActivityManager: void dispatchStop()>",
						"<android.app.LocalActivityManager: void moveToState(android.app.LocalActivityManager$LocalActivityRecord,int)>",
						"<android.app.ActivityThread: android.app.Activity startActivityNow(android.app.Activity,java.lang.String,android.content.Intent,android.content.pm.ActivityInfo,android.os.IBinder,android.os.Bundle,java.lang.Object)>",
						"<android.app.ActivityThread: android.app.Activity performLaunchActivity(android.app.ActivityThread$ActivityRecord,android.content.Intent)>",
						"<android.app.Instrumentation: void callActivityOnPostCreate(android.app.Activity,android.os.Bundle)>",
						"<android.app.TabActivity: void onPostCreate(android.os.Bundle)>",
						"key field: <android.app.TabActivity: android.widget.TabHost mTabHost>",
						"<android.app.TabActivity: void onContentChanged()>"
					],
					"depth":8,
					"method":"<android.app.Instrumentation: void callActivityOnStop(android.app.Activity)>",
					"source":"FIELDCALLER"
				},
				{
					"trace":[
						"<android.app.LocalActivityManager: android.view.Window destroyActivity(java.lang.String,boolean)>",
						"<android.app.LocalActivityManager: android.view.Window performDestroy(android.app.LocalActivityManager$LocalActivityRecord,boolean)>",
						"<android.app.LocalActivityManager: void performPause(android.app.LocalActivityManager$LocalActivityRecord,boolean)>",
						"<android.app.ActivityThread: android.os.Bundle performPauseActivity(android.os.IBinder,boolean,boolean)>",
						"<android.app.ActivityThread: android.os.Bundle performPauseActivity(android.app.ActivityThread$ActivityRecord,boolean,boolean)>",
						"<android.app.Instrumentation: void callActivityOnSaveInstanceState(android.app.Activity,android.os.Bundle)>",
						"<android.app.Activity: void performSaveInstanceState(android.os.Bundle)>",
						"<android.app.TabActivity: void onSaveInstanceState(android.os.Bundle)>",
						"key field: <android.app.TabActivity: android.widget.TabHost mTabHost>",
						"<android.app.TabActivity: void onContentChanged()>"
					],
					"depth":8,
					"method":"<android.app.LocalActivityManager: android.view.Window destroyActivity(java.lang.String,boolean)>",
					"source":"FIELDCALLER"
				}
			],
			"callerOfSingnlar2SourceVar":{}
		}
	]
}