{
	"exceptions":[
		{
			"method":"<android.net.http.AndroidHttpClientConnection: void assertNotOpen()>",
			"message":"\\QConnection is already open\\E",
			"relatedVarType":"Field",
			"relatedCondType":"Basic",
			"modifier":"private",
			"type":"java.lang.IllegalStateException",
			"osVersionRelated":false,
			"resourceRelated":false,
			"assessRelated":false,
			"hardwareRelated":true,
			"manifestRelated":false,
			"conditions":"$z0 == 0",
			"fieldValues":"<android.net.http.AndroidHttpClientConnection: boolean open>",
			"relatedValues":"; <android.net.http.AndroidHttpClientConnection: boolean open>; ",
			"keyAPISameClassNum":3,
			"keyAPIDiffClassNum":22,
			"keyAPISameClass":[
				{
					"trace":[
						"<android.net.http.AndroidHttpClientConnection: void assertNotOpen()>"
					],
					"depth":1,
					"method":"<android.net.http.AndroidHttpClientConnection: void bind(java.net.Socket,org.apache.http.params.HttpParams)>",
					"source":"FIELD"
				},
				{
					"trace":[
						"<android.net.http.AndroidHttpClientConnection: void assertNotOpen()>"
					],
					"depth":1,
					"method":"<android.net.http.AndroidHttpClientConnection: void close()>",
					"source":"FIELD"
				},
				{
					"trace":[
						"<android.net.http.AndroidHttpClientConnection: void assertNotOpen()>"
					],
					"depth":1,
					"method":"<android.net.http.AndroidHttpClientConnection: void shutdown()>",
					"source":"FIELD"
				}
			],
			"keyAPIDiffClass":[
				{
					"trace":[
						"<android.net.http.ConnectionThread: void run()>",
						"<android.net.http.Connection: void processRequests(android.net.http.Request)>",
						"<android.net.http.Connection: boolean openHttpConnection(android.net.http.Request)>",
						"<android.net.http.HttpsConnection: android.net.http.AndroidHttpClientConnection openConnection(android.net.http.Request)>",
						"<android.net.http.AndroidHttpClientConnection: void bind(java.net.Socket,org.apache.http.params.HttpParams)>",
						"key field: <android.net.http.AndroidHttpClientConnection: boolean open>",
						"<android.net.http.AndroidHttpClientConnection: void assertNotOpen()>"
					],
					"depth":5,
					"method":"<android.net.http.ConnectionThread: void run()>",
					"source":"FIELDCALLER"
				},
				{
					"trace":[
						"<android.net.http.RequestHandle: void processRequest()>",
						"<android.net.http.Connection: void processRequests(android.net.http.Request)>",
						"<android.net.http.Connection: boolean openHttpConnection(android.net.http.Request)>",
						"<android.net.http.HttpsConnection: android.net.http.AndroidHttpClientConnection openConnection(android.net.http.Request)>",
						"<android.net.http.AndroidHttpClientConnection: void bind(java.net.Socket,org.apache.http.params.HttpParams)>",
						"key field: <android.net.http.AndroidHttpClientConnection: boolean open>",
						"<android.net.http.AndroidHttpClientConnection: void assertNotOpen()>"
					],
					"depth":5,
					"method":"<android.net.http.RequestHandle: void processRequest()>",
					"source":"FIELDCALLER"
				},
				{
					"trace":[
						"<android.net.http.RequestHandle: void cancel()>",
						"<android.net.http.Request: void cancel()>",
						"<android.net.http.Connection: void cancel()>",
						"<android.net.http.HttpsConnection: void closeConnection()>",
						"<android.net.http.AndroidHttpClientConnection: void close()>",
						"key field: <android.net.http.AndroidHttpClientConnection: boolean open>",
						"<android.net.http.AndroidHttpClientConnection: void assertNotOpen()>"
					],
					"depth":5,
					"method":"<android.net.http.RequestHandle: void cancel()>",
					"source":"FIELDCALLER"
				},
				{
					"trace":[
						"<android.net.http.IdleCache$IdleReaper: void run()>",
						"<android.net.http.IdleCache: void access$200(android.net.http.IdleCache)>",
						"<android.net.http.IdleCache: void clearIdle()>",
						"<android.net.http.HttpsConnection: void closeConnection()>",
						"<android.net.http.AndroidHttpClientConnection: void close()>",
						"key field: <android.net.http.AndroidHttpClientConnection: boolean open>",
						"<android.net.http.AndroidHttpClientConnection: void assertNotOpen()>"
					],
					"depth":5,
					"method":"<android.net.http.IdleCache$IdleReaper: void run()>",
					"source":"FIELDCALLER"
				},
				{
					"trace":[
						"<android.webkit.WebView$8: void run()>",
						"<android.net.http.ConnectionThread: void run()>",
						"<android.net.http.Connection: void processRequests(android.net.http.Request)>",
						"<android.net.http.Connection: boolean openHttpConnection(android.net.http.Request)>",
						"<android.net.http.HttpsConnection: android.net.http.AndroidHttpClientConnection openConnection(android.net.http.Request)>",
						"<android.net.http.AndroidHttpClientConnection: void bind(java.net.Socket,org.apache.http.params.HttpParams)>",
						"key field: <android.net.http.AndroidHttpClientConnection: boolean open>",
						"<android.net.http.AndroidHttpClientConnection: void assertNotOpen()>"
					],
					"depth":6,
					"method":"<android.webkit.WebView$8: void run()>",
					"source":"FIELDCALLER"
				},
				{
					"trace":[
						"<java.lang.Runnable: void run()>",
						"<android.net.http.ConnectionThread: void run()>",
						"<android.net.http.Connection: void processRequests(android.net.http.Request)>",
						"<android.net.http.Connection: boolean openHttpConnection(android.net.http.Request)>",
						"<android.net.http.HttpsConnection: android.net.http.AndroidHttpClientConnection openConnection(android.net.http.Request)>",
						"<android.net.http.AndroidHttpClientConnection: void bind(java.net.Socket,org.apache.http.params.HttpParams)>",
						"key field: <android.net.http.AndroidHttpClientConnection: boolean open>",
						"<android.net.http.AndroidHttpClientConnection: void assertNotOpen()>"
					],
					"depth":6,
					"method":"<java.lang.Runnable: void run()>",
					"source":"FIELDCALLER"
				},
				{
					"trace":[
						"<android.webkit.LoadListener: void cancel()>",
						"<android.net.http.RequestHandle: void cancel()>",
						"<android.net.http.Request: void cancel()>",
						"<android.net.http.Connection: void cancel()>",
						"<android.net.http.HttpsConnection: void closeConnection()>",
						"<android.net.http.AndroidHttpClientConnection: void close()>",
						"key field: <android.net.http.AndroidHttpClientConnection: boolean open>",
						"<android.net.http.AndroidHttpClientConnection: void assertNotOpen()>"
					],
					"depth":6,
					"method":"<android.webkit.LoadListener: void cancel()>",
					"source":"FIELDCALLER"
				},
				{
					"trace":[
						"<android.net.http.RequestQueue: void enablePlatformNotifications()>",
						"<android.net.http.RequestQueue: void setProxyConfig()>",
						"<android.net.http.RequestQueue$ActivePool: void disablePersistence()>",
						"<android.net.http.IdleCache: void clear()>",
						"<android.net.http.HttpsConnection: void closeConnection()>",
						"<android.net.http.AndroidHttpClientConnection: void close()>",
						"key field: <android.net.http.AndroidHttpClientConnection: boolean open>",
						"<android.net.http.AndroidHttpClientConnection: void assertNotOpen()>"
					],
					"depth":6,
					"method":"<android.net.http.RequestQueue: void enablePlatformNotifications()>",
					"source":"FIELDCALLER"
				},
				{
					"trace":[
						"<android.test.InstrumentationTestCase$1: void run()>",
						"<android.webkit.WebView$8: void run()>",
						"<android.net.http.ConnectionThread: void run()>",
						"<android.net.http.Connection: void processRequests(android.net.http.Request)>",
						"<android.net.http.Connection: boolean openHttpConnection(android.net.http.Request)>",
						"<android.net.http.HttpsConnection: android.net.http.AndroidHttpClientConnection openConnection(android.net.http.Request)>",
						"<android.net.http.AndroidHttpClientConnection: void bind(java.net.Socket,org.apache.http.params.HttpParams)>",
						"key field: <android.net.http.AndroidHttpClientConnection: boolean open>",
						"<android.net.http.AndroidHttpClientConnection: void assertNotOpen()>"
					],
					"depth":7,
					"method":"<android.test.InstrumentationTestCase$1: void run()>",
					"source":"FIELDCALLER"
				},
				{
					"trace":[
						"<android.net.http.RequestHandle: boolean setupRedirect(java.lang.String,int,java.util.Map)>",
						"<android.net.http.RequestHandle: void createAndQueueNewRequest()>",
						"<android.net.http.RequestHandle: void processRequest()>",
						"<android.net.http.Connection: void processRequests(android.net.http.Request)>",
						"<android.net.http.Connection: boolean openHttpConnection(android.net.http.Request)>",
						"<android.net.http.HttpsConnection: android.net.http.AndroidHttpClientConnection openConnection(android.net.http.Request)>",
						"<android.net.http.AndroidHttpClientConnection: void bind(java.net.Socket,org.apache.http.params.HttpParams)>",
						"key field: <android.net.http.AndroidHttpClientConnection: boolean open>",
						"<android.net.http.AndroidHttpClientConnection: void assertNotOpen()>"
					],
					"depth":7,
					"method":"<android.net.http.RequestHandle: boolean setupRedirect(java.lang.String,int,java.util.Map)>",
					"source":"FIELDCALLER"
				},
				{
					"trace":[
						"<android.webkit.Network: void enablePlatformNotifications()>",
						"<android.net.http.RequestQueue: void enablePlatformNotifications()>",
						"<android.net.http.RequestQueue: void setProxyConfig()>",
						"<android.net.http.RequestQueue$ActivePool: void disablePersistence()>",
						"<android.net.http.IdleCache: void clear()>",
						"<android.net.http.HttpsConnection: void closeConnection()>",
						"<android.net.http.AndroidHttpClientConnection: void close()>",
						"key field: <android.net.http.AndroidHttpClientConnection: boolean open>",
						"<android.net.http.AndroidHttpClientConnection: void assertNotOpen()>"
					],
					"depth":7,
					"method":"<android.webkit.Network: void enablePlatformNotifications()>",
					"source":"FIELDCALLER"
				},
				{
					"trace":[
						"<android.net.http.RequestQueue$1: void onReceive(android.content.Context,android.content.Intent)>",
						"<android.net.http.RequestQueue: void access$300(android.net.http.RequestQueue)>",
						"<android.net.http.RequestQueue: void setProxyConfig()>",
						"<android.net.http.RequestQueue$ActivePool: void disablePersistence()>",
						"<android.net.http.IdleCache: void clear()>",
						"<android.net.http.HttpsConnection: void closeConnection()>",
						"<android.net.http.AndroidHttpClientConnection: void close()>",
						"key field: <android.net.http.AndroidHttpClientConnection: boolean open>",
						"<android.net.http.AndroidHttpClientConnection: void assertNotOpen()>"
					],
					"depth":7,
					"method":"<android.net.http.RequestQueue$1: void onReceive(android.content.Context,android.content.Intent)>",
					"source":"FIELDCALLER"
				},
				{
					"trace":[
						"<android.net.http.RequestQueue$ActivePool: boolean recycleConnection(android.net.http.Connection)>",
						"<android.net.http.IdleCache: boolean cacheConnection(org.apache.http.HttpHost,android.net.http.Connection)>",
						"<android.net.http.IdleCache$IdleReaper: void run()>",
						"<android.net.http.IdleCache: void access$200(android.net.http.IdleCache)>",
						"<android.net.http.IdleCache: void clearIdle()>",
						"<android.net.http.HttpsConnection: void closeConnection()>",
						"<android.net.http.AndroidHttpClientConnection: void close()>",
						"key field: <android.net.http.AndroidHttpClientConnection: boolean open>",
						"<android.net.http.AndroidHttpClientConnection: void assertNotOpen()>"
					],
					"depth":7,
					"method":"<android.net.http.RequestQueue$ActivePool: boolean recycleConnection(android.net.http.Connection)>",
					"source":"FIELDCALLER"
				},
				{
					"trace":[
						"<android.net.http.RequestQueue$ConnectionManager: boolean recycleConnection(android.net.http.Connection)>",
						"<android.net.http.IdleCache: boolean cacheConnection(org.apache.http.HttpHost,android.net.http.Connection)>",
						"<android.net.http.IdleCache$IdleReaper: void run()>",
						"<android.net.http.IdleCache: void access$200(android.net.http.IdleCache)>",
						"<android.net.http.IdleCache: void clearIdle()>",
						"<android.net.http.HttpsConnection: void closeConnection()>",
						"<android.net.http.AndroidHttpClientConnection: void close()>",
						"key field: <android.net.http.AndroidHttpClientConnection: boolean open>",
						"<android.net.http.AndroidHttpClientConnection: void assertNotOpen()>"
					],
					"depth":7,
					"method":"<android.net.http.RequestQueue$ConnectionManager: boolean recycleConnection(android.net.http.Connection)>",
					"source":"FIELDCALLER"
				},
				{
					"trace":[
						"<android.net.http.RequestQueue: void <init>(android.content.Context,int)>",
						"<android.net.http.RequestQueue$ActivePool: void <init>(android.net.http.RequestQueue,int)>",
						"<android.net.http.ConnectionThread: void <init>(android.content.Context,int,android.net.http.RequestQueue$ConnectionManager,android.net.http.RequestFeeder)>",
						"<android.net.http.ConnectionThread: void run()>",
						"<android.net.http.Connection: void processRequests(android.net.http.Request)>",
						"<android.net.http.Connection: boolean openHttpConnection(android.net.http.Request)>",
						"<android.net.http.HttpsConnection: android.net.http.AndroidHttpClientConnection openConnection(android.net.http.Request)>",
						"<android.net.http.AndroidHttpClientConnection: void bind(java.net.Socket,org.apache.http.params.HttpParams)>",
						"key field: <android.net.http.AndroidHttpClientConnection: boolean open>",
						"<android.net.http.AndroidHttpClientConnection: void assertNotOpen()>"
					],
					"depth":8,
					"method":"<android.net.http.RequestQueue: void <init>(android.content.Context,int)>",
					"source":"FIELDCALLER"
				},
				{
					"trace":[
						"<android.net.http.RequestQueue: void <init>(android.content.Context)>",
						"<android.net.http.RequestQueue: void <init>(android.content.Context,int)>",
						"<android.net.http.RequestQueue$ActivePool: void startup()>",
						"<android.net.http.ConnectionThread: void run()>",
						"<android.net.http.Connection: void processRequests(android.net.http.Request)>",
						"<android.net.http.Connection: boolean openHttpConnection(android.net.http.Request)>",
						"<android.net.http.HttpsConnection: android.net.http.AndroidHttpClientConnection openConnection(android.net.http.Request)>",
						"<android.net.http.AndroidHttpClientConnection: void bind(java.net.Socket,org.apache.http.params.HttpParams)>",
						"key field: <android.net.http.AndroidHttpClientConnection: boolean open>",
						"<android.net.http.AndroidHttpClientConnection: void assertNotOpen()>"
					],
					"depth":8,
					"method":"<android.net.http.RequestQueue: void <init>(android.content.Context)>",
					"source":"FIELDCALLER"
				},
				{
					"trace":[
						"<android.app.Instrumentation$SyncRunnable: void run()>",
						"<android.test.InstrumentationTestCase$1: void run()>",
						"<android.webkit.WebView$8: void run()>",
						"<android.net.http.ConnectionThread: void run()>",
						"<android.net.http.Connection: void processRequests(android.net.http.Request)>",
						"<android.net.http.Connection: boolean openHttpConnection(android.net.http.Request)>",
						"<android.net.http.HttpsConnection: android.net.http.AndroidHttpClientConnection openConnection(android.net.http.Request)>",
						"<android.net.http.AndroidHttpClientConnection: void bind(java.net.Socket,org.apache.http.params.HttpParams)>",
						"key field: <android.net.http.AndroidHttpClientConnection: boolean open>",
						"<android.net.http.AndroidHttpClientConnection: void assertNotOpen()>"
					],
					"depth":8,
					"method":"<android.app.Instrumentation$SyncRunnable: void run()>",
					"source":"FIELDCALLER"
				},
				{
					"trace":[
						"<android.widget.DigitalClock$1: void run()>",
						"<android.test.InstrumentationTestCase$1: void run()>",
						"<android.webkit.WebView$8: void run()>",
						"<android.net.http.ConnectionThread: void run()>",
						"<android.net.http.Connection: void processRequests(android.net.http.Request)>",
						"<android.net.http.Connection: boolean openHttpConnection(android.net.http.Request)>",
						"<android.net.http.HttpsConnection: android.net.http.AndroidHttpClientConnection openConnection(android.net.http.Request)>",
						"<android.net.http.AndroidHttpClientConnection: void bind(java.net.Socket,org.apache.http.params.HttpParams)>",
						"key field: <android.net.http.AndroidHttpClientConnection: boolean open>",
						"<android.net.http.AndroidHttpClientConnection: void assertNotOpen()>"
					],
					"depth":8,
					"method":"<android.widget.DigitalClock$1: void run()>",
					"source":"FIELDCALLER"
				},
				{
					"trace":[
						"<java.lang.Thread: void run()>",
						"<android.test.InstrumentationTestCase$1: void run()>",
						"<android.webkit.WebView$8: void run()>",
						"<android.net.http.ConnectionThread: void run()>",
						"<android.net.http.Connection: void processRequests(android.net.http.Request)>",
						"<android.net.http.Connection: boolean openHttpConnection(android.net.http.Request)>",
						"<android.net.http.HttpsConnection: android.net.http.AndroidHttpClientConnection openConnection(android.net.http.Request)>",
						"<android.net.http.AndroidHttpClientConnection: void bind(java.net.Socket,org.apache.http.params.HttpParams)>",
						"key field: <android.net.http.AndroidHttpClientConnection: boolean open>",
						"<android.net.http.AndroidHttpClientConnection: void assertNotOpen()>"
					],
					"depth":8,
					"method":"<java.lang.Thread: void run()>",
					"source":"FIELDCALLER"
				},
				{
					"trace":[
						"<android.net.http.RequestHandle: void setupBasicAuthResponse(boolean,java.lang.String,java.lang.String)>",
						"<android.net.http.RequestHandle: void setupAuthResponse()>",
						"<android.net.http.RequestHandle: void createAndQueueNewRequest()>",
						"<android.net.http.RequestHandle: void processRequest()>",
						"<android.net.http.Connection: void processRequests(android.net.http.Request)>",
						"<android.net.http.Connection: boolean openHttpConnection(android.net.http.Request)>",
						"<android.net.http.HttpsConnection: android.net.http.AndroidHttpClientConnection openConnection(android.net.http.Request)>",
						"<android.net.http.AndroidHttpClientConnection: void bind(java.net.Socket,org.apache.http.params.HttpParams)>",
						"key field: <android.net.http.AndroidHttpClientConnection: boolean open>",
						"<android.net.http.AndroidHttpClientConnection: void assertNotOpen()>"
					],
					"depth":8,
					"method":"<android.net.http.RequestHandle: void setupBasicAuthResponse(boolean,java.lang.String,java.lang.String)>",
					"source":"FIELDCALLER"
				},
				{
					"trace":[
						"<android.net.http.RequestHandle: void setupDigestAuthResponse(boolean,java.lang.String,java.lang.String,java.lang.String,java.lang.String,java.lang.String,java.lang.String,java.lang.String)>",
						"<android.net.http.RequestHandle: void setupAuthResponse()>",
						"<android.net.http.RequestHandle: void createAndQueueNewRequest()>",
						"<android.net.http.RequestHandle: void processRequest()>",
						"<android.net.http.Connection: void processRequests(android.net.http.Request)>",
						"<android.net.http.Connection: boolean openHttpConnection(android.net.http.Request)>",
						"<android.net.http.HttpsConnection: android.net.http.AndroidHttpClientConnection openConnection(android.net.http.Request)>",
						"<android.net.http.AndroidHttpClientConnection: void bind(java.net.Socket,org.apache.http.params.HttpParams)>",
						"key field: <android.net.http.AndroidHttpClientConnection: boolean open>",
						"<android.net.http.AndroidHttpClientConnection: void assertNotOpen()>"
					],
					"depth":8,
					"method":"<android.net.http.RequestHandle: void setupDigestAuthResponse(boolean,java.lang.String,java.lang.String,java.lang.String,java.lang.String,java.lang.String,java.lang.String,java.lang.String)>",
					"source":"FIELDCALLER"
				},
				{
					"trace":[
						"<android.webkit.WebView: void enablePlatformNotifications()>",
						"<android.webkit.Network: void enablePlatformNotifications()>",
						"<android.net.http.RequestQueue: void enablePlatformNotifications()>",
						"<android.net.http.RequestQueue: void setProxyConfig()>",
						"<android.net.http.RequestQueue$ActivePool: void disablePersistence()>",
						"<android.net.http.IdleCache: void clear()>",
						"<android.net.http.HttpsConnection: void closeConnection()>",
						"<android.net.http.AndroidHttpClientConnection: void close()>",
						"key field: <android.net.http.AndroidHttpClientConnection: boolean open>",
						"<android.net.http.AndroidHttpClientConnection: void assertNotOpen()>"
					],
					"depth":8,
					"method":"<android.webkit.WebView: void enablePlatformNotifications()>",
					"source":"FIELDCALLER"
				}
			],
			"callerOfSingnlar2SourceVar":{}
		},
		{
			"method":"<android.net.http.AndroidHttpClientConnection: void assertOpen()>",
			"message":"\\QConnection is not open\\E",
			"relatedVarType":"Field",
			"relatedCondType":"Basic",
			"modifier":"private",
			"type":"java.lang.IllegalStateException",
			"osVersionRelated":false,
			"resourceRelated":false,
			"assessRelated":false,
			"hardwareRelated":true,
			"manifestRelated":false,
			"conditions":"$z0 != 0",
			"fieldValues":"<android.net.http.AndroidHttpClientConnection: boolean open>",
			"relatedValues":"; <android.net.http.AndroidHttpClientConnection: boolean open>; ",
			"keyAPISameClassNum":3,
			"keyAPIDiffClassNum":22,
			"keyAPISameClass":[
				{
					"trace":[
						"<android.net.http.AndroidHttpClientConnection: void assertOpen()>"
					],
					"depth":1,
					"method":"<android.net.http.AndroidHttpClientConnection: void bind(java.net.Socket,org.apache.http.params.HttpParams)>",
					"source":"FIELD"
				},
				{
					"trace":[
						"<android.net.http.AndroidHttpClientConnection: void assertOpen()>"
					],
					"depth":1,
					"method":"<android.net.http.AndroidHttpClientConnection: void close()>",
					"source":"FIELD"
				},
				{
					"trace":[
						"<android.net.http.AndroidHttpClientConnection: void assertOpen()>"
					],
					"depth":1,
					"method":"<android.net.http.AndroidHttpClientConnection: void shutdown()>",
					"source":"FIELD"
				}
			],
			"keyAPIDiffClass":[
				{
					"trace":[
						"<android.net.http.ConnectionThread: void run()>",
						"<android.net.http.Connection: void processRequests(android.net.http.Request)>",
						"<android.net.http.Connection: boolean openHttpConnection(android.net.http.Request)>",
						"<android.net.http.HttpsConnection: android.net.http.AndroidHttpClientConnection openConnection(android.net.http.Request)>",
						"<android.net.http.AndroidHttpClientConnection: void bind(java.net.Socket,org.apache.http.params.HttpParams)>",
						"key field: <android.net.http.AndroidHttpClientConnection: boolean open>",
						"<android.net.http.AndroidHttpClientConnection: void assertOpen()>"
					],
					"depth":5,
					"method":"<android.net.http.ConnectionThread: void run()>",
					"source":"FIELDCALLER"
				},
				{
					"trace":[
						"<android.net.http.RequestHandle: void processRequest()>",
						"<android.net.http.Connection: void processRequests(android.net.http.Request)>",
						"<android.net.http.Connection: boolean openHttpConnection(android.net.http.Request)>",
						"<android.net.http.HttpsConnection: android.net.http.AndroidHttpClientConnection openConnection(android.net.http.Request)>",
						"<android.net.http.AndroidHttpClientConnection: void bind(java.net.Socket,org.apache.http.params.HttpParams)>",
						"key field: <android.net.http.AndroidHttpClientConnection: boolean open>",
						"<android.net.http.AndroidHttpClientConnection: void assertOpen()>"
					],
					"depth":5,
					"method":"<android.net.http.RequestHandle: void processRequest()>",
					"source":"FIELDCALLER"
				},
				{
					"trace":[
						"<android.net.http.RequestHandle: void cancel()>",
						"<android.net.http.Request: void cancel()>",
						"<android.net.http.Connection: void cancel()>",
						"<android.net.http.HttpsConnection: void closeConnection()>",
						"<android.net.http.AndroidHttpClientConnection: void close()>",
						"key field: <android.net.http.AndroidHttpClientConnection: boolean open>",
						"<android.net.http.AndroidHttpClientConnection: void assertOpen()>"
					],
					"depth":5,
					"method":"<android.net.http.RequestHandle: void cancel()>",
					"source":"FIELDCALLER"
				},
				{
					"trace":[
						"<android.net.http.IdleCache$IdleReaper: void run()>",
						"<android.net.http.IdleCache: void access$200(android.net.http.IdleCache)>",
						"<android.net.http.IdleCache: void clearIdle()>",
						"<android.net.http.HttpsConnection: void closeConnection()>",
						"<android.net.http.AndroidHttpClientConnection: void close()>",
						"key field: <android.net.http.AndroidHttpClientConnection: boolean open>",
						"<android.net.http.AndroidHttpClientConnection: void assertOpen()>"
					],
					"depth":5,
					"method":"<android.net.http.IdleCache$IdleReaper: void run()>",
					"source":"FIELDCALLER"
				},
				{
					"trace":[
						"<android.webkit.WebView$8: void run()>",
						"<android.net.http.ConnectionThread: void run()>",
						"<android.net.http.Connection: void processRequests(android.net.http.Request)>",
						"<android.net.http.Connection: boolean openHttpConnection(android.net.http.Request)>",
						"<android.net.http.HttpsConnection: android.net.http.AndroidHttpClientConnection openConnection(android.net.http.Request)>",
						"<android.net.http.AndroidHttpClientConnection: void bind(java.net.Socket,org.apache.http.params.HttpParams)>",
						"key field: <android.net.http.AndroidHttpClientConnection: boolean open>",
						"<android.net.http.AndroidHttpClientConnection: void assertOpen()>"
					],
					"depth":6,
					"method":"<android.webkit.WebView$8: void run()>",
					"source":"FIELDCALLER"
				},
				{
					"trace":[
						"<java.lang.Runnable: void run()>",
						"<android.net.http.ConnectionThread: void run()>",
						"<android.net.http.Connection: void processRequests(android.net.http.Request)>",
						"<android.net.http.Connection: boolean openHttpConnection(android.net.http.Request)>",
						"<android.net.http.HttpsConnection: android.net.http.AndroidHttpClientConnection openConnection(android.net.http.Request)>",
						"<android.net.http.AndroidHttpClientConnection: void bind(java.net.Socket,org.apache.http.params.HttpParams)>",
						"key field: <android.net.http.AndroidHttpClientConnection: boolean open>",
						"<android.net.http.AndroidHttpClientConnection: void assertOpen()>"
					],
					"depth":6,
					"method":"<java.lang.Runnable: void run()>",
					"source":"FIELDCALLER"
				},
				{
					"trace":[
						"<android.webkit.LoadListener: void cancel()>",
						"<android.net.http.RequestHandle: void cancel()>",
						"<android.net.http.Request: void cancel()>",
						"<android.net.http.Connection: void cancel()>",
						"<android.net.http.HttpsConnection: void closeConnection()>",
						"<android.net.http.AndroidHttpClientConnection: void close()>",
						"key field: <android.net.http.AndroidHttpClientConnection: boolean open>",
						"<android.net.http.AndroidHttpClientConnection: void assertOpen()>"
					],
					"depth":6,
					"method":"<android.webkit.LoadListener: void cancel()>",
					"source":"FIELDCALLER"
				},
				{
					"trace":[
						"<android.net.http.RequestQueue: void enablePlatformNotifications()>",
						"<android.net.http.RequestQueue: void setProxyConfig()>",
						"<android.net.http.RequestQueue$ActivePool: void disablePersistence()>",
						"<android.net.http.IdleCache: void clear()>",
						"<android.net.http.HttpsConnection: void closeConnection()>",
						"<android.net.http.AndroidHttpClientConnection: void close()>",
						"key field: <android.net.http.AndroidHttpClientConnection: boolean open>",
						"<android.net.http.AndroidHttpClientConnection: void assertOpen()>"
					],
					"depth":6,
					"method":"<android.net.http.RequestQueue: void enablePlatformNotifications()>",
					"source":"FIELDCALLER"
				},
				{
					"trace":[
						"<android.test.InstrumentationTestCase$1: void run()>",
						"<android.webkit.WebView$8: void run()>",
						"<android.net.http.ConnectionThread: void run()>",
						"<android.net.http.Connection: void processRequests(android.net.http.Request)>",
						"<android.net.http.Connection: boolean openHttpConnection(android.net.http.Request)>",
						"<android.net.http.HttpsConnection: android.net.http.AndroidHttpClientConnection openConnection(android.net.http.Request)>",
						"<android.net.http.AndroidHttpClientConnection: void bind(java.net.Socket,org.apache.http.params.HttpParams)>",
						"key field: <android.net.http.AndroidHttpClientConnection: boolean open>",
						"<android.net.http.AndroidHttpClientConnection: void assertOpen()>"
					],
					"depth":7,
					"method":"<android.test.InstrumentationTestCase$1: void run()>",
					"source":"FIELDCALLER"
				},
				{
					"trace":[
						"<android.net.http.RequestHandle: boolean setupRedirect(java.lang.String,int,java.util.Map)>",
						"<android.net.http.RequestHandle: void createAndQueueNewRequest()>",
						"<android.net.http.RequestHandle: void processRequest()>",
						"<android.net.http.Connection: void processRequests(android.net.http.Request)>",
						"<android.net.http.Connection: boolean openHttpConnection(android.net.http.Request)>",
						"<android.net.http.HttpsConnection: android.net.http.AndroidHttpClientConnection openConnection(android.net.http.Request)>",
						"<android.net.http.AndroidHttpClientConnection: void bind(java.net.Socket,org.apache.http.params.HttpParams)>",
						"key field: <android.net.http.AndroidHttpClientConnection: boolean open>",
						"<android.net.http.AndroidHttpClientConnection: void assertOpen()>"
					],
					"depth":7,
					"method":"<android.net.http.RequestHandle: boolean setupRedirect(java.lang.String,int,java.util.Map)>",
					"source":"FIELDCALLER"
				},
				{
					"trace":[
						"<android.webkit.Network: void enablePlatformNotifications()>",
						"<android.net.http.RequestQueue: void enablePlatformNotifications()>",
						"<android.net.http.RequestQueue: void setProxyConfig()>",
						"<android.net.http.RequestQueue$ActivePool: void disablePersistence()>",
						"<android.net.http.IdleCache: void clear()>",
						"<android.net.http.HttpsConnection: void closeConnection()>",
						"<android.net.http.AndroidHttpClientConnection: void close()>",
						"key field: <android.net.http.AndroidHttpClientConnection: boolean open>",
						"<android.net.http.AndroidHttpClientConnection: void assertOpen()>"
					],
					"depth":7,
					"method":"<android.webkit.Network: void enablePlatformNotifications()>",
					"source":"FIELDCALLER"
				},
				{
					"trace":[
						"<android.net.http.RequestQueue$1: void onReceive(android.content.Context,android.content.Intent)>",
						"<android.net.http.RequestQueue: void access$300(android.net.http.RequestQueue)>",
						"<android.net.http.RequestQueue: void setProxyConfig()>",
						"<android.net.http.RequestQueue$ActivePool: void disablePersistence()>",
						"<android.net.http.IdleCache: void clear()>",
						"<android.net.http.HttpsConnection: void closeConnection()>",
						"<android.net.http.AndroidHttpClientConnection: void close()>",
						"key field: <android.net.http.AndroidHttpClientConnection: boolean open>",
						"<android.net.http.AndroidHttpClientConnection: void assertOpen()>"
					],
					"depth":7,
					"method":"<android.net.http.RequestQueue$1: void onReceive(android.content.Context,android.content.Intent)>",
					"source":"FIELDCALLER"
				},
				{
					"trace":[
						"<android.net.http.RequestQueue$ActivePool: boolean recycleConnection(android.net.http.Connection)>",
						"<android.net.http.IdleCache: boolean cacheConnection(org.apache.http.HttpHost,android.net.http.Connection)>",
						"<android.net.http.IdleCache$IdleReaper: void run()>",
						"<android.net.http.IdleCache: void access$200(android.net.http.IdleCache)>",
						"<android.net.http.IdleCache: void clearIdle()>",
						"<android.net.http.HttpsConnection: void closeConnection()>",
						"<android.net.http.AndroidHttpClientConnection: void close()>",
						"key field: <android.net.http.AndroidHttpClientConnection: boolean open>",
						"<android.net.http.AndroidHttpClientConnection: void assertOpen()>"
					],
					"depth":7,
					"method":"<android.net.http.RequestQueue$ActivePool: boolean recycleConnection(android.net.http.Connection)>",
					"source":"FIELDCALLER"
				},
				{
					"trace":[
						"<android.net.http.RequestQueue$ConnectionManager: boolean recycleConnection(android.net.http.Connection)>",
						"<android.net.http.IdleCache: boolean cacheConnection(org.apache.http.HttpHost,android.net.http.Connection)>",
						"<android.net.http.IdleCache$IdleReaper: void run()>",
						"<android.net.http.IdleCache: void access$200(android.net.http.IdleCache)>",
						"<android.net.http.IdleCache: void clearIdle()>",
						"<android.net.http.HttpsConnection: void closeConnection()>",
						"<android.net.http.AndroidHttpClientConnection: void close()>",
						"key field: <android.net.http.AndroidHttpClientConnection: boolean open>",
						"<android.net.http.AndroidHttpClientConnection: void assertOpen()>"
					],
					"depth":7,
					"method":"<android.net.http.RequestQueue$ConnectionManager: boolean recycleConnection(android.net.http.Connection)>",
					"source":"FIELDCALLER"
				},
				{
					"trace":[
						"<android.net.http.RequestQueue: void <init>(android.content.Context,int)>",
						"<android.net.http.RequestQueue$ActivePool: void <init>(android.net.http.RequestQueue,int)>",
						"<android.net.http.ConnectionThread: void <init>(android.content.Context,int,android.net.http.RequestQueue$ConnectionManager,android.net.http.RequestFeeder)>",
						"<android.net.http.ConnectionThread: void run()>",
						"<android.net.http.Connection: void processRequests(android.net.http.Request)>",
						"<android.net.http.Connection: boolean openHttpConnection(android.net.http.Request)>",
						"<android.net.http.HttpsConnection: android.net.http.AndroidHttpClientConnection openConnection(android.net.http.Request)>",
						"<android.net.http.AndroidHttpClientConnection: void bind(java.net.Socket,org.apache.http.params.HttpParams)>",
						"key field: <android.net.http.AndroidHttpClientConnection: boolean open>",
						"<android.net.http.AndroidHttpClientConnection: void assertOpen()>"
					],
					"depth":8,
					"method":"<android.net.http.RequestQueue: void <init>(android.content.Context,int)>",
					"source":"FIELDCALLER"
				},
				{
					"trace":[
						"<android.net.http.RequestQueue: void <init>(android.content.Context)>",
						"<android.net.http.RequestQueue: void <init>(android.content.Context,int)>",
						"<android.net.http.RequestQueue$ActivePool: void startup()>",
						"<android.net.http.ConnectionThread: void run()>",
						"<android.net.http.Connection: void processRequests(android.net.http.Request)>",
						"<android.net.http.Connection: boolean openHttpConnection(android.net.http.Request)>",
						"<android.net.http.HttpsConnection: android.net.http.AndroidHttpClientConnection openConnection(android.net.http.Request)>",
						"<android.net.http.AndroidHttpClientConnection: void bind(java.net.Socket,org.apache.http.params.HttpParams)>",
						"key field: <android.net.http.AndroidHttpClientConnection: boolean open>",
						"<android.net.http.AndroidHttpClientConnection: void assertOpen()>"
					],
					"depth":8,
					"method":"<android.net.http.RequestQueue: void <init>(android.content.Context)>",
					"source":"FIELDCALLER"
				},
				{
					"trace":[
						"<android.app.Instrumentation$SyncRunnable: void run()>",
						"<android.test.InstrumentationTestCase$1: void run()>",
						"<android.webkit.WebView$8: void run()>",
						"<android.net.http.ConnectionThread: void run()>",
						"<android.net.http.Connection: void processRequests(android.net.http.Request)>",
						"<android.net.http.Connection: boolean openHttpConnection(android.net.http.Request)>",
						"<android.net.http.HttpsConnection: android.net.http.AndroidHttpClientConnection openConnection(android.net.http.Request)>",
						"<android.net.http.AndroidHttpClientConnection: void bind(java.net.Socket,org.apache.http.params.HttpParams)>",
						"key field: <android.net.http.AndroidHttpClientConnection: boolean open>",
						"<android.net.http.AndroidHttpClientConnection: void assertOpen()>"
					],
					"depth":8,
					"method":"<android.app.Instrumentation$SyncRunnable: void run()>",
					"source":"FIELDCALLER"
				},
				{
					"trace":[
						"<android.widget.DigitalClock$1: void run()>",
						"<android.test.InstrumentationTestCase$1: void run()>",
						"<android.webkit.WebView$8: void run()>",
						"<android.net.http.ConnectionThread: void run()>",
						"<android.net.http.Connection: void processRequests(android.net.http.Request)>",
						"<android.net.http.Connection: boolean openHttpConnection(android.net.http.Request)>",
						"<android.net.http.HttpsConnection: android.net.http.AndroidHttpClientConnection openConnection(android.net.http.Request)>",
						"<android.net.http.AndroidHttpClientConnection: void bind(java.net.Socket,org.apache.http.params.HttpParams)>",
						"key field: <android.net.http.AndroidHttpClientConnection: boolean open>",
						"<android.net.http.AndroidHttpClientConnection: void assertOpen()>"
					],
					"depth":8,
					"method":"<android.widget.DigitalClock$1: void run()>",
					"source":"FIELDCALLER"
				},
				{
					"trace":[
						"<java.lang.Thread: void run()>",
						"<android.test.InstrumentationTestCase$1: void run()>",
						"<android.webkit.WebView$8: void run()>",
						"<android.net.http.ConnectionThread: void run()>",
						"<android.net.http.Connection: void processRequests(android.net.http.Request)>",
						"<android.net.http.Connection: boolean openHttpConnection(android.net.http.Request)>",
						"<android.net.http.HttpsConnection: android.net.http.AndroidHttpClientConnection openConnection(android.net.http.Request)>",
						"<android.net.http.AndroidHttpClientConnection: void bind(java.net.Socket,org.apache.http.params.HttpParams)>",
						"key field: <android.net.http.AndroidHttpClientConnection: boolean open>",
						"<android.net.http.AndroidHttpClientConnection: void assertOpen()>"
					],
					"depth":8,
					"method":"<java.lang.Thread: void run()>",
					"source":"FIELDCALLER"
				},
				{
					"trace":[
						"<android.net.http.RequestHandle: void setupBasicAuthResponse(boolean,java.lang.String,java.lang.String)>",
						"<android.net.http.RequestHandle: void setupAuthResponse()>",
						"<android.net.http.RequestHandle: void createAndQueueNewRequest()>",
						"<android.net.http.RequestHandle: void processRequest()>",
						"<android.net.http.Connection: void processRequests(android.net.http.Request)>",
						"<android.net.http.Connection: boolean openHttpConnection(android.net.http.Request)>",
						"<android.net.http.HttpsConnection: android.net.http.AndroidHttpClientConnection openConnection(android.net.http.Request)>",
						"<android.net.http.AndroidHttpClientConnection: void bind(java.net.Socket,org.apache.http.params.HttpParams)>",
						"key field: <android.net.http.AndroidHttpClientConnection: boolean open>",
						"<android.net.http.AndroidHttpClientConnection: void assertOpen()>"
					],
					"depth":8,
					"method":"<android.net.http.RequestHandle: void setupBasicAuthResponse(boolean,java.lang.String,java.lang.String)>",
					"source":"FIELDCALLER"
				},
				{
					"trace":[
						"<android.net.http.RequestHandle: void setupDigestAuthResponse(boolean,java.lang.String,java.lang.String,java.lang.String,java.lang.String,java.lang.String,java.lang.String,java.lang.String)>",
						"<android.net.http.RequestHandle: void setupAuthResponse()>",
						"<android.net.http.RequestHandle: void createAndQueueNewRequest()>",
						"<android.net.http.RequestHandle: void processRequest()>",
						"<android.net.http.Connection: void processRequests(android.net.http.Request)>",
						"<android.net.http.Connection: boolean openHttpConnection(android.net.http.Request)>",
						"<android.net.http.HttpsConnection: android.net.http.AndroidHttpClientConnection openConnection(android.net.http.Request)>",
						"<android.net.http.AndroidHttpClientConnection: void bind(java.net.Socket,org.apache.http.params.HttpParams)>",
						"key field: <android.net.http.AndroidHttpClientConnection: boolean open>",
						"<android.net.http.AndroidHttpClientConnection: void assertOpen()>"
					],
					"depth":8,
					"method":"<android.net.http.RequestHandle: void setupDigestAuthResponse(boolean,java.lang.String,java.lang.String,java.lang.String,java.lang.String,java.lang.String,java.lang.String,java.lang.String)>",
					"source":"FIELDCALLER"
				},
				{
					"trace":[
						"<android.webkit.WebView: void enablePlatformNotifications()>",
						"<android.webkit.Network: void enablePlatformNotifications()>",
						"<android.net.http.RequestQueue: void enablePlatformNotifications()>",
						"<android.net.http.RequestQueue: void setProxyConfig()>",
						"<android.net.http.RequestQueue$ActivePool: void disablePersistence()>",
						"<android.net.http.IdleCache: void clear()>",
						"<android.net.http.HttpsConnection: void closeConnection()>",
						"<android.net.http.AndroidHttpClientConnection: void close()>",
						"key field: <android.net.http.AndroidHttpClientConnection: boolean open>",
						"<android.net.http.AndroidHttpClientConnection: void assertOpen()>"
					],
					"depth":8,
					"method":"<android.webkit.WebView: void enablePlatformNotifications()>",
					"source":"FIELDCALLER"
				}
			],
			"callerOfSingnlar2SourceVar":{}
		},
		{
			"method":"<android.net.http.AndroidHttpClientConnection: void bind(java.net.Socket,org.apache.http.params.HttpParams)>",
			"message":"\\QSocket may not be null\\E",
			"relatedVarType":"Parameter",
			"relatedCondType":"Basic",
			"modifier":"public",
			"type":"java.lang.IllegalArgumentException",
			"osVersionRelated":false,
			"resourceRelated":false,
			"assessRelated":false,
			"hardwareRelated":true,
			"manifestRelated":false,
			"conditions":"r0 != null",
			"paramValues":"@parameter0: java.net.Socket",
			"relatedValues":"@parameter0: java.net.Socket; ; ",
			"keyAPISameClassNum":0,
			"keyAPIDiffClassNum":0,
			"keyAPISameClass":[
				{
					"trace":[
						"<android.net.http.AndroidHttpClientConnection: void bind(java.net.Socket,org.apache.http.params.HttpParams)>"
					],
					"depth":0,
					"method":"<android.net.http.AndroidHttpClientConnection: void bind(java.net.Socket,org.apache.http.params.HttpParams)>",
					"source":"CALLER"
				}
			],
			"keyAPIDiffClass":[],
			"callerOfSingnlar2SourceVar":{
				"<android.net.http.AndroidHttpClientConnection: void bind(java.net.Socket,org.apache.http.params.HttpParams)>":"0"
			}
		},
		{
			"method":"<android.net.http.AndroidHttpClientConnection: void bind(java.net.Socket,org.apache.http.params.HttpParams)>",
			"message":"\\QHTTP parameters may not be null\\E",
			"relatedVarType":"Parameter",
			"relatedCondType":"Basic",
			"modifier":"public",
			"type":"java.lang.IllegalArgumentException",
			"osVersionRelated":false,
			"resourceRelated":false,
			"assessRelated":false,
			"hardwareRelated":true,
			"manifestRelated":false,
			"conditions":"r1 != null, r0 != null",
			"paramValues":"@parameter1: org.apache.http.params.HttpParams, @parameter0: java.net.Socket",
			"relatedValues":"@parameter1: org.apache.http.params.HttpParams, @parameter0: java.net.Socket; ; ",
			"keyAPISameClassNum":0,
			"keyAPIDiffClassNum":0,
			"keyAPISameClass":[
				{
					"trace":[
						"<android.net.http.AndroidHttpClientConnection: void bind(java.net.Socket,org.apache.http.params.HttpParams)>"
					],
					"depth":0,
					"method":"<android.net.http.AndroidHttpClientConnection: void bind(java.net.Socket,org.apache.http.params.HttpParams)>",
					"source":"CALLER"
				}
			],
			"keyAPIDiffClass":[],
			"callerOfSingnlar2SourceVar":{
				"<android.net.http.AndroidHttpClientConnection: void bind(java.net.Socket,org.apache.http.params.HttpParams)>":"1, 0"
			}
		},
		{
			"method":"<android.net.http.AndroidHttpClientConnection: org.apache.http.StatusLine parseResponseHeader(android.net.http.Headers)>",
			"message":"\\QMaximum line length limit exceeded\\E",
			"relatedVarType":"Field",
			"relatedCondType":"Basic",
			"modifier":"public",
			"type":"java.io.IOException",
			"osVersionRelated":false,
			"resourceRelated":false,
			"assessRelated":false,
			"hardwareRelated":true,
			"manifestRelated":false,
			"conditions":"$i16 <= $i15, $i0 != -1, r14 == null",
			"fieldValues":"<android.net.http.AndroidHttpClientConnection: org.apache.http.io.SessionInputBuffer inbuffer>, <org.apache.http.message.BasicLineParser: org.apache.http.message.BasicLineParser DEFAULT>, <android.net.http.AndroidHttpClientConnection: int maxLineLength>",
			"relatedValues":"; <android.net.http.AndroidHttpClientConnection: org.apache.http.io.SessionInputBuffer inbuffer>, <org.apache.http.message.BasicLineParser: org.apache.http.message.BasicLineParser DEFAULT>, <android.net.http.AndroidHttpClientConnection: int maxLineLength>; ",
			"keyAPISameClassNum":5,
			"keyAPIDiffClassNum":13,
			"keyAPISameClass":[
				{
					"trace":[
						"<android.net.http.AndroidHttpClientConnection: org.apache.http.StatusLine parseResponseHeader(android.net.http.Headers)>"
					],
					"depth":1,
					"method":"<android.net.http.AndroidHttpClientConnection: void <init>()>",
					"source":"FIELD"
				},
				{
					"trace":[
						"<android.net.http.AndroidHttpClientConnection: org.apache.http.StatusLine parseResponseHeader(android.net.http.Headers)>"
					],
					"depth":1,
					"method":"<android.net.http.AndroidHttpClientConnection: void bind(java.net.Socket,org.apache.http.params.HttpParams)>",
					"source":"FIELD"
				},
				{
					"trace":[
						"<android.net.http.AndroidHttpClientConnection: org.apache.http.StatusLine parseResponseHeader(android.net.http.Headers)>"
					],
					"depth":1,
					"method":"<android.net.http.AndroidHttpClientConnection: boolean isStale()>",
					"source":"FIELD"
				},
				{
					"trace":[
						"<android.net.http.AndroidHttpClientConnection: org.apache.http.StatusLine parseResponseHeader(android.net.http.Headers)>"
					],
					"depth":1,
					"method":"<android.net.http.AndroidHttpClientConnection: org.apache.http.StatusLine parseResponseHeader(android.net.http.Headers)>",
					"source":"FIELD"
				},
				{
					"trace":[
						"<android.net.http.AndroidHttpClientConnection: org.apache.http.StatusLine parseResponseHeader(android.net.http.Headers)>"
					],
					"depth":1,
					"method":"<android.net.http.AndroidHttpClientConnection: org.apache.http.HttpEntity receiveResponseEntity(android.net.http.Headers)>",
					"source":"FIELD"
				}
			],
			"keyAPIDiffClass":[
				{
					"trace":[
						"<android.net.http.ConnectionThread: void run()>",
						"<android.net.http.Connection: void processRequests(android.net.http.Request)>",
						"<android.net.http.Connection: boolean openHttpConnection(android.net.http.Request)>",
						"<android.net.http.HttpsConnection: android.net.http.AndroidHttpClientConnection openConnection(android.net.http.Request)>",
						"<android.net.http.AndroidHttpClientConnection: void <init>()>",
						"key field: <android.net.http.AndroidHttpClientConnection: org.apache.http.io.SessionInputBuffer inbuffer>",
						"<android.net.http.AndroidHttpClientConnection: org.apache.http.StatusLine parseResponseHeader(android.net.http.Headers)>"
					],
					"depth":5,
					"method":"<android.net.http.ConnectionThread: void run()>",
					"source":"FIELDCALLER"
				},
				{
					"trace":[
						"<android.net.http.RequestHandle: void processRequest()>",
						"<android.net.http.Connection: void processRequests(android.net.http.Request)>",
						"<android.net.http.Connection: boolean openHttpConnection(android.net.http.Request)>",
						"<android.net.http.HttpsConnection: android.net.http.AndroidHttpClientConnection openConnection(android.net.http.Request)>",
						"<android.net.http.AndroidHttpClientConnection: void <init>()>",
						"key field: <android.net.http.AndroidHttpClientConnection: org.apache.http.io.SessionInputBuffer inbuffer>",
						"<android.net.http.AndroidHttpClientConnection: org.apache.http.StatusLine parseResponseHeader(android.net.http.Headers)>"
					],
					"depth":5,
					"method":"<android.net.http.RequestHandle: void processRequest()>",
					"source":"FIELDCALLER"
				},
				{
					"trace":[
						"<android.webkit.WebView$8: void run()>",
						"<android.net.http.ConnectionThread: void run()>",
						"<android.net.http.Connection: void processRequests(android.net.http.Request)>",
						"<android.net.http.Connection: boolean openHttpConnection(android.net.http.Request)>",
						"<android.net.http.HttpsConnection: android.net.http.AndroidHttpClientConnection openConnection(android.net.http.Request)>",
						"<android.net.http.AndroidHttpClientConnection: void <init>()>",
						"key field: <android.net.http.AndroidHttpClientConnection: org.apache.http.io.SessionInputBuffer inbuffer>",
						"<android.net.http.AndroidHttpClientConnection: org.apache.http.StatusLine parseResponseHeader(android.net.http.Headers)>"
					],
					"depth":6,
					"method":"<android.webkit.WebView$8: void run()>",
					"source":"FIELDCALLER"
				},
				{
					"trace":[
						"<java.lang.Runnable: void run()>",
						"<android.net.http.ConnectionThread: void run()>",
						"<android.net.http.Connection: void processRequests(android.net.http.Request)>",
						"<android.net.http.Connection: boolean openHttpConnection(android.net.http.Request)>",
						"<android.net.http.HttpsConnection: android.net.http.AndroidHttpClientConnection openConnection(android.net.http.Request)>",
						"<android.net.http.AndroidHttpClientConnection: void <init>()>",
						"key field: <android.net.http.AndroidHttpClientConnection: org.apache.http.io.SessionInputBuffer inbuffer>",
						"<android.net.http.AndroidHttpClientConnection: org.apache.http.StatusLine parseResponseHeader(android.net.http.Headers)>"
					],
					"depth":6,
					"method":"<java.lang.Runnable: void run()>",
					"source":"FIELDCALLER"
				},
				{
					"trace":[
						"<android.test.InstrumentationTestCase$1: void run()>",
						"<android.webkit.WebView$8: void run()>",
						"<android.net.http.ConnectionThread: void run()>",
						"<android.net.http.Connection: void processRequests(android.net.http.Request)>",
						"<android.net.http.Connection: boolean openHttpConnection(android.net.http.Request)>",
						"<android.net.http.HttpsConnection: android.net.http.AndroidHttpClientConnection openConnection(android.net.http.Request)>",
						"<android.net.http.AndroidHttpClientConnection: void <init>()>",
						"key field: <android.net.http.AndroidHttpClientConnection: org.apache.http.io.SessionInputBuffer inbuffer>",
						"<android.net.http.AndroidHttpClientConnection: org.apache.http.StatusLine parseResponseHeader(android.net.http.Headers)>"
					],
					"depth":7,
					"method":"<android.test.InstrumentationTestCase$1: void run()>",
					"source":"FIELDCALLER"
				},
				{
					"trace":[
						"<android.net.http.RequestHandle: boolean setupRedirect(java.lang.String,int,java.util.Map)>",
						"<android.net.http.RequestHandle: void createAndQueueNewRequest()>",
						"<android.net.http.RequestHandle: void processRequest()>",
						"<android.net.http.Connection: void processRequests(android.net.http.Request)>",
						"<android.net.http.Connection: boolean openHttpConnection(android.net.http.Request)>",
						"<android.net.http.HttpsConnection: android.net.http.AndroidHttpClientConnection openConnection(android.net.http.Request)>",
						"<android.net.http.AndroidHttpClientConnection: void <init>()>",
						"key field: <android.net.http.AndroidHttpClientConnection: org.apache.http.io.SessionInputBuffer inbuffer>",
						"<android.net.http.AndroidHttpClientConnection: org.apache.http.StatusLine parseResponseHeader(android.net.http.Headers)>"
					],
					"depth":7,
					"method":"<android.net.http.RequestHandle: boolean setupRedirect(java.lang.String,int,java.util.Map)>",
					"source":"FIELDCALLER"
				},
				{
					"trace":[
						"<android.net.http.RequestQueue: void <init>(android.content.Context,int)>",
						"<android.net.http.RequestQueue$ActivePool: void <init>(android.net.http.RequestQueue,int)>",
						"<android.net.http.ConnectionThread: void <init>(android.content.Context,int,android.net.http.RequestQueue$ConnectionManager,android.net.http.RequestFeeder)>",
						"<android.net.http.ConnectionThread: void run()>",
						"<android.net.http.Connection: void processRequests(android.net.http.Request)>",
						"<android.net.http.Connection: boolean openHttpConnection(android.net.http.Request)>",
						"<android.net.http.HttpsConnection: android.net.http.AndroidHttpClientConnection openConnection(android.net.http.Request)>",
						"<android.net.http.AndroidHttpClientConnection: void <init>()>",
						"key field: <android.net.http.AndroidHttpClientConnection: org.apache.http.io.SessionInputBuffer inbuffer>",
						"<android.net.http.AndroidHttpClientConnection: org.apache.http.StatusLine parseResponseHeader(android.net.http.Headers)>"
					],
					"depth":8,
					"method":"<android.net.http.RequestQueue: void <init>(android.content.Context,int)>",
					"source":"FIELDCALLER"
				},
				{
					"trace":[
						"<android.net.http.RequestQueue: void <init>(android.content.Context)>",
						"<android.net.http.RequestQueue: void <init>(android.content.Context,int)>",
						"<android.net.http.RequestQueue$ActivePool: void startup()>",
						"<android.net.http.ConnectionThread: void run()>",
						"<android.net.http.Connection: void processRequests(android.net.http.Request)>",
						"<android.net.http.Connection: boolean openHttpConnection(android.net.http.Request)>",
						"<android.net.http.HttpsConnection: android.net.http.AndroidHttpClientConnection openConnection(android.net.http.Request)>",
						"<android.net.http.AndroidHttpClientConnection: void <init>()>",
						"key field: <android.net.http.AndroidHttpClientConnection: org.apache.http.io.SessionInputBuffer inbuffer>",
						"<android.net.http.AndroidHttpClientConnection: org.apache.http.StatusLine parseResponseHeader(android.net.http.Headers)>"
					],
					"depth":8,
					"method":"<android.net.http.RequestQueue: void <init>(android.content.Context)>",
					"source":"FIELDCALLER"
				},
				{
					"trace":[
						"<android.app.Instrumentation$SyncRunnable: void run()>",
						"<android.test.InstrumentationTestCase$1: void run()>",
						"<android.webkit.WebView$8: void run()>",
						"<android.net.http.ConnectionThread: void run()>",
						"<android.net.http.Connection: void processRequests(android.net.http.Request)>",
						"<android.net.http.Connection: boolean openHttpConnection(android.net.http.Request)>",
						"<android.net.http.HttpsConnection: android.net.http.AndroidHttpClientConnection openConnection(android.net.http.Request)>",
						"<android.net.http.AndroidHttpClientConnection: void <init>()>",
						"key field: <android.net.http.AndroidHttpClientConnection: org.apache.http.io.SessionInputBuffer inbuffer>",
						"<android.net.http.AndroidHttpClientConnection: org.apache.http.StatusLine parseResponseHeader(android.net.http.Headers)>"
					],
					"depth":8,
					"method":"<android.app.Instrumentation$SyncRunnable: void run()>",
					"source":"FIELDCALLER"
				},
				{
					"trace":[
						"<android.widget.DigitalClock$1: void run()>",
						"<android.test.InstrumentationTestCase$1: void run()>",
						"<android.webkit.WebView$8: void run()>",
						"<android.net.http.ConnectionThread: void run()>",
						"<android.net.http.Connection: void processRequests(android.net.http.Request)>",
						"<android.net.http.Connection: boolean openHttpConnection(android.net.http.Request)>",
						"<android.net.http.HttpsConnection: android.net.http.AndroidHttpClientConnection openConnection(android.net.http.Request)>",
						"<android.net.http.AndroidHttpClientConnection: void <init>()>",
						"key field: <android.net.http.AndroidHttpClientConnection: org.apache.http.io.SessionInputBuffer inbuffer>",
						"<android.net.http.AndroidHttpClientConnection: org.apache.http.StatusLine parseResponseHeader(android.net.http.Headers)>"
					],
					"depth":8,
					"method":"<android.widget.DigitalClock$1: void run()>",
					"source":"FIELDCALLER"
				},
				{
					"trace":[
						"<java.lang.Thread: void run()>",
						"<android.test.InstrumentationTestCase$1: void run()>",
						"<android.webkit.WebView$8: void run()>",
						"<android.net.http.ConnectionThread: void run()>",
						"<android.net.http.Connection: void processRequests(android.net.http.Request)>",
						"<android.net.http.Connection: boolean openHttpConnection(android.net.http.Request)>",
						"<android.net.http.HttpsConnection: android.net.http.AndroidHttpClientConnection openConnection(android.net.http.Request)>",
						"<android.net.http.AndroidHttpClientConnection: void <init>()>",
						"key field: <android.net.http.AndroidHttpClientConnection: org.apache.http.io.SessionInputBuffer inbuffer>",
						"<android.net.http.AndroidHttpClientConnection: org.apache.http.StatusLine parseResponseHeader(android.net.http.Headers)>"
					],
					"depth":8,
					"method":"<java.lang.Thread: void run()>",
					"source":"FIELDCALLER"
				},
				{
					"trace":[
						"<android.net.http.RequestHandle: void setupBasicAuthResponse(boolean,java.lang.String,java.lang.String)>",
						"<android.net.http.RequestHandle: void setupAuthResponse()>",
						"<android.net.http.RequestHandle: void createAndQueueNewRequest()>",
						"<android.net.http.RequestHandle: void processRequest()>",
						"<android.net.http.Connection: void processRequests(android.net.http.Request)>",
						"<android.net.http.Connection: boolean openHttpConnection(android.net.http.Request)>",
						"<android.net.http.HttpsConnection: android.net.http.AndroidHttpClientConnection openConnection(android.net.http.Request)>",
						"<android.net.http.AndroidHttpClientConnection: void <init>()>",
						"key field: <android.net.http.AndroidHttpClientConnection: org.apache.http.io.SessionInputBuffer inbuffer>",
						"<android.net.http.AndroidHttpClientConnection: org.apache.http.StatusLine parseResponseHeader(android.net.http.Headers)>"
					],
					"depth":8,
					"method":"<android.net.http.RequestHandle: void setupBasicAuthResponse(boolean,java.lang.String,java.lang.String)>",
					"source":"FIELDCALLER"
				},
				{
					"trace":[
						"<android.net.http.RequestHandle: void setupDigestAuthResponse(boolean,java.lang.String,java.lang.String,java.lang.String,java.lang.String,java.lang.String,java.lang.String,java.lang.String)>",
						"<android.net.http.RequestHandle: void setupAuthResponse()>",
						"<android.net.http.RequestHandle: void createAndQueueNewRequest()>",
						"<android.net.http.RequestHandle: void processRequest()>",
						"<android.net.http.Connection: void processRequests(android.net.http.Request)>",
						"<android.net.http.Connection: boolean openHttpConnection(android.net.http.Request)>",
						"<android.net.http.HttpsConnection: android.net.http.AndroidHttpClientConnection openConnection(android.net.http.Request)>",
						"<android.net.http.AndroidHttpClientConnection: void <init>()>",
						"key field: <android.net.http.AndroidHttpClientConnection: org.apache.http.io.SessionInputBuffer inbuffer>",
						"<android.net.http.AndroidHttpClientConnection: org.apache.http.StatusLine parseResponseHeader(android.net.http.Headers)>"
					],
					"depth":8,
					"method":"<android.net.http.RequestHandle: void setupDigestAuthResponse(boolean,java.lang.String,java.lang.String,java.lang.String,java.lang.String,java.lang.String,java.lang.String,java.lang.String)>",
					"source":"FIELDCALLER"
				}
			],
			"callerOfSingnlar2SourceVar":{}
		},
		{
			"method":"<android.net.http.AndroidHttpClientConnection: org.apache.http.StatusLine parseResponseHeader(android.net.http.Headers)>",
			"message":"\\QMaximum header count exceeded\\E",
			"relatedVarType":"Field",
			"relatedCondType":"Basic",
			"modifier":"public",
			"type":"java.io.IOException",
			"osVersionRelated":false,
			"resourceRelated":false,
			"assessRelated":false,
			"hardwareRelated":true,
			"manifestRelated":false,
			"conditions":"i18 < $i6, $i0 != -1, $i20 <= 0",
			"fieldValues":"<android.net.http.AndroidHttpClientConnection: org.apache.http.io.SessionInputBuffer inbuffer>, <android.net.http.AndroidHttpClientConnection: int maxHeaderCount>",
			"relatedValues":"; <android.net.http.AndroidHttpClientConnection: org.apache.http.io.SessionInputBuffer inbuffer>, <android.net.http.AndroidHttpClientConnection: int maxHeaderCount>; ",
			"keyAPISameClassNum":5,
			"keyAPIDiffClassNum":13,
			"keyAPISameClass":[
				{
					"trace":[
						"<android.net.http.AndroidHttpClientConnection: org.apache.http.StatusLine parseResponseHeader(android.net.http.Headers)>"
					],
					"depth":1,
					"method":"<android.net.http.AndroidHttpClientConnection: void <init>()>",
					"source":"FIELD"
				},
				{
					"trace":[
						"<android.net.http.AndroidHttpClientConnection: org.apache.http.StatusLine parseResponseHeader(android.net.http.Headers)>"
					],
					"depth":1,
					"method":"<android.net.http.AndroidHttpClientConnection: void bind(java.net.Socket,org.apache.http.params.HttpParams)>",
					"source":"FIELD"
				},
				{
					"trace":[
						"<android.net.http.AndroidHttpClientConnection: org.apache.http.StatusLine parseResponseHeader(android.net.http.Headers)>"
					],
					"depth":1,
					"method":"<android.net.http.AndroidHttpClientConnection: boolean isStale()>",
					"source":"FIELD"
				},
				{
					"trace":[
						"<android.net.http.AndroidHttpClientConnection: org.apache.http.StatusLine parseResponseHeader(android.net.http.Headers)>"
					],
					"depth":1,
					"method":"<android.net.http.AndroidHttpClientConnection: org.apache.http.StatusLine parseResponseHeader(android.net.http.Headers)>",
					"source":"FIELD"
				},
				{
					"trace":[
						"<android.net.http.AndroidHttpClientConnection: org.apache.http.StatusLine parseResponseHeader(android.net.http.Headers)>"
					],
					"depth":1,
					"method":"<android.net.http.AndroidHttpClientConnection: org.apache.http.HttpEntity receiveResponseEntity(android.net.http.Headers)>",
					"source":"FIELD"
				}
			],
			"keyAPIDiffClass":[
				{
					"trace":[
						"<android.net.http.ConnectionThread: void run()>",
						"<android.net.http.Connection: void processRequests(android.net.http.Request)>",
						"<android.net.http.Connection: boolean openHttpConnection(android.net.http.Request)>",
						"<android.net.http.HttpsConnection: android.net.http.AndroidHttpClientConnection openConnection(android.net.http.Request)>",
						"<android.net.http.AndroidHttpClientConnection: void <init>()>",
						"key field: <android.net.http.AndroidHttpClientConnection: org.apache.http.io.SessionInputBuffer inbuffer>",
						"<android.net.http.AndroidHttpClientConnection: org.apache.http.StatusLine parseResponseHeader(android.net.http.Headers)>"
					],
					"depth":5,
					"method":"<android.net.http.ConnectionThread: void run()>",
					"source":"FIELDCALLER"
				},
				{
					"trace":[
						"<android.net.http.RequestHandle: void processRequest()>",
						"<android.net.http.Connection: void processRequests(android.net.http.Request)>",
						"<android.net.http.Connection: boolean openHttpConnection(android.net.http.Request)>",
						"<android.net.http.HttpsConnection: android.net.http.AndroidHttpClientConnection openConnection(android.net.http.Request)>",
						"<android.net.http.AndroidHttpClientConnection: void <init>()>",
						"key field: <android.net.http.AndroidHttpClientConnection: org.apache.http.io.SessionInputBuffer inbuffer>",
						"<android.net.http.AndroidHttpClientConnection: org.apache.http.StatusLine parseResponseHeader(android.net.http.Headers)>"
					],
					"depth":5,
					"method":"<android.net.http.RequestHandle: void processRequest()>",
					"source":"FIELDCALLER"
				},
				{
					"trace":[
						"<android.webkit.WebView$8: void run()>",
						"<android.net.http.ConnectionThread: void run()>",
						"<android.net.http.Connection: void processRequests(android.net.http.Request)>",
						"<android.net.http.Connection: boolean openHttpConnection(android.net.http.Request)>",
						"<android.net.http.HttpsConnection: android.net.http.AndroidHttpClientConnection openConnection(android.net.http.Request)>",
						"<android.net.http.AndroidHttpClientConnection: void <init>()>",
						"key field: <android.net.http.AndroidHttpClientConnection: org.apache.http.io.SessionInputBuffer inbuffer>",
						"<android.net.http.AndroidHttpClientConnection: org.apache.http.StatusLine parseResponseHeader(android.net.http.Headers)>"
					],
					"depth":6,
					"method":"<android.webkit.WebView$8: void run()>",
					"source":"FIELDCALLER"
				},
				{
					"trace":[
						"<java.lang.Runnable: void run()>",
						"<android.net.http.ConnectionThread: void run()>",
						"<android.net.http.Connection: void processRequests(android.net.http.Request)>",
						"<android.net.http.Connection: boolean openHttpConnection(android.net.http.Request)>",
						"<android.net.http.HttpsConnection: android.net.http.AndroidHttpClientConnection openConnection(android.net.http.Request)>",
						"<android.net.http.AndroidHttpClientConnection: void <init>()>",
						"key field: <android.net.http.AndroidHttpClientConnection: org.apache.http.io.SessionInputBuffer inbuffer>",
						"<android.net.http.AndroidHttpClientConnection: org.apache.http.StatusLine parseResponseHeader(android.net.http.Headers)>"
					],
					"depth":6,
					"method":"<java.lang.Runnable: void run()>",
					"source":"FIELDCALLER"
				},
				{
					"trace":[
						"<android.test.InstrumentationTestCase$1: void run()>",
						"<android.webkit.WebView$8: void run()>",
						"<android.net.http.ConnectionThread: void run()>",
						"<android.net.http.Connection: void processRequests(android.net.http.Request)>",
						"<android.net.http.Connection: boolean openHttpConnection(android.net.http.Request)>",
						"<android.net.http.HttpsConnection: android.net.http.AndroidHttpClientConnection openConnection(android.net.http.Request)>",
						"<android.net.http.AndroidHttpClientConnection: void <init>()>",
						"key field: <android.net.http.AndroidHttpClientConnection: org.apache.http.io.SessionInputBuffer inbuffer>",
						"<android.net.http.AndroidHttpClientConnection: org.apache.http.StatusLine parseResponseHeader(android.net.http.Headers)>"
					],
					"depth":7,
					"method":"<android.test.InstrumentationTestCase$1: void run()>",
					"source":"FIELDCALLER"
				},
				{
					"trace":[
						"<android.net.http.RequestHandle: boolean setupRedirect(java.lang.String,int,java.util.Map)>",
						"<android.net.http.RequestHandle: void createAndQueueNewRequest()>",
						"<android.net.http.RequestHandle: void processRequest()>",
						"<android.net.http.Connection: void processRequests(android.net.http.Request)>",
						"<android.net.http.Connection: boolean openHttpConnection(android.net.http.Request)>",
						"<android.net.http.HttpsConnection: android.net.http.AndroidHttpClientConnection openConnection(android.net.http.Request)>",
						"<android.net.http.AndroidHttpClientConnection: void <init>()>",
						"key field: <android.net.http.AndroidHttpClientConnection: org.apache.http.io.SessionInputBuffer inbuffer>",
						"<android.net.http.AndroidHttpClientConnection: org.apache.http.StatusLine parseResponseHeader(android.net.http.Headers)>"
					],
					"depth":7,
					"method":"<android.net.http.RequestHandle: boolean setupRedirect(java.lang.String,int,java.util.Map)>",
					"source":"FIELDCALLER"
				},
				{
					"trace":[
						"<android.net.http.RequestQueue: void <init>(android.content.Context,int)>",
						"<android.net.http.RequestQueue$ActivePool: void <init>(android.net.http.RequestQueue,int)>",
						"<android.net.http.ConnectionThread: void <init>(android.content.Context,int,android.net.http.RequestQueue$ConnectionManager,android.net.http.RequestFeeder)>",
						"<android.net.http.ConnectionThread: void run()>",
						"<android.net.http.Connection: void processRequests(android.net.http.Request)>",
						"<android.net.http.Connection: boolean openHttpConnection(android.net.http.Request)>",
						"<android.net.http.HttpsConnection: android.net.http.AndroidHttpClientConnection openConnection(android.net.http.Request)>",
						"<android.net.http.AndroidHttpClientConnection: void <init>()>",
						"key field: <android.net.http.AndroidHttpClientConnection: org.apache.http.io.SessionInputBuffer inbuffer>",
						"<android.net.http.AndroidHttpClientConnection: org.apache.http.StatusLine parseResponseHeader(android.net.http.Headers)>"
					],
					"depth":8,
					"method":"<android.net.http.RequestQueue: void <init>(android.content.Context,int)>",
					"source":"FIELDCALLER"
				},
				{
					"trace":[
						"<android.net.http.RequestQueue: void <init>(android.content.Context)>",
						"<android.net.http.RequestQueue: void <init>(android.content.Context,int)>",
						"<android.net.http.RequestQueue$ActivePool: void startup()>",
						"<android.net.http.ConnectionThread: void run()>",
						"<android.net.http.Connection: void processRequests(android.net.http.Request)>",
						"<android.net.http.Connection: boolean openHttpConnection(android.net.http.Request)>",
						"<android.net.http.HttpsConnection: android.net.http.AndroidHttpClientConnection openConnection(android.net.http.Request)>",
						"<android.net.http.AndroidHttpClientConnection: void <init>()>",
						"key field: <android.net.http.AndroidHttpClientConnection: org.apache.http.io.SessionInputBuffer inbuffer>",
						"<android.net.http.AndroidHttpClientConnection: org.apache.http.StatusLine parseResponseHeader(android.net.http.Headers)>"
					],
					"depth":8,
					"method":"<android.net.http.RequestQueue: void <init>(android.content.Context)>",
					"source":"FIELDCALLER"
				},
				{
					"trace":[
						"<android.app.Instrumentation$SyncRunnable: void run()>",
						"<android.test.InstrumentationTestCase$1: void run()>",
						"<android.webkit.WebView$8: void run()>",
						"<android.net.http.ConnectionThread: void run()>",
						"<android.net.http.Connection: void processRequests(android.net.http.Request)>",
						"<android.net.http.Connection: boolean openHttpConnection(android.net.http.Request)>",
						"<android.net.http.HttpsConnection: android.net.http.AndroidHttpClientConnection openConnection(android.net.http.Request)>",
						"<android.net.http.AndroidHttpClientConnection: void <init>()>",
						"key field: <android.net.http.AndroidHttpClientConnection: org.apache.http.io.SessionInputBuffer inbuffer>",
						"<android.net.http.AndroidHttpClientConnection: org.apache.http.StatusLine parseResponseHeader(android.net.http.Headers)>"
					],
					"depth":8,
					"method":"<android.app.Instrumentation$SyncRunnable: void run()>",
					"source":"FIELDCALLER"
				},
				{
					"trace":[
						"<android.widget.DigitalClock$1: void run()>",
						"<android.test.InstrumentationTestCase$1: void run()>",
						"<android.webkit.WebView$8: void run()>",
						"<android.net.http.ConnectionThread: void run()>",
						"<android.net.http.Connection: void processRequests(android.net.http.Request)>",
						"<android.net.http.Connection: boolean openHttpConnection(android.net.http.Request)>",
						"<android.net.http.HttpsConnection: android.net.http.AndroidHttpClientConnection openConnection(android.net.http.Request)>",
						"<android.net.http.AndroidHttpClientConnection: void <init>()>",
						"key field: <android.net.http.AndroidHttpClientConnection: org.apache.http.io.SessionInputBuffer inbuffer>",
						"<android.net.http.AndroidHttpClientConnection: org.apache.http.StatusLine parseResponseHeader(android.net.http.Headers)>"
					],
					"depth":8,
					"method":"<android.widget.DigitalClock$1: void run()>",
					"source":"FIELDCALLER"
				},
				{
					"trace":[
						"<java.lang.Thread: void run()>",
						"<android.test.InstrumentationTestCase$1: void run()>",
						"<android.webkit.WebView$8: void run()>",
						"<android.net.http.ConnectionThread: void run()>",
						"<android.net.http.Connection: void processRequests(android.net.http.Request)>",
						"<android.net.http.Connection: boolean openHttpConnection(android.net.http.Request)>",
						"<android.net.http.HttpsConnection: android.net.http.AndroidHttpClientConnection openConnection(android.net.http.Request)>",
						"<android.net.http.AndroidHttpClientConnection: void <init>()>",
						"key field: <android.net.http.AndroidHttpClientConnection: org.apache.http.io.SessionInputBuffer inbuffer>",
						"<android.net.http.AndroidHttpClientConnection: org.apache.http.StatusLine parseResponseHeader(android.net.http.Headers)>"
					],
					"depth":8,
					"method":"<java.lang.Thread: void run()>",
					"source":"FIELDCALLER"
				},
				{
					"trace":[
						"<android.net.http.RequestHandle: void setupBasicAuthResponse(boolean,java.lang.String,java.lang.String)>",
						"<android.net.http.RequestHandle: void setupAuthResponse()>",
						"<android.net.http.RequestHandle: void createAndQueueNewRequest()>",
						"<android.net.http.RequestHandle: void processRequest()>",
						"<android.net.http.Connection: void processRequests(android.net.http.Request)>",
						"<android.net.http.Connection: boolean openHttpConnection(android.net.http.Request)>",
						"<android.net.http.HttpsConnection: android.net.http.AndroidHttpClientConnection openConnection(android.net.http.Request)>",
						"<android.net.http.AndroidHttpClientConnection: void <init>()>",
						"key field: <android.net.http.AndroidHttpClientConnection: org.apache.http.io.SessionInputBuffer inbuffer>",
						"<android.net.http.AndroidHttpClientConnection: org.apache.http.StatusLine parseResponseHeader(android.net.http.Headers)>"
					],
					"depth":8,
					"method":"<android.net.http.RequestHandle: void setupBasicAuthResponse(boolean,java.lang.String,java.lang.String)>",
					"source":"FIELDCALLER"
				},
				{
					"trace":[
						"<android.net.http.RequestHandle: void setupDigestAuthResponse(boolean,java.lang.String,java.lang.String,java.lang.String,java.lang.String,java.lang.String,java.lang.String,java.lang.String)>",
						"<android.net.http.RequestHandle: void setupAuthResponse()>",
						"<android.net.http.RequestHandle: void createAndQueueNewRequest()>",
						"<android.net.http.RequestHandle: void processRequest()>",
						"<android.net.http.Connection: void processRequests(android.net.http.Request)>",
						"<android.net.http.Connection: boolean openHttpConnection(android.net.http.Request)>",
						"<android.net.http.HttpsConnection: android.net.http.AndroidHttpClientConnection openConnection(android.net.http.Request)>",
						"<android.net.http.AndroidHttpClientConnection: void <init>()>",
						"key field: <android.net.http.AndroidHttpClientConnection: org.apache.http.io.SessionInputBuffer inbuffer>",
						"<android.net.http.AndroidHttpClientConnection: org.apache.http.StatusLine parseResponseHeader(android.net.http.Headers)>"
					],
					"depth":8,
					"method":"<android.net.http.RequestHandle: void setupDigestAuthResponse(boolean,java.lang.String,java.lang.String,java.lang.String,java.lang.String,java.lang.String,java.lang.String,java.lang.String)>",
					"source":"FIELDCALLER"
				}
			],
			"callerOfSingnlar2SourceVar":{}
		},
		{
			"method":"<android.net.http.AndroidHttpClientConnection: org.apache.http.StatusLine parseResponseHeader(android.net.http.Headers)>",
			"message":"[\\s\\S]*",
			"relatedVarType":"Field",
			"relatedCondType":"Basic",
			"modifier":"public",
			"type":"java.lang.Throwable",
			"osVersionRelated":false,
			"resourceRelated":false,
			"assessRelated":false,
			"hardwareRelated":true,
			"manifestRelated":false,
			"conditions":"$i0 != -1",
			"fieldValues":"<android.net.http.AndroidHttpClientConnection: org.apache.http.io.SessionInputBuffer inbuffer>",
			"relatedValues":"; <android.net.http.AndroidHttpClientConnection: org.apache.http.io.SessionInputBuffer inbuffer>; ",
			"keyAPISameClassNum":5,
			"keyAPIDiffClassNum":13,
			"keyAPISameClass":[
				{
					"trace":[
						"<android.net.http.AndroidHttpClientConnection: org.apache.http.StatusLine parseResponseHeader(android.net.http.Headers)>"
					],
					"depth":1,
					"method":"<android.net.http.AndroidHttpClientConnection: void <init>()>",
					"source":"FIELD"
				},
				{
					"trace":[
						"<android.net.http.AndroidHttpClientConnection: org.apache.http.StatusLine parseResponseHeader(android.net.http.Headers)>"
					],
					"depth":1,
					"method":"<android.net.http.AndroidHttpClientConnection: void bind(java.net.Socket,org.apache.http.params.HttpParams)>",
					"source":"FIELD"
				},
				{
					"trace":[
						"<android.net.http.AndroidHttpClientConnection: org.apache.http.StatusLine parseResponseHeader(android.net.http.Headers)>"
					],
					"depth":1,
					"method":"<android.net.http.AndroidHttpClientConnection: boolean isStale()>",
					"source":"FIELD"
				},
				{
					"trace":[
						"<android.net.http.AndroidHttpClientConnection: org.apache.http.StatusLine parseResponseHeader(android.net.http.Headers)>"
					],
					"depth":1,
					"method":"<android.net.http.AndroidHttpClientConnection: org.apache.http.StatusLine parseResponseHeader(android.net.http.Headers)>",
					"source":"FIELD"
				},
				{
					"trace":[
						"<android.net.http.AndroidHttpClientConnection: org.apache.http.StatusLine parseResponseHeader(android.net.http.Headers)>"
					],
					"depth":1,
					"method":"<android.net.http.AndroidHttpClientConnection: org.apache.http.HttpEntity receiveResponseEntity(android.net.http.Headers)>",
					"source":"FIELD"
				}
			],
			"keyAPIDiffClass":[
				{
					"trace":[
						"<android.net.http.ConnectionThread: void run()>",
						"<android.net.http.Connection: void processRequests(android.net.http.Request)>",
						"<android.net.http.Connection: boolean openHttpConnection(android.net.http.Request)>",
						"<android.net.http.HttpsConnection: android.net.http.AndroidHttpClientConnection openConnection(android.net.http.Request)>",
						"<android.net.http.AndroidHttpClientConnection: void <init>()>",
						"key field: <android.net.http.AndroidHttpClientConnection: org.apache.http.io.SessionInputBuffer inbuffer>",
						"<android.net.http.AndroidHttpClientConnection: org.apache.http.StatusLine parseResponseHeader(android.net.http.Headers)>"
					],
					"depth":5,
					"method":"<android.net.http.ConnectionThread: void run()>",
					"source":"FIELDCALLER"
				},
				{
					"trace":[
						"<android.net.http.RequestHandle: void processRequest()>",
						"<android.net.http.Connection: void processRequests(android.net.http.Request)>",
						"<android.net.http.Connection: boolean openHttpConnection(android.net.http.Request)>",
						"<android.net.http.HttpsConnection: android.net.http.AndroidHttpClientConnection openConnection(android.net.http.Request)>",
						"<android.net.http.AndroidHttpClientConnection: void <init>()>",
						"key field: <android.net.http.AndroidHttpClientConnection: org.apache.http.io.SessionInputBuffer inbuffer>",
						"<android.net.http.AndroidHttpClientConnection: org.apache.http.StatusLine parseResponseHeader(android.net.http.Headers)>"
					],
					"depth":5,
					"method":"<android.net.http.RequestHandle: void processRequest()>",
					"source":"FIELDCALLER"
				},
				{
					"trace":[
						"<android.webkit.WebView$8: void run()>",
						"<android.net.http.ConnectionThread: void run()>",
						"<android.net.http.Connection: void processRequests(android.net.http.Request)>",
						"<android.net.http.Connection: boolean openHttpConnection(android.net.http.Request)>",
						"<android.net.http.HttpsConnection: android.net.http.AndroidHttpClientConnection openConnection(android.net.http.Request)>",
						"<android.net.http.AndroidHttpClientConnection: void <init>()>",
						"key field: <android.net.http.AndroidHttpClientConnection: org.apache.http.io.SessionInputBuffer inbuffer>",
						"<android.net.http.AndroidHttpClientConnection: org.apache.http.StatusLine parseResponseHeader(android.net.http.Headers)>"
					],
					"depth":6,
					"method":"<android.webkit.WebView$8: void run()>",
					"source":"FIELDCALLER"
				},
				{
					"trace":[
						"<java.lang.Runnable: void run()>",
						"<android.net.http.ConnectionThread: void run()>",
						"<android.net.http.Connection: void processRequests(android.net.http.Request)>",
						"<android.net.http.Connection: boolean openHttpConnection(android.net.http.Request)>",
						"<android.net.http.HttpsConnection: android.net.http.AndroidHttpClientConnection openConnection(android.net.http.Request)>",
						"<android.net.http.AndroidHttpClientConnection: void <init>()>",
						"key field: <android.net.http.AndroidHttpClientConnection: org.apache.http.io.SessionInputBuffer inbuffer>",
						"<android.net.http.AndroidHttpClientConnection: org.apache.http.StatusLine parseResponseHeader(android.net.http.Headers)>"
					],
					"depth":6,
					"method":"<java.lang.Runnable: void run()>",
					"source":"FIELDCALLER"
				},
				{
					"trace":[
						"<android.test.InstrumentationTestCase$1: void run()>",
						"<android.webkit.WebView$8: void run()>",
						"<android.net.http.ConnectionThread: void run()>",
						"<android.net.http.Connection: void processRequests(android.net.http.Request)>",
						"<android.net.http.Connection: boolean openHttpConnection(android.net.http.Request)>",
						"<android.net.http.HttpsConnection: android.net.http.AndroidHttpClientConnection openConnection(android.net.http.Request)>",
						"<android.net.http.AndroidHttpClientConnection: void <init>()>",
						"key field: <android.net.http.AndroidHttpClientConnection: org.apache.http.io.SessionInputBuffer inbuffer>",
						"<android.net.http.AndroidHttpClientConnection: org.apache.http.StatusLine parseResponseHeader(android.net.http.Headers)>"
					],
					"depth":7,
					"method":"<android.test.InstrumentationTestCase$1: void run()>",
					"source":"FIELDCALLER"
				},
				{
					"trace":[
						"<android.net.http.RequestHandle: boolean setupRedirect(java.lang.String,int,java.util.Map)>",
						"<android.net.http.RequestHandle: void createAndQueueNewRequest()>",
						"<android.net.http.RequestHandle: void processRequest()>",
						"<android.net.http.Connection: void processRequests(android.net.http.Request)>",
						"<android.net.http.Connection: boolean openHttpConnection(android.net.http.Request)>",
						"<android.net.http.HttpsConnection: android.net.http.AndroidHttpClientConnection openConnection(android.net.http.Request)>",
						"<android.net.http.AndroidHttpClientConnection: void <init>()>",
						"key field: <android.net.http.AndroidHttpClientConnection: org.apache.http.io.SessionInputBuffer inbuffer>",
						"<android.net.http.AndroidHttpClientConnection: org.apache.http.StatusLine parseResponseHeader(android.net.http.Headers)>"
					],
					"depth":7,
					"method":"<android.net.http.RequestHandle: boolean setupRedirect(java.lang.String,int,java.util.Map)>",
					"source":"FIELDCALLER"
				},
				{
					"trace":[
						"<android.net.http.RequestQueue: void <init>(android.content.Context,int)>",
						"<android.net.http.RequestQueue$ActivePool: void <init>(android.net.http.RequestQueue,int)>",
						"<android.net.http.ConnectionThread: void <init>(android.content.Context,int,android.net.http.RequestQueue$ConnectionManager,android.net.http.RequestFeeder)>",
						"<android.net.http.ConnectionThread: void run()>",
						"<android.net.http.Connection: void processRequests(android.net.http.Request)>",
						"<android.net.http.Connection: boolean openHttpConnection(android.net.http.Request)>",
						"<android.net.http.HttpsConnection: android.net.http.AndroidHttpClientConnection openConnection(android.net.http.Request)>",
						"<android.net.http.AndroidHttpClientConnection: void <init>()>",
						"key field: <android.net.http.AndroidHttpClientConnection: org.apache.http.io.SessionInputBuffer inbuffer>",
						"<android.net.http.AndroidHttpClientConnection: org.apache.http.StatusLine parseResponseHeader(android.net.http.Headers)>"
					],
					"depth":8,
					"method":"<android.net.http.RequestQueue: void <init>(android.content.Context,int)>",
					"source":"FIELDCALLER"
				},
				{
					"trace":[
						"<android.net.http.RequestQueue: void <init>(android.content.Context)>",
						"<android.net.http.RequestQueue: void <init>(android.content.Context,int)>",
						"<android.net.http.RequestQueue$ActivePool: void startup()>",
						"<android.net.http.ConnectionThread: void run()>",
						"<android.net.http.Connection: void processRequests(android.net.http.Request)>",
						"<android.net.http.Connection: boolean openHttpConnection(android.net.http.Request)>",
						"<android.net.http.HttpsConnection: android.net.http.AndroidHttpClientConnection openConnection(android.net.http.Request)>",
						"<android.net.http.AndroidHttpClientConnection: void <init>()>",
						"key field: <android.net.http.AndroidHttpClientConnection: org.apache.http.io.SessionInputBuffer inbuffer>",
						"<android.net.http.AndroidHttpClientConnection: org.apache.http.StatusLine parseResponseHeader(android.net.http.Headers)>"
					],
					"depth":8,
					"method":"<android.net.http.RequestQueue: void <init>(android.content.Context)>",
					"source":"FIELDCALLER"
				},
				{
					"trace":[
						"<android.app.Instrumentation$SyncRunnable: void run()>",
						"<android.test.InstrumentationTestCase$1: void run()>",
						"<android.webkit.WebView$8: void run()>",
						"<android.net.http.ConnectionThread: void run()>",
						"<android.net.http.Connection: void processRequests(android.net.http.Request)>",
						"<android.net.http.Connection: boolean openHttpConnection(android.net.http.Request)>",
						"<android.net.http.HttpsConnection: android.net.http.AndroidHttpClientConnection openConnection(android.net.http.Request)>",
						"<android.net.http.AndroidHttpClientConnection: void <init>()>",
						"key field: <android.net.http.AndroidHttpClientConnection: org.apache.http.io.SessionInputBuffer inbuffer>",
						"<android.net.http.AndroidHttpClientConnection: org.apache.http.StatusLine parseResponseHeader(android.net.http.Headers)>"
					],
					"depth":8,
					"method":"<android.app.Instrumentation$SyncRunnable: void run()>",
					"source":"FIELDCALLER"
				},
				{
					"trace":[
						"<android.widget.DigitalClock$1: void run()>",
						"<android.test.InstrumentationTestCase$1: void run()>",
						"<android.webkit.WebView$8: void run()>",
						"<android.net.http.ConnectionThread: void run()>",
						"<android.net.http.Connection: void processRequests(android.net.http.Request)>",
						"<android.net.http.Connection: boolean openHttpConnection(android.net.http.Request)>",
						"<android.net.http.HttpsConnection: android.net.http.AndroidHttpClientConnection openConnection(android.net.http.Request)>",
						"<android.net.http.AndroidHttpClientConnection: void <init>()>",
						"key field: <android.net.http.AndroidHttpClientConnection: org.apache.http.io.SessionInputBuffer inbuffer>",
						"<android.net.http.AndroidHttpClientConnection: org.apache.http.StatusLine parseResponseHeader(android.net.http.Headers)>"
					],
					"depth":8,
					"method":"<android.widget.DigitalClock$1: void run()>",
					"source":"FIELDCALLER"
				},
				{
					"trace":[
						"<java.lang.Thread: void run()>",
						"<android.test.InstrumentationTestCase$1: void run()>",
						"<android.webkit.WebView$8: void run()>",
						"<android.net.http.ConnectionThread: void run()>",
						"<android.net.http.Connection: void processRequests(android.net.http.Request)>",
						"<android.net.http.Connection: boolean openHttpConnection(android.net.http.Request)>",
						"<android.net.http.HttpsConnection: android.net.http.AndroidHttpClientConnection openConnection(android.net.http.Request)>",
						"<android.net.http.AndroidHttpClientConnection: void <init>()>",
						"key field: <android.net.http.AndroidHttpClientConnection: org.apache.http.io.SessionInputBuffer inbuffer>",
						"<android.net.http.AndroidHttpClientConnection: org.apache.http.StatusLine parseResponseHeader(android.net.http.Headers)>"
					],
					"depth":8,
					"method":"<java.lang.Thread: void run()>",
					"source":"FIELDCALLER"
				},
				{
					"trace":[
						"<android.net.http.RequestHandle: void setupBasicAuthResponse(boolean,java.lang.String,java.lang.String)>",
						"<android.net.http.RequestHandle: void setupAuthResponse()>",
						"<android.net.http.RequestHandle: void createAndQueueNewRequest()>",
						"<android.net.http.RequestHandle: void processRequest()>",
						"<android.net.http.Connection: void processRequests(android.net.http.Request)>",
						"<android.net.http.Connection: boolean openHttpConnection(android.net.http.Request)>",
						"<android.net.http.HttpsConnection: android.net.http.AndroidHttpClientConnection openConnection(android.net.http.Request)>",
						"<android.net.http.AndroidHttpClientConnection: void <init>()>",
						"key field: <android.net.http.AndroidHttpClientConnection: org.apache.http.io.SessionInputBuffer inbuffer>",
						"<android.net.http.AndroidHttpClientConnection: org.apache.http.StatusLine parseResponseHeader(android.net.http.Headers)>"
					],
					"depth":8,
					"method":"<android.net.http.RequestHandle: void setupBasicAuthResponse(boolean,java.lang.String,java.lang.String)>",
					"source":"FIELDCALLER"
				},
				{
					"trace":[
						"<android.net.http.RequestHandle: void setupDigestAuthResponse(boolean,java.lang.String,java.lang.String,java.lang.String,java.lang.String,java.lang.String,java.lang.String,java.lang.String)>",
						"<android.net.http.RequestHandle: void setupAuthResponse()>",
						"<android.net.http.RequestHandle: void createAndQueueNewRequest()>",
						"<android.net.http.RequestHandle: void processRequest()>",
						"<android.net.http.Connection: void processRequests(android.net.http.Request)>",
						"<android.net.http.Connection: boolean openHttpConnection(android.net.http.Request)>",
						"<android.net.http.HttpsConnection: android.net.http.AndroidHttpClientConnection openConnection(android.net.http.Request)>",
						"<android.net.http.AndroidHttpClientConnection: void <init>()>",
						"key field: <android.net.http.AndroidHttpClientConnection: org.apache.http.io.SessionInputBuffer inbuffer>",
						"<android.net.http.AndroidHttpClientConnection: org.apache.http.StatusLine parseResponseHeader(android.net.http.Headers)>"
					],
					"depth":8,
					"method":"<android.net.http.RequestHandle: void setupDigestAuthResponse(boolean,java.lang.String,java.lang.String,java.lang.String,java.lang.String,java.lang.String,java.lang.String,java.lang.String)>",
					"source":"FIELDCALLER"
				}
			],
			"callerOfSingnlar2SourceVar":{}
		},
		{
			"method":"<android.net.http.AndroidHttpClientConnection: void sendRequestEntity(org.apache.http.HttpEntityEnclosingRequest)>",
			"message":"\\QHTTP request may not be null\\E",
			"relatedVarType":"Parameter",
			"relatedCondType":"Basic",
			"modifier":"public",
			"type":"java.lang.IllegalArgumentException",
			"osVersionRelated":false,
			"resourceRelated":false,
			"assessRelated":false,
			"hardwareRelated":true,
			"manifestRelated":false,
			"conditions":"r0 != null",
			"paramValues":"@parameter0: org.apache.http.HttpEntityEnclosingRequest",
			"relatedValues":"@parameter0: org.apache.http.HttpEntityEnclosingRequest; ; ",
			"keyAPISameClassNum":0,
			"keyAPIDiffClassNum":0,
			"keyAPISameClass":[
				{
					"trace":[
						"<android.net.http.AndroidHttpClientConnection: void sendRequestEntity(org.apache.http.HttpEntityEnclosingRequest)>"
					],
					"depth":0,
					"method":"<android.net.http.AndroidHttpClientConnection: void sendRequestEntity(org.apache.http.HttpEntityEnclosingRequest)>",
					"source":"CALLER"
				}
			],
			"keyAPIDiffClass":[],
			"callerOfSingnlar2SourceVar":{
				"<android.net.http.AndroidHttpClientConnection: void sendRequestEntity(org.apache.http.HttpEntityEnclosingRequest)>":"0"
			}
		},
		{
			"method":"<android.net.http.AndroidHttpClientConnection: void sendRequestHeader(org.apache.http.HttpRequest)>",
			"message":"\\QHTTP request may not be null\\E",
			"relatedVarType":"Parameter",
			"relatedCondType":"Basic",
			"modifier":"public",
			"type":"java.lang.IllegalArgumentException",
			"osVersionRelated":false,
			"resourceRelated":false,
			"assessRelated":false,
			"hardwareRelated":true,
			"manifestRelated":false,
			"conditions":"r0 != null",
			"paramValues":"@parameter0: org.apache.http.HttpRequest",
			"relatedValues":"@parameter0: org.apache.http.HttpRequest; ; ",
			"keyAPISameClassNum":0,
			"keyAPIDiffClassNum":0,
			"keyAPISameClass":[
				{
					"trace":[
						"<android.net.http.AndroidHttpClientConnection: void sendRequestHeader(org.apache.http.HttpRequest)>"
					],
					"depth":0,
					"method":"<android.net.http.AndroidHttpClientConnection: void sendRequestHeader(org.apache.http.HttpRequest)>",
					"source":"CALLER"
				}
			],
			"keyAPIDiffClass":[],
			"callerOfSingnlar2SourceVar":{
				"<android.net.http.AndroidHttpClientConnection: void sendRequestHeader(org.apache.http.HttpRequest)>":"0"
			}
		}
	]
}