{
	"exceptions":[
		{
			"method":"<android.os.ParcelFileDescriptor: void <init>(java.io.FileDescriptor)>",
			"message":"\\Qdescriptor must not be null\\E",
			"relatedVarType":"Parameter",
			"relatedCondType":"Basic",
			"modifier":"default",
			"type":"java.lang.NullPointerException",
			"osVersionRelated":false,
			"resourceRelated":false,
			"assessRelated":false,
			"hardwareRelated":true,
			"manifestRelated":false,
			"conditions":"r1 != null",
			"paramValues":"@parameter0: java.io.FileDescriptor",
			"relatedValues":"@parameter0: java.io.FileDescriptor; ; ",
			"keyAPISameClassNum":0,
			"keyAPIDiffClassNum":0,
			"keyAPISameClass":[
				{
					"trace":[
						"<android.os.ParcelFileDescriptor: void <init>(java.io.FileDescriptor)>"
					],
					"depth":0,
					"method":"<android.os.ParcelFileDescriptor: void <init>(java.io.FileDescriptor)>",
					"source":"CALLER"
				},
				{
					"trace":[
						"<android.os.ParcelFileDescriptor: android.os.ParcelFileDescriptor open(java.io.File,int)>",
						"<android.os.ParcelFileDescriptor: void <init>(java.io.FileDescriptor)>"
					],
					"depth":1,
					"method":"<android.os.ParcelFileDescriptor: android.os.ParcelFileDescriptor open(java.io.File,int)>",
					"source":"CALLER"
				},
				{
					"trace":[
						"<android.os.ParcelFileDescriptor: android.os.ParcelFileDescriptor fromSocket(java.net.Socket)>",
						"<android.os.ParcelFileDescriptor: void <init>(java.io.FileDescriptor)>"
					],
					"depth":1,
					"method":"<android.os.ParcelFileDescriptor: android.os.ParcelFileDescriptor fromSocket(java.net.Socket)>",
					"source":"CALLER"
				}
			],
			"keyAPIDiffClass":[
				{
					"trace":[
						"<android.os.DropBoxManager$Entry: void <init>(java.lang.String,long,java.io.File,int)>",
						"<android.os.ParcelFileDescriptor: android.os.ParcelFileDescriptor open(java.io.File,int)>",
						"<android.os.ParcelFileDescriptor: void <init>(java.io.FileDescriptor)>"
					],
					"depth":2,
					"method":"<android.os.DropBoxManager$Entry: void <init>(java.lang.String,long,java.io.File,int)>",
					"source":"CALLER"
				},
				{
					"trace":[
						"<android.os.DropBoxManager: void addFile(java.lang.String,java.io.File,int)>",
						"<android.os.DropBoxManager$Entry: void <init>(java.lang.String,long,java.io.File,int)>",
						"<android.os.ParcelFileDescriptor: android.os.ParcelFileDescriptor open(java.io.File,int)>",
						"<android.os.ParcelFileDescriptor: void <init>(java.io.FileDescriptor)>"
					],
					"depth":3,
					"method":"<android.os.DropBoxManager: void addFile(java.lang.String,java.io.File,int)>",
					"source":"CALLER"
				}
			],
			"callerOfSingnlar2SourceVar":{
				"<android.os.ParcelFileDescriptor: void <init>(java.io.FileDescriptor)>":"0"
			}
		},
		{
			"method":"<android.os.ParcelFileDescriptor: android.os.ParcelFileDescriptor open(java.io.File,int)>",
			"message":"\\QMust specify MODE_READ_ONLY, MODE_WRITE_ONLY, or MODE_READ_WRITE\\E",
			"relatedVarType":"Parameter",
			"relatedCondType":"Basic",
			"modifier":"public",
			"type":"java.lang.IllegalArgumentException",
			"osVersionRelated":false,
			"resourceRelated":false,
			"assessRelated":false,
			"hardwareRelated":true,
			"manifestRelated":false,
			"conditions":"$i2 != 0, r2 == null, $i1 == 0",
			"paramValues":"@parameter1: int",
			"relatedValues":"@parameter1: int; ; ",
			"keyAPISameClassNum":0,
			"keyAPIDiffClassNum":0,
			"keyAPISameClass":[
				{
					"trace":[
						"<android.os.ParcelFileDescriptor: android.os.ParcelFileDescriptor open(java.io.File,int)>"
					],
					"depth":0,
					"method":"<android.os.ParcelFileDescriptor: android.os.ParcelFileDescriptor open(java.io.File,int)>",
					"source":"CALLER"
				}
			],
			"keyAPIDiffClass":[],
			"callerOfSingnlar2SourceVar":{
				"<android.os.ParcelFileDescriptor: android.os.ParcelFileDescriptor open(java.io.File,int)>":"1"
			}
		}
	]
}