{
	"exceptions":[
		{
			"method":"<android.opengl.Matrix: void frustumM(float[],int,float,float,float,float,float,float)>",
			"message":"\\Qleft == right\\E",
			"relatedVarType":"Parameter",
			"relatedCondType":"Basic",
			"modifier":"public",
			"type":"java.lang.IllegalArgumentException",
			"osVersionRelated":false,
			"resourceRelated":false,
			"assessRelated":false,
			"hardwareRelated":true,
			"manifestRelated":false,
			"conditions":"$b0 != 0",
			"paramValues":"@parameter2: float, @parameter3: float",
			"relatedValues":"@parameter2: float, @parameter3: float; ; ",
			"keyAPISameClassNum":0,
			"keyAPIDiffClassNum":0,
			"keyAPISameClass":[
				{
					"trace":[
						"<android.opengl.Matrix: void frustumM(float[],int,float,float,float,float,float,float)>"
					],
					"depth":0,
					"method":"<android.opengl.Matrix: void frustumM(float[],int,float,float,float,float,float,float)>",
					"source":"CALLER"
				}
			],
			"keyAPIDiffClass":[],
			"callerOfSingnlar2SourceVar":{
				"<android.opengl.Matrix: void frustumM(float[],int,float,float,float,float,float,float)>":"2, 3"
			}
		},
		{
			"method":"<android.opengl.Matrix: void frustumM(float[],int,float,float,float,float,float,float)>",
			"message":"\\Qtop == bottom\\E",
			"relatedVarType":"Parameter",
			"relatedCondType":"Basic",
			"modifier":"public",
			"type":"java.lang.IllegalArgumentException",
			"osVersionRelated":false,
			"resourceRelated":false,
			"assessRelated":false,
			"hardwareRelated":true,
			"manifestRelated":false,
			"conditions":"$b1 != 0, $b0 != 0",
			"paramValues":"@parameter5: float, @parameter4: float, @parameter2: float, @parameter3: float",
			"relatedValues":"@parameter5: float, @parameter4: float, @parameter2: float, @parameter3: float; ; ",
			"keyAPISameClassNum":0,
			"keyAPIDiffClassNum":0,
			"keyAPISameClass":[
				{
					"trace":[
						"<android.opengl.Matrix: void frustumM(float[],int,float,float,float,float,float,float)>"
					],
					"depth":0,
					"method":"<android.opengl.Matrix: void frustumM(float[],int,float,float,float,float,float,float)>",
					"source":"CALLER"
				}
			],
			"keyAPIDiffClass":[],
			"callerOfSingnlar2SourceVar":{
				"<android.opengl.Matrix: void frustumM(float[],int,float,float,float,float,float,float)>":"5, 4, 2, 3"
			}
		},
		{
			"method":"<android.opengl.Matrix: void frustumM(float[],int,float,float,float,float,float,float)>",
			"message":"\\Qfar <= 0.0f\\E",
			"relatedVarType":"Parameter",
			"relatedCondType":"Basic",
			"modifier":"public",
			"type":"java.lang.IllegalArgumentException",
			"osVersionRelated":false,
			"resourceRelated":false,
			"assessRelated":false,
			"hardwareRelated":true,
			"manifestRelated":false,
			"conditions":"$b4 > 0, $b3 > 0, $b2 != 0",
			"paramValues":"@parameter7: float, @parameter6: float",
			"relatedValues":"@parameter7: float, @parameter6: float; ; ",
			"keyAPISameClassNum":0,
			"keyAPIDiffClassNum":0,
			"keyAPISameClass":[
				{
					"trace":[
						"<android.opengl.Matrix: void frustumM(float[],int,float,float,float,float,float,float)>"
					],
					"depth":0,
					"method":"<android.opengl.Matrix: void frustumM(float[],int,float,float,float,float,float,float)>",
					"source":"CALLER"
				}
			],
			"keyAPIDiffClass":[],
			"callerOfSingnlar2SourceVar":{
				"<android.opengl.Matrix: void frustumM(float[],int,float,float,float,float,float,float)>":"7, 6"
			}
		},
		{
			"method":"<android.opengl.Matrix: void frustumM(float[],int,float,float,float,float,float,float)>",
			"message":"\\Qnear == far\\E",
			"relatedVarType":"Parameter",
			"relatedCondType":"Basic",
			"modifier":"public",
			"type":"java.lang.IllegalArgumentException",
			"osVersionRelated":false,
			"resourceRelated":false,
			"assessRelated":false,
			"hardwareRelated":true,
			"manifestRelated":false,
			"conditions":"$b2 != 0, $b1 != 0, $b0 != 0",
			"paramValues":"@parameter6: float, @parameter7: float, @parameter5: float, @parameter4: float, @parameter2: float, @parameter3: float",
			"relatedValues":"@parameter6: float, @parameter7: float, @parameter5: float, @parameter4: float, @parameter2: float, @parameter3: float; ; ",
			"keyAPISameClassNum":0,
			"keyAPIDiffClassNum":0,
			"keyAPISameClass":[
				{
					"trace":[
						"<android.opengl.Matrix: void frustumM(float[],int,float,float,float,float,float,float)>"
					],
					"depth":0,
					"method":"<android.opengl.Matrix: void frustumM(float[],int,float,float,float,float,float,float)>",
					"source":"CALLER"
				}
			],
			"keyAPIDiffClass":[],
			"callerOfSingnlar2SourceVar":{
				"<android.opengl.Matrix: void frustumM(float[],int,float,float,float,float,float,float)>":"6, 7, 5, 4, 2, 3"
			}
		},
		{
			"method":"<android.opengl.Matrix: void frustumM(float[],int,float,float,float,float,float,float)>",
			"message":"\\Qnear <= 0.0f\\E",
			"relatedVarType":"Parameter",
			"relatedCondType":"Basic",
			"modifier":"public",
			"type":"java.lang.IllegalArgumentException",
			"osVersionRelated":false,
			"resourceRelated":false,
			"assessRelated":false,
			"hardwareRelated":true,
			"manifestRelated":false,
			"conditions":"$b3 > 0, $b2 != 0, $b1 != 0",
			"paramValues":"@parameter6: float, @parameter7: float, @parameter5: float, @parameter4: float",
			"relatedValues":"@parameter6: float, @parameter7: float, @parameter5: float, @parameter4: float; ; ",
			"keyAPISameClassNum":0,
			"keyAPIDiffClassNum":0,
			"keyAPISameClass":[
				{
					"trace":[
						"<android.opengl.Matrix: void frustumM(float[],int,float,float,float,float,float,float)>"
					],
					"depth":0,
					"method":"<android.opengl.Matrix: void frustumM(float[],int,float,float,float,float,float,float)>",
					"source":"CALLER"
				}
			],
			"keyAPIDiffClass":[],
			"callerOfSingnlar2SourceVar":{
				"<android.opengl.Matrix: void frustumM(float[],int,float,float,float,float,float,float)>":"6, 7, 5, 4"
			}
		},
		{
			"method":"<android.opengl.Matrix: void orthoM(float[],int,float,float,float,float,float,float)>",
			"message":"\\Qnear == far\\E",
			"relatedVarType":"Parameter",
			"relatedCondType":"Basic",
			"modifier":"public",
			"type":"java.lang.IllegalArgumentException",
			"osVersionRelated":false,
			"resourceRelated":false,
			"assessRelated":false,
			"hardwareRelated":true,
			"manifestRelated":false,
			"conditions":"$b2 != 0, $b1 != 0, $b0 != 0",
			"paramValues":"@parameter6: float, @parameter7: float, @parameter4: float, @parameter5: float, @parameter2: float, @parameter3: float",
			"relatedValues":"@parameter6: float, @parameter7: float, @parameter4: float, @parameter5: float, @parameter2: float, @parameter3: float; ; ",
			"keyAPISameClassNum":0,
			"keyAPIDiffClassNum":0,
			"keyAPISameClass":[
				{
					"trace":[
						"<android.opengl.Matrix: void orthoM(float[],int,float,float,float,float,float,float)>"
					],
					"depth":0,
					"method":"<android.opengl.Matrix: void orthoM(float[],int,float,float,float,float,float,float)>",
					"source":"CALLER"
				}
			],
			"keyAPIDiffClass":[],
			"callerOfSingnlar2SourceVar":{
				"<android.opengl.Matrix: void orthoM(float[],int,float,float,float,float,float,float)>":"6, 7, 4, 5, 2, 3"
			}
		},
		{
			"method":"<android.opengl.Matrix: void orthoM(float[],int,float,float,float,float,float,float)>",
			"message":"\\Qleft == right\\E",
			"relatedVarType":"Parameter",
			"relatedCondType":"Basic",
			"modifier":"public",
			"type":"java.lang.IllegalArgumentException",
			"osVersionRelated":false,
			"resourceRelated":false,
			"assessRelated":false,
			"hardwareRelated":true,
			"manifestRelated":false,
			"conditions":"$b0 != 0",
			"paramValues":"@parameter2: float, @parameter3: float",
			"relatedValues":"@parameter2: float, @parameter3: float; ; ",
			"keyAPISameClassNum":0,
			"keyAPIDiffClassNum":0,
			"keyAPISameClass":[
				{
					"trace":[
						"<android.opengl.Matrix: void orthoM(float[],int,float,float,float,float,float,float)>"
					],
					"depth":0,
					"method":"<android.opengl.Matrix: void orthoM(float[],int,float,float,float,float,float,float)>",
					"source":"CALLER"
				}
			],
			"keyAPIDiffClass":[],
			"callerOfSingnlar2SourceVar":{
				"<android.opengl.Matrix: void orthoM(float[],int,float,float,float,float,float,float)>":"2, 3"
			}
		},
		{
			"method":"<android.opengl.Matrix: void orthoM(float[],int,float,float,float,float,float,float)>",
			"message":"\\Qbottom == top\\E",
			"relatedVarType":"Parameter",
			"relatedCondType":"Basic",
			"modifier":"public",
			"type":"java.lang.IllegalArgumentException",
			"osVersionRelated":false,
			"resourceRelated":false,
			"assessRelated":false,
			"hardwareRelated":true,
			"manifestRelated":false,
			"conditions":"$b1 != 0, $b0 != 0",
			"paramValues":"@parameter4: float, @parameter5: float, @parameter2: float, @parameter3: float",
			"relatedValues":"@parameter4: float, @parameter5: float, @parameter2: float, @parameter3: float; ; ",
			"keyAPISameClassNum":0,
			"keyAPIDiffClassNum":0,
			"keyAPISameClass":[
				{
					"trace":[
						"<android.opengl.Matrix: void orthoM(float[],int,float,float,float,float,float,float)>"
					],
					"depth":0,
					"method":"<android.opengl.Matrix: void orthoM(float[],int,float,float,float,float,float,float)>",
					"source":"CALLER"
				}
			],
			"keyAPIDiffClass":[],
			"callerOfSingnlar2SourceVar":{
				"<android.opengl.Matrix: void orthoM(float[],int,float,float,float,float,float,float)>":"4, 5, 2, 3"
			}
		}
	]
}