{
	"exceptions":[
		{
			"method":"<android.app.ActivityThread$PackageInfo$ReceiverDispatcher$Args: void run()>",
			"message":"\\QError receiving broadcast \\E[\\s\\S]*\\Q in \\E[\\s\\S]*",
			"relatedVarType":"Field",
			"relatedCondType":"Basic",
			"modifier":"public",
			"type":"java.lang.RuntimeException",
			"osVersionRelated":false,
			"resourceRelated":false,
			"assessRelated":false,
			"hardwareRelated":false,
			"manifestRelated":false,
			"conditions":"$r52 == null, $z7 == 0, r2 != null",
			"fieldValues":"<android.app.ActivityThread$PackageInfo$ReceiverDispatcher$Args: android.app.ActivityThread$PackageInfo$ReceiverDispatcher this$0>",
			"caughtValues":"@caughtexception",
			"relatedValues":"; <android.app.ActivityThread$PackageInfo$ReceiverDispatcher$Args: android.app.ActivityThread$PackageInfo$ReceiverDispatcher this$0>; @caughtexception",
			"keyAPISameClassNum":1,
			"keyAPIDiffClassNum":51,
			"keyAPISameClass":[
				{
					"trace":[
						"<android.app.ActivityThread$PackageInfo$ReceiverDispatcher$Args: void run()>"
					],
					"depth":1,
					"method":"<android.app.ActivityThread$PackageInfo$ReceiverDispatcher$Args: void run()>",
					"source":"FIELD"
				}
			],
			"keyAPIDiffClass":[
				{
					"trace":[
						"<android.app.ActivityThread$PackageInfo$ReceiverDispatcher: void performReceive(android.content.Intent,int,java.lang.String,android.os.Bundle,boolean,boolean)>",
						"<android.app.ActivityThread$PackageInfo$ReceiverDispatcher$Args: void <init>(android.app.ActivityThread$PackageInfo$ReceiverDispatcher)>",
						"key field: <android.app.ActivityThread$PackageInfo$ReceiverDispatcher$Args: android.app.ActivityThread$PackageInfo$ReceiverDispatcher this$0>",
						"<android.app.ActivityThread$PackageInfo$ReceiverDispatcher$Args: void run()>"
					],
					"depth":2,
					"method":"<android.app.ActivityThread$PackageInfo$ReceiverDispatcher: void performReceive(android.content.Intent,int,java.lang.String,android.os.Bundle,boolean,boolean)>",
					"source":"FIELDCALLER"
				},
				{
					"trace":[
						"<android.app.Dialog: void dismiss()>",
						"<android.app.ActivityThread$PackageInfo$ReceiverDispatcher$Args: void run()>",
						"key field: <android.app.ActivityThread$PackageInfo$ReceiverDispatcher$Args: android.app.ActivityThread$PackageInfo$ReceiverDispatcher this$0>",
						"<android.app.ActivityThread$PackageInfo$ReceiverDispatcher$Args: void run()>"
					],
					"depth":2,
					"method":"<android.app.Dialog: void dismiss()>",
					"source":"FIELDCALLER"
				},
				{
					"trace":[
						"<android.content.DialogInterface: void dismiss()>",
						"<android.app.ActivityThread$PackageInfo$ReceiverDispatcher$Args: void run()>",
						"key field: <android.app.ActivityThread$PackageInfo$ReceiverDispatcher$Args: android.app.ActivityThread$PackageInfo$ReceiverDispatcher this$0>",
						"<android.app.ActivityThread$PackageInfo$ReceiverDispatcher$Args: void run()>"
					],
					"depth":2,
					"method":"<android.content.DialogInterface: void dismiss()>",
					"source":"FIELDCALLER"
				},
				{
					"trace":[
						"<android.app.Instrumentation$Idler: boolean queueIdle()>",
						"<android.app.ActivityThread$PackageInfo$ReceiverDispatcher$Args: void run()>",
						"key field: <android.app.ActivityThread$PackageInfo$ReceiverDispatcher$Args: android.app.ActivityThread$PackageInfo$ReceiverDispatcher this$0>",
						"<android.app.ActivityThread$PackageInfo$ReceiverDispatcher$Args: void run()>"
					],
					"depth":2,
					"method":"<android.app.Instrumentation$Idler: boolean queueIdle()>",
					"source":"FIELDCALLER"
				},
				{
					"trace":[
						"<android.os.MessageQueue$IdleHandler: boolean queueIdle()>",
						"<android.app.ActivityThread$PackageInfo$ReceiverDispatcher$Args: void run()>",
						"key field: <android.app.ActivityThread$PackageInfo$ReceiverDispatcher$Args: android.app.ActivityThread$PackageInfo$ReceiverDispatcher this$0>",
						"<android.app.ActivityThread$PackageInfo$ReceiverDispatcher$Args: void run()>"
					],
					"depth":2,
					"method":"<android.os.MessageQueue$IdleHandler: boolean queueIdle()>",
					"source":"FIELDCALLER"
				},
				{
					"trace":[
						"<android.app.SuggestionsAdapter: android.database.Cursor runQueryOnBackgroundThread(java.lang.CharSequence)>",
						"<android.app.ActivityThread$PackageInfo$ReceiverDispatcher$Args: void run()>",
						"key field: <android.app.ActivityThread$PackageInfo$ReceiverDispatcher$Args: android.app.ActivityThread$PackageInfo$ReceiverDispatcher this$0>",
						"<android.app.ActivityThread$PackageInfo$ReceiverDispatcher$Args: void run()>"
					],
					"depth":2,
					"method":"<android.app.SuggestionsAdapter: android.database.Cursor runQueryOnBackgroundThread(java.lang.CharSequence)>",
					"source":"FIELDCALLER"
				},
				{
					"trace":[
						"<android.webkit.WebView$8: void run()>",
						"<android.app.ActivityThread$PackageInfo$ReceiverDispatcher$Args: void run()>",
						"key field: <android.app.ActivityThread$PackageInfo$ReceiverDispatcher$Args: android.app.ActivityThread$PackageInfo$ReceiverDispatcher this$0>",
						"<android.app.ActivityThread$PackageInfo$ReceiverDispatcher$Args: void run()>"
					],
					"depth":2,
					"method":"<android.webkit.WebView$8: void run()>",
					"source":"FIELDCALLER"
				},
				{
					"trace":[
						"<java.lang.Runnable: void run()>",
						"<android.app.ActivityThread$PackageInfo$ReceiverDispatcher$Args: void run()>",
						"key field: <android.app.ActivityThread$PackageInfo$ReceiverDispatcher$Args: android.app.ActivityThread$PackageInfo$ReceiverDispatcher this$0>",
						"<android.app.ActivityThread$PackageInfo$ReceiverDispatcher$Args: void run()>"
					],
					"depth":2,
					"method":"<java.lang.Runnable: void run()>",
					"source":"FIELDCALLER"
				},
				{
					"trace":[
						"<android.app.ActivityThread$PackageInfo$ReceiverDispatcher$InnerReceiver: void performReceive(android.content.Intent,int,java.lang.String,android.os.Bundle,boolean,boolean)>",
						"<android.app.ActivityThread$PackageInfo$ReceiverDispatcher: void performReceive(android.content.Intent,int,java.lang.String,android.os.Bundle,boolean,boolean)>",
						"<android.app.ActivityThread$PackageInfo$ReceiverDispatcher$Args: void <init>(android.app.ActivityThread$PackageInfo$ReceiverDispatcher)>",
						"key field: <android.app.ActivityThread$PackageInfo$ReceiverDispatcher$Args: android.app.ActivityThread$PackageInfo$ReceiverDispatcher this$0>",
						"<android.app.ActivityThread$PackageInfo$ReceiverDispatcher$Args: void run()>"
					],
					"depth":3,
					"method":"<android.app.ActivityThread$PackageInfo$ReceiverDispatcher$InnerReceiver: void performReceive(android.content.Intent,int,java.lang.String,android.os.Bundle,boolean,boolean)>",
					"source":"FIELDCALLER"
				},
				{
					"trace":[
						"<android.app.Dialog: boolean onSearchRequested()>",
						"<android.app.Dialog: void dismiss()>",
						"<android.app.ActivityThread$PackageInfo$ReceiverDispatcher$Args: void run()>",
						"key field: <android.app.ActivityThread$PackageInfo$ReceiverDispatcher$Args: android.app.ActivityThread$PackageInfo$ReceiverDispatcher this$0>",
						"<android.app.ActivityThread$PackageInfo$ReceiverDispatcher$Args: void run()>"
					],
					"depth":3,
					"method":"<android.app.Dialog: boolean onSearchRequested()>",
					"source":"FIELDCALLER"
				},
				{
					"trace":[
						"<android.view.Window$Callback: boolean onSearchRequested()>",
						"<android.app.Dialog: void dismiss()>",
						"<android.app.ActivityThread$PackageInfo$ReceiverDispatcher$Args: void run()>",
						"key field: <android.app.ActivityThread$PackageInfo$ReceiverDispatcher$Args: android.app.ActivityThread$PackageInfo$ReceiverDispatcher this$0>",
						"<android.app.ActivityThread$PackageInfo$ReceiverDispatcher$Args: void run()>"
					],
					"depth":3,
					"method":"<android.view.Window$Callback: boolean onSearchRequested()>",
					"source":"FIELDCALLER"
				},
				{
					"trace":[
						"<android.app.Activity: void removeDialog(int)>",
						"<android.app.Dialog: void dismiss()>",
						"<android.app.ActivityThread$PackageInfo$ReceiverDispatcher$Args: void run()>",
						"key field: <android.app.ActivityThread$PackageInfo$ReceiverDispatcher$Args: android.app.ActivityThread$PackageInfo$ReceiverDispatcher this$0>",
						"<android.app.ActivityThread$PackageInfo$ReceiverDispatcher$Args: void run()>"
					],
					"depth":3,
					"method":"<android.app.Activity: void removeDialog(int)>",
					"source":"FIELDCALLER"
				},
				{
					"trace":[
						"<android.app.Activity: void dismissDialog(int)>",
						"<android.app.Dialog: void dismiss()>",
						"<android.app.ActivityThread$PackageInfo$ReceiverDispatcher$Args: void run()>",
						"key field: <android.app.ActivityThread$PackageInfo$ReceiverDispatcher$Args: android.app.ActivityThread$PackageInfo$ReceiverDispatcher this$0>",
						"<android.app.ActivityThread$PackageInfo$ReceiverDispatcher$Args: void run()>"
					],
					"depth":3,
					"method":"<android.app.Activity: void dismissDialog(int)>",
					"source":"FIELDCALLER"
				},
				{
					"trace":[
						"<android.app.Dialog: void cancel()>",
						"<android.app.Dialog: void dismiss()>",
						"<android.app.ActivityThread$PackageInfo$ReceiverDispatcher$Args: void run()>",
						"key field: <android.app.ActivityThread$PackageInfo$ReceiverDispatcher$Args: android.app.ActivityThread$PackageInfo$ReceiverDispatcher this$0>",
						"<android.app.ActivityThread$PackageInfo$ReceiverDispatcher$Args: void run()>"
					],
					"depth":3,
					"method":"<android.app.Dialog: void cancel()>",
					"source":"FIELDCALLER"
				},
				{
					"trace":[
						"<android.content.DialogInterface: void cancel()>",
						"<android.app.Dialog: void dismiss()>",
						"<android.app.ActivityThread$PackageInfo$ReceiverDispatcher$Args: void run()>",
						"key field: <android.app.ActivityThread$PackageInfo$ReceiverDispatcher$Args: android.app.ActivityThread$PackageInfo$ReceiverDispatcher this$0>",
						"<android.app.ActivityThread$PackageInfo$ReceiverDispatcher$Args: void run()>"
					],
					"depth":3,
					"method":"<android.content.DialogInterface: void cancel()>",
					"source":"FIELDCALLER"
				},
				{
					"trace":[
						"<android.app.SearchDialog$5: void onClick(android.view.View)>",
						"<android.app.Dialog: void dismiss()>",
						"<android.app.ActivityThread$PackageInfo$ReceiverDispatcher$Args: void run()>",
						"key field: <android.app.ActivityThread$PackageInfo$ReceiverDispatcher$Args: android.app.ActivityThread$PackageInfo$ReceiverDispatcher this$0>",
						"<android.app.ActivityThread$PackageInfo$ReceiverDispatcher$Args: void run()>"
					],
					"depth":3,
					"method":"<android.app.SearchDialog$5: void onClick(android.view.View)>",
					"source":"FIELDCALLER"
				},
				{
					"trace":[
						"<android.app.SuggestionsAdapter: void notifyDataSetChanged()>",
						"<android.app.SuggestionsAdapter: void updateSpinnerState(android.database.Cursor)>",
						"<android.app.ActivityThread$PackageInfo$ReceiverDispatcher$Args: void run()>",
						"key field: <android.app.ActivityThread$PackageInfo$ReceiverDispatcher$Args: android.app.ActivityThread$PackageInfo$ReceiverDispatcher this$0>",
						"<android.app.ActivityThread$PackageInfo$ReceiverDispatcher$Args: void run()>"
					],
					"depth":3,
					"method":"<android.app.SuggestionsAdapter: void notifyDataSetChanged()>",
					"source":"FIELDCALLER"
				},
				{
					"trace":[
						"<android.app.SuggestionsAdapter: void notifyDataSetInvalidated()>",
						"<android.app.SuggestionsAdapter: void updateSpinnerState(android.database.Cursor)>",
						"<android.app.ActivityThread$PackageInfo$ReceiverDispatcher$Args: void run()>",
						"key field: <android.app.ActivityThread$PackageInfo$ReceiverDispatcher$Args: android.app.ActivityThread$PackageInfo$ReceiverDispatcher this$0>",
						"<android.app.ActivityThread$PackageInfo$ReceiverDispatcher$Args: void run()>"
					],
					"depth":3,
					"method":"<android.app.SuggestionsAdapter: void notifyDataSetInvalidated()>",
					"source":"FIELDCALLER"
				},
				{
					"trace":[
						"<android.test.InstrumentationTestCase$1: void run()>",
						"<android.webkit.WebView$8: void run()>",
						"<android.app.ActivityThread$PackageInfo$ReceiverDispatcher$Args: void run()>",
						"key field: <android.app.ActivityThread$PackageInfo$ReceiverDispatcher$Args: android.app.ActivityThread$PackageInfo$ReceiverDispatcher this$0>",
						"<android.app.ActivityThread$PackageInfo$ReceiverDispatcher$Args: void run()>"
					],
					"depth":3,
					"method":"<android.test.InstrumentationTestCase$1: void run()>",
					"source":"FIELDCALLER"
				},
				{
					"trace":[
						"<android.app.ActivityThread$ApplicationThread: void scheduleRegisteredReceiver(android.content.IIntentReceiver,android.content.Intent,int,java.lang.String,android.os.Bundle,boolean,boolean)>",
						"<android.app.ActivityThread$PackageInfo$ReceiverDispatcher$InnerReceiver: void performReceive(android.content.Intent,int,java.lang.String,android.os.Bundle,boolean,boolean)>",
						"<android.app.ActivityThread$PackageInfo$ReceiverDispatcher: void performReceive(android.content.Intent,int,java.lang.String,android.os.Bundle,boolean,boolean)>",
						"<android.app.ActivityThread$PackageInfo$ReceiverDispatcher$Args: void <init>(android.app.ActivityThread$PackageInfo$ReceiverDispatcher)>",
						"key field: <android.app.ActivityThread$PackageInfo$ReceiverDispatcher$Args: android.app.ActivityThread$PackageInfo$ReceiverDispatcher this$0>",
						"<android.app.ActivityThread$PackageInfo$ReceiverDispatcher$Args: void run()>"
					],
					"depth":4,
					"method":"<android.app.ActivityThread$ApplicationThread: void scheduleRegisteredReceiver(android.content.IIntentReceiver,android.content.Intent,int,java.lang.String,android.os.Bundle,boolean,boolean)>",
					"source":"FIELDCALLER"
				},
				{
					"trace":[
						"<android.app.SearchDialog: void onBackPressed()>",
						"<android.app.Dialog: void cancel()>",
						"<android.app.Dialog: void dismiss()>",
						"<android.app.ActivityThread$PackageInfo$ReceiverDispatcher$Args: void run()>",
						"key field: <android.app.ActivityThread$PackageInfo$ReceiverDispatcher$Args: android.app.ActivityThread$PackageInfo$ReceiverDispatcher this$0>",
						"<android.app.ActivityThread$PackageInfo$ReceiverDispatcher$Args: void run()>"
					],
					"depth":4,
					"method":"<android.app.SearchDialog: void onBackPressed()>",
					"source":"FIELDCALLER"
				},
				{
					"trace":[
						"<android.app.Dialog: boolean onTouchEvent(android.view.MotionEvent)>",
						"<android.app.Dialog: void cancel()>",
						"<android.app.Dialog: void dismiss()>",
						"<android.app.ActivityThread$PackageInfo$ReceiverDispatcher$Args: void run()>",
						"key field: <android.app.ActivityThread$PackageInfo$ReceiverDispatcher$Args: android.app.ActivityThread$PackageInfo$ReceiverDispatcher this$0>",
						"<android.app.ActivityThread$PackageInfo$ReceiverDispatcher$Args: void run()>"
					],
					"depth":4,
					"method":"<android.app.Dialog: boolean onTouchEvent(android.view.MotionEvent)>",
					"source":"FIELDCALLER"
				},
				{
					"trace":[
						"<android.app.Dialog: void onBackPressed()>",
						"<android.app.Dialog: void cancel()>",
						"<android.app.Dialog: void dismiss()>",
						"<android.app.ActivityThread$PackageInfo$ReceiverDispatcher$Args: void run()>",
						"key field: <android.app.ActivityThread$PackageInfo$ReceiverDispatcher$Args: android.app.ActivityThread$PackageInfo$ReceiverDispatcher this$0>",
						"<android.app.ActivityThread$PackageInfo$ReceiverDispatcher$Args: void run()>"
					],
					"depth":4,
					"method":"<android.app.Dialog: void onBackPressed()>",
					"source":"FIELDCALLER"
				},
				{
					"trace":[
						"<android.app.SearchManager: void stopSearch()>",
						"<android.app.Dialog: void cancel()>",
						"<android.app.Dialog: void dismiss()>",
						"<android.app.ActivityThread$PackageInfo$ReceiverDispatcher$Args: void run()>",
						"key field: <android.app.ActivityThread$PackageInfo$ReceiverDispatcher$Args: android.app.ActivityThread$PackageInfo$ReceiverDispatcher this$0>",
						"<android.app.ActivityThread$PackageInfo$ReceiverDispatcher$Args: void run()>"
					],
					"depth":4,
					"method":"<android.app.SearchManager: void stopSearch()>",
					"source":"FIELDCALLER"
				},
				{
					"trace":[
						"<android.app.Instrumentation$SyncRunnable: void run()>",
						"<android.test.InstrumentationTestCase$1: void run()>",
						"<android.webkit.WebView$8: void run()>",
						"<android.app.ActivityThread$PackageInfo$ReceiverDispatcher$Args: void run()>",
						"key field: <android.app.ActivityThread$PackageInfo$ReceiverDispatcher$Args: android.app.ActivityThread$PackageInfo$ReceiverDispatcher this$0>",
						"<android.app.ActivityThread$PackageInfo$ReceiverDispatcher$Args: void run()>"
					],
					"depth":4,
					"method":"<android.app.Instrumentation$SyncRunnable: void run()>",
					"source":"FIELDCALLER"
				},
				{
					"trace":[
						"<android.app.ApplicationThreadNative: boolean onTransact(int,android.os.Parcel,android.os.Parcel,int)>",
						"<android.app.ActivityThread$ApplicationThread: void scheduleRegisteredReceiver(android.content.IIntentReceiver,android.content.Intent,int,java.lang.String,android.os.Bundle,boolean,boolean)>",
						"<android.app.ActivityThread$PackageInfo$ReceiverDispatcher$InnerReceiver: void performReceive(android.content.Intent,int,java.lang.String,android.os.Bundle,boolean,boolean)>",
						"<android.app.ActivityThread$PackageInfo$ReceiverDispatcher: void performReceive(android.content.Intent,int,java.lang.String,android.os.Bundle,boolean,boolean)>",
						"<android.app.ActivityThread$PackageInfo$ReceiverDispatcher$Args: void <init>(android.app.ActivityThread$PackageInfo$ReceiverDispatcher)>",
						"key field: <android.app.ActivityThread$PackageInfo$ReceiverDispatcher$Args: android.app.ActivityThread$PackageInfo$ReceiverDispatcher this$0>",
						"<android.app.ActivityThread$PackageInfo$ReceiverDispatcher$Args: void run()>"
					],
					"depth":5,
					"method":"<android.app.ApplicationThreadNative: boolean onTransact(int,android.os.Parcel,android.os.Parcel,int)>",
					"source":"FIELDCALLER"
				},
				{
					"trace":[
						"<android.app.SearchDialog$6: boolean onKey(android.view.View,int,android.view.KeyEvent)>",
						"<android.app.SearchDialog: void access$1600(android.app.SearchDialog,android.content.Intent)>",
						"<android.app.SearchDialog: void launchIntent(android.content.Intent)>",
						"<android.app.Dialog: void dismiss()>",
						"<android.app.ActivityThread$PackageInfo$ReceiverDispatcher$Args: void run()>",
						"key field: <android.app.ActivityThread$PackageInfo$ReceiverDispatcher$Args: android.app.ActivityThread$PackageInfo$ReceiverDispatcher this$0>",
						"<android.app.ActivityThread$PackageInfo$ReceiverDispatcher$Args: void run()>"
					],
					"depth":5,
					"method":"<android.app.SearchDialog$6: boolean onKey(android.view.View,int,android.view.KeyEvent)>",
					"source":"FIELDCALLER"
				},
				{
					"trace":[
						"<android.view.View$OnKeyListener: boolean onKey(android.view.View,int,android.view.KeyEvent)>",
						"<android.app.SearchDialog: void access$1600(android.app.SearchDialog,android.content.Intent)>",
						"<android.app.SearchDialog: void launchIntent(android.content.Intent)>",
						"<android.app.Dialog: void dismiss()>",
						"<android.app.ActivityThread$PackageInfo$ReceiverDispatcher$Args: void run()>",
						"key field: <android.app.ActivityThread$PackageInfo$ReceiverDispatcher$Args: android.app.ActivityThread$PackageInfo$ReceiverDispatcher this$0>",
						"<android.app.ActivityThread$PackageInfo$ReceiverDispatcher$Args: void run()>"
					],
					"depth":5,
					"method":"<android.view.View$OnKeyListener: boolean onKey(android.view.View,int,android.view.KeyEvent)>",
					"source":"FIELDCALLER"
				},
				{
					"trace":[
						"<android.app.SearchDialog: boolean onKeyDown(int,android.view.KeyEvent)>",
						"<android.app.SearchDialog: void launchQuerySearch(int,java.lang.String)>",
						"<android.app.SearchDialog: void launchIntent(android.content.Intent)>",
						"<android.app.Dialog: void dismiss()>",
						"<android.app.ActivityThread$PackageInfo$ReceiverDispatcher$Args: void run()>",
						"key field: <android.app.ActivityThread$PackageInfo$ReceiverDispatcher$Args: android.app.ActivityThread$PackageInfo$ReceiverDispatcher this$0>",
						"<android.app.ActivityThread$PackageInfo$ReceiverDispatcher$Args: void run()>"
					],
					"depth":5,
					"method":"<android.app.SearchDialog: boolean onKeyDown(int,android.view.KeyEvent)>",
					"source":"FIELDCALLER"
				},
				{
					"trace":[
						"<android.app.SearchDialog: void launchQuerySearch()>",
						"<android.app.SearchDialog: void launchQuerySearch(int,java.lang.String)>",
						"<android.app.SearchDialog: void launchIntent(android.content.Intent)>",
						"<android.app.Dialog: void dismiss()>",
						"<android.app.ActivityThread$PackageInfo$ReceiverDispatcher$Args: void run()>",
						"key field: <android.app.ActivityThread$PackageInfo$ReceiverDispatcher$Args: android.app.ActivityThread$PackageInfo$ReceiverDispatcher this$0>",
						"<android.app.ActivityThread$PackageInfo$ReceiverDispatcher$Args: void run()>"
					],
					"depth":5,
					"method":"<android.app.SearchDialog: void launchQuerySearch()>",
					"source":"FIELDCALLER"
				},
				{
					"trace":[
						"<android.app.SearchDialog$SearchBar: boolean dispatchKeyEventPreIme(android.view.KeyEvent)>",
						"<android.app.SearchDialog: void onBackPressed()>",
						"<android.app.Dialog: void cancel()>",
						"<android.app.Dialog: void dismiss()>",
						"<android.app.ActivityThread$PackageInfo$ReceiverDispatcher$Args: void run()>",
						"key field: <android.app.ActivityThread$PackageInfo$ReceiverDispatcher$Args: android.app.ActivityThread$PackageInfo$ReceiverDispatcher this$0>",
						"<android.app.ActivityThread$PackageInfo$ReceiverDispatcher$Args: void run()>"
					],
					"depth":5,
					"method":"<android.app.SearchDialog$SearchBar: boolean dispatchKeyEventPreIme(android.view.KeyEvent)>",
					"source":"FIELDCALLER"
				},
				{
					"trace":[
						"<android.app.Dialog: boolean onKeyUp(int,android.view.KeyEvent)>",
						"<android.app.SearchDialog: void onBackPressed()>",
						"<android.app.Dialog: void cancel()>",
						"<android.app.Dialog: void dismiss()>",
						"<android.app.ActivityThread$PackageInfo$ReceiverDispatcher$Args: void run()>",
						"key field: <android.app.ActivityThread$PackageInfo$ReceiverDispatcher$Args: android.app.ActivityThread$PackageInfo$ReceiverDispatcher this$0>",
						"<android.app.ActivityThread$PackageInfo$ReceiverDispatcher$Args: void run()>"
					],
					"depth":5,
					"method":"<android.app.Dialog: boolean onKeyUp(int,android.view.KeyEvent)>",
					"source":"FIELDCALLER"
				},
				{
					"trace":[
						"<android.view.KeyEvent$Callback: boolean onKeyUp(int,android.view.KeyEvent)>",
						"<android.app.SearchDialog: void onBackPressed()>",
						"<android.app.Dialog: void cancel()>",
						"<android.app.Dialog: void dismiss()>",
						"<android.app.ActivityThread$PackageInfo$ReceiverDispatcher$Args: void run()>",
						"key field: <android.app.ActivityThread$PackageInfo$ReceiverDispatcher$Args: android.app.ActivityThread$PackageInfo$ReceiverDispatcher this$0>",
						"<android.app.ActivityThread$PackageInfo$ReceiverDispatcher$Args: void run()>"
					],
					"depth":5,
					"method":"<android.view.KeyEvent$Callback: boolean onKeyUp(int,android.view.KeyEvent)>",
					"source":"FIELDCALLER"
				},
				{
					"trace":[
						"<android.app.SearchDialog: boolean onTouchEvent(android.view.MotionEvent)>",
						"<android.app.Dialog: boolean onTouchEvent(android.view.MotionEvent)>",
						"<android.app.Dialog: void cancel()>",
						"<android.app.Dialog: void dismiss()>",
						"<android.app.ActivityThread$PackageInfo$ReceiverDispatcher$Args: void run()>",
						"key field: <android.app.ActivityThread$PackageInfo$ReceiverDispatcher$Args: android.app.ActivityThread$PackageInfo$ReceiverDispatcher this$0>",
						"<android.app.ActivityThread$PackageInfo$ReceiverDispatcher$Args: void run()>"
					],
					"depth":5,
					"method":"<android.app.SearchDialog: boolean onTouchEvent(android.view.MotionEvent)>",
					"source":"FIELDCALLER"
				},
				{
					"trace":[
						"<android.app.Dialog: boolean dispatchTouchEvent(android.view.MotionEvent)>",
						"<android.app.Dialog: boolean onTouchEvent(android.view.MotionEvent)>",
						"<android.app.Dialog: void cancel()>",
						"<android.app.Dialog: void dismiss()>",
						"<android.app.ActivityThread$PackageInfo$ReceiverDispatcher$Args: void run()>",
						"key field: <android.app.ActivityThread$PackageInfo$ReceiverDispatcher$Args: android.app.ActivityThread$PackageInfo$ReceiverDispatcher this$0>",
						"<android.app.ActivityThread$PackageInfo$ReceiverDispatcher$Args: void run()>"
					],
					"depth":5,
					"method":"<android.app.Dialog: boolean dispatchTouchEvent(android.view.MotionEvent)>",
					"source":"FIELDCALLER"
				},
				{
					"trace":[
						"<android.view.Window$Callback: boolean dispatchTouchEvent(android.view.MotionEvent)>",
						"<android.app.Dialog: boolean onTouchEvent(android.view.MotionEvent)>",
						"<android.app.Dialog: void cancel()>",
						"<android.app.Dialog: void dismiss()>",
						"<android.app.ActivityThread$PackageInfo$ReceiverDispatcher$Args: void run()>",
						"key field: <android.app.ActivityThread$PackageInfo$ReceiverDispatcher$Args: android.app.ActivityThread$PackageInfo$ReceiverDispatcher this$0>",
						"<android.app.ActivityThread$PackageInfo$ReceiverDispatcher$Args: void run()>"
					],
					"depth":5,
					"method":"<android.view.Window$Callback: boolean dispatchTouchEvent(android.view.MotionEvent)>",
					"source":"FIELDCALLER"
				},
				{
					"trace":[
						"<android.widget.DigitalClock$1: void run()>",
						"<android.app.Instrumentation$SyncRunnable: void run()>",
						"<android.test.InstrumentationTestCase$1: void run()>",
						"<android.webkit.WebView$8: void run()>",
						"<android.app.ActivityThread$PackageInfo$ReceiverDispatcher$Args: void run()>",
						"key field: <android.app.ActivityThread$PackageInfo$ReceiverDispatcher$Args: android.app.ActivityThread$PackageInfo$ReceiverDispatcher this$0>",
						"<android.app.ActivityThread$PackageInfo$ReceiverDispatcher$Args: void run()>"
					],
					"depth":5,
					"method":"<android.widget.DigitalClock$1: void run()>",
					"source":"FIELDCALLER"
				},
				{
					"trace":[
						"<android.app.SearchDialog: void onItemClick(android.widget.AdapterView,android.view.View,int,long)>",
						"<android.app.SearchDialog: boolean launchSuggestion(int)>",
						"<android.app.SearchDialog: boolean launchSuggestion(int,int,java.lang.String)>",
						"<android.app.SearchDialog: void launchIntent(android.content.Intent)>",
						"<android.app.Dialog: void dismiss()>",
						"<android.app.ActivityThread$PackageInfo$ReceiverDispatcher$Args: void run()>",
						"key field: <android.app.ActivityThread$PackageInfo$ReceiverDispatcher$Args: android.app.ActivityThread$PackageInfo$ReceiverDispatcher this$0>",
						"<android.app.ActivityThread$PackageInfo$ReceiverDispatcher$Args: void run()>"
					],
					"depth":6,
					"method":"<android.app.SearchDialog: void onItemClick(android.widget.AdapterView,android.view.View,int,long)>",
					"source":"FIELDCALLER"
				},
				{
					"trace":[
						"<android.widget.AdapterView$OnItemClickListener: void onItemClick(android.widget.AdapterView,android.view.View,int,long)>",
						"<android.app.SearchDialog: boolean launchSuggestion(int)>",
						"<android.app.SearchDialog: boolean launchSuggestion(int,int,java.lang.String)>",
						"<android.app.SearchDialog: void launchIntent(android.content.Intent)>",
						"<android.app.Dialog: void dismiss()>",
						"<android.app.ActivityThread$PackageInfo$ReceiverDispatcher$Args: void run()>",
						"key field: <android.app.ActivityThread$PackageInfo$ReceiverDispatcher$Args: android.app.ActivityThread$PackageInfo$ReceiverDispatcher this$0>",
						"<android.app.ActivityThread$PackageInfo$ReceiverDispatcher$Args: void run()>"
					],
					"depth":6,
					"method":"<android.widget.AdapterView$OnItemClickListener: void onItemClick(android.widget.AdapterView,android.view.View,int,long)>",
					"source":"FIELDCALLER"
				},
				{
					"trace":[
						"<android.app.SearchDialog$4: void onClick(android.view.View)>",
						"<android.app.SearchDialog: void launchQuerySearch()>",
						"<android.app.SearchDialog: void launchQuerySearch(int,java.lang.String)>",
						"<android.app.SearchDialog: void launchIntent(android.content.Intent)>",
						"<android.app.Dialog: void dismiss()>",
						"<android.app.ActivityThread$PackageInfo$ReceiverDispatcher$Args: void run()>",
						"key field: <android.app.ActivityThread$PackageInfo$ReceiverDispatcher$Args: android.app.ActivityThread$PackageInfo$ReceiverDispatcher this$0>",
						"<android.app.ActivityThread$PackageInfo$ReceiverDispatcher$Args: void run()>"
					],
					"depth":6,
					"method":"<android.app.SearchDialog$4: void onClick(android.view.View)>",
					"source":"FIELDCALLER"
				},
				{
					"trace":[
						"<android.view.View$OnClickListener: void onClick(android.view.View)>",
						"<android.app.SearchDialog: void launchQuerySearch()>",
						"<android.app.SearchDialog: void launchQuerySearch(int,java.lang.String)>",
						"<android.app.SearchDialog: void launchIntent(android.content.Intent)>",
						"<android.app.Dialog: void dismiss()>",
						"<android.app.ActivityThread$PackageInfo$ReceiverDispatcher$Args: void run()>",
						"key field: <android.app.ActivityThread$PackageInfo$ReceiverDispatcher$Args: android.app.ActivityThread$PackageInfo$ReceiverDispatcher this$0>",
						"<android.app.ActivityThread$PackageInfo$ReceiverDispatcher$Args: void run()>"
					],
					"depth":6,
					"method":"<android.view.View$OnClickListener: void onClick(android.view.View)>",
					"source":"FIELDCALLER"
				},
				{
					"trace":[
						"<android.app.SearchManager: void triggerSearch(java.lang.String,android.content.ComponentName,android.os.Bundle)>",
						"<android.app.SearchDialog: void launchQuerySearch()>",
						"<android.app.SearchDialog: void launchQuerySearch(int,java.lang.String)>",
						"<android.app.SearchDialog: void launchIntent(android.content.Intent)>",
						"<android.app.Dialog: void dismiss()>",
						"<android.app.ActivityThread$PackageInfo$ReceiverDispatcher$Args: void run()>",
						"key field: <android.app.ActivityThread$PackageInfo$ReceiverDispatcher$Args: android.app.ActivityThread$PackageInfo$ReceiverDispatcher this$0>",
						"<android.app.ActivityThread$PackageInfo$ReceiverDispatcher$Args: void run()>"
					],
					"depth":6,
					"method":"<android.app.SearchManager: void triggerSearch(java.lang.String,android.content.ComponentName,android.os.Bundle)>",
					"source":"FIELDCALLER"
				},
				{
					"trace":[
						"<android.view.ViewGroup: boolean dispatchKeyEventPreIme(android.view.KeyEvent)>",
						"<android.app.SearchDialog$SearchBar: boolean dispatchKeyEventPreIme(android.view.KeyEvent)>",
						"<android.app.SearchDialog: void onBackPressed()>",
						"<android.app.Dialog: void cancel()>",
						"<android.app.Dialog: void dismiss()>",
						"<android.app.ActivityThread$PackageInfo$ReceiverDispatcher$Args: void run()>",
						"key field: <android.app.ActivityThread$PackageInfo$ReceiverDispatcher$Args: android.app.ActivityThread$PackageInfo$ReceiverDispatcher this$0>",
						"<android.app.ActivityThread$PackageInfo$ReceiverDispatcher$Args: void run()>"
					],
					"depth":6,
					"method":"<android.view.ViewGroup: boolean dispatchKeyEventPreIme(android.view.KeyEvent)>",
					"source":"FIELDCALLER"
				},
				{
					"trace":[
						"<android.app.AlertDialog: boolean onKeyUp(int,android.view.KeyEvent)>",
						"<android.app.Dialog: boolean onKeyUp(int,android.view.KeyEvent)>",
						"<android.app.SearchDialog: void onBackPressed()>",
						"<android.app.Dialog: void cancel()>",
						"<android.app.Dialog: void dismiss()>",
						"<android.app.ActivityThread$PackageInfo$ReceiverDispatcher$Args: void run()>",
						"key field: <android.app.ActivityThread$PackageInfo$ReceiverDispatcher$Args: android.app.ActivityThread$PackageInfo$ReceiverDispatcher this$0>",
						"<android.app.ActivityThread$PackageInfo$ReceiverDispatcher$Args: void run()>"
					],
					"depth":6,
					"method":"<android.app.AlertDialog: boolean onKeyUp(int,android.view.KeyEvent)>",
					"source":"FIELDCALLER"
				},
				{
					"trace":[
						"<android.webkit.PluginFullScreenHolder: boolean onKeyUp(int,android.view.KeyEvent)>",
						"<android.app.Dialog: boolean onKeyUp(int,android.view.KeyEvent)>",
						"<android.app.SearchDialog: void onBackPressed()>",
						"<android.app.Dialog: void cancel()>",
						"<android.app.Dialog: void dismiss()>",
						"<android.app.ActivityThread$PackageInfo$ReceiverDispatcher$Args: void run()>",
						"key field: <android.app.ActivityThread$PackageInfo$ReceiverDispatcher$Args: android.app.ActivityThread$PackageInfo$ReceiverDispatcher this$0>",
						"<android.app.ActivityThread$PackageInfo$ReceiverDispatcher$Args: void run()>"
					],
					"depth":6,
					"method":"<android.webkit.PluginFullScreenHolder: boolean onKeyUp(int,android.view.KeyEvent)>",
					"source":"FIELDCALLER"
				},
				{
					"trace":[
						"<android.app.Instrumentation: void callActivityOnDestroy(android.app.Activity)>",
						"<android.app.Activity: void onDestroy()>",
						"<android.app.SearchManager: void stopSearch()>",
						"<android.app.Dialog: void cancel()>",
						"<android.app.Dialog: void dismiss()>",
						"<android.app.ActivityThread$PackageInfo$ReceiverDispatcher$Args: void run()>",
						"key field: <android.app.ActivityThread$PackageInfo$ReceiverDispatcher$Args: android.app.ActivityThread$PackageInfo$ReceiverDispatcher this$0>",
						"<android.app.ActivityThread$PackageInfo$ReceiverDispatcher$Args: void run()>"
					],
					"depth":6,
					"method":"<android.app.Instrumentation: void callActivityOnDestroy(android.app.Activity)>",
					"source":"FIELDCALLER"
				},
				{
					"trace":[
						"<java.lang.Thread: void run()>",
						"<android.widget.DigitalClock$1: void run()>",
						"<android.app.Instrumentation$SyncRunnable: void run()>",
						"<android.test.InstrumentationTestCase$1: void run()>",
						"<android.webkit.WebView$8: void run()>",
						"<android.app.ActivityThread$PackageInfo$ReceiverDispatcher$Args: void run()>",
						"key field: <android.app.ActivityThread$PackageInfo$ReceiverDispatcher$Args: android.app.ActivityThread$PackageInfo$ReceiverDispatcher this$0>",
						"<android.app.ActivityThread$PackageInfo$ReceiverDispatcher$Args: void run()>"
					],
					"depth":6,
					"method":"<java.lang.Thread: void run()>",
					"source":"FIELDCALLER"
				},
				{
					"trace":[
						"<android.widget.AutoCompleteTextView$PassThroughClickListener: void onClick(android.view.View)>",
						"<android.app.SearchDialog$4: void onClick(android.view.View)>",
						"<android.app.SearchDialog: void launchQuerySearch()>",
						"<android.app.SearchDialog: void launchQuerySearch(int,java.lang.String)>",
						"<android.app.SearchDialog: void launchIntent(android.content.Intent)>",
						"<android.app.Dialog: void dismiss()>",
						"<android.app.ActivityThread$PackageInfo$ReceiverDispatcher$Args: void run()>",
						"key field: <android.app.ActivityThread$PackageInfo$ReceiverDispatcher$Args: android.app.ActivityThread$PackageInfo$ReceiverDispatcher this$0>",
						"<android.app.ActivityThread$PackageInfo$ReceiverDispatcher$Args: void run()>"
					],
					"depth":7,
					"method":"<android.widget.AutoCompleteTextView$PassThroughClickListener: void onClick(android.view.View)>",
					"source":"FIELDCALLER"
				},
				{
					"trace":[
						"<android.app.Activity: void triggerSearch(java.lang.String,android.os.Bundle)>",
						"<android.app.SearchManager: void triggerSearch(java.lang.String,android.content.ComponentName,android.os.Bundle)>",
						"<android.app.SearchDialog: void launchQuerySearch()>",
						"<android.app.SearchDialog: void launchQuerySearch(int,java.lang.String)>",
						"<android.app.SearchDialog: void launchIntent(android.content.Intent)>",
						"<android.app.Dialog: void dismiss()>",
						"<android.app.ActivityThread$PackageInfo$ReceiverDispatcher$Args: void run()>",
						"key field: <android.app.ActivityThread$PackageInfo$ReceiverDispatcher$Args: android.app.ActivityThread$PackageInfo$ReceiverDispatcher this$0>",
						"<android.app.ActivityThread$PackageInfo$ReceiverDispatcher$Args: void run()>"
					],
					"depth":7,
					"method":"<android.app.Activity: void triggerSearch(java.lang.String,android.os.Bundle)>",
					"source":"FIELDCALLER"
				},
				{
					"trace":[
						"<android.app.ActivityThread: android.app.ActivityThread$ActivityRecord performDestroyActivity(android.os.IBinder,boolean)>",
						"<android.app.ActivityThread: android.app.ActivityThread$ActivityRecord performDestroyActivity(android.os.IBinder,boolean,int,boolean)>",
						"<android.app.Activity: void onDestroy()>",
						"<android.app.SearchManager: void stopSearch()>",
						"<android.app.Dialog: void cancel()>",
						"<android.app.Dialog: void dismiss()>",
						"<android.app.ActivityThread$PackageInfo$ReceiverDispatcher$Args: void run()>",
						"key field: <android.app.ActivityThread$PackageInfo$ReceiverDispatcher$Args: android.app.ActivityThread$PackageInfo$ReceiverDispatcher this$0>",
						"<android.app.ActivityThread$PackageInfo$ReceiverDispatcher$Args: void run()>"
					],
					"depth":7,
					"method":"<android.app.ActivityThread: android.app.ActivityThread$ActivityRecord performDestroyActivity(android.os.IBinder,boolean)>",
					"source":"FIELDCALLER"
				},
				{
					"trace":[
						"<android.app.LocalActivityManager: void dispatchDestroy(boolean)>",
						"<android.app.ActivityThread: android.app.ActivityThread$ActivityRecord performDestroyActivity(android.os.IBinder,boolean)>",
						"<android.app.ActivityThread: android.app.ActivityThread$ActivityRecord performDestroyActivity(android.os.IBinder,boolean,int,boolean)>",
						"<android.app.Activity: void onDestroy()>",
						"<android.app.SearchManager: void stopSearch()>",
						"<android.app.Dialog: void cancel()>",
						"<android.app.Dialog: void dismiss()>",
						"<android.app.ActivityThread$PackageInfo$ReceiverDispatcher$Args: void run()>",
						"key field: <android.app.ActivityThread$PackageInfo$ReceiverDispatcher$Args: android.app.ActivityThread$PackageInfo$ReceiverDispatcher this$0>",
						"<android.app.ActivityThread$PackageInfo$ReceiverDispatcher$Args: void run()>"
					],
					"depth":8,
					"method":"<android.app.LocalActivityManager: void dispatchDestroy(boolean)>",
					"source":"FIELDCALLER"
				}
			],
			"callerOfSingnlar2SourceVar":{}
		}
	]
}