{
	"exceptions":[
		{
			"method":"<android.net.MailTo: android.net.MailTo parse(java.lang.String)>",
			"message":"[\\s\\S]*",
			"relatedVarType":"Parameter",
			"relatedCondType":"Basic",
			"modifier":"public",
			"type":"java.lang.NullPointerException",
			"osVersionRelated":false,
			"resourceRelated":false,
			"assessRelated":false,
			"hardwareRelated":false,
			"manifestRelated":false,
			"conditions":"r0 != null",
			"paramValues":"@parameter0: java.lang.String",
			"relatedValues":"@parameter0: java.lang.String; ; ",
			"keyAPISameClassNum":0,
			"keyAPIDiffClassNum":0,
			"keyAPISameClass":[
				{
					"trace":[
						"<android.net.MailTo: android.net.MailTo parse(java.lang.String)>"
					],
					"depth":0,
					"method":"<android.net.MailTo: android.net.MailTo parse(java.lang.String)>",
					"source":"CALLER"
				}
			],
			"keyAPIDiffClass":[],
			"callerOfSingnlar2SourceVar":{
				"<android.net.MailTo: android.net.MailTo parse(java.lang.String)>":"0"
			}
		},
		{
			"method":"<android.net.MailTo: android.net.MailTo parse(java.lang.String)>",
			"message":"\\QNot a mailto scheme\\E",
			"relatedVarType":"Parameter",
			"relatedCondType":"Basic",
			"modifier":"public",
			"type":"android.net.ParseException",
			"osVersionRelated":false,
			"resourceRelated":false,
			"assessRelated":false,
			"hardwareRelated":false,
			"manifestRelated":false,
			"conditions":"$z0 != 0, r0 != null",
			"paramValues":"@parameter0: java.lang.String",
			"relatedValues":"@parameter0: java.lang.String; ; ",
			"keyAPISameClassNum":0,
			"keyAPIDiffClassNum":0,
			"keyAPISameClass":[
				{
					"trace":[
						"<android.net.MailTo: android.net.MailTo parse(java.lang.String)>"
					],
					"depth":0,
					"method":"<android.net.MailTo: android.net.MailTo parse(java.lang.String)>",
					"source":"CALLER"
				}
			],
			"keyAPIDiffClass":[],
			"callerOfSingnlar2SourceVar":{
				"<android.net.MailTo: android.net.MailTo parse(java.lang.String)>":"0"
			}
		}
	]
}