{
	"exceptions":[
		{
			"method":"<android.os.SystemProperties: java.lang.String get(java.lang.String)>",
			"message":"\\Qkey.length > 31\\E",
			"relatedVarType":"Parameter",
			"relatedCondType":"Basic",
			"modifier":"public",
			"type":"java.lang.IllegalArgumentException",
			"osVersionRelated":false,
			"resourceRelated":false,
			"assessRelated":false,
			"hardwareRelated":false,
			"manifestRelated":false,
			"conditions":"$i0 <= 31",
			"paramValues":"@parameter0: java.lang.String",
			"relatedValues":"@parameter0: java.lang.String; ; ",
			"keyAPISameClassNum":0,
			"keyAPIDiffClassNum":0,
			"keyAPISameClass":[
				{
					"trace":[
						"<android.os.SystemProperties: java.lang.String get(java.lang.String)>"
					],
					"depth":0,
					"method":"<android.os.SystemProperties: java.lang.String get(java.lang.String)>",
					"source":"CALLER"
				}
			],
			"keyAPIDiffClass":[],
			"callerOfSingnlar2SourceVar":{
				"<android.os.SystemProperties: java.lang.String get(java.lang.String)>":"0",
				"<android.os.Build: long getLong(java.lang.String)>":"0"
			}
		},
		{
			"method":"<android.os.SystemProperties: java.lang.String get(java.lang.String,java.lang.String)>",
			"message":"\\Qkey.length > 31\\E",
			"relatedVarType":"Parameter",
			"relatedCondType":"Basic",
			"modifier":"public",
			"type":"java.lang.IllegalArgumentException",
			"osVersionRelated":false,
			"resourceRelated":false,
			"assessRelated":false,
			"hardwareRelated":false,
			"manifestRelated":false,
			"conditions":"$i0 <= 31",
			"paramValues":"@parameter0: java.lang.String",
			"relatedValues":"@parameter0: java.lang.String; ; ",
			"keyAPISameClassNum":0,
			"keyAPIDiffClassNum":0,
			"keyAPISameClass":[
				{
					"trace":[
						"<android.os.SystemProperties: java.lang.String get(java.lang.String,java.lang.String)>"
					],
					"depth":0,
					"method":"<android.os.SystemProperties: java.lang.String get(java.lang.String,java.lang.String)>",
					"source":"CALLER"
				}
			],
			"keyAPIDiffClass":[],
			"callerOfSingnlar2SourceVar":{
				"<android.os.Build: java.lang.String access$000(java.lang.String)>":"0",
				"<android.os.Build: java.lang.String getString(java.lang.String)>":"0",
				"<android.os.SystemProperties: java.lang.String get(java.lang.String,java.lang.String)>":"0"
			}
		},
		{
			"method":"<android.os.SystemProperties: boolean getBoolean(java.lang.String,boolean)>",
			"message":"\\Qkey.length > 31\\E",
			"relatedVarType":"Parameter",
			"relatedCondType":"Basic",
			"modifier":"public",
			"type":"java.lang.IllegalArgumentException",
			"osVersionRelated":false,
			"resourceRelated":false,
			"assessRelated":false,
			"hardwareRelated":false,
			"manifestRelated":false,
			"conditions":"$i0 <= 31",
			"paramValues":"@parameter0: java.lang.String",
			"relatedValues":"@parameter0: java.lang.String; ; ",
			"keyAPISameClassNum":0,
			"keyAPIDiffClassNum":0,
			"keyAPISameClass":[
				{
					"trace":[
						"<android.os.SystemProperties: boolean getBoolean(java.lang.String,boolean)>"
					],
					"depth":0,
					"method":"<android.os.SystemProperties: boolean getBoolean(java.lang.String,boolean)>",
					"source":"CALLER"
				}
			],
			"keyAPIDiffClass":[],
			"callerOfSingnlar2SourceVar":{
				"<android.os.SystemProperties: boolean getBoolean(java.lang.String,boolean)>":"0"
			}
		},
		{
			"method":"<android.os.SystemProperties: int getInt(java.lang.String,int)>",
			"message":"\\Qkey.length > 31\\E",
			"relatedVarType":"Parameter",
			"relatedCondType":"Basic",
			"modifier":"public",
			"type":"java.lang.IllegalArgumentException",
			"osVersionRelated":false,
			"resourceRelated":false,
			"assessRelated":false,
			"hardwareRelated":false,
			"manifestRelated":false,
			"conditions":"$i0 <= 31",
			"paramValues":"@parameter0: java.lang.String",
			"relatedValues":"@parameter0: java.lang.String; ; ",
			"keyAPISameClassNum":0,
			"keyAPIDiffClassNum":0,
			"keyAPISameClass":[
				{
					"trace":[
						"<android.os.SystemProperties: int getInt(java.lang.String,int)>"
					],
					"depth":0,
					"method":"<android.os.SystemProperties: int getInt(java.lang.String,int)>",
					"source":"CALLER"
				}
			],
			"keyAPIDiffClass":[],
			"callerOfSingnlar2SourceVar":{
				"<android.os.SystemProperties: int getInt(java.lang.String,int)>":"0"
			}
		},
		{
			"method":"<android.os.SystemProperties: long getLong(java.lang.String,long)>",
			"message":"\\Qkey.length > 31\\E",
			"relatedVarType":"Parameter",
			"relatedCondType":"Basic",
			"modifier":"public",
			"type":"java.lang.IllegalArgumentException",
			"osVersionRelated":false,
			"resourceRelated":false,
			"assessRelated":false,
			"hardwareRelated":false,
			"manifestRelated":false,
			"conditions":"$i0 <= 31",
			"paramValues":"@parameter0: java.lang.String",
			"relatedValues":"@parameter0: java.lang.String; ; ",
			"keyAPISameClassNum":0,
			"keyAPIDiffClassNum":0,
			"keyAPISameClass":[
				{
					"trace":[
						"<android.os.SystemProperties: long getLong(java.lang.String,long)>"
					],
					"depth":0,
					"method":"<android.os.SystemProperties: long getLong(java.lang.String,long)>",
					"source":"CALLER"
				}
			],
			"keyAPIDiffClass":[],
			"callerOfSingnlar2SourceVar":{
				"<android.os.SystemProperties: long getLong(java.lang.String,long)>":"0"
			}
		},
		{
			"method":"<android.os.SystemProperties: void set(java.lang.String,java.lang.String)>",
			"message":"\\Qval.length > 91\\E",
			"relatedVarType":"Parameter",
			"relatedCondType":"Basic",
			"modifier":"public",
			"type":"java.lang.IllegalArgumentException",
			"osVersionRelated":false,
			"resourceRelated":false,
			"assessRelated":false,
			"hardwareRelated":false,
			"manifestRelated":false,
			"conditions":"$i1 <= 91, r1 == null, $i0 <= 31",
			"paramValues":"@parameter1: java.lang.String, @parameter0: java.lang.String",
			"relatedValues":"@parameter1: java.lang.String, @parameter0: java.lang.String; ; ",
			"keyAPISameClassNum":0,
			"keyAPIDiffClassNum":0,
			"keyAPISameClass":[
				{
					"trace":[
						"<android.os.SystemProperties: void set(java.lang.String,java.lang.String)>"
					],
					"depth":0,
					"method":"<android.os.SystemProperties: void set(java.lang.String,java.lang.String)>",
					"source":"CALLER"
				}
			],
			"keyAPIDiffClass":[
				{
					"trace":[
						"<android.os.SystemService: void start(java.lang.String)>",
						"<android.os.SystemProperties: void set(java.lang.String,java.lang.String)>"
					],
					"depth":1,
					"method":"<android.os.SystemService: void start(java.lang.String)>",
					"source":"CALLER"
				},
				{
					"trace":[
						"<android.os.SystemService: void stop(java.lang.String)>",
						"<android.os.SystemProperties: void set(java.lang.String,java.lang.String)>"
					],
					"depth":1,
					"method":"<android.os.SystemService: void stop(java.lang.String)>",
					"source":"CALLER"
				}
			],
			"callerOfSingnlar2SourceVar":{
				"<android.os.SystemService: void start(java.lang.String)>":"0",
				"<android.os.SystemService: void stop(java.lang.String)>":"0",
				"<com.android.internal.telephony.cdma.CDMAPhone: void setSystemProperty(java.lang.String,java.lang.String)>":"1, 0",
				"<com.android.internal.telephony.PhoneBase: void setSystemProperty(java.lang.String,java.lang.String)>":"1, 0",
				"<com.android.internal.telephony.gsm.GSMPhone: void setSystemProperty(java.lang.String,java.lang.String)>":"1, 0",
				"<android.os.SystemProperties: void set(java.lang.String,java.lang.String)>":"1, 0"
			}
		},
		{
			"method":"<android.os.SystemProperties: void set(java.lang.String,java.lang.String)>",
			"message":"\\Qkey.length > 31\\E",
			"relatedVarType":"Parameter",
			"relatedCondType":"Basic",
			"modifier":"public",
			"type":"java.lang.IllegalArgumentException",
			"osVersionRelated":false,
			"resourceRelated":false,
			"assessRelated":false,
			"hardwareRelated":false,
			"manifestRelated":false,
			"conditions":"$i0 <= 31",
			"paramValues":"@parameter0: java.lang.String",
			"relatedValues":"@parameter0: java.lang.String; ; ",
			"keyAPISameClassNum":0,
			"keyAPIDiffClassNum":0,
			"keyAPISameClass":[
				{
					"trace":[
						"<android.os.SystemProperties: void set(java.lang.String,java.lang.String)>"
					],
					"depth":0,
					"method":"<android.os.SystemProperties: void set(java.lang.String,java.lang.String)>",
					"source":"CALLER"
				}
			],
			"keyAPIDiffClass":[],
			"callerOfSingnlar2SourceVar":{
				"<com.android.internal.telephony.cdma.CDMAPhone: void setSystemProperty(java.lang.String,java.lang.String)>":"0",
				"<com.android.internal.telephony.PhoneBase: void setSystemProperty(java.lang.String,java.lang.String)>":"0",
				"<com.android.internal.telephony.gsm.GSMPhone: void setSystemProperty(java.lang.String,java.lang.String)>":"0",
				"<android.os.SystemProperties: void set(java.lang.String,java.lang.String)>":"0"
			}
		}
	]
}