{
	"exceptions":[
		{
			"method":"<android.widget.DateTimeView: void update()>",
			"message":"\\Qunknown display value: \\E[\\s\\S]*",
			"relatedVarType":"Field",
			"relatedCondType":"Basic",
			"modifier":"default",
			"type":"java.lang.RuntimeException",
			"osVersionRelated":false,
			"resourceRelated":false,
			"assessRelated":false,
			"hardwareRelated":false,
			"manifestRelated":false,
			"conditions":"b24, $b23 < 0, $b14 < 0",
			"fieldValues":"<android.widget.DateTimeView: long mTimeMillis>",
			"relatedValues":"; <android.widget.DateTimeView: long mTimeMillis>; ",
			"keyAPISameClassNum":1,
			"keyAPIDiffClassNum":0,
			"keyAPISameClass":[
				{
					"trace":[
						"<android.widget.DateTimeView: void update()>"
					],
					"depth":1,
					"method":"<android.widget.DateTimeView: void setTime(long)>",
					"source":"FIELD"
				}
			],
			"keyAPIDiffClass":[],
			"callerOfSingnlar2SourceVar":{}
		}
	]
}