{
	"exceptions":[
		{
			"method":"<android.content.ContentService: void registerContentObserver(android.net.Uri,boolean,android.database.IContentObserver)>",
			"message":"\\QYou must pass a valid uri and observer\\E",
			"relatedVarType":"Parameter",
			"relatedCondType":"Basic",
			"modifier":"public",
			"type":"java.lang.IllegalArgumentException",
			"osVersionRelated":false,
			"resourceRelated":false,
			"assessRelated":false,
			"hardwareRelated":false,
			"manifestRelated":false,
			"conditions":"r0 == null, r2 != null",
			"paramValues":"@parameter2: android.database.IContentObserver, @parameter0: android.net.Uri",
			"relatedValues":"@parameter2: android.database.IContentObserver, @parameter0: android.net.Uri; ; ",
			"keyAPISameClassNum":0,
			"keyAPIDiffClassNum":0,
			"keyAPISameClass":[
				{
					"trace":[
						"<android.content.ContentService: void registerContentObserver(android.net.Uri,boolean,android.database.IContentObserver)>"
					],
					"depth":0,
					"method":"<android.content.ContentService: void registerContentObserver(android.net.Uri,boolean,android.database.IContentObserver)>",
					"source":"CALLER"
				}
			],
			"keyAPIDiffClass":[],
			"callerOfSingnlar2SourceVar":{
				"<android.content.ContentService: void registerContentObserver(android.net.Uri,boolean,android.database.IContentObserver)>":"2, 0"
			}
		},
		{
			"method":"<android.content.ContentService: void unregisterContentObserver(android.database.IContentObserver)>",
			"message":"\\QYou must pass a valid observer\\E",
			"relatedVarType":"Parameter",
			"relatedCondType":"Basic",
			"modifier":"public",
			"type":"java.lang.IllegalArgumentException",
			"osVersionRelated":false,
			"resourceRelated":false,
			"assessRelated":false,
			"hardwareRelated":false,
			"manifestRelated":false,
			"conditions":"r0 != null",
			"paramValues":"@parameter0: android.database.IContentObserver",
			"relatedValues":"@parameter0: android.database.IContentObserver; ; ",
			"keyAPISameClassNum":0,
			"keyAPIDiffClassNum":0,
			"keyAPISameClass":[
				{
					"trace":[
						"<android.content.ContentService: void unregisterContentObserver(android.database.IContentObserver)>"
					],
					"depth":0,
					"method":"<android.content.ContentService: void unregisterContentObserver(android.database.IContentObserver)>",
					"source":"CALLER"
				}
			],
			"keyAPIDiffClass":[],
			"callerOfSingnlar2SourceVar":{
				"<android.content.ContentService: void unregisterContentObserver(android.database.IContentObserver)>":"0"
			}
		}
	]
}