{
	"exceptions":[
		{
			"method":"<android.text.Layout: void <init>(java.lang.CharSequence,android.text.TextPaint,int,android.text.Layout$Alignment,float,float)>",
			"message":"\\QLayout: \\E[\\s\\S]*\\Q < 0\\E",
			"relatedVarType":"Parameter",
			"relatedCondType":"Basic",
			"modifier":"protected",
			"type":"java.lang.IllegalArgumentException",
			"osVersionRelated":false,
			"resourceRelated":false,
			"assessRelated":false,
			"hardwareRelated":false,
			"manifestRelated":false,
			"conditions":"i0 >= 0",
			"paramValues":"@parameter2: int",
			"relatedValues":"@parameter2: int; ; ",
			"keyAPISameClassNum":0,
			"keyAPIDiffClassNum":0,
			"keyAPISameClass":[
				{
					"trace":[
						"<android.text.Layout: void <init>(java.lang.CharSequence,android.text.TextPaint,int,android.text.Layout$Alignment,float,float)>"
					],
					"depth":0,
					"method":"<android.text.Layout: void <init>(java.lang.CharSequence,android.text.TextPaint,int,android.text.Layout$Alignment,float,float)>",
					"source":"CALLER"
				}
			],
			"keyAPIDiffClass":[
				{
					"trace":[
						"<android.text.DynamicLayout: void <init>(java.lang.CharSequence,java.lang.CharSequence,android.text.TextPaint,int,android.text.Layout$Alignment,float,float,boolean,android.text.TextUtils$TruncateAt,int)>",
						"<android.text.Layout: void <init>(java.lang.CharSequence,android.text.TextPaint,int,android.text.Layout$Alignment,float,float)>"
					],
					"depth":1,
					"method":"<android.text.DynamicLayout: void <init>(java.lang.CharSequence,java.lang.CharSequence,android.text.TextPaint,int,android.text.Layout$Alignment,float,float,boolean,android.text.TextUtils$TruncateAt,int)>",
					"source":"CALLER"
				},
				{
					"trace":[
						"<android.text.BoringLayout: void <init>(java.lang.CharSequence,android.text.TextPaint,int,android.text.Layout$Alignment,float,float,android.text.BoringLayout$Metrics,boolean)>",
						"<android.text.Layout: void <init>(java.lang.CharSequence,android.text.TextPaint,int,android.text.Layout$Alignment,float,float)>"
					],
					"depth":1,
					"method":"<android.text.BoringLayout: void <init>(java.lang.CharSequence,android.text.TextPaint,int,android.text.Layout$Alignment,float,float,android.text.BoringLayout$Metrics,boolean)>",
					"source":"CALLER"
				},
				{
					"trace":[
						"<android.text.BoringLayout: void <init>(java.lang.CharSequence,android.text.TextPaint,int,android.text.Layout$Alignment,float,float,android.text.BoringLayout$Metrics,boolean,android.text.TextUtils$TruncateAt,int)>",
						"<android.text.Layout: void <init>(java.lang.CharSequence,android.text.TextPaint,int,android.text.Layout$Alignment,float,float)>"
					],
					"depth":1,
					"method":"<android.text.BoringLayout: void <init>(java.lang.CharSequence,android.text.TextPaint,int,android.text.Layout$Alignment,float,float,android.text.BoringLayout$Metrics,boolean,android.text.TextUtils$TruncateAt,int)>",
					"source":"CALLER"
				},
				{
					"trace":[
						"<android.text.StaticLayout: void <init>(java.lang.CharSequence,int,int,android.text.TextPaint,int,android.text.Layout$Alignment,float,float,boolean,android.text.TextUtils$TruncateAt,int)>",
						"<android.text.Layout: void <init>(java.lang.CharSequence,android.text.TextPaint,int,android.text.Layout$Alignment,float,float)>"
					],
					"depth":1,
					"method":"<android.text.StaticLayout: void <init>(java.lang.CharSequence,int,int,android.text.TextPaint,int,android.text.Layout$Alignment,float,float,boolean,android.text.TextUtils$TruncateAt,int)>",
					"source":"CALLER"
				},
				{
					"trace":[
						"<android.text.DynamicLayout: void <init>(java.lang.CharSequence,java.lang.CharSequence,android.text.TextPaint,int,android.text.Layout$Alignment,float,float,boolean)>",
						"<android.text.DynamicLayout: void <init>(java.lang.CharSequence,java.lang.CharSequence,android.text.TextPaint,int,android.text.Layout$Alignment,float,float,boolean,android.text.TextUtils$TruncateAt,int)>",
						"<android.text.Layout: void <init>(java.lang.CharSequence,android.text.TextPaint,int,android.text.Layout$Alignment,float,float)>"
					],
					"depth":2,
					"method":"<android.text.DynamicLayout: void <init>(java.lang.CharSequence,java.lang.CharSequence,android.text.TextPaint,int,android.text.Layout$Alignment,float,float,boolean)>",
					"source":"CALLER"
				},
				{
					"trace":[
						"<android.text.BoringLayout: android.text.BoringLayout make(java.lang.CharSequence,android.text.TextPaint,int,android.text.Layout$Alignment,float,float,android.text.BoringLayout$Metrics,boolean)>",
						"<android.text.BoringLayout: void <init>(java.lang.CharSequence,android.text.TextPaint,int,android.text.Layout$Alignment,float,float,android.text.BoringLayout$Metrics,boolean)>",
						"<android.text.Layout: void <init>(java.lang.CharSequence,android.text.TextPaint,int,android.text.Layout$Alignment,float,float)>"
					],
					"depth":2,
					"method":"<android.text.BoringLayout: android.text.BoringLayout make(java.lang.CharSequence,android.text.TextPaint,int,android.text.Layout$Alignment,float,float,android.text.BoringLayout$Metrics,boolean)>",
					"source":"CALLER"
				},
				{
					"trace":[
						"<android.text.BoringLayout: android.text.BoringLayout make(java.lang.CharSequence,android.text.TextPaint,int,android.text.Layout$Alignment,float,float,android.text.BoringLayout$Metrics,boolean,android.text.TextUtils$TruncateAt,int)>",
						"<android.text.BoringLayout: void <init>(java.lang.CharSequence,android.text.TextPaint,int,android.text.Layout$Alignment,float,float,android.text.BoringLayout$Metrics,boolean,android.text.TextUtils$TruncateAt,int)>",
						"<android.text.Layout: void <init>(java.lang.CharSequence,android.text.TextPaint,int,android.text.Layout$Alignment,float,float)>"
					],
					"depth":2,
					"method":"<android.text.BoringLayout: android.text.BoringLayout make(java.lang.CharSequence,android.text.TextPaint,int,android.text.Layout$Alignment,float,float,android.text.BoringLayout$Metrics,boolean,android.text.TextUtils$TruncateAt,int)>",
					"source":"CALLER"
				},
				{
					"trace":[
						"<android.text.StaticLayout: void <init>(java.lang.CharSequence,int,int,android.text.TextPaint,int,android.text.Layout$Alignment,float,float,boolean)>",
						"<android.text.StaticLayout: void <init>(java.lang.CharSequence,int,int,android.text.TextPaint,int,android.text.Layout$Alignment,float,float,boolean,android.text.TextUtils$TruncateAt,int)>",
						"<android.text.Layout: void <init>(java.lang.CharSequence,android.text.TextPaint,int,android.text.Layout$Alignment,float,float)>"
					],
					"depth":2,
					"method":"<android.text.StaticLayout: void <init>(java.lang.CharSequence,int,int,android.text.TextPaint,int,android.text.Layout$Alignment,float,float,boolean)>",
					"source":"CALLER"
				},
				{
					"trace":[
						"<android.text.DynamicLayout: void <init>(java.lang.CharSequence,android.text.TextPaint,int,android.text.Layout$Alignment,float,float,boolean)>",
						"<android.text.DynamicLayout: void <init>(java.lang.CharSequence,java.lang.CharSequence,android.text.TextPaint,int,android.text.Layout$Alignment,float,float,boolean)>",
						"<android.text.DynamicLayout: void <init>(java.lang.CharSequence,java.lang.CharSequence,android.text.TextPaint,int,android.text.Layout$Alignment,float,float,boolean,android.text.TextUtils$TruncateAt,int)>",
						"<android.text.Layout: void <init>(java.lang.CharSequence,android.text.TextPaint,int,android.text.Layout$Alignment,float,float)>"
					],
					"depth":3,
					"method":"<android.text.DynamicLayout: void <init>(java.lang.CharSequence,android.text.TextPaint,int,android.text.Layout$Alignment,float,float,boolean)>",
					"source":"CALLER"
				},
				{
					"trace":[
						"<android.text.StaticLayout: void <init>(java.lang.CharSequence,android.text.TextPaint,int,android.text.Layout$Alignment,float,float,boolean)>",
						"<android.text.StaticLayout: void <init>(java.lang.CharSequence,int,int,android.text.TextPaint,int,android.text.Layout$Alignment,float,float,boolean)>",
						"<android.text.StaticLayout: void <init>(java.lang.CharSequence,int,int,android.text.TextPaint,int,android.text.Layout$Alignment,float,float,boolean,android.text.TextUtils$TruncateAt,int)>",
						"<android.text.Layout: void <init>(java.lang.CharSequence,android.text.TextPaint,int,android.text.Layout$Alignment,float,float)>"
					],
					"depth":3,
					"method":"<android.text.StaticLayout: void <init>(java.lang.CharSequence,android.text.TextPaint,int,android.text.Layout$Alignment,float,float,boolean)>",
					"source":"CALLER"
				}
			],
			"callerOfSingnlar2SourceVar":{
				"<android.text.BoringLayout: android.text.BoringLayout make(java.lang.CharSequence,android.text.TextPaint,int,android.text.Layout$Alignment,float,float,android.text.BoringLayout$Metrics,boolean,android.text.TextUtils$TruncateAt,int)>":"2",
				"<android.text.DynamicLayout: void <init>(java.lang.CharSequence,java.lang.CharSequence,android.text.TextPaint,int,android.text.Layout$Alignment,float,float,boolean)>":"3",
				"<android.text.Layout: void <init>(java.lang.CharSequence,android.text.TextPaint,int,android.text.Layout$Alignment,float,float)>":"2",
				"<android.text.StaticLayout: void <init>(java.lang.CharSequence,android.text.TextPaint,int,android.text.Layout$Alignment,float,float,boolean)>":"2",
				"<android.text.DynamicLayout: void <init>(java.lang.CharSequence,java.lang.CharSequence,android.text.TextPaint,int,android.text.Layout$Alignment,float,float,boolean,android.text.TextUtils$TruncateAt,int)>":"3",
				"<android.widget.TextView: void makeNewLayout(int,int,android.text.BoringLayout$Metrics,android.text.BoringLayout$Metrics,int,boolean)>":"0, 1",
				"<android.text.BoringLayout: void <init>(java.lang.CharSequence,android.text.TextPaint,int,android.text.Layout$Alignment,float,float,android.text.BoringLayout$Metrics,boolean,android.text.TextUtils$TruncateAt,int)>":"2",
				"<android.text.StaticLayout: void <init>(java.lang.CharSequence,int,int,android.text.TextPaint,int,android.text.Layout$Alignment,float,float,boolean,android.text.TextUtils$TruncateAt,int)>":"4",
				"<android.text.StaticLayout: void <init>(java.lang.CharSequence,int,int,android.text.TextPaint,int,android.text.Layout$Alignment,float,float,boolean)>":"4",
				"<android.text.DynamicLayout: void <init>(java.lang.CharSequence,android.text.TextPaint,int,android.text.Layout$Alignment,float,float,boolean)>":"2",
				"<android.text.BoringLayout: void <init>(java.lang.CharSequence,android.text.TextPaint,int,android.text.Layout$Alignment,float,float,android.text.BoringLayout$Metrics,boolean)>":"2",
				"<android.text.BoringLayout: android.text.BoringLayout make(java.lang.CharSequence,android.text.TextPaint,int,android.text.Layout$Alignment,float,float,android.text.BoringLayout$Metrics,boolean)>":"2"
			}
		},
		{
			"method":"<android.text.Layout: void increaseWidthTo(int)>",
			"message":"\\Qattempted to reduce Layout width\\E",
			"relatedVarType":"ParaAndField",
			"relatedCondType":"Basic",
			"modifier":"public",
			"type":"java.lang.RuntimeException",
			"osVersionRelated":false,
			"resourceRelated":false,
			"assessRelated":false,
			"hardwareRelated":false,
			"manifestRelated":false,
			"conditions":"i0 >= $i1",
			"paramValues":"@parameter0: int",
			"fieldValues":"<android.text.Layout: int mWidth>",
			"relatedValues":"@parameter0: int; <android.text.Layout: int mWidth>; ",
			"keyAPISameClassNum":1,
			"keyAPIDiffClassNum":20,
			"keyAPISameClass":[
				{
					"trace":[
						"<android.text.Layout: void increaseWidthTo(int)>"
					],
					"depth":1,
					"method":"<android.text.Layout: void increaseWidthTo(int)>",
					"source":"FIELD"
				}
			],
			"keyAPIDiffClass":[
				{
					"trace":[
						"<android.text.DynamicLayout: void <init>(java.lang.CharSequence,java.lang.CharSequence,android.text.TextPaint,int,android.text.Layout$Alignment,float,float,boolean,android.text.TextUtils$TruncateAt,int)>",
						"<android.text.Layout: void <init>(java.lang.CharSequence,android.text.TextPaint,int,android.text.Layout$Alignment,float,float)>",
						"key field: <android.text.Layout: int mWidth>",
						"<android.text.Layout: void increaseWidthTo(int)>"
					],
					"depth":2,
					"method":"<android.text.DynamicLayout: void <init>(java.lang.CharSequence,java.lang.CharSequence,android.text.TextPaint,int,android.text.Layout$Alignment,float,float,boolean,android.text.TextUtils$TruncateAt,int)>",
					"source":"FIELDCALLER"
				},
				{
					"trace":[
						"<android.text.BoringLayout: void <init>(java.lang.CharSequence,android.text.TextPaint,int,android.text.Layout$Alignment,float,float,android.text.BoringLayout$Metrics,boolean)>",
						"<android.text.Layout: void <init>(java.lang.CharSequence,android.text.TextPaint,int,android.text.Layout$Alignment,float,float)>",
						"key field: <android.text.Layout: int mWidth>",
						"<android.text.Layout: void increaseWidthTo(int)>"
					],
					"depth":2,
					"method":"<android.text.BoringLayout: void <init>(java.lang.CharSequence,android.text.TextPaint,int,android.text.Layout$Alignment,float,float,android.text.BoringLayout$Metrics,boolean)>",
					"source":"FIELDCALLER"
				},
				{
					"trace":[
						"<android.text.BoringLayout: void <init>(java.lang.CharSequence,android.text.TextPaint,int,android.text.Layout$Alignment,float,float,android.text.BoringLayout$Metrics,boolean,android.text.TextUtils$TruncateAt,int)>",
						"<android.text.Layout: void <init>(java.lang.CharSequence,android.text.TextPaint,int,android.text.Layout$Alignment,float,float)>",
						"key field: <android.text.Layout: int mWidth>",
						"<android.text.Layout: void increaseWidthTo(int)>"
					],
					"depth":2,
					"method":"<android.text.BoringLayout: void <init>(java.lang.CharSequence,android.text.TextPaint,int,android.text.Layout$Alignment,float,float,android.text.BoringLayout$Metrics,boolean,android.text.TextUtils$TruncateAt,int)>",
					"source":"FIELDCALLER"
				},
				{
					"trace":[
						"<android.text.StaticLayout: void <init>(java.lang.CharSequence,int,int,android.text.TextPaint,int,android.text.Layout$Alignment,float,float,boolean,android.text.TextUtils$TruncateAt,int)>",
						"<android.text.Layout: void <init>(java.lang.CharSequence,android.text.TextPaint,int,android.text.Layout$Alignment,float,float)>",
						"key field: <android.text.Layout: int mWidth>",
						"<android.text.Layout: void increaseWidthTo(int)>"
					],
					"depth":2,
					"method":"<android.text.StaticLayout: void <init>(java.lang.CharSequence,int,int,android.text.TextPaint,int,android.text.Layout$Alignment,float,float,boolean,android.text.TextUtils$TruncateAt,int)>",
					"source":"FIELDCALLER"
				},
				{
					"trace":[
						"<android.text.BoringLayout: android.text.BoringLayout replaceOrMake(java.lang.CharSequence,android.text.TextPaint,int,android.text.Layout$Alignment,float,float,android.text.BoringLayout$Metrics,boolean)>",
						"<android.text.Layout: void replaceWith(java.lang.CharSequence,android.text.TextPaint,int,android.text.Layout$Alignment,float,float)>",
						"key field: <android.text.Layout: int mWidth>",
						"<android.text.Layout: void increaseWidthTo(int)>"
					],
					"depth":2,
					"method":"<android.text.BoringLayout: android.text.BoringLayout replaceOrMake(java.lang.CharSequence,android.text.TextPaint,int,android.text.Layout$Alignment,float,float,android.text.BoringLayout$Metrics,boolean)>",
					"source":"FIELDCALLER"
				},
				{
					"trace":[
						"<android.text.BoringLayout: android.text.BoringLayout replaceOrMake(java.lang.CharSequence,android.text.TextPaint,int,android.text.Layout$Alignment,float,float,android.text.BoringLayout$Metrics,boolean,android.text.TextUtils$TruncateAt,int)>",
						"<android.text.Layout: void replaceWith(java.lang.CharSequence,android.text.TextPaint,int,android.text.Layout$Alignment,float,float)>",
						"key field: <android.text.Layout: int mWidth>",
						"<android.text.Layout: void increaseWidthTo(int)>"
					],
					"depth":2,
					"method":"<android.text.BoringLayout: android.text.BoringLayout replaceOrMake(java.lang.CharSequence,android.text.TextPaint,int,android.text.Layout$Alignment,float,float,android.text.BoringLayout$Metrics,boolean,android.text.TextUtils$TruncateAt,int)>",
					"source":"FIELDCALLER"
				},
				{
					"trace":[
						"<android.text.DynamicLayout: void <init>(java.lang.CharSequence,java.lang.CharSequence,android.text.TextPaint,int,android.text.Layout$Alignment,float,float,boolean)>",
						"<android.text.DynamicLayout: void <init>(java.lang.CharSequence,java.lang.CharSequence,android.text.TextPaint,int,android.text.Layout$Alignment,float,float,boolean,android.text.TextUtils$TruncateAt,int)>",
						"<android.text.Layout: void <init>(java.lang.CharSequence,android.text.TextPaint,int,android.text.Layout$Alignment,float,float)>",
						"key field: <android.text.Layout: int mWidth>",
						"<android.text.Layout: void increaseWidthTo(int)>"
					],
					"depth":3,
					"method":"<android.text.DynamicLayout: void <init>(java.lang.CharSequence,java.lang.CharSequence,android.text.TextPaint,int,android.text.Layout$Alignment,float,float,boolean)>",
					"source":"FIELDCALLER"
				},
				{
					"trace":[
						"<android.text.BoringLayout: android.text.BoringLayout make(java.lang.CharSequence,android.text.TextPaint,int,android.text.Layout$Alignment,float,float,android.text.BoringLayout$Metrics,boolean)>",
						"<android.text.BoringLayout: void <init>(java.lang.CharSequence,android.text.TextPaint,int,android.text.Layout$Alignment,float,float,android.text.BoringLayout$Metrics,boolean)>",
						"<android.text.Layout: void <init>(java.lang.CharSequence,android.text.TextPaint,int,android.text.Layout$Alignment,float,float)>",
						"key field: <android.text.Layout: int mWidth>",
						"<android.text.Layout: void increaseWidthTo(int)>"
					],
					"depth":3,
					"method":"<android.text.BoringLayout: android.text.BoringLayout make(java.lang.CharSequence,android.text.TextPaint,int,android.text.Layout$Alignment,float,float,android.text.BoringLayout$Metrics,boolean)>",
					"source":"FIELDCALLER"
				},
				{
					"trace":[
						"<android.text.BoringLayout: android.text.BoringLayout make(java.lang.CharSequence,android.text.TextPaint,int,android.text.Layout$Alignment,float,float,android.text.BoringLayout$Metrics,boolean,android.text.TextUtils$TruncateAt,int)>",
						"<android.text.BoringLayout: void <init>(java.lang.CharSequence,android.text.TextPaint,int,android.text.Layout$Alignment,float,float,android.text.BoringLayout$Metrics,boolean,android.text.TextUtils$TruncateAt,int)>",
						"<android.text.Layout: void <init>(java.lang.CharSequence,android.text.TextPaint,int,android.text.Layout$Alignment,float,float)>",
						"key field: <android.text.Layout: int mWidth>",
						"<android.text.Layout: void increaseWidthTo(int)>"
					],
					"depth":3,
					"method":"<android.text.BoringLayout: android.text.BoringLayout make(java.lang.CharSequence,android.text.TextPaint,int,android.text.Layout$Alignment,float,float,android.text.BoringLayout$Metrics,boolean,android.text.TextUtils$TruncateAt,int)>",
					"source":"FIELDCALLER"
				},
				{
					"trace":[
						"<android.text.StaticLayout: void <init>(java.lang.CharSequence,int,int,android.text.TextPaint,int,android.text.Layout$Alignment,float,float,boolean)>",
						"<android.text.StaticLayout: void <init>(java.lang.CharSequence,int,int,android.text.TextPaint,int,android.text.Layout$Alignment,float,float,boolean,android.text.TextUtils$TruncateAt,int)>",
						"<android.text.Layout: void <init>(java.lang.CharSequence,android.text.TextPaint,int,android.text.Layout$Alignment,float,float)>",
						"key field: <android.text.Layout: int mWidth>",
						"<android.text.Layout: void increaseWidthTo(int)>"
					],
					"depth":3,
					"method":"<android.text.StaticLayout: void <init>(java.lang.CharSequence,int,int,android.text.TextPaint,int,android.text.Layout$Alignment,float,float,boolean)>",
					"source":"FIELDCALLER"
				},
				{
					"trace":[
						"<android.text.DynamicLayout: void <init>(java.lang.CharSequence,android.text.TextPaint,int,android.text.Layout$Alignment,float,float,boolean)>",
						"<android.text.DynamicLayout: void <init>(java.lang.CharSequence,java.lang.CharSequence,android.text.TextPaint,int,android.text.Layout$Alignment,float,float,boolean)>",
						"<android.text.DynamicLayout: void <init>(java.lang.CharSequence,java.lang.CharSequence,android.text.TextPaint,int,android.text.Layout$Alignment,float,float,boolean,android.text.TextUtils$TruncateAt,int)>",
						"<android.text.Layout: void <init>(java.lang.CharSequence,android.text.TextPaint,int,android.text.Layout$Alignment,float,float)>",
						"key field: <android.text.Layout: int mWidth>",
						"<android.text.Layout: void increaseWidthTo(int)>"
					],
					"depth":4,
					"method":"<android.text.DynamicLayout: void <init>(java.lang.CharSequence,android.text.TextPaint,int,android.text.Layout$Alignment,float,float,boolean)>",
					"source":"FIELDCALLER"
				},
				{
					"trace":[
						"<android.text.StaticLayout: void <init>(java.lang.CharSequence,android.text.TextPaint,int,android.text.Layout$Alignment,float,float,boolean)>",
						"<android.text.StaticLayout: void <init>(java.lang.CharSequence,int,int,android.text.TextPaint,int,android.text.Layout$Alignment,float,float,boolean)>",
						"<android.text.StaticLayout: void <init>(java.lang.CharSequence,int,int,android.text.TextPaint,int,android.text.Layout$Alignment,float,float,boolean,android.text.TextUtils$TruncateAt,int)>",
						"<android.text.Layout: void <init>(java.lang.CharSequence,android.text.TextPaint,int,android.text.Layout$Alignment,float,float)>",
						"key field: <android.text.Layout: int mWidth>",
						"<android.text.Layout: void increaseWidthTo(int)>"
					],
					"depth":4,
					"method":"<android.text.StaticLayout: void <init>(java.lang.CharSequence,android.text.TextPaint,int,android.text.Layout$Alignment,float,float,boolean)>",
					"source":"FIELDCALLER"
				},
				{
					"trace":[
						"<android.text.DynamicLayout$ChangeWatcher: void onSpanChanged(android.text.Spannable,java.lang.Object,int,int,int,int)>",
						"<android.text.DynamicLayout$ChangeWatcher: void reflow(java.lang.CharSequence,int,int,int)>",
						"<android.text.DynamicLayout: void access$000(android.text.DynamicLayout,java.lang.CharSequence,int,int,int)>",
						"<android.text.DynamicLayout: void reflow(java.lang.CharSequence,int,int,int)>",
						"<android.text.DynamicLayout: void <clinit>()>",
						"<android.text.StaticLayout: void <init>(boolean)>",
						"<android.text.Layout: void <init>(java.lang.CharSequence,android.text.TextPaint,int,android.text.Layout$Alignment,float,float)>",
						"key field: <android.text.Layout: int mWidth>",
						"<android.text.Layout: void increaseWidthTo(int)>"
					],
					"depth":7,
					"method":"<android.text.DynamicLayout$ChangeWatcher: void onSpanChanged(android.text.Spannable,java.lang.Object,int,int,int,int)>",
					"source":"FIELDCALLER"
				},
				{
					"trace":[
						"<android.text.SpanWatcher: void onSpanChanged(android.text.Spannable,java.lang.Object,int,int,int,int)>",
						"<android.text.DynamicLayout$ChangeWatcher: void reflow(java.lang.CharSequence,int,int,int)>",
						"<android.text.DynamicLayout: void access$000(android.text.DynamicLayout,java.lang.CharSequence,int,int,int)>",
						"<android.text.DynamicLayout: void reflow(java.lang.CharSequence,int,int,int)>",
						"<android.text.DynamicLayout: void <clinit>()>",
						"<android.text.StaticLayout: void <init>(boolean)>",
						"<android.text.Layout: void <init>(java.lang.CharSequence,android.text.TextPaint,int,android.text.Layout$Alignment,float,float)>",
						"key field: <android.text.Layout: int mWidth>",
						"<android.text.Layout: void increaseWidthTo(int)>"
					],
					"depth":7,
					"method":"<android.text.SpanWatcher: void onSpanChanged(android.text.Spannable,java.lang.Object,int,int,int,int)>",
					"source":"FIELDCALLER"
				},
				{
					"trace":[
						"<android.text.DynamicLayout$ChangeWatcher: void onSpanRemoved(android.text.Spannable,java.lang.Object,int,int)>",
						"<android.text.DynamicLayout$ChangeWatcher: void reflow(java.lang.CharSequence,int,int,int)>",
						"<android.text.DynamicLayout: void access$000(android.text.DynamicLayout,java.lang.CharSequence,int,int,int)>",
						"<android.text.DynamicLayout: void reflow(java.lang.CharSequence,int,int,int)>",
						"<android.text.DynamicLayout: void <clinit>()>",
						"<android.text.StaticLayout: void <init>(boolean)>",
						"<android.text.Layout: void <init>(java.lang.CharSequence,android.text.TextPaint,int,android.text.Layout$Alignment,float,float)>",
						"key field: <android.text.Layout: int mWidth>",
						"<android.text.Layout: void increaseWidthTo(int)>"
					],
					"depth":7,
					"method":"<android.text.DynamicLayout$ChangeWatcher: void onSpanRemoved(android.text.Spannable,java.lang.Object,int,int)>",
					"source":"FIELDCALLER"
				},
				{
					"trace":[
						"<android.text.SpanWatcher: void onSpanRemoved(android.text.Spannable,java.lang.Object,int,int)>",
						"<android.text.DynamicLayout$ChangeWatcher: void reflow(java.lang.CharSequence,int,int,int)>",
						"<android.text.DynamicLayout: void access$000(android.text.DynamicLayout,java.lang.CharSequence,int,int,int)>",
						"<android.text.DynamicLayout: void reflow(java.lang.CharSequence,int,int,int)>",
						"<android.text.DynamicLayout: void <clinit>()>",
						"<android.text.StaticLayout: void <init>(boolean)>",
						"<android.text.Layout: void <init>(java.lang.CharSequence,android.text.TextPaint,int,android.text.Layout$Alignment,float,float)>",
						"key field: <android.text.Layout: int mWidth>",
						"<android.text.Layout: void increaseWidthTo(int)>"
					],
					"depth":7,
					"method":"<android.text.SpanWatcher: void onSpanRemoved(android.text.Spannable,java.lang.Object,int,int)>",
					"source":"FIELDCALLER"
				},
				{
					"trace":[
						"<android.text.DynamicLayout$ChangeWatcher: void onTextChanged(java.lang.CharSequence,int,int,int)>",
						"<android.text.DynamicLayout$ChangeWatcher: void reflow(java.lang.CharSequence,int,int,int)>",
						"<android.text.DynamicLayout: void access$000(android.text.DynamicLayout,java.lang.CharSequence,int,int,int)>",
						"<android.text.DynamicLayout: void reflow(java.lang.CharSequence,int,int,int)>",
						"<android.text.DynamicLayout: void <clinit>()>",
						"<android.text.StaticLayout: void <init>(boolean)>",
						"<android.text.Layout: void <init>(java.lang.CharSequence,android.text.TextPaint,int,android.text.Layout$Alignment,float,float)>",
						"key field: <android.text.Layout: int mWidth>",
						"<android.text.Layout: void increaseWidthTo(int)>"
					],
					"depth":7,
					"method":"<android.text.DynamicLayout$ChangeWatcher: void onTextChanged(java.lang.CharSequence,int,int,int)>",
					"source":"FIELDCALLER"
				},
				{
					"trace":[
						"<android.text.TextWatcher: void onTextChanged(java.lang.CharSequence,int,int,int)>",
						"<android.text.DynamicLayout$ChangeWatcher: void reflow(java.lang.CharSequence,int,int,int)>",
						"<android.text.DynamicLayout: void access$000(android.text.DynamicLayout,java.lang.CharSequence,int,int,int)>",
						"<android.text.DynamicLayout: void reflow(java.lang.CharSequence,int,int,int)>",
						"<android.text.DynamicLayout: void <clinit>()>",
						"<android.text.StaticLayout: void <init>(boolean)>",
						"<android.text.Layout: void <init>(java.lang.CharSequence,android.text.TextPaint,int,android.text.Layout$Alignment,float,float)>",
						"key field: <android.text.Layout: int mWidth>",
						"<android.text.Layout: void increaseWidthTo(int)>"
					],
					"depth":7,
					"method":"<android.text.TextWatcher: void onTextChanged(java.lang.CharSequence,int,int,int)>",
					"source":"FIELDCALLER"
				},
				{
					"trace":[
						"<android.text.DynamicLayout$ChangeWatcher: void onSpanAdded(android.text.Spannable,java.lang.Object,int,int)>",
						"<android.text.DynamicLayout$ChangeWatcher: void reflow(java.lang.CharSequence,int,int,int)>",
						"<android.text.DynamicLayout: void access$000(android.text.DynamicLayout,java.lang.CharSequence,int,int,int)>",
						"<android.text.DynamicLayout: void reflow(java.lang.CharSequence,int,int,int)>",
						"<android.text.DynamicLayout: void <clinit>()>",
						"<android.text.StaticLayout: void <init>(boolean)>",
						"<android.text.Layout: void <init>(java.lang.CharSequence,android.text.TextPaint,int,android.text.Layout$Alignment,float,float)>",
						"key field: <android.text.Layout: int mWidth>",
						"<android.text.Layout: void increaseWidthTo(int)>"
					],
					"depth":7,
					"method":"<android.text.DynamicLayout$ChangeWatcher: void onSpanAdded(android.text.Spannable,java.lang.Object,int,int)>",
					"source":"FIELDCALLER"
				},
				{
					"trace":[
						"<android.text.SpanWatcher: void onSpanAdded(android.text.Spannable,java.lang.Object,int,int)>",
						"<android.text.DynamicLayout$ChangeWatcher: void reflow(java.lang.CharSequence,int,int,int)>",
						"<android.text.DynamicLayout: void access$000(android.text.DynamicLayout,java.lang.CharSequence,int,int,int)>",
						"<android.text.DynamicLayout: void reflow(java.lang.CharSequence,int,int,int)>",
						"<android.text.DynamicLayout: void <clinit>()>",
						"<android.text.StaticLayout: void <init>(boolean)>",
						"<android.text.Layout: void <init>(java.lang.CharSequence,android.text.TextPaint,int,android.text.Layout$Alignment,float,float)>",
						"key field: <android.text.Layout: int mWidth>",
						"<android.text.Layout: void increaseWidthTo(int)>"
					],
					"depth":7,
					"method":"<android.text.SpanWatcher: void onSpanAdded(android.text.Spannable,java.lang.Object,int,int)>",
					"source":"FIELDCALLER"
				}
			],
			"callerOfSingnlar2SourceVar":{
				"<android.text.Layout: void increaseWidthTo(int)>":"0"
			}
		},
		{
			"method":"<android.text.Layout: void replaceWith(java.lang.CharSequence,android.text.TextPaint,int,android.text.Layout$Alignment,float,float)>",
			"message":"\\QLayout: \\E[\\s\\S]*\\Q < 0\\E",
			"relatedVarType":"Parameter",
			"relatedCondType":"Basic",
			"modifier":"default",
			"type":"java.lang.IllegalArgumentException",
			"osVersionRelated":false,
			"resourceRelated":false,
			"assessRelated":false,
			"hardwareRelated":false,
			"manifestRelated":false,
			"conditions":"i0 >= 0",
			"paramValues":"@parameter2: int",
			"relatedValues":"@parameter2: int; ; ",
			"keyAPISameClassNum":0,
			"keyAPIDiffClassNum":0,
			"keyAPISameClass":[
				{
					"trace":[
						"<android.text.Layout: void replaceWith(java.lang.CharSequence,android.text.TextPaint,int,android.text.Layout$Alignment,float,float)>"
					],
					"depth":0,
					"method":"<android.text.Layout: void replaceWith(java.lang.CharSequence,android.text.TextPaint,int,android.text.Layout$Alignment,float,float)>",
					"source":"CALLER"
				}
			],
			"keyAPIDiffClass":[
				{
					"trace":[
						"<android.text.BoringLayout: android.text.BoringLayout replaceOrMake(java.lang.CharSequence,android.text.TextPaint,int,android.text.Layout$Alignment,float,float,android.text.BoringLayout$Metrics,boolean)>",
						"<android.text.Layout: void replaceWith(java.lang.CharSequence,android.text.TextPaint,int,android.text.Layout$Alignment,float,float)>"
					],
					"depth":1,
					"method":"<android.text.BoringLayout: android.text.BoringLayout replaceOrMake(java.lang.CharSequence,android.text.TextPaint,int,android.text.Layout$Alignment,float,float,android.text.BoringLayout$Metrics,boolean)>",
					"source":"CALLER"
				},
				{
					"trace":[
						"<android.text.BoringLayout: void <init>(java.lang.CharSequence,android.text.TextPaint,int,android.text.Layout$Alignment,float,float,android.text.BoringLayout$Metrics,boolean,android.text.TextUtils$TruncateAt,int)>",
						"<android.text.Layout: void replaceWith(java.lang.CharSequence,android.text.TextPaint,int,android.text.Layout$Alignment,float,float)>"
					],
					"depth":1,
					"method":"<android.text.BoringLayout: void <init>(java.lang.CharSequence,android.text.TextPaint,int,android.text.Layout$Alignment,float,float,android.text.BoringLayout$Metrics,boolean,android.text.TextUtils$TruncateAt,int)>",
					"source":"CALLER"
				},
				{
					"trace":[
						"<android.text.BoringLayout: android.text.BoringLayout replaceOrMake(java.lang.CharSequence,android.text.TextPaint,int,android.text.Layout$Alignment,float,float,android.text.BoringLayout$Metrics,boolean,android.text.TextUtils$TruncateAt,int)>",
						"<android.text.Layout: void replaceWith(java.lang.CharSequence,android.text.TextPaint,int,android.text.Layout$Alignment,float,float)>"
					],
					"depth":1,
					"method":"<android.text.BoringLayout: android.text.BoringLayout replaceOrMake(java.lang.CharSequence,android.text.TextPaint,int,android.text.Layout$Alignment,float,float,android.text.BoringLayout$Metrics,boolean,android.text.TextUtils$TruncateAt,int)>",
					"source":"CALLER"
				},
				{
					"trace":[
						"<android.text.BoringLayout: android.text.BoringLayout make(java.lang.CharSequence,android.text.TextPaint,int,android.text.Layout$Alignment,float,float,android.text.BoringLayout$Metrics,boolean,android.text.TextUtils$TruncateAt,int)>",
						"<android.text.BoringLayout: void <init>(java.lang.CharSequence,android.text.TextPaint,int,android.text.Layout$Alignment,float,float,android.text.BoringLayout$Metrics,boolean,android.text.TextUtils$TruncateAt,int)>",
						"<android.text.Layout: void replaceWith(java.lang.CharSequence,android.text.TextPaint,int,android.text.Layout$Alignment,float,float)>"
					],
					"depth":2,
					"method":"<android.text.BoringLayout: android.text.BoringLayout make(java.lang.CharSequence,android.text.TextPaint,int,android.text.Layout$Alignment,float,float,android.text.BoringLayout$Metrics,boolean,android.text.TextUtils$TruncateAt,int)>",
					"source":"CALLER"
				}
			],
			"callerOfSingnlar2SourceVar":{
				"<android.text.BoringLayout: android.text.BoringLayout replaceOrMake(java.lang.CharSequence,android.text.TextPaint,int,android.text.Layout$Alignment,float,float,android.text.BoringLayout$Metrics,boolean,android.text.TextUtils$TruncateAt,int)>":"2",
				"<android.text.BoringLayout: android.text.BoringLayout make(java.lang.CharSequence,android.text.TextPaint,int,android.text.Layout$Alignment,float,float,android.text.BoringLayout$Metrics,boolean,android.text.TextUtils$TruncateAt,int)>":"2",
				"<android.text.Layout: void replaceWith(java.lang.CharSequence,android.text.TextPaint,int,android.text.Layout$Alignment,float,float)>":"2",
				"<android.text.BoringLayout: android.text.BoringLayout replaceOrMake(java.lang.CharSequence,android.text.TextPaint,int,android.text.Layout$Alignment,float,float,android.text.BoringLayout$Metrics,boolean)>":"2",
				"<android.widget.TextView: void makeNewLayout(int,int,android.text.BoringLayout$Metrics,android.text.BoringLayout$Metrics,int,boolean)>":"1, 0",
				"<android.text.BoringLayout: void <init>(java.lang.CharSequence,android.text.TextPaint,int,android.text.Layout$Alignment,float,float,android.text.BoringLayout$Metrics,boolean,android.text.TextUtils$TruncateAt,int)>":"2"
			}
		}
	]
}