{
	"exceptions":[
		{
			"method":"<android.graphics.RadialGradient: void <init>(float,float,float,int,int,android.graphics.Shader$TileMode)>",
			"message":"\\Qradius must be > 0\\E",
			"relatedVarType":"Parameter",
			"relatedCondType":"Basic",
			"modifier":"public",
			"type":"java.lang.IllegalArgumentException",
			"osVersionRelated":false,
			"resourceRelated":false,
			"assessRelated":false,
			"hardwareRelated":false,
			"manifestRelated":false,
			"conditions":"$b0 > 0",
			"paramValues":"@parameter2: float",
			"relatedValues":"@parameter2: float; ; ",
			"keyAPISameClassNum":0,
			"keyAPIDiffClassNum":0,
			"keyAPISameClass":[
				{
					"trace":[
						"<android.graphics.RadialGradient: void <init>(float,float,float,int,int,android.graphics.Shader$TileMode)>"
					],
					"depth":0,
					"method":"<android.graphics.RadialGradient: void <init>(float,float,float,int,int,android.graphics.Shader$TileMode)>",
					"source":"CALLER"
				}
			],
			"keyAPIDiffClass":[],
			"callerOfSingnlar2SourceVar":{
				"<android.graphics.RadialGradient: void <init>(float,float,float,int,int,android.graphics.Shader$TileMode)>":"2"
			}
		},
		{
			"method":"<android.graphics.RadialGradient: void <init>(float,float,float,int[],float[],android.graphics.Shader$TileMode)>",
			"message":"\\Qcolor and position arrays must be of equal length\\E",
			"relatedVarType":"Parameter",
			"relatedCondType":"Basic",
			"modifier":"public",
			"type":"java.lang.IllegalArgumentException",
			"osVersionRelated":false,
			"resourceRelated":false,
			"assessRelated":false,
			"hardwareRelated":false,
			"manifestRelated":false,
			"conditions":"$i5 == $i4, r2 == null, $i1 >= 2",
			"paramValues":"@parameter3: int[], @parameter4: float[]",
			"relatedValues":"@parameter3: int[], @parameter4: float[]; ; ",
			"keyAPISameClassNum":0,
			"keyAPIDiffClassNum":0,
			"keyAPISameClass":[
				{
					"trace":[
						"<android.graphics.RadialGradient: void <init>(float,float,float,int[],float[],android.graphics.Shader$TileMode)>"
					],
					"depth":0,
					"method":"<android.graphics.RadialGradient: void <init>(float,float,float,int[],float[],android.graphics.Shader$TileMode)>",
					"source":"CALLER"
				}
			],
			"keyAPIDiffClass":[],
			"callerOfSingnlar2SourceVar":{
				"<android.graphics.RadialGradient: void <init>(float,float,float,int[],float[],android.graphics.Shader$TileMode)>":"3, 4"
			}
		},
		{
			"method":"<android.graphics.RadialGradient: void <init>(float,float,float,int[],float[],android.graphics.Shader$TileMode)>",
			"message":"\\Qneeds >= 2 number of colors\\E",
			"relatedVarType":"Parameter",
			"relatedCondType":"Basic",
			"modifier":"public",
			"type":"java.lang.IllegalArgumentException",
			"osVersionRelated":false,
			"resourceRelated":false,
			"assessRelated":false,
			"hardwareRelated":false,
			"manifestRelated":false,
			"conditions":"$i1 >= 2, $b0 > 0",
			"paramValues":"@parameter3: int[], @parameter2: float",
			"relatedValues":"@parameter3: int[], @parameter2: float; ; ",
			"keyAPISameClassNum":0,
			"keyAPIDiffClassNum":0,
			"keyAPISameClass":[
				{
					"trace":[
						"<android.graphics.RadialGradient: void <init>(float,float,float,int[],float[],android.graphics.Shader$TileMode)>"
					],
					"depth":0,
					"method":"<android.graphics.RadialGradient: void <init>(float,float,float,int[],float[],android.graphics.Shader$TileMode)>",
					"source":"CALLER"
				}
			],
			"keyAPIDiffClass":[],
			"callerOfSingnlar2SourceVar":{
				"<android.graphics.RadialGradient: void <init>(float,float,float,int[],float[],android.graphics.Shader$TileMode)>":"3, 2"
			}
		},
		{
			"method":"<android.graphics.RadialGradient: void <init>(float,float,float,int[],float[],android.graphics.Shader$TileMode)>",
			"message":"\\Qradius must be > 0\\E",
			"relatedVarType":"Parameter",
			"relatedCondType":"Basic",
			"modifier":"public",
			"type":"java.lang.IllegalArgumentException",
			"osVersionRelated":false,
			"resourceRelated":false,
			"assessRelated":false,
			"hardwareRelated":false,
			"manifestRelated":false,
			"conditions":"$b0 > 0",
			"paramValues":"@parameter2: float",
			"relatedValues":"@parameter2: float; ; ",
			"keyAPISameClassNum":0,
			"keyAPIDiffClassNum":0,
			"keyAPISameClass":[
				{
					"trace":[
						"<android.graphics.RadialGradient: void <init>(float,float,float,int[],float[],android.graphics.Shader$TileMode)>"
					],
					"depth":0,
					"method":"<android.graphics.RadialGradient: void <init>(float,float,float,int[],float[],android.graphics.Shader$TileMode)>",
					"source":"CALLER"
				}
			],
			"keyAPIDiffClass":[],
			"callerOfSingnlar2SourceVar":{
				"<android.graphics.RadialGradient: void <init>(float,float,float,int[],float[],android.graphics.Shader$TileMode)>":"2"
			}
		}
	]
}