{
	"exceptions":[
		{
			"method":"<android.net.http.AndroidHttpClient: void enableCurlLogging(java.lang.String,int)>",
			"message":"\\Qname\\E",
			"relatedVarType":"Parameter",
			"relatedCondType":"Basic",
			"modifier":"public",
			"type":"java.lang.NullPointerException",
			"osVersionRelated":false,
			"resourceRelated":false,
			"assessRelated":false,
			"hardwareRelated":true,
			"manifestRelated":false,
			"conditions":"r0 != null",
			"paramValues":"@parameter0: java.lang.String",
			"relatedValues":"@parameter0: java.lang.String; ; ",
			"keyAPISameClassNum":0,
			"keyAPIDiffClassNum":0,
			"keyAPISameClass":[
				{
					"trace":[
						"<android.net.http.AndroidHttpClient: void enableCurlLogging(java.lang.String,int)>"
					],
					"depth":0,
					"method":"<android.net.http.AndroidHttpClient: void enableCurlLogging(java.lang.String,int)>",
					"source":"CALLER"
				}
			],
			"keyAPIDiffClass":[],
			"callerOfSingnlar2SourceVar":{
				"<android.net.http.AndroidHttpClient: void enableCurlLogging(java.lang.String,int)>":"0"
			}
		},
		{
			"method":"<android.net.http.AndroidHttpClient: void enableCurlLogging(java.lang.String,int)>",
			"message":"\\QLevel is out of range [2..7]\\E",
			"relatedVarType":"Parameter",
			"relatedCondType":"Basic",
			"modifier":"public",
			"type":"java.lang.IllegalArgumentException",
			"osVersionRelated":false,
			"resourceRelated":false,
			"assessRelated":false,
			"hardwareRelated":true,
			"manifestRelated":false,
			"conditions":"i0 < 2, r0 != null, i0 <= 7",
			"paramValues":"@parameter1: int, @parameter0: java.lang.String",
			"relatedValues":"@parameter1: int, @parameter0: java.lang.String; ; ",
			"keyAPISameClassNum":0,
			"keyAPIDiffClassNum":0,
			"keyAPISameClass":[
				{
					"trace":[
						"<android.net.http.AndroidHttpClient: void enableCurlLogging(java.lang.String,int)>"
					],
					"depth":0,
					"method":"<android.net.http.AndroidHttpClient: void enableCurlLogging(java.lang.String,int)>",
					"source":"CALLER"
				}
			],
			"keyAPIDiffClass":[],
			"callerOfSingnlar2SourceVar":{
				"<android.net.http.AndroidHttpClient: void enableCurlLogging(java.lang.String,int)>":"1, 0"
			}
		}
	]
}