{
	"exceptions":[
		{
			"method":"<android.drm.mobile1.DrmRawContent$DrmInputStream: int available()>",
			"message":"[\\s\\S]*",
			"relatedVarType":"Field",
			"relatedCondType":"Basic",
			"modifier":"public",
			"type":"java.io.IOException",
			"osVersionRelated":false,
			"resourceRelated":false,
			"assessRelated":false,
			"hardwareRelated":false,
			"manifestRelated":false,
			"conditions":"i2 >= 0, -3 != i0, -1 != i0",
			"fieldValues":"<android.drm.mobile1.DrmRawContent$DrmInputStream: android.drm.mobile1.DrmRawContent this$0>",
			"relatedValues":"; <android.drm.mobile1.DrmRawContent$DrmInputStream: android.drm.mobile1.DrmRawContent this$0>; ",
			"keyAPISameClassNum":6,
			"keyAPIDiffClassNum":15,
			"keyAPISameClass":[
				{
					"trace":[
						"<android.drm.mobile1.DrmRawContent$DrmInputStream: int available()>"
					],
					"depth":1,
					"method":"<android.drm.mobile1.DrmRawContent$DrmInputStream: void <init>(android.drm.mobile1.DrmRawContent,android.drm.mobile1.DrmRights)>",
					"source":"FIELD"
				},
				{
					"trace":[
						"<android.drm.mobile1.DrmRawContent$DrmInputStream: int available()>"
					],
					"depth":1,
					"method":"<android.drm.mobile1.DrmRawContent$DrmInputStream: int available()>",
					"source":"FIELD"
				},
				{
					"trace":[
						"<android.drm.mobile1.DrmRawContent$DrmInputStream: int available()>"
					],
					"depth":1,
					"method":"<android.drm.mobile1.DrmRawContent$DrmInputStream: int read(byte[],int,int)>",
					"source":"FIELD"
				},
				{
					"trace":[
						"<java.io.InputStream: int read()>",
						"<android.drm.mobile1.DrmRawContent$DrmInputStream: int read(byte[],int,int)>",
						"key field: <android.drm.mobile1.DrmRawContent$DrmInputStream: android.drm.mobile1.DrmRawContent this$0>",
						"<android.drm.mobile1.DrmRawContent$DrmInputStream: int available()>"
					],
					"depth":2,
					"method":"<java.io.InputStream: int read()>",
					"source":"FIELDCALLER"
				},
				{
					"trace":[
						"<android.drm.mobile1.DrmRawContent$DrmInputStream: int read()>",
						"<android.drm.mobile1.DrmRawContent$DrmInputStream: int read(byte[],int,int)>",
						"key field: <android.drm.mobile1.DrmRawContent$DrmInputStream: android.drm.mobile1.DrmRawContent this$0>",
						"<android.drm.mobile1.DrmRawContent$DrmInputStream: int available()>"
					],
					"depth":2,
					"method":"<android.drm.mobile1.DrmRawContent$DrmInputStream: int read()>",
					"source":"FIELDCALLER"
				},
				{
					"trace":[
						"<android.drm.mobile1.DrmRawContent$DrmInputStream: int read(byte[])>",
						"<android.drm.mobile1.DrmRawContent$DrmInputStream: int read(byte[],int,int)>",
						"key field: <android.drm.mobile1.DrmRawContent$DrmInputStream: android.drm.mobile1.DrmRawContent this$0>",
						"<android.drm.mobile1.DrmRawContent$DrmInputStream: int available()>"
					],
					"depth":2,
					"method":"<android.drm.mobile1.DrmRawContent$DrmInputStream: int read(byte[])>",
					"source":"FIELDCALLER"
				}
			],
			"keyAPIDiffClass":[
				{
					"trace":[
						"<android.drm.mobile1.DrmRawContent: java.io.InputStream getContentInputStream(android.drm.mobile1.DrmRights)>",
						"<android.drm.mobile1.DrmRawContent$DrmInputStream: void <init>(android.drm.mobile1.DrmRawContent,android.drm.mobile1.DrmRights)>",
						"key field: <android.drm.mobile1.DrmRawContent$DrmInputStream: android.drm.mobile1.DrmRawContent this$0>",
						"<android.drm.mobile1.DrmRawContent$DrmInputStream: int available()>"
					],
					"depth":2,
					"method":"<android.drm.mobile1.DrmRawContent: java.io.InputStream getContentInputStream(android.drm.mobile1.DrmRights)>",
					"source":"FIELDCALLER"
				},
				{
					"trace":[
						"<android.content.res.AssetFileDescriptor$AutoCloseMemoryFileInputStream: int available()>",
						"<android.drm.mobile1.DrmRawContent$DrmInputStream: int available()>",
						"key field: <android.drm.mobile1.DrmRawContent$DrmInputStream: android.drm.mobile1.DrmRawContent this$0>",
						"<android.drm.mobile1.DrmRawContent$DrmInputStream: int available()>"
					],
					"depth":2,
					"method":"<android.content.res.AssetFileDescriptor$AutoCloseMemoryFileInputStream: int available()>",
					"source":"FIELDCALLER"
				},
				{
					"trace":[
						"<android.content.res.AssetFileDescriptor$AutoCloseMemoryFileInputStream: int read(byte[],int,int)>",
						"<android.drm.mobile1.DrmRawContent$DrmInputStream: int read(byte[],int,int)>",
						"key field: <android.drm.mobile1.DrmRawContent$DrmInputStream: android.drm.mobile1.DrmRawContent this$0>",
						"<android.drm.mobile1.DrmRawContent$DrmInputStream: int available()>"
					],
					"depth":2,
					"method":"<android.content.res.AssetFileDescriptor$AutoCloseMemoryFileInputStream: int read(byte[],int,int)>",
					"source":"FIELDCALLER"
				},
				{
					"trace":[
						"<android.speech.srec.UlawEncoderInputStream: int available()>",
						"<android.content.res.AssetFileDescriptor$AutoCloseMemoryFileInputStream: int available()>",
						"<android.drm.mobile1.DrmRawContent$DrmInputStream: int available()>",
						"key field: <android.drm.mobile1.DrmRawContent$DrmInputStream: android.drm.mobile1.DrmRawContent this$0>",
						"<android.drm.mobile1.DrmRawContent$DrmInputStream: int available()>"
					],
					"depth":3,
					"method":"<android.speech.srec.UlawEncoderInputStream: int available()>",
					"source":"FIELDCALLER"
				},
				{
					"trace":[
						"<android.content.res.AssetFileDescriptor$AutoCloseMemoryFileInputStream: int read()>",
						"<android.drm.mobile1.DrmRawContent$DrmInputStream: int read()>",
						"<android.drm.mobile1.DrmRawContent$DrmInputStream: int read(byte[],int,int)>",
						"key field: <android.drm.mobile1.DrmRawContent$DrmInputStream: android.drm.mobile1.DrmRawContent this$0>",
						"<android.drm.mobile1.DrmRawContent$DrmInputStream: int available()>"
					],
					"depth":3,
					"method":"<android.content.res.AssetFileDescriptor$AutoCloseMemoryFileInputStream: int read()>",
					"source":"FIELDCALLER"
				},
				{
					"trace":[
						"<android.content.res.AssetFileDescriptor$AutoCloseMemoryFileInputStream: int read(byte[])>",
						"<android.drm.mobile1.DrmRawContent$DrmInputStream: int read(byte[])>",
						"<android.drm.mobile1.DrmRawContent$DrmInputStream: int read(byte[],int,int)>",
						"key field: <android.drm.mobile1.DrmRawContent$DrmInputStream: android.drm.mobile1.DrmRawContent this$0>",
						"<android.drm.mobile1.DrmRawContent$DrmInputStream: int available()>"
					],
					"depth":3,
					"method":"<android.content.res.AssetFileDescriptor$AutoCloseMemoryFileInputStream: int read(byte[])>",
					"source":"FIELDCALLER"
				},
				{
					"trace":[
						"<android.media.ResampleInputStream: int read(byte[],int,int)>",
						"<android.content.res.AssetFileDescriptor$AutoCloseMemoryFileInputStream: int read(byte[],int,int)>",
						"<android.drm.mobile1.DrmRawContent$DrmInputStream: int read(byte[],int,int)>",
						"key field: <android.drm.mobile1.DrmRawContent$DrmInputStream: android.drm.mobile1.DrmRawContent this$0>",
						"<android.drm.mobile1.DrmRawContent$DrmInputStream: int available()>"
					],
					"depth":3,
					"method":"<android.media.ResampleInputStream: int read(byte[],int,int)>",
					"source":"FIELDCALLER"
				},
				{
					"trace":[
						"<android.media.ResampleInputStream: int read()>",
						"<android.media.ResampleInputStream: int read(byte[],int,int)>",
						"<android.content.res.AssetFileDescriptor$AutoCloseMemoryFileInputStream: int read(byte[],int,int)>",
						"<android.drm.mobile1.DrmRawContent$DrmInputStream: int read(byte[],int,int)>",
						"key field: <android.drm.mobile1.DrmRawContent$DrmInputStream: android.drm.mobile1.DrmRawContent this$0>",
						"<android.drm.mobile1.DrmRawContent$DrmInputStream: int available()>"
					],
					"depth":4,
					"method":"<android.media.ResampleInputStream: int read()>",
					"source":"FIELDCALLER"
				},
				{
					"trace":[
						"<android.media.ResampleInputStream: int read(byte[])>",
						"<android.media.ResampleInputStream: int read(byte[],int,int)>",
						"<android.content.res.AssetFileDescriptor$AutoCloseMemoryFileInputStream: int read(byte[],int,int)>",
						"<android.drm.mobile1.DrmRawContent$DrmInputStream: int read(byte[],int,int)>",
						"key field: <android.drm.mobile1.DrmRawContent$DrmInputStream: android.drm.mobile1.DrmRawContent this$0>",
						"<android.drm.mobile1.DrmRawContent$DrmInputStream: int available()>"
					],
					"depth":4,
					"method":"<android.media.ResampleInputStream: int read(byte[])>",
					"source":"FIELDCALLER"
				},
				{
					"trace":[
						"<android.speech.srec.UlawEncoderInputStream: int read(byte[],int,int)>",
						"<android.media.ResampleInputStream: int read(byte[],int,int)>",
						"<android.content.res.AssetFileDescriptor$AutoCloseMemoryFileInputStream: int read(byte[],int,int)>",
						"<android.drm.mobile1.DrmRawContent$DrmInputStream: int read(byte[],int,int)>",
						"key field: <android.drm.mobile1.DrmRawContent$DrmInputStream: android.drm.mobile1.DrmRawContent this$0>",
						"<android.drm.mobile1.DrmRawContent$DrmInputStream: int available()>"
					],
					"depth":4,
					"method":"<android.speech.srec.UlawEncoderInputStream: int read(byte[],int,int)>",
					"source":"FIELDCALLER"
				},
				{
					"trace":[
						"<android.speech.srec.UlawEncoderInputStream: int read()>",
						"<android.speech.srec.UlawEncoderInputStream: int read(byte[],int,int)>",
						"<android.media.ResampleInputStream: int read(byte[],int,int)>",
						"<android.content.res.AssetFileDescriptor$AutoCloseMemoryFileInputStream: int read(byte[],int,int)>",
						"<android.drm.mobile1.DrmRawContent$DrmInputStream: int read(byte[],int,int)>",
						"key field: <android.drm.mobile1.DrmRawContent$DrmInputStream: android.drm.mobile1.DrmRawContent this$0>",
						"<android.drm.mobile1.DrmRawContent$DrmInputStream: int available()>"
					],
					"depth":5,
					"method":"<android.speech.srec.UlawEncoderInputStream: int read()>",
					"source":"FIELDCALLER"
				},
				{
					"trace":[
						"<android.speech.srec.UlawEncoderInputStream: int read(byte[])>",
						"<android.speech.srec.UlawEncoderInputStream: int read(byte[],int,int)>",
						"<android.media.ResampleInputStream: int read(byte[],int,int)>",
						"<android.content.res.AssetFileDescriptor$AutoCloseMemoryFileInputStream: int read(byte[],int,int)>",
						"<android.drm.mobile1.DrmRawContent$DrmInputStream: int read(byte[],int,int)>",
						"key field: <android.drm.mobile1.DrmRawContent$DrmInputStream: android.drm.mobile1.DrmRawContent this$0>",
						"<android.drm.mobile1.DrmRawContent$DrmInputStream: int available()>"
					],
					"depth":5,
					"method":"<android.speech.srec.UlawEncoderInputStream: int read(byte[])>",
					"source":"FIELDCALLER"
				},
				{
					"trace":[
						"<android.media.AmrInputStream: int read(byte[],int,int)>",
						"<android.speech.srec.UlawEncoderInputStream: int read(byte[],int,int)>",
						"<android.media.ResampleInputStream: int read(byte[],int,int)>",
						"<android.content.res.AssetFileDescriptor$AutoCloseMemoryFileInputStream: int read(byte[],int,int)>",
						"<android.drm.mobile1.DrmRawContent$DrmInputStream: int read(byte[],int,int)>",
						"key field: <android.drm.mobile1.DrmRawContent$DrmInputStream: android.drm.mobile1.DrmRawContent this$0>",
						"<android.drm.mobile1.DrmRawContent$DrmInputStream: int available()>"
					],
					"depth":5,
					"method":"<android.media.AmrInputStream: int read(byte[],int,int)>",
					"source":"FIELDCALLER"
				},
				{
					"trace":[
						"<android.media.AmrInputStream: int read()>",
						"<android.media.AmrInputStream: int read(byte[],int,int)>",
						"<android.speech.srec.UlawEncoderInputStream: int read(byte[],int,int)>",
						"<android.media.ResampleInputStream: int read(byte[],int,int)>",
						"<android.content.res.AssetFileDescriptor$AutoCloseMemoryFileInputStream: int read(byte[],int,int)>",
						"<android.drm.mobile1.DrmRawContent$DrmInputStream: int read(byte[],int,int)>",
						"key field: <android.drm.mobile1.DrmRawContent$DrmInputStream: android.drm.mobile1.DrmRawContent this$0>",
						"<android.drm.mobile1.DrmRawContent$DrmInputStream: int available()>"
					],
					"depth":6,
					"method":"<android.media.AmrInputStream: int read()>",
					"source":"FIELDCALLER"
				},
				{
					"trace":[
						"<android.media.AmrInputStream: int read(byte[])>",
						"<android.media.AmrInputStream: int read(byte[],int,int)>",
						"<android.speech.srec.UlawEncoderInputStream: int read(byte[],int,int)>",
						"<android.media.ResampleInputStream: int read(byte[],int,int)>",
						"<android.content.res.AssetFileDescriptor$AutoCloseMemoryFileInputStream: int read(byte[],int,int)>",
						"<android.drm.mobile1.DrmRawContent$DrmInputStream: int read(byte[],int,int)>",
						"key field: <android.drm.mobile1.DrmRawContent$DrmInputStream: android.drm.mobile1.DrmRawContent this$0>",
						"<android.drm.mobile1.DrmRawContent$DrmInputStream: int available()>"
					],
					"depth":6,
					"method":"<android.media.AmrInputStream: int read(byte[])>",
					"source":"FIELDCALLER"
				}
			],
			"callerOfSingnlar2SourceVar":{}
		},
		{
			"method":"<android.drm.mobile1.DrmRawContent$DrmInputStream: int available()>",
			"message":"[\\s\\S]*",
			"relatedVarType":"Field",
			"relatedCondType":"Basic",
			"modifier":"public",
			"type":"java.io.IOException",
			"osVersionRelated":false,
			"resourceRelated":false,
			"assessRelated":false,
			"hardwareRelated":false,
			"manifestRelated":false,
			"conditions":"-1 != i0",
			"fieldValues":"<android.drm.mobile1.DrmRawContent$DrmInputStream: android.drm.mobile1.DrmRawContent this$0>",
			"relatedValues":"; <android.drm.mobile1.DrmRawContent$DrmInputStream: android.drm.mobile1.DrmRawContent this$0>; ",
			"keyAPISameClassNum":6,
			"keyAPIDiffClassNum":15,
			"keyAPISameClass":[
				{
					"trace":[
						"<android.drm.mobile1.DrmRawContent$DrmInputStream: int available()>"
					],
					"depth":1,
					"method":"<android.drm.mobile1.DrmRawContent$DrmInputStream: void <init>(android.drm.mobile1.DrmRawContent,android.drm.mobile1.DrmRights)>",
					"source":"FIELD"
				},
				{
					"trace":[
						"<android.drm.mobile1.DrmRawContent$DrmInputStream: int available()>"
					],
					"depth":1,
					"method":"<android.drm.mobile1.DrmRawContent$DrmInputStream: int available()>",
					"source":"FIELD"
				},
				{
					"trace":[
						"<android.drm.mobile1.DrmRawContent$DrmInputStream: int available()>"
					],
					"depth":1,
					"method":"<android.drm.mobile1.DrmRawContent$DrmInputStream: int read(byte[],int,int)>",
					"source":"FIELD"
				},
				{
					"trace":[
						"<java.io.InputStream: int read()>",
						"<android.drm.mobile1.DrmRawContent$DrmInputStream: int read(byte[],int,int)>",
						"key field: <android.drm.mobile1.DrmRawContent$DrmInputStream: android.drm.mobile1.DrmRawContent this$0>",
						"<android.drm.mobile1.DrmRawContent$DrmInputStream: int available()>"
					],
					"depth":2,
					"method":"<java.io.InputStream: int read()>",
					"source":"FIELDCALLER"
				},
				{
					"trace":[
						"<android.drm.mobile1.DrmRawContent$DrmInputStream: int read()>",
						"<android.drm.mobile1.DrmRawContent$DrmInputStream: int read(byte[],int,int)>",
						"key field: <android.drm.mobile1.DrmRawContent$DrmInputStream: android.drm.mobile1.DrmRawContent this$0>",
						"<android.drm.mobile1.DrmRawContent$DrmInputStream: int available()>"
					],
					"depth":2,
					"method":"<android.drm.mobile1.DrmRawContent$DrmInputStream: int read()>",
					"source":"FIELDCALLER"
				},
				{
					"trace":[
						"<android.drm.mobile1.DrmRawContent$DrmInputStream: int read(byte[])>",
						"<android.drm.mobile1.DrmRawContent$DrmInputStream: int read(byte[],int,int)>",
						"key field: <android.drm.mobile1.DrmRawContent$DrmInputStream: android.drm.mobile1.DrmRawContent this$0>",
						"<android.drm.mobile1.DrmRawContent$DrmInputStream: int available()>"
					],
					"depth":2,
					"method":"<android.drm.mobile1.DrmRawContent$DrmInputStream: int read(byte[])>",
					"source":"FIELDCALLER"
				}
			],
			"keyAPIDiffClass":[
				{
					"trace":[
						"<android.drm.mobile1.DrmRawContent: java.io.InputStream getContentInputStream(android.drm.mobile1.DrmRights)>",
						"<android.drm.mobile1.DrmRawContent$DrmInputStream: void <init>(android.drm.mobile1.DrmRawContent,android.drm.mobile1.DrmRights)>",
						"key field: <android.drm.mobile1.DrmRawContent$DrmInputStream: android.drm.mobile1.DrmRawContent this$0>",
						"<android.drm.mobile1.DrmRawContent$DrmInputStream: int available()>"
					],
					"depth":2,
					"method":"<android.drm.mobile1.DrmRawContent: java.io.InputStream getContentInputStream(android.drm.mobile1.DrmRights)>",
					"source":"FIELDCALLER"
				},
				{
					"trace":[
						"<android.content.res.AssetFileDescriptor$AutoCloseMemoryFileInputStream: int available()>",
						"<android.drm.mobile1.DrmRawContent$DrmInputStream: int available()>",
						"key field: <android.drm.mobile1.DrmRawContent$DrmInputStream: android.drm.mobile1.DrmRawContent this$0>",
						"<android.drm.mobile1.DrmRawContent$DrmInputStream: int available()>"
					],
					"depth":2,
					"method":"<android.content.res.AssetFileDescriptor$AutoCloseMemoryFileInputStream: int available()>",
					"source":"FIELDCALLER"
				},
				{
					"trace":[
						"<android.content.res.AssetFileDescriptor$AutoCloseMemoryFileInputStream: int read(byte[],int,int)>",
						"<android.drm.mobile1.DrmRawContent$DrmInputStream: int read(byte[],int,int)>",
						"key field: <android.drm.mobile1.DrmRawContent$DrmInputStream: android.drm.mobile1.DrmRawContent this$0>",
						"<android.drm.mobile1.DrmRawContent$DrmInputStream: int available()>"
					],
					"depth":2,
					"method":"<android.content.res.AssetFileDescriptor$AutoCloseMemoryFileInputStream: int read(byte[],int,int)>",
					"source":"FIELDCALLER"
				},
				{
					"trace":[
						"<android.speech.srec.UlawEncoderInputStream: int available()>",
						"<android.content.res.AssetFileDescriptor$AutoCloseMemoryFileInputStream: int available()>",
						"<android.drm.mobile1.DrmRawContent$DrmInputStream: int available()>",
						"key field: <android.drm.mobile1.DrmRawContent$DrmInputStream: android.drm.mobile1.DrmRawContent this$0>",
						"<android.drm.mobile1.DrmRawContent$DrmInputStream: int available()>"
					],
					"depth":3,
					"method":"<android.speech.srec.UlawEncoderInputStream: int available()>",
					"source":"FIELDCALLER"
				},
				{
					"trace":[
						"<android.content.res.AssetFileDescriptor$AutoCloseMemoryFileInputStream: int read()>",
						"<android.drm.mobile1.DrmRawContent$DrmInputStream: int read()>",
						"<android.drm.mobile1.DrmRawContent$DrmInputStream: int read(byte[],int,int)>",
						"key field: <android.drm.mobile1.DrmRawContent$DrmInputStream: android.drm.mobile1.DrmRawContent this$0>",
						"<android.drm.mobile1.DrmRawContent$DrmInputStream: int available()>"
					],
					"depth":3,
					"method":"<android.content.res.AssetFileDescriptor$AutoCloseMemoryFileInputStream: int read()>",
					"source":"FIELDCALLER"
				},
				{
					"trace":[
						"<android.content.res.AssetFileDescriptor$AutoCloseMemoryFileInputStream: int read(byte[])>",
						"<android.drm.mobile1.DrmRawContent$DrmInputStream: int read(byte[])>",
						"<android.drm.mobile1.DrmRawContent$DrmInputStream: int read(byte[],int,int)>",
						"key field: <android.drm.mobile1.DrmRawContent$DrmInputStream: android.drm.mobile1.DrmRawContent this$0>",
						"<android.drm.mobile1.DrmRawContent$DrmInputStream: int available()>"
					],
					"depth":3,
					"method":"<android.content.res.AssetFileDescriptor$AutoCloseMemoryFileInputStream: int read(byte[])>",
					"source":"FIELDCALLER"
				},
				{
					"trace":[
						"<android.media.ResampleInputStream: int read(byte[],int,int)>",
						"<android.content.res.AssetFileDescriptor$AutoCloseMemoryFileInputStream: int read(byte[],int,int)>",
						"<android.drm.mobile1.DrmRawContent$DrmInputStream: int read(byte[],int,int)>",
						"key field: <android.drm.mobile1.DrmRawContent$DrmInputStream: android.drm.mobile1.DrmRawContent this$0>",
						"<android.drm.mobile1.DrmRawContent$DrmInputStream: int available()>"
					],
					"depth":3,
					"method":"<android.media.ResampleInputStream: int read(byte[],int,int)>",
					"source":"FIELDCALLER"
				},
				{
					"trace":[
						"<android.media.ResampleInputStream: int read()>",
						"<android.media.ResampleInputStream: int read(byte[],int,int)>",
						"<android.content.res.AssetFileDescriptor$AutoCloseMemoryFileInputStream: int read(byte[],int,int)>",
						"<android.drm.mobile1.DrmRawContent$DrmInputStream: int read(byte[],int,int)>",
						"key field: <android.drm.mobile1.DrmRawContent$DrmInputStream: android.drm.mobile1.DrmRawContent this$0>",
						"<android.drm.mobile1.DrmRawContent$DrmInputStream: int available()>"
					],
					"depth":4,
					"method":"<android.media.ResampleInputStream: int read()>",
					"source":"FIELDCALLER"
				},
				{
					"trace":[
						"<android.media.ResampleInputStream: int read(byte[])>",
						"<android.media.ResampleInputStream: int read(byte[],int,int)>",
						"<android.content.res.AssetFileDescriptor$AutoCloseMemoryFileInputStream: int read(byte[],int,int)>",
						"<android.drm.mobile1.DrmRawContent$DrmInputStream: int read(byte[],int,int)>",
						"key field: <android.drm.mobile1.DrmRawContent$DrmInputStream: android.drm.mobile1.DrmRawContent this$0>",
						"<android.drm.mobile1.DrmRawContent$DrmInputStream: int available()>"
					],
					"depth":4,
					"method":"<android.media.ResampleInputStream: int read(byte[])>",
					"source":"FIELDCALLER"
				},
				{
					"trace":[
						"<android.speech.srec.UlawEncoderInputStream: int read(byte[],int,int)>",
						"<android.media.ResampleInputStream: int read(byte[],int,int)>",
						"<android.content.res.AssetFileDescriptor$AutoCloseMemoryFileInputStream: int read(byte[],int,int)>",
						"<android.drm.mobile1.DrmRawContent$DrmInputStream: int read(byte[],int,int)>",
						"key field: <android.drm.mobile1.DrmRawContent$DrmInputStream: android.drm.mobile1.DrmRawContent this$0>",
						"<android.drm.mobile1.DrmRawContent$DrmInputStream: int available()>"
					],
					"depth":4,
					"method":"<android.speech.srec.UlawEncoderInputStream: int read(byte[],int,int)>",
					"source":"FIELDCALLER"
				},
				{
					"trace":[
						"<android.speech.srec.UlawEncoderInputStream: int read()>",
						"<android.speech.srec.UlawEncoderInputStream: int read(byte[],int,int)>",
						"<android.media.ResampleInputStream: int read(byte[],int,int)>",
						"<android.content.res.AssetFileDescriptor$AutoCloseMemoryFileInputStream: int read(byte[],int,int)>",
						"<android.drm.mobile1.DrmRawContent$DrmInputStream: int read(byte[],int,int)>",
						"key field: <android.drm.mobile1.DrmRawContent$DrmInputStream: android.drm.mobile1.DrmRawContent this$0>",
						"<android.drm.mobile1.DrmRawContent$DrmInputStream: int available()>"
					],
					"depth":5,
					"method":"<android.speech.srec.UlawEncoderInputStream: int read()>",
					"source":"FIELDCALLER"
				},
				{
					"trace":[
						"<android.speech.srec.UlawEncoderInputStream: int read(byte[])>",
						"<android.speech.srec.UlawEncoderInputStream: int read(byte[],int,int)>",
						"<android.media.ResampleInputStream: int read(byte[],int,int)>",
						"<android.content.res.AssetFileDescriptor$AutoCloseMemoryFileInputStream: int read(byte[],int,int)>",
						"<android.drm.mobile1.DrmRawContent$DrmInputStream: int read(byte[],int,int)>",
						"key field: <android.drm.mobile1.DrmRawContent$DrmInputStream: android.drm.mobile1.DrmRawContent this$0>",
						"<android.drm.mobile1.DrmRawContent$DrmInputStream: int available()>"
					],
					"depth":5,
					"method":"<android.speech.srec.UlawEncoderInputStream: int read(byte[])>",
					"source":"FIELDCALLER"
				},
				{
					"trace":[
						"<android.media.AmrInputStream: int read(byte[],int,int)>",
						"<android.speech.srec.UlawEncoderInputStream: int read(byte[],int,int)>",
						"<android.media.ResampleInputStream: int read(byte[],int,int)>",
						"<android.content.res.AssetFileDescriptor$AutoCloseMemoryFileInputStream: int read(byte[],int,int)>",
						"<android.drm.mobile1.DrmRawContent$DrmInputStream: int read(byte[],int,int)>",
						"key field: <android.drm.mobile1.DrmRawContent$DrmInputStream: android.drm.mobile1.DrmRawContent this$0>",
						"<android.drm.mobile1.DrmRawContent$DrmInputStream: int available()>"
					],
					"depth":5,
					"method":"<android.media.AmrInputStream: int read(byte[],int,int)>",
					"source":"FIELDCALLER"
				},
				{
					"trace":[
						"<android.media.AmrInputStream: int read()>",
						"<android.media.AmrInputStream: int read(byte[],int,int)>",
						"<android.speech.srec.UlawEncoderInputStream: int read(byte[],int,int)>",
						"<android.media.ResampleInputStream: int read(byte[],int,int)>",
						"<android.content.res.AssetFileDescriptor$AutoCloseMemoryFileInputStream: int read(byte[],int,int)>",
						"<android.drm.mobile1.DrmRawContent$DrmInputStream: int read(byte[],int,int)>",
						"key field: <android.drm.mobile1.DrmRawContent$DrmInputStream: android.drm.mobile1.DrmRawContent this$0>",
						"<android.drm.mobile1.DrmRawContent$DrmInputStream: int available()>"
					],
					"depth":6,
					"method":"<android.media.AmrInputStream: int read()>",
					"source":"FIELDCALLER"
				},
				{
					"trace":[
						"<android.media.AmrInputStream: int read(byte[])>",
						"<android.media.AmrInputStream: int read(byte[],int,int)>",
						"<android.speech.srec.UlawEncoderInputStream: int read(byte[],int,int)>",
						"<android.media.ResampleInputStream: int read(byte[],int,int)>",
						"<android.content.res.AssetFileDescriptor$AutoCloseMemoryFileInputStream: int read(byte[],int,int)>",
						"<android.drm.mobile1.DrmRawContent$DrmInputStream: int read(byte[],int,int)>",
						"key field: <android.drm.mobile1.DrmRawContent$DrmInputStream: android.drm.mobile1.DrmRawContent this$0>",
						"<android.drm.mobile1.DrmRawContent$DrmInputStream: int available()>"
					],
					"depth":6,
					"method":"<android.media.AmrInputStream: int read(byte[])>",
					"source":"FIELDCALLER"
				}
			],
			"callerOfSingnlar2SourceVar":{}
		},
		{
			"method":"<android.drm.mobile1.DrmRawContent$DrmInputStream: int read(byte[],int,int)>",
			"message":"[\\s\\S]*",
			"relatedVarType":"ParaAndField",
			"relatedCondType":"Basic",
			"modifier":"public",
			"type":"java.io.IOException",
			"osVersionRelated":false,
			"resourceRelated":false,
			"assessRelated":false,
			"hardwareRelated":false,
			"manifestRelated":false,
			"conditions":"-1 != i5, i1 != 0, 1 != $z0",
			"paramValues":"@parameter0: byte[], @parameter1: int, @parameter2: int",
			"fieldValues":"<android.drm.mobile1.DrmRawContent$DrmInputStream: android.drm.mobile1.DrmRawContent this$0>, <android.drm.mobile1.DrmRawContent$DrmInputStream: boolean isClosed>",
			"relatedValues":"@parameter0: byte[], @parameter1: int, @parameter2: int; <android.drm.mobile1.DrmRawContent$DrmInputStream: android.drm.mobile1.DrmRawContent this$0>, <android.drm.mobile1.DrmRawContent$DrmInputStream: boolean isClosed>; ",
			"keyAPISameClassNum":7,
			"keyAPIDiffClassNum":20,
			"keyAPISameClass":[
				{
					"trace":[
						"<android.drm.mobile1.DrmRawContent$DrmInputStream: int read(byte[],int,int)>"
					],
					"depth":1,
					"method":"<android.drm.mobile1.DrmRawContent$DrmInputStream: void <init>(android.drm.mobile1.DrmRawContent,android.drm.mobile1.DrmRights)>",
					"source":"FIELD"
				},
				{
					"trace":[
						"<android.drm.mobile1.DrmRawContent$DrmInputStream: int read(byte[],int,int)>"
					],
					"depth":1,
					"method":"<android.drm.mobile1.DrmRawContent$DrmInputStream: int available()>",
					"source":"FIELD"
				},
				{
					"trace":[
						"<android.drm.mobile1.DrmRawContent$DrmInputStream: int read(byte[],int,int)>"
					],
					"depth":1,
					"method":"<android.drm.mobile1.DrmRawContent$DrmInputStream: int read(byte[],int,int)>",
					"source":"FIELD"
				},
				{
					"trace":[
						"<android.drm.mobile1.DrmRawContent$DrmInputStream: int read(byte[],int,int)>"
					],
					"depth":1,
					"method":"<android.drm.mobile1.DrmRawContent$DrmInputStream: void close()>",
					"source":"FIELD"
				},
				{
					"trace":[
						"<java.io.InputStream: int read()>",
						"<android.drm.mobile1.DrmRawContent$DrmInputStream: int read(byte[],int,int)>",
						"key field: <android.drm.mobile1.DrmRawContent$DrmInputStream: android.drm.mobile1.DrmRawContent this$0>",
						"<android.drm.mobile1.DrmRawContent$DrmInputStream: int read(byte[],int,int)>"
					],
					"depth":2,
					"method":"<java.io.InputStream: int read()>",
					"source":"FIELDCALLER"
				},
				{
					"trace":[
						"<android.drm.mobile1.DrmRawContent$DrmInputStream: int read()>",
						"<android.drm.mobile1.DrmRawContent$DrmInputStream: int read(byte[],int,int)>",
						"key field: <android.drm.mobile1.DrmRawContent$DrmInputStream: android.drm.mobile1.DrmRawContent this$0>",
						"<android.drm.mobile1.DrmRawContent$DrmInputStream: int read(byte[],int,int)>"
					],
					"depth":2,
					"method":"<android.drm.mobile1.DrmRawContent$DrmInputStream: int read()>",
					"source":"FIELDCALLER"
				},
				{
					"trace":[
						"<android.drm.mobile1.DrmRawContent$DrmInputStream: int read(byte[])>",
						"<android.drm.mobile1.DrmRawContent$DrmInputStream: int read(byte[],int,int)>",
						"key field: <android.drm.mobile1.DrmRawContent$DrmInputStream: android.drm.mobile1.DrmRawContent this$0>",
						"<android.drm.mobile1.DrmRawContent$DrmInputStream: int read(byte[],int,int)>"
					],
					"depth":2,
					"method":"<android.drm.mobile1.DrmRawContent$DrmInputStream: int read(byte[])>",
					"source":"FIELDCALLER"
				}
			],
			"keyAPIDiffClass":[
				{
					"trace":[
						"<android.drm.mobile1.DrmRawContent: java.io.InputStream getContentInputStream(android.drm.mobile1.DrmRights)>",
						"<android.drm.mobile1.DrmRawContent$DrmInputStream: void <init>(android.drm.mobile1.DrmRawContent,android.drm.mobile1.DrmRights)>",
						"key field: <android.drm.mobile1.DrmRawContent$DrmInputStream: android.drm.mobile1.DrmRawContent this$0>",
						"<android.drm.mobile1.DrmRawContent$DrmInputStream: int read(byte[],int,int)>"
					],
					"depth":2,
					"method":"<android.drm.mobile1.DrmRawContent: java.io.InputStream getContentInputStream(android.drm.mobile1.DrmRights)>",
					"source":"FIELDCALLER"
				},
				{
					"trace":[
						"<android.content.res.AssetFileDescriptor$AutoCloseMemoryFileInputStream: int available()>",
						"<android.drm.mobile1.DrmRawContent$DrmInputStream: int available()>",
						"key field: <android.drm.mobile1.DrmRawContent$DrmInputStream: android.drm.mobile1.DrmRawContent this$0>",
						"<android.drm.mobile1.DrmRawContent$DrmInputStream: int read(byte[],int,int)>"
					],
					"depth":2,
					"method":"<android.content.res.AssetFileDescriptor$AutoCloseMemoryFileInputStream: int available()>",
					"source":"FIELDCALLER"
				},
				{
					"trace":[
						"<android.content.res.AssetFileDescriptor$AutoCloseMemoryFileInputStream: int read(byte[],int,int)>",
						"<android.drm.mobile1.DrmRawContent$DrmInputStream: int read(byte[],int,int)>",
						"key field: <android.drm.mobile1.DrmRawContent$DrmInputStream: android.drm.mobile1.DrmRawContent this$0>",
						"<android.drm.mobile1.DrmRawContent$DrmInputStream: int read(byte[],int,int)>"
					],
					"depth":2,
					"method":"<android.content.res.AssetFileDescriptor$AutoCloseMemoryFileInputStream: int read(byte[],int,int)>",
					"source":"FIELDCALLER"
				},
				{
					"trace":[
						"<android.media.ResampleInputStream: void close()>",
						"<android.drm.mobile1.DrmRawContent$DrmInputStream: void close()>",
						"key field: <android.drm.mobile1.DrmRawContent$DrmInputStream: boolean isClosed>",
						"<android.drm.mobile1.DrmRawContent$DrmInputStream: int read(byte[],int,int)>"
					],
					"depth":2,
					"method":"<android.media.ResampleInputStream: void close()>",
					"source":"FIELDCALLER"
				},
				{
					"trace":[
						"<android.speech.srec.UlawEncoderInputStream: int available()>",
						"<android.content.res.AssetFileDescriptor$AutoCloseMemoryFileInputStream: int available()>",
						"<android.drm.mobile1.DrmRawContent$DrmInputStream: int available()>",
						"key field: <android.drm.mobile1.DrmRawContent$DrmInputStream: android.drm.mobile1.DrmRawContent this$0>",
						"<android.drm.mobile1.DrmRawContent$DrmInputStream: int read(byte[],int,int)>"
					],
					"depth":3,
					"method":"<android.speech.srec.UlawEncoderInputStream: int available()>",
					"source":"FIELDCALLER"
				},
				{
					"trace":[
						"<android.content.res.AssetFileDescriptor$AutoCloseMemoryFileInputStream: int read()>",
						"<android.drm.mobile1.DrmRawContent$DrmInputStream: int read()>",
						"<android.drm.mobile1.DrmRawContent$DrmInputStream: int read(byte[],int,int)>",
						"key field: <android.drm.mobile1.DrmRawContent$DrmInputStream: android.drm.mobile1.DrmRawContent this$0>",
						"<android.drm.mobile1.DrmRawContent$DrmInputStream: int read(byte[],int,int)>"
					],
					"depth":3,
					"method":"<android.content.res.AssetFileDescriptor$AutoCloseMemoryFileInputStream: int read()>",
					"source":"FIELDCALLER"
				},
				{
					"trace":[
						"<android.content.res.AssetFileDescriptor$AutoCloseMemoryFileInputStream: int read(byte[])>",
						"<android.drm.mobile1.DrmRawContent$DrmInputStream: int read(byte[])>",
						"<android.drm.mobile1.DrmRawContent$DrmInputStream: int read(byte[],int,int)>",
						"key field: <android.drm.mobile1.DrmRawContent$DrmInputStream: android.drm.mobile1.DrmRawContent this$0>",
						"<android.drm.mobile1.DrmRawContent$DrmInputStream: int read(byte[],int,int)>"
					],
					"depth":3,
					"method":"<android.content.res.AssetFileDescriptor$AutoCloseMemoryFileInputStream: int read(byte[])>",
					"source":"FIELDCALLER"
				},
				{
					"trace":[
						"<android.media.ResampleInputStream: int read(byte[],int,int)>",
						"<android.content.res.AssetFileDescriptor$AutoCloseMemoryFileInputStream: int read(byte[],int,int)>",
						"<android.drm.mobile1.DrmRawContent$DrmInputStream: int read(byte[],int,int)>",
						"key field: <android.drm.mobile1.DrmRawContent$DrmInputStream: android.drm.mobile1.DrmRawContent this$0>",
						"<android.drm.mobile1.DrmRawContent$DrmInputStream: int read(byte[],int,int)>"
					],
					"depth":3,
					"method":"<android.media.ResampleInputStream: int read(byte[],int,int)>",
					"source":"FIELDCALLER"
				},
				{
					"trace":[
						"<android.util.Base64InputStream: void close()>",
						"<android.media.ResampleInputStream: void close()>",
						"<android.drm.mobile1.DrmRawContent$DrmInputStream: void close()>",
						"key field: <android.drm.mobile1.DrmRawContent$DrmInputStream: boolean isClosed>",
						"<android.drm.mobile1.DrmRawContent$DrmInputStream: int read(byte[],int,int)>"
					],
					"depth":3,
					"method":"<android.util.Base64InputStream: void close()>",
					"source":"FIELDCALLER"
				},
				{
					"trace":[
						"<android.media.ResampleInputStream: int read()>",
						"<android.media.ResampleInputStream: int read(byte[],int,int)>",
						"<android.content.res.AssetFileDescriptor$AutoCloseMemoryFileInputStream: int read(byte[],int,int)>",
						"<android.drm.mobile1.DrmRawContent$DrmInputStream: int read(byte[],int,int)>",
						"key field: <android.drm.mobile1.DrmRawContent$DrmInputStream: android.drm.mobile1.DrmRawContent this$0>",
						"<android.drm.mobile1.DrmRawContent$DrmInputStream: int read(byte[],int,int)>"
					],
					"depth":4,
					"method":"<android.media.ResampleInputStream: int read()>",
					"source":"FIELDCALLER"
				},
				{
					"trace":[
						"<android.media.ResampleInputStream: int read(byte[])>",
						"<android.media.ResampleInputStream: int read(byte[],int,int)>",
						"<android.content.res.AssetFileDescriptor$AutoCloseMemoryFileInputStream: int read(byte[],int,int)>",
						"<android.drm.mobile1.DrmRawContent$DrmInputStream: int read(byte[],int,int)>",
						"key field: <android.drm.mobile1.DrmRawContent$DrmInputStream: android.drm.mobile1.DrmRawContent this$0>",
						"<android.drm.mobile1.DrmRawContent$DrmInputStream: int read(byte[],int,int)>"
					],
					"depth":4,
					"method":"<android.media.ResampleInputStream: int read(byte[])>",
					"source":"FIELDCALLER"
				},
				{
					"trace":[
						"<android.speech.srec.UlawEncoderInputStream: int read(byte[],int,int)>",
						"<android.media.ResampleInputStream: int read(byte[],int,int)>",
						"<android.content.res.AssetFileDescriptor$AutoCloseMemoryFileInputStream: int read(byte[],int,int)>",
						"<android.drm.mobile1.DrmRawContent$DrmInputStream: int read(byte[],int,int)>",
						"key field: <android.drm.mobile1.DrmRawContent$DrmInputStream: android.drm.mobile1.DrmRawContent this$0>",
						"<android.drm.mobile1.DrmRawContent$DrmInputStream: int read(byte[],int,int)>"
					],
					"depth":4,
					"method":"<android.speech.srec.UlawEncoderInputStream: int read(byte[],int,int)>",
					"source":"FIELDCALLER"
				},
				{
					"trace":[
						"<android.speech.srec.UlawEncoderInputStream: void close()>",
						"<android.util.Base64InputStream: void close()>",
						"<android.media.ResampleInputStream: void close()>",
						"<android.drm.mobile1.DrmRawContent$DrmInputStream: void close()>",
						"key field: <android.drm.mobile1.DrmRawContent$DrmInputStream: boolean isClosed>",
						"<android.drm.mobile1.DrmRawContent$DrmInputStream: int read(byte[],int,int)>"
					],
					"depth":4,
					"method":"<android.speech.srec.UlawEncoderInputStream: void close()>",
					"source":"FIELDCALLER"
				},
				{
					"trace":[
						"<android.speech.srec.UlawEncoderInputStream: int read()>",
						"<android.speech.srec.UlawEncoderInputStream: int read(byte[],int,int)>",
						"<android.media.ResampleInputStream: int read(byte[],int,int)>",
						"<android.content.res.AssetFileDescriptor$AutoCloseMemoryFileInputStream: int read(byte[],int,int)>",
						"<android.drm.mobile1.DrmRawContent$DrmInputStream: int read(byte[],int,int)>",
						"key field: <android.drm.mobile1.DrmRawContent$DrmInputStream: android.drm.mobile1.DrmRawContent this$0>",
						"<android.drm.mobile1.DrmRawContent$DrmInputStream: int read(byte[],int,int)>"
					],
					"depth":5,
					"method":"<android.speech.srec.UlawEncoderInputStream: int read()>",
					"source":"FIELDCALLER"
				},
				{
					"trace":[
						"<android.speech.srec.UlawEncoderInputStream: int read(byte[])>",
						"<android.speech.srec.UlawEncoderInputStream: int read(byte[],int,int)>",
						"<android.media.ResampleInputStream: int read(byte[],int,int)>",
						"<android.content.res.AssetFileDescriptor$AutoCloseMemoryFileInputStream: int read(byte[],int,int)>",
						"<android.drm.mobile1.DrmRawContent$DrmInputStream: int read(byte[],int,int)>",
						"key field: <android.drm.mobile1.DrmRawContent$DrmInputStream: android.drm.mobile1.DrmRawContent this$0>",
						"<android.drm.mobile1.DrmRawContent$DrmInputStream: int read(byte[],int,int)>"
					],
					"depth":5,
					"method":"<android.speech.srec.UlawEncoderInputStream: int read(byte[])>",
					"source":"FIELDCALLER"
				},
				{
					"trace":[
						"<android.media.AmrInputStream: int read(byte[],int,int)>",
						"<android.speech.srec.UlawEncoderInputStream: int read(byte[],int,int)>",
						"<android.media.ResampleInputStream: int read(byte[],int,int)>",
						"<android.content.res.AssetFileDescriptor$AutoCloseMemoryFileInputStream: int read(byte[],int,int)>",
						"<android.drm.mobile1.DrmRawContent$DrmInputStream: int read(byte[],int,int)>",
						"key field: <android.drm.mobile1.DrmRawContent$DrmInputStream: android.drm.mobile1.DrmRawContent this$0>",
						"<android.drm.mobile1.DrmRawContent$DrmInputStream: int read(byte[],int,int)>"
					],
					"depth":5,
					"method":"<android.media.AmrInputStream: int read(byte[],int,int)>",
					"source":"FIELDCALLER"
				},
				{
					"trace":[
						"<android.media.AmrInputStream: void close()>",
						"<android.speech.srec.UlawEncoderInputStream: void close()>",
						"<android.util.Base64InputStream: void close()>",
						"<android.media.ResampleInputStream: void close()>",
						"<android.drm.mobile1.DrmRawContent$DrmInputStream: void close()>",
						"key field: <android.drm.mobile1.DrmRawContent$DrmInputStream: boolean isClosed>",
						"<android.drm.mobile1.DrmRawContent$DrmInputStream: int read(byte[],int,int)>"
					],
					"depth":5,
					"method":"<android.media.AmrInputStream: void close()>",
					"source":"FIELDCALLER"
				},
				{
					"trace":[
						"<android.media.AmrInputStream: int read()>",
						"<android.media.AmrInputStream: int read(byte[],int,int)>",
						"<android.speech.srec.UlawEncoderInputStream: int read(byte[],int,int)>",
						"<android.media.ResampleInputStream: int read(byte[],int,int)>",
						"<android.content.res.AssetFileDescriptor$AutoCloseMemoryFileInputStream: int read(byte[],int,int)>",
						"<android.drm.mobile1.DrmRawContent$DrmInputStream: int read(byte[],int,int)>",
						"key field: <android.drm.mobile1.DrmRawContent$DrmInputStream: android.drm.mobile1.DrmRawContent this$0>",
						"<android.drm.mobile1.DrmRawContent$DrmInputStream: int read(byte[],int,int)>"
					],
					"depth":6,
					"method":"<android.media.AmrInputStream: int read()>",
					"source":"FIELDCALLER"
				},
				{
					"trace":[
						"<android.media.AmrInputStream: int read(byte[])>",
						"<android.media.AmrInputStream: int read(byte[],int,int)>",
						"<android.speech.srec.UlawEncoderInputStream: int read(byte[],int,int)>",
						"<android.media.ResampleInputStream: int read(byte[],int,int)>",
						"<android.content.res.AssetFileDescriptor$AutoCloseMemoryFileInputStream: int read(byte[],int,int)>",
						"<android.drm.mobile1.DrmRawContent$DrmInputStream: int read(byte[],int,int)>",
						"key field: <android.drm.mobile1.DrmRawContent$DrmInputStream: android.drm.mobile1.DrmRawContent this$0>",
						"<android.drm.mobile1.DrmRawContent$DrmInputStream: int read(byte[],int,int)>"
					],
					"depth":6,
					"method":"<android.media.AmrInputStream: int read(byte[])>",
					"source":"FIELDCALLER"
				},
				{
					"trace":[
						"<android.content.res.AssetFileDescriptor$AutoCloseMemoryFileInputStream: void close()>",
						"<android.media.AmrInputStream: void close()>",
						"<android.speech.srec.UlawEncoderInputStream: void close()>",
						"<android.util.Base64InputStream: void close()>",
						"<android.media.ResampleInputStream: void close()>",
						"<android.drm.mobile1.DrmRawContent$DrmInputStream: void close()>",
						"key field: <android.drm.mobile1.DrmRawContent$DrmInputStream: boolean isClosed>",
						"<android.drm.mobile1.DrmRawContent$DrmInputStream: int read(byte[],int,int)>"
					],
					"depth":6,
					"method":"<android.content.res.AssetFileDescriptor$AutoCloseMemoryFileInputStream: void close()>",
					"source":"FIELDCALLER"
				}
			],
			"callerOfSingnlar2SourceVar":{
				"<android.drm.mobile1.DrmRawContent$DrmInputStream: int read(byte[],int,int)>":"0, 1, 2",
				"<android.drm.mobile1.DrmRawContent$DrmInputStream: int read(byte[])>":"0"
			}
		},
		{
			"method":"<android.drm.mobile1.DrmRawContent$DrmInputStream: int read(byte[],int,int)>",
			"message":"[\\s\\S]*",
			"relatedVarType":"Parameter",
			"relatedCondType":"Basic",
			"modifier":"public",
			"type":"java.lang.NullPointerException",
			"osVersionRelated":false,
			"resourceRelated":false,
			"assessRelated":false,
			"hardwareRelated":false,
			"manifestRelated":false,
			"conditions":"r0 != null",
			"paramValues":"@parameter0: byte[]",
			"relatedValues":"@parameter0: byte[]; ; ",
			"keyAPISameClassNum":0,
			"keyAPIDiffClassNum":0,
			"keyAPISameClass":[
				{
					"trace":[
						"<android.drm.mobile1.DrmRawContent$DrmInputStream: int read(byte[],int,int)>"
					],
					"depth":0,
					"method":"<android.drm.mobile1.DrmRawContent$DrmInputStream: int read(byte[],int,int)>",
					"source":"CALLER"
				},
				{
					"trace":[
						"<android.drm.mobile1.DrmRawContent$DrmInputStream: int read(byte[])>",
						"<android.drm.mobile1.DrmRawContent$DrmInputStream: int read(byte[],int,int)>"
					],
					"depth":1,
					"method":"<android.drm.mobile1.DrmRawContent$DrmInputStream: int read(byte[])>",
					"source":"CALLER"
				}
			],
			"keyAPIDiffClass":[],
			"callerOfSingnlar2SourceVar":{
				"<android.drm.mobile1.DrmRawContent$DrmInputStream: int read(byte[],int,int)>":"0",
				"<android.drm.mobile1.DrmRawContent$DrmInputStream: int read(byte[])>":"0"
			}
		},
		{
			"method":"<android.drm.mobile1.DrmRawContent$DrmInputStream: int read(byte[],int,int)>",
			"message":"[\\s\\S]*",
			"relatedVarType":"Parameter",
			"relatedCondType":"Basic",
			"modifier":"public",
			"type":"java.lang.IndexOutOfBoundsException",
			"osVersionRelated":false,
			"resourceRelated":false,
			"assessRelated":false,
			"hardwareRelated":false,
			"manifestRelated":false,
			"conditions":"i0 < 0, r0 != null, i1 < 0",
			"paramValues":"@parameter1: int, @parameter0: byte[], @parameter2: int",
			"relatedValues":"@parameter1: int, @parameter0: byte[], @parameter2: int; ; ",
			"keyAPISameClassNum":0,
			"keyAPIDiffClassNum":0,
			"keyAPISameClass":[
				{
					"trace":[
						"<android.drm.mobile1.DrmRawContent$DrmInputStream: int read(byte[],int,int)>"
					],
					"depth":0,
					"method":"<android.drm.mobile1.DrmRawContent$DrmInputStream: int read(byte[],int,int)>",
					"source":"CALLER"
				},
				{
					"trace":[
						"<android.drm.mobile1.DrmRawContent$DrmInputStream: int read(byte[])>",
						"<android.drm.mobile1.DrmRawContent$DrmInputStream: int read(byte[],int,int)>"
					],
					"depth":1,
					"method":"<android.drm.mobile1.DrmRawContent$DrmInputStream: int read(byte[])>",
					"source":"CALLER"
				}
			],
			"keyAPIDiffClass":[],
			"callerOfSingnlar2SourceVar":{
				"<android.drm.mobile1.DrmRawContent$DrmInputStream: int read(byte[],int,int)>":"1, 0, 2",
				"<android.drm.mobile1.DrmRawContent$DrmInputStream: int read(byte[])>":"0"
			}
		},
		{
			"method":"<android.drm.mobile1.DrmRawContent$DrmInputStream: int read(byte[],int,int)>",
			"message":"[\\s\\S]*",
			"relatedVarType":"ParaAndField",
			"relatedCondType":"Basic",
			"modifier":"public",
			"type":"java.io.IOException",
			"osVersionRelated":false,
			"resourceRelated":false,
			"assessRelated":false,
			"hardwareRelated":false,
			"manifestRelated":false,
			"conditions":"1 != $z0, $i3 <= $i2, i1 < 0",
			"paramValues":"@parameter1: int, @parameter2: int, @parameter0: byte[]",
			"fieldValues":"<android.drm.mobile1.DrmRawContent$DrmInputStream: boolean isClosed>",
			"relatedValues":"@parameter1: int, @parameter2: int, @parameter0: byte[]; <android.drm.mobile1.DrmRawContent$DrmInputStream: boolean isClosed>; ",
			"keyAPISameClassNum":2,
			"keyAPIDiffClassNum":6,
			"keyAPISameClass":[
				{
					"trace":[
						"<android.drm.mobile1.DrmRawContent$DrmInputStream: int read(byte[],int,int)>"
					],
					"depth":1,
					"method":"<android.drm.mobile1.DrmRawContent$DrmInputStream: void <init>(android.drm.mobile1.DrmRawContent,android.drm.mobile1.DrmRights)>",
					"source":"FIELD"
				},
				{
					"trace":[
						"<android.drm.mobile1.DrmRawContent$DrmInputStream: int read(byte[],int,int)>"
					],
					"depth":1,
					"method":"<android.drm.mobile1.DrmRawContent$DrmInputStream: void close()>",
					"source":"FIELD"
				},
				{
					"trace":[
						"<android.drm.mobile1.DrmRawContent$DrmInputStream: int read(byte[])>",
						"<android.drm.mobile1.DrmRawContent$DrmInputStream: int read(byte[],int,int)>"
					],
					"depth":1,
					"method":"<android.drm.mobile1.DrmRawContent$DrmInputStream: int read(byte[])>",
					"source":"CALLER"
				}
			],
			"keyAPIDiffClass":[
				{
					"trace":[
						"<android.drm.mobile1.DrmRawContent: java.io.InputStream getContentInputStream(android.drm.mobile1.DrmRights)>",
						"<android.drm.mobile1.DrmRawContent$DrmInputStream: void <init>(android.drm.mobile1.DrmRawContent,android.drm.mobile1.DrmRights)>",
						"key field: <android.drm.mobile1.DrmRawContent$DrmInputStream: boolean isClosed>",
						"<android.drm.mobile1.DrmRawContent$DrmInputStream: int read(byte[],int,int)>"
					],
					"depth":2,
					"method":"<android.drm.mobile1.DrmRawContent: java.io.InputStream getContentInputStream(android.drm.mobile1.DrmRights)>",
					"source":"FIELDCALLER"
				},
				{
					"trace":[
						"<android.media.ResampleInputStream: void close()>",
						"<android.drm.mobile1.DrmRawContent$DrmInputStream: void close()>",
						"key field: <android.drm.mobile1.DrmRawContent$DrmInputStream: boolean isClosed>",
						"<android.drm.mobile1.DrmRawContent$DrmInputStream: int read(byte[],int,int)>"
					],
					"depth":2,
					"method":"<android.media.ResampleInputStream: void close()>",
					"source":"FIELDCALLER"
				},
				{
					"trace":[
						"<android.util.Base64InputStream: void close()>",
						"<android.media.ResampleInputStream: void close()>",
						"<android.drm.mobile1.DrmRawContent$DrmInputStream: void close()>",
						"key field: <android.drm.mobile1.DrmRawContent$DrmInputStream: boolean isClosed>",
						"<android.drm.mobile1.DrmRawContent$DrmInputStream: int read(byte[],int,int)>"
					],
					"depth":3,
					"method":"<android.util.Base64InputStream: void close()>",
					"source":"FIELDCALLER"
				},
				{
					"trace":[
						"<android.speech.srec.UlawEncoderInputStream: void close()>",
						"<android.util.Base64InputStream: void close()>",
						"<android.media.ResampleInputStream: void close()>",
						"<android.drm.mobile1.DrmRawContent$DrmInputStream: void close()>",
						"key field: <android.drm.mobile1.DrmRawContent$DrmInputStream: boolean isClosed>",
						"<android.drm.mobile1.DrmRawContent$DrmInputStream: int read(byte[],int,int)>"
					],
					"depth":4,
					"method":"<android.speech.srec.UlawEncoderInputStream: void close()>",
					"source":"FIELDCALLER"
				},
				{
					"trace":[
						"<android.media.AmrInputStream: void close()>",
						"<android.speech.srec.UlawEncoderInputStream: void close()>",
						"<android.util.Base64InputStream: void close()>",
						"<android.media.ResampleInputStream: void close()>",
						"<android.drm.mobile1.DrmRawContent$DrmInputStream: void close()>",
						"key field: <android.drm.mobile1.DrmRawContent$DrmInputStream: boolean isClosed>",
						"<android.drm.mobile1.DrmRawContent$DrmInputStream: int read(byte[],int,int)>"
					],
					"depth":5,
					"method":"<android.media.AmrInputStream: void close()>",
					"source":"FIELDCALLER"
				},
				{
					"trace":[
						"<android.content.res.AssetFileDescriptor$AutoCloseMemoryFileInputStream: void close()>",
						"<android.media.AmrInputStream: void close()>",
						"<android.speech.srec.UlawEncoderInputStream: void close()>",
						"<android.util.Base64InputStream: void close()>",
						"<android.media.ResampleInputStream: void close()>",
						"<android.drm.mobile1.DrmRawContent$DrmInputStream: void close()>",
						"key field: <android.drm.mobile1.DrmRawContent$DrmInputStream: boolean isClosed>",
						"<android.drm.mobile1.DrmRawContent$DrmInputStream: int read(byte[],int,int)>"
					],
					"depth":6,
					"method":"<android.content.res.AssetFileDescriptor$AutoCloseMemoryFileInputStream: void close()>",
					"source":"FIELDCALLER"
				}
			],
			"callerOfSingnlar2SourceVar":{
				"<android.drm.mobile1.DrmRawContent$DrmInputStream: int read(byte[],int,int)>":"1, 2, 0",
				"<android.drm.mobile1.DrmRawContent$DrmInputStream: int read(byte[])>":"0"
			}
		},
		{
			"method":"<android.drm.mobile1.DrmRawContent$DrmInputStream: void reset()>",
			"message":"[\\s\\S]*",
			"relatedVarType":"Empty",
			"relatedCondType":"Empty",
			"modifier":"public",
			"type":"java.io.IOException",
			"osVersionRelated":false,
			"resourceRelated":false,
			"assessRelated":false,
			"hardwareRelated":false,
			"manifestRelated":false,
			"keyAPISameClassNum":0,
			"keyAPIDiffClassNum":0,
			"keyAPISameClass":[],
			"keyAPIDiffClass":[],
			"callerOfSingnlar2SourceVar":{}
		}
	]
}