{
	"exceptions":[
		{
			"method":"<android.location.Geocoder: void <init>(android.content.Context,java.util.Locale)>",
			"message":"\\Qlocale == null\\E",
			"relatedVarType":"Parameter",
			"relatedCondType":"Basic",
			"modifier":"public",
			"type":"java.lang.NullPointerException",
			"osVersionRelated":false,
			"resourceRelated":false,
			"assessRelated":false,
			"hardwareRelated":false,
			"manifestRelated":false,
			"conditions":"r1 != null",
			"paramValues":"@parameter1: java.util.Locale",
			"relatedValues":"@parameter1: java.util.Locale; ; ",
			"keyAPISameClassNum":0,
			"keyAPIDiffClassNum":0,
			"keyAPISameClass":[
				{
					"trace":[
						"<android.location.Geocoder: void <init>(android.content.Context,java.util.Locale)>"
					],
					"depth":0,
					"method":"<android.location.Geocoder: void <init>(android.content.Context,java.util.Locale)>",
					"source":"CALLER"
				}
			],
			"keyAPIDiffClass":[],
			"callerOfSingnlar2SourceVar":{
				"<android.location.Geocoder: void <init>(android.content.Context,java.util.Locale)>":"1"
			}
		},
		{
			"method":"<android.location.Geocoder: java.util.List getFromLocation(double,double,int)>",
			"message":"",
			"relatedVarType":"ParaAndField",
			"relatedCondType":"Basic",
			"modifier":"public",
			"type":"java.io.IOException",
			"osVersionRelated":false,
			"resourceRelated":false,
			"assessRelated":false,
			"hardwareRelated":false,
			"manifestRelated":false,
			"conditions":"r15 == null, $b3 <= 0, $b2 < 0",
			"paramValues":"@parameter0: double, @parameter1: double, @parameter2: int",
			"fieldValues":"<android.location.Geocoder: android.location.GeocoderParams mParams>",
			"relatedValues":"@parameter0: double, @parameter1: double, @parameter2: int; <android.location.Geocoder: android.location.GeocoderParams mParams>; ",
			"keyAPISameClassNum":5,
			"keyAPIDiffClassNum":0,
			"keyAPISameClass":[
				{
					"trace":[
						"<android.location.Geocoder: java.util.List getFromLocation(double,double,int)>"
					],
					"depth":1,
					"method":"<android.location.Geocoder: void <init>(android.content.Context,java.util.Locale)>",
					"source":"FIELD"
				},
				{
					"trace":[
						"<android.location.Geocoder: java.util.List getFromLocation(double,double,int)>"
					],
					"depth":1,
					"method":"<android.location.Geocoder: java.util.List getFromLocation(double,double,int)>",
					"source":"FIELD"
				},
				{
					"trace":[
						"<android.location.Geocoder: java.util.List getFromLocation(double,double,int)>"
					],
					"depth":1,
					"method":"<android.location.Geocoder: java.util.List getFromLocationName(java.lang.String,int)>",
					"source":"FIELD"
				},
				{
					"trace":[
						"<android.location.Geocoder: java.util.List getFromLocation(double,double,int)>"
					],
					"depth":1,
					"method":"<android.location.Geocoder: java.util.List getFromLocationName(java.lang.String,int,double,double,double,double)>",
					"source":"FIELD"
				},
				{
					"trace":[
						"<android.location.Geocoder: void <init>(android.content.Context)>",
						"<android.location.Geocoder: void <init>(android.content.Context,java.util.Locale)>",
						"key field: <android.location.Geocoder: android.location.GeocoderParams mParams>",
						"<android.location.Geocoder: java.util.List getFromLocation(double,double,int)>"
					],
					"depth":2,
					"method":"<android.location.Geocoder: void <init>(android.content.Context)>",
					"source":"FIELDCALLER"
				}
			],
			"keyAPIDiffClass":[],
			"callerOfSingnlar2SourceVar":{
				"<android.location.Geocoder: java.util.List getFromLocation(double,double,int)>":"0, 1, 2"
			}
		},
		{
			"method":"<android.location.Geocoder: java.util.List getFromLocation(double,double,int)>",
			"message":"\\Qlatitude == \\E[\\s\\S]*",
			"relatedVarType":"Parameter",
			"relatedCondType":"Basic",
			"modifier":"public",
			"type":"java.lang.IllegalArgumentException",
			"osVersionRelated":false,
			"resourceRelated":false,
			"assessRelated":false,
			"hardwareRelated":false,
			"manifestRelated":false,
			"conditions":"$b0 < 0, $b1 <= 0",
			"paramValues":"@parameter0: double",
			"relatedValues":"@parameter0: double; ; ",
			"keyAPISameClassNum":0,
			"keyAPIDiffClassNum":0,
			"keyAPISameClass":[
				{
					"trace":[
						"<android.location.Geocoder: java.util.List getFromLocation(double,double,int)>"
					],
					"depth":0,
					"method":"<android.location.Geocoder: java.util.List getFromLocation(double,double,int)>",
					"source":"CALLER"
				}
			],
			"keyAPIDiffClass":[],
			"callerOfSingnlar2SourceVar":{
				"<android.location.Geocoder: java.util.List getFromLocation(double,double,int)>":"0"
			}
		},
		{
			"method":"<android.location.Geocoder: java.util.List getFromLocation(double,double,int)>",
			"message":"\\Qlongitude == \\E[\\s\\S]*",
			"relatedVarType":"Parameter",
			"relatedCondType":"Basic",
			"modifier":"public",
			"type":"java.lang.IllegalArgumentException",
			"osVersionRelated":false,
			"resourceRelated":false,
			"assessRelated":false,
			"hardwareRelated":false,
			"manifestRelated":false,
			"conditions":"$b2 < 0, $b1 <= 0, $b0 < 0",
			"paramValues":"@parameter1: double, @parameter0: double",
			"relatedValues":"@parameter1: double, @parameter0: double; ; ",
			"keyAPISameClassNum":0,
			"keyAPIDiffClassNum":0,
			"keyAPISameClass":[
				{
					"trace":[
						"<android.location.Geocoder: java.util.List getFromLocation(double,double,int)>"
					],
					"depth":0,
					"method":"<android.location.Geocoder: java.util.List getFromLocation(double,double,int)>",
					"source":"CALLER"
				}
			],
			"keyAPIDiffClass":[],
			"callerOfSingnlar2SourceVar":{
				"<android.location.Geocoder: java.util.List getFromLocation(double,double,int)>":"1, 0"
			}
		},
		{
			"method":"<android.location.Geocoder: java.util.List getFromLocationName(java.lang.String,int)>",
			"message":"",
			"relatedVarType":"ParaAndField",
			"relatedCondType":"Basic",
			"modifier":"public",
			"type":"java.io.IOException",
			"osVersionRelated":false,
			"resourceRelated":false,
			"assessRelated":false,
			"hardwareRelated":false,
			"manifestRelated":false,
			"conditions":"r6 == null, r0 != null",
			"paramValues":"@parameter0: java.lang.String, @parameter1: int",
			"fieldValues":"<android.location.Geocoder: android.location.GeocoderParams mParams>",
			"relatedValues":"@parameter0: java.lang.String, @parameter1: int; <android.location.Geocoder: android.location.GeocoderParams mParams>; ",
			"keyAPISameClassNum":5,
			"keyAPIDiffClassNum":0,
			"keyAPISameClass":[
				{
					"trace":[
						"<android.location.Geocoder: java.util.List getFromLocationName(java.lang.String,int)>"
					],
					"depth":1,
					"method":"<android.location.Geocoder: void <init>(android.content.Context,java.util.Locale)>",
					"source":"FIELD"
				},
				{
					"trace":[
						"<android.location.Geocoder: java.util.List getFromLocationName(java.lang.String,int)>"
					],
					"depth":1,
					"method":"<android.location.Geocoder: java.util.List getFromLocation(double,double,int)>",
					"source":"FIELD"
				},
				{
					"trace":[
						"<android.location.Geocoder: java.util.List getFromLocationName(java.lang.String,int)>"
					],
					"depth":1,
					"method":"<android.location.Geocoder: java.util.List getFromLocationName(java.lang.String,int)>",
					"source":"FIELD"
				},
				{
					"trace":[
						"<android.location.Geocoder: java.util.List getFromLocationName(java.lang.String,int)>"
					],
					"depth":1,
					"method":"<android.location.Geocoder: java.util.List getFromLocationName(java.lang.String,int,double,double,double,double)>",
					"source":"FIELD"
				},
				{
					"trace":[
						"<android.location.Geocoder: void <init>(android.content.Context)>",
						"<android.location.Geocoder: void <init>(android.content.Context,java.util.Locale)>",
						"key field: <android.location.Geocoder: android.location.GeocoderParams mParams>",
						"<android.location.Geocoder: java.util.List getFromLocationName(java.lang.String,int)>"
					],
					"depth":2,
					"method":"<android.location.Geocoder: void <init>(android.content.Context)>",
					"source":"FIELDCALLER"
				}
			],
			"keyAPIDiffClass":[],
			"callerOfSingnlar2SourceVar":{
				"<android.location.Geocoder: java.util.List getFromLocationName(java.lang.String,int)>":"0, 1"
			}
		},
		{
			"method":"<android.location.Geocoder: java.util.List getFromLocationName(java.lang.String,int)>",
			"message":"\\QlocationName == null\\E",
			"relatedVarType":"Parameter",
			"relatedCondType":"Basic",
			"modifier":"public",
			"type":"java.lang.IllegalArgumentException",
			"osVersionRelated":false,
			"resourceRelated":false,
			"assessRelated":false,
			"hardwareRelated":false,
			"manifestRelated":false,
			"conditions":"r0 != null",
			"paramValues":"@parameter0: java.lang.String",
			"relatedValues":"@parameter0: java.lang.String; ; ",
			"keyAPISameClassNum":0,
			"keyAPIDiffClassNum":0,
			"keyAPISameClass":[
				{
					"trace":[
						"<android.location.Geocoder: java.util.List getFromLocationName(java.lang.String,int)>"
					],
					"depth":0,
					"method":"<android.location.Geocoder: java.util.List getFromLocationName(java.lang.String,int)>",
					"source":"CALLER"
				}
			],
			"keyAPIDiffClass":[],
			"callerOfSingnlar2SourceVar":{
				"<android.location.Geocoder: java.util.List getFromLocationName(java.lang.String,int)>":"0"
			}
		},
		{
			"method":"<android.location.Geocoder: java.util.List getFromLocationName(java.lang.String,int,double,double,double,double)>",
			"message":"\\QlocationName == null\\E",
			"relatedVarType":"Parameter",
			"relatedCondType":"Basic",
			"modifier":"public",
			"type":"java.lang.IllegalArgumentException",
			"osVersionRelated":false,
			"resourceRelated":false,
			"assessRelated":false,
			"hardwareRelated":false,
			"manifestRelated":false,
			"conditions":"r0 != null",
			"paramValues":"@parameter0: java.lang.String",
			"relatedValues":"@parameter0: java.lang.String; ; ",
			"keyAPISameClassNum":0,
			"keyAPIDiffClassNum":0,
			"keyAPISameClass":[
				{
					"trace":[
						"<android.location.Geocoder: java.util.List getFromLocationName(java.lang.String,int,double,double,double,double)>"
					],
					"depth":0,
					"method":"<android.location.Geocoder: java.util.List getFromLocationName(java.lang.String,int,double,double,double,double)>",
					"source":"CALLER"
				}
			],
			"keyAPIDiffClass":[],
			"callerOfSingnlar2SourceVar":{
				"<android.location.Geocoder: java.util.List getFromLocationName(java.lang.String,int,double,double,double,double)>":"0"
			}
		},
		{
			"method":"<android.location.Geocoder: java.util.List getFromLocationName(java.lang.String,int,double,double,double,double)>",
			"message":"\\QlowerLeftLongitude == \\E[\\s\\S]*",
			"relatedVarType":"Parameter",
			"relatedCondType":"Basic",
			"modifier":"public",
			"type":"java.lang.IllegalArgumentException",
			"osVersionRelated":false,
			"resourceRelated":false,
			"assessRelated":false,
			"hardwareRelated":false,
			"manifestRelated":false,
			"conditions":"$b2 < 0, $b1 <= 0, $b0 < 0",
			"paramValues":"@parameter3: double, @parameter2: double",
			"relatedValues":"@parameter3: double, @parameter2: double; ; ",
			"keyAPISameClassNum":0,
			"keyAPIDiffClassNum":0,
			"keyAPISameClass":[
				{
					"trace":[
						"<android.location.Geocoder: java.util.List getFromLocationName(java.lang.String,int,double,double,double,double)>"
					],
					"depth":0,
					"method":"<android.location.Geocoder: java.util.List getFromLocationName(java.lang.String,int,double,double,double,double)>",
					"source":"CALLER"
				}
			],
			"keyAPIDiffClass":[],
			"callerOfSingnlar2SourceVar":{
				"<android.location.Geocoder: java.util.List getFromLocationName(java.lang.String,int,double,double,double,double)>":"3, 2"
			}
		},
		{
			"method":"<android.location.Geocoder: java.util.List getFromLocationName(java.lang.String,int,double,double,double,double)>",
			"message":"",
			"relatedVarType":"ParaAndField",
			"relatedCondType":"Basic",
			"modifier":"public",
			"type":"java.io.IOException",
			"osVersionRelated":false,
			"resourceRelated":false,
			"assessRelated":false,
			"hardwareRelated":false,
			"manifestRelated":false,
			"conditions":"r26 == null, $b7 <= 0, $b6 < 0",
			"paramValues":"@parameter0: java.lang.String, @parameter2: double, @parameter3: double, @parameter4: double, @parameter5: double, @parameter1: int",
			"fieldValues":"<android.location.Geocoder: android.location.GeocoderParams mParams>",
			"relatedValues":"@parameter0: java.lang.String, @parameter2: double, @parameter3: double, @parameter4: double, @parameter5: double, @parameter1: int; <android.location.Geocoder: android.location.GeocoderParams mParams>; ",
			"keyAPISameClassNum":5,
			"keyAPIDiffClassNum":0,
			"keyAPISameClass":[
				{
					"trace":[
						"<android.location.Geocoder: java.util.List getFromLocationName(java.lang.String,int,double,double,double,double)>"
					],
					"depth":1,
					"method":"<android.location.Geocoder: void <init>(android.content.Context,java.util.Locale)>",
					"source":"FIELD"
				},
				{
					"trace":[
						"<android.location.Geocoder: java.util.List getFromLocationName(java.lang.String,int,double,double,double,double)>"
					],
					"depth":1,
					"method":"<android.location.Geocoder: java.util.List getFromLocation(double,double,int)>",
					"source":"FIELD"
				},
				{
					"trace":[
						"<android.location.Geocoder: java.util.List getFromLocationName(java.lang.String,int,double,double,double,double)>"
					],
					"depth":1,
					"method":"<android.location.Geocoder: java.util.List getFromLocationName(java.lang.String,int)>",
					"source":"FIELD"
				},
				{
					"trace":[
						"<android.location.Geocoder: java.util.List getFromLocationName(java.lang.String,int,double,double,double,double)>"
					],
					"depth":1,
					"method":"<android.location.Geocoder: java.util.List getFromLocationName(java.lang.String,int,double,double,double,double)>",
					"source":"FIELD"
				},
				{
					"trace":[
						"<android.location.Geocoder: void <init>(android.content.Context)>",
						"<android.location.Geocoder: void <init>(android.content.Context,java.util.Locale)>",
						"key field: <android.location.Geocoder: android.location.GeocoderParams mParams>",
						"<android.location.Geocoder: java.util.List getFromLocationName(java.lang.String,int,double,double,double,double)>"
					],
					"depth":2,
					"method":"<android.location.Geocoder: void <init>(android.content.Context)>",
					"source":"FIELDCALLER"
				}
			],
			"keyAPIDiffClass":[],
			"callerOfSingnlar2SourceVar":{
				"<android.location.Geocoder: java.util.List getFromLocationName(java.lang.String,int,double,double,double,double)>":"0, 2, 3, 4, 5, 1"
			}
		},
		{
			"method":"<android.location.Geocoder: java.util.List getFromLocationName(java.lang.String,int,double,double,double,double)>",
			"message":"\\QlowerLeftLatitude == \\E[\\s\\S]*",
			"relatedVarType":"Parameter",
			"relatedCondType":"Basic",
			"modifier":"public",
			"type":"java.lang.IllegalArgumentException",
			"osVersionRelated":false,
			"resourceRelated":false,
			"assessRelated":false,
			"hardwareRelated":false,
			"manifestRelated":false,
			"conditions":"$b0 < 0, r0 != null, $b1 <= 0",
			"paramValues":"@parameter2: double, @parameter0: java.lang.String",
			"relatedValues":"@parameter2: double, @parameter0: java.lang.String; ; ",
			"keyAPISameClassNum":0,
			"keyAPIDiffClassNum":0,
			"keyAPISameClass":[
				{
					"trace":[
						"<android.location.Geocoder: java.util.List getFromLocationName(java.lang.String,int,double,double,double,double)>"
					],
					"depth":0,
					"method":"<android.location.Geocoder: java.util.List getFromLocationName(java.lang.String,int,double,double,double,double)>",
					"source":"CALLER"
				}
			],
			"keyAPIDiffClass":[],
			"callerOfSingnlar2SourceVar":{
				"<android.location.Geocoder: java.util.List getFromLocationName(java.lang.String,int,double,double,double,double)>":"2, 0"
			}
		},
		{
			"method":"<android.location.Geocoder: java.util.List getFromLocationName(java.lang.String,int,double,double,double,double)>",
			"message":"\\QupperRightLongitude == \\E[\\s\\S]*",
			"relatedVarType":"Parameter",
			"relatedCondType":"Basic",
			"modifier":"public",
			"type":"java.lang.IllegalArgumentException",
			"osVersionRelated":false,
			"resourceRelated":false,
			"assessRelated":false,
			"hardwareRelated":false,
			"manifestRelated":false,
			"conditions":"$b6 < 0, $b5 <= 0, $b4 < 0",
			"paramValues":"@parameter5: double, @parameter4: double",
			"relatedValues":"@parameter5: double, @parameter4: double; ; ",
			"keyAPISameClassNum":0,
			"keyAPIDiffClassNum":0,
			"keyAPISameClass":[
				{
					"trace":[
						"<android.location.Geocoder: java.util.List getFromLocationName(java.lang.String,int,double,double,double,double)>"
					],
					"depth":0,
					"method":"<android.location.Geocoder: java.util.List getFromLocationName(java.lang.String,int,double,double,double,double)>",
					"source":"CALLER"
				}
			],
			"keyAPIDiffClass":[],
			"callerOfSingnlar2SourceVar":{
				"<android.location.Geocoder: java.util.List getFromLocationName(java.lang.String,int,double,double,double,double)>":"5, 4"
			}
		},
		{
			"method":"<android.location.Geocoder: java.util.List getFromLocationName(java.lang.String,int,double,double,double,double)>",
			"message":"\\QupperRightLatitude == \\E[\\s\\S]*",
			"relatedVarType":"Parameter",
			"relatedCondType":"Basic",
			"modifier":"public",
			"type":"java.lang.IllegalArgumentException",
			"osVersionRelated":false,
			"resourceRelated":false,
			"assessRelated":false,
			"hardwareRelated":false,
			"manifestRelated":false,
			"conditions":"$b4 < 0, $b3 <= 0, $b2 < 0",
			"paramValues":"@parameter4: double, @parameter3: double",
			"relatedValues":"@parameter4: double, @parameter3: double; ; ",
			"keyAPISameClassNum":0,
			"keyAPIDiffClassNum":0,
			"keyAPISameClass":[
				{
					"trace":[
						"<android.location.Geocoder: java.util.List getFromLocationName(java.lang.String,int,double,double,double,double)>"
					],
					"depth":0,
					"method":"<android.location.Geocoder: java.util.List getFromLocationName(java.lang.String,int,double,double,double,double)>",
					"source":"CALLER"
				}
			],
			"keyAPIDiffClass":[],
			"callerOfSingnlar2SourceVar":{
				"<android.location.Geocoder: java.util.List getFromLocationName(java.lang.String,int,double,double,double,double)>":"4, 3"
			}
		}
	]
}