{
	"exceptions":[
		{
			"method":"<android.app.ActivityThread$PackageInfo$ReceiverDispatcher: void <init>(android.content.BroadcastReceiver,android.content.Context,android.os.Handler,android.app.Instrumentation,boolean)>",
			"message":"\\QHandler must not be null\\E",
			"relatedVarType":"Parameter",
			"relatedCondType":"Basic",
			"modifier":"default",
			"type":"java.lang.NullPointerException",
			"osVersionRelated":false,
			"resourceRelated":false,
			"assessRelated":false,
			"hardwareRelated":false,
			"manifestRelated":false,
			"conditions":"r1 != null",
			"paramValues":"@parameter2: android.os.Handler",
			"relatedValues":"@parameter2: android.os.Handler; ; ",
			"keyAPISameClassNum":0,
			"keyAPIDiffClassNum":0,
			"keyAPISameClass":[
				{
					"trace":[
						"<android.app.ActivityThread$PackageInfo$ReceiverDispatcher: void <init>(android.content.BroadcastReceiver,android.content.Context,android.os.Handler,android.app.Instrumentation,boolean)>"
					],
					"depth":0,
					"method":"<android.app.ActivityThread$PackageInfo$ReceiverDispatcher: void <init>(android.content.BroadcastReceiver,android.content.Context,android.os.Handler,android.app.Instrumentation,boolean)>",
					"source":"CALLER"
				}
			],
			"keyAPIDiffClass":[
				{
					"trace":[
						"<android.app.ContextImpl: void sendOrderedBroadcast(android.content.Intent,java.lang.String,android.content.BroadcastReceiver,android.os.Handler,int,java.lang.String,android.os.Bundle)>",
						"<android.app.ActivityThread$PackageInfo$ReceiverDispatcher: void <init>(android.content.BroadcastReceiver,android.content.Context,android.os.Handler,android.app.Instrumentation,boolean)>"
					],
					"depth":1,
					"method":"<android.app.ContextImpl: void sendOrderedBroadcast(android.content.Intent,java.lang.String,android.content.BroadcastReceiver,android.os.Handler,int,java.lang.String,android.os.Bundle)>",
					"source":"CALLER"
				},
				{
					"trace":[
						"<android.app.ContextImpl: void sendStickyOrderedBroadcast(android.content.Intent,android.content.BroadcastReceiver,android.os.Handler,int,java.lang.String,android.os.Bundle)>",
						"<android.app.ActivityThread$PackageInfo$ReceiverDispatcher: void <init>(android.content.BroadcastReceiver,android.content.Context,android.os.Handler,android.app.Instrumentation,boolean)>"
					],
					"depth":1,
					"method":"<android.app.ContextImpl: void sendStickyOrderedBroadcast(android.content.Intent,android.content.BroadcastReceiver,android.os.Handler,int,java.lang.String,android.os.Bundle)>",
					"source":"CALLER"
				},
				{
					"trace":[
						"<android.app.ActivityThread$PackageInfo: android.content.IIntentReceiver getReceiverDispatcher(android.content.BroadcastReceiver,android.content.Context,android.os.Handler,android.app.Instrumentation,boolean)>",
						"<android.app.ActivityThread$PackageInfo$ReceiverDispatcher: void <init>(android.content.BroadcastReceiver,android.content.Context,android.os.Handler,android.app.Instrumentation,boolean)>"
					],
					"depth":1,
					"method":"<android.app.ActivityThread$PackageInfo: android.content.IIntentReceiver getReceiverDispatcher(android.content.BroadcastReceiver,android.content.Context,android.os.Handler,android.app.Instrumentation,boolean)>",
					"source":"CALLER"
				},
				{
					"trace":[
						"<android.app.ContextImpl: android.content.Intent registerReceiver(android.content.BroadcastReceiver,android.content.IntentFilter,java.lang.String,android.os.Handler)>",
						"<android.app.ContextImpl: android.content.Intent registerReceiverInternal(android.content.BroadcastReceiver,android.content.IntentFilter,java.lang.String,android.os.Handler,android.content.Context)>",
						"<android.app.ActivityThread$PackageInfo$ReceiverDispatcher: void <init>(android.content.BroadcastReceiver,android.content.Context,android.os.Handler,android.app.Instrumentation,boolean)>"
					],
					"depth":2,
					"method":"<android.app.ContextImpl: android.content.Intent registerReceiver(android.content.BroadcastReceiver,android.content.IntentFilter,java.lang.String,android.os.Handler)>",
					"source":"CALLER"
				}
			],
			"callerOfSingnlar2SourceVar":{
				"<android.app.ContextImpl: void sendOrderedBroadcast(android.content.Intent,java.lang.String,android.content.BroadcastReceiver,android.os.Handler,int,java.lang.String,android.os.Bundle)>":"3",
				"<android.app.ActivityThread$PackageInfo: android.content.IIntentReceiver getReceiverDispatcher(android.content.BroadcastReceiver,android.content.Context,android.os.Handler,android.app.Instrumentation,boolean)>":"2",
				"<android.app.ActivityThread$PackageInfo$ReceiverDispatcher: void <init>(android.content.BroadcastReceiver,android.content.Context,android.os.Handler,android.app.Instrumentation,boolean)>":"2",
				"<android.app.ContextImpl: void sendStickyOrderedBroadcast(android.content.Intent,android.content.BroadcastReceiver,android.os.Handler,int,java.lang.String,android.os.Bundle)>":"2",
				"<android.app.ContextImpl: android.content.Intent registerReceiverInternal(android.content.BroadcastReceiver,android.content.IntentFilter,java.lang.String,android.os.Handler,android.content.Context)>":"3",
				"<android.app.ContextImpl: android.content.Intent registerReceiver(android.content.BroadcastReceiver,android.content.IntentFilter,java.lang.String,android.os.Handler)>":"3"
			}
		},
		{
			"method":"<android.app.ActivityThread$PackageInfo$ReceiverDispatcher: void validate(android.content.Context,android.os.Handler)>",
			"message":"\\QReceiver \\E[\\s\\S]*\\Q registered with differing handler (was \\E[\\s\\S]*\\Q now \\E[\\s\\S]*\\Q)\\E",
			"relatedVarType":"ParaAndField",
			"relatedCondType":"Basic",
			"modifier":"default",
			"type":"java.lang.IllegalStateException",
			"osVersionRelated":false,
			"resourceRelated":false,
			"assessRelated":false,
			"hardwareRelated":false,
			"manifestRelated":false,
			"conditions":"$r4 == r3, $r2 == r1",
			"paramValues":"@parameter1: android.os.Handler, @parameter0: android.content.Context",
			"fieldValues":"<android.app.ActivityThread$PackageInfo$ReceiverDispatcher: android.os.Handler mActivityThread>, <android.app.ActivityThread$PackageInfo$ReceiverDispatcher: android.content.Context mContext>",
			"relatedValues":"@parameter1: android.os.Handler, @parameter0: android.content.Context; <android.app.ActivityThread$PackageInfo$ReceiverDispatcher: android.os.Handler mActivityThread>, <android.app.ActivityThread$PackageInfo$ReceiverDispatcher: android.content.Context mContext>; ",
			"keyAPISameClassNum":1,
			"keyAPIDiffClassNum":26,
			"keyAPISameClass":[
				{
					"trace":[
						"<android.app.ActivityThread$PackageInfo$ReceiverDispatcher: void validate(android.content.Context,android.os.Handler)>"
					],
					"depth":1,
					"method":"<android.app.ActivityThread$PackageInfo$ReceiverDispatcher: void performReceive(android.content.Intent,int,java.lang.String,android.os.Bundle,boolean,boolean)>",
					"source":"FIELD"
				}
			],
			"keyAPIDiffClass":[
				{
					"trace":[
						"<android.app.ContextImpl: void sendOrderedBroadcast(android.content.Intent,java.lang.String,android.content.BroadcastReceiver,android.os.Handler,int,java.lang.String,android.os.Bundle)>",
						"<android.app.ActivityThread$PackageInfo$ReceiverDispatcher: void <init>(android.content.BroadcastReceiver,android.content.Context,android.os.Handler,android.app.Instrumentation,boolean)>",
						"key field: <android.app.ActivityThread$PackageInfo$ReceiverDispatcher: android.os.Handler mActivityThread>",
						"<android.app.ActivityThread$PackageInfo$ReceiverDispatcher: void validate(android.content.Context,android.os.Handler)>"
					],
					"depth":2,
					"method":"<android.app.ContextImpl: void sendOrderedBroadcast(android.content.Intent,java.lang.String,android.content.BroadcastReceiver,android.os.Handler,int,java.lang.String,android.os.Bundle)>",
					"source":"FIELDCALLER"
				},
				{
					"trace":[
						"<android.app.ContextImpl: void sendStickyOrderedBroadcast(android.content.Intent,android.content.BroadcastReceiver,android.os.Handler,int,java.lang.String,android.os.Bundle)>",
						"<android.app.ActivityThread$PackageInfo$ReceiverDispatcher: void <init>(android.content.BroadcastReceiver,android.content.Context,android.os.Handler,android.app.Instrumentation,boolean)>",
						"key field: <android.app.ActivityThread$PackageInfo$ReceiverDispatcher: android.os.Handler mActivityThread>",
						"<android.app.ActivityThread$PackageInfo$ReceiverDispatcher: void validate(android.content.Context,android.os.Handler)>"
					],
					"depth":2,
					"method":"<android.app.ContextImpl: void sendStickyOrderedBroadcast(android.content.Intent,android.content.BroadcastReceiver,android.os.Handler,int,java.lang.String,android.os.Bundle)>",
					"source":"FIELDCALLER"
				},
				{
					"trace":[
						"<android.app.ActivityThread$PackageInfo: android.content.IIntentReceiver getReceiverDispatcher(android.content.BroadcastReceiver,android.content.Context,android.os.Handler,android.app.Instrumentation,boolean)>",
						"<android.app.ActivityThread$PackageInfo$ReceiverDispatcher: void <init>(android.content.BroadcastReceiver,android.content.Context,android.os.Handler,android.app.Instrumentation,boolean)>",
						"key field: <android.app.ActivityThread$PackageInfo$ReceiverDispatcher: android.os.Handler mActivityThread>",
						"<android.app.ActivityThread$PackageInfo$ReceiverDispatcher: void validate(android.content.Context,android.os.Handler)>"
					],
					"depth":2,
					"method":"<android.app.ActivityThread$PackageInfo: android.content.IIntentReceiver getReceiverDispatcher(android.content.BroadcastReceiver,android.content.Context,android.os.Handler,android.app.Instrumentation,boolean)>",
					"source":"FIELDCALLER"
				},
				{
					"trace":[
						"<android.app.ActivityThread$PackageInfo$ReceiverDispatcher$InnerReceiver: void performReceive(android.content.Intent,int,java.lang.String,android.os.Bundle,boolean,boolean)>",
						"<android.app.ActivityThread$PackageInfo$ReceiverDispatcher: void performReceive(android.content.Intent,int,java.lang.String,android.os.Bundle,boolean,boolean)>",
						"key field: <android.app.ActivityThread$PackageInfo$ReceiverDispatcher: android.os.Handler mActivityThread>",
						"<android.app.ActivityThread$PackageInfo$ReceiverDispatcher: void validate(android.content.Context,android.os.Handler)>"
					],
					"depth":2,
					"method":"<android.app.ActivityThread$PackageInfo$ReceiverDispatcher$InnerReceiver: void performReceive(android.content.Intent,int,java.lang.String,android.os.Bundle,boolean,boolean)>",
					"source":"FIELDCALLER"
				},
				{
					"trace":[
						"<android.content.Context: void sendOrderedBroadcast(android.content.Intent,java.lang.String,android.content.BroadcastReceiver,android.os.Handler,int,java.lang.String,android.os.Bundle)>",
						"<android.app.ContextImpl: void sendOrderedBroadcast(android.content.Intent,java.lang.String,android.content.BroadcastReceiver,android.os.Handler,int,java.lang.String,android.os.Bundle)>",
						"<android.app.ActivityThread$PackageInfo$ReceiverDispatcher: void <init>(android.content.BroadcastReceiver,android.content.Context,android.os.Handler,android.app.Instrumentation,boolean)>",
						"key field: <android.app.ActivityThread$PackageInfo$ReceiverDispatcher: android.os.Handler mActivityThread>",
						"<android.app.ActivityThread$PackageInfo$ReceiverDispatcher: void validate(android.content.Context,android.os.Handler)>"
					],
					"depth":3,
					"method":"<android.content.Context: void sendOrderedBroadcast(android.content.Intent,java.lang.String,android.content.BroadcastReceiver,android.os.Handler,int,java.lang.String,android.os.Bundle)>",
					"source":"FIELDCALLER"
				},
				{
					"trace":[
						"<android.content.ContextWrapper: void sendOrderedBroadcast(android.content.Intent,java.lang.String,android.content.BroadcastReceiver,android.os.Handler,int,java.lang.String,android.os.Bundle)>",
						"<android.app.ContextImpl: void sendOrderedBroadcast(android.content.Intent,java.lang.String,android.content.BroadcastReceiver,android.os.Handler,int,java.lang.String,android.os.Bundle)>",
						"<android.app.ActivityThread$PackageInfo$ReceiverDispatcher: void <init>(android.content.BroadcastReceiver,android.content.Context,android.os.Handler,android.app.Instrumentation,boolean)>",
						"key field: <android.app.ActivityThread$PackageInfo$ReceiverDispatcher: android.os.Handler mActivityThread>",
						"<android.app.ActivityThread$PackageInfo$ReceiverDispatcher: void validate(android.content.Context,android.os.Handler)>"
					],
					"depth":3,
					"method":"<android.content.ContextWrapper: void sendOrderedBroadcast(android.content.Intent,java.lang.String,android.content.BroadcastReceiver,android.os.Handler,int,java.lang.String,android.os.Bundle)>",
					"source":"FIELDCALLER"
				},
				{
					"trace":[
						"<android.app.ContextImpl: android.content.Intent registerReceiver(android.content.BroadcastReceiver,android.content.IntentFilter,java.lang.String,android.os.Handler)>",
						"<android.app.ContextImpl: android.content.Intent registerReceiverInternal(android.content.BroadcastReceiver,android.content.IntentFilter,java.lang.String,android.os.Handler,android.content.Context)>",
						"<android.app.ActivityThread$PackageInfo$ReceiverDispatcher: void <init>(android.content.BroadcastReceiver,android.content.Context,android.os.Handler,android.app.Instrumentation,boolean)>",
						"key field: <android.app.ActivityThread$PackageInfo$ReceiverDispatcher: android.os.Handler mActivityThread>",
						"<android.app.ActivityThread$PackageInfo$ReceiverDispatcher: void validate(android.content.Context,android.os.Handler)>"
					],
					"depth":3,
					"method":"<android.app.ContextImpl: android.content.Intent registerReceiver(android.content.BroadcastReceiver,android.content.IntentFilter,java.lang.String,android.os.Handler)>",
					"source":"FIELDCALLER"
				},
				{
					"trace":[
						"<android.app.ActivityThread$ApplicationThread: void scheduleRegisteredReceiver(android.content.IIntentReceiver,android.content.Intent,int,java.lang.String,android.os.Bundle,boolean,boolean)>",
						"<android.app.ActivityThread$PackageInfo$ReceiverDispatcher$InnerReceiver: void performReceive(android.content.Intent,int,java.lang.String,android.os.Bundle,boolean,boolean)>",
						"<android.app.ActivityThread$PackageInfo$ReceiverDispatcher: void performReceive(android.content.Intent,int,java.lang.String,android.os.Bundle,boolean,boolean)>",
						"key field: <android.app.ActivityThread$PackageInfo$ReceiverDispatcher: android.os.Handler mActivityThread>",
						"<android.app.ActivityThread$PackageInfo$ReceiverDispatcher: void validate(android.content.Context,android.os.Handler)>"
					],
					"depth":3,
					"method":"<android.app.ActivityThread$ApplicationThread: void scheduleRegisteredReceiver(android.content.IIntentReceiver,android.content.Intent,int,java.lang.String,android.os.Bundle,boolean,boolean)>",
					"source":"FIELDCALLER"
				},
				{
					"trace":[
						"<android.content.Context: android.content.Intent registerReceiver(android.content.BroadcastReceiver,android.content.IntentFilter)>",
						"<android.app.ContextImpl: android.content.Intent registerReceiver(android.content.BroadcastReceiver,android.content.IntentFilter,java.lang.String,android.os.Handler)>",
						"<android.app.ContextImpl: android.content.Intent registerReceiverInternal(android.content.BroadcastReceiver,android.content.IntentFilter,java.lang.String,android.os.Handler,android.content.Context)>",
						"<android.app.ActivityThread$PackageInfo$ReceiverDispatcher: void <init>(android.content.BroadcastReceiver,android.content.Context,android.os.Handler,android.app.Instrumentation,boolean)>",
						"key field: <android.app.ActivityThread$PackageInfo$ReceiverDispatcher: android.os.Handler mActivityThread>",
						"<android.app.ActivityThread$PackageInfo$ReceiverDispatcher: void validate(android.content.Context,android.os.Handler)>"
					],
					"depth":4,
					"method":"<android.content.Context: android.content.Intent registerReceiver(android.content.BroadcastReceiver,android.content.IntentFilter)>",
					"source":"FIELDCALLER"
				},
				{
					"trace":[
						"<android.app.ContextImpl: android.content.Intent registerReceiver(android.content.BroadcastReceiver,android.content.IntentFilter)>",
						"<android.app.ContextImpl: android.content.Intent registerReceiver(android.content.BroadcastReceiver,android.content.IntentFilter,java.lang.String,android.os.Handler)>",
						"<android.app.ContextImpl: android.content.Intent registerReceiverInternal(android.content.BroadcastReceiver,android.content.IntentFilter,java.lang.String,android.os.Handler,android.content.Context)>",
						"<android.app.ActivityThread$PackageInfo$ReceiverDispatcher: void <init>(android.content.BroadcastReceiver,android.content.Context,android.os.Handler,android.app.Instrumentation,boolean)>",
						"key field: <android.app.ActivityThread$PackageInfo$ReceiverDispatcher: android.os.Handler mActivityThread>",
						"<android.app.ActivityThread$PackageInfo$ReceiverDispatcher: void validate(android.content.Context,android.os.Handler)>"
					],
					"depth":4,
					"method":"<android.app.ContextImpl: android.content.Intent registerReceiver(android.content.BroadcastReceiver,android.content.IntentFilter)>",
					"source":"FIELDCALLER"
				},
				{
					"trace":[
						"<android.content.Context: android.content.Intent registerReceiver(android.content.BroadcastReceiver,android.content.IntentFilter,java.lang.String,android.os.Handler)>",
						"<android.app.ContextImpl: android.content.Intent registerReceiver(android.content.BroadcastReceiver,android.content.IntentFilter,java.lang.String,android.os.Handler)>",
						"<android.app.ContextImpl: android.content.Intent registerReceiverInternal(android.content.BroadcastReceiver,android.content.IntentFilter,java.lang.String,android.os.Handler,android.content.Context)>",
						"<android.app.ActivityThread$PackageInfo$ReceiverDispatcher: void <init>(android.content.BroadcastReceiver,android.content.Context,android.os.Handler,android.app.Instrumentation,boolean)>",
						"key field: <android.app.ActivityThread$PackageInfo$ReceiverDispatcher: android.os.Handler mActivityThread>",
						"<android.app.ActivityThread$PackageInfo$ReceiverDispatcher: void validate(android.content.Context,android.os.Handler)>"
					],
					"depth":4,
					"method":"<android.content.Context: android.content.Intent registerReceiver(android.content.BroadcastReceiver,android.content.IntentFilter,java.lang.String,android.os.Handler)>",
					"source":"FIELDCALLER"
				},
				{
					"trace":[
						"<android.content.ContextWrapper: android.content.Intent registerReceiver(android.content.BroadcastReceiver,android.content.IntentFilter,java.lang.String,android.os.Handler)>",
						"<android.app.ContextImpl: android.content.Intent registerReceiver(android.content.BroadcastReceiver,android.content.IntentFilter,java.lang.String,android.os.Handler)>",
						"<android.app.ContextImpl: android.content.Intent registerReceiverInternal(android.content.BroadcastReceiver,android.content.IntentFilter,java.lang.String,android.os.Handler,android.content.Context)>",
						"<android.app.ActivityThread$PackageInfo$ReceiverDispatcher: void <init>(android.content.BroadcastReceiver,android.content.Context,android.os.Handler,android.app.Instrumentation,boolean)>",
						"key field: <android.app.ActivityThread$PackageInfo$ReceiverDispatcher: android.os.Handler mActivityThread>",
						"<android.app.ActivityThread$PackageInfo$ReceiverDispatcher: void validate(android.content.Context,android.os.Handler)>"
					],
					"depth":4,
					"method":"<android.content.ContextWrapper: android.content.Intent registerReceiver(android.content.BroadcastReceiver,android.content.IntentFilter,java.lang.String,android.os.Handler)>",
					"source":"FIELDCALLER"
				},
				{
					"trace":[
						"<android.app.ApplicationThreadNative: boolean onTransact(int,android.os.Parcel,android.os.Parcel,int)>",
						"<android.app.ActivityThread$ApplicationThread: void scheduleRegisteredReceiver(android.content.IIntentReceiver,android.content.Intent,int,java.lang.String,android.os.Bundle,boolean,boolean)>",
						"<android.app.ActivityThread$PackageInfo$ReceiverDispatcher$InnerReceiver: void performReceive(android.content.Intent,int,java.lang.String,android.os.Bundle,boolean,boolean)>",
						"<android.app.ActivityThread$PackageInfo$ReceiverDispatcher: void performReceive(android.content.Intent,int,java.lang.String,android.os.Bundle,boolean,boolean)>",
						"key field: <android.app.ActivityThread$PackageInfo$ReceiverDispatcher: android.os.Handler mActivityThread>",
						"<android.app.ActivityThread$PackageInfo$ReceiverDispatcher: void validate(android.content.Context,android.os.Handler)>"
					],
					"depth":4,
					"method":"<android.app.ApplicationThreadNative: boolean onTransact(int,android.os.Parcel,android.os.Parcel,int)>",
					"source":"FIELDCALLER"
				},
				{
					"trace":[
						"<android.app.SearchDialog: void onStart()>",
						"<android.app.ContextImpl: android.content.Intent registerReceiver(android.content.BroadcastReceiver,android.content.IntentFilter)>",
						"<android.app.ContextImpl: android.content.Intent registerReceiver(android.content.BroadcastReceiver,android.content.IntentFilter,java.lang.String,android.os.Handler)>",
						"<android.app.ContextImpl: android.content.Intent registerReceiverInternal(android.content.BroadcastReceiver,android.content.IntentFilter,java.lang.String,android.os.Handler,android.content.Context)>",
						"<android.app.ActivityThread$PackageInfo$ReceiverDispatcher: void <init>(android.content.BroadcastReceiver,android.content.Context,android.os.Handler,android.app.Instrumentation,boolean)>",
						"key field: <android.app.ActivityThread$PackageInfo$ReceiverDispatcher: android.os.Handler mActivityThread>",
						"<android.app.ActivityThread$PackageInfo$ReceiverDispatcher: void validate(android.content.Context,android.os.Handler)>"
					],
					"depth":5,
					"method":"<android.app.SearchDialog: void onStart()>",
					"source":"FIELDCALLER"
				},
				{
					"trace":[
						"<android.content.ContextWrapper: android.content.Intent registerReceiver(android.content.BroadcastReceiver,android.content.IntentFilter)>",
						"<android.app.ContextImpl: android.content.Intent registerReceiver(android.content.BroadcastReceiver,android.content.IntentFilter)>",
						"<android.app.ContextImpl: android.content.Intent registerReceiver(android.content.BroadcastReceiver,android.content.IntentFilter,java.lang.String,android.os.Handler)>",
						"<android.app.ContextImpl: android.content.Intent registerReceiverInternal(android.content.BroadcastReceiver,android.content.IntentFilter,java.lang.String,android.os.Handler,android.content.Context)>",
						"<android.app.ActivityThread$PackageInfo$ReceiverDispatcher: void <init>(android.content.BroadcastReceiver,android.content.Context,android.os.Handler,android.app.Instrumentation,boolean)>",
						"key field: <android.app.ActivityThread$PackageInfo$ReceiverDispatcher: android.os.Handler mActivityThread>",
						"<android.app.ActivityThread$PackageInfo$ReceiverDispatcher: void validate(android.content.Context,android.os.Handler)>"
					],
					"depth":5,
					"method":"<android.content.ContextWrapper: android.content.Intent registerReceiver(android.content.BroadcastReceiver,android.content.IntentFilter)>",
					"source":"FIELDCALLER"
				},
				{
					"trace":[
						"<android.app.Dialog: void show()>",
						"<android.app.SearchDialog: void onStart()>",
						"<android.app.ContextImpl: android.content.Intent registerReceiver(android.content.BroadcastReceiver,android.content.IntentFilter)>",
						"<android.app.ContextImpl: android.content.Intent registerReceiver(android.content.BroadcastReceiver,android.content.IntentFilter,java.lang.String,android.os.Handler)>",
						"<android.app.ContextImpl: android.content.Intent registerReceiverInternal(android.content.BroadcastReceiver,android.content.IntentFilter,java.lang.String,android.os.Handler,android.content.Context)>",
						"<android.app.ActivityThread$PackageInfo$ReceiverDispatcher: void <init>(android.content.BroadcastReceiver,android.content.Context,android.os.Handler,android.app.Instrumentation,boolean)>",
						"key field: <android.app.ActivityThread$PackageInfo$ReceiverDispatcher: android.os.Handler mActivityThread>",
						"<android.app.ActivityThread$PackageInfo$ReceiverDispatcher: void validate(android.content.Context,android.os.Handler)>"
					],
					"depth":6,
					"method":"<android.app.Dialog: void show()>",
					"source":"FIELDCALLER"
				},
				{
					"trace":[
						"<android.app.ProgressDialog: android.app.ProgressDialog show(android.content.Context,java.lang.CharSequence,java.lang.CharSequence,boolean,boolean,android.content.DialogInterface$OnCancelListener)>",
						"<android.app.Dialog: void show()>",
						"<android.app.SearchDialog: void onStart()>",
						"<android.app.ContextImpl: android.content.Intent registerReceiver(android.content.BroadcastReceiver,android.content.IntentFilter)>",
						"<android.app.ContextImpl: android.content.Intent registerReceiver(android.content.BroadcastReceiver,android.content.IntentFilter,java.lang.String,android.os.Handler)>",
						"<android.app.ContextImpl: android.content.Intent registerReceiverInternal(android.content.BroadcastReceiver,android.content.IntentFilter,java.lang.String,android.os.Handler,android.content.Context)>",
						"<android.app.ActivityThread$PackageInfo$ReceiverDispatcher: void <init>(android.content.BroadcastReceiver,android.content.Context,android.os.Handler,android.app.Instrumentation,boolean)>",
						"key field: <android.app.ActivityThread$PackageInfo$ReceiverDispatcher: android.os.Handler mActivityThread>",
						"<android.app.ActivityThread$PackageInfo$ReceiverDispatcher: void validate(android.content.Context,android.os.Handler)>"
					],
					"depth":7,
					"method":"<android.app.ProgressDialog: android.app.ProgressDialog show(android.content.Context,java.lang.CharSequence,java.lang.CharSequence,boolean,boolean,android.content.DialogInterface$OnCancelListener)>",
					"source":"FIELDCALLER"
				},
				{
					"trace":[
						"<android.app.Activity: boolean showDialog(int,android.os.Bundle)>",
						"<android.app.Dialog: void show()>",
						"<android.app.SearchDialog: void onStart()>",
						"<android.app.ContextImpl: android.content.Intent registerReceiver(android.content.BroadcastReceiver,android.content.IntentFilter)>",
						"<android.app.ContextImpl: android.content.Intent registerReceiver(android.content.BroadcastReceiver,android.content.IntentFilter,java.lang.String,android.os.Handler)>",
						"<android.app.ContextImpl: android.content.Intent registerReceiverInternal(android.content.BroadcastReceiver,android.content.IntentFilter,java.lang.String,android.os.Handler,android.content.Context)>",
						"<android.app.ActivityThread$PackageInfo$ReceiverDispatcher: void <init>(android.content.BroadcastReceiver,android.content.Context,android.os.Handler,android.app.Instrumentation,boolean)>",
						"key field: <android.app.ActivityThread$PackageInfo$ReceiverDispatcher: android.os.Handler mActivityThread>",
						"<android.app.ActivityThread$PackageInfo$ReceiverDispatcher: void validate(android.content.Context,android.os.Handler)>"
					],
					"depth":7,
					"method":"<android.app.Activity: boolean showDialog(int,android.os.Bundle)>",
					"source":"FIELDCALLER"
				},
				{
					"trace":[
						"<android.app.Dialog: void onRestoreInstanceState(android.os.Bundle)>",
						"<android.app.Dialog: void show()>",
						"<android.app.SearchDialog: void onStart()>",
						"<android.app.ContextImpl: android.content.Intent registerReceiver(android.content.BroadcastReceiver,android.content.IntentFilter)>",
						"<android.app.ContextImpl: android.content.Intent registerReceiver(android.content.BroadcastReceiver,android.content.IntentFilter,java.lang.String,android.os.Handler)>",
						"<android.app.ContextImpl: android.content.Intent registerReceiverInternal(android.content.BroadcastReceiver,android.content.IntentFilter,java.lang.String,android.os.Handler,android.content.Context)>",
						"<android.app.ActivityThread$PackageInfo$ReceiverDispatcher: void <init>(android.content.BroadcastReceiver,android.content.Context,android.os.Handler,android.app.Instrumentation,boolean)>",
						"key field: <android.app.ActivityThread$PackageInfo$ReceiverDispatcher: android.os.Handler mActivityThread>",
						"<android.app.ActivityThread$PackageInfo$ReceiverDispatcher: void validate(android.content.Context,android.os.Handler)>"
					],
					"depth":7,
					"method":"<android.app.Dialog: void onRestoreInstanceState(android.os.Bundle)>",
					"source":"FIELDCALLER"
				},
				{
					"trace":[
						"<android.app.DatePickerDialog: void show()>",
						"<android.app.Dialog: void show()>",
						"<android.app.SearchDialog: void onStart()>",
						"<android.app.ContextImpl: android.content.Intent registerReceiver(android.content.BroadcastReceiver,android.content.IntentFilter)>",
						"<android.app.ContextImpl: android.content.Intent registerReceiver(android.content.BroadcastReceiver,android.content.IntentFilter,java.lang.String,android.os.Handler)>",
						"<android.app.ContextImpl: android.content.Intent registerReceiverInternal(android.content.BroadcastReceiver,android.content.IntentFilter,java.lang.String,android.os.Handler,android.content.Context)>",
						"<android.app.ActivityThread$PackageInfo$ReceiverDispatcher: void <init>(android.content.BroadcastReceiver,android.content.Context,android.os.Handler,android.app.Instrumentation,boolean)>",
						"key field: <android.app.ActivityThread$PackageInfo$ReceiverDispatcher: android.os.Handler mActivityThread>",
						"<android.app.ActivityThread$PackageInfo$ReceiverDispatcher: void validate(android.content.Context,android.os.Handler)>"
					],
					"depth":7,
					"method":"<android.app.DatePickerDialog: void show()>",
					"source":"FIELDCALLER"
				},
				{
					"trace":[
						"<android.app.ProgressDialog: android.app.ProgressDialog show(android.content.Context,java.lang.CharSequence,java.lang.CharSequence,boolean)>",
						"<android.app.ProgressDialog: android.app.ProgressDialog show(android.content.Context,java.lang.CharSequence,java.lang.CharSequence,boolean,boolean,android.content.DialogInterface$OnCancelListener)>",
						"<android.app.Dialog: void show()>",
						"<android.app.SearchDialog: void onStart()>",
						"<android.app.ContextImpl: android.content.Intent registerReceiver(android.content.BroadcastReceiver,android.content.IntentFilter)>",
						"<android.app.ContextImpl: android.content.Intent registerReceiver(android.content.BroadcastReceiver,android.content.IntentFilter,java.lang.String,android.os.Handler)>",
						"<android.app.ContextImpl: android.content.Intent registerReceiverInternal(android.content.BroadcastReceiver,android.content.IntentFilter,java.lang.String,android.os.Handler,android.content.Context)>",
						"<android.app.ActivityThread$PackageInfo$ReceiverDispatcher: void <init>(android.content.BroadcastReceiver,android.content.Context,android.os.Handler,android.app.Instrumentation,boolean)>",
						"key field: <android.app.ActivityThread$PackageInfo$ReceiverDispatcher: android.os.Handler mActivityThread>",
						"<android.app.ActivityThread$PackageInfo$ReceiverDispatcher: void validate(android.content.Context,android.os.Handler)>"
					],
					"depth":8,
					"method":"<android.app.ProgressDialog: android.app.ProgressDialog show(android.content.Context,java.lang.CharSequence,java.lang.CharSequence,boolean)>",
					"source":"FIELDCALLER"
				},
				{
					"trace":[
						"<android.app.ProgressDialog: android.app.ProgressDialog show(android.content.Context,java.lang.CharSequence,java.lang.CharSequence,boolean,boolean)>",
						"<android.app.ProgressDialog: android.app.ProgressDialog show(android.content.Context,java.lang.CharSequence,java.lang.CharSequence,boolean,boolean,android.content.DialogInterface$OnCancelListener)>",
						"<android.app.Dialog: void show()>",
						"<android.app.SearchDialog: void onStart()>",
						"<android.app.ContextImpl: android.content.Intent registerReceiver(android.content.BroadcastReceiver,android.content.IntentFilter)>",
						"<android.app.ContextImpl: android.content.Intent registerReceiver(android.content.BroadcastReceiver,android.content.IntentFilter,java.lang.String,android.os.Handler)>",
						"<android.app.ContextImpl: android.content.Intent registerReceiverInternal(android.content.BroadcastReceiver,android.content.IntentFilter,java.lang.String,android.os.Handler,android.content.Context)>",
						"<android.app.ActivityThread$PackageInfo$ReceiverDispatcher: void <init>(android.content.BroadcastReceiver,android.content.Context,android.os.Handler,android.app.Instrumentation,boolean)>",
						"key field: <android.app.ActivityThread$PackageInfo$ReceiverDispatcher: android.os.Handler mActivityThread>",
						"<android.app.ActivityThread$PackageInfo$ReceiverDispatcher: void validate(android.content.Context,android.os.Handler)>"
					],
					"depth":8,
					"method":"<android.app.ProgressDialog: android.app.ProgressDialog show(android.content.Context,java.lang.CharSequence,java.lang.CharSequence,boolean,boolean)>",
					"source":"FIELDCALLER"
				},
				{
					"trace":[
						"<android.app.Activity: void showDialog(int)>",
						"<android.app.Activity: boolean showDialog(int,android.os.Bundle)>",
						"<android.app.Dialog: void show()>",
						"<android.app.SearchDialog: void onStart()>",
						"<android.app.ContextImpl: android.content.Intent registerReceiver(android.content.BroadcastReceiver,android.content.IntentFilter)>",
						"<android.app.ContextImpl: android.content.Intent registerReceiver(android.content.BroadcastReceiver,android.content.IntentFilter,java.lang.String,android.os.Handler)>",
						"<android.app.ContextImpl: android.content.Intent registerReceiverInternal(android.content.BroadcastReceiver,android.content.IntentFilter,java.lang.String,android.os.Handler,android.content.Context)>",
						"<android.app.ActivityThread$PackageInfo$ReceiverDispatcher: void <init>(android.content.BroadcastReceiver,android.content.Context,android.os.Handler,android.app.Instrumentation,boolean)>",
						"key field: <android.app.ActivityThread$PackageInfo$ReceiverDispatcher: android.os.Handler mActivityThread>",
						"<android.app.ActivityThread$PackageInfo$ReceiverDispatcher: void validate(android.content.Context,android.os.Handler)>"
					],
					"depth":8,
					"method":"<android.app.Activity: void showDialog(int)>",
					"source":"FIELDCALLER"
				},
				{
					"trace":[
						"<android.app.DatePickerDialog: void onRestoreInstanceState(android.os.Bundle)>",
						"<android.app.Dialog: void onRestoreInstanceState(android.os.Bundle)>",
						"<android.app.Dialog: void show()>",
						"<android.app.SearchDialog: void onStart()>",
						"<android.app.ContextImpl: android.content.Intent registerReceiver(android.content.BroadcastReceiver,android.content.IntentFilter)>",
						"<android.app.ContextImpl: android.content.Intent registerReceiver(android.content.BroadcastReceiver,android.content.IntentFilter,java.lang.String,android.os.Handler)>",
						"<android.app.ContextImpl: android.content.Intent registerReceiverInternal(android.content.BroadcastReceiver,android.content.IntentFilter,java.lang.String,android.os.Handler,android.content.Context)>",
						"<android.app.ActivityThread$PackageInfo$ReceiverDispatcher: void <init>(android.content.BroadcastReceiver,android.content.Context,android.os.Handler,android.app.Instrumentation,boolean)>",
						"key field: <android.app.ActivityThread$PackageInfo$ReceiverDispatcher: android.os.Handler mActivityThread>",
						"<android.app.ActivityThread$PackageInfo$ReceiverDispatcher: void validate(android.content.Context,android.os.Handler)>"
					],
					"depth":8,
					"method":"<android.app.DatePickerDialog: void onRestoreInstanceState(android.os.Bundle)>",
					"source":"FIELDCALLER"
				},
				{
					"trace":[
						"<android.app.TimePickerDialog: void onRestoreInstanceState(android.os.Bundle)>",
						"<android.app.Dialog: void onRestoreInstanceState(android.os.Bundle)>",
						"<android.app.Dialog: void show()>",
						"<android.app.SearchDialog: void onStart()>",
						"<android.app.ContextImpl: android.content.Intent registerReceiver(android.content.BroadcastReceiver,android.content.IntentFilter)>",
						"<android.app.ContextImpl: android.content.Intent registerReceiver(android.content.BroadcastReceiver,android.content.IntentFilter,java.lang.String,android.os.Handler)>",
						"<android.app.ContextImpl: android.content.Intent registerReceiverInternal(android.content.BroadcastReceiver,android.content.IntentFilter,java.lang.String,android.os.Handler,android.content.Context)>",
						"<android.app.ActivityThread$PackageInfo$ReceiverDispatcher: void <init>(android.content.BroadcastReceiver,android.content.Context,android.os.Handler,android.app.Instrumentation,boolean)>",
						"key field: <android.app.ActivityThread$PackageInfo$ReceiverDispatcher: android.os.Handler mActivityThread>",
						"<android.app.ActivityThread$PackageInfo$ReceiverDispatcher: void validate(android.content.Context,android.os.Handler)>"
					],
					"depth":8,
					"method":"<android.app.TimePickerDialog: void onRestoreInstanceState(android.os.Bundle)>",
					"source":"FIELDCALLER"
				},
				{
					"trace":[
						"<android.app.AlertDialog$Builder: android.app.AlertDialog show()>",
						"<android.app.DatePickerDialog: void show()>",
						"<android.app.Dialog: void show()>",
						"<android.app.SearchDialog: void onStart()>",
						"<android.app.ContextImpl: android.content.Intent registerReceiver(android.content.BroadcastReceiver,android.content.IntentFilter)>",
						"<android.app.ContextImpl: android.content.Intent registerReceiver(android.content.BroadcastReceiver,android.content.IntentFilter,java.lang.String,android.os.Handler)>",
						"<android.app.ContextImpl: android.content.Intent registerReceiverInternal(android.content.BroadcastReceiver,android.content.IntentFilter,java.lang.String,android.os.Handler,android.content.Context)>",
						"<android.app.ActivityThread$PackageInfo$ReceiverDispatcher: void <init>(android.content.BroadcastReceiver,android.content.Context,android.os.Handler,android.app.Instrumentation,boolean)>",
						"key field: <android.app.ActivityThread$PackageInfo$ReceiverDispatcher: android.os.Handler mActivityThread>",
						"<android.app.ActivityThread$PackageInfo$ReceiverDispatcher: void validate(android.content.Context,android.os.Handler)>"
					],
					"depth":8,
					"method":"<android.app.AlertDialog$Builder: android.app.AlertDialog show()>",
					"source":"FIELDCALLER"
				}
			],
			"callerOfSingnlar2SourceVar":{
				"<android.app.ActivityThread$PackageInfo$ReceiverDispatcher: void validate(android.content.Context,android.os.Handler)>":"1, 0",
				"<android.app.ContextImpl: void sendOrderedBroadcast(android.content.Intent,java.lang.String,android.content.BroadcastReceiver,android.os.Handler,int,java.lang.String,android.os.Bundle)>":"3",
				"<android.app.ActivityThread$PackageInfo: android.content.IIntentReceiver getReceiverDispatcher(android.content.BroadcastReceiver,android.content.Context,android.os.Handler,android.app.Instrumentation,boolean)>":"2, 1",
				"<android.app.ContextImpl: void sendStickyOrderedBroadcast(android.content.Intent,android.content.BroadcastReceiver,android.os.Handler,int,java.lang.String,android.os.Bundle)>":"2",
				"<android.app.ContextImpl: android.content.Intent registerReceiverInternal(android.content.BroadcastReceiver,android.content.IntentFilter,java.lang.String,android.os.Handler,android.content.Context)>":"3, 4",
				"<android.app.ContextImpl: android.content.Intent registerReceiver(android.content.BroadcastReceiver,android.content.IntentFilter,java.lang.String,android.os.Handler)>":"3"
			}
		},
		{
			"method":"<android.app.ActivityThread$PackageInfo$ReceiverDispatcher: void validate(android.content.Context,android.os.Handler)>",
			"message":"\\QReceiver \\E[\\s\\S]*\\Q registered with differing Context (was \\E[\\s\\S]*\\Q now \\E[\\s\\S]*\\Q)\\E",
			"relatedVarType":"ParaAndField",
			"relatedCondType":"Basic",
			"modifier":"default",
			"type":"java.lang.IllegalStateException",
			"osVersionRelated":false,
			"resourceRelated":false,
			"assessRelated":false,
			"hardwareRelated":false,
			"manifestRelated":false,
			"conditions":"$r2 == r1",
			"paramValues":"@parameter0: android.content.Context",
			"fieldValues":"<android.app.ActivityThread$PackageInfo$ReceiverDispatcher: android.content.Context mContext>",
			"relatedValues":"@parameter0: android.content.Context; <android.app.ActivityThread$PackageInfo$ReceiverDispatcher: android.content.Context mContext>; ",
			"keyAPISameClassNum":0,
			"keyAPIDiffClassNum":23,
			"keyAPISameClass":[],
			"keyAPIDiffClass":[
				{
					"trace":[
						"<android.app.ContextImpl: void sendOrderedBroadcast(android.content.Intent,java.lang.String,android.content.BroadcastReceiver,android.os.Handler,int,java.lang.String,android.os.Bundle)>",
						"<android.app.ActivityThread$PackageInfo$ReceiverDispatcher: void <init>(android.content.BroadcastReceiver,android.content.Context,android.os.Handler,android.app.Instrumentation,boolean)>",
						"key field: <android.app.ActivityThread$PackageInfo$ReceiverDispatcher: android.content.Context mContext>",
						"<android.app.ActivityThread$PackageInfo$ReceiverDispatcher: void validate(android.content.Context,android.os.Handler)>"
					],
					"depth":2,
					"method":"<android.app.ContextImpl: void sendOrderedBroadcast(android.content.Intent,java.lang.String,android.content.BroadcastReceiver,android.os.Handler,int,java.lang.String,android.os.Bundle)>",
					"source":"FIELDCALLER"
				},
				{
					"trace":[
						"<android.app.ContextImpl: void sendStickyOrderedBroadcast(android.content.Intent,android.content.BroadcastReceiver,android.os.Handler,int,java.lang.String,android.os.Bundle)>",
						"<android.app.ActivityThread$PackageInfo$ReceiverDispatcher: void <init>(android.content.BroadcastReceiver,android.content.Context,android.os.Handler,android.app.Instrumentation,boolean)>",
						"key field: <android.app.ActivityThread$PackageInfo$ReceiverDispatcher: android.content.Context mContext>",
						"<android.app.ActivityThread$PackageInfo$ReceiverDispatcher: void validate(android.content.Context,android.os.Handler)>"
					],
					"depth":2,
					"method":"<android.app.ContextImpl: void sendStickyOrderedBroadcast(android.content.Intent,android.content.BroadcastReceiver,android.os.Handler,int,java.lang.String,android.os.Bundle)>",
					"source":"FIELDCALLER"
				},
				{
					"trace":[
						"<android.app.ActivityThread$PackageInfo: android.content.IIntentReceiver getReceiverDispatcher(android.content.BroadcastReceiver,android.content.Context,android.os.Handler,android.app.Instrumentation,boolean)>",
						"<android.app.ActivityThread$PackageInfo$ReceiverDispatcher: void <init>(android.content.BroadcastReceiver,android.content.Context,android.os.Handler,android.app.Instrumentation,boolean)>",
						"key field: <android.app.ActivityThread$PackageInfo$ReceiverDispatcher: android.content.Context mContext>",
						"<android.app.ActivityThread$PackageInfo$ReceiverDispatcher: void validate(android.content.Context,android.os.Handler)>"
					],
					"depth":2,
					"method":"<android.app.ActivityThread$PackageInfo: android.content.IIntentReceiver getReceiverDispatcher(android.content.BroadcastReceiver,android.content.Context,android.os.Handler,android.app.Instrumentation,boolean)>",
					"source":"FIELDCALLER"
				},
				{
					"trace":[
						"<android.content.Context: void sendOrderedBroadcast(android.content.Intent,java.lang.String,android.content.BroadcastReceiver,android.os.Handler,int,java.lang.String,android.os.Bundle)>",
						"<android.app.ContextImpl: void sendOrderedBroadcast(android.content.Intent,java.lang.String,android.content.BroadcastReceiver,android.os.Handler,int,java.lang.String,android.os.Bundle)>",
						"<android.app.ActivityThread$PackageInfo$ReceiverDispatcher: void <init>(android.content.BroadcastReceiver,android.content.Context,android.os.Handler,android.app.Instrumentation,boolean)>",
						"key field: <android.app.ActivityThread$PackageInfo$ReceiverDispatcher: android.content.Context mContext>",
						"<android.app.ActivityThread$PackageInfo$ReceiverDispatcher: void validate(android.content.Context,android.os.Handler)>"
					],
					"depth":3,
					"method":"<android.content.Context: void sendOrderedBroadcast(android.content.Intent,java.lang.String,android.content.BroadcastReceiver,android.os.Handler,int,java.lang.String,android.os.Bundle)>",
					"source":"FIELDCALLER"
				},
				{
					"trace":[
						"<android.content.ContextWrapper: void sendOrderedBroadcast(android.content.Intent,java.lang.String,android.content.BroadcastReceiver,android.os.Handler,int,java.lang.String,android.os.Bundle)>",
						"<android.app.ContextImpl: void sendOrderedBroadcast(android.content.Intent,java.lang.String,android.content.BroadcastReceiver,android.os.Handler,int,java.lang.String,android.os.Bundle)>",
						"<android.app.ActivityThread$PackageInfo$ReceiverDispatcher: void <init>(android.content.BroadcastReceiver,android.content.Context,android.os.Handler,android.app.Instrumentation,boolean)>",
						"key field: <android.app.ActivityThread$PackageInfo$ReceiverDispatcher: android.content.Context mContext>",
						"<android.app.ActivityThread$PackageInfo$ReceiverDispatcher: void validate(android.content.Context,android.os.Handler)>"
					],
					"depth":3,
					"method":"<android.content.ContextWrapper: void sendOrderedBroadcast(android.content.Intent,java.lang.String,android.content.BroadcastReceiver,android.os.Handler,int,java.lang.String,android.os.Bundle)>",
					"source":"FIELDCALLER"
				},
				{
					"trace":[
						"<android.app.ContextImpl: android.content.Intent registerReceiver(android.content.BroadcastReceiver,android.content.IntentFilter,java.lang.String,android.os.Handler)>",
						"<android.app.ContextImpl: android.content.Intent registerReceiverInternal(android.content.BroadcastReceiver,android.content.IntentFilter,java.lang.String,android.os.Handler,android.content.Context)>",
						"<android.app.ActivityThread$PackageInfo$ReceiverDispatcher: void <init>(android.content.BroadcastReceiver,android.content.Context,android.os.Handler,android.app.Instrumentation,boolean)>",
						"key field: <android.app.ActivityThread$PackageInfo$ReceiverDispatcher: android.content.Context mContext>",
						"<android.app.ActivityThread$PackageInfo$ReceiverDispatcher: void validate(android.content.Context,android.os.Handler)>"
					],
					"depth":3,
					"method":"<android.app.ContextImpl: android.content.Intent registerReceiver(android.content.BroadcastReceiver,android.content.IntentFilter,java.lang.String,android.os.Handler)>",
					"source":"FIELDCALLER"
				},
				{
					"trace":[
						"<android.content.Context: android.content.Intent registerReceiver(android.content.BroadcastReceiver,android.content.IntentFilter)>",
						"<android.app.ContextImpl: android.content.Intent registerReceiver(android.content.BroadcastReceiver,android.content.IntentFilter,java.lang.String,android.os.Handler)>",
						"<android.app.ContextImpl: android.content.Intent registerReceiverInternal(android.content.BroadcastReceiver,android.content.IntentFilter,java.lang.String,android.os.Handler,android.content.Context)>",
						"<android.app.ActivityThread$PackageInfo$ReceiverDispatcher: void <init>(android.content.BroadcastReceiver,android.content.Context,android.os.Handler,android.app.Instrumentation,boolean)>",
						"key field: <android.app.ActivityThread$PackageInfo$ReceiverDispatcher: android.content.Context mContext>",
						"<android.app.ActivityThread$PackageInfo$ReceiverDispatcher: void validate(android.content.Context,android.os.Handler)>"
					],
					"depth":4,
					"method":"<android.content.Context: android.content.Intent registerReceiver(android.content.BroadcastReceiver,android.content.IntentFilter)>",
					"source":"FIELDCALLER"
				},
				{
					"trace":[
						"<android.app.ContextImpl: android.content.Intent registerReceiver(android.content.BroadcastReceiver,android.content.IntentFilter)>",
						"<android.app.ContextImpl: android.content.Intent registerReceiver(android.content.BroadcastReceiver,android.content.IntentFilter,java.lang.String,android.os.Handler)>",
						"<android.app.ContextImpl: android.content.Intent registerReceiverInternal(android.content.BroadcastReceiver,android.content.IntentFilter,java.lang.String,android.os.Handler,android.content.Context)>",
						"<android.app.ActivityThread$PackageInfo$ReceiverDispatcher: void <init>(android.content.BroadcastReceiver,android.content.Context,android.os.Handler,android.app.Instrumentation,boolean)>",
						"key field: <android.app.ActivityThread$PackageInfo$ReceiverDispatcher: android.content.Context mContext>",
						"<android.app.ActivityThread$PackageInfo$ReceiverDispatcher: void validate(android.content.Context,android.os.Handler)>"
					],
					"depth":4,
					"method":"<android.app.ContextImpl: android.content.Intent registerReceiver(android.content.BroadcastReceiver,android.content.IntentFilter)>",
					"source":"FIELDCALLER"
				},
				{
					"trace":[
						"<android.content.Context: android.content.Intent registerReceiver(android.content.BroadcastReceiver,android.content.IntentFilter,java.lang.String,android.os.Handler)>",
						"<android.app.ContextImpl: android.content.Intent registerReceiver(android.content.BroadcastReceiver,android.content.IntentFilter,java.lang.String,android.os.Handler)>",
						"<android.app.ContextImpl: android.content.Intent registerReceiverInternal(android.content.BroadcastReceiver,android.content.IntentFilter,java.lang.String,android.os.Handler,android.content.Context)>",
						"<android.app.ActivityThread$PackageInfo$ReceiverDispatcher: void <init>(android.content.BroadcastReceiver,android.content.Context,android.os.Handler,android.app.Instrumentation,boolean)>",
						"key field: <android.app.ActivityThread$PackageInfo$ReceiverDispatcher: android.content.Context mContext>",
						"<android.app.ActivityThread$PackageInfo$ReceiverDispatcher: void validate(android.content.Context,android.os.Handler)>"
					],
					"depth":4,
					"method":"<android.content.Context: android.content.Intent registerReceiver(android.content.BroadcastReceiver,android.content.IntentFilter,java.lang.String,android.os.Handler)>",
					"source":"FIELDCALLER"
				},
				{
					"trace":[
						"<android.content.ContextWrapper: android.content.Intent registerReceiver(android.content.BroadcastReceiver,android.content.IntentFilter,java.lang.String,android.os.Handler)>",
						"<android.app.ContextImpl: android.content.Intent registerReceiver(android.content.BroadcastReceiver,android.content.IntentFilter,java.lang.String,android.os.Handler)>",
						"<android.app.ContextImpl: android.content.Intent registerReceiverInternal(android.content.BroadcastReceiver,android.content.IntentFilter,java.lang.String,android.os.Handler,android.content.Context)>",
						"<android.app.ActivityThread$PackageInfo$ReceiverDispatcher: void <init>(android.content.BroadcastReceiver,android.content.Context,android.os.Handler,android.app.Instrumentation,boolean)>",
						"key field: <android.app.ActivityThread$PackageInfo$ReceiverDispatcher: android.content.Context mContext>",
						"<android.app.ActivityThread$PackageInfo$ReceiverDispatcher: void validate(android.content.Context,android.os.Handler)>"
					],
					"depth":4,
					"method":"<android.content.ContextWrapper: android.content.Intent registerReceiver(android.content.BroadcastReceiver,android.content.IntentFilter,java.lang.String,android.os.Handler)>",
					"source":"FIELDCALLER"
				},
				{
					"trace":[
						"<android.app.SearchDialog: void onStart()>",
						"<android.app.ContextImpl: android.content.Intent registerReceiver(android.content.BroadcastReceiver,android.content.IntentFilter)>",
						"<android.app.ContextImpl: android.content.Intent registerReceiver(android.content.BroadcastReceiver,android.content.IntentFilter,java.lang.String,android.os.Handler)>",
						"<android.app.ContextImpl: android.content.Intent registerReceiverInternal(android.content.BroadcastReceiver,android.content.IntentFilter,java.lang.String,android.os.Handler,android.content.Context)>",
						"<android.app.ActivityThread$PackageInfo$ReceiverDispatcher: void <init>(android.content.BroadcastReceiver,android.content.Context,android.os.Handler,android.app.Instrumentation,boolean)>",
						"key field: <android.app.ActivityThread$PackageInfo$ReceiverDispatcher: android.content.Context mContext>",
						"<android.app.ActivityThread$PackageInfo$ReceiverDispatcher: void validate(android.content.Context,android.os.Handler)>"
					],
					"depth":5,
					"method":"<android.app.SearchDialog: void onStart()>",
					"source":"FIELDCALLER"
				},
				{
					"trace":[
						"<android.content.ContextWrapper: android.content.Intent registerReceiver(android.content.BroadcastReceiver,android.content.IntentFilter)>",
						"<android.app.ContextImpl: android.content.Intent registerReceiver(android.content.BroadcastReceiver,android.content.IntentFilter)>",
						"<android.app.ContextImpl: android.content.Intent registerReceiver(android.content.BroadcastReceiver,android.content.IntentFilter,java.lang.String,android.os.Handler)>",
						"<android.app.ContextImpl: android.content.Intent registerReceiverInternal(android.content.BroadcastReceiver,android.content.IntentFilter,java.lang.String,android.os.Handler,android.content.Context)>",
						"<android.app.ActivityThread$PackageInfo$ReceiverDispatcher: void <init>(android.content.BroadcastReceiver,android.content.Context,android.os.Handler,android.app.Instrumentation,boolean)>",
						"key field: <android.app.ActivityThread$PackageInfo$ReceiverDispatcher: android.content.Context mContext>",
						"<android.app.ActivityThread$PackageInfo$ReceiverDispatcher: void validate(android.content.Context,android.os.Handler)>"
					],
					"depth":5,
					"method":"<android.content.ContextWrapper: android.content.Intent registerReceiver(android.content.BroadcastReceiver,android.content.IntentFilter)>",
					"source":"FIELDCALLER"
				},
				{
					"trace":[
						"<android.app.Dialog: void show()>",
						"<android.app.SearchDialog: void onStart()>",
						"<android.app.ContextImpl: android.content.Intent registerReceiver(android.content.BroadcastReceiver,android.content.IntentFilter)>",
						"<android.app.ContextImpl: android.content.Intent registerReceiver(android.content.BroadcastReceiver,android.content.IntentFilter,java.lang.String,android.os.Handler)>",
						"<android.app.ContextImpl: android.content.Intent registerReceiverInternal(android.content.BroadcastReceiver,android.content.IntentFilter,java.lang.String,android.os.Handler,android.content.Context)>",
						"<android.app.ActivityThread$PackageInfo$ReceiverDispatcher: void <init>(android.content.BroadcastReceiver,android.content.Context,android.os.Handler,android.app.Instrumentation,boolean)>",
						"key field: <android.app.ActivityThread$PackageInfo$ReceiverDispatcher: android.content.Context mContext>",
						"<android.app.ActivityThread$PackageInfo$ReceiverDispatcher: void validate(android.content.Context,android.os.Handler)>"
					],
					"depth":6,
					"method":"<android.app.Dialog: void show()>",
					"source":"FIELDCALLER"
				},
				{
					"trace":[
						"<android.app.ProgressDialog: android.app.ProgressDialog show(android.content.Context,java.lang.CharSequence,java.lang.CharSequence,boolean,boolean,android.content.DialogInterface$OnCancelListener)>",
						"<android.app.Dialog: void show()>",
						"<android.app.SearchDialog: void onStart()>",
						"<android.app.ContextImpl: android.content.Intent registerReceiver(android.content.BroadcastReceiver,android.content.IntentFilter)>",
						"<android.app.ContextImpl: android.content.Intent registerReceiver(android.content.BroadcastReceiver,android.content.IntentFilter,java.lang.String,android.os.Handler)>",
						"<android.app.ContextImpl: android.content.Intent registerReceiverInternal(android.content.BroadcastReceiver,android.content.IntentFilter,java.lang.String,android.os.Handler,android.content.Context)>",
						"<android.app.ActivityThread$PackageInfo$ReceiverDispatcher: void <init>(android.content.BroadcastReceiver,android.content.Context,android.os.Handler,android.app.Instrumentation,boolean)>",
						"key field: <android.app.ActivityThread$PackageInfo$ReceiverDispatcher: android.content.Context mContext>",
						"<android.app.ActivityThread$PackageInfo$ReceiverDispatcher: void validate(android.content.Context,android.os.Handler)>"
					],
					"depth":7,
					"method":"<android.app.ProgressDialog: android.app.ProgressDialog show(android.content.Context,java.lang.CharSequence,java.lang.CharSequence,boolean,boolean,android.content.DialogInterface$OnCancelListener)>",
					"source":"FIELDCALLER"
				},
				{
					"trace":[
						"<android.app.Activity: boolean showDialog(int,android.os.Bundle)>",
						"<android.app.Dialog: void show()>",
						"<android.app.SearchDialog: void onStart()>",
						"<android.app.ContextImpl: android.content.Intent registerReceiver(android.content.BroadcastReceiver,android.content.IntentFilter)>",
						"<android.app.ContextImpl: android.content.Intent registerReceiver(android.content.BroadcastReceiver,android.content.IntentFilter,java.lang.String,android.os.Handler)>",
						"<android.app.ContextImpl: android.content.Intent registerReceiverInternal(android.content.BroadcastReceiver,android.content.IntentFilter,java.lang.String,android.os.Handler,android.content.Context)>",
						"<android.app.ActivityThread$PackageInfo$ReceiverDispatcher: void <init>(android.content.BroadcastReceiver,android.content.Context,android.os.Handler,android.app.Instrumentation,boolean)>",
						"key field: <android.app.ActivityThread$PackageInfo$ReceiverDispatcher: android.content.Context mContext>",
						"<android.app.ActivityThread$PackageInfo$ReceiverDispatcher: void validate(android.content.Context,android.os.Handler)>"
					],
					"depth":7,
					"method":"<android.app.Activity: boolean showDialog(int,android.os.Bundle)>",
					"source":"FIELDCALLER"
				},
				{
					"trace":[
						"<android.app.Dialog: void onRestoreInstanceState(android.os.Bundle)>",
						"<android.app.Dialog: void show()>",
						"<android.app.SearchDialog: void onStart()>",
						"<android.app.ContextImpl: android.content.Intent registerReceiver(android.content.BroadcastReceiver,android.content.IntentFilter)>",
						"<android.app.ContextImpl: android.content.Intent registerReceiver(android.content.BroadcastReceiver,android.content.IntentFilter,java.lang.String,android.os.Handler)>",
						"<android.app.ContextImpl: android.content.Intent registerReceiverInternal(android.content.BroadcastReceiver,android.content.IntentFilter,java.lang.String,android.os.Handler,android.content.Context)>",
						"<android.app.ActivityThread$PackageInfo$ReceiverDispatcher: void <init>(android.content.BroadcastReceiver,android.content.Context,android.os.Handler,android.app.Instrumentation,boolean)>",
						"key field: <android.app.ActivityThread$PackageInfo$ReceiverDispatcher: android.content.Context mContext>",
						"<android.app.ActivityThread$PackageInfo$ReceiverDispatcher: void validate(android.content.Context,android.os.Handler)>"
					],
					"depth":7,
					"method":"<android.app.Dialog: void onRestoreInstanceState(android.os.Bundle)>",
					"source":"FIELDCALLER"
				},
				{
					"trace":[
						"<android.app.DatePickerDialog: void show()>",
						"<android.app.Dialog: void show()>",
						"<android.app.SearchDialog: void onStart()>",
						"<android.app.ContextImpl: android.content.Intent registerReceiver(android.content.BroadcastReceiver,android.content.IntentFilter)>",
						"<android.app.ContextImpl: android.content.Intent registerReceiver(android.content.BroadcastReceiver,android.content.IntentFilter,java.lang.String,android.os.Handler)>",
						"<android.app.ContextImpl: android.content.Intent registerReceiverInternal(android.content.BroadcastReceiver,android.content.IntentFilter,java.lang.String,android.os.Handler,android.content.Context)>",
						"<android.app.ActivityThread$PackageInfo$ReceiverDispatcher: void <init>(android.content.BroadcastReceiver,android.content.Context,android.os.Handler,android.app.Instrumentation,boolean)>",
						"key field: <android.app.ActivityThread$PackageInfo$ReceiverDispatcher: android.content.Context mContext>",
						"<android.app.ActivityThread$PackageInfo$ReceiverDispatcher: void validate(android.content.Context,android.os.Handler)>"
					],
					"depth":7,
					"method":"<android.app.DatePickerDialog: void show()>",
					"source":"FIELDCALLER"
				},
				{
					"trace":[
						"<android.app.ProgressDialog: android.app.ProgressDialog show(android.content.Context,java.lang.CharSequence,java.lang.CharSequence,boolean)>",
						"<android.app.ProgressDialog: android.app.ProgressDialog show(android.content.Context,java.lang.CharSequence,java.lang.CharSequence,boolean,boolean,android.content.DialogInterface$OnCancelListener)>",
						"<android.app.Dialog: void show()>",
						"<android.app.SearchDialog: void onStart()>",
						"<android.app.ContextImpl: android.content.Intent registerReceiver(android.content.BroadcastReceiver,android.content.IntentFilter)>",
						"<android.app.ContextImpl: android.content.Intent registerReceiver(android.content.BroadcastReceiver,android.content.IntentFilter,java.lang.String,android.os.Handler)>",
						"<android.app.ContextImpl: android.content.Intent registerReceiverInternal(android.content.BroadcastReceiver,android.content.IntentFilter,java.lang.String,android.os.Handler,android.content.Context)>",
						"<android.app.ActivityThread$PackageInfo$ReceiverDispatcher: void <init>(android.content.BroadcastReceiver,android.content.Context,android.os.Handler,android.app.Instrumentation,boolean)>",
						"key field: <android.app.ActivityThread$PackageInfo$ReceiverDispatcher: android.content.Context mContext>",
						"<android.app.ActivityThread$PackageInfo$ReceiverDispatcher: void validate(android.content.Context,android.os.Handler)>"
					],
					"depth":8,
					"method":"<android.app.ProgressDialog: android.app.ProgressDialog show(android.content.Context,java.lang.CharSequence,java.lang.CharSequence,boolean)>",
					"source":"FIELDCALLER"
				},
				{
					"trace":[
						"<android.app.ProgressDialog: android.app.ProgressDialog show(android.content.Context,java.lang.CharSequence,java.lang.CharSequence,boolean,boolean)>",
						"<android.app.ProgressDialog: android.app.ProgressDialog show(android.content.Context,java.lang.CharSequence,java.lang.CharSequence,boolean,boolean,android.content.DialogInterface$OnCancelListener)>",
						"<android.app.Dialog: void show()>",
						"<android.app.SearchDialog: void onStart()>",
						"<android.app.ContextImpl: android.content.Intent registerReceiver(android.content.BroadcastReceiver,android.content.IntentFilter)>",
						"<android.app.ContextImpl: android.content.Intent registerReceiver(android.content.BroadcastReceiver,android.content.IntentFilter,java.lang.String,android.os.Handler)>",
						"<android.app.ContextImpl: android.content.Intent registerReceiverInternal(android.content.BroadcastReceiver,android.content.IntentFilter,java.lang.String,android.os.Handler,android.content.Context)>",
						"<android.app.ActivityThread$PackageInfo$ReceiverDispatcher: void <init>(android.content.BroadcastReceiver,android.content.Context,android.os.Handler,android.app.Instrumentation,boolean)>",
						"key field: <android.app.ActivityThread$PackageInfo$ReceiverDispatcher: android.content.Context mContext>",
						"<android.app.ActivityThread$PackageInfo$ReceiverDispatcher: void validate(android.content.Context,android.os.Handler)>"
					],
					"depth":8,
					"method":"<android.app.ProgressDialog: android.app.ProgressDialog show(android.content.Context,java.lang.CharSequence,java.lang.CharSequence,boolean,boolean)>",
					"source":"FIELDCALLER"
				},
				{
					"trace":[
						"<android.app.Activity: void showDialog(int)>",
						"<android.app.Activity: boolean showDialog(int,android.os.Bundle)>",
						"<android.app.Dialog: void show()>",
						"<android.app.SearchDialog: void onStart()>",
						"<android.app.ContextImpl: android.content.Intent registerReceiver(android.content.BroadcastReceiver,android.content.IntentFilter)>",
						"<android.app.ContextImpl: android.content.Intent registerReceiver(android.content.BroadcastReceiver,android.content.IntentFilter,java.lang.String,android.os.Handler)>",
						"<android.app.ContextImpl: android.content.Intent registerReceiverInternal(android.content.BroadcastReceiver,android.content.IntentFilter,java.lang.String,android.os.Handler,android.content.Context)>",
						"<android.app.ActivityThread$PackageInfo$ReceiverDispatcher: void <init>(android.content.BroadcastReceiver,android.content.Context,android.os.Handler,android.app.Instrumentation,boolean)>",
						"key field: <android.app.ActivityThread$PackageInfo$ReceiverDispatcher: android.content.Context mContext>",
						"<android.app.ActivityThread$PackageInfo$ReceiverDispatcher: void validate(android.content.Context,android.os.Handler)>"
					],
					"depth":8,
					"method":"<android.app.Activity: void showDialog(int)>",
					"source":"FIELDCALLER"
				},
				{
					"trace":[
						"<android.app.DatePickerDialog: void onRestoreInstanceState(android.os.Bundle)>",
						"<android.app.Dialog: void onRestoreInstanceState(android.os.Bundle)>",
						"<android.app.Dialog: void show()>",
						"<android.app.SearchDialog: void onStart()>",
						"<android.app.ContextImpl: android.content.Intent registerReceiver(android.content.BroadcastReceiver,android.content.IntentFilter)>",
						"<android.app.ContextImpl: android.content.Intent registerReceiver(android.content.BroadcastReceiver,android.content.IntentFilter,java.lang.String,android.os.Handler)>",
						"<android.app.ContextImpl: android.content.Intent registerReceiverInternal(android.content.BroadcastReceiver,android.content.IntentFilter,java.lang.String,android.os.Handler,android.content.Context)>",
						"<android.app.ActivityThread$PackageInfo$ReceiverDispatcher: void <init>(android.content.BroadcastReceiver,android.content.Context,android.os.Handler,android.app.Instrumentation,boolean)>",
						"key field: <android.app.ActivityThread$PackageInfo$ReceiverDispatcher: android.content.Context mContext>",
						"<android.app.ActivityThread$PackageInfo$ReceiverDispatcher: void validate(android.content.Context,android.os.Handler)>"
					],
					"depth":8,
					"method":"<android.app.DatePickerDialog: void onRestoreInstanceState(android.os.Bundle)>",
					"source":"FIELDCALLER"
				},
				{
					"trace":[
						"<android.app.TimePickerDialog: void onRestoreInstanceState(android.os.Bundle)>",
						"<android.app.Dialog: void onRestoreInstanceState(android.os.Bundle)>",
						"<android.app.Dialog: void show()>",
						"<android.app.SearchDialog: void onStart()>",
						"<android.app.ContextImpl: android.content.Intent registerReceiver(android.content.BroadcastReceiver,android.content.IntentFilter)>",
						"<android.app.ContextImpl: android.content.Intent registerReceiver(android.content.BroadcastReceiver,android.content.IntentFilter,java.lang.String,android.os.Handler)>",
						"<android.app.ContextImpl: android.content.Intent registerReceiverInternal(android.content.BroadcastReceiver,android.content.IntentFilter,java.lang.String,android.os.Handler,android.content.Context)>",
						"<android.app.ActivityThread$PackageInfo$ReceiverDispatcher: void <init>(android.content.BroadcastReceiver,android.content.Context,android.os.Handler,android.app.Instrumentation,boolean)>",
						"key field: <android.app.ActivityThread$PackageInfo$ReceiverDispatcher: android.content.Context mContext>",
						"<android.app.ActivityThread$PackageInfo$ReceiverDispatcher: void validate(android.content.Context,android.os.Handler)>"
					],
					"depth":8,
					"method":"<android.app.TimePickerDialog: void onRestoreInstanceState(android.os.Bundle)>",
					"source":"FIELDCALLER"
				},
				{
					"trace":[
						"<android.app.AlertDialog$Builder: android.app.AlertDialog show()>",
						"<android.app.DatePickerDialog: void show()>",
						"<android.app.Dialog: void show()>",
						"<android.app.SearchDialog: void onStart()>",
						"<android.app.ContextImpl: android.content.Intent registerReceiver(android.content.BroadcastReceiver,android.content.IntentFilter)>",
						"<android.app.ContextImpl: android.content.Intent registerReceiver(android.content.BroadcastReceiver,android.content.IntentFilter,java.lang.String,android.os.Handler)>",
						"<android.app.ContextImpl: android.content.Intent registerReceiverInternal(android.content.BroadcastReceiver,android.content.IntentFilter,java.lang.String,android.os.Handler,android.content.Context)>",
						"<android.app.ActivityThread$PackageInfo$ReceiverDispatcher: void <init>(android.content.BroadcastReceiver,android.content.Context,android.os.Handler,android.app.Instrumentation,boolean)>",
						"key field: <android.app.ActivityThread$PackageInfo$ReceiverDispatcher: android.content.Context mContext>",
						"<android.app.ActivityThread$PackageInfo$ReceiverDispatcher: void validate(android.content.Context,android.os.Handler)>"
					],
					"depth":8,
					"method":"<android.app.AlertDialog$Builder: android.app.AlertDialog show()>",
					"source":"FIELDCALLER"
				}
			],
			"callerOfSingnlar2SourceVar":{
				"<android.app.ActivityThread$PackageInfo$ReceiverDispatcher: void validate(android.content.Context,android.os.Handler)>":"0",
				"<android.app.ActivityThread$PackageInfo: android.content.IIntentReceiver getReceiverDispatcher(android.content.BroadcastReceiver,android.content.Context,android.os.Handler,android.app.Instrumentation,boolean)>":"1",
				"<android.app.ContextImpl: android.content.Intent registerReceiverInternal(android.content.BroadcastReceiver,android.content.IntentFilter,java.lang.String,android.os.Handler,android.content.Context)>":"4"
			}
		}
	]
}