{
	"exceptions":[
		{
			"method":"<android.os.Process: void invokeStaticMain(java.lang.String)>",
			"message":"[\\s\\S]*",
			"relatedVarType":"Unknown",
			"relatedCondType":"Empty",
			"modifier":"private",
			"type":"java.lang.RuntimeException",
			"osVersionRelated":false,
			"resourceRelated":false,
			"assessRelated":false,
			"hardwareRelated":false,
			"manifestRelated":false,
			"caughtValues":"@caughtexception",
			"relatedValues":"; ; @caughtexception",
			"keyAPISameClassNum":0,
			"keyAPIDiffClassNum":0,
			"keyAPISameClass":[],
			"keyAPIDiffClass":[],
			"callerOfSingnlar2SourceVar":{}
		},
		{
			"method":"<android.os.Process: void openZygoteSocketIfNeeded()>",
			"message":"\\Qconnect failed\\E",
			"relatedVarType":"Field",
			"relatedCondType":"Basic",
			"modifier":"private",
			"type":"android.os.ZygoteStartFailedEx",
			"osVersionRelated":false,
			"resourceRelated":false,
			"assessRelated":false,
			"hardwareRelated":false,
			"manifestRelated":false,
			"conditions":"$r21 != null, $r9 != null, $z0 == 0",
			"fieldValues":"<android.os.Process: android.net.LocalSocket sZygoteSocket>, <android.os.Process: boolean sPreviousZygoteOpenFailed>",
			"relatedValues":"; <android.os.Process: android.net.LocalSocket sZygoteSocket>, <android.os.Process: boolean sPreviousZygoteOpenFailed>; ",
			"keyAPISameClassNum":2,
			"keyAPIDiffClassNum":0,
			"keyAPISameClass":[
				{
					"trace":[
						"<android.os.Process: int start(java.lang.String,java.lang.String,int,int,int[],int,java.lang.String[])>",
						"<android.os.Process: int startViaZygote(java.lang.String,java.lang.String,int,int,int[],int,java.lang.String[])>",
						"<android.os.Process: int zygoteSendArgsAndGetPid(java.util.ArrayList)>",
						"<android.os.Process: void openZygoteSocketIfNeeded()>",
						"key field: <android.os.Process: android.net.LocalSocket sZygoteSocket>",
						"<android.os.Process: void openZygoteSocketIfNeeded()>"
					],
					"depth":4,
					"method":"<android.os.Process: int start(java.lang.String,java.lang.String,int,int,int[],int,java.lang.String[])>",
					"source":"FIELDCALLER"
				},
				{
					"trace":[
						"<android.os.Process: int start(java.lang.String,int,int,int[],int,java.lang.String[])>",
						"<android.os.Process: int start(java.lang.String,java.lang.String,int,int,int[],int,java.lang.String[])>",
						"<android.os.Process: int startViaZygote(java.lang.String,java.lang.String,int,int,int[],int,java.lang.String[])>",
						"<android.os.Process: int zygoteSendArgsAndGetPid(java.util.ArrayList)>",
						"<android.os.Process: void openZygoteSocketIfNeeded()>",
						"key field: <android.os.Process: android.net.LocalSocket sZygoteSocket>",
						"<android.os.Process: void openZygoteSocketIfNeeded()>"
					],
					"depth":5,
					"method":"<android.os.Process: int start(java.lang.String,int,int,int[],int,java.lang.String[])>",
					"source":"FIELDCALLER"
				}
			],
			"keyAPIDiffClass":[],
			"callerOfSingnlar2SourceVar":{}
		},
		{
			"method":"<android.os.Process: int start(java.lang.String,java.lang.String,int,int,int[],int,java.lang.String[])>",
			"message":"\\QStarting VM process through Zygote failed\\E",
			"relatedVarType":"Unknown",
			"relatedCondType":"Basic",
			"modifier":"public",
			"type":"java.lang.RuntimeException",
			"osVersionRelated":false,
			"resourceRelated":false,
			"assessRelated":false,
			"hardwareRelated":false,
			"manifestRelated":false,
			"conditions":"$z0 == 0",
			"caughtValues":"@caughtexception",
			"relatedValues":"; ; @caughtexception",
			"keyAPISameClassNum":0,
			"keyAPIDiffClassNum":0,
			"keyAPISameClass":[],
			"keyAPIDiffClass":[],
			"callerOfSingnlar2SourceVar":{}
		},
		{
			"method":"<android.os.Process: int startViaZygote(java.lang.String,java.lang.String,int,int,int[],int,java.lang.String[])>",
			"message":"\\Qzygote start failed:\\E[\\s\\S]*",
			"relatedVarType":"Parameter",
			"relatedCondType":"Basic",
			"modifier":"private",
			"type":"android.os.ZygoteStartFailedEx",
			"osVersionRelated":false,
			"resourceRelated":false,
			"assessRelated":false,
			"hardwareRelated":false,
			"manifestRelated":false,
			"conditions":"i7 > 0, r13 == null, r11 == null",
			"paramValues":"@parameter2: int, @parameter3: int, @parameter4: int[], @parameter1: java.lang.String, @parameter0: java.lang.String, @parameter6: java.lang.String[]",
			"relatedValues":"@parameter2: int, @parameter3: int, @parameter4: int[], @parameter1: java.lang.String, @parameter0: java.lang.String, @parameter6: java.lang.String[]; ; ",
			"keyAPISameClassNum":0,
			"keyAPIDiffClassNum":0,
			"keyAPISameClass":[
				{
					"trace":[
						"<android.os.Process: int startViaZygote(java.lang.String,java.lang.String,int,int,int[],int,java.lang.String[])>"
					],
					"depth":0,
					"method":"<android.os.Process: int startViaZygote(java.lang.String,java.lang.String,int,int,int[],int,java.lang.String[])>",
					"source":"CALLER"
				},
				{
					"trace":[
						"<android.os.Process: int start(java.lang.String,java.lang.String,int,int,int[],int,java.lang.String[])>",
						"<android.os.Process: int startViaZygote(java.lang.String,java.lang.String,int,int,int[],int,java.lang.String[])>"
					],
					"depth":1,
					"method":"<android.os.Process: int start(java.lang.String,java.lang.String,int,int,int[],int,java.lang.String[])>",
					"source":"CALLER"
				},
				{
					"trace":[
						"<android.os.Process: int start(java.lang.String,int,int,int[],int,java.lang.String[])>",
						"<android.os.Process: int start(java.lang.String,java.lang.String,int,int,int[],int,java.lang.String[])>",
						"<android.os.Process: int startViaZygote(java.lang.String,java.lang.String,int,int,int[],int,java.lang.String[])>"
					],
					"depth":2,
					"method":"<android.os.Process: int start(java.lang.String,int,int,int[],int,java.lang.String[])>",
					"source":"CALLER"
				}
			],
			"keyAPIDiffClass":[],
			"callerOfSingnlar2SourceVar":{
				"<android.os.Process: int startViaZygote(java.lang.String,java.lang.String,int,int,int[],int,java.lang.String[])>":"2, 3, 4, 1, 0, 6",
				"<android.os.Process: int start(java.lang.String,java.lang.String,int,int,int[],int,java.lang.String[])>":"2, 3, 4, 1, 0, 6",
				"<android.os.Process: int start(java.lang.String,int,int,int[],int,java.lang.String[])>":"1, 2, 3, 0, 5"
			}
		},
		{
			"method":"<android.os.Process: int zygoteSendArgsAndGetPid(java.util.ArrayList)>",
			"message":"[\\s\\S]*",
			"relatedVarType":"ParaAndField",
			"relatedCondType":"Basic",
			"modifier":"private",
			"type":"android.os.ZygoteStartFailedEx",
			"osVersionRelated":false,
			"resourceRelated":false,
			"assessRelated":false,
			"hardwareRelated":false,
			"manifestRelated":false,
			"conditions":"$r16 == null, i5 >= i1, $i3 < 0",
			"paramValues":"@parameter0: java.util.ArrayList",
			"fieldValues":"<android.os.Process: android.net.LocalSocket sZygoteSocket>",
			"caughtValues":"@caughtexception",
			"relatedValues":"@parameter0: java.util.ArrayList; <android.os.Process: android.net.LocalSocket sZygoteSocket>; @caughtexception",
			"keyAPISameClassNum":2,
			"keyAPIDiffClassNum":0,
			"keyAPISameClass":[
				{
					"trace":[
						"<android.os.Process: int start(java.lang.String,java.lang.String,int,int,int[],int,java.lang.String[])>",
						"<android.os.Process: int startViaZygote(java.lang.String,java.lang.String,int,int,int[],int,java.lang.String[])>",
						"<android.os.Process: int zygoteSendArgsAndGetPid(java.util.ArrayList)>",
						"<android.os.Process: void openZygoteSocketIfNeeded()>",
						"key field: <android.os.Process: android.net.LocalSocket sZygoteSocket>",
						"<android.os.Process: int zygoteSendArgsAndGetPid(java.util.ArrayList)>"
					],
					"depth":4,
					"method":"<android.os.Process: int start(java.lang.String,java.lang.String,int,int,int[],int,java.lang.String[])>",
					"source":"FIELDCALLER"
				},
				{
					"trace":[
						"<android.os.Process: int start(java.lang.String,int,int,int[],int,java.lang.String[])>",
						"<android.os.Process: int start(java.lang.String,java.lang.String,int,int,int[],int,java.lang.String[])>",
						"<android.os.Process: int startViaZygote(java.lang.String,java.lang.String,int,int,int[],int,java.lang.String[])>",
						"<android.os.Process: int zygoteSendArgsAndGetPid(java.util.ArrayList)>",
						"<android.os.Process: void openZygoteSocketIfNeeded()>",
						"key field: <android.os.Process: android.net.LocalSocket sZygoteSocket>",
						"<android.os.Process: int zygoteSendArgsAndGetPid(java.util.ArrayList)>"
					],
					"depth":5,
					"method":"<android.os.Process: int start(java.lang.String,int,int,int[],int,java.lang.String[])>",
					"source":"FIELDCALLER"
				}
			],
			"keyAPIDiffClass":[],
			"callerOfSingnlar2SourceVar":{
				"<android.os.Process: int zygoteSendArgsAndGetPid(java.util.ArrayList)>":"0"
			}
		},
		{
			"method":"<android.os.Process: int zygoteSendArgsAndGetPid(java.util.ArrayList)>",
			"message":"\\Qfork() failed\\E",
			"relatedVarType":"ParaAndField",
			"relatedCondType":"Basic",
			"modifier":"private",
			"type":"android.os.ZygoteStartFailedEx",
			"osVersionRelated":false,
			"resourceRelated":false,
			"assessRelated":false,
			"hardwareRelated":false,
			"manifestRelated":false,
			"conditions":"i2 >= 0, i5 >= i1, $i3 < 0",
			"paramValues":"@parameter0: java.util.ArrayList",
			"fieldValues":"<android.os.Process: java.io.DataInputStream sZygoteInputStream>",
			"relatedValues":"@parameter0: java.util.ArrayList; <android.os.Process: java.io.DataInputStream sZygoteInputStream>; ",
			"keyAPISameClassNum":2,
			"keyAPIDiffClassNum":0,
			"keyAPISameClass":[
				{
					"trace":[
						"<android.os.Process: int start(java.lang.String,java.lang.String,int,int,int[],int,java.lang.String[])>",
						"<android.os.Process: int startViaZygote(java.lang.String,java.lang.String,int,int,int[],int,java.lang.String[])>",
						"<android.os.Process: int zygoteSendArgsAndGetPid(java.util.ArrayList)>",
						"<android.os.Process: void openZygoteSocketIfNeeded()>",
						"key field: <android.os.Process: java.io.DataInputStream sZygoteInputStream>",
						"<android.os.Process: int zygoteSendArgsAndGetPid(java.util.ArrayList)>"
					],
					"depth":4,
					"method":"<android.os.Process: int start(java.lang.String,java.lang.String,int,int,int[],int,java.lang.String[])>",
					"source":"FIELDCALLER"
				},
				{
					"trace":[
						"<android.os.Process: int start(java.lang.String,int,int,int[],int,java.lang.String[])>",
						"<android.os.Process: int start(java.lang.String,java.lang.String,int,int,int[],int,java.lang.String[])>",
						"<android.os.Process: int startViaZygote(java.lang.String,java.lang.String,int,int,int[],int,java.lang.String[])>",
						"<android.os.Process: int zygoteSendArgsAndGetPid(java.util.ArrayList)>",
						"<android.os.Process: void openZygoteSocketIfNeeded()>",
						"key field: <android.os.Process: java.io.DataInputStream sZygoteInputStream>",
						"<android.os.Process: int zygoteSendArgsAndGetPid(java.util.ArrayList)>"
					],
					"depth":5,
					"method":"<android.os.Process: int start(java.lang.String,int,int,int[],int,java.lang.String[])>",
					"source":"FIELDCALLER"
				}
			],
			"keyAPIDiffClass":[],
			"callerOfSingnlar2SourceVar":{
				"<android.os.Process: int zygoteSendArgsAndGetPid(java.util.ArrayList)>":"0"
			}
		},
		{
			"method":"<android.os.Process: int zygoteSendArgsAndGetPid(java.util.ArrayList)>",
			"message":"\\Qembedded newlines not allowed\\E",
			"relatedVarType":"Parameter",
			"relatedCondType":"Basic",
			"modifier":"private",
			"type":"android.os.ZygoteStartFailedEx",
			"osVersionRelated":false,
			"resourceRelated":false,
			"assessRelated":false,
			"hardwareRelated":false,
			"manifestRelated":false,
			"conditions":"$i3 < 0, i5 >= i1",
			"paramValues":"@parameter0: java.util.ArrayList",
			"relatedValues":"@parameter0: java.util.ArrayList; ; ",
			"keyAPISameClassNum":0,
			"keyAPIDiffClassNum":0,
			"keyAPISameClass":[
				{
					"trace":[
						"<android.os.Process: int zygoteSendArgsAndGetPid(java.util.ArrayList)>"
					],
					"depth":0,
					"method":"<android.os.Process: int zygoteSendArgsAndGetPid(java.util.ArrayList)>",
					"source":"CALLER"
				},
				{
					"trace":[
						"<android.os.Process: int start(java.lang.String,java.lang.String,int,int,int[],int,java.lang.String[])>",
						"<android.os.Process: int startViaZygote(java.lang.String,java.lang.String,int,int,int[],int,java.lang.String[])>",
						"<android.os.Process: int zygoteSendArgsAndGetPid(java.util.ArrayList)>"
					],
					"depth":2,
					"method":"<android.os.Process: int start(java.lang.String,java.lang.String,int,int,int[],int,java.lang.String[])>",
					"source":"CALLER"
				},
				{
					"trace":[
						"<android.os.Process: int start(java.lang.String,int,int,int[],int,java.lang.String[])>",
						"<android.os.Process: int start(java.lang.String,java.lang.String,int,int,int[],int,java.lang.String[])>",
						"<android.os.Process: int startViaZygote(java.lang.String,java.lang.String,int,int,int[],int,java.lang.String[])>",
						"<android.os.Process: int zygoteSendArgsAndGetPid(java.util.ArrayList)>"
					],
					"depth":3,
					"method":"<android.os.Process: int start(java.lang.String,int,int,int[],int,java.lang.String[])>",
					"source":"CALLER"
				}
			],
			"keyAPIDiffClass":[],
			"callerOfSingnlar2SourceVar":{
				"<android.os.Process: int zygoteSendArgsAndGetPid(java.util.ArrayList)>":"0"
			}
		}
	]
}