{
	"exceptions":[
		{
			"method":"<android.webkit.WebSyncManager: void <init>(android.content.Context,java.lang.String)>",
			"message":"\\QWebSyncManager can't be created without context\\E",
			"relatedVarType":"Parameter",
			"relatedCondType":"Basic",
			"modifier":"protected",
			"type":"java.lang.IllegalStateException",
			"osVersionRelated":false,
			"resourceRelated":false,
			"assessRelated":false,
			"hardwareRelated":false,
			"manifestRelated":false,
			"conditions":"r2 == null",
			"paramValues":"@parameter0: android.content.Context",
			"relatedValues":"@parameter0: android.content.Context; ; ",
			"keyAPISameClassNum":0,
			"keyAPIDiffClassNum":0,
			"keyAPISameClass":[
				{
					"trace":[
						"<android.webkit.WebSyncManager: void <init>(android.content.Context,java.lang.String)>"
					],
					"depth":0,
					"method":"<android.webkit.WebSyncManager: void <init>(android.content.Context,java.lang.String)>",
					"source":"CALLER"
				}
			],
			"keyAPIDiffClass":[
				{
					"trace":[
						"<android.webkit.CookieSyncManager: android.webkit.CookieSyncManager createInstance(android.content.Context)>",
						"<android.webkit.CookieSyncManager: void <init>(android.content.Context)>",
						"<android.webkit.WebSyncManager: void <init>(android.content.Context,java.lang.String)>"
					],
					"depth":2,
					"method":"<android.webkit.CookieSyncManager: android.webkit.CookieSyncManager createInstance(android.content.Context)>",
					"source":"CALLER"
				},
				{
					"trace":[
						"<android.webkit.BrowserFrame: void <init>(android.content.Context,android.webkit.WebViewCore,android.webkit.CallbackProxy,android.webkit.WebSettings,java.util.Map)>",
						"<android.webkit.CookieSyncManager: android.webkit.CookieSyncManager createInstance(android.content.Context)>",
						"<android.webkit.CookieSyncManager: void <init>(android.content.Context)>",
						"<android.webkit.WebSyncManager: void <init>(android.content.Context,java.lang.String)>"
					],
					"depth":3,
					"method":"<android.webkit.BrowserFrame: void <init>(android.content.Context,android.webkit.WebViewCore,android.webkit.CallbackProxy,android.webkit.WebSettings,java.util.Map)>",
					"source":"CALLER"
				}
			],
			"callerOfSingnlar2SourceVar":{
				"<android.webkit.CookieSyncManager: void <init>(android.content.Context)>":"0",
				"<android.webkit.WebSyncManager: void <init>(android.content.Context,java.lang.String)>":"0"
			}
		},
		{
			"method":"<android.webkit.WebSyncManager: java.lang.Object clone()>",
			"message":"\\Qdoesn't implement Cloneable\\E",
			"relatedVarType":"Empty",
			"relatedCondType":"Empty",
			"modifier":"protected",
			"type":"java.lang.CloneNotSupportedException",
			"osVersionRelated":false,
			"resourceRelated":false,
			"assessRelated":false,
			"hardwareRelated":false,
			"manifestRelated":false,
			"keyAPISameClassNum":0,
			"keyAPIDiffClassNum":0,
			"keyAPISameClass":[],
			"keyAPIDiffClass":[],
			"callerOfSingnlar2SourceVar":{}
		}
	]
}