{
	"exceptions":[
		{
			"method":"<android.util.Base64InputStream: void refill()>",
			"message":"\\Qbad base-64\\E",
			"relatedVarType":"Field",
			"relatedCondType":"Basic",
			"modifier":"private",
			"type":"java.io.IOException",
			"osVersionRelated":false,
			"resourceRelated":false,
			"assessRelated":false,
			"hardwareRelated":false,
			"manifestRelated":false,
			"conditions":"z1 != 0, i0 != -1, $z0 == 0",
			"fieldValues":"<android.util.Base64InputStream: byte[] EMPTY>, <android.util.Base64InputStream: android.util.Base64$Coder coder>, <android.util.Base64InputStream: byte[] inputBuffer>, <android.util.Base64InputStream: boolean eof>",
			"relatedValues":"; <android.util.Base64InputStream: byte[] EMPTY>, <android.util.Base64InputStream: android.util.Base64$Coder coder>, <android.util.Base64InputStream: byte[] inputBuffer>, <android.util.Base64InputStream: boolean eof>; ",
			"keyAPISameClassNum":6,
			"keyAPIDiffClassNum":17,
			"keyAPISameClass":[
				{
					"trace":[
						"<android.util.Base64InputStream: void refill()>"
					],
					"depth":1,
					"method":"<android.util.Base64InputStream: void <init>(java.io.InputStream,int,boolean)>",
					"source":"FIELD"
				},
				{
					"trace":[
						"<android.util.Base64InputStream: void refill()>"
					],
					"depth":1,
					"method":"<android.util.Base64InputStream: void close()>",
					"source":"FIELD"
				},
				{
					"trace":[
						"<android.util.Base64InputStream: void <init>(java.io.InputStream,int)>",
						"<android.util.Base64InputStream: void <init>(java.io.InputStream,int,boolean)>",
						"key field: <android.util.Base64InputStream: android.util.Base64$Coder coder>",
						"<android.util.Base64InputStream: void refill()>"
					],
					"depth":2,
					"method":"<android.util.Base64InputStream: void <init>(java.io.InputStream,int)>",
					"source":"FIELDCALLER"
				},
				{
					"trace":[
						"<android.util.Base64InputStream: int read(byte[],int,int)>",
						"<android.util.Base64InputStream: void refill()>",
						"<android.util.Base64InputStream: void <clinit>()>",
						"key field: <android.util.Base64InputStream: byte[] EMPTY>",
						"<android.util.Base64InputStream: void refill()>"
					],
					"depth":3,
					"method":"<android.util.Base64InputStream: int read(byte[],int,int)>",
					"source":"FIELDCALLER"
				},
				{
					"trace":[
						"<android.util.Base64InputStream: long skip(long)>",
						"<android.util.Base64InputStream: void refill()>",
						"<android.util.Base64InputStream: void <clinit>()>",
						"key field: <android.util.Base64InputStream: byte[] EMPTY>",
						"<android.util.Base64InputStream: void refill()>"
					],
					"depth":3,
					"method":"<android.util.Base64InputStream: long skip(long)>",
					"source":"FIELDCALLER"
				},
				{
					"trace":[
						"<android.util.Base64InputStream: int read()>",
						"<android.util.Base64InputStream: void refill()>",
						"<android.util.Base64InputStream: void <clinit>()>",
						"key field: <android.util.Base64InputStream: byte[] EMPTY>",
						"<android.util.Base64InputStream: void refill()>"
					],
					"depth":3,
					"method":"<android.util.Base64InputStream: int read()>",
					"source":"FIELDCALLER"
				}
			],
			"keyAPIDiffClass":[
				{
					"trace":[
						"<android.media.ResampleInputStream: void close()>",
						"<android.util.Base64InputStream: void close()>",
						"key field: <android.util.Base64InputStream: byte[] inputBuffer>",
						"<android.util.Base64InputStream: void refill()>"
					],
					"depth":2,
					"method":"<android.media.ResampleInputStream: void close()>",
					"source":"FIELDCALLER"
				},
				{
					"trace":[
						"<android.speech.srec.UlawEncoderInputStream: void close()>",
						"<android.media.ResampleInputStream: void close()>",
						"<android.util.Base64InputStream: void close()>",
						"key field: <android.util.Base64InputStream: byte[] inputBuffer>",
						"<android.util.Base64InputStream: void refill()>"
					],
					"depth":3,
					"method":"<android.speech.srec.UlawEncoderInputStream: void close()>",
					"source":"FIELDCALLER"
				},
				{
					"trace":[
						"<android.content.res.AssetFileDescriptor$AutoCloseMemoryFileInputStream: int read(byte[],int,int)>",
						"<android.util.Base64InputStream: int read(byte[],int,int)>",
						"<android.util.Base64InputStream: void refill()>",
						"<android.util.Base64InputStream: void <clinit>()>",
						"key field: <android.util.Base64InputStream: byte[] EMPTY>",
						"<android.util.Base64InputStream: void refill()>"
					],
					"depth":4,
					"method":"<android.content.res.AssetFileDescriptor$AutoCloseMemoryFileInputStream: int read(byte[],int,int)>",
					"source":"FIELDCALLER"
				},
				{
					"trace":[
						"<android.media.AmrInputStream: void close()>",
						"<android.speech.srec.UlawEncoderInputStream: void close()>",
						"<android.media.ResampleInputStream: void close()>",
						"<android.util.Base64InputStream: void close()>",
						"key field: <android.util.Base64InputStream: byte[] inputBuffer>",
						"<android.util.Base64InputStream: void refill()>"
					],
					"depth":4,
					"method":"<android.media.AmrInputStream: void close()>",
					"source":"FIELDCALLER"
				},
				{
					"trace":[
						"<android.media.ResampleInputStream: int read(byte[],int,int)>",
						"<android.content.res.AssetFileDescriptor$AutoCloseMemoryFileInputStream: int read(byte[],int,int)>",
						"<android.util.Base64InputStream: int read(byte[],int,int)>",
						"<android.util.Base64InputStream: void refill()>",
						"<android.util.Base64InputStream: void <clinit>()>",
						"key field: <android.util.Base64InputStream: byte[] EMPTY>",
						"<android.util.Base64InputStream: void refill()>"
					],
					"depth":5,
					"method":"<android.media.ResampleInputStream: int read(byte[],int,int)>",
					"source":"FIELDCALLER"
				},
				{
					"trace":[
						"<android.content.res.AssetFileDescriptor$AutoCloseMemoryFileInputStream: void close()>",
						"<android.media.AmrInputStream: void close()>",
						"<android.speech.srec.UlawEncoderInputStream: void close()>",
						"<android.media.ResampleInputStream: void close()>",
						"<android.util.Base64InputStream: void close()>",
						"key field: <android.util.Base64InputStream: byte[] inputBuffer>",
						"<android.util.Base64InputStream: void refill()>"
					],
					"depth":5,
					"method":"<android.content.res.AssetFileDescriptor$AutoCloseMemoryFileInputStream: void close()>",
					"source":"FIELDCALLER"
				},
				{
					"trace":[
						"<java.io.InputStream: int read()>",
						"<android.media.ResampleInputStream: int read(byte[],int,int)>",
						"<android.content.res.AssetFileDescriptor$AutoCloseMemoryFileInputStream: int read(byte[],int,int)>",
						"<android.util.Base64InputStream: int read(byte[],int,int)>",
						"<android.util.Base64InputStream: void refill()>",
						"<android.util.Base64InputStream: void <clinit>()>",
						"key field: <android.util.Base64InputStream: byte[] EMPTY>",
						"<android.util.Base64InputStream: void refill()>"
					],
					"depth":6,
					"method":"<java.io.InputStream: int read()>",
					"source":"FIELDCALLER"
				},
				{
					"trace":[
						"<android.media.ResampleInputStream: int read()>",
						"<android.media.ResampleInputStream: int read(byte[],int,int)>",
						"<android.content.res.AssetFileDescriptor$AutoCloseMemoryFileInputStream: int read(byte[],int,int)>",
						"<android.util.Base64InputStream: int read(byte[],int,int)>",
						"<android.util.Base64InputStream: void refill()>",
						"<android.util.Base64InputStream: void <clinit>()>",
						"key field: <android.util.Base64InputStream: byte[] EMPTY>",
						"<android.util.Base64InputStream: void refill()>"
					],
					"depth":6,
					"method":"<android.media.ResampleInputStream: int read()>",
					"source":"FIELDCALLER"
				},
				{
					"trace":[
						"<android.media.ResampleInputStream: int read(byte[])>",
						"<android.media.ResampleInputStream: int read(byte[],int,int)>",
						"<android.content.res.AssetFileDescriptor$AutoCloseMemoryFileInputStream: int read(byte[],int,int)>",
						"<android.util.Base64InputStream: int read(byte[],int,int)>",
						"<android.util.Base64InputStream: void refill()>",
						"<android.util.Base64InputStream: void <clinit>()>",
						"key field: <android.util.Base64InputStream: byte[] EMPTY>",
						"<android.util.Base64InputStream: void refill()>"
					],
					"depth":6,
					"method":"<android.media.ResampleInputStream: int read(byte[])>",
					"source":"FIELDCALLER"
				},
				{
					"trace":[
						"<android.speech.srec.UlawEncoderInputStream: int read(byte[],int,int)>",
						"<android.media.ResampleInputStream: int read(byte[],int,int)>",
						"<android.content.res.AssetFileDescriptor$AutoCloseMemoryFileInputStream: int read(byte[],int,int)>",
						"<android.util.Base64InputStream: int read(byte[],int,int)>",
						"<android.util.Base64InputStream: void refill()>",
						"<android.util.Base64InputStream: void <clinit>()>",
						"key field: <android.util.Base64InputStream: byte[] EMPTY>",
						"<android.util.Base64InputStream: void refill()>"
					],
					"depth":6,
					"method":"<android.speech.srec.UlawEncoderInputStream: int read(byte[],int,int)>",
					"source":"FIELDCALLER"
				},
				{
					"trace":[
						"<android.content.res.AssetFileDescriptor$AutoCloseMemoryFileInputStream: int read()>",
						"<android.media.ResampleInputStream: int read()>",
						"<android.media.ResampleInputStream: int read(byte[],int,int)>",
						"<android.content.res.AssetFileDescriptor$AutoCloseMemoryFileInputStream: int read(byte[],int,int)>",
						"<android.util.Base64InputStream: int read(byte[],int,int)>",
						"<android.util.Base64InputStream: void refill()>",
						"<android.util.Base64InputStream: void <clinit>()>",
						"key field: <android.util.Base64InputStream: byte[] EMPTY>",
						"<android.util.Base64InputStream: void refill()>"
					],
					"depth":7,
					"method":"<android.content.res.AssetFileDescriptor$AutoCloseMemoryFileInputStream: int read()>",
					"source":"FIELDCALLER"
				},
				{
					"trace":[
						"<android.content.res.AssetFileDescriptor$AutoCloseMemoryFileInputStream: int read(byte[])>",
						"<android.media.ResampleInputStream: int read(byte[])>",
						"<android.media.ResampleInputStream: int read(byte[],int,int)>",
						"<android.content.res.AssetFileDescriptor$AutoCloseMemoryFileInputStream: int read(byte[],int,int)>",
						"<android.util.Base64InputStream: int read(byte[],int,int)>",
						"<android.util.Base64InputStream: void refill()>",
						"<android.util.Base64InputStream: void <clinit>()>",
						"key field: <android.util.Base64InputStream: byte[] EMPTY>",
						"<android.util.Base64InputStream: void refill()>"
					],
					"depth":7,
					"method":"<android.content.res.AssetFileDescriptor$AutoCloseMemoryFileInputStream: int read(byte[])>",
					"source":"FIELDCALLER"
				},
				{
					"trace":[
						"<android.speech.srec.UlawEncoderInputStream: int read()>",
						"<android.speech.srec.UlawEncoderInputStream: int read(byte[],int,int)>",
						"<android.media.ResampleInputStream: int read(byte[],int,int)>",
						"<android.content.res.AssetFileDescriptor$AutoCloseMemoryFileInputStream: int read(byte[],int,int)>",
						"<android.util.Base64InputStream: int read(byte[],int,int)>",
						"<android.util.Base64InputStream: void refill()>",
						"<android.util.Base64InputStream: void <clinit>()>",
						"key field: <android.util.Base64InputStream: byte[] EMPTY>",
						"<android.util.Base64InputStream: void refill()>"
					],
					"depth":7,
					"method":"<android.speech.srec.UlawEncoderInputStream: int read()>",
					"source":"FIELDCALLER"
				},
				{
					"trace":[
						"<android.speech.srec.UlawEncoderInputStream: int read(byte[])>",
						"<android.speech.srec.UlawEncoderInputStream: int read(byte[],int,int)>",
						"<android.media.ResampleInputStream: int read(byte[],int,int)>",
						"<android.content.res.AssetFileDescriptor$AutoCloseMemoryFileInputStream: int read(byte[],int,int)>",
						"<android.util.Base64InputStream: int read(byte[],int,int)>",
						"<android.util.Base64InputStream: void refill()>",
						"<android.util.Base64InputStream: void <clinit>()>",
						"key field: <android.util.Base64InputStream: byte[] EMPTY>",
						"<android.util.Base64InputStream: void refill()>"
					],
					"depth":7,
					"method":"<android.speech.srec.UlawEncoderInputStream: int read(byte[])>",
					"source":"FIELDCALLER"
				},
				{
					"trace":[
						"<android.media.AmrInputStream: int read(byte[],int,int)>",
						"<android.speech.srec.UlawEncoderInputStream: int read(byte[],int,int)>",
						"<android.media.ResampleInputStream: int read(byte[],int,int)>",
						"<android.content.res.AssetFileDescriptor$AutoCloseMemoryFileInputStream: int read(byte[],int,int)>",
						"<android.util.Base64InputStream: int read(byte[],int,int)>",
						"<android.util.Base64InputStream: void refill()>",
						"<android.util.Base64InputStream: void <clinit>()>",
						"key field: <android.util.Base64InputStream: byte[] EMPTY>",
						"<android.util.Base64InputStream: void refill()>"
					],
					"depth":7,
					"method":"<android.media.AmrInputStream: int read(byte[],int,int)>",
					"source":"FIELDCALLER"
				},
				{
					"trace":[
						"<android.media.AmrInputStream: int read()>",
						"<android.media.AmrInputStream: int read(byte[],int,int)>",
						"<android.speech.srec.UlawEncoderInputStream: int read(byte[],int,int)>",
						"<android.media.ResampleInputStream: int read(byte[],int,int)>",
						"<android.content.res.AssetFileDescriptor$AutoCloseMemoryFileInputStream: int read(byte[],int,int)>",
						"<android.util.Base64InputStream: int read(byte[],int,int)>",
						"<android.util.Base64InputStream: void refill()>",
						"<android.util.Base64InputStream: void <clinit>()>",
						"key field: <android.util.Base64InputStream: byte[] EMPTY>",
						"<android.util.Base64InputStream: void refill()>"
					],
					"depth":8,
					"method":"<android.media.AmrInputStream: int read()>",
					"source":"FIELDCALLER"
				},
				{
					"trace":[
						"<android.media.AmrInputStream: int read(byte[])>",
						"<android.media.AmrInputStream: int read(byte[],int,int)>",
						"<android.speech.srec.UlawEncoderInputStream: int read(byte[],int,int)>",
						"<android.media.ResampleInputStream: int read(byte[],int,int)>",
						"<android.content.res.AssetFileDescriptor$AutoCloseMemoryFileInputStream: int read(byte[],int,int)>",
						"<android.util.Base64InputStream: int read(byte[],int,int)>",
						"<android.util.Base64InputStream: void refill()>",
						"<android.util.Base64InputStream: void <clinit>()>",
						"key field: <android.util.Base64InputStream: byte[] EMPTY>",
						"<android.util.Base64InputStream: void refill()>"
					],
					"depth":8,
					"method":"<android.media.AmrInputStream: int read(byte[])>",
					"source":"FIELDCALLER"
				}
			],
			"callerOfSingnlar2SourceVar":{}
		},
		{
			"method":"<android.util.Base64InputStream: void mark(int)>",
			"message":"[\\s\\S]*",
			"relatedVarType":"Empty",
			"relatedCondType":"Empty",
			"modifier":"public",
			"type":"java.lang.UnsupportedOperationException",
			"osVersionRelated":false,
			"resourceRelated":false,
			"assessRelated":false,
			"hardwareRelated":false,
			"manifestRelated":false,
			"keyAPISameClassNum":0,
			"keyAPIDiffClassNum":0,
			"keyAPISameClass":[],
			"keyAPIDiffClass":[],
			"callerOfSingnlar2SourceVar":{}
		},
		{
			"method":"<android.util.Base64InputStream: void reset()>",
			"message":"[\\s\\S]*",
			"relatedVarType":"Empty",
			"relatedCondType":"Empty",
			"modifier":"public",
			"type":"java.lang.UnsupportedOperationException",
			"osVersionRelated":false,
			"resourceRelated":false,
			"assessRelated":false,
			"hardwareRelated":false,
			"manifestRelated":false,
			"keyAPISameClassNum":0,
			"keyAPIDiffClassNum":0,
			"keyAPISameClass":[],
			"keyAPIDiffClass":[],
			"callerOfSingnlar2SourceVar":{}
		}
	]
}