{
	"exceptions":[
		{
			"method":"<android.graphics.LinearGradient: void <init>(float,float,float,float,int[],float[],android.graphics.Shader$TileMode)>",
			"message":"\\Qneeds >= 2 number of colors\\E",
			"relatedVarType":"Parameter",
			"relatedCondType":"Basic",
			"modifier":"public",
			"type":"java.lang.IllegalArgumentException",
			"osVersionRelated":false,
			"resourceRelated":false,
			"assessRelated":false,
			"hardwareRelated":false,
			"manifestRelated":false,
			"conditions":"$i0 >= 2",
			"paramValues":"@parameter4: int[]",
			"relatedValues":"@parameter4: int[]; ; ",
			"keyAPISameClassNum":0,
			"keyAPIDiffClassNum":0,
			"keyAPISameClass":[
				{
					"trace":[
						"<android.graphics.LinearGradient: void <init>(float,float,float,float,int[],float[],android.graphics.Shader$TileMode)>"
					],
					"depth":0,
					"method":"<android.graphics.LinearGradient: void <init>(float,float,float,float,int[],float[],android.graphics.Shader$TileMode)>",
					"source":"CALLER"
				}
			],
			"keyAPIDiffClass":[],
			"callerOfSingnlar2SourceVar":{
				"<android.graphics.LinearGradient: void <init>(float,float,float,float,int[],float[],android.graphics.Shader$TileMode)>":"4"
			}
		},
		{
			"method":"<android.graphics.LinearGradient: void <init>(float,float,float,float,int[],float[],android.graphics.Shader$TileMode)>",
			"message":"\\Qcolor and position arrays must be of equal length\\E",
			"relatedVarType":"Parameter",
			"relatedCondType":"Basic",
			"modifier":"public",
			"type":"java.lang.IllegalArgumentException",
			"osVersionRelated":false,
			"resourceRelated":false,
			"assessRelated":false,
			"hardwareRelated":false,
			"manifestRelated":false,
			"conditions":"$i4 == $i3, r2 == null, $i0 >= 2",
			"paramValues":"@parameter4: int[], @parameter5: float[]",
			"relatedValues":"@parameter4: int[], @parameter5: float[]; ; ",
			"keyAPISameClassNum":0,
			"keyAPIDiffClassNum":0,
			"keyAPISameClass":[
				{
					"trace":[
						"<android.graphics.LinearGradient: void <init>(float,float,float,float,int[],float[],android.graphics.Shader$TileMode)>"
					],
					"depth":0,
					"method":"<android.graphics.LinearGradient: void <init>(float,float,float,float,int[],float[],android.graphics.Shader$TileMode)>",
					"source":"CALLER"
				}
			],
			"keyAPIDiffClass":[],
			"callerOfSingnlar2SourceVar":{
				"<android.graphics.LinearGradient: void <init>(float,float,float,float,int[],float[],android.graphics.Shader$TileMode)>":"4, 5"
			}
		}
	]
}