{
	"exceptions":[
		{
			"method":"<android.provider.Contacts$ContactMethods: java.lang.Object decodeImProtocol(java.lang.String)>",
			"message":"\\Qthe value is not a valid encoded protocol, \\E[\\s\\S]*",
			"relatedVarType":"Parameter",
			"relatedCondType":"Basic",
			"modifier":"public",
			"type":"java.lang.IllegalArgumentException",
			"osVersionRelated":false,
			"resourceRelated":false,
			"assessRelated":false,
			"hardwareRelated":false,
			"manifestRelated":false,
			"conditions":"$z1 == 0, $z0 == 0, r0 != null",
			"paramValues":"@parameter0: java.lang.String",
			"relatedValues":"@parameter0: java.lang.String; ; ",
			"keyAPISameClassNum":0,
			"keyAPIDiffClassNum":0,
			"keyAPISameClass":[
				{
					"trace":[
						"<android.provider.Contacts$ContactMethods: java.lang.Object decodeImProtocol(java.lang.String)>"
					],
					"depth":0,
					"method":"<android.provider.Contacts$ContactMethods: java.lang.Object decodeImProtocol(java.lang.String)>",
					"source":"CALLER"
				}
			],
			"keyAPIDiffClass":[],
			"callerOfSingnlar2SourceVar":{
				"<android.provider.Contacts$ContactMethods: java.lang.Object decodeImProtocol(java.lang.String)>":"0"
			}
		}
	]
}