{
	"exceptions":[
		{
			"method":"<android.speech.srec.WaveHeader: void readId(java.io.InputStream,java.lang.String)>",
			"message":"[\\s\\S]*\\Q tag not present\\E",
			"relatedVarType":"Parameter",
			"relatedCondType":"Basic",
			"modifier":"private",
			"type":"java.io.IOException",
			"osVersionRelated":false,
			"resourceRelated":false,
			"assessRelated":false,
			"hardwareRelated":false,
			"manifestRelated":false,
			"conditions":"$c1 == $i2, i3 >= $i0",
			"paramValues":"@parameter1: java.lang.String, @parameter0: java.io.InputStream",
			"relatedValues":"@parameter1: java.lang.String, @parameter0: java.io.InputStream; ; ",
			"keyAPISameClassNum":0,
			"keyAPIDiffClassNum":0,
			"keyAPISameClass":[
				{
					"trace":[
						"<android.speech.srec.WaveHeader: void readId(java.io.InputStream,java.lang.String)>"
					],
					"depth":0,
					"method":"<android.speech.srec.WaveHeader: void readId(java.io.InputStream,java.lang.String)>",
					"source":"CALLER"
				},
				{
					"trace":[
						"<android.speech.srec.WaveHeader: int read(java.io.InputStream)>",
						"<android.speech.srec.WaveHeader: void readId(java.io.InputStream,java.lang.String)>"
					],
					"depth":1,
					"method":"<android.speech.srec.WaveHeader: int read(java.io.InputStream)>",
					"source":"CALLER"
				}
			],
			"keyAPIDiffClass":[],
			"callerOfSingnlar2SourceVar":{
				"<android.speech.srec.WaveHeader: void readId(java.io.InputStream,java.lang.String)>":"1, 0",
				"<android.speech.srec.WaveHeader: int read(java.io.InputStream)>":"0"
			}
		},
		{
			"method":"<android.speech.srec.WaveHeader: int read(java.io.InputStream)>",
			"message":"\\Qfmt chunk length not 16\\E",
			"relatedVarType":"Parameter",
			"relatedCondType":"Basic",
			"modifier":"public",
			"type":"java.io.IOException",
			"osVersionRelated":false,
			"resourceRelated":false,
			"assessRelated":false,
			"hardwareRelated":false,
			"manifestRelated":false,
			"conditions":"16 == $i2",
			"paramValues":"@parameter0: java.io.InputStream",
			"relatedValues":"@parameter0: java.io.InputStream; ; ",
			"keyAPISameClassNum":0,
			"keyAPIDiffClassNum":0,
			"keyAPISameClass":[
				{
					"trace":[
						"<android.speech.srec.WaveHeader: int read(java.io.InputStream)>"
					],
					"depth":0,
					"method":"<android.speech.srec.WaveHeader: int read(java.io.InputStream)>",
					"source":"CALLER"
				}
			],
			"keyAPIDiffClass":[],
			"callerOfSingnlar2SourceVar":{
				"<android.speech.srec.WaveHeader: int read(java.io.InputStream)>":"0"
			}
		},
		{
			"method":"<android.speech.srec.WaveHeader: int read(java.io.InputStream)>",
			"message":"\\Qfmt.ByteRate field inconsistent\\E",
			"relatedVarType":"ParaAndField",
			"relatedCondType":"Basic",
			"modifier":"public",
			"type":"java.io.IOException",
			"osVersionRelated":false,
			"resourceRelated":false,
			"assessRelated":false,
			"hardwareRelated":false,
			"manifestRelated":false,
			"conditions":"i6 == $i14, 16 == $i2",
			"paramValues":"@parameter0: java.io.InputStream",
			"fieldValues":"<android.speech.srec.WaveHeader: short mNumChannels>",
			"relatedValues":"@parameter0: java.io.InputStream; <android.speech.srec.WaveHeader: short mNumChannels>; ",
			"keyAPISameClassNum":3,
			"keyAPIDiffClassNum":0,
			"keyAPISameClass":[
				{
					"trace":[
						"<android.speech.srec.WaveHeader: int read(java.io.InputStream)>"
					],
					"depth":1,
					"method":"<android.speech.srec.WaveHeader: void <init>(short,short,int,short,int)>",
					"source":"FIELD"
				},
				{
					"trace":[
						"<android.speech.srec.WaveHeader: int read(java.io.InputStream)>"
					],
					"depth":1,
					"method":"<android.speech.srec.WaveHeader: int read(java.io.InputStream)>",
					"source":"FIELD"
				},
				{
					"trace":[
						"<android.speech.srec.WaveHeader: int read(java.io.InputStream)>"
					],
					"depth":1,
					"method":"<android.speech.srec.WaveHeader: android.speech.srec.WaveHeader setNumChannels(short)>",
					"source":"FIELD"
				}
			],
			"keyAPIDiffClass":[],
			"callerOfSingnlar2SourceVar":{
				"<android.speech.srec.WaveHeader: int read(java.io.InputStream)>":"0"
			}
		},
		{
			"method":"<android.speech.srec.WaveHeader: int read(java.io.InputStream)>",
			"message":"\\Qfmt.BlockAlign field inconsistent\\E",
			"relatedVarType":"ParaAndField",
			"relatedCondType":"Basic",
			"modifier":"public",
			"type":"java.io.IOException",
			"osVersionRelated":false,
			"resourceRelated":false,
			"assessRelated":false,
			"hardwareRelated":false,
			"manifestRelated":false,
			"conditions":"s7 == $i18, i6 == $i14, 16 == $i2",
			"paramValues":"@parameter0: java.io.InputStream",
			"fieldValues":"<android.speech.srec.WaveHeader: short mNumChannels>",
			"relatedValues":"@parameter0: java.io.InputStream; <android.speech.srec.WaveHeader: short mNumChannels>; ",
			"keyAPISameClassNum":3,
			"keyAPIDiffClassNum":0,
			"keyAPISameClass":[
				{
					"trace":[
						"<android.speech.srec.WaveHeader: int read(java.io.InputStream)>"
					],
					"depth":1,
					"method":"<android.speech.srec.WaveHeader: void <init>(short,short,int,short,int)>",
					"source":"FIELD"
				},
				{
					"trace":[
						"<android.speech.srec.WaveHeader: int read(java.io.InputStream)>"
					],
					"depth":1,
					"method":"<android.speech.srec.WaveHeader: int read(java.io.InputStream)>",
					"source":"FIELD"
				},
				{
					"trace":[
						"<android.speech.srec.WaveHeader: int read(java.io.InputStream)>"
					],
					"depth":1,
					"method":"<android.speech.srec.WaveHeader: android.speech.srec.WaveHeader setNumChannels(short)>",
					"source":"FIELD"
				}
			],
			"keyAPIDiffClass":[],
			"callerOfSingnlar2SourceVar":{
				"<android.speech.srec.WaveHeader: int read(java.io.InputStream)>":"0"
			}
		}
	]
}