{
	"exceptions":[
		{
			"method":"<android.widget.EditText: void setEllipsize(android.text.TextUtils$TruncateAt)>",
			"message":"\\QEditText cannot use the ellipsize mode TextUtils.TruncateAt.MARQUEE\\E",
			"relatedVarType":"ParaAndField",
			"relatedCondType":"Basic",
			"modifier":"public",
			"type":"java.lang.IllegalArgumentException",
			"osVersionRelated":false,
			"resourceRelated":false,
			"assessRelated":false,
			"hardwareRelated":false,
			"manifestRelated":false,
			"conditions":"r0 != $r1",
			"paramValues":"@parameter0: android.text.TextUtils$TruncateAt",
			"fieldValues":"<android.text.TextUtils$TruncateAt: android.text.TextUtils$TruncateAt MARQUEE>",
			"relatedValues":"@parameter0: android.text.TextUtils$TruncateAt; <android.text.TextUtils$TruncateAt: android.text.TextUtils$TruncateAt MARQUEE>; ",
			"keyAPISameClassNum":0,
			"keyAPIDiffClassNum":0,
			"keyAPISameClass":[],
			"keyAPIDiffClass":[],
			"callerOfSingnlar2SourceVar":{
				"<android.widget.EditText: void setEllipsize(android.text.TextUtils$TruncateAt)>":"0"
			}
		}
	]
}