{
	"exceptions":[
		{
			"method":"<android.media.CamcorderProfile: android.media.CamcorderProfile get(int)>",
			"message":"\\QUnsupported quality level: \\E[\\s\\S]*",
			"relatedVarType":"Parameter",
			"relatedCondType":"Basic",
			"modifier":"public",
			"type":"java.lang.IllegalArgumentException",
			"osVersionRelated":false,
			"resourceRelated":false,
			"assessRelated":false,
			"hardwareRelated":false,
			"manifestRelated":false,
			"conditions":"i0 < 0, i0 <= 1",
			"paramValues":"@parameter0: int",
			"relatedValues":"@parameter0: int; ; ",
			"keyAPISameClassNum":0,
			"keyAPIDiffClassNum":0,
			"keyAPISameClass":[
				{
					"trace":[
						"<android.media.CamcorderProfile: android.media.CamcorderProfile get(int)>"
					],
					"depth":0,
					"method":"<android.media.CamcorderProfile: android.media.CamcorderProfile get(int)>",
					"source":"CALLER"
				}
			],
			"keyAPIDiffClass":[],
			"callerOfSingnlar2SourceVar":{
				"<android.media.CamcorderProfile: android.media.CamcorderProfile get(int)>":"0"
			}
		}
	]
}