{
	"exceptions":[
		{
			"method":"<android.preference.ListPreference: void onPrepareDialogBuilder(android.app.AlertDialog$Builder)>",
			"message":"\\QListPreference requires an entries array and an entryValues array.\\E",
			"relatedVarType":"Field",
			"relatedCondType":"Basic",
			"modifier":"protected",
			"type":"java.lang.IllegalStateException",
			"osVersionRelated":false,
			"resourceRelated":false,
			"assessRelated":false,
			"hardwareRelated":false,
			"manifestRelated":false,
			"conditions":"$r2 == null, $r4 != null",
			"fieldValues":"<android.preference.ListPreference: java.lang.CharSequence[] mEntries>, <android.preference.ListPreference: java.lang.CharSequence[] mEntryValues>",
			"relatedValues":"; <android.preference.ListPreference: java.lang.CharSequence[] mEntries>, <android.preference.ListPreference: java.lang.CharSequence[] mEntryValues>; ",
			"keyAPISameClassNum":9,
			"keyAPIDiffClassNum":5,
			"keyAPISameClass":[
				{
					"trace":[
						"<android.preference.ListPreference: void onPrepareDialogBuilder(android.app.AlertDialog$Builder)>"
					],
					"depth":1,
					"method":"<android.preference.ListPreference: void <init>(android.content.Context,android.util.AttributeSet)>",
					"source":"FIELD"
				},
				{
					"trace":[
						"<android.preference.ListPreference: void onPrepareDialogBuilder(android.app.AlertDialog$Builder)>"
					],
					"depth":1,
					"method":"<android.preference.ListPreference: java.lang.CharSequence getEntry()>",
					"source":"FIELD"
				},
				{
					"trace":[
						"<android.preference.ListPreference: void onPrepareDialogBuilder(android.app.AlertDialog$Builder)>"
					],
					"depth":1,
					"method":"<android.preference.ListPreference: void setEntries(java.lang.CharSequence[])>",
					"source":"FIELD"
				},
				{
					"trace":[
						"<android.preference.ListPreference: void onPrepareDialogBuilder(android.app.AlertDialog$Builder)>"
					],
					"depth":1,
					"method":"<android.preference.ListPreference: int findIndexOfValue(java.lang.String)>",
					"source":"FIELD"
				},
				{
					"trace":[
						"<android.preference.ListPreference: void onPrepareDialogBuilder(android.app.AlertDialog$Builder)>"
					],
					"depth":1,
					"method":"<android.preference.ListPreference: void setEntryValues(java.lang.CharSequence[])>",
					"source":"FIELD"
				},
				{
					"trace":[
						"<android.preference.ListPreference: void onPrepareDialogBuilder(android.app.AlertDialog$Builder)>"
					],
					"depth":1,
					"method":"<android.preference.ListPreference: void setValueIndex(int)>",
					"source":"FIELD"
				},
				{
					"trace":[
						"<android.preference.ListPreference: void <init>(android.content.Context)>",
						"<android.preference.ListPreference: void <init>(android.content.Context,android.util.AttributeSet)>",
						"key field: <android.preference.ListPreference: java.lang.CharSequence[] mEntries>",
						"<android.preference.ListPreference: void onPrepareDialogBuilder(android.app.AlertDialog$Builder)>"
					],
					"depth":2,
					"method":"<android.preference.ListPreference: void <init>(android.content.Context)>",
					"source":"FIELDCALLER"
				},
				{
					"trace":[
						"<android.preference.ListPreference: void setEntries(int)>",
						"<android.preference.ListPreference: void setEntries(java.lang.CharSequence[])>",
						"key field: <android.preference.ListPreference: java.lang.CharSequence[] mEntries>",
						"<android.preference.ListPreference: void onPrepareDialogBuilder(android.app.AlertDialog$Builder)>"
					],
					"depth":2,
					"method":"<android.preference.ListPreference: void setEntries(int)>",
					"source":"FIELDCALLER"
				},
				{
					"trace":[
						"<android.preference.ListPreference: void setEntryValues(int)>",
						"<android.preference.ListPreference: void setEntryValues(java.lang.CharSequence[])>",
						"key field: <android.preference.ListPreference: java.lang.CharSequence[] mEntryValues>",
						"<android.preference.ListPreference: void onPrepareDialogBuilder(android.app.AlertDialog$Builder)>"
					],
					"depth":2,
					"method":"<android.preference.ListPreference: void setEntryValues(int)>",
					"source":"FIELDCALLER"
				}
			],
			"keyAPIDiffClass":[
				{
					"trace":[
						"<android.preference.DialogPreference: void onDismiss(android.content.DialogInterface)>",
						"<android.preference.ListPreference: void onDialogClosed(boolean)>",
						"key field: <android.preference.ListPreference: java.lang.CharSequence[] mEntryValues>",
						"<android.preference.ListPreference: void onPrepareDialogBuilder(android.app.AlertDialog$Builder)>"
					],
					"depth":2,
					"method":"<android.preference.DialogPreference: void onDismiss(android.content.DialogInterface)>",
					"source":"FIELDCALLER"
				},
				{
					"trace":[
						"<android.content.DialogInterface$OnDismissListener: void onDismiss(android.content.DialogInterface)>",
						"<android.preference.ListPreference: void onDialogClosed(boolean)>",
						"key field: <android.preference.ListPreference: java.lang.CharSequence[] mEntryValues>",
						"<android.preference.ListPreference: void onPrepareDialogBuilder(android.app.AlertDialog$Builder)>"
					],
					"depth":2,
					"method":"<android.content.DialogInterface$OnDismissListener: void onDismiss(android.content.DialogInterface)>",
					"source":"FIELDCALLER"
				},
				{
					"trace":[
						"<android.preference.PreferenceScreen: void onItemClick(android.widget.AdapterView,android.view.View,int,long)>",
						"<android.preference.Preference: void performClick(android.preference.PreferenceScreen)>",
						"<android.preference.DialogPreference: void onClick()>",
						"<android.preference.DialogPreference: void showDialog(android.os.Bundle)>",
						"<android.preference.ListPreference: void onPrepareDialogBuilder(android.app.AlertDialog$Builder)>",
						"key field: <android.preference.ListPreference: java.lang.CharSequence[] mEntries>",
						"<android.preference.ListPreference: void onPrepareDialogBuilder(android.app.AlertDialog$Builder)>"
					],
					"depth":5,
					"method":"<android.preference.PreferenceScreen: void onItemClick(android.widget.AdapterView,android.view.View,int,long)>",
					"source":"FIELDCALLER"
				},
				{
					"trace":[
						"<android.widget.AdapterView$OnItemClickListener: void onItemClick(android.widget.AdapterView,android.view.View,int,long)>",
						"<android.preference.Preference: void performClick(android.preference.PreferenceScreen)>",
						"<android.preference.DialogPreference: void onClick()>",
						"<android.preference.DialogPreference: void showDialog(android.os.Bundle)>",
						"<android.preference.ListPreference: void onPrepareDialogBuilder(android.app.AlertDialog$Builder)>",
						"key field: <android.preference.ListPreference: java.lang.CharSequence[] mEntries>",
						"<android.preference.ListPreference: void onPrepareDialogBuilder(android.app.AlertDialog$Builder)>"
					],
					"depth":5,
					"method":"<android.widget.AdapterView$OnItemClickListener: void onItemClick(android.widget.AdapterView,android.view.View,int,long)>",
					"source":"FIELDCALLER"
				},
				{
					"trace":[
						"<android.preference.Preference: void restoreHierarchyState(android.os.Bundle)>",
						"<android.preference.Preference: void dispatchRestoreInstanceState(android.os.Bundle)>",
						"<android.preference.DialogPreference: void onRestoreInstanceState(android.os.Parcelable)>",
						"<android.preference.DialogPreference: void showDialog(android.os.Bundle)>",
						"<android.preference.ListPreference: void onPrepareDialogBuilder(android.app.AlertDialog$Builder)>",
						"key field: <android.preference.ListPreference: java.lang.CharSequence[] mEntries>",
						"<android.preference.ListPreference: void onPrepareDialogBuilder(android.app.AlertDialog$Builder)>"
					],
					"depth":5,
					"method":"<android.preference.Preference: void restoreHierarchyState(android.os.Bundle)>",
					"source":"FIELDCALLER"
				}
			],
			"callerOfSingnlar2SourceVar":{}
		}
	]
}