{
	"exceptions":[
		{
			"method":"<android.view.ViewRoot$W: void executeCommand(java.lang.String,java.lang.String,android.os.ParcelFileDescriptor)>",
			"message":"\\QInsufficient permissions to invoke executeCommand() from pid=\\E[\\s\\S]*\\Q, uid=\\E[\\s\\S]*",
			"relatedVarType":"Field",
			"relatedCondType":"Basic",
			"modifier":"public",
			"type":"java.lang.SecurityException",
			"osVersionRelated":false,
			"resourceRelated":false,
			"assessRelated":false,
			"hardwareRelated":true,
			"manifestRelated":false,
			"conditions":"$i0 == 0, r4 == null, r3 == null",
			"fieldValues":"<android.view.ViewRoot$W: java.lang.ref.WeakReference mViewRoot>",
			"relatedValues":"; <android.view.ViewRoot$W: java.lang.ref.WeakReference mViewRoot>; ",
			"keyAPISameClassNum":10,
			"keyAPIDiffClassNum":6,
			"keyAPISameClass":[
				{
					"trace":[
						"<android.view.ViewRoot$W: void executeCommand(java.lang.String,java.lang.String,android.os.ParcelFileDescriptor)>"
					],
					"depth":1,
					"method":"<android.view.ViewRoot$W: void <init>(android.view.ViewRoot,android.content.Context)>",
					"source":"FIELD"
				},
				{
					"trace":[
						"<android.view.ViewRoot$W: void executeCommand(java.lang.String,java.lang.String,android.os.ParcelFileDescriptor)>"
					],
					"depth":1,
					"method":"<android.view.ViewRoot$W: void closeSystemDialogs(java.lang.String)>",
					"source":"FIELD"
				},
				{
					"trace":[
						"<android.view.ViewRoot$W: void executeCommand(java.lang.String,java.lang.String,android.os.ParcelFileDescriptor)>"
					],
					"depth":1,
					"method":"<android.view.ViewRoot$W: void dispatchAppVisibility(boolean)>",
					"source":"FIELD"
				},
				{
					"trace":[
						"<android.view.ViewRoot$W: void executeCommand(java.lang.String,java.lang.String,android.os.ParcelFileDescriptor)>"
					],
					"depth":1,
					"method":"<android.view.ViewRoot$W: void dispatchGetNewSurface()>",
					"source":"FIELD"
				},
				{
					"trace":[
						"<android.view.ViewRoot$W: void executeCommand(java.lang.String,java.lang.String,android.os.ParcelFileDescriptor)>"
					],
					"depth":1,
					"method":"<android.view.ViewRoot$W: void dispatchKey(android.view.KeyEvent)>",
					"source":"FIELD"
				},
				{
					"trace":[
						"<android.view.ViewRoot$W: void executeCommand(java.lang.String,java.lang.String,android.os.ParcelFileDescriptor)>"
					],
					"depth":1,
					"method":"<android.view.ViewRoot$W: void dispatchPointer(android.view.MotionEvent,long,boolean)>",
					"source":"FIELD"
				},
				{
					"trace":[
						"<android.view.ViewRoot$W: void executeCommand(java.lang.String,java.lang.String,android.os.ParcelFileDescriptor)>"
					],
					"depth":1,
					"method":"<android.view.ViewRoot$W: void dispatchTrackball(android.view.MotionEvent,long,boolean)>",
					"source":"FIELD"
				},
				{
					"trace":[
						"<android.view.ViewRoot$W: void executeCommand(java.lang.String,java.lang.String,android.os.ParcelFileDescriptor)>"
					],
					"depth":1,
					"method":"<android.view.ViewRoot$W: void executeCommand(java.lang.String,java.lang.String,android.os.ParcelFileDescriptor)>",
					"source":"FIELD"
				},
				{
					"trace":[
						"<android.view.ViewRoot$W: void executeCommand(java.lang.String,java.lang.String,android.os.ParcelFileDescriptor)>"
					],
					"depth":1,
					"method":"<android.view.ViewRoot$W: void resized(int,int,android.graphics.Rect,android.graphics.Rect,boolean,android.content.res.Configuration)>",
					"source":"FIELD"
				},
				{
					"trace":[
						"<android.view.ViewRoot$W: void executeCommand(java.lang.String,java.lang.String,android.os.ParcelFileDescriptor)>"
					],
					"depth":1,
					"method":"<android.view.ViewRoot$W: void windowFocusChanged(boolean,boolean)>",
					"source":"FIELD"
				}
			],
			"keyAPIDiffClass":[
				{
					"trace":[
						"<android.view.ViewRoot: void <init>(android.content.Context)>",
						"<android.view.ViewRoot$W: void <init>(android.view.ViewRoot,android.content.Context)>",
						"key field: <android.view.ViewRoot$W: java.lang.ref.WeakReference mViewRoot>",
						"<android.view.ViewRoot$W: void executeCommand(java.lang.String,java.lang.String,android.os.ParcelFileDescriptor)>"
					],
					"depth":2,
					"method":"<android.view.ViewRoot: void <init>(android.content.Context)>",
					"source":"FIELDCALLER"
				},
				{
					"trace":[
						"<android.view.IWindow$Stub: boolean onTransact(int,android.os.Parcel,android.os.Parcel,int)>",
						"<android.view.ViewRoot$W: void closeSystemDialogs(java.lang.String)>",
						"key field: <android.view.ViewRoot$W: java.lang.ref.WeakReference mViewRoot>",
						"<android.view.ViewRoot$W: void executeCommand(java.lang.String,java.lang.String,android.os.ParcelFileDescriptor)>"
					],
					"depth":2,
					"method":"<android.view.IWindow$Stub: boolean onTransact(int,android.os.Parcel,android.os.Parcel,int)>",
					"source":"FIELDCALLER"
				},
				{
					"trace":[
						"<android.view.WindowManagerImpl: void addView(android.view.View,android.view.ViewGroup$LayoutParams)>",
						"<android.view.WindowManagerImpl: void addView(android.view.View,android.view.ViewGroup$LayoutParams,boolean)>",
						"<android.view.ViewRoot: void <init>(android.content.Context)>",
						"<android.view.ViewRoot$W: void <init>(android.view.ViewRoot,android.content.Context)>",
						"key field: <android.view.ViewRoot$W: java.lang.ref.WeakReference mViewRoot>",
						"<android.view.ViewRoot$W: void executeCommand(java.lang.String,java.lang.String,android.os.ParcelFileDescriptor)>"
					],
					"depth":4,
					"method":"<android.view.WindowManagerImpl: void addView(android.view.View,android.view.ViewGroup$LayoutParams)>",
					"source":"FIELDCALLER"
				},
				{
					"trace":[
						"<android.view.WindowManagerImpl: void addViewNesting(android.view.View,android.view.ViewGroup$LayoutParams)>",
						"<android.view.WindowManagerImpl: void addView(android.view.View,android.view.ViewGroup$LayoutParams,boolean)>",
						"<android.view.ViewRoot: void <init>(android.content.Context)>",
						"<android.view.ViewRoot$W: void <init>(android.view.ViewRoot,android.content.Context)>",
						"key field: <android.view.ViewRoot$W: java.lang.ref.WeakReference mViewRoot>",
						"<android.view.ViewRoot$W: void executeCommand(java.lang.String,java.lang.String,android.os.ParcelFileDescriptor)>"
					],
					"depth":4,
					"method":"<android.view.WindowManagerImpl: void addViewNesting(android.view.View,android.view.ViewGroup$LayoutParams)>",
					"source":"FIELDCALLER"
				},
				{
					"trace":[
						"<android.view.WindowManagerImpl: void addView(android.view.View)>",
						"<android.view.WindowManagerImpl: void addView(android.view.View,android.view.ViewGroup$LayoutParams)>",
						"<android.view.WindowManagerImpl: void addView(android.view.View,android.view.ViewGroup$LayoutParams,boolean)>",
						"<android.view.ViewRoot: void <init>(android.content.Context)>",
						"<android.view.ViewRoot$W: void <init>(android.view.ViewRoot,android.content.Context)>",
						"key field: <android.view.ViewRoot$W: java.lang.ref.WeakReference mViewRoot>",
						"<android.view.ViewRoot$W: void executeCommand(java.lang.String,java.lang.String,android.os.ParcelFileDescriptor)>"
					],
					"depth":5,
					"method":"<android.view.WindowManagerImpl: void addView(android.view.View)>",
					"source":"FIELDCALLER"
				},
				{
					"trace":[
						"<android.view.Window$LocalWindowManager: void addView(android.view.View,android.view.ViewGroup$LayoutParams)>",
						"<android.view.WindowManagerImpl: void addView(android.view.View,android.view.ViewGroup$LayoutParams)>",
						"<android.view.WindowManagerImpl: void addView(android.view.View,android.view.ViewGroup$LayoutParams,boolean)>",
						"<android.view.ViewRoot: void <init>(android.content.Context)>",
						"<android.view.ViewRoot$W: void <init>(android.view.ViewRoot,android.content.Context)>",
						"key field: <android.view.ViewRoot$W: java.lang.ref.WeakReference mViewRoot>",
						"<android.view.ViewRoot$W: void executeCommand(java.lang.String,java.lang.String,android.os.ParcelFileDescriptor)>"
					],
					"depth":5,
					"method":"<android.view.Window$LocalWindowManager: void addView(android.view.View,android.view.ViewGroup$LayoutParams)>",
					"source":"FIELDCALLER"
				}
			],
			"callerOfSingnlar2SourceVar":{}
		}
	]
}