{
	"exceptions":[
		{
			"method":"<android.pim.EventRecurrence: int calendarDay2Day(int)>",
			"message":"\\Qbad day of week: \\E[\\s\\S]*",
			"relatedVarType":"Parameter",
			"relatedCondType":"Basic",
			"modifier":"public",
			"type":"java.lang.RuntimeException",
			"osVersionRelated":false,
			"resourceRelated":false,
			"assessRelated":false,
			"hardwareRelated":false,
			"manifestRelated":false,
			"conditions":"i0",
			"paramValues":"@parameter0: int",
			"relatedValues":"@parameter0: int; ; ",
			"keyAPISameClassNum":0,
			"keyAPIDiffClassNum":0,
			"keyAPISameClass":[
				{
					"trace":[
						"<android.pim.EventRecurrence: int calendarDay2Day(int)>"
					],
					"depth":0,
					"method":"<android.pim.EventRecurrence: int calendarDay2Day(int)>",
					"source":"CALLER"
				}
			],
			"keyAPIDiffClass":[],
			"callerOfSingnlar2SourceVar":{
				"<android.pim.EventRecurrence: int calendarDay2Day(int)>":"0"
			}
		},
		{
			"method":"<android.pim.EventRecurrence: int day2CalendarDay(int)>",
			"message":"\\Qbad day of week: \\E[\\s\\S]*",
			"relatedVarType":"Parameter",
			"relatedCondType":"Basic",
			"modifier":"public",
			"type":"java.lang.RuntimeException",
			"osVersionRelated":false,
			"resourceRelated":false,
			"assessRelated":false,
			"hardwareRelated":false,
			"manifestRelated":false,
			"conditions":"i0",
			"paramValues":"@parameter0: int",
			"relatedValues":"@parameter0: int; ; ",
			"keyAPISameClassNum":0,
			"keyAPIDiffClassNum":0,
			"keyAPISameClass":[
				{
					"trace":[
						"<android.pim.EventRecurrence: int day2CalendarDay(int)>"
					],
					"depth":0,
					"method":"<android.pim.EventRecurrence: int day2CalendarDay(int)>",
					"source":"CALLER"
				}
			],
			"keyAPIDiffClass":[],
			"callerOfSingnlar2SourceVar":{
				"<android.pim.EventRecurrence: int day2CalendarDay(int)>":"0"
			}
		},
		{
			"method":"<android.pim.EventRecurrence: java.lang.String day2String(int)>",
			"message":"\\Qbad day argument: \\E[\\s\\S]*",
			"relatedVarType":"Parameter",
			"relatedCondType":"Basic",
			"modifier":"private",
			"type":"java.lang.IllegalArgumentException",
			"osVersionRelated":false,
			"resourceRelated":false,
			"assessRelated":false,
			"hardwareRelated":false,
			"manifestRelated":false,
			"conditions":"i0",
			"paramValues":"@parameter0: int",
			"relatedValues":"@parameter0: int; ; ",
			"keyAPISameClassNum":0,
			"keyAPIDiffClassNum":0,
			"keyAPISameClass":[
				{
					"trace":[
						"<android.pim.EventRecurrence: java.lang.String day2String(int)>"
					],
					"depth":0,
					"method":"<android.pim.EventRecurrence: java.lang.String day2String(int)>",
					"source":"CALLER"
				}
			],
			"keyAPIDiffClass":[],
			"callerOfSingnlar2SourceVar":{
				"<android.pim.EventRecurrence: java.lang.String day2String(int)>":"0"
			}
		},
		{
			"method":"<android.pim.EventRecurrence: int day2TimeDay(int)>",
			"message":"\\Qbad day of week: \\E[\\s\\S]*",
			"relatedVarType":"Parameter",
			"relatedCondType":"Basic",
			"modifier":"public",
			"type":"java.lang.RuntimeException",
			"osVersionRelated":false,
			"resourceRelated":false,
			"assessRelated":false,
			"hardwareRelated":false,
			"manifestRelated":false,
			"conditions":"i0",
			"paramValues":"@parameter0: int",
			"relatedValues":"@parameter0: int; ; ",
			"keyAPISameClassNum":0,
			"keyAPIDiffClassNum":0,
			"keyAPISameClass":[
				{
					"trace":[
						"<android.pim.EventRecurrence: int day2TimeDay(int)>"
					],
					"depth":0,
					"method":"<android.pim.EventRecurrence: int day2TimeDay(int)>",
					"source":"CALLER"
				}
			],
			"keyAPIDiffClass":[],
			"callerOfSingnlar2SourceVar":{
				"<android.pim.EventRecurrence: int day2TimeDay(int)>":"0"
			}
		},
		{
			"method":"<android.pim.EventRecurrence: int timeDay2Day(int)>",
			"message":"\\Qbad day of week: \\E[\\s\\S]*",
			"relatedVarType":"Parameter",
			"relatedCondType":"Basic",
			"modifier":"public",
			"type":"java.lang.RuntimeException",
			"osVersionRelated":false,
			"resourceRelated":false,
			"assessRelated":false,
			"hardwareRelated":false,
			"manifestRelated":false,
			"conditions":"i0",
			"paramValues":"@parameter0: int",
			"relatedValues":"@parameter0: int; ; ",
			"keyAPISameClassNum":0,
			"keyAPIDiffClassNum":0,
			"keyAPISameClass":[
				{
					"trace":[
						"<android.pim.EventRecurrence: int timeDay2Day(int)>"
					],
					"depth":0,
					"method":"<android.pim.EventRecurrence: int timeDay2Day(int)>",
					"source":"CALLER"
				}
			],
			"keyAPIDiffClass":[],
			"callerOfSingnlar2SourceVar":{
				"<android.pim.EventRecurrence: int timeDay2Day(int)>":"0"
			}
		}
	]
}