{
	"exceptions":[
		{
			"method":"<android.opengl.GLSurfaceView$DefaultContextFactory: void destroyContext(javax.microedition.khronos.egl.EGL10,javax.microedition.khronos.egl.EGLDisplay,javax.microedition.khronos.egl.EGLContext)>",
			"message":"\\QeglDestroyContext failed: \\E[\\s\\S]*",
			"relatedVarType":"Parameter",
			"relatedCondType":"Basic",
			"modifier":"public",
			"type":"java.lang.RuntimeException",
			"osVersionRelated":false,
			"resourceRelated":false,
			"assessRelated":false,
			"hardwareRelated":true,
			"manifestRelated":false,
			"conditions":"$z0 != 0",
			"paramValues":"@parameter1: javax.microedition.khronos.egl.EGLDisplay, @parameter2: javax.microedition.khronos.egl.EGLContext, @parameter0: javax.microedition.khronos.egl.EGL10",
			"relatedValues":"@parameter1: javax.microedition.khronos.egl.EGLDisplay, @parameter2: javax.microedition.khronos.egl.EGLContext, @parameter0: javax.microedition.khronos.egl.EGL10; ; ",
			"keyAPISameClassNum":0,
			"keyAPIDiffClassNum":0,
			"keyAPISameClass":[
				{
					"trace":[
						"<android.opengl.GLSurfaceView$DefaultContextFactory: void destroyContext(javax.microedition.khronos.egl.EGL10,javax.microedition.khronos.egl.EGLDisplay,javax.microedition.khronos.egl.EGLContext)>"
					],
					"depth":0,
					"method":"<android.opengl.GLSurfaceView$DefaultContextFactory: void destroyContext(javax.microedition.khronos.egl.EGL10,javax.microedition.khronos.egl.EGLDisplay,javax.microedition.khronos.egl.EGLContext)>",
					"source":"CALLER"
				}
			],
			"keyAPIDiffClass":[],
			"callerOfSingnlar2SourceVar":{
				"<android.opengl.GLSurfaceView$DefaultContextFactory: void destroyContext(javax.microedition.khronos.egl.EGL10,javax.microedition.khronos.egl.EGLDisplay,javax.microedition.khronos.egl.EGLContext)>":"1, 2, 0"
			}
		}
	]
}