{
	"exceptions":[
		{
			"method":"<android.provider.Settings$Bookmarks: java.lang.CharSequence getTitle(android.content.Context,android.database.Cursor)>",
			"message":"\\QThe cursor must contain the TITLE and INTENT columns.\\E",
			"relatedVarType":"Parameter",
			"relatedCondType":"Basic",
			"modifier":"public",
			"type":"java.lang.IllegalArgumentException",
			"osVersionRelated":false,
			"resourceRelated":false,
			"assessRelated":false,
			"hardwareRelated":false,
			"manifestRelated":false,
			"conditions":"i0 == -1, i1 != -1",
			"paramValues":"@parameter1: android.database.Cursor",
			"relatedValues":"@parameter1: android.database.Cursor; ; ",
			"keyAPISameClassNum":0,
			"keyAPIDiffClassNum":0,
			"keyAPISameClass":[
				{
					"trace":[
						"<android.provider.Settings$Bookmarks: java.lang.CharSequence getTitle(android.content.Context,android.database.Cursor)>"
					],
					"depth":0,
					"method":"<android.provider.Settings$Bookmarks: java.lang.CharSequence getTitle(android.content.Context,android.database.Cursor)>",
					"source":"CALLER"
				}
			],
			"keyAPIDiffClass":[],
			"callerOfSingnlar2SourceVar":{
				"<android.provider.Settings$Bookmarks: java.lang.CharSequence getTitle(android.content.Context,android.database.Cursor)>":"1"
			}
		}
	]
}