{
	"exceptions":[
		{
			"method":"<android.widget.RemoteViews: void <init>(android.os.Parcel)>",
			"message":"\\QTag \\E[\\s\\S]*\\Q not found\\E",
			"relatedVarType":"Parameter",
			"relatedCondType":"Basic",
			"modifier":"public",
			"type":"android.widget.RemoteViews$ActionException",
			"osVersionRelated":false,
			"resourceRelated":false,
			"assessRelated":false,
			"hardwareRelated":false,
			"manifestRelated":false,
			"conditions":"i2, i3 >= i1, i1 <= 0",
			"paramValues":"@parameter0: android.os.Parcel",
			"relatedValues":"@parameter0: android.os.Parcel; ; ",
			"keyAPISameClassNum":0,
			"keyAPIDiffClassNum":0,
			"keyAPISameClass":[
				{
					"trace":[
						"<android.widget.RemoteViews: void <init>(android.os.Parcel)>"
					],
					"depth":0,
					"method":"<android.widget.RemoteViews: void <init>(android.os.Parcel)>",
					"source":"CALLER"
				}
			],
			"keyAPIDiffClass":[
				{
					"trace":[
						"<android.widget.RemoteViews$1: android.widget.RemoteViews createFromParcel(android.os.Parcel)>",
						"<android.widget.RemoteViews: void <init>(android.os.Parcel)>"
					],
					"depth":1,
					"method":"<android.widget.RemoteViews$1: android.widget.RemoteViews createFromParcel(android.os.Parcel)>",
					"source":"CALLER"
				},
				{
					"trace":[
						"<android.os.Parcelable$Creator: java.lang.Object createFromParcel(android.os.Parcel)>",
						"<android.widget.RemoteViews: void <init>(android.os.Parcel)>"
					],
					"depth":1,
					"method":"<android.os.Parcelable$Creator: java.lang.Object createFromParcel(android.os.Parcel)>",
					"source":"CALLER"
				},
				{
					"trace":[
						"<android.widget.RemoteViews$1: java.lang.Object createFromParcel(android.os.Parcel)>",
						"<android.widget.RemoteViews$1: android.widget.RemoteViews createFromParcel(android.os.Parcel)>",
						"<android.widget.RemoteViews: void <init>(android.os.Parcel)>"
					],
					"depth":2,
					"method":"<android.widget.RemoteViews$1: java.lang.Object createFromParcel(android.os.Parcel)>",
					"source":"CALLER"
				}
			],
			"callerOfSingnlar2SourceVar":{
				"<android.widget.RemoteViews$1: android.widget.RemoteViews createFromParcel(android.os.Parcel)>":"0",
				"<android.widget.RemoteViews: void <init>(android.os.Parcel)>":"0",
				"<android.widget.RemoteViews$1: java.lang.Object createFromParcel(android.os.Parcel)>":"0"
			}
		}
	]
}