{
	"exceptions":[
		{
			"method":"<android.accounts.AbstractAccountAuthenticator: void checkBinderPermission()>",
			"message":"\\Qcaller uid \\E[\\s\\S]*\\Q lacks android.permission.ACCOUNT_MANAGER\\E",
			"relatedVarType":"Field",
			"relatedCondType":"Basic",
			"modifier":"private",
			"type":"java.lang.SecurityException",
			"osVersionRelated":false,
			"resourceRelated":false,
			"assessRelated":false,
			"hardwareRelated":false,
			"manifestRelated":true,
			"conditions":"$i1 == 0",
			"fieldValues":"<android.accounts.AbstractAccountAuthenticator: android.content.Context mContext>",
			"relatedValues":"; <android.accounts.AbstractAccountAuthenticator: android.content.Context mContext>; ",
			"keyAPISameClassNum":1,
			"keyAPIDiffClassNum":28,
			"keyAPISameClass":[
				{
					"trace":[
						"<android.accounts.AbstractAccountAuthenticator: void checkBinderPermission()>"
					],
					"depth":1,
					"method":"<android.accounts.AbstractAccountAuthenticator: void <init>(android.content.Context)>",
					"source":"FIELD"
				}
			],
			"keyAPIDiffClass":[
				{
					"trace":[
						"<android.accounts.AbstractAccountAuthenticator$Transport: void addAccount(android.accounts.IAccountAuthenticatorResponse,java.lang.String,java.lang.String,java.lang.String[],android.os.Bundle)>",
						"<android.accounts.AbstractAccountAuthenticator: void access$000(android.accounts.AbstractAccountAuthenticator)>",
						"<android.accounts.AbstractAccountAuthenticator: void checkBinderPermission()>",
						"key field: <android.accounts.AbstractAccountAuthenticator: android.content.Context mContext>",
						"<android.accounts.AbstractAccountAuthenticator: void checkBinderPermission()>"
					],
					"depth":3,
					"method":"<android.accounts.AbstractAccountAuthenticator$Transport: void addAccount(android.accounts.IAccountAuthenticatorResponse,java.lang.String,java.lang.String,java.lang.String[],android.os.Bundle)>",
					"source":"FIELDCALLER"
				},
				{
					"trace":[
						"<android.accounts.AbstractAccountAuthenticator$Transport: void getAccountRemovalAllowed(android.accounts.IAccountAuthenticatorResponse,android.accounts.Account)>",
						"<android.accounts.AbstractAccountAuthenticator: void access$000(android.accounts.AbstractAccountAuthenticator)>",
						"<android.accounts.AbstractAccountAuthenticator: void checkBinderPermission()>",
						"key field: <android.accounts.AbstractAccountAuthenticator: android.content.Context mContext>",
						"<android.accounts.AbstractAccountAuthenticator: void checkBinderPermission()>"
					],
					"depth":3,
					"method":"<android.accounts.AbstractAccountAuthenticator$Transport: void getAccountRemovalAllowed(android.accounts.IAccountAuthenticatorResponse,android.accounts.Account)>",
					"source":"FIELDCALLER"
				},
				{
					"trace":[
						"<android.accounts.AbstractAccountAuthenticator$Transport: void hasFeatures(android.accounts.IAccountAuthenticatorResponse,android.accounts.Account,java.lang.String[])>",
						"<android.accounts.AbstractAccountAuthenticator: void access$000(android.accounts.AbstractAccountAuthenticator)>",
						"<android.accounts.AbstractAccountAuthenticator: void checkBinderPermission()>",
						"key field: <android.accounts.AbstractAccountAuthenticator: android.content.Context mContext>",
						"<android.accounts.AbstractAccountAuthenticator: void checkBinderPermission()>"
					],
					"depth":3,
					"method":"<android.accounts.AbstractAccountAuthenticator$Transport: void hasFeatures(android.accounts.IAccountAuthenticatorResponse,android.accounts.Account,java.lang.String[])>",
					"source":"FIELDCALLER"
				},
				{
					"trace":[
						"<android.accounts.IAccountAuthenticator$Stub: boolean onTransact(int,android.os.Parcel,android.os.Parcel,int)>",
						"<android.accounts.AbstractAccountAuthenticator$Transport: void addAccount(android.accounts.IAccountAuthenticatorResponse,java.lang.String,java.lang.String,java.lang.String[],android.os.Bundle)>",
						"<android.accounts.AbstractAccountAuthenticator: void access$000(android.accounts.AbstractAccountAuthenticator)>",
						"<android.accounts.AbstractAccountAuthenticator: void checkBinderPermission()>",
						"key field: <android.accounts.AbstractAccountAuthenticator: android.content.Context mContext>",
						"<android.accounts.AbstractAccountAuthenticator: void checkBinderPermission()>"
					],
					"depth":4,
					"method":"<android.accounts.IAccountAuthenticator$Stub: boolean onTransact(int,android.os.Parcel,android.os.Parcel,int)>",
					"source":"FIELDCALLER"
				},
				{
					"trace":[
						"<android.accounts.AccountManagerService$2: void run()>",
						"<android.accounts.AbstractAccountAuthenticator$Transport: void addAccount(android.accounts.IAccountAuthenticatorResponse,java.lang.String,java.lang.String,java.lang.String[],android.os.Bundle)>",
						"<android.accounts.AbstractAccountAuthenticator: void access$000(android.accounts.AbstractAccountAuthenticator)>",
						"<android.accounts.AbstractAccountAuthenticator: void checkBinderPermission()>",
						"key field: <android.accounts.AbstractAccountAuthenticator: android.content.Context mContext>",
						"<android.accounts.AbstractAccountAuthenticator: void checkBinderPermission()>"
					],
					"depth":4,
					"method":"<android.accounts.AccountManagerService$2: void run()>",
					"source":"FIELDCALLER"
				},
				{
					"trace":[
						"<android.accounts.AccountManagerService$Session: void run()>",
						"<android.accounts.AbstractAccountAuthenticator$Transport: void addAccount(android.accounts.IAccountAuthenticatorResponse,java.lang.String,java.lang.String,java.lang.String[],android.os.Bundle)>",
						"<android.accounts.AbstractAccountAuthenticator: void access$000(android.accounts.AbstractAccountAuthenticator)>",
						"<android.accounts.AbstractAccountAuthenticator: void checkBinderPermission()>",
						"key field: <android.accounts.AbstractAccountAuthenticator: android.content.Context mContext>",
						"<android.accounts.AbstractAccountAuthenticator: void checkBinderPermission()>"
					],
					"depth":4,
					"method":"<android.accounts.AccountManagerService$Session: void run()>",
					"source":"FIELDCALLER"
				},
				{
					"trace":[
						"<android.accounts.AccountManagerService$RemoveAccountSession: void run()>",
						"<android.accounts.AbstractAccountAuthenticator$Transport: void getAccountRemovalAllowed(android.accounts.IAccountAuthenticatorResponse,android.accounts.Account)>",
						"<android.accounts.AbstractAccountAuthenticator: void access$000(android.accounts.AbstractAccountAuthenticator)>",
						"<android.accounts.AbstractAccountAuthenticator: void checkBinderPermission()>",
						"key field: <android.accounts.AbstractAccountAuthenticator: android.content.Context mContext>",
						"<android.accounts.AbstractAccountAuthenticator: void checkBinderPermission()>"
					],
					"depth":4,
					"method":"<android.accounts.AccountManagerService$RemoveAccountSession: void run()>",
					"source":"FIELDCALLER"
				},
				{
					"trace":[
						"<android.accounts.AccountManagerService$GetAccountsByTypeAndFeatureSession: void checkAccount()>",
						"<android.accounts.AbstractAccountAuthenticator$Transport: void hasFeatures(android.accounts.IAccountAuthenticatorResponse,android.accounts.Account,java.lang.String[])>",
						"<android.accounts.AbstractAccountAuthenticator: void access$000(android.accounts.AbstractAccountAuthenticator)>",
						"<android.accounts.AbstractAccountAuthenticator: void checkBinderPermission()>",
						"key field: <android.accounts.AbstractAccountAuthenticator: android.content.Context mContext>",
						"<android.accounts.AbstractAccountAuthenticator: void checkBinderPermission()>"
					],
					"depth":4,
					"method":"<android.accounts.AccountManagerService$GetAccountsByTypeAndFeatureSession: void checkAccount()>",
					"source":"FIELDCALLER"
				},
				{
					"trace":[
						"<android.accounts.AccountManagerService$TestFeaturesSession: void run()>",
						"<android.accounts.AbstractAccountAuthenticator$Transport: void hasFeatures(android.accounts.IAccountAuthenticatorResponse,android.accounts.Account,java.lang.String[])>",
						"<android.accounts.AbstractAccountAuthenticator: void access$000(android.accounts.AbstractAccountAuthenticator)>",
						"<android.accounts.AbstractAccountAuthenticator: void checkBinderPermission()>",
						"key field: <android.accounts.AbstractAccountAuthenticator: android.content.Context mContext>",
						"<android.accounts.AbstractAccountAuthenticator: void checkBinderPermission()>"
					],
					"depth":4,
					"method":"<android.accounts.AccountManagerService$TestFeaturesSession: void run()>",
					"source":"FIELDCALLER"
				},
				{
					"trace":[
						"<android.accounts.AccountManagerService$Session: void onServiceConnected(android.content.ComponentName,android.os.IBinder)>",
						"<android.accounts.AccountManagerService$2: void run()>",
						"<android.accounts.AbstractAccountAuthenticator$Transport: void addAccount(android.accounts.IAccountAuthenticatorResponse,java.lang.String,java.lang.String,java.lang.String[],android.os.Bundle)>",
						"<android.accounts.AbstractAccountAuthenticator: void access$000(android.accounts.AbstractAccountAuthenticator)>",
						"<android.accounts.AbstractAccountAuthenticator: void checkBinderPermission()>",
						"key field: <android.accounts.AbstractAccountAuthenticator: android.content.Context mContext>",
						"<android.accounts.AbstractAccountAuthenticator: void checkBinderPermission()>"
					],
					"depth":5,
					"method":"<android.accounts.AccountManagerService$Session: void onServiceConnected(android.content.ComponentName,android.os.IBinder)>",
					"source":"FIELDCALLER"
				},
				{
					"trace":[
						"<android.content.ServiceConnection: void onServiceConnected(android.content.ComponentName,android.os.IBinder)>",
						"<android.accounts.AccountManagerService$2: void run()>",
						"<android.accounts.AbstractAccountAuthenticator$Transport: void addAccount(android.accounts.IAccountAuthenticatorResponse,java.lang.String,java.lang.String,java.lang.String[],android.os.Bundle)>",
						"<android.accounts.AbstractAccountAuthenticator: void access$000(android.accounts.AbstractAccountAuthenticator)>",
						"<android.accounts.AbstractAccountAuthenticator: void checkBinderPermission()>",
						"key field: <android.accounts.AbstractAccountAuthenticator: android.content.Context mContext>",
						"<android.accounts.AbstractAccountAuthenticator: void checkBinderPermission()>"
					],
					"depth":5,
					"method":"<android.content.ServiceConnection: void onServiceConnected(android.content.ComponentName,android.os.IBinder)>",
					"source":"FIELDCALLER"
				},
				{
					"trace":[
						"<android.accounts.AccountManagerService$GetAccountsByTypeAndFeatureSession: void onResult(android.os.Bundle)>",
						"<android.accounts.AccountManagerService$GetAccountsByTypeAndFeatureSession: void checkAccount()>",
						"<android.accounts.AbstractAccountAuthenticator$Transport: void hasFeatures(android.accounts.IAccountAuthenticatorResponse,android.accounts.Account,java.lang.String[])>",
						"<android.accounts.AbstractAccountAuthenticator: void access$000(android.accounts.AbstractAccountAuthenticator)>",
						"<android.accounts.AbstractAccountAuthenticator: void checkBinderPermission()>",
						"key field: <android.accounts.AbstractAccountAuthenticator: android.content.Context mContext>",
						"<android.accounts.AbstractAccountAuthenticator: void checkBinderPermission()>"
					],
					"depth":5,
					"method":"<android.accounts.AccountManagerService$GetAccountsByTypeAndFeatureSession: void onResult(android.os.Bundle)>",
					"source":"FIELDCALLER"
				},
				{
					"trace":[
						"<android.accounts.AccountManagerService$GetAccountsByTypeAndFeatureSession: void run()>",
						"<android.accounts.AccountManagerService$GetAccountsByTypeAndFeatureSession: void checkAccount()>",
						"<android.accounts.AbstractAccountAuthenticator$Transport: void hasFeatures(android.accounts.IAccountAuthenticatorResponse,android.accounts.Account,java.lang.String[])>",
						"<android.accounts.AbstractAccountAuthenticator: void access$000(android.accounts.AbstractAccountAuthenticator)>",
						"<android.accounts.AbstractAccountAuthenticator: void checkBinderPermission()>",
						"key field: <android.accounts.AbstractAccountAuthenticator: android.content.Context mContext>",
						"<android.accounts.AbstractAccountAuthenticator: void checkBinderPermission()>"
					],
					"depth":5,
					"method":"<android.accounts.AccountManagerService$GetAccountsByTypeAndFeatureSession: void run()>",
					"source":"FIELDCALLER"
				},
				{
					"trace":[
						"<android.accounts.IAccountAuthenticatorResponse$Stub: boolean onTransact(int,android.os.Parcel,android.os.Parcel,int)>",
						"<android.accounts.AccountManagerService$GetAccountsByTypeAndFeatureSession: void onResult(android.os.Bundle)>",
						"<android.accounts.AccountManagerService$GetAccountsByTypeAndFeatureSession: void checkAccount()>",
						"<android.accounts.AbstractAccountAuthenticator$Transport: void hasFeatures(android.accounts.IAccountAuthenticatorResponse,android.accounts.Account,java.lang.String[])>",
						"<android.accounts.AbstractAccountAuthenticator: void access$000(android.accounts.AbstractAccountAuthenticator)>",
						"<android.accounts.AbstractAccountAuthenticator: void checkBinderPermission()>",
						"key field: <android.accounts.AbstractAccountAuthenticator: android.content.Context mContext>",
						"<android.accounts.AbstractAccountAuthenticator: void checkBinderPermission()>"
					],
					"depth":6,
					"method":"<android.accounts.IAccountAuthenticatorResponse$Stub: boolean onTransact(int,android.os.Parcel,android.os.Parcel,int)>",
					"source":"FIELDCALLER"
				},
				{
					"trace":[
						"<android.accounts.AccountAuthenticatorResponse: void onResult(android.os.Bundle)>",
						"<android.accounts.AccountManagerService$GetAccountsByTypeAndFeatureSession: void onResult(android.os.Bundle)>",
						"<android.accounts.AccountManagerService$GetAccountsByTypeAndFeatureSession: void checkAccount()>",
						"<android.accounts.AbstractAccountAuthenticator$Transport: void hasFeatures(android.accounts.IAccountAuthenticatorResponse,android.accounts.Account,java.lang.String[])>",
						"<android.accounts.AbstractAccountAuthenticator: void access$000(android.accounts.AbstractAccountAuthenticator)>",
						"<android.accounts.AbstractAccountAuthenticator: void checkBinderPermission()>",
						"key field: <android.accounts.AbstractAccountAuthenticator: android.content.Context mContext>",
						"<android.accounts.AbstractAccountAuthenticator: void checkBinderPermission()>"
					],
					"depth":6,
					"method":"<android.accounts.AccountAuthenticatorResponse: void onResult(android.os.Bundle)>",
					"source":"FIELDCALLER"
				},
				{
					"trace":[
						"<android.accounts.AbstractAccountAuthenticator$Transport: void editProperties(android.accounts.IAccountAuthenticatorResponse,java.lang.String)>",
						"<android.accounts.AccountManagerService$GetAccountsByTypeAndFeatureSession: void onResult(android.os.Bundle)>",
						"<android.accounts.AccountManagerService$GetAccountsByTypeAndFeatureSession: void checkAccount()>",
						"<android.accounts.AbstractAccountAuthenticator$Transport: void hasFeatures(android.accounts.IAccountAuthenticatorResponse,android.accounts.Account,java.lang.String[])>",
						"<android.accounts.AbstractAccountAuthenticator: void access$000(android.accounts.AbstractAccountAuthenticator)>",
						"<android.accounts.AbstractAccountAuthenticator: void checkBinderPermission()>",
						"key field: <android.accounts.AbstractAccountAuthenticator: android.content.Context mContext>",
						"<android.accounts.AbstractAccountAuthenticator: void checkBinderPermission()>"
					],
					"depth":6,
					"method":"<android.accounts.AbstractAccountAuthenticator$Transport: void editProperties(android.accounts.IAccountAuthenticatorResponse,java.lang.String)>",
					"source":"FIELDCALLER"
				},
				{
					"trace":[
						"<android.accounts.AbstractAccountAuthenticator$Transport: void updateCredentials(android.accounts.IAccountAuthenticatorResponse,android.accounts.Account,java.lang.String,android.os.Bundle)>",
						"<android.accounts.AccountManagerService$GetAccountsByTypeAndFeatureSession: void onResult(android.os.Bundle)>",
						"<android.accounts.AccountManagerService$GetAccountsByTypeAndFeatureSession: void checkAccount()>",
						"<android.accounts.AbstractAccountAuthenticator$Transport: void hasFeatures(android.accounts.IAccountAuthenticatorResponse,android.accounts.Account,java.lang.String[])>",
						"<android.accounts.AbstractAccountAuthenticator: void access$000(android.accounts.AbstractAccountAuthenticator)>",
						"<android.accounts.AbstractAccountAuthenticator: void checkBinderPermission()>",
						"key field: <android.accounts.AbstractAccountAuthenticator: android.content.Context mContext>",
						"<android.accounts.AbstractAccountAuthenticator: void checkBinderPermission()>"
					],
					"depth":6,
					"method":"<android.accounts.AbstractAccountAuthenticator$Transport: void updateCredentials(android.accounts.IAccountAuthenticatorResponse,android.accounts.Account,java.lang.String,android.os.Bundle)>",
					"source":"FIELDCALLER"
				},
				{
					"trace":[
						"<android.accounts.AbstractAccountAuthenticator$Transport: void getAuthTokenLabel(android.accounts.IAccountAuthenticatorResponse,java.lang.String)>",
						"<android.accounts.AccountManagerService$GetAccountsByTypeAndFeatureSession: void onResult(android.os.Bundle)>",
						"<android.accounts.AccountManagerService$GetAccountsByTypeAndFeatureSession: void checkAccount()>",
						"<android.accounts.AbstractAccountAuthenticator$Transport: void hasFeatures(android.accounts.IAccountAuthenticatorResponse,android.accounts.Account,java.lang.String[])>",
						"<android.accounts.AbstractAccountAuthenticator: void access$000(android.accounts.AbstractAccountAuthenticator)>",
						"<android.accounts.AbstractAccountAuthenticator: void checkBinderPermission()>",
						"key field: <android.accounts.AbstractAccountAuthenticator: android.content.Context mContext>",
						"<android.accounts.AbstractAccountAuthenticator: void checkBinderPermission()>"
					],
					"depth":6,
					"method":"<android.accounts.AbstractAccountAuthenticator$Transport: void getAuthTokenLabel(android.accounts.IAccountAuthenticatorResponse,java.lang.String)>",
					"source":"FIELDCALLER"
				},
				{
					"trace":[
						"<android.accounts.AbstractAccountAuthenticator$Transport: void getAuthToken(android.accounts.IAccountAuthenticatorResponse,android.accounts.Account,java.lang.String,android.os.Bundle)>",
						"<android.accounts.AccountManagerService$GetAccountsByTypeAndFeatureSession: void onResult(android.os.Bundle)>",
						"<android.accounts.AccountManagerService$GetAccountsByTypeAndFeatureSession: void checkAccount()>",
						"<android.accounts.AbstractAccountAuthenticator$Transport: void hasFeatures(android.accounts.IAccountAuthenticatorResponse,android.accounts.Account,java.lang.String[])>",
						"<android.accounts.AbstractAccountAuthenticator: void access$000(android.accounts.AbstractAccountAuthenticator)>",
						"<android.accounts.AbstractAccountAuthenticator: void checkBinderPermission()>",
						"key field: <android.accounts.AbstractAccountAuthenticator: android.content.Context mContext>",
						"<android.accounts.AbstractAccountAuthenticator: void checkBinderPermission()>"
					],
					"depth":6,
					"method":"<android.accounts.AbstractAccountAuthenticator$Transport: void getAuthToken(android.accounts.IAccountAuthenticatorResponse,android.accounts.Account,java.lang.String,android.os.Bundle)>",
					"source":"FIELDCALLER"
				},
				{
					"trace":[
						"<android.accounts.AbstractAccountAuthenticator$Transport: void confirmCredentials(android.accounts.IAccountAuthenticatorResponse,android.accounts.Account,android.os.Bundle)>",
						"<android.accounts.AccountManagerService$GetAccountsByTypeAndFeatureSession: void onResult(android.os.Bundle)>",
						"<android.accounts.AccountManagerService$GetAccountsByTypeAndFeatureSession: void checkAccount()>",
						"<android.accounts.AbstractAccountAuthenticator$Transport: void hasFeatures(android.accounts.IAccountAuthenticatorResponse,android.accounts.Account,java.lang.String[])>",
						"<android.accounts.AbstractAccountAuthenticator: void access$000(android.accounts.AbstractAccountAuthenticator)>",
						"<android.accounts.AbstractAccountAuthenticator: void checkBinderPermission()>",
						"key field: <android.accounts.AbstractAccountAuthenticator: android.content.Context mContext>",
						"<android.accounts.AbstractAccountAuthenticator: void checkBinderPermission()>"
					],
					"depth":6,
					"method":"<android.accounts.AbstractAccountAuthenticator$Transport: void confirmCredentials(android.accounts.IAccountAuthenticatorResponse,android.accounts.Account,android.os.Bundle)>",
					"source":"FIELDCALLER"
				},
				{
					"trace":[
						"<android.accounts.AccountAuthenticatorActivity: void finish()>",
						"<android.accounts.AccountAuthenticatorResponse: void onResult(android.os.Bundle)>",
						"<android.accounts.AccountManagerService$GetAccountsByTypeAndFeatureSession: void onResult(android.os.Bundle)>",
						"<android.accounts.AccountManagerService$GetAccountsByTypeAndFeatureSession: void checkAccount()>",
						"<android.accounts.AbstractAccountAuthenticator$Transport: void hasFeatures(android.accounts.IAccountAuthenticatorResponse,android.accounts.Account,java.lang.String[])>",
						"<android.accounts.AbstractAccountAuthenticator: void access$000(android.accounts.AbstractAccountAuthenticator)>",
						"<android.accounts.AbstractAccountAuthenticator: void checkBinderPermission()>",
						"key field: <android.accounts.AbstractAccountAuthenticator: android.content.Context mContext>",
						"<android.accounts.AbstractAccountAuthenticator: void checkBinderPermission()>"
					],
					"depth":7,
					"method":"<android.accounts.AccountAuthenticatorActivity: void finish()>",
					"source":"FIELDCALLER"
				},
				{
					"trace":[
						"<android.accounts.GrantCredentialsPermissionActivity: void finish()>",
						"<android.accounts.AccountAuthenticatorResponse: void onResult(android.os.Bundle)>",
						"<android.accounts.AccountManagerService$GetAccountsByTypeAndFeatureSession: void onResult(android.os.Bundle)>",
						"<android.accounts.AccountManagerService$GetAccountsByTypeAndFeatureSession: void checkAccount()>",
						"<android.accounts.AbstractAccountAuthenticator$Transport: void hasFeatures(android.accounts.IAccountAuthenticatorResponse,android.accounts.Account,java.lang.String[])>",
						"<android.accounts.AbstractAccountAuthenticator: void access$000(android.accounts.AbstractAccountAuthenticator)>",
						"<android.accounts.AbstractAccountAuthenticator: void checkBinderPermission()>",
						"key field: <android.accounts.AbstractAccountAuthenticator: android.content.Context mContext>",
						"<android.accounts.AbstractAccountAuthenticator: void checkBinderPermission()>"
					],
					"depth":7,
					"method":"<android.accounts.GrantCredentialsPermissionActivity: void finish()>",
					"source":"FIELDCALLER"
				},
				{
					"trace":[
						"<android.accounts.AccountManagerService$5: void run()>",
						"<android.accounts.AbstractAccountAuthenticator$Transport: void editProperties(android.accounts.IAccountAuthenticatorResponse,java.lang.String)>",
						"<android.accounts.AccountManagerService$GetAccountsByTypeAndFeatureSession: void onResult(android.os.Bundle)>",
						"<android.accounts.AccountManagerService$GetAccountsByTypeAndFeatureSession: void checkAccount()>",
						"<android.accounts.AbstractAccountAuthenticator$Transport: void hasFeatures(android.accounts.IAccountAuthenticatorResponse,android.accounts.Account,java.lang.String[])>",
						"<android.accounts.AbstractAccountAuthenticator: void access$000(android.accounts.AbstractAccountAuthenticator)>",
						"<android.accounts.AbstractAccountAuthenticator: void checkBinderPermission()>",
						"key field: <android.accounts.AbstractAccountAuthenticator: android.content.Context mContext>",
						"<android.accounts.AbstractAccountAuthenticator: void checkBinderPermission()>"
					],
					"depth":7,
					"method":"<android.accounts.AccountManagerService$5: void run()>",
					"source":"FIELDCALLER"
				},
				{
					"trace":[
						"<android.accounts.AccountManagerService$4: void run()>",
						"<android.accounts.AbstractAccountAuthenticator$Transport: void updateCredentials(android.accounts.IAccountAuthenticatorResponse,android.accounts.Account,java.lang.String,android.os.Bundle)>",
						"<android.accounts.AccountManagerService$GetAccountsByTypeAndFeatureSession: void onResult(android.os.Bundle)>",
						"<android.accounts.AccountManagerService$GetAccountsByTypeAndFeatureSession: void checkAccount()>",
						"<android.accounts.AbstractAccountAuthenticator$Transport: void hasFeatures(android.accounts.IAccountAuthenticatorResponse,android.accounts.Account,java.lang.String[])>",
						"<android.accounts.AbstractAccountAuthenticator: void access$000(android.accounts.AbstractAccountAuthenticator)>",
						"<android.accounts.AbstractAccountAuthenticator: void checkBinderPermission()>",
						"key field: <android.accounts.AbstractAccountAuthenticator: android.content.Context mContext>",
						"<android.accounts.AbstractAccountAuthenticator: void checkBinderPermission()>"
					],
					"depth":7,
					"method":"<android.accounts.AccountManagerService$4: void run()>",
					"source":"FIELDCALLER"
				},
				{
					"trace":[
						"<android.accounts.AccountManagerService$1: void run()>",
						"<android.accounts.AbstractAccountAuthenticator$Transport: void getAuthTokenLabel(android.accounts.IAccountAuthenticatorResponse,java.lang.String)>",
						"<android.accounts.AccountManagerService$GetAccountsByTypeAndFeatureSession: void onResult(android.os.Bundle)>",
						"<android.accounts.AccountManagerService$GetAccountsByTypeAndFeatureSession: void checkAccount()>",
						"<android.accounts.AbstractAccountAuthenticator$Transport: void hasFeatures(android.accounts.IAccountAuthenticatorResponse,android.accounts.Account,java.lang.String[])>",
						"<android.accounts.AbstractAccountAuthenticator: void access$000(android.accounts.AbstractAccountAuthenticator)>",
						"<android.accounts.AbstractAccountAuthenticator: void checkBinderPermission()>",
						"key field: <android.accounts.AbstractAccountAuthenticator: android.content.Context mContext>",
						"<android.accounts.AbstractAccountAuthenticator: void checkBinderPermission()>"
					],
					"depth":7,
					"method":"<android.accounts.AccountManagerService$1: void run()>",
					"source":"FIELDCALLER"
				},
				{
					"trace":[
						"<android.accounts.AccountManagerService$3: void run()>",
						"<android.accounts.AbstractAccountAuthenticator$Transport: void confirmCredentials(android.accounts.IAccountAuthenticatorResponse,android.accounts.Account,android.os.Bundle)>",
						"<android.accounts.AccountManagerService$GetAccountsByTypeAndFeatureSession: void onResult(android.os.Bundle)>",
						"<android.accounts.AccountManagerService$GetAccountsByTypeAndFeatureSession: void checkAccount()>",
						"<android.accounts.AbstractAccountAuthenticator$Transport: void hasFeatures(android.accounts.IAccountAuthenticatorResponse,android.accounts.Account,java.lang.String[])>",
						"<android.accounts.AbstractAccountAuthenticator: void access$000(android.accounts.AbstractAccountAuthenticator)>",
						"<android.accounts.AbstractAccountAuthenticator: void checkBinderPermission()>",
						"key field: <android.accounts.AbstractAccountAuthenticator: android.content.Context mContext>",
						"<android.accounts.AbstractAccountAuthenticator: void checkBinderPermission()>"
					],
					"depth":7,
					"method":"<android.accounts.AccountManagerService$3: void run()>",
					"source":"FIELDCALLER"
				},
				{
					"trace":[
						"<android.accounts.GrantCredentialsPermissionActivity: void onClick(android.view.View)>",
						"<android.accounts.GrantCredentialsPermissionActivity: void finish()>",
						"<android.accounts.AccountAuthenticatorResponse: void onResult(android.os.Bundle)>",
						"<android.accounts.AccountManagerService$GetAccountsByTypeAndFeatureSession: void onResult(android.os.Bundle)>",
						"<android.accounts.AccountManagerService$GetAccountsByTypeAndFeatureSession: void checkAccount()>",
						"<android.accounts.AbstractAccountAuthenticator$Transport: void hasFeatures(android.accounts.IAccountAuthenticatorResponse,android.accounts.Account,java.lang.String[])>",
						"<android.accounts.AbstractAccountAuthenticator: void access$000(android.accounts.AbstractAccountAuthenticator)>",
						"<android.accounts.AbstractAccountAuthenticator: void checkBinderPermission()>",
						"key field: <android.accounts.AbstractAccountAuthenticator: android.content.Context mContext>",
						"<android.accounts.AbstractAccountAuthenticator: void checkBinderPermission()>"
					],
					"depth":8,
					"method":"<android.accounts.GrantCredentialsPermissionActivity: void onClick(android.view.View)>",
					"source":"FIELDCALLER"
				},
				{
					"trace":[
						"<android.view.View$OnClickListener: void onClick(android.view.View)>",
						"<android.accounts.GrantCredentialsPermissionActivity: void finish()>",
						"<android.accounts.AccountAuthenticatorResponse: void onResult(android.os.Bundle)>",
						"<android.accounts.AccountManagerService$GetAccountsByTypeAndFeatureSession: void onResult(android.os.Bundle)>",
						"<android.accounts.AccountManagerService$GetAccountsByTypeAndFeatureSession: void checkAccount()>",
						"<android.accounts.AbstractAccountAuthenticator$Transport: void hasFeatures(android.accounts.IAccountAuthenticatorResponse,android.accounts.Account,java.lang.String[])>",
						"<android.accounts.AbstractAccountAuthenticator: void access$000(android.accounts.AbstractAccountAuthenticator)>",
						"<android.accounts.AbstractAccountAuthenticator: void checkBinderPermission()>",
						"key field: <android.accounts.AbstractAccountAuthenticator: android.content.Context mContext>",
						"<android.accounts.AbstractAccountAuthenticator: void checkBinderPermission()>"
					],
					"depth":8,
					"method":"<android.view.View$OnClickListener: void onClick(android.view.View)>",
					"source":"FIELDCALLER"
				}
			],
			"callerOfSingnlar2SourceVar":{}
		}
	]
}