{
	"exceptions":[
		{
			"method":"<android.hardware.GeomagneticField: void <init>(float,float,float,long)>",
			"message":"[\\s\\S]*",
			"relatedVarType":"Field",
			"relatedCondType":"Basic",
			"modifier":"public",
			"type":"java.lang.AssertionError",
			"osVersionRelated":false,
			"resourceRelated":false,
			"assessRelated":false,
			"hardwareRelated":true,
			"manifestRelated":false,
			"conditions":"$i18 == $i17, $z0 != 0",
			"fieldValues":"<android.hardware.GeomagneticField: float[][] G_COEFF>, <android.hardware.GeomagneticField: float[][] H_COEFF>, <android.hardware.GeomagneticField: boolean $assertionsDisabled>",
			"relatedValues":"; <android.hardware.GeomagneticField: float[][] G_COEFF>, <android.hardware.GeomagneticField: float[][] H_COEFF>, <android.hardware.GeomagneticField: boolean $assertionsDisabled>; ",
			"keyAPISameClassNum":1,
			"keyAPIDiffClassNum":0,
			"keyAPISameClass":[
				{
					"trace":[
						"<android.hardware.GeomagneticField: void <init>(float,float,float,long)>"
					],
					"depth":1,
					"method":"<android.hardware.GeomagneticField: void <init>(float,float,float,long)>",
					"source":"FIELD"
				}
			],
			"keyAPIDiffClass":[],
			"callerOfSingnlar2SourceVar":{}
		}
	]
}