{
	"exceptions":[
		{
			"method":"<android.widget.ExpandableListConnector$GroupMetadata: int compareTo(android.widget.ExpandableListConnector$GroupMetadata)>",
			"message":"[\\s\\S]*",
			"relatedVarType":"Parameter",
			"relatedCondType":"Basic",
			"modifier":"public",
			"type":"java.lang.IllegalArgumentException",
			"osVersionRelated":false,
			"resourceRelated":false,
			"assessRelated":false,
			"hardwareRelated":false,
			"manifestRelated":false,
			"conditions":"r0 != null",
			"paramValues":"@parameter0: android.widget.ExpandableListConnector$GroupMetadata",
			"relatedValues":"@parameter0: android.widget.ExpandableListConnector$GroupMetadata; ; ",
			"keyAPISameClassNum":0,
			"keyAPIDiffClassNum":0,
			"keyAPISameClass":[
				{
					"trace":[
						"<android.widget.ExpandableListConnector$GroupMetadata: int compareTo(android.widget.ExpandableListConnector$GroupMetadata)>"
					],
					"depth":0,
					"method":"<android.widget.ExpandableListConnector$GroupMetadata: int compareTo(android.widget.ExpandableListConnector$GroupMetadata)>",
					"source":"CALLER"
				},
				{
					"trace":[
						"<android.widget.ExpandableListConnector$GroupMetadata: int compareTo(java.lang.Object)>",
						"<android.widget.ExpandableListConnector$GroupMetadata: int compareTo(android.widget.ExpandableListConnector$GroupMetadata)>"
					],
					"depth":1,
					"method":"<android.widget.ExpandableListConnector$GroupMetadata: int compareTo(java.lang.Object)>",
					"source":"CALLER"
				},
				{
					"trace":[
						"<java.lang.Comparable: int compareTo(java.lang.Object)>",
						"<android.widget.ExpandableListConnector$GroupMetadata: int compareTo(android.widget.ExpandableListConnector$GroupMetadata)>"
					],
					"depth":1,
					"method":"<java.lang.Comparable: int compareTo(java.lang.Object)>",
					"source":"CALLER"
				}
			],
			"keyAPIDiffClass":[],
			"callerOfSingnlar2SourceVar":{
				"<android.widget.ExpandableListConnector$GroupMetadata: int compareTo(android.widget.ExpandableListConnector$GroupMetadata)>":"0"
			}
		}
	]
}