{
	"exceptions":[
		{
			"method":"<android.renderscript.Allocation: android.renderscript.Allocation createBitmapRef(android.renderscript.RenderScript,android.graphics.Bitmap)>",
			"message":"\\QLoad failed.\\E",
			"relatedVarType":"Parameter",
			"relatedCondType":"Basic",
			"modifier":"public",
			"type":"java.lang.IllegalStateException",
			"osVersionRelated":false,
			"resourceRelated":false,
			"assessRelated":false,
			"hardwareRelated":false,
			"manifestRelated":false,
			"conditions":"i1 != 0",
			"paramValues":"@parameter0: android.renderscript.RenderScript, @parameter1: android.graphics.Bitmap",
			"relatedValues":"@parameter0: android.renderscript.RenderScript, @parameter1: android.graphics.Bitmap; ; ",
			"keyAPISameClassNum":0,
			"keyAPIDiffClassNum":0,
			"keyAPISameClass":[
				{
					"trace":[
						"<android.renderscript.Allocation: android.renderscript.Allocation createBitmapRef(android.renderscript.RenderScript,android.graphics.Bitmap)>"
					],
					"depth":0,
					"method":"<android.renderscript.Allocation: android.renderscript.Allocation createBitmapRef(android.renderscript.RenderScript,android.graphics.Bitmap)>",
					"source":"CALLER"
				}
			],
			"keyAPIDiffClass":[],
			"callerOfSingnlar2SourceVar":{
				"<android.renderscript.Allocation: android.renderscript.Allocation createBitmapRef(android.renderscript.RenderScript,android.graphics.Bitmap)>":"0, 1"
			}
		},
		{
			"method":"<android.renderscript.Allocation: android.renderscript.Allocation createFromBitmap(android.renderscript.RenderScript,android.graphics.Bitmap,android.renderscript.Element,boolean)>",
			"message":"\\QLoad failed.\\E",
			"relatedVarType":"Parameter",
			"relatedCondType":"Basic",
			"modifier":"public",
			"type":"java.lang.IllegalStateException",
			"osVersionRelated":false,
			"resourceRelated":false,
			"assessRelated":false,
			"hardwareRelated":false,
			"manifestRelated":false,
			"conditions":"i1 != 0",
			"paramValues":"@parameter2: android.renderscript.Element, @parameter3: boolean, @parameter1: android.graphics.Bitmap, @parameter0: android.renderscript.RenderScript",
			"relatedValues":"@parameter2: android.renderscript.Element, @parameter3: boolean, @parameter1: android.graphics.Bitmap, @parameter0: android.renderscript.RenderScript; ; ",
			"keyAPISameClassNum":0,
			"keyAPIDiffClassNum":0,
			"keyAPISameClass":[
				{
					"trace":[
						"<android.renderscript.Allocation: android.renderscript.Allocation createFromBitmap(android.renderscript.RenderScript,android.graphics.Bitmap,android.renderscript.Element,boolean)>"
					],
					"depth":0,
					"method":"<android.renderscript.Allocation: android.renderscript.Allocation createFromBitmap(android.renderscript.RenderScript,android.graphics.Bitmap,android.renderscript.Element,boolean)>",
					"source":"CALLER"
				}
			],
			"keyAPIDiffClass":[],
			"callerOfSingnlar2SourceVar":{
				"<android.renderscript.Allocation: android.renderscript.Allocation createFromBitmap(android.renderscript.RenderScript,android.graphics.Bitmap,android.renderscript.Element,boolean)>":"2, 3, 1, 0"
			}
		},
		{
			"method":"<android.renderscript.Allocation: android.renderscript.Allocation createFromBitmapBoxed(android.renderscript.RenderScript,android.graphics.Bitmap,android.renderscript.Element,boolean)>",
			"message":"\\QLoad failed.\\E",
			"relatedVarType":"Parameter",
			"relatedCondType":"Basic",
			"modifier":"default",
			"type":"java.lang.IllegalStateException",
			"osVersionRelated":false,
			"resourceRelated":false,
			"assessRelated":false,
			"hardwareRelated":false,
			"manifestRelated":false,
			"conditions":"i1 != 0",
			"paramValues":"@parameter2: android.renderscript.Element, @parameter3: boolean, @parameter1: android.graphics.Bitmap, @parameter0: android.renderscript.RenderScript",
			"relatedValues":"@parameter2: android.renderscript.Element, @parameter3: boolean, @parameter1: android.graphics.Bitmap, @parameter0: android.renderscript.RenderScript; ; ",
			"keyAPISameClassNum":0,
			"keyAPIDiffClassNum":0,
			"keyAPISameClass":[
				{
					"trace":[
						"<android.renderscript.Allocation: android.renderscript.Allocation createFromBitmapBoxed(android.renderscript.RenderScript,android.graphics.Bitmap,android.renderscript.Element,boolean)>"
					],
					"depth":0,
					"method":"<android.renderscript.Allocation: android.renderscript.Allocation createFromBitmapBoxed(android.renderscript.RenderScript,android.graphics.Bitmap,android.renderscript.Element,boolean)>",
					"source":"CALLER"
				},
				{
					"trace":[
						"<android.renderscript.Allocation: android.renderscript.Allocation createFromBitmapResourceBoxed(android.renderscript.RenderScript,android.content.res.Resources,int,android.renderscript.Element,boolean)>",
						"<android.renderscript.Allocation: android.renderscript.Allocation createFromBitmapBoxed(android.renderscript.RenderScript,android.graphics.Bitmap,android.renderscript.Element,boolean)>"
					],
					"depth":1,
					"method":"<android.renderscript.Allocation: android.renderscript.Allocation createFromBitmapResourceBoxed(android.renderscript.RenderScript,android.content.res.Resources,int,android.renderscript.Element,boolean)>",
					"source":"CALLER"
				}
			],
			"keyAPIDiffClass":[],
			"callerOfSingnlar2SourceVar":{
				"<android.renderscript.Allocation: android.renderscript.Allocation createFromBitmapBoxed(android.renderscript.RenderScript,android.graphics.Bitmap,android.renderscript.Element,boolean)>":"2, 3, 1, 0",
				"<android.renderscript.Allocation: android.renderscript.Allocation createFromBitmapResourceBoxed(android.renderscript.RenderScript,android.content.res.Resources,int,android.renderscript.Element,boolean)>":"3, 4, 0"
			}
		},
		{
			"method":"<android.renderscript.Allocation: android.renderscript.Allocation createFromBitmapResource(android.renderscript.RenderScript,android.content.res.Resources,int,android.renderscript.Element,boolean)>",
			"message":"\\QLoad failed.\\E",
			"relatedVarType":"Parameter",
			"relatedCondType":"Basic",
			"modifier":"public",
			"type":"java.lang.IllegalStateException",
			"osVersionRelated":false,
			"resourceRelated":true,
			"assessRelated":true,
			"hardwareRelated":false,
			"manifestRelated":false,
			"conditions":"i3 != 0",
			"paramValues":"@parameter3: android.renderscript.Element, @parameter4: boolean, @parameter2: int, @parameter1: android.content.res.Resources, @parameter0: android.renderscript.RenderScript",
			"relatedValues":"@parameter3: android.renderscript.Element, @parameter4: boolean, @parameter2: int, @parameter1: android.content.res.Resources, @parameter0: android.renderscript.RenderScript; ; ",
			"keyAPISameClassNum":0,
			"keyAPIDiffClassNum":0,
			"keyAPISameClass":[
				{
					"trace":[
						"<android.renderscript.Allocation: android.renderscript.Allocation createFromBitmapResource(android.renderscript.RenderScript,android.content.res.Resources,int,android.renderscript.Element,boolean)>"
					],
					"depth":0,
					"method":"<android.renderscript.Allocation: android.renderscript.Allocation createFromBitmapResource(android.renderscript.RenderScript,android.content.res.Resources,int,android.renderscript.Element,boolean)>",
					"source":"CALLER"
				}
			],
			"keyAPIDiffClass":[],
			"callerOfSingnlar2SourceVar":{
				"<android.renderscript.Allocation: android.renderscript.Allocation createFromBitmapResource(android.renderscript.RenderScript,android.content.res.Resources,int,android.renderscript.Element,boolean)>":"3, 4, 2, 1, 0"
			}
		},
		{
			"method":"<android.renderscript.Allocation: android.renderscript.Allocation createSized(android.renderscript.RenderScript,android.renderscript.Element,int)>",
			"message":"\\QBad element.\\E",
			"relatedVarType":"ParaAndField",
			"relatedCondType":"Basic",
			"modifier":"public",
			"type":"java.lang.IllegalStateException",
			"osVersionRelated":false,
			"resourceRelated":false,
			"assessRelated":false,
			"hardwareRelated":false,
			"manifestRelated":false,
			"conditions":"i2 != 0",
			"paramValues":"@parameter0: android.renderscript.RenderScript, @parameter1: android.renderscript.Element, @parameter2: int",
			"fieldValues":"<android.renderscript.Dimension: android.renderscript.Dimension X>",
			"relatedValues":"@parameter0: android.renderscript.RenderScript, @parameter1: android.renderscript.Element, @parameter2: int; <android.renderscript.Dimension: android.renderscript.Dimension X>; ",
			"keyAPISameClassNum":3,
			"keyAPIDiffClassNum":1,
			"keyAPISameClass":[
				{
					"trace":[
						"<android.renderscript.Allocation: android.renderscript.Allocation createSized(android.renderscript.RenderScript,android.renderscript.Element,int)>"
					],
					"depth":1,
					"method":"<android.renderscript.Allocation: android.renderscript.Allocation createSized(android.renderscript.RenderScript,android.renderscript.Element,int)>",
					"source":"FIELD"
				},
				{
					"trace":[
						"<android.renderscript.Allocation: android.renderscript.Allocation createBitmapRef(android.renderscript.RenderScript,android.graphics.Bitmap)>",
						"<android.renderscript.Allocation: android.renderscript.Type typeFromBitmap(android.renderscript.RenderScript,android.graphics.Bitmap)>",
						"key field: <android.renderscript.Dimension: android.renderscript.Dimension X>",
						"<android.renderscript.Allocation: android.renderscript.Allocation createSized(android.renderscript.RenderScript,android.renderscript.Element,int)>"
					],
					"depth":2,
					"method":"<android.renderscript.Allocation: android.renderscript.Allocation createBitmapRef(android.renderscript.RenderScript,android.graphics.Bitmap)>",
					"source":"FIELDCALLER"
				},
				{
					"trace":[
						"<android.renderscript.Allocation: android.renderscript.Allocation createFromBitmap(android.renderscript.RenderScript,android.graphics.Bitmap,android.renderscript.Element,boolean)>",
						"<android.renderscript.Allocation: android.renderscript.Type typeFromBitmap(android.renderscript.RenderScript,android.graphics.Bitmap)>",
						"key field: <android.renderscript.Dimension: android.renderscript.Dimension X>",
						"<android.renderscript.Allocation: android.renderscript.Allocation createSized(android.renderscript.RenderScript,android.renderscript.Element,int)>"
					],
					"depth":2,
					"method":"<android.renderscript.Allocation: android.renderscript.Allocation createFromBitmap(android.renderscript.RenderScript,android.graphics.Bitmap,android.renderscript.Element,boolean)>",
					"source":"FIELDCALLER"
				}
			],
			"keyAPIDiffClass":[
				{
					"trace":[
						"<android.renderscript.ProgramVertex$MatrixAllocation: void <init>(android.renderscript.RenderScript)>",
						"<android.renderscript.Allocation: android.renderscript.Allocation createSized(android.renderscript.RenderScript,android.renderscript.Element,int)>",
						"key field: <android.renderscript.Dimension: android.renderscript.Dimension X>",
						"<android.renderscript.Allocation: android.renderscript.Allocation createSized(android.renderscript.RenderScript,android.renderscript.Element,int)>"
					],
					"depth":2,
					"method":"<android.renderscript.ProgramVertex$MatrixAllocation: void <init>(android.renderscript.RenderScript)>",
					"source":"FIELDCALLER"
				}
			],
			"callerOfSingnlar2SourceVar":{
				"<android.renderscript.ProgramVertex$MatrixAllocation: void <init>(android.renderscript.RenderScript)>":"0",
				"<android.renderscript.Allocation: android.renderscript.Allocation createSized(android.renderscript.RenderScript,android.renderscript.Element,int)>":"0, 1, 2"
			}
		},
		{
			"method":"<android.renderscript.Allocation: android.renderscript.Allocation createTyped(android.renderscript.RenderScript,android.renderscript.Type)>",
			"message":"\\QBad Type\\E",
			"relatedVarType":"Parameter",
			"relatedCondType":"Basic",
			"modifier":"public",
			"type":"java.lang.IllegalStateException",
			"osVersionRelated":false,
			"resourceRelated":false,
			"assessRelated":false,
			"hardwareRelated":false,
			"manifestRelated":false,
			"conditions":"$i0 != 0",
			"paramValues":"@parameter1: android.renderscript.Type",
			"relatedValues":"@parameter1: android.renderscript.Type; ; ",
			"keyAPISameClassNum":0,
			"keyAPIDiffClassNum":0,
			"keyAPISameClass":[
				{
					"trace":[
						"<android.renderscript.Allocation: android.renderscript.Allocation createTyped(android.renderscript.RenderScript,android.renderscript.Type)>"
					],
					"depth":0,
					"method":"<android.renderscript.Allocation: android.renderscript.Allocation createTyped(android.renderscript.RenderScript,android.renderscript.Type)>",
					"source":"CALLER"
				}
			],
			"keyAPIDiffClass":[],
			"callerOfSingnlar2SourceVar":{
				"<android.renderscript.Allocation: android.renderscript.Allocation createTyped(android.renderscript.RenderScript,android.renderscript.Type)>":"1"
			}
		},
		{
			"method":"<android.renderscript.Allocation: void data1DChecks(int,int,int,int)>",
			"message":"\\QArray too small for allocation type.\\E",
			"relatedVarType":"ParaAndField",
			"relatedCondType":"Basic",
			"modifier":"private",
			"type":"java.lang.IllegalArgumentException",
			"osVersionRelated":false,
			"resourceRelated":false,
			"assessRelated":false,
			"hardwareRelated":false,
			"manifestRelated":false,
			"conditions":"i4 >= i5, $i2 <= $i3, i1 < 1",
			"paramValues":"@parameter2: int, @parameter3: int, @parameter0: int, @parameter1: int",
			"fieldValues":"<android.renderscript.Allocation: android.renderscript.Type mType>",
			"relatedValues":"@parameter2: int, @parameter3: int, @parameter0: int, @parameter1: int; <android.renderscript.Allocation: android.renderscript.Type mType>; ",
			"keyAPISameClassNum":17,
			"keyAPIDiffClassNum":10,
			"keyAPISameClass":[
				{
					"trace":[
						"<android.renderscript.Allocation: void data1DChecks(int,int,int,int)>"
					],
					"depth":1,
					"method":"<android.renderscript.Allocation: void data(java.lang.Object)>",
					"source":"FIELD"
				},
				{
					"trace":[
						"<android.renderscript.Allocation: void data1DChecks(int,int,int,int)>"
					],
					"depth":1,
					"method":"<android.renderscript.Allocation: void read(java.lang.Object)>",
					"source":"FIELD"
				},
				{
					"trace":[
						"<android.renderscript.Allocation: void data1DChecks(int,int,int,int)>"
					],
					"depth":1,
					"method":"<android.renderscript.Allocation: void subData(int,java.lang.Object)>",
					"source":"FIELD"
				},
				{
					"trace":[
						"<android.renderscript.Allocation: android.renderscript.Allocation createBitmapRef(android.renderscript.RenderScript,android.graphics.Bitmap)>",
						"<android.renderscript.Allocation: void <init>(int,android.renderscript.RenderScript,android.renderscript.Type)>",
						"key field: <android.renderscript.Allocation: android.renderscript.Type mType>",
						"<android.renderscript.Allocation: void data1DChecks(int,int,int,int)>"
					],
					"depth":2,
					"method":"<android.renderscript.Allocation: android.renderscript.Allocation createBitmapRef(android.renderscript.RenderScript,android.graphics.Bitmap)>",
					"source":"FIELDCALLER"
				},
				{
					"trace":[
						"<android.renderscript.Allocation: android.renderscript.Allocation createTyped(android.renderscript.RenderScript,android.renderscript.Type)>",
						"<android.renderscript.Allocation: void <init>(int,android.renderscript.RenderScript,android.renderscript.Type)>",
						"key field: <android.renderscript.Allocation: android.renderscript.Type mType>",
						"<android.renderscript.Allocation: void data1DChecks(int,int,int,int)>"
					],
					"depth":2,
					"method":"<android.renderscript.Allocation: android.renderscript.Allocation createTyped(android.renderscript.RenderScript,android.renderscript.Type)>",
					"source":"FIELDCALLER"
				},
				{
					"trace":[
						"<android.renderscript.Allocation: android.renderscript.Allocation createSized(android.renderscript.RenderScript,android.renderscript.Element,int)>",
						"<android.renderscript.Allocation: void <init>(int,android.renderscript.RenderScript,android.renderscript.Type)>",
						"key field: <android.renderscript.Allocation: android.renderscript.Type mType>",
						"<android.renderscript.Allocation: void data1DChecks(int,int,int,int)>"
					],
					"depth":2,
					"method":"<android.renderscript.Allocation: android.renderscript.Allocation createSized(android.renderscript.RenderScript,android.renderscript.Element,int)>",
					"source":"FIELDCALLER"
				},
				{
					"trace":[
						"<android.renderscript.Allocation: android.renderscript.Allocation createFromBitmapResource(android.renderscript.RenderScript,android.content.res.Resources,int,android.renderscript.Element,boolean)>",
						"<android.renderscript.Allocation: void <init>(int,android.renderscript.RenderScript,android.renderscript.Type)>",
						"key field: <android.renderscript.Allocation: android.renderscript.Type mType>",
						"<android.renderscript.Allocation: void data1DChecks(int,int,int,int)>"
					],
					"depth":2,
					"method":"<android.renderscript.Allocation: android.renderscript.Allocation createFromBitmapResource(android.renderscript.RenderScript,android.content.res.Resources,int,android.renderscript.Element,boolean)>",
					"source":"FIELDCALLER"
				},
				{
					"trace":[
						"<android.renderscript.Allocation: android.renderscript.Allocation createFromBitmap(android.renderscript.RenderScript,android.graphics.Bitmap,android.renderscript.Element,boolean)>",
						"<android.renderscript.Allocation: void <init>(int,android.renderscript.RenderScript,android.renderscript.Type)>",
						"key field: <android.renderscript.Allocation: android.renderscript.Type mType>",
						"<android.renderscript.Allocation: void data1DChecks(int,int,int,int)>"
					],
					"depth":2,
					"method":"<android.renderscript.Allocation: android.renderscript.Allocation createFromBitmap(android.renderscript.RenderScript,android.graphics.Bitmap,android.renderscript.Element,boolean)>",
					"source":"FIELDCALLER"
				},
				{
					"trace":[
						"<android.renderscript.Allocation: void subData1D(int,int,byte[])>",
						"<android.renderscript.Allocation: void data1DChecks(int,int,int,int)>",
						"key field: <android.renderscript.Allocation: android.renderscript.Type mType>",
						"<android.renderscript.Allocation: void data1DChecks(int,int,int,int)>"
					],
					"depth":2,
					"method":"<android.renderscript.Allocation: void subData1D(int,int,byte[])>",
					"source":"FIELDCALLER"
				},
				{
					"trace":[
						"<android.renderscript.Allocation: void subData1D(int,int,short[])>",
						"<android.renderscript.Allocation: void data1DChecks(int,int,int,int)>",
						"key field: <android.renderscript.Allocation: android.renderscript.Type mType>",
						"<android.renderscript.Allocation: void data1DChecks(int,int,int,int)>"
					],
					"depth":2,
					"method":"<android.renderscript.Allocation: void subData1D(int,int,short[])>",
					"source":"FIELDCALLER"
				},
				{
					"trace":[
						"<android.renderscript.Allocation: void subData1D(int,int,int[])>",
						"<android.renderscript.Allocation: void data1DChecks(int,int,int,int)>",
						"key field: <android.renderscript.Allocation: android.renderscript.Type mType>",
						"<android.renderscript.Allocation: void data1DChecks(int,int,int,int)>"
					],
					"depth":2,
					"method":"<android.renderscript.Allocation: void subData1D(int,int,int[])>",
					"source":"FIELDCALLER"
				},
				{
					"trace":[
						"<android.renderscript.Allocation: void subData1D(int,int,float[])>",
						"<android.renderscript.Allocation: void data1DChecks(int,int,int,int)>",
						"key field: <android.renderscript.Allocation: android.renderscript.Type mType>",
						"<android.renderscript.Allocation: void data1DChecks(int,int,int,int)>"
					],
					"depth":2,
					"method":"<android.renderscript.Allocation: void subData1D(int,int,float[])>",
					"source":"FIELDCALLER"
				},
				{
					"trace":[
						"<android.renderscript.Allocation: android.renderscript.Allocation createFromBitmapResourceBoxed(android.renderscript.RenderScript,android.content.res.Resources,int,android.renderscript.Element,boolean)>",
						"<android.renderscript.Allocation: android.renderscript.Allocation createFromBitmapBoxed(android.renderscript.RenderScript,android.graphics.Bitmap,android.renderscript.Element,boolean)>",
						"<android.renderscript.Allocation: void <init>(int,android.renderscript.RenderScript,android.renderscript.Type)>",
						"key field: <android.renderscript.Allocation: android.renderscript.Type mType>",
						"<android.renderscript.Allocation: void data1DChecks(int,int,int,int)>"
					],
					"depth":3,
					"method":"<android.renderscript.Allocation: android.renderscript.Allocation createFromBitmapResourceBoxed(android.renderscript.RenderScript,android.content.res.Resources,int,android.renderscript.Element,boolean)>",
					"source":"FIELDCALLER"
				},
				{
					"trace":[
						"<android.renderscript.Allocation: void data(byte[])>",
						"<android.renderscript.Allocation: void subData1D(int,int,byte[])>",
						"<android.renderscript.Allocation: void data1DChecks(int,int,int,int)>",
						"key field: <android.renderscript.Allocation: android.renderscript.Type mType>",
						"<android.renderscript.Allocation: void data1DChecks(int,int,int,int)>"
					],
					"depth":3,
					"method":"<android.renderscript.Allocation: void data(byte[])>",
					"source":"FIELDCALLER"
				},
				{
					"trace":[
						"<android.renderscript.Allocation: void data(short[])>",
						"<android.renderscript.Allocation: void subData1D(int,int,short[])>",
						"<android.renderscript.Allocation: void data1DChecks(int,int,int,int)>",
						"key field: <android.renderscript.Allocation: android.renderscript.Type mType>",
						"<android.renderscript.Allocation: void data1DChecks(int,int,int,int)>"
					],
					"depth":3,
					"method":"<android.renderscript.Allocation: void data(short[])>",
					"source":"FIELDCALLER"
				},
				{
					"trace":[
						"<android.renderscript.Allocation: void data(int[])>",
						"<android.renderscript.Allocation: void subData1D(int,int,int[])>",
						"<android.renderscript.Allocation: void data1DChecks(int,int,int,int)>",
						"key field: <android.renderscript.Allocation: android.renderscript.Type mType>",
						"<android.renderscript.Allocation: void data1DChecks(int,int,int,int)>"
					],
					"depth":3,
					"method":"<android.renderscript.Allocation: void data(int[])>",
					"source":"FIELDCALLER"
				},
				{
					"trace":[
						"<android.renderscript.Allocation: void data(float[])>",
						"<android.renderscript.Allocation: void subData1D(int,int,float[])>",
						"<android.renderscript.Allocation: void data1DChecks(int,int,int,int)>",
						"key field: <android.renderscript.Allocation: android.renderscript.Type mType>",
						"<android.renderscript.Allocation: void data1DChecks(int,int,int,int)>"
					],
					"depth":3,
					"method":"<android.renderscript.Allocation: void data(float[])>",
					"source":"FIELDCALLER"
				}
			],
			"keyAPIDiffClass":[
				{
					"trace":[
						"<android.renderscript.SimpleMesh: android.renderscript.Allocation createIndexAllocation()>",
						"<android.renderscript.Allocation: android.renderscript.Allocation createTyped(android.renderscript.RenderScript,android.renderscript.Type)>",
						"<android.renderscript.Allocation: void <init>(int,android.renderscript.RenderScript,android.renderscript.Type)>",
						"key field: <android.renderscript.Allocation: android.renderscript.Type mType>",
						"<android.renderscript.Allocation: void data1DChecks(int,int,int,int)>"
					],
					"depth":3,
					"method":"<android.renderscript.SimpleMesh: android.renderscript.Allocation createIndexAllocation()>",
					"source":"FIELDCALLER"
				},
				{
					"trace":[
						"<android.renderscript.SimpleMesh: android.renderscript.Allocation createVertexAllocation(int)>",
						"<android.renderscript.Allocation: android.renderscript.Allocation createTyped(android.renderscript.RenderScript,android.renderscript.Type)>",
						"<android.renderscript.Allocation: void <init>(int,android.renderscript.RenderScript,android.renderscript.Type)>",
						"key field: <android.renderscript.Allocation: android.renderscript.Type mType>",
						"<android.renderscript.Allocation: void data1DChecks(int,int,int,int)>"
					],
					"depth":3,
					"method":"<android.renderscript.SimpleMesh: android.renderscript.Allocation createVertexAllocation(int)>",
					"source":"FIELDCALLER"
				},
				{
					"trace":[
						"<android.renderscript.ProgramVertex$MatrixAllocation: void <init>(android.renderscript.RenderScript)>",
						"<android.renderscript.Allocation: android.renderscript.Allocation createSized(android.renderscript.RenderScript,android.renderscript.Element,int)>",
						"<android.renderscript.Allocation: void <init>(int,android.renderscript.RenderScript,android.renderscript.Type)>",
						"key field: <android.renderscript.Allocation: android.renderscript.Type mType>",
						"<android.renderscript.Allocation: void data1DChecks(int,int,int,int)>"
					],
					"depth":3,
					"method":"<android.renderscript.ProgramVertex$MatrixAllocation: void <init>(android.renderscript.RenderScript)>",
					"source":"FIELDCALLER"
				},
				{
					"trace":[
						"<android.renderscript.ProgramVertex$MatrixAllocation: void setupProjectionNormalized(int,int)>",
						"<android.renderscript.Allocation: void subData1D(int,int,float[])>",
						"<android.renderscript.Allocation: void data1DChecks(int,int,int,int)>",
						"key field: <android.renderscript.Allocation: android.renderscript.Type mType>",
						"<android.renderscript.Allocation: void data1DChecks(int,int,int,int)>"
					],
					"depth":3,
					"method":"<android.renderscript.ProgramVertex$MatrixAllocation: void setupProjectionNormalized(int,int)>",
					"source":"FIELDCALLER"
				},
				{
					"trace":[
						"<android.renderscript.ProgramVertex$MatrixAllocation: void setupOrthoWindow(int,int)>",
						"<android.renderscript.Allocation: void subData1D(int,int,float[])>",
						"<android.renderscript.Allocation: void data1DChecks(int,int,int,int)>",
						"key field: <android.renderscript.Allocation: android.renderscript.Type mType>",
						"<android.renderscript.Allocation: void data1DChecks(int,int,int,int)>"
					],
					"depth":3,
					"method":"<android.renderscript.ProgramVertex$MatrixAllocation: void setupOrthoWindow(int,int)>",
					"source":"FIELDCALLER"
				},
				{
					"trace":[
						"<android.renderscript.ProgramVertex$MatrixAllocation: void setupOrthoNormalized(int,int)>",
						"<android.renderscript.Allocation: void subData1D(int,int,float[])>",
						"<android.renderscript.Allocation: void data1DChecks(int,int,int,int)>",
						"key field: <android.renderscript.Allocation: android.renderscript.Type mType>",
						"<android.renderscript.Allocation: void data1DChecks(int,int,int,int)>"
					],
					"depth":3,
					"method":"<android.renderscript.ProgramVertex$MatrixAllocation: void setupOrthoNormalized(int,int)>",
					"source":"FIELDCALLER"
				},
				{
					"trace":[
						"<android.renderscript.ProgramVertex$MatrixAllocation: void loadTexture(android.renderscript.Matrix4f)>",
						"<android.renderscript.Allocation: void subData1D(int,int,float[])>",
						"<android.renderscript.Allocation: void data1DChecks(int,int,int,int)>",
						"key field: <android.renderscript.Allocation: android.renderscript.Type mType>",
						"<android.renderscript.Allocation: void data1DChecks(int,int,int,int)>"
					],
					"depth":3,
					"method":"<android.renderscript.ProgramVertex$MatrixAllocation: void loadTexture(android.renderscript.Matrix4f)>",
					"source":"FIELDCALLER"
				},
				{
					"trace":[
						"<android.renderscript.ProgramVertex$MatrixAllocation: void loadProjection(android.renderscript.Matrix4f)>",
						"<android.renderscript.Allocation: void subData1D(int,int,float[])>",
						"<android.renderscript.Allocation: void data1DChecks(int,int,int,int)>",
						"key field: <android.renderscript.Allocation: android.renderscript.Type mType>",
						"<android.renderscript.Allocation: void data1DChecks(int,int,int,int)>"
					],
					"depth":3,
					"method":"<android.renderscript.ProgramVertex$MatrixAllocation: void loadProjection(android.renderscript.Matrix4f)>",
					"source":"FIELDCALLER"
				},
				{
					"trace":[
						"<android.renderscript.ProgramVertex$MatrixAllocation: void loadModelview(android.renderscript.Matrix4f)>",
						"<android.renderscript.Allocation: void subData1D(int,int,float[])>",
						"<android.renderscript.Allocation: void data1DChecks(int,int,int,int)>",
						"key field: <android.renderscript.Allocation: android.renderscript.Type mType>",
						"<android.renderscript.Allocation: void data1DChecks(int,int,int,int)>"
					],
					"depth":3,
					"method":"<android.renderscript.ProgramVertex$MatrixAllocation: void loadModelview(android.renderscript.Matrix4f)>",
					"source":"FIELDCALLER"
				},
				{
					"trace":[
						"<android.renderscript.SimpleMesh$TriangleMeshBuilder: android.renderscript.SimpleMesh create()>",
						"<android.renderscript.SimpleMesh: android.renderscript.Allocation createIndexAllocation()>",
						"<android.renderscript.Allocation: android.renderscript.Allocation createTyped(android.renderscript.RenderScript,android.renderscript.Type)>",
						"<android.renderscript.Allocation: void <init>(int,android.renderscript.RenderScript,android.renderscript.Type)>",
						"key field: <android.renderscript.Allocation: android.renderscript.Type mType>",
						"<android.renderscript.Allocation: void data1DChecks(int,int,int,int)>"
					],
					"depth":4,
					"method":"<android.renderscript.SimpleMesh$TriangleMeshBuilder: android.renderscript.SimpleMesh create()>",
					"source":"FIELDCALLER"
				}
			],
			"callerOfSingnlar2SourceVar":{
				"<android.renderscript.Allocation: void subData1D(int,int,int[])>":"0, 1",
				"<android.renderscript.Allocation: void subData1D(int,int,short[])>":"0, 1",
				"<android.renderscript.Allocation: void subData1D(int,int,byte[])>":"0, 1",
				"<android.renderscript.Allocation: void subData1D(int,int,float[])>":"0, 1",
				"<android.renderscript.Allocation: void data1DChecks(int,int,int,int)>":"2, 3, 0, 1"
			}
		},
		{
			"method":"<android.renderscript.Allocation: void data1DChecks(int,int,int,int)>",
			"message":"\\QOffset or Count out of bounds.\\E",
			"relatedVarType":"Parameter",
			"relatedCondType":"Basic",
			"modifier":"private",
			"type":"java.lang.IllegalArgumentException",
			"osVersionRelated":false,
			"resourceRelated":false,
			"assessRelated":false,
			"hardwareRelated":false,
			"manifestRelated":false,
			"conditions":"i0 < 0, i1 < 1",
			"paramValues":"@parameter0: int, @parameter1: int",
			"relatedValues":"@parameter0: int, @parameter1: int; ; ",
			"keyAPISameClassNum":0,
			"keyAPIDiffClassNum":0,
			"keyAPISameClass":[
				{
					"trace":[
						"<android.renderscript.Allocation: void data1DChecks(int,int,int,int)>"
					],
					"depth":0,
					"method":"<android.renderscript.Allocation: void data1DChecks(int,int,int,int)>",
					"source":"CALLER"
				},
				{
					"trace":[
						"<android.renderscript.Allocation: void subData1D(int,int,byte[])>",
						"<android.renderscript.Allocation: void data1DChecks(int,int,int,int)>"
					],
					"depth":1,
					"method":"<android.renderscript.Allocation: void subData1D(int,int,byte[])>",
					"source":"CALLER"
				},
				{
					"trace":[
						"<android.renderscript.Allocation: void subData1D(int,int,short[])>",
						"<android.renderscript.Allocation: void data1DChecks(int,int,int,int)>"
					],
					"depth":1,
					"method":"<android.renderscript.Allocation: void subData1D(int,int,short[])>",
					"source":"CALLER"
				},
				{
					"trace":[
						"<android.renderscript.Allocation: void subData1D(int,int,int[])>",
						"<android.renderscript.Allocation: void data1DChecks(int,int,int,int)>"
					],
					"depth":1,
					"method":"<android.renderscript.Allocation: void subData1D(int,int,int[])>",
					"source":"CALLER"
				},
				{
					"trace":[
						"<android.renderscript.Allocation: void subData1D(int,int,float[])>",
						"<android.renderscript.Allocation: void data1DChecks(int,int,int,int)>"
					],
					"depth":1,
					"method":"<android.renderscript.Allocation: void subData1D(int,int,float[])>",
					"source":"CALLER"
				}
			],
			"keyAPIDiffClass":[],
			"callerOfSingnlar2SourceVar":{
				"<android.renderscript.Allocation: void subData1D(int,int,int[])>":"0, 1",
				"<android.renderscript.Allocation: void subData1D(int,int,short[])>":"0, 1",
				"<android.renderscript.Allocation: void subData1D(int,int,byte[])>":"0, 1",
				"<android.renderscript.Allocation: void subData1D(int,int,float[])>":"0, 1",
				"<android.renderscript.Allocation: void data1DChecks(int,int,int,int)>":"0, 1"
			}
		},
		{
			"method":"<android.renderscript.Allocation: android.renderscript.Element elementFromBitmap(android.renderscript.RenderScript,android.graphics.Bitmap)>",
			"message":"\\QBad bitmap type.\\E",
			"relatedVarType":"ParaAndField",
			"relatedCondType":"Basic",
			"modifier":"private",
			"type":"java.lang.IllegalStateException",
			"osVersionRelated":false,
			"resourceRelated":false,
			"assessRelated":false,
			"hardwareRelated":false,
			"manifestRelated":false,
			"conditions":"r1 != $r5, r1 != $r4, r1 != $r3",
			"paramValues":"@parameter1: android.graphics.Bitmap",
			"fieldValues":"<android.graphics.Bitmap$Config: android.graphics.Bitmap$Config RGB_565>, <android.graphics.Bitmap$Config: android.graphics.Bitmap$Config ARGB_8888>, <android.graphics.Bitmap$Config: android.graphics.Bitmap$Config ARGB_4444>",
			"relatedValues":"@parameter1: android.graphics.Bitmap; <android.graphics.Bitmap$Config: android.graphics.Bitmap$Config RGB_565>, <android.graphics.Bitmap$Config: android.graphics.Bitmap$Config ARGB_8888>, <android.graphics.Bitmap$Config: android.graphics.Bitmap$Config ARGB_4444>; ",
			"keyAPISameClassNum":0,
			"keyAPIDiffClassNum":0,
			"keyAPISameClass":[
				{
					"trace":[
						"<android.renderscript.Allocation: android.renderscript.Allocation createBitmapRef(android.renderscript.RenderScript,android.graphics.Bitmap)>",
						"<android.renderscript.Allocation: android.renderscript.Type typeFromBitmap(android.renderscript.RenderScript,android.graphics.Bitmap)>",
						"<android.renderscript.Allocation: android.renderscript.Element elementFromBitmap(android.renderscript.RenderScript,android.graphics.Bitmap)>"
					],
					"depth":2,
					"method":"<android.renderscript.Allocation: android.renderscript.Allocation createBitmapRef(android.renderscript.RenderScript,android.graphics.Bitmap)>",
					"source":"CALLER"
				},
				{
					"trace":[
						"<android.renderscript.Allocation: android.renderscript.Allocation createFromBitmap(android.renderscript.RenderScript,android.graphics.Bitmap,android.renderscript.Element,boolean)>",
						"<android.renderscript.Allocation: android.renderscript.Type typeFromBitmap(android.renderscript.RenderScript,android.graphics.Bitmap)>",
						"<android.renderscript.Allocation: android.renderscript.Element elementFromBitmap(android.renderscript.RenderScript,android.graphics.Bitmap)>"
					],
					"depth":2,
					"method":"<android.renderscript.Allocation: android.renderscript.Allocation createFromBitmap(android.renderscript.RenderScript,android.graphics.Bitmap,android.renderscript.Element,boolean)>",
					"source":"CALLER"
				}
			],
			"keyAPIDiffClass":[],
			"callerOfSingnlar2SourceVar":{
				"<android.renderscript.Allocation: android.renderscript.Allocation createFromBitmap(android.renderscript.RenderScript,android.graphics.Bitmap,android.renderscript.Element,boolean)>":"1",
				"<android.renderscript.Allocation: android.renderscript.Element elementFromBitmap(android.renderscript.RenderScript,android.graphics.Bitmap)>":"1",
				"<android.renderscript.Allocation: android.renderscript.Allocation createBitmapRef(android.renderscript.RenderScript,android.graphics.Bitmap)>":"1",
				"<android.renderscript.Allocation: android.renderscript.Type typeFromBitmap(android.renderscript.RenderScript,android.graphics.Bitmap)>":"1"
			}
		},
		{
			"method":"<android.renderscript.Allocation: android.renderscript.Allocation$Adapter1D createAdapter1D()>",
			"message":"\\Qallocation failed.\\E",
			"relatedVarType":"Field",
			"relatedCondType":"Basic",
			"modifier":"public",
			"type":"java.lang.IllegalStateException",
			"osVersionRelated":false,
			"resourceRelated":false,
			"assessRelated":false,
			"hardwareRelated":false,
			"manifestRelated":false,
			"conditions":"i0 != 0",
			"fieldValues":"<android.renderscript.BaseObj: android.renderscript.RenderScript mRS>",
			"relatedValues":"; <android.renderscript.BaseObj: android.renderscript.RenderScript mRS>; ",
			"keyAPISameClassNum":20,
			"keyAPIDiffClassNum":8,
			"keyAPISameClass":[
				{
					"trace":[
						"<android.renderscript.Allocation: android.renderscript.Allocation$Adapter1D createAdapter1D()>"
					],
					"depth":1,
					"method":"<android.renderscript.Allocation: android.renderscript.Allocation$Adapter1D createAdapter1D()>",
					"source":"FIELD"
				},
				{
					"trace":[
						"<android.renderscript.Allocation: android.renderscript.Allocation$Adapter1D createAdapter1D()>"
					],
					"depth":1,
					"method":"<android.renderscript.Allocation: android.renderscript.Allocation$Adapter2D createAdapter2D()>",
					"source":"FIELD"
				},
				{
					"trace":[
						"<android.renderscript.Allocation: android.renderscript.Allocation$Adapter1D createAdapter1D()>"
					],
					"depth":1,
					"method":"<android.renderscript.Allocation: void data(java.lang.Object)>",
					"source":"FIELD"
				},
				{
					"trace":[
						"<android.renderscript.Allocation: android.renderscript.Allocation$Adapter1D createAdapter1D()>"
					],
					"depth":1,
					"method":"<android.renderscript.Allocation: void read(java.lang.Object)>",
					"source":"FIELD"
				},
				{
					"trace":[
						"<android.renderscript.Allocation: android.renderscript.Allocation$Adapter1D createAdapter1D()>"
					],
					"depth":1,
					"method":"<android.renderscript.Allocation: void readData(float[])>",
					"source":"FIELD"
				},
				{
					"trace":[
						"<android.renderscript.Allocation: android.renderscript.Allocation$Adapter1D createAdapter1D()>"
					],
					"depth":1,
					"method":"<android.renderscript.Allocation: void readData(int[])>",
					"source":"FIELD"
				},
				{
					"trace":[
						"<android.renderscript.Allocation: android.renderscript.Allocation$Adapter1D createAdapter1D()>"
					],
					"depth":1,
					"method":"<android.renderscript.Allocation: void subData(int,java.lang.Object)>",
					"source":"FIELD"
				},
				{
					"trace":[
						"<android.renderscript.Allocation: android.renderscript.Allocation$Adapter1D createAdapter1D()>"
					],
					"depth":1,
					"method":"<android.renderscript.Allocation: void subData2D(int,int,int,int,float[])>",
					"source":"FIELD"
				},
				{
					"trace":[
						"<android.renderscript.Allocation: android.renderscript.Allocation$Adapter1D createAdapter1D()>"
					],
					"depth":1,
					"method":"<android.renderscript.Allocation: void subData2D(int,int,int,int,int[])>",
					"source":"FIELD"
				},
				{
					"trace":[
						"<android.renderscript.Allocation: android.renderscript.Allocation$Adapter1D createAdapter1D()>"
					],
					"depth":1,
					"method":"<android.renderscript.Allocation: void uploadToBufferObject()>",
					"source":"FIELD"
				},
				{
					"trace":[
						"<android.renderscript.Allocation: android.renderscript.Allocation$Adapter1D createAdapter1D()>"
					],
					"depth":1,
					"method":"<android.renderscript.Allocation: void uploadToTexture(int)>",
					"source":"FIELD"
				},
				{
					"trace":[
						"<android.renderscript.Allocation: android.renderscript.Allocation$Adapter1D createAdapter1D()>"
					],
					"depth":1,
					"method":"<android.renderscript.Allocation: void uploadToTexture(boolean,int)>",
					"source":"FIELD"
				},
				{
					"trace":[
						"<android.renderscript.Allocation: void subData1D(int,int,byte[])>",
						"<android.renderscript.Allocation: void data1DChecks(int,int,int,int)>",
						"key field: <android.renderscript.BaseObj: android.renderscript.RenderScript mRS>",
						"<android.renderscript.Allocation: android.renderscript.Allocation$Adapter1D createAdapter1D()>"
					],
					"depth":2,
					"method":"<android.renderscript.Allocation: void subData1D(int,int,byte[])>",
					"source":"FIELDCALLER"
				},
				{
					"trace":[
						"<android.renderscript.Allocation: void subData1D(int,int,short[])>",
						"<android.renderscript.Allocation: void data1DChecks(int,int,int,int)>",
						"key field: <android.renderscript.BaseObj: android.renderscript.RenderScript mRS>",
						"<android.renderscript.Allocation: android.renderscript.Allocation$Adapter1D createAdapter1D()>"
					],
					"depth":2,
					"method":"<android.renderscript.Allocation: void subData1D(int,int,short[])>",
					"source":"FIELDCALLER"
				},
				{
					"trace":[
						"<android.renderscript.Allocation: void subData1D(int,int,int[])>",
						"<android.renderscript.Allocation: void data1DChecks(int,int,int,int)>",
						"key field: <android.renderscript.BaseObj: android.renderscript.RenderScript mRS>",
						"<android.renderscript.Allocation: android.renderscript.Allocation$Adapter1D createAdapter1D()>"
					],
					"depth":2,
					"method":"<android.renderscript.Allocation: void subData1D(int,int,int[])>",
					"source":"FIELDCALLER"
				},
				{
					"trace":[
						"<android.renderscript.Allocation: void subData1D(int,int,float[])>",
						"<android.renderscript.Allocation: void data1DChecks(int,int,int,int)>",
						"key field: <android.renderscript.BaseObj: android.renderscript.RenderScript mRS>",
						"<android.renderscript.Allocation: android.renderscript.Allocation$Adapter1D createAdapter1D()>"
					],
					"depth":2,
					"method":"<android.renderscript.Allocation: void subData1D(int,int,float[])>",
					"source":"FIELDCALLER"
				},
				{
					"trace":[
						"<android.renderscript.Allocation: void data(byte[])>",
						"<android.renderscript.Allocation: void subData1D(int,int,byte[])>",
						"<android.renderscript.Allocation: void data1DChecks(int,int,int,int)>",
						"key field: <android.renderscript.BaseObj: android.renderscript.RenderScript mRS>",
						"<android.renderscript.Allocation: android.renderscript.Allocation$Adapter1D createAdapter1D()>"
					],
					"depth":3,
					"method":"<android.renderscript.Allocation: void data(byte[])>",
					"source":"FIELDCALLER"
				},
				{
					"trace":[
						"<android.renderscript.Allocation: void data(short[])>",
						"<android.renderscript.Allocation: void subData1D(int,int,short[])>",
						"<android.renderscript.Allocation: void data1DChecks(int,int,int,int)>",
						"key field: <android.renderscript.BaseObj: android.renderscript.RenderScript mRS>",
						"<android.renderscript.Allocation: android.renderscript.Allocation$Adapter1D createAdapter1D()>"
					],
					"depth":3,
					"method":"<android.renderscript.Allocation: void data(short[])>",
					"source":"FIELDCALLER"
				},
				{
					"trace":[
						"<android.renderscript.Allocation: void data(int[])>",
						"<android.renderscript.Allocation: void subData1D(int,int,int[])>",
						"<android.renderscript.Allocation: void data1DChecks(int,int,int,int)>",
						"key field: <android.renderscript.BaseObj: android.renderscript.RenderScript mRS>",
						"<android.renderscript.Allocation: android.renderscript.Allocation$Adapter1D createAdapter1D()>"
					],
					"depth":3,
					"method":"<android.renderscript.Allocation: void data(int[])>",
					"source":"FIELDCALLER"
				},
				{
					"trace":[
						"<android.renderscript.Allocation: void data(float[])>",
						"<android.renderscript.Allocation: void subData1D(int,int,float[])>",
						"<android.renderscript.Allocation: void data1DChecks(int,int,int,int)>",
						"key field: <android.renderscript.BaseObj: android.renderscript.RenderScript mRS>",
						"<android.renderscript.Allocation: android.renderscript.Allocation$Adapter1D createAdapter1D()>"
					],
					"depth":3,
					"method":"<android.renderscript.Allocation: void data(float[])>",
					"source":"FIELDCALLER"
				}
			],
			"keyAPIDiffClass":[
				{
					"trace":[
						"<android.renderscript.ProgramVertex$MatrixAllocation: void <init>(android.renderscript.RenderScript)>",
						"<android.renderscript.Allocation: void subData1D(int,int,float[])>",
						"<android.renderscript.Allocation: void data1DChecks(int,int,int,int)>",
						"key field: <android.renderscript.BaseObj: android.renderscript.RenderScript mRS>",
						"<android.renderscript.Allocation: android.renderscript.Allocation$Adapter1D createAdapter1D()>"
					],
					"depth":3,
					"method":"<android.renderscript.ProgramVertex$MatrixAllocation: void <init>(android.renderscript.RenderScript)>",
					"source":"FIELDCALLER"
				},
				{
					"trace":[
						"<android.renderscript.ProgramVertex$MatrixAllocation: void setupProjectionNormalized(int,int)>",
						"<android.renderscript.Allocation: void subData1D(int,int,float[])>",
						"<android.renderscript.Allocation: void data1DChecks(int,int,int,int)>",
						"key field: <android.renderscript.BaseObj: android.renderscript.RenderScript mRS>",
						"<android.renderscript.Allocation: android.renderscript.Allocation$Adapter1D createAdapter1D()>"
					],
					"depth":3,
					"method":"<android.renderscript.ProgramVertex$MatrixAllocation: void setupProjectionNormalized(int,int)>",
					"source":"FIELDCALLER"
				},
				{
					"trace":[
						"<android.renderscript.ProgramVertex$MatrixAllocation: void setupOrthoWindow(int,int)>",
						"<android.renderscript.Allocation: void subData1D(int,int,float[])>",
						"<android.renderscript.Allocation: void data1DChecks(int,int,int,int)>",
						"key field: <android.renderscript.BaseObj: android.renderscript.RenderScript mRS>",
						"<android.renderscript.Allocation: android.renderscript.Allocation$Adapter1D createAdapter1D()>"
					],
					"depth":3,
					"method":"<android.renderscript.ProgramVertex$MatrixAllocation: void setupOrthoWindow(int,int)>",
					"source":"FIELDCALLER"
				},
				{
					"trace":[
						"<android.renderscript.ProgramVertex$MatrixAllocation: void setupOrthoNormalized(int,int)>",
						"<android.renderscript.Allocation: void subData1D(int,int,float[])>",
						"<android.renderscript.Allocation: void data1DChecks(int,int,int,int)>",
						"key field: <android.renderscript.BaseObj: android.renderscript.RenderScript mRS>",
						"<android.renderscript.Allocation: android.renderscript.Allocation$Adapter1D createAdapter1D()>"
					],
					"depth":3,
					"method":"<android.renderscript.ProgramVertex$MatrixAllocation: void setupOrthoNormalized(int,int)>",
					"source":"FIELDCALLER"
				},
				{
					"trace":[
						"<android.renderscript.ProgramVertex$MatrixAllocation: void loadTexture(android.renderscript.Matrix4f)>",
						"<android.renderscript.Allocation: void subData1D(int,int,float[])>",
						"<android.renderscript.Allocation: void data1DChecks(int,int,int,int)>",
						"key field: <android.renderscript.BaseObj: android.renderscript.RenderScript mRS>",
						"<android.renderscript.Allocation: android.renderscript.Allocation$Adapter1D createAdapter1D()>"
					],
					"depth":3,
					"method":"<android.renderscript.ProgramVertex$MatrixAllocation: void loadTexture(android.renderscript.Matrix4f)>",
					"source":"FIELDCALLER"
				},
				{
					"trace":[
						"<android.renderscript.ProgramVertex$MatrixAllocation: void loadProjection(android.renderscript.Matrix4f)>",
						"<android.renderscript.Allocation: void subData1D(int,int,float[])>",
						"<android.renderscript.Allocation: void data1DChecks(int,int,int,int)>",
						"key field: <android.renderscript.BaseObj: android.renderscript.RenderScript mRS>",
						"<android.renderscript.Allocation: android.renderscript.Allocation$Adapter1D createAdapter1D()>"
					],
					"depth":3,
					"method":"<android.renderscript.ProgramVertex$MatrixAllocation: void loadProjection(android.renderscript.Matrix4f)>",
					"source":"FIELDCALLER"
				},
				{
					"trace":[
						"<android.renderscript.ProgramVertex$MatrixAllocation: void loadModelview(android.renderscript.Matrix4f)>",
						"<android.renderscript.Allocation: void subData1D(int,int,float[])>",
						"<android.renderscript.Allocation: void data1DChecks(int,int,int,int)>",
						"key field: <android.renderscript.BaseObj: android.renderscript.RenderScript mRS>",
						"<android.renderscript.Allocation: android.renderscript.Allocation$Adapter1D createAdapter1D()>"
					],
					"depth":3,
					"method":"<android.renderscript.ProgramVertex$MatrixAllocation: void loadModelview(android.renderscript.Matrix4f)>",
					"source":"FIELDCALLER"
				},
				{
					"trace":[
						"<android.renderscript.SimpleMesh$TriangleMeshBuilder: android.renderscript.SimpleMesh create()>",
						"<android.renderscript.Allocation: void data(short[])>",
						"<android.renderscript.Allocation: void subData1D(int,int,short[])>",
						"<android.renderscript.Allocation: void data1DChecks(int,int,int,int)>",
						"key field: <android.renderscript.BaseObj: android.renderscript.RenderScript mRS>",
						"<android.renderscript.Allocation: android.renderscript.Allocation$Adapter1D createAdapter1D()>"
					],
					"depth":4,
					"method":"<android.renderscript.SimpleMesh$TriangleMeshBuilder: android.renderscript.SimpleMesh create()>",
					"source":"FIELDCALLER"
				}
			],
			"callerOfSingnlar2SourceVar":{}
		},
		{
			"method":"<android.renderscript.Allocation: android.renderscript.Allocation$Adapter2D createAdapter2D()>",
			"message":"\\Qallocation failed.\\E",
			"relatedVarType":"Field",
			"relatedCondType":"Basic",
			"modifier":"public",
			"type":"java.lang.IllegalStateException",
			"osVersionRelated":false,
			"resourceRelated":false,
			"assessRelated":false,
			"hardwareRelated":false,
			"manifestRelated":false,
			"conditions":"i0 != 0",
			"fieldValues":"<android.renderscript.BaseObj: android.renderscript.RenderScript mRS>",
			"relatedValues":"; <android.renderscript.BaseObj: android.renderscript.RenderScript mRS>; ",
			"keyAPISameClassNum":20,
			"keyAPIDiffClassNum":8,
			"keyAPISameClass":[
				{
					"trace":[
						"<android.renderscript.Allocation: android.renderscript.Allocation$Adapter2D createAdapter2D()>"
					],
					"depth":1,
					"method":"<android.renderscript.Allocation: android.renderscript.Allocation$Adapter1D createAdapter1D()>",
					"source":"FIELD"
				},
				{
					"trace":[
						"<android.renderscript.Allocation: android.renderscript.Allocation$Adapter2D createAdapter2D()>"
					],
					"depth":1,
					"method":"<android.renderscript.Allocation: android.renderscript.Allocation$Adapter2D createAdapter2D()>",
					"source":"FIELD"
				},
				{
					"trace":[
						"<android.renderscript.Allocation: android.renderscript.Allocation$Adapter2D createAdapter2D()>"
					],
					"depth":1,
					"method":"<android.renderscript.Allocation: void data(java.lang.Object)>",
					"source":"FIELD"
				},
				{
					"trace":[
						"<android.renderscript.Allocation: android.renderscript.Allocation$Adapter2D createAdapter2D()>"
					],
					"depth":1,
					"method":"<android.renderscript.Allocation: void read(java.lang.Object)>",
					"source":"FIELD"
				},
				{
					"trace":[
						"<android.renderscript.Allocation: android.renderscript.Allocation$Adapter2D createAdapter2D()>"
					],
					"depth":1,
					"method":"<android.renderscript.Allocation: void readData(float[])>",
					"source":"FIELD"
				},
				{
					"trace":[
						"<android.renderscript.Allocation: android.renderscript.Allocation$Adapter2D createAdapter2D()>"
					],
					"depth":1,
					"method":"<android.renderscript.Allocation: void readData(int[])>",
					"source":"FIELD"
				},
				{
					"trace":[
						"<android.renderscript.Allocation: android.renderscript.Allocation$Adapter2D createAdapter2D()>"
					],
					"depth":1,
					"method":"<android.renderscript.Allocation: void subData(int,java.lang.Object)>",
					"source":"FIELD"
				},
				{
					"trace":[
						"<android.renderscript.Allocation: android.renderscript.Allocation$Adapter2D createAdapter2D()>"
					],
					"depth":1,
					"method":"<android.renderscript.Allocation: void subData2D(int,int,int,int,float[])>",
					"source":"FIELD"
				},
				{
					"trace":[
						"<android.renderscript.Allocation: android.renderscript.Allocation$Adapter2D createAdapter2D()>"
					],
					"depth":1,
					"method":"<android.renderscript.Allocation: void subData2D(int,int,int,int,int[])>",
					"source":"FIELD"
				},
				{
					"trace":[
						"<android.renderscript.Allocation: android.renderscript.Allocation$Adapter2D createAdapter2D()>"
					],
					"depth":1,
					"method":"<android.renderscript.Allocation: void uploadToBufferObject()>",
					"source":"FIELD"
				},
				{
					"trace":[
						"<android.renderscript.Allocation: android.renderscript.Allocation$Adapter2D createAdapter2D()>"
					],
					"depth":1,
					"method":"<android.renderscript.Allocation: void uploadToTexture(int)>",
					"source":"FIELD"
				},
				{
					"trace":[
						"<android.renderscript.Allocation: android.renderscript.Allocation$Adapter2D createAdapter2D()>"
					],
					"depth":1,
					"method":"<android.renderscript.Allocation: void uploadToTexture(boolean,int)>",
					"source":"FIELD"
				},
				{
					"trace":[
						"<android.renderscript.Allocation: void subData1D(int,int,byte[])>",
						"<android.renderscript.Allocation: void data1DChecks(int,int,int,int)>",
						"key field: <android.renderscript.BaseObj: android.renderscript.RenderScript mRS>",
						"<android.renderscript.Allocation: android.renderscript.Allocation$Adapter2D createAdapter2D()>"
					],
					"depth":2,
					"method":"<android.renderscript.Allocation: void subData1D(int,int,byte[])>",
					"source":"FIELDCALLER"
				},
				{
					"trace":[
						"<android.renderscript.Allocation: void subData1D(int,int,short[])>",
						"<android.renderscript.Allocation: void data1DChecks(int,int,int,int)>",
						"key field: <android.renderscript.BaseObj: android.renderscript.RenderScript mRS>",
						"<android.renderscript.Allocation: android.renderscript.Allocation$Adapter2D createAdapter2D()>"
					],
					"depth":2,
					"method":"<android.renderscript.Allocation: void subData1D(int,int,short[])>",
					"source":"FIELDCALLER"
				},
				{
					"trace":[
						"<android.renderscript.Allocation: void subData1D(int,int,int[])>",
						"<android.renderscript.Allocation: void data1DChecks(int,int,int,int)>",
						"key field: <android.renderscript.BaseObj: android.renderscript.RenderScript mRS>",
						"<android.renderscript.Allocation: android.renderscript.Allocation$Adapter2D createAdapter2D()>"
					],
					"depth":2,
					"method":"<android.renderscript.Allocation: void subData1D(int,int,int[])>",
					"source":"FIELDCALLER"
				},
				{
					"trace":[
						"<android.renderscript.Allocation: void subData1D(int,int,float[])>",
						"<android.renderscript.Allocation: void data1DChecks(int,int,int,int)>",
						"key field: <android.renderscript.BaseObj: android.renderscript.RenderScript mRS>",
						"<android.renderscript.Allocation: android.renderscript.Allocation$Adapter2D createAdapter2D()>"
					],
					"depth":2,
					"method":"<android.renderscript.Allocation: void subData1D(int,int,float[])>",
					"source":"FIELDCALLER"
				},
				{
					"trace":[
						"<android.renderscript.Allocation: void data(byte[])>",
						"<android.renderscript.Allocation: void subData1D(int,int,byte[])>",
						"<android.renderscript.Allocation: void data1DChecks(int,int,int,int)>",
						"key field: <android.renderscript.BaseObj: android.renderscript.RenderScript mRS>",
						"<android.renderscript.Allocation: android.renderscript.Allocation$Adapter2D createAdapter2D()>"
					],
					"depth":3,
					"method":"<android.renderscript.Allocation: void data(byte[])>",
					"source":"FIELDCALLER"
				},
				{
					"trace":[
						"<android.renderscript.Allocation: void data(short[])>",
						"<android.renderscript.Allocation: void subData1D(int,int,short[])>",
						"<android.renderscript.Allocation: void data1DChecks(int,int,int,int)>",
						"key field: <android.renderscript.BaseObj: android.renderscript.RenderScript mRS>",
						"<android.renderscript.Allocation: android.renderscript.Allocation$Adapter2D createAdapter2D()>"
					],
					"depth":3,
					"method":"<android.renderscript.Allocation: void data(short[])>",
					"source":"FIELDCALLER"
				},
				{
					"trace":[
						"<android.renderscript.Allocation: void data(int[])>",
						"<android.renderscript.Allocation: void subData1D(int,int,int[])>",
						"<android.renderscript.Allocation: void data1DChecks(int,int,int,int)>",
						"key field: <android.renderscript.BaseObj: android.renderscript.RenderScript mRS>",
						"<android.renderscript.Allocation: android.renderscript.Allocation$Adapter2D createAdapter2D()>"
					],
					"depth":3,
					"method":"<android.renderscript.Allocation: void data(int[])>",
					"source":"FIELDCALLER"
				},
				{
					"trace":[
						"<android.renderscript.Allocation: void data(float[])>",
						"<android.renderscript.Allocation: void subData1D(int,int,float[])>",
						"<android.renderscript.Allocation: void data1DChecks(int,int,int,int)>",
						"key field: <android.renderscript.BaseObj: android.renderscript.RenderScript mRS>",
						"<android.renderscript.Allocation: android.renderscript.Allocation$Adapter2D createAdapter2D()>"
					],
					"depth":3,
					"method":"<android.renderscript.Allocation: void data(float[])>",
					"source":"FIELDCALLER"
				}
			],
			"keyAPIDiffClass":[
				{
					"trace":[
						"<android.renderscript.ProgramVertex$MatrixAllocation: void <init>(android.renderscript.RenderScript)>",
						"<android.renderscript.Allocation: void subData1D(int,int,float[])>",
						"<android.renderscript.Allocation: void data1DChecks(int,int,int,int)>",
						"key field: <android.renderscript.BaseObj: android.renderscript.RenderScript mRS>",
						"<android.renderscript.Allocation: android.renderscript.Allocation$Adapter2D createAdapter2D()>"
					],
					"depth":3,
					"method":"<android.renderscript.ProgramVertex$MatrixAllocation: void <init>(android.renderscript.RenderScript)>",
					"source":"FIELDCALLER"
				},
				{
					"trace":[
						"<android.renderscript.ProgramVertex$MatrixAllocation: void setupProjectionNormalized(int,int)>",
						"<android.renderscript.Allocation: void subData1D(int,int,float[])>",
						"<android.renderscript.Allocation: void data1DChecks(int,int,int,int)>",
						"key field: <android.renderscript.BaseObj: android.renderscript.RenderScript mRS>",
						"<android.renderscript.Allocation: android.renderscript.Allocation$Adapter2D createAdapter2D()>"
					],
					"depth":3,
					"method":"<android.renderscript.ProgramVertex$MatrixAllocation: void setupProjectionNormalized(int,int)>",
					"source":"FIELDCALLER"
				},
				{
					"trace":[
						"<android.renderscript.ProgramVertex$MatrixAllocation: void setupOrthoWindow(int,int)>",
						"<android.renderscript.Allocation: void subData1D(int,int,float[])>",
						"<android.renderscript.Allocation: void data1DChecks(int,int,int,int)>",
						"key field: <android.renderscript.BaseObj: android.renderscript.RenderScript mRS>",
						"<android.renderscript.Allocation: android.renderscript.Allocation$Adapter2D createAdapter2D()>"
					],
					"depth":3,
					"method":"<android.renderscript.ProgramVertex$MatrixAllocation: void setupOrthoWindow(int,int)>",
					"source":"FIELDCALLER"
				},
				{
					"trace":[
						"<android.renderscript.ProgramVertex$MatrixAllocation: void setupOrthoNormalized(int,int)>",
						"<android.renderscript.Allocation: void subData1D(int,int,float[])>",
						"<android.renderscript.Allocation: void data1DChecks(int,int,int,int)>",
						"key field: <android.renderscript.BaseObj: android.renderscript.RenderScript mRS>",
						"<android.renderscript.Allocation: android.renderscript.Allocation$Adapter2D createAdapter2D()>"
					],
					"depth":3,
					"method":"<android.renderscript.ProgramVertex$MatrixAllocation: void setupOrthoNormalized(int,int)>",
					"source":"FIELDCALLER"
				},
				{
					"trace":[
						"<android.renderscript.ProgramVertex$MatrixAllocation: void loadTexture(android.renderscript.Matrix4f)>",
						"<android.renderscript.Allocation: void subData1D(int,int,float[])>",
						"<android.renderscript.Allocation: void data1DChecks(int,int,int,int)>",
						"key field: <android.renderscript.BaseObj: android.renderscript.RenderScript mRS>",
						"<android.renderscript.Allocation: android.renderscript.Allocation$Adapter2D createAdapter2D()>"
					],
					"depth":3,
					"method":"<android.renderscript.ProgramVertex$MatrixAllocation: void loadTexture(android.renderscript.Matrix4f)>",
					"source":"FIELDCALLER"
				},
				{
					"trace":[
						"<android.renderscript.ProgramVertex$MatrixAllocation: void loadProjection(android.renderscript.Matrix4f)>",
						"<android.renderscript.Allocation: void subData1D(int,int,float[])>",
						"<android.renderscript.Allocation: void data1DChecks(int,int,int,int)>",
						"key field: <android.renderscript.BaseObj: android.renderscript.RenderScript mRS>",
						"<android.renderscript.Allocation: android.renderscript.Allocation$Adapter2D createAdapter2D()>"
					],
					"depth":3,
					"method":"<android.renderscript.ProgramVertex$MatrixAllocation: void loadProjection(android.renderscript.Matrix4f)>",
					"source":"FIELDCALLER"
				},
				{
					"trace":[
						"<android.renderscript.ProgramVertex$MatrixAllocation: void loadModelview(android.renderscript.Matrix4f)>",
						"<android.renderscript.Allocation: void subData1D(int,int,float[])>",
						"<android.renderscript.Allocation: void data1DChecks(int,int,int,int)>",
						"key field: <android.renderscript.BaseObj: android.renderscript.RenderScript mRS>",
						"<android.renderscript.Allocation: android.renderscript.Allocation$Adapter2D createAdapter2D()>"
					],
					"depth":3,
					"method":"<android.renderscript.ProgramVertex$MatrixAllocation: void loadModelview(android.renderscript.Matrix4f)>",
					"source":"FIELDCALLER"
				},
				{
					"trace":[
						"<android.renderscript.SimpleMesh$TriangleMeshBuilder: android.renderscript.SimpleMesh create()>",
						"<android.renderscript.Allocation: void data(short[])>",
						"<android.renderscript.Allocation: void subData1D(int,int,short[])>",
						"<android.renderscript.Allocation: void data1DChecks(int,int,int,int)>",
						"key field: <android.renderscript.BaseObj: android.renderscript.RenderScript mRS>",
						"<android.renderscript.Allocation: android.renderscript.Allocation$Adapter2D createAdapter2D()>"
					],
					"depth":4,
					"method":"<android.renderscript.SimpleMesh$TriangleMeshBuilder: android.renderscript.SimpleMesh create()>",
					"source":"FIELDCALLER"
				}
			],
			"callerOfSingnlar2SourceVar":{}
		}
	]
}