{
	"exceptions":[
		{
			"method":"<android.content.SyncManager$SyncHandler: int syncResultToErrorNumber(android.content.SyncResult)>",
			"message":"\\Qwe are not in an error state, \\E[\\s\\S]*",
			"relatedVarType":"Parameter",
			"relatedCondType":"Basic",
			"modifier":"private",
			"type":"java.lang.IllegalStateException",
			"osVersionRelated":false,
			"resourceRelated":false,
			"assessRelated":false,
			"hardwareRelated":false,
			"manifestRelated":false,
			"conditions":"$z3 == 0, $z2 == 0, $z1 == 0",
			"paramValues":"@parameter0: android.content.SyncResult",
			"relatedValues":"@parameter0: android.content.SyncResult; ; ",
			"keyAPISameClassNum":0,
			"keyAPIDiffClassNum":0,
			"keyAPISameClass":[
				{
					"trace":[
						"<android.content.SyncManager$SyncHandler: int syncResultToErrorNumber(android.content.SyncResult)>"
					],
					"depth":0,
					"method":"<android.content.SyncManager$SyncHandler: int syncResultToErrorNumber(android.content.SyncResult)>",
					"source":"CALLER"
				},
				{
					"trace":[
						"<android.content.SyncManager$SyncHandler: void handleMessage(android.os.Message)>",
						"<android.content.SyncManager$SyncHandler: void runSyncFinishedOrCanceled(android.content.SyncResult)>",
						"<android.content.SyncManager$SyncHandler: int syncResultToErrorNumber(android.content.SyncResult)>"
					],
					"depth":2,
					"method":"<android.content.SyncManager$SyncHandler: void handleMessage(android.os.Message)>",
					"source":"CALLER"
				}
			],
			"keyAPIDiffClass":[],
			"callerOfSingnlar2SourceVar":{
				"<android.content.SyncManager$SyncHandler: int syncResultToErrorNumber(android.content.SyncResult)>":"0",
				"<android.content.SyncManager$SyncHandler: void runSyncFinishedOrCanceled(android.content.SyncResult)>":"0"
			}
		}
	]
}