{
	"exceptions":[
		{
			"method":"<android.widget.DialerFilter: void onFinishInflate()>",
			"message":"\\QDialerFilter must have a child EditText named primary\\E",
			"relatedVarType":"Field",
			"relatedCondType":"Basic",
			"modifier":"protected",
			"type":"java.lang.IllegalStateException",
			"osVersionRelated":false,
			"resourceRelated":false,
			"assessRelated":false,
			"hardwareRelated":false,
			"manifestRelated":false,
			"conditions":"$r15 != null, $r5 != null",
			"fieldValues":"<android.widget.DialerFilter: android.widget.EditText mPrimary>, <android.widget.DialerFilter: android.widget.EditText mHint>",
			"relatedValues":"; <android.widget.DialerFilter: android.widget.EditText mPrimary>, <android.widget.DialerFilter: android.widget.EditText mHint>; ",
			"keyAPISameClassNum":3,
			"keyAPIDiffClassNum":0,
			"keyAPISameClass":[
				{
					"trace":[
						"<android.widget.DialerFilter: void setMode(int)>",
						"<android.widget.DialerFilter: void makeDigitsPrimary()>",
						"<android.widget.DialerFilter: void swapPrimaryAndHint(boolean)>",
						"key field: <android.widget.DialerFilter: android.widget.EditText mPrimary>",
						"<android.widget.DialerFilter: void onFinishInflate()>"
					],
					"depth":3,
					"method":"<android.widget.DialerFilter: void setMode(int)>",
					"source":"FIELDCALLER"
				},
				{
					"trace":[
						"<android.widget.DialerFilter: boolean onKeyDown(int,android.view.KeyEvent)>",
						"<android.widget.DialerFilter: void setMode(int)>",
						"<android.widget.DialerFilter: void makeDigitsPrimary()>",
						"<android.widget.DialerFilter: void swapPrimaryAndHint(boolean)>",
						"key field: <android.widget.DialerFilter: android.widget.EditText mPrimary>",
						"<android.widget.DialerFilter: void onFinishInflate()>"
					],
					"depth":4,
					"method":"<android.widget.DialerFilter: boolean onKeyDown(int,android.view.KeyEvent)>",
					"source":"FIELDCALLER"
				},
				{
					"trace":[
						"<android.widget.DialerFilter: void clearText()>",
						"<android.widget.DialerFilter: void setMode(int)>",
						"<android.widget.DialerFilter: void makeDigitsPrimary()>",
						"<android.widget.DialerFilter: void swapPrimaryAndHint(boolean)>",
						"key field: <android.widget.DialerFilter: android.widget.EditText mPrimary>",
						"<android.widget.DialerFilter: void onFinishInflate()>"
					],
					"depth":4,
					"method":"<android.widget.DialerFilter: void clearText()>",
					"source":"FIELDCALLER"
				}
			],
			"keyAPIDiffClass":[],
			"callerOfSingnlar2SourceVar":{}
		},
		{
			"method":"<android.widget.DialerFilter: void onFinishInflate()>",
			"message":"\\QDialerFilter must have a child EditText named hint\\E",
			"relatedVarType":"Field",
			"relatedCondType":"Basic",
			"modifier":"protected",
			"type":"java.lang.IllegalStateException",
			"osVersionRelated":false,
			"resourceRelated":false,
			"assessRelated":false,
			"hardwareRelated":false,
			"manifestRelated":false,
			"conditions":"$r5 != null",
			"fieldValues":"<android.widget.DialerFilter: android.widget.EditText mHint>",
			"relatedValues":"; <android.widget.DialerFilter: android.widget.EditText mHint>; ",
			"keyAPISameClassNum":3,
			"keyAPIDiffClassNum":0,
			"keyAPISameClass":[
				{
					"trace":[
						"<android.widget.DialerFilter: void setMode(int)>",
						"<android.widget.DialerFilter: void makeDigitsPrimary()>",
						"<android.widget.DialerFilter: void swapPrimaryAndHint(boolean)>",
						"key field: <android.widget.DialerFilter: android.widget.EditText mHint>",
						"<android.widget.DialerFilter: void onFinishInflate()>"
					],
					"depth":3,
					"method":"<android.widget.DialerFilter: void setMode(int)>",
					"source":"FIELDCALLER"
				},
				{
					"trace":[
						"<android.widget.DialerFilter: boolean onKeyDown(int,android.view.KeyEvent)>",
						"<android.widget.DialerFilter: void setMode(int)>",
						"<android.widget.DialerFilter: void makeDigitsPrimary()>",
						"<android.widget.DialerFilter: void swapPrimaryAndHint(boolean)>",
						"key field: <android.widget.DialerFilter: android.widget.EditText mHint>",
						"<android.widget.DialerFilter: void onFinishInflate()>"
					],
					"depth":4,
					"method":"<android.widget.DialerFilter: boolean onKeyDown(int,android.view.KeyEvent)>",
					"source":"FIELDCALLER"
				},
				{
					"trace":[
						"<android.widget.DialerFilter: void clearText()>",
						"<android.widget.DialerFilter: void setMode(int)>",
						"<android.widget.DialerFilter: void makeDigitsPrimary()>",
						"<android.widget.DialerFilter: void swapPrimaryAndHint(boolean)>",
						"key field: <android.widget.DialerFilter: android.widget.EditText mHint>",
						"<android.widget.DialerFilter: void onFinishInflate()>"
					],
					"depth":4,
					"method":"<android.widget.DialerFilter: void clearText()>",
					"source":"FIELDCALLER"
				}
			],
			"keyAPIDiffClass":[],
			"callerOfSingnlar2SourceVar":{}
		}
	]
}