{
	"exceptions":[
		{
			"method":"<android.media.AudioService: void ensureValidDirection(int)>",
			"message":"\\QBad direction \\E[\\s\\S]*",
			"relatedVarType":"Parameter",
			"relatedCondType":"Basic",
			"modifier":"private",
			"type":"java.lang.IllegalArgumentException",
			"osVersionRelated":false,
			"resourceRelated":false,
			"assessRelated":false,
			"hardwareRelated":false,
			"manifestRelated":false,
			"conditions":"i0 < -1, i0 <= 1",
			"paramValues":"@parameter0: int",
			"relatedValues":"@parameter0: int; ; ",
			"keyAPISameClassNum":0,
			"keyAPIDiffClassNum":0,
			"keyAPISameClass":[
				{
					"trace":[
						"<android.media.AudioService: void ensureValidDirection(int)>"
					],
					"depth":0,
					"method":"<android.media.AudioService: void ensureValidDirection(int)>",
					"source":"CALLER"
				},
				{
					"trace":[
						"<android.media.AudioService: void adjustStreamVolume(int,int,int)>",
						"<android.media.AudioService: void ensureValidDirection(int)>"
					],
					"depth":1,
					"method":"<android.media.AudioService: void adjustStreamVolume(int,int,int)>",
					"source":"CALLER"
				},
				{
					"trace":[
						"<android.media.AudioService: void adjustSuggestedStreamVolume(int,int,int)>",
						"<android.media.AudioService: void adjustStreamVolume(int,int,int)>",
						"<android.media.AudioService: void ensureValidDirection(int)>"
					],
					"depth":2,
					"method":"<android.media.AudioService: void adjustSuggestedStreamVolume(int,int,int)>",
					"source":"CALLER"
				},
				{
					"trace":[
						"<android.media.AudioService: void adjustVolume(int,int)>",
						"<android.media.AudioService: void adjustSuggestedStreamVolume(int,int,int)>",
						"<android.media.AudioService: void adjustStreamVolume(int,int,int)>",
						"<android.media.AudioService: void ensureValidDirection(int)>"
					],
					"depth":3,
					"method":"<android.media.AudioService: void adjustVolume(int,int)>",
					"source":"CALLER"
				}
			],
			"keyAPIDiffClass":[],
			"callerOfSingnlar2SourceVar":{
				"<android.media.AudioService: void adjustVolume(int,int)>":"0",
				"<android.media.AudioService: void adjustSuggestedStreamVolume(int,int,int)>":"0",
				"<android.media.AudioService: void ensureValidDirection(int)>":"0",
				"<android.media.AudioService: void adjustStreamVolume(int,int,int)>":"1"
			}
		},
		{
			"method":"<android.media.AudioService: void ensureValidStreamType(int)>",
			"message":"\\QBad stream type \\E[\\s\\S]*",
			"relatedVarType":"ParaAndField",
			"relatedCondType":"Basic",
			"modifier":"private",
			"type":"java.lang.IllegalArgumentException",
			"osVersionRelated":false,
			"resourceRelated":false,
			"assessRelated":false,
			"hardwareRelated":false,
			"manifestRelated":false,
			"conditions":"i0 < 0, i0 < $i1",
			"paramValues":"@parameter0: int",
			"fieldValues":"<android.media.AudioService: android.media.AudioService$VolumeStreamState[] mStreamStates>",
			"relatedValues":"@parameter0: int; <android.media.AudioService: android.media.AudioService$VolumeStreamState[] mStreamStates>; ",
			"keyAPISameClassNum":12,
			"keyAPIDiffClassNum":14,
			"keyAPISameClass":[
				{
					"trace":[
						"<android.media.AudioService: void <init>(android.content.Context)>",
						"<android.media.AudioService: void createStreamStates()>",
						"key field: <android.media.AudioService: android.media.AudioService$VolumeStreamState[] mStreamStates>",
						"<android.media.AudioService: void ensureValidStreamType(int)>"
					],
					"depth":2,
					"method":"<android.media.AudioService: void <init>(android.content.Context)>",
					"source":"FIELDCALLER"
				},
				{
					"trace":[
						"<android.media.AudioService: int getStreamVolume(int)>",
						"<android.media.AudioService: void ensureValidStreamType(int)>",
						"key field: <android.media.AudioService: android.media.AudioService$VolumeStreamState[] mStreamStates>",
						"<android.media.AudioService: void ensureValidStreamType(int)>"
					],
					"depth":2,
					"method":"<android.media.AudioService: int getStreamVolume(int)>",
					"source":"FIELDCALLER"
				},
				{
					"trace":[
						"<android.media.AudioService: void adjustStreamVolume(int,int,int)>",
						"<android.media.AudioService: void ensureValidStreamType(int)>",
						"key field: <android.media.AudioService: android.media.AudioService$VolumeStreamState[] mStreamStates>",
						"<android.media.AudioService: void ensureValidStreamType(int)>"
					],
					"depth":2,
					"method":"<android.media.AudioService: void adjustStreamVolume(int,int,int)>",
					"source":"FIELDCALLER"
				},
				{
					"trace":[
						"<android.media.AudioService: void setStreamVolume(int,int,int)>",
						"<android.media.AudioService: void ensureValidStreamType(int)>",
						"key field: <android.media.AudioService: android.media.AudioService$VolumeStreamState[] mStreamStates>",
						"<android.media.AudioService: void ensureValidStreamType(int)>"
					],
					"depth":2,
					"method":"<android.media.AudioService: void setStreamVolume(int,int,int)>",
					"source":"FIELDCALLER"
				},
				{
					"trace":[
						"<android.media.AudioService: int getStreamMaxVolume(int)>",
						"<android.media.AudioService: void ensureValidStreamType(int)>",
						"key field: <android.media.AudioService: android.media.AudioService$VolumeStreamState[] mStreamStates>",
						"<android.media.AudioService: void ensureValidStreamType(int)>"
					],
					"depth":2,
					"method":"<android.media.AudioService: int getStreamMaxVolume(int)>",
					"source":"FIELDCALLER"
				},
				{
					"trace":[
						"<android.media.AudioService: void adjustSuggestedStreamVolume(int,int,int)>",
						"<android.media.AudioService: void adjustStreamVolume(int,int,int)>",
						"<android.media.AudioService: void ensureValidStreamType(int)>",
						"key field: <android.media.AudioService: android.media.AudioService$VolumeStreamState[] mStreamStates>",
						"<android.media.AudioService: void ensureValidStreamType(int)>"
					],
					"depth":3,
					"method":"<android.media.AudioService: void adjustSuggestedStreamVolume(int,int,int)>",
					"source":"FIELDCALLER"
				},
				{
					"trace":[
						"<android.media.AudioService: void adjustVolume(int,int)>",
						"<android.media.AudioService: void adjustSuggestedStreamVolume(int,int,int)>",
						"<android.media.AudioService: void adjustStreamVolume(int,int,int)>",
						"<android.media.AudioService: void ensureValidStreamType(int)>",
						"key field: <android.media.AudioService: android.media.AudioService$VolumeStreamState[] mStreamStates>",
						"<android.media.AudioService: void ensureValidStreamType(int)>"
					],
					"depth":4,
					"method":"<android.media.AudioService: void adjustVolume(int,int)>",
					"source":"FIELDCALLER"
				},
				{
					"trace":[
						"<android.media.AudioService: void setMode(int,android.os.IBinder)>",
						"<android.media.AudioService: void setStreamVolumeInt(int,int,boolean,boolean)>",
						"<android.media.AudioService$VolumeStreamState: boolean setIndex(int,boolean)>",
						"<android.media.AudioService: int access$2100(android.media.AudioService,int,int,int)>",
						"<android.media.AudioService: int rescaleIndex(int,int,int)>",
						"key field: <android.media.AudioService: android.media.AudioService$VolumeStreamState[] mStreamStates>",
						"<android.media.AudioService: void ensureValidStreamType(int)>"
					],
					"depth":5,
					"method":"<android.media.AudioService: void setMode(int,android.os.IBinder)>",
					"source":"FIELDCALLER"
				},
				{
					"trace":[
						"<android.media.AudioService: void setStreamMute(int,boolean,android.os.IBinder)>",
						"<android.media.AudioService$VolumeStreamState: void mute(android.os.IBinder,boolean)>",
						"<android.media.AudioService$VolumeStreamState$VolumeDeathHandler: void mute(boolean)>",
						"<android.media.AudioService$VolumeStreamState: boolean setIndex(int,boolean)>",
						"<android.media.AudioService: int access$2100(android.media.AudioService,int,int,int)>",
						"<android.media.AudioService: int rescaleIndex(int,int,int)>",
						"key field: <android.media.AudioService: android.media.AudioService$VolumeStreamState[] mStreamStates>",
						"<android.media.AudioService: void ensureValidStreamType(int)>"
					],
					"depth":6,
					"method":"<android.media.AudioService: void setStreamMute(int,boolean,android.os.IBinder)>",
					"source":"FIELDCALLER"
				},
				{
					"trace":[
						"<android.media.AudioService: void setStreamSolo(int,boolean,android.os.IBinder)>",
						"<android.media.AudioService$VolumeStreamState: void mute(android.os.IBinder,boolean)>",
						"<android.media.AudioService$VolumeStreamState$VolumeDeathHandler: void mute(boolean)>",
						"<android.media.AudioService$VolumeStreamState: boolean setIndex(int,boolean)>",
						"<android.media.AudioService: int access$2100(android.media.AudioService,int,int,int)>",
						"<android.media.AudioService: int rescaleIndex(int,int,int)>",
						"key field: <android.media.AudioService: android.media.AudioService$VolumeStreamState[] mStreamStates>",
						"<android.media.AudioService: void ensureValidStreamType(int)>"
					],
					"depth":6,
					"method":"<android.media.AudioService: void setStreamSolo(int,boolean,android.os.IBinder)>",
					"source":"FIELDCALLER"
				},
				{
					"trace":[
						"<android.media.AudioService: void reloadAudioSettings()>",
						"<android.media.AudioService: void setRingerModeInt(int,boolean)>",
						"<android.media.AudioService$VolumeStreamState: void mute(android.os.IBinder,boolean)>",
						"<android.media.AudioService$VolumeStreamState$VolumeDeathHandler: void mute(boolean)>",
						"<android.media.AudioService$VolumeStreamState: boolean setIndex(int,boolean)>",
						"<android.media.AudioService: int access$2100(android.media.AudioService,int,int,int)>",
						"<android.media.AudioService: int rescaleIndex(int,int,int)>",
						"key field: <android.media.AudioService: android.media.AudioService$VolumeStreamState[] mStreamStates>",
						"<android.media.AudioService: void ensureValidStreamType(int)>"
					],
					"depth":7,
					"method":"<android.media.AudioService: void reloadAudioSettings()>",
					"source":"FIELDCALLER"
				},
				{
					"trace":[
						"<android.media.AudioService: void setRingerMode(int)>",
						"<android.media.AudioService: void setRingerModeInt(int,boolean)>",
						"<android.media.AudioService$VolumeStreamState: void mute(android.os.IBinder,boolean)>",
						"<android.media.AudioService$VolumeStreamState$VolumeDeathHandler: void mute(boolean)>",
						"<android.media.AudioService$VolumeStreamState: boolean setIndex(int,boolean)>",
						"<android.media.AudioService: int access$2100(android.media.AudioService,int,int,int)>",
						"<android.media.AudioService: int rescaleIndex(int,int,int)>",
						"key field: <android.media.AudioService: android.media.AudioService$VolumeStreamState[] mStreamStates>",
						"<android.media.AudioService: void ensureValidStreamType(int)>"
					],
					"depth":7,
					"method":"<android.media.AudioService: void setRingerMode(int)>",
					"source":"FIELDCALLER"
				}
			],
			"keyAPIDiffClass":[
				{
					"trace":[
						"<android.media.AudioService$3: void onCallStateChanged(int,java.lang.String)>",
						"<android.media.AudioService: int getStreamVolume(int)>",
						"<android.media.AudioService: void ensureValidStreamType(int)>",
						"key field: <android.media.AudioService: android.media.AudioService$VolumeStreamState[] mStreamStates>",
						"<android.media.AudioService: void ensureValidStreamType(int)>"
					],
					"depth":3,
					"method":"<android.media.AudioService$3: void onCallStateChanged(int,java.lang.String)>",
					"source":"FIELDCALLER"
				},
				{
					"trace":[
						"<android.media.AudioManager: int getStreamVolume(int)>",
						"<android.media.AudioService: int getStreamVolume(int)>",
						"<android.media.AudioService: void ensureValidStreamType(int)>",
						"key field: <android.media.AudioService: android.media.AudioService$VolumeStreamState[] mStreamStates>",
						"<android.media.AudioService: void ensureValidStreamType(int)>"
					],
					"depth":3,
					"method":"<android.media.AudioManager: int getStreamVolume(int)>",
					"source":"FIELDCALLER"
				},
				{
					"trace":[
						"<android.media.IAudioService$Stub: boolean onTransact(int,android.os.Parcel,android.os.Parcel,int)>",
						"<android.media.AudioService: int getStreamVolume(int)>",
						"<android.media.AudioService: void ensureValidStreamType(int)>",
						"key field: <android.media.AudioService: android.media.AudioService$VolumeStreamState[] mStreamStates>",
						"<android.media.AudioService: void ensureValidStreamType(int)>"
					],
					"depth":3,
					"method":"<android.media.IAudioService$Stub: boolean onTransact(int,android.os.Parcel,android.os.Parcel,int)>",
					"source":"FIELDCALLER"
				},
				{
					"trace":[
						"<android.media.AudioManager: void setStreamVolume(int,int,int)>",
						"<android.media.AudioService: void setStreamVolume(int,int,int)>",
						"<android.media.AudioService: void ensureValidStreamType(int)>",
						"key field: <android.media.AudioService: android.media.AudioService$VolumeStreamState[] mStreamStates>",
						"<android.media.AudioService: void ensureValidStreamType(int)>"
					],
					"depth":3,
					"method":"<android.media.AudioManager: void setStreamVolume(int,int,int)>",
					"source":"FIELDCALLER"
				},
				{
					"trace":[
						"<android.media.AudioManager: int getStreamMaxVolume(int)>",
						"<android.media.AudioService: int getStreamMaxVolume(int)>",
						"<android.media.AudioService: void ensureValidStreamType(int)>",
						"key field: <android.media.AudioService: android.media.AudioService$VolumeStreamState[] mStreamStates>",
						"<android.media.AudioService: void ensureValidStreamType(int)>"
					],
					"depth":3,
					"method":"<android.media.AudioManager: int getStreamMaxVolume(int)>",
					"source":"FIELDCALLER"
				},
				{
					"trace":[
						"<android.media.AudioService$VolumeStreamState: boolean setIndex(int,boolean)>",
						"<android.media.AudioService: int access$2100(android.media.AudioService,int,int,int)>",
						"<android.media.AudioService: int rescaleIndex(int,int,int)>",
						"key field: <android.media.AudioService: android.media.AudioService$VolumeStreamState[] mStreamStates>",
						"<android.media.AudioService: void ensureValidStreamType(int)>"
					],
					"depth":3,
					"method":"<android.media.AudioService$VolumeStreamState: boolean setIndex(int,boolean)>",
					"source":"FIELDCALLER"
				},
				{
					"trace":[
						"<android.media.Ringtone: void play()>",
						"<android.media.AudioManager: int getStreamVolume(int)>",
						"<android.media.AudioService: int getStreamVolume(int)>",
						"<android.media.AudioService: void ensureValidStreamType(int)>",
						"key field: <android.media.AudioService: android.media.AudioService$VolumeStreamState[] mStreamStates>",
						"<android.media.AudioService: void ensureValidStreamType(int)>"
					],
					"depth":4,
					"method":"<android.media.Ringtone: void play()>",
					"source":"FIELDCALLER"
				},
				{
					"trace":[
						"<android.media.AudioService$VolumeStreamState$VolumeDeathHandler: void mute(boolean)>",
						"<android.media.AudioService$VolumeStreamState: boolean setIndex(int,boolean)>",
						"<android.media.AudioService: int access$2100(android.media.AudioService,int,int,int)>",
						"<android.media.AudioService: int rescaleIndex(int,int,int)>",
						"key field: <android.media.AudioService: android.media.AudioService$VolumeStreamState[] mStreamStates>",
						"<android.media.AudioService: void ensureValidStreamType(int)>"
					],
					"depth":4,
					"method":"<android.media.AudioService$VolumeStreamState$VolumeDeathHandler: void mute(boolean)>",
					"source":"FIELDCALLER"
				},
				{
					"trace":[
						"<android.media.AudioService$VolumeStreamState: boolean adjustIndex(int)>",
						"<android.media.AudioService$VolumeStreamState: boolean setIndex(int,boolean)>",
						"<android.media.AudioService: int access$2100(android.media.AudioService,int,int,int)>",
						"<android.media.AudioService: int rescaleIndex(int,int,int)>",
						"key field: <android.media.AudioService: android.media.AudioService$VolumeStreamState[] mStreamStates>",
						"<android.media.AudioService: void ensureValidStreamType(int)>"
					],
					"depth":4,
					"method":"<android.media.AudioService$VolumeStreamState: boolean adjustIndex(int)>",
					"source":"FIELDCALLER"
				},
				{
					"trace":[
						"<android.media.AudioService$VolumeStreamState: void mute(android.os.IBinder,boolean)>",
						"<android.media.AudioService$VolumeStreamState$VolumeDeathHandler: void mute(boolean)>",
						"<android.media.AudioService$VolumeStreamState: boolean setIndex(int,boolean)>",
						"<android.media.AudioService: int access$2100(android.media.AudioService,int,int,int)>",
						"<android.media.AudioService: int rescaleIndex(int,int,int)>",
						"key field: <android.media.AudioService: android.media.AudioService$VolumeStreamState[] mStreamStates>",
						"<android.media.AudioService: void ensureValidStreamType(int)>"
					],
					"depth":5,
					"method":"<android.media.AudioService$VolumeStreamState: void mute(android.os.IBinder,boolean)>",
					"source":"FIELDCALLER"
				},
				{
					"trace":[
						"<android.media.AudioService$VolumeStreamState$VolumeDeathHandler: void binderDied()>",
						"<android.media.AudioService$VolumeStreamState$VolumeDeathHandler: void mute(boolean)>",
						"<android.media.AudioService$VolumeStreamState: boolean setIndex(int,boolean)>",
						"<android.media.AudioService: int access$2100(android.media.AudioService,int,int,int)>",
						"<android.media.AudioService: int rescaleIndex(int,int,int)>",
						"key field: <android.media.AudioService: android.media.AudioService$VolumeStreamState[] mStreamStates>",
						"<android.media.AudioService: void ensureValidStreamType(int)>"
					],
					"depth":5,
					"method":"<android.media.AudioService$VolumeStreamState$VolumeDeathHandler: void binderDied()>",
					"source":"FIELDCALLER"
				},
				{
					"trace":[
						"<android.os.IBinder$DeathRecipient: void binderDied()>",
						"<android.media.AudioService$VolumeStreamState$VolumeDeathHandler: void mute(boolean)>",
						"<android.media.AudioService$VolumeStreamState: boolean setIndex(int,boolean)>",
						"<android.media.AudioService: int access$2100(android.media.AudioService,int,int,int)>",
						"<android.media.AudioService: int rescaleIndex(int,int,int)>",
						"key field: <android.media.AudioService: android.media.AudioService$VolumeStreamState[] mStreamStates>",
						"<android.media.AudioService: void ensureValidStreamType(int)>"
					],
					"depth":5,
					"method":"<android.os.IBinder$DeathRecipient: void binderDied()>",
					"source":"FIELDCALLER"
				},
				{
					"trace":[
						"<android.media.AudioService$AudioHandler: void handleMessage(android.os.Message)>",
						"<android.media.AudioService: void access$3900(android.media.AudioService,int,boolean)>",
						"<android.media.AudioService: void setRingerModeInt(int,boolean)>",
						"<android.media.AudioService$VolumeStreamState: void mute(android.os.IBinder,boolean)>",
						"<android.media.AudioService$VolumeStreamState$VolumeDeathHandler: void mute(boolean)>",
						"<android.media.AudioService$VolumeStreamState: boolean setIndex(int,boolean)>",
						"<android.media.AudioService: int access$2100(android.media.AudioService,int,int,int)>",
						"<android.media.AudioService: int rescaleIndex(int,int,int)>",
						"key field: <android.media.AudioService: android.media.AudioService$VolumeStreamState[] mStreamStates>",
						"<android.media.AudioService: void ensureValidStreamType(int)>"
					],
					"depth":8,
					"method":"<android.media.AudioService$AudioHandler: void handleMessage(android.os.Message)>",
					"source":"FIELDCALLER"
				},
				{
					"trace":[
						"<android.media.AudioService$SettingsObserver: void onChange(boolean)>",
						"<android.media.AudioService: void access$3900(android.media.AudioService,int,boolean)>",
						"<android.media.AudioService: void setRingerModeInt(int,boolean)>",
						"<android.media.AudioService$VolumeStreamState: void mute(android.os.IBinder,boolean)>",
						"<android.media.AudioService$VolumeStreamState$VolumeDeathHandler: void mute(boolean)>",
						"<android.media.AudioService$VolumeStreamState: boolean setIndex(int,boolean)>",
						"<android.media.AudioService: int access$2100(android.media.AudioService,int,int,int)>",
						"<android.media.AudioService: int rescaleIndex(int,int,int)>",
						"key field: <android.media.AudioService: android.media.AudioService$VolumeStreamState[] mStreamStates>",
						"<android.media.AudioService: void ensureValidStreamType(int)>"
					],
					"depth":8,
					"method":"<android.media.AudioService$SettingsObserver: void onChange(boolean)>",
					"source":"FIELDCALLER"
				}
			],
			"callerOfSingnlar2SourceVar":{
				"<android.media.AudioService: int getStreamMaxVolume(int)>":"0",
				"<android.media.AudioService: void setStreamVolume(int,int,int)>":"0",
				"<android.view.VolumePanel: void onShowVolumeChanged(int,int)>":"0",
				"<android.view.VolumePanel: void onVolumeChanged(int,int)>":"0",
				"<android.media.AudioService: void adjustStreamVolume(int,int,int)>":"0",
				"<android.media.AudioService: int getStreamVolume(int)>":"0",
				"<android.media.AudioService: void ensureValidStreamType(int)>":"0"
			}
		}
	]
}