{
	"exceptions":[
		{
			"method":"<android.content.BroadcastReceiver: void checkSynchronousHint()>",
			"message":"[\\s\\S]*",
			"relatedVarType":"Field",
			"relatedCondType":"Basic",
			"modifier":"default",
			"type":"java.lang.RuntimeException",
			"osVersionRelated":false,
			"resourceRelated":false,
			"assessRelated":false,
			"hardwareRelated":false,
			"manifestRelated":false,
			"conditions":"$z1 == 0, $z0 != 0",
			"fieldValues":"<android.content.BroadcastReceiver: boolean mInitialStickyHint>, <android.content.BroadcastReceiver: boolean mOrderedHint>",
			"relatedValues":"; <android.content.BroadcastReceiver: boolean mInitialStickyHint>, <android.content.BroadcastReceiver: boolean mOrderedHint>; ",
			"keyAPISameClassNum":2,
			"keyAPIDiffClassNum":0,
			"keyAPISameClass":[
				{
					"trace":[
						"<android.content.BroadcastReceiver: void checkSynchronousHint()>"
					],
					"depth":1,
					"method":"<android.content.BroadcastReceiver: void setInitialStickyHint(boolean)>",
					"source":"FIELD"
				},
				{
					"trace":[
						"<android.content.BroadcastReceiver: void checkSynchronousHint()>"
					],
					"depth":1,
					"method":"<android.content.BroadcastReceiver: void setOrderedHint(boolean)>",
					"source":"FIELD"
				}
			],
			"keyAPIDiffClass":[],
			"callerOfSingnlar2SourceVar":{}
		}
	]
}