{
	"exceptions":[
		{
			"method":"<android.renderscript.FieldPacker: void addU16(int)>",
			"message":"\\QSaving value out of range for type\\E",
			"relatedVarType":"Parameter",
			"relatedCondType":"Basic",
			"modifier":"default",
			"type":"java.lang.IllegalArgumentException",
			"osVersionRelated":false,
			"resourceRelated":false,
			"assessRelated":false,
			"hardwareRelated":false,
			"manifestRelated":false,
			"conditions":"i0 < 0, i0 <= 65535",
			"paramValues":"@parameter0: int",
			"relatedValues":"@parameter0: int; ; ",
			"keyAPISameClassNum":0,
			"keyAPIDiffClassNum":0,
			"keyAPISameClass":[
				{
					"trace":[
						"<android.renderscript.FieldPacker: void addU16(int)>"
					],
					"depth":0,
					"method":"<android.renderscript.FieldPacker: void addU16(int)>",
					"source":"CALLER"
				}
			],
			"keyAPIDiffClass":[],
			"callerOfSingnlar2SourceVar":{
				"<android.renderscript.FieldPacker: void addU16(int)>":"0"
			}
		},
		{
			"method":"<android.renderscript.FieldPacker: void addU32(long)>",
			"message":"\\QSaving value out of range for type\\E",
			"relatedVarType":"Parameter",
			"relatedCondType":"Basic",
			"modifier":"default",
			"type":"java.lang.IllegalArgumentException",
			"osVersionRelated":false,
			"resourceRelated":false,
			"assessRelated":false,
			"hardwareRelated":false,
			"manifestRelated":false,
			"conditions":"$b1 < 0, $b2 <= 0",
			"paramValues":"@parameter0: long",
			"relatedValues":"@parameter0: long; ; ",
			"keyAPISameClassNum":0,
			"keyAPIDiffClassNum":0,
			"keyAPISameClass":[
				{
					"trace":[
						"<android.renderscript.FieldPacker: void addU32(long)>"
					],
					"depth":0,
					"method":"<android.renderscript.FieldPacker: void addU32(long)>",
					"source":"CALLER"
				}
			],
			"keyAPIDiffClass":[],
			"callerOfSingnlar2SourceVar":{
				"<android.renderscript.FieldPacker: void addU32(long)>":"0"
			}
		},
		{
			"method":"<android.renderscript.FieldPacker: void addU64(long)>",
			"message":"\\QSaving value out of range for type\\E",
			"relatedVarType":"Parameter",
			"relatedCondType":"Basic",
			"modifier":"default",
			"type":"java.lang.IllegalArgumentException",
			"osVersionRelated":false,
			"resourceRelated":false,
			"assessRelated":false,
			"hardwareRelated":false,
			"manifestRelated":false,
			"conditions":"$b1 >= 0",
			"paramValues":"@parameter0: long",
			"relatedValues":"@parameter0: long; ; ",
			"keyAPISameClassNum":0,
			"keyAPIDiffClassNum":0,
			"keyAPISameClass":[
				{
					"trace":[
						"<android.renderscript.FieldPacker: void addU64(long)>"
					],
					"depth":0,
					"method":"<android.renderscript.FieldPacker: void addU64(long)>",
					"source":"CALLER"
				}
			],
			"keyAPIDiffClass":[],
			"callerOfSingnlar2SourceVar":{
				"<android.renderscript.FieldPacker: void addU64(long)>":"0"
			}
		},
		{
			"method":"<android.renderscript.FieldPacker: void addU8(short)>",
			"message":"\\QSaving value out of range for type\\E",
			"relatedVarType":"Parameter",
			"relatedCondType":"Basic",
			"modifier":"default",
			"type":"java.lang.IllegalArgumentException",
			"osVersionRelated":false,
			"resourceRelated":false,
			"assessRelated":false,
			"hardwareRelated":false,
			"manifestRelated":false,
			"conditions":"s0 < 0, s0 <= 255",
			"paramValues":"@parameter0: short",
			"relatedValues":"@parameter0: short; ; ",
			"keyAPISameClassNum":0,
			"keyAPIDiffClassNum":0,
			"keyAPISameClass":[
				{
					"trace":[
						"<android.renderscript.FieldPacker: void addU8(short)>"
					],
					"depth":0,
					"method":"<android.renderscript.FieldPacker: void addU8(short)>",
					"source":"CALLER"
				}
			],
			"keyAPIDiffClass":[],
			"callerOfSingnlar2SourceVar":{
				"<android.renderscript.FieldPacker: void addU8(short)>":"0"
			}
		}
	]
}