{
	"exceptions":[
		{
			"method":"<android.content.SyncManager: long jitterize(long,long)>",
			"message":"\\Qthe difference between the maxValue and the minValue must be less than 2147483647\\E",
			"relatedVarType":"Parameter",
			"relatedCondType":"Basic",
			"modifier":"private",
			"type":"java.lang.IllegalArgumentException",
			"osVersionRelated":false,
			"resourceRelated":false,
			"assessRelated":false,
			"hardwareRelated":false,
			"manifestRelated":false,
			"conditions":"$b4 <= 0",
			"paramValues":"@parameter1: long, @parameter0: long",
			"relatedValues":"@parameter1: long, @parameter0: long; ; ",
			"keyAPISameClassNum":0,
			"keyAPIDiffClassNum":0,
			"keyAPISameClass":[
				{
					"trace":[
						"<android.content.SyncManager: long jitterize(long,long)>"
					],
					"depth":0,
					"method":"<android.content.SyncManager: long jitterize(long,long)>",
					"source":"CALLER"
				}
			],
			"keyAPIDiffClass":[],
			"callerOfSingnlar2SourceVar":{
				"<android.content.SyncManager: long jitterize(long,long)>":"1, 0"
			}
		}
	]
}