{
	"exceptions":[
		{
			"method":"<android.graphics.Region: void <init>(int)>",
			"message":"[\\s\\S]*",
			"relatedVarType":"Parameter",
			"relatedCondType":"Basic",
			"modifier":"default",
			"type":"java.lang.RuntimeException",
			"osVersionRelated":false,
			"resourceRelated":false,
			"assessRelated":false,
			"hardwareRelated":false,
			"manifestRelated":false,
			"conditions":"i0 != 0",
			"paramValues":"@parameter0: int",
			"relatedValues":"@parameter0: int; ; ",
			"keyAPISameClassNum":0,
			"keyAPIDiffClassNum":0,
			"keyAPISameClass":[
				{
					"trace":[
						"<android.graphics.Region: void <init>(int)>"
					],
					"depth":0,
					"method":"<android.graphics.Region: void <init>(int)>",
					"source":"CALLER"
				}
			],
			"keyAPIDiffClass":[
				{
					"trace":[
						"<android.graphics.Region$1: android.graphics.Region createFromParcel(android.os.Parcel)>",
						"<android.graphics.Region: void <init>(int)>"
					],
					"depth":1,
					"method":"<android.graphics.Region$1: android.graphics.Region createFromParcel(android.os.Parcel)>",
					"source":"CALLER"
				},
				{
					"trace":[
						"<android.os.Parcelable$Creator: java.lang.Object createFromParcel(android.os.Parcel)>",
						"<android.graphics.Region: void <init>(int)>"
					],
					"depth":1,
					"method":"<android.os.Parcelable$Creator: java.lang.Object createFromParcel(android.os.Parcel)>",
					"source":"CALLER"
				},
				{
					"trace":[
						"<android.graphics.NinePatch: android.graphics.Region getTransparentRegion(android.graphics.Rect)>",
						"<android.graphics.Region: void <init>(int)>"
					],
					"depth":1,
					"method":"<android.graphics.NinePatch: android.graphics.Region getTransparentRegion(android.graphics.Rect)>",
					"source":"CALLER"
				},
				{
					"trace":[
						"<android.graphics.Region$1: java.lang.Object createFromParcel(android.os.Parcel)>",
						"<android.graphics.Region$1: android.graphics.Region createFromParcel(android.os.Parcel)>",
						"<android.graphics.Region: void <init>(int)>"
					],
					"depth":2,
					"method":"<android.graphics.Region$1: java.lang.Object createFromParcel(android.os.Parcel)>",
					"source":"CALLER"
				}
			],
			"callerOfSingnlar2SourceVar":{
				"<android.graphics.Region: void <init>(int,int)>":"0",
				"<android.graphics.Region: void <init>(int)>":"0"
			}
		},
		{
			"method":"<android.graphics.Region: boolean getBounds(android.graphics.Rect)>",
			"message":"[\\s\\S]*",
			"relatedVarType":"Parameter",
			"relatedCondType":"Basic",
			"modifier":"public",
			"type":"java.lang.NullPointerException",
			"osVersionRelated":false,
			"resourceRelated":false,
			"assessRelated":false,
			"hardwareRelated":false,
			"manifestRelated":false,
			"conditions":"r0 != null",
			"paramValues":"@parameter0: android.graphics.Rect",
			"relatedValues":"@parameter0: android.graphics.Rect; ; ",
			"keyAPISameClassNum":0,
			"keyAPIDiffClassNum":0,
			"keyAPISameClass":[
				{
					"trace":[
						"<android.graphics.Region: boolean getBounds(android.graphics.Rect)>"
					],
					"depth":0,
					"method":"<android.graphics.Region: boolean getBounds(android.graphics.Rect)>",
					"source":"CALLER"
				}
			],
			"keyAPIDiffClass":[],
			"callerOfSingnlar2SourceVar":{
				"<android.graphics.Region: boolean getBounds(android.graphics.Rect)>":"0"
			}
		},
		{
			"method":"<android.graphics.Region: void writeToParcel(android.os.Parcel,int)>",
			"message":"[\\s\\S]*",
			"relatedVarType":"ParaAndField",
			"relatedCondType":"Basic",
			"modifier":"public",
			"type":"java.lang.RuntimeException",
			"osVersionRelated":false,
			"resourceRelated":false,
			"assessRelated":false,
			"hardwareRelated":false,
			"manifestRelated":false,
			"conditions":"$z0 != 0",
			"paramValues":"@parameter0: android.os.Parcel",
			"fieldValues":"<android.graphics.Region: int mNativeRegion>",
			"relatedValues":"@parameter0: android.os.Parcel; <android.graphics.Region: int mNativeRegion>; ",
			"keyAPISameClassNum":4,
			"keyAPIDiffClassNum":14,
			"keyAPISameClass":[
				{
					"trace":[
						"<android.graphics.Region: void <init>(android.graphics.Region)>",
						"<android.graphics.Region: void <init>(int)>",
						"key field: <android.graphics.Region: int mNativeRegion>",
						"<android.graphics.Region: void writeToParcel(android.os.Parcel,int)>"
					],
					"depth":2,
					"method":"<android.graphics.Region: void <init>(android.graphics.Region)>",
					"source":"FIELDCALLER"
				},
				{
					"trace":[
						"<android.graphics.Region: void <init>()>",
						"<android.graphics.Region: void <init>(int)>",
						"key field: <android.graphics.Region: int mNativeRegion>",
						"<android.graphics.Region: void writeToParcel(android.os.Parcel,int)>"
					],
					"depth":2,
					"method":"<android.graphics.Region: void <init>()>",
					"source":"FIELDCALLER"
				},
				{
					"trace":[
						"<android.graphics.Region: void <init>(android.graphics.Rect)>",
						"<android.graphics.Region: void <init>()>",
						"<android.graphics.Region: void <init>(int)>",
						"key field: <android.graphics.Region: int mNativeRegion>",
						"<android.graphics.Region: void writeToParcel(android.os.Parcel,int)>"
					],
					"depth":3,
					"method":"<android.graphics.Region: void <init>(android.graphics.Rect)>",
					"source":"FIELDCALLER"
				},
				{
					"trace":[
						"<android.graphics.Region: void <init>(int,int,int,int)>",
						"<android.graphics.Region: void <init>()>",
						"<android.graphics.Region: void <init>(int)>",
						"key field: <android.graphics.Region: int mNativeRegion>",
						"<android.graphics.Region: void writeToParcel(android.os.Parcel,int)>"
					],
					"depth":3,
					"method":"<android.graphics.Region: void <init>(int,int,int,int)>",
					"source":"FIELDCALLER"
				}
			],
			"keyAPIDiffClass":[
				{
					"trace":[
						"<android.graphics.Region$1: android.graphics.Region createFromParcel(android.os.Parcel)>",
						"<android.graphics.Region: void <init>(int)>",
						"key field: <android.graphics.Region: int mNativeRegion>",
						"<android.graphics.Region: void writeToParcel(android.os.Parcel,int)>"
					],
					"depth":2,
					"method":"<android.graphics.Region$1: android.graphics.Region createFromParcel(android.os.Parcel)>",
					"source":"FIELDCALLER"
				},
				{
					"trace":[
						"<android.os.Parcelable$Creator: java.lang.Object createFromParcel(android.os.Parcel)>",
						"<android.graphics.Region: void <init>(int)>",
						"key field: <android.graphics.Region: int mNativeRegion>",
						"<android.graphics.Region: void writeToParcel(android.os.Parcel,int)>"
					],
					"depth":2,
					"method":"<android.os.Parcelable$Creator: java.lang.Object createFromParcel(android.os.Parcel)>",
					"source":"FIELDCALLER"
				},
				{
					"trace":[
						"<android.graphics.NinePatch: android.graphics.Region getTransparentRegion(android.graphics.Rect)>",
						"<android.graphics.Region: void <init>(int)>",
						"key field: <android.graphics.Region: int mNativeRegion>",
						"<android.graphics.Region: void writeToParcel(android.os.Parcel,int)>"
					],
					"depth":2,
					"method":"<android.graphics.NinePatch: android.graphics.Region getTransparentRegion(android.graphics.Rect)>",
					"source":"FIELDCALLER"
				},
				{
					"trace":[
						"<android.graphics.Region$1: java.lang.Object createFromParcel(android.os.Parcel)>",
						"<android.graphics.Region$1: android.graphics.Region createFromParcel(android.os.Parcel)>",
						"<android.graphics.Region: void <init>(int)>",
						"key field: <android.graphics.Region: int mNativeRegion>",
						"<android.graphics.Region: void writeToParcel(android.os.Parcel,int)>"
					],
					"depth":3,
					"method":"<android.graphics.Region$1: java.lang.Object createFromParcel(android.os.Parcel)>",
					"source":"FIELDCALLER"
				},
				{
					"trace":[
						"<android.graphics.drawable.NinePatchDrawable: android.graphics.Region getTransparentRegion()>",
						"<android.graphics.NinePatch: android.graphics.Region getTransparentRegion(android.graphics.Rect)>",
						"<android.graphics.Region: void <init>(int)>",
						"key field: <android.graphics.Region: int mNativeRegion>",
						"<android.graphics.Region: void writeToParcel(android.os.Parcel,int)>"
					],
					"depth":3,
					"method":"<android.graphics.drawable.NinePatchDrawable: android.graphics.Region getTransparentRegion()>",
					"source":"FIELDCALLER"
				},
				{
					"trace":[
						"<android.view.ViewRoot: void <init>(android.content.Context)>",
						"<android.graphics.Region: void <init>()>",
						"<android.graphics.Region: void <init>(int)>",
						"key field: <android.graphics.Region: int mNativeRegion>",
						"<android.graphics.Region: void writeToParcel(android.os.Parcel,int)>"
					],
					"depth":3,
					"method":"<android.view.ViewRoot: void <init>(android.content.Context)>",
					"source":"FIELDCALLER"
				},
				{
					"trace":[
						"<android.content.PeriodicSync$1: android.content.PeriodicSync createFromParcel(android.os.Parcel)>",
						"<android.graphics.Region$1: java.lang.Object createFromParcel(android.os.Parcel)>",
						"<android.graphics.Region$1: android.graphics.Region createFromParcel(android.os.Parcel)>",
						"<android.graphics.Region: void <init>(int)>",
						"key field: <android.graphics.Region: int mNativeRegion>",
						"<android.graphics.Region: void writeToParcel(android.os.Parcel,int)>"
					],
					"depth":4,
					"method":"<android.content.PeriodicSync$1: android.content.PeriodicSync createFromParcel(android.os.Parcel)>",
					"source":"FIELDCALLER"
				},
				{
					"trace":[
						"<android.content.PeriodicSync$1: java.lang.Object createFromParcel(android.os.Parcel)>",
						"<android.content.PeriodicSync$1: android.content.PeriodicSync createFromParcel(android.os.Parcel)>",
						"<android.graphics.Region$1: java.lang.Object createFromParcel(android.os.Parcel)>",
						"<android.graphics.Region$1: android.graphics.Region createFromParcel(android.os.Parcel)>",
						"<android.graphics.Region: void <init>(int)>",
						"key field: <android.graphics.Region: int mNativeRegion>",
						"<android.graphics.Region: void writeToParcel(android.os.Parcel,int)>"
					],
					"depth":5,
					"method":"<android.content.PeriodicSync$1: java.lang.Object createFromParcel(android.os.Parcel)>",
					"source":"FIELDCALLER"
				},
				{
					"trace":[
						"<android.net.wifi.WifiInfo$1: android.net.wifi.WifiInfo createFromParcel(android.os.Parcel)>",
						"<android.content.PeriodicSync$1: java.lang.Object createFromParcel(android.os.Parcel)>",
						"<android.content.PeriodicSync$1: android.content.PeriodicSync createFromParcel(android.os.Parcel)>",
						"<android.graphics.Region$1: java.lang.Object createFromParcel(android.os.Parcel)>",
						"<android.graphics.Region$1: android.graphics.Region createFromParcel(android.os.Parcel)>",
						"<android.graphics.Region: void <init>(int)>",
						"key field: <android.graphics.Region: int mNativeRegion>",
						"<android.graphics.Region: void writeToParcel(android.os.Parcel,int)>"
					],
					"depth":6,
					"method":"<android.net.wifi.WifiInfo$1: android.net.wifi.WifiInfo createFromParcel(android.os.Parcel)>",
					"source":"FIELDCALLER"
				},
				{
					"trace":[
						"<android.net.wifi.WifiInfo$1: java.lang.Object createFromParcel(android.os.Parcel)>",
						"<android.net.wifi.WifiInfo$1: android.net.wifi.WifiInfo createFromParcel(android.os.Parcel)>",
						"<android.content.PeriodicSync$1: java.lang.Object createFromParcel(android.os.Parcel)>",
						"<android.content.PeriodicSync$1: android.content.PeriodicSync createFromParcel(android.os.Parcel)>",
						"<android.graphics.Region$1: java.lang.Object createFromParcel(android.os.Parcel)>",
						"<android.graphics.Region$1: android.graphics.Region createFromParcel(android.os.Parcel)>",
						"<android.graphics.Region: void <init>(int)>",
						"key field: <android.graphics.Region: int mNativeRegion>",
						"<android.graphics.Region: void writeToParcel(android.os.Parcel,int)>"
					],
					"depth":7,
					"method":"<android.net.wifi.WifiInfo$1: java.lang.Object createFromParcel(android.os.Parcel)>",
					"source":"FIELDCALLER"
				},
				{
					"trace":[
						"<android.view.inputmethod.ExtractedText$1: java.lang.Object createFromParcel(android.os.Parcel)>",
						"<android.view.inputmethod.ExtractedText$1: android.view.inputmethod.ExtractedText createFromParcel(android.os.Parcel)>",
						"<android.content.PeriodicSync$1: java.lang.Object createFromParcel(android.os.Parcel)>",
						"<android.content.PeriodicSync$1: android.content.PeriodicSync createFromParcel(android.os.Parcel)>",
						"<android.graphics.Region$1: java.lang.Object createFromParcel(android.os.Parcel)>",
						"<android.graphics.Region$1: android.graphics.Region createFromParcel(android.os.Parcel)>",
						"<android.graphics.Region: void <init>(int)>",
						"key field: <android.graphics.Region: int mNativeRegion>",
						"<android.graphics.Region: void writeToParcel(android.os.Parcel,int)>"
					],
					"depth":7,
					"method":"<android.view.inputmethod.ExtractedText$1: java.lang.Object createFromParcel(android.os.Parcel)>",
					"source":"FIELDCALLER"
				},
				{
					"trace":[
						"<android.view.inputmethod.EditorInfo$1: java.lang.Object createFromParcel(android.os.Parcel)>",
						"<android.view.inputmethod.EditorInfo$1: android.view.inputmethod.EditorInfo createFromParcel(android.os.Parcel)>",
						"<android.content.PeriodicSync$1: java.lang.Object createFromParcel(android.os.Parcel)>",
						"<android.content.PeriodicSync$1: android.content.PeriodicSync createFromParcel(android.os.Parcel)>",
						"<android.graphics.Region$1: java.lang.Object createFromParcel(android.os.Parcel)>",
						"<android.graphics.Region$1: android.graphics.Region createFromParcel(android.os.Parcel)>",
						"<android.graphics.Region: void <init>(int)>",
						"key field: <android.graphics.Region: int mNativeRegion>",
						"<android.graphics.Region: void writeToParcel(android.os.Parcel,int)>"
					],
					"depth":7,
					"method":"<android.view.inputmethod.EditorInfo$1: java.lang.Object createFromParcel(android.os.Parcel)>",
					"source":"FIELDCALLER"
				},
				{
					"trace":[
						"<android.view.inputmethod.ExtractedText$1: android.view.inputmethod.ExtractedText createFromParcel(android.os.Parcel)>",
						"<android.net.wifi.WifiInfo$1: java.lang.Object createFromParcel(android.os.Parcel)>",
						"<android.net.wifi.WifiInfo$1: android.net.wifi.WifiInfo createFromParcel(android.os.Parcel)>",
						"<android.content.PeriodicSync$1: java.lang.Object createFromParcel(android.os.Parcel)>",
						"<android.content.PeriodicSync$1: android.content.PeriodicSync createFromParcel(android.os.Parcel)>",
						"<android.graphics.Region$1: java.lang.Object createFromParcel(android.os.Parcel)>",
						"<android.graphics.Region$1: android.graphics.Region createFromParcel(android.os.Parcel)>",
						"<android.graphics.Region: void <init>(int)>",
						"key field: <android.graphics.Region: int mNativeRegion>",
						"<android.graphics.Region: void writeToParcel(android.os.Parcel,int)>"
					],
					"depth":8,
					"method":"<android.view.inputmethod.ExtractedText$1: android.view.inputmethod.ExtractedText createFromParcel(android.os.Parcel)>",
					"source":"FIELDCALLER"
				},
				{
					"trace":[
						"<android.view.inputmethod.EditorInfo$1: android.view.inputmethod.EditorInfo createFromParcel(android.os.Parcel)>",
						"<android.net.wifi.WifiInfo$1: java.lang.Object createFromParcel(android.os.Parcel)>",
						"<android.net.wifi.WifiInfo$1: android.net.wifi.WifiInfo createFromParcel(android.os.Parcel)>",
						"<android.content.PeriodicSync$1: java.lang.Object createFromParcel(android.os.Parcel)>",
						"<android.content.PeriodicSync$1: android.content.PeriodicSync createFromParcel(android.os.Parcel)>",
						"<android.graphics.Region$1: java.lang.Object createFromParcel(android.os.Parcel)>",
						"<android.graphics.Region$1: android.graphics.Region createFromParcel(android.os.Parcel)>",
						"<android.graphics.Region: void <init>(int)>",
						"key field: <android.graphics.Region: int mNativeRegion>",
						"<android.graphics.Region: void writeToParcel(android.os.Parcel,int)>"
					],
					"depth":8,
					"method":"<android.view.inputmethod.EditorInfo$1: android.view.inputmethod.EditorInfo createFromParcel(android.os.Parcel)>",
					"source":"FIELDCALLER"
				}
			],
			"callerOfSingnlar2SourceVar":{
				"<android.graphics.Region: void writeToParcel(android.os.Parcel,int)>":"0"
			}
		}
	]
}