{
	"exceptions":[
		{
			"method":"<android.view.KeyEvent$DispatcherState: void startTracking(android.view.KeyEvent,java.lang.Object)>",
			"message":"\\QCan only start tracking on a down event\\E",
			"relatedVarType":"Parameter",
			"relatedCondType":"Basic",
			"modifier":"public",
			"type":"java.lang.IllegalArgumentException",
			"osVersionRelated":false,
			"resourceRelated":false,
			"assessRelated":false,
			"hardwareRelated":false,
			"manifestRelated":false,
			"conditions":"$i0 == 0",
			"paramValues":"@parameter0: android.view.KeyEvent",
			"relatedValues":"@parameter0: android.view.KeyEvent; ; ",
			"keyAPISameClassNum":0,
			"keyAPIDiffClassNum":0,
			"keyAPISameClass":[
				{
					"trace":[
						"<android.view.KeyEvent$DispatcherState: void startTracking(android.view.KeyEvent,java.lang.Object)>"
					],
					"depth":0,
					"method":"<android.view.KeyEvent$DispatcherState: void startTracking(android.view.KeyEvent,java.lang.Object)>",
					"source":"CALLER"
				}
			],
			"keyAPIDiffClass":[],
			"callerOfSingnlar2SourceVar":{
				"<android.widget.ZoomButtonsController$Container: boolean dispatchKeyEvent(android.view.KeyEvent)>":"0",
				"<android.view.KeyEvent: boolean dispatch(android.view.KeyEvent$Callback,android.view.KeyEvent$DispatcherState,java.lang.Object)>":"-1",
				"<android.widget.ListView: boolean onKeyUp(int,android.view.KeyEvent)>":"1",
				"<android.widget.AutoCompleteTextView: boolean onKeyPreIme(int,android.view.KeyEvent)>":"1",
				"<android.widget.AutoCompleteTextView: boolean onKeyUp(int,android.view.KeyEvent)>":"1",
				"<android.widget.GridView: boolean onKeyMultiple(int,int,android.view.KeyEvent)>":"2",
				"<android.widget.AbsListView: boolean sendToTextFilter(int,int,android.view.KeyEvent)>":"2",
				"<android.widget.GridView: boolean onKeyDown(int,android.view.KeyEvent)>":"1",
				"<android.widget.ListView: boolean commonKey(int,int,android.view.KeyEvent)>":"2",
				"<android.widget.GridView: boolean onKeyUp(int,android.view.KeyEvent)>":"1",
				"<android.view.KeyEvent$DispatcherState: void startTracking(android.view.KeyEvent,java.lang.Object)>":"0",
				"<android.widget.PopupWindow$PopupViewContainer: boolean dispatchKeyEvent(android.view.KeyEvent)>":"0",
				"<android.widget.ListView: boolean onKeyDown(int,android.view.KeyEvent)>":"1",
				"<android.widget.ListView: boolean onKeyMultiple(int,int,android.view.KeyEvent)>":"2",
				"<android.widget.AutoCompleteTextView: boolean onKeyDown(int,android.view.KeyEvent)>":"1",
				"<android.widget.ZoomButtonsController: boolean onContainerKey(android.view.KeyEvent)>":"0",
				"<android.widget.ZoomButtonsController: boolean access$800(android.widget.ZoomButtonsController,android.view.KeyEvent)>":"1",
				"<android.widget.ListView: boolean dispatchKeyEvent(android.view.KeyEvent)>":"0",
				"<android.widget.GridView: boolean commonKey(int,int,android.view.KeyEvent)>":"2",
				"<android.app.SearchDialog$SearchBar: boolean dispatchKeyEventPreIme(android.view.KeyEvent)>":"0"
			}
		}
	]
}