{
	"exceptions":[
		{
			"method":"<android.media.MediaScannerConnection: void scanFile(java.lang.String,java.lang.String)>",
			"message":"\\Qnot connected to MediaScannerService\\E",
			"relatedVarType":"Field",
			"relatedCondType":"Basic",
			"modifier":"public",
			"type":"java.lang.IllegalStateException",
			"osVersionRelated":false,
			"resourceRelated":false,
			"assessRelated":false,
			"hardwareRelated":false,
			"manifestRelated":false,
			"conditions":"$r1 == null, $z0 != 0",
			"fieldValues":"<android.media.MediaScannerConnection: android.media.IMediaScannerService mService>, <android.media.MediaScannerConnection: boolean mConnected>",
			"relatedValues":"; <android.media.MediaScannerConnection: android.media.IMediaScannerService mService>, <android.media.MediaScannerConnection: boolean mConnected>; ",
			"keyAPISameClassNum":7,
			"keyAPIDiffClassNum":6,
			"keyAPISameClass":[
				{
					"trace":[
						"<android.media.MediaScannerConnection: void scanFile(java.lang.String,java.lang.String)>"
					],
					"depth":1,
					"method":"<android.media.MediaScannerConnection: void onServiceConnected(android.content.ComponentName,android.os.IBinder)>",
					"source":"FIELD"
				},
				{
					"trace":[
						"<android.media.MediaScannerConnection: void scanFile(java.lang.String,java.lang.String)>"
					],
					"depth":1,
					"method":"<android.media.MediaScannerConnection: void onServiceDisconnected(android.content.ComponentName)>",
					"source":"FIELD"
				},
				{
					"trace":[
						"<android.media.MediaScannerConnection: void scanFile(java.lang.String,java.lang.String)>"
					],
					"depth":1,
					"method":"<android.media.MediaScannerConnection: void scanFile(java.lang.String,java.lang.String)>",
					"source":"FIELD"
				},
				{
					"trace":[
						"<android.media.MediaScannerConnection: void scanFile(java.lang.String,java.lang.String)>"
					],
					"depth":1,
					"method":"<android.media.MediaScannerConnection: void connect()>",
					"source":"FIELD"
				},
				{
					"trace":[
						"<android.media.MediaScannerConnection: void scanFile(java.lang.String,java.lang.String)>"
					],
					"depth":1,
					"method":"<android.media.MediaScannerConnection: void disconnect()>",
					"source":"FIELD"
				},
				{
					"trace":[
						"<android.media.MediaScannerConnection: void scanFile(android.content.Context,java.lang.String[],java.lang.String[],android.media.MediaScannerConnection$OnScanCompletedListener)>",
						"<android.media.MediaScannerConnection: void connect()>",
						"key field: <android.media.MediaScannerConnection: boolean mConnected>",
						"<android.media.MediaScannerConnection: void scanFile(java.lang.String,java.lang.String)>"
					],
					"depth":2,
					"method":"<android.media.MediaScannerConnection: void scanFile(android.content.Context,java.lang.String[],java.lang.String[],android.media.MediaScannerConnection$OnScanCompletedListener)>",
					"source":"FIELDCALLER"
				},
				{
					"trace":[
						"<android.content.ServiceConnection: void onServiceConnected(android.content.ComponentName,android.os.IBinder)>",
						"<android.media.MediaScannerConnection$ClientProxy: void onMediaScannerConnected()>",
						"<android.media.MediaScannerConnection$ClientProxy: void scanNextPath()>",
						"<android.media.MediaScannerConnection: void scanFile(java.lang.String,java.lang.String)>",
						"key field: <android.media.MediaScannerConnection: android.media.IMediaScannerService mService>",
						"<android.media.MediaScannerConnection: void scanFile(java.lang.String,java.lang.String)>"
					],
					"depth":4,
					"method":"<android.content.ServiceConnection: void onServiceConnected(android.content.ComponentName,android.os.IBinder)>",
					"source":"FIELDCALLER"
				}
			],
			"keyAPIDiffClass":[
				{
					"trace":[
						"<android.media.MediaScannerConnection$ClientProxy: void onMediaScannerConnected()>",
						"<android.media.MediaScannerConnection$ClientProxy: void scanNextPath()>",
						"<android.media.MediaScannerConnection: void scanFile(java.lang.String,java.lang.String)>",
						"key field: <android.media.MediaScannerConnection: android.media.IMediaScannerService mService>",
						"<android.media.MediaScannerConnection: void scanFile(java.lang.String,java.lang.String)>"
					],
					"depth":3,
					"method":"<android.media.MediaScannerConnection$ClientProxy: void onMediaScannerConnected()>",
					"source":"FIELDCALLER"
				},
				{
					"trace":[
						"<android.media.MediaScannerConnection$MediaScannerConnectionClient: void onMediaScannerConnected()>",
						"<android.media.MediaScannerConnection$ClientProxy: void scanNextPath()>",
						"<android.media.MediaScannerConnection: void scanFile(java.lang.String,java.lang.String)>",
						"key field: <android.media.MediaScannerConnection: android.media.IMediaScannerService mService>",
						"<android.media.MediaScannerConnection: void scanFile(java.lang.String,java.lang.String)>"
					],
					"depth":3,
					"method":"<android.media.MediaScannerConnection$MediaScannerConnectionClient: void onMediaScannerConnected()>",
					"source":"FIELDCALLER"
				},
				{
					"trace":[
						"<android.media.MediaScannerConnection$ClientProxy: void onScanCompleted(java.lang.String,android.net.Uri)>",
						"<android.media.MediaScannerConnection$ClientProxy: void scanNextPath()>",
						"<android.media.MediaScannerConnection: void scanFile(java.lang.String,java.lang.String)>",
						"key field: <android.media.MediaScannerConnection: android.media.IMediaScannerService mService>",
						"<android.media.MediaScannerConnection: void scanFile(java.lang.String,java.lang.String)>"
					],
					"depth":3,
					"method":"<android.media.MediaScannerConnection$ClientProxy: void onScanCompleted(java.lang.String,android.net.Uri)>",
					"source":"FIELDCALLER"
				},
				{
					"trace":[
						"<android.media.MediaScannerConnection$MediaScannerConnectionClient: void onScanCompleted(java.lang.String,android.net.Uri)>",
						"<android.media.MediaScannerConnection$ClientProxy: void scanNextPath()>",
						"<android.media.MediaScannerConnection: void scanFile(java.lang.String,java.lang.String)>",
						"key field: <android.media.MediaScannerConnection: android.media.IMediaScannerService mService>",
						"<android.media.MediaScannerConnection: void scanFile(java.lang.String,java.lang.String)>"
					],
					"depth":3,
					"method":"<android.media.MediaScannerConnection$MediaScannerConnectionClient: void onScanCompleted(java.lang.String,android.net.Uri)>",
					"source":"FIELDCALLER"
				},
				{
					"trace":[
						"<android.media.MediaScannerConnection$1: void scanCompleted(java.lang.String,android.net.Uri)>",
						"<android.media.MediaScannerConnection$ClientProxy: void onScanCompleted(java.lang.String,android.net.Uri)>",
						"<android.media.MediaScannerConnection$ClientProxy: void scanNextPath()>",
						"<android.media.MediaScannerConnection: void scanFile(java.lang.String,java.lang.String)>",
						"key field: <android.media.MediaScannerConnection: android.media.IMediaScannerService mService>",
						"<android.media.MediaScannerConnection: void scanFile(java.lang.String,java.lang.String)>"
					],
					"depth":4,
					"method":"<android.media.MediaScannerConnection$1: void scanCompleted(java.lang.String,android.net.Uri)>",
					"source":"FIELDCALLER"
				},
				{
					"trace":[
						"<android.media.IMediaScannerListener$Stub: boolean onTransact(int,android.os.Parcel,android.os.Parcel,int)>",
						"<android.media.MediaScannerConnection$1: void scanCompleted(java.lang.String,android.net.Uri)>",
						"<android.media.MediaScannerConnection$ClientProxy: void onScanCompleted(java.lang.String,android.net.Uri)>",
						"<android.media.MediaScannerConnection$ClientProxy: void scanNextPath()>",
						"<android.media.MediaScannerConnection: void scanFile(java.lang.String,java.lang.String)>",
						"key field: <android.media.MediaScannerConnection: android.media.IMediaScannerService mService>",
						"<android.media.MediaScannerConnection: void scanFile(java.lang.String,java.lang.String)>"
					],
					"depth":5,
					"method":"<android.media.IMediaScannerListener$Stub: boolean onTransact(int,android.os.Parcel,android.os.Parcel,int)>",
					"source":"FIELDCALLER"
				}
			],
			"callerOfSingnlar2SourceVar":{}
		}
	]
}