{
	"exceptions":[
		{
			"method":"<android.renderscript.Program: void bindSampler(android.renderscript.Sampler,int)>",
			"message":"\\QSlot ID out of range.\\E",
			"relatedVarType":"ParaAndField",
			"relatedCondType":"Basic",
			"modifier":"public",
			"type":"java.lang.IllegalArgumentException",
			"osVersionRelated":false,
			"resourceRelated":false,
			"assessRelated":false,
			"hardwareRelated":false,
			"manifestRelated":false,
			"conditions":"i0 < 0, i0 < $i1",
			"paramValues":"@parameter1: int",
			"fieldValues":"<android.renderscript.Program: int mTextureCount>",
			"relatedValues":"@parameter1: int; <android.renderscript.Program: int mTextureCount>; ",
			"keyAPISameClassNum":0,
			"keyAPIDiffClassNum":0,
			"keyAPISameClass":[],
			"keyAPIDiffClass":[],
			"callerOfSingnlar2SourceVar":{
				"<android.renderscript.Program: void bindSampler(android.renderscript.Sampler,int)>":"1"
			}
		},
		{
			"method":"<android.renderscript.Program: void bindTexture(android.renderscript.Allocation,int)>",
			"message":"\\QSlot ID out of range.\\E",
			"relatedVarType":"ParaAndField",
			"relatedCondType":"Basic",
			"modifier":"public",
			"type":"java.lang.IllegalArgumentException",
			"osVersionRelated":false,
			"resourceRelated":false,
			"assessRelated":false,
			"hardwareRelated":false,
			"manifestRelated":false,
			"conditions":"i0 < 0, i0 < $i1",
			"paramValues":"@parameter1: int",
			"fieldValues":"<android.renderscript.Program: int mTextureCount>",
			"relatedValues":"@parameter1: int; <android.renderscript.Program: int mTextureCount>; ",
			"keyAPISameClassNum":0,
			"keyAPIDiffClassNum":0,
			"keyAPISameClass":[],
			"keyAPIDiffClass":[],
			"callerOfSingnlar2SourceVar":{
				"<android.renderscript.Program: void bindTexture(android.renderscript.Allocation,int)>":"1"
			}
		}
	]
}