{
	"exceptions":[
		{
			"method":"<android.appwidget.AppWidgetManager: void bindAppWidgetId(int,android.content.ComponentName)>",
			"message":"\\Qsystem server dead?\\E",
			"relatedVarType":"Unknown",
			"relatedCondType":"Empty",
			"modifier":"public",
			"type":"java.lang.RuntimeException",
			"osVersionRelated":false,
			"resourceRelated":false,
			"assessRelated":false,
			"hardwareRelated":false,
			"manifestRelated":false,
			"caughtValues":"@caughtexception",
			"relatedValues":"; ; @caughtexception",
			"keyAPISameClassNum":0,
			"keyAPIDiffClassNum":0,
			"keyAPISameClass":[],
			"keyAPIDiffClass":[],
			"callerOfSingnlar2SourceVar":{}
		},
		{
			"method":"<android.appwidget.AppWidgetManager: int[] getAppWidgetIds(android.content.ComponentName)>",
			"message":"\\Qsystem server dead?\\E",
			"relatedVarType":"Unknown",
			"relatedCondType":"Empty",
			"modifier":"public",
			"type":"java.lang.RuntimeException",
			"osVersionRelated":false,
			"resourceRelated":false,
			"assessRelated":false,
			"hardwareRelated":false,
			"manifestRelated":false,
			"caughtValues":"@caughtexception",
			"relatedValues":"; ; @caughtexception",
			"keyAPISameClassNum":0,
			"keyAPIDiffClassNum":0,
			"keyAPISameClass":[],
			"keyAPIDiffClass":[],
			"callerOfSingnlar2SourceVar":{}
		},
		{
			"method":"<android.appwidget.AppWidgetManager: android.appwidget.AppWidgetProviderInfo getAppWidgetInfo(int)>",
			"message":"\\Qsystem server dead?\\E",
			"relatedVarType":"ParaAndField",
			"relatedCondType":"Basic",
			"modifier":"public",
			"type":"java.lang.RuntimeException",
			"osVersionRelated":false,
			"resourceRelated":false,
			"assessRelated":false,
			"hardwareRelated":false,
			"manifestRelated":false,
			"conditions":"r1 == null",
			"paramValues":"@parameter0: int",
			"fieldValues":"<android.appwidget.AppWidgetManager: com.android.internal.appwidget.IAppWidgetService sService>",
			"caughtValues":"@caughtexception",
			"relatedValues":"@parameter0: int; <android.appwidget.AppWidgetManager: com.android.internal.appwidget.IAppWidgetService sService>; @caughtexception",
			"keyAPISameClassNum":8,
			"keyAPIDiffClassNum":1,
			"keyAPISameClass":[
				{
					"trace":[
						"<android.appwidget.AppWidgetManager: android.appwidget.AppWidgetProviderInfo getAppWidgetInfo(int)>"
					],
					"depth":1,
					"method":"<android.appwidget.AppWidgetManager: android.appwidget.AppWidgetManager getInstance(android.content.Context)>",
					"source":"FIELD"
				},
				{
					"trace":[
						"<android.appwidget.AppWidgetManager: android.appwidget.AppWidgetProviderInfo getAppWidgetInfo(int)>"
					],
					"depth":1,
					"method":"<android.appwidget.AppWidgetManager: void bindAppWidgetId(int,android.content.ComponentName)>",
					"source":"FIELD"
				},
				{
					"trace":[
						"<android.appwidget.AppWidgetManager: android.appwidget.AppWidgetProviderInfo getAppWidgetInfo(int)>"
					],
					"depth":1,
					"method":"<android.appwidget.AppWidgetManager: int[] getAppWidgetIds(android.content.ComponentName)>",
					"source":"FIELD"
				},
				{
					"trace":[
						"<android.appwidget.AppWidgetManager: android.appwidget.AppWidgetProviderInfo getAppWidgetInfo(int)>"
					],
					"depth":1,
					"method":"<android.appwidget.AppWidgetManager: android.appwidget.AppWidgetProviderInfo getAppWidgetInfo(int)>",
					"source":"FIELD"
				},
				{
					"trace":[
						"<android.appwidget.AppWidgetManager: android.appwidget.AppWidgetProviderInfo getAppWidgetInfo(int)>"
					],
					"depth":1,
					"method":"<android.appwidget.AppWidgetManager: java.util.List getInstalledProviders()>",
					"source":"FIELD"
				},
				{
					"trace":[
						"<android.appwidget.AppWidgetManager: android.appwidget.AppWidgetProviderInfo getAppWidgetInfo(int)>"
					],
					"depth":1,
					"method":"<android.appwidget.AppWidgetManager: void updateAppWidget(android.content.ComponentName,android.widget.RemoteViews)>",
					"source":"FIELD"
				},
				{
					"trace":[
						"<android.appwidget.AppWidgetManager: android.appwidget.AppWidgetProviderInfo getAppWidgetInfo(int)>"
					],
					"depth":1,
					"method":"<android.appwidget.AppWidgetManager: void updateAppWidget(int[],android.widget.RemoteViews)>",
					"source":"FIELD"
				},
				{
					"trace":[
						"<android.appwidget.AppWidgetManager: void updateAppWidget(int,android.widget.RemoteViews)>",
						"<android.appwidget.AppWidgetManager: void updateAppWidget(int[],android.widget.RemoteViews)>",
						"key field: <android.appwidget.AppWidgetManager: com.android.internal.appwidget.IAppWidgetService sService>",
						"<android.appwidget.AppWidgetManager: android.appwidget.AppWidgetProviderInfo getAppWidgetInfo(int)>"
					],
					"depth":2,
					"method":"<android.appwidget.AppWidgetManager: void updateAppWidget(int,android.widget.RemoteViews)>",
					"source":"FIELDCALLER"
				}
			],
			"keyAPIDiffClass":[
				{
					"trace":[
						"<android.appwidget.AppWidgetProvider: void onReceive(android.content.Context,android.content.Intent)>",
						"<android.appwidget.AppWidgetManager: android.appwidget.AppWidgetManager getInstance(android.content.Context)>",
						"key field: <android.appwidget.AppWidgetManager: com.android.internal.appwidget.IAppWidgetService sService>",
						"<android.appwidget.AppWidgetManager: android.appwidget.AppWidgetProviderInfo getAppWidgetInfo(int)>"
					],
					"depth":2,
					"method":"<android.appwidget.AppWidgetProvider: void onReceive(android.content.Context,android.content.Intent)>",
					"source":"FIELDCALLER"
				}
			],
			"callerOfSingnlar2SourceVar":{
				"<android.appwidget.AppWidgetManager: android.appwidget.AppWidgetProviderInfo getAppWidgetInfo(int)>":"0"
			}
		},
		{
			"method":"<android.appwidget.AppWidgetManager: java.util.List getInstalledProviders()>",
			"message":"\\Qsystem server dead?\\E",
			"relatedVarType":"Unknown",
			"relatedCondType":"Empty",
			"modifier":"public",
			"type":"java.lang.RuntimeException",
			"osVersionRelated":false,
			"resourceRelated":false,
			"assessRelated":false,
			"hardwareRelated":false,
			"manifestRelated":false,
			"caughtValues":"@caughtexception",
			"relatedValues":"; ; @caughtexception",
			"keyAPISameClassNum":0,
			"keyAPIDiffClassNum":0,
			"keyAPISameClass":[],
			"keyAPIDiffClass":[],
			"callerOfSingnlar2SourceVar":{}
		},
		{
			"method":"<android.appwidget.AppWidgetManager: void updateAppWidget(android.content.ComponentName,android.widget.RemoteViews)>",
			"message":"\\Qsystem server dead?\\E",
			"relatedVarType":"Unknown",
			"relatedCondType":"Empty",
			"modifier":"public",
			"type":"java.lang.RuntimeException",
			"osVersionRelated":false,
			"resourceRelated":false,
			"assessRelated":false,
			"hardwareRelated":false,
			"manifestRelated":false,
			"caughtValues":"@caughtexception",
			"relatedValues":"; ; @caughtexception",
			"keyAPISameClassNum":0,
			"keyAPIDiffClassNum":0,
			"keyAPISameClass":[],
			"keyAPIDiffClass":[],
			"callerOfSingnlar2SourceVar":{}
		},
		{
			"method":"<android.appwidget.AppWidgetManager: void updateAppWidget(int[],android.widget.RemoteViews)>",
			"message":"\\Qsystem server dead?\\E",
			"relatedVarType":"Unknown",
			"relatedCondType":"Empty",
			"modifier":"public",
			"type":"java.lang.RuntimeException",
			"osVersionRelated":false,
			"resourceRelated":false,
			"assessRelated":false,
			"hardwareRelated":false,
			"manifestRelated":false,
			"caughtValues":"@caughtexception",
			"relatedValues":"; ; @caughtexception",
			"keyAPISameClassNum":0,
			"keyAPIDiffClassNum":0,
			"keyAPISameClass":[],
			"keyAPIDiffClass":[],
			"callerOfSingnlar2SourceVar":{}
		}
	]
}