{
	"exceptions":[
		{
			"method":"<android.security.SystemKeyStore: void deleteKey(java.lang.String)>",
			"message":"[\\s\\S]*",
			"relatedVarType":"Parameter",
			"relatedCondType":"Basic",
			"modifier":"public",
			"type":"java.lang.IllegalArgumentException",
			"osVersionRelated":false,
			"resourceRelated":false,
			"assessRelated":false,
			"hardwareRelated":false,
			"manifestRelated":false,
			"conditions":"$z0 != 0",
			"paramValues":"@parameter0: java.lang.String",
			"relatedValues":"@parameter0: java.lang.String; ; ",
			"keyAPISameClassNum":0,
			"keyAPIDiffClassNum":0,
			"keyAPISameClass":[
				{
					"trace":[
						"<android.security.SystemKeyStore: void deleteKey(java.lang.String)>"
					],
					"depth":0,
					"method":"<android.security.SystemKeyStore: void deleteKey(java.lang.String)>",
					"source":"CALLER"
				}
			],
			"keyAPIDiffClass":[],
			"callerOfSingnlar2SourceVar":{
				"<android.security.SystemKeyStore: void deleteKey(java.lang.String)>":"0"
			}
		},
		{
			"method":"<android.security.SystemKeyStore: byte[] generateNewKey(int,java.lang.String,java.lang.String)>",
			"message":"[\\s\\S]*",
			"relatedVarType":"Parameter",
			"relatedCondType":"Basic",
			"modifier":"public",
			"type":"java.lang.IllegalArgumentException",
			"osVersionRelated":false,
			"resourceRelated":false,
			"assessRelated":false,
			"hardwareRelated":false,
			"manifestRelated":false,
			"conditions":"$z1 != 0, $z0 == 0",
			"paramValues":"@parameter2: java.lang.String",
			"relatedValues":"@parameter2: java.lang.String; ; ",
			"keyAPISameClassNum":0,
			"keyAPIDiffClassNum":0,
			"keyAPISameClass":[
				{
					"trace":[
						"<android.security.SystemKeyStore: byte[] generateNewKey(int,java.lang.String,java.lang.String)>"
					],
					"depth":0,
					"method":"<android.security.SystemKeyStore: byte[] generateNewKey(int,java.lang.String,java.lang.String)>",
					"source":"CALLER"
				},
				{
					"trace":[
						"<android.security.SystemKeyStore: java.lang.String generateNewKeyHexString(int,java.lang.String,java.lang.String)>",
						"<android.security.SystemKeyStore: byte[] generateNewKey(int,java.lang.String,java.lang.String)>"
					],
					"depth":1,
					"method":"<android.security.SystemKeyStore: java.lang.String generateNewKeyHexString(int,java.lang.String,java.lang.String)>",
					"source":"CALLER"
				}
			],
			"keyAPIDiffClass":[],
			"callerOfSingnlar2SourceVar":{
				"<android.security.SystemKeyStore: java.lang.String generateNewKeyHexString(int,java.lang.String,java.lang.String)>":"2",
				"<android.security.SystemKeyStore: byte[] generateNewKey(int,java.lang.String,java.lang.String)>":"2"
			}
		},
		{
			"method":"<android.security.SystemKeyStore: byte[] generateNewKey(int,java.lang.String,java.lang.String)>",
			"message":"[\\s\\S]*",
			"relatedVarType":"Parameter",
			"relatedCondType":"Basic",
			"modifier":"public",
			"type":"java.lang.IllegalArgumentException",
			"osVersionRelated":false,
			"resourceRelated":false,
			"assessRelated":false,
			"hardwareRelated":false,
			"manifestRelated":false,
			"conditions":"$z0 == 0",
			"paramValues":"@parameter2: java.lang.String",
			"relatedValues":"@parameter2: java.lang.String; ; ",
			"keyAPISameClassNum":0,
			"keyAPIDiffClassNum":0,
			"keyAPISameClass":[
				{
					"trace":[
						"<android.security.SystemKeyStore: byte[] generateNewKey(int,java.lang.String,java.lang.String)>"
					],
					"depth":0,
					"method":"<android.security.SystemKeyStore: byte[] generateNewKey(int,java.lang.String,java.lang.String)>",
					"source":"CALLER"
				},
				{
					"trace":[
						"<android.security.SystemKeyStore: java.lang.String generateNewKeyHexString(int,java.lang.String,java.lang.String)>",
						"<android.security.SystemKeyStore: byte[] generateNewKey(int,java.lang.String,java.lang.String)>"
					],
					"depth":1,
					"method":"<android.security.SystemKeyStore: java.lang.String generateNewKeyHexString(int,java.lang.String,java.lang.String)>",
					"source":"CALLER"
				}
			],
			"keyAPIDiffClass":[],
			"callerOfSingnlar2SourceVar":{
				"<android.security.SystemKeyStore: java.lang.String generateNewKeyHexString(int,java.lang.String,java.lang.String)>":"2",
				"<android.security.SystemKeyStore: byte[] generateNewKey(int,java.lang.String,java.lang.String)>":"2"
			}
		},
		{
			"method":"<android.security.SystemKeyStore: byte[] retrieveKey(java.lang.String)>",
			"message":"[\\s\\S]*",
			"relatedVarType":"Parameter",
			"relatedCondType":"Basic",
			"modifier":"public",
			"type":"java.lang.IllegalArgumentException",
			"osVersionRelated":false,
			"resourceRelated":false,
			"assessRelated":false,
			"hardwareRelated":false,
			"manifestRelated":false,
			"conditions":"$z0 != 0",
			"paramValues":"@parameter0: java.lang.String",
			"caughtValues":"@caughtexception",
			"relatedValues":"@parameter0: java.lang.String; ; @caughtexception",
			"keyAPISameClassNum":0,
			"keyAPIDiffClassNum":0,
			"keyAPISameClass":[
				{
					"trace":[
						"<android.security.SystemKeyStore: byte[] retrieveKey(java.lang.String)>"
					],
					"depth":0,
					"method":"<android.security.SystemKeyStore: byte[] retrieveKey(java.lang.String)>",
					"source":"CALLER"
				},
				{
					"trace":[
						"<android.security.SystemKeyStore: java.lang.String retrieveKeyHexString(java.lang.String)>",
						"<android.security.SystemKeyStore: byte[] retrieveKey(java.lang.String)>"
					],
					"depth":1,
					"method":"<android.security.SystemKeyStore: java.lang.String retrieveKeyHexString(java.lang.String)>",
					"source":"CALLER"
				}
			],
			"keyAPIDiffClass":[],
			"callerOfSingnlar2SourceVar":{
				"<android.security.SystemKeyStore: byte[] retrieveKey(java.lang.String)>":"0",
				"<android.security.SystemKeyStore: java.lang.String retrieveKeyHexString(java.lang.String)>":"0"
			}
		}
	]
}