{
	"exceptions":[
		{
			"method":"<android.net.Uri$AbstractPart: void writeTo(android.os.Parcel)>",
			"message":"[\\s\\S]*",
			"relatedVarType":"Field",
			"relatedCondType":"Basic",
			"modifier":"default",
			"type":"java.lang.AssertionError",
			"osVersionRelated":false,
			"resourceRelated":false,
			"assessRelated":false,
			"hardwareRelated":false,
			"manifestRelated":false,
			"conditions":"z1 == 0, $r3 == $r4, $r1 == $r2",
			"fieldValues":"<android.net.Uri$AbstractPart: java.lang.String decoded>, <android.net.Uri$AbstractPart: java.lang.String encoded>",
			"relatedValues":"; <android.net.Uri$AbstractPart: java.lang.String decoded>, <android.net.Uri$AbstractPart: java.lang.String encoded>; ",
			"keyAPISameClassNum":0,
			"keyAPIDiffClassNum":124,
			"keyAPISameClass":[],
			"keyAPIDiffClass":[
				{
					"trace":[
						"<android.net.Uri$Part$EmptyPart: void <init>(java.lang.String)>",
						"<android.net.Uri$Part: void <init>(java.lang.String,java.lang.String,android.net.Uri$1)>",
						"<android.net.Uri$Part: void <init>(java.lang.String,java.lang.String)>",
						"<android.net.Uri$AbstractPart: void <init>(java.lang.String,java.lang.String)>",
						"key field: <android.net.Uri$AbstractPart: java.lang.String decoded>",
						"<android.net.Uri$AbstractPart: void writeTo(android.os.Parcel)>"
					],
					"depth":4,
					"method":"<android.net.Uri$Part$EmptyPart: void <init>(java.lang.String)>",
					"source":"FIELDCALLER"
				},
				{
					"trace":[
						"<android.net.Uri$1: android.net.Uri[] newArray(int)>",
						"<android.net.Uri: void <clinit>()>",
						"<android.net.Uri$PathPart: void <clinit>()>",
						"<android.net.Uri$PathPart: void <init>(java.lang.String,java.lang.String)>",
						"<android.net.Uri$AbstractPart: void <init>(java.lang.String,java.lang.String)>",
						"key field: <android.net.Uri$AbstractPart: java.lang.String decoded>",
						"<android.net.Uri$AbstractPart: void writeTo(android.os.Parcel)>"
					],
					"depth":5,
					"method":"<android.net.Uri$1: android.net.Uri[] newArray(int)>",
					"source":"FIELDCALLER"
				},
				{
					"trace":[
						"<android.os.Parcelable$Creator: java.lang.Object[] newArray(int)>",
						"<android.net.Uri: void <clinit>()>",
						"<android.net.Uri$PathPart: void <clinit>()>",
						"<android.net.Uri$PathPart: void <init>(java.lang.String,java.lang.String)>",
						"<android.net.Uri$AbstractPart: void <init>(java.lang.String,java.lang.String)>",
						"key field: <android.net.Uri$AbstractPart: java.lang.String decoded>",
						"<android.net.Uri$AbstractPart: void writeTo(android.os.Parcel)>"
					],
					"depth":5,
					"method":"<android.os.Parcelable$Creator: java.lang.Object[] newArray(int)>",
					"source":"FIELDCALLER"
				},
				{
					"trace":[
						"<android.net.Uri$Builder: android.net.Uri$Builder appendQueryParameter(java.lang.String,java.lang.String)>",
						"<android.net.Uri: void <clinit>()>",
						"<android.net.Uri$PathPart: void <clinit>()>",
						"<android.net.Uri$PathPart: void <init>(java.lang.String,java.lang.String)>",
						"<android.net.Uri$AbstractPart: void <init>(java.lang.String,java.lang.String)>",
						"key field: <android.net.Uri$AbstractPart: java.lang.String decoded>",
						"<android.net.Uri$AbstractPart: void writeTo(android.os.Parcel)>"
					],
					"depth":5,
					"method":"<android.net.Uri$Builder: android.net.Uri$Builder appendQueryParameter(java.lang.String,java.lang.String)>",
					"source":"FIELDCALLER"
				},
				{
					"trace":[
						"<android.net.Uri$AbstractHierarchicalUri: java.lang.String getHost()>",
						"<android.net.Uri: void <clinit>()>",
						"<android.net.Uri$PathPart: void <clinit>()>",
						"<android.net.Uri$PathPart: void <init>(java.lang.String,java.lang.String)>",
						"<android.net.Uri$AbstractPart: void <init>(java.lang.String,java.lang.String)>",
						"key field: <android.net.Uri$AbstractPart: java.lang.String decoded>",
						"<android.net.Uri$AbstractPart: void writeTo(android.os.Parcel)>"
					],
					"depth":5,
					"method":"<android.net.Uri$AbstractHierarchicalUri: java.lang.String getHost()>",
					"source":"FIELDCALLER"
				},
				{
					"trace":[
						"<android.net.Uri: java.lang.String getHost()>",
						"<android.net.Uri: void <clinit>()>",
						"<android.net.Uri$PathPart: void <clinit>()>",
						"<android.net.Uri$PathPart: void <init>(java.lang.String,java.lang.String)>",
						"<android.net.Uri$AbstractPart: void <init>(java.lang.String,java.lang.String)>",
						"key field: <android.net.Uri$AbstractPart: java.lang.String decoded>",
						"<android.net.Uri$AbstractPart: void writeTo(android.os.Parcel)>"
					],
					"depth":5,
					"method":"<android.net.Uri: java.lang.String getHost()>",
					"source":"FIELDCALLER"
				},
				{
					"trace":[
						"<android.net.Uri: java.lang.String decode(java.lang.String)>",
						"<android.net.Uri: void <clinit>()>",
						"<android.net.Uri$PathPart: void <clinit>()>",
						"<android.net.Uri$PathPart: void <init>(java.lang.String,java.lang.String)>",
						"<android.net.Uri$AbstractPart: void <init>(java.lang.String,java.lang.String)>",
						"key field: <android.net.Uri$AbstractPart: java.lang.String decoded>",
						"<android.net.Uri$AbstractPart: void writeTo(android.os.Parcel)>"
					],
					"depth":5,
					"method":"<android.net.Uri: java.lang.String decode(java.lang.String)>",
					"source":"FIELDCALLER"
				},
				{
					"trace":[
						"<android.net.Uri$StringUri: java.lang.String getScheme()>",
						"<android.net.Uri: void <clinit>()>",
						"<android.net.Uri$PathPart: void <clinit>()>",
						"<android.net.Uri$PathPart: void <init>(java.lang.String,java.lang.String)>",
						"<android.net.Uri$AbstractPart: void <init>(java.lang.String,java.lang.String)>",
						"key field: <android.net.Uri$AbstractPart: java.lang.String decoded>",
						"<android.net.Uri$AbstractPart: void writeTo(android.os.Parcel)>"
					],
					"depth":5,
					"method":"<android.net.Uri$StringUri: java.lang.String getScheme()>",
					"source":"FIELDCALLER"
				},
				{
					"trace":[
						"<android.net.Uri: java.lang.String getScheme()>",
						"<android.net.Uri: void <clinit>()>",
						"<android.net.Uri$PathPart: void <clinit>()>",
						"<android.net.Uri$PathPart: void <init>(java.lang.String,java.lang.String)>",
						"<android.net.Uri$AbstractPart: void <init>(java.lang.String,java.lang.String)>",
						"key field: <android.net.Uri$AbstractPart: java.lang.String decoded>",
						"<android.net.Uri$AbstractPart: void writeTo(android.os.Parcel)>"
					],
					"depth":5,
					"method":"<android.net.Uri: java.lang.String getScheme()>",
					"source":"FIELDCALLER"
				},
				{
					"trace":[
						"<android.net.Uri: java.lang.String encode(java.lang.String,java.lang.String)>",
						"<android.net.Uri: void <clinit>()>",
						"<android.net.Uri$PathPart: void <clinit>()>",
						"<android.net.Uri$PathPart: void <init>(java.lang.String,java.lang.String)>",
						"<android.net.Uri$AbstractPart: void <init>(java.lang.String,java.lang.String)>",
						"key field: <android.net.Uri$AbstractPart: java.lang.String decoded>",
						"<android.net.Uri$AbstractPart: void writeTo(android.os.Parcel)>"
					],
					"depth":5,
					"method":"<android.net.Uri: java.lang.String encode(java.lang.String,java.lang.String)>",
					"source":"FIELDCALLER"
				},
				{
					"trace":[
						"<android.net.Uri$1: java.lang.Object[] newArray(int)>",
						"<android.net.Uri$1: android.net.Uri[] newArray(int)>",
						"<android.net.Uri: void <clinit>()>",
						"<android.net.Uri$PathPart: void <clinit>()>",
						"<android.net.Uri$PathPart: void <init>(java.lang.String,java.lang.String)>",
						"<android.net.Uri$AbstractPart: void <init>(java.lang.String,java.lang.String)>",
						"key field: <android.net.Uri$AbstractPart: java.lang.String decoded>",
						"<android.net.Uri$AbstractPart: void writeTo(android.os.Parcel)>"
					],
					"depth":6,
					"method":"<android.net.Uri$1: java.lang.Object[] newArray(int)>",
					"source":"FIELDCALLER"
				},
				{
					"trace":[
						"<android.net.Uri$HierarchicalUri: java.util.List getPathSegments()>",
						"<android.net.Uri$PathPart: android.net.Uri$PathSegments getPathSegments()>",
						"<android.net.Uri: void <clinit>()>",
						"<android.net.Uri$PathPart: void <clinit>()>",
						"<android.net.Uri$PathPart: void <init>(java.lang.String,java.lang.String)>",
						"<android.net.Uri$AbstractPart: void <init>(java.lang.String,java.lang.String)>",
						"key field: <android.net.Uri$AbstractPart: java.lang.String decoded>",
						"<android.net.Uri$AbstractPart: void writeTo(android.os.Parcel)>"
					],
					"depth":6,
					"method":"<android.net.Uri$HierarchicalUri: java.util.List getPathSegments()>",
					"source":"FIELDCALLER"
				},
				{
					"trace":[
						"<android.net.Uri: java.util.List getPathSegments()>",
						"<android.net.Uri$PathPart: android.net.Uri$PathSegments getPathSegments()>",
						"<android.net.Uri: void <clinit>()>",
						"<android.net.Uri$PathPart: void <clinit>()>",
						"<android.net.Uri$PathPart: void <init>(java.lang.String,java.lang.String)>",
						"<android.net.Uri$AbstractPart: void <init>(java.lang.String,java.lang.String)>",
						"key field: <android.net.Uri$AbstractPart: java.lang.String decoded>",
						"<android.net.Uri$AbstractPart: void writeTo(android.os.Parcel)>"
					],
					"depth":6,
					"method":"<android.net.Uri: java.util.List getPathSegments()>",
					"source":"FIELDCALLER"
				},
				{
					"trace":[
						"<android.net.Uri$StringUri: java.util.List getPathSegments()>",
						"<android.net.Uri$PathPart: android.net.Uri$PathSegments getPathSegments()>",
						"<android.net.Uri: void <clinit>()>",
						"<android.net.Uri$PathPart: void <clinit>()>",
						"<android.net.Uri$PathPart: void <init>(java.lang.String,java.lang.String)>",
						"<android.net.Uri$AbstractPart: void <init>(java.lang.String,java.lang.String)>",
						"key field: <android.net.Uri$AbstractPart: java.lang.String decoded>",
						"<android.net.Uri$AbstractPart: void writeTo(android.os.Parcel)>"
					],
					"depth":6,
					"method":"<android.net.Uri$StringUri: java.util.List getPathSegments()>",
					"source":"FIELDCALLER"
				},
				{
					"trace":[
						"<android.net.Uri$Builder: android.net.Uri$Builder appendPath(java.lang.String)>",
						"<android.net.Uri$PathPart: android.net.Uri$PathPart appendDecodedSegment(android.net.Uri$PathPart,java.lang.String)>",
						"<android.net.Uri: void <clinit>()>",
						"<android.net.Uri$PathPart: void <clinit>()>",
						"<android.net.Uri$PathPart: void <init>(java.lang.String,java.lang.String)>",
						"<android.net.Uri$AbstractPart: void <init>(java.lang.String,java.lang.String)>",
						"key field: <android.net.Uri$AbstractPart: java.lang.String decoded>",
						"<android.net.Uri$AbstractPart: void writeTo(android.os.Parcel)>"
					],
					"depth":6,
					"method":"<android.net.Uri$Builder: android.net.Uri$Builder appendPath(java.lang.String)>",
					"source":"FIELDCALLER"
				},
				{
					"trace":[
						"<android.net.Uri$HierarchicalUri: void writeToParcel(android.os.Parcel,int)>",
						"<android.net.Uri$AbstractPart: void writeTo(android.os.Parcel)>",
						"<android.net.Uri: void <clinit>()>",
						"<android.net.Uri$PathPart: void <clinit>()>",
						"<android.net.Uri$PathPart: void <init>(java.lang.String,java.lang.String)>",
						"<android.net.Uri$AbstractPart: void <init>(java.lang.String,java.lang.String)>",
						"key field: <android.net.Uri$AbstractPart: java.lang.String decoded>",
						"<android.net.Uri$AbstractPart: void writeTo(android.os.Parcel)>"
					],
					"depth":6,
					"method":"<android.net.Uri$HierarchicalUri: void writeToParcel(android.os.Parcel,int)>",
					"source":"FIELDCALLER"
				},
				{
					"trace":[
						"<android.net.Uri$OpaqueUri: void writeToParcel(android.os.Parcel,int)>",
						"<android.net.Uri$AbstractPart: void writeTo(android.os.Parcel)>",
						"<android.net.Uri: void <clinit>()>",
						"<android.net.Uri$PathPart: void <clinit>()>",
						"<android.net.Uri$PathPart: void <init>(java.lang.String,java.lang.String)>",
						"<android.net.Uri$AbstractPart: void <init>(java.lang.String,java.lang.String)>",
						"key field: <android.net.Uri$AbstractPart: java.lang.String decoded>",
						"<android.net.Uri$AbstractPart: void writeTo(android.os.Parcel)>"
					],
					"depth":6,
					"method":"<android.net.Uri$OpaqueUri: void writeToParcel(android.os.Parcel,int)>",
					"source":"FIELDCALLER"
				},
				{
					"trace":[
						"<android.net.Uri: android.net.Uri fromFile(java.io.File)>",
						"<android.net.Uri$PathPart: android.net.Uri$PathPart fromDecoded(java.lang.String)>",
						"<android.net.Uri: void <clinit>()>",
						"<android.net.Uri$PathPart: void <clinit>()>",
						"<android.net.Uri$PathPart: void <init>(java.lang.String,java.lang.String)>",
						"<android.net.Uri$AbstractPart: void <init>(java.lang.String,java.lang.String)>",
						"key field: <android.net.Uri$AbstractPart: java.lang.String decoded>",
						"<android.net.Uri$AbstractPart: void writeTo(android.os.Parcel)>"
					],
					"depth":6,
					"method":"<android.net.Uri: android.net.Uri fromFile(java.io.File)>",
					"source":"FIELDCALLER"
				},
				{
					"trace":[
						"<android.net.Uri$Builder: android.net.Uri$Builder path(java.lang.String)>",
						"<android.net.Uri$PathPart: android.net.Uri$PathPart fromDecoded(java.lang.String)>",
						"<android.net.Uri: void <clinit>()>",
						"<android.net.Uri$PathPart: void <clinit>()>",
						"<android.net.Uri$PathPart: void <init>(java.lang.String,java.lang.String)>",
						"<android.net.Uri$AbstractPart: void <init>(java.lang.String,java.lang.String)>",
						"key field: <android.net.Uri$AbstractPart: java.lang.String decoded>",
						"<android.net.Uri$AbstractPart: void writeTo(android.os.Parcel)>"
					],
					"depth":6,
					"method":"<android.net.Uri$Builder: android.net.Uri$Builder path(java.lang.String)>",
					"source":"FIELDCALLER"
				},
				{
					"trace":[
						"<android.net.Proxy: java.lang.String getDefaultHost()>",
						"<android.net.Uri$AbstractHierarchicalUri: java.lang.String getHost()>",
						"<android.net.Uri: void <clinit>()>",
						"<android.net.Uri$PathPart: void <clinit>()>",
						"<android.net.Uri$PathPart: void <init>(java.lang.String,java.lang.String)>",
						"<android.net.Uri$AbstractPart: void <init>(java.lang.String,java.lang.String)>",
						"key field: <android.net.Uri$AbstractPart: java.lang.String decoded>",
						"<android.net.Uri$AbstractPart: void writeTo(android.os.Parcel)>"
					],
					"depth":6,
					"method":"<android.net.Proxy: java.lang.String getDefaultHost()>",
					"source":"FIELDCALLER"
				},
				{
					"trace":[
						"<android.net.Uri: java.util.List getQueryParameters(java.lang.String)>",
						"<android.net.Uri: java.lang.String decode(java.lang.String)>",
						"<android.net.Uri: void <clinit>()>",
						"<android.net.Uri$PathPart: void <clinit>()>",
						"<android.net.Uri$PathPart: void <init>(java.lang.String,java.lang.String)>",
						"<android.net.Uri$AbstractPart: void <init>(java.lang.String,java.lang.String)>",
						"key field: <android.net.Uri$AbstractPart: java.lang.String decoded>",
						"<android.net.Uri$AbstractPart: void writeTo(android.os.Parcel)>"
					],
					"depth":6,
					"method":"<android.net.Uri: java.util.List getQueryParameters(java.lang.String)>",
					"source":"FIELDCALLER"
				},
				{
					"trace":[
						"<android.net.Uri: java.lang.String getQueryParameter(java.lang.String)>",
						"<android.net.Uri: java.lang.String decode(java.lang.String)>",
						"<android.net.Uri: void <clinit>()>",
						"<android.net.Uri$PathPart: void <clinit>()>",
						"<android.net.Uri$PathPart: void <init>(java.lang.String,java.lang.String)>",
						"<android.net.Uri$AbstractPart: void <init>(java.lang.String,java.lang.String)>",
						"key field: <android.net.Uri$AbstractPart: java.lang.String decoded>",
						"<android.net.Uri$AbstractPart: void writeTo(android.os.Parcel)>"
					],
					"depth":6,
					"method":"<android.net.Uri: java.lang.String getQueryParameter(java.lang.String)>",
					"source":"FIELDCALLER"
				},
				{
					"trace":[
						"<android.net.MailTo: android.net.MailTo parse(java.lang.String)>",
						"<android.net.Uri: java.lang.String decode(java.lang.String)>",
						"<android.net.Uri: void <clinit>()>",
						"<android.net.Uri$PathPart: void <clinit>()>",
						"<android.net.Uri$PathPart: void <init>(java.lang.String,java.lang.String)>",
						"<android.net.Uri$AbstractPart: void <init>(java.lang.String,java.lang.String)>",
						"key field: <android.net.Uri$AbstractPart: java.lang.String decoded>",
						"<android.net.Uri$AbstractPart: void writeTo(android.os.Parcel)>"
					],
					"depth":6,
					"method":"<android.net.MailTo: android.net.MailTo parse(java.lang.String)>",
					"source":"FIELDCALLER"
				},
				{
					"trace":[
						"<android.net.Uri$StringUri: java.lang.String getEncodedPath()>",
						"<android.net.Uri$PathPart: java.lang.String getEncoded()>",
						"<android.net.Uri: void <clinit>()>",
						"<android.net.Uri$PathPart: void <clinit>()>",
						"<android.net.Uri$PathPart: void <init>(java.lang.String,java.lang.String)>",
						"<android.net.Uri$AbstractPart: void <init>(java.lang.String,java.lang.String)>",
						"key field: <android.net.Uri$AbstractPart: java.lang.String decoded>",
						"<android.net.Uri$AbstractPart: void writeTo(android.os.Parcel)>"
					],
					"depth":6,
					"method":"<android.net.Uri$StringUri: java.lang.String getEncodedPath()>",
					"source":"FIELDCALLER"
				},
				{
					"trace":[
						"<android.net.Uri: java.lang.String getEncodedPath()>",
						"<android.net.Uri$PathPart: java.lang.String getEncoded()>",
						"<android.net.Uri: void <clinit>()>",
						"<android.net.Uri$PathPart: void <clinit>()>",
						"<android.net.Uri$PathPart: void <init>(java.lang.String,java.lang.String)>",
						"<android.net.Uri$AbstractPart: void <init>(java.lang.String,java.lang.String)>",
						"key field: <android.net.Uri$AbstractPart: java.lang.String decoded>",
						"<android.net.Uri$AbstractPart: void writeTo(android.os.Parcel)>"
					],
					"depth":6,
					"method":"<android.net.Uri: java.lang.String getEncodedPath()>",
					"source":"FIELDCALLER"
				},
				{
					"trace":[
						"<android.net.Uri$HierarchicalUri: java.lang.String getEncodedPath()>",
						"<android.net.Uri$PathPart: java.lang.String getEncoded()>",
						"<android.net.Uri: void <clinit>()>",
						"<android.net.Uri$PathPart: void <clinit>()>",
						"<android.net.Uri$PathPart: void <init>(java.lang.String,java.lang.String)>",
						"<android.net.Uri$AbstractPart: void <init>(java.lang.String,java.lang.String)>",
						"key field: <android.net.Uri$AbstractPart: java.lang.String decoded>",
						"<android.net.Uri$AbstractPart: void writeTo(android.os.Parcel)>"
					],
					"depth":6,
					"method":"<android.net.Uri$HierarchicalUri: java.lang.String getEncodedPath()>",
					"source":"FIELDCALLER"
				},
				{
					"trace":[
						"<android.net.Uri$Builder: android.net.Uri$Builder encodedQuery(java.lang.String)>",
						"<android.net.Uri$Part: android.net.Uri$Part fromEncoded(java.lang.String)>",
						"<android.net.Uri: void <clinit>()>",
						"<android.net.Uri$PathPart: void <clinit>()>",
						"<android.net.Uri$PathPart: void <init>(java.lang.String,java.lang.String)>",
						"<android.net.Uri$AbstractPart: void <init>(java.lang.String,java.lang.String)>",
						"key field: <android.net.Uri$AbstractPart: java.lang.String decoded>",
						"<android.net.Uri$AbstractPart: void writeTo(android.os.Parcel)>"
					],
					"depth":6,
					"method":"<android.net.Uri$Builder: android.net.Uri$Builder encodedQuery(java.lang.String)>",
					"source":"FIELDCALLER"
				},
				{
					"trace":[
						"<android.net.Uri$Builder: android.net.Uri$Builder encodedOpaquePart(java.lang.String)>",
						"<android.net.Uri$Part: android.net.Uri$Part fromEncoded(java.lang.String)>",
						"<android.net.Uri: void <clinit>()>",
						"<android.net.Uri$PathPart: void <clinit>()>",
						"<android.net.Uri$PathPart: void <init>(java.lang.String,java.lang.String)>",
						"<android.net.Uri$AbstractPart: void <init>(java.lang.String,java.lang.String)>",
						"key field: <android.net.Uri$AbstractPart: java.lang.String decoded>",
						"<android.net.Uri$AbstractPart: void writeTo(android.os.Parcel)>"
					],
					"depth":6,
					"method":"<android.net.Uri$Builder: android.net.Uri$Builder encodedOpaquePart(java.lang.String)>",
					"source":"FIELDCALLER"
				},
				{
					"trace":[
						"<android.net.Uri$Builder: android.net.Uri$Builder encodedFragment(java.lang.String)>",
						"<android.net.Uri$Part: android.net.Uri$Part fromEncoded(java.lang.String)>",
						"<android.net.Uri: void <clinit>()>",
						"<android.net.Uri$PathPart: void <clinit>()>",
						"<android.net.Uri$PathPart: void <init>(java.lang.String,java.lang.String)>",
						"<android.net.Uri$AbstractPart: void <init>(java.lang.String,java.lang.String)>",
						"key field: <android.net.Uri$AbstractPart: java.lang.String decoded>",
						"<android.net.Uri$AbstractPart: void writeTo(android.os.Parcel)>"
					],
					"depth":6,
					"method":"<android.net.Uri$Builder: android.net.Uri$Builder encodedFragment(java.lang.String)>",
					"source":"FIELDCALLER"
				},
				{
					"trace":[
						"<android.net.Uri$Builder: android.net.Uri$Builder encodedAuthority(java.lang.String)>",
						"<android.net.Uri$Part: android.net.Uri$Part fromEncoded(java.lang.String)>",
						"<android.net.Uri: void <clinit>()>",
						"<android.net.Uri$PathPart: void <clinit>()>",
						"<android.net.Uri$PathPart: void <init>(java.lang.String,java.lang.String)>",
						"<android.net.Uri$AbstractPart: void <init>(java.lang.String,java.lang.String)>",
						"key field: <android.net.Uri$AbstractPart: java.lang.String decoded>",
						"<android.net.Uri$AbstractPart: void writeTo(android.os.Parcel)>"
					],
					"depth":6,
					"method":"<android.net.Uri$Builder: android.net.Uri$Builder encodedAuthority(java.lang.String)>",
					"source":"FIELDCALLER"
				},
				{
					"trace":[
						"<android.net.Proxy: int getPort(android.content.Context)>",
						"<android.net.Proxy: int getDefaultPort()>",
						"<android.net.Uri: void <clinit>()>",
						"<android.net.Uri$PathPart: void <clinit>()>",
						"<android.net.Uri$PathPart: void <init>(java.lang.String,java.lang.String)>",
						"<android.net.Uri$AbstractPart: void <init>(java.lang.String,java.lang.String)>",
						"key field: <android.net.Uri$AbstractPart: java.lang.String decoded>",
						"<android.net.Uri$AbstractPart: void writeTo(android.os.Parcel)>"
					],
					"depth":6,
					"method":"<android.net.Proxy: int getPort(android.content.Context)>",
					"source":"FIELDCALLER"
				},
				{
					"trace":[
						"<android.net.Uri$OpaqueUri: java.lang.String toString()>",
						"<android.net.Uri$Part: java.lang.String getEncoded()>",
						"<android.net.Uri: void <clinit>()>",
						"<android.net.Uri$PathPart: void <clinit>()>",
						"<android.net.Uri$PathPart: void <init>(java.lang.String,java.lang.String)>",
						"<android.net.Uri$AbstractPart: void <init>(java.lang.String,java.lang.String)>",
						"key field: <android.net.Uri$AbstractPart: java.lang.String decoded>",
						"<android.net.Uri$AbstractPart: void writeTo(android.os.Parcel)>"
					],
					"depth":6,
					"method":"<android.net.Uri$OpaqueUri: java.lang.String toString()>",
					"source":"FIELDCALLER"
				},
				{
					"trace":[
						"<android.net.Uri$HierarchicalUri: java.lang.String getEncodedQuery()>",
						"<android.net.Uri$Part: java.lang.String getEncoded()>",
						"<android.net.Uri: void <clinit>()>",
						"<android.net.Uri$PathPart: void <clinit>()>",
						"<android.net.Uri$PathPart: void <init>(java.lang.String,java.lang.String)>",
						"<android.net.Uri$AbstractPart: void <init>(java.lang.String,java.lang.String)>",
						"key field: <android.net.Uri$AbstractPart: java.lang.String decoded>",
						"<android.net.Uri$AbstractPart: void writeTo(android.os.Parcel)>"
					],
					"depth":6,
					"method":"<android.net.Uri$HierarchicalUri: java.lang.String getEncodedQuery()>",
					"source":"FIELDCALLER"
				},
				{
					"trace":[
						"<android.net.Uri$HierarchicalUri: java.lang.String getEncodedFragment()>",
						"<android.net.Uri$Part: java.lang.String getEncoded()>",
						"<android.net.Uri: void <clinit>()>",
						"<android.net.Uri$PathPart: void <clinit>()>",
						"<android.net.Uri$PathPart: void <init>(java.lang.String,java.lang.String)>",
						"<android.net.Uri$AbstractPart: void <init>(java.lang.String,java.lang.String)>",
						"key field: <android.net.Uri$AbstractPart: java.lang.String decoded>",
						"<android.net.Uri$AbstractPart: void writeTo(android.os.Parcel)>"
					],
					"depth":6,
					"method":"<android.net.Uri$HierarchicalUri: java.lang.String getEncodedFragment()>",
					"source":"FIELDCALLER"
				},
				{
					"trace":[
						"<android.net.Uri$OpaqueUri: java.lang.String getEncodedFragment()>",
						"<android.net.Uri$Part: java.lang.String getEncoded()>",
						"<android.net.Uri: void <clinit>()>",
						"<android.net.Uri$PathPart: void <clinit>()>",
						"<android.net.Uri$PathPart: void <init>(java.lang.String,java.lang.String)>",
						"<android.net.Uri$AbstractPart: void <init>(java.lang.String,java.lang.String)>",
						"key field: <android.net.Uri$AbstractPart: java.lang.String decoded>",
						"<android.net.Uri$AbstractPart: void writeTo(android.os.Parcel)>"
					],
					"depth":6,
					"method":"<android.net.Uri$OpaqueUri: java.lang.String getEncodedFragment()>",
					"source":"FIELDCALLER"
				},
				{
					"trace":[
						"<android.net.Uri$HierarchicalUri: java.lang.String getEncodedAuthority()>",
						"<android.net.Uri$Part: java.lang.String getEncoded()>",
						"<android.net.Uri: void <clinit>()>",
						"<android.net.Uri$PathPart: void <clinit>()>",
						"<android.net.Uri$PathPart: void <init>(java.lang.String,java.lang.String)>",
						"<android.net.Uri$AbstractPart: void <init>(java.lang.String,java.lang.String)>",
						"key field: <android.net.Uri$AbstractPart: java.lang.String decoded>",
						"<android.net.Uri$AbstractPart: void writeTo(android.os.Parcel)>"
					],
					"depth":6,
					"method":"<android.net.Uri$HierarchicalUri: java.lang.String getEncodedAuthority()>",
					"source":"FIELDCALLER"
				},
				{
					"trace":[
						"<android.net.Uri$OpaqueUri: java.lang.String getEncodedSchemeSpecificPart()>",
						"<android.net.Uri$Part: java.lang.String getEncoded()>",
						"<android.net.Uri: void <clinit>()>",
						"<android.net.Uri$PathPart: void <clinit>()>",
						"<android.net.Uri$PathPart: void <init>(java.lang.String,java.lang.String)>",
						"<android.net.Uri$AbstractPart: void <init>(java.lang.String,java.lang.String)>",
						"key field: <android.net.Uri$AbstractPart: java.lang.String decoded>",
						"<android.net.Uri$AbstractPart: void writeTo(android.os.Parcel)>"
					],
					"depth":6,
					"method":"<android.net.Uri$OpaqueUri: java.lang.String getEncodedSchemeSpecificPart()>",
					"source":"FIELDCALLER"
				},
				{
					"trace":[
						"<android.content.Intent: java.lang.String getScheme()>",
						"<android.net.Uri$StringUri: java.lang.String getScheme()>",
						"<android.net.Uri: void <clinit>()>",
						"<android.net.Uri$PathPart: void <clinit>()>",
						"<android.net.Uri$PathPart: void <init>(java.lang.String,java.lang.String)>",
						"<android.net.Uri$AbstractPart: void <init>(java.lang.String,java.lang.String)>",
						"key field: <android.net.Uri$AbstractPart: java.lang.String decoded>",
						"<android.net.Uri$AbstractPart: void writeTo(android.os.Parcel)>"
					],
					"depth":6,
					"method":"<android.content.Intent: java.lang.String getScheme()>",
					"source":"FIELDCALLER"
				},
				{
					"trace":[
						"<android.net.Uri$Builder: android.net.Uri$Builder encodedPath(java.lang.String)>",
						"<android.net.Uri$PathPart: android.net.Uri$PathPart fromEncoded(java.lang.String)>",
						"<android.net.Uri: void <clinit>()>",
						"<android.net.Uri$PathPart: void <clinit>()>",
						"<android.net.Uri$PathPart: void <init>(java.lang.String,java.lang.String)>",
						"<android.net.Uri$AbstractPart: void <init>(java.lang.String,java.lang.String)>",
						"key field: <android.net.Uri$AbstractPart: java.lang.String decoded>",
						"<android.net.Uri$AbstractPart: void writeTo(android.os.Parcel)>"
					],
					"depth":6,
					"method":"<android.net.Uri$Builder: android.net.Uri$Builder encodedPath(java.lang.String)>",
					"source":"FIELDCALLER"
				},
				{
					"trace":[
						"<android.net.Uri: java.lang.String encode(java.lang.String)>",
						"<android.net.Uri: java.lang.String encode(java.lang.String,java.lang.String)>",
						"<android.net.Uri: void <clinit>()>",
						"<android.net.Uri$PathPart: void <clinit>()>",
						"<android.net.Uri$PathPart: void <init>(java.lang.String,java.lang.String)>",
						"<android.net.Uri$AbstractPart: void <init>(java.lang.String,java.lang.String)>",
						"key field: <android.net.Uri$AbstractPart: java.lang.String decoded>",
						"<android.net.Uri$AbstractPart: void writeTo(android.os.Parcel)>"
					],
					"depth":6,
					"method":"<android.net.Uri: java.lang.String encode(java.lang.String)>",
					"source":"FIELDCALLER"
				},
				{
					"trace":[
						"<android.net.wifi.WifiStateTracker: boolean setNumAllowedChannels()>",
						"<android.provider.Settings$Secure: void <clinit>()>",
						"<android.net.Uri: void <clinit>()>",
						"<android.net.Uri$PathPart: void <clinit>()>",
						"<android.net.Uri$PathPart: void <init>(java.lang.String,java.lang.String)>",
						"<android.net.Uri$AbstractPart: void <init>(java.lang.String,java.lang.String)>",
						"key field: <android.net.Uri$AbstractPart: java.lang.String decoded>",
						"<android.net.Uri$AbstractPart: void writeTo(android.os.Parcel)>"
					],
					"depth":6,
					"method":"<android.net.wifi.WifiStateTracker: boolean setNumAllowedChannels()>",
					"source":"FIELDCALLER"
				},
				{
					"trace":[
						"<android.net.Uri$AbstractHierarchicalUri: java.lang.String getLastPathSegment()>",
						"<android.net.Uri$HierarchicalUri: java.util.List getPathSegments()>",
						"<android.net.Uri$PathPart: android.net.Uri$PathSegments getPathSegments()>",
						"<android.net.Uri: void <clinit>()>",
						"<android.net.Uri$PathPart: void <clinit>()>",
						"<android.net.Uri$PathPart: void <init>(java.lang.String,java.lang.String)>",
						"<android.net.Uri$AbstractPart: void <init>(java.lang.String,java.lang.String)>",
						"key field: <android.net.Uri$AbstractPart: java.lang.String decoded>",
						"<android.net.Uri$AbstractPart: void writeTo(android.os.Parcel)>"
					],
					"depth":7,
					"method":"<android.net.Uri$AbstractHierarchicalUri: java.lang.String getLastPathSegment()>",
					"source":"FIELDCALLER"
				},
				{
					"trace":[
						"<android.net.Uri: java.lang.String getLastPathSegment()>",
						"<android.net.Uri$HierarchicalUri: java.util.List getPathSegments()>",
						"<android.net.Uri$PathPart: android.net.Uri$PathSegments getPathSegments()>",
						"<android.net.Uri: void <clinit>()>",
						"<android.net.Uri$PathPart: void <clinit>()>",
						"<android.net.Uri$PathPart: void <init>(java.lang.String,java.lang.String)>",
						"<android.net.Uri$AbstractPart: void <init>(java.lang.String,java.lang.String)>",
						"key field: <android.net.Uri$AbstractPart: java.lang.String decoded>",
						"<android.net.Uri$AbstractPart: void writeTo(android.os.Parcel)>"
					],
					"depth":7,
					"method":"<android.net.Uri: java.lang.String getLastPathSegment()>",
					"source":"FIELDCALLER"
				},
				{
					"trace":[
						"<android.widget.RemoteViews$ReflectionAction: void writeToParcel(android.os.Parcel,int)>",
						"<android.net.Uri$HierarchicalUri: void writeToParcel(android.os.Parcel,int)>",
						"<android.net.Uri$AbstractPart: void writeTo(android.os.Parcel)>",
						"<android.net.Uri: void <clinit>()>",
						"<android.net.Uri$PathPart: void <clinit>()>",
						"<android.net.Uri$PathPart: void <init>(java.lang.String,java.lang.String)>",
						"<android.net.Uri$AbstractPart: void <init>(java.lang.String,java.lang.String)>",
						"key field: <android.net.Uri$AbstractPart: java.lang.String decoded>",
						"<android.net.Uri$AbstractPart: void writeTo(android.os.Parcel)>"
					],
					"depth":7,
					"method":"<android.widget.RemoteViews$ReflectionAction: void writeToParcel(android.os.Parcel,int)>",
					"source":"FIELDCALLER"
				},
				{
					"trace":[
						"<android.content.ContentProviderResult: void writeToParcel(android.os.Parcel,int)>",
						"<android.net.Uri$HierarchicalUri: void writeToParcel(android.os.Parcel,int)>",
						"<android.net.Uri$AbstractPart: void writeTo(android.os.Parcel)>",
						"<android.net.Uri: void <clinit>()>",
						"<android.net.Uri$PathPart: void <clinit>()>",
						"<android.net.Uri$PathPart: void <init>(java.lang.String,java.lang.String)>",
						"<android.net.Uri$AbstractPart: void <init>(java.lang.String,java.lang.String)>",
						"key field: <android.net.Uri$AbstractPart: java.lang.String decoded>",
						"<android.net.Uri$AbstractPart: void writeTo(android.os.Parcel)>"
					],
					"depth":7,
					"method":"<android.content.ContentProviderResult: void writeToParcel(android.os.Parcel,int)>",
					"source":"FIELDCALLER"
				},
				{
					"trace":[
						"<android.app.Notification: void writeToParcel(android.os.Parcel,int)>",
						"<android.net.Uri$HierarchicalUri: void writeToParcel(android.os.Parcel,int)>",
						"<android.net.Uri$AbstractPart: void writeTo(android.os.Parcel)>",
						"<android.net.Uri: void <clinit>()>",
						"<android.net.Uri$PathPart: void <clinit>()>",
						"<android.net.Uri$PathPart: void <init>(java.lang.String,java.lang.String)>",
						"<android.net.Uri$AbstractPart: void <init>(java.lang.String,java.lang.String)>",
						"key field: <android.net.Uri$AbstractPart: java.lang.String decoded>",
						"<android.net.Uri$AbstractPart: void writeTo(android.os.Parcel)>"
					],
					"depth":7,
					"method":"<android.app.Notification: void writeToParcel(android.os.Parcel,int)>",
					"source":"FIELDCALLER"
				},
				{
					"trace":[
						"<android.net.Uri: void writeToParcel(android.os.Parcel,android.net.Uri)>",
						"<android.net.Uri$HierarchicalUri: void writeToParcel(android.os.Parcel,int)>",
						"<android.net.Uri$AbstractPart: void writeTo(android.os.Parcel)>",
						"<android.net.Uri: void <clinit>()>",
						"<android.net.Uri$PathPart: void <clinit>()>",
						"<android.net.Uri$PathPart: void <init>(java.lang.String,java.lang.String)>",
						"<android.net.Uri$AbstractPart: void <init>(java.lang.String,java.lang.String)>",
						"key field: <android.net.Uri$AbstractPart: java.lang.String decoded>",
						"<android.net.Uri$AbstractPart: void writeTo(android.os.Parcel)>"
					],
					"depth":7,
					"method":"<android.net.Uri: void writeToParcel(android.os.Parcel,android.net.Uri)>",
					"source":"FIELDCALLER"
				},
				{
					"trace":[
						"<android.net.Uri$AbstractHierarchicalUri: int getPort()>",
						"<android.net.Uri$AbstractHierarchicalUri: int parsePort()>",
						"<android.net.Uri: java.lang.String access$600()>",
						"<android.net.Uri: void <clinit>()>",
						"<android.net.Uri$PathPart: void <clinit>()>",
						"<android.net.Uri$PathPart: void <init>(java.lang.String,java.lang.String)>",
						"<android.net.Uri$AbstractPart: void <init>(java.lang.String,java.lang.String)>",
						"key field: <android.net.Uri$AbstractPart: java.lang.String decoded>",
						"<android.net.Uri$AbstractPart: void writeTo(android.os.Parcel)>"
					],
					"depth":7,
					"method":"<android.net.Uri$AbstractHierarchicalUri: int getPort()>",
					"source":"FIELDCALLER"
				},
				{
					"trace":[
						"<android.net.Uri: int getPort()>",
						"<android.net.Uri$AbstractHierarchicalUri: int parsePort()>",
						"<android.net.Uri: java.lang.String access$600()>",
						"<android.net.Uri: void <clinit>()>",
						"<android.net.Uri$PathPart: void <clinit>()>",
						"<android.net.Uri$PathPart: void <init>(java.lang.String,java.lang.String)>",
						"<android.net.Uri$AbstractPart: void <init>(java.lang.String,java.lang.String)>",
						"key field: <android.net.Uri$AbstractPart: java.lang.String decoded>",
						"<android.net.Uri$AbstractPart: void writeTo(android.os.Parcel)>"
					],
					"depth":7,
					"method":"<android.net.Uri: int getPort()>",
					"source":"FIELDCALLER"
				},
				{
					"trace":[
						"<android.net.Uri: android.net.Uri fromParts(java.lang.String,java.lang.String,java.lang.String)>",
						"<android.net.Uri$OpaqueUri: void <init>(java.lang.String,android.net.Uri$Part,android.net.Uri$Part,android.net.Uri$1)>",
						"<android.net.Uri$OpaqueUri: void <init>(java.lang.String,android.net.Uri$Part,android.net.Uri$Part)>",
						"<android.net.Uri: void <clinit>()>",
						"<android.net.Uri$PathPart: void <clinit>()>",
						"<android.net.Uri$PathPart: void <init>(java.lang.String,java.lang.String)>",
						"<android.net.Uri$AbstractPart: void <init>(java.lang.String,java.lang.String)>",
						"key field: <android.net.Uri$AbstractPart: java.lang.String decoded>",
						"<android.net.Uri$AbstractPart: void writeTo(android.os.Parcel)>"
					],
					"depth":7,
					"method":"<android.net.Uri: android.net.Uri fromParts(java.lang.String,java.lang.String,java.lang.String)>",
					"source":"FIELDCALLER"
				},
				{
					"trace":[
						"<android.net.Uri$Builder: android.net.Uri build()>",
						"<android.net.Uri$OpaqueUri: void <init>(java.lang.String,android.net.Uri$Part,android.net.Uri$Part,android.net.Uri$1)>",
						"<android.net.Uri$OpaqueUri: void <init>(java.lang.String,android.net.Uri$Part,android.net.Uri$Part)>",
						"<android.net.Uri: void <clinit>()>",
						"<android.net.Uri$PathPart: void <clinit>()>",
						"<android.net.Uri$PathPart: void <init>(java.lang.String,java.lang.String)>",
						"<android.net.Uri$AbstractPart: void <init>(java.lang.String,java.lang.String)>",
						"key field: <android.net.Uri$AbstractPart: java.lang.String decoded>",
						"<android.net.Uri$AbstractPart: void writeTo(android.os.Parcel)>"
					],
					"depth":7,
					"method":"<android.net.Uri$Builder: android.net.Uri build()>",
					"source":"FIELDCALLER"
				},
				{
					"trace":[
						"<android.net.Proxy: java.lang.String getHost(android.content.Context)>",
						"<android.net.Proxy: java.lang.String getDefaultHost()>",
						"<android.net.Uri$AbstractHierarchicalUri: java.lang.String getHost()>",
						"<android.net.Uri: void <clinit>()>",
						"<android.net.Uri$PathPart: void <clinit>()>",
						"<android.net.Uri$PathPart: void <init>(java.lang.String,java.lang.String)>",
						"<android.net.Uri$AbstractPart: void <init>(java.lang.String,java.lang.String)>",
						"key field: <android.net.Uri$AbstractPart: java.lang.String decoded>",
						"<android.net.Uri$AbstractPart: void writeTo(android.os.Parcel)>"
					],
					"depth":7,
					"method":"<android.net.Proxy: java.lang.String getHost(android.content.Context)>",
					"source":"FIELDCALLER"
				},
				{
					"trace":[
						"<android.net.Uri$HierarchicalUri: java.lang.String getPath()>",
						"<android.net.Uri$AbstractPart: java.lang.String getDecoded()>",
						"<android.net.Uri: java.lang.String decode(java.lang.String)>",
						"<android.net.Uri: void <clinit>()>",
						"<android.net.Uri$PathPart: void <clinit>()>",
						"<android.net.Uri$PathPart: void <init>(java.lang.String,java.lang.String)>",
						"<android.net.Uri$AbstractPart: void <init>(java.lang.String,java.lang.String)>",
						"key field: <android.net.Uri$AbstractPart: java.lang.String decoded>",
						"<android.net.Uri$AbstractPart: void writeTo(android.os.Parcel)>"
					],
					"depth":7,
					"method":"<android.net.Uri$HierarchicalUri: java.lang.String getPath()>",
					"source":"FIELDCALLER"
				},
				{
					"trace":[
						"<android.net.Uri: java.lang.String getPath()>",
						"<android.net.Uri$AbstractPart: java.lang.String getDecoded()>",
						"<android.net.Uri: java.lang.String decode(java.lang.String)>",
						"<android.net.Uri: void <clinit>()>",
						"<android.net.Uri$PathPart: void <clinit>()>",
						"<android.net.Uri$PathPart: void <init>(java.lang.String,java.lang.String)>",
						"<android.net.Uri$AbstractPart: void <init>(java.lang.String,java.lang.String)>",
						"key field: <android.net.Uri$AbstractPart: java.lang.String decoded>",
						"<android.net.Uri$AbstractPart: void writeTo(android.os.Parcel)>"
					],
					"depth":7,
					"method":"<android.net.Uri: java.lang.String getPath()>",
					"source":"FIELDCALLER"
				},
				{
					"trace":[
						"<android.net.Uri$StringUri: java.lang.String getQuery()>",
						"<android.net.Uri$AbstractPart: java.lang.String getDecoded()>",
						"<android.net.Uri: java.lang.String decode(java.lang.String)>",
						"<android.net.Uri: void <clinit>()>",
						"<android.net.Uri$PathPart: void <clinit>()>",
						"<android.net.Uri$PathPart: void <init>(java.lang.String,java.lang.String)>",
						"<android.net.Uri$AbstractPart: void <init>(java.lang.String,java.lang.String)>",
						"key field: <android.net.Uri$AbstractPart: java.lang.String decoded>",
						"<android.net.Uri$AbstractPart: void writeTo(android.os.Parcel)>"
					],
					"depth":7,
					"method":"<android.net.Uri$StringUri: java.lang.String getQuery()>",
					"source":"FIELDCALLER"
				},
				{
					"trace":[
						"<android.net.Uri: java.lang.String getQuery()>",
						"<android.net.Uri$AbstractPart: java.lang.String getDecoded()>",
						"<android.net.Uri: java.lang.String decode(java.lang.String)>",
						"<android.net.Uri: void <clinit>()>",
						"<android.net.Uri$PathPart: void <clinit>()>",
						"<android.net.Uri$PathPart: void <init>(java.lang.String,java.lang.String)>",
						"<android.net.Uri$AbstractPart: void <init>(java.lang.String,java.lang.String)>",
						"key field: <android.net.Uri$AbstractPart: java.lang.String decoded>",
						"<android.net.Uri$AbstractPart: void writeTo(android.os.Parcel)>"
					],
					"depth":7,
					"method":"<android.net.Uri: java.lang.String getQuery()>",
					"source":"FIELDCALLER"
				},
				{
					"trace":[
						"<android.net.Uri$StringUri: java.lang.String getFragment()>",
						"<android.net.Uri$AbstractPart: java.lang.String getDecoded()>",
						"<android.net.Uri: java.lang.String decode(java.lang.String)>",
						"<android.net.Uri: void <clinit>()>",
						"<android.net.Uri$PathPart: void <clinit>()>",
						"<android.net.Uri$PathPart: void <init>(java.lang.String,java.lang.String)>",
						"<android.net.Uri$AbstractPart: void <init>(java.lang.String,java.lang.String)>",
						"key field: <android.net.Uri$AbstractPart: java.lang.String decoded>",
						"<android.net.Uri$AbstractPart: void writeTo(android.os.Parcel)>"
					],
					"depth":7,
					"method":"<android.net.Uri$StringUri: java.lang.String getFragment()>",
					"source":"FIELDCALLER"
				},
				{
					"trace":[
						"<android.net.Uri: java.lang.String getFragment()>",
						"<android.net.Uri$AbstractPart: java.lang.String getDecoded()>",
						"<android.net.Uri: java.lang.String decode(java.lang.String)>",
						"<android.net.Uri: void <clinit>()>",
						"<android.net.Uri$PathPart: void <clinit>()>",
						"<android.net.Uri$PathPart: void <init>(java.lang.String,java.lang.String)>",
						"<android.net.Uri$AbstractPart: void <init>(java.lang.String,java.lang.String)>",
						"key field: <android.net.Uri$AbstractPart: java.lang.String decoded>",
						"<android.net.Uri$AbstractPart: void writeTo(android.os.Parcel)>"
					],
					"depth":7,
					"method":"<android.net.Uri: java.lang.String getFragment()>",
					"source":"FIELDCALLER"
				},
				{
					"trace":[
						"<android.net.Uri$AbstractHierarchicalUri: java.lang.String getUserInfo()>",
						"<android.net.Uri$AbstractPart: java.lang.String getDecoded()>",
						"<android.net.Uri: java.lang.String decode(java.lang.String)>",
						"<android.net.Uri: void <clinit>()>",
						"<android.net.Uri$PathPart: void <clinit>()>",
						"<android.net.Uri$PathPart: void <init>(java.lang.String,java.lang.String)>",
						"<android.net.Uri$AbstractPart: void <init>(java.lang.String,java.lang.String)>",
						"key field: <android.net.Uri$AbstractPart: java.lang.String decoded>",
						"<android.net.Uri$AbstractPart: void writeTo(android.os.Parcel)>"
					],
					"depth":7,
					"method":"<android.net.Uri$AbstractHierarchicalUri: java.lang.String getUserInfo()>",
					"source":"FIELDCALLER"
				},
				{
					"trace":[
						"<android.net.Uri: java.lang.String getUserInfo()>",
						"<android.net.Uri$AbstractPart: java.lang.String getDecoded()>",
						"<android.net.Uri: java.lang.String decode(java.lang.String)>",
						"<android.net.Uri: void <clinit>()>",
						"<android.net.Uri$PathPart: void <clinit>()>",
						"<android.net.Uri$PathPart: void <init>(java.lang.String,java.lang.String)>",
						"<android.net.Uri$AbstractPart: void <init>(java.lang.String,java.lang.String)>",
						"key field: <android.net.Uri$AbstractPart: java.lang.String decoded>",
						"<android.net.Uri$AbstractPart: void writeTo(android.os.Parcel)>"
					],
					"depth":7,
					"method":"<android.net.Uri: java.lang.String getUserInfo()>",
					"source":"FIELDCALLER"
				},
				{
					"trace":[
						"<android.net.Uri$HierarchicalUri: java.lang.String getQuery()>",
						"<android.net.Uri$AbstractPart: java.lang.String getDecoded()>",
						"<android.net.Uri: java.lang.String decode(java.lang.String)>",
						"<android.net.Uri: void <clinit>()>",
						"<android.net.Uri$PathPart: void <clinit>()>",
						"<android.net.Uri$PathPart: void <init>(java.lang.String,java.lang.String)>",
						"<android.net.Uri$AbstractPart: void <init>(java.lang.String,java.lang.String)>",
						"key field: <android.net.Uri$AbstractPart: java.lang.String decoded>",
						"<android.net.Uri$AbstractPart: void writeTo(android.os.Parcel)>"
					],
					"depth":7,
					"method":"<android.net.Uri$HierarchicalUri: java.lang.String getQuery()>",
					"source":"FIELDCALLER"
				},
				{
					"trace":[
						"<android.net.Uri$HierarchicalUri: java.lang.String getFragment()>",
						"<android.net.Uri$AbstractPart: java.lang.String getDecoded()>",
						"<android.net.Uri: java.lang.String decode(java.lang.String)>",
						"<android.net.Uri: void <clinit>()>",
						"<android.net.Uri$PathPart: void <clinit>()>",
						"<android.net.Uri$PathPart: void <init>(java.lang.String,java.lang.String)>",
						"<android.net.Uri$AbstractPart: void <init>(java.lang.String,java.lang.String)>",
						"key field: <android.net.Uri$AbstractPart: java.lang.String decoded>",
						"<android.net.Uri$AbstractPart: void writeTo(android.os.Parcel)>"
					],
					"depth":7,
					"method":"<android.net.Uri$HierarchicalUri: java.lang.String getFragment()>",
					"source":"FIELDCALLER"
				},
				{
					"trace":[
						"<android.net.Uri$OpaqueUri: java.lang.String getFragment()>",
						"<android.net.Uri$AbstractPart: java.lang.String getDecoded()>",
						"<android.net.Uri: java.lang.String decode(java.lang.String)>",
						"<android.net.Uri: void <clinit>()>",
						"<android.net.Uri$PathPart: void <clinit>()>",
						"<android.net.Uri$PathPart: void <init>(java.lang.String,java.lang.String)>",
						"<android.net.Uri$AbstractPart: void <init>(java.lang.String,java.lang.String)>",
						"key field: <android.net.Uri$AbstractPart: java.lang.String decoded>",
						"<android.net.Uri$AbstractPart: void writeTo(android.os.Parcel)>"
					],
					"depth":7,
					"method":"<android.net.Uri$OpaqueUri: java.lang.String getFragment()>",
					"source":"FIELDCALLER"
				},
				{
					"trace":[
						"<android.net.Uri: java.lang.String getSchemeSpecificPart()>",
						"<android.net.Uri$AbstractPart: java.lang.String getDecoded()>",
						"<android.net.Uri: java.lang.String decode(java.lang.String)>",
						"<android.net.Uri: void <clinit>()>",
						"<android.net.Uri$PathPart: void <clinit>()>",
						"<android.net.Uri$PathPart: void <init>(java.lang.String,java.lang.String)>",
						"<android.net.Uri$AbstractPart: void <init>(java.lang.String,java.lang.String)>",
						"key field: <android.net.Uri$AbstractPart: java.lang.String decoded>",
						"<android.net.Uri$AbstractPart: void writeTo(android.os.Parcel)>"
					],
					"depth":7,
					"method":"<android.net.Uri: java.lang.String getSchemeSpecificPart()>",
					"source":"FIELDCALLER"
				},
				{
					"trace":[
						"<android.net.Uri$OpaqueUri: java.lang.String getSchemeSpecificPart()>",
						"<android.net.Uri$AbstractPart: java.lang.String getDecoded()>",
						"<android.net.Uri: java.lang.String decode(java.lang.String)>",
						"<android.net.Uri: void <clinit>()>",
						"<android.net.Uri$PathPart: void <clinit>()>",
						"<android.net.Uri$PathPart: void <init>(java.lang.String,java.lang.String)>",
						"<android.net.Uri$AbstractPart: void <init>(java.lang.String,java.lang.String)>",
						"key field: <android.net.Uri$AbstractPart: java.lang.String decoded>",
						"<android.net.Uri$AbstractPart: void writeTo(android.os.Parcel)>"
					],
					"depth":7,
					"method":"<android.net.Uri$OpaqueUri: java.lang.String getSchemeSpecificPart()>",
					"source":"FIELDCALLER"
				},
				{
					"trace":[
						"<android.net.Uri$StringUri: java.lang.String getSchemeSpecificPart()>",
						"<android.net.Uri$AbstractPart: java.lang.String getDecoded()>",
						"<android.net.Uri: java.lang.String decode(java.lang.String)>",
						"<android.net.Uri: void <clinit>()>",
						"<android.net.Uri$PathPart: void <clinit>()>",
						"<android.net.Uri$PathPart: void <init>(java.lang.String,java.lang.String)>",
						"<android.net.Uri$AbstractPart: void <init>(java.lang.String,java.lang.String)>",
						"key field: <android.net.Uri$AbstractPart: java.lang.String decoded>",
						"<android.net.Uri$AbstractPart: void writeTo(android.os.Parcel)>"
					],
					"depth":7,
					"method":"<android.net.Uri$StringUri: java.lang.String getSchemeSpecificPart()>",
					"source":"FIELDCALLER"
				},
				{
					"trace":[
						"<android.net.Uri$HierarchicalUri: java.lang.String getSchemeSpecificPart()>",
						"<android.net.Uri$AbstractPart: java.lang.String getDecoded()>",
						"<android.net.Uri: java.lang.String decode(java.lang.String)>",
						"<android.net.Uri: void <clinit>()>",
						"<android.net.Uri$PathPart: void <clinit>()>",
						"<android.net.Uri$PathPart: void <init>(java.lang.String,java.lang.String)>",
						"<android.net.Uri$AbstractPart: void <init>(java.lang.String,java.lang.String)>",
						"key field: <android.net.Uri$AbstractPart: java.lang.String decoded>",
						"<android.net.Uri$AbstractPart: void writeTo(android.os.Parcel)>"
					],
					"depth":7,
					"method":"<android.net.Uri$HierarchicalUri: java.lang.String getSchemeSpecificPart()>",
					"source":"FIELDCALLER"
				},
				{
					"trace":[
						"<android.net.Uri$StringUri: java.lang.String getAuthority()>",
						"<android.net.Uri$AbstractPart: java.lang.String getDecoded()>",
						"<android.net.Uri: java.lang.String decode(java.lang.String)>",
						"<android.net.Uri: void <clinit>()>",
						"<android.net.Uri$PathPart: void <clinit>()>",
						"<android.net.Uri$PathPart: void <init>(java.lang.String,java.lang.String)>",
						"<android.net.Uri$AbstractPart: void <init>(java.lang.String,java.lang.String)>",
						"key field: <android.net.Uri$AbstractPart: java.lang.String decoded>",
						"<android.net.Uri$AbstractPart: void writeTo(android.os.Parcel)>"
					],
					"depth":7,
					"method":"<android.net.Uri$StringUri: java.lang.String getAuthority()>",
					"source":"FIELDCALLER"
				},
				{
					"trace":[
						"<android.net.Uri: java.lang.String getAuthority()>",
						"<android.net.Uri$AbstractPart: java.lang.String getDecoded()>",
						"<android.net.Uri: java.lang.String decode(java.lang.String)>",
						"<android.net.Uri: void <clinit>()>",
						"<android.net.Uri$PathPart: void <clinit>()>",
						"<android.net.Uri$PathPart: void <init>(java.lang.String,java.lang.String)>",
						"<android.net.Uri$AbstractPart: void <init>(java.lang.String,java.lang.String)>",
						"key field: <android.net.Uri$AbstractPart: java.lang.String decoded>",
						"<android.net.Uri$AbstractPart: void writeTo(android.os.Parcel)>"
					],
					"depth":7,
					"method":"<android.net.Uri: java.lang.String getAuthority()>",
					"source":"FIELDCALLER"
				},
				{
					"trace":[
						"<android.net.Uri$HierarchicalUri: java.lang.String getAuthority()>",
						"<android.net.Uri$AbstractPart: java.lang.String getDecoded()>",
						"<android.net.Uri: java.lang.String decode(java.lang.String)>",
						"<android.net.Uri: void <clinit>()>",
						"<android.net.Uri$PathPart: void <clinit>()>",
						"<android.net.Uri$PathPart: void <init>(java.lang.String,java.lang.String)>",
						"<android.net.Uri$AbstractPart: void <init>(java.lang.String,java.lang.String)>",
						"key field: <android.net.Uri$AbstractPart: java.lang.String decoded>",
						"<android.net.Uri$AbstractPart: void writeTo(android.os.Parcel)>"
					],
					"depth":7,
					"method":"<android.net.Uri$HierarchicalUri: java.lang.String getAuthority()>",
					"source":"FIELDCALLER"
				},
				{
					"trace":[
						"<android.net.Uri$StringUri: java.lang.String getPath()>",
						"<android.net.Uri$AbstractPart: java.lang.String getDecoded()>",
						"<android.net.Uri: java.lang.String decode(java.lang.String)>",
						"<android.net.Uri: void <clinit>()>",
						"<android.net.Uri$PathPart: void <clinit>()>",
						"<android.net.Uri$PathPart: void <init>(java.lang.String,java.lang.String)>",
						"<android.net.Uri$AbstractPart: void <init>(java.lang.String,java.lang.String)>",
						"key field: <android.net.Uri$AbstractPart: java.lang.String decoded>",
						"<android.net.Uri$AbstractPart: void writeTo(android.os.Parcel)>"
					],
					"depth":7,
					"method":"<android.net.Uri$StringUri: java.lang.String getPath()>",
					"source":"FIELDCALLER"
				},
				{
					"trace":[
						"<android.net.Uri$Builder: android.net.Uri$Builder appendEncodedPath(java.lang.String)>",
						"<android.net.Uri$PathPart: android.net.Uri$PathPart appendEncodedSegment(android.net.Uri$PathPart,java.lang.String)>",
						"<android.net.Uri$PathPart: java.lang.String getEncoded()>",
						"<android.net.Uri: void <clinit>()>",
						"<android.net.Uri$PathPart: void <clinit>()>",
						"<android.net.Uri$PathPart: void <init>(java.lang.String,java.lang.String)>",
						"<android.net.Uri$AbstractPart: void <init>(java.lang.String,java.lang.String)>",
						"key field: <android.net.Uri$AbstractPart: java.lang.String decoded>",
						"<android.net.Uri$AbstractPart: void writeTo(android.os.Parcel)>"
					],
					"depth":7,
					"method":"<android.net.Uri$Builder: android.net.Uri$Builder appendEncodedPath(java.lang.String)>",
					"source":"FIELDCALLER"
				},
				{
					"trace":[
						"<android.net.Uri$StringUri: android.net.Uri$Builder buildUpon()>",
						"<android.net.Uri$StringUri: android.net.Uri$Part getAuthorityPart()>",
						"<android.net.Uri$Part: android.net.Uri$Part fromEncoded(java.lang.String)>",
						"<android.net.Uri: void <clinit>()>",
						"<android.net.Uri$PathPart: void <clinit>()>",
						"<android.net.Uri$PathPart: void <init>(java.lang.String,java.lang.String)>",
						"<android.net.Uri$AbstractPart: void <init>(java.lang.String,java.lang.String)>",
						"key field: <android.net.Uri$AbstractPart: java.lang.String decoded>",
						"<android.net.Uri$AbstractPart: void writeTo(android.os.Parcel)>"
					],
					"depth":7,
					"method":"<android.net.Uri$StringUri: android.net.Uri$Builder buildUpon()>",
					"source":"FIELDCALLER"
				},
				{
					"trace":[
						"<android.net.Uri: android.net.Uri$Builder buildUpon()>",
						"<android.net.Uri$StringUri: android.net.Uri$Part getAuthorityPart()>",
						"<android.net.Uri$Part: android.net.Uri$Part fromEncoded(java.lang.String)>",
						"<android.net.Uri: void <clinit>()>",
						"<android.net.Uri$PathPart: void <clinit>()>",
						"<android.net.Uri$PathPart: void <init>(java.lang.String,java.lang.String)>",
						"<android.net.Uri$AbstractPart: void <init>(java.lang.String,java.lang.String)>",
						"key field: <android.net.Uri$AbstractPart: java.lang.String decoded>",
						"<android.net.Uri$AbstractPart: void writeTo(android.os.Parcel)>"
					],
					"depth":7,
					"method":"<android.net.Uri: android.net.Uri$Builder buildUpon()>",
					"source":"FIELDCALLER"
				},
				{
					"trace":[
						"<android.net.Uri$StringUri: java.lang.String getEncodedAuthority()>",
						"<android.net.Uri$StringUri: android.net.Uri$Part getAuthorityPart()>",
						"<android.net.Uri$Part: android.net.Uri$Part fromEncoded(java.lang.String)>",
						"<android.net.Uri: void <clinit>()>",
						"<android.net.Uri$PathPart: void <clinit>()>",
						"<android.net.Uri$PathPart: void <init>(java.lang.String,java.lang.String)>",
						"<android.net.Uri$AbstractPart: void <init>(java.lang.String,java.lang.String)>",
						"key field: <android.net.Uri$AbstractPart: java.lang.String decoded>",
						"<android.net.Uri$AbstractPart: void writeTo(android.os.Parcel)>"
					],
					"depth":7,
					"method":"<android.net.Uri$StringUri: java.lang.String getEncodedAuthority()>",
					"source":"FIELDCALLER"
				},
				{
					"trace":[
						"<android.net.Uri: java.lang.String getEncodedAuthority()>",
						"<android.net.Uri$StringUri: android.net.Uri$Part getAuthorityPart()>",
						"<android.net.Uri$Part: android.net.Uri$Part fromEncoded(java.lang.String)>",
						"<android.net.Uri: void <clinit>()>",
						"<android.net.Uri$PathPart: void <clinit>()>",
						"<android.net.Uri$PathPart: void <init>(java.lang.String,java.lang.String)>",
						"<android.net.Uri$AbstractPart: void <init>(java.lang.String,java.lang.String)>",
						"key field: <android.net.Uri$AbstractPart: java.lang.String decoded>",
						"<android.net.Uri$AbstractPart: void writeTo(android.os.Parcel)>"
					],
					"depth":7,
					"method":"<android.net.Uri: java.lang.String getEncodedAuthority()>",
					"source":"FIELDCALLER"
				},
				{
					"trace":[
						"<android.net.Uri$AbstractHierarchicalUri: java.lang.String getEncodedUserInfo()>",
						"<android.net.Uri$AbstractHierarchicalUri: android.net.Uri$Part getUserInfoPart()>",
						"<android.net.Uri$Part: android.net.Uri$Part fromEncoded(java.lang.String)>",
						"<android.net.Uri: void <clinit>()>",
						"<android.net.Uri$PathPart: void <clinit>()>",
						"<android.net.Uri$PathPart: void <init>(java.lang.String,java.lang.String)>",
						"<android.net.Uri$AbstractPart: void <init>(java.lang.String,java.lang.String)>",
						"key field: <android.net.Uri$AbstractPart: java.lang.String decoded>",
						"<android.net.Uri$AbstractPart: void writeTo(android.os.Parcel)>"
					],
					"depth":7,
					"method":"<android.net.Uri$AbstractHierarchicalUri: java.lang.String getEncodedUserInfo()>",
					"source":"FIELDCALLER"
				},
				{
					"trace":[
						"<android.net.Uri: java.lang.String getEncodedUserInfo()>",
						"<android.net.Uri$AbstractHierarchicalUri: android.net.Uri$Part getUserInfoPart()>",
						"<android.net.Uri$Part: android.net.Uri$Part fromEncoded(java.lang.String)>",
						"<android.net.Uri: void <clinit>()>",
						"<android.net.Uri$PathPart: void <clinit>()>",
						"<android.net.Uri$PathPart: void <init>(java.lang.String,java.lang.String)>",
						"<android.net.Uri$AbstractPart: void <init>(java.lang.String,java.lang.String)>",
						"key field: <android.net.Uri$AbstractPart: java.lang.String decoded>",
						"<android.net.Uri$AbstractPart: void writeTo(android.os.Parcel)>"
					],
					"depth":7,
					"method":"<android.net.Uri: java.lang.String getEncodedUserInfo()>",
					"source":"FIELDCALLER"
				},
				{
					"trace":[
						"<android.net.Uri$HierarchicalUri: java.lang.String getEncodedSchemeSpecificPart()>",
						"<android.net.Uri$HierarchicalUri: android.net.Uri$Part getSsp()>",
						"<android.net.Uri$Part: android.net.Uri$Part fromEncoded(java.lang.String)>",
						"<android.net.Uri: void <clinit>()>",
						"<android.net.Uri$PathPart: void <clinit>()>",
						"<android.net.Uri$PathPart: void <init>(java.lang.String,java.lang.String)>",
						"<android.net.Uri$AbstractPart: void <init>(java.lang.String,java.lang.String)>",
						"key field: <android.net.Uri$AbstractPart: java.lang.String decoded>",
						"<android.net.Uri$AbstractPart: void writeTo(android.os.Parcel)>"
					],
					"depth":7,
					"method":"<android.net.Uri$HierarchicalUri: java.lang.String getEncodedSchemeSpecificPart()>",
					"source":"FIELDCALLER"
				},
				{
					"trace":[
						"<android.net.Uri: java.lang.String getEncodedSchemeSpecificPart()>",
						"<android.net.Uri$HierarchicalUri: android.net.Uri$Part getSsp()>",
						"<android.net.Uri$Part: android.net.Uri$Part fromEncoded(java.lang.String)>",
						"<android.net.Uri: void <clinit>()>",
						"<android.net.Uri$PathPart: void <clinit>()>",
						"<android.net.Uri$PathPart: void <init>(java.lang.String,java.lang.String)>",
						"<android.net.Uri$AbstractPart: void <init>(java.lang.String,java.lang.String)>",
						"key field: <android.net.Uri$AbstractPart: java.lang.String decoded>",
						"<android.net.Uri$AbstractPart: void writeTo(android.os.Parcel)>"
					],
					"depth":7,
					"method":"<android.net.Uri: java.lang.String getEncodedSchemeSpecificPart()>",
					"source":"FIELDCALLER"
				},
				{
					"trace":[
						"<android.net.Uri$StringUri: java.lang.String getEncodedSchemeSpecificPart()>",
						"<android.net.Uri$StringUri: android.net.Uri$Part getSsp()>",
						"<android.net.Uri$Part: android.net.Uri$Part fromEncoded(java.lang.String)>",
						"<android.net.Uri: void <clinit>()>",
						"<android.net.Uri$PathPart: void <clinit>()>",
						"<android.net.Uri$PathPart: void <init>(java.lang.String,java.lang.String)>",
						"<android.net.Uri$AbstractPart: void <init>(java.lang.String,java.lang.String)>",
						"key field: <android.net.Uri$AbstractPart: java.lang.String decoded>",
						"<android.net.Uri$AbstractPart: void writeTo(android.os.Parcel)>"
					],
					"depth":7,
					"method":"<android.net.Uri$StringUri: java.lang.String getEncodedSchemeSpecificPart()>",
					"source":"FIELDCALLER"
				},
				{
					"trace":[
						"<android.net.Uri$StringUri: java.lang.String getEncodedFragment()>",
						"<android.net.Uri$StringUri: android.net.Uri$Part getFragmentPart()>",
						"<android.net.Uri$Part: android.net.Uri$Part fromEncoded(java.lang.String)>",
						"<android.net.Uri: void <clinit>()>",
						"<android.net.Uri$PathPart: void <clinit>()>",
						"<android.net.Uri$PathPart: void <init>(java.lang.String,java.lang.String)>",
						"<android.net.Uri$AbstractPart: void <init>(java.lang.String,java.lang.String)>",
						"key field: <android.net.Uri$AbstractPart: java.lang.String decoded>",
						"<android.net.Uri$AbstractPart: void writeTo(android.os.Parcel)>"
					],
					"depth":7,
					"method":"<android.net.Uri$StringUri: java.lang.String getEncodedFragment()>",
					"source":"FIELDCALLER"
				},
				{
					"trace":[
						"<android.net.Uri: java.lang.String getEncodedFragment()>",
						"<android.net.Uri$StringUri: android.net.Uri$Part getFragmentPart()>",
						"<android.net.Uri$Part: android.net.Uri$Part fromEncoded(java.lang.String)>",
						"<android.net.Uri: void <clinit>()>",
						"<android.net.Uri$PathPart: void <clinit>()>",
						"<android.net.Uri$PathPart: void <init>(java.lang.String,java.lang.String)>",
						"<android.net.Uri$AbstractPart: void <init>(java.lang.String,java.lang.String)>",
						"key field: <android.net.Uri$AbstractPart: java.lang.String decoded>",
						"<android.net.Uri$AbstractPart: void writeTo(android.os.Parcel)>"
					],
					"depth":7,
					"method":"<android.net.Uri: java.lang.String getEncodedFragment()>",
					"source":"FIELDCALLER"
				},
				{
					"trace":[
						"<android.net.Uri$StringUri: java.lang.String getEncodedQuery()>",
						"<android.net.Uri$StringUri: android.net.Uri$Part getQueryPart()>",
						"<android.net.Uri$Part: android.net.Uri$Part fromEncoded(java.lang.String)>",
						"<android.net.Uri: void <clinit>()>",
						"<android.net.Uri$PathPart: void <clinit>()>",
						"<android.net.Uri$PathPart: void <init>(java.lang.String,java.lang.String)>",
						"<android.net.Uri$AbstractPart: void <init>(java.lang.String,java.lang.String)>",
						"key field: <android.net.Uri$AbstractPart: java.lang.String decoded>",
						"<android.net.Uri$AbstractPart: void writeTo(android.os.Parcel)>"
					],
					"depth":7,
					"method":"<android.net.Uri$StringUri: java.lang.String getEncodedQuery()>",
					"source":"FIELDCALLER"
				},
				{
					"trace":[
						"<android.net.Uri: java.lang.String getEncodedQuery()>",
						"<android.net.Uri$StringUri: android.net.Uri$Part getQueryPart()>",
						"<android.net.Uri$Part: android.net.Uri$Part fromEncoded(java.lang.String)>",
						"<android.net.Uri: void <clinit>()>",
						"<android.net.Uri$PathPart: void <clinit>()>",
						"<android.net.Uri$PathPart: void <init>(java.lang.String,java.lang.String)>",
						"<android.net.Uri$AbstractPart: void <init>(java.lang.String,java.lang.String)>",
						"key field: <android.net.Uri$AbstractPart: java.lang.String decoded>",
						"<android.net.Uri$AbstractPart: void writeTo(android.os.Parcel)>"
					],
					"depth":7,
					"method":"<android.net.Uri: java.lang.String getEncodedQuery()>",
					"source":"FIELDCALLER"
				},
				{
					"trace":[
						"<android.net.wifi.WifiStateTracker: void handleMessage(android.os.Message)>",
						"<android.net.Uri$OpaqueUri: java.lang.String toString()>",
						"<android.net.Uri$Part: java.lang.String getEncoded()>",
						"<android.net.Uri: void <clinit>()>",
						"<android.net.Uri$PathPart: void <clinit>()>",
						"<android.net.Uri$PathPart: void <init>(java.lang.String,java.lang.String)>",
						"<android.net.Uri$AbstractPart: void <init>(java.lang.String,java.lang.String)>",
						"key field: <android.net.Uri$AbstractPart: java.lang.String decoded>",
						"<android.net.Uri$AbstractPart: void writeTo(android.os.Parcel)>"
					],
					"depth":7,
					"method":"<android.net.wifi.WifiStateTracker: void handleMessage(android.os.Message)>",
					"source":"FIELDCALLER"
				},
				{
					"trace":[
						"<android.net.Uri: boolean equals(java.lang.Object)>",
						"<android.net.Uri$OpaqueUri: java.lang.String toString()>",
						"<android.net.Uri$Part: java.lang.String getEncoded()>",
						"<android.net.Uri: void <clinit>()>",
						"<android.net.Uri$PathPart: void <clinit>()>",
						"<android.net.Uri$PathPart: void <init>(java.lang.String,java.lang.String)>",
						"<android.net.Uri$AbstractPart: void <init>(java.lang.String,java.lang.String)>",
						"key field: <android.net.Uri$AbstractPart: java.lang.String decoded>",
						"<android.net.Uri$AbstractPart: void writeTo(android.os.Parcel)>"
					],
					"depth":7,
					"method":"<android.net.Uri: boolean equals(java.lang.Object)>",
					"source":"FIELDCALLER"
				},
				{
					"trace":[
						"<android.net.Uri: int hashCode()>",
						"<android.net.Uri$OpaqueUri: java.lang.String toString()>",
						"<android.net.Uri$Part: java.lang.String getEncoded()>",
						"<android.net.Uri: void <clinit>()>",
						"<android.net.Uri$PathPart: void <clinit>()>",
						"<android.net.Uri$PathPart: void <init>(java.lang.String,java.lang.String)>",
						"<android.net.Uri$AbstractPart: void <init>(java.lang.String,java.lang.String)>",
						"key field: <android.net.Uri$AbstractPart: java.lang.String decoded>",
						"<android.net.Uri$AbstractPart: void writeTo(android.os.Parcel)>"
					],
					"depth":7,
					"method":"<android.net.Uri: int hashCode()>",
					"source":"FIELDCALLER"
				},
				{
					"trace":[
						"<android.app.Notification: java.lang.String toString()>",
						"<android.net.Uri$OpaqueUri: java.lang.String toString()>",
						"<android.net.Uri$Part: java.lang.String getEncoded()>",
						"<android.net.Uri: void <clinit>()>",
						"<android.net.Uri$PathPart: void <clinit>()>",
						"<android.net.Uri$PathPart: void <init>(java.lang.String,java.lang.String)>",
						"<android.net.Uri$AbstractPart: void <init>(java.lang.String,java.lang.String)>",
						"key field: <android.net.Uri$AbstractPart: java.lang.String decoded>",
						"<android.net.Uri$AbstractPart: void writeTo(android.os.Parcel)>"
					],
					"depth":7,
					"method":"<android.app.Notification: java.lang.String toString()>",
					"source":"FIELDCALLER"
				},
				{
					"trace":[
						"<android.content.ContentProviderResult: java.lang.String toString()>",
						"<android.net.Uri$OpaqueUri: java.lang.String toString()>",
						"<android.net.Uri$Part: java.lang.String getEncoded()>",
						"<android.net.Uri: void <clinit>()>",
						"<android.net.Uri$PathPart: void <clinit>()>",
						"<android.net.Uri$PathPart: void <init>(java.lang.String,java.lang.String)>",
						"<android.net.Uri$AbstractPart: void <init>(java.lang.String,java.lang.String)>",
						"key field: <android.net.Uri$AbstractPart: java.lang.String decoded>",
						"<android.net.Uri$AbstractPart: void writeTo(android.os.Parcel)>"
					],
					"depth":7,
					"method":"<android.content.ContentProviderResult: java.lang.String toString()>",
					"source":"FIELDCALLER"
				},
				{
					"trace":[
						"<android.net.MailTo: java.lang.String toString()>",
						"<android.net.Uri: java.lang.String encode(java.lang.String)>",
						"<android.net.Uri: java.lang.String encode(java.lang.String,java.lang.String)>",
						"<android.net.Uri: void <clinit>()>",
						"<android.net.Uri$PathPart: void <clinit>()>",
						"<android.net.Uri$PathPart: void <init>(java.lang.String,java.lang.String)>",
						"<android.net.Uri$AbstractPart: void <init>(java.lang.String,java.lang.String)>",
						"key field: <android.net.Uri$AbstractPart: java.lang.String decoded>",
						"<android.net.Uri$AbstractPart: void writeTo(android.os.Parcel)>"
					],
					"depth":7,
					"method":"<android.net.MailTo: java.lang.String toString()>",
					"source":"FIELDCALLER"
				},
				{
					"trace":[
						"<android.net.Uri$Builder: android.net.Uri$Builder opaquePart(java.lang.String)>",
						"<android.net.Uri$Part: android.net.Uri$Part fromDecoded(java.lang.String)>",
						"<android.net.Uri: java.lang.String access$300()>",
						"<android.net.Uri: void <clinit>()>",
						"<android.net.Uri$PathPart: void <clinit>()>",
						"<android.net.Uri$PathPart: void <init>(java.lang.String,java.lang.String)>",
						"<android.net.Uri$AbstractPart: void <init>(java.lang.String,java.lang.String)>",
						"key field: <android.net.Uri$AbstractPart: java.lang.String decoded>",
						"<android.net.Uri$AbstractPart: void writeTo(android.os.Parcel)>"
					],
					"depth":7,
					"method":"<android.net.Uri$Builder: android.net.Uri$Builder opaquePart(java.lang.String)>",
					"source":"FIELDCALLER"
				},
				{
					"trace":[
						"<android.net.Uri$Builder: android.net.Uri$Builder fragment(java.lang.String)>",
						"<android.net.Uri$Part: android.net.Uri$Part fromDecoded(java.lang.String)>",
						"<android.net.Uri: java.lang.String access$300()>",
						"<android.net.Uri: void <clinit>()>",
						"<android.net.Uri$PathPart: void <clinit>()>",
						"<android.net.Uri$PathPart: void <init>(java.lang.String,java.lang.String)>",
						"<android.net.Uri$AbstractPart: void <init>(java.lang.String,java.lang.String)>",
						"key field: <android.net.Uri$AbstractPart: java.lang.String decoded>",
						"<android.net.Uri$AbstractPart: void writeTo(android.os.Parcel)>"
					],
					"depth":7,
					"method":"<android.net.Uri$Builder: android.net.Uri$Builder fragment(java.lang.String)>",
					"source":"FIELDCALLER"
				},
				{
					"trace":[
						"<android.net.Uri$Builder: android.net.Uri$Builder query(java.lang.String)>",
						"<android.net.Uri$Part: android.net.Uri$Part fromDecoded(java.lang.String)>",
						"<android.net.Uri: java.lang.String access$300()>",
						"<android.net.Uri: void <clinit>()>",
						"<android.net.Uri$PathPart: void <clinit>()>",
						"<android.net.Uri$PathPart: void <init>(java.lang.String,java.lang.String)>",
						"<android.net.Uri$AbstractPart: void <init>(java.lang.String,java.lang.String)>",
						"key field: <android.net.Uri$AbstractPart: java.lang.String decoded>",
						"<android.net.Uri$AbstractPart: void writeTo(android.os.Parcel)>"
					],
					"depth":7,
					"method":"<android.net.Uri$Builder: android.net.Uri$Builder query(java.lang.String)>",
					"source":"FIELDCALLER"
				},
				{
					"trace":[
						"<android.net.Uri$Builder: android.net.Uri$Builder authority(java.lang.String)>",
						"<android.net.Uri$Part: android.net.Uri$Part fromDecoded(java.lang.String)>",
						"<android.net.Uri: java.lang.String access$300()>",
						"<android.net.Uri: void <clinit>()>",
						"<android.net.Uri$PathPart: void <clinit>()>",
						"<android.net.Uri$PathPart: void <init>(java.lang.String,java.lang.String)>",
						"<android.net.Uri$AbstractPart: void <init>(java.lang.String,java.lang.String)>",
						"key field: <android.net.Uri$AbstractPart: java.lang.String decoded>",
						"<android.net.Uri$AbstractPart: void writeTo(android.os.Parcel)>"
					],
					"depth":7,
					"method":"<android.net.Uri$Builder: android.net.Uri$Builder authority(java.lang.String)>",
					"source":"FIELDCALLER"
				},
				{
					"trace":[
						"<android.net.wifi.WifiStateTracker$NotificationEnabledSettingObserver: void onChange(boolean)>",
						"<android.net.wifi.WifiStateTracker$NotificationEnabledSettingObserver: boolean getValue()>",
						"<android.provider.Settings$Secure: void <clinit>()>",
						"<android.net.Uri: void <clinit>()>",
						"<android.net.Uri$PathPart: void <clinit>()>",
						"<android.net.Uri$PathPart: void <init>(java.lang.String,java.lang.String)>",
						"<android.net.Uri$AbstractPart: void <init>(java.lang.String,java.lang.String)>",
						"key field: <android.net.Uri$AbstractPart: java.lang.String decoded>",
						"<android.net.Uri$AbstractPart: void writeTo(android.os.Parcel)>"
					],
					"depth":7,
					"method":"<android.net.wifi.WifiStateTracker$NotificationEnabledSettingObserver: void onChange(boolean)>",
					"source":"FIELDCALLER"
				},
				{
					"trace":[
						"<android.net.wifi.WifiStateTracker$NotificationEnabledSettingObserver: void register()>",
						"<android.net.wifi.WifiStateTracker$NotificationEnabledSettingObserver: boolean getValue()>",
						"<android.provider.Settings$Secure: void <clinit>()>",
						"<android.net.Uri: void <clinit>()>",
						"<android.net.Uri$PathPart: void <clinit>()>",
						"<android.net.Uri$PathPart: void <init>(java.lang.String,java.lang.String)>",
						"<android.net.Uri$AbstractPart: void <init>(java.lang.String,java.lang.String)>",
						"key field: <android.net.Uri$AbstractPart: java.lang.String decoded>",
						"<android.net.Uri$AbstractPart: void writeTo(android.os.Parcel)>"
					],
					"depth":7,
					"method":"<android.net.wifi.WifiStateTracker$NotificationEnabledSettingObserver: void register()>",
					"source":"FIELDCALLER"
				},
				{
					"trace":[
						"<android.widget.RemoteViews: void writeToParcel(android.os.Parcel,int)>",
						"<android.widget.RemoteViews$ReflectionAction: void writeToParcel(android.os.Parcel,int)>",
						"<android.net.Uri$HierarchicalUri: void writeToParcel(android.os.Parcel,int)>",
						"<android.net.Uri$AbstractPart: void writeTo(android.os.Parcel)>",
						"<android.net.Uri: void <clinit>()>",
						"<android.net.Uri$PathPart: void <clinit>()>",
						"<android.net.Uri$PathPart: void <init>(java.lang.String,java.lang.String)>",
						"<android.net.Uri$AbstractPart: void <init>(java.lang.String,java.lang.String)>",
						"key field: <android.net.Uri$AbstractPart: java.lang.String decoded>",
						"<android.net.Uri$AbstractPart: void writeTo(android.os.Parcel)>"
					],
					"depth":8,
					"method":"<android.widget.RemoteViews: void writeToParcel(android.os.Parcel,int)>",
					"source":"FIELDCALLER"
				},
				{
					"trace":[
						"<android.os.Parcelable: void writeToParcel(android.os.Parcel,int)>",
						"<android.widget.RemoteViews$ReflectionAction: void writeToParcel(android.os.Parcel,int)>",
						"<android.net.Uri$HierarchicalUri: void writeToParcel(android.os.Parcel,int)>",
						"<android.net.Uri$AbstractPart: void writeTo(android.os.Parcel)>",
						"<android.net.Uri: void <clinit>()>",
						"<android.net.Uri$PathPart: void <clinit>()>",
						"<android.net.Uri$PathPart: void <init>(java.lang.String,java.lang.String)>",
						"<android.net.Uri$AbstractPart: void <init>(java.lang.String,java.lang.String)>",
						"key field: <android.net.Uri$AbstractPart: java.lang.String decoded>",
						"<android.net.Uri$AbstractPart: void writeTo(android.os.Parcel)>"
					],
					"depth":8,
					"method":"<android.os.Parcelable: void writeToParcel(android.os.Parcel,int)>",
					"source":"FIELDCALLER"
				},
				{
					"trace":[
						"<android.content.Intent: void writeToParcel(android.os.Parcel,int)>",
						"<android.net.Uri: void writeToParcel(android.os.Parcel,android.net.Uri)>",
						"<android.net.Uri$HierarchicalUri: void writeToParcel(android.os.Parcel,int)>",
						"<android.net.Uri$AbstractPart: void writeTo(android.os.Parcel)>",
						"<android.net.Uri: void <clinit>()>",
						"<android.net.Uri$PathPart: void <clinit>()>",
						"<android.net.Uri$PathPart: void <init>(java.lang.String,java.lang.String)>",
						"<android.net.Uri$AbstractPart: void <init>(java.lang.String,java.lang.String)>",
						"key field: <android.net.Uri$AbstractPart: java.lang.String decoded>",
						"<android.net.Uri$AbstractPart: void writeTo(android.os.Parcel)>"
					],
					"depth":8,
					"method":"<android.content.Intent: void writeToParcel(android.os.Parcel,int)>",
					"source":"FIELDCALLER"
				},
				{
					"trace":[
						"<android.content.ContentProviderOperation: void writeToParcel(android.os.Parcel,int)>",
						"<android.net.Uri: void writeToParcel(android.os.Parcel,android.net.Uri)>",
						"<android.net.Uri$HierarchicalUri: void writeToParcel(android.os.Parcel,int)>",
						"<android.net.Uri$AbstractPart: void writeTo(android.os.Parcel)>",
						"<android.net.Uri: void <clinit>()>",
						"<android.net.Uri$PathPart: void <clinit>()>",
						"<android.net.Uri$PathPart: void <init>(java.lang.String,java.lang.String)>",
						"<android.net.Uri$AbstractPart: void <init>(java.lang.String,java.lang.String)>",
						"key field: <android.net.Uri$AbstractPart: java.lang.String decoded>",
						"<android.net.Uri$AbstractPart: void writeTo(android.os.Parcel)>"
					],
					"depth":8,
					"method":"<android.content.ContentProviderOperation: void writeToParcel(android.os.Parcel,int)>",
					"source":"FIELDCALLER"
				},
				{
					"trace":[
						"<android.net.Proxy: int getDefaultPort()>",
						"<android.net.Uri$AbstractHierarchicalUri: int getPort()>",
						"<android.net.Uri$AbstractHierarchicalUri: int parsePort()>",
						"<android.net.Uri: java.lang.String access$600()>",
						"<android.net.Uri: void <clinit>()>",
						"<android.net.Uri$PathPart: void <clinit>()>",
						"<android.net.Uri$PathPart: void <init>(java.lang.String,java.lang.String)>",
						"<android.net.Uri$AbstractPart: void <init>(java.lang.String,java.lang.String)>",
						"key field: <android.net.Uri$AbstractPart: java.lang.String decoded>",
						"<android.net.Uri$AbstractPart: void writeTo(android.os.Parcel)>"
					],
					"depth":8,
					"method":"<android.net.Proxy: int getDefaultPort()>",
					"source":"FIELDCALLER"
				},
				{
					"trace":[
						"<android.net.Uri$1: android.net.Uri createFromParcel(android.os.Parcel)>",
						"<android.net.Uri$HierarchicalUri: android.net.Uri readFrom(android.os.Parcel)>",
						"<android.net.Uri$PathPart: android.net.Uri$PathPart readFrom(android.os.Parcel)>",
						"<android.net.Uri$PathPart: android.net.Uri$PathPart fromDecoded(java.lang.String)>",
						"<android.net.Uri: void <clinit>()>",
						"<android.net.Uri$PathPart: void <clinit>()>",
						"<android.net.Uri$PathPart: void <init>(java.lang.String,java.lang.String)>",
						"<android.net.Uri$AbstractPart: void <init>(java.lang.String,java.lang.String)>",
						"key field: <android.net.Uri$AbstractPart: java.lang.String decoded>",
						"<android.net.Uri$AbstractPart: void writeTo(android.os.Parcel)>"
					],
					"depth":8,
					"method":"<android.net.Uri$1: android.net.Uri createFromParcel(android.os.Parcel)>",
					"source":"FIELDCALLER"
				},
				{
					"trace":[
						"<android.os.Parcelable$Creator: java.lang.Object createFromParcel(android.os.Parcel)>",
						"<android.net.Uri$HierarchicalUri: android.net.Uri readFrom(android.os.Parcel)>",
						"<android.net.Uri$PathPart: android.net.Uri$PathPart readFrom(android.os.Parcel)>",
						"<android.net.Uri$PathPart: android.net.Uri$PathPart fromDecoded(java.lang.String)>",
						"<android.net.Uri: void <clinit>()>",
						"<android.net.Uri$PathPart: void <clinit>()>",
						"<android.net.Uri$PathPart: void <init>(java.lang.String,java.lang.String)>",
						"<android.net.Uri$AbstractPart: void <init>(java.lang.String,java.lang.String)>",
						"key field: <android.net.Uri$AbstractPart: java.lang.String decoded>",
						"<android.net.Uri$AbstractPart: void writeTo(android.os.Parcel)>"
					],
					"depth":8,
					"method":"<android.os.Parcelable$Creator: java.lang.Object createFromParcel(android.os.Parcel)>",
					"source":"FIELDCALLER"
				},
				{
					"trace":[
						"<android.net.Uri: android.net.Uri withAppendedPath(android.net.Uri,java.lang.String)>",
						"<android.net.Uri$Builder: android.net.Uri build()>",
						"<android.net.Uri$OpaqueUri: void <init>(java.lang.String,android.net.Uri$Part,android.net.Uri$Part,android.net.Uri$1)>",
						"<android.net.Uri$OpaqueUri: void <init>(java.lang.String,android.net.Uri$Part,android.net.Uri$Part)>",
						"<android.net.Uri: void <clinit>()>",
						"<android.net.Uri$PathPart: void <clinit>()>",
						"<android.net.Uri$PathPart: void <init>(java.lang.String,java.lang.String)>",
						"<android.net.Uri$AbstractPart: void <init>(java.lang.String,java.lang.String)>",
						"key field: <android.net.Uri$AbstractPart: java.lang.String decoded>",
						"<android.net.Uri$AbstractPart: void writeTo(android.os.Parcel)>"
					],
					"depth":8,
					"method":"<android.net.Uri: android.net.Uri withAppendedPath(android.net.Uri,java.lang.String)>",
					"source":"FIELDCALLER"
				},
				{
					"trace":[
						"<android.net.Uri$Builder: java.lang.String toString()>",
						"<android.net.Uri$Builder: android.net.Uri build()>",
						"<android.net.Uri$OpaqueUri: void <init>(java.lang.String,android.net.Uri$Part,android.net.Uri$Part,android.net.Uri$1)>",
						"<android.net.Uri$OpaqueUri: void <init>(java.lang.String,android.net.Uri$Part,android.net.Uri$Part)>",
						"<android.net.Uri: void <clinit>()>",
						"<android.net.Uri$PathPart: void <clinit>()>",
						"<android.net.Uri$PathPart: void <init>(java.lang.String,java.lang.String)>",
						"<android.net.Uri$AbstractPart: void <init>(java.lang.String,java.lang.String)>",
						"key field: <android.net.Uri$AbstractPart: java.lang.String decoded>",
						"<android.net.Uri$AbstractPart: void writeTo(android.os.Parcel)>"
					],
					"depth":8,
					"method":"<android.net.Uri$Builder: java.lang.String toString()>",
					"source":"FIELDCALLER"
				},
				{
					"trace":[
						"<android.net.Uri$1: java.lang.Object createFromParcel(android.os.Parcel)>",
						"<android.net.Uri$1: android.net.Uri createFromParcel(android.os.Parcel)>",
						"<android.net.Uri$OpaqueUri: android.net.Uri readFrom(android.os.Parcel)>",
						"<android.net.Uri$OpaqueUri: void <init>(java.lang.String,android.net.Uri$Part,android.net.Uri$Part)>",
						"<android.net.Uri: void <clinit>()>",
						"<android.net.Uri$PathPart: void <clinit>()>",
						"<android.net.Uri$PathPart: void <init>(java.lang.String,java.lang.String)>",
						"<android.net.Uri$AbstractPart: void <init>(java.lang.String,java.lang.String)>",
						"key field: <android.net.Uri$AbstractPart: java.lang.String decoded>",
						"<android.net.Uri$AbstractPart: void writeTo(android.os.Parcel)>"
					],
					"depth":8,
					"method":"<android.net.Uri$1: java.lang.Object createFromParcel(android.os.Parcel)>",
					"source":"FIELDCALLER"
				},
				{
					"trace":[
						"<android.net.Uri$HierarchicalUri: java.lang.String toString()>",
						"<android.net.Uri$HierarchicalUri: java.lang.String makeUriString()>",
						"<android.net.Uri$HierarchicalUri: void appendSspTo(java.lang.StringBuilder)>",
						"<android.net.Uri$PathPart: java.lang.String getEncoded()>",
						"<android.net.Uri: void <clinit>()>",
						"<android.net.Uri$PathPart: void <clinit>()>",
						"<android.net.Uri$PathPart: void <init>(java.lang.String,java.lang.String)>",
						"<android.net.Uri$AbstractPart: void <init>(java.lang.String,java.lang.String)>",
						"key field: <android.net.Uri$AbstractPart: java.lang.String decoded>",
						"<android.net.Uri$AbstractPart: void writeTo(android.os.Parcel)>"
					],
					"depth":8,
					"method":"<android.net.Uri$HierarchicalUri: java.lang.String toString()>",
					"source":"FIELDCALLER"
				},
				{
					"trace":[
						"<android.net.Uri: java.lang.String toString()>",
						"<android.net.Uri$HierarchicalUri: java.lang.String makeUriString()>",
						"<android.net.Uri$HierarchicalUri: void appendSspTo(java.lang.StringBuilder)>",
						"<android.net.Uri$PathPart: java.lang.String getEncoded()>",
						"<android.net.Uri: void <clinit>()>",
						"<android.net.Uri$PathPart: void <clinit>()>",
						"<android.net.Uri$PathPart: void <init>(java.lang.String,java.lang.String)>",
						"<android.net.Uri$AbstractPart: void <init>(java.lang.String,java.lang.String)>",
						"key field: <android.net.Uri$AbstractPart: java.lang.String decoded>",
						"<android.net.Uri$AbstractPart: void writeTo(android.os.Parcel)>"
					],
					"depth":8,
					"method":"<android.net.Uri: java.lang.String toString()>",
					"source":"FIELDCALLER"
				},
				{
					"trace":[
						"<android.net.http.RequestQueue: void enablePlatformNotifications()>",
						"<android.net.http.RequestQueue: void setProxyConfig()>",
						"<android.net.Proxy: int getPort(android.content.Context)>",
						"<android.net.Proxy: int getDefaultPort()>",
						"<android.net.Uri: void <clinit>()>",
						"<android.net.Uri$PathPart: void <clinit>()>",
						"<android.net.Uri$PathPart: void <init>(java.lang.String,java.lang.String)>",
						"<android.net.Uri$AbstractPart: void <init>(java.lang.String,java.lang.String)>",
						"key field: <android.net.Uri$AbstractPart: java.lang.String decoded>",
						"<android.net.Uri$AbstractPart: void writeTo(android.os.Parcel)>"
					],
					"depth":8,
					"method":"<android.net.http.RequestQueue: void enablePlatformNotifications()>",
					"source":"FIELDCALLER"
				},
				{
					"trace":[
						"<android.webkit.StreamLoader: boolean handleMessage(android.os.Message)>",
						"<android.net.wifi.WifiStateTracker: void handleMessage(android.os.Message)>",
						"<android.net.Uri$OpaqueUri: java.lang.String toString()>",
						"<android.net.Uri$Part: java.lang.String getEncoded()>",
						"<android.net.Uri: void <clinit>()>",
						"<android.net.Uri$PathPart: void <clinit>()>",
						"<android.net.Uri$PathPart: void <init>(java.lang.String,java.lang.String)>",
						"<android.net.Uri$AbstractPart: void <init>(java.lang.String,java.lang.String)>",
						"key field: <android.net.Uri$AbstractPart: java.lang.String decoded>",
						"<android.net.Uri$AbstractPart: void writeTo(android.os.Parcel)>"
					],
					"depth":8,
					"method":"<android.webkit.StreamLoader: boolean handleMessage(android.os.Message)>",
					"source":"FIELDCALLER"
				},
				{
					"trace":[
						"<android.os.Handler$Callback: boolean handleMessage(android.os.Message)>",
						"<android.net.wifi.WifiStateTracker: void handleMessage(android.os.Message)>",
						"<android.net.Uri$OpaqueUri: java.lang.String toString()>",
						"<android.net.Uri$Part: java.lang.String getEncoded()>",
						"<android.net.Uri: void <clinit>()>",
						"<android.net.Uri$PathPart: void <clinit>()>",
						"<android.net.Uri$PathPart: void <init>(java.lang.String,java.lang.String)>",
						"<android.net.Uri$AbstractPart: void <init>(java.lang.String,java.lang.String)>",
						"key field: <android.net.Uri$AbstractPart: java.lang.String decoded>",
						"<android.net.Uri$AbstractPart: void writeTo(android.os.Parcel)>"
					],
					"depth":8,
					"method":"<android.os.Handler$Callback: boolean handleMessage(android.os.Message)>",
					"source":"FIELDCALLER"
				},
				{
					"trace":[
						"<android.net.wifi.WifiStateTracker$SettingsObserver: void onChange(boolean)>",
						"<android.net.wifi.WifiStateTracker: void handleMessage(android.os.Message)>",
						"<android.net.Uri$OpaqueUri: java.lang.String toString()>",
						"<android.net.Uri$Part: java.lang.String getEncoded()>",
						"<android.net.Uri: void <clinit>()>",
						"<android.net.Uri$PathPart: void <clinit>()>",
						"<android.net.Uri$PathPart: void <init>(java.lang.String,java.lang.String)>",
						"<android.net.Uri$AbstractPart: void <init>(java.lang.String,java.lang.String)>",
						"key field: <android.net.Uri$AbstractPart: java.lang.String decoded>",
						"<android.net.Uri$AbstractPart: void writeTo(android.os.Parcel)>"
					],
					"depth":8,
					"method":"<android.net.wifi.WifiStateTracker$SettingsObserver: void onChange(boolean)>",
					"source":"FIELDCALLER"
				},
				{
					"trace":[
						"<android.net.wifi.WifiStateTracker: void setNotificationVisible(boolean,int,boolean,int)>",
						"<android.net.wifi.WifiStateTracker: void handleMessage(android.os.Message)>",
						"<android.net.Uri$OpaqueUri: java.lang.String toString()>",
						"<android.net.Uri$Part: java.lang.String getEncoded()>",
						"<android.net.Uri: void <clinit>()>",
						"<android.net.Uri$PathPart: void <clinit>()>",
						"<android.net.Uri$PathPart: void <init>(java.lang.String,java.lang.String)>",
						"<android.net.Uri$AbstractPart: void <init>(java.lang.String,java.lang.String)>",
						"key field: <android.net.Uri$AbstractPart: java.lang.String decoded>",
						"<android.net.Uri$AbstractPart: void writeTo(android.os.Parcel)>"
					],
					"depth":8,
					"method":"<android.net.wifi.WifiStateTracker: void setNotificationVisible(boolean,int,boolean,int)>",
					"source":"FIELDCALLER"
				},
				{
					"trace":[
						"<android.webkit.WebView$PrivateHandler: void handleMessage(android.os.Message)>",
						"<android.net.wifi.WifiStateTracker: void handleMessage(android.os.Message)>",
						"<android.net.Uri$OpaqueUri: java.lang.String toString()>",
						"<android.net.Uri$Part: java.lang.String getEncoded()>",
						"<android.net.Uri: void <clinit>()>",
						"<android.net.Uri$PathPart: void <clinit>()>",
						"<android.net.Uri$PathPart: void <init>(java.lang.String,java.lang.String)>",
						"<android.net.Uri$AbstractPart: void <init>(java.lang.String,java.lang.String)>",
						"key field: <android.net.Uri$AbstractPart: java.lang.String decoded>",
						"<android.net.Uri$AbstractPart: void writeTo(android.os.Parcel)>"
					],
					"depth":8,
					"method":"<android.webkit.WebView$PrivateHandler: void handleMessage(android.os.Message)>",
					"source":"FIELDCALLER"
				},
				{
					"trace":[
						"<android.webkit.WebViewCore$EventHub$1: void handleMessage(android.os.Message)>",
						"<android.net.wifi.WifiStateTracker: void handleMessage(android.os.Message)>",
						"<android.net.Uri$OpaqueUri: java.lang.String toString()>",
						"<android.net.Uri$Part: java.lang.String getEncoded()>",
						"<android.net.Uri: void <clinit>()>",
						"<android.net.Uri$PathPart: void <clinit>()>",
						"<android.net.Uri$PathPart: void <init>(java.lang.String,java.lang.String)>",
						"<android.net.Uri$AbstractPart: void <init>(java.lang.String,java.lang.String)>",
						"key field: <android.net.Uri$AbstractPart: java.lang.String decoded>",
						"<android.net.Uri$AbstractPart: void writeTo(android.os.Parcel)>"
					],
					"depth":8,
					"method":"<android.webkit.WebViewCore$EventHub$1: void handleMessage(android.os.Message)>",
					"source":"FIELDCALLER"
				},
				{
					"trace":[
						"<android.widget.Filter$RequestHandler: void handleMessage(android.os.Message)>",
						"<android.net.wifi.WifiStateTracker: void handleMessage(android.os.Message)>",
						"<android.net.Uri$OpaqueUri: java.lang.String toString()>",
						"<android.net.Uri$Part: java.lang.String getEncoded()>",
						"<android.net.Uri: void <clinit>()>",
						"<android.net.Uri$PathPart: void <clinit>()>",
						"<android.net.Uri$PathPart: void <init>(java.lang.String,java.lang.String)>",
						"<android.net.Uri$AbstractPart: void <init>(java.lang.String,java.lang.String)>",
						"key field: <android.net.Uri$AbstractPart: java.lang.String decoded>",
						"<android.net.Uri$AbstractPart: void writeTo(android.os.Parcel)>"
					],
					"depth":8,
					"method":"<android.widget.Filter$RequestHandler: void handleMessage(android.os.Message)>",
					"source":"FIELDCALLER"
				},
				{
					"trace":[
						"<android.net.wifi.WifiStateTracker$DhcpHandler: void handleMessage(android.os.Message)>",
						"<android.net.wifi.WifiStateTracker: void handleMessage(android.os.Message)>",
						"<android.net.Uri$OpaqueUri: java.lang.String toString()>",
						"<android.net.Uri$Part: java.lang.String getEncoded()>",
						"<android.net.Uri: void <clinit>()>",
						"<android.net.Uri$PathPart: void <clinit>()>",
						"<android.net.Uri$PathPart: void <init>(java.lang.String,java.lang.String)>",
						"<android.net.Uri$AbstractPart: void <init>(java.lang.String,java.lang.String)>",
						"key field: <android.net.Uri$AbstractPart: java.lang.String decoded>",
						"<android.net.Uri$AbstractPart: void writeTo(android.os.Parcel)>"
					],
					"depth":8,
					"method":"<android.net.wifi.WifiStateTracker$DhcpHandler: void handleMessage(android.os.Message)>",
					"source":"FIELDCALLER"
				},
				{
					"trace":[
						"<android.server.BluetoothService$1: void handleMessage(android.os.Message)>",
						"<android.net.wifi.WifiStateTracker: void handleMessage(android.os.Message)>",
						"<android.net.Uri$OpaqueUri: java.lang.String toString()>",
						"<android.net.Uri$Part: java.lang.String getEncoded()>",
						"<android.net.Uri: void <clinit>()>",
						"<android.net.Uri$PathPart: void <clinit>()>",
						"<android.net.Uri$PathPart: void <init>(java.lang.String,java.lang.String)>",
						"<android.net.Uri$AbstractPart: void <init>(java.lang.String,java.lang.String)>",
						"key field: <android.net.Uri$AbstractPart: java.lang.String decoded>",
						"<android.net.Uri$AbstractPart: void writeTo(android.os.Parcel)>"
					],
					"depth":8,
					"method":"<android.server.BluetoothService$1: void handleMessage(android.os.Message)>",
					"source":"FIELDCALLER"
				},
				{
					"trace":[
						"<android.net.http.SslCertificate$DName: void <init>(android.net.http.SslCertificate,java.lang.String)>",
						"<android.net.Uri: boolean equals(java.lang.Object)>",
						"<android.net.Uri$OpaqueUri: java.lang.String toString()>",
						"<android.net.Uri$Part: java.lang.String getEncoded()>",
						"<android.net.Uri: void <clinit>()>",
						"<android.net.Uri$PathPart: void <clinit>()>",
						"<android.net.Uri$PathPart: void <init>(java.lang.String,java.lang.String)>",
						"<android.net.Uri$AbstractPart: void <init>(java.lang.String,java.lang.String)>",
						"key field: <android.net.Uri$AbstractPart: java.lang.String decoded>",
						"<android.net.Uri$AbstractPart: void writeTo(android.os.Parcel)>"
					],
					"depth":8,
					"method":"<android.net.http.SslCertificate$DName: void <init>(android.net.http.SslCertificate,java.lang.String)>",
					"source":"FIELDCALLER"
				},
				{
					"trace":[
						"<android.content.SyncStorageEngine: boolean equals(android.os.Bundle,android.os.Bundle)>",
						"<android.net.Uri: boolean equals(java.lang.Object)>",
						"<android.net.Uri$OpaqueUri: java.lang.String toString()>",
						"<android.net.Uri$Part: java.lang.String getEncoded()>",
						"<android.net.Uri: void <clinit>()>",
						"<android.net.Uri$PathPart: void <clinit>()>",
						"<android.net.Uri$PathPart: void <init>(java.lang.String,java.lang.String)>",
						"<android.net.Uri$AbstractPart: void <init>(java.lang.String,java.lang.String)>",
						"key field: <android.net.Uri$AbstractPart: java.lang.String decoded>",
						"<android.net.Uri$AbstractPart: void writeTo(android.os.Parcel)>"
					],
					"depth":8,
					"method":"<android.content.SyncStorageEngine: boolean equals(android.os.Bundle,android.os.Bundle)>",
					"source":"FIELDCALLER"
				},
				{
					"trace":[
						"<android.util.Pair: boolean equals(java.lang.Object)>",
						"<android.net.Uri: boolean equals(java.lang.Object)>",
						"<android.net.Uri$OpaqueUri: java.lang.String toString()>",
						"<android.net.Uri$Part: java.lang.String getEncoded()>",
						"<android.net.Uri: void <clinit>()>",
						"<android.net.Uri$PathPart: void <clinit>()>",
						"<android.net.Uri$PathPart: void <init>(java.lang.String,java.lang.String)>",
						"<android.net.Uri$AbstractPart: void <init>(java.lang.String,java.lang.String)>",
						"key field: <android.net.Uri$AbstractPart: java.lang.String decoded>",
						"<android.net.Uri$AbstractPart: void writeTo(android.os.Parcel)>"
					],
					"depth":8,
					"method":"<android.util.Pair: boolean equals(java.lang.Object)>",
					"source":"FIELDCALLER"
				},
				{
					"trace":[
						"<android.util.Pair: int hashCode()>",
						"<android.net.Uri: int hashCode()>",
						"<android.net.Uri$OpaqueUri: java.lang.String toString()>",
						"<android.net.Uri$Part: java.lang.String getEncoded()>",
						"<android.net.Uri: void <clinit>()>",
						"<android.net.Uri$PathPart: void <clinit>()>",
						"<android.net.Uri$PathPart: void <init>(java.lang.String,java.lang.String)>",
						"<android.net.Uri$AbstractPart: void <init>(java.lang.String,java.lang.String)>",
						"key field: <android.net.Uri$AbstractPart: java.lang.String decoded>",
						"<android.net.Uri$AbstractPart: void writeTo(android.os.Parcel)>"
					],
					"depth":8,
					"method":"<android.util.Pair: int hashCode()>",
					"source":"FIELDCALLER"
				},
				{
					"trace":[
						"<android.net.wifi.WifiStateTracker: void <init>(android.content.Context,android.os.Handler)>",
						"<android.net.wifi.WifiStateTracker$NotificationEnabledSettingObserver: void register()>",
						"<android.net.wifi.WifiStateTracker$NotificationEnabledSettingObserver: boolean getValue()>",
						"<android.provider.Settings$Secure: void <clinit>()>",
						"<android.net.Uri: void <clinit>()>",
						"<android.net.Uri$PathPart: void <clinit>()>",
						"<android.net.Uri$PathPart: void <init>(java.lang.String,java.lang.String)>",
						"<android.net.Uri$AbstractPart: void <init>(java.lang.String,java.lang.String)>",
						"key field: <android.net.Uri$AbstractPart: java.lang.String decoded>",
						"<android.net.Uri$AbstractPart: void writeTo(android.os.Parcel)>"
					],
					"depth":8,
					"method":"<android.net.wifi.WifiStateTracker: void <init>(android.content.Context,android.os.Handler)>",
					"source":"FIELDCALLER"
				}
			],
			"callerOfSingnlar2SourceVar":{}
		}
	]
}