{
	"exceptions":[
		{
			"method":"<android.os.MemoryFile: void <init>(java.io.FileDescriptor,int,java.lang.String)>",
			"message":"\\QNot a memory file.\\E",
			"relatedVarType":"Parameter",
			"relatedCondType":"Basic",
			"modifier":"public",
			"type":"java.lang.IllegalArgumentException",
			"osVersionRelated":false,
			"resourceRelated":false,
			"assessRelated":false,
			"hardwareRelated":false,
			"manifestRelated":false,
			"conditions":"$z0 != 0, r1 != null",
			"paramValues":"@parameter0: java.io.FileDescriptor",
			"relatedValues":"@parameter0: java.io.FileDescriptor; ; ",
			"keyAPISameClassNum":0,
			"keyAPIDiffClassNum":0,
			"keyAPISameClass":[
				{
					"trace":[
						"<android.os.MemoryFile: void <init>(java.io.FileDescriptor,int,java.lang.String)>"
					],
					"depth":0,
					"method":"<android.os.MemoryFile: void <init>(java.io.FileDescriptor,int,java.lang.String)>",
					"source":"CALLER"
				}
			],
			"keyAPIDiffClass":[
				{
					"trace":[
						"<android.content.res.AssetFileDescriptor$AutoCloseMemoryFileInputStream: void <init>(android.os.ParcelFileDescriptor,int)>",
						"<android.os.MemoryFile: void <init>(java.io.FileDescriptor,int,java.lang.String)>"
					],
					"depth":1,
					"method":"<android.content.res.AssetFileDescriptor$AutoCloseMemoryFileInputStream: void <init>(android.os.ParcelFileDescriptor,int)>",
					"source":"CALLER"
				}
			],
			"callerOfSingnlar2SourceVar":{
				"<android.graphics.BitmapFactory: android.graphics.Bitmap decodeFileDescriptor(java.io.FileDescriptor,android.graphics.Rect,android.graphics.BitmapFactory$Options)>":"0",
				"<android.graphics.BitmapFactory: android.graphics.Bitmap decodeFileDescriptor(java.io.FileDescriptor)>":"0",
				"<android.os.MemoryFile: void <init>(java.io.FileDescriptor,int,java.lang.String)>":"0"
			}
		},
		{
			"method":"<android.os.MemoryFile: void <init>(java.io.FileDescriptor,int,java.lang.String)>",
			"message":"\\QFile descriptor is null.\\E",
			"relatedVarType":"Parameter",
			"relatedCondType":"Basic",
			"modifier":"public",
			"type":"java.lang.NullPointerException",
			"osVersionRelated":false,
			"resourceRelated":false,
			"assessRelated":false,
			"hardwareRelated":false,
			"manifestRelated":false,
			"conditions":"r1 != null",
			"paramValues":"@parameter0: java.io.FileDescriptor",
			"relatedValues":"@parameter0: java.io.FileDescriptor; ; ",
			"keyAPISameClassNum":0,
			"keyAPIDiffClassNum":0,
			"keyAPISameClass":[
				{
					"trace":[
						"<android.os.MemoryFile: void <init>(java.io.FileDescriptor,int,java.lang.String)>"
					],
					"depth":0,
					"method":"<android.os.MemoryFile: void <init>(java.io.FileDescriptor,int,java.lang.String)>",
					"source":"CALLER"
				}
			],
			"keyAPIDiffClass":[
				{
					"trace":[
						"<android.content.res.AssetFileDescriptor$AutoCloseMemoryFileInputStream: void <init>(android.os.ParcelFileDescriptor,int)>",
						"<android.os.MemoryFile: void <init>(java.io.FileDescriptor,int,java.lang.String)>"
					],
					"depth":1,
					"method":"<android.content.res.AssetFileDescriptor$AutoCloseMemoryFileInputStream: void <init>(android.os.ParcelFileDescriptor,int)>",
					"source":"CALLER"
				}
			],
			"callerOfSingnlar2SourceVar":{
				"<android.graphics.BitmapFactory: android.graphics.Bitmap decodeFileDescriptor(java.io.FileDescriptor,android.graphics.Rect,android.graphics.BitmapFactory$Options)>":"0",
				"<android.graphics.BitmapFactory: android.graphics.Bitmap decodeFileDescriptor(java.io.FileDescriptor)>":"0",
				"<android.os.MemoryFile: void <init>(java.io.FileDescriptor,int,java.lang.String)>":"0"
			}
		},
		{
			"method":"<android.os.MemoryFile: int modeToProt(java.lang.String)>",
			"message":"\\QUnsupported file mode: '\\E[\\s\\S]*\\Q'\\E",
			"relatedVarType":"Parameter",
			"relatedCondType":"Basic",
			"modifier":"private",
			"type":"java.lang.IllegalArgumentException",
			"osVersionRelated":false,
			"resourceRelated":false,
			"assessRelated":false,
			"hardwareRelated":false,
			"manifestRelated":false,
			"conditions":"$z0 == 0",
			"paramValues":"@parameter0: java.lang.String",
			"relatedValues":"@parameter0: java.lang.String; ; ",
			"keyAPISameClassNum":0,
			"keyAPIDiffClassNum":0,
			"keyAPISameClass":[
				{
					"trace":[
						"<android.os.MemoryFile: int modeToProt(java.lang.String)>"
					],
					"depth":0,
					"method":"<android.os.MemoryFile: int modeToProt(java.lang.String)>",
					"source":"CALLER"
				},
				{
					"trace":[
						"<android.os.MemoryFile: void <init>(java.io.FileDescriptor,int,java.lang.String)>",
						"<android.os.MemoryFile: int modeToProt(java.lang.String)>"
					],
					"depth":1,
					"method":"<android.os.MemoryFile: void <init>(java.io.FileDescriptor,int,java.lang.String)>",
					"source":"CALLER"
				}
			],
			"keyAPIDiffClass":[],
			"callerOfSingnlar2SourceVar":{
				"<android.os.MemoryFile: int modeToProt(java.lang.String)>":"0",
				"<android.os.MemoryFile: void <init>(java.io.FileDescriptor,int,java.lang.String)>":"2"
			}
		},
		{
			"method":"<android.os.MemoryFile: boolean allowPurging(boolean)>",
			"message":"\\QOnly the owner can make ashmem regions purgable.\\E",
			"relatedVarType":"Field",
			"relatedCondType":"Basic",
			"modifier":"public",
			"type":"java.io.IOException",
			"osVersionRelated":false,
			"resourceRelated":false,
			"assessRelated":false,
			"hardwareRelated":false,
			"manifestRelated":false,
			"conditions":"$z0 != 0",
			"fieldValues":"<android.os.MemoryFile: boolean mOwnsRegion>",
			"relatedValues":"; <android.os.MemoryFile: boolean mOwnsRegion>; ",
			"keyAPISameClassNum":2,
			"keyAPIDiffClassNum":1,
			"keyAPISameClass":[
				{
					"trace":[
						"<android.os.MemoryFile: boolean allowPurging(boolean)>"
					],
					"depth":1,
					"method":"<android.os.MemoryFile: void <init>(java.io.FileDescriptor,int,java.lang.String)>",
					"source":"FIELD"
				},
				{
					"trace":[
						"<android.os.MemoryFile: boolean allowPurging(boolean)>"
					],
					"depth":1,
					"method":"<android.os.MemoryFile: void <init>(java.lang.String,int)>",
					"source":"FIELD"
				}
			],
			"keyAPIDiffClass":[
				{
					"trace":[
						"<android.content.res.AssetFileDescriptor$AutoCloseMemoryFileInputStream: void <init>(android.os.ParcelFileDescriptor,int)>",
						"<android.os.MemoryFile: void <init>(java.io.FileDescriptor,int,java.lang.String)>",
						"key field: <android.os.MemoryFile: boolean mOwnsRegion>",
						"<android.os.MemoryFile: boolean allowPurging(boolean)>"
					],
					"depth":2,
					"method":"<android.content.res.AssetFileDescriptor$AutoCloseMemoryFileInputStream: void <init>(android.os.ParcelFileDescriptor,int)>",
					"source":"FIELDCALLER"
				}
			],
			"callerOfSingnlar2SourceVar":{}
		},
		{
			"method":"<android.os.MemoryFile: int readBytes(byte[],int,int,int)>",
			"message":"[\\s\\S]*",
			"relatedVarType":"Parameter",
			"relatedCondType":"Basic",
			"modifier":"public",
			"type":"java.lang.IndexOutOfBoundsException",
			"osVersionRelated":false,
			"resourceRelated":false,
			"assessRelated":false,
			"hardwareRelated":false,
			"manifestRelated":false,
			"conditions":"i0 < 0, $z0 == 0, i0 > $i1",
			"paramValues":"@parameter2: int, @parameter0: byte[]",
			"relatedValues":"@parameter2: int, @parameter0: byte[]; ; ",
			"keyAPISameClassNum":0,
			"keyAPIDiffClassNum":0,
			"keyAPISameClass":[
				{
					"trace":[
						"<android.os.MemoryFile: int readBytes(byte[],int,int,int)>"
					],
					"depth":0,
					"method":"<android.os.MemoryFile: int readBytes(byte[],int,int,int)>",
					"source":"CALLER"
				}
			],
			"keyAPIDiffClass":[
				{
					"trace":[
						"<android.os.MemoryFile$MemoryInputStream: int read(byte[],int,int)>",
						"<android.os.MemoryFile: int readBytes(byte[],int,int,int)>"
					],
					"depth":1,
					"method":"<android.os.MemoryFile$MemoryInputStream: int read(byte[],int,int)>",
					"source":"CALLER"
				}
			],
			"callerOfSingnlar2SourceVar":{
				"<android.os.MemoryFile$MemoryInputStream: int read(byte[],int,int)>":"1, 0",
				"<android.os.MemoryFile: int readBytes(byte[],int,int,int)>":"2, 0"
			}
		},
		{
			"method":"<android.os.MemoryFile: int readBytes(byte[],int,int,int)>",
			"message":"\\QCan't read from deactivated memory file.\\E",
			"relatedVarType":"Unknown",
			"relatedCondType":"Basic",
			"modifier":"public",
			"type":"java.io.IOException",
			"osVersionRelated":false,
			"resourceRelated":false,
			"assessRelated":false,
			"hardwareRelated":false,
			"manifestRelated":false,
			"conditions":"$z0 == 0",
			"keyAPISameClassNum":0,
			"keyAPIDiffClassNum":0,
			"keyAPISameClass":[],
			"keyAPIDiffClass":[],
			"callerOfSingnlar2SourceVar":{}
		},
		{
			"method":"<android.os.MemoryFile: void writeBytes(byte[],int,int,int)>",
			"message":"[\\s\\S]*",
			"relatedVarType":"Parameter",
			"relatedCondType":"Basic",
			"modifier":"public",
			"type":"java.lang.IndexOutOfBoundsException",
			"osVersionRelated":false,
			"resourceRelated":false,
			"assessRelated":false,
			"hardwareRelated":false,
			"manifestRelated":false,
			"conditions":"i0 < 0, $z0 == 0, i0 > $i1",
			"paramValues":"@parameter1: int, @parameter0: byte[]",
			"relatedValues":"@parameter1: int, @parameter0: byte[]; ; ",
			"keyAPISameClassNum":0,
			"keyAPIDiffClassNum":0,
			"keyAPISameClass":[
				{
					"trace":[
						"<android.os.MemoryFile: void writeBytes(byte[],int,int,int)>"
					],
					"depth":0,
					"method":"<android.os.MemoryFile: void writeBytes(byte[],int,int,int)>",
					"source":"CALLER"
				}
			],
			"keyAPIDiffClass":[
				{
					"trace":[
						"<android.os.MemoryFile$MemoryOutputStream: void write(byte[],int,int)>",
						"<android.os.MemoryFile: void writeBytes(byte[],int,int,int)>"
					],
					"depth":1,
					"method":"<android.os.MemoryFile$MemoryOutputStream: void write(byte[],int,int)>",
					"source":"CALLER"
				}
			],
			"callerOfSingnlar2SourceVar":{
				"<android.os.MemoryFile: void writeBytes(byte[],int,int,int)>":"1, 0",
				"<android.os.MemoryFile$MemoryOutputStream: void write(byte[],int,int)>":"1, 0"
			}
		},
		{
			"method":"<android.os.MemoryFile: void writeBytes(byte[],int,int,int)>",
			"message":"\\QCan't write to deactivated memory file.\\E",
			"relatedVarType":"Unknown",
			"relatedCondType":"Basic",
			"modifier":"public",
			"type":"java.io.IOException",
			"osVersionRelated":false,
			"resourceRelated":false,
			"assessRelated":false,
			"hardwareRelated":false,
			"manifestRelated":false,
			"conditions":"$z0 == 0",
			"keyAPISameClassNum":0,
			"keyAPIDiffClassNum":0,
			"keyAPISameClass":[],
			"keyAPIDiffClass":[],
			"callerOfSingnlar2SourceVar":{}
		}
	]
}