{
	"exceptions":[
		{
			"method":"<android.graphics.Picture: void <init>(int)>",
			"message":"[\\s\\S]*",
			"relatedVarType":"Parameter",
			"relatedCondType":"Basic",
			"modifier":"private",
			"type":"java.lang.RuntimeException",
			"osVersionRelated":false,
			"resourceRelated":false,
			"assessRelated":false,
			"hardwareRelated":false,
			"manifestRelated":false,
			"conditions":"i0 != 0",
			"paramValues":"@parameter0: int",
			"relatedValues":"@parameter0: int; ; ",
			"keyAPISameClassNum":0,
			"keyAPIDiffClassNum":0,
			"keyAPISameClass":[
				{
					"trace":[
						"<android.graphics.Picture: void <init>(int)>"
					],
					"depth":0,
					"method":"<android.graphics.Picture: void <init>(int)>",
					"source":"CALLER"
				},
				{
					"trace":[
						"<android.graphics.Picture: android.graphics.Picture createFromStream(java.io.InputStream)>",
						"<android.graphics.Picture: void <init>(int)>"
					],
					"depth":1,
					"method":"<android.graphics.Picture: android.graphics.Picture createFromStream(java.io.InputStream)>",
					"source":"CALLER"
				},
				{
					"trace":[
						"<android.graphics.Picture: void <init>(android.graphics.Picture)>",
						"<android.graphics.Picture: void <init>(int)>"
					],
					"depth":1,
					"method":"<android.graphics.Picture: void <init>(android.graphics.Picture)>",
					"source":"CALLER"
				}
			],
			"keyAPIDiffClass":[],
			"callerOfSingnlar2SourceVar":{
				"<android.graphics.Picture: void <init>(int)>":"0"
			}
		},
		{
			"method":"<android.graphics.Picture: void writeToStream(java.io.OutputStream)>",
			"message":"[\\s\\S]*",
			"relatedVarType":"Parameter",
			"relatedCondType":"Basic",
			"modifier":"public",
			"type":"java.lang.NullPointerException",
			"osVersionRelated":false,
			"resourceRelated":false,
			"assessRelated":false,
			"hardwareRelated":false,
			"manifestRelated":false,
			"conditions":"r0 != null",
			"paramValues":"@parameter0: java.io.OutputStream",
			"relatedValues":"@parameter0: java.io.OutputStream; ; ",
			"keyAPISameClassNum":0,
			"keyAPIDiffClassNum":0,
			"keyAPISameClass":[
				{
					"trace":[
						"<android.graphics.Picture: void writeToStream(java.io.OutputStream)>"
					],
					"depth":0,
					"method":"<android.graphics.Picture: void writeToStream(java.io.OutputStream)>",
					"source":"CALLER"
				}
			],
			"keyAPIDiffClass":[],
			"callerOfSingnlar2SourceVar":{
				"<android.graphics.Picture: void writeToStream(java.io.OutputStream)>":"0"
			}
		},
		{
			"method":"<android.graphics.Picture: void writeToStream(java.io.OutputStream)>",
			"message":"[\\s\\S]*",
			"relatedVarType":"ParaAndField",
			"relatedCondType":"Basic",
			"modifier":"public",
			"type":"java.lang.RuntimeException",
			"osVersionRelated":false,
			"resourceRelated":false,
			"assessRelated":false,
			"hardwareRelated":false,
			"manifestRelated":false,
			"conditions":"$z0 != 0, r0 != null",
			"paramValues":"@parameter0: java.io.OutputStream",
			"fieldValues":"<android.graphics.Picture: int mNativePicture>",
			"relatedValues":"@parameter0: java.io.OutputStream; <android.graphics.Picture: int mNativePicture>; ",
			"keyAPISameClassNum":3,
			"keyAPIDiffClassNum":0,
			"keyAPISameClass":[
				{
					"trace":[
						"<android.graphics.Picture: android.graphics.Picture createFromStream(java.io.InputStream)>",
						"<android.graphics.Picture: void <init>(int)>",
						"key field: <android.graphics.Picture: int mNativePicture>",
						"<android.graphics.Picture: void writeToStream(java.io.OutputStream)>"
					],
					"depth":2,
					"method":"<android.graphics.Picture: android.graphics.Picture createFromStream(java.io.InputStream)>",
					"source":"FIELDCALLER"
				},
				{
					"trace":[
						"<android.graphics.Picture: void <init>(android.graphics.Picture)>",
						"<android.graphics.Picture: void <init>(int)>",
						"key field: <android.graphics.Picture: int mNativePicture>",
						"<android.graphics.Picture: void writeToStream(java.io.OutputStream)>"
					],
					"depth":2,
					"method":"<android.graphics.Picture: void <init>(android.graphics.Picture)>",
					"source":"FIELDCALLER"
				},
				{
					"trace":[
						"<android.graphics.Picture: void <init>()>",
						"<android.graphics.Picture: void <init>(int)>",
						"key field: <android.graphics.Picture: int mNativePicture>",
						"<android.graphics.Picture: void writeToStream(java.io.OutputStream)>"
					],
					"depth":2,
					"method":"<android.graphics.Picture: void <init>()>",
					"source":"FIELDCALLER"
				}
			],
			"keyAPIDiffClass":[],
			"callerOfSingnlar2SourceVar":{
				"<android.graphics.Picture: void writeToStream(java.io.OutputStream)>":"0"
			}
		}
	]
}