{
	"exceptions":[
		{
			"method":"<android.graphics.drawable.Drawable: android.graphics.drawable.Drawable createFromXml(android.content.res.Resources,org.xmlpull.v1.XmlPullParser)>",
			"message":"[\\s\\S]*",
			"relatedVarType":"Parameter",
			"relatedCondType":"Basic",
			"modifier":"public",
			"type":"java.lang.Throwable",
			"osVersionRelated":false,
			"resourceRelated":false,
			"assessRelated":false,
			"hardwareRelated":false,
			"manifestRelated":false,
			"conditions":"i0 == 2, i0 == 2, i0 != 1",
			"paramValues":"@parameter1: org.xmlpull.v1.XmlPullParser",
			"relatedValues":"@parameter1: org.xmlpull.v1.XmlPullParser; ; ",
			"keyAPISameClassNum":0,
			"keyAPIDiffClassNum":0,
			"keyAPISameClass":[
				{
					"trace":[
						"<android.graphics.drawable.Drawable: android.graphics.drawable.Drawable createFromXml(android.content.res.Resources,org.xmlpull.v1.XmlPullParser)>"
					],
					"depth":0,
					"method":"<android.graphics.drawable.Drawable: android.graphics.drawable.Drawable createFromXml(android.content.res.Resources,org.xmlpull.v1.XmlPullParser)>",
					"source":"CALLER"
				}
			],
			"keyAPIDiffClass":[],
			"callerOfSingnlar2SourceVar":{
				"<android.graphics.drawable.Drawable: android.graphics.drawable.Drawable createFromXml(android.content.res.Resources,org.xmlpull.v1.XmlPullParser)>":"1"
			}
		},
		{
			"method":"<android.graphics.drawable.Drawable: android.graphics.drawable.Drawable createFromXml(android.content.res.Resources,org.xmlpull.v1.XmlPullParser)>",
			"message":"\\QUnknown initial tag: \\E[\\s\\S]*",
			"relatedVarType":"Parameter",
			"relatedCondType":"Basic",
			"modifier":"public",
			"type":"java.lang.RuntimeException",
			"osVersionRelated":false,
			"resourceRelated":true,
			"assessRelated":false,
			"hardwareRelated":false,
			"manifestRelated":false,
			"conditions":"r3 != null, i0 == 2, i0 == 2",
			"paramValues":"@parameter0: android.content.res.Resources, @parameter1: org.xmlpull.v1.XmlPullParser",
			"relatedValues":"@parameter0: android.content.res.Resources, @parameter1: org.xmlpull.v1.XmlPullParser; ; ",
			"keyAPISameClassNum":0,
			"keyAPIDiffClassNum":0,
			"keyAPISameClass":[
				{
					"trace":[
						"<android.graphics.drawable.Drawable: android.graphics.drawable.Drawable createFromXml(android.content.res.Resources,org.xmlpull.v1.XmlPullParser)>"
					],
					"depth":0,
					"method":"<android.graphics.drawable.Drawable: android.graphics.drawable.Drawable createFromXml(android.content.res.Resources,org.xmlpull.v1.XmlPullParser)>",
					"source":"CALLER"
				}
			],
			"keyAPIDiffClass":[],
			"callerOfSingnlar2SourceVar":{
				"<android.graphics.drawable.Drawable: android.graphics.drawable.Drawable createFromXml(android.content.res.Resources,org.xmlpull.v1.XmlPullParser)>":"0, 1",
				"<android.content.res.Resources: android.graphics.drawable.Drawable loadDrawable(android.util.TypedValue,int)>":"-1"
			}
		},
		{
			"method":"<android.graphics.drawable.Drawable: android.graphics.drawable.Drawable createFromXmlInner(android.content.res.Resources,org.xmlpull.v1.XmlPullParser,android.util.AttributeSet)>",
			"message":"[\\s\\S]*",
			"relatedVarType":"Parameter",
			"relatedCondType":"Basic",
			"modifier":"public",
			"type":"java.lang.Throwable",
			"osVersionRelated":false,
			"resourceRelated":false,
			"assessRelated":false,
			"hardwareRelated":false,
			"manifestRelated":false,
			"conditions":"$z13 == 0, $z12 == 0, $z11 == 0",
			"paramValues":"@parameter1: org.xmlpull.v1.XmlPullParser",
			"relatedValues":"@parameter1: org.xmlpull.v1.XmlPullParser; ; ",
			"keyAPISameClassNum":0,
			"keyAPIDiffClassNum":0,
			"keyAPISameClass":[
				{
					"trace":[
						"<android.graphics.drawable.Drawable: android.graphics.drawable.Drawable createFromXmlInner(android.content.res.Resources,org.xmlpull.v1.XmlPullParser,android.util.AttributeSet)>"
					],
					"depth":0,
					"method":"<android.graphics.drawable.Drawable: android.graphics.drawable.Drawable createFromXmlInner(android.content.res.Resources,org.xmlpull.v1.XmlPullParser,android.util.AttributeSet)>",
					"source":"CALLER"
				},
				{
					"trace":[
						"<android.graphics.drawable.Drawable: android.graphics.drawable.Drawable createFromXml(android.content.res.Resources,org.xmlpull.v1.XmlPullParser)>",
						"<android.graphics.drawable.Drawable: android.graphics.drawable.Drawable createFromXmlInner(android.content.res.Resources,org.xmlpull.v1.XmlPullParser,android.util.AttributeSet)>"
					],
					"depth":1,
					"method":"<android.graphics.drawable.Drawable: android.graphics.drawable.Drawable createFromXml(android.content.res.Resources,org.xmlpull.v1.XmlPullParser)>",
					"source":"CALLER"
				}
			],
			"keyAPIDiffClass":[
				{
					"trace":[
						"<android.graphics.drawable.ClipDrawable: void inflate(android.content.res.Resources,org.xmlpull.v1.XmlPullParser,android.util.AttributeSet)>",
						"<android.graphics.drawable.Drawable: android.graphics.drawable.Drawable createFromXmlInner(android.content.res.Resources,org.xmlpull.v1.XmlPullParser,android.util.AttributeSet)>"
					],
					"depth":1,
					"method":"<android.graphics.drawable.ClipDrawable: void inflate(android.content.res.Resources,org.xmlpull.v1.XmlPullParser,android.util.AttributeSet)>",
					"source":"CALLER"
				},
				{
					"trace":[
						"<android.graphics.drawable.StateListDrawable: void inflate(android.content.res.Resources,org.xmlpull.v1.XmlPullParser,android.util.AttributeSet)>",
						"<android.graphics.drawable.Drawable: android.graphics.drawable.Drawable createFromXmlInner(android.content.res.Resources,org.xmlpull.v1.XmlPullParser,android.util.AttributeSet)>"
					],
					"depth":1,
					"method":"<android.graphics.drawable.StateListDrawable: void inflate(android.content.res.Resources,org.xmlpull.v1.XmlPullParser,android.util.AttributeSet)>",
					"source":"CALLER"
				},
				{
					"trace":[
						"<android.graphics.drawable.RotateDrawable: void inflate(android.content.res.Resources,org.xmlpull.v1.XmlPullParser,android.util.AttributeSet)>",
						"<android.graphics.drawable.Drawable: android.graphics.drawable.Drawable createFromXmlInner(android.content.res.Resources,org.xmlpull.v1.XmlPullParser,android.util.AttributeSet)>"
					],
					"depth":1,
					"method":"<android.graphics.drawable.RotateDrawable: void inflate(android.content.res.Resources,org.xmlpull.v1.XmlPullParser,android.util.AttributeSet)>",
					"source":"CALLER"
				},
				{
					"trace":[
						"<android.graphics.drawable.ScaleDrawable: void inflate(android.content.res.Resources,org.xmlpull.v1.XmlPullParser,android.util.AttributeSet)>",
						"<android.graphics.drawable.Drawable: android.graphics.drawable.Drawable createFromXmlInner(android.content.res.Resources,org.xmlpull.v1.XmlPullParser,android.util.AttributeSet)>"
					],
					"depth":1,
					"method":"<android.graphics.drawable.ScaleDrawable: void inflate(android.content.res.Resources,org.xmlpull.v1.XmlPullParser,android.util.AttributeSet)>",
					"source":"CALLER"
				},
				{
					"trace":[
						"<android.graphics.drawable.AnimationDrawable: void inflate(android.content.res.Resources,org.xmlpull.v1.XmlPullParser,android.util.AttributeSet)>",
						"<android.graphics.drawable.Drawable: android.graphics.drawable.Drawable createFromXmlInner(android.content.res.Resources,org.xmlpull.v1.XmlPullParser,android.util.AttributeSet)>"
					],
					"depth":1,
					"method":"<android.graphics.drawable.AnimationDrawable: void inflate(android.content.res.Resources,org.xmlpull.v1.XmlPullParser,android.util.AttributeSet)>",
					"source":"CALLER"
				},
				{
					"trace":[
						"<android.graphics.drawable.LevelListDrawable: void inflate(android.content.res.Resources,org.xmlpull.v1.XmlPullParser,android.util.AttributeSet)>",
						"<android.graphics.drawable.Drawable: android.graphics.drawable.Drawable createFromXmlInner(android.content.res.Resources,org.xmlpull.v1.XmlPullParser,android.util.AttributeSet)>"
					],
					"depth":1,
					"method":"<android.graphics.drawable.LevelListDrawable: void inflate(android.content.res.Resources,org.xmlpull.v1.XmlPullParser,android.util.AttributeSet)>",
					"source":"CALLER"
				},
				{
					"trace":[
						"<android.graphics.drawable.InsetDrawable: void inflate(android.content.res.Resources,org.xmlpull.v1.XmlPullParser,android.util.AttributeSet)>",
						"<android.graphics.drawable.Drawable: android.graphics.drawable.Drawable createFromXmlInner(android.content.res.Resources,org.xmlpull.v1.XmlPullParser,android.util.AttributeSet)>"
					],
					"depth":1,
					"method":"<android.graphics.drawable.InsetDrawable: void inflate(android.content.res.Resources,org.xmlpull.v1.XmlPullParser,android.util.AttributeSet)>",
					"source":"CALLER"
				},
				{
					"trace":[
						"<android.graphics.drawable.AnimatedRotateDrawable: void inflate(android.content.res.Resources,org.xmlpull.v1.XmlPullParser,android.util.AttributeSet)>",
						"<android.graphics.drawable.Drawable: android.graphics.drawable.Drawable createFromXmlInner(android.content.res.Resources,org.xmlpull.v1.XmlPullParser,android.util.AttributeSet)>"
					],
					"depth":1,
					"method":"<android.graphics.drawable.AnimatedRotateDrawable: void inflate(android.content.res.Resources,org.xmlpull.v1.XmlPullParser,android.util.AttributeSet)>",
					"source":"CALLER"
				},
				{
					"trace":[
						"<android.graphics.drawable.LayerDrawable: void inflate(android.content.res.Resources,org.xmlpull.v1.XmlPullParser,android.util.AttributeSet)>",
						"<android.graphics.drawable.Drawable: android.graphics.drawable.Drawable createFromXmlInner(android.content.res.Resources,org.xmlpull.v1.XmlPullParser,android.util.AttributeSet)>"
					],
					"depth":1,
					"method":"<android.graphics.drawable.LayerDrawable: void inflate(android.content.res.Resources,org.xmlpull.v1.XmlPullParser,android.util.AttributeSet)>",
					"source":"CALLER"
				}
			],
			"callerOfSingnlar2SourceVar":{
				"<android.graphics.drawable.Drawable: android.graphics.drawable.Drawable createFromXmlInner(android.content.res.Resources,org.xmlpull.v1.XmlPullParser,android.util.AttributeSet)>":"1",
				"<android.graphics.drawable.ClipDrawable: void inflate(android.content.res.Resources,org.xmlpull.v1.XmlPullParser,android.util.AttributeSet)>":"1",
				"<android.graphics.drawable.LayerDrawable: void inflate(android.content.res.Resources,org.xmlpull.v1.XmlPullParser,android.util.AttributeSet)>":"1",
				"<android.graphics.drawable.RotateDrawable: void inflate(android.content.res.Resources,org.xmlpull.v1.XmlPullParser,android.util.AttributeSet)>":"1",
				"<android.graphics.drawable.Drawable: android.graphics.drawable.Drawable createFromXml(android.content.res.Resources,org.xmlpull.v1.XmlPullParser)>":"1",
				"<android.graphics.drawable.LevelListDrawable: void inflate(android.content.res.Resources,org.xmlpull.v1.XmlPullParser,android.util.AttributeSet)>":"1",
				"<android.graphics.drawable.AnimatedRotateDrawable: void inflate(android.content.res.Resources,org.xmlpull.v1.XmlPullParser,android.util.AttributeSet)>":"1",
				"<android.graphics.drawable.StateListDrawable: void inflate(android.content.res.Resources,org.xmlpull.v1.XmlPullParser,android.util.AttributeSet)>":"1",
				"<android.graphics.drawable.AnimationDrawable: void inflate(android.content.res.Resources,org.xmlpull.v1.XmlPullParser,android.util.AttributeSet)>":"1",
				"<android.graphics.drawable.InsetDrawable: void inflate(android.content.res.Resources,org.xmlpull.v1.XmlPullParser,android.util.AttributeSet)>":"1",
				"<android.graphics.drawable.ScaleDrawable: void inflate(android.content.res.Resources,org.xmlpull.v1.XmlPullParser,android.util.AttributeSet)>":"1"
			}
		}
	]
}