{
	"exceptions":[
		{
			"method":"<android.content.res.ColorStateList: android.content.res.ColorStateList createFromXml(android.content.res.Resources,org.xmlpull.v1.XmlPullParser)>",
			"message":"[\\s\\S]*",
			"relatedVarType":"Parameter",
			"relatedCondType":"Basic",
			"modifier":"public",
			"type":"java.lang.Throwable",
			"osVersionRelated":false,
			"resourceRelated":false,
			"assessRelated":false,
			"hardwareRelated":false,
			"manifestRelated":false,
			"conditions":"i0 == 2, i0 == 2, i0 != 1",
			"paramValues":"@parameter1: org.xmlpull.v1.XmlPullParser",
			"relatedValues":"@parameter1: org.xmlpull.v1.XmlPullParser; ; ",
			"keyAPISameClassNum":0,
			"keyAPIDiffClassNum":0,
			"keyAPISameClass":[
				{
					"trace":[
						"<android.content.res.ColorStateList: android.content.res.ColorStateList createFromXml(android.content.res.Resources,org.xmlpull.v1.XmlPullParser)>"
					],
					"depth":0,
					"method":"<android.content.res.ColorStateList: android.content.res.ColorStateList createFromXml(android.content.res.Resources,org.xmlpull.v1.XmlPullParser)>",
					"source":"CALLER"
				}
			],
			"keyAPIDiffClass":[
				{
					"trace":[
						"<android.content.res.Resources: android.content.res.ColorStateList getColorStateList(int)>",
						"<android.content.res.Resources: android.content.res.ColorStateList loadColorStateList(android.util.TypedValue,int)>",
						"<android.content.res.ColorStateList: android.content.res.ColorStateList createFromXml(android.content.res.Resources,org.xmlpull.v1.XmlPullParser)>"
					],
					"depth":2,
					"method":"<android.content.res.Resources: android.content.res.ColorStateList getColorStateList(int)>",
					"source":"CALLER"
				},
				{
					"trace":[
						"<android.content.res.Resources: int getColor(int)>",
						"<android.content.res.Resources: android.content.res.ColorStateList loadColorStateList(android.util.TypedValue,int)>",
						"<android.content.res.ColorStateList: android.content.res.ColorStateList createFromXml(android.content.res.Resources,org.xmlpull.v1.XmlPullParser)>"
					],
					"depth":2,
					"method":"<android.content.res.Resources: int getColor(int)>",
					"source":"CALLER"
				}
			],
			"callerOfSingnlar2SourceVar":{
				"<android.content.res.ColorStateList: android.content.res.ColorStateList createFromXml(android.content.res.Resources,org.xmlpull.v1.XmlPullParser)>":"1"
			}
		},
		{
			"method":"<android.content.res.ColorStateList: android.content.res.ColorStateList createFromXmlInner(android.content.res.Resources,org.xmlpull.v1.XmlPullParser,android.util.AttributeSet)>",
			"message":"[\\s\\S]*",
			"relatedVarType":"Parameter",
			"relatedCondType":"Basic",
			"modifier":"private",
			"type":"java.lang.Throwable",
			"osVersionRelated":false,
			"resourceRelated":false,
			"assessRelated":false,
			"hardwareRelated":false,
			"manifestRelated":false,
			"conditions":"$z0 == 0",
			"paramValues":"@parameter1: org.xmlpull.v1.XmlPullParser",
			"relatedValues":"@parameter1: org.xmlpull.v1.XmlPullParser; ; ",
			"keyAPISameClassNum":0,
			"keyAPIDiffClassNum":0,
			"keyAPISameClass":[
				{
					"trace":[
						"<android.content.res.ColorStateList: android.content.res.ColorStateList createFromXmlInner(android.content.res.Resources,org.xmlpull.v1.XmlPullParser,android.util.AttributeSet)>"
					],
					"depth":0,
					"method":"<android.content.res.ColorStateList: android.content.res.ColorStateList createFromXmlInner(android.content.res.Resources,org.xmlpull.v1.XmlPullParser,android.util.AttributeSet)>",
					"source":"CALLER"
				},
				{
					"trace":[
						"<android.content.res.ColorStateList: android.content.res.ColorStateList createFromXml(android.content.res.Resources,org.xmlpull.v1.XmlPullParser)>",
						"<android.content.res.ColorStateList: android.content.res.ColorStateList createFromXmlInner(android.content.res.Resources,org.xmlpull.v1.XmlPullParser,android.util.AttributeSet)>"
					],
					"depth":1,
					"method":"<android.content.res.ColorStateList: android.content.res.ColorStateList createFromXml(android.content.res.Resources,org.xmlpull.v1.XmlPullParser)>",
					"source":"CALLER"
				}
			],
			"keyAPIDiffClass":[
				{
					"trace":[
						"<android.content.res.Resources: android.content.res.ColorStateList getColorStateList(int)>",
						"<android.content.res.Resources: android.content.res.ColorStateList loadColorStateList(android.util.TypedValue,int)>",
						"<android.content.res.ColorStateList: android.content.res.ColorStateList createFromXml(android.content.res.Resources,org.xmlpull.v1.XmlPullParser)>",
						"<android.content.res.ColorStateList: android.content.res.ColorStateList createFromXmlInner(android.content.res.Resources,org.xmlpull.v1.XmlPullParser,android.util.AttributeSet)>"
					],
					"depth":3,
					"method":"<android.content.res.Resources: android.content.res.ColorStateList getColorStateList(int)>",
					"source":"CALLER"
				},
				{
					"trace":[
						"<android.content.res.Resources: int getColor(int)>",
						"<android.content.res.Resources: android.content.res.ColorStateList loadColorStateList(android.util.TypedValue,int)>",
						"<android.content.res.ColorStateList: android.content.res.ColorStateList createFromXml(android.content.res.Resources,org.xmlpull.v1.XmlPullParser)>",
						"<android.content.res.ColorStateList: android.content.res.ColorStateList createFromXmlInner(android.content.res.Resources,org.xmlpull.v1.XmlPullParser,android.util.AttributeSet)>"
					],
					"depth":3,
					"method":"<android.content.res.Resources: int getColor(int)>",
					"source":"CALLER"
				}
			],
			"callerOfSingnlar2SourceVar":{
				"<android.content.res.ColorStateList: android.content.res.ColorStateList createFromXmlInner(android.content.res.Resources,org.xmlpull.v1.XmlPullParser,android.util.AttributeSet)>":"1",
				"<android.content.res.ColorStateList: android.content.res.ColorStateList createFromXml(android.content.res.Resources,org.xmlpull.v1.XmlPullParser)>":"1"
			}
		},
		{
			"method":"<android.content.res.ColorStateList: void inflate(android.content.res.Resources,org.xmlpull.v1.XmlPullParser,android.util.AttributeSet)>",
			"message":"[\\s\\S]*",
			"relatedVarType":"Parameter",
			"relatedCondType":"Basic",
			"modifier":"private",
			"type":"java.lang.Throwable",
			"osVersionRelated":false,
			"resourceRelated":false,
			"assessRelated":false,
			"hardwareRelated":false,
			"manifestRelated":false,
			"conditions":"z2 != 0, $z0 == 0, i3 > i1",
			"paramValues":"@parameter1: org.xmlpull.v1.XmlPullParser",
			"relatedValues":"@parameter1: org.xmlpull.v1.XmlPullParser; ; ",
			"keyAPISameClassNum":0,
			"keyAPIDiffClassNum":0,
			"keyAPISameClass":[
				{
					"trace":[
						"<android.content.res.ColorStateList: void inflate(android.content.res.Resources,org.xmlpull.v1.XmlPullParser,android.util.AttributeSet)>"
					],
					"depth":0,
					"method":"<android.content.res.ColorStateList: void inflate(android.content.res.Resources,org.xmlpull.v1.XmlPullParser,android.util.AttributeSet)>",
					"source":"CALLER"
				},
				{
					"trace":[
						"<android.content.res.ColorStateList: android.content.res.ColorStateList createFromXml(android.content.res.Resources,org.xmlpull.v1.XmlPullParser)>",
						"<android.content.res.ColorStateList: android.content.res.ColorStateList createFromXmlInner(android.content.res.Resources,org.xmlpull.v1.XmlPullParser,android.util.AttributeSet)>",
						"<android.content.res.ColorStateList: void inflate(android.content.res.Resources,org.xmlpull.v1.XmlPullParser,android.util.AttributeSet)>"
					],
					"depth":2,
					"method":"<android.content.res.ColorStateList: android.content.res.ColorStateList createFromXml(android.content.res.Resources,org.xmlpull.v1.XmlPullParser)>",
					"source":"CALLER"
				}
			],
			"keyAPIDiffClass":[
				{
					"trace":[
						"<android.content.res.Resources: android.content.res.ColorStateList getColorStateList(int)>",
						"<android.content.res.Resources: android.content.res.ColorStateList loadColorStateList(android.util.TypedValue,int)>",
						"<android.content.res.ColorStateList: android.content.res.ColorStateList createFromXml(android.content.res.Resources,org.xmlpull.v1.XmlPullParser)>",
						"<android.content.res.ColorStateList: android.content.res.ColorStateList createFromXmlInner(android.content.res.Resources,org.xmlpull.v1.XmlPullParser,android.util.AttributeSet)>",
						"<android.content.res.ColorStateList: void inflate(android.content.res.Resources,org.xmlpull.v1.XmlPullParser,android.util.AttributeSet)>"
					],
					"depth":4,
					"method":"<android.content.res.Resources: android.content.res.ColorStateList getColorStateList(int)>",
					"source":"CALLER"
				},
				{
					"trace":[
						"<android.content.res.Resources: int getColor(int)>",
						"<android.content.res.Resources: android.content.res.ColorStateList loadColorStateList(android.util.TypedValue,int)>",
						"<android.content.res.ColorStateList: android.content.res.ColorStateList createFromXml(android.content.res.Resources,org.xmlpull.v1.XmlPullParser)>",
						"<android.content.res.ColorStateList: android.content.res.ColorStateList createFromXmlInner(android.content.res.Resources,org.xmlpull.v1.XmlPullParser,android.util.AttributeSet)>",
						"<android.content.res.ColorStateList: void inflate(android.content.res.Resources,org.xmlpull.v1.XmlPullParser,android.util.AttributeSet)>"
					],
					"depth":4,
					"method":"<android.content.res.Resources: int getColor(int)>",
					"source":"CALLER"
				}
			],
			"callerOfSingnlar2SourceVar":{
				"<android.content.res.ColorStateList: android.content.res.ColorStateList createFromXmlInner(android.content.res.Resources,org.xmlpull.v1.XmlPullParser,android.util.AttributeSet)>":"1",
				"<android.content.res.ColorStateList: void inflate(android.content.res.Resources,org.xmlpull.v1.XmlPullParser,android.util.AttributeSet)>":"1",
				"<android.content.res.ColorStateList: android.content.res.ColorStateList createFromXml(android.content.res.Resources,org.xmlpull.v1.XmlPullParser)>":"1"
			}
		}
	]
}