{
	"exceptions":[
		{
			"method":"<android.content.IntentSender: void sendIntent(android.content.Context,int,android.content.Intent,android.content.IntentSender$OnFinished,android.os.Handler)>",
			"message":"[\\s\\S]*",
			"relatedVarType":"Parameter",
			"relatedCondType":"Basic",
			"modifier":"public",
			"type":"android.content.IntentSender$SendIntentException",
			"osVersionRelated":false,
			"resourceRelated":false,
			"assessRelated":false,
			"hardwareRelated":false,
			"manifestRelated":false,
			"conditions":"$i1 >= 0, r0 == null",
			"paramValues":"@parameter1: int, @parameter2: android.content.Intent, @parameter0: android.content.Context, @parameter3: android.content.IntentSender$OnFinished, @parameter4: android.os.Handler",
			"relatedValues":"@parameter1: int, @parameter2: android.content.Intent, @parameter0: android.content.Context, @parameter3: android.content.IntentSender$OnFinished, @parameter4: android.os.Handler; ; ",
			"keyAPISameClassNum":0,
			"keyAPIDiffClassNum":0,
			"keyAPISameClass":[
				{
					"trace":[
						"<android.content.IntentSender: void sendIntent(android.content.Context,int,android.content.Intent,android.content.IntentSender$OnFinished,android.os.Handler)>"
					],
					"depth":0,
					"method":"<android.content.IntentSender: void sendIntent(android.content.Context,int,android.content.Intent,android.content.IntentSender$OnFinished,android.os.Handler)>",
					"source":"CALLER"
				}
			],
			"keyAPIDiffClass":[],
			"callerOfSingnlar2SourceVar":{
				"<android.content.IntentSender: void sendIntent(android.content.Context,int,android.content.Intent,android.content.IntentSender$OnFinished,android.os.Handler)>":"1, 2, 0, 3, 4"
			}
		},
		{
			"method":"<android.content.IntentSender: void sendIntent(android.content.Context,int,android.content.Intent,android.content.IntentSender$OnFinished,android.os.Handler)>",
			"message":"[\\s\\S]*",
			"relatedVarType":"Parameter",
			"relatedCondType":"Basic",
			"modifier":"public",
			"type":"android.content.IntentSender$SendIntentException",
			"osVersionRelated":false,
			"resourceRelated":false,
			"assessRelated":false,
			"hardwareRelated":false,
			"manifestRelated":false,
			"conditions":"r0 == null, r3 == null",
			"paramValues":"@parameter2: android.content.Intent, @parameter3: android.content.IntentSender$OnFinished",
			"caughtValues":"@caughtexception",
			"relatedValues":"@parameter2: android.content.Intent, @parameter3: android.content.IntentSender$OnFinished; ; @caughtexception",
			"keyAPISameClassNum":0,
			"keyAPIDiffClassNum":0,
			"keyAPISameClass":[
				{
					"trace":[
						"<android.content.IntentSender: void sendIntent(android.content.Context,int,android.content.Intent,android.content.IntentSender$OnFinished,android.os.Handler)>"
					],
					"depth":0,
					"method":"<android.content.IntentSender: void sendIntent(android.content.Context,int,android.content.Intent,android.content.IntentSender$OnFinished,android.os.Handler)>",
					"source":"CALLER"
				}
			],
			"keyAPIDiffClass":[],
			"callerOfSingnlar2SourceVar":{
				"<android.content.IntentSender: void sendIntent(android.content.Context,int,android.content.Intent,android.content.IntentSender$OnFinished,android.os.Handler)>":"2, 3"
			}
		}
	]
}