{
	"exceptions":[
		{
			"method":"<android.app.SearchableInfo: void <init>(android.content.Context,android.util.AttributeSet,android.content.ComponentName)>",
			"message":"\\QSearch label must be a resource reference.\\E",
			"relatedVarType":"ParaAndField",
			"relatedCondType":"Basic",
			"modifier":"private",
			"type":"java.lang.IllegalArgumentException",
			"osVersionRelated":false,
			"resourceRelated":false,
			"assessRelated":false,
			"hardwareRelated":false,
			"manifestRelated":false,
			"conditions":"$i14 != 0, r11 == null, r15 == null",
			"paramValues":"@parameter0: android.content.Context",
			"fieldValues":"<android.app.SearchableInfo: int mLabelId>, <android.app.SearchableInfo: java.lang.String mSuggestAuthority>",
			"relatedValues":"@parameter0: android.content.Context; <android.app.SearchableInfo: int mLabelId>, <android.app.SearchableInfo: java.lang.String mSuggestAuthority>; ",
			"keyAPISameClassNum":2,
			"keyAPIDiffClassNum":68,
			"keyAPISameClass":[
				{
					"trace":[
						"<android.app.SearchableInfo: void <init>(android.content.Context,android.util.AttributeSet,android.content.ComponentName)>"
					],
					"depth":1,
					"method":"<android.app.SearchableInfo: void writeToParcel(android.os.Parcel,int)>",
					"source":"FIELD"
				},
				{
					"trace":[
						"<android.app.SearchableInfo: android.app.SearchableInfo getActivityMetaData(android.content.Context,android.content.pm.ActivityInfo)>",
						"<android.app.SearchableInfo: android.app.SearchableInfo getActivityMetaData(android.content.Context,org.xmlpull.v1.XmlPullParser,android.content.ComponentName)>",
						"<android.app.SearchableInfo: void <init>(android.content.Context,android.util.AttributeSet,android.content.ComponentName)>",
						"key field: <android.app.SearchableInfo: int mLabelId>",
						"<android.app.SearchableInfo: void <init>(android.content.Context,android.util.AttributeSet,android.content.ComponentName)>"
					],
					"depth":3,
					"method":"<android.app.SearchableInfo: android.app.SearchableInfo getActivityMetaData(android.content.Context,android.content.pm.ActivityInfo)>",
					"source":"FIELDCALLER"
				}
			],
			"keyAPIDiffClass":[
				{
					"trace":[
						"<android.app.SearchableInfo$1: android.app.SearchableInfo createFromParcel(android.os.Parcel)>",
						"<android.app.SearchableInfo: void <init>(android.os.Parcel)>",
						"key field: <android.app.SearchableInfo: int mLabelId>",
						"<android.app.SearchableInfo: void <init>(android.content.Context,android.util.AttributeSet,android.content.ComponentName)>"
					],
					"depth":2,
					"method":"<android.app.SearchableInfo$1: android.app.SearchableInfo createFromParcel(android.os.Parcel)>",
					"source":"FIELDCALLER"
				},
				{
					"trace":[
						"<android.os.Parcelable$Creator: java.lang.Object createFromParcel(android.os.Parcel)>",
						"<android.app.SearchableInfo: void <init>(android.os.Parcel)>",
						"key field: <android.app.SearchableInfo: int mLabelId>",
						"<android.app.SearchableInfo: void <init>(android.content.Context,android.util.AttributeSet,android.content.ComponentName)>"
					],
					"depth":2,
					"method":"<android.os.Parcelable$Creator: java.lang.Object createFromParcel(android.os.Parcel)>",
					"source":"FIELDCALLER"
				},
				{
					"trace":[
						"<android.app.SearchableInfo$1: java.lang.Object createFromParcel(android.os.Parcel)>",
						"<android.app.SearchableInfo$1: android.app.SearchableInfo createFromParcel(android.os.Parcel)>",
						"<android.app.SearchableInfo: void <init>(android.os.Parcel)>",
						"key field: <android.app.SearchableInfo: int mLabelId>",
						"<android.app.SearchableInfo: void <init>(android.content.Context,android.util.AttributeSet,android.content.ComponentName)>"
					],
					"depth":3,
					"method":"<android.app.SearchableInfo$1: java.lang.Object createFromParcel(android.os.Parcel)>",
					"source":"FIELDCALLER"
				},
				{
					"trace":[
						"<android.app.ISearchManager$Stub$Proxy: android.app.SearchableInfo getSearchableInfo(android.content.ComponentName)>",
						"<android.app.SearchableInfo$1: java.lang.Object createFromParcel(android.os.Parcel)>",
						"<android.app.SearchableInfo$1: android.app.SearchableInfo createFromParcel(android.os.Parcel)>",
						"<android.app.SearchableInfo: void <init>(android.os.Parcel)>",
						"key field: <android.app.SearchableInfo: int mLabelId>",
						"<android.app.SearchableInfo: void <init>(android.content.Context,android.util.AttributeSet,android.content.ComponentName)>"
					],
					"depth":4,
					"method":"<android.app.ISearchManager$Stub$Proxy: android.app.SearchableInfo getSearchableInfo(android.content.ComponentName)>",
					"source":"FIELDCALLER"
				},
				{
					"trace":[
						"<android.app.ISearchManager: android.app.SearchableInfo getSearchableInfo(android.content.ComponentName)>",
						"<android.app.SearchableInfo$1: java.lang.Object createFromParcel(android.os.Parcel)>",
						"<android.app.SearchableInfo$1: android.app.SearchableInfo createFromParcel(android.os.Parcel)>",
						"<android.app.SearchableInfo: void <init>(android.os.Parcel)>",
						"key field: <android.app.SearchableInfo: int mLabelId>",
						"<android.app.SearchableInfo: void <init>(android.content.Context,android.util.AttributeSet,android.content.ComponentName)>"
					],
					"depth":4,
					"method":"<android.app.ISearchManager: android.app.SearchableInfo getSearchableInfo(android.content.ComponentName)>",
					"source":"FIELDCALLER"
				},
				{
					"trace":[
						"<android.app.ISearchManager$Stub$Proxy: android.content.ComponentName getGlobalSearchActivity()>",
						"<android.app.SearchableInfo$1: java.lang.Object createFromParcel(android.os.Parcel)>",
						"<android.app.SearchableInfo$1: android.app.SearchableInfo createFromParcel(android.os.Parcel)>",
						"<android.app.SearchableInfo: void <init>(android.os.Parcel)>",
						"key field: <android.app.SearchableInfo: int mLabelId>",
						"<android.app.SearchableInfo: void <init>(android.content.Context,android.util.AttributeSet,android.content.ComponentName)>"
					],
					"depth":4,
					"method":"<android.app.ISearchManager$Stub$Proxy: android.content.ComponentName getGlobalSearchActivity()>",
					"source":"FIELDCALLER"
				},
				{
					"trace":[
						"<android.app.ISearchManager: android.content.ComponentName getGlobalSearchActivity()>",
						"<android.app.SearchableInfo$1: java.lang.Object createFromParcel(android.os.Parcel)>",
						"<android.app.SearchableInfo$1: android.app.SearchableInfo createFromParcel(android.os.Parcel)>",
						"<android.app.SearchableInfo: void <init>(android.os.Parcel)>",
						"key field: <android.app.SearchableInfo: int mLabelId>",
						"<android.app.SearchableInfo: void <init>(android.content.Context,android.util.AttributeSet,android.content.ComponentName)>"
					],
					"depth":4,
					"method":"<android.app.ISearchManager: android.content.ComponentName getGlobalSearchActivity()>",
					"source":"FIELDCALLER"
				},
				{
					"trace":[
						"<android.app.IWallpaperManager$Stub$Proxy: android.os.ParcelFileDescriptor getWallpaper(android.app.IWallpaperManagerCallback,android.os.Bundle)>",
						"<android.app.SearchableInfo$1: java.lang.Object createFromParcel(android.os.Parcel)>",
						"<android.app.SearchableInfo$1: android.app.SearchableInfo createFromParcel(android.os.Parcel)>",
						"<android.app.SearchableInfo: void <init>(android.os.Parcel)>",
						"key field: <android.app.SearchableInfo: int mLabelId>",
						"<android.app.SearchableInfo: void <init>(android.content.Context,android.util.AttributeSet,android.content.ComponentName)>"
					],
					"depth":4,
					"method":"<android.app.IWallpaperManager$Stub$Proxy: android.os.ParcelFileDescriptor getWallpaper(android.app.IWallpaperManagerCallback,android.os.Bundle)>",
					"source":"FIELDCALLER"
				},
				{
					"trace":[
						"<android.app.IWallpaperManager: android.os.ParcelFileDescriptor getWallpaper(android.app.IWallpaperManagerCallback,android.os.Bundle)>",
						"<android.app.SearchableInfo$1: java.lang.Object createFromParcel(android.os.Parcel)>",
						"<android.app.SearchableInfo$1: android.app.SearchableInfo createFromParcel(android.os.Parcel)>",
						"<android.app.SearchableInfo: void <init>(android.os.Parcel)>",
						"key field: <android.app.SearchableInfo: int mLabelId>",
						"<android.app.SearchableInfo: void <init>(android.content.Context,android.util.AttributeSet,android.content.ComponentName)>"
					],
					"depth":4,
					"method":"<android.app.IWallpaperManager: android.os.ParcelFileDescriptor getWallpaper(android.app.IWallpaperManagerCallback,android.os.Bundle)>",
					"source":"FIELDCALLER"
				},
				{
					"trace":[
						"<android.app.ActivityManagerProxy: android.app.IActivityManager$ContentProviderHolder getContentProvider(android.app.IApplicationThread,java.lang.String)>",
						"<android.app.SearchableInfo$1: java.lang.Object createFromParcel(android.os.Parcel)>",
						"<android.app.SearchableInfo$1: android.app.SearchableInfo createFromParcel(android.os.Parcel)>",
						"<android.app.SearchableInfo: void <init>(android.os.Parcel)>",
						"key field: <android.app.SearchableInfo: int mLabelId>",
						"<android.app.SearchableInfo: void <init>(android.content.Context,android.util.AttributeSet,android.content.ComponentName)>"
					],
					"depth":4,
					"method":"<android.app.ActivityManagerProxy: android.app.IActivityManager$ContentProviderHolder getContentProvider(android.app.IApplicationThread,java.lang.String)>",
					"source":"FIELDCALLER"
				},
				{
					"trace":[
						"<android.app.IActivityManager: android.app.IActivityManager$ContentProviderHolder getContentProvider(android.app.IApplicationThread,java.lang.String)>",
						"<android.app.SearchableInfo$1: java.lang.Object createFromParcel(android.os.Parcel)>",
						"<android.app.SearchableInfo$1: android.app.SearchableInfo createFromParcel(android.os.Parcel)>",
						"<android.app.SearchableInfo: void <init>(android.os.Parcel)>",
						"key field: <android.app.SearchableInfo: int mLabelId>",
						"<android.app.SearchableInfo: void <init>(android.content.Context,android.util.AttributeSet,android.content.ComponentName)>"
					],
					"depth":4,
					"method":"<android.app.IActivityManager: android.app.IActivityManager$ContentProviderHolder getContentProvider(android.app.IApplicationThread,java.lang.String)>",
					"source":"FIELDCALLER"
				},
				{
					"trace":[
						"<android.app.ActivityManager$RunningTaskInfo: void readFromParcel(android.os.Parcel)>",
						"<android.app.SearchableInfo$1: java.lang.Object createFromParcel(android.os.Parcel)>",
						"<android.app.SearchableInfo$1: android.app.SearchableInfo createFromParcel(android.os.Parcel)>",
						"<android.app.SearchableInfo: void <init>(android.os.Parcel)>",
						"key field: <android.app.SearchableInfo: int mLabelId>",
						"<android.app.SearchableInfo: void <init>(android.content.Context,android.util.AttributeSet,android.content.ComponentName)>"
					],
					"depth":4,
					"method":"<android.app.ActivityManager$RunningTaskInfo: void readFromParcel(android.os.Parcel)>",
					"source":"FIELDCALLER"
				},
				{
					"trace":[
						"<android.app.ActivityManager$RecentTaskInfo: void readFromParcel(android.os.Parcel)>",
						"<android.app.SearchableInfo$1: java.lang.Object createFromParcel(android.os.Parcel)>",
						"<android.app.SearchableInfo$1: android.app.SearchableInfo createFromParcel(android.os.Parcel)>",
						"<android.app.SearchableInfo: void <init>(android.os.Parcel)>",
						"key field: <android.app.SearchableInfo: int mLabelId>",
						"<android.app.SearchableInfo: void <init>(android.content.Context,android.util.AttributeSet,android.content.ComponentName)>"
					],
					"depth":4,
					"method":"<android.app.ActivityManager$RecentTaskInfo: void readFromParcel(android.os.Parcel)>",
					"source":"FIELDCALLER"
				},
				{
					"trace":[
						"<android.app.ActivityManagerProxy: android.content.Intent registerReceiver(android.app.IApplicationThread,android.content.IIntentReceiver,android.content.IntentFilter,java.lang.String)>",
						"<android.app.SearchableInfo$1: java.lang.Object createFromParcel(android.os.Parcel)>",
						"<android.app.SearchableInfo$1: android.app.SearchableInfo createFromParcel(android.os.Parcel)>",
						"<android.app.SearchableInfo: void <init>(android.os.Parcel)>",
						"key field: <android.app.SearchableInfo: int mLabelId>",
						"<android.app.SearchableInfo: void <init>(android.content.Context,android.util.AttributeSet,android.content.ComponentName)>"
					],
					"depth":4,
					"method":"<android.app.ActivityManagerProxy: android.content.Intent registerReceiver(android.app.IApplicationThread,android.content.IIntentReceiver,android.content.IntentFilter,java.lang.String)>",
					"source":"FIELDCALLER"
				},
				{
					"trace":[
						"<android.app.IActivityManager: android.content.Intent registerReceiver(android.app.IApplicationThread,android.content.IIntentReceiver,android.content.IntentFilter,java.lang.String)>",
						"<android.app.SearchableInfo$1: java.lang.Object createFromParcel(android.os.Parcel)>",
						"<android.app.SearchableInfo$1: android.app.SearchableInfo createFromParcel(android.os.Parcel)>",
						"<android.app.SearchableInfo: void <init>(android.os.Parcel)>",
						"key field: <android.app.SearchableInfo: int mLabelId>",
						"<android.app.SearchableInfo: void <init>(android.content.Context,android.util.AttributeSet,android.content.ComponentName)>"
					],
					"depth":4,
					"method":"<android.app.IActivityManager: android.content.Intent registerReceiver(android.app.IApplicationThread,android.content.IIntentReceiver,android.content.IntentFilter,java.lang.String)>",
					"source":"FIELDCALLER"
				},
				{
					"trace":[
						"<android.app.SearchManager: android.app.SearchableInfo getSearchableInfo(android.content.ComponentName)>",
						"<android.app.ISearchManager$Stub$Proxy: android.app.SearchableInfo getSearchableInfo(android.content.ComponentName)>",
						"<android.app.SearchableInfo$1: java.lang.Object createFromParcel(android.os.Parcel)>",
						"<android.app.SearchableInfo$1: android.app.SearchableInfo createFromParcel(android.os.Parcel)>",
						"<android.app.SearchableInfo: void <init>(android.os.Parcel)>",
						"key field: <android.app.SearchableInfo: int mLabelId>",
						"<android.app.SearchableInfo: void <init>(android.content.Context,android.util.AttributeSet,android.content.ComponentName)>"
					],
					"depth":5,
					"method":"<android.app.SearchManager: android.app.SearchableInfo getSearchableInfo(android.content.ComponentName)>",
					"source":"FIELDCALLER"
				},
				{
					"trace":[
						"<android.app.SearchManager: android.content.ComponentName getGlobalSearchActivity()>",
						"<android.app.ISearchManager$Stub$Proxy: android.content.ComponentName getGlobalSearchActivity()>",
						"<android.app.SearchableInfo$1: java.lang.Object createFromParcel(android.os.Parcel)>",
						"<android.app.SearchableInfo$1: android.app.SearchableInfo createFromParcel(android.os.Parcel)>",
						"<android.app.SearchableInfo: void <init>(android.os.Parcel)>",
						"key field: <android.app.SearchableInfo: int mLabelId>",
						"<android.app.SearchableInfo: void <init>(android.content.Context,android.util.AttributeSet,android.content.ComponentName)>"
					],
					"depth":5,
					"method":"<android.app.SearchManager: android.content.ComponentName getGlobalSearchActivity()>",
					"source":"FIELDCALLER"
				},
				{
					"trace":[
						"<android.app.admin.DeviceAdminInfo$1: android.app.admin.DeviceAdminInfo createFromParcel(android.os.Parcel)>",
						"<android.app.admin.DeviceAdminInfo: void <init>(android.os.Parcel)>",
						"<android.app.SearchableInfo$1: java.lang.Object createFromParcel(android.os.Parcel)>",
						"<android.app.SearchableInfo$1: android.app.SearchableInfo createFromParcel(android.os.Parcel)>",
						"<android.app.SearchableInfo: void <init>(android.os.Parcel)>",
						"key field: <android.app.SearchableInfo: int mLabelId>",
						"<android.app.SearchableInfo: void <init>(android.content.Context,android.util.AttributeSet,android.content.ComponentName)>"
					],
					"depth":5,
					"method":"<android.app.admin.DeviceAdminInfo$1: android.app.admin.DeviceAdminInfo createFromParcel(android.os.Parcel)>",
					"source":"FIELDCALLER"
				},
				{
					"trace":[
						"<android.app.WallpaperManager$Globals: android.graphics.Bitmap peekWallpaperBitmap(android.content.Context,boolean)>",
						"<android.app.WallpaperManager$Globals: android.graphics.Bitmap getCurrentWallpaperLocked(android.content.Context)>",
						"<android.app.IWallpaperManager$Stub$Proxy: android.os.ParcelFileDescriptor getWallpaper(android.app.IWallpaperManagerCallback,android.os.Bundle)>",
						"<android.app.SearchableInfo$1: java.lang.Object createFromParcel(android.os.Parcel)>",
						"<android.app.SearchableInfo$1: android.app.SearchableInfo createFromParcel(android.os.Parcel)>",
						"<android.app.SearchableInfo: void <init>(android.os.Parcel)>",
						"key field: <android.app.SearchableInfo: int mLabelId>",
						"<android.app.SearchableInfo: void <init>(android.content.Context,android.util.AttributeSet,android.content.ComponentName)>"
					],
					"depth":6,
					"method":"<android.app.WallpaperManager$Globals: android.graphics.Bitmap peekWallpaperBitmap(android.content.Context,boolean)>",
					"source":"FIELDCALLER"
				},
				{
					"trace":[
						"<android.app.ActivityThread: android.content.IContentProvider acquireProvider(android.content.Context,java.lang.String)>",
						"<android.app.ActivityThread: android.content.IContentProvider getProvider(android.content.Context,java.lang.String)>",
						"<android.app.ActivityManagerProxy: android.app.IActivityManager$ContentProviderHolder getContentProvider(android.app.IApplicationThread,java.lang.String)>",
						"<android.app.SearchableInfo$1: java.lang.Object createFromParcel(android.os.Parcel)>",
						"<android.app.SearchableInfo$1: android.app.SearchableInfo createFromParcel(android.os.Parcel)>",
						"<android.app.SearchableInfo: void <init>(android.os.Parcel)>",
						"key field: <android.app.SearchableInfo: int mLabelId>",
						"<android.app.SearchableInfo: void <init>(android.content.Context,android.util.AttributeSet,android.content.ComponentName)>"
					],
					"depth":6,
					"method":"<android.app.ActivityThread: android.content.IContentProvider acquireProvider(android.content.Context,java.lang.String)>",
					"source":"FIELDCALLER"
				},
				{
					"trace":[
						"<android.app.ContextImpl: android.content.Intent registerReceiver(android.content.BroadcastReceiver,android.content.IntentFilter,java.lang.String,android.os.Handler)>",
						"<android.app.ContextImpl: android.content.Intent registerReceiverInternal(android.content.BroadcastReceiver,android.content.IntentFilter,java.lang.String,android.os.Handler,android.content.Context)>",
						"<android.app.ActivityManagerProxy: android.content.Intent registerReceiver(android.app.IApplicationThread,android.content.IIntentReceiver,android.content.IntentFilter,java.lang.String)>",
						"<android.app.SearchableInfo$1: java.lang.Object createFromParcel(android.os.Parcel)>",
						"<android.app.SearchableInfo$1: android.app.SearchableInfo createFromParcel(android.os.Parcel)>",
						"<android.app.SearchableInfo: void <init>(android.os.Parcel)>",
						"key field: <android.app.SearchableInfo: int mLabelId>",
						"<android.app.SearchableInfo: void <init>(android.content.Context,android.util.AttributeSet,android.content.ComponentName)>"
					],
					"depth":6,
					"method":"<android.app.ContextImpl: android.content.Intent registerReceiver(android.content.BroadcastReceiver,android.content.IntentFilter,java.lang.String,android.os.Handler)>",
					"source":"FIELDCALLER"
				},
				{
					"trace":[
						"<android.app.IActivityManager$ContentProviderHolder$1: android.app.IActivityManager$ContentProviderHolder createFromParcel(android.os.Parcel)>",
						"<android.app.IActivityManager$ContentProviderHolder: void <init>(android.os.Parcel,android.app.IActivityManager$1)>",
						"<android.app.IActivityManager$ContentProviderHolder: void <init>(android.os.Parcel)>",
						"<android.app.SearchableInfo$1: java.lang.Object createFromParcel(android.os.Parcel)>",
						"<android.app.SearchableInfo$1: android.app.SearchableInfo createFromParcel(android.os.Parcel)>",
						"<android.app.SearchableInfo: void <init>(android.os.Parcel)>",
						"key field: <android.app.SearchableInfo: int mLabelId>",
						"<android.app.SearchableInfo: void <init>(android.content.Context,android.util.AttributeSet,android.content.ComponentName)>"
					],
					"depth":6,
					"method":"<android.app.IActivityManager$ContentProviderHolder$1: android.app.IActivityManager$ContentProviderHolder createFromParcel(android.os.Parcel)>",
					"source":"FIELDCALLER"
				},
				{
					"trace":[
						"<android.app.admin.DeviceAdminInfo$1: java.lang.Object createFromParcel(android.os.Parcel)>",
						"<android.app.admin.DeviceAdminInfo$1: android.app.admin.DeviceAdminInfo createFromParcel(android.os.Parcel)>",
						"<android.app.admin.DeviceAdminInfo: void <init>(android.os.Parcel)>",
						"<android.app.SearchableInfo$1: java.lang.Object createFromParcel(android.os.Parcel)>",
						"<android.app.SearchableInfo$1: android.app.SearchableInfo createFromParcel(android.os.Parcel)>",
						"<android.app.SearchableInfo: void <init>(android.os.Parcel)>",
						"key field: <android.app.SearchableInfo: int mLabelId>",
						"<android.app.SearchableInfo: void <init>(android.content.Context,android.util.AttributeSet,android.content.ComponentName)>"
					],
					"depth":6,
					"method":"<android.app.admin.DeviceAdminInfo$1: java.lang.Object createFromParcel(android.os.Parcel)>",
					"source":"FIELDCALLER"
				},
				{
					"trace":[
						"<android.app.SearchManager: void startSearch(java.lang.String,boolean,android.content.ComponentName,android.os.Bundle,boolean)>",
						"<android.app.SearchManager: void startGlobalSearch(java.lang.String,boolean,android.os.Bundle)>",
						"<android.app.SearchManager: android.content.ComponentName getGlobalSearchActivity()>",
						"<android.app.ISearchManager$Stub$Proxy: android.content.ComponentName getGlobalSearchActivity()>",
						"<android.app.SearchableInfo$1: java.lang.Object createFromParcel(android.os.Parcel)>",
						"<android.app.SearchableInfo$1: android.app.SearchableInfo createFromParcel(android.os.Parcel)>",
						"<android.app.SearchableInfo: void <init>(android.os.Parcel)>",
						"key field: <android.app.SearchableInfo: int mLabelId>",
						"<android.app.SearchableInfo: void <init>(android.content.Context,android.util.AttributeSet,android.content.ComponentName)>"
					],
					"depth":7,
					"method":"<android.app.SearchManager: void startSearch(java.lang.String,boolean,android.content.ComponentName,android.os.Bundle,boolean)>",
					"source":"FIELDCALLER"
				},
				{
					"trace":[
						"<android.app.WallpaperManager: android.graphics.drawable.Drawable getFastDrawable()>",
						"<android.app.WallpaperManager$Globals: android.graphics.Bitmap peekWallpaperBitmap(android.content.Context,boolean)>",
						"<android.app.WallpaperManager$Globals: android.graphics.Bitmap getCurrentWallpaperLocked(android.content.Context)>",
						"<android.app.IWallpaperManager$Stub$Proxy: android.os.ParcelFileDescriptor getWallpaper(android.app.IWallpaperManagerCallback,android.os.Bundle)>",
						"<android.app.SearchableInfo$1: java.lang.Object createFromParcel(android.os.Parcel)>",
						"<android.app.SearchableInfo$1: android.app.SearchableInfo createFromParcel(android.os.Parcel)>",
						"<android.app.SearchableInfo: void <init>(android.os.Parcel)>",
						"key field: <android.app.SearchableInfo: int mLabelId>",
						"<android.app.SearchableInfo: void <init>(android.content.Context,android.util.AttributeSet,android.content.ComponentName)>"
					],
					"depth":7,
					"method":"<android.app.WallpaperManager: android.graphics.drawable.Drawable getFastDrawable()>",
					"source":"FIELDCALLER"
				},
				{
					"trace":[
						"<android.app.WallpaperManager: android.graphics.drawable.Drawable peekFastDrawable()>",
						"<android.app.WallpaperManager$Globals: android.graphics.Bitmap peekWallpaperBitmap(android.content.Context,boolean)>",
						"<android.app.WallpaperManager$Globals: android.graphics.Bitmap getCurrentWallpaperLocked(android.content.Context)>",
						"<android.app.IWallpaperManager$Stub$Proxy: android.os.ParcelFileDescriptor getWallpaper(android.app.IWallpaperManagerCallback,android.os.Bundle)>",
						"<android.app.SearchableInfo$1: java.lang.Object createFromParcel(android.os.Parcel)>",
						"<android.app.SearchableInfo$1: android.app.SearchableInfo createFromParcel(android.os.Parcel)>",
						"<android.app.SearchableInfo: void <init>(android.os.Parcel)>",
						"key field: <android.app.SearchableInfo: int mLabelId>",
						"<android.app.SearchableInfo: void <init>(android.content.Context,android.util.AttributeSet,android.content.ComponentName)>"
					],
					"depth":7,
					"method":"<android.app.WallpaperManager: android.graphics.drawable.Drawable peekFastDrawable()>",
					"source":"FIELDCALLER"
				},
				{
					"trace":[
						"<android.app.WallpaperManager: android.graphics.drawable.Drawable peekDrawable()>",
						"<android.app.WallpaperManager$Globals: android.graphics.Bitmap peekWallpaperBitmap(android.content.Context,boolean)>",
						"<android.app.WallpaperManager$Globals: android.graphics.Bitmap getCurrentWallpaperLocked(android.content.Context)>",
						"<android.app.IWallpaperManager$Stub$Proxy: android.os.ParcelFileDescriptor getWallpaper(android.app.IWallpaperManagerCallback,android.os.Bundle)>",
						"<android.app.SearchableInfo$1: java.lang.Object createFromParcel(android.os.Parcel)>",
						"<android.app.SearchableInfo$1: android.app.SearchableInfo createFromParcel(android.os.Parcel)>",
						"<android.app.SearchableInfo: void <init>(android.os.Parcel)>",
						"key field: <android.app.SearchableInfo: int mLabelId>",
						"<android.app.SearchableInfo: void <init>(android.content.Context,android.util.AttributeSet,android.content.ComponentName)>"
					],
					"depth":7,
					"method":"<android.app.WallpaperManager: android.graphics.drawable.Drawable peekDrawable()>",
					"source":"FIELDCALLER"
				},
				{
					"trace":[
						"<android.app.WallpaperManager: android.graphics.drawable.Drawable getDrawable()>",
						"<android.app.WallpaperManager$Globals: android.graphics.Bitmap peekWallpaperBitmap(android.content.Context,boolean)>",
						"<android.app.WallpaperManager$Globals: android.graphics.Bitmap getCurrentWallpaperLocked(android.content.Context)>",
						"<android.app.IWallpaperManager$Stub$Proxy: android.os.ParcelFileDescriptor getWallpaper(android.app.IWallpaperManagerCallback,android.os.Bundle)>",
						"<android.app.SearchableInfo$1: java.lang.Object createFromParcel(android.os.Parcel)>",
						"<android.app.SearchableInfo$1: android.app.SearchableInfo createFromParcel(android.os.Parcel)>",
						"<android.app.SearchableInfo: void <init>(android.os.Parcel)>",
						"key field: <android.app.SearchableInfo: int mLabelId>",
						"<android.app.SearchableInfo: void <init>(android.content.Context,android.util.AttributeSet,android.content.ComponentName)>"
					],
					"depth":7,
					"method":"<android.app.WallpaperManager: android.graphics.drawable.Drawable getDrawable()>",
					"source":"FIELDCALLER"
				},
				{
					"trace":[
						"<android.app.ActivityManager$RunningTaskInfo$1: android.app.ActivityManager$RunningTaskInfo createFromParcel(android.os.Parcel)>",
						"<android.app.ActivityManager$RunningTaskInfo: void <init>(android.os.Parcel,android.app.ActivityManager$1)>",
						"<android.app.ActivityManager$RunningTaskInfo: void <init>(android.os.Parcel)>",
						"<android.app.ActivityManager$RunningTaskInfo: void readFromParcel(android.os.Parcel)>",
						"<android.app.SearchableInfo$1: java.lang.Object createFromParcel(android.os.Parcel)>",
						"<android.app.SearchableInfo$1: android.app.SearchableInfo createFromParcel(android.os.Parcel)>",
						"<android.app.SearchableInfo: void <init>(android.os.Parcel)>",
						"key field: <android.app.SearchableInfo: int mLabelId>",
						"<android.app.SearchableInfo: void <init>(android.content.Context,android.util.AttributeSet,android.content.ComponentName)>"
					],
					"depth":7,
					"method":"<android.app.ActivityManager$RunningTaskInfo$1: android.app.ActivityManager$RunningTaskInfo createFromParcel(android.os.Parcel)>",
					"source":"FIELDCALLER"
				},
				{
					"trace":[
						"<android.app.ActivityManager$RecentTaskInfo$1: android.app.ActivityManager$RecentTaskInfo createFromParcel(android.os.Parcel)>",
						"<android.app.ActivityManager$RecentTaskInfo: void <init>(android.os.Parcel,android.app.ActivityManager$1)>",
						"<android.app.ActivityManager$RecentTaskInfo: void <init>(android.os.Parcel)>",
						"<android.app.ActivityManager$RecentTaskInfo: void readFromParcel(android.os.Parcel)>",
						"<android.app.SearchableInfo$1: java.lang.Object createFromParcel(android.os.Parcel)>",
						"<android.app.SearchableInfo$1: android.app.SearchableInfo createFromParcel(android.os.Parcel)>",
						"<android.app.SearchableInfo: void <init>(android.os.Parcel)>",
						"key field: <android.app.SearchableInfo: int mLabelId>",
						"<android.app.SearchableInfo: void <init>(android.content.Context,android.util.AttributeSet,android.content.ComponentName)>"
					],
					"depth":7,
					"method":"<android.app.ActivityManager$RecentTaskInfo$1: android.app.ActivityManager$RecentTaskInfo createFromParcel(android.os.Parcel)>",
					"source":"FIELDCALLER"
				},
				{
					"trace":[
						"<android.content.Context: android.content.Intent registerReceiver(android.content.BroadcastReceiver,android.content.IntentFilter)>",
						"<android.app.ContextImpl: android.content.Intent registerReceiver(android.content.BroadcastReceiver,android.content.IntentFilter,java.lang.String,android.os.Handler)>",
						"<android.app.ContextImpl: android.content.Intent registerReceiverInternal(android.content.BroadcastReceiver,android.content.IntentFilter,java.lang.String,android.os.Handler,android.content.Context)>",
						"<android.app.ActivityManagerProxy: android.content.Intent registerReceiver(android.app.IApplicationThread,android.content.IIntentReceiver,android.content.IntentFilter,java.lang.String)>",
						"<android.app.SearchableInfo$1: java.lang.Object createFromParcel(android.os.Parcel)>",
						"<android.app.SearchableInfo$1: android.app.SearchableInfo createFromParcel(android.os.Parcel)>",
						"<android.app.SearchableInfo: void <init>(android.os.Parcel)>",
						"key field: <android.app.SearchableInfo: int mLabelId>",
						"<android.app.SearchableInfo: void <init>(android.content.Context,android.util.AttributeSet,android.content.ComponentName)>"
					],
					"depth":7,
					"method":"<android.content.Context: android.content.Intent registerReceiver(android.content.BroadcastReceiver,android.content.IntentFilter)>",
					"source":"FIELDCALLER"
				},
				{
					"trace":[
						"<android.app.ContextImpl: android.content.Intent registerReceiver(android.content.BroadcastReceiver,android.content.IntentFilter)>",
						"<android.app.ContextImpl: android.content.Intent registerReceiver(android.content.BroadcastReceiver,android.content.IntentFilter,java.lang.String,android.os.Handler)>",
						"<android.app.ContextImpl: android.content.Intent registerReceiverInternal(android.content.BroadcastReceiver,android.content.IntentFilter,java.lang.String,android.os.Handler,android.content.Context)>",
						"<android.app.ActivityManagerProxy: android.content.Intent registerReceiver(android.app.IApplicationThread,android.content.IIntentReceiver,android.content.IntentFilter,java.lang.String)>",
						"<android.app.SearchableInfo$1: java.lang.Object createFromParcel(android.os.Parcel)>",
						"<android.app.SearchableInfo$1: android.app.SearchableInfo createFromParcel(android.os.Parcel)>",
						"<android.app.SearchableInfo: void <init>(android.os.Parcel)>",
						"key field: <android.app.SearchableInfo: int mLabelId>",
						"<android.app.SearchableInfo: void <init>(android.content.Context,android.util.AttributeSet,android.content.ComponentName)>"
					],
					"depth":7,
					"method":"<android.app.ContextImpl: android.content.Intent registerReceiver(android.content.BroadcastReceiver,android.content.IntentFilter)>",
					"source":"FIELDCALLER"
				},
				{
					"trace":[
						"<android.content.Context: android.content.Intent registerReceiver(android.content.BroadcastReceiver,android.content.IntentFilter,java.lang.String,android.os.Handler)>",
						"<android.app.ContextImpl: android.content.Intent registerReceiver(android.content.BroadcastReceiver,android.content.IntentFilter,java.lang.String,android.os.Handler)>",
						"<android.app.ContextImpl: android.content.Intent registerReceiverInternal(android.content.BroadcastReceiver,android.content.IntentFilter,java.lang.String,android.os.Handler,android.content.Context)>",
						"<android.app.ActivityManagerProxy: android.content.Intent registerReceiver(android.app.IApplicationThread,android.content.IIntentReceiver,android.content.IntentFilter,java.lang.String)>",
						"<android.app.SearchableInfo$1: java.lang.Object createFromParcel(android.os.Parcel)>",
						"<android.app.SearchableInfo$1: android.app.SearchableInfo createFromParcel(android.os.Parcel)>",
						"<android.app.SearchableInfo: void <init>(android.os.Parcel)>",
						"key field: <android.app.SearchableInfo: int mLabelId>",
						"<android.app.SearchableInfo: void <init>(android.content.Context,android.util.AttributeSet,android.content.ComponentName)>"
					],
					"depth":7,
					"method":"<android.content.Context: android.content.Intent registerReceiver(android.content.BroadcastReceiver,android.content.IntentFilter,java.lang.String,android.os.Handler)>",
					"source":"FIELDCALLER"
				},
				{
					"trace":[
						"<android.content.ContextWrapper: android.content.Intent registerReceiver(android.content.BroadcastReceiver,android.content.IntentFilter,java.lang.String,android.os.Handler)>",
						"<android.app.ContextImpl: android.content.Intent registerReceiver(android.content.BroadcastReceiver,android.content.IntentFilter,java.lang.String,android.os.Handler)>",
						"<android.app.ContextImpl: android.content.Intent registerReceiverInternal(android.content.BroadcastReceiver,android.content.IntentFilter,java.lang.String,android.os.Handler,android.content.Context)>",
						"<android.app.ActivityManagerProxy: android.content.Intent registerReceiver(android.app.IApplicationThread,android.content.IIntentReceiver,android.content.IntentFilter,java.lang.String)>",
						"<android.app.SearchableInfo$1: java.lang.Object createFromParcel(android.os.Parcel)>",
						"<android.app.SearchableInfo$1: android.app.SearchableInfo createFromParcel(android.os.Parcel)>",
						"<android.app.SearchableInfo: void <init>(android.os.Parcel)>",
						"key field: <android.app.SearchableInfo: int mLabelId>",
						"<android.app.SearchableInfo: void <init>(android.content.Context,android.util.AttributeSet,android.content.ComponentName)>"
					],
					"depth":7,
					"method":"<android.content.ContextWrapper: android.content.Intent registerReceiver(android.content.BroadcastReceiver,android.content.IntentFilter,java.lang.String,android.os.Handler)>",
					"source":"FIELDCALLER"
				},
				{
					"trace":[
						"<android.app.IActivityManager$ContentProviderHolder$1: java.lang.Object createFromParcel(android.os.Parcel)>",
						"<android.app.IActivityManager$ContentProviderHolder$1: android.app.IActivityManager$ContentProviderHolder createFromParcel(android.os.Parcel)>",
						"<android.app.IActivityManager$ContentProviderHolder: void <init>(android.os.Parcel,android.app.IActivityManager$1)>",
						"<android.app.IActivityManager$ContentProviderHolder: void <init>(android.os.Parcel)>",
						"<android.app.SearchableInfo$1: java.lang.Object createFromParcel(android.os.Parcel)>",
						"<android.app.SearchableInfo$1: android.app.SearchableInfo createFromParcel(android.os.Parcel)>",
						"<android.app.SearchableInfo: void <init>(android.os.Parcel)>",
						"key field: <android.app.SearchableInfo: int mLabelId>",
						"<android.app.SearchableInfo: void <init>(android.content.Context,android.util.AttributeSet,android.content.ComponentName)>"
					],
					"depth":7,
					"method":"<android.app.IActivityManager$ContentProviderHolder$1: java.lang.Object createFromParcel(android.os.Parcel)>",
					"source":"FIELDCALLER"
				},
				{
					"trace":[
						"<android.app.SearchDialog: void onRestoreInstanceState(android.os.Bundle)>",
						"<android.app.SearchDialog: boolean doShow(java.lang.String,boolean,android.content.ComponentName,android.os.Bundle)>",
						"<android.app.SearchDialog: boolean show(android.content.ComponentName,android.os.Bundle)>",
						"<android.app.SearchManager: android.app.SearchableInfo getSearchableInfo(android.content.ComponentName)>",
						"<android.app.ISearchManager$Stub$Proxy: android.app.SearchableInfo getSearchableInfo(android.content.ComponentName)>",
						"<android.app.SearchableInfo$1: java.lang.Object createFromParcel(android.os.Parcel)>",
						"<android.app.SearchableInfo$1: android.app.SearchableInfo createFromParcel(android.os.Parcel)>",
						"<android.app.SearchableInfo: void <init>(android.os.Parcel)>",
						"key field: <android.app.SearchableInfo: int mLabelId>",
						"<android.app.SearchableInfo: void <init>(android.content.Context,android.util.AttributeSet,android.content.ComponentName)>"
					],
					"depth":8,
					"method":"<android.app.SearchDialog: void onRestoreInstanceState(android.os.Bundle)>",
					"source":"FIELDCALLER"
				},
				{
					"trace":[
						"<android.app.SearchDialog: boolean show(java.lang.String,boolean,android.content.ComponentName,android.os.Bundle)>",
						"<android.app.SearchDialog: boolean doShow(java.lang.String,boolean,android.content.ComponentName,android.os.Bundle)>",
						"<android.app.SearchDialog: boolean show(android.content.ComponentName,android.os.Bundle)>",
						"<android.app.SearchManager: android.app.SearchableInfo getSearchableInfo(android.content.ComponentName)>",
						"<android.app.ISearchManager$Stub$Proxy: android.app.SearchableInfo getSearchableInfo(android.content.ComponentName)>",
						"<android.app.SearchableInfo$1: java.lang.Object createFromParcel(android.os.Parcel)>",
						"<android.app.SearchableInfo$1: android.app.SearchableInfo createFromParcel(android.os.Parcel)>",
						"<android.app.SearchableInfo: void <init>(android.os.Parcel)>",
						"key field: <android.app.SearchableInfo: int mLabelId>",
						"<android.app.SearchableInfo: void <init>(android.content.Context,android.util.AttributeSet,android.content.ComponentName)>"
					],
					"depth":8,
					"method":"<android.app.SearchDialog: boolean show(java.lang.String,boolean,android.content.ComponentName,android.os.Bundle)>",
					"source":"FIELDCALLER"
				},
				{
					"trace":[
						"<android.app.Activity: void startSearch(java.lang.String,boolean,android.os.Bundle,boolean)>",
						"<android.app.SearchManager: void startSearch(java.lang.String,boolean,android.content.ComponentName,android.os.Bundle,boolean)>",
						"<android.app.SearchManager: void startGlobalSearch(java.lang.String,boolean,android.os.Bundle)>",
						"<android.app.SearchManager: android.content.ComponentName getGlobalSearchActivity()>",
						"<android.app.ISearchManager$Stub$Proxy: android.content.ComponentName getGlobalSearchActivity()>",
						"<android.app.SearchableInfo$1: java.lang.Object createFromParcel(android.os.Parcel)>",
						"<android.app.SearchableInfo$1: android.app.SearchableInfo createFromParcel(android.os.Parcel)>",
						"<android.app.SearchableInfo: void <init>(android.os.Parcel)>",
						"key field: <android.app.SearchableInfo: int mLabelId>",
						"<android.app.SearchableInfo: void <init>(android.content.Context,android.util.AttributeSet,android.content.ComponentName)>"
					],
					"depth":8,
					"method":"<android.app.Activity: void startSearch(java.lang.String,boolean,android.os.Bundle,boolean)>",
					"source":"FIELDCALLER"
				},
				{
					"trace":[
						"<android.app.Dialog: boolean onSearchRequested()>",
						"<android.app.SearchManager: void startSearch(java.lang.String,boolean,android.content.ComponentName,android.os.Bundle,boolean)>",
						"<android.app.SearchManager: void startGlobalSearch(java.lang.String,boolean,android.os.Bundle)>",
						"<android.app.SearchManager: android.content.ComponentName getGlobalSearchActivity()>",
						"<android.app.ISearchManager$Stub$Proxy: android.content.ComponentName getGlobalSearchActivity()>",
						"<android.app.SearchableInfo$1: java.lang.Object createFromParcel(android.os.Parcel)>",
						"<android.app.SearchableInfo$1: android.app.SearchableInfo createFromParcel(android.os.Parcel)>",
						"<android.app.SearchableInfo: void <init>(android.os.Parcel)>",
						"key field: <android.app.SearchableInfo: int mLabelId>",
						"<android.app.SearchableInfo: void <init>(android.content.Context,android.util.AttributeSet,android.content.ComponentName)>"
					],
					"depth":8,
					"method":"<android.app.Dialog: boolean onSearchRequested()>",
					"source":"FIELDCALLER"
				},
				{
					"trace":[
						"<android.view.Window$Callback: boolean onSearchRequested()>",
						"<android.app.SearchManager: void startSearch(java.lang.String,boolean,android.content.ComponentName,android.os.Bundle,boolean)>",
						"<android.app.SearchManager: void startGlobalSearch(java.lang.String,boolean,android.os.Bundle)>",
						"<android.app.SearchManager: android.content.ComponentName getGlobalSearchActivity()>",
						"<android.app.ISearchManager$Stub$Proxy: android.content.ComponentName getGlobalSearchActivity()>",
						"<android.app.SearchableInfo$1: java.lang.Object createFromParcel(android.os.Parcel)>",
						"<android.app.SearchableInfo$1: android.app.SearchableInfo createFromParcel(android.os.Parcel)>",
						"<android.app.SearchableInfo: void <init>(android.os.Parcel)>",
						"key field: <android.app.SearchableInfo: int mLabelId>",
						"<android.app.SearchableInfo: void <init>(android.content.Context,android.util.AttributeSet,android.content.ComponentName)>"
					],
					"depth":8,
					"method":"<android.view.Window$Callback: boolean onSearchRequested()>",
					"source":"FIELDCALLER"
				},
				{
					"trace":[
						"<android.app.SearchManager: void triggerSearch(java.lang.String,android.content.ComponentName,android.os.Bundle)>",
						"<android.app.SearchManager: void startSearch(java.lang.String,boolean,android.content.ComponentName,android.os.Bundle,boolean)>",
						"<android.app.SearchManager: void startGlobalSearch(java.lang.String,boolean,android.os.Bundle)>",
						"<android.app.SearchManager: android.content.ComponentName getGlobalSearchActivity()>",
						"<android.app.ISearchManager$Stub$Proxy: android.content.ComponentName getGlobalSearchActivity()>",
						"<android.app.SearchableInfo$1: java.lang.Object createFromParcel(android.os.Parcel)>",
						"<android.app.SearchableInfo$1: android.app.SearchableInfo createFromParcel(android.os.Parcel)>",
						"<android.app.SearchableInfo: void <init>(android.os.Parcel)>",
						"key field: <android.app.SearchableInfo: int mLabelId>",
						"<android.app.SearchableInfo: void <init>(android.content.Context,android.util.AttributeSet,android.content.ComponentName)>"
					],
					"depth":8,
					"method":"<android.app.SearchManager: void triggerSearch(java.lang.String,android.content.ComponentName,android.os.Bundle)>",
					"source":"FIELDCALLER"
				},
				{
					"trace":[
						"<android.app.ContextImpl: android.graphics.drawable.Drawable peekWallpaper()>",
						"<android.app.WallpaperManager: android.graphics.drawable.Drawable peekDrawable()>",
						"<android.app.WallpaperManager$Globals: android.graphics.Bitmap peekWallpaperBitmap(android.content.Context,boolean)>",
						"<android.app.WallpaperManager$Globals: android.graphics.Bitmap getCurrentWallpaperLocked(android.content.Context)>",
						"<android.app.IWallpaperManager$Stub$Proxy: android.os.ParcelFileDescriptor getWallpaper(android.app.IWallpaperManagerCallback,android.os.Bundle)>",
						"<android.app.SearchableInfo$1: java.lang.Object createFromParcel(android.os.Parcel)>",
						"<android.app.SearchableInfo$1: android.app.SearchableInfo createFromParcel(android.os.Parcel)>",
						"<android.app.SearchableInfo: void <init>(android.os.Parcel)>",
						"key field: <android.app.SearchableInfo: int mLabelId>",
						"<android.app.SearchableInfo: void <init>(android.content.Context,android.util.AttributeSet,android.content.ComponentName)>"
					],
					"depth":8,
					"method":"<android.app.ContextImpl: android.graphics.drawable.Drawable peekWallpaper()>",
					"source":"FIELDCALLER"
				},
				{
					"trace":[
						"<android.app.ContextImpl: android.graphics.drawable.Drawable getWallpaper()>",
						"<android.app.WallpaperManager: android.graphics.drawable.Drawable getDrawable()>",
						"<android.app.WallpaperManager$Globals: android.graphics.Bitmap peekWallpaperBitmap(android.content.Context,boolean)>",
						"<android.app.WallpaperManager$Globals: android.graphics.Bitmap getCurrentWallpaperLocked(android.content.Context)>",
						"<android.app.IWallpaperManager$Stub$Proxy: android.os.ParcelFileDescriptor getWallpaper(android.app.IWallpaperManagerCallback,android.os.Bundle)>",
						"<android.app.SearchableInfo$1: java.lang.Object createFromParcel(android.os.Parcel)>",
						"<android.app.SearchableInfo$1: android.app.SearchableInfo createFromParcel(android.os.Parcel)>",
						"<android.app.SearchableInfo: void <init>(android.os.Parcel)>",
						"key field: <android.app.SearchableInfo: int mLabelId>",
						"<android.app.SearchableInfo: void <init>(android.content.Context,android.util.AttributeSet,android.content.ComponentName)>"
					],
					"depth":8,
					"method":"<android.app.ContextImpl: android.graphics.drawable.Drawable getWallpaper()>",
					"source":"FIELDCALLER"
				},
				{
					"trace":[
						"<android.content.ContentResolver: android.content.IContentProvider acquireProvider(android.net.Uri)>",
						"<android.app.ContextImpl$ApplicationContentResolver: android.content.IContentProvider acquireProvider(android.content.Context,java.lang.String)>",
						"<android.app.ActivityThread: android.content.IContentProvider acquireProvider(android.content.Context,java.lang.String)>",
						"<android.app.ActivityThread: android.content.IContentProvider getProvider(android.content.Context,java.lang.String)>",
						"<android.app.ActivityManagerProxy: android.app.IActivityManager$ContentProviderHolder getContentProvider(android.app.IApplicationThread,java.lang.String)>",
						"<android.app.SearchableInfo$1: java.lang.Object createFromParcel(android.os.Parcel)>",
						"<android.app.SearchableInfo$1: android.app.SearchableInfo createFromParcel(android.os.Parcel)>",
						"<android.app.SearchableInfo: void <init>(android.os.Parcel)>",
						"key field: <android.app.SearchableInfo: int mLabelId>",
						"<android.app.SearchableInfo: void <init>(android.content.Context,android.util.AttributeSet,android.content.ComponentName)>"
					],
					"depth":8,
					"method":"<android.content.ContentResolver: android.content.IContentProvider acquireProvider(android.net.Uri)>",
					"source":"FIELDCALLER"
				},
				{
					"trace":[
						"<android.content.ContentResolver: android.content.IContentProvider acquireProvider(java.lang.String)>",
						"<android.app.ContextImpl$ApplicationContentResolver: android.content.IContentProvider acquireProvider(android.content.Context,java.lang.String)>",
						"<android.app.ActivityThread: android.content.IContentProvider acquireProvider(android.content.Context,java.lang.String)>",
						"<android.app.ActivityThread: android.content.IContentProvider getProvider(android.content.Context,java.lang.String)>",
						"<android.app.ActivityManagerProxy: android.app.IActivityManager$ContentProviderHolder getContentProvider(android.app.IApplicationThread,java.lang.String)>",
						"<android.app.SearchableInfo$1: java.lang.Object createFromParcel(android.os.Parcel)>",
						"<android.app.SearchableInfo$1: android.app.SearchableInfo createFromParcel(android.os.Parcel)>",
						"<android.app.SearchableInfo: void <init>(android.os.Parcel)>",
						"key field: <android.app.SearchableInfo: int mLabelId>",
						"<android.app.SearchableInfo: void <init>(android.content.Context,android.util.AttributeSet,android.content.ComponentName)>"
					],
					"depth":8,
					"method":"<android.content.ContentResolver: android.content.IContentProvider acquireProvider(java.lang.String)>",
					"source":"FIELDCALLER"
				},
				{
					"trace":[
						"<android.app.ActivityManager$RunningTaskInfo$1: java.lang.Object createFromParcel(android.os.Parcel)>",
						"<android.app.ActivityManager$RunningTaskInfo$1: android.app.ActivityManager$RunningTaskInfo createFromParcel(android.os.Parcel)>",
						"<android.app.ActivityManager$RunningTaskInfo: void <init>(android.os.Parcel,android.app.ActivityManager$1)>",
						"<android.app.ActivityManager$RunningTaskInfo: void <init>(android.os.Parcel)>",
						"<android.app.ActivityManager$RunningTaskInfo: void readFromParcel(android.os.Parcel)>",
						"<android.app.SearchableInfo$1: java.lang.Object createFromParcel(android.os.Parcel)>",
						"<android.app.SearchableInfo$1: android.app.SearchableInfo createFromParcel(android.os.Parcel)>",
						"<android.app.SearchableInfo: void <init>(android.os.Parcel)>",
						"key field: <android.app.SearchableInfo: int mLabelId>",
						"<android.app.SearchableInfo: void <init>(android.content.Context,android.util.AttributeSet,android.content.ComponentName)>"
					],
					"depth":8,
					"method":"<android.app.ActivityManager$RunningTaskInfo$1: java.lang.Object createFromParcel(android.os.Parcel)>",
					"source":"FIELDCALLER"
				},
				{
					"trace":[
						"<android.app.ActivityManager$RecentTaskInfo$1: java.lang.Object createFromParcel(android.os.Parcel)>",
						"<android.app.ActivityManager$RecentTaskInfo$1: android.app.ActivityManager$RecentTaskInfo createFromParcel(android.os.Parcel)>",
						"<android.app.ActivityManager$RecentTaskInfo: void <init>(android.os.Parcel,android.app.ActivityManager$1)>",
						"<android.app.ActivityManager$RecentTaskInfo: void <init>(android.os.Parcel)>",
						"<android.app.ActivityManager$RecentTaskInfo: void readFromParcel(android.os.Parcel)>",
						"<android.app.SearchableInfo$1: java.lang.Object createFromParcel(android.os.Parcel)>",
						"<android.app.SearchableInfo$1: android.app.SearchableInfo createFromParcel(android.os.Parcel)>",
						"<android.app.SearchableInfo: void <init>(android.os.Parcel)>",
						"key field: <android.app.SearchableInfo: int mLabelId>",
						"<android.app.SearchableInfo: void <init>(android.content.Context,android.util.AttributeSet,android.content.ComponentName)>"
					],
					"depth":8,
					"method":"<android.app.ActivityManager$RecentTaskInfo$1: java.lang.Object createFromParcel(android.os.Parcel)>",
					"source":"FIELDCALLER"
				},
				{
					"trace":[
						"<android.app.SearchDialog: void onStart()>",
						"<android.app.ContextImpl: android.content.Intent registerReceiver(android.content.BroadcastReceiver,android.content.IntentFilter)>",
						"<android.app.ContextImpl: android.content.Intent registerReceiver(android.content.BroadcastReceiver,android.content.IntentFilter,java.lang.String,android.os.Handler)>",
						"<android.app.ContextImpl: android.content.Intent registerReceiverInternal(android.content.BroadcastReceiver,android.content.IntentFilter,java.lang.String,android.os.Handler,android.content.Context)>",
						"<android.app.ActivityManagerProxy: android.content.Intent registerReceiver(android.app.IApplicationThread,android.content.IIntentReceiver,android.content.IntentFilter,java.lang.String)>",
						"<android.app.SearchableInfo$1: java.lang.Object createFromParcel(android.os.Parcel)>",
						"<android.app.SearchableInfo$1: android.app.SearchableInfo createFromParcel(android.os.Parcel)>",
						"<android.app.SearchableInfo: void <init>(android.os.Parcel)>",
						"key field: <android.app.SearchableInfo: int mLabelId>",
						"<android.app.SearchableInfo: void <init>(android.content.Context,android.util.AttributeSet,android.content.ComponentName)>"
					],
					"depth":8,
					"method":"<android.app.SearchDialog: void onStart()>",
					"source":"FIELDCALLER"
				},
				{
					"trace":[
						"<android.content.ContextWrapper: android.content.Intent registerReceiver(android.content.BroadcastReceiver,android.content.IntentFilter)>",
						"<android.app.ContextImpl: android.content.Intent registerReceiver(android.content.BroadcastReceiver,android.content.IntentFilter)>",
						"<android.app.ContextImpl: android.content.Intent registerReceiver(android.content.BroadcastReceiver,android.content.IntentFilter,java.lang.String,android.os.Handler)>",
						"<android.app.ContextImpl: android.content.Intent registerReceiverInternal(android.content.BroadcastReceiver,android.content.IntentFilter,java.lang.String,android.os.Handler,android.content.Context)>",
						"<android.app.ActivityManagerProxy: android.content.Intent registerReceiver(android.app.IApplicationThread,android.content.IIntentReceiver,android.content.IntentFilter,java.lang.String)>",
						"<android.app.SearchableInfo$1: java.lang.Object createFromParcel(android.os.Parcel)>",
						"<android.app.SearchableInfo$1: android.app.SearchableInfo createFromParcel(android.os.Parcel)>",
						"<android.app.SearchableInfo: void <init>(android.os.Parcel)>",
						"key field: <android.app.SearchableInfo: int mLabelId>",
						"<android.app.SearchableInfo: void <init>(android.content.Context,android.util.AttributeSet,android.content.ComponentName)>"
					],
					"depth":8,
					"method":"<android.content.ContextWrapper: android.content.Intent registerReceiver(android.content.BroadcastReceiver,android.content.IntentFilter)>",
					"source":"FIELDCALLER"
				},
				{
					"trace":[
						"<android.app.ResultInfo: void <init>(android.os.Parcel)>",
						"<android.app.IActivityManager$ContentProviderHolder$1: java.lang.Object createFromParcel(android.os.Parcel)>",
						"<android.app.IActivityManager$ContentProviderHolder$1: android.app.IActivityManager$ContentProviderHolder createFromParcel(android.os.Parcel)>",
						"<android.app.IActivityManager$ContentProviderHolder: void <init>(android.os.Parcel,android.app.IActivityManager$1)>",
						"<android.app.IActivityManager$ContentProviderHolder: void <init>(android.os.Parcel)>",
						"<android.app.SearchableInfo$1: java.lang.Object createFromParcel(android.os.Parcel)>",
						"<android.app.SearchableInfo$1: android.app.SearchableInfo createFromParcel(android.os.Parcel)>",
						"<android.app.SearchableInfo: void <init>(android.os.Parcel)>",
						"key field: <android.app.SearchableInfo: int mLabelId>",
						"<android.app.SearchableInfo: void <init>(android.content.Context,android.util.AttributeSet,android.content.ComponentName)>"
					],
					"depth":8,
					"method":"<android.app.ResultInfo: void <init>(android.os.Parcel)>",
					"source":"FIELDCALLER"
				},
				{
					"trace":[
						"<android.app.Notification: void <init>(android.os.Parcel)>",
						"<android.app.IActivityManager$ContentProviderHolder$1: java.lang.Object createFromParcel(android.os.Parcel)>",
						"<android.app.IActivityManager$ContentProviderHolder$1: android.app.IActivityManager$ContentProviderHolder createFromParcel(android.os.Parcel)>",
						"<android.app.IActivityManager$ContentProviderHolder: void <init>(android.os.Parcel,android.app.IActivityManager$1)>",
						"<android.app.IActivityManager$ContentProviderHolder: void <init>(android.os.Parcel)>",
						"<android.app.SearchableInfo$1: java.lang.Object createFromParcel(android.os.Parcel)>",
						"<android.app.SearchableInfo$1: android.app.SearchableInfo createFromParcel(android.os.Parcel)>",
						"<android.app.SearchableInfo: void <init>(android.os.Parcel)>",
						"key field: <android.app.SearchableInfo: int mLabelId>",
						"<android.app.SearchableInfo: void <init>(android.content.Context,android.util.AttributeSet,android.content.ComponentName)>"
					],
					"depth":8,
					"method":"<android.app.Notification: void <init>(android.os.Parcel)>",
					"source":"FIELDCALLER"
				},
				{
					"trace":[
						"<android.content.PeriodicSync$1: android.content.PeriodicSync createFromParcel(android.os.Parcel)>",
						"<android.app.IActivityManager$ContentProviderHolder$1: java.lang.Object createFromParcel(android.os.Parcel)>",
						"<android.app.IActivityManager$ContentProviderHolder$1: android.app.IActivityManager$ContentProviderHolder createFromParcel(android.os.Parcel)>",
						"<android.app.IActivityManager$ContentProviderHolder: void <init>(android.os.Parcel,android.app.IActivityManager$1)>",
						"<android.app.IActivityManager$ContentProviderHolder: void <init>(android.os.Parcel)>",
						"<android.app.SearchableInfo$1: java.lang.Object createFromParcel(android.os.Parcel)>",
						"<android.app.SearchableInfo$1: android.app.SearchableInfo createFromParcel(android.os.Parcel)>",
						"<android.app.SearchableInfo: void <init>(android.os.Parcel)>",
						"key field: <android.app.SearchableInfo: int mLabelId>",
						"<android.app.SearchableInfo: void <init>(android.content.Context,android.util.AttributeSet,android.content.ComponentName)>"
					],
					"depth":8,
					"method":"<android.content.PeriodicSync$1: android.content.PeriodicSync createFromParcel(android.os.Parcel)>",
					"source":"FIELDCALLER"
				},
				{
					"trace":[
						"<android.net.wifi.WifiInfo$1: android.net.wifi.WifiInfo createFromParcel(android.os.Parcel)>",
						"<android.app.IActivityManager$ContentProviderHolder$1: java.lang.Object createFromParcel(android.os.Parcel)>",
						"<android.app.IActivityManager$ContentProviderHolder$1: android.app.IActivityManager$ContentProviderHolder createFromParcel(android.os.Parcel)>",
						"<android.app.IActivityManager$ContentProviderHolder: void <init>(android.os.Parcel,android.app.IActivityManager$1)>",
						"<android.app.IActivityManager$ContentProviderHolder: void <init>(android.os.Parcel)>",
						"<android.app.SearchableInfo$1: java.lang.Object createFromParcel(android.os.Parcel)>",
						"<android.app.SearchableInfo$1: android.app.SearchableInfo createFromParcel(android.os.Parcel)>",
						"<android.app.SearchableInfo: void <init>(android.os.Parcel)>",
						"key field: <android.app.SearchableInfo: int mLabelId>",
						"<android.app.SearchableInfo: void <init>(android.content.Context,android.util.AttributeSet,android.content.ComponentName)>"
					],
					"depth":8,
					"method":"<android.net.wifi.WifiInfo$1: android.net.wifi.WifiInfo createFromParcel(android.os.Parcel)>",
					"source":"FIELDCALLER"
				},
				{
					"trace":[
						"<android.view.inputmethod.ExtractedText$1: android.view.inputmethod.ExtractedText createFromParcel(android.os.Parcel)>",
						"<android.app.IActivityManager$ContentProviderHolder$1: java.lang.Object createFromParcel(android.os.Parcel)>",
						"<android.app.IActivityManager$ContentProviderHolder$1: android.app.IActivityManager$ContentProviderHolder createFromParcel(android.os.Parcel)>",
						"<android.app.IActivityManager$ContentProviderHolder: void <init>(android.os.Parcel,android.app.IActivityManager$1)>",
						"<android.app.IActivityManager$ContentProviderHolder: void <init>(android.os.Parcel)>",
						"<android.app.SearchableInfo$1: java.lang.Object createFromParcel(android.os.Parcel)>",
						"<android.app.SearchableInfo$1: android.app.SearchableInfo createFromParcel(android.os.Parcel)>",
						"<android.app.SearchableInfo: void <init>(android.os.Parcel)>",
						"key field: <android.app.SearchableInfo: int mLabelId>",
						"<android.app.SearchableInfo: void <init>(android.content.Context,android.util.AttributeSet,android.content.ComponentName)>"
					],
					"depth":8,
					"method":"<android.view.inputmethod.ExtractedText$1: android.view.inputmethod.ExtractedText createFromParcel(android.os.Parcel)>",
					"source":"FIELDCALLER"
				},
				{
					"trace":[
						"<android.view.inputmethod.EditorInfo$1: android.view.inputmethod.EditorInfo createFromParcel(android.os.Parcel)>",
						"<android.app.IActivityManager$ContentProviderHolder$1: java.lang.Object createFromParcel(android.os.Parcel)>",
						"<android.app.IActivityManager$ContentProviderHolder$1: android.app.IActivityManager$ContentProviderHolder createFromParcel(android.os.Parcel)>",
						"<android.app.IActivityManager$ContentProviderHolder: void <init>(android.os.Parcel,android.app.IActivityManager$1)>",
						"<android.app.IActivityManager$ContentProviderHolder: void <init>(android.os.Parcel)>",
						"<android.app.SearchableInfo$1: java.lang.Object createFromParcel(android.os.Parcel)>",
						"<android.app.SearchableInfo$1: android.app.SearchableInfo createFromParcel(android.os.Parcel)>",
						"<android.app.SearchableInfo: void <init>(android.os.Parcel)>",
						"key field: <android.app.SearchableInfo: int mLabelId>",
						"<android.app.SearchableInfo: void <init>(android.content.Context,android.util.AttributeSet,android.content.ComponentName)>"
					],
					"depth":8,
					"method":"<android.view.inputmethod.EditorInfo$1: android.view.inputmethod.EditorInfo createFromParcel(android.os.Parcel)>",
					"source":"FIELDCALLER"
				},
				{
					"trace":[
						"<android.app.IBackupAgent$Stub: boolean onTransact(int,android.os.Parcel,android.os.Parcel,int)>",
						"<android.app.IActivityManager$ContentProviderHolder$1: java.lang.Object createFromParcel(android.os.Parcel)>",
						"<android.app.IActivityManager$ContentProviderHolder$1: android.app.IActivityManager$ContentProviderHolder createFromParcel(android.os.Parcel)>",
						"<android.app.IActivityManager$ContentProviderHolder: void <init>(android.os.Parcel,android.app.IActivityManager$1)>",
						"<android.app.IActivityManager$ContentProviderHolder: void <init>(android.os.Parcel)>",
						"<android.app.SearchableInfo$1: java.lang.Object createFromParcel(android.os.Parcel)>",
						"<android.app.SearchableInfo$1: android.app.SearchableInfo createFromParcel(android.os.Parcel)>",
						"<android.app.SearchableInfo: void <init>(android.os.Parcel)>",
						"key field: <android.app.SearchableInfo: int mLabelId>",
						"<android.app.SearchableInfo: void <init>(android.content.Context,android.util.AttributeSet,android.content.ComponentName)>"
					],
					"depth":8,
					"method":"<android.app.IBackupAgent$Stub: boolean onTransact(int,android.os.Parcel,android.os.Parcel,int)>",
					"source":"FIELDCALLER"
				},
				{
					"trace":[
						"<android.app.ApplicationThreadNative: boolean onTransact(int,android.os.Parcel,android.os.Parcel,int)>",
						"<android.app.IActivityManager$ContentProviderHolder$1: java.lang.Object createFromParcel(android.os.Parcel)>",
						"<android.app.IActivityManager$ContentProviderHolder$1: android.app.IActivityManager$ContentProviderHolder createFromParcel(android.os.Parcel)>",
						"<android.app.IActivityManager$ContentProviderHolder: void <init>(android.os.Parcel,android.app.IActivityManager$1)>",
						"<android.app.IActivityManager$ContentProviderHolder: void <init>(android.os.Parcel)>",
						"<android.app.SearchableInfo$1: java.lang.Object createFromParcel(android.os.Parcel)>",
						"<android.app.SearchableInfo$1: android.app.SearchableInfo createFromParcel(android.os.Parcel)>",
						"<android.app.SearchableInfo: void <init>(android.os.Parcel)>",
						"key field: <android.app.SearchableInfo: int mLabelId>",
						"<android.app.SearchableInfo: void <init>(android.content.Context,android.util.AttributeSet,android.content.ComponentName)>"
					],
					"depth":8,
					"method":"<android.app.ApplicationThreadNative: boolean onTransact(int,android.os.Parcel,android.os.Parcel,int)>",
					"source":"FIELDCALLER"
				},
				{
					"trace":[
						"<android.app.ISearchManager$Stub: boolean onTransact(int,android.os.Parcel,android.os.Parcel,int)>",
						"<android.app.IActivityManager$ContentProviderHolder$1: java.lang.Object createFromParcel(android.os.Parcel)>",
						"<android.app.IActivityManager$ContentProviderHolder$1: android.app.IActivityManager$ContentProviderHolder createFromParcel(android.os.Parcel)>",
						"<android.app.IActivityManager$ContentProviderHolder: void <init>(android.os.Parcel,android.app.IActivityManager$1)>",
						"<android.app.IActivityManager$ContentProviderHolder: void <init>(android.os.Parcel)>",
						"<android.app.SearchableInfo$1: java.lang.Object createFromParcel(android.os.Parcel)>",
						"<android.app.SearchableInfo$1: android.app.SearchableInfo createFromParcel(android.os.Parcel)>",
						"<android.app.SearchableInfo: void <init>(android.os.Parcel)>",
						"key field: <android.app.SearchableInfo: int mLabelId>",
						"<android.app.SearchableInfo: void <init>(android.content.Context,android.util.AttributeSet,android.content.ComponentName)>"
					],
					"depth":8,
					"method":"<android.app.ISearchManager$Stub: boolean onTransact(int,android.os.Parcel,android.os.Parcel,int)>",
					"source":"FIELDCALLER"
				},
				{
					"trace":[
						"<android.app.IServiceConnection$Stub: boolean onTransact(int,android.os.Parcel,android.os.Parcel,int)>",
						"<android.app.IActivityManager$ContentProviderHolder$1: java.lang.Object createFromParcel(android.os.Parcel)>",
						"<android.app.IActivityManager$ContentProviderHolder$1: android.app.IActivityManager$ContentProviderHolder createFromParcel(android.os.Parcel)>",
						"<android.app.IActivityManager$ContentProviderHolder: void <init>(android.os.Parcel,android.app.IActivityManager$1)>",
						"<android.app.IActivityManager$ContentProviderHolder: void <init>(android.os.Parcel)>",
						"<android.app.SearchableInfo$1: java.lang.Object createFromParcel(android.os.Parcel)>",
						"<android.app.SearchableInfo$1: android.app.SearchableInfo createFromParcel(android.os.Parcel)>",
						"<android.app.SearchableInfo: void <init>(android.os.Parcel)>",
						"key field: <android.app.SearchableInfo: int mLabelId>",
						"<android.app.SearchableInfo: void <init>(android.content.Context,android.util.AttributeSet,android.content.ComponentName)>"
					],
					"depth":8,
					"method":"<android.app.IServiceConnection$Stub: boolean onTransact(int,android.os.Parcel,android.os.Parcel,int)>",
					"source":"FIELDCALLER"
				},
				{
					"trace":[
						"<android.app.ActivityManagerProxy: android.content.res.Configuration getConfiguration()>",
						"<android.app.IActivityManager$ContentProviderHolder$1: java.lang.Object createFromParcel(android.os.Parcel)>",
						"<android.app.IActivityManager$ContentProviderHolder$1: android.app.IActivityManager$ContentProviderHolder createFromParcel(android.os.Parcel)>",
						"<android.app.IActivityManager$ContentProviderHolder: void <init>(android.os.Parcel,android.app.IActivityManager$1)>",
						"<android.app.IActivityManager$ContentProviderHolder: void <init>(android.os.Parcel)>",
						"<android.app.SearchableInfo$1: java.lang.Object createFromParcel(android.os.Parcel)>",
						"<android.app.SearchableInfo$1: android.app.SearchableInfo createFromParcel(android.os.Parcel)>",
						"<android.app.SearchableInfo: void <init>(android.os.Parcel)>",
						"key field: <android.app.SearchableInfo: int mLabelId>",
						"<android.app.SearchableInfo: void <init>(android.content.Context,android.util.AttributeSet,android.content.ComponentName)>"
					],
					"depth":8,
					"method":"<android.app.ActivityManagerProxy: android.content.res.Configuration getConfiguration()>",
					"source":"FIELDCALLER"
				},
				{
					"trace":[
						"<android.app.IActivityManager: android.content.res.Configuration getConfiguration()>",
						"<android.app.IActivityManager$ContentProviderHolder$1: java.lang.Object createFromParcel(android.os.Parcel)>",
						"<android.app.IActivityManager$ContentProviderHolder$1: android.app.IActivityManager$ContentProviderHolder createFromParcel(android.os.Parcel)>",
						"<android.app.IActivityManager$ContentProviderHolder: void <init>(android.os.Parcel,android.app.IActivityManager$1)>",
						"<android.app.IActivityManager$ContentProviderHolder: void <init>(android.os.Parcel)>",
						"<android.app.SearchableInfo$1: java.lang.Object createFromParcel(android.os.Parcel)>",
						"<android.app.SearchableInfo$1: android.app.SearchableInfo createFromParcel(android.os.Parcel)>",
						"<android.app.SearchableInfo: void <init>(android.os.Parcel)>",
						"key field: <android.app.SearchableInfo: int mLabelId>",
						"<android.app.SearchableInfo: void <init>(android.content.Context,android.util.AttributeSet,android.content.ComponentName)>"
					],
					"depth":8,
					"method":"<android.app.IActivityManager: android.content.res.Configuration getConfiguration()>",
					"source":"FIELDCALLER"
				},
				{
					"trace":[
						"<android.app.ResultInfo$1: android.app.ResultInfo createFromParcel(android.os.Parcel)>",
						"<android.app.ResultInfo: void <init>(android.os.Parcel)>",
						"<android.app.admin.DeviceAdminInfo$1: java.lang.Object createFromParcel(android.os.Parcel)>",
						"<android.app.admin.DeviceAdminInfo$1: android.app.admin.DeviceAdminInfo createFromParcel(android.os.Parcel)>",
						"<android.app.admin.DeviceAdminInfo: void <init>(android.os.Parcel)>",
						"<android.app.SearchableInfo$1: java.lang.Object createFromParcel(android.os.Parcel)>",
						"<android.app.SearchableInfo$1: android.app.SearchableInfo createFromParcel(android.os.Parcel)>",
						"<android.app.SearchableInfo: void <init>(android.os.Parcel)>",
						"key field: <android.app.SearchableInfo: int mLabelId>",
						"<android.app.SearchableInfo: void <init>(android.content.Context,android.util.AttributeSet,android.content.ComponentName)>"
					],
					"depth":8,
					"method":"<android.app.ResultInfo$1: android.app.ResultInfo createFromParcel(android.os.Parcel)>",
					"source":"FIELDCALLER"
				},
				{
					"trace":[
						"<android.app.Notification$1: android.app.Notification createFromParcel(android.os.Parcel)>",
						"<android.app.Notification: void <init>(android.os.Parcel)>",
						"<android.app.admin.DeviceAdminInfo$1: java.lang.Object createFromParcel(android.os.Parcel)>",
						"<android.app.admin.DeviceAdminInfo$1: android.app.admin.DeviceAdminInfo createFromParcel(android.os.Parcel)>",
						"<android.app.admin.DeviceAdminInfo: void <init>(android.os.Parcel)>",
						"<android.app.SearchableInfo$1: java.lang.Object createFromParcel(android.os.Parcel)>",
						"<android.app.SearchableInfo$1: android.app.SearchableInfo createFromParcel(android.os.Parcel)>",
						"<android.app.SearchableInfo: void <init>(android.os.Parcel)>",
						"key field: <android.app.SearchableInfo: int mLabelId>",
						"<android.app.SearchableInfo: void <init>(android.content.Context,android.util.AttributeSet,android.content.ComponentName)>"
					],
					"depth":8,
					"method":"<android.app.Notification$1: android.app.Notification createFromParcel(android.os.Parcel)>",
					"source":"FIELDCALLER"
				},
				{
					"trace":[
						"<android.app.WallpaperInfo$1: android.app.WallpaperInfo createFromParcel(android.os.Parcel)>",
						"<android.app.WallpaperInfo: void <init>(android.os.Parcel)>",
						"<android.app.admin.DeviceAdminInfo$1: java.lang.Object createFromParcel(android.os.Parcel)>",
						"<android.app.admin.DeviceAdminInfo$1: android.app.admin.DeviceAdminInfo createFromParcel(android.os.Parcel)>",
						"<android.app.admin.DeviceAdminInfo: void <init>(android.os.Parcel)>",
						"<android.app.SearchableInfo$1: java.lang.Object createFromParcel(android.os.Parcel)>",
						"<android.app.SearchableInfo$1: android.app.SearchableInfo createFromParcel(android.os.Parcel)>",
						"<android.app.SearchableInfo: void <init>(android.os.Parcel)>",
						"key field: <android.app.SearchableInfo: int mLabelId>",
						"<android.app.SearchableInfo: void <init>(android.content.Context,android.util.AttributeSet,android.content.ComponentName)>"
					],
					"depth":8,
					"method":"<android.app.WallpaperInfo$1: android.app.WallpaperInfo createFromParcel(android.os.Parcel)>",
					"source":"FIELDCALLER"
				},
				{
					"trace":[
						"<android.content.PeriodicSync$1: java.lang.Object createFromParcel(android.os.Parcel)>",
						"<android.content.PeriodicSync$1: android.content.PeriodicSync createFromParcel(android.os.Parcel)>",
						"<android.app.admin.DeviceAdminInfo$1: java.lang.Object createFromParcel(android.os.Parcel)>",
						"<android.app.admin.DeviceAdminInfo$1: android.app.admin.DeviceAdminInfo createFromParcel(android.os.Parcel)>",
						"<android.app.admin.DeviceAdminInfo: void <init>(android.os.Parcel)>",
						"<android.app.SearchableInfo$1: java.lang.Object createFromParcel(android.os.Parcel)>",
						"<android.app.SearchableInfo$1: android.app.SearchableInfo createFromParcel(android.os.Parcel)>",
						"<android.app.SearchableInfo: void <init>(android.os.Parcel)>",
						"key field: <android.app.SearchableInfo: int mLabelId>",
						"<android.app.SearchableInfo: void <init>(android.content.Context,android.util.AttributeSet,android.content.ComponentName)>"
					],
					"depth":8,
					"method":"<android.content.PeriodicSync$1: java.lang.Object createFromParcel(android.os.Parcel)>",
					"source":"FIELDCALLER"
				},
				{
					"trace":[
						"<android.net.wifi.WifiInfo$1: java.lang.Object createFromParcel(android.os.Parcel)>",
						"<android.net.wifi.WifiInfo$1: android.net.wifi.WifiInfo createFromParcel(android.os.Parcel)>",
						"<android.app.admin.DeviceAdminInfo$1: java.lang.Object createFromParcel(android.os.Parcel)>",
						"<android.app.admin.DeviceAdminInfo$1: android.app.admin.DeviceAdminInfo createFromParcel(android.os.Parcel)>",
						"<android.app.admin.DeviceAdminInfo: void <init>(android.os.Parcel)>",
						"<android.app.SearchableInfo$1: java.lang.Object createFromParcel(android.os.Parcel)>",
						"<android.app.SearchableInfo$1: android.app.SearchableInfo createFromParcel(android.os.Parcel)>",
						"<android.app.SearchableInfo: void <init>(android.os.Parcel)>",
						"key field: <android.app.SearchableInfo: int mLabelId>",
						"<android.app.SearchableInfo: void <init>(android.content.Context,android.util.AttributeSet,android.content.ComponentName)>"
					],
					"depth":8,
					"method":"<android.net.wifi.WifiInfo$1: java.lang.Object createFromParcel(android.os.Parcel)>",
					"source":"FIELDCALLER"
				},
				{
					"trace":[
						"<android.view.inputmethod.ExtractedText$1: java.lang.Object createFromParcel(android.os.Parcel)>",
						"<android.view.inputmethod.ExtractedText$1: android.view.inputmethod.ExtractedText createFromParcel(android.os.Parcel)>",
						"<android.app.admin.DeviceAdminInfo$1: java.lang.Object createFromParcel(android.os.Parcel)>",
						"<android.app.admin.DeviceAdminInfo$1: android.app.admin.DeviceAdminInfo createFromParcel(android.os.Parcel)>",
						"<android.app.admin.DeviceAdminInfo: void <init>(android.os.Parcel)>",
						"<android.app.SearchableInfo$1: java.lang.Object createFromParcel(android.os.Parcel)>",
						"<android.app.SearchableInfo$1: android.app.SearchableInfo createFromParcel(android.os.Parcel)>",
						"<android.app.SearchableInfo: void <init>(android.os.Parcel)>",
						"key field: <android.app.SearchableInfo: int mLabelId>",
						"<android.app.SearchableInfo: void <init>(android.content.Context,android.util.AttributeSet,android.content.ComponentName)>"
					],
					"depth":8,
					"method":"<android.view.inputmethod.ExtractedText$1: java.lang.Object createFromParcel(android.os.Parcel)>",
					"source":"FIELDCALLER"
				},
				{
					"trace":[
						"<android.view.inputmethod.EditorInfo$1: java.lang.Object createFromParcel(android.os.Parcel)>",
						"<android.view.inputmethod.EditorInfo$1: android.view.inputmethod.EditorInfo createFromParcel(android.os.Parcel)>",
						"<android.app.admin.DeviceAdminInfo$1: java.lang.Object createFromParcel(android.os.Parcel)>",
						"<android.app.admin.DeviceAdminInfo$1: android.app.admin.DeviceAdminInfo createFromParcel(android.os.Parcel)>",
						"<android.app.admin.DeviceAdminInfo: void <init>(android.os.Parcel)>",
						"<android.app.SearchableInfo$1: java.lang.Object createFromParcel(android.os.Parcel)>",
						"<android.app.SearchableInfo$1: android.app.SearchableInfo createFromParcel(android.os.Parcel)>",
						"<android.app.SearchableInfo: void <init>(android.os.Parcel)>",
						"key field: <android.app.SearchableInfo: int mLabelId>",
						"<android.app.SearchableInfo: void <init>(android.content.Context,android.util.AttributeSet,android.content.ComponentName)>"
					],
					"depth":8,
					"method":"<android.view.inputmethod.EditorInfo$1: java.lang.Object createFromParcel(android.os.Parcel)>",
					"source":"FIELDCALLER"
				}
			],
			"callerOfSingnlar2SourceVar":{
				"<android.app.SearchableInfo: void <init>(android.content.Context,android.util.AttributeSet,android.content.ComponentName)>":"0"
			}
		}
	]
}