{
	"exceptions":[
		{
			"method":"<android.widget.ExpandableListView: void setAdapter(android.widget.ListAdapter)>",
			"message":"\\QFor ExpandableListView, use setAdapter(ExpandableListAdapter) instead of setAdapter(ListAdapter)\\E",
			"relatedVarType":"Empty",
			"relatedCondType":"Empty",
			"modifier":"public",
			"type":"java.lang.RuntimeException",
			"osVersionRelated":false,
			"resourceRelated":false,
			"assessRelated":false,
			"hardwareRelated":false,
			"manifestRelated":false,
			"keyAPISameClassNum":0,
			"keyAPIDiffClassNum":0,
			"keyAPISameClass":[],
			"keyAPIDiffClass":[],
			"callerOfSingnlar2SourceVar":{}
		},
		{
			"method":"<android.widget.ExpandableListView: boolean setSelectedChild(int,int,boolean)>",
			"message":"\\QCould not find child\\E",
			"relatedVarType":"ParaAndField",
			"relatedCondType":"Basic",
			"modifier":"public",
			"type":"java.lang.IllegalStateException",
			"osVersionRelated":false,
			"resourceRelated":false,
			"assessRelated":false,
			"hardwareRelated":false,
			"manifestRelated":false,
			"conditions":"r6 != null, z0 != 0, r6 != null",
			"paramValues":"@parameter0: int, @parameter1: int, @parameter2: boolean",
			"fieldValues":"<android.widget.ExpandableListView: android.widget.ExpandableListConnector mConnector>",
			"relatedValues":"@parameter0: int, @parameter1: int, @parameter2: boolean; <android.widget.ExpandableListView: android.widget.ExpandableListConnector mConnector>; ",
			"keyAPISameClassNum":13,
			"keyAPIDiffClassNum":71,
			"keyAPISameClass":[
				{
					"trace":[
						"<android.widget.ExpandableListView: boolean setSelectedChild(int,int,boolean)>"
					],
					"depth":1,
					"method":"<android.widget.ExpandableListView: boolean collapseGroup(int)>",
					"source":"FIELD"
				},
				{
					"trace":[
						"<android.widget.ExpandableListView: boolean setSelectedChild(int,int,boolean)>"
					],
					"depth":1,
					"method":"<android.widget.ExpandableListView: boolean expandGroup(int)>",
					"source":"FIELD"
				},
				{
					"trace":[
						"<android.widget.ExpandableListView: boolean setSelectedChild(int,int,boolean)>"
					],
					"depth":1,
					"method":"<android.widget.ExpandableListView: long getExpandableListPosition(int)>",
					"source":"FIELD"
				},
				{
					"trace":[
						"<android.widget.ExpandableListView: boolean setSelectedChild(int,int,boolean)>"
					],
					"depth":1,
					"method":"<android.widget.ExpandableListView: int getFlatListPosition(long)>",
					"source":"FIELD"
				},
				{
					"trace":[
						"<android.widget.ExpandableListView: boolean setSelectedChild(int,int,boolean)>"
					],
					"depth":1,
					"method":"<android.widget.ExpandableListView: boolean isGroupExpanded(int)>",
					"source":"FIELD"
				},
				{
					"trace":[
						"<android.widget.ExpandableListView: boolean setSelectedChild(int,int,boolean)>"
					],
					"depth":1,
					"method":"<android.widget.ExpandableListView: void onRestoreInstanceState(android.os.Parcelable)>",
					"source":"FIELD"
				},
				{
					"trace":[
						"<android.widget.ExpandableListView: boolean setSelectedChild(int,int,boolean)>"
					],
					"depth":1,
					"method":"<android.widget.ExpandableListView: android.os.Parcelable onSaveInstanceState()>",
					"source":"FIELD"
				},
				{
					"trace":[
						"<android.widget.ExpandableListView: boolean setSelectedChild(int,int,boolean)>"
					],
					"depth":1,
					"method":"<android.widget.ExpandableListView: void setAdapter(android.widget.ExpandableListAdapter)>",
					"source":"FIELD"
				},
				{
					"trace":[
						"<android.widget.ExpandableListView: boolean setSelectedChild(int,int,boolean)>"
					],
					"depth":1,
					"method":"<android.widget.ExpandableListView: void setSelectedGroup(int)>",
					"source":"FIELD"
				},
				{
					"trace":[
						"<android.widget.ExpandableListView: boolean setSelectedChild(int,int,boolean)>",
						"<android.widget.ExpandableListView: boolean expandGroup(int)>",
						"key field: <android.widget.ExpandableListView: android.widget.ExpandableListConnector mConnector>",
						"<android.widget.ExpandableListView: boolean setSelectedChild(int,int,boolean)>"
					],
					"depth":2,
					"method":"<android.widget.ExpandableListView: boolean setSelectedChild(int,int,boolean)>",
					"source":"FIELDCALLER"
				},
				{
					"trace":[
						"<android.widget.ExpandableListView: long getSelectedPosition()>",
						"<android.widget.ExpandableListView: long getExpandableListPosition(int)>",
						"key field: <android.widget.ExpandableListView: android.widget.ExpandableListConnector mConnector>",
						"<android.widget.ExpandableListView: boolean setSelectedChild(int,int,boolean)>"
					],
					"depth":2,
					"method":"<android.widget.ExpandableListView: long getSelectedPosition()>",
					"source":"FIELDCALLER"
				},
				{
					"trace":[
						"<android.widget.ExpandableListView: boolean performItemClick(android.view.View,int,long)>",
						"<android.widget.ExpandableListView: boolean handleItemClick(android.view.View,int,long)>",
						"key field: <android.widget.ExpandableListView: android.widget.ExpandableListConnector mConnector>",
						"<android.widget.ExpandableListView: boolean setSelectedChild(int,int,boolean)>"
					],
					"depth":2,
					"method":"<android.widget.ExpandableListView: boolean performItemClick(android.view.View,int,long)>",
					"source":"FIELDCALLER"
				},
				{
					"trace":[
						"<android.widget.ExpandableListView: long getSelectedId()>",
						"<android.widget.ExpandableListView: long getSelectedPosition()>",
						"<android.widget.ExpandableListView: long getExpandableListPosition(int)>",
						"key field: <android.widget.ExpandableListView: android.widget.ExpandableListConnector mConnector>",
						"<android.widget.ExpandableListView: boolean setSelectedChild(int,int,boolean)>"
					],
					"depth":3,
					"method":"<android.widget.ExpandableListView: long getSelectedId()>",
					"source":"FIELDCALLER"
				}
			],
			"keyAPIDiffClass":[
				{
					"trace":[
						"<android.widget.AbsListView: boolean showContextMenuForChild(android.view.View)>",
						"<android.widget.ExpandableListView: android.view.ContextMenu$ContextMenuInfo createContextMenuInfo(android.view.View,int,long)>",
						"key field: <android.widget.ExpandableListView: android.widget.ExpandableListConnector mConnector>",
						"<android.widget.ExpandableListView: boolean setSelectedChild(int,int,boolean)>"
					],
					"depth":2,
					"method":"<android.widget.AbsListView: boolean showContextMenuForChild(android.view.View)>",
					"source":"FIELDCALLER"
				},
				{
					"trace":[
						"<android.app.ExpandableListActivity: void setSelectedGroup(int)>",
						"<android.widget.ExpandableListView: void setSelectedGroup(int)>",
						"key field: <android.widget.ExpandableListView: android.widget.ExpandableListConnector mConnector>",
						"<android.widget.ExpandableListView: boolean setSelectedChild(int,int,boolean)>"
					],
					"depth":2,
					"method":"<android.app.ExpandableListActivity: void setSelectedGroup(int)>",
					"source":"FIELDCALLER"
				},
				{
					"trace":[
						"<android.view.ViewGroup: boolean showContextMenuForChild(android.view.View)>",
						"<android.widget.AbsListView: boolean showContextMenuForChild(android.view.View)>",
						"<android.widget.ExpandableListView: android.view.ContextMenu$ContextMenuInfo createContextMenuInfo(android.view.View,int,long)>",
						"key field: <android.widget.ExpandableListView: android.widget.ExpandableListConnector mConnector>",
						"<android.widget.ExpandableListView: boolean setSelectedChild(int,int,boolean)>"
					],
					"depth":3,
					"method":"<android.view.ViewGroup: boolean showContextMenuForChild(android.view.View)>",
					"source":"FIELDCALLER"
				},
				{
					"trace":[
						"<android.view.ViewParent: boolean showContextMenuForChild(android.view.View)>",
						"<android.widget.AbsListView: boolean showContextMenuForChild(android.view.View)>",
						"<android.widget.ExpandableListView: android.view.ContextMenu$ContextMenuInfo createContextMenuInfo(android.view.View,int,long)>",
						"key field: <android.widget.ExpandableListView: android.widget.ExpandableListConnector mConnector>",
						"<android.widget.ExpandableListView: boolean setSelectedChild(int,int,boolean)>"
					],
					"depth":3,
					"method":"<android.view.ViewParent: boolean showContextMenuForChild(android.view.View)>",
					"source":"FIELDCALLER"
				},
				{
					"trace":[
						"<android.app.ExpandableListActivity: boolean setSelectedChild(int,int,boolean)>",
						"<android.widget.ExpandableListView: boolean setSelectedChild(int,int,boolean)>",
						"<android.widget.ExpandableListView: boolean expandGroup(int)>",
						"key field: <android.widget.ExpandableListView: android.widget.ExpandableListConnector mConnector>",
						"<android.widget.ExpandableListView: boolean setSelectedChild(int,int,boolean)>"
					],
					"depth":3,
					"method":"<android.app.ExpandableListActivity: boolean setSelectedChild(int,int,boolean)>",
					"source":"FIELDCALLER"
				},
				{
					"trace":[
						"<android.app.ExpandableListActivity: long getSelectedPosition()>",
						"<android.widget.ExpandableListView: long getSelectedPosition()>",
						"<android.widget.ExpandableListView: long getExpandableListPosition(int)>",
						"key field: <android.widget.ExpandableListView: android.widget.ExpandableListConnector mConnector>",
						"<android.widget.ExpandableListView: boolean setSelectedChild(int,int,boolean)>"
					],
					"depth":3,
					"method":"<android.app.ExpandableListActivity: long getSelectedPosition()>",
					"source":"FIELDCALLER"
				},
				{
					"trace":[
						"<android.widget.AbsListView$PerformClick: void run()>",
						"<android.widget.ExpandableListView: boolean performItemClick(android.view.View,int,long)>",
						"<android.widget.ExpandableListView: boolean handleItemClick(android.view.View,int,long)>",
						"key field: <android.widget.ExpandableListView: android.widget.ExpandableListConnector mConnector>",
						"<android.widget.ExpandableListView: boolean setSelectedChild(int,int,boolean)>"
					],
					"depth":3,
					"method":"<android.widget.AbsListView$PerformClick: void run()>",
					"source":"FIELDCALLER"
				},
				{
					"trace":[
						"<android.widget.AbsListView: boolean onKeyUp(int,android.view.KeyEvent)>",
						"<android.widget.ExpandableListView: boolean performItemClick(android.view.View,int,long)>",
						"<android.widget.ExpandableListView: boolean handleItemClick(android.view.View,int,long)>",
						"key field: <android.widget.ExpandableListView: android.widget.ExpandableListConnector mConnector>",
						"<android.widget.ExpandableListView: boolean setSelectedChild(int,int,boolean)>"
					],
					"depth":3,
					"method":"<android.widget.AbsListView: boolean onKeyUp(int,android.view.KeyEvent)>",
					"source":"FIELDCALLER"
				},
				{
					"trace":[
						"<android.widget.AdapterView$AdapterDataSetObserver: void onChanged()>",
						"<android.widget.AdapterView: void access$000(android.widget.AdapterView,android.os.Parcelable)>",
						"<android.widget.ExpandableListView: void onRestoreInstanceState(android.os.Parcelable)>",
						"key field: <android.widget.ExpandableListView: android.widget.ExpandableListConnector mConnector>",
						"<android.widget.ExpandableListView: boolean setSelectedChild(int,int,boolean)>"
					],
					"depth":3,
					"method":"<android.widget.AdapterView$AdapterDataSetObserver: void onChanged()>",
					"source":"FIELDCALLER"
				},
				{
					"trace":[
						"<android.widget.AdapterView$AdapterDataSetObserver: void onInvalidated()>",
						"<android.widget.AdapterView: android.os.Parcelable access$100(android.widget.AdapterView)>",
						"<android.widget.ExpandableListView: android.os.Parcelable onSaveInstanceState()>",
						"key field: <android.widget.ExpandableListView: android.widget.ExpandableListConnector mConnector>",
						"<android.widget.ExpandableListView: boolean setSelectedChild(int,int,boolean)>"
					],
					"depth":3,
					"method":"<android.widget.AdapterView$AdapterDataSetObserver: void onInvalidated()>",
					"source":"FIELDCALLER"
				},
				{
					"trace":[
						"<android.widget.AbsListView$CheckForKeyLongPress: void run()>",
						"<android.widget.AbsListView: boolean access$600(android.widget.AbsListView,android.view.View,int,long)>",
						"<android.widget.AbsListView: boolean performLongPress(android.view.View,int,long)>",
						"<android.widget.ExpandableListView: android.view.ContextMenu$ContextMenuInfo createContextMenuInfo(android.view.View,int,long)>",
						"key field: <android.widget.ExpandableListView: android.widget.ExpandableListConnector mConnector>",
						"<android.widget.ExpandableListView: boolean setSelectedChild(int,int,boolean)>"
					],
					"depth":4,
					"method":"<android.widget.AbsListView$CheckForKeyLongPress: void run()>",
					"source":"FIELDCALLER"
				},
				{
					"trace":[
						"<java.lang.Runnable: void run()>",
						"<android.widget.AbsListView: boolean access$600(android.widget.AbsListView,android.view.View,int,long)>",
						"<android.widget.AbsListView: boolean performLongPress(android.view.View,int,long)>",
						"<android.widget.ExpandableListView: android.view.ContextMenu$ContextMenuInfo createContextMenuInfo(android.view.View,int,long)>",
						"key field: <android.widget.ExpandableListView: android.widget.ExpandableListConnector mConnector>",
						"<android.widget.ExpandableListView: boolean setSelectedChild(int,int,boolean)>"
					],
					"depth":4,
					"method":"<java.lang.Runnable: void run()>",
					"source":"FIELDCALLER"
				},
				{
					"trace":[
						"<android.widget.AbsListView$CheckForLongPress: void run()>",
						"<android.widget.AbsListView: boolean access$600(android.widget.AbsListView,android.view.View,int,long)>",
						"<android.widget.AbsListView: boolean performLongPress(android.view.View,int,long)>",
						"<android.widget.ExpandableListView: android.view.ContextMenu$ContextMenuInfo createContextMenuInfo(android.view.View,int,long)>",
						"key field: <android.widget.ExpandableListView: android.widget.ExpandableListConnector mConnector>",
						"<android.widget.ExpandableListView: boolean setSelectedChild(int,int,boolean)>"
					],
					"depth":4,
					"method":"<android.widget.AbsListView$CheckForLongPress: void run()>",
					"source":"FIELDCALLER"
				},
				{
					"trace":[
						"<android.app.ExpandableListActivity: long getSelectedId()>",
						"<android.widget.ExpandableListView: long getSelectedId()>",
						"<android.widget.ExpandableListView: long getSelectedPosition()>",
						"<android.widget.ExpandableListView: long getExpandableListPosition(int)>",
						"key field: <android.widget.ExpandableListView: android.widget.ExpandableListConnector mConnector>",
						"<android.widget.ExpandableListView: boolean setSelectedChild(int,int,boolean)>"
					],
					"depth":4,
					"method":"<android.app.ExpandableListActivity: long getSelectedId()>",
					"source":"FIELDCALLER"
				},
				{
					"trace":[
						"<android.widget.AbsListView$1: void run()>",
						"<android.widget.AbsListView$PerformClick: void run()>",
						"<android.widget.ExpandableListView: boolean performItemClick(android.view.View,int,long)>",
						"<android.widget.ExpandableListView: boolean handleItemClick(android.view.View,int,long)>",
						"key field: <android.widget.ExpandableListView: android.widget.ExpandableListConnector mConnector>",
						"<android.widget.ExpandableListView: boolean setSelectedChild(int,int,boolean)>"
					],
					"depth":4,
					"method":"<android.widget.AbsListView$1: void run()>",
					"source":"FIELDCALLER"
				},
				{
					"trace":[
						"<android.widget.ListView: boolean removeHeaderView(android.view.View)>",
						"<android.widget.AdapterView$AdapterDataSetObserver: void onChanged()>",
						"<android.widget.AdapterView: void access$000(android.widget.AdapterView,android.os.Parcelable)>",
						"<android.widget.ExpandableListView: void onRestoreInstanceState(android.os.Parcelable)>",
						"key field: <android.widget.ExpandableListView: android.widget.ExpandableListConnector mConnector>",
						"<android.widget.ExpandableListView: boolean setSelectedChild(int,int,boolean)>"
					],
					"depth":4,
					"method":"<android.widget.ListView: boolean removeHeaderView(android.view.View)>",
					"source":"FIELDCALLER"
				},
				{
					"trace":[
						"<android.widget.ListView: boolean removeFooterView(android.view.View)>",
						"<android.widget.AdapterView$AdapterDataSetObserver: void onChanged()>",
						"<android.widget.AdapterView: void access$000(android.widget.AdapterView,android.os.Parcelable)>",
						"<android.widget.ExpandableListView: void onRestoreInstanceState(android.os.Parcelable)>",
						"key field: <android.widget.ExpandableListView: android.widget.ExpandableListConnector mConnector>",
						"<android.widget.ExpandableListView: boolean setSelectedChild(int,int,boolean)>"
					],
					"depth":4,
					"method":"<android.widget.ListView: boolean removeFooterView(android.view.View)>",
					"source":"FIELDCALLER"
				},
				{
					"trace":[
						"<android.widget.ListView: void addFooterView(android.view.View,java.lang.Object,boolean)>",
						"<android.widget.AdapterView$AdapterDataSetObserver: void onChanged()>",
						"<android.widget.AdapterView: void access$000(android.widget.AdapterView,android.os.Parcelable)>",
						"<android.widget.ExpandableListView: void onRestoreInstanceState(android.os.Parcelable)>",
						"key field: <android.widget.ExpandableListView: android.widget.ExpandableListConnector mConnector>",
						"<android.widget.ExpandableListView: boolean setSelectedChild(int,int,boolean)>"
					],
					"depth":4,
					"method":"<android.widget.ListView: void addFooterView(android.view.View,java.lang.Object,boolean)>",
					"source":"FIELDCALLER"
				},
				{
					"trace":[
						"<android.widget.AutoCompleteTextView: void showDropDownAfterLayout()>",
						"<android.widget.AbsListView$CheckForKeyLongPress: void run()>",
						"<android.widget.AbsListView: boolean access$600(android.widget.AbsListView,android.view.View,int,long)>",
						"<android.widget.AbsListView: boolean performLongPress(android.view.View,int,long)>",
						"<android.widget.ExpandableListView: android.view.ContextMenu$ContextMenuInfo createContextMenuInfo(android.view.View,int,long)>",
						"key field: <android.widget.ExpandableListView: android.widget.ExpandableListConnector mConnector>",
						"<android.widget.ExpandableListView: boolean setSelectedChild(int,int,boolean)>"
					],
					"depth":5,
					"method":"<android.widget.AutoCompleteTextView: void showDropDownAfterLayout()>",
					"source":"FIELDCALLER"
				},
				{
					"trace":[
						"<android.widget.Gallery: boolean onScroll(android.view.MotionEvent,android.view.MotionEvent,float,float)>",
						"<android.widget.AbsListView$CheckForKeyLongPress: void run()>",
						"<android.widget.AbsListView: boolean access$600(android.widget.AbsListView,android.view.View,int,long)>",
						"<android.widget.AbsListView: boolean performLongPress(android.view.View,int,long)>",
						"<android.widget.ExpandableListView: android.view.ContextMenu$ContextMenuInfo createContextMenuInfo(android.view.View,int,long)>",
						"key field: <android.widget.ExpandableListView: android.widget.ExpandableListConnector mConnector>",
						"<android.widget.ExpandableListView: boolean setSelectedChild(int,int,boolean)>"
					],
					"depth":5,
					"method":"<android.widget.Gallery: boolean onScroll(android.view.MotionEvent,android.view.MotionEvent,float,float)>",
					"source":"FIELDCALLER"
				},
				{
					"trace":[
						"<android.view.GestureDetector$OnGestureListener: boolean onScroll(android.view.MotionEvent,android.view.MotionEvent,float,float)>",
						"<android.widget.AbsListView$CheckForKeyLongPress: void run()>",
						"<android.widget.AbsListView: boolean access$600(android.widget.AbsListView,android.view.View,int,long)>",
						"<android.widget.AbsListView: boolean performLongPress(android.view.View,int,long)>",
						"<android.widget.ExpandableListView: android.view.ContextMenu$ContextMenuInfo createContextMenuInfo(android.view.View,int,long)>",
						"key field: <android.widget.ExpandableListView: android.widget.ExpandableListConnector mConnector>",
						"<android.widget.ExpandableListView: boolean setSelectedChild(int,int,boolean)>"
					],
					"depth":5,
					"method":"<android.view.GestureDetector$OnGestureListener: boolean onScroll(android.view.MotionEvent,android.view.MotionEvent,float,float)>",
					"source":"FIELDCALLER"
				},
				{
					"trace":[
						"<android.widget.AutoCompleteTextView$PopupScrollListener: void onScrollStateChanged(android.widget.AbsListView,int)>",
						"<android.widget.AbsListView$CheckForKeyLongPress: void run()>",
						"<android.widget.AbsListView: boolean access$600(android.widget.AbsListView,android.view.View,int,long)>",
						"<android.widget.AbsListView: boolean performLongPress(android.view.View,int,long)>",
						"<android.widget.ExpandableListView: android.view.ContextMenu$ContextMenuInfo createContextMenuInfo(android.view.View,int,long)>",
						"key field: <android.widget.ExpandableListView: android.widget.ExpandableListConnector mConnector>",
						"<android.widget.ExpandableListView: boolean setSelectedChild(int,int,boolean)>"
					],
					"depth":5,
					"method":"<android.widget.AutoCompleteTextView$PopupScrollListener: void onScrollStateChanged(android.widget.AbsListView,int)>",
					"source":"FIELDCALLER"
				},
				{
					"trace":[
						"<android.widget.AbsListView$OnScrollListener: void onScrollStateChanged(android.widget.AbsListView,int)>",
						"<android.widget.AbsListView$CheckForKeyLongPress: void run()>",
						"<android.widget.AbsListView: boolean access$600(android.widget.AbsListView,android.view.View,int,long)>",
						"<android.widget.AbsListView: boolean performLongPress(android.view.View,int,long)>",
						"<android.widget.ExpandableListView: android.view.ContextMenu$ContextMenuInfo createContextMenuInfo(android.view.View,int,long)>",
						"key field: <android.widget.ExpandableListView: android.widget.ExpandableListConnector mConnector>",
						"<android.widget.ExpandableListView: boolean setSelectedChild(int,int,boolean)>"
					],
					"depth":5,
					"method":"<android.widget.AbsListView$OnScrollListener: void onScrollStateChanged(android.widget.AbsListView,int)>",
					"source":"FIELDCALLER"
				},
				{
					"trace":[
						"<android.widget.Toast$TN: void hide()>",
						"<android.widget.AbsListView$CheckForKeyLongPress: void run()>",
						"<android.widget.AbsListView: boolean access$600(android.widget.AbsListView,android.view.View,int,long)>",
						"<android.widget.AbsListView: boolean performLongPress(android.view.View,int,long)>",
						"<android.widget.ExpandableListView: android.view.ContextMenu$ContextMenuInfo createContextMenuInfo(android.view.View,int,long)>",
						"key field: <android.widget.ExpandableListView: android.widget.ExpandableListConnector mConnector>",
						"<android.widget.ExpandableListView: boolean setSelectedChild(int,int,boolean)>"
					],
					"depth":5,
					"method":"<android.widget.Toast$TN: void hide()>",
					"source":"FIELDCALLER"
				},
				{
					"trace":[
						"<android.widget.Toast$TN: void show()>",
						"<android.widget.AbsListView$CheckForKeyLongPress: void run()>",
						"<android.widget.AbsListView: boolean access$600(android.widget.AbsListView,android.view.View,int,long)>",
						"<android.widget.AbsListView: boolean performLongPress(android.view.View,int,long)>",
						"<android.widget.ExpandableListView: android.view.ContextMenu$ContextMenuInfo createContextMenuInfo(android.view.View,int,long)>",
						"key field: <android.widget.ExpandableListView: android.widget.ExpandableListConnector mConnector>",
						"<android.widget.ExpandableListView: boolean setSelectedChild(int,int,boolean)>"
					],
					"depth":5,
					"method":"<android.widget.Toast$TN: void show()>",
					"source":"FIELDCALLER"
				},
				{
					"trace":[
						"<android.widget.NumberPicker$5: boolean onLongClick(android.view.View)>",
						"<android.widget.AbsListView$CheckForKeyLongPress: void run()>",
						"<android.widget.AbsListView: boolean access$600(android.widget.AbsListView,android.view.View,int,long)>",
						"<android.widget.AbsListView: boolean performLongPress(android.view.View,int,long)>",
						"<android.widget.ExpandableListView: android.view.ContextMenu$ContextMenuInfo createContextMenuInfo(android.view.View,int,long)>",
						"key field: <android.widget.ExpandableListView: android.widget.ExpandableListConnector mConnector>",
						"<android.widget.ExpandableListView: boolean setSelectedChild(int,int,boolean)>"
					],
					"depth":5,
					"method":"<android.widget.NumberPicker$5: boolean onLongClick(android.view.View)>",
					"source":"FIELDCALLER"
				},
				{
					"trace":[
						"<android.view.View$OnLongClickListener: boolean onLongClick(android.view.View)>",
						"<android.widget.AbsListView$CheckForKeyLongPress: void run()>",
						"<android.widget.AbsListView: boolean access$600(android.widget.AbsListView,android.view.View,int,long)>",
						"<android.widget.AbsListView: boolean performLongPress(android.view.View,int,long)>",
						"<android.widget.ExpandableListView: android.view.ContextMenu$ContextMenuInfo createContextMenuInfo(android.view.View,int,long)>",
						"key field: <android.widget.ExpandableListView: android.widget.ExpandableListConnector mConnector>",
						"<android.widget.ExpandableListView: boolean setSelectedChild(int,int,boolean)>"
					],
					"depth":5,
					"method":"<android.view.View$OnLongClickListener: boolean onLongClick(android.view.View)>",
					"source":"FIELDCALLER"
				},
				{
					"trace":[
						"<android.widget.ZoomButton: boolean onLongClick(android.view.View)>",
						"<android.widget.AbsListView$CheckForKeyLongPress: void run()>",
						"<android.widget.AbsListView: boolean access$600(android.widget.AbsListView,android.view.View,int,long)>",
						"<android.widget.AbsListView: boolean performLongPress(android.view.View,int,long)>",
						"<android.widget.ExpandableListView: android.view.ContextMenu$ContextMenuInfo createContextMenuInfo(android.view.View,int,long)>",
						"key field: <android.widget.ExpandableListView: android.widget.ExpandableListConnector mConnector>",
						"<android.widget.ExpandableListView: boolean setSelectedChild(int,int,boolean)>"
					],
					"depth":5,
					"method":"<android.widget.ZoomButton: boolean onLongClick(android.view.View)>",
					"source":"FIELDCALLER"
				},
				{
					"trace":[
						"<android.widget.AutoCompleteTextView$PopupTouchInterceptor: boolean onTouch(android.view.View,android.view.MotionEvent)>",
						"<android.widget.AbsListView$CheckForKeyLongPress: void run()>",
						"<android.widget.AbsListView: boolean access$600(android.widget.AbsListView,android.view.View,int,long)>",
						"<android.widget.AbsListView: boolean performLongPress(android.view.View,int,long)>",
						"<android.widget.ExpandableListView: android.view.ContextMenu$ContextMenuInfo createContextMenuInfo(android.view.View,int,long)>",
						"key field: <android.widget.ExpandableListView: android.widget.ExpandableListConnector mConnector>",
						"<android.widget.ExpandableListView: boolean setSelectedChild(int,int,boolean)>"
					],
					"depth":5,
					"method":"<android.widget.AutoCompleteTextView$PopupTouchInterceptor: boolean onTouch(android.view.View,android.view.MotionEvent)>",
					"source":"FIELDCALLER"
				},
				{
					"trace":[
						"<android.view.View$OnTouchListener: boolean onTouch(android.view.View,android.view.MotionEvent)>",
						"<android.widget.AbsListView$CheckForKeyLongPress: void run()>",
						"<android.widget.AbsListView: boolean access$600(android.widget.AbsListView,android.view.View,int,long)>",
						"<android.widget.AbsListView: boolean performLongPress(android.view.View,int,long)>",
						"<android.widget.ExpandableListView: android.view.ContextMenu$ContextMenuInfo createContextMenuInfo(android.view.View,int,long)>",
						"key field: <android.widget.ExpandableListView: android.widget.ExpandableListConnector mConnector>",
						"<android.widget.ExpandableListView: boolean setSelectedChild(int,int,boolean)>"
					],
					"depth":5,
					"method":"<android.view.View$OnTouchListener: boolean onTouch(android.view.View,android.view.MotionEvent)>",
					"source":"FIELDCALLER"
				},
				{
					"trace":[
						"<android.webkit.WebView$8: void run()>",
						"<android.widget.AbsListView$CheckForKeyLongPress: void run()>",
						"<android.widget.AbsListView: boolean access$600(android.widget.AbsListView,android.view.View,int,long)>",
						"<android.widget.AbsListView: boolean performLongPress(android.view.View,int,long)>",
						"<android.widget.ExpandableListView: android.view.ContextMenu$ContextMenuInfo createContextMenuInfo(android.view.View,int,long)>",
						"key field: <android.widget.ExpandableListView: android.widget.ExpandableListConnector mConnector>",
						"<android.widget.ExpandableListView: boolean setSelectedChild(int,int,boolean)>"
					],
					"depth":5,
					"method":"<android.webkit.WebView$8: void run()>",
					"source":"FIELDCALLER"
				},
				{
					"trace":[
						"<android.widget.AbsListView$CheckForTap: void run()>",
						"<android.widget.AbsListView$CheckForLongPress: void run()>",
						"<android.widget.AbsListView: boolean access$600(android.widget.AbsListView,android.view.View,int,long)>",
						"<android.widget.AbsListView: boolean performLongPress(android.view.View,int,long)>",
						"<android.widget.ExpandableListView: android.view.ContextMenu$ContextMenuInfo createContextMenuInfo(android.view.View,int,long)>",
						"key field: <android.widget.ExpandableListView: android.widget.ExpandableListConnector mConnector>",
						"<android.widget.ExpandableListView: boolean setSelectedChild(int,int,boolean)>"
					],
					"depth":5,
					"method":"<android.widget.AbsListView$CheckForTap: void run()>",
					"source":"FIELDCALLER"
				},
				{
					"trace":[
						"<android.widget.Gallery: void onLongPress(android.view.MotionEvent)>",
						"<android.widget.Gallery: boolean dispatchLongPress(android.view.View,int,long)>",
						"<android.view.ViewGroup: boolean showContextMenuForChild(android.view.View)>",
						"<android.widget.AbsListView: boolean showContextMenuForChild(android.view.View)>",
						"<android.widget.ExpandableListView: android.view.ContextMenu$ContextMenuInfo createContextMenuInfo(android.view.View,int,long)>",
						"key field: <android.widget.ExpandableListView: android.widget.ExpandableListConnector mConnector>",
						"<android.widget.ExpandableListView: boolean setSelectedChild(int,int,boolean)>"
					],
					"depth":5,
					"method":"<android.widget.Gallery: void onLongPress(android.view.MotionEvent)>",
					"source":"FIELDCALLER"
				},
				{
					"trace":[
						"<android.view.GestureDetector$OnGestureListener: void onLongPress(android.view.MotionEvent)>",
						"<android.widget.Gallery: boolean dispatchLongPress(android.view.View,int,long)>",
						"<android.view.ViewGroup: boolean showContextMenuForChild(android.view.View)>",
						"<android.widget.AbsListView: boolean showContextMenuForChild(android.view.View)>",
						"<android.widget.ExpandableListView: android.view.ContextMenu$ContextMenuInfo createContextMenuInfo(android.view.View,int,long)>",
						"key field: <android.widget.ExpandableListView: android.widget.ExpandableListConnector mConnector>",
						"<android.widget.ExpandableListView: boolean setSelectedChild(int,int,boolean)>"
					],
					"depth":5,
					"method":"<android.view.GestureDetector$OnGestureListener: void onLongPress(android.view.MotionEvent)>",
					"source":"FIELDCALLER"
				},
				{
					"trace":[
						"<android.widget.Gallery: boolean showContextMenuForChild(android.view.View)>",
						"<android.widget.Gallery: boolean dispatchLongPress(android.view.View,int,long)>",
						"<android.view.ViewGroup: boolean showContextMenuForChild(android.view.View)>",
						"<android.widget.AbsListView: boolean showContextMenuForChild(android.view.View)>",
						"<android.widget.ExpandableListView: android.view.ContextMenu$ContextMenuInfo createContextMenuInfo(android.view.View,int,long)>",
						"key field: <android.widget.ExpandableListView: android.widget.ExpandableListConnector mConnector>",
						"<android.widget.ExpandableListView: boolean setSelectedChild(int,int,boolean)>"
					],
					"depth":5,
					"method":"<android.widget.Gallery: boolean showContextMenuForChild(android.view.View)>",
					"source":"FIELDCALLER"
				},
				{
					"trace":[
						"<android.widget.Gallery: boolean showContextMenu()>",
						"<android.widget.Gallery: boolean dispatchLongPress(android.view.View,int,long)>",
						"<android.view.ViewGroup: boolean showContextMenuForChild(android.view.View)>",
						"<android.widget.AbsListView: boolean showContextMenuForChild(android.view.View)>",
						"<android.widget.ExpandableListView: android.view.ContextMenu$ContextMenuInfo createContextMenuInfo(android.view.View,int,long)>",
						"key field: <android.widget.ExpandableListView: android.widget.ExpandableListConnector mConnector>",
						"<android.widget.ExpandableListView: boolean setSelectedChild(int,int,boolean)>"
					],
					"depth":5,
					"method":"<android.widget.Gallery: boolean showContextMenu()>",
					"source":"FIELDCALLER"
				},
				{
					"trace":[
						"<android.widget.ListView: void addFooterView(android.view.View)>",
						"<android.widget.ListView: void addFooterView(android.view.View,java.lang.Object,boolean)>",
						"<android.widget.AdapterView$AdapterDataSetObserver: void onChanged()>",
						"<android.widget.AdapterView: void access$000(android.widget.AdapterView,android.os.Parcelable)>",
						"<android.widget.ExpandableListView: void onRestoreInstanceState(android.os.Parcelable)>",
						"key field: <android.widget.ExpandableListView: android.widget.ExpandableListConnector mConnector>",
						"<android.widget.ExpandableListView: boolean setSelectedChild(int,int,boolean)>"
					],
					"depth":5,
					"method":"<android.widget.ListView: void addFooterView(android.view.View)>",
					"source":"FIELDCALLER"
				},
				{
					"trace":[
						"<android.widget.Toast: void cancel()>",
						"<android.widget.Toast$TN: void hide()>",
						"<android.widget.AbsListView$CheckForKeyLongPress: void run()>",
						"<android.widget.AbsListView: boolean access$600(android.widget.AbsListView,android.view.View,int,long)>",
						"<android.widget.AbsListView: boolean performLongPress(android.view.View,int,long)>",
						"<android.widget.ExpandableListView: android.view.ContextMenu$ContextMenuInfo createContextMenuInfo(android.view.View,int,long)>",
						"key field: <android.widget.ExpandableListView: android.widget.ExpandableListConnector mConnector>",
						"<android.widget.ExpandableListView: boolean setSelectedChild(int,int,boolean)>"
					],
					"depth":6,
					"method":"<android.widget.Toast: void cancel()>",
					"source":"FIELDCALLER"
				},
				{
					"trace":[
						"<android.widget.AbsListView: void setScrollingCacheEnabled(boolean)>",
						"<android.widget.AbsListView: void clearScrollingCache()>",
						"<android.widget.AbsListView$CheckForKeyLongPress: void run()>",
						"<android.widget.AbsListView: boolean access$600(android.widget.AbsListView,android.view.View,int,long)>",
						"<android.widget.AbsListView: boolean performLongPress(android.view.View,int,long)>",
						"<android.widget.ExpandableListView: android.view.ContextMenu$ContextMenuInfo createContextMenuInfo(android.view.View,int,long)>",
						"key field: <android.widget.ExpandableListView: android.widget.ExpandableListConnector mConnector>",
						"<android.widget.ExpandableListView: boolean setSelectedChild(int,int,boolean)>"
					],
					"depth":6,
					"method":"<android.widget.AbsListView: void setScrollingCacheEnabled(boolean)>",
					"source":"FIELDCALLER"
				},
				{
					"trace":[
						"<android.widget.PopupWindow$PopupViewContainer: boolean dispatchTouchEvent(android.view.MotionEvent)>",
						"<android.widget.AutoCompleteTextView$PopupTouchInterceptor: boolean onTouch(android.view.View,android.view.MotionEvent)>",
						"<android.widget.AbsListView$CheckForKeyLongPress: void run()>",
						"<android.widget.AbsListView: boolean access$600(android.widget.AbsListView,android.view.View,int,long)>",
						"<android.widget.AbsListView: boolean performLongPress(android.view.View,int,long)>",
						"<android.widget.ExpandableListView: android.view.ContextMenu$ContextMenuInfo createContextMenuInfo(android.view.View,int,long)>",
						"key field: <android.widget.ExpandableListView: android.widget.ExpandableListConnector mConnector>",
						"<android.widget.ExpandableListView: boolean setSelectedChild(int,int,boolean)>"
					],
					"depth":6,
					"method":"<android.widget.PopupWindow$PopupViewContainer: boolean dispatchTouchEvent(android.view.MotionEvent)>",
					"source":"FIELDCALLER"
				},
				{
					"trace":[
						"<android.test.InstrumentationTestCase$1: void run()>",
						"<android.webkit.WebView$8: void run()>",
						"<android.widget.AbsListView$CheckForKeyLongPress: void run()>",
						"<android.widget.AbsListView: boolean access$600(android.widget.AbsListView,android.view.View,int,long)>",
						"<android.widget.AbsListView: boolean performLongPress(android.view.View,int,long)>",
						"<android.widget.ExpandableListView: android.view.ContextMenu$ContextMenuInfo createContextMenuInfo(android.view.View,int,long)>",
						"key field: <android.widget.ExpandableListView: android.widget.ExpandableListConnector mConnector>",
						"<android.widget.ExpandableListView: boolean setSelectedChild(int,int,boolean)>"
					],
					"depth":6,
					"method":"<android.test.InstrumentationTestCase$1: void run()>",
					"source":"FIELDCALLER"
				},
				{
					"trace":[
						"<android.widget.ListView: boolean onKeyDown(int,android.view.KeyEvent)>",
						"<android.widget.ListView: boolean commonKey(int,int,android.view.KeyEvent)>",
						"<android.widget.AbsListView: void keyPressed()>",
						"<android.widget.AbsListView$CheckForKeyLongPress: void run()>",
						"<android.widget.AbsListView: boolean access$600(android.widget.AbsListView,android.view.View,int,long)>",
						"<android.widget.AbsListView: boolean performLongPress(android.view.View,int,long)>",
						"<android.widget.ExpandableListView: android.view.ContextMenu$ContextMenuInfo createContextMenuInfo(android.view.View,int,long)>",
						"key field: <android.widget.ExpandableListView: android.widget.ExpandableListConnector mConnector>",
						"<android.widget.ExpandableListView: boolean setSelectedChild(int,int,boolean)>"
					],
					"depth":7,
					"method":"<android.widget.ListView: boolean onKeyDown(int,android.view.KeyEvent)>",
					"source":"FIELDCALLER"
				},
				{
					"trace":[
						"<android.widget.ListView: boolean onKeyMultiple(int,int,android.view.KeyEvent)>",
						"<android.widget.ListView: boolean commonKey(int,int,android.view.KeyEvent)>",
						"<android.widget.AbsListView: void keyPressed()>",
						"<android.widget.AbsListView$CheckForKeyLongPress: void run()>",
						"<android.widget.AbsListView: boolean access$600(android.widget.AbsListView,android.view.View,int,long)>",
						"<android.widget.AbsListView: boolean performLongPress(android.view.View,int,long)>",
						"<android.widget.ExpandableListView: android.view.ContextMenu$ContextMenuInfo createContextMenuInfo(android.view.View,int,long)>",
						"key field: <android.widget.ExpandableListView: android.widget.ExpandableListConnector mConnector>",
						"<android.widget.ExpandableListView: boolean setSelectedChild(int,int,boolean)>"
					],
					"depth":7,
					"method":"<android.widget.ListView: boolean onKeyMultiple(int,int,android.view.KeyEvent)>",
					"source":"FIELDCALLER"
				},
				{
					"trace":[
						"<android.widget.ListView: boolean onKeyUp(int,android.view.KeyEvent)>",
						"<android.widget.ListView: boolean commonKey(int,int,android.view.KeyEvent)>",
						"<android.widget.AbsListView: void keyPressed()>",
						"<android.widget.AbsListView$CheckForKeyLongPress: void run()>",
						"<android.widget.AbsListView: boolean access$600(android.widget.AbsListView,android.view.View,int,long)>",
						"<android.widget.AbsListView: boolean performLongPress(android.view.View,int,long)>",
						"<android.widget.ExpandableListView: android.view.ContextMenu$ContextMenuInfo createContextMenuInfo(android.view.View,int,long)>",
						"key field: <android.widget.ExpandableListView: android.widget.ExpandableListConnector mConnector>",
						"<android.widget.ExpandableListView: boolean setSelectedChild(int,int,boolean)>"
					],
					"depth":7,
					"method":"<android.widget.ListView: boolean onKeyUp(int,android.view.KeyEvent)>",
					"source":"FIELDCALLER"
				},
				{
					"trace":[
						"<android.widget.GridView: boolean onKeyDown(int,android.view.KeyEvent)>",
						"<android.widget.GridView: boolean commonKey(int,int,android.view.KeyEvent)>",
						"<android.widget.AbsListView: void keyPressed()>",
						"<android.widget.AbsListView$CheckForKeyLongPress: void run()>",
						"<android.widget.AbsListView: boolean access$600(android.widget.AbsListView,android.view.View,int,long)>",
						"<android.widget.AbsListView: boolean performLongPress(android.view.View,int,long)>",
						"<android.widget.ExpandableListView: android.view.ContextMenu$ContextMenuInfo createContextMenuInfo(android.view.View,int,long)>",
						"key field: <android.widget.ExpandableListView: android.widget.ExpandableListConnector mConnector>",
						"<android.widget.ExpandableListView: boolean setSelectedChild(int,int,boolean)>"
					],
					"depth":7,
					"method":"<android.widget.GridView: boolean onKeyDown(int,android.view.KeyEvent)>",
					"source":"FIELDCALLER"
				},
				{
					"trace":[
						"<android.widget.GridView: boolean onKeyMultiple(int,int,android.view.KeyEvent)>",
						"<android.widget.GridView: boolean commonKey(int,int,android.view.KeyEvent)>",
						"<android.widget.AbsListView: void keyPressed()>",
						"<android.widget.AbsListView$CheckForKeyLongPress: void run()>",
						"<android.widget.AbsListView: boolean access$600(android.widget.AbsListView,android.view.View,int,long)>",
						"<android.widget.AbsListView: boolean performLongPress(android.view.View,int,long)>",
						"<android.widget.ExpandableListView: android.view.ContextMenu$ContextMenuInfo createContextMenuInfo(android.view.View,int,long)>",
						"key field: <android.widget.ExpandableListView: android.widget.ExpandableListConnector mConnector>",
						"<android.widget.ExpandableListView: boolean setSelectedChild(int,int,boolean)>"
					],
					"depth":7,
					"method":"<android.widget.GridView: boolean onKeyMultiple(int,int,android.view.KeyEvent)>",
					"source":"FIELDCALLER"
				},
				{
					"trace":[
						"<android.widget.GridView: boolean onKeyUp(int,android.view.KeyEvent)>",
						"<android.widget.GridView: boolean commonKey(int,int,android.view.KeyEvent)>",
						"<android.widget.AbsListView: void keyPressed()>",
						"<android.widget.AbsListView$CheckForKeyLongPress: void run()>",
						"<android.widget.AbsListView: boolean access$600(android.widget.AbsListView,android.view.View,int,long)>",
						"<android.widget.AbsListView: boolean performLongPress(android.view.View,int,long)>",
						"<android.widget.ExpandableListView: android.view.ContextMenu$ContextMenuInfo createContextMenuInfo(android.view.View,int,long)>",
						"key field: <android.widget.ExpandableListView: android.widget.ExpandableListConnector mConnector>",
						"<android.widget.ExpandableListView: boolean setSelectedChild(int,int,boolean)>"
					],
					"depth":7,
					"method":"<android.widget.GridView: boolean onKeyUp(int,android.view.KeyEvent)>",
					"source":"FIELDCALLER"
				},
				{
					"trace":[
						"<android.widget.AbsListView: boolean onTouchEvent(android.view.MotionEvent)>",
						"<android.widget.AbsListView: void reportScrollStateChange(int)>",
						"<android.widget.AutoCompleteTextView$PopupScrollListener: void onScrollStateChanged(android.widget.AbsListView,int)>",
						"<android.widget.AbsListView$CheckForKeyLongPress: void run()>",
						"<android.widget.AbsListView: boolean access$600(android.widget.AbsListView,android.view.View,int,long)>",
						"<android.widget.AbsListView: boolean performLongPress(android.view.View,int,long)>",
						"<android.widget.ExpandableListView: android.view.ContextMenu$ContextMenuInfo createContextMenuInfo(android.view.View,int,long)>",
						"key field: <android.widget.ExpandableListView: android.widget.ExpandableListConnector mConnector>",
						"<android.widget.ExpandableListView: boolean setSelectedChild(int,int,boolean)>"
					],
					"depth":7,
					"method":"<android.widget.AbsListView: boolean onTouchEvent(android.view.MotionEvent)>",
					"source":"FIELDCALLER"
				},
				{
					"trace":[
						"<android.widget.AbsListView: void <init>(android.content.Context,android.util.AttributeSet,int)>",
						"<android.widget.AbsListView: void setScrollingCacheEnabled(boolean)>",
						"<android.widget.AbsListView: void clearScrollingCache()>",
						"<android.widget.AbsListView$CheckForKeyLongPress: void run()>",
						"<android.widget.AbsListView: boolean access$600(android.widget.AbsListView,android.view.View,int,long)>",
						"<android.widget.AbsListView: boolean performLongPress(android.view.View,int,long)>",
						"<android.widget.ExpandableListView: android.view.ContextMenu$ContextMenuInfo createContextMenuInfo(android.view.View,int,long)>",
						"key field: <android.widget.ExpandableListView: android.widget.ExpandableListConnector mConnector>",
						"<android.widget.ExpandableListView: boolean setSelectedChild(int,int,boolean)>"
					],
					"depth":7,
					"method":"<android.widget.AbsListView: void <init>(android.content.Context,android.util.AttributeSet,int)>",
					"source":"FIELDCALLER"
				},
				{
					"trace":[
						"<android.widget.ZoomButtonsController: boolean onTouch(android.view.View,android.view.MotionEvent)>",
						"<android.widget.PopupWindow$PopupViewContainer: boolean dispatchTouchEvent(android.view.MotionEvent)>",
						"<android.widget.AutoCompleteTextView$PopupTouchInterceptor: boolean onTouch(android.view.View,android.view.MotionEvent)>",
						"<android.widget.AbsListView$CheckForKeyLongPress: void run()>",
						"<android.widget.AbsListView: boolean access$600(android.widget.AbsListView,android.view.View,int,long)>",
						"<android.widget.AbsListView: boolean performLongPress(android.view.View,int,long)>",
						"<android.widget.ExpandableListView: android.view.ContextMenu$ContextMenuInfo createContextMenuInfo(android.view.View,int,long)>",
						"key field: <android.widget.ExpandableListView: android.widget.ExpandableListConnector mConnector>",
						"<android.widget.ExpandableListView: boolean setSelectedChild(int,int,boolean)>"
					],
					"depth":7,
					"method":"<android.widget.ZoomButtonsController: boolean onTouch(android.view.View,android.view.MotionEvent)>",
					"source":"FIELDCALLER"
				},
				{
					"trace":[
						"<com.android.internal.widget.LinearLayoutWithDefaultTouchRecepient: boolean dispatchTouchEvent(android.view.MotionEvent)>",
						"<android.widget.PopupWindow$PopupViewContainer: boolean dispatchTouchEvent(android.view.MotionEvent)>",
						"<android.widget.AutoCompleteTextView$PopupTouchInterceptor: boolean onTouch(android.view.View,android.view.MotionEvent)>",
						"<android.widget.AbsListView$CheckForKeyLongPress: void run()>",
						"<android.widget.AbsListView: boolean access$600(android.widget.AbsListView,android.view.View,int,long)>",
						"<android.widget.AbsListView: boolean performLongPress(android.view.View,int,long)>",
						"<android.widget.ExpandableListView: android.view.ContextMenu$ContextMenuInfo createContextMenuInfo(android.view.View,int,long)>",
						"key field: <android.widget.ExpandableListView: android.widget.ExpandableListConnector mConnector>",
						"<android.widget.ExpandableListView: boolean setSelectedChild(int,int,boolean)>"
					],
					"depth":7,
					"method":"<com.android.internal.widget.LinearLayoutWithDefaultTouchRecepient: boolean dispatchTouchEvent(android.view.MotionEvent)>",
					"source":"FIELDCALLER"
				},
				{
					"trace":[
						"<android.app.Instrumentation$SyncRunnable: void run()>",
						"<android.test.InstrumentationTestCase$1: void run()>",
						"<android.webkit.WebView$8: void run()>",
						"<android.widget.AbsListView$CheckForKeyLongPress: void run()>",
						"<android.widget.AbsListView: boolean access$600(android.widget.AbsListView,android.view.View,int,long)>",
						"<android.widget.AbsListView: boolean performLongPress(android.view.View,int,long)>",
						"<android.widget.ExpandableListView: android.view.ContextMenu$ContextMenuInfo createContextMenuInfo(android.view.View,int,long)>",
						"key field: <android.widget.ExpandableListView: android.widget.ExpandableListConnector mConnector>",
						"<android.widget.ExpandableListView: boolean setSelectedChild(int,int,boolean)>"
					],
					"depth":7,
					"method":"<android.app.Instrumentation$SyncRunnable: void run()>",
					"source":"FIELDCALLER"
				},
				{
					"trace":[
						"<android.widget.ListView: boolean dispatchKeyEvent(android.view.KeyEvent)>",
						"<android.widget.ListView: boolean onKeyDown(int,android.view.KeyEvent)>",
						"<android.widget.ListView: boolean commonKey(int,int,android.view.KeyEvent)>",
						"<android.widget.AbsListView: void keyPressed()>",
						"<android.widget.AbsListView$CheckForKeyLongPress: void run()>",
						"<android.widget.AbsListView: boolean access$600(android.widget.AbsListView,android.view.View,int,long)>",
						"<android.widget.AbsListView: boolean performLongPress(android.view.View,int,long)>",
						"<android.widget.ExpandableListView: android.view.ContextMenu$ContextMenuInfo createContextMenuInfo(android.view.View,int,long)>",
						"key field: <android.widget.ExpandableListView: android.widget.ExpandableListConnector mConnector>",
						"<android.widget.ExpandableListView: boolean setSelectedChild(int,int,boolean)>"
					],
					"depth":8,
					"method":"<android.widget.ListView: boolean dispatchKeyEvent(android.view.KeyEvent)>",
					"source":"FIELDCALLER"
				},
				{
					"trace":[
						"<android.widget.AutoCompleteTextView: boolean onKeyDown(int,android.view.KeyEvent)>",
						"<android.widget.ListView: boolean onKeyDown(int,android.view.KeyEvent)>",
						"<android.widget.ListView: boolean commonKey(int,int,android.view.KeyEvent)>",
						"<android.widget.AbsListView: void keyPressed()>",
						"<android.widget.AbsListView$CheckForKeyLongPress: void run()>",
						"<android.widget.AbsListView: boolean access$600(android.widget.AbsListView,android.view.View,int,long)>",
						"<android.widget.AbsListView: boolean performLongPress(android.view.View,int,long)>",
						"<android.widget.ExpandableListView: android.view.ContextMenu$ContextMenuInfo createContextMenuInfo(android.view.View,int,long)>",
						"key field: <android.widget.ExpandableListView: android.widget.ExpandableListConnector mConnector>",
						"<android.widget.ExpandableListView: boolean setSelectedChild(int,int,boolean)>"
					],
					"depth":8,
					"method":"<android.widget.AutoCompleteTextView: boolean onKeyDown(int,android.view.KeyEvent)>",
					"source":"FIELDCALLER"
				},
				{
					"trace":[
						"<android.widget.AutoCompleteTextView: boolean onKeyUp(int,android.view.KeyEvent)>",
						"<android.widget.ListView: boolean onKeyUp(int,android.view.KeyEvent)>",
						"<android.widget.ListView: boolean commonKey(int,int,android.view.KeyEvent)>",
						"<android.widget.AbsListView: void keyPressed()>",
						"<android.widget.AbsListView$CheckForKeyLongPress: void run()>",
						"<android.widget.AbsListView: boolean access$600(android.widget.AbsListView,android.view.View,int,long)>",
						"<android.widget.AbsListView: boolean performLongPress(android.view.View,int,long)>",
						"<android.widget.ExpandableListView: android.view.ContextMenu$ContextMenuInfo createContextMenuInfo(android.view.View,int,long)>",
						"key field: <android.widget.ExpandableListView: android.widget.ExpandableListConnector mConnector>",
						"<android.widget.ExpandableListView: boolean setSelectedChild(int,int,boolean)>"
					],
					"depth":8,
					"method":"<android.widget.AutoCompleteTextView: boolean onKeyUp(int,android.view.KeyEvent)>",
					"source":"FIELDCALLER"
				},
				{
					"trace":[
						"<android.widget.ListView: boolean onTouchEvent(android.view.MotionEvent)>",
						"<android.widget.AbsListView: boolean onTouchEvent(android.view.MotionEvent)>",
						"<android.widget.AbsListView: void reportScrollStateChange(int)>",
						"<android.widget.AutoCompleteTextView$PopupScrollListener: void onScrollStateChanged(android.widget.AbsListView,int)>",
						"<android.widget.AbsListView$CheckForKeyLongPress: void run()>",
						"<android.widget.AbsListView: boolean access$600(android.widget.AbsListView,android.view.View,int,long)>",
						"<android.widget.AbsListView: boolean performLongPress(android.view.View,int,long)>",
						"<android.widget.ExpandableListView: android.view.ContextMenu$ContextMenuInfo createContextMenuInfo(android.view.View,int,long)>",
						"key field: <android.widget.ExpandableListView: android.widget.ExpandableListConnector mConnector>",
						"<android.widget.ExpandableListView: boolean setSelectedChild(int,int,boolean)>"
					],
					"depth":8,
					"method":"<android.widget.ListView: boolean onTouchEvent(android.view.MotionEvent)>",
					"source":"FIELDCALLER"
				},
				{
					"trace":[
						"<android.widget.AbsListView: boolean onInterceptTouchEvent(android.view.MotionEvent)>",
						"<android.widget.AbsListView: boolean startScrollIfNeeded(int)>",
						"<android.widget.AbsListView: void reportScrollStateChange(int)>",
						"<android.widget.AutoCompleteTextView$PopupScrollListener: void onScrollStateChanged(android.widget.AbsListView,int)>",
						"<android.widget.AbsListView$CheckForKeyLongPress: void run()>",
						"<android.widget.AbsListView: boolean access$600(android.widget.AbsListView,android.view.View,int,long)>",
						"<android.widget.AbsListView: boolean performLongPress(android.view.View,int,long)>",
						"<android.widget.ExpandableListView: android.view.ContextMenu$ContextMenuInfo createContextMenuInfo(android.view.View,int,long)>",
						"key field: <android.widget.ExpandableListView: android.widget.ExpandableListConnector mConnector>",
						"<android.widget.ExpandableListView: boolean setSelectedChild(int,int,boolean)>"
					],
					"depth":8,
					"method":"<android.widget.AbsListView: boolean onInterceptTouchEvent(android.view.MotionEvent)>",
					"source":"FIELDCALLER"
				},
				{
					"trace":[
						"<android.widget.AbsListView$FlingRunnable: void run()>",
						"<android.widget.AbsListView$FlingRunnable: void endFling()>",
						"<android.widget.AbsListView: void reportScrollStateChange(int)>",
						"<android.widget.AutoCompleteTextView$PopupScrollListener: void onScrollStateChanged(android.widget.AbsListView,int)>",
						"<android.widget.AbsListView$CheckForKeyLongPress: void run()>",
						"<android.widget.AbsListView: boolean access$600(android.widget.AbsListView,android.view.View,int,long)>",
						"<android.widget.AbsListView: boolean performLongPress(android.view.View,int,long)>",
						"<android.widget.ExpandableListView: android.view.ContextMenu$ContextMenuInfo createContextMenuInfo(android.view.View,int,long)>",
						"key field: <android.widget.ExpandableListView: android.widget.ExpandableListConnector mConnector>",
						"<android.widget.ExpandableListView: boolean setSelectedChild(int,int,boolean)>"
					],
					"depth":8,
					"method":"<android.widget.AbsListView$FlingRunnable: void run()>",
					"source":"FIELDCALLER"
				},
				{
					"trace":[
						"<android.widget.AbsListView: void onFilterComplete(int)>",
						"<android.widget.AbsListView: boolean resurrectSelection()>",
						"<android.widget.AbsListView: void reportScrollStateChange(int)>",
						"<android.widget.AutoCompleteTextView$PopupScrollListener: void onScrollStateChanged(android.widget.AbsListView,int)>",
						"<android.widget.AbsListView$CheckForKeyLongPress: void run()>",
						"<android.widget.AbsListView: boolean access$600(android.widget.AbsListView,android.view.View,int,long)>",
						"<android.widget.AbsListView: boolean performLongPress(android.view.View,int,long)>",
						"<android.widget.ExpandableListView: android.view.ContextMenu$ContextMenuInfo createContextMenuInfo(android.view.View,int,long)>",
						"key field: <android.widget.ExpandableListView: android.widget.ExpandableListConnector mConnector>",
						"<android.widget.ExpandableListView: boolean setSelectedChild(int,int,boolean)>"
					],
					"depth":8,
					"method":"<android.widget.AbsListView: void onFilterComplete(int)>",
					"source":"FIELDCALLER"
				},
				{
					"trace":[
						"<android.widget.Filter$FilterListener: void onFilterComplete(int)>",
						"<android.widget.AbsListView: boolean resurrectSelection()>",
						"<android.widget.AbsListView: void reportScrollStateChange(int)>",
						"<android.widget.AutoCompleteTextView$PopupScrollListener: void onScrollStateChanged(android.widget.AbsListView,int)>",
						"<android.widget.AbsListView$CheckForKeyLongPress: void run()>",
						"<android.widget.AbsListView: boolean access$600(android.widget.AbsListView,android.view.View,int,long)>",
						"<android.widget.AbsListView: boolean performLongPress(android.view.View,int,long)>",
						"<android.widget.ExpandableListView: android.view.ContextMenu$ContextMenuInfo createContextMenuInfo(android.view.View,int,long)>",
						"key field: <android.widget.ExpandableListView: android.widget.ExpandableListConnector mConnector>",
						"<android.widget.ExpandableListView: boolean setSelectedChild(int,int,boolean)>"
					],
					"depth":8,
					"method":"<android.widget.Filter$FilterListener: void onFilterComplete(int)>",
					"source":"FIELDCALLER"
				},
				{
					"trace":[
						"<android.widget.AbsListView: void onWindowFocusChanged(boolean)>",
						"<android.widget.AbsListView: boolean resurrectSelection()>",
						"<android.widget.AbsListView: void reportScrollStateChange(int)>",
						"<android.widget.AutoCompleteTextView$PopupScrollListener: void onScrollStateChanged(android.widget.AbsListView,int)>",
						"<android.widget.AbsListView$CheckForKeyLongPress: void run()>",
						"<android.widget.AbsListView: boolean access$600(android.widget.AbsListView,android.view.View,int,long)>",
						"<android.widget.AbsListView: boolean performLongPress(android.view.View,int,long)>",
						"<android.widget.ExpandableListView: android.view.ContextMenu$ContextMenuInfo createContextMenuInfo(android.view.View,int,long)>",
						"key field: <android.widget.ExpandableListView: android.widget.ExpandableListConnector mConnector>",
						"<android.widget.ExpandableListView: boolean setSelectedChild(int,int,boolean)>"
					],
					"depth":8,
					"method":"<android.widget.AbsListView: void onWindowFocusChanged(boolean)>",
					"source":"FIELDCALLER"
				},
				{
					"trace":[
						"<android.widget.ListView: void <init>(android.content.Context,android.util.AttributeSet,int)>",
						"<android.widget.AbsListView: void <init>(android.content.Context,android.util.AttributeSet,int)>",
						"<android.widget.AbsListView: void setScrollingCacheEnabled(boolean)>",
						"<android.widget.AbsListView: void clearScrollingCache()>",
						"<android.widget.AbsListView$CheckForKeyLongPress: void run()>",
						"<android.widget.AbsListView: boolean access$600(android.widget.AbsListView,android.view.View,int,long)>",
						"<android.widget.AbsListView: boolean performLongPress(android.view.View,int,long)>",
						"<android.widget.ExpandableListView: android.view.ContextMenu$ContextMenuInfo createContextMenuInfo(android.view.View,int,long)>",
						"key field: <android.widget.ExpandableListView: android.widget.ExpandableListConnector mConnector>",
						"<android.widget.ExpandableListView: boolean setSelectedChild(int,int,boolean)>"
					],
					"depth":8,
					"method":"<android.widget.ListView: void <init>(android.content.Context,android.util.AttributeSet,int)>",
					"source":"FIELDCALLER"
				},
				{
					"trace":[
						"<android.widget.GridView: void <init>(android.content.Context,android.util.AttributeSet,int)>",
						"<android.widget.AbsListView: void <init>(android.content.Context,android.util.AttributeSet,int)>",
						"<android.widget.AbsListView: void setScrollingCacheEnabled(boolean)>",
						"<android.widget.AbsListView: void clearScrollingCache()>",
						"<android.widget.AbsListView$CheckForKeyLongPress: void run()>",
						"<android.widget.AbsListView: boolean access$600(android.widget.AbsListView,android.view.View,int,long)>",
						"<android.widget.AbsListView: boolean performLongPress(android.view.View,int,long)>",
						"<android.widget.ExpandableListView: android.view.ContextMenu$ContextMenuInfo createContextMenuInfo(android.view.View,int,long)>",
						"key field: <android.widget.ExpandableListView: android.widget.ExpandableListConnector mConnector>",
						"<android.widget.ExpandableListView: boolean setSelectedChild(int,int,boolean)>"
					],
					"depth":8,
					"method":"<android.widget.GridView: void <init>(android.content.Context,android.util.AttributeSet,int)>",
					"source":"FIELDCALLER"
				},
				{
					"trace":[
						"<android.widget.AbsListView: void <init>(android.content.Context,android.util.AttributeSet)>",
						"<android.widget.AbsListView: void <init>(android.content.Context,android.util.AttributeSet,int)>",
						"<android.widget.AbsListView: void setScrollingCacheEnabled(boolean)>",
						"<android.widget.AbsListView: void clearScrollingCache()>",
						"<android.widget.AbsListView$CheckForKeyLongPress: void run()>",
						"<android.widget.AbsListView: boolean access$600(android.widget.AbsListView,android.view.View,int,long)>",
						"<android.widget.AbsListView: boolean performLongPress(android.view.View,int,long)>",
						"<android.widget.ExpandableListView: android.view.ContextMenu$ContextMenuInfo createContextMenuInfo(android.view.View,int,long)>",
						"key field: <android.widget.ExpandableListView: android.widget.ExpandableListConnector mConnector>",
						"<android.widget.ExpandableListView: boolean setSelectedChild(int,int,boolean)>"
					],
					"depth":8,
					"method":"<android.widget.AbsListView: void <init>(android.content.Context,android.util.AttributeSet)>",
					"source":"FIELDCALLER"
				},
				{
					"trace":[
						"<android.widget.AbsListView: void <init>(android.content.Context)>",
						"<android.widget.AbsListView: void initAbsListView()>",
						"<android.widget.AbsListView: void setScrollingCacheEnabled(boolean)>",
						"<android.widget.AbsListView: void clearScrollingCache()>",
						"<android.widget.AbsListView$CheckForKeyLongPress: void run()>",
						"<android.widget.AbsListView: boolean access$600(android.widget.AbsListView,android.view.View,int,long)>",
						"<android.widget.AbsListView: boolean performLongPress(android.view.View,int,long)>",
						"<android.widget.ExpandableListView: android.view.ContextMenu$ContextMenuInfo createContextMenuInfo(android.view.View,int,long)>",
						"key field: <android.widget.ExpandableListView: android.widget.ExpandableListConnector mConnector>",
						"<android.widget.ExpandableListView: boolean setSelectedChild(int,int,boolean)>"
					],
					"depth":8,
					"method":"<android.widget.AbsListView: void <init>(android.content.Context)>",
					"source":"FIELDCALLER"
				},
				{
					"trace":[
						"<android.view.ViewGroup: boolean dispatchTouchEvent(android.view.MotionEvent)>",
						"<com.android.internal.widget.LinearLayoutWithDefaultTouchRecepient: boolean dispatchTouchEvent(android.view.MotionEvent)>",
						"<android.widget.PopupWindow$PopupViewContainer: boolean dispatchTouchEvent(android.view.MotionEvent)>",
						"<android.widget.AutoCompleteTextView$PopupTouchInterceptor: boolean onTouch(android.view.View,android.view.MotionEvent)>",
						"<android.widget.AbsListView$CheckForKeyLongPress: void run()>",
						"<android.widget.AbsListView: boolean access$600(android.widget.AbsListView,android.view.View,int,long)>",
						"<android.widget.AbsListView: boolean performLongPress(android.view.View,int,long)>",
						"<android.widget.ExpandableListView: android.view.ContextMenu$ContextMenuInfo createContextMenuInfo(android.view.View,int,long)>",
						"key field: <android.widget.ExpandableListView: android.widget.ExpandableListConnector mConnector>",
						"<android.widget.ExpandableListView: boolean setSelectedChild(int,int,boolean)>"
					],
					"depth":8,
					"method":"<android.view.ViewGroup: boolean dispatchTouchEvent(android.view.MotionEvent)>",
					"source":"FIELDCALLER"
				},
				{
					"trace":[
						"<android.gesture.GestureOverlayView: boolean dispatchTouchEvent(android.view.MotionEvent)>",
						"<android.view.ViewGroup: boolean dispatchTouchEvent(android.view.MotionEvent)>",
						"<android.widget.PopupWindow$PopupViewContainer: boolean dispatchTouchEvent(android.view.MotionEvent)>",
						"<android.widget.AutoCompleteTextView$PopupTouchInterceptor: boolean onTouch(android.view.View,android.view.MotionEvent)>",
						"<android.widget.AbsListView$CheckForKeyLongPress: void run()>",
						"<android.widget.AbsListView: boolean access$600(android.widget.AbsListView,android.view.View,int,long)>",
						"<android.widget.AbsListView: boolean performLongPress(android.view.View,int,long)>",
						"<android.widget.ExpandableListView: android.view.ContextMenu$ContextMenuInfo createContextMenuInfo(android.view.View,int,long)>",
						"key field: <android.widget.ExpandableListView: android.widget.ExpandableListConnector mConnector>",
						"<android.widget.ExpandableListView: boolean setSelectedChild(int,int,boolean)>"
					],
					"depth":8,
					"method":"<android.gesture.GestureOverlayView: boolean dispatchTouchEvent(android.view.MotionEvent)>",
					"source":"FIELDCALLER"
				},
				{
					"trace":[
						"<android.widget.DigitalClock$1: void run()>",
						"<android.app.Instrumentation$SyncRunnable: void run()>",
						"<android.test.InstrumentationTestCase$1: void run()>",
						"<android.webkit.WebView$8: void run()>",
						"<android.widget.AbsListView$CheckForKeyLongPress: void run()>",
						"<android.widget.AbsListView: boolean access$600(android.widget.AbsListView,android.view.View,int,long)>",
						"<android.widget.AbsListView: boolean performLongPress(android.view.View,int,long)>",
						"<android.widget.ExpandableListView: android.view.ContextMenu$ContextMenuInfo createContextMenuInfo(android.view.View,int,long)>",
						"key field: <android.widget.ExpandableListView: android.widget.ExpandableListConnector mConnector>",
						"<android.widget.ExpandableListView: boolean setSelectedChild(int,int,boolean)>"
					],
					"depth":8,
					"method":"<android.widget.DigitalClock$1: void run()>",
					"source":"FIELDCALLER"
				},
				{
					"trace":[
						"<java.lang.Thread: void run()>",
						"<android.app.Instrumentation$SyncRunnable: void run()>",
						"<android.test.InstrumentationTestCase$1: void run()>",
						"<android.webkit.WebView$8: void run()>",
						"<android.widget.AbsListView$CheckForKeyLongPress: void run()>",
						"<android.widget.AbsListView: boolean access$600(android.widget.AbsListView,android.view.View,int,long)>",
						"<android.widget.AbsListView: boolean performLongPress(android.view.View,int,long)>",
						"<android.widget.ExpandableListView: android.view.ContextMenu$ContextMenuInfo createContextMenuInfo(android.view.View,int,long)>",
						"key field: <android.widget.ExpandableListView: android.widget.ExpandableListConnector mConnector>",
						"<android.widget.ExpandableListView: boolean setSelectedChild(int,int,boolean)>"
					],
					"depth":8,
					"method":"<java.lang.Thread: void run()>",
					"source":"FIELDCALLER"
				},
				{
					"trace":[
						"<android.widget.ZoomButtonsController: void setVisible(boolean)>",
						"<android.app.Instrumentation$SyncRunnable: void run()>",
						"<android.test.InstrumentationTestCase$1: void run()>",
						"<android.webkit.WebView$8: void run()>",
						"<android.widget.AbsListView$CheckForKeyLongPress: void run()>",
						"<android.widget.AbsListView: boolean access$600(android.widget.AbsListView,android.view.View,int,long)>",
						"<android.widget.AbsListView: boolean performLongPress(android.view.View,int,long)>",
						"<android.widget.ExpandableListView: android.view.ContextMenu$ContextMenuInfo createContextMenuInfo(android.view.View,int,long)>",
						"key field: <android.widget.ExpandableListView: android.widget.ExpandableListConnector mConnector>",
						"<android.widget.ExpandableListView: boolean setSelectedChild(int,int,boolean)>"
					],
					"depth":8,
					"method":"<android.widget.ZoomButtonsController: void setVisible(boolean)>",
					"source":"FIELDCALLER"
				},
				{
					"trace":[
						"<android.widget.ZoomButtonsController$2: void handleMessage(android.os.Message)>",
						"<android.widget.ZoomButtonsController: void setVisible(boolean)>",
						"<android.test.InstrumentationTestCase$1: void run()>",
						"<android.webkit.WebView$8: void run()>",
						"<android.widget.AbsListView$CheckForKeyLongPress: void run()>",
						"<android.widget.AbsListView: boolean access$600(android.widget.AbsListView,android.view.View,int,long)>",
						"<android.widget.AbsListView: boolean performLongPress(android.view.View,int,long)>",
						"<android.widget.ExpandableListView: android.view.ContextMenu$ContextMenuInfo createContextMenuInfo(android.view.View,int,long)>",
						"key field: <android.widget.ExpandableListView: android.widget.ExpandableListConnector mConnector>",
						"<android.widget.ExpandableListView: boolean setSelectedChild(int,int,boolean)>"
					],
					"depth":8,
					"method":"<android.widget.ZoomButtonsController$2: void handleMessage(android.os.Message)>",
					"source":"FIELDCALLER"
				}
			],
			"callerOfSingnlar2SourceVar":{
				"<android.widget.ExpandableListView: boolean setSelectedChild(int,int,boolean)>":"0, 1, 2",
				"<android.app.ExpandableListActivity: boolean setSelectedChild(int,int,boolean)>":"0, 1, 2"
			}
		}
	]
}