{
	"exceptions":[
		{
			"method":"<android.widget.Toast: void setText(java.lang.CharSequence)>",
			"message":"\\QThis Toast was not created with Toast.makeText()\\E",
			"relatedVarType":"Field",
			"relatedCondType":"Basic",
			"modifier":"public",
			"type":"java.lang.RuntimeException",
			"osVersionRelated":false,
			"resourceRelated":false,
			"assessRelated":false,
			"hardwareRelated":false,
			"manifestRelated":false,
			"conditions":"$r1 != null",
			"fieldValues":"<android.widget.Toast: android.view.View mNextView>",
			"relatedValues":"; <android.widget.Toast: android.view.View mNextView>; ",
			"keyAPISameClassNum":5,
			"keyAPIDiffClassNum":0,
			"keyAPISameClass":[
				{
					"trace":[
						"<android.widget.Toast: void setText(java.lang.CharSequence)>"
					],
					"depth":1,
					"method":"<android.widget.Toast: android.widget.Toast makeText(android.content.Context,java.lang.CharSequence,int)>",
					"source":"FIELD"
				},
				{
					"trace":[
						"<android.widget.Toast: void setText(java.lang.CharSequence)>"
					],
					"depth":1,
					"method":"<android.widget.Toast: void setText(java.lang.CharSequence)>",
					"source":"FIELD"
				},
				{
					"trace":[
						"<android.widget.Toast: void setText(java.lang.CharSequence)>"
					],
					"depth":1,
					"method":"<android.widget.Toast: void setView(android.view.View)>",
					"source":"FIELD"
				},
				{
					"trace":[
						"<android.widget.Toast: android.widget.Toast makeText(android.content.Context,int,int)>",
						"<android.widget.Toast: android.widget.Toast makeText(android.content.Context,java.lang.CharSequence,int)>",
						"key field: <android.widget.Toast: android.view.View mNextView>",
						"<android.widget.Toast: void setText(java.lang.CharSequence)>"
					],
					"depth":2,
					"method":"<android.widget.Toast: android.widget.Toast makeText(android.content.Context,int,int)>",
					"source":"FIELDCALLER"
				},
				{
					"trace":[
						"<android.widget.Toast: void setText(int)>",
						"<android.widget.Toast: void setText(java.lang.CharSequence)>",
						"key field: <android.widget.Toast: android.view.View mNextView>",
						"<android.widget.Toast: void setText(java.lang.CharSequence)>"
					],
					"depth":2,
					"method":"<android.widget.Toast: void setText(int)>",
					"source":"FIELDCALLER"
				}
			],
			"keyAPIDiffClass":[],
			"callerOfSingnlar2SourceVar":{}
		},
		{
			"method":"<android.widget.Toast: void setText(java.lang.CharSequence)>",
			"message":"\\QThis Toast was not created with Toast.makeText()\\E",
			"relatedVarType":"Field",
			"relatedCondType":"Basic",
			"modifier":"public",
			"type":"java.lang.RuntimeException",
			"osVersionRelated":false,
			"resourceRelated":false,
			"assessRelated":false,
			"hardwareRelated":false,
			"manifestRelated":false,
			"conditions":"r4 != null, $r1 != null",
			"fieldValues":"<android.widget.Toast: android.view.View mNextView>",
			"relatedValues":"; <android.widget.Toast: android.view.View mNextView>; ",
			"keyAPISameClassNum":5,
			"keyAPIDiffClassNum":0,
			"keyAPISameClass":[
				{
					"trace":[
						"<android.widget.Toast: void setText(java.lang.CharSequence)>"
					],
					"depth":1,
					"method":"<android.widget.Toast: android.widget.Toast makeText(android.content.Context,java.lang.CharSequence,int)>",
					"source":"FIELD"
				},
				{
					"trace":[
						"<android.widget.Toast: void setText(java.lang.CharSequence)>"
					],
					"depth":1,
					"method":"<android.widget.Toast: void setText(java.lang.CharSequence)>",
					"source":"FIELD"
				},
				{
					"trace":[
						"<android.widget.Toast: void setText(java.lang.CharSequence)>"
					],
					"depth":1,
					"method":"<android.widget.Toast: void setView(android.view.View)>",
					"source":"FIELD"
				},
				{
					"trace":[
						"<android.widget.Toast: android.widget.Toast makeText(android.content.Context,int,int)>",
						"<android.widget.Toast: android.widget.Toast makeText(android.content.Context,java.lang.CharSequence,int)>",
						"key field: <android.widget.Toast: android.view.View mNextView>",
						"<android.widget.Toast: void setText(java.lang.CharSequence)>"
					],
					"depth":2,
					"method":"<android.widget.Toast: android.widget.Toast makeText(android.content.Context,int,int)>",
					"source":"FIELDCALLER"
				},
				{
					"trace":[
						"<android.widget.Toast: void setText(int)>",
						"<android.widget.Toast: void setText(java.lang.CharSequence)>",
						"key field: <android.widget.Toast: android.view.View mNextView>",
						"<android.widget.Toast: void setText(java.lang.CharSequence)>"
					],
					"depth":2,
					"method":"<android.widget.Toast: void setText(int)>",
					"source":"FIELDCALLER"
				}
			],
			"keyAPIDiffClass":[],
			"callerOfSingnlar2SourceVar":{}
		},
		{
			"method":"<android.widget.Toast: void show()>",
			"message":"\\QsetView must have been called\\E",
			"relatedVarType":"Field",
			"relatedCondType":"Basic",
			"modifier":"public",
			"type":"java.lang.RuntimeException",
			"osVersionRelated":false,
			"resourceRelated":false,
			"assessRelated":false,
			"hardwareRelated":false,
			"manifestRelated":false,
			"conditions":"$r1 != null",
			"fieldValues":"<android.widget.Toast: android.view.View mNextView>",
			"relatedValues":"; <android.widget.Toast: android.view.View mNextView>; ",
			"keyAPISameClassNum":5,
			"keyAPIDiffClassNum":0,
			"keyAPISameClass":[
				{
					"trace":[
						"<android.widget.Toast: void show()>"
					],
					"depth":1,
					"method":"<android.widget.Toast: android.widget.Toast makeText(android.content.Context,java.lang.CharSequence,int)>",
					"source":"FIELD"
				},
				{
					"trace":[
						"<android.widget.Toast: void show()>"
					],
					"depth":1,
					"method":"<android.widget.Toast: void setText(java.lang.CharSequence)>",
					"source":"FIELD"
				},
				{
					"trace":[
						"<android.widget.Toast: void show()>"
					],
					"depth":1,
					"method":"<android.widget.Toast: void setView(android.view.View)>",
					"source":"FIELD"
				},
				{
					"trace":[
						"<android.widget.Toast: android.widget.Toast makeText(android.content.Context,int,int)>",
						"<android.widget.Toast: android.widget.Toast makeText(android.content.Context,java.lang.CharSequence,int)>",
						"key field: <android.widget.Toast: android.view.View mNextView>",
						"<android.widget.Toast: void show()>"
					],
					"depth":2,
					"method":"<android.widget.Toast: android.widget.Toast makeText(android.content.Context,int,int)>",
					"source":"FIELDCALLER"
				},
				{
					"trace":[
						"<android.widget.Toast: void setText(int)>",
						"<android.widget.Toast: void setText(java.lang.CharSequence)>",
						"key field: <android.widget.Toast: android.view.View mNextView>",
						"<android.widget.Toast: void show()>"
					],
					"depth":2,
					"method":"<android.widget.Toast: void setText(int)>",
					"source":"FIELDCALLER"
				}
			],
			"keyAPIDiffClass":[],
			"callerOfSingnlar2SourceVar":{}
		}
	]
}