{
	"exceptions":[
		{
			"method":"<android.net.WebAddress: void <init>(java.lang.String)>",
			"message":"\\QBad port\\E",
			"relatedVarType":"ParaAndField",
			"relatedCondType":"Basic",
			"modifier":"public",
			"type":"android.net.ParseException",
			"osVersionRelated":false,
			"resourceRelated":false,
			"assessRelated":false,
			"hardwareRelated":false,
			"manifestRelated":false,
			"conditions":"$i3 <= 0, r8 == null, r7 == null",
			"paramValues":"@parameter0: java.lang.String",
			"fieldValues":"<android.net.WebAddress: java.util.regex.Pattern sAddressPattern>",
			"caughtValues":"@caughtexception",
			"relatedValues":"@parameter0: java.lang.String; <android.net.WebAddress: java.util.regex.Pattern sAddressPattern>; @caughtexception",
			"keyAPISameClassNum":1,
			"keyAPIDiffClassNum":2,
			"keyAPISameClass":[
				{
					"trace":[
						"<android.net.WebAddress: void <init>(java.lang.String)>",
						"<android.net.WebAddress: void <clinit>()>",
						"key field: <android.net.WebAddress: java.util.regex.Pattern sAddressPattern>",
						"<android.net.WebAddress: void <init>(java.lang.String)>"
					],
					"depth":2,
					"method":"<android.net.WebAddress: void <init>(java.lang.String)>",
					"source":"FIELDCALLER"
				}
			],
			"keyAPIDiffClass":[
				{
					"trace":[
						"<android.net.http.RequestHandle: boolean setupRedirect(java.lang.String,int,java.util.Map)>",
						"<android.net.WebAddress: void <clinit>()>",
						"key field: <android.net.WebAddress: java.util.regex.Pattern sAddressPattern>",
						"<android.net.WebAddress: void <init>(java.lang.String)>"
					],
					"depth":2,
					"method":"<android.net.http.RequestHandle: boolean setupRedirect(java.lang.String,int,java.util.Map)>",
					"source":"FIELDCALLER"
				},
				{
					"trace":[
						"<android.net.http.RequestQueue: android.net.http.RequestHandle queueRequest(java.lang.String,java.lang.String,java.util.Map,android.net.http.EventHandler,java.io.InputStream,int)>",
						"<android.net.WebAddress: void <init>(java.lang.String)>",
						"<android.net.WebAddress: void <clinit>()>",
						"key field: <android.net.WebAddress: java.util.regex.Pattern sAddressPattern>",
						"<android.net.WebAddress: void <init>(java.lang.String)>"
					],
					"depth":3,
					"method":"<android.net.http.RequestQueue: android.net.http.RequestHandle queueRequest(java.lang.String,java.lang.String,java.util.Map,android.net.http.EventHandler,java.io.InputStream,int)>",
					"source":"FIELDCALLER"
				}
			],
			"callerOfSingnlar2SourceVar":{
				"<android.webkit.HTML5VideoViewProxy$VideoPlayer: void play(java.lang.String,int,android.webkit.HTML5VideoViewProxy,android.webkit.WebChromeClient)>":"0",
				"<android.webkit.URLUtil: java.lang.String guessUrl(java.lang.String)>":"0",
				"<android.webkit.CookieManager: java.lang.String getCookie(java.lang.String)>":"0",
				"<android.webkit.JWebCoreJavaBridge: java.lang.String cookies(java.lang.String)>":"0",
				"<android.net.WebAddress: void <init>(java.lang.String)>":"0",
				"<android.webkit.CookieManager: void setCookie(java.lang.String,java.lang.String)>":"0",
				"<android.webkit.JWebCoreJavaBridge: void setCookies(java.lang.String,java.lang.String)>":"0",
				"<android.net.http.RequestQueue: android.net.http.RequestHandle queueRequest(java.lang.String,java.lang.String,java.util.Map,android.net.http.EventHandler,java.io.InputStream,int)>":"0"
			}
		},
		{
			"method":"<android.net.WebAddress: void <init>(java.lang.String)>",
			"message":"\\QBad address\\E",
			"relatedVarType":"ParaAndField",
			"relatedCondType":"Basic",
			"modifier":"public",
			"type":"android.net.ParseException",
			"osVersionRelated":false,
			"resourceRelated":false,
			"assessRelated":false,
			"hardwareRelated":false,
			"manifestRelated":false,
			"conditions":"$z0 == 0, r1 != null",
			"paramValues":"@parameter0: java.lang.String",
			"fieldValues":"<android.net.WebAddress: java.util.regex.Pattern sAddressPattern>",
			"relatedValues":"@parameter0: java.lang.String; <android.net.WebAddress: java.util.regex.Pattern sAddressPattern>; ",
			"keyAPISameClassNum":1,
			"keyAPIDiffClassNum":2,
			"keyAPISameClass":[
				{
					"trace":[
						"<android.net.WebAddress: void <init>(java.lang.String)>",
						"<android.net.WebAddress: void <clinit>()>",
						"key field: <android.net.WebAddress: java.util.regex.Pattern sAddressPattern>",
						"<android.net.WebAddress: void <init>(java.lang.String)>"
					],
					"depth":2,
					"method":"<android.net.WebAddress: void <init>(java.lang.String)>",
					"source":"FIELDCALLER"
				}
			],
			"keyAPIDiffClass":[
				{
					"trace":[
						"<android.net.http.RequestHandle: boolean setupRedirect(java.lang.String,int,java.util.Map)>",
						"<android.net.WebAddress: void <clinit>()>",
						"key field: <android.net.WebAddress: java.util.regex.Pattern sAddressPattern>",
						"<android.net.WebAddress: void <init>(java.lang.String)>"
					],
					"depth":2,
					"method":"<android.net.http.RequestHandle: boolean setupRedirect(java.lang.String,int,java.util.Map)>",
					"source":"FIELDCALLER"
				},
				{
					"trace":[
						"<android.net.http.RequestQueue: android.net.http.RequestHandle queueRequest(java.lang.String,java.lang.String,java.util.Map,android.net.http.EventHandler,java.io.InputStream,int)>",
						"<android.net.WebAddress: void <init>(java.lang.String)>",
						"<android.net.WebAddress: void <clinit>()>",
						"key field: <android.net.WebAddress: java.util.regex.Pattern sAddressPattern>",
						"<android.net.WebAddress: void <init>(java.lang.String)>"
					],
					"depth":3,
					"method":"<android.net.http.RequestQueue: android.net.http.RequestHandle queueRequest(java.lang.String,java.lang.String,java.util.Map,android.net.http.EventHandler,java.io.InputStream,int)>",
					"source":"FIELDCALLER"
				}
			],
			"callerOfSingnlar2SourceVar":{
				"<android.webkit.HTML5VideoViewProxy$VideoPlayer: void play(java.lang.String,int,android.webkit.HTML5VideoViewProxy,android.webkit.WebChromeClient)>":"0",
				"<android.webkit.URLUtil: java.lang.String guessUrl(java.lang.String)>":"0",
				"<android.webkit.CookieManager: java.lang.String getCookie(java.lang.String)>":"0",
				"<android.webkit.JWebCoreJavaBridge: java.lang.String cookies(java.lang.String)>":"0",
				"<android.net.WebAddress: void <init>(java.lang.String)>":"0",
				"<android.webkit.CookieManager: void setCookie(java.lang.String,java.lang.String)>":"0",
				"<android.webkit.JWebCoreJavaBridge: void setCookies(java.lang.String,java.lang.String)>":"0",
				"<android.net.http.RequestQueue: android.net.http.RequestHandle queueRequest(java.lang.String,java.lang.String,java.util.Map,android.net.http.EventHandler,java.io.InputStream,int)>":"0"
			}
		},
		{
			"method":"<android.net.WebAddress: void <init>(java.lang.String)>",
			"message":"[\\s\\S]*",
			"relatedVarType":"Parameter",
			"relatedCondType":"Basic",
			"modifier":"public",
			"type":"java.lang.NullPointerException",
			"osVersionRelated":false,
			"resourceRelated":false,
			"assessRelated":false,
			"hardwareRelated":false,
			"manifestRelated":false,
			"conditions":"r1 != null",
			"paramValues":"@parameter0: java.lang.String",
			"relatedValues":"@parameter0: java.lang.String; ; ",
			"keyAPISameClassNum":0,
			"keyAPIDiffClassNum":0,
			"keyAPISameClass":[
				{
					"trace":[
						"<android.net.WebAddress: void <init>(java.lang.String)>"
					],
					"depth":0,
					"method":"<android.net.WebAddress: void <init>(java.lang.String)>",
					"source":"CALLER"
				}
			],
			"keyAPIDiffClass":[
				{
					"trace":[
						"<android.net.http.RequestQueue: android.net.http.RequestHandle queueRequest(java.lang.String,java.lang.String,java.util.Map,android.net.http.EventHandler,java.io.InputStream,int)>",
						"<android.net.WebAddress: void <init>(java.lang.String)>"
					],
					"depth":1,
					"method":"<android.net.http.RequestQueue: android.net.http.RequestHandle queueRequest(java.lang.String,java.lang.String,java.util.Map,android.net.http.EventHandler,java.io.InputStream,int)>",
					"source":"CALLER"
				}
			],
			"callerOfSingnlar2SourceVar":{
				"<android.webkit.HTML5VideoViewProxy$VideoPlayer: void play(java.lang.String,int,android.webkit.HTML5VideoViewProxy,android.webkit.WebChromeClient)>":"0",
				"<android.webkit.URLUtil: java.lang.String guessUrl(java.lang.String)>":"0",
				"<android.webkit.CookieManager: java.lang.String getCookie(java.lang.String)>":"0",
				"<android.webkit.JWebCoreJavaBridge: java.lang.String cookies(java.lang.String)>":"0",
				"<android.net.WebAddress: void <init>(java.lang.String)>":"0",
				"<android.webkit.CookieManager: void setCookie(java.lang.String,java.lang.String)>":"0",
				"<android.webkit.JWebCoreJavaBridge: void setCookies(java.lang.String,java.lang.String)>":"0",
				"<android.net.http.RequestQueue: android.net.http.RequestHandle queueRequest(java.lang.String,java.lang.String,java.util.Map,android.net.http.EventHandler,java.io.InputStream,int)>":"0"
			}
		}
	]
}