{
	"exceptions":[
		{
			"method":"<android.preference.GenericInflater: java.lang.Object createItemFromTag(org.xmlpull.v1.XmlPullParser,java.lang.String,android.util.AttributeSet)>",
			"message":"[\\s\\S]*\\Q: Error inflating class \\E[\\s\\S]*",
			"relatedVarType":"Field",
			"relatedCondType":"Basic",
			"modifier":"private",
			"type":"android.view.InflateException",
			"osVersionRelated":false,
			"resourceRelated":false,
			"assessRelated":false,
			"hardwareRelated":false,
			"manifestRelated":false,
			"conditions":"r33 != null, $r1 != null",
			"fieldValues":"<android.preference.GenericInflater: android.preference.GenericInflater$Factory mFactory>",
			"caughtValues":"@caughtexception",
			"relatedValues":"; <android.preference.GenericInflater: android.preference.GenericInflater$Factory mFactory>; @caughtexception",
			"keyAPISameClassNum":5,
			"keyAPIDiffClassNum":7,
			"keyAPISameClass":[
				{
					"trace":[
						"<android.preference.GenericInflater: java.lang.Object createItemFromTag(org.xmlpull.v1.XmlPullParser,java.lang.String,android.util.AttributeSet)>"
					],
					"depth":1,
					"method":"<android.preference.GenericInflater: void setFactory(android.preference.GenericInflater$Factory)>",
					"source":"FIELD"
				},
				{
					"trace":[
						"<android.preference.GenericInflater: java.lang.Object inflate(org.xmlpull.v1.XmlPullParser,android.preference.GenericInflater$Parent,boolean)>",
						"<android.preference.GenericInflater: void rInflate(org.xmlpull.v1.XmlPullParser,java.lang.Object,android.util.AttributeSet)>",
						"<android.preference.GenericInflater: java.lang.Object createItemFromTag(org.xmlpull.v1.XmlPullParser,java.lang.String,android.util.AttributeSet)>",
						"key field: <android.preference.GenericInflater: android.preference.GenericInflater$Factory mFactory>",
						"<android.preference.GenericInflater: java.lang.Object createItemFromTag(org.xmlpull.v1.XmlPullParser,java.lang.String,android.util.AttributeSet)>"
					],
					"depth":3,
					"method":"<android.preference.GenericInflater: java.lang.Object inflate(org.xmlpull.v1.XmlPullParser,android.preference.GenericInflater$Parent,boolean)>",
					"source":"FIELDCALLER"
				},
				{
					"trace":[
						"<android.preference.GenericInflater: java.lang.Object inflate(int,android.preference.GenericInflater$Parent,boolean)>",
						"<android.preference.GenericInflater: java.lang.Object inflate(org.xmlpull.v1.XmlPullParser,android.preference.GenericInflater$Parent,boolean)>",
						"<android.preference.GenericInflater: void rInflate(org.xmlpull.v1.XmlPullParser,java.lang.Object,android.util.AttributeSet)>",
						"<android.preference.GenericInflater: java.lang.Object createItemFromTag(org.xmlpull.v1.XmlPullParser,java.lang.String,android.util.AttributeSet)>",
						"key field: <android.preference.GenericInflater: android.preference.GenericInflater$Factory mFactory>",
						"<android.preference.GenericInflater: java.lang.Object createItemFromTag(org.xmlpull.v1.XmlPullParser,java.lang.String,android.util.AttributeSet)>"
					],
					"depth":4,
					"method":"<android.preference.GenericInflater: java.lang.Object inflate(int,android.preference.GenericInflater$Parent,boolean)>",
					"source":"FIELDCALLER"
				},
				{
					"trace":[
						"<android.preference.GenericInflater: java.lang.Object inflate(org.xmlpull.v1.XmlPullParser,android.preference.GenericInflater$Parent)>",
						"<android.preference.GenericInflater: java.lang.Object inflate(org.xmlpull.v1.XmlPullParser,android.preference.GenericInflater$Parent,boolean)>",
						"<android.preference.GenericInflater: void rInflate(org.xmlpull.v1.XmlPullParser,java.lang.Object,android.util.AttributeSet)>",
						"<android.preference.GenericInflater: java.lang.Object createItemFromTag(org.xmlpull.v1.XmlPullParser,java.lang.String,android.util.AttributeSet)>",
						"key field: <android.preference.GenericInflater: android.preference.GenericInflater$Factory mFactory>",
						"<android.preference.GenericInflater: java.lang.Object createItemFromTag(org.xmlpull.v1.XmlPullParser,java.lang.String,android.util.AttributeSet)>"
					],
					"depth":4,
					"method":"<android.preference.GenericInflater: java.lang.Object inflate(org.xmlpull.v1.XmlPullParser,android.preference.GenericInflater$Parent)>",
					"source":"FIELDCALLER"
				},
				{
					"trace":[
						"<android.preference.GenericInflater: java.lang.Object inflate(int,android.preference.GenericInflater$Parent)>",
						"<android.preference.GenericInflater: java.lang.Object inflate(int,android.preference.GenericInflater$Parent,boolean)>",
						"<android.preference.GenericInflater: java.lang.Object inflate(org.xmlpull.v1.XmlPullParser,android.preference.GenericInflater$Parent,boolean)>",
						"<android.preference.GenericInflater: void rInflate(org.xmlpull.v1.XmlPullParser,java.lang.Object,android.util.AttributeSet)>",
						"<android.preference.GenericInflater: java.lang.Object createItemFromTag(org.xmlpull.v1.XmlPullParser,java.lang.String,android.util.AttributeSet)>",
						"key field: <android.preference.GenericInflater: android.preference.GenericInflater$Factory mFactory>",
						"<android.preference.GenericInflater: java.lang.Object createItemFromTag(org.xmlpull.v1.XmlPullParser,java.lang.String,android.util.AttributeSet)>"
					],
					"depth":5,
					"method":"<android.preference.GenericInflater: java.lang.Object inflate(int,android.preference.GenericInflater$Parent)>",
					"source":"FIELDCALLER"
				}
			],
			"keyAPIDiffClass":[
				{
					"trace":[
						"<android.preference.GenericInflater: android.preference.GenericInflater cloneInContext(android.content.Context)>",
						"<android.preference.PreferenceInflater: void <init>(android.preference.GenericInflater,android.preference.PreferenceManager,android.content.Context)>",
						"<android.preference.GenericInflater: void <init>(android.preference.GenericInflater,android.content.Context)>",
						"key field: <android.preference.GenericInflater: android.preference.GenericInflater$Factory mFactory>",
						"<android.preference.GenericInflater: java.lang.Object createItemFromTag(org.xmlpull.v1.XmlPullParser,java.lang.String,android.util.AttributeSet)>"
					],
					"depth":3,
					"method":"<android.preference.GenericInflater: android.preference.GenericInflater cloneInContext(android.content.Context)>",
					"source":"FIELDCALLER"
				},
				{
					"trace":[
						"<android.preference.PreferenceInflater: android.preference.GenericInflater cloneInContext(android.content.Context)>",
						"<android.preference.PreferenceInflater: void <init>(android.preference.GenericInflater,android.preference.PreferenceManager,android.content.Context)>",
						"<android.preference.GenericInflater: void <init>(android.preference.GenericInflater,android.content.Context)>",
						"key field: <android.preference.GenericInflater: android.preference.GenericInflater$Factory mFactory>",
						"<android.preference.GenericInflater: java.lang.Object createItemFromTag(org.xmlpull.v1.XmlPullParser,java.lang.String,android.util.AttributeSet)>"
					],
					"depth":3,
					"method":"<android.preference.PreferenceInflater: android.preference.GenericInflater cloneInContext(android.content.Context)>",
					"source":"FIELDCALLER"
				},
				{
					"trace":[
						"<android.preference.PreferenceManager: android.preference.PreferenceScreen inflateFromResource(android.content.Context,int,android.preference.PreferenceScreen)>",
						"<android.preference.GenericInflater: java.lang.Object inflate(int,android.preference.GenericInflater$Parent,boolean)>",
						"<android.preference.GenericInflater: java.lang.Object inflate(org.xmlpull.v1.XmlPullParser,android.preference.GenericInflater$Parent,boolean)>",
						"<android.preference.GenericInflater: void rInflate(org.xmlpull.v1.XmlPullParser,java.lang.Object,android.util.AttributeSet)>",
						"<android.preference.GenericInflater: java.lang.Object createItemFromTag(org.xmlpull.v1.XmlPullParser,java.lang.String,android.util.AttributeSet)>",
						"key field: <android.preference.GenericInflater: android.preference.GenericInflater$Factory mFactory>",
						"<android.preference.GenericInflater: java.lang.Object createItemFromTag(org.xmlpull.v1.XmlPullParser,java.lang.String,android.util.AttributeSet)>"
					],
					"depth":5,
					"method":"<android.preference.PreferenceManager: android.preference.PreferenceScreen inflateFromResource(android.content.Context,int,android.preference.PreferenceScreen)>",
					"source":"FIELDCALLER"
				},
				{
					"trace":[
						"<android.preference.PreferenceActivity: void addPreferencesFromIntent(android.content.Intent)>",
						"<android.preference.PreferenceManager: android.preference.PreferenceScreen inflateFromIntent(android.content.Intent,android.preference.PreferenceScreen)>",
						"<android.preference.GenericInflater: java.lang.Object inflate(org.xmlpull.v1.XmlPullParser,android.preference.GenericInflater$Parent,boolean)>",
						"<android.preference.GenericInflater: void rInflate(org.xmlpull.v1.XmlPullParser,java.lang.Object,android.util.AttributeSet)>",
						"<android.preference.GenericInflater: java.lang.Object createItemFromTag(org.xmlpull.v1.XmlPullParser,java.lang.String,android.util.AttributeSet)>",
						"key field: <android.preference.GenericInflater: android.preference.GenericInflater$Factory mFactory>",
						"<android.preference.GenericInflater: java.lang.Object createItemFromTag(org.xmlpull.v1.XmlPullParser,java.lang.String,android.util.AttributeSet)>"
					],
					"depth":5,
					"method":"<android.preference.PreferenceActivity: void addPreferencesFromIntent(android.content.Intent)>",
					"source":"FIELDCALLER"
				},
				{
					"trace":[
						"<android.preference.PreferenceActivity: void addPreferencesFromResource(int)>",
						"<android.preference.PreferenceManager: android.preference.PreferenceScreen inflateFromResource(android.content.Context,int,android.preference.PreferenceScreen)>",
						"<android.preference.GenericInflater: java.lang.Object inflate(int,android.preference.GenericInflater$Parent,boolean)>",
						"<android.preference.GenericInflater: java.lang.Object inflate(org.xmlpull.v1.XmlPullParser,android.preference.GenericInflater$Parent,boolean)>",
						"<android.preference.GenericInflater: void rInflate(org.xmlpull.v1.XmlPullParser,java.lang.Object,android.util.AttributeSet)>",
						"<android.preference.GenericInflater: java.lang.Object createItemFromTag(org.xmlpull.v1.XmlPullParser,java.lang.String,android.util.AttributeSet)>",
						"key field: <android.preference.GenericInflater: android.preference.GenericInflater$Factory mFactory>",
						"<android.preference.GenericInflater: java.lang.Object createItemFromTag(org.xmlpull.v1.XmlPullParser,java.lang.String,android.util.AttributeSet)>"
					],
					"depth":6,
					"method":"<android.preference.PreferenceActivity: void addPreferencesFromResource(int)>",
					"source":"FIELDCALLER"
				},
				{
					"trace":[
						"<android.preference.PreferenceManager: void setDefaultValues(android.content.Context,java.lang.String,int,int,boolean)>",
						"<android.preference.PreferenceManager: android.preference.PreferenceScreen inflateFromResource(android.content.Context,int,android.preference.PreferenceScreen)>",
						"<android.preference.GenericInflater: java.lang.Object inflate(int,android.preference.GenericInflater$Parent,boolean)>",
						"<android.preference.GenericInflater: java.lang.Object inflate(org.xmlpull.v1.XmlPullParser,android.preference.GenericInflater$Parent,boolean)>",
						"<android.preference.GenericInflater: void rInflate(org.xmlpull.v1.XmlPullParser,java.lang.Object,android.util.AttributeSet)>",
						"<android.preference.GenericInflater: java.lang.Object createItemFromTag(org.xmlpull.v1.XmlPullParser,java.lang.String,android.util.AttributeSet)>",
						"key field: <android.preference.GenericInflater: android.preference.GenericInflater$Factory mFactory>",
						"<android.preference.GenericInflater: java.lang.Object createItemFromTag(org.xmlpull.v1.XmlPullParser,java.lang.String,android.util.AttributeSet)>"
					],
					"depth":6,
					"method":"<android.preference.PreferenceManager: void setDefaultValues(android.content.Context,java.lang.String,int,int,boolean)>",
					"source":"FIELDCALLER"
				},
				{
					"trace":[
						"<android.preference.PreferenceManager: void setDefaultValues(android.content.Context,int,boolean)>",
						"<android.preference.PreferenceManager: void setDefaultValues(android.content.Context,java.lang.String,int,int,boolean)>",
						"<android.preference.PreferenceManager: android.preference.PreferenceScreen inflateFromResource(android.content.Context,int,android.preference.PreferenceScreen)>",
						"<android.preference.GenericInflater: java.lang.Object inflate(int,android.preference.GenericInflater$Parent,boolean)>",
						"<android.preference.GenericInflater: java.lang.Object inflate(org.xmlpull.v1.XmlPullParser,android.preference.GenericInflater$Parent,boolean)>",
						"<android.preference.GenericInflater: void rInflate(org.xmlpull.v1.XmlPullParser,java.lang.Object,android.util.AttributeSet)>",
						"<android.preference.GenericInflater: java.lang.Object createItemFromTag(org.xmlpull.v1.XmlPullParser,java.lang.String,android.util.AttributeSet)>",
						"key field: <android.preference.GenericInflater: android.preference.GenericInflater$Factory mFactory>",
						"<android.preference.GenericInflater: java.lang.Object createItemFromTag(org.xmlpull.v1.XmlPullParser,java.lang.String,android.util.AttributeSet)>"
					],
					"depth":7,
					"method":"<android.preference.PreferenceManager: void setDefaultValues(android.content.Context,int,boolean)>",
					"source":"FIELDCALLER"
				}
			],
			"callerOfSingnlar2SourceVar":{}
		},
		{
			"method":"<android.preference.GenericInflater: java.lang.Object createItemFromTag(org.xmlpull.v1.XmlPullParser,java.lang.String,android.util.AttributeSet)>",
			"message":"[\\s\\S]*\\Q: Error inflating class \\E[\\s\\S]*",
			"relatedVarType":"Field",
			"relatedCondType":"Basic",
			"modifier":"private",
			"type":"android.view.InflateException",
			"osVersionRelated":false,
			"resourceRelated":false,
			"assessRelated":false,
			"hardwareRelated":false,
			"manifestRelated":false,
			"conditions":"r33 != null, $r1 != null",
			"fieldValues":"<android.preference.GenericInflater: android.preference.GenericInflater$Factory mFactory>",
			"caughtValues":"@caughtexception",
			"relatedValues":"; <android.preference.GenericInflater: android.preference.GenericInflater$Factory mFactory>; @caughtexception",
			"keyAPISameClassNum":5,
			"keyAPIDiffClassNum":7,
			"keyAPISameClass":[
				{
					"trace":[
						"<android.preference.GenericInflater: java.lang.Object createItemFromTag(org.xmlpull.v1.XmlPullParser,java.lang.String,android.util.AttributeSet)>"
					],
					"depth":1,
					"method":"<android.preference.GenericInflater: void setFactory(android.preference.GenericInflater$Factory)>",
					"source":"FIELD"
				},
				{
					"trace":[
						"<android.preference.GenericInflater: java.lang.Object inflate(org.xmlpull.v1.XmlPullParser,android.preference.GenericInflater$Parent,boolean)>",
						"<android.preference.GenericInflater: void rInflate(org.xmlpull.v1.XmlPullParser,java.lang.Object,android.util.AttributeSet)>",
						"<android.preference.GenericInflater: java.lang.Object createItemFromTag(org.xmlpull.v1.XmlPullParser,java.lang.String,android.util.AttributeSet)>",
						"key field: <android.preference.GenericInflater: android.preference.GenericInflater$Factory mFactory>",
						"<android.preference.GenericInflater: java.lang.Object createItemFromTag(org.xmlpull.v1.XmlPullParser,java.lang.String,android.util.AttributeSet)>"
					],
					"depth":3,
					"method":"<android.preference.GenericInflater: java.lang.Object inflate(org.xmlpull.v1.XmlPullParser,android.preference.GenericInflater$Parent,boolean)>",
					"source":"FIELDCALLER"
				},
				{
					"trace":[
						"<android.preference.GenericInflater: java.lang.Object inflate(int,android.preference.GenericInflater$Parent,boolean)>",
						"<android.preference.GenericInflater: java.lang.Object inflate(org.xmlpull.v1.XmlPullParser,android.preference.GenericInflater$Parent,boolean)>",
						"<android.preference.GenericInflater: void rInflate(org.xmlpull.v1.XmlPullParser,java.lang.Object,android.util.AttributeSet)>",
						"<android.preference.GenericInflater: java.lang.Object createItemFromTag(org.xmlpull.v1.XmlPullParser,java.lang.String,android.util.AttributeSet)>",
						"key field: <android.preference.GenericInflater: android.preference.GenericInflater$Factory mFactory>",
						"<android.preference.GenericInflater: java.lang.Object createItemFromTag(org.xmlpull.v1.XmlPullParser,java.lang.String,android.util.AttributeSet)>"
					],
					"depth":4,
					"method":"<android.preference.GenericInflater: java.lang.Object inflate(int,android.preference.GenericInflater$Parent,boolean)>",
					"source":"FIELDCALLER"
				},
				{
					"trace":[
						"<android.preference.GenericInflater: java.lang.Object inflate(org.xmlpull.v1.XmlPullParser,android.preference.GenericInflater$Parent)>",
						"<android.preference.GenericInflater: java.lang.Object inflate(org.xmlpull.v1.XmlPullParser,android.preference.GenericInflater$Parent,boolean)>",
						"<android.preference.GenericInflater: void rInflate(org.xmlpull.v1.XmlPullParser,java.lang.Object,android.util.AttributeSet)>",
						"<android.preference.GenericInflater: java.lang.Object createItemFromTag(org.xmlpull.v1.XmlPullParser,java.lang.String,android.util.AttributeSet)>",
						"key field: <android.preference.GenericInflater: android.preference.GenericInflater$Factory mFactory>",
						"<android.preference.GenericInflater: java.lang.Object createItemFromTag(org.xmlpull.v1.XmlPullParser,java.lang.String,android.util.AttributeSet)>"
					],
					"depth":4,
					"method":"<android.preference.GenericInflater: java.lang.Object inflate(org.xmlpull.v1.XmlPullParser,android.preference.GenericInflater$Parent)>",
					"source":"FIELDCALLER"
				},
				{
					"trace":[
						"<android.preference.GenericInflater: java.lang.Object inflate(int,android.preference.GenericInflater$Parent)>",
						"<android.preference.GenericInflater: java.lang.Object inflate(int,android.preference.GenericInflater$Parent,boolean)>",
						"<android.preference.GenericInflater: java.lang.Object inflate(org.xmlpull.v1.XmlPullParser,android.preference.GenericInflater$Parent,boolean)>",
						"<android.preference.GenericInflater: void rInflate(org.xmlpull.v1.XmlPullParser,java.lang.Object,android.util.AttributeSet)>",
						"<android.preference.GenericInflater: java.lang.Object createItemFromTag(org.xmlpull.v1.XmlPullParser,java.lang.String,android.util.AttributeSet)>",
						"key field: <android.preference.GenericInflater: android.preference.GenericInflater$Factory mFactory>",
						"<android.preference.GenericInflater: java.lang.Object createItemFromTag(org.xmlpull.v1.XmlPullParser,java.lang.String,android.util.AttributeSet)>"
					],
					"depth":5,
					"method":"<android.preference.GenericInflater: java.lang.Object inflate(int,android.preference.GenericInflater$Parent)>",
					"source":"FIELDCALLER"
				}
			],
			"keyAPIDiffClass":[
				{
					"trace":[
						"<android.preference.GenericInflater: android.preference.GenericInflater cloneInContext(android.content.Context)>",
						"<android.preference.PreferenceInflater: void <init>(android.preference.GenericInflater,android.preference.PreferenceManager,android.content.Context)>",
						"<android.preference.GenericInflater: void <init>(android.preference.GenericInflater,android.content.Context)>",
						"key field: <android.preference.GenericInflater: android.preference.GenericInflater$Factory mFactory>",
						"<android.preference.GenericInflater: java.lang.Object createItemFromTag(org.xmlpull.v1.XmlPullParser,java.lang.String,android.util.AttributeSet)>"
					],
					"depth":3,
					"method":"<android.preference.GenericInflater: android.preference.GenericInflater cloneInContext(android.content.Context)>",
					"source":"FIELDCALLER"
				},
				{
					"trace":[
						"<android.preference.PreferenceInflater: android.preference.GenericInflater cloneInContext(android.content.Context)>",
						"<android.preference.PreferenceInflater: void <init>(android.preference.GenericInflater,android.preference.PreferenceManager,android.content.Context)>",
						"<android.preference.GenericInflater: void <init>(android.preference.GenericInflater,android.content.Context)>",
						"key field: <android.preference.GenericInflater: android.preference.GenericInflater$Factory mFactory>",
						"<android.preference.GenericInflater: java.lang.Object createItemFromTag(org.xmlpull.v1.XmlPullParser,java.lang.String,android.util.AttributeSet)>"
					],
					"depth":3,
					"method":"<android.preference.PreferenceInflater: android.preference.GenericInflater cloneInContext(android.content.Context)>",
					"source":"FIELDCALLER"
				},
				{
					"trace":[
						"<android.preference.PreferenceManager: android.preference.PreferenceScreen inflateFromResource(android.content.Context,int,android.preference.PreferenceScreen)>",
						"<android.preference.GenericInflater: java.lang.Object inflate(int,android.preference.GenericInflater$Parent,boolean)>",
						"<android.preference.GenericInflater: java.lang.Object inflate(org.xmlpull.v1.XmlPullParser,android.preference.GenericInflater$Parent,boolean)>",
						"<android.preference.GenericInflater: void rInflate(org.xmlpull.v1.XmlPullParser,java.lang.Object,android.util.AttributeSet)>",
						"<android.preference.GenericInflater: java.lang.Object createItemFromTag(org.xmlpull.v1.XmlPullParser,java.lang.String,android.util.AttributeSet)>",
						"key field: <android.preference.GenericInflater: android.preference.GenericInflater$Factory mFactory>",
						"<android.preference.GenericInflater: java.lang.Object createItemFromTag(org.xmlpull.v1.XmlPullParser,java.lang.String,android.util.AttributeSet)>"
					],
					"depth":5,
					"method":"<android.preference.PreferenceManager: android.preference.PreferenceScreen inflateFromResource(android.content.Context,int,android.preference.PreferenceScreen)>",
					"source":"FIELDCALLER"
				},
				{
					"trace":[
						"<android.preference.PreferenceActivity: void addPreferencesFromIntent(android.content.Intent)>",
						"<android.preference.PreferenceManager: android.preference.PreferenceScreen inflateFromIntent(android.content.Intent,android.preference.PreferenceScreen)>",
						"<android.preference.GenericInflater: java.lang.Object inflate(org.xmlpull.v1.XmlPullParser,android.preference.GenericInflater$Parent,boolean)>",
						"<android.preference.GenericInflater: void rInflate(org.xmlpull.v1.XmlPullParser,java.lang.Object,android.util.AttributeSet)>",
						"<android.preference.GenericInflater: java.lang.Object createItemFromTag(org.xmlpull.v1.XmlPullParser,java.lang.String,android.util.AttributeSet)>",
						"key field: <android.preference.GenericInflater: android.preference.GenericInflater$Factory mFactory>",
						"<android.preference.GenericInflater: java.lang.Object createItemFromTag(org.xmlpull.v1.XmlPullParser,java.lang.String,android.util.AttributeSet)>"
					],
					"depth":5,
					"method":"<android.preference.PreferenceActivity: void addPreferencesFromIntent(android.content.Intent)>",
					"source":"FIELDCALLER"
				},
				{
					"trace":[
						"<android.preference.PreferenceActivity: void addPreferencesFromResource(int)>",
						"<android.preference.PreferenceManager: android.preference.PreferenceScreen inflateFromResource(android.content.Context,int,android.preference.PreferenceScreen)>",
						"<android.preference.GenericInflater: java.lang.Object inflate(int,android.preference.GenericInflater$Parent,boolean)>",
						"<android.preference.GenericInflater: java.lang.Object inflate(org.xmlpull.v1.XmlPullParser,android.preference.GenericInflater$Parent,boolean)>",
						"<android.preference.GenericInflater: void rInflate(org.xmlpull.v1.XmlPullParser,java.lang.Object,android.util.AttributeSet)>",
						"<android.preference.GenericInflater: java.lang.Object createItemFromTag(org.xmlpull.v1.XmlPullParser,java.lang.String,android.util.AttributeSet)>",
						"key field: <android.preference.GenericInflater: android.preference.GenericInflater$Factory mFactory>",
						"<android.preference.GenericInflater: java.lang.Object createItemFromTag(org.xmlpull.v1.XmlPullParser,java.lang.String,android.util.AttributeSet)>"
					],
					"depth":6,
					"method":"<android.preference.PreferenceActivity: void addPreferencesFromResource(int)>",
					"source":"FIELDCALLER"
				},
				{
					"trace":[
						"<android.preference.PreferenceManager: void setDefaultValues(android.content.Context,java.lang.String,int,int,boolean)>",
						"<android.preference.PreferenceManager: android.preference.PreferenceScreen inflateFromResource(android.content.Context,int,android.preference.PreferenceScreen)>",
						"<android.preference.GenericInflater: java.lang.Object inflate(int,android.preference.GenericInflater$Parent,boolean)>",
						"<android.preference.GenericInflater: java.lang.Object inflate(org.xmlpull.v1.XmlPullParser,android.preference.GenericInflater$Parent,boolean)>",
						"<android.preference.GenericInflater: void rInflate(org.xmlpull.v1.XmlPullParser,java.lang.Object,android.util.AttributeSet)>",
						"<android.preference.GenericInflater: java.lang.Object createItemFromTag(org.xmlpull.v1.XmlPullParser,java.lang.String,android.util.AttributeSet)>",
						"key field: <android.preference.GenericInflater: android.preference.GenericInflater$Factory mFactory>",
						"<android.preference.GenericInflater: java.lang.Object createItemFromTag(org.xmlpull.v1.XmlPullParser,java.lang.String,android.util.AttributeSet)>"
					],
					"depth":6,
					"method":"<android.preference.PreferenceManager: void setDefaultValues(android.content.Context,java.lang.String,int,int,boolean)>",
					"source":"FIELDCALLER"
				},
				{
					"trace":[
						"<android.preference.PreferenceManager: void setDefaultValues(android.content.Context,int,boolean)>",
						"<android.preference.PreferenceManager: void setDefaultValues(android.content.Context,java.lang.String,int,int,boolean)>",
						"<android.preference.PreferenceManager: android.preference.PreferenceScreen inflateFromResource(android.content.Context,int,android.preference.PreferenceScreen)>",
						"<android.preference.GenericInflater: java.lang.Object inflate(int,android.preference.GenericInflater$Parent,boolean)>",
						"<android.preference.GenericInflater: java.lang.Object inflate(org.xmlpull.v1.XmlPullParser,android.preference.GenericInflater$Parent,boolean)>",
						"<android.preference.GenericInflater: void rInflate(org.xmlpull.v1.XmlPullParser,java.lang.Object,android.util.AttributeSet)>",
						"<android.preference.GenericInflater: java.lang.Object createItemFromTag(org.xmlpull.v1.XmlPullParser,java.lang.String,android.util.AttributeSet)>",
						"key field: <android.preference.GenericInflater: android.preference.GenericInflater$Factory mFactory>",
						"<android.preference.GenericInflater: java.lang.Object createItemFromTag(org.xmlpull.v1.XmlPullParser,java.lang.String,android.util.AttributeSet)>"
					],
					"depth":7,
					"method":"<android.preference.PreferenceManager: void setDefaultValues(android.content.Context,int,boolean)>",
					"source":"FIELDCALLER"
				}
			],
			"callerOfSingnlar2SourceVar":{}
		},
		{
			"method":"<android.preference.GenericInflater: java.lang.Object createItem(java.lang.String,java.lang.String,android.util.AttributeSet)>",
			"message":"[\\s\\S]*\\Q: Error inflating class \\E[\\s\\S]*",
			"relatedVarType":"ParaAndField",
			"relatedCondType":"Basic",
			"modifier":"public",
			"type":"android.view.InflateException",
			"osVersionRelated":false,
			"resourceRelated":false,
			"assessRelated":false,
			"hardwareRelated":false,
			"manifestRelated":false,
			"conditions":"r46 != null, r9 == null",
			"paramValues":"@parameter0: java.lang.String, @parameter1: java.lang.String",
			"fieldValues":"<android.preference.GenericInflater: java.util.HashMap sConstructorMap>",
			"caughtValues":"@caughtexception",
			"relatedValues":"@parameter0: java.lang.String, @parameter1: java.lang.String; <android.preference.GenericInflater: java.util.HashMap sConstructorMap>; @caughtexception",
			"keyAPISameClassNum":5,
			"keyAPIDiffClassNum":5,
			"keyAPISameClass":[
				{
					"trace":[
						"<android.preference.GenericInflater: java.lang.Object createItem(java.lang.String,java.lang.String,android.util.AttributeSet)>"
					],
					"depth":1,
					"method":"<android.preference.GenericInflater: java.lang.Object createItem(java.lang.String,java.lang.String,android.util.AttributeSet)>",
					"source":"FIELD"
				},
				{
					"trace":[
						"<android.preference.GenericInflater: java.lang.Object inflate(org.xmlpull.v1.XmlPullParser,android.preference.GenericInflater$Parent,boolean)>",
						"<android.preference.GenericInflater: void rInflate(org.xmlpull.v1.XmlPullParser,java.lang.Object,android.util.AttributeSet)>",
						"<android.preference.GenericInflater: java.lang.Object createItemFromTag(org.xmlpull.v1.XmlPullParser,java.lang.String,android.util.AttributeSet)>",
						"<android.preference.GenericInflater: java.lang.Object createItem(java.lang.String,java.lang.String,android.util.AttributeSet)>",
						"key field: <android.preference.GenericInflater: java.util.HashMap sConstructorMap>",
						"<android.preference.GenericInflater: java.lang.Object createItem(java.lang.String,java.lang.String,android.util.AttributeSet)>"
					],
					"depth":4,
					"method":"<android.preference.GenericInflater: java.lang.Object inflate(org.xmlpull.v1.XmlPullParser,android.preference.GenericInflater$Parent,boolean)>",
					"source":"FIELDCALLER"
				},
				{
					"trace":[
						"<android.preference.GenericInflater: java.lang.Object inflate(int,android.preference.GenericInflater$Parent,boolean)>",
						"<android.preference.GenericInflater: java.lang.Object inflate(org.xmlpull.v1.XmlPullParser,android.preference.GenericInflater$Parent,boolean)>",
						"<android.preference.GenericInflater: void rInflate(org.xmlpull.v1.XmlPullParser,java.lang.Object,android.util.AttributeSet)>",
						"<android.preference.GenericInflater: java.lang.Object createItemFromTag(org.xmlpull.v1.XmlPullParser,java.lang.String,android.util.AttributeSet)>",
						"<android.preference.GenericInflater: java.lang.Object createItem(java.lang.String,java.lang.String,android.util.AttributeSet)>",
						"key field: <android.preference.GenericInflater: java.util.HashMap sConstructorMap>",
						"<android.preference.GenericInflater: java.lang.Object createItem(java.lang.String,java.lang.String,android.util.AttributeSet)>"
					],
					"depth":5,
					"method":"<android.preference.GenericInflater: java.lang.Object inflate(int,android.preference.GenericInflater$Parent,boolean)>",
					"source":"FIELDCALLER"
				},
				{
					"trace":[
						"<android.preference.GenericInflater: java.lang.Object inflate(org.xmlpull.v1.XmlPullParser,android.preference.GenericInflater$Parent)>",
						"<android.preference.GenericInflater: java.lang.Object inflate(org.xmlpull.v1.XmlPullParser,android.preference.GenericInflater$Parent,boolean)>",
						"<android.preference.GenericInflater: void rInflate(org.xmlpull.v1.XmlPullParser,java.lang.Object,android.util.AttributeSet)>",
						"<android.preference.GenericInflater: java.lang.Object createItemFromTag(org.xmlpull.v1.XmlPullParser,java.lang.String,android.util.AttributeSet)>",
						"<android.preference.GenericInflater: java.lang.Object createItem(java.lang.String,java.lang.String,android.util.AttributeSet)>",
						"key field: <android.preference.GenericInflater: java.util.HashMap sConstructorMap>",
						"<android.preference.GenericInflater: java.lang.Object createItem(java.lang.String,java.lang.String,android.util.AttributeSet)>"
					],
					"depth":5,
					"method":"<android.preference.GenericInflater: java.lang.Object inflate(org.xmlpull.v1.XmlPullParser,android.preference.GenericInflater$Parent)>",
					"source":"FIELDCALLER"
				},
				{
					"trace":[
						"<android.preference.GenericInflater: java.lang.Object inflate(int,android.preference.GenericInflater$Parent)>",
						"<android.preference.GenericInflater: java.lang.Object inflate(int,android.preference.GenericInflater$Parent,boolean)>",
						"<android.preference.GenericInflater: java.lang.Object inflate(org.xmlpull.v1.XmlPullParser,android.preference.GenericInflater$Parent,boolean)>",
						"<android.preference.GenericInflater: void rInflate(org.xmlpull.v1.XmlPullParser,java.lang.Object,android.util.AttributeSet)>",
						"<android.preference.GenericInflater: java.lang.Object createItemFromTag(org.xmlpull.v1.XmlPullParser,java.lang.String,android.util.AttributeSet)>",
						"<android.preference.GenericInflater: java.lang.Object createItem(java.lang.String,java.lang.String,android.util.AttributeSet)>",
						"key field: <android.preference.GenericInflater: java.util.HashMap sConstructorMap>",
						"<android.preference.GenericInflater: java.lang.Object createItem(java.lang.String,java.lang.String,android.util.AttributeSet)>"
					],
					"depth":6,
					"method":"<android.preference.GenericInflater: java.lang.Object inflate(int,android.preference.GenericInflater$Parent)>",
					"source":"FIELDCALLER"
				}
			],
			"keyAPIDiffClass":[
				{
					"trace":[
						"<android.preference.PreferenceManager: android.preference.PreferenceScreen inflateFromResource(android.content.Context,int,android.preference.PreferenceScreen)>",
						"<android.preference.GenericInflater: java.lang.Object inflate(int,android.preference.GenericInflater$Parent,boolean)>",
						"<android.preference.GenericInflater: java.lang.Object inflate(org.xmlpull.v1.XmlPullParser,android.preference.GenericInflater$Parent,boolean)>",
						"<android.preference.GenericInflater: void rInflate(org.xmlpull.v1.XmlPullParser,java.lang.Object,android.util.AttributeSet)>",
						"<android.preference.GenericInflater: java.lang.Object createItemFromTag(org.xmlpull.v1.XmlPullParser,java.lang.String,android.util.AttributeSet)>",
						"<android.preference.GenericInflater: java.lang.Object createItem(java.lang.String,java.lang.String,android.util.AttributeSet)>",
						"key field: <android.preference.GenericInflater: java.util.HashMap sConstructorMap>",
						"<android.preference.GenericInflater: java.lang.Object createItem(java.lang.String,java.lang.String,android.util.AttributeSet)>"
					],
					"depth":6,
					"method":"<android.preference.PreferenceManager: android.preference.PreferenceScreen inflateFromResource(android.content.Context,int,android.preference.PreferenceScreen)>",
					"source":"FIELDCALLER"
				},
				{
					"trace":[
						"<android.preference.PreferenceActivity: void addPreferencesFromIntent(android.content.Intent)>",
						"<android.preference.PreferenceManager: android.preference.PreferenceScreen inflateFromIntent(android.content.Intent,android.preference.PreferenceScreen)>",
						"<android.preference.GenericInflater: java.lang.Object inflate(org.xmlpull.v1.XmlPullParser,android.preference.GenericInflater$Parent,boolean)>",
						"<android.preference.GenericInflater: void rInflate(org.xmlpull.v1.XmlPullParser,java.lang.Object,android.util.AttributeSet)>",
						"<android.preference.GenericInflater: java.lang.Object createItemFromTag(org.xmlpull.v1.XmlPullParser,java.lang.String,android.util.AttributeSet)>",
						"<android.preference.GenericInflater: java.lang.Object createItem(java.lang.String,java.lang.String,android.util.AttributeSet)>",
						"key field: <android.preference.GenericInflater: java.util.HashMap sConstructorMap>",
						"<android.preference.GenericInflater: java.lang.Object createItem(java.lang.String,java.lang.String,android.util.AttributeSet)>"
					],
					"depth":6,
					"method":"<android.preference.PreferenceActivity: void addPreferencesFromIntent(android.content.Intent)>",
					"source":"FIELDCALLER"
				},
				{
					"trace":[
						"<android.preference.PreferenceActivity: void addPreferencesFromResource(int)>",
						"<android.preference.PreferenceManager: android.preference.PreferenceScreen inflateFromResource(android.content.Context,int,android.preference.PreferenceScreen)>",
						"<android.preference.GenericInflater: java.lang.Object inflate(int,android.preference.GenericInflater$Parent,boolean)>",
						"<android.preference.GenericInflater: java.lang.Object inflate(org.xmlpull.v1.XmlPullParser,android.preference.GenericInflater$Parent,boolean)>",
						"<android.preference.GenericInflater: void rInflate(org.xmlpull.v1.XmlPullParser,java.lang.Object,android.util.AttributeSet)>",
						"<android.preference.GenericInflater: java.lang.Object createItemFromTag(org.xmlpull.v1.XmlPullParser,java.lang.String,android.util.AttributeSet)>",
						"<android.preference.GenericInflater: java.lang.Object createItem(java.lang.String,java.lang.String,android.util.AttributeSet)>",
						"key field: <android.preference.GenericInflater: java.util.HashMap sConstructorMap>",
						"<android.preference.GenericInflater: java.lang.Object createItem(java.lang.String,java.lang.String,android.util.AttributeSet)>"
					],
					"depth":7,
					"method":"<android.preference.PreferenceActivity: void addPreferencesFromResource(int)>",
					"source":"FIELDCALLER"
				},
				{
					"trace":[
						"<android.preference.PreferenceManager: void setDefaultValues(android.content.Context,java.lang.String,int,int,boolean)>",
						"<android.preference.PreferenceManager: android.preference.PreferenceScreen inflateFromResource(android.content.Context,int,android.preference.PreferenceScreen)>",
						"<android.preference.GenericInflater: java.lang.Object inflate(int,android.preference.GenericInflater$Parent,boolean)>",
						"<android.preference.GenericInflater: java.lang.Object inflate(org.xmlpull.v1.XmlPullParser,android.preference.GenericInflater$Parent,boolean)>",
						"<android.preference.GenericInflater: void rInflate(org.xmlpull.v1.XmlPullParser,java.lang.Object,android.util.AttributeSet)>",
						"<android.preference.GenericInflater: java.lang.Object createItemFromTag(org.xmlpull.v1.XmlPullParser,java.lang.String,android.util.AttributeSet)>",
						"<android.preference.GenericInflater: java.lang.Object createItem(java.lang.String,java.lang.String,android.util.AttributeSet)>",
						"key field: <android.preference.GenericInflater: java.util.HashMap sConstructorMap>",
						"<android.preference.GenericInflater: java.lang.Object createItem(java.lang.String,java.lang.String,android.util.AttributeSet)>"
					],
					"depth":7,
					"method":"<android.preference.PreferenceManager: void setDefaultValues(android.content.Context,java.lang.String,int,int,boolean)>",
					"source":"FIELDCALLER"
				},
				{
					"trace":[
						"<android.preference.PreferenceManager: void setDefaultValues(android.content.Context,int,boolean)>",
						"<android.preference.PreferenceManager: void setDefaultValues(android.content.Context,java.lang.String,int,int,boolean)>",
						"<android.preference.PreferenceManager: android.preference.PreferenceScreen inflateFromResource(android.content.Context,int,android.preference.PreferenceScreen)>",
						"<android.preference.GenericInflater: java.lang.Object inflate(int,android.preference.GenericInflater$Parent,boolean)>",
						"<android.preference.GenericInflater: java.lang.Object inflate(org.xmlpull.v1.XmlPullParser,android.preference.GenericInflater$Parent,boolean)>",
						"<android.preference.GenericInflater: void rInflate(org.xmlpull.v1.XmlPullParser,java.lang.Object,android.util.AttributeSet)>",
						"<android.preference.GenericInflater: java.lang.Object createItemFromTag(org.xmlpull.v1.XmlPullParser,java.lang.String,android.util.AttributeSet)>",
						"<android.preference.GenericInflater: java.lang.Object createItem(java.lang.String,java.lang.String,android.util.AttributeSet)>",
						"key field: <android.preference.GenericInflater: java.util.HashMap sConstructorMap>",
						"<android.preference.GenericInflater: java.lang.Object createItem(java.lang.String,java.lang.String,android.util.AttributeSet)>"
					],
					"depth":8,
					"method":"<android.preference.PreferenceManager: void setDefaultValues(android.content.Context,int,boolean)>",
					"source":"FIELDCALLER"
				}
			],
			"callerOfSingnlar2SourceVar":{
				"<android.preference.GenericInflater: java.lang.Object onCreateItem(java.lang.String,android.util.AttributeSet)>":"0",
				"<android.preference.GenericInflater: java.lang.Object createItemFromTag(org.xmlpull.v1.XmlPullParser,java.lang.String,android.util.AttributeSet)>":"1",
				"<android.preference.GenericInflater: java.lang.Object createItem(java.lang.String,java.lang.String,android.util.AttributeSet)>":"0, 1"
			}
		},
		{
			"method":"<android.preference.GenericInflater: java.lang.Object createItem(java.lang.String,java.lang.String,android.util.AttributeSet)>",
			"message":"[\\s\\S]*\\Q: Error inflating class \\E[\\s\\S]*",
			"relatedVarType":"ParaAndField",
			"relatedCondType":"Basic",
			"modifier":"public",
			"type":"android.view.InflateException",
			"osVersionRelated":false,
			"resourceRelated":false,
			"assessRelated":false,
			"hardwareRelated":false,
			"manifestRelated":false,
			"conditions":"r9 == null, r46 != null, r9 == null",
			"paramValues":"@parameter1: java.lang.String, @parameter0: java.lang.String",
			"fieldValues":"<android.preference.GenericInflater: java.util.HashMap sConstructorMap>",
			"caughtValues":"@caughtexception",
			"relatedValues":"@parameter1: java.lang.String, @parameter0: java.lang.String; <android.preference.GenericInflater: java.util.HashMap sConstructorMap>; @caughtexception",
			"keyAPISameClassNum":5,
			"keyAPIDiffClassNum":5,
			"keyAPISameClass":[
				{
					"trace":[
						"<android.preference.GenericInflater: java.lang.Object createItem(java.lang.String,java.lang.String,android.util.AttributeSet)>"
					],
					"depth":1,
					"method":"<android.preference.GenericInflater: java.lang.Object createItem(java.lang.String,java.lang.String,android.util.AttributeSet)>",
					"source":"FIELD"
				},
				{
					"trace":[
						"<android.preference.GenericInflater: java.lang.Object inflate(org.xmlpull.v1.XmlPullParser,android.preference.GenericInflater$Parent,boolean)>",
						"<android.preference.GenericInflater: void rInflate(org.xmlpull.v1.XmlPullParser,java.lang.Object,android.util.AttributeSet)>",
						"<android.preference.GenericInflater: java.lang.Object createItemFromTag(org.xmlpull.v1.XmlPullParser,java.lang.String,android.util.AttributeSet)>",
						"<android.preference.GenericInflater: java.lang.Object createItem(java.lang.String,java.lang.String,android.util.AttributeSet)>",
						"key field: <android.preference.GenericInflater: java.util.HashMap sConstructorMap>",
						"<android.preference.GenericInflater: java.lang.Object createItem(java.lang.String,java.lang.String,android.util.AttributeSet)>"
					],
					"depth":4,
					"method":"<android.preference.GenericInflater: java.lang.Object inflate(org.xmlpull.v1.XmlPullParser,android.preference.GenericInflater$Parent,boolean)>",
					"source":"FIELDCALLER"
				},
				{
					"trace":[
						"<android.preference.GenericInflater: java.lang.Object inflate(int,android.preference.GenericInflater$Parent,boolean)>",
						"<android.preference.GenericInflater: java.lang.Object inflate(org.xmlpull.v1.XmlPullParser,android.preference.GenericInflater$Parent,boolean)>",
						"<android.preference.GenericInflater: void rInflate(org.xmlpull.v1.XmlPullParser,java.lang.Object,android.util.AttributeSet)>",
						"<android.preference.GenericInflater: java.lang.Object createItemFromTag(org.xmlpull.v1.XmlPullParser,java.lang.String,android.util.AttributeSet)>",
						"<android.preference.GenericInflater: java.lang.Object createItem(java.lang.String,java.lang.String,android.util.AttributeSet)>",
						"key field: <android.preference.GenericInflater: java.util.HashMap sConstructorMap>",
						"<android.preference.GenericInflater: java.lang.Object createItem(java.lang.String,java.lang.String,android.util.AttributeSet)>"
					],
					"depth":5,
					"method":"<android.preference.GenericInflater: java.lang.Object inflate(int,android.preference.GenericInflater$Parent,boolean)>",
					"source":"FIELDCALLER"
				},
				{
					"trace":[
						"<android.preference.GenericInflater: java.lang.Object inflate(org.xmlpull.v1.XmlPullParser,android.preference.GenericInflater$Parent)>",
						"<android.preference.GenericInflater: java.lang.Object inflate(org.xmlpull.v1.XmlPullParser,android.preference.GenericInflater$Parent,boolean)>",
						"<android.preference.GenericInflater: void rInflate(org.xmlpull.v1.XmlPullParser,java.lang.Object,android.util.AttributeSet)>",
						"<android.preference.GenericInflater: java.lang.Object createItemFromTag(org.xmlpull.v1.XmlPullParser,java.lang.String,android.util.AttributeSet)>",
						"<android.preference.GenericInflater: java.lang.Object createItem(java.lang.String,java.lang.String,android.util.AttributeSet)>",
						"key field: <android.preference.GenericInflater: java.util.HashMap sConstructorMap>",
						"<android.preference.GenericInflater: java.lang.Object createItem(java.lang.String,java.lang.String,android.util.AttributeSet)>"
					],
					"depth":5,
					"method":"<android.preference.GenericInflater: java.lang.Object inflate(org.xmlpull.v1.XmlPullParser,android.preference.GenericInflater$Parent)>",
					"source":"FIELDCALLER"
				},
				{
					"trace":[
						"<android.preference.GenericInflater: java.lang.Object inflate(int,android.preference.GenericInflater$Parent)>",
						"<android.preference.GenericInflater: java.lang.Object inflate(int,android.preference.GenericInflater$Parent,boolean)>",
						"<android.preference.GenericInflater: java.lang.Object inflate(org.xmlpull.v1.XmlPullParser,android.preference.GenericInflater$Parent,boolean)>",
						"<android.preference.GenericInflater: void rInflate(org.xmlpull.v1.XmlPullParser,java.lang.Object,android.util.AttributeSet)>",
						"<android.preference.GenericInflater: java.lang.Object createItemFromTag(org.xmlpull.v1.XmlPullParser,java.lang.String,android.util.AttributeSet)>",
						"<android.preference.GenericInflater: java.lang.Object createItem(java.lang.String,java.lang.String,android.util.AttributeSet)>",
						"key field: <android.preference.GenericInflater: java.util.HashMap sConstructorMap>",
						"<android.preference.GenericInflater: java.lang.Object createItem(java.lang.String,java.lang.String,android.util.AttributeSet)>"
					],
					"depth":6,
					"method":"<android.preference.GenericInflater: java.lang.Object inflate(int,android.preference.GenericInflater$Parent)>",
					"source":"FIELDCALLER"
				}
			],
			"keyAPIDiffClass":[
				{
					"trace":[
						"<android.preference.PreferenceManager: android.preference.PreferenceScreen inflateFromResource(android.content.Context,int,android.preference.PreferenceScreen)>",
						"<android.preference.GenericInflater: java.lang.Object inflate(int,android.preference.GenericInflater$Parent,boolean)>",
						"<android.preference.GenericInflater: java.lang.Object inflate(org.xmlpull.v1.XmlPullParser,android.preference.GenericInflater$Parent,boolean)>",
						"<android.preference.GenericInflater: void rInflate(org.xmlpull.v1.XmlPullParser,java.lang.Object,android.util.AttributeSet)>",
						"<android.preference.GenericInflater: java.lang.Object createItemFromTag(org.xmlpull.v1.XmlPullParser,java.lang.String,android.util.AttributeSet)>",
						"<android.preference.GenericInflater: java.lang.Object createItem(java.lang.String,java.lang.String,android.util.AttributeSet)>",
						"key field: <android.preference.GenericInflater: java.util.HashMap sConstructorMap>",
						"<android.preference.GenericInflater: java.lang.Object createItem(java.lang.String,java.lang.String,android.util.AttributeSet)>"
					],
					"depth":6,
					"method":"<android.preference.PreferenceManager: android.preference.PreferenceScreen inflateFromResource(android.content.Context,int,android.preference.PreferenceScreen)>",
					"source":"FIELDCALLER"
				},
				{
					"trace":[
						"<android.preference.PreferenceActivity: void addPreferencesFromIntent(android.content.Intent)>",
						"<android.preference.PreferenceManager: android.preference.PreferenceScreen inflateFromIntent(android.content.Intent,android.preference.PreferenceScreen)>",
						"<android.preference.GenericInflater: java.lang.Object inflate(org.xmlpull.v1.XmlPullParser,android.preference.GenericInflater$Parent,boolean)>",
						"<android.preference.GenericInflater: void rInflate(org.xmlpull.v1.XmlPullParser,java.lang.Object,android.util.AttributeSet)>",
						"<android.preference.GenericInflater: java.lang.Object createItemFromTag(org.xmlpull.v1.XmlPullParser,java.lang.String,android.util.AttributeSet)>",
						"<android.preference.GenericInflater: java.lang.Object createItem(java.lang.String,java.lang.String,android.util.AttributeSet)>",
						"key field: <android.preference.GenericInflater: java.util.HashMap sConstructorMap>",
						"<android.preference.GenericInflater: java.lang.Object createItem(java.lang.String,java.lang.String,android.util.AttributeSet)>"
					],
					"depth":6,
					"method":"<android.preference.PreferenceActivity: void addPreferencesFromIntent(android.content.Intent)>",
					"source":"FIELDCALLER"
				},
				{
					"trace":[
						"<android.preference.PreferenceActivity: void addPreferencesFromResource(int)>",
						"<android.preference.PreferenceManager: android.preference.PreferenceScreen inflateFromResource(android.content.Context,int,android.preference.PreferenceScreen)>",
						"<android.preference.GenericInflater: java.lang.Object inflate(int,android.preference.GenericInflater$Parent,boolean)>",
						"<android.preference.GenericInflater: java.lang.Object inflate(org.xmlpull.v1.XmlPullParser,android.preference.GenericInflater$Parent,boolean)>",
						"<android.preference.GenericInflater: void rInflate(org.xmlpull.v1.XmlPullParser,java.lang.Object,android.util.AttributeSet)>",
						"<android.preference.GenericInflater: java.lang.Object createItemFromTag(org.xmlpull.v1.XmlPullParser,java.lang.String,android.util.AttributeSet)>",
						"<android.preference.GenericInflater: java.lang.Object createItem(java.lang.String,java.lang.String,android.util.AttributeSet)>",
						"key field: <android.preference.GenericInflater: java.util.HashMap sConstructorMap>",
						"<android.preference.GenericInflater: java.lang.Object createItem(java.lang.String,java.lang.String,android.util.AttributeSet)>"
					],
					"depth":7,
					"method":"<android.preference.PreferenceActivity: void addPreferencesFromResource(int)>",
					"source":"FIELDCALLER"
				},
				{
					"trace":[
						"<android.preference.PreferenceManager: void setDefaultValues(android.content.Context,java.lang.String,int,int,boolean)>",
						"<android.preference.PreferenceManager: android.preference.PreferenceScreen inflateFromResource(android.content.Context,int,android.preference.PreferenceScreen)>",
						"<android.preference.GenericInflater: java.lang.Object inflate(int,android.preference.GenericInflater$Parent,boolean)>",
						"<android.preference.GenericInflater: java.lang.Object inflate(org.xmlpull.v1.XmlPullParser,android.preference.GenericInflater$Parent,boolean)>",
						"<android.preference.GenericInflater: void rInflate(org.xmlpull.v1.XmlPullParser,java.lang.Object,android.util.AttributeSet)>",
						"<android.preference.GenericInflater: java.lang.Object createItemFromTag(org.xmlpull.v1.XmlPullParser,java.lang.String,android.util.AttributeSet)>",
						"<android.preference.GenericInflater: java.lang.Object createItem(java.lang.String,java.lang.String,android.util.AttributeSet)>",
						"key field: <android.preference.GenericInflater: java.util.HashMap sConstructorMap>",
						"<android.preference.GenericInflater: java.lang.Object createItem(java.lang.String,java.lang.String,android.util.AttributeSet)>"
					],
					"depth":7,
					"method":"<android.preference.PreferenceManager: void setDefaultValues(android.content.Context,java.lang.String,int,int,boolean)>",
					"source":"FIELDCALLER"
				},
				{
					"trace":[
						"<android.preference.PreferenceManager: void setDefaultValues(android.content.Context,int,boolean)>",
						"<android.preference.PreferenceManager: void setDefaultValues(android.content.Context,java.lang.String,int,int,boolean)>",
						"<android.preference.PreferenceManager: android.preference.PreferenceScreen inflateFromResource(android.content.Context,int,android.preference.PreferenceScreen)>",
						"<android.preference.GenericInflater: java.lang.Object inflate(int,android.preference.GenericInflater$Parent,boolean)>",
						"<android.preference.GenericInflater: java.lang.Object inflate(org.xmlpull.v1.XmlPullParser,android.preference.GenericInflater$Parent,boolean)>",
						"<android.preference.GenericInflater: void rInflate(org.xmlpull.v1.XmlPullParser,java.lang.Object,android.util.AttributeSet)>",
						"<android.preference.GenericInflater: java.lang.Object createItemFromTag(org.xmlpull.v1.XmlPullParser,java.lang.String,android.util.AttributeSet)>",
						"<android.preference.GenericInflater: java.lang.Object createItem(java.lang.String,java.lang.String,android.util.AttributeSet)>",
						"key field: <android.preference.GenericInflater: java.util.HashMap sConstructorMap>",
						"<android.preference.GenericInflater: java.lang.Object createItem(java.lang.String,java.lang.String,android.util.AttributeSet)>"
					],
					"depth":8,
					"method":"<android.preference.PreferenceManager: void setDefaultValues(android.content.Context,int,boolean)>",
					"source":"FIELDCALLER"
				}
			],
			"callerOfSingnlar2SourceVar":{
				"<android.preference.GenericInflater: java.lang.Object onCreateItem(java.lang.String,android.util.AttributeSet)>":"0",
				"<android.preference.GenericInflater: java.lang.Object createItem(java.lang.String,java.lang.String,android.util.AttributeSet)>":"1, 0",
				"<android.preference.GenericInflater: java.lang.Object createItemFromTag(org.xmlpull.v1.XmlPullParser,java.lang.String,android.util.AttributeSet)>":"1"
			}
		},
		{
			"method":"<android.preference.GenericInflater: java.lang.Object inflate(org.xmlpull.v1.XmlPullParser,android.preference.GenericInflater$Parent,boolean)>",
			"message":"",
			"relatedVarType":"Parameter",
			"relatedCondType":"Basic",
			"modifier":"public",
			"type":"android.view.InflateException",
			"osVersionRelated":false,
			"resourceRelated":false,
			"assessRelated":false,
			"hardwareRelated":false,
			"manifestRelated":false,
			"conditions":"i0 != 1, i0 == 2",
			"paramValues":"@parameter0: org.xmlpull.v1.XmlPullParser",
			"caughtValues":"@caughtexception",
			"relatedValues":"@parameter0: org.xmlpull.v1.XmlPullParser; ; @caughtexception",
			"keyAPISameClassNum":0,
			"keyAPIDiffClassNum":0,
			"keyAPISameClass":[
				{
					"trace":[
						"<android.preference.GenericInflater: java.lang.Object inflate(org.xmlpull.v1.XmlPullParser,android.preference.GenericInflater$Parent,boolean)>"
					],
					"depth":0,
					"method":"<android.preference.GenericInflater: java.lang.Object inflate(org.xmlpull.v1.XmlPullParser,android.preference.GenericInflater$Parent,boolean)>",
					"source":"CALLER"
				},
				{
					"trace":[
						"<android.preference.GenericInflater: java.lang.Object inflate(int,android.preference.GenericInflater$Parent,boolean)>",
						"<android.preference.GenericInflater: java.lang.Object inflate(org.xmlpull.v1.XmlPullParser,android.preference.GenericInflater$Parent,boolean)>"
					],
					"depth":1,
					"method":"<android.preference.GenericInflater: java.lang.Object inflate(int,android.preference.GenericInflater$Parent,boolean)>",
					"source":"CALLER"
				},
				{
					"trace":[
						"<android.preference.GenericInflater: java.lang.Object inflate(org.xmlpull.v1.XmlPullParser,android.preference.GenericInflater$Parent)>",
						"<android.preference.GenericInflater: java.lang.Object inflate(org.xmlpull.v1.XmlPullParser,android.preference.GenericInflater$Parent,boolean)>"
					],
					"depth":1,
					"method":"<android.preference.GenericInflater: java.lang.Object inflate(org.xmlpull.v1.XmlPullParser,android.preference.GenericInflater$Parent)>",
					"source":"CALLER"
				},
				{
					"trace":[
						"<android.preference.GenericInflater: java.lang.Object inflate(int,android.preference.GenericInflater$Parent)>",
						"<android.preference.GenericInflater: java.lang.Object inflate(int,android.preference.GenericInflater$Parent,boolean)>",
						"<android.preference.GenericInflater: java.lang.Object inflate(org.xmlpull.v1.XmlPullParser,android.preference.GenericInflater$Parent,boolean)>"
					],
					"depth":2,
					"method":"<android.preference.GenericInflater: java.lang.Object inflate(int,android.preference.GenericInflater$Parent)>",
					"source":"CALLER"
				}
			],
			"keyAPIDiffClass":[
				{
					"trace":[
						"<android.preference.PreferenceManager: android.preference.PreferenceScreen inflateFromResource(android.content.Context,int,android.preference.PreferenceScreen)>",
						"<android.preference.GenericInflater: java.lang.Object inflate(int,android.preference.GenericInflater$Parent,boolean)>",
						"<android.preference.GenericInflater: java.lang.Object inflate(org.xmlpull.v1.XmlPullParser,android.preference.GenericInflater$Parent,boolean)>"
					],
					"depth":2,
					"method":"<android.preference.PreferenceManager: android.preference.PreferenceScreen inflateFromResource(android.content.Context,int,android.preference.PreferenceScreen)>",
					"source":"CALLER"
				},
				{
					"trace":[
						"<android.preference.PreferenceActivity: void addPreferencesFromIntent(android.content.Intent)>",
						"<android.preference.PreferenceManager: android.preference.PreferenceScreen inflateFromIntent(android.content.Intent,android.preference.PreferenceScreen)>",
						"<android.preference.GenericInflater: java.lang.Object inflate(org.xmlpull.v1.XmlPullParser,android.preference.GenericInflater$Parent,boolean)>"
					],
					"depth":2,
					"method":"<android.preference.PreferenceActivity: void addPreferencesFromIntent(android.content.Intent)>",
					"source":"CALLER"
				},
				{
					"trace":[
						"<android.preference.PreferenceActivity: void addPreferencesFromResource(int)>",
						"<android.preference.PreferenceManager: android.preference.PreferenceScreen inflateFromResource(android.content.Context,int,android.preference.PreferenceScreen)>",
						"<android.preference.GenericInflater: java.lang.Object inflate(int,android.preference.GenericInflater$Parent,boolean)>",
						"<android.preference.GenericInflater: java.lang.Object inflate(org.xmlpull.v1.XmlPullParser,android.preference.GenericInflater$Parent,boolean)>"
					],
					"depth":3,
					"method":"<android.preference.PreferenceActivity: void addPreferencesFromResource(int)>",
					"source":"CALLER"
				},
				{
					"trace":[
						"<android.preference.PreferenceManager: void setDefaultValues(android.content.Context,java.lang.String,int,int,boolean)>",
						"<android.preference.PreferenceManager: android.preference.PreferenceScreen inflateFromResource(android.content.Context,int,android.preference.PreferenceScreen)>",
						"<android.preference.GenericInflater: java.lang.Object inflate(int,android.preference.GenericInflater$Parent,boolean)>",
						"<android.preference.GenericInflater: java.lang.Object inflate(org.xmlpull.v1.XmlPullParser,android.preference.GenericInflater$Parent,boolean)>"
					],
					"depth":3,
					"method":"<android.preference.PreferenceManager: void setDefaultValues(android.content.Context,java.lang.String,int,int,boolean)>",
					"source":"CALLER"
				},
				{
					"trace":[
						"<android.preference.PreferenceManager: void setDefaultValues(android.content.Context,int,boolean)>",
						"<android.preference.PreferenceManager: void setDefaultValues(android.content.Context,java.lang.String,int,int,boolean)>",
						"<android.preference.PreferenceManager: android.preference.PreferenceScreen inflateFromResource(android.content.Context,int,android.preference.PreferenceScreen)>",
						"<android.preference.GenericInflater: java.lang.Object inflate(int,android.preference.GenericInflater$Parent,boolean)>",
						"<android.preference.GenericInflater: java.lang.Object inflate(org.xmlpull.v1.XmlPullParser,android.preference.GenericInflater$Parent,boolean)>"
					],
					"depth":4,
					"method":"<android.preference.PreferenceManager: void setDefaultValues(android.content.Context,int,boolean)>",
					"source":"CALLER"
				}
			],
			"callerOfSingnlar2SourceVar":{
				"<android.preference.GenericInflater: java.lang.Object inflate(org.xmlpull.v1.XmlPullParser,android.preference.GenericInflater$Parent,boolean)>":"0",
				"<android.preference.GenericInflater: java.lang.Object inflate(org.xmlpull.v1.XmlPullParser,android.preference.GenericInflater$Parent)>":"0"
			}
		},
		{
			"method":"<android.preference.GenericInflater: java.lang.Object inflate(org.xmlpull.v1.XmlPullParser,android.preference.GenericInflater$Parent,boolean)>",
			"message":"[\\s\\S]*\\Q: \\E[\\s\\S]*",
			"relatedVarType":"Parameter",
			"relatedCondType":"Basic",
			"modifier":"public",
			"type":"android.view.InflateException",
			"osVersionRelated":false,
			"resourceRelated":false,
			"assessRelated":false,
			"hardwareRelated":false,
			"manifestRelated":false,
			"conditions":"i0 != 1, i0 == 2",
			"paramValues":"@parameter0: org.xmlpull.v1.XmlPullParser",
			"caughtValues":"@caughtexception",
			"relatedValues":"@parameter0: org.xmlpull.v1.XmlPullParser; ; @caughtexception",
			"keyAPISameClassNum":0,
			"keyAPIDiffClassNum":0,
			"keyAPISameClass":[
				{
					"trace":[
						"<android.preference.GenericInflater: java.lang.Object inflate(org.xmlpull.v1.XmlPullParser,android.preference.GenericInflater$Parent,boolean)>"
					],
					"depth":0,
					"method":"<android.preference.GenericInflater: java.lang.Object inflate(org.xmlpull.v1.XmlPullParser,android.preference.GenericInflater$Parent,boolean)>",
					"source":"CALLER"
				},
				{
					"trace":[
						"<android.preference.GenericInflater: java.lang.Object inflate(int,android.preference.GenericInflater$Parent,boolean)>",
						"<android.preference.GenericInflater: java.lang.Object inflate(org.xmlpull.v1.XmlPullParser,android.preference.GenericInflater$Parent,boolean)>"
					],
					"depth":1,
					"method":"<android.preference.GenericInflater: java.lang.Object inflate(int,android.preference.GenericInflater$Parent,boolean)>",
					"source":"CALLER"
				},
				{
					"trace":[
						"<android.preference.GenericInflater: java.lang.Object inflate(org.xmlpull.v1.XmlPullParser,android.preference.GenericInflater$Parent)>",
						"<android.preference.GenericInflater: java.lang.Object inflate(org.xmlpull.v1.XmlPullParser,android.preference.GenericInflater$Parent,boolean)>"
					],
					"depth":1,
					"method":"<android.preference.GenericInflater: java.lang.Object inflate(org.xmlpull.v1.XmlPullParser,android.preference.GenericInflater$Parent)>",
					"source":"CALLER"
				},
				{
					"trace":[
						"<android.preference.GenericInflater: java.lang.Object inflate(int,android.preference.GenericInflater$Parent)>",
						"<android.preference.GenericInflater: java.lang.Object inflate(int,android.preference.GenericInflater$Parent,boolean)>",
						"<android.preference.GenericInflater: java.lang.Object inflate(org.xmlpull.v1.XmlPullParser,android.preference.GenericInflater$Parent,boolean)>"
					],
					"depth":2,
					"method":"<android.preference.GenericInflater: java.lang.Object inflate(int,android.preference.GenericInflater$Parent)>",
					"source":"CALLER"
				}
			],
			"keyAPIDiffClass":[
				{
					"trace":[
						"<android.preference.PreferenceManager: android.preference.PreferenceScreen inflateFromResource(android.content.Context,int,android.preference.PreferenceScreen)>",
						"<android.preference.GenericInflater: java.lang.Object inflate(int,android.preference.GenericInflater$Parent,boolean)>",
						"<android.preference.GenericInflater: java.lang.Object inflate(org.xmlpull.v1.XmlPullParser,android.preference.GenericInflater$Parent,boolean)>"
					],
					"depth":2,
					"method":"<android.preference.PreferenceManager: android.preference.PreferenceScreen inflateFromResource(android.content.Context,int,android.preference.PreferenceScreen)>",
					"source":"CALLER"
				},
				{
					"trace":[
						"<android.preference.PreferenceActivity: void addPreferencesFromIntent(android.content.Intent)>",
						"<android.preference.PreferenceManager: android.preference.PreferenceScreen inflateFromIntent(android.content.Intent,android.preference.PreferenceScreen)>",
						"<android.preference.GenericInflater: java.lang.Object inflate(org.xmlpull.v1.XmlPullParser,android.preference.GenericInflater$Parent,boolean)>"
					],
					"depth":2,
					"method":"<android.preference.PreferenceActivity: void addPreferencesFromIntent(android.content.Intent)>",
					"source":"CALLER"
				},
				{
					"trace":[
						"<android.preference.PreferenceActivity: void addPreferencesFromResource(int)>",
						"<android.preference.PreferenceManager: android.preference.PreferenceScreen inflateFromResource(android.content.Context,int,android.preference.PreferenceScreen)>",
						"<android.preference.GenericInflater: java.lang.Object inflate(int,android.preference.GenericInflater$Parent,boolean)>",
						"<android.preference.GenericInflater: java.lang.Object inflate(org.xmlpull.v1.XmlPullParser,android.preference.GenericInflater$Parent,boolean)>"
					],
					"depth":3,
					"method":"<android.preference.PreferenceActivity: void addPreferencesFromResource(int)>",
					"source":"CALLER"
				},
				{
					"trace":[
						"<android.preference.PreferenceManager: void setDefaultValues(android.content.Context,java.lang.String,int,int,boolean)>",
						"<android.preference.PreferenceManager: android.preference.PreferenceScreen inflateFromResource(android.content.Context,int,android.preference.PreferenceScreen)>",
						"<android.preference.GenericInflater: java.lang.Object inflate(int,android.preference.GenericInflater$Parent,boolean)>",
						"<android.preference.GenericInflater: java.lang.Object inflate(org.xmlpull.v1.XmlPullParser,android.preference.GenericInflater$Parent,boolean)>"
					],
					"depth":3,
					"method":"<android.preference.PreferenceManager: void setDefaultValues(android.content.Context,java.lang.String,int,int,boolean)>",
					"source":"CALLER"
				},
				{
					"trace":[
						"<android.preference.PreferenceManager: void setDefaultValues(android.content.Context,int,boolean)>",
						"<android.preference.PreferenceManager: void setDefaultValues(android.content.Context,java.lang.String,int,int,boolean)>",
						"<android.preference.PreferenceManager: android.preference.PreferenceScreen inflateFromResource(android.content.Context,int,android.preference.PreferenceScreen)>",
						"<android.preference.GenericInflater: java.lang.Object inflate(int,android.preference.GenericInflater$Parent,boolean)>",
						"<android.preference.GenericInflater: java.lang.Object inflate(org.xmlpull.v1.XmlPullParser,android.preference.GenericInflater$Parent,boolean)>"
					],
					"depth":4,
					"method":"<android.preference.PreferenceManager: void setDefaultValues(android.content.Context,int,boolean)>",
					"source":"CALLER"
				}
			],
			"callerOfSingnlar2SourceVar":{
				"<android.preference.GenericInflater: java.lang.Object inflate(org.xmlpull.v1.XmlPullParser,android.preference.GenericInflater$Parent,boolean)>":"0",
				"<android.preference.GenericInflater: java.lang.Object inflate(org.xmlpull.v1.XmlPullParser,android.preference.GenericInflater$Parent)>":"0"
			}
		},
		{
			"method":"<android.preference.GenericInflater: java.lang.Object inflate(org.xmlpull.v1.XmlPullParser,android.preference.GenericInflater$Parent,boolean)>",
			"message":"[\\s\\S]*\\Q: No start tag found!\\E",
			"relatedVarType":"Parameter",
			"relatedCondType":"Basic",
			"modifier":"public",
			"type":"android.view.InflateException",
			"osVersionRelated":false,
			"resourceRelated":false,
			"assessRelated":false,
			"hardwareRelated":false,
			"manifestRelated":false,
			"conditions":"i0 == 2, i0 == 2, i0 != 1",
			"paramValues":"@parameter0: org.xmlpull.v1.XmlPullParser",
			"relatedValues":"@parameter0: org.xmlpull.v1.XmlPullParser; ; ",
			"keyAPISameClassNum":0,
			"keyAPIDiffClassNum":0,
			"keyAPISameClass":[
				{
					"trace":[
						"<android.preference.GenericInflater: java.lang.Object inflate(org.xmlpull.v1.XmlPullParser,android.preference.GenericInflater$Parent,boolean)>"
					],
					"depth":0,
					"method":"<android.preference.GenericInflater: java.lang.Object inflate(org.xmlpull.v1.XmlPullParser,android.preference.GenericInflater$Parent,boolean)>",
					"source":"CALLER"
				},
				{
					"trace":[
						"<android.preference.GenericInflater: java.lang.Object inflate(int,android.preference.GenericInflater$Parent,boolean)>",
						"<android.preference.GenericInflater: java.lang.Object inflate(org.xmlpull.v1.XmlPullParser,android.preference.GenericInflater$Parent,boolean)>"
					],
					"depth":1,
					"method":"<android.preference.GenericInflater: java.lang.Object inflate(int,android.preference.GenericInflater$Parent,boolean)>",
					"source":"CALLER"
				},
				{
					"trace":[
						"<android.preference.GenericInflater: java.lang.Object inflate(org.xmlpull.v1.XmlPullParser,android.preference.GenericInflater$Parent)>",
						"<android.preference.GenericInflater: java.lang.Object inflate(org.xmlpull.v1.XmlPullParser,android.preference.GenericInflater$Parent,boolean)>"
					],
					"depth":1,
					"method":"<android.preference.GenericInflater: java.lang.Object inflate(org.xmlpull.v1.XmlPullParser,android.preference.GenericInflater$Parent)>",
					"source":"CALLER"
				},
				{
					"trace":[
						"<android.preference.GenericInflater: java.lang.Object inflate(int,android.preference.GenericInflater$Parent)>",
						"<android.preference.GenericInflater: java.lang.Object inflate(int,android.preference.GenericInflater$Parent,boolean)>",
						"<android.preference.GenericInflater: java.lang.Object inflate(org.xmlpull.v1.XmlPullParser,android.preference.GenericInflater$Parent,boolean)>"
					],
					"depth":2,
					"method":"<android.preference.GenericInflater: java.lang.Object inflate(int,android.preference.GenericInflater$Parent)>",
					"source":"CALLER"
				}
			],
			"keyAPIDiffClass":[
				{
					"trace":[
						"<android.preference.PreferenceManager: android.preference.PreferenceScreen inflateFromResource(android.content.Context,int,android.preference.PreferenceScreen)>",
						"<android.preference.GenericInflater: java.lang.Object inflate(int,android.preference.GenericInflater$Parent,boolean)>",
						"<android.preference.GenericInflater: java.lang.Object inflate(org.xmlpull.v1.XmlPullParser,android.preference.GenericInflater$Parent,boolean)>"
					],
					"depth":2,
					"method":"<android.preference.PreferenceManager: android.preference.PreferenceScreen inflateFromResource(android.content.Context,int,android.preference.PreferenceScreen)>",
					"source":"CALLER"
				},
				{
					"trace":[
						"<android.preference.PreferenceActivity: void addPreferencesFromIntent(android.content.Intent)>",
						"<android.preference.PreferenceManager: android.preference.PreferenceScreen inflateFromIntent(android.content.Intent,android.preference.PreferenceScreen)>",
						"<android.preference.GenericInflater: java.lang.Object inflate(org.xmlpull.v1.XmlPullParser,android.preference.GenericInflater$Parent,boolean)>"
					],
					"depth":2,
					"method":"<android.preference.PreferenceActivity: void addPreferencesFromIntent(android.content.Intent)>",
					"source":"CALLER"
				},
				{
					"trace":[
						"<android.preference.PreferenceActivity: void addPreferencesFromResource(int)>",
						"<android.preference.PreferenceManager: android.preference.PreferenceScreen inflateFromResource(android.content.Context,int,android.preference.PreferenceScreen)>",
						"<android.preference.GenericInflater: java.lang.Object inflate(int,android.preference.GenericInflater$Parent,boolean)>",
						"<android.preference.GenericInflater: java.lang.Object inflate(org.xmlpull.v1.XmlPullParser,android.preference.GenericInflater$Parent,boolean)>"
					],
					"depth":3,
					"method":"<android.preference.PreferenceActivity: void addPreferencesFromResource(int)>",
					"source":"CALLER"
				},
				{
					"trace":[
						"<android.preference.PreferenceManager: void setDefaultValues(android.content.Context,java.lang.String,int,int,boolean)>",
						"<android.preference.PreferenceManager: android.preference.PreferenceScreen inflateFromResource(android.content.Context,int,android.preference.PreferenceScreen)>",
						"<android.preference.GenericInflater: java.lang.Object inflate(int,android.preference.GenericInflater$Parent,boolean)>",
						"<android.preference.GenericInflater: java.lang.Object inflate(org.xmlpull.v1.XmlPullParser,android.preference.GenericInflater$Parent,boolean)>"
					],
					"depth":3,
					"method":"<android.preference.PreferenceManager: void setDefaultValues(android.content.Context,java.lang.String,int,int,boolean)>",
					"source":"CALLER"
				},
				{
					"trace":[
						"<android.preference.PreferenceManager: void setDefaultValues(android.content.Context,int,boolean)>",
						"<android.preference.PreferenceManager: void setDefaultValues(android.content.Context,java.lang.String,int,int,boolean)>",
						"<android.preference.PreferenceManager: android.preference.PreferenceScreen inflateFromResource(android.content.Context,int,android.preference.PreferenceScreen)>",
						"<android.preference.GenericInflater: java.lang.Object inflate(int,android.preference.GenericInflater$Parent,boolean)>",
						"<android.preference.GenericInflater: java.lang.Object inflate(org.xmlpull.v1.XmlPullParser,android.preference.GenericInflater$Parent,boolean)>"
					],
					"depth":4,
					"method":"<android.preference.PreferenceManager: void setDefaultValues(android.content.Context,int,boolean)>",
					"source":"CALLER"
				}
			],
			"callerOfSingnlar2SourceVar":{
				"<android.preference.GenericInflater: java.lang.Object inflate(org.xmlpull.v1.XmlPullParser,android.preference.GenericInflater$Parent,boolean)>":"0",
				"<android.preference.GenericInflater: java.lang.Object inflate(org.xmlpull.v1.XmlPullParser,android.preference.GenericInflater$Parent)>":"0"
			}
		},
		{
			"method":"<android.preference.GenericInflater: void setFactory(android.preference.GenericInflater$Factory)>",
			"message":"\\QA factory has already been set on this inflater\\E",
			"relatedVarType":"Field",
			"relatedCondType":"Basic",
			"modifier":"public",
			"type":"java.lang.IllegalStateException",
			"osVersionRelated":false,
			"resourceRelated":false,
			"assessRelated":false,
			"hardwareRelated":false,
			"manifestRelated":false,
			"conditions":"$z0 == 0",
			"fieldValues":"<android.preference.GenericInflater: boolean mFactorySet>",
			"relatedValues":"; <android.preference.GenericInflater: boolean mFactorySet>; ",
			"keyAPISameClassNum":1,
			"keyAPIDiffClassNum":0,
			"keyAPISameClass":[
				{
					"trace":[
						"<android.preference.GenericInflater: void setFactory(android.preference.GenericInflater$Factory)>"
					],
					"depth":1,
					"method":"<android.preference.GenericInflater: void setFactory(android.preference.GenericInflater$Factory)>",
					"source":"FIELD"
				}
			],
			"keyAPIDiffClass":[],
			"callerOfSingnlar2SourceVar":{}
		},
		{
			"method":"<android.preference.GenericInflater: void setFactory(android.preference.GenericInflater$Factory)>",
			"message":"\\QGiven factory can not be null\\E",
			"relatedVarType":"ParaAndField",
			"relatedCondType":"Basic",
			"modifier":"public",
			"type":"java.lang.NullPointerException",
			"osVersionRelated":false,
			"resourceRelated":false,
			"assessRelated":false,
			"hardwareRelated":false,
			"manifestRelated":false,
			"conditions":"r1 != null, $z0 == 0",
			"paramValues":"@parameter0: android.preference.GenericInflater$Factory",
			"fieldValues":"<android.preference.GenericInflater: boolean mFactorySet>",
			"relatedValues":"@parameter0: android.preference.GenericInflater$Factory; <android.preference.GenericInflater: boolean mFactorySet>; ",
			"keyAPISameClassNum":1,
			"keyAPIDiffClassNum":0,
			"keyAPISameClass":[
				{
					"trace":[
						"<android.preference.GenericInflater: void setFactory(android.preference.GenericInflater$Factory)>"
					],
					"depth":1,
					"method":"<android.preference.GenericInflater: void setFactory(android.preference.GenericInflater$Factory)>",
					"source":"FIELD"
				}
			],
			"keyAPIDiffClass":[],
			"callerOfSingnlar2SourceVar":{
				"<android.preference.GenericInflater: void setFactory(android.preference.GenericInflater$Factory)>":"0"
			}
		}
	]
}