{
	"exceptions":[
		{
			"method":"<android.app.ReceiverRestrictedContext: boolean bindService(android.content.Intent,android.content.ServiceConnection,int)>",
			"message":"\\QIntentReceiver components are not allowed to bind to services\\E",
			"relatedVarType":"Empty",
			"relatedCondType":"Empty",
			"modifier":"public",
			"type":"android.content.ReceiverCallNotAllowedException",
			"osVersionRelated":false,
			"resourceRelated":false,
			"assessRelated":false,
			"hardwareRelated":false,
			"manifestRelated":false,
			"keyAPISameClassNum":0,
			"keyAPIDiffClassNum":0,
			"keyAPISameClass":[],
			"keyAPIDiffClass":[],
			"callerOfSingnlar2SourceVar":{}
		},
		{
			"method":"<android.app.ReceiverRestrictedContext: android.content.Intent registerReceiver(android.content.BroadcastReceiver,android.content.IntentFilter,java.lang.String,android.os.Handler)>",
			"message":"\\QIntentReceiver components are not allowed to register to receive intents\\E",
			"relatedVarType":"Empty",
			"relatedCondType":"Empty",
			"modifier":"public",
			"type":"android.content.ReceiverCallNotAllowedException",
			"osVersionRelated":false,
			"resourceRelated":false,
			"assessRelated":false,
			"hardwareRelated":false,
			"manifestRelated":false,
			"keyAPISameClassNum":0,
			"keyAPIDiffClassNum":0,
			"keyAPISameClass":[],
			"keyAPIDiffClass":[],
			"callerOfSingnlar2SourceVar":{}
		}
	]
}