{
	"exceptions":[
		{
			"method":"<android.webkit.CookieSyncManager: android.webkit.CookieSyncManager getInstance()>",
			"message":"\\QCookieSyncManager::createInstance() needs to be called before CookieSyncManager::getInstance()\\E",
			"relatedVarType":"Field",
			"relatedCondType":"Basic",
			"modifier":"public",
			"type":"java.lang.IllegalStateException",
			"osVersionRelated":false,
			"resourceRelated":false,
			"assessRelated":false,
			"hardwareRelated":false,
			"manifestRelated":false,
			"conditions":"$r0 != null",
			"fieldValues":"<android.webkit.CookieSyncManager: android.webkit.CookieSyncManager sRef>",
			"relatedValues":"; <android.webkit.CookieSyncManager: android.webkit.CookieSyncManager sRef>; ",
			"keyAPISameClassNum":1,
			"keyAPIDiffClassNum":32,
			"keyAPISameClass":[
				{
					"trace":[
						"<android.webkit.CookieSyncManager: android.webkit.CookieSyncManager getInstance()>"
					],
					"depth":1,
					"method":"<android.webkit.CookieSyncManager: android.webkit.CookieSyncManager createInstance(android.content.Context)>",
					"source":"FIELD"
				}
			],
			"keyAPIDiffClass":[
				{
					"trace":[
						"<android.webkit.BrowserFrame: void <init>(android.content.Context,android.webkit.WebViewCore,android.webkit.CallbackProxy,android.webkit.WebSettings,java.util.Map)>",
						"<android.webkit.CookieSyncManager: android.webkit.CookieSyncManager createInstance(android.content.Context)>",
						"key field: <android.webkit.CookieSyncManager: android.webkit.CookieSyncManager sRef>",
						"<android.webkit.CookieSyncManager: android.webkit.CookieSyncManager getInstance()>"
					],
					"depth":2,
					"method":"<android.webkit.BrowserFrame: void <init>(android.content.Context,android.webkit.WebViewCore,android.webkit.CallbackProxy,android.webkit.WebSettings,java.util.Map)>",
					"source":"FIELDCALLER"
				},
				{
					"trace":[
						"<android.webkit.WebViewCore$WebCoreThread$1: void handleMessage(android.os.Message)>",
						"<android.webkit.WebViewCore: void access$500(android.webkit.WebViewCore)>",
						"<android.webkit.WebViewCore: void initialize()>",
						"<android.webkit.BrowserFrame: void <init>(android.content.Context,android.webkit.WebViewCore,android.webkit.CallbackProxy,android.webkit.WebSettings,java.util.Map)>",
						"<android.webkit.CookieSyncManager: android.webkit.CookieSyncManager createInstance(android.content.Context)>",
						"key field: <android.webkit.CookieSyncManager: android.webkit.CookieSyncManager sRef>",
						"<android.webkit.CookieSyncManager: android.webkit.CookieSyncManager getInstance()>"
					],
					"depth":5,
					"method":"<android.webkit.WebViewCore$WebCoreThread$1: void handleMessage(android.os.Message)>",
					"source":"FIELDCALLER"
				},
				{
					"trace":[
						"<android.webkit.CallbackProxy: android.webkit.WebView createWindow(boolean,boolean)>",
						"<android.webkit.WebViewCore: void initializeSubwindow()>",
						"<android.webkit.WebViewCore: void initialize()>",
						"<android.webkit.BrowserFrame: void <init>(android.content.Context,android.webkit.WebViewCore,android.webkit.CallbackProxy,android.webkit.WebSettings,java.util.Map)>",
						"<android.webkit.CookieSyncManager: android.webkit.CookieSyncManager createInstance(android.content.Context)>",
						"key field: <android.webkit.CookieSyncManager: android.webkit.CookieSyncManager sRef>",
						"<android.webkit.CookieSyncManager: android.webkit.CookieSyncManager getInstance()>"
					],
					"depth":5,
					"method":"<android.webkit.CallbackProxy: android.webkit.WebView createWindow(boolean,boolean)>",
					"source":"FIELDCALLER"
				},
				{
					"trace":[
						"<android.webkit.StreamLoader: boolean handleMessage(android.os.Message)>",
						"<android.webkit.WebViewCore$WebCoreThread$1: void handleMessage(android.os.Message)>",
						"<android.webkit.WebViewCore: void access$500(android.webkit.WebViewCore)>",
						"<android.webkit.WebViewCore: void initialize()>",
						"<android.webkit.BrowserFrame: void <init>(android.content.Context,android.webkit.WebViewCore,android.webkit.CallbackProxy,android.webkit.WebSettings,java.util.Map)>",
						"<android.webkit.CookieSyncManager: android.webkit.CookieSyncManager createInstance(android.content.Context)>",
						"key field: <android.webkit.CookieSyncManager: android.webkit.CookieSyncManager sRef>",
						"<android.webkit.CookieSyncManager: android.webkit.CookieSyncManager getInstance()>"
					],
					"depth":6,
					"method":"<android.webkit.StreamLoader: boolean handleMessage(android.os.Message)>",
					"source":"FIELDCALLER"
				},
				{
					"trace":[
						"<android.os.Handler$Callback: boolean handleMessage(android.os.Message)>",
						"<android.webkit.WebViewCore$WebCoreThread$1: void handleMessage(android.os.Message)>",
						"<android.webkit.WebViewCore: void access$500(android.webkit.WebViewCore)>",
						"<android.webkit.WebViewCore: void initialize()>",
						"<android.webkit.BrowserFrame: void <init>(android.content.Context,android.webkit.WebViewCore,android.webkit.CallbackProxy,android.webkit.WebSettings,java.util.Map)>",
						"<android.webkit.CookieSyncManager: android.webkit.CookieSyncManager createInstance(android.content.Context)>",
						"key field: <android.webkit.CookieSyncManager: android.webkit.CookieSyncManager sRef>",
						"<android.webkit.CookieSyncManager: android.webkit.CookieSyncManager getInstance()>"
					],
					"depth":6,
					"method":"<android.os.Handler$Callback: boolean handleMessage(android.os.Message)>",
					"source":"FIELDCALLER"
				},
				{
					"trace":[
						"<android.webkit.WebView: boolean onKeyDown(int,android.view.KeyEvent)>",
						"<android.webkit.WebViewCore$WebCoreThread$1: void handleMessage(android.os.Message)>",
						"<android.webkit.WebViewCore: void access$500(android.webkit.WebViewCore)>",
						"<android.webkit.WebViewCore: void initialize()>",
						"<android.webkit.BrowserFrame: void <init>(android.content.Context,android.webkit.WebViewCore,android.webkit.CallbackProxy,android.webkit.WebSettings,java.util.Map)>",
						"<android.webkit.CookieSyncManager: android.webkit.CookieSyncManager createInstance(android.content.Context)>",
						"key field: <android.webkit.CookieSyncManager: android.webkit.CookieSyncManager sRef>",
						"<android.webkit.CookieSyncManager: android.webkit.CookieSyncManager getInstance()>"
					],
					"depth":6,
					"method":"<android.webkit.WebView: boolean onKeyDown(int,android.view.KeyEvent)>",
					"source":"FIELDCALLER"
				},
				{
					"trace":[
						"<android.webkit.WebSyncManager: void run()>",
						"<android.webkit.WebViewCore$WebCoreThread$1: void handleMessage(android.os.Message)>",
						"<android.webkit.WebViewCore: void access$500(android.webkit.WebViewCore)>",
						"<android.webkit.WebViewCore: void initialize()>",
						"<android.webkit.BrowserFrame: void <init>(android.content.Context,android.webkit.WebViewCore,android.webkit.CallbackProxy,android.webkit.WebSettings,java.util.Map)>",
						"<android.webkit.CookieSyncManager: android.webkit.CookieSyncManager createInstance(android.content.Context)>",
						"key field: <android.webkit.CookieSyncManager: android.webkit.CookieSyncManager sRef>",
						"<android.webkit.CookieSyncManager: android.webkit.CookieSyncManager getInstance()>"
					],
					"depth":6,
					"method":"<android.webkit.WebSyncManager: void run()>",
					"source":"FIELDCALLER"
				},
				{
					"trace":[
						"<java.lang.Runnable: void run()>",
						"<android.webkit.WebViewCore$WebCoreThread$1: void handleMessage(android.os.Message)>",
						"<android.webkit.WebViewCore: void access$500(android.webkit.WebViewCore)>",
						"<android.webkit.WebViewCore: void initialize()>",
						"<android.webkit.BrowserFrame: void <init>(android.content.Context,android.webkit.WebViewCore,android.webkit.CallbackProxy,android.webkit.WebSettings,java.util.Map)>",
						"<android.webkit.CookieSyncManager: android.webkit.CookieSyncManager createInstance(android.content.Context)>",
						"key field: <android.webkit.CookieSyncManager: android.webkit.CookieSyncManager sRef>",
						"<android.webkit.CookieSyncManager: android.webkit.CookieSyncManager getInstance()>"
					],
					"depth":6,
					"method":"<java.lang.Runnable: void run()>",
					"source":"FIELDCALLER"
				},
				{
					"trace":[
						"<android.webkit.WebView: boolean onTouchEvent(android.view.MotionEvent)>",
						"<android.webkit.WebView: void doFling()>",
						"<android.webkit.WebViewCore$WebCoreThread$1: void handleMessage(android.os.Message)>",
						"<android.webkit.WebViewCore: void access$500(android.webkit.WebViewCore)>",
						"<android.webkit.WebViewCore: void initialize()>",
						"<android.webkit.BrowserFrame: void <init>(android.content.Context,android.webkit.WebViewCore,android.webkit.CallbackProxy,android.webkit.WebSettings,java.util.Map)>",
						"<android.webkit.CookieSyncManager: android.webkit.CookieSyncManager createInstance(android.content.Context)>",
						"key field: <android.webkit.CookieSyncManager: android.webkit.CookieSyncManager sRef>",
						"<android.webkit.CookieSyncManager: android.webkit.CookieSyncManager getInstance()>"
					],
					"depth":7,
					"method":"<android.webkit.WebView: boolean onTouchEvent(android.view.MotionEvent)>",
					"source":"FIELDCALLER"
				},
				{
					"trace":[
						"<android.webkit.WebTextView: boolean dispatchKeyEvent(android.view.KeyEvent)>",
						"<android.webkit.WebView: boolean onKeyDown(int,android.view.KeyEvent)>",
						"<android.webkit.WebViewCore$WebCoreThread$1: void handleMessage(android.os.Message)>",
						"<android.webkit.WebViewCore: void access$500(android.webkit.WebViewCore)>",
						"<android.webkit.WebViewCore: void initialize()>",
						"<android.webkit.BrowserFrame: void <init>(android.content.Context,android.webkit.WebViewCore,android.webkit.CallbackProxy,android.webkit.WebSettings,java.util.Map)>",
						"<android.webkit.CookieSyncManager: android.webkit.CookieSyncManager createInstance(android.content.Context)>",
						"key field: <android.webkit.CookieSyncManager: android.webkit.CookieSyncManager sRef>",
						"<android.webkit.CookieSyncManager: android.webkit.CookieSyncManager getInstance()>"
					],
					"depth":7,
					"method":"<android.webkit.WebTextView: boolean dispatchKeyEvent(android.view.KeyEvent)>",
					"source":"FIELDCALLER"
				},
				{
					"trace":[
						"<android.webkit.PluginFullScreenHolder: boolean onKeyDown(int,android.view.KeyEvent)>",
						"<android.webkit.WebView: boolean onKeyDown(int,android.view.KeyEvent)>",
						"<android.webkit.WebViewCore$WebCoreThread$1: void handleMessage(android.os.Message)>",
						"<android.webkit.WebViewCore: void access$500(android.webkit.WebViewCore)>",
						"<android.webkit.WebViewCore: void initialize()>",
						"<android.webkit.BrowserFrame: void <init>(android.content.Context,android.webkit.WebViewCore,android.webkit.CallbackProxy,android.webkit.WebSettings,java.util.Map)>",
						"<android.webkit.CookieSyncManager: android.webkit.CookieSyncManager createInstance(android.content.Context)>",
						"key field: <android.webkit.CookieSyncManager: android.webkit.CookieSyncManager sRef>",
						"<android.webkit.CookieSyncManager: android.webkit.CookieSyncManager getInstance()>"
					],
					"depth":7,
					"method":"<android.webkit.PluginFullScreenHolder: boolean onKeyDown(int,android.view.KeyEvent)>",
					"source":"FIELDCALLER"
				},
				{
					"trace":[
						"<android.webkit.WebView$10: void onClick(android.view.View)>",
						"<android.webkit.WebSyncManager: void run()>",
						"<android.webkit.WebViewCore$WebCoreThread$1: void handleMessage(android.os.Message)>",
						"<android.webkit.WebViewCore: void access$500(android.webkit.WebViewCore)>",
						"<android.webkit.WebViewCore: void initialize()>",
						"<android.webkit.BrowserFrame: void <init>(android.content.Context,android.webkit.WebViewCore,android.webkit.CallbackProxy,android.webkit.WebSettings,java.util.Map)>",
						"<android.webkit.CookieSyncManager: android.webkit.CookieSyncManager createInstance(android.content.Context)>",
						"key field: <android.webkit.CookieSyncManager: android.webkit.CookieSyncManager sRef>",
						"<android.webkit.CookieSyncManager: android.webkit.CookieSyncManager getInstance()>"
					],
					"depth":7,
					"method":"<android.webkit.WebView$10: void onClick(android.view.View)>",
					"source":"FIELDCALLER"
				},
				{
					"trace":[
						"<android.view.View$OnClickListener: void onClick(android.view.View)>",
						"<android.webkit.WebSyncManager: void run()>",
						"<android.webkit.WebViewCore$WebCoreThread$1: void handleMessage(android.os.Message)>",
						"<android.webkit.WebViewCore: void access$500(android.webkit.WebViewCore)>",
						"<android.webkit.WebViewCore: void initialize()>",
						"<android.webkit.BrowserFrame: void <init>(android.content.Context,android.webkit.WebViewCore,android.webkit.CallbackProxy,android.webkit.WebSettings,java.util.Map)>",
						"<android.webkit.CookieSyncManager: android.webkit.CookieSyncManager createInstance(android.content.Context)>",
						"key field: <android.webkit.CookieSyncManager: android.webkit.CookieSyncManager sRef>",
						"<android.webkit.CookieSyncManager: android.webkit.CookieSyncManager getInstance()>"
					],
					"depth":7,
					"method":"<android.view.View$OnClickListener: void onClick(android.view.View)>",
					"source":"FIELDCALLER"
				},
				{
					"trace":[
						"<android.webkit.WebView$9: void onClick(android.view.View)>",
						"<android.webkit.WebSyncManager: void run()>",
						"<android.webkit.WebViewCore$WebCoreThread$1: void handleMessage(android.os.Message)>",
						"<android.webkit.WebViewCore: void access$500(android.webkit.WebViewCore)>",
						"<android.webkit.WebViewCore: void initialize()>",
						"<android.webkit.BrowserFrame: void <init>(android.content.Context,android.webkit.WebViewCore,android.webkit.CallbackProxy,android.webkit.WebSettings,java.util.Map)>",
						"<android.webkit.CookieSyncManager: android.webkit.CookieSyncManager createInstance(android.content.Context)>",
						"key field: <android.webkit.CookieSyncManager: android.webkit.CookieSyncManager sRef>",
						"<android.webkit.CookieSyncManager: android.webkit.CookieSyncManager getInstance()>"
					],
					"depth":7,
					"method":"<android.webkit.WebView$9: void onClick(android.view.View)>",
					"source":"FIELDCALLER"
				},
				{
					"trace":[
						"<android.webkit.WebView$8: void run()>",
						"<android.webkit.WebSyncManager: void run()>",
						"<android.webkit.WebViewCore$WebCoreThread$1: void handleMessage(android.os.Message)>",
						"<android.webkit.WebViewCore: void access$500(android.webkit.WebViewCore)>",
						"<android.webkit.WebViewCore: void initialize()>",
						"<android.webkit.BrowserFrame: void <init>(android.content.Context,android.webkit.WebViewCore,android.webkit.CallbackProxy,android.webkit.WebSettings,java.util.Map)>",
						"<android.webkit.CookieSyncManager: android.webkit.CookieSyncManager createInstance(android.content.Context)>",
						"key field: <android.webkit.CookieSyncManager: android.webkit.CookieSyncManager sRef>",
						"<android.webkit.CookieSyncManager: android.webkit.CookieSyncManager getInstance()>"
					],
					"depth":7,
					"method":"<android.webkit.WebView$8: void run()>",
					"source":"FIELDCALLER"
				},
				{
					"trace":[
						"<android.webkit.WebViewWorker: void handleMessage(android.os.Message)>",
						"<android.webkit.StreamLoader: void load()>",
						"<android.webkit.WebViewCore$WebCoreThread$1: void handleMessage(android.os.Message)>",
						"<android.webkit.WebViewCore: void access$500(android.webkit.WebViewCore)>",
						"<android.webkit.WebViewCore: void initialize()>",
						"<android.webkit.BrowserFrame: void <init>(android.content.Context,android.webkit.WebViewCore,android.webkit.CallbackProxy,android.webkit.WebSettings,java.util.Map)>",
						"<android.webkit.CookieSyncManager: android.webkit.CookieSyncManager createInstance(android.content.Context)>",
						"key field: <android.webkit.CookieSyncManager: android.webkit.CookieSyncManager sRef>",
						"<android.webkit.CookieSyncManager: android.webkit.CookieSyncManager getInstance()>"
					],
					"depth":7,
					"method":"<android.webkit.WebViewWorker: void handleMessage(android.os.Message)>",
					"source":"FIELDCALLER"
				},
				{
					"trace":[
						"<android.webkit.WebTextView: boolean onTouchEvent(android.view.MotionEvent)>",
						"<android.webkit.WebView: boolean onTouchEvent(android.view.MotionEvent)>",
						"<android.webkit.WebView: void doFling()>",
						"<android.webkit.WebViewCore$WebCoreThread$1: void handleMessage(android.os.Message)>",
						"<android.webkit.WebViewCore: void access$500(android.webkit.WebViewCore)>",
						"<android.webkit.WebViewCore: void initialize()>",
						"<android.webkit.BrowserFrame: void <init>(android.content.Context,android.webkit.WebViewCore,android.webkit.CallbackProxy,android.webkit.WebSettings,java.util.Map)>",
						"<android.webkit.CookieSyncManager: android.webkit.CookieSyncManager createInstance(android.content.Context)>",
						"key field: <android.webkit.CookieSyncManager: android.webkit.CookieSyncManager sRef>",
						"<android.webkit.CookieSyncManager: android.webkit.CookieSyncManager getInstance()>"
					],
					"depth":8,
					"method":"<android.webkit.WebTextView: boolean onTouchEvent(android.view.MotionEvent)>",
					"source":"FIELDCALLER"
				},
				{
					"trace":[
						"<android.view.ViewGroup: boolean dispatchKeyEvent(android.view.KeyEvent)>",
						"<android.webkit.WebTextView: boolean dispatchKeyEvent(android.view.KeyEvent)>",
						"<android.webkit.WebView: boolean onKeyDown(int,android.view.KeyEvent)>",
						"<android.webkit.WebViewCore$WebCoreThread$1: void handleMessage(android.os.Message)>",
						"<android.webkit.WebViewCore: void access$500(android.webkit.WebViewCore)>",
						"<android.webkit.WebViewCore: void initialize()>",
						"<android.webkit.BrowserFrame: void <init>(android.content.Context,android.webkit.WebViewCore,android.webkit.CallbackProxy,android.webkit.WebSettings,java.util.Map)>",
						"<android.webkit.CookieSyncManager: android.webkit.CookieSyncManager createInstance(android.content.Context)>",
						"key field: <android.webkit.CookieSyncManager: android.webkit.CookieSyncManager sRef>",
						"<android.webkit.CookieSyncManager: android.webkit.CookieSyncManager getInstance()>"
					],
					"depth":8,
					"method":"<android.view.ViewGroup: boolean dispatchKeyEvent(android.view.KeyEvent)>",
					"source":"FIELDCALLER"
				},
				{
					"trace":[
						"<android.widget.AutoCompleteTextView$PassThroughClickListener: void onClick(android.view.View)>",
						"<android.webkit.WebView$10: void onClick(android.view.View)>",
						"<android.webkit.WebSyncManager: void run()>",
						"<android.webkit.WebViewCore$WebCoreThread$1: void handleMessage(android.os.Message)>",
						"<android.webkit.WebViewCore: void access$500(android.webkit.WebViewCore)>",
						"<android.webkit.WebViewCore: void initialize()>",
						"<android.webkit.BrowserFrame: void <init>(android.content.Context,android.webkit.WebViewCore,android.webkit.CallbackProxy,android.webkit.WebSettings,java.util.Map)>",
						"<android.webkit.CookieSyncManager: android.webkit.CookieSyncManager createInstance(android.content.Context)>",
						"key field: <android.webkit.CookieSyncManager: android.webkit.CookieSyncManager sRef>",
						"<android.webkit.CookieSyncManager: android.webkit.CookieSyncManager getInstance()>"
					],
					"depth":8,
					"method":"<android.widget.AutoCompleteTextView$PassThroughClickListener: void onClick(android.view.View)>",
					"source":"FIELDCALLER"
				},
				{
					"trace":[
						"<android.test.InstrumentationTestCase$1: void run()>",
						"<android.webkit.WebView$8: void run()>",
						"<android.webkit.WebSyncManager: void run()>",
						"<android.webkit.WebViewCore$WebCoreThread$1: void handleMessage(android.os.Message)>",
						"<android.webkit.WebViewCore: void access$500(android.webkit.WebViewCore)>",
						"<android.webkit.WebViewCore: void initialize()>",
						"<android.webkit.BrowserFrame: void <init>(android.content.Context,android.webkit.WebViewCore,android.webkit.CallbackProxy,android.webkit.WebSettings,java.util.Map)>",
						"<android.webkit.CookieSyncManager: android.webkit.CookieSyncManager createInstance(android.content.Context)>",
						"key field: <android.webkit.CookieSyncManager: android.webkit.CookieSyncManager sRef>",
						"<android.webkit.CookieSyncManager: android.webkit.CookieSyncManager getInstance()>"
					],
					"depth":8,
					"method":"<android.test.InstrumentationTestCase$1: void run()>",
					"source":"FIELDCALLER"
				},
				{
					"trace":[
						"<android.app.Instrumentation$SyncRunnable: void run()>",
						"<android.webkit.WebView$8: void run()>",
						"<android.webkit.WebSyncManager: void run()>",
						"<android.webkit.WebViewCore$WebCoreThread$1: void handleMessage(android.os.Message)>",
						"<android.webkit.WebViewCore: void access$500(android.webkit.WebViewCore)>",
						"<android.webkit.WebViewCore: void initialize()>",
						"<android.webkit.BrowserFrame: void <init>(android.content.Context,android.webkit.WebViewCore,android.webkit.CallbackProxy,android.webkit.WebSettings,java.util.Map)>",
						"<android.webkit.CookieSyncManager: android.webkit.CookieSyncManager createInstance(android.content.Context)>",
						"key field: <android.webkit.CookieSyncManager: android.webkit.CookieSyncManager sRef>",
						"<android.webkit.CookieSyncManager: android.webkit.CookieSyncManager getInstance()>"
					],
					"depth":8,
					"method":"<android.app.Instrumentation$SyncRunnable: void run()>",
					"source":"FIELDCALLER"
				},
				{
					"trace":[
						"<android.widget.DigitalClock$1: void run()>",
						"<android.webkit.WebView$8: void run()>",
						"<android.webkit.WebSyncManager: void run()>",
						"<android.webkit.WebViewCore$WebCoreThread$1: void handleMessage(android.os.Message)>",
						"<android.webkit.WebViewCore: void access$500(android.webkit.WebViewCore)>",
						"<android.webkit.WebViewCore: void initialize()>",
						"<android.webkit.BrowserFrame: void <init>(android.content.Context,android.webkit.WebViewCore,android.webkit.CallbackProxy,android.webkit.WebSettings,java.util.Map)>",
						"<android.webkit.CookieSyncManager: android.webkit.CookieSyncManager createInstance(android.content.Context)>",
						"key field: <android.webkit.CookieSyncManager: android.webkit.CookieSyncManager sRef>",
						"<android.webkit.CookieSyncManager: android.webkit.CookieSyncManager getInstance()>"
					],
					"depth":8,
					"method":"<android.widget.DigitalClock$1: void run()>",
					"source":"FIELDCALLER"
				},
				{
					"trace":[
						"<java.lang.Thread: void run()>",
						"<android.webkit.WebView$8: void run()>",
						"<android.webkit.WebSyncManager: void run()>",
						"<android.webkit.WebViewCore$WebCoreThread$1: void handleMessage(android.os.Message)>",
						"<android.webkit.WebViewCore: void access$500(android.webkit.WebViewCore)>",
						"<android.webkit.WebViewCore: void initialize()>",
						"<android.webkit.BrowserFrame: void <init>(android.content.Context,android.webkit.WebViewCore,android.webkit.CallbackProxy,android.webkit.WebSettings,java.util.Map)>",
						"<android.webkit.CookieSyncManager: android.webkit.CookieSyncManager createInstance(android.content.Context)>",
						"key field: <android.webkit.CookieSyncManager: android.webkit.CookieSyncManager sRef>",
						"<android.webkit.CookieSyncManager: android.webkit.CookieSyncManager getInstance()>"
					],
					"depth":8,
					"method":"<java.lang.Thread: void run()>",
					"source":"FIELDCALLER"
				},
				{
					"trace":[
						"<android.webkit.WebView$PrivateHandler: void handleMessage(android.os.Message)>",
						"<android.webkit.WebViewWorker: void handleMessage(android.os.Message)>",
						"<android.webkit.StreamLoader: void load()>",
						"<android.webkit.WebViewCore$WebCoreThread$1: void handleMessage(android.os.Message)>",
						"<android.webkit.WebViewCore: void access$500(android.webkit.WebViewCore)>",
						"<android.webkit.WebViewCore: void initialize()>",
						"<android.webkit.BrowserFrame: void <init>(android.content.Context,android.webkit.WebViewCore,android.webkit.CallbackProxy,android.webkit.WebSettings,java.util.Map)>",
						"<android.webkit.CookieSyncManager: android.webkit.CookieSyncManager createInstance(android.content.Context)>",
						"key field: <android.webkit.CookieSyncManager: android.webkit.CookieSyncManager sRef>",
						"<android.webkit.CookieSyncManager: android.webkit.CookieSyncManager getInstance()>"
					],
					"depth":8,
					"method":"<android.webkit.WebView$PrivateHandler: void handleMessage(android.os.Message)>",
					"source":"FIELDCALLER"
				},
				{
					"trace":[
						"<android.webkit.WebViewCore$EventHub$1: void handleMessage(android.os.Message)>",
						"<android.webkit.WebViewWorker: void handleMessage(android.os.Message)>",
						"<android.webkit.StreamLoader: void load()>",
						"<android.webkit.WebViewCore$WebCoreThread$1: void handleMessage(android.os.Message)>",
						"<android.webkit.WebViewCore: void access$500(android.webkit.WebViewCore)>",
						"<android.webkit.WebViewCore: void initialize()>",
						"<android.webkit.BrowserFrame: void <init>(android.content.Context,android.webkit.WebViewCore,android.webkit.CallbackProxy,android.webkit.WebSettings,java.util.Map)>",
						"<android.webkit.CookieSyncManager: android.webkit.CookieSyncManager createInstance(android.content.Context)>",
						"key field: <android.webkit.CookieSyncManager: android.webkit.CookieSyncManager sRef>",
						"<android.webkit.CookieSyncManager: android.webkit.CookieSyncManager getInstance()>"
					],
					"depth":8,
					"method":"<android.webkit.WebViewCore$EventHub$1: void handleMessage(android.os.Message)>",
					"source":"FIELDCALLER"
				},
				{
					"trace":[
						"<android.widget.Filter$RequestHandler: void handleMessage(android.os.Message)>",
						"<android.webkit.WebViewWorker: void handleMessage(android.os.Message)>",
						"<android.webkit.StreamLoader: void load()>",
						"<android.webkit.WebViewCore$WebCoreThread$1: void handleMessage(android.os.Message)>",
						"<android.webkit.WebViewCore: void access$500(android.webkit.WebViewCore)>",
						"<android.webkit.WebViewCore: void initialize()>",
						"<android.webkit.BrowserFrame: void <init>(android.content.Context,android.webkit.WebViewCore,android.webkit.CallbackProxy,android.webkit.WebSettings,java.util.Map)>",
						"<android.webkit.CookieSyncManager: android.webkit.CookieSyncManager createInstance(android.content.Context)>",
						"key field: <android.webkit.CookieSyncManager: android.webkit.CookieSyncManager sRef>",
						"<android.webkit.CookieSyncManager: android.webkit.CookieSyncManager getInstance()>"
					],
					"depth":8,
					"method":"<android.widget.Filter$RequestHandler: void handleMessage(android.os.Message)>",
					"source":"FIELDCALLER"
				},
				{
					"trace":[
						"<android.net.wifi.WifiStateTracker$DhcpHandler: void handleMessage(android.os.Message)>",
						"<android.webkit.WebViewWorker: void handleMessage(android.os.Message)>",
						"<android.webkit.StreamLoader: void load()>",
						"<android.webkit.WebViewCore$WebCoreThread$1: void handleMessage(android.os.Message)>",
						"<android.webkit.WebViewCore: void access$500(android.webkit.WebViewCore)>",
						"<android.webkit.WebViewCore: void initialize()>",
						"<android.webkit.BrowserFrame: void <init>(android.content.Context,android.webkit.WebViewCore,android.webkit.CallbackProxy,android.webkit.WebSettings,java.util.Map)>",
						"<android.webkit.CookieSyncManager: android.webkit.CookieSyncManager createInstance(android.content.Context)>",
						"key field: <android.webkit.CookieSyncManager: android.webkit.CookieSyncManager sRef>",
						"<android.webkit.CookieSyncManager: android.webkit.CookieSyncManager getInstance()>"
					],
					"depth":8,
					"method":"<android.net.wifi.WifiStateTracker$DhcpHandler: void handleMessage(android.os.Message)>",
					"source":"FIELDCALLER"
				},
				{
					"trace":[
						"<android.net.wifi.WifiStateTracker: void handleMessage(android.os.Message)>",
						"<android.webkit.WebViewWorker: void handleMessage(android.os.Message)>",
						"<android.webkit.StreamLoader: void load()>",
						"<android.webkit.WebViewCore$WebCoreThread$1: void handleMessage(android.os.Message)>",
						"<android.webkit.WebViewCore: void access$500(android.webkit.WebViewCore)>",
						"<android.webkit.WebViewCore: void initialize()>",
						"<android.webkit.BrowserFrame: void <init>(android.content.Context,android.webkit.WebViewCore,android.webkit.CallbackProxy,android.webkit.WebSettings,java.util.Map)>",
						"<android.webkit.CookieSyncManager: android.webkit.CookieSyncManager createInstance(android.content.Context)>",
						"key field: <android.webkit.CookieSyncManager: android.webkit.CookieSyncManager sRef>",
						"<android.webkit.CookieSyncManager: android.webkit.CookieSyncManager getInstance()>"
					],
					"depth":8,
					"method":"<android.net.wifi.WifiStateTracker: void handleMessage(android.os.Message)>",
					"source":"FIELDCALLER"
				},
				{
					"trace":[
						"<android.server.BluetoothService$1: void handleMessage(android.os.Message)>",
						"<android.webkit.WebViewWorker: void handleMessage(android.os.Message)>",
						"<android.webkit.StreamLoader: void load()>",
						"<android.webkit.WebViewCore$WebCoreThread$1: void handleMessage(android.os.Message)>",
						"<android.webkit.WebViewCore: void access$500(android.webkit.WebViewCore)>",
						"<android.webkit.WebViewCore: void initialize()>",
						"<android.webkit.BrowserFrame: void <init>(android.content.Context,android.webkit.WebViewCore,android.webkit.CallbackProxy,android.webkit.WebSettings,java.util.Map)>",
						"<android.webkit.CookieSyncManager: android.webkit.CookieSyncManager createInstance(android.content.Context)>",
						"key field: <android.webkit.CookieSyncManager: android.webkit.CookieSyncManager sRef>",
						"<android.webkit.CookieSyncManager: android.webkit.CookieSyncManager getInstance()>"
					],
					"depth":8,
					"method":"<android.server.BluetoothService$1: void handleMessage(android.os.Message)>",
					"source":"FIELDCALLER"
				},
				{
					"trace":[
						"<android.webkit.BrowserFrame: void handleMessage(android.os.Message)>",
						"<android.webkit.WebViewWorker: void handleMessage(android.os.Message)>",
						"<android.webkit.StreamLoader: void load()>",
						"<android.webkit.WebViewCore$WebCoreThread$1: void handleMessage(android.os.Message)>",
						"<android.webkit.WebViewCore: void access$500(android.webkit.WebViewCore)>",
						"<android.webkit.WebViewCore: void initialize()>",
						"<android.webkit.BrowserFrame: void <init>(android.content.Context,android.webkit.WebViewCore,android.webkit.CallbackProxy,android.webkit.WebSettings,java.util.Map)>",
						"<android.webkit.CookieSyncManager: android.webkit.CookieSyncManager createInstance(android.content.Context)>",
						"key field: <android.webkit.CookieSyncManager: android.webkit.CookieSyncManager sRef>",
						"<android.webkit.CookieSyncManager: android.webkit.CookieSyncManager getInstance()>"
					],
					"depth":8,
					"method":"<android.webkit.BrowserFrame: void handleMessage(android.os.Message)>",
					"source":"FIELDCALLER"
				},
				{
					"trace":[
						"<android.webkit.FrameLoader: boolean executeLoad()>",
						"<android.webkit.FrameLoader: boolean handleLocalFile(java.lang.String,android.webkit.LoadListener,android.webkit.WebSettings)>",
						"<android.webkit.StreamLoader: void load()>",
						"<android.webkit.WebViewCore$WebCoreThread$1: void handleMessage(android.os.Message)>",
						"<android.webkit.WebViewCore: void access$500(android.webkit.WebViewCore)>",
						"<android.webkit.WebViewCore: void initialize()>",
						"<android.webkit.BrowserFrame: void <init>(android.content.Context,android.webkit.WebViewCore,android.webkit.CallbackProxy,android.webkit.WebSettings,java.util.Map)>",
						"<android.webkit.CookieSyncManager: android.webkit.CookieSyncManager createInstance(android.content.Context)>",
						"key field: <android.webkit.CookieSyncManager: android.webkit.CookieSyncManager sRef>",
						"<android.webkit.CookieSyncManager: android.webkit.CookieSyncManager getInstance()>"
					],
					"depth":8,
					"method":"<android.webkit.FrameLoader: boolean executeLoad()>",
					"source":"FIELDCALLER"
				},
				{
					"trace":[
						"<android.webkit.LoadListener: void handleMessage(android.os.Message)>",
						"<android.webkit.LoadListener: void handleEndData()>",
						"<android.webkit.StreamLoader: void load()>",
						"<android.webkit.WebViewCore$WebCoreThread$1: void handleMessage(android.os.Message)>",
						"<android.webkit.WebViewCore: void access$500(android.webkit.WebViewCore)>",
						"<android.webkit.WebViewCore: void initialize()>",
						"<android.webkit.BrowserFrame: void <init>(android.content.Context,android.webkit.WebViewCore,android.webkit.CallbackProxy,android.webkit.WebSettings,java.util.Map)>",
						"<android.webkit.CookieSyncManager: android.webkit.CookieSyncManager createInstance(android.content.Context)>",
						"key field: <android.webkit.CookieSyncManager: android.webkit.CookieSyncManager sRef>",
						"<android.webkit.CookieSyncManager: android.webkit.CookieSyncManager getInstance()>"
					],
					"depth":8,
					"method":"<android.webkit.LoadListener: void handleMessage(android.os.Message)>",
					"source":"FIELDCALLER"
				}
			],
			"callerOfSingnlar2SourceVar":{}
		}
	]
}