{
	"exceptions":[
		{
			"method":"<android.location.Criteria: void setAccuracy(int)>",
			"message":"\\Qaccuracy=\\E[\\s\\S]*",
			"relatedVarType":"Parameter",
			"relatedCondType":"Basic",
			"modifier":"public",
			"type":"java.lang.IllegalArgumentException",
			"osVersionRelated":false,
			"resourceRelated":false,
			"assessRelated":false,
			"hardwareRelated":false,
			"manifestRelated":false,
			"conditions":"i0 <= 2, i0 >= 0",
			"paramValues":"@parameter0: int",
			"relatedValues":"@parameter0: int; ; ",
			"keyAPISameClassNum":0,
			"keyAPIDiffClassNum":0,
			"keyAPISameClass":[
				{
					"trace":[
						"<android.location.Criteria: void setAccuracy(int)>"
					],
					"depth":0,
					"method":"<android.location.Criteria: void setAccuracy(int)>",
					"source":"CALLER"
				}
			],
			"keyAPIDiffClass":[],
			"callerOfSingnlar2SourceVar":{
				"<android.location.Criteria: void setAccuracy(int)>":"0"
			}
		},
		{
			"method":"<android.location.Criteria: void setPowerRequirement(int)>",
			"message":"\\Qlevel=\\E[\\s\\S]*",
			"relatedVarType":"Parameter",
			"relatedCondType":"Basic",
			"modifier":"public",
			"type":"java.lang.IllegalArgumentException",
			"osVersionRelated":false,
			"resourceRelated":false,
			"assessRelated":false,
			"hardwareRelated":false,
			"manifestRelated":false,
			"conditions":"i0 < 0, i0 <= 3",
			"paramValues":"@parameter0: int",
			"relatedValues":"@parameter0: int; ; ",
			"keyAPISameClassNum":0,
			"keyAPIDiffClassNum":0,
			"keyAPISameClass":[
				{
					"trace":[
						"<android.location.Criteria: void setPowerRequirement(int)>"
					],
					"depth":0,
					"method":"<android.location.Criteria: void setPowerRequirement(int)>",
					"source":"CALLER"
				}
			],
			"keyAPIDiffClass":[],
			"callerOfSingnlar2SourceVar":{
				"<android.location.Criteria: void setPowerRequirement(int)>":"0"
			}
		}
	]
}