{
	"exceptions":[
		{
			"method":"<android.widget.NumberPicker: void setCurrent(int)>",
			"message":"\\Qcurrent should be >= start and <= end\\E",
			"relatedVarType":"ParaAndField",
			"relatedCondType":"Basic",
			"modifier":"public",
			"type":"java.lang.IllegalArgumentException",
			"osVersionRelated":false,
			"resourceRelated":false,
			"assessRelated":false,
			"hardwareRelated":false,
			"manifestRelated":false,
			"conditions":"i0 < $i1, i0 <= $i2",
			"paramValues":"@parameter0: int",
			"fieldValues":"<android.widget.NumberPicker: int mStart>, <android.widget.NumberPicker: int mEnd>",
			"relatedValues":"@parameter0: int; <android.widget.NumberPicker: int mStart>, <android.widget.NumberPicker: int mEnd>; ",
			"keyAPISameClassNum":2,
			"keyAPIDiffClassNum":17,
			"keyAPISameClass":[
				{
					"trace":[
						"<android.widget.NumberPicker: void setCurrent(int)>"
					],
					"depth":1,
					"method":"<android.widget.NumberPicker: void setRange(int,int,java.lang.String[])>",
					"source":"FIELD"
				},
				{
					"trace":[
						"<android.widget.NumberPicker: void setRange(int,int)>",
						"<android.widget.NumberPicker: void setRange(int,int,java.lang.String[])>",
						"key field: <android.widget.NumberPicker: int mStart>",
						"<android.widget.NumberPicker: void setCurrent(int)>"
					],
					"depth":2,
					"method":"<android.widget.NumberPicker: void setRange(int,int)>",
					"source":"FIELDCALLER"
				}
			],
			"keyAPIDiffClass":[
				{
					"trace":[
						"<android.widget.TimePicker: void <init>(android.content.Context,android.util.AttributeSet,int)>",
						"<android.widget.NumberPicker: void setRange(int,int)>",
						"<android.widget.NumberPicker: void setRange(int,int,java.lang.String[])>",
						"key field: <android.widget.NumberPicker: int mStart>",
						"<android.widget.NumberPicker: void setCurrent(int)>"
					],
					"depth":3,
					"method":"<android.widget.TimePicker: void <init>(android.content.Context,android.util.AttributeSet,int)>",
					"source":"FIELDCALLER"
				},
				{
					"trace":[
						"<android.widget.TimePicker: void <init>(android.content.Context,android.util.AttributeSet)>",
						"<android.widget.TimePicker: void <init>(android.content.Context,android.util.AttributeSet,int)>",
						"<android.widget.NumberPicker: void setRange(int,int)>",
						"<android.widget.NumberPicker: void setRange(int,int,java.lang.String[])>",
						"key field: <android.widget.NumberPicker: int mStart>",
						"<android.widget.NumberPicker: void setCurrent(int)>"
					],
					"depth":4,
					"method":"<android.widget.TimePicker: void <init>(android.content.Context,android.util.AttributeSet)>",
					"source":"FIELDCALLER"
				},
				{
					"trace":[
						"<android.widget.TimePicker: void setIs24HourView(java.lang.Boolean)>",
						"<android.widget.TimePicker: void configurePickerRanges()>",
						"<android.widget.NumberPicker: void setRange(int,int)>",
						"<android.widget.NumberPicker: void setRange(int,int,java.lang.String[])>",
						"key field: <android.widget.NumberPicker: int mStart>",
						"<android.widget.NumberPicker: void setCurrent(int)>"
					],
					"depth":4,
					"method":"<android.widget.TimePicker: void setIs24HourView(java.lang.Boolean)>",
					"source":"FIELDCALLER"
				},
				{
					"trace":[
						"<android.widget.DatePicker$2: void onChanged(android.widget.NumberPicker,int,int)>",
						"<android.widget.DatePicker: void access$400(android.widget.DatePicker)>",
						"<android.widget.DatePicker: void updateDaySpinner()>",
						"<android.widget.NumberPicker: void setRange(int,int)>",
						"<android.widget.NumberPicker: void setRange(int,int,java.lang.String[])>",
						"key field: <android.widget.NumberPicker: int mStart>",
						"<android.widget.NumberPicker: void setCurrent(int)>"
					],
					"depth":5,
					"method":"<android.widget.DatePicker$2: void onChanged(android.widget.NumberPicker,int,int)>",
					"source":"FIELDCALLER"
				},
				{
					"trace":[
						"<android.widget.NumberPicker$OnChangedListener: void onChanged(android.widget.NumberPicker,int,int)>",
						"<android.widget.DatePicker: void access$400(android.widget.DatePicker)>",
						"<android.widget.DatePicker: void updateDaySpinner()>",
						"<android.widget.NumberPicker: void setRange(int,int)>",
						"<android.widget.NumberPicker: void setRange(int,int,java.lang.String[])>",
						"key field: <android.widget.NumberPicker: int mStart>",
						"<android.widget.NumberPicker: void setCurrent(int)>"
					],
					"depth":5,
					"method":"<android.widget.NumberPicker$OnChangedListener: void onChanged(android.widget.NumberPicker,int,int)>",
					"source":"FIELDCALLER"
				},
				{
					"trace":[
						"<android.widget.DatePicker$3: void onChanged(android.widget.NumberPicker,int,int)>",
						"<android.widget.DatePicker: void access$400(android.widget.DatePicker)>",
						"<android.widget.DatePicker: void updateDaySpinner()>",
						"<android.widget.NumberPicker: void setRange(int,int)>",
						"<android.widget.NumberPicker: void setRange(int,int,java.lang.String[])>",
						"key field: <android.widget.NumberPicker: int mStart>",
						"<android.widget.NumberPicker: void setCurrent(int)>"
					],
					"depth":5,
					"method":"<android.widget.DatePicker$3: void onChanged(android.widget.NumberPicker,int,int)>",
					"source":"FIELDCALLER"
				},
				{
					"trace":[
						"<android.widget.DatePicker: void init(int,int,int,android.widget.DatePicker$OnDateChangedListener)>",
						"<android.widget.DatePicker: void updateSpinners()>",
						"<android.widget.DatePicker: void updateDaySpinner()>",
						"<android.widget.NumberPicker: void setRange(int,int)>",
						"<android.widget.NumberPicker: void setRange(int,int,java.lang.String[])>",
						"key field: <android.widget.NumberPicker: int mStart>",
						"<android.widget.NumberPicker: void setCurrent(int)>"
					],
					"depth":5,
					"method":"<android.widget.DatePicker: void init(int,int,int,android.widget.DatePicker$OnDateChangedListener)>",
					"source":"FIELDCALLER"
				},
				{
					"trace":[
						"<android.widget.DatePicker: void updateDate(int,int,int)>",
						"<android.widget.DatePicker: void updateSpinners()>",
						"<android.widget.DatePicker: void updateDaySpinner()>",
						"<android.widget.NumberPicker: void setRange(int,int)>",
						"<android.widget.NumberPicker: void setRange(int,int,java.lang.String[])>",
						"key field: <android.widget.NumberPicker: int mStart>",
						"<android.widget.NumberPicker: void setCurrent(int)>"
					],
					"depth":5,
					"method":"<android.widget.DatePicker: void updateDate(int,int,int)>",
					"source":"FIELDCALLER"
				},
				{
					"trace":[
						"<android.widget.TimePicker: void <init>(android.content.Context)>",
						"<android.widget.TimePicker: void <init>(android.content.Context,android.util.AttributeSet)>",
						"<android.widget.TimePicker: void <init>(android.content.Context,android.util.AttributeSet,int)>",
						"<android.widget.NumberPicker: void setRange(int,int)>",
						"<android.widget.NumberPicker: void setRange(int,int,java.lang.String[])>",
						"key field: <android.widget.NumberPicker: int mStart>",
						"<android.widget.NumberPicker: void setCurrent(int)>"
					],
					"depth":5,
					"method":"<android.widget.TimePicker: void <init>(android.content.Context)>",
					"source":"FIELDCALLER"
				},
				{
					"trace":[
						"<android.widget.DatePicker: void <init>(android.content.Context,android.util.AttributeSet,int)>",
						"<android.widget.DatePicker: void init(int,int,int,android.widget.DatePicker$OnDateChangedListener)>",
						"<android.widget.DatePicker: void updateSpinners()>",
						"<android.widget.DatePicker: void updateDaySpinner()>",
						"<android.widget.NumberPicker: void setRange(int,int)>",
						"<android.widget.NumberPicker: void setRange(int,int,java.lang.String[])>",
						"key field: <android.widget.NumberPicker: int mStart>",
						"<android.widget.NumberPicker: void setCurrent(int)>"
					],
					"depth":6,
					"method":"<android.widget.DatePicker: void <init>(android.content.Context,android.util.AttributeSet,int)>",
					"source":"FIELDCALLER"
				},
				{
					"trace":[
						"<android.app.DatePickerDialog: void updateDate(int,int,int)>",
						"<android.widget.DatePicker: void updateDate(int,int,int)>",
						"<android.widget.DatePicker: void updateSpinners()>",
						"<android.widget.DatePicker: void updateDaySpinner()>",
						"<android.widget.NumberPicker: void setRange(int,int)>",
						"<android.widget.NumberPicker: void setRange(int,int,java.lang.String[])>",
						"key field: <android.widget.NumberPicker: int mStart>",
						"<android.widget.NumberPicker: void setCurrent(int)>"
					],
					"depth":6,
					"method":"<android.app.DatePickerDialog: void updateDate(int,int,int)>",
					"source":"FIELDCALLER"
				},
				{
					"trace":[
						"<android.widget.DatePicker: void <init>(android.content.Context,android.util.AttributeSet)>",
						"<android.widget.DatePicker: void <init>(android.content.Context,android.util.AttributeSet,int)>",
						"<android.widget.DatePicker: void init(int,int,int,android.widget.DatePicker$OnDateChangedListener)>",
						"<android.widget.DatePicker: void updateSpinners()>",
						"<android.widget.DatePicker: void updateDaySpinner()>",
						"<android.widget.NumberPicker: void setRange(int,int)>",
						"<android.widget.NumberPicker: void setRange(int,int,java.lang.String[])>",
						"key field: <android.widget.NumberPicker: int mStart>",
						"<android.widget.NumberPicker: void setCurrent(int)>"
					],
					"depth":7,
					"method":"<android.widget.DatePicker: void <init>(android.content.Context,android.util.AttributeSet)>",
					"source":"FIELDCALLER"
				},
				{
					"trace":[
						"<android.widget.NumberPicker$2: void run()>",
						"<android.widget.NumberPicker: void changeCurrent(int)>",
						"<android.widget.NumberPicker: void notifyChange()>",
						"<android.widget.DatePicker$2: void onChanged(android.widget.NumberPicker,int,int)>",
						"<android.widget.DatePicker: void access$400(android.widget.DatePicker)>",
						"<android.widget.DatePicker: void updateDaySpinner()>",
						"<android.widget.NumberPicker: void setRange(int,int)>",
						"<android.widget.NumberPicker: void setRange(int,int,java.lang.String[])>",
						"key field: <android.widget.NumberPicker: int mStart>",
						"<android.widget.NumberPicker: void setCurrent(int)>"
					],
					"depth":8,
					"method":"<android.widget.NumberPicker$2: void run()>",
					"source":"FIELDCALLER"
				},
				{
					"trace":[
						"<java.lang.Runnable: void run()>",
						"<android.widget.NumberPicker: void changeCurrent(int)>",
						"<android.widget.NumberPicker: void notifyChange()>",
						"<android.widget.DatePicker$2: void onChanged(android.widget.NumberPicker,int,int)>",
						"<android.widget.DatePicker: void access$400(android.widget.DatePicker)>",
						"<android.widget.DatePicker: void updateDaySpinner()>",
						"<android.widget.NumberPicker: void setRange(int,int)>",
						"<android.widget.NumberPicker: void setRange(int,int,java.lang.String[])>",
						"key field: <android.widget.NumberPicker: int mStart>",
						"<android.widget.NumberPicker: void setCurrent(int)>"
					],
					"depth":8,
					"method":"<java.lang.Runnable: void run()>",
					"source":"FIELDCALLER"
				},
				{
					"trace":[
						"<android.widget.NumberPicker$3: void onClick(android.view.View)>",
						"<android.widget.NumberPicker: void changeCurrent(int)>",
						"<android.widget.NumberPicker: void notifyChange()>",
						"<android.widget.DatePicker$2: void onChanged(android.widget.NumberPicker,int,int)>",
						"<android.widget.DatePicker: void access$400(android.widget.DatePicker)>",
						"<android.widget.DatePicker: void updateDaySpinner()>",
						"<android.widget.NumberPicker: void setRange(int,int)>",
						"<android.widget.NumberPicker: void setRange(int,int,java.lang.String[])>",
						"key field: <android.widget.NumberPicker: int mStart>",
						"<android.widget.NumberPicker: void setCurrent(int)>"
					],
					"depth":8,
					"method":"<android.widget.NumberPicker$3: void onClick(android.view.View)>",
					"source":"FIELDCALLER"
				},
				{
					"trace":[
						"<android.view.View$OnClickListener: void onClick(android.view.View)>",
						"<android.widget.NumberPicker: void changeCurrent(int)>",
						"<android.widget.NumberPicker: void notifyChange()>",
						"<android.widget.DatePicker$2: void onChanged(android.widget.NumberPicker,int,int)>",
						"<android.widget.DatePicker: void access$400(android.widget.DatePicker)>",
						"<android.widget.DatePicker: void updateDaySpinner()>",
						"<android.widget.NumberPicker: void setRange(int,int)>",
						"<android.widget.NumberPicker: void setRange(int,int,java.lang.String[])>",
						"key field: <android.widget.NumberPicker: int mStart>",
						"<android.widget.NumberPicker: void setCurrent(int)>"
					],
					"depth":8,
					"method":"<android.view.View$OnClickListener: void onClick(android.view.View)>",
					"source":"FIELDCALLER"
				},
				{
					"trace":[
						"<android.widget.DatePicker: void <init>(android.content.Context)>",
						"<android.widget.DatePicker: void <init>(android.content.Context,android.util.AttributeSet)>",
						"<android.widget.DatePicker: void <init>(android.content.Context,android.util.AttributeSet,int)>",
						"<android.widget.DatePicker: void init(int,int,int,android.widget.DatePicker$OnDateChangedListener)>",
						"<android.widget.DatePicker: void updateSpinners()>",
						"<android.widget.DatePicker: void updateDaySpinner()>",
						"<android.widget.NumberPicker: void setRange(int,int)>",
						"<android.widget.NumberPicker: void setRange(int,int,java.lang.String[])>",
						"key field: <android.widget.NumberPicker: int mStart>",
						"<android.widget.NumberPicker: void setCurrent(int)>"
					],
					"depth":8,
					"method":"<android.widget.DatePicker: void <init>(android.content.Context)>",
					"source":"FIELDCALLER"
				}
			],
			"callerOfSingnlar2SourceVar":{
				"<android.widget.NumberPicker: void setCurrent(int)>":"0"
			}
		}
	]
}