{
	"exceptions":[
		{
			"method":"<android.view.SurfaceView$3: android.graphics.Canvas internalLockCanvas(android.graphics.Rect)>",
			"message":"\\QSurface type is SURFACE_TYPE_PUSH_BUFFERS\\E",
			"relatedVarType":"Field",
			"relatedCondType":"Basic",
			"modifier":"private",
			"type":"android.view.SurfaceHolder$BadSurfaceTypeException",
			"osVersionRelated":false,
			"resourceRelated":false,
			"assessRelated":false,
			"hardwareRelated":true,
			"manifestRelated":false,
			"conditions":"$i0 != 3",
			"fieldValues":"<android.view.SurfaceView$3: android.view.SurfaceView this$0>",
			"relatedValues":"; <android.view.SurfaceView$3: android.view.SurfaceView this$0>; ",
			"keyAPISameClassNum":15,
			"keyAPIDiffClassNum":10,
			"keyAPISameClass":[
				{
					"trace":[
						"<android.view.SurfaceView$3: android.graphics.Canvas internalLockCanvas(android.graphics.Rect)>"
					],
					"depth":1,
					"method":"<android.view.SurfaceView$3: void addCallback(android.view.SurfaceHolder$Callback)>",
					"source":"FIELD"
				},
				{
					"trace":[
						"<android.view.SurfaceView$3: android.graphics.Canvas internalLockCanvas(android.graphics.Rect)>"
					],
					"depth":1,
					"method":"<android.view.SurfaceView$3: android.view.Surface getSurface()>",
					"source":"FIELD"
				},
				{
					"trace":[
						"<android.view.SurfaceView$3: android.graphics.Canvas internalLockCanvas(android.graphics.Rect)>"
					],
					"depth":1,
					"method":"<android.view.SurfaceView$3: android.graphics.Rect getSurfaceFrame()>",
					"source":"FIELD"
				},
				{
					"trace":[
						"<android.view.SurfaceView$3: android.graphics.Canvas internalLockCanvas(android.graphics.Rect)>"
					],
					"depth":1,
					"method":"<android.view.SurfaceView$3: boolean isCreating()>",
					"source":"FIELD"
				},
				{
					"trace":[
						"<android.view.SurfaceView$3: android.graphics.Canvas internalLockCanvas(android.graphics.Rect)>"
					],
					"depth":1,
					"method":"<android.view.SurfaceView$3: void removeCallback(android.view.SurfaceHolder$Callback)>",
					"source":"FIELD"
				},
				{
					"trace":[
						"<android.view.SurfaceView$3: android.graphics.Canvas internalLockCanvas(android.graphics.Rect)>"
					],
					"depth":1,
					"method":"<android.view.SurfaceView$3: void setFixedSize(int,int)>",
					"source":"FIELD"
				},
				{
					"trace":[
						"<android.view.SurfaceView$3: android.graphics.Canvas internalLockCanvas(android.graphics.Rect)>"
					],
					"depth":1,
					"method":"<android.view.SurfaceView$3: void setFormat(int)>",
					"source":"FIELD"
				},
				{
					"trace":[
						"<android.view.SurfaceView$3: android.graphics.Canvas internalLockCanvas(android.graphics.Rect)>"
					],
					"depth":1,
					"method":"<android.view.SurfaceView$3: void setKeepScreenOn(boolean)>",
					"source":"FIELD"
				},
				{
					"trace":[
						"<android.view.SurfaceView$3: android.graphics.Canvas internalLockCanvas(android.graphics.Rect)>"
					],
					"depth":1,
					"method":"<android.view.SurfaceView$3: void setSizeFromLayout()>",
					"source":"FIELD"
				},
				{
					"trace":[
						"<android.view.SurfaceView$3: android.graphics.Canvas internalLockCanvas(android.graphics.Rect)>"
					],
					"depth":1,
					"method":"<android.view.SurfaceView$3: void setType(int)>",
					"source":"FIELD"
				},
				{
					"trace":[
						"<android.view.SurfaceView$3: android.graphics.Canvas internalLockCanvas(android.graphics.Rect)>"
					],
					"depth":1,
					"method":"<android.view.SurfaceView$3: void unlockCanvasAndPost(android.graphics.Canvas)>",
					"source":"FIELD"
				},
				{
					"trace":[
						"<android.view.SurfaceView$3: android.graphics.Canvas lockCanvas()>",
						"<android.view.SurfaceView$3: android.graphics.Canvas internalLockCanvas(android.graphics.Rect)>",
						"key field: <android.view.SurfaceView$3: android.view.SurfaceView this$0>",
						"<android.view.SurfaceView$3: android.graphics.Canvas internalLockCanvas(android.graphics.Rect)>"
					],
					"depth":2,
					"method":"<android.view.SurfaceView$3: android.graphics.Canvas lockCanvas()>",
					"source":"FIELDCALLER"
				},
				{
					"trace":[
						"<android.view.SurfaceHolder: android.graphics.Canvas lockCanvas()>",
						"<android.view.SurfaceView$3: android.graphics.Canvas internalLockCanvas(android.graphics.Rect)>",
						"key field: <android.view.SurfaceView$3: android.view.SurfaceView this$0>",
						"<android.view.SurfaceView$3: android.graphics.Canvas internalLockCanvas(android.graphics.Rect)>"
					],
					"depth":2,
					"method":"<android.view.SurfaceHolder: android.graphics.Canvas lockCanvas()>",
					"source":"FIELDCALLER"
				},
				{
					"trace":[
						"<android.view.SurfaceHolder: android.graphics.Canvas lockCanvas(android.graphics.Rect)>",
						"<android.view.SurfaceView$3: android.graphics.Canvas internalLockCanvas(android.graphics.Rect)>",
						"key field: <android.view.SurfaceView$3: android.view.SurfaceView this$0>",
						"<android.view.SurfaceView$3: android.graphics.Canvas internalLockCanvas(android.graphics.Rect)>"
					],
					"depth":2,
					"method":"<android.view.SurfaceHolder: android.graphics.Canvas lockCanvas(android.graphics.Rect)>",
					"source":"FIELDCALLER"
				},
				{
					"trace":[
						"<android.view.SurfaceView$3: android.graphics.Canvas lockCanvas(android.graphics.Rect)>",
						"<android.view.SurfaceView$3: android.graphics.Canvas internalLockCanvas(android.graphics.Rect)>",
						"key field: <android.view.SurfaceView$3: android.view.SurfaceView this$0>",
						"<android.view.SurfaceView$3: android.graphics.Canvas internalLockCanvas(android.graphics.Rect)>"
					],
					"depth":2,
					"method":"<android.view.SurfaceView$3: android.graphics.Canvas lockCanvas(android.graphics.Rect)>",
					"source":"FIELDCALLER"
				}
			],
			"keyAPIDiffClass":[
				{
					"trace":[
						"<android.view.SurfaceView: void <init>(android.content.Context)>",
						"<android.view.SurfaceView$3: void <init>(android.view.SurfaceView)>",
						"key field: <android.view.SurfaceView$3: android.view.SurfaceView this$0>",
						"<android.view.SurfaceView$3: android.graphics.Canvas internalLockCanvas(android.graphics.Rect)>"
					],
					"depth":2,
					"method":"<android.view.SurfaceView: void <init>(android.content.Context)>",
					"source":"FIELDCALLER"
				},
				{
					"trace":[
						"<android.view.SurfaceView: void <init>(android.content.Context,android.util.AttributeSet,int)>",
						"<android.view.SurfaceView$3: void <init>(android.view.SurfaceView)>",
						"key field: <android.view.SurfaceView$3: android.view.SurfaceView this$0>",
						"<android.view.SurfaceView$3: android.graphics.Canvas internalLockCanvas(android.graphics.Rect)>"
					],
					"depth":2,
					"method":"<android.view.SurfaceView: void <init>(android.content.Context,android.util.AttributeSet,int)>",
					"source":"FIELDCALLER"
				},
				{
					"trace":[
						"<android.view.SurfaceView: void <init>(android.content.Context,android.util.AttributeSet)>",
						"<android.view.SurfaceView$3: void <init>(android.view.SurfaceView)>",
						"key field: <android.view.SurfaceView$3: android.view.SurfaceView this$0>",
						"<android.view.SurfaceView$3: android.graphics.Canvas internalLockCanvas(android.graphics.Rect)>"
					],
					"depth":2,
					"method":"<android.view.SurfaceView: void <init>(android.content.Context,android.util.AttributeSet)>",
					"source":"FIELDCALLER"
				},
				{
					"trace":[
						"<android.widget.VideoView: void <init>(android.content.Context)>",
						"<android.view.SurfaceView: void <init>(android.content.Context)>",
						"<android.view.SurfaceView$3: void <init>(android.view.SurfaceView)>",
						"key field: <android.view.SurfaceView$3: android.view.SurfaceView this$0>",
						"<android.view.SurfaceView$3: android.graphics.Canvas internalLockCanvas(android.graphics.Rect)>"
					],
					"depth":3,
					"method":"<android.widget.VideoView: void <init>(android.content.Context)>",
					"source":"FIELDCALLER"
				},
				{
					"trace":[
						"<android.opengl.GLSurfaceView: void <init>(android.content.Context)>",
						"<android.view.SurfaceView: void <init>(android.content.Context)>",
						"<android.view.SurfaceView$3: void <init>(android.view.SurfaceView)>",
						"key field: <android.view.SurfaceView$3: android.view.SurfaceView this$0>",
						"<android.view.SurfaceView$3: android.graphics.Canvas internalLockCanvas(android.graphics.Rect)>"
					],
					"depth":3,
					"method":"<android.opengl.GLSurfaceView: void <init>(android.content.Context)>",
					"source":"FIELDCALLER"
				},
				{
					"trace":[
						"<android.renderscript.RSSurfaceView: void <init>(android.content.Context)>",
						"<android.view.SurfaceView: void <init>(android.content.Context)>",
						"<android.view.SurfaceView$3: void <init>(android.view.SurfaceView)>",
						"key field: <android.view.SurfaceView$3: android.view.SurfaceView this$0>",
						"<android.view.SurfaceView$3: android.graphics.Canvas internalLockCanvas(android.graphics.Rect)>"
					],
					"depth":3,
					"method":"<android.renderscript.RSSurfaceView: void <init>(android.content.Context)>",
					"source":"FIELDCALLER"
				},
				{
					"trace":[
						"<android.widget.VideoView: void <init>(android.content.Context,android.util.AttributeSet,int)>",
						"<android.view.SurfaceView: void <init>(android.content.Context,android.util.AttributeSet,int)>",
						"<android.view.SurfaceView$3: void <init>(android.view.SurfaceView)>",
						"key field: <android.view.SurfaceView$3: android.view.SurfaceView this$0>",
						"<android.view.SurfaceView$3: android.graphics.Canvas internalLockCanvas(android.graphics.Rect)>"
					],
					"depth":3,
					"method":"<android.widget.VideoView: void <init>(android.content.Context,android.util.AttributeSet,int)>",
					"source":"FIELDCALLER"
				},
				{
					"trace":[
						"<android.renderscript.RSSurfaceView: void <init>(android.content.Context,android.util.AttributeSet)>",
						"<android.view.SurfaceView: void <init>(android.content.Context,android.util.AttributeSet)>",
						"<android.view.SurfaceView$3: void <init>(android.view.SurfaceView)>",
						"key field: <android.view.SurfaceView$3: android.view.SurfaceView this$0>",
						"<android.view.SurfaceView$3: android.graphics.Canvas internalLockCanvas(android.graphics.Rect)>"
					],
					"depth":3,
					"method":"<android.renderscript.RSSurfaceView: void <init>(android.content.Context,android.util.AttributeSet)>",
					"source":"FIELDCALLER"
				},
				{
					"trace":[
						"<android.opengl.GLSurfaceView: void <init>(android.content.Context,android.util.AttributeSet)>",
						"<android.view.SurfaceView: void <init>(android.content.Context,android.util.AttributeSet)>",
						"<android.view.SurfaceView$3: void <init>(android.view.SurfaceView)>",
						"key field: <android.view.SurfaceView$3: android.view.SurfaceView this$0>",
						"<android.view.SurfaceView$3: android.graphics.Canvas internalLockCanvas(android.graphics.Rect)>"
					],
					"depth":3,
					"method":"<android.opengl.GLSurfaceView: void <init>(android.content.Context,android.util.AttributeSet)>",
					"source":"FIELDCALLER"
				},
				{
					"trace":[
						"<android.widget.VideoView: void <init>(android.content.Context,android.util.AttributeSet)>",
						"<android.widget.VideoView: void <init>(android.content.Context,android.util.AttributeSet,int)>",
						"<android.view.SurfaceView: void <init>(android.content.Context,android.util.AttributeSet,int)>",
						"<android.view.SurfaceView$3: void <init>(android.view.SurfaceView)>",
						"key field: <android.view.SurfaceView$3: android.view.SurfaceView this$0>",
						"<android.view.SurfaceView$3: android.graphics.Canvas internalLockCanvas(android.graphics.Rect)>"
					],
					"depth":4,
					"method":"<android.widget.VideoView: void <init>(android.content.Context,android.util.AttributeSet)>",
					"source":"FIELDCALLER"
				}
			],
			"callerOfSingnlar2SourceVar":{}
		}
	]
}