{
	"exceptions":[
		{
			"method":"<android.database.sqlite.SQLiteContentHelper: android.content.res.AssetFileDescriptor getBlobColumnAsAssetFile(android.database.sqlite.SQLiteDatabase,java.lang.String,java.lang.String[])>",
			"message":"",
			"relatedVarType":"Parameter",
			"relatedCondType":"Basic",
			"modifier":"public",
			"type":"java.io.FileNotFoundException",
			"osVersionRelated":false,
			"resourceRelated":false,
			"assessRelated":false,
			"hardwareRelated":false,
			"manifestRelated":false,
			"conditions":"r3 != null",
			"paramValues":"@parameter0: android.database.sqlite.SQLiteDatabase, @parameter1: java.lang.String, @parameter2: java.lang.String[]",
			"caughtValues":"@caughtexception",
			"relatedValues":"@parameter0: android.database.sqlite.SQLiteDatabase, @parameter1: java.lang.String, @parameter2: java.lang.String[]; ; @caughtexception",
			"keyAPISameClassNum":0,
			"keyAPIDiffClassNum":0,
			"keyAPISameClass":[
				{
					"trace":[
						"<android.database.sqlite.SQLiteContentHelper: android.content.res.AssetFileDescriptor getBlobColumnAsAssetFile(android.database.sqlite.SQLiteDatabase,java.lang.String,java.lang.String[])>"
					],
					"depth":0,
					"method":"<android.database.sqlite.SQLiteContentHelper: android.content.res.AssetFileDescriptor getBlobColumnAsAssetFile(android.database.sqlite.SQLiteDatabase,java.lang.String,java.lang.String[])>",
					"source":"CALLER"
				}
			],
			"keyAPIDiffClass":[],
			"callerOfSingnlar2SourceVar":{
				"<android.database.sqlite.SQLiteContentHelper: android.content.res.AssetFileDescriptor getBlobColumnAsAssetFile(android.database.sqlite.SQLiteDatabase,java.lang.String,java.lang.String[])>":"0, 1, 2"
			}
		},
		{
			"method":"<android.database.sqlite.SQLiteContentHelper: android.content.res.AssetFileDescriptor getBlobColumnAsAssetFile(android.database.sqlite.SQLiteDatabase,java.lang.String,java.lang.String[])>",
			"message":"\\QNo results.\\E",
			"relatedVarType":"Parameter",
			"relatedCondType":"Basic",
			"modifier":"public",
			"type":"java.io.FileNotFoundException",
			"osVersionRelated":false,
			"resourceRelated":false,
			"assessRelated":false,
			"hardwareRelated":false,
			"manifestRelated":false,
			"conditions":"r3 != null",
			"paramValues":"@parameter0: android.database.sqlite.SQLiteDatabase, @parameter1: java.lang.String, @parameter2: java.lang.String[]",
			"relatedValues":"@parameter0: android.database.sqlite.SQLiteDatabase, @parameter1: java.lang.String, @parameter2: java.lang.String[]; ; ",
			"keyAPISameClassNum":0,
			"keyAPIDiffClassNum":0,
			"keyAPISameClass":[
				{
					"trace":[
						"<android.database.sqlite.SQLiteContentHelper: android.content.res.AssetFileDescriptor getBlobColumnAsAssetFile(android.database.sqlite.SQLiteDatabase,java.lang.String,java.lang.String[])>"
					],
					"depth":0,
					"method":"<android.database.sqlite.SQLiteContentHelper: android.content.res.AssetFileDescriptor getBlobColumnAsAssetFile(android.database.sqlite.SQLiteDatabase,java.lang.String,java.lang.String[])>",
					"source":"CALLER"
				}
			],
			"keyAPIDiffClass":[],
			"callerOfSingnlar2SourceVar":{
				"<android.database.sqlite.SQLiteContentHelper: android.content.res.AssetFileDescriptor getBlobColumnAsAssetFile(android.database.sqlite.SQLiteDatabase,java.lang.String,java.lang.String[])>":"0, 1, 2"
			}
		}
	]
}