{
	"exceptions":[
		{
			"method":"<android.opengl.EGLLogWrapper: void checkError()>",
			"message":"[\\s\\S]*",
			"relatedVarType":"Field",
			"relatedCondType":"Basic",
			"modifier":"private",
			"type":"android.opengl.GLException",
			"osVersionRelated":false,
			"resourceRelated":false,
			"assessRelated":false,
			"hardwareRelated":true,
			"manifestRelated":false,
			"conditions":"$z0 == 0, i0 == 12288",
			"fieldValues":"<android.opengl.EGLLogWrapper: boolean mCheckError>, <android.opengl.EGLLogWrapper: javax.microedition.khronos.egl.EGL10 mEgl10>",
			"relatedValues":"; <android.opengl.EGLLogWrapper: boolean mCheckError>, <android.opengl.EGLLogWrapper: javax.microedition.khronos.egl.EGL10 mEgl10>; ",
			"keyAPISameClassNum":25,
			"keyAPIDiffClassNum":1,
			"keyAPISameClass":[
				{
					"trace":[
						"<android.opengl.EGLLogWrapper: void checkError()>"
					],
					"depth":1,
					"method":"<android.opengl.EGLLogWrapper: void <init>(javax.microedition.khronos.egl.EGL,int,java.io.Writer)>",
					"source":"FIELD"
				},
				{
					"trace":[
						"<android.opengl.EGLLogWrapper: void checkError()>"
					],
					"depth":1,
					"method":"<android.opengl.EGLLogWrapper: int eglGetError()>",
					"source":"FIELD"
				},
				{
					"trace":[
						"<android.opengl.EGLLogWrapper: boolean eglChooseConfig(javax.microedition.khronos.egl.EGLDisplay,int[],javax.microedition.khronos.egl.EGLConfig[],int,int[])>",
						"<android.opengl.EGLLogWrapper: void checkError()>",
						"key field: <android.opengl.EGLLogWrapper: javax.microedition.khronos.egl.EGL10 mEgl10>",
						"<android.opengl.EGLLogWrapper: void checkError()>"
					],
					"depth":2,
					"method":"<android.opengl.EGLLogWrapper: boolean eglChooseConfig(javax.microedition.khronos.egl.EGLDisplay,int[],javax.microedition.khronos.egl.EGLConfig[],int,int[])>",
					"source":"FIELDCALLER"
				},
				{
					"trace":[
						"<android.opengl.EGLLogWrapper: boolean eglWaitNative(int,java.lang.Object)>",
						"<android.opengl.EGLLogWrapper: void checkError()>",
						"key field: <android.opengl.EGLLogWrapper: javax.microedition.khronos.egl.EGL10 mEgl10>",
						"<android.opengl.EGLLogWrapper: void checkError()>"
					],
					"depth":2,
					"method":"<android.opengl.EGLLogWrapper: boolean eglWaitNative(int,java.lang.Object)>",
					"source":"FIELDCALLER"
				},
				{
					"trace":[
						"<android.opengl.EGLLogWrapper: boolean eglWaitGL()>",
						"<android.opengl.EGLLogWrapper: void checkError()>",
						"key field: <android.opengl.EGLLogWrapper: javax.microedition.khronos.egl.EGL10 mEgl10>",
						"<android.opengl.EGLLogWrapper: void checkError()>"
					],
					"depth":2,
					"method":"<android.opengl.EGLLogWrapper: boolean eglWaitGL()>",
					"source":"FIELDCALLER"
				},
				{
					"trace":[
						"<android.opengl.EGLLogWrapper: boolean eglTerminate(javax.microedition.khronos.egl.EGLDisplay)>",
						"<android.opengl.EGLLogWrapper: void checkError()>",
						"key field: <android.opengl.EGLLogWrapper: javax.microedition.khronos.egl.EGL10 mEgl10>",
						"<android.opengl.EGLLogWrapper: void checkError()>"
					],
					"depth":2,
					"method":"<android.opengl.EGLLogWrapper: boolean eglTerminate(javax.microedition.khronos.egl.EGLDisplay)>",
					"source":"FIELDCALLER"
				},
				{
					"trace":[
						"<android.opengl.EGLLogWrapper: boolean eglSwapBuffers(javax.microedition.khronos.egl.EGLDisplay,javax.microedition.khronos.egl.EGLSurface)>",
						"<android.opengl.EGLLogWrapper: void checkError()>",
						"key field: <android.opengl.EGLLogWrapper: javax.microedition.khronos.egl.EGL10 mEgl10>",
						"<android.opengl.EGLLogWrapper: void checkError()>"
					],
					"depth":2,
					"method":"<android.opengl.EGLLogWrapper: boolean eglSwapBuffers(javax.microedition.khronos.egl.EGLDisplay,javax.microedition.khronos.egl.EGLSurface)>",
					"source":"FIELDCALLER"
				},
				{
					"trace":[
						"<android.opengl.EGLLogWrapper: boolean eglQuerySurface(javax.microedition.khronos.egl.EGLDisplay,javax.microedition.khronos.egl.EGLSurface,int,int[])>",
						"<android.opengl.EGLLogWrapper: void checkError()>",
						"key field: <android.opengl.EGLLogWrapper: javax.microedition.khronos.egl.EGL10 mEgl10>",
						"<android.opengl.EGLLogWrapper: void checkError()>"
					],
					"depth":2,
					"method":"<android.opengl.EGLLogWrapper: boolean eglQuerySurface(javax.microedition.khronos.egl.EGLDisplay,javax.microedition.khronos.egl.EGLSurface,int,int[])>",
					"source":"FIELDCALLER"
				},
				{
					"trace":[
						"<android.opengl.EGLLogWrapper: java.lang.String eglQueryString(javax.microedition.khronos.egl.EGLDisplay,int)>",
						"<android.opengl.EGLLogWrapper: void checkError()>",
						"key field: <android.opengl.EGLLogWrapper: javax.microedition.khronos.egl.EGL10 mEgl10>",
						"<android.opengl.EGLLogWrapper: void checkError()>"
					],
					"depth":2,
					"method":"<android.opengl.EGLLogWrapper: java.lang.String eglQueryString(javax.microedition.khronos.egl.EGLDisplay,int)>",
					"source":"FIELDCALLER"
				},
				{
					"trace":[
						"<android.opengl.EGLLogWrapper: boolean eglQueryContext(javax.microedition.khronos.egl.EGLDisplay,javax.microedition.khronos.egl.EGLContext,int,int[])>",
						"<android.opengl.EGLLogWrapper: void checkError()>",
						"key field: <android.opengl.EGLLogWrapper: javax.microedition.khronos.egl.EGL10 mEgl10>",
						"<android.opengl.EGLLogWrapper: void checkError()>"
					],
					"depth":2,
					"method":"<android.opengl.EGLLogWrapper: boolean eglQueryContext(javax.microedition.khronos.egl.EGLDisplay,javax.microedition.khronos.egl.EGLContext,int,int[])>",
					"source":"FIELDCALLER"
				},
				{
					"trace":[
						"<android.opengl.EGLLogWrapper: boolean eglMakeCurrent(javax.microedition.khronos.egl.EGLDisplay,javax.microedition.khronos.egl.EGLSurface,javax.microedition.khronos.egl.EGLSurface,javax.microedition.khronos.egl.EGLContext)>",
						"<android.opengl.EGLLogWrapper: void checkError()>",
						"key field: <android.opengl.EGLLogWrapper: javax.microedition.khronos.egl.EGL10 mEgl10>",
						"<android.opengl.EGLLogWrapper: void checkError()>"
					],
					"depth":2,
					"method":"<android.opengl.EGLLogWrapper: boolean eglMakeCurrent(javax.microedition.khronos.egl.EGLDisplay,javax.microedition.khronos.egl.EGLSurface,javax.microedition.khronos.egl.EGLSurface,javax.microedition.khronos.egl.EGLContext)>",
					"source":"FIELDCALLER"
				},
				{
					"trace":[
						"<android.opengl.EGLLogWrapper: boolean eglInitialize(javax.microedition.khronos.egl.EGLDisplay,int[])>",
						"<android.opengl.EGLLogWrapper: void checkError()>",
						"key field: <android.opengl.EGLLogWrapper: javax.microedition.khronos.egl.EGL10 mEgl10>",
						"<android.opengl.EGLLogWrapper: void checkError()>"
					],
					"depth":2,
					"method":"<android.opengl.EGLLogWrapper: boolean eglInitialize(javax.microedition.khronos.egl.EGLDisplay,int[])>",
					"source":"FIELDCALLER"
				},
				{
					"trace":[
						"<android.opengl.EGLLogWrapper: javax.microedition.khronos.egl.EGLDisplay eglGetDisplay(java.lang.Object)>",
						"<android.opengl.EGLLogWrapper: void checkError()>",
						"key field: <android.opengl.EGLLogWrapper: javax.microedition.khronos.egl.EGL10 mEgl10>",
						"<android.opengl.EGLLogWrapper: void checkError()>"
					],
					"depth":2,
					"method":"<android.opengl.EGLLogWrapper: javax.microedition.khronos.egl.EGLDisplay eglGetDisplay(java.lang.Object)>",
					"source":"FIELDCALLER"
				},
				{
					"trace":[
						"<android.opengl.EGLLogWrapper: javax.microedition.khronos.egl.EGLSurface eglGetCurrentSurface(int)>",
						"<android.opengl.EGLLogWrapper: void checkError()>",
						"key field: <android.opengl.EGLLogWrapper: javax.microedition.khronos.egl.EGL10 mEgl10>",
						"<android.opengl.EGLLogWrapper: void checkError()>"
					],
					"depth":2,
					"method":"<android.opengl.EGLLogWrapper: javax.microedition.khronos.egl.EGLSurface eglGetCurrentSurface(int)>",
					"source":"FIELDCALLER"
				},
				{
					"trace":[
						"<android.opengl.EGLLogWrapper: javax.microedition.khronos.egl.EGLDisplay eglGetCurrentDisplay()>",
						"<android.opengl.EGLLogWrapper: void checkError()>",
						"key field: <android.opengl.EGLLogWrapper: javax.microedition.khronos.egl.EGL10 mEgl10>",
						"<android.opengl.EGLLogWrapper: void checkError()>"
					],
					"depth":2,
					"method":"<android.opengl.EGLLogWrapper: javax.microedition.khronos.egl.EGLDisplay eglGetCurrentDisplay()>",
					"source":"FIELDCALLER"
				},
				{
					"trace":[
						"<android.opengl.EGLLogWrapper: javax.microedition.khronos.egl.EGLContext eglGetCurrentContext()>",
						"<android.opengl.EGLLogWrapper: void checkError()>",
						"key field: <android.opengl.EGLLogWrapper: javax.microedition.khronos.egl.EGL10 mEgl10>",
						"<android.opengl.EGLLogWrapper: void checkError()>"
					],
					"depth":2,
					"method":"<android.opengl.EGLLogWrapper: javax.microedition.khronos.egl.EGLContext eglGetCurrentContext()>",
					"source":"FIELDCALLER"
				},
				{
					"trace":[
						"<android.opengl.EGLLogWrapper: boolean eglGetConfigs(javax.microedition.khronos.egl.EGLDisplay,javax.microedition.khronos.egl.EGLConfig[],int,int[])>",
						"<android.opengl.EGLLogWrapper: void checkError()>",
						"key field: <android.opengl.EGLLogWrapper: javax.microedition.khronos.egl.EGL10 mEgl10>",
						"<android.opengl.EGLLogWrapper: void checkError()>"
					],
					"depth":2,
					"method":"<android.opengl.EGLLogWrapper: boolean eglGetConfigs(javax.microedition.khronos.egl.EGLDisplay,javax.microedition.khronos.egl.EGLConfig[],int,int[])>",
					"source":"FIELDCALLER"
				},
				{
					"trace":[
						"<android.opengl.EGLLogWrapper: boolean eglGetConfigAttrib(javax.microedition.khronos.egl.EGLDisplay,javax.microedition.khronos.egl.EGLConfig,int,int[])>",
						"<android.opengl.EGLLogWrapper: void checkError()>",
						"key field: <android.opengl.EGLLogWrapper: javax.microedition.khronos.egl.EGL10 mEgl10>",
						"<android.opengl.EGLLogWrapper: void checkError()>"
					],
					"depth":2,
					"method":"<android.opengl.EGLLogWrapper: boolean eglGetConfigAttrib(javax.microedition.khronos.egl.EGLDisplay,javax.microedition.khronos.egl.EGLConfig,int,int[])>",
					"source":"FIELDCALLER"
				},
				{
					"trace":[
						"<android.opengl.EGLLogWrapper: boolean eglDestroySurface(javax.microedition.khronos.egl.EGLDisplay,javax.microedition.khronos.egl.EGLSurface)>",
						"<android.opengl.EGLLogWrapper: void checkError()>",
						"key field: <android.opengl.EGLLogWrapper: javax.microedition.khronos.egl.EGL10 mEgl10>",
						"<android.opengl.EGLLogWrapper: void checkError()>"
					],
					"depth":2,
					"method":"<android.opengl.EGLLogWrapper: boolean eglDestroySurface(javax.microedition.khronos.egl.EGLDisplay,javax.microedition.khronos.egl.EGLSurface)>",
					"source":"FIELDCALLER"
				},
				{
					"trace":[
						"<android.opengl.EGLLogWrapper: boolean eglDestroyContext(javax.microedition.khronos.egl.EGLDisplay,javax.microedition.khronos.egl.EGLContext)>",
						"<android.opengl.EGLLogWrapper: void checkError()>",
						"key field: <android.opengl.EGLLogWrapper: javax.microedition.khronos.egl.EGL10 mEgl10>",
						"<android.opengl.EGLLogWrapper: void checkError()>"
					],
					"depth":2,
					"method":"<android.opengl.EGLLogWrapper: boolean eglDestroyContext(javax.microedition.khronos.egl.EGLDisplay,javax.microedition.khronos.egl.EGLContext)>",
					"source":"FIELDCALLER"
				},
				{
					"trace":[
						"<android.opengl.EGLLogWrapper: javax.microedition.khronos.egl.EGLSurface eglCreateWindowSurface(javax.microedition.khronos.egl.EGLDisplay,javax.microedition.khronos.egl.EGLConfig,java.lang.Object,int[])>",
						"<android.opengl.EGLLogWrapper: void checkError()>",
						"key field: <android.opengl.EGLLogWrapper: javax.microedition.khronos.egl.EGL10 mEgl10>",
						"<android.opengl.EGLLogWrapper: void checkError()>"
					],
					"depth":2,
					"method":"<android.opengl.EGLLogWrapper: javax.microedition.khronos.egl.EGLSurface eglCreateWindowSurface(javax.microedition.khronos.egl.EGLDisplay,javax.microedition.khronos.egl.EGLConfig,java.lang.Object,int[])>",
					"source":"FIELDCALLER"
				},
				{
					"trace":[
						"<android.opengl.EGLLogWrapper: javax.microedition.khronos.egl.EGLSurface eglCreatePixmapSurface(javax.microedition.khronos.egl.EGLDisplay,javax.microedition.khronos.egl.EGLConfig,java.lang.Object,int[])>",
						"<android.opengl.EGLLogWrapper: void checkError()>",
						"key field: <android.opengl.EGLLogWrapper: javax.microedition.khronos.egl.EGL10 mEgl10>",
						"<android.opengl.EGLLogWrapper: void checkError()>"
					],
					"depth":2,
					"method":"<android.opengl.EGLLogWrapper: javax.microedition.khronos.egl.EGLSurface eglCreatePixmapSurface(javax.microedition.khronos.egl.EGLDisplay,javax.microedition.khronos.egl.EGLConfig,java.lang.Object,int[])>",
					"source":"FIELDCALLER"
				},
				{
					"trace":[
						"<android.opengl.EGLLogWrapper: javax.microedition.khronos.egl.EGLSurface eglCreatePbufferSurface(javax.microedition.khronos.egl.EGLDisplay,javax.microedition.khronos.egl.EGLConfig,int[])>",
						"<android.opengl.EGLLogWrapper: void checkError()>",
						"key field: <android.opengl.EGLLogWrapper: javax.microedition.khronos.egl.EGL10 mEgl10>",
						"<android.opengl.EGLLogWrapper: void checkError()>"
					],
					"depth":2,
					"method":"<android.opengl.EGLLogWrapper: javax.microedition.khronos.egl.EGLSurface eglCreatePbufferSurface(javax.microedition.khronos.egl.EGLDisplay,javax.microedition.khronos.egl.EGLConfig,int[])>",
					"source":"FIELDCALLER"
				},
				{
					"trace":[
						"<android.opengl.EGLLogWrapper: javax.microedition.khronos.egl.EGLContext eglCreateContext(javax.microedition.khronos.egl.EGLDisplay,javax.microedition.khronos.egl.EGLConfig,javax.microedition.khronos.egl.EGLContext,int[])>",
						"<android.opengl.EGLLogWrapper: void checkError()>",
						"key field: <android.opengl.EGLLogWrapper: javax.microedition.khronos.egl.EGL10 mEgl10>",
						"<android.opengl.EGLLogWrapper: void checkError()>"
					],
					"depth":2,
					"method":"<android.opengl.EGLLogWrapper: javax.microedition.khronos.egl.EGLContext eglCreateContext(javax.microedition.khronos.egl.EGLDisplay,javax.microedition.khronos.egl.EGLConfig,javax.microedition.khronos.egl.EGLContext,int[])>",
					"source":"FIELDCALLER"
				},
				{
					"trace":[
						"<android.opengl.EGLLogWrapper: boolean eglCopyBuffers(javax.microedition.khronos.egl.EGLDisplay,javax.microedition.khronos.egl.EGLSurface,java.lang.Object)>",
						"<android.opengl.EGLLogWrapper: void checkError()>",
						"key field: <android.opengl.EGLLogWrapper: javax.microedition.khronos.egl.EGL10 mEgl10>",
						"<android.opengl.EGLLogWrapper: void checkError()>"
					],
					"depth":2,
					"method":"<android.opengl.EGLLogWrapper: boolean eglCopyBuffers(javax.microedition.khronos.egl.EGLDisplay,javax.microedition.khronos.egl.EGLSurface,java.lang.Object)>",
					"source":"FIELDCALLER"
				}
			],
			"keyAPIDiffClass":[
				{
					"trace":[
						"<android.opengl.GLDebugHelper: javax.microedition.khronos.egl.EGL wrap(javax.microedition.khronos.egl.EGL,int,java.io.Writer)>",
						"<android.opengl.EGLLogWrapper: void <init>(javax.microedition.khronos.egl.EGL,int,java.io.Writer)>",
						"key field: <android.opengl.EGLLogWrapper: boolean mCheckError>",
						"<android.opengl.EGLLogWrapper: void checkError()>"
					],
					"depth":2,
					"method":"<android.opengl.GLDebugHelper: javax.microedition.khronos.egl.EGL wrap(javax.microedition.khronos.egl.EGL,int,java.io.Writer)>",
					"source":"FIELDCALLER"
				}
			],
			"callerOfSingnlar2SourceVar":{}
		}
	]
}