{
	"exceptions":[
		{
			"method":"<android.accounts.AccountManagerService$MessageHandler: void handleMessage(android.os.Message)>",
			"message":"\\Qunhandled message: \\E[\\s\\S]*",
			"relatedVarType":"Parameter",
			"relatedCondType":"Basic",
			"modifier":"public",
			"type":"java.lang.IllegalStateException",
			"osVersionRelated":false,
			"resourceRelated":false,
			"assessRelated":false,
			"hardwareRelated":true,
			"manifestRelated":false,
			"conditions":"$i0",
			"paramValues":"@parameter0: android.os.Message",
			"relatedValues":"@parameter0: android.os.Message; ; ",
			"keyAPISameClassNum":0,
			"keyAPIDiffClassNum":0,
			"keyAPISameClass":[
				{
					"trace":[
						"<android.accounts.AccountManagerService$MessageHandler: void handleMessage(android.os.Message)>"
					],
					"depth":0,
					"method":"<android.accounts.AccountManagerService$MessageHandler: void handleMessage(android.os.Message)>",
					"source":"CALLER"
				}
			],
			"keyAPIDiffClass":[],
			"callerOfSingnlar2SourceVar":{
				"<android.accounts.AccountManagerService$MessageHandler: void handleMessage(android.os.Message)>":"0"
			}
		}
	]
}