{
	"exceptions":[
		{
			"method":"<android.net.Uri$Builder: android.net.Uri build()>",
			"message":"\\QAn opaque URI must have a scheme.\\E",
			"relatedVarType":"Field",
			"relatedCondType":"Basic",
			"modifier":"public",
			"type":"java.lang.UnsupportedOperationException",
			"osVersionRelated":false,
			"resourceRelated":false,
			"assessRelated":false,
			"hardwareRelated":false,
			"manifestRelated":false,
			"conditions":"$r3 != null, $r1 == null",
			"fieldValues":"<android.net.Uri$Builder: java.lang.String scheme>, <android.net.Uri$Builder: android.net.Uri$Part opaquePart>",
			"relatedValues":"; <android.net.Uri$Builder: java.lang.String scheme>, <android.net.Uri$Builder: android.net.Uri$Part opaquePart>; ",
			"keyAPISameClassNum":14,
			"keyAPIDiffClassNum":32,
			"keyAPISameClass":[
				{
					"trace":[
						"<android.net.Uri$Builder: android.net.Uri build()>"
					],
					"depth":1,
					"method":"<android.net.Uri$Builder: android.net.Uri build()>",
					"source":"FIELD"
				},
				{
					"trace":[
						"<android.net.Uri$Builder: android.net.Uri build()>"
					],
					"depth":1,
					"method":"<android.net.Uri$Builder: android.net.Uri$Builder scheme(java.lang.String)>",
					"source":"FIELD"
				},
				{
					"trace":[
						"<android.net.Uri$Builder: android.net.Uri build()>"
					],
					"depth":1,
					"method":"<android.net.Uri$Builder: android.net.Uri$Builder appendQueryParameter(java.lang.String,java.lang.String)>",
					"source":"FIELD"
				},
				{
					"trace":[
						"<android.net.Uri$Builder: java.lang.String toString()>",
						"<android.net.Uri$Builder: android.net.Uri build()>",
						"key field: <android.net.Uri$Builder: java.lang.String scheme>",
						"<android.net.Uri$Builder: android.net.Uri build()>"
					],
					"depth":2,
					"method":"<android.net.Uri$Builder: java.lang.String toString()>",
					"source":"FIELDCALLER"
				},
				{
					"trace":[
						"<android.net.Uri$Builder: android.net.Uri$Builder encodedAuthority(java.lang.String)>",
						"<android.net.Uri$Builder: android.net.Uri$Builder authority(android.net.Uri$Part)>",
						"key field: <android.net.Uri$Builder: android.net.Uri$Part opaquePart>",
						"<android.net.Uri$Builder: android.net.Uri build()>"
					],
					"depth":2,
					"method":"<android.net.Uri$Builder: android.net.Uri$Builder encodedAuthority(java.lang.String)>",
					"source":"FIELDCALLER"
				},
				{
					"trace":[
						"<android.net.Uri$Builder: android.net.Uri$Builder authority(java.lang.String)>",
						"<android.net.Uri$Builder: android.net.Uri$Builder authority(android.net.Uri$Part)>",
						"key field: <android.net.Uri$Builder: android.net.Uri$Part opaquePart>",
						"<android.net.Uri$Builder: android.net.Uri build()>"
					],
					"depth":2,
					"method":"<android.net.Uri$Builder: android.net.Uri$Builder authority(java.lang.String)>",
					"source":"FIELDCALLER"
				},
				{
					"trace":[
						"<android.net.Uri$Builder: android.net.Uri$Builder opaquePart(java.lang.String)>",
						"<android.net.Uri$Builder: android.net.Uri$Builder opaquePart(android.net.Uri$Part)>",
						"key field: <android.net.Uri$Builder: android.net.Uri$Part opaquePart>",
						"<android.net.Uri$Builder: android.net.Uri build()>"
					],
					"depth":2,
					"method":"<android.net.Uri$Builder: android.net.Uri$Builder opaquePart(java.lang.String)>",
					"source":"FIELDCALLER"
				},
				{
					"trace":[
						"<android.net.Uri$Builder: android.net.Uri$Builder encodedOpaquePart(java.lang.String)>",
						"<android.net.Uri$Builder: android.net.Uri$Builder opaquePart(android.net.Uri$Part)>",
						"key field: <android.net.Uri$Builder: android.net.Uri$Part opaquePart>",
						"<android.net.Uri$Builder: android.net.Uri build()>"
					],
					"depth":2,
					"method":"<android.net.Uri$Builder: android.net.Uri$Builder encodedOpaquePart(java.lang.String)>",
					"source":"FIELDCALLER"
				},
				{
					"trace":[
						"<android.net.Uri$Builder: android.net.Uri$Builder path(java.lang.String)>",
						"<android.net.Uri$Builder: android.net.Uri$Builder path(android.net.Uri$PathPart)>",
						"key field: <android.net.Uri$Builder: android.net.Uri$Part opaquePart>",
						"<android.net.Uri$Builder: android.net.Uri build()>"
					],
					"depth":2,
					"method":"<android.net.Uri$Builder: android.net.Uri$Builder path(java.lang.String)>",
					"source":"FIELDCALLER"
				},
				{
					"trace":[
						"<android.net.Uri$Builder: android.net.Uri$Builder encodedPath(java.lang.String)>",
						"<android.net.Uri$Builder: android.net.Uri$Builder path(android.net.Uri$PathPart)>",
						"key field: <android.net.Uri$Builder: android.net.Uri$Part opaquePart>",
						"<android.net.Uri$Builder: android.net.Uri build()>"
					],
					"depth":2,
					"method":"<android.net.Uri$Builder: android.net.Uri$Builder encodedPath(java.lang.String)>",
					"source":"FIELDCALLER"
				},
				{
					"trace":[
						"<android.net.Uri$Builder: android.net.Uri$Builder appendPath(java.lang.String)>",
						"<android.net.Uri$Builder: android.net.Uri$Builder path(android.net.Uri$PathPart)>",
						"key field: <android.net.Uri$Builder: android.net.Uri$Part opaquePart>",
						"<android.net.Uri$Builder: android.net.Uri build()>"
					],
					"depth":2,
					"method":"<android.net.Uri$Builder: android.net.Uri$Builder appendPath(java.lang.String)>",
					"source":"FIELDCALLER"
				},
				{
					"trace":[
						"<android.net.Uri$Builder: android.net.Uri$Builder appendEncodedPath(java.lang.String)>",
						"<android.net.Uri$Builder: android.net.Uri$Builder path(android.net.Uri$PathPart)>",
						"key field: <android.net.Uri$Builder: android.net.Uri$Part opaquePart>",
						"<android.net.Uri$Builder: android.net.Uri build()>"
					],
					"depth":2,
					"method":"<android.net.Uri$Builder: android.net.Uri$Builder appendEncodedPath(java.lang.String)>",
					"source":"FIELDCALLER"
				},
				{
					"trace":[
						"<android.net.Uri$Builder: android.net.Uri$Builder encodedQuery(java.lang.String)>",
						"<android.net.Uri$Builder: android.net.Uri$Builder query(android.net.Uri$Part)>",
						"key field: <android.net.Uri$Builder: android.net.Uri$Part opaquePart>",
						"<android.net.Uri$Builder: android.net.Uri build()>"
					],
					"depth":2,
					"method":"<android.net.Uri$Builder: android.net.Uri$Builder encodedQuery(java.lang.String)>",
					"source":"FIELDCALLER"
				},
				{
					"trace":[
						"<android.net.Uri$Builder: android.net.Uri$Builder query(java.lang.String)>",
						"<android.net.Uri$Builder: android.net.Uri$Builder query(android.net.Uri$Part)>",
						"key field: <android.net.Uri$Builder: android.net.Uri$Part opaquePart>",
						"<android.net.Uri$Builder: android.net.Uri build()>"
					],
					"depth":2,
					"method":"<android.net.Uri$Builder: android.net.Uri$Builder query(java.lang.String)>",
					"source":"FIELDCALLER"
				}
			],
			"keyAPIDiffClass":[
				{
					"trace":[
						"<android.net.Uri: android.net.Uri withAppendedPath(android.net.Uri,java.lang.String)>",
						"<android.net.Uri$Builder: android.net.Uri build()>",
						"key field: <android.net.Uri$Builder: java.lang.String scheme>",
						"<android.net.Uri$Builder: android.net.Uri build()>"
					],
					"depth":2,
					"method":"<android.net.Uri: android.net.Uri withAppendedPath(android.net.Uri,java.lang.String)>",
					"source":"FIELDCALLER"
				},
				{
					"trace":[
						"<android.net.Uri$HierarchicalUri: android.net.Uri$Builder buildUpon()>",
						"<android.net.Uri$Builder: android.net.Uri$Builder scheme(java.lang.String)>",
						"key field: <android.net.Uri$Builder: java.lang.String scheme>",
						"<android.net.Uri$Builder: android.net.Uri build()>"
					],
					"depth":2,
					"method":"<android.net.Uri$HierarchicalUri: android.net.Uri$Builder buildUpon()>",
					"source":"FIELDCALLER"
				},
				{
					"trace":[
						"<android.net.Uri: android.net.Uri$Builder buildUpon()>",
						"<android.net.Uri$Builder: android.net.Uri$Builder scheme(java.lang.String)>",
						"key field: <android.net.Uri$Builder: java.lang.String scheme>",
						"<android.net.Uri$Builder: android.net.Uri build()>"
					],
					"depth":2,
					"method":"<android.net.Uri: android.net.Uri$Builder buildUpon()>",
					"source":"FIELDCALLER"
				},
				{
					"trace":[
						"<android.net.Uri$OpaqueUri: android.net.Uri$Builder buildUpon()>",
						"<android.net.Uri$Builder: android.net.Uri$Builder scheme(java.lang.String)>",
						"key field: <android.net.Uri$Builder: java.lang.String scheme>",
						"<android.net.Uri$Builder: android.net.Uri build()>"
					],
					"depth":2,
					"method":"<android.net.Uri$OpaqueUri: android.net.Uri$Builder buildUpon()>",
					"source":"FIELDCALLER"
				},
				{
					"trace":[
						"<android.net.Uri$StringUri: android.net.Uri$Builder buildUpon()>",
						"<android.net.Uri$Builder: android.net.Uri$Builder scheme(java.lang.String)>",
						"key field: <android.net.Uri$Builder: java.lang.String scheme>",
						"<android.net.Uri$Builder: android.net.Uri build()>"
					],
					"depth":2,
					"method":"<android.net.Uri$StringUri: android.net.Uri$Builder buildUpon()>",
					"source":"FIELDCALLER"
				},
				{
					"trace":[
						"<android.net.Downloads$ByUri: android.database.Cursor getProgressCursor(android.content.Context,long)>",
						"<android.net.Uri: android.net.Uri withAppendedPath(android.net.Uri,java.lang.String)>",
						"<android.net.Uri$Builder: android.net.Uri build()>",
						"key field: <android.net.Uri$Builder: java.lang.String scheme>",
						"<android.net.Uri$Builder: android.net.Uri build()>"
					],
					"depth":3,
					"method":"<android.net.Downloads$ByUri: android.database.Cursor getProgressCursor(android.content.Context,long)>",
					"source":"FIELDCALLER"
				},
				{
					"trace":[
						"<android.net.wifi.WifiStateTracker: void handleMessage(android.os.Message)>",
						"<android.net.Uri$Builder: java.lang.String toString()>",
						"<android.net.Uri$Builder: android.net.Uri build()>",
						"key field: <android.net.Uri$Builder: java.lang.String scheme>",
						"<android.net.Uri$Builder: android.net.Uri build()>"
					],
					"depth":3,
					"method":"<android.net.wifi.WifiStateTracker: void handleMessage(android.os.Message)>",
					"source":"FIELDCALLER"
				},
				{
					"trace":[
						"<android.webkit.StreamLoader: boolean handleMessage(android.os.Message)>",
						"<android.net.wifi.WifiStateTracker: void handleMessage(android.os.Message)>",
						"<android.net.Uri$Builder: java.lang.String toString()>",
						"<android.net.Uri$Builder: android.net.Uri build()>",
						"key field: <android.net.Uri$Builder: java.lang.String scheme>",
						"<android.net.Uri$Builder: android.net.Uri build()>"
					],
					"depth":4,
					"method":"<android.webkit.StreamLoader: boolean handleMessage(android.os.Message)>",
					"source":"FIELDCALLER"
				},
				{
					"trace":[
						"<android.os.Handler$Callback: boolean handleMessage(android.os.Message)>",
						"<android.net.wifi.WifiStateTracker: void handleMessage(android.os.Message)>",
						"<android.net.Uri$Builder: java.lang.String toString()>",
						"<android.net.Uri$Builder: android.net.Uri build()>",
						"key field: <android.net.Uri$Builder: java.lang.String scheme>",
						"<android.net.Uri$Builder: android.net.Uri build()>"
					],
					"depth":4,
					"method":"<android.os.Handler$Callback: boolean handleMessage(android.os.Message)>",
					"source":"FIELDCALLER"
				},
				{
					"trace":[
						"<android.net.wifi.WifiStateTracker$SettingsObserver: void onChange(boolean)>",
						"<android.net.wifi.WifiStateTracker: void handleMessage(android.os.Message)>",
						"<android.net.Uri$Builder: java.lang.String toString()>",
						"<android.net.Uri$Builder: android.net.Uri build()>",
						"key field: <android.net.Uri$Builder: java.lang.String scheme>",
						"<android.net.Uri$Builder: android.net.Uri build()>"
					],
					"depth":4,
					"method":"<android.net.wifi.WifiStateTracker$SettingsObserver: void onChange(boolean)>",
					"source":"FIELDCALLER"
				},
				{
					"trace":[
						"<android.net.wifi.WifiStateTracker: void setNotificationVisible(boolean,int,boolean,int)>",
						"<android.net.wifi.WifiStateTracker: void handleMessage(android.os.Message)>",
						"<android.net.Uri$Builder: java.lang.String toString()>",
						"<android.net.Uri$Builder: android.net.Uri build()>",
						"key field: <android.net.Uri$Builder: java.lang.String scheme>",
						"<android.net.Uri$Builder: android.net.Uri build()>"
					],
					"depth":4,
					"method":"<android.net.wifi.WifiStateTracker: void setNotificationVisible(boolean,int,boolean,int)>",
					"source":"FIELDCALLER"
				},
				{
					"trace":[
						"<android.webkit.WebView$PrivateHandler: void handleMessage(android.os.Message)>",
						"<android.net.wifi.WifiStateTracker: void handleMessage(android.os.Message)>",
						"<android.net.Uri$Builder: java.lang.String toString()>",
						"<android.net.Uri$Builder: android.net.Uri build()>",
						"key field: <android.net.Uri$Builder: java.lang.String scheme>",
						"<android.net.Uri$Builder: android.net.Uri build()>"
					],
					"depth":4,
					"method":"<android.webkit.WebView$PrivateHandler: void handleMessage(android.os.Message)>",
					"source":"FIELDCALLER"
				},
				{
					"trace":[
						"<android.net.wifi.WifiStateTracker: void enableRssiPolling(boolean)>",
						"<android.net.wifi.WifiStateTracker: void checkPollTimer()>",
						"<android.net.wifi.WifiStateTracker: void handleMessage(android.os.Message)>",
						"<android.net.Uri$Builder: java.lang.String toString()>",
						"<android.net.Uri$Builder: android.net.Uri build()>",
						"key field: <android.net.Uri$Builder: java.lang.String scheme>",
						"<android.net.Uri$Builder: android.net.Uri build()>"
					],
					"depth":5,
					"method":"<android.net.wifi.WifiStateTracker: void enableRssiPolling(boolean)>",
					"source":"FIELDCALLER"
				},
				{
					"trace":[
						"<android.net.wifi.WifiStateTracker: void interpretScanResultsAvailable()>",
						"<android.net.wifi.WifiStateTracker: void setNotificationVisible(boolean,int,boolean,int)>",
						"<android.net.wifi.WifiStateTracker: void handleMessage(android.os.Message)>",
						"<android.net.Uri$Builder: java.lang.String toString()>",
						"<android.net.Uri$Builder: android.net.Uri build()>",
						"key field: <android.net.Uri$Builder: java.lang.String scheme>",
						"<android.net.Uri$Builder: android.net.Uri build()>"
					],
					"depth":5,
					"method":"<android.net.wifi.WifiStateTracker: void interpretScanResultsAvailable()>",
					"source":"FIELDCALLER"
				},
				{
					"trace":[
						"<android.net.wifi.WifiStateTracker: boolean disconnectAndStop()>",
						"<android.net.wifi.WifiStateTracker: void setNotificationVisible(boolean,int,boolean,int)>",
						"<android.net.wifi.WifiStateTracker: void handleMessage(android.os.Message)>",
						"<android.net.Uri$Builder: java.lang.String toString()>",
						"<android.net.Uri$Builder: android.net.Uri build()>",
						"key field: <android.net.Uri$Builder: java.lang.String scheme>",
						"<android.net.Uri$Builder: android.net.Uri build()>"
					],
					"depth":5,
					"method":"<android.net.wifi.WifiStateTracker: boolean disconnectAndStop()>",
					"source":"FIELDCALLER"
				},
				{
					"trace":[
						"<android.net.wifi.WifiStateTracker$NotificationEnabledSettingObserver: void onChange(boolean)>",
						"<android.net.wifi.WifiStateTracker: void setNotificationVisible(boolean,int,boolean,int)>",
						"<android.net.wifi.WifiStateTracker: void handleMessage(android.os.Message)>",
						"<android.net.Uri$Builder: java.lang.String toString()>",
						"<android.net.Uri$Builder: android.net.Uri build()>",
						"key field: <android.net.Uri$Builder: java.lang.String scheme>",
						"<android.net.Uri$Builder: android.net.Uri build()>"
					],
					"depth":5,
					"method":"<android.net.wifi.WifiStateTracker$NotificationEnabledSettingObserver: void onChange(boolean)>",
					"source":"FIELDCALLER"
				},
				{
					"trace":[
						"<android.webkit.WebViewCore$EventHub$1: void handleMessage(android.os.Message)>",
						"<android.webkit.WebView$PrivateHandler: void handleMessage(android.os.Message)>",
						"<android.net.wifi.WifiStateTracker: void handleMessage(android.os.Message)>",
						"<android.net.Uri$Builder: java.lang.String toString()>",
						"<android.net.Uri$Builder: android.net.Uri build()>",
						"key field: <android.net.Uri$Builder: java.lang.String scheme>",
						"<android.net.Uri$Builder: android.net.Uri build()>"
					],
					"depth":5,
					"method":"<android.webkit.WebViewCore$EventHub$1: void handleMessage(android.os.Message)>",
					"source":"FIELDCALLER"
				},
				{
					"trace":[
						"<android.net.wifi.WifiMonitor$MonitorThread: void run()>",
						"<android.net.wifi.WifiMonitor$MonitorThread: void handleEvent(int,java.lang.String)>",
						"<android.net.wifi.WifiStateTracker: void notifyScanResultsAvailable()>",
						"<android.net.wifi.WifiStateTracker: void handleMessage(android.os.Message)>",
						"<android.net.Uri$Builder: java.lang.String toString()>",
						"<android.net.Uri$Builder: android.net.Uri build()>",
						"key field: <android.net.Uri$Builder: java.lang.String scheme>",
						"<android.net.Uri$Builder: android.net.Uri build()>"
					],
					"depth":6,
					"method":"<android.net.wifi.WifiMonitor$MonitorThread: void run()>",
					"source":"FIELDCALLER"
				},
				{
					"trace":[
						"<android.net.NetworkStateTracker: boolean teardown()>",
						"<android.net.wifi.WifiStateTracker: boolean disconnectAndStop()>",
						"<android.net.wifi.WifiStateTracker: void setNotificationVisible(boolean,int,boolean,int)>",
						"<android.net.wifi.WifiStateTracker: void handleMessage(android.os.Message)>",
						"<android.net.Uri$Builder: java.lang.String toString()>",
						"<android.net.Uri$Builder: android.net.Uri build()>",
						"key field: <android.net.Uri$Builder: java.lang.String scheme>",
						"<android.net.Uri$Builder: android.net.Uri build()>"
					],
					"depth":6,
					"method":"<android.net.NetworkStateTracker: boolean teardown()>",
					"source":"FIELDCALLER"
				},
				{
					"trace":[
						"<android.net.wifi.WifiStateTracker: boolean teardown()>",
						"<android.net.wifi.WifiStateTracker: boolean disconnectAndStop()>",
						"<android.net.wifi.WifiStateTracker: void setNotificationVisible(boolean,int,boolean,int)>",
						"<android.net.wifi.WifiStateTracker: void handleMessage(android.os.Message)>",
						"<android.net.Uri$Builder: java.lang.String toString()>",
						"<android.net.Uri$Builder: android.net.Uri build()>",
						"key field: <android.net.Uri$Builder: java.lang.String scheme>",
						"<android.net.Uri$Builder: android.net.Uri build()>"
					],
					"depth":6,
					"method":"<android.net.wifi.WifiStateTracker: boolean teardown()>",
					"source":"FIELDCALLER"
				},
				{
					"trace":[
						"<android.widget.Filter$RequestHandler: void handleMessage(android.os.Message)>",
						"<android.webkit.WebViewCore$EventHub$1: void handleMessage(android.os.Message)>",
						"<android.webkit.WebView$PrivateHandler: void handleMessage(android.os.Message)>",
						"<android.net.wifi.WifiStateTracker: void handleMessage(android.os.Message)>",
						"<android.net.Uri$Builder: java.lang.String toString()>",
						"<android.net.Uri$Builder: android.net.Uri build()>",
						"key field: <android.net.Uri$Builder: java.lang.String scheme>",
						"<android.net.Uri$Builder: android.net.Uri build()>"
					],
					"depth":6,
					"method":"<android.widget.Filter$RequestHandler: void handleMessage(android.os.Message)>",
					"source":"FIELDCALLER"
				},
				{
					"trace":[
						"<android.net.wifi.WifiMonitor: void startMonitoring()>",
						"<android.net.wifi.WifiMonitor$MonitorThread: void run()>",
						"<android.net.wifi.WifiMonitor$MonitorThread: void handleEvent(int,java.lang.String)>",
						"<android.net.wifi.WifiStateTracker: void notifyScanResultsAvailable()>",
						"<android.net.wifi.WifiStateTracker: void handleMessage(android.os.Message)>",
						"<android.net.Uri$Builder: java.lang.String toString()>",
						"<android.net.Uri$Builder: android.net.Uri build()>",
						"key field: <android.net.Uri$Builder: java.lang.String scheme>",
						"<android.net.Uri$Builder: android.net.Uri build()>"
					],
					"depth":7,
					"method":"<android.net.wifi.WifiMonitor: void startMonitoring()>",
					"source":"FIELDCALLER"
				},
				{
					"trace":[
						"<android.webkit.WebView$8: void run()>",
						"<android.net.wifi.WifiMonitor$MonitorThread: void run()>",
						"<android.net.wifi.WifiMonitor$MonitorThread: void handleEvent(int,java.lang.String)>",
						"<android.net.wifi.WifiStateTracker: void notifyScanResultsAvailable()>",
						"<android.net.wifi.WifiStateTracker: void handleMessage(android.os.Message)>",
						"<android.net.Uri$Builder: java.lang.String toString()>",
						"<android.net.Uri$Builder: android.net.Uri build()>",
						"key field: <android.net.Uri$Builder: java.lang.String scheme>",
						"<android.net.Uri$Builder: android.net.Uri build()>"
					],
					"depth":7,
					"method":"<android.webkit.WebView$8: void run()>",
					"source":"FIELDCALLER"
				},
				{
					"trace":[
						"<java.lang.Runnable: void run()>",
						"<android.net.wifi.WifiMonitor$MonitorThread: void run()>",
						"<android.net.wifi.WifiMonitor$MonitorThread: void handleEvent(int,java.lang.String)>",
						"<android.net.wifi.WifiStateTracker: void notifyScanResultsAvailable()>",
						"<android.net.wifi.WifiStateTracker: void handleMessage(android.os.Message)>",
						"<android.net.Uri$Builder: java.lang.String toString()>",
						"<android.net.Uri$Builder: android.net.Uri build()>",
						"key field: <android.net.Uri$Builder: java.lang.String scheme>",
						"<android.net.Uri$Builder: android.net.Uri build()>"
					],
					"depth":7,
					"method":"<java.lang.Runnable: void run()>",
					"source":"FIELDCALLER"
				},
				{
					"trace":[
						"<android.net.wifi.WifiStateTracker: android.net.wifi.WifiInfo requestConnectionInfo()>",
						"<android.net.wifi.WifiStateTracker: void requestConnectionStatus(android.net.wifi.WifiInfo)>",
						"<android.net.wifi.WifiStateTracker: void setSupplicantState(java.lang.String)>",
						"<android.net.wifi.WifiStateTracker: void checkPollTimer()>",
						"<android.net.wifi.WifiStateTracker: void handleMessage(android.os.Message)>",
						"<android.net.Uri$Builder: java.lang.String toString()>",
						"<android.net.Uri$Builder: android.net.Uri build()>",
						"key field: <android.net.Uri$Builder: java.lang.String scheme>",
						"<android.net.Uri$Builder: android.net.Uri build()>"
					],
					"depth":7,
					"method":"<android.net.wifi.WifiStateTracker: android.net.wifi.WifiInfo requestConnectionInfo()>",
					"source":"FIELDCALLER"
				},
				{
					"trace":[
						"<android.net.wifi.WifiStateTracker$DhcpHandler: void handleMessage(android.os.Message)>",
						"<android.widget.Filter$RequestHandler: void handleMessage(android.os.Message)>",
						"<android.webkit.WebViewCore$EventHub$1: void handleMessage(android.os.Message)>",
						"<android.webkit.WebView$PrivateHandler: void handleMessage(android.os.Message)>",
						"<android.net.wifi.WifiStateTracker: void handleMessage(android.os.Message)>",
						"<android.net.Uri$Builder: java.lang.String toString()>",
						"<android.net.Uri$Builder: android.net.Uri build()>",
						"key field: <android.net.Uri$Builder: java.lang.String scheme>",
						"<android.net.Uri$Builder: android.net.Uri build()>"
					],
					"depth":7,
					"method":"<android.net.wifi.WifiStateTracker$DhcpHandler: void handleMessage(android.os.Message)>",
					"source":"FIELDCALLER"
				},
				{
					"trace":[
						"<android.net.wifi.WifiStateTracker: void startEventLoop()>",
						"<android.net.wifi.WifiMonitor: void startMonitoring()>",
						"<android.net.wifi.WifiMonitor$MonitorThread: void run()>",
						"<android.net.wifi.WifiMonitor$MonitorThread: void handleEvent(int,java.lang.String)>",
						"<android.net.wifi.WifiStateTracker: void notifyScanResultsAvailable()>",
						"<android.net.wifi.WifiStateTracker: void handleMessage(android.os.Message)>",
						"<android.net.Uri$Builder: java.lang.String toString()>",
						"<android.net.Uri$Builder: android.net.Uri build()>",
						"key field: <android.net.Uri$Builder: java.lang.String scheme>",
						"<android.net.Uri$Builder: android.net.Uri build()>"
					],
					"depth":8,
					"method":"<android.net.wifi.WifiStateTracker: void startEventLoop()>",
					"source":"FIELDCALLER"
				},
				{
					"trace":[
						"<android.test.InstrumentationTestCase$1: void run()>",
						"<android.webkit.WebView$8: void run()>",
						"<android.net.wifi.WifiMonitor$MonitorThread: void run()>",
						"<android.net.wifi.WifiMonitor$MonitorThread: void handleEvent(int,java.lang.String)>",
						"<android.net.wifi.WifiStateTracker: void notifyScanResultsAvailable()>",
						"<android.net.wifi.WifiStateTracker: void handleMessage(android.os.Message)>",
						"<android.net.Uri$Builder: java.lang.String toString()>",
						"<android.net.Uri$Builder: android.net.Uri build()>",
						"key field: <android.net.Uri$Builder: java.lang.String scheme>",
						"<android.net.Uri$Builder: android.net.Uri build()>"
					],
					"depth":8,
					"method":"<android.test.InstrumentationTestCase$1: void run()>",
					"source":"FIELDCALLER"
				},
				{
					"trace":[
						"<android.app.Instrumentation$SyncRunnable: void run()>",
						"<android.webkit.WebView$8: void run()>",
						"<android.net.wifi.WifiMonitor$MonitorThread: void run()>",
						"<android.net.wifi.WifiMonitor$MonitorThread: void handleEvent(int,java.lang.String)>",
						"<android.net.wifi.WifiStateTracker: void notifyScanResultsAvailable()>",
						"<android.net.wifi.WifiStateTracker: void handleMessage(android.os.Message)>",
						"<android.net.Uri$Builder: java.lang.String toString()>",
						"<android.net.Uri$Builder: android.net.Uri build()>",
						"key field: <android.net.Uri$Builder: java.lang.String scheme>",
						"<android.net.Uri$Builder: android.net.Uri build()>"
					],
					"depth":8,
					"method":"<android.app.Instrumentation$SyncRunnable: void run()>",
					"source":"FIELDCALLER"
				},
				{
					"trace":[
						"<android.widget.DigitalClock$1: void run()>",
						"<android.webkit.WebView$8: void run()>",
						"<android.net.wifi.WifiMonitor$MonitorThread: void run()>",
						"<android.net.wifi.WifiMonitor$MonitorThread: void handleEvent(int,java.lang.String)>",
						"<android.net.wifi.WifiStateTracker: void notifyScanResultsAvailable()>",
						"<android.net.wifi.WifiStateTracker: void handleMessage(android.os.Message)>",
						"<android.net.Uri$Builder: java.lang.String toString()>",
						"<android.net.Uri$Builder: android.net.Uri build()>",
						"key field: <android.net.Uri$Builder: java.lang.String scheme>",
						"<android.net.Uri$Builder: android.net.Uri build()>"
					],
					"depth":8,
					"method":"<android.widget.DigitalClock$1: void run()>",
					"source":"FIELDCALLER"
				},
				{
					"trace":[
						"<java.lang.Thread: void run()>",
						"<android.webkit.WebView$8: void run()>",
						"<android.net.wifi.WifiMonitor$MonitorThread: void run()>",
						"<android.net.wifi.WifiMonitor$MonitorThread: void handleEvent(int,java.lang.String)>",
						"<android.net.wifi.WifiStateTracker: void notifyScanResultsAvailable()>",
						"<android.net.wifi.WifiStateTracker: void handleMessage(android.os.Message)>",
						"<android.net.Uri$Builder: java.lang.String toString()>",
						"<android.net.Uri$Builder: android.net.Uri build()>",
						"key field: <android.net.Uri$Builder: java.lang.String scheme>",
						"<android.net.Uri$Builder: android.net.Uri build()>"
					],
					"depth":8,
					"method":"<java.lang.Thread: void run()>",
					"source":"FIELDCALLER"
				},
				{
					"trace":[
						"<android.server.BluetoothService$1: void handleMessage(android.os.Message)>",
						"<android.net.wifi.WifiStateTracker$DhcpHandler: void handleMessage(android.os.Message)>",
						"<android.widget.Filter$RequestHandler: void handleMessage(android.os.Message)>",
						"<android.webkit.WebViewCore$EventHub$1: void handleMessage(android.os.Message)>",
						"<android.webkit.WebView$PrivateHandler: void handleMessage(android.os.Message)>",
						"<android.net.wifi.WifiStateTracker: void handleMessage(android.os.Message)>",
						"<android.net.Uri$Builder: java.lang.String toString()>",
						"<android.net.Uri$Builder: android.net.Uri build()>",
						"key field: <android.net.Uri$Builder: java.lang.String scheme>",
						"<android.net.Uri$Builder: android.net.Uri build()>"
					],
					"depth":8,
					"method":"<android.server.BluetoothService$1: void handleMessage(android.os.Message)>",
					"source":"FIELDCALLER"
				}
			],
			"callerOfSingnlar2SourceVar":{}
		}
	]
}