{
	"exceptions":[
		{
			"method":"<android.util.Base64OutputStream: void internalWrite(byte[],int,int,boolean)>",
			"message":"\\Qbad base-64\\E",
			"relatedVarType":"ParaAndField",
			"relatedCondType":"Basic",
			"modifier":"private",
			"type":"java.io.IOException",
			"osVersionRelated":false,
			"resourceRelated":false,
			"assessRelated":false,
			"hardwareRelated":false,
			"manifestRelated":false,
			"conditions":"$z1 != 0",
			"paramValues":"@parameter0: byte[], @parameter1: int, @parameter2: int, @parameter3: boolean",
			"fieldValues":"<android.util.Base64OutputStream: android.util.Base64$Coder coder>",
			"relatedValues":"@parameter0: byte[], @parameter1: int, @parameter2: int, @parameter3: boolean; <android.util.Base64OutputStream: android.util.Base64$Coder coder>; ",
			"keyAPISameClassNum":5,
			"keyAPIDiffClassNum":0,
			"keyAPISameClass":[
				{
					"trace":[
						"<android.util.Base64OutputStream: void internalWrite(byte[],int,int,boolean)>"
					],
					"depth":1,
					"method":"<android.util.Base64OutputStream: void <init>(java.io.OutputStream,int,boolean)>",
					"source":"FIELD"
				},
				{
					"trace":[
						"<android.util.Base64OutputStream: void <init>(java.io.OutputStream,int)>",
						"<android.util.Base64OutputStream: void <init>(java.io.OutputStream,int,boolean)>",
						"key field: <android.util.Base64OutputStream: android.util.Base64$Coder coder>",
						"<android.util.Base64OutputStream: void internalWrite(byte[],int,int,boolean)>"
					],
					"depth":2,
					"method":"<android.util.Base64OutputStream: void <init>(java.io.OutputStream,int)>",
					"source":"FIELDCALLER"
				},
				{
					"trace":[
						"<android.util.Base64OutputStream: void write(byte[],int,int)>",
						"<android.util.Base64OutputStream: void internalWrite(byte[],int,int,boolean)>",
						"key field: <android.util.Base64OutputStream: android.util.Base64$Coder coder>",
						"<android.util.Base64OutputStream: void internalWrite(byte[],int,int,boolean)>"
					],
					"depth":2,
					"method":"<android.util.Base64OutputStream: void write(byte[],int,int)>",
					"source":"FIELDCALLER"
				},
				{
					"trace":[
						"<android.util.Base64OutputStream: void write(int)>",
						"<android.util.Base64OutputStream: void internalWrite(byte[],int,int,boolean)>",
						"key field: <android.util.Base64OutputStream: android.util.Base64$Coder coder>",
						"<android.util.Base64OutputStream: void internalWrite(byte[],int,int,boolean)>"
					],
					"depth":2,
					"method":"<android.util.Base64OutputStream: void write(int)>",
					"source":"FIELDCALLER"
				},
				{
					"trace":[
						"<android.util.Base64OutputStream: void close()>",
						"<android.util.Base64OutputStream: void flushBuffer()>",
						"<android.util.Base64OutputStream: void internalWrite(byte[],int,int,boolean)>",
						"key field: <android.util.Base64OutputStream: android.util.Base64$Coder coder>",
						"<android.util.Base64OutputStream: void internalWrite(byte[],int,int,boolean)>"
					],
					"depth":3,
					"method":"<android.util.Base64OutputStream: void close()>",
					"source":"FIELDCALLER"
				}
			],
			"keyAPIDiffClass":[],
			"callerOfSingnlar2SourceVar":{
				"<android.util.Base64OutputStream: void internalWrite(byte[],int,int,boolean)>":"0, 1, 2, 3",
				"<android.util.Base64OutputStream: void write(byte[],int,int)>":"0, 1, 2"
			}
		}
	]
}