{
	"exceptions":[
		{
			"method":"<android.graphics.Movie: void <init>(int)>",
			"message":"\\Qnative movie creation failed\\E",
			"relatedVarType":"Parameter",
			"relatedCondType":"Basic",
			"modifier":"private",
			"type":"java.lang.RuntimeException",
			"osVersionRelated":false,
			"resourceRelated":false,
			"assessRelated":false,
			"hardwareRelated":false,
			"manifestRelated":false,
			"conditions":"i0 != 0",
			"paramValues":"@parameter0: int",
			"relatedValues":"@parameter0: int; ; ",
			"keyAPISameClassNum":0,
			"keyAPIDiffClassNum":0,
			"keyAPISameClass":[
				{
					"trace":[
						"<android.graphics.Movie: void <init>(int)>"
					],
					"depth":0,
					"method":"<android.graphics.Movie: void <init>(int)>",
					"source":"CALLER"
				}
			],
			"keyAPIDiffClass":[],
			"callerOfSingnlar2SourceVar":{
				"<android.graphics.Movie: void <init>(int)>":"0"
			}
		}
	]
}