{
	"exceptions":[
		{
			"method":"<android.util.EventLog$Event: java.lang.Object decodeObject()>",
			"message":"\\QUnknown entry type: \\E[\\s\\S]*",
			"relatedVarType":"Field",
			"relatedCondType":"Basic",
			"modifier":"private",
			"type":"java.lang.IllegalArgumentException",
			"osVersionRelated":false,
			"resourceRelated":false,
			"assessRelated":false,
			"hardwareRelated":false,
			"manifestRelated":false,
			"conditions":"b0",
			"fieldValues":"<android.util.EventLog$Event: java.nio.ByteBuffer mBuffer>",
			"relatedValues":"; <android.util.EventLog$Event: java.nio.ByteBuffer mBuffer>; ",
			"keyAPISameClassNum":5,
			"keyAPIDiffClassNum":0,
			"keyAPISameClass":[
				{
					"trace":[
						"<android.util.EventLog$Event: java.lang.Object decodeObject()>"
					],
					"depth":1,
					"method":"<android.util.EventLog$Event: int getProcessId()>",
					"source":"FIELD"
				},
				{
					"trace":[
						"<android.util.EventLog$Event: java.lang.Object decodeObject()>"
					],
					"depth":1,
					"method":"<android.util.EventLog$Event: int getTag()>",
					"source":"FIELD"
				},
				{
					"trace":[
						"<android.util.EventLog$Event: java.lang.Object decodeObject()>"
					],
					"depth":1,
					"method":"<android.util.EventLog$Event: int getThreadId()>",
					"source":"FIELD"
				},
				{
					"trace":[
						"<android.util.EventLog$Event: java.lang.Object decodeObject()>"
					],
					"depth":1,
					"method":"<android.util.EventLog$Event: long getTimeNanos()>",
					"source":"FIELD"
				},
				{
					"trace":[
						"<android.util.EventLog$Event: java.lang.Object getData()>",
						"<android.util.EventLog$Event: java.lang.Object decodeObject()>",
						"key field: <android.util.EventLog$Event: java.nio.ByteBuffer mBuffer>",
						"<android.util.EventLog$Event: java.lang.Object decodeObject()>"
					],
					"depth":2,
					"method":"<android.util.EventLog$Event: java.lang.Object getData()>",
					"source":"FIELDCALLER"
				}
			],
			"keyAPIDiffClass":[],
			"callerOfSingnlar2SourceVar":{}
		}
	]
}