{
	"exceptions":[
		{
			"method":"<android.location.LocationProvider: void <init>(java.lang.String)>",
			"message":"\\Qname \\E[\\s\\S]*\\Q contains an illegal character\\E",
			"relatedVarType":"Parameter",
			"relatedCondType":"Basic",
			"modifier":"public",
			"type":"java.lang.IllegalArgumentException",
			"osVersionRelated":false,
			"resourceRelated":false,
			"assessRelated":false,
			"hardwareRelated":false,
			"manifestRelated":false,
			"conditions":"$z0 == 0",
			"paramValues":"@parameter0: java.lang.String",
			"relatedValues":"@parameter0: java.lang.String; ; ",
			"keyAPISameClassNum":0,
			"keyAPIDiffClassNum":0,
			"keyAPISameClass":[
				{
					"trace":[
						"<android.location.LocationProvider: void <init>(java.lang.String)>"
					],
					"depth":0,
					"method":"<android.location.LocationProvider: void <init>(java.lang.String)>",
					"source":"CALLER"
				}
			],
			"keyAPIDiffClass":[
				{
					"trace":[
						"<com.android.internal.location.DummyLocationProvider: void <init>(java.lang.String)>",
						"<android.location.LocationProvider: void <init>(java.lang.String)>"
					],
					"depth":1,
					"method":"<com.android.internal.location.DummyLocationProvider: void <init>(java.lang.String)>",
					"source":"CALLER"
				}
			],
			"callerOfSingnlar2SourceVar":{
				"<android.location.LocationProvider: void <init>(java.lang.String)>":"0",
				"<com.android.internal.location.DummyLocationProvider: void <init>(java.lang.String)>":"0"
			}
		}
	]
}