{
	"exceptions":[
		{
			"method":"<android.view.KeyCharacterMap: android.view.KeyEvent[] getEvents(char[])>",
			"message":"[\\s\\S]*",
			"relatedVarType":"Parameter",
			"relatedCondType":"Basic",
			"modifier":"public",
			"type":"java.lang.NullPointerException",
			"osVersionRelated":false,
			"resourceRelated":false,
			"assessRelated":false,
			"hardwareRelated":false,
			"manifestRelated":false,
			"conditions":"r0 != null",
			"paramValues":"@parameter0: char[]",
			"relatedValues":"@parameter0: char[]; ; ",
			"keyAPISameClassNum":0,
			"keyAPIDiffClassNum":0,
			"keyAPISameClass":[
				{
					"trace":[
						"<android.view.KeyCharacterMap: android.view.KeyEvent[] getEvents(char[])>"
					],
					"depth":0,
					"method":"<android.view.KeyCharacterMap: android.view.KeyEvent[] getEvents(char[])>",
					"source":"CALLER"
				}
			],
			"keyAPIDiffClass":[],
			"callerOfSingnlar2SourceVar":{
				"<android.view.KeyCharacterMap: android.view.KeyEvent[] getEvents(char[])>":"0"
			}
		},
		{
			"method":"<android.view.KeyCharacterMap: boolean getKeyData(int,android.view.KeyCharacterMap$KeyData)>",
			"message":"\\Qresults.meta.length must be >= 4\\E",
			"relatedVarType":"Parameter",
			"relatedCondType":"Basic",
			"modifier":"public",
			"type":"java.lang.IndexOutOfBoundsException",
			"osVersionRelated":false,
			"resourceRelated":false,
			"assessRelated":false,
			"hardwareRelated":false,
			"manifestRelated":false,
			"conditions":"$i0 < 4",
			"paramValues":"@parameter1: android.view.KeyCharacterMap$KeyData",
			"relatedValues":"@parameter1: android.view.KeyCharacterMap$KeyData; ; ",
			"keyAPISameClassNum":0,
			"keyAPIDiffClassNum":0,
			"keyAPISameClass":[
				{
					"trace":[
						"<android.view.KeyCharacterMap: boolean getKeyData(int,android.view.KeyCharacterMap$KeyData)>"
					],
					"depth":0,
					"method":"<android.view.KeyCharacterMap: boolean getKeyData(int,android.view.KeyCharacterMap$KeyData)>",
					"source":"CALLER"
				}
			],
			"keyAPIDiffClass":[
				{
					"trace":[
						"<android.view.KeyEvent: boolean getKeyData(android.view.KeyCharacterMap$KeyData)>",
						"<android.view.KeyCharacterMap: boolean getKeyData(int,android.view.KeyCharacterMap$KeyData)>"
					],
					"depth":1,
					"method":"<android.view.KeyEvent: boolean getKeyData(android.view.KeyCharacterMap$KeyData)>",
					"source":"CALLER"
				}
			],
			"callerOfSingnlar2SourceVar":{
				"<android.view.KeyCharacterMap: boolean getKeyData(int,android.view.KeyCharacterMap$KeyData)>":"1",
				"<android.view.KeyEvent: boolean getKeyData(android.view.KeyCharacterMap$KeyData)>":"0"
			}
		},
		{
			"method":"<android.view.KeyCharacterMap: char getMatch(int,char[],int)>",
			"message":"[\\s\\S]*",
			"relatedVarType":"Parameter",
			"relatedCondType":"Basic",
			"modifier":"public",
			"type":"java.lang.NullPointerException",
			"osVersionRelated":false,
			"resourceRelated":false,
			"assessRelated":false,
			"hardwareRelated":false,
			"manifestRelated":false,
			"conditions":"r0 != null",
			"paramValues":"@parameter1: char[]",
			"relatedValues":"@parameter1: char[]; ; ",
			"keyAPISameClassNum":0,
			"keyAPIDiffClassNum":0,
			"keyAPISameClass":[
				{
					"trace":[
						"<android.view.KeyCharacterMap: char getMatch(int,char[],int)>"
					],
					"depth":0,
					"method":"<android.view.KeyCharacterMap: char getMatch(int,char[],int)>",
					"source":"CALLER"
				},
				{
					"trace":[
						"<android.view.KeyCharacterMap: char getMatch(int,char[])>",
						"<android.view.KeyCharacterMap: char getMatch(int,char[],int)>"
					],
					"depth":1,
					"method":"<android.view.KeyCharacterMap: char getMatch(int,char[])>",
					"source":"CALLER"
				}
			],
			"keyAPIDiffClass":[
				{
					"trace":[
						"<android.view.KeyEvent: char getMatch(char[],int)>",
						"<android.view.KeyCharacterMap: char getMatch(int,char[],int)>"
					],
					"depth":1,
					"method":"<android.view.KeyEvent: char getMatch(char[],int)>",
					"source":"CALLER"
				},
				{
					"trace":[
						"<android.view.KeyEvent: char getMatch(char[])>",
						"<android.view.KeyEvent: char getMatch(char[],int)>",
						"<android.view.KeyCharacterMap: char getMatch(int,char[],int)>"
					],
					"depth":2,
					"method":"<android.view.KeyEvent: char getMatch(char[])>",
					"source":"CALLER"
				}
			],
			"callerOfSingnlar2SourceVar":{
				"<android.view.KeyEvent: char getMatch(char[],int)>":"0",
				"<android.view.KeyCharacterMap: char getMatch(int,char[])>":"1",
				"<android.view.KeyCharacterMap: char getMatch(int,char[],int)>":"1",
				"<android.view.KeyEvent: char getMatch(char[])>":"0"
			}
		}
	]
}