{
	"exceptions":[
		{
			"method":"<android.view.accessibility.AccessibilityManager: void interrupt()>",
			"message":"\\QAccessibility off. Did you forget to check that?\\E",
			"relatedVarType":"Field",
			"relatedCondType":"Basic",
			"modifier":"public",
			"type":"java.lang.IllegalStateException",
			"osVersionRelated":false,
			"resourceRelated":false,
			"assessRelated":false,
			"hardwareRelated":false,
			"manifestRelated":false,
			"conditions":"$z0 != 0",
			"fieldValues":"<android.view.accessibility.AccessibilityManager: boolean mIsEnabled>",
			"relatedValues":"; <android.view.accessibility.AccessibilityManager: boolean mIsEnabled>; ",
			"keyAPISameClassNum":0,
			"keyAPIDiffClassNum":0,
			"keyAPISameClass":[],
			"keyAPIDiffClass":[],
			"callerOfSingnlar2SourceVar":{}
		},
		{
			"method":"<android.view.accessibility.AccessibilityManager: void sendAccessibilityEvent(android.view.accessibility.AccessibilityEvent)>",
			"message":"\\QAccessibility off. Did you forget to check that?\\E",
			"relatedVarType":"Field",
			"relatedCondType":"Basic",
			"modifier":"public",
			"type":"java.lang.IllegalStateException",
			"osVersionRelated":false,
			"resourceRelated":false,
			"assessRelated":false,
			"hardwareRelated":false,
			"manifestRelated":false,
			"conditions":"$z0 != 0",
			"fieldValues":"<android.view.accessibility.AccessibilityManager: boolean mIsEnabled>",
			"relatedValues":"; <android.view.accessibility.AccessibilityManager: boolean mIsEnabled>; ",
			"keyAPISameClassNum":0,
			"keyAPIDiffClassNum":0,
			"keyAPISameClass":[],
			"keyAPIDiffClass":[],
			"callerOfSingnlar2SourceVar":{}
		}
	]
}