{
	"exceptions":[
		{
			"method":"<android.speech.SpeechRecognizer: void checkIsCalledFromMainThread()>",
			"message":"\\QSpeechRecognizer should be used only from the application's main thread\\E",
			"relatedVarType":"Unknown",
			"relatedCondType":"Basic",
			"modifier":"private",
			"type":"java.lang.RuntimeException",
			"osVersionRelated":false,
			"resourceRelated":false,
			"assessRelated":false,
			"hardwareRelated":false,
			"manifestRelated":false,
			"conditions":"$r0 == $r1",
			"keyAPISameClassNum":0,
			"keyAPIDiffClassNum":0,
			"keyAPISameClass":[],
			"keyAPIDiffClass":[],
			"callerOfSingnlar2SourceVar":{}
		},
		{
			"method":"<android.speech.SpeechRecognizer: android.speech.SpeechRecognizer createSpeechRecognizer(android.content.Context,android.content.ComponentName)>",
			"message":"\\QContext cannot be null)\\E",
			"relatedVarType":"Parameter",
			"relatedCondType":"Basic",
			"modifier":"public",
			"type":"java.lang.IllegalArgumentException",
			"osVersionRelated":false,
			"resourceRelated":false,
			"assessRelated":false,
			"hardwareRelated":false,
			"manifestRelated":false,
			"conditions":"r0 != null",
			"paramValues":"@parameter0: android.content.Context",
			"relatedValues":"@parameter0: android.content.Context; ; ",
			"keyAPISameClassNum":0,
			"keyAPIDiffClassNum":0,
			"keyAPISameClass":[
				{
					"trace":[
						"<android.speech.SpeechRecognizer: android.speech.SpeechRecognizer createSpeechRecognizer(android.content.Context,android.content.ComponentName)>"
					],
					"depth":0,
					"method":"<android.speech.SpeechRecognizer: android.speech.SpeechRecognizer createSpeechRecognizer(android.content.Context,android.content.ComponentName)>",
					"source":"CALLER"
				},
				{
					"trace":[
						"<android.speech.SpeechRecognizer: android.speech.SpeechRecognizer createSpeechRecognizer(android.content.Context)>",
						"<android.speech.SpeechRecognizer: android.speech.SpeechRecognizer createSpeechRecognizer(android.content.Context,android.content.ComponentName)>"
					],
					"depth":1,
					"method":"<android.speech.SpeechRecognizer: android.speech.SpeechRecognizer createSpeechRecognizer(android.content.Context)>",
					"source":"CALLER"
				}
			],
			"keyAPIDiffClass":[],
			"callerOfSingnlar2SourceVar":{
				"<android.speech.SpeechRecognizer: android.speech.SpeechRecognizer createSpeechRecognizer(android.content.Context)>":"0",
				"<android.speech.SpeechRecognizer: android.speech.SpeechRecognizer createSpeechRecognizer(android.content.Context,android.content.ComponentName)>":"0"
			}
		},
		{
			"method":"<android.speech.SpeechRecognizer: void startListening(android.content.Intent)>",
			"message":"\\Qintent must not be null\\E",
			"relatedVarType":"Parameter",
			"relatedCondType":"Basic",
			"modifier":"public",
			"type":"java.lang.IllegalArgumentException",
			"osVersionRelated":false,
			"resourceRelated":false,
			"assessRelated":false,
			"hardwareRelated":false,
			"manifestRelated":false,
			"conditions":"r0 != null",
			"paramValues":"@parameter0: android.content.Intent",
			"relatedValues":"@parameter0: android.content.Intent; ; ",
			"keyAPISameClassNum":0,
			"keyAPIDiffClassNum":0,
			"keyAPISameClass":[
				{
					"trace":[
						"<android.speech.SpeechRecognizer: void startListening(android.content.Intent)>"
					],
					"depth":0,
					"method":"<android.speech.SpeechRecognizer: void startListening(android.content.Intent)>",
					"source":"CALLER"
				}
			],
			"keyAPIDiffClass":[],
			"callerOfSingnlar2SourceVar":{
				"<android.speech.SpeechRecognizer: void startListening(android.content.Intent)>":"0"
			}
		}
	]
}