{
	"exceptions":[
		{
			"method":"<android.graphics.pdf.PdfDocument: android.graphics.pdf.PdfDocument$Page startPage(android.graphics.pdf.PdfDocument$PageInfo)>",
			"message":"\\Qpage cannot be null\\E",
			"relatedVarType":"Parameter",
			"relatedCondType":"Basic",
			"modifier":"public",
			"type":"java.lang.IllegalArgumentException",
			"osVersionRelated":false,
			"resourceRelated":false,
			"assessRelated":false,
			"hardwareRelated":false,
			"manifestRelated":false,
			"conditions":"r1 != null",
			"paramValues":"@parameter0: android.graphics.pdf.PdfDocument$PageInfo",
			"relatedValues":"@parameter0: android.graphics.pdf.PdfDocument$PageInfo; ; ",
			"keyAPISameClassNum":0,
			"keyAPIDiffClassNum":0,
			"keyAPISameClass":[
				{
					"trace":[
						"<android.graphics.pdf.PdfDocument: android.graphics.pdf.PdfDocument$Page startPage(android.graphics.pdf.PdfDocument$PageInfo)>"
					],
					"depth":0,
					"method":"<android.graphics.pdf.PdfDocument: android.graphics.pdf.PdfDocument$Page startPage(android.graphics.pdf.PdfDocument$PageInfo)>",
					"source":"CALLER"
				}
			],
			"keyAPIDiffClass":[
				{
					"trace":[
						"<android.print.pdf.PrintedPdfDocument: android.graphics.pdf.PdfDocument$Page startPage(int)>",
						"<android.graphics.pdf.PdfDocument: android.graphics.pdf.PdfDocument$Page startPage(android.graphics.pdf.PdfDocument$PageInfo)>"
					],
					"depth":1,
					"method":"<android.print.pdf.PrintedPdfDocument: android.graphics.pdf.PdfDocument$Page startPage(int)>",
					"source":"CALLER"
				}
			],
			"callerOfSingnlar2SourceVar":{
				"<android.graphics.pdf.PdfDocument: android.graphics.pdf.PdfDocument$Page startPage(android.graphics.pdf.PdfDocument$PageInfo)>":"0"
			}
		},
		{
			"method":"<android.graphics.pdf.PdfDocument: void finishPage(android.graphics.pdf.PdfDocument$Page)>",
			"message":"\\Qpage cannot be null\\E",
			"relatedVarType":"Parameter",
			"relatedCondType":"Basic",
			"modifier":"public",
			"type":"java.lang.IllegalArgumentException",
			"osVersionRelated":false,
			"resourceRelated":false,
			"assessRelated":false,
			"hardwareRelated":false,
			"manifestRelated":false,
			"conditions":"r1 != null",
			"paramValues":"@parameter0: android.graphics.pdf.PdfDocument$Page",
			"relatedValues":"@parameter0: android.graphics.pdf.PdfDocument$Page; ; ",
			"keyAPISameClassNum":0,
			"keyAPIDiffClassNum":0,
			"keyAPISameClass":[
				{
					"trace":[
						"<android.graphics.pdf.PdfDocument: void finishPage(android.graphics.pdf.PdfDocument$Page)>"
					],
					"depth":0,
					"method":"<android.graphics.pdf.PdfDocument: void finishPage(android.graphics.pdf.PdfDocument$Page)>",
					"source":"CALLER"
				}
			],
			"keyAPIDiffClass":[],
			"callerOfSingnlar2SourceVar":{
				"<android.graphics.pdf.PdfDocument: void finishPage(android.graphics.pdf.PdfDocument$Page)>":"0"
			}
		},
		{
			"method":"<android.graphics.pdf.PdfDocument: void finishPage(android.graphics.pdf.PdfDocument$Page)>",
			"message":"\\Qinvalid page\\E",
			"relatedVarType":"ParaAndField",
			"relatedCondType":"Basic",
			"modifier":"public",
			"type":"java.lang.IllegalStateException",
			"osVersionRelated":false,
			"resourceRelated":false,
			"assessRelated":false,
			"hardwareRelated":false,
			"manifestRelated":false,
			"conditions":"r1 == $r2, r1 != null",
			"paramValues":"@parameter0: android.graphics.pdf.PdfDocument$Page",
			"fieldValues":"<android.graphics.pdf.PdfDocument: android.graphics.pdf.PdfDocument$Page mCurrentPage>",
			"relatedValues":"@parameter0: android.graphics.pdf.PdfDocument$Page; <android.graphics.pdf.PdfDocument: android.graphics.pdf.PdfDocument$Page mCurrentPage>; ",
			"keyAPISameClassNum":2,
			"keyAPIDiffClassNum":1,
			"keyAPISameClass":[
				{
					"trace":[
						"<android.graphics.pdf.PdfDocument: void finishPage(android.graphics.pdf.PdfDocument$Page)>"
					],
					"depth":1,
					"method":"<android.graphics.pdf.PdfDocument: android.graphics.pdf.PdfDocument$Page startPage(android.graphics.pdf.PdfDocument$PageInfo)>",
					"source":"FIELD"
				},
				{
					"trace":[
						"<android.graphics.pdf.PdfDocument: void finishPage(android.graphics.pdf.PdfDocument$Page)>"
					],
					"depth":1,
					"method":"<android.graphics.pdf.PdfDocument: void finishPage(android.graphics.pdf.PdfDocument$Page)>",
					"source":"FIELD"
				}
			],
			"keyAPIDiffClass":[
				{
					"trace":[
						"<android.print.pdf.PrintedPdfDocument: android.graphics.pdf.PdfDocument$Page startPage(int)>",
						"<android.graphics.pdf.PdfDocument: android.graphics.pdf.PdfDocument$Page startPage(android.graphics.pdf.PdfDocument$PageInfo)>",
						"key field: <android.graphics.pdf.PdfDocument: android.graphics.pdf.PdfDocument$Page mCurrentPage>",
						"<android.graphics.pdf.PdfDocument: void finishPage(android.graphics.pdf.PdfDocument$Page)>"
					],
					"depth":2,
					"method":"<android.print.pdf.PrintedPdfDocument: android.graphics.pdf.PdfDocument$Page startPage(int)>",
					"source":"FIELDCALLER"
				}
			],
			"callerOfSingnlar2SourceVar":{
				"<android.graphics.pdf.PdfDocument: void finishPage(android.graphics.pdf.PdfDocument$Page)>":"0"
			}
		},
		{
			"method":"<android.graphics.pdf.PdfDocument: void finishPage(android.graphics.pdf.PdfDocument$Page)>",
			"message":"\\Qpage already finished\\E",
			"relatedVarType":"ParaAndField",
			"relatedCondType":"Basic",
			"modifier":"public",
			"type":"java.lang.IllegalStateException",
			"osVersionRelated":false,
			"resourceRelated":false,
			"assessRelated":false,
			"hardwareRelated":false,
			"manifestRelated":false,
			"conditions":"$z0 == 0, r1 == $r2, r1 != null",
			"paramValues":"@parameter0: android.graphics.pdf.PdfDocument$Page",
			"fieldValues":"<android.graphics.pdf.PdfDocument: android.graphics.pdf.PdfDocument$Page mCurrentPage>",
			"relatedValues":"@parameter0: android.graphics.pdf.PdfDocument$Page; <android.graphics.pdf.PdfDocument: android.graphics.pdf.PdfDocument$Page mCurrentPage>; ",
			"keyAPISameClassNum":2,
			"keyAPIDiffClassNum":1,
			"keyAPISameClass":[
				{
					"trace":[
						"<android.graphics.pdf.PdfDocument: void finishPage(android.graphics.pdf.PdfDocument$Page)>"
					],
					"depth":1,
					"method":"<android.graphics.pdf.PdfDocument: android.graphics.pdf.PdfDocument$Page startPage(android.graphics.pdf.PdfDocument$PageInfo)>",
					"source":"FIELD"
				},
				{
					"trace":[
						"<android.graphics.pdf.PdfDocument: void finishPage(android.graphics.pdf.PdfDocument$Page)>"
					],
					"depth":1,
					"method":"<android.graphics.pdf.PdfDocument: void finishPage(android.graphics.pdf.PdfDocument$Page)>",
					"source":"FIELD"
				}
			],
			"keyAPIDiffClass":[
				{
					"trace":[
						"<android.print.pdf.PrintedPdfDocument: android.graphics.pdf.PdfDocument$Page startPage(int)>",
						"<android.graphics.pdf.PdfDocument: android.graphics.pdf.PdfDocument$Page startPage(android.graphics.pdf.PdfDocument$PageInfo)>",
						"key field: <android.graphics.pdf.PdfDocument: android.graphics.pdf.PdfDocument$Page mCurrentPage>",
						"<android.graphics.pdf.PdfDocument: void finishPage(android.graphics.pdf.PdfDocument$Page)>"
					],
					"depth":2,
					"method":"<android.print.pdf.PrintedPdfDocument: android.graphics.pdf.PdfDocument$Page startPage(int)>",
					"source":"FIELDCALLER"
				}
			],
			"callerOfSingnlar2SourceVar":{
				"<android.graphics.pdf.PdfDocument: void finishPage(android.graphics.pdf.PdfDocument$Page)>":"0"
			}
		},
		{
			"method":"<android.graphics.pdf.PdfDocument: void writeTo(java.io.OutputStream)>",
			"message":"\\Qout cannot be null!\\E",
			"relatedVarType":"Parameter",
			"relatedCondType":"Basic",
			"modifier":"public",
			"type":"java.lang.IllegalArgumentException",
			"osVersionRelated":false,
			"resourceRelated":false,
			"assessRelated":false,
			"hardwareRelated":false,
			"manifestRelated":false,
			"conditions":"r1 != null",
			"paramValues":"@parameter0: java.io.OutputStream",
			"relatedValues":"@parameter0: java.io.OutputStream; ; ",
			"keyAPISameClassNum":0,
			"keyAPIDiffClassNum":0,
			"keyAPISameClass":[
				{
					"trace":[
						"<android.graphics.pdf.PdfDocument: void writeTo(java.io.OutputStream)>"
					],
					"depth":0,
					"method":"<android.graphics.pdf.PdfDocument: void writeTo(java.io.OutputStream)>",
					"source":"CALLER"
				}
			],
			"keyAPIDiffClass":[],
			"callerOfSingnlar2SourceVar":{
				"<android.graphics.pdf.PdfDocument: void writeTo(java.io.OutputStream)>":"0"
			}
		},
		{
			"method":"<android.graphics.pdf.PdfDocument: void throwIfClosed()>",
			"message":"\\Qdocument is closed!\\E",
			"relatedVarType":"Field",
			"relatedCondType":"Basic",
			"modifier":"private",
			"type":"java.lang.IllegalStateException",
			"osVersionRelated":false,
			"resourceRelated":false,
			"assessRelated":false,
			"hardwareRelated":false,
			"manifestRelated":false,
			"conditions":"$b1 != 0",
			"fieldValues":"<android.graphics.pdf.PdfDocument: long mNativeDocument>",
			"relatedValues":"; <android.graphics.pdf.PdfDocument: long mNativeDocument>; ",
			"keyAPISameClassNum":2,
			"keyAPIDiffClassNum":1,
			"keyAPISameClass":[
				{
					"trace":[
						"<android.graphics.pdf.PdfDocument: void throwIfClosed()>"
					],
					"depth":1,
					"method":"<android.graphics.pdf.PdfDocument: void <init>()>",
					"source":"FIELD"
				},
				{
					"trace":[
						"<android.graphics.pdf.PdfDocument: void close()>",
						"<android.graphics.pdf.PdfDocument: void dispose()>",
						"key field: <android.graphics.pdf.PdfDocument: long mNativeDocument>",
						"<android.graphics.pdf.PdfDocument: void throwIfClosed()>"
					],
					"depth":2,
					"method":"<android.graphics.pdf.PdfDocument: void close()>",
					"source":"FIELDCALLER"
				}
			],
			"keyAPIDiffClass":[
				{
					"trace":[
						"<android.print.pdf.PrintedPdfDocument: void <init>(android.content.Context,android.print.PrintAttributes)>",
						"<android.graphics.pdf.PdfDocument: void <init>()>",
						"key field: <android.graphics.pdf.PdfDocument: long mNativeDocument>",
						"<android.graphics.pdf.PdfDocument: void throwIfClosed()>"
					],
					"depth":2,
					"method":"<android.print.pdf.PrintedPdfDocument: void <init>(android.content.Context,android.print.PrintAttributes)>",
					"source":"FIELDCALLER"
				}
			],
			"callerOfSingnlar2SourceVar":{}
		},
		{
			"method":"<android.graphics.pdf.PdfDocument: void throwIfCurrentPageNotFinished()>",
			"message":"\\QCurrent page not finished!\\E",
			"relatedVarType":"Field",
			"relatedCondType":"Basic",
			"modifier":"private",
			"type":"java.lang.IllegalStateException",
			"osVersionRelated":false,
			"resourceRelated":false,
			"assessRelated":false,
			"hardwareRelated":false,
			"manifestRelated":false,
			"conditions":"$r1 == null",
			"fieldValues":"<android.graphics.pdf.PdfDocument: android.graphics.pdf.PdfDocument$Page mCurrentPage>",
			"relatedValues":"; <android.graphics.pdf.PdfDocument: android.graphics.pdf.PdfDocument$Page mCurrentPage>; ",
			"keyAPISameClassNum":2,
			"keyAPIDiffClassNum":1,
			"keyAPISameClass":[
				{
					"trace":[
						"<android.graphics.pdf.PdfDocument: void throwIfCurrentPageNotFinished()>"
					],
					"depth":1,
					"method":"<android.graphics.pdf.PdfDocument: android.graphics.pdf.PdfDocument$Page startPage(android.graphics.pdf.PdfDocument$PageInfo)>",
					"source":"FIELD"
				},
				{
					"trace":[
						"<android.graphics.pdf.PdfDocument: void throwIfCurrentPageNotFinished()>"
					],
					"depth":1,
					"method":"<android.graphics.pdf.PdfDocument: void finishPage(android.graphics.pdf.PdfDocument$Page)>",
					"source":"FIELD"
				}
			],
			"keyAPIDiffClass":[
				{
					"trace":[
						"<android.print.pdf.PrintedPdfDocument: android.graphics.pdf.PdfDocument$Page startPage(int)>",
						"<android.graphics.pdf.PdfDocument: android.graphics.pdf.PdfDocument$Page startPage(android.graphics.pdf.PdfDocument$PageInfo)>",
						"key field: <android.graphics.pdf.PdfDocument: android.graphics.pdf.PdfDocument$Page mCurrentPage>",
						"<android.graphics.pdf.PdfDocument: void throwIfCurrentPageNotFinished()>"
					],
					"depth":2,
					"method":"<android.print.pdf.PrintedPdfDocument: android.graphics.pdf.PdfDocument$Page startPage(int)>",
					"source":"FIELDCALLER"
				}
			],
			"callerOfSingnlar2SourceVar":{}
		}
	]
}