{
	"exceptions":[
		{
			"method":"<android.app.LoadedApk$ReceiverDispatcher$Args: void lambda$getRunnable$0()>",
			"message":"\\QError receiving broadcast \\E[\\s\\S]*\\Q in \\E[\\s\\S]*",
			"relatedVarType":"Field",
			"relatedCondType":"Basic",
			"modifier":"public",
			"type":"java.lang.RuntimeException",
			"osVersionRelated":false,
			"resourceRelated":false,
			"assessRelated":false,
			"hardwareRelated":false,
			"manifestRelated":false,
			"conditions":"$r40 == null, $z3 == 0, $z1 == 0",
			"fieldValues":"<android.app.LoadedApk$ReceiverDispatcher$Args: android.app.LoadedApk$ReceiverDispatcher this$0>",
			"caughtValues":"@caughtexception",
			"relatedValues":"; <android.app.LoadedApk$ReceiverDispatcher$Args: android.app.LoadedApk$ReceiverDispatcher this$0>; @caughtexception",
			"keyAPISameClassNum":2,
			"keyAPIDiffClassNum":6,
			"keyAPISameClass":[
				{
					"trace":[
						"<android.app.LoadedApk$ReceiverDispatcher$Args: void lambda$getRunnable$0()>"
					],
					"depth":1,
					"method":"<android.app.LoadedApk$ReceiverDispatcher$Args: void <init>(android.app.LoadedApk$ReceiverDispatcher,android.content.Intent,int,java.lang.String,android.os.Bundle,boolean,boolean,int)>",
					"source":"FIELD"
				},
				{
					"trace":[
						"<android.app.LoadedApk$ReceiverDispatcher$Args: void lambda$getRunnable$0()>"
					],
					"depth":1,
					"method":"<android.app.LoadedApk$ReceiverDispatcher$Args: void lambda$getRunnable$0()>",
					"source":"FIELD"
				}
			],
			"keyAPIDiffClass":[
				{
					"trace":[
						"<android.app.LoadedApk$ReceiverDispatcher: void performReceive(android.content.Intent,int,java.lang.String,android.os.Bundle,boolean,boolean,int)>",
						"<android.app.LoadedApk$ReceiverDispatcher$Args: void <init>(android.app.LoadedApk$ReceiverDispatcher,android.content.Intent,int,java.lang.String,android.os.Bundle,boolean,boolean,int)>",
						"key field: <android.app.LoadedApk$ReceiverDispatcher$Args: android.app.LoadedApk$ReceiverDispatcher this$0>",
						"<android.app.LoadedApk$ReceiverDispatcher$Args: void lambda$getRunnable$0()>"
					],
					"depth":2,
					"method":"<android.app.LoadedApk$ReceiverDispatcher: void performReceive(android.content.Intent,int,java.lang.String,android.os.Bundle,boolean,boolean,int)>",
					"source":"FIELDCALLER"
				},
				{
					"trace":[
						"<android.app.LoadedApk$ReceiverDispatcher$Args$lambda_getRunnable_0__50: void run()>",
						"<android.app.LoadedApk$ReceiverDispatcher$Args: void lambda$getRunnable$0()>",
						"key field: <android.app.LoadedApk$ReceiverDispatcher$Args: android.app.LoadedApk$ReceiverDispatcher this$0>",
						"<android.app.LoadedApk$ReceiverDispatcher$Args: void lambda$getRunnable$0()>"
					],
					"depth":2,
					"method":"<android.app.LoadedApk$ReceiverDispatcher$Args$lambda_getRunnable_0__50: void run()>",
					"source":"FIELDCALLER"
				},
				{
					"trace":[
						"<java.lang.Runnable: void run()>",
						"<android.app.LoadedApk$ReceiverDispatcher$Args: void lambda$getRunnable$0()>",
						"key field: <android.app.LoadedApk$ReceiverDispatcher$Args: android.app.LoadedApk$ReceiverDispatcher this$0>",
						"<android.app.LoadedApk$ReceiverDispatcher$Args: void lambda$getRunnable$0()>"
					],
					"depth":2,
					"method":"<java.lang.Runnable: void run()>",
					"source":"FIELDCALLER"
				},
				{
					"trace":[
						"<android.app.LoadedApk$ReceiverDispatcher$InnerReceiver: void performReceive(android.content.Intent,int,java.lang.String,android.os.Bundle,boolean,boolean,int)>",
						"<android.app.LoadedApk$ReceiverDispatcher: void performReceive(android.content.Intent,int,java.lang.String,android.os.Bundle,boolean,boolean,int)>",
						"<android.app.LoadedApk$ReceiverDispatcher$Args: void <init>(android.app.LoadedApk$ReceiverDispatcher,android.content.Intent,int,java.lang.String,android.os.Bundle,boolean,boolean,int)>",
						"key field: <android.app.LoadedApk$ReceiverDispatcher$Args: android.app.LoadedApk$ReceiverDispatcher this$0>",
						"<android.app.LoadedApk$ReceiverDispatcher$Args: void lambda$getRunnable$0()>"
					],
					"depth":3,
					"method":"<android.app.LoadedApk$ReceiverDispatcher$InnerReceiver: void performReceive(android.content.Intent,int,java.lang.String,android.os.Bundle,boolean,boolean,int)>",
					"source":"FIELDCALLER"
				},
				{
					"trace":[
						"<android.app.ActivityThread$ApplicationThread: void scheduleRegisteredReceiver(android.content.IIntentReceiver,android.content.Intent,int,java.lang.String,android.os.Bundle,boolean,boolean,int,int)>",
						"<android.app.LoadedApk$ReceiverDispatcher$InnerReceiver: void performReceive(android.content.Intent,int,java.lang.String,android.os.Bundle,boolean,boolean,int)>",
						"<android.app.LoadedApk$ReceiverDispatcher: void performReceive(android.content.Intent,int,java.lang.String,android.os.Bundle,boolean,boolean,int)>",
						"<android.app.LoadedApk$ReceiverDispatcher$Args: void <init>(android.app.LoadedApk$ReceiverDispatcher,android.content.Intent,int,java.lang.String,android.os.Bundle,boolean,boolean,int)>",
						"key field: <android.app.LoadedApk$ReceiverDispatcher$Args: android.app.LoadedApk$ReceiverDispatcher this$0>",
						"<android.app.LoadedApk$ReceiverDispatcher$Args: void lambda$getRunnable$0()>"
					],
					"depth":4,
					"method":"<android.app.ActivityThread$ApplicationThread: void scheduleRegisteredReceiver(android.content.IIntentReceiver,android.content.Intent,int,java.lang.String,android.os.Bundle,boolean,boolean,int,int)>",
					"source":"FIELDCALLER"
				},
				{
					"trace":[
						"<android.app.IApplicationThread$Stub: boolean onTransact(int,android.os.Parcel,android.os.Parcel,int)>",
						"<android.app.ActivityThread$ApplicationThread: void scheduleRegisteredReceiver(android.content.IIntentReceiver,android.content.Intent,int,java.lang.String,android.os.Bundle,boolean,boolean,int,int)>",
						"<android.app.LoadedApk$ReceiverDispatcher$InnerReceiver: void performReceive(android.content.Intent,int,java.lang.String,android.os.Bundle,boolean,boolean,int)>",
						"<android.app.LoadedApk$ReceiverDispatcher: void performReceive(android.content.Intent,int,java.lang.String,android.os.Bundle,boolean,boolean,int)>",
						"<android.app.LoadedApk$ReceiverDispatcher$Args: void <init>(android.app.LoadedApk$ReceiverDispatcher,android.content.Intent,int,java.lang.String,android.os.Bundle,boolean,boolean,int)>",
						"key field: <android.app.LoadedApk$ReceiverDispatcher$Args: android.app.LoadedApk$ReceiverDispatcher this$0>",
						"<android.app.LoadedApk$ReceiverDispatcher$Args: void lambda$getRunnable$0()>"
					],
					"depth":5,
					"method":"<android.app.IApplicationThread$Stub: boolean onTransact(int,android.os.Parcel,android.os.Parcel,int)>",
					"source":"FIELDCALLER"
				}
			],
			"callerOfSingnlar2SourceVar":{}
		}
	]
}