{
	"exceptions":[
		{
			"method":"<android.animation.AnimatorSet$Node: android.animation.AnimatorSet$Node clone()>",
			"message":"[\\s\\S]*",
			"relatedVarType":"Field",
			"relatedCondType":"Basic",
			"modifier":"public",
			"type":"java.lang.AssertionError",
			"osVersionRelated":false,
			"resourceRelated":false,
			"assessRelated":false,
			"hardwareRelated":false,
			"manifestRelated":false,
			"conditions":"$r4 == null, $r5 == null",
			"fieldValues":"<android.animation.AnimatorSet$Node: java.util.ArrayList mChildNodes>, <android.animation.AnimatorSet$Node: java.util.ArrayList mSiblings>",
			"caughtValues":"@caughtexception",
			"relatedValues":"; <android.animation.AnimatorSet$Node: java.util.ArrayList mChildNodes>, <android.animation.AnimatorSet$Node: java.util.ArrayList mSiblings>; @caughtexception",
			"keyAPISameClassNum":6,
			"keyAPIDiffClassNum":83,
			"keyAPISameClass":[
				{
					"trace":[
						"<android.animation.AnimatorSet$Node: android.animation.AnimatorSet$Node clone()>"
					],
					"depth":1,
					"method":"<android.animation.AnimatorSet$Node: void <init>(android.animation.Animator)>",
					"source":"FIELD"
				},
				{
					"trace":[
						"<android.animation.AnimatorSet$Node: android.animation.AnimatorSet$Node clone()>"
					],
					"depth":1,
					"method":"<android.animation.AnimatorSet$Node: android.animation.AnimatorSet$Node clone()>",
					"source":"FIELD"
				},
				{
					"trace":[
						"<android.animation.AnimatorSet$Node: android.animation.AnimatorSet$Node clone()>"
					],
					"depth":1,
					"method":"<android.animation.AnimatorSet$Node: void addSibling(android.animation.AnimatorSet$Node)>",
					"source":"FIELD"
				},
				{
					"trace":[
						"<android.animation.AnimatorSet$Node: java.lang.Object clone()>",
						"<android.animation.AnimatorSet$Node: android.animation.AnimatorSet$Node clone()>",
						"key field: <android.animation.AnimatorSet$Node: java.util.ArrayList mChildNodes>",
						"<android.animation.AnimatorSet$Node: android.animation.AnimatorSet$Node clone()>"
					],
					"depth":2,
					"method":"<android.animation.AnimatorSet$Node: java.lang.Object clone()>",
					"source":"FIELDCALLER"
				},
				{
					"trace":[
						"<android.animation.AnimatorSet$Node: void addParent(android.animation.AnimatorSet$Node)>",
						"<android.animation.AnimatorSet$Node: void addChild(android.animation.AnimatorSet$Node)>",
						"key field: <android.animation.AnimatorSet$Node: java.util.ArrayList mChildNodes>",
						"<android.animation.AnimatorSet$Node: android.animation.AnimatorSet$Node clone()>"
					],
					"depth":2,
					"method":"<android.animation.AnimatorSet$Node: void addParent(android.animation.AnimatorSet$Node)>",
					"source":"FIELDCALLER"
				},
				{
					"trace":[
						"<android.animation.AnimatorSet$Node: void addParents(java.util.ArrayList)>",
						"<android.animation.AnimatorSet$Node: void addParent(android.animation.AnimatorSet$Node)>",
						"<android.animation.AnimatorSet$Node: void addChild(android.animation.AnimatorSet$Node)>",
						"key field: <android.animation.AnimatorSet$Node: java.util.ArrayList mChildNodes>",
						"<android.animation.AnimatorSet$Node: android.animation.AnimatorSet$Node clone()>"
					],
					"depth":3,
					"method":"<android.animation.AnimatorSet$Node: void addParents(java.util.ArrayList)>",
					"source":"FIELDCALLER"
				}
			],
			"keyAPIDiffClass":[
				{
					"trace":[
						"<android.animation.AnimatorSet: void <init>()>",
						"<android.animation.AnimatorSet$Node: void <init>(android.animation.Animator)>",
						"key field: <android.animation.AnimatorSet$Node: java.util.ArrayList mChildNodes>",
						"<android.animation.AnimatorSet$Node: android.animation.AnimatorSet$Node clone()>"
					],
					"depth":2,
					"method":"<android.animation.AnimatorSet: void <init>()>",
					"source":"FIELDCALLER"
				},
				{
					"trace":[
						"<android.animation.AnimatorSet: android.animation.AnimatorSet clone()>",
						"<android.animation.AnimatorSet$Node: android.animation.AnimatorSet$Node clone()>",
						"key field: <android.animation.AnimatorSet$Node: java.util.ArrayList mChildNodes>",
						"<android.animation.AnimatorSet$Node: android.animation.AnimatorSet$Node clone()>"
					],
					"depth":2,
					"method":"<android.animation.AnimatorSet: android.animation.AnimatorSet clone()>",
					"source":"FIELDCALLER"
				},
				{
					"trace":[
						"<android.util.LongSparseLongArray: android.util.LongSparseLongArray clone()>",
						"<android.animation.AnimatorSet$Node: java.lang.Object clone()>",
						"<android.animation.AnimatorSet$Node: android.animation.AnimatorSet$Node clone()>",
						"key field: <android.animation.AnimatorSet$Node: java.util.ArrayList mChildNodes>",
						"<android.animation.AnimatorSet$Node: android.animation.AnimatorSet$Node clone()>"
					],
					"depth":3,
					"method":"<android.util.LongSparseLongArray: android.util.LongSparseLongArray clone()>",
					"source":"FIELDCALLER"
				},
				{
					"trace":[
						"<android.animation.AnimatorSet: java.lang.Object clone()>",
						"<android.animation.AnimatorSet: android.animation.AnimatorSet clone()>",
						"<android.animation.AnimatorSet$Node: android.animation.AnimatorSet$Node clone()>",
						"key field: <android.animation.AnimatorSet$Node: java.util.ArrayList mChildNodes>",
						"<android.animation.AnimatorSet$Node: android.animation.AnimatorSet$Node clone()>"
					],
					"depth":3,
					"method":"<android.animation.AnimatorSet: java.lang.Object clone()>",
					"source":"FIELDCALLER"
				},
				{
					"trace":[
						"<android.animation.AnimatorSet: android.animation.Animator clone()>",
						"<android.animation.AnimatorSet: android.animation.AnimatorSet clone()>",
						"<android.animation.AnimatorSet$Node: android.animation.AnimatorSet$Node clone()>",
						"key field: <android.animation.AnimatorSet$Node: java.util.ArrayList mChildNodes>",
						"<android.animation.AnimatorSet$Node: android.animation.AnimatorSet$Node clone()>"
					],
					"depth":3,
					"method":"<android.animation.AnimatorSet: android.animation.Animator clone()>",
					"source":"FIELDCALLER"
				},
				{
					"trace":[
						"<android.animation.AnimatorSet$Builder: android.animation.AnimatorSet$Builder 'with'(android.animation.Animator)>",
						"<android.animation.AnimatorSet: android.animation.AnimatorSet$Node access$500(android.animation.AnimatorSet,android.animation.Animator)>",
						"<android.animation.AnimatorSet: android.animation.AnimatorSet$Node getNodeForAnimation(android.animation.Animator)>",
						"<android.animation.AnimatorSet$Node: void <init>(android.animation.Animator)>",
						"key field: <android.animation.AnimatorSet$Node: java.util.ArrayList mChildNodes>",
						"<android.animation.AnimatorSet$Node: android.animation.AnimatorSet$Node clone()>"
					],
					"depth":4,
					"method":"<android.animation.AnimatorSet$Builder: android.animation.AnimatorSet$Builder 'with'(android.animation.Animator)>",
					"source":"FIELDCALLER"
				},
				{
					"trace":[
						"<android.animation.AnimatorSet$Builder: android.animation.AnimatorSet$Builder after(android.animation.Animator)>",
						"<android.animation.AnimatorSet: android.animation.AnimatorSet$Node access$500(android.animation.AnimatorSet,android.animation.Animator)>",
						"<android.animation.AnimatorSet: android.animation.AnimatorSet$Node getNodeForAnimation(android.animation.Animator)>",
						"<android.animation.AnimatorSet$Node: void <init>(android.animation.Animator)>",
						"key field: <android.animation.AnimatorSet$Node: java.util.ArrayList mChildNodes>",
						"<android.animation.AnimatorSet$Node: android.animation.AnimatorSet$Node clone()>"
					],
					"depth":4,
					"method":"<android.animation.AnimatorSet$Builder: android.animation.AnimatorSet$Builder after(android.animation.Animator)>",
					"source":"FIELDCALLER"
				},
				{
					"trace":[
						"<android.animation.AnimatorSet$Builder: android.animation.AnimatorSet$Builder before(android.animation.Animator)>",
						"<android.animation.AnimatorSet: android.animation.AnimatorSet$Node access$500(android.animation.AnimatorSet,android.animation.Animator)>",
						"<android.animation.AnimatorSet: android.animation.AnimatorSet$Node getNodeForAnimation(android.animation.Animator)>",
						"<android.animation.AnimatorSet$Node: void <init>(android.animation.Animator)>",
						"key field: <android.animation.AnimatorSet$Node: java.util.ArrayList mChildNodes>",
						"<android.animation.AnimatorSet$Node: android.animation.AnimatorSet$Node clone()>"
					],
					"depth":4,
					"method":"<android.animation.AnimatorSet$Builder: android.animation.AnimatorSet$Builder before(android.animation.Animator)>",
					"source":"FIELDCALLER"
				},
				{
					"trace":[
						"<android.util.LongSparseLongArray: java.lang.Object clone()>",
						"<android.util.LongSparseLongArray: android.util.LongSparseLongArray clone()>",
						"<android.animation.AnimatorSet$Node: java.lang.Object clone()>",
						"<android.animation.AnimatorSet$Node: android.animation.AnimatorSet$Node clone()>",
						"key field: <android.animation.AnimatorSet$Node: java.util.ArrayList mChildNodes>",
						"<android.animation.AnimatorSet$Node: android.animation.AnimatorSet$Node clone()>"
					],
					"depth":4,
					"method":"<android.util.LongSparseLongArray: java.lang.Object clone()>",
					"source":"FIELDCALLER"
				},
				{
					"trace":[
						"<android.animation.Animator$AnimatorConstantState: android.animation.Animator newInstance()>",
						"<android.animation.AnimatorSet: android.animation.Animator clone()>",
						"<android.animation.AnimatorSet: android.animation.AnimatorSet clone()>",
						"<android.animation.AnimatorSet$Node: android.animation.AnimatorSet$Node clone()>",
						"key field: <android.animation.AnimatorSet$Node: java.util.ArrayList mChildNodes>",
						"<android.animation.AnimatorSet$Node: android.animation.AnimatorSet$Node clone()>"
					],
					"depth":4,
					"method":"<android.animation.Animator$AnimatorConstantState: android.animation.Animator newInstance()>",
					"source":"FIELDCALLER"
				},
				{
					"trace":[
						"<android.animation.StateListAnimator: android.animation.StateListAnimator clone()>",
						"<android.animation.AnimatorSet: android.animation.Animator clone()>",
						"<android.animation.AnimatorSet: android.animation.AnimatorSet clone()>",
						"<android.animation.AnimatorSet$Node: android.animation.AnimatorSet$Node clone()>",
						"key field: <android.animation.AnimatorSet$Node: java.util.ArrayList mChildNodes>",
						"<android.animation.AnimatorSet$Node: android.animation.AnimatorSet$Node clone()>"
					],
					"depth":4,
					"method":"<android.animation.StateListAnimator: android.animation.StateListAnimator clone()>",
					"source":"FIELDCALLER"
				},
				{
					"trace":[
						"<android.animation.AnimatorSet: boolean shouldPlayTogether()>",
						"<android.animation.AnimatorSet: void createDependencyGraph()>",
						"<android.animation.AnimatorSet$Node: void addParent(android.animation.AnimatorSet$Node)>",
						"<android.animation.AnimatorSet$Node: void addChild(android.animation.AnimatorSet$Node)>",
						"key field: <android.animation.AnimatorSet$Node: java.util.ArrayList mChildNodes>",
						"<android.animation.AnimatorSet$Node: android.animation.AnimatorSet$Node clone()>"
					],
					"depth":4,
					"method":"<android.animation.AnimatorSet: boolean shouldPlayTogether()>",
					"source":"FIELDCALLER"
				},
				{
					"trace":[
						"<android.animation.AnimatorSet: long getTotalDuration()>",
						"<android.animation.AnimatorSet: void createDependencyGraph()>",
						"<android.animation.AnimatorSet$Node: void addParent(android.animation.AnimatorSet$Node)>",
						"<android.animation.AnimatorSet$Node: void addChild(android.animation.AnimatorSet$Node)>",
						"key field: <android.animation.AnimatorSet$Node: java.util.ArrayList mChildNodes>",
						"<android.animation.AnimatorSet$Node: android.animation.AnimatorSet$Node clone()>"
					],
					"depth":4,
					"method":"<android.animation.AnimatorSet: long getTotalDuration()>",
					"source":"FIELDCALLER"
				},
				{
					"trace":[
						"<android.animation.AnimatorInflater: android.animation.Animator loadAnimator(android.content.res.Resources,android.content.res.Resources$Theme,int,float)>",
						"<android.animation.AnimatorInflater: android.animation.Animator createAnimatorFromXml(android.content.res.Resources,android.content.res.Resources$Theme,org.xmlpull.v1.XmlPullParser,float)>",
						"<android.animation.AnimatorInflater: android.animation.Animator createAnimatorFromXml(android.content.res.Resources,android.content.res.Resources$Theme,org.xmlpull.v1.XmlPullParser,android.util.AttributeSet,android.animation.AnimatorSet,int,float)>",
						"<android.animation.AnimatorSet: void <init>()>",
						"<android.animation.AnimatorSet$Node: void <init>(android.animation.Animator)>",
						"key field: <android.animation.AnimatorSet$Node: java.util.ArrayList mChildNodes>",
						"<android.animation.AnimatorSet$Node: android.animation.AnimatorSet$Node clone()>"
					],
					"depth":5,
					"method":"<android.animation.AnimatorInflater: android.animation.Animator loadAnimator(android.content.res.Resources,android.content.res.Resources$Theme,int,float)>",
					"source":"FIELDCALLER"
				},
				{
					"trace":[
						"<android.animation.AnimatorSet: void playTogether(java.util.Collection)>",
						"<android.animation.AnimatorSet$Builder: android.animation.AnimatorSet$Builder 'with'(android.animation.Animator)>",
						"<android.animation.AnimatorSet: android.animation.AnimatorSet$Node access$500(android.animation.AnimatorSet,android.animation.Animator)>",
						"<android.animation.AnimatorSet: android.animation.AnimatorSet$Node getNodeForAnimation(android.animation.Animator)>",
						"<android.animation.AnimatorSet$Node: void <init>(android.animation.Animator)>",
						"key field: <android.animation.AnimatorSet$Node: java.util.ArrayList mChildNodes>",
						"<android.animation.AnimatorSet$Node: android.animation.AnimatorSet$Node clone()>"
					],
					"depth":5,
					"method":"<android.animation.AnimatorSet: void playTogether(java.util.Collection)>",
					"source":"FIELDCALLER"
				},
				{
					"trace":[
						"<android.animation.AnimatorSet: void playTogether(android.animation.Animator[])>",
						"<android.animation.AnimatorSet$Builder: android.animation.AnimatorSet$Builder 'with'(android.animation.Animator)>",
						"<android.animation.AnimatorSet: android.animation.AnimatorSet$Node access$500(android.animation.AnimatorSet,android.animation.Animator)>",
						"<android.animation.AnimatorSet: android.animation.AnimatorSet$Node getNodeForAnimation(android.animation.Animator)>",
						"<android.animation.AnimatorSet$Node: void <init>(android.animation.Animator)>",
						"key field: <android.animation.AnimatorSet$Node: java.util.ArrayList mChildNodes>",
						"<android.animation.AnimatorSet$Node: android.animation.AnimatorSet$Node clone()>"
					],
					"depth":5,
					"method":"<android.animation.AnimatorSet: void playTogether(android.animation.Animator[])>",
					"source":"FIELDCALLER"
				},
				{
					"trace":[
						"<android.animation.AnimatorSet$Builder: android.animation.AnimatorSet$Builder after(long)>",
						"<android.animation.AnimatorSet$Builder: android.animation.AnimatorSet$Builder after(android.animation.Animator)>",
						"<android.animation.AnimatorSet: android.animation.AnimatorSet$Node access$500(android.animation.AnimatorSet,android.animation.Animator)>",
						"<android.animation.AnimatorSet: android.animation.AnimatorSet$Node getNodeForAnimation(android.animation.Animator)>",
						"<android.animation.AnimatorSet$Node: void <init>(android.animation.Animator)>",
						"key field: <android.animation.AnimatorSet$Node: java.util.ArrayList mChildNodes>",
						"<android.animation.AnimatorSet$Node: android.animation.AnimatorSet$Node clone()>"
					],
					"depth":5,
					"method":"<android.animation.AnimatorSet$Builder: android.animation.AnimatorSet$Builder after(long)>",
					"source":"FIELDCALLER"
				},
				{
					"trace":[
						"<android.animation.AnimatorSet: void playSequentially(android.animation.Animator[])>",
						"<android.animation.AnimatorSet$Builder: android.animation.AnimatorSet$Builder before(android.animation.Animator)>",
						"<android.animation.AnimatorSet: android.animation.AnimatorSet$Node access$500(android.animation.AnimatorSet,android.animation.Animator)>",
						"<android.animation.AnimatorSet: android.animation.AnimatorSet$Node getNodeForAnimation(android.animation.Animator)>",
						"<android.animation.AnimatorSet$Node: void <init>(android.animation.Animator)>",
						"key field: <android.animation.AnimatorSet$Node: java.util.ArrayList mChildNodes>",
						"<android.animation.AnimatorSet$Node: android.animation.AnimatorSet$Node clone()>"
					],
					"depth":5,
					"method":"<android.animation.AnimatorSet: void playSequentially(android.animation.Animator[])>",
					"source":"FIELDCALLER"
				},
				{
					"trace":[
						"<android.animation.AnimatorSet: void playSequentially(java.util.List)>",
						"<android.animation.AnimatorSet$Builder: android.animation.AnimatorSet$Builder before(android.animation.Animator)>",
						"<android.animation.AnimatorSet: android.animation.AnimatorSet$Node access$500(android.animation.AnimatorSet,android.animation.Animator)>",
						"<android.animation.AnimatorSet: android.animation.AnimatorSet$Node getNodeForAnimation(android.animation.Animator)>",
						"<android.animation.AnimatorSet$Node: void <init>(android.animation.Animator)>",
						"key field: <android.animation.AnimatorSet$Node: java.util.ArrayList mChildNodes>",
						"<android.animation.AnimatorSet$Node: android.animation.AnimatorSet$Node clone()>"
					],
					"depth":5,
					"method":"<android.animation.AnimatorSet: void playSequentially(java.util.List)>",
					"source":"FIELDCALLER"
				},
				{
					"trace":[
						"<android.animation.AnimatorSet: android.animation.AnimatorSet$Builder play(android.animation.Animator)>",
						"<android.animation.AnimatorSet$Builder: void <init>(android.animation.AnimatorSet,android.animation.Animator)>",
						"<android.animation.AnimatorSet: android.animation.AnimatorSet$Node access$500(android.animation.AnimatorSet,android.animation.Animator)>",
						"<android.animation.AnimatorSet: android.animation.AnimatorSet$Node getNodeForAnimation(android.animation.Animator)>",
						"<android.animation.AnimatorSet$Node: void <init>(android.animation.Animator)>",
						"key field: <android.animation.AnimatorSet$Node: java.util.ArrayList mChildNodes>",
						"<android.animation.AnimatorSet$Node: android.animation.AnimatorSet$Node clone()>"
					],
					"depth":5,
					"method":"<android.animation.AnimatorSet: android.animation.AnimatorSet$Builder play(android.animation.Animator)>",
					"source":"FIELDCALLER"
				},
				{
					"trace":[
						"<android.util.SparseLongArray: android.util.SparseLongArray clone()>",
						"<android.util.LongSparseLongArray: java.lang.Object clone()>",
						"<android.util.LongSparseLongArray: android.util.LongSparseLongArray clone()>",
						"<android.animation.AnimatorSet$Node: java.lang.Object clone()>",
						"<android.animation.AnimatorSet$Node: android.animation.AnimatorSet$Node clone()>",
						"key field: <android.animation.AnimatorSet$Node: java.util.ArrayList mChildNodes>",
						"<android.animation.AnimatorSet$Node: android.animation.AnimatorSet$Node clone()>"
					],
					"depth":5,
					"method":"<android.util.SparseLongArray: android.util.SparseLongArray clone()>",
					"source":"FIELDCALLER"
				},
				{
					"trace":[
						"<android.content.res.ConstantState: java.lang.Object newInstance()>",
						"<android.animation.Animator$AnimatorConstantState: android.animation.Animator newInstance()>",
						"<android.animation.AnimatorSet: android.animation.Animator clone()>",
						"<android.animation.AnimatorSet: android.animation.AnimatorSet clone()>",
						"<android.animation.AnimatorSet$Node: android.animation.AnimatorSet$Node clone()>",
						"key field: <android.animation.AnimatorSet$Node: java.util.ArrayList mChildNodes>",
						"<android.animation.AnimatorSet$Node: android.animation.AnimatorSet$Node clone()>"
					],
					"depth":5,
					"method":"<android.content.res.ConstantState: java.lang.Object newInstance()>",
					"source":"FIELDCALLER"
				},
				{
					"trace":[
						"<android.animation.Animator$AnimatorConstantState: java.lang.Object newInstance()>",
						"<android.animation.Animator$AnimatorConstantState: android.animation.Animator newInstance()>",
						"<android.animation.AnimatorSet: android.animation.Animator clone()>",
						"<android.animation.AnimatorSet: android.animation.AnimatorSet clone()>",
						"<android.animation.AnimatorSet$Node: android.animation.AnimatorSet$Node clone()>",
						"key field: <android.animation.AnimatorSet$Node: java.util.ArrayList mChildNodes>",
						"<android.animation.AnimatorSet$Node: android.animation.AnimatorSet$Node clone()>"
					],
					"depth":5,
					"method":"<android.animation.Animator$AnimatorConstantState: java.lang.Object newInstance()>",
					"source":"FIELDCALLER"
				},
				{
					"trace":[
						"<android.animation.StateListAnimator: java.lang.Object clone()>",
						"<android.animation.StateListAnimator: android.animation.StateListAnimator clone()>",
						"<android.animation.AnimatorSet: android.animation.Animator clone()>",
						"<android.animation.AnimatorSet: android.animation.AnimatorSet clone()>",
						"<android.animation.AnimatorSet$Node: android.animation.AnimatorSet$Node clone()>",
						"key field: <android.animation.AnimatorSet$Node: java.util.ArrayList mChildNodes>",
						"<android.animation.AnimatorSet$Node: android.animation.AnimatorSet$Node clone()>"
					],
					"depth":5,
					"method":"<android.animation.StateListAnimator: java.lang.Object clone()>",
					"source":"FIELDCALLER"
				},
				{
					"trace":[
						"<android.animation.StateListAnimator$StateListAnimatorConstantState: android.animation.StateListAnimator newInstance()>",
						"<android.animation.StateListAnimator: android.animation.StateListAnimator clone()>",
						"<android.animation.AnimatorSet: android.animation.Animator clone()>",
						"<android.animation.AnimatorSet: android.animation.AnimatorSet clone()>",
						"<android.animation.AnimatorSet$Node: android.animation.AnimatorSet$Node clone()>",
						"key field: <android.animation.AnimatorSet$Node: java.util.ArrayList mChildNodes>",
						"<android.animation.AnimatorSet$Node: android.animation.AnimatorSet$Node clone()>"
					],
					"depth":5,
					"method":"<android.animation.StateListAnimator$StateListAnimatorConstantState: android.animation.StateListAnimator newInstance()>",
					"source":"FIELDCALLER"
				},
				{
					"trace":[
						"<android.animation.AnimatorSet: void setCurrentPlayTime(long)>",
						"<android.animation.AnimatorSet: void initAnimation()>",
						"<android.animation.AnimatorSet: void createDependencyGraph()>",
						"<android.animation.AnimatorSet$Node: void addParent(android.animation.AnimatorSet$Node)>",
						"<android.animation.AnimatorSet$Node: void addChild(android.animation.AnimatorSet$Node)>",
						"key field: <android.animation.AnimatorSet$Node: java.util.ArrayList mChildNodes>",
						"<android.animation.AnimatorSet$Node: android.animation.AnimatorSet$Node clone()>"
					],
					"depth":5,
					"method":"<android.animation.AnimatorSet: void setCurrentPlayTime(long)>",
					"source":"FIELDCALLER"
				},
				{
					"trace":[
						"<android.animation.AnimatorSet: boolean canReverse()>",
						"<android.animation.AnimatorSet: long getTotalDuration()>",
						"<android.animation.AnimatorSet: void createDependencyGraph()>",
						"<android.animation.AnimatorSet$Node: void addParent(android.animation.AnimatorSet$Node)>",
						"<android.animation.AnimatorSet$Node: void addChild(android.animation.AnimatorSet$Node)>",
						"key field: <android.animation.AnimatorSet$Node: java.util.ArrayList mChildNodes>",
						"<android.animation.AnimatorSet$Node: android.animation.AnimatorSet$Node clone()>"
					],
					"depth":5,
					"method":"<android.animation.AnimatorSet: boolean canReverse()>",
					"source":"FIELDCALLER"
				},
				{
					"trace":[
						"<android.animation.AnimatorInflater: android.animation.Animator loadAnimator(android.content.res.Resources,android.content.res.Resources$Theme,int)>",
						"<android.animation.AnimatorInflater: android.animation.Animator loadAnimator(android.content.res.Resources,android.content.res.Resources$Theme,int,float)>",
						"<android.animation.AnimatorInflater: android.animation.Animator createAnimatorFromXml(android.content.res.Resources,android.content.res.Resources$Theme,org.xmlpull.v1.XmlPullParser,float)>",
						"<android.animation.AnimatorInflater: android.animation.Animator createAnimatorFromXml(android.content.res.Resources,android.content.res.Resources$Theme,org.xmlpull.v1.XmlPullParser,android.util.AttributeSet,android.animation.AnimatorSet,int,float)>",
						"<android.animation.AnimatorSet: void <init>()>",
						"<android.animation.AnimatorSet$Node: void <init>(android.animation.Animator)>",
						"key field: <android.animation.AnimatorSet$Node: java.util.ArrayList mChildNodes>",
						"<android.animation.AnimatorSet$Node: android.animation.AnimatorSet$Node clone()>"
					],
					"depth":6,
					"method":"<android.animation.AnimatorInflater: android.animation.Animator loadAnimator(android.content.res.Resources,android.content.res.Resources$Theme,int)>",
					"source":"FIELDCALLER"
				},
				{
					"trace":[
						"<android.animation.AnimatorInflater: android.animation.StateListAnimator loadStateListAnimator(android.content.Context,int)>",
						"<android.animation.AnimatorInflater: android.animation.StateListAnimator createStateListAnimatorFromXml(android.content.Context,org.xmlpull.v1.XmlPullParser,android.util.AttributeSet)>",
						"<android.animation.AnimatorInflater: android.animation.Animator createAnimatorFromXml(android.content.res.Resources,android.content.res.Resources$Theme,org.xmlpull.v1.XmlPullParser,float)>",
						"<android.animation.AnimatorInflater: android.animation.Animator createAnimatorFromXml(android.content.res.Resources,android.content.res.Resources$Theme,org.xmlpull.v1.XmlPullParser,android.util.AttributeSet,android.animation.AnimatorSet,int,float)>",
						"<android.animation.AnimatorSet: void <init>()>",
						"<android.animation.AnimatorSet$Node: void <init>(android.animation.Animator)>",
						"key field: <android.animation.AnimatorSet$Node: java.util.ArrayList mChildNodes>",
						"<android.animation.AnimatorSet$Node: android.animation.AnimatorSet$Node clone()>"
					],
					"depth":6,
					"method":"<android.animation.AnimatorInflater: android.animation.StateListAnimator loadStateListAnimator(android.content.Context,int)>",
					"source":"FIELDCALLER"
				},
				{
					"trace":[
						"<android.util.SparseLongArray: java.lang.Object clone()>",
						"<android.util.SparseLongArray: android.util.SparseLongArray clone()>",
						"<android.util.LongSparseLongArray: java.lang.Object clone()>",
						"<android.util.LongSparseLongArray: android.util.LongSparseLongArray clone()>",
						"<android.animation.AnimatorSet$Node: java.lang.Object clone()>",
						"<android.animation.AnimatorSet$Node: android.animation.AnimatorSet$Node clone()>",
						"key field: <android.animation.AnimatorSet$Node: java.util.ArrayList mChildNodes>",
						"<android.animation.AnimatorSet$Node: android.animation.AnimatorSet$Node clone()>"
					],
					"depth":6,
					"method":"<android.util.SparseLongArray: java.lang.Object clone()>",
					"source":"FIELDCALLER"
				},
				{
					"trace":[
						"<android.animation.LayoutTransition: void showChild(android.view.ViewGroup,android.view.View,int)>",
						"<android.animation.LayoutTransition: void addChild(android.view.ViewGroup,android.view.View,boolean)>",
						"<android.animation.LayoutTransition: void runAppearingTransition(android.view.ViewGroup,android.view.View)>",
						"<android.animation.AnimatorSet: android.animation.Animator clone()>",
						"<android.animation.AnimatorSet: android.animation.AnimatorSet clone()>",
						"<android.animation.AnimatorSet$Node: android.animation.AnimatorSet$Node clone()>",
						"key field: <android.animation.AnimatorSet$Node: java.util.ArrayList mChildNodes>",
						"<android.animation.AnimatorSet$Node: android.animation.AnimatorSet$Node clone()>"
					],
					"depth":6,
					"method":"<android.animation.LayoutTransition: void showChild(android.view.ViewGroup,android.view.View,int)>",
					"source":"FIELDCALLER"
				},
				{
					"trace":[
						"<android.animation.LayoutTransition: void showChild(android.view.ViewGroup,android.view.View)>",
						"<android.animation.LayoutTransition: void addChild(android.view.ViewGroup,android.view.View,boolean)>",
						"<android.animation.LayoutTransition: void runAppearingTransition(android.view.ViewGroup,android.view.View)>",
						"<android.animation.AnimatorSet: android.animation.Animator clone()>",
						"<android.animation.AnimatorSet: android.animation.AnimatorSet clone()>",
						"<android.animation.AnimatorSet$Node: android.animation.AnimatorSet$Node clone()>",
						"key field: <android.animation.AnimatorSet$Node: java.util.ArrayList mChildNodes>",
						"<android.animation.AnimatorSet$Node: android.animation.AnimatorSet$Node clone()>"
					],
					"depth":6,
					"method":"<android.animation.LayoutTransition: void showChild(android.view.ViewGroup,android.view.View)>",
					"source":"FIELDCALLER"
				},
				{
					"trace":[
						"<android.animation.LayoutTransition: void addChild(android.view.ViewGroup,android.view.View)>",
						"<android.animation.LayoutTransition: void addChild(android.view.ViewGroup,android.view.View,boolean)>",
						"<android.animation.LayoutTransition: void runAppearingTransition(android.view.ViewGroup,android.view.View)>",
						"<android.animation.AnimatorSet: android.animation.Animator clone()>",
						"<android.animation.AnimatorSet: android.animation.AnimatorSet clone()>",
						"<android.animation.AnimatorSet$Node: android.animation.AnimatorSet$Node clone()>",
						"key field: <android.animation.AnimatorSet$Node: java.util.ArrayList mChildNodes>",
						"<android.animation.AnimatorSet$Node: android.animation.AnimatorSet$Node clone()>"
					],
					"depth":6,
					"method":"<android.animation.LayoutTransition: void addChild(android.view.ViewGroup,android.view.View)>",
					"source":"FIELDCALLER"
				},
				{
					"trace":[
						"<android.animation.LayoutTransition: void layoutChange(android.view.ViewGroup)>",
						"<android.animation.LayoutTransition: void runChangeTransition(android.view.ViewGroup,android.view.View,int)>",
						"<android.animation.LayoutTransition: void setupChangeAnimation(android.view.ViewGroup,int,android.animation.Animator,long,android.view.View)>",
						"<android.animation.AnimatorSet: android.animation.Animator clone()>",
						"<android.animation.AnimatorSet: android.animation.AnimatorSet clone()>",
						"<android.animation.AnimatorSet$Node: android.animation.AnimatorSet$Node clone()>",
						"key field: <android.animation.AnimatorSet$Node: java.util.ArrayList mChildNodes>",
						"<android.animation.AnimatorSet$Node: android.animation.AnimatorSet$Node clone()>"
					],
					"depth":6,
					"method":"<android.animation.LayoutTransition: void layoutChange(android.view.ViewGroup)>",
					"source":"FIELDCALLER"
				},
				{
					"trace":[
						"<android.content.res.ConstantState: java.lang.Object newInstance(android.content.res.Resources)>",
						"<android.animation.Animator$AnimatorConstantState: java.lang.Object newInstance()>",
						"<android.animation.Animator$AnimatorConstantState: android.animation.Animator newInstance()>",
						"<android.animation.AnimatorSet: android.animation.Animator clone()>",
						"<android.animation.AnimatorSet: android.animation.AnimatorSet clone()>",
						"<android.animation.AnimatorSet$Node: android.animation.AnimatorSet$Node clone()>",
						"key field: <android.animation.AnimatorSet$Node: java.util.ArrayList mChildNodes>",
						"<android.animation.AnimatorSet$Node: android.animation.AnimatorSet$Node clone()>"
					],
					"depth":6,
					"method":"<android.content.res.ConstantState: java.lang.Object newInstance(android.content.res.Resources)>",
					"source":"FIELDCALLER"
				},
				{
					"trace":[
						"<android.animation.StateListAnimator$StateListAnimatorConstantState: java.lang.Object newInstance()>",
						"<android.animation.StateListAnimator$StateListAnimatorConstantState: android.animation.StateListAnimator newInstance()>",
						"<android.animation.StateListAnimator: android.animation.StateListAnimator clone()>",
						"<android.animation.AnimatorSet: android.animation.Animator clone()>",
						"<android.animation.AnimatorSet: android.animation.AnimatorSet clone()>",
						"<android.animation.AnimatorSet$Node: android.animation.AnimatorSet$Node clone()>",
						"key field: <android.animation.AnimatorSet$Node: java.util.ArrayList mChildNodes>",
						"<android.animation.AnimatorSet$Node: android.animation.AnimatorSet$Node clone()>"
					],
					"depth":6,
					"method":"<android.animation.StateListAnimator$StateListAnimatorConstantState: java.lang.Object newInstance()>",
					"source":"FIELDCALLER"
				},
				{
					"trace":[
						"<android.animation.AnimatorSet: void reverse()>",
						"<android.animation.AnimatorSet: void start(boolean,boolean)>",
						"<android.animation.AnimatorSet: void initAnimation()>",
						"<android.animation.AnimatorSet: void createDependencyGraph()>",
						"<android.animation.AnimatorSet$Node: void addParent(android.animation.AnimatorSet$Node)>",
						"<android.animation.AnimatorSet$Node: void addChild(android.animation.AnimatorSet$Node)>",
						"key field: <android.animation.AnimatorSet$Node: java.util.ArrayList mChildNodes>",
						"<android.animation.AnimatorSet$Node: android.animation.AnimatorSet$Node clone()>"
					],
					"depth":6,
					"method":"<android.animation.AnimatorSet: void reverse()>",
					"source":"FIELDCALLER"
				},
				{
					"trace":[
						"<android.animation.AnimatorSet: void start()>",
						"<android.animation.AnimatorSet: void start(boolean,boolean)>",
						"<android.animation.AnimatorSet: void initAnimation()>",
						"<android.animation.AnimatorSet: void createDependencyGraph()>",
						"<android.animation.AnimatorSet$Node: void addParent(android.animation.AnimatorSet$Node)>",
						"<android.animation.AnimatorSet$Node: void addChild(android.animation.AnimatorSet$Node)>",
						"key field: <android.animation.AnimatorSet$Node: java.util.ArrayList mChildNodes>",
						"<android.animation.AnimatorSet$Node: android.animation.AnimatorSet$Node clone()>"
					],
					"depth":6,
					"method":"<android.animation.AnimatorSet: void start()>",
					"source":"FIELDCALLER"
				},
				{
					"trace":[
						"<android.graphics.drawable.AnimatedVectorDrawable$VectorDrawableAnimatorUI: boolean canReverse()>",
						"<android.animation.AnimatorSet: boolean canReverse()>",
						"<android.animation.AnimatorSet: long getTotalDuration()>",
						"<android.animation.AnimatorSet: void createDependencyGraph()>",
						"<android.animation.AnimatorSet$Node: void addParent(android.animation.AnimatorSet$Node)>",
						"<android.animation.AnimatorSet$Node: void addChild(android.animation.AnimatorSet$Node)>",
						"key field: <android.animation.AnimatorSet$Node: java.util.ArrayList mChildNodes>",
						"<android.animation.AnimatorSet$Node: android.animation.AnimatorSet$Node clone()>"
					],
					"depth":6,
					"method":"<android.graphics.drawable.AnimatedVectorDrawable$VectorDrawableAnimatorUI: boolean canReverse()>",
					"source":"FIELDCALLER"
				},
				{
					"trace":[
						"<android.graphics.drawable.AnimatedVectorDrawable$VectorDrawableAnimator: boolean canReverse()>",
						"<android.animation.AnimatorSet: boolean canReverse()>",
						"<android.animation.AnimatorSet: long getTotalDuration()>",
						"<android.animation.AnimatorSet: void createDependencyGraph()>",
						"<android.animation.AnimatorSet$Node: void addParent(android.animation.AnimatorSet$Node)>",
						"<android.animation.AnimatorSet$Node: void addChild(android.animation.AnimatorSet$Node)>",
						"key field: <android.animation.AnimatorSet$Node: java.util.ArrayList mChildNodes>",
						"<android.animation.AnimatorSet$Node: android.animation.AnimatorSet$Node clone()>"
					],
					"depth":6,
					"method":"<android.graphics.drawable.AnimatedVectorDrawable$VectorDrawableAnimator: boolean canReverse()>",
					"source":"FIELDCALLER"
				},
				{
					"trace":[
						"<android.animation.AnimatorInflater: android.animation.Animator loadAnimator(android.content.Context,int)>",
						"<android.animation.AnimatorInflater: android.animation.Animator loadAnimator(android.content.res.Resources,android.content.res.Resources$Theme,int)>",
						"<android.animation.AnimatorInflater: android.animation.Animator loadAnimator(android.content.res.Resources,android.content.res.Resources$Theme,int,float)>",
						"<android.animation.AnimatorInflater: android.animation.Animator createAnimatorFromXml(android.content.res.Resources,android.content.res.Resources$Theme,org.xmlpull.v1.XmlPullParser,float)>",
						"<android.animation.AnimatorInflater: android.animation.Animator createAnimatorFromXml(android.content.res.Resources,android.content.res.Resources$Theme,org.xmlpull.v1.XmlPullParser,android.util.AttributeSet,android.animation.AnimatorSet,int,float)>",
						"<android.animation.AnimatorSet: void <init>()>",
						"<android.animation.AnimatorSet$Node: void <init>(android.animation.Animator)>",
						"key field: <android.animation.AnimatorSet$Node: java.util.ArrayList mChildNodes>",
						"<android.animation.AnimatorSet$Node: android.animation.AnimatorSet$Node clone()>"
					],
					"depth":7,
					"method":"<android.animation.AnimatorInflater: android.animation.Animator loadAnimator(android.content.Context,int)>",
					"source":"FIELDCALLER"
				},
				{
					"trace":[
						"<android.util.LongArray: android.util.LongArray clone()>",
						"<android.util.SparseLongArray: java.lang.Object clone()>",
						"<android.util.SparseLongArray: android.util.SparseLongArray clone()>",
						"<android.util.LongSparseLongArray: java.lang.Object clone()>",
						"<android.util.LongSparseLongArray: android.util.LongSparseLongArray clone()>",
						"<android.animation.AnimatorSet$Node: java.lang.Object clone()>",
						"<android.animation.AnimatorSet$Node: android.animation.AnimatorSet$Node clone()>",
						"key field: <android.animation.AnimatorSet$Node: java.util.ArrayList mChildNodes>",
						"<android.animation.AnimatorSet$Node: android.animation.AnimatorSet$Node clone()>"
					],
					"depth":7,
					"method":"<android.util.LongArray: android.util.LongArray clone()>",
					"source":"FIELDCALLER"
				},
				{
					"trace":[
						"<android.util.SparseBooleanArray: android.util.SparseBooleanArray clone()>",
						"<android.util.SparseLongArray: java.lang.Object clone()>",
						"<android.util.SparseLongArray: android.util.SparseLongArray clone()>",
						"<android.util.LongSparseLongArray: java.lang.Object clone()>",
						"<android.util.LongSparseLongArray: android.util.LongSparseLongArray clone()>",
						"<android.animation.AnimatorSet$Node: java.lang.Object clone()>",
						"<android.animation.AnimatorSet$Node: android.animation.AnimatorSet$Node clone()>",
						"key field: <android.animation.AnimatorSet$Node: java.util.ArrayList mChildNodes>",
						"<android.animation.AnimatorSet$Node: android.animation.AnimatorSet$Node clone()>"
					],
					"depth":7,
					"method":"<android.util.SparseBooleanArray: android.util.SparseBooleanArray clone()>",
					"source":"FIELDCALLER"
				},
				{
					"trace":[
						"<android.util.SparseIntArray: android.util.SparseIntArray clone()>",
						"<android.util.SparseLongArray: java.lang.Object clone()>",
						"<android.util.SparseLongArray: android.util.SparseLongArray clone()>",
						"<android.util.LongSparseLongArray: java.lang.Object clone()>",
						"<android.util.LongSparseLongArray: android.util.LongSparseLongArray clone()>",
						"<android.animation.AnimatorSet$Node: java.lang.Object clone()>",
						"<android.animation.AnimatorSet$Node: android.animation.AnimatorSet$Node clone()>",
						"key field: <android.animation.AnimatorSet$Node: java.util.ArrayList mChildNodes>",
						"<android.animation.AnimatorSet$Node: android.animation.AnimatorSet$Node clone()>"
					],
					"depth":7,
					"method":"<android.util.SparseIntArray: android.util.SparseIntArray clone()>",
					"source":"FIELDCALLER"
				},
				{
					"trace":[
						"<com.android.framework.protobuf.nano.FieldData: com.android.framework.protobuf.nano.FieldData clone()>",
						"<android.util.SparseLongArray: java.lang.Object clone()>",
						"<android.util.SparseLongArray: android.util.SparseLongArray clone()>",
						"<android.util.LongSparseLongArray: java.lang.Object clone()>",
						"<android.util.LongSparseLongArray: android.util.LongSparseLongArray clone()>",
						"<android.animation.AnimatorSet$Node: java.lang.Object clone()>",
						"<android.animation.AnimatorSet$Node: android.animation.AnimatorSet$Node clone()>",
						"key field: <android.animation.AnimatorSet$Node: java.util.ArrayList mChildNodes>",
						"<android.animation.AnimatorSet$Node: android.animation.AnimatorSet$Node clone()>"
					],
					"depth":7,
					"method":"<com.android.framework.protobuf.nano.FieldData: com.android.framework.protobuf.nano.FieldData clone()>",
					"source":"FIELDCALLER"
				},
				{
					"trace":[
						"<android.util.IntArray: android.util.IntArray clone()>",
						"<android.util.SparseLongArray: java.lang.Object clone()>",
						"<android.util.SparseLongArray: android.util.SparseLongArray clone()>",
						"<android.util.LongSparseLongArray: java.lang.Object clone()>",
						"<android.util.LongSparseLongArray: android.util.LongSparseLongArray clone()>",
						"<android.animation.AnimatorSet$Node: java.lang.Object clone()>",
						"<android.animation.AnimatorSet$Node: android.animation.AnimatorSet$Node clone()>",
						"key field: <android.animation.AnimatorSet$Node: java.util.ArrayList mChildNodes>",
						"<android.animation.AnimatorSet$Node: android.animation.AnimatorSet$Node clone()>"
					],
					"depth":7,
					"method":"<android.util.IntArray: android.util.IntArray clone()>",
					"source":"FIELDCALLER"
				},
				{
					"trace":[
						"<android.util.LongSparseArray: android.util.LongSparseArray clone()>",
						"<android.util.SparseLongArray: java.lang.Object clone()>",
						"<android.util.SparseLongArray: android.util.SparseLongArray clone()>",
						"<android.util.LongSparseLongArray: java.lang.Object clone()>",
						"<android.util.LongSparseLongArray: android.util.LongSparseLongArray clone()>",
						"<android.animation.AnimatorSet$Node: java.lang.Object clone()>",
						"<android.animation.AnimatorSet$Node: android.animation.AnimatorSet$Node clone()>",
						"key field: <android.animation.AnimatorSet$Node: java.util.ArrayList mChildNodes>",
						"<android.animation.AnimatorSet$Node: android.animation.AnimatorSet$Node clone()>"
					],
					"depth":7,
					"method":"<android.util.LongSparseArray: android.util.LongSparseArray clone()>",
					"source":"FIELDCALLER"
				},
				{
					"trace":[
						"<android.graphics.drawable.shapes.RoundRectShape: android.graphics.drawable.shapes.RoundRectShape clone()>",
						"<android.util.SparseLongArray: java.lang.Object clone()>",
						"<android.util.SparseLongArray: android.util.SparseLongArray clone()>",
						"<android.util.LongSparseLongArray: java.lang.Object clone()>",
						"<android.util.LongSparseLongArray: android.util.LongSparseLongArray clone()>",
						"<android.animation.AnimatorSet$Node: java.lang.Object clone()>",
						"<android.animation.AnimatorSet$Node: android.animation.AnimatorSet$Node clone()>",
						"key field: <android.animation.AnimatorSet$Node: java.util.ArrayList mChildNodes>",
						"<android.animation.AnimatorSet$Node: android.animation.AnimatorSet$Node clone()>"
					],
					"depth":7,
					"method":"<android.graphics.drawable.shapes.RoundRectShape: android.graphics.drawable.shapes.RoundRectShape clone()>",
					"source":"FIELDCALLER"
				},
				{
					"trace":[
						"<android.util.SparseArray: android.util.SparseArray clone()>",
						"<android.util.SparseLongArray: java.lang.Object clone()>",
						"<android.util.SparseLongArray: android.util.SparseLongArray clone()>",
						"<android.util.LongSparseLongArray: java.lang.Object clone()>",
						"<android.util.LongSparseLongArray: android.util.LongSparseLongArray clone()>",
						"<android.animation.AnimatorSet$Node: java.lang.Object clone()>",
						"<android.animation.AnimatorSet$Node: android.animation.AnimatorSet$Node clone()>",
						"key field: <android.animation.AnimatorSet$Node: java.util.ArrayList mChildNodes>",
						"<android.animation.AnimatorSet$Node: android.animation.AnimatorSet$Node clone()>"
					],
					"depth":7,
					"method":"<android.util.SparseArray: android.util.SparseArray clone()>",
					"source":"FIELDCALLER"
				},
				{
					"trace":[
						"<android.animation.LayoutTransition: void removeChild(android.view.ViewGroup,android.view.View)>",
						"<android.animation.LayoutTransition: void removeChild(android.view.ViewGroup,android.view.View,boolean)>",
						"<android.animation.LayoutTransition: void runChangeTransition(android.view.ViewGroup,android.view.View,int)>",
						"<android.animation.LayoutTransition: void setupChangeAnimation(android.view.ViewGroup,int,android.animation.Animator,long,android.view.View)>",
						"<android.animation.AnimatorSet: android.animation.Animator clone()>",
						"<android.animation.AnimatorSet: android.animation.AnimatorSet clone()>",
						"<android.animation.AnimatorSet$Node: android.animation.AnimatorSet$Node clone()>",
						"key field: <android.animation.AnimatorSet$Node: java.util.ArrayList mChildNodes>",
						"<android.animation.AnimatorSet$Node: android.animation.AnimatorSet$Node clone()>"
					],
					"depth":7,
					"method":"<android.animation.LayoutTransition: void removeChild(android.view.ViewGroup,android.view.View)>",
					"source":"FIELDCALLER"
				},
				{
					"trace":[
						"<android.animation.LayoutTransition: void hideChild(android.view.ViewGroup,android.view.View)>",
						"<android.animation.LayoutTransition: void removeChild(android.view.ViewGroup,android.view.View,boolean)>",
						"<android.animation.LayoutTransition: void runChangeTransition(android.view.ViewGroup,android.view.View,int)>",
						"<android.animation.LayoutTransition: void setupChangeAnimation(android.view.ViewGroup,int,android.animation.Animator,long,android.view.View)>",
						"<android.animation.AnimatorSet: android.animation.Animator clone()>",
						"<android.animation.AnimatorSet: android.animation.AnimatorSet clone()>",
						"<android.animation.AnimatorSet$Node: android.animation.AnimatorSet$Node clone()>",
						"key field: <android.animation.AnimatorSet$Node: java.util.ArrayList mChildNodes>",
						"<android.animation.AnimatorSet$Node: android.animation.AnimatorSet$Node clone()>"
					],
					"depth":7,
					"method":"<android.animation.LayoutTransition: void hideChild(android.view.ViewGroup,android.view.View)>",
					"source":"FIELDCALLER"
				},
				{
					"trace":[
						"<android.animation.LayoutTransition: void hideChild(android.view.ViewGroup,android.view.View,int)>",
						"<android.animation.LayoutTransition: void removeChild(android.view.ViewGroup,android.view.View,boolean)>",
						"<android.animation.LayoutTransition: void runChangeTransition(android.view.ViewGroup,android.view.View,int)>",
						"<android.animation.LayoutTransition: void setupChangeAnimation(android.view.ViewGroup,int,android.animation.Animator,long,android.view.View)>",
						"<android.animation.AnimatorSet: android.animation.Animator clone()>",
						"<android.animation.AnimatorSet: android.animation.AnimatorSet clone()>",
						"<android.animation.AnimatorSet$Node: android.animation.AnimatorSet$Node clone()>",
						"key field: <android.animation.AnimatorSet$Node: java.util.ArrayList mChildNodes>",
						"<android.animation.AnimatorSet$Node: android.animation.AnimatorSet$Node clone()>"
					],
					"depth":7,
					"method":"<android.animation.LayoutTransition: void hideChild(android.view.ViewGroup,android.view.View,int)>",
					"source":"FIELDCALLER"
				},
				{
					"trace":[
						"<android.content.res.ConstantState: java.lang.Object newInstance(android.content.res.Resources,android.content.res.Resources$Theme)>",
						"<android.content.res.ConstantState: java.lang.Object newInstance(android.content.res.Resources)>",
						"<android.animation.Animator$AnimatorConstantState: java.lang.Object newInstance()>",
						"<android.animation.Animator$AnimatorConstantState: android.animation.Animator newInstance()>",
						"<android.animation.AnimatorSet: android.animation.Animator clone()>",
						"<android.animation.AnimatorSet: android.animation.AnimatorSet clone()>",
						"<android.animation.AnimatorSet$Node: android.animation.AnimatorSet$Node clone()>",
						"key field: <android.animation.AnimatorSet$Node: java.util.ArrayList mChildNodes>",
						"<android.animation.AnimatorSet$Node: android.animation.AnimatorSet$Node clone()>"
					],
					"depth":7,
					"method":"<android.content.res.ConstantState: java.lang.Object newInstance(android.content.res.Resources,android.content.res.Resources$Theme)>",
					"source":"FIELDCALLER"
				},
				{
					"trace":[
						"<android.animation.AnimatorSet: void end()>",
						"<android.animation.AnimatorSet: void reverse()>",
						"<android.animation.AnimatorSet: void start(boolean,boolean)>",
						"<android.animation.AnimatorSet: void initAnimation()>",
						"<android.animation.AnimatorSet: void createDependencyGraph()>",
						"<android.animation.AnimatorSet$Node: void addParent(android.animation.AnimatorSet$Node)>",
						"<android.animation.AnimatorSet$Node: void addChild(android.animation.AnimatorSet$Node)>",
						"key field: <android.animation.AnimatorSet$Node: java.util.ArrayList mChildNodes>",
						"<android.animation.AnimatorSet$Node: android.animation.AnimatorSet$Node clone()>"
					],
					"depth":7,
					"method":"<android.animation.AnimatorSet: void end()>",
					"source":"FIELDCALLER"
				},
				{
					"trace":[
						"<android.graphics.drawable.AnimatedVectorDrawable$VectorDrawableAnimatorUI: void reverse()>",
						"<android.animation.AnimatorSet: void reverse()>",
						"<android.animation.AnimatorSet: void start(boolean,boolean)>",
						"<android.animation.AnimatorSet: void initAnimation()>",
						"<android.animation.AnimatorSet: void createDependencyGraph()>",
						"<android.animation.AnimatorSet$Node: void addParent(android.animation.AnimatorSet$Node)>",
						"<android.animation.AnimatorSet$Node: void addChild(android.animation.AnimatorSet$Node)>",
						"key field: <android.animation.AnimatorSet$Node: java.util.ArrayList mChildNodes>",
						"<android.animation.AnimatorSet$Node: android.animation.AnimatorSet$Node clone()>"
					],
					"depth":7,
					"method":"<android.graphics.drawable.AnimatedVectorDrawable$VectorDrawableAnimatorUI: void reverse()>",
					"source":"FIELDCALLER"
				},
				{
					"trace":[
						"<android.graphics.drawable.AnimatedVectorDrawable$VectorDrawableAnimator: void reverse()>",
						"<android.animation.AnimatorSet: void reverse()>",
						"<android.animation.AnimatorSet: void start(boolean,boolean)>",
						"<android.animation.AnimatorSet: void initAnimation()>",
						"<android.animation.AnimatorSet: void createDependencyGraph()>",
						"<android.animation.AnimatorSet$Node: void addParent(android.animation.AnimatorSet$Node)>",
						"<android.animation.AnimatorSet$Node: void addChild(android.animation.AnimatorSet$Node)>",
						"key field: <android.animation.AnimatorSet$Node: java.util.ArrayList mChildNodes>",
						"<android.animation.AnimatorSet$Node: android.animation.AnimatorSet$Node clone()>"
					],
					"depth":7,
					"method":"<android.graphics.drawable.AnimatedVectorDrawable$VectorDrawableAnimator: void reverse()>",
					"source":"FIELDCALLER"
				},
				{
					"trace":[
						"<android.graphics.drawable.AnimatedVectorDrawable$VectorDrawableAnimatorUI: void start()>",
						"<android.animation.AnimatorSet: void start()>",
						"<android.animation.AnimatorSet: void start(boolean,boolean)>",
						"<android.animation.AnimatorSet: void initAnimation()>",
						"<android.animation.AnimatorSet: void createDependencyGraph()>",
						"<android.animation.AnimatorSet$Node: void addParent(android.animation.AnimatorSet$Node)>",
						"<android.animation.AnimatorSet$Node: void addChild(android.animation.AnimatorSet$Node)>",
						"key field: <android.animation.AnimatorSet$Node: java.util.ArrayList mChildNodes>",
						"<android.animation.AnimatorSet$Node: android.animation.AnimatorSet$Node clone()>"
					],
					"depth":7,
					"method":"<android.graphics.drawable.AnimatedVectorDrawable$VectorDrawableAnimatorUI: void start()>",
					"source":"FIELDCALLER"
				},
				{
					"trace":[
						"<android.graphics.drawable.AnimatedVectorDrawable$VectorDrawableAnimator: void start()>",
						"<android.animation.AnimatorSet: void start()>",
						"<android.animation.AnimatorSet: void start(boolean,boolean)>",
						"<android.animation.AnimatorSet: void initAnimation()>",
						"<android.animation.AnimatorSet: void createDependencyGraph()>",
						"<android.animation.AnimatorSet$Node: void addParent(android.animation.AnimatorSet$Node)>",
						"<android.animation.AnimatorSet$Node: void addChild(android.animation.AnimatorSet$Node)>",
						"key field: <android.animation.AnimatorSet$Node: java.util.ArrayList mChildNodes>",
						"<android.animation.AnimatorSet$Node: android.animation.AnimatorSet$Node clone()>"
					],
					"depth":7,
					"method":"<android.graphics.drawable.AnimatedVectorDrawable$VectorDrawableAnimator: void start()>",
					"source":"FIELDCALLER"
				},
				{
					"trace":[
						"<android.animation.LayoutTransition: void startChangingAnimations()>",
						"<android.animation.AnimatorSet: void start()>",
						"<android.animation.AnimatorSet: void start(boolean,boolean)>",
						"<android.animation.AnimatorSet: void initAnimation()>",
						"<android.animation.AnimatorSet: void createDependencyGraph()>",
						"<android.animation.AnimatorSet$Node: void addParent(android.animation.AnimatorSet$Node)>",
						"<android.animation.AnimatorSet$Node: void addChild(android.animation.AnimatorSet$Node)>",
						"key field: <android.animation.AnimatorSet$Node: java.util.ArrayList mChildNodes>",
						"<android.animation.AnimatorSet$Node: android.animation.AnimatorSet$Node clone()>"
					],
					"depth":7,
					"method":"<android.animation.LayoutTransition: void startChangingAnimations()>",
					"source":"FIELDCALLER"
				},
				{
					"trace":[
						"<android.graphics.drawable.AnimatedVectorDrawable: boolean canReverse()>",
						"<android.graphics.drawable.AnimatedVectorDrawable$VectorDrawableAnimatorUI: boolean canReverse()>",
						"<android.animation.AnimatorSet: boolean canReverse()>",
						"<android.animation.AnimatorSet: long getTotalDuration()>",
						"<android.animation.AnimatorSet: void createDependencyGraph()>",
						"<android.animation.AnimatorSet$Node: void addParent(android.animation.AnimatorSet$Node)>",
						"<android.animation.AnimatorSet$Node: void addChild(android.animation.AnimatorSet$Node)>",
						"key field: <android.animation.AnimatorSet$Node: java.util.ArrayList mChildNodes>",
						"<android.animation.AnimatorSet$Node: android.animation.AnimatorSet$Node clone()>"
					],
					"depth":7,
					"method":"<android.graphics.drawable.AnimatedVectorDrawable: boolean canReverse()>",
					"source":"FIELDCALLER"
				},
				{
					"trace":[
						"<android.util.LongArray: java.lang.Object clone()>",
						"<android.util.LongArray: android.util.LongArray clone()>",
						"<android.util.SparseLongArray: java.lang.Object clone()>",
						"<android.util.SparseLongArray: android.util.SparseLongArray clone()>",
						"<android.util.LongSparseLongArray: java.lang.Object clone()>",
						"<android.util.LongSparseLongArray: android.util.LongSparseLongArray clone()>",
						"<android.animation.AnimatorSet$Node: java.lang.Object clone()>",
						"<android.animation.AnimatorSet$Node: android.animation.AnimatorSet$Node clone()>",
						"key field: <android.animation.AnimatorSet$Node: java.util.ArrayList mChildNodes>",
						"<android.animation.AnimatorSet$Node: android.animation.AnimatorSet$Node clone()>"
					],
					"depth":8,
					"method":"<android.util.LongArray: java.lang.Object clone()>",
					"source":"FIELDCALLER"
				},
				{
					"trace":[
						"<android.util.SparseBooleanArray: java.lang.Object clone()>",
						"<android.util.SparseBooleanArray: android.util.SparseBooleanArray clone()>",
						"<android.util.SparseLongArray: java.lang.Object clone()>",
						"<android.util.SparseLongArray: android.util.SparseLongArray clone()>",
						"<android.util.LongSparseLongArray: java.lang.Object clone()>",
						"<android.util.LongSparseLongArray: android.util.LongSparseLongArray clone()>",
						"<android.animation.AnimatorSet$Node: java.lang.Object clone()>",
						"<android.animation.AnimatorSet$Node: android.animation.AnimatorSet$Node clone()>",
						"key field: <android.animation.AnimatorSet$Node: java.util.ArrayList mChildNodes>",
						"<android.animation.AnimatorSet$Node: android.animation.AnimatorSet$Node clone()>"
					],
					"depth":8,
					"method":"<android.util.SparseBooleanArray: java.lang.Object clone()>",
					"source":"FIELDCALLER"
				},
				{
					"trace":[
						"<android.util.SparseIntArray: java.lang.Object clone()>",
						"<android.util.SparseIntArray: android.util.SparseIntArray clone()>",
						"<android.util.SparseLongArray: java.lang.Object clone()>",
						"<android.util.SparseLongArray: android.util.SparseLongArray clone()>",
						"<android.util.LongSparseLongArray: java.lang.Object clone()>",
						"<android.util.LongSparseLongArray: android.util.LongSparseLongArray clone()>",
						"<android.animation.AnimatorSet$Node: java.lang.Object clone()>",
						"<android.animation.AnimatorSet$Node: android.animation.AnimatorSet$Node clone()>",
						"key field: <android.animation.AnimatorSet$Node: java.util.ArrayList mChildNodes>",
						"<android.animation.AnimatorSet$Node: android.animation.AnimatorSet$Node clone()>"
					],
					"depth":8,
					"method":"<android.util.SparseIntArray: java.lang.Object clone()>",
					"source":"FIELDCALLER"
				},
				{
					"trace":[
						"<com.android.framework.protobuf.nano.FieldData: java.lang.Object clone()>",
						"<com.android.framework.protobuf.nano.FieldData: com.android.framework.protobuf.nano.FieldData clone()>",
						"<android.util.SparseLongArray: java.lang.Object clone()>",
						"<android.util.SparseLongArray: android.util.SparseLongArray clone()>",
						"<android.util.LongSparseLongArray: java.lang.Object clone()>",
						"<android.util.LongSparseLongArray: android.util.LongSparseLongArray clone()>",
						"<android.animation.AnimatorSet$Node: java.lang.Object clone()>",
						"<android.animation.AnimatorSet$Node: android.animation.AnimatorSet$Node clone()>",
						"key field: <android.animation.AnimatorSet$Node: java.util.ArrayList mChildNodes>",
						"<android.animation.AnimatorSet$Node: android.animation.AnimatorSet$Node clone()>"
					],
					"depth":8,
					"method":"<com.android.framework.protobuf.nano.FieldData: java.lang.Object clone()>",
					"source":"FIELDCALLER"
				},
				{
					"trace":[
						"<com.android.framework.protobuf.nano.FieldArray: com.android.framework.protobuf.nano.FieldArray clone()>",
						"<com.android.framework.protobuf.nano.FieldData: com.android.framework.protobuf.nano.FieldData clone()>",
						"<android.util.SparseLongArray: java.lang.Object clone()>",
						"<android.util.SparseLongArray: android.util.SparseLongArray clone()>",
						"<android.util.LongSparseLongArray: java.lang.Object clone()>",
						"<android.util.LongSparseLongArray: android.util.LongSparseLongArray clone()>",
						"<android.animation.AnimatorSet$Node: java.lang.Object clone()>",
						"<android.animation.AnimatorSet$Node: android.animation.AnimatorSet$Node clone()>",
						"key field: <android.animation.AnimatorSet$Node: java.util.ArrayList mChildNodes>",
						"<android.animation.AnimatorSet$Node: android.animation.AnimatorSet$Node clone()>"
					],
					"depth":8,
					"method":"<com.android.framework.protobuf.nano.FieldArray: com.android.framework.protobuf.nano.FieldArray clone()>",
					"source":"FIELDCALLER"
				},
				{
					"trace":[
						"<android.util.IntArray: java.lang.Object clone()>",
						"<android.util.IntArray: android.util.IntArray clone()>",
						"<android.util.SparseLongArray: java.lang.Object clone()>",
						"<android.util.SparseLongArray: android.util.SparseLongArray clone()>",
						"<android.util.LongSparseLongArray: java.lang.Object clone()>",
						"<android.util.LongSparseLongArray: android.util.LongSparseLongArray clone()>",
						"<android.animation.AnimatorSet$Node: java.lang.Object clone()>",
						"<android.animation.AnimatorSet$Node: android.animation.AnimatorSet$Node clone()>",
						"key field: <android.animation.AnimatorSet$Node: java.util.ArrayList mChildNodes>",
						"<android.animation.AnimatorSet$Node: android.animation.AnimatorSet$Node clone()>"
					],
					"depth":8,
					"method":"<android.util.IntArray: java.lang.Object clone()>",
					"source":"FIELDCALLER"
				},
				{
					"trace":[
						"<android.util.LongSparseArray: java.lang.Object clone()>",
						"<android.util.LongSparseArray: android.util.LongSparseArray clone()>",
						"<android.util.SparseLongArray: java.lang.Object clone()>",
						"<android.util.SparseLongArray: android.util.SparseLongArray clone()>",
						"<android.util.LongSparseLongArray: java.lang.Object clone()>",
						"<android.util.LongSparseLongArray: android.util.LongSparseLongArray clone()>",
						"<android.animation.AnimatorSet$Node: java.lang.Object clone()>",
						"<android.animation.AnimatorSet$Node: android.animation.AnimatorSet$Node clone()>",
						"key field: <android.animation.AnimatorSet$Node: java.util.ArrayList mChildNodes>",
						"<android.animation.AnimatorSet$Node: android.animation.AnimatorSet$Node clone()>"
					],
					"depth":8,
					"method":"<android.util.LongSparseArray: java.lang.Object clone()>",
					"source":"FIELDCALLER"
				},
				{
					"trace":[
						"<android.graphics.drawable.shapes.RoundRectShape: java.lang.Object clone()>",
						"<android.graphics.drawable.shapes.RoundRectShape: android.graphics.drawable.shapes.RoundRectShape clone()>",
						"<android.util.SparseLongArray: java.lang.Object clone()>",
						"<android.util.SparseLongArray: android.util.SparseLongArray clone()>",
						"<android.util.LongSparseLongArray: java.lang.Object clone()>",
						"<android.util.LongSparseLongArray: android.util.LongSparseLongArray clone()>",
						"<android.animation.AnimatorSet$Node: java.lang.Object clone()>",
						"<android.animation.AnimatorSet$Node: android.animation.AnimatorSet$Node clone()>",
						"key field: <android.animation.AnimatorSet$Node: java.util.ArrayList mChildNodes>",
						"<android.animation.AnimatorSet$Node: android.animation.AnimatorSet$Node clone()>"
					],
					"depth":8,
					"method":"<android.graphics.drawable.shapes.RoundRectShape: java.lang.Object clone()>",
					"source":"FIELDCALLER"
				},
				{
					"trace":[
						"<android.graphics.drawable.shapes.RoundRectShape: android.graphics.drawable.shapes.Shape clone()>",
						"<android.graphics.drawable.shapes.RoundRectShape: android.graphics.drawable.shapes.RoundRectShape clone()>",
						"<android.util.SparseLongArray: java.lang.Object clone()>",
						"<android.util.SparseLongArray: android.util.SparseLongArray clone()>",
						"<android.util.LongSparseLongArray: java.lang.Object clone()>",
						"<android.util.LongSparseLongArray: android.util.LongSparseLongArray clone()>",
						"<android.animation.AnimatorSet$Node: java.lang.Object clone()>",
						"<android.animation.AnimatorSet$Node: android.animation.AnimatorSet$Node clone()>",
						"key field: <android.animation.AnimatorSet$Node: java.util.ArrayList mChildNodes>",
						"<android.animation.AnimatorSet$Node: android.animation.AnimatorSet$Node clone()>"
					],
					"depth":8,
					"method":"<android.graphics.drawable.shapes.RoundRectShape: android.graphics.drawable.shapes.Shape clone()>",
					"source":"FIELDCALLER"
				},
				{
					"trace":[
						"<android.graphics.drawable.shapes.RoundRectShape: android.graphics.drawable.shapes.RectShape clone()>",
						"<android.graphics.drawable.shapes.RoundRectShape: android.graphics.drawable.shapes.RoundRectShape clone()>",
						"<android.util.SparseLongArray: java.lang.Object clone()>",
						"<android.util.SparseLongArray: android.util.SparseLongArray clone()>",
						"<android.util.LongSparseLongArray: java.lang.Object clone()>",
						"<android.util.LongSparseLongArray: android.util.LongSparseLongArray clone()>",
						"<android.animation.AnimatorSet$Node: java.lang.Object clone()>",
						"<android.animation.AnimatorSet$Node: android.animation.AnimatorSet$Node clone()>",
						"key field: <android.animation.AnimatorSet$Node: java.util.ArrayList mChildNodes>",
						"<android.animation.AnimatorSet$Node: android.animation.AnimatorSet$Node clone()>"
					],
					"depth":8,
					"method":"<android.graphics.drawable.shapes.RoundRectShape: android.graphics.drawable.shapes.RectShape clone()>",
					"source":"FIELDCALLER"
				},
				{
					"trace":[
						"<android.util.SparseArray: java.lang.Object clone()>",
						"<android.util.SparseArray: android.util.SparseArray clone()>",
						"<android.util.SparseLongArray: java.lang.Object clone()>",
						"<android.util.SparseLongArray: android.util.SparseLongArray clone()>",
						"<android.util.LongSparseLongArray: java.lang.Object clone()>",
						"<android.util.LongSparseLongArray: android.util.LongSparseLongArray clone()>",
						"<android.animation.AnimatorSet$Node: java.lang.Object clone()>",
						"<android.animation.AnimatorSet$Node: android.animation.AnimatorSet$Node clone()>",
						"key field: <android.animation.AnimatorSet$Node: java.util.ArrayList mChildNodes>",
						"<android.animation.AnimatorSet$Node: android.animation.AnimatorSet$Node clone()>"
					],
					"depth":8,
					"method":"<android.util.SparseArray: java.lang.Object clone()>",
					"source":"FIELDCALLER"
				},
				{
					"trace":[
						"<android.animation.LayoutTransition: void cancel()>",
						"<android.animation.AnimatorSet: void end()>",
						"<android.animation.AnimatorSet: void reverse()>",
						"<android.animation.AnimatorSet: void start(boolean,boolean)>",
						"<android.animation.AnimatorSet: void initAnimation()>",
						"<android.animation.AnimatorSet: void createDependencyGraph()>",
						"<android.animation.AnimatorSet$Node: void addParent(android.animation.AnimatorSet$Node)>",
						"<android.animation.AnimatorSet$Node: void addChild(android.animation.AnimatorSet$Node)>",
						"key field: <android.animation.AnimatorSet$Node: java.util.ArrayList mChildNodes>",
						"<android.animation.AnimatorSet$Node: android.animation.AnimatorSet$Node clone()>"
					],
					"depth":8,
					"method":"<android.animation.LayoutTransition: void cancel()>",
					"source":"FIELDCALLER"
				},
				{
					"trace":[
						"<android.animation.StateListAnimator: void jumpToCurrentState()>",
						"<android.animation.AnimatorSet: void end()>",
						"<android.animation.AnimatorSet: void reverse()>",
						"<android.animation.AnimatorSet: void start(boolean,boolean)>",
						"<android.animation.AnimatorSet: void initAnimation()>",
						"<android.animation.AnimatorSet: void createDependencyGraph()>",
						"<android.animation.AnimatorSet$Node: void addParent(android.animation.AnimatorSet$Node)>",
						"<android.animation.AnimatorSet$Node: void addChild(android.animation.AnimatorSet$Node)>",
						"key field: <android.animation.AnimatorSet$Node: java.util.ArrayList mChildNodes>",
						"<android.animation.AnimatorSet$Node: android.animation.AnimatorSet$Node clone()>"
					],
					"depth":8,
					"method":"<android.animation.StateListAnimator: void jumpToCurrentState()>",
					"source":"FIELDCALLER"
				},
				{
					"trace":[
						"<android.graphics.drawable.AnimatedVectorDrawable$VectorDrawableAnimatorUI: void end()>",
						"<android.animation.AnimatorSet: void end()>",
						"<android.animation.AnimatorSet: void reverse()>",
						"<android.animation.AnimatorSet: void start(boolean,boolean)>",
						"<android.animation.AnimatorSet: void initAnimation()>",
						"<android.animation.AnimatorSet: void createDependencyGraph()>",
						"<android.animation.AnimatorSet$Node: void addParent(android.animation.AnimatorSet$Node)>",
						"<android.animation.AnimatorSet$Node: void addChild(android.animation.AnimatorSet$Node)>",
						"key field: <android.animation.AnimatorSet$Node: java.util.ArrayList mChildNodes>",
						"<android.animation.AnimatorSet$Node: android.animation.AnimatorSet$Node clone()>"
					],
					"depth":8,
					"method":"<android.graphics.drawable.AnimatedVectorDrawable$VectorDrawableAnimatorUI: void end()>",
					"source":"FIELDCALLER"
				},
				{
					"trace":[
						"<android.graphics.drawable.AnimatedVectorDrawable$VectorDrawableAnimator: void end()>",
						"<android.animation.AnimatorSet: void end()>",
						"<android.animation.AnimatorSet: void reverse()>",
						"<android.animation.AnimatorSet: void start(boolean,boolean)>",
						"<android.animation.AnimatorSet: void initAnimation()>",
						"<android.animation.AnimatorSet: void createDependencyGraph()>",
						"<android.animation.AnimatorSet$Node: void addParent(android.animation.AnimatorSet$Node)>",
						"<android.animation.AnimatorSet$Node: void addChild(android.animation.AnimatorSet$Node)>",
						"key field: <android.animation.AnimatorSet$Node: java.util.ArrayList mChildNodes>",
						"<android.animation.AnimatorSet$Node: android.animation.AnimatorSet$Node clone()>"
					],
					"depth":8,
					"method":"<android.graphics.drawable.AnimatedVectorDrawable$VectorDrawableAnimator: void end()>",
					"source":"FIELDCALLER"
				},
				{
					"trace":[
						"<android.animation.LayoutTransition: void cancel(int)>",
						"<android.animation.AnimatorSet: void end()>",
						"<android.animation.AnimatorSet: void reverse()>",
						"<android.animation.AnimatorSet: void start(boolean,boolean)>",
						"<android.animation.AnimatorSet: void initAnimation()>",
						"<android.animation.AnimatorSet: void createDependencyGraph()>",
						"<android.animation.AnimatorSet$Node: void addParent(android.animation.AnimatorSet$Node)>",
						"<android.animation.AnimatorSet$Node: void addChild(android.animation.AnimatorSet$Node)>",
						"key field: <android.animation.AnimatorSet$Node: java.util.ArrayList mChildNodes>",
						"<android.animation.AnimatorSet$Node: android.animation.AnimatorSet$Node clone()>"
					],
					"depth":8,
					"method":"<android.animation.LayoutTransition: void cancel(int)>",
					"source":"FIELDCALLER"
				},
				{
					"trace":[
						"<android.animation.LayoutTransition: void endChangingAnimations()>",
						"<android.animation.AnimatorSet: void end()>",
						"<android.animation.AnimatorSet: void reverse()>",
						"<android.animation.AnimatorSet: void start(boolean,boolean)>",
						"<android.animation.AnimatorSet: void initAnimation()>",
						"<android.animation.AnimatorSet: void createDependencyGraph()>",
						"<android.animation.AnimatorSet$Node: void addParent(android.animation.AnimatorSet$Node)>",
						"<android.animation.AnimatorSet$Node: void addChild(android.animation.AnimatorSet$Node)>",
						"key field: <android.animation.AnimatorSet$Node: java.util.ArrayList mChildNodes>",
						"<android.animation.AnimatorSet$Node: android.animation.AnimatorSet$Node clone()>"
					],
					"depth":8,
					"method":"<android.animation.LayoutTransition: void endChangingAnimations()>",
					"source":"FIELDCALLER"
				},
				{
					"trace":[
						"<android.graphics.drawable.AnimatedVectorDrawable: void reverse()>",
						"<android.graphics.drawable.AnimatedVectorDrawable$VectorDrawableAnimatorUI: void reverse()>",
						"<android.animation.AnimatorSet: void reverse()>",
						"<android.animation.AnimatorSet: void start(boolean,boolean)>",
						"<android.animation.AnimatorSet: void initAnimation()>",
						"<android.animation.AnimatorSet: void createDependencyGraph()>",
						"<android.animation.AnimatorSet$Node: void addParent(android.animation.AnimatorSet$Node)>",
						"<android.animation.AnimatorSet$Node: void addChild(android.animation.AnimatorSet$Node)>",
						"key field: <android.animation.AnimatorSet$Node: java.util.ArrayList mChildNodes>",
						"<android.animation.AnimatorSet$Node: android.animation.AnimatorSet$Node clone()>"
					],
					"depth":8,
					"method":"<android.graphics.drawable.AnimatedVectorDrawable: void reverse()>",
					"source":"FIELDCALLER"
				},
				{
					"trace":[
						"<android.animation.AnimatorSet: boolean doAnimationFrame(long)>",
						"<android.animation.AnimatorSet: void handleAnimationEvents(int,int,long)>",
						"<android.animation.AnimatorSet: void startWithoutPulsing(boolean)>",
						"<android.animation.AnimatorSet: void start(boolean,boolean)>",
						"<android.animation.AnimatorSet: void initAnimation()>",
						"<android.animation.AnimatorSet: void createDependencyGraph()>",
						"<android.animation.AnimatorSet$Node: void addParent(android.animation.AnimatorSet$Node)>",
						"<android.animation.AnimatorSet$Node: void addChild(android.animation.AnimatorSet$Node)>",
						"key field: <android.animation.AnimatorSet$Node: java.util.ArrayList mChildNodes>",
						"<android.animation.AnimatorSet$Node: android.animation.AnimatorSet$Node clone()>"
					],
					"depth":8,
					"method":"<android.animation.AnimatorSet: boolean doAnimationFrame(long)>",
					"source":"FIELDCALLER"
				},
				{
					"trace":[
						"<android.animation.AnimationHandler$AnimationFrameCallback: boolean doAnimationFrame(long)>",
						"<android.animation.AnimatorSet: void handleAnimationEvents(int,int,long)>",
						"<android.animation.AnimatorSet: void startWithoutPulsing(boolean)>",
						"<android.animation.AnimatorSet: void start(boolean,boolean)>",
						"<android.animation.AnimatorSet: void initAnimation()>",
						"<android.animation.AnimatorSet: void createDependencyGraph()>",
						"<android.animation.AnimatorSet$Node: void addParent(android.animation.AnimatorSet$Node)>",
						"<android.animation.AnimatorSet$Node: void addChild(android.animation.AnimatorSet$Node)>",
						"key field: <android.animation.AnimatorSet$Node: java.util.ArrayList mChildNodes>",
						"<android.animation.AnimatorSet$Node: android.animation.AnimatorSet$Node clone()>"
					],
					"depth":8,
					"method":"<android.animation.AnimationHandler$AnimationFrameCallback: boolean doAnimationFrame(long)>",
					"source":"FIELDCALLER"
				},
				{
					"trace":[
						"<android.graphics.drawable.AnimatedVectorDrawable: void start()>",
						"<android.graphics.drawable.AnimatedVectorDrawable$VectorDrawableAnimatorUI: void start()>",
						"<android.animation.AnimatorSet: void start()>",
						"<android.animation.AnimatorSet: void start(boolean,boolean)>",
						"<android.animation.AnimatorSet: void initAnimation()>",
						"<android.animation.AnimatorSet: void createDependencyGraph()>",
						"<android.animation.AnimatorSet$Node: void addParent(android.animation.AnimatorSet$Node)>",
						"<android.animation.AnimatorSet$Node: void addChild(android.animation.AnimatorSet$Node)>",
						"key field: <android.animation.AnimatorSet$Node: java.util.ArrayList mChildNodes>",
						"<android.animation.AnimatorSet$Node: android.animation.AnimatorSet$Node clone()>"
					],
					"depth":8,
					"method":"<android.graphics.drawable.AnimatedVectorDrawable: void start()>",
					"source":"FIELDCALLER"
				},
				{
					"trace":[
						"<android.animation.StateListAnimator: void setState(int[])>",
						"<android.animation.StateListAnimator: void start(android.animation.StateListAnimator$Tuple)>",
						"<android.animation.AnimatorSet: void start()>",
						"<android.animation.AnimatorSet: void start(boolean,boolean)>",
						"<android.animation.AnimatorSet: void initAnimation()>",
						"<android.animation.AnimatorSet: void createDependencyGraph()>",
						"<android.animation.AnimatorSet$Node: void addParent(android.animation.AnimatorSet$Node)>",
						"<android.animation.AnimatorSet$Node: void addChild(android.animation.AnimatorSet$Node)>",
						"key field: <android.animation.AnimatorSet$Node: java.util.ArrayList mChildNodes>",
						"<android.animation.AnimatorSet$Node: android.animation.AnimatorSet$Node clone()>"
					],
					"depth":8,
					"method":"<android.animation.StateListAnimator: void setState(int[])>",
					"source":"FIELDCALLER"
				},
				{
					"trace":[
						"<android.graphics.drawable.AnimatedStateListDrawable$AnimatedVectorDrawableTransition: boolean canReverse()>",
						"<android.graphics.drawable.AnimatedVectorDrawable: boolean canReverse()>",
						"<android.graphics.drawable.AnimatedVectorDrawable$VectorDrawableAnimatorUI: boolean canReverse()>",
						"<android.animation.AnimatorSet: boolean canReverse()>",
						"<android.animation.AnimatorSet: long getTotalDuration()>",
						"<android.animation.AnimatorSet: void createDependencyGraph()>",
						"<android.animation.AnimatorSet$Node: void addParent(android.animation.AnimatorSet$Node)>",
						"<android.animation.AnimatorSet$Node: void addChild(android.animation.AnimatorSet$Node)>",
						"key field: <android.animation.AnimatorSet$Node: java.util.ArrayList mChildNodes>",
						"<android.animation.AnimatorSet$Node: android.animation.AnimatorSet$Node clone()>"
					],
					"depth":8,
					"method":"<android.graphics.drawable.AnimatedStateListDrawable$AnimatedVectorDrawableTransition: boolean canReverse()>",
					"source":"FIELDCALLER"
				}
			],
			"callerOfSingnlar2SourceVar":{}
		}
	]
}