{
	"exceptions":[
		{
			"method":"<android.content.pm.split.DefaultSplitAssetLoader: void loadApkIntoAssetManager(android.content.res.AssetManager,java.lang.String,int)>",
			"message":"[\\s\\S]*",
			"relatedVarType":"Parameter",
			"relatedCondType":"Basic",
			"modifier":"private",
			"type":"android.content.pm.PackageParser$PackageParserException",
			"osVersionRelated":false,
			"resourceRelated":false,
			"assessRelated":false,
			"hardwareRelated":false,
			"manifestRelated":false,
			"conditions":"$z0 != 0, $i1 == 0",
			"paramValues":"@parameter1: java.lang.String, @parameter2: int",
			"relatedValues":"@parameter1: java.lang.String, @parameter2: int; ; ",
			"keyAPISameClassNum":0,
			"keyAPIDiffClassNum":0,
			"keyAPISameClass":[
				{
					"trace":[
						"<android.content.pm.split.DefaultSplitAssetLoader: void loadApkIntoAssetManager(android.content.res.AssetManager,java.lang.String,int)>"
					],
					"depth":0,
					"method":"<android.content.pm.split.DefaultSplitAssetLoader: void loadApkIntoAssetManager(android.content.res.AssetManager,java.lang.String,int)>",
					"source":"CALLER"
				}
			],
			"keyAPIDiffClass":[],
			"callerOfSingnlar2SourceVar":{
				"<android.content.pm.split.DefaultSplitAssetLoader: void loadApkIntoAssetManager(android.content.res.AssetManager,java.lang.String,int)>":"1, 2"
			}
		},
		{
			"method":"<android.content.pm.split.DefaultSplitAssetLoader: void loadApkIntoAssetManager(android.content.res.AssetManager,java.lang.String,int)>",
			"message":"[\\s\\S]*",
			"relatedVarType":"Parameter",
			"relatedCondType":"Basic",
			"modifier":"private",
			"type":"android.content.pm.PackageParser$PackageParserException",
			"osVersionRelated":false,
			"resourceRelated":false,
			"assessRelated":true,
			"hardwareRelated":false,
			"manifestRelated":false,
			"conditions":"$i2 != 0, $i1 == 0, $z0 != 0",
			"paramValues":"@parameter1: java.lang.String, @parameter0: android.content.res.AssetManager, @parameter2: int",
			"relatedValues":"@parameter1: java.lang.String, @parameter0: android.content.res.AssetManager, @parameter2: int; ; ",
			"keyAPISameClassNum":0,
			"keyAPIDiffClassNum":0,
			"keyAPISameClass":[
				{
					"trace":[
						"<android.content.pm.split.DefaultSplitAssetLoader: void loadApkIntoAssetManager(android.content.res.AssetManager,java.lang.String,int)>"
					],
					"depth":0,
					"method":"<android.content.pm.split.DefaultSplitAssetLoader: void loadApkIntoAssetManager(android.content.res.AssetManager,java.lang.String,int)>",
					"source":"CALLER"
				}
			],
			"keyAPIDiffClass":[],
			"callerOfSingnlar2SourceVar":{
				"<android.content.pm.split.DefaultSplitAssetLoader: void loadApkIntoAssetManager(android.content.res.AssetManager,java.lang.String,int)>":"1, 0, 2"
			}
		}
	]
}