{
	"exceptions":[
		{
			"method":"<android.graphics.drawable.LevelListDrawable: void inflateChildElements(android.content.res.Resources,org.xmlpull.v1.XmlPullParser,android.util.AttributeSet,android.content.res.Resources$Theme)>",
			"message":"[\\s\\S]*",
			"relatedVarType":"ParaAndField",
			"relatedCondType":"Basic",
			"modifier":"private",
			"type":"java.lang.Throwable",
			"osVersionRelated":false,
			"resourceRelated":true,
			"assessRelated":false,
			"hardwareRelated":false,
			"manifestRelated":false,
			"conditions":"$i7 == 2, $i7 != 4, i6 == 0",
			"paramValues":"@parameter1: org.xmlpull.v1.XmlPullParser, @parameter0: android.content.res.Resources, @parameter3: android.content.res.Resources$Theme, @parameter2: android.util.AttributeSet",
			"fieldValues":"<com.android.internal.R$styleable: int[] LevelListDrawableItem>",
			"relatedValues":"@parameter1: org.xmlpull.v1.XmlPullParser, @parameter0: android.content.res.Resources, @parameter3: android.content.res.Resources$Theme, @parameter2: android.util.AttributeSet; <com.android.internal.R$styleable: int[] LevelListDrawableItem>; ",
			"keyAPISameClassNum":1,
			"keyAPIDiffClassNum":18,
			"keyAPISameClass":[
				{
					"trace":[
						"<android.graphics.drawable.LevelListDrawable: void inflate(android.content.res.Resources,org.xmlpull.v1.XmlPullParser,android.util.AttributeSet,android.content.res.Resources$Theme)>",
						"<android.graphics.drawable.LevelListDrawable: void inflateChildElements(android.content.res.Resources,org.xmlpull.v1.XmlPullParser,android.util.AttributeSet,android.content.res.Resources$Theme)>",
						"key field: <com.android.internal.R$styleable: int[] LevelListDrawableItem>",
						"<android.graphics.drawable.LevelListDrawable: void inflateChildElements(android.content.res.Resources,org.xmlpull.v1.XmlPullParser,android.util.AttributeSet,android.content.res.Resources$Theme)>"
					],
					"depth":2,
					"method":"<android.graphics.drawable.LevelListDrawable: void inflate(android.content.res.Resources,org.xmlpull.v1.XmlPullParser,android.util.AttributeSet,android.content.res.Resources$Theme)>",
					"source":"FIELDCALLER"
				}
			],
			"keyAPIDiffClass":[
				{
					"trace":[
						"<android.graphics.drawable.DrawableInflater: android.graphics.drawable.Drawable inflateFromXml(java.lang.String,org.xmlpull.v1.XmlPullParser,android.util.AttributeSet,android.content.res.Resources$Theme)>",
						"<android.graphics.drawable.DrawableInflater: android.graphics.drawable.Drawable inflateFromXmlForDensity(java.lang.String,org.xmlpull.v1.XmlPullParser,android.util.AttributeSet,int,android.content.res.Resources$Theme)>",
						"<android.graphics.drawable.LevelListDrawable: void inflate(android.content.res.Resources,org.xmlpull.v1.XmlPullParser,android.util.AttributeSet,android.content.res.Resources$Theme)>",
						"<android.graphics.drawable.LevelListDrawable: void inflateChildElements(android.content.res.Resources,org.xmlpull.v1.XmlPullParser,android.util.AttributeSet,android.content.res.Resources$Theme)>",
						"key field: <com.android.internal.R$styleable: int[] LevelListDrawableItem>",
						"<android.graphics.drawable.LevelListDrawable: void inflateChildElements(android.content.res.Resources,org.xmlpull.v1.XmlPullParser,android.util.AttributeSet,android.content.res.Resources$Theme)>"
					],
					"depth":4,
					"method":"<android.graphics.drawable.DrawableInflater: android.graphics.drawable.Drawable inflateFromXml(java.lang.String,org.xmlpull.v1.XmlPullParser,android.util.AttributeSet,android.content.res.Resources$Theme)>",
					"source":"FIELDCALLER"
				},
				{
					"trace":[
						"<android.graphics.drawable.Drawable: android.graphics.drawable.Drawable createFromXmlForDensity(android.content.res.Resources,org.xmlpull.v1.XmlPullParser,int,android.content.res.Resources$Theme)>",
						"<android.graphics.drawable.Drawable: android.graphics.drawable.Drawable createFromXmlInnerForDensity(android.content.res.Resources,org.xmlpull.v1.XmlPullParser,android.util.AttributeSet,int,android.content.res.Resources$Theme)>",
						"<android.graphics.drawable.DrawableInflater: android.graphics.drawable.Drawable inflateFromXmlForDensity(java.lang.String,org.xmlpull.v1.XmlPullParser,android.util.AttributeSet,int,android.content.res.Resources$Theme)>",
						"<android.graphics.drawable.LevelListDrawable: void inflate(android.content.res.Resources,org.xmlpull.v1.XmlPullParser,android.util.AttributeSet,android.content.res.Resources$Theme)>",
						"<android.graphics.drawable.LevelListDrawable: void inflateChildElements(android.content.res.Resources,org.xmlpull.v1.XmlPullParser,android.util.AttributeSet,android.content.res.Resources$Theme)>",
						"key field: <com.android.internal.R$styleable: int[] LevelListDrawableItem>",
						"<android.graphics.drawable.LevelListDrawable: void inflateChildElements(android.content.res.Resources,org.xmlpull.v1.XmlPullParser,android.util.AttributeSet,android.content.res.Resources$Theme)>"
					],
					"depth":5,
					"method":"<android.graphics.drawable.Drawable: android.graphics.drawable.Drawable createFromXmlForDensity(android.content.res.Resources,org.xmlpull.v1.XmlPullParser,int,android.content.res.Resources$Theme)>",
					"source":"FIELDCALLER"
				},
				{
					"trace":[
						"<android.graphics.drawable.Drawable: android.graphics.drawable.Drawable createFromXmlInner(android.content.res.Resources,org.xmlpull.v1.XmlPullParser,android.util.AttributeSet,android.content.res.Resources$Theme)>",
						"<android.graphics.drawable.Drawable: android.graphics.drawable.Drawable createFromXmlInnerForDensity(android.content.res.Resources,org.xmlpull.v1.XmlPullParser,android.util.AttributeSet,int,android.content.res.Resources$Theme)>",
						"<android.graphics.drawable.DrawableInflater: android.graphics.drawable.Drawable inflateFromXmlForDensity(java.lang.String,org.xmlpull.v1.XmlPullParser,android.util.AttributeSet,int,android.content.res.Resources$Theme)>",
						"<android.graphics.drawable.LevelListDrawable: void inflate(android.content.res.Resources,org.xmlpull.v1.XmlPullParser,android.util.AttributeSet,android.content.res.Resources$Theme)>",
						"<android.graphics.drawable.LevelListDrawable: void inflateChildElements(android.content.res.Resources,org.xmlpull.v1.XmlPullParser,android.util.AttributeSet,android.content.res.Resources$Theme)>",
						"key field: <com.android.internal.R$styleable: int[] LevelListDrawableItem>",
						"<android.graphics.drawable.LevelListDrawable: void inflateChildElements(android.content.res.Resources,org.xmlpull.v1.XmlPullParser,android.util.AttributeSet,android.content.res.Resources$Theme)>"
					],
					"depth":5,
					"method":"<android.graphics.drawable.Drawable: android.graphics.drawable.Drawable createFromXmlInner(android.content.res.Resources,org.xmlpull.v1.XmlPullParser,android.util.AttributeSet,android.content.res.Resources$Theme)>",
					"source":"FIELDCALLER"
				},
				{
					"trace":[
						"<android.graphics.drawable.Drawable: android.graphics.drawable.Drawable createFromXml(android.content.res.Resources,org.xmlpull.v1.XmlPullParser,android.content.res.Resources$Theme)>",
						"<android.graphics.drawable.Drawable: android.graphics.drawable.Drawable createFromXmlForDensity(android.content.res.Resources,org.xmlpull.v1.XmlPullParser,int,android.content.res.Resources$Theme)>",
						"<android.graphics.drawable.Drawable: android.graphics.drawable.Drawable createFromXmlInnerForDensity(android.content.res.Resources,org.xmlpull.v1.XmlPullParser,android.util.AttributeSet,int,android.content.res.Resources$Theme)>",
						"<android.graphics.drawable.DrawableInflater: android.graphics.drawable.Drawable inflateFromXmlForDensity(java.lang.String,org.xmlpull.v1.XmlPullParser,android.util.AttributeSet,int,android.content.res.Resources$Theme)>",
						"<android.graphics.drawable.LevelListDrawable: void inflate(android.content.res.Resources,org.xmlpull.v1.XmlPullParser,android.util.AttributeSet,android.content.res.Resources$Theme)>",
						"<android.graphics.drawable.LevelListDrawable: void inflateChildElements(android.content.res.Resources,org.xmlpull.v1.XmlPullParser,android.util.AttributeSet,android.content.res.Resources$Theme)>",
						"key field: <com.android.internal.R$styleable: int[] LevelListDrawableItem>",
						"<android.graphics.drawable.LevelListDrawable: void inflateChildElements(android.content.res.Resources,org.xmlpull.v1.XmlPullParser,android.util.AttributeSet,android.content.res.Resources$Theme)>"
					],
					"depth":6,
					"method":"<android.graphics.drawable.Drawable: android.graphics.drawable.Drawable createFromXml(android.content.res.Resources,org.xmlpull.v1.XmlPullParser,android.content.res.Resources$Theme)>",
					"source":"FIELDCALLER"
				},
				{
					"trace":[
						"<android.graphics.drawable.DrawableWrapper: void inflate(android.content.res.Resources,org.xmlpull.v1.XmlPullParser,android.util.AttributeSet,android.content.res.Resources$Theme)>",
						"<android.graphics.drawable.DrawableWrapper: void inflateChildDrawable(android.content.res.Resources,org.xmlpull.v1.XmlPullParser,android.util.AttributeSet,android.content.res.Resources$Theme)>",
						"<android.graphics.drawable.Drawable: android.graphics.drawable.Drawable createFromXmlInnerForDensity(android.content.res.Resources,org.xmlpull.v1.XmlPullParser,android.util.AttributeSet,int,android.content.res.Resources$Theme)>",
						"<android.graphics.drawable.DrawableInflater: android.graphics.drawable.Drawable inflateFromXmlForDensity(java.lang.String,org.xmlpull.v1.XmlPullParser,android.util.AttributeSet,int,android.content.res.Resources$Theme)>",
						"<android.graphics.drawable.LevelListDrawable: void inflate(android.content.res.Resources,org.xmlpull.v1.XmlPullParser,android.util.AttributeSet,android.content.res.Resources$Theme)>",
						"<android.graphics.drawable.LevelListDrawable: void inflateChildElements(android.content.res.Resources,org.xmlpull.v1.XmlPullParser,android.util.AttributeSet,android.content.res.Resources$Theme)>",
						"key field: <com.android.internal.R$styleable: int[] LevelListDrawableItem>",
						"<android.graphics.drawable.LevelListDrawable: void inflateChildElements(android.content.res.Resources,org.xmlpull.v1.XmlPullParser,android.util.AttributeSet,android.content.res.Resources$Theme)>"
					],
					"depth":6,
					"method":"<android.graphics.drawable.DrawableWrapper: void inflate(android.content.res.Resources,org.xmlpull.v1.XmlPullParser,android.util.AttributeSet,android.content.res.Resources$Theme)>",
					"source":"FIELDCALLER"
				},
				{
					"trace":[
						"<android.graphics.drawable.AdaptiveIconDrawable: void inflate(android.content.res.Resources,org.xmlpull.v1.XmlPullParser,android.util.AttributeSet,android.content.res.Resources$Theme)>",
						"<android.graphics.drawable.AdaptiveIconDrawable: void inflateLayers(android.content.res.Resources,org.xmlpull.v1.XmlPullParser,android.util.AttributeSet,android.content.res.Resources$Theme)>",
						"<android.graphics.drawable.Drawable: android.graphics.drawable.Drawable createFromXmlInnerForDensity(android.content.res.Resources,org.xmlpull.v1.XmlPullParser,android.util.AttributeSet,int,android.content.res.Resources$Theme)>",
						"<android.graphics.drawable.DrawableInflater: android.graphics.drawable.Drawable inflateFromXmlForDensity(java.lang.String,org.xmlpull.v1.XmlPullParser,android.util.AttributeSet,int,android.content.res.Resources$Theme)>",
						"<android.graphics.drawable.LevelListDrawable: void inflate(android.content.res.Resources,org.xmlpull.v1.XmlPullParser,android.util.AttributeSet,android.content.res.Resources$Theme)>",
						"<android.graphics.drawable.LevelListDrawable: void inflateChildElements(android.content.res.Resources,org.xmlpull.v1.XmlPullParser,android.util.AttributeSet,android.content.res.Resources$Theme)>",
						"key field: <com.android.internal.R$styleable: int[] LevelListDrawableItem>",
						"<android.graphics.drawable.LevelListDrawable: void inflateChildElements(android.content.res.Resources,org.xmlpull.v1.XmlPullParser,android.util.AttributeSet,android.content.res.Resources$Theme)>"
					],
					"depth":6,
					"method":"<android.graphics.drawable.AdaptiveIconDrawable: void inflate(android.content.res.Resources,org.xmlpull.v1.XmlPullParser,android.util.AttributeSet,android.content.res.Resources$Theme)>",
					"source":"FIELDCALLER"
				},
				{
					"trace":[
						"<android.graphics.drawable.Drawable: android.graphics.drawable.Drawable createFromXmlInner(android.content.res.Resources,org.xmlpull.v1.XmlPullParser,android.util.AttributeSet)>",
						"<android.graphics.drawable.Drawable: android.graphics.drawable.Drawable createFromXmlInner(android.content.res.Resources,org.xmlpull.v1.XmlPullParser,android.util.AttributeSet,android.content.res.Resources$Theme)>",
						"<android.graphics.drawable.Drawable: android.graphics.drawable.Drawable createFromXmlInnerForDensity(android.content.res.Resources,org.xmlpull.v1.XmlPullParser,android.util.AttributeSet,int,android.content.res.Resources$Theme)>",
						"<android.graphics.drawable.DrawableInflater: android.graphics.drawable.Drawable inflateFromXmlForDensity(java.lang.String,org.xmlpull.v1.XmlPullParser,android.util.AttributeSet,int,android.content.res.Resources$Theme)>",
						"<android.graphics.drawable.LevelListDrawable: void inflate(android.content.res.Resources,org.xmlpull.v1.XmlPullParser,android.util.AttributeSet,android.content.res.Resources$Theme)>",
						"<android.graphics.drawable.LevelListDrawable: void inflateChildElements(android.content.res.Resources,org.xmlpull.v1.XmlPullParser,android.util.AttributeSet,android.content.res.Resources$Theme)>",
						"key field: <com.android.internal.R$styleable: int[] LevelListDrawableItem>",
						"<android.graphics.drawable.LevelListDrawable: void inflateChildElements(android.content.res.Resources,org.xmlpull.v1.XmlPullParser,android.util.AttributeSet,android.content.res.Resources$Theme)>"
					],
					"depth":6,
					"method":"<android.graphics.drawable.Drawable: android.graphics.drawable.Drawable createFromXmlInner(android.content.res.Resources,org.xmlpull.v1.XmlPullParser,android.util.AttributeSet)>",
					"source":"FIELDCALLER"
				},
				{
					"trace":[
						"<android.graphics.drawable.Drawable: android.graphics.drawable.Drawable createFromXml(android.content.res.Resources,org.xmlpull.v1.XmlPullParser)>",
						"<android.graphics.drawable.Drawable: android.graphics.drawable.Drawable createFromXml(android.content.res.Resources,org.xmlpull.v1.XmlPullParser,android.content.res.Resources$Theme)>",
						"<android.graphics.drawable.Drawable: android.graphics.drawable.Drawable createFromXmlForDensity(android.content.res.Resources,org.xmlpull.v1.XmlPullParser,int,android.content.res.Resources$Theme)>",
						"<android.graphics.drawable.Drawable: android.graphics.drawable.Drawable createFromXmlInnerForDensity(android.content.res.Resources,org.xmlpull.v1.XmlPullParser,android.util.AttributeSet,int,android.content.res.Resources$Theme)>",
						"<android.graphics.drawable.DrawableInflater: android.graphics.drawable.Drawable inflateFromXmlForDensity(java.lang.String,org.xmlpull.v1.XmlPullParser,android.util.AttributeSet,int,android.content.res.Resources$Theme)>",
						"<android.graphics.drawable.LevelListDrawable: void inflate(android.content.res.Resources,org.xmlpull.v1.XmlPullParser,android.util.AttributeSet,android.content.res.Resources$Theme)>",
						"<android.graphics.drawable.LevelListDrawable: void inflateChildElements(android.content.res.Resources,org.xmlpull.v1.XmlPullParser,android.util.AttributeSet,android.content.res.Resources$Theme)>",
						"key field: <com.android.internal.R$styleable: int[] LevelListDrawableItem>",
						"<android.graphics.drawable.LevelListDrawable: void inflateChildElements(android.content.res.Resources,org.xmlpull.v1.XmlPullParser,android.util.AttributeSet,android.content.res.Resources$Theme)>"
					],
					"depth":7,
					"method":"<android.graphics.drawable.Drawable: android.graphics.drawable.Drawable createFromXml(android.content.res.Resources,org.xmlpull.v1.XmlPullParser)>",
					"source":"FIELDCALLER"
				},
				{
					"trace":[
						"<android.graphics.drawable.RotateDrawable: void inflate(android.content.res.Resources,org.xmlpull.v1.XmlPullParser,android.util.AttributeSet,android.content.res.Resources$Theme)>",
						"<android.graphics.drawable.DrawableWrapper: void inflate(android.content.res.Resources,org.xmlpull.v1.XmlPullParser,android.util.AttributeSet,android.content.res.Resources$Theme)>",
						"<android.graphics.drawable.DrawableWrapper: void inflateChildDrawable(android.content.res.Resources,org.xmlpull.v1.XmlPullParser,android.util.AttributeSet,android.content.res.Resources$Theme)>",
						"<android.graphics.drawable.Drawable: android.graphics.drawable.Drawable createFromXmlInnerForDensity(android.content.res.Resources,org.xmlpull.v1.XmlPullParser,android.util.AttributeSet,int,android.content.res.Resources$Theme)>",
						"<android.graphics.drawable.DrawableInflater: android.graphics.drawable.Drawable inflateFromXmlForDensity(java.lang.String,org.xmlpull.v1.XmlPullParser,android.util.AttributeSet,int,android.content.res.Resources$Theme)>",
						"<android.graphics.drawable.LevelListDrawable: void inflate(android.content.res.Resources,org.xmlpull.v1.XmlPullParser,android.util.AttributeSet,android.content.res.Resources$Theme)>",
						"<android.graphics.drawable.LevelListDrawable: void inflateChildElements(android.content.res.Resources,org.xmlpull.v1.XmlPullParser,android.util.AttributeSet,android.content.res.Resources$Theme)>",
						"key field: <com.android.internal.R$styleable: int[] LevelListDrawableItem>",
						"<android.graphics.drawable.LevelListDrawable: void inflateChildElements(android.content.res.Resources,org.xmlpull.v1.XmlPullParser,android.util.AttributeSet,android.content.res.Resources$Theme)>"
					],
					"depth":7,
					"method":"<android.graphics.drawable.RotateDrawable: void inflate(android.content.res.Resources,org.xmlpull.v1.XmlPullParser,android.util.AttributeSet,android.content.res.Resources$Theme)>",
					"source":"FIELDCALLER"
				},
				{
					"trace":[
						"<android.graphics.drawable.ScaleDrawable: void inflate(android.content.res.Resources,org.xmlpull.v1.XmlPullParser,android.util.AttributeSet,android.content.res.Resources$Theme)>",
						"<android.graphics.drawable.DrawableWrapper: void inflate(android.content.res.Resources,org.xmlpull.v1.XmlPullParser,android.util.AttributeSet,android.content.res.Resources$Theme)>",
						"<android.graphics.drawable.DrawableWrapper: void inflateChildDrawable(android.content.res.Resources,org.xmlpull.v1.XmlPullParser,android.util.AttributeSet,android.content.res.Resources$Theme)>",
						"<android.graphics.drawable.Drawable: android.graphics.drawable.Drawable createFromXmlInnerForDensity(android.content.res.Resources,org.xmlpull.v1.XmlPullParser,android.util.AttributeSet,int,android.content.res.Resources$Theme)>",
						"<android.graphics.drawable.DrawableInflater: android.graphics.drawable.Drawable inflateFromXmlForDensity(java.lang.String,org.xmlpull.v1.XmlPullParser,android.util.AttributeSet,int,android.content.res.Resources$Theme)>",
						"<android.graphics.drawable.LevelListDrawable: void inflate(android.content.res.Resources,org.xmlpull.v1.XmlPullParser,android.util.AttributeSet,android.content.res.Resources$Theme)>",
						"<android.graphics.drawable.LevelListDrawable: void inflateChildElements(android.content.res.Resources,org.xmlpull.v1.XmlPullParser,android.util.AttributeSet,android.content.res.Resources$Theme)>",
						"key field: <com.android.internal.R$styleable: int[] LevelListDrawableItem>",
						"<android.graphics.drawable.LevelListDrawable: void inflateChildElements(android.content.res.Resources,org.xmlpull.v1.XmlPullParser,android.util.AttributeSet,android.content.res.Resources$Theme)>"
					],
					"depth":7,
					"method":"<android.graphics.drawable.ScaleDrawable: void inflate(android.content.res.Resources,org.xmlpull.v1.XmlPullParser,android.util.AttributeSet,android.content.res.Resources$Theme)>",
					"source":"FIELDCALLER"
				},
				{
					"trace":[
						"<android.graphics.drawable.InsetDrawable: void inflate(android.content.res.Resources,org.xmlpull.v1.XmlPullParser,android.util.AttributeSet,android.content.res.Resources$Theme)>",
						"<android.graphics.drawable.DrawableWrapper: void inflate(android.content.res.Resources,org.xmlpull.v1.XmlPullParser,android.util.AttributeSet,android.content.res.Resources$Theme)>",
						"<android.graphics.drawable.DrawableWrapper: void inflateChildDrawable(android.content.res.Resources,org.xmlpull.v1.XmlPullParser,android.util.AttributeSet,android.content.res.Resources$Theme)>",
						"<android.graphics.drawable.Drawable: android.graphics.drawable.Drawable createFromXmlInnerForDensity(android.content.res.Resources,org.xmlpull.v1.XmlPullParser,android.util.AttributeSet,int,android.content.res.Resources$Theme)>",
						"<android.graphics.drawable.DrawableInflater: android.graphics.drawable.Drawable inflateFromXmlForDensity(java.lang.String,org.xmlpull.v1.XmlPullParser,android.util.AttributeSet,int,android.content.res.Resources$Theme)>",
						"<android.graphics.drawable.LevelListDrawable: void inflate(android.content.res.Resources,org.xmlpull.v1.XmlPullParser,android.util.AttributeSet,android.content.res.Resources$Theme)>",
						"<android.graphics.drawable.LevelListDrawable: void inflateChildElements(android.content.res.Resources,org.xmlpull.v1.XmlPullParser,android.util.AttributeSet,android.content.res.Resources$Theme)>",
						"key field: <com.android.internal.R$styleable: int[] LevelListDrawableItem>",
						"<android.graphics.drawable.LevelListDrawable: void inflateChildElements(android.content.res.Resources,org.xmlpull.v1.XmlPullParser,android.util.AttributeSet,android.content.res.Resources$Theme)>"
					],
					"depth":7,
					"method":"<android.graphics.drawable.InsetDrawable: void inflate(android.content.res.Resources,org.xmlpull.v1.XmlPullParser,android.util.AttributeSet,android.content.res.Resources$Theme)>",
					"source":"FIELDCALLER"
				},
				{
					"trace":[
						"<android.graphics.drawable.AnimatedRotateDrawable: void inflate(android.content.res.Resources,org.xmlpull.v1.XmlPullParser,android.util.AttributeSet,android.content.res.Resources$Theme)>",
						"<android.graphics.drawable.DrawableWrapper: void inflate(android.content.res.Resources,org.xmlpull.v1.XmlPullParser,android.util.AttributeSet,android.content.res.Resources$Theme)>",
						"<android.graphics.drawable.DrawableWrapper: void inflateChildDrawable(android.content.res.Resources,org.xmlpull.v1.XmlPullParser,android.util.AttributeSet,android.content.res.Resources$Theme)>",
						"<android.graphics.drawable.Drawable: android.graphics.drawable.Drawable createFromXmlInnerForDensity(android.content.res.Resources,org.xmlpull.v1.XmlPullParser,android.util.AttributeSet,int,android.content.res.Resources$Theme)>",
						"<android.graphics.drawable.DrawableInflater: android.graphics.drawable.Drawable inflateFromXmlForDensity(java.lang.String,org.xmlpull.v1.XmlPullParser,android.util.AttributeSet,int,android.content.res.Resources$Theme)>",
						"<android.graphics.drawable.LevelListDrawable: void inflate(android.content.res.Resources,org.xmlpull.v1.XmlPullParser,android.util.AttributeSet,android.content.res.Resources$Theme)>",
						"<android.graphics.drawable.LevelListDrawable: void inflateChildElements(android.content.res.Resources,org.xmlpull.v1.XmlPullParser,android.util.AttributeSet,android.content.res.Resources$Theme)>",
						"key field: <com.android.internal.R$styleable: int[] LevelListDrawableItem>",
						"<android.graphics.drawable.LevelListDrawable: void inflateChildElements(android.content.res.Resources,org.xmlpull.v1.XmlPullParser,android.util.AttributeSet,android.content.res.Resources$Theme)>"
					],
					"depth":7,
					"method":"<android.graphics.drawable.AnimatedRotateDrawable: void inflate(android.content.res.Resources,org.xmlpull.v1.XmlPullParser,android.util.AttributeSet,android.content.res.Resources$Theme)>",
					"source":"FIELDCALLER"
				},
				{
					"trace":[
						"<android.graphics.drawable.ClipDrawable: void inflate(android.content.res.Resources,org.xmlpull.v1.XmlPullParser,android.util.AttributeSet,android.content.res.Resources$Theme)>",
						"<android.graphics.drawable.DrawableWrapper: void inflate(android.content.res.Resources,org.xmlpull.v1.XmlPullParser,android.util.AttributeSet,android.content.res.Resources$Theme)>",
						"<android.graphics.drawable.DrawableWrapper: void inflateChildDrawable(android.content.res.Resources,org.xmlpull.v1.XmlPullParser,android.util.AttributeSet,android.content.res.Resources$Theme)>",
						"<android.graphics.drawable.Drawable: android.graphics.drawable.Drawable createFromXmlInnerForDensity(android.content.res.Resources,org.xmlpull.v1.XmlPullParser,android.util.AttributeSet,int,android.content.res.Resources$Theme)>",
						"<android.graphics.drawable.DrawableInflater: android.graphics.drawable.Drawable inflateFromXmlForDensity(java.lang.String,org.xmlpull.v1.XmlPullParser,android.util.AttributeSet,int,android.content.res.Resources$Theme)>",
						"<android.graphics.drawable.LevelListDrawable: void inflate(android.content.res.Resources,org.xmlpull.v1.XmlPullParser,android.util.AttributeSet,android.content.res.Resources$Theme)>",
						"<android.graphics.drawable.LevelListDrawable: void inflateChildElements(android.content.res.Resources,org.xmlpull.v1.XmlPullParser,android.util.AttributeSet,android.content.res.Resources$Theme)>",
						"key field: <com.android.internal.R$styleable: int[] LevelListDrawableItem>",
						"<android.graphics.drawable.LevelListDrawable: void inflateChildElements(android.content.res.Resources,org.xmlpull.v1.XmlPullParser,android.util.AttributeSet,android.content.res.Resources$Theme)>"
					],
					"depth":7,
					"method":"<android.graphics.drawable.ClipDrawable: void inflate(android.content.res.Resources,org.xmlpull.v1.XmlPullParser,android.util.AttributeSet,android.content.res.Resources$Theme)>",
					"source":"FIELDCALLER"
				},
				{
					"trace":[
						"<android.graphics.drawable.LayerDrawable: void inflate(android.content.res.Resources,org.xmlpull.v1.XmlPullParser,android.util.AttributeSet,android.content.res.Resources$Theme)>",
						"<android.graphics.drawable.LayerDrawable: void inflateLayers(android.content.res.Resources,org.xmlpull.v1.XmlPullParser,android.util.AttributeSet,android.content.res.Resources$Theme)>",
						"<android.graphics.drawable.Drawable: android.graphics.drawable.Drawable createFromXmlInner(android.content.res.Resources,org.xmlpull.v1.XmlPullParser,android.util.AttributeSet,android.content.res.Resources$Theme)>",
						"<android.graphics.drawable.Drawable: android.graphics.drawable.Drawable createFromXmlInnerForDensity(android.content.res.Resources,org.xmlpull.v1.XmlPullParser,android.util.AttributeSet,int,android.content.res.Resources$Theme)>",
						"<android.graphics.drawable.DrawableInflater: android.graphics.drawable.Drawable inflateFromXmlForDensity(java.lang.String,org.xmlpull.v1.XmlPullParser,android.util.AttributeSet,int,android.content.res.Resources$Theme)>",
						"<android.graphics.drawable.LevelListDrawable: void inflate(android.content.res.Resources,org.xmlpull.v1.XmlPullParser,android.util.AttributeSet,android.content.res.Resources$Theme)>",
						"<android.graphics.drawable.LevelListDrawable: void inflateChildElements(android.content.res.Resources,org.xmlpull.v1.XmlPullParser,android.util.AttributeSet,android.content.res.Resources$Theme)>",
						"key field: <com.android.internal.R$styleable: int[] LevelListDrawableItem>",
						"<android.graphics.drawable.LevelListDrawable: void inflateChildElements(android.content.res.Resources,org.xmlpull.v1.XmlPullParser,android.util.AttributeSet,android.content.res.Resources$Theme)>"
					],
					"depth":7,
					"method":"<android.graphics.drawable.LayerDrawable: void inflate(android.content.res.Resources,org.xmlpull.v1.XmlPullParser,android.util.AttributeSet,android.content.res.Resources$Theme)>",
					"source":"FIELDCALLER"
				},
				{
					"trace":[
						"<android.graphics.drawable.StateListDrawable: void inflate(android.content.res.Resources,org.xmlpull.v1.XmlPullParser,android.util.AttributeSet,android.content.res.Resources$Theme)>",
						"<android.graphics.drawable.StateListDrawable: void inflateChildElements(android.content.res.Resources,org.xmlpull.v1.XmlPullParser,android.util.AttributeSet,android.content.res.Resources$Theme)>",
						"<android.graphics.drawable.Drawable: android.graphics.drawable.Drawable createFromXmlInner(android.content.res.Resources,org.xmlpull.v1.XmlPullParser,android.util.AttributeSet,android.content.res.Resources$Theme)>",
						"<android.graphics.drawable.Drawable: android.graphics.drawable.Drawable createFromXmlInnerForDensity(android.content.res.Resources,org.xmlpull.v1.XmlPullParser,android.util.AttributeSet,int,android.content.res.Resources$Theme)>",
						"<android.graphics.drawable.DrawableInflater: android.graphics.drawable.Drawable inflateFromXmlForDensity(java.lang.String,org.xmlpull.v1.XmlPullParser,android.util.AttributeSet,int,android.content.res.Resources$Theme)>",
						"<android.graphics.drawable.LevelListDrawable: void inflate(android.content.res.Resources,org.xmlpull.v1.XmlPullParser,android.util.AttributeSet,android.content.res.Resources$Theme)>",
						"<android.graphics.drawable.LevelListDrawable: void inflateChildElements(android.content.res.Resources,org.xmlpull.v1.XmlPullParser,android.util.AttributeSet,android.content.res.Resources$Theme)>",
						"key field: <com.android.internal.R$styleable: int[] LevelListDrawableItem>",
						"<android.graphics.drawable.LevelListDrawable: void inflateChildElements(android.content.res.Resources,org.xmlpull.v1.XmlPullParser,android.util.AttributeSet,android.content.res.Resources$Theme)>"
					],
					"depth":7,
					"method":"<android.graphics.drawable.StateListDrawable: void inflate(android.content.res.Resources,org.xmlpull.v1.XmlPullParser,android.util.AttributeSet,android.content.res.Resources$Theme)>",
					"source":"FIELDCALLER"
				},
				{
					"trace":[
						"<android.graphics.drawable.AnimationDrawable: void inflate(android.content.res.Resources,org.xmlpull.v1.XmlPullParser,android.util.AttributeSet,android.content.res.Resources$Theme)>",
						"<android.graphics.drawable.AnimationDrawable: void inflateChildElements(android.content.res.Resources,org.xmlpull.v1.XmlPullParser,android.util.AttributeSet,android.content.res.Resources$Theme)>",
						"<android.graphics.drawable.Drawable: android.graphics.drawable.Drawable createFromXmlInner(android.content.res.Resources,org.xmlpull.v1.XmlPullParser,android.util.AttributeSet,android.content.res.Resources$Theme)>",
						"<android.graphics.drawable.Drawable: android.graphics.drawable.Drawable createFromXmlInnerForDensity(android.content.res.Resources,org.xmlpull.v1.XmlPullParser,android.util.AttributeSet,int,android.content.res.Resources$Theme)>",
						"<android.graphics.drawable.DrawableInflater: android.graphics.drawable.Drawable inflateFromXmlForDensity(java.lang.String,org.xmlpull.v1.XmlPullParser,android.util.AttributeSet,int,android.content.res.Resources$Theme)>",
						"<android.graphics.drawable.LevelListDrawable: void inflate(android.content.res.Resources,org.xmlpull.v1.XmlPullParser,android.util.AttributeSet,android.content.res.Resources$Theme)>",
						"<android.graphics.drawable.LevelListDrawable: void inflateChildElements(android.content.res.Resources,org.xmlpull.v1.XmlPullParser,android.util.AttributeSet,android.content.res.Resources$Theme)>",
						"key field: <com.android.internal.R$styleable: int[] LevelListDrawableItem>",
						"<android.graphics.drawable.LevelListDrawable: void inflateChildElements(android.content.res.Resources,org.xmlpull.v1.XmlPullParser,android.util.AttributeSet,android.content.res.Resources$Theme)>"
					],
					"depth":7,
					"method":"<android.graphics.drawable.AnimationDrawable: void inflate(android.content.res.Resources,org.xmlpull.v1.XmlPullParser,android.util.AttributeSet,android.content.res.Resources$Theme)>",
					"source":"FIELDCALLER"
				},
				{
					"trace":[
						"<android.graphics.drawable.RippleDrawable: void inflate(android.content.res.Resources,org.xmlpull.v1.XmlPullParser,android.util.AttributeSet,android.content.res.Resources$Theme)>",
						"<android.graphics.drawable.LayerDrawable: void inflate(android.content.res.Resources,org.xmlpull.v1.XmlPullParser,android.util.AttributeSet,android.content.res.Resources$Theme)>",
						"<android.graphics.drawable.LayerDrawable: void inflateLayers(android.content.res.Resources,org.xmlpull.v1.XmlPullParser,android.util.AttributeSet,android.content.res.Resources$Theme)>",
						"<android.graphics.drawable.Drawable: android.graphics.drawable.Drawable createFromXmlInner(android.content.res.Resources,org.xmlpull.v1.XmlPullParser,android.util.AttributeSet,android.content.res.Resources$Theme)>",
						"<android.graphics.drawable.Drawable: android.graphics.drawable.Drawable createFromXmlInnerForDensity(android.content.res.Resources,org.xmlpull.v1.XmlPullParser,android.util.AttributeSet,int,android.content.res.Resources$Theme)>",
						"<android.graphics.drawable.DrawableInflater: android.graphics.drawable.Drawable inflateFromXmlForDensity(java.lang.String,org.xmlpull.v1.XmlPullParser,android.util.AttributeSet,int,android.content.res.Resources$Theme)>",
						"<android.graphics.drawable.LevelListDrawable: void inflate(android.content.res.Resources,org.xmlpull.v1.XmlPullParser,android.util.AttributeSet,android.content.res.Resources$Theme)>",
						"<android.graphics.drawable.LevelListDrawable: void inflateChildElements(android.content.res.Resources,org.xmlpull.v1.XmlPullParser,android.util.AttributeSet,android.content.res.Resources$Theme)>",
						"key field: <com.android.internal.R$styleable: int[] LevelListDrawableItem>",
						"<android.graphics.drawable.LevelListDrawable: void inflateChildElements(android.content.res.Resources,org.xmlpull.v1.XmlPullParser,android.util.AttributeSet,android.content.res.Resources$Theme)>"
					],
					"depth":8,
					"method":"<android.graphics.drawable.RippleDrawable: void inflate(android.content.res.Resources,org.xmlpull.v1.XmlPullParser,android.util.AttributeSet,android.content.res.Resources$Theme)>",
					"source":"FIELDCALLER"
				},
				{
					"trace":[
						"<android.graphics.drawable.AnimatedStateListDrawable: void inflate(android.content.res.Resources,org.xmlpull.v1.XmlPullParser,android.util.AttributeSet,android.content.res.Resources$Theme)>",
						"<android.graphics.drawable.AnimatedStateListDrawable: void inflateChildElements(android.content.res.Resources,org.xmlpull.v1.XmlPullParser,android.util.AttributeSet,android.content.res.Resources$Theme)>",
						"<android.graphics.drawable.AnimatedStateListDrawable: int parseTransition(android.content.res.Resources,org.xmlpull.v1.XmlPullParser,android.util.AttributeSet,android.content.res.Resources$Theme)>",
						"<android.graphics.drawable.Drawable: android.graphics.drawable.Drawable createFromXmlInner(android.content.res.Resources,org.xmlpull.v1.XmlPullParser,android.util.AttributeSet,android.content.res.Resources$Theme)>",
						"<android.graphics.drawable.Drawable: android.graphics.drawable.Drawable createFromXmlInnerForDensity(android.content.res.Resources,org.xmlpull.v1.XmlPullParser,android.util.AttributeSet,int,android.content.res.Resources$Theme)>",
						"<android.graphics.drawable.DrawableInflater: android.graphics.drawable.Drawable inflateFromXmlForDensity(java.lang.String,org.xmlpull.v1.XmlPullParser,android.util.AttributeSet,int,android.content.res.Resources$Theme)>",
						"<android.graphics.drawable.LevelListDrawable: void inflate(android.content.res.Resources,org.xmlpull.v1.XmlPullParser,android.util.AttributeSet,android.content.res.Resources$Theme)>",
						"<android.graphics.drawable.LevelListDrawable: void inflateChildElements(android.content.res.Resources,org.xmlpull.v1.XmlPullParser,android.util.AttributeSet,android.content.res.Resources$Theme)>",
						"key field: <com.android.internal.R$styleable: int[] LevelListDrawableItem>",
						"<android.graphics.drawable.LevelListDrawable: void inflateChildElements(android.content.res.Resources,org.xmlpull.v1.XmlPullParser,android.util.AttributeSet,android.content.res.Resources$Theme)>"
					],
					"depth":8,
					"method":"<android.graphics.drawable.AnimatedStateListDrawable: void inflate(android.content.res.Resources,org.xmlpull.v1.XmlPullParser,android.util.AttributeSet,android.content.res.Resources$Theme)>",
					"source":"FIELDCALLER"
				}
			],
			"callerOfSingnlar2SourceVar":{
				"<android.graphics.drawable.LevelListDrawable: void inflate(android.content.res.Resources,org.xmlpull.v1.XmlPullParser,android.util.AttributeSet,android.content.res.Resources$Theme)>":"1, 0, 3, 2",
				"<android.graphics.drawable.LevelListDrawable: void inflateChildElements(android.content.res.Resources,org.xmlpull.v1.XmlPullParser,android.util.AttributeSet,android.content.res.Resources$Theme)>":"1, 0, 3, 2"
			}
		},
		{
			"method":"<android.graphics.drawable.LevelListDrawable: void inflateChildElements(android.content.res.Resources,org.xmlpull.v1.XmlPullParser,android.util.AttributeSet,android.content.res.Resources$Theme)>",
			"message":"[\\s\\S]*",
			"relatedVarType":"ParaAndField",
			"relatedCondType":"Basic",
			"modifier":"private",
			"type":"java.lang.Throwable",
			"osVersionRelated":false,
			"resourceRelated":true,
			"assessRelated":false,
			"hardwareRelated":false,
			"manifestRelated":false,
			"conditions":"i5 >= 0, $z1 != 0, $i3 > i1",
			"paramValues":"@parameter0: android.content.res.Resources, @parameter3: android.content.res.Resources$Theme, @parameter2: android.util.AttributeSet, @parameter1: org.xmlpull.v1.XmlPullParser",
			"fieldValues":"<com.android.internal.R$styleable: int[] LevelListDrawableItem>",
			"relatedValues":"@parameter0: android.content.res.Resources, @parameter3: android.content.res.Resources$Theme, @parameter2: android.util.AttributeSet, @parameter1: org.xmlpull.v1.XmlPullParser; <com.android.internal.R$styleable: int[] LevelListDrawableItem>; ",
			"keyAPISameClassNum":1,
			"keyAPIDiffClassNum":18,
			"keyAPISameClass":[
				{
					"trace":[
						"<android.graphics.drawable.LevelListDrawable: void inflate(android.content.res.Resources,org.xmlpull.v1.XmlPullParser,android.util.AttributeSet,android.content.res.Resources$Theme)>",
						"<android.graphics.drawable.LevelListDrawable: void inflateChildElements(android.content.res.Resources,org.xmlpull.v1.XmlPullParser,android.util.AttributeSet,android.content.res.Resources$Theme)>",
						"key field: <com.android.internal.R$styleable: int[] LevelListDrawableItem>",
						"<android.graphics.drawable.LevelListDrawable: void inflateChildElements(android.content.res.Resources,org.xmlpull.v1.XmlPullParser,android.util.AttributeSet,android.content.res.Resources$Theme)>"
					],
					"depth":2,
					"method":"<android.graphics.drawable.LevelListDrawable: void inflate(android.content.res.Resources,org.xmlpull.v1.XmlPullParser,android.util.AttributeSet,android.content.res.Resources$Theme)>",
					"source":"FIELDCALLER"
				}
			],
			"keyAPIDiffClass":[
				{
					"trace":[
						"<android.graphics.drawable.DrawableInflater: android.graphics.drawable.Drawable inflateFromXml(java.lang.String,org.xmlpull.v1.XmlPullParser,android.util.AttributeSet,android.content.res.Resources$Theme)>",
						"<android.graphics.drawable.DrawableInflater: android.graphics.drawable.Drawable inflateFromXmlForDensity(java.lang.String,org.xmlpull.v1.XmlPullParser,android.util.AttributeSet,int,android.content.res.Resources$Theme)>",
						"<android.graphics.drawable.LevelListDrawable: void inflate(android.content.res.Resources,org.xmlpull.v1.XmlPullParser,android.util.AttributeSet,android.content.res.Resources$Theme)>",
						"<android.graphics.drawable.LevelListDrawable: void inflateChildElements(android.content.res.Resources,org.xmlpull.v1.XmlPullParser,android.util.AttributeSet,android.content.res.Resources$Theme)>",
						"key field: <com.android.internal.R$styleable: int[] LevelListDrawableItem>",
						"<android.graphics.drawable.LevelListDrawable: void inflateChildElements(android.content.res.Resources,org.xmlpull.v1.XmlPullParser,android.util.AttributeSet,android.content.res.Resources$Theme)>"
					],
					"depth":4,
					"method":"<android.graphics.drawable.DrawableInflater: android.graphics.drawable.Drawable inflateFromXml(java.lang.String,org.xmlpull.v1.XmlPullParser,android.util.AttributeSet,android.content.res.Resources$Theme)>",
					"source":"FIELDCALLER"
				},
				{
					"trace":[
						"<android.graphics.drawable.Drawable: android.graphics.drawable.Drawable createFromXmlForDensity(android.content.res.Resources,org.xmlpull.v1.XmlPullParser,int,android.content.res.Resources$Theme)>",
						"<android.graphics.drawable.Drawable: android.graphics.drawable.Drawable createFromXmlInnerForDensity(android.content.res.Resources,org.xmlpull.v1.XmlPullParser,android.util.AttributeSet,int,android.content.res.Resources$Theme)>",
						"<android.graphics.drawable.DrawableInflater: android.graphics.drawable.Drawable inflateFromXmlForDensity(java.lang.String,org.xmlpull.v1.XmlPullParser,android.util.AttributeSet,int,android.content.res.Resources$Theme)>",
						"<android.graphics.drawable.LevelListDrawable: void inflate(android.content.res.Resources,org.xmlpull.v1.XmlPullParser,android.util.AttributeSet,android.content.res.Resources$Theme)>",
						"<android.graphics.drawable.LevelListDrawable: void inflateChildElements(android.content.res.Resources,org.xmlpull.v1.XmlPullParser,android.util.AttributeSet,android.content.res.Resources$Theme)>",
						"key field: <com.android.internal.R$styleable: int[] LevelListDrawableItem>",
						"<android.graphics.drawable.LevelListDrawable: void inflateChildElements(android.content.res.Resources,org.xmlpull.v1.XmlPullParser,android.util.AttributeSet,android.content.res.Resources$Theme)>"
					],
					"depth":5,
					"method":"<android.graphics.drawable.Drawable: android.graphics.drawable.Drawable createFromXmlForDensity(android.content.res.Resources,org.xmlpull.v1.XmlPullParser,int,android.content.res.Resources$Theme)>",
					"source":"FIELDCALLER"
				},
				{
					"trace":[
						"<android.graphics.drawable.Drawable: android.graphics.drawable.Drawable createFromXmlInner(android.content.res.Resources,org.xmlpull.v1.XmlPullParser,android.util.AttributeSet,android.content.res.Resources$Theme)>",
						"<android.graphics.drawable.Drawable: android.graphics.drawable.Drawable createFromXmlInnerForDensity(android.content.res.Resources,org.xmlpull.v1.XmlPullParser,android.util.AttributeSet,int,android.content.res.Resources$Theme)>",
						"<android.graphics.drawable.DrawableInflater: android.graphics.drawable.Drawable inflateFromXmlForDensity(java.lang.String,org.xmlpull.v1.XmlPullParser,android.util.AttributeSet,int,android.content.res.Resources$Theme)>",
						"<android.graphics.drawable.LevelListDrawable: void inflate(android.content.res.Resources,org.xmlpull.v1.XmlPullParser,android.util.AttributeSet,android.content.res.Resources$Theme)>",
						"<android.graphics.drawable.LevelListDrawable: void inflateChildElements(android.content.res.Resources,org.xmlpull.v1.XmlPullParser,android.util.AttributeSet,android.content.res.Resources$Theme)>",
						"key field: <com.android.internal.R$styleable: int[] LevelListDrawableItem>",
						"<android.graphics.drawable.LevelListDrawable: void inflateChildElements(android.content.res.Resources,org.xmlpull.v1.XmlPullParser,android.util.AttributeSet,android.content.res.Resources$Theme)>"
					],
					"depth":5,
					"method":"<android.graphics.drawable.Drawable: android.graphics.drawable.Drawable createFromXmlInner(android.content.res.Resources,org.xmlpull.v1.XmlPullParser,android.util.AttributeSet,android.content.res.Resources$Theme)>",
					"source":"FIELDCALLER"
				},
				{
					"trace":[
						"<android.graphics.drawable.Drawable: android.graphics.drawable.Drawable createFromXml(android.content.res.Resources,org.xmlpull.v1.XmlPullParser,android.content.res.Resources$Theme)>",
						"<android.graphics.drawable.Drawable: android.graphics.drawable.Drawable createFromXmlForDensity(android.content.res.Resources,org.xmlpull.v1.XmlPullParser,int,android.content.res.Resources$Theme)>",
						"<android.graphics.drawable.Drawable: android.graphics.drawable.Drawable createFromXmlInnerForDensity(android.content.res.Resources,org.xmlpull.v1.XmlPullParser,android.util.AttributeSet,int,android.content.res.Resources$Theme)>",
						"<android.graphics.drawable.DrawableInflater: android.graphics.drawable.Drawable inflateFromXmlForDensity(java.lang.String,org.xmlpull.v1.XmlPullParser,android.util.AttributeSet,int,android.content.res.Resources$Theme)>",
						"<android.graphics.drawable.LevelListDrawable: void inflate(android.content.res.Resources,org.xmlpull.v1.XmlPullParser,android.util.AttributeSet,android.content.res.Resources$Theme)>",
						"<android.graphics.drawable.LevelListDrawable: void inflateChildElements(android.content.res.Resources,org.xmlpull.v1.XmlPullParser,android.util.AttributeSet,android.content.res.Resources$Theme)>",
						"key field: <com.android.internal.R$styleable: int[] LevelListDrawableItem>",
						"<android.graphics.drawable.LevelListDrawable: void inflateChildElements(android.content.res.Resources,org.xmlpull.v1.XmlPullParser,android.util.AttributeSet,android.content.res.Resources$Theme)>"
					],
					"depth":6,
					"method":"<android.graphics.drawable.Drawable: android.graphics.drawable.Drawable createFromXml(android.content.res.Resources,org.xmlpull.v1.XmlPullParser,android.content.res.Resources$Theme)>",
					"source":"FIELDCALLER"
				},
				{
					"trace":[
						"<android.graphics.drawable.DrawableWrapper: void inflate(android.content.res.Resources,org.xmlpull.v1.XmlPullParser,android.util.AttributeSet,android.content.res.Resources$Theme)>",
						"<android.graphics.drawable.DrawableWrapper: void inflateChildDrawable(android.content.res.Resources,org.xmlpull.v1.XmlPullParser,android.util.AttributeSet,android.content.res.Resources$Theme)>",
						"<android.graphics.drawable.Drawable: android.graphics.drawable.Drawable createFromXmlInnerForDensity(android.content.res.Resources,org.xmlpull.v1.XmlPullParser,android.util.AttributeSet,int,android.content.res.Resources$Theme)>",
						"<android.graphics.drawable.DrawableInflater: android.graphics.drawable.Drawable inflateFromXmlForDensity(java.lang.String,org.xmlpull.v1.XmlPullParser,android.util.AttributeSet,int,android.content.res.Resources$Theme)>",
						"<android.graphics.drawable.LevelListDrawable: void inflate(android.content.res.Resources,org.xmlpull.v1.XmlPullParser,android.util.AttributeSet,android.content.res.Resources$Theme)>",
						"<android.graphics.drawable.LevelListDrawable: void inflateChildElements(android.content.res.Resources,org.xmlpull.v1.XmlPullParser,android.util.AttributeSet,android.content.res.Resources$Theme)>",
						"key field: <com.android.internal.R$styleable: int[] LevelListDrawableItem>",
						"<android.graphics.drawable.LevelListDrawable: void inflateChildElements(android.content.res.Resources,org.xmlpull.v1.XmlPullParser,android.util.AttributeSet,android.content.res.Resources$Theme)>"
					],
					"depth":6,
					"method":"<android.graphics.drawable.DrawableWrapper: void inflate(android.content.res.Resources,org.xmlpull.v1.XmlPullParser,android.util.AttributeSet,android.content.res.Resources$Theme)>",
					"source":"FIELDCALLER"
				},
				{
					"trace":[
						"<android.graphics.drawable.AdaptiveIconDrawable: void inflate(android.content.res.Resources,org.xmlpull.v1.XmlPullParser,android.util.AttributeSet,android.content.res.Resources$Theme)>",
						"<android.graphics.drawable.AdaptiveIconDrawable: void inflateLayers(android.content.res.Resources,org.xmlpull.v1.XmlPullParser,android.util.AttributeSet,android.content.res.Resources$Theme)>",
						"<android.graphics.drawable.Drawable: android.graphics.drawable.Drawable createFromXmlInnerForDensity(android.content.res.Resources,org.xmlpull.v1.XmlPullParser,android.util.AttributeSet,int,android.content.res.Resources$Theme)>",
						"<android.graphics.drawable.DrawableInflater: android.graphics.drawable.Drawable inflateFromXmlForDensity(java.lang.String,org.xmlpull.v1.XmlPullParser,android.util.AttributeSet,int,android.content.res.Resources$Theme)>",
						"<android.graphics.drawable.LevelListDrawable: void inflate(android.content.res.Resources,org.xmlpull.v1.XmlPullParser,android.util.AttributeSet,android.content.res.Resources$Theme)>",
						"<android.graphics.drawable.LevelListDrawable: void inflateChildElements(android.content.res.Resources,org.xmlpull.v1.XmlPullParser,android.util.AttributeSet,android.content.res.Resources$Theme)>",
						"key field: <com.android.internal.R$styleable: int[] LevelListDrawableItem>",
						"<android.graphics.drawable.LevelListDrawable: void inflateChildElements(android.content.res.Resources,org.xmlpull.v1.XmlPullParser,android.util.AttributeSet,android.content.res.Resources$Theme)>"
					],
					"depth":6,
					"method":"<android.graphics.drawable.AdaptiveIconDrawable: void inflate(android.content.res.Resources,org.xmlpull.v1.XmlPullParser,android.util.AttributeSet,android.content.res.Resources$Theme)>",
					"source":"FIELDCALLER"
				},
				{
					"trace":[
						"<android.graphics.drawable.Drawable: android.graphics.drawable.Drawable createFromXmlInner(android.content.res.Resources,org.xmlpull.v1.XmlPullParser,android.util.AttributeSet)>",
						"<android.graphics.drawable.Drawable: android.graphics.drawable.Drawable createFromXmlInner(android.content.res.Resources,org.xmlpull.v1.XmlPullParser,android.util.AttributeSet,android.content.res.Resources$Theme)>",
						"<android.graphics.drawable.Drawable: android.graphics.drawable.Drawable createFromXmlInnerForDensity(android.content.res.Resources,org.xmlpull.v1.XmlPullParser,android.util.AttributeSet,int,android.content.res.Resources$Theme)>",
						"<android.graphics.drawable.DrawableInflater: android.graphics.drawable.Drawable inflateFromXmlForDensity(java.lang.String,org.xmlpull.v1.XmlPullParser,android.util.AttributeSet,int,android.content.res.Resources$Theme)>",
						"<android.graphics.drawable.LevelListDrawable: void inflate(android.content.res.Resources,org.xmlpull.v1.XmlPullParser,android.util.AttributeSet,android.content.res.Resources$Theme)>",
						"<android.graphics.drawable.LevelListDrawable: void inflateChildElements(android.content.res.Resources,org.xmlpull.v1.XmlPullParser,android.util.AttributeSet,android.content.res.Resources$Theme)>",
						"key field: <com.android.internal.R$styleable: int[] LevelListDrawableItem>",
						"<android.graphics.drawable.LevelListDrawable: void inflateChildElements(android.content.res.Resources,org.xmlpull.v1.XmlPullParser,android.util.AttributeSet,android.content.res.Resources$Theme)>"
					],
					"depth":6,
					"method":"<android.graphics.drawable.Drawable: android.graphics.drawable.Drawable createFromXmlInner(android.content.res.Resources,org.xmlpull.v1.XmlPullParser,android.util.AttributeSet)>",
					"source":"FIELDCALLER"
				},
				{
					"trace":[
						"<android.graphics.drawable.Drawable: android.graphics.drawable.Drawable createFromXml(android.content.res.Resources,org.xmlpull.v1.XmlPullParser)>",
						"<android.graphics.drawable.Drawable: android.graphics.drawable.Drawable createFromXml(android.content.res.Resources,org.xmlpull.v1.XmlPullParser,android.content.res.Resources$Theme)>",
						"<android.graphics.drawable.Drawable: android.graphics.drawable.Drawable createFromXmlForDensity(android.content.res.Resources,org.xmlpull.v1.XmlPullParser,int,android.content.res.Resources$Theme)>",
						"<android.graphics.drawable.Drawable: android.graphics.drawable.Drawable createFromXmlInnerForDensity(android.content.res.Resources,org.xmlpull.v1.XmlPullParser,android.util.AttributeSet,int,android.content.res.Resources$Theme)>",
						"<android.graphics.drawable.DrawableInflater: android.graphics.drawable.Drawable inflateFromXmlForDensity(java.lang.String,org.xmlpull.v1.XmlPullParser,android.util.AttributeSet,int,android.content.res.Resources$Theme)>",
						"<android.graphics.drawable.LevelListDrawable: void inflate(android.content.res.Resources,org.xmlpull.v1.XmlPullParser,android.util.AttributeSet,android.content.res.Resources$Theme)>",
						"<android.graphics.drawable.LevelListDrawable: void inflateChildElements(android.content.res.Resources,org.xmlpull.v1.XmlPullParser,android.util.AttributeSet,android.content.res.Resources$Theme)>",
						"key field: <com.android.internal.R$styleable: int[] LevelListDrawableItem>",
						"<android.graphics.drawable.LevelListDrawable: void inflateChildElements(android.content.res.Resources,org.xmlpull.v1.XmlPullParser,android.util.AttributeSet,android.content.res.Resources$Theme)>"
					],
					"depth":7,
					"method":"<android.graphics.drawable.Drawable: android.graphics.drawable.Drawable createFromXml(android.content.res.Resources,org.xmlpull.v1.XmlPullParser)>",
					"source":"FIELDCALLER"
				},
				{
					"trace":[
						"<android.graphics.drawable.RotateDrawable: void inflate(android.content.res.Resources,org.xmlpull.v1.XmlPullParser,android.util.AttributeSet,android.content.res.Resources$Theme)>",
						"<android.graphics.drawable.DrawableWrapper: void inflate(android.content.res.Resources,org.xmlpull.v1.XmlPullParser,android.util.AttributeSet,android.content.res.Resources$Theme)>",
						"<android.graphics.drawable.DrawableWrapper: void inflateChildDrawable(android.content.res.Resources,org.xmlpull.v1.XmlPullParser,android.util.AttributeSet,android.content.res.Resources$Theme)>",
						"<android.graphics.drawable.Drawable: android.graphics.drawable.Drawable createFromXmlInnerForDensity(android.content.res.Resources,org.xmlpull.v1.XmlPullParser,android.util.AttributeSet,int,android.content.res.Resources$Theme)>",
						"<android.graphics.drawable.DrawableInflater: android.graphics.drawable.Drawable inflateFromXmlForDensity(java.lang.String,org.xmlpull.v1.XmlPullParser,android.util.AttributeSet,int,android.content.res.Resources$Theme)>",
						"<android.graphics.drawable.LevelListDrawable: void inflate(android.content.res.Resources,org.xmlpull.v1.XmlPullParser,android.util.AttributeSet,android.content.res.Resources$Theme)>",
						"<android.graphics.drawable.LevelListDrawable: void inflateChildElements(android.content.res.Resources,org.xmlpull.v1.XmlPullParser,android.util.AttributeSet,android.content.res.Resources$Theme)>",
						"key field: <com.android.internal.R$styleable: int[] LevelListDrawableItem>",
						"<android.graphics.drawable.LevelListDrawable: void inflateChildElements(android.content.res.Resources,org.xmlpull.v1.XmlPullParser,android.util.AttributeSet,android.content.res.Resources$Theme)>"
					],
					"depth":7,
					"method":"<android.graphics.drawable.RotateDrawable: void inflate(android.content.res.Resources,org.xmlpull.v1.XmlPullParser,android.util.AttributeSet,android.content.res.Resources$Theme)>",
					"source":"FIELDCALLER"
				},
				{
					"trace":[
						"<android.graphics.drawable.ScaleDrawable: void inflate(android.content.res.Resources,org.xmlpull.v1.XmlPullParser,android.util.AttributeSet,android.content.res.Resources$Theme)>",
						"<android.graphics.drawable.DrawableWrapper: void inflate(android.content.res.Resources,org.xmlpull.v1.XmlPullParser,android.util.AttributeSet,android.content.res.Resources$Theme)>",
						"<android.graphics.drawable.DrawableWrapper: void inflateChildDrawable(android.content.res.Resources,org.xmlpull.v1.XmlPullParser,android.util.AttributeSet,android.content.res.Resources$Theme)>",
						"<android.graphics.drawable.Drawable: android.graphics.drawable.Drawable createFromXmlInnerForDensity(android.content.res.Resources,org.xmlpull.v1.XmlPullParser,android.util.AttributeSet,int,android.content.res.Resources$Theme)>",
						"<android.graphics.drawable.DrawableInflater: android.graphics.drawable.Drawable inflateFromXmlForDensity(java.lang.String,org.xmlpull.v1.XmlPullParser,android.util.AttributeSet,int,android.content.res.Resources$Theme)>",
						"<android.graphics.drawable.LevelListDrawable: void inflate(android.content.res.Resources,org.xmlpull.v1.XmlPullParser,android.util.AttributeSet,android.content.res.Resources$Theme)>",
						"<android.graphics.drawable.LevelListDrawable: void inflateChildElements(android.content.res.Resources,org.xmlpull.v1.XmlPullParser,android.util.AttributeSet,android.content.res.Resources$Theme)>",
						"key field: <com.android.internal.R$styleable: int[] LevelListDrawableItem>",
						"<android.graphics.drawable.LevelListDrawable: void inflateChildElements(android.content.res.Resources,org.xmlpull.v1.XmlPullParser,android.util.AttributeSet,android.content.res.Resources$Theme)>"
					],
					"depth":7,
					"method":"<android.graphics.drawable.ScaleDrawable: void inflate(android.content.res.Resources,org.xmlpull.v1.XmlPullParser,android.util.AttributeSet,android.content.res.Resources$Theme)>",
					"source":"FIELDCALLER"
				},
				{
					"trace":[
						"<android.graphics.drawable.InsetDrawable: void inflate(android.content.res.Resources,org.xmlpull.v1.XmlPullParser,android.util.AttributeSet,android.content.res.Resources$Theme)>",
						"<android.graphics.drawable.DrawableWrapper: void inflate(android.content.res.Resources,org.xmlpull.v1.XmlPullParser,android.util.AttributeSet,android.content.res.Resources$Theme)>",
						"<android.graphics.drawable.DrawableWrapper: void inflateChildDrawable(android.content.res.Resources,org.xmlpull.v1.XmlPullParser,android.util.AttributeSet,android.content.res.Resources$Theme)>",
						"<android.graphics.drawable.Drawable: android.graphics.drawable.Drawable createFromXmlInnerForDensity(android.content.res.Resources,org.xmlpull.v1.XmlPullParser,android.util.AttributeSet,int,android.content.res.Resources$Theme)>",
						"<android.graphics.drawable.DrawableInflater: android.graphics.drawable.Drawable inflateFromXmlForDensity(java.lang.String,org.xmlpull.v1.XmlPullParser,android.util.AttributeSet,int,android.content.res.Resources$Theme)>",
						"<android.graphics.drawable.LevelListDrawable: void inflate(android.content.res.Resources,org.xmlpull.v1.XmlPullParser,android.util.AttributeSet,android.content.res.Resources$Theme)>",
						"<android.graphics.drawable.LevelListDrawable: void inflateChildElements(android.content.res.Resources,org.xmlpull.v1.XmlPullParser,android.util.AttributeSet,android.content.res.Resources$Theme)>",
						"key field: <com.android.internal.R$styleable: int[] LevelListDrawableItem>",
						"<android.graphics.drawable.LevelListDrawable: void inflateChildElements(android.content.res.Resources,org.xmlpull.v1.XmlPullParser,android.util.AttributeSet,android.content.res.Resources$Theme)>"
					],
					"depth":7,
					"method":"<android.graphics.drawable.InsetDrawable: void inflate(android.content.res.Resources,org.xmlpull.v1.XmlPullParser,android.util.AttributeSet,android.content.res.Resources$Theme)>",
					"source":"FIELDCALLER"
				},
				{
					"trace":[
						"<android.graphics.drawable.AnimatedRotateDrawable: void inflate(android.content.res.Resources,org.xmlpull.v1.XmlPullParser,android.util.AttributeSet,android.content.res.Resources$Theme)>",
						"<android.graphics.drawable.DrawableWrapper: void inflate(android.content.res.Resources,org.xmlpull.v1.XmlPullParser,android.util.AttributeSet,android.content.res.Resources$Theme)>",
						"<android.graphics.drawable.DrawableWrapper: void inflateChildDrawable(android.content.res.Resources,org.xmlpull.v1.XmlPullParser,android.util.AttributeSet,android.content.res.Resources$Theme)>",
						"<android.graphics.drawable.Drawable: android.graphics.drawable.Drawable createFromXmlInnerForDensity(android.content.res.Resources,org.xmlpull.v1.XmlPullParser,android.util.AttributeSet,int,android.content.res.Resources$Theme)>",
						"<android.graphics.drawable.DrawableInflater: android.graphics.drawable.Drawable inflateFromXmlForDensity(java.lang.String,org.xmlpull.v1.XmlPullParser,android.util.AttributeSet,int,android.content.res.Resources$Theme)>",
						"<android.graphics.drawable.LevelListDrawable: void inflate(android.content.res.Resources,org.xmlpull.v1.XmlPullParser,android.util.AttributeSet,android.content.res.Resources$Theme)>",
						"<android.graphics.drawable.LevelListDrawable: void inflateChildElements(android.content.res.Resources,org.xmlpull.v1.XmlPullParser,android.util.AttributeSet,android.content.res.Resources$Theme)>",
						"key field: <com.android.internal.R$styleable: int[] LevelListDrawableItem>",
						"<android.graphics.drawable.LevelListDrawable: void inflateChildElements(android.content.res.Resources,org.xmlpull.v1.XmlPullParser,android.util.AttributeSet,android.content.res.Resources$Theme)>"
					],
					"depth":7,
					"method":"<android.graphics.drawable.AnimatedRotateDrawable: void inflate(android.content.res.Resources,org.xmlpull.v1.XmlPullParser,android.util.AttributeSet,android.content.res.Resources$Theme)>",
					"source":"FIELDCALLER"
				},
				{
					"trace":[
						"<android.graphics.drawable.ClipDrawable: void inflate(android.content.res.Resources,org.xmlpull.v1.XmlPullParser,android.util.AttributeSet,android.content.res.Resources$Theme)>",
						"<android.graphics.drawable.DrawableWrapper: void inflate(android.content.res.Resources,org.xmlpull.v1.XmlPullParser,android.util.AttributeSet,android.content.res.Resources$Theme)>",
						"<android.graphics.drawable.DrawableWrapper: void inflateChildDrawable(android.content.res.Resources,org.xmlpull.v1.XmlPullParser,android.util.AttributeSet,android.content.res.Resources$Theme)>",
						"<android.graphics.drawable.Drawable: android.graphics.drawable.Drawable createFromXmlInnerForDensity(android.content.res.Resources,org.xmlpull.v1.XmlPullParser,android.util.AttributeSet,int,android.content.res.Resources$Theme)>",
						"<android.graphics.drawable.DrawableInflater: android.graphics.drawable.Drawable inflateFromXmlForDensity(java.lang.String,org.xmlpull.v1.XmlPullParser,android.util.AttributeSet,int,android.content.res.Resources$Theme)>",
						"<android.graphics.drawable.LevelListDrawable: void inflate(android.content.res.Resources,org.xmlpull.v1.XmlPullParser,android.util.AttributeSet,android.content.res.Resources$Theme)>",
						"<android.graphics.drawable.LevelListDrawable: void inflateChildElements(android.content.res.Resources,org.xmlpull.v1.XmlPullParser,android.util.AttributeSet,android.content.res.Resources$Theme)>",
						"key field: <com.android.internal.R$styleable: int[] LevelListDrawableItem>",
						"<android.graphics.drawable.LevelListDrawable: void inflateChildElements(android.content.res.Resources,org.xmlpull.v1.XmlPullParser,android.util.AttributeSet,android.content.res.Resources$Theme)>"
					],
					"depth":7,
					"method":"<android.graphics.drawable.ClipDrawable: void inflate(android.content.res.Resources,org.xmlpull.v1.XmlPullParser,android.util.AttributeSet,android.content.res.Resources$Theme)>",
					"source":"FIELDCALLER"
				},
				{
					"trace":[
						"<android.graphics.drawable.LayerDrawable: void inflate(android.content.res.Resources,org.xmlpull.v1.XmlPullParser,android.util.AttributeSet,android.content.res.Resources$Theme)>",
						"<android.graphics.drawable.LayerDrawable: void inflateLayers(android.content.res.Resources,org.xmlpull.v1.XmlPullParser,android.util.AttributeSet,android.content.res.Resources$Theme)>",
						"<android.graphics.drawable.Drawable: android.graphics.drawable.Drawable createFromXmlInner(android.content.res.Resources,org.xmlpull.v1.XmlPullParser,android.util.AttributeSet,android.content.res.Resources$Theme)>",
						"<android.graphics.drawable.Drawable: android.graphics.drawable.Drawable createFromXmlInnerForDensity(android.content.res.Resources,org.xmlpull.v1.XmlPullParser,android.util.AttributeSet,int,android.content.res.Resources$Theme)>",
						"<android.graphics.drawable.DrawableInflater: android.graphics.drawable.Drawable inflateFromXmlForDensity(java.lang.String,org.xmlpull.v1.XmlPullParser,android.util.AttributeSet,int,android.content.res.Resources$Theme)>",
						"<android.graphics.drawable.LevelListDrawable: void inflate(android.content.res.Resources,org.xmlpull.v1.XmlPullParser,android.util.AttributeSet,android.content.res.Resources$Theme)>",
						"<android.graphics.drawable.LevelListDrawable: void inflateChildElements(android.content.res.Resources,org.xmlpull.v1.XmlPullParser,android.util.AttributeSet,android.content.res.Resources$Theme)>",
						"key field: <com.android.internal.R$styleable: int[] LevelListDrawableItem>",
						"<android.graphics.drawable.LevelListDrawable: void inflateChildElements(android.content.res.Resources,org.xmlpull.v1.XmlPullParser,android.util.AttributeSet,android.content.res.Resources$Theme)>"
					],
					"depth":7,
					"method":"<android.graphics.drawable.LayerDrawable: void inflate(android.content.res.Resources,org.xmlpull.v1.XmlPullParser,android.util.AttributeSet,android.content.res.Resources$Theme)>",
					"source":"FIELDCALLER"
				},
				{
					"trace":[
						"<android.graphics.drawable.StateListDrawable: void inflate(android.content.res.Resources,org.xmlpull.v1.XmlPullParser,android.util.AttributeSet,android.content.res.Resources$Theme)>",
						"<android.graphics.drawable.StateListDrawable: void inflateChildElements(android.content.res.Resources,org.xmlpull.v1.XmlPullParser,android.util.AttributeSet,android.content.res.Resources$Theme)>",
						"<android.graphics.drawable.Drawable: android.graphics.drawable.Drawable createFromXmlInner(android.content.res.Resources,org.xmlpull.v1.XmlPullParser,android.util.AttributeSet,android.content.res.Resources$Theme)>",
						"<android.graphics.drawable.Drawable: android.graphics.drawable.Drawable createFromXmlInnerForDensity(android.content.res.Resources,org.xmlpull.v1.XmlPullParser,android.util.AttributeSet,int,android.content.res.Resources$Theme)>",
						"<android.graphics.drawable.DrawableInflater: android.graphics.drawable.Drawable inflateFromXmlForDensity(java.lang.String,org.xmlpull.v1.XmlPullParser,android.util.AttributeSet,int,android.content.res.Resources$Theme)>",
						"<android.graphics.drawable.LevelListDrawable: void inflate(android.content.res.Resources,org.xmlpull.v1.XmlPullParser,android.util.AttributeSet,android.content.res.Resources$Theme)>",
						"<android.graphics.drawable.LevelListDrawable: void inflateChildElements(android.content.res.Resources,org.xmlpull.v1.XmlPullParser,android.util.AttributeSet,android.content.res.Resources$Theme)>",
						"key field: <com.android.internal.R$styleable: int[] LevelListDrawableItem>",
						"<android.graphics.drawable.LevelListDrawable: void inflateChildElements(android.content.res.Resources,org.xmlpull.v1.XmlPullParser,android.util.AttributeSet,android.content.res.Resources$Theme)>"
					],
					"depth":7,
					"method":"<android.graphics.drawable.StateListDrawable: void inflate(android.content.res.Resources,org.xmlpull.v1.XmlPullParser,android.util.AttributeSet,android.content.res.Resources$Theme)>",
					"source":"FIELDCALLER"
				},
				{
					"trace":[
						"<android.graphics.drawable.AnimationDrawable: void inflate(android.content.res.Resources,org.xmlpull.v1.XmlPullParser,android.util.AttributeSet,android.content.res.Resources$Theme)>",
						"<android.graphics.drawable.AnimationDrawable: void inflateChildElements(android.content.res.Resources,org.xmlpull.v1.XmlPullParser,android.util.AttributeSet,android.content.res.Resources$Theme)>",
						"<android.graphics.drawable.Drawable: android.graphics.drawable.Drawable createFromXmlInner(android.content.res.Resources,org.xmlpull.v1.XmlPullParser,android.util.AttributeSet,android.content.res.Resources$Theme)>",
						"<android.graphics.drawable.Drawable: android.graphics.drawable.Drawable createFromXmlInnerForDensity(android.content.res.Resources,org.xmlpull.v1.XmlPullParser,android.util.AttributeSet,int,android.content.res.Resources$Theme)>",
						"<android.graphics.drawable.DrawableInflater: android.graphics.drawable.Drawable inflateFromXmlForDensity(java.lang.String,org.xmlpull.v1.XmlPullParser,android.util.AttributeSet,int,android.content.res.Resources$Theme)>",
						"<android.graphics.drawable.LevelListDrawable: void inflate(android.content.res.Resources,org.xmlpull.v1.XmlPullParser,android.util.AttributeSet,android.content.res.Resources$Theme)>",
						"<android.graphics.drawable.LevelListDrawable: void inflateChildElements(android.content.res.Resources,org.xmlpull.v1.XmlPullParser,android.util.AttributeSet,android.content.res.Resources$Theme)>",
						"key field: <com.android.internal.R$styleable: int[] LevelListDrawableItem>",
						"<android.graphics.drawable.LevelListDrawable: void inflateChildElements(android.content.res.Resources,org.xmlpull.v1.XmlPullParser,android.util.AttributeSet,android.content.res.Resources$Theme)>"
					],
					"depth":7,
					"method":"<android.graphics.drawable.AnimationDrawable: void inflate(android.content.res.Resources,org.xmlpull.v1.XmlPullParser,android.util.AttributeSet,android.content.res.Resources$Theme)>",
					"source":"FIELDCALLER"
				},
				{
					"trace":[
						"<android.graphics.drawable.RippleDrawable: void inflate(android.content.res.Resources,org.xmlpull.v1.XmlPullParser,android.util.AttributeSet,android.content.res.Resources$Theme)>",
						"<android.graphics.drawable.LayerDrawable: void inflate(android.content.res.Resources,org.xmlpull.v1.XmlPullParser,android.util.AttributeSet,android.content.res.Resources$Theme)>",
						"<android.graphics.drawable.LayerDrawable: void inflateLayers(android.content.res.Resources,org.xmlpull.v1.XmlPullParser,android.util.AttributeSet,android.content.res.Resources$Theme)>",
						"<android.graphics.drawable.Drawable: android.graphics.drawable.Drawable createFromXmlInner(android.content.res.Resources,org.xmlpull.v1.XmlPullParser,android.util.AttributeSet,android.content.res.Resources$Theme)>",
						"<android.graphics.drawable.Drawable: android.graphics.drawable.Drawable createFromXmlInnerForDensity(android.content.res.Resources,org.xmlpull.v1.XmlPullParser,android.util.AttributeSet,int,android.content.res.Resources$Theme)>",
						"<android.graphics.drawable.DrawableInflater: android.graphics.drawable.Drawable inflateFromXmlForDensity(java.lang.String,org.xmlpull.v1.XmlPullParser,android.util.AttributeSet,int,android.content.res.Resources$Theme)>",
						"<android.graphics.drawable.LevelListDrawable: void inflate(android.content.res.Resources,org.xmlpull.v1.XmlPullParser,android.util.AttributeSet,android.content.res.Resources$Theme)>",
						"<android.graphics.drawable.LevelListDrawable: void inflateChildElements(android.content.res.Resources,org.xmlpull.v1.XmlPullParser,android.util.AttributeSet,android.content.res.Resources$Theme)>",
						"key field: <com.android.internal.R$styleable: int[] LevelListDrawableItem>",
						"<android.graphics.drawable.LevelListDrawable: void inflateChildElements(android.content.res.Resources,org.xmlpull.v1.XmlPullParser,android.util.AttributeSet,android.content.res.Resources$Theme)>"
					],
					"depth":8,
					"method":"<android.graphics.drawable.RippleDrawable: void inflate(android.content.res.Resources,org.xmlpull.v1.XmlPullParser,android.util.AttributeSet,android.content.res.Resources$Theme)>",
					"source":"FIELDCALLER"
				},
				{
					"trace":[
						"<android.graphics.drawable.AnimatedStateListDrawable: void inflate(android.content.res.Resources,org.xmlpull.v1.XmlPullParser,android.util.AttributeSet,android.content.res.Resources$Theme)>",
						"<android.graphics.drawable.AnimatedStateListDrawable: void inflateChildElements(android.content.res.Resources,org.xmlpull.v1.XmlPullParser,android.util.AttributeSet,android.content.res.Resources$Theme)>",
						"<android.graphics.drawable.AnimatedStateListDrawable: int parseTransition(android.content.res.Resources,org.xmlpull.v1.XmlPullParser,android.util.AttributeSet,android.content.res.Resources$Theme)>",
						"<android.graphics.drawable.Drawable: android.graphics.drawable.Drawable createFromXmlInner(android.content.res.Resources,org.xmlpull.v1.XmlPullParser,android.util.AttributeSet,android.content.res.Resources$Theme)>",
						"<android.graphics.drawable.Drawable: android.graphics.drawable.Drawable createFromXmlInnerForDensity(android.content.res.Resources,org.xmlpull.v1.XmlPullParser,android.util.AttributeSet,int,android.content.res.Resources$Theme)>",
						"<android.graphics.drawable.DrawableInflater: android.graphics.drawable.Drawable inflateFromXmlForDensity(java.lang.String,org.xmlpull.v1.XmlPullParser,android.util.AttributeSet,int,android.content.res.Resources$Theme)>",
						"<android.graphics.drawable.LevelListDrawable: void inflate(android.content.res.Resources,org.xmlpull.v1.XmlPullParser,android.util.AttributeSet,android.content.res.Resources$Theme)>",
						"<android.graphics.drawable.LevelListDrawable: void inflateChildElements(android.content.res.Resources,org.xmlpull.v1.XmlPullParser,android.util.AttributeSet,android.content.res.Resources$Theme)>",
						"key field: <com.android.internal.R$styleable: int[] LevelListDrawableItem>",
						"<android.graphics.drawable.LevelListDrawable: void inflateChildElements(android.content.res.Resources,org.xmlpull.v1.XmlPullParser,android.util.AttributeSet,android.content.res.Resources$Theme)>"
					],
					"depth":8,
					"method":"<android.graphics.drawable.AnimatedStateListDrawable: void inflate(android.content.res.Resources,org.xmlpull.v1.XmlPullParser,android.util.AttributeSet,android.content.res.Resources$Theme)>",
					"source":"FIELDCALLER"
				}
			],
			"callerOfSingnlar2SourceVar":{
				"<android.graphics.drawable.LevelListDrawable: void inflate(android.content.res.Resources,org.xmlpull.v1.XmlPullParser,android.util.AttributeSet,android.content.res.Resources$Theme)>":"0, 3, 2, 1",
				"<android.graphics.drawable.LevelListDrawable: void inflateChildElements(android.content.res.Resources,org.xmlpull.v1.XmlPullParser,android.util.AttributeSet,android.content.res.Resources$Theme)>":"0, 3, 2, 1"
			}
		}
	]
}