{
	"exceptions":[
		{
			"method":"<android.accounts.AuthenticatorDescription: void <init>(java.lang.String,java.lang.String,int,int,int,int,boolean)>",
			"message":"\\QpackageName cannot be null\\E",
			"relatedVarType":"Parameter",
			"relatedCondType":"Basic",
			"modifier":"public",
			"type":"java.lang.IllegalArgumentException",
			"osVersionRelated":false,
			"resourceRelated":false,
			"assessRelated":false,
			"hardwareRelated":false,
			"manifestRelated":false,
			"conditions":"r2 != null, r1 != null",
			"paramValues":"@parameter1: java.lang.String, @parameter0: java.lang.String",
			"relatedValues":"@parameter1: java.lang.String, @parameter0: java.lang.String; ; ",
			"keyAPISameClassNum":0,
			"keyAPIDiffClassNum":0,
			"keyAPISameClass":[
				{
					"trace":[
						"<android.accounts.AuthenticatorDescription: void <init>(java.lang.String,java.lang.String,int,int,int,int,boolean)>"
					],
					"depth":0,
					"method":"<android.accounts.AuthenticatorDescription: void <init>(java.lang.String,java.lang.String,int,int,int,int,boolean)>",
					"source":"CALLER"
				},
				{
					"trace":[
						"<android.accounts.AuthenticatorDescription: void <init>(java.lang.String,java.lang.String,int,int,int,int)>",
						"<android.accounts.AuthenticatorDescription: void <init>(java.lang.String,java.lang.String,int,int,int,int,boolean)>"
					],
					"depth":1,
					"method":"<android.accounts.AuthenticatorDescription: void <init>(java.lang.String,java.lang.String,int,int,int,int)>",
					"source":"CALLER"
				}
			],
			"keyAPIDiffClass":[],
			"callerOfSingnlar2SourceVar":{
				"<android.accounts.AuthenticatorDescription: void <init>(java.lang.String,java.lang.String,int,int,int,int)>":"1, 0",
				"<android.accounts.AuthenticatorDescription: void <init>(java.lang.String,java.lang.String,int,int,int,int,boolean)>":"1, 0"
			}
		},
		{
			"method":"<android.accounts.AuthenticatorDescription: void <init>(java.lang.String,java.lang.String,int,int,int,int,boolean)>",
			"message":"\\Qtype cannot be null\\E",
			"relatedVarType":"Parameter",
			"relatedCondType":"Basic",
			"modifier":"public",
			"type":"java.lang.IllegalArgumentException",
			"osVersionRelated":false,
			"resourceRelated":false,
			"assessRelated":false,
			"hardwareRelated":false,
			"manifestRelated":false,
			"conditions":"r1 != null",
			"paramValues":"@parameter0: java.lang.String",
			"relatedValues":"@parameter0: java.lang.String; ; ",
			"keyAPISameClassNum":0,
			"keyAPIDiffClassNum":0,
			"keyAPISameClass":[
				{
					"trace":[
						"<android.accounts.AuthenticatorDescription: void <init>(java.lang.String,java.lang.String,int,int,int,int,boolean)>"
					],
					"depth":0,
					"method":"<android.accounts.AuthenticatorDescription: void <init>(java.lang.String,java.lang.String,int,int,int,int,boolean)>",
					"source":"CALLER"
				},
				{
					"trace":[
						"<android.accounts.AuthenticatorDescription: void <init>(java.lang.String,java.lang.String,int,int,int,int)>",
						"<android.accounts.AuthenticatorDescription: void <init>(java.lang.String,java.lang.String,int,int,int,int,boolean)>"
					],
					"depth":1,
					"method":"<android.accounts.AuthenticatorDescription: void <init>(java.lang.String,java.lang.String,int,int,int,int)>",
					"source":"CALLER"
				}
			],
			"keyAPIDiffClass":[],
			"callerOfSingnlar2SourceVar":{
				"<android.accounts.AuthenticatorDescription: void <init>(java.lang.String,java.lang.String,int,int,int,int)>":"0",
				"<android.accounts.AuthenticatorDescription: void <init>(java.lang.String,java.lang.String,int,int,int,int,boolean)>":"0"
			}
		},
		{
			"method":"<android.accounts.AuthenticatorDescription: android.accounts.AuthenticatorDescription newKey(java.lang.String)>",
			"message":"\\Qtype cannot be null\\E",
			"relatedVarType":"Parameter",
			"relatedCondType":"Basic",
			"modifier":"public",
			"type":"java.lang.IllegalArgumentException",
			"osVersionRelated":false,
			"resourceRelated":false,
			"assessRelated":false,
			"hardwareRelated":false,
			"manifestRelated":false,
			"conditions":"r0 != null",
			"paramValues":"@parameter0: java.lang.String",
			"relatedValues":"@parameter0: java.lang.String; ; ",
			"keyAPISameClassNum":0,
			"keyAPIDiffClassNum":0,
			"keyAPISameClass":[
				{
					"trace":[
						"<android.accounts.AuthenticatorDescription: android.accounts.AuthenticatorDescription newKey(java.lang.String)>"
					],
					"depth":0,
					"method":"<android.accounts.AuthenticatorDescription: android.accounts.AuthenticatorDescription newKey(java.lang.String)>",
					"source":"CALLER"
				}
			],
			"keyAPIDiffClass":[],
			"callerOfSingnlar2SourceVar":{
				"<android.accounts.AuthenticatorDescription: android.accounts.AuthenticatorDescription newKey(java.lang.String)>":"0"
			}
		}
	]
}