{
	"exceptions":[
		{
			"method":"<android.graphics.ColorSpace$Rgb: void <init>(java.lang.String,float[],float[],java.util.function.DoubleUnaryOperator,java.util.function.DoubleUnaryOperator,float,float,int)>",
			"message":"\\QThe color space's white point must be defined as an array of 2 floats in xyY or 3 float in XYZ\\E",
			"relatedVarType":"Parameter",
			"relatedCondType":"Basic",
			"modifier":"private",
			"type":"java.lang.IllegalArgumentException",
			"osVersionRelated":false,
			"resourceRelated":false,
			"assessRelated":false,
			"hardwareRelated":false,
			"manifestRelated":false,
			"conditions":"r5 == null, $i1 == 6, r3 == null",
			"paramValues":"@parameter2: float[], @parameter1: float[]",
			"relatedValues":"@parameter2: float[], @parameter1: float[]; ; ",
			"keyAPISameClassNum":0,
			"keyAPIDiffClassNum":0,
			"keyAPISameClass":[
				{
					"trace":[
						"<android.graphics.ColorSpace$Rgb: void <init>(java.lang.String,float[],float[],java.util.function.DoubleUnaryOperator,java.util.function.DoubleUnaryOperator,float,float,int)>"
					],
					"depth":0,
					"method":"<android.graphics.ColorSpace$Rgb: void <init>(java.lang.String,float[],float[],java.util.function.DoubleUnaryOperator,java.util.function.DoubleUnaryOperator,float,float,int)>",
					"source":"CALLER"
				},
				{
					"trace":[
						"<android.graphics.ColorSpace$Rgb: void <init>(java.lang.String,float[],float[],java.util.function.DoubleUnaryOperator,java.util.function.DoubleUnaryOperator,float,float)>",
						"<android.graphics.ColorSpace$Rgb: void <init>(java.lang.String,float[],float[],java.util.function.DoubleUnaryOperator,java.util.function.DoubleUnaryOperator,float,float,int)>"
					],
					"depth":1,
					"method":"<android.graphics.ColorSpace$Rgb: void <init>(java.lang.String,float[],float[],java.util.function.DoubleUnaryOperator,java.util.function.DoubleUnaryOperator,float,float)>",
					"source":"CALLER"
				},
				{
					"trace":[
						"<android.graphics.ColorSpace$Rgb: void <init>(java.lang.String,float[],java.util.function.DoubleUnaryOperator,java.util.function.DoubleUnaryOperator)>",
						"<android.graphics.ColorSpace$Rgb: void <init>(java.lang.String,float[],float[],java.util.function.DoubleUnaryOperator,java.util.function.DoubleUnaryOperator,float,float,int)>"
					],
					"depth":1,
					"method":"<android.graphics.ColorSpace$Rgb: void <init>(java.lang.String,float[],java.util.function.DoubleUnaryOperator,java.util.function.DoubleUnaryOperator)>",
					"source":"CALLER"
				},
				{
					"trace":[
						"<android.graphics.ColorSpace$Rgb: void <init>(java.lang.String,float[],float[],double)>",
						"<android.graphics.ColorSpace$Rgb: void <init>(java.lang.String,float[],float[],double,float,float,int)>",
						"<android.graphics.ColorSpace$Rgb: void <init>(java.lang.String,float[],float[],java.util.function.DoubleUnaryOperator,java.util.function.DoubleUnaryOperator,float,float,int)>"
					],
					"depth":2,
					"method":"<android.graphics.ColorSpace$Rgb: void <init>(java.lang.String,float[],float[],double)>",
					"source":"CALLER"
				},
				{
					"trace":[
						"<android.graphics.ColorSpace$Rgb: void <init>(java.lang.String,float[],double)>",
						"<android.graphics.ColorSpace$Rgb: void <init>(java.lang.String,float[],float[],double,float,float,int)>",
						"<android.graphics.ColorSpace$Rgb: void <init>(java.lang.String,float[],float[],java.util.function.DoubleUnaryOperator,java.util.function.DoubleUnaryOperator,float,float,int)>"
					],
					"depth":2,
					"method":"<android.graphics.ColorSpace$Rgb: void <init>(java.lang.String,float[],double)>",
					"source":"CALLER"
				},
				{
					"trace":[
						"<android.graphics.ColorSpace$Rgb: void <init>(java.lang.String,float[],float[],android.graphics.ColorSpace$Rgb$TransferParameters)>",
						"<android.graphics.ColorSpace$Rgb: void <init>(java.lang.String,float[],float[],android.graphics.ColorSpace$Rgb$TransferParameters,int)>",
						"<android.graphics.ColorSpace$Rgb: void <init>(java.lang.String,float[],float[],java.util.function.DoubleUnaryOperator,java.util.function.DoubleUnaryOperator,float,float,int)>"
					],
					"depth":2,
					"method":"<android.graphics.ColorSpace$Rgb: void <init>(java.lang.String,float[],float[],android.graphics.ColorSpace$Rgb$TransferParameters)>",
					"source":"CALLER"
				},
				{
					"trace":[
						"<android.graphics.ColorSpace$Rgb: void <init>(java.lang.String,float[],android.graphics.ColorSpace$Rgb$TransferParameters)>",
						"<android.graphics.ColorSpace$Rgb: void <init>(java.lang.String,float[],float[],android.graphics.ColorSpace$Rgb$TransferParameters,int)>",
						"<android.graphics.ColorSpace$Rgb: void <init>(java.lang.String,float[],float[],java.util.function.DoubleUnaryOperator,java.util.function.DoubleUnaryOperator,float,float,int)>"
					],
					"depth":2,
					"method":"<android.graphics.ColorSpace$Rgb: void <init>(java.lang.String,float[],android.graphics.ColorSpace$Rgb$TransferParameters)>",
					"source":"CALLER"
				}
			],
			"keyAPIDiffClass":[],
			"callerOfSingnlar2SourceVar":{
				"<android.graphics.ColorSpace$Rgb: void <init>(java.lang.String,float[],float[],android.graphics.ColorSpace$Rgb$TransferParameters,int,android.graphics.ColorSpace$1)>":"2, 1",
				"<android.graphics.ColorSpace$Rgb: void <init>(java.lang.String,float[],float[],java.util.function.DoubleUnaryOperator,java.util.function.DoubleUnaryOperator,float,float,int)>":"2, 1",
				"<android.graphics.ColorSpace$Rgb: void <init>(java.lang.String,float[],float[],java.util.function.DoubleUnaryOperator,java.util.function.DoubleUnaryOperator,float,float)>":"2, 1",
				"<android.graphics.ColorSpace$Rgb: void <init>(java.lang.String,float[],float[],double)>":"2, 1",
				"<android.graphics.ColorSpace$Rgb: void <init>(java.lang.String,float[],float[],android.graphics.ColorSpace$Rgb$TransferParameters)>":"2, 1",
				"<android.graphics.ColorSpace$Rgb: void <init>(java.lang.String,float[],float[],android.graphics.ColorSpace$Rgb$TransferParameters,int)>":"2, 1",
				"<android.graphics.ColorSpace$Rgb: void <init>(java.lang.String,float[],float[],double,float,float,int)>":"2, 1",
				"<android.graphics.ColorSpace$Rgb: void <init>(java.lang.String,float[],float[],java.util.function.DoubleUnaryOperator,java.util.function.DoubleUnaryOperator,float,float,int,android.graphics.ColorSpace$1)>":"2, 1",
				"<android.graphics.ColorSpace$Rgb: void <init>(java.lang.String,float[],float[],double,float,float,int,android.graphics.ColorSpace$1)>":"2, 1"
			}
		},
		{
			"method":"<android.graphics.ColorSpace$Rgb: void <init>(java.lang.String,float[],float[],java.util.function.DoubleUnaryOperator,java.util.function.DoubleUnaryOperator,float,float,int)>",
			"message":"\\QThe color space's primaries must be defined as an array of 6 floats in xyY or 9 floats in XYZ\\E",
			"relatedVarType":"Parameter",
			"relatedCondType":"Basic",
			"modifier":"private",
			"type":"java.lang.IllegalArgumentException",
			"osVersionRelated":false,
			"resourceRelated":false,
			"assessRelated":false,
			"hardwareRelated":false,
			"manifestRelated":false,
			"conditions":"r3 == null, $i5 == 9, $i1 == 6",
			"paramValues":"@parameter1: float[]",
			"relatedValues":"@parameter1: float[]; ; ",
			"keyAPISameClassNum":0,
			"keyAPIDiffClassNum":0,
			"keyAPISameClass":[
				{
					"trace":[
						"<android.graphics.ColorSpace$Rgb: void <init>(java.lang.String,float[],float[],java.util.function.DoubleUnaryOperator,java.util.function.DoubleUnaryOperator,float,float,int)>"
					],
					"depth":0,
					"method":"<android.graphics.ColorSpace$Rgb: void <init>(java.lang.String,float[],float[],java.util.function.DoubleUnaryOperator,java.util.function.DoubleUnaryOperator,float,float,int)>",
					"source":"CALLER"
				},
				{
					"trace":[
						"<android.graphics.ColorSpace$Rgb: void <init>(java.lang.String,float[],float[],java.util.function.DoubleUnaryOperator,java.util.function.DoubleUnaryOperator,float,float)>",
						"<android.graphics.ColorSpace$Rgb: void <init>(java.lang.String,float[],float[],java.util.function.DoubleUnaryOperator,java.util.function.DoubleUnaryOperator,float,float,int)>"
					],
					"depth":1,
					"method":"<android.graphics.ColorSpace$Rgb: void <init>(java.lang.String,float[],float[],java.util.function.DoubleUnaryOperator,java.util.function.DoubleUnaryOperator,float,float)>",
					"source":"CALLER"
				},
				{
					"trace":[
						"<android.graphics.ColorSpace$Rgb: void <init>(java.lang.String,float[],java.util.function.DoubleUnaryOperator,java.util.function.DoubleUnaryOperator)>",
						"<android.graphics.ColorSpace$Rgb: void <init>(java.lang.String,float[],float[],java.util.function.DoubleUnaryOperator,java.util.function.DoubleUnaryOperator,float,float,int)>"
					],
					"depth":1,
					"method":"<android.graphics.ColorSpace$Rgb: void <init>(java.lang.String,float[],java.util.function.DoubleUnaryOperator,java.util.function.DoubleUnaryOperator)>",
					"source":"CALLER"
				},
				{
					"trace":[
						"<android.graphics.ColorSpace$Rgb: void <init>(java.lang.String,float[],float[],double)>",
						"<android.graphics.ColorSpace$Rgb: void <init>(java.lang.String,float[],float[],double,float,float,int)>",
						"<android.graphics.ColorSpace$Rgb: void <init>(java.lang.String,float[],float[],java.util.function.DoubleUnaryOperator,java.util.function.DoubleUnaryOperator,float,float,int)>"
					],
					"depth":2,
					"method":"<android.graphics.ColorSpace$Rgb: void <init>(java.lang.String,float[],float[],double)>",
					"source":"CALLER"
				},
				{
					"trace":[
						"<android.graphics.ColorSpace$Rgb: void <init>(java.lang.String,float[],double)>",
						"<android.graphics.ColorSpace$Rgb: void <init>(java.lang.String,float[],float[],double,float,float,int)>",
						"<android.graphics.ColorSpace$Rgb: void <init>(java.lang.String,float[],float[],java.util.function.DoubleUnaryOperator,java.util.function.DoubleUnaryOperator,float,float,int)>"
					],
					"depth":2,
					"method":"<android.graphics.ColorSpace$Rgb: void <init>(java.lang.String,float[],double)>",
					"source":"CALLER"
				},
				{
					"trace":[
						"<android.graphics.ColorSpace$Rgb: void <init>(java.lang.String,float[],float[],android.graphics.ColorSpace$Rgb$TransferParameters)>",
						"<android.graphics.ColorSpace$Rgb: void <init>(java.lang.String,float[],float[],android.graphics.ColorSpace$Rgb$TransferParameters,int)>",
						"<android.graphics.ColorSpace$Rgb: void <init>(java.lang.String,float[],float[],java.util.function.DoubleUnaryOperator,java.util.function.DoubleUnaryOperator,float,float,int)>"
					],
					"depth":2,
					"method":"<android.graphics.ColorSpace$Rgb: void <init>(java.lang.String,float[],float[],android.graphics.ColorSpace$Rgb$TransferParameters)>",
					"source":"CALLER"
				},
				{
					"trace":[
						"<android.graphics.ColorSpace$Rgb: void <init>(java.lang.String,float[],android.graphics.ColorSpace$Rgb$TransferParameters)>",
						"<android.graphics.ColorSpace$Rgb: void <init>(java.lang.String,float[],float[],android.graphics.ColorSpace$Rgb$TransferParameters,int)>",
						"<android.graphics.ColorSpace$Rgb: void <init>(java.lang.String,float[],float[],java.util.function.DoubleUnaryOperator,java.util.function.DoubleUnaryOperator,float,float,int)>"
					],
					"depth":2,
					"method":"<android.graphics.ColorSpace$Rgb: void <init>(java.lang.String,float[],android.graphics.ColorSpace$Rgb$TransferParameters)>",
					"source":"CALLER"
				}
			],
			"keyAPIDiffClass":[],
			"callerOfSingnlar2SourceVar":{
				"<android.graphics.ColorSpace$Rgb: void <init>(java.lang.String,float[],float[],android.graphics.ColorSpace$Rgb$TransferParameters,int,android.graphics.ColorSpace$1)>":"1",
				"<android.graphics.ColorSpace$Rgb: void <init>(java.lang.String,float[],float[],java.util.function.DoubleUnaryOperator,java.util.function.DoubleUnaryOperator,float,float,int)>":"1",
				"<android.graphics.ColorSpace$Rgb: void <init>(java.lang.String,float[],float[],java.util.function.DoubleUnaryOperator,java.util.function.DoubleUnaryOperator,float,float)>":"1",
				"<android.graphics.ColorSpace$Rgb: void <init>(java.lang.String,float[],float[],double)>":"1",
				"<android.graphics.ColorSpace$Rgb: void <init>(java.lang.String,float[],float[],android.graphics.ColorSpace$Rgb$TransferParameters)>":"1",
				"<android.graphics.ColorSpace$Rgb: void <init>(java.lang.String,float[],float[],android.graphics.ColorSpace$Rgb$TransferParameters,int)>":"1",
				"<android.graphics.ColorSpace$Rgb: void <init>(java.lang.String,float[],float[],double,float,float,int)>":"1",
				"<android.graphics.ColorSpace$Rgb: void <init>(java.lang.String,float[],float[],java.util.function.DoubleUnaryOperator,java.util.function.DoubleUnaryOperator,float,float,int,android.graphics.ColorSpace$1)>":"1",
				"<android.graphics.ColorSpace$Rgb: void <init>(java.lang.String,float[],float[],double,float,float,int,android.graphics.ColorSpace$1)>":"1"
			}
		},
		{
			"method":"<android.graphics.ColorSpace$Rgb: void <init>(java.lang.String,float[],float[],java.util.function.DoubleUnaryOperator,java.util.function.DoubleUnaryOperator,float,float,int)>",
			"message":"\\QInvalid range: min=\\E[\\s\\S]*\\Q, max=\\E[\\s\\S]*\\Q; min must be strictly < max\\E",
			"relatedVarType":"Parameter",
			"relatedCondType":"Basic",
			"modifier":"private",
			"type":"java.lang.IllegalArgumentException",
			"osVersionRelated":false,
			"resourceRelated":false,
			"assessRelated":false,
			"hardwareRelated":false,
			"manifestRelated":false,
			"conditions":"$b3 < 0, r9 != null, r7 == null",
			"paramValues":"@parameter5: float, @parameter6: float, @parameter4: java.util.function.DoubleUnaryOperator, @parameter3: java.util.function.DoubleUnaryOperator",
			"relatedValues":"@parameter5: float, @parameter6: float, @parameter4: java.util.function.DoubleUnaryOperator, @parameter3: java.util.function.DoubleUnaryOperator; ; ",
			"keyAPISameClassNum":0,
			"keyAPIDiffClassNum":0,
			"keyAPISameClass":[
				{
					"trace":[
						"<android.graphics.ColorSpace$Rgb: void <init>(java.lang.String,float[],float[],java.util.function.DoubleUnaryOperator,java.util.function.DoubleUnaryOperator,float,float,int)>"
					],
					"depth":0,
					"method":"<android.graphics.ColorSpace$Rgb: void <init>(java.lang.String,float[],float[],java.util.function.DoubleUnaryOperator,java.util.function.DoubleUnaryOperator,float,float,int)>",
					"source":"CALLER"
				},
				{
					"trace":[
						"<android.graphics.ColorSpace$Rgb: void <init>(java.lang.String,float[],float[],java.util.function.DoubleUnaryOperator,java.util.function.DoubleUnaryOperator,float,float)>",
						"<android.graphics.ColorSpace$Rgb: void <init>(java.lang.String,float[],float[],java.util.function.DoubleUnaryOperator,java.util.function.DoubleUnaryOperator,float,float,int)>"
					],
					"depth":1,
					"method":"<android.graphics.ColorSpace$Rgb: void <init>(java.lang.String,float[],float[],java.util.function.DoubleUnaryOperator,java.util.function.DoubleUnaryOperator,float,float)>",
					"source":"CALLER"
				},
				{
					"trace":[
						"<android.graphics.ColorSpace$Rgb: void <init>(java.lang.String,float[],java.util.function.DoubleUnaryOperator,java.util.function.DoubleUnaryOperator)>",
						"<android.graphics.ColorSpace$Rgb: void <init>(java.lang.String,float[],float[],java.util.function.DoubleUnaryOperator,java.util.function.DoubleUnaryOperator,float,float,int)>"
					],
					"depth":1,
					"method":"<android.graphics.ColorSpace$Rgb: void <init>(java.lang.String,float[],java.util.function.DoubleUnaryOperator,java.util.function.DoubleUnaryOperator)>",
					"source":"CALLER"
				},
				{
					"trace":[
						"<android.graphics.ColorSpace$Rgb: void <init>(java.lang.String,float[],float[],double)>",
						"<android.graphics.ColorSpace$Rgb: void <init>(java.lang.String,float[],float[],double,float,float,int)>",
						"<android.graphics.ColorSpace$Rgb: void <init>(java.lang.String,float[],float[],java.util.function.DoubleUnaryOperator,java.util.function.DoubleUnaryOperator,float,float,int)>"
					],
					"depth":2,
					"method":"<android.graphics.ColorSpace$Rgb: void <init>(java.lang.String,float[],float[],double)>",
					"source":"CALLER"
				},
				{
					"trace":[
						"<android.graphics.ColorSpace$Rgb: void <init>(java.lang.String,float[],double)>",
						"<android.graphics.ColorSpace$Rgb: void <init>(java.lang.String,float[],float[],double,float,float,int)>",
						"<android.graphics.ColorSpace$Rgb: void <init>(java.lang.String,float[],float[],java.util.function.DoubleUnaryOperator,java.util.function.DoubleUnaryOperator,float,float,int)>"
					],
					"depth":2,
					"method":"<android.graphics.ColorSpace$Rgb: void <init>(java.lang.String,float[],double)>",
					"source":"CALLER"
				},
				{
					"trace":[
						"<android.graphics.ColorSpace$Rgb: void <init>(java.lang.String,float[],float[],android.graphics.ColorSpace$Rgb$TransferParameters)>",
						"<android.graphics.ColorSpace$Rgb: void <init>(java.lang.String,float[],float[],android.graphics.ColorSpace$Rgb$TransferParameters,int)>",
						"<android.graphics.ColorSpace$Rgb: void <init>(java.lang.String,float[],float[],java.util.function.DoubleUnaryOperator,java.util.function.DoubleUnaryOperator,float,float,int)>"
					],
					"depth":2,
					"method":"<android.graphics.ColorSpace$Rgb: void <init>(java.lang.String,float[],float[],android.graphics.ColorSpace$Rgb$TransferParameters)>",
					"source":"CALLER"
				},
				{
					"trace":[
						"<android.graphics.ColorSpace$Rgb: void <init>(java.lang.String,float[],android.graphics.ColorSpace$Rgb$TransferParameters)>",
						"<android.graphics.ColorSpace$Rgb: void <init>(java.lang.String,float[],float[],android.graphics.ColorSpace$Rgb$TransferParameters,int)>",
						"<android.graphics.ColorSpace$Rgb: void <init>(java.lang.String,float[],float[],java.util.function.DoubleUnaryOperator,java.util.function.DoubleUnaryOperator,float,float,int)>"
					],
					"depth":2,
					"method":"<android.graphics.ColorSpace$Rgb: void <init>(java.lang.String,float[],android.graphics.ColorSpace$Rgb$TransferParameters)>",
					"source":"CALLER"
				}
			],
			"keyAPIDiffClass":[],
			"callerOfSingnlar2SourceVar":{
				"<android.graphics.ColorSpace$Rgb: void <init>(java.lang.String,float[],float[],java.util.function.DoubleUnaryOperator,java.util.function.DoubleUnaryOperator,float,float,int)>":"5, 6, 4, 3",
				"<android.graphics.ColorSpace$Rgb: void <init>(java.lang.String,float[],float[],java.util.function.DoubleUnaryOperator,java.util.function.DoubleUnaryOperator,float,float)>":"5, 6, 4, 3",
				"<android.graphics.ColorSpace$Rgb: void <init>(java.lang.String,float[],float[],double,float,float,int)>":"4, 5",
				"<android.graphics.ColorSpace$Rgb: void <init>(java.lang.String,float[],float[],java.util.function.DoubleUnaryOperator,java.util.function.DoubleUnaryOperator,float,float,int,android.graphics.ColorSpace$1)>":"5, 6, 4, 3",
				"<android.graphics.ColorSpace$Rgb: void <init>(java.lang.String,float[],float[],double,float,float,int,android.graphics.ColorSpace$1)>":"4, 5",
				"<android.graphics.ColorSpace$Rgb: void <init>(java.lang.String,float[],java.util.function.DoubleUnaryOperator,java.util.function.DoubleUnaryOperator)>":"3, 2"
			}
		},
		{
			"method":"<android.graphics.ColorSpace$Rgb: void <init>(java.lang.String,float[],float[],java.util.function.DoubleUnaryOperator,java.util.function.DoubleUnaryOperator,float,float,int)>",
			"message":"\\QThe transfer functions of a color space cannot be null\\E",
			"relatedVarType":"Parameter",
			"relatedCondType":"Basic",
			"modifier":"private",
			"type":"java.lang.IllegalArgumentException",
			"osVersionRelated":false,
			"resourceRelated":false,
			"assessRelated":false,
			"hardwareRelated":false,
			"manifestRelated":false,
			"conditions":"r7 == null, $i2 == 2, r5 == null",
			"paramValues":"@parameter3: java.util.function.DoubleUnaryOperator, @parameter2: float[]",
			"relatedValues":"@parameter3: java.util.function.DoubleUnaryOperator, @parameter2: float[]; ; ",
			"keyAPISameClassNum":0,
			"keyAPIDiffClassNum":0,
			"keyAPISameClass":[
				{
					"trace":[
						"<android.graphics.ColorSpace$Rgb: void <init>(java.lang.String,float[],float[],java.util.function.DoubleUnaryOperator,java.util.function.DoubleUnaryOperator,float,float,int)>"
					],
					"depth":0,
					"method":"<android.graphics.ColorSpace$Rgb: void <init>(java.lang.String,float[],float[],java.util.function.DoubleUnaryOperator,java.util.function.DoubleUnaryOperator,float,float,int)>",
					"source":"CALLER"
				},
				{
					"trace":[
						"<android.graphics.ColorSpace$Rgb: void <init>(java.lang.String,float[],float[],java.util.function.DoubleUnaryOperator,java.util.function.DoubleUnaryOperator,float,float)>",
						"<android.graphics.ColorSpace$Rgb: void <init>(java.lang.String,float[],float[],java.util.function.DoubleUnaryOperator,java.util.function.DoubleUnaryOperator,float,float,int)>"
					],
					"depth":1,
					"method":"<android.graphics.ColorSpace$Rgb: void <init>(java.lang.String,float[],float[],java.util.function.DoubleUnaryOperator,java.util.function.DoubleUnaryOperator,float,float)>",
					"source":"CALLER"
				},
				{
					"trace":[
						"<android.graphics.ColorSpace$Rgb: void <init>(java.lang.String,float[],java.util.function.DoubleUnaryOperator,java.util.function.DoubleUnaryOperator)>",
						"<android.graphics.ColorSpace$Rgb: void <init>(java.lang.String,float[],float[],java.util.function.DoubleUnaryOperator,java.util.function.DoubleUnaryOperator,float,float,int)>"
					],
					"depth":1,
					"method":"<android.graphics.ColorSpace$Rgb: void <init>(java.lang.String,float[],java.util.function.DoubleUnaryOperator,java.util.function.DoubleUnaryOperator)>",
					"source":"CALLER"
				},
				{
					"trace":[
						"<android.graphics.ColorSpace$Rgb: void <init>(java.lang.String,float[],float[],double)>",
						"<android.graphics.ColorSpace$Rgb: void <init>(java.lang.String,float[],float[],double,float,float,int)>",
						"<android.graphics.ColorSpace$Rgb: void <init>(java.lang.String,float[],float[],java.util.function.DoubleUnaryOperator,java.util.function.DoubleUnaryOperator,float,float,int)>"
					],
					"depth":2,
					"method":"<android.graphics.ColorSpace$Rgb: void <init>(java.lang.String,float[],float[],double)>",
					"source":"CALLER"
				},
				{
					"trace":[
						"<android.graphics.ColorSpace$Rgb: void <init>(java.lang.String,float[],double)>",
						"<android.graphics.ColorSpace$Rgb: void <init>(java.lang.String,float[],float[],double,float,float,int)>",
						"<android.graphics.ColorSpace$Rgb: void <init>(java.lang.String,float[],float[],java.util.function.DoubleUnaryOperator,java.util.function.DoubleUnaryOperator,float,float,int)>"
					],
					"depth":2,
					"method":"<android.graphics.ColorSpace$Rgb: void <init>(java.lang.String,float[],double)>",
					"source":"CALLER"
				},
				{
					"trace":[
						"<android.graphics.ColorSpace$Rgb: void <init>(java.lang.String,float[],float[],android.graphics.ColorSpace$Rgb$TransferParameters)>",
						"<android.graphics.ColorSpace$Rgb: void <init>(java.lang.String,float[],float[],android.graphics.ColorSpace$Rgb$TransferParameters,int)>",
						"<android.graphics.ColorSpace$Rgb: void <init>(java.lang.String,float[],float[],java.util.function.DoubleUnaryOperator,java.util.function.DoubleUnaryOperator,float,float,int)>"
					],
					"depth":2,
					"method":"<android.graphics.ColorSpace$Rgb: void <init>(java.lang.String,float[],float[],android.graphics.ColorSpace$Rgb$TransferParameters)>",
					"source":"CALLER"
				},
				{
					"trace":[
						"<android.graphics.ColorSpace$Rgb: void <init>(java.lang.String,float[],android.graphics.ColorSpace$Rgb$TransferParameters)>",
						"<android.graphics.ColorSpace$Rgb: void <init>(java.lang.String,float[],float[],android.graphics.ColorSpace$Rgb$TransferParameters,int)>",
						"<android.graphics.ColorSpace$Rgb: void <init>(java.lang.String,float[],float[],java.util.function.DoubleUnaryOperator,java.util.function.DoubleUnaryOperator,float,float,int)>"
					],
					"depth":2,
					"method":"<android.graphics.ColorSpace$Rgb: void <init>(java.lang.String,float[],android.graphics.ColorSpace$Rgb$TransferParameters)>",
					"source":"CALLER"
				}
			],
			"keyAPIDiffClass":[],
			"callerOfSingnlar2SourceVar":{
				"<android.graphics.ColorSpace$Rgb: void <init>(java.lang.String,float[],float[],android.graphics.ColorSpace$Rgb$TransferParameters,int,android.graphics.ColorSpace$1)>":"2",
				"<android.graphics.ColorSpace$Rgb: void <init>(java.lang.String,float[],float[],java.util.function.DoubleUnaryOperator,java.util.function.DoubleUnaryOperator,float,float,int)>":"3, 2",
				"<android.graphics.ColorSpace$Rgb: void <init>(java.lang.String,float[],float[],java.util.function.DoubleUnaryOperator,java.util.function.DoubleUnaryOperator,float,float)>":"3, 2",
				"<android.graphics.ColorSpace$Rgb: void <init>(java.lang.String,float[],float[],double)>":"2",
				"<android.graphics.ColorSpace$Rgb: void <init>(java.lang.String,float[],float[],android.graphics.ColorSpace$Rgb$TransferParameters)>":"2",
				"<android.graphics.ColorSpace$Rgb: void <init>(java.lang.String,float[],float[],android.graphics.ColorSpace$Rgb$TransferParameters,int)>":"2",
				"<android.graphics.ColorSpace$Rgb: void <init>(java.lang.String,float[],float[],double,float,float,int)>":"2",
				"<android.graphics.ColorSpace$Rgb: void <init>(java.lang.String,float[],float[],java.util.function.DoubleUnaryOperator,java.util.function.DoubleUnaryOperator,float,float,int,android.graphics.ColorSpace$1)>":"3, 2",
				"<android.graphics.ColorSpace$Rgb: void <init>(java.lang.String,float[],float[],double,float,float,int,android.graphics.ColorSpace$1)>":"2",
				"<android.graphics.ColorSpace$Rgb: void <init>(java.lang.String,float[],java.util.function.DoubleUnaryOperator,java.util.function.DoubleUnaryOperator)>":"2"
			}
		}
	]
}