{
	"exceptions":[
		{
			"method":"<android.appwidget.AppWidgetHost: void startListening()>",
			"message":"\\Qsystem server dead?\\E",
			"relatedVarType":"Field",
			"relatedCondType":"Basic",
			"modifier":"public",
			"type":"java.lang.RuntimeException",
			"osVersionRelated":false,
			"resourceRelated":false,
			"assessRelated":false,
			"hardwareRelated":false,
			"manifestRelated":false,
			"conditions":"i8 >= i7",
			"fieldValues":"<android.appwidget.AppWidgetHost: android.util.SparseArray mViews>",
			"caughtValues":"@caughtexception",
			"relatedValues":"; <android.appwidget.AppWidgetHost: android.util.SparseArray mViews>; @caughtexception",
			"keyAPISameClassNum":5,
			"keyAPIDiffClassNum":4,
			"keyAPISameClass":[
				{
					"trace":[
						"<android.appwidget.AppWidgetHost: void startListening()>"
					],
					"depth":1,
					"method":"<android.appwidget.AppWidgetHost: void <init>(android.content.Context,int,android.widget.RemoteViews$OnClickHandler,android.os.Looper)>",
					"source":"FIELD"
				},
				{
					"trace":[
						"<android.appwidget.AppWidgetHost: void startListening()>"
					],
					"depth":1,
					"method":"<android.appwidget.AppWidgetHost: void startListening()>",
					"source":"FIELD"
				},
				{
					"trace":[
						"<android.appwidget.AppWidgetHost: void startListening()>"
					],
					"depth":1,
					"method":"<android.appwidget.AppWidgetHost: void deleteAppWidgetId(int)>",
					"source":"FIELD"
				},
				{
					"trace":[
						"<android.appwidget.AppWidgetHost: void startListening()>"
					],
					"depth":1,
					"method":"<android.appwidget.AppWidgetHost: android.appwidget.AppWidgetHostView createView(android.content.Context,int,android.appwidget.AppWidgetProviderInfo)>",
					"source":"FIELD"
				},
				{
					"trace":[
						"<android.appwidget.AppWidgetHost: void <init>(android.content.Context,int)>",
						"<android.appwidget.AppWidgetHost: void <init>(android.content.Context,int,android.widget.RemoteViews$OnClickHandler,android.os.Looper)>",
						"key field: <android.appwidget.AppWidgetHost: android.util.SparseArray mViews>",
						"<android.appwidget.AppWidgetHost: void startListening()>"
					],
					"depth":2,
					"method":"<android.appwidget.AppWidgetHost: void <init>(android.content.Context,int)>",
					"source":"FIELDCALLER"
				}
			],
			"keyAPIDiffClass":[
				{
					"trace":[
						"<android.appwidget.AppWidgetHost$UpdateHandler: void handleMessage(android.os.Message)>",
						"<android.appwidget.AppWidgetHost: void onProviderChanged(int,android.appwidget.AppWidgetProviderInfo)>",
						"key field: <android.appwidget.AppWidgetHost: android.util.SparseArray mViews>",
						"<android.appwidget.AppWidgetHost: void startListening()>"
					],
					"depth":2,
					"method":"<android.appwidget.AppWidgetHost$UpdateHandler: void handleMessage(android.os.Message)>",
					"source":"FIELDCALLER"
				},
				{
					"trace":[
						"<android.hardware.camera2.legacy.RequestThreadManager$5: boolean handleMessage(android.os.Message)>",
						"<android.appwidget.AppWidgetHost$UpdateHandler: void handleMessage(android.os.Message)>",
						"<android.appwidget.AppWidgetHost: void onProviderChanged(int,android.appwidget.AppWidgetProviderInfo)>",
						"key field: <android.appwidget.AppWidgetHost: android.util.SparseArray mViews>",
						"<android.appwidget.AppWidgetHost: void startListening()>"
					],
					"depth":3,
					"method":"<android.hardware.camera2.legacy.RequestThreadManager$5: boolean handleMessage(android.os.Message)>",
					"source":"FIELDCALLER"
				},
				{
					"trace":[
						"<android.os.Handler$Callback: boolean handleMessage(android.os.Message)>",
						"<android.appwidget.AppWidgetHost$UpdateHandler: void handleMessage(android.os.Message)>",
						"<android.appwidget.AppWidgetHost: void onProviderChanged(int,android.appwidget.AppWidgetProviderInfo)>",
						"key field: <android.appwidget.AppWidgetHost: android.util.SparseArray mViews>",
						"<android.appwidget.AppWidgetHost: void startListening()>"
					],
					"depth":3,
					"method":"<android.os.Handler$Callback: boolean handleMessage(android.os.Message)>",
					"source":"FIELDCALLER"
				},
				{
					"trace":[
						"<android.widget.Filter$RequestHandler: void handleMessage(android.os.Message)>",
						"<android.appwidget.AppWidgetHost$UpdateHandler: void handleMessage(android.os.Message)>",
						"<android.appwidget.AppWidgetHost: void onProviderChanged(int,android.appwidget.AppWidgetProviderInfo)>",
						"key field: <android.appwidget.AppWidgetHost: android.util.SparseArray mViews>",
						"<android.appwidget.AppWidgetHost: void startListening()>"
					],
					"depth":3,
					"method":"<android.widget.Filter$RequestHandler: void handleMessage(android.os.Message)>",
					"source":"FIELDCALLER"
				}
			],
			"callerOfSingnlar2SourceVar":{}
		},
		{
			"method":"<android.appwidget.AppWidgetHost: void stopListening()>",
			"message":"\\Qsystem server dead?\\E",
			"relatedVarType":"Unknown",
			"relatedCondType":"Empty",
			"modifier":"public",
			"type":"java.lang.RuntimeException",
			"osVersionRelated":false,
			"resourceRelated":false,
			"assessRelated":false,
			"hardwareRelated":false,
			"manifestRelated":false,
			"caughtValues":"@caughtexception",
			"relatedValues":"; ; @caughtexception",
			"keyAPISameClassNum":0,
			"keyAPIDiffClassNum":0,
			"keyAPISameClass":[],
			"keyAPIDiffClass":[],
			"callerOfSingnlar2SourceVar":{}
		},
		{
			"method":"<android.appwidget.AppWidgetHost: int allocateAppWidgetId()>",
			"message":"\\Qsystem server dead?\\E",
			"relatedVarType":"Unknown",
			"relatedCondType":"Empty",
			"modifier":"public",
			"type":"java.lang.RuntimeException",
			"osVersionRelated":false,
			"resourceRelated":false,
			"assessRelated":false,
			"hardwareRelated":false,
			"manifestRelated":false,
			"caughtValues":"@caughtexception",
			"relatedValues":"; ; @caughtexception",
			"keyAPISameClassNum":0,
			"keyAPIDiffClassNum":0,
			"keyAPISameClass":[],
			"keyAPIDiffClass":[],
			"callerOfSingnlar2SourceVar":{}
		},
		{
			"method":"<android.appwidget.AppWidgetHost: void startAppWidgetConfigureActivityForResult(android.app.Activity,int,int,int,android.os.Bundle)>",
			"message":"[\\s\\S]*",
			"relatedVarType":"ParaAndField",
			"relatedCondType":"Basic",
			"modifier":"public",
			"type":"android.content.ActivityNotFoundException",
			"osVersionRelated":false,
			"resourceRelated":false,
			"assessRelated":false,
			"hardwareRelated":false,
			"manifestRelated":false,
			"conditions":"r10 == null",
			"paramValues":"@parameter1: int, @parameter2: int",
			"fieldValues":"<android.appwidget.AppWidgetHost: java.lang.String mContextOpPackageName>, <android.appwidget.AppWidgetHost: com.android.internal.appwidget.IAppWidgetService sService>",
			"relatedValues":"@parameter1: int, @parameter2: int; <android.appwidget.AppWidgetHost: java.lang.String mContextOpPackageName>, <android.appwidget.AppWidgetHost: com.android.internal.appwidget.IAppWidgetService sService>; ",
			"keyAPISameClassNum":11,
			"keyAPIDiffClassNum":0,
			"keyAPISameClass":[
				{
					"trace":[
						"<android.appwidget.AppWidgetHost: void startAppWidgetConfigureActivityForResult(android.app.Activity,int,int,int,android.os.Bundle)>"
					],
					"depth":1,
					"method":"<android.appwidget.AppWidgetHost: void <init>(android.content.Context,int,android.widget.RemoteViews$OnClickHandler,android.os.Looper)>",
					"source":"FIELD"
				},
				{
					"trace":[
						"<android.appwidget.AppWidgetHost: void startAppWidgetConfigureActivityForResult(android.app.Activity,int,int,int,android.os.Bundle)>"
					],
					"depth":1,
					"method":"<android.appwidget.AppWidgetHost: void startListening()>",
					"source":"FIELD"
				},
				{
					"trace":[
						"<android.appwidget.AppWidgetHost: void startAppWidgetConfigureActivityForResult(android.app.Activity,int,int,int,android.os.Bundle)>"
					],
					"depth":1,
					"method":"<android.appwidget.AppWidgetHost: void stopListening()>",
					"source":"FIELD"
				},
				{
					"trace":[
						"<android.appwidget.AppWidgetHost: void startAppWidgetConfigureActivityForResult(android.app.Activity,int,int,int,android.os.Bundle)>"
					],
					"depth":1,
					"method":"<android.appwidget.AppWidgetHost: int allocateAppWidgetId()>",
					"source":"FIELD"
				},
				{
					"trace":[
						"<android.appwidget.AppWidgetHost: void startAppWidgetConfigureActivityForResult(android.app.Activity,int,int,int,android.os.Bundle)>"
					],
					"depth":1,
					"method":"<android.appwidget.AppWidgetHost: void startAppWidgetConfigureActivityForResult(android.app.Activity,int,int,int,android.os.Bundle)>",
					"source":"FIELD"
				},
				{
					"trace":[
						"<android.appwidget.AppWidgetHost: void startAppWidgetConfigureActivityForResult(android.app.Activity,int,int,int,android.os.Bundle)>"
					],
					"depth":1,
					"method":"<android.appwidget.AppWidgetHost: int[] getAppWidgetIds()>",
					"source":"FIELD"
				},
				{
					"trace":[
						"<android.appwidget.AppWidgetHost: void startAppWidgetConfigureActivityForResult(android.app.Activity,int,int,int,android.os.Bundle)>"
					],
					"depth":1,
					"method":"<android.appwidget.AppWidgetHost: void deleteAppWidgetId(int)>",
					"source":"FIELD"
				},
				{
					"trace":[
						"<android.appwidget.AppWidgetHost: void startAppWidgetConfigureActivityForResult(android.app.Activity,int,int,int,android.os.Bundle)>"
					],
					"depth":1,
					"method":"<android.appwidget.AppWidgetHost: void deleteHost()>",
					"source":"FIELD"
				},
				{
					"trace":[
						"<android.appwidget.AppWidgetHost: void startAppWidgetConfigureActivityForResult(android.app.Activity,int,int,int,android.os.Bundle)>"
					],
					"depth":1,
					"method":"<android.appwidget.AppWidgetHost: android.appwidget.AppWidgetHostView createView(android.content.Context,int,android.appwidget.AppWidgetProviderInfo)>",
					"source":"FIELD"
				},
				{
					"trace":[
						"<android.appwidget.AppWidgetHost: void startAppWidgetConfigureActivityForResult(android.app.Activity,int,int,int,android.os.Bundle)>"
					],
					"depth":1,
					"method":"<android.appwidget.AppWidgetHost: void deleteAllHosts()>",
					"source":"FIELD"
				},
				{
					"trace":[
						"<android.appwidget.AppWidgetHost: void <init>(android.content.Context,int)>",
						"<android.appwidget.AppWidgetHost: void <init>(android.content.Context,int,android.widget.RemoteViews$OnClickHandler,android.os.Looper)>",
						"key field: <android.appwidget.AppWidgetHost: java.lang.String mContextOpPackageName>",
						"<android.appwidget.AppWidgetHost: void startAppWidgetConfigureActivityForResult(android.app.Activity,int,int,int,android.os.Bundle)>"
					],
					"depth":2,
					"method":"<android.appwidget.AppWidgetHost: void <init>(android.content.Context,int)>",
					"source":"FIELDCALLER"
				}
			],
			"keyAPIDiffClass":[],
			"callerOfSingnlar2SourceVar":{
				"<android.appwidget.AppWidgetHost: void startAppWidgetConfigureActivityForResult(android.app.Activity,int,int,int,android.os.Bundle)>":"1, 2"
			}
		},
		{
			"method":"<android.appwidget.AppWidgetHost: void startAppWidgetConfigureActivityForResult(android.app.Activity,int,int,int,android.os.Bundle)>",
			"message":"\\Qsystem server dead?\\E",
			"relatedVarType":"ParaAndField",
			"relatedCondType":"Basic",
			"modifier":"public",
			"type":"java.lang.RuntimeException",
			"osVersionRelated":false,
			"resourceRelated":false,
			"assessRelated":false,
			"hardwareRelated":false,
			"manifestRelated":false,
			"conditions":"r10 == null",
			"paramValues":"@parameter1: int, @parameter2: int",
			"fieldValues":"<android.appwidget.AppWidgetHost: java.lang.String mContextOpPackageName>, <android.appwidget.AppWidgetHost: com.android.internal.appwidget.IAppWidgetService sService>",
			"caughtValues":"@caughtexception",
			"relatedValues":"@parameter1: int, @parameter2: int; <android.appwidget.AppWidgetHost: java.lang.String mContextOpPackageName>, <android.appwidget.AppWidgetHost: com.android.internal.appwidget.IAppWidgetService sService>; @caughtexception",
			"keyAPISameClassNum":11,
			"keyAPIDiffClassNum":0,
			"keyAPISameClass":[
				{
					"trace":[
						"<android.appwidget.AppWidgetHost: void startAppWidgetConfigureActivityForResult(android.app.Activity,int,int,int,android.os.Bundle)>"
					],
					"depth":1,
					"method":"<android.appwidget.AppWidgetHost: void <init>(android.content.Context,int,android.widget.RemoteViews$OnClickHandler,android.os.Looper)>",
					"source":"FIELD"
				},
				{
					"trace":[
						"<android.appwidget.AppWidgetHost: void startAppWidgetConfigureActivityForResult(android.app.Activity,int,int,int,android.os.Bundle)>"
					],
					"depth":1,
					"method":"<android.appwidget.AppWidgetHost: void startListening()>",
					"source":"FIELD"
				},
				{
					"trace":[
						"<android.appwidget.AppWidgetHost: void startAppWidgetConfigureActivityForResult(android.app.Activity,int,int,int,android.os.Bundle)>"
					],
					"depth":1,
					"method":"<android.appwidget.AppWidgetHost: void stopListening()>",
					"source":"FIELD"
				},
				{
					"trace":[
						"<android.appwidget.AppWidgetHost: void startAppWidgetConfigureActivityForResult(android.app.Activity,int,int,int,android.os.Bundle)>"
					],
					"depth":1,
					"method":"<android.appwidget.AppWidgetHost: int allocateAppWidgetId()>",
					"source":"FIELD"
				},
				{
					"trace":[
						"<android.appwidget.AppWidgetHost: void startAppWidgetConfigureActivityForResult(android.app.Activity,int,int,int,android.os.Bundle)>"
					],
					"depth":1,
					"method":"<android.appwidget.AppWidgetHost: void startAppWidgetConfigureActivityForResult(android.app.Activity,int,int,int,android.os.Bundle)>",
					"source":"FIELD"
				},
				{
					"trace":[
						"<android.appwidget.AppWidgetHost: void startAppWidgetConfigureActivityForResult(android.app.Activity,int,int,int,android.os.Bundle)>"
					],
					"depth":1,
					"method":"<android.appwidget.AppWidgetHost: int[] getAppWidgetIds()>",
					"source":"FIELD"
				},
				{
					"trace":[
						"<android.appwidget.AppWidgetHost: void startAppWidgetConfigureActivityForResult(android.app.Activity,int,int,int,android.os.Bundle)>"
					],
					"depth":1,
					"method":"<android.appwidget.AppWidgetHost: void deleteAppWidgetId(int)>",
					"source":"FIELD"
				},
				{
					"trace":[
						"<android.appwidget.AppWidgetHost: void startAppWidgetConfigureActivityForResult(android.app.Activity,int,int,int,android.os.Bundle)>"
					],
					"depth":1,
					"method":"<android.appwidget.AppWidgetHost: void deleteHost()>",
					"source":"FIELD"
				},
				{
					"trace":[
						"<android.appwidget.AppWidgetHost: void startAppWidgetConfigureActivityForResult(android.app.Activity,int,int,int,android.os.Bundle)>"
					],
					"depth":1,
					"method":"<android.appwidget.AppWidgetHost: android.appwidget.AppWidgetHostView createView(android.content.Context,int,android.appwidget.AppWidgetProviderInfo)>",
					"source":"FIELD"
				},
				{
					"trace":[
						"<android.appwidget.AppWidgetHost: void startAppWidgetConfigureActivityForResult(android.app.Activity,int,int,int,android.os.Bundle)>"
					],
					"depth":1,
					"method":"<android.appwidget.AppWidgetHost: void deleteAllHosts()>",
					"source":"FIELD"
				},
				{
					"trace":[
						"<android.appwidget.AppWidgetHost: void <init>(android.content.Context,int)>",
						"<android.appwidget.AppWidgetHost: void <init>(android.content.Context,int,android.widget.RemoteViews$OnClickHandler,android.os.Looper)>",
						"key field: <android.appwidget.AppWidgetHost: java.lang.String mContextOpPackageName>",
						"<android.appwidget.AppWidgetHost: void startAppWidgetConfigureActivityForResult(android.app.Activity,int,int,int,android.os.Bundle)>"
					],
					"depth":2,
					"method":"<android.appwidget.AppWidgetHost: void <init>(android.content.Context,int)>",
					"source":"FIELDCALLER"
				}
			],
			"keyAPIDiffClass":[],
			"callerOfSingnlar2SourceVar":{
				"<android.appwidget.AppWidgetHost: void startAppWidgetConfigureActivityForResult(android.app.Activity,int,int,int,android.os.Bundle)>":"1, 2"
			}
		},
		{
			"method":"<android.appwidget.AppWidgetHost: void startAppWidgetConfigureActivityForResult(android.app.Activity,int,int,int,android.os.Bundle)>",
			"message":"[\\s\\S]*",
			"relatedVarType":"ParaAndField",
			"relatedCondType":"Basic",
			"modifier":"public",
			"type":"android.content.ActivityNotFoundException",
			"osVersionRelated":false,
			"resourceRelated":false,
			"assessRelated":false,
			"hardwareRelated":false,
			"manifestRelated":false,
			"conditions":"r10 == null",
			"paramValues":"@parameter1: int, @parameter2: int",
			"fieldValues":"<android.appwidget.AppWidgetHost: java.lang.String mContextOpPackageName>, <android.appwidget.AppWidgetHost: com.android.internal.appwidget.IAppWidgetService sService>",
			"caughtValues":"@caughtexception",
			"relatedValues":"@parameter1: int, @parameter2: int; <android.appwidget.AppWidgetHost: java.lang.String mContextOpPackageName>, <android.appwidget.AppWidgetHost: com.android.internal.appwidget.IAppWidgetService sService>; @caughtexception",
			"keyAPISameClassNum":11,
			"keyAPIDiffClassNum":0,
			"keyAPISameClass":[
				{
					"trace":[
						"<android.appwidget.AppWidgetHost: void startAppWidgetConfigureActivityForResult(android.app.Activity,int,int,int,android.os.Bundle)>"
					],
					"depth":1,
					"method":"<android.appwidget.AppWidgetHost: void <init>(android.content.Context,int,android.widget.RemoteViews$OnClickHandler,android.os.Looper)>",
					"source":"FIELD"
				},
				{
					"trace":[
						"<android.appwidget.AppWidgetHost: void startAppWidgetConfigureActivityForResult(android.app.Activity,int,int,int,android.os.Bundle)>"
					],
					"depth":1,
					"method":"<android.appwidget.AppWidgetHost: void startListening()>",
					"source":"FIELD"
				},
				{
					"trace":[
						"<android.appwidget.AppWidgetHost: void startAppWidgetConfigureActivityForResult(android.app.Activity,int,int,int,android.os.Bundle)>"
					],
					"depth":1,
					"method":"<android.appwidget.AppWidgetHost: void stopListening()>",
					"source":"FIELD"
				},
				{
					"trace":[
						"<android.appwidget.AppWidgetHost: void startAppWidgetConfigureActivityForResult(android.app.Activity,int,int,int,android.os.Bundle)>"
					],
					"depth":1,
					"method":"<android.appwidget.AppWidgetHost: int allocateAppWidgetId()>",
					"source":"FIELD"
				},
				{
					"trace":[
						"<android.appwidget.AppWidgetHost: void startAppWidgetConfigureActivityForResult(android.app.Activity,int,int,int,android.os.Bundle)>"
					],
					"depth":1,
					"method":"<android.appwidget.AppWidgetHost: void startAppWidgetConfigureActivityForResult(android.app.Activity,int,int,int,android.os.Bundle)>",
					"source":"FIELD"
				},
				{
					"trace":[
						"<android.appwidget.AppWidgetHost: void startAppWidgetConfigureActivityForResult(android.app.Activity,int,int,int,android.os.Bundle)>"
					],
					"depth":1,
					"method":"<android.appwidget.AppWidgetHost: int[] getAppWidgetIds()>",
					"source":"FIELD"
				},
				{
					"trace":[
						"<android.appwidget.AppWidgetHost: void startAppWidgetConfigureActivityForResult(android.app.Activity,int,int,int,android.os.Bundle)>"
					],
					"depth":1,
					"method":"<android.appwidget.AppWidgetHost: void deleteAppWidgetId(int)>",
					"source":"FIELD"
				},
				{
					"trace":[
						"<android.appwidget.AppWidgetHost: void startAppWidgetConfigureActivityForResult(android.app.Activity,int,int,int,android.os.Bundle)>"
					],
					"depth":1,
					"method":"<android.appwidget.AppWidgetHost: void deleteHost()>",
					"source":"FIELD"
				},
				{
					"trace":[
						"<android.appwidget.AppWidgetHost: void startAppWidgetConfigureActivityForResult(android.app.Activity,int,int,int,android.os.Bundle)>"
					],
					"depth":1,
					"method":"<android.appwidget.AppWidgetHost: android.appwidget.AppWidgetHostView createView(android.content.Context,int,android.appwidget.AppWidgetProviderInfo)>",
					"source":"FIELD"
				},
				{
					"trace":[
						"<android.appwidget.AppWidgetHost: void startAppWidgetConfigureActivityForResult(android.app.Activity,int,int,int,android.os.Bundle)>"
					],
					"depth":1,
					"method":"<android.appwidget.AppWidgetHost: void deleteAllHosts()>",
					"source":"FIELD"
				},
				{
					"trace":[
						"<android.appwidget.AppWidgetHost: void <init>(android.content.Context,int)>",
						"<android.appwidget.AppWidgetHost: void <init>(android.content.Context,int,android.widget.RemoteViews$OnClickHandler,android.os.Looper)>",
						"key field: <android.appwidget.AppWidgetHost: java.lang.String mContextOpPackageName>",
						"<android.appwidget.AppWidgetHost: void startAppWidgetConfigureActivityForResult(android.app.Activity,int,int,int,android.os.Bundle)>"
					],
					"depth":2,
					"method":"<android.appwidget.AppWidgetHost: void <init>(android.content.Context,int)>",
					"source":"FIELDCALLER"
				}
			],
			"keyAPIDiffClass":[],
			"callerOfSingnlar2SourceVar":{
				"<android.appwidget.AppWidgetHost: void startAppWidgetConfigureActivityForResult(android.app.Activity,int,int,int,android.os.Bundle)>":"1, 2"
			}
		},
		{
			"method":"<android.appwidget.AppWidgetHost: int[] getAppWidgetIds()>",
			"message":"\\Qsystem server dead?\\E",
			"relatedVarType":"Field",
			"relatedCondType":"Basic",
			"modifier":"public",
			"type":"java.lang.RuntimeException",
			"osVersionRelated":false,
			"resourceRelated":false,
			"assessRelated":false,
			"hardwareRelated":false,
			"manifestRelated":false,
			"conditions":"$r0 != null",
			"fieldValues":"<android.appwidget.AppWidgetHost: com.android.internal.appwidget.IAppWidgetService sService>",
			"caughtValues":"@caughtexception",
			"relatedValues":"; <android.appwidget.AppWidgetHost: com.android.internal.appwidget.IAppWidgetService sService>; @caughtexception",
			"keyAPISameClassNum":11,
			"keyAPIDiffClassNum":0,
			"keyAPISameClass":[
				{
					"trace":[
						"<android.appwidget.AppWidgetHost: int[] getAppWidgetIds()>"
					],
					"depth":1,
					"method":"<android.appwidget.AppWidgetHost: void startListening()>",
					"source":"FIELD"
				},
				{
					"trace":[
						"<android.appwidget.AppWidgetHost: int[] getAppWidgetIds()>"
					],
					"depth":1,
					"method":"<android.appwidget.AppWidgetHost: void stopListening()>",
					"source":"FIELD"
				},
				{
					"trace":[
						"<android.appwidget.AppWidgetHost: int[] getAppWidgetIds()>"
					],
					"depth":1,
					"method":"<android.appwidget.AppWidgetHost: int allocateAppWidgetId()>",
					"source":"FIELD"
				},
				{
					"trace":[
						"<android.appwidget.AppWidgetHost: int[] getAppWidgetIds()>"
					],
					"depth":1,
					"method":"<android.appwidget.AppWidgetHost: void startAppWidgetConfigureActivityForResult(android.app.Activity,int,int,int,android.os.Bundle)>",
					"source":"FIELD"
				},
				{
					"trace":[
						"<android.appwidget.AppWidgetHost: int[] getAppWidgetIds()>"
					],
					"depth":1,
					"method":"<android.appwidget.AppWidgetHost: void deleteAppWidgetId(int)>",
					"source":"FIELD"
				},
				{
					"trace":[
						"<android.appwidget.AppWidgetHost: int[] getAppWidgetIds()>"
					],
					"depth":1,
					"method":"<android.appwidget.AppWidgetHost: void deleteHost()>",
					"source":"FIELD"
				},
				{
					"trace":[
						"<android.appwidget.AppWidgetHost: int[] getAppWidgetIds()>"
					],
					"depth":1,
					"method":"<android.appwidget.AppWidgetHost: void deleteAllHosts()>",
					"source":"FIELD"
				},
				{
					"trace":[
						"<android.appwidget.AppWidgetHost: int[] getAppWidgetIds()>"
					],
					"depth":1,
					"method":"<android.appwidget.AppWidgetHost: android.appwidget.AppWidgetHostView createView(android.content.Context,int,android.appwidget.AppWidgetProviderInfo)>",
					"source":"FIELD"
				},
				{
					"trace":[
						"<android.appwidget.AppWidgetHost: void <init>(android.content.Context,int,android.widget.RemoteViews$OnClickHandler,android.os.Looper)>",
						"<android.appwidget.AppWidgetHost: void bindService()>",
						"key field: <android.appwidget.AppWidgetHost: com.android.internal.appwidget.IAppWidgetService sService>",
						"<android.appwidget.AppWidgetHost: int[] getAppWidgetIds()>"
					],
					"depth":2,
					"method":"<android.appwidget.AppWidgetHost: void <init>(android.content.Context,int,android.widget.RemoteViews$OnClickHandler,android.os.Looper)>",
					"source":"FIELDCALLER"
				},
				{
					"trace":[
						"<android.appwidget.AppWidgetHost: int[] getAppWidgetIds()>",
						"<android.appwidget.AppWidgetHost: void bindService()>",
						"key field: <android.appwidget.AppWidgetHost: com.android.internal.appwidget.IAppWidgetService sService>",
						"<android.appwidget.AppWidgetHost: int[] getAppWidgetIds()>"
					],
					"depth":2,
					"method":"<android.appwidget.AppWidgetHost: int[] getAppWidgetIds()>",
					"source":"FIELDCALLER"
				},
				{
					"trace":[
						"<android.appwidget.AppWidgetHost: void <init>(android.content.Context,int)>",
						"<android.appwidget.AppWidgetHost: void <init>(android.content.Context,int,android.widget.RemoteViews$OnClickHandler,android.os.Looper)>",
						"<android.appwidget.AppWidgetHost: void bindService()>",
						"key field: <android.appwidget.AppWidgetHost: com.android.internal.appwidget.IAppWidgetService sService>",
						"<android.appwidget.AppWidgetHost: int[] getAppWidgetIds()>"
					],
					"depth":3,
					"method":"<android.appwidget.AppWidgetHost: void <init>(android.content.Context,int)>",
					"source":"FIELDCALLER"
				}
			],
			"keyAPIDiffClass":[],
			"callerOfSingnlar2SourceVar":{}
		},
		{
			"method":"<android.appwidget.AppWidgetHost: void deleteAppWidgetId(int)>",
			"message":"\\Qsystem server dead?\\E",
			"relatedVarType":"Unknown",
			"relatedCondType":"Empty",
			"modifier":"public",
			"type":"java.lang.RuntimeException",
			"osVersionRelated":false,
			"resourceRelated":false,
			"assessRelated":false,
			"hardwareRelated":false,
			"manifestRelated":false,
			"caughtValues":"@caughtexception",
			"relatedValues":"; ; @caughtexception",
			"keyAPISameClassNum":0,
			"keyAPIDiffClassNum":0,
			"keyAPISameClass":[],
			"keyAPIDiffClass":[],
			"callerOfSingnlar2SourceVar":{}
		},
		{
			"method":"<android.appwidget.AppWidgetHost: void deleteHost()>",
			"message":"\\Qsystem server dead?\\E",
			"relatedVarType":"Unknown",
			"relatedCondType":"Empty",
			"modifier":"public",
			"type":"java.lang.RuntimeException",
			"osVersionRelated":false,
			"resourceRelated":false,
			"assessRelated":false,
			"hardwareRelated":false,
			"manifestRelated":false,
			"caughtValues":"@caughtexception",
			"relatedValues":"; ; @caughtexception",
			"keyAPISameClassNum":0,
			"keyAPIDiffClassNum":0,
			"keyAPISameClass":[],
			"keyAPIDiffClass":[],
			"callerOfSingnlar2SourceVar":{}
		},
		{
			"method":"<android.appwidget.AppWidgetHost: void deleteAllHosts()>",
			"message":"\\Qsystem server dead?\\E",
			"relatedVarType":"Unknown",
			"relatedCondType":"Empty",
			"modifier":"public",
			"type":"java.lang.RuntimeException",
			"osVersionRelated":false,
			"resourceRelated":false,
			"assessRelated":false,
			"hardwareRelated":false,
			"manifestRelated":false,
			"caughtValues":"@caughtexception",
			"relatedValues":"; ; @caughtexception",
			"keyAPISameClassNum":0,
			"keyAPIDiffClassNum":0,
			"keyAPISameClass":[],
			"keyAPIDiffClass":[],
			"callerOfSingnlar2SourceVar":{}
		},
		{
			"method":"<android.appwidget.AppWidgetHost: android.appwidget.AppWidgetHostView createView(android.content.Context,int,android.appwidget.AppWidgetProviderInfo)>",
			"message":"\\Qsystem server dead?\\E",
			"relatedVarType":"Unknown",
			"relatedCondType":"Empty",
			"modifier":"public",
			"type":"java.lang.RuntimeException",
			"osVersionRelated":false,
			"resourceRelated":false,
			"assessRelated":false,
			"hardwareRelated":false,
			"manifestRelated":false,
			"caughtValues":"@caughtexception",
			"relatedValues":"; ; @caughtexception",
			"keyAPISameClassNum":0,
			"keyAPIDiffClassNum":0,
			"keyAPISameClass":[],
			"keyAPIDiffClass":[],
			"callerOfSingnlar2SourceVar":{}
		}
	]
}