{
	"exceptions":[
		{
			"method":"<android.accounts.AccountManager$AmsTask$Response: void onResult(android.os.Bundle)>",
			"message":"[\\s\\S]*",
			"relatedVarType":"ParaAndField",
			"relatedCondType":"Basic",
			"modifier":"public",
			"type":"java.lang.RuntimeException",
			"osVersionRelated":false,
			"resourceRelated":false,
			"assessRelated":false,
			"hardwareRelated":true,
			"manifestRelated":false,
			"conditions":"$z0 == 0, r2 == null, $r7 == null",
			"paramValues":"@parameter0: android.os.Bundle",
			"fieldValues":"<android.accounts.AccountManager$AmsTask$Response: android.accounts.AccountManager$AmsTask this$1>",
			"caughtValues":"@caughtexception",
			"relatedValues":"@parameter0: android.os.Bundle; <android.accounts.AccountManager$AmsTask$Response: android.accounts.AccountManager$AmsTask this$1>; @caughtexception",
			"keyAPISameClassNum":2,
			"keyAPIDiffClassNum":52,
			"keyAPISameClass":[
				{
					"trace":[
						"<android.accounts.AccountManager$AmsTask$Response: void onResult(android.os.Bundle)>"
					],
					"depth":1,
					"method":"<android.accounts.AccountManager$AmsTask$Response: void onError(int,java.lang.String)>",
					"source":"FIELD"
				},
				{
					"trace":[
						"<android.accounts.AccountManager$AmsTask$Response: void onResult(android.os.Bundle)>",
						"<android.accounts.AccountManager$GetAuthTokenByTypeAndFeaturesTask: void doWork()>",
						"<android.accounts.AccountManager: void access$1600(android.accounts.AccountManager,java.lang.String,java.lang.String[],android.accounts.AccountManagerCallback,android.os.Handler)>",
						"<android.accounts.AccountManager: void getAccountByTypeAndFeatures(java.lang.String,java.lang.String[],android.accounts.AccountManagerCallback,android.os.Handler)>",
						"<android.accounts.AccountManager$19: void <init>(android.accounts.AccountManager,android.app.Activity,android.os.Handler,android.accounts.AccountManagerCallback,java.lang.String,java.lang.String[])>",
						"<android.accounts.AccountManager$AmsTask: void <init>(android.accounts.AccountManager,android.app.Activity,android.os.Handler,android.accounts.AccountManagerCallback)>",
						"<android.accounts.AccountManager$AmsTask$Response: void <init>(android.accounts.AccountManager$AmsTask,android.accounts.AccountManager$1)>",
						"<android.accounts.AccountManager$AmsTask$Response: void <init>(android.accounts.AccountManager$AmsTask)>",
						"key field: <android.accounts.AccountManager$AmsTask$Response: android.accounts.AccountManager$AmsTask this$1>",
						"<android.accounts.AccountManager$AmsTask$Response: void onResult(android.os.Bundle)>"
					],
					"depth":8,
					"method":"<android.accounts.AccountManager$AmsTask$Response: void onResult(android.os.Bundle)>",
					"source":"FIELDCALLER"
				}
			],
			"keyAPIDiffClass":[
				{
					"trace":[
						"<android.accounts.IAccountManagerResponse$Stub: boolean onTransact(int,android.os.Parcel,android.os.Parcel,int)>",
						"<android.accounts.AccountManager$AmsTask$Response: void onResult(android.os.Bundle)>",
						"key field: <android.accounts.AccountManager$AmsTask$Response: android.accounts.AccountManager$AmsTask this$1>",
						"<android.accounts.AccountManager$AmsTask$Response: void onResult(android.os.Bundle)>"
					],
					"depth":2,
					"method":"<android.accounts.IAccountManagerResponse$Stub: boolean onTransact(int,android.os.Parcel,android.os.Parcel,int)>",
					"source":"FIELDCALLER"
				},
				{
					"trace":[
						"<android.accounts.AccountManagerResponse: void onResult(android.os.Bundle)>",
						"<android.accounts.AccountManager$AmsTask$Response: void onResult(android.os.Bundle)>",
						"key field: <android.accounts.AccountManager$AmsTask$Response: android.accounts.AccountManager$AmsTask this$1>",
						"<android.accounts.AccountManager$AmsTask$Response: void onResult(android.os.Bundle)>"
					],
					"depth":2,
					"method":"<android.accounts.AccountManagerResponse: void onResult(android.os.Bundle)>",
					"source":"FIELDCALLER"
				},
				{
					"trace":[
						"<android.accounts.AccountManagerResponse: void onError(int,java.lang.String)>",
						"<android.accounts.AccountManager$AmsTask$Response: void onError(int,java.lang.String)>",
						"key field: <android.accounts.AccountManager$AmsTask$Response: android.accounts.AccountManager$AmsTask this$1>",
						"<android.accounts.AccountManager$AmsTask$Response: void onResult(android.os.Bundle)>"
					],
					"depth":2,
					"method":"<android.accounts.AccountManagerResponse: void onError(int,java.lang.String)>",
					"source":"FIELDCALLER"
				},
				{
					"trace":[
						"<android.accounts.AccountManager$AmsTask: void <init>(android.accounts.AccountManager,android.app.Activity,android.os.Handler,android.accounts.AccountManagerCallback)>",
						"<android.accounts.AccountManager$AmsTask$Response: void <init>(android.accounts.AccountManager$AmsTask,android.accounts.AccountManager$1)>",
						"<android.accounts.AccountManager$AmsTask$Response: void <init>(android.accounts.AccountManager$AmsTask)>",
						"key field: <android.accounts.AccountManager$AmsTask$Response: android.accounts.AccountManager$AmsTask this$1>",
						"<android.accounts.AccountManager$AmsTask$Response: void onResult(android.os.Bundle)>"
					],
					"depth":3,
					"method":"<android.accounts.AccountManager$AmsTask: void <init>(android.accounts.AccountManager,android.app.Activity,android.os.Handler,android.accounts.AccountManagerCallback)>",
					"source":"FIELDCALLER"
				},
				{
					"trace":[
						"<android.accounts.ChooseAccountActivity: void finish()>",
						"<android.accounts.AccountManagerResponse: void onResult(android.os.Bundle)>",
						"<android.accounts.AccountManager$AmsTask$Response: void onResult(android.os.Bundle)>",
						"key field: <android.accounts.AccountManager$AmsTask$Response: android.accounts.AccountManager$AmsTask this$1>",
						"<android.accounts.AccountManager$AmsTask$Response: void onResult(android.os.Bundle)>"
					],
					"depth":3,
					"method":"<android.accounts.ChooseAccountActivity: void finish()>",
					"source":"FIELDCALLER"
				},
				{
					"trace":[
						"<android.accounts.ChooseAccountActivity: void onCreate(android.os.Bundle)>",
						"<android.accounts.ChooseAccountActivity: void finish()>",
						"<android.accounts.AccountManagerResponse: void onResult(android.os.Bundle)>",
						"<android.accounts.AccountManager$AmsTask$Response: void onResult(android.os.Bundle)>",
						"key field: <android.accounts.AccountManager$AmsTask$Response: android.accounts.AccountManager$AmsTask this$1>",
						"<android.accounts.AccountManager$AmsTask$Response: void onResult(android.os.Bundle)>"
					],
					"depth":4,
					"method":"<android.accounts.ChooseAccountActivity: void onCreate(android.os.Bundle)>",
					"source":"FIELDCALLER"
				},
				{
					"trace":[
						"<android.accounts.AccountManager: android.accounts.AccountManagerFuture addAccount(java.lang.String,java.lang.String,java.lang.String[],android.os.Bundle,android.app.Activity,android.accounts.AccountManagerCallback,android.os.Handler)>",
						"<android.accounts.AccountManager$11: void <init>(android.accounts.AccountManager,android.app.Activity,android.os.Handler,android.accounts.AccountManagerCallback,java.lang.String,java.lang.String,java.lang.String[],android.app.Activity,android.os.Bundle)>",
						"<android.accounts.AccountManager$AmsTask: void <init>(android.accounts.AccountManager,android.app.Activity,android.os.Handler,android.accounts.AccountManagerCallback)>",
						"<android.accounts.AccountManager$AmsTask$Response: void <init>(android.accounts.AccountManager$AmsTask,android.accounts.AccountManager$1)>",
						"<android.accounts.AccountManager$AmsTask$Response: void <init>(android.accounts.AccountManager$AmsTask)>",
						"key field: <android.accounts.AccountManager$AmsTask$Response: android.accounts.AccountManager$AmsTask this$1>",
						"<android.accounts.AccountManager$AmsTask$Response: void onResult(android.os.Bundle)>"
					],
					"depth":5,
					"method":"<android.accounts.AccountManager: android.accounts.AccountManagerFuture addAccount(java.lang.String,java.lang.String,java.lang.String[],android.os.Bundle,android.app.Activity,android.accounts.AccountManagerCallback,android.os.Handler)>",
					"source":"FIELDCALLER"
				},
				{
					"trace":[
						"<android.accounts.AccountManager: android.accounts.AccountManagerFuture getAuthTokenByFeatures(java.lang.String,java.lang.String,java.lang.String[],android.app.Activity,android.os.Bundle,android.os.Bundle,android.accounts.AccountManagerCallback,android.os.Handler)>",
						"<android.accounts.AccountManager$GetAuthTokenByTypeAndFeaturesTask: void <init>(android.accounts.AccountManager,java.lang.String,java.lang.String,java.lang.String[],android.app.Activity,android.os.Bundle,android.os.Bundle,android.accounts.AccountManagerCallback,android.os.Handler)>",
						"<android.accounts.AccountManager$AmsTask: void <init>(android.accounts.AccountManager,android.app.Activity,android.os.Handler,android.accounts.AccountManagerCallback)>",
						"<android.accounts.AccountManager$AmsTask$Response: void <init>(android.accounts.AccountManager$AmsTask,android.accounts.AccountManager$1)>",
						"<android.accounts.AccountManager$AmsTask$Response: void <init>(android.accounts.AccountManager$AmsTask)>",
						"key field: <android.accounts.AccountManager$AmsTask$Response: android.accounts.AccountManager$AmsTask this$1>",
						"<android.accounts.AccountManager$AmsTask$Response: void onResult(android.os.Bundle)>"
					],
					"depth":5,
					"method":"<android.accounts.AccountManager: android.accounts.AccountManagerFuture getAuthTokenByFeatures(java.lang.String,java.lang.String,java.lang.String[],android.app.Activity,android.os.Bundle,android.os.Bundle,android.accounts.AccountManagerCallback,android.os.Handler)>",
					"source":"FIELDCALLER"
				},
				{
					"trace":[
						"<android.accounts.AccountManager: android.accounts.AccountManagerFuture startAddAccountSession(java.lang.String,java.lang.String,java.lang.String[],android.os.Bundle,android.app.Activity,android.accounts.AccountManagerCallback,android.os.Handler)>",
						"<android.accounts.AccountManager$21: void <init>(android.accounts.AccountManager,android.app.Activity,android.os.Handler,android.accounts.AccountManagerCallback,java.lang.String,java.lang.String,java.lang.String[],android.app.Activity,android.os.Bundle)>",
						"<android.accounts.AccountManager$AmsTask: void <init>(android.accounts.AccountManager,android.app.Activity,android.os.Handler,android.accounts.AccountManagerCallback)>",
						"<android.accounts.AccountManager$AmsTask$Response: void <init>(android.accounts.AccountManager$AmsTask,android.accounts.AccountManager$1)>",
						"<android.accounts.AccountManager$AmsTask$Response: void <init>(android.accounts.AccountManager$AmsTask)>",
						"key field: <android.accounts.AccountManager$AmsTask$Response: android.accounts.AccountManager$AmsTask this$1>",
						"<android.accounts.AccountManager$AmsTask$Response: void onResult(android.os.Bundle)>"
					],
					"depth":5,
					"method":"<android.accounts.AccountManager: android.accounts.AccountManagerFuture startAddAccountSession(java.lang.String,java.lang.String,java.lang.String[],android.os.Bundle,android.app.Activity,android.accounts.AccountManagerCallback,android.os.Handler)>",
					"source":"FIELDCALLER"
				},
				{
					"trace":[
						"<android.accounts.AccountManager: android.accounts.AccountManagerFuture addAccountAsUser(java.lang.String,java.lang.String,java.lang.String[],android.os.Bundle,android.app.Activity,android.accounts.AccountManagerCallback,android.os.Handler,android.os.UserHandle)>",
						"<android.accounts.AccountManager$12: void <init>(android.accounts.AccountManager,android.app.Activity,android.os.Handler,android.accounts.AccountManagerCallback,java.lang.String,java.lang.String,java.lang.String[],android.app.Activity,android.os.Bundle,android.os.UserHandle)>",
						"<android.accounts.AccountManager$AmsTask: void <init>(android.accounts.AccountManager,android.app.Activity,android.os.Handler,android.accounts.AccountManagerCallback)>",
						"<android.accounts.AccountManager$AmsTask$Response: void <init>(android.accounts.AccountManager$AmsTask,android.accounts.AccountManager$1)>",
						"<android.accounts.AccountManager$AmsTask$Response: void <init>(android.accounts.AccountManager$AmsTask)>",
						"key field: <android.accounts.AccountManager$AmsTask$Response: android.accounts.AccountManager$AmsTask this$1>",
						"<android.accounts.AccountManager$AmsTask$Response: void onResult(android.os.Bundle)>"
					],
					"depth":5,
					"method":"<android.accounts.AccountManager: android.accounts.AccountManagerFuture addAccountAsUser(java.lang.String,java.lang.String,java.lang.String[],android.os.Bundle,android.app.Activity,android.accounts.AccountManagerCallback,android.os.Handler,android.os.UserHandle)>",
					"source":"FIELDCALLER"
				},
				{
					"trace":[
						"<android.accounts.AccountManager: android.accounts.AccountManagerFuture updateCredentials(android.accounts.Account,java.lang.String,android.os.Bundle,android.app.Activity,android.accounts.AccountManagerCallback,android.os.Handler)>",
						"<android.accounts.AccountManager$15: void <init>(android.accounts.AccountManager,android.app.Activity,android.os.Handler,android.accounts.AccountManagerCallback,android.accounts.Account,java.lang.String,android.app.Activity,android.os.Bundle)>",
						"<android.accounts.AccountManager$AmsTask: void <init>(android.accounts.AccountManager,android.app.Activity,android.os.Handler,android.accounts.AccountManagerCallback)>",
						"<android.accounts.AccountManager$AmsTask$Response: void <init>(android.accounts.AccountManager$AmsTask,android.accounts.AccountManager$1)>",
						"<android.accounts.AccountManager$AmsTask$Response: void <init>(android.accounts.AccountManager$AmsTask)>",
						"key field: <android.accounts.AccountManager$AmsTask$Response: android.accounts.AccountManager$AmsTask this$1>",
						"<android.accounts.AccountManager$AmsTask$Response: void onResult(android.os.Bundle)>"
					],
					"depth":5,
					"method":"<android.accounts.AccountManager: android.accounts.AccountManagerFuture updateCredentials(android.accounts.Account,java.lang.String,android.os.Bundle,android.app.Activity,android.accounts.AccountManagerCallback,android.os.Handler)>",
					"source":"FIELDCALLER"
				},
				{
					"trace":[
						"<android.accounts.AccountManager: android.accounts.AccountManagerFuture confirmCredentialsAsUser(android.accounts.Account,android.os.Bundle,android.app.Activity,android.accounts.AccountManagerCallback,android.os.Handler,android.os.UserHandle)>",
						"<android.accounts.AccountManager$14: void <init>(android.accounts.AccountManager,android.app.Activity,android.os.Handler,android.accounts.AccountManagerCallback,android.accounts.Account,android.os.Bundle,android.app.Activity,int)>",
						"<android.accounts.AccountManager$AmsTask: void <init>(android.accounts.AccountManager,android.app.Activity,android.os.Handler,android.accounts.AccountManagerCallback)>",
						"<android.accounts.AccountManager$AmsTask$Response: void <init>(android.accounts.AccountManager$AmsTask,android.accounts.AccountManager$1)>",
						"<android.accounts.AccountManager$AmsTask$Response: void <init>(android.accounts.AccountManager$AmsTask)>",
						"key field: <android.accounts.AccountManager$AmsTask$Response: android.accounts.AccountManager$AmsTask this$1>",
						"<android.accounts.AccountManager$AmsTask$Response: void onResult(android.os.Bundle)>"
					],
					"depth":5,
					"method":"<android.accounts.AccountManager: android.accounts.AccountManagerFuture confirmCredentialsAsUser(android.accounts.Account,android.os.Bundle,android.app.Activity,android.accounts.AccountManagerCallback,android.os.Handler,android.os.UserHandle)>",
					"source":"FIELDCALLER"
				},
				{
					"trace":[
						"<android.accounts.AccountManager: android.accounts.AccountManagerFuture startUpdateCredentialsSession(android.accounts.Account,java.lang.String,android.os.Bundle,android.app.Activity,android.accounts.AccountManagerCallback,android.os.Handler)>",
						"<android.accounts.AccountManager$22: void <init>(android.accounts.AccountManager,android.app.Activity,android.os.Handler,android.accounts.AccountManagerCallback,android.accounts.Account,java.lang.String,android.app.Activity,android.os.Bundle)>",
						"<android.accounts.AccountManager$AmsTask: void <init>(android.accounts.AccountManager,android.app.Activity,android.os.Handler,android.accounts.AccountManagerCallback)>",
						"<android.accounts.AccountManager$AmsTask$Response: void <init>(android.accounts.AccountManager$AmsTask,android.accounts.AccountManager$1)>",
						"<android.accounts.AccountManager$AmsTask$Response: void <init>(android.accounts.AccountManager$AmsTask)>",
						"key field: <android.accounts.AccountManager$AmsTask$Response: android.accounts.AccountManager$AmsTask this$1>",
						"<android.accounts.AccountManager$AmsTask$Response: void onResult(android.os.Bundle)>"
					],
					"depth":5,
					"method":"<android.accounts.AccountManager: android.accounts.AccountManagerFuture startUpdateCredentialsSession(android.accounts.Account,java.lang.String,android.os.Bundle,android.app.Activity,android.accounts.AccountManagerCallback,android.os.Handler)>",
					"source":"FIELDCALLER"
				},
				{
					"trace":[
						"<android.accounts.AccountManager: android.accounts.AccountManagerFuture editProperties(java.lang.String,android.app.Activity,android.accounts.AccountManagerCallback,android.os.Handler)>",
						"<android.accounts.AccountManager$16: void <init>(android.accounts.AccountManager,android.app.Activity,android.os.Handler,android.accounts.AccountManagerCallback,java.lang.String,android.app.Activity)>",
						"<android.accounts.AccountManager$AmsTask: void <init>(android.accounts.AccountManager,android.app.Activity,android.os.Handler,android.accounts.AccountManagerCallback)>",
						"<android.accounts.AccountManager$AmsTask$Response: void <init>(android.accounts.AccountManager$AmsTask,android.accounts.AccountManager$1)>",
						"<android.accounts.AccountManager$AmsTask$Response: void <init>(android.accounts.AccountManager$AmsTask)>",
						"key field: <android.accounts.AccountManager$AmsTask$Response: android.accounts.AccountManager$AmsTask this$1>",
						"<android.accounts.AccountManager$AmsTask$Response: void onResult(android.os.Bundle)>"
					],
					"depth":5,
					"method":"<android.accounts.AccountManager: android.accounts.AccountManagerFuture editProperties(java.lang.String,android.app.Activity,android.accounts.AccountManagerCallback,android.os.Handler)>",
					"source":"FIELDCALLER"
				},
				{
					"trace":[
						"<android.accounts.AccountManager: android.accounts.AccountManagerFuture removeAccount(android.accounts.Account,android.app.Activity,android.accounts.AccountManagerCallback,android.os.Handler)>",
						"<android.accounts.AccountManager$6: void <init>(android.accounts.AccountManager,android.app.Activity,android.os.Handler,android.accounts.AccountManagerCallback,android.accounts.Account,android.app.Activity)>",
						"<android.accounts.AccountManager$AmsTask: void <init>(android.accounts.AccountManager,android.app.Activity,android.os.Handler,android.accounts.AccountManagerCallback)>",
						"<android.accounts.AccountManager$AmsTask$Response: void <init>(android.accounts.AccountManager$AmsTask,android.accounts.AccountManager$1)>",
						"<android.accounts.AccountManager$AmsTask$Response: void <init>(android.accounts.AccountManager$AmsTask)>",
						"key field: <android.accounts.AccountManager$AmsTask$Response: android.accounts.AccountManager$AmsTask this$1>",
						"<android.accounts.AccountManager$AmsTask$Response: void onResult(android.os.Bundle)>"
					],
					"depth":5,
					"method":"<android.accounts.AccountManager: android.accounts.AccountManagerFuture removeAccount(android.accounts.Account,android.app.Activity,android.accounts.AccountManagerCallback,android.os.Handler)>",
					"source":"FIELDCALLER"
				},
				{
					"trace":[
						"<android.accounts.AccountManager: android.accounts.AccountManagerFuture finishSessionAsUser(android.os.Bundle,android.app.Activity,android.os.UserHandle,android.accounts.AccountManagerCallback,android.os.Handler)>",
						"<android.accounts.AccountManager$23: void <init>(android.accounts.AccountManager,android.app.Activity,android.os.Handler,android.accounts.AccountManagerCallback,android.os.Bundle,android.app.Activity,android.os.Bundle,android.os.UserHandle)>",
						"<android.accounts.AccountManager$AmsTask: void <init>(android.accounts.AccountManager,android.app.Activity,android.os.Handler,android.accounts.AccountManagerCallback)>",
						"<android.accounts.AccountManager$AmsTask$Response: void <init>(android.accounts.AccountManager$AmsTask,android.accounts.AccountManager$1)>",
						"<android.accounts.AccountManager$AmsTask$Response: void <init>(android.accounts.AccountManager$AmsTask)>",
						"key field: <android.accounts.AccountManager$AmsTask$Response: android.accounts.AccountManager$AmsTask this$1>",
						"<android.accounts.AccountManager$AmsTask$Response: void onResult(android.os.Bundle)>"
					],
					"depth":5,
					"method":"<android.accounts.AccountManager: android.accounts.AccountManagerFuture finishSessionAsUser(android.os.Bundle,android.app.Activity,android.os.UserHandle,android.accounts.AccountManagerCallback,android.os.Handler)>",
					"source":"FIELDCALLER"
				},
				{
					"trace":[
						"<android.accounts.AccountManager: android.accounts.AccountManagerFuture removeAccountAsUser(android.accounts.Account,android.app.Activity,android.accounts.AccountManagerCallback,android.os.Handler,android.os.UserHandle)>",
						"<android.accounts.AccountManager$8: void <init>(android.accounts.AccountManager,android.app.Activity,android.os.Handler,android.accounts.AccountManagerCallback,android.accounts.Account,android.app.Activity,android.os.UserHandle)>",
						"<android.accounts.AccountManager$AmsTask: void <init>(android.accounts.AccountManager,android.app.Activity,android.os.Handler,android.accounts.AccountManagerCallback)>",
						"<android.accounts.AccountManager$AmsTask$Response: void <init>(android.accounts.AccountManager$AmsTask,android.accounts.AccountManager$1)>",
						"<android.accounts.AccountManager$AmsTask$Response: void <init>(android.accounts.AccountManager$AmsTask)>",
						"key field: <android.accounts.AccountManager$AmsTask$Response: android.accounts.AccountManager$AmsTask this$1>",
						"<android.accounts.AccountManager$AmsTask$Response: void onResult(android.os.Bundle)>"
					],
					"depth":5,
					"method":"<android.accounts.AccountManager: android.accounts.AccountManagerFuture removeAccountAsUser(android.accounts.Account,android.app.Activity,android.accounts.AccountManagerCallback,android.os.Handler,android.os.UserHandle)>",
					"source":"FIELDCALLER"
				},
				{
					"trace":[
						"<android.accounts.AccountManager: android.accounts.AccountManagerFuture getAuthToken(android.accounts.Account,java.lang.String,android.os.Bundle,boolean,android.accounts.AccountManagerCallback,android.os.Handler)>",
						"<android.accounts.AccountManager$10: void <init>(android.accounts.AccountManager,android.app.Activity,android.os.Handler,android.accounts.AccountManagerCallback,android.accounts.Account,java.lang.String,boolean,android.os.Bundle)>",
						"<android.accounts.AccountManager$AmsTask: void <init>(android.accounts.AccountManager,android.app.Activity,android.os.Handler,android.accounts.AccountManagerCallback)>",
						"<android.accounts.AccountManager$AmsTask$Response: void <init>(android.accounts.AccountManager$AmsTask,android.accounts.AccountManager$1)>",
						"<android.accounts.AccountManager$AmsTask$Response: void <init>(android.accounts.AccountManager$AmsTask)>",
						"key field: <android.accounts.AccountManager$AmsTask$Response: android.accounts.AccountManager$AmsTask this$1>",
						"<android.accounts.AccountManager$AmsTask$Response: void onResult(android.os.Bundle)>"
					],
					"depth":5,
					"method":"<android.accounts.AccountManager: android.accounts.AccountManagerFuture getAuthToken(android.accounts.Account,java.lang.String,android.os.Bundle,boolean,android.accounts.AccountManagerCallback,android.os.Handler)>",
					"source":"FIELDCALLER"
				},
				{
					"trace":[
						"<android.accounts.AccountManager: android.accounts.AccountManagerFuture getAuthToken(android.accounts.Account,java.lang.String,android.os.Bundle,android.app.Activity,android.accounts.AccountManagerCallback,android.os.Handler)>",
						"<android.accounts.AccountManager$9: void <init>(android.accounts.AccountManager,android.app.Activity,android.os.Handler,android.accounts.AccountManagerCallback,android.accounts.Account,java.lang.String,android.os.Bundle)>",
						"<android.accounts.AccountManager$AmsTask: void <init>(android.accounts.AccountManager,android.app.Activity,android.os.Handler,android.accounts.AccountManagerCallback)>",
						"<android.accounts.AccountManager$AmsTask$Response: void <init>(android.accounts.AccountManager$AmsTask,android.accounts.AccountManager$1)>",
						"<android.accounts.AccountManager$AmsTask$Response: void <init>(android.accounts.AccountManager$AmsTask)>",
						"key field: <android.accounts.AccountManager$AmsTask$Response: android.accounts.AccountManager$AmsTask this$1>",
						"<android.accounts.AccountManager$AmsTask$Response: void onResult(android.os.Bundle)>"
					],
					"depth":5,
					"method":"<android.accounts.AccountManager: android.accounts.AccountManagerFuture getAuthToken(android.accounts.Account,java.lang.String,android.os.Bundle,android.app.Activity,android.accounts.AccountManagerCallback,android.os.Handler)>",
					"source":"FIELDCALLER"
				},
				{
					"trace":[
						"<android.accounts.ChooseAccountActivity$1: void onItemClick(android.widget.AdapterView,android.view.View,int,long)>",
						"<android.accounts.ChooseAccountActivity: void onListItemClick(android.widget.ListView,android.view.View,int,long)>",
						"<android.accounts.ChooseAccountActivity: void finish()>",
						"<android.accounts.AccountManagerResponse: void onResult(android.os.Bundle)>",
						"<android.accounts.AccountManager$AmsTask$Response: void onResult(android.os.Bundle)>",
						"key field: <android.accounts.AccountManager$AmsTask$Response: android.accounts.AccountManager$AmsTask this$1>",
						"<android.accounts.AccountManager$AmsTask$Response: void onResult(android.os.Bundle)>"
					],
					"depth":5,
					"method":"<android.accounts.ChooseAccountActivity$1: void onItemClick(android.widget.AdapterView,android.view.View,int,long)>",
					"source":"FIELDCALLER"
				},
				{
					"trace":[
						"<android.widget.AdapterView$OnItemClickListener: void onItemClick(android.widget.AdapterView,android.view.View,int,long)>",
						"<android.accounts.ChooseAccountActivity: void onListItemClick(android.widget.ListView,android.view.View,int,long)>",
						"<android.accounts.ChooseAccountActivity: void finish()>",
						"<android.accounts.AccountManagerResponse: void onResult(android.os.Bundle)>",
						"<android.accounts.AccountManager$AmsTask$Response: void onResult(android.os.Bundle)>",
						"key field: <android.accounts.AccountManager$AmsTask$Response: android.accounts.AccountManager$AmsTask this$1>",
						"<android.accounts.AccountManager$AmsTask$Response: void onResult(android.os.Bundle)>"
					],
					"depth":5,
					"method":"<android.widget.AdapterView$OnItemClickListener: void onItemClick(android.widget.AdapterView,android.view.View,int,long)>",
					"source":"FIELDCALLER"
				},
				{
					"trace":[
						"<android.accounts.AccountManager$GetAuthTokenByTypeAndFeaturesTask$1: void run(android.accounts.AccountManagerFuture)>",
						"<android.accounts.AccountManager: android.accounts.AccountManagerFuture addAccount(java.lang.String,java.lang.String,java.lang.String[],android.os.Bundle,android.app.Activity,android.accounts.AccountManagerCallback,android.os.Handler)>",
						"<android.accounts.AccountManager$11: void <init>(android.accounts.AccountManager,android.app.Activity,android.os.Handler,android.accounts.AccountManagerCallback,java.lang.String,java.lang.String,java.lang.String[],android.app.Activity,android.os.Bundle)>",
						"<android.accounts.AccountManager$AmsTask: void <init>(android.accounts.AccountManager,android.app.Activity,android.os.Handler,android.accounts.AccountManagerCallback)>",
						"<android.accounts.AccountManager$AmsTask$Response: void <init>(android.accounts.AccountManager$AmsTask,android.accounts.AccountManager$1)>",
						"<android.accounts.AccountManager$AmsTask$Response: void <init>(android.accounts.AccountManager$AmsTask)>",
						"key field: <android.accounts.AccountManager$AmsTask$Response: android.accounts.AccountManager$AmsTask this$1>",
						"<android.accounts.AccountManager$AmsTask$Response: void onResult(android.os.Bundle)>"
					],
					"depth":6,
					"method":"<android.accounts.AccountManager$GetAuthTokenByTypeAndFeaturesTask$1: void run(android.accounts.AccountManagerFuture)>",
					"source":"FIELDCALLER"
				},
				{
					"trace":[
						"<android.accounts.AccountManagerCallback: void run(android.accounts.AccountManagerFuture)>",
						"<android.accounts.AccountManager: android.accounts.AccountManagerFuture addAccount(java.lang.String,java.lang.String,java.lang.String[],android.os.Bundle,android.app.Activity,android.accounts.AccountManagerCallback,android.os.Handler)>",
						"<android.accounts.AccountManager$11: void <init>(android.accounts.AccountManager,android.app.Activity,android.os.Handler,android.accounts.AccountManagerCallback,java.lang.String,java.lang.String,java.lang.String[],android.app.Activity,android.os.Bundle)>",
						"<android.accounts.AccountManager$AmsTask: void <init>(android.accounts.AccountManager,android.app.Activity,android.os.Handler,android.accounts.AccountManagerCallback)>",
						"<android.accounts.AccountManager$AmsTask$Response: void <init>(android.accounts.AccountManager$AmsTask,android.accounts.AccountManager$1)>",
						"<android.accounts.AccountManager$AmsTask$Response: void <init>(android.accounts.AccountManager$AmsTask)>",
						"key field: <android.accounts.AccountManager$AmsTask$Response: android.accounts.AccountManager$AmsTask this$1>",
						"<android.accounts.AccountManager$AmsTask$Response: void onResult(android.os.Bundle)>"
					],
					"depth":6,
					"method":"<android.accounts.AccountManagerCallback: void run(android.accounts.AccountManagerFuture)>",
					"source":"FIELDCALLER"
				},
				{
					"trace":[
						"<android.accounts.AccountManager: android.accounts.AccountManagerFuture confirmCredentials(android.accounts.Account,android.os.Bundle,android.app.Activity,android.accounts.AccountManagerCallback,android.os.Handler)>",
						"<android.accounts.AccountManager: android.accounts.AccountManagerFuture confirmCredentialsAsUser(android.accounts.Account,android.os.Bundle,android.app.Activity,android.accounts.AccountManagerCallback,android.os.Handler,android.os.UserHandle)>",
						"<android.accounts.AccountManager$14: void <init>(android.accounts.AccountManager,android.app.Activity,android.os.Handler,android.accounts.AccountManagerCallback,android.accounts.Account,android.os.Bundle,android.app.Activity,int)>",
						"<android.accounts.AccountManager$AmsTask: void <init>(android.accounts.AccountManager,android.app.Activity,android.os.Handler,android.accounts.AccountManagerCallback)>",
						"<android.accounts.AccountManager$AmsTask$Response: void <init>(android.accounts.AccountManager$AmsTask,android.accounts.AccountManager$1)>",
						"<android.accounts.AccountManager$AmsTask$Response: void <init>(android.accounts.AccountManager$AmsTask)>",
						"key field: <android.accounts.AccountManager$AmsTask$Response: android.accounts.AccountManager$AmsTask this$1>",
						"<android.accounts.AccountManager$AmsTask$Response: void onResult(android.os.Bundle)>"
					],
					"depth":6,
					"method":"<android.accounts.AccountManager: android.accounts.AccountManagerFuture confirmCredentials(android.accounts.Account,android.os.Bundle,android.app.Activity,android.accounts.AccountManagerCallback,android.os.Handler)>",
					"source":"FIELDCALLER"
				},
				{
					"trace":[
						"<android.accounts.AccountManager: android.accounts.AccountManagerFuture finishSession(android.os.Bundle,android.app.Activity,android.accounts.AccountManagerCallback,android.os.Handler)>",
						"<android.accounts.AccountManager: android.accounts.AccountManagerFuture finishSessionAsUser(android.os.Bundle,android.app.Activity,android.os.UserHandle,android.accounts.AccountManagerCallback,android.os.Handler)>",
						"<android.accounts.AccountManager$23: void <init>(android.accounts.AccountManager,android.app.Activity,android.os.Handler,android.accounts.AccountManagerCallback,android.os.Bundle,android.app.Activity,android.os.Bundle,android.os.UserHandle)>",
						"<android.accounts.AccountManager$AmsTask: void <init>(android.accounts.AccountManager,android.app.Activity,android.os.Handler,android.accounts.AccountManagerCallback)>",
						"<android.accounts.AccountManager$AmsTask$Response: void <init>(android.accounts.AccountManager$AmsTask,android.accounts.AccountManager$1)>",
						"<android.accounts.AccountManager$AmsTask$Response: void <init>(android.accounts.AccountManager$AmsTask)>",
						"key field: <android.accounts.AccountManager$AmsTask$Response: android.accounts.AccountManager$AmsTask this$1>",
						"<android.accounts.AccountManager$AmsTask$Response: void onResult(android.os.Bundle)>"
					],
					"depth":6,
					"method":"<android.accounts.AccountManager: android.accounts.AccountManagerFuture finishSession(android.os.Bundle,android.app.Activity,android.accounts.AccountManagerCallback,android.os.Handler)>",
					"source":"FIELDCALLER"
				},
				{
					"trace":[
						"<android.accounts.AccountManager: android.accounts.AccountManagerFuture getAuthToken(android.accounts.Account,java.lang.String,boolean,android.accounts.AccountManagerCallback,android.os.Handler)>",
						"<android.accounts.AccountManager: android.accounts.AccountManagerFuture getAuthToken(android.accounts.Account,java.lang.String,android.os.Bundle,boolean,android.accounts.AccountManagerCallback,android.os.Handler)>",
						"<android.accounts.AccountManager$10: void <init>(android.accounts.AccountManager,android.app.Activity,android.os.Handler,android.accounts.AccountManagerCallback,android.accounts.Account,java.lang.String,boolean,android.os.Bundle)>",
						"<android.accounts.AccountManager$AmsTask: void <init>(android.accounts.AccountManager,android.app.Activity,android.os.Handler,android.accounts.AccountManagerCallback)>",
						"<android.accounts.AccountManager$AmsTask$Response: void <init>(android.accounts.AccountManager$AmsTask,android.accounts.AccountManager$1)>",
						"<android.accounts.AccountManager$AmsTask$Response: void <init>(android.accounts.AccountManager$AmsTask)>",
						"key field: <android.accounts.AccountManager$AmsTask$Response: android.accounts.AccountManager$AmsTask this$1>",
						"<android.accounts.AccountManager$AmsTask$Response: void onResult(android.os.Bundle)>"
					],
					"depth":6,
					"method":"<android.accounts.AccountManager: android.accounts.AccountManagerFuture getAuthToken(android.accounts.Account,java.lang.String,boolean,android.accounts.AccountManagerCallback,android.os.Handler)>",
					"source":"FIELDCALLER"
				},
				{
					"trace":[
						"<android.accounts.AccountManager$GetAuthTokenByTypeAndFeaturesTask: void run(android.accounts.AccountManagerFuture)>",
						"<android.accounts.AccountManager: android.accounts.AccountManagerFuture getAuthToken(android.accounts.Account,java.lang.String,android.os.Bundle,android.app.Activity,android.accounts.AccountManagerCallback,android.os.Handler)>",
						"<android.accounts.AccountManager$9: void <init>(android.accounts.AccountManager,android.app.Activity,android.os.Handler,android.accounts.AccountManagerCallback,android.accounts.Account,java.lang.String,android.os.Bundle)>",
						"<android.accounts.AccountManager$AmsTask: void <init>(android.accounts.AccountManager,android.app.Activity,android.os.Handler,android.accounts.AccountManagerCallback)>",
						"<android.accounts.AccountManager$AmsTask$Response: void <init>(android.accounts.AccountManager$AmsTask,android.accounts.AccountManager$1)>",
						"<android.accounts.AccountManager$AmsTask$Response: void <init>(android.accounts.AccountManager$AmsTask)>",
						"key field: <android.accounts.AccountManager$AmsTask$Response: android.accounts.AccountManager$AmsTask this$1>",
						"<android.accounts.AccountManager$AmsTask$Response: void onResult(android.os.Bundle)>"
					],
					"depth":6,
					"method":"<android.accounts.AccountManager$GetAuthTokenByTypeAndFeaturesTask: void run(android.accounts.AccountManagerFuture)>",
					"source":"FIELDCALLER"
				},
				{
					"trace":[
						"<android.accounts.AccountManager$Future2Task$1: void run()>",
						"<android.accounts.AccountManager$GetAuthTokenByTypeAndFeaturesTask$1: void run(android.accounts.AccountManagerFuture)>",
						"<android.accounts.AccountManager: android.accounts.AccountManagerFuture addAccount(java.lang.String,java.lang.String,java.lang.String[],android.os.Bundle,android.app.Activity,android.accounts.AccountManagerCallback,android.os.Handler)>",
						"<android.accounts.AccountManager$11: void <init>(android.accounts.AccountManager,android.app.Activity,android.os.Handler,android.accounts.AccountManagerCallback,java.lang.String,java.lang.String,java.lang.String[],android.app.Activity,android.os.Bundle)>",
						"<android.accounts.AccountManager$AmsTask: void <init>(android.accounts.AccountManager,android.app.Activity,android.os.Handler,android.accounts.AccountManagerCallback)>",
						"<android.accounts.AccountManager$AmsTask$Response: void <init>(android.accounts.AccountManager$AmsTask,android.accounts.AccountManager$1)>",
						"<android.accounts.AccountManager$AmsTask$Response: void <init>(android.accounts.AccountManager$AmsTask)>",
						"key field: <android.accounts.AccountManager$AmsTask$Response: android.accounts.AccountManager$AmsTask this$1>",
						"<android.accounts.AccountManager$AmsTask$Response: void onResult(android.os.Bundle)>"
					],
					"depth":7,
					"method":"<android.accounts.AccountManager$Future2Task$1: void run()>",
					"source":"FIELDCALLER"
				},
				{
					"trace":[
						"<java.lang.Runnable: void run()>",
						"<android.accounts.AccountManager$GetAuthTokenByTypeAndFeaturesTask$1: void run(android.accounts.AccountManagerFuture)>",
						"<android.accounts.AccountManager: android.accounts.AccountManagerFuture addAccount(java.lang.String,java.lang.String,java.lang.String[],android.os.Bundle,android.app.Activity,android.accounts.AccountManagerCallback,android.os.Handler)>",
						"<android.accounts.AccountManager$11: void <init>(android.accounts.AccountManager,android.app.Activity,android.os.Handler,android.accounts.AccountManagerCallback,java.lang.String,java.lang.String,java.lang.String[],android.app.Activity,android.os.Bundle)>",
						"<android.accounts.AccountManager$AmsTask: void <init>(android.accounts.AccountManager,android.app.Activity,android.os.Handler,android.accounts.AccountManagerCallback)>",
						"<android.accounts.AccountManager$AmsTask$Response: void <init>(android.accounts.AccountManager$AmsTask,android.accounts.AccountManager$1)>",
						"<android.accounts.AccountManager$AmsTask$Response: void <init>(android.accounts.AccountManager$AmsTask)>",
						"key field: <android.accounts.AccountManager$AmsTask$Response: android.accounts.AccountManager$AmsTask this$1>",
						"<android.accounts.AccountManager$AmsTask$Response: void onResult(android.os.Bundle)>"
					],
					"depth":7,
					"method":"<java.lang.Runnable: void run()>",
					"source":"FIELDCALLER"
				},
				{
					"trace":[
						"<android.accounts.AccountManager$17: void run()>",
						"<android.accounts.AccountManager$GetAuthTokenByTypeAndFeaturesTask$1: void run(android.accounts.AccountManagerFuture)>",
						"<android.accounts.AccountManager: android.accounts.AccountManagerFuture addAccount(java.lang.String,java.lang.String,java.lang.String[],android.os.Bundle,android.app.Activity,android.accounts.AccountManagerCallback,android.os.Handler)>",
						"<android.accounts.AccountManager$11: void <init>(android.accounts.AccountManager,android.app.Activity,android.os.Handler,android.accounts.AccountManagerCallback,java.lang.String,java.lang.String,java.lang.String[],android.app.Activity,android.os.Bundle)>",
						"<android.accounts.AccountManager$AmsTask: void <init>(android.accounts.AccountManager,android.app.Activity,android.os.Handler,android.accounts.AccountManagerCallback)>",
						"<android.accounts.AccountManager$AmsTask$Response: void <init>(android.accounts.AccountManager$AmsTask,android.accounts.AccountManager$1)>",
						"<android.accounts.AccountManager$AmsTask$Response: void <init>(android.accounts.AccountManager$AmsTask)>",
						"key field: <android.accounts.AccountManager$AmsTask$Response: android.accounts.AccountManager$AmsTask this$1>",
						"<android.accounts.AccountManager$AmsTask$Response: void onResult(android.os.Bundle)>"
					],
					"depth":7,
					"method":"<android.accounts.AccountManager$17: void run()>",
					"source":"FIELDCALLER"
				},
				{
					"trace":[
						"<android.accounts.ChooseTypeAndAccountActivity: void onCreate(android.os.Bundle)>",
						"<android.accounts.ChooseTypeAndAccountActivity: void runAddAccountForAuthenticator(java.lang.String)>",
						"<android.accounts.AccountManager: android.accounts.AccountManagerFuture addAccount(java.lang.String,java.lang.String,java.lang.String[],android.os.Bundle,android.app.Activity,android.accounts.AccountManagerCallback,android.os.Handler)>",
						"<android.accounts.AccountManager$11: void <init>(android.accounts.AccountManager,android.app.Activity,android.os.Handler,android.accounts.AccountManagerCallback,java.lang.String,java.lang.String,java.lang.String[],android.app.Activity,android.os.Bundle)>",
						"<android.accounts.AccountManager$AmsTask: void <init>(android.accounts.AccountManager,android.app.Activity,android.os.Handler,android.accounts.AccountManagerCallback)>",
						"<android.accounts.AccountManager$AmsTask$Response: void <init>(android.accounts.AccountManager$AmsTask,android.accounts.AccountManager$1)>",
						"<android.accounts.AccountManager$AmsTask$Response: void <init>(android.accounts.AccountManager$AmsTask)>",
						"key field: <android.accounts.AccountManager$AmsTask$Response: android.accounts.AccountManager$AmsTask this$1>",
						"<android.accounts.AccountManager$AmsTask$Response: void onResult(android.os.Bundle)>"
					],
					"depth":7,
					"method":"<android.accounts.ChooseTypeAndAccountActivity: void onCreate(android.os.Bundle)>",
					"source":"FIELDCALLER"
				},
				{
					"trace":[
						"<android.accounts.AccountManager$AmsTask: void doWork()>",
						"<android.accounts.AccountManager: void access$1600(android.accounts.AccountManager,java.lang.String,java.lang.String[],android.accounts.AccountManagerCallback,android.os.Handler)>",
						"<android.accounts.AccountManager: void getAccountByTypeAndFeatures(java.lang.String,java.lang.String[],android.accounts.AccountManagerCallback,android.os.Handler)>",
						"<android.accounts.AccountManager$19: void <init>(android.accounts.AccountManager,android.app.Activity,android.os.Handler,android.accounts.AccountManagerCallback,java.lang.String,java.lang.String[])>",
						"<android.accounts.AccountManager$AmsTask: void <init>(android.accounts.AccountManager,android.app.Activity,android.os.Handler,android.accounts.AccountManagerCallback)>",
						"<android.accounts.AccountManager$AmsTask$Response: void <init>(android.accounts.AccountManager$AmsTask,android.accounts.AccountManager$1)>",
						"<android.accounts.AccountManager$AmsTask$Response: void <init>(android.accounts.AccountManager$AmsTask)>",
						"key field: <android.accounts.AccountManager$AmsTask$Response: android.accounts.AccountManager$AmsTask this$1>",
						"<android.accounts.AccountManager$AmsTask$Response: void onResult(android.os.Bundle)>"
					],
					"depth":7,
					"method":"<android.accounts.AccountManager$AmsTask: void doWork()>",
					"source":"FIELDCALLER"
				},
				{
					"trace":[
						"<android.accounts.AccountManager$GetAuthTokenByTypeAndFeaturesTask: void doWork()>",
						"<android.accounts.AccountManager: void access$1600(android.accounts.AccountManager,java.lang.String,java.lang.String[],android.accounts.AccountManagerCallback,android.os.Handler)>",
						"<android.accounts.AccountManager: void getAccountByTypeAndFeatures(java.lang.String,java.lang.String[],android.accounts.AccountManagerCallback,android.os.Handler)>",
						"<android.accounts.AccountManager$19: void <init>(android.accounts.AccountManager,android.app.Activity,android.os.Handler,android.accounts.AccountManagerCallback,java.lang.String,java.lang.String[])>",
						"<android.accounts.AccountManager$AmsTask: void <init>(android.accounts.AccountManager,android.app.Activity,android.os.Handler,android.accounts.AccountManagerCallback)>",
						"<android.accounts.AccountManager$AmsTask$Response: void <init>(android.accounts.AccountManager$AmsTask,android.accounts.AccountManager$1)>",
						"<android.accounts.AccountManager$AmsTask$Response: void <init>(android.accounts.AccountManager$AmsTask)>",
						"key field: <android.accounts.AccountManager$AmsTask$Response: android.accounts.AccountManager$AmsTask this$1>",
						"<android.accounts.AccountManager$AmsTask$Response: void onResult(android.os.Bundle)>"
					],
					"depth":7,
					"method":"<android.accounts.AccountManager$GetAuthTokenByTypeAndFeaturesTask: void doWork()>",
					"source":"FIELDCALLER"
				},
				{
					"trace":[
						"<android.accounts.AccountManager: java.lang.String blockingGetAuthToken(android.accounts.Account,java.lang.String,boolean)>",
						"<android.accounts.AccountManager: android.accounts.AccountManagerFuture getAuthToken(android.accounts.Account,java.lang.String,boolean,android.accounts.AccountManagerCallback,android.os.Handler)>",
						"<android.accounts.AccountManager: android.accounts.AccountManagerFuture getAuthToken(android.accounts.Account,java.lang.String,android.os.Bundle,boolean,android.accounts.AccountManagerCallback,android.os.Handler)>",
						"<android.accounts.AccountManager$10: void <init>(android.accounts.AccountManager,android.app.Activity,android.os.Handler,android.accounts.AccountManagerCallback,android.accounts.Account,java.lang.String,boolean,android.os.Bundle)>",
						"<android.accounts.AccountManager$AmsTask: void <init>(android.accounts.AccountManager,android.app.Activity,android.os.Handler,android.accounts.AccountManagerCallback)>",
						"<android.accounts.AccountManager$AmsTask$Response: void <init>(android.accounts.AccountManager$AmsTask,android.accounts.AccountManager$1)>",
						"<android.accounts.AccountManager$AmsTask$Response: void <init>(android.accounts.AccountManager$AmsTask)>",
						"key field: <android.accounts.AccountManager$AmsTask$Response: android.accounts.AccountManager$AmsTask this$1>",
						"<android.accounts.AccountManager$AmsTask$Response: void onResult(android.os.Bundle)>"
					],
					"depth":7,
					"method":"<android.accounts.AccountManager: java.lang.String blockingGetAuthToken(android.accounts.Account,java.lang.String,boolean)>",
					"source":"FIELDCALLER"
				},
				{
					"trace":[
						"<android.view.Choreographer$CallbackRecord: void run(long)>",
						"<android.accounts.AccountManager$Future2Task$1: void run()>",
						"<android.accounts.AccountManager$GetAuthTokenByTypeAndFeaturesTask$1: void run(android.accounts.AccountManagerFuture)>",
						"<android.accounts.AccountManager: android.accounts.AccountManagerFuture addAccount(java.lang.String,java.lang.String,java.lang.String[],android.os.Bundle,android.app.Activity,android.accounts.AccountManagerCallback,android.os.Handler)>",
						"<android.accounts.AccountManager$11: void <init>(android.accounts.AccountManager,android.app.Activity,android.os.Handler,android.accounts.AccountManagerCallback,java.lang.String,java.lang.String,java.lang.String[],android.app.Activity,android.os.Bundle)>",
						"<android.accounts.AccountManager$AmsTask: void <init>(android.accounts.AccountManager,android.app.Activity,android.os.Handler,android.accounts.AccountManagerCallback)>",
						"<android.accounts.AccountManager$AmsTask$Response: void <init>(android.accounts.AccountManager$AmsTask,android.accounts.AccountManager$1)>",
						"<android.accounts.AccountManager$AmsTask$Response: void <init>(android.accounts.AccountManager$AmsTask)>",
						"key field: <android.accounts.AccountManager$AmsTask$Response: android.accounts.AccountManager$AmsTask this$1>",
						"<android.accounts.AccountManager$AmsTask$Response: void onResult(android.os.Bundle)>"
					],
					"depth":8,
					"method":"<android.view.Choreographer$CallbackRecord: void run(long)>",
					"source":"FIELDCALLER"
				},
				{
					"trace":[
						"<com.android.internal.util.ConcurrentUtils$1$1: void run()>",
						"<android.accounts.AccountManager$Future2Task$1: void run()>",
						"<android.accounts.AccountManager$GetAuthTokenByTypeAndFeaturesTask$1: void run(android.accounts.AccountManagerFuture)>",
						"<android.accounts.AccountManager: android.accounts.AccountManagerFuture addAccount(java.lang.String,java.lang.String,java.lang.String[],android.os.Bundle,android.app.Activity,android.accounts.AccountManagerCallback,android.os.Handler)>",
						"<android.accounts.AccountManager$11: void <init>(android.accounts.AccountManager,android.app.Activity,android.os.Handler,android.accounts.AccountManagerCallback,java.lang.String,java.lang.String,java.lang.String[],android.app.Activity,android.os.Bundle)>",
						"<android.accounts.AccountManager$AmsTask: void <init>(android.accounts.AccountManager,android.app.Activity,android.os.Handler,android.accounts.AccountManagerCallback)>",
						"<android.accounts.AccountManager$AmsTask$Response: void <init>(android.accounts.AccountManager$AmsTask,android.accounts.AccountManager$1)>",
						"<android.accounts.AccountManager$AmsTask$Response: void <init>(android.accounts.AccountManager$AmsTask)>",
						"key field: <android.accounts.AccountManager$AmsTask$Response: android.accounts.AccountManager$AmsTask this$1>",
						"<android.accounts.AccountManager$AmsTask$Response: void onResult(android.os.Bundle)>"
					],
					"depth":8,
					"method":"<com.android.internal.util.ConcurrentUtils$1$1: void run()>",
					"source":"FIELDCALLER"
				},
				{
					"trace":[
						"<android.widget.ViewFlipper$2: void run()>",
						"<android.accounts.AccountManager$Future2Task$1: void run()>",
						"<android.accounts.AccountManager$GetAuthTokenByTypeAndFeaturesTask$1: void run(android.accounts.AccountManagerFuture)>",
						"<android.accounts.AccountManager: android.accounts.AccountManagerFuture addAccount(java.lang.String,java.lang.String,java.lang.String[],android.os.Bundle,android.app.Activity,android.accounts.AccountManagerCallback,android.os.Handler)>",
						"<android.accounts.AccountManager$11: void <init>(android.accounts.AccountManager,android.app.Activity,android.os.Handler,android.accounts.AccountManagerCallback,java.lang.String,java.lang.String,java.lang.String[],android.app.Activity,android.os.Bundle)>",
						"<android.accounts.AccountManager$AmsTask: void <init>(android.accounts.AccountManager,android.app.Activity,android.os.Handler,android.accounts.AccountManagerCallback)>",
						"<android.accounts.AccountManager$AmsTask$Response: void <init>(android.accounts.AccountManager$AmsTask,android.accounts.AccountManager$1)>",
						"<android.accounts.AccountManager$AmsTask$Response: void <init>(android.accounts.AccountManager$AmsTask)>",
						"key field: <android.accounts.AccountManager$AmsTask$Response: android.accounts.AccountManager$AmsTask this$1>",
						"<android.accounts.AccountManager$AmsTask$Response: void onResult(android.os.Bundle)>"
					],
					"depth":8,
					"method":"<android.widget.ViewFlipper$2: void run()>",
					"source":"FIELDCALLER"
				},
				{
					"trace":[
						"<android.widget.TextClock$2: void run()>",
						"<android.accounts.AccountManager$Future2Task$1: void run()>",
						"<android.accounts.AccountManager$GetAuthTokenByTypeAndFeaturesTask$1: void run(android.accounts.AccountManagerFuture)>",
						"<android.accounts.AccountManager: android.accounts.AccountManagerFuture addAccount(java.lang.String,java.lang.String,java.lang.String[],android.os.Bundle,android.app.Activity,android.accounts.AccountManagerCallback,android.os.Handler)>",
						"<android.accounts.AccountManager$11: void <init>(android.accounts.AccountManager,android.app.Activity,android.os.Handler,android.accounts.AccountManagerCallback,java.lang.String,java.lang.String,java.lang.String[],android.app.Activity,android.os.Bundle)>",
						"<android.accounts.AccountManager$AmsTask: void <init>(android.accounts.AccountManager,android.app.Activity,android.os.Handler,android.accounts.AccountManagerCallback)>",
						"<android.accounts.AccountManager$AmsTask$Response: void <init>(android.accounts.AccountManager$AmsTask,android.accounts.AccountManager$1)>",
						"<android.accounts.AccountManager$AmsTask$Response: void <init>(android.accounts.AccountManager$AmsTask)>",
						"key field: <android.accounts.AccountManager$AmsTask$Response: android.accounts.AccountManager$AmsTask this$1>",
						"<android.accounts.AccountManager$AmsTask$Response: void onResult(android.os.Bundle)>"
					],
					"depth":8,
					"method":"<android.widget.TextClock$2: void run()>",
					"source":"FIELDCALLER"
				},
				{
					"trace":[
						"<android.mtp.MtpServer: void run()>",
						"<android.accounts.AccountManager$Future2Task$1: void run()>",
						"<android.accounts.AccountManager$GetAuthTokenByTypeAndFeaturesTask$1: void run(android.accounts.AccountManagerFuture)>",
						"<android.accounts.AccountManager: android.accounts.AccountManagerFuture addAccount(java.lang.String,java.lang.String,java.lang.String[],android.os.Bundle,android.app.Activity,android.accounts.AccountManagerCallback,android.os.Handler)>",
						"<android.accounts.AccountManager$11: void <init>(android.accounts.AccountManager,android.app.Activity,android.os.Handler,android.accounts.AccountManagerCallback,java.lang.String,java.lang.String,java.lang.String[],android.app.Activity,android.os.Bundle)>",
						"<android.accounts.AccountManager$AmsTask: void <init>(android.accounts.AccountManager,android.app.Activity,android.os.Handler,android.accounts.AccountManagerCallback)>",
						"<android.accounts.AccountManager$AmsTask$Response: void <init>(android.accounts.AccountManager$AmsTask,android.accounts.AccountManager$1)>",
						"<android.accounts.AccountManager$AmsTask$Response: void <init>(android.accounts.AccountManager$AmsTask)>",
						"key field: <android.accounts.AccountManager$AmsTask$Response: android.accounts.AccountManager$AmsTask this$1>",
						"<android.accounts.AccountManager$AmsTask$Response: void onResult(android.os.Bundle)>"
					],
					"depth":8,
					"method":"<android.mtp.MtpServer: void run()>",
					"source":"FIELDCALLER"
				},
				{
					"trace":[
						"<com.android.internal.view.SurfaceCallbackHelper$1: void run()>",
						"<android.accounts.AccountManager$Future2Task$1: void run()>",
						"<android.accounts.AccountManager$GetAuthTokenByTypeAndFeaturesTask$1: void run(android.accounts.AccountManagerFuture)>",
						"<android.accounts.AccountManager: android.accounts.AccountManagerFuture addAccount(java.lang.String,java.lang.String,java.lang.String[],android.os.Bundle,android.app.Activity,android.accounts.AccountManagerCallback,android.os.Handler)>",
						"<android.accounts.AccountManager$11: void <init>(android.accounts.AccountManager,android.app.Activity,android.os.Handler,android.accounts.AccountManagerCallback,java.lang.String,java.lang.String,java.lang.String[],android.app.Activity,android.os.Bundle)>",
						"<android.accounts.AccountManager$AmsTask: void <init>(android.accounts.AccountManager,android.app.Activity,android.os.Handler,android.accounts.AccountManagerCallback)>",
						"<android.accounts.AccountManager$AmsTask$Response: void <init>(android.accounts.AccountManager$AmsTask,android.accounts.AccountManager$1)>",
						"<android.accounts.AccountManager$AmsTask$Response: void <init>(android.accounts.AccountManager$AmsTask)>",
						"key field: <android.accounts.AccountManager$AmsTask$Response: android.accounts.AccountManager$AmsTask this$1>",
						"<android.accounts.AccountManager$AmsTask$Response: void onResult(android.os.Bundle)>"
					],
					"depth":8,
					"method":"<com.android.internal.view.SurfaceCallbackHelper$1: void run()>",
					"source":"FIELDCALLER"
				},
				{
					"trace":[
						"<android.widget.Chronometer$1: void run()>",
						"<android.accounts.AccountManager$Future2Task$1: void run()>",
						"<android.accounts.AccountManager$GetAuthTokenByTypeAndFeaturesTask$1: void run(android.accounts.AccountManagerFuture)>",
						"<android.accounts.AccountManager: android.accounts.AccountManagerFuture addAccount(java.lang.String,java.lang.String,java.lang.String[],android.os.Bundle,android.app.Activity,android.accounts.AccountManagerCallback,android.os.Handler)>",
						"<android.accounts.AccountManager$11: void <init>(android.accounts.AccountManager,android.app.Activity,android.os.Handler,android.accounts.AccountManagerCallback,java.lang.String,java.lang.String,java.lang.String[],android.app.Activity,android.os.Bundle)>",
						"<android.accounts.AccountManager$AmsTask: void <init>(android.accounts.AccountManager,android.app.Activity,android.os.Handler,android.accounts.AccountManagerCallback)>",
						"<android.accounts.AccountManager$AmsTask$Response: void <init>(android.accounts.AccountManager$AmsTask,android.accounts.AccountManager$1)>",
						"<android.accounts.AccountManager$AmsTask$Response: void <init>(android.accounts.AccountManager$AmsTask)>",
						"key field: <android.accounts.AccountManager$AmsTask$Response: android.accounts.AccountManager$AmsTask this$1>",
						"<android.accounts.AccountManager$AmsTask$Response: void onResult(android.os.Bundle)>"
					],
					"depth":8,
					"method":"<android.widget.Chronometer$1: void run()>",
					"source":"FIELDCALLER"
				},
				{
					"trace":[
						"<android.widget.DigitalClock$1: void run()>",
						"<android.accounts.AccountManager$Future2Task$1: void run()>",
						"<android.accounts.AccountManager$GetAuthTokenByTypeAndFeaturesTask$1: void run(android.accounts.AccountManagerFuture)>",
						"<android.accounts.AccountManager: android.accounts.AccountManagerFuture addAccount(java.lang.String,java.lang.String,java.lang.String[],android.os.Bundle,android.app.Activity,android.accounts.AccountManagerCallback,android.os.Handler)>",
						"<android.accounts.AccountManager$11: void <init>(android.accounts.AccountManager,android.app.Activity,android.os.Handler,android.accounts.AccountManagerCallback,java.lang.String,java.lang.String,java.lang.String[],android.app.Activity,android.os.Bundle)>",
						"<android.accounts.AccountManager$AmsTask: void <init>(android.accounts.AccountManager,android.app.Activity,android.os.Handler,android.accounts.AccountManagerCallback)>",
						"<android.accounts.AccountManager$AmsTask$Response: void <init>(android.accounts.AccountManager$AmsTask,android.accounts.AccountManager$1)>",
						"<android.accounts.AccountManager$AmsTask$Response: void <init>(android.accounts.AccountManager$AmsTask)>",
						"key field: <android.accounts.AccountManager$AmsTask$Response: android.accounts.AccountManager$AmsTask this$1>",
						"<android.accounts.AccountManager$AmsTask$Response: void onResult(android.os.Bundle)>"
					],
					"depth":8,
					"method":"<android.widget.DigitalClock$1: void run()>",
					"source":"FIELDCALLER"
				},
				{
					"trace":[
						"<java.lang.Thread: void run()>",
						"<android.accounts.AccountManager$Future2Task$1: void run()>",
						"<android.accounts.AccountManager$GetAuthTokenByTypeAndFeaturesTask$1: void run(android.accounts.AccountManagerFuture)>",
						"<android.accounts.AccountManager: android.accounts.AccountManagerFuture addAccount(java.lang.String,java.lang.String,java.lang.String[],android.os.Bundle,android.app.Activity,android.accounts.AccountManagerCallback,android.os.Handler)>",
						"<android.accounts.AccountManager$11: void <init>(android.accounts.AccountManager,android.app.Activity,android.os.Handler,android.accounts.AccountManagerCallback,java.lang.String,java.lang.String,java.lang.String[],android.app.Activity,android.os.Bundle)>",
						"<android.accounts.AccountManager$AmsTask: void <init>(android.accounts.AccountManager,android.app.Activity,android.os.Handler,android.accounts.AccountManagerCallback)>",
						"<android.accounts.AccountManager$AmsTask$Response: void <init>(android.accounts.AccountManager$AmsTask,android.accounts.AccountManager$1)>",
						"<android.accounts.AccountManager$AmsTask$Response: void <init>(android.accounts.AccountManager$AmsTask)>",
						"key field: <android.accounts.AccountManager$AmsTask$Response: android.accounts.AccountManager$AmsTask this$1>",
						"<android.accounts.AccountManager$AmsTask$Response: void onResult(android.os.Bundle)>"
					],
					"depth":8,
					"method":"<java.lang.Thread: void run()>",
					"source":"FIELDCALLER"
				},
				{
					"trace":[
						"<android.app.SharedPreferencesImpl$2: void run()>",
						"<android.accounts.AccountManager$Future2Task$1: void run()>",
						"<android.accounts.AccountManager$GetAuthTokenByTypeAndFeaturesTask$1: void run(android.accounts.AccountManagerFuture)>",
						"<android.accounts.AccountManager: android.accounts.AccountManagerFuture addAccount(java.lang.String,java.lang.String,java.lang.String[],android.os.Bundle,android.app.Activity,android.accounts.AccountManagerCallback,android.os.Handler)>",
						"<android.accounts.AccountManager$11: void <init>(android.accounts.AccountManager,android.app.Activity,android.os.Handler,android.accounts.AccountManagerCallback,java.lang.String,java.lang.String,java.lang.String[],android.app.Activity,android.os.Bundle)>",
						"<android.accounts.AccountManager$AmsTask: void <init>(android.accounts.AccountManager,android.app.Activity,android.os.Handler,android.accounts.AccountManagerCallback)>",
						"<android.accounts.AccountManager$AmsTask$Response: void <init>(android.accounts.AccountManager$AmsTask,android.accounts.AccountManager$1)>",
						"<android.accounts.AccountManager$AmsTask$Response: void <init>(android.accounts.AccountManager$AmsTask)>",
						"key field: <android.accounts.AccountManager$AmsTask$Response: android.accounts.AccountManager$AmsTask this$1>",
						"<android.accounts.AccountManager$AmsTask$Response: void onResult(android.os.Bundle)>"
					],
					"depth":8,
					"method":"<android.app.SharedPreferencesImpl$2: void run()>",
					"source":"FIELDCALLER"
				},
				{
					"trace":[
						"<android.app.Instrumentation$SyncRunnable: void run()>",
						"<android.accounts.AccountManager$Future2Task$1: void run()>",
						"<android.accounts.AccountManager$GetAuthTokenByTypeAndFeaturesTask$1: void run(android.accounts.AccountManagerFuture)>",
						"<android.accounts.AccountManager: android.accounts.AccountManagerFuture addAccount(java.lang.String,java.lang.String,java.lang.String[],android.os.Bundle,android.app.Activity,android.accounts.AccountManagerCallback,android.os.Handler)>",
						"<android.accounts.AccountManager$11: void <init>(android.accounts.AccountManager,android.app.Activity,android.os.Handler,android.accounts.AccountManagerCallback,java.lang.String,java.lang.String,java.lang.String[],android.app.Activity,android.os.Bundle)>",
						"<android.accounts.AccountManager$AmsTask: void <init>(android.accounts.AccountManager,android.app.Activity,android.os.Handler,android.accounts.AccountManagerCallback)>",
						"<android.accounts.AccountManager$AmsTask$Response: void <init>(android.accounts.AccountManager$AmsTask,android.accounts.AccountManager$1)>",
						"<android.accounts.AccountManager$AmsTask$Response: void <init>(android.accounts.AccountManager$AmsTask)>",
						"key field: <android.accounts.AccountManager$AmsTask$Response: android.accounts.AccountManager$AmsTask this$1>",
						"<android.accounts.AccountManager$AmsTask$Response: void onResult(android.os.Bundle)>"
					],
					"depth":8,
					"method":"<android.app.Instrumentation$SyncRunnable: void run()>",
					"source":"FIELDCALLER"
				},
				{
					"trace":[
						"<android.os.AsyncTask$SerialExecutor$1: void run()>",
						"<android.accounts.AccountManager$Future2Task$1: void run()>",
						"<android.accounts.AccountManager$GetAuthTokenByTypeAndFeaturesTask$1: void run(android.accounts.AccountManagerFuture)>",
						"<android.accounts.AccountManager: android.accounts.AccountManagerFuture addAccount(java.lang.String,java.lang.String,java.lang.String[],android.os.Bundle,android.app.Activity,android.accounts.AccountManagerCallback,android.os.Handler)>",
						"<android.accounts.AccountManager$11: void <init>(android.accounts.AccountManager,android.app.Activity,android.os.Handler,android.accounts.AccountManagerCallback,java.lang.String,java.lang.String,java.lang.String[],android.app.Activity,android.os.Bundle)>",
						"<android.accounts.AccountManager$AmsTask: void <init>(android.accounts.AccountManager,android.app.Activity,android.os.Handler,android.accounts.AccountManagerCallback)>",
						"<android.accounts.AccountManager$AmsTask$Response: void <init>(android.accounts.AccountManager$AmsTask,android.accounts.AccountManager$1)>",
						"<android.accounts.AccountManager$AmsTask$Response: void <init>(android.accounts.AccountManager$AmsTask)>",
						"key field: <android.accounts.AccountManager$AmsTask$Response: android.accounts.AccountManager$AmsTask this$1>",
						"<android.accounts.AccountManager$AmsTask$Response: void onResult(android.os.Bundle)>"
					],
					"depth":8,
					"method":"<android.os.AsyncTask$SerialExecutor$1: void run()>",
					"source":"FIELDCALLER"
				},
				{
					"trace":[
						"<android.app.ActivityView$SerialExecutor$1: void run()>",
						"<android.accounts.AccountManager$Future2Task$1: void run()>",
						"<android.accounts.AccountManager$GetAuthTokenByTypeAndFeaturesTask$1: void run(android.accounts.AccountManagerFuture)>",
						"<android.accounts.AccountManager: android.accounts.AccountManagerFuture addAccount(java.lang.String,java.lang.String,java.lang.String[],android.os.Bundle,android.app.Activity,android.accounts.AccountManagerCallback,android.os.Handler)>",
						"<android.accounts.AccountManager$11: void <init>(android.accounts.AccountManager,android.app.Activity,android.os.Handler,android.accounts.AccountManagerCallback,java.lang.String,java.lang.String,java.lang.String[],android.app.Activity,android.os.Bundle)>",
						"<android.accounts.AccountManager$AmsTask: void <init>(android.accounts.AccountManager,android.app.Activity,android.os.Handler,android.accounts.AccountManagerCallback)>",
						"<android.accounts.AccountManager$AmsTask$Response: void <init>(android.accounts.AccountManager$AmsTask,android.accounts.AccountManager$1)>",
						"<android.accounts.AccountManager$AmsTask$Response: void <init>(android.accounts.AccountManager$AmsTask)>",
						"key field: <android.accounts.AccountManager$AmsTask$Response: android.accounts.AccountManager$AmsTask this$1>",
						"<android.accounts.AccountManager$AmsTask$Response: void onResult(android.os.Bundle)>"
					],
					"depth":8,
					"method":"<android.app.ActivityView$SerialExecutor$1: void run()>",
					"source":"FIELDCALLER"
				},
				{
					"trace":[
						"<android.app.SharedPreferencesImpl$EditorImpl$2: void run()>",
						"<android.accounts.AccountManager$Future2Task$1: void run()>",
						"<android.accounts.AccountManager$GetAuthTokenByTypeAndFeaturesTask$1: void run(android.accounts.AccountManagerFuture)>",
						"<android.accounts.AccountManager: android.accounts.AccountManagerFuture addAccount(java.lang.String,java.lang.String,java.lang.String[],android.os.Bundle,android.app.Activity,android.accounts.AccountManagerCallback,android.os.Handler)>",
						"<android.accounts.AccountManager$11: void <init>(android.accounts.AccountManager,android.app.Activity,android.os.Handler,android.accounts.AccountManagerCallback,java.lang.String,java.lang.String,java.lang.String[],android.app.Activity,android.os.Bundle)>",
						"<android.accounts.AccountManager$AmsTask: void <init>(android.accounts.AccountManager,android.app.Activity,android.os.Handler,android.accounts.AccountManagerCallback)>",
						"<android.accounts.AccountManager$AmsTask$Response: void <init>(android.accounts.AccountManager$AmsTask,android.accounts.AccountManager$1)>",
						"<android.accounts.AccountManager$AmsTask$Response: void <init>(android.accounts.AccountManager$AmsTask)>",
						"key field: <android.accounts.AccountManager$AmsTask$Response: android.accounts.AccountManager$AmsTask this$1>",
						"<android.accounts.AccountManager$AmsTask$Response: void onResult(android.os.Bundle)>"
					],
					"depth":8,
					"method":"<android.app.SharedPreferencesImpl$EditorImpl$2: void run()>",
					"source":"FIELDCALLER"
				},
				{
					"trace":[
						"<android.widget.MediaController$4: void run()>",
						"<android.accounts.AccountManager$Future2Task$1: void run()>",
						"<android.accounts.AccountManager$GetAuthTokenByTypeAndFeaturesTask$1: void run(android.accounts.AccountManagerFuture)>",
						"<android.accounts.AccountManager: android.accounts.AccountManagerFuture addAccount(java.lang.String,java.lang.String,java.lang.String[],android.os.Bundle,android.app.Activity,android.accounts.AccountManagerCallback,android.os.Handler)>",
						"<android.accounts.AccountManager$11: void <init>(android.accounts.AccountManager,android.app.Activity,android.os.Handler,android.accounts.AccountManagerCallback,java.lang.String,java.lang.String,java.lang.String[],android.app.Activity,android.os.Bundle)>",
						"<android.accounts.AccountManager$AmsTask: void <init>(android.accounts.AccountManager,android.app.Activity,android.os.Handler,android.accounts.AccountManagerCallback)>",
						"<android.accounts.AccountManager$AmsTask$Response: void <init>(android.accounts.AccountManager$AmsTask,android.accounts.AccountManager$1)>",
						"<android.accounts.AccountManager$AmsTask$Response: void <init>(android.accounts.AccountManager$AmsTask)>",
						"key field: <android.accounts.AccountManager$AmsTask$Response: android.accounts.AccountManager$AmsTask this$1>",
						"<android.accounts.AccountManager$AmsTask$Response: void onResult(android.os.Bundle)>"
					],
					"depth":8,
					"method":"<android.widget.MediaController$4: void run()>",
					"source":"FIELDCALLER"
				},
				{
					"trace":[
						"<android.os.Handler$BlockingRunnable: void run()>",
						"<android.accounts.AccountManager$Future2Task$1: void run()>",
						"<android.accounts.AccountManager$GetAuthTokenByTypeAndFeaturesTask$1: void run(android.accounts.AccountManagerFuture)>",
						"<android.accounts.AccountManager: android.accounts.AccountManagerFuture addAccount(java.lang.String,java.lang.String,java.lang.String[],android.os.Bundle,android.app.Activity,android.accounts.AccountManagerCallback,android.os.Handler)>",
						"<android.accounts.AccountManager$11: void <init>(android.accounts.AccountManager,android.app.Activity,android.os.Handler,android.accounts.AccountManagerCallback,java.lang.String,java.lang.String,java.lang.String[],android.app.Activity,android.os.Bundle)>",
						"<android.accounts.AccountManager$AmsTask: void <init>(android.accounts.AccountManager,android.app.Activity,android.os.Handler,android.accounts.AccountManagerCallback)>",
						"<android.accounts.AccountManager$AmsTask$Response: void <init>(android.accounts.AccountManager$AmsTask,android.accounts.AccountManager$1)>",
						"<android.accounts.AccountManager$AmsTask$Response: void <init>(android.accounts.AccountManager$AmsTask)>",
						"key field: <android.accounts.AccountManager$AmsTask$Response: android.accounts.AccountManager$AmsTask this$1>",
						"<android.accounts.AccountManager$AmsTask$Response: void onResult(android.os.Bundle)>"
					],
					"depth":8,
					"method":"<android.os.Handler$BlockingRunnable: void run()>",
					"source":"FIELDCALLER"
				},
				{
					"trace":[
						"<android.app.Activity: void onCreate(android.os.Bundle,android.os.PersistableBundle)>",
						"<android.accounts.ChooseTypeAndAccountActivity: void onCreate(android.os.Bundle)>",
						"<android.accounts.ChooseTypeAndAccountActivity: void runAddAccountForAuthenticator(java.lang.String)>",
						"<android.accounts.AccountManager: android.accounts.AccountManagerFuture addAccount(java.lang.String,java.lang.String,java.lang.String[],android.os.Bundle,android.app.Activity,android.accounts.AccountManagerCallback,android.os.Handler)>",
						"<android.accounts.AccountManager$11: void <init>(android.accounts.AccountManager,android.app.Activity,android.os.Handler,android.accounts.AccountManagerCallback,java.lang.String,java.lang.String,java.lang.String[],android.app.Activity,android.os.Bundle)>",
						"<android.accounts.AccountManager$AmsTask: void <init>(android.accounts.AccountManager,android.app.Activity,android.os.Handler,android.accounts.AccountManagerCallback)>",
						"<android.accounts.AccountManager$AmsTask$Response: void <init>(android.accounts.AccountManager$AmsTask,android.accounts.AccountManager$1)>",
						"<android.accounts.AccountManager$AmsTask$Response: void <init>(android.accounts.AccountManager$AmsTask)>",
						"key field: <android.accounts.AccountManager$AmsTask$Response: android.accounts.AccountManager$AmsTask this$1>",
						"<android.accounts.AccountManager$AmsTask$Response: void onResult(android.os.Bundle)>"
					],
					"depth":8,
					"method":"<android.app.Activity: void onCreate(android.os.Bundle,android.os.PersistableBundle)>",
					"source":"FIELDCALLER"
				},
				{
					"trace":[
						"<android.accounts.AccountManager$AmsTask: android.accounts.AccountManagerFuture start()>",
						"<android.accounts.AccountManager$GetAuthTokenByTypeAndFeaturesTask: void doWork()>",
						"<android.accounts.AccountManager: void access$1600(android.accounts.AccountManager,java.lang.String,java.lang.String[],android.accounts.AccountManagerCallback,android.os.Handler)>",
						"<android.accounts.AccountManager: void getAccountByTypeAndFeatures(java.lang.String,java.lang.String[],android.accounts.AccountManagerCallback,android.os.Handler)>",
						"<android.accounts.AccountManager$19: void <init>(android.accounts.AccountManager,android.app.Activity,android.os.Handler,android.accounts.AccountManagerCallback,java.lang.String,java.lang.String[])>",
						"<android.accounts.AccountManager$AmsTask: void <init>(android.accounts.AccountManager,android.app.Activity,android.os.Handler,android.accounts.AccountManagerCallback)>",
						"<android.accounts.AccountManager$AmsTask$Response: void <init>(android.accounts.AccountManager$AmsTask,android.accounts.AccountManager$1)>",
						"<android.accounts.AccountManager$AmsTask$Response: void <init>(android.accounts.AccountManager$AmsTask)>",
						"key field: <android.accounts.AccountManager$AmsTask$Response: android.accounts.AccountManager$AmsTask this$1>",
						"<android.accounts.AccountManager$AmsTask$Response: void onResult(android.os.Bundle)>"
					],
					"depth":8,
					"method":"<android.accounts.AccountManager$AmsTask: android.accounts.AccountManagerFuture start()>",
					"source":"FIELDCALLER"
				}
			],
			"callerOfSingnlar2SourceVar":{
				"<android.accounts.AccountManager$AmsTask$Response: void onResult(android.os.Bundle)>":"0"
			}
		}
	]
}