{
	"exceptions":[
		{
			"method":"<android.graphics.GraphicBuffer: void writeToParcel(android.os.Parcel,int)>",
			"message":"\\QThis GraphicBuffer has been destroyed and cannot be written to a parcel.\\E",
			"relatedVarType":"Field",
			"relatedCondType":"Basic",
			"modifier":"public",
			"type":"java.lang.IllegalStateException",
			"osVersionRelated":false,
			"resourceRelated":false,
			"assessRelated":false,
			"hardwareRelated":false,
			"manifestRelated":false,
			"conditions":"$z0 == 0",
			"fieldValues":"<android.graphics.GraphicBuffer: boolean mDestroyed>",
			"relatedValues":"; <android.graphics.GraphicBuffer: boolean mDestroyed>; ",
			"keyAPISameClassNum":1,
			"keyAPIDiffClassNum":0,
			"keyAPISameClass":[
				{
					"trace":[
						"<android.graphics.GraphicBuffer: void writeToParcel(android.os.Parcel,int)>"
					],
					"depth":1,
					"method":"<android.graphics.GraphicBuffer: void destroy()>",
					"source":"FIELD"
				}
			],
			"keyAPIDiffClass":[],
			"callerOfSingnlar2SourceVar":{}
		}
	]
}