{
	"exceptions":[
		{
			"method":"<android.hardware.camera2.marshal.impl.MarshalQueryableEnum$MarshalerEnum: void marshal(java.lang.Enum,java.nio.ByteBuffer)>",
			"message":"",
			"relatedVarType":"ParaAndField",
			"relatedCondType":"Basic",
			"modifier":"public",
			"type":"java.lang.UnsupportedOperationException",
			"osVersionRelated":false,
			"resourceRelated":false,
			"assessRelated":false,
			"hardwareRelated":true,
			"manifestRelated":false,
			"conditions":"i0 < 0, $i2 != 0, $i1 != 1",
			"paramValues":"@parameter0: java.lang.Enum",
			"fieldValues":"<android.hardware.camera2.marshal.Marshaler: int mNativeType>",
			"relatedValues":"@parameter0: java.lang.Enum; <android.hardware.camera2.marshal.Marshaler: int mNativeType>; ",
			"keyAPISameClassNum":0,
			"keyAPIDiffClassNum":0,
			"keyAPISameClass":[
				{
					"trace":[
						"<android.hardware.camera2.marshal.impl.MarshalQueryableEnum$MarshalerEnum: void marshal(java.lang.Object,java.nio.ByteBuffer)>",
						"<android.hardware.camera2.marshal.impl.MarshalQueryableEnum$MarshalerEnum: void marshal(java.lang.Enum,java.nio.ByteBuffer)>"
					],
					"depth":1,
					"method":"<android.hardware.camera2.marshal.impl.MarshalQueryableEnum$MarshalerEnum: void marshal(java.lang.Object,java.nio.ByteBuffer)>",
					"source":"CALLER"
				},
				{
					"trace":[
						"<android.hardware.camera2.marshal.Marshaler: void marshal(java.lang.Object,java.nio.ByteBuffer)>",
						"<android.hardware.camera2.marshal.impl.MarshalQueryableEnum$MarshalerEnum: void marshal(java.lang.Enum,java.nio.ByteBuffer)>"
					],
					"depth":1,
					"method":"<android.hardware.camera2.marshal.Marshaler: void marshal(java.lang.Object,java.nio.ByteBuffer)>",
					"source":"CALLER"
				}
			],
			"keyAPIDiffClass":[],
			"callerOfSingnlar2SourceVar":{
				"<android.hardware.camera2.marshal.impl.MarshalQueryableEnum$MarshalerEnum: void marshal(java.lang.Enum,java.nio.ByteBuffer)>":"0"
			}
		},
		{
			"method":"<android.hardware.camera2.marshal.impl.MarshalQueryableEnum$MarshalerEnum: void marshal(java.lang.Enum,java.nio.ByteBuffer)>",
			"message":"[\\s\\S]*",
			"relatedVarType":"Field",
			"relatedCondType":"Basic",
			"modifier":"public",
			"type":"java.lang.AssertionError",
			"osVersionRelated":false,
			"resourceRelated":false,
			"assessRelated":false,
			"hardwareRelated":true,
			"manifestRelated":false,
			"conditions":"$i2 != 0, $i1 != 1",
			"fieldValues":"<android.hardware.camera2.marshal.Marshaler: int mNativeType>",
			"relatedValues":"; <android.hardware.camera2.marshal.Marshaler: int mNativeType>; ",
			"keyAPISameClassNum":0,
			"keyAPIDiffClassNum":0,
			"keyAPISameClass":[],
			"keyAPIDiffClass":[],
			"callerOfSingnlar2SourceVar":{}
		},
		{
			"method":"<android.hardware.camera2.marshal.impl.MarshalQueryableEnum$MarshalerEnum: java.lang.Enum unmarshal(java.nio.ByteBuffer)>",
			"message":"\\QUnexpected native type; impossible since its not supported\\E",
			"relatedVarType":"Field",
			"relatedCondType":"Basic",
			"modifier":"public",
			"type":"java.lang.AssertionError",
			"osVersionRelated":false,
			"resourceRelated":false,
			"assessRelated":false,
			"hardwareRelated":true,
			"manifestRelated":false,
			"conditions":"$i0",
			"fieldValues":"<android.hardware.camera2.marshal.Marshaler: int mNativeType>",
			"relatedValues":"; <android.hardware.camera2.marshal.Marshaler: int mNativeType>; ",
			"keyAPISameClassNum":0,
			"keyAPIDiffClassNum":0,
			"keyAPISameClass":[],
			"keyAPIDiffClass":[],
			"callerOfSingnlar2SourceVar":{}
		}
	]
}