{
	"exceptions":[
		{
			"method":"<android.content.pm.LauncherApps: java.util.List getActivityList(java.lang.String,android.os.UserHandle)>",
			"message":"[\\s\\S]*",
			"relatedVarType":"Unknown",
			"relatedCondType":"Empty",
			"modifier":"public",
			"type":"java.lang.RuntimeException",
			"osVersionRelated":false,
			"resourceRelated":false,
			"assessRelated":false,
			"hardwareRelated":false,
			"manifestRelated":false,
			"caughtValues":"@caughtexception",
			"relatedValues":"; ; @caughtexception",
			"keyAPISameClassNum":0,
			"keyAPIDiffClassNum":0,
			"keyAPISameClass":[],
			"keyAPIDiffClass":[],
			"callerOfSingnlar2SourceVar":{}
		},
		{
			"method":"<android.content.pm.LauncherApps: android.content.pm.LauncherActivityInfo resolveActivity(android.content.Intent,android.os.UserHandle)>",
			"message":"[\\s\\S]*",
			"relatedVarType":"ParaAndField",
			"relatedCondType":"Basic",
			"modifier":"public",
			"type":"java.lang.RuntimeException",
			"osVersionRelated":false,
			"resourceRelated":false,
			"assessRelated":false,
			"hardwareRelated":false,
			"manifestRelated":false,
			"conditions":"r12 == null",
			"paramValues":"@parameter0: android.content.Intent, @parameter1: android.os.UserHandle",
			"fieldValues":"<android.content.pm.LauncherApps: android.content.Context mContext>",
			"caughtValues":"@caughtexception",
			"relatedValues":"@parameter0: android.content.Intent, @parameter1: android.os.UserHandle; <android.content.pm.LauncherApps: android.content.Context mContext>; @caughtexception",
			"keyAPISameClassNum":24,
			"keyAPIDiffClassNum":0,
			"keyAPISameClass":[
				{
					"trace":[
						"<android.content.pm.LauncherApps: android.content.pm.LauncherActivityInfo resolveActivity(android.content.Intent,android.os.UserHandle)>"
					],
					"depth":1,
					"method":"<android.content.pm.LauncherApps: void <init>(android.content.Context,android.content.pm.ILauncherApps)>",
					"source":"FIELD"
				},
				{
					"trace":[
						"<android.content.pm.LauncherApps: android.content.pm.LauncherActivityInfo resolveActivity(android.content.Intent,android.os.UserHandle)>"
					],
					"depth":1,
					"method":"<android.content.pm.LauncherApps: java.util.List getActivityList(java.lang.String,android.os.UserHandle)>",
					"source":"FIELD"
				},
				{
					"trace":[
						"<android.content.pm.LauncherApps: android.content.pm.LauncherActivityInfo resolveActivity(android.content.Intent,android.os.UserHandle)>"
					],
					"depth":1,
					"method":"<android.content.pm.LauncherApps: android.content.pm.LauncherActivityInfo resolveActivity(android.content.Intent,android.os.UserHandle)>",
					"source":"FIELD"
				},
				{
					"trace":[
						"<android.content.pm.LauncherApps: android.content.pm.LauncherActivityInfo resolveActivity(android.content.Intent,android.os.UserHandle)>"
					],
					"depth":1,
					"method":"<android.content.pm.LauncherApps: void startMainActivity(android.content.ComponentName,android.os.UserHandle,android.graphics.Rect,android.os.Bundle)>",
					"source":"FIELD"
				},
				{
					"trace":[
						"<android.content.pm.LauncherApps: android.content.pm.LauncherActivityInfo resolveActivity(android.content.Intent,android.os.UserHandle)>"
					],
					"depth":1,
					"method":"<android.content.pm.LauncherApps: void startAppDetailsActivity(android.content.ComponentName,android.os.UserHandle,android.graphics.Rect,android.os.Bundle)>",
					"source":"FIELD"
				},
				{
					"trace":[
						"<android.content.pm.LauncherApps: android.content.pm.LauncherActivityInfo resolveActivity(android.content.Intent,android.os.UserHandle)>"
					],
					"depth":1,
					"method":"<android.content.pm.LauncherApps: java.util.List getShortcutConfigActivityList(java.lang.String,android.os.UserHandle)>",
					"source":"FIELD"
				},
				{
					"trace":[
						"<android.content.pm.LauncherApps: android.content.pm.LauncherActivityInfo resolveActivity(android.content.Intent,android.os.UserHandle)>"
					],
					"depth":1,
					"method":"<android.content.pm.LauncherApps: android.content.IntentSender getShortcutConfigActivityIntent(android.content.pm.LauncherActivityInfo)>",
					"source":"FIELD"
				},
				{
					"trace":[
						"<android.content.pm.LauncherApps: android.content.pm.LauncherActivityInfo resolveActivity(android.content.Intent,android.os.UserHandle)>"
					],
					"depth":1,
					"method":"<android.content.pm.LauncherApps: boolean isPackageEnabled(java.lang.String,android.os.UserHandle)>",
					"source":"FIELD"
				},
				{
					"trace":[
						"<android.content.pm.LauncherApps: android.content.pm.LauncherActivityInfo resolveActivity(android.content.Intent,android.os.UserHandle)>"
					],
					"depth":1,
					"method":"<android.content.pm.LauncherApps: android.content.pm.ApplicationInfo getApplicationInfo(java.lang.String,int,android.os.UserHandle)>",
					"source":"FIELD"
				},
				{
					"trace":[
						"<android.content.pm.LauncherApps: android.content.pm.LauncherActivityInfo resolveActivity(android.content.Intent,android.os.UserHandle)>"
					],
					"depth":1,
					"method":"<android.content.pm.LauncherApps: boolean isActivityEnabled(android.content.ComponentName,android.os.UserHandle)>",
					"source":"FIELD"
				},
				{
					"trace":[
						"<android.content.pm.LauncherApps: android.content.pm.LauncherActivityInfo resolveActivity(android.content.Intent,android.os.UserHandle)>"
					],
					"depth":1,
					"method":"<android.content.pm.LauncherApps: boolean hasShortcutHostPermission()>",
					"source":"FIELD"
				},
				{
					"trace":[
						"<android.content.pm.LauncherApps: android.content.pm.LauncherActivityInfo resolveActivity(android.content.Intent,android.os.UserHandle)>"
					],
					"depth":1,
					"method":"<android.content.pm.LauncherApps: java.util.List getShortcuts(android.content.pm.LauncherApps$ShortcutQuery,android.os.UserHandle)>",
					"source":"FIELD"
				},
				{
					"trace":[
						"<android.content.pm.LauncherApps: android.content.pm.LauncherActivityInfo resolveActivity(android.content.Intent,android.os.UserHandle)>"
					],
					"depth":1,
					"method":"<android.content.pm.LauncherApps: void pinShortcuts(java.lang.String,java.util.List,android.os.UserHandle)>",
					"source":"FIELD"
				},
				{
					"trace":[
						"<android.content.pm.LauncherApps: android.content.pm.LauncherActivityInfo resolveActivity(android.content.Intent,android.os.UserHandle)>"
					],
					"depth":1,
					"method":"<android.content.pm.LauncherApps: void registerCallback(android.content.pm.LauncherApps$Callback,android.os.Handler)>",
					"source":"FIELD"
				},
				{
					"trace":[
						"<android.content.pm.LauncherApps: void <init>(android.content.Context)>",
						"<android.content.pm.LauncherApps: void <init>(android.content.Context,android.content.pm.ILauncherApps)>",
						"key field: <android.content.pm.LauncherApps: android.content.Context mContext>",
						"<android.content.pm.LauncherApps: android.content.pm.LauncherActivityInfo resolveActivity(android.content.Intent,android.os.UserHandle)>"
					],
					"depth":2,
					"method":"<android.content.pm.LauncherApps: void <init>(android.content.Context)>",
					"source":"FIELDCALLER"
				},
				{
					"trace":[
						"<android.content.pm.LauncherApps: java.util.List getShortcutInfo(java.lang.String,java.util.List,android.os.UserHandle)>",
						"<android.content.pm.LauncherApps: java.util.List getShortcuts(android.content.pm.LauncherApps$ShortcutQuery,android.os.UserHandle)>",
						"key field: <android.content.pm.LauncherApps: android.content.Context mContext>",
						"<android.content.pm.LauncherApps: android.content.pm.LauncherActivityInfo resolveActivity(android.content.Intent,android.os.UserHandle)>"
					],
					"depth":2,
					"method":"<android.content.pm.LauncherApps: java.util.List getShortcutInfo(java.lang.String,java.util.List,android.os.UserHandle)>",
					"source":"FIELDCALLER"
				},
				{
					"trace":[
						"<android.content.pm.LauncherApps: int getShortcutIconResId(java.lang.String,java.lang.String,android.os.UserHandle)>",
						"<android.content.pm.LauncherApps: java.util.List getShortcuts(android.content.pm.LauncherApps$ShortcutQuery,android.os.UserHandle)>",
						"key field: <android.content.pm.LauncherApps: android.content.Context mContext>",
						"<android.content.pm.LauncherApps: android.content.pm.LauncherActivityInfo resolveActivity(android.content.Intent,android.os.UserHandle)>"
					],
					"depth":2,
					"method":"<android.content.pm.LauncherApps: int getShortcutIconResId(java.lang.String,java.lang.String,android.os.UserHandle)>",
					"source":"FIELDCALLER"
				},
				{
					"trace":[
						"<android.content.pm.LauncherApps: android.os.ParcelFileDescriptor getShortcutIconFd(android.content.pm.ShortcutInfo)>",
						"<android.content.pm.LauncherApps: android.os.ParcelFileDescriptor getShortcutIconFd(java.lang.String,java.lang.String,int)>",
						"key field: <android.content.pm.LauncherApps: android.content.Context mContext>",
						"<android.content.pm.LauncherApps: android.content.pm.LauncherActivityInfo resolveActivity(android.content.Intent,android.os.UserHandle)>"
					],
					"depth":2,
					"method":"<android.content.pm.LauncherApps: android.os.ParcelFileDescriptor getShortcutIconFd(android.content.pm.ShortcutInfo)>",
					"source":"FIELDCALLER"
				},
				{
					"trace":[
						"<android.content.pm.LauncherApps: android.os.ParcelFileDescriptor getShortcutIconFd(java.lang.String,java.lang.String,android.os.UserHandle)>",
						"<android.content.pm.LauncherApps: android.os.ParcelFileDescriptor getShortcutIconFd(java.lang.String,java.lang.String,int)>",
						"key field: <android.content.pm.LauncherApps: android.content.Context mContext>",
						"<android.content.pm.LauncherApps: android.content.pm.LauncherActivityInfo resolveActivity(android.content.Intent,android.os.UserHandle)>"
					],
					"depth":2,
					"method":"<android.content.pm.LauncherApps: android.os.ParcelFileDescriptor getShortcutIconFd(java.lang.String,java.lang.String,android.os.UserHandle)>",
					"source":"FIELDCALLER"
				},
				{
					"trace":[
						"<android.content.pm.LauncherApps: void startShortcut(java.lang.String,java.lang.String,android.graphics.Rect,android.os.Bundle,android.os.UserHandle)>",
						"<android.content.pm.LauncherApps: void startShortcut(java.lang.String,java.lang.String,android.graphics.Rect,android.os.Bundle,int)>",
						"key field: <android.content.pm.LauncherApps: android.content.Context mContext>",
						"<android.content.pm.LauncherApps: android.content.pm.LauncherActivityInfo resolveActivity(android.content.Intent,android.os.UserHandle)>"
					],
					"depth":2,
					"method":"<android.content.pm.LauncherApps: void startShortcut(java.lang.String,java.lang.String,android.graphics.Rect,android.os.Bundle,android.os.UserHandle)>",
					"source":"FIELDCALLER"
				},
				{
					"trace":[
						"<android.content.pm.LauncherApps: void startShortcut(android.content.pm.ShortcutInfo,android.graphics.Rect,android.os.Bundle)>",
						"<android.content.pm.LauncherApps: void startShortcut(java.lang.String,java.lang.String,android.graphics.Rect,android.os.Bundle,int)>",
						"key field: <android.content.pm.LauncherApps: android.content.Context mContext>",
						"<android.content.pm.LauncherApps: android.content.pm.LauncherActivityInfo resolveActivity(android.content.Intent,android.os.UserHandle)>"
					],
					"depth":2,
					"method":"<android.content.pm.LauncherApps: void startShortcut(android.content.pm.ShortcutInfo,android.graphics.Rect,android.os.Bundle)>",
					"source":"FIELDCALLER"
				},
				{
					"trace":[
						"<android.content.pm.LauncherApps: void registerCallback(android.content.pm.LauncherApps$Callback)>",
						"<android.content.pm.LauncherApps: void registerCallback(android.content.pm.LauncherApps$Callback,android.os.Handler)>",
						"key field: <android.content.pm.LauncherApps: android.content.Context mContext>",
						"<android.content.pm.LauncherApps: android.content.pm.LauncherActivityInfo resolveActivity(android.content.Intent,android.os.UserHandle)>"
					],
					"depth":2,
					"method":"<android.content.pm.LauncherApps: void registerCallback(android.content.pm.LauncherApps$Callback)>",
					"source":"FIELDCALLER"
				},
				{
					"trace":[
						"<android.content.pm.LauncherApps: android.graphics.drawable.Drawable getShortcutIconDrawable(android.content.pm.ShortcutInfo,int)>",
						"<android.content.pm.LauncherApps: android.graphics.drawable.Drawable loadDrawableResourceFromPackage(java.lang.String,int,android.os.UserHandle,int)>",
						"<android.content.pm.LauncherApps: android.content.pm.ApplicationInfo getApplicationInfo(java.lang.String,int,android.os.UserHandle)>",
						"key field: <android.content.pm.LauncherApps: android.content.Context mContext>",
						"<android.content.pm.LauncherApps: android.content.pm.LauncherActivityInfo resolveActivity(android.content.Intent,android.os.UserHandle)>"
					],
					"depth":3,
					"method":"<android.content.pm.LauncherApps: android.graphics.drawable.Drawable getShortcutIconDrawable(android.content.pm.ShortcutInfo,int)>",
					"source":"FIELDCALLER"
				},
				{
					"trace":[
						"<android.content.pm.LauncherApps: android.graphics.drawable.Drawable getShortcutBadgedIconDrawable(android.content.pm.ShortcutInfo,int)>",
						"<android.content.pm.LauncherApps: android.graphics.drawable.Drawable getShortcutIconDrawable(android.content.pm.ShortcutInfo,int)>",
						"<android.content.pm.LauncherApps: android.graphics.drawable.Drawable loadDrawableResourceFromPackage(java.lang.String,int,android.os.UserHandle,int)>",
						"<android.content.pm.LauncherApps: android.content.pm.ApplicationInfo getApplicationInfo(java.lang.String,int,android.os.UserHandle)>",
						"key field: <android.content.pm.LauncherApps: android.content.Context mContext>",
						"<android.content.pm.LauncherApps: android.content.pm.LauncherActivityInfo resolveActivity(android.content.Intent,android.os.UserHandle)>"
					],
					"depth":4,
					"method":"<android.content.pm.LauncherApps: android.graphics.drawable.Drawable getShortcutBadgedIconDrawable(android.content.pm.ShortcutInfo,int)>",
					"source":"FIELDCALLER"
				}
			],
			"keyAPIDiffClass":[],
			"callerOfSingnlar2SourceVar":{
				"<android.content.pm.LauncherApps: android.content.pm.LauncherActivityInfo resolveActivity(android.content.Intent,android.os.UserHandle)>":"0, 1"
			}
		},
		{
			"method":"<android.content.pm.LauncherApps: void startMainActivity(android.content.ComponentName,android.os.UserHandle,android.graphics.Rect,android.os.Bundle)>",
			"message":"[\\s\\S]*",
			"relatedVarType":"Unknown",
			"relatedCondType":"Empty",
			"modifier":"public",
			"type":"java.lang.RuntimeException",
			"osVersionRelated":false,
			"resourceRelated":false,
			"assessRelated":false,
			"hardwareRelated":false,
			"manifestRelated":false,
			"caughtValues":"@caughtexception",
			"relatedValues":"; ; @caughtexception",
			"keyAPISameClassNum":0,
			"keyAPIDiffClassNum":0,
			"keyAPISameClass":[],
			"keyAPIDiffClass":[],
			"callerOfSingnlar2SourceVar":{}
		},
		{
			"method":"<android.content.pm.LauncherApps: void startAppDetailsActivity(android.content.ComponentName,android.os.UserHandle,android.graphics.Rect,android.os.Bundle)>",
			"message":"[\\s\\S]*",
			"relatedVarType":"Unknown",
			"relatedCondType":"Empty",
			"modifier":"public",
			"type":"java.lang.RuntimeException",
			"osVersionRelated":false,
			"resourceRelated":false,
			"assessRelated":false,
			"hardwareRelated":false,
			"manifestRelated":false,
			"caughtValues":"@caughtexception",
			"relatedValues":"; ; @caughtexception",
			"keyAPISameClassNum":0,
			"keyAPIDiffClassNum":0,
			"keyAPISameClass":[],
			"keyAPIDiffClass":[],
			"callerOfSingnlar2SourceVar":{}
		},
		{
			"method":"<android.content.pm.LauncherApps: java.util.List getShortcutConfigActivityList(java.lang.String,android.os.UserHandle)>",
			"message":"[\\s\\S]*",
			"relatedVarType":"Unknown",
			"relatedCondType":"Empty",
			"modifier":"public",
			"type":"java.lang.RuntimeException",
			"osVersionRelated":false,
			"resourceRelated":false,
			"assessRelated":false,
			"hardwareRelated":false,
			"manifestRelated":false,
			"caughtValues":"@caughtexception",
			"relatedValues":"; ; @caughtexception",
			"keyAPISameClassNum":0,
			"keyAPIDiffClassNum":0,
			"keyAPISameClass":[],
			"keyAPIDiffClass":[],
			"callerOfSingnlar2SourceVar":{}
		},
		{
			"method":"<android.content.pm.LauncherApps: android.content.IntentSender getShortcutConfigActivityIntent(android.content.pm.LauncherActivityInfo)>",
			"message":"[\\s\\S]*",
			"relatedVarType":"Unknown",
			"relatedCondType":"Empty",
			"modifier":"public",
			"type":"java.lang.RuntimeException",
			"osVersionRelated":false,
			"resourceRelated":false,
			"assessRelated":false,
			"hardwareRelated":false,
			"manifestRelated":false,
			"caughtValues":"@caughtexception",
			"relatedValues":"; ; @caughtexception",
			"keyAPISameClassNum":0,
			"keyAPIDiffClassNum":0,
			"keyAPISameClass":[],
			"keyAPIDiffClass":[],
			"callerOfSingnlar2SourceVar":{}
		},
		{
			"method":"<android.content.pm.LauncherApps: boolean isPackageEnabled(java.lang.String,android.os.UserHandle)>",
			"message":"[\\s\\S]*",
			"relatedVarType":"Unknown",
			"relatedCondType":"Empty",
			"modifier":"public",
			"type":"java.lang.RuntimeException",
			"osVersionRelated":false,
			"resourceRelated":false,
			"assessRelated":false,
			"hardwareRelated":false,
			"manifestRelated":false,
			"caughtValues":"@caughtexception",
			"relatedValues":"; ; @caughtexception",
			"keyAPISameClassNum":0,
			"keyAPIDiffClassNum":0,
			"keyAPISameClass":[],
			"keyAPIDiffClass":[],
			"callerOfSingnlar2SourceVar":{}
		},
		{
			"method":"<android.content.pm.LauncherApps: android.content.pm.ApplicationInfo getApplicationInfo(java.lang.String,int,android.os.UserHandle)>",
			"message":"[\\s\\S]*",
			"relatedVarType":"ParaAndField",
			"relatedCondType":"Basic",
			"modifier":"public",
			"type":"java.lang.RuntimeException",
			"osVersionRelated":false,
			"resourceRelated":false,
			"assessRelated":false,
			"hardwareRelated":false,
			"manifestRelated":false,
			"conditions":"r17 != null",
			"paramValues":"@parameter0: java.lang.String, @parameter1: int, @parameter2: android.os.UserHandle",
			"fieldValues":"<android.content.pm.LauncherApps: android.content.Context mContext>",
			"caughtValues":"@caughtexception",
			"relatedValues":"@parameter0: java.lang.String, @parameter1: int, @parameter2: android.os.UserHandle; <android.content.pm.LauncherApps: android.content.Context mContext>; @caughtexception",
			"keyAPISameClassNum":24,
			"keyAPIDiffClassNum":0,
			"keyAPISameClass":[
				{
					"trace":[
						"<android.content.pm.LauncherApps: android.content.pm.ApplicationInfo getApplicationInfo(java.lang.String,int,android.os.UserHandle)>"
					],
					"depth":1,
					"method":"<android.content.pm.LauncherApps: void <init>(android.content.Context,android.content.pm.ILauncherApps)>",
					"source":"FIELD"
				},
				{
					"trace":[
						"<android.content.pm.LauncherApps: android.content.pm.ApplicationInfo getApplicationInfo(java.lang.String,int,android.os.UserHandle)>"
					],
					"depth":1,
					"method":"<android.content.pm.LauncherApps: java.util.List getActivityList(java.lang.String,android.os.UserHandle)>",
					"source":"FIELD"
				},
				{
					"trace":[
						"<android.content.pm.LauncherApps: android.content.pm.ApplicationInfo getApplicationInfo(java.lang.String,int,android.os.UserHandle)>"
					],
					"depth":1,
					"method":"<android.content.pm.LauncherApps: android.content.pm.LauncherActivityInfo resolveActivity(android.content.Intent,android.os.UserHandle)>",
					"source":"FIELD"
				},
				{
					"trace":[
						"<android.content.pm.LauncherApps: android.content.pm.ApplicationInfo getApplicationInfo(java.lang.String,int,android.os.UserHandle)>"
					],
					"depth":1,
					"method":"<android.content.pm.LauncherApps: void startMainActivity(android.content.ComponentName,android.os.UserHandle,android.graphics.Rect,android.os.Bundle)>",
					"source":"FIELD"
				},
				{
					"trace":[
						"<android.content.pm.LauncherApps: android.content.pm.ApplicationInfo getApplicationInfo(java.lang.String,int,android.os.UserHandle)>"
					],
					"depth":1,
					"method":"<android.content.pm.LauncherApps: void startAppDetailsActivity(android.content.ComponentName,android.os.UserHandle,android.graphics.Rect,android.os.Bundle)>",
					"source":"FIELD"
				},
				{
					"trace":[
						"<android.content.pm.LauncherApps: android.content.pm.ApplicationInfo getApplicationInfo(java.lang.String,int,android.os.UserHandle)>"
					],
					"depth":1,
					"method":"<android.content.pm.LauncherApps: java.util.List getShortcutConfigActivityList(java.lang.String,android.os.UserHandle)>",
					"source":"FIELD"
				},
				{
					"trace":[
						"<android.content.pm.LauncherApps: android.content.pm.ApplicationInfo getApplicationInfo(java.lang.String,int,android.os.UserHandle)>"
					],
					"depth":1,
					"method":"<android.content.pm.LauncherApps: android.content.IntentSender getShortcutConfigActivityIntent(android.content.pm.LauncherActivityInfo)>",
					"source":"FIELD"
				},
				{
					"trace":[
						"<android.content.pm.LauncherApps: android.content.pm.ApplicationInfo getApplicationInfo(java.lang.String,int,android.os.UserHandle)>"
					],
					"depth":1,
					"method":"<android.content.pm.LauncherApps: boolean isPackageEnabled(java.lang.String,android.os.UserHandle)>",
					"source":"FIELD"
				},
				{
					"trace":[
						"<android.content.pm.LauncherApps: android.content.pm.ApplicationInfo getApplicationInfo(java.lang.String,int,android.os.UserHandle)>"
					],
					"depth":1,
					"method":"<android.content.pm.LauncherApps: android.content.pm.ApplicationInfo getApplicationInfo(java.lang.String,int,android.os.UserHandle)>",
					"source":"FIELD"
				},
				{
					"trace":[
						"<android.content.pm.LauncherApps: android.content.pm.ApplicationInfo getApplicationInfo(java.lang.String,int,android.os.UserHandle)>"
					],
					"depth":1,
					"method":"<android.content.pm.LauncherApps: boolean isActivityEnabled(android.content.ComponentName,android.os.UserHandle)>",
					"source":"FIELD"
				},
				{
					"trace":[
						"<android.content.pm.LauncherApps: android.content.pm.ApplicationInfo getApplicationInfo(java.lang.String,int,android.os.UserHandle)>"
					],
					"depth":1,
					"method":"<android.content.pm.LauncherApps: boolean hasShortcutHostPermission()>",
					"source":"FIELD"
				},
				{
					"trace":[
						"<android.content.pm.LauncherApps: android.content.pm.ApplicationInfo getApplicationInfo(java.lang.String,int,android.os.UserHandle)>"
					],
					"depth":1,
					"method":"<android.content.pm.LauncherApps: java.util.List getShortcuts(android.content.pm.LauncherApps$ShortcutQuery,android.os.UserHandle)>",
					"source":"FIELD"
				},
				{
					"trace":[
						"<android.content.pm.LauncherApps: android.content.pm.ApplicationInfo getApplicationInfo(java.lang.String,int,android.os.UserHandle)>"
					],
					"depth":1,
					"method":"<android.content.pm.LauncherApps: void pinShortcuts(java.lang.String,java.util.List,android.os.UserHandle)>",
					"source":"FIELD"
				},
				{
					"trace":[
						"<android.content.pm.LauncherApps: android.content.pm.ApplicationInfo getApplicationInfo(java.lang.String,int,android.os.UserHandle)>"
					],
					"depth":1,
					"method":"<android.content.pm.LauncherApps: void registerCallback(android.content.pm.LauncherApps$Callback,android.os.Handler)>",
					"source":"FIELD"
				},
				{
					"trace":[
						"<android.content.pm.LauncherApps: void <init>(android.content.Context)>",
						"<android.content.pm.LauncherApps: void <init>(android.content.Context,android.content.pm.ILauncherApps)>",
						"key field: <android.content.pm.LauncherApps: android.content.Context mContext>",
						"<android.content.pm.LauncherApps: android.content.pm.ApplicationInfo getApplicationInfo(java.lang.String,int,android.os.UserHandle)>"
					],
					"depth":2,
					"method":"<android.content.pm.LauncherApps: void <init>(android.content.Context)>",
					"source":"FIELDCALLER"
				},
				{
					"trace":[
						"<android.content.pm.LauncherApps: java.util.List getShortcutInfo(java.lang.String,java.util.List,android.os.UserHandle)>",
						"<android.content.pm.LauncherApps: java.util.List getShortcuts(android.content.pm.LauncherApps$ShortcutQuery,android.os.UserHandle)>",
						"key field: <android.content.pm.LauncherApps: android.content.Context mContext>",
						"<android.content.pm.LauncherApps: android.content.pm.ApplicationInfo getApplicationInfo(java.lang.String,int,android.os.UserHandle)>"
					],
					"depth":2,
					"method":"<android.content.pm.LauncherApps: java.util.List getShortcutInfo(java.lang.String,java.util.List,android.os.UserHandle)>",
					"source":"FIELDCALLER"
				},
				{
					"trace":[
						"<android.content.pm.LauncherApps: int getShortcutIconResId(java.lang.String,java.lang.String,android.os.UserHandle)>",
						"<android.content.pm.LauncherApps: java.util.List getShortcuts(android.content.pm.LauncherApps$ShortcutQuery,android.os.UserHandle)>",
						"key field: <android.content.pm.LauncherApps: android.content.Context mContext>",
						"<android.content.pm.LauncherApps: android.content.pm.ApplicationInfo getApplicationInfo(java.lang.String,int,android.os.UserHandle)>"
					],
					"depth":2,
					"method":"<android.content.pm.LauncherApps: int getShortcutIconResId(java.lang.String,java.lang.String,android.os.UserHandle)>",
					"source":"FIELDCALLER"
				},
				{
					"trace":[
						"<android.content.pm.LauncherApps: android.os.ParcelFileDescriptor getShortcutIconFd(android.content.pm.ShortcutInfo)>",
						"<android.content.pm.LauncherApps: android.os.ParcelFileDescriptor getShortcutIconFd(java.lang.String,java.lang.String,int)>",
						"key field: <android.content.pm.LauncherApps: android.content.Context mContext>",
						"<android.content.pm.LauncherApps: android.content.pm.ApplicationInfo getApplicationInfo(java.lang.String,int,android.os.UserHandle)>"
					],
					"depth":2,
					"method":"<android.content.pm.LauncherApps: android.os.ParcelFileDescriptor getShortcutIconFd(android.content.pm.ShortcutInfo)>",
					"source":"FIELDCALLER"
				},
				{
					"trace":[
						"<android.content.pm.LauncherApps: android.os.ParcelFileDescriptor getShortcutIconFd(java.lang.String,java.lang.String,android.os.UserHandle)>",
						"<android.content.pm.LauncherApps: android.os.ParcelFileDescriptor getShortcutIconFd(java.lang.String,java.lang.String,int)>",
						"key field: <android.content.pm.LauncherApps: android.content.Context mContext>",
						"<android.content.pm.LauncherApps: android.content.pm.ApplicationInfo getApplicationInfo(java.lang.String,int,android.os.UserHandle)>"
					],
					"depth":2,
					"method":"<android.content.pm.LauncherApps: android.os.ParcelFileDescriptor getShortcutIconFd(java.lang.String,java.lang.String,android.os.UserHandle)>",
					"source":"FIELDCALLER"
				},
				{
					"trace":[
						"<android.content.pm.LauncherApps: void startShortcut(java.lang.String,java.lang.String,android.graphics.Rect,android.os.Bundle,android.os.UserHandle)>",
						"<android.content.pm.LauncherApps: void startShortcut(java.lang.String,java.lang.String,android.graphics.Rect,android.os.Bundle,int)>",
						"key field: <android.content.pm.LauncherApps: android.content.Context mContext>",
						"<android.content.pm.LauncherApps: android.content.pm.ApplicationInfo getApplicationInfo(java.lang.String,int,android.os.UserHandle)>"
					],
					"depth":2,
					"method":"<android.content.pm.LauncherApps: void startShortcut(java.lang.String,java.lang.String,android.graphics.Rect,android.os.Bundle,android.os.UserHandle)>",
					"source":"FIELDCALLER"
				},
				{
					"trace":[
						"<android.content.pm.LauncherApps: void startShortcut(android.content.pm.ShortcutInfo,android.graphics.Rect,android.os.Bundle)>",
						"<android.content.pm.LauncherApps: void startShortcut(java.lang.String,java.lang.String,android.graphics.Rect,android.os.Bundle,int)>",
						"key field: <android.content.pm.LauncherApps: android.content.Context mContext>",
						"<android.content.pm.LauncherApps: android.content.pm.ApplicationInfo getApplicationInfo(java.lang.String,int,android.os.UserHandle)>"
					],
					"depth":2,
					"method":"<android.content.pm.LauncherApps: void startShortcut(android.content.pm.ShortcutInfo,android.graphics.Rect,android.os.Bundle)>",
					"source":"FIELDCALLER"
				},
				{
					"trace":[
						"<android.content.pm.LauncherApps: void registerCallback(android.content.pm.LauncherApps$Callback)>",
						"<android.content.pm.LauncherApps: void registerCallback(android.content.pm.LauncherApps$Callback,android.os.Handler)>",
						"key field: <android.content.pm.LauncherApps: android.content.Context mContext>",
						"<android.content.pm.LauncherApps: android.content.pm.ApplicationInfo getApplicationInfo(java.lang.String,int,android.os.UserHandle)>"
					],
					"depth":2,
					"method":"<android.content.pm.LauncherApps: void registerCallback(android.content.pm.LauncherApps$Callback)>",
					"source":"FIELDCALLER"
				},
				{
					"trace":[
						"<android.content.pm.LauncherApps: android.graphics.drawable.Drawable getShortcutIconDrawable(android.content.pm.ShortcutInfo,int)>",
						"<android.content.pm.LauncherApps: android.graphics.drawable.Drawable loadDrawableResourceFromPackage(java.lang.String,int,android.os.UserHandle,int)>",
						"<android.content.pm.LauncherApps: android.content.pm.ApplicationInfo getApplicationInfo(java.lang.String,int,android.os.UserHandle)>",
						"key field: <android.content.pm.LauncherApps: android.content.Context mContext>",
						"<android.content.pm.LauncherApps: android.content.pm.ApplicationInfo getApplicationInfo(java.lang.String,int,android.os.UserHandle)>"
					],
					"depth":3,
					"method":"<android.content.pm.LauncherApps: android.graphics.drawable.Drawable getShortcutIconDrawable(android.content.pm.ShortcutInfo,int)>",
					"source":"FIELDCALLER"
				},
				{
					"trace":[
						"<android.content.pm.LauncherApps: android.graphics.drawable.Drawable getShortcutBadgedIconDrawable(android.content.pm.ShortcutInfo,int)>",
						"<android.content.pm.LauncherApps: android.graphics.drawable.Drawable getShortcutIconDrawable(android.content.pm.ShortcutInfo,int)>",
						"<android.content.pm.LauncherApps: android.graphics.drawable.Drawable loadDrawableResourceFromPackage(java.lang.String,int,android.os.UserHandle,int)>",
						"<android.content.pm.LauncherApps: android.content.pm.ApplicationInfo getApplicationInfo(java.lang.String,int,android.os.UserHandle)>",
						"key field: <android.content.pm.LauncherApps: android.content.Context mContext>",
						"<android.content.pm.LauncherApps: android.content.pm.ApplicationInfo getApplicationInfo(java.lang.String,int,android.os.UserHandle)>"
					],
					"depth":4,
					"method":"<android.content.pm.LauncherApps: android.graphics.drawable.Drawable getShortcutBadgedIconDrawable(android.content.pm.ShortcutInfo,int)>",
					"source":"FIELDCALLER"
				}
			],
			"keyAPIDiffClass":[],
			"callerOfSingnlar2SourceVar":{
				"<android.content.pm.LauncherApps: android.graphics.drawable.Drawable loadDrawableResourceFromPackage(java.lang.String,int,android.os.UserHandle,int)>":"0, 2",
				"<android.content.pm.LauncherApps: android.content.pm.ApplicationInfo getApplicationInfo(java.lang.String,int,android.os.UserHandle)>":"0, 1, 2"
			}
		},
		{
			"method":"<android.content.pm.LauncherApps: android.content.pm.ApplicationInfo getApplicationInfo(java.lang.String,int,android.os.UserHandle)>",
			"message":"\\QPackage \\E[\\s\\S]*\\Q not found for user \\E[\\s\\S]*",
			"relatedVarType":"ParaAndField",
			"relatedCondType":"Basic",
			"modifier":"public",
			"type":"android.content.pm.PackageManager$NameNotFoundException",
			"osVersionRelated":false,
			"resourceRelated":false,
			"assessRelated":false,
			"hardwareRelated":false,
			"manifestRelated":false,
			"conditions":"r17 != null",
			"paramValues":"@parameter0: java.lang.String, @parameter1: int, @parameter2: android.os.UserHandle",
			"fieldValues":"<android.content.pm.LauncherApps: android.content.Context mContext>",
			"relatedValues":"@parameter0: java.lang.String, @parameter1: int, @parameter2: android.os.UserHandle; <android.content.pm.LauncherApps: android.content.Context mContext>; ",
			"keyAPISameClassNum":24,
			"keyAPIDiffClassNum":0,
			"keyAPISameClass":[
				{
					"trace":[
						"<android.content.pm.LauncherApps: android.content.pm.ApplicationInfo getApplicationInfo(java.lang.String,int,android.os.UserHandle)>"
					],
					"depth":1,
					"method":"<android.content.pm.LauncherApps: void <init>(android.content.Context,android.content.pm.ILauncherApps)>",
					"source":"FIELD"
				},
				{
					"trace":[
						"<android.content.pm.LauncherApps: android.content.pm.ApplicationInfo getApplicationInfo(java.lang.String,int,android.os.UserHandle)>"
					],
					"depth":1,
					"method":"<android.content.pm.LauncherApps: java.util.List getActivityList(java.lang.String,android.os.UserHandle)>",
					"source":"FIELD"
				},
				{
					"trace":[
						"<android.content.pm.LauncherApps: android.content.pm.ApplicationInfo getApplicationInfo(java.lang.String,int,android.os.UserHandle)>"
					],
					"depth":1,
					"method":"<android.content.pm.LauncherApps: android.content.pm.LauncherActivityInfo resolveActivity(android.content.Intent,android.os.UserHandle)>",
					"source":"FIELD"
				},
				{
					"trace":[
						"<android.content.pm.LauncherApps: android.content.pm.ApplicationInfo getApplicationInfo(java.lang.String,int,android.os.UserHandle)>"
					],
					"depth":1,
					"method":"<android.content.pm.LauncherApps: void startMainActivity(android.content.ComponentName,android.os.UserHandle,android.graphics.Rect,android.os.Bundle)>",
					"source":"FIELD"
				},
				{
					"trace":[
						"<android.content.pm.LauncherApps: android.content.pm.ApplicationInfo getApplicationInfo(java.lang.String,int,android.os.UserHandle)>"
					],
					"depth":1,
					"method":"<android.content.pm.LauncherApps: void startAppDetailsActivity(android.content.ComponentName,android.os.UserHandle,android.graphics.Rect,android.os.Bundle)>",
					"source":"FIELD"
				},
				{
					"trace":[
						"<android.content.pm.LauncherApps: android.content.pm.ApplicationInfo getApplicationInfo(java.lang.String,int,android.os.UserHandle)>"
					],
					"depth":1,
					"method":"<android.content.pm.LauncherApps: java.util.List getShortcutConfigActivityList(java.lang.String,android.os.UserHandle)>",
					"source":"FIELD"
				},
				{
					"trace":[
						"<android.content.pm.LauncherApps: android.content.pm.ApplicationInfo getApplicationInfo(java.lang.String,int,android.os.UserHandle)>"
					],
					"depth":1,
					"method":"<android.content.pm.LauncherApps: android.content.IntentSender getShortcutConfigActivityIntent(android.content.pm.LauncherActivityInfo)>",
					"source":"FIELD"
				},
				{
					"trace":[
						"<android.content.pm.LauncherApps: android.content.pm.ApplicationInfo getApplicationInfo(java.lang.String,int,android.os.UserHandle)>"
					],
					"depth":1,
					"method":"<android.content.pm.LauncherApps: boolean isPackageEnabled(java.lang.String,android.os.UserHandle)>",
					"source":"FIELD"
				},
				{
					"trace":[
						"<android.content.pm.LauncherApps: android.content.pm.ApplicationInfo getApplicationInfo(java.lang.String,int,android.os.UserHandle)>"
					],
					"depth":1,
					"method":"<android.content.pm.LauncherApps: android.content.pm.ApplicationInfo getApplicationInfo(java.lang.String,int,android.os.UserHandle)>",
					"source":"FIELD"
				},
				{
					"trace":[
						"<android.content.pm.LauncherApps: android.content.pm.ApplicationInfo getApplicationInfo(java.lang.String,int,android.os.UserHandle)>"
					],
					"depth":1,
					"method":"<android.content.pm.LauncherApps: boolean isActivityEnabled(android.content.ComponentName,android.os.UserHandle)>",
					"source":"FIELD"
				},
				{
					"trace":[
						"<android.content.pm.LauncherApps: android.content.pm.ApplicationInfo getApplicationInfo(java.lang.String,int,android.os.UserHandle)>"
					],
					"depth":1,
					"method":"<android.content.pm.LauncherApps: boolean hasShortcutHostPermission()>",
					"source":"FIELD"
				},
				{
					"trace":[
						"<android.content.pm.LauncherApps: android.content.pm.ApplicationInfo getApplicationInfo(java.lang.String,int,android.os.UserHandle)>"
					],
					"depth":1,
					"method":"<android.content.pm.LauncherApps: java.util.List getShortcuts(android.content.pm.LauncherApps$ShortcutQuery,android.os.UserHandle)>",
					"source":"FIELD"
				},
				{
					"trace":[
						"<android.content.pm.LauncherApps: android.content.pm.ApplicationInfo getApplicationInfo(java.lang.String,int,android.os.UserHandle)>"
					],
					"depth":1,
					"method":"<android.content.pm.LauncherApps: void pinShortcuts(java.lang.String,java.util.List,android.os.UserHandle)>",
					"source":"FIELD"
				},
				{
					"trace":[
						"<android.content.pm.LauncherApps: android.content.pm.ApplicationInfo getApplicationInfo(java.lang.String,int,android.os.UserHandle)>"
					],
					"depth":1,
					"method":"<android.content.pm.LauncherApps: void registerCallback(android.content.pm.LauncherApps$Callback,android.os.Handler)>",
					"source":"FIELD"
				},
				{
					"trace":[
						"<android.content.pm.LauncherApps: void <init>(android.content.Context)>",
						"<android.content.pm.LauncherApps: void <init>(android.content.Context,android.content.pm.ILauncherApps)>",
						"key field: <android.content.pm.LauncherApps: android.content.Context mContext>",
						"<android.content.pm.LauncherApps: android.content.pm.ApplicationInfo getApplicationInfo(java.lang.String,int,android.os.UserHandle)>"
					],
					"depth":2,
					"method":"<android.content.pm.LauncherApps: void <init>(android.content.Context)>",
					"source":"FIELDCALLER"
				},
				{
					"trace":[
						"<android.content.pm.LauncherApps: java.util.List getShortcutInfo(java.lang.String,java.util.List,android.os.UserHandle)>",
						"<android.content.pm.LauncherApps: java.util.List getShortcuts(android.content.pm.LauncherApps$ShortcutQuery,android.os.UserHandle)>",
						"key field: <android.content.pm.LauncherApps: android.content.Context mContext>",
						"<android.content.pm.LauncherApps: android.content.pm.ApplicationInfo getApplicationInfo(java.lang.String,int,android.os.UserHandle)>"
					],
					"depth":2,
					"method":"<android.content.pm.LauncherApps: java.util.List getShortcutInfo(java.lang.String,java.util.List,android.os.UserHandle)>",
					"source":"FIELDCALLER"
				},
				{
					"trace":[
						"<android.content.pm.LauncherApps: int getShortcutIconResId(java.lang.String,java.lang.String,android.os.UserHandle)>",
						"<android.content.pm.LauncherApps: java.util.List getShortcuts(android.content.pm.LauncherApps$ShortcutQuery,android.os.UserHandle)>",
						"key field: <android.content.pm.LauncherApps: android.content.Context mContext>",
						"<android.content.pm.LauncherApps: android.content.pm.ApplicationInfo getApplicationInfo(java.lang.String,int,android.os.UserHandle)>"
					],
					"depth":2,
					"method":"<android.content.pm.LauncherApps: int getShortcutIconResId(java.lang.String,java.lang.String,android.os.UserHandle)>",
					"source":"FIELDCALLER"
				},
				{
					"trace":[
						"<android.content.pm.LauncherApps: android.os.ParcelFileDescriptor getShortcutIconFd(android.content.pm.ShortcutInfo)>",
						"<android.content.pm.LauncherApps: android.os.ParcelFileDescriptor getShortcutIconFd(java.lang.String,java.lang.String,int)>",
						"key field: <android.content.pm.LauncherApps: android.content.Context mContext>",
						"<android.content.pm.LauncherApps: android.content.pm.ApplicationInfo getApplicationInfo(java.lang.String,int,android.os.UserHandle)>"
					],
					"depth":2,
					"method":"<android.content.pm.LauncherApps: android.os.ParcelFileDescriptor getShortcutIconFd(android.content.pm.ShortcutInfo)>",
					"source":"FIELDCALLER"
				},
				{
					"trace":[
						"<android.content.pm.LauncherApps: android.os.ParcelFileDescriptor getShortcutIconFd(java.lang.String,java.lang.String,android.os.UserHandle)>",
						"<android.content.pm.LauncherApps: android.os.ParcelFileDescriptor getShortcutIconFd(java.lang.String,java.lang.String,int)>",
						"key field: <android.content.pm.LauncherApps: android.content.Context mContext>",
						"<android.content.pm.LauncherApps: android.content.pm.ApplicationInfo getApplicationInfo(java.lang.String,int,android.os.UserHandle)>"
					],
					"depth":2,
					"method":"<android.content.pm.LauncherApps: android.os.ParcelFileDescriptor getShortcutIconFd(java.lang.String,java.lang.String,android.os.UserHandle)>",
					"source":"FIELDCALLER"
				},
				{
					"trace":[
						"<android.content.pm.LauncherApps: void startShortcut(java.lang.String,java.lang.String,android.graphics.Rect,android.os.Bundle,android.os.UserHandle)>",
						"<android.content.pm.LauncherApps: void startShortcut(java.lang.String,java.lang.String,android.graphics.Rect,android.os.Bundle,int)>",
						"key field: <android.content.pm.LauncherApps: android.content.Context mContext>",
						"<android.content.pm.LauncherApps: android.content.pm.ApplicationInfo getApplicationInfo(java.lang.String,int,android.os.UserHandle)>"
					],
					"depth":2,
					"method":"<android.content.pm.LauncherApps: void startShortcut(java.lang.String,java.lang.String,android.graphics.Rect,android.os.Bundle,android.os.UserHandle)>",
					"source":"FIELDCALLER"
				},
				{
					"trace":[
						"<android.content.pm.LauncherApps: void startShortcut(android.content.pm.ShortcutInfo,android.graphics.Rect,android.os.Bundle)>",
						"<android.content.pm.LauncherApps: void startShortcut(java.lang.String,java.lang.String,android.graphics.Rect,android.os.Bundle,int)>",
						"key field: <android.content.pm.LauncherApps: android.content.Context mContext>",
						"<android.content.pm.LauncherApps: android.content.pm.ApplicationInfo getApplicationInfo(java.lang.String,int,android.os.UserHandle)>"
					],
					"depth":2,
					"method":"<android.content.pm.LauncherApps: void startShortcut(android.content.pm.ShortcutInfo,android.graphics.Rect,android.os.Bundle)>",
					"source":"FIELDCALLER"
				},
				{
					"trace":[
						"<android.content.pm.LauncherApps: void registerCallback(android.content.pm.LauncherApps$Callback)>",
						"<android.content.pm.LauncherApps: void registerCallback(android.content.pm.LauncherApps$Callback,android.os.Handler)>",
						"key field: <android.content.pm.LauncherApps: android.content.Context mContext>",
						"<android.content.pm.LauncherApps: android.content.pm.ApplicationInfo getApplicationInfo(java.lang.String,int,android.os.UserHandle)>"
					],
					"depth":2,
					"method":"<android.content.pm.LauncherApps: void registerCallback(android.content.pm.LauncherApps$Callback)>",
					"source":"FIELDCALLER"
				},
				{
					"trace":[
						"<android.content.pm.LauncherApps: android.graphics.drawable.Drawable getShortcutIconDrawable(android.content.pm.ShortcutInfo,int)>",
						"<android.content.pm.LauncherApps: android.graphics.drawable.Drawable loadDrawableResourceFromPackage(java.lang.String,int,android.os.UserHandle,int)>",
						"<android.content.pm.LauncherApps: android.content.pm.ApplicationInfo getApplicationInfo(java.lang.String,int,android.os.UserHandle)>",
						"key field: <android.content.pm.LauncherApps: android.content.Context mContext>",
						"<android.content.pm.LauncherApps: android.content.pm.ApplicationInfo getApplicationInfo(java.lang.String,int,android.os.UserHandle)>"
					],
					"depth":3,
					"method":"<android.content.pm.LauncherApps: android.graphics.drawable.Drawable getShortcutIconDrawable(android.content.pm.ShortcutInfo,int)>",
					"source":"FIELDCALLER"
				},
				{
					"trace":[
						"<android.content.pm.LauncherApps: android.graphics.drawable.Drawable getShortcutBadgedIconDrawable(android.content.pm.ShortcutInfo,int)>",
						"<android.content.pm.LauncherApps: android.graphics.drawable.Drawable getShortcutIconDrawable(android.content.pm.ShortcutInfo,int)>",
						"<android.content.pm.LauncherApps: android.graphics.drawable.Drawable loadDrawableResourceFromPackage(java.lang.String,int,android.os.UserHandle,int)>",
						"<android.content.pm.LauncherApps: android.content.pm.ApplicationInfo getApplicationInfo(java.lang.String,int,android.os.UserHandle)>",
						"key field: <android.content.pm.LauncherApps: android.content.Context mContext>",
						"<android.content.pm.LauncherApps: android.content.pm.ApplicationInfo getApplicationInfo(java.lang.String,int,android.os.UserHandle)>"
					],
					"depth":4,
					"method":"<android.content.pm.LauncherApps: android.graphics.drawable.Drawable getShortcutBadgedIconDrawable(android.content.pm.ShortcutInfo,int)>",
					"source":"FIELDCALLER"
				}
			],
			"keyAPIDiffClass":[],
			"callerOfSingnlar2SourceVar":{
				"<android.content.pm.LauncherApps: android.graphics.drawable.Drawable loadDrawableResourceFromPackage(java.lang.String,int,android.os.UserHandle,int)>":"0, 2",
				"<android.content.pm.LauncherApps: android.content.pm.ApplicationInfo getApplicationInfo(java.lang.String,int,android.os.UserHandle)>":"0, 1, 2"
			}
		},
		{
			"method":"<android.content.pm.LauncherApps: boolean isActivityEnabled(android.content.ComponentName,android.os.UserHandle)>",
			"message":"[\\s\\S]*",
			"relatedVarType":"Unknown",
			"relatedCondType":"Empty",
			"modifier":"public",
			"type":"java.lang.RuntimeException",
			"osVersionRelated":false,
			"resourceRelated":false,
			"assessRelated":false,
			"hardwareRelated":false,
			"manifestRelated":false,
			"caughtValues":"@caughtexception",
			"relatedValues":"; ; @caughtexception",
			"keyAPISameClassNum":0,
			"keyAPIDiffClassNum":0,
			"keyAPISameClass":[],
			"keyAPIDiffClass":[],
			"callerOfSingnlar2SourceVar":{}
		},
		{
			"method":"<android.content.pm.LauncherApps: boolean hasShortcutHostPermission()>",
			"message":"[\\s\\S]*",
			"relatedVarType":"Unknown",
			"relatedCondType":"Empty",
			"modifier":"public",
			"type":"java.lang.RuntimeException",
			"osVersionRelated":false,
			"resourceRelated":false,
			"assessRelated":false,
			"hardwareRelated":false,
			"manifestRelated":false,
			"caughtValues":"@caughtexception",
			"relatedValues":"; ; @caughtexception",
			"keyAPISameClassNum":0,
			"keyAPIDiffClassNum":0,
			"keyAPISameClass":[],
			"keyAPIDiffClass":[],
			"callerOfSingnlar2SourceVar":{}
		},
		{
			"method":"<android.content.pm.LauncherApps: java.util.List getShortcuts(android.content.pm.LauncherApps$ShortcutQuery,android.os.UserHandle)>",
			"message":"[\\s\\S]*",
			"relatedVarType":"Unknown",
			"relatedCondType":"Empty",
			"modifier":"public",
			"type":"java.lang.RuntimeException",
			"osVersionRelated":false,
			"resourceRelated":false,
			"assessRelated":false,
			"hardwareRelated":false,
			"manifestRelated":false,
			"caughtValues":"@caughtexception",
			"relatedValues":"; ; @caughtexception",
			"keyAPISameClassNum":0,
			"keyAPIDiffClassNum":0,
			"keyAPISameClass":[],
			"keyAPIDiffClass":[],
			"callerOfSingnlar2SourceVar":{}
		},
		{
			"method":"<android.content.pm.LauncherApps: void pinShortcuts(java.lang.String,java.util.List,android.os.UserHandle)>",
			"message":"[\\s\\S]*",
			"relatedVarType":"Unknown",
			"relatedCondType":"Empty",
			"modifier":"public",
			"type":"java.lang.RuntimeException",
			"osVersionRelated":false,
			"resourceRelated":false,
			"assessRelated":false,
			"hardwareRelated":false,
			"manifestRelated":false,
			"caughtValues":"@caughtexception",
			"relatedValues":"; ; @caughtexception",
			"keyAPISameClassNum":0,
			"keyAPIDiffClassNum":0,
			"keyAPISameClass":[],
			"keyAPIDiffClass":[],
			"callerOfSingnlar2SourceVar":{}
		},
		{
			"method":"<android.content.pm.LauncherApps: android.os.ParcelFileDescriptor getShortcutIconFd(java.lang.String,java.lang.String,int)>",
			"message":"[\\s\\S]*",
			"relatedVarType":"Unknown",
			"relatedCondType":"Empty",
			"modifier":"private",
			"type":"java.lang.RuntimeException",
			"osVersionRelated":false,
			"resourceRelated":false,
			"assessRelated":false,
			"hardwareRelated":true,
			"manifestRelated":false,
			"caughtValues":"@caughtexception",
			"relatedValues":"; ; @caughtexception",
			"keyAPISameClassNum":0,
			"keyAPIDiffClassNum":0,
			"keyAPISameClass":[],
			"keyAPIDiffClass":[],
			"callerOfSingnlar2SourceVar":{}
		},
		{
			"method":"<android.content.pm.LauncherApps: void startShortcut(java.lang.String,java.lang.String,android.graphics.Rect,android.os.Bundle,int)>",
			"message":"[\\s\\S]*",
			"relatedVarType":"ParaAndField",
			"relatedCondType":"Basic",
			"modifier":"private",
			"type":"java.lang.RuntimeException",
			"osVersionRelated":false,
			"resourceRelated":false,
			"assessRelated":false,
			"hardwareRelated":false,
			"manifestRelated":false,
			"conditions":"z0 != 0",
			"paramValues":"@parameter0: java.lang.String, @parameter1: java.lang.String, @parameter2: android.graphics.Rect, @parameter3: android.os.Bundle, @parameter4: int",
			"fieldValues":"<android.content.pm.LauncherApps: android.content.Context mContext>",
			"caughtValues":"@caughtexception",
			"relatedValues":"@parameter0: java.lang.String, @parameter1: java.lang.String, @parameter2: android.graphics.Rect, @parameter3: android.os.Bundle, @parameter4: int; <android.content.pm.LauncherApps: android.content.Context mContext>; @caughtexception",
			"keyAPISameClassNum":24,
			"keyAPIDiffClassNum":0,
			"keyAPISameClass":[
				{
					"trace":[
						"<android.content.pm.LauncherApps: void startShortcut(java.lang.String,java.lang.String,android.graphics.Rect,android.os.Bundle,int)>"
					],
					"depth":1,
					"method":"<android.content.pm.LauncherApps: void <init>(android.content.Context,android.content.pm.ILauncherApps)>",
					"source":"FIELD"
				},
				{
					"trace":[
						"<android.content.pm.LauncherApps: void startShortcut(java.lang.String,java.lang.String,android.graphics.Rect,android.os.Bundle,int)>"
					],
					"depth":1,
					"method":"<android.content.pm.LauncherApps: java.util.List getActivityList(java.lang.String,android.os.UserHandle)>",
					"source":"FIELD"
				},
				{
					"trace":[
						"<android.content.pm.LauncherApps: void startShortcut(java.lang.String,java.lang.String,android.graphics.Rect,android.os.Bundle,int)>"
					],
					"depth":1,
					"method":"<android.content.pm.LauncherApps: android.content.pm.LauncherActivityInfo resolveActivity(android.content.Intent,android.os.UserHandle)>",
					"source":"FIELD"
				},
				{
					"trace":[
						"<android.content.pm.LauncherApps: void startShortcut(java.lang.String,java.lang.String,android.graphics.Rect,android.os.Bundle,int)>"
					],
					"depth":1,
					"method":"<android.content.pm.LauncherApps: void startMainActivity(android.content.ComponentName,android.os.UserHandle,android.graphics.Rect,android.os.Bundle)>",
					"source":"FIELD"
				},
				{
					"trace":[
						"<android.content.pm.LauncherApps: void startShortcut(java.lang.String,java.lang.String,android.graphics.Rect,android.os.Bundle,int)>"
					],
					"depth":1,
					"method":"<android.content.pm.LauncherApps: void startAppDetailsActivity(android.content.ComponentName,android.os.UserHandle,android.graphics.Rect,android.os.Bundle)>",
					"source":"FIELD"
				},
				{
					"trace":[
						"<android.content.pm.LauncherApps: void startShortcut(java.lang.String,java.lang.String,android.graphics.Rect,android.os.Bundle,int)>"
					],
					"depth":1,
					"method":"<android.content.pm.LauncherApps: java.util.List getShortcutConfigActivityList(java.lang.String,android.os.UserHandle)>",
					"source":"FIELD"
				},
				{
					"trace":[
						"<android.content.pm.LauncherApps: void startShortcut(java.lang.String,java.lang.String,android.graphics.Rect,android.os.Bundle,int)>"
					],
					"depth":1,
					"method":"<android.content.pm.LauncherApps: android.content.IntentSender getShortcutConfigActivityIntent(android.content.pm.LauncherActivityInfo)>",
					"source":"FIELD"
				},
				{
					"trace":[
						"<android.content.pm.LauncherApps: void startShortcut(java.lang.String,java.lang.String,android.graphics.Rect,android.os.Bundle,int)>"
					],
					"depth":1,
					"method":"<android.content.pm.LauncherApps: boolean isPackageEnabled(java.lang.String,android.os.UserHandle)>",
					"source":"FIELD"
				},
				{
					"trace":[
						"<android.content.pm.LauncherApps: void startShortcut(java.lang.String,java.lang.String,android.graphics.Rect,android.os.Bundle,int)>"
					],
					"depth":1,
					"method":"<android.content.pm.LauncherApps: android.content.pm.ApplicationInfo getApplicationInfo(java.lang.String,int,android.os.UserHandle)>",
					"source":"FIELD"
				},
				{
					"trace":[
						"<android.content.pm.LauncherApps: void startShortcut(java.lang.String,java.lang.String,android.graphics.Rect,android.os.Bundle,int)>"
					],
					"depth":1,
					"method":"<android.content.pm.LauncherApps: boolean isActivityEnabled(android.content.ComponentName,android.os.UserHandle)>",
					"source":"FIELD"
				},
				{
					"trace":[
						"<android.content.pm.LauncherApps: void startShortcut(java.lang.String,java.lang.String,android.graphics.Rect,android.os.Bundle,int)>"
					],
					"depth":1,
					"method":"<android.content.pm.LauncherApps: boolean hasShortcutHostPermission()>",
					"source":"FIELD"
				},
				{
					"trace":[
						"<android.content.pm.LauncherApps: void startShortcut(java.lang.String,java.lang.String,android.graphics.Rect,android.os.Bundle,int)>"
					],
					"depth":1,
					"method":"<android.content.pm.LauncherApps: java.util.List getShortcuts(android.content.pm.LauncherApps$ShortcutQuery,android.os.UserHandle)>",
					"source":"FIELD"
				},
				{
					"trace":[
						"<android.content.pm.LauncherApps: void startShortcut(java.lang.String,java.lang.String,android.graphics.Rect,android.os.Bundle,int)>"
					],
					"depth":1,
					"method":"<android.content.pm.LauncherApps: void pinShortcuts(java.lang.String,java.util.List,android.os.UserHandle)>",
					"source":"FIELD"
				},
				{
					"trace":[
						"<android.content.pm.LauncherApps: void startShortcut(java.lang.String,java.lang.String,android.graphics.Rect,android.os.Bundle,int)>"
					],
					"depth":1,
					"method":"<android.content.pm.LauncherApps: void registerCallback(android.content.pm.LauncherApps$Callback,android.os.Handler)>",
					"source":"FIELD"
				},
				{
					"trace":[
						"<android.content.pm.LauncherApps: void <init>(android.content.Context)>",
						"<android.content.pm.LauncherApps: void <init>(android.content.Context,android.content.pm.ILauncherApps)>",
						"key field: <android.content.pm.LauncherApps: android.content.Context mContext>",
						"<android.content.pm.LauncherApps: void startShortcut(java.lang.String,java.lang.String,android.graphics.Rect,android.os.Bundle,int)>"
					],
					"depth":2,
					"method":"<android.content.pm.LauncherApps: void <init>(android.content.Context)>",
					"source":"FIELDCALLER"
				},
				{
					"trace":[
						"<android.content.pm.LauncherApps: java.util.List getShortcutInfo(java.lang.String,java.util.List,android.os.UserHandle)>",
						"<android.content.pm.LauncherApps: java.util.List getShortcuts(android.content.pm.LauncherApps$ShortcutQuery,android.os.UserHandle)>",
						"key field: <android.content.pm.LauncherApps: android.content.Context mContext>",
						"<android.content.pm.LauncherApps: void startShortcut(java.lang.String,java.lang.String,android.graphics.Rect,android.os.Bundle,int)>"
					],
					"depth":2,
					"method":"<android.content.pm.LauncherApps: java.util.List getShortcutInfo(java.lang.String,java.util.List,android.os.UserHandle)>",
					"source":"FIELDCALLER"
				},
				{
					"trace":[
						"<android.content.pm.LauncherApps: int getShortcutIconResId(java.lang.String,java.lang.String,android.os.UserHandle)>",
						"<android.content.pm.LauncherApps: java.util.List getShortcuts(android.content.pm.LauncherApps$ShortcutQuery,android.os.UserHandle)>",
						"key field: <android.content.pm.LauncherApps: android.content.Context mContext>",
						"<android.content.pm.LauncherApps: void startShortcut(java.lang.String,java.lang.String,android.graphics.Rect,android.os.Bundle,int)>"
					],
					"depth":2,
					"method":"<android.content.pm.LauncherApps: int getShortcutIconResId(java.lang.String,java.lang.String,android.os.UserHandle)>",
					"source":"FIELDCALLER"
				},
				{
					"trace":[
						"<android.content.pm.LauncherApps: android.os.ParcelFileDescriptor getShortcutIconFd(android.content.pm.ShortcutInfo)>",
						"<android.content.pm.LauncherApps: android.os.ParcelFileDescriptor getShortcutIconFd(java.lang.String,java.lang.String,int)>",
						"key field: <android.content.pm.LauncherApps: android.content.Context mContext>",
						"<android.content.pm.LauncherApps: void startShortcut(java.lang.String,java.lang.String,android.graphics.Rect,android.os.Bundle,int)>"
					],
					"depth":2,
					"method":"<android.content.pm.LauncherApps: android.os.ParcelFileDescriptor getShortcutIconFd(android.content.pm.ShortcutInfo)>",
					"source":"FIELDCALLER"
				},
				{
					"trace":[
						"<android.content.pm.LauncherApps: android.os.ParcelFileDescriptor getShortcutIconFd(java.lang.String,java.lang.String,android.os.UserHandle)>",
						"<android.content.pm.LauncherApps: android.os.ParcelFileDescriptor getShortcutIconFd(java.lang.String,java.lang.String,int)>",
						"key field: <android.content.pm.LauncherApps: android.content.Context mContext>",
						"<android.content.pm.LauncherApps: void startShortcut(java.lang.String,java.lang.String,android.graphics.Rect,android.os.Bundle,int)>"
					],
					"depth":2,
					"method":"<android.content.pm.LauncherApps: android.os.ParcelFileDescriptor getShortcutIconFd(java.lang.String,java.lang.String,android.os.UserHandle)>",
					"source":"FIELDCALLER"
				},
				{
					"trace":[
						"<android.content.pm.LauncherApps: void startShortcut(java.lang.String,java.lang.String,android.graphics.Rect,android.os.Bundle,android.os.UserHandle)>",
						"<android.content.pm.LauncherApps: void startShortcut(java.lang.String,java.lang.String,android.graphics.Rect,android.os.Bundle,int)>",
						"key field: <android.content.pm.LauncherApps: android.content.Context mContext>",
						"<android.content.pm.LauncherApps: void startShortcut(java.lang.String,java.lang.String,android.graphics.Rect,android.os.Bundle,int)>"
					],
					"depth":2,
					"method":"<android.content.pm.LauncherApps: void startShortcut(java.lang.String,java.lang.String,android.graphics.Rect,android.os.Bundle,android.os.UserHandle)>",
					"source":"FIELDCALLER"
				},
				{
					"trace":[
						"<android.content.pm.LauncherApps: void startShortcut(android.content.pm.ShortcutInfo,android.graphics.Rect,android.os.Bundle)>",
						"<android.content.pm.LauncherApps: void startShortcut(java.lang.String,java.lang.String,android.graphics.Rect,android.os.Bundle,int)>",
						"key field: <android.content.pm.LauncherApps: android.content.Context mContext>",
						"<android.content.pm.LauncherApps: void startShortcut(java.lang.String,java.lang.String,android.graphics.Rect,android.os.Bundle,int)>"
					],
					"depth":2,
					"method":"<android.content.pm.LauncherApps: void startShortcut(android.content.pm.ShortcutInfo,android.graphics.Rect,android.os.Bundle)>",
					"source":"FIELDCALLER"
				},
				{
					"trace":[
						"<android.content.pm.LauncherApps: void registerCallback(android.content.pm.LauncherApps$Callback)>",
						"<android.content.pm.LauncherApps: void registerCallback(android.content.pm.LauncherApps$Callback,android.os.Handler)>",
						"key field: <android.content.pm.LauncherApps: android.content.Context mContext>",
						"<android.content.pm.LauncherApps: void startShortcut(java.lang.String,java.lang.String,android.graphics.Rect,android.os.Bundle,int)>"
					],
					"depth":2,
					"method":"<android.content.pm.LauncherApps: void registerCallback(android.content.pm.LauncherApps$Callback)>",
					"source":"FIELDCALLER"
				},
				{
					"trace":[
						"<android.content.pm.LauncherApps: android.graphics.drawable.Drawable getShortcutIconDrawable(android.content.pm.ShortcutInfo,int)>",
						"<android.content.pm.LauncherApps: android.graphics.drawable.Drawable loadDrawableResourceFromPackage(java.lang.String,int,android.os.UserHandle,int)>",
						"<android.content.pm.LauncherApps: android.content.pm.ApplicationInfo getApplicationInfo(java.lang.String,int,android.os.UserHandle)>",
						"key field: <android.content.pm.LauncherApps: android.content.Context mContext>",
						"<android.content.pm.LauncherApps: void startShortcut(java.lang.String,java.lang.String,android.graphics.Rect,android.os.Bundle,int)>"
					],
					"depth":3,
					"method":"<android.content.pm.LauncherApps: android.graphics.drawable.Drawable getShortcutIconDrawable(android.content.pm.ShortcutInfo,int)>",
					"source":"FIELDCALLER"
				},
				{
					"trace":[
						"<android.content.pm.LauncherApps: android.graphics.drawable.Drawable getShortcutBadgedIconDrawable(android.content.pm.ShortcutInfo,int)>",
						"<android.content.pm.LauncherApps: android.graphics.drawable.Drawable getShortcutIconDrawable(android.content.pm.ShortcutInfo,int)>",
						"<android.content.pm.LauncherApps: android.graphics.drawable.Drawable loadDrawableResourceFromPackage(java.lang.String,int,android.os.UserHandle,int)>",
						"<android.content.pm.LauncherApps: android.content.pm.ApplicationInfo getApplicationInfo(java.lang.String,int,android.os.UserHandle)>",
						"key field: <android.content.pm.LauncherApps: android.content.Context mContext>",
						"<android.content.pm.LauncherApps: void startShortcut(java.lang.String,java.lang.String,android.graphics.Rect,android.os.Bundle,int)>"
					],
					"depth":4,
					"method":"<android.content.pm.LauncherApps: android.graphics.drawable.Drawable getShortcutBadgedIconDrawable(android.content.pm.ShortcutInfo,int)>",
					"source":"FIELDCALLER"
				}
			],
			"keyAPIDiffClass":[],
			"callerOfSingnlar2SourceVar":{
				"<android.content.pm.LauncherApps: void startShortcut(android.content.pm.ShortcutInfo,android.graphics.Rect,android.os.Bundle)>":"1, 2",
				"<android.content.pm.LauncherApps: void startShortcut(java.lang.String,java.lang.String,android.graphics.Rect,android.os.Bundle,int)>":"0, 1, 2, 3, 4",
				"<android.content.pm.LauncherApps: void startShortcut(java.lang.String,java.lang.String,android.graphics.Rect,android.os.Bundle,android.os.UserHandle)>":"0, 1, 2, 3"
			}
		},
		{
			"method":"<android.content.pm.LauncherApps: void startShortcut(java.lang.String,java.lang.String,android.graphics.Rect,android.os.Bundle,int)>",
			"message":"\\QShortcut could not be started\\E",
			"relatedVarType":"ParaAndField",
			"relatedCondType":"Basic",
			"modifier":"private",
			"type":"android.content.ActivityNotFoundException",
			"osVersionRelated":false,
			"resourceRelated":false,
			"assessRelated":false,
			"hardwareRelated":false,
			"manifestRelated":false,
			"conditions":"z0 != 0",
			"paramValues":"@parameter0: java.lang.String, @parameter1: java.lang.String, @parameter2: android.graphics.Rect, @parameter3: android.os.Bundle, @parameter4: int",
			"fieldValues":"<android.content.pm.LauncherApps: android.content.Context mContext>",
			"relatedValues":"@parameter0: java.lang.String, @parameter1: java.lang.String, @parameter2: android.graphics.Rect, @parameter3: android.os.Bundle, @parameter4: int; <android.content.pm.LauncherApps: android.content.Context mContext>; ",
			"keyAPISameClassNum":24,
			"keyAPIDiffClassNum":0,
			"keyAPISameClass":[
				{
					"trace":[
						"<android.content.pm.LauncherApps: void startShortcut(java.lang.String,java.lang.String,android.graphics.Rect,android.os.Bundle,int)>"
					],
					"depth":1,
					"method":"<android.content.pm.LauncherApps: void <init>(android.content.Context,android.content.pm.ILauncherApps)>",
					"source":"FIELD"
				},
				{
					"trace":[
						"<android.content.pm.LauncherApps: void startShortcut(java.lang.String,java.lang.String,android.graphics.Rect,android.os.Bundle,int)>"
					],
					"depth":1,
					"method":"<android.content.pm.LauncherApps: java.util.List getActivityList(java.lang.String,android.os.UserHandle)>",
					"source":"FIELD"
				},
				{
					"trace":[
						"<android.content.pm.LauncherApps: void startShortcut(java.lang.String,java.lang.String,android.graphics.Rect,android.os.Bundle,int)>"
					],
					"depth":1,
					"method":"<android.content.pm.LauncherApps: android.content.pm.LauncherActivityInfo resolveActivity(android.content.Intent,android.os.UserHandle)>",
					"source":"FIELD"
				},
				{
					"trace":[
						"<android.content.pm.LauncherApps: void startShortcut(java.lang.String,java.lang.String,android.graphics.Rect,android.os.Bundle,int)>"
					],
					"depth":1,
					"method":"<android.content.pm.LauncherApps: void startMainActivity(android.content.ComponentName,android.os.UserHandle,android.graphics.Rect,android.os.Bundle)>",
					"source":"FIELD"
				},
				{
					"trace":[
						"<android.content.pm.LauncherApps: void startShortcut(java.lang.String,java.lang.String,android.graphics.Rect,android.os.Bundle,int)>"
					],
					"depth":1,
					"method":"<android.content.pm.LauncherApps: void startAppDetailsActivity(android.content.ComponentName,android.os.UserHandle,android.graphics.Rect,android.os.Bundle)>",
					"source":"FIELD"
				},
				{
					"trace":[
						"<android.content.pm.LauncherApps: void startShortcut(java.lang.String,java.lang.String,android.graphics.Rect,android.os.Bundle,int)>"
					],
					"depth":1,
					"method":"<android.content.pm.LauncherApps: java.util.List getShortcutConfigActivityList(java.lang.String,android.os.UserHandle)>",
					"source":"FIELD"
				},
				{
					"trace":[
						"<android.content.pm.LauncherApps: void startShortcut(java.lang.String,java.lang.String,android.graphics.Rect,android.os.Bundle,int)>"
					],
					"depth":1,
					"method":"<android.content.pm.LauncherApps: android.content.IntentSender getShortcutConfigActivityIntent(android.content.pm.LauncherActivityInfo)>",
					"source":"FIELD"
				},
				{
					"trace":[
						"<android.content.pm.LauncherApps: void startShortcut(java.lang.String,java.lang.String,android.graphics.Rect,android.os.Bundle,int)>"
					],
					"depth":1,
					"method":"<android.content.pm.LauncherApps: boolean isPackageEnabled(java.lang.String,android.os.UserHandle)>",
					"source":"FIELD"
				},
				{
					"trace":[
						"<android.content.pm.LauncherApps: void startShortcut(java.lang.String,java.lang.String,android.graphics.Rect,android.os.Bundle,int)>"
					],
					"depth":1,
					"method":"<android.content.pm.LauncherApps: android.content.pm.ApplicationInfo getApplicationInfo(java.lang.String,int,android.os.UserHandle)>",
					"source":"FIELD"
				},
				{
					"trace":[
						"<android.content.pm.LauncherApps: void startShortcut(java.lang.String,java.lang.String,android.graphics.Rect,android.os.Bundle,int)>"
					],
					"depth":1,
					"method":"<android.content.pm.LauncherApps: boolean isActivityEnabled(android.content.ComponentName,android.os.UserHandle)>",
					"source":"FIELD"
				},
				{
					"trace":[
						"<android.content.pm.LauncherApps: void startShortcut(java.lang.String,java.lang.String,android.graphics.Rect,android.os.Bundle,int)>"
					],
					"depth":1,
					"method":"<android.content.pm.LauncherApps: boolean hasShortcutHostPermission()>",
					"source":"FIELD"
				},
				{
					"trace":[
						"<android.content.pm.LauncherApps: void startShortcut(java.lang.String,java.lang.String,android.graphics.Rect,android.os.Bundle,int)>"
					],
					"depth":1,
					"method":"<android.content.pm.LauncherApps: java.util.List getShortcuts(android.content.pm.LauncherApps$ShortcutQuery,android.os.UserHandle)>",
					"source":"FIELD"
				},
				{
					"trace":[
						"<android.content.pm.LauncherApps: void startShortcut(java.lang.String,java.lang.String,android.graphics.Rect,android.os.Bundle,int)>"
					],
					"depth":1,
					"method":"<android.content.pm.LauncherApps: void pinShortcuts(java.lang.String,java.util.List,android.os.UserHandle)>",
					"source":"FIELD"
				},
				{
					"trace":[
						"<android.content.pm.LauncherApps: void startShortcut(java.lang.String,java.lang.String,android.graphics.Rect,android.os.Bundle,int)>"
					],
					"depth":1,
					"method":"<android.content.pm.LauncherApps: void registerCallback(android.content.pm.LauncherApps$Callback,android.os.Handler)>",
					"source":"FIELD"
				},
				{
					"trace":[
						"<android.content.pm.LauncherApps: void <init>(android.content.Context)>",
						"<android.content.pm.LauncherApps: void <init>(android.content.Context,android.content.pm.ILauncherApps)>",
						"key field: <android.content.pm.LauncherApps: android.content.Context mContext>",
						"<android.content.pm.LauncherApps: void startShortcut(java.lang.String,java.lang.String,android.graphics.Rect,android.os.Bundle,int)>"
					],
					"depth":2,
					"method":"<android.content.pm.LauncherApps: void <init>(android.content.Context)>",
					"source":"FIELDCALLER"
				},
				{
					"trace":[
						"<android.content.pm.LauncherApps: java.util.List getShortcutInfo(java.lang.String,java.util.List,android.os.UserHandle)>",
						"<android.content.pm.LauncherApps: java.util.List getShortcuts(android.content.pm.LauncherApps$ShortcutQuery,android.os.UserHandle)>",
						"key field: <android.content.pm.LauncherApps: android.content.Context mContext>",
						"<android.content.pm.LauncherApps: void startShortcut(java.lang.String,java.lang.String,android.graphics.Rect,android.os.Bundle,int)>"
					],
					"depth":2,
					"method":"<android.content.pm.LauncherApps: java.util.List getShortcutInfo(java.lang.String,java.util.List,android.os.UserHandle)>",
					"source":"FIELDCALLER"
				},
				{
					"trace":[
						"<android.content.pm.LauncherApps: int getShortcutIconResId(java.lang.String,java.lang.String,android.os.UserHandle)>",
						"<android.content.pm.LauncherApps: java.util.List getShortcuts(android.content.pm.LauncherApps$ShortcutQuery,android.os.UserHandle)>",
						"key field: <android.content.pm.LauncherApps: android.content.Context mContext>",
						"<android.content.pm.LauncherApps: void startShortcut(java.lang.String,java.lang.String,android.graphics.Rect,android.os.Bundle,int)>"
					],
					"depth":2,
					"method":"<android.content.pm.LauncherApps: int getShortcutIconResId(java.lang.String,java.lang.String,android.os.UserHandle)>",
					"source":"FIELDCALLER"
				},
				{
					"trace":[
						"<android.content.pm.LauncherApps: android.os.ParcelFileDescriptor getShortcutIconFd(android.content.pm.ShortcutInfo)>",
						"<android.content.pm.LauncherApps: android.os.ParcelFileDescriptor getShortcutIconFd(java.lang.String,java.lang.String,int)>",
						"key field: <android.content.pm.LauncherApps: android.content.Context mContext>",
						"<android.content.pm.LauncherApps: void startShortcut(java.lang.String,java.lang.String,android.graphics.Rect,android.os.Bundle,int)>"
					],
					"depth":2,
					"method":"<android.content.pm.LauncherApps: android.os.ParcelFileDescriptor getShortcutIconFd(android.content.pm.ShortcutInfo)>",
					"source":"FIELDCALLER"
				},
				{
					"trace":[
						"<android.content.pm.LauncherApps: android.os.ParcelFileDescriptor getShortcutIconFd(java.lang.String,java.lang.String,android.os.UserHandle)>",
						"<android.content.pm.LauncherApps: android.os.ParcelFileDescriptor getShortcutIconFd(java.lang.String,java.lang.String,int)>",
						"key field: <android.content.pm.LauncherApps: android.content.Context mContext>",
						"<android.content.pm.LauncherApps: void startShortcut(java.lang.String,java.lang.String,android.graphics.Rect,android.os.Bundle,int)>"
					],
					"depth":2,
					"method":"<android.content.pm.LauncherApps: android.os.ParcelFileDescriptor getShortcutIconFd(java.lang.String,java.lang.String,android.os.UserHandle)>",
					"source":"FIELDCALLER"
				},
				{
					"trace":[
						"<android.content.pm.LauncherApps: void startShortcut(java.lang.String,java.lang.String,android.graphics.Rect,android.os.Bundle,android.os.UserHandle)>",
						"<android.content.pm.LauncherApps: void startShortcut(java.lang.String,java.lang.String,android.graphics.Rect,android.os.Bundle,int)>",
						"key field: <android.content.pm.LauncherApps: android.content.Context mContext>",
						"<android.content.pm.LauncherApps: void startShortcut(java.lang.String,java.lang.String,android.graphics.Rect,android.os.Bundle,int)>"
					],
					"depth":2,
					"method":"<android.content.pm.LauncherApps: void startShortcut(java.lang.String,java.lang.String,android.graphics.Rect,android.os.Bundle,android.os.UserHandle)>",
					"source":"FIELDCALLER"
				},
				{
					"trace":[
						"<android.content.pm.LauncherApps: void startShortcut(android.content.pm.ShortcutInfo,android.graphics.Rect,android.os.Bundle)>",
						"<android.content.pm.LauncherApps: void startShortcut(java.lang.String,java.lang.String,android.graphics.Rect,android.os.Bundle,int)>",
						"key field: <android.content.pm.LauncherApps: android.content.Context mContext>",
						"<android.content.pm.LauncherApps: void startShortcut(java.lang.String,java.lang.String,android.graphics.Rect,android.os.Bundle,int)>"
					],
					"depth":2,
					"method":"<android.content.pm.LauncherApps: void startShortcut(android.content.pm.ShortcutInfo,android.graphics.Rect,android.os.Bundle)>",
					"source":"FIELDCALLER"
				},
				{
					"trace":[
						"<android.content.pm.LauncherApps: void registerCallback(android.content.pm.LauncherApps$Callback)>",
						"<android.content.pm.LauncherApps: void registerCallback(android.content.pm.LauncherApps$Callback,android.os.Handler)>",
						"key field: <android.content.pm.LauncherApps: android.content.Context mContext>",
						"<android.content.pm.LauncherApps: void startShortcut(java.lang.String,java.lang.String,android.graphics.Rect,android.os.Bundle,int)>"
					],
					"depth":2,
					"method":"<android.content.pm.LauncherApps: void registerCallback(android.content.pm.LauncherApps$Callback)>",
					"source":"FIELDCALLER"
				},
				{
					"trace":[
						"<android.content.pm.LauncherApps: android.graphics.drawable.Drawable getShortcutIconDrawable(android.content.pm.ShortcutInfo,int)>",
						"<android.content.pm.LauncherApps: android.graphics.drawable.Drawable loadDrawableResourceFromPackage(java.lang.String,int,android.os.UserHandle,int)>",
						"<android.content.pm.LauncherApps: android.content.pm.ApplicationInfo getApplicationInfo(java.lang.String,int,android.os.UserHandle)>",
						"key field: <android.content.pm.LauncherApps: android.content.Context mContext>",
						"<android.content.pm.LauncherApps: void startShortcut(java.lang.String,java.lang.String,android.graphics.Rect,android.os.Bundle,int)>"
					],
					"depth":3,
					"method":"<android.content.pm.LauncherApps: android.graphics.drawable.Drawable getShortcutIconDrawable(android.content.pm.ShortcutInfo,int)>",
					"source":"FIELDCALLER"
				},
				{
					"trace":[
						"<android.content.pm.LauncherApps: android.graphics.drawable.Drawable getShortcutBadgedIconDrawable(android.content.pm.ShortcutInfo,int)>",
						"<android.content.pm.LauncherApps: android.graphics.drawable.Drawable getShortcutIconDrawable(android.content.pm.ShortcutInfo,int)>",
						"<android.content.pm.LauncherApps: android.graphics.drawable.Drawable loadDrawableResourceFromPackage(java.lang.String,int,android.os.UserHandle,int)>",
						"<android.content.pm.LauncherApps: android.content.pm.ApplicationInfo getApplicationInfo(java.lang.String,int,android.os.UserHandle)>",
						"key field: <android.content.pm.LauncherApps: android.content.Context mContext>",
						"<android.content.pm.LauncherApps: void startShortcut(java.lang.String,java.lang.String,android.graphics.Rect,android.os.Bundle,int)>"
					],
					"depth":4,
					"method":"<android.content.pm.LauncherApps: android.graphics.drawable.Drawable getShortcutBadgedIconDrawable(android.content.pm.ShortcutInfo,int)>",
					"source":"FIELDCALLER"
				}
			],
			"keyAPIDiffClass":[],
			"callerOfSingnlar2SourceVar":{
				"<android.content.pm.LauncherApps: void startShortcut(android.content.pm.ShortcutInfo,android.graphics.Rect,android.os.Bundle)>":"1, 2",
				"<android.content.pm.LauncherApps: void startShortcut(java.lang.String,java.lang.String,android.graphics.Rect,android.os.Bundle,int)>":"0, 1, 2, 3, 4",
				"<android.content.pm.LauncherApps: void startShortcut(java.lang.String,java.lang.String,android.graphics.Rect,android.os.Bundle,android.os.UserHandle)>":"0, 1, 2, 3"
			}
		},
		{
			"method":"<android.content.pm.LauncherApps: void registerCallback(android.content.pm.LauncherApps$Callback,android.os.Handler)>",
			"message":"[\\s\\S]*",
			"relatedVarType":"ParaAndField",
			"relatedCondType":"Basic",
			"modifier":"public",
			"type":"java.lang.RuntimeException",
			"osVersionRelated":false,
			"resourceRelated":false,
			"assessRelated":false,
			"hardwareRelated":false,
			"manifestRelated":false,
			"conditions":"$z1 == 0, $i1 != 0, $i0 >= 0",
			"paramValues":"@parameter0: android.content.pm.LauncherApps$Callback",
			"fieldValues":"<android.content.pm.LauncherApps: java.util.List mCallbacks>",
			"caughtValues":"@caughtexception",
			"relatedValues":"@parameter0: android.content.pm.LauncherApps$Callback; <android.content.pm.LauncherApps: java.util.List mCallbacks>; @caughtexception",
			"keyAPISameClassNum":5,
			"keyAPIDiffClassNum":0,
			"keyAPISameClass":[
				{
					"trace":[
						"<android.content.pm.LauncherApps: void registerCallback(android.content.pm.LauncherApps$Callback,android.os.Handler)>"
					],
					"depth":1,
					"method":"<android.content.pm.LauncherApps: void <init>(android.content.Context,android.content.pm.ILauncherApps)>",
					"source":"FIELD"
				},
				{
					"trace":[
						"<android.content.pm.LauncherApps: void registerCallback(android.content.pm.LauncherApps$Callback,android.os.Handler)>"
					],
					"depth":1,
					"method":"<android.content.pm.LauncherApps: void registerCallback(android.content.pm.LauncherApps$Callback,android.os.Handler)>",
					"source":"FIELD"
				},
				{
					"trace":[
						"<android.content.pm.LauncherApps: void registerCallback(android.content.pm.LauncherApps$Callback,android.os.Handler)>"
					],
					"depth":1,
					"method":"<android.content.pm.LauncherApps: void unregisterCallback(android.content.pm.LauncherApps$Callback)>",
					"source":"FIELD"
				},
				{
					"trace":[
						"<android.content.pm.LauncherApps: void <init>(android.content.Context)>",
						"<android.content.pm.LauncherApps: void <init>(android.content.Context,android.content.pm.ILauncherApps)>",
						"key field: <android.content.pm.LauncherApps: java.util.List mCallbacks>",
						"<android.content.pm.LauncherApps: void registerCallback(android.content.pm.LauncherApps$Callback,android.os.Handler)>"
					],
					"depth":2,
					"method":"<android.content.pm.LauncherApps: void <init>(android.content.Context)>",
					"source":"FIELDCALLER"
				},
				{
					"trace":[
						"<android.content.pm.LauncherApps: void registerCallback(android.content.pm.LauncherApps$Callback)>",
						"<android.content.pm.LauncherApps: void registerCallback(android.content.pm.LauncherApps$Callback,android.os.Handler)>",
						"key field: <android.content.pm.LauncherApps: java.util.List mCallbacks>",
						"<android.content.pm.LauncherApps: void registerCallback(android.content.pm.LauncherApps$Callback,android.os.Handler)>"
					],
					"depth":2,
					"method":"<android.content.pm.LauncherApps: void registerCallback(android.content.pm.LauncherApps$Callback)>",
					"source":"FIELDCALLER"
				}
			],
			"keyAPIDiffClass":[],
			"callerOfSingnlar2SourceVar":{
				"<android.content.pm.LauncherApps: void registerCallback(android.content.pm.LauncherApps$Callback,android.os.Handler)>":"0",
				"<android.content.pm.LauncherApps: void registerCallback(android.content.pm.LauncherApps$Callback)>":"0"
			}
		},
		{
			"method":"<android.content.pm.LauncherApps: void unregisterCallback(android.content.pm.LauncherApps$Callback)>",
			"message":"[\\s\\S]*",
			"relatedVarType":"Field",
			"relatedCondType":"Basic",
			"modifier":"public",
			"type":"java.lang.RuntimeException",
			"osVersionRelated":false,
			"resourceRelated":false,
			"assessRelated":false,
			"hardwareRelated":false,
			"manifestRelated":false,
			"conditions":"$i0 != 0",
			"fieldValues":"<android.content.pm.LauncherApps: java.util.List mCallbacks>",
			"caughtValues":"@caughtexception",
			"relatedValues":"; <android.content.pm.LauncherApps: java.util.List mCallbacks>; @caughtexception",
			"keyAPISameClassNum":5,
			"keyAPIDiffClassNum":0,
			"keyAPISameClass":[
				{
					"trace":[
						"<android.content.pm.LauncherApps: void unregisterCallback(android.content.pm.LauncherApps$Callback)>"
					],
					"depth":1,
					"method":"<android.content.pm.LauncherApps: void <init>(android.content.Context,android.content.pm.ILauncherApps)>",
					"source":"FIELD"
				},
				{
					"trace":[
						"<android.content.pm.LauncherApps: void unregisterCallback(android.content.pm.LauncherApps$Callback)>"
					],
					"depth":1,
					"method":"<android.content.pm.LauncherApps: void registerCallback(android.content.pm.LauncherApps$Callback,android.os.Handler)>",
					"source":"FIELD"
				},
				{
					"trace":[
						"<android.content.pm.LauncherApps: void unregisterCallback(android.content.pm.LauncherApps$Callback)>"
					],
					"depth":1,
					"method":"<android.content.pm.LauncherApps: void unregisterCallback(android.content.pm.LauncherApps$Callback)>",
					"source":"FIELD"
				},
				{
					"trace":[
						"<android.content.pm.LauncherApps: void <init>(android.content.Context)>",
						"<android.content.pm.LauncherApps: void <init>(android.content.Context,android.content.pm.ILauncherApps)>",
						"key field: <android.content.pm.LauncherApps: java.util.List mCallbacks>",
						"<android.content.pm.LauncherApps: void unregisterCallback(android.content.pm.LauncherApps$Callback)>"
					],
					"depth":2,
					"method":"<android.content.pm.LauncherApps: void <init>(android.content.Context)>",
					"source":"FIELDCALLER"
				},
				{
					"trace":[
						"<android.content.pm.LauncherApps: void registerCallback(android.content.pm.LauncherApps$Callback)>",
						"<android.content.pm.LauncherApps: void registerCallback(android.content.pm.LauncherApps$Callback,android.os.Handler)>",
						"key field: <android.content.pm.LauncherApps: java.util.List mCallbacks>",
						"<android.content.pm.LauncherApps: void unregisterCallback(android.content.pm.LauncherApps$Callback)>"
					],
					"depth":2,
					"method":"<android.content.pm.LauncherApps: void registerCallback(android.content.pm.LauncherApps$Callback)>",
					"source":"FIELDCALLER"
				}
			],
			"keyAPIDiffClass":[],
			"callerOfSingnlar2SourceVar":{}
		},
		{
			"method":"<android.content.pm.LauncherApps: int findCallbackLocked(android.content.pm.LauncherApps$Callback)>",
			"message":"\\QCallback cannot be null\\E",
			"relatedVarType":"Parameter",
			"relatedCondType":"Basic",
			"modifier":"private",
			"type":"java.lang.IllegalArgumentException",
			"osVersionRelated":false,
			"resourceRelated":false,
			"assessRelated":false,
			"hardwareRelated":false,
			"manifestRelated":false,
			"conditions":"r0 != null",
			"paramValues":"@parameter0: android.content.pm.LauncherApps$Callback",
			"relatedValues":"@parameter0: android.content.pm.LauncherApps$Callback; ; ",
			"keyAPISameClassNum":0,
			"keyAPIDiffClassNum":0,
			"keyAPISameClass":[
				{
					"trace":[
						"<android.content.pm.LauncherApps: int findCallbackLocked(android.content.pm.LauncherApps$Callback)>"
					],
					"depth":0,
					"method":"<android.content.pm.LauncherApps: int findCallbackLocked(android.content.pm.LauncherApps$Callback)>",
					"source":"CALLER"
				},
				{
					"trace":[
						"<android.content.pm.LauncherApps: void registerCallback(android.content.pm.LauncherApps$Callback,android.os.Handler)>",
						"<android.content.pm.LauncherApps: int findCallbackLocked(android.content.pm.LauncherApps$Callback)>"
					],
					"depth":1,
					"method":"<android.content.pm.LauncherApps: void registerCallback(android.content.pm.LauncherApps$Callback,android.os.Handler)>",
					"source":"CALLER"
				},
				{
					"trace":[
						"<android.content.pm.LauncherApps: void registerCallback(android.content.pm.LauncherApps$Callback)>",
						"<android.content.pm.LauncherApps: void registerCallback(android.content.pm.LauncherApps$Callback,android.os.Handler)>",
						"<android.content.pm.LauncherApps: int findCallbackLocked(android.content.pm.LauncherApps$Callback)>"
					],
					"depth":2,
					"method":"<android.content.pm.LauncherApps: void registerCallback(android.content.pm.LauncherApps$Callback)>",
					"source":"CALLER"
				},
				{
					"trace":[
						"<android.content.pm.LauncherApps: void unregisterCallback(android.content.pm.LauncherApps$Callback)>",
						"<android.content.pm.LauncherApps: void removeCallbackLocked(android.content.pm.LauncherApps$Callback)>",
						"<android.content.pm.LauncherApps: int findCallbackLocked(android.content.pm.LauncherApps$Callback)>"
					],
					"depth":2,
					"method":"<android.content.pm.LauncherApps: void unregisterCallback(android.content.pm.LauncherApps$Callback)>",
					"source":"CALLER"
				}
			],
			"keyAPIDiffClass":[],
			"callerOfSingnlar2SourceVar":{
				"<android.content.pm.LauncherApps: void unregisterCallback(android.content.pm.LauncherApps$Callback)>":"0",
				"<android.content.pm.LauncherApps: int findCallbackLocked(android.content.pm.LauncherApps$Callback)>":"0",
				"<android.content.pm.LauncherApps: void registerCallback(android.content.pm.LauncherApps$Callback,android.os.Handler)>":"0",
				"<android.content.pm.LauncherApps: void registerCallback(android.content.pm.LauncherApps$Callback)>":"0",
				"<android.content.pm.LauncherApps: void addCallbackLocked(android.content.pm.LauncherApps$Callback,android.os.Handler)>":"0",
				"<android.content.pm.LauncherApps: void removeCallbackLocked(android.content.pm.LauncherApps$Callback)>":"0"
			}
		}
	]
}