{
	"exceptions":[
		{
			"method":"<android.bluetooth.le.PeriodicAdvertisingParameters$Builder: android.bluetooth.le.PeriodicAdvertisingParameters$Builder setInterval(int)>",
			"message":"\\QInvalid interval (must be 65519-80)\\E",
			"relatedVarType":"Parameter",
			"relatedCondType":"Basic",
			"modifier":"public",
			"type":"java.lang.IllegalArgumentException",
			"osVersionRelated":false,
			"resourceRelated":false,
			"assessRelated":false,
			"hardwareRelated":false,
			"manifestRelated":false,
			"conditions":"i0 < 65519, i0 <= 80",
			"paramValues":"@parameter0: int",
			"relatedValues":"@parameter0: int; ; ",
			"keyAPISameClassNum":0,
			"keyAPIDiffClassNum":0,
			"keyAPISameClass":[
				{
					"trace":[
						"<android.bluetooth.le.PeriodicAdvertisingParameters$Builder: android.bluetooth.le.PeriodicAdvertisingParameters$Builder setInterval(int)>"
					],
					"depth":0,
					"method":"<android.bluetooth.le.PeriodicAdvertisingParameters$Builder: android.bluetooth.le.PeriodicAdvertisingParameters$Builder setInterval(int)>",
					"source":"CALLER"
				}
			],
			"keyAPIDiffClass":[],
			"callerOfSingnlar2SourceVar":{
				"<android.bluetooth.le.PeriodicAdvertisingParameters$Builder: android.bluetooth.le.PeriodicAdvertisingParameters$Builder setInterval(int)>":"0"
			}
		}
	]
}