{
	"exceptions":[
		{
			"method":"<android.filterpacks.videosrc.MediaSource: void open(android.filterfw.core.FilterContext)>",
			"message":"\\QError setting up MediaPlayer!\\E",
			"relatedVarType":"Field",
			"relatedCondType":"Basic",
			"modifier":"public",
			"type":"java.lang.RuntimeException",
			"osVersionRelated":false,
			"resourceRelated":false,
			"assessRelated":false,
			"hardwareRelated":false,
			"manifestRelated":false,
			"conditions":"$z3 != 0, $z0 == 0, $z1 == 0",
			"fieldValues":"<android.filterpacks.videosrc.MediaSource: boolean mSelectedIsUrl>, <android.filterpacks.videosrc.MediaSource: boolean mLogVerbose>",
			"relatedValues":"; <android.filterpacks.videosrc.MediaSource: boolean mSelectedIsUrl>, <android.filterpacks.videosrc.MediaSource: boolean mLogVerbose>; ",
			"keyAPISameClassNum":1,
			"keyAPIDiffClassNum":0,
			"keyAPISameClass":[
				{
					"trace":[
						"<android.filterpacks.videosrc.MediaSource: void open(android.filterfw.core.FilterContext)>"
					],
					"depth":1,
					"method":"<android.filterpacks.videosrc.MediaSource: void <init>(java.lang.String)>",
					"source":"FIELD"
				}
			],
			"keyAPIDiffClass":[],
			"callerOfSingnlar2SourceVar":{}
		},
		{
			"method":"<android.filterpacks.videosrc.MediaSource: void process(android.filterfw.core.FilterContext)>",
			"message":"\\QUnexpected null media player!\\E",
			"relatedVarType":"Field",
			"relatedCondType":"Basic",
			"modifier":"public",
			"type":"java.lang.NullPointerException",
			"osVersionRelated":false,
			"resourceRelated":false,
			"assessRelated":false,
			"hardwareRelated":false,
			"manifestRelated":false,
			"conditions":"$r1 != null, $z0 == 0",
			"fieldValues":"<android.filterpacks.videosrc.MediaSource: android.media.MediaPlayer mMediaPlayer>, <android.filterpacks.videosrc.MediaSource: boolean mLogVerbose>",
			"relatedValues":"; <android.filterpacks.videosrc.MediaSource: android.media.MediaPlayer mMediaPlayer>, <android.filterpacks.videosrc.MediaSource: boolean mLogVerbose>; ",
			"keyAPISameClassNum":6,
			"keyAPIDiffClassNum":0,
			"keyAPISameClass":[
				{
					"trace":[
						"<android.filterpacks.videosrc.MediaSource: void process(android.filterfw.core.FilterContext)>"
					],
					"depth":1,
					"method":"<android.filterpacks.videosrc.MediaSource: void process(android.filterfw.core.FilterContext)>",
					"source":"FIELD"
				},
				{
					"trace":[
						"<android.filterpacks.videosrc.MediaSource: void process(android.filterfw.core.FilterContext)>"
					],
					"depth":1,
					"method":"<android.filterpacks.videosrc.MediaSource: void close(android.filterfw.core.FilterContext)>",
					"source":"FIELD"
				},
				{
					"trace":[
						"<android.filterpacks.videosrc.MediaSource: void process(android.filterfw.core.FilterContext)>"
					],
					"depth":1,
					"method":"<android.filterpacks.videosrc.MediaSource: void fieldPortValueUpdated(java.lang.String,android.filterfw.core.FilterContext)>",
					"source":"FIELD"
				},
				{
					"trace":[
						"<android.filterpacks.videosrc.MediaSource: void process(android.filterfw.core.FilterContext)>"
					],
					"depth":1,
					"method":"<android.filterpacks.videosrc.MediaSource: void pauseVideo(boolean)>",
					"source":"FIELD"
				},
				{
					"trace":[
						"<android.filterpacks.videosrc.MediaSource: void process(android.filterfw.core.FilterContext)>"
					],
					"depth":1,
					"method":"<android.filterpacks.videosrc.MediaSource: void <init>(java.lang.String)>",
					"source":"FIELD"
				},
				{
					"trace":[
						"<android.filterpacks.videosrc.MediaSource: void open(android.filterfw.core.FilterContext)>",
						"<android.filterpacks.videosrc.MediaSource: boolean setupMediaPlayer(boolean)>",
						"key field: <android.filterpacks.videosrc.MediaSource: android.media.MediaPlayer mMediaPlayer>",
						"<android.filterpacks.videosrc.MediaSource: void process(android.filterfw.core.FilterContext)>"
					],
					"depth":2,
					"method":"<android.filterpacks.videosrc.MediaSource: void open(android.filterfw.core.FilterContext)>",
					"source":"FIELDCALLER"
				}
			],
			"keyAPIDiffClass":[],
			"callerOfSingnlar2SourceVar":{}
		},
		{
			"method":"<android.filterpacks.videosrc.MediaSource: void process(android.filterfw.core.FilterContext)>",
			"message":"\\QMediaPlayer timed out while preparing!\\E",
			"relatedVarType":"Field",
			"relatedCondType":"Basic",
			"modifier":"public",
			"type":"java.lang.RuntimeException",
			"osVersionRelated":false,
			"resourceRelated":false,
			"assessRelated":false,
			"hardwareRelated":false,
			"manifestRelated":false,
			"conditions":"i11 != 100, $z10 == 0, $z14 == 0",
			"fieldValues":"<android.filterpacks.videosrc.MediaSource: boolean mCompleted>, <android.filterpacks.videosrc.MediaSource: boolean mGotSize>",
			"caughtValues":"@caughtexception",
			"relatedValues":"; <android.filterpacks.videosrc.MediaSource: boolean mCompleted>, <android.filterpacks.videosrc.MediaSource: boolean mGotSize>; @caughtexception",
			"keyAPISameClassNum":3,
			"keyAPIDiffClassNum":5,
			"keyAPISameClass":[
				{
					"trace":[
						"<android.filterpacks.videosrc.MediaSource: void process(android.filterfw.core.FilterContext)>"
					],
					"depth":1,
					"method":"<android.filterpacks.videosrc.MediaSource: void close(android.filterfw.core.FilterContext)>",
					"source":"FIELD"
				},
				{
					"trace":[
						"<android.filterpacks.videosrc.MediaSource: void open(android.filterfw.core.FilterContext)>",
						"<android.filterpacks.videosrc.MediaSource: boolean setupMediaPlayer(boolean)>",
						"key field: <android.filterpacks.videosrc.MediaSource: boolean mCompleted>",
						"<android.filterpacks.videosrc.MediaSource: void process(android.filterfw.core.FilterContext)>"
					],
					"depth":2,
					"method":"<android.filterpacks.videosrc.MediaSource: void open(android.filterfw.core.FilterContext)>",
					"source":"FIELDCALLER"
				},
				{
					"trace":[
						"<android.filterpacks.videosrc.MediaSource: void fieldPortValueUpdated(java.lang.String,android.filterfw.core.FilterContext)>",
						"<android.filterpacks.videosrc.MediaSource: boolean setupMediaPlayer(boolean)>",
						"key field: <android.filterpacks.videosrc.MediaSource: boolean mCompleted>",
						"<android.filterpacks.videosrc.MediaSource: void process(android.filterfw.core.FilterContext)>"
					],
					"depth":2,
					"method":"<android.filterpacks.videosrc.MediaSource: void fieldPortValueUpdated(java.lang.String,android.filterfw.core.FilterContext)>",
					"source":"FIELDCALLER"
				}
			],
			"keyAPIDiffClass":[
				{
					"trace":[
						"<android.filterpacks.videosrc.MediaSource$3: void onCompletion(android.media.MediaPlayer)>",
						"<android.filterpacks.videosrc.MediaSource: boolean access$702(android.filterpacks.videosrc.MediaSource,boolean)>",
						"key field: <android.filterpacks.videosrc.MediaSource: boolean mCompleted>",
						"<android.filterpacks.videosrc.MediaSource: void process(android.filterfw.core.FilterContext)>"
					],
					"depth":2,
					"method":"<android.filterpacks.videosrc.MediaSource$3: void onCompletion(android.media.MediaPlayer)>",
					"source":"FIELDCALLER"
				},
				{
					"trace":[
						"<android.media.MediaPlayer$OnCompletionListener: void onCompletion(android.media.MediaPlayer)>",
						"<android.filterpacks.videosrc.MediaSource: boolean access$702(android.filterpacks.videosrc.MediaSource,boolean)>",
						"key field: <android.filterpacks.videosrc.MediaSource: boolean mCompleted>",
						"<android.filterpacks.videosrc.MediaSource: void process(android.filterfw.core.FilterContext)>"
					],
					"depth":2,
					"method":"<android.media.MediaPlayer$OnCompletionListener: void onCompletion(android.media.MediaPlayer)>",
					"source":"FIELDCALLER"
				},
				{
					"trace":[
						"<android.filterpacks.videosrc.MediaSource$1: void onVideoSizeChanged(android.media.MediaPlayer,int,int)>",
						"<android.filterpacks.videosrc.MediaSource: boolean access$102(android.filterpacks.videosrc.MediaSource,boolean)>",
						"key field: <android.filterpacks.videosrc.MediaSource: boolean mGotSize>",
						"<android.filterpacks.videosrc.MediaSource: void process(android.filterfw.core.FilterContext)>"
					],
					"depth":2,
					"method":"<android.filterpacks.videosrc.MediaSource$1: void onVideoSizeChanged(android.media.MediaPlayer,int,int)>",
					"source":"FIELDCALLER"
				},
				{
					"trace":[
						"<android.media.MediaPlayer$OnVideoSizeChangedListener: void onVideoSizeChanged(android.media.MediaPlayer,int,int)>",
						"<android.filterpacks.videosrc.MediaSource: boolean access$102(android.filterpacks.videosrc.MediaSource,boolean)>",
						"key field: <android.filterpacks.videosrc.MediaSource: boolean mGotSize>",
						"<android.filterpacks.videosrc.MediaSource: void process(android.filterfw.core.FilterContext)>"
					],
					"depth":2,
					"method":"<android.media.MediaPlayer$OnVideoSizeChangedListener: void onVideoSizeChanged(android.media.MediaPlayer,int,int)>",
					"source":"FIELDCALLER"
				},
				{
					"trace":[
						"<android.widget.VideoView$3: void onCompletion(android.media.MediaPlayer)>",
						"<android.filterpacks.videosrc.MediaSource$3: void onCompletion(android.media.MediaPlayer)>",
						"<android.filterpacks.videosrc.MediaSource: boolean access$702(android.filterpacks.videosrc.MediaSource,boolean)>",
						"key field: <android.filterpacks.videosrc.MediaSource: boolean mCompleted>",
						"<android.filterpacks.videosrc.MediaSource: void process(android.filterfw.core.FilterContext)>"
					],
					"depth":3,
					"method":"<android.widget.VideoView$3: void onCompletion(android.media.MediaPlayer)>",
					"source":"FIELDCALLER"
				}
			],
			"callerOfSingnlar2SourceVar":{}
		},
		{
			"method":"<android.filterpacks.videosrc.MediaSource: void process(android.filterfw.core.FilterContext)>",
			"message":"\\QTimeout waiting for new frame!\\E",
			"relatedVarType":"Field",
			"relatedCondType":"Basic",
			"modifier":"public",
			"type":"java.lang.RuntimeException",
			"osVersionRelated":false,
			"resourceRelated":false,
			"assessRelated":false,
			"hardwareRelated":false,
			"manifestRelated":false,
			"conditions":"$z7 == 0, i12 != 10, $z5 == 0",
			"fieldValues":"<android.filterpacks.videosrc.MediaSource: boolean mCompleted>, <android.filterpacks.videosrc.MediaSource: boolean mLogVerbose>",
			"relatedValues":"; <android.filterpacks.videosrc.MediaSource: boolean mCompleted>, <android.filterpacks.videosrc.MediaSource: boolean mLogVerbose>; ",
			"keyAPISameClassNum":4,
			"keyAPIDiffClassNum":3,
			"keyAPISameClass":[
				{
					"trace":[
						"<android.filterpacks.videosrc.MediaSource: void process(android.filterfw.core.FilterContext)>"
					],
					"depth":1,
					"method":"<android.filterpacks.videosrc.MediaSource: void close(android.filterfw.core.FilterContext)>",
					"source":"FIELD"
				},
				{
					"trace":[
						"<android.filterpacks.videosrc.MediaSource: void process(android.filterfw.core.FilterContext)>"
					],
					"depth":1,
					"method":"<android.filterpacks.videosrc.MediaSource: void <init>(java.lang.String)>",
					"source":"FIELD"
				},
				{
					"trace":[
						"<android.filterpacks.videosrc.MediaSource: void open(android.filterfw.core.FilterContext)>",
						"<android.filterpacks.videosrc.MediaSource: boolean setupMediaPlayer(boolean)>",
						"key field: <android.filterpacks.videosrc.MediaSource: boolean mCompleted>",
						"<android.filterpacks.videosrc.MediaSource: void process(android.filterfw.core.FilterContext)>"
					],
					"depth":2,
					"method":"<android.filterpacks.videosrc.MediaSource: void open(android.filterfw.core.FilterContext)>",
					"source":"FIELDCALLER"
				},
				{
					"trace":[
						"<android.filterpacks.videosrc.MediaSource: void fieldPortValueUpdated(java.lang.String,android.filterfw.core.FilterContext)>",
						"<android.filterpacks.videosrc.MediaSource: boolean setupMediaPlayer(boolean)>",
						"key field: <android.filterpacks.videosrc.MediaSource: boolean mCompleted>",
						"<android.filterpacks.videosrc.MediaSource: void process(android.filterfw.core.FilterContext)>"
					],
					"depth":2,
					"method":"<android.filterpacks.videosrc.MediaSource: void fieldPortValueUpdated(java.lang.String,android.filterfw.core.FilterContext)>",
					"source":"FIELDCALLER"
				}
			],
			"keyAPIDiffClass":[
				{
					"trace":[
						"<android.filterpacks.videosrc.MediaSource$3: void onCompletion(android.media.MediaPlayer)>",
						"<android.filterpacks.videosrc.MediaSource: boolean access$702(android.filterpacks.videosrc.MediaSource,boolean)>",
						"key field: <android.filterpacks.videosrc.MediaSource: boolean mCompleted>",
						"<android.filterpacks.videosrc.MediaSource: void process(android.filterfw.core.FilterContext)>"
					],
					"depth":2,
					"method":"<android.filterpacks.videosrc.MediaSource$3: void onCompletion(android.media.MediaPlayer)>",
					"source":"FIELDCALLER"
				},
				{
					"trace":[
						"<android.media.MediaPlayer$OnCompletionListener: void onCompletion(android.media.MediaPlayer)>",
						"<android.filterpacks.videosrc.MediaSource: boolean access$702(android.filterpacks.videosrc.MediaSource,boolean)>",
						"key field: <android.filterpacks.videosrc.MediaSource: boolean mCompleted>",
						"<android.filterpacks.videosrc.MediaSource: void process(android.filterfw.core.FilterContext)>"
					],
					"depth":2,
					"method":"<android.media.MediaPlayer$OnCompletionListener: void onCompletion(android.media.MediaPlayer)>",
					"source":"FIELDCALLER"
				},
				{
					"trace":[
						"<android.widget.VideoView$3: void onCompletion(android.media.MediaPlayer)>",
						"<android.filterpacks.videosrc.MediaSource$3: void onCompletion(android.media.MediaPlayer)>",
						"<android.filterpacks.videosrc.MediaSource: boolean access$702(android.filterpacks.videosrc.MediaSource,boolean)>",
						"key field: <android.filterpacks.videosrc.MediaSource: boolean mCompleted>",
						"<android.filterpacks.videosrc.MediaSource: void process(android.filterfw.core.FilterContext)>"
					],
					"depth":3,
					"method":"<android.widget.VideoView$3: void onCompletion(android.media.MediaPlayer)>",
					"source":"FIELDCALLER"
				}
			],
			"callerOfSingnlar2SourceVar":{}
		},
		{
			"method":"<android.filterpacks.videosrc.MediaSource: boolean setupMediaPlayer(boolean)>",
			"message":"\\QUnable to create a MediaPlayer!\\E",
			"relatedVarType":"Field",
			"relatedCondType":"Basic",
			"modifier":"private",
			"type":"java.lang.RuntimeException",
			"osVersionRelated":false,
			"resourceRelated":false,
			"assessRelated":false,
			"hardwareRelated":true,
			"manifestRelated":false,
			"conditions":"$r62 != null, $z7 == 0, $r1 == null",
			"fieldValues":"<android.filterpacks.videosrc.MediaSource: android.media.MediaPlayer mMediaPlayer>, <android.filterpacks.videosrc.MediaSource: boolean mLogVerbose>",
			"relatedValues":"; <android.filterpacks.videosrc.MediaSource: android.media.MediaPlayer mMediaPlayer>, <android.filterpacks.videosrc.MediaSource: boolean mLogVerbose>; ",
			"keyAPISameClassNum":6,
			"keyAPIDiffClassNum":0,
			"keyAPISameClass":[
				{
					"trace":[
						"<android.filterpacks.videosrc.MediaSource: boolean setupMediaPlayer(boolean)>"
					],
					"depth":1,
					"method":"<android.filterpacks.videosrc.MediaSource: void process(android.filterfw.core.FilterContext)>",
					"source":"FIELD"
				},
				{
					"trace":[
						"<android.filterpacks.videosrc.MediaSource: boolean setupMediaPlayer(boolean)>"
					],
					"depth":1,
					"method":"<android.filterpacks.videosrc.MediaSource: void close(android.filterfw.core.FilterContext)>",
					"source":"FIELD"
				},
				{
					"trace":[
						"<android.filterpacks.videosrc.MediaSource: boolean setupMediaPlayer(boolean)>"
					],
					"depth":1,
					"method":"<android.filterpacks.videosrc.MediaSource: void fieldPortValueUpdated(java.lang.String,android.filterfw.core.FilterContext)>",
					"source":"FIELD"
				},
				{
					"trace":[
						"<android.filterpacks.videosrc.MediaSource: boolean setupMediaPlayer(boolean)>"
					],
					"depth":1,
					"method":"<android.filterpacks.videosrc.MediaSource: void pauseVideo(boolean)>",
					"source":"FIELD"
				},
				{
					"trace":[
						"<android.filterpacks.videosrc.MediaSource: boolean setupMediaPlayer(boolean)>"
					],
					"depth":1,
					"method":"<android.filterpacks.videosrc.MediaSource: void <init>(java.lang.String)>",
					"source":"FIELD"
				},
				{
					"trace":[
						"<android.filterpacks.videosrc.MediaSource: void open(android.filterfw.core.FilterContext)>",
						"<android.filterpacks.videosrc.MediaSource: boolean setupMediaPlayer(boolean)>",
						"key field: <android.filterpacks.videosrc.MediaSource: android.media.MediaPlayer mMediaPlayer>",
						"<android.filterpacks.videosrc.MediaSource: boolean setupMediaPlayer(boolean)>"
					],
					"depth":2,
					"method":"<android.filterpacks.videosrc.MediaSource: void open(android.filterfw.core.FilterContext)>",
					"source":"FIELDCALLER"
				}
			],
			"keyAPIDiffClass":[],
			"callerOfSingnlar2SourceVar":{}
		},
		{
			"method":"<android.filterpacks.videosrc.MediaSource: boolean setupMediaPlayer(boolean)>",
			"message":"",
			"relatedVarType":"ParaAndField",
			"relatedCondType":"Basic",
			"modifier":"private",
			"type":"java.lang.RuntimeException",
			"osVersionRelated":false,
			"resourceRelated":false,
			"assessRelated":false,
			"hardwareRelated":true,
			"manifestRelated":false,
			"conditions":"z2 == 0, $z6 == 0, z2 == 0",
			"paramValues":"@parameter0: boolean",
			"fieldValues":"<android.filterpacks.videosrc.MediaSource: boolean mLogVerbose>",
			"caughtValues":"@caughtexception",
			"relatedValues":"@parameter0: boolean; <android.filterpacks.videosrc.MediaSource: boolean mLogVerbose>; @caughtexception",
			"keyAPISameClassNum":1,
			"keyAPIDiffClassNum":0,
			"keyAPISameClass":[
				{
					"trace":[
						"<android.filterpacks.videosrc.MediaSource: boolean setupMediaPlayer(boolean)>"
					],
					"depth":1,
					"method":"<android.filterpacks.videosrc.MediaSource: void <init>(java.lang.String)>",
					"source":"FIELD"
				}
			],
			"keyAPIDiffClass":[],
			"callerOfSingnlar2SourceVar":{
				"<android.filterpacks.videosrc.MediaSource: boolean setupMediaPlayer(boolean)>":"0"
			}
		},
		{
			"method":"<android.filterpacks.videosrc.MediaSource: boolean setupMediaPlayer(boolean)>",
			"message":"",
			"relatedVarType":"ParaAndField",
			"relatedCondType":"Basic",
			"modifier":"private",
			"type":"java.lang.RuntimeException",
			"osVersionRelated":false,
			"resourceRelated":false,
			"assessRelated":false,
			"hardwareRelated":true,
			"manifestRelated":false,
			"conditions":"z2 == 0, $z6 == 0, z2 == 0",
			"paramValues":"@parameter0: boolean",
			"fieldValues":"<android.filterpacks.videosrc.MediaSource: boolean mLogVerbose>",
			"caughtValues":"@caughtexception",
			"relatedValues":"@parameter0: boolean; <android.filterpacks.videosrc.MediaSource: boolean mLogVerbose>; @caughtexception",
			"keyAPISameClassNum":1,
			"keyAPIDiffClassNum":0,
			"keyAPISameClass":[
				{
					"trace":[
						"<android.filterpacks.videosrc.MediaSource: boolean setupMediaPlayer(boolean)>"
					],
					"depth":1,
					"method":"<android.filterpacks.videosrc.MediaSource: void <init>(java.lang.String)>",
					"source":"FIELD"
				}
			],
			"keyAPIDiffClass":[],
			"callerOfSingnlar2SourceVar":{
				"<android.filterpacks.videosrc.MediaSource: boolean setupMediaPlayer(boolean)>":"0"
			}
		},
		{
			"method":"<android.filterpacks.videosrc.MediaSource: boolean setupMediaPlayer(boolean)>",
			"message":"",
			"relatedVarType":"ParaAndField",
			"relatedCondType":"Basic",
			"modifier":"private",
			"type":"java.lang.RuntimeException",
			"osVersionRelated":false,
			"resourceRelated":false,
			"assessRelated":false,
			"hardwareRelated":true,
			"manifestRelated":false,
			"conditions":"z2 == 0, $z6 == 0, z2 == 0",
			"paramValues":"@parameter0: boolean",
			"fieldValues":"<android.filterpacks.videosrc.MediaSource: boolean mLogVerbose>",
			"caughtValues":"@caughtexception",
			"relatedValues":"@parameter0: boolean; <android.filterpacks.videosrc.MediaSource: boolean mLogVerbose>; @caughtexception",
			"keyAPISameClassNum":1,
			"keyAPIDiffClassNum":0,
			"keyAPISameClass":[
				{
					"trace":[
						"<android.filterpacks.videosrc.MediaSource: boolean setupMediaPlayer(boolean)>"
					],
					"depth":1,
					"method":"<android.filterpacks.videosrc.MediaSource: void <init>(java.lang.String)>",
					"source":"FIELD"
				}
			],
			"keyAPIDiffClass":[],
			"callerOfSingnlar2SourceVar":{
				"<android.filterpacks.videosrc.MediaSource: boolean setupMediaPlayer(boolean)>":"0"
			}
		},
		{
			"method":"<android.filterpacks.videosrc.MediaSource: boolean setupMediaPlayer(boolean)>",
			"message":"",
			"relatedVarType":"ParaAndField",
			"relatedCondType":"Basic",
			"modifier":"private",
			"type":"java.lang.RuntimeException",
			"osVersionRelated":false,
			"resourceRelated":false,
			"assessRelated":false,
			"hardwareRelated":true,
			"manifestRelated":false,
			"conditions":"z2 == 0, $z6 == 0, z2 == 0",
			"paramValues":"@parameter0: boolean",
			"fieldValues":"<android.filterpacks.videosrc.MediaSource: boolean mLogVerbose>",
			"caughtValues":"@caughtexception",
			"relatedValues":"@parameter0: boolean; <android.filterpacks.videosrc.MediaSource: boolean mLogVerbose>; @caughtexception",
			"keyAPISameClassNum":1,
			"keyAPIDiffClassNum":0,
			"keyAPISameClass":[
				{
					"trace":[
						"<android.filterpacks.videosrc.MediaSource: boolean setupMediaPlayer(boolean)>"
					],
					"depth":1,
					"method":"<android.filterpacks.videosrc.MediaSource: void <init>(java.lang.String)>",
					"source":"FIELD"
				}
			],
			"keyAPIDiffClass":[],
			"callerOfSingnlar2SourceVar":{
				"<android.filterpacks.videosrc.MediaSource: boolean setupMediaPlayer(boolean)>":"0"
			}
		}
	]
}