{
	"exceptions":[
		{
			"method":"<android.filterfw.core.OutputPort: void connectTo(android.filterfw.core.InputPort)>",
			"message":"[\\s\\S]*\\Q already connected to \\E[\\s\\S]*\\Q!\\E",
			"relatedVarType":"Field",
			"relatedCondType":"Basic",
			"modifier":"public",
			"type":"java.lang.RuntimeException",
			"osVersionRelated":false,
			"resourceRelated":false,
			"assessRelated":false,
			"hardwareRelated":false,
			"manifestRelated":false,
			"conditions":"$r1 == null",
			"fieldValues":"<android.filterfw.core.OutputPort: android.filterfw.core.InputPort mTargetPort>",
			"relatedValues":"; <android.filterfw.core.OutputPort: android.filterfw.core.InputPort mTargetPort>; ",
			"keyAPISameClassNum":9,
			"keyAPIDiffClassNum":36,
			"keyAPISameClass":[
				{
					"trace":[
						"<android.filterfw.core.OutputPort: void connectTo(android.filterfw.core.InputPort)>"
					],
					"depth":1,
					"method":"<android.filterfw.core.OutputPort: void connectTo(android.filterfw.core.InputPort)>",
					"source":"FIELD"
				},
				{
					"trace":[
						"<android.filterfw.core.OutputPort: void connectTo(android.filterfw.core.InputPort)>"
					],
					"depth":1,
					"method":"<android.filterfw.core.OutputPort: void open()>",
					"source":"FIELD"
				},
				{
					"trace":[
						"<android.filterfw.core.OutputPort: void connectTo(android.filterfw.core.InputPort)>"
					],
					"depth":1,
					"method":"<android.filterfw.core.OutputPort: void close()>",
					"source":"FIELD"
				},
				{
					"trace":[
						"<android.filterfw.core.OutputPort: void connectTo(android.filterfw.core.InputPort)>"
					],
					"depth":1,
					"method":"<android.filterfw.core.OutputPort: android.filterfw.core.Filter getTargetFilter()>",
					"source":"FIELD"
				},
				{
					"trace":[
						"<android.filterfw.core.OutputPort: void connectTo(android.filterfw.core.InputPort)>"
					],
					"depth":1,
					"method":"<android.filterfw.core.OutputPort: boolean isReady()>",
					"source":"FIELD"
				},
				{
					"trace":[
						"<android.filterfw.core.OutputPort: void connectTo(android.filterfw.core.InputPort)>"
					],
					"depth":1,
					"method":"<android.filterfw.core.OutputPort: void clear()>",
					"source":"FIELD"
				},
				{
					"trace":[
						"<android.filterfw.core.OutputPort: void connectTo(android.filterfw.core.InputPort)>"
					],
					"depth":1,
					"method":"<android.filterfw.core.OutputPort: void pushFrame(android.filterfw.core.Frame)>",
					"source":"FIELD"
				},
				{
					"trace":[
						"<android.filterfw.core.OutputPort: void connectTo(android.filterfw.core.InputPort)>"
					],
					"depth":1,
					"method":"<android.filterfw.core.OutputPort: void setFrame(android.filterfw.core.Frame)>",
					"source":"FIELD"
				},
				{
					"trace":[
						"<android.filterfw.core.OutputPort: void connectTo(android.filterfw.core.InputPort)>"
					],
					"depth":1,
					"method":"<android.filterfw.core.OutputPort: boolean hasFrame()>",
					"source":"FIELD"
				}
			],
			"keyAPIDiffClass":[
				{
					"trace":[
						"<android.filterfw.core.InputPort: void open()>",
						"<android.filterfw.core.OutputPort: void open()>",
						"key field: <android.filterfw.core.OutputPort: android.filterfw.core.InputPort mTargetPort>",
						"<android.filterfw.core.OutputPort: void connectTo(android.filterfw.core.InputPort)>"
					],
					"depth":2,
					"method":"<android.filterfw.core.InputPort: void open()>",
					"source":"FIELDCALLER"
				},
				{
					"trace":[
						"<android.filterfw.core.InputPort: void close()>",
						"<android.filterfw.core.OutputPort: void close()>",
						"key field: <android.filterfw.core.OutputPort: android.filterfw.core.InputPort mTargetPort>",
						"<android.filterfw.core.OutputPort: void connectTo(android.filterfw.core.InputPort)>"
					],
					"depth":2,
					"method":"<android.filterfw.core.InputPort: void close()>",
					"source":"FIELDCALLER"
				},
				{
					"trace":[
						"<android.filterfw.core.FilterFunction: android.filterfw.core.Frame execute(android.filterfw.core.KeyValueMap)>",
						"<android.filterfw.core.FilterFunction: void connectFilterOutputs()>",
						"<android.filterfw.core.OutputPort: void connectTo(android.filterfw.core.InputPort)>",
						"key field: <android.filterfw.core.OutputPort: android.filterfw.core.InputPort mTargetPort>",
						"<android.filterfw.core.OutputPort: void connectTo(android.filterfw.core.InputPort)>"
					],
					"depth":3,
					"method":"<android.filterfw.core.FilterFunction: android.filterfw.core.Frame execute(android.filterfw.core.KeyValueMap)>",
					"source":"FIELDCALLER"
				},
				{
					"trace":[
						"<android.filterfw.core.Filter: void setInputFrame(java.lang.String,android.filterfw.core.Frame)>",
						"<android.filterfw.core.InputPort: void open()>",
						"<android.filterfw.core.OutputPort: void open()>",
						"key field: <android.filterfw.core.OutputPort: android.filterfw.core.InputPort mTargetPort>",
						"<android.filterfw.core.OutputPort: void connectTo(android.filterfw.core.InputPort)>"
					],
					"depth":3,
					"method":"<android.filterfw.core.Filter: void setInputFrame(java.lang.String,android.filterfw.core.Frame)>",
					"source":"FIELDCALLER"
				},
				{
					"trace":[
						"<android.filterfw.core.FilterGraph: void beginProcessing()>",
						"<android.filterfw.core.Filter: void openOutputs()>",
						"<android.filterfw.core.OutputPort: void open()>",
						"key field: <android.filterfw.core.OutputPort: android.filterfw.core.InputPort mTargetPort>",
						"<android.filterfw.core.OutputPort: void connectTo(android.filterfw.core.InputPort)>"
					],
					"depth":3,
					"method":"<android.filterfw.core.FilterGraph: void beginProcessing()>",
					"source":"FIELDCALLER"
				},
				{
					"trace":[
						"<android.filterfw.core.Filter: void process(android.filterfw.core.FilterContext)>",
						"<android.filterfw.core.Filter: void closeOutputPort(java.lang.String)>",
						"<android.filterfw.core.OutputPort: void close()>",
						"key field: <android.filterfw.core.OutputPort: android.filterfw.core.InputPort mTargetPort>",
						"<android.filterfw.core.OutputPort: void connectTo(android.filterfw.core.InputPort)>"
					],
					"depth":3,
					"method":"<android.filterfw.core.Filter: void process(android.filterfw.core.FilterContext)>",
					"source":"FIELDCALLER"
				},
				{
					"trace":[
						"<android.filterfw.core.FilterGraph: void flushFrames()>",
						"<android.filterfw.core.Filter: void clearOutputs()>",
						"<android.filterfw.core.OutputPort: void clear()>",
						"key field: <android.filterfw.core.OutputPort: android.filterfw.core.InputPort mTargetPort>",
						"<android.filterfw.core.OutputPort: void connectTo(android.filterfw.core.InputPort)>"
					],
					"depth":3,
					"method":"<android.filterfw.core.FilterGraph: void flushFrames()>",
					"source":"FIELDCALLER"
				},
				{
					"trace":[
						"<android.filterfw.core.FilterFunction: android.filterfw.core.Frame executeWithArgList(java.lang.Object[])>",
						"<android.filterfw.core.FilterFunction: android.filterfw.core.Frame execute(android.filterfw.core.KeyValueMap)>",
						"<android.filterfw.core.FilterFunction: void connectFilterOutputs()>",
						"<android.filterfw.core.OutputPort: void connectTo(android.filterfw.core.InputPort)>",
						"key field: <android.filterfw.core.OutputPort: android.filterfw.core.InputPort mTargetPort>",
						"<android.filterfw.core.OutputPort: void connectTo(android.filterfw.core.InputPort)>"
					],
					"depth":4,
					"method":"<android.filterfw.core.FilterFunction: android.filterfw.core.Frame executeWithArgList(java.lang.Object[])>",
					"source":"FIELDCALLER"
				},
				{
					"trace":[
						"<android.filterfw.core.SyncRunner: void <init>(android.filterfw.core.FilterContext,android.filterfw.core.FilterGraph,java.lang.Class)>",
						"<android.filterfw.core.FilterGraph: void setupFilters()>",
						"<android.filterfw.core.FilterGraph: void connectPorts()>",
						"<android.filterfw.core.OutputPort: void connectTo(android.filterfw.core.InputPort)>",
						"key field: <android.filterfw.core.OutputPort: android.filterfw.core.InputPort mTargetPort>",
						"<android.filterfw.core.OutputPort: void connectTo(android.filterfw.core.InputPort)>"
					],
					"depth":4,
					"method":"<android.filterfw.core.SyncRunner: void <init>(android.filterfw.core.FilterContext,android.filterfw.core.FilterGraph,java.lang.Class)>",
					"source":"FIELDCALLER"
				},
				{
					"trace":[
						"<android.filterfw.core.FilterFunction: void setInputFrame(java.lang.String,android.filterfw.core.Frame)>",
						"<android.filterfw.core.Filter: void setInputFrame(java.lang.String,android.filterfw.core.Frame)>",
						"<android.filterfw.core.InputPort: void open()>",
						"<android.filterfw.core.OutputPort: void open()>",
						"key field: <android.filterfw.core.OutputPort: android.filterfw.core.InputPort mTargetPort>",
						"<android.filterfw.core.OutputPort: void connectTo(android.filterfw.core.InputPort)>"
					],
					"depth":4,
					"method":"<android.filterfw.core.FilterFunction: void setInputFrame(java.lang.String,android.filterfw.core.Frame)>",
					"source":"FIELDCALLER"
				},
				{
					"trace":[
						"<android.filterfw.core.Filter: void setInputValue(java.lang.String,java.lang.Object)>",
						"<android.filterfw.core.Filter: void setInputFrame(java.lang.String,android.filterfw.core.Frame)>",
						"<android.filterfw.core.InputPort: void open()>",
						"<android.filterfw.core.OutputPort: void open()>",
						"key field: <android.filterfw.core.OutputPort: android.filterfw.core.InputPort mTargetPort>",
						"<android.filterfw.core.OutputPort: void connectTo(android.filterfw.core.InputPort)>"
					],
					"depth":4,
					"method":"<android.filterfw.core.Filter: void setInputValue(java.lang.String,java.lang.Object)>",
					"source":"FIELDCALLER"
				},
				{
					"trace":[
						"<android.filterfw.core.SyncRunner: void beginProcessing()>",
						"<android.filterfw.core.FilterGraph: void beginProcessing()>",
						"<android.filterfw.core.Filter: void openOutputs()>",
						"<android.filterfw.core.OutputPort: void open()>",
						"key field: <android.filterfw.core.OutputPort: android.filterfw.core.InputPort mTargetPort>",
						"<android.filterfw.core.OutputPort: void connectTo(android.filterfw.core.InputPort)>"
					],
					"depth":4,
					"method":"<android.filterfw.core.SyncRunner: void beginProcessing()>",
					"source":"FIELDCALLER"
				},
				{
					"trace":[
						"<android.filterfw.core.FilterGraph: void closeFilters(android.filterfw.core.FilterContext)>",
						"<android.filterfw.core.Filter: void performClose(android.filterfw.core.FilterContext)>",
						"<android.filterfw.core.Filter: void closePorts()>",
						"<android.filterfw.core.OutputPort: void close()>",
						"key field: <android.filterfw.core.OutputPort: android.filterfw.core.InputPort mTargetPort>",
						"<android.filterfw.core.OutputPort: void connectTo(android.filterfw.core.InputPort)>"
					],
					"depth":4,
					"method":"<android.filterfw.core.FilterGraph: void closeFilters(android.filterfw.core.FilterContext)>",
					"source":"FIELDCALLER"
				},
				{
					"trace":[
						"<android.filterfw.core.FilterFunction: void close()>",
						"<android.filterfw.core.Filter: void performClose(android.filterfw.core.FilterContext)>",
						"<android.filterfw.core.Filter: void closePorts()>",
						"<android.filterfw.core.OutputPort: void close()>",
						"key field: <android.filterfw.core.OutputPort: android.filterfw.core.InputPort mTargetPort>",
						"<android.filterfw.core.OutputPort: void connectTo(android.filterfw.core.InputPort)>"
					],
					"depth":4,
					"method":"<android.filterfw.core.FilterFunction: void close()>",
					"source":"FIELDCALLER"
				},
				{
					"trace":[
						"<android.filterfw.GraphEnvironment$GraphHandle: android.filterfw.core.GraphRunner getSyncRunner(android.filterfw.core.FilterContext)>",
						"<android.filterfw.core.SyncRunner: void <init>(android.filterfw.core.FilterContext,android.filterfw.core.FilterGraph,java.lang.Class)>",
						"<android.filterfw.core.FilterGraph: void setupFilters()>",
						"<android.filterfw.core.FilterGraph: void connectPorts()>",
						"<android.filterfw.core.OutputPort: void connectTo(android.filterfw.core.InputPort)>",
						"key field: <android.filterfw.core.OutputPort: android.filterfw.core.InputPort mTargetPort>",
						"<android.filterfw.core.OutputPort: void connectTo(android.filterfw.core.InputPort)>"
					],
					"depth":5,
					"method":"<android.filterfw.GraphEnvironment$GraphHandle: android.filterfw.core.GraphRunner getSyncRunner(android.filterfw.core.FilterContext)>",
					"source":"FIELDCALLER"
				},
				{
					"trace":[
						"<android.filterfw.core.AsyncRunner: void setGraph(android.filterfw.core.FilterGraph)>",
						"<android.filterfw.core.SyncRunner: void <init>(android.filterfw.core.FilterContext,android.filterfw.core.FilterGraph,java.lang.Class)>",
						"<android.filterfw.core.FilterGraph: void setupFilters()>",
						"<android.filterfw.core.FilterGraph: void connectPorts()>",
						"<android.filterfw.core.OutputPort: void connectTo(android.filterfw.core.InputPort)>",
						"key field: <android.filterfw.core.OutputPort: android.filterfw.core.InputPort mTargetPort>",
						"<android.filterfw.core.OutputPort: void connectTo(android.filterfw.core.InputPort)>"
					],
					"depth":5,
					"method":"<android.filterfw.core.AsyncRunner: void setGraph(android.filterfw.core.FilterGraph)>",
					"source":"FIELDCALLER"
				},
				{
					"trace":[
						"<android.filterfw.core.FilterFunction: void setInputValue(java.lang.String,java.lang.Object)>",
						"<android.filterfw.core.Filter: void setInputValue(java.lang.String,java.lang.Object)>",
						"<android.filterfw.core.Filter: void setInputFrame(java.lang.String,android.filterfw.core.Frame)>",
						"<android.filterfw.core.InputPort: void open()>",
						"<android.filterfw.core.OutputPort: void open()>",
						"key field: <android.filterfw.core.OutputPort: android.filterfw.core.InputPort mTargetPort>",
						"<android.filterfw.core.OutputPort: void connectTo(android.filterfw.core.InputPort)>"
					],
					"depth":5,
					"method":"<android.filterfw.core.FilterFunction: void setInputValue(java.lang.String,java.lang.Object)>",
					"source":"FIELDCALLER"
				},
				{
					"trace":[
						"<android.filterfw.core.SyncRunner: void run()>",
						"<android.filterfw.core.SyncRunner: void beginProcessing()>",
						"<android.filterfw.core.FilterGraph: void beginProcessing()>",
						"<android.filterfw.core.Filter: void openOutputs()>",
						"<android.filterfw.core.OutputPort: void open()>",
						"key field: <android.filterfw.core.OutputPort: android.filterfw.core.InputPort mTargetPort>",
						"<android.filterfw.core.OutputPort: void connectTo(android.filterfw.core.InputPort)>"
					],
					"depth":5,
					"method":"<android.filterfw.core.SyncRunner: void run()>",
					"source":"FIELDCALLER"
				},
				{
					"trace":[
						"<android.filterfw.core.GraphRunner: void run()>",
						"<android.filterfw.core.SyncRunner: void beginProcessing()>",
						"<android.filterfw.core.FilterGraph: void beginProcessing()>",
						"<android.filterfw.core.Filter: void openOutputs()>",
						"<android.filterfw.core.OutputPort: void open()>",
						"key field: <android.filterfw.core.OutputPort: android.filterfw.core.InputPort mTargetPort>",
						"<android.filterfw.core.OutputPort: void connectTo(android.filterfw.core.InputPort)>"
					],
					"depth":5,
					"method":"<android.filterfw.core.GraphRunner: void run()>",
					"source":"FIELDCALLER"
				},
				{
					"trace":[
						"<android.filterfw.core.SyncRunner: void close()>",
						"<android.filterfw.core.FilterGraph: void closeFilters(android.filterfw.core.FilterContext)>",
						"<android.filterfw.core.Filter: void performClose(android.filterfw.core.FilterContext)>",
						"<android.filterfw.core.Filter: void closePorts()>",
						"<android.filterfw.core.OutputPort: void close()>",
						"key field: <android.filterfw.core.OutputPort: android.filterfw.core.InputPort mTargetPort>",
						"<android.filterfw.core.OutputPort: void connectTo(android.filterfw.core.InputPort)>"
					],
					"depth":5,
					"method":"<android.filterfw.core.SyncRunner: void close()>",
					"source":"FIELDCALLER"
				},
				{
					"trace":[
						"<android.filterfw.core.GraphRunner: void close()>",
						"<android.filterfw.core.FilterGraph: void closeFilters(android.filterfw.core.FilterContext)>",
						"<android.filterfw.core.Filter: void performClose(android.filterfw.core.FilterContext)>",
						"<android.filterfw.core.Filter: void closePorts()>",
						"<android.filterfw.core.OutputPort: void close()>",
						"key field: <android.filterfw.core.OutputPort: android.filterfw.core.InputPort mTargetPort>",
						"<android.filterfw.core.OutputPort: void connectTo(android.filterfw.core.InputPort)>"
					],
					"depth":5,
					"method":"<android.filterfw.core.GraphRunner: void close()>",
					"source":"FIELDCALLER"
				},
				{
					"trace":[
						"<android.filterfw.core.FilterFunction: void tearDown()>",
						"<android.filterfw.core.Filter: void performTearDown(android.filterfw.core.FilterContext)>",
						"<android.filterfw.core.Filter: void performClose(android.filterfw.core.FilterContext)>",
						"<android.filterfw.core.Filter: void closePorts()>",
						"<android.filterfw.core.OutputPort: void close()>",
						"key field: <android.filterfw.core.OutputPort: android.filterfw.core.InputPort mTargetPort>",
						"<android.filterfw.core.OutputPort: void connectTo(android.filterfw.core.InputPort)>"
					],
					"depth":5,
					"method":"<android.filterfw.core.FilterFunction: void tearDown()>",
					"source":"FIELDCALLER"
				},
				{
					"trace":[
						"<android.filterfw.core.FilterGraph: void tearDown(android.filterfw.core.FilterContext)>",
						"<android.filterfw.core.Filter: void performTearDown(android.filterfw.core.FilterContext)>",
						"<android.filterfw.core.Filter: void performClose(android.filterfw.core.FilterContext)>",
						"<android.filterfw.core.Filter: void closePorts()>",
						"<android.filterfw.core.OutputPort: void close()>",
						"key field: <android.filterfw.core.OutputPort: android.filterfw.core.InputPort mTargetPort>",
						"<android.filterfw.core.OutputPort: void connectTo(android.filterfw.core.InputPort)>"
					],
					"depth":5,
					"method":"<android.filterfw.core.FilterGraph: void tearDown(android.filterfw.core.FilterContext)>",
					"source":"FIELDCALLER"
				},
				{
					"trace":[
						"<android.filterfw.GraphEnvironment: android.filterfw.core.GraphRunner getRunner(int,int)>",
						"<android.filterfw.GraphEnvironment$GraphHandle: android.filterfw.core.GraphRunner getSyncRunner(android.filterfw.core.FilterContext)>",
						"<android.filterfw.core.SyncRunner: void <init>(android.filterfw.core.FilterContext,android.filterfw.core.FilterGraph,java.lang.Class)>",
						"<android.filterfw.core.FilterGraph: void setupFilters()>",
						"<android.filterfw.core.FilterGraph: void connectPorts()>",
						"<android.filterfw.core.OutputPort: void connectTo(android.filterfw.core.InputPort)>",
						"key field: <android.filterfw.core.OutputPort: android.filterfw.core.InputPort mTargetPort>",
						"<android.filterfw.core.OutputPort: void connectTo(android.filterfw.core.InputPort)>"
					],
					"depth":6,
					"method":"<android.filterfw.GraphEnvironment: android.filterfw.core.GraphRunner getRunner(int,int)>",
					"source":"FIELDCALLER"
				},
				{
					"trace":[
						"<android.filterfw.GraphEnvironment$GraphHandle: android.filterfw.core.AsyncRunner getAsyncRunner(android.filterfw.core.FilterContext)>",
						"<android.filterfw.core.AsyncRunner: void setGraph(android.filterfw.core.FilterGraph)>",
						"<android.filterfw.core.SyncRunner: void <init>(android.filterfw.core.FilterContext,android.filterfw.core.FilterGraph,java.lang.Class)>",
						"<android.filterfw.core.FilterGraph: void setupFilters()>",
						"<android.filterfw.core.FilterGraph: void connectPorts()>",
						"<android.filterfw.core.OutputPort: void connectTo(android.filterfw.core.InputPort)>",
						"key field: <android.filterfw.core.OutputPort: android.filterfw.core.InputPort mTargetPort>",
						"<android.filterfw.core.OutputPort: void connectTo(android.filterfw.core.InputPort)>"
					],
					"depth":6,
					"method":"<android.filterfw.GraphEnvironment$GraphHandle: android.filterfw.core.AsyncRunner getAsyncRunner(android.filterfw.core.FilterContext)>",
					"source":"FIELDCALLER"
				},
				{
					"trace":[
						"<android.filterfw.core.Filter: void initWithValueMap(android.filterfw.core.KeyValueMap)>",
						"<android.filterfw.core.Filter: void initFinalPorts(android.filterfw.core.KeyValueMap)>",
						"<android.filterfw.core.Filter: void addAndSetFinalPorts(android.filterfw.core.KeyValueMap)>",
						"<android.filterfw.core.Filter: void setImmediateInputValue(java.lang.String,java.lang.Object)>",
						"<android.filterfw.core.InputPort: void open()>",
						"<android.filterfw.core.OutputPort: void open()>",
						"key field: <android.filterfw.core.OutputPort: android.filterfw.core.InputPort mTargetPort>",
						"<android.filterfw.core.OutputPort: void connectTo(android.filterfw.core.InputPort)>"
					],
					"depth":6,
					"method":"<android.filterfw.core.Filter: void initWithValueMap(android.filterfw.core.KeyValueMap)>",
					"source":"FIELDCALLER"
				},
				{
					"trace":[
						"<android.filterfw.core.AsyncRunner: void close()>",
						"<android.filterfw.core.SyncRunner: void close()>",
						"<android.filterfw.core.FilterGraph: void closeFilters(android.filterfw.core.FilterContext)>",
						"<android.filterfw.core.Filter: void performClose(android.filterfw.core.FilterContext)>",
						"<android.filterfw.core.Filter: void closePorts()>",
						"<android.filterfw.core.OutputPort: void close()>",
						"key field: <android.filterfw.core.OutputPort: android.filterfw.core.InputPort mTargetPort>",
						"<android.filterfw.core.OutputPort: void connectTo(android.filterfw.core.InputPort)>"
					],
					"depth":6,
					"method":"<android.filterfw.core.AsyncRunner: void close()>",
					"source":"FIELDCALLER"
				},
				{
					"trace":[
						"<android.filterfw.core.FilterContext: void tearDown()>",
						"<android.filterfw.core.FilterGraph: void tearDown(android.filterfw.core.FilterContext)>",
						"<android.filterfw.core.Filter: void performTearDown(android.filterfw.core.FilterContext)>",
						"<android.filterfw.core.Filter: void performClose(android.filterfw.core.FilterContext)>",
						"<android.filterfw.core.Filter: void closePorts()>",
						"<android.filterfw.core.OutputPort: void close()>",
						"key field: <android.filterfw.core.OutputPort: android.filterfw.core.InputPort mTargetPort>",
						"<android.filterfw.core.OutputPort: void connectTo(android.filterfw.core.InputPort)>"
					],
					"depth":6,
					"method":"<android.filterfw.core.FilterContext: void tearDown()>",
					"source":"FIELDCALLER"
				},
				{
					"trace":[
						"<android.filterfw.core.Filter: void initWithAssignmentString(java.lang.String)>",
						"<android.filterfw.core.Filter: void initWithValueMap(android.filterfw.core.KeyValueMap)>",
						"<android.filterfw.core.Filter: void initFinalPorts(android.filterfw.core.KeyValueMap)>",
						"<android.filterfw.core.Filter: void addAndSetFinalPorts(android.filterfw.core.KeyValueMap)>",
						"<android.filterfw.core.Filter: void setImmediateInputValue(java.lang.String,java.lang.Object)>",
						"<android.filterfw.core.InputPort: void open()>",
						"<android.filterfw.core.OutputPort: void open()>",
						"key field: <android.filterfw.core.OutputPort: android.filterfw.core.InputPort mTargetPort>",
						"<android.filterfw.core.OutputPort: void connectTo(android.filterfw.core.InputPort)>"
					],
					"depth":7,
					"method":"<android.filterfw.core.Filter: void initWithAssignmentString(java.lang.String)>",
					"source":"FIELDCALLER"
				},
				{
					"trace":[
						"<android.filterfw.io.TextGraphReader$InitFilterCommand: void execute(android.filterfw.io.TextGraphReader)>",
						"<android.filterfw.core.Filter: void initWithValueMap(android.filterfw.core.KeyValueMap)>",
						"<android.filterfw.core.Filter: void initFinalPorts(android.filterfw.core.KeyValueMap)>",
						"<android.filterfw.core.Filter: void addAndSetFinalPorts(android.filterfw.core.KeyValueMap)>",
						"<android.filterfw.core.Filter: void setImmediateInputValue(java.lang.String,java.lang.Object)>",
						"<android.filterfw.core.InputPort: void open()>",
						"<android.filterfw.core.OutputPort: void open()>",
						"key field: <android.filterfw.core.OutputPort: android.filterfw.core.InputPort mTargetPort>",
						"<android.filterfw.core.OutputPort: void connectTo(android.filterfw.core.InputPort)>"
					],
					"depth":7,
					"method":"<android.filterfw.io.TextGraphReader$InitFilterCommand: void execute(android.filterfw.io.TextGraphReader)>",
					"source":"FIELDCALLER"
				},
				{
					"trace":[
						"<android.filterfw.io.TextGraphReader$Command: void execute(android.filterfw.io.TextGraphReader)>",
						"<android.filterfw.core.Filter: void initWithValueMap(android.filterfw.core.KeyValueMap)>",
						"<android.filterfw.core.Filter: void initFinalPorts(android.filterfw.core.KeyValueMap)>",
						"<android.filterfw.core.Filter: void addAndSetFinalPorts(android.filterfw.core.KeyValueMap)>",
						"<android.filterfw.core.Filter: void setImmediateInputValue(java.lang.String,java.lang.Object)>",
						"<android.filterfw.core.InputPort: void open()>",
						"<android.filterfw.core.OutputPort: void open()>",
						"key field: <android.filterfw.core.OutputPort: android.filterfw.core.InputPort mTargetPort>",
						"<android.filterfw.core.OutputPort: void connectTo(android.filterfw.core.InputPort)>"
					],
					"depth":7,
					"method":"<android.filterfw.io.TextGraphReader$Command: void execute(android.filterfw.io.TextGraphReader)>",
					"source":"FIELDCALLER"
				},
				{
					"trace":[
						"<android.filterfw.core.Filter: void init()>",
						"<android.filterfw.core.Filter: void initWithValueMap(android.filterfw.core.KeyValueMap)>",
						"<android.filterfw.core.Filter: void initFinalPorts(android.filterfw.core.KeyValueMap)>",
						"<android.filterfw.core.Filter: void addAndSetFinalPorts(android.filterfw.core.KeyValueMap)>",
						"<android.filterfw.core.Filter: void setImmediateInputValue(java.lang.String,java.lang.Object)>",
						"<android.filterfw.core.InputPort: void open()>",
						"<android.filterfw.core.OutputPort: void open()>",
						"key field: <android.filterfw.core.OutputPort: android.filterfw.core.InputPort mTargetPort>",
						"<android.filterfw.core.OutputPort: void connectTo(android.filterfw.core.InputPort)>"
					],
					"depth":7,
					"method":"<android.filterfw.core.Filter: void init()>",
					"source":"FIELDCALLER"
				},
				{
					"trace":[
						"<android.filterfw.core.Filter: void initWithAssignmentList(java.lang.Object[])>",
						"<android.filterfw.core.Filter: void initWithValueMap(android.filterfw.core.KeyValueMap)>",
						"<android.filterfw.core.Filter: void initFinalPorts(android.filterfw.core.KeyValueMap)>",
						"<android.filterfw.core.Filter: void addAndSetFinalPorts(android.filterfw.core.KeyValueMap)>",
						"<android.filterfw.core.Filter: void setImmediateInputValue(java.lang.String,java.lang.Object)>",
						"<android.filterfw.core.InputPort: void open()>",
						"<android.filterfw.core.OutputPort: void open()>",
						"key field: <android.filterfw.core.OutputPort: android.filterfw.core.InputPort mTargetPort>",
						"<android.filterfw.core.OutputPort: void connectTo(android.filterfw.core.InputPort)>"
					],
					"depth":7,
					"method":"<android.filterfw.core.Filter: void initWithAssignmentList(java.lang.Object[])>",
					"source":"FIELDCALLER"
				},
				{
					"trace":[
						"<android.filterfw.core.AsyncRunner: void run()>",
						"<android.filterfw.core.AsyncRunner$AsyncRunnerTask: java.lang.Object doInBackground(java.lang.Object[])>",
						"<android.filterfw.core.AsyncRunner$AsyncRunnerTask: android.filterfw.core.AsyncRunner$RunnerResult doInBackground(android.filterfw.core.SyncRunner[])>",
						"<android.filterfw.core.SyncRunner: void beginProcessing()>",
						"<android.filterfw.core.FilterGraph: void beginProcessing()>",
						"<android.filterfw.core.Filter: void openOutputs()>",
						"<android.filterfw.core.OutputPort: void open()>",
						"key field: <android.filterfw.core.OutputPort: android.filterfw.core.InputPort mTargetPort>",
						"<android.filterfw.core.OutputPort: void connectTo(android.filterfw.core.InputPort)>"
					],
					"depth":7,
					"method":"<android.filterfw.core.AsyncRunner: void run()>",
					"source":"FIELDCALLER"
				},
				{
					"trace":[
						"<android.filterfw.core.SyncRunner: int step()>",
						"<android.filterfw.core.SyncRunner: boolean performStep()>",
						"<android.filterfw.core.SyncRunner: void processFilterNode(android.filterfw.core.Filter)>",
						"<android.filterfw.core.Filter: void performProcess(android.filterfw.core.FilterContext)>",
						"<android.filterfw.core.Filter: void performClose(android.filterfw.core.FilterContext)>",
						"<android.filterfw.core.Filter: void closePorts()>",
						"<android.filterfw.core.OutputPort: void close()>",
						"key field: <android.filterfw.core.OutputPort: android.filterfw.core.InputPort mTargetPort>",
						"<android.filterfw.core.OutputPort: void connectTo(android.filterfw.core.InputPort)>"
					],
					"depth":7,
					"method":"<android.filterfw.core.SyncRunner: int step()>",
					"source":"FIELDCALLER"
				},
				{
					"trace":[
						"<android.filterfw.FilterFunctionEnvironment: android.filterfw.core.FilterFunction createFunction(java.lang.Class,java.lang.Object[])>",
						"<android.filterfw.core.Filter: void initWithAssignmentList(java.lang.Object[])>",
						"<android.filterfw.core.Filter: void initWithValueMap(android.filterfw.core.KeyValueMap)>",
						"<android.filterfw.core.Filter: void initFinalPorts(android.filterfw.core.KeyValueMap)>",
						"<android.filterfw.core.Filter: void addAndSetFinalPorts(android.filterfw.core.KeyValueMap)>",
						"<android.filterfw.core.Filter: void setImmediateInputValue(java.lang.String,java.lang.Object)>",
						"<android.filterfw.core.InputPort: void open()>",
						"<android.filterfw.core.OutputPort: void open()>",
						"key field: <android.filterfw.core.OutputPort: android.filterfw.core.InputPort mTargetPort>",
						"<android.filterfw.core.OutputPort: void connectTo(android.filterfw.core.InputPort)>"
					],
					"depth":8,
					"method":"<android.filterfw.FilterFunctionEnvironment: android.filterfw.core.FilterFunction createFunction(java.lang.Class,java.lang.Object[])>",
					"source":"FIELDCALLER"
				}
			],
			"callerOfSingnlar2SourceVar":{}
		},
		{
			"method":"<android.filterfw.core.OutputPort: void pushFrame(android.filterfw.core.Frame)>",
			"message":"\\QAttempting to push frame on unconnected port: \\E[\\s\\S]*\\Q!\\E",
			"relatedVarType":"Field",
			"relatedCondType":"Basic",
			"modifier":"public",
			"type":"java.lang.RuntimeException",
			"osVersionRelated":false,
			"resourceRelated":false,
			"assessRelated":false,
			"hardwareRelated":false,
			"manifestRelated":false,
			"conditions":"$r1 != null",
			"fieldValues":"<android.filterfw.core.OutputPort: android.filterfw.core.InputPort mTargetPort>",
			"relatedValues":"; <android.filterfw.core.OutputPort: android.filterfw.core.InputPort mTargetPort>; ",
			"keyAPISameClassNum":9,
			"keyAPIDiffClassNum":36,
			"keyAPISameClass":[
				{
					"trace":[
						"<android.filterfw.core.OutputPort: void pushFrame(android.filterfw.core.Frame)>"
					],
					"depth":1,
					"method":"<android.filterfw.core.OutputPort: void connectTo(android.filterfw.core.InputPort)>",
					"source":"FIELD"
				},
				{
					"trace":[
						"<android.filterfw.core.OutputPort: void pushFrame(android.filterfw.core.Frame)>"
					],
					"depth":1,
					"method":"<android.filterfw.core.OutputPort: void open()>",
					"source":"FIELD"
				},
				{
					"trace":[
						"<android.filterfw.core.OutputPort: void pushFrame(android.filterfw.core.Frame)>"
					],
					"depth":1,
					"method":"<android.filterfw.core.OutputPort: void close()>",
					"source":"FIELD"
				},
				{
					"trace":[
						"<android.filterfw.core.OutputPort: void pushFrame(android.filterfw.core.Frame)>"
					],
					"depth":1,
					"method":"<android.filterfw.core.OutputPort: android.filterfw.core.Filter getTargetFilter()>",
					"source":"FIELD"
				},
				{
					"trace":[
						"<android.filterfw.core.OutputPort: void pushFrame(android.filterfw.core.Frame)>"
					],
					"depth":1,
					"method":"<android.filterfw.core.OutputPort: boolean isReady()>",
					"source":"FIELD"
				},
				{
					"trace":[
						"<android.filterfw.core.OutputPort: void pushFrame(android.filterfw.core.Frame)>"
					],
					"depth":1,
					"method":"<android.filterfw.core.OutputPort: void clear()>",
					"source":"FIELD"
				},
				{
					"trace":[
						"<android.filterfw.core.OutputPort: void pushFrame(android.filterfw.core.Frame)>"
					],
					"depth":1,
					"method":"<android.filterfw.core.OutputPort: void pushFrame(android.filterfw.core.Frame)>",
					"source":"FIELD"
				},
				{
					"trace":[
						"<android.filterfw.core.OutputPort: void pushFrame(android.filterfw.core.Frame)>"
					],
					"depth":1,
					"method":"<android.filterfw.core.OutputPort: void setFrame(android.filterfw.core.Frame)>",
					"source":"FIELD"
				},
				{
					"trace":[
						"<android.filterfw.core.OutputPort: void pushFrame(android.filterfw.core.Frame)>"
					],
					"depth":1,
					"method":"<android.filterfw.core.OutputPort: boolean hasFrame()>",
					"source":"FIELD"
				}
			],
			"keyAPIDiffClass":[
				{
					"trace":[
						"<android.filterfw.core.InputPort: void open()>",
						"<android.filterfw.core.OutputPort: void open()>",
						"key field: <android.filterfw.core.OutputPort: android.filterfw.core.InputPort mTargetPort>",
						"<android.filterfw.core.OutputPort: void pushFrame(android.filterfw.core.Frame)>"
					],
					"depth":2,
					"method":"<android.filterfw.core.InputPort: void open()>",
					"source":"FIELDCALLER"
				},
				{
					"trace":[
						"<android.filterfw.core.InputPort: void close()>",
						"<android.filterfw.core.OutputPort: void close()>",
						"key field: <android.filterfw.core.OutputPort: android.filterfw.core.InputPort mTargetPort>",
						"<android.filterfw.core.OutputPort: void pushFrame(android.filterfw.core.Frame)>"
					],
					"depth":2,
					"method":"<android.filterfw.core.InputPort: void close()>",
					"source":"FIELDCALLER"
				},
				{
					"trace":[
						"<android.filterfw.core.FilterFunction: android.filterfw.core.Frame execute(android.filterfw.core.KeyValueMap)>",
						"<android.filterfw.core.FilterFunction: void connectFilterOutputs()>",
						"<android.filterfw.core.OutputPort: void connectTo(android.filterfw.core.InputPort)>",
						"key field: <android.filterfw.core.OutputPort: android.filterfw.core.InputPort mTargetPort>",
						"<android.filterfw.core.OutputPort: void pushFrame(android.filterfw.core.Frame)>"
					],
					"depth":3,
					"method":"<android.filterfw.core.FilterFunction: android.filterfw.core.Frame execute(android.filterfw.core.KeyValueMap)>",
					"source":"FIELDCALLER"
				},
				{
					"trace":[
						"<android.filterfw.core.Filter: void setInputFrame(java.lang.String,android.filterfw.core.Frame)>",
						"<android.filterfw.core.InputPort: void open()>",
						"<android.filterfw.core.OutputPort: void open()>",
						"key field: <android.filterfw.core.OutputPort: android.filterfw.core.InputPort mTargetPort>",
						"<android.filterfw.core.OutputPort: void pushFrame(android.filterfw.core.Frame)>"
					],
					"depth":3,
					"method":"<android.filterfw.core.Filter: void setInputFrame(java.lang.String,android.filterfw.core.Frame)>",
					"source":"FIELDCALLER"
				},
				{
					"trace":[
						"<android.filterfw.core.FilterGraph: void beginProcessing()>",
						"<android.filterfw.core.Filter: void openOutputs()>",
						"<android.filterfw.core.OutputPort: void open()>",
						"key field: <android.filterfw.core.OutputPort: android.filterfw.core.InputPort mTargetPort>",
						"<android.filterfw.core.OutputPort: void pushFrame(android.filterfw.core.Frame)>"
					],
					"depth":3,
					"method":"<android.filterfw.core.FilterGraph: void beginProcessing()>",
					"source":"FIELDCALLER"
				},
				{
					"trace":[
						"<android.filterfw.core.Filter: void process(android.filterfw.core.FilterContext)>",
						"<android.filterfw.core.Filter: void closeOutputPort(java.lang.String)>",
						"<android.filterfw.core.OutputPort: void close()>",
						"key field: <android.filterfw.core.OutputPort: android.filterfw.core.InputPort mTargetPort>",
						"<android.filterfw.core.OutputPort: void pushFrame(android.filterfw.core.Frame)>"
					],
					"depth":3,
					"method":"<android.filterfw.core.Filter: void process(android.filterfw.core.FilterContext)>",
					"source":"FIELDCALLER"
				},
				{
					"trace":[
						"<android.filterfw.core.FilterGraph: void flushFrames()>",
						"<android.filterfw.core.Filter: void clearOutputs()>",
						"<android.filterfw.core.OutputPort: void clear()>",
						"key field: <android.filterfw.core.OutputPort: android.filterfw.core.InputPort mTargetPort>",
						"<android.filterfw.core.OutputPort: void pushFrame(android.filterfw.core.Frame)>"
					],
					"depth":3,
					"method":"<android.filterfw.core.FilterGraph: void flushFrames()>",
					"source":"FIELDCALLER"
				},
				{
					"trace":[
						"<android.filterfw.core.FilterFunction: android.filterfw.core.Frame executeWithArgList(java.lang.Object[])>",
						"<android.filterfw.core.FilterFunction: android.filterfw.core.Frame execute(android.filterfw.core.KeyValueMap)>",
						"<android.filterfw.core.FilterFunction: void connectFilterOutputs()>",
						"<android.filterfw.core.OutputPort: void connectTo(android.filterfw.core.InputPort)>",
						"key field: <android.filterfw.core.OutputPort: android.filterfw.core.InputPort mTargetPort>",
						"<android.filterfw.core.OutputPort: void pushFrame(android.filterfw.core.Frame)>"
					],
					"depth":4,
					"method":"<android.filterfw.core.FilterFunction: android.filterfw.core.Frame executeWithArgList(java.lang.Object[])>",
					"source":"FIELDCALLER"
				},
				{
					"trace":[
						"<android.filterfw.core.SyncRunner: void <init>(android.filterfw.core.FilterContext,android.filterfw.core.FilterGraph,java.lang.Class)>",
						"<android.filterfw.core.FilterGraph: void setupFilters()>",
						"<android.filterfw.core.FilterGraph: void connectPorts()>",
						"<android.filterfw.core.OutputPort: void connectTo(android.filterfw.core.InputPort)>",
						"key field: <android.filterfw.core.OutputPort: android.filterfw.core.InputPort mTargetPort>",
						"<android.filterfw.core.OutputPort: void pushFrame(android.filterfw.core.Frame)>"
					],
					"depth":4,
					"method":"<android.filterfw.core.SyncRunner: void <init>(android.filterfw.core.FilterContext,android.filterfw.core.FilterGraph,java.lang.Class)>",
					"source":"FIELDCALLER"
				},
				{
					"trace":[
						"<android.filterfw.core.FilterFunction: void setInputFrame(java.lang.String,android.filterfw.core.Frame)>",
						"<android.filterfw.core.Filter: void setInputFrame(java.lang.String,android.filterfw.core.Frame)>",
						"<android.filterfw.core.InputPort: void open()>",
						"<android.filterfw.core.OutputPort: void open()>",
						"key field: <android.filterfw.core.OutputPort: android.filterfw.core.InputPort mTargetPort>",
						"<android.filterfw.core.OutputPort: void pushFrame(android.filterfw.core.Frame)>"
					],
					"depth":4,
					"method":"<android.filterfw.core.FilterFunction: void setInputFrame(java.lang.String,android.filterfw.core.Frame)>",
					"source":"FIELDCALLER"
				},
				{
					"trace":[
						"<android.filterfw.core.Filter: void setInputValue(java.lang.String,java.lang.Object)>",
						"<android.filterfw.core.Filter: void setInputFrame(java.lang.String,android.filterfw.core.Frame)>",
						"<android.filterfw.core.InputPort: void open()>",
						"<android.filterfw.core.OutputPort: void open()>",
						"key field: <android.filterfw.core.OutputPort: android.filterfw.core.InputPort mTargetPort>",
						"<android.filterfw.core.OutputPort: void pushFrame(android.filterfw.core.Frame)>"
					],
					"depth":4,
					"method":"<android.filterfw.core.Filter: void setInputValue(java.lang.String,java.lang.Object)>",
					"source":"FIELDCALLER"
				},
				{
					"trace":[
						"<android.filterfw.core.SyncRunner: void beginProcessing()>",
						"<android.filterfw.core.FilterGraph: void beginProcessing()>",
						"<android.filterfw.core.Filter: void openOutputs()>",
						"<android.filterfw.core.OutputPort: void open()>",
						"key field: <android.filterfw.core.OutputPort: android.filterfw.core.InputPort mTargetPort>",
						"<android.filterfw.core.OutputPort: void pushFrame(android.filterfw.core.Frame)>"
					],
					"depth":4,
					"method":"<android.filterfw.core.SyncRunner: void beginProcessing()>",
					"source":"FIELDCALLER"
				},
				{
					"trace":[
						"<android.filterfw.core.FilterGraph: void closeFilters(android.filterfw.core.FilterContext)>",
						"<android.filterfw.core.Filter: void performClose(android.filterfw.core.FilterContext)>",
						"<android.filterfw.core.Filter: void closePorts()>",
						"<android.filterfw.core.OutputPort: void close()>",
						"key field: <android.filterfw.core.OutputPort: android.filterfw.core.InputPort mTargetPort>",
						"<android.filterfw.core.OutputPort: void pushFrame(android.filterfw.core.Frame)>"
					],
					"depth":4,
					"method":"<android.filterfw.core.FilterGraph: void closeFilters(android.filterfw.core.FilterContext)>",
					"source":"FIELDCALLER"
				},
				{
					"trace":[
						"<android.filterfw.core.FilterFunction: void close()>",
						"<android.filterfw.core.Filter: void performClose(android.filterfw.core.FilterContext)>",
						"<android.filterfw.core.Filter: void closePorts()>",
						"<android.filterfw.core.OutputPort: void close()>",
						"key field: <android.filterfw.core.OutputPort: android.filterfw.core.InputPort mTargetPort>",
						"<android.filterfw.core.OutputPort: void pushFrame(android.filterfw.core.Frame)>"
					],
					"depth":4,
					"method":"<android.filterfw.core.FilterFunction: void close()>",
					"source":"FIELDCALLER"
				},
				{
					"trace":[
						"<android.filterfw.GraphEnvironment$GraphHandle: android.filterfw.core.GraphRunner getSyncRunner(android.filterfw.core.FilterContext)>",
						"<android.filterfw.core.SyncRunner: void <init>(android.filterfw.core.FilterContext,android.filterfw.core.FilterGraph,java.lang.Class)>",
						"<android.filterfw.core.FilterGraph: void setupFilters()>",
						"<android.filterfw.core.FilterGraph: void connectPorts()>",
						"<android.filterfw.core.OutputPort: void connectTo(android.filterfw.core.InputPort)>",
						"key field: <android.filterfw.core.OutputPort: android.filterfw.core.InputPort mTargetPort>",
						"<android.filterfw.core.OutputPort: void pushFrame(android.filterfw.core.Frame)>"
					],
					"depth":5,
					"method":"<android.filterfw.GraphEnvironment$GraphHandle: android.filterfw.core.GraphRunner getSyncRunner(android.filterfw.core.FilterContext)>",
					"source":"FIELDCALLER"
				},
				{
					"trace":[
						"<android.filterfw.core.AsyncRunner: void setGraph(android.filterfw.core.FilterGraph)>",
						"<android.filterfw.core.SyncRunner: void <init>(android.filterfw.core.FilterContext,android.filterfw.core.FilterGraph,java.lang.Class)>",
						"<android.filterfw.core.FilterGraph: void setupFilters()>",
						"<android.filterfw.core.FilterGraph: void connectPorts()>",
						"<android.filterfw.core.OutputPort: void connectTo(android.filterfw.core.InputPort)>",
						"key field: <android.filterfw.core.OutputPort: android.filterfw.core.InputPort mTargetPort>",
						"<android.filterfw.core.OutputPort: void pushFrame(android.filterfw.core.Frame)>"
					],
					"depth":5,
					"method":"<android.filterfw.core.AsyncRunner: void setGraph(android.filterfw.core.FilterGraph)>",
					"source":"FIELDCALLER"
				},
				{
					"trace":[
						"<android.filterfw.core.FilterFunction: void setInputValue(java.lang.String,java.lang.Object)>",
						"<android.filterfw.core.Filter: void setInputValue(java.lang.String,java.lang.Object)>",
						"<android.filterfw.core.Filter: void setInputFrame(java.lang.String,android.filterfw.core.Frame)>",
						"<android.filterfw.core.InputPort: void open()>",
						"<android.filterfw.core.OutputPort: void open()>",
						"key field: <android.filterfw.core.OutputPort: android.filterfw.core.InputPort mTargetPort>",
						"<android.filterfw.core.OutputPort: void pushFrame(android.filterfw.core.Frame)>"
					],
					"depth":5,
					"method":"<android.filterfw.core.FilterFunction: void setInputValue(java.lang.String,java.lang.Object)>",
					"source":"FIELDCALLER"
				},
				{
					"trace":[
						"<android.filterfw.core.SyncRunner: void run()>",
						"<android.filterfw.core.SyncRunner: void beginProcessing()>",
						"<android.filterfw.core.FilterGraph: void beginProcessing()>",
						"<android.filterfw.core.Filter: void openOutputs()>",
						"<android.filterfw.core.OutputPort: void open()>",
						"key field: <android.filterfw.core.OutputPort: android.filterfw.core.InputPort mTargetPort>",
						"<android.filterfw.core.OutputPort: void pushFrame(android.filterfw.core.Frame)>"
					],
					"depth":5,
					"method":"<android.filterfw.core.SyncRunner: void run()>",
					"source":"FIELDCALLER"
				},
				{
					"trace":[
						"<android.filterfw.core.GraphRunner: void run()>",
						"<android.filterfw.core.SyncRunner: void beginProcessing()>",
						"<android.filterfw.core.FilterGraph: void beginProcessing()>",
						"<android.filterfw.core.Filter: void openOutputs()>",
						"<android.filterfw.core.OutputPort: void open()>",
						"key field: <android.filterfw.core.OutputPort: android.filterfw.core.InputPort mTargetPort>",
						"<android.filterfw.core.OutputPort: void pushFrame(android.filterfw.core.Frame)>"
					],
					"depth":5,
					"method":"<android.filterfw.core.GraphRunner: void run()>",
					"source":"FIELDCALLER"
				},
				{
					"trace":[
						"<android.filterfw.core.SyncRunner: void close()>",
						"<android.filterfw.core.FilterGraph: void closeFilters(android.filterfw.core.FilterContext)>",
						"<android.filterfw.core.Filter: void performClose(android.filterfw.core.FilterContext)>",
						"<android.filterfw.core.Filter: void closePorts()>",
						"<android.filterfw.core.OutputPort: void close()>",
						"key field: <android.filterfw.core.OutputPort: android.filterfw.core.InputPort mTargetPort>",
						"<android.filterfw.core.OutputPort: void pushFrame(android.filterfw.core.Frame)>"
					],
					"depth":5,
					"method":"<android.filterfw.core.SyncRunner: void close()>",
					"source":"FIELDCALLER"
				},
				{
					"trace":[
						"<android.filterfw.core.GraphRunner: void close()>",
						"<android.filterfw.core.FilterGraph: void closeFilters(android.filterfw.core.FilterContext)>",
						"<android.filterfw.core.Filter: void performClose(android.filterfw.core.FilterContext)>",
						"<android.filterfw.core.Filter: void closePorts()>",
						"<android.filterfw.core.OutputPort: void close()>",
						"key field: <android.filterfw.core.OutputPort: android.filterfw.core.InputPort mTargetPort>",
						"<android.filterfw.core.OutputPort: void pushFrame(android.filterfw.core.Frame)>"
					],
					"depth":5,
					"method":"<android.filterfw.core.GraphRunner: void close()>",
					"source":"FIELDCALLER"
				},
				{
					"trace":[
						"<android.filterfw.core.FilterFunction: void tearDown()>",
						"<android.filterfw.core.Filter: void performTearDown(android.filterfw.core.FilterContext)>",
						"<android.filterfw.core.Filter: void performClose(android.filterfw.core.FilterContext)>",
						"<android.filterfw.core.Filter: void closePorts()>",
						"<android.filterfw.core.OutputPort: void close()>",
						"key field: <android.filterfw.core.OutputPort: android.filterfw.core.InputPort mTargetPort>",
						"<android.filterfw.core.OutputPort: void pushFrame(android.filterfw.core.Frame)>"
					],
					"depth":5,
					"method":"<android.filterfw.core.FilterFunction: void tearDown()>",
					"source":"FIELDCALLER"
				},
				{
					"trace":[
						"<android.filterfw.core.FilterGraph: void tearDown(android.filterfw.core.FilterContext)>",
						"<android.filterfw.core.Filter: void performTearDown(android.filterfw.core.FilterContext)>",
						"<android.filterfw.core.Filter: void performClose(android.filterfw.core.FilterContext)>",
						"<android.filterfw.core.Filter: void closePorts()>",
						"<android.filterfw.core.OutputPort: void close()>",
						"key field: <android.filterfw.core.OutputPort: android.filterfw.core.InputPort mTargetPort>",
						"<android.filterfw.core.OutputPort: void pushFrame(android.filterfw.core.Frame)>"
					],
					"depth":5,
					"method":"<android.filterfw.core.FilterGraph: void tearDown(android.filterfw.core.FilterContext)>",
					"source":"FIELDCALLER"
				},
				{
					"trace":[
						"<android.filterfw.GraphEnvironment: android.filterfw.core.GraphRunner getRunner(int,int)>",
						"<android.filterfw.GraphEnvironment$GraphHandle: android.filterfw.core.GraphRunner getSyncRunner(android.filterfw.core.FilterContext)>",
						"<android.filterfw.core.SyncRunner: void <init>(android.filterfw.core.FilterContext,android.filterfw.core.FilterGraph,java.lang.Class)>",
						"<android.filterfw.core.FilterGraph: void setupFilters()>",
						"<android.filterfw.core.FilterGraph: void connectPorts()>",
						"<android.filterfw.core.OutputPort: void connectTo(android.filterfw.core.InputPort)>",
						"key field: <android.filterfw.core.OutputPort: android.filterfw.core.InputPort mTargetPort>",
						"<android.filterfw.core.OutputPort: void pushFrame(android.filterfw.core.Frame)>"
					],
					"depth":6,
					"method":"<android.filterfw.GraphEnvironment: android.filterfw.core.GraphRunner getRunner(int,int)>",
					"source":"FIELDCALLER"
				},
				{
					"trace":[
						"<android.filterfw.GraphEnvironment$GraphHandle: android.filterfw.core.AsyncRunner getAsyncRunner(android.filterfw.core.FilterContext)>",
						"<android.filterfw.core.AsyncRunner: void setGraph(android.filterfw.core.FilterGraph)>",
						"<android.filterfw.core.SyncRunner: void <init>(android.filterfw.core.FilterContext,android.filterfw.core.FilterGraph,java.lang.Class)>",
						"<android.filterfw.core.FilterGraph: void setupFilters()>",
						"<android.filterfw.core.FilterGraph: void connectPorts()>",
						"<android.filterfw.core.OutputPort: void connectTo(android.filterfw.core.InputPort)>",
						"key field: <android.filterfw.core.OutputPort: android.filterfw.core.InputPort mTargetPort>",
						"<android.filterfw.core.OutputPort: void pushFrame(android.filterfw.core.Frame)>"
					],
					"depth":6,
					"method":"<android.filterfw.GraphEnvironment$GraphHandle: android.filterfw.core.AsyncRunner getAsyncRunner(android.filterfw.core.FilterContext)>",
					"source":"FIELDCALLER"
				},
				{
					"trace":[
						"<android.filterfw.core.Filter: void initWithValueMap(android.filterfw.core.KeyValueMap)>",
						"<android.filterfw.core.Filter: void initFinalPorts(android.filterfw.core.KeyValueMap)>",
						"<android.filterfw.core.Filter: void addAndSetFinalPorts(android.filterfw.core.KeyValueMap)>",
						"<android.filterfw.core.Filter: void setImmediateInputValue(java.lang.String,java.lang.Object)>",
						"<android.filterfw.core.InputPort: void open()>",
						"<android.filterfw.core.OutputPort: void open()>",
						"key field: <android.filterfw.core.OutputPort: android.filterfw.core.InputPort mTargetPort>",
						"<android.filterfw.core.OutputPort: void pushFrame(android.filterfw.core.Frame)>"
					],
					"depth":6,
					"method":"<android.filterfw.core.Filter: void initWithValueMap(android.filterfw.core.KeyValueMap)>",
					"source":"FIELDCALLER"
				},
				{
					"trace":[
						"<android.filterfw.core.AsyncRunner: void close()>",
						"<android.filterfw.core.SyncRunner: void close()>",
						"<android.filterfw.core.FilterGraph: void closeFilters(android.filterfw.core.FilterContext)>",
						"<android.filterfw.core.Filter: void performClose(android.filterfw.core.FilterContext)>",
						"<android.filterfw.core.Filter: void closePorts()>",
						"<android.filterfw.core.OutputPort: void close()>",
						"key field: <android.filterfw.core.OutputPort: android.filterfw.core.InputPort mTargetPort>",
						"<android.filterfw.core.OutputPort: void pushFrame(android.filterfw.core.Frame)>"
					],
					"depth":6,
					"method":"<android.filterfw.core.AsyncRunner: void close()>",
					"source":"FIELDCALLER"
				},
				{
					"trace":[
						"<android.filterfw.core.FilterContext: void tearDown()>",
						"<android.filterfw.core.FilterGraph: void tearDown(android.filterfw.core.FilterContext)>",
						"<android.filterfw.core.Filter: void performTearDown(android.filterfw.core.FilterContext)>",
						"<android.filterfw.core.Filter: void performClose(android.filterfw.core.FilterContext)>",
						"<android.filterfw.core.Filter: void closePorts()>",
						"<android.filterfw.core.OutputPort: void close()>",
						"key field: <android.filterfw.core.OutputPort: android.filterfw.core.InputPort mTargetPort>",
						"<android.filterfw.core.OutputPort: void pushFrame(android.filterfw.core.Frame)>"
					],
					"depth":6,
					"method":"<android.filterfw.core.FilterContext: void tearDown()>",
					"source":"FIELDCALLER"
				},
				{
					"trace":[
						"<android.filterfw.core.Filter: void initWithAssignmentString(java.lang.String)>",
						"<android.filterfw.core.Filter: void initWithValueMap(android.filterfw.core.KeyValueMap)>",
						"<android.filterfw.core.Filter: void initFinalPorts(android.filterfw.core.KeyValueMap)>",
						"<android.filterfw.core.Filter: void addAndSetFinalPorts(android.filterfw.core.KeyValueMap)>",
						"<android.filterfw.core.Filter: void setImmediateInputValue(java.lang.String,java.lang.Object)>",
						"<android.filterfw.core.InputPort: void open()>",
						"<android.filterfw.core.OutputPort: void open()>",
						"key field: <android.filterfw.core.OutputPort: android.filterfw.core.InputPort mTargetPort>",
						"<android.filterfw.core.OutputPort: void pushFrame(android.filterfw.core.Frame)>"
					],
					"depth":7,
					"method":"<android.filterfw.core.Filter: void initWithAssignmentString(java.lang.String)>",
					"source":"FIELDCALLER"
				},
				{
					"trace":[
						"<android.filterfw.io.TextGraphReader$InitFilterCommand: void execute(android.filterfw.io.TextGraphReader)>",
						"<android.filterfw.core.Filter: void initWithValueMap(android.filterfw.core.KeyValueMap)>",
						"<android.filterfw.core.Filter: void initFinalPorts(android.filterfw.core.KeyValueMap)>",
						"<android.filterfw.core.Filter: void addAndSetFinalPorts(android.filterfw.core.KeyValueMap)>",
						"<android.filterfw.core.Filter: void setImmediateInputValue(java.lang.String,java.lang.Object)>",
						"<android.filterfw.core.InputPort: void open()>",
						"<android.filterfw.core.OutputPort: void open()>",
						"key field: <android.filterfw.core.OutputPort: android.filterfw.core.InputPort mTargetPort>",
						"<android.filterfw.core.OutputPort: void pushFrame(android.filterfw.core.Frame)>"
					],
					"depth":7,
					"method":"<android.filterfw.io.TextGraphReader$InitFilterCommand: void execute(android.filterfw.io.TextGraphReader)>",
					"source":"FIELDCALLER"
				},
				{
					"trace":[
						"<android.filterfw.io.TextGraphReader$Command: void execute(android.filterfw.io.TextGraphReader)>",
						"<android.filterfw.core.Filter: void initWithValueMap(android.filterfw.core.KeyValueMap)>",
						"<android.filterfw.core.Filter: void initFinalPorts(android.filterfw.core.KeyValueMap)>",
						"<android.filterfw.core.Filter: void addAndSetFinalPorts(android.filterfw.core.KeyValueMap)>",
						"<android.filterfw.core.Filter: void setImmediateInputValue(java.lang.String,java.lang.Object)>",
						"<android.filterfw.core.InputPort: void open()>",
						"<android.filterfw.core.OutputPort: void open()>",
						"key field: <android.filterfw.core.OutputPort: android.filterfw.core.InputPort mTargetPort>",
						"<android.filterfw.core.OutputPort: void pushFrame(android.filterfw.core.Frame)>"
					],
					"depth":7,
					"method":"<android.filterfw.io.TextGraphReader$Command: void execute(android.filterfw.io.TextGraphReader)>",
					"source":"FIELDCALLER"
				},
				{
					"trace":[
						"<android.filterfw.core.Filter: void init()>",
						"<android.filterfw.core.Filter: void initWithValueMap(android.filterfw.core.KeyValueMap)>",
						"<android.filterfw.core.Filter: void initFinalPorts(android.filterfw.core.KeyValueMap)>",
						"<android.filterfw.core.Filter: void addAndSetFinalPorts(android.filterfw.core.KeyValueMap)>",
						"<android.filterfw.core.Filter: void setImmediateInputValue(java.lang.String,java.lang.Object)>",
						"<android.filterfw.core.InputPort: void open()>",
						"<android.filterfw.core.OutputPort: void open()>",
						"key field: <android.filterfw.core.OutputPort: android.filterfw.core.InputPort mTargetPort>",
						"<android.filterfw.core.OutputPort: void pushFrame(android.filterfw.core.Frame)>"
					],
					"depth":7,
					"method":"<android.filterfw.core.Filter: void init()>",
					"source":"FIELDCALLER"
				},
				{
					"trace":[
						"<android.filterfw.core.Filter: void initWithAssignmentList(java.lang.Object[])>",
						"<android.filterfw.core.Filter: void initWithValueMap(android.filterfw.core.KeyValueMap)>",
						"<android.filterfw.core.Filter: void initFinalPorts(android.filterfw.core.KeyValueMap)>",
						"<android.filterfw.core.Filter: void addAndSetFinalPorts(android.filterfw.core.KeyValueMap)>",
						"<android.filterfw.core.Filter: void setImmediateInputValue(java.lang.String,java.lang.Object)>",
						"<android.filterfw.core.InputPort: void open()>",
						"<android.filterfw.core.OutputPort: void open()>",
						"key field: <android.filterfw.core.OutputPort: android.filterfw.core.InputPort mTargetPort>",
						"<android.filterfw.core.OutputPort: void pushFrame(android.filterfw.core.Frame)>"
					],
					"depth":7,
					"method":"<android.filterfw.core.Filter: void initWithAssignmentList(java.lang.Object[])>",
					"source":"FIELDCALLER"
				},
				{
					"trace":[
						"<android.filterfw.core.AsyncRunner: void run()>",
						"<android.filterfw.core.AsyncRunner$AsyncRunnerTask: java.lang.Object doInBackground(java.lang.Object[])>",
						"<android.filterfw.core.AsyncRunner$AsyncRunnerTask: android.filterfw.core.AsyncRunner$RunnerResult doInBackground(android.filterfw.core.SyncRunner[])>",
						"<android.filterfw.core.SyncRunner: void beginProcessing()>",
						"<android.filterfw.core.FilterGraph: void beginProcessing()>",
						"<android.filterfw.core.Filter: void openOutputs()>",
						"<android.filterfw.core.OutputPort: void open()>",
						"key field: <android.filterfw.core.OutputPort: android.filterfw.core.InputPort mTargetPort>",
						"<android.filterfw.core.OutputPort: void pushFrame(android.filterfw.core.Frame)>"
					],
					"depth":7,
					"method":"<android.filterfw.core.AsyncRunner: void run()>",
					"source":"FIELDCALLER"
				},
				{
					"trace":[
						"<android.filterfw.core.SyncRunner: int step()>",
						"<android.filterfw.core.SyncRunner: boolean performStep()>",
						"<android.filterfw.core.SyncRunner: void processFilterNode(android.filterfw.core.Filter)>",
						"<android.filterfw.core.Filter: void performProcess(android.filterfw.core.FilterContext)>",
						"<android.filterfw.core.Filter: void performClose(android.filterfw.core.FilterContext)>",
						"<android.filterfw.core.Filter: void closePorts()>",
						"<android.filterfw.core.OutputPort: void close()>",
						"key field: <android.filterfw.core.OutputPort: android.filterfw.core.InputPort mTargetPort>",
						"<android.filterfw.core.OutputPort: void pushFrame(android.filterfw.core.Frame)>"
					],
					"depth":7,
					"method":"<android.filterfw.core.SyncRunner: int step()>",
					"source":"FIELDCALLER"
				},
				{
					"trace":[
						"<android.filterfw.FilterFunctionEnvironment: android.filterfw.core.FilterFunction createFunction(java.lang.Class,java.lang.Object[])>",
						"<android.filterfw.core.Filter: void initWithAssignmentList(java.lang.Object[])>",
						"<android.filterfw.core.Filter: void initWithValueMap(android.filterfw.core.KeyValueMap)>",
						"<android.filterfw.core.Filter: void initFinalPorts(android.filterfw.core.KeyValueMap)>",
						"<android.filterfw.core.Filter: void addAndSetFinalPorts(android.filterfw.core.KeyValueMap)>",
						"<android.filterfw.core.Filter: void setImmediateInputValue(java.lang.String,java.lang.Object)>",
						"<android.filterfw.core.InputPort: void open()>",
						"<android.filterfw.core.OutputPort: void open()>",
						"key field: <android.filterfw.core.OutputPort: android.filterfw.core.InputPort mTargetPort>",
						"<android.filterfw.core.OutputPort: void pushFrame(android.filterfw.core.Frame)>"
					],
					"depth":8,
					"method":"<android.filterfw.FilterFunctionEnvironment: android.filterfw.core.FilterFunction createFunction(java.lang.Class,java.lang.Object[])>",
					"source":"FIELDCALLER"
				}
			],
			"callerOfSingnlar2SourceVar":{}
		},
		{
			"method":"<android.filterfw.core.OutputPort: void setFrame(android.filterfw.core.Frame)>",
			"message":"\\QAttempting to set frame on unconnected port: \\E[\\s\\S]*\\Q!\\E",
			"relatedVarType":"Field",
			"relatedCondType":"Basic",
			"modifier":"public",
			"type":"java.lang.RuntimeException",
			"osVersionRelated":false,
			"resourceRelated":false,
			"assessRelated":false,
			"hardwareRelated":false,
			"manifestRelated":false,
			"conditions":"$r1 != null",
			"fieldValues":"<android.filterfw.core.OutputPort: android.filterfw.core.InputPort mTargetPort>",
			"relatedValues":"; <android.filterfw.core.OutputPort: android.filterfw.core.InputPort mTargetPort>; ",
			"keyAPISameClassNum":9,
			"keyAPIDiffClassNum":36,
			"keyAPISameClass":[
				{
					"trace":[
						"<android.filterfw.core.OutputPort: void setFrame(android.filterfw.core.Frame)>"
					],
					"depth":1,
					"method":"<android.filterfw.core.OutputPort: void connectTo(android.filterfw.core.InputPort)>",
					"source":"FIELD"
				},
				{
					"trace":[
						"<android.filterfw.core.OutputPort: void setFrame(android.filterfw.core.Frame)>"
					],
					"depth":1,
					"method":"<android.filterfw.core.OutputPort: void open()>",
					"source":"FIELD"
				},
				{
					"trace":[
						"<android.filterfw.core.OutputPort: void setFrame(android.filterfw.core.Frame)>"
					],
					"depth":1,
					"method":"<android.filterfw.core.OutputPort: void close()>",
					"source":"FIELD"
				},
				{
					"trace":[
						"<android.filterfw.core.OutputPort: void setFrame(android.filterfw.core.Frame)>"
					],
					"depth":1,
					"method":"<android.filterfw.core.OutputPort: android.filterfw.core.Filter getTargetFilter()>",
					"source":"FIELD"
				},
				{
					"trace":[
						"<android.filterfw.core.OutputPort: void setFrame(android.filterfw.core.Frame)>"
					],
					"depth":1,
					"method":"<android.filterfw.core.OutputPort: boolean isReady()>",
					"source":"FIELD"
				},
				{
					"trace":[
						"<android.filterfw.core.OutputPort: void setFrame(android.filterfw.core.Frame)>"
					],
					"depth":1,
					"method":"<android.filterfw.core.OutputPort: void clear()>",
					"source":"FIELD"
				},
				{
					"trace":[
						"<android.filterfw.core.OutputPort: void setFrame(android.filterfw.core.Frame)>"
					],
					"depth":1,
					"method":"<android.filterfw.core.OutputPort: void pushFrame(android.filterfw.core.Frame)>",
					"source":"FIELD"
				},
				{
					"trace":[
						"<android.filterfw.core.OutputPort: void setFrame(android.filterfw.core.Frame)>"
					],
					"depth":1,
					"method":"<android.filterfw.core.OutputPort: void setFrame(android.filterfw.core.Frame)>",
					"source":"FIELD"
				},
				{
					"trace":[
						"<android.filterfw.core.OutputPort: void setFrame(android.filterfw.core.Frame)>"
					],
					"depth":1,
					"method":"<android.filterfw.core.OutputPort: boolean hasFrame()>",
					"source":"FIELD"
				}
			],
			"keyAPIDiffClass":[
				{
					"trace":[
						"<android.filterfw.core.InputPort: void open()>",
						"<android.filterfw.core.OutputPort: void open()>",
						"key field: <android.filterfw.core.OutputPort: android.filterfw.core.InputPort mTargetPort>",
						"<android.filterfw.core.OutputPort: void setFrame(android.filterfw.core.Frame)>"
					],
					"depth":2,
					"method":"<android.filterfw.core.InputPort: void open()>",
					"source":"FIELDCALLER"
				},
				{
					"trace":[
						"<android.filterfw.core.InputPort: void close()>",
						"<android.filterfw.core.OutputPort: void close()>",
						"key field: <android.filterfw.core.OutputPort: android.filterfw.core.InputPort mTargetPort>",
						"<android.filterfw.core.OutputPort: void setFrame(android.filterfw.core.Frame)>"
					],
					"depth":2,
					"method":"<android.filterfw.core.InputPort: void close()>",
					"source":"FIELDCALLER"
				},
				{
					"trace":[
						"<android.filterfw.core.FilterFunction: android.filterfw.core.Frame execute(android.filterfw.core.KeyValueMap)>",
						"<android.filterfw.core.FilterFunction: void connectFilterOutputs()>",
						"<android.filterfw.core.OutputPort: void connectTo(android.filterfw.core.InputPort)>",
						"key field: <android.filterfw.core.OutputPort: android.filterfw.core.InputPort mTargetPort>",
						"<android.filterfw.core.OutputPort: void setFrame(android.filterfw.core.Frame)>"
					],
					"depth":3,
					"method":"<android.filterfw.core.FilterFunction: android.filterfw.core.Frame execute(android.filterfw.core.KeyValueMap)>",
					"source":"FIELDCALLER"
				},
				{
					"trace":[
						"<android.filterfw.core.Filter: void setInputFrame(java.lang.String,android.filterfw.core.Frame)>",
						"<android.filterfw.core.InputPort: void open()>",
						"<android.filterfw.core.OutputPort: void open()>",
						"key field: <android.filterfw.core.OutputPort: android.filterfw.core.InputPort mTargetPort>",
						"<android.filterfw.core.OutputPort: void setFrame(android.filterfw.core.Frame)>"
					],
					"depth":3,
					"method":"<android.filterfw.core.Filter: void setInputFrame(java.lang.String,android.filterfw.core.Frame)>",
					"source":"FIELDCALLER"
				},
				{
					"trace":[
						"<android.filterfw.core.FilterGraph: void beginProcessing()>",
						"<android.filterfw.core.Filter: void openOutputs()>",
						"<android.filterfw.core.OutputPort: void open()>",
						"key field: <android.filterfw.core.OutputPort: android.filterfw.core.InputPort mTargetPort>",
						"<android.filterfw.core.OutputPort: void setFrame(android.filterfw.core.Frame)>"
					],
					"depth":3,
					"method":"<android.filterfw.core.FilterGraph: void beginProcessing()>",
					"source":"FIELDCALLER"
				},
				{
					"trace":[
						"<android.filterfw.core.Filter: void process(android.filterfw.core.FilterContext)>",
						"<android.filterfw.core.Filter: void closeOutputPort(java.lang.String)>",
						"<android.filterfw.core.OutputPort: void close()>",
						"key field: <android.filterfw.core.OutputPort: android.filterfw.core.InputPort mTargetPort>",
						"<android.filterfw.core.OutputPort: void setFrame(android.filterfw.core.Frame)>"
					],
					"depth":3,
					"method":"<android.filterfw.core.Filter: void process(android.filterfw.core.FilterContext)>",
					"source":"FIELDCALLER"
				},
				{
					"trace":[
						"<android.filterfw.core.FilterGraph: void flushFrames()>",
						"<android.filterfw.core.Filter: void clearOutputs()>",
						"<android.filterfw.core.OutputPort: void clear()>",
						"key field: <android.filterfw.core.OutputPort: android.filterfw.core.InputPort mTargetPort>",
						"<android.filterfw.core.OutputPort: void setFrame(android.filterfw.core.Frame)>"
					],
					"depth":3,
					"method":"<android.filterfw.core.FilterGraph: void flushFrames()>",
					"source":"FIELDCALLER"
				},
				{
					"trace":[
						"<android.filterfw.core.FilterFunction: android.filterfw.core.Frame executeWithArgList(java.lang.Object[])>",
						"<android.filterfw.core.FilterFunction: android.filterfw.core.Frame execute(android.filterfw.core.KeyValueMap)>",
						"<android.filterfw.core.FilterFunction: void connectFilterOutputs()>",
						"<android.filterfw.core.OutputPort: void connectTo(android.filterfw.core.InputPort)>",
						"key field: <android.filterfw.core.OutputPort: android.filterfw.core.InputPort mTargetPort>",
						"<android.filterfw.core.OutputPort: void setFrame(android.filterfw.core.Frame)>"
					],
					"depth":4,
					"method":"<android.filterfw.core.FilterFunction: android.filterfw.core.Frame executeWithArgList(java.lang.Object[])>",
					"source":"FIELDCALLER"
				},
				{
					"trace":[
						"<android.filterfw.core.SyncRunner: void <init>(android.filterfw.core.FilterContext,android.filterfw.core.FilterGraph,java.lang.Class)>",
						"<android.filterfw.core.FilterGraph: void setupFilters()>",
						"<android.filterfw.core.FilterGraph: void connectPorts()>",
						"<android.filterfw.core.OutputPort: void connectTo(android.filterfw.core.InputPort)>",
						"key field: <android.filterfw.core.OutputPort: android.filterfw.core.InputPort mTargetPort>",
						"<android.filterfw.core.OutputPort: void setFrame(android.filterfw.core.Frame)>"
					],
					"depth":4,
					"method":"<android.filterfw.core.SyncRunner: void <init>(android.filterfw.core.FilterContext,android.filterfw.core.FilterGraph,java.lang.Class)>",
					"source":"FIELDCALLER"
				},
				{
					"trace":[
						"<android.filterfw.core.FilterFunction: void setInputFrame(java.lang.String,android.filterfw.core.Frame)>",
						"<android.filterfw.core.Filter: void setInputFrame(java.lang.String,android.filterfw.core.Frame)>",
						"<android.filterfw.core.InputPort: void open()>",
						"<android.filterfw.core.OutputPort: void open()>",
						"key field: <android.filterfw.core.OutputPort: android.filterfw.core.InputPort mTargetPort>",
						"<android.filterfw.core.OutputPort: void setFrame(android.filterfw.core.Frame)>"
					],
					"depth":4,
					"method":"<android.filterfw.core.FilterFunction: void setInputFrame(java.lang.String,android.filterfw.core.Frame)>",
					"source":"FIELDCALLER"
				},
				{
					"trace":[
						"<android.filterfw.core.Filter: void setInputValue(java.lang.String,java.lang.Object)>",
						"<android.filterfw.core.Filter: void setInputFrame(java.lang.String,android.filterfw.core.Frame)>",
						"<android.filterfw.core.InputPort: void open()>",
						"<android.filterfw.core.OutputPort: void open()>",
						"key field: <android.filterfw.core.OutputPort: android.filterfw.core.InputPort mTargetPort>",
						"<android.filterfw.core.OutputPort: void setFrame(android.filterfw.core.Frame)>"
					],
					"depth":4,
					"method":"<android.filterfw.core.Filter: void setInputValue(java.lang.String,java.lang.Object)>",
					"source":"FIELDCALLER"
				},
				{
					"trace":[
						"<android.filterfw.core.SyncRunner: void beginProcessing()>",
						"<android.filterfw.core.FilterGraph: void beginProcessing()>",
						"<android.filterfw.core.Filter: void openOutputs()>",
						"<android.filterfw.core.OutputPort: void open()>",
						"key field: <android.filterfw.core.OutputPort: android.filterfw.core.InputPort mTargetPort>",
						"<android.filterfw.core.OutputPort: void setFrame(android.filterfw.core.Frame)>"
					],
					"depth":4,
					"method":"<android.filterfw.core.SyncRunner: void beginProcessing()>",
					"source":"FIELDCALLER"
				},
				{
					"trace":[
						"<android.filterfw.core.FilterGraph: void closeFilters(android.filterfw.core.FilterContext)>",
						"<android.filterfw.core.Filter: void performClose(android.filterfw.core.FilterContext)>",
						"<android.filterfw.core.Filter: void closePorts()>",
						"<android.filterfw.core.OutputPort: void close()>",
						"key field: <android.filterfw.core.OutputPort: android.filterfw.core.InputPort mTargetPort>",
						"<android.filterfw.core.OutputPort: void setFrame(android.filterfw.core.Frame)>"
					],
					"depth":4,
					"method":"<android.filterfw.core.FilterGraph: void closeFilters(android.filterfw.core.FilterContext)>",
					"source":"FIELDCALLER"
				},
				{
					"trace":[
						"<android.filterfw.core.FilterFunction: void close()>",
						"<android.filterfw.core.Filter: void performClose(android.filterfw.core.FilterContext)>",
						"<android.filterfw.core.Filter: void closePorts()>",
						"<android.filterfw.core.OutputPort: void close()>",
						"key field: <android.filterfw.core.OutputPort: android.filterfw.core.InputPort mTargetPort>",
						"<android.filterfw.core.OutputPort: void setFrame(android.filterfw.core.Frame)>"
					],
					"depth":4,
					"method":"<android.filterfw.core.FilterFunction: void close()>",
					"source":"FIELDCALLER"
				},
				{
					"trace":[
						"<android.filterfw.GraphEnvironment$GraphHandle: android.filterfw.core.GraphRunner getSyncRunner(android.filterfw.core.FilterContext)>",
						"<android.filterfw.core.SyncRunner: void <init>(android.filterfw.core.FilterContext,android.filterfw.core.FilterGraph,java.lang.Class)>",
						"<android.filterfw.core.FilterGraph: void setupFilters()>",
						"<android.filterfw.core.FilterGraph: void connectPorts()>",
						"<android.filterfw.core.OutputPort: void connectTo(android.filterfw.core.InputPort)>",
						"key field: <android.filterfw.core.OutputPort: android.filterfw.core.InputPort mTargetPort>",
						"<android.filterfw.core.OutputPort: void setFrame(android.filterfw.core.Frame)>"
					],
					"depth":5,
					"method":"<android.filterfw.GraphEnvironment$GraphHandle: android.filterfw.core.GraphRunner getSyncRunner(android.filterfw.core.FilterContext)>",
					"source":"FIELDCALLER"
				},
				{
					"trace":[
						"<android.filterfw.core.AsyncRunner: void setGraph(android.filterfw.core.FilterGraph)>",
						"<android.filterfw.core.SyncRunner: void <init>(android.filterfw.core.FilterContext,android.filterfw.core.FilterGraph,java.lang.Class)>",
						"<android.filterfw.core.FilterGraph: void setupFilters()>",
						"<android.filterfw.core.FilterGraph: void connectPorts()>",
						"<android.filterfw.core.OutputPort: void connectTo(android.filterfw.core.InputPort)>",
						"key field: <android.filterfw.core.OutputPort: android.filterfw.core.InputPort mTargetPort>",
						"<android.filterfw.core.OutputPort: void setFrame(android.filterfw.core.Frame)>"
					],
					"depth":5,
					"method":"<android.filterfw.core.AsyncRunner: void setGraph(android.filterfw.core.FilterGraph)>",
					"source":"FIELDCALLER"
				},
				{
					"trace":[
						"<android.filterfw.core.FilterFunction: void setInputValue(java.lang.String,java.lang.Object)>",
						"<android.filterfw.core.Filter: void setInputValue(java.lang.String,java.lang.Object)>",
						"<android.filterfw.core.Filter: void setInputFrame(java.lang.String,android.filterfw.core.Frame)>",
						"<android.filterfw.core.InputPort: void open()>",
						"<android.filterfw.core.OutputPort: void open()>",
						"key field: <android.filterfw.core.OutputPort: android.filterfw.core.InputPort mTargetPort>",
						"<android.filterfw.core.OutputPort: void setFrame(android.filterfw.core.Frame)>"
					],
					"depth":5,
					"method":"<android.filterfw.core.FilterFunction: void setInputValue(java.lang.String,java.lang.Object)>",
					"source":"FIELDCALLER"
				},
				{
					"trace":[
						"<android.filterfw.core.SyncRunner: void run()>",
						"<android.filterfw.core.SyncRunner: void beginProcessing()>",
						"<android.filterfw.core.FilterGraph: void beginProcessing()>",
						"<android.filterfw.core.Filter: void openOutputs()>",
						"<android.filterfw.core.OutputPort: void open()>",
						"key field: <android.filterfw.core.OutputPort: android.filterfw.core.InputPort mTargetPort>",
						"<android.filterfw.core.OutputPort: void setFrame(android.filterfw.core.Frame)>"
					],
					"depth":5,
					"method":"<android.filterfw.core.SyncRunner: void run()>",
					"source":"FIELDCALLER"
				},
				{
					"trace":[
						"<android.filterfw.core.GraphRunner: void run()>",
						"<android.filterfw.core.SyncRunner: void beginProcessing()>",
						"<android.filterfw.core.FilterGraph: void beginProcessing()>",
						"<android.filterfw.core.Filter: void openOutputs()>",
						"<android.filterfw.core.OutputPort: void open()>",
						"key field: <android.filterfw.core.OutputPort: android.filterfw.core.InputPort mTargetPort>",
						"<android.filterfw.core.OutputPort: void setFrame(android.filterfw.core.Frame)>"
					],
					"depth":5,
					"method":"<android.filterfw.core.GraphRunner: void run()>",
					"source":"FIELDCALLER"
				},
				{
					"trace":[
						"<android.filterfw.core.SyncRunner: void close()>",
						"<android.filterfw.core.FilterGraph: void closeFilters(android.filterfw.core.FilterContext)>",
						"<android.filterfw.core.Filter: void performClose(android.filterfw.core.FilterContext)>",
						"<android.filterfw.core.Filter: void closePorts()>",
						"<android.filterfw.core.OutputPort: void close()>",
						"key field: <android.filterfw.core.OutputPort: android.filterfw.core.InputPort mTargetPort>",
						"<android.filterfw.core.OutputPort: void setFrame(android.filterfw.core.Frame)>"
					],
					"depth":5,
					"method":"<android.filterfw.core.SyncRunner: void close()>",
					"source":"FIELDCALLER"
				},
				{
					"trace":[
						"<android.filterfw.core.GraphRunner: void close()>",
						"<android.filterfw.core.FilterGraph: void closeFilters(android.filterfw.core.FilterContext)>",
						"<android.filterfw.core.Filter: void performClose(android.filterfw.core.FilterContext)>",
						"<android.filterfw.core.Filter: void closePorts()>",
						"<android.filterfw.core.OutputPort: void close()>",
						"key field: <android.filterfw.core.OutputPort: android.filterfw.core.InputPort mTargetPort>",
						"<android.filterfw.core.OutputPort: void setFrame(android.filterfw.core.Frame)>"
					],
					"depth":5,
					"method":"<android.filterfw.core.GraphRunner: void close()>",
					"source":"FIELDCALLER"
				},
				{
					"trace":[
						"<android.filterfw.core.FilterFunction: void tearDown()>",
						"<android.filterfw.core.Filter: void performTearDown(android.filterfw.core.FilterContext)>",
						"<android.filterfw.core.Filter: void performClose(android.filterfw.core.FilterContext)>",
						"<android.filterfw.core.Filter: void closePorts()>",
						"<android.filterfw.core.OutputPort: void close()>",
						"key field: <android.filterfw.core.OutputPort: android.filterfw.core.InputPort mTargetPort>",
						"<android.filterfw.core.OutputPort: void setFrame(android.filterfw.core.Frame)>"
					],
					"depth":5,
					"method":"<android.filterfw.core.FilterFunction: void tearDown()>",
					"source":"FIELDCALLER"
				},
				{
					"trace":[
						"<android.filterfw.core.FilterGraph: void tearDown(android.filterfw.core.FilterContext)>",
						"<android.filterfw.core.Filter: void performTearDown(android.filterfw.core.FilterContext)>",
						"<android.filterfw.core.Filter: void performClose(android.filterfw.core.FilterContext)>",
						"<android.filterfw.core.Filter: void closePorts()>",
						"<android.filterfw.core.OutputPort: void close()>",
						"key field: <android.filterfw.core.OutputPort: android.filterfw.core.InputPort mTargetPort>",
						"<android.filterfw.core.OutputPort: void setFrame(android.filterfw.core.Frame)>"
					],
					"depth":5,
					"method":"<android.filterfw.core.FilterGraph: void tearDown(android.filterfw.core.FilterContext)>",
					"source":"FIELDCALLER"
				},
				{
					"trace":[
						"<android.filterfw.GraphEnvironment: android.filterfw.core.GraphRunner getRunner(int,int)>",
						"<android.filterfw.GraphEnvironment$GraphHandle: android.filterfw.core.GraphRunner getSyncRunner(android.filterfw.core.FilterContext)>",
						"<android.filterfw.core.SyncRunner: void <init>(android.filterfw.core.FilterContext,android.filterfw.core.FilterGraph,java.lang.Class)>",
						"<android.filterfw.core.FilterGraph: void setupFilters()>",
						"<android.filterfw.core.FilterGraph: void connectPorts()>",
						"<android.filterfw.core.OutputPort: void connectTo(android.filterfw.core.InputPort)>",
						"key field: <android.filterfw.core.OutputPort: android.filterfw.core.InputPort mTargetPort>",
						"<android.filterfw.core.OutputPort: void setFrame(android.filterfw.core.Frame)>"
					],
					"depth":6,
					"method":"<android.filterfw.GraphEnvironment: android.filterfw.core.GraphRunner getRunner(int,int)>",
					"source":"FIELDCALLER"
				},
				{
					"trace":[
						"<android.filterfw.GraphEnvironment$GraphHandle: android.filterfw.core.AsyncRunner getAsyncRunner(android.filterfw.core.FilterContext)>",
						"<android.filterfw.core.AsyncRunner: void setGraph(android.filterfw.core.FilterGraph)>",
						"<android.filterfw.core.SyncRunner: void <init>(android.filterfw.core.FilterContext,android.filterfw.core.FilterGraph,java.lang.Class)>",
						"<android.filterfw.core.FilterGraph: void setupFilters()>",
						"<android.filterfw.core.FilterGraph: void connectPorts()>",
						"<android.filterfw.core.OutputPort: void connectTo(android.filterfw.core.InputPort)>",
						"key field: <android.filterfw.core.OutputPort: android.filterfw.core.InputPort mTargetPort>",
						"<android.filterfw.core.OutputPort: void setFrame(android.filterfw.core.Frame)>"
					],
					"depth":6,
					"method":"<android.filterfw.GraphEnvironment$GraphHandle: android.filterfw.core.AsyncRunner getAsyncRunner(android.filterfw.core.FilterContext)>",
					"source":"FIELDCALLER"
				},
				{
					"trace":[
						"<android.filterfw.core.Filter: void initWithValueMap(android.filterfw.core.KeyValueMap)>",
						"<android.filterfw.core.Filter: void initFinalPorts(android.filterfw.core.KeyValueMap)>",
						"<android.filterfw.core.Filter: void addAndSetFinalPorts(android.filterfw.core.KeyValueMap)>",
						"<android.filterfw.core.Filter: void setImmediateInputValue(java.lang.String,java.lang.Object)>",
						"<android.filterfw.core.InputPort: void open()>",
						"<android.filterfw.core.OutputPort: void open()>",
						"key field: <android.filterfw.core.OutputPort: android.filterfw.core.InputPort mTargetPort>",
						"<android.filterfw.core.OutputPort: void setFrame(android.filterfw.core.Frame)>"
					],
					"depth":6,
					"method":"<android.filterfw.core.Filter: void initWithValueMap(android.filterfw.core.KeyValueMap)>",
					"source":"FIELDCALLER"
				},
				{
					"trace":[
						"<android.filterfw.core.AsyncRunner: void close()>",
						"<android.filterfw.core.SyncRunner: void close()>",
						"<android.filterfw.core.FilterGraph: void closeFilters(android.filterfw.core.FilterContext)>",
						"<android.filterfw.core.Filter: void performClose(android.filterfw.core.FilterContext)>",
						"<android.filterfw.core.Filter: void closePorts()>",
						"<android.filterfw.core.OutputPort: void close()>",
						"key field: <android.filterfw.core.OutputPort: android.filterfw.core.InputPort mTargetPort>",
						"<android.filterfw.core.OutputPort: void setFrame(android.filterfw.core.Frame)>"
					],
					"depth":6,
					"method":"<android.filterfw.core.AsyncRunner: void close()>",
					"source":"FIELDCALLER"
				},
				{
					"trace":[
						"<android.filterfw.core.FilterContext: void tearDown()>",
						"<android.filterfw.core.FilterGraph: void tearDown(android.filterfw.core.FilterContext)>",
						"<android.filterfw.core.Filter: void performTearDown(android.filterfw.core.FilterContext)>",
						"<android.filterfw.core.Filter: void performClose(android.filterfw.core.FilterContext)>",
						"<android.filterfw.core.Filter: void closePorts()>",
						"<android.filterfw.core.OutputPort: void close()>",
						"key field: <android.filterfw.core.OutputPort: android.filterfw.core.InputPort mTargetPort>",
						"<android.filterfw.core.OutputPort: void setFrame(android.filterfw.core.Frame)>"
					],
					"depth":6,
					"method":"<android.filterfw.core.FilterContext: void tearDown()>",
					"source":"FIELDCALLER"
				},
				{
					"trace":[
						"<android.filterfw.core.Filter: void initWithAssignmentString(java.lang.String)>",
						"<android.filterfw.core.Filter: void initWithValueMap(android.filterfw.core.KeyValueMap)>",
						"<android.filterfw.core.Filter: void initFinalPorts(android.filterfw.core.KeyValueMap)>",
						"<android.filterfw.core.Filter: void addAndSetFinalPorts(android.filterfw.core.KeyValueMap)>",
						"<android.filterfw.core.Filter: void setImmediateInputValue(java.lang.String,java.lang.Object)>",
						"<android.filterfw.core.InputPort: void open()>",
						"<android.filterfw.core.OutputPort: void open()>",
						"key field: <android.filterfw.core.OutputPort: android.filterfw.core.InputPort mTargetPort>",
						"<android.filterfw.core.OutputPort: void setFrame(android.filterfw.core.Frame)>"
					],
					"depth":7,
					"method":"<android.filterfw.core.Filter: void initWithAssignmentString(java.lang.String)>",
					"source":"FIELDCALLER"
				},
				{
					"trace":[
						"<android.filterfw.io.TextGraphReader$InitFilterCommand: void execute(android.filterfw.io.TextGraphReader)>",
						"<android.filterfw.core.Filter: void initWithValueMap(android.filterfw.core.KeyValueMap)>",
						"<android.filterfw.core.Filter: void initFinalPorts(android.filterfw.core.KeyValueMap)>",
						"<android.filterfw.core.Filter: void addAndSetFinalPorts(android.filterfw.core.KeyValueMap)>",
						"<android.filterfw.core.Filter: void setImmediateInputValue(java.lang.String,java.lang.Object)>",
						"<android.filterfw.core.InputPort: void open()>",
						"<android.filterfw.core.OutputPort: void open()>",
						"key field: <android.filterfw.core.OutputPort: android.filterfw.core.InputPort mTargetPort>",
						"<android.filterfw.core.OutputPort: void setFrame(android.filterfw.core.Frame)>"
					],
					"depth":7,
					"method":"<android.filterfw.io.TextGraphReader$InitFilterCommand: void execute(android.filterfw.io.TextGraphReader)>",
					"source":"FIELDCALLER"
				},
				{
					"trace":[
						"<android.filterfw.io.TextGraphReader$Command: void execute(android.filterfw.io.TextGraphReader)>",
						"<android.filterfw.core.Filter: void initWithValueMap(android.filterfw.core.KeyValueMap)>",
						"<android.filterfw.core.Filter: void initFinalPorts(android.filterfw.core.KeyValueMap)>",
						"<android.filterfw.core.Filter: void addAndSetFinalPorts(android.filterfw.core.KeyValueMap)>",
						"<android.filterfw.core.Filter: void setImmediateInputValue(java.lang.String,java.lang.Object)>",
						"<android.filterfw.core.InputPort: void open()>",
						"<android.filterfw.core.OutputPort: void open()>",
						"key field: <android.filterfw.core.OutputPort: android.filterfw.core.InputPort mTargetPort>",
						"<android.filterfw.core.OutputPort: void setFrame(android.filterfw.core.Frame)>"
					],
					"depth":7,
					"method":"<android.filterfw.io.TextGraphReader$Command: void execute(android.filterfw.io.TextGraphReader)>",
					"source":"FIELDCALLER"
				},
				{
					"trace":[
						"<android.filterfw.core.Filter: void init()>",
						"<android.filterfw.core.Filter: void initWithValueMap(android.filterfw.core.KeyValueMap)>",
						"<android.filterfw.core.Filter: void initFinalPorts(android.filterfw.core.KeyValueMap)>",
						"<android.filterfw.core.Filter: void addAndSetFinalPorts(android.filterfw.core.KeyValueMap)>",
						"<android.filterfw.core.Filter: void setImmediateInputValue(java.lang.String,java.lang.Object)>",
						"<android.filterfw.core.InputPort: void open()>",
						"<android.filterfw.core.OutputPort: void open()>",
						"key field: <android.filterfw.core.OutputPort: android.filterfw.core.InputPort mTargetPort>",
						"<android.filterfw.core.OutputPort: void setFrame(android.filterfw.core.Frame)>"
					],
					"depth":7,
					"method":"<android.filterfw.core.Filter: void init()>",
					"source":"FIELDCALLER"
				},
				{
					"trace":[
						"<android.filterfw.core.Filter: void initWithAssignmentList(java.lang.Object[])>",
						"<android.filterfw.core.Filter: void initWithValueMap(android.filterfw.core.KeyValueMap)>",
						"<android.filterfw.core.Filter: void initFinalPorts(android.filterfw.core.KeyValueMap)>",
						"<android.filterfw.core.Filter: void addAndSetFinalPorts(android.filterfw.core.KeyValueMap)>",
						"<android.filterfw.core.Filter: void setImmediateInputValue(java.lang.String,java.lang.Object)>",
						"<android.filterfw.core.InputPort: void open()>",
						"<android.filterfw.core.OutputPort: void open()>",
						"key field: <android.filterfw.core.OutputPort: android.filterfw.core.InputPort mTargetPort>",
						"<android.filterfw.core.OutputPort: void setFrame(android.filterfw.core.Frame)>"
					],
					"depth":7,
					"method":"<android.filterfw.core.Filter: void initWithAssignmentList(java.lang.Object[])>",
					"source":"FIELDCALLER"
				},
				{
					"trace":[
						"<android.filterfw.core.AsyncRunner: void run()>",
						"<android.filterfw.core.AsyncRunner$AsyncRunnerTask: java.lang.Object doInBackground(java.lang.Object[])>",
						"<android.filterfw.core.AsyncRunner$AsyncRunnerTask: android.filterfw.core.AsyncRunner$RunnerResult doInBackground(android.filterfw.core.SyncRunner[])>",
						"<android.filterfw.core.SyncRunner: void beginProcessing()>",
						"<android.filterfw.core.FilterGraph: void beginProcessing()>",
						"<android.filterfw.core.Filter: void openOutputs()>",
						"<android.filterfw.core.OutputPort: void open()>",
						"key field: <android.filterfw.core.OutputPort: android.filterfw.core.InputPort mTargetPort>",
						"<android.filterfw.core.OutputPort: void setFrame(android.filterfw.core.Frame)>"
					],
					"depth":7,
					"method":"<android.filterfw.core.AsyncRunner: void run()>",
					"source":"FIELDCALLER"
				},
				{
					"trace":[
						"<android.filterfw.core.SyncRunner: int step()>",
						"<android.filterfw.core.SyncRunner: boolean performStep()>",
						"<android.filterfw.core.SyncRunner: void processFilterNode(android.filterfw.core.Filter)>",
						"<android.filterfw.core.Filter: void performProcess(android.filterfw.core.FilterContext)>",
						"<android.filterfw.core.Filter: void performClose(android.filterfw.core.FilterContext)>",
						"<android.filterfw.core.Filter: void closePorts()>",
						"<android.filterfw.core.OutputPort: void close()>",
						"key field: <android.filterfw.core.OutputPort: android.filterfw.core.InputPort mTargetPort>",
						"<android.filterfw.core.OutputPort: void setFrame(android.filterfw.core.Frame)>"
					],
					"depth":7,
					"method":"<android.filterfw.core.SyncRunner: int step()>",
					"source":"FIELDCALLER"
				},
				{
					"trace":[
						"<android.filterfw.FilterFunctionEnvironment: android.filterfw.core.FilterFunction createFunction(java.lang.Class,java.lang.Object[])>",
						"<android.filterfw.core.Filter: void initWithAssignmentList(java.lang.Object[])>",
						"<android.filterfw.core.Filter: void initWithValueMap(android.filterfw.core.KeyValueMap)>",
						"<android.filterfw.core.Filter: void initFinalPorts(android.filterfw.core.KeyValueMap)>",
						"<android.filterfw.core.Filter: void addAndSetFinalPorts(android.filterfw.core.KeyValueMap)>",
						"<android.filterfw.core.Filter: void setImmediateInputValue(java.lang.String,java.lang.Object)>",
						"<android.filterfw.core.InputPort: void open()>",
						"<android.filterfw.core.OutputPort: void open()>",
						"key field: <android.filterfw.core.OutputPort: android.filterfw.core.InputPort mTargetPort>",
						"<android.filterfw.core.OutputPort: void setFrame(android.filterfw.core.Frame)>"
					],
					"depth":8,
					"method":"<android.filterfw.FilterFunctionEnvironment: android.filterfw.core.FilterFunction createFunction(java.lang.Class,java.lang.Object[])>",
					"source":"FIELDCALLER"
				}
			],
			"callerOfSingnlar2SourceVar":{}
		},
		{
			"method":"<android.filterfw.core.OutputPort: android.filterfw.core.Frame pullFrame()>",
			"message":"\\QCannot pull frame on \\E[\\s\\S]*\\Q!\\E",
			"relatedVarType":"Empty",
			"relatedCondType":"Empty",
			"modifier":"public",
			"type":"java.lang.RuntimeException",
			"osVersionRelated":false,
			"resourceRelated":false,
			"assessRelated":false,
			"hardwareRelated":false,
			"manifestRelated":false,
			"keyAPISameClassNum":0,
			"keyAPIDiffClassNum":0,
			"keyAPISameClass":[],
			"keyAPIDiffClass":[],
			"callerOfSingnlar2SourceVar":{}
		}
	]
}