{
	"exceptions":[
		{
			"method":"<android.hardware.camera2.params.RggbChannelVector: float getComponent(int)>",
			"message":"\\QUnhandled case \\E[\\s\\S]*",
			"relatedVarType":"Parameter",
			"relatedCondType":"Basic",
			"modifier":"public",
			"type":"java.lang.AssertionError",
			"osVersionRelated":false,
			"resourceRelated":false,
			"assessRelated":false,
			"hardwareRelated":true,
			"manifestRelated":false,
			"conditions":"i0, i0 < 4, i0 < 0",
			"paramValues":"@parameter0: int",
			"relatedValues":"@parameter0: int; ; ",
			"keyAPISameClassNum":0,
			"keyAPIDiffClassNum":0,
			"keyAPISameClass":[
				{
					"trace":[
						"<android.hardware.camera2.params.RggbChannelVector: float getComponent(int)>"
					],
					"depth":0,
					"method":"<android.hardware.camera2.params.RggbChannelVector: float getComponent(int)>",
					"source":"CALLER"
				}
			],
			"keyAPIDiffClass":[],
			"callerOfSingnlar2SourceVar":{
				"<android.hardware.camera2.params.RggbChannelVector: float getComponent(int)>":"0"
			}
		},
		{
			"method":"<android.hardware.camera2.params.RggbChannelVector: float getComponent(int)>",
			"message":"\\QColor channel out of range\\E",
			"relatedVarType":"Parameter",
			"relatedCondType":"Basic",
			"modifier":"public",
			"type":"java.lang.IllegalArgumentException",
			"osVersionRelated":false,
			"resourceRelated":false,
			"assessRelated":false,
			"hardwareRelated":true,
			"manifestRelated":false,
			"conditions":"i0 < 0, i0 < 4",
			"paramValues":"@parameter0: int",
			"relatedValues":"@parameter0: int; ; ",
			"keyAPISameClassNum":0,
			"keyAPIDiffClassNum":0,
			"keyAPISameClass":[
				{
					"trace":[
						"<android.hardware.camera2.params.RggbChannelVector: float getComponent(int)>"
					],
					"depth":0,
					"method":"<android.hardware.camera2.params.RggbChannelVector: float getComponent(int)>",
					"source":"CALLER"
				}
			],
			"keyAPIDiffClass":[],
			"callerOfSingnlar2SourceVar":{
				"<android.hardware.camera2.params.RggbChannelVector: float getComponent(int)>":"0"
			}
		},
		{
			"method":"<android.hardware.camera2.params.RggbChannelVector: void copyTo(float[],int)>",
			"message":"\\Qdestination too small to fit elements\\E",
			"relatedVarType":"Parameter",
			"relatedCondType":"Basic",
			"modifier":"public",
			"type":"java.lang.ArrayIndexOutOfBoundsException",
			"osVersionRelated":false,
			"resourceRelated":false,
			"assessRelated":false,
			"hardwareRelated":true,
			"manifestRelated":false,
			"conditions":"$i2 >= 4",
			"paramValues":"@parameter0: float[], @parameter1: int",
			"relatedValues":"@parameter0: float[], @parameter1: int; ; ",
			"keyAPISameClassNum":0,
			"keyAPIDiffClassNum":0,
			"keyAPISameClass":[
				{
					"trace":[
						"<android.hardware.camera2.params.RggbChannelVector: void copyTo(float[],int)>"
					],
					"depth":0,
					"method":"<android.hardware.camera2.params.RggbChannelVector: void copyTo(float[],int)>",
					"source":"CALLER"
				}
			],
			"keyAPIDiffClass":[],
			"callerOfSingnlar2SourceVar":{
				"<android.hardware.camera2.params.RggbChannelVector: void copyTo(float[],int)>":"0, 1"
			}
		}
	]
}