{
	"exceptions":[
		{
			"method":"<android.database.DatabaseUtils: void readExceptionWithFileNotFoundExceptionFromParcel(android.os.Parcel)>",
			"message":"",
			"relatedVarType":"Parameter",
			"relatedCondType":"Basic",
			"modifier":"public",
			"type":"java.io.FileNotFoundException",
			"osVersionRelated":false,
			"resourceRelated":false,
			"assessRelated":false,
			"hardwareRelated":false,
			"manifestRelated":false,
			"conditions":"i0 != 1, i0 != 0",
			"paramValues":"@parameter0: android.os.Parcel",
			"relatedValues":"@parameter0: android.os.Parcel; ; ",
			"keyAPISameClassNum":0,
			"keyAPIDiffClassNum":0,
			"keyAPISameClass":[
				{
					"trace":[
						"<android.database.DatabaseUtils: void readExceptionWithFileNotFoundExceptionFromParcel(android.os.Parcel)>"
					],
					"depth":0,
					"method":"<android.database.DatabaseUtils: void readExceptionWithFileNotFoundExceptionFromParcel(android.os.Parcel)>",
					"source":"CALLER"
				}
			],
			"keyAPIDiffClass":[],
			"callerOfSingnlar2SourceVar":{
				"<android.database.DatabaseUtils: void readExceptionWithFileNotFoundExceptionFromParcel(android.os.Parcel)>":"0"
			}
		},
		{
			"method":"<android.database.DatabaseUtils: void readExceptionWithOperationApplicationExceptionFromParcel(android.os.Parcel)>",
			"message":"",
			"relatedVarType":"Parameter",
			"relatedCondType":"Basic",
			"modifier":"public",
			"type":"android.content.OperationApplicationException",
			"osVersionRelated":false,
			"resourceRelated":false,
			"assessRelated":false,
			"hardwareRelated":false,
			"manifestRelated":false,
			"conditions":"i0 != 10, i0 != 0",
			"paramValues":"@parameter0: android.os.Parcel",
			"relatedValues":"@parameter0: android.os.Parcel; ; ",
			"keyAPISameClassNum":0,
			"keyAPIDiffClassNum":0,
			"keyAPISameClass":[
				{
					"trace":[
						"<android.database.DatabaseUtils: void readExceptionWithOperationApplicationExceptionFromParcel(android.os.Parcel)>"
					],
					"depth":0,
					"method":"<android.database.DatabaseUtils: void readExceptionWithOperationApplicationExceptionFromParcel(android.os.Parcel)>",
					"source":"CALLER"
				}
			],
			"keyAPIDiffClass":[],
			"callerOfSingnlar2SourceVar":{
				"<android.database.DatabaseUtils: void readExceptionWithOperationApplicationExceptionFromParcel(android.os.Parcel)>":"0"
			}
		},
		{
			"method":"<android.database.DatabaseUtils: void readExceptionFromParcel(android.os.Parcel,java.lang.String,int)>",
			"message":"",
			"relatedVarType":"Parameter",
			"relatedCondType":"Basic",
			"modifier":"private",
			"type":"java.lang.IllegalArgumentException",
			"osVersionRelated":false,
			"resourceRelated":false,
			"assessRelated":false,
			"hardwareRelated":false,
			"manifestRelated":false,
			"conditions":"i0",
			"paramValues":"@parameter2: int",
			"relatedValues":"@parameter2: int; ; ",
			"keyAPISameClassNum":0,
			"keyAPIDiffClassNum":0,
			"keyAPISameClass":[
				{
					"trace":[
						"<android.database.DatabaseUtils: void readExceptionFromParcel(android.os.Parcel,java.lang.String,int)>"
					],
					"depth":0,
					"method":"<android.database.DatabaseUtils: void readExceptionFromParcel(android.os.Parcel,java.lang.String,int)>",
					"source":"CALLER"
				},
				{
					"trace":[
						"<android.database.DatabaseUtils: void readExceptionFromParcel(android.os.Parcel)>",
						"<android.database.DatabaseUtils: void readExceptionFromParcel(android.os.Parcel,java.lang.String,int)>"
					],
					"depth":1,
					"method":"<android.database.DatabaseUtils: void readExceptionFromParcel(android.os.Parcel)>",
					"source":"CALLER"
				},
				{
					"trace":[
						"<android.database.DatabaseUtils: void readExceptionWithOperationApplicationExceptionFromParcel(android.os.Parcel)>",
						"<android.database.DatabaseUtils: void readExceptionFromParcel(android.os.Parcel,java.lang.String,int)>"
					],
					"depth":1,
					"method":"<android.database.DatabaseUtils: void readExceptionWithOperationApplicationExceptionFromParcel(android.os.Parcel)>",
					"source":"CALLER"
				},
				{
					"trace":[
						"<android.database.DatabaseUtils: void readExceptionWithFileNotFoundExceptionFromParcel(android.os.Parcel)>",
						"<android.database.DatabaseUtils: void readExceptionFromParcel(android.os.Parcel,java.lang.String,int)>"
					],
					"depth":1,
					"method":"<android.database.DatabaseUtils: void readExceptionWithFileNotFoundExceptionFromParcel(android.os.Parcel)>",
					"source":"CALLER"
				}
			],
			"keyAPIDiffClass":[],
			"callerOfSingnlar2SourceVar":{
				"<android.database.DatabaseUtils: void readExceptionFromParcel(android.os.Parcel,java.lang.String,int)>":"2"
			}
		},
		{
			"method":"<android.database.DatabaseUtils: void readExceptionFromParcel(android.os.Parcel,java.lang.String,int)>",
			"message":"",
			"relatedVarType":"Parameter",
			"relatedCondType":"Basic",
			"modifier":"private",
			"type":"android.database.sqlite.SQLiteException",
			"osVersionRelated":false,
			"resourceRelated":false,
			"assessRelated":false,
			"hardwareRelated":false,
			"manifestRelated":false,
			"conditions":"i0",
			"paramValues":"@parameter2: int",
			"relatedValues":"@parameter2: int; ; ",
			"keyAPISameClassNum":0,
			"keyAPIDiffClassNum":0,
			"keyAPISameClass":[
				{
					"trace":[
						"<android.database.DatabaseUtils: void readExceptionFromParcel(android.os.Parcel,java.lang.String,int)>"
					],
					"depth":0,
					"method":"<android.database.DatabaseUtils: void readExceptionFromParcel(android.os.Parcel,java.lang.String,int)>",
					"source":"CALLER"
				},
				{
					"trace":[
						"<android.database.DatabaseUtils: void readExceptionFromParcel(android.os.Parcel)>",
						"<android.database.DatabaseUtils: void readExceptionFromParcel(android.os.Parcel,java.lang.String,int)>"
					],
					"depth":1,
					"method":"<android.database.DatabaseUtils: void readExceptionFromParcel(android.os.Parcel)>",
					"source":"CALLER"
				},
				{
					"trace":[
						"<android.database.DatabaseUtils: void readExceptionWithOperationApplicationExceptionFromParcel(android.os.Parcel)>",
						"<android.database.DatabaseUtils: void readExceptionFromParcel(android.os.Parcel,java.lang.String,int)>"
					],
					"depth":1,
					"method":"<android.database.DatabaseUtils: void readExceptionWithOperationApplicationExceptionFromParcel(android.os.Parcel)>",
					"source":"CALLER"
				},
				{
					"trace":[
						"<android.database.DatabaseUtils: void readExceptionWithFileNotFoundExceptionFromParcel(android.os.Parcel)>",
						"<android.database.DatabaseUtils: void readExceptionFromParcel(android.os.Parcel,java.lang.String,int)>"
					],
					"depth":1,
					"method":"<android.database.DatabaseUtils: void readExceptionWithFileNotFoundExceptionFromParcel(android.os.Parcel)>",
					"source":"CALLER"
				}
			],
			"keyAPIDiffClass":[],
			"callerOfSingnlar2SourceVar":{
				"<android.database.DatabaseUtils: void readExceptionFromParcel(android.os.Parcel,java.lang.String,int)>":"2"
			}
		},
		{
			"method":"<android.database.DatabaseUtils: void readExceptionFromParcel(android.os.Parcel,java.lang.String,int)>",
			"message":"",
			"relatedVarType":"Parameter",
			"relatedCondType":"Basic",
			"modifier":"private",
			"type":"android.database.sqlite.SQLiteDatabaseCorruptException",
			"osVersionRelated":false,
			"resourceRelated":false,
			"assessRelated":false,
			"hardwareRelated":false,
			"manifestRelated":false,
			"conditions":"i0",
			"paramValues":"@parameter2: int",
			"relatedValues":"@parameter2: int; ; ",
			"keyAPISameClassNum":0,
			"keyAPIDiffClassNum":0,
			"keyAPISameClass":[
				{
					"trace":[
						"<android.database.DatabaseUtils: void readExceptionFromParcel(android.os.Parcel,java.lang.String,int)>"
					],
					"depth":0,
					"method":"<android.database.DatabaseUtils: void readExceptionFromParcel(android.os.Parcel,java.lang.String,int)>",
					"source":"CALLER"
				},
				{
					"trace":[
						"<android.database.DatabaseUtils: void readExceptionFromParcel(android.os.Parcel)>",
						"<android.database.DatabaseUtils: void readExceptionFromParcel(android.os.Parcel,java.lang.String,int)>"
					],
					"depth":1,
					"method":"<android.database.DatabaseUtils: void readExceptionFromParcel(android.os.Parcel)>",
					"source":"CALLER"
				},
				{
					"trace":[
						"<android.database.DatabaseUtils: void readExceptionWithOperationApplicationExceptionFromParcel(android.os.Parcel)>",
						"<android.database.DatabaseUtils: void readExceptionFromParcel(android.os.Parcel,java.lang.String,int)>"
					],
					"depth":1,
					"method":"<android.database.DatabaseUtils: void readExceptionWithOperationApplicationExceptionFromParcel(android.os.Parcel)>",
					"source":"CALLER"
				},
				{
					"trace":[
						"<android.database.DatabaseUtils: void readExceptionWithFileNotFoundExceptionFromParcel(android.os.Parcel)>",
						"<android.database.DatabaseUtils: void readExceptionFromParcel(android.os.Parcel,java.lang.String,int)>"
					],
					"depth":1,
					"method":"<android.database.DatabaseUtils: void readExceptionWithFileNotFoundExceptionFromParcel(android.os.Parcel)>",
					"source":"CALLER"
				}
			],
			"keyAPIDiffClass":[],
			"callerOfSingnlar2SourceVar":{
				"<android.database.DatabaseUtils: void readExceptionFromParcel(android.os.Parcel,java.lang.String,int)>":"2"
			}
		},
		{
			"method":"<android.database.DatabaseUtils: void readExceptionFromParcel(android.os.Parcel,java.lang.String,int)>",
			"message":"",
			"relatedVarType":"Parameter",
			"relatedCondType":"Basic",
			"modifier":"private",
			"type":"android.database.sqlite.SQLiteConstraintException",
			"osVersionRelated":false,
			"resourceRelated":false,
			"assessRelated":false,
			"hardwareRelated":false,
			"manifestRelated":false,
			"conditions":"i0",
			"paramValues":"@parameter2: int",
			"relatedValues":"@parameter2: int; ; ",
			"keyAPISameClassNum":0,
			"keyAPIDiffClassNum":0,
			"keyAPISameClass":[
				{
					"trace":[
						"<android.database.DatabaseUtils: void readExceptionFromParcel(android.os.Parcel,java.lang.String,int)>"
					],
					"depth":0,
					"method":"<android.database.DatabaseUtils: void readExceptionFromParcel(android.os.Parcel,java.lang.String,int)>",
					"source":"CALLER"
				},
				{
					"trace":[
						"<android.database.DatabaseUtils: void readExceptionFromParcel(android.os.Parcel)>",
						"<android.database.DatabaseUtils: void readExceptionFromParcel(android.os.Parcel,java.lang.String,int)>"
					],
					"depth":1,
					"method":"<android.database.DatabaseUtils: void readExceptionFromParcel(android.os.Parcel)>",
					"source":"CALLER"
				},
				{
					"trace":[
						"<android.database.DatabaseUtils: void readExceptionWithOperationApplicationExceptionFromParcel(android.os.Parcel)>",
						"<android.database.DatabaseUtils: void readExceptionFromParcel(android.os.Parcel,java.lang.String,int)>"
					],
					"depth":1,
					"method":"<android.database.DatabaseUtils: void readExceptionWithOperationApplicationExceptionFromParcel(android.os.Parcel)>",
					"source":"CALLER"
				},
				{
					"trace":[
						"<android.database.DatabaseUtils: void readExceptionWithFileNotFoundExceptionFromParcel(android.os.Parcel)>",
						"<android.database.DatabaseUtils: void readExceptionFromParcel(android.os.Parcel,java.lang.String,int)>"
					],
					"depth":1,
					"method":"<android.database.DatabaseUtils: void readExceptionWithFileNotFoundExceptionFromParcel(android.os.Parcel)>",
					"source":"CALLER"
				}
			],
			"keyAPIDiffClass":[],
			"callerOfSingnlar2SourceVar":{
				"<android.database.DatabaseUtils: void readExceptionFromParcel(android.os.Parcel,java.lang.String,int)>":"2"
			}
		},
		{
			"method":"<android.database.DatabaseUtils: void readExceptionFromParcel(android.os.Parcel,java.lang.String,int)>",
			"message":"",
			"relatedVarType":"Parameter",
			"relatedCondType":"Basic",
			"modifier":"private",
			"type":"android.database.sqlite.SQLiteDiskIOException",
			"osVersionRelated":false,
			"resourceRelated":false,
			"assessRelated":false,
			"hardwareRelated":false,
			"manifestRelated":false,
			"conditions":"i0",
			"paramValues":"@parameter2: int",
			"relatedValues":"@parameter2: int; ; ",
			"keyAPISameClassNum":0,
			"keyAPIDiffClassNum":0,
			"keyAPISameClass":[
				{
					"trace":[
						"<android.database.DatabaseUtils: void readExceptionFromParcel(android.os.Parcel,java.lang.String,int)>"
					],
					"depth":0,
					"method":"<android.database.DatabaseUtils: void readExceptionFromParcel(android.os.Parcel,java.lang.String,int)>",
					"source":"CALLER"
				},
				{
					"trace":[
						"<android.database.DatabaseUtils: void readExceptionFromParcel(android.os.Parcel)>",
						"<android.database.DatabaseUtils: void readExceptionFromParcel(android.os.Parcel,java.lang.String,int)>"
					],
					"depth":1,
					"method":"<android.database.DatabaseUtils: void readExceptionFromParcel(android.os.Parcel)>",
					"source":"CALLER"
				},
				{
					"trace":[
						"<android.database.DatabaseUtils: void readExceptionWithOperationApplicationExceptionFromParcel(android.os.Parcel)>",
						"<android.database.DatabaseUtils: void readExceptionFromParcel(android.os.Parcel,java.lang.String,int)>"
					],
					"depth":1,
					"method":"<android.database.DatabaseUtils: void readExceptionWithOperationApplicationExceptionFromParcel(android.os.Parcel)>",
					"source":"CALLER"
				},
				{
					"trace":[
						"<android.database.DatabaseUtils: void readExceptionWithFileNotFoundExceptionFromParcel(android.os.Parcel)>",
						"<android.database.DatabaseUtils: void readExceptionFromParcel(android.os.Parcel,java.lang.String,int)>"
					],
					"depth":1,
					"method":"<android.database.DatabaseUtils: void readExceptionWithFileNotFoundExceptionFromParcel(android.os.Parcel)>",
					"source":"CALLER"
				}
			],
			"keyAPIDiffClass":[],
			"callerOfSingnlar2SourceVar":{
				"<android.database.DatabaseUtils: void readExceptionFromParcel(android.os.Parcel,java.lang.String,int)>":"2"
			}
		},
		{
			"method":"<android.database.DatabaseUtils: void readExceptionFromParcel(android.os.Parcel,java.lang.String,int)>",
			"message":"",
			"relatedVarType":"Parameter",
			"relatedCondType":"Basic",
			"modifier":"private",
			"type":"android.os.OperationCanceledException",
			"osVersionRelated":false,
			"resourceRelated":false,
			"assessRelated":false,
			"hardwareRelated":false,
			"manifestRelated":false,
			"conditions":"i0",
			"paramValues":"@parameter2: int",
			"relatedValues":"@parameter2: int; ; ",
			"keyAPISameClassNum":0,
			"keyAPIDiffClassNum":0,
			"keyAPISameClass":[
				{
					"trace":[
						"<android.database.DatabaseUtils: void readExceptionFromParcel(android.os.Parcel,java.lang.String,int)>"
					],
					"depth":0,
					"method":"<android.database.DatabaseUtils: void readExceptionFromParcel(android.os.Parcel,java.lang.String,int)>",
					"source":"CALLER"
				},
				{
					"trace":[
						"<android.database.DatabaseUtils: void readExceptionFromParcel(android.os.Parcel)>",
						"<android.database.DatabaseUtils: void readExceptionFromParcel(android.os.Parcel,java.lang.String,int)>"
					],
					"depth":1,
					"method":"<android.database.DatabaseUtils: void readExceptionFromParcel(android.os.Parcel)>",
					"source":"CALLER"
				},
				{
					"trace":[
						"<android.database.DatabaseUtils: void readExceptionWithOperationApplicationExceptionFromParcel(android.os.Parcel)>",
						"<android.database.DatabaseUtils: void readExceptionFromParcel(android.os.Parcel,java.lang.String,int)>"
					],
					"depth":1,
					"method":"<android.database.DatabaseUtils: void readExceptionWithOperationApplicationExceptionFromParcel(android.os.Parcel)>",
					"source":"CALLER"
				},
				{
					"trace":[
						"<android.database.DatabaseUtils: void readExceptionWithFileNotFoundExceptionFromParcel(android.os.Parcel)>",
						"<android.database.DatabaseUtils: void readExceptionFromParcel(android.os.Parcel,java.lang.String,int)>"
					],
					"depth":1,
					"method":"<android.database.DatabaseUtils: void readExceptionWithFileNotFoundExceptionFromParcel(android.os.Parcel)>",
					"source":"CALLER"
				}
			],
			"keyAPIDiffClass":[],
			"callerOfSingnlar2SourceVar":{
				"<android.database.DatabaseUtils: void readExceptionFromParcel(android.os.Parcel,java.lang.String,int)>":"2"
			}
		},
		{
			"method":"<android.database.DatabaseUtils: void readExceptionFromParcel(android.os.Parcel,java.lang.String,int)>",
			"message":"",
			"relatedVarType":"Parameter",
			"relatedCondType":"Basic",
			"modifier":"private",
			"type":"android.database.sqlite.SQLiteAbortException",
			"osVersionRelated":false,
			"resourceRelated":false,
			"assessRelated":false,
			"hardwareRelated":false,
			"manifestRelated":false,
			"conditions":"i0",
			"paramValues":"@parameter2: int",
			"relatedValues":"@parameter2: int; ; ",
			"keyAPISameClassNum":0,
			"keyAPIDiffClassNum":0,
			"keyAPISameClass":[
				{
					"trace":[
						"<android.database.DatabaseUtils: void readExceptionFromParcel(android.os.Parcel,java.lang.String,int)>"
					],
					"depth":0,
					"method":"<android.database.DatabaseUtils: void readExceptionFromParcel(android.os.Parcel,java.lang.String,int)>",
					"source":"CALLER"
				},
				{
					"trace":[
						"<android.database.DatabaseUtils: void readExceptionFromParcel(android.os.Parcel)>",
						"<android.database.DatabaseUtils: void readExceptionFromParcel(android.os.Parcel,java.lang.String,int)>"
					],
					"depth":1,
					"method":"<android.database.DatabaseUtils: void readExceptionFromParcel(android.os.Parcel)>",
					"source":"CALLER"
				},
				{
					"trace":[
						"<android.database.DatabaseUtils: void readExceptionWithOperationApplicationExceptionFromParcel(android.os.Parcel)>",
						"<android.database.DatabaseUtils: void readExceptionFromParcel(android.os.Parcel,java.lang.String,int)>"
					],
					"depth":1,
					"method":"<android.database.DatabaseUtils: void readExceptionWithOperationApplicationExceptionFromParcel(android.os.Parcel)>",
					"source":"CALLER"
				},
				{
					"trace":[
						"<android.database.DatabaseUtils: void readExceptionWithFileNotFoundExceptionFromParcel(android.os.Parcel)>",
						"<android.database.DatabaseUtils: void readExceptionFromParcel(android.os.Parcel,java.lang.String,int)>"
					],
					"depth":1,
					"method":"<android.database.DatabaseUtils: void readExceptionWithFileNotFoundExceptionFromParcel(android.os.Parcel)>",
					"source":"CALLER"
				}
			],
			"keyAPIDiffClass":[],
			"callerOfSingnlar2SourceVar":{
				"<android.database.DatabaseUtils: void readExceptionFromParcel(android.os.Parcel,java.lang.String,int)>":"2"
			}
		},
		{
			"method":"<android.database.DatabaseUtils: void readExceptionFromParcel(android.os.Parcel,java.lang.String,int)>",
			"message":"",
			"relatedVarType":"Parameter",
			"relatedCondType":"Basic",
			"modifier":"private",
			"type":"java.lang.UnsupportedOperationException",
			"osVersionRelated":false,
			"resourceRelated":false,
			"assessRelated":false,
			"hardwareRelated":false,
			"manifestRelated":false,
			"conditions":"i0",
			"paramValues":"@parameter2: int",
			"relatedValues":"@parameter2: int; ; ",
			"keyAPISameClassNum":0,
			"keyAPIDiffClassNum":0,
			"keyAPISameClass":[
				{
					"trace":[
						"<android.database.DatabaseUtils: void readExceptionFromParcel(android.os.Parcel,java.lang.String,int)>"
					],
					"depth":0,
					"method":"<android.database.DatabaseUtils: void readExceptionFromParcel(android.os.Parcel,java.lang.String,int)>",
					"source":"CALLER"
				},
				{
					"trace":[
						"<android.database.DatabaseUtils: void readExceptionFromParcel(android.os.Parcel)>",
						"<android.database.DatabaseUtils: void readExceptionFromParcel(android.os.Parcel,java.lang.String,int)>"
					],
					"depth":1,
					"method":"<android.database.DatabaseUtils: void readExceptionFromParcel(android.os.Parcel)>",
					"source":"CALLER"
				},
				{
					"trace":[
						"<android.database.DatabaseUtils: void readExceptionWithOperationApplicationExceptionFromParcel(android.os.Parcel)>",
						"<android.database.DatabaseUtils: void readExceptionFromParcel(android.os.Parcel,java.lang.String,int)>"
					],
					"depth":1,
					"method":"<android.database.DatabaseUtils: void readExceptionWithOperationApplicationExceptionFromParcel(android.os.Parcel)>",
					"source":"CALLER"
				},
				{
					"trace":[
						"<android.database.DatabaseUtils: void readExceptionWithFileNotFoundExceptionFromParcel(android.os.Parcel)>",
						"<android.database.DatabaseUtils: void readExceptionFromParcel(android.os.Parcel,java.lang.String,int)>"
					],
					"depth":1,
					"method":"<android.database.DatabaseUtils: void readExceptionWithFileNotFoundExceptionFromParcel(android.os.Parcel)>",
					"source":"CALLER"
				}
			],
			"keyAPIDiffClass":[],
			"callerOfSingnlar2SourceVar":{
				"<android.database.DatabaseUtils: void readExceptionFromParcel(android.os.Parcel,java.lang.String,int)>":"2"
			}
		},
		{
			"method":"<android.database.DatabaseUtils: void readExceptionFromParcel(android.os.Parcel,java.lang.String,int)>",
			"message":"",
			"relatedVarType":"Parameter",
			"relatedCondType":"Basic",
			"modifier":"private",
			"type":"android.database.sqlite.SQLiteFullException",
			"osVersionRelated":false,
			"resourceRelated":false,
			"assessRelated":false,
			"hardwareRelated":false,
			"manifestRelated":false,
			"conditions":"i0",
			"paramValues":"@parameter2: int",
			"relatedValues":"@parameter2: int; ; ",
			"keyAPISameClassNum":0,
			"keyAPIDiffClassNum":0,
			"keyAPISameClass":[
				{
					"trace":[
						"<android.database.DatabaseUtils: void readExceptionFromParcel(android.os.Parcel,java.lang.String,int)>"
					],
					"depth":0,
					"method":"<android.database.DatabaseUtils: void readExceptionFromParcel(android.os.Parcel,java.lang.String,int)>",
					"source":"CALLER"
				},
				{
					"trace":[
						"<android.database.DatabaseUtils: void readExceptionFromParcel(android.os.Parcel)>",
						"<android.database.DatabaseUtils: void readExceptionFromParcel(android.os.Parcel,java.lang.String,int)>"
					],
					"depth":1,
					"method":"<android.database.DatabaseUtils: void readExceptionFromParcel(android.os.Parcel)>",
					"source":"CALLER"
				},
				{
					"trace":[
						"<android.database.DatabaseUtils: void readExceptionWithOperationApplicationExceptionFromParcel(android.os.Parcel)>",
						"<android.database.DatabaseUtils: void readExceptionFromParcel(android.os.Parcel,java.lang.String,int)>"
					],
					"depth":1,
					"method":"<android.database.DatabaseUtils: void readExceptionWithOperationApplicationExceptionFromParcel(android.os.Parcel)>",
					"source":"CALLER"
				},
				{
					"trace":[
						"<android.database.DatabaseUtils: void readExceptionWithFileNotFoundExceptionFromParcel(android.os.Parcel)>",
						"<android.database.DatabaseUtils: void readExceptionFromParcel(android.os.Parcel,java.lang.String,int)>"
					],
					"depth":1,
					"method":"<android.database.DatabaseUtils: void readExceptionWithFileNotFoundExceptionFromParcel(android.os.Parcel)>",
					"source":"CALLER"
				}
			],
			"keyAPIDiffClass":[],
			"callerOfSingnlar2SourceVar":{
				"<android.database.DatabaseUtils: void readExceptionFromParcel(android.os.Parcel,java.lang.String,int)>":"2"
			}
		}
	]
}