{
	"exceptions":[
		{
			"method":"<android.graphics.BitmapFactory: android.graphics.Bitmap decodeResource(android.content.res.Resources,int,android.graphics.BitmapFactory$Options)>",
			"message":"\\QProblem decoding into existing bitmap\\E",
			"relatedVarType":"Parameter",
			"relatedCondType":"Basic",
			"modifier":"public",
			"type":"java.lang.IllegalArgumentException",
			"osVersionRelated":false,
			"resourceRelated":true,
			"assessRelated":false,
			"hardwareRelated":false,
			"manifestRelated":false,
			"conditions":"$r3 == null, r0 == null, r12 != null",
			"paramValues":"@parameter2: android.graphics.BitmapFactory$Options, @parameter0: android.content.res.Resources, @parameter1: int",
			"relatedValues":"@parameter2: android.graphics.BitmapFactory$Options, @parameter0: android.content.res.Resources, @parameter1: int; ; ",
			"keyAPISameClassNum":0,
			"keyAPIDiffClassNum":0,
			"keyAPISameClass":[
				{
					"trace":[
						"<android.graphics.BitmapFactory: android.graphics.Bitmap decodeResource(android.content.res.Resources,int,android.graphics.BitmapFactory$Options)>"
					],
					"depth":0,
					"method":"<android.graphics.BitmapFactory: android.graphics.Bitmap decodeResource(android.content.res.Resources,int,android.graphics.BitmapFactory$Options)>",
					"source":"CALLER"
				},
				{
					"trace":[
						"<android.graphics.BitmapFactory: android.graphics.Bitmap decodeResource(android.content.res.Resources,int)>",
						"<android.graphics.BitmapFactory: android.graphics.Bitmap decodeResource(android.content.res.Resources,int,android.graphics.BitmapFactory$Options)>"
					],
					"depth":1,
					"method":"<android.graphics.BitmapFactory: android.graphics.Bitmap decodeResource(android.content.res.Resources,int)>",
					"source":"CALLER"
				}
			],
			"keyAPIDiffClass":[],
			"callerOfSingnlar2SourceVar":{
				"<android.graphics.BitmapFactory: android.graphics.Bitmap decodeResource(android.content.res.Resources,int)>":"0, 1",
				"<android.provider.Contacts$People: android.graphics.Bitmap loadPlaceholderPhoto(int,android.content.Context,android.graphics.BitmapFactory$Options)>":"2, 0",
				"<android.renderscript.Allocation: android.renderscript.Allocation createFromBitmapResource(android.renderscript.RenderScript,android.content.res.Resources,int)>":"1, 2",
				"<android.renderscript.Allocation: android.renderscript.Allocation createFromBitmapResource(android.renderscript.RenderScript,android.content.res.Resources,int,android.renderscript.Allocation$MipmapControl,int)>":"1, 2",
				"<android.provider.Contacts$People: android.graphics.Bitmap loadContactPhoto(android.content.Context,android.net.Uri,int,android.graphics.BitmapFactory$Options)>":"3, 2",
				"<android.graphics.BitmapFactory: android.graphics.Bitmap decodeResource(android.content.res.Resources,int,android.graphics.BitmapFactory$Options)>":"2, 0, 1"
			}
		},
		{
			"method":"<android.graphics.BitmapFactory: android.graphics.Bitmap decodeByteArray(byte[],int,int,android.graphics.BitmapFactory$Options)>",
			"message":"\\QProblem decoding into existing bitmap\\E",
			"relatedVarType":"Parameter",
			"relatedCondType":"Basic",
			"modifier":"public",
			"type":"java.lang.IllegalArgumentException",
			"osVersionRelated":false,
			"resourceRelated":false,
			"assessRelated":false,
			"hardwareRelated":false,
			"manifestRelated":false,
			"conditions":"$r4 == null, r2 == null, r3 != null",
			"paramValues":"@parameter3: android.graphics.BitmapFactory$Options, @parameter0: byte[], @parameter1: int, @parameter2: int",
			"relatedValues":"@parameter3: android.graphics.BitmapFactory$Options, @parameter0: byte[], @parameter1: int, @parameter2: int; ; ",
			"keyAPISameClassNum":0,
			"keyAPIDiffClassNum":0,
			"keyAPISameClass":[
				{
					"trace":[
						"<android.graphics.BitmapFactory: android.graphics.Bitmap decodeByteArray(byte[],int,int,android.graphics.BitmapFactory$Options)>"
					],
					"depth":0,
					"method":"<android.graphics.BitmapFactory: android.graphics.Bitmap decodeByteArray(byte[],int,int,android.graphics.BitmapFactory$Options)>",
					"source":"CALLER"
				},
				{
					"trace":[
						"<android.graphics.BitmapFactory: android.graphics.Bitmap decodeByteArray(byte[],int,int)>",
						"<android.graphics.BitmapFactory: android.graphics.Bitmap decodeByteArray(byte[],int,int,android.graphics.BitmapFactory$Options)>"
					],
					"depth":1,
					"method":"<android.graphics.BitmapFactory: android.graphics.Bitmap decodeByteArray(byte[],int,int)>",
					"source":"CALLER"
				}
			],
			"keyAPIDiffClass":[],
			"callerOfSingnlar2SourceVar":{
				"<android.hardware.radio.RadioMetadata: int putBitmapFromNative(int,byte[])>":"1",
				"<android.graphics.BitmapFactory: android.graphics.Bitmap decodeByteArray(byte[],int,int)>":"0, 1, 2",
				"<android.graphics.BitmapFactory: android.graphics.Bitmap decodeByteArray(byte[],int,int,android.graphics.BitmapFactory$Options)>":"3, 0, 1, 2"
			}
		},
		{
			"method":"<android.graphics.BitmapFactory: android.graphics.Bitmap decodeByteArray(byte[],int,int,android.graphics.BitmapFactory$Options)>",
			"message":"[\\s\\S]*",
			"relatedVarType":"Parameter",
			"relatedCondType":"Basic",
			"modifier":"public",
			"type":"java.lang.ArrayIndexOutOfBoundsException",
			"osVersionRelated":false,
			"resourceRelated":false,
			"assessRelated":false,
			"hardwareRelated":false,
			"manifestRelated":false,
			"conditions":"$i2 < 0, $i4 >= $i3",
			"paramValues":"@parameter1: int, @parameter2: int, @parameter0: byte[]",
			"relatedValues":"@parameter1: int, @parameter2: int, @parameter0: byte[]; ; ",
			"keyAPISameClassNum":0,
			"keyAPIDiffClassNum":0,
			"keyAPISameClass":[
				{
					"trace":[
						"<android.graphics.BitmapFactory: android.graphics.Bitmap decodeByteArray(byte[],int,int,android.graphics.BitmapFactory$Options)>"
					],
					"depth":0,
					"method":"<android.graphics.BitmapFactory: android.graphics.Bitmap decodeByteArray(byte[],int,int,android.graphics.BitmapFactory$Options)>",
					"source":"CALLER"
				},
				{
					"trace":[
						"<android.graphics.BitmapFactory: android.graphics.Bitmap decodeByteArray(byte[],int,int)>",
						"<android.graphics.BitmapFactory: android.graphics.Bitmap decodeByteArray(byte[],int,int,android.graphics.BitmapFactory$Options)>"
					],
					"depth":1,
					"method":"<android.graphics.BitmapFactory: android.graphics.Bitmap decodeByteArray(byte[],int,int)>",
					"source":"CALLER"
				}
			],
			"keyAPIDiffClass":[],
			"callerOfSingnlar2SourceVar":{
				"<android.hardware.radio.RadioMetadata: int putBitmapFromNative(int,byte[])>":"1",
				"<android.graphics.BitmapFactory: android.graphics.Bitmap decodeByteArray(byte[],int,int)>":"1, 2, 0",
				"<android.graphics.BitmapFactory: android.graphics.Bitmap decodeByteArray(byte[],int,int,android.graphics.BitmapFactory$Options)>":"1, 2, 0"
			}
		},
		{
			"method":"<android.graphics.BitmapFactory: android.graphics.Bitmap decodeStream(java.io.InputStream,android.graphics.Rect,android.graphics.BitmapFactory$Options)>",
			"message":"\\QProblem decoding into existing bitmap\\E",
			"relatedVarType":"Parameter",
			"relatedCondType":"Basic",
			"modifier":"public",
			"type":"java.lang.IllegalArgumentException",
			"osVersionRelated":false,
			"resourceRelated":false,
			"assessRelated":true,
			"hardwareRelated":false,
			"manifestRelated":false,
			"conditions":"$r3 == null, r1 == null, r8 != null",
			"paramValues":"@parameter2: android.graphics.BitmapFactory$Options, @parameter0: java.io.InputStream, @parameter1: android.graphics.Rect",
			"relatedValues":"@parameter2: android.graphics.BitmapFactory$Options, @parameter0: java.io.InputStream, @parameter1: android.graphics.Rect; ; ",
			"keyAPISameClassNum":0,
			"keyAPIDiffClassNum":0,
			"keyAPISameClass":[
				{
					"trace":[
						"<android.graphics.BitmapFactory: android.graphics.Bitmap decodeStream(java.io.InputStream,android.graphics.Rect,android.graphics.BitmapFactory$Options)>"
					],
					"depth":0,
					"method":"<android.graphics.BitmapFactory: android.graphics.Bitmap decodeStream(java.io.InputStream,android.graphics.Rect,android.graphics.BitmapFactory$Options)>",
					"source":"CALLER"
				},
				{
					"trace":[
						"<android.graphics.BitmapFactory: android.graphics.Bitmap decodeResourceStream(android.content.res.Resources,android.util.TypedValue,java.io.InputStream,android.graphics.Rect,android.graphics.BitmapFactory$Options)>",
						"<android.graphics.BitmapFactory: android.graphics.Bitmap decodeStream(java.io.InputStream,android.graphics.Rect,android.graphics.BitmapFactory$Options)>"
					],
					"depth":1,
					"method":"<android.graphics.BitmapFactory: android.graphics.Bitmap decodeResourceStream(android.content.res.Resources,android.util.TypedValue,java.io.InputStream,android.graphics.Rect,android.graphics.BitmapFactory$Options)>",
					"source":"CALLER"
				},
				{
					"trace":[
						"<android.graphics.BitmapFactory: android.graphics.Bitmap decodeFile(java.lang.String,android.graphics.BitmapFactory$Options)>",
						"<android.graphics.BitmapFactory: android.graphics.Bitmap decodeStream(java.io.InputStream,android.graphics.Rect,android.graphics.BitmapFactory$Options)>"
					],
					"depth":1,
					"method":"<android.graphics.BitmapFactory: android.graphics.Bitmap decodeFile(java.lang.String,android.graphics.BitmapFactory$Options)>",
					"source":"CALLER"
				},
				{
					"trace":[
						"<android.graphics.BitmapFactory: android.graphics.Bitmap decodeStream(java.io.InputStream)>",
						"<android.graphics.BitmapFactory: android.graphics.Bitmap decodeStream(java.io.InputStream,android.graphics.Rect,android.graphics.BitmapFactory$Options)>"
					],
					"depth":1,
					"method":"<android.graphics.BitmapFactory: android.graphics.Bitmap decodeStream(java.io.InputStream)>",
					"source":"CALLER"
				},
				{
					"trace":[
						"<android.graphics.BitmapFactory: android.graphics.Bitmap decodeResource(android.content.res.Resources,int,android.graphics.BitmapFactory$Options)>",
						"<android.graphics.BitmapFactory: android.graphics.Bitmap decodeResourceStream(android.content.res.Resources,android.util.TypedValue,java.io.InputStream,android.graphics.Rect,android.graphics.BitmapFactory$Options)>",
						"<android.graphics.BitmapFactory: android.graphics.Bitmap decodeStream(java.io.InputStream,android.graphics.Rect,android.graphics.BitmapFactory$Options)>"
					],
					"depth":2,
					"method":"<android.graphics.BitmapFactory: android.graphics.Bitmap decodeResource(android.content.res.Resources,int,android.graphics.BitmapFactory$Options)>",
					"source":"CALLER"
				},
				{
					"trace":[
						"<android.graphics.BitmapFactory: android.graphics.Bitmap decodeFile(java.lang.String)>",
						"<android.graphics.BitmapFactory: android.graphics.Bitmap decodeFile(java.lang.String,android.graphics.BitmapFactory$Options)>",
						"<android.graphics.BitmapFactory: android.graphics.Bitmap decodeStream(java.io.InputStream,android.graphics.Rect,android.graphics.BitmapFactory$Options)>"
					],
					"depth":2,
					"method":"<android.graphics.BitmapFactory: android.graphics.Bitmap decodeFile(java.lang.String)>",
					"source":"CALLER"
				},
				{
					"trace":[
						"<android.graphics.BitmapFactory: android.graphics.Bitmap decodeResource(android.content.res.Resources,int)>",
						"<android.graphics.BitmapFactory: android.graphics.Bitmap decodeResource(android.content.res.Resources,int,android.graphics.BitmapFactory$Options)>",
						"<android.graphics.BitmapFactory: android.graphics.Bitmap decodeResourceStream(android.content.res.Resources,android.util.TypedValue,java.io.InputStream,android.graphics.Rect,android.graphics.BitmapFactory$Options)>",
						"<android.graphics.BitmapFactory: android.graphics.Bitmap decodeStream(java.io.InputStream,android.graphics.Rect,android.graphics.BitmapFactory$Options)>"
					],
					"depth":3,
					"method":"<android.graphics.BitmapFactory: android.graphics.Bitmap decodeResource(android.content.res.Resources,int)>",
					"source":"CALLER"
				}
			],
			"keyAPIDiffClass":[
				{
					"trace":[
						"<android.graphics.drawable.Drawable: android.graphics.drawable.Drawable createFromResourceStream(android.content.res.Resources,android.util.TypedValue,java.io.InputStream,java.lang.String,android.graphics.BitmapFactory$Options)>",
						"<android.graphics.BitmapFactory: android.graphics.Bitmap decodeResourceStream(android.content.res.Resources,android.util.TypedValue,java.io.InputStream,android.graphics.Rect,android.graphics.BitmapFactory$Options)>",
						"<android.graphics.BitmapFactory: android.graphics.Bitmap decodeStream(java.io.InputStream,android.graphics.Rect,android.graphics.BitmapFactory$Options)>"
					],
					"depth":2,
					"method":"<android.graphics.drawable.Drawable: android.graphics.drawable.Drawable createFromResourceStream(android.content.res.Resources,android.util.TypedValue,java.io.InputStream,java.lang.String,android.graphics.BitmapFactory$Options)>",
					"source":"CALLER"
				},
				{
					"trace":[
						"<android.graphics.drawable.Icon: android.graphics.drawable.Icon createFromStream(java.io.InputStream)>",
						"<android.graphics.BitmapFactory: android.graphics.Bitmap decodeStream(java.io.InputStream)>",
						"<android.graphics.BitmapFactory: android.graphics.Bitmap decodeStream(java.io.InputStream,android.graphics.Rect,android.graphics.BitmapFactory$Options)>"
					],
					"depth":2,
					"method":"<android.graphics.drawable.Icon: android.graphics.drawable.Icon createFromStream(java.io.InputStream)>",
					"source":"CALLER"
				},
				{
					"trace":[
						"<android.graphics.drawable.BitmapDrawable: void <init>(android.content.res.Resources,java.io.InputStream)>",
						"<android.graphics.BitmapFactory: android.graphics.Bitmap decodeStream(java.io.InputStream)>",
						"<android.graphics.BitmapFactory: android.graphics.Bitmap decodeStream(java.io.InputStream,android.graphics.Rect,android.graphics.BitmapFactory$Options)>"
					],
					"depth":2,
					"method":"<android.graphics.drawable.BitmapDrawable: void <init>(android.content.res.Resources,java.io.InputStream)>",
					"source":"CALLER"
				},
				{
					"trace":[
						"<android.graphics.drawable.BitmapDrawable: void <init>(java.io.InputStream)>",
						"<android.graphics.BitmapFactory: android.graphics.Bitmap decodeStream(java.io.InputStream)>",
						"<android.graphics.BitmapFactory: android.graphics.Bitmap decodeStream(java.io.InputStream,android.graphics.Rect,android.graphics.BitmapFactory$Options)>"
					],
					"depth":2,
					"method":"<android.graphics.drawable.BitmapDrawable: void <init>(java.io.InputStream)>",
					"source":"CALLER"
				},
				{
					"trace":[
						"<android.graphics.drawable.Drawable: android.graphics.drawable.Drawable createFromResourceStream(android.content.res.Resources,android.util.TypedValue,java.io.InputStream,java.lang.String)>",
						"<android.graphics.drawable.Drawable: android.graphics.drawable.Drawable createFromResourceStream(android.content.res.Resources,android.util.TypedValue,java.io.InputStream,java.lang.String,android.graphics.BitmapFactory$Options)>",
						"<android.graphics.BitmapFactory: android.graphics.Bitmap decodeResourceStream(android.content.res.Resources,android.util.TypedValue,java.io.InputStream,android.graphics.Rect,android.graphics.BitmapFactory$Options)>",
						"<android.graphics.BitmapFactory: android.graphics.Bitmap decodeStream(java.io.InputStream,android.graphics.Rect,android.graphics.BitmapFactory$Options)>"
					],
					"depth":3,
					"method":"<android.graphics.drawable.Drawable: android.graphics.drawable.Drawable createFromResourceStream(android.content.res.Resources,android.util.TypedValue,java.io.InputStream,java.lang.String)>",
					"source":"CALLER"
				},
				{
					"trace":[
						"<android.graphics.drawable.BitmapDrawable: void applyTheme(android.content.res.Resources$Theme)>",
						"<android.graphics.drawable.BitmapDrawable: void updateStateFromTypedArray(android.content.res.TypedArray,int)>",
						"<android.graphics.BitmapFactory: android.graphics.Bitmap decodeResourceStream(android.content.res.Resources,android.util.TypedValue,java.io.InputStream,android.graphics.Rect,android.graphics.BitmapFactory$Options)>",
						"<android.graphics.BitmapFactory: android.graphics.Bitmap decodeStream(java.io.InputStream,android.graphics.Rect,android.graphics.BitmapFactory$Options)>"
					],
					"depth":3,
					"method":"<android.graphics.drawable.BitmapDrawable: void applyTheme(android.content.res.Resources$Theme)>",
					"source":"CALLER"
				},
				{
					"trace":[
						"<android.graphics.drawable.BitmapDrawable: void inflate(android.content.res.Resources,org.xmlpull.v1.XmlPullParser,android.util.AttributeSet,android.content.res.Resources$Theme)>",
						"<android.graphics.drawable.BitmapDrawable: void updateStateFromTypedArray(android.content.res.TypedArray,int)>",
						"<android.graphics.BitmapFactory: android.graphics.Bitmap decodeResourceStream(android.content.res.Resources,android.util.TypedValue,java.io.InputStream,android.graphics.Rect,android.graphics.BitmapFactory$Options)>",
						"<android.graphics.BitmapFactory: android.graphics.Bitmap decodeStream(java.io.InputStream,android.graphics.Rect,android.graphics.BitmapFactory$Options)>"
					],
					"depth":3,
					"method":"<android.graphics.drawable.BitmapDrawable: void inflate(android.content.res.Resources,org.xmlpull.v1.XmlPullParser,android.util.AttributeSet,android.content.res.Resources$Theme)>",
					"source":"CALLER"
				},
				{
					"trace":[
						"<android.graphics.drawable.NinePatchDrawable: void applyTheme(android.content.res.Resources$Theme)>",
						"<android.graphics.drawable.NinePatchDrawable: void updateStateFromTypedArray(android.content.res.TypedArray)>",
						"<android.graphics.BitmapFactory: android.graphics.Bitmap decodeResourceStream(android.content.res.Resources,android.util.TypedValue,java.io.InputStream,android.graphics.Rect,android.graphics.BitmapFactory$Options)>",
						"<android.graphics.BitmapFactory: android.graphics.Bitmap decodeStream(java.io.InputStream,android.graphics.Rect,android.graphics.BitmapFactory$Options)>"
					],
					"depth":3,
					"method":"<android.graphics.drawable.NinePatchDrawable: void applyTheme(android.content.res.Resources$Theme)>",
					"source":"CALLER"
				},
				{
					"trace":[
						"<android.graphics.drawable.NinePatchDrawable: void inflate(android.content.res.Resources,org.xmlpull.v1.XmlPullParser,android.util.AttributeSet,android.content.res.Resources$Theme)>",
						"<android.graphics.drawable.NinePatchDrawable: void updateStateFromTypedArray(android.content.res.TypedArray)>",
						"<android.graphics.BitmapFactory: android.graphics.Bitmap decodeResourceStream(android.content.res.Resources,android.util.TypedValue,java.io.InputStream,android.graphics.Rect,android.graphics.BitmapFactory$Options)>",
						"<android.graphics.BitmapFactory: android.graphics.Bitmap decodeStream(java.io.InputStream,android.graphics.Rect,android.graphics.BitmapFactory$Options)>"
					],
					"depth":3,
					"method":"<android.graphics.drawable.NinePatchDrawable: void inflate(android.content.res.Resources,org.xmlpull.v1.XmlPullParser,android.util.AttributeSet,android.content.res.Resources$Theme)>",
					"source":"CALLER"
				},
				{
					"trace":[
						"<android.graphics.drawable.Drawable: android.graphics.drawable.Drawable createFromPath(java.lang.String)>",
						"<android.graphics.BitmapFactory: android.graphics.Bitmap decodeFile(java.lang.String)>",
						"<android.graphics.BitmapFactory: android.graphics.Bitmap decodeFile(java.lang.String,android.graphics.BitmapFactory$Options)>",
						"<android.graphics.BitmapFactory: android.graphics.Bitmap decodeStream(java.io.InputStream,android.graphics.Rect,android.graphics.BitmapFactory$Options)>"
					],
					"depth":3,
					"method":"<android.graphics.drawable.Drawable: android.graphics.drawable.Drawable createFromPath(java.lang.String)>",
					"source":"CALLER"
				},
				{
					"trace":[
						"<android.graphics.drawable.BitmapDrawable: void <init>(android.content.res.Resources,java.lang.String)>",
						"<android.graphics.BitmapFactory: android.graphics.Bitmap decodeFile(java.lang.String)>",
						"<android.graphics.BitmapFactory: android.graphics.Bitmap decodeFile(java.lang.String,android.graphics.BitmapFactory$Options)>",
						"<android.graphics.BitmapFactory: android.graphics.Bitmap decodeStream(java.io.InputStream,android.graphics.Rect,android.graphics.BitmapFactory$Options)>"
					],
					"depth":3,
					"method":"<android.graphics.drawable.BitmapDrawable: void <init>(android.content.res.Resources,java.lang.String)>",
					"source":"CALLER"
				},
				{
					"trace":[
						"<android.graphics.drawable.BitmapDrawable: void <init>(java.lang.String)>",
						"<android.graphics.BitmapFactory: android.graphics.Bitmap decodeFile(java.lang.String)>",
						"<android.graphics.BitmapFactory: android.graphics.Bitmap decodeFile(java.lang.String,android.graphics.BitmapFactory$Options)>",
						"<android.graphics.BitmapFactory: android.graphics.Bitmap decodeStream(java.io.InputStream,android.graphics.Rect,android.graphics.BitmapFactory$Options)>"
					],
					"depth":3,
					"method":"<android.graphics.drawable.BitmapDrawable: void <init>(java.lang.String)>",
					"source":"CALLER"
				},
				{
					"trace":[
						"<android.graphics.drawable.Icon: android.graphics.drawable.Drawable loadDrawable(android.content.Context)>",
						"<android.graphics.drawable.Icon: android.graphics.drawable.Drawable loadDrawableInner(android.content.Context)>",
						"<android.graphics.BitmapFactory: android.graphics.Bitmap decodeStream(java.io.InputStream)>",
						"<android.graphics.BitmapFactory: android.graphics.Bitmap decodeStream(java.io.InputStream,android.graphics.Rect,android.graphics.BitmapFactory$Options)>"
					],
					"depth":3,
					"method":"<android.graphics.drawable.Icon: android.graphics.drawable.Drawable loadDrawable(android.content.Context)>",
					"source":"CALLER"
				},
				{
					"trace":[
						"<android.graphics.drawable.Drawable: android.graphics.drawable.Drawable createFromStream(java.io.InputStream,java.lang.String)>",
						"<android.graphics.drawable.Drawable: android.graphics.drawable.Drawable createFromResourceStream(android.content.res.Resources,android.util.TypedValue,java.io.InputStream,java.lang.String)>",
						"<android.graphics.drawable.Drawable: android.graphics.drawable.Drawable createFromResourceStream(android.content.res.Resources,android.util.TypedValue,java.io.InputStream,java.lang.String,android.graphics.BitmapFactory$Options)>",
						"<android.graphics.BitmapFactory: android.graphics.Bitmap decodeResourceStream(android.content.res.Resources,android.util.TypedValue,java.io.InputStream,android.graphics.Rect,android.graphics.BitmapFactory$Options)>",
						"<android.graphics.BitmapFactory: android.graphics.Bitmap decodeStream(java.io.InputStream,android.graphics.Rect,android.graphics.BitmapFactory$Options)>"
					],
					"depth":4,
					"method":"<android.graphics.drawable.Drawable: android.graphics.drawable.Drawable createFromStream(java.io.InputStream,java.lang.String)>",
					"source":"CALLER"
				},
				{
					"trace":[
						"<android.graphics.drawable.Icon: android.graphics.drawable.Drawable loadDrawableAsUser(android.content.Context,int)>",
						"<android.graphics.drawable.Icon: android.graphics.drawable.Drawable loadDrawable(android.content.Context)>",
						"<android.graphics.drawable.Icon: android.graphics.drawable.Drawable loadDrawableInner(android.content.Context)>",
						"<android.graphics.BitmapFactory: android.graphics.Bitmap decodeStream(java.io.InputStream)>",
						"<android.graphics.BitmapFactory: android.graphics.Bitmap decodeStream(java.io.InputStream,android.graphics.Rect,android.graphics.BitmapFactory$Options)>"
					],
					"depth":4,
					"method":"<android.graphics.drawable.Icon: android.graphics.drawable.Drawable loadDrawableAsUser(android.content.Context,int)>",
					"source":"CALLER"
				}
			],
			"callerOfSingnlar2SourceVar":{
				"<android.graphics.BitmapFactory: android.graphics.Bitmap decodeResourceStream(android.content.res.Resources,android.util.TypedValue,java.io.InputStream,android.graphics.Rect,android.graphics.BitmapFactory$Options)>":"4, 2, 3",
				"<android.graphics.drawable.Drawable: android.graphics.drawable.Drawable createFromResourceStream(android.content.res.Resources,android.util.TypedValue,java.io.InputStream,java.lang.String,android.graphics.BitmapFactory$Options)>":"4, 2",
				"<android.provider.Contacts$People: android.graphics.Bitmap loadPlaceholderPhoto(int,android.content.Context,android.graphics.BitmapFactory$Options)>":"2",
				"<android.graphics.BitmapFactory: android.graphics.Bitmap decodeFile(java.lang.String,android.graphics.BitmapFactory$Options)>":"1",
				"<android.graphics.drawable.Drawable: android.graphics.drawable.Drawable createFromStream(java.io.InputStream,java.lang.String)>":"0",
				"<android.graphics.BitmapFactory: android.graphics.Bitmap decodeStream(java.io.InputStream)>":"0",
				"<android.graphics.BitmapFactory: android.graphics.Bitmap decodeResource(android.content.res.Resources,int,android.graphics.BitmapFactory$Options)>":"2",
				"<android.provider.Contacts$People: android.graphics.Bitmap loadContactPhoto(android.content.Context,android.net.Uri,int,android.graphics.BitmapFactory$Options)>":"3",
				"<android.graphics.BitmapFactory: android.graphics.Bitmap decodeStream(java.io.InputStream,android.graphics.Rect,android.graphics.BitmapFactory$Options)>":"2, 0, 1",
				"<android.graphics.drawable.Drawable: android.graphics.drawable.Drawable createFromResourceStream(android.content.res.Resources,android.util.TypedValue,java.io.InputStream,java.lang.String)>":"2",
				"<android.graphics.drawable.BitmapDrawable: void <init>(android.content.res.Resources,java.io.InputStream)>":"1",
				"<android.graphics.drawable.BitmapDrawable: void <init>(java.io.InputStream)>":"0"
			}
		},
		{
			"method":"<android.graphics.BitmapFactory: android.graphics.Bitmap decodeFileDescriptor(java.io.FileDescriptor,android.graphics.Rect,android.graphics.BitmapFactory$Options)>",
			"message":"\\QProblem decoding into existing bitmap\\E",
			"relatedVarType":"Parameter",
			"relatedCondType":"Basic",
			"modifier":"public",
			"type":"java.lang.IllegalArgumentException",
			"osVersionRelated":false,
			"resourceRelated":false,
			"assessRelated":false,
			"hardwareRelated":false,
			"manifestRelated":false,
			"conditions":"$r5 == null, r0 == null, r15 != null",
			"paramValues":"@parameter2: android.graphics.BitmapFactory$Options, @parameter0: java.io.FileDescriptor, @parameter1: android.graphics.Rect",
			"relatedValues":"@parameter2: android.graphics.BitmapFactory$Options, @parameter0: java.io.FileDescriptor, @parameter1: android.graphics.Rect; ; ",
			"keyAPISameClassNum":0,
			"keyAPIDiffClassNum":0,
			"keyAPISameClass":[
				{
					"trace":[
						"<android.graphics.BitmapFactory: android.graphics.Bitmap decodeFileDescriptor(java.io.FileDescriptor,android.graphics.Rect,android.graphics.BitmapFactory$Options)>"
					],
					"depth":0,
					"method":"<android.graphics.BitmapFactory: android.graphics.Bitmap decodeFileDescriptor(java.io.FileDescriptor,android.graphics.Rect,android.graphics.BitmapFactory$Options)>",
					"source":"CALLER"
				},
				{
					"trace":[
						"<android.graphics.BitmapFactory: android.graphics.Bitmap decodeFileDescriptor(java.io.FileDescriptor)>",
						"<android.graphics.BitmapFactory: android.graphics.Bitmap decodeFileDescriptor(java.io.FileDescriptor,android.graphics.Rect,android.graphics.BitmapFactory$Options)>"
					],
					"depth":1,
					"method":"<android.graphics.BitmapFactory: android.graphics.Bitmap decodeFileDescriptor(java.io.FileDescriptor)>",
					"source":"CALLER"
				}
			],
			"keyAPIDiffClass":[],
			"callerOfSingnlar2SourceVar":{
				"<android.provider.MediaStore$Video$Thumbnails: android.graphics.Bitmap getThumbnail(android.content.ContentResolver,long,int,android.graphics.BitmapFactory$Options)>":"3",
				"<android.provider.MediaStore$Video$Thumbnails: android.graphics.Bitmap getThumbnail(android.content.ContentResolver,long,long,int,android.graphics.BitmapFactory$Options)>":"4",
				"<android.provider.MediaStore$Images$Thumbnails: android.graphics.Bitmap getThumbnail(android.content.ContentResolver,long,long,int,android.graphics.BitmapFactory$Options)>":"4",
				"<android.graphics.BitmapFactory: android.graphics.Bitmap decodeFileDescriptor(java.io.FileDescriptor,android.graphics.Rect,android.graphics.BitmapFactory$Options)>":"2, 0, 1",
				"<android.media.ThumbnailUtils: android.graphics.Bitmap makeBitmap(int,int,android.net.Uri,android.content.ContentResolver,android.os.ParcelFileDescriptor,android.graphics.BitmapFactory$Options)>":"5",
				"<android.graphics.BitmapFactory: android.graphics.Bitmap decodeFileDescriptor(java.io.FileDescriptor)>":"0",
				"<android.provider.MediaStore$InternalThumbnails: android.graphics.Bitmap getMiniThumbFromFile(android.database.Cursor,android.net.Uri,android.content.ContentResolver,android.graphics.BitmapFactory$Options)>":"3",
				"<android.provider.MediaStore$Images$Thumbnails: android.graphics.Bitmap getThumbnail(android.content.ContentResolver,long,int,android.graphics.BitmapFactory$Options)>":"3",
				"<android.provider.MediaStore$InternalThumbnails: android.graphics.Bitmap getThumbnail(android.content.ContentResolver,long,long,int,android.graphics.BitmapFactory$Options,android.net.Uri,boolean)>":"4"
			}
		}
	]
}