{
	"exceptions":[
		{
			"method":"<android.hardware.camera2.legacy.RequestThreadManager$5: boolean handleMessage(android.os.Message)>",
			"message":"\\QUnhandled message \\E[\\s\\S]*\\Q on RequestThread.\\E",
			"relatedVarType":"ParaAndField",
			"relatedCondType":"Basic",
			"modifier":"public",
			"type":"java.lang.AssertionError",
			"osVersionRelated":false,
			"resourceRelated":false,
			"assessRelated":false,
			"hardwareRelated":true,
			"manifestRelated":false,
			"conditions":"$i1, $z0 == 0",
			"paramValues":"@parameter0: android.os.Message",
			"fieldValues":"<android.hardware.camera2.legacy.RequestThreadManager$5: boolean mCleanup>",
			"relatedValues":"@parameter0: android.os.Message; <android.hardware.camera2.legacy.RequestThreadManager$5: boolean mCleanup>; ",
			"keyAPISameClassNum":1,
			"keyAPIDiffClassNum":5,
			"keyAPISameClass":[
				{
					"trace":[
						"<android.hardware.camera2.legacy.RequestThreadManager$5: boolean handleMessage(android.os.Message)>"
					],
					"depth":1,
					"method":"<android.hardware.camera2.legacy.RequestThreadManager$5: boolean handleMessage(android.os.Message)>",
					"source":"FIELD"
				}
			],
			"keyAPIDiffClass":[
				{
					"trace":[
						"<android.hardware.camera2.legacy.RequestThreadManager: void <init>(int,android.hardware.Camera,android.hardware.camera2.CameraCharacteristics,android.hardware.camera2.legacy.CameraDeviceState)>",
						"<android.hardware.camera2.legacy.RequestThreadManager$5: void <init>(android.hardware.camera2.legacy.RequestThreadManager)>",
						"key field: <android.hardware.camera2.legacy.RequestThreadManager$5: boolean mCleanup>",
						"<android.hardware.camera2.legacy.RequestThreadManager$5: boolean handleMessage(android.os.Message)>"
					],
					"depth":2,
					"method":"<android.hardware.camera2.legacy.RequestThreadManager: void <init>(int,android.hardware.Camera,android.hardware.camera2.CameraCharacteristics,android.hardware.camera2.legacy.CameraDeviceState)>",
					"source":"FIELDCALLER"
				},
				{
					"trace":[
						"<android.hardware.camera2.legacy.LegacyCameraDevice: void <init>(int,android.hardware.Camera,android.hardware.camera2.CameraCharacteristics,android.hardware.camera2.ICameraDeviceCallbacks)>",
						"<android.hardware.camera2.legacy.RequestThreadManager: void <init>(int,android.hardware.Camera,android.hardware.camera2.CameraCharacteristics,android.hardware.camera2.legacy.CameraDeviceState)>",
						"<android.hardware.camera2.legacy.RequestThreadManager$5: void <init>(android.hardware.camera2.legacy.RequestThreadManager)>",
						"key field: <android.hardware.camera2.legacy.RequestThreadManager$5: boolean mCleanup>",
						"<android.hardware.camera2.legacy.RequestThreadManager$5: boolean handleMessage(android.os.Message)>"
					],
					"depth":3,
					"method":"<android.hardware.camera2.legacy.LegacyCameraDevice: void <init>(int,android.hardware.Camera,android.hardware.camera2.CameraCharacteristics,android.hardware.camera2.ICameraDeviceCallbacks)>",
					"source":"FIELDCALLER"
				},
				{
					"trace":[
						"<android.hardware.camera2.legacy.CameraDeviceUserShim: android.hardware.camera2.legacy.CameraDeviceUserShim connectBinderShim(android.hardware.camera2.ICameraDeviceCallbacks,int)>",
						"<android.hardware.camera2.legacy.LegacyCameraDevice: void <init>(int,android.hardware.Camera,android.hardware.camera2.CameraCharacteristics,android.hardware.camera2.ICameraDeviceCallbacks)>",
						"<android.hardware.camera2.legacy.RequestThreadManager: void <init>(int,android.hardware.Camera,android.hardware.camera2.CameraCharacteristics,android.hardware.camera2.legacy.CameraDeviceState)>",
						"<android.hardware.camera2.legacy.RequestThreadManager$5: void <init>(android.hardware.camera2.legacy.RequestThreadManager)>",
						"key field: <android.hardware.camera2.legacy.RequestThreadManager$5: boolean mCleanup>",
						"<android.hardware.camera2.legacy.RequestThreadManager$5: boolean handleMessage(android.os.Message)>"
					],
					"depth":4,
					"method":"<android.hardware.camera2.legacy.CameraDeviceUserShim: android.hardware.camera2.legacy.CameraDeviceUserShim connectBinderShim(android.hardware.camera2.ICameraDeviceCallbacks,int)>",
					"source":"FIELDCALLER"
				},
				{
					"trace":[
						"<android.hardware.camera2.CameraManager: void openCameraForUid(java.lang.String,android.hardware.camera2.CameraDevice$StateCallback,android.os.Handler,int)>",
						"<android.hardware.camera2.CameraManager: android.hardware.camera2.CameraDevice openCameraDeviceUserAsync(java.lang.String,android.hardware.camera2.CameraDevice$StateCallback,android.os.Handler,int)>",
						"<android.hardware.camera2.legacy.CameraDeviceUserShim: android.hardware.camera2.legacy.CameraDeviceUserShim connectBinderShim(android.hardware.camera2.ICameraDeviceCallbacks,int)>",
						"<android.hardware.camera2.legacy.LegacyCameraDevice: void <init>(int,android.hardware.Camera,android.hardware.camera2.CameraCharacteristics,android.hardware.camera2.ICameraDeviceCallbacks)>",
						"<android.hardware.camera2.legacy.RequestThreadManager: void <init>(int,android.hardware.Camera,android.hardware.camera2.CameraCharacteristics,android.hardware.camera2.legacy.CameraDeviceState)>",
						"<android.hardware.camera2.legacy.RequestThreadManager$5: void <init>(android.hardware.camera2.legacy.RequestThreadManager)>",
						"key field: <android.hardware.camera2.legacy.RequestThreadManager$5: boolean mCleanup>",
						"<android.hardware.camera2.legacy.RequestThreadManager$5: boolean handleMessage(android.os.Message)>"
					],
					"depth":6,
					"method":"<android.hardware.camera2.CameraManager: void openCameraForUid(java.lang.String,android.hardware.camera2.CameraDevice$StateCallback,android.os.Handler,int)>",
					"source":"FIELDCALLER"
				},
				{
					"trace":[
						"<android.hardware.camera2.CameraManager: void openCamera(java.lang.String,android.hardware.camera2.CameraDevice$StateCallback,android.os.Handler)>",
						"<android.hardware.camera2.CameraManager: void openCameraForUid(java.lang.String,android.hardware.camera2.CameraDevice$StateCallback,android.os.Handler,int)>",
						"<android.hardware.camera2.CameraManager: android.hardware.camera2.CameraDevice openCameraDeviceUserAsync(java.lang.String,android.hardware.camera2.CameraDevice$StateCallback,android.os.Handler,int)>",
						"<android.hardware.camera2.legacy.CameraDeviceUserShim: android.hardware.camera2.legacy.CameraDeviceUserShim connectBinderShim(android.hardware.camera2.ICameraDeviceCallbacks,int)>",
						"<android.hardware.camera2.legacy.LegacyCameraDevice: void <init>(int,android.hardware.Camera,android.hardware.camera2.CameraCharacteristics,android.hardware.camera2.ICameraDeviceCallbacks)>",
						"<android.hardware.camera2.legacy.RequestThreadManager: void <init>(int,android.hardware.Camera,android.hardware.camera2.CameraCharacteristics,android.hardware.camera2.legacy.CameraDeviceState)>",
						"<android.hardware.camera2.legacy.RequestThreadManager$5: void <init>(android.hardware.camera2.legacy.RequestThreadManager)>",
						"key field: <android.hardware.camera2.legacy.RequestThreadManager$5: boolean mCleanup>",
						"<android.hardware.camera2.legacy.RequestThreadManager$5: boolean handleMessage(android.os.Message)>"
					],
					"depth":7,
					"method":"<android.hardware.camera2.CameraManager: void openCamera(java.lang.String,android.hardware.camera2.CameraDevice$StateCallback,android.os.Handler)>",
					"source":"FIELDCALLER"
				}
			],
			"callerOfSingnlar2SourceVar":{
				"<android.hardware.camera2.legacy.RequestThreadManager$5: boolean handleMessage(android.os.Message)>":"0"
			}
		}
	]
}