{
	"exceptions":[
		{
			"method":"<android.filterpacks.base.ObjectSource: void process(android.filterfw.core.FilterContext)>",
			"message":"\\QObjectSource producing frame with no object set!\\E",
			"relatedVarType":"Field",
			"relatedCondType":"Basic",
			"modifier":"public",
			"type":"java.lang.NullPointerException",
			"osVersionRelated":false,
			"resourceRelated":false,
			"assessRelated":false,
			"hardwareRelated":false,
			"manifestRelated":false,
			"conditions":"$r3 != null, $r1 != null",
			"fieldValues":"<android.filterpacks.base.ObjectSource: java.lang.Object mObject>, <android.filterpacks.base.ObjectSource: android.filterfw.core.Frame mFrame>",
			"relatedValues":"; <android.filterpacks.base.ObjectSource: java.lang.Object mObject>, <android.filterpacks.base.ObjectSource: android.filterfw.core.Frame mFrame>; ",
			"keyAPISameClassNum":3,
			"keyAPIDiffClassNum":0,
			"keyAPISameClass":[
				{
					"trace":[
						"<android.filterpacks.base.ObjectSource: void process(android.filterfw.core.FilterContext)>"
					],
					"depth":1,
					"method":"<android.filterpacks.base.ObjectSource: void process(android.filterfw.core.FilterContext)>",
					"source":"FIELD"
				},
				{
					"trace":[
						"<android.filterpacks.base.ObjectSource: void process(android.filterfw.core.FilterContext)>"
					],
					"depth":1,
					"method":"<android.filterpacks.base.ObjectSource: void tearDown(android.filterfw.core.FilterContext)>",
					"source":"FIELD"
				},
				{
					"trace":[
						"<android.filterpacks.base.ObjectSource: void process(android.filterfw.core.FilterContext)>"
					],
					"depth":1,
					"method":"<android.filterpacks.base.ObjectSource: void fieldPortValueUpdated(java.lang.String,android.filterfw.core.FilterContext)>",
					"source":"FIELD"
				}
			],
			"keyAPIDiffClass":[],
			"callerOfSingnlar2SourceVar":{}
		}
	]
}