{
	"exceptions":[
		{
			"method":"<android.accounts.Account: void <init>(java.lang.String,java.lang.String,java.lang.String)>",
			"message":"\\Qthe name must not be empty: \\E[\\s\\S]*",
			"relatedVarType":"Parameter",
			"relatedCondType":"Basic",
			"modifier":"public",
			"type":"java.lang.IllegalArgumentException",
			"osVersionRelated":false,
			"resourceRelated":false,
			"assessRelated":false,
			"hardwareRelated":false,
			"manifestRelated":false,
			"conditions":"$z0 == 0",
			"paramValues":"@parameter0: java.lang.String",
			"relatedValues":"@parameter0: java.lang.String; ; ",
			"keyAPISameClassNum":0,
			"keyAPIDiffClassNum":0,
			"keyAPISameClass":[
				{
					"trace":[
						"<android.accounts.Account: void <init>(java.lang.String,java.lang.String,java.lang.String)>"
					],
					"depth":0,
					"method":"<android.accounts.Account: void <init>(java.lang.String,java.lang.String,java.lang.String)>",
					"source":"CALLER"
				},
				{
					"trace":[
						"<android.accounts.Account: void <init>(android.accounts.Account,java.lang.String)>",
						"<android.accounts.Account: void <init>(java.lang.String,java.lang.String,java.lang.String)>"
					],
					"depth":1,
					"method":"<android.accounts.Account: void <init>(android.accounts.Account,java.lang.String)>",
					"source":"CALLER"
				},
				{
					"trace":[
						"<android.accounts.Account: void <init>(java.lang.String,java.lang.String)>",
						"<android.accounts.Account: void <init>(java.lang.String,java.lang.String,java.lang.String)>"
					],
					"depth":1,
					"method":"<android.accounts.Account: void <init>(java.lang.String,java.lang.String)>",
					"source":"CALLER"
				}
			],
			"keyAPIDiffClass":[
				{
					"trace":[
						"<android.accounts.AccountManager$GetAuthTokenByTypeAndFeaturesTask: void run(android.accounts.AccountManagerFuture)>",
						"<android.accounts.Account: void <init>(java.lang.String,java.lang.String,java.lang.String)>"
					],
					"depth":1,
					"method":"<android.accounts.AccountManager$GetAuthTokenByTypeAndFeaturesTask: void run(android.accounts.AccountManagerFuture)>",
					"source":"CALLER"
				},
				{
					"trace":[
						"<android.accounts.AccountManagerCallback: void run(android.accounts.AccountManagerFuture)>",
						"<android.accounts.Account: void <init>(java.lang.String,java.lang.String,java.lang.String)>"
					],
					"depth":1,
					"method":"<android.accounts.AccountManagerCallback: void run(android.accounts.AccountManagerFuture)>",
					"source":"CALLER"
				},
				{
					"trace":[
						"<android.accounts.AccountManager$4: android.accounts.Account bundleToResult(android.os.Bundle)>",
						"<android.accounts.Account: void <init>(java.lang.String,java.lang.String,java.lang.String)>"
					],
					"depth":1,
					"method":"<android.accounts.AccountManager$4: android.accounts.Account bundleToResult(android.os.Bundle)>",
					"source":"CALLER"
				},
				{
					"trace":[
						"<android.accounts.AccountManager$4: java.lang.Object bundleToResult(android.os.Bundle)>",
						"<android.accounts.AccountManager$4: android.accounts.Account bundleToResult(android.os.Bundle)>",
						"<android.accounts.Account: void <init>(java.lang.String,java.lang.String,java.lang.String)>"
					],
					"depth":2,
					"method":"<android.accounts.AccountManager$4: java.lang.Object bundleToResult(android.os.Bundle)>",
					"source":"CALLER"
				},
				{
					"trace":[
						"<android.accounts.AccountManager$BaseFutureTask: java.lang.Object bundleToResult(android.os.Bundle)>",
						"<android.accounts.AccountManager$4: android.accounts.Account bundleToResult(android.os.Bundle)>",
						"<android.accounts.Account: void <init>(java.lang.String,java.lang.String,java.lang.String)>"
					],
					"depth":2,
					"method":"<android.accounts.AccountManager$BaseFutureTask: java.lang.Object bundleToResult(android.os.Bundle)>",
					"source":"CALLER"
				},
				{
					"trace":[
						"<android.accounts.AccountManager$GetAuthTokenByTypeAndFeaturesTask$1: void run(android.accounts.AccountManagerFuture)>",
						"<android.accounts.Account: void <init>(java.lang.String,java.lang.String)>",
						"<android.accounts.Account: void <init>(java.lang.String,java.lang.String,java.lang.String)>"
					],
					"depth":2,
					"method":"<android.accounts.AccountManager$GetAuthTokenByTypeAndFeaturesTask$1: void run(android.accounts.AccountManagerFuture)>",
					"source":"CALLER"
				},
				{
					"trace":[
						"<android.content.SyncInfo: void <init>(android.content.SyncInfo)>",
						"<android.accounts.Account: void <init>(java.lang.String,java.lang.String)>",
						"<android.accounts.Account: void <init>(java.lang.String,java.lang.String,java.lang.String)>"
					],
					"depth":2,
					"method":"<android.content.SyncInfo: void <init>(android.content.SyncInfo)>",
					"source":"CALLER"
				}
			],
			"callerOfSingnlar2SourceVar":{
				"<android.accounts.Account: void <init>(java.lang.String,java.lang.String)>":"0",
				"<android.accounts.Account: void <init>(java.lang.String,java.lang.String,java.lang.String)>":"0",
				"<android.accounts.ChooseTypeAndAccountActivity: void setResultAndFinish(java.lang.String,java.lang.String)>":"0"
			}
		},
		{
			"method":"<android.accounts.Account: void <init>(java.lang.String,java.lang.String,java.lang.String)>",
			"message":"\\Qthe type must not be empty: \\E[\\s\\S]*",
			"relatedVarType":"Parameter",
			"relatedCondType":"Basic",
			"modifier":"public",
			"type":"java.lang.IllegalArgumentException",
			"osVersionRelated":false,
			"resourceRelated":false,
			"assessRelated":false,
			"hardwareRelated":false,
			"manifestRelated":false,
			"conditions":"$z1 == 0, $z0 == 0",
			"paramValues":"@parameter1: java.lang.String, @parameter0: java.lang.String",
			"relatedValues":"@parameter1: java.lang.String, @parameter0: java.lang.String; ; ",
			"keyAPISameClassNum":0,
			"keyAPIDiffClassNum":0,
			"keyAPISameClass":[
				{
					"trace":[
						"<android.accounts.Account: void <init>(java.lang.String,java.lang.String,java.lang.String)>"
					],
					"depth":0,
					"method":"<android.accounts.Account: void <init>(java.lang.String,java.lang.String,java.lang.String)>",
					"source":"CALLER"
				},
				{
					"trace":[
						"<android.accounts.Account: void <init>(android.accounts.Account,java.lang.String)>",
						"<android.accounts.Account: void <init>(java.lang.String,java.lang.String,java.lang.String)>"
					],
					"depth":1,
					"method":"<android.accounts.Account: void <init>(android.accounts.Account,java.lang.String)>",
					"source":"CALLER"
				},
				{
					"trace":[
						"<android.accounts.Account: void <init>(java.lang.String,java.lang.String)>",
						"<android.accounts.Account: void <init>(java.lang.String,java.lang.String,java.lang.String)>"
					],
					"depth":1,
					"method":"<android.accounts.Account: void <init>(java.lang.String,java.lang.String)>",
					"source":"CALLER"
				}
			],
			"keyAPIDiffClass":[
				{
					"trace":[
						"<android.accounts.AccountManager$GetAuthTokenByTypeAndFeaturesTask: void run(android.accounts.AccountManagerFuture)>",
						"<android.accounts.Account: void <init>(java.lang.String,java.lang.String,java.lang.String)>"
					],
					"depth":1,
					"method":"<android.accounts.AccountManager$GetAuthTokenByTypeAndFeaturesTask: void run(android.accounts.AccountManagerFuture)>",
					"source":"CALLER"
				},
				{
					"trace":[
						"<android.accounts.AccountManagerCallback: void run(android.accounts.AccountManagerFuture)>",
						"<android.accounts.Account: void <init>(java.lang.String,java.lang.String,java.lang.String)>"
					],
					"depth":1,
					"method":"<android.accounts.AccountManagerCallback: void run(android.accounts.AccountManagerFuture)>",
					"source":"CALLER"
				},
				{
					"trace":[
						"<android.accounts.AccountManager$4: android.accounts.Account bundleToResult(android.os.Bundle)>",
						"<android.accounts.Account: void <init>(java.lang.String,java.lang.String,java.lang.String)>"
					],
					"depth":1,
					"method":"<android.accounts.AccountManager$4: android.accounts.Account bundleToResult(android.os.Bundle)>",
					"source":"CALLER"
				},
				{
					"trace":[
						"<android.accounts.AccountManager$4: java.lang.Object bundleToResult(android.os.Bundle)>",
						"<android.accounts.AccountManager$4: android.accounts.Account bundleToResult(android.os.Bundle)>",
						"<android.accounts.Account: void <init>(java.lang.String,java.lang.String,java.lang.String)>"
					],
					"depth":2,
					"method":"<android.accounts.AccountManager$4: java.lang.Object bundleToResult(android.os.Bundle)>",
					"source":"CALLER"
				},
				{
					"trace":[
						"<android.accounts.AccountManager$BaseFutureTask: java.lang.Object bundleToResult(android.os.Bundle)>",
						"<android.accounts.AccountManager$4: android.accounts.Account bundleToResult(android.os.Bundle)>",
						"<android.accounts.Account: void <init>(java.lang.String,java.lang.String,java.lang.String)>"
					],
					"depth":2,
					"method":"<android.accounts.AccountManager$BaseFutureTask: java.lang.Object bundleToResult(android.os.Bundle)>",
					"source":"CALLER"
				},
				{
					"trace":[
						"<android.accounts.AccountManager$GetAuthTokenByTypeAndFeaturesTask$1: void run(android.accounts.AccountManagerFuture)>",
						"<android.accounts.Account: void <init>(java.lang.String,java.lang.String)>",
						"<android.accounts.Account: void <init>(java.lang.String,java.lang.String,java.lang.String)>"
					],
					"depth":2,
					"method":"<android.accounts.AccountManager$GetAuthTokenByTypeAndFeaturesTask$1: void run(android.accounts.AccountManagerFuture)>",
					"source":"CALLER"
				},
				{
					"trace":[
						"<android.content.SyncInfo: void <init>(android.content.SyncInfo)>",
						"<android.accounts.Account: void <init>(java.lang.String,java.lang.String)>",
						"<android.accounts.Account: void <init>(java.lang.String,java.lang.String,java.lang.String)>"
					],
					"depth":2,
					"method":"<android.content.SyncInfo: void <init>(android.content.SyncInfo)>",
					"source":"CALLER"
				}
			],
			"callerOfSingnlar2SourceVar":{
				"<android.accounts.Account: void <init>(java.lang.String,java.lang.String)>":"1, 0",
				"<android.accounts.Account: void <init>(java.lang.String,java.lang.String,java.lang.String)>":"1, 0",
				"<android.accounts.ChooseTypeAndAccountActivity: void setResultAndFinish(java.lang.String,java.lang.String)>":"1, 0"
			}
		}
	]
}