{
	"exceptions":[
		{
			"method":"<android.hardware.camera2.marshal.MarshalHelpers: int getPrimitiveTypeSize(int)>",
			"message":"\\QUnknown type, can't get size for \\E[\\s\\S]*",
			"relatedVarType":"Parameter",
			"relatedCondType":"Basic",
			"modifier":"public",
			"type":"java.lang.UnsupportedOperationException",
			"osVersionRelated":false,
			"resourceRelated":false,
			"assessRelated":false,
			"hardwareRelated":true,
			"manifestRelated":false,
			"conditions":"i0",
			"paramValues":"@parameter0: int",
			"relatedValues":"@parameter0: int; ; ",
			"keyAPISameClassNum":0,
			"keyAPIDiffClassNum":0,
			"keyAPISameClass":[
				{
					"trace":[
						"<android.hardware.camera2.marshal.MarshalHelpers: int getPrimitiveTypeSize(int)>"
					],
					"depth":0,
					"method":"<android.hardware.camera2.marshal.MarshalHelpers: int getPrimitiveTypeSize(int)>",
					"source":"CALLER"
				}
			],
			"keyAPIDiffClass":[],
			"callerOfSingnlar2SourceVar":{
				"<android.hardware.camera2.marshal.MarshalHelpers: int getPrimitiveTypeSize(int)>":"0"
			}
		},
		{
			"method":"<android.hardware.camera2.marshal.MarshalHelpers: java.lang.Class checkPrimitiveClass(java.lang.Class)>",
			"message":"\\QUnsupported class '\\E[\\s\\S]*\\Q'; expected a metadata primitive class\\E",
			"relatedVarType":"Parameter",
			"relatedCondType":"Basic",
			"modifier":"public",
			"type":"java.lang.UnsupportedOperationException",
			"osVersionRelated":false,
			"resourceRelated":false,
			"assessRelated":false,
			"hardwareRelated":true,
			"manifestRelated":false,
			"conditions":"$z0 == 0",
			"paramValues":"@parameter0: java.lang.Class",
			"relatedValues":"@parameter0: java.lang.Class; ; ",
			"keyAPISameClassNum":0,
			"keyAPIDiffClassNum":0,
			"keyAPISameClass":[
				{
					"trace":[
						"<android.hardware.camera2.marshal.MarshalHelpers: java.lang.Class checkPrimitiveClass(java.lang.Class)>"
					],
					"depth":0,
					"method":"<android.hardware.camera2.marshal.MarshalHelpers: java.lang.Class checkPrimitiveClass(java.lang.Class)>",
					"source":"CALLER"
				}
			],
			"keyAPIDiffClass":[],
			"callerOfSingnlar2SourceVar":{
				"<android.hardware.camera2.marshal.MarshalHelpers: java.lang.Class checkPrimitiveClass(java.lang.Class)>":"0"
			}
		},
		{
			"method":"<android.hardware.camera2.marshal.MarshalHelpers: int checkNativeType(int)>",
			"message":"\\QUnknown nativeType \\E[\\s\\S]*",
			"relatedVarType":"Parameter",
			"relatedCondType":"Basic",
			"modifier":"public",
			"type":"java.lang.UnsupportedOperationException",
			"osVersionRelated":false,
			"resourceRelated":false,
			"assessRelated":false,
			"hardwareRelated":true,
			"manifestRelated":false,
			"conditions":"i0",
			"paramValues":"@parameter0: int",
			"relatedValues":"@parameter0: int; ; ",
			"keyAPISameClassNum":0,
			"keyAPIDiffClassNum":0,
			"keyAPISameClass":[
				{
					"trace":[
						"<android.hardware.camera2.marshal.MarshalHelpers: int checkNativeType(int)>"
					],
					"depth":0,
					"method":"<android.hardware.camera2.marshal.MarshalHelpers: int checkNativeType(int)>",
					"source":"CALLER"
				}
			],
			"keyAPIDiffClass":[
				{
					"trace":[
						"<android.hardware.camera2.marshal.impl.MarshalQueryableBoolean: android.hardware.camera2.marshal.Marshaler createMarshaler(android.hardware.camera2.utils.TypeReference,int)>",
						"<android.hardware.camera2.marshal.impl.MarshalQueryableBoolean$MarshalerBoolean: void <init>(android.hardware.camera2.marshal.impl.MarshalQueryableBoolean,android.hardware.camera2.utils.TypeReference,int)>",
						"<android.hardware.camera2.marshal.Marshaler: void <init>(android.hardware.camera2.marshal.MarshalQueryable,android.hardware.camera2.utils.TypeReference,int)>",
						"<android.hardware.camera2.marshal.MarshalHelpers: int checkNativeType(int)>"
					],
					"depth":3,
					"method":"<android.hardware.camera2.marshal.impl.MarshalQueryableBoolean: android.hardware.camera2.marshal.Marshaler createMarshaler(android.hardware.camera2.utils.TypeReference,int)>",
					"source":"CALLER"
				},
				{
					"trace":[
						"<android.hardware.camera2.marshal.MarshalQueryable: android.hardware.camera2.marshal.Marshaler createMarshaler(android.hardware.camera2.utils.TypeReference,int)>",
						"<android.hardware.camera2.marshal.impl.MarshalQueryableBoolean$MarshalerBoolean: void <init>(android.hardware.camera2.marshal.impl.MarshalQueryableBoolean,android.hardware.camera2.utils.TypeReference,int)>",
						"<android.hardware.camera2.marshal.Marshaler: void <init>(android.hardware.camera2.marshal.MarshalQueryable,android.hardware.camera2.utils.TypeReference,int)>",
						"<android.hardware.camera2.marshal.MarshalHelpers: int checkNativeType(int)>"
					],
					"depth":3,
					"method":"<android.hardware.camera2.marshal.MarshalQueryable: android.hardware.camera2.marshal.Marshaler createMarshaler(android.hardware.camera2.utils.TypeReference,int)>",
					"source":"CALLER"
				},
				{
					"trace":[
						"<android.hardware.camera2.marshal.impl.MarshalQueryableString: android.hardware.camera2.marshal.Marshaler createMarshaler(android.hardware.camera2.utils.TypeReference,int)>",
						"<android.hardware.camera2.marshal.impl.MarshalQueryableString$MarshalerString: void <init>(android.hardware.camera2.marshal.impl.MarshalQueryableString,android.hardware.camera2.utils.TypeReference,int)>",
						"<android.hardware.camera2.marshal.Marshaler: void <init>(android.hardware.camera2.marshal.MarshalQueryable,android.hardware.camera2.utils.TypeReference,int)>",
						"<android.hardware.camera2.marshal.MarshalHelpers: int checkNativeType(int)>"
					],
					"depth":3,
					"method":"<android.hardware.camera2.marshal.impl.MarshalQueryableString: android.hardware.camera2.marshal.Marshaler createMarshaler(android.hardware.camera2.utils.TypeReference,int)>",
					"source":"CALLER"
				},
				{
					"trace":[
						"<android.hardware.camera2.marshal.impl.MarshalQueryableStreamConfigurationDuration: android.hardware.camera2.marshal.Marshaler createMarshaler(android.hardware.camera2.utils.TypeReference,int)>",
						"<android.hardware.camera2.marshal.impl.MarshalQueryableStreamConfigurationDuration$MarshalerStreamConfigurationDuration: void <init>(android.hardware.camera2.marshal.impl.MarshalQueryableStreamConfigurationDuration,android.hardware.camera2.utils.TypeReference,int)>",
						"<android.hardware.camera2.marshal.Marshaler: void <init>(android.hardware.camera2.marshal.MarshalQueryable,android.hardware.camera2.utils.TypeReference,int)>",
						"<android.hardware.camera2.marshal.MarshalHelpers: int checkNativeType(int)>"
					],
					"depth":3,
					"method":"<android.hardware.camera2.marshal.impl.MarshalQueryableStreamConfigurationDuration: android.hardware.camera2.marshal.Marshaler createMarshaler(android.hardware.camera2.utils.TypeReference,int)>",
					"source":"CALLER"
				},
				{
					"trace":[
						"<android.hardware.camera2.marshal.impl.MarshalQueryableMeteringRectangle: android.hardware.camera2.marshal.Marshaler createMarshaler(android.hardware.camera2.utils.TypeReference,int)>",
						"<android.hardware.camera2.marshal.impl.MarshalQueryableMeteringRectangle$MarshalerMeteringRectangle: void <init>(android.hardware.camera2.marshal.impl.MarshalQueryableMeteringRectangle,android.hardware.camera2.utils.TypeReference,int)>",
						"<android.hardware.camera2.marshal.Marshaler: void <init>(android.hardware.camera2.marshal.MarshalQueryable,android.hardware.camera2.utils.TypeReference,int)>",
						"<android.hardware.camera2.marshal.MarshalHelpers: int checkNativeType(int)>"
					],
					"depth":3,
					"method":"<android.hardware.camera2.marshal.impl.MarshalQueryableMeteringRectangle: android.hardware.camera2.marshal.Marshaler createMarshaler(android.hardware.camera2.utils.TypeReference,int)>",
					"source":"CALLER"
				},
				{
					"trace":[
						"<android.hardware.camera2.marshal.impl.MarshalQueryableReprocessFormatsMap: android.hardware.camera2.marshal.Marshaler createMarshaler(android.hardware.camera2.utils.TypeReference,int)>",
						"<android.hardware.camera2.marshal.impl.MarshalQueryableReprocessFormatsMap$MarshalerReprocessFormatsMap: void <init>(android.hardware.camera2.marshal.impl.MarshalQueryableReprocessFormatsMap,android.hardware.camera2.utils.TypeReference,int)>",
						"<android.hardware.camera2.marshal.Marshaler: void <init>(android.hardware.camera2.marshal.MarshalQueryable,android.hardware.camera2.utils.TypeReference,int)>",
						"<android.hardware.camera2.marshal.MarshalHelpers: int checkNativeType(int)>"
					],
					"depth":3,
					"method":"<android.hardware.camera2.marshal.impl.MarshalQueryableReprocessFormatsMap: android.hardware.camera2.marshal.Marshaler createMarshaler(android.hardware.camera2.utils.TypeReference,int)>",
					"source":"CALLER"
				},
				{
					"trace":[
						"<android.hardware.camera2.marshal.impl.MarshalQueryableArray: android.hardware.camera2.marshal.Marshaler createMarshaler(android.hardware.camera2.utils.TypeReference,int)>",
						"<android.hardware.camera2.marshal.impl.MarshalQueryableArray$MarshalerArray: void <init>(android.hardware.camera2.marshal.impl.MarshalQueryableArray,android.hardware.camera2.utils.TypeReference,int)>",
						"<android.hardware.camera2.marshal.Marshaler: void <init>(android.hardware.camera2.marshal.MarshalQueryable,android.hardware.camera2.utils.TypeReference,int)>",
						"<android.hardware.camera2.marshal.MarshalHelpers: int checkNativeType(int)>"
					],
					"depth":3,
					"method":"<android.hardware.camera2.marshal.impl.MarshalQueryableArray: android.hardware.camera2.marshal.Marshaler createMarshaler(android.hardware.camera2.utils.TypeReference,int)>",
					"source":"CALLER"
				},
				{
					"trace":[
						"<android.hardware.camera2.marshal.impl.MarshalQueryableHighSpeedVideoConfiguration: android.hardware.camera2.marshal.Marshaler createMarshaler(android.hardware.camera2.utils.TypeReference,int)>",
						"<android.hardware.camera2.marshal.impl.MarshalQueryableHighSpeedVideoConfiguration$MarshalerHighSpeedVideoConfiguration: void <init>(android.hardware.camera2.marshal.impl.MarshalQueryableHighSpeedVideoConfiguration,android.hardware.camera2.utils.TypeReference,int)>",
						"<android.hardware.camera2.marshal.Marshaler: void <init>(android.hardware.camera2.marshal.MarshalQueryable,android.hardware.camera2.utils.TypeReference,int)>",
						"<android.hardware.camera2.marshal.MarshalHelpers: int checkNativeType(int)>"
					],
					"depth":3,
					"method":"<android.hardware.camera2.marshal.impl.MarshalQueryableHighSpeedVideoConfiguration: android.hardware.camera2.marshal.Marshaler createMarshaler(android.hardware.camera2.utils.TypeReference,int)>",
					"source":"CALLER"
				},
				{
					"trace":[
						"<android.hardware.camera2.marshal.impl.MarshalQueryableEnum: android.hardware.camera2.marshal.Marshaler createMarshaler(android.hardware.camera2.utils.TypeReference,int)>",
						"<android.hardware.camera2.marshal.impl.MarshalQueryableEnum$MarshalerEnum: void <init>(android.hardware.camera2.marshal.impl.MarshalQueryableEnum,android.hardware.camera2.utils.TypeReference,int)>",
						"<android.hardware.camera2.marshal.Marshaler: void <init>(android.hardware.camera2.marshal.MarshalQueryable,android.hardware.camera2.utils.TypeReference,int)>",
						"<android.hardware.camera2.marshal.MarshalHelpers: int checkNativeType(int)>"
					],
					"depth":3,
					"method":"<android.hardware.camera2.marshal.impl.MarshalQueryableEnum: android.hardware.camera2.marshal.Marshaler createMarshaler(android.hardware.camera2.utils.TypeReference,int)>",
					"source":"CALLER"
				},
				{
					"trace":[
						"<android.hardware.camera2.marshal.impl.MarshalQueryableBlackLevelPattern: android.hardware.camera2.marshal.Marshaler createMarshaler(android.hardware.camera2.utils.TypeReference,int)>",
						"<android.hardware.camera2.marshal.impl.MarshalQueryableBlackLevelPattern$MarshalerBlackLevelPattern: void <init>(android.hardware.camera2.marshal.impl.MarshalQueryableBlackLevelPattern,android.hardware.camera2.utils.TypeReference,int)>",
						"<android.hardware.camera2.marshal.Marshaler: void <init>(android.hardware.camera2.marshal.MarshalQueryable,android.hardware.camera2.utils.TypeReference,int)>",
						"<android.hardware.camera2.marshal.MarshalHelpers: int checkNativeType(int)>"
					],
					"depth":3,
					"method":"<android.hardware.camera2.marshal.impl.MarshalQueryableBlackLevelPattern: android.hardware.camera2.marshal.Marshaler createMarshaler(android.hardware.camera2.utils.TypeReference,int)>",
					"source":"CALLER"
				},
				{
					"trace":[
						"<android.hardware.camera2.marshal.impl.MarshalQueryableParcelable: android.hardware.camera2.marshal.Marshaler createMarshaler(android.hardware.camera2.utils.TypeReference,int)>",
						"<android.hardware.camera2.marshal.impl.MarshalQueryableParcelable$MarshalerParcelable: void <init>(android.hardware.camera2.marshal.impl.MarshalQueryableParcelable,android.hardware.camera2.utils.TypeReference,int)>",
						"<android.hardware.camera2.marshal.Marshaler: void <init>(android.hardware.camera2.marshal.MarshalQueryable,android.hardware.camera2.utils.TypeReference,int)>",
						"<android.hardware.camera2.marshal.MarshalHelpers: int checkNativeType(int)>"
					],
					"depth":3,
					"method":"<android.hardware.camera2.marshal.impl.MarshalQueryableParcelable: android.hardware.camera2.marshal.Marshaler createMarshaler(android.hardware.camera2.utils.TypeReference,int)>",
					"source":"CALLER"
				},
				{
					"trace":[
						"<android.hardware.camera2.marshal.impl.MarshalQueryableColorSpaceTransform: android.hardware.camera2.marshal.Marshaler createMarshaler(android.hardware.camera2.utils.TypeReference,int)>",
						"<android.hardware.camera2.marshal.impl.MarshalQueryableColorSpaceTransform$MarshalerColorSpaceTransform: void <init>(android.hardware.camera2.marshal.impl.MarshalQueryableColorSpaceTransform,android.hardware.camera2.utils.TypeReference,int)>",
						"<android.hardware.camera2.marshal.Marshaler: void <init>(android.hardware.camera2.marshal.MarshalQueryable,android.hardware.camera2.utils.TypeReference,int)>",
						"<android.hardware.camera2.marshal.MarshalHelpers: int checkNativeType(int)>"
					],
					"depth":3,
					"method":"<android.hardware.camera2.marshal.impl.MarshalQueryableColorSpaceTransform: android.hardware.camera2.marshal.Marshaler createMarshaler(android.hardware.camera2.utils.TypeReference,int)>",
					"source":"CALLER"
				},
				{
					"trace":[
						"<android.hardware.camera2.marshal.impl.MarshalQueryableStreamConfiguration: android.hardware.camera2.marshal.Marshaler createMarshaler(android.hardware.camera2.utils.TypeReference,int)>",
						"<android.hardware.camera2.marshal.impl.MarshalQueryableStreamConfiguration$MarshalerStreamConfiguration: void <init>(android.hardware.camera2.marshal.impl.MarshalQueryableStreamConfiguration,android.hardware.camera2.utils.TypeReference,int)>",
						"<android.hardware.camera2.marshal.Marshaler: void <init>(android.hardware.camera2.marshal.MarshalQueryable,android.hardware.camera2.utils.TypeReference,int)>",
						"<android.hardware.camera2.marshal.MarshalHelpers: int checkNativeType(int)>"
					],
					"depth":3,
					"method":"<android.hardware.camera2.marshal.impl.MarshalQueryableStreamConfiguration: android.hardware.camera2.marshal.Marshaler createMarshaler(android.hardware.camera2.utils.TypeReference,int)>",
					"source":"CALLER"
				},
				{
					"trace":[
						"<android.hardware.camera2.marshal.impl.MarshalQueryableRect: android.hardware.camera2.marshal.Marshaler createMarshaler(android.hardware.camera2.utils.TypeReference,int)>",
						"<android.hardware.camera2.marshal.impl.MarshalQueryableRect$MarshalerRect: void <init>(android.hardware.camera2.marshal.impl.MarshalQueryableRect,android.hardware.camera2.utils.TypeReference,int)>",
						"<android.hardware.camera2.marshal.Marshaler: void <init>(android.hardware.camera2.marshal.MarshalQueryable,android.hardware.camera2.utils.TypeReference,int)>",
						"<android.hardware.camera2.marshal.MarshalHelpers: int checkNativeType(int)>"
					],
					"depth":3,
					"method":"<android.hardware.camera2.marshal.impl.MarshalQueryableRect: android.hardware.camera2.marshal.Marshaler createMarshaler(android.hardware.camera2.utils.TypeReference,int)>",
					"source":"CALLER"
				},
				{
					"trace":[
						"<android.hardware.camera2.marshal.impl.MarshalQueryableRange: android.hardware.camera2.marshal.Marshaler createMarshaler(android.hardware.camera2.utils.TypeReference,int)>",
						"<android.hardware.camera2.marshal.impl.MarshalQueryableRange$MarshalerRange: void <init>(android.hardware.camera2.marshal.impl.MarshalQueryableRange,android.hardware.camera2.utils.TypeReference,int)>",
						"<android.hardware.camera2.marshal.Marshaler: void <init>(android.hardware.camera2.marshal.MarshalQueryable,android.hardware.camera2.utils.TypeReference,int)>",
						"<android.hardware.camera2.marshal.MarshalHelpers: int checkNativeType(int)>"
					],
					"depth":3,
					"method":"<android.hardware.camera2.marshal.impl.MarshalQueryableRange: android.hardware.camera2.marshal.Marshaler createMarshaler(android.hardware.camera2.utils.TypeReference,int)>",
					"source":"CALLER"
				},
				{
					"trace":[
						"<android.hardware.camera2.marshal.impl.MarshalQueryableSizeF: android.hardware.camera2.marshal.Marshaler createMarshaler(android.hardware.camera2.utils.TypeReference,int)>",
						"<android.hardware.camera2.marshal.impl.MarshalQueryableSizeF$MarshalerSizeF: void <init>(android.hardware.camera2.marshal.impl.MarshalQueryableSizeF,android.hardware.camera2.utils.TypeReference,int)>",
						"<android.hardware.camera2.marshal.Marshaler: void <init>(android.hardware.camera2.marshal.MarshalQueryable,android.hardware.camera2.utils.TypeReference,int)>",
						"<android.hardware.camera2.marshal.MarshalHelpers: int checkNativeType(int)>"
					],
					"depth":3,
					"method":"<android.hardware.camera2.marshal.impl.MarshalQueryableSizeF: android.hardware.camera2.marshal.Marshaler createMarshaler(android.hardware.camera2.utils.TypeReference,int)>",
					"source":"CALLER"
				},
				{
					"trace":[
						"<android.hardware.camera2.marshal.impl.MarshalQueryableSize: android.hardware.camera2.marshal.Marshaler createMarshaler(android.hardware.camera2.utils.TypeReference,int)>",
						"<android.hardware.camera2.marshal.impl.MarshalQueryableSize$MarshalerSize: void <init>(android.hardware.camera2.marshal.impl.MarshalQueryableSize,android.hardware.camera2.utils.TypeReference,int)>",
						"<android.hardware.camera2.marshal.Marshaler: void <init>(android.hardware.camera2.marshal.MarshalQueryable,android.hardware.camera2.utils.TypeReference,int)>",
						"<android.hardware.camera2.marshal.MarshalHelpers: int checkNativeType(int)>"
					],
					"depth":3,
					"method":"<android.hardware.camera2.marshal.impl.MarshalQueryableSize: android.hardware.camera2.marshal.Marshaler createMarshaler(android.hardware.camera2.utils.TypeReference,int)>",
					"source":"CALLER"
				},
				{
					"trace":[
						"<android.hardware.camera2.marshal.impl.MarshalQueryableRggbChannelVector: android.hardware.camera2.marshal.Marshaler createMarshaler(android.hardware.camera2.utils.TypeReference,int)>",
						"<android.hardware.camera2.marshal.impl.MarshalQueryableRggbChannelVector$MarshalerRggbChannelVector: void <init>(android.hardware.camera2.marshal.impl.MarshalQueryableRggbChannelVector,android.hardware.camera2.utils.TypeReference,int)>",
						"<android.hardware.camera2.marshal.Marshaler: void <init>(android.hardware.camera2.marshal.MarshalQueryable,android.hardware.camera2.utils.TypeReference,int)>",
						"<android.hardware.camera2.marshal.MarshalHelpers: int checkNativeType(int)>"
					],
					"depth":3,
					"method":"<android.hardware.camera2.marshal.impl.MarshalQueryableRggbChannelVector: android.hardware.camera2.marshal.Marshaler createMarshaler(android.hardware.camera2.utils.TypeReference,int)>",
					"source":"CALLER"
				},
				{
					"trace":[
						"<android.hardware.camera2.marshal.impl.MarshalQueryableNativeByteToInteger: android.hardware.camera2.marshal.Marshaler createMarshaler(android.hardware.camera2.utils.TypeReference,int)>",
						"<android.hardware.camera2.marshal.impl.MarshalQueryableNativeByteToInteger$MarshalerNativeByteToInteger: void <init>(android.hardware.camera2.marshal.impl.MarshalQueryableNativeByteToInteger,android.hardware.camera2.utils.TypeReference,int)>",
						"<android.hardware.camera2.marshal.Marshaler: void <init>(android.hardware.camera2.marshal.MarshalQueryable,android.hardware.camera2.utils.TypeReference,int)>",
						"<android.hardware.camera2.marshal.MarshalHelpers: int checkNativeType(int)>"
					],
					"depth":3,
					"method":"<android.hardware.camera2.marshal.impl.MarshalQueryableNativeByteToInteger: android.hardware.camera2.marshal.Marshaler createMarshaler(android.hardware.camera2.utils.TypeReference,int)>",
					"source":"CALLER"
				},
				{
					"trace":[
						"<android.hardware.camera2.marshal.impl.MarshalQueryablePrimitive: android.hardware.camera2.marshal.Marshaler createMarshaler(android.hardware.camera2.utils.TypeReference,int)>",
						"<android.hardware.camera2.marshal.impl.MarshalQueryablePrimitive$MarshalerPrimitive: void <init>(android.hardware.camera2.marshal.impl.MarshalQueryablePrimitive,android.hardware.camera2.utils.TypeReference,int)>",
						"<android.hardware.camera2.marshal.Marshaler: void <init>(android.hardware.camera2.marshal.MarshalQueryable,android.hardware.camera2.utils.TypeReference,int)>",
						"<android.hardware.camera2.marshal.MarshalHelpers: int checkNativeType(int)>"
					],
					"depth":3,
					"method":"<android.hardware.camera2.marshal.impl.MarshalQueryablePrimitive: android.hardware.camera2.marshal.Marshaler createMarshaler(android.hardware.camera2.utils.TypeReference,int)>",
					"source":"CALLER"
				},
				{
					"trace":[
						"<android.hardware.camera2.marshal.impl.MarshalQueryablePair: android.hardware.camera2.marshal.Marshaler createMarshaler(android.hardware.camera2.utils.TypeReference,int)>",
						"<android.hardware.camera2.marshal.impl.MarshalQueryablePair$MarshalerPair: void <init>(android.hardware.camera2.marshal.impl.MarshalQueryablePair,android.hardware.camera2.utils.TypeReference,int)>",
						"<android.hardware.camera2.marshal.Marshaler: void <init>(android.hardware.camera2.marshal.MarshalQueryable,android.hardware.camera2.utils.TypeReference,int)>",
						"<android.hardware.camera2.marshal.MarshalHelpers: int checkNativeType(int)>"
					],
					"depth":3,
					"method":"<android.hardware.camera2.marshal.impl.MarshalQueryablePair: android.hardware.camera2.marshal.Marshaler createMarshaler(android.hardware.camera2.utils.TypeReference,int)>",
					"source":"CALLER"
				}
			],
			"callerOfSingnlar2SourceVar":{
				"<android.hardware.camera2.marshal.impl.MarshalQueryablePair: android.hardware.camera2.marshal.Marshaler createMarshaler(android.hardware.camera2.utils.TypeReference,int)>":"1",
				"<android.hardware.camera2.marshal.impl.MarshalQueryableStreamConfigurationDuration$MarshalerStreamConfigurationDuration: void <init>(android.hardware.camera2.marshal.impl.MarshalQueryableStreamConfigurationDuration,android.hardware.camera2.utils.TypeReference,int)>":"2",
				"<android.hardware.camera2.marshal.impl.MarshalQueryableNativeByteToInteger: android.hardware.camera2.marshal.Marshaler createMarshaler(android.hardware.camera2.utils.TypeReference,int)>":"1",
				"<android.hardware.camera2.marshal.impl.MarshalQueryableHighSpeedVideoConfiguration: android.hardware.camera2.marshal.Marshaler createMarshaler(android.hardware.camera2.utils.TypeReference,int)>":"1",
				"<android.hardware.camera2.marshal.impl.MarshalQueryableStreamConfigurationDuration: android.hardware.camera2.marshal.Marshaler createMarshaler(android.hardware.camera2.utils.TypeReference,int)>":"1",
				"<android.hardware.camera2.marshal.impl.MarshalQueryablePrimitive$MarshalerPrimitive: void <init>(android.hardware.camera2.marshal.impl.MarshalQueryablePrimitive,android.hardware.camera2.utils.TypeReference,int)>":"2",
				"<android.hardware.camera2.marshal.impl.MarshalQueryableColorSpaceTransform: android.hardware.camera2.marshal.Marshaler createMarshaler(android.hardware.camera2.utils.TypeReference,int)>":"1",
				"<android.hardware.camera2.marshal.impl.MarshalQueryableSize: android.hardware.camera2.marshal.Marshaler createMarshaler(android.hardware.camera2.utils.TypeReference,int)>":"1",
				"<android.hardware.camera2.marshal.impl.MarshalQueryableEnum: android.hardware.camera2.marshal.Marshaler createMarshaler(android.hardware.camera2.utils.TypeReference,int)>":"1",
				"<android.hardware.camera2.marshal.impl.MarshalQueryableParcelable: android.hardware.camera2.marshal.Marshaler createMarshaler(android.hardware.camera2.utils.TypeReference,int)>":"1",
				"<android.hardware.camera2.marshal.impl.MarshalQueryableColorSpaceTransform$MarshalerColorSpaceTransform: void <init>(android.hardware.camera2.marshal.impl.MarshalQueryableColorSpaceTransform,android.hardware.camera2.utils.TypeReference,int)>":"2",
				"<android.hardware.camera2.marshal.impl.MarshalQueryableSizeF: android.hardware.camera2.marshal.Marshaler createMarshaler(android.hardware.camera2.utils.TypeReference,int)>":"1",
				"<android.hardware.camera2.marshal.impl.MarshalQueryableHighSpeedVideoConfiguration$MarshalerHighSpeedVideoConfiguration: void <init>(android.hardware.camera2.marshal.impl.MarshalQueryableHighSpeedVideoConfiguration,android.hardware.camera2.utils.TypeReference,int)>":"2",
				"<android.hardware.camera2.marshal.impl.MarshalQueryableNativeByteToInteger$MarshalerNativeByteToInteger: void <init>(android.hardware.camera2.marshal.impl.MarshalQueryableNativeByteToInteger,android.hardware.camera2.utils.TypeReference,int)>":"2",
				"<android.hardware.camera2.marshal.impl.MarshalQueryableStreamConfiguration: android.hardware.camera2.marshal.Marshaler createMarshaler(android.hardware.camera2.utils.TypeReference,int)>":"1",
				"<android.hardware.camera2.marshal.impl.MarshalQueryableParcelable$MarshalerParcelable: void <init>(android.hardware.camera2.marshal.impl.MarshalQueryableParcelable,android.hardware.camera2.utils.TypeReference,int)>":"2",
				"<android.hardware.camera2.marshal.impl.MarshalQueryableBlackLevelPattern$MarshalerBlackLevelPattern: void <init>(android.hardware.camera2.marshal.impl.MarshalQueryableBlackLevelPattern,android.hardware.camera2.utils.TypeReference,int)>":"2",
				"<android.hardware.camera2.marshal.impl.MarshalQueryableSizeF$MarshalerSizeF: void <init>(android.hardware.camera2.marshal.impl.MarshalQueryableSizeF,android.hardware.camera2.utils.TypeReference,int)>":"2",
				"<android.hardware.camera2.marshal.impl.MarshalQueryableMeteringRectangle: android.hardware.camera2.marshal.Marshaler createMarshaler(android.hardware.camera2.utils.TypeReference,int)>":"1",
				"<android.hardware.camera2.marshal.impl.MarshalQueryableString: android.hardware.camera2.marshal.Marshaler createMarshaler(android.hardware.camera2.utils.TypeReference,int)>":"1",
				"<android.hardware.camera2.marshal.impl.MarshalQueryableStreamConfiguration$MarshalerStreamConfiguration: void <init>(android.hardware.camera2.marshal.impl.MarshalQueryableStreamConfiguration,android.hardware.camera2.utils.TypeReference,int)>":"2",
				"<android.hardware.camera2.marshal.impl.MarshalQueryableSize$MarshalerSize: void <init>(android.hardware.camera2.marshal.impl.MarshalQueryableSize,android.hardware.camera2.utils.TypeReference,int)>":"2",
				"<android.hardware.camera2.marshal.impl.MarshalQueryableRggbChannelVector$MarshalerRggbChannelVector: void <init>(android.hardware.camera2.marshal.impl.MarshalQueryableRggbChannelVector,android.hardware.camera2.utils.TypeReference,int)>":"2",
				"<android.hardware.camera2.marshal.impl.MarshalQueryableReprocessFormatsMap: android.hardware.camera2.marshal.Marshaler createMarshaler(android.hardware.camera2.utils.TypeReference,int)>":"1",
				"<android.hardware.camera2.marshal.impl.MarshalQueryableString$MarshalerString: void <init>(android.hardware.camera2.marshal.impl.MarshalQueryableString,android.hardware.camera2.utils.TypeReference,int)>":"2",
				"<android.hardware.camera2.marshal.impl.MarshalQueryableMeteringRectangle$MarshalerMeteringRectangle: void <init>(android.hardware.camera2.marshal.impl.MarshalQueryableMeteringRectangle,android.hardware.camera2.utils.TypeReference,int)>":"2",
				"<android.hardware.camera2.marshal.MarshalHelpers: int checkNativeType(int)>":"0",
				"<android.hardware.camera2.marshal.impl.MarshalQueryablePair$MarshalerPair: void <init>(android.hardware.camera2.marshal.impl.MarshalQueryablePair,android.hardware.camera2.utils.TypeReference,int)>":"2",
				"<android.hardware.camera2.marshal.impl.MarshalQueryableBoolean$MarshalerBoolean: void <init>(android.hardware.camera2.marshal.impl.MarshalQueryableBoolean,android.hardware.camera2.utils.TypeReference,int)>":"2",
				"<android.hardware.camera2.marshal.impl.MarshalQueryableRect$MarshalerRect: void <init>(android.hardware.camera2.marshal.impl.MarshalQueryableRect,android.hardware.camera2.utils.TypeReference,int)>":"2",
				"<android.hardware.camera2.marshal.impl.MarshalQueryableRggbChannelVector: android.hardware.camera2.marshal.Marshaler createMarshaler(android.hardware.camera2.utils.TypeReference,int)>":"1",
				"<android.hardware.camera2.marshal.impl.MarshalQueryableBlackLevelPattern: android.hardware.camera2.marshal.Marshaler createMarshaler(android.hardware.camera2.utils.TypeReference,int)>":"1",
				"<android.hardware.camera2.marshal.impl.MarshalQueryableArray$MarshalerArray: void <init>(android.hardware.camera2.marshal.impl.MarshalQueryableArray,android.hardware.camera2.utils.TypeReference,int)>":"2",
				"<android.hardware.camera2.marshal.impl.MarshalQueryableRange: android.hardware.camera2.marshal.Marshaler createMarshaler(android.hardware.camera2.utils.TypeReference,int)>":"1",
				"<android.hardware.camera2.marshal.impl.MarshalQueryableArray: android.hardware.camera2.marshal.Marshaler createMarshaler(android.hardware.camera2.utils.TypeReference,int)>":"1",
				"<android.hardware.camera2.marshal.impl.MarshalQueryableEnum$MarshalerEnum: void <init>(android.hardware.camera2.marshal.impl.MarshalQueryableEnum,android.hardware.camera2.utils.TypeReference,int)>":"2",
				"<android.hardware.camera2.marshal.impl.MarshalQueryablePrimitive: android.hardware.camera2.marshal.Marshaler createMarshaler(android.hardware.camera2.utils.TypeReference,int)>":"1",
				"<android.hardware.camera2.marshal.Marshaler: void <init>(android.hardware.camera2.marshal.MarshalQueryable,android.hardware.camera2.utils.TypeReference,int)>":"2",
				"<android.hardware.camera2.marshal.impl.MarshalQueryableReprocessFormatsMap$MarshalerReprocessFormatsMap: void <init>(android.hardware.camera2.marshal.impl.MarshalQueryableReprocessFormatsMap,android.hardware.camera2.utils.TypeReference,int)>":"2",
				"<android.hardware.camera2.marshal.impl.MarshalQueryableBoolean: android.hardware.camera2.marshal.Marshaler createMarshaler(android.hardware.camera2.utils.TypeReference,int)>":"1",
				"<android.hardware.camera2.marshal.impl.MarshalQueryableRect: android.hardware.camera2.marshal.Marshaler createMarshaler(android.hardware.camera2.utils.TypeReference,int)>":"1",
				"<android.hardware.camera2.marshal.impl.MarshalQueryableRange$MarshalerRange: void <init>(android.hardware.camera2.marshal.impl.MarshalQueryableRange,android.hardware.camera2.utils.TypeReference,int)>":"2"
			}
		},
		{
			"method":"<android.hardware.camera2.marshal.MarshalHelpers: int checkNativeTypeEquals(int,int)>",
			"message":"",
			"relatedVarType":"Parameter",
			"relatedCondType":"Basic",
			"modifier":"public",
			"type":"java.lang.UnsupportedOperationException",
			"osVersionRelated":false,
			"resourceRelated":false,
			"assessRelated":false,
			"hardwareRelated":true,
			"manifestRelated":false,
			"conditions":"i0 == i1",
			"paramValues":"@parameter0: int, @parameter1: int",
			"relatedValues":"@parameter0: int, @parameter1: int; ; ",
			"keyAPISameClassNum":0,
			"keyAPIDiffClassNum":0,
			"keyAPISameClass":[
				{
					"trace":[
						"<android.hardware.camera2.marshal.MarshalHelpers: int checkNativeTypeEquals(int,int)>"
					],
					"depth":0,
					"method":"<android.hardware.camera2.marshal.MarshalHelpers: int checkNativeTypeEquals(int,int)>",
					"source":"CALLER"
				}
			],
			"keyAPIDiffClass":[],
			"callerOfSingnlar2SourceVar":{
				"<android.hardware.camera2.marshal.MarshalHelpers: int checkNativeTypeEquals(int,int)>":"0, 1"
			}
		},
		{
			"method":"<android.hardware.camera2.marshal.MarshalHelpers: void <init>()>",
			"message":"[\\s\\S]*",
			"relatedVarType":"Empty",
			"relatedCondType":"Empty",
			"modifier":"private",
			"type":"java.lang.AssertionError",
			"osVersionRelated":false,
			"resourceRelated":false,
			"assessRelated":false,
			"hardwareRelated":true,
			"manifestRelated":false,
			"keyAPISameClassNum":0,
			"keyAPIDiffClassNum":0,
			"keyAPISameClass":[],
			"keyAPIDiffClass":[],
			"callerOfSingnlar2SourceVar":{}
		}
	]
}