{
	"exceptions":[
		{
			"method":"<android.graphics.Interpolator: void setKeyFrame(int,int,float[],float[])>",
			"message":"[\\s\\S]*",
			"relatedVarType":"ParaAndField",
			"relatedCondType":"Basic",
			"modifier":"public",
			"type":"java.lang.ArrayStoreException",
			"osVersionRelated":false,
			"resourceRelated":false,
			"assessRelated":false,
			"hardwareRelated":false,
			"manifestRelated":false,
			"conditions":"$i6 >= 4, r3 == null, $i3 >= $i2",
			"paramValues":"@parameter3: float[], @parameter2: float[]",
			"fieldValues":"<android.graphics.Interpolator: int mValueCount>",
			"relatedValues":"@parameter3: float[], @parameter2: float[]; <android.graphics.Interpolator: int mValueCount>; ",
			"keyAPISameClassNum":4,
			"keyAPIDiffClassNum":1,
			"keyAPISameClass":[
				{
					"trace":[
						"<android.graphics.Interpolator: void setKeyFrame(int,int,float[],float[])>"
					],
					"depth":1,
					"method":"<android.graphics.Interpolator: void <init>(int)>",
					"source":"FIELD"
				},
				{
					"trace":[
						"<android.graphics.Interpolator: void setKeyFrame(int,int,float[],float[])>"
					],
					"depth":1,
					"method":"<android.graphics.Interpolator: void <init>(int,int)>",
					"source":"FIELD"
				},
				{
					"trace":[
						"<android.graphics.Interpolator: void setKeyFrame(int,int,float[],float[])>"
					],
					"depth":1,
					"method":"<android.graphics.Interpolator: void reset(int,int)>",
					"source":"FIELD"
				},
				{
					"trace":[
						"<android.graphics.Interpolator: void setKeyFrame(int,int,float[])>",
						"<android.graphics.Interpolator: void setKeyFrame(int,int,float[],float[])>"
					],
					"depth":1,
					"method":"<android.graphics.Interpolator: void setKeyFrame(int,int,float[])>",
					"source":"CALLER"
				},
				{
					"trace":[
						"<android.graphics.Interpolator: void reset(int)>",
						"<android.graphics.Interpolator: void reset(int,int)>",
						"key field: <android.graphics.Interpolator: int mValueCount>",
						"<android.graphics.Interpolator: void setKeyFrame(int,int,float[],float[])>"
					],
					"depth":2,
					"method":"<android.graphics.Interpolator: void reset(int)>",
					"source":"FIELDCALLER"
				}
			],
			"keyAPIDiffClass":[
				{
					"trace":[
						"<android.view.View$ScrollabilityCache: void <init>(android.view.ViewConfiguration,android.view.View)>",
						"<android.graphics.Interpolator: void <init>(int,int)>",
						"key field: <android.graphics.Interpolator: int mValueCount>",
						"<android.graphics.Interpolator: void setKeyFrame(int,int,float[],float[])>"
					],
					"depth":2,
					"method":"<android.view.View$ScrollabilityCache: void <init>(android.view.ViewConfiguration,android.view.View)>",
					"source":"FIELDCALLER"
				}
			],
			"callerOfSingnlar2SourceVar":{
				"<android.graphics.Interpolator: void setKeyFrame(int,int,float[],float[])>":"3, 2",
				"<android.graphics.Interpolator: void setKeyFrame(int,int,float[])>":"2"
			}
		},
		{
			"method":"<android.graphics.Interpolator: void setKeyFrame(int,int,float[],float[])>",
			"message":"[\\s\\S]*",
			"relatedVarType":"ParaAndField",
			"relatedCondType":"Basic",
			"modifier":"public",
			"type":"java.lang.IndexOutOfBoundsException",
			"osVersionRelated":false,
			"resourceRelated":false,
			"assessRelated":false,
			"hardwareRelated":false,
			"manifestRelated":false,
			"conditions":"i0 < 0, i0 < $i1",
			"paramValues":"@parameter0: int",
			"fieldValues":"<android.graphics.Interpolator: int mFrameCount>",
			"relatedValues":"@parameter0: int; <android.graphics.Interpolator: int mFrameCount>; ",
			"keyAPISameClassNum":4,
			"keyAPIDiffClassNum":1,
			"keyAPISameClass":[
				{
					"trace":[
						"<android.graphics.Interpolator: void setKeyFrame(int,int,float[],float[])>"
					],
					"depth":1,
					"method":"<android.graphics.Interpolator: void <init>(int)>",
					"source":"FIELD"
				},
				{
					"trace":[
						"<android.graphics.Interpolator: void setKeyFrame(int,int,float[],float[])>"
					],
					"depth":1,
					"method":"<android.graphics.Interpolator: void <init>(int,int)>",
					"source":"FIELD"
				},
				{
					"trace":[
						"<android.graphics.Interpolator: void setKeyFrame(int,int,float[],float[])>"
					],
					"depth":1,
					"method":"<android.graphics.Interpolator: void reset(int,int)>",
					"source":"FIELD"
				},
				{
					"trace":[
						"<android.graphics.Interpolator: void setKeyFrame(int,int,float[])>",
						"<android.graphics.Interpolator: void setKeyFrame(int,int,float[],float[])>"
					],
					"depth":1,
					"method":"<android.graphics.Interpolator: void setKeyFrame(int,int,float[])>",
					"source":"CALLER"
				},
				{
					"trace":[
						"<android.graphics.Interpolator: void reset(int)>",
						"<android.graphics.Interpolator: void reset(int,int)>",
						"key field: <android.graphics.Interpolator: int mFrameCount>",
						"<android.graphics.Interpolator: void setKeyFrame(int,int,float[],float[])>"
					],
					"depth":2,
					"method":"<android.graphics.Interpolator: void reset(int)>",
					"source":"FIELDCALLER"
				}
			],
			"keyAPIDiffClass":[
				{
					"trace":[
						"<android.view.View$ScrollabilityCache: void <init>(android.view.ViewConfiguration,android.view.View)>",
						"<android.graphics.Interpolator: void <init>(int,int)>",
						"key field: <android.graphics.Interpolator: int mFrameCount>",
						"<android.graphics.Interpolator: void setKeyFrame(int,int,float[],float[])>"
					],
					"depth":2,
					"method":"<android.view.View$ScrollabilityCache: void <init>(android.view.ViewConfiguration,android.view.View)>",
					"source":"FIELDCALLER"
				}
			],
			"callerOfSingnlar2SourceVar":{
				"<android.graphics.Interpolator: void setKeyFrame(int,int,float[],float[])>":"0",
				"<android.graphics.Interpolator: void setKeyFrame(int,int,float[])>":"0"
			}
		},
		{
			"method":"<android.graphics.Interpolator: void setKeyFrame(int,int,float[],float[])>",
			"message":"[\\s\\S]*",
			"relatedVarType":"ParaAndField",
			"relatedCondType":"Basic",
			"modifier":"public",
			"type":"java.lang.ArrayStoreException",
			"osVersionRelated":false,
			"resourceRelated":false,
			"assessRelated":false,
			"hardwareRelated":false,
			"manifestRelated":false,
			"conditions":"$i3 >= $i2, i0 < $i1, i0 < 0",
			"paramValues":"@parameter2: float[], @parameter0: int",
			"fieldValues":"<android.graphics.Interpolator: int mValueCount>, <android.graphics.Interpolator: int mFrameCount>",
			"relatedValues":"@parameter2: float[], @parameter0: int; <android.graphics.Interpolator: int mValueCount>, <android.graphics.Interpolator: int mFrameCount>; ",
			"keyAPISameClassNum":4,
			"keyAPIDiffClassNum":1,
			"keyAPISameClass":[
				{
					"trace":[
						"<android.graphics.Interpolator: void setKeyFrame(int,int,float[],float[])>"
					],
					"depth":1,
					"method":"<android.graphics.Interpolator: void <init>(int)>",
					"source":"FIELD"
				},
				{
					"trace":[
						"<android.graphics.Interpolator: void setKeyFrame(int,int,float[],float[])>"
					],
					"depth":1,
					"method":"<android.graphics.Interpolator: void <init>(int,int)>",
					"source":"FIELD"
				},
				{
					"trace":[
						"<android.graphics.Interpolator: void setKeyFrame(int,int,float[],float[])>"
					],
					"depth":1,
					"method":"<android.graphics.Interpolator: void reset(int,int)>",
					"source":"FIELD"
				},
				{
					"trace":[
						"<android.graphics.Interpolator: void setKeyFrame(int,int,float[])>",
						"<android.graphics.Interpolator: void setKeyFrame(int,int,float[],float[])>"
					],
					"depth":1,
					"method":"<android.graphics.Interpolator: void setKeyFrame(int,int,float[])>",
					"source":"CALLER"
				},
				{
					"trace":[
						"<android.graphics.Interpolator: void reset(int)>",
						"<android.graphics.Interpolator: void reset(int,int)>",
						"key field: <android.graphics.Interpolator: int mValueCount>",
						"<android.graphics.Interpolator: void setKeyFrame(int,int,float[],float[])>"
					],
					"depth":2,
					"method":"<android.graphics.Interpolator: void reset(int)>",
					"source":"FIELDCALLER"
				}
			],
			"keyAPIDiffClass":[
				{
					"trace":[
						"<android.view.View$ScrollabilityCache: void <init>(android.view.ViewConfiguration,android.view.View)>",
						"<android.graphics.Interpolator: void <init>(int,int)>",
						"key field: <android.graphics.Interpolator: int mValueCount>",
						"<android.graphics.Interpolator: void setKeyFrame(int,int,float[],float[])>"
					],
					"depth":2,
					"method":"<android.view.View$ScrollabilityCache: void <init>(android.view.ViewConfiguration,android.view.View)>",
					"source":"FIELDCALLER"
				}
			],
			"callerOfSingnlar2SourceVar":{
				"<android.graphics.Interpolator: void setKeyFrame(int,int,float[],float[])>":"2, 0",
				"<android.graphics.Interpolator: void setKeyFrame(int,int,float[])>":"2, 0"
			}
		},
		{
			"method":"<android.graphics.Interpolator: android.graphics.Interpolator$Result timeToValues(int,float[])>",
			"message":"[\\s\\S]*",
			"relatedVarType":"ParaAndField",
			"relatedCondType":"Basic",
			"modifier":"public",
			"type":"java.lang.ArrayStoreException",
			"osVersionRelated":false,
			"resourceRelated":false,
			"assessRelated":false,
			"hardwareRelated":false,
			"manifestRelated":false,
			"conditions":"$i4 >= $i3, r0 == null",
			"paramValues":"@parameter1: float[]",
			"fieldValues":"<android.graphics.Interpolator: int mValueCount>",
			"relatedValues":"@parameter1: float[]; <android.graphics.Interpolator: int mValueCount>; ",
			"keyAPISameClassNum":4,
			"keyAPIDiffClassNum":1,
			"keyAPISameClass":[
				{
					"trace":[
						"<android.graphics.Interpolator: android.graphics.Interpolator$Result timeToValues(int,float[])>"
					],
					"depth":1,
					"method":"<android.graphics.Interpolator: void <init>(int)>",
					"source":"FIELD"
				},
				{
					"trace":[
						"<android.graphics.Interpolator: android.graphics.Interpolator$Result timeToValues(int,float[])>"
					],
					"depth":1,
					"method":"<android.graphics.Interpolator: void <init>(int,int)>",
					"source":"FIELD"
				},
				{
					"trace":[
						"<android.graphics.Interpolator: android.graphics.Interpolator$Result timeToValues(int,float[])>"
					],
					"depth":1,
					"method":"<android.graphics.Interpolator: void reset(int,int)>",
					"source":"FIELD"
				},
				{
					"trace":[
						"<android.graphics.Interpolator: android.graphics.Interpolator$Result timeToValues(float[])>",
						"<android.graphics.Interpolator: android.graphics.Interpolator$Result timeToValues(int,float[])>"
					],
					"depth":1,
					"method":"<android.graphics.Interpolator: android.graphics.Interpolator$Result timeToValues(float[])>",
					"source":"CALLER"
				},
				{
					"trace":[
						"<android.graphics.Interpolator: void reset(int)>",
						"<android.graphics.Interpolator: void reset(int,int)>",
						"key field: <android.graphics.Interpolator: int mValueCount>",
						"<android.graphics.Interpolator: android.graphics.Interpolator$Result timeToValues(int,float[])>"
					],
					"depth":2,
					"method":"<android.graphics.Interpolator: void reset(int)>",
					"source":"FIELDCALLER"
				}
			],
			"keyAPIDiffClass":[
				{
					"trace":[
						"<android.view.View$ScrollabilityCache: void <init>(android.view.ViewConfiguration,android.view.View)>",
						"<android.graphics.Interpolator: void <init>(int,int)>",
						"key field: <android.graphics.Interpolator: int mValueCount>",
						"<android.graphics.Interpolator: android.graphics.Interpolator$Result timeToValues(int,float[])>"
					],
					"depth":2,
					"method":"<android.view.View$ScrollabilityCache: void <init>(android.view.ViewConfiguration,android.view.View)>",
					"source":"FIELDCALLER"
				}
			],
			"callerOfSingnlar2SourceVar":{
				"<android.graphics.Interpolator: android.graphics.Interpolator$Result timeToValues(float[])>":"0",
				"<android.graphics.Interpolator: android.graphics.Interpolator$Result timeToValues(int,float[])>":"1"
			}
		}
	]
}