{
	"exceptions":[
		{
			"method":"<android.content.pm.EphemeralResolveInfo: void <init>(android.net.Uri,java.lang.String,java.util.List)>",
			"message":"[\\s\\S]*",
			"relatedVarType":"Parameter",
			"relatedCondType":"Basic",
			"modifier":"public",
			"type":"java.lang.IllegalArgumentException",
			"osVersionRelated":false,
			"resourceRelated":false,
			"assessRelated":false,
			"hardwareRelated":false,
			"manifestRelated":false,
			"conditions":"r1 == null, r2 == null",
			"paramValues":"@parameter0: android.net.Uri, @parameter1: java.lang.String",
			"relatedValues":"@parameter0: android.net.Uri, @parameter1: java.lang.String; ; ",
			"keyAPISameClassNum":0,
			"keyAPIDiffClassNum":0,
			"keyAPISameClass":[
				{
					"trace":[
						"<android.content.pm.EphemeralResolveInfo: void <init>(android.net.Uri,java.lang.String,java.util.List)>"
					],
					"depth":0,
					"method":"<android.content.pm.EphemeralResolveInfo: void <init>(android.net.Uri,java.lang.String,java.util.List)>",
					"source":"CALLER"
				}
			],
			"keyAPIDiffClass":[],
			"callerOfSingnlar2SourceVar":{
				"<android.content.pm.EphemeralResolveInfo: void <init>(android.net.Uri,java.lang.String,java.util.List)>":"0, 1"
			}
		}
	]
}