{
	"exceptions":[
		{
			"method":"<android.content.pm.LimitedLengthInputStream: void <init>(java.io.InputStream,long,long)>",
			"message":"\\Qoffset < 0\\E",
			"relatedVarType":"Parameter",
			"relatedCondType":"Basic",
			"modifier":"public",
			"type":"java.io.IOException",
			"osVersionRelated":false,
			"resourceRelated":false,
			"assessRelated":false,
			"hardwareRelated":false,
			"manifestRelated":false,
			"conditions":"$b1 >= 0, r1 != null",
			"paramValues":"@parameter1: long, @parameter0: java.io.InputStream",
			"relatedValues":"@parameter1: long, @parameter0: java.io.InputStream; ; ",
			"keyAPISameClassNum":0,
			"keyAPIDiffClassNum":0,
			"keyAPISameClass":[
				{
					"trace":[
						"<android.content.pm.LimitedLengthInputStream: void <init>(java.io.InputStream,long,long)>"
					],
					"depth":0,
					"method":"<android.content.pm.LimitedLengthInputStream: void <init>(java.io.InputStream,long,long)>",
					"source":"CALLER"
				}
			],
			"keyAPIDiffClass":[],
			"callerOfSingnlar2SourceVar":{
				"<android.content.pm.LimitedLengthInputStream: void <init>(java.io.InputStream,long,long)>":"1, 0"
			}
		},
		{
			"method":"<android.content.pm.LimitedLengthInputStream: void <init>(java.io.InputStream,long,long)>",
			"message":"\\Qin == null\\E",
			"relatedVarType":"Parameter",
			"relatedCondType":"Basic",
			"modifier":"public",
			"type":"java.io.IOException",
			"osVersionRelated":false,
			"resourceRelated":false,
			"assessRelated":false,
			"hardwareRelated":false,
			"manifestRelated":false,
			"conditions":"r1 != null",
			"paramValues":"@parameter0: java.io.InputStream",
			"relatedValues":"@parameter0: java.io.InputStream; ; ",
			"keyAPISameClassNum":0,
			"keyAPIDiffClassNum":0,
			"keyAPISameClass":[
				{
					"trace":[
						"<android.content.pm.LimitedLengthInputStream: void <init>(java.io.InputStream,long,long)>"
					],
					"depth":0,
					"method":"<android.content.pm.LimitedLengthInputStream: void <init>(java.io.InputStream,long,long)>",
					"source":"CALLER"
				}
			],
			"keyAPIDiffClass":[],
			"callerOfSingnlar2SourceVar":{
				"<android.content.pm.LimitedLengthInputStream: void <init>(java.io.InputStream,long,long)>":"0"
			}
		},
		{
			"method":"<android.content.pm.LimitedLengthInputStream: void <init>(java.io.InputStream,long,long)>",
			"message":"\\Qoffset + length > Long.MAX_VALUE\\E",
			"relatedVarType":"Parameter",
			"relatedCondType":"Basic",
			"modifier":"public",
			"type":"java.io.IOException",
			"osVersionRelated":false,
			"resourceRelated":false,
			"assessRelated":false,
			"hardwareRelated":false,
			"manifestRelated":false,
			"conditions":"$b5 <= 0, $b3 >= 0, $b1 >= 0",
			"paramValues":"@parameter2: long, @parameter1: long",
			"relatedValues":"@parameter2: long, @parameter1: long; ; ",
			"keyAPISameClassNum":0,
			"keyAPIDiffClassNum":0,
			"keyAPISameClass":[
				{
					"trace":[
						"<android.content.pm.LimitedLengthInputStream: void <init>(java.io.InputStream,long,long)>"
					],
					"depth":0,
					"method":"<android.content.pm.LimitedLengthInputStream: void <init>(java.io.InputStream,long,long)>",
					"source":"CALLER"
				}
			],
			"keyAPIDiffClass":[],
			"callerOfSingnlar2SourceVar":{
				"<android.content.pm.LimitedLengthInputStream: void <init>(java.io.InputStream,long,long)>":"2, 1"
			}
		},
		{
			"method":"<android.content.pm.LimitedLengthInputStream: void <init>(java.io.InputStream,long,long)>",
			"message":"\\Qlength < 0\\E",
			"relatedVarType":"Parameter",
			"relatedCondType":"Basic",
			"modifier":"public",
			"type":"java.io.IOException",
			"osVersionRelated":false,
			"resourceRelated":false,
			"assessRelated":false,
			"hardwareRelated":false,
			"manifestRelated":false,
			"conditions":"$b3 >= 0, $b1 >= 0, r1 != null",
			"paramValues":"@parameter2: long, @parameter1: long, @parameter0: java.io.InputStream",
			"relatedValues":"@parameter2: long, @parameter1: long, @parameter0: java.io.InputStream; ; ",
			"keyAPISameClassNum":0,
			"keyAPIDiffClassNum":0,
			"keyAPISameClass":[
				{
					"trace":[
						"<android.content.pm.LimitedLengthInputStream: void <init>(java.io.InputStream,long,long)>"
					],
					"depth":0,
					"method":"<android.content.pm.LimitedLengthInputStream: void <init>(java.io.InputStream,long,long)>",
					"source":"CALLER"
				}
			],
			"keyAPIDiffClass":[],
			"callerOfSingnlar2SourceVar":{
				"<android.content.pm.LimitedLengthInputStream: void <init>(java.io.InputStream,long,long)>":"2, 1, 0"
			}
		},
		{
			"method":"<android.content.pm.LimitedLengthInputStream: int read(byte[],int,int)>",
			"message":"\\Qoffset out of bounds: \\E[\\s\\S]*\\Q + \\E[\\s\\S]*",
			"relatedVarType":"ParaAndField",
			"relatedCondType":"Basic",
			"modifier":"public",
			"type":"java.io.IOException",
			"osVersionRelated":false,
			"resourceRelated":false,
			"assessRelated":false,
			"hardwareRelated":false,
			"manifestRelated":false,
			"conditions":"$b8 <= 0, $b2 < 0",
			"paramValues":"@parameter2: int",
			"fieldValues":"<android.content.pm.LimitedLengthInputStream: long mOffset>",
			"relatedValues":"@parameter2: int; <android.content.pm.LimitedLengthInputStream: long mOffset>; ",
			"keyAPISameClassNum":4,
			"keyAPIDiffClassNum":10,
			"keyAPISameClass":[
				{
					"trace":[
						"<android.content.pm.LimitedLengthInputStream: int read(byte[],int,int)>"
					],
					"depth":1,
					"method":"<android.content.pm.LimitedLengthInputStream: void <init>(java.io.InputStream,long,long)>",
					"source":"FIELD"
				},
				{
					"trace":[
						"<android.content.pm.LimitedLengthInputStream: int read(byte[],int,int)>"
					],
					"depth":1,
					"method":"<android.content.pm.LimitedLengthInputStream: int read()>",
					"source":"FIELD"
				},
				{
					"trace":[
						"<android.content.pm.LimitedLengthInputStream: int read(byte[],int,int)>"
					],
					"depth":1,
					"method":"<android.content.pm.LimitedLengthInputStream: int read(byte[],int,int)>",
					"source":"FIELD"
				},
				{
					"trace":[
						"<android.content.pm.LimitedLengthInputStream: int read(byte[])>",
						"<android.content.pm.LimitedLengthInputStream: int read(byte[],int,int)>",
						"key field: <android.content.pm.LimitedLengthInputStream: long mOffset>",
						"<android.content.pm.LimitedLengthInputStream: int read(byte[],int,int)>"
					],
					"depth":2,
					"method":"<android.content.pm.LimitedLengthInputStream: int read(byte[])>",
					"source":"FIELDCALLER"
				}
			],
			"keyAPIDiffClass":[
				{
					"trace":[
						"<android.bluetooth.BluetoothInputStream: int read(byte[],int,int)>",
						"<android.bluetooth.BluetoothSocket: int read(byte[],int,int)>",
						"<android.content.pm.LimitedLengthInputStream: int read(byte[],int,int)>",
						"key field: <android.content.pm.LimitedLengthInputStream: long mOffset>",
						"<android.content.pm.LimitedLengthInputStream: int read(byte[],int,int)>"
					],
					"depth":3,
					"method":"<android.bluetooth.BluetoothInputStream: int read(byte[],int,int)>",
					"source":"FIELDCALLER"
				},
				{
					"trace":[
						"<android.bluetooth.BluetoothInputStream: int read()>",
						"<android.bluetooth.BluetoothSocket: int read(byte[],int,int)>",
						"<android.content.pm.LimitedLengthInputStream: int read(byte[],int,int)>",
						"key field: <android.content.pm.LimitedLengthInputStream: long mOffset>",
						"<android.content.pm.LimitedLengthInputStream: int read(byte[],int,int)>"
					],
					"depth":3,
					"method":"<android.bluetooth.BluetoothInputStream: int read()>",
					"source":"FIELDCALLER"
				},
				{
					"trace":[
						"<android.media.AmrInputStream: int read(byte[],int,int)>",
						"<android.bluetooth.BluetoothInputStream: int read(byte[],int,int)>",
						"<android.bluetooth.BluetoothSocket: int read(byte[],int,int)>",
						"<android.content.pm.LimitedLengthInputStream: int read(byte[],int,int)>",
						"key field: <android.content.pm.LimitedLengthInputStream: long mOffset>",
						"<android.content.pm.LimitedLengthInputStream: int read(byte[],int,int)>"
					],
					"depth":4,
					"method":"<android.media.AmrInputStream: int read(byte[],int,int)>",
					"source":"FIELDCALLER"
				},
				{
					"trace":[
						"<android.media.AmrInputStream: int read(byte[])>",
						"<android.media.AmrInputStream: int read(byte[],int,int)>",
						"<android.bluetooth.BluetoothInputStream: int read(byte[],int,int)>",
						"<android.bluetooth.BluetoothSocket: int read(byte[],int,int)>",
						"<android.content.pm.LimitedLengthInputStream: int read(byte[],int,int)>",
						"key field: <android.content.pm.LimitedLengthInputStream: long mOffset>",
						"<android.content.pm.LimitedLengthInputStream: int read(byte[],int,int)>"
					],
					"depth":5,
					"method":"<android.media.AmrInputStream: int read(byte[])>",
					"source":"FIELDCALLER"
				},
				{
					"trace":[
						"<android.media.AmrInputStream: int read()>",
						"<android.media.AmrInputStream: int read(byte[],int,int)>",
						"<android.bluetooth.BluetoothInputStream: int read(byte[],int,int)>",
						"<android.bluetooth.BluetoothSocket: int read(byte[],int,int)>",
						"<android.content.pm.LimitedLengthInputStream: int read(byte[],int,int)>",
						"key field: <android.content.pm.LimitedLengthInputStream: long mOffset>",
						"<android.content.pm.LimitedLengthInputStream: int read(byte[],int,int)>"
					],
					"depth":5,
					"method":"<android.media.AmrInputStream: int read()>",
					"source":"FIELDCALLER"
				},
				{
					"trace":[
						"<java.io.InputStream: int read()>",
						"<android.media.AmrInputStream: int read(byte[],int,int)>",
						"<android.bluetooth.BluetoothInputStream: int read(byte[],int,int)>",
						"<android.bluetooth.BluetoothSocket: int read(byte[],int,int)>",
						"<android.content.pm.LimitedLengthInputStream: int read(byte[],int,int)>",
						"key field: <android.content.pm.LimitedLengthInputStream: long mOffset>",
						"<android.content.pm.LimitedLengthInputStream: int read(byte[],int,int)>"
					],
					"depth":5,
					"method":"<java.io.InputStream: int read()>",
					"source":"FIELDCALLER"
				},
				{
					"trace":[
						"<com.android.internal.util.SizedInputStream: int read(byte[],int,int)>",
						"<android.media.AmrInputStream: int read(byte[],int,int)>",
						"<android.bluetooth.BluetoothInputStream: int read(byte[],int,int)>",
						"<android.bluetooth.BluetoothSocket: int read(byte[],int,int)>",
						"<android.content.pm.LimitedLengthInputStream: int read(byte[],int,int)>",
						"key field: <android.content.pm.LimitedLengthInputStream: long mOffset>",
						"<android.content.pm.LimitedLengthInputStream: int read(byte[],int,int)>"
					],
					"depth":5,
					"method":"<com.android.internal.util.SizedInputStream: int read(byte[],int,int)>",
					"source":"FIELDCALLER"
				},
				{
					"trace":[
						"<android.media.ResampleInputStream: int read(byte[],int,int)>",
						"<com.android.internal.util.SizedInputStream: int read(byte[],int,int)>",
						"<android.media.AmrInputStream: int read(byte[],int,int)>",
						"<android.bluetooth.BluetoothInputStream: int read(byte[],int,int)>",
						"<android.bluetooth.BluetoothSocket: int read(byte[],int,int)>",
						"<android.content.pm.LimitedLengthInputStream: int read(byte[],int,int)>",
						"key field: <android.content.pm.LimitedLengthInputStream: long mOffset>",
						"<android.content.pm.LimitedLengthInputStream: int read(byte[],int,int)>"
					],
					"depth":6,
					"method":"<android.media.ResampleInputStream: int read(byte[],int,int)>",
					"source":"FIELDCALLER"
				},
				{
					"trace":[
						"<android.media.ResampleInputStream: int read(byte[])>",
						"<android.media.ResampleInputStream: int read(byte[],int,int)>",
						"<com.android.internal.util.SizedInputStream: int read(byte[],int,int)>",
						"<android.media.AmrInputStream: int read(byte[],int,int)>",
						"<android.bluetooth.BluetoothInputStream: int read(byte[],int,int)>",
						"<android.bluetooth.BluetoothSocket: int read(byte[],int,int)>",
						"<android.content.pm.LimitedLengthInputStream: int read(byte[],int,int)>",
						"key field: <android.content.pm.LimitedLengthInputStream: long mOffset>",
						"<android.content.pm.LimitedLengthInputStream: int read(byte[],int,int)>"
					],
					"depth":7,
					"method":"<android.media.ResampleInputStream: int read(byte[])>",
					"source":"FIELDCALLER"
				},
				{
					"trace":[
						"<android.media.ResampleInputStream: int read()>",
						"<android.media.ResampleInputStream: int read(byte[],int,int)>",
						"<com.android.internal.util.SizedInputStream: int read(byte[],int,int)>",
						"<android.media.AmrInputStream: int read(byte[],int,int)>",
						"<android.bluetooth.BluetoothInputStream: int read(byte[],int,int)>",
						"<android.bluetooth.BluetoothSocket: int read(byte[],int,int)>",
						"<android.content.pm.LimitedLengthInputStream: int read(byte[],int,int)>",
						"key field: <android.content.pm.LimitedLengthInputStream: long mOffset>",
						"<android.content.pm.LimitedLengthInputStream: int read(byte[],int,int)>"
					],
					"depth":7,
					"method":"<android.media.ResampleInputStream: int read()>",
					"source":"FIELDCALLER"
				}
			],
			"callerOfSingnlar2SourceVar":{
				"<android.content.pm.LimitedLengthInputStream: int read(byte[],int,int)>":"2"
			}
		}
	]
}