{
	"exceptions":[
		{
			"method":"<android.content.pm.InstantAppResolveInfo: void <init>(android.content.pm.InstantAppResolveInfo$InstantAppDigest,java.lang.String,java.util.List,int)>",
			"message":"[\\s\\S]*",
			"relatedVarType":"Parameter",
			"relatedCondType":"Basic",
			"modifier":"public",
			"type":"java.lang.IllegalArgumentException",
			"osVersionRelated":false,
			"resourceRelated":false,
			"assessRelated":false,
			"hardwareRelated":false,
			"manifestRelated":false,
			"conditions":"$i3 != 0, r3 == null, r1 != null",
			"paramValues":"@parameter2: java.util.List, @parameter1: java.lang.String",
			"relatedValues":"@parameter2: java.util.List, @parameter1: java.lang.String; ; ",
			"keyAPISameClassNum":0,
			"keyAPIDiffClassNum":0,
			"keyAPISameClass":[
				{
					"trace":[
						"<android.content.pm.InstantAppResolveInfo: void <init>(android.content.pm.InstantAppResolveInfo$InstantAppDigest,java.lang.String,java.util.List,int)>"
					],
					"depth":0,
					"method":"<android.content.pm.InstantAppResolveInfo: void <init>(android.content.pm.InstantAppResolveInfo$InstantAppDigest,java.lang.String,java.util.List,int)>",
					"source":"CALLER"
				},
				{
					"trace":[
						"<android.content.pm.InstantAppResolveInfo: void <init>(java.lang.String,java.lang.String,java.util.List)>",
						"<android.content.pm.InstantAppResolveInfo: void <init>(android.content.pm.InstantAppResolveInfo$InstantAppDigest,java.lang.String,java.util.List,int)>"
					],
					"depth":1,
					"method":"<android.content.pm.InstantAppResolveInfo: void <init>(java.lang.String,java.lang.String,java.util.List)>",
					"source":"CALLER"
				}
			],
			"keyAPIDiffClass":[
				{
					"trace":[
						"<android.content.pm.EphemeralResolveInfo: void <init>(android.content.pm.EphemeralResolveInfo$EphemeralDigest,java.lang.String,java.util.List,int)>",
						"<android.content.pm.InstantAppResolveInfo: void <init>(android.content.pm.InstantAppResolveInfo$InstantAppDigest,java.lang.String,java.util.List,int)>"
					],
					"depth":1,
					"method":"<android.content.pm.EphemeralResolveInfo: void <init>(android.content.pm.EphemeralResolveInfo$EphemeralDigest,java.lang.String,java.util.List,int)>",
					"source":"CALLER"
				},
				{
					"trace":[
						"<android.content.pm.EphemeralResolveInfo: void <init>(android.content.pm.EphemeralResolveInfo$EphemeralDigest,java.lang.String,java.util.List)>",
						"<android.content.pm.EphemeralResolveInfo: void <init>(android.content.pm.EphemeralResolveInfo$EphemeralDigest,java.lang.String,java.util.List,int)>",
						"<android.content.pm.InstantAppResolveInfo: void <init>(android.content.pm.InstantAppResolveInfo$InstantAppDigest,java.lang.String,java.util.List,int)>"
					],
					"depth":2,
					"method":"<android.content.pm.EphemeralResolveInfo: void <init>(android.content.pm.EphemeralResolveInfo$EphemeralDigest,java.lang.String,java.util.List)>",
					"source":"CALLER"
				},
				{
					"trace":[
						"<android.content.pm.EphemeralResolveInfo: void <init>(android.net.Uri,java.lang.String,java.util.List)>",
						"<android.content.pm.InstantAppResolveInfo: void <init>(java.lang.String,java.lang.String,java.util.List)>",
						"<android.content.pm.InstantAppResolveInfo: void <init>(android.content.pm.InstantAppResolveInfo$InstantAppDigest,java.lang.String,java.util.List,int)>"
					],
					"depth":2,
					"method":"<android.content.pm.EphemeralResolveInfo: void <init>(android.net.Uri,java.lang.String,java.util.List)>",
					"source":"CALLER"
				},
				{
					"trace":[
						"<android.content.pm.EphemeralResolveInfo: void <init>(java.lang.String,java.lang.String,java.util.List)>",
						"<android.content.pm.EphemeralResolveInfo: void <init>(android.content.pm.EphemeralResolveInfo$EphemeralDigest,java.lang.String,java.util.List)>",
						"<android.content.pm.EphemeralResolveInfo: void <init>(android.content.pm.EphemeralResolveInfo$EphemeralDigest,java.lang.String,java.util.List,int)>",
						"<android.content.pm.InstantAppResolveInfo: void <init>(android.content.pm.InstantAppResolveInfo$InstantAppDigest,java.lang.String,java.util.List,int)>"
					],
					"depth":3,
					"method":"<android.content.pm.EphemeralResolveInfo: void <init>(java.lang.String,java.lang.String,java.util.List)>",
					"source":"CALLER"
				}
			],
			"callerOfSingnlar2SourceVar":{
				"<android.content.pm.EphemeralResolveInfo: void <init>(java.lang.String,java.lang.String,java.util.List)>":"1",
				"<android.content.pm.EphemeralResolveInfo: void <init>(android.content.pm.EphemeralResolveInfo$EphemeralDigest,java.lang.String,java.util.List)>":"1",
				"<android.content.pm.InstantAppResolveInfo: void <init>(java.lang.String,java.lang.String,java.util.List)>":"2, 1",
				"<android.content.pm.InstantAppResolveInfo: void <init>(android.content.pm.InstantAppResolveInfo$InstantAppDigest,java.lang.String,java.util.List,int)>":"2, 1",
				"<android.content.pm.EphemeralResolveInfo: void <init>(android.content.pm.EphemeralResolveInfo$EphemeralDigest,java.lang.String,java.util.List,int)>":"1",
				"<android.content.pm.EphemeralResolveInfo: void <init>(android.net.Uri,java.lang.String,java.util.List)>":"1"
			}
		}
	]
}