{
	"exceptions":[
		{
			"method":"<android.app.usage.NetworkStatsManager: void registerUsageCallback(int,java.lang.String,long,android.app.usage.NetworkStatsManager$UsageCallback,android.os.Handler)>",
			"message":"[\\s\\S]*",
			"relatedVarType":"Parameter",
			"relatedCondType":"Basic",
			"modifier":"public",
			"type":"java.lang.RuntimeException",
			"osVersionRelated":false,
			"resourceRelated":false,
			"assessRelated":false,
			"hardwareRelated":false,
			"manifestRelated":false,
			"conditions":"r2 != null, $r16 != null",
			"paramValues":"@parameter4: android.os.Handler",
			"caughtValues":"@caughtexception",
			"relatedValues":"@parameter4: android.os.Handler; ; @caughtexception",
			"keyAPISameClassNum":0,
			"keyAPIDiffClassNum":0,
			"keyAPISameClass":[
				{
					"trace":[
						"<android.app.usage.NetworkStatsManager: void registerUsageCallback(int,java.lang.String,long,android.app.usage.NetworkStatsManager$UsageCallback,android.os.Handler)>"
					],
					"depth":0,
					"method":"<android.app.usage.NetworkStatsManager: void registerUsageCallback(int,java.lang.String,long,android.app.usage.NetworkStatsManager$UsageCallback,android.os.Handler)>",
					"source":"CALLER"
				}
			],
			"keyAPIDiffClass":[],
			"callerOfSingnlar2SourceVar":{
				"<android.app.usage.NetworkStatsManager: void registerUsageCallback(int,java.lang.String,long,android.app.usage.NetworkStatsManager$UsageCallback,android.os.Handler)>":"4"
			}
		},
		{
			"method":"<android.app.usage.NetworkStatsManager: void unregisterUsageCallback(android.app.usage.NetworkStatsManager$UsageCallback)>",
			"message":"\\QInvalid UsageCallback\\E",
			"relatedVarType":"Parameter",
			"relatedCondType":"Basic",
			"modifier":"public",
			"type":"java.lang.IllegalArgumentException",
			"osVersionRelated":false,
			"resourceRelated":false,
			"assessRelated":false,
			"hardwareRelated":false,
			"manifestRelated":false,
			"conditions":"r0 == null, $r1 == null",
			"paramValues":"@parameter0: android.app.usage.NetworkStatsManager$UsageCallback",
			"relatedValues":"@parameter0: android.app.usage.NetworkStatsManager$UsageCallback; ; ",
			"keyAPISameClassNum":0,
			"keyAPIDiffClassNum":0,
			"keyAPISameClass":[
				{
					"trace":[
						"<android.app.usage.NetworkStatsManager: void unregisterUsageCallback(android.app.usage.NetworkStatsManager$UsageCallback)>"
					],
					"depth":0,
					"method":"<android.app.usage.NetworkStatsManager: void unregisterUsageCallback(android.app.usage.NetworkStatsManager$UsageCallback)>",
					"source":"CALLER"
				}
			],
			"keyAPIDiffClass":[],
			"callerOfSingnlar2SourceVar":{
				"<android.app.usage.NetworkStatsManager: void unregisterUsageCallback(android.app.usage.NetworkStatsManager$UsageCallback)>":"0"
			}
		},
		{
			"method":"<android.app.usage.NetworkStatsManager: void unregisterUsageCallback(android.app.usage.NetworkStatsManager$UsageCallback)>",
			"message":"[\\s\\S]*",
			"relatedVarType":"Parameter",
			"relatedCondType":"Basic",
			"modifier":"public",
			"type":"java.lang.RuntimeException",
			"osVersionRelated":false,
			"resourceRelated":false,
			"assessRelated":false,
			"hardwareRelated":false,
			"manifestRelated":false,
			"conditions":"$i0 != 0, $r1 == null, r0 == null",
			"paramValues":"@parameter0: android.app.usage.NetworkStatsManager$UsageCallback",
			"caughtValues":"@caughtexception",
			"relatedValues":"@parameter0: android.app.usage.NetworkStatsManager$UsageCallback; ; @caughtexception",
			"keyAPISameClassNum":0,
			"keyAPIDiffClassNum":0,
			"keyAPISameClass":[
				{
					"trace":[
						"<android.app.usage.NetworkStatsManager: void unregisterUsageCallback(android.app.usage.NetworkStatsManager$UsageCallback)>"
					],
					"depth":0,
					"method":"<android.app.usage.NetworkStatsManager: void unregisterUsageCallback(android.app.usage.NetworkStatsManager$UsageCallback)>",
					"source":"CALLER"
				}
			],
			"keyAPIDiffClass":[],
			"callerOfSingnlar2SourceVar":{
				"<android.app.usage.NetworkStatsManager: void unregisterUsageCallback(android.app.usage.NetworkStatsManager$UsageCallback)>":"0"
			}
		},
		{
			"method":"<android.app.usage.NetworkStatsManager: android.net.NetworkTemplate createTemplate(int,java.lang.String)>",
			"message":"\\QCannot create template for network type \\E[\\s\\S]*\\Q, subscriberId '\\E[\\s\\S]*\\Q'.\\E",
			"relatedVarType":"Parameter",
			"relatedCondType":"Basic",
			"modifier":"private",
			"type":"java.lang.IllegalArgumentException",
			"osVersionRelated":false,
			"resourceRelated":false,
			"assessRelated":false,
			"hardwareRelated":false,
			"manifestRelated":false,
			"conditions":"i0",
			"paramValues":"@parameter0: int",
			"relatedValues":"@parameter0: int; ; ",
			"keyAPISameClassNum":0,
			"keyAPIDiffClassNum":0,
			"keyAPISameClass":[
				{
					"trace":[
						"<android.app.usage.NetworkStatsManager: android.net.NetworkTemplate createTemplate(int,java.lang.String)>"
					],
					"depth":0,
					"method":"<android.app.usage.NetworkStatsManager: android.net.NetworkTemplate createTemplate(int,java.lang.String)>",
					"source":"CALLER"
				},
				{
					"trace":[
						"<android.app.usage.NetworkStatsManager: android.app.usage.NetworkStats$Bucket querySummaryForDevice(int,java.lang.String,long,long)>",
						"<android.app.usage.NetworkStatsManager: android.net.NetworkTemplate createTemplate(int,java.lang.String)>"
					],
					"depth":1,
					"method":"<android.app.usage.NetworkStatsManager: android.app.usage.NetworkStats$Bucket querySummaryForDevice(int,java.lang.String,long,long)>",
					"source":"CALLER"
				},
				{
					"trace":[
						"<android.app.usage.NetworkStatsManager: void registerUsageCallback(int,java.lang.String,long,android.app.usage.NetworkStatsManager$UsageCallback,android.os.Handler)>",
						"<android.app.usage.NetworkStatsManager: android.net.NetworkTemplate createTemplate(int,java.lang.String)>"
					],
					"depth":1,
					"method":"<android.app.usage.NetworkStatsManager: void registerUsageCallback(int,java.lang.String,long,android.app.usage.NetworkStatsManager$UsageCallback,android.os.Handler)>",
					"source":"CALLER"
				},
				{
					"trace":[
						"<android.app.usage.NetworkStatsManager: android.app.usage.NetworkStats queryDetails(int,java.lang.String,long,long)>",
						"<android.app.usage.NetworkStatsManager: android.net.NetworkTemplate createTemplate(int,java.lang.String)>"
					],
					"depth":1,
					"method":"<android.app.usage.NetworkStatsManager: android.app.usage.NetworkStats queryDetails(int,java.lang.String,long,long)>",
					"source":"CALLER"
				},
				{
					"trace":[
						"<android.app.usage.NetworkStatsManager: android.app.usage.NetworkStats queryDetailsForUidTag(int,java.lang.String,long,long,int,int)>",
						"<android.app.usage.NetworkStatsManager: android.net.NetworkTemplate createTemplate(int,java.lang.String)>"
					],
					"depth":1,
					"method":"<android.app.usage.NetworkStatsManager: android.app.usage.NetworkStats queryDetailsForUidTag(int,java.lang.String,long,long,int,int)>",
					"source":"CALLER"
				},
				{
					"trace":[
						"<android.app.usage.NetworkStatsManager: android.app.usage.NetworkStats querySummary(int,java.lang.String,long,long)>",
						"<android.app.usage.NetworkStatsManager: android.net.NetworkTemplate createTemplate(int,java.lang.String)>"
					],
					"depth":1,
					"method":"<android.app.usage.NetworkStatsManager: android.app.usage.NetworkStats querySummary(int,java.lang.String,long,long)>",
					"source":"CALLER"
				},
				{
					"trace":[
						"<android.app.usage.NetworkStatsManager: android.app.usage.NetworkStats$Bucket querySummaryForUser(int,java.lang.String,long,long)>",
						"<android.app.usage.NetworkStatsManager: android.net.NetworkTemplate createTemplate(int,java.lang.String)>"
					],
					"depth":1,
					"method":"<android.app.usage.NetworkStatsManager: android.app.usage.NetworkStats$Bucket querySummaryForUser(int,java.lang.String,long,long)>",
					"source":"CALLER"
				},
				{
					"trace":[
						"<android.app.usage.NetworkStatsManager: void registerUsageCallback(int,java.lang.String,long,android.app.usage.NetworkStatsManager$UsageCallback)>",
						"<android.app.usage.NetworkStatsManager: void registerUsageCallback(int,java.lang.String,long,android.app.usage.NetworkStatsManager$UsageCallback,android.os.Handler)>",
						"<android.app.usage.NetworkStatsManager: android.net.NetworkTemplate createTemplate(int,java.lang.String)>"
					],
					"depth":2,
					"method":"<android.app.usage.NetworkStatsManager: void registerUsageCallback(int,java.lang.String,long,android.app.usage.NetworkStatsManager$UsageCallback)>",
					"source":"CALLER"
				},
				{
					"trace":[
						"<android.app.usage.NetworkStatsManager: android.app.usage.NetworkStats queryDetailsForUid(int,java.lang.String,long,long,int)>",
						"<android.app.usage.NetworkStatsManager: android.app.usage.NetworkStats queryDetailsForUidTag(int,java.lang.String,long,long,int,int)>",
						"<android.app.usage.NetworkStatsManager: android.net.NetworkTemplate createTemplate(int,java.lang.String)>"
					],
					"depth":2,
					"method":"<android.app.usage.NetworkStatsManager: android.app.usage.NetworkStats queryDetailsForUid(int,java.lang.String,long,long,int)>",
					"source":"CALLER"
				}
			],
			"keyAPIDiffClass":[],
			"callerOfSingnlar2SourceVar":{
				"<android.app.usage.NetworkStatsManager: android.app.usage.NetworkStats queryDetailsForUid(int,java.lang.String,long,long,int)>":"0",
				"<android.app.usage.NetworkStatsManager: void registerUsageCallback(int,java.lang.String,long,android.app.usage.NetworkStatsManager$UsageCallback,android.os.Handler)>":"0",
				"<android.app.usage.NetworkStatsManager: android.app.usage.NetworkStats queryDetailsForUidTag(int,java.lang.String,long,long,int,int)>":"0",
				"<android.app.usage.NetworkStatsManager: android.app.usage.NetworkStats queryDetails(int,java.lang.String,long,long)>":"0",
				"<android.app.usage.NetworkStatsManager: android.app.usage.NetworkStats querySummary(int,java.lang.String,long,long)>":"0",
				"<android.app.usage.NetworkStatsManager: android.app.usage.NetworkStats$Bucket querySummaryForUser(int,java.lang.String,long,long)>":"0",
				"<android.app.usage.NetworkStatsManager: void registerUsageCallback(int,java.lang.String,long,android.app.usage.NetworkStatsManager$UsageCallback)>":"0",
				"<android.app.usage.NetworkStatsManager: android.net.NetworkTemplate createTemplate(int,java.lang.String)>":"0",
				"<android.app.usage.NetworkStatsManager: android.app.usage.NetworkStats$Bucket querySummaryForDevice(int,java.lang.String,long,long)>":"0"
			}
		}
	]
}