{
	"exceptions":[
		{
			"method":"<android.app.servertransaction.MoveToDisplayItem: android.app.servertransaction.MoveToDisplayItem obtain(int,android.content.res.Configuration)>",
			"message":"\\QConfiguration must not be null\\E",
			"relatedVarType":"Parameter",
			"relatedCondType":"Basic",
			"modifier":"public",
			"type":"java.lang.IllegalArgumentException",
			"osVersionRelated":false,
			"resourceRelated":false,
			"assessRelated":false,
			"hardwareRelated":false,
			"manifestRelated":false,
			"conditions":"r0 == null",
			"paramValues":"@parameter1: android.content.res.Configuration",
			"relatedValues":"@parameter1: android.content.res.Configuration; ; ",
			"keyAPISameClassNum":0,
			"keyAPIDiffClassNum":0,
			"keyAPISameClass":[
				{
					"trace":[
						"<android.app.servertransaction.MoveToDisplayItem: android.app.servertransaction.MoveToDisplayItem obtain(int,android.content.res.Configuration)>"
					],
					"depth":0,
					"method":"<android.app.servertransaction.MoveToDisplayItem: android.app.servertransaction.MoveToDisplayItem obtain(int,android.content.res.Configuration)>",
					"source":"CALLER"
				}
			],
			"keyAPIDiffClass":[],
			"callerOfSingnlar2SourceVar":{
				"<android.app.servertransaction.MoveToDisplayItem: android.app.servertransaction.MoveToDisplayItem obtain(int,android.content.res.Configuration)>":"1"
			}
		}
	]
}