{
	"exceptions":[
		{
			"method":"<android.content.ContextParams$Builder: android.content.ContextParams$Builder setRenouncedPermissions(java.util.Set)>",
			"message":"\\QRenouncing permissions requires: android.permission.RENOUNCE_PERMISSIONS\\E",
			"relatedVarType":"Parameter",
			"relatedCondType":"Basic",
			"modifier":"public",
			"type":"java.lang.SecurityException",
			"osVersionRelated":false,
			"resourceRelated":false,
			"assessRelated":false,
			"hardwareRelated":false,
			"manifestRelated":true,
			"conditions":"$i0 != 0, $z0 != 0, r0 == null",
			"paramValues":"@parameter0: java.util.Set",
			"relatedValues":"@parameter0: java.util.Set; ; ",
			"keyAPISameClassNum":0,
			"keyAPIDiffClassNum":0,
			"keyAPISameClass":[
				{
					"trace":[
						"<android.content.ContextParams$Builder: android.content.ContextParams$Builder setRenouncedPermissions(java.util.Set)>"
					],
					"depth":0,
					"method":"<android.content.ContextParams$Builder: android.content.ContextParams$Builder setRenouncedPermissions(java.util.Set)>",
					"source":"CALLER"
				}
			],
			"keyAPIDiffClass":[],
			"callerOfSingnlar2SourceVar":{
				"<android.content.ContextParams$Builder: android.content.ContextParams$Builder setRenouncedPermissions(java.util.Set)>":"0"
			}
		}
	]
}