{
	"exceptions":[
		{
			"method":"<android.content.ClipData$Item: void <init>(java.lang.CharSequence,java.lang.String,android.content.Intent,android.net.Uri)>",
			"message":"\\QPlain text must be supplied if HTML text is supplied\\E",
			"relatedVarType":"Parameter",
			"relatedCondType":"Basic",
			"modifier":"public",
			"type":"java.lang.IllegalArgumentException",
			"osVersionRelated":false,
			"resourceRelated":false,
			"assessRelated":false,
			"hardwareRelated":false,
			"manifestRelated":false,
			"conditions":"r2 == null, r1 == null",
			"paramValues":"@parameter0: java.lang.CharSequence, @parameter1: java.lang.String",
			"relatedValues":"@parameter0: java.lang.CharSequence, @parameter1: java.lang.String; ; ",
			"keyAPISameClassNum":0,
			"keyAPIDiffClassNum":0,
			"keyAPISameClass":[
				{
					"trace":[
						"<android.content.ClipData$Item: void <init>(java.lang.CharSequence,java.lang.String,android.content.Intent,android.net.Uri)>"
					],
					"depth":0,
					"method":"<android.content.ClipData$Item: void <init>(java.lang.CharSequence,java.lang.String,android.content.Intent,android.net.Uri)>",
					"source":"CALLER"
				}
			],
			"keyAPIDiffClass":[
				{
					"trace":[
						"<android.content.ClipData$1: android.content.ClipData createFromParcel(android.os.Parcel)>",
						"<android.content.ClipData: void <init>(android.os.Parcel)>",
						"<android.content.ClipData$Item: void <init>(java.lang.CharSequence,java.lang.String,android.content.Intent,android.net.Uri)>"
					],
					"depth":2,
					"method":"<android.content.ClipData$1: android.content.ClipData createFromParcel(android.os.Parcel)>",
					"source":"CALLER"
				},
				{
					"trace":[
						"<android.os.Parcelable$Creator: java.lang.Object createFromParcel(android.os.Parcel)>",
						"<android.content.ClipData: void <init>(android.os.Parcel)>",
						"<android.content.ClipData$Item: void <init>(java.lang.CharSequence,java.lang.String,android.content.Intent,android.net.Uri)>"
					],
					"depth":2,
					"method":"<android.os.Parcelable$Creator: java.lang.Object createFromParcel(android.os.Parcel)>",
					"source":"CALLER"
				},
				{
					"trace":[
						"<android.content.Intent: void readFromParcel(android.os.Parcel)>",
						"<android.content.ClipData: void <init>(android.os.Parcel)>",
						"<android.content.ClipData$Item: void <init>(java.lang.CharSequence,java.lang.String,android.content.Intent,android.net.Uri)>"
					],
					"depth":2,
					"method":"<android.content.Intent: void readFromParcel(android.os.Parcel)>",
					"source":"CALLER"
				},
				{
					"trace":[
						"<android.content.ClipData$1: java.lang.Object createFromParcel(android.os.Parcel)>",
						"<android.content.ClipData$1: android.content.ClipData createFromParcel(android.os.Parcel)>",
						"<android.content.ClipData: void <init>(android.os.Parcel)>",
						"<android.content.ClipData$Item: void <init>(java.lang.CharSequence,java.lang.String,android.content.Intent,android.net.Uri)>"
					],
					"depth":3,
					"method":"<android.content.ClipData$1: java.lang.Object createFromParcel(android.os.Parcel)>",
					"source":"CALLER"
				},
				{
					"trace":[
						"<android.content.pm.LabeledIntent: void readFromParcel(android.os.Parcel)>",
						"<android.content.Intent: void readFromParcel(android.os.Parcel)>",
						"<android.content.ClipData: void <init>(android.os.Parcel)>",
						"<android.content.ClipData$Item: void <init>(java.lang.CharSequence,java.lang.String,android.content.Intent,android.net.Uri)>"
					],
					"depth":3,
					"method":"<android.content.pm.LabeledIntent: void readFromParcel(android.os.Parcel)>",
					"source":"CALLER"
				},
				{
					"trace":[
						"<android.content.Intent$1: android.content.Intent createFromParcel(android.os.Parcel)>",
						"<android.content.Intent: void <init>(android.os.Parcel)>",
						"<android.content.Intent: void readFromParcel(android.os.Parcel)>",
						"<android.content.ClipData: void <init>(android.os.Parcel)>",
						"<android.content.ClipData$Item: void <init>(java.lang.CharSequence,java.lang.String,android.content.Intent,android.net.Uri)>"
					],
					"depth":4,
					"method":"<android.content.Intent$1: android.content.Intent createFromParcel(android.os.Parcel)>",
					"source":"CALLER"
				},
				{
					"trace":[
						"<android.content.Intent$1: java.lang.Object createFromParcel(android.os.Parcel)>",
						"<android.content.Intent$1: android.content.Intent createFromParcel(android.os.Parcel)>",
						"<android.content.Intent: void <init>(android.os.Parcel)>",
						"<android.content.Intent: void readFromParcel(android.os.Parcel)>",
						"<android.content.ClipData: void <init>(android.os.Parcel)>",
						"<android.content.ClipData$Item: void <init>(java.lang.CharSequence,java.lang.String,android.content.Intent,android.net.Uri)>"
					],
					"depth":5,
					"method":"<android.content.Intent$1: java.lang.Object createFromParcel(android.os.Parcel)>",
					"source":"CALLER"
				},
				{
					"trace":[
						"<android.content.pm.LabeledIntent$1: android.content.pm.LabeledIntent createFromParcel(android.os.Parcel)>",
						"<android.content.pm.LabeledIntent: void <init>(android.os.Parcel)>",
						"<android.content.pm.LabeledIntent: void readFromParcel(android.os.Parcel)>",
						"<android.content.Intent: void readFromParcel(android.os.Parcel)>",
						"<android.content.ClipData: void <init>(android.os.Parcel)>",
						"<android.content.ClipData$Item: void <init>(java.lang.CharSequence,java.lang.String,android.content.Intent,android.net.Uri)>"
					],
					"depth":5,
					"method":"<android.content.pm.LabeledIntent$1: android.content.pm.LabeledIntent createFromParcel(android.os.Parcel)>",
					"source":"CALLER"
				},
				{
					"trace":[
						"<android.content.pm.LabeledIntent$1: java.lang.Object createFromParcel(android.os.Parcel)>",
						"<android.content.pm.LabeledIntent$1: android.content.pm.LabeledIntent createFromParcel(android.os.Parcel)>",
						"<android.content.pm.LabeledIntent: void <init>(android.os.Parcel)>",
						"<android.content.pm.LabeledIntent: void readFromParcel(android.os.Parcel)>",
						"<android.content.Intent: void readFromParcel(android.os.Parcel)>",
						"<android.content.ClipData: void <init>(android.os.Parcel)>",
						"<android.content.ClipData$Item: void <init>(java.lang.CharSequence,java.lang.String,android.content.Intent,android.net.Uri)>"
					],
					"depth":6,
					"method":"<android.content.pm.LabeledIntent$1: java.lang.Object createFromParcel(android.os.Parcel)>",
					"source":"CALLER"
				}
			],
			"callerOfSingnlar2SourceVar":{
				"<android.content.ClipData$Item: void <init>(java.lang.CharSequence,java.lang.String,android.content.Intent,android.net.Uri)>":"0, 1"
			}
		}
	]
}