{
	"exceptions":[
		{
			"method":"<android.bluetooth.BluetoothProfileConnector: void connect(android.content.Context,android.bluetooth.BluetoothProfile$ServiceListener)>",
			"message":"\\QNeed BLUETOOTH permission\\E",
			"relatedVarType":"Parameter",
			"relatedCondType":"Basic",
			"modifier":"default",
			"type":"java.lang.SecurityException",
			"osVersionRelated":true,
			"resourceRelated":false,
			"assessRelated":false,
			"hardwareRelated":false,
			"manifestRelated":true,
			"conditions":"$i1 != 0, $i0 > 30",
			"paramValues":"@parameter0: android.content.Context",
			"relatedValues":"@parameter0: android.content.Context; ; ",
			"keyAPISameClassNum":0,
			"keyAPIDiffClassNum":0,
			"keyAPISameClass":[
				{
					"trace":[
						"<android.bluetooth.BluetoothProfileConnector: void connect(android.content.Context,android.bluetooth.BluetoothProfile$ServiceListener)>"
					],
					"depth":0,
					"method":"<android.bluetooth.BluetoothProfileConnector: void connect(android.content.Context,android.bluetooth.BluetoothProfile$ServiceListener)>",
					"source":"CALLER"
				}
			],
			"keyAPIDiffClass":[
				{
					"trace":[
						"<android.bluetooth.BluetoothAdapter: boolean getProfileProxy(android.content.Context,android.bluetooth.BluetoothProfile$ServiceListener,int)>",
						"<android.bluetooth.BluetoothHidHost: void <init>(android.content.Context,android.bluetooth.BluetoothProfile$ServiceListener,android.bluetooth.BluetoothAdapter)>",
						"<android.bluetooth.BluetoothProfileConnector: void connect(android.content.Context,android.bluetooth.BluetoothProfile$ServiceListener)>"
					],
					"depth":2,
					"method":"<android.bluetooth.BluetoothAdapter: boolean getProfileProxy(android.content.Context,android.bluetooth.BluetoothProfile$ServiceListener,int)>",
					"source":"CALLER"
				}
			],
			"callerOfSingnlar2SourceVar":{
				"<android.bluetooth.BluetoothA2dp: void <init>(android.content.Context,android.bluetooth.BluetoothProfile$ServiceListener,android.bluetooth.BluetoothAdapter)>":"0",
				"<android.bluetooth.BluetoothHearingAid: void <init>(android.content.Context,android.bluetooth.BluetoothProfile$ServiceListener,android.bluetooth.BluetoothAdapter)>":"0",
				"<android.bluetooth.BluetoothPan: void <init>(android.content.Context,android.bluetooth.BluetoothProfile$ServiceListener,android.bluetooth.BluetoothAdapter)>":"0",
				"<android.bluetooth.BluetoothHidHost: void <init>(android.content.Context,android.bluetooth.BluetoothProfile$ServiceListener,android.bluetooth.BluetoothAdapter)>":"0",
				"<android.bluetooth.BluetoothA2dpSink: void <init>(android.content.Context,android.bluetooth.BluetoothProfile$ServiceListener,android.bluetooth.BluetoothAdapter)>":"0",
				"<android.bluetooth.BluetoothSap: void <init>(android.content.Context,android.bluetooth.BluetoothProfile$ServiceListener,android.bluetooth.BluetoothAdapter)>":"0",
				"<android.bluetooth.BluetoothAvrcpController: void <init>(android.content.Context,android.bluetooth.BluetoothProfile$ServiceListener,android.bluetooth.BluetoothAdapter)>":"0",
				"<android.bluetooth.BluetoothMap: void <init>(android.content.Context,android.bluetooth.BluetoothProfile$ServiceListener,android.bluetooth.BluetoothAdapter)>":"0",
				"<android.bluetooth.BluetoothHeadsetClient: void <init>(android.content.Context,android.bluetooth.BluetoothProfile$ServiceListener,android.bluetooth.BluetoothAdapter)>":"0",
				"<android.bluetooth.BluetoothAdapter: boolean getProfileProxy(android.content.Context,android.bluetooth.BluetoothProfile$ServiceListener,int)>":"0",
				"<android.bluetooth.BluetoothMapClient: void <init>(android.content.Context,android.bluetooth.BluetoothProfile$ServiceListener,android.bluetooth.BluetoothAdapter)>":"0",
				"<android.bluetooth.BluetoothLeAudio: void <init>(android.content.Context,android.bluetooth.BluetoothProfile$ServiceListener,android.bluetooth.BluetoothAdapter)>":"0",
				"<android.bluetooth.BluetoothPbapClient: void <init>(android.content.Context,android.bluetooth.BluetoothProfile$ServiceListener,android.bluetooth.BluetoothAdapter)>":"0",
				"<android.bluetooth.BluetoothProfileConnector: void connect(android.content.Context,android.bluetooth.BluetoothProfile$ServiceListener)>":"0",
				"<android.bluetooth.BluetoothHidDevice: void <init>(android.content.Context,android.bluetooth.BluetoothProfile$ServiceListener,android.bluetooth.BluetoothAdapter)>":"0"
			}
		}
	]
}