{
	"exceptions":[
		{
			"method":"<android.app.usage.EventStats: void add(android.app.usage.EventStats)>",
			"message":"\\QCan't merge EventStats for event #\\E[\\s\\S]*\\Q with EventStats for event #\\E[\\s\\S]*",
			"relatedVarType":"ParaAndField",
			"relatedCondType":"Basic",
			"modifier":"public",
			"type":"java.lang.IllegalArgumentException",
			"osVersionRelated":false,
			"resourceRelated":false,
			"assessRelated":false,
			"hardwareRelated":false,
			"manifestRelated":false,
			"conditions":"$i1 != $i0",
			"paramValues":"@parameter0: android.app.usage.EventStats",
			"fieldValues":"<android.app.usage.EventStats: int mEventType>",
			"relatedValues":"@parameter0: android.app.usage.EventStats; <android.app.usage.EventStats: int mEventType>; ",
			"keyAPISameClassNum":1,
			"keyAPIDiffClassNum":0,
			"keyAPISameClass":[
				{
					"trace":[
						"<android.app.usage.EventStats: void add(android.app.usage.EventStats)>"
					],
					"depth":1,
					"method":"<android.app.usage.EventStats: void <init>(android.app.usage.EventStats)>",
					"source":"FIELD"
				}
			],
			"keyAPIDiffClass":[],
			"callerOfSingnlar2SourceVar":{
				"<android.app.usage.EventStats: void add(android.app.usage.EventStats)>":"0"
			}
		}
	]
}