{
	"exceptions":[
		{
			"method":"<android.content.AttributionSource$Builder: void checkNotUsed()>",
			"message":"\\QThis Builder should not be reused. Use a new Builder instance instead\\E",
			"relatedVarType":"Field",
			"relatedCondType":"Basic",
			"modifier":"private",
			"type":"java.lang.IllegalStateException",
			"osVersionRelated":false,
			"resourceRelated":false,
			"assessRelated":false,
			"hardwareRelated":false,
			"manifestRelated":false,
			"conditions":"$b2 != 0",
			"fieldValues":"<android.content.AttributionSource$Builder: long mBuilderFieldsSet>",
			"relatedValues":"; <android.content.AttributionSource$Builder: long mBuilderFieldsSet>; ",
			"keyAPISameClassNum":6,
			"keyAPIDiffClassNum":0,
			"keyAPISameClass":[
				{
					"trace":[
						"<android.content.AttributionSource$Builder: void checkNotUsed()>"
					],
					"depth":1,
					"method":"<android.content.AttributionSource$Builder: void <init>(int)>",
					"source":"FIELD"
				},
				{
					"trace":[
						"<android.content.AttributionSource$Builder: void checkNotUsed()>"
					],
					"depth":1,
					"method":"<android.content.AttributionSource$Builder: android.content.AttributionSource build()>",
					"source":"FIELD"
				},
				{
					"trace":[
						"<android.content.AttributionSource$Builder: void checkNotUsed()>"
					],
					"depth":1,
					"method":"<android.content.AttributionSource$Builder: android.content.AttributionSource$Builder setAttributionTag(java.lang.String)>",
					"source":"FIELD"
				},
				{
					"trace":[
						"<android.content.AttributionSource$Builder: void checkNotUsed()>"
					],
					"depth":1,
					"method":"<android.content.AttributionSource$Builder: android.content.AttributionSource$Builder setNext(android.content.AttributionSource)>",
					"source":"FIELD"
				},
				{
					"trace":[
						"<android.content.AttributionSource$Builder: void checkNotUsed()>"
					],
					"depth":1,
					"method":"<android.content.AttributionSource$Builder: android.content.AttributionSource$Builder setPackageName(java.lang.String)>",
					"source":"FIELD"
				},
				{
					"trace":[
						"<android.content.AttributionSource$Builder: void checkNotUsed()>"
					],
					"depth":1,
					"method":"<android.content.AttributionSource$Builder: android.content.AttributionSource$Builder setRenouncedPermissions(java.util.Set)>",
					"source":"FIELD"
				}
			],
			"keyAPIDiffClass":[],
			"callerOfSingnlar2SourceVar":{}
		}
	]
}