{
	"exceptions":[
		{
			"method":"<android.content.BroadcastReceiver: void checkSynchronousHint()>",
			"message":"[\\s\\S]*",
			"relatedVarType":"Field",
			"relatedCondType":"Basic",
			"modifier":"default",
			"type":"java.lang.RuntimeException",
			"osVersionRelated":false,
			"resourceRelated":false,
			"assessRelated":false,
			"hardwareRelated":false,
			"manifestRelated":false,
			"conditions":"$z1 == 0, $z0 != 0, r6 == null",
			"fieldValues":"<android.content.BroadcastReceiver: android.content.BroadcastReceiver$PendingResult mPendingResult>",
			"relatedValues":"; <android.content.BroadcastReceiver: android.content.BroadcastReceiver$PendingResult mPendingResult>; ",
			"keyAPISameClassNum":16,
			"keyAPIDiffClassNum":1,
			"keyAPISameClass":[
				{
					"trace":[
						"<android.content.BroadcastReceiver: void checkSynchronousHint()>"
					],
					"depth":1,
					"method":"<android.content.BroadcastReceiver: void abortBroadcast()>",
					"source":"FIELD"
				},
				{
					"trace":[
						"<android.content.BroadcastReceiver: void checkSynchronousHint()>"
					],
					"depth":1,
					"method":"<android.content.BroadcastReceiver: void clearAbortBroadcast()>",
					"source":"FIELD"
				},
				{
					"trace":[
						"<android.content.BroadcastReceiver: void checkSynchronousHint()>"
					],
					"depth":1,
					"method":"<android.content.BroadcastReceiver: boolean getAbortBroadcast()>",
					"source":"FIELD"
				},
				{
					"trace":[
						"<android.content.BroadcastReceiver: void checkSynchronousHint()>"
					],
					"depth":1,
					"method":"<android.content.BroadcastReceiver: int getResultCode()>",
					"source":"FIELD"
				},
				{
					"trace":[
						"<android.content.BroadcastReceiver: void checkSynchronousHint()>"
					],
					"depth":1,
					"method":"<android.content.BroadcastReceiver: java.lang.String getResultData()>",
					"source":"FIELD"
				},
				{
					"trace":[
						"<android.content.BroadcastReceiver: void checkSynchronousHint()>"
					],
					"depth":1,
					"method":"<android.content.BroadcastReceiver: android.os.Bundle getResultExtras(boolean)>",
					"source":"FIELD"
				},
				{
					"trace":[
						"<android.content.BroadcastReceiver: void checkSynchronousHint()>"
					],
					"depth":1,
					"method":"<android.content.BroadcastReceiver: int getSendingUserId()>",
					"source":"FIELD"
				},
				{
					"trace":[
						"<android.content.BroadcastReceiver: void checkSynchronousHint()>"
					],
					"depth":1,
					"method":"<android.content.BroadcastReceiver: android.content.BroadcastReceiver$PendingResult goAsync()>",
					"source":"FIELD"
				},
				{
					"trace":[
						"<android.content.BroadcastReceiver: void checkSynchronousHint()>"
					],
					"depth":1,
					"method":"<android.content.BroadcastReceiver: boolean isInitialStickyBroadcast()>",
					"source":"FIELD"
				},
				{
					"trace":[
						"<android.content.BroadcastReceiver: void checkSynchronousHint()>"
					],
					"depth":1,
					"method":"<android.content.BroadcastReceiver: boolean isOrderedBroadcast()>",
					"source":"FIELD"
				},
				{
					"trace":[
						"<android.content.BroadcastReceiver: void checkSynchronousHint()>"
					],
					"depth":1,
					"method":"<android.content.BroadcastReceiver: void setPendingResult(android.content.BroadcastReceiver$PendingResult)>",
					"source":"FIELD"
				},
				{
					"trace":[
						"<android.content.BroadcastReceiver: void setResultCode(int)>",
						"<android.content.BroadcastReceiver: void checkSynchronousHint()>",
						"key field: <android.content.BroadcastReceiver: android.content.BroadcastReceiver$PendingResult mPendingResult>",
						"<android.content.BroadcastReceiver: void checkSynchronousHint()>"
					],
					"depth":2,
					"method":"<android.content.BroadcastReceiver: void setResultCode(int)>",
					"source":"FIELDCALLER"
				},
				{
					"trace":[
						"<android.content.BroadcastReceiver: void setResult(int,java.lang.String,android.os.Bundle)>",
						"<android.content.BroadcastReceiver: void checkSynchronousHint()>",
						"key field: <android.content.BroadcastReceiver: android.content.BroadcastReceiver$PendingResult mPendingResult>",
						"<android.content.BroadcastReceiver: void checkSynchronousHint()>"
					],
					"depth":2,
					"method":"<android.content.BroadcastReceiver: void setResult(int,java.lang.String,android.os.Bundle)>",
					"source":"FIELDCALLER"
				},
				{
					"trace":[
						"<android.content.BroadcastReceiver: void setResultExtras(android.os.Bundle)>",
						"<android.content.BroadcastReceiver: void checkSynchronousHint()>",
						"key field: <android.content.BroadcastReceiver: android.content.BroadcastReceiver$PendingResult mPendingResult>",
						"<android.content.BroadcastReceiver: void checkSynchronousHint()>"
					],
					"depth":2,
					"method":"<android.content.BroadcastReceiver: void setResultExtras(android.os.Bundle)>",
					"source":"FIELDCALLER"
				},
				{
					"trace":[
						"<android.content.BroadcastReceiver: void setResultData(java.lang.String)>",
						"<android.content.BroadcastReceiver: void checkSynchronousHint()>",
						"key field: <android.content.BroadcastReceiver: android.content.BroadcastReceiver$PendingResult mPendingResult>",
						"<android.content.BroadcastReceiver: void checkSynchronousHint()>"
					],
					"depth":2,
					"method":"<android.content.BroadcastReceiver: void setResultData(java.lang.String)>",
					"source":"FIELDCALLER"
				},
				{
					"trace":[
						"<android.content.BroadcastReceiver: android.os.UserHandle getSendingUser()>",
						"<android.content.BroadcastReceiver: int getSendingUserId()>",
						"key field: <android.content.BroadcastReceiver: android.content.BroadcastReceiver$PendingResult mPendingResult>",
						"<android.content.BroadcastReceiver: void checkSynchronousHint()>"
					],
					"depth":2,
					"method":"<android.content.BroadcastReceiver: android.os.UserHandle getSendingUser()>",
					"source":"FIELDCALLER"
				}
			],
			"keyAPIDiffClass":[
				{
					"trace":[
						"<android.content.BroadcastReceiver: void onReceive(android.content.Context,android.content.Intent)>",
						"<android.content.BroadcastReceiver: void setResultCode(int)>",
						"<android.content.BroadcastReceiver: void checkSynchronousHint()>",
						"key field: <android.content.BroadcastReceiver: android.content.BroadcastReceiver$PendingResult mPendingResult>",
						"<android.content.BroadcastReceiver: void checkSynchronousHint()>"
					],
					"depth":3,
					"method":"<android.content.BroadcastReceiver: void onReceive(android.content.Context,android.content.Intent)>",
					"source":"FIELDCALLER"
				}
			],
			"callerOfSingnlar2SourceVar":{}
		},
		{
			"method":"<android.content.BroadcastReceiver: void checkSynchronousHint()>",
			"message":"\\QCall while result is not pending\\E",
			"relatedVarType":"Field",
			"relatedCondType":"Basic",
			"modifier":"default",
			"type":"java.lang.IllegalStateException",
			"osVersionRelated":false,
			"resourceRelated":false,
			"assessRelated":false,
			"hardwareRelated":false,
			"manifestRelated":false,
			"conditions":"r6 == null",
			"fieldValues":"<android.content.BroadcastReceiver: android.content.BroadcastReceiver$PendingResult mPendingResult>",
			"relatedValues":"; <android.content.BroadcastReceiver: android.content.BroadcastReceiver$PendingResult mPendingResult>; ",
			"keyAPISameClassNum":16,
			"keyAPIDiffClassNum":1,
			"keyAPISameClass":[
				{
					"trace":[
						"<android.content.BroadcastReceiver: void checkSynchronousHint()>"
					],
					"depth":1,
					"method":"<android.content.BroadcastReceiver: void abortBroadcast()>",
					"source":"FIELD"
				},
				{
					"trace":[
						"<android.content.BroadcastReceiver: void checkSynchronousHint()>"
					],
					"depth":1,
					"method":"<android.content.BroadcastReceiver: void clearAbortBroadcast()>",
					"source":"FIELD"
				},
				{
					"trace":[
						"<android.content.BroadcastReceiver: void checkSynchronousHint()>"
					],
					"depth":1,
					"method":"<android.content.BroadcastReceiver: boolean getAbortBroadcast()>",
					"source":"FIELD"
				},
				{
					"trace":[
						"<android.content.BroadcastReceiver: void checkSynchronousHint()>"
					],
					"depth":1,
					"method":"<android.content.BroadcastReceiver: int getResultCode()>",
					"source":"FIELD"
				},
				{
					"trace":[
						"<android.content.BroadcastReceiver: void checkSynchronousHint()>"
					],
					"depth":1,
					"method":"<android.content.BroadcastReceiver: java.lang.String getResultData()>",
					"source":"FIELD"
				},
				{
					"trace":[
						"<android.content.BroadcastReceiver: void checkSynchronousHint()>"
					],
					"depth":1,
					"method":"<android.content.BroadcastReceiver: android.os.Bundle getResultExtras(boolean)>",
					"source":"FIELD"
				},
				{
					"trace":[
						"<android.content.BroadcastReceiver: void checkSynchronousHint()>"
					],
					"depth":1,
					"method":"<android.content.BroadcastReceiver: int getSendingUserId()>",
					"source":"FIELD"
				},
				{
					"trace":[
						"<android.content.BroadcastReceiver: void checkSynchronousHint()>"
					],
					"depth":1,
					"method":"<android.content.BroadcastReceiver: android.content.BroadcastReceiver$PendingResult goAsync()>",
					"source":"FIELD"
				},
				{
					"trace":[
						"<android.content.BroadcastReceiver: void checkSynchronousHint()>"
					],
					"depth":1,
					"method":"<android.content.BroadcastReceiver: boolean isInitialStickyBroadcast()>",
					"source":"FIELD"
				},
				{
					"trace":[
						"<android.content.BroadcastReceiver: void checkSynchronousHint()>"
					],
					"depth":1,
					"method":"<android.content.BroadcastReceiver: boolean isOrderedBroadcast()>",
					"source":"FIELD"
				},
				{
					"trace":[
						"<android.content.BroadcastReceiver: void checkSynchronousHint()>"
					],
					"depth":1,
					"method":"<android.content.BroadcastReceiver: void setPendingResult(android.content.BroadcastReceiver$PendingResult)>",
					"source":"FIELD"
				},
				{
					"trace":[
						"<android.content.BroadcastReceiver: void setResultCode(int)>",
						"<android.content.BroadcastReceiver: void checkSynchronousHint()>",
						"key field: <android.content.BroadcastReceiver: android.content.BroadcastReceiver$PendingResult mPendingResult>",
						"<android.content.BroadcastReceiver: void checkSynchronousHint()>"
					],
					"depth":2,
					"method":"<android.content.BroadcastReceiver: void setResultCode(int)>",
					"source":"FIELDCALLER"
				},
				{
					"trace":[
						"<android.content.BroadcastReceiver: void setResult(int,java.lang.String,android.os.Bundle)>",
						"<android.content.BroadcastReceiver: void checkSynchronousHint()>",
						"key field: <android.content.BroadcastReceiver: android.content.BroadcastReceiver$PendingResult mPendingResult>",
						"<android.content.BroadcastReceiver: void checkSynchronousHint()>"
					],
					"depth":2,
					"method":"<android.content.BroadcastReceiver: void setResult(int,java.lang.String,android.os.Bundle)>",
					"source":"FIELDCALLER"
				},
				{
					"trace":[
						"<android.content.BroadcastReceiver: void setResultExtras(android.os.Bundle)>",
						"<android.content.BroadcastReceiver: void checkSynchronousHint()>",
						"key field: <android.content.BroadcastReceiver: android.content.BroadcastReceiver$PendingResult mPendingResult>",
						"<android.content.BroadcastReceiver: void checkSynchronousHint()>"
					],
					"depth":2,
					"method":"<android.content.BroadcastReceiver: void setResultExtras(android.os.Bundle)>",
					"source":"FIELDCALLER"
				},
				{
					"trace":[
						"<android.content.BroadcastReceiver: void setResultData(java.lang.String)>",
						"<android.content.BroadcastReceiver: void checkSynchronousHint()>",
						"key field: <android.content.BroadcastReceiver: android.content.BroadcastReceiver$PendingResult mPendingResult>",
						"<android.content.BroadcastReceiver: void checkSynchronousHint()>"
					],
					"depth":2,
					"method":"<android.content.BroadcastReceiver: void setResultData(java.lang.String)>",
					"source":"FIELDCALLER"
				},
				{
					"trace":[
						"<android.content.BroadcastReceiver: android.os.UserHandle getSendingUser()>",
						"<android.content.BroadcastReceiver: int getSendingUserId()>",
						"key field: <android.content.BroadcastReceiver: android.content.BroadcastReceiver$PendingResult mPendingResult>",
						"<android.content.BroadcastReceiver: void checkSynchronousHint()>"
					],
					"depth":2,
					"method":"<android.content.BroadcastReceiver: android.os.UserHandle getSendingUser()>",
					"source":"FIELDCALLER"
				}
			],
			"keyAPIDiffClass":[
				{
					"trace":[
						"<android.content.BroadcastReceiver: void onReceive(android.content.Context,android.content.Intent)>",
						"<android.content.BroadcastReceiver: void setResultCode(int)>",
						"<android.content.BroadcastReceiver: void checkSynchronousHint()>",
						"key field: <android.content.BroadcastReceiver: android.content.BroadcastReceiver$PendingResult mPendingResult>",
						"<android.content.BroadcastReceiver: void checkSynchronousHint()>"
					],
					"depth":3,
					"method":"<android.content.BroadcastReceiver: void onReceive(android.content.Context,android.content.Intent)>",
					"source":"FIELDCALLER"
				}
			],
			"callerOfSingnlar2SourceVar":{}
		}
	]
}