{
	"exceptions":[
		{
			"method":"<android.accounts.IAccountManager$Stub: boolean setDefaultImpl(android.accounts.IAccountManager)>",
			"message":"\\QsetDefaultImpl() called twice\\E",
			"relatedVarType":"Field",
			"relatedCondType":"Basic",
			"modifier":"public",
			"type":"java.lang.IllegalStateException",
			"osVersionRelated":false,
			"resourceRelated":false,
			"assessRelated":false,
			"hardwareRelated":true,
			"manifestRelated":false,
			"conditions":"$r0 != null",
			"fieldValues":"<android.accounts.IAccountManager$Stub$Proxy: android.accounts.IAccountManager sDefaultImpl>",
			"relatedValues":"; <android.accounts.IAccountManager$Stub$Proxy: android.accounts.IAccountManager sDefaultImpl>; ",
			"keyAPISameClassNum":1,
			"keyAPIDiffClassNum":0,
			"keyAPISameClass":[
				{
					"trace":[
						"<android.accounts.IAccountManager$Stub: boolean setDefaultImpl(android.accounts.IAccountManager)>"
					],
					"depth":1,
					"method":"<android.accounts.IAccountManager$Stub: boolean setDefaultImpl(android.accounts.IAccountManager)>",
					"source":"FIELD"
				}
			],
			"keyAPIDiffClass":[],
			"callerOfSingnlar2SourceVar":{}
		}
	]
}