{
	"exceptions":[
		{
			"method":"<android.app.ActionBar: void setElevation(float)>",
			"message":"\\QSetting a non-zero elevation is not supported in this action bar configuration.\\E",
			"relatedVarType":"Parameter",
			"relatedCondType":"Basic",
			"modifier":"public",
			"type":"java.lang.UnsupportedOperationException",
			"osVersionRelated":false,
			"resourceRelated":false,
			"assessRelated":false,
			"hardwareRelated":false,
			"manifestRelated":false,
			"conditions":"$b0 != 0",
			"paramValues":"@parameter0: float",
			"relatedValues":"@parameter0: float; ; ",
			"keyAPISameClassNum":0,
			"keyAPIDiffClassNum":0,
			"keyAPISameClass":[
				{
					"trace":[
						"<android.app.ActionBar: void setElevation(float)>"
					],
					"depth":0,
					"method":"<android.app.ActionBar: void setElevation(float)>",
					"source":"CALLER"
				}
			],
			"keyAPIDiffClass":[],
			"callerOfSingnlar2SourceVar":{
				"<android.app.ActionBar: void setElevation(float)>":"0"
			}
		},
		{
			"method":"<android.app.ActionBar: void setHideOffset(int)>",
			"message":"\\QSetting an explicit action bar hide offset is not supported in this action bar configuration.\\E",
			"relatedVarType":"Parameter",
			"relatedCondType":"Basic",
			"modifier":"public",
			"type":"java.lang.UnsupportedOperationException",
			"osVersionRelated":false,
			"resourceRelated":false,
			"assessRelated":false,
			"hardwareRelated":false,
			"manifestRelated":false,
			"conditions":"i0 != 0",
			"paramValues":"@parameter0: int",
			"relatedValues":"@parameter0: int; ; ",
			"keyAPISameClassNum":0,
			"keyAPIDiffClassNum":0,
			"keyAPISameClass":[
				{
					"trace":[
						"<android.app.ActionBar: void setHideOffset(int)>"
					],
					"depth":0,
					"method":"<android.app.ActionBar: void setHideOffset(int)>",
					"source":"CALLER"
				}
			],
			"keyAPIDiffClass":[],
			"callerOfSingnlar2SourceVar":{
				"<android.app.ActionBar: void setHideOffset(int)>":"0"
			}
		},
		{
			"method":"<android.app.ActionBar: void setHideOnContentScrollEnabled(boolean)>",
			"message":"\\QHide on content scroll is not supported in this action bar configuration.\\E",
			"relatedVarType":"Parameter",
			"relatedCondType":"Basic",
			"modifier":"public",
			"type":"java.lang.UnsupportedOperationException",
			"osVersionRelated":false,
			"resourceRelated":false,
			"assessRelated":false,
			"hardwareRelated":false,
			"manifestRelated":false,
			"conditions":"z0 != 0",
			"paramValues":"@parameter0: boolean",
			"relatedValues":"@parameter0: boolean; ; ",
			"keyAPISameClassNum":0,
			"keyAPIDiffClassNum":0,
			"keyAPISameClass":[
				{
					"trace":[
						"<android.app.ActionBar: void setHideOnContentScrollEnabled(boolean)>"
					],
					"depth":0,
					"method":"<android.app.ActionBar: void setHideOnContentScrollEnabled(boolean)>",
					"source":"CALLER"
				}
			],
			"keyAPIDiffClass":[],
			"callerOfSingnlar2SourceVar":{
				"<android.app.ActionBar: void setHideOnContentScrollEnabled(boolean)>":"0"
			}
		}
	]
}