{
	"exceptions":[
		{
			"method":"<android.content.ContentUris: android.net.Uri removeId(android.net.Uri)>",
			"message":"\\QNo path segments to remove\\E",
			"relatedVarType":"Parameter",
			"relatedCondType":"Basic",
			"modifier":"public",
			"type":"java.lang.IllegalArgumentException",
			"osVersionRelated":false,
			"resourceRelated":false,
			"assessRelated":false,
			"hardwareRelated":false,
			"manifestRelated":false,
			"conditions":"r7 == null",
			"paramValues":"@parameter0: android.net.Uri",
			"relatedValues":"@parameter0: android.net.Uri; ; ",
			"keyAPISameClassNum":0,
			"keyAPIDiffClassNum":0,
			"keyAPISameClass":[
				{
					"trace":[
						"<android.content.ContentUris: android.net.Uri removeId(android.net.Uri)>"
					],
					"depth":0,
					"method":"<android.content.ContentUris: android.net.Uri removeId(android.net.Uri)>",
					"source":"CALLER"
				}
			],
			"keyAPIDiffClass":[],
			"callerOfSingnlar2SourceVar":{
				"<android.content.ContentUris: android.net.Uri removeId(android.net.Uri)>":"0"
			}
		}
	]
}