{
	"exceptions":[
		{
			"method":"<android.audio.policy.configuration.V7_0.AudioSource: android.audio.policy.configuration.V7_0.AudioSource fromString(java.lang.String)>",
			"message":"",
			"relatedVarType":"Parameter",
			"relatedCondType":"Basic",
			"modifier":"default",
			"type":"java.lang.IllegalArgumentException",
			"osVersionRelated":false,
			"resourceRelated":false,
			"assessRelated":false,
			"hardwareRelated":false,
			"manifestRelated":false,
			"conditions":"i1 >= i0, $z0 == 0",
			"paramValues":"@parameter0: java.lang.String",
			"relatedValues":"@parameter0: java.lang.String; ; ",
			"keyAPISameClassNum":0,
			"keyAPIDiffClassNum":0,
			"keyAPISameClass":[
				{
					"trace":[
						"<android.audio.policy.configuration.V7_0.AudioSource: android.audio.policy.configuration.V7_0.AudioSource fromString(java.lang.String)>"
					],
					"depth":0,
					"method":"<android.audio.policy.configuration.V7_0.AudioSource: android.audio.policy.configuration.V7_0.AudioSource fromString(java.lang.String)>",
					"source":"CALLER"
				}
			],
			"keyAPIDiffClass":[],
			"callerOfSingnlar2SourceVar":{
				"<android.audio.policy.configuration.V7_0.AudioSource: android.audio.policy.configuration.V7_0.AudioSource fromString(java.lang.String)>":"0"
			}
		}
	]
}