{
	"exceptions":[
		{
			"method":"<android.app.SearchableInfo: void <init>(android.content.Context,android.util.AttributeSet,android.content.ComponentName)>",
			"message":"\\QSearch label must be a resource reference.\\E",
			"relatedVarType":"ParaAndField",
			"relatedCondType":"Basic",
			"modifier":"private",
			"type":"java.lang.IllegalArgumentException",
			"osVersionRelated":false,
			"resourceRelated":false,
			"assessRelated":false,
			"hardwareRelated":false,
			"manifestRelated":false,
			"conditions":"i1 == 0, r2 == null, r14 == null",
			"paramValues":"@parameter1: android.util.AttributeSet, @parameter0: android.content.Context",
			"fieldValues":"<com.android.internal.R$styleable: int[] Searchable>",
			"relatedValues":"@parameter1: android.util.AttributeSet, @parameter0: android.content.Context; <com.android.internal.R$styleable: int[] Searchable>; ",
			"keyAPISameClassNum":1,
			"keyAPIDiffClassNum":0,
			"keyAPISameClass":[
				{
					"trace":[
						"<android.app.SearchableInfo: android.app.SearchableInfo getActivityMetaData(android.content.Context,android.content.pm.ActivityInfo,int)>",
						"<android.app.SearchableInfo: android.app.SearchableInfo getActivityMetaData(android.content.Context,org.xmlpull.v1.XmlPullParser,android.content.ComponentName)>",
						"<android.app.SearchableInfo: void <init>(android.content.Context,android.util.AttributeSet,android.content.ComponentName)>",
						"key field: <com.android.internal.R$styleable: int[] Searchable>",
						"<android.app.SearchableInfo: void <init>(android.content.Context,android.util.AttributeSet,android.content.ComponentName)>"
					],
					"depth":3,
					"method":"<android.app.SearchableInfo: android.app.SearchableInfo getActivityMetaData(android.content.Context,android.content.pm.ActivityInfo,int)>",
					"source":"FIELDCALLER"
				}
			],
			"keyAPIDiffClass":[],
			"callerOfSingnlar2SourceVar":{
				"<android.app.SearchableInfo: void <init>(android.content.Context,android.util.AttributeSet,android.content.ComponentName)>":"1, 0"
			}
		}
	]
}