{
	"exceptions":[
		{
			"method":"<android.accounts.AccountManager$AmsTask$Response: void onResult(android.os.Bundle)>",
			"message":"[\\s\\S]*",
			"relatedVarType":"Parameter",
			"relatedCondType":"Basic",
			"modifier":"public",
			"type":"java.lang.RuntimeException",
			"osVersionRelated":false,
			"resourceRelated":false,
			"assessRelated":false,
			"hardwareRelated":true,
			"manifestRelated":false,
			"conditions":"$z0 == 0, r1 == null, r11 != null",
			"paramValues":"@parameter0: android.os.Bundle",
			"caughtValues":"@caughtexception",
			"relatedValues":"@parameter0: android.os.Bundle; ; @caughtexception",
			"keyAPISameClassNum":0,
			"keyAPIDiffClassNum":0,
			"keyAPISameClass":[
				{
					"trace":[
						"<android.accounts.AccountManager$AmsTask$Response: void onResult(android.os.Bundle)>"
					],
					"depth":0,
					"method":"<android.accounts.AccountManager$AmsTask$Response: void onResult(android.os.Bundle)>",
					"source":"CALLER"
				}
			],
			"keyAPIDiffClass":[],
			"callerOfSingnlar2SourceVar":{
				"<android.accounts.AccountManager$AmsTask$Response: void onResult(android.os.Bundle)>":"0"
			}
		}
	]
}