{
	"exceptions":[
		{
			"method":"<android.content.integrity.CompoundFormula: java.lang.String connectorToString(int)>",
			"message":"\\QUnknown connector \\E[\\s\\S]*",
			"relatedVarType":"Parameter",
			"relatedCondType":"Basic",
			"modifier":"private",
			"type":"java.lang.IllegalArgumentException",
			"osVersionRelated":false,
			"resourceRelated":false,
			"assessRelated":false,
			"hardwareRelated":false,
			"manifestRelated":false,
			"conditions":"i0",
			"paramValues":"@parameter0: int",
			"relatedValues":"@parameter0: int; ; ",
			"keyAPISameClassNum":0,
			"keyAPIDiffClassNum":0,
			"keyAPISameClass":[
				{
					"trace":[
						"<android.content.integrity.CompoundFormula: java.lang.String connectorToString(int)>"
					],
					"depth":0,
					"method":"<android.content.integrity.CompoundFormula: java.lang.String connectorToString(int)>",
					"source":"CALLER"
				},
				{
					"trace":[
						"<android.content.integrity.CompoundFormula: void <init>(int,java.util.List)>",
						"<android.content.integrity.CompoundFormula: void validateFormulas(int,java.util.List)>",
						"<android.content.integrity.CompoundFormula: java.lang.String connectorToString(int)>"
					],
					"depth":2,
					"method":"<android.content.integrity.CompoundFormula: void <init>(int,java.util.List)>",
					"source":"CALLER"
				}
			],
			"keyAPIDiffClass":[],
			"callerOfSingnlar2SourceVar":{
				"<android.content.integrity.CompoundFormula: java.lang.String connectorToString(int)>":"0",
				"<android.content.integrity.CompoundFormula: void <init>(int,java.util.List)>":"0",
				"<android.content.integrity.CompoundFormula: void validateFormulas(int,java.util.List)>":"0"
			}
		},
		{
			"method":"<android.content.integrity.CompoundFormula: boolean matches(android.content.integrity.AppInstallMetadata)>",
			"message":"\\QUnknown connector \\E[\\s\\S]*",
			"relatedVarType":"Unknown",
			"relatedCondType":"Basic",
			"modifier":"public",
			"type":"java.lang.IllegalArgumentException",
			"osVersionRelated":false,
			"resourceRelated":false,
			"assessRelated":false,
			"hardwareRelated":false,
			"manifestRelated":false,
			"conditions":"$i0",
			"keyAPISameClassNum":0,
			"keyAPIDiffClassNum":0,
			"keyAPISameClass":[],
			"keyAPIDiffClass":[],
			"callerOfSingnlar2SourceVar":{}
		}
	]
}