{
	"exceptions":[
		{
			"method":"<android.app.slice.SliceProvider: java.lang.CharSequence getPermissionString(android.content.Context,java.lang.String)>",
			"message":"\\QUnknown calling app\\E",
			"relatedVarType":"Unknown",
			"relatedCondType":"Empty",
			"modifier":"public",
			"type":"java.lang.RuntimeException",
			"osVersionRelated":false,
			"resourceRelated":false,
			"assessRelated":false,
			"hardwareRelated":false,
			"manifestRelated":false,
			"caughtValues":"@caughtexception",
			"relatedValues":"; ; @caughtexception",
			"keyAPISameClassNum":0,
			"keyAPIDiffClassNum":0,
			"keyAPISameClass":[],
			"keyAPIDiffClass":[],
			"callerOfSingnlar2SourceVar":{}
		},
		{
			"method":"<android.app.slice.SliceProvider: android.os.Bundle call(java.lang.String,java.lang.String,android.os.Bundle)>",
			"message":"\\QOnly the system can pin/unpin slices\\E",
			"relatedVarType":"Parameter",
			"relatedCondType":"Basic",
			"modifier":"public",
			"type":"java.lang.SecurityException",
			"osVersionRelated":false,
			"resourceRelated":false,
			"assessRelated":false,
			"hardwareRelated":false,
			"manifestRelated":false,
			"conditions":"$i2 != 1000, $z3 == 0, $z2 == 0",
			"paramValues":"@parameter0: java.lang.String",
			"relatedValues":"@parameter0: java.lang.String; ; ",
			"keyAPISameClassNum":0,
			"keyAPIDiffClassNum":0,
			"keyAPISameClass":[
				{
					"trace":[
						"<android.app.slice.SliceProvider: android.os.Bundle call(java.lang.String,java.lang.String,android.os.Bundle)>"
					],
					"depth":0,
					"method":"<android.app.slice.SliceProvider: android.os.Bundle call(java.lang.String,java.lang.String,android.os.Bundle)>",
					"source":"CALLER"
				}
			],
			"keyAPIDiffClass":[],
			"callerOfSingnlar2SourceVar":{
				"<android.app.slice.SliceProvider: android.os.Bundle call(java.lang.String,java.lang.String,android.os.Bundle)>":"0"
			}
		},
		{
			"method":"<android.app.slice.SliceProvider: android.os.Bundle call(java.lang.String,java.lang.String,android.os.Bundle)>",
			"message":"\\QOnly the system can pin/unpin slices\\E",
			"relatedVarType":"Parameter",
			"relatedCondType":"Basic",
			"modifier":"public",
			"type":"java.lang.SecurityException",
			"osVersionRelated":false,
			"resourceRelated":false,
			"assessRelated":false,
			"hardwareRelated":false,
			"manifestRelated":false,
			"conditions":"$i1 != 1000, $z4 == 0, $z3 == 0",
			"paramValues":"@parameter0: java.lang.String",
			"relatedValues":"@parameter0: java.lang.String; ; ",
			"keyAPISameClassNum":0,
			"keyAPIDiffClassNum":0,
			"keyAPISameClass":[
				{
					"trace":[
						"<android.app.slice.SliceProvider: android.os.Bundle call(java.lang.String,java.lang.String,android.os.Bundle)>"
					],
					"depth":0,
					"method":"<android.app.slice.SliceProvider: android.os.Bundle call(java.lang.String,java.lang.String,android.os.Bundle)>",
					"source":"CALLER"
				}
			],
			"keyAPIDiffClass":[],
			"callerOfSingnlar2SourceVar":{
				"<android.app.slice.SliceProvider: android.os.Bundle call(java.lang.String,java.lang.String,android.os.Bundle)>":"0"
			}
		},
		{
			"method":"<android.app.slice.SliceProvider: android.os.Bundle call(java.lang.String,java.lang.String,android.os.Bundle)>",
			"message":"\\QOnly the system can get permissions\\E",
			"relatedVarType":"Parameter",
			"relatedCondType":"Basic",
			"modifier":"public",
			"type":"java.lang.SecurityException",
			"osVersionRelated":false,
			"resourceRelated":false,
			"assessRelated":false,
			"hardwareRelated":false,
			"manifestRelated":false,
			"conditions":"$i0 != 1000, $z6 == 0, $z5 == 0",
			"paramValues":"@parameter0: java.lang.String",
			"relatedValues":"@parameter0: java.lang.String; ; ",
			"keyAPISameClassNum":0,
			"keyAPIDiffClassNum":0,
			"keyAPISameClass":[
				{
					"trace":[
						"<android.app.slice.SliceProvider: android.os.Bundle call(java.lang.String,java.lang.String,android.os.Bundle)>"
					],
					"depth":0,
					"method":"<android.app.slice.SliceProvider: android.os.Bundle call(java.lang.String,java.lang.String,android.os.Bundle)>",
					"source":"CALLER"
				}
			],
			"keyAPIDiffClass":[],
			"callerOfSingnlar2SourceVar":{
				"<android.app.slice.SliceProvider: android.os.Bundle call(java.lang.String,java.lang.String,android.os.Bundle)>":"0"
			}
		},
		{
			"method":"<android.app.slice.SliceProvider: android.net.Uri onMapIntentToUri(android.content.Intent)>",
			"message":"\\QThis provider has not implemented intent to uri mapping\\E",
			"relatedVarType":"Empty",
			"relatedCondType":"Empty",
			"modifier":"public",
			"type":"java.lang.UnsupportedOperationException",
			"osVersionRelated":false,
			"resourceRelated":false,
			"assessRelated":false,
			"hardwareRelated":false,
			"manifestRelated":false,
			"keyAPISameClassNum":0,
			"keyAPIDiffClassNum":0,
			"keyAPISameClass":[],
			"keyAPIDiffClass":[],
			"callerOfSingnlar2SourceVar":{}
		}
	]
}