{
	"exceptions":[
		{
			"method":"<android.app.BackStackState: void <init>(android.app.FragmentManagerImpl,android.app.BackStackRecord)>",
			"message":"\\QNot on back stack\\E",
			"relatedVarType":"Parameter",
			"relatedCondType":"Basic",
			"modifier":"public",
			"type":"java.lang.IllegalStateException",
			"osVersionRelated":false,
			"resourceRelated":false,
			"assessRelated":false,
			"hardwareRelated":false,
			"manifestRelated":false,
			"conditions":"$z0 == 0",
			"paramValues":"@parameter1: android.app.BackStackRecord",
			"relatedValues":"@parameter1: android.app.BackStackRecord; ; ",
			"keyAPISameClassNum":0,
			"keyAPIDiffClassNum":0,
			"keyAPISameClass":[
				{
					"trace":[
						"<android.app.BackStackState: void <init>(android.app.FragmentManagerImpl,android.app.BackStackRecord)>"
					],
					"depth":0,
					"method":"<android.app.BackStackState: void <init>(android.app.FragmentManagerImpl,android.app.BackStackRecord)>",
					"source":"CALLER"
				}
			],
			"keyAPIDiffClass":[],
			"callerOfSingnlar2SourceVar":{
				"<android.app.BackStackState: void <init>(android.app.FragmentManagerImpl,android.app.BackStackRecord)>":"1"
			}
		}
	]
}