{
	"exceptions":[
		{
			"method":"<android.apex.ApexSessionInfo: void readFromParcel(android.os.Parcel)>",
			"message":"\\QOverflow in the size of parcelable\\E",
			"relatedVarType":"Parameter",
			"relatedCondType":"Basic",
			"modifier":"public",
			"type":"android.os.BadParcelableException",
			"osVersionRelated":false,
			"resourceRelated":false,
			"assessRelated":false,
			"hardwareRelated":false,
			"manifestRelated":false,
			"conditions":"i0 > $i33, $i15 < i1, $i14 == 0",
			"paramValues":"@parameter0: android.os.Parcel",
			"relatedValues":"@parameter0: android.os.Parcel; ; ",
			"keyAPISameClassNum":0,
			"keyAPIDiffClassNum":0,
			"keyAPISameClass":[
				{
					"trace":[
						"<android.apex.ApexSessionInfo: void readFromParcel(android.os.Parcel)>"
					],
					"depth":0,
					"method":"<android.apex.ApexSessionInfo: void readFromParcel(android.os.Parcel)>",
					"source":"CALLER"
				}
			],
			"keyAPIDiffClass":[
				{
					"trace":[
						"<android.apex.ApexSessionInfo$1: android.apex.ApexSessionInfo createFromParcel(android.os.Parcel)>",
						"<android.apex.ApexSessionInfo: void readFromParcel(android.os.Parcel)>"
					],
					"depth":1,
					"method":"<android.apex.ApexSessionInfo$1: android.apex.ApexSessionInfo createFromParcel(android.os.Parcel)>",
					"source":"CALLER"
				},
				{
					"trace":[
						"<android.os.Parcelable$Creator: java.lang.Object createFromParcel(android.os.Parcel)>",
						"<android.apex.ApexSessionInfo: void readFromParcel(android.os.Parcel)>"
					],
					"depth":1,
					"method":"<android.os.Parcelable$Creator: java.lang.Object createFromParcel(android.os.Parcel)>",
					"source":"CALLER"
				},
				{
					"trace":[
						"<android.apex.ApexSessionInfo$1: java.lang.Object createFromParcel(android.os.Parcel)>",
						"<android.apex.ApexSessionInfo$1: android.apex.ApexSessionInfo createFromParcel(android.os.Parcel)>",
						"<android.apex.ApexSessionInfo: void readFromParcel(android.os.Parcel)>"
					],
					"depth":2,
					"method":"<android.apex.ApexSessionInfo$1: java.lang.Object createFromParcel(android.os.Parcel)>",
					"source":"CALLER"
				}
			],
			"callerOfSingnlar2SourceVar":{
				"<android.apex.ApexSessionInfo$1: java.lang.Object createFromParcel(android.os.Parcel)>":"0",
				"<android.apex.ApexSessionInfo: void readFromParcel(android.os.Parcel)>":"0",
				"<android.apex.ApexSessionInfo$1: android.apex.ApexSessionInfo createFromParcel(android.os.Parcel)>":"0"
			}
		},
		{
			"method":"<android.apex.ApexSessionInfo: void readFromParcel(android.os.Parcel)>",
			"message":"\\QOverflow in the size of parcelable\\E",
			"relatedVarType":"Parameter",
			"relatedCondType":"Basic",
			"modifier":"public",
			"type":"android.os.BadParcelableException",
			"osVersionRelated":false,
			"resourceRelated":false,
			"assessRelated":false,
			"hardwareRelated":false,
			"manifestRelated":false,
			"conditions":"i0 > $i43, $i5 < i1, i55 == 0",
			"paramValues":"@parameter0: android.os.Parcel",
			"relatedValues":"@parameter0: android.os.Parcel; ; ",
			"keyAPISameClassNum":0,
			"keyAPIDiffClassNum":0,
			"keyAPISameClass":[
				{
					"trace":[
						"<android.apex.ApexSessionInfo: void readFromParcel(android.os.Parcel)>"
					],
					"depth":0,
					"method":"<android.apex.ApexSessionInfo: void readFromParcel(android.os.Parcel)>",
					"source":"CALLER"
				}
			],
			"keyAPIDiffClass":[
				{
					"trace":[
						"<android.apex.ApexSessionInfo$1: android.apex.ApexSessionInfo createFromParcel(android.os.Parcel)>",
						"<android.apex.ApexSessionInfo: void readFromParcel(android.os.Parcel)>"
					],
					"depth":1,
					"method":"<android.apex.ApexSessionInfo$1: android.apex.ApexSessionInfo createFromParcel(android.os.Parcel)>",
					"source":"CALLER"
				},
				{
					"trace":[
						"<android.os.Parcelable$Creator: java.lang.Object createFromParcel(android.os.Parcel)>",
						"<android.apex.ApexSessionInfo: void readFromParcel(android.os.Parcel)>"
					],
					"depth":1,
					"method":"<android.os.Parcelable$Creator: java.lang.Object createFromParcel(android.os.Parcel)>",
					"source":"CALLER"
				},
				{
					"trace":[
						"<android.apex.ApexSessionInfo$1: java.lang.Object createFromParcel(android.os.Parcel)>",
						"<android.apex.ApexSessionInfo$1: android.apex.ApexSessionInfo createFromParcel(android.os.Parcel)>",
						"<android.apex.ApexSessionInfo: void readFromParcel(android.os.Parcel)>"
					],
					"depth":2,
					"method":"<android.apex.ApexSessionInfo$1: java.lang.Object createFromParcel(android.os.Parcel)>",
					"source":"CALLER"
				}
			],
			"callerOfSingnlar2SourceVar":{
				"<android.apex.ApexSessionInfo$1: java.lang.Object createFromParcel(android.os.Parcel)>":"0",
				"<android.apex.ApexSessionInfo: void readFromParcel(android.os.Parcel)>":"0",
				"<android.apex.ApexSessionInfo$1: android.apex.ApexSessionInfo createFromParcel(android.os.Parcel)>":"0"
			}
		},
		{
			"method":"<android.apex.ApexSessionInfo: void readFromParcel(android.os.Parcel)>",
			"message":"\\QOverflow in the size of parcelable\\E",
			"relatedVarType":"Parameter",
			"relatedCondType":"Basic",
			"modifier":"public",
			"type":"android.os.BadParcelableException",
			"osVersionRelated":false,
			"resourceRelated":false,
			"assessRelated":false,
			"hardwareRelated":false,
			"manifestRelated":false,
			"conditions":"i0 > $i39, $i9 < i1, $i8 == 0",
			"paramValues":"@parameter0: android.os.Parcel",
			"relatedValues":"@parameter0: android.os.Parcel; ; ",
			"keyAPISameClassNum":0,
			"keyAPIDiffClassNum":0,
			"keyAPISameClass":[
				{
					"trace":[
						"<android.apex.ApexSessionInfo: void readFromParcel(android.os.Parcel)>"
					],
					"depth":0,
					"method":"<android.apex.ApexSessionInfo: void readFromParcel(android.os.Parcel)>",
					"source":"CALLER"
				}
			],
			"keyAPIDiffClass":[
				{
					"trace":[
						"<android.apex.ApexSessionInfo$1: android.apex.ApexSessionInfo createFromParcel(android.os.Parcel)>",
						"<android.apex.ApexSessionInfo: void readFromParcel(android.os.Parcel)>"
					],
					"depth":1,
					"method":"<android.apex.ApexSessionInfo$1: android.apex.ApexSessionInfo createFromParcel(android.os.Parcel)>",
					"source":"CALLER"
				},
				{
					"trace":[
						"<android.os.Parcelable$Creator: java.lang.Object createFromParcel(android.os.Parcel)>",
						"<android.apex.ApexSessionInfo: void readFromParcel(android.os.Parcel)>"
					],
					"depth":1,
					"method":"<android.os.Parcelable$Creator: java.lang.Object createFromParcel(android.os.Parcel)>",
					"source":"CALLER"
				},
				{
					"trace":[
						"<android.apex.ApexSessionInfo$1: java.lang.Object createFromParcel(android.os.Parcel)>",
						"<android.apex.ApexSessionInfo$1: android.apex.ApexSessionInfo createFromParcel(android.os.Parcel)>",
						"<android.apex.ApexSessionInfo: void readFromParcel(android.os.Parcel)>"
					],
					"depth":2,
					"method":"<android.apex.ApexSessionInfo$1: java.lang.Object createFromParcel(android.os.Parcel)>",
					"source":"CALLER"
				}
			],
			"callerOfSingnlar2SourceVar":{
				"<android.apex.ApexSessionInfo$1: java.lang.Object createFromParcel(android.os.Parcel)>":"0",
				"<android.apex.ApexSessionInfo: void readFromParcel(android.os.Parcel)>":"0",
				"<android.apex.ApexSessionInfo$1: android.apex.ApexSessionInfo createFromParcel(android.os.Parcel)>":"0"
			}
		},
		{
			"method":"<android.apex.ApexSessionInfo: void readFromParcel(android.os.Parcel)>",
			"message":"\\QOverflow in the size of parcelable\\E",
			"relatedVarType":"Parameter",
			"relatedCondType":"Basic",
			"modifier":"public",
			"type":"android.os.BadParcelableException",
			"osVersionRelated":false,
			"resourceRelated":false,
			"assessRelated":false,
			"hardwareRelated":false,
			"manifestRelated":false,
			"conditions":"i0 > $i31, $i17 < i1, $i16 == 0",
			"paramValues":"@parameter0: android.os.Parcel",
			"relatedValues":"@parameter0: android.os.Parcel; ; ",
			"keyAPISameClassNum":0,
			"keyAPIDiffClassNum":0,
			"keyAPISameClass":[
				{
					"trace":[
						"<android.apex.ApexSessionInfo: void readFromParcel(android.os.Parcel)>"
					],
					"depth":0,
					"method":"<android.apex.ApexSessionInfo: void readFromParcel(android.os.Parcel)>",
					"source":"CALLER"
				}
			],
			"keyAPIDiffClass":[
				{
					"trace":[
						"<android.apex.ApexSessionInfo$1: android.apex.ApexSessionInfo createFromParcel(android.os.Parcel)>",
						"<android.apex.ApexSessionInfo: void readFromParcel(android.os.Parcel)>"
					],
					"depth":1,
					"method":"<android.apex.ApexSessionInfo$1: android.apex.ApexSessionInfo createFromParcel(android.os.Parcel)>",
					"source":"CALLER"
				},
				{
					"trace":[
						"<android.os.Parcelable$Creator: java.lang.Object createFromParcel(android.os.Parcel)>",
						"<android.apex.ApexSessionInfo: void readFromParcel(android.os.Parcel)>"
					],
					"depth":1,
					"method":"<android.os.Parcelable$Creator: java.lang.Object createFromParcel(android.os.Parcel)>",
					"source":"CALLER"
				},
				{
					"trace":[
						"<android.apex.ApexSessionInfo$1: java.lang.Object createFromParcel(android.os.Parcel)>",
						"<android.apex.ApexSessionInfo$1: android.apex.ApexSessionInfo createFromParcel(android.os.Parcel)>",
						"<android.apex.ApexSessionInfo: void readFromParcel(android.os.Parcel)>"
					],
					"depth":2,
					"method":"<android.apex.ApexSessionInfo$1: java.lang.Object createFromParcel(android.os.Parcel)>",
					"source":"CALLER"
				}
			],
			"callerOfSingnlar2SourceVar":{
				"<android.apex.ApexSessionInfo$1: java.lang.Object createFromParcel(android.os.Parcel)>":"0",
				"<android.apex.ApexSessionInfo: void readFromParcel(android.os.Parcel)>":"0",
				"<android.apex.ApexSessionInfo$1: android.apex.ApexSessionInfo createFromParcel(android.os.Parcel)>":"0"
			}
		},
		{
			"method":"<android.apex.ApexSessionInfo: void readFromParcel(android.os.Parcel)>",
			"message":"\\QOverflow in the size of parcelable\\E",
			"relatedVarType":"Parameter",
			"relatedCondType":"Basic",
			"modifier":"public",
			"type":"android.os.BadParcelableException",
			"osVersionRelated":false,
			"resourceRelated":false,
			"assessRelated":false,
			"hardwareRelated":false,
			"manifestRelated":false,
			"conditions":"i0 > $i25, $i22 < i1, $i21 < i1",
			"paramValues":"@parameter0: android.os.Parcel",
			"relatedValues":"@parameter0: android.os.Parcel; ; ",
			"keyAPISameClassNum":0,
			"keyAPIDiffClassNum":0,
			"keyAPISameClass":[
				{
					"trace":[
						"<android.apex.ApexSessionInfo: void readFromParcel(android.os.Parcel)>"
					],
					"depth":0,
					"method":"<android.apex.ApexSessionInfo: void readFromParcel(android.os.Parcel)>",
					"source":"CALLER"
				}
			],
			"keyAPIDiffClass":[
				{
					"trace":[
						"<android.apex.ApexSessionInfo$1: android.apex.ApexSessionInfo createFromParcel(android.os.Parcel)>",
						"<android.apex.ApexSessionInfo: void readFromParcel(android.os.Parcel)>"
					],
					"depth":1,
					"method":"<android.apex.ApexSessionInfo$1: android.apex.ApexSessionInfo createFromParcel(android.os.Parcel)>",
					"source":"CALLER"
				},
				{
					"trace":[
						"<android.os.Parcelable$Creator: java.lang.Object createFromParcel(android.os.Parcel)>",
						"<android.apex.ApexSessionInfo: void readFromParcel(android.os.Parcel)>"
					],
					"depth":1,
					"method":"<android.os.Parcelable$Creator: java.lang.Object createFromParcel(android.os.Parcel)>",
					"source":"CALLER"
				},
				{
					"trace":[
						"<android.apex.ApexSessionInfo$1: java.lang.Object createFromParcel(android.os.Parcel)>",
						"<android.apex.ApexSessionInfo$1: android.apex.ApexSessionInfo createFromParcel(android.os.Parcel)>",
						"<android.apex.ApexSessionInfo: void readFromParcel(android.os.Parcel)>"
					],
					"depth":2,
					"method":"<android.apex.ApexSessionInfo$1: java.lang.Object createFromParcel(android.os.Parcel)>",
					"source":"CALLER"
				}
			],
			"callerOfSingnlar2SourceVar":{
				"<android.apex.ApexSessionInfo$1: java.lang.Object createFromParcel(android.os.Parcel)>":"0",
				"<android.apex.ApexSessionInfo: void readFromParcel(android.os.Parcel)>":"0",
				"<android.apex.ApexSessionInfo$1: android.apex.ApexSessionInfo createFromParcel(android.os.Parcel)>":"0"
			}
		},
		{
			"method":"<android.apex.ApexSessionInfo: void readFromParcel(android.os.Parcel)>",
			"message":"\\QOverflow in the size of parcelable\\E",
			"relatedVarType":"Parameter",
			"relatedCondType":"Basic",
			"modifier":"public",
			"type":"android.os.BadParcelableException",
			"osVersionRelated":false,
			"resourceRelated":false,
			"assessRelated":false,
			"hardwareRelated":false,
			"manifestRelated":false,
			"conditions":"i0 > $i35, $i13 < i1, $i12 == 0",
			"paramValues":"@parameter0: android.os.Parcel",
			"relatedValues":"@parameter0: android.os.Parcel; ; ",
			"keyAPISameClassNum":0,
			"keyAPIDiffClassNum":0,
			"keyAPISameClass":[
				{
					"trace":[
						"<android.apex.ApexSessionInfo: void readFromParcel(android.os.Parcel)>"
					],
					"depth":0,
					"method":"<android.apex.ApexSessionInfo: void readFromParcel(android.os.Parcel)>",
					"source":"CALLER"
				}
			],
			"keyAPIDiffClass":[
				{
					"trace":[
						"<android.apex.ApexSessionInfo$1: android.apex.ApexSessionInfo createFromParcel(android.os.Parcel)>",
						"<android.apex.ApexSessionInfo: void readFromParcel(android.os.Parcel)>"
					],
					"depth":1,
					"method":"<android.apex.ApexSessionInfo$1: android.apex.ApexSessionInfo createFromParcel(android.os.Parcel)>",
					"source":"CALLER"
				},
				{
					"trace":[
						"<android.os.Parcelable$Creator: java.lang.Object createFromParcel(android.os.Parcel)>",
						"<android.apex.ApexSessionInfo: void readFromParcel(android.os.Parcel)>"
					],
					"depth":1,
					"method":"<android.os.Parcelable$Creator: java.lang.Object createFromParcel(android.os.Parcel)>",
					"source":"CALLER"
				},
				{
					"trace":[
						"<android.apex.ApexSessionInfo$1: java.lang.Object createFromParcel(android.os.Parcel)>",
						"<android.apex.ApexSessionInfo$1: android.apex.ApexSessionInfo createFromParcel(android.os.Parcel)>",
						"<android.apex.ApexSessionInfo: void readFromParcel(android.os.Parcel)>"
					],
					"depth":2,
					"method":"<android.apex.ApexSessionInfo$1: java.lang.Object createFromParcel(android.os.Parcel)>",
					"source":"CALLER"
				}
			],
			"callerOfSingnlar2SourceVar":{
				"<android.apex.ApexSessionInfo$1: java.lang.Object createFromParcel(android.os.Parcel)>":"0",
				"<android.apex.ApexSessionInfo: void readFromParcel(android.os.Parcel)>":"0",
				"<android.apex.ApexSessionInfo$1: android.apex.ApexSessionInfo createFromParcel(android.os.Parcel)>":"0"
			}
		},
		{
			"method":"<android.apex.ApexSessionInfo: void readFromParcel(android.os.Parcel)>",
			"message":"\\QOverflow in the size of parcelable\\E",
			"relatedVarType":"Parameter",
			"relatedCondType":"Basic",
			"modifier":"public",
			"type":"android.os.BadParcelableException",
			"osVersionRelated":false,
			"resourceRelated":false,
			"assessRelated":false,
			"hardwareRelated":false,
			"manifestRelated":false,
			"conditions":"i0 > $i49, i1 >= 0",
			"paramValues":"@parameter0: android.os.Parcel",
			"relatedValues":"@parameter0: android.os.Parcel; ; ",
			"keyAPISameClassNum":0,
			"keyAPIDiffClassNum":0,
			"keyAPISameClass":[
				{
					"trace":[
						"<android.apex.ApexSessionInfo: void readFromParcel(android.os.Parcel)>"
					],
					"depth":0,
					"method":"<android.apex.ApexSessionInfo: void readFromParcel(android.os.Parcel)>",
					"source":"CALLER"
				}
			],
			"keyAPIDiffClass":[
				{
					"trace":[
						"<android.apex.ApexSessionInfo$1: android.apex.ApexSessionInfo createFromParcel(android.os.Parcel)>",
						"<android.apex.ApexSessionInfo: void readFromParcel(android.os.Parcel)>"
					],
					"depth":1,
					"method":"<android.apex.ApexSessionInfo$1: android.apex.ApexSessionInfo createFromParcel(android.os.Parcel)>",
					"source":"CALLER"
				},
				{
					"trace":[
						"<android.os.Parcelable$Creator: java.lang.Object createFromParcel(android.os.Parcel)>",
						"<android.apex.ApexSessionInfo: void readFromParcel(android.os.Parcel)>"
					],
					"depth":1,
					"method":"<android.os.Parcelable$Creator: java.lang.Object createFromParcel(android.os.Parcel)>",
					"source":"CALLER"
				},
				{
					"trace":[
						"<android.apex.ApexSessionInfo$1: java.lang.Object createFromParcel(android.os.Parcel)>",
						"<android.apex.ApexSessionInfo$1: android.apex.ApexSessionInfo createFromParcel(android.os.Parcel)>",
						"<android.apex.ApexSessionInfo: void readFromParcel(android.os.Parcel)>"
					],
					"depth":2,
					"method":"<android.apex.ApexSessionInfo$1: java.lang.Object createFromParcel(android.os.Parcel)>",
					"source":"CALLER"
				}
			],
			"callerOfSingnlar2SourceVar":{
				"<android.apex.ApexSessionInfo$1: java.lang.Object createFromParcel(android.os.Parcel)>":"0",
				"<android.apex.ApexSessionInfo: void readFromParcel(android.os.Parcel)>":"0",
				"<android.apex.ApexSessionInfo$1: android.apex.ApexSessionInfo createFromParcel(android.os.Parcel)>":"0"
			}
		},
		{
			"method":"<android.apex.ApexSessionInfo: void readFromParcel(android.os.Parcel)>",
			"message":"\\QOverflow in the size of parcelable\\E",
			"relatedVarType":"Parameter",
			"relatedCondType":"Basic",
			"modifier":"public",
			"type":"android.os.BadParcelableException",
			"osVersionRelated":false,
			"resourceRelated":false,
			"assessRelated":false,
			"hardwareRelated":false,
			"manifestRelated":false,
			"conditions":"i0 > $i23, $i22 < i1, $i21 < i1",
			"paramValues":"@parameter0: android.os.Parcel",
			"relatedValues":"@parameter0: android.os.Parcel; ; ",
			"keyAPISameClassNum":0,
			"keyAPIDiffClassNum":0,
			"keyAPISameClass":[
				{
					"trace":[
						"<android.apex.ApexSessionInfo: void readFromParcel(android.os.Parcel)>"
					],
					"depth":0,
					"method":"<android.apex.ApexSessionInfo: void readFromParcel(android.os.Parcel)>",
					"source":"CALLER"
				}
			],
			"keyAPIDiffClass":[
				{
					"trace":[
						"<android.apex.ApexSessionInfo$1: android.apex.ApexSessionInfo createFromParcel(android.os.Parcel)>",
						"<android.apex.ApexSessionInfo: void readFromParcel(android.os.Parcel)>"
					],
					"depth":1,
					"method":"<android.apex.ApexSessionInfo$1: android.apex.ApexSessionInfo createFromParcel(android.os.Parcel)>",
					"source":"CALLER"
				},
				{
					"trace":[
						"<android.os.Parcelable$Creator: java.lang.Object createFromParcel(android.os.Parcel)>",
						"<android.apex.ApexSessionInfo: void readFromParcel(android.os.Parcel)>"
					],
					"depth":1,
					"method":"<android.os.Parcelable$Creator: java.lang.Object createFromParcel(android.os.Parcel)>",
					"source":"CALLER"
				},
				{
					"trace":[
						"<android.apex.ApexSessionInfo$1: java.lang.Object createFromParcel(android.os.Parcel)>",
						"<android.apex.ApexSessionInfo$1: android.apex.ApexSessionInfo createFromParcel(android.os.Parcel)>",
						"<android.apex.ApexSessionInfo: void readFromParcel(android.os.Parcel)>"
					],
					"depth":2,
					"method":"<android.apex.ApexSessionInfo$1: java.lang.Object createFromParcel(android.os.Parcel)>",
					"source":"CALLER"
				}
			],
			"callerOfSingnlar2SourceVar":{
				"<android.apex.ApexSessionInfo$1: java.lang.Object createFromParcel(android.os.Parcel)>":"0",
				"<android.apex.ApexSessionInfo: void readFromParcel(android.os.Parcel)>":"0",
				"<android.apex.ApexSessionInfo$1: android.apex.ApexSessionInfo createFromParcel(android.os.Parcel)>":"0"
			}
		},
		{
			"method":"<android.apex.ApexSessionInfo: void readFromParcel(android.os.Parcel)>",
			"message":"\\QOverflow in the size of parcelable\\E",
			"relatedVarType":"Parameter",
			"relatedCondType":"Basic",
			"modifier":"public",
			"type":"android.os.BadParcelableException",
			"osVersionRelated":false,
			"resourceRelated":false,
			"assessRelated":false,
			"hardwareRelated":false,
			"manifestRelated":false,
			"conditions":"i0 > $i47, $i2 < i1, i1 >= 0",
			"paramValues":"@parameter0: android.os.Parcel",
			"relatedValues":"@parameter0: android.os.Parcel; ; ",
			"keyAPISameClassNum":0,
			"keyAPIDiffClassNum":0,
			"keyAPISameClass":[
				{
					"trace":[
						"<android.apex.ApexSessionInfo: void readFromParcel(android.os.Parcel)>"
					],
					"depth":0,
					"method":"<android.apex.ApexSessionInfo: void readFromParcel(android.os.Parcel)>",
					"source":"CALLER"
				}
			],
			"keyAPIDiffClass":[
				{
					"trace":[
						"<android.apex.ApexSessionInfo$1: android.apex.ApexSessionInfo createFromParcel(android.os.Parcel)>",
						"<android.apex.ApexSessionInfo: void readFromParcel(android.os.Parcel)>"
					],
					"depth":1,
					"method":"<android.apex.ApexSessionInfo$1: android.apex.ApexSessionInfo createFromParcel(android.os.Parcel)>",
					"source":"CALLER"
				},
				{
					"trace":[
						"<android.os.Parcelable$Creator: java.lang.Object createFromParcel(android.os.Parcel)>",
						"<android.apex.ApexSessionInfo: void readFromParcel(android.os.Parcel)>"
					],
					"depth":1,
					"method":"<android.os.Parcelable$Creator: java.lang.Object createFromParcel(android.os.Parcel)>",
					"source":"CALLER"
				},
				{
					"trace":[
						"<android.apex.ApexSessionInfo$1: java.lang.Object createFromParcel(android.os.Parcel)>",
						"<android.apex.ApexSessionInfo$1: android.apex.ApexSessionInfo createFromParcel(android.os.Parcel)>",
						"<android.apex.ApexSessionInfo: void readFromParcel(android.os.Parcel)>"
					],
					"depth":2,
					"method":"<android.apex.ApexSessionInfo$1: java.lang.Object createFromParcel(android.os.Parcel)>",
					"source":"CALLER"
				}
			],
			"callerOfSingnlar2SourceVar":{
				"<android.apex.ApexSessionInfo$1: java.lang.Object createFromParcel(android.os.Parcel)>":"0",
				"<android.apex.ApexSessionInfo: void readFromParcel(android.os.Parcel)>":"0",
				"<android.apex.ApexSessionInfo$1: android.apex.ApexSessionInfo createFromParcel(android.os.Parcel)>":"0"
			}
		},
		{
			"method":"<android.apex.ApexSessionInfo: void readFromParcel(android.os.Parcel)>",
			"message":"\\QOverflow in the size of parcelable\\E",
			"relatedVarType":"Parameter",
			"relatedCondType":"Basic",
			"modifier":"public",
			"type":"android.os.BadParcelableException",
			"osVersionRelated":false,
			"resourceRelated":false,
			"assessRelated":false,
			"hardwareRelated":false,
			"manifestRelated":false,
			"conditions":"i0 <= $i51, i1 >= 0",
			"paramValues":"@parameter0: android.os.Parcel",
			"caughtValues":"@caughtexception",
			"relatedValues":"@parameter0: android.os.Parcel; ; @caughtexception",
			"keyAPISameClassNum":0,
			"keyAPIDiffClassNum":0,
			"keyAPISameClass":[
				{
					"trace":[
						"<android.apex.ApexSessionInfo: void readFromParcel(android.os.Parcel)>"
					],
					"depth":0,
					"method":"<android.apex.ApexSessionInfo: void readFromParcel(android.os.Parcel)>",
					"source":"CALLER"
				}
			],
			"keyAPIDiffClass":[
				{
					"trace":[
						"<android.apex.ApexSessionInfo$1: android.apex.ApexSessionInfo createFromParcel(android.os.Parcel)>",
						"<android.apex.ApexSessionInfo: void readFromParcel(android.os.Parcel)>"
					],
					"depth":1,
					"method":"<android.apex.ApexSessionInfo$1: android.apex.ApexSessionInfo createFromParcel(android.os.Parcel)>",
					"source":"CALLER"
				},
				{
					"trace":[
						"<android.os.Parcelable$Creator: java.lang.Object createFromParcel(android.os.Parcel)>",
						"<android.apex.ApexSessionInfo: void readFromParcel(android.os.Parcel)>"
					],
					"depth":1,
					"method":"<android.os.Parcelable$Creator: java.lang.Object createFromParcel(android.os.Parcel)>",
					"source":"CALLER"
				},
				{
					"trace":[
						"<android.apex.ApexSessionInfo$1: java.lang.Object createFromParcel(android.os.Parcel)>",
						"<android.apex.ApexSessionInfo$1: android.apex.ApexSessionInfo createFromParcel(android.os.Parcel)>",
						"<android.apex.ApexSessionInfo: void readFromParcel(android.os.Parcel)>"
					],
					"depth":2,
					"method":"<android.apex.ApexSessionInfo$1: java.lang.Object createFromParcel(android.os.Parcel)>",
					"source":"CALLER"
				}
			],
			"callerOfSingnlar2SourceVar":{
				"<android.apex.ApexSessionInfo$1: java.lang.Object createFromParcel(android.os.Parcel)>":"0",
				"<android.apex.ApexSessionInfo: void readFromParcel(android.os.Parcel)>":"0",
				"<android.apex.ApexSessionInfo$1: android.apex.ApexSessionInfo createFromParcel(android.os.Parcel)>":"0"
			}
		},
		{
			"method":"<android.apex.ApexSessionInfo: void readFromParcel(android.os.Parcel)>",
			"message":"\\QOverflow in the size of parcelable\\E",
			"relatedVarType":"Parameter",
			"relatedCondType":"Basic",
			"modifier":"public",
			"type":"android.os.BadParcelableException",
			"osVersionRelated":false,
			"resourceRelated":false,
			"assessRelated":false,
			"hardwareRelated":false,
			"manifestRelated":false,
			"conditions":"i0 > $i27, $i21 < i1, $i20 == 0",
			"paramValues":"@parameter0: android.os.Parcel",
			"relatedValues":"@parameter0: android.os.Parcel; ; ",
			"keyAPISameClassNum":0,
			"keyAPIDiffClassNum":0,
			"keyAPISameClass":[
				{
					"trace":[
						"<android.apex.ApexSessionInfo: void readFromParcel(android.os.Parcel)>"
					],
					"depth":0,
					"method":"<android.apex.ApexSessionInfo: void readFromParcel(android.os.Parcel)>",
					"source":"CALLER"
				}
			],
			"keyAPIDiffClass":[
				{
					"trace":[
						"<android.apex.ApexSessionInfo$1: android.apex.ApexSessionInfo createFromParcel(android.os.Parcel)>",
						"<android.apex.ApexSessionInfo: void readFromParcel(android.os.Parcel)>"
					],
					"depth":1,
					"method":"<android.apex.ApexSessionInfo$1: android.apex.ApexSessionInfo createFromParcel(android.os.Parcel)>",
					"source":"CALLER"
				},
				{
					"trace":[
						"<android.os.Parcelable$Creator: java.lang.Object createFromParcel(android.os.Parcel)>",
						"<android.apex.ApexSessionInfo: void readFromParcel(android.os.Parcel)>"
					],
					"depth":1,
					"method":"<android.os.Parcelable$Creator: java.lang.Object createFromParcel(android.os.Parcel)>",
					"source":"CALLER"
				},
				{
					"trace":[
						"<android.apex.ApexSessionInfo$1: java.lang.Object createFromParcel(android.os.Parcel)>",
						"<android.apex.ApexSessionInfo$1: android.apex.ApexSessionInfo createFromParcel(android.os.Parcel)>",
						"<android.apex.ApexSessionInfo: void readFromParcel(android.os.Parcel)>"
					],
					"depth":2,
					"method":"<android.apex.ApexSessionInfo$1: java.lang.Object createFromParcel(android.os.Parcel)>",
					"source":"CALLER"
				}
			],
			"callerOfSingnlar2SourceVar":{
				"<android.apex.ApexSessionInfo$1: java.lang.Object createFromParcel(android.os.Parcel)>":"0",
				"<android.apex.ApexSessionInfo: void readFromParcel(android.os.Parcel)>":"0",
				"<android.apex.ApexSessionInfo$1: android.apex.ApexSessionInfo createFromParcel(android.os.Parcel)>":"0"
			}
		},
		{
			"method":"<android.apex.ApexSessionInfo: void readFromParcel(android.os.Parcel)>",
			"message":"\\QOverflow in the size of parcelable\\E",
			"relatedVarType":"Parameter",
			"relatedCondType":"Basic",
			"modifier":"public",
			"type":"android.os.BadParcelableException",
			"osVersionRelated":false,
			"resourceRelated":false,
			"assessRelated":false,
			"hardwareRelated":false,
			"manifestRelated":false,
			"conditions":"i0 > $i37, $i11 < i1, $i10 == 0",
			"paramValues":"@parameter0: android.os.Parcel",
			"relatedValues":"@parameter0: android.os.Parcel; ; ",
			"keyAPISameClassNum":0,
			"keyAPIDiffClassNum":0,
			"keyAPISameClass":[
				{
					"trace":[
						"<android.apex.ApexSessionInfo: void readFromParcel(android.os.Parcel)>"
					],
					"depth":0,
					"method":"<android.apex.ApexSessionInfo: void readFromParcel(android.os.Parcel)>",
					"source":"CALLER"
				}
			],
			"keyAPIDiffClass":[
				{
					"trace":[
						"<android.apex.ApexSessionInfo$1: android.apex.ApexSessionInfo createFromParcel(android.os.Parcel)>",
						"<android.apex.ApexSessionInfo: void readFromParcel(android.os.Parcel)>"
					],
					"depth":1,
					"method":"<android.apex.ApexSessionInfo$1: android.apex.ApexSessionInfo createFromParcel(android.os.Parcel)>",
					"source":"CALLER"
				},
				{
					"trace":[
						"<android.os.Parcelable$Creator: java.lang.Object createFromParcel(android.os.Parcel)>",
						"<android.apex.ApexSessionInfo: void readFromParcel(android.os.Parcel)>"
					],
					"depth":1,
					"method":"<android.os.Parcelable$Creator: java.lang.Object createFromParcel(android.os.Parcel)>",
					"source":"CALLER"
				},
				{
					"trace":[
						"<android.apex.ApexSessionInfo$1: java.lang.Object createFromParcel(android.os.Parcel)>",
						"<android.apex.ApexSessionInfo$1: android.apex.ApexSessionInfo createFromParcel(android.os.Parcel)>",
						"<android.apex.ApexSessionInfo: void readFromParcel(android.os.Parcel)>"
					],
					"depth":2,
					"method":"<android.apex.ApexSessionInfo$1: java.lang.Object createFromParcel(android.os.Parcel)>",
					"source":"CALLER"
				}
			],
			"callerOfSingnlar2SourceVar":{
				"<android.apex.ApexSessionInfo$1: java.lang.Object createFromParcel(android.os.Parcel)>":"0",
				"<android.apex.ApexSessionInfo: void readFromParcel(android.os.Parcel)>":"0",
				"<android.apex.ApexSessionInfo$1: android.apex.ApexSessionInfo createFromParcel(android.os.Parcel)>":"0"
			}
		},
		{
			"method":"<android.apex.ApexSessionInfo: void readFromParcel(android.os.Parcel)>",
			"message":"\\QOverflow in the size of parcelable\\E",
			"relatedVarType":"Parameter",
			"relatedCondType":"Basic",
			"modifier":"public",
			"type":"android.os.BadParcelableException",
			"osVersionRelated":false,
			"resourceRelated":false,
			"assessRelated":false,
			"hardwareRelated":false,
			"manifestRelated":false,
			"conditions":"i0 > $i45, $i4 < i1, $i2 < i1",
			"paramValues":"@parameter0: android.os.Parcel",
			"relatedValues":"@parameter0: android.os.Parcel; ; ",
			"keyAPISameClassNum":0,
			"keyAPIDiffClassNum":0,
			"keyAPISameClass":[
				{
					"trace":[
						"<android.apex.ApexSessionInfo: void readFromParcel(android.os.Parcel)>"
					],
					"depth":0,
					"method":"<android.apex.ApexSessionInfo: void readFromParcel(android.os.Parcel)>",
					"source":"CALLER"
				}
			],
			"keyAPIDiffClass":[
				{
					"trace":[
						"<android.apex.ApexSessionInfo$1: android.apex.ApexSessionInfo createFromParcel(android.os.Parcel)>",
						"<android.apex.ApexSessionInfo: void readFromParcel(android.os.Parcel)>"
					],
					"depth":1,
					"method":"<android.apex.ApexSessionInfo$1: android.apex.ApexSessionInfo createFromParcel(android.os.Parcel)>",
					"source":"CALLER"
				},
				{
					"trace":[
						"<android.os.Parcelable$Creator: java.lang.Object createFromParcel(android.os.Parcel)>",
						"<android.apex.ApexSessionInfo: void readFromParcel(android.os.Parcel)>"
					],
					"depth":1,
					"method":"<android.os.Parcelable$Creator: java.lang.Object createFromParcel(android.os.Parcel)>",
					"source":"CALLER"
				},
				{
					"trace":[
						"<android.apex.ApexSessionInfo$1: java.lang.Object createFromParcel(android.os.Parcel)>",
						"<android.apex.ApexSessionInfo$1: android.apex.ApexSessionInfo createFromParcel(android.os.Parcel)>",
						"<android.apex.ApexSessionInfo: void readFromParcel(android.os.Parcel)>"
					],
					"depth":2,
					"method":"<android.apex.ApexSessionInfo$1: java.lang.Object createFromParcel(android.os.Parcel)>",
					"source":"CALLER"
				}
			],
			"callerOfSingnlar2SourceVar":{
				"<android.apex.ApexSessionInfo$1: java.lang.Object createFromParcel(android.os.Parcel)>":"0",
				"<android.apex.ApexSessionInfo: void readFromParcel(android.os.Parcel)>":"0",
				"<android.apex.ApexSessionInfo$1: android.apex.ApexSessionInfo createFromParcel(android.os.Parcel)>":"0"
			}
		},
		{
			"method":"<android.apex.ApexSessionInfo: void readFromParcel(android.os.Parcel)>",
			"message":"\\QOverflow in the size of parcelable\\E",
			"relatedVarType":"Parameter",
			"relatedCondType":"Basic",
			"modifier":"public",
			"type":"android.os.BadParcelableException",
			"osVersionRelated":false,
			"resourceRelated":false,
			"assessRelated":false,
			"hardwareRelated":false,
			"manifestRelated":false,
			"conditions":"i0 > $i29, $i19 < i1, $i18 == 0",
			"paramValues":"@parameter0: android.os.Parcel",
			"relatedValues":"@parameter0: android.os.Parcel; ; ",
			"keyAPISameClassNum":0,
			"keyAPIDiffClassNum":0,
			"keyAPISameClass":[
				{
					"trace":[
						"<android.apex.ApexSessionInfo: void readFromParcel(android.os.Parcel)>"
					],
					"depth":0,
					"method":"<android.apex.ApexSessionInfo: void readFromParcel(android.os.Parcel)>",
					"source":"CALLER"
				}
			],
			"keyAPIDiffClass":[
				{
					"trace":[
						"<android.apex.ApexSessionInfo$1: android.apex.ApexSessionInfo createFromParcel(android.os.Parcel)>",
						"<android.apex.ApexSessionInfo: void readFromParcel(android.os.Parcel)>"
					],
					"depth":1,
					"method":"<android.apex.ApexSessionInfo$1: android.apex.ApexSessionInfo createFromParcel(android.os.Parcel)>",
					"source":"CALLER"
				},
				{
					"trace":[
						"<android.os.Parcelable$Creator: java.lang.Object createFromParcel(android.os.Parcel)>",
						"<android.apex.ApexSessionInfo: void readFromParcel(android.os.Parcel)>"
					],
					"depth":1,
					"method":"<android.os.Parcelable$Creator: java.lang.Object createFromParcel(android.os.Parcel)>",
					"source":"CALLER"
				},
				{
					"trace":[
						"<android.apex.ApexSessionInfo$1: java.lang.Object createFromParcel(android.os.Parcel)>",
						"<android.apex.ApexSessionInfo$1: android.apex.ApexSessionInfo createFromParcel(android.os.Parcel)>",
						"<android.apex.ApexSessionInfo: void readFromParcel(android.os.Parcel)>"
					],
					"depth":2,
					"method":"<android.apex.ApexSessionInfo$1: java.lang.Object createFromParcel(android.os.Parcel)>",
					"source":"CALLER"
				}
			],
			"callerOfSingnlar2SourceVar":{
				"<android.apex.ApexSessionInfo$1: java.lang.Object createFromParcel(android.os.Parcel)>":"0",
				"<android.apex.ApexSessionInfo: void readFromParcel(android.os.Parcel)>":"0",
				"<android.apex.ApexSessionInfo$1: android.apex.ApexSessionInfo createFromParcel(android.os.Parcel)>":"0"
			}
		},
		{
			"method":"<android.apex.ApexSessionInfo: void readFromParcel(android.os.Parcel)>",
			"message":"\\QOverflow in the size of parcelable\\E",
			"relatedVarType":"Parameter",
			"relatedCondType":"Basic",
			"modifier":"public",
			"type":"android.os.BadParcelableException",
			"osVersionRelated":false,
			"resourceRelated":false,
			"assessRelated":false,
			"hardwareRelated":false,
			"manifestRelated":false,
			"conditions":"i0 > $i41, $i7 < i1, $i6 == 0",
			"paramValues":"@parameter0: android.os.Parcel",
			"relatedValues":"@parameter0: android.os.Parcel; ; ",
			"keyAPISameClassNum":0,
			"keyAPIDiffClassNum":0,
			"keyAPISameClass":[
				{
					"trace":[
						"<android.apex.ApexSessionInfo: void readFromParcel(android.os.Parcel)>"
					],
					"depth":0,
					"method":"<android.apex.ApexSessionInfo: void readFromParcel(android.os.Parcel)>",
					"source":"CALLER"
				}
			],
			"keyAPIDiffClass":[
				{
					"trace":[
						"<android.apex.ApexSessionInfo$1: android.apex.ApexSessionInfo createFromParcel(android.os.Parcel)>",
						"<android.apex.ApexSessionInfo: void readFromParcel(android.os.Parcel)>"
					],
					"depth":1,
					"method":"<android.apex.ApexSessionInfo$1: android.apex.ApexSessionInfo createFromParcel(android.os.Parcel)>",
					"source":"CALLER"
				},
				{
					"trace":[
						"<android.os.Parcelable$Creator: java.lang.Object createFromParcel(android.os.Parcel)>",
						"<android.apex.ApexSessionInfo: void readFromParcel(android.os.Parcel)>"
					],
					"depth":1,
					"method":"<android.os.Parcelable$Creator: java.lang.Object createFromParcel(android.os.Parcel)>",
					"source":"CALLER"
				},
				{
					"trace":[
						"<android.apex.ApexSessionInfo$1: java.lang.Object createFromParcel(android.os.Parcel)>",
						"<android.apex.ApexSessionInfo$1: android.apex.ApexSessionInfo createFromParcel(android.os.Parcel)>",
						"<android.apex.ApexSessionInfo: void readFromParcel(android.os.Parcel)>"
					],
					"depth":2,
					"method":"<android.apex.ApexSessionInfo$1: java.lang.Object createFromParcel(android.os.Parcel)>",
					"source":"CALLER"
				}
			],
			"callerOfSingnlar2SourceVar":{
				"<android.apex.ApexSessionInfo$1: java.lang.Object createFromParcel(android.os.Parcel)>":"0",
				"<android.apex.ApexSessionInfo: void readFromParcel(android.os.Parcel)>":"0",
				"<android.apex.ApexSessionInfo$1: android.apex.ApexSessionInfo createFromParcel(android.os.Parcel)>":"0"
			}
		}
	]
}