{
	"exceptions":[
		{
			"method":"<android.animation.AnimatorInflater$PathDataEvaluator: android.util.PathParser$PathData evaluate(float,android.util.PathParser$PathData,android.util.PathParser$PathData)>",
			"message":"\\QCan't interpolate between two incompatible pathData\\E",
			"relatedVarType":"ParaAndField",
			"relatedCondType":"Basic",
			"modifier":"public",
			"type":"java.lang.IllegalArgumentException",
			"osVersionRelated":false,
			"resourceRelated":false,
			"assessRelated":false,
			"hardwareRelated":false,
			"manifestRelated":false,
			"conditions":"$z0 == 0",
			"paramValues":"@parameter1: android.util.PathParser$PathData, @parameter2: android.util.PathParser$PathData, @parameter0: float",
			"fieldValues":"<android.animation.AnimatorInflater$PathDataEvaluator: android.util.PathParser$PathData mPathData>",
			"relatedValues":"@parameter1: android.util.PathParser$PathData, @parameter2: android.util.PathParser$PathData, @parameter0: float; <android.animation.AnimatorInflater$PathDataEvaluator: android.util.PathParser$PathData mPathData>; ",
			"keyAPISameClassNum":3,
			"keyAPIDiffClassNum":35,
			"keyAPISameClass":[
				{
					"trace":[
						"<android.animation.AnimatorInflater$PathDataEvaluator: android.util.PathParser$PathData evaluate(float,android.util.PathParser$PathData,android.util.PathParser$PathData)>"
					],
					"depth":1,
					"method":"<android.animation.AnimatorInflater$PathDataEvaluator: android.util.PathParser$PathData evaluate(float,android.util.PathParser$PathData,android.util.PathParser$PathData)>",
					"source":"FIELD"
				},
				{
					"trace":[
						"<android.animation.AnimatorInflater$PathDataEvaluator: java.lang.Object evaluate(float,java.lang.Object,java.lang.Object)>",
						"<android.animation.AnimatorInflater$PathDataEvaluator: android.util.PathParser$PathData evaluate(float,android.util.PathParser$PathData,android.util.PathParser$PathData)>",
						"key field: <android.animation.AnimatorInflater$PathDataEvaluator: android.util.PathParser$PathData mPathData>",
						"<android.animation.AnimatorInflater$PathDataEvaluator: android.util.PathParser$PathData evaluate(float,android.util.PathParser$PathData,android.util.PathParser$PathData)>"
					],
					"depth":2,
					"method":"<android.animation.AnimatorInflater$PathDataEvaluator: java.lang.Object evaluate(float,java.lang.Object,java.lang.Object)>",
					"source":"FIELDCALLER"
				},
				{
					"trace":[
						"<android.animation.TypeEvaluator: java.lang.Object evaluate(float,java.lang.Object,java.lang.Object)>",
						"<android.animation.AnimatorInflater$PathDataEvaluator: android.util.PathParser$PathData evaluate(float,android.util.PathParser$PathData,android.util.PathParser$PathData)>",
						"key field: <android.animation.AnimatorInflater$PathDataEvaluator: android.util.PathParser$PathData mPathData>",
						"<android.animation.AnimatorInflater$PathDataEvaluator: android.util.PathParser$PathData evaluate(float,android.util.PathParser$PathData,android.util.PathParser$PathData)>"
					],
					"depth":2,
					"method":"<android.animation.TypeEvaluator: java.lang.Object evaluate(float,java.lang.Object,java.lang.Object)>",
					"source":"FIELDCALLER"
				}
			],
			"keyAPIDiffClass":[
				{
					"trace":[
						"<android.animation.KeyframeSet: java.lang.Object getValue(float)>",
						"<android.animation.AnimatorInflater$PathDataEvaluator: java.lang.Object evaluate(float,java.lang.Object,java.lang.Object)>",
						"<android.animation.AnimatorInflater$PathDataEvaluator: android.util.PathParser$PathData evaluate(float,android.util.PathParser$PathData,android.util.PathParser$PathData)>",
						"key field: <android.animation.AnimatorInflater$PathDataEvaluator: android.util.PathParser$PathData mPathData>",
						"<android.animation.AnimatorInflater$PathDataEvaluator: android.util.PathParser$PathData evaluate(float,android.util.PathParser$PathData,android.util.PathParser$PathData)>"
					],
					"depth":3,
					"method":"<android.animation.KeyframeSet: java.lang.Object getValue(float)>",
					"source":"FIELDCALLER"
				},
				{
					"trace":[
						"<android.animation.Keyframes: java.lang.Object getValue(float)>",
						"<android.animation.AnimatorInflater$PathDataEvaluator: java.lang.Object evaluate(float,java.lang.Object,java.lang.Object)>",
						"<android.animation.AnimatorInflater$PathDataEvaluator: android.util.PathParser$PathData evaluate(float,android.util.PathParser$PathData,android.util.PathParser$PathData)>",
						"key field: <android.animation.AnimatorInflater$PathDataEvaluator: android.util.PathParser$PathData mPathData>",
						"<android.animation.AnimatorInflater$PathDataEvaluator: android.util.PathParser$PathData evaluate(float,android.util.PathParser$PathData,android.util.PathParser$PathData)>"
					],
					"depth":3,
					"method":"<android.animation.Keyframes: java.lang.Object getValue(float)>",
					"source":"FIELDCALLER"
				},
				{
					"trace":[
						"<android.animation.FloatKeyframeSet: float getFloatValue(float)>",
						"<android.animation.AnimatorInflater$PathDataEvaluator: java.lang.Object evaluate(float,java.lang.Object,java.lang.Object)>",
						"<android.animation.AnimatorInflater$PathDataEvaluator: android.util.PathParser$PathData evaluate(float,android.util.PathParser$PathData,android.util.PathParser$PathData)>",
						"key field: <android.animation.AnimatorInflater$PathDataEvaluator: android.util.PathParser$PathData mPathData>",
						"<android.animation.AnimatorInflater$PathDataEvaluator: android.util.PathParser$PathData evaluate(float,android.util.PathParser$PathData,android.util.PathParser$PathData)>"
					],
					"depth":3,
					"method":"<android.animation.FloatKeyframeSet: float getFloatValue(float)>",
					"source":"FIELDCALLER"
				},
				{
					"trace":[
						"<android.animation.Keyframes$FloatKeyframes: float getFloatValue(float)>",
						"<android.animation.AnimatorInflater$PathDataEvaluator: java.lang.Object evaluate(float,java.lang.Object,java.lang.Object)>",
						"<android.animation.AnimatorInflater$PathDataEvaluator: android.util.PathParser$PathData evaluate(float,android.util.PathParser$PathData,android.util.PathParser$PathData)>",
						"key field: <android.animation.AnimatorInflater$PathDataEvaluator: android.util.PathParser$PathData mPathData>",
						"<android.animation.AnimatorInflater$PathDataEvaluator: android.util.PathParser$PathData evaluate(float,android.util.PathParser$PathData,android.util.PathParser$PathData)>"
					],
					"depth":3,
					"method":"<android.animation.Keyframes$FloatKeyframes: float getFloatValue(float)>",
					"source":"FIELDCALLER"
				},
				{
					"trace":[
						"<android.animation.IntKeyframeSet: int getIntValue(float)>",
						"<android.animation.AnimatorInflater$PathDataEvaluator: java.lang.Object evaluate(float,java.lang.Object,java.lang.Object)>",
						"<android.animation.AnimatorInflater$PathDataEvaluator: android.util.PathParser$PathData evaluate(float,android.util.PathParser$PathData,android.util.PathParser$PathData)>",
						"key field: <android.animation.AnimatorInflater$PathDataEvaluator: android.util.PathParser$PathData mPathData>",
						"<android.animation.AnimatorInflater$PathDataEvaluator: android.util.PathParser$PathData evaluate(float,android.util.PathParser$PathData,android.util.PathParser$PathData)>"
					],
					"depth":3,
					"method":"<android.animation.IntKeyframeSet: int getIntValue(float)>",
					"source":"FIELDCALLER"
				},
				{
					"trace":[
						"<android.animation.Keyframes$IntKeyframes: int getIntValue(float)>",
						"<android.animation.AnimatorInflater$PathDataEvaluator: java.lang.Object evaluate(float,java.lang.Object,java.lang.Object)>",
						"<android.animation.AnimatorInflater$PathDataEvaluator: android.util.PathParser$PathData evaluate(float,android.util.PathParser$PathData,android.util.PathParser$PathData)>",
						"key field: <android.animation.AnimatorInflater$PathDataEvaluator: android.util.PathParser$PathData mPathData>",
						"<android.animation.AnimatorInflater$PathDataEvaluator: android.util.PathParser$PathData evaluate(float,android.util.PathParser$PathData,android.util.PathParser$PathData)>"
					],
					"depth":3,
					"method":"<android.animation.Keyframes$IntKeyframes: int getIntValue(float)>",
					"source":"FIELDCALLER"
				},
				{
					"trace":[
						"<android.animation.LayoutTransition$2: void onLayoutChange(android.view.View,int,int,int,int,int,int,int,int)>",
						"<android.animation.KeyframeSet: java.lang.Object getValue(float)>",
						"<android.animation.AnimatorInflater$PathDataEvaluator: java.lang.Object evaluate(float,java.lang.Object,java.lang.Object)>",
						"<android.animation.AnimatorInflater$PathDataEvaluator: android.util.PathParser$PathData evaluate(float,android.util.PathParser$PathData,android.util.PathParser$PathData)>",
						"key field: <android.animation.AnimatorInflater$PathDataEvaluator: android.util.PathParser$PathData mPathData>",
						"<android.animation.AnimatorInflater$PathDataEvaluator: android.util.PathParser$PathData evaluate(float,android.util.PathParser$PathData,android.util.PathParser$PathData)>"
					],
					"depth":4,
					"method":"<android.animation.LayoutTransition$2: void onLayoutChange(android.view.View,int,int,int,int,int,int,int,int)>",
					"source":"FIELDCALLER"
				},
				{
					"trace":[
						"<android.view.View$OnLayoutChangeListener: void onLayoutChange(android.view.View,int,int,int,int,int,int,int,int)>",
						"<android.animation.KeyframeSet: java.lang.Object getValue(float)>",
						"<android.animation.AnimatorInflater$PathDataEvaluator: java.lang.Object evaluate(float,java.lang.Object,java.lang.Object)>",
						"<android.animation.AnimatorInflater$PathDataEvaluator: android.util.PathParser$PathData evaluate(float,android.util.PathParser$PathData,android.util.PathParser$PathData)>",
						"key field: <android.animation.AnimatorInflater$PathDataEvaluator: android.util.PathParser$PathData mPathData>",
						"<android.animation.AnimatorInflater$PathDataEvaluator: android.util.PathParser$PathData evaluate(float,android.util.PathParser$PathData,android.util.PathParser$PathData)>"
					],
					"depth":4,
					"method":"<android.view.View$OnLayoutChangeListener: void onLayoutChange(android.view.View,int,int,int,int,int,int,int,int)>",
					"source":"FIELDCALLER"
				},
				{
					"trace":[
						"<android.animation.PropertyValuesHolder$1: java.lang.Object getValueAtFraction(float)>",
						"<android.animation.KeyframeSet: java.lang.Object getValue(float)>",
						"<android.animation.AnimatorInflater$PathDataEvaluator: java.lang.Object evaluate(float,java.lang.Object,java.lang.Object)>",
						"<android.animation.AnimatorInflater$PathDataEvaluator: android.util.PathParser$PathData evaluate(float,android.util.PathParser$PathData,android.util.PathParser$PathData)>",
						"key field: <android.animation.AnimatorInflater$PathDataEvaluator: android.util.PathParser$PathData mPathData>",
						"<android.animation.AnimatorInflater$PathDataEvaluator: android.util.PathParser$PathData evaluate(float,android.util.PathParser$PathData,android.util.PathParser$PathData)>"
					],
					"depth":4,
					"method":"<android.animation.PropertyValuesHolder$1: java.lang.Object getValueAtFraction(float)>",
					"source":"FIELDCALLER"
				},
				{
					"trace":[
						"<android.animation.PropertyValuesHolder$PropertyValues$DataSource: java.lang.Object getValueAtFraction(float)>",
						"<android.animation.KeyframeSet: java.lang.Object getValue(float)>",
						"<android.animation.AnimatorInflater$PathDataEvaluator: java.lang.Object evaluate(float,java.lang.Object,java.lang.Object)>",
						"<android.animation.AnimatorInflater$PathDataEvaluator: android.util.PathParser$PathData evaluate(float,android.util.PathParser$PathData,android.util.PathParser$PathData)>",
						"key field: <android.animation.AnimatorInflater$PathDataEvaluator: android.util.PathParser$PathData mPathData>",
						"<android.animation.AnimatorInflater$PathDataEvaluator: android.util.PathParser$PathData evaluate(float,android.util.PathParser$PathData,android.util.PathParser$PathData)>"
					],
					"depth":4,
					"method":"<android.animation.PropertyValuesHolder$PropertyValues$DataSource: java.lang.Object getValueAtFraction(float)>",
					"source":"FIELDCALLER"
				},
				{
					"trace":[
						"<android.animation.PropertyValuesHolder: void getPropertyValues(android.animation.PropertyValuesHolder$PropertyValues)>",
						"<android.animation.KeyframeSet: java.lang.Object getValue(float)>",
						"<android.animation.AnimatorInflater$PathDataEvaluator: java.lang.Object evaluate(float,java.lang.Object,java.lang.Object)>",
						"<android.animation.AnimatorInflater$PathDataEvaluator: android.util.PathParser$PathData evaluate(float,android.util.PathParser$PathData,android.util.PathParser$PathData)>",
						"key field: <android.animation.AnimatorInflater$PathDataEvaluator: android.util.PathParser$PathData mPathData>",
						"<android.animation.AnimatorInflater$PathDataEvaluator: android.util.PathParser$PathData evaluate(float,android.util.PathParser$PathData,android.util.PathParser$PathData)>"
					],
					"depth":4,
					"method":"<android.animation.PropertyValuesHolder: void getPropertyValues(android.animation.PropertyValuesHolder$PropertyValues)>",
					"source":"FIELDCALLER"
				},
				{
					"trace":[
						"<android.animation.FloatKeyframeSet: java.lang.Object getValue(float)>",
						"<android.animation.FloatKeyframeSet: float getFloatValue(float)>",
						"<android.animation.AnimatorInflater$PathDataEvaluator: java.lang.Object evaluate(float,java.lang.Object,java.lang.Object)>",
						"<android.animation.AnimatorInflater$PathDataEvaluator: android.util.PathParser$PathData evaluate(float,android.util.PathParser$PathData,android.util.PathParser$PathData)>",
						"key field: <android.animation.AnimatorInflater$PathDataEvaluator: android.util.PathParser$PathData mPathData>",
						"<android.animation.AnimatorInflater$PathDataEvaluator: android.util.PathParser$PathData evaluate(float,android.util.PathParser$PathData,android.util.PathParser$PathData)>"
					],
					"depth":4,
					"method":"<android.animation.FloatKeyframeSet: java.lang.Object getValue(float)>",
					"source":"FIELDCALLER"
				},
				{
					"trace":[
						"<android.animation.IntKeyframeSet: java.lang.Object getValue(float)>",
						"<android.animation.IntKeyframeSet: int getIntValue(float)>",
						"<android.animation.AnimatorInflater$PathDataEvaluator: java.lang.Object evaluate(float,java.lang.Object,java.lang.Object)>",
						"<android.animation.AnimatorInflater$PathDataEvaluator: android.util.PathParser$PathData evaluate(float,android.util.PathParser$PathData,android.util.PathParser$PathData)>",
						"key field: <android.animation.AnimatorInflater$PathDataEvaluator: android.util.PathParser$PathData mPathData>",
						"<android.animation.AnimatorInflater$PathDataEvaluator: android.util.PathParser$PathData evaluate(float,android.util.PathParser$PathData,android.util.PathParser$PathData)>"
					],
					"depth":4,
					"method":"<android.animation.IntKeyframeSet: java.lang.Object getValue(float)>",
					"source":"FIELDCALLER"
				},
				{
					"trace":[
						"<android.animation.ValueAnimator: void end()>",
						"<android.animation.ValueAnimator: void animateValue(float)>",
						"<android.animation.PropertyValuesHolder: void calculateValue(float)>",
						"<android.animation.KeyframeSet: java.lang.Object getValue(float)>",
						"<android.animation.AnimatorInflater$PathDataEvaluator: java.lang.Object evaluate(float,java.lang.Object,java.lang.Object)>",
						"<android.animation.AnimatorInflater$PathDataEvaluator: android.util.PathParser$PathData evaluate(float,android.util.PathParser$PathData,android.util.PathParser$PathData)>",
						"key field: <android.animation.AnimatorInflater$PathDataEvaluator: android.util.PathParser$PathData mPathData>",
						"<android.animation.AnimatorInflater$PathDataEvaluator: android.util.PathParser$PathData evaluate(float,android.util.PathParser$PathData,android.util.PathParser$PathData)>"
					],
					"depth":6,
					"method":"<android.animation.ValueAnimator: void end()>",
					"source":"FIELDCALLER"
				},
				{
					"trace":[
						"<android.animation.ValueAnimator: void setCurrentFraction(float)>",
						"<android.animation.ValueAnimator: void animateValue(float)>",
						"<android.animation.PropertyValuesHolder: void calculateValue(float)>",
						"<android.animation.KeyframeSet: java.lang.Object getValue(float)>",
						"<android.animation.AnimatorInflater$PathDataEvaluator: java.lang.Object evaluate(float,java.lang.Object,java.lang.Object)>",
						"<android.animation.AnimatorInflater$PathDataEvaluator: android.util.PathParser$PathData evaluate(float,android.util.PathParser$PathData,android.util.PathParser$PathData)>",
						"key field: <android.animation.AnimatorInflater$PathDataEvaluator: android.util.PathParser$PathData mPathData>",
						"<android.animation.AnimatorInflater$PathDataEvaluator: android.util.PathParser$PathData evaluate(float,android.util.PathParser$PathData,android.util.PathParser$PathData)>"
					],
					"depth":6,
					"method":"<android.animation.ValueAnimator: void setCurrentFraction(float)>",
					"source":"FIELDCALLER"
				},
				{
					"trace":[
						"<android.animation.AnimatorInflater: android.animation.Animator loadAnimator(android.content.res.Resources,android.content.res.Resources$Theme,int,float)>",
						"<android.animation.AnimatorInflater: android.animation.Animator createAnimatorFromXml(android.content.res.Resources,android.content.res.Resources$Theme,org.xmlpull.v1.XmlPullParser,float)>",
						"<android.animation.AnimatorInflater: android.animation.Animator createAnimatorFromXml(android.content.res.Resources,android.content.res.Resources$Theme,org.xmlpull.v1.XmlPullParser,android.util.AttributeSet,android.animation.AnimatorSet,int,float)>",
						"<android.animation.AnimatorInflater: android.animation.PropertyValuesHolder[] loadValues(android.content.res.Resources,android.content.res.Resources$Theme,org.xmlpull.v1.XmlPullParser,android.util.AttributeSet)>",
						"<android.animation.AnimatorInflater: android.animation.PropertyValuesHolder getPVH(android.content.res.TypedArray,int,int,int,java.lang.String)>",
						"<android.animation.AnimatorInflater$PathDataEvaluator: void <init>(android.animation.AnimatorInflater$1)>",
						"<android.animation.AnimatorInflater$PathDataEvaluator: void <init>()>",
						"key field: <android.animation.AnimatorInflater$PathDataEvaluator: android.util.PathParser$PathData mPathData>",
						"<android.animation.AnimatorInflater$PathDataEvaluator: android.util.PathParser$PathData evaluate(float,android.util.PathParser$PathData,android.util.PathParser$PathData)>"
					],
					"depth":7,
					"method":"<android.animation.AnimatorInflater: android.animation.Animator loadAnimator(android.content.res.Resources,android.content.res.Resources$Theme,int,float)>",
					"source":"FIELDCALLER"
				},
				{
					"trace":[
						"<android.animation.LayoutTransition: void cancel()>",
						"<android.animation.ValueAnimator: void end()>",
						"<android.animation.ValueAnimator: void animateValue(float)>",
						"<android.animation.PropertyValuesHolder: void calculateValue(float)>",
						"<android.animation.KeyframeSet: java.lang.Object getValue(float)>",
						"<android.animation.AnimatorInflater$PathDataEvaluator: java.lang.Object evaluate(float,java.lang.Object,java.lang.Object)>",
						"<android.animation.AnimatorInflater$PathDataEvaluator: android.util.PathParser$PathData evaluate(float,android.util.PathParser$PathData,android.util.PathParser$PathData)>",
						"key field: <android.animation.AnimatorInflater$PathDataEvaluator: android.util.PathParser$PathData mPathData>",
						"<android.animation.AnimatorInflater$PathDataEvaluator: android.util.PathParser$PathData evaluate(float,android.util.PathParser$PathData,android.util.PathParser$PathData)>"
					],
					"depth":7,
					"method":"<android.animation.LayoutTransition: void cancel()>",
					"source":"FIELDCALLER"
				},
				{
					"trace":[
						"<android.animation.LayoutTransition: void cancel(int)>",
						"<android.animation.ValueAnimator: void end()>",
						"<android.animation.ValueAnimator: void animateValue(float)>",
						"<android.animation.PropertyValuesHolder: void calculateValue(float)>",
						"<android.animation.KeyframeSet: java.lang.Object getValue(float)>",
						"<android.animation.AnimatorInflater$PathDataEvaluator: java.lang.Object evaluate(float,java.lang.Object,java.lang.Object)>",
						"<android.animation.AnimatorInflater$PathDataEvaluator: android.util.PathParser$PathData evaluate(float,android.util.PathParser$PathData,android.util.PathParser$PathData)>",
						"key field: <android.animation.AnimatorInflater$PathDataEvaluator: android.util.PathParser$PathData mPathData>",
						"<android.animation.AnimatorInflater$PathDataEvaluator: android.util.PathParser$PathData evaluate(float,android.util.PathParser$PathData,android.util.PathParser$PathData)>"
					],
					"depth":7,
					"method":"<android.animation.LayoutTransition: void cancel(int)>",
					"source":"FIELDCALLER"
				},
				{
					"trace":[
						"<android.animation.StateListAnimator: void jumpToCurrentState()>",
						"<android.animation.ValueAnimator: void end()>",
						"<android.animation.ValueAnimator: void animateValue(float)>",
						"<android.animation.PropertyValuesHolder: void calculateValue(float)>",
						"<android.animation.KeyframeSet: java.lang.Object getValue(float)>",
						"<android.animation.AnimatorInflater$PathDataEvaluator: java.lang.Object evaluate(float,java.lang.Object,java.lang.Object)>",
						"<android.animation.AnimatorInflater$PathDataEvaluator: android.util.PathParser$PathData evaluate(float,android.util.PathParser$PathData,android.util.PathParser$PathData)>",
						"key field: <android.animation.AnimatorInflater$PathDataEvaluator: android.util.PathParser$PathData mPathData>",
						"<android.animation.AnimatorInflater$PathDataEvaluator: android.util.PathParser$PathData evaluate(float,android.util.PathParser$PathData,android.util.PathParser$PathData)>"
					],
					"depth":7,
					"method":"<android.animation.StateListAnimator: void jumpToCurrentState()>",
					"source":"FIELDCALLER"
				},
				{
					"trace":[
						"<android.graphics.drawable.RippleForeground: void end()>",
						"<android.animation.ValueAnimator: void end()>",
						"<android.animation.ValueAnimator: void animateValue(float)>",
						"<android.animation.PropertyValuesHolder: void calculateValue(float)>",
						"<android.animation.KeyframeSet: java.lang.Object getValue(float)>",
						"<android.animation.AnimatorInflater$PathDataEvaluator: java.lang.Object evaluate(float,java.lang.Object,java.lang.Object)>",
						"<android.animation.AnimatorInflater$PathDataEvaluator: android.util.PathParser$PathData evaluate(float,android.util.PathParser$PathData,android.util.PathParser$PathData)>",
						"key field: <android.animation.AnimatorInflater$PathDataEvaluator: android.util.PathParser$PathData mPathData>",
						"<android.animation.AnimatorInflater$PathDataEvaluator: android.util.PathParser$PathData evaluate(float,android.util.PathParser$PathData,android.util.PathParser$PathData)>"
					],
					"depth":7,
					"method":"<android.graphics.drawable.RippleForeground: void end()>",
					"source":"FIELDCALLER"
				},
				{
					"trace":[
						"<android.animation.LayoutTransition: void endChangingAnimations()>",
						"<android.animation.ValueAnimator: void end()>",
						"<android.animation.ValueAnimator: void animateValue(float)>",
						"<android.animation.PropertyValuesHolder: void calculateValue(float)>",
						"<android.animation.KeyframeSet: java.lang.Object getValue(float)>",
						"<android.animation.AnimatorInflater$PathDataEvaluator: java.lang.Object evaluate(float,java.lang.Object,java.lang.Object)>",
						"<android.animation.AnimatorInflater$PathDataEvaluator: android.util.PathParser$PathData evaluate(float,android.util.PathParser$PathData,android.util.PathParser$PathData)>",
						"key field: <android.animation.AnimatorInflater$PathDataEvaluator: android.util.PathParser$PathData mPathData>",
						"<android.animation.AnimatorInflater$PathDataEvaluator: android.util.PathParser$PathData evaluate(float,android.util.PathParser$PathData,android.util.PathParser$PathData)>"
					],
					"depth":7,
					"method":"<android.animation.LayoutTransition: void endChangingAnimations()>",
					"source":"FIELDCALLER"
				},
				{
					"trace":[
						"<android.animation.ValueAnimator: void reverse()>",
						"<android.animation.ValueAnimator: void end()>",
						"<android.animation.ValueAnimator: void animateValue(float)>",
						"<android.animation.PropertyValuesHolder: void calculateValue(float)>",
						"<android.animation.KeyframeSet: java.lang.Object getValue(float)>",
						"<android.animation.AnimatorInflater$PathDataEvaluator: java.lang.Object evaluate(float,java.lang.Object,java.lang.Object)>",
						"<android.animation.AnimatorInflater$PathDataEvaluator: android.util.PathParser$PathData evaluate(float,android.util.PathParser$PathData,android.util.PathParser$PathData)>",
						"key field: <android.animation.AnimatorInflater$PathDataEvaluator: android.util.PathParser$PathData mPathData>",
						"<android.animation.AnimatorInflater$PathDataEvaluator: android.util.PathParser$PathData evaluate(float,android.util.PathParser$PathData,android.util.PathParser$PathData)>"
					],
					"depth":7,
					"method":"<android.animation.ValueAnimator: void reverse()>",
					"source":"FIELDCALLER"
				},
				{
					"trace":[
						"<android.animation.ValueAnimator: boolean doAnimationFrame(long)>",
						"<android.animation.ValueAnimator: boolean animateBasedOnTime(long)>",
						"<android.animation.ValueAnimator: void animateValue(float)>",
						"<android.animation.PropertyValuesHolder: void calculateValue(float)>",
						"<android.animation.KeyframeSet: java.lang.Object getValue(float)>",
						"<android.animation.AnimatorInflater$PathDataEvaluator: java.lang.Object evaluate(float,java.lang.Object,java.lang.Object)>",
						"<android.animation.AnimatorInflater$PathDataEvaluator: android.util.PathParser$PathData evaluate(float,android.util.PathParser$PathData,android.util.PathParser$PathData)>",
						"key field: <android.animation.AnimatorInflater$PathDataEvaluator: android.util.PathParser$PathData mPathData>",
						"<android.animation.AnimatorInflater$PathDataEvaluator: android.util.PathParser$PathData evaluate(float,android.util.PathParser$PathData,android.util.PathParser$PathData)>"
					],
					"depth":7,
					"method":"<android.animation.ValueAnimator: boolean doAnimationFrame(long)>",
					"source":"FIELDCALLER"
				},
				{
					"trace":[
						"<android.animation.AnimationHandler$AnimationFrameCallback: boolean doAnimationFrame(long)>",
						"<android.animation.ValueAnimator: boolean animateBasedOnTime(long)>",
						"<android.animation.ValueAnimator: void animateValue(float)>",
						"<android.animation.PropertyValuesHolder: void calculateValue(float)>",
						"<android.animation.KeyframeSet: java.lang.Object getValue(float)>",
						"<android.animation.AnimatorInflater$PathDataEvaluator: java.lang.Object evaluate(float,java.lang.Object,java.lang.Object)>",
						"<android.animation.AnimatorInflater$PathDataEvaluator: android.util.PathParser$PathData evaluate(float,android.util.PathParser$PathData,android.util.PathParser$PathData)>",
						"key field: <android.animation.AnimatorInflater$PathDataEvaluator: android.util.PathParser$PathData mPathData>",
						"<android.animation.AnimatorInflater$PathDataEvaluator: android.util.PathParser$PathData evaluate(float,android.util.PathParser$PathData,android.util.PathParser$PathData)>"
					],
					"depth":7,
					"method":"<android.animation.AnimationHandler$AnimationFrameCallback: boolean doAnimationFrame(long)>",
					"source":"FIELDCALLER"
				},
				{
					"trace":[
						"<android.animation.ValueAnimator: void setCurrentPlayTime(long)>",
						"<android.animation.ValueAnimator: void setCurrentFraction(float)>",
						"<android.animation.ValueAnimator: void animateValue(float)>",
						"<android.animation.PropertyValuesHolder: void calculateValue(float)>",
						"<android.animation.KeyframeSet: java.lang.Object getValue(float)>",
						"<android.animation.AnimatorInflater$PathDataEvaluator: java.lang.Object evaluate(float,java.lang.Object,java.lang.Object)>",
						"<android.animation.AnimatorInflater$PathDataEvaluator: android.util.PathParser$PathData evaluate(float,android.util.PathParser$PathData,android.util.PathParser$PathData)>",
						"key field: <android.animation.AnimatorInflater$PathDataEvaluator: android.util.PathParser$PathData mPathData>",
						"<android.animation.AnimatorInflater$PathDataEvaluator: android.util.PathParser$PathData evaluate(float,android.util.PathParser$PathData,android.util.PathParser$PathData)>"
					],
					"depth":7,
					"method":"<android.animation.ValueAnimator: void setCurrentPlayTime(long)>",
					"source":"FIELDCALLER"
				},
				{
					"trace":[
						"<android.animation.AnimatorInflater: android.animation.Animator loadAnimator(android.content.res.Resources,android.content.res.Resources$Theme,int)>",
						"<android.animation.AnimatorInflater: android.animation.Animator loadAnimator(android.content.res.Resources,android.content.res.Resources$Theme,int,float)>",
						"<android.animation.AnimatorInflater: android.animation.Animator createAnimatorFromXml(android.content.res.Resources,android.content.res.Resources$Theme,org.xmlpull.v1.XmlPullParser,float)>",
						"<android.animation.AnimatorInflater: android.animation.Animator createAnimatorFromXml(android.content.res.Resources,android.content.res.Resources$Theme,org.xmlpull.v1.XmlPullParser,android.util.AttributeSet,android.animation.AnimatorSet,int,float)>",
						"<android.animation.AnimatorInflater: android.animation.PropertyValuesHolder[] loadValues(android.content.res.Resources,android.content.res.Resources$Theme,org.xmlpull.v1.XmlPullParser,android.util.AttributeSet)>",
						"<android.animation.AnimatorInflater: android.animation.PropertyValuesHolder getPVH(android.content.res.TypedArray,int,int,int,java.lang.String)>",
						"<android.animation.AnimatorInflater$PathDataEvaluator: void <init>(android.animation.AnimatorInflater$1)>",
						"<android.animation.AnimatorInflater$PathDataEvaluator: void <init>()>",
						"key field: <android.animation.AnimatorInflater$PathDataEvaluator: android.util.PathParser$PathData mPathData>",
						"<android.animation.AnimatorInflater$PathDataEvaluator: android.util.PathParser$PathData evaluate(float,android.util.PathParser$PathData,android.util.PathParser$PathData)>"
					],
					"depth":8,
					"method":"<android.animation.AnimatorInflater: android.animation.Animator loadAnimator(android.content.res.Resources,android.content.res.Resources$Theme,int)>",
					"source":"FIELDCALLER"
				},
				{
					"trace":[
						"<android.animation.AnimatorInflater: android.animation.StateListAnimator loadStateListAnimator(android.content.Context,int)>",
						"<android.animation.AnimatorInflater: android.animation.StateListAnimator createStateListAnimatorFromXml(android.content.Context,org.xmlpull.v1.XmlPullParser,android.util.AttributeSet)>",
						"<android.animation.AnimatorInflater: android.animation.Animator createAnimatorFromXml(android.content.res.Resources,android.content.res.Resources$Theme,org.xmlpull.v1.XmlPullParser,float)>",
						"<android.animation.AnimatorInflater: android.animation.Animator createAnimatorFromXml(android.content.res.Resources,android.content.res.Resources$Theme,org.xmlpull.v1.XmlPullParser,android.util.AttributeSet,android.animation.AnimatorSet,int,float)>",
						"<android.animation.AnimatorInflater: android.animation.PropertyValuesHolder[] loadValues(android.content.res.Resources,android.content.res.Resources$Theme,org.xmlpull.v1.XmlPullParser,android.util.AttributeSet)>",
						"<android.animation.AnimatorInflater: android.animation.PropertyValuesHolder getPVH(android.content.res.TypedArray,int,int,int,java.lang.String)>",
						"<android.animation.AnimatorInflater$PathDataEvaluator: void <init>(android.animation.AnimatorInflater$1)>",
						"<android.animation.AnimatorInflater$PathDataEvaluator: void <init>()>",
						"key field: <android.animation.AnimatorInflater$PathDataEvaluator: android.util.PathParser$PathData mPathData>",
						"<android.animation.AnimatorInflater$PathDataEvaluator: android.util.PathParser$PathData evaluate(float,android.util.PathParser$PathData,android.util.PathParser$PathData)>"
					],
					"depth":8,
					"method":"<android.animation.AnimatorInflater: android.animation.StateListAnimator loadStateListAnimator(android.content.Context,int)>",
					"source":"FIELDCALLER"
				},
				{
					"trace":[
						"<android.animation.AnimatorSet: void end()>",
						"<android.animation.ValueAnimator: void reverse()>",
						"<android.animation.ValueAnimator: void end()>",
						"<android.animation.ValueAnimator: void animateValue(float)>",
						"<android.animation.PropertyValuesHolder: void calculateValue(float)>",
						"<android.animation.KeyframeSet: java.lang.Object getValue(float)>",
						"<android.animation.AnimatorInflater$PathDataEvaluator: java.lang.Object evaluate(float,java.lang.Object,java.lang.Object)>",
						"<android.animation.AnimatorInflater$PathDataEvaluator: android.util.PathParser$PathData evaluate(float,android.util.PathParser$PathData,android.util.PathParser$PathData)>",
						"key field: <android.animation.AnimatorInflater$PathDataEvaluator: android.util.PathParser$PathData mPathData>",
						"<android.animation.AnimatorInflater$PathDataEvaluator: android.util.PathParser$PathData evaluate(float,android.util.PathParser$PathData,android.util.PathParser$PathData)>"
					],
					"depth":8,
					"method":"<android.animation.AnimatorSet: void end()>",
					"source":"FIELDCALLER"
				},
				{
					"trace":[
						"<android.graphics.drawable.AnimatedStateListDrawable$AnimationDrawableTransition: void reverse()>",
						"<android.animation.ValueAnimator: void reverse()>",
						"<android.animation.ValueAnimator: void end()>",
						"<android.animation.ValueAnimator: void animateValue(float)>",
						"<android.animation.PropertyValuesHolder: void calculateValue(float)>",
						"<android.animation.KeyframeSet: java.lang.Object getValue(float)>",
						"<android.animation.AnimatorInflater$PathDataEvaluator: java.lang.Object evaluate(float,java.lang.Object,java.lang.Object)>",
						"<android.animation.AnimatorInflater$PathDataEvaluator: android.util.PathParser$PathData evaluate(float,android.util.PathParser$PathData,android.util.PathParser$PathData)>",
						"key field: <android.animation.AnimatorInflater$PathDataEvaluator: android.util.PathParser$PathData mPathData>",
						"<android.animation.AnimatorInflater$PathDataEvaluator: android.util.PathParser$PathData evaluate(float,android.util.PathParser$PathData,android.util.PathParser$PathData)>"
					],
					"depth":8,
					"method":"<android.graphics.drawable.AnimatedStateListDrawable$AnimationDrawableTransition: void reverse()>",
					"source":"FIELDCALLER"
				},
				{
					"trace":[
						"<android.graphics.drawable.AnimatedVectorDrawable$VectorDrawableAnimatorUI: void end()>",
						"<android.animation.AnimatorSet: void end()>",
						"<android.animation.ValueAnimator: void end()>",
						"<android.animation.ValueAnimator: void animateValue(float)>",
						"<android.animation.PropertyValuesHolder: void calculateValue(float)>",
						"<android.animation.KeyframeSet: java.lang.Object getValue(float)>",
						"<android.animation.AnimatorInflater$PathDataEvaluator: java.lang.Object evaluate(float,java.lang.Object,java.lang.Object)>",
						"<android.animation.AnimatorInflater$PathDataEvaluator: android.util.PathParser$PathData evaluate(float,android.util.PathParser$PathData,android.util.PathParser$PathData)>",
						"key field: <android.animation.AnimatorInflater$PathDataEvaluator: android.util.PathParser$PathData mPathData>",
						"<android.animation.AnimatorInflater$PathDataEvaluator: android.util.PathParser$PathData evaluate(float,android.util.PathParser$PathData,android.util.PathParser$PathData)>"
					],
					"depth":8,
					"method":"<android.graphics.drawable.AnimatedVectorDrawable$VectorDrawableAnimatorUI: void end()>",
					"source":"FIELDCALLER"
				},
				{
					"trace":[
						"<android.graphics.drawable.AnimatedVectorDrawable$VectorDrawableAnimator: void end()>",
						"<android.animation.AnimatorSet: void end()>",
						"<android.animation.ValueAnimator: void end()>",
						"<android.animation.ValueAnimator: void animateValue(float)>",
						"<android.animation.PropertyValuesHolder: void calculateValue(float)>",
						"<android.animation.KeyframeSet: java.lang.Object getValue(float)>",
						"<android.animation.AnimatorInflater$PathDataEvaluator: java.lang.Object evaluate(float,java.lang.Object,java.lang.Object)>",
						"<android.animation.AnimatorInflater$PathDataEvaluator: android.util.PathParser$PathData evaluate(float,android.util.PathParser$PathData,android.util.PathParser$PathData)>",
						"key field: <android.animation.AnimatorInflater$PathDataEvaluator: android.util.PathParser$PathData mPathData>",
						"<android.animation.AnimatorInflater$PathDataEvaluator: android.util.PathParser$PathData evaluate(float,android.util.PathParser$PathData,android.util.PathParser$PathData)>"
					],
					"depth":8,
					"method":"<android.graphics.drawable.AnimatedVectorDrawable$VectorDrawableAnimator: void end()>",
					"source":"FIELDCALLER"
				},
				{
					"trace":[
						"<android.animation.ValueAnimator: void start()>",
						"<android.animation.ValueAnimator: void start(boolean)>",
						"<android.animation.ValueAnimator: void setCurrentFraction(float)>",
						"<android.animation.ValueAnimator: void animateValue(float)>",
						"<android.animation.PropertyValuesHolder: void calculateValue(float)>",
						"<android.animation.KeyframeSet: java.lang.Object getValue(float)>",
						"<android.animation.AnimatorInflater$PathDataEvaluator: java.lang.Object evaluate(float,java.lang.Object,java.lang.Object)>",
						"<android.animation.AnimatorInflater$PathDataEvaluator: android.util.PathParser$PathData evaluate(float,android.util.PathParser$PathData,android.util.PathParser$PathData)>",
						"key field: <android.animation.AnimatorInflater$PathDataEvaluator: android.util.PathParser$PathData mPathData>",
						"<android.animation.AnimatorInflater$PathDataEvaluator: android.util.PathParser$PathData evaluate(float,android.util.PathParser$PathData,android.util.PathParser$PathData)>"
					],
					"depth":8,
					"method":"<android.animation.ValueAnimator: void start()>",
					"source":"FIELDCALLER"
				},
				{
					"trace":[
						"<android.animation.LayoutTransition: void startChangingAnimations()>",
						"<android.animation.ValueAnimator: void setCurrentPlayTime(long)>",
						"<android.animation.ValueAnimator: void setCurrentFraction(float)>",
						"<android.animation.ValueAnimator: void animateValue(float)>",
						"<android.animation.PropertyValuesHolder: void calculateValue(float)>",
						"<android.animation.KeyframeSet: java.lang.Object getValue(float)>",
						"<android.animation.AnimatorInflater$PathDataEvaluator: java.lang.Object evaluate(float,java.lang.Object,java.lang.Object)>",
						"<android.animation.AnimatorInflater$PathDataEvaluator: android.util.PathParser$PathData evaluate(float,android.util.PathParser$PathData,android.util.PathParser$PathData)>",
						"key field: <android.animation.AnimatorInflater$PathDataEvaluator: android.util.PathParser$PathData mPathData>",
						"<android.animation.AnimatorInflater$PathDataEvaluator: android.util.PathParser$PathData evaluate(float,android.util.PathParser$PathData,android.util.PathParser$PathData)>"
					],
					"depth":8,
					"method":"<android.animation.LayoutTransition: void startChangingAnimations()>",
					"source":"FIELDCALLER"
				},
				{
					"trace":[
						"<android.animation.ObjectAnimator: void setupStartValues()>",
						"<android.animation.ObjectAnimator: void initAnimation()>",
						"<android.animation.PropertyValuesHolder: void setupSetterAndGetter(java.lang.Object)>",
						"<android.animation.PropertyValuesHolder$MultiIntValuesHolder: void setupSetter(java.lang.Class)>",
						"<android.animation.PropertyValuesHolder: void calculateValue(float)>",
						"<android.animation.KeyframeSet: java.lang.Object getValue(float)>",
						"<android.animation.AnimatorInflater$PathDataEvaluator: java.lang.Object evaluate(float,java.lang.Object,java.lang.Object)>",
						"<android.animation.AnimatorInflater$PathDataEvaluator: android.util.PathParser$PathData evaluate(float,android.util.PathParser$PathData,android.util.PathParser$PathData)>",
						"key field: <android.animation.AnimatorInflater$PathDataEvaluator: android.util.PathParser$PathData mPathData>",
						"<android.animation.AnimatorInflater$PathDataEvaluator: android.util.PathParser$PathData evaluate(float,android.util.PathParser$PathData,android.util.PathParser$PathData)>"
					],
					"depth":8,
					"method":"<android.animation.ObjectAnimator: void setupStartValues()>",
					"source":"FIELDCALLER"
				},
				{
					"trace":[
						"<android.animation.ObjectAnimator: void setupEndValues()>",
						"<android.animation.ObjectAnimator: void initAnimation()>",
						"<android.animation.PropertyValuesHolder: void setupSetterAndGetter(java.lang.Object)>",
						"<android.animation.PropertyValuesHolder$MultiIntValuesHolder: void setupSetter(java.lang.Class)>",
						"<android.animation.PropertyValuesHolder: void calculateValue(float)>",
						"<android.animation.KeyframeSet: java.lang.Object getValue(float)>",
						"<android.animation.AnimatorInflater$PathDataEvaluator: java.lang.Object evaluate(float,java.lang.Object,java.lang.Object)>",
						"<android.animation.AnimatorInflater$PathDataEvaluator: android.util.PathParser$PathData evaluate(float,android.util.PathParser$PathData,android.util.PathParser$PathData)>",
						"key field: <android.animation.AnimatorInflater$PathDataEvaluator: android.util.PathParser$PathData mPathData>",
						"<android.animation.AnimatorInflater$PathDataEvaluator: android.util.PathParser$PathData evaluate(float,android.util.PathParser$PathData,android.util.PathParser$PathData)>"
					],
					"depth":8,
					"method":"<android.animation.ObjectAnimator: void setupEndValues()>",
					"source":"FIELDCALLER"
				}
			],
			"callerOfSingnlar2SourceVar":{
				"<android.animation.AnimatorInflater$PathDataEvaluator: android.util.PathParser$PathData evaluate(float,android.util.PathParser$PathData,android.util.PathParser$PathData)>":"1, 2, 0",
				"<android.animation.AnimatorInflater$PathDataEvaluator: java.lang.Object evaluate(float,java.lang.Object,java.lang.Object)>":"0"
			}
		}
	]
}