{
	"exceptions":[
		{
			"method":"<android.audio.policy.configuration.V7_0.MixPorts$MixPort: android.audio.policy.configuration.V7_0.MixPorts$MixPort read(org.xmlpull.v1.XmlPullParser)>",
			"message":"\\QMixPorts.MixPort is not closed\\E",
			"relatedVarType":"Parameter",
			"relatedCondType":"Basic",
			"modifier":"default",
			"type":"javax.xml.datatype.DatatypeConfigurationException",
			"osVersionRelated":false,
			"resourceRelated":false,
			"assessRelated":false,
			"hardwareRelated":false,
			"manifestRelated":false,
			"conditions":"i9 != 3, i9 == 1, r20 == null",
			"paramValues":"@parameter0: org.xmlpull.v1.XmlPullParser",
			"relatedValues":"@parameter0: org.xmlpull.v1.XmlPullParser; ; ",
			"keyAPISameClassNum":0,
			"keyAPIDiffClassNum":0,
			"keyAPISameClass":[
				{
					"trace":[
						"<android.audio.policy.configuration.V7_0.MixPorts$MixPort: android.audio.policy.configuration.V7_0.MixPorts$MixPort read(org.xmlpull.v1.XmlPullParser)>"
					],
					"depth":0,
					"method":"<android.audio.policy.configuration.V7_0.MixPorts$MixPort: android.audio.policy.configuration.V7_0.MixPorts$MixPort read(org.xmlpull.v1.XmlPullParser)>",
					"source":"CALLER"
				}
			],
			"keyAPIDiffClass":[],
			"callerOfSingnlar2SourceVar":{
				"<android.audio.policy.configuration.V7_0.Modules: android.audio.policy.configuration.V7_0.Modules read(org.xmlpull.v1.XmlPullParser)>":"0",
				"<android.audio.policy.configuration.V7_0.Modules$Module: android.audio.policy.configuration.V7_0.Modules$Module read(org.xmlpull.v1.XmlPullParser)>":"0",
				"<android.audio.policy.configuration.V7_0.AudioPolicyConfiguration: android.audio.policy.configuration.V7_0.AudioPolicyConfiguration read(org.xmlpull.v1.XmlPullParser)>":"0",
				"<android.audio.policy.configuration.V7_0.MixPorts: android.audio.policy.configuration.V7_0.MixPorts read(org.xmlpull.v1.XmlPullParser)>":"0",
				"<android.audio.policy.configuration.V7_0.MixPorts$MixPort: android.audio.policy.configuration.V7_0.MixPorts$MixPort read(org.xmlpull.v1.XmlPullParser)>":"0"
			}
		}
	]
}