{
	"exceptions":[
		{
			"method":"<android.bluetooth.le.BluetoothLeScanner: int startScan(java.util.List,android.bluetooth.le.ScanSettings,android.os.WorkSource,android.bluetooth.le.ScanCallback,android.app.PendingIntent,java.util.List)>",
			"message":"\\Qcallback is null\\E",
			"relatedVarType":"Parameter",
			"relatedCondType":"Basic",
			"modifier":"private",
			"type":"java.lang.IllegalArgumentException",
			"osVersionRelated":false,
			"resourceRelated":false,
			"assessRelated":false,
			"hardwareRelated":false,
			"manifestRelated":false,
			"conditions":"r16 == null, r2 != null",
			"paramValues":"@parameter4: android.app.PendingIntent, @parameter3: android.bluetooth.le.ScanCallback",
			"relatedValues":"@parameter4: android.app.PendingIntent, @parameter3: android.bluetooth.le.ScanCallback; ; ",
			"keyAPISameClassNum":0,
			"keyAPIDiffClassNum":0,
			"keyAPISameClass":[
				{
					"trace":[
						"<android.bluetooth.le.BluetoothLeScanner: int startScan(java.util.List,android.bluetooth.le.ScanSettings,android.os.WorkSource,android.bluetooth.le.ScanCallback,android.app.PendingIntent,java.util.List)>"
					],
					"depth":0,
					"method":"<android.bluetooth.le.BluetoothLeScanner: int startScan(java.util.List,android.bluetooth.le.ScanSettings,android.os.WorkSource,android.bluetooth.le.ScanCallback,android.app.PendingIntent,java.util.List)>",
					"source":"CALLER"
				},
				{
					"trace":[
						"<android.bluetooth.le.BluetoothLeScanner: int startScan(java.util.List,android.bluetooth.le.ScanSettings,android.app.PendingIntent)>",
						"<android.bluetooth.le.BluetoothLeScanner: int startScan(java.util.List,android.bluetooth.le.ScanSettings,android.os.WorkSource,android.bluetooth.le.ScanCallback,android.app.PendingIntent,java.util.List)>"
					],
					"depth":1,
					"method":"<android.bluetooth.le.BluetoothLeScanner: int startScan(java.util.List,android.bluetooth.le.ScanSettings,android.app.PendingIntent)>",
					"source":"CALLER"
				},
				{
					"trace":[
						"<android.bluetooth.le.BluetoothLeScanner: void startTruncatedScan(java.util.List,android.bluetooth.le.ScanSettings,android.bluetooth.le.ScanCallback)>",
						"<android.bluetooth.le.BluetoothLeScanner: int startScan(java.util.List,android.bluetooth.le.ScanSettings,android.os.WorkSource,android.bluetooth.le.ScanCallback,android.app.PendingIntent,java.util.List)>"
					],
					"depth":1,
					"method":"<android.bluetooth.le.BluetoothLeScanner: void startTruncatedScan(java.util.List,android.bluetooth.le.ScanSettings,android.bluetooth.le.ScanCallback)>",
					"source":"CALLER"
				},
				{
					"trace":[
						"<android.bluetooth.le.BluetoothLeScanner: void startScanFromSource(java.util.List,android.bluetooth.le.ScanSettings,android.os.WorkSource,android.bluetooth.le.ScanCallback)>",
						"<android.bluetooth.le.BluetoothLeScanner: int startScan(java.util.List,android.bluetooth.le.ScanSettings,android.os.WorkSource,android.bluetooth.le.ScanCallback,android.app.PendingIntent,java.util.List)>"
					],
					"depth":1,
					"method":"<android.bluetooth.le.BluetoothLeScanner: void startScanFromSource(java.util.List,android.bluetooth.le.ScanSettings,android.os.WorkSource,android.bluetooth.le.ScanCallback)>",
					"source":"CALLER"
				},
				{
					"trace":[
						"<android.bluetooth.le.BluetoothLeScanner: void startScan(java.util.List,android.bluetooth.le.ScanSettings,android.bluetooth.le.ScanCallback)>",
						"<android.bluetooth.le.BluetoothLeScanner: int startScan(java.util.List,android.bluetooth.le.ScanSettings,android.os.WorkSource,android.bluetooth.le.ScanCallback,android.app.PendingIntent,java.util.List)>"
					],
					"depth":1,
					"method":"<android.bluetooth.le.BluetoothLeScanner: void startScan(java.util.List,android.bluetooth.le.ScanSettings,android.bluetooth.le.ScanCallback)>",
					"source":"CALLER"
				},
				{
					"trace":[
						"<android.bluetooth.le.BluetoothLeScanner: void startScanFromSource(android.os.WorkSource,android.bluetooth.le.ScanCallback)>",
						"<android.bluetooth.le.BluetoothLeScanner: void startScanFromSource(java.util.List,android.bluetooth.le.ScanSettings,android.os.WorkSource,android.bluetooth.le.ScanCallback)>",
						"<android.bluetooth.le.BluetoothLeScanner: int startScan(java.util.List,android.bluetooth.le.ScanSettings,android.os.WorkSource,android.bluetooth.le.ScanCallback,android.app.PendingIntent,java.util.List)>"
					],
					"depth":2,
					"method":"<android.bluetooth.le.BluetoothLeScanner: void startScanFromSource(android.os.WorkSource,android.bluetooth.le.ScanCallback)>",
					"source":"CALLER"
				},
				{
					"trace":[
						"<android.bluetooth.le.BluetoothLeScanner: void startScan(android.bluetooth.le.ScanCallback)>",
						"<android.bluetooth.le.BluetoothLeScanner: void startScan(java.util.List,android.bluetooth.le.ScanSettings,android.bluetooth.le.ScanCallback)>",
						"<android.bluetooth.le.BluetoothLeScanner: int startScan(java.util.List,android.bluetooth.le.ScanSettings,android.os.WorkSource,android.bluetooth.le.ScanCallback,android.app.PendingIntent,java.util.List)>"
					],
					"depth":2,
					"method":"<android.bluetooth.le.BluetoothLeScanner: void startScan(android.bluetooth.le.ScanCallback)>",
					"source":"CALLER"
				}
			],
			"keyAPIDiffClass":[
				{
					"trace":[
						"<android.bluetooth.BluetoothAdapter: boolean startLeScan(java.util.UUID[],android.bluetooth.BluetoothAdapter$LeScanCallback)>",
						"<android.bluetooth.le.BluetoothLeScanner: void startScan(java.util.List,android.bluetooth.le.ScanSettings,android.bluetooth.le.ScanCallback)>",
						"<android.bluetooth.le.BluetoothLeScanner: int startScan(java.util.List,android.bluetooth.le.ScanSettings,android.os.WorkSource,android.bluetooth.le.ScanCallback,android.app.PendingIntent,java.util.List)>"
					],
					"depth":2,
					"method":"<android.bluetooth.BluetoothAdapter: boolean startLeScan(java.util.UUID[],android.bluetooth.BluetoothAdapter$LeScanCallback)>",
					"source":"CALLER"
				},
				{
					"trace":[
						"<android.bluetooth.BluetoothAdapter: boolean startLeScan(android.bluetooth.BluetoothAdapter$LeScanCallback)>",
						"<android.bluetooth.BluetoothAdapter: boolean startLeScan(java.util.UUID[],android.bluetooth.BluetoothAdapter$LeScanCallback)>",
						"<android.bluetooth.le.BluetoothLeScanner: void startScan(java.util.List,android.bluetooth.le.ScanSettings,android.bluetooth.le.ScanCallback)>",
						"<android.bluetooth.le.BluetoothLeScanner: int startScan(java.util.List,android.bluetooth.le.ScanSettings,android.os.WorkSource,android.bluetooth.le.ScanCallback,android.app.PendingIntent,java.util.List)>"
					],
					"depth":3,
					"method":"<android.bluetooth.BluetoothAdapter: boolean startLeScan(android.bluetooth.BluetoothAdapter$LeScanCallback)>",
					"source":"CALLER"
				}
			],
			"callerOfSingnlar2SourceVar":{
				"<android.bluetooth.le.BluetoothLeScanner: void startScanFromSource(android.os.WorkSource,android.bluetooth.le.ScanCallback)>":"1",
				"<android.bluetooth.le.BluetoothLeScanner: int startScan(java.util.List,android.bluetooth.le.ScanSettings,android.os.WorkSource,android.bluetooth.le.ScanCallback,android.app.PendingIntent,java.util.List)>":"4, 3",
				"<android.bluetooth.le.BluetoothLeScanner: void startScanFromSource(java.util.List,android.bluetooth.le.ScanSettings,android.os.WorkSource,android.bluetooth.le.ScanCallback)>":"3",
				"<android.bluetooth.le.BluetoothLeScanner: void startScan(java.util.List,android.bluetooth.le.ScanSettings,android.bluetooth.le.ScanCallback)>":"2",
				"<android.bluetooth.le.BluetoothLeScanner: void startTruncatedScan(java.util.List,android.bluetooth.le.ScanSettings,android.bluetooth.le.ScanCallback)>":"2",
				"<android.bluetooth.le.BluetoothLeScanner: int startScan(java.util.List,android.bluetooth.le.ScanSettings,android.app.PendingIntent)>":"2",
				"<android.bluetooth.le.BluetoothLeScanner: void startScan(android.bluetooth.le.ScanCallback)>":"0"
			}
		},
		{
			"method":"<android.bluetooth.le.BluetoothLeScanner: int startScan(java.util.List,android.bluetooth.le.ScanSettings,android.os.WorkSource,android.bluetooth.le.ScanCallback,android.app.PendingIntent,java.util.List)>",
			"message":"\\Qsettings is null\\E",
			"relatedVarType":"Parameter",
			"relatedCondType":"Basic",
			"modifier":"private",
			"type":"java.lang.IllegalArgumentException",
			"osVersionRelated":false,
			"resourceRelated":false,
			"assessRelated":false,
			"hardwareRelated":false,
			"manifestRelated":false,
			"conditions":"r3 == null, r2 != null, r16 == null",
			"paramValues":"@parameter1: android.bluetooth.le.ScanSettings, @parameter3: android.bluetooth.le.ScanCallback, @parameter4: android.app.PendingIntent",
			"relatedValues":"@parameter1: android.bluetooth.le.ScanSettings, @parameter3: android.bluetooth.le.ScanCallback, @parameter4: android.app.PendingIntent; ; ",
			"keyAPISameClassNum":0,
			"keyAPIDiffClassNum":0,
			"keyAPISameClass":[
				{
					"trace":[
						"<android.bluetooth.le.BluetoothLeScanner: int startScan(java.util.List,android.bluetooth.le.ScanSettings,android.os.WorkSource,android.bluetooth.le.ScanCallback,android.app.PendingIntent,java.util.List)>"
					],
					"depth":0,
					"method":"<android.bluetooth.le.BluetoothLeScanner: int startScan(java.util.List,android.bluetooth.le.ScanSettings,android.os.WorkSource,android.bluetooth.le.ScanCallback,android.app.PendingIntent,java.util.List)>",
					"source":"CALLER"
				},
				{
					"trace":[
						"<android.bluetooth.le.BluetoothLeScanner: int startScan(java.util.List,android.bluetooth.le.ScanSettings,android.app.PendingIntent)>",
						"<android.bluetooth.le.BluetoothLeScanner: int startScan(java.util.List,android.bluetooth.le.ScanSettings,android.os.WorkSource,android.bluetooth.le.ScanCallback,android.app.PendingIntent,java.util.List)>"
					],
					"depth":1,
					"method":"<android.bluetooth.le.BluetoothLeScanner: int startScan(java.util.List,android.bluetooth.le.ScanSettings,android.app.PendingIntent)>",
					"source":"CALLER"
				},
				{
					"trace":[
						"<android.bluetooth.le.BluetoothLeScanner: void startTruncatedScan(java.util.List,android.bluetooth.le.ScanSettings,android.bluetooth.le.ScanCallback)>",
						"<android.bluetooth.le.BluetoothLeScanner: int startScan(java.util.List,android.bluetooth.le.ScanSettings,android.os.WorkSource,android.bluetooth.le.ScanCallback,android.app.PendingIntent,java.util.List)>"
					],
					"depth":1,
					"method":"<android.bluetooth.le.BluetoothLeScanner: void startTruncatedScan(java.util.List,android.bluetooth.le.ScanSettings,android.bluetooth.le.ScanCallback)>",
					"source":"CALLER"
				},
				{
					"trace":[
						"<android.bluetooth.le.BluetoothLeScanner: void startScanFromSource(java.util.List,android.bluetooth.le.ScanSettings,android.os.WorkSource,android.bluetooth.le.ScanCallback)>",
						"<android.bluetooth.le.BluetoothLeScanner: int startScan(java.util.List,android.bluetooth.le.ScanSettings,android.os.WorkSource,android.bluetooth.le.ScanCallback,android.app.PendingIntent,java.util.List)>"
					],
					"depth":1,
					"method":"<android.bluetooth.le.BluetoothLeScanner: void startScanFromSource(java.util.List,android.bluetooth.le.ScanSettings,android.os.WorkSource,android.bluetooth.le.ScanCallback)>",
					"source":"CALLER"
				},
				{
					"trace":[
						"<android.bluetooth.le.BluetoothLeScanner: void startScan(java.util.List,android.bluetooth.le.ScanSettings,android.bluetooth.le.ScanCallback)>",
						"<android.bluetooth.le.BluetoothLeScanner: int startScan(java.util.List,android.bluetooth.le.ScanSettings,android.os.WorkSource,android.bluetooth.le.ScanCallback,android.app.PendingIntent,java.util.List)>"
					],
					"depth":1,
					"method":"<android.bluetooth.le.BluetoothLeScanner: void startScan(java.util.List,android.bluetooth.le.ScanSettings,android.bluetooth.le.ScanCallback)>",
					"source":"CALLER"
				},
				{
					"trace":[
						"<android.bluetooth.le.BluetoothLeScanner: void startScanFromSource(android.os.WorkSource,android.bluetooth.le.ScanCallback)>",
						"<android.bluetooth.le.BluetoothLeScanner: void startScanFromSource(java.util.List,android.bluetooth.le.ScanSettings,android.os.WorkSource,android.bluetooth.le.ScanCallback)>",
						"<android.bluetooth.le.BluetoothLeScanner: int startScan(java.util.List,android.bluetooth.le.ScanSettings,android.os.WorkSource,android.bluetooth.le.ScanCallback,android.app.PendingIntent,java.util.List)>"
					],
					"depth":2,
					"method":"<android.bluetooth.le.BluetoothLeScanner: void startScanFromSource(android.os.WorkSource,android.bluetooth.le.ScanCallback)>",
					"source":"CALLER"
				},
				{
					"trace":[
						"<android.bluetooth.le.BluetoothLeScanner: void startScan(android.bluetooth.le.ScanCallback)>",
						"<android.bluetooth.le.BluetoothLeScanner: void startScan(java.util.List,android.bluetooth.le.ScanSettings,android.bluetooth.le.ScanCallback)>",
						"<android.bluetooth.le.BluetoothLeScanner: int startScan(java.util.List,android.bluetooth.le.ScanSettings,android.os.WorkSource,android.bluetooth.le.ScanCallback,android.app.PendingIntent,java.util.List)>"
					],
					"depth":2,
					"method":"<android.bluetooth.le.BluetoothLeScanner: void startScan(android.bluetooth.le.ScanCallback)>",
					"source":"CALLER"
				}
			],
			"keyAPIDiffClass":[
				{
					"trace":[
						"<android.bluetooth.BluetoothAdapter: boolean startLeScan(java.util.UUID[],android.bluetooth.BluetoothAdapter$LeScanCallback)>",
						"<android.bluetooth.le.BluetoothLeScanner: void startScan(java.util.List,android.bluetooth.le.ScanSettings,android.bluetooth.le.ScanCallback)>",
						"<android.bluetooth.le.BluetoothLeScanner: int startScan(java.util.List,android.bluetooth.le.ScanSettings,android.os.WorkSource,android.bluetooth.le.ScanCallback,android.app.PendingIntent,java.util.List)>"
					],
					"depth":2,
					"method":"<android.bluetooth.BluetoothAdapter: boolean startLeScan(java.util.UUID[],android.bluetooth.BluetoothAdapter$LeScanCallback)>",
					"source":"CALLER"
				},
				{
					"trace":[
						"<android.bluetooth.BluetoothAdapter: boolean startLeScan(android.bluetooth.BluetoothAdapter$LeScanCallback)>",
						"<android.bluetooth.BluetoothAdapter: boolean startLeScan(java.util.UUID[],android.bluetooth.BluetoothAdapter$LeScanCallback)>",
						"<android.bluetooth.le.BluetoothLeScanner: void startScan(java.util.List,android.bluetooth.le.ScanSettings,android.bluetooth.le.ScanCallback)>",
						"<android.bluetooth.le.BluetoothLeScanner: int startScan(java.util.List,android.bluetooth.le.ScanSettings,android.os.WorkSource,android.bluetooth.le.ScanCallback,android.app.PendingIntent,java.util.List)>"
					],
					"depth":3,
					"method":"<android.bluetooth.BluetoothAdapter: boolean startLeScan(android.bluetooth.BluetoothAdapter$LeScanCallback)>",
					"source":"CALLER"
				}
			],
			"callerOfSingnlar2SourceVar":{
				"<android.bluetooth.le.BluetoothLeScanner: void startScanFromSource(android.os.WorkSource,android.bluetooth.le.ScanCallback)>":"1",
				"<android.bluetooth.le.BluetoothLeScanner: int startScan(java.util.List,android.bluetooth.le.ScanSettings,android.os.WorkSource,android.bluetooth.le.ScanCallback,android.app.PendingIntent,java.util.List)>":"1, 3, 4",
				"<android.bluetooth.le.BluetoothLeScanner: void startScanFromSource(java.util.List,android.bluetooth.le.ScanSettings,android.os.WorkSource,android.bluetooth.le.ScanCallback)>":"1, 3",
				"<android.bluetooth.le.BluetoothLeScanner: void startScan(java.util.List,android.bluetooth.le.ScanSettings,android.bluetooth.le.ScanCallback)>":"1, 2",
				"<android.bluetooth.le.BluetoothLeScanner: void startTruncatedScan(java.util.List,android.bluetooth.le.ScanSettings,android.bluetooth.le.ScanCallback)>":"1, 2",
				"<android.bluetooth.le.BluetoothLeScanner: int startScan(java.util.List,android.bluetooth.le.ScanSettings,android.app.PendingIntent)>":"1, 2",
				"<android.bluetooth.le.BluetoothLeScanner: void startScan(android.bluetooth.le.ScanCallback)>":"0"
			}
		},
		{
			"method":"<android.bluetooth.le.BluetoothLeScanner: void flushPendingScanResults(android.bluetooth.le.ScanCallback)>",
			"message":"\\Qcallback cannot be null!\\E",
			"relatedVarType":"Parameter",
			"relatedCondType":"Basic",
			"modifier":"public",
			"type":"java.lang.IllegalArgumentException",
			"osVersionRelated":false,
			"resourceRelated":false,
			"assessRelated":false,
			"hardwareRelated":false,
			"manifestRelated":false,
			"conditions":"r7 == null",
			"paramValues":"@parameter0: android.bluetooth.le.ScanCallback",
			"relatedValues":"@parameter0: android.bluetooth.le.ScanCallback; ; ",
			"keyAPISameClassNum":0,
			"keyAPIDiffClassNum":0,
			"keyAPISameClass":[
				{
					"trace":[
						"<android.bluetooth.le.BluetoothLeScanner: void flushPendingScanResults(android.bluetooth.le.ScanCallback)>"
					],
					"depth":0,
					"method":"<android.bluetooth.le.BluetoothLeScanner: void flushPendingScanResults(android.bluetooth.le.ScanCallback)>",
					"source":"CALLER"
				}
			],
			"keyAPIDiffClass":[],
			"callerOfSingnlar2SourceVar":{
				"<android.bluetooth.le.BluetoothLeScanner: void flushPendingScanResults(android.bluetooth.le.ScanCallback)>":"0"
			}
		}
	]
}