{
	"exceptions":[
		{
			"method":"<android.app.timezonedetector.TelephonyTimeZoneSuggestion: android.app.timezonedetector.TelephonyTimeZoneSuggestion parseCommandLineArg(android.os.ShellCommand)>",
			"message":"\\QNo slotIndex specified.\\E",
			"relatedVarType":"Parameter",
			"relatedCondType":"Basic",
			"modifier":"public",
			"type":"java.lang.IllegalArgumentException",
			"osVersionRelated":false,
			"resourceRelated":false,
			"assessRelated":false,
			"hardwareRelated":false,
			"manifestRelated":false,
			"conditions":"r18 == null, r0 == null, b7",
			"paramValues":"@parameter0: android.os.ShellCommand",
			"relatedValues":"@parameter0: android.os.ShellCommand; ; ",
			"keyAPISameClassNum":0,
			"keyAPIDiffClassNum":0,
			"keyAPISameClass":[
				{
					"trace":[
						"<android.app.timezonedetector.TelephonyTimeZoneSuggestion: android.app.timezonedetector.TelephonyTimeZoneSuggestion parseCommandLineArg(android.os.ShellCommand)>"
					],
					"depth":0,
					"method":"<android.app.timezonedetector.TelephonyTimeZoneSuggestion: android.app.timezonedetector.TelephonyTimeZoneSuggestion parseCommandLineArg(android.os.ShellCommand)>",
					"source":"CALLER"
				}
			],
			"keyAPIDiffClass":[],
			"callerOfSingnlar2SourceVar":{
				"<android.app.timezonedetector.TelephonyTimeZoneSuggestion: android.app.timezonedetector.TelephonyTimeZoneSuggestion parseCommandLineArg(android.os.ShellCommand)>":"0"
			}
		},
		{
			"method":"<android.app.timezonedetector.TelephonyTimeZoneSuggestion: android.app.timezonedetector.TelephonyTimeZoneSuggestion parseCommandLineArg(android.os.ShellCommand)>",
			"message":"\\QUnknown option: \\E[\\s\\S]*",
			"relatedVarType":"Parameter",
			"relatedCondType":"Basic",
			"modifier":"public",
			"type":"java.lang.IllegalArgumentException",
			"osVersionRelated":false,
			"resourceRelated":false,
			"assessRelated":false,
			"hardwareRelated":false,
			"manifestRelated":false,
			"conditions":"b7, r0 == null",
			"paramValues":"@parameter0: android.os.ShellCommand",
			"relatedValues":"@parameter0: android.os.ShellCommand; ; ",
			"keyAPISameClassNum":0,
			"keyAPIDiffClassNum":0,
			"keyAPISameClass":[
				{
					"trace":[
						"<android.app.timezonedetector.TelephonyTimeZoneSuggestion: android.app.timezonedetector.TelephonyTimeZoneSuggestion parseCommandLineArg(android.os.ShellCommand)>"
					],
					"depth":0,
					"method":"<android.app.timezonedetector.TelephonyTimeZoneSuggestion: android.app.timezonedetector.TelephonyTimeZoneSuggestion parseCommandLineArg(android.os.ShellCommand)>",
					"source":"CALLER"
				}
			],
			"keyAPIDiffClass":[],
			"callerOfSingnlar2SourceVar":{
				"<android.app.timezonedetector.TelephonyTimeZoneSuggestion: android.app.timezonedetector.TelephonyTimeZoneSuggestion parseCommandLineArg(android.os.ShellCommand)>":"0"
			}
		},
		{
			"method":"<android.app.timezonedetector.TelephonyTimeZoneSuggestion: int parseMatchTypeCommandLineArg(java.lang.String)>",
			"message":"\\QUnrecognized match_type: \\E[\\s\\S]*",
			"relatedVarType":"Parameter",
			"relatedCondType":"Basic",
			"modifier":"private",
			"type":"java.lang.IllegalArgumentException",
			"osVersionRelated":false,
			"resourceRelated":false,
			"assessRelated":false,
			"hardwareRelated":false,
			"manifestRelated":false,
			"conditions":"b1, $z0 == 0, $i0",
			"paramValues":"@parameter0: java.lang.String",
			"relatedValues":"@parameter0: java.lang.String; ; ",
			"keyAPISameClassNum":0,
			"keyAPIDiffClassNum":0,
			"keyAPISameClass":[
				{
					"trace":[
						"<android.app.timezonedetector.TelephonyTimeZoneSuggestion: int parseMatchTypeCommandLineArg(java.lang.String)>"
					],
					"depth":0,
					"method":"<android.app.timezonedetector.TelephonyTimeZoneSuggestion: int parseMatchTypeCommandLineArg(java.lang.String)>",
					"source":"CALLER"
				},
				{
					"trace":[
						"<android.app.timezonedetector.TelephonyTimeZoneSuggestion: android.app.timezonedetector.TelephonyTimeZoneSuggestion parseCommandLineArg(android.os.ShellCommand)>",
						"<android.app.timezonedetector.TelephonyTimeZoneSuggestion: int parseMatchTypeCommandLineArg(java.lang.String)>"
					],
					"depth":1,
					"method":"<android.app.timezonedetector.TelephonyTimeZoneSuggestion: android.app.timezonedetector.TelephonyTimeZoneSuggestion parseCommandLineArg(android.os.ShellCommand)>",
					"source":"CALLER"
				}
			],
			"keyAPIDiffClass":[],
			"callerOfSingnlar2SourceVar":{
				"<android.app.timezonedetector.TelephonyTimeZoneSuggestion: int parseMatchTypeCommandLineArg(java.lang.String)>":"0"
			}
		},
		{
			"method":"<android.app.timezonedetector.TelephonyTimeZoneSuggestion: int parseQualityCommandLineArg(java.lang.String)>",
			"message":"\\QUnrecognized quality: \\E[\\s\\S]*",
			"relatedVarType":"Parameter",
			"relatedCondType":"Basic",
			"modifier":"private",
			"type":"java.lang.IllegalArgumentException",
			"osVersionRelated":false,
			"resourceRelated":false,
			"assessRelated":false,
			"hardwareRelated":false,
			"manifestRelated":false,
			"conditions":"b1, $z0 == 0, $i0",
			"paramValues":"@parameter0: java.lang.String",
			"relatedValues":"@parameter0: java.lang.String; ; ",
			"keyAPISameClassNum":0,
			"keyAPIDiffClassNum":0,
			"keyAPISameClass":[
				{
					"trace":[
						"<android.app.timezonedetector.TelephonyTimeZoneSuggestion: int parseQualityCommandLineArg(java.lang.String)>"
					],
					"depth":0,
					"method":"<android.app.timezonedetector.TelephonyTimeZoneSuggestion: int parseQualityCommandLineArg(java.lang.String)>",
					"source":"CALLER"
				},
				{
					"trace":[
						"<android.app.timezonedetector.TelephonyTimeZoneSuggestion: android.app.timezonedetector.TelephonyTimeZoneSuggestion parseCommandLineArg(android.os.ShellCommand)>",
						"<android.app.timezonedetector.TelephonyTimeZoneSuggestion: int parseQualityCommandLineArg(java.lang.String)>"
					],
					"depth":1,
					"method":"<android.app.timezonedetector.TelephonyTimeZoneSuggestion: android.app.timezonedetector.TelephonyTimeZoneSuggestion parseCommandLineArg(android.os.ShellCommand)>",
					"source":"CALLER"
				}
			],
			"keyAPIDiffClass":[],
			"callerOfSingnlar2SourceVar":{
				"<android.app.timezonedetector.TelephonyTimeZoneSuggestion: int parseQualityCommandLineArg(java.lang.String)>":"0"
			}
		}
	]
}