{
	"exceptions":[
		{
			"method":"<android.app.admin.FreezePeriod: void validateAgainstPreviousFreezePeriod(java.util.List,java.time.LocalDate,java.time.LocalDate,java.time.LocalDate)>",
			"message":"[\\s\\S]*",
			"relatedVarType":"Parameter",
			"relatedCondType":"Basic",
			"modifier":"default",
			"type":"android.app.admin.SystemUpdatePolicy$ValidationFailedException",
			"osVersionRelated":false,
			"resourceRelated":false,
			"assessRelated":false,
			"hardwareRelated":false,
			"manifestRelated":false,
			"conditions":"$b7 > 0, $b4 <= 0, $z1 != 0",
			"paramValues":"@parameter3: java.time.LocalDate, @parameter0: java.util.List, @parameter1: java.time.LocalDate, @parameter2: java.time.LocalDate",
			"relatedValues":"@parameter3: java.time.LocalDate, @parameter0: java.util.List, @parameter1: java.time.LocalDate, @parameter2: java.time.LocalDate; ; ",
			"keyAPISameClassNum":0,
			"keyAPIDiffClassNum":0,
			"keyAPISameClass":[
				{
					"trace":[
						"<android.app.admin.FreezePeriod: void validateAgainstPreviousFreezePeriod(java.util.List,java.time.LocalDate,java.time.LocalDate,java.time.LocalDate)>"
					],
					"depth":0,
					"method":"<android.app.admin.FreezePeriod: void validateAgainstPreviousFreezePeriod(java.util.List,java.time.LocalDate,java.time.LocalDate,java.time.LocalDate)>",
					"source":"CALLER"
				}
			],
			"keyAPIDiffClass":[
				{
					"trace":[
						"<android.app.admin.SystemUpdatePolicy: void validateAgainstPreviousFreezePeriod(java.time.LocalDate,java.time.LocalDate,java.time.LocalDate)>",
						"<android.app.admin.FreezePeriod: void validateAgainstPreviousFreezePeriod(java.util.List,java.time.LocalDate,java.time.LocalDate,java.time.LocalDate)>"
					],
					"depth":1,
					"method":"<android.app.admin.SystemUpdatePolicy: void validateAgainstPreviousFreezePeriod(java.time.LocalDate,java.time.LocalDate,java.time.LocalDate)>",
					"source":"CALLER"
				}
			],
			"callerOfSingnlar2SourceVar":{
				"<android.app.admin.FreezePeriod: void validateAgainstPreviousFreezePeriod(java.util.List,java.time.LocalDate,java.time.LocalDate,java.time.LocalDate)>":"3, 0, 1, 2",
				"<android.app.admin.SystemUpdatePolicy: void validateAgainstPreviousFreezePeriod(java.time.LocalDate,java.time.LocalDate,java.time.LocalDate)>":"2, 0, 1"
			}
		},
		{
			"method":"<android.app.admin.FreezePeriod: void validateAgainstPreviousFreezePeriod(java.util.List,java.time.LocalDate,java.time.LocalDate,java.time.LocalDate)>",
			"message":"[\\s\\S]*",
			"relatedVarType":"Parameter",
			"relatedCondType":"Basic",
			"modifier":"default",
			"type":"android.app.admin.SystemUpdatePolicy$ValidationFailedException",
			"osVersionRelated":false,
			"resourceRelated":false,
			"assessRelated":false,
			"hardwareRelated":false,
			"manifestRelated":false,
			"conditions":"$b8 < 0, $b4 <= 0, $z1 != 0",
			"paramValues":"@parameter3: java.time.LocalDate, @parameter0: java.util.List, @parameter2: java.time.LocalDate",
			"relatedValues":"@parameter3: java.time.LocalDate, @parameter0: java.util.List, @parameter2: java.time.LocalDate; ; ",
			"keyAPISameClassNum":0,
			"keyAPIDiffClassNum":0,
			"keyAPISameClass":[
				{
					"trace":[
						"<android.app.admin.FreezePeriod: void validateAgainstPreviousFreezePeriod(java.util.List,java.time.LocalDate,java.time.LocalDate,java.time.LocalDate)>"
					],
					"depth":0,
					"method":"<android.app.admin.FreezePeriod: void validateAgainstPreviousFreezePeriod(java.util.List,java.time.LocalDate,java.time.LocalDate,java.time.LocalDate)>",
					"source":"CALLER"
				}
			],
			"keyAPIDiffClass":[
				{
					"trace":[
						"<android.app.admin.SystemUpdatePolicy: void validateAgainstPreviousFreezePeriod(java.time.LocalDate,java.time.LocalDate,java.time.LocalDate)>",
						"<android.app.admin.FreezePeriod: void validateAgainstPreviousFreezePeriod(java.util.List,java.time.LocalDate,java.time.LocalDate,java.time.LocalDate)>"
					],
					"depth":1,
					"method":"<android.app.admin.SystemUpdatePolicy: void validateAgainstPreviousFreezePeriod(java.time.LocalDate,java.time.LocalDate,java.time.LocalDate)>",
					"source":"CALLER"
				}
			],
			"callerOfSingnlar2SourceVar":{
				"<android.app.admin.FreezePeriod: void validateAgainstPreviousFreezePeriod(java.util.List,java.time.LocalDate,java.time.LocalDate,java.time.LocalDate)>":"3, 0, 2",
				"<android.app.admin.SystemUpdatePolicy: void validateAgainstPreviousFreezePeriod(java.time.LocalDate,java.time.LocalDate,java.time.LocalDate)>":"2, 1"
			}
		},
		{
			"method":"<android.app.admin.FreezePeriod: void validateAgainstPreviousFreezePeriod(java.util.List,java.time.LocalDate,java.time.LocalDate,java.time.LocalDate)>",
			"message":"\\QCurrent freeze dates inverted: \\E[\\s\\S]*\\Q-\\E[\\s\\S]*",
			"relatedVarType":"Parameter",
			"relatedCondType":"Basic",
			"modifier":"default",
			"type":"java.lang.IllegalStateException",
			"osVersionRelated":false,
			"resourceRelated":false,
			"assessRelated":false,
			"hardwareRelated":false,
			"manifestRelated":false,
			"conditions":"$z1 != 0, $z5 == 0, $z4 == 0",
			"paramValues":"@parameter3: java.time.LocalDate, @parameter0: java.util.List",
			"relatedValues":"@parameter3: java.time.LocalDate, @parameter0: java.util.List; ; ",
			"keyAPISameClassNum":0,
			"keyAPIDiffClassNum":0,
			"keyAPISameClass":[
				{
					"trace":[
						"<android.app.admin.FreezePeriod: void validateAgainstPreviousFreezePeriod(java.util.List,java.time.LocalDate,java.time.LocalDate,java.time.LocalDate)>"
					],
					"depth":0,
					"method":"<android.app.admin.FreezePeriod: void validateAgainstPreviousFreezePeriod(java.util.List,java.time.LocalDate,java.time.LocalDate,java.time.LocalDate)>",
					"source":"CALLER"
				}
			],
			"keyAPIDiffClass":[
				{
					"trace":[
						"<android.app.admin.SystemUpdatePolicy: void validateAgainstPreviousFreezePeriod(java.time.LocalDate,java.time.LocalDate,java.time.LocalDate)>",
						"<android.app.admin.FreezePeriod: void validateAgainstPreviousFreezePeriod(java.util.List,java.time.LocalDate,java.time.LocalDate,java.time.LocalDate)>"
					],
					"depth":1,
					"method":"<android.app.admin.SystemUpdatePolicy: void validateAgainstPreviousFreezePeriod(java.time.LocalDate,java.time.LocalDate,java.time.LocalDate)>",
					"source":"CALLER"
				}
			],
			"callerOfSingnlar2SourceVar":{
				"<android.app.admin.FreezePeriod: void validateAgainstPreviousFreezePeriod(java.util.List,java.time.LocalDate,java.time.LocalDate,java.time.LocalDate)>":"3, 0",
				"<android.app.admin.SystemUpdatePolicy: void validateAgainstPreviousFreezePeriod(java.time.LocalDate,java.time.LocalDate,java.time.LocalDate)>":"2"
			}
		},
		{
			"method":"<android.app.admin.FreezePeriod: void validatePeriods(java.util.List)>",
			"message":"[\\s\\S]*",
			"relatedVarType":"Parameter",
			"relatedCondType":"Basic",
			"modifier":"default",
			"type":"android.app.admin.SystemUpdatePolicy$ValidationFailedException",
			"osVersionRelated":false,
			"resourceRelated":false,
			"assessRelated":false,
			"hardwareRelated":false,
			"manifestRelated":false,
			"conditions":"$i0 != $i1",
			"paramValues":"@parameter0: java.util.List",
			"relatedValues":"@parameter0: java.util.List; ; ",
			"keyAPISameClassNum":0,
			"keyAPIDiffClassNum":0,
			"keyAPISameClass":[
				{
					"trace":[
						"<android.app.admin.FreezePeriod: void validatePeriods(java.util.List)>"
					],
					"depth":0,
					"method":"<android.app.admin.FreezePeriod: void validatePeriods(java.util.List)>",
					"source":"CALLER"
				}
			],
			"keyAPIDiffClass":[
				{
					"trace":[
						"<android.app.admin.SystemUpdatePolicy: android.app.admin.SystemUpdatePolicy setFreezePeriods(java.util.List)>",
						"<android.app.admin.FreezePeriod: void validatePeriods(java.util.List)>"
					],
					"depth":1,
					"method":"<android.app.admin.SystemUpdatePolicy: android.app.admin.SystemUpdatePolicy setFreezePeriods(java.util.List)>",
					"source":"CALLER"
				}
			],
			"callerOfSingnlar2SourceVar":{
				"<android.app.admin.SystemUpdatePolicy: android.app.admin.SystemUpdatePolicy setFreezePeriods(java.util.List)>":"0",
				"<android.app.admin.FreezePeriod: void validatePeriods(java.util.List)>":"0"
			}
		},
		{
			"method":"<android.app.admin.FreezePeriod: void validatePeriods(java.util.List)>",
			"message":"[\\s\\S]*",
			"relatedVarType":"Parameter",
			"relatedCondType":"Basic",
			"modifier":"default",
			"type":"android.app.admin.SystemUpdatePolicy$ValidationFailedException",
			"osVersionRelated":false,
			"resourceRelated":false,
			"assessRelated":false,
			"hardwareRelated":false,
			"manifestRelated":false,
			"conditions":"i16 < 60, $i0 != $i1, $z0 != 0",
			"paramValues":"@parameter0: java.util.List",
			"relatedValues":"@parameter0: java.util.List; ; ",
			"keyAPISameClassNum":0,
			"keyAPIDiffClassNum":0,
			"keyAPISameClass":[
				{
					"trace":[
						"<android.app.admin.FreezePeriod: void validatePeriods(java.util.List)>"
					],
					"depth":0,
					"method":"<android.app.admin.FreezePeriod: void validatePeriods(java.util.List)>",
					"source":"CALLER"
				}
			],
			"keyAPIDiffClass":[
				{
					"trace":[
						"<android.app.admin.SystemUpdatePolicy: android.app.admin.SystemUpdatePolicy setFreezePeriods(java.util.List)>",
						"<android.app.admin.FreezePeriod: void validatePeriods(java.util.List)>"
					],
					"depth":1,
					"method":"<android.app.admin.SystemUpdatePolicy: android.app.admin.SystemUpdatePolicy setFreezePeriods(java.util.List)>",
					"source":"CALLER"
				}
			],
			"callerOfSingnlar2SourceVar":{
				"<android.app.admin.SystemUpdatePolicy: android.app.admin.SystemUpdatePolicy setFreezePeriods(java.util.List)>":"0",
				"<android.app.admin.FreezePeriod: void validatePeriods(java.util.List)>":"0"
			}
		},
		{
			"method":"<android.app.admin.FreezePeriod: void validatePeriods(java.util.List)>",
			"message":"[\\s\\S]*",
			"relatedVarType":"Parameter",
			"relatedCondType":"Basic",
			"modifier":"default",
			"type":"android.app.admin.SystemUpdatePolicy$ValidationFailedException",
			"osVersionRelated":false,
			"resourceRelated":false,
			"assessRelated":false,
			"hardwareRelated":false,
			"manifestRelated":false,
			"conditions":"$i3 > 90, $i0 != $i1, i15 >= $i2",
			"paramValues":"@parameter0: java.util.List",
			"relatedValues":"@parameter0: java.util.List; ; ",
			"keyAPISameClassNum":0,
			"keyAPIDiffClassNum":0,
			"keyAPISameClass":[
				{
					"trace":[
						"<android.app.admin.FreezePeriod: void validatePeriods(java.util.List)>"
					],
					"depth":0,
					"method":"<android.app.admin.FreezePeriod: void validatePeriods(java.util.List)>",
					"source":"CALLER"
				}
			],
			"keyAPIDiffClass":[
				{
					"trace":[
						"<android.app.admin.SystemUpdatePolicy: android.app.admin.SystemUpdatePolicy setFreezePeriods(java.util.List)>",
						"<android.app.admin.FreezePeriod: void validatePeriods(java.util.List)>"
					],
					"depth":1,
					"method":"<android.app.admin.SystemUpdatePolicy: android.app.admin.SystemUpdatePolicy setFreezePeriods(java.util.List)>",
					"source":"CALLER"
				}
			],
			"callerOfSingnlar2SourceVar":{
				"<android.app.admin.SystemUpdatePolicy: android.app.admin.SystemUpdatePolicy setFreezePeriods(java.util.List)>":"0",
				"<android.app.admin.FreezePeriod: void validatePeriods(java.util.List)>":"0"
			}
		}
	]
}