{
	"exceptions":[
		{
			"method":"<android.app.search.SearchTarget: void <init>(int,java.lang.String,java.lang.String,java.lang.String,float,boolean,java.lang.String,android.os.UserHandle,android.app.search.SearchAction,android.content.pm.ShortcutInfo,android.net.Uri,android.appwidget.AppWidgetProviderInfo,android.os.Bundle)>",
			"message":"\\QOnly one of SearchAction, ShortcutInfo, AppWidgetProviderInfo, SliceUri can be assigned in a SearchTarget.\\E",
			"relatedVarType":"Parameter",
			"relatedCondType":"Basic",
			"modifier":"private",
			"type":"java.lang.IllegalStateException",
			"osVersionRelated":false,
			"resourceRelated":false,
			"assessRelated":false,
			"hardwareRelated":false,
			"manifestRelated":false,
			"conditions":"i4 > 1, r17 == null, r16 == null",
			"paramValues":"@parameter10: android.net.Uri, @parameter11: android.appwidget.AppWidgetProviderInfo",
			"relatedValues":"@parameter10: android.net.Uri, @parameter11: android.appwidget.AppWidgetProviderInfo; ; ",
			"keyAPISameClassNum":0,
			"keyAPIDiffClassNum":0,
			"keyAPISameClass":[
				{
					"trace":[
						"<android.app.search.SearchTarget: void <init>(int,java.lang.String,java.lang.String,java.lang.String,float,boolean,java.lang.String,android.os.UserHandle,android.app.search.SearchAction,android.content.pm.ShortcutInfo,android.net.Uri,android.appwidget.AppWidgetProviderInfo,android.os.Bundle)>"
					],
					"depth":0,
					"method":"<android.app.search.SearchTarget: void <init>(int,java.lang.String,java.lang.String,java.lang.String,float,boolean,java.lang.String,android.os.UserHandle,android.app.search.SearchAction,android.content.pm.ShortcutInfo,android.net.Uri,android.appwidget.AppWidgetProviderInfo,android.os.Bundle)>",
					"source":"CALLER"
				}
			],
			"keyAPIDiffClass":[],
			"callerOfSingnlar2SourceVar":{
				"<android.app.search.SearchTarget: void <init>(int,java.lang.String,java.lang.String,java.lang.String,float,boolean,java.lang.String,android.os.UserHandle,android.app.search.SearchAction,android.content.pm.ShortcutInfo,android.net.Uri,android.appwidget.AppWidgetProviderInfo,android.os.Bundle)>":"10, 11",
				"<android.app.search.SearchTarget: void <init>(int,java.lang.String,java.lang.String,java.lang.String,float,boolean,java.lang.String,android.os.UserHandle,android.app.search.SearchAction,android.content.pm.ShortcutInfo,android.net.Uri,android.appwidget.AppWidgetProviderInfo,android.os.Bundle,android.app.search.SearchTarget$1)>":"10, 11"
			}
		}
	]
}