{
	"exceptions":[
		{
			"method":"<android.app.AliasActivity: android.content.Intent parseAlias(org.xmlpull.v1.XmlPullParser)>",
			"message":"\\QAlias meta-data must start with <alias> tag; found\\E[\\s\\S]*\\Q at \\E[\\s\\S]*",
			"relatedVarType":"Parameter",
			"relatedCondType":"Basic",
			"modifier":"private",
			"type":"java.lang.RuntimeException",
			"osVersionRelated":false,
			"resourceRelated":false,
			"assessRelated":false,
			"hardwareRelated":false,
			"manifestRelated":false,
			"conditions":"$z0 == 0, i2 == 1, i2 == 2",
			"paramValues":"@parameter0: org.xmlpull.v1.XmlPullParser",
			"relatedValues":"@parameter0: org.xmlpull.v1.XmlPullParser; ; ",
			"keyAPISameClassNum":0,
			"keyAPIDiffClassNum":0,
			"keyAPISameClass":[
				{
					"trace":[
						"<android.app.AliasActivity: android.content.Intent parseAlias(org.xmlpull.v1.XmlPullParser)>"
					],
					"depth":0,
					"method":"<android.app.AliasActivity: android.content.Intent parseAlias(org.xmlpull.v1.XmlPullParser)>",
					"source":"CALLER"
				}
			],
			"keyAPIDiffClass":[],
			"callerOfSingnlar2SourceVar":{
				"<android.app.AliasActivity: android.content.Intent parseAlias(org.xmlpull.v1.XmlPullParser)>":"0"
			}
		},
		{
			"method":"<android.app.AliasActivity: void onCreate(android.os.Bundle)>",
			"message":"[\\s\\S]*",
			"relatedVarType":"Unknown",
			"relatedCondType":"Basic",
			"modifier":"protected",
			"type":"java.lang.RuntimeException",
			"osVersionRelated":false,
			"resourceRelated":false,
			"assessRelated":false,
			"hardwareRelated":false,
			"manifestRelated":false,
			"conditions":"r14 == null",
			"keyAPISameClassNum":0,
			"keyAPIDiffClassNum":0,
			"keyAPISameClass":[],
			"keyAPIDiffClass":[],
			"callerOfSingnlar2SourceVar":{}
		},
		{
			"method":"<android.app.AliasActivity: void onCreate(android.os.Bundle)>",
			"message":"[\\s\\S]*",
			"relatedVarType":"Unknown",
			"relatedCondType":"Basic",
			"modifier":"protected",
			"type":"java.lang.RuntimeException",
			"osVersionRelated":false,
			"resourceRelated":false,
			"assessRelated":false,
			"hardwareRelated":false,
			"manifestRelated":false,
			"conditions":"r15 == null, r14 == null",
			"keyAPISameClassNum":0,
			"keyAPIDiffClassNum":0,
			"keyAPISameClass":[],
			"keyAPIDiffClass":[],
			"callerOfSingnlar2SourceVar":{}
		},
		{
			"method":"<android.app.AliasActivity: void onCreate(android.os.Bundle)>",
			"message":"[\\s\\S]*",
			"relatedVarType":"Unknown",
			"relatedCondType":"Basic",
			"modifier":"protected",
			"type":"java.lang.RuntimeException",
			"osVersionRelated":false,
			"resourceRelated":false,
			"assessRelated":false,
			"hardwareRelated":false,
			"manifestRelated":false,
			"conditions":"r14 == null, r15 == null",
			"caughtValues":"@caughtexception",
			"relatedValues":"; ; @caughtexception",
			"keyAPISameClassNum":0,
			"keyAPIDiffClassNum":0,
			"keyAPISameClass":[],
			"keyAPIDiffClass":[],
			"callerOfSingnlar2SourceVar":{}
		},
		{
			"method":"<android.app.AliasActivity: void onCreate(android.os.Bundle)>",
			"message":"[\\s\\S]*",
			"relatedVarType":"Unknown",
			"relatedCondType":"Basic",
			"modifier":"protected",
			"type":"java.lang.RuntimeException",
			"osVersionRelated":false,
			"resourceRelated":false,
			"assessRelated":false,
			"hardwareRelated":false,
			"manifestRelated":false,
			"conditions":"r14 == null, r15 == null",
			"caughtValues":"@caughtexception",
			"relatedValues":"; ; @caughtexception",
			"keyAPISameClassNum":0,
			"keyAPIDiffClassNum":0,
			"keyAPISameClass":[],
			"keyAPIDiffClass":[],
			"callerOfSingnlar2SourceVar":{}
		},
		{
			"method":"<android.app.AliasActivity: void onCreate(android.os.Bundle)>",
			"message":"[\\s\\S]*",
			"relatedVarType":"Unknown",
			"relatedCondType":"Basic",
			"modifier":"protected",
			"type":"java.lang.RuntimeException",
			"osVersionRelated":false,
			"resourceRelated":false,
			"assessRelated":false,
			"hardwareRelated":false,
			"manifestRelated":false,
			"conditions":"r14 == null, r15 == null",
			"caughtValues":"@caughtexception",
			"relatedValues":"; ; @caughtexception",
			"keyAPISameClassNum":0,
			"keyAPIDiffClassNum":0,
			"keyAPISameClass":[],
			"keyAPIDiffClass":[],
			"callerOfSingnlar2SourceVar":{}
		}
	]
}