{
	"exceptions":[
		{
			"method":"<android.app.servertransaction.ObjectPool: void recycle(android.app.servertransaction.ObjectPoolItem)>",
			"message":"\\QTrying to recycle already recycled item\\E",
			"relatedVarType":"ParaAndField",
			"relatedCondType":"Basic",
			"modifier":"public",
			"type":"java.lang.IllegalStateException",
			"osVersionRelated":false,
			"resourceRelated":false,
			"assessRelated":false,
			"hardwareRelated":false,
			"manifestRelated":false,
			"conditions":"$r5 == r9, r4 != null",
			"paramValues":"@parameter0: android.app.servertransaction.ObjectPoolItem",
			"fieldValues":"<android.app.servertransaction.ObjectPool: java.util.Map sPoolMap>",
			"relatedValues":"@parameter0: android.app.servertransaction.ObjectPoolItem; <android.app.servertransaction.ObjectPool: java.util.Map sPoolMap>; ",
			"keyAPISameClassNum":2,
			"keyAPIDiffClassNum":106,
			"keyAPISameClass":[
				{
					"trace":[
						"<android.app.servertransaction.ObjectPool: android.app.servertransaction.ObjectPoolItem obtain(java.lang.Class)>",
						"<android.app.servertransaction.ObjectPool: void <clinit>()>",
						"key field: <android.app.servertransaction.ObjectPool: java.util.Map sPoolMap>",
						"<android.app.servertransaction.ObjectPool: void recycle(android.app.servertransaction.ObjectPoolItem)>"
					],
					"depth":2,
					"method":"<android.app.servertransaction.ObjectPool: android.app.servertransaction.ObjectPoolItem obtain(java.lang.Class)>",
					"source":"FIELDCALLER"
				},
				{
					"trace":[
						"<android.app.servertransaction.ObjectPool: void recycle(android.app.servertransaction.ObjectPoolItem)>",
						"<android.app.servertransaction.ObjectPool: void <clinit>()>",
						"key field: <android.app.servertransaction.ObjectPool: java.util.Map sPoolMap>",
						"<android.app.servertransaction.ObjectPool: void recycle(android.app.servertransaction.ObjectPoolItem)>"
					],
					"depth":2,
					"method":"<android.app.servertransaction.ObjectPool: void recycle(android.app.servertransaction.ObjectPoolItem)>",
					"source":"FIELDCALLER"
				}
			],
			"keyAPIDiffClass":[
				{
					"trace":[
						"<android.app.servertransaction.ClientTransaction: void recycle()>",
						"<android.app.servertransaction.ObjectPool: void <clinit>()>",
						"key field: <android.app.servertransaction.ObjectPool: java.util.Map sPoolMap>",
						"<android.app.servertransaction.ObjectPool: void recycle(android.app.servertransaction.ObjectPoolItem)>"
					],
					"depth":2,
					"method":"<android.app.servertransaction.ClientTransaction: void recycle()>",
					"source":"FIELDCALLER"
				},
				{
					"trace":[
						"<android.app.servertransaction.ObjectPoolItem: void recycle()>",
						"<android.app.servertransaction.ObjectPool: void <clinit>()>",
						"key field: <android.app.servertransaction.ObjectPool: java.util.Map sPoolMap>",
						"<android.app.servertransaction.ObjectPool: void recycle(android.app.servertransaction.ObjectPoolItem)>"
					],
					"depth":2,
					"method":"<android.app.servertransaction.ObjectPoolItem: void recycle()>",
					"source":"FIELDCALLER"
				},
				{
					"trace":[
						"<android.app.servertransaction.PauseActivityItem: android.app.servertransaction.PauseActivityItem obtain(boolean,boolean,int,boolean)>",
						"<android.app.servertransaction.ObjectPool: void <clinit>()>",
						"key field: <android.app.servertransaction.ObjectPool: java.util.Map sPoolMap>",
						"<android.app.servertransaction.ObjectPool: void recycle(android.app.servertransaction.ObjectPoolItem)>"
					],
					"depth":2,
					"method":"<android.app.servertransaction.PauseActivityItem: android.app.servertransaction.PauseActivityItem obtain(boolean,boolean,int,boolean)>",
					"source":"FIELDCALLER"
				},
				{
					"trace":[
						"<android.app.servertransaction.ActivityResultItem: android.app.servertransaction.ActivityResultItem obtain(java.util.List)>",
						"<android.app.servertransaction.ObjectPool: void <clinit>()>",
						"key field: <android.app.servertransaction.ObjectPool: java.util.Map sPoolMap>",
						"<android.app.servertransaction.ObjectPool: void recycle(android.app.servertransaction.ObjectPoolItem)>"
					],
					"depth":2,
					"method":"<android.app.servertransaction.ActivityResultItem: android.app.servertransaction.ActivityResultItem obtain(java.util.List)>",
					"source":"FIELDCALLER"
				},
				{
					"trace":[
						"<android.app.servertransaction.DestroyActivityItem: void recycle()>",
						"<android.app.servertransaction.ObjectPool: void <clinit>()>",
						"key field: <android.app.servertransaction.ObjectPool: java.util.Map sPoolMap>",
						"<android.app.servertransaction.ObjectPool: void recycle(android.app.servertransaction.ObjectPoolItem)>"
					],
					"depth":2,
					"method":"<android.app.servertransaction.DestroyActivityItem: void recycle()>",
					"source":"FIELDCALLER"
				},
				{
					"trace":[
						"<android.app.servertransaction.StopActivityItem: void recycle()>",
						"<android.app.servertransaction.ObjectPool: void <clinit>()>",
						"key field: <android.app.servertransaction.ObjectPool: java.util.Map sPoolMap>",
						"<android.app.servertransaction.ObjectPool: void recycle(android.app.servertransaction.ObjectPoolItem)>"
					],
					"depth":2,
					"method":"<android.app.servertransaction.StopActivityItem: void recycle()>",
					"source":"FIELDCALLER"
				},
				{
					"trace":[
						"<android.app.servertransaction.ResumeActivityItem: void recycle()>",
						"<android.app.servertransaction.ObjectPool: void <clinit>()>",
						"key field: <android.app.servertransaction.ObjectPool: java.util.Map sPoolMap>",
						"<android.app.servertransaction.ObjectPool: void recycle(android.app.servertransaction.ObjectPoolItem)>"
					],
					"depth":2,
					"method":"<android.app.servertransaction.ResumeActivityItem: void recycle()>",
					"source":"FIELDCALLER"
				},
				{
					"trace":[
						"<android.app.servertransaction.StartActivityItem: void recycle()>",
						"<android.app.servertransaction.ObjectPool: void <clinit>()>",
						"key field: <android.app.servertransaction.ObjectPool: java.util.Map sPoolMap>",
						"<android.app.servertransaction.ObjectPool: void recycle(android.app.servertransaction.ObjectPoolItem)>"
					],
					"depth":2,
					"method":"<android.app.servertransaction.StartActivityItem: void recycle()>",
					"source":"FIELDCALLER"
				},
				{
					"trace":[
						"<android.app.servertransaction.PauseActivityItem: void recycle()>",
						"<android.app.servertransaction.ObjectPool: void <clinit>()>",
						"key field: <android.app.servertransaction.ObjectPool: java.util.Map sPoolMap>",
						"<android.app.servertransaction.ObjectPool: void recycle(android.app.servertransaction.ObjectPoolItem)>"
					],
					"depth":2,
					"method":"<android.app.servertransaction.PauseActivityItem: void recycle()>",
					"source":"FIELDCALLER"
				},
				{
					"trace":[
						"<android.app.servertransaction.ActivityRelaunchItem: void recycle()>",
						"<android.app.servertransaction.ObjectPool: void <clinit>()>",
						"key field: <android.app.servertransaction.ObjectPool: java.util.Map sPoolMap>",
						"<android.app.servertransaction.ObjectPool: void recycle(android.app.servertransaction.ObjectPoolItem)>"
					],
					"depth":2,
					"method":"<android.app.servertransaction.ActivityRelaunchItem: void recycle()>",
					"source":"FIELDCALLER"
				},
				{
					"trace":[
						"<android.app.servertransaction.EnterPipRequestedItem: void recycle()>",
						"<android.app.servertransaction.ObjectPool: void <clinit>()>",
						"key field: <android.app.servertransaction.ObjectPool: java.util.Map sPoolMap>",
						"<android.app.servertransaction.ObjectPool: void recycle(android.app.servertransaction.ObjectPoolItem)>"
					],
					"depth":2,
					"method":"<android.app.servertransaction.EnterPipRequestedItem: void recycle()>",
					"source":"FIELDCALLER"
				},
				{
					"trace":[
						"<android.app.servertransaction.PipStateTransactionItem: void recycle()>",
						"<android.app.servertransaction.ObjectPool: void <clinit>()>",
						"key field: <android.app.servertransaction.ObjectPool: java.util.Map sPoolMap>",
						"<android.app.servertransaction.ObjectPool: void recycle(android.app.servertransaction.ObjectPoolItem)>"
					],
					"depth":2,
					"method":"<android.app.servertransaction.PipStateTransactionItem: void recycle()>",
					"source":"FIELDCALLER"
				},
				{
					"trace":[
						"<android.app.servertransaction.ActivityResultItem: void recycle()>",
						"<android.app.servertransaction.ObjectPool: void <clinit>()>",
						"key field: <android.app.servertransaction.ObjectPool: java.util.Map sPoolMap>",
						"<android.app.servertransaction.ObjectPool: void recycle(android.app.servertransaction.ObjectPoolItem)>"
					],
					"depth":2,
					"method":"<android.app.servertransaction.ActivityResultItem: void recycle()>",
					"source":"FIELDCALLER"
				},
				{
					"trace":[
						"<android.app.servertransaction.TopResumedActivityChangeItem: void recycle()>",
						"<android.app.servertransaction.ObjectPool: void <clinit>()>",
						"key field: <android.app.servertransaction.ObjectPool: java.util.Map sPoolMap>",
						"<android.app.servertransaction.ObjectPool: void recycle(android.app.servertransaction.ObjectPoolItem)>"
					],
					"depth":2,
					"method":"<android.app.servertransaction.TopResumedActivityChangeItem: void recycle()>",
					"source":"FIELDCALLER"
				},
				{
					"trace":[
						"<android.app.servertransaction.NewIntentItem: void recycle()>",
						"<android.app.servertransaction.ObjectPool: void <clinit>()>",
						"key field: <android.app.servertransaction.ObjectPool: java.util.Map sPoolMap>",
						"<android.app.servertransaction.ObjectPool: void recycle(android.app.servertransaction.ObjectPoolItem)>"
					],
					"depth":2,
					"method":"<android.app.servertransaction.NewIntentItem: void recycle()>",
					"source":"FIELDCALLER"
				},
				{
					"trace":[
						"<android.app.servertransaction.MoveToDisplayItem: void recycle()>",
						"<android.app.servertransaction.ObjectPool: void <clinit>()>",
						"key field: <android.app.servertransaction.ObjectPool: java.util.Map sPoolMap>",
						"<android.app.servertransaction.ObjectPool: void recycle(android.app.servertransaction.ObjectPoolItem)>"
					],
					"depth":2,
					"method":"<android.app.servertransaction.MoveToDisplayItem: void recycle()>",
					"source":"FIELDCALLER"
				},
				{
					"trace":[
						"<android.app.servertransaction.TransferSplashScreenViewStateItem: void recycle()>",
						"<android.app.servertransaction.ObjectPool: void <clinit>()>",
						"key field: <android.app.servertransaction.ObjectPool: java.util.Map sPoolMap>",
						"<android.app.servertransaction.ObjectPool: void recycle(android.app.servertransaction.ObjectPoolItem)>"
					],
					"depth":2,
					"method":"<android.app.servertransaction.TransferSplashScreenViewStateItem: void recycle()>",
					"source":"FIELDCALLER"
				},
				{
					"trace":[
						"<android.app.servertransaction.ActivityConfigurationChangeItem: void recycle()>",
						"<android.app.servertransaction.ObjectPool: void <clinit>()>",
						"key field: <android.app.servertransaction.ObjectPool: java.util.Map sPoolMap>",
						"<android.app.servertransaction.ObjectPool: void recycle(android.app.servertransaction.ObjectPoolItem)>"
					],
					"depth":2,
					"method":"<android.app.servertransaction.ActivityConfigurationChangeItem: void recycle()>",
					"source":"FIELDCALLER"
				},
				{
					"trace":[
						"<android.app.servertransaction.LaunchActivityItem: void recycle()>",
						"<android.app.servertransaction.ObjectPool: void <clinit>()>",
						"key field: <android.app.servertransaction.ObjectPool: java.util.Map sPoolMap>",
						"<android.app.servertransaction.ObjectPool: void recycle(android.app.servertransaction.ObjectPoolItem)>"
					],
					"depth":2,
					"method":"<android.app.servertransaction.LaunchActivityItem: void recycle()>",
					"source":"FIELDCALLER"
				},
				{
					"trace":[
						"<android.app.servertransaction.ConfigurationChangeItem: void recycle()>",
						"<android.app.servertransaction.ObjectPool: void <clinit>()>",
						"key field: <android.app.servertransaction.ObjectPool: java.util.Map sPoolMap>",
						"<android.app.servertransaction.ObjectPool: void recycle(android.app.servertransaction.ObjectPoolItem)>"
					],
					"depth":2,
					"method":"<android.app.servertransaction.ConfigurationChangeItem: void recycle()>",
					"source":"FIELDCALLER"
				},
				{
					"trace":[
						"<android.app.servertransaction.FixedRotationAdjustmentsItem: void recycle()>",
						"<android.app.servertransaction.ObjectPool: void <clinit>()>",
						"key field: <android.app.servertransaction.ObjectPool: java.util.Map sPoolMap>",
						"<android.app.servertransaction.ObjectPool: void recycle(android.app.servertransaction.ObjectPoolItem)>"
					],
					"depth":2,
					"method":"<android.app.servertransaction.FixedRotationAdjustmentsItem: void recycle()>",
					"source":"FIELDCALLER"
				},
				{
					"trace":[
						"<android.app.servertransaction.ResumeActivityItem: android.app.servertransaction.ResumeActivityItem obtain(boolean)>",
						"<android.app.servertransaction.ObjectPool: void <clinit>()>",
						"key field: <android.app.servertransaction.ObjectPool: java.util.Map sPoolMap>",
						"<android.app.servertransaction.ObjectPool: void recycle(android.app.servertransaction.ObjectPoolItem)>"
					],
					"depth":2,
					"method":"<android.app.servertransaction.ResumeActivityItem: android.app.servertransaction.ResumeActivityItem obtain(boolean)>",
					"source":"FIELDCALLER"
				},
				{
					"trace":[
						"<android.app.servertransaction.StopActivityItem: android.app.servertransaction.StopActivityItem obtain(int)>",
						"<android.app.servertransaction.ObjectPool: void <clinit>()>",
						"key field: <android.app.servertransaction.ObjectPool: java.util.Map sPoolMap>",
						"<android.app.servertransaction.ObjectPool: void recycle(android.app.servertransaction.ObjectPoolItem)>"
					],
					"depth":2,
					"method":"<android.app.servertransaction.StopActivityItem: android.app.servertransaction.StopActivityItem obtain(int)>",
					"source":"FIELDCALLER"
				},
				{
					"trace":[
						"<android.app.servertransaction.PauseActivityItem: android.app.servertransaction.PauseActivityItem obtain()>",
						"<android.app.servertransaction.ObjectPool: void <clinit>()>",
						"key field: <android.app.servertransaction.ObjectPool: java.util.Map sPoolMap>",
						"<android.app.servertransaction.ObjectPool: void recycle(android.app.servertransaction.ObjectPoolItem)>"
					],
					"depth":2,
					"method":"<android.app.servertransaction.PauseActivityItem: android.app.servertransaction.PauseActivityItem obtain()>",
					"source":"FIELDCALLER"
				},
				{
					"trace":[
						"<android.app.servertransaction.StartActivityItem: android.app.servertransaction.StartActivityItem obtain(android.app.ActivityOptions)>",
						"<android.app.servertransaction.ObjectPool: void <clinit>()>",
						"key field: <android.app.servertransaction.ObjectPool: java.util.Map sPoolMap>",
						"<android.app.servertransaction.ObjectPool: void recycle(android.app.servertransaction.ObjectPoolItem)>"
					],
					"depth":2,
					"method":"<android.app.servertransaction.StartActivityItem: android.app.servertransaction.StartActivityItem obtain(android.app.ActivityOptions)>",
					"source":"FIELDCALLER"
				},
				{
					"trace":[
						"<android.app.ActivityThread$H: void handleMessage(android.os.Message)>",
						"<android.app.servertransaction.ClientTransaction: void recycle()>",
						"<android.app.servertransaction.ObjectPool: void <clinit>()>",
						"key field: <android.app.servertransaction.ObjectPool: java.util.Map sPoolMap>",
						"<android.app.servertransaction.ObjectPool: void recycle(android.app.servertransaction.ObjectPoolItem)>"
					],
					"depth":3,
					"method":"<android.app.ActivityThread$H: void handleMessage(android.os.Message)>",
					"source":"FIELDCALLER"
				},
				{
					"trace":[
						"<android.app.ClientTransactionHandler: void executeTransaction(android.app.servertransaction.ClientTransaction)>",
						"<android.app.servertransaction.ClientTransaction: void recycle()>",
						"<android.app.servertransaction.ObjectPool: void <clinit>()>",
						"key field: <android.app.servertransaction.ObjectPool: java.util.Map sPoolMap>",
						"<android.app.servertransaction.ObjectPool: void recycle(android.app.servertransaction.ObjectPoolItem)>"
					],
					"depth":3,
					"method":"<android.app.ClientTransactionHandler: void executeTransaction(android.app.servertransaction.ClientTransaction)>",
					"source":"FIELDCALLER"
				},
				{
					"trace":[
						"<android.app.ActivityThread: void sendActivityResult(android.os.IBinder,java.lang.String,int,int,android.content.Intent)>",
						"<android.app.servertransaction.ActivityResultItem: android.app.servertransaction.ActivityResultItem obtain(java.util.List)>",
						"<android.app.servertransaction.ObjectPool: void <clinit>()>",
						"key field: <android.app.servertransaction.ObjectPool: java.util.Map sPoolMap>",
						"<android.app.servertransaction.ObjectPool: void recycle(android.app.servertransaction.ObjectPoolItem)>"
					],
					"depth":3,
					"method":"<android.app.ActivityThread: void sendActivityResult(android.os.IBinder,java.lang.String,int,int,android.content.Intent)>",
					"source":"FIELDCALLER"
				},
				{
					"trace":[
						"<android.app.servertransaction.TransactionExecutorHelper: android.app.servertransaction.ActivityLifecycleItem getLifecycleRequestForCurrentState(android.app.ActivityThread$ActivityClientRecord)>",
						"<android.app.servertransaction.ResumeActivityItem: android.app.servertransaction.ResumeActivityItem obtain(boolean)>",
						"<android.app.servertransaction.ObjectPool: void <clinit>()>",
						"key field: <android.app.servertransaction.ObjectPool: java.util.Map sPoolMap>",
						"<android.app.servertransaction.ObjectPool: void recycle(android.app.servertransaction.ObjectPoolItem)>"
					],
					"depth":3,
					"method":"<android.app.servertransaction.TransactionExecutorHelper: android.app.servertransaction.ActivityLifecycleItem getLifecycleRequestForCurrentState(android.app.ActivityThread$ActivityClientRecord)>",
					"source":"FIELDCALLER"
				},
				{
					"trace":[
						"<android.app.servertransaction.ClientTransaction: android.app.servertransaction.ClientTransaction obtain(android.app.IApplicationThread,android.os.IBinder)>",
						"<android.app.servertransaction.ObjectPool: android.app.servertransaction.ObjectPoolItem obtain(java.lang.Class)>",
						"<android.app.servertransaction.ObjectPool: void <clinit>()>",
						"key field: <android.app.servertransaction.ObjectPool: java.util.Map sPoolMap>",
						"<android.app.servertransaction.ObjectPool: void recycle(android.app.servertransaction.ObjectPoolItem)>"
					],
					"depth":3,
					"method":"<android.app.servertransaction.ClientTransaction: android.app.servertransaction.ClientTransaction obtain(android.app.IApplicationThread,android.os.IBinder)>",
					"source":"FIELDCALLER"
				},
				{
					"trace":[
						"<android.app.servertransaction.FixedRotationAdjustmentsItem: android.app.servertransaction.FixedRotationAdjustmentsItem obtain(android.os.IBinder,android.view.DisplayAdjustments$FixedRotationAdjustments)>",
						"<android.app.servertransaction.ObjectPool: android.app.servertransaction.ObjectPoolItem obtain(java.lang.Class)>",
						"<android.app.servertransaction.ObjectPool: void <clinit>()>",
						"key field: <android.app.servertransaction.ObjectPool: java.util.Map sPoolMap>",
						"<android.app.servertransaction.ObjectPool: void recycle(android.app.servertransaction.ObjectPoolItem)>"
					],
					"depth":3,
					"method":"<android.app.servertransaction.FixedRotationAdjustmentsItem: android.app.servertransaction.FixedRotationAdjustmentsItem obtain(android.os.IBinder,android.view.DisplayAdjustments$FixedRotationAdjustments)>",
					"source":"FIELDCALLER"
				},
				{
					"trace":[
						"<android.app.servertransaction.ResumeActivityItem: android.app.servertransaction.ResumeActivityItem obtain(int,boolean)>",
						"<android.app.servertransaction.ObjectPool: android.app.servertransaction.ObjectPoolItem obtain(java.lang.Class)>",
						"<android.app.servertransaction.ObjectPool: void <clinit>()>",
						"key field: <android.app.servertransaction.ObjectPool: java.util.Map sPoolMap>",
						"<android.app.servertransaction.ObjectPool: void recycle(android.app.servertransaction.ObjectPoolItem)>"
					],
					"depth":3,
					"method":"<android.app.servertransaction.ResumeActivityItem: android.app.servertransaction.ResumeActivityItem obtain(int,boolean)>",
					"source":"FIELDCALLER"
				},
				{
					"trace":[
						"<android.app.servertransaction.ConfigurationChangeItem: android.app.servertransaction.ConfigurationChangeItem obtain(android.content.res.Configuration)>",
						"<android.app.servertransaction.ObjectPool: android.app.servertransaction.ObjectPoolItem obtain(java.lang.Class)>",
						"<android.app.servertransaction.ObjectPool: void <clinit>()>",
						"key field: <android.app.servertransaction.ObjectPool: java.util.Map sPoolMap>",
						"<android.app.servertransaction.ObjectPool: void recycle(android.app.servertransaction.ObjectPoolItem)>"
					],
					"depth":3,
					"method":"<android.app.servertransaction.ConfigurationChangeItem: android.app.servertransaction.ConfigurationChangeItem obtain(android.content.res.Configuration)>",
					"source":"FIELDCALLER"
				},
				{
					"trace":[
						"<android.app.servertransaction.TopResumedActivityChangeItem: android.app.servertransaction.TopResumedActivityChangeItem obtain(boolean)>",
						"<android.app.servertransaction.ObjectPool: android.app.servertransaction.ObjectPoolItem obtain(java.lang.Class)>",
						"<android.app.servertransaction.ObjectPool: void <clinit>()>",
						"key field: <android.app.servertransaction.ObjectPool: java.util.Map sPoolMap>",
						"<android.app.servertransaction.ObjectPool: void recycle(android.app.servertransaction.ObjectPoolItem)>"
					],
					"depth":3,
					"method":"<android.app.servertransaction.TopResumedActivityChangeItem: android.app.servertransaction.TopResumedActivityChangeItem obtain(boolean)>",
					"source":"FIELDCALLER"
				},
				{
					"trace":[
						"<android.app.servertransaction.TransferSplashScreenViewStateItem: android.app.servertransaction.TransferSplashScreenViewStateItem obtain(int,android.window.SplashScreenView$SplashScreenViewParcelable)>",
						"<android.app.servertransaction.ObjectPool: android.app.servertransaction.ObjectPoolItem obtain(java.lang.Class)>",
						"<android.app.servertransaction.ObjectPool: void <clinit>()>",
						"key field: <android.app.servertransaction.ObjectPool: java.util.Map sPoolMap>",
						"<android.app.servertransaction.ObjectPool: void recycle(android.app.servertransaction.ObjectPoolItem)>"
					],
					"depth":3,
					"method":"<android.app.servertransaction.TransferSplashScreenViewStateItem: android.app.servertransaction.TransferSplashScreenViewStateItem obtain(int,android.window.SplashScreenView$SplashScreenViewParcelable)>",
					"source":"FIELDCALLER"
				},
				{
					"trace":[
						"<android.app.servertransaction.LaunchActivityItem: android.app.servertransaction.LaunchActivityItem obtain(android.content.Intent,int,android.content.pm.ActivityInfo,android.content.res.Configuration,android.content.res.Configuration,android.content.res.CompatibilityInfo,java.lang.String,com.android.internal.app.IVoiceInteractor,int,android.os.Bundle,android.os.PersistableBundle,java.util.List,java.util.List,android.app.ActivityOptions,boolean,android.app.ProfilerInfo,android.os.IBinder,android.app.IActivityClientController,android.view.DisplayAdjustments$FixedRotationAdjustments,android.os.IBinder,boolean)>",
						"<android.app.servertransaction.ObjectPool: android.app.servertransaction.ObjectPoolItem obtain(java.lang.Class)>",
						"<android.app.servertransaction.ObjectPool: void <clinit>()>",
						"key field: <android.app.servertransaction.ObjectPool: java.util.Map sPoolMap>",
						"<android.app.servertransaction.ObjectPool: void recycle(android.app.servertransaction.ObjectPoolItem)>"
					],
					"depth":3,
					"method":"<android.app.servertransaction.LaunchActivityItem: android.app.servertransaction.LaunchActivityItem obtain(android.content.Intent,int,android.content.pm.ActivityInfo,android.content.res.Configuration,android.content.res.Configuration,android.content.res.CompatibilityInfo,java.lang.String,com.android.internal.app.IVoiceInteractor,int,android.os.Bundle,android.os.PersistableBundle,java.util.List,java.util.List,android.app.ActivityOptions,boolean,android.app.ProfilerInfo,android.os.IBinder,android.app.IActivityClientController,android.view.DisplayAdjustments$FixedRotationAdjustments,android.os.IBinder,boolean)>",
					"source":"FIELDCALLER"
				},
				{
					"trace":[
						"<android.app.servertransaction.ActivityConfigurationChangeItem: android.app.servertransaction.ActivityConfigurationChangeItem obtain(android.content.res.Configuration)>",
						"<android.app.servertransaction.ObjectPool: android.app.servertransaction.ObjectPoolItem obtain(java.lang.Class)>",
						"<android.app.servertransaction.ObjectPool: void <clinit>()>",
						"key field: <android.app.servertransaction.ObjectPool: java.util.Map sPoolMap>",
						"<android.app.servertransaction.ObjectPool: void recycle(android.app.servertransaction.ObjectPoolItem)>"
					],
					"depth":3,
					"method":"<android.app.servertransaction.ActivityConfigurationChangeItem: android.app.servertransaction.ActivityConfigurationChangeItem obtain(android.content.res.Configuration)>",
					"source":"FIELDCALLER"
				},
				{
					"trace":[
						"<android.app.servertransaction.MoveToDisplayItem: android.app.servertransaction.MoveToDisplayItem obtain(int,android.content.res.Configuration)>",
						"<android.app.servertransaction.ObjectPool: android.app.servertransaction.ObjectPoolItem obtain(java.lang.Class)>",
						"<android.app.servertransaction.ObjectPool: void <clinit>()>",
						"key field: <android.app.servertransaction.ObjectPool: java.util.Map sPoolMap>",
						"<android.app.servertransaction.ObjectPool: void recycle(android.app.servertransaction.ObjectPoolItem)>"
					],
					"depth":3,
					"method":"<android.app.servertransaction.MoveToDisplayItem: android.app.servertransaction.MoveToDisplayItem obtain(int,android.content.res.Configuration)>",
					"source":"FIELDCALLER"
				},
				{
					"trace":[
						"<android.app.servertransaction.NewIntentItem: android.app.servertransaction.NewIntentItem obtain(java.util.List,boolean)>",
						"<android.app.servertransaction.ObjectPool: android.app.servertransaction.ObjectPoolItem obtain(java.lang.Class)>",
						"<android.app.servertransaction.ObjectPool: void <clinit>()>",
						"key field: <android.app.servertransaction.ObjectPool: java.util.Map sPoolMap>",
						"<android.app.servertransaction.ObjectPool: void recycle(android.app.servertransaction.ObjectPoolItem)>"
					],
					"depth":3,
					"method":"<android.app.servertransaction.NewIntentItem: android.app.servertransaction.NewIntentItem obtain(java.util.List,boolean)>",
					"source":"FIELDCALLER"
				},
				{
					"trace":[
						"<android.app.servertransaction.EnterPipRequestedItem: android.app.servertransaction.EnterPipRequestedItem obtain()>",
						"<android.app.servertransaction.ObjectPool: android.app.servertransaction.ObjectPoolItem obtain(java.lang.Class)>",
						"<android.app.servertransaction.ObjectPool: void <clinit>()>",
						"key field: <android.app.servertransaction.ObjectPool: java.util.Map sPoolMap>",
						"<android.app.servertransaction.ObjectPool: void recycle(android.app.servertransaction.ObjectPoolItem)>"
					],
					"depth":3,
					"method":"<android.app.servertransaction.EnterPipRequestedItem: android.app.servertransaction.EnterPipRequestedItem obtain()>",
					"source":"FIELDCALLER"
				},
				{
					"trace":[
						"<android.app.servertransaction.PipStateTransactionItem: android.app.servertransaction.PipStateTransactionItem obtain(android.app.PictureInPictureUiState)>",
						"<android.app.servertransaction.ObjectPool: android.app.servertransaction.ObjectPoolItem obtain(java.lang.Class)>",
						"<android.app.servertransaction.ObjectPool: void <clinit>()>",
						"key field: <android.app.servertransaction.ObjectPool: java.util.Map sPoolMap>",
						"<android.app.servertransaction.ObjectPool: void recycle(android.app.servertransaction.ObjectPoolItem)>"
					],
					"depth":3,
					"method":"<android.app.servertransaction.PipStateTransactionItem: android.app.servertransaction.PipStateTransactionItem obtain(android.app.PictureInPictureUiState)>",
					"source":"FIELDCALLER"
				},
				{
					"trace":[
						"<android.app.servertransaction.DestroyActivityItem: android.app.servertransaction.DestroyActivityItem obtain(boolean,int)>",
						"<android.app.servertransaction.ObjectPool: android.app.servertransaction.ObjectPoolItem obtain(java.lang.Class)>",
						"<android.app.servertransaction.ObjectPool: void <clinit>()>",
						"key field: <android.app.servertransaction.ObjectPool: java.util.Map sPoolMap>",
						"<android.app.servertransaction.ObjectPool: void recycle(android.app.servertransaction.ObjectPoolItem)>"
					],
					"depth":3,
					"method":"<android.app.servertransaction.DestroyActivityItem: android.app.servertransaction.DestroyActivityItem obtain(boolean,int)>",
					"source":"FIELDCALLER"
				},
				{
					"trace":[
						"<android.app.servertransaction.ActivityRelaunchItem: android.app.servertransaction.ActivityRelaunchItem obtain(java.util.List,java.util.List,int,android.util.MergedConfiguration,boolean)>",
						"<android.app.servertransaction.ObjectPool: android.app.servertransaction.ObjectPoolItem obtain(java.lang.Class)>",
						"<android.app.servertransaction.ObjectPool: void <clinit>()>",
						"key field: <android.app.servertransaction.ObjectPool: java.util.Map sPoolMap>",
						"<android.app.servertransaction.ObjectPool: void recycle(android.app.servertransaction.ObjectPoolItem)>"
					],
					"depth":3,
					"method":"<android.app.servertransaction.ActivityRelaunchItem: android.app.servertransaction.ActivityRelaunchItem obtain(java.util.List,java.util.List,int,android.util.MergedConfiguration,boolean)>",
					"source":"FIELDCALLER"
				},
				{
					"trace":[
						"<android.app.ActivityThread: boolean releaseProvider(android.content.IContentProvider,boolean)>",
						"<android.app.ActivityThread$H: void handleMessage(android.os.Message)>",
						"<android.app.servertransaction.ClientTransaction: void recycle()>",
						"<android.app.servertransaction.ObjectPool: void <clinit>()>",
						"key field: <android.app.servertransaction.ObjectPool: java.util.Map sPoolMap>",
						"<android.app.servertransaction.ObjectPool: void recycle(android.app.servertransaction.ObjectPoolItem)>"
					],
					"depth":4,
					"method":"<android.app.ActivityThread: boolean releaseProvider(android.content.IContentProvider,boolean)>",
					"source":"FIELDCALLER"
				},
				{
					"trace":[
						"<android.app.ActivityThread: void handleRelaunchActivityLocally(android.os.IBinder)>",
						"<android.app.ClientTransactionHandler: void executeTransaction(android.app.servertransaction.ClientTransaction)>",
						"<android.app.servertransaction.ClientTransaction: void recycle()>",
						"<android.app.servertransaction.ObjectPool: void <clinit>()>",
						"key field: <android.app.servertransaction.ObjectPool: java.util.Map sPoolMap>",
						"<android.app.servertransaction.ObjectPool: void recycle(android.app.servertransaction.ObjectPoolItem)>"
					],
					"depth":4,
					"method":"<android.app.ActivityThread: void handleRelaunchActivityLocally(android.os.IBinder)>",
					"source":"FIELDCALLER"
				},
				{
					"trace":[
						"<android.app.Activity: void startActivityForResult(android.content.Intent,int,android.os.Bundle)>",
						"<android.app.ActivityThread: void sendActivityResult(android.os.IBinder,java.lang.String,int,int,android.content.Intent)>",
						"<android.app.servertransaction.ActivityResultItem: android.app.servertransaction.ActivityResultItem obtain(java.util.List)>",
						"<android.app.servertransaction.ObjectPool: void <clinit>()>",
						"key field: <android.app.servertransaction.ObjectPool: java.util.Map sPoolMap>",
						"<android.app.servertransaction.ObjectPool: void recycle(android.app.servertransaction.ObjectPoolItem)>"
					],
					"depth":4,
					"method":"<android.app.Activity: void startActivityForResult(android.content.Intent,int,android.os.Bundle)>",
					"source":"FIELDCALLER"
				},
				{
					"trace":[
						"<android.app.Activity: void startActivityForResultAsUser(android.content.Intent,java.lang.String,int,android.os.Bundle,android.os.UserHandle)>",
						"<android.app.ActivityThread: void sendActivityResult(android.os.IBinder,java.lang.String,int,int,android.content.Intent)>",
						"<android.app.servertransaction.ActivityResultItem: android.app.servertransaction.ActivityResultItem obtain(java.util.List)>",
						"<android.app.servertransaction.ObjectPool: void <clinit>()>",
						"key field: <android.app.servertransaction.ObjectPool: java.util.Map sPoolMap>",
						"<android.app.servertransaction.ObjectPool: void recycle(android.app.servertransaction.ObjectPoolItem)>"
					],
					"depth":4,
					"method":"<android.app.Activity: void startActivityForResultAsUser(android.content.Intent,java.lang.String,int,android.os.Bundle,android.os.UserHandle)>",
					"source":"FIELDCALLER"
				},
				{
					"trace":[
						"<android.app.Activity: void startActivityForResult(java.lang.String,android.content.Intent,int,android.os.Bundle)>",
						"<android.app.ActivityThread: void sendActivityResult(android.os.IBinder,java.lang.String,int,int,android.content.Intent)>",
						"<android.app.servertransaction.ActivityResultItem: android.app.servertransaction.ActivityResultItem obtain(java.util.List)>",
						"<android.app.servertransaction.ObjectPool: void <clinit>()>",
						"key field: <android.app.servertransaction.ObjectPool: java.util.Map sPoolMap>",
						"<android.app.servertransaction.ObjectPool: void recycle(android.app.servertransaction.ObjectPoolItem)>"
					],
					"depth":4,
					"method":"<android.app.Activity: void startActivityForResult(java.lang.String,android.content.Intent,int,android.os.Bundle)>",
					"source":"FIELDCALLER"
				},
				{
					"trace":[
						"<android.app.Activity: void startActivityFromChild(android.app.Activity,android.content.Intent,int,android.os.Bundle)>",
						"<android.app.ActivityThread: void sendActivityResult(android.os.IBinder,java.lang.String,int,int,android.content.Intent)>",
						"<android.app.servertransaction.ActivityResultItem: android.app.servertransaction.ActivityResultItem obtain(java.util.List)>",
						"<android.app.servertransaction.ObjectPool: void <clinit>()>",
						"key field: <android.app.servertransaction.ObjectPool: java.util.Map sPoolMap>",
						"<android.app.servertransaction.ObjectPool: void recycle(android.app.servertransaction.ObjectPoolItem)>"
					],
					"depth":4,
					"method":"<android.app.Activity: void startActivityFromChild(android.app.Activity,android.content.Intent,int,android.os.Bundle)>",
					"source":"FIELDCALLER"
				},
				{
					"trace":[
						"<android.app.Activity: void startActivityAsCaller(android.content.Intent,android.os.Bundle,android.os.IBinder,boolean,int)>",
						"<android.app.ActivityThread: void sendActivityResult(android.os.IBinder,java.lang.String,int,int,android.content.Intent)>",
						"<android.app.servertransaction.ActivityResultItem: android.app.servertransaction.ActivityResultItem obtain(java.util.List)>",
						"<android.app.servertransaction.ObjectPool: void <clinit>()>",
						"key field: <android.app.servertransaction.ObjectPool: java.util.Map sPoolMap>",
						"<android.app.servertransaction.ObjectPool: void recycle(android.app.servertransaction.ObjectPoolItem)>"
					],
					"depth":4,
					"method":"<android.app.Activity: void startActivityAsCaller(android.content.Intent,android.os.Bundle,android.os.IBinder,boolean,int)>",
					"source":"FIELDCALLER"
				},
				{
					"trace":[
						"<android.app.Activity: void startActivityAsUser(android.content.Intent,android.os.Bundle,android.os.UserHandle)>",
						"<android.app.ActivityThread: void sendActivityResult(android.os.IBinder,java.lang.String,int,int,android.content.Intent)>",
						"<android.app.servertransaction.ActivityResultItem: android.app.servertransaction.ActivityResultItem obtain(java.util.List)>",
						"<android.app.servertransaction.ObjectPool: void <clinit>()>",
						"key field: <android.app.servertransaction.ObjectPool: java.util.Map sPoolMap>",
						"<android.app.servertransaction.ObjectPool: void recycle(android.app.servertransaction.ObjectPoolItem)>"
					],
					"depth":4,
					"method":"<android.app.Activity: void startActivityAsUser(android.content.Intent,android.os.Bundle,android.os.UserHandle)>",
					"source":"FIELDCALLER"
				},
				{
					"trace":[
						"<android.app.ProgressDialog: void setProgressPercentFormat(java.text.NumberFormat)>",
						"<android.app.ProgressDialog: void onProgressChanged()>",
						"<android.app.ActivityThread$H: void handleMessage(android.os.Message)>",
						"<android.app.servertransaction.ClientTransaction: void recycle()>",
						"<android.app.servertransaction.ObjectPool: void <clinit>()>",
						"key field: <android.app.servertransaction.ObjectPool: java.util.Map sPoolMap>",
						"<android.app.servertransaction.ObjectPool: void recycle(android.app.servertransaction.ObjectPoolItem)>"
					],
					"depth":5,
					"method":"<android.app.ProgressDialog: void setProgressPercentFormat(java.text.NumberFormat)>",
					"source":"FIELDCALLER"
				},
				{
					"trace":[
						"<android.app.ProgressDialog: void setProgressNumberFormat(java.lang.String)>",
						"<android.app.ProgressDialog: void onProgressChanged()>",
						"<android.app.ActivityThread$H: void handleMessage(android.os.Message)>",
						"<android.app.servertransaction.ClientTransaction: void recycle()>",
						"<android.app.servertransaction.ObjectPool: void <clinit>()>",
						"key field: <android.app.servertransaction.ObjectPool: java.util.Map sPoolMap>",
						"<android.app.servertransaction.ObjectPool: void recycle(android.app.servertransaction.ObjectPoolItem)>"
					],
					"depth":5,
					"method":"<android.app.ProgressDialog: void setProgressNumberFormat(java.lang.String)>",
					"source":"FIELDCALLER"
				},
				{
					"trace":[
						"<android.app.ProgressDialog: void incrementSecondaryProgressBy(int)>",
						"<android.app.ProgressDialog: void onProgressChanged()>",
						"<android.app.ActivityThread$H: void handleMessage(android.os.Message)>",
						"<android.app.servertransaction.ClientTransaction: void recycle()>",
						"<android.app.servertransaction.ObjectPool: void <clinit>()>",
						"key field: <android.app.servertransaction.ObjectPool: java.util.Map sPoolMap>",
						"<android.app.servertransaction.ObjectPool: void recycle(android.app.servertransaction.ObjectPoolItem)>"
					],
					"depth":5,
					"method":"<android.app.ProgressDialog: void incrementSecondaryProgressBy(int)>",
					"source":"FIELDCALLER"
				},
				{
					"trace":[
						"<android.app.ProgressDialog: void incrementProgressBy(int)>",
						"<android.app.ProgressDialog: void onProgressChanged()>",
						"<android.app.ActivityThread$H: void handleMessage(android.os.Message)>",
						"<android.app.servertransaction.ClientTransaction: void recycle()>",
						"<android.app.servertransaction.ObjectPool: void <clinit>()>",
						"key field: <android.app.servertransaction.ObjectPool: java.util.Map sPoolMap>",
						"<android.app.servertransaction.ObjectPool: void recycle(android.app.servertransaction.ObjectPoolItem)>"
					],
					"depth":5,
					"method":"<android.app.ProgressDialog: void incrementProgressBy(int)>",
					"source":"FIELDCALLER"
				},
				{
					"trace":[
						"<android.app.ProgressDialog: void setSecondaryProgress(int)>",
						"<android.app.ProgressDialog: void onProgressChanged()>",
						"<android.app.ActivityThread$H: void handleMessage(android.os.Message)>",
						"<android.app.servertransaction.ClientTransaction: void recycle()>",
						"<android.app.servertransaction.ObjectPool: void <clinit>()>",
						"key field: <android.app.servertransaction.ObjectPool: java.util.Map sPoolMap>",
						"<android.app.servertransaction.ObjectPool: void recycle(android.app.servertransaction.ObjectPoolItem)>"
					],
					"depth":5,
					"method":"<android.app.ProgressDialog: void setSecondaryProgress(int)>",
					"source":"FIELDCALLER"
				},
				{
					"trace":[
						"<android.app.ProgressDialog: void setProgress(int)>",
						"<android.app.ProgressDialog: void onProgressChanged()>",
						"<android.app.ActivityThread$H: void handleMessage(android.os.Message)>",
						"<android.app.servertransaction.ClientTransaction: void recycle()>",
						"<android.app.servertransaction.ObjectPool: void <clinit>()>",
						"key field: <android.app.servertransaction.ObjectPool: java.util.Map sPoolMap>",
						"<android.app.servertransaction.ObjectPool: void recycle(android.app.servertransaction.ObjectPoolItem)>"
					],
					"depth":5,
					"method":"<android.app.ProgressDialog: void setProgress(int)>",
					"source":"FIELDCALLER"
				},
				{
					"trace":[
						"<android.app.ProgressDialog: void setMax(int)>",
						"<android.app.ProgressDialog: void onProgressChanged()>",
						"<android.app.ActivityThread$H: void handleMessage(android.os.Message)>",
						"<android.app.servertransaction.ClientTransaction: void recycle()>",
						"<android.app.servertransaction.ObjectPool: void <clinit>()>",
						"key field: <android.app.servertransaction.ObjectPool: java.util.Map sPoolMap>",
						"<android.app.servertransaction.ObjectPool: void recycle(android.app.servertransaction.ObjectPoolItem)>"
					],
					"depth":5,
					"method":"<android.app.ProgressDialog: void setMax(int)>",
					"source":"FIELDCALLER"
				},
				{
					"trace":[
						"<android.content.ContentResolver: boolean releaseProvider(android.content.IContentProvider)>",
						"<android.app.ActivityThread: boolean releaseProvider(android.content.IContentProvider,boolean)>",
						"<android.app.ActivityThread$H: void handleMessage(android.os.Message)>",
						"<android.app.servertransaction.ClientTransaction: void recycle()>",
						"<android.app.servertransaction.ObjectPool: void <clinit>()>",
						"key field: <android.app.servertransaction.ObjectPool: java.util.Map sPoolMap>",
						"<android.app.servertransaction.ObjectPool: void recycle(android.app.servertransaction.ObjectPoolItem)>"
					],
					"depth":5,
					"method":"<android.content.ContentResolver: boolean releaseProvider(android.content.IContentProvider)>",
					"source":"FIELDCALLER"
				},
				{
					"trace":[
						"<android.app.ContextImpl$ApplicationContentResolver: boolean releaseProvider(android.content.IContentProvider)>",
						"<android.app.ActivityThread: boolean releaseProvider(android.content.IContentProvider,boolean)>",
						"<android.app.ActivityThread$H: void handleMessage(android.os.Message)>",
						"<android.app.servertransaction.ClientTransaction: void recycle()>",
						"<android.app.servertransaction.ObjectPool: void <clinit>()>",
						"key field: <android.app.servertransaction.ObjectPool: java.util.Map sPoolMap>",
						"<android.app.servertransaction.ObjectPool: void recycle(android.app.servertransaction.ObjectPoolItem)>"
					],
					"depth":5,
					"method":"<android.app.ContextImpl$ApplicationContentResolver: boolean releaseProvider(android.content.IContentProvider)>",
					"source":"FIELDCALLER"
				},
				{
					"trace":[
						"<android.app.ContextImpl$ApplicationContentResolver: boolean releaseUnstableProvider(android.content.IContentProvider)>",
						"<android.app.ActivityThread: boolean releaseProvider(android.content.IContentProvider,boolean)>",
						"<android.app.ActivityThread$H: void handleMessage(android.os.Message)>",
						"<android.app.servertransaction.ClientTransaction: void recycle()>",
						"<android.app.servertransaction.ObjectPool: void <clinit>()>",
						"key field: <android.app.servertransaction.ObjectPool: java.util.Map sPoolMap>",
						"<android.app.servertransaction.ObjectPool: void recycle(android.app.servertransaction.ObjectPoolItem)>"
					],
					"depth":5,
					"method":"<android.app.ContextImpl$ApplicationContentResolver: boolean releaseUnstableProvider(android.content.IContentProvider)>",
					"source":"FIELDCALLER"
				},
				{
					"trace":[
						"<android.app.Activity: void startActivityForResult(android.content.Intent,int)>",
						"<android.app.Activity: void startActivityForResult(android.content.Intent,int,android.os.Bundle)>",
						"<android.app.ActivityThread: void sendActivityResult(android.os.IBinder,java.lang.String,int,int,android.content.Intent)>",
						"<android.app.servertransaction.ActivityResultItem: android.app.servertransaction.ActivityResultItem obtain(java.util.List)>",
						"<android.app.servertransaction.ObjectPool: void <clinit>()>",
						"key field: <android.app.servertransaction.ObjectPool: java.util.Map sPoolMap>",
						"<android.app.servertransaction.ObjectPool: void recycle(android.app.servertransaction.ObjectPoolItem)>"
					],
					"depth":5,
					"method":"<android.app.Activity: void startActivityForResult(android.content.Intent,int)>",
					"source":"FIELDCALLER"
				},
				{
					"trace":[
						"<android.app.Activity: void startActivityForResultAsUser(android.content.Intent,int,android.os.Bundle,android.os.UserHandle)>",
						"<android.app.Activity: void startActivityForResultAsUser(android.content.Intent,java.lang.String,int,android.os.Bundle,android.os.UserHandle)>",
						"<android.app.ActivityThread: void sendActivityResult(android.os.IBinder,java.lang.String,int,int,android.content.Intent)>",
						"<android.app.servertransaction.ActivityResultItem: android.app.servertransaction.ActivityResultItem obtain(java.util.List)>",
						"<android.app.servertransaction.ObjectPool: void <clinit>()>",
						"key field: <android.app.servertransaction.ObjectPool: java.util.Map sPoolMap>",
						"<android.app.servertransaction.ObjectPool: void recycle(android.app.servertransaction.ObjectPoolItem)>"
					],
					"depth":5,
					"method":"<android.app.Activity: void startActivityForResultAsUser(android.content.Intent,int,android.os.Bundle,android.os.UserHandle)>",
					"source":"FIELDCALLER"
				},
				{
					"trace":[
						"<android.view.View: void startActivityForResult(android.content.Intent,int)>",
						"<android.app.Activity: void startActivityForResult(java.lang.String,android.content.Intent,int,android.os.Bundle)>",
						"<android.app.ActivityThread: void sendActivityResult(android.os.IBinder,java.lang.String,int,int,android.content.Intent)>",
						"<android.app.servertransaction.ActivityResultItem: android.app.servertransaction.ActivityResultItem obtain(java.util.List)>",
						"<android.app.servertransaction.ObjectPool: void <clinit>()>",
						"key field: <android.app.servertransaction.ObjectPool: java.util.Map sPoolMap>",
						"<android.app.servertransaction.ObjectPool: void recycle(android.app.servertransaction.ObjectPoolItem)>"
					],
					"depth":5,
					"method":"<android.view.View: void startActivityForResult(android.content.Intent,int)>",
					"source":"FIELDCALLER"
				},
				{
					"trace":[
						"<android.app.Activity$HostCallbacks: void onRequestPermissionsFromFragment(android.app.Fragment,java.lang.String[],int)>",
						"<android.app.Activity: void startActivityForResult(java.lang.String,android.content.Intent,int,android.os.Bundle)>",
						"<android.app.ActivityThread: void sendActivityResult(android.os.IBinder,java.lang.String,int,int,android.content.Intent)>",
						"<android.app.servertransaction.ActivityResultItem: android.app.servertransaction.ActivityResultItem obtain(java.util.List)>",
						"<android.app.servertransaction.ObjectPool: void <clinit>()>",
						"key field: <android.app.servertransaction.ObjectPool: java.util.Map sPoolMap>",
						"<android.app.servertransaction.ObjectPool: void recycle(android.app.servertransaction.ObjectPoolItem)>"
					],
					"depth":5,
					"method":"<android.app.Activity$HostCallbacks: void onRequestPermissionsFromFragment(android.app.Fragment,java.lang.String[],int)>",
					"source":"FIELDCALLER"
				},
				{
					"trace":[
						"<android.app.Activity: void startActivityFromFragment(android.app.Fragment,android.content.Intent,int,android.os.Bundle)>",
						"<android.app.Activity: void startActivityForResult(java.lang.String,android.content.Intent,int,android.os.Bundle)>",
						"<android.app.ActivityThread: void sendActivityResult(android.os.IBinder,java.lang.String,int,int,android.content.Intent)>",
						"<android.app.servertransaction.ActivityResultItem: android.app.servertransaction.ActivityResultItem obtain(java.util.List)>",
						"<android.app.servertransaction.ObjectPool: void <clinit>()>",
						"key field: <android.app.servertransaction.ObjectPool: java.util.Map sPoolMap>",
						"<android.app.servertransaction.ObjectPool: void recycle(android.app.servertransaction.ObjectPoolItem)>"
					],
					"depth":5,
					"method":"<android.app.Activity: void startActivityFromFragment(android.app.Fragment,android.content.Intent,int,android.os.Bundle)>",
					"source":"FIELDCALLER"
				},
				{
					"trace":[
						"<android.app.Activity: void requestPermissions(java.lang.String[],int)>",
						"<android.app.Activity: void startActivityForResult(java.lang.String,android.content.Intent,int,android.os.Bundle)>",
						"<android.app.ActivityThread: void sendActivityResult(android.os.IBinder,java.lang.String,int,int,android.content.Intent)>",
						"<android.app.servertransaction.ActivityResultItem: android.app.servertransaction.ActivityResultItem obtain(java.util.List)>",
						"<android.app.servertransaction.ObjectPool: void <clinit>()>",
						"key field: <android.app.servertransaction.ObjectPool: java.util.Map sPoolMap>",
						"<android.app.servertransaction.ObjectPool: void recycle(android.app.servertransaction.ObjectPoolItem)>"
					],
					"depth":5,
					"method":"<android.app.Activity: void requestPermissions(java.lang.String[],int)>",
					"source":"FIELDCALLER"
				},
				{
					"trace":[
						"<android.content.ContextWrapper: void startActivityForResult(java.lang.String,android.content.Intent,int,android.os.Bundle)>",
						"<android.app.Activity: void startActivityForResult(java.lang.String,android.content.Intent,int,android.os.Bundle)>",
						"<android.app.ActivityThread: void sendActivityResult(android.os.IBinder,java.lang.String,int,int,android.content.Intent)>",
						"<android.app.servertransaction.ActivityResultItem: android.app.servertransaction.ActivityResultItem obtain(java.util.List)>",
						"<android.app.servertransaction.ObjectPool: void <clinit>()>",
						"key field: <android.app.servertransaction.ObjectPool: java.util.Map sPoolMap>",
						"<android.app.servertransaction.ObjectPool: void recycle(android.app.servertransaction.ObjectPoolItem)>"
					],
					"depth":5,
					"method":"<android.content.ContextWrapper: void startActivityForResult(java.lang.String,android.content.Intent,int,android.os.Bundle)>",
					"source":"FIELDCALLER"
				},
				{
					"trace":[
						"<android.app.Activity: void startActivityFromChild(android.app.Activity,android.content.Intent,int)>",
						"<android.app.Activity: void startActivityFromChild(android.app.Activity,android.content.Intent,int,android.os.Bundle)>",
						"<android.app.ActivityThread: void sendActivityResult(android.os.IBinder,java.lang.String,int,int,android.content.Intent)>",
						"<android.app.servertransaction.ActivityResultItem: android.app.servertransaction.ActivityResultItem obtain(java.util.List)>",
						"<android.app.servertransaction.ObjectPool: void <clinit>()>",
						"key field: <android.app.servertransaction.ObjectPool: java.util.Map sPoolMap>",
						"<android.app.servertransaction.ObjectPool: void recycle(android.app.servertransaction.ObjectPoolItem)>"
					],
					"depth":5,
					"method":"<android.app.Activity: void startActivityFromChild(android.app.Activity,android.content.Intent,int)>",
					"source":"FIELDCALLER"
				},
				{
					"trace":[
						"<android.app.Activity: void startActivityAsUser(android.content.Intent,android.os.UserHandle)>",
						"<android.app.Activity: void startActivityAsUser(android.content.Intent,android.os.Bundle,android.os.UserHandle)>",
						"<android.app.ActivityThread: void sendActivityResult(android.os.IBinder,java.lang.String,int,int,android.content.Intent)>",
						"<android.app.servertransaction.ActivityResultItem: android.app.servertransaction.ActivityResultItem obtain(java.util.List)>",
						"<android.app.servertransaction.ObjectPool: void <clinit>()>",
						"key field: <android.app.servertransaction.ObjectPool: java.util.Map sPoolMap>",
						"<android.app.servertransaction.ObjectPool: void recycle(android.app.servertransaction.ObjectPoolItem)>"
					],
					"depth":5,
					"method":"<android.app.Activity: void startActivityAsUser(android.content.Intent,android.os.UserHandle)>",
					"source":"FIELDCALLER"
				},
				{
					"trace":[
						"<android.app.PropertyInvalidatedCache$AutoCorker$1: void handleMessage(android.os.Message)>",
						"<android.app.PropertyInvalidatedCache$AutoCorker: void access$300(android.app.PropertyInvalidatedCache$AutoCorker,android.os.Message)>",
						"<android.app.PropertyInvalidatedCache$AutoCorker: void handleMessage(android.os.Message)>",
						"<android.app.ActivityThread$H: void handleMessage(android.os.Message)>",
						"<android.app.servertransaction.ClientTransaction: void recycle()>",
						"<android.app.servertransaction.ObjectPool: void <clinit>()>",
						"key field: <android.app.servertransaction.ObjectPool: java.util.Map sPoolMap>",
						"<android.app.servertransaction.ObjectPool: void recycle(android.app.servertransaction.ObjectPoolItem)>"
					],
					"depth":6,
					"method":"<android.app.PropertyInvalidatedCache$AutoCorker$1: void handleMessage(android.os.Message)>",
					"source":"FIELDCALLER"
				},
				{
					"trace":[
						"<android.app.ActivityThread: void handlePictureInPictureRequested(android.app.ActivityThread$ActivityClientRecord)>",
						"<android.app.ActivityThread: void schedulePauseWithUserLeaveHintAndReturnToCurrentState(android.app.ActivityThread$ActivityClientRecord)>",
						"<android.app.ActivityThread: void schedulePauseWithUserLeavingHint(android.app.ActivityThread$ActivityClientRecord)>",
						"<android.app.ClientTransactionHandler: void executeTransaction(android.app.servertransaction.ClientTransaction)>",
						"<android.app.servertransaction.ClientTransaction: void recycle()>",
						"<android.app.servertransaction.ObjectPool: void <clinit>()>",
						"key field: <android.app.servertransaction.ObjectPool: java.util.Map sPoolMap>",
						"<android.app.servertransaction.ObjectPool: void recycle(android.app.servertransaction.ObjectPoolItem)>"
					],
					"depth":6,
					"method":"<android.app.ActivityThread: void handlePictureInPictureRequested(android.app.ActivityThread$ActivityClientRecord)>",
					"source":"FIELDCALLER"
				},
				{
					"trace":[
						"<android.app.Activity: void startActivity(android.content.Intent,android.os.Bundle)>",
						"<android.app.Activity: void startActivityForResult(android.content.Intent,int)>",
						"<android.app.Activity: void startActivityForResult(android.content.Intent,int,android.os.Bundle)>",
						"<android.app.ActivityThread: void sendActivityResult(android.os.IBinder,java.lang.String,int,int,android.content.Intent)>",
						"<android.app.servertransaction.ActivityResultItem: android.app.servertransaction.ActivityResultItem obtain(java.util.List)>",
						"<android.app.servertransaction.ObjectPool: void <clinit>()>",
						"key field: <android.app.servertransaction.ObjectPool: java.util.Map sPoolMap>",
						"<android.app.servertransaction.ObjectPool: void recycle(android.app.servertransaction.ObjectPoolItem)>"
					],
					"depth":6,
					"method":"<android.app.Activity: void startActivity(android.content.Intent,android.os.Bundle)>",
					"source":"FIELDCALLER"
				},
				{
					"trace":[
						"<android.app.Activity: void startActivityForResultAsUser(android.content.Intent,int,android.os.UserHandle)>",
						"<android.app.Activity: void startActivityForResultAsUser(android.content.Intent,int,android.os.Bundle,android.os.UserHandle)>",
						"<android.app.Activity: void startActivityForResultAsUser(android.content.Intent,java.lang.String,int,android.os.Bundle,android.os.UserHandle)>",
						"<android.app.ActivityThread: void sendActivityResult(android.os.IBinder,java.lang.String,int,int,android.content.Intent)>",
						"<android.app.servertransaction.ActivityResultItem: android.app.servertransaction.ActivityResultItem obtain(java.util.List)>",
						"<android.app.servertransaction.ObjectPool: void <clinit>()>",
						"key field: <android.app.servertransaction.ObjectPool: java.util.Map sPoolMap>",
						"<android.app.servertransaction.ObjectPool: void recycle(android.app.servertransaction.ObjectPoolItem)>"
					],
					"depth":6,
					"method":"<android.app.Activity: void startActivityForResultAsUser(android.content.Intent,int,android.os.UserHandle)>",
					"source":"FIELDCALLER"
				},
				{
					"trace":[
						"<android.app.Activity: void startActivityFromFragment(android.app.Fragment,android.content.Intent,int)>",
						"<android.app.Activity: void startActivityFromFragment(android.app.Fragment,android.content.Intent,int,android.os.Bundle)>",
						"<android.app.Activity: void startActivityForResult(java.lang.String,android.content.Intent,int,android.os.Bundle)>",
						"<android.app.ActivityThread: void sendActivityResult(android.os.IBinder,java.lang.String,int,int,android.content.Intent)>",
						"<android.app.servertransaction.ActivityResultItem: android.app.servertransaction.ActivityResultItem obtain(java.util.List)>",
						"<android.app.servertransaction.ObjectPool: void <clinit>()>",
						"key field: <android.app.servertransaction.ObjectPool: java.util.Map sPoolMap>",
						"<android.app.servertransaction.ObjectPool: void recycle(android.app.servertransaction.ObjectPoolItem)>"
					],
					"depth":6,
					"method":"<android.app.Activity: void startActivityFromFragment(android.app.Fragment,android.content.Intent,int)>",
					"source":"FIELDCALLER"
				},
				{
					"trace":[
						"<android.app.Activity$HostCallbacks: void onStartActivityFromFragment(android.app.Fragment,android.content.Intent,int,android.os.Bundle)>",
						"<android.app.Activity: void startActivityFromFragment(android.app.Fragment,android.content.Intent,int,android.os.Bundle)>",
						"<android.app.Activity: void startActivityForResult(java.lang.String,android.content.Intent,int,android.os.Bundle)>",
						"<android.app.ActivityThread: void sendActivityResult(android.os.IBinder,java.lang.String,int,int,android.content.Intent)>",
						"<android.app.servertransaction.ActivityResultItem: android.app.servertransaction.ActivityResultItem obtain(java.util.List)>",
						"<android.app.servertransaction.ObjectPool: void <clinit>()>",
						"key field: <android.app.servertransaction.ObjectPool: java.util.Map sPoolMap>",
						"<android.app.servertransaction.ObjectPool: void recycle(android.app.servertransaction.ObjectPoolItem)>"
					],
					"depth":6,
					"method":"<android.app.Activity$HostCallbacks: void onStartActivityFromFragment(android.app.Fragment,android.content.Intent,int,android.os.Bundle)>",
					"source":"FIELDCALLER"
				},
				{
					"trace":[
						"<android.content.ContextWrapper: void startActivityAsUser(android.content.Intent,android.os.UserHandle)>",
						"<android.app.Activity: void startActivityAsUser(android.content.Intent,android.os.UserHandle)>",
						"<android.app.Activity: void startActivityAsUser(android.content.Intent,android.os.Bundle,android.os.UserHandle)>",
						"<android.app.ActivityThread: void sendActivityResult(android.os.IBinder,java.lang.String,int,int,android.content.Intent)>",
						"<android.app.servertransaction.ActivityResultItem: android.app.servertransaction.ActivityResultItem obtain(java.util.List)>",
						"<android.app.servertransaction.ObjectPool: void <clinit>()>",
						"key field: <android.app.servertransaction.ObjectPool: java.util.Map sPoolMap>",
						"<android.app.servertransaction.ObjectPool: void recycle(android.app.servertransaction.ObjectPoolItem)>"
					],
					"depth":6,
					"method":"<android.content.ContextWrapper: void startActivityAsUser(android.content.Intent,android.os.UserHandle)>",
					"source":"FIELDCALLER"
				},
				{
					"trace":[
						"<android.app.Dialog: void show()>",
						"<android.app.Dialog: void dispatchOnCreate(android.os.Bundle)>",
						"<android.app.ProgressDialog: void onCreate(android.os.Bundle)>",
						"<android.app.ProgressDialog: void onProgressChanged()>",
						"<android.app.ActivityThread$H: void handleMessage(android.os.Message)>",
						"<android.app.servertransaction.ClientTransaction: void recycle()>",
						"<android.app.servertransaction.ObjectPool: void <clinit>()>",
						"key field: <android.app.servertransaction.ObjectPool: java.util.Map sPoolMap>",
						"<android.app.servertransaction.ObjectPool: void recycle(android.app.servertransaction.ObjectPoolItem)>"
					],
					"depth":7,
					"method":"<android.app.Dialog: void show()>",
					"source":"FIELDCALLER"
				},
				{
					"trace":[
						"<android.app.Dialog: void create()>",
						"<android.app.Dialog: void dispatchOnCreate(android.os.Bundle)>",
						"<android.app.ProgressDialog: void onCreate(android.os.Bundle)>",
						"<android.app.ProgressDialog: void onProgressChanged()>",
						"<android.app.ActivityThread$H: void handleMessage(android.os.Message)>",
						"<android.app.servertransaction.ClientTransaction: void recycle()>",
						"<android.app.servertransaction.ObjectPool: void <clinit>()>",
						"key field: <android.app.servertransaction.ObjectPool: java.util.Map sPoolMap>",
						"<android.app.servertransaction.ObjectPool: void recycle(android.app.servertransaction.ObjectPoolItem)>"
					],
					"depth":7,
					"method":"<android.app.Dialog: void create()>",
					"source":"FIELDCALLER"
				},
				{
					"trace":[
						"<android.widget.RemoteViewsAdapter$RemoteServiceHandler: void handleMessage(android.os.Message)>",
						"<android.app.PropertyInvalidatedCache$AutoCorker$1: void handleMessage(android.os.Message)>",
						"<android.app.PropertyInvalidatedCache$AutoCorker: void access$300(android.app.PropertyInvalidatedCache$AutoCorker,android.os.Message)>",
						"<android.app.PropertyInvalidatedCache$AutoCorker: void handleMessage(android.os.Message)>",
						"<android.app.ActivityThread$H: void handleMessage(android.os.Message)>",
						"<android.app.servertransaction.ClientTransaction: void recycle()>",
						"<android.app.servertransaction.ObjectPool: void <clinit>()>",
						"key field: <android.app.servertransaction.ObjectPool: java.util.Map sPoolMap>",
						"<android.app.servertransaction.ObjectPool: void recycle(android.app.servertransaction.ObjectPoolItem)>"
					],
					"depth":7,
					"method":"<android.widget.RemoteViewsAdapter$RemoteServiceHandler: void handleMessage(android.os.Message)>",
					"source":"FIELDCALLER"
				},
				{
					"trace":[
						"<android.app.servertransaction.EnterPipRequestedItem: void execute(android.app.ClientTransactionHandler,android.app.ActivityThread$ActivityClientRecord,android.app.servertransaction.PendingTransactionActions)>",
						"<android.app.ActivityThread: void handlePictureInPictureRequested(android.app.ActivityThread$ActivityClientRecord)>",
						"<android.app.ActivityThread: void schedulePauseWithUserLeaveHintAndReturnToCurrentState(android.app.ActivityThread$ActivityClientRecord)>",
						"<android.app.ActivityThread: void schedulePauseWithUserLeavingHint(android.app.ActivityThread$ActivityClientRecord)>",
						"<android.app.ClientTransactionHandler: void executeTransaction(android.app.servertransaction.ClientTransaction)>",
						"<android.app.servertransaction.ClientTransaction: void recycle()>",
						"<android.app.servertransaction.ObjectPool: void <clinit>()>",
						"key field: <android.app.servertransaction.ObjectPool: java.util.Map sPoolMap>",
						"<android.app.servertransaction.ObjectPool: void recycle(android.app.servertransaction.ObjectPoolItem)>"
					],
					"depth":7,
					"method":"<android.app.servertransaction.EnterPipRequestedItem: void execute(android.app.ClientTransactionHandler,android.app.ActivityThread$ActivityClientRecord,android.app.servertransaction.PendingTransactionActions)>",
					"source":"FIELDCALLER"
				},
				{
					"trace":[
						"<android.app.servertransaction.ActivityTransactionItem: void execute(android.app.ClientTransactionHandler,android.app.ActivityThread$ActivityClientRecord,android.app.servertransaction.PendingTransactionActions)>",
						"<android.app.ActivityThread: void handlePictureInPictureRequested(android.app.ActivityThread$ActivityClientRecord)>",
						"<android.app.ActivityThread: void schedulePauseWithUserLeaveHintAndReturnToCurrentState(android.app.ActivityThread$ActivityClientRecord)>",
						"<android.app.ActivityThread: void schedulePauseWithUserLeavingHint(android.app.ActivityThread$ActivityClientRecord)>",
						"<android.app.ClientTransactionHandler: void executeTransaction(android.app.servertransaction.ClientTransaction)>",
						"<android.app.servertransaction.ClientTransaction: void recycle()>",
						"<android.app.servertransaction.ObjectPool: void <clinit>()>",
						"key field: <android.app.servertransaction.ObjectPool: java.util.Map sPoolMap>",
						"<android.app.servertransaction.ObjectPool: void recycle(android.app.servertransaction.ObjectPoolItem)>"
					],
					"depth":7,
					"method":"<android.app.servertransaction.ActivityTransactionItem: void execute(android.app.ClientTransactionHandler,android.app.ActivityThread$ActivityClientRecord,android.app.servertransaction.PendingTransactionActions)>",
					"source":"FIELDCALLER"
				},
				{
					"trace":[
						"<android.app.Activity: void startActivity(android.content.Intent)>",
						"<android.app.Activity: void startActivity(android.content.Intent,android.os.Bundle)>",
						"<android.app.Activity: void startActivityForResult(android.content.Intent,int)>",
						"<android.app.Activity: void startActivityForResult(android.content.Intent,int,android.os.Bundle)>",
						"<android.app.ActivityThread: void sendActivityResult(android.os.IBinder,java.lang.String,int,int,android.content.Intent)>",
						"<android.app.servertransaction.ActivityResultItem: android.app.servertransaction.ActivityResultItem obtain(java.util.List)>",
						"<android.app.servertransaction.ObjectPool: void <clinit>()>",
						"key field: <android.app.servertransaction.ObjectPool: java.util.Map sPoolMap>",
						"<android.app.servertransaction.ObjectPool: void recycle(android.app.servertransaction.ObjectPoolItem)>"
					],
					"depth":7,
					"method":"<android.app.Activity: void startActivity(android.content.Intent)>",
					"source":"FIELDCALLER"
				},
				{
					"trace":[
						"<android.content.Context: void startActivity(android.content.Intent)>",
						"<android.app.Activity: void startActivity(android.content.Intent,android.os.Bundle)>",
						"<android.app.Activity: void startActivityForResult(android.content.Intent,int)>",
						"<android.app.Activity: void startActivityForResult(android.content.Intent,int,android.os.Bundle)>",
						"<android.app.ActivityThread: void sendActivityResult(android.os.IBinder,java.lang.String,int,int,android.content.Intent)>",
						"<android.app.servertransaction.ActivityResultItem: android.app.servertransaction.ActivityResultItem obtain(java.util.List)>",
						"<android.app.servertransaction.ObjectPool: void <clinit>()>",
						"key field: <android.app.servertransaction.ObjectPool: java.util.Map sPoolMap>",
						"<android.app.servertransaction.ObjectPool: void recycle(android.app.servertransaction.ObjectPoolItem)>"
					],
					"depth":7,
					"method":"<android.content.Context: void startActivity(android.content.Intent)>",
					"source":"FIELDCALLER"
				},
				{
					"trace":[
						"<android.app.Activity$HostCallbacks: void onStartActivityAsUserFromFragment(android.app.Fragment,android.content.Intent,int,android.os.Bundle,android.os.UserHandle)>",
						"<android.app.Activity: void access$600(android.app.Activity,android.app.Fragment,android.content.Intent,int,android.os.Bundle,android.os.UserHandle)>",
						"<android.app.Activity: void startActivityAsUserFromFragment(android.app.Fragment,android.content.Intent,int,android.os.Bundle,android.os.UserHandle)>",
						"<android.app.Activity: void startActivityForResultAsUser(android.content.Intent,java.lang.String,int,android.os.Bundle,android.os.UserHandle)>",
						"<android.app.ActivityThread: void sendActivityResult(android.os.IBinder,java.lang.String,int,int,android.content.Intent)>",
						"<android.app.servertransaction.ActivityResultItem: android.app.servertransaction.ActivityResultItem obtain(java.util.List)>",
						"<android.app.servertransaction.ObjectPool: void <clinit>()>",
						"key field: <android.app.servertransaction.ObjectPool: java.util.Map sPoolMap>",
						"<android.app.servertransaction.ObjectPool: void recycle(android.app.servertransaction.ObjectPoolItem)>"
					],
					"depth":7,
					"method":"<android.app.Activity$HostCallbacks: void onStartActivityAsUserFromFragment(android.app.Fragment,android.content.Intent,int,android.os.Bundle,android.os.UserHandle)>",
					"source":"FIELDCALLER"
				},
				{
					"trace":[
						"<android.app.ProgressDialog: android.app.ProgressDialog show(android.content.Context,java.lang.CharSequence,java.lang.CharSequence,boolean,boolean,android.content.DialogInterface$OnCancelListener)>",
						"<android.app.Dialog: void show()>",
						"<android.app.Dialog: void dispatchOnCreate(android.os.Bundle)>",
						"<android.app.ProgressDialog: void onCreate(android.os.Bundle)>",
						"<android.app.ProgressDialog: void onProgressChanged()>",
						"<android.app.ActivityThread$H: void handleMessage(android.os.Message)>",
						"<android.app.servertransaction.ClientTransaction: void recycle()>",
						"<android.app.servertransaction.ObjectPool: void <clinit>()>",
						"key field: <android.app.servertransaction.ObjectPool: java.util.Map sPoolMap>",
						"<android.app.servertransaction.ObjectPool: void recycle(android.app.servertransaction.ObjectPoolItem)>"
					],
					"depth":8,
					"method":"<android.app.ProgressDialog: android.app.ProgressDialog show(android.content.Context,java.lang.CharSequence,java.lang.CharSequence,boolean,boolean,android.content.DialogInterface$OnCancelListener)>",
					"source":"FIELDCALLER"
				},
				{
					"trace":[
						"<android.app.Activity: boolean showDialog(int,android.os.Bundle)>",
						"<android.app.Dialog: void show()>",
						"<android.app.Dialog: void dispatchOnCreate(android.os.Bundle)>",
						"<android.app.ProgressDialog: void onCreate(android.os.Bundle)>",
						"<android.app.ProgressDialog: void onProgressChanged()>",
						"<android.app.ActivityThread$H: void handleMessage(android.os.Message)>",
						"<android.app.servertransaction.ClientTransaction: void recycle()>",
						"<android.app.servertransaction.ObjectPool: void <clinit>()>",
						"key field: <android.app.servertransaction.ObjectPool: java.util.Map sPoolMap>",
						"<android.app.servertransaction.ObjectPool: void recycle(android.app.servertransaction.ObjectPoolItem)>"
					],
					"depth":8,
					"method":"<android.app.Activity: boolean showDialog(int,android.os.Bundle)>",
					"source":"FIELDCALLER"
				},
				{
					"trace":[
						"<android.app.Presentation: void show()>",
						"<android.app.Dialog: void show()>",
						"<android.app.Dialog: void dispatchOnCreate(android.os.Bundle)>",
						"<android.app.ProgressDialog: void onCreate(android.os.Bundle)>",
						"<android.app.ProgressDialog: void onProgressChanged()>",
						"<android.app.ActivityThread$H: void handleMessage(android.os.Message)>",
						"<android.app.servertransaction.ClientTransaction: void recycle()>",
						"<android.app.servertransaction.ObjectPool: void <clinit>()>",
						"key field: <android.app.servertransaction.ObjectPool: java.util.Map sPoolMap>",
						"<android.app.servertransaction.ObjectPool: void recycle(android.app.servertransaction.ObjectPoolItem)>"
					],
					"depth":8,
					"method":"<android.app.Presentation: void show()>",
					"source":"FIELDCALLER"
				},
				{
					"trace":[
						"<android.app.Dialog: void onRestoreInstanceState(android.os.Bundle)>",
						"<android.app.Dialog: void show()>",
						"<android.app.Dialog: void dispatchOnCreate(android.os.Bundle)>",
						"<android.app.ProgressDialog: void onCreate(android.os.Bundle)>",
						"<android.app.ProgressDialog: void onProgressChanged()>",
						"<android.app.ActivityThread$H: void handleMessage(android.os.Message)>",
						"<android.app.servertransaction.ClientTransaction: void recycle()>",
						"<android.app.servertransaction.ObjectPool: void <clinit>()>",
						"key field: <android.app.servertransaction.ObjectPool: java.util.Map sPoolMap>",
						"<android.app.servertransaction.ObjectPool: void recycle(android.app.servertransaction.ObjectPoolItem)>"
					],
					"depth":8,
					"method":"<android.app.Dialog: void onRestoreInstanceState(android.os.Bundle)>",
					"source":"FIELDCALLER"
				},
				{
					"trace":[
						"<android.app.DialogFragment: void onStart()>",
						"<android.app.Dialog: void show()>",
						"<android.app.Dialog: void dispatchOnCreate(android.os.Bundle)>",
						"<android.app.ProgressDialog: void onCreate(android.os.Bundle)>",
						"<android.app.ProgressDialog: void onProgressChanged()>",
						"<android.app.ActivityThread$H: void handleMessage(android.os.Message)>",
						"<android.app.servertransaction.ClientTransaction: void recycle()>",
						"<android.app.servertransaction.ObjectPool: void <clinit>()>",
						"key field: <android.app.servertransaction.ObjectPool: java.util.Map sPoolMap>",
						"<android.app.servertransaction.ObjectPool: void recycle(android.app.servertransaction.ObjectPoolItem)>"
					],
					"depth":8,
					"method":"<android.app.DialogFragment: void onStart()>",
					"source":"FIELDCALLER"
				},
				{
					"trace":[
						"<com.android.internal.view.menu.MenuDialogHelper: void show(android.os.IBinder)>",
						"<android.app.Dialog: void show()>",
						"<android.app.Dialog: void dispatchOnCreate(android.os.Bundle)>",
						"<android.app.ProgressDialog: void onCreate(android.os.Bundle)>",
						"<android.app.ProgressDialog: void onProgressChanged()>",
						"<android.app.ActivityThread$H: void handleMessage(android.os.Message)>",
						"<android.app.servertransaction.ClientTransaction: void recycle()>",
						"<android.app.servertransaction.ObjectPool: void <clinit>()>",
						"key field: <android.app.servertransaction.ObjectPool: java.util.Map sPoolMap>",
						"<android.app.servertransaction.ObjectPool: void recycle(android.app.servertransaction.ObjectPoolItem)>"
					],
					"depth":8,
					"method":"<com.android.internal.view.menu.MenuDialogHelper: void show(android.os.IBinder)>",
					"source":"FIELDCALLER"
				},
				{
					"trace":[
						"<android.app.TimePickerDialog: void show()>",
						"<android.app.Dialog: void show()>",
						"<android.app.Dialog: void dispatchOnCreate(android.os.Bundle)>",
						"<android.app.ProgressDialog: void onCreate(android.os.Bundle)>",
						"<android.app.ProgressDialog: void onProgressChanged()>",
						"<android.app.ActivityThread$H: void handleMessage(android.os.Message)>",
						"<android.app.servertransaction.ClientTransaction: void recycle()>",
						"<android.app.servertransaction.ObjectPool: void <clinit>()>",
						"key field: <android.app.servertransaction.ObjectPool: java.util.Map sPoolMap>",
						"<android.app.servertransaction.ObjectPool: void recycle(android.app.servertransaction.ObjectPoolItem)>"
					],
					"depth":8,
					"method":"<android.app.TimePickerDialog: void show()>",
					"source":"FIELDCALLER"
				},
				{
					"trace":[
						"<android.app.AlertDialog$Builder: android.app.AlertDialog show()>",
						"<android.app.Dialog: void show()>",
						"<android.app.Dialog: void dispatchOnCreate(android.os.Bundle)>",
						"<android.app.ProgressDialog: void onCreate(android.os.Bundle)>",
						"<android.app.ProgressDialog: void onProgressChanged()>",
						"<android.app.ActivityThread$H: void handleMessage(android.os.Message)>",
						"<android.app.servertransaction.ClientTransaction: void recycle()>",
						"<android.app.servertransaction.ObjectPool: void <clinit>()>",
						"key field: <android.app.servertransaction.ObjectPool: java.util.Map sPoolMap>",
						"<android.app.servertransaction.ObjectPool: void recycle(android.app.servertransaction.ObjectPoolItem)>"
					],
					"depth":8,
					"method":"<android.app.AlertDialog$Builder: android.app.AlertDialog show()>",
					"source":"FIELDCALLER"
				},
				{
					"trace":[
						"<android.inputmethodservice.SoftInputWindow: void show()>",
						"<android.app.Dialog: void show()>",
						"<android.app.Dialog: void dispatchOnCreate(android.os.Bundle)>",
						"<android.app.ProgressDialog: void onCreate(android.os.Bundle)>",
						"<android.app.ProgressDialog: void onProgressChanged()>",
						"<android.app.ActivityThread$H: void handleMessage(android.os.Message)>",
						"<android.app.servertransaction.ClientTransaction: void recycle()>",
						"<android.app.servertransaction.ObjectPool: void <clinit>()>",
						"key field: <android.app.servertransaction.ObjectPool: java.util.Map sPoolMap>",
						"<android.app.servertransaction.ObjectPool: void recycle(android.app.servertransaction.ObjectPoolItem)>"
					],
					"depth":8,
					"method":"<android.inputmethodservice.SoftInputWindow: void show()>",
					"source":"FIELDCALLER"
				},
				{
					"trace":[
						"<android.widget.Spinner$DialogPopup: void show(int,int)>",
						"<android.app.Dialog: void show()>",
						"<android.app.Dialog: void dispatchOnCreate(android.os.Bundle)>",
						"<android.app.ProgressDialog: void onCreate(android.os.Bundle)>",
						"<android.app.ProgressDialog: void onProgressChanged()>",
						"<android.app.ActivityThread$H: void handleMessage(android.os.Message)>",
						"<android.app.servertransaction.ClientTransaction: void recycle()>",
						"<android.app.servertransaction.ObjectPool: void <clinit>()>",
						"key field: <android.app.servertransaction.ObjectPool: java.util.Map sPoolMap>",
						"<android.app.servertransaction.ObjectPool: void recycle(android.app.servertransaction.ObjectPoolItem)>"
					],
					"depth":8,
					"method":"<android.widget.Spinner$DialogPopup: void show(int,int)>",
					"source":"FIELDCALLER"
				},
				{
					"trace":[
						"<android.widget.Spinner$SpinnerPopup: void show(int,int)>",
						"<android.app.Dialog: void show()>",
						"<android.app.Dialog: void dispatchOnCreate(android.os.Bundle)>",
						"<android.app.ProgressDialog: void onCreate(android.os.Bundle)>",
						"<android.app.ProgressDialog: void onProgressChanged()>",
						"<android.app.ActivityThread$H: void handleMessage(android.os.Message)>",
						"<android.app.servertransaction.ClientTransaction: void recycle()>",
						"<android.app.servertransaction.ObjectPool: void <clinit>()>",
						"key field: <android.app.servertransaction.ObjectPool: java.util.Map sPoolMap>",
						"<android.app.servertransaction.ObjectPool: void recycle(android.app.servertransaction.ObjectPoolItem)>"
					],
					"depth":8,
					"method":"<android.widget.Spinner$SpinnerPopup: void show(int,int)>",
					"source":"FIELDCALLER"
				},
				{
					"trace":[
						"<android.app.DatePickerDialog: void onRestoreInstanceState(android.os.Bundle)>",
						"<android.app.Dialog: void onRestoreInstanceState(android.os.Bundle)>",
						"<android.app.Dialog: void dispatchOnCreate(android.os.Bundle)>",
						"<android.app.ProgressDialog: void onCreate(android.os.Bundle)>",
						"<android.app.ProgressDialog: void onProgressChanged()>",
						"<android.app.ActivityThread$H: void handleMessage(android.os.Message)>",
						"<android.app.servertransaction.ClientTransaction: void recycle()>",
						"<android.app.servertransaction.ObjectPool: void <clinit>()>",
						"key field: <android.app.servertransaction.ObjectPool: java.util.Map sPoolMap>",
						"<android.app.servertransaction.ObjectPool: void recycle(android.app.servertransaction.ObjectPoolItem)>"
					],
					"depth":8,
					"method":"<android.app.DatePickerDialog: void onRestoreInstanceState(android.os.Bundle)>",
					"source":"FIELDCALLER"
				},
				{
					"trace":[
						"<android.app.TimePickerDialog: void onRestoreInstanceState(android.os.Bundle)>",
						"<android.app.Dialog: void onRestoreInstanceState(android.os.Bundle)>",
						"<android.app.Dialog: void dispatchOnCreate(android.os.Bundle)>",
						"<android.app.ProgressDialog: void onCreate(android.os.Bundle)>",
						"<android.app.ProgressDialog: void onProgressChanged()>",
						"<android.app.ActivityThread$H: void handleMessage(android.os.Message)>",
						"<android.app.servertransaction.ClientTransaction: void recycle()>",
						"<android.app.servertransaction.ObjectPool: void <clinit>()>",
						"key field: <android.app.servertransaction.ObjectPool: java.util.Map sPoolMap>",
						"<android.app.servertransaction.ObjectPool: void recycle(android.app.servertransaction.ObjectPoolItem)>"
					],
					"depth":8,
					"method":"<android.app.TimePickerDialog: void onRestoreInstanceState(android.os.Bundle)>",
					"source":"FIELDCALLER"
				},
				{
					"trace":[
						"<android.app.DialogFragment: void onActivityCreated(android.os.Bundle)>",
						"<android.app.Dialog: void onRestoreInstanceState(android.os.Bundle)>",
						"<android.app.Dialog: void dispatchOnCreate(android.os.Bundle)>",
						"<android.app.ProgressDialog: void onCreate(android.os.Bundle)>",
						"<android.app.ProgressDialog: void onProgressChanged()>",
						"<android.app.ActivityThread$H: void handleMessage(android.os.Message)>",
						"<android.app.servertransaction.ClientTransaction: void recycle()>",
						"<android.app.servertransaction.ObjectPool: void <clinit>()>",
						"key field: <android.app.servertransaction.ObjectPool: java.util.Map sPoolMap>",
						"<android.app.servertransaction.ObjectPool: void recycle(android.app.servertransaction.ObjectPoolItem)>"
					],
					"depth":8,
					"method":"<android.app.DialogFragment: void onActivityCreated(android.os.Bundle)>",
					"source":"FIELDCALLER"
				},
				{
					"trace":[
						"<android.app.ExitTransitionCoordinator: void startExit(android.app.Activity)>",
						"<android.app.ExitTransitionCoordinator: void delayCancel()>",
						"<android.app.PropertyInvalidatedCache$AutoCorker$1: void handleMessage(android.os.Message)>",
						"<android.app.PropertyInvalidatedCache$AutoCorker: void access$300(android.app.PropertyInvalidatedCache$AutoCorker,android.os.Message)>",
						"<android.app.PropertyInvalidatedCache$AutoCorker: void handleMessage(android.os.Message)>",
						"<android.app.ActivityThread$H: void handleMessage(android.os.Message)>",
						"<android.app.servertransaction.ClientTransaction: void recycle()>",
						"<android.app.servertransaction.ObjectPool: void <clinit>()>",
						"key field: <android.app.servertransaction.ObjectPool: java.util.Map sPoolMap>",
						"<android.app.servertransaction.ObjectPool: void recycle(android.app.servertransaction.ObjectPoolItem)>"
					],
					"depth":8,
					"method":"<android.app.ExitTransitionCoordinator: void startExit(android.app.Activity)>",
					"source":"FIELDCALLER"
				},
				{
					"trace":[
						"<android.widget.Filter$RequestHandler: void handleMessage(android.os.Message)>",
						"<android.widget.RemoteViewsAdapter$RemoteServiceHandler: void handleMessage(android.os.Message)>",
						"<android.app.PropertyInvalidatedCache$AutoCorker$1: void handleMessage(android.os.Message)>",
						"<android.app.PropertyInvalidatedCache$AutoCorker: void access$300(android.app.PropertyInvalidatedCache$AutoCorker,android.os.Message)>",
						"<android.app.PropertyInvalidatedCache$AutoCorker: void handleMessage(android.os.Message)>",
						"<android.app.ActivityThread$H: void handleMessage(android.os.Message)>",
						"<android.app.servertransaction.ClientTransaction: void recycle()>",
						"<android.app.servertransaction.ObjectPool: void <clinit>()>",
						"key field: <android.app.servertransaction.ObjectPool: java.util.Map sPoolMap>",
						"<android.app.servertransaction.ObjectPool: void recycle(android.app.servertransaction.ObjectPoolItem)>"
					],
					"depth":8,
					"method":"<android.widget.Filter$RequestHandler: void handleMessage(android.os.Message)>",
					"source":"FIELDCALLER"
				},
				{
					"trace":[
						"<android.app.QueuedWork: void queue(java.lang.Runnable,boolean)>",
						"<android.widget.RemoteViewsAdapter$RemoteServiceHandler: void handleMessage(android.os.Message)>",
						"<android.app.PropertyInvalidatedCache$AutoCorker$1: void handleMessage(android.os.Message)>",
						"<android.app.PropertyInvalidatedCache$AutoCorker: void access$300(android.app.PropertyInvalidatedCache$AutoCorker,android.os.Message)>",
						"<android.app.PropertyInvalidatedCache$AutoCorker: void handleMessage(android.os.Message)>",
						"<android.app.ActivityThread$H: void handleMessage(android.os.Message)>",
						"<android.app.servertransaction.ClientTransaction: void recycle()>",
						"<android.app.servertransaction.ObjectPool: void <clinit>()>",
						"key field: <android.app.servertransaction.ObjectPool: java.util.Map sPoolMap>",
						"<android.app.servertransaction.ObjectPool: void recycle(android.app.servertransaction.ObjectPoolItem)>"
					],
					"depth":8,
					"method":"<android.app.QueuedWork: void queue(java.lang.Runnable,boolean)>",
					"source":"FIELDCALLER"
				},
				{
					"trace":[
						"<android.app.servertransaction.ActivityTransactionItem: void execute(android.app.ClientTransactionHandler,android.os.IBinder,android.app.servertransaction.PendingTransactionActions)>",
						"<android.app.servertransaction.EnterPipRequestedItem: void execute(android.app.ClientTransactionHandler,android.app.ActivityThread$ActivityClientRecord,android.app.servertransaction.PendingTransactionActions)>",
						"<android.app.ActivityThread: void handlePictureInPictureRequested(android.app.ActivityThread$ActivityClientRecord)>",
						"<android.app.ActivityThread: void schedulePauseWithUserLeaveHintAndReturnToCurrentState(android.app.ActivityThread$ActivityClientRecord)>",
						"<android.app.ActivityThread: void schedulePauseWithUserLeavingHint(android.app.ActivityThread$ActivityClientRecord)>",
						"<android.app.ClientTransactionHandler: void executeTransaction(android.app.servertransaction.ClientTransaction)>",
						"<android.app.servertransaction.ClientTransaction: void recycle()>",
						"<android.app.servertransaction.ObjectPool: void <clinit>()>",
						"key field: <android.app.servertransaction.ObjectPool: java.util.Map sPoolMap>",
						"<android.app.servertransaction.ObjectPool: void recycle(android.app.servertransaction.ObjectPoolItem)>"
					],
					"depth":8,
					"method":"<android.app.servertransaction.ActivityTransactionItem: void execute(android.app.ClientTransactionHandler,android.os.IBinder,android.app.servertransaction.PendingTransactionActions)>",
					"source":"FIELDCALLER"
				},
				{
					"trace":[
						"<android.app.Activity: boolean onKeyDown(int,android.view.KeyEvent)>",
						"<android.app.Activity: void startActivity(android.content.Intent)>",
						"<android.app.Activity: void startActivity(android.content.Intent,android.os.Bundle)>",
						"<android.app.Activity: void startActivityForResult(android.content.Intent,int)>",
						"<android.app.Activity: void startActivityForResult(android.content.Intent,int,android.os.Bundle)>",
						"<android.app.ActivityThread: void sendActivityResult(android.os.IBinder,java.lang.String,int,int,android.content.Intent)>",
						"<android.app.servertransaction.ActivityResultItem: android.app.servertransaction.ActivityResultItem obtain(java.util.List)>",
						"<android.app.servertransaction.ObjectPool: void <clinit>()>",
						"key field: <android.app.servertransaction.ObjectPool: java.util.Map sPoolMap>",
						"<android.app.servertransaction.ObjectPool: void recycle(android.app.servertransaction.ObjectPoolItem)>"
					],
					"depth":8,
					"method":"<android.app.Activity: boolean onKeyDown(int,android.view.KeyEvent)>",
					"source":"FIELDCALLER"
				},
				{
					"trace":[
						"<android.view.KeyEvent$Callback: boolean onKeyDown(int,android.view.KeyEvent)>",
						"<android.app.Activity: void startActivity(android.content.Intent)>",
						"<android.app.Activity: void startActivity(android.content.Intent,android.os.Bundle)>",
						"<android.app.Activity: void startActivityForResult(android.content.Intent,int)>",
						"<android.app.Activity: void startActivityForResult(android.content.Intent,int,android.os.Bundle)>",
						"<android.app.ActivityThread: void sendActivityResult(android.os.IBinder,java.lang.String,int,int,android.content.Intent)>",
						"<android.app.servertransaction.ActivityResultItem: android.app.servertransaction.ActivityResultItem obtain(java.util.List)>",
						"<android.app.servertransaction.ObjectPool: void <clinit>()>",
						"key field: <android.app.servertransaction.ObjectPool: java.util.Map sPoolMap>",
						"<android.app.servertransaction.ObjectPool: void recycle(android.app.servertransaction.ObjectPoolItem)>"
					],
					"depth":8,
					"method":"<android.view.KeyEvent$Callback: boolean onKeyDown(int,android.view.KeyEvent)>",
					"source":"FIELDCALLER"
				},
				{
					"trace":[
						"<android.content.ContextWrapper: void startActivity(android.content.Intent)>",
						"<android.app.Activity: void startActivity(android.content.Intent)>",
						"<android.app.Activity: void startActivity(android.content.Intent,android.os.Bundle)>",
						"<android.app.Activity: void startActivityForResult(android.content.Intent,int)>",
						"<android.app.Activity: void startActivityForResult(android.content.Intent,int,android.os.Bundle)>",
						"<android.app.ActivityThread: void sendActivityResult(android.os.IBinder,java.lang.String,int,int,android.content.Intent)>",
						"<android.app.servertransaction.ActivityResultItem: android.app.servertransaction.ActivityResultItem obtain(java.util.List)>",
						"<android.app.servertransaction.ObjectPool: void <clinit>()>",
						"key field: <android.app.servertransaction.ObjectPool: java.util.Map sPoolMap>",
						"<android.app.servertransaction.ObjectPool: void recycle(android.app.servertransaction.ObjectPoolItem)>"
					],
					"depth":8,
					"method":"<android.content.ContextWrapper: void startActivity(android.content.Intent)>",
					"source":"FIELDCALLER"
				}
			],
			"callerOfSingnlar2SourceVar":{
				"<android.app.servertransaction.PipStateTransactionItem: void recycle()>":"-1",
				"<android.app.servertransaction.ActivityResultItem: void recycle()>":"-1",
				"<android.app.servertransaction.LaunchActivityItem: void recycle()>":"-1",
				"<android.app.servertransaction.ResumeActivityItem: void recycle()>":"-1",
				"<android.app.servertransaction.ClientTransaction: void recycle()>":"-1",
				"<android.app.servertransaction.PauseActivityItem: void recycle()>":"-1",
				"<android.app.servertransaction.EnterPipRequestedItem: void recycle()>":"-1",
				"<android.app.servertransaction.MoveToDisplayItem: void recycle()>":"-1",
				"<android.app.servertransaction.DestroyActivityItem: void recycle()>":"-1",
				"<android.app.servertransaction.StopActivityItem: void recycle()>":"-1",
				"<android.app.servertransaction.ObjectPool: void recycle(android.app.servertransaction.ObjectPoolItem)>":"0",
				"<android.app.servertransaction.TransferSplashScreenViewStateItem: void recycle()>":"-1",
				"<android.app.servertransaction.StartActivityItem: void recycle()>":"-1",
				"<android.app.servertransaction.TopResumedActivityChangeItem: void recycle()>":"-1",
				"<android.app.servertransaction.ActivityConfigurationChangeItem: void recycle()>":"-1",
				"<android.app.servertransaction.FixedRotationAdjustmentsItem: void recycle()>":"-1",
				"<android.app.servertransaction.NewIntentItem: void recycle()>":"-1",
				"<android.app.servertransaction.ActivityRelaunchItem: void recycle()>":"-1",
				"<android.app.servertransaction.ConfigurationChangeItem: void recycle()>":"-1"
			}
		}
	]
}