{
	"exceptions":[
		{
			"method":"<android.app.time.TimeCapabilities$Builder: void verifyCapabilitySet(int,java.lang.String)>",
			"message":"[\\s\\S]*\\Q was not set\\E",
			"relatedVarType":"Parameter",
			"relatedCondType":"Basic",
			"modifier":"private",
			"type":"java.lang.IllegalStateException",
			"osVersionRelated":false,
			"resourceRelated":false,
			"assessRelated":false,
			"hardwareRelated":false,
			"manifestRelated":false,
			"conditions":"i0 == 0",
			"paramValues":"@parameter0: int",
			"relatedValues":"@parameter0: int; ; ",
			"keyAPISameClassNum":0,
			"keyAPIDiffClassNum":0,
			"keyAPISameClass":[
				{
					"trace":[
						"<android.app.time.TimeCapabilities$Builder: void verifyCapabilitySet(int,java.lang.String)>"
					],
					"depth":0,
					"method":"<android.app.time.TimeCapabilities$Builder: void verifyCapabilitySet(int,java.lang.String)>",
					"source":"CALLER"
				}
			],
			"keyAPIDiffClass":[],
			"callerOfSingnlar2SourceVar":{
				"<android.app.time.TimeCapabilities$Builder: void verifyCapabilitySet(int,java.lang.String)>":"0"
			}
		}
	]
}