{
	"exceptions":[
		{
			"method":"<android.content.DefaultDataHandler: void parseRow(org.xml.sax.Attributes)>",
			"message":"\\Qattribute \\E[\\s\\S]*\\Q parsing failure\\E",
			"relatedVarType":"Parameter",
			"relatedCondType":"Basic",
			"modifier":"private",
			"type":"org.xml.sax.SAXException",
			"osVersionRelated":false,
			"resourceRelated":false,
			"assessRelated":false,
			"hardwareRelated":false,
			"manifestRelated":false,
			"conditions":"r18 == null, r17 == null",
			"paramValues":"@parameter0: org.xml.sax.Attributes",
			"relatedValues":"@parameter0: org.xml.sax.Attributes; ; ",
			"keyAPISameClassNum":0,
			"keyAPIDiffClassNum":0,
			"keyAPISameClass":[
				{
					"trace":[
						"<android.content.DefaultDataHandler: void parseRow(org.xml.sax.Attributes)>"
					],
					"depth":0,
					"method":"<android.content.DefaultDataHandler: void parseRow(org.xml.sax.Attributes)>",
					"source":"CALLER"
				},
				{
					"trace":[
						"<android.content.DefaultDataHandler: void startElement(java.lang.String,java.lang.String,java.lang.String,org.xml.sax.Attributes)>",
						"<android.content.DefaultDataHandler: void parseRow(org.xml.sax.Attributes)>"
					],
					"depth":1,
					"method":"<android.content.DefaultDataHandler: void startElement(java.lang.String,java.lang.String,java.lang.String,org.xml.sax.Attributes)>",
					"source":"CALLER"
				}
			],
			"keyAPIDiffClass":[],
			"callerOfSingnlar2SourceVar":{
				"<android.content.DefaultDataHandler: void parseRow(org.xml.sax.Attributes)>":"0",
				"<android.content.DefaultDataHandler: void startElement(java.lang.String,java.lang.String,java.lang.String,org.xml.sax.Attributes)>":"3"
			}
		},
		{
			"method":"<android.content.DefaultDataHandler: void parseRow(org.xml.sax.Attributes)>",
			"message":"\\Qattribute parsing failure\\E",
			"relatedVarType":"ParaAndField",
			"relatedCondType":"Basic",
			"modifier":"private",
			"type":"org.xml.sax.SAXException",
			"osVersionRelated":false,
			"resourceRelated":false,
			"assessRelated":false,
			"hardwareRelated":false,
			"manifestRelated":false,
			"conditions":"$i0 <= 0, r17 == null",
			"paramValues":"@parameter0: org.xml.sax.Attributes",
			"fieldValues":"<android.content.DefaultDataHandler: java.util.Stack mUris>",
			"relatedValues":"@parameter0: org.xml.sax.Attributes; <android.content.DefaultDataHandler: java.util.Stack mUris>; ",
			"keyAPISameClassNum":3,
			"keyAPIDiffClassNum":0,
			"keyAPISameClass":[
				{
					"trace":[
						"<android.content.DefaultDataHandler: void parseRow(org.xml.sax.Attributes)>"
					],
					"depth":1,
					"method":"<android.content.DefaultDataHandler: void <init>()>",
					"source":"FIELD"
				},
				{
					"trace":[
						"<android.content.DefaultDataHandler: void endElement(java.lang.String,java.lang.String,java.lang.String)>",
						"<android.content.DefaultDataHandler: android.net.Uri insertRow()>",
						"key field: <android.content.DefaultDataHandler: java.util.Stack mUris>",
						"<android.content.DefaultDataHandler: void parseRow(org.xml.sax.Attributes)>"
					],
					"depth":2,
					"method":"<android.content.DefaultDataHandler: void endElement(java.lang.String,java.lang.String,java.lang.String)>",
					"source":"FIELDCALLER"
				},
				{
					"trace":[
						"<android.content.DefaultDataHandler: void startElement(java.lang.String,java.lang.String,java.lang.String,org.xml.sax.Attributes)>",
						"<android.content.DefaultDataHandler: android.net.Uri insertRow()>",
						"key field: <android.content.DefaultDataHandler: java.util.Stack mUris>",
						"<android.content.DefaultDataHandler: void parseRow(org.xml.sax.Attributes)>"
					],
					"depth":2,
					"method":"<android.content.DefaultDataHandler: void startElement(java.lang.String,java.lang.String,java.lang.String,org.xml.sax.Attributes)>",
					"source":"FIELDCALLER"
				}
			],
			"keyAPIDiffClass":[],
			"callerOfSingnlar2SourceVar":{
				"<android.content.DefaultDataHandler: void parseRow(org.xml.sax.Attributes)>":"0",
				"<android.content.DefaultDataHandler: void startElement(java.lang.String,java.lang.String,java.lang.String,org.xml.sax.Attributes)>":"3"
			}
		},
		{
			"method":"<android.content.DefaultDataHandler: void endElement(java.lang.String,java.lang.String,java.lang.String)>",
			"message":"\\Quri mismatch\\E",
			"relatedVarType":"ParaAndField",
			"relatedCondType":"Basic",
			"modifier":"public",
			"type":"org.xml.sax.SAXException",
			"osVersionRelated":false,
			"resourceRelated":false,
			"assessRelated":false,
			"hardwareRelated":false,
			"manifestRelated":false,
			"conditions":"$z1 != 0, $z0 == 0",
			"paramValues":"@parameter1: java.lang.String",
			"fieldValues":"<android.content.DefaultDataHandler: java.util.Stack mUris>",
			"relatedValues":"@parameter1: java.lang.String; <android.content.DefaultDataHandler: java.util.Stack mUris>; ",
			"keyAPISameClassNum":3,
			"keyAPIDiffClassNum":0,
			"keyAPISameClass":[
				{
					"trace":[
						"<android.content.DefaultDataHandler: void endElement(java.lang.String,java.lang.String,java.lang.String)>"
					],
					"depth":1,
					"method":"<android.content.DefaultDataHandler: void <init>()>",
					"source":"FIELD"
				},
				{
					"trace":[
						"<android.content.DefaultDataHandler: void endElement(java.lang.String,java.lang.String,java.lang.String)>",
						"<android.content.DefaultDataHandler: android.net.Uri insertRow()>",
						"key field: <android.content.DefaultDataHandler: java.util.Stack mUris>",
						"<android.content.DefaultDataHandler: void endElement(java.lang.String,java.lang.String,java.lang.String)>"
					],
					"depth":2,
					"method":"<android.content.DefaultDataHandler: void endElement(java.lang.String,java.lang.String,java.lang.String)>",
					"source":"FIELDCALLER"
				},
				{
					"trace":[
						"<android.content.DefaultDataHandler: void startElement(java.lang.String,java.lang.String,java.lang.String,org.xml.sax.Attributes)>",
						"<android.content.DefaultDataHandler: android.net.Uri insertRow()>",
						"key field: <android.content.DefaultDataHandler: java.util.Stack mUris>",
						"<android.content.DefaultDataHandler: void endElement(java.lang.String,java.lang.String,java.lang.String)>"
					],
					"depth":2,
					"method":"<android.content.DefaultDataHandler: void startElement(java.lang.String,java.lang.String,java.lang.String,org.xml.sax.Attributes)>",
					"source":"FIELDCALLER"
				}
			],
			"keyAPIDiffClass":[],
			"callerOfSingnlar2SourceVar":{
				"<android.content.DefaultDataHandler: void endElement(java.lang.String,java.lang.String,java.lang.String)>":"1"
			}
		},
		{
			"method":"<android.content.DefaultDataHandler: void startElement(java.lang.String,java.lang.String,java.lang.String,org.xml.sax.Attributes)>",
			"message":"\\Quri is empty\\E",
			"relatedVarType":"ParaAndField",
			"relatedCondType":"Basic",
			"modifier":"public",
			"type":"org.xml.sax.SAXException",
			"osVersionRelated":false,
			"resourceRelated":false,
			"assessRelated":false,
			"hardwareRelated":false,
			"manifestRelated":false,
			"conditions":"$z3 != 0, $r32 == null, $z0 == 0",
			"paramValues":"@parameter1: java.lang.String",
			"fieldValues":"<android.content.DefaultDataHandler: java.util.Stack mUris>, <android.content.DefaultDataHandler: android.content.ContentValues mValues>",
			"relatedValues":"@parameter1: java.lang.String; <android.content.DefaultDataHandler: java.util.Stack mUris>, <android.content.DefaultDataHandler: android.content.ContentValues mValues>; ",
			"keyAPISameClassNum":3,
			"keyAPIDiffClassNum":0,
			"keyAPISameClass":[
				{
					"trace":[
						"<android.content.DefaultDataHandler: void startElement(java.lang.String,java.lang.String,java.lang.String,org.xml.sax.Attributes)>"
					],
					"depth":1,
					"method":"<android.content.DefaultDataHandler: void <init>()>",
					"source":"FIELD"
				},
				{
					"trace":[
						"<android.content.DefaultDataHandler: void endElement(java.lang.String,java.lang.String,java.lang.String)>",
						"<android.content.DefaultDataHandler: android.net.Uri insertRow()>",
						"key field: <android.content.DefaultDataHandler: java.util.Stack mUris>",
						"<android.content.DefaultDataHandler: void startElement(java.lang.String,java.lang.String,java.lang.String,org.xml.sax.Attributes)>"
					],
					"depth":2,
					"method":"<android.content.DefaultDataHandler: void endElement(java.lang.String,java.lang.String,java.lang.String)>",
					"source":"FIELDCALLER"
				},
				{
					"trace":[
						"<android.content.DefaultDataHandler: void startElement(java.lang.String,java.lang.String,java.lang.String,org.xml.sax.Attributes)>",
						"<android.content.DefaultDataHandler: android.net.Uri insertRow()>",
						"key field: <android.content.DefaultDataHandler: java.util.Stack mUris>",
						"<android.content.DefaultDataHandler: void startElement(java.lang.String,java.lang.String,java.lang.String,org.xml.sax.Attributes)>"
					],
					"depth":2,
					"method":"<android.content.DefaultDataHandler: void startElement(java.lang.String,java.lang.String,java.lang.String,org.xml.sax.Attributes)>",
					"source":"FIELDCALLER"
				}
			],
			"keyAPIDiffClass":[],
			"callerOfSingnlar2SourceVar":{
				"<android.content.DefaultDataHandler: void startElement(java.lang.String,java.lang.String,java.lang.String,org.xml.sax.Attributes)>":"1"
			}
		},
		{
			"method":"<android.content.DefaultDataHandler: void startElement(java.lang.String,java.lang.String,java.lang.String,org.xml.sax.Attributes)>",
			"message":"\\Qillegal attributes number \\E[\\s\\S]*",
			"relatedVarType":"Parameter",
			"relatedCondType":"Basic",
			"modifier":"public",
			"type":"org.xml.sax.SAXException",
			"osVersionRelated":false,
			"resourceRelated":false,
			"assessRelated":false,
			"hardwareRelated":false,
			"manifestRelated":false,
			"conditions":"i9 != 2, $z1 == 0, $z0 == 0",
			"paramValues":"@parameter3: org.xml.sax.Attributes, @parameter1: java.lang.String",
			"relatedValues":"@parameter3: org.xml.sax.Attributes, @parameter1: java.lang.String; ; ",
			"keyAPISameClassNum":0,
			"keyAPIDiffClassNum":0,
			"keyAPISameClass":[
				{
					"trace":[
						"<android.content.DefaultDataHandler: void startElement(java.lang.String,java.lang.String,java.lang.String,org.xml.sax.Attributes)>"
					],
					"depth":0,
					"method":"<android.content.DefaultDataHandler: void startElement(java.lang.String,java.lang.String,java.lang.String,org.xml.sax.Attributes)>",
					"source":"CALLER"
				}
			],
			"keyAPIDiffClass":[],
			"callerOfSingnlar2SourceVar":{
				"<android.content.DefaultDataHandler: void startElement(java.lang.String,java.lang.String,java.lang.String,org.xml.sax.Attributes)>":"3, 1"
			}
		},
		{
			"method":"<android.content.DefaultDataHandler: void startElement(java.lang.String,java.lang.String,java.lang.String,org.xml.sax.Attributes)>",
			"message":"\\Qattribute \\E[\\s\\S]*\\Q parsing failure\\E",
			"relatedVarType":"Parameter",
			"relatedCondType":"Basic",
			"modifier":"public",
			"type":"org.xml.sax.SAXException",
			"osVersionRelated":false,
			"resourceRelated":false,
			"assessRelated":false,
			"hardwareRelated":false,
			"manifestRelated":false,
			"conditions":"r62 == null, $z2 == 0, $z1 == 0",
			"paramValues":"@parameter3: org.xml.sax.Attributes, @parameter1: java.lang.String",
			"relatedValues":"@parameter3: org.xml.sax.Attributes, @parameter1: java.lang.String; ; ",
			"keyAPISameClassNum":0,
			"keyAPIDiffClassNum":0,
			"keyAPISameClass":[
				{
					"trace":[
						"<android.content.DefaultDataHandler: void startElement(java.lang.String,java.lang.String,java.lang.String,org.xml.sax.Attributes)>"
					],
					"depth":0,
					"method":"<android.content.DefaultDataHandler: void startElement(java.lang.String,java.lang.String,java.lang.String,org.xml.sax.Attributes)>",
					"source":"CALLER"
				}
			],
			"keyAPIDiffClass":[],
			"callerOfSingnlar2SourceVar":{
				"<android.content.DefaultDataHandler: void startElement(java.lang.String,java.lang.String,java.lang.String,org.xml.sax.Attributes)>":"3, 1"
			}
		},
		{
			"method":"<android.content.DefaultDataHandler: void startElement(java.lang.String,java.lang.String,java.lang.String,org.xml.sax.Attributes)>",
			"message":"\\Qunknown element: \\E[\\s\\S]*",
			"relatedVarType":"Parameter",
			"relatedCondType":"Basic",
			"modifier":"public",
			"type":"org.xml.sax.SAXException",
			"osVersionRelated":false,
			"resourceRelated":false,
			"assessRelated":false,
			"hardwareRelated":false,
			"manifestRelated":false,
			"conditions":"$z2 == 0, $z1 == 0, $z0 == 0",
			"paramValues":"@parameter1: java.lang.String",
			"relatedValues":"@parameter1: java.lang.String; ; ",
			"keyAPISameClassNum":0,
			"keyAPIDiffClassNum":0,
			"keyAPISameClass":[
				{
					"trace":[
						"<android.content.DefaultDataHandler: void startElement(java.lang.String,java.lang.String,java.lang.String,org.xml.sax.Attributes)>"
					],
					"depth":0,
					"method":"<android.content.DefaultDataHandler: void startElement(java.lang.String,java.lang.String,java.lang.String,org.xml.sax.Attributes)>",
					"source":"CALLER"
				}
			],
			"keyAPIDiffClass":[],
			"callerOfSingnlar2SourceVar":{
				"<android.content.DefaultDataHandler: void startElement(java.lang.String,java.lang.String,java.lang.String,org.xml.sax.Attributes)>":"1"
			}
		},
		{
			"method":"<android.content.DefaultDataHandler: void startElement(java.lang.String,java.lang.String,java.lang.String,org.xml.sax.Attributes)>",
			"message":"\\Qillegal attributes value\\E",
			"relatedVarType":"Parameter",
			"relatedCondType":"Basic",
			"modifier":"public",
			"type":"org.xml.sax.SAXException",
			"osVersionRelated":false,
			"resourceRelated":false,
			"assessRelated":false,
			"hardwareRelated":false,
			"manifestRelated":false,
			"conditions":"r58 == null, i9 != 2, $z1 == 0",
			"paramValues":"@parameter3: org.xml.sax.Attributes, @parameter1: java.lang.String",
			"relatedValues":"@parameter3: org.xml.sax.Attributes, @parameter1: java.lang.String; ; ",
			"keyAPISameClassNum":0,
			"keyAPIDiffClassNum":0,
			"keyAPISameClass":[
				{
					"trace":[
						"<android.content.DefaultDataHandler: void startElement(java.lang.String,java.lang.String,java.lang.String,org.xml.sax.Attributes)>"
					],
					"depth":0,
					"method":"<android.content.DefaultDataHandler: void startElement(java.lang.String,java.lang.String,java.lang.String,org.xml.sax.Attributes)>",
					"source":"CALLER"
				}
			],
			"keyAPIDiffClass":[],
			"callerOfSingnlar2SourceVar":{
				"<android.content.DefaultDataHandler: void startElement(java.lang.String,java.lang.String,java.lang.String,org.xml.sax.Attributes)>":"3, 1"
			}
		},
		{
			"method":"<android.content.DefaultDataHandler: void startElement(java.lang.String,java.lang.String,java.lang.String,org.xml.sax.Attributes)>",
			"message":"\\Qinsert to uri \\E[\\s\\S]*\\Q failure\\E",
			"relatedVarType":"Field",
			"relatedCondType":"Basic",
			"modifier":"public",
			"type":"org.xml.sax.SAXException",
			"osVersionRelated":false,
			"resourceRelated":false,
			"assessRelated":false,
			"hardwareRelated":false,
			"manifestRelated":false,
			"conditions":"r55 == null, $z3 != 0, $r32 == null",
			"fieldValues":"<android.content.DefaultDataHandler: java.util.Stack mUris>, <android.content.DefaultDataHandler: android.content.ContentValues mValues>",
			"relatedValues":"; <android.content.DefaultDataHandler: java.util.Stack mUris>, <android.content.DefaultDataHandler: android.content.ContentValues mValues>; ",
			"keyAPISameClassNum":3,
			"keyAPIDiffClassNum":0,
			"keyAPISameClass":[
				{
					"trace":[
						"<android.content.DefaultDataHandler: void startElement(java.lang.String,java.lang.String,java.lang.String,org.xml.sax.Attributes)>"
					],
					"depth":1,
					"method":"<android.content.DefaultDataHandler: void <init>()>",
					"source":"FIELD"
				},
				{
					"trace":[
						"<android.content.DefaultDataHandler: void endElement(java.lang.String,java.lang.String,java.lang.String)>",
						"<android.content.DefaultDataHandler: android.net.Uri insertRow()>",
						"key field: <android.content.DefaultDataHandler: java.util.Stack mUris>",
						"<android.content.DefaultDataHandler: void startElement(java.lang.String,java.lang.String,java.lang.String,org.xml.sax.Attributes)>"
					],
					"depth":2,
					"method":"<android.content.DefaultDataHandler: void endElement(java.lang.String,java.lang.String,java.lang.String)>",
					"source":"FIELDCALLER"
				},
				{
					"trace":[
						"<android.content.DefaultDataHandler: void startElement(java.lang.String,java.lang.String,java.lang.String,org.xml.sax.Attributes)>",
						"<android.content.DefaultDataHandler: android.net.Uri insertRow()>",
						"key field: <android.content.DefaultDataHandler: java.util.Stack mUris>",
						"<android.content.DefaultDataHandler: void startElement(java.lang.String,java.lang.String,java.lang.String,org.xml.sax.Attributes)>"
					],
					"depth":2,
					"method":"<android.content.DefaultDataHandler: void startElement(java.lang.String,java.lang.String,java.lang.String,org.xml.sax.Attributes)>",
					"source":"FIELDCALLER"
				}
			],
			"keyAPIDiffClass":[],
			"callerOfSingnlar2SourceVar":{}
		}
	]
}