{
	"exceptions":[
		{
			"method":"<android.app.job.JobParameters: void completeWork(android.app.job.JobWorkItem)>",
			"message":"[\\s\\S]*",
			"relatedVarType":"Parameter",
			"relatedCondType":"Basic",
			"modifier":"public",
			"type":"java.lang.RuntimeException",
			"osVersionRelated":false,
			"resourceRelated":false,
			"assessRelated":false,
			"hardwareRelated":false,
			"manifestRelated":false,
			"conditions":"$z0 == 0",
			"paramValues":"@parameter0: android.app.job.JobWorkItem",
			"caughtValues":"@caughtexception",
			"relatedValues":"@parameter0: android.app.job.JobWorkItem; ; @caughtexception",
			"keyAPISameClassNum":0,
			"keyAPIDiffClassNum":0,
			"keyAPISameClass":[
				{
					"trace":[
						"<android.app.job.JobParameters: void completeWork(android.app.job.JobWorkItem)>"
					],
					"depth":0,
					"method":"<android.app.job.JobParameters: void completeWork(android.app.job.JobWorkItem)>",
					"source":"CALLER"
				}
			],
			"keyAPIDiffClass":[],
			"callerOfSingnlar2SourceVar":{
				"<android.app.job.JobParameters: void completeWork(android.app.job.JobWorkItem)>":"0"
			}
		},
		{
			"method":"<android.app.job.JobParameters: void completeWork(android.app.job.JobWorkItem)>",
			"message":"\\QGiven work is not active: \\E[\\s\\S]*",
			"relatedVarType":"Parameter",
			"relatedCondType":"Basic",
			"modifier":"public",
			"type":"java.lang.IllegalArgumentException",
			"osVersionRelated":false,
			"resourceRelated":false,
			"assessRelated":false,
			"hardwareRelated":false,
			"manifestRelated":false,
			"conditions":"$z0 == 0",
			"paramValues":"@parameter0: android.app.job.JobWorkItem",
			"relatedValues":"@parameter0: android.app.job.JobWorkItem; ; ",
			"keyAPISameClassNum":0,
			"keyAPIDiffClassNum":0,
			"keyAPISameClass":[
				{
					"trace":[
						"<android.app.job.JobParameters: void completeWork(android.app.job.JobWorkItem)>"
					],
					"depth":0,
					"method":"<android.app.job.JobParameters: void completeWork(android.app.job.JobWorkItem)>",
					"source":"CALLER"
				}
			],
			"keyAPIDiffClass":[],
			"callerOfSingnlar2SourceVar":{
				"<android.app.job.JobParameters: void completeWork(android.app.job.JobWorkItem)>":"0"
			}
		},
		{
			"method":"<android.app.job.JobParameters: android.app.job.JobWorkItem dequeueWork()>",
			"message":"[\\s\\S]*",
			"relatedVarType":"Unknown",
			"relatedCondType":"Empty",
			"modifier":"public",
			"type":"java.lang.RuntimeException",
			"osVersionRelated":false,
			"resourceRelated":false,
			"assessRelated":false,
			"hardwareRelated":false,
			"manifestRelated":false,
			"caughtValues":"@caughtexception",
			"relatedValues":"; ; @caughtexception",
			"keyAPISameClassNum":0,
			"keyAPIDiffClassNum":0,
			"keyAPISameClass":[],
			"keyAPIDiffClass":[],
			"callerOfSingnlar2SourceVar":{}
		}
	]
}