{
	"exceptions":[
		{
			"method":"<android.accounts.IAccountManagerResponse$Stub: boolean setDefaultImpl(android.accounts.IAccountManagerResponse)>",
			"message":"\\QsetDefaultImpl() called twice\\E",
			"relatedVarType":"Field",
			"relatedCondType":"Basic",
			"modifier":"public",
			"type":"java.lang.IllegalStateException",
			"osVersionRelated":false,
			"resourceRelated":false,
			"assessRelated":false,
			"hardwareRelated":true,
			"manifestRelated":false,
			"conditions":"$r0 != null",
			"fieldValues":"<android.accounts.IAccountManagerResponse$Stub$Proxy: android.accounts.IAccountManagerResponse sDefaultImpl>",
			"relatedValues":"; <android.accounts.IAccountManagerResponse$Stub$Proxy: android.accounts.IAccountManagerResponse sDefaultImpl>; ",
			"keyAPISameClassNum":1,
			"keyAPIDiffClassNum":0,
			"keyAPISameClass":[
				{
					"trace":[
						"<android.accounts.IAccountManagerResponse$Stub: boolean setDefaultImpl(android.accounts.IAccountManagerResponse)>"
					],
					"depth":1,
					"method":"<android.accounts.IAccountManagerResponse$Stub: boolean setDefaultImpl(android.accounts.IAccountManagerResponse)>",
					"source":"FIELD"
				}
			],
			"keyAPIDiffClass":[],
			"callerOfSingnlar2SourceVar":{}
		}
	]
}