{
	"exceptions":[
		{
			"method":"<android.bluetooth.BluetoothPan: boolean connect(android.bluetooth.BluetoothDevice)>",
			"message":"[\\s\\S]*",
			"relatedVarType":"Parameter",
			"relatedCondType":"Basic",
			"modifier":"public",
			"type":"java.lang.Throwable",
			"osVersionRelated":false,
			"resourceRelated":false,
			"assessRelated":false,
			"hardwareRelated":false,
			"manifestRelated":false,
			"conditions":"$z1 == 0, $z0 == 0, r16 == null",
			"paramValues":"@parameter0: android.bluetooth.BluetoothDevice",
			"caughtValues":"@caughtexception",
			"relatedValues":"@parameter0: android.bluetooth.BluetoothDevice; ; @caughtexception",
			"keyAPISameClassNum":0,
			"keyAPIDiffClassNum":0,
			"keyAPISameClass":[
				{
					"trace":[
						"<android.bluetooth.BluetoothPan: boolean connect(android.bluetooth.BluetoothDevice)>"
					],
					"depth":0,
					"method":"<android.bluetooth.BluetoothPan: boolean connect(android.bluetooth.BluetoothDevice)>",
					"source":"CALLER"
				}
			],
			"keyAPIDiffClass":[],
			"callerOfSingnlar2SourceVar":{
				"<android.bluetooth.BluetoothPan: boolean connect(android.bluetooth.BluetoothDevice)>":"0"
			}
		},
		{
			"method":"<android.bluetooth.BluetoothPan: boolean disconnect(android.bluetooth.BluetoothDevice)>",
			"message":"[\\s\\S]*",
			"relatedVarType":"Parameter",
			"relatedCondType":"Basic",
			"modifier":"public",
			"type":"java.lang.Throwable",
			"osVersionRelated":false,
			"resourceRelated":false,
			"assessRelated":false,
			"hardwareRelated":false,
			"manifestRelated":false,
			"conditions":"$z1 == 0, $z0 == 0, r16 == null",
			"paramValues":"@parameter0: android.bluetooth.BluetoothDevice",
			"caughtValues":"@caughtexception",
			"relatedValues":"@parameter0: android.bluetooth.BluetoothDevice; ; @caughtexception",
			"keyAPISameClassNum":0,
			"keyAPIDiffClassNum":0,
			"keyAPISameClass":[
				{
					"trace":[
						"<android.bluetooth.BluetoothPan: boolean disconnect(android.bluetooth.BluetoothDevice)>"
					],
					"depth":0,
					"method":"<android.bluetooth.BluetoothPan: boolean disconnect(android.bluetooth.BluetoothDevice)>",
					"source":"CALLER"
				}
			],
			"keyAPIDiffClass":[],
			"callerOfSingnlar2SourceVar":{
				"<android.bluetooth.BluetoothPan: boolean disconnect(android.bluetooth.BluetoothDevice)>":"0"
			}
		},
		{
			"method":"<android.bluetooth.BluetoothPan: java.util.List getConnectedDevices()>",
			"message":"[\\s\\S]*",
			"relatedVarType":"Unknown",
			"relatedCondType":"Basic",
			"modifier":"public",
			"type":"java.lang.Throwable",
			"osVersionRelated":false,
			"resourceRelated":false,
			"assessRelated":false,
			"hardwareRelated":false,
			"manifestRelated":false,
			"conditions":"$z0 == 0, r13 == null",
			"caughtValues":"@caughtexception",
			"relatedValues":"; ; @caughtexception",
			"keyAPISameClassNum":0,
			"keyAPIDiffClassNum":0,
			"keyAPISameClass":[],
			"keyAPIDiffClass":[],
			"callerOfSingnlar2SourceVar":{}
		},
		{
			"method":"<android.bluetooth.BluetoothPan: int getConnectionState(android.bluetooth.BluetoothDevice)>",
			"message":"[\\s\\S]*",
			"relatedVarType":"Parameter",
			"relatedCondType":"Basic",
			"modifier":"public",
			"type":"java.lang.Throwable",
			"osVersionRelated":false,
			"resourceRelated":false,
			"assessRelated":false,
			"hardwareRelated":false,
			"manifestRelated":false,
			"conditions":"$z1 == 0, $z0 == 0, r1 == null",
			"paramValues":"@parameter0: android.bluetooth.BluetoothDevice",
			"caughtValues":"@caughtexception",
			"relatedValues":"@parameter0: android.bluetooth.BluetoothDevice; ; @caughtexception",
			"keyAPISameClassNum":0,
			"keyAPIDiffClassNum":0,
			"keyAPISameClass":[
				{
					"trace":[
						"<android.bluetooth.BluetoothPan: int getConnectionState(android.bluetooth.BluetoothDevice)>"
					],
					"depth":0,
					"method":"<android.bluetooth.BluetoothPan: int getConnectionState(android.bluetooth.BluetoothDevice)>",
					"source":"CALLER"
				}
			],
			"keyAPIDiffClass":[],
			"callerOfSingnlar2SourceVar":{
				"<android.bluetooth.BluetoothPan: int getConnectionState(android.bluetooth.BluetoothDevice)>":"0"
			}
		},
		{
			"method":"<android.bluetooth.BluetoothPan: java.util.List getDevicesMatchingConnectionStates(int[])>",
			"message":"[\\s\\S]*",
			"relatedVarType":"Unknown",
			"relatedCondType":"Basic",
			"modifier":"public",
			"type":"java.lang.Throwable",
			"osVersionRelated":false,
			"resourceRelated":false,
			"assessRelated":false,
			"hardwareRelated":false,
			"manifestRelated":false,
			"conditions":"$z0 == 0, r1 == null",
			"caughtValues":"@caughtexception",
			"relatedValues":"; ; @caughtexception",
			"keyAPISameClassNum":0,
			"keyAPIDiffClassNum":0,
			"keyAPISameClass":[],
			"keyAPIDiffClass":[],
			"callerOfSingnlar2SourceVar":{}
		},
		{
			"method":"<android.bluetooth.BluetoothPan: boolean isTetheringOn()>",
			"message":"[\\s\\S]*",
			"relatedVarType":"Unknown",
			"relatedCondType":"Basic",
			"modifier":"public",
			"type":"java.lang.Throwable",
			"osVersionRelated":false,
			"resourceRelated":false,
			"assessRelated":false,
			"hardwareRelated":false,
			"manifestRelated":false,
			"conditions":"$z0 == 0, r9 == null",
			"caughtValues":"@caughtexception",
			"relatedValues":"; ; @caughtexception",
			"keyAPISameClassNum":0,
			"keyAPIDiffClassNum":0,
			"keyAPISameClass":[],
			"keyAPIDiffClass":[],
			"callerOfSingnlar2SourceVar":{}
		},
		{
			"method":"<android.bluetooth.BluetoothPan: void setBluetoothTethering(boolean)>",
			"message":"[\\s\\S]*",
			"relatedVarType":"Unknown",
			"relatedCondType":"Basic",
			"modifier":"public",
			"type":"java.lang.Throwable",
			"osVersionRelated":false,
			"resourceRelated":false,
			"assessRelated":false,
			"hardwareRelated":false,
			"manifestRelated":false,
			"conditions":"$z1 == 0, r18 == null",
			"caughtValues":"@caughtexception",
			"relatedValues":"; ; @caughtexception",
			"keyAPISameClassNum":0,
			"keyAPIDiffClassNum":0,
			"keyAPISameClass":[],
			"keyAPIDiffClass":[],
			"callerOfSingnlar2SourceVar":{}
		},
		{
			"method":"<android.bluetooth.BluetoothPan: boolean setConnectionPolicy(android.bluetooth.BluetoothDevice,int)>",
			"message":"[\\s\\S]*",
			"relatedVarType":"Unknown",
			"relatedCondType":"Basic",
			"modifier":"public",
			"type":"java.lang.Throwable",
			"osVersionRelated":false,
			"resourceRelated":false,
			"assessRelated":false,
			"hardwareRelated":false,
			"manifestRelated":false,
			"conditions":"r18 == null, $z0 == 0",
			"caughtValues":"@caughtexception",
			"relatedValues":"; ; @caughtexception",
			"keyAPISameClassNum":0,
			"keyAPIDiffClassNum":0,
			"keyAPISameClass":[],
			"keyAPIDiffClass":[],
			"callerOfSingnlar2SourceVar":{}
		}
	]
}