{
	"exceptions":[
		{
			"method":"<android.app.DownloadManager$Request: void <init>(android.net.Uri)>",
			"message":"[\\s\\S]*",
			"relatedVarType":"Parameter",
			"relatedCondType":"Basic",
			"modifier":"public",
			"type":"java.lang.NullPointerException",
			"osVersionRelated":false,
			"resourceRelated":false,
			"assessRelated":false,
			"hardwareRelated":false,
			"manifestRelated":false,
			"conditions":"r2 == null",
			"paramValues":"@parameter0: android.net.Uri",
			"relatedValues":"@parameter0: android.net.Uri; ; ",
			"keyAPISameClassNum":0,
			"keyAPIDiffClassNum":0,
			"keyAPISameClass":[
				{
					"trace":[
						"<android.app.DownloadManager$Request: void <init>(android.net.Uri)>"
					],
					"depth":0,
					"method":"<android.app.DownloadManager$Request: void <init>(android.net.Uri)>",
					"source":"CALLER"
				}
			],
			"keyAPIDiffClass":[
				{
					"trace":[
						"<android.app.DownloadManager: long addCompletedDownload(java.lang.String,java.lang.String,boolean,java.lang.String,java.lang.String,long,boolean,boolean,android.net.Uri,android.net.Uri)>",
						"<android.app.DownloadManager$Request: void <init>(android.net.Uri)>"
					],
					"depth":1,
					"method":"<android.app.DownloadManager: long addCompletedDownload(java.lang.String,java.lang.String,boolean,java.lang.String,java.lang.String,long,boolean,boolean,android.net.Uri,android.net.Uri)>",
					"source":"CALLER"
				},
				{
					"trace":[
						"<android.app.DownloadManager: long addCompletedDownload(java.lang.String,java.lang.String,boolean,java.lang.String,java.lang.String,long,boolean,android.net.Uri,android.net.Uri)>",
						"<android.app.DownloadManager: long addCompletedDownload(java.lang.String,java.lang.String,boolean,java.lang.String,java.lang.String,long,boolean,boolean,android.net.Uri,android.net.Uri)>",
						"<android.app.DownloadManager$Request: void <init>(android.net.Uri)>"
					],
					"depth":2,
					"method":"<android.app.DownloadManager: long addCompletedDownload(java.lang.String,java.lang.String,boolean,java.lang.String,java.lang.String,long,boolean,android.net.Uri,android.net.Uri)>",
					"source":"CALLER"
				}
			],
			"callerOfSingnlar2SourceVar":{
				"<android.app.DownloadManager$Request: void <init>(android.net.Uri)>":"0",
				"<android.app.DownloadManager: long addCompletedDownload(java.lang.String,java.lang.String,boolean,java.lang.String,java.lang.String,long,boolean,android.net.Uri,android.net.Uri)>":"7",
				"<android.app.DownloadManager: long addCompletedDownload(java.lang.String,java.lang.String,boolean,java.lang.String,java.lang.String,long,boolean,boolean,android.net.Uri,android.net.Uri)>":"8"
			}
		},
		{
			"method":"<android.app.DownloadManager$Request: void <init>(android.net.Uri)>",
			"message":"\\QCan only download HTTP/HTTPS URIs: \\E[\\s\\S]*",
			"relatedVarType":"Parameter",
			"relatedCondType":"Basic",
			"modifier":"public",
			"type":"java.lang.IllegalArgumentException",
			"osVersionRelated":false,
			"resourceRelated":false,
			"assessRelated":false,
			"hardwareRelated":false,
			"manifestRelated":false,
			"conditions":"r9 == null, r2 == null, $z1 == 0",
			"paramValues":"@parameter0: android.net.Uri",
			"relatedValues":"@parameter0: android.net.Uri; ; ",
			"keyAPISameClassNum":0,
			"keyAPIDiffClassNum":0,
			"keyAPISameClass":[
				{
					"trace":[
						"<android.app.DownloadManager$Request: void <init>(android.net.Uri)>"
					],
					"depth":0,
					"method":"<android.app.DownloadManager$Request: void <init>(android.net.Uri)>",
					"source":"CALLER"
				}
			],
			"keyAPIDiffClass":[
				{
					"trace":[
						"<android.app.DownloadManager: long addCompletedDownload(java.lang.String,java.lang.String,boolean,java.lang.String,java.lang.String,long,boolean,boolean,android.net.Uri,android.net.Uri)>",
						"<android.app.DownloadManager$Request: void <init>(android.net.Uri)>"
					],
					"depth":1,
					"method":"<android.app.DownloadManager: long addCompletedDownload(java.lang.String,java.lang.String,boolean,java.lang.String,java.lang.String,long,boolean,boolean,android.net.Uri,android.net.Uri)>",
					"source":"CALLER"
				},
				{
					"trace":[
						"<android.app.DownloadManager: long addCompletedDownload(java.lang.String,java.lang.String,boolean,java.lang.String,java.lang.String,long,boolean,android.net.Uri,android.net.Uri)>",
						"<android.app.DownloadManager: long addCompletedDownload(java.lang.String,java.lang.String,boolean,java.lang.String,java.lang.String,long,boolean,boolean,android.net.Uri,android.net.Uri)>",
						"<android.app.DownloadManager$Request: void <init>(android.net.Uri)>"
					],
					"depth":2,
					"method":"<android.app.DownloadManager: long addCompletedDownload(java.lang.String,java.lang.String,boolean,java.lang.String,java.lang.String,long,boolean,android.net.Uri,android.net.Uri)>",
					"source":"CALLER"
				}
			],
			"callerOfSingnlar2SourceVar":{
				"<android.app.DownloadManager$Request: void <init>(android.net.Uri)>":"0",
				"<android.app.DownloadManager: long addCompletedDownload(java.lang.String,java.lang.String,boolean,java.lang.String,java.lang.String,long,boolean,android.net.Uri,android.net.Uri)>":"7",
				"<android.app.DownloadManager: long addCompletedDownload(java.lang.String,java.lang.String,boolean,java.lang.String,java.lang.String,long,boolean,boolean,android.net.Uri,android.net.Uri)>":"8"
			}
		},
		{
			"method":"<android.app.DownloadManager$Request: void setDestinationFromBase(java.io.File,java.lang.String)>",
			"message":"\\QsubPath cannot be null\\E",
			"relatedVarType":"Parameter",
			"relatedCondType":"Basic",
			"modifier":"private",
			"type":"java.lang.NullPointerException",
			"osVersionRelated":false,
			"resourceRelated":false,
			"assessRelated":false,
			"hardwareRelated":false,
			"manifestRelated":false,
			"conditions":"r0 == null",
			"paramValues":"@parameter1: java.lang.String",
			"relatedValues":"@parameter1: java.lang.String; ; ",
			"keyAPISameClassNum":0,
			"keyAPIDiffClassNum":0,
			"keyAPISameClass":[
				{
					"trace":[
						"<android.app.DownloadManager$Request: void setDestinationFromBase(java.io.File,java.lang.String)>"
					],
					"depth":0,
					"method":"<android.app.DownloadManager$Request: void setDestinationFromBase(java.io.File,java.lang.String)>",
					"source":"CALLER"
				},
				{
					"trace":[
						"<android.app.DownloadManager$Request: android.app.DownloadManager$Request setDestinationInExternalFilesDir(android.content.Context,java.lang.String,java.lang.String)>",
						"<android.app.DownloadManager$Request: void setDestinationFromBase(java.io.File,java.lang.String)>"
					],
					"depth":1,
					"method":"<android.app.DownloadManager$Request: android.app.DownloadManager$Request setDestinationInExternalFilesDir(android.content.Context,java.lang.String,java.lang.String)>",
					"source":"CALLER"
				},
				{
					"trace":[
						"<android.app.DownloadManager$Request: android.app.DownloadManager$Request setDestinationInExternalPublicDir(java.lang.String,java.lang.String)>",
						"<android.app.DownloadManager$Request: void setDestinationFromBase(java.io.File,java.lang.String)>"
					],
					"depth":1,
					"method":"<android.app.DownloadManager$Request: android.app.DownloadManager$Request setDestinationInExternalPublicDir(java.lang.String,java.lang.String)>",
					"source":"CALLER"
				}
			],
			"keyAPIDiffClass":[],
			"callerOfSingnlar2SourceVar":{
				"<android.app.DownloadManager$Request: android.app.DownloadManager$Request setDestinationInExternalPublicDir(java.lang.String,java.lang.String)>":"1",
				"<android.app.DownloadManager$Request: android.app.DownloadManager$Request setDestinationInExternalFilesDir(android.content.Context,java.lang.String,java.lang.String)>":"2",
				"<android.app.DownloadManager$Request: void setDestinationFromBase(java.io.File,java.lang.String)>":"1"
			}
		},
		{
			"method":"<android.app.DownloadManager$Request: android.app.DownloadManager$Request addRequestHeader(java.lang.String,java.lang.String)>",
			"message":"\\Qheader may not contain ':'\\E",
			"relatedVarType":"Parameter",
			"relatedCondType":"Basic",
			"modifier":"public",
			"type":"java.lang.IllegalArgumentException",
			"osVersionRelated":false,
			"resourceRelated":false,
			"assessRelated":false,
			"hardwareRelated":false,
			"manifestRelated":false,
			"conditions":"$z0 != 0, r0 == null",
			"paramValues":"@parameter0: java.lang.String",
			"relatedValues":"@parameter0: java.lang.String; ; ",
			"keyAPISameClassNum":0,
			"keyAPIDiffClassNum":0,
			"keyAPISameClass":[
				{
					"trace":[
						"<android.app.DownloadManager$Request: android.app.DownloadManager$Request addRequestHeader(java.lang.String,java.lang.String)>"
					],
					"depth":0,
					"method":"<android.app.DownloadManager$Request: android.app.DownloadManager$Request addRequestHeader(java.lang.String,java.lang.String)>",
					"source":"CALLER"
				}
			],
			"keyAPIDiffClass":[],
			"callerOfSingnlar2SourceVar":{
				"<android.app.DownloadManager$Request: android.app.DownloadManager$Request addRequestHeader(java.lang.String,java.lang.String)>":"0"
			}
		},
		{
			"method":"<android.app.DownloadManager$Request: android.app.DownloadManager$Request addRequestHeader(java.lang.String,java.lang.String)>",
			"message":"\\Qheader cannot be null\\E",
			"relatedVarType":"Parameter",
			"relatedCondType":"Basic",
			"modifier":"public",
			"type":"java.lang.NullPointerException",
			"osVersionRelated":false,
			"resourceRelated":false,
			"assessRelated":false,
			"hardwareRelated":false,
			"manifestRelated":false,
			"conditions":"r0 == null",
			"paramValues":"@parameter0: java.lang.String",
			"relatedValues":"@parameter0: java.lang.String; ; ",
			"keyAPISameClassNum":0,
			"keyAPIDiffClassNum":0,
			"keyAPISameClass":[
				{
					"trace":[
						"<android.app.DownloadManager$Request: android.app.DownloadManager$Request addRequestHeader(java.lang.String,java.lang.String)>"
					],
					"depth":0,
					"method":"<android.app.DownloadManager$Request: android.app.DownloadManager$Request addRequestHeader(java.lang.String,java.lang.String)>",
					"source":"CALLER"
				}
			],
			"keyAPIDiffClass":[],
			"callerOfSingnlar2SourceVar":{
				"<android.app.DownloadManager$Request: android.app.DownloadManager$Request addRequestHeader(java.lang.String,java.lang.String)>":"0"
			}
		},
		{
			"method":"<android.app.DownloadManager$Request: android.app.DownloadManager$Request setDestinationInExternalFilesDir(android.content.Context,java.lang.String,java.lang.String)>",
			"message":"\\QFailed to get external storage files directory\\E",
			"relatedVarType":"Parameter",
			"relatedCondType":"Basic",
			"modifier":"public",
			"type":"java.lang.IllegalStateException",
			"osVersionRelated":false,
			"resourceRelated":false,
			"assessRelated":false,
			"hardwareRelated":false,
			"manifestRelated":false,
			"conditions":"r17 == null",
			"paramValues":"@parameter1: java.lang.String, @parameter0: android.content.Context",
			"relatedValues":"@parameter1: java.lang.String, @parameter0: android.content.Context; ; ",
			"keyAPISameClassNum":0,
			"keyAPIDiffClassNum":0,
			"keyAPISameClass":[
				{
					"trace":[
						"<android.app.DownloadManager$Request: android.app.DownloadManager$Request setDestinationInExternalFilesDir(android.content.Context,java.lang.String,java.lang.String)>"
					],
					"depth":0,
					"method":"<android.app.DownloadManager$Request: android.app.DownloadManager$Request setDestinationInExternalFilesDir(android.content.Context,java.lang.String,java.lang.String)>",
					"source":"CALLER"
				}
			],
			"keyAPIDiffClass":[],
			"callerOfSingnlar2SourceVar":{
				"<android.app.DownloadManager$Request: android.app.DownloadManager$Request setDestinationInExternalFilesDir(android.content.Context,java.lang.String,java.lang.String)>":"1, 0"
			}
		},
		{
			"method":"<android.app.DownloadManager$Request: android.app.DownloadManager$Request setDestinationInExternalFilesDir(android.content.Context,java.lang.String,java.lang.String)>",
			"message":"\\QUnable to create directory: \\E[\\s\\S]*",
			"relatedVarType":"Parameter",
			"relatedCondType":"Basic",
			"modifier":"public",
			"type":"java.lang.IllegalStateException",
			"osVersionRelated":false,
			"resourceRelated":false,
			"assessRelated":false,
			"hardwareRelated":false,
			"manifestRelated":false,
			"conditions":"$z1 == 0, $z0 == 0, r17 == null",
			"paramValues":"@parameter1: java.lang.String, @parameter0: android.content.Context",
			"relatedValues":"@parameter1: java.lang.String, @parameter0: android.content.Context; ; ",
			"keyAPISameClassNum":0,
			"keyAPIDiffClassNum":0,
			"keyAPISameClass":[
				{
					"trace":[
						"<android.app.DownloadManager$Request: android.app.DownloadManager$Request setDestinationInExternalFilesDir(android.content.Context,java.lang.String,java.lang.String)>"
					],
					"depth":0,
					"method":"<android.app.DownloadManager$Request: android.app.DownloadManager$Request setDestinationInExternalFilesDir(android.content.Context,java.lang.String,java.lang.String)>",
					"source":"CALLER"
				}
			],
			"keyAPIDiffClass":[],
			"callerOfSingnlar2SourceVar":{
				"<android.app.DownloadManager$Request: android.app.DownloadManager$Request setDestinationInExternalFilesDir(android.content.Context,java.lang.String,java.lang.String)>":"1, 0"
			}
		},
		{
			"method":"<android.app.DownloadManager$Request: android.app.DownloadManager$Request setDestinationInExternalFilesDir(android.content.Context,java.lang.String,java.lang.String)>",
			"message":"[\\s\\S]*\\Q already exists and is not a directory\\E",
			"relatedVarType":"Parameter",
			"relatedCondType":"Basic",
			"modifier":"public",
			"type":"java.lang.IllegalStateException",
			"osVersionRelated":false,
			"resourceRelated":false,
			"assessRelated":false,
			"hardwareRelated":false,
			"manifestRelated":false,
			"conditions":"$z2 == 0, $z0 == 0, r17 == null",
			"paramValues":"@parameter1: java.lang.String, @parameter0: android.content.Context",
			"relatedValues":"@parameter1: java.lang.String, @parameter0: android.content.Context; ; ",
			"keyAPISameClassNum":0,
			"keyAPIDiffClassNum":0,
			"keyAPISameClass":[
				{
					"trace":[
						"<android.app.DownloadManager$Request: android.app.DownloadManager$Request setDestinationInExternalFilesDir(android.content.Context,java.lang.String,java.lang.String)>"
					],
					"depth":0,
					"method":"<android.app.DownloadManager$Request: android.app.DownloadManager$Request setDestinationInExternalFilesDir(android.content.Context,java.lang.String,java.lang.String)>",
					"source":"CALLER"
				}
			],
			"keyAPIDiffClass":[],
			"callerOfSingnlar2SourceVar":{
				"<android.app.DownloadManager$Request: android.app.DownloadManager$Request setDestinationInExternalFilesDir(android.content.Context,java.lang.String,java.lang.String)>":"1, 0"
			}
		},
		{
			"method":"<android.app.DownloadManager$Request: android.app.DownloadManager$Request setDestinationInExternalPublicDir(java.lang.String,java.lang.String)>",
			"message":"[\\s\\S]*\\Q already exists and is not a directory\\E",
			"relatedVarType":"Parameter",
			"relatedCondType":"Basic",
			"modifier":"public",
			"type":"java.lang.IllegalStateException",
			"osVersionRelated":false,
			"resourceRelated":false,
			"assessRelated":false,
			"hardwareRelated":false,
			"manifestRelated":false,
			"conditions":"$z3 == 0, $z1 == 0, $z0 != 0",
			"paramValues":"@parameter0: java.lang.String",
			"relatedValues":"@parameter0: java.lang.String; ; ",
			"keyAPISameClassNum":0,
			"keyAPIDiffClassNum":0,
			"keyAPISameClass":[
				{
					"trace":[
						"<android.app.DownloadManager$Request: android.app.DownloadManager$Request setDestinationInExternalPublicDir(java.lang.String,java.lang.String)>"
					],
					"depth":0,
					"method":"<android.app.DownloadManager$Request: android.app.DownloadManager$Request setDestinationInExternalPublicDir(java.lang.String,java.lang.String)>",
					"source":"CALLER"
				}
			],
			"keyAPIDiffClass":[],
			"callerOfSingnlar2SourceVar":{
				"<android.app.DownloadManager$Request: android.app.DownloadManager$Request setDestinationInExternalPublicDir(java.lang.String,java.lang.String)>":"0"
			}
		},
		{
			"method":"<android.app.DownloadManager$Request: android.app.DownloadManager$Request setDestinationInExternalPublicDir(java.lang.String,java.lang.String)>",
			"message":"\\QUnable to create directory: \\E[\\s\\S]*",
			"relatedVarType":"Parameter",
			"relatedCondType":"Basic",
			"modifier":"public",
			"type":"java.lang.IllegalStateException",
			"osVersionRelated":false,
			"resourceRelated":false,
			"assessRelated":false,
			"hardwareRelated":false,
			"manifestRelated":false,
			"conditions":"$z2 == 0, $z1 == 0, $z0 != 0",
			"paramValues":"@parameter0: java.lang.String",
			"relatedValues":"@parameter0: java.lang.String; ; ",
			"keyAPISameClassNum":0,
			"keyAPIDiffClassNum":0,
			"keyAPISameClass":[
				{
					"trace":[
						"<android.app.DownloadManager$Request: android.app.DownloadManager$Request setDestinationInExternalPublicDir(java.lang.String,java.lang.String)>"
					],
					"depth":0,
					"method":"<android.app.DownloadManager$Request: android.app.DownloadManager$Request setDestinationInExternalPublicDir(java.lang.String,java.lang.String)>",
					"source":"CALLER"
				}
			],
			"keyAPIDiffClass":[],
			"callerOfSingnlar2SourceVar":{
				"<android.app.DownloadManager$Request: android.app.DownloadManager$Request setDestinationInExternalPublicDir(java.lang.String,java.lang.String)>":"0"
			}
		},
		{
			"method":"<android.app.DownloadManager$Request: android.app.DownloadManager$Request setDestinationInExternalPublicDir(java.lang.String,java.lang.String)>",
			"message":"\\QUnable to create directory: \\E[\\s\\S]*",
			"relatedVarType":"Parameter",
			"relatedCondType":"Basic",
			"modifier":"public",
			"type":"java.lang.IllegalStateException",
			"osVersionRelated":false,
			"resourceRelated":false,
			"assessRelated":false,
			"hardwareRelated":false,
			"manifestRelated":false,
			"conditions":"$i0 >= 29, r0 == null, $z0 != 0",
			"paramValues":"@parameter0: java.lang.String",
			"caughtValues":"@caughtexception, @caughtexception",
			"relatedValues":"@parameter0: java.lang.String; ; @caughtexception, @caughtexception",
			"keyAPISameClassNum":0,
			"keyAPIDiffClassNum":0,
			"keyAPISameClass":[
				{
					"trace":[
						"<android.app.DownloadManager$Request: android.app.DownloadManager$Request setDestinationInExternalPublicDir(java.lang.String,java.lang.String)>"
					],
					"depth":0,
					"method":"<android.app.DownloadManager$Request: android.app.DownloadManager$Request setDestinationInExternalPublicDir(java.lang.String,java.lang.String)>",
					"source":"CALLER"
				}
			],
			"keyAPIDiffClass":[],
			"callerOfSingnlar2SourceVar":{
				"<android.app.DownloadManager$Request: android.app.DownloadManager$Request setDestinationInExternalPublicDir(java.lang.String,java.lang.String)>":"0"
			}
		},
		{
			"method":"<android.app.DownloadManager$Request: android.app.DownloadManager$Request setDestinationInExternalPublicDir(java.lang.String,java.lang.String)>",
			"message":"\\QFailed to get external storage public directory\\E",
			"relatedVarType":"Parameter",
			"relatedCondType":"Basic",
			"modifier":"public",
			"type":"java.lang.IllegalStateException",
			"osVersionRelated":false,
			"resourceRelated":false,
			"assessRelated":false,
			"hardwareRelated":false,
			"manifestRelated":false,
			"conditions":"r0 == null",
			"paramValues":"@parameter0: java.lang.String",
			"relatedValues":"@parameter0: java.lang.String; ; ",
			"keyAPISameClassNum":0,
			"keyAPIDiffClassNum":0,
			"keyAPISameClass":[
				{
					"trace":[
						"<android.app.DownloadManager$Request: android.app.DownloadManager$Request setDestinationInExternalPublicDir(java.lang.String,java.lang.String)>"
					],
					"depth":0,
					"method":"<android.app.DownloadManager$Request: android.app.DownloadManager$Request setDestinationInExternalPublicDir(java.lang.String,java.lang.String)>",
					"source":"CALLER"
				}
			],
			"keyAPIDiffClass":[],
			"callerOfSingnlar2SourceVar":{
				"<android.app.DownloadManager$Request: android.app.DownloadManager$Request setDestinationInExternalPublicDir(java.lang.String,java.lang.String)>":"0"
			}
		}
	]
}