{
	"exceptions":[
		{
			"method":"<android.bluetooth.OobData$ClassicBuilder: void <init>(byte[],byte[],byte[])>",
			"message":"\\QclassicLength must be 2 octets in length.\\E",
			"relatedVarType":"Parameter",
			"relatedCondType":"Basic",
			"modifier":"public",
			"type":"java.lang.IllegalArgumentException",
			"osVersionRelated":false,
			"resourceRelated":false,
			"assessRelated":false,
			"hardwareRelated":false,
			"manifestRelated":false,
			"conditions":"$i1 != 2, $i0 != 16",
			"paramValues":"@parameter1: byte[], @parameter0: byte[]",
			"relatedValues":"@parameter1: byte[], @parameter0: byte[]; ; ",
			"keyAPISameClassNum":0,
			"keyAPIDiffClassNum":0,
			"keyAPISameClass":[
				{
					"trace":[
						"<android.bluetooth.OobData$ClassicBuilder: void <init>(byte[],byte[],byte[])>"
					],
					"depth":0,
					"method":"<android.bluetooth.OobData$ClassicBuilder: void <init>(byte[],byte[],byte[])>",
					"source":"CALLER"
				}
			],
			"keyAPIDiffClass":[],
			"callerOfSingnlar2SourceVar":{
				"<android.bluetooth.OobData$ClassicBuilder: void <init>(byte[],byte[],byte[])>":"1, 0"
			}
		},
		{
			"method":"<android.bluetooth.OobData$ClassicBuilder: void <init>(byte[],byte[],byte[])>",
			"message":"\\QdeviceAddressWithType must be 7 octets in length.\\E",
			"relatedVarType":"Parameter",
			"relatedCondType":"Basic",
			"modifier":"public",
			"type":"java.lang.IllegalArgumentException",
			"osVersionRelated":false,
			"resourceRelated":false,
			"assessRelated":false,
			"hardwareRelated":false,
			"manifestRelated":false,
			"conditions":"$i2 != 7, $i1 != 2, $i0 != 16",
			"paramValues":"@parameter2: byte[], @parameter1: byte[], @parameter0: byte[]",
			"relatedValues":"@parameter2: byte[], @parameter1: byte[], @parameter0: byte[]; ; ",
			"keyAPISameClassNum":0,
			"keyAPIDiffClassNum":0,
			"keyAPISameClass":[
				{
					"trace":[
						"<android.bluetooth.OobData$ClassicBuilder: void <init>(byte[],byte[],byte[])>"
					],
					"depth":0,
					"method":"<android.bluetooth.OobData$ClassicBuilder: void <init>(byte[],byte[],byte[])>",
					"source":"CALLER"
				}
			],
			"keyAPIDiffClass":[],
			"callerOfSingnlar2SourceVar":{
				"<android.bluetooth.OobData$ClassicBuilder: void <init>(byte[],byte[],byte[])>":"2, 1, 0"
			}
		},
		{
			"method":"<android.bluetooth.OobData$ClassicBuilder: void <init>(byte[],byte[],byte[])>",
			"message":"\\QconfirmationHash must be 16 octets in length.\\E",
			"relatedVarType":"Parameter",
			"relatedCondType":"Basic",
			"modifier":"public",
			"type":"java.lang.IllegalArgumentException",
			"osVersionRelated":false,
			"resourceRelated":false,
			"assessRelated":false,
			"hardwareRelated":false,
			"manifestRelated":false,
			"conditions":"$i0 != 16",
			"paramValues":"@parameter0: byte[]",
			"relatedValues":"@parameter0: byte[]; ; ",
			"keyAPISameClassNum":0,
			"keyAPIDiffClassNum":0,
			"keyAPISameClass":[
				{
					"trace":[
						"<android.bluetooth.OobData$ClassicBuilder: void <init>(byte[],byte[],byte[])>"
					],
					"depth":0,
					"method":"<android.bluetooth.OobData$ClassicBuilder: void <init>(byte[],byte[],byte[])>",
					"source":"CALLER"
				}
			],
			"keyAPIDiffClass":[],
			"callerOfSingnlar2SourceVar":{
				"<android.bluetooth.OobData$ClassicBuilder: void <init>(byte[],byte[],byte[])>":"0"
			}
		},
		{
			"method":"<android.bluetooth.OobData$ClassicBuilder: android.bluetooth.OobData$ClassicBuilder setClassOfDevice(byte[])>",
			"message":"\\QclassOfDevice must be 3 octets in length.\\E",
			"relatedVarType":"Parameter",
			"relatedCondType":"Basic",
			"modifier":"public",
			"type":"java.lang.IllegalArgumentException",
			"osVersionRelated":false,
			"resourceRelated":false,
			"assessRelated":false,
			"hardwareRelated":false,
			"manifestRelated":false,
			"conditions":"$i0 != 3",
			"paramValues":"@parameter0: byte[]",
			"relatedValues":"@parameter0: byte[]; ; ",
			"keyAPISameClassNum":0,
			"keyAPIDiffClassNum":0,
			"keyAPISameClass":[
				{
					"trace":[
						"<android.bluetooth.OobData$ClassicBuilder: android.bluetooth.OobData$ClassicBuilder setClassOfDevice(byte[])>"
					],
					"depth":0,
					"method":"<android.bluetooth.OobData$ClassicBuilder: android.bluetooth.OobData$ClassicBuilder setClassOfDevice(byte[])>",
					"source":"CALLER"
				}
			],
			"keyAPIDiffClass":[],
			"callerOfSingnlar2SourceVar":{
				"<android.bluetooth.OobData$ClassicBuilder: android.bluetooth.OobData$ClassicBuilder setClassOfDevice(byte[])>":"0"
			}
		},
		{
			"method":"<android.bluetooth.OobData$ClassicBuilder: android.bluetooth.OobData$ClassicBuilder setRandomizerHash(byte[])>",
			"message":"\\QrandomizerHash must be 16 octets in length.\\E",
			"relatedVarType":"Parameter",
			"relatedCondType":"Basic",
			"modifier":"public",
			"type":"java.lang.IllegalArgumentException",
			"osVersionRelated":false,
			"resourceRelated":false,
			"assessRelated":false,
			"hardwareRelated":false,
			"manifestRelated":false,
			"conditions":"$i0 != 16",
			"paramValues":"@parameter0: byte[]",
			"relatedValues":"@parameter0: byte[]; ; ",
			"keyAPISameClassNum":0,
			"keyAPIDiffClassNum":0,
			"keyAPISameClass":[
				{
					"trace":[
						"<android.bluetooth.OobData$ClassicBuilder: android.bluetooth.OobData$ClassicBuilder setRandomizerHash(byte[])>"
					],
					"depth":0,
					"method":"<android.bluetooth.OobData$ClassicBuilder: android.bluetooth.OobData$ClassicBuilder setRandomizerHash(byte[])>",
					"source":"CALLER"
				}
			],
			"keyAPIDiffClass":[],
			"callerOfSingnlar2SourceVar":{
				"<android.bluetooth.OobData$ClassicBuilder: android.bluetooth.OobData$ClassicBuilder setRandomizerHash(byte[])>":"0"
			}
		}
	]
}