{
	"exceptions":[
		{
			"method":"<android.bluetooth.le.AdvertiseSettings$Builder: android.bluetooth.le.AdvertiseSettings$Builder setAdvertiseMode(int)>",
			"message":"\\Qunknown mode \\E[\\s\\S]*",
			"relatedVarType":"Parameter",
			"relatedCondType":"Basic",
			"modifier":"public",
			"type":"java.lang.IllegalArgumentException",
			"osVersionRelated":false,
			"resourceRelated":false,
			"assessRelated":false,
			"hardwareRelated":false,
			"manifestRelated":false,
			"conditions":"i0 < 0, i0 > 2",
			"paramValues":"@parameter0: int",
			"relatedValues":"@parameter0: int; ; ",
			"keyAPISameClassNum":0,
			"keyAPIDiffClassNum":0,
			"keyAPISameClass":[
				{
					"trace":[
						"<android.bluetooth.le.AdvertiseSettings$Builder: android.bluetooth.le.AdvertiseSettings$Builder setAdvertiseMode(int)>"
					],
					"depth":0,
					"method":"<android.bluetooth.le.AdvertiseSettings$Builder: android.bluetooth.le.AdvertiseSettings$Builder setAdvertiseMode(int)>",
					"source":"CALLER"
				}
			],
			"keyAPIDiffClass":[],
			"callerOfSingnlar2SourceVar":{
				"<android.bluetooth.le.AdvertiseSettings$Builder: android.bluetooth.le.AdvertiseSettings$Builder setAdvertiseMode(int)>":"0"
			}
		},
		{
			"method":"<android.bluetooth.le.AdvertiseSettings$Builder: android.bluetooth.le.AdvertiseSettings$Builder setTimeout(int)>",
			"message":"\\QtimeoutMillis invalid (must be 0-180000 milliseconds)\\E",
			"relatedVarType":"Parameter",
			"relatedCondType":"Basic",
			"modifier":"public",
			"type":"java.lang.IllegalArgumentException",
			"osVersionRelated":false,
			"resourceRelated":false,
			"assessRelated":false,
			"hardwareRelated":false,
			"manifestRelated":false,
			"conditions":"i0 < 0, i0 > 180000",
			"paramValues":"@parameter0: int",
			"relatedValues":"@parameter0: int; ; ",
			"keyAPISameClassNum":0,
			"keyAPIDiffClassNum":0,
			"keyAPISameClass":[
				{
					"trace":[
						"<android.bluetooth.le.AdvertiseSettings$Builder: android.bluetooth.le.AdvertiseSettings$Builder setTimeout(int)>"
					],
					"depth":0,
					"method":"<android.bluetooth.le.AdvertiseSettings$Builder: android.bluetooth.le.AdvertiseSettings$Builder setTimeout(int)>",
					"source":"CALLER"
				}
			],
			"keyAPIDiffClass":[],
			"callerOfSingnlar2SourceVar":{
				"<android.bluetooth.le.AdvertiseSettings$Builder: android.bluetooth.le.AdvertiseSettings$Builder setTimeout(int)>":"0"
			}
		},
		{
			"method":"<android.bluetooth.le.AdvertiseSettings$Builder: android.bluetooth.le.AdvertiseSettings$Builder setTxPowerLevel(int)>",
			"message":"\\Qunknown tx power level \\E[\\s\\S]*",
			"relatedVarType":"Parameter",
			"relatedCondType":"Basic",
			"modifier":"public",
			"type":"java.lang.IllegalArgumentException",
			"osVersionRelated":false,
			"resourceRelated":false,
			"assessRelated":false,
			"hardwareRelated":false,
			"manifestRelated":false,
			"conditions":"i0 < 0, i0 > 3",
			"paramValues":"@parameter0: int",
			"relatedValues":"@parameter0: int; ; ",
			"keyAPISameClassNum":0,
			"keyAPIDiffClassNum":0,
			"keyAPISameClass":[
				{
					"trace":[
						"<android.bluetooth.le.AdvertiseSettings$Builder: android.bluetooth.le.AdvertiseSettings$Builder setTxPowerLevel(int)>"
					],
					"depth":0,
					"method":"<android.bluetooth.le.AdvertiseSettings$Builder: android.bluetooth.le.AdvertiseSettings$Builder setTxPowerLevel(int)>",
					"source":"CALLER"
				}
			],
			"keyAPIDiffClass":[],
			"callerOfSingnlar2SourceVar":{
				"<android.bluetooth.le.AdvertiseSettings$Builder: android.bluetooth.le.AdvertiseSettings$Builder setTxPowerLevel(int)>":"0"
			}
		}
	]
}