{
	"exceptions":[
		{
			"method":"<android.content.pm.DataLoaderParamsParcel: void readFromParcel(android.os.Parcel)>",
			"message":"\\QOverflow in the size of parcelable\\E",
			"relatedVarType":"Parameter",
			"relatedCondType":"Basic",
			"modifier":"public",
			"type":"android.os.BadParcelableException",
			"osVersionRelated":false,
			"resourceRelated":false,
			"assessRelated":false,
			"hardwareRelated":false,
			"manifestRelated":false,
			"conditions":"i0 > $i11, $i5 < i1, $i4 < i1",
			"paramValues":"@parameter0: android.os.Parcel",
			"relatedValues":"@parameter0: android.os.Parcel; ; ",
			"keyAPISameClassNum":0,
			"keyAPIDiffClassNum":0,
			"keyAPISameClass":[
				{
					"trace":[
						"<android.content.pm.DataLoaderParamsParcel: void readFromParcel(android.os.Parcel)>"
					],
					"depth":0,
					"method":"<android.content.pm.DataLoaderParamsParcel: void readFromParcel(android.os.Parcel)>",
					"source":"CALLER"
				}
			],
			"keyAPIDiffClass":[
				{
					"trace":[
						"<android.content.pm.DataLoaderParamsParcel$1: android.content.pm.DataLoaderParamsParcel createFromParcel(android.os.Parcel)>",
						"<android.content.pm.DataLoaderParamsParcel: void readFromParcel(android.os.Parcel)>"
					],
					"depth":1,
					"method":"<android.content.pm.DataLoaderParamsParcel$1: android.content.pm.DataLoaderParamsParcel createFromParcel(android.os.Parcel)>",
					"source":"CALLER"
				},
				{
					"trace":[
						"<android.os.Parcelable$Creator: java.lang.Object createFromParcel(android.os.Parcel)>",
						"<android.content.pm.DataLoaderParamsParcel: void readFromParcel(android.os.Parcel)>"
					],
					"depth":1,
					"method":"<android.os.Parcelable$Creator: java.lang.Object createFromParcel(android.os.Parcel)>",
					"source":"CALLER"
				},
				{
					"trace":[
						"<android.content.pm.DataLoaderParamsParcel$1: java.lang.Object createFromParcel(android.os.Parcel)>",
						"<android.content.pm.DataLoaderParamsParcel$1: android.content.pm.DataLoaderParamsParcel createFromParcel(android.os.Parcel)>",
						"<android.content.pm.DataLoaderParamsParcel: void readFromParcel(android.os.Parcel)>"
					],
					"depth":2,
					"method":"<android.content.pm.DataLoaderParamsParcel$1: java.lang.Object createFromParcel(android.os.Parcel)>",
					"source":"CALLER"
				}
			],
			"callerOfSingnlar2SourceVar":{
				"<android.content.pm.DataLoaderParamsParcel: void readFromParcel(android.os.Parcel)>":"0",
				"<android.content.pm.DataLoaderParamsParcel$1: android.content.pm.DataLoaderParamsParcel createFromParcel(android.os.Parcel)>":"0",
				"<android.content.pm.DataLoaderParamsParcel$1: java.lang.Object createFromParcel(android.os.Parcel)>":"0"
			}
		},
		{
			"method":"<android.content.pm.DataLoaderParamsParcel: void readFromParcel(android.os.Parcel)>",
			"message":"\\QOverflow in the size of parcelable\\E",
			"relatedVarType":"Parameter",
			"relatedCondType":"Basic",
			"modifier":"public",
			"type":"android.os.BadParcelableException",
			"osVersionRelated":false,
			"resourceRelated":false,
			"assessRelated":false,
			"hardwareRelated":false,
			"manifestRelated":false,
			"conditions":"i0 > $i13, $i4 < i1, $i2 < i1",
			"paramValues":"@parameter0: android.os.Parcel",
			"relatedValues":"@parameter0: android.os.Parcel; ; ",
			"keyAPISameClassNum":0,
			"keyAPIDiffClassNum":0,
			"keyAPISameClass":[
				{
					"trace":[
						"<android.content.pm.DataLoaderParamsParcel: void readFromParcel(android.os.Parcel)>"
					],
					"depth":0,
					"method":"<android.content.pm.DataLoaderParamsParcel: void readFromParcel(android.os.Parcel)>",
					"source":"CALLER"
				}
			],
			"keyAPIDiffClass":[
				{
					"trace":[
						"<android.content.pm.DataLoaderParamsParcel$1: android.content.pm.DataLoaderParamsParcel createFromParcel(android.os.Parcel)>",
						"<android.content.pm.DataLoaderParamsParcel: void readFromParcel(android.os.Parcel)>"
					],
					"depth":1,
					"method":"<android.content.pm.DataLoaderParamsParcel$1: android.content.pm.DataLoaderParamsParcel createFromParcel(android.os.Parcel)>",
					"source":"CALLER"
				},
				{
					"trace":[
						"<android.os.Parcelable$Creator: java.lang.Object createFromParcel(android.os.Parcel)>",
						"<android.content.pm.DataLoaderParamsParcel: void readFromParcel(android.os.Parcel)>"
					],
					"depth":1,
					"method":"<android.os.Parcelable$Creator: java.lang.Object createFromParcel(android.os.Parcel)>",
					"source":"CALLER"
				},
				{
					"trace":[
						"<android.content.pm.DataLoaderParamsParcel$1: java.lang.Object createFromParcel(android.os.Parcel)>",
						"<android.content.pm.DataLoaderParamsParcel$1: android.content.pm.DataLoaderParamsParcel createFromParcel(android.os.Parcel)>",
						"<android.content.pm.DataLoaderParamsParcel: void readFromParcel(android.os.Parcel)>"
					],
					"depth":2,
					"method":"<android.content.pm.DataLoaderParamsParcel$1: java.lang.Object createFromParcel(android.os.Parcel)>",
					"source":"CALLER"
				}
			],
			"callerOfSingnlar2SourceVar":{
				"<android.content.pm.DataLoaderParamsParcel: void readFromParcel(android.os.Parcel)>":"0",
				"<android.content.pm.DataLoaderParamsParcel$1: android.content.pm.DataLoaderParamsParcel createFromParcel(android.os.Parcel)>":"0",
				"<android.content.pm.DataLoaderParamsParcel$1: java.lang.Object createFromParcel(android.os.Parcel)>":"0"
			}
		},
		{
			"method":"<android.content.pm.DataLoaderParamsParcel: void readFromParcel(android.os.Parcel)>",
			"message":"\\QOverflow in the size of parcelable\\E",
			"relatedVarType":"Parameter",
			"relatedCondType":"Basic",
			"modifier":"public",
			"type":"android.os.BadParcelableException",
			"osVersionRelated":false,
			"resourceRelated":false,
			"assessRelated":false,
			"hardwareRelated":false,
			"manifestRelated":false,
			"conditions":"i0 <= $i19, i1 >= 0",
			"paramValues":"@parameter0: android.os.Parcel",
			"caughtValues":"@caughtexception",
			"relatedValues":"@parameter0: android.os.Parcel; ; @caughtexception",
			"keyAPISameClassNum":0,
			"keyAPIDiffClassNum":0,
			"keyAPISameClass":[
				{
					"trace":[
						"<android.content.pm.DataLoaderParamsParcel: void readFromParcel(android.os.Parcel)>"
					],
					"depth":0,
					"method":"<android.content.pm.DataLoaderParamsParcel: void readFromParcel(android.os.Parcel)>",
					"source":"CALLER"
				}
			],
			"keyAPIDiffClass":[
				{
					"trace":[
						"<android.content.pm.DataLoaderParamsParcel$1: android.content.pm.DataLoaderParamsParcel createFromParcel(android.os.Parcel)>",
						"<android.content.pm.DataLoaderParamsParcel: void readFromParcel(android.os.Parcel)>"
					],
					"depth":1,
					"method":"<android.content.pm.DataLoaderParamsParcel$1: android.content.pm.DataLoaderParamsParcel createFromParcel(android.os.Parcel)>",
					"source":"CALLER"
				},
				{
					"trace":[
						"<android.os.Parcelable$Creator: java.lang.Object createFromParcel(android.os.Parcel)>",
						"<android.content.pm.DataLoaderParamsParcel: void readFromParcel(android.os.Parcel)>"
					],
					"depth":1,
					"method":"<android.os.Parcelable$Creator: java.lang.Object createFromParcel(android.os.Parcel)>",
					"source":"CALLER"
				},
				{
					"trace":[
						"<android.content.pm.DataLoaderParamsParcel$1: java.lang.Object createFromParcel(android.os.Parcel)>",
						"<android.content.pm.DataLoaderParamsParcel$1: android.content.pm.DataLoaderParamsParcel createFromParcel(android.os.Parcel)>",
						"<android.content.pm.DataLoaderParamsParcel: void readFromParcel(android.os.Parcel)>"
					],
					"depth":2,
					"method":"<android.content.pm.DataLoaderParamsParcel$1: java.lang.Object createFromParcel(android.os.Parcel)>",
					"source":"CALLER"
				}
			],
			"callerOfSingnlar2SourceVar":{
				"<android.content.pm.DataLoaderParamsParcel: void readFromParcel(android.os.Parcel)>":"0",
				"<android.content.pm.DataLoaderParamsParcel$1: android.content.pm.DataLoaderParamsParcel createFromParcel(android.os.Parcel)>":"0",
				"<android.content.pm.DataLoaderParamsParcel$1: java.lang.Object createFromParcel(android.os.Parcel)>":"0"
			}
		},
		{
			"method":"<android.content.pm.DataLoaderParamsParcel: void readFromParcel(android.os.Parcel)>",
			"message":"\\QOverflow in the size of parcelable\\E",
			"relatedVarType":"Parameter",
			"relatedCondType":"Basic",
			"modifier":"public",
			"type":"android.os.BadParcelableException",
			"osVersionRelated":false,
			"resourceRelated":false,
			"assessRelated":false,
			"hardwareRelated":false,
			"manifestRelated":false,
			"conditions":"i0 > $i9, $i6 < i1, $i5 < i1",
			"paramValues":"@parameter0: android.os.Parcel",
			"relatedValues":"@parameter0: android.os.Parcel; ; ",
			"keyAPISameClassNum":0,
			"keyAPIDiffClassNum":0,
			"keyAPISameClass":[
				{
					"trace":[
						"<android.content.pm.DataLoaderParamsParcel: void readFromParcel(android.os.Parcel)>"
					],
					"depth":0,
					"method":"<android.content.pm.DataLoaderParamsParcel: void readFromParcel(android.os.Parcel)>",
					"source":"CALLER"
				}
			],
			"keyAPIDiffClass":[
				{
					"trace":[
						"<android.content.pm.DataLoaderParamsParcel$1: android.content.pm.DataLoaderParamsParcel createFromParcel(android.os.Parcel)>",
						"<android.content.pm.DataLoaderParamsParcel: void readFromParcel(android.os.Parcel)>"
					],
					"depth":1,
					"method":"<android.content.pm.DataLoaderParamsParcel$1: android.content.pm.DataLoaderParamsParcel createFromParcel(android.os.Parcel)>",
					"source":"CALLER"
				},
				{
					"trace":[
						"<android.os.Parcelable$Creator: java.lang.Object createFromParcel(android.os.Parcel)>",
						"<android.content.pm.DataLoaderParamsParcel: void readFromParcel(android.os.Parcel)>"
					],
					"depth":1,
					"method":"<android.os.Parcelable$Creator: java.lang.Object createFromParcel(android.os.Parcel)>",
					"source":"CALLER"
				},
				{
					"trace":[
						"<android.content.pm.DataLoaderParamsParcel$1: java.lang.Object createFromParcel(android.os.Parcel)>",
						"<android.content.pm.DataLoaderParamsParcel$1: android.content.pm.DataLoaderParamsParcel createFromParcel(android.os.Parcel)>",
						"<android.content.pm.DataLoaderParamsParcel: void readFromParcel(android.os.Parcel)>"
					],
					"depth":2,
					"method":"<android.content.pm.DataLoaderParamsParcel$1: java.lang.Object createFromParcel(android.os.Parcel)>",
					"source":"CALLER"
				}
			],
			"callerOfSingnlar2SourceVar":{
				"<android.content.pm.DataLoaderParamsParcel: void readFromParcel(android.os.Parcel)>":"0",
				"<android.content.pm.DataLoaderParamsParcel$1: android.content.pm.DataLoaderParamsParcel createFromParcel(android.os.Parcel)>":"0",
				"<android.content.pm.DataLoaderParamsParcel$1: java.lang.Object createFromParcel(android.os.Parcel)>":"0"
			}
		},
		{
			"method":"<android.content.pm.DataLoaderParamsParcel: void readFromParcel(android.os.Parcel)>",
			"message":"\\QOverflow in the size of parcelable\\E",
			"relatedVarType":"Parameter",
			"relatedCondType":"Basic",
			"modifier":"public",
			"type":"android.os.BadParcelableException",
			"osVersionRelated":false,
			"resourceRelated":false,
			"assessRelated":false,
			"hardwareRelated":false,
			"manifestRelated":false,
			"conditions":"i0 > $i15, $i2 < i1, i1 >= 0",
			"paramValues":"@parameter0: android.os.Parcel",
			"relatedValues":"@parameter0: android.os.Parcel; ; ",
			"keyAPISameClassNum":0,
			"keyAPIDiffClassNum":0,
			"keyAPISameClass":[
				{
					"trace":[
						"<android.content.pm.DataLoaderParamsParcel: void readFromParcel(android.os.Parcel)>"
					],
					"depth":0,
					"method":"<android.content.pm.DataLoaderParamsParcel: void readFromParcel(android.os.Parcel)>",
					"source":"CALLER"
				}
			],
			"keyAPIDiffClass":[
				{
					"trace":[
						"<android.content.pm.DataLoaderParamsParcel$1: android.content.pm.DataLoaderParamsParcel createFromParcel(android.os.Parcel)>",
						"<android.content.pm.DataLoaderParamsParcel: void readFromParcel(android.os.Parcel)>"
					],
					"depth":1,
					"method":"<android.content.pm.DataLoaderParamsParcel$1: android.content.pm.DataLoaderParamsParcel createFromParcel(android.os.Parcel)>",
					"source":"CALLER"
				},
				{
					"trace":[
						"<android.os.Parcelable$Creator: java.lang.Object createFromParcel(android.os.Parcel)>",
						"<android.content.pm.DataLoaderParamsParcel: void readFromParcel(android.os.Parcel)>"
					],
					"depth":1,
					"method":"<android.os.Parcelable$Creator: java.lang.Object createFromParcel(android.os.Parcel)>",
					"source":"CALLER"
				},
				{
					"trace":[
						"<android.content.pm.DataLoaderParamsParcel$1: java.lang.Object createFromParcel(android.os.Parcel)>",
						"<android.content.pm.DataLoaderParamsParcel$1: android.content.pm.DataLoaderParamsParcel createFromParcel(android.os.Parcel)>",
						"<android.content.pm.DataLoaderParamsParcel: void readFromParcel(android.os.Parcel)>"
					],
					"depth":2,
					"method":"<android.content.pm.DataLoaderParamsParcel$1: java.lang.Object createFromParcel(android.os.Parcel)>",
					"source":"CALLER"
				}
			],
			"callerOfSingnlar2SourceVar":{
				"<android.content.pm.DataLoaderParamsParcel: void readFromParcel(android.os.Parcel)>":"0",
				"<android.content.pm.DataLoaderParamsParcel$1: android.content.pm.DataLoaderParamsParcel createFromParcel(android.os.Parcel)>":"0",
				"<android.content.pm.DataLoaderParamsParcel$1: java.lang.Object createFromParcel(android.os.Parcel)>":"0"
			}
		},
		{
			"method":"<android.content.pm.DataLoaderParamsParcel: void readFromParcel(android.os.Parcel)>",
			"message":"\\QOverflow in the size of parcelable\\E",
			"relatedVarType":"Parameter",
			"relatedCondType":"Basic",
			"modifier":"public",
			"type":"android.os.BadParcelableException",
			"osVersionRelated":false,
			"resourceRelated":false,
			"assessRelated":false,
			"hardwareRelated":false,
			"manifestRelated":false,
			"conditions":"i0 > $i17, i1 >= 0",
			"paramValues":"@parameter0: android.os.Parcel",
			"relatedValues":"@parameter0: android.os.Parcel; ; ",
			"keyAPISameClassNum":0,
			"keyAPIDiffClassNum":0,
			"keyAPISameClass":[
				{
					"trace":[
						"<android.content.pm.DataLoaderParamsParcel: void readFromParcel(android.os.Parcel)>"
					],
					"depth":0,
					"method":"<android.content.pm.DataLoaderParamsParcel: void readFromParcel(android.os.Parcel)>",
					"source":"CALLER"
				}
			],
			"keyAPIDiffClass":[
				{
					"trace":[
						"<android.content.pm.DataLoaderParamsParcel$1: android.content.pm.DataLoaderParamsParcel createFromParcel(android.os.Parcel)>",
						"<android.content.pm.DataLoaderParamsParcel: void readFromParcel(android.os.Parcel)>"
					],
					"depth":1,
					"method":"<android.content.pm.DataLoaderParamsParcel$1: android.content.pm.DataLoaderParamsParcel createFromParcel(android.os.Parcel)>",
					"source":"CALLER"
				},
				{
					"trace":[
						"<android.os.Parcelable$Creator: java.lang.Object createFromParcel(android.os.Parcel)>",
						"<android.content.pm.DataLoaderParamsParcel: void readFromParcel(android.os.Parcel)>"
					],
					"depth":1,
					"method":"<android.os.Parcelable$Creator: java.lang.Object createFromParcel(android.os.Parcel)>",
					"source":"CALLER"
				},
				{
					"trace":[
						"<android.content.pm.DataLoaderParamsParcel$1: java.lang.Object createFromParcel(android.os.Parcel)>",
						"<android.content.pm.DataLoaderParamsParcel$1: android.content.pm.DataLoaderParamsParcel createFromParcel(android.os.Parcel)>",
						"<android.content.pm.DataLoaderParamsParcel: void readFromParcel(android.os.Parcel)>"
					],
					"depth":2,
					"method":"<android.content.pm.DataLoaderParamsParcel$1: java.lang.Object createFromParcel(android.os.Parcel)>",
					"source":"CALLER"
				}
			],
			"callerOfSingnlar2SourceVar":{
				"<android.content.pm.DataLoaderParamsParcel: void readFromParcel(android.os.Parcel)>":"0",
				"<android.content.pm.DataLoaderParamsParcel$1: android.content.pm.DataLoaderParamsParcel createFromParcel(android.os.Parcel)>":"0",
				"<android.content.pm.DataLoaderParamsParcel$1: java.lang.Object createFromParcel(android.os.Parcel)>":"0"
			}
		},
		{
			"method":"<android.content.pm.DataLoaderParamsParcel: void readFromParcel(android.os.Parcel)>",
			"message":"\\QOverflow in the size of parcelable\\E",
			"relatedVarType":"Parameter",
			"relatedCondType":"Basic",
			"modifier":"public",
			"type":"android.os.BadParcelableException",
			"osVersionRelated":false,
			"resourceRelated":false,
			"assessRelated":false,
			"hardwareRelated":false,
			"manifestRelated":false,
			"conditions":"i0 > $i7, $i6 < i1, $i5 < i1",
			"paramValues":"@parameter0: android.os.Parcel",
			"relatedValues":"@parameter0: android.os.Parcel; ; ",
			"keyAPISameClassNum":0,
			"keyAPIDiffClassNum":0,
			"keyAPISameClass":[
				{
					"trace":[
						"<android.content.pm.DataLoaderParamsParcel: void readFromParcel(android.os.Parcel)>"
					],
					"depth":0,
					"method":"<android.content.pm.DataLoaderParamsParcel: void readFromParcel(android.os.Parcel)>",
					"source":"CALLER"
				}
			],
			"keyAPIDiffClass":[
				{
					"trace":[
						"<android.content.pm.DataLoaderParamsParcel$1: android.content.pm.DataLoaderParamsParcel createFromParcel(android.os.Parcel)>",
						"<android.content.pm.DataLoaderParamsParcel: void readFromParcel(android.os.Parcel)>"
					],
					"depth":1,
					"method":"<android.content.pm.DataLoaderParamsParcel$1: android.content.pm.DataLoaderParamsParcel createFromParcel(android.os.Parcel)>",
					"source":"CALLER"
				},
				{
					"trace":[
						"<android.os.Parcelable$Creator: java.lang.Object createFromParcel(android.os.Parcel)>",
						"<android.content.pm.DataLoaderParamsParcel: void readFromParcel(android.os.Parcel)>"
					],
					"depth":1,
					"method":"<android.os.Parcelable$Creator: java.lang.Object createFromParcel(android.os.Parcel)>",
					"source":"CALLER"
				},
				{
					"trace":[
						"<android.content.pm.DataLoaderParamsParcel$1: java.lang.Object createFromParcel(android.os.Parcel)>",
						"<android.content.pm.DataLoaderParamsParcel$1: android.content.pm.DataLoaderParamsParcel createFromParcel(android.os.Parcel)>",
						"<android.content.pm.DataLoaderParamsParcel: void readFromParcel(android.os.Parcel)>"
					],
					"depth":2,
					"method":"<android.content.pm.DataLoaderParamsParcel$1: java.lang.Object createFromParcel(android.os.Parcel)>",
					"source":"CALLER"
				}
			],
			"callerOfSingnlar2SourceVar":{
				"<android.content.pm.DataLoaderParamsParcel: void readFromParcel(android.os.Parcel)>":"0",
				"<android.content.pm.DataLoaderParamsParcel$1: android.content.pm.DataLoaderParamsParcel createFromParcel(android.os.Parcel)>":"0",
				"<android.content.pm.DataLoaderParamsParcel$1: java.lang.Object createFromParcel(android.os.Parcel)>":"0"
			}
		}
	]
}