{
	"exceptions":[
		{
			"method":"<android.bluetooth.BluetoothUuid: android.os.ParcelUuid parseUuidFrom(byte[])>",
			"message":"\\QuuidBytes cannot be null\\E",
			"relatedVarType":"Parameter",
			"relatedCondType":"Basic",
			"modifier":"public",
			"type":"java.lang.IllegalArgumentException",
			"osVersionRelated":false,
			"resourceRelated":false,
			"assessRelated":false,
			"hardwareRelated":false,
			"manifestRelated":false,
			"conditions":"r14 == null",
			"paramValues":"@parameter0: byte[]",
			"relatedValues":"@parameter0: byte[]; ; ",
			"keyAPISameClassNum":0,
			"keyAPIDiffClassNum":0,
			"keyAPISameClass":[
				{
					"trace":[
						"<android.bluetooth.BluetoothUuid: android.os.ParcelUuid parseUuidFrom(byte[])>"
					],
					"depth":0,
					"method":"<android.bluetooth.BluetoothUuid: android.os.ParcelUuid parseUuidFrom(byte[])>",
					"source":"CALLER"
				}
			],
			"keyAPIDiffClass":[
				{
					"trace":[
						"<android.bluetooth.le.ScanRecord: android.bluetooth.le.ScanRecord parseFromBytes(byte[])>",
						"<android.bluetooth.BluetoothUuid: android.os.ParcelUuid parseUuidFrom(byte[])>"
					],
					"depth":1,
					"method":"<android.bluetooth.le.ScanRecord: android.bluetooth.le.ScanRecord parseFromBytes(byte[])>",
					"source":"CALLER"
				},
				{
					"trace":[
						"<android.bluetooth.le.PeriodicAdvertisingReport$1: android.bluetooth.le.PeriodicAdvertisingReport createFromParcel(android.os.Parcel)>",
						"<android.bluetooth.le.PeriodicAdvertisingReport: void <init>(android.os.Parcel,android.bluetooth.le.PeriodicAdvertisingReport$1)>",
						"<android.bluetooth.le.PeriodicAdvertisingReport: void <init>(android.os.Parcel)>",
						"<android.bluetooth.le.PeriodicAdvertisingReport: void readFromParcel(android.os.Parcel)>",
						"<android.bluetooth.le.ScanRecord: android.bluetooth.le.ScanRecord parseFromBytes(byte[])>",
						"<android.bluetooth.BluetoothUuid: android.os.ParcelUuid parseUuidFrom(byte[])>"
					],
					"depth":5,
					"method":"<android.bluetooth.le.PeriodicAdvertisingReport$1: android.bluetooth.le.PeriodicAdvertisingReport createFromParcel(android.os.Parcel)>",
					"source":"CALLER"
				},
				{
					"trace":[
						"<android.os.Parcelable$Creator: java.lang.Object createFromParcel(android.os.Parcel)>",
						"<android.bluetooth.le.PeriodicAdvertisingReport: void <init>(android.os.Parcel,android.bluetooth.le.PeriodicAdvertisingReport$1)>",
						"<android.bluetooth.le.PeriodicAdvertisingReport: void <init>(android.os.Parcel)>",
						"<android.bluetooth.le.PeriodicAdvertisingReport: void readFromParcel(android.os.Parcel)>",
						"<android.bluetooth.le.ScanRecord: android.bluetooth.le.ScanRecord parseFromBytes(byte[])>",
						"<android.bluetooth.BluetoothUuid: android.os.ParcelUuid parseUuidFrom(byte[])>"
					],
					"depth":5,
					"method":"<android.os.Parcelable$Creator: java.lang.Object createFromParcel(android.os.Parcel)>",
					"source":"CALLER"
				},
				{
					"trace":[
						"<android.bluetooth.le.ScanResult$1: android.bluetooth.le.ScanResult createFromParcel(android.os.Parcel)>",
						"<android.bluetooth.le.ScanResult: void <init>(android.os.Parcel,android.bluetooth.le.ScanResult$1)>",
						"<android.bluetooth.le.ScanResult: void <init>(android.os.Parcel)>",
						"<android.bluetooth.le.ScanResult: void readFromParcel(android.os.Parcel)>",
						"<android.bluetooth.le.ScanRecord: android.bluetooth.le.ScanRecord parseFromBytes(byte[])>",
						"<android.bluetooth.BluetoothUuid: android.os.ParcelUuid parseUuidFrom(byte[])>"
					],
					"depth":5,
					"method":"<android.bluetooth.le.ScanResult$1: android.bluetooth.le.ScanResult createFromParcel(android.os.Parcel)>",
					"source":"CALLER"
				},
				{
					"trace":[
						"<android.bluetooth.le.PeriodicAdvertisingReport$1: java.lang.Object createFromParcel(android.os.Parcel)>",
						"<android.bluetooth.le.PeriodicAdvertisingReport$1: android.bluetooth.le.PeriodicAdvertisingReport createFromParcel(android.os.Parcel)>",
						"<android.bluetooth.le.PeriodicAdvertisingReport: void <init>(android.os.Parcel,android.bluetooth.le.PeriodicAdvertisingReport$1)>",
						"<android.bluetooth.le.PeriodicAdvertisingReport: void <init>(android.os.Parcel)>",
						"<android.bluetooth.le.PeriodicAdvertisingReport: void readFromParcel(android.os.Parcel)>",
						"<android.bluetooth.le.ScanRecord: android.bluetooth.le.ScanRecord parseFromBytes(byte[])>",
						"<android.bluetooth.BluetoothUuid: android.os.ParcelUuid parseUuidFrom(byte[])>"
					],
					"depth":6,
					"method":"<android.bluetooth.le.PeriodicAdvertisingReport$1: java.lang.Object createFromParcel(android.os.Parcel)>",
					"source":"CALLER"
				},
				{
					"trace":[
						"<android.bluetooth.le.ScanResult$1: java.lang.Object createFromParcel(android.os.Parcel)>",
						"<android.bluetooth.le.ScanResult$1: android.bluetooth.le.ScanResult createFromParcel(android.os.Parcel)>",
						"<android.bluetooth.le.ScanResult: void <init>(android.os.Parcel,android.bluetooth.le.ScanResult$1)>",
						"<android.bluetooth.le.ScanResult: void <init>(android.os.Parcel)>",
						"<android.bluetooth.le.ScanResult: void readFromParcel(android.os.Parcel)>",
						"<android.bluetooth.le.ScanRecord: android.bluetooth.le.ScanRecord parseFromBytes(byte[])>",
						"<android.bluetooth.BluetoothUuid: android.os.ParcelUuid parseUuidFrom(byte[])>"
					],
					"depth":6,
					"method":"<android.bluetooth.le.ScanResult$1: java.lang.Object createFromParcel(android.os.Parcel)>",
					"source":"CALLER"
				}
			],
			"callerOfSingnlar2SourceVar":{
				"<android.bluetooth.BluetoothUuid: android.os.ParcelUuid parseUuidFrom(byte[])>":"0"
			}
		},
		{
			"method":"<android.bluetooth.BluetoothUuid: android.os.ParcelUuid parseUuidFrom(byte[])>",
			"message":"\\QuuidBytes length invalid - \\E[\\s\\S]*",
			"relatedVarType":"Parameter",
			"relatedCondType":"Basic",
			"modifier":"public",
			"type":"java.lang.IllegalArgumentException",
			"osVersionRelated":false,
			"resourceRelated":false,
			"assessRelated":false,
			"hardwareRelated":false,
			"manifestRelated":false,
			"conditions":"i0 != 16, i0 == 4, i0 == 2",
			"paramValues":"@parameter0: byte[]",
			"relatedValues":"@parameter0: byte[]; ; ",
			"keyAPISameClassNum":0,
			"keyAPIDiffClassNum":0,
			"keyAPISameClass":[
				{
					"trace":[
						"<android.bluetooth.BluetoothUuid: android.os.ParcelUuid parseUuidFrom(byte[])>"
					],
					"depth":0,
					"method":"<android.bluetooth.BluetoothUuid: android.os.ParcelUuid parseUuidFrom(byte[])>",
					"source":"CALLER"
				}
			],
			"keyAPIDiffClass":[
				{
					"trace":[
						"<android.bluetooth.le.ScanRecord: android.bluetooth.le.ScanRecord parseFromBytes(byte[])>",
						"<android.bluetooth.BluetoothUuid: android.os.ParcelUuid parseUuidFrom(byte[])>"
					],
					"depth":1,
					"method":"<android.bluetooth.le.ScanRecord: android.bluetooth.le.ScanRecord parseFromBytes(byte[])>",
					"source":"CALLER"
				},
				{
					"trace":[
						"<android.bluetooth.le.PeriodicAdvertisingReport$1: android.bluetooth.le.PeriodicAdvertisingReport createFromParcel(android.os.Parcel)>",
						"<android.bluetooth.le.PeriodicAdvertisingReport: void <init>(android.os.Parcel,android.bluetooth.le.PeriodicAdvertisingReport$1)>",
						"<android.bluetooth.le.PeriodicAdvertisingReport: void <init>(android.os.Parcel)>",
						"<android.bluetooth.le.PeriodicAdvertisingReport: void readFromParcel(android.os.Parcel)>",
						"<android.bluetooth.le.ScanRecord: android.bluetooth.le.ScanRecord parseFromBytes(byte[])>",
						"<android.bluetooth.BluetoothUuid: android.os.ParcelUuid parseUuidFrom(byte[])>"
					],
					"depth":5,
					"method":"<android.bluetooth.le.PeriodicAdvertisingReport$1: android.bluetooth.le.PeriodicAdvertisingReport createFromParcel(android.os.Parcel)>",
					"source":"CALLER"
				},
				{
					"trace":[
						"<android.os.Parcelable$Creator: java.lang.Object createFromParcel(android.os.Parcel)>",
						"<android.bluetooth.le.PeriodicAdvertisingReport: void <init>(android.os.Parcel,android.bluetooth.le.PeriodicAdvertisingReport$1)>",
						"<android.bluetooth.le.PeriodicAdvertisingReport: void <init>(android.os.Parcel)>",
						"<android.bluetooth.le.PeriodicAdvertisingReport: void readFromParcel(android.os.Parcel)>",
						"<android.bluetooth.le.ScanRecord: android.bluetooth.le.ScanRecord parseFromBytes(byte[])>",
						"<android.bluetooth.BluetoothUuid: android.os.ParcelUuid parseUuidFrom(byte[])>"
					],
					"depth":5,
					"method":"<android.os.Parcelable$Creator: java.lang.Object createFromParcel(android.os.Parcel)>",
					"source":"CALLER"
				},
				{
					"trace":[
						"<android.bluetooth.le.ScanResult$1: android.bluetooth.le.ScanResult createFromParcel(android.os.Parcel)>",
						"<android.bluetooth.le.ScanResult: void <init>(android.os.Parcel,android.bluetooth.le.ScanResult$1)>",
						"<android.bluetooth.le.ScanResult: void <init>(android.os.Parcel)>",
						"<android.bluetooth.le.ScanResult: void readFromParcel(android.os.Parcel)>",
						"<android.bluetooth.le.ScanRecord: android.bluetooth.le.ScanRecord parseFromBytes(byte[])>",
						"<android.bluetooth.BluetoothUuid: android.os.ParcelUuid parseUuidFrom(byte[])>"
					],
					"depth":5,
					"method":"<android.bluetooth.le.ScanResult$1: android.bluetooth.le.ScanResult createFromParcel(android.os.Parcel)>",
					"source":"CALLER"
				},
				{
					"trace":[
						"<android.bluetooth.le.PeriodicAdvertisingReport$1: java.lang.Object createFromParcel(android.os.Parcel)>",
						"<android.bluetooth.le.PeriodicAdvertisingReport$1: android.bluetooth.le.PeriodicAdvertisingReport createFromParcel(android.os.Parcel)>",
						"<android.bluetooth.le.PeriodicAdvertisingReport: void <init>(android.os.Parcel,android.bluetooth.le.PeriodicAdvertisingReport$1)>",
						"<android.bluetooth.le.PeriodicAdvertisingReport: void <init>(android.os.Parcel)>",
						"<android.bluetooth.le.PeriodicAdvertisingReport: void readFromParcel(android.os.Parcel)>",
						"<android.bluetooth.le.ScanRecord: android.bluetooth.le.ScanRecord parseFromBytes(byte[])>",
						"<android.bluetooth.BluetoothUuid: android.os.ParcelUuid parseUuidFrom(byte[])>"
					],
					"depth":6,
					"method":"<android.bluetooth.le.PeriodicAdvertisingReport$1: java.lang.Object createFromParcel(android.os.Parcel)>",
					"source":"CALLER"
				},
				{
					"trace":[
						"<android.bluetooth.le.ScanResult$1: java.lang.Object createFromParcel(android.os.Parcel)>",
						"<android.bluetooth.le.ScanResult$1: android.bluetooth.le.ScanResult createFromParcel(android.os.Parcel)>",
						"<android.bluetooth.le.ScanResult: void <init>(android.os.Parcel,android.bluetooth.le.ScanResult$1)>",
						"<android.bluetooth.le.ScanResult: void <init>(android.os.Parcel)>",
						"<android.bluetooth.le.ScanResult: void readFromParcel(android.os.Parcel)>",
						"<android.bluetooth.le.ScanRecord: android.bluetooth.le.ScanRecord parseFromBytes(byte[])>",
						"<android.bluetooth.BluetoothUuid: android.os.ParcelUuid parseUuidFrom(byte[])>"
					],
					"depth":6,
					"method":"<android.bluetooth.le.ScanResult$1: java.lang.Object createFromParcel(android.os.Parcel)>",
					"source":"CALLER"
				}
			],
			"callerOfSingnlar2SourceVar":{
				"<android.bluetooth.BluetoothUuid: android.os.ParcelUuid parseUuidFrom(byte[])>":"0"
			}
		},
		{
			"method":"<android.bluetooth.BluetoothUuid: byte[] uuidToBytes(android.os.ParcelUuid)>",
			"message":"\\Quuid cannot be null\\E",
			"relatedVarType":"Parameter",
			"relatedCondType":"Basic",
			"modifier":"public",
			"type":"java.lang.IllegalArgumentException",
			"osVersionRelated":false,
			"resourceRelated":false,
			"assessRelated":false,
			"hardwareRelated":false,
			"manifestRelated":false,
			"conditions":"r10 == null",
			"paramValues":"@parameter0: android.os.ParcelUuid",
			"relatedValues":"@parameter0: android.os.ParcelUuid; ; ",
			"keyAPISameClassNum":0,
			"keyAPIDiffClassNum":0,
			"keyAPISameClass":[
				{
					"trace":[
						"<android.bluetooth.BluetoothUuid: byte[] uuidToBytes(android.os.ParcelUuid)>"
					],
					"depth":0,
					"method":"<android.bluetooth.BluetoothUuid: byte[] uuidToBytes(android.os.ParcelUuid)>",
					"source":"CALLER"
				}
			],
			"keyAPIDiffClass":[
				{
					"trace":[
						"<android.bluetooth.le.BluetoothLeAdvertiser: void startAdvertising(android.bluetooth.le.AdvertiseSettings,android.bluetooth.le.AdvertiseData,android.bluetooth.le.AdvertiseData,android.bluetooth.le.AdvertiseCallback)>",
						"<android.bluetooth.le.BluetoothLeAdvertiser: int totalBytes(android.bluetooth.le.AdvertiseData,boolean)>",
						"<android.bluetooth.BluetoothUuid: byte[] uuidToBytes(android.os.ParcelUuid)>"
					],
					"depth":2,
					"method":"<android.bluetooth.le.BluetoothLeAdvertiser: void startAdvertising(android.bluetooth.le.AdvertiseSettings,android.bluetooth.le.AdvertiseData,android.bluetooth.le.AdvertiseData,android.bluetooth.le.AdvertiseCallback)>",
					"source":"CALLER"
				},
				{
					"trace":[
						"<android.bluetooth.le.BluetoothLeAdvertiser: void startAdvertisingSet(android.bluetooth.le.AdvertisingSetParameters,android.bluetooth.le.AdvertiseData,android.bluetooth.le.AdvertiseData,android.bluetooth.le.PeriodicAdvertisingParameters,android.bluetooth.le.AdvertiseData,int,int,android.bluetooth.le.AdvertisingSetCallback,android.os.Handler)>",
						"<android.bluetooth.le.BluetoothLeAdvertiser: int totalBytes(android.bluetooth.le.AdvertiseData,boolean)>",
						"<android.bluetooth.BluetoothUuid: byte[] uuidToBytes(android.os.ParcelUuid)>"
					],
					"depth":2,
					"method":"<android.bluetooth.le.BluetoothLeAdvertiser: void startAdvertisingSet(android.bluetooth.le.AdvertisingSetParameters,android.bluetooth.le.AdvertiseData,android.bluetooth.le.AdvertiseData,android.bluetooth.le.PeriodicAdvertisingParameters,android.bluetooth.le.AdvertiseData,int,int,android.bluetooth.le.AdvertisingSetCallback,android.os.Handler)>",
					"source":"CALLER"
				},
				{
					"trace":[
						"<android.bluetooth.le.BluetoothLeAdvertiser: void startAdvertising(android.bluetooth.le.AdvertiseSettings,android.bluetooth.le.AdvertiseData,android.bluetooth.le.AdvertiseCallback)>",
						"<android.bluetooth.le.BluetoothLeAdvertiser: void startAdvertising(android.bluetooth.le.AdvertiseSettings,android.bluetooth.le.AdvertiseData,android.bluetooth.le.AdvertiseData,android.bluetooth.le.AdvertiseCallback)>",
						"<android.bluetooth.le.BluetoothLeAdvertiser: int totalBytes(android.bluetooth.le.AdvertiseData,boolean)>",
						"<android.bluetooth.BluetoothUuid: byte[] uuidToBytes(android.os.ParcelUuid)>"
					],
					"depth":3,
					"method":"<android.bluetooth.le.BluetoothLeAdvertiser: void startAdvertising(android.bluetooth.le.AdvertiseSettings,android.bluetooth.le.AdvertiseData,android.bluetooth.le.AdvertiseCallback)>",
					"source":"CALLER"
				},
				{
					"trace":[
						"<android.bluetooth.le.BluetoothLeAdvertiser: void startAdvertisingSet(android.bluetooth.le.AdvertisingSetParameters,android.bluetooth.le.AdvertiseData,android.bluetooth.le.AdvertiseData,android.bluetooth.le.PeriodicAdvertisingParameters,android.bluetooth.le.AdvertiseData,int,int,android.bluetooth.le.AdvertisingSetCallback)>",
						"<android.bluetooth.le.BluetoothLeAdvertiser: void startAdvertisingSet(android.bluetooth.le.AdvertisingSetParameters,android.bluetooth.le.AdvertiseData,android.bluetooth.le.AdvertiseData,android.bluetooth.le.PeriodicAdvertisingParameters,android.bluetooth.le.AdvertiseData,int,int,android.bluetooth.le.AdvertisingSetCallback,android.os.Handler)>",
						"<android.bluetooth.le.BluetoothLeAdvertiser: int totalBytes(android.bluetooth.le.AdvertiseData,boolean)>",
						"<android.bluetooth.BluetoothUuid: byte[] uuidToBytes(android.os.ParcelUuid)>"
					],
					"depth":3,
					"method":"<android.bluetooth.le.BluetoothLeAdvertiser: void startAdvertisingSet(android.bluetooth.le.AdvertisingSetParameters,android.bluetooth.le.AdvertiseData,android.bluetooth.le.AdvertiseData,android.bluetooth.le.PeriodicAdvertisingParameters,android.bluetooth.le.AdvertiseData,int,int,android.bluetooth.le.AdvertisingSetCallback)>",
					"source":"CALLER"
				},
				{
					"trace":[
						"<android.bluetooth.le.BluetoothLeAdvertiser: void startAdvertisingSet(android.bluetooth.le.AdvertisingSetParameters,android.bluetooth.le.AdvertiseData,android.bluetooth.le.AdvertiseData,android.bluetooth.le.PeriodicAdvertisingParameters,android.bluetooth.le.AdvertiseData,android.bluetooth.le.AdvertisingSetCallback,android.os.Handler)>",
						"<android.bluetooth.le.BluetoothLeAdvertiser: void startAdvertisingSet(android.bluetooth.le.AdvertisingSetParameters,android.bluetooth.le.AdvertiseData,android.bluetooth.le.AdvertiseData,android.bluetooth.le.PeriodicAdvertisingParameters,android.bluetooth.le.AdvertiseData,int,int,android.bluetooth.le.AdvertisingSetCallback,android.os.Handler)>",
						"<android.bluetooth.le.BluetoothLeAdvertiser: int totalBytes(android.bluetooth.le.AdvertiseData,boolean)>",
						"<android.bluetooth.BluetoothUuid: byte[] uuidToBytes(android.os.ParcelUuid)>"
					],
					"depth":3,
					"method":"<android.bluetooth.le.BluetoothLeAdvertiser: void startAdvertisingSet(android.bluetooth.le.AdvertisingSetParameters,android.bluetooth.le.AdvertiseData,android.bluetooth.le.AdvertiseData,android.bluetooth.le.PeriodicAdvertisingParameters,android.bluetooth.le.AdvertiseData,android.bluetooth.le.AdvertisingSetCallback,android.os.Handler)>",
					"source":"CALLER"
				},
				{
					"trace":[
						"<android.bluetooth.le.BluetoothLeAdvertiser: void startAdvertisingSet(android.bluetooth.le.AdvertisingSetParameters,android.bluetooth.le.AdvertiseData,android.bluetooth.le.AdvertiseData,android.bluetooth.le.PeriodicAdvertisingParameters,android.bluetooth.le.AdvertiseData,android.bluetooth.le.AdvertisingSetCallback)>",
						"<android.bluetooth.le.BluetoothLeAdvertiser: void startAdvertisingSet(android.bluetooth.le.AdvertisingSetParameters,android.bluetooth.le.AdvertiseData,android.bluetooth.le.AdvertiseData,android.bluetooth.le.PeriodicAdvertisingParameters,android.bluetooth.le.AdvertiseData,int,int,android.bluetooth.le.AdvertisingSetCallback,android.os.Handler)>",
						"<android.bluetooth.le.BluetoothLeAdvertiser: int totalBytes(android.bluetooth.le.AdvertiseData,boolean)>",
						"<android.bluetooth.BluetoothUuid: byte[] uuidToBytes(android.os.ParcelUuid)>"
					],
					"depth":3,
					"method":"<android.bluetooth.le.BluetoothLeAdvertiser: void startAdvertisingSet(android.bluetooth.le.AdvertisingSetParameters,android.bluetooth.le.AdvertiseData,android.bluetooth.le.AdvertiseData,android.bluetooth.le.PeriodicAdvertisingParameters,android.bluetooth.le.AdvertiseData,android.bluetooth.le.AdvertisingSetCallback)>",
					"source":"CALLER"
				}
			],
			"callerOfSingnlar2SourceVar":{
				"<android.bluetooth.BluetoothUuid: byte[] uuidToBytes(android.os.ParcelUuid)>":"0",
				"<android.os.BytesMatcher: boolean testBluetoothUuid(android.os.ParcelUuid)>":"0"
			}
		}
	]
}