{
	"exceptions":[
		{
			"method":"<android.app.smartspace.SmartspaceTarget$Builder: android.app.smartspace.SmartspaceTarget build()>",
			"message":"\\QPlease assign a value to all @NonNull args.\\E",
			"relatedVarType":"Field",
			"relatedCondType":"Basic",
			"modifier":"public",
			"type":"java.lang.IllegalStateException",
			"osVersionRelated":false,
			"resourceRelated":false,
			"assessRelated":false,
			"hardwareRelated":false,
			"manifestRelated":false,
			"conditions":"$r1 == null, $r2 == null",
			"fieldValues":"<android.app.smartspace.SmartspaceTarget$Builder: java.lang.String mSmartspaceTargetId>, <android.app.smartspace.SmartspaceTarget$Builder: android.content.ComponentName mComponentName>",
			"relatedValues":"; <android.app.smartspace.SmartspaceTarget$Builder: java.lang.String mSmartspaceTargetId>, <android.app.smartspace.SmartspaceTarget$Builder: android.content.ComponentName mComponentName>; ",
			"keyAPISameClassNum":2,
			"keyAPIDiffClassNum":0,
			"keyAPISameClass":[
				{
					"trace":[
						"<android.app.smartspace.SmartspaceTarget$Builder: android.app.smartspace.SmartspaceTarget build()>"
					],
					"depth":1,
					"method":"<android.app.smartspace.SmartspaceTarget$Builder: void <init>(java.lang.String,android.content.ComponentName,android.os.UserHandle)>",
					"source":"FIELD"
				},
				{
					"trace":[
						"<android.app.smartspace.SmartspaceTarget$Builder: android.app.smartspace.SmartspaceTarget build()>"
					],
					"depth":1,
					"method":"<android.app.smartspace.SmartspaceTarget$Builder: android.app.smartspace.SmartspaceTarget build()>",
					"source":"FIELD"
				}
			],
			"keyAPIDiffClass":[],
			"callerOfSingnlar2SourceVar":{}
		}
	]
}