{
	"exceptions":[
		{
			"method":"<android.bluetooth.BluetoothLeAudio: boolean connect(android.bluetooth.BluetoothDevice)>",
			"message":"[\\s\\S]*",
			"relatedVarType":"Field",
			"relatedCondType":"Basic",
			"modifier":"public",
			"type":"java.lang.Throwable",
			"osVersionRelated":false,
			"resourceRelated":false,
			"assessRelated":false,
			"hardwareRelated":false,
			"manifestRelated":false,
			"conditions":"r1 == null, $z0 == 0",
			"fieldValues":"<android.bluetooth.BluetoothLeAudio: android.bluetooth.BluetoothAdapter mAdapter>",
			"caughtValues":"@caughtexception",
			"relatedValues":"; <android.bluetooth.BluetoothLeAudio: android.bluetooth.BluetoothAdapter mAdapter>; @caughtexception",
			"keyAPISameClassNum":10,
			"keyAPIDiffClassNum":1,
			"keyAPISameClass":[
				{
					"trace":[
						"<android.bluetooth.BluetoothLeAudio: boolean connect(android.bluetooth.BluetoothDevice)>"
					],
					"depth":1,
					"method":"<android.bluetooth.BluetoothLeAudio: boolean connect(android.bluetooth.BluetoothDevice)>",
					"source":"FIELD"
				},
				{
					"trace":[
						"<android.bluetooth.BluetoothLeAudio: boolean connect(android.bluetooth.BluetoothDevice)>"
					],
					"depth":1,
					"method":"<android.bluetooth.BluetoothLeAudio: boolean disconnect(android.bluetooth.BluetoothDevice)>",
					"source":"FIELD"
				},
				{
					"trace":[
						"<android.bluetooth.BluetoothLeAudio: boolean connect(android.bluetooth.BluetoothDevice)>"
					],
					"depth":1,
					"method":"<android.bluetooth.BluetoothLeAudio: java.util.List getActiveDevices()>",
					"source":"FIELD"
				},
				{
					"trace":[
						"<android.bluetooth.BluetoothLeAudio: boolean connect(android.bluetooth.BluetoothDevice)>"
					],
					"depth":1,
					"method":"<android.bluetooth.BluetoothLeAudio: java.util.List getConnectedDevices()>",
					"source":"FIELD"
				},
				{
					"trace":[
						"<android.bluetooth.BluetoothLeAudio: boolean connect(android.bluetooth.BluetoothDevice)>"
					],
					"depth":1,
					"method":"<android.bluetooth.BluetoothLeAudio: int getConnectionPolicy(android.bluetooth.BluetoothDevice)>",
					"source":"FIELD"
				},
				{
					"trace":[
						"<android.bluetooth.BluetoothLeAudio: boolean connect(android.bluetooth.BluetoothDevice)>"
					],
					"depth":1,
					"method":"<android.bluetooth.BluetoothLeAudio: int getConnectionState(android.bluetooth.BluetoothDevice)>",
					"source":"FIELD"
				},
				{
					"trace":[
						"<android.bluetooth.BluetoothLeAudio: boolean connect(android.bluetooth.BluetoothDevice)>"
					],
					"depth":1,
					"method":"<android.bluetooth.BluetoothLeAudio: java.util.List getDevicesMatchingConnectionStates(int[])>",
					"source":"FIELD"
				},
				{
					"trace":[
						"<android.bluetooth.BluetoothLeAudio: boolean connect(android.bluetooth.BluetoothDevice)>"
					],
					"depth":1,
					"method":"<android.bluetooth.BluetoothLeAudio: int getGroupId(android.bluetooth.BluetoothDevice)>",
					"source":"FIELD"
				},
				{
					"trace":[
						"<android.bluetooth.BluetoothLeAudio: boolean connect(android.bluetooth.BluetoothDevice)>"
					],
					"depth":1,
					"method":"<android.bluetooth.BluetoothLeAudio: boolean setActiveDevice(android.bluetooth.BluetoothDevice)>",
					"source":"FIELD"
				},
				{
					"trace":[
						"<android.bluetooth.BluetoothLeAudio: boolean connect(android.bluetooth.BluetoothDevice)>"
					],
					"depth":1,
					"method":"<android.bluetooth.BluetoothLeAudio: boolean setConnectionPolicy(android.bluetooth.BluetoothDevice,int)>",
					"source":"FIELD"
				}
			],
			"keyAPIDiffClass":[
				{
					"trace":[
						"<android.bluetooth.BluetoothAdapter: boolean getProfileProxy(android.content.Context,android.bluetooth.BluetoothProfile$ServiceListener,int)>",
						"<android.bluetooth.BluetoothLeAudio: void <init>(android.content.Context,android.bluetooth.BluetoothProfile$ServiceListener,android.bluetooth.BluetoothAdapter)>",
						"key field: <android.bluetooth.BluetoothLeAudio: android.bluetooth.BluetoothAdapter mAdapter>",
						"<android.bluetooth.BluetoothLeAudio: boolean connect(android.bluetooth.BluetoothDevice)>"
					],
					"depth":2,
					"method":"<android.bluetooth.BluetoothAdapter: boolean getProfileProxy(android.content.Context,android.bluetooth.BluetoothProfile$ServiceListener,int)>",
					"source":"FIELDCALLER"
				}
			],
			"callerOfSingnlar2SourceVar":{}
		},
		{
			"method":"<android.bluetooth.BluetoothLeAudio: boolean disconnect(android.bluetooth.BluetoothDevice)>",
			"message":"[\\s\\S]*",
			"relatedVarType":"Field",
			"relatedCondType":"Basic",
			"modifier":"public",
			"type":"java.lang.Throwable",
			"osVersionRelated":false,
			"resourceRelated":false,
			"assessRelated":false,
			"hardwareRelated":false,
			"manifestRelated":false,
			"conditions":"r1 == null, $z0 == 0",
			"fieldValues":"<android.bluetooth.BluetoothLeAudio: android.bluetooth.BluetoothAdapter mAdapter>",
			"caughtValues":"@caughtexception",
			"relatedValues":"; <android.bluetooth.BluetoothLeAudio: android.bluetooth.BluetoothAdapter mAdapter>; @caughtexception",
			"keyAPISameClassNum":10,
			"keyAPIDiffClassNum":1,
			"keyAPISameClass":[
				{
					"trace":[
						"<android.bluetooth.BluetoothLeAudio: boolean disconnect(android.bluetooth.BluetoothDevice)>"
					],
					"depth":1,
					"method":"<android.bluetooth.BluetoothLeAudio: boolean connect(android.bluetooth.BluetoothDevice)>",
					"source":"FIELD"
				},
				{
					"trace":[
						"<android.bluetooth.BluetoothLeAudio: boolean disconnect(android.bluetooth.BluetoothDevice)>"
					],
					"depth":1,
					"method":"<android.bluetooth.BluetoothLeAudio: boolean disconnect(android.bluetooth.BluetoothDevice)>",
					"source":"FIELD"
				},
				{
					"trace":[
						"<android.bluetooth.BluetoothLeAudio: boolean disconnect(android.bluetooth.BluetoothDevice)>"
					],
					"depth":1,
					"method":"<android.bluetooth.BluetoothLeAudio: java.util.List getActiveDevices()>",
					"source":"FIELD"
				},
				{
					"trace":[
						"<android.bluetooth.BluetoothLeAudio: boolean disconnect(android.bluetooth.BluetoothDevice)>"
					],
					"depth":1,
					"method":"<android.bluetooth.BluetoothLeAudio: java.util.List getConnectedDevices()>",
					"source":"FIELD"
				},
				{
					"trace":[
						"<android.bluetooth.BluetoothLeAudio: boolean disconnect(android.bluetooth.BluetoothDevice)>"
					],
					"depth":1,
					"method":"<android.bluetooth.BluetoothLeAudio: int getConnectionPolicy(android.bluetooth.BluetoothDevice)>",
					"source":"FIELD"
				},
				{
					"trace":[
						"<android.bluetooth.BluetoothLeAudio: boolean disconnect(android.bluetooth.BluetoothDevice)>"
					],
					"depth":1,
					"method":"<android.bluetooth.BluetoothLeAudio: int getConnectionState(android.bluetooth.BluetoothDevice)>",
					"source":"FIELD"
				},
				{
					"trace":[
						"<android.bluetooth.BluetoothLeAudio: boolean disconnect(android.bluetooth.BluetoothDevice)>"
					],
					"depth":1,
					"method":"<android.bluetooth.BluetoothLeAudio: java.util.List getDevicesMatchingConnectionStates(int[])>",
					"source":"FIELD"
				},
				{
					"trace":[
						"<android.bluetooth.BluetoothLeAudio: boolean disconnect(android.bluetooth.BluetoothDevice)>"
					],
					"depth":1,
					"method":"<android.bluetooth.BluetoothLeAudio: int getGroupId(android.bluetooth.BluetoothDevice)>",
					"source":"FIELD"
				},
				{
					"trace":[
						"<android.bluetooth.BluetoothLeAudio: boolean disconnect(android.bluetooth.BluetoothDevice)>"
					],
					"depth":1,
					"method":"<android.bluetooth.BluetoothLeAudio: boolean setActiveDevice(android.bluetooth.BluetoothDevice)>",
					"source":"FIELD"
				},
				{
					"trace":[
						"<android.bluetooth.BluetoothLeAudio: boolean disconnect(android.bluetooth.BluetoothDevice)>"
					],
					"depth":1,
					"method":"<android.bluetooth.BluetoothLeAudio: boolean setConnectionPolicy(android.bluetooth.BluetoothDevice,int)>",
					"source":"FIELD"
				}
			],
			"keyAPIDiffClass":[
				{
					"trace":[
						"<android.bluetooth.BluetoothAdapter: boolean getProfileProxy(android.content.Context,android.bluetooth.BluetoothProfile$ServiceListener,int)>",
						"<android.bluetooth.BluetoothLeAudio: void <init>(android.content.Context,android.bluetooth.BluetoothProfile$ServiceListener,android.bluetooth.BluetoothAdapter)>",
						"key field: <android.bluetooth.BluetoothLeAudio: android.bluetooth.BluetoothAdapter mAdapter>",
						"<android.bluetooth.BluetoothLeAudio: boolean disconnect(android.bluetooth.BluetoothDevice)>"
					],
					"depth":2,
					"method":"<android.bluetooth.BluetoothAdapter: boolean getProfileProxy(android.content.Context,android.bluetooth.BluetoothProfile$ServiceListener,int)>",
					"source":"FIELDCALLER"
				}
			],
			"callerOfSingnlar2SourceVar":{}
		},
		{
			"method":"<android.bluetooth.BluetoothLeAudio: java.util.List getActiveDevices()>",
			"message":"[\\s\\S]*",
			"relatedVarType":"Field",
			"relatedCondType":"Basic",
			"modifier":"public",
			"type":"java.lang.Throwable",
			"osVersionRelated":false,
			"resourceRelated":false,
			"assessRelated":false,
			"hardwareRelated":false,
			"manifestRelated":false,
			"conditions":"r15 == null, $z0 == 0, r15 != null",
			"fieldValues":"<android.bluetooth.BluetoothLeAudio: android.bluetooth.BluetoothAdapter mAdapter>",
			"caughtValues":"@caughtexception",
			"relatedValues":"; <android.bluetooth.BluetoothLeAudio: android.bluetooth.BluetoothAdapter mAdapter>; @caughtexception",
			"keyAPISameClassNum":10,
			"keyAPIDiffClassNum":1,
			"keyAPISameClass":[
				{
					"trace":[
						"<android.bluetooth.BluetoothLeAudio: java.util.List getActiveDevices()>"
					],
					"depth":1,
					"method":"<android.bluetooth.BluetoothLeAudio: boolean connect(android.bluetooth.BluetoothDevice)>",
					"source":"FIELD"
				},
				{
					"trace":[
						"<android.bluetooth.BluetoothLeAudio: java.util.List getActiveDevices()>"
					],
					"depth":1,
					"method":"<android.bluetooth.BluetoothLeAudio: boolean disconnect(android.bluetooth.BluetoothDevice)>",
					"source":"FIELD"
				},
				{
					"trace":[
						"<android.bluetooth.BluetoothLeAudio: java.util.List getActiveDevices()>"
					],
					"depth":1,
					"method":"<android.bluetooth.BluetoothLeAudio: java.util.List getActiveDevices()>",
					"source":"FIELD"
				},
				{
					"trace":[
						"<android.bluetooth.BluetoothLeAudio: java.util.List getActiveDevices()>"
					],
					"depth":1,
					"method":"<android.bluetooth.BluetoothLeAudio: java.util.List getConnectedDevices()>",
					"source":"FIELD"
				},
				{
					"trace":[
						"<android.bluetooth.BluetoothLeAudio: java.util.List getActiveDevices()>"
					],
					"depth":1,
					"method":"<android.bluetooth.BluetoothLeAudio: int getConnectionPolicy(android.bluetooth.BluetoothDevice)>",
					"source":"FIELD"
				},
				{
					"trace":[
						"<android.bluetooth.BluetoothLeAudio: java.util.List getActiveDevices()>"
					],
					"depth":1,
					"method":"<android.bluetooth.BluetoothLeAudio: int getConnectionState(android.bluetooth.BluetoothDevice)>",
					"source":"FIELD"
				},
				{
					"trace":[
						"<android.bluetooth.BluetoothLeAudio: java.util.List getActiveDevices()>"
					],
					"depth":1,
					"method":"<android.bluetooth.BluetoothLeAudio: java.util.List getDevicesMatchingConnectionStates(int[])>",
					"source":"FIELD"
				},
				{
					"trace":[
						"<android.bluetooth.BluetoothLeAudio: java.util.List getActiveDevices()>"
					],
					"depth":1,
					"method":"<android.bluetooth.BluetoothLeAudio: int getGroupId(android.bluetooth.BluetoothDevice)>",
					"source":"FIELD"
				},
				{
					"trace":[
						"<android.bluetooth.BluetoothLeAudio: java.util.List getActiveDevices()>"
					],
					"depth":1,
					"method":"<android.bluetooth.BluetoothLeAudio: boolean setActiveDevice(android.bluetooth.BluetoothDevice)>",
					"source":"FIELD"
				},
				{
					"trace":[
						"<android.bluetooth.BluetoothLeAudio: java.util.List getActiveDevices()>"
					],
					"depth":1,
					"method":"<android.bluetooth.BluetoothLeAudio: boolean setConnectionPolicy(android.bluetooth.BluetoothDevice,int)>",
					"source":"FIELD"
				}
			],
			"keyAPIDiffClass":[
				{
					"trace":[
						"<android.bluetooth.BluetoothAdapter: boolean getProfileProxy(android.content.Context,android.bluetooth.BluetoothProfile$ServiceListener,int)>",
						"<android.bluetooth.BluetoothLeAudio: void <init>(android.content.Context,android.bluetooth.BluetoothProfile$ServiceListener,android.bluetooth.BluetoothAdapter)>",
						"key field: <android.bluetooth.BluetoothLeAudio: android.bluetooth.BluetoothAdapter mAdapter>",
						"<android.bluetooth.BluetoothLeAudio: java.util.List getActiveDevices()>"
					],
					"depth":2,
					"method":"<android.bluetooth.BluetoothAdapter: boolean getProfileProxy(android.content.Context,android.bluetooth.BluetoothProfile$ServiceListener,int)>",
					"source":"FIELDCALLER"
				}
			],
			"callerOfSingnlar2SourceVar":{}
		},
		{
			"method":"<android.bluetooth.BluetoothLeAudio: java.util.List getConnectedDevices()>",
			"message":"[\\s\\S]*",
			"relatedVarType":"Field",
			"relatedCondType":"Basic",
			"modifier":"public",
			"type":"java.lang.Throwable",
			"osVersionRelated":false,
			"resourceRelated":false,
			"assessRelated":false,
			"hardwareRelated":false,
			"manifestRelated":false,
			"conditions":"r15 == null, $z0 == 0, r15 != null",
			"fieldValues":"<android.bluetooth.BluetoothLeAudio: android.bluetooth.BluetoothAdapter mAdapter>",
			"caughtValues":"@caughtexception",
			"relatedValues":"; <android.bluetooth.BluetoothLeAudio: android.bluetooth.BluetoothAdapter mAdapter>; @caughtexception",
			"keyAPISameClassNum":10,
			"keyAPIDiffClassNum":1,
			"keyAPISameClass":[
				{
					"trace":[
						"<android.bluetooth.BluetoothLeAudio: java.util.List getConnectedDevices()>"
					],
					"depth":1,
					"method":"<android.bluetooth.BluetoothLeAudio: boolean connect(android.bluetooth.BluetoothDevice)>",
					"source":"FIELD"
				},
				{
					"trace":[
						"<android.bluetooth.BluetoothLeAudio: java.util.List getConnectedDevices()>"
					],
					"depth":1,
					"method":"<android.bluetooth.BluetoothLeAudio: boolean disconnect(android.bluetooth.BluetoothDevice)>",
					"source":"FIELD"
				},
				{
					"trace":[
						"<android.bluetooth.BluetoothLeAudio: java.util.List getConnectedDevices()>"
					],
					"depth":1,
					"method":"<android.bluetooth.BluetoothLeAudio: java.util.List getActiveDevices()>",
					"source":"FIELD"
				},
				{
					"trace":[
						"<android.bluetooth.BluetoothLeAudio: java.util.List getConnectedDevices()>"
					],
					"depth":1,
					"method":"<android.bluetooth.BluetoothLeAudio: java.util.List getConnectedDevices()>",
					"source":"FIELD"
				},
				{
					"trace":[
						"<android.bluetooth.BluetoothLeAudio: java.util.List getConnectedDevices()>"
					],
					"depth":1,
					"method":"<android.bluetooth.BluetoothLeAudio: int getConnectionPolicy(android.bluetooth.BluetoothDevice)>",
					"source":"FIELD"
				},
				{
					"trace":[
						"<android.bluetooth.BluetoothLeAudio: java.util.List getConnectedDevices()>"
					],
					"depth":1,
					"method":"<android.bluetooth.BluetoothLeAudio: int getConnectionState(android.bluetooth.BluetoothDevice)>",
					"source":"FIELD"
				},
				{
					"trace":[
						"<android.bluetooth.BluetoothLeAudio: java.util.List getConnectedDevices()>"
					],
					"depth":1,
					"method":"<android.bluetooth.BluetoothLeAudio: java.util.List getDevicesMatchingConnectionStates(int[])>",
					"source":"FIELD"
				},
				{
					"trace":[
						"<android.bluetooth.BluetoothLeAudio: java.util.List getConnectedDevices()>"
					],
					"depth":1,
					"method":"<android.bluetooth.BluetoothLeAudio: int getGroupId(android.bluetooth.BluetoothDevice)>",
					"source":"FIELD"
				},
				{
					"trace":[
						"<android.bluetooth.BluetoothLeAudio: java.util.List getConnectedDevices()>"
					],
					"depth":1,
					"method":"<android.bluetooth.BluetoothLeAudio: boolean setActiveDevice(android.bluetooth.BluetoothDevice)>",
					"source":"FIELD"
				},
				{
					"trace":[
						"<android.bluetooth.BluetoothLeAudio: java.util.List getConnectedDevices()>"
					],
					"depth":1,
					"method":"<android.bluetooth.BluetoothLeAudio: boolean setConnectionPolicy(android.bluetooth.BluetoothDevice,int)>",
					"source":"FIELD"
				}
			],
			"keyAPIDiffClass":[
				{
					"trace":[
						"<android.bluetooth.BluetoothAdapter: boolean getProfileProxy(android.content.Context,android.bluetooth.BluetoothProfile$ServiceListener,int)>",
						"<android.bluetooth.BluetoothLeAudio: void <init>(android.content.Context,android.bluetooth.BluetoothProfile$ServiceListener,android.bluetooth.BluetoothAdapter)>",
						"key field: <android.bluetooth.BluetoothLeAudio: android.bluetooth.BluetoothAdapter mAdapter>",
						"<android.bluetooth.BluetoothLeAudio: java.util.List getConnectedDevices()>"
					],
					"depth":2,
					"method":"<android.bluetooth.BluetoothAdapter: boolean getProfileProxy(android.content.Context,android.bluetooth.BluetoothProfile$ServiceListener,int)>",
					"source":"FIELDCALLER"
				}
			],
			"callerOfSingnlar2SourceVar":{}
		},
		{
			"method":"<android.bluetooth.BluetoothLeAudio: int getConnectionPolicy(android.bluetooth.BluetoothDevice)>",
			"message":"[\\s\\S]*",
			"relatedVarType":"Field",
			"relatedCondType":"Basic",
			"modifier":"public",
			"type":"java.lang.Throwable",
			"osVersionRelated":false,
			"resourceRelated":false,
			"assessRelated":false,
			"hardwareRelated":false,
			"manifestRelated":false,
			"conditions":"r1 == null, $z0 == 0",
			"fieldValues":"<android.bluetooth.BluetoothLeAudio: android.bluetooth.BluetoothAdapter mAdapter>",
			"caughtValues":"@caughtexception",
			"relatedValues":"; <android.bluetooth.BluetoothLeAudio: android.bluetooth.BluetoothAdapter mAdapter>; @caughtexception",
			"keyAPISameClassNum":10,
			"keyAPIDiffClassNum":1,
			"keyAPISameClass":[
				{
					"trace":[
						"<android.bluetooth.BluetoothLeAudio: int getConnectionPolicy(android.bluetooth.BluetoothDevice)>"
					],
					"depth":1,
					"method":"<android.bluetooth.BluetoothLeAudio: boolean connect(android.bluetooth.BluetoothDevice)>",
					"source":"FIELD"
				},
				{
					"trace":[
						"<android.bluetooth.BluetoothLeAudio: int getConnectionPolicy(android.bluetooth.BluetoothDevice)>"
					],
					"depth":1,
					"method":"<android.bluetooth.BluetoothLeAudio: boolean disconnect(android.bluetooth.BluetoothDevice)>",
					"source":"FIELD"
				},
				{
					"trace":[
						"<android.bluetooth.BluetoothLeAudio: int getConnectionPolicy(android.bluetooth.BluetoothDevice)>"
					],
					"depth":1,
					"method":"<android.bluetooth.BluetoothLeAudio: java.util.List getActiveDevices()>",
					"source":"FIELD"
				},
				{
					"trace":[
						"<android.bluetooth.BluetoothLeAudio: int getConnectionPolicy(android.bluetooth.BluetoothDevice)>"
					],
					"depth":1,
					"method":"<android.bluetooth.BluetoothLeAudio: java.util.List getConnectedDevices()>",
					"source":"FIELD"
				},
				{
					"trace":[
						"<android.bluetooth.BluetoothLeAudio: int getConnectionPolicy(android.bluetooth.BluetoothDevice)>"
					],
					"depth":1,
					"method":"<android.bluetooth.BluetoothLeAudio: int getConnectionPolicy(android.bluetooth.BluetoothDevice)>",
					"source":"FIELD"
				},
				{
					"trace":[
						"<android.bluetooth.BluetoothLeAudio: int getConnectionPolicy(android.bluetooth.BluetoothDevice)>"
					],
					"depth":1,
					"method":"<android.bluetooth.BluetoothLeAudio: int getConnectionState(android.bluetooth.BluetoothDevice)>",
					"source":"FIELD"
				},
				{
					"trace":[
						"<android.bluetooth.BluetoothLeAudio: int getConnectionPolicy(android.bluetooth.BluetoothDevice)>"
					],
					"depth":1,
					"method":"<android.bluetooth.BluetoothLeAudio: java.util.List getDevicesMatchingConnectionStates(int[])>",
					"source":"FIELD"
				},
				{
					"trace":[
						"<android.bluetooth.BluetoothLeAudio: int getConnectionPolicy(android.bluetooth.BluetoothDevice)>"
					],
					"depth":1,
					"method":"<android.bluetooth.BluetoothLeAudio: int getGroupId(android.bluetooth.BluetoothDevice)>",
					"source":"FIELD"
				},
				{
					"trace":[
						"<android.bluetooth.BluetoothLeAudio: int getConnectionPolicy(android.bluetooth.BluetoothDevice)>"
					],
					"depth":1,
					"method":"<android.bluetooth.BluetoothLeAudio: boolean setActiveDevice(android.bluetooth.BluetoothDevice)>",
					"source":"FIELD"
				},
				{
					"trace":[
						"<android.bluetooth.BluetoothLeAudio: int getConnectionPolicy(android.bluetooth.BluetoothDevice)>"
					],
					"depth":1,
					"method":"<android.bluetooth.BluetoothLeAudio: boolean setConnectionPolicy(android.bluetooth.BluetoothDevice,int)>",
					"source":"FIELD"
				}
			],
			"keyAPIDiffClass":[
				{
					"trace":[
						"<android.bluetooth.BluetoothAdapter: boolean getProfileProxy(android.content.Context,android.bluetooth.BluetoothProfile$ServiceListener,int)>",
						"<android.bluetooth.BluetoothLeAudio: void <init>(android.content.Context,android.bluetooth.BluetoothProfile$ServiceListener,android.bluetooth.BluetoothAdapter)>",
						"key field: <android.bluetooth.BluetoothLeAudio: android.bluetooth.BluetoothAdapter mAdapter>",
						"<android.bluetooth.BluetoothLeAudio: int getConnectionPolicy(android.bluetooth.BluetoothDevice)>"
					],
					"depth":2,
					"method":"<android.bluetooth.BluetoothAdapter: boolean getProfileProxy(android.content.Context,android.bluetooth.BluetoothProfile$ServiceListener,int)>",
					"source":"FIELDCALLER"
				}
			],
			"callerOfSingnlar2SourceVar":{}
		},
		{
			"method":"<android.bluetooth.BluetoothLeAudio: int getConnectionState(android.bluetooth.BluetoothDevice)>",
			"message":"[\\s\\S]*",
			"relatedVarType":"Field",
			"relatedCondType":"Basic",
			"modifier":"public",
			"type":"java.lang.Throwable",
			"osVersionRelated":false,
			"resourceRelated":false,
			"assessRelated":false,
			"hardwareRelated":false,
			"manifestRelated":false,
			"conditions":"r1 == null, $z0 == 0",
			"fieldValues":"<android.bluetooth.BluetoothLeAudio: android.bluetooth.BluetoothAdapter mAdapter>",
			"caughtValues":"@caughtexception",
			"relatedValues":"; <android.bluetooth.BluetoothLeAudio: android.bluetooth.BluetoothAdapter mAdapter>; @caughtexception",
			"keyAPISameClassNum":10,
			"keyAPIDiffClassNum":1,
			"keyAPISameClass":[
				{
					"trace":[
						"<android.bluetooth.BluetoothLeAudio: int getConnectionState(android.bluetooth.BluetoothDevice)>"
					],
					"depth":1,
					"method":"<android.bluetooth.BluetoothLeAudio: boolean connect(android.bluetooth.BluetoothDevice)>",
					"source":"FIELD"
				},
				{
					"trace":[
						"<android.bluetooth.BluetoothLeAudio: int getConnectionState(android.bluetooth.BluetoothDevice)>"
					],
					"depth":1,
					"method":"<android.bluetooth.BluetoothLeAudio: boolean disconnect(android.bluetooth.BluetoothDevice)>",
					"source":"FIELD"
				},
				{
					"trace":[
						"<android.bluetooth.BluetoothLeAudio: int getConnectionState(android.bluetooth.BluetoothDevice)>"
					],
					"depth":1,
					"method":"<android.bluetooth.BluetoothLeAudio: java.util.List getActiveDevices()>",
					"source":"FIELD"
				},
				{
					"trace":[
						"<android.bluetooth.BluetoothLeAudio: int getConnectionState(android.bluetooth.BluetoothDevice)>"
					],
					"depth":1,
					"method":"<android.bluetooth.BluetoothLeAudio: java.util.List getConnectedDevices()>",
					"source":"FIELD"
				},
				{
					"trace":[
						"<android.bluetooth.BluetoothLeAudio: int getConnectionState(android.bluetooth.BluetoothDevice)>"
					],
					"depth":1,
					"method":"<android.bluetooth.BluetoothLeAudio: int getConnectionPolicy(android.bluetooth.BluetoothDevice)>",
					"source":"FIELD"
				},
				{
					"trace":[
						"<android.bluetooth.BluetoothLeAudio: int getConnectionState(android.bluetooth.BluetoothDevice)>"
					],
					"depth":1,
					"method":"<android.bluetooth.BluetoothLeAudio: int getConnectionState(android.bluetooth.BluetoothDevice)>",
					"source":"FIELD"
				},
				{
					"trace":[
						"<android.bluetooth.BluetoothLeAudio: int getConnectionState(android.bluetooth.BluetoothDevice)>"
					],
					"depth":1,
					"method":"<android.bluetooth.BluetoothLeAudio: java.util.List getDevicesMatchingConnectionStates(int[])>",
					"source":"FIELD"
				},
				{
					"trace":[
						"<android.bluetooth.BluetoothLeAudio: int getConnectionState(android.bluetooth.BluetoothDevice)>"
					],
					"depth":1,
					"method":"<android.bluetooth.BluetoothLeAudio: int getGroupId(android.bluetooth.BluetoothDevice)>",
					"source":"FIELD"
				},
				{
					"trace":[
						"<android.bluetooth.BluetoothLeAudio: int getConnectionState(android.bluetooth.BluetoothDevice)>"
					],
					"depth":1,
					"method":"<android.bluetooth.BluetoothLeAudio: boolean setActiveDevice(android.bluetooth.BluetoothDevice)>",
					"source":"FIELD"
				},
				{
					"trace":[
						"<android.bluetooth.BluetoothLeAudio: int getConnectionState(android.bluetooth.BluetoothDevice)>"
					],
					"depth":1,
					"method":"<android.bluetooth.BluetoothLeAudio: boolean setConnectionPolicy(android.bluetooth.BluetoothDevice,int)>",
					"source":"FIELD"
				}
			],
			"keyAPIDiffClass":[
				{
					"trace":[
						"<android.bluetooth.BluetoothAdapter: boolean getProfileProxy(android.content.Context,android.bluetooth.BluetoothProfile$ServiceListener,int)>",
						"<android.bluetooth.BluetoothLeAudio: void <init>(android.content.Context,android.bluetooth.BluetoothProfile$ServiceListener,android.bluetooth.BluetoothAdapter)>",
						"key field: <android.bluetooth.BluetoothLeAudio: android.bluetooth.BluetoothAdapter mAdapter>",
						"<android.bluetooth.BluetoothLeAudio: int getConnectionState(android.bluetooth.BluetoothDevice)>"
					],
					"depth":2,
					"method":"<android.bluetooth.BluetoothAdapter: boolean getProfileProxy(android.content.Context,android.bluetooth.BluetoothProfile$ServiceListener,int)>",
					"source":"FIELDCALLER"
				}
			],
			"callerOfSingnlar2SourceVar":{}
		},
		{
			"method":"<android.bluetooth.BluetoothLeAudio: java.util.List getDevicesMatchingConnectionStates(int[])>",
			"message":"[\\s\\S]*",
			"relatedVarType":"Field",
			"relatedCondType":"Basic",
			"modifier":"public",
			"type":"java.lang.Throwable",
			"osVersionRelated":false,
			"resourceRelated":false,
			"assessRelated":false,
			"hardwareRelated":false,
			"manifestRelated":false,
			"conditions":"r1 == null, $z0 == 0, r1 != null",
			"fieldValues":"<android.bluetooth.BluetoothLeAudio: android.bluetooth.BluetoothAdapter mAdapter>",
			"caughtValues":"@caughtexception",
			"relatedValues":"; <android.bluetooth.BluetoothLeAudio: android.bluetooth.BluetoothAdapter mAdapter>; @caughtexception",
			"keyAPISameClassNum":10,
			"keyAPIDiffClassNum":1,
			"keyAPISameClass":[
				{
					"trace":[
						"<android.bluetooth.BluetoothLeAudio: java.util.List getDevicesMatchingConnectionStates(int[])>"
					],
					"depth":1,
					"method":"<android.bluetooth.BluetoothLeAudio: boolean connect(android.bluetooth.BluetoothDevice)>",
					"source":"FIELD"
				},
				{
					"trace":[
						"<android.bluetooth.BluetoothLeAudio: java.util.List getDevicesMatchingConnectionStates(int[])>"
					],
					"depth":1,
					"method":"<android.bluetooth.BluetoothLeAudio: boolean disconnect(android.bluetooth.BluetoothDevice)>",
					"source":"FIELD"
				},
				{
					"trace":[
						"<android.bluetooth.BluetoothLeAudio: java.util.List getDevicesMatchingConnectionStates(int[])>"
					],
					"depth":1,
					"method":"<android.bluetooth.BluetoothLeAudio: java.util.List getActiveDevices()>",
					"source":"FIELD"
				},
				{
					"trace":[
						"<android.bluetooth.BluetoothLeAudio: java.util.List getDevicesMatchingConnectionStates(int[])>"
					],
					"depth":1,
					"method":"<android.bluetooth.BluetoothLeAudio: java.util.List getConnectedDevices()>",
					"source":"FIELD"
				},
				{
					"trace":[
						"<android.bluetooth.BluetoothLeAudio: java.util.List getDevicesMatchingConnectionStates(int[])>"
					],
					"depth":1,
					"method":"<android.bluetooth.BluetoothLeAudio: int getConnectionPolicy(android.bluetooth.BluetoothDevice)>",
					"source":"FIELD"
				},
				{
					"trace":[
						"<android.bluetooth.BluetoothLeAudio: java.util.List getDevicesMatchingConnectionStates(int[])>"
					],
					"depth":1,
					"method":"<android.bluetooth.BluetoothLeAudio: int getConnectionState(android.bluetooth.BluetoothDevice)>",
					"source":"FIELD"
				},
				{
					"trace":[
						"<android.bluetooth.BluetoothLeAudio: java.util.List getDevicesMatchingConnectionStates(int[])>"
					],
					"depth":1,
					"method":"<android.bluetooth.BluetoothLeAudio: java.util.List getDevicesMatchingConnectionStates(int[])>",
					"source":"FIELD"
				},
				{
					"trace":[
						"<android.bluetooth.BluetoothLeAudio: java.util.List getDevicesMatchingConnectionStates(int[])>"
					],
					"depth":1,
					"method":"<android.bluetooth.BluetoothLeAudio: int getGroupId(android.bluetooth.BluetoothDevice)>",
					"source":"FIELD"
				},
				{
					"trace":[
						"<android.bluetooth.BluetoothLeAudio: java.util.List getDevicesMatchingConnectionStates(int[])>"
					],
					"depth":1,
					"method":"<android.bluetooth.BluetoothLeAudio: boolean setActiveDevice(android.bluetooth.BluetoothDevice)>",
					"source":"FIELD"
				},
				{
					"trace":[
						"<android.bluetooth.BluetoothLeAudio: java.util.List getDevicesMatchingConnectionStates(int[])>"
					],
					"depth":1,
					"method":"<android.bluetooth.BluetoothLeAudio: boolean setConnectionPolicy(android.bluetooth.BluetoothDevice,int)>",
					"source":"FIELD"
				}
			],
			"keyAPIDiffClass":[
				{
					"trace":[
						"<android.bluetooth.BluetoothAdapter: boolean getProfileProxy(android.content.Context,android.bluetooth.BluetoothProfile$ServiceListener,int)>",
						"<android.bluetooth.BluetoothLeAudio: void <init>(android.content.Context,android.bluetooth.BluetoothProfile$ServiceListener,android.bluetooth.BluetoothAdapter)>",
						"key field: <android.bluetooth.BluetoothLeAudio: android.bluetooth.BluetoothAdapter mAdapter>",
						"<android.bluetooth.BluetoothLeAudio: java.util.List getDevicesMatchingConnectionStates(int[])>"
					],
					"depth":2,
					"method":"<android.bluetooth.BluetoothAdapter: boolean getProfileProxy(android.content.Context,android.bluetooth.BluetoothProfile$ServiceListener,int)>",
					"source":"FIELDCALLER"
				}
			],
			"callerOfSingnlar2SourceVar":{}
		},
		{
			"method":"<android.bluetooth.BluetoothLeAudio: int getGroupId(android.bluetooth.BluetoothDevice)>",
			"message":"[\\s\\S]*",
			"relatedVarType":"Field",
			"relatedCondType":"Basic",
			"modifier":"public",
			"type":"java.lang.Throwable",
			"osVersionRelated":false,
			"resourceRelated":false,
			"assessRelated":false,
			"hardwareRelated":false,
			"manifestRelated":false,
			"conditions":"r1 == null, $z0 == 0, r1 != null",
			"fieldValues":"<android.bluetooth.BluetoothLeAudio: android.bluetooth.BluetoothAdapter mAdapter>",
			"caughtValues":"@caughtexception",
			"relatedValues":"; <android.bluetooth.BluetoothLeAudio: android.bluetooth.BluetoothAdapter mAdapter>; @caughtexception",
			"keyAPISameClassNum":10,
			"keyAPIDiffClassNum":1,
			"keyAPISameClass":[
				{
					"trace":[
						"<android.bluetooth.BluetoothLeAudio: int getGroupId(android.bluetooth.BluetoothDevice)>"
					],
					"depth":1,
					"method":"<android.bluetooth.BluetoothLeAudio: boolean connect(android.bluetooth.BluetoothDevice)>",
					"source":"FIELD"
				},
				{
					"trace":[
						"<android.bluetooth.BluetoothLeAudio: int getGroupId(android.bluetooth.BluetoothDevice)>"
					],
					"depth":1,
					"method":"<android.bluetooth.BluetoothLeAudio: boolean disconnect(android.bluetooth.BluetoothDevice)>",
					"source":"FIELD"
				},
				{
					"trace":[
						"<android.bluetooth.BluetoothLeAudio: int getGroupId(android.bluetooth.BluetoothDevice)>"
					],
					"depth":1,
					"method":"<android.bluetooth.BluetoothLeAudio: java.util.List getActiveDevices()>",
					"source":"FIELD"
				},
				{
					"trace":[
						"<android.bluetooth.BluetoothLeAudio: int getGroupId(android.bluetooth.BluetoothDevice)>"
					],
					"depth":1,
					"method":"<android.bluetooth.BluetoothLeAudio: java.util.List getConnectedDevices()>",
					"source":"FIELD"
				},
				{
					"trace":[
						"<android.bluetooth.BluetoothLeAudio: int getGroupId(android.bluetooth.BluetoothDevice)>"
					],
					"depth":1,
					"method":"<android.bluetooth.BluetoothLeAudio: int getConnectionPolicy(android.bluetooth.BluetoothDevice)>",
					"source":"FIELD"
				},
				{
					"trace":[
						"<android.bluetooth.BluetoothLeAudio: int getGroupId(android.bluetooth.BluetoothDevice)>"
					],
					"depth":1,
					"method":"<android.bluetooth.BluetoothLeAudio: int getConnectionState(android.bluetooth.BluetoothDevice)>",
					"source":"FIELD"
				},
				{
					"trace":[
						"<android.bluetooth.BluetoothLeAudio: int getGroupId(android.bluetooth.BluetoothDevice)>"
					],
					"depth":1,
					"method":"<android.bluetooth.BluetoothLeAudio: java.util.List getDevicesMatchingConnectionStates(int[])>",
					"source":"FIELD"
				},
				{
					"trace":[
						"<android.bluetooth.BluetoothLeAudio: int getGroupId(android.bluetooth.BluetoothDevice)>"
					],
					"depth":1,
					"method":"<android.bluetooth.BluetoothLeAudio: int getGroupId(android.bluetooth.BluetoothDevice)>",
					"source":"FIELD"
				},
				{
					"trace":[
						"<android.bluetooth.BluetoothLeAudio: int getGroupId(android.bluetooth.BluetoothDevice)>"
					],
					"depth":1,
					"method":"<android.bluetooth.BluetoothLeAudio: boolean setActiveDevice(android.bluetooth.BluetoothDevice)>",
					"source":"FIELD"
				},
				{
					"trace":[
						"<android.bluetooth.BluetoothLeAudio: int getGroupId(android.bluetooth.BluetoothDevice)>"
					],
					"depth":1,
					"method":"<android.bluetooth.BluetoothLeAudio: boolean setConnectionPolicy(android.bluetooth.BluetoothDevice,int)>",
					"source":"FIELD"
				}
			],
			"keyAPIDiffClass":[
				{
					"trace":[
						"<android.bluetooth.BluetoothAdapter: boolean getProfileProxy(android.content.Context,android.bluetooth.BluetoothProfile$ServiceListener,int)>",
						"<android.bluetooth.BluetoothLeAudio: void <init>(android.content.Context,android.bluetooth.BluetoothProfile$ServiceListener,android.bluetooth.BluetoothAdapter)>",
						"key field: <android.bluetooth.BluetoothLeAudio: android.bluetooth.BluetoothAdapter mAdapter>",
						"<android.bluetooth.BluetoothLeAudio: int getGroupId(android.bluetooth.BluetoothDevice)>"
					],
					"depth":2,
					"method":"<android.bluetooth.BluetoothAdapter: boolean getProfileProxy(android.content.Context,android.bluetooth.BluetoothProfile$ServiceListener,int)>",
					"source":"FIELDCALLER"
				}
			],
			"callerOfSingnlar2SourceVar":{}
		},
		{
			"method":"<android.bluetooth.BluetoothLeAudio: boolean setActiveDevice(android.bluetooth.BluetoothDevice)>",
			"message":"[\\s\\S]*",
			"relatedVarType":"Field",
			"relatedCondType":"Basic",
			"modifier":"public",
			"type":"java.lang.Throwable",
			"osVersionRelated":false,
			"resourceRelated":false,
			"assessRelated":false,
			"hardwareRelated":false,
			"manifestRelated":false,
			"conditions":"r1 == null, r11 == null, $z0 == 0",
			"fieldValues":"<android.bluetooth.BluetoothLeAudio: android.bluetooth.BluetoothAdapter mAdapter>",
			"caughtValues":"@caughtexception",
			"relatedValues":"; <android.bluetooth.BluetoothLeAudio: android.bluetooth.BluetoothAdapter mAdapter>; @caughtexception",
			"keyAPISameClassNum":10,
			"keyAPIDiffClassNum":1,
			"keyAPISameClass":[
				{
					"trace":[
						"<android.bluetooth.BluetoothLeAudio: boolean setActiveDevice(android.bluetooth.BluetoothDevice)>"
					],
					"depth":1,
					"method":"<android.bluetooth.BluetoothLeAudio: boolean connect(android.bluetooth.BluetoothDevice)>",
					"source":"FIELD"
				},
				{
					"trace":[
						"<android.bluetooth.BluetoothLeAudio: boolean setActiveDevice(android.bluetooth.BluetoothDevice)>"
					],
					"depth":1,
					"method":"<android.bluetooth.BluetoothLeAudio: boolean disconnect(android.bluetooth.BluetoothDevice)>",
					"source":"FIELD"
				},
				{
					"trace":[
						"<android.bluetooth.BluetoothLeAudio: boolean setActiveDevice(android.bluetooth.BluetoothDevice)>"
					],
					"depth":1,
					"method":"<android.bluetooth.BluetoothLeAudio: java.util.List getActiveDevices()>",
					"source":"FIELD"
				},
				{
					"trace":[
						"<android.bluetooth.BluetoothLeAudio: boolean setActiveDevice(android.bluetooth.BluetoothDevice)>"
					],
					"depth":1,
					"method":"<android.bluetooth.BluetoothLeAudio: java.util.List getConnectedDevices()>",
					"source":"FIELD"
				},
				{
					"trace":[
						"<android.bluetooth.BluetoothLeAudio: boolean setActiveDevice(android.bluetooth.BluetoothDevice)>"
					],
					"depth":1,
					"method":"<android.bluetooth.BluetoothLeAudio: int getConnectionPolicy(android.bluetooth.BluetoothDevice)>",
					"source":"FIELD"
				},
				{
					"trace":[
						"<android.bluetooth.BluetoothLeAudio: boolean setActiveDevice(android.bluetooth.BluetoothDevice)>"
					],
					"depth":1,
					"method":"<android.bluetooth.BluetoothLeAudio: int getConnectionState(android.bluetooth.BluetoothDevice)>",
					"source":"FIELD"
				},
				{
					"trace":[
						"<android.bluetooth.BluetoothLeAudio: boolean setActiveDevice(android.bluetooth.BluetoothDevice)>"
					],
					"depth":1,
					"method":"<android.bluetooth.BluetoothLeAudio: java.util.List getDevicesMatchingConnectionStates(int[])>",
					"source":"FIELD"
				},
				{
					"trace":[
						"<android.bluetooth.BluetoothLeAudio: boolean setActiveDevice(android.bluetooth.BluetoothDevice)>"
					],
					"depth":1,
					"method":"<android.bluetooth.BluetoothLeAudio: int getGroupId(android.bluetooth.BluetoothDevice)>",
					"source":"FIELD"
				},
				{
					"trace":[
						"<android.bluetooth.BluetoothLeAudio: boolean setActiveDevice(android.bluetooth.BluetoothDevice)>"
					],
					"depth":1,
					"method":"<android.bluetooth.BluetoothLeAudio: boolean setActiveDevice(android.bluetooth.BluetoothDevice)>",
					"source":"FIELD"
				},
				{
					"trace":[
						"<android.bluetooth.BluetoothLeAudio: boolean setActiveDevice(android.bluetooth.BluetoothDevice)>"
					],
					"depth":1,
					"method":"<android.bluetooth.BluetoothLeAudio: boolean setConnectionPolicy(android.bluetooth.BluetoothDevice,int)>",
					"source":"FIELD"
				}
			],
			"keyAPIDiffClass":[
				{
					"trace":[
						"<android.bluetooth.BluetoothAdapter: boolean getProfileProxy(android.content.Context,android.bluetooth.BluetoothProfile$ServiceListener,int)>",
						"<android.bluetooth.BluetoothLeAudio: void <init>(android.content.Context,android.bluetooth.BluetoothProfile$ServiceListener,android.bluetooth.BluetoothAdapter)>",
						"key field: <android.bluetooth.BluetoothLeAudio: android.bluetooth.BluetoothAdapter mAdapter>",
						"<android.bluetooth.BluetoothLeAudio: boolean setActiveDevice(android.bluetooth.BluetoothDevice)>"
					],
					"depth":2,
					"method":"<android.bluetooth.BluetoothAdapter: boolean getProfileProxy(android.content.Context,android.bluetooth.BluetoothProfile$ServiceListener,int)>",
					"source":"FIELDCALLER"
				}
			],
			"callerOfSingnlar2SourceVar":{}
		},
		{
			"method":"<android.bluetooth.BluetoothLeAudio: boolean setConnectionPolicy(android.bluetooth.BluetoothDevice,int)>",
			"message":"[\\s\\S]*",
			"relatedVarType":"Field",
			"relatedCondType":"Basic",
			"modifier":"public",
			"type":"java.lang.Throwable",
			"osVersionRelated":false,
			"resourceRelated":false,
			"assessRelated":false,
			"hardwareRelated":false,
			"manifestRelated":false,
			"conditions":"r1 == null, $z0 == 0",
			"fieldValues":"<android.bluetooth.BluetoothLeAudio: android.bluetooth.BluetoothAdapter mAdapter>",
			"caughtValues":"@caughtexception",
			"relatedValues":"; <android.bluetooth.BluetoothLeAudio: android.bluetooth.BluetoothAdapter mAdapter>; @caughtexception",
			"keyAPISameClassNum":10,
			"keyAPIDiffClassNum":1,
			"keyAPISameClass":[
				{
					"trace":[
						"<android.bluetooth.BluetoothLeAudio: boolean setConnectionPolicy(android.bluetooth.BluetoothDevice,int)>"
					],
					"depth":1,
					"method":"<android.bluetooth.BluetoothLeAudio: boolean connect(android.bluetooth.BluetoothDevice)>",
					"source":"FIELD"
				},
				{
					"trace":[
						"<android.bluetooth.BluetoothLeAudio: boolean setConnectionPolicy(android.bluetooth.BluetoothDevice,int)>"
					],
					"depth":1,
					"method":"<android.bluetooth.BluetoothLeAudio: boolean disconnect(android.bluetooth.BluetoothDevice)>",
					"source":"FIELD"
				},
				{
					"trace":[
						"<android.bluetooth.BluetoothLeAudio: boolean setConnectionPolicy(android.bluetooth.BluetoothDevice,int)>"
					],
					"depth":1,
					"method":"<android.bluetooth.BluetoothLeAudio: java.util.List getActiveDevices()>",
					"source":"FIELD"
				},
				{
					"trace":[
						"<android.bluetooth.BluetoothLeAudio: boolean setConnectionPolicy(android.bluetooth.BluetoothDevice,int)>"
					],
					"depth":1,
					"method":"<android.bluetooth.BluetoothLeAudio: java.util.List getConnectedDevices()>",
					"source":"FIELD"
				},
				{
					"trace":[
						"<android.bluetooth.BluetoothLeAudio: boolean setConnectionPolicy(android.bluetooth.BluetoothDevice,int)>"
					],
					"depth":1,
					"method":"<android.bluetooth.BluetoothLeAudio: int getConnectionPolicy(android.bluetooth.BluetoothDevice)>",
					"source":"FIELD"
				},
				{
					"trace":[
						"<android.bluetooth.BluetoothLeAudio: boolean setConnectionPolicy(android.bluetooth.BluetoothDevice,int)>"
					],
					"depth":1,
					"method":"<android.bluetooth.BluetoothLeAudio: int getConnectionState(android.bluetooth.BluetoothDevice)>",
					"source":"FIELD"
				},
				{
					"trace":[
						"<android.bluetooth.BluetoothLeAudio: boolean setConnectionPolicy(android.bluetooth.BluetoothDevice,int)>"
					],
					"depth":1,
					"method":"<android.bluetooth.BluetoothLeAudio: java.util.List getDevicesMatchingConnectionStates(int[])>",
					"source":"FIELD"
				},
				{
					"trace":[
						"<android.bluetooth.BluetoothLeAudio: boolean setConnectionPolicy(android.bluetooth.BluetoothDevice,int)>"
					],
					"depth":1,
					"method":"<android.bluetooth.BluetoothLeAudio: int getGroupId(android.bluetooth.BluetoothDevice)>",
					"source":"FIELD"
				},
				{
					"trace":[
						"<android.bluetooth.BluetoothLeAudio: boolean setConnectionPolicy(android.bluetooth.BluetoothDevice,int)>"
					],
					"depth":1,
					"method":"<android.bluetooth.BluetoothLeAudio: boolean setActiveDevice(android.bluetooth.BluetoothDevice)>",
					"source":"FIELD"
				},
				{
					"trace":[
						"<android.bluetooth.BluetoothLeAudio: boolean setConnectionPolicy(android.bluetooth.BluetoothDevice,int)>"
					],
					"depth":1,
					"method":"<android.bluetooth.BluetoothLeAudio: boolean setConnectionPolicy(android.bluetooth.BluetoothDevice,int)>",
					"source":"FIELD"
				}
			],
			"keyAPIDiffClass":[
				{
					"trace":[
						"<android.bluetooth.BluetoothAdapter: boolean getProfileProxy(android.content.Context,android.bluetooth.BluetoothProfile$ServiceListener,int)>",
						"<android.bluetooth.BluetoothLeAudio: void <init>(android.content.Context,android.bluetooth.BluetoothProfile$ServiceListener,android.bluetooth.BluetoothAdapter)>",
						"key field: <android.bluetooth.BluetoothLeAudio: android.bluetooth.BluetoothAdapter mAdapter>",
						"<android.bluetooth.BluetoothLeAudio: boolean setConnectionPolicy(android.bluetooth.BluetoothDevice,int)>"
					],
					"depth":2,
					"method":"<android.bluetooth.BluetoothAdapter: boolean getProfileProxy(android.content.Context,android.bluetooth.BluetoothProfile$ServiceListener,int)>",
					"source":"FIELDCALLER"
				}
			],
			"callerOfSingnlar2SourceVar":{}
		}
	]
}