{
	"exceptions":[
		{
			"method":"<android.app.servertransaction.TransactionExecutor: void performLifecycleSequence(android.app.ActivityThread$ActivityClientRecord,android.util.IntArray,android.app.servertransaction.ClientTransaction)>",
			"message":"\\QUnexpected lifecycle state: \\E[\\s\\S]*",
			"relatedVarType":"Parameter",
			"relatedCondType":"Basic",
			"modifier":"private",
			"type":"java.lang.IllegalArgumentException",
			"osVersionRelated":false,
			"resourceRelated":false,
			"assessRelated":false,
			"hardwareRelated":false,
			"manifestRelated":false,
			"conditions":"i1, i4 >= i0",
			"paramValues":"@parameter1: android.util.IntArray",
			"relatedValues":"@parameter1: android.util.IntArray; ; ",
			"keyAPISameClassNum":0,
			"keyAPIDiffClassNum":0,
			"keyAPISameClass":[
				{
					"trace":[
						"<android.app.servertransaction.TransactionExecutor: void performLifecycleSequence(android.app.ActivityThread$ActivityClientRecord,android.util.IntArray,android.app.servertransaction.ClientTransaction)>"
					],
					"depth":0,
					"method":"<android.app.servertransaction.TransactionExecutor: void performLifecycleSequence(android.app.ActivityThread$ActivityClientRecord,android.util.IntArray,android.app.servertransaction.ClientTransaction)>",
					"source":"CALLER"
				},
				{
					"trace":[
						"<android.app.servertransaction.TransactionExecutor: void executeCallbacks(android.app.servertransaction.ClientTransaction)>",
						"<android.app.servertransaction.TransactionExecutor: void cycleToPath(android.app.ActivityThread$ActivityClientRecord,int,boolean,android.app.servertransaction.ClientTransaction)>",
						"<android.app.servertransaction.TransactionExecutor: void performLifecycleSequence(android.app.ActivityThread$ActivityClientRecord,android.util.IntArray,android.app.servertransaction.ClientTransaction)>"
					],
					"depth":2,
					"method":"<android.app.servertransaction.TransactionExecutor: void executeCallbacks(android.app.servertransaction.ClientTransaction)>",
					"source":"CALLER"
				},
				{
					"trace":[
						"<android.app.servertransaction.TransactionExecutor: void cycleToPath(android.app.ActivityThread$ActivityClientRecord,int,android.app.servertransaction.ClientTransaction)>",
						"<android.app.servertransaction.TransactionExecutor: void cycleToPath(android.app.ActivityThread$ActivityClientRecord,int,boolean,android.app.servertransaction.ClientTransaction)>",
						"<android.app.servertransaction.TransactionExecutor: void performLifecycleSequence(android.app.ActivityThread$ActivityClientRecord,android.util.IntArray,android.app.servertransaction.ClientTransaction)>"
					],
					"depth":2,
					"method":"<android.app.servertransaction.TransactionExecutor: void cycleToPath(android.app.ActivityThread$ActivityClientRecord,int,android.app.servertransaction.ClientTransaction)>",
					"source":"CALLER"
				},
				{
					"trace":[
						"<android.app.servertransaction.TransactionExecutor: void execute(android.app.servertransaction.ClientTransaction)>",
						"<android.app.servertransaction.TransactionExecutor: void executeCallbacks(android.app.servertransaction.ClientTransaction)>",
						"<android.app.servertransaction.TransactionExecutor: void cycleToPath(android.app.ActivityThread$ActivityClientRecord,int,boolean,android.app.servertransaction.ClientTransaction)>",
						"<android.app.servertransaction.TransactionExecutor: void performLifecycleSequence(android.app.ActivityThread$ActivityClientRecord,android.util.IntArray,android.app.servertransaction.ClientTransaction)>"
					],
					"depth":3,
					"method":"<android.app.servertransaction.TransactionExecutor: void execute(android.app.servertransaction.ClientTransaction)>",
					"source":"CALLER"
				}
			],
			"keyAPIDiffClass":[
				{
					"trace":[
						"<android.app.ActivityThread$H: void handleMessage(android.os.Message)>",
						"<android.app.servertransaction.TransactionExecutor: void execute(android.app.servertransaction.ClientTransaction)>",
						"<android.app.servertransaction.TransactionExecutor: void executeCallbacks(android.app.servertransaction.ClientTransaction)>",
						"<android.app.servertransaction.TransactionExecutor: void cycleToPath(android.app.ActivityThread$ActivityClientRecord,int,boolean,android.app.servertransaction.ClientTransaction)>",
						"<android.app.servertransaction.TransactionExecutor: void performLifecycleSequence(android.app.ActivityThread$ActivityClientRecord,android.util.IntArray,android.app.servertransaction.ClientTransaction)>"
					],
					"depth":4,
					"method":"<android.app.ActivityThread$H: void handleMessage(android.os.Message)>",
					"source":"CALLER"
				},
				{
					"trace":[
						"<android.app.ClientTransactionHandler: void executeTransaction(android.app.servertransaction.ClientTransaction)>",
						"<android.app.servertransaction.TransactionExecutor: void execute(android.app.servertransaction.ClientTransaction)>",
						"<android.app.servertransaction.TransactionExecutor: void executeCallbacks(android.app.servertransaction.ClientTransaction)>",
						"<android.app.servertransaction.TransactionExecutor: void cycleToPath(android.app.ActivityThread$ActivityClientRecord,int,boolean,android.app.servertransaction.ClientTransaction)>",
						"<android.app.servertransaction.TransactionExecutor: void performLifecycleSequence(android.app.ActivityThread$ActivityClientRecord,android.util.IntArray,android.app.servertransaction.ClientTransaction)>"
					],
					"depth":4,
					"method":"<android.app.ClientTransactionHandler: void executeTransaction(android.app.servertransaction.ClientTransaction)>",
					"source":"CALLER"
				},
				{
					"trace":[
						"<android.app.ActivityThread: void handleRelaunchActivityLocally(android.os.IBinder)>",
						"<android.app.ClientTransactionHandler: void executeTransaction(android.app.servertransaction.ClientTransaction)>",
						"<android.app.servertransaction.TransactionExecutor: void execute(android.app.servertransaction.ClientTransaction)>",
						"<android.app.servertransaction.TransactionExecutor: void executeCallbacks(android.app.servertransaction.ClientTransaction)>",
						"<android.app.servertransaction.TransactionExecutor: void cycleToPath(android.app.ActivityThread$ActivityClientRecord,int,boolean,android.app.servertransaction.ClientTransaction)>",
						"<android.app.servertransaction.TransactionExecutor: void performLifecycleSequence(android.app.ActivityThread$ActivityClientRecord,android.util.IntArray,android.app.servertransaction.ClientTransaction)>"
					],
					"depth":5,
					"method":"<android.app.ActivityThread: void handleRelaunchActivityLocally(android.os.IBinder)>",
					"source":"CALLER"
				},
				{
					"trace":[
						"<android.app.ActivityThread: void handlePictureInPictureRequested(android.app.ActivityThread$ActivityClientRecord)>",
						"<android.app.ActivityThread: void schedulePauseWithUserLeaveHintAndReturnToCurrentState(android.app.ActivityThread$ActivityClientRecord)>",
						"<android.app.ActivityThread: void schedulePauseWithUserLeavingHint(android.app.ActivityThread$ActivityClientRecord)>",
						"<android.app.ClientTransactionHandler: void executeTransaction(android.app.servertransaction.ClientTransaction)>",
						"<android.app.servertransaction.TransactionExecutor: void execute(android.app.servertransaction.ClientTransaction)>",
						"<android.app.servertransaction.TransactionExecutor: void executeCallbacks(android.app.servertransaction.ClientTransaction)>",
						"<android.app.servertransaction.TransactionExecutor: void cycleToPath(android.app.ActivityThread$ActivityClientRecord,int,boolean,android.app.servertransaction.ClientTransaction)>",
						"<android.app.servertransaction.TransactionExecutor: void performLifecycleSequence(android.app.ActivityThread$ActivityClientRecord,android.util.IntArray,android.app.servertransaction.ClientTransaction)>"
					],
					"depth":7,
					"method":"<android.app.ActivityThread: void handlePictureInPictureRequested(android.app.ActivityThread$ActivityClientRecord)>",
					"source":"CALLER"
				}
			],
			"callerOfSingnlar2SourceVar":{
				"<android.app.servertransaction.TransactionExecutor: void performLifecycleSequence(android.app.ActivityThread$ActivityClientRecord,android.util.IntArray,android.app.servertransaction.ClientTransaction)>":"1"
			}
		}
	]
}