{
	"exceptions":[
		{
			"method":"<android.app.admin.PasswordMetrics: android.app.admin.PasswordMetrics computeForCredential(com.android.internal.widget.LockscreenCredential)>",
			"message":"\\QUnknown credential type \\E[\\s\\S]*",
			"relatedVarType":"Parameter",
			"relatedCondType":"Basic",
			"modifier":"public",
			"type":"java.lang.IllegalArgumentException",
			"osVersionRelated":false,
			"resourceRelated":false,
			"assessRelated":false,
			"hardwareRelated":false,
			"manifestRelated":false,
			"conditions":"$z4 == 0, $z3 == 0, $z2 == 0",
			"paramValues":"@parameter0: com.android.internal.widget.LockscreenCredential",
			"relatedValues":"@parameter0: com.android.internal.widget.LockscreenCredential; ; ",
			"keyAPISameClassNum":0,
			"keyAPIDiffClassNum":0,
			"keyAPISameClass":[
				{
					"trace":[
						"<android.app.admin.PasswordMetrics: android.app.admin.PasswordMetrics computeForCredential(com.android.internal.widget.LockscreenCredential)>"
					],
					"depth":0,
					"method":"<android.app.admin.PasswordMetrics: android.app.admin.PasswordMetrics computeForCredential(com.android.internal.widget.LockscreenCredential)>",
					"source":"CALLER"
				}
			],
			"keyAPIDiffClass":[],
			"callerOfSingnlar2SourceVar":{
				"<android.app.admin.PasswordMetrics: android.app.admin.PasswordMetrics computeForCredential(com.android.internal.widget.LockscreenCredential)>":"0"
			}
		},
		{
			"method":"<android.app.admin.PasswordMetrics: int determineComplexity()>",
			"message":"\\QFailed to figure out complexity for a given metrics\\E",
			"relatedVarType":"Unknown",
			"relatedCondType":"Basic",
			"modifier":"public",
			"type":"java.lang.IllegalStateException",
			"osVersionRelated":false,
			"resourceRelated":false,
			"assessRelated":false,
			"hardwareRelated":false,
			"manifestRelated":false,
			"conditions":"i2 >= i0, $z0 == 0",
			"keyAPISameClassNum":0,
			"keyAPIDiffClassNum":0,
			"keyAPISameClass":[],
			"keyAPIDiffClass":[],
			"callerOfSingnlar2SourceVar":{}
		}
	]
}