{
	"exceptions":[
		{
			"method":"<android.accounts.AccountManager$GetAuthTokenByTypeAndFeaturesTask: void <init>(android.accounts.AccountManager,java.lang.String,java.lang.String,java.lang.String[],android.app.Activity,android.os.Bundle,android.os.Bundle,android.accounts.AccountManagerCallback,android.os.Handler)>",
			"message":"\\Qaccount type is null\\E",
			"relatedVarType":"Parameter",
			"relatedCondType":"Basic",
			"modifier":"default",
			"type":"java.lang.IllegalArgumentException",
			"osVersionRelated":false,
			"resourceRelated":false,
			"assessRelated":false,
			"hardwareRelated":true,
			"manifestRelated":false,
			"conditions":"r5 == null",
			"paramValues":"@parameter1: java.lang.String",
			"relatedValues":"@parameter1: java.lang.String; ; ",
			"keyAPISameClassNum":0,
			"keyAPIDiffClassNum":0,
			"keyAPISameClass":[
				{
					"trace":[
						"<android.accounts.AccountManager$GetAuthTokenByTypeAndFeaturesTask: void <init>(android.accounts.AccountManager,java.lang.String,java.lang.String,java.lang.String[],android.app.Activity,android.os.Bundle,android.os.Bundle,android.accounts.AccountManagerCallback,android.os.Handler)>"
					],
					"depth":0,
					"method":"<android.accounts.AccountManager$GetAuthTokenByTypeAndFeaturesTask: void <init>(android.accounts.AccountManager,java.lang.String,java.lang.String,java.lang.String[],android.app.Activity,android.os.Bundle,android.os.Bundle,android.accounts.AccountManagerCallback,android.os.Handler)>",
					"source":"CALLER"
				}
			],
			"keyAPIDiffClass":[
				{
					"trace":[
						"<android.accounts.AccountManager: android.accounts.AccountManagerFuture getAuthTokenByFeatures(java.lang.String,java.lang.String,java.lang.String[],android.app.Activity,android.os.Bundle,android.os.Bundle,android.accounts.AccountManagerCallback,android.os.Handler)>",
						"<android.accounts.AccountManager$GetAuthTokenByTypeAndFeaturesTask: void <init>(android.accounts.AccountManager,java.lang.String,java.lang.String,java.lang.String[],android.app.Activity,android.os.Bundle,android.os.Bundle,android.accounts.AccountManagerCallback,android.os.Handler)>"
					],
					"depth":1,
					"method":"<android.accounts.AccountManager: android.accounts.AccountManagerFuture getAuthTokenByFeatures(java.lang.String,java.lang.String,java.lang.String[],android.app.Activity,android.os.Bundle,android.os.Bundle,android.accounts.AccountManagerCallback,android.os.Handler)>",
					"source":"CALLER"
				}
			],
			"callerOfSingnlar2SourceVar":{
				"<android.accounts.AccountManager: android.accounts.AccountManagerFuture getAuthTokenByFeatures(java.lang.String,java.lang.String,java.lang.String[],android.app.Activity,android.os.Bundle,android.os.Bundle,android.accounts.AccountManagerCallback,android.os.Handler)>":"0",
				"<android.accounts.AccountManager$GetAuthTokenByTypeAndFeaturesTask: void <init>(android.accounts.AccountManager,java.lang.String,java.lang.String,java.lang.String[],android.app.Activity,android.os.Bundle,android.os.Bundle,android.accounts.AccountManagerCallback,android.os.Handler)>":"1"
			}
		}
	]
}