{
	"exceptions":[
		{
			"method":"<android.accounts.AbstractAccountAuthenticator: void checkBinderPermission()>",
			"message":"\\Qcaller uid \\E[\\s\\S]*\\Q lacks android.permission.ACCOUNT_MANAGER\\E",
			"relatedVarType":"Field",
			"relatedCondType":"Basic",
			"modifier":"private",
			"type":"java.lang.SecurityException",
			"osVersionRelated":false,
			"resourceRelated":false,
			"assessRelated":false,
			"hardwareRelated":false,
			"manifestRelated":true,
			"conditions":"$i1 != 0",
			"fieldValues":"<android.accounts.AbstractAccountAuthenticator: android.content.Context mContext>",
			"relatedValues":"; <android.accounts.AbstractAccountAuthenticator: android.content.Context mContext>; ",
			"keyAPISameClassNum":1,
			"keyAPIDiffClassNum":16,
			"keyAPISameClass":[
				{
					"trace":[
						"<android.accounts.AbstractAccountAuthenticator: void checkBinderPermission()>"
					],
					"depth":1,
					"method":"<android.accounts.AbstractAccountAuthenticator: void <init>(android.content.Context)>",
					"source":"FIELD"
				}
			],
			"keyAPIDiffClass":[
				{
					"trace":[
						"<android.telecom.AuthenticatorService$Authenticator: void <init>(android.telecom.AuthenticatorService,android.content.Context)>",
						"<android.accounts.AbstractAccountAuthenticator: void <init>(android.content.Context)>",
						"key field: <android.accounts.AbstractAccountAuthenticator: android.content.Context mContext>",
						"<android.accounts.AbstractAccountAuthenticator: void checkBinderPermission()>"
					],
					"depth":2,
					"method":"<android.telecom.AuthenticatorService$Authenticator: void <init>(android.telecom.AuthenticatorService,android.content.Context)>",
					"source":"FIELDCALLER"
				},
				{
					"trace":[
						"<android.accounts.AbstractAccountAuthenticator$Transport: void isCredentialsUpdateSuggested(android.accounts.IAccountAuthenticatorResponse,android.accounts.Account,java.lang.String)>",
						"<android.accounts.AbstractAccountAuthenticator: void access$000(android.accounts.AbstractAccountAuthenticator)>",
						"<android.accounts.AbstractAccountAuthenticator: void checkBinderPermission()>",
						"key field: <android.accounts.AbstractAccountAuthenticator: android.content.Context mContext>",
						"<android.accounts.AbstractAccountAuthenticator: void checkBinderPermission()>"
					],
					"depth":3,
					"method":"<android.accounts.AbstractAccountAuthenticator$Transport: void isCredentialsUpdateSuggested(android.accounts.IAccountAuthenticatorResponse,android.accounts.Account,java.lang.String)>",
					"source":"FIELDCALLER"
				},
				{
					"trace":[
						"<android.accounts.AbstractAccountAuthenticator$Transport: void addAccount(android.accounts.IAccountAuthenticatorResponse,java.lang.String,java.lang.String,java.lang.String[],android.os.Bundle)>",
						"<android.accounts.AbstractAccountAuthenticator: void access$000(android.accounts.AbstractAccountAuthenticator)>",
						"<android.accounts.AbstractAccountAuthenticator: void checkBinderPermission()>",
						"key field: <android.accounts.AbstractAccountAuthenticator: android.content.Context mContext>",
						"<android.accounts.AbstractAccountAuthenticator: void checkBinderPermission()>"
					],
					"depth":3,
					"method":"<android.accounts.AbstractAccountAuthenticator$Transport: void addAccount(android.accounts.IAccountAuthenticatorResponse,java.lang.String,java.lang.String,java.lang.String[],android.os.Bundle)>",
					"source":"FIELDCALLER"
				},
				{
					"trace":[
						"<android.accounts.AbstractAccountAuthenticator$Transport: void confirmCredentials(android.accounts.IAccountAuthenticatorResponse,android.accounts.Account,android.os.Bundle)>",
						"<android.accounts.AbstractAccountAuthenticator: void access$000(android.accounts.AbstractAccountAuthenticator)>",
						"<android.accounts.AbstractAccountAuthenticator: void checkBinderPermission()>",
						"key field: <android.accounts.AbstractAccountAuthenticator: android.content.Context mContext>",
						"<android.accounts.AbstractAccountAuthenticator: void checkBinderPermission()>"
					],
					"depth":3,
					"method":"<android.accounts.AbstractAccountAuthenticator$Transport: void confirmCredentials(android.accounts.IAccountAuthenticatorResponse,android.accounts.Account,android.os.Bundle)>",
					"source":"FIELDCALLER"
				},
				{
					"trace":[
						"<android.accounts.AbstractAccountAuthenticator$Transport: void getAuthToken(android.accounts.IAccountAuthenticatorResponse,android.accounts.Account,java.lang.String,android.os.Bundle)>",
						"<android.accounts.AbstractAccountAuthenticator: void access$000(android.accounts.AbstractAccountAuthenticator)>",
						"<android.accounts.AbstractAccountAuthenticator: void checkBinderPermission()>",
						"key field: <android.accounts.AbstractAccountAuthenticator: android.content.Context mContext>",
						"<android.accounts.AbstractAccountAuthenticator: void checkBinderPermission()>"
					],
					"depth":3,
					"method":"<android.accounts.AbstractAccountAuthenticator$Transport: void getAuthToken(android.accounts.IAccountAuthenticatorResponse,android.accounts.Account,java.lang.String,android.os.Bundle)>",
					"source":"FIELDCALLER"
				},
				{
					"trace":[
						"<android.accounts.AbstractAccountAuthenticator$Transport: void getAuthTokenLabel(android.accounts.IAccountAuthenticatorResponse,java.lang.String)>",
						"<android.accounts.AbstractAccountAuthenticator: void access$000(android.accounts.AbstractAccountAuthenticator)>",
						"<android.accounts.AbstractAccountAuthenticator: void checkBinderPermission()>",
						"key field: <android.accounts.AbstractAccountAuthenticator: android.content.Context mContext>",
						"<android.accounts.AbstractAccountAuthenticator: void checkBinderPermission()>"
					],
					"depth":3,
					"method":"<android.accounts.AbstractAccountAuthenticator$Transport: void getAuthTokenLabel(android.accounts.IAccountAuthenticatorResponse,java.lang.String)>",
					"source":"FIELDCALLER"
				},
				{
					"trace":[
						"<android.accounts.AbstractAccountAuthenticator$Transport: void updateCredentials(android.accounts.IAccountAuthenticatorResponse,android.accounts.Account,java.lang.String,android.os.Bundle)>",
						"<android.accounts.AbstractAccountAuthenticator: void access$000(android.accounts.AbstractAccountAuthenticator)>",
						"<android.accounts.AbstractAccountAuthenticator: void checkBinderPermission()>",
						"key field: <android.accounts.AbstractAccountAuthenticator: android.content.Context mContext>",
						"<android.accounts.AbstractAccountAuthenticator: void checkBinderPermission()>"
					],
					"depth":3,
					"method":"<android.accounts.AbstractAccountAuthenticator$Transport: void updateCredentials(android.accounts.IAccountAuthenticatorResponse,android.accounts.Account,java.lang.String,android.os.Bundle)>",
					"source":"FIELDCALLER"
				},
				{
					"trace":[
						"<android.accounts.AbstractAccountAuthenticator$Transport: void editProperties(android.accounts.IAccountAuthenticatorResponse,java.lang.String)>",
						"<android.accounts.AbstractAccountAuthenticator: void access$000(android.accounts.AbstractAccountAuthenticator)>",
						"<android.accounts.AbstractAccountAuthenticator: void checkBinderPermission()>",
						"key field: <android.accounts.AbstractAccountAuthenticator: android.content.Context mContext>",
						"<android.accounts.AbstractAccountAuthenticator: void checkBinderPermission()>"
					],
					"depth":3,
					"method":"<android.accounts.AbstractAccountAuthenticator$Transport: void editProperties(android.accounts.IAccountAuthenticatorResponse,java.lang.String)>",
					"source":"FIELDCALLER"
				},
				{
					"trace":[
						"<android.accounts.AbstractAccountAuthenticator$Transport: void hasFeatures(android.accounts.IAccountAuthenticatorResponse,android.accounts.Account,java.lang.String[])>",
						"<android.accounts.AbstractAccountAuthenticator: void access$000(android.accounts.AbstractAccountAuthenticator)>",
						"<android.accounts.AbstractAccountAuthenticator: void checkBinderPermission()>",
						"key field: <android.accounts.AbstractAccountAuthenticator: android.content.Context mContext>",
						"<android.accounts.AbstractAccountAuthenticator: void checkBinderPermission()>"
					],
					"depth":3,
					"method":"<android.accounts.AbstractAccountAuthenticator$Transport: void hasFeatures(android.accounts.IAccountAuthenticatorResponse,android.accounts.Account,java.lang.String[])>",
					"source":"FIELDCALLER"
				},
				{
					"trace":[
						"<android.accounts.AbstractAccountAuthenticator$Transport: void getAccountRemovalAllowed(android.accounts.IAccountAuthenticatorResponse,android.accounts.Account)>",
						"<android.accounts.AbstractAccountAuthenticator: void access$000(android.accounts.AbstractAccountAuthenticator)>",
						"<android.accounts.AbstractAccountAuthenticator: void checkBinderPermission()>",
						"key field: <android.accounts.AbstractAccountAuthenticator: android.content.Context mContext>",
						"<android.accounts.AbstractAccountAuthenticator: void checkBinderPermission()>"
					],
					"depth":3,
					"method":"<android.accounts.AbstractAccountAuthenticator$Transport: void getAccountRemovalAllowed(android.accounts.IAccountAuthenticatorResponse,android.accounts.Account)>",
					"source":"FIELDCALLER"
				},
				{
					"trace":[
						"<android.accounts.AbstractAccountAuthenticator$Transport: void getAccountCredentialsForCloning(android.accounts.IAccountAuthenticatorResponse,android.accounts.Account)>",
						"<android.accounts.AbstractAccountAuthenticator: void access$000(android.accounts.AbstractAccountAuthenticator)>",
						"<android.accounts.AbstractAccountAuthenticator: void checkBinderPermission()>",
						"key field: <android.accounts.AbstractAccountAuthenticator: android.content.Context mContext>",
						"<android.accounts.AbstractAccountAuthenticator: void checkBinderPermission()>"
					],
					"depth":3,
					"method":"<android.accounts.AbstractAccountAuthenticator$Transport: void getAccountCredentialsForCloning(android.accounts.IAccountAuthenticatorResponse,android.accounts.Account)>",
					"source":"FIELDCALLER"
				},
				{
					"trace":[
						"<android.accounts.AbstractAccountAuthenticator$Transport: void addAccountFromCredentials(android.accounts.IAccountAuthenticatorResponse,android.accounts.Account,android.os.Bundle)>",
						"<android.accounts.AbstractAccountAuthenticator: void access$000(android.accounts.AbstractAccountAuthenticator)>",
						"<android.accounts.AbstractAccountAuthenticator: void checkBinderPermission()>",
						"key field: <android.accounts.AbstractAccountAuthenticator: android.content.Context mContext>",
						"<android.accounts.AbstractAccountAuthenticator: void checkBinderPermission()>"
					],
					"depth":3,
					"method":"<android.accounts.AbstractAccountAuthenticator$Transport: void addAccountFromCredentials(android.accounts.IAccountAuthenticatorResponse,android.accounts.Account,android.os.Bundle)>",
					"source":"FIELDCALLER"
				},
				{
					"trace":[
						"<android.accounts.AbstractAccountAuthenticator$Transport: void startAddAccountSession(android.accounts.IAccountAuthenticatorResponse,java.lang.String,java.lang.String,java.lang.String[],android.os.Bundle)>",
						"<android.accounts.AbstractAccountAuthenticator: void access$000(android.accounts.AbstractAccountAuthenticator)>",
						"<android.accounts.AbstractAccountAuthenticator: void checkBinderPermission()>",
						"key field: <android.accounts.AbstractAccountAuthenticator: android.content.Context mContext>",
						"<android.accounts.AbstractAccountAuthenticator: void checkBinderPermission()>"
					],
					"depth":3,
					"method":"<android.accounts.AbstractAccountAuthenticator$Transport: void startAddAccountSession(android.accounts.IAccountAuthenticatorResponse,java.lang.String,java.lang.String,java.lang.String[],android.os.Bundle)>",
					"source":"FIELDCALLER"
				},
				{
					"trace":[
						"<android.accounts.AbstractAccountAuthenticator$Transport: void startUpdateCredentialsSession(android.accounts.IAccountAuthenticatorResponse,android.accounts.Account,java.lang.String,android.os.Bundle)>",
						"<android.accounts.AbstractAccountAuthenticator: void access$000(android.accounts.AbstractAccountAuthenticator)>",
						"<android.accounts.AbstractAccountAuthenticator: void checkBinderPermission()>",
						"key field: <android.accounts.AbstractAccountAuthenticator: android.content.Context mContext>",
						"<android.accounts.AbstractAccountAuthenticator: void checkBinderPermission()>"
					],
					"depth":3,
					"method":"<android.accounts.AbstractAccountAuthenticator$Transport: void startUpdateCredentialsSession(android.accounts.IAccountAuthenticatorResponse,android.accounts.Account,java.lang.String,android.os.Bundle)>",
					"source":"FIELDCALLER"
				},
				{
					"trace":[
						"<android.accounts.AbstractAccountAuthenticator$Transport: void finishSession(android.accounts.IAccountAuthenticatorResponse,java.lang.String,android.os.Bundle)>",
						"<android.accounts.AbstractAccountAuthenticator: void access$000(android.accounts.AbstractAccountAuthenticator)>",
						"<android.accounts.AbstractAccountAuthenticator: void checkBinderPermission()>",
						"key field: <android.accounts.AbstractAccountAuthenticator: android.content.Context mContext>",
						"<android.accounts.AbstractAccountAuthenticator: void checkBinderPermission()>"
					],
					"depth":3,
					"method":"<android.accounts.AbstractAccountAuthenticator$Transport: void finishSession(android.accounts.IAccountAuthenticatorResponse,java.lang.String,android.os.Bundle)>",
					"source":"FIELDCALLER"
				},
				{
					"trace":[
						"<android.accounts.IAccountAuthenticator$Stub: boolean onTransact(int,android.os.Parcel,android.os.Parcel,int)>",
						"<android.accounts.AbstractAccountAuthenticator$Transport: void isCredentialsUpdateSuggested(android.accounts.IAccountAuthenticatorResponse,android.accounts.Account,java.lang.String)>",
						"<android.accounts.AbstractAccountAuthenticator: void access$000(android.accounts.AbstractAccountAuthenticator)>",
						"<android.accounts.AbstractAccountAuthenticator: void checkBinderPermission()>",
						"key field: <android.accounts.AbstractAccountAuthenticator: android.content.Context mContext>",
						"<android.accounts.AbstractAccountAuthenticator: void checkBinderPermission()>"
					],
					"depth":4,
					"method":"<android.accounts.IAccountAuthenticator$Stub: boolean onTransact(int,android.os.Parcel,android.os.Parcel,int)>",
					"source":"FIELDCALLER"
				}
			],
			"callerOfSingnlar2SourceVar":{}
		}
	]
}