{
	"exceptions":[
		{
			"method":"<android.accessibilityservice.AccessibilityShortcutInfo: void <init>(android.content.Context,android.content.pm.ActivityInfo)>",
			"message":"[\\s\\S]*",
			"relatedVarType":"Parameter",
			"relatedCondType":"Basic",
			"modifier":"public",
			"type":"java.lang.Throwable",
			"osVersionRelated":false,
			"resourceRelated":false,
			"assessRelated":false,
			"hardwareRelated":false,
			"manifestRelated":false,
			"conditions":"r22 == null",
			"paramValues":"@parameter0: android.content.Context, @parameter1: android.content.pm.ActivityInfo",
			"relatedValues":"@parameter0: android.content.Context, @parameter1: android.content.pm.ActivityInfo; ; ",
			"keyAPISameClassNum":0,
			"keyAPIDiffClassNum":0,
			"keyAPISameClass":[
				{
					"trace":[
						"<android.accessibilityservice.AccessibilityShortcutInfo: void <init>(android.content.Context,android.content.pm.ActivityInfo)>"
					],
					"depth":0,
					"method":"<android.accessibilityservice.AccessibilityShortcutInfo: void <init>(android.content.Context,android.content.pm.ActivityInfo)>",
					"source":"CALLER"
				}
			],
			"keyAPIDiffClass":[],
			"callerOfSingnlar2SourceVar":{
				"<com.android.internal.accessibility.dialog.AccessibilityTargetHelper: java.util.List getInstalledTargets(android.content.Context,int)>":"0",
				"<com.android.internal.accessibility.dialog.AccessibilityTargetHelper: java.util.List getAccessibilityFilteredTargets(android.content.Context,int)>":"0",
				"<android.view.accessibility.AccessibilityManager: android.accessibilityservice.AccessibilityShortcutInfo getShortcutInfo(android.content.Context,android.content.pm.ResolveInfo)>":"0",
				"<com.android.internal.accessibility.dialog.AccessibilityTargetHelper: java.util.List getAccessibilityActivityTargets(android.content.Context,int)>":"0",
				"<android.accessibilityservice.AccessibilityShortcutInfo: void <init>(android.content.Context,android.content.pm.ActivityInfo)>":"0, 1",
				"<android.view.accessibility.AccessibilityManager: java.util.List getInstalledAccessibilityShortcutListAsUser(android.content.Context,int)>":"0"
			}
		},
		{
			"method":"<android.accessibilityservice.AccessibilityShortcutInfo: void <init>(android.content.Context,android.content.pm.ActivityInfo)>",
			"message":"[\\s\\S]*",
			"relatedVarType":"ParaAndField",
			"relatedCondType":"Basic",
			"modifier":"public",
			"type":"java.lang.Throwable",
			"osVersionRelated":false,
			"resourceRelated":true,
			"assessRelated":false,
			"hardwareRelated":false,
			"manifestRelated":false,
			"conditions":"i4 == 0, i0 != 0, $z0 == 0",
			"paramValues":"@parameter0: android.content.Context, @parameter1: android.content.pm.ActivityInfo",
			"fieldValues":"<com.android.internal.R$styleable: int[] AccessibilityShortcutTarget>, <android.accessibilityservice.AccessibilityShortcutInfo: android.content.pm.ActivityInfo mActivityInfo>",
			"relatedValues":"@parameter0: android.content.Context, @parameter1: android.content.pm.ActivityInfo; <com.android.internal.R$styleable: int[] AccessibilityShortcutTarget>, <android.accessibilityservice.AccessibilityShortcutInfo: android.content.pm.ActivityInfo mActivityInfo>; ",
			"keyAPISameClassNum":6,
			"keyAPIDiffClassNum":12,
			"keyAPISameClass":[
				{
					"trace":[
						"<android.accessibilityservice.AccessibilityShortcutInfo: void <init>(android.content.Context,android.content.pm.ActivityInfo)>"
					],
					"depth":1,
					"method":"<android.accessibilityservice.AccessibilityShortcutInfo: void <init>(android.content.Context,android.content.pm.ActivityInfo)>",
					"source":"FIELD"
				},
				{
					"trace":[
						"<android.accessibilityservice.AccessibilityShortcutInfo: void <init>(android.content.Context,android.content.pm.ActivityInfo)>"
					],
					"depth":1,
					"method":"<android.accessibilityservice.AccessibilityShortcutInfo: android.graphics.drawable.Drawable loadAnimatedImage(android.content.Context)>",
					"source":"FIELD"
				},
				{
					"trace":[
						"<android.accessibilityservice.AccessibilityShortcutInfo: void <init>(android.content.Context,android.content.pm.ActivityInfo)>"
					],
					"depth":1,
					"method":"<android.accessibilityservice.AccessibilityShortcutInfo: java.lang.String loadDescription(android.content.pm.PackageManager)>",
					"source":"FIELD"
				},
				{
					"trace":[
						"<android.accessibilityservice.AccessibilityShortcutInfo: void <init>(android.content.Context,android.content.pm.ActivityInfo)>"
					],
					"depth":1,
					"method":"<android.accessibilityservice.AccessibilityShortcutInfo: java.lang.String loadHtmlDescription(android.content.pm.PackageManager)>",
					"source":"FIELD"
				},
				{
					"trace":[
						"<android.accessibilityservice.AccessibilityShortcutInfo: void <init>(android.content.Context,android.content.pm.ActivityInfo)>"
					],
					"depth":1,
					"method":"<android.accessibilityservice.AccessibilityShortcutInfo: java.lang.String loadSummary(android.content.pm.PackageManager)>",
					"source":"FIELD"
				},
				{
					"trace":[
						"<android.accessibilityservice.AccessibilityShortcutInfo: void <init>(android.content.Context,android.content.pm.ActivityInfo)>"
					],
					"depth":1,
					"method":"<android.accessibilityservice.AccessibilityShortcutInfo: java.lang.String toString()>",
					"source":"FIELD"
				}
			],
			"keyAPIDiffClass":[
				{
					"trace":[
						"<com.android.internal.org.bouncycastle.asn1.x509.X509Name: java.lang.String toString(boolean,java.util.Hashtable)>",
						"<android.accessibilityservice.AccessibilityShortcutInfo: java.lang.String toString()>",
						"key field: <android.accessibilityservice.AccessibilityShortcutInfo: android.content.pm.ActivityInfo mActivityInfo>",
						"<android.accessibilityservice.AccessibilityShortcutInfo: void <init>(android.content.Context,android.content.pm.ActivityInfo)>"
					],
					"depth":2,
					"method":"<com.android.internal.org.bouncycastle.asn1.x509.X509Name: java.lang.String toString(boolean,java.util.Hashtable)>",
					"source":"FIELDCALLER"
				},
				{
					"trace":[
						"<com.android.internal.org.bouncycastle.asn1.x509.X509Name: java.lang.String toString()>",
						"<com.android.internal.org.bouncycastle.asn1.x509.X509Name: java.lang.String toString(boolean,java.util.Hashtable)>",
						"<android.accessibilityservice.AccessibilityShortcutInfo: java.lang.String toString()>",
						"key field: <android.accessibilityservice.AccessibilityShortcutInfo: android.content.pm.ActivityInfo mActivityInfo>",
						"<android.accessibilityservice.AccessibilityShortcutInfo: void <init>(android.content.Context,android.content.pm.ActivityInfo)>"
					],
					"depth":3,
					"method":"<com.android.internal.org.bouncycastle.asn1.x509.X509Name: java.lang.String toString()>",
					"source":"FIELDCALLER"
				},
				{
					"trace":[
						"<com.android.internal.org.bouncycastle.asn1.x509.GeneralName: java.lang.String toString()>",
						"<com.android.internal.org.bouncycastle.asn1.x509.X509Name: java.lang.String toString()>",
						"<com.android.internal.org.bouncycastle.asn1.x509.X509Name: java.lang.String toString(boolean,java.util.Hashtable)>",
						"<android.accessibilityservice.AccessibilityShortcutInfo: java.lang.String toString()>",
						"key field: <android.accessibilityservice.AccessibilityShortcutInfo: android.content.pm.ActivityInfo mActivityInfo>",
						"<android.accessibilityservice.AccessibilityShortcutInfo: void <init>(android.content.Context,android.content.pm.ActivityInfo)>"
					],
					"depth":4,
					"method":"<com.android.internal.org.bouncycastle.asn1.x509.GeneralName: java.lang.String toString()>",
					"source":"FIELDCALLER"
				},
				{
					"trace":[
						"<com.android.internal.org.bouncycastle.jcajce.util.AnnotatedPrivateKey: java.lang.String toString()>",
						"<com.android.internal.org.bouncycastle.asn1.x509.GeneralName: java.lang.String toString()>",
						"<com.android.internal.org.bouncycastle.asn1.x509.X509Name: java.lang.String toString()>",
						"<com.android.internal.org.bouncycastle.asn1.x509.X509Name: java.lang.String toString(boolean,java.util.Hashtable)>",
						"<android.accessibilityservice.AccessibilityShortcutInfo: java.lang.String toString()>",
						"key field: <android.accessibilityservice.AccessibilityShortcutInfo: android.content.pm.ActivityInfo mActivityInfo>",
						"<android.accessibilityservice.AccessibilityShortcutInfo: void <init>(android.content.Context,android.content.pm.ActivityInfo)>"
					],
					"depth":5,
					"method":"<com.android.internal.org.bouncycastle.jcajce.util.AnnotatedPrivateKey: java.lang.String toString()>",
					"source":"FIELDCALLER"
				},
				{
					"trace":[
						"<com.android.internal.org.bouncycastle.asn1.x509.DistributionPointName: java.lang.String toString()>",
						"<com.android.internal.org.bouncycastle.asn1.x509.GeneralName: java.lang.String toString()>",
						"<com.android.internal.org.bouncycastle.asn1.x509.X509Name: java.lang.String toString()>",
						"<com.android.internal.org.bouncycastle.asn1.x509.X509Name: java.lang.String toString(boolean,java.util.Hashtable)>",
						"<android.accessibilityservice.AccessibilityShortcutInfo: java.lang.String toString()>",
						"key field: <android.accessibilityservice.AccessibilityShortcutInfo: android.content.pm.ActivityInfo mActivityInfo>",
						"<android.accessibilityservice.AccessibilityShortcutInfo: void <init>(android.content.Context,android.content.pm.ActivityInfo)>"
					],
					"depth":5,
					"method":"<com.android.internal.org.bouncycastle.asn1.x509.DistributionPointName: java.lang.String toString()>",
					"source":"FIELDCALLER"
				},
				{
					"trace":[
						"<android.animation.PropertyValuesHolder$PropertyValues: java.lang.String toString()>",
						"<com.android.internal.org.bouncycastle.jcajce.util.AnnotatedPrivateKey: java.lang.String toString()>",
						"<com.android.internal.org.bouncycastle.asn1.x509.GeneralName: java.lang.String toString()>",
						"<com.android.internal.org.bouncycastle.asn1.x509.X509Name: java.lang.String toString()>",
						"<com.android.internal.org.bouncycastle.asn1.x509.X509Name: java.lang.String toString(boolean,java.util.Hashtable)>",
						"<android.accessibilityservice.AccessibilityShortcutInfo: java.lang.String toString()>",
						"key field: <android.accessibilityservice.AccessibilityShortcutInfo: android.content.pm.ActivityInfo mActivityInfo>",
						"<android.accessibilityservice.AccessibilityShortcutInfo: void <init>(android.content.Context,android.content.pm.ActivityInfo)>"
					],
					"depth":6,
					"method":"<android.animation.PropertyValuesHolder$PropertyValues: java.lang.String toString()>",
					"source":"FIELDCALLER"
				},
				{
					"trace":[
						"<com.android.internal.org.bouncycastle.asn1.x509.IssuingDistributionPoint: java.lang.String toString()>",
						"<com.android.internal.org.bouncycastle.asn1.x509.DistributionPointName: java.lang.String toString()>",
						"<com.android.internal.org.bouncycastle.asn1.x509.GeneralName: java.lang.String toString()>",
						"<com.android.internal.org.bouncycastle.asn1.x509.X509Name: java.lang.String toString()>",
						"<com.android.internal.org.bouncycastle.asn1.x509.X509Name: java.lang.String toString(boolean,java.util.Hashtable)>",
						"<android.accessibilityservice.AccessibilityShortcutInfo: java.lang.String toString()>",
						"key field: <android.accessibilityservice.AccessibilityShortcutInfo: android.content.pm.ActivityInfo mActivityInfo>",
						"<android.accessibilityservice.AccessibilityShortcutInfo: void <init>(android.content.Context,android.content.pm.ActivityInfo)>"
					],
					"depth":6,
					"method":"<com.android.internal.org.bouncycastle.asn1.x509.IssuingDistributionPoint: java.lang.String toString()>",
					"source":"FIELDCALLER"
				},
				{
					"trace":[
						"<com.android.internal.org.bouncycastle.asn1.x509.DistributionPoint: java.lang.String toString()>",
						"<com.android.internal.org.bouncycastle.asn1.x509.DistributionPointName: java.lang.String toString()>",
						"<com.android.internal.org.bouncycastle.asn1.x509.GeneralName: java.lang.String toString()>",
						"<com.android.internal.org.bouncycastle.asn1.x509.X509Name: java.lang.String toString()>",
						"<com.android.internal.org.bouncycastle.asn1.x509.X509Name: java.lang.String toString(boolean,java.util.Hashtable)>",
						"<android.accessibilityservice.AccessibilityShortcutInfo: java.lang.String toString()>",
						"key field: <android.accessibilityservice.AccessibilityShortcutInfo: android.content.pm.ActivityInfo mActivityInfo>",
						"<android.accessibilityservice.AccessibilityShortcutInfo: void <init>(android.content.Context,android.content.pm.ActivityInfo)>"
					],
					"depth":6,
					"method":"<com.android.internal.org.bouncycastle.asn1.x509.DistributionPoint: java.lang.String toString()>",
					"source":"FIELDCALLER"
				},
				{
					"trace":[
						"<android.filterfw.core.KeyValueMap: java.lang.String toString()>",
						"<android.animation.PropertyValuesHolder$PropertyValues: java.lang.String toString()>",
						"<com.android.internal.org.bouncycastle.jcajce.util.AnnotatedPrivateKey: java.lang.String toString()>",
						"<com.android.internal.org.bouncycastle.asn1.x509.GeneralName: java.lang.String toString()>",
						"<com.android.internal.org.bouncycastle.asn1.x509.X509Name: java.lang.String toString()>",
						"<com.android.internal.org.bouncycastle.asn1.x509.X509Name: java.lang.String toString(boolean,java.util.Hashtable)>",
						"<android.accessibilityservice.AccessibilityShortcutInfo: java.lang.String toString()>",
						"key field: <android.accessibilityservice.AccessibilityShortcutInfo: android.content.pm.ActivityInfo mActivityInfo>",
						"<android.accessibilityservice.AccessibilityShortcutInfo: void <init>(android.content.Context,android.content.pm.ActivityInfo)>"
					],
					"depth":7,
					"method":"<android.filterfw.core.KeyValueMap: java.lang.String toString()>",
					"source":"FIELDCALLER"
				},
				{
					"trace":[
						"<android.os.UEventObserver$UEvent: java.lang.String toString()>",
						"<android.filterfw.core.KeyValueMap: java.lang.String toString()>",
						"<android.animation.PropertyValuesHolder$PropertyValues: java.lang.String toString()>",
						"<com.android.internal.org.bouncycastle.jcajce.util.AnnotatedPrivateKey: java.lang.String toString()>",
						"<com.android.internal.org.bouncycastle.asn1.x509.GeneralName: java.lang.String toString()>",
						"<com.android.internal.org.bouncycastle.asn1.x509.X509Name: java.lang.String toString()>",
						"<com.android.internal.org.bouncycastle.asn1.x509.X509Name: java.lang.String toString(boolean,java.util.Hashtable)>",
						"<android.accessibilityservice.AccessibilityShortcutInfo: java.lang.String toString()>",
						"key field: <android.accessibilityservice.AccessibilityShortcutInfo: android.content.pm.ActivityInfo mActivityInfo>",
						"<android.accessibilityservice.AccessibilityShortcutInfo: void <init>(android.content.Context,android.content.pm.ActivityInfo)>"
					],
					"depth":8,
					"method":"<android.os.UEventObserver$UEvent: java.lang.String toString()>",
					"source":"FIELDCALLER"
				},
				{
					"trace":[
						"<android.media.MediaFormat: java.lang.String toString()>",
						"<android.filterfw.core.KeyValueMap: java.lang.String toString()>",
						"<android.animation.PropertyValuesHolder$PropertyValues: java.lang.String toString()>",
						"<com.android.internal.org.bouncycastle.jcajce.util.AnnotatedPrivateKey: java.lang.String toString()>",
						"<com.android.internal.org.bouncycastle.asn1.x509.GeneralName: java.lang.String toString()>",
						"<com.android.internal.org.bouncycastle.asn1.x509.X509Name: java.lang.String toString()>",
						"<com.android.internal.org.bouncycastle.asn1.x509.X509Name: java.lang.String toString(boolean,java.util.Hashtable)>",
						"<android.accessibilityservice.AccessibilityShortcutInfo: java.lang.String toString()>",
						"key field: <android.accessibilityservice.AccessibilityShortcutInfo: android.content.pm.ActivityInfo mActivityInfo>",
						"<android.accessibilityservice.AccessibilityShortcutInfo: void <init>(android.content.Context,android.content.pm.ActivityInfo)>"
					],
					"depth":8,
					"method":"<android.media.MediaFormat: java.lang.String toString()>",
					"source":"FIELDCALLER"
				},
				{
					"trace":[
						"<android.hardware.soundtrigger.KeyphraseEnrollmentInfo: java.lang.String toString()>",
						"<android.filterfw.core.KeyValueMap: java.lang.String toString()>",
						"<android.animation.PropertyValuesHolder$PropertyValues: java.lang.String toString()>",
						"<com.android.internal.org.bouncycastle.jcajce.util.AnnotatedPrivateKey: java.lang.String toString()>",
						"<com.android.internal.org.bouncycastle.asn1.x509.GeneralName: java.lang.String toString()>",
						"<com.android.internal.org.bouncycastle.asn1.x509.X509Name: java.lang.String toString()>",
						"<com.android.internal.org.bouncycastle.asn1.x509.X509Name: java.lang.String toString(boolean,java.util.Hashtable)>",
						"<android.accessibilityservice.AccessibilityShortcutInfo: java.lang.String toString()>",
						"key field: <android.accessibilityservice.AccessibilityShortcutInfo: android.content.pm.ActivityInfo mActivityInfo>",
						"<android.accessibilityservice.AccessibilityShortcutInfo: void <init>(android.content.Context,android.content.pm.ActivityInfo)>"
					],
					"depth":8,
					"method":"<android.hardware.soundtrigger.KeyphraseEnrollmentInfo: java.lang.String toString()>",
					"source":"FIELDCALLER"
				}
			],
			"callerOfSingnlar2SourceVar":{
				"<com.android.internal.accessibility.dialog.AccessibilityTargetHelper: java.util.List getInstalledTargets(android.content.Context,int)>":"0",
				"<com.android.internal.accessibility.dialog.AccessibilityTargetHelper: java.util.List getAccessibilityFilteredTargets(android.content.Context,int)>":"0",
				"<android.view.accessibility.AccessibilityManager: android.accessibilityservice.AccessibilityShortcutInfo getShortcutInfo(android.content.Context,android.content.pm.ResolveInfo)>":"0",
				"<com.android.internal.accessibility.dialog.AccessibilityTargetHelper: java.util.List getAccessibilityActivityTargets(android.content.Context,int)>":"0",
				"<android.accessibilityservice.AccessibilityShortcutInfo: void <init>(android.content.Context,android.content.pm.ActivityInfo)>":"0, 1",
				"<android.view.accessibility.AccessibilityManager: java.util.List getInstalledAccessibilityShortcutListAsUser(android.content.Context,int)>":"0"
			}
		},
		{
			"method":"<android.accessibilityservice.AccessibilityShortcutInfo: void <init>(android.content.Context,android.content.pm.ActivityInfo)>",
			"message":"[\\s\\S]*",
			"relatedVarType":"Parameter",
			"relatedCondType":"Basic",
			"modifier":"public",
			"type":"java.lang.Throwable",
			"osVersionRelated":false,
			"resourceRelated":false,
			"assessRelated":false,
			"hardwareRelated":false,
			"manifestRelated":false,
			"conditions":"$z0 == 0, i3 == 1, r22 == null",
			"paramValues":"@parameter0: android.content.Context, @parameter1: android.content.pm.ActivityInfo",
			"relatedValues":"@parameter0: android.content.Context, @parameter1: android.content.pm.ActivityInfo; ; ",
			"keyAPISameClassNum":0,
			"keyAPIDiffClassNum":0,
			"keyAPISameClass":[
				{
					"trace":[
						"<android.accessibilityservice.AccessibilityShortcutInfo: void <init>(android.content.Context,android.content.pm.ActivityInfo)>"
					],
					"depth":0,
					"method":"<android.accessibilityservice.AccessibilityShortcutInfo: void <init>(android.content.Context,android.content.pm.ActivityInfo)>",
					"source":"CALLER"
				}
			],
			"keyAPIDiffClass":[],
			"callerOfSingnlar2SourceVar":{
				"<com.android.internal.accessibility.dialog.AccessibilityTargetHelper: java.util.List getInstalledTargets(android.content.Context,int)>":"0",
				"<com.android.internal.accessibility.dialog.AccessibilityTargetHelper: java.util.List getAccessibilityFilteredTargets(android.content.Context,int)>":"0",
				"<android.view.accessibility.AccessibilityManager: android.accessibilityservice.AccessibilityShortcutInfo getShortcutInfo(android.content.Context,android.content.pm.ResolveInfo)>":"0",
				"<com.android.internal.accessibility.dialog.AccessibilityTargetHelper: java.util.List getAccessibilityActivityTargets(android.content.Context,int)>":"0",
				"<android.accessibilityservice.AccessibilityShortcutInfo: void <init>(android.content.Context,android.content.pm.ActivityInfo)>":"0, 1",
				"<android.view.accessibility.AccessibilityManager: java.util.List getInstalledAccessibilityShortcutListAsUser(android.content.Context,int)>":"0"
			}
		},
		{
			"method":"<android.accessibilityservice.AccessibilityShortcutInfo: void <init>(android.content.Context,android.content.pm.ActivityInfo)>",
			"message":"[\\s\\S]*",
			"relatedVarType":"ParaAndField",
			"relatedCondType":"Basic",
			"modifier":"public",
			"type":"java.lang.Throwable",
			"osVersionRelated":false,
			"resourceRelated":true,
			"assessRelated":false,
			"hardwareRelated":false,
			"manifestRelated":false,
			"conditions":"r22 == null, i1 == 0, i0 != 0",
			"paramValues":"@parameter0: android.content.Context, @parameter1: android.content.pm.ActivityInfo",
			"fieldValues":"<com.android.internal.R$styleable: int[] AccessibilityShortcutTarget>, <android.accessibilityservice.AccessibilityShortcutInfo: android.content.pm.ActivityInfo mActivityInfo>",
			"caughtValues":"@caughtexception, @caughtexception",
			"relatedValues":"@parameter0: android.content.Context, @parameter1: android.content.pm.ActivityInfo; <com.android.internal.R$styleable: int[] AccessibilityShortcutTarget>, <android.accessibilityservice.AccessibilityShortcutInfo: android.content.pm.ActivityInfo mActivityInfo>; @caughtexception, @caughtexception",
			"keyAPISameClassNum":6,
			"keyAPIDiffClassNum":12,
			"keyAPISameClass":[
				{
					"trace":[
						"<android.accessibilityservice.AccessibilityShortcutInfo: void <init>(android.content.Context,android.content.pm.ActivityInfo)>"
					],
					"depth":1,
					"method":"<android.accessibilityservice.AccessibilityShortcutInfo: void <init>(android.content.Context,android.content.pm.ActivityInfo)>",
					"source":"FIELD"
				},
				{
					"trace":[
						"<android.accessibilityservice.AccessibilityShortcutInfo: void <init>(android.content.Context,android.content.pm.ActivityInfo)>"
					],
					"depth":1,
					"method":"<android.accessibilityservice.AccessibilityShortcutInfo: android.graphics.drawable.Drawable loadAnimatedImage(android.content.Context)>",
					"source":"FIELD"
				},
				{
					"trace":[
						"<android.accessibilityservice.AccessibilityShortcutInfo: void <init>(android.content.Context,android.content.pm.ActivityInfo)>"
					],
					"depth":1,
					"method":"<android.accessibilityservice.AccessibilityShortcutInfo: java.lang.String loadDescription(android.content.pm.PackageManager)>",
					"source":"FIELD"
				},
				{
					"trace":[
						"<android.accessibilityservice.AccessibilityShortcutInfo: void <init>(android.content.Context,android.content.pm.ActivityInfo)>"
					],
					"depth":1,
					"method":"<android.accessibilityservice.AccessibilityShortcutInfo: java.lang.String loadHtmlDescription(android.content.pm.PackageManager)>",
					"source":"FIELD"
				},
				{
					"trace":[
						"<android.accessibilityservice.AccessibilityShortcutInfo: void <init>(android.content.Context,android.content.pm.ActivityInfo)>"
					],
					"depth":1,
					"method":"<android.accessibilityservice.AccessibilityShortcutInfo: java.lang.String loadSummary(android.content.pm.PackageManager)>",
					"source":"FIELD"
				},
				{
					"trace":[
						"<android.accessibilityservice.AccessibilityShortcutInfo: void <init>(android.content.Context,android.content.pm.ActivityInfo)>"
					],
					"depth":1,
					"method":"<android.accessibilityservice.AccessibilityShortcutInfo: java.lang.String toString()>",
					"source":"FIELD"
				}
			],
			"keyAPIDiffClass":[
				{
					"trace":[
						"<com.android.internal.org.bouncycastle.asn1.x509.X509Name: java.lang.String toString(boolean,java.util.Hashtable)>",
						"<android.accessibilityservice.AccessibilityShortcutInfo: java.lang.String toString()>",
						"key field: <android.accessibilityservice.AccessibilityShortcutInfo: android.content.pm.ActivityInfo mActivityInfo>",
						"<android.accessibilityservice.AccessibilityShortcutInfo: void <init>(android.content.Context,android.content.pm.ActivityInfo)>"
					],
					"depth":2,
					"method":"<com.android.internal.org.bouncycastle.asn1.x509.X509Name: java.lang.String toString(boolean,java.util.Hashtable)>",
					"source":"FIELDCALLER"
				},
				{
					"trace":[
						"<com.android.internal.org.bouncycastle.asn1.x509.X509Name: java.lang.String toString()>",
						"<com.android.internal.org.bouncycastle.asn1.x509.X509Name: java.lang.String toString(boolean,java.util.Hashtable)>",
						"<android.accessibilityservice.AccessibilityShortcutInfo: java.lang.String toString()>",
						"key field: <android.accessibilityservice.AccessibilityShortcutInfo: android.content.pm.ActivityInfo mActivityInfo>",
						"<android.accessibilityservice.AccessibilityShortcutInfo: void <init>(android.content.Context,android.content.pm.ActivityInfo)>"
					],
					"depth":3,
					"method":"<com.android.internal.org.bouncycastle.asn1.x509.X509Name: java.lang.String toString()>",
					"source":"FIELDCALLER"
				},
				{
					"trace":[
						"<com.android.internal.org.bouncycastle.asn1.x509.GeneralName: java.lang.String toString()>",
						"<com.android.internal.org.bouncycastle.asn1.x509.X509Name: java.lang.String toString()>",
						"<com.android.internal.org.bouncycastle.asn1.x509.X509Name: java.lang.String toString(boolean,java.util.Hashtable)>",
						"<android.accessibilityservice.AccessibilityShortcutInfo: java.lang.String toString()>",
						"key field: <android.accessibilityservice.AccessibilityShortcutInfo: android.content.pm.ActivityInfo mActivityInfo>",
						"<android.accessibilityservice.AccessibilityShortcutInfo: void <init>(android.content.Context,android.content.pm.ActivityInfo)>"
					],
					"depth":4,
					"method":"<com.android.internal.org.bouncycastle.asn1.x509.GeneralName: java.lang.String toString()>",
					"source":"FIELDCALLER"
				},
				{
					"trace":[
						"<com.android.internal.org.bouncycastle.jcajce.util.AnnotatedPrivateKey: java.lang.String toString()>",
						"<com.android.internal.org.bouncycastle.asn1.x509.GeneralName: java.lang.String toString()>",
						"<com.android.internal.org.bouncycastle.asn1.x509.X509Name: java.lang.String toString()>",
						"<com.android.internal.org.bouncycastle.asn1.x509.X509Name: java.lang.String toString(boolean,java.util.Hashtable)>",
						"<android.accessibilityservice.AccessibilityShortcutInfo: java.lang.String toString()>",
						"key field: <android.accessibilityservice.AccessibilityShortcutInfo: android.content.pm.ActivityInfo mActivityInfo>",
						"<android.accessibilityservice.AccessibilityShortcutInfo: void <init>(android.content.Context,android.content.pm.ActivityInfo)>"
					],
					"depth":5,
					"method":"<com.android.internal.org.bouncycastle.jcajce.util.AnnotatedPrivateKey: java.lang.String toString()>",
					"source":"FIELDCALLER"
				},
				{
					"trace":[
						"<com.android.internal.org.bouncycastle.asn1.x509.DistributionPointName: java.lang.String toString()>",
						"<com.android.internal.org.bouncycastle.asn1.x509.GeneralName: java.lang.String toString()>",
						"<com.android.internal.org.bouncycastle.asn1.x509.X509Name: java.lang.String toString()>",
						"<com.android.internal.org.bouncycastle.asn1.x509.X509Name: java.lang.String toString(boolean,java.util.Hashtable)>",
						"<android.accessibilityservice.AccessibilityShortcutInfo: java.lang.String toString()>",
						"key field: <android.accessibilityservice.AccessibilityShortcutInfo: android.content.pm.ActivityInfo mActivityInfo>",
						"<android.accessibilityservice.AccessibilityShortcutInfo: void <init>(android.content.Context,android.content.pm.ActivityInfo)>"
					],
					"depth":5,
					"method":"<com.android.internal.org.bouncycastle.asn1.x509.DistributionPointName: java.lang.String toString()>",
					"source":"FIELDCALLER"
				},
				{
					"trace":[
						"<android.animation.PropertyValuesHolder$PropertyValues: java.lang.String toString()>",
						"<com.android.internal.org.bouncycastle.jcajce.util.AnnotatedPrivateKey: java.lang.String toString()>",
						"<com.android.internal.org.bouncycastle.asn1.x509.GeneralName: java.lang.String toString()>",
						"<com.android.internal.org.bouncycastle.asn1.x509.X509Name: java.lang.String toString()>",
						"<com.android.internal.org.bouncycastle.asn1.x509.X509Name: java.lang.String toString(boolean,java.util.Hashtable)>",
						"<android.accessibilityservice.AccessibilityShortcutInfo: java.lang.String toString()>",
						"key field: <android.accessibilityservice.AccessibilityShortcutInfo: android.content.pm.ActivityInfo mActivityInfo>",
						"<android.accessibilityservice.AccessibilityShortcutInfo: void <init>(android.content.Context,android.content.pm.ActivityInfo)>"
					],
					"depth":6,
					"method":"<android.animation.PropertyValuesHolder$PropertyValues: java.lang.String toString()>",
					"source":"FIELDCALLER"
				},
				{
					"trace":[
						"<com.android.internal.org.bouncycastle.asn1.x509.IssuingDistributionPoint: java.lang.String toString()>",
						"<com.android.internal.org.bouncycastle.asn1.x509.DistributionPointName: java.lang.String toString()>",
						"<com.android.internal.org.bouncycastle.asn1.x509.GeneralName: java.lang.String toString()>",
						"<com.android.internal.org.bouncycastle.asn1.x509.X509Name: java.lang.String toString()>",
						"<com.android.internal.org.bouncycastle.asn1.x509.X509Name: java.lang.String toString(boolean,java.util.Hashtable)>",
						"<android.accessibilityservice.AccessibilityShortcutInfo: java.lang.String toString()>",
						"key field: <android.accessibilityservice.AccessibilityShortcutInfo: android.content.pm.ActivityInfo mActivityInfo>",
						"<android.accessibilityservice.AccessibilityShortcutInfo: void <init>(android.content.Context,android.content.pm.ActivityInfo)>"
					],
					"depth":6,
					"method":"<com.android.internal.org.bouncycastle.asn1.x509.IssuingDistributionPoint: java.lang.String toString()>",
					"source":"FIELDCALLER"
				},
				{
					"trace":[
						"<com.android.internal.org.bouncycastle.asn1.x509.DistributionPoint: java.lang.String toString()>",
						"<com.android.internal.org.bouncycastle.asn1.x509.DistributionPointName: java.lang.String toString()>",
						"<com.android.internal.org.bouncycastle.asn1.x509.GeneralName: java.lang.String toString()>",
						"<com.android.internal.org.bouncycastle.asn1.x509.X509Name: java.lang.String toString()>",
						"<com.android.internal.org.bouncycastle.asn1.x509.X509Name: java.lang.String toString(boolean,java.util.Hashtable)>",
						"<android.accessibilityservice.AccessibilityShortcutInfo: java.lang.String toString()>",
						"key field: <android.accessibilityservice.AccessibilityShortcutInfo: android.content.pm.ActivityInfo mActivityInfo>",
						"<android.accessibilityservice.AccessibilityShortcutInfo: void <init>(android.content.Context,android.content.pm.ActivityInfo)>"
					],
					"depth":6,
					"method":"<com.android.internal.org.bouncycastle.asn1.x509.DistributionPoint: java.lang.String toString()>",
					"source":"FIELDCALLER"
				},
				{
					"trace":[
						"<android.filterfw.core.KeyValueMap: java.lang.String toString()>",
						"<android.animation.PropertyValuesHolder$PropertyValues: java.lang.String toString()>",
						"<com.android.internal.org.bouncycastle.jcajce.util.AnnotatedPrivateKey: java.lang.String toString()>",
						"<com.android.internal.org.bouncycastle.asn1.x509.GeneralName: java.lang.String toString()>",
						"<com.android.internal.org.bouncycastle.asn1.x509.X509Name: java.lang.String toString()>",
						"<com.android.internal.org.bouncycastle.asn1.x509.X509Name: java.lang.String toString(boolean,java.util.Hashtable)>",
						"<android.accessibilityservice.AccessibilityShortcutInfo: java.lang.String toString()>",
						"key field: <android.accessibilityservice.AccessibilityShortcutInfo: android.content.pm.ActivityInfo mActivityInfo>",
						"<android.accessibilityservice.AccessibilityShortcutInfo: void <init>(android.content.Context,android.content.pm.ActivityInfo)>"
					],
					"depth":7,
					"method":"<android.filterfw.core.KeyValueMap: java.lang.String toString()>",
					"source":"FIELDCALLER"
				},
				{
					"trace":[
						"<android.os.UEventObserver$UEvent: java.lang.String toString()>",
						"<android.filterfw.core.KeyValueMap: java.lang.String toString()>",
						"<android.animation.PropertyValuesHolder$PropertyValues: java.lang.String toString()>",
						"<com.android.internal.org.bouncycastle.jcajce.util.AnnotatedPrivateKey: java.lang.String toString()>",
						"<com.android.internal.org.bouncycastle.asn1.x509.GeneralName: java.lang.String toString()>",
						"<com.android.internal.org.bouncycastle.asn1.x509.X509Name: java.lang.String toString()>",
						"<com.android.internal.org.bouncycastle.asn1.x509.X509Name: java.lang.String toString(boolean,java.util.Hashtable)>",
						"<android.accessibilityservice.AccessibilityShortcutInfo: java.lang.String toString()>",
						"key field: <android.accessibilityservice.AccessibilityShortcutInfo: android.content.pm.ActivityInfo mActivityInfo>",
						"<android.accessibilityservice.AccessibilityShortcutInfo: void <init>(android.content.Context,android.content.pm.ActivityInfo)>"
					],
					"depth":8,
					"method":"<android.os.UEventObserver$UEvent: java.lang.String toString()>",
					"source":"FIELDCALLER"
				},
				{
					"trace":[
						"<android.media.MediaFormat: java.lang.String toString()>",
						"<android.filterfw.core.KeyValueMap: java.lang.String toString()>",
						"<android.animation.PropertyValuesHolder$PropertyValues: java.lang.String toString()>",
						"<com.android.internal.org.bouncycastle.jcajce.util.AnnotatedPrivateKey: java.lang.String toString()>",
						"<com.android.internal.org.bouncycastle.asn1.x509.GeneralName: java.lang.String toString()>",
						"<com.android.internal.org.bouncycastle.asn1.x509.X509Name: java.lang.String toString()>",
						"<com.android.internal.org.bouncycastle.asn1.x509.X509Name: java.lang.String toString(boolean,java.util.Hashtable)>",
						"<android.accessibilityservice.AccessibilityShortcutInfo: java.lang.String toString()>",
						"key field: <android.accessibilityservice.AccessibilityShortcutInfo: android.content.pm.ActivityInfo mActivityInfo>",
						"<android.accessibilityservice.AccessibilityShortcutInfo: void <init>(android.content.Context,android.content.pm.ActivityInfo)>"
					],
					"depth":8,
					"method":"<android.media.MediaFormat: java.lang.String toString()>",
					"source":"FIELDCALLER"
				},
				{
					"trace":[
						"<android.hardware.soundtrigger.KeyphraseEnrollmentInfo: java.lang.String toString()>",
						"<android.filterfw.core.KeyValueMap: java.lang.String toString()>",
						"<android.animation.PropertyValuesHolder$PropertyValues: java.lang.String toString()>",
						"<com.android.internal.org.bouncycastle.jcajce.util.AnnotatedPrivateKey: java.lang.String toString()>",
						"<com.android.internal.org.bouncycastle.asn1.x509.GeneralName: java.lang.String toString()>",
						"<com.android.internal.org.bouncycastle.asn1.x509.X509Name: java.lang.String toString()>",
						"<com.android.internal.org.bouncycastle.asn1.x509.X509Name: java.lang.String toString(boolean,java.util.Hashtable)>",
						"<android.accessibilityservice.AccessibilityShortcutInfo: java.lang.String toString()>",
						"key field: <android.accessibilityservice.AccessibilityShortcutInfo: android.content.pm.ActivityInfo mActivityInfo>",
						"<android.accessibilityservice.AccessibilityShortcutInfo: void <init>(android.content.Context,android.content.pm.ActivityInfo)>"
					],
					"depth":8,
					"method":"<android.hardware.soundtrigger.KeyphraseEnrollmentInfo: java.lang.String toString()>",
					"source":"FIELDCALLER"
				}
			],
			"callerOfSingnlar2SourceVar":{
				"<com.android.internal.accessibility.dialog.AccessibilityTargetHelper: java.util.List getInstalledTargets(android.content.Context,int)>":"0",
				"<com.android.internal.accessibility.dialog.AccessibilityTargetHelper: java.util.List getAccessibilityFilteredTargets(android.content.Context,int)>":"0",
				"<android.view.accessibility.AccessibilityManager: android.accessibilityservice.AccessibilityShortcutInfo getShortcutInfo(android.content.Context,android.content.pm.ResolveInfo)>":"0",
				"<com.android.internal.accessibility.dialog.AccessibilityTargetHelper: java.util.List getAccessibilityActivityTargets(android.content.Context,int)>":"0",
				"<android.accessibilityservice.AccessibilityShortcutInfo: void <init>(android.content.Context,android.content.pm.ActivityInfo)>":"0, 1",
				"<android.view.accessibility.AccessibilityManager: java.util.List getInstalledAccessibilityShortcutListAsUser(android.content.Context,int)>":"0"
			}
		}
	]
}