{
	"exceptions":[
		{
			"method":"<android.app.usage.NetworkStats: int getUid()>",
			"message":"\\QIndex=\\E[\\s\\S]*\\Q mUids.length=\\E[\\s\\S]*",
			"relatedVarType":"Field",
			"relatedCondType":"Basic",
			"modifier":"private",
			"type":"java.lang.IndexOutOfBoundsException",
			"osVersionRelated":false,
			"resourceRelated":false,
			"assessRelated":false,
			"hardwareRelated":false,
			"manifestRelated":false,
			"conditions":"i1 < 0, $z0 == 0, i1 >= $i4",
			"fieldValues":"<android.app.usage.NetworkStats: int mUidOrUidIndex>, <android.app.usage.NetworkStats: int[] mUids>",
			"relatedValues":"; <android.app.usage.NetworkStats: int mUidOrUidIndex>, <android.app.usage.NetworkStats: int[] mUids>; ",
			"keyAPISameClassNum":2,
			"keyAPIDiffClassNum":6,
			"keyAPISameClass":[
				{
					"trace":[
						"<android.app.usage.NetworkStats: boolean hasNextBucket()>",
						"<android.app.usage.NetworkStats: boolean hasNextUid()>",
						"key field: <android.app.usage.NetworkStats: int[] mUids>",
						"<android.app.usage.NetworkStats: int getUid()>"
					],
					"depth":2,
					"method":"<android.app.usage.NetworkStats: boolean hasNextBucket()>",
					"source":"FIELDCALLER"
				},
				{
					"trace":[
						"<android.app.usage.NetworkStats: boolean getNextBucket(android.app.usage.NetworkStats$Bucket)>",
						"<android.app.usage.NetworkStats: boolean getNextHistoryBucket(android.app.usage.NetworkStats$Bucket)>",
						"<android.app.usage.NetworkStats: void stepHistory()>",
						"<android.app.usage.NetworkStats: void stepUid()>",
						"key field: <android.app.usage.NetworkStats: int mUidOrUidIndex>",
						"<android.app.usage.NetworkStats: int getUid()>"
					],
					"depth":4,
					"method":"<android.app.usage.NetworkStats: boolean getNextBucket(android.app.usage.NetworkStats$Bucket)>",
					"source":"FIELDCALLER"
				}
			],
			"keyAPIDiffClass":[
				{
					"trace":[
						"<android.app.usage.NetworkStatsManager: android.app.usage.NetworkStats queryDetailsForUidTagState(android.net.NetworkTemplate,long,long,int,int,int)>",
						"<android.app.usage.NetworkStats: void startHistoryEnumeration(int,int,int)>",
						"<android.app.usage.NetworkStats: void setSingleUidTagState(int,int,int)>",
						"key field: <android.app.usage.NetworkStats: int mUidOrUidIndex>",
						"<android.app.usage.NetworkStats: int getUid()>"
					],
					"depth":3,
					"method":"<android.app.usage.NetworkStatsManager: android.app.usage.NetworkStats queryDetailsForUidTagState(android.net.NetworkTemplate,long,long,int,int,int)>",
					"source":"FIELDCALLER"
				},
				{
					"trace":[
						"<android.app.usage.NetworkStatsManager: android.app.usage.NetworkStats queryDetailsForUid(android.net.NetworkTemplate,long,long,int)>",
						"<android.app.usage.NetworkStatsManager: android.app.usage.NetworkStats queryDetailsForUidTagState(android.net.NetworkTemplate,long,long,int,int,int)>",
						"<android.app.usage.NetworkStats: void startHistoryEnumeration(int,int,int)>",
						"<android.app.usage.NetworkStats: void setSingleUidTagState(int,int,int)>",
						"key field: <android.app.usage.NetworkStats: int mUidOrUidIndex>",
						"<android.app.usage.NetworkStats: int getUid()>"
					],
					"depth":4,
					"method":"<android.app.usage.NetworkStatsManager: android.app.usage.NetworkStats queryDetailsForUid(android.net.NetworkTemplate,long,long,int)>",
					"source":"FIELDCALLER"
				},
				{
					"trace":[
						"<android.app.usage.NetworkStatsManager: android.app.usage.NetworkStats queryDetailsForUidTagState(int,java.lang.String,long,long,int,int,int)>",
						"<android.app.usage.NetworkStatsManager: android.app.usage.NetworkStats queryDetailsForUidTagState(android.net.NetworkTemplate,long,long,int,int,int)>",
						"<android.app.usage.NetworkStats: void startHistoryEnumeration(int,int,int)>",
						"<android.app.usage.NetworkStats: void setSingleUidTagState(int,int,int)>",
						"key field: <android.app.usage.NetworkStats: int mUidOrUidIndex>",
						"<android.app.usage.NetworkStats: int getUid()>"
					],
					"depth":4,
					"method":"<android.app.usage.NetworkStatsManager: android.app.usage.NetworkStats queryDetailsForUidTagState(int,java.lang.String,long,long,int,int,int)>",
					"source":"FIELDCALLER"
				},
				{
					"trace":[
						"<android.app.usage.NetworkStatsManager: android.app.usage.NetworkStats queryDetails(int,java.lang.String,long,long)>",
						"<android.app.usage.NetworkStats: void startUserUidEnumeration()>",
						"<android.app.usage.NetworkStats: void stepHistory()>",
						"<android.app.usage.NetworkStats: void stepUid()>",
						"key field: <android.app.usage.NetworkStats: int mUidOrUidIndex>",
						"<android.app.usage.NetworkStats: int getUid()>"
					],
					"depth":4,
					"method":"<android.app.usage.NetworkStatsManager: android.app.usage.NetworkStats queryDetails(int,java.lang.String,long,long)>",
					"source":"FIELDCALLER"
				},
				{
					"trace":[
						"<android.app.usage.NetworkStatsManager: android.app.usage.NetworkStats queryDetailsForUid(int,java.lang.String,long,long,int)>",
						"<android.app.usage.NetworkStatsManager: android.app.usage.NetworkStats queryDetailsForUidTagState(int,java.lang.String,long,long,int,int,int)>",
						"<android.app.usage.NetworkStatsManager: android.app.usage.NetworkStats queryDetailsForUidTagState(android.net.NetworkTemplate,long,long,int,int,int)>",
						"<android.app.usage.NetworkStats: void startHistoryEnumeration(int,int,int)>",
						"<android.app.usage.NetworkStats: void setSingleUidTagState(int,int,int)>",
						"key field: <android.app.usage.NetworkStats: int mUidOrUidIndex>",
						"<android.app.usage.NetworkStats: int getUid()>"
					],
					"depth":5,
					"method":"<android.app.usage.NetworkStatsManager: android.app.usage.NetworkStats queryDetailsForUid(int,java.lang.String,long,long,int)>",
					"source":"FIELDCALLER"
				},
				{
					"trace":[
						"<android.app.usage.NetworkStatsManager: android.app.usage.NetworkStats queryDetailsForUidTag(int,java.lang.String,long,long,int,int)>",
						"<android.app.usage.NetworkStatsManager: android.app.usage.NetworkStats queryDetailsForUidTagState(int,java.lang.String,long,long,int,int,int)>",
						"<android.app.usage.NetworkStatsManager: android.app.usage.NetworkStats queryDetailsForUidTagState(android.net.NetworkTemplate,long,long,int,int,int)>",
						"<android.app.usage.NetworkStats: void startHistoryEnumeration(int,int,int)>",
						"<android.app.usage.NetworkStats: void setSingleUidTagState(int,int,int)>",
						"key field: <android.app.usage.NetworkStats: int mUidOrUidIndex>",
						"<android.app.usage.NetworkStats: int getUid()>"
					],
					"depth":5,
					"method":"<android.app.usage.NetworkStatsManager: android.app.usage.NetworkStats queryDetailsForUidTag(int,java.lang.String,long,long,int,int)>",
					"source":"FIELDCALLER"
				}
			],
			"callerOfSingnlar2SourceVar":{}
		}
	]
}