{
	"exceptions":[
		{
			"method":"<android.app.slice.SliceItem: java.lang.Object readObj(java.lang.String,android.os.Parcel)>",
			"message":"\\QUnsupported type \\E[\\s\\S]*",
			"relatedVarType":"Parameter",
			"relatedCondType":"Basic",
			"modifier":"private",
			"type":"java.lang.RuntimeException",
			"osVersionRelated":false,
			"resourceRelated":false,
			"assessRelated":false,
			"hardwareRelated":false,
			"manifestRelated":false,
			"conditions":"b3, $z0 == 0, $i0",
			"paramValues":"@parameter0: java.lang.String",
			"relatedValues":"@parameter0: java.lang.String; ; ",
			"keyAPISameClassNum":0,
			"keyAPIDiffClassNum":0,
			"keyAPISameClass":[
				{
					"trace":[
						"<android.app.slice.SliceItem: java.lang.Object readObj(java.lang.String,android.os.Parcel)>"
					],
					"depth":0,
					"method":"<android.app.slice.SliceItem: java.lang.Object readObj(java.lang.String,android.os.Parcel)>",
					"source":"CALLER"
				},
				{
					"trace":[
						"<android.app.slice.SliceItem: void <init>(android.os.Parcel)>",
						"<android.app.slice.SliceItem: java.lang.Object readObj(java.lang.String,android.os.Parcel)>"
					],
					"depth":1,
					"method":"<android.app.slice.SliceItem: void <init>(android.os.Parcel)>",
					"source":"CALLER"
				}
			],
			"keyAPIDiffClass":[
				{
					"trace":[
						"<android.app.slice.SliceItem$1: android.app.slice.SliceItem createFromParcel(android.os.Parcel)>",
						"<android.app.slice.SliceItem: void <init>(android.os.Parcel)>",
						"<android.app.slice.SliceItem: java.lang.Object readObj(java.lang.String,android.os.Parcel)>"
					],
					"depth":2,
					"method":"<android.app.slice.SliceItem$1: android.app.slice.SliceItem createFromParcel(android.os.Parcel)>",
					"source":"CALLER"
				},
				{
					"trace":[
						"<android.os.Parcelable$Creator: java.lang.Object createFromParcel(android.os.Parcel)>",
						"<android.app.slice.SliceItem: void <init>(android.os.Parcel)>",
						"<android.app.slice.SliceItem: java.lang.Object readObj(java.lang.String,android.os.Parcel)>"
					],
					"depth":2,
					"method":"<android.os.Parcelable$Creator: java.lang.Object createFromParcel(android.os.Parcel)>",
					"source":"CALLER"
				},
				{
					"trace":[
						"<android.app.slice.SliceItem$1: java.lang.Object createFromParcel(android.os.Parcel)>",
						"<android.app.slice.SliceItem$1: android.app.slice.SliceItem createFromParcel(android.os.Parcel)>",
						"<android.app.slice.SliceItem: void <init>(android.os.Parcel)>",
						"<android.app.slice.SliceItem: java.lang.Object readObj(java.lang.String,android.os.Parcel)>"
					],
					"depth":3,
					"method":"<android.app.slice.SliceItem$1: java.lang.Object createFromParcel(android.os.Parcel)>",
					"source":"CALLER"
				}
			],
			"callerOfSingnlar2SourceVar":{
				"<android.app.slice.SliceItem: java.lang.Object readObj(java.lang.String,android.os.Parcel)>":"0"
			}
		}
	]
}