{
	"exceptions":[
		{
			"method":"<android.app.prediction.AppPredictor: void destroy()>",
			"message":"\\QThis client has already been destroyed.\\E",
			"relatedVarType":"Field",
			"relatedCondType":"Basic",
			"modifier":"public",
			"type":"java.lang.IllegalStateException",
			"osVersionRelated":false,
			"resourceRelated":false,
			"assessRelated":false,
			"hardwareRelated":false,
			"manifestRelated":false,
			"conditions":"$z0 != 0",
			"fieldValues":"<android.app.prediction.AppPredictor: java.util.concurrent.atomic.AtomicBoolean mIsClosed>",
			"relatedValues":"; <android.app.prediction.AppPredictor: java.util.concurrent.atomic.AtomicBoolean mIsClosed>; ",
			"keyAPISameClassNum":7,
			"keyAPIDiffClassNum":1,
			"keyAPISameClass":[
				{
					"trace":[
						"<android.app.prediction.AppPredictor: void destroy()>"
					],
					"depth":1,
					"method":"<android.app.prediction.AppPredictor: void destroy()>",
					"source":"FIELD"
				},
				{
					"trace":[
						"<android.app.prediction.AppPredictor: void destroy()>"
					],
					"depth":1,
					"method":"<android.app.prediction.AppPredictor: void notifyAppTargetEvent(android.app.prediction.AppTargetEvent)>",
					"source":"FIELD"
				},
				{
					"trace":[
						"<android.app.prediction.AppPredictor: void destroy()>"
					],
					"depth":1,
					"method":"<android.app.prediction.AppPredictor: void notifyLaunchLocationShown(java.lang.String,java.util.List)>",
					"source":"FIELD"
				},
				{
					"trace":[
						"<android.app.prediction.AppPredictor: void destroy()>"
					],
					"depth":1,
					"method":"<android.app.prediction.AppPredictor: void registerPredictionUpdates(java.util.concurrent.Executor,android.app.prediction.AppPredictor$Callback)>",
					"source":"FIELD"
				},
				{
					"trace":[
						"<android.app.prediction.AppPredictor: void destroy()>"
					],
					"depth":1,
					"method":"<android.app.prediction.AppPredictor: void requestPredictionUpdate()>",
					"source":"FIELD"
				},
				{
					"trace":[
						"<android.app.prediction.AppPredictor: void destroy()>"
					],
					"depth":1,
					"method":"<android.app.prediction.AppPredictor: void sortTargets(java.util.List,java.util.concurrent.Executor,java.util.function.Consumer)>",
					"source":"FIELD"
				},
				{
					"trace":[
						"<android.app.prediction.AppPredictor: void destroy()>"
					],
					"depth":1,
					"method":"<android.app.prediction.AppPredictor: void unregisterPredictionUpdates(android.app.prediction.AppPredictor$Callback)>",
					"source":"FIELD"
				}
			],
			"keyAPIDiffClass":[
				{
					"trace":[
						"<android.app.prediction.AppPredictionManager: android.app.prediction.AppPredictor createAppPredictionSession(android.app.prediction.AppPredictionContext)>",
						"<android.app.prediction.AppPredictor: void <init>(android.content.Context,android.app.prediction.AppPredictionContext)>",
						"key field: <android.app.prediction.AppPredictor: java.util.concurrent.atomic.AtomicBoolean mIsClosed>",
						"<android.app.prediction.AppPredictor: void destroy()>"
					],
					"depth":2,
					"method":"<android.app.prediction.AppPredictionManager: android.app.prediction.AppPredictor createAppPredictionSession(android.app.prediction.AppPredictionContext)>",
					"source":"FIELDCALLER"
				}
			],
			"callerOfSingnlar2SourceVar":{}
		},
		{
			"method":"<android.app.prediction.AppPredictor: void notifyAppTargetEvent(android.app.prediction.AppTargetEvent)>",
			"message":"\\QThis client has already been destroyed.\\E",
			"relatedVarType":"Field",
			"relatedCondType":"Basic",
			"modifier":"public",
			"type":"java.lang.IllegalStateException",
			"osVersionRelated":false,
			"resourceRelated":false,
			"assessRelated":false,
			"hardwareRelated":false,
			"manifestRelated":false,
			"conditions":"$z0 != 0",
			"fieldValues":"<android.app.prediction.AppPredictor: java.util.concurrent.atomic.AtomicBoolean mIsClosed>",
			"relatedValues":"; <android.app.prediction.AppPredictor: java.util.concurrent.atomic.AtomicBoolean mIsClosed>; ",
			"keyAPISameClassNum":7,
			"keyAPIDiffClassNum":1,
			"keyAPISameClass":[
				{
					"trace":[
						"<android.app.prediction.AppPredictor: void notifyAppTargetEvent(android.app.prediction.AppTargetEvent)>"
					],
					"depth":1,
					"method":"<android.app.prediction.AppPredictor: void destroy()>",
					"source":"FIELD"
				},
				{
					"trace":[
						"<android.app.prediction.AppPredictor: void notifyAppTargetEvent(android.app.prediction.AppTargetEvent)>"
					],
					"depth":1,
					"method":"<android.app.prediction.AppPredictor: void notifyAppTargetEvent(android.app.prediction.AppTargetEvent)>",
					"source":"FIELD"
				},
				{
					"trace":[
						"<android.app.prediction.AppPredictor: void notifyAppTargetEvent(android.app.prediction.AppTargetEvent)>"
					],
					"depth":1,
					"method":"<android.app.prediction.AppPredictor: void notifyLaunchLocationShown(java.lang.String,java.util.List)>",
					"source":"FIELD"
				},
				{
					"trace":[
						"<android.app.prediction.AppPredictor: void notifyAppTargetEvent(android.app.prediction.AppTargetEvent)>"
					],
					"depth":1,
					"method":"<android.app.prediction.AppPredictor: void registerPredictionUpdates(java.util.concurrent.Executor,android.app.prediction.AppPredictor$Callback)>",
					"source":"FIELD"
				},
				{
					"trace":[
						"<android.app.prediction.AppPredictor: void notifyAppTargetEvent(android.app.prediction.AppTargetEvent)>"
					],
					"depth":1,
					"method":"<android.app.prediction.AppPredictor: void requestPredictionUpdate()>",
					"source":"FIELD"
				},
				{
					"trace":[
						"<android.app.prediction.AppPredictor: void notifyAppTargetEvent(android.app.prediction.AppTargetEvent)>"
					],
					"depth":1,
					"method":"<android.app.prediction.AppPredictor: void sortTargets(java.util.List,java.util.concurrent.Executor,java.util.function.Consumer)>",
					"source":"FIELD"
				},
				{
					"trace":[
						"<android.app.prediction.AppPredictor: void notifyAppTargetEvent(android.app.prediction.AppTargetEvent)>"
					],
					"depth":1,
					"method":"<android.app.prediction.AppPredictor: void unregisterPredictionUpdates(android.app.prediction.AppPredictor$Callback)>",
					"source":"FIELD"
				}
			],
			"keyAPIDiffClass":[
				{
					"trace":[
						"<android.app.prediction.AppPredictionManager: android.app.prediction.AppPredictor createAppPredictionSession(android.app.prediction.AppPredictionContext)>",
						"<android.app.prediction.AppPredictor: void <init>(android.content.Context,android.app.prediction.AppPredictionContext)>",
						"key field: <android.app.prediction.AppPredictor: java.util.concurrent.atomic.AtomicBoolean mIsClosed>",
						"<android.app.prediction.AppPredictor: void notifyAppTargetEvent(android.app.prediction.AppTargetEvent)>"
					],
					"depth":2,
					"method":"<android.app.prediction.AppPredictionManager: android.app.prediction.AppPredictor createAppPredictionSession(android.app.prediction.AppPredictionContext)>",
					"source":"FIELDCALLER"
				}
			],
			"callerOfSingnlar2SourceVar":{}
		},
		{
			"method":"<android.app.prediction.AppPredictor: void notifyLaunchLocationShown(java.lang.String,java.util.List)>",
			"message":"\\QThis client has already been destroyed.\\E",
			"relatedVarType":"Field",
			"relatedCondType":"Basic",
			"modifier":"public",
			"type":"java.lang.IllegalStateException",
			"osVersionRelated":false,
			"resourceRelated":false,
			"assessRelated":false,
			"hardwareRelated":false,
			"manifestRelated":false,
			"conditions":"$z0 != 0",
			"fieldValues":"<android.app.prediction.AppPredictor: java.util.concurrent.atomic.AtomicBoolean mIsClosed>",
			"relatedValues":"; <android.app.prediction.AppPredictor: java.util.concurrent.atomic.AtomicBoolean mIsClosed>; ",
			"keyAPISameClassNum":7,
			"keyAPIDiffClassNum":1,
			"keyAPISameClass":[
				{
					"trace":[
						"<android.app.prediction.AppPredictor: void notifyLaunchLocationShown(java.lang.String,java.util.List)>"
					],
					"depth":1,
					"method":"<android.app.prediction.AppPredictor: void destroy()>",
					"source":"FIELD"
				},
				{
					"trace":[
						"<android.app.prediction.AppPredictor: void notifyLaunchLocationShown(java.lang.String,java.util.List)>"
					],
					"depth":1,
					"method":"<android.app.prediction.AppPredictor: void notifyAppTargetEvent(android.app.prediction.AppTargetEvent)>",
					"source":"FIELD"
				},
				{
					"trace":[
						"<android.app.prediction.AppPredictor: void notifyLaunchLocationShown(java.lang.String,java.util.List)>"
					],
					"depth":1,
					"method":"<android.app.prediction.AppPredictor: void notifyLaunchLocationShown(java.lang.String,java.util.List)>",
					"source":"FIELD"
				},
				{
					"trace":[
						"<android.app.prediction.AppPredictor: void notifyLaunchLocationShown(java.lang.String,java.util.List)>"
					],
					"depth":1,
					"method":"<android.app.prediction.AppPredictor: void registerPredictionUpdates(java.util.concurrent.Executor,android.app.prediction.AppPredictor$Callback)>",
					"source":"FIELD"
				},
				{
					"trace":[
						"<android.app.prediction.AppPredictor: void notifyLaunchLocationShown(java.lang.String,java.util.List)>"
					],
					"depth":1,
					"method":"<android.app.prediction.AppPredictor: void requestPredictionUpdate()>",
					"source":"FIELD"
				},
				{
					"trace":[
						"<android.app.prediction.AppPredictor: void notifyLaunchLocationShown(java.lang.String,java.util.List)>"
					],
					"depth":1,
					"method":"<android.app.prediction.AppPredictor: void sortTargets(java.util.List,java.util.concurrent.Executor,java.util.function.Consumer)>",
					"source":"FIELD"
				},
				{
					"trace":[
						"<android.app.prediction.AppPredictor: void notifyLaunchLocationShown(java.lang.String,java.util.List)>"
					],
					"depth":1,
					"method":"<android.app.prediction.AppPredictor: void unregisterPredictionUpdates(android.app.prediction.AppPredictor$Callback)>",
					"source":"FIELD"
				}
			],
			"keyAPIDiffClass":[
				{
					"trace":[
						"<android.app.prediction.AppPredictionManager: android.app.prediction.AppPredictor createAppPredictionSession(android.app.prediction.AppPredictionContext)>",
						"<android.app.prediction.AppPredictor: void <init>(android.content.Context,android.app.prediction.AppPredictionContext)>",
						"key field: <android.app.prediction.AppPredictor: java.util.concurrent.atomic.AtomicBoolean mIsClosed>",
						"<android.app.prediction.AppPredictor: void notifyLaunchLocationShown(java.lang.String,java.util.List)>"
					],
					"depth":2,
					"method":"<android.app.prediction.AppPredictionManager: android.app.prediction.AppPredictor createAppPredictionSession(android.app.prediction.AppPredictionContext)>",
					"source":"FIELDCALLER"
				}
			],
			"callerOfSingnlar2SourceVar":{}
		},
		{
			"method":"<android.app.prediction.AppPredictor: void registerPredictionUpdates(java.util.concurrent.Executor,android.app.prediction.AppPredictor$Callback)>",
			"message":"\\QThis client has already been destroyed.\\E",
			"relatedVarType":"Field",
			"relatedCondType":"Basic",
			"modifier":"public",
			"type":"java.lang.IllegalStateException",
			"osVersionRelated":false,
			"resourceRelated":false,
			"assessRelated":false,
			"hardwareRelated":false,
			"manifestRelated":false,
			"conditions":"$z0 != 0",
			"fieldValues":"<android.app.prediction.AppPredictor: java.util.concurrent.atomic.AtomicBoolean mIsClosed>",
			"relatedValues":"; <android.app.prediction.AppPredictor: java.util.concurrent.atomic.AtomicBoolean mIsClosed>; ",
			"keyAPISameClassNum":7,
			"keyAPIDiffClassNum":1,
			"keyAPISameClass":[
				{
					"trace":[
						"<android.app.prediction.AppPredictor: void registerPredictionUpdates(java.util.concurrent.Executor,android.app.prediction.AppPredictor$Callback)>"
					],
					"depth":1,
					"method":"<android.app.prediction.AppPredictor: void destroy()>",
					"source":"FIELD"
				},
				{
					"trace":[
						"<android.app.prediction.AppPredictor: void registerPredictionUpdates(java.util.concurrent.Executor,android.app.prediction.AppPredictor$Callback)>"
					],
					"depth":1,
					"method":"<android.app.prediction.AppPredictor: void notifyAppTargetEvent(android.app.prediction.AppTargetEvent)>",
					"source":"FIELD"
				},
				{
					"trace":[
						"<android.app.prediction.AppPredictor: void registerPredictionUpdates(java.util.concurrent.Executor,android.app.prediction.AppPredictor$Callback)>"
					],
					"depth":1,
					"method":"<android.app.prediction.AppPredictor: void notifyLaunchLocationShown(java.lang.String,java.util.List)>",
					"source":"FIELD"
				},
				{
					"trace":[
						"<android.app.prediction.AppPredictor: void registerPredictionUpdates(java.util.concurrent.Executor,android.app.prediction.AppPredictor$Callback)>"
					],
					"depth":1,
					"method":"<android.app.prediction.AppPredictor: void registerPredictionUpdates(java.util.concurrent.Executor,android.app.prediction.AppPredictor$Callback)>",
					"source":"FIELD"
				},
				{
					"trace":[
						"<android.app.prediction.AppPredictor: void registerPredictionUpdates(java.util.concurrent.Executor,android.app.prediction.AppPredictor$Callback)>"
					],
					"depth":1,
					"method":"<android.app.prediction.AppPredictor: void requestPredictionUpdate()>",
					"source":"FIELD"
				},
				{
					"trace":[
						"<android.app.prediction.AppPredictor: void registerPredictionUpdates(java.util.concurrent.Executor,android.app.prediction.AppPredictor$Callback)>"
					],
					"depth":1,
					"method":"<android.app.prediction.AppPredictor: void sortTargets(java.util.List,java.util.concurrent.Executor,java.util.function.Consumer)>",
					"source":"FIELD"
				},
				{
					"trace":[
						"<android.app.prediction.AppPredictor: void registerPredictionUpdates(java.util.concurrent.Executor,android.app.prediction.AppPredictor$Callback)>"
					],
					"depth":1,
					"method":"<android.app.prediction.AppPredictor: void unregisterPredictionUpdates(android.app.prediction.AppPredictor$Callback)>",
					"source":"FIELD"
				}
			],
			"keyAPIDiffClass":[
				{
					"trace":[
						"<android.app.prediction.AppPredictionManager: android.app.prediction.AppPredictor createAppPredictionSession(android.app.prediction.AppPredictionContext)>",
						"<android.app.prediction.AppPredictor: void <init>(android.content.Context,android.app.prediction.AppPredictionContext)>",
						"key field: <android.app.prediction.AppPredictor: java.util.concurrent.atomic.AtomicBoolean mIsClosed>",
						"<android.app.prediction.AppPredictor: void registerPredictionUpdates(java.util.concurrent.Executor,android.app.prediction.AppPredictor$Callback)>"
					],
					"depth":2,
					"method":"<android.app.prediction.AppPredictionManager: android.app.prediction.AppPredictor createAppPredictionSession(android.app.prediction.AppPredictionContext)>",
					"source":"FIELDCALLER"
				}
			],
			"callerOfSingnlar2SourceVar":{}
		},
		{
			"method":"<android.app.prediction.AppPredictor: void requestPredictionUpdate()>",
			"message":"\\QThis client has already been destroyed.\\E",
			"relatedVarType":"Field",
			"relatedCondType":"Basic",
			"modifier":"public",
			"type":"java.lang.IllegalStateException",
			"osVersionRelated":false,
			"resourceRelated":false,
			"assessRelated":false,
			"hardwareRelated":false,
			"manifestRelated":false,
			"conditions":"$z0 != 0",
			"fieldValues":"<android.app.prediction.AppPredictor: java.util.concurrent.atomic.AtomicBoolean mIsClosed>",
			"relatedValues":"; <android.app.prediction.AppPredictor: java.util.concurrent.atomic.AtomicBoolean mIsClosed>; ",
			"keyAPISameClassNum":7,
			"keyAPIDiffClassNum":1,
			"keyAPISameClass":[
				{
					"trace":[
						"<android.app.prediction.AppPredictor: void requestPredictionUpdate()>"
					],
					"depth":1,
					"method":"<android.app.prediction.AppPredictor: void destroy()>",
					"source":"FIELD"
				},
				{
					"trace":[
						"<android.app.prediction.AppPredictor: void requestPredictionUpdate()>"
					],
					"depth":1,
					"method":"<android.app.prediction.AppPredictor: void notifyAppTargetEvent(android.app.prediction.AppTargetEvent)>",
					"source":"FIELD"
				},
				{
					"trace":[
						"<android.app.prediction.AppPredictor: void requestPredictionUpdate()>"
					],
					"depth":1,
					"method":"<android.app.prediction.AppPredictor: void notifyLaunchLocationShown(java.lang.String,java.util.List)>",
					"source":"FIELD"
				},
				{
					"trace":[
						"<android.app.prediction.AppPredictor: void requestPredictionUpdate()>"
					],
					"depth":1,
					"method":"<android.app.prediction.AppPredictor: void registerPredictionUpdates(java.util.concurrent.Executor,android.app.prediction.AppPredictor$Callback)>",
					"source":"FIELD"
				},
				{
					"trace":[
						"<android.app.prediction.AppPredictor: void requestPredictionUpdate()>"
					],
					"depth":1,
					"method":"<android.app.prediction.AppPredictor: void requestPredictionUpdate()>",
					"source":"FIELD"
				},
				{
					"trace":[
						"<android.app.prediction.AppPredictor: void requestPredictionUpdate()>"
					],
					"depth":1,
					"method":"<android.app.prediction.AppPredictor: void sortTargets(java.util.List,java.util.concurrent.Executor,java.util.function.Consumer)>",
					"source":"FIELD"
				},
				{
					"trace":[
						"<android.app.prediction.AppPredictor: void requestPredictionUpdate()>"
					],
					"depth":1,
					"method":"<android.app.prediction.AppPredictor: void unregisterPredictionUpdates(android.app.prediction.AppPredictor$Callback)>",
					"source":"FIELD"
				}
			],
			"keyAPIDiffClass":[
				{
					"trace":[
						"<android.app.prediction.AppPredictionManager: android.app.prediction.AppPredictor createAppPredictionSession(android.app.prediction.AppPredictionContext)>",
						"<android.app.prediction.AppPredictor: void <init>(android.content.Context,android.app.prediction.AppPredictionContext)>",
						"key field: <android.app.prediction.AppPredictor: java.util.concurrent.atomic.AtomicBoolean mIsClosed>",
						"<android.app.prediction.AppPredictor: void requestPredictionUpdate()>"
					],
					"depth":2,
					"method":"<android.app.prediction.AppPredictionManager: android.app.prediction.AppPredictor createAppPredictionSession(android.app.prediction.AppPredictionContext)>",
					"source":"FIELDCALLER"
				}
			],
			"callerOfSingnlar2SourceVar":{}
		},
		{
			"method":"<android.app.prediction.AppPredictor: void sortTargets(java.util.List,java.util.concurrent.Executor,java.util.function.Consumer)>",
			"message":"\\QThis client has already been destroyed.\\E",
			"relatedVarType":"Field",
			"relatedCondType":"Basic",
			"modifier":"public",
			"type":"java.lang.IllegalStateException",
			"osVersionRelated":false,
			"resourceRelated":false,
			"assessRelated":false,
			"hardwareRelated":false,
			"manifestRelated":false,
			"conditions":"$z0 != 0",
			"fieldValues":"<android.app.prediction.AppPredictor: java.util.concurrent.atomic.AtomicBoolean mIsClosed>",
			"relatedValues":"; <android.app.prediction.AppPredictor: java.util.concurrent.atomic.AtomicBoolean mIsClosed>; ",
			"keyAPISameClassNum":7,
			"keyAPIDiffClassNum":1,
			"keyAPISameClass":[
				{
					"trace":[
						"<android.app.prediction.AppPredictor: void sortTargets(java.util.List,java.util.concurrent.Executor,java.util.function.Consumer)>"
					],
					"depth":1,
					"method":"<android.app.prediction.AppPredictor: void destroy()>",
					"source":"FIELD"
				},
				{
					"trace":[
						"<android.app.prediction.AppPredictor: void sortTargets(java.util.List,java.util.concurrent.Executor,java.util.function.Consumer)>"
					],
					"depth":1,
					"method":"<android.app.prediction.AppPredictor: void notifyAppTargetEvent(android.app.prediction.AppTargetEvent)>",
					"source":"FIELD"
				},
				{
					"trace":[
						"<android.app.prediction.AppPredictor: void sortTargets(java.util.List,java.util.concurrent.Executor,java.util.function.Consumer)>"
					],
					"depth":1,
					"method":"<android.app.prediction.AppPredictor: void notifyLaunchLocationShown(java.lang.String,java.util.List)>",
					"source":"FIELD"
				},
				{
					"trace":[
						"<android.app.prediction.AppPredictor: void sortTargets(java.util.List,java.util.concurrent.Executor,java.util.function.Consumer)>"
					],
					"depth":1,
					"method":"<android.app.prediction.AppPredictor: void registerPredictionUpdates(java.util.concurrent.Executor,android.app.prediction.AppPredictor$Callback)>",
					"source":"FIELD"
				},
				{
					"trace":[
						"<android.app.prediction.AppPredictor: void sortTargets(java.util.List,java.util.concurrent.Executor,java.util.function.Consumer)>"
					],
					"depth":1,
					"method":"<android.app.prediction.AppPredictor: void requestPredictionUpdate()>",
					"source":"FIELD"
				},
				{
					"trace":[
						"<android.app.prediction.AppPredictor: void sortTargets(java.util.List,java.util.concurrent.Executor,java.util.function.Consumer)>"
					],
					"depth":1,
					"method":"<android.app.prediction.AppPredictor: void sortTargets(java.util.List,java.util.concurrent.Executor,java.util.function.Consumer)>",
					"source":"FIELD"
				},
				{
					"trace":[
						"<android.app.prediction.AppPredictor: void sortTargets(java.util.List,java.util.concurrent.Executor,java.util.function.Consumer)>"
					],
					"depth":1,
					"method":"<android.app.prediction.AppPredictor: void unregisterPredictionUpdates(android.app.prediction.AppPredictor$Callback)>",
					"source":"FIELD"
				}
			],
			"keyAPIDiffClass":[
				{
					"trace":[
						"<android.app.prediction.AppPredictionManager: android.app.prediction.AppPredictor createAppPredictionSession(android.app.prediction.AppPredictionContext)>",
						"<android.app.prediction.AppPredictor: void <init>(android.content.Context,android.app.prediction.AppPredictionContext)>",
						"key field: <android.app.prediction.AppPredictor: java.util.concurrent.atomic.AtomicBoolean mIsClosed>",
						"<android.app.prediction.AppPredictor: void sortTargets(java.util.List,java.util.concurrent.Executor,java.util.function.Consumer)>"
					],
					"depth":2,
					"method":"<android.app.prediction.AppPredictionManager: android.app.prediction.AppPredictor createAppPredictionSession(android.app.prediction.AppPredictionContext)>",
					"source":"FIELDCALLER"
				}
			],
			"callerOfSingnlar2SourceVar":{}
		},
		{
			"method":"<android.app.prediction.AppPredictor: void unregisterPredictionUpdates(android.app.prediction.AppPredictor$Callback)>",
			"message":"\\QThis client has already been destroyed.\\E",
			"relatedVarType":"Field",
			"relatedCondType":"Basic",
			"modifier":"public",
			"type":"java.lang.IllegalStateException",
			"osVersionRelated":false,
			"resourceRelated":false,
			"assessRelated":false,
			"hardwareRelated":false,
			"manifestRelated":false,
			"conditions":"$z0 != 0",
			"fieldValues":"<android.app.prediction.AppPredictor: java.util.concurrent.atomic.AtomicBoolean mIsClosed>",
			"relatedValues":"; <android.app.prediction.AppPredictor: java.util.concurrent.atomic.AtomicBoolean mIsClosed>; ",
			"keyAPISameClassNum":7,
			"keyAPIDiffClassNum":1,
			"keyAPISameClass":[
				{
					"trace":[
						"<android.app.prediction.AppPredictor: void unregisterPredictionUpdates(android.app.prediction.AppPredictor$Callback)>"
					],
					"depth":1,
					"method":"<android.app.prediction.AppPredictor: void destroy()>",
					"source":"FIELD"
				},
				{
					"trace":[
						"<android.app.prediction.AppPredictor: void unregisterPredictionUpdates(android.app.prediction.AppPredictor$Callback)>"
					],
					"depth":1,
					"method":"<android.app.prediction.AppPredictor: void notifyAppTargetEvent(android.app.prediction.AppTargetEvent)>",
					"source":"FIELD"
				},
				{
					"trace":[
						"<android.app.prediction.AppPredictor: void unregisterPredictionUpdates(android.app.prediction.AppPredictor$Callback)>"
					],
					"depth":1,
					"method":"<android.app.prediction.AppPredictor: void notifyLaunchLocationShown(java.lang.String,java.util.List)>",
					"source":"FIELD"
				},
				{
					"trace":[
						"<android.app.prediction.AppPredictor: void unregisterPredictionUpdates(android.app.prediction.AppPredictor$Callback)>"
					],
					"depth":1,
					"method":"<android.app.prediction.AppPredictor: void registerPredictionUpdates(java.util.concurrent.Executor,android.app.prediction.AppPredictor$Callback)>",
					"source":"FIELD"
				},
				{
					"trace":[
						"<android.app.prediction.AppPredictor: void unregisterPredictionUpdates(android.app.prediction.AppPredictor$Callback)>"
					],
					"depth":1,
					"method":"<android.app.prediction.AppPredictor: void requestPredictionUpdate()>",
					"source":"FIELD"
				},
				{
					"trace":[
						"<android.app.prediction.AppPredictor: void unregisterPredictionUpdates(android.app.prediction.AppPredictor$Callback)>"
					],
					"depth":1,
					"method":"<android.app.prediction.AppPredictor: void sortTargets(java.util.List,java.util.concurrent.Executor,java.util.function.Consumer)>",
					"source":"FIELD"
				},
				{
					"trace":[
						"<android.app.prediction.AppPredictor: void unregisterPredictionUpdates(android.app.prediction.AppPredictor$Callback)>"
					],
					"depth":1,
					"method":"<android.app.prediction.AppPredictor: void unregisterPredictionUpdates(android.app.prediction.AppPredictor$Callback)>",
					"source":"FIELD"
				}
			],
			"keyAPIDiffClass":[
				{
					"trace":[
						"<android.app.prediction.AppPredictionManager: android.app.prediction.AppPredictor createAppPredictionSession(android.app.prediction.AppPredictionContext)>",
						"<android.app.prediction.AppPredictor: void <init>(android.content.Context,android.app.prediction.AppPredictionContext)>",
						"key field: <android.app.prediction.AppPredictor: java.util.concurrent.atomic.AtomicBoolean mIsClosed>",
						"<android.app.prediction.AppPredictor: void unregisterPredictionUpdates(android.app.prediction.AppPredictor$Callback)>"
					],
					"depth":2,
					"method":"<android.app.prediction.AppPredictionManager: android.app.prediction.AppPredictor createAppPredictionSession(android.app.prediction.AppPredictionContext)>",
					"source":"FIELDCALLER"
				}
			],
			"callerOfSingnlar2SourceVar":{}
		}
	]
}