{
	"exceptions":[
		{
			"method":"<android.app.Fragment$1: android.view.View onFindViewById(int)>",
			"message":"\\QFragment does not have a view\\E",
			"relatedVarType":"Field",
			"relatedCondType":"Basic",
			"modifier":"public",
			"type":"java.lang.IllegalStateException",
			"osVersionRelated":false,
			"resourceRelated":false,
			"assessRelated":false,
			"hardwareRelated":false,
			"manifestRelated":false,
			"conditions":"$r2 == null",
			"fieldValues":"<android.app.Fragment$1: android.app.Fragment this$0>",
			"relatedValues":"; <android.app.Fragment$1: android.app.Fragment this$0>; ",
			"keyAPISameClassNum":2,
			"keyAPIDiffClassNum":37,
			"keyAPISameClass":[
				{
					"trace":[
						"<android.app.Fragment$1: android.view.View onFindViewById(int)>"
					],
					"depth":1,
					"method":"<android.app.Fragment$1: android.view.View onFindViewById(int)>",
					"source":"FIELD"
				},
				{
					"trace":[
						"<android.app.Fragment$1: android.view.View onFindViewById(int)>"
					],
					"depth":1,
					"method":"<android.app.Fragment$1: boolean onHasView()>",
					"source":"FIELD"
				}
			],
			"keyAPIDiffClass":[
				{
					"trace":[
						"<android.app.Fragment: android.app.FragmentManager getChildFragmentManager()>",
						"<android.app.Fragment: void instantiateChildFragmentManager()>",
						"<android.app.Fragment$1: void <init>(android.app.Fragment)>",
						"key field: <android.app.Fragment$1: android.app.Fragment this$0>",
						"<android.app.Fragment$1: android.view.View onFindViewById(int)>"
					],
					"depth":3,
					"method":"<android.app.Fragment: android.app.FragmentManager getChildFragmentManager()>",
					"source":"FIELDCALLER"
				},
				{
					"trace":[
						"<android.app.Fragment: void onCreate(android.os.Bundle)>",
						"<android.app.Fragment: void restoreChildFragmentState(android.os.Bundle,boolean)>",
						"<android.app.Fragment: void instantiateChildFragmentManager()>",
						"<android.app.Fragment$1: void <init>(android.app.Fragment)>",
						"key field: <android.app.Fragment$1: android.app.Fragment this$0>",
						"<android.app.Fragment$1: android.view.View onFindViewById(int)>"
					],
					"depth":4,
					"method":"<android.app.Fragment: void onCreate(android.os.Bundle)>",
					"source":"FIELDCALLER"
				},
				{
					"trace":[
						"<android.app.Fragment: android.view.LayoutInflater onGetLayoutInflater(android.os.Bundle)>",
						"<android.app.Fragment: android.app.FragmentManager getChildFragmentManager()>",
						"<android.app.Fragment: void instantiateChildFragmentManager()>",
						"<android.app.Fragment$1: void <init>(android.app.Fragment)>",
						"key field: <android.app.Fragment$1: android.app.Fragment this$0>",
						"<android.app.Fragment$1: android.view.View onFindViewById(int)>"
					],
					"depth":4,
					"method":"<android.app.Fragment: android.view.LayoutInflater onGetLayoutInflater(android.os.Bundle)>",
					"source":"FIELDCALLER"
				},
				{
					"trace":[
						"<android.app.FragmentManagerImpl$2: void onAnimationEnd(android.animation.Animator)>",
						"<android.app.FragmentManagerImpl: void moveToState(android.app.Fragment,int,int,int,boolean)>",
						"<android.app.Fragment: void restoreChildFragmentState(android.os.Bundle,boolean)>",
						"<android.app.Fragment: void instantiateChildFragmentManager()>",
						"<android.app.Fragment$1: void <init>(android.app.Fragment)>",
						"key field: <android.app.Fragment$1: android.app.Fragment this$0>",
						"<android.app.Fragment$1: android.view.View onFindViewById(int)>"
					],
					"depth":5,
					"method":"<android.app.FragmentManagerImpl$2: void onAnimationEnd(android.animation.Animator)>",
					"source":"FIELDCALLER"
				},
				{
					"trace":[
						"<android.app.FragmentManagerImpl: android.view.View onCreateView(android.view.View,java.lang.String,android.content.Context,android.util.AttributeSet)>",
						"<android.app.FragmentManagerImpl: void moveToState(android.app.Fragment,int,int,int,boolean)>",
						"<android.app.Fragment: void restoreChildFragmentState(android.os.Bundle,boolean)>",
						"<android.app.Fragment: void instantiateChildFragmentManager()>",
						"<android.app.Fragment$1: void <init>(android.app.Fragment)>",
						"key field: <android.app.Fragment$1: android.app.Fragment this$0>",
						"<android.app.Fragment$1: android.view.View onFindViewById(int)>"
					],
					"depth":5,
					"method":"<android.app.FragmentManagerImpl: android.view.View onCreateView(android.view.View,java.lang.String,android.content.Context,android.util.AttributeSet)>",
					"source":"FIELDCALLER"
				},
				{
					"trace":[
						"<android.view.LayoutInflater$Factory2: android.view.View onCreateView(android.view.View,java.lang.String,android.content.Context,android.util.AttributeSet)>",
						"<android.app.FragmentManagerImpl: void moveToState(android.app.Fragment,int,int,int,boolean)>",
						"<android.app.Fragment: void restoreChildFragmentState(android.os.Bundle,boolean)>",
						"<android.app.Fragment: void instantiateChildFragmentManager()>",
						"<android.app.Fragment$1: void <init>(android.app.Fragment)>",
						"key field: <android.app.Fragment$1: android.app.Fragment this$0>",
						"<android.app.Fragment$1: android.view.View onFindViewById(int)>"
					],
					"depth":5,
					"method":"<android.view.LayoutInflater$Factory2: android.view.View onCreateView(android.view.View,java.lang.String,android.content.Context,android.util.AttributeSet)>",
					"source":"FIELDCALLER"
				},
				{
					"trace":[
						"<android.app.FragmentManagerImpl: void performPendingDeferredStart(android.app.Fragment)>",
						"<android.app.FragmentManagerImpl: void moveToState(android.app.Fragment,int,int,int,boolean)>",
						"<android.app.Fragment: void restoreChildFragmentState(android.os.Bundle,boolean)>",
						"<android.app.Fragment: void instantiateChildFragmentManager()>",
						"<android.app.Fragment$1: void <init>(android.app.Fragment)>",
						"key field: <android.app.Fragment$1: android.app.Fragment this$0>",
						"<android.app.Fragment$1: android.view.View onFindViewById(int)>"
					],
					"depth":5,
					"method":"<android.app.FragmentManagerImpl: void performPendingDeferredStart(android.app.Fragment)>",
					"source":"FIELDCALLER"
				},
				{
					"trace":[
						"<android.preference.PreferenceFragment: void onCreate(android.os.Bundle)>",
						"<android.app.Fragment: void onCreate(android.os.Bundle)>",
						"<android.app.Fragment: void restoreChildFragmentState(android.os.Bundle,boolean)>",
						"<android.app.Fragment: void instantiateChildFragmentManager()>",
						"<android.app.Fragment$1: void <init>(android.app.Fragment)>",
						"key field: <android.app.Fragment$1: android.app.Fragment this$0>",
						"<android.app.Fragment$1: android.view.View onFindViewById(int)>"
					],
					"depth":5,
					"method":"<android.preference.PreferenceFragment: void onCreate(android.os.Bundle)>",
					"source":"FIELDCALLER"
				},
				{
					"trace":[
						"<com.android.internal.app.LocalePickerWithRegion: void onCreate(android.os.Bundle)>",
						"<android.app.Fragment: void onCreate(android.os.Bundle)>",
						"<android.app.Fragment: void restoreChildFragmentState(android.os.Bundle,boolean)>",
						"<android.app.Fragment: void instantiateChildFragmentManager()>",
						"<android.app.Fragment$1: void <init>(android.app.Fragment)>",
						"key field: <android.app.Fragment$1: android.app.Fragment this$0>",
						"<android.app.Fragment$1: android.view.View onFindViewById(int)>"
					],
					"depth":5,
					"method":"<com.android.internal.app.LocalePickerWithRegion: void onCreate(android.os.Bundle)>",
					"source":"FIELDCALLER"
				},
				{
					"trace":[
						"<android.app.DialogFragment: void onCreate(android.os.Bundle)>",
						"<android.app.Fragment: void onCreate(android.os.Bundle)>",
						"<android.app.Fragment: void restoreChildFragmentState(android.os.Bundle,boolean)>",
						"<android.app.Fragment: void instantiateChildFragmentManager()>",
						"<android.app.Fragment$1: void <init>(android.app.Fragment)>",
						"key field: <android.app.Fragment$1: android.app.Fragment this$0>",
						"<android.app.Fragment$1: android.view.View onFindViewById(int)>"
					],
					"depth":5,
					"method":"<android.app.DialogFragment: void onCreate(android.os.Bundle)>",
					"source":"FIELDCALLER"
				},
				{
					"trace":[
						"<android.app.DialogFragment: android.view.LayoutInflater onGetLayoutInflater(android.os.Bundle)>",
						"<android.app.Fragment: android.view.LayoutInflater onGetLayoutInflater(android.os.Bundle)>",
						"<android.app.Fragment: android.app.FragmentManager getChildFragmentManager()>",
						"<android.app.Fragment: void instantiateChildFragmentManager()>",
						"<android.app.Fragment$1: void <init>(android.app.Fragment)>",
						"key field: <android.app.Fragment$1: android.app.Fragment this$0>",
						"<android.app.Fragment$1: android.view.View onFindViewById(int)>"
					],
					"depth":5,
					"method":"<android.app.DialogFragment: android.view.LayoutInflater onGetLayoutInflater(android.os.Bundle)>",
					"source":"FIELDCALLER"
				},
				{
					"trace":[
						"<android.animation.Animator$AnimatorListener: void onAnimationEnd(android.animation.Animator,boolean)>",
						"<android.app.FragmentManagerImpl$2: void onAnimationEnd(android.animation.Animator)>",
						"<android.app.FragmentManagerImpl: void moveToState(android.app.Fragment,int,int,int,boolean)>",
						"<android.app.Fragment: void restoreChildFragmentState(android.os.Bundle,boolean)>",
						"<android.app.Fragment: void instantiateChildFragmentManager()>",
						"<android.app.Fragment$1: void <init>(android.app.Fragment)>",
						"key field: <android.app.Fragment$1: android.app.Fragment this$0>",
						"<android.app.Fragment$1: android.view.View onFindViewById(int)>"
					],
					"depth":6,
					"method":"<android.animation.Animator$AnimatorListener: void onAnimationEnd(android.animation.Animator,boolean)>",
					"source":"FIELDCALLER"
				},
				{
					"trace":[
						"<android.view.ViewPropertyAnimator$AnimatorEventListener: void onAnimationEnd(android.animation.Animator)>",
						"<android.app.FragmentManagerImpl$2: void onAnimationEnd(android.animation.Animator)>",
						"<android.app.FragmentManagerImpl: void moveToState(android.app.Fragment,int,int,int,boolean)>",
						"<android.app.Fragment: void restoreChildFragmentState(android.os.Bundle,boolean)>",
						"<android.app.Fragment: void instantiateChildFragmentManager()>",
						"<android.app.Fragment$1: void <init>(android.app.Fragment)>",
						"key field: <android.app.Fragment$1: android.app.Fragment this$0>",
						"<android.app.Fragment$1: android.view.View onFindViewById(int)>"
					],
					"depth":6,
					"method":"<android.view.ViewPropertyAnimator$AnimatorEventListener: void onAnimationEnd(android.animation.Animator)>",
					"source":"FIELDCALLER"
				},
				{
					"trace":[
						"<android.animation.Animator$AnimatorListener: void onAnimationEnd(android.animation.Animator)>",
						"<android.app.FragmentManagerImpl$2: void onAnimationEnd(android.animation.Animator)>",
						"<android.app.FragmentManagerImpl: void moveToState(android.app.Fragment,int,int,int,boolean)>",
						"<android.app.Fragment: void restoreChildFragmentState(android.os.Bundle,boolean)>",
						"<android.app.Fragment: void instantiateChildFragmentManager()>",
						"<android.app.Fragment$1: void <init>(android.app.Fragment)>",
						"key field: <android.app.Fragment$1: android.app.Fragment this$0>",
						"<android.app.Fragment$1: android.view.View onFindViewById(int)>"
					],
					"depth":6,
					"method":"<android.animation.Animator$AnimatorListener: void onAnimationEnd(android.animation.Animator)>",
					"source":"FIELDCALLER"
				},
				{
					"trace":[
						"<android.app.FragmentController: android.view.View onCreateView(android.view.View,java.lang.String,android.content.Context,android.util.AttributeSet)>",
						"<android.app.FragmentManagerImpl: android.view.View onCreateView(android.view.View,java.lang.String,android.content.Context,android.util.AttributeSet)>",
						"<android.app.FragmentManagerImpl: void moveToState(android.app.Fragment,int,int,int,boolean)>",
						"<android.app.Fragment: void restoreChildFragmentState(android.os.Bundle,boolean)>",
						"<android.app.Fragment: void instantiateChildFragmentManager()>",
						"<android.app.Fragment$1: void <init>(android.app.Fragment)>",
						"key field: <android.app.Fragment$1: android.app.Fragment this$0>",
						"<android.app.Fragment$1: android.view.View onFindViewById(int)>"
					],
					"depth":6,
					"method":"<android.app.FragmentController: android.view.View onCreateView(android.view.View,java.lang.String,android.content.Context,android.util.AttributeSet)>",
					"source":"FIELDCALLER"
				},
				{
					"trace":[
						"<android.app.FragmentManagerImpl: void addFragment(android.app.Fragment,boolean)>",
						"<android.app.FragmentManagerImpl: void moveToState(android.app.Fragment)>",
						"<android.app.FragmentManagerImpl: void moveToState(android.app.Fragment,int,int,int,boolean)>",
						"<android.app.Fragment: void restoreChildFragmentState(android.os.Bundle,boolean)>",
						"<android.app.Fragment: void instantiateChildFragmentManager()>",
						"<android.app.Fragment$1: void <init>(android.app.Fragment)>",
						"key field: <android.app.Fragment$1: android.app.Fragment this$0>",
						"<android.app.Fragment$1: android.view.View onFindViewById(int)>"
					],
					"depth":6,
					"method":"<android.app.FragmentManagerImpl: void addFragment(android.app.Fragment,boolean)>",
					"source":"FIELDCALLER"
				},
				{
					"trace":[
						"<android.app.Fragment: void setUserVisibleHint(boolean)>",
						"<android.app.FragmentManagerImpl: void performPendingDeferredStart(android.app.Fragment)>",
						"<android.app.FragmentManagerImpl: void moveToState(android.app.Fragment,int,int,int,boolean)>",
						"<android.app.Fragment: void restoreChildFragmentState(android.os.Bundle,boolean)>",
						"<android.app.Fragment: void instantiateChildFragmentManager()>",
						"<android.app.Fragment$1: void <init>(android.app.Fragment)>",
						"key field: <android.app.Fragment$1: android.app.Fragment this$0>",
						"<android.app.Fragment$1: android.view.View onFindViewById(int)>"
					],
					"depth":6,
					"method":"<android.app.Fragment: void setUserVisibleHint(boolean)>",
					"source":"FIELDCALLER"
				},
				{
					"trace":[
						"<android.app.FragmentTransition: void calculateFragments(android.app.BackStackRecord,android.util.SparseArray,boolean)>",
						"<android.app.FragmentTransition: void addToFirstInLastOut(android.app.BackStackRecord,android.app.BackStackRecord$Op,android.util.SparseArray,boolean,boolean)>",
						"<android.app.FragmentManagerImpl: void moveToState(android.app.Fragment,int,int,int,boolean)>",
						"<android.app.Fragment: void restoreChildFragmentState(android.os.Bundle,boolean)>",
						"<android.app.Fragment: void instantiateChildFragmentManager()>",
						"<android.app.Fragment$1: void <init>(android.app.Fragment)>",
						"key field: <android.app.Fragment$1: android.app.Fragment this$0>",
						"<android.app.Fragment$1: android.view.View onFindViewById(int)>"
					],
					"depth":6,
					"method":"<android.app.FragmentTransition: void calculateFragments(android.app.BackStackRecord,android.util.SparseArray,boolean)>",
					"source":"FIELDCALLER"
				},
				{
					"trace":[
						"<android.app.FragmentTransition: void calculatePopFragments(android.app.BackStackRecord,android.util.SparseArray,boolean)>",
						"<android.app.FragmentTransition: void addToFirstInLastOut(android.app.BackStackRecord,android.app.BackStackRecord$Op,android.util.SparseArray,boolean,boolean)>",
						"<android.app.FragmentManagerImpl: void moveToState(android.app.Fragment,int,int,int,boolean)>",
						"<android.app.Fragment: void restoreChildFragmentState(android.os.Bundle,boolean)>",
						"<android.app.Fragment: void instantiateChildFragmentManager()>",
						"<android.app.Fragment$1: void <init>(android.app.Fragment)>",
						"key field: <android.app.Fragment$1: android.app.Fragment this$0>",
						"<android.app.Fragment$1: android.view.View onFindViewById(int)>"
					],
					"depth":6,
					"method":"<android.app.FragmentTransition: void calculatePopFragments(android.app.BackStackRecord,android.util.SparseArray,boolean)>",
					"source":"FIELDCALLER"
				},
				{
					"trace":[
						"<com.android.internal.app.ChooserTargetActionsDialogFragment: void onCreate(android.os.Bundle)>",
						"<android.app.DialogFragment: void onCreate(android.os.Bundle)>",
						"<android.app.Fragment: void onCreate(android.os.Bundle)>",
						"<android.app.Fragment: void restoreChildFragmentState(android.os.Bundle,boolean)>",
						"<android.app.Fragment: void instantiateChildFragmentManager()>",
						"<android.app.Fragment$1: void <init>(android.app.Fragment)>",
						"key field: <android.app.Fragment$1: android.app.Fragment this$0>",
						"<android.app.Fragment$1: android.view.View onFindViewById(int)>"
					],
					"depth":6,
					"method":"<com.android.internal.app.ChooserTargetActionsDialogFragment: void onCreate(android.os.Bundle)>",
					"source":"FIELDCALLER"
				},
				{
					"trace":[
						"<android.app.Fragment: android.view.LayoutInflater getLayoutInflater()>",
						"<android.app.Fragment: android.view.LayoutInflater performGetLayoutInflater(android.os.Bundle)>",
						"<android.app.Fragment: android.view.LayoutInflater onGetLayoutInflater(android.os.Bundle)>",
						"<android.app.Fragment: android.app.FragmentManager getChildFragmentManager()>",
						"<android.app.Fragment: void instantiateChildFragmentManager()>",
						"<android.app.Fragment$1: void <init>(android.app.Fragment)>",
						"key field: <android.app.Fragment$1: android.app.Fragment this$0>",
						"<android.app.Fragment$1: android.view.View onFindViewById(int)>"
					],
					"depth":6,
					"method":"<android.app.Fragment: android.view.LayoutInflater getLayoutInflater()>",
					"source":"FIELDCALLER"
				},
				{
					"trace":[
						"<android.app.Activity: android.view.View onCreateView(android.view.View,java.lang.String,android.content.Context,android.util.AttributeSet)>",
						"<android.app.FragmentController: android.view.View onCreateView(android.view.View,java.lang.String,android.content.Context,android.util.AttributeSet)>",
						"<android.app.FragmentManagerImpl: android.view.View onCreateView(android.view.View,java.lang.String,android.content.Context,android.util.AttributeSet)>",
						"<android.app.FragmentManagerImpl: void moveToState(android.app.Fragment,int,int,int,boolean)>",
						"<android.app.Fragment: void restoreChildFragmentState(android.os.Bundle,boolean)>",
						"<android.app.Fragment: void instantiateChildFragmentManager()>",
						"<android.app.Fragment$1: void <init>(android.app.Fragment)>",
						"key field: <android.app.Fragment$1: android.app.Fragment this$0>",
						"<android.app.Fragment$1: android.view.View onFindViewById(int)>"
					],
					"depth":7,
					"method":"<android.app.Activity: android.view.View onCreateView(android.view.View,java.lang.String,android.content.Context,android.util.AttributeSet)>",
					"source":"FIELDCALLER"
				},
				{
					"trace":[
						"<android.app.LoaderManager: void destroyLoader(int)>",
						"<android.app.FragmentManagerImpl: void startPendingDeferredFragments()>",
						"<android.app.FragmentManagerImpl: void performPendingDeferredStart(android.app.Fragment)>",
						"<android.app.FragmentManagerImpl: void moveToState(android.app.Fragment,int,int,int,boolean)>",
						"<android.app.Fragment: void restoreChildFragmentState(android.os.Bundle,boolean)>",
						"<android.app.Fragment: void instantiateChildFragmentManager()>",
						"<android.app.Fragment$1: void <init>(android.app.Fragment)>",
						"key field: <android.app.Fragment$1: android.app.Fragment this$0>",
						"<android.app.Fragment$1: android.view.View onFindViewById(int)>"
					],
					"depth":7,
					"method":"<android.app.LoaderManager: void destroyLoader(int)>",
					"source":"FIELDCALLER"
				},
				{
					"trace":[
						"<android.app.LoaderManagerImpl: void destroyLoader(int)>",
						"<android.app.FragmentManagerImpl: void startPendingDeferredFragments()>",
						"<android.app.FragmentManagerImpl: void performPendingDeferredStart(android.app.Fragment)>",
						"<android.app.FragmentManagerImpl: void moveToState(android.app.Fragment,int,int,int,boolean)>",
						"<android.app.Fragment: void restoreChildFragmentState(android.os.Bundle,boolean)>",
						"<android.app.Fragment: void instantiateChildFragmentManager()>",
						"<android.app.Fragment$1: void <init>(android.app.Fragment)>",
						"key field: <android.app.Fragment$1: android.app.Fragment this$0>",
						"<android.app.Fragment$1: android.view.View onFindViewById(int)>"
					],
					"depth":7,
					"method":"<android.app.LoaderManagerImpl: void destroyLoader(int)>",
					"source":"FIELDCALLER"
				},
				{
					"trace":[
						"<android.app.LoaderManagerImpl$LoaderInfo: void onLoadComplete(android.content.Loader,java.lang.Object)>",
						"<android.app.FragmentManagerImpl: void startPendingDeferredFragments()>",
						"<android.app.FragmentManagerImpl: void performPendingDeferredStart(android.app.Fragment)>",
						"<android.app.FragmentManagerImpl: void moveToState(android.app.Fragment,int,int,int,boolean)>",
						"<android.app.Fragment: void restoreChildFragmentState(android.os.Bundle,boolean)>",
						"<android.app.Fragment: void instantiateChildFragmentManager()>",
						"<android.app.Fragment$1: void <init>(android.app.Fragment)>",
						"key field: <android.app.Fragment$1: android.app.Fragment this$0>",
						"<android.app.Fragment$1: android.view.View onFindViewById(int)>"
					],
					"depth":7,
					"method":"<android.app.LoaderManagerImpl$LoaderInfo: void onLoadComplete(android.content.Loader,java.lang.Object)>",
					"source":"FIELDCALLER"
				},
				{
					"trace":[
						"<android.content.Loader$OnLoadCompleteListener: void onLoadComplete(android.content.Loader,java.lang.Object)>",
						"<android.app.FragmentManagerImpl: void startPendingDeferredFragments()>",
						"<android.app.FragmentManagerImpl: void performPendingDeferredStart(android.app.Fragment)>",
						"<android.app.FragmentManagerImpl: void moveToState(android.app.Fragment,int,int,int,boolean)>",
						"<android.app.Fragment: void restoreChildFragmentState(android.os.Bundle,boolean)>",
						"<android.app.Fragment: void instantiateChildFragmentManager()>",
						"<android.app.Fragment$1: void <init>(android.app.Fragment)>",
						"key field: <android.app.Fragment$1: android.app.Fragment this$0>",
						"<android.app.Fragment$1: android.view.View onFindViewById(int)>"
					],
					"depth":7,
					"method":"<android.content.Loader$OnLoadCompleteListener: void onLoadComplete(android.content.Loader,java.lang.Object)>",
					"source":"FIELDCALLER"
				},
				{
					"trace":[
						"<android.view.LayoutInflater$FactoryMerger: android.view.View onCreateView(android.view.View,java.lang.String,android.content.Context,android.util.AttributeSet)>",
						"<android.app.Activity: android.view.View onCreateView(android.view.View,java.lang.String,android.content.Context,android.util.AttributeSet)>",
						"<android.app.FragmentController: android.view.View onCreateView(android.view.View,java.lang.String,android.content.Context,android.util.AttributeSet)>",
						"<android.app.FragmentManagerImpl: android.view.View onCreateView(android.view.View,java.lang.String,android.content.Context,android.util.AttributeSet)>",
						"<android.app.FragmentManagerImpl: void moveToState(android.app.Fragment,int,int,int,boolean)>",
						"<android.app.Fragment: void restoreChildFragmentState(android.os.Bundle,boolean)>",
						"<android.app.Fragment: void instantiateChildFragmentManager()>",
						"<android.app.Fragment$1: void <init>(android.app.Fragment)>",
						"key field: <android.app.Fragment$1: android.app.Fragment this$0>",
						"<android.app.Fragment$1: android.view.View onFindViewById(int)>"
					],
					"depth":8,
					"method":"<android.view.LayoutInflater$FactoryMerger: android.view.View onCreateView(android.view.View,java.lang.String,android.content.Context,android.util.AttributeSet)>",
					"source":"FIELDCALLER"
				},
				{
					"trace":[
						"<android.app.FragmentManagerImpl: void dispatchCreate()>",
						"<android.app.FragmentManagerImpl: void dispatchMoveToState(int)>",
						"<android.app.FragmentManagerImpl: void moveToState(int,boolean)>",
						"<android.app.FragmentManagerImpl: void moveFragmentToExpectedState(android.app.Fragment)>",
						"<android.app.FragmentManagerImpl: void moveToState(android.app.Fragment,int,int,int,boolean)>",
						"<android.app.Fragment: void restoreChildFragmentState(android.os.Bundle,boolean)>",
						"<android.app.Fragment: void instantiateChildFragmentManager()>",
						"<android.app.Fragment$1: void <init>(android.app.Fragment)>",
						"key field: <android.app.Fragment$1: android.app.Fragment this$0>",
						"<android.app.Fragment$1: android.view.View onFindViewById(int)>"
					],
					"depth":8,
					"method":"<android.app.FragmentManagerImpl: void dispatchCreate()>",
					"source":"FIELDCALLER"
				},
				{
					"trace":[
						"<android.app.FragmentManagerImpl: void dispatchDestroy()>",
						"<android.app.FragmentManagerImpl: void dispatchMoveToState(int)>",
						"<android.app.FragmentManagerImpl: void moveToState(int,boolean)>",
						"<android.app.FragmentManagerImpl: void moveFragmentToExpectedState(android.app.Fragment)>",
						"<android.app.FragmentManagerImpl: void moveToState(android.app.Fragment,int,int,int,boolean)>",
						"<android.app.Fragment: void restoreChildFragmentState(android.os.Bundle,boolean)>",
						"<android.app.Fragment: void instantiateChildFragmentManager()>",
						"<android.app.Fragment$1: void <init>(android.app.Fragment)>",
						"key field: <android.app.Fragment$1: android.app.Fragment this$0>",
						"<android.app.Fragment$1: android.view.View onFindViewById(int)>"
					],
					"depth":8,
					"method":"<android.app.FragmentManagerImpl: void dispatchDestroy()>",
					"source":"FIELDCALLER"
				},
				{
					"trace":[
						"<android.app.FragmentManagerImpl: void dispatchDestroyView()>",
						"<android.app.FragmentManagerImpl: void dispatchMoveToState(int)>",
						"<android.app.FragmentManagerImpl: void moveToState(int,boolean)>",
						"<android.app.FragmentManagerImpl: void moveFragmentToExpectedState(android.app.Fragment)>",
						"<android.app.FragmentManagerImpl: void moveToState(android.app.Fragment,int,int,int,boolean)>",
						"<android.app.Fragment: void restoreChildFragmentState(android.os.Bundle,boolean)>",
						"<android.app.Fragment: void instantiateChildFragmentManager()>",
						"<android.app.Fragment$1: void <init>(android.app.Fragment)>",
						"key field: <android.app.Fragment$1: android.app.Fragment this$0>",
						"<android.app.Fragment$1: android.view.View onFindViewById(int)>"
					],
					"depth":8,
					"method":"<android.app.FragmentManagerImpl: void dispatchDestroyView()>",
					"source":"FIELDCALLER"
				},
				{
					"trace":[
						"<android.app.FragmentManagerImpl: void dispatchStop()>",
						"<android.app.FragmentManagerImpl: void dispatchMoveToState(int)>",
						"<android.app.FragmentManagerImpl: void moveToState(int,boolean)>",
						"<android.app.FragmentManagerImpl: void moveFragmentToExpectedState(android.app.Fragment)>",
						"<android.app.FragmentManagerImpl: void moveToState(android.app.Fragment,int,int,int,boolean)>",
						"<android.app.Fragment: void restoreChildFragmentState(android.os.Bundle,boolean)>",
						"<android.app.Fragment: void instantiateChildFragmentManager()>",
						"<android.app.Fragment$1: void <init>(android.app.Fragment)>",
						"key field: <android.app.Fragment$1: android.app.Fragment this$0>",
						"<android.app.Fragment$1: android.view.View onFindViewById(int)>"
					],
					"depth":8,
					"method":"<android.app.FragmentManagerImpl: void dispatchStop()>",
					"source":"FIELDCALLER"
				},
				{
					"trace":[
						"<android.app.FragmentManagerImpl: void dispatchPause()>",
						"<android.app.FragmentManagerImpl: void dispatchMoveToState(int)>",
						"<android.app.FragmentManagerImpl: void moveToState(int,boolean)>",
						"<android.app.FragmentManagerImpl: void moveFragmentToExpectedState(android.app.Fragment)>",
						"<android.app.FragmentManagerImpl: void moveToState(android.app.Fragment,int,int,int,boolean)>",
						"<android.app.Fragment: void restoreChildFragmentState(android.os.Bundle,boolean)>",
						"<android.app.Fragment: void instantiateChildFragmentManager()>",
						"<android.app.Fragment$1: void <init>(android.app.Fragment)>",
						"key field: <android.app.Fragment$1: android.app.Fragment this$0>",
						"<android.app.Fragment$1: android.view.View onFindViewById(int)>"
					],
					"depth":8,
					"method":"<android.app.FragmentManagerImpl: void dispatchPause()>",
					"source":"FIELDCALLER"
				},
				{
					"trace":[
						"<android.app.FragmentManagerImpl: void dispatchResume()>",
						"<android.app.FragmentManagerImpl: void dispatchMoveToState(int)>",
						"<android.app.FragmentManagerImpl: void moveToState(int,boolean)>",
						"<android.app.FragmentManagerImpl: void moveFragmentToExpectedState(android.app.Fragment)>",
						"<android.app.FragmentManagerImpl: void moveToState(android.app.Fragment,int,int,int,boolean)>",
						"<android.app.Fragment: void restoreChildFragmentState(android.os.Bundle,boolean)>",
						"<android.app.Fragment: void instantiateChildFragmentManager()>",
						"<android.app.Fragment$1: void <init>(android.app.Fragment)>",
						"key field: <android.app.Fragment$1: android.app.Fragment this$0>",
						"<android.app.Fragment$1: android.view.View onFindViewById(int)>"
					],
					"depth":8,
					"method":"<android.app.FragmentManagerImpl: void dispatchResume()>",
					"source":"FIELDCALLER"
				},
				{
					"trace":[
						"<android.app.FragmentManagerImpl: void dispatchStart()>",
						"<android.app.FragmentManagerImpl: void dispatchMoveToState(int)>",
						"<android.app.FragmentManagerImpl: void moveToState(int,boolean)>",
						"<android.app.FragmentManagerImpl: void moveFragmentToExpectedState(android.app.Fragment)>",
						"<android.app.FragmentManagerImpl: void moveToState(android.app.Fragment,int,int,int,boolean)>",
						"<android.app.Fragment: void restoreChildFragmentState(android.os.Bundle,boolean)>",
						"<android.app.Fragment: void instantiateChildFragmentManager()>",
						"<android.app.Fragment$1: void <init>(android.app.Fragment)>",
						"key field: <android.app.Fragment$1: android.app.Fragment this$0>",
						"<android.app.Fragment$1: android.view.View onFindViewById(int)>"
					],
					"depth":8,
					"method":"<android.app.FragmentManagerImpl: void dispatchStart()>",
					"source":"FIELDCALLER"
				},
				{
					"trace":[
						"<android.app.FragmentManagerImpl: void dispatchActivityCreated()>",
						"<android.app.FragmentManagerImpl: void dispatchMoveToState(int)>",
						"<android.app.FragmentManagerImpl: void moveToState(int,boolean)>",
						"<android.app.FragmentManagerImpl: void moveFragmentToExpectedState(android.app.Fragment)>",
						"<android.app.FragmentManagerImpl: void moveToState(android.app.Fragment,int,int,int,boolean)>",
						"<android.app.Fragment: void restoreChildFragmentState(android.os.Bundle,boolean)>",
						"<android.app.Fragment: void instantiateChildFragmentManager()>",
						"<android.app.Fragment$1: void <init>(android.app.Fragment)>",
						"key field: <android.app.Fragment$1: android.app.Fragment this$0>",
						"<android.app.Fragment$1: android.view.View onFindViewById(int)>"
					],
					"depth":8,
					"method":"<android.app.FragmentManagerImpl: void dispatchActivityCreated()>",
					"source":"FIELDCALLER"
				},
				{
					"trace":[
						"<android.app.FragmentManagerImpl: boolean execPendingActions()>",
						"<android.app.FragmentManagerImpl: void doPendingDeferredStart()>",
						"<android.app.FragmentManagerImpl: void startPendingDeferredFragments()>",
						"<android.app.FragmentManagerImpl: void performPendingDeferredStart(android.app.Fragment)>",
						"<android.app.FragmentManagerImpl: void moveToState(android.app.Fragment,int,int,int,boolean)>",
						"<android.app.Fragment: void restoreChildFragmentState(android.os.Bundle,boolean)>",
						"<android.app.Fragment: void instantiateChildFragmentManager()>",
						"<android.app.Fragment$1: void <init>(android.app.Fragment)>",
						"key field: <android.app.Fragment$1: android.app.Fragment this$0>",
						"<android.app.Fragment$1: android.view.View onFindViewById(int)>"
					],
					"depth":8,
					"method":"<android.app.FragmentManagerImpl: boolean execPendingActions()>",
					"source":"FIELDCALLER"
				},
				{
					"trace":[
						"<android.app.FragmentManagerImpl: void execSingleAction(android.app.FragmentManagerImpl$OpGenerator,boolean)>",
						"<android.app.FragmentManagerImpl: void doPendingDeferredStart()>",
						"<android.app.FragmentManagerImpl: void startPendingDeferredFragments()>",
						"<android.app.FragmentManagerImpl: void performPendingDeferredStart(android.app.Fragment)>",
						"<android.app.FragmentManagerImpl: void moveToState(android.app.Fragment,int,int,int,boolean)>",
						"<android.app.Fragment: void restoreChildFragmentState(android.os.Bundle,boolean)>",
						"<android.app.Fragment: void instantiateChildFragmentManager()>",
						"<android.app.Fragment$1: void <init>(android.app.Fragment)>",
						"key field: <android.app.Fragment$1: android.app.Fragment this$0>",
						"<android.app.Fragment$1: android.view.View onFindViewById(int)>"
					],
					"depth":8,
					"method":"<android.app.FragmentManagerImpl: void execSingleAction(android.app.FragmentManagerImpl$OpGenerator,boolean)>",
					"source":"FIELDCALLER"
				}
			],
			"callerOfSingnlar2SourceVar":{}
		}
	]
}