{
	"exceptions":[
		{
			"method":"<android.app.ApplicationLoaders: void createAndCacheNonBootclasspathSystemClassLoader(android.content.pm.SharedLibraryInfo)>",
			"message":"\\QFailed to cache \\E[\\s\\S]*",
			"relatedVarType":"ParaAndField",
			"relatedCondType":"Basic",
			"modifier":"private",
			"type":"java.lang.IllegalStateException",
			"osVersionRelated":false,
			"resourceRelated":false,
			"assessRelated":false,
			"hardwareRelated":false,
			"manifestRelated":false,
			"conditions":"r34 == null, r29 == null, $z0 == 0",
			"paramValues":"@parameter0: android.content.pm.SharedLibraryInfo",
			"fieldValues":"<android.os.Build$VERSION: int SDK_INT>, <android.app.ApplicationLoaders: java.util.Map mSystemLibsCacheMap>",
			"relatedValues":"@parameter0: android.content.pm.SharedLibraryInfo; <android.os.Build$VERSION: int SDK_INT>, <android.app.ApplicationLoaders: java.util.Map mSystemLibsCacheMap>; ",
			"keyAPISameClassNum":4,
			"keyAPIDiffClassNum":2,
			"keyAPISameClass":[
				{
					"trace":[
						"<android.app.ApplicationLoaders: void createAndCacheNonBootclasspathSystemClassLoader(android.content.pm.SharedLibraryInfo)>"
					],
					"depth":1,
					"method":"<android.app.ApplicationLoaders: void <init>()>",
					"source":"FIELD"
				},
				{
					"trace":[
						"<android.app.ApplicationLoaders: void createAndCacheNonBootclasspathSystemClassLoaders(android.content.pm.SharedLibraryInfo[])>",
						"<android.app.ApplicationLoaders: void createAndCacheNonBootclasspathSystemClassLoader(android.content.pm.SharedLibraryInfo)>",
						"key field: <android.app.ApplicationLoaders: java.util.Map mSystemLibsCacheMap>",
						"<android.app.ApplicationLoaders: void createAndCacheNonBootclasspathSystemClassLoader(android.content.pm.SharedLibraryInfo)>"
					],
					"depth":2,
					"method":"<android.app.ApplicationLoaders: void createAndCacheNonBootclasspathSystemClassLoaders(android.content.pm.SharedLibraryInfo[])>",
					"source":"FIELDCALLER"
				},
				{
					"trace":[
						"<android.app.ApplicationLoaders: java.lang.ClassLoader getCachedNonBootclasspathSystemLib(java.lang.String,java.lang.ClassLoader,java.lang.String,java.util.List)>",
						"<android.app.ApplicationLoaders: void <clinit>()>",
						"<android.app.ApplicationLoaders: void <init>()>",
						"key field: <android.app.ApplicationLoaders: java.util.Map mSystemLibsCacheMap>",
						"<android.app.ApplicationLoaders: void createAndCacheNonBootclasspathSystemClassLoader(android.content.pm.SharedLibraryInfo)>"
					],
					"depth":3,
					"method":"<android.app.ApplicationLoaders: java.lang.ClassLoader getCachedNonBootclasspathSystemLib(java.lang.String,java.lang.ClassLoader,java.lang.String,java.util.List)>",
					"source":"FIELDCALLER"
				},
				{
					"trace":[
						"<android.app.ApplicationLoaders: android.app.ApplicationLoaders getDefault()>",
						"<android.app.ApplicationLoaders: void <clinit>()>",
						"<android.app.ApplicationLoaders: void <init>()>",
						"key field: <android.app.ApplicationLoaders: java.util.Map mSystemLibsCacheMap>",
						"<android.app.ApplicationLoaders: void createAndCacheNonBootclasspathSystemClassLoader(android.content.pm.SharedLibraryInfo)>"
					],
					"depth":3,
					"method":"<android.app.ApplicationLoaders: android.app.ApplicationLoaders getDefault()>",
					"source":"FIELDCALLER"
				}
			],
			"keyAPIDiffClass":[
				{
					"trace":[
						"<android.app.LoadedApk: java.lang.ClassLoader getClassLoader()>",
						"<android.app.LoadedApk: void createOrUpdateClassLoaderLocked(java.util.List)>",
						"<android.app.LoadedApk: java.util.List createSharedLibrariesLoaders(java.util.List,boolean,java.lang.String,java.lang.String)>",
						"<android.app.LoadedApk: java.lang.ClassLoader createSharedLibraryLoader(android.content.pm.SharedLibraryInfo,boolean,java.lang.String,java.lang.String)>",
						"<android.app.ApplicationLoaders: java.lang.ClassLoader getSharedLibraryClassLoaderWithSharedLibraries(java.lang.String,int,boolean,java.lang.String,java.lang.String,java.lang.ClassLoader,java.lang.String,java.util.List)>",
						"<android.app.ApplicationLoaders: java.lang.ClassLoader getCachedNonBootclasspathSystemLib(java.lang.String,java.lang.ClassLoader,java.lang.String,java.util.List)>",
						"<android.app.ApplicationLoaders: void <clinit>()>",
						"<android.app.ApplicationLoaders: void <init>()>",
						"key field: <android.app.ApplicationLoaders: java.util.Map mSystemLibsCacheMap>",
						"<android.app.ApplicationLoaders: void createAndCacheNonBootclasspathSystemClassLoader(android.content.pm.SharedLibraryInfo)>"
					],
					"depth":8,
					"method":"<android.app.LoadedApk: java.lang.ClassLoader getClassLoader()>",
					"source":"FIELDCALLER"
				},
				{
					"trace":[
						"<android.app.LoadedApk: void updateApplicationInfo(android.content.pm.ApplicationInfo,java.util.List)>",
						"<android.app.LoadedApk: void createOrUpdateClassLoaderLocked(java.util.List)>",
						"<android.app.LoadedApk: java.util.List createSharedLibrariesLoaders(java.util.List,boolean,java.lang.String,java.lang.String)>",
						"<android.app.LoadedApk: java.lang.ClassLoader createSharedLibraryLoader(android.content.pm.SharedLibraryInfo,boolean,java.lang.String,java.lang.String)>",
						"<android.app.ApplicationLoaders: java.lang.ClassLoader getSharedLibraryClassLoaderWithSharedLibraries(java.lang.String,int,boolean,java.lang.String,java.lang.String,java.lang.ClassLoader,java.lang.String,java.util.List)>",
						"<android.app.ApplicationLoaders: java.lang.ClassLoader getCachedNonBootclasspathSystemLib(java.lang.String,java.lang.ClassLoader,java.lang.String,java.util.List)>",
						"<android.app.ApplicationLoaders: void <clinit>()>",
						"<android.app.ApplicationLoaders: void <init>()>",
						"key field: <android.app.ApplicationLoaders: java.util.Map mSystemLibsCacheMap>",
						"<android.app.ApplicationLoaders: void createAndCacheNonBootclasspathSystemClassLoader(android.content.pm.SharedLibraryInfo)>"
					],
					"depth":8,
					"method":"<android.app.LoadedApk: void updateApplicationInfo(android.content.pm.ApplicationInfo,java.util.List)>",
					"source":"FIELDCALLER"
				}
			],
			"callerOfSingnlar2SourceVar":{
				"<android.app.ApplicationLoaders: void createAndCacheNonBootclasspathSystemClassLoader(android.content.pm.SharedLibraryInfo)>":"0"
			}
		},
		{
			"method":"<android.app.ApplicationLoaders: void createAndCacheNonBootclasspathSystemClassLoader(android.content.pm.SharedLibraryInfo)>",
			"message":"\\QFailed to find dependency \\E[\\s\\S]*\\Q of cachedlibrary \\E[\\s\\S]*",
			"relatedVarType":"ParaAndField",
			"relatedCondType":"Basic",
			"modifier":"private",
			"type":"java.lang.IllegalStateException",
			"osVersionRelated":false,
			"resourceRelated":false,
			"assessRelated":false,
			"hardwareRelated":false,
			"manifestRelated":false,
			"conditions":"r32 == null, $z0 == 0, r29 == null",
			"paramValues":"@parameter0: android.content.pm.SharedLibraryInfo",
			"fieldValues":"<android.app.ApplicationLoaders: java.util.Map mSystemLibsCacheMap>",
			"relatedValues":"@parameter0: android.content.pm.SharedLibraryInfo; <android.app.ApplicationLoaders: java.util.Map mSystemLibsCacheMap>; ",
			"keyAPISameClassNum":4,
			"keyAPIDiffClassNum":2,
			"keyAPISameClass":[
				{
					"trace":[
						"<android.app.ApplicationLoaders: void createAndCacheNonBootclasspathSystemClassLoader(android.content.pm.SharedLibraryInfo)>"
					],
					"depth":1,
					"method":"<android.app.ApplicationLoaders: void <init>()>",
					"source":"FIELD"
				},
				{
					"trace":[
						"<android.app.ApplicationLoaders: void createAndCacheNonBootclasspathSystemClassLoaders(android.content.pm.SharedLibraryInfo[])>",
						"<android.app.ApplicationLoaders: void createAndCacheNonBootclasspathSystemClassLoader(android.content.pm.SharedLibraryInfo)>",
						"key field: <android.app.ApplicationLoaders: java.util.Map mSystemLibsCacheMap>",
						"<android.app.ApplicationLoaders: void createAndCacheNonBootclasspathSystemClassLoader(android.content.pm.SharedLibraryInfo)>"
					],
					"depth":2,
					"method":"<android.app.ApplicationLoaders: void createAndCacheNonBootclasspathSystemClassLoaders(android.content.pm.SharedLibraryInfo[])>",
					"source":"FIELDCALLER"
				},
				{
					"trace":[
						"<android.app.ApplicationLoaders: java.lang.ClassLoader getCachedNonBootclasspathSystemLib(java.lang.String,java.lang.ClassLoader,java.lang.String,java.util.List)>",
						"<android.app.ApplicationLoaders: void <clinit>()>",
						"<android.app.ApplicationLoaders: void <init>()>",
						"key field: <android.app.ApplicationLoaders: java.util.Map mSystemLibsCacheMap>",
						"<android.app.ApplicationLoaders: void createAndCacheNonBootclasspathSystemClassLoader(android.content.pm.SharedLibraryInfo)>"
					],
					"depth":3,
					"method":"<android.app.ApplicationLoaders: java.lang.ClassLoader getCachedNonBootclasspathSystemLib(java.lang.String,java.lang.ClassLoader,java.lang.String,java.util.List)>",
					"source":"FIELDCALLER"
				},
				{
					"trace":[
						"<android.app.ApplicationLoaders: android.app.ApplicationLoaders getDefault()>",
						"<android.app.ApplicationLoaders: void <clinit>()>",
						"<android.app.ApplicationLoaders: void <init>()>",
						"key field: <android.app.ApplicationLoaders: java.util.Map mSystemLibsCacheMap>",
						"<android.app.ApplicationLoaders: void createAndCacheNonBootclasspathSystemClassLoader(android.content.pm.SharedLibraryInfo)>"
					],
					"depth":3,
					"method":"<android.app.ApplicationLoaders: android.app.ApplicationLoaders getDefault()>",
					"source":"FIELDCALLER"
				}
			],
			"keyAPIDiffClass":[
				{
					"trace":[
						"<android.app.LoadedApk: java.lang.ClassLoader getClassLoader()>",
						"<android.app.LoadedApk: void createOrUpdateClassLoaderLocked(java.util.List)>",
						"<android.app.LoadedApk: java.util.List createSharedLibrariesLoaders(java.util.List,boolean,java.lang.String,java.lang.String)>",
						"<android.app.LoadedApk: java.lang.ClassLoader createSharedLibraryLoader(android.content.pm.SharedLibraryInfo,boolean,java.lang.String,java.lang.String)>",
						"<android.app.ApplicationLoaders: java.lang.ClassLoader getSharedLibraryClassLoaderWithSharedLibraries(java.lang.String,int,boolean,java.lang.String,java.lang.String,java.lang.ClassLoader,java.lang.String,java.util.List)>",
						"<android.app.ApplicationLoaders: java.lang.ClassLoader getCachedNonBootclasspathSystemLib(java.lang.String,java.lang.ClassLoader,java.lang.String,java.util.List)>",
						"<android.app.ApplicationLoaders: void <clinit>()>",
						"<android.app.ApplicationLoaders: void <init>()>",
						"key field: <android.app.ApplicationLoaders: java.util.Map mSystemLibsCacheMap>",
						"<android.app.ApplicationLoaders: void createAndCacheNonBootclasspathSystemClassLoader(android.content.pm.SharedLibraryInfo)>"
					],
					"depth":8,
					"method":"<android.app.LoadedApk: java.lang.ClassLoader getClassLoader()>",
					"source":"FIELDCALLER"
				},
				{
					"trace":[
						"<android.app.LoadedApk: void updateApplicationInfo(android.content.pm.ApplicationInfo,java.util.List)>",
						"<android.app.LoadedApk: void createOrUpdateClassLoaderLocked(java.util.List)>",
						"<android.app.LoadedApk: java.util.List createSharedLibrariesLoaders(java.util.List,boolean,java.lang.String,java.lang.String)>",
						"<android.app.LoadedApk: java.lang.ClassLoader createSharedLibraryLoader(android.content.pm.SharedLibraryInfo,boolean,java.lang.String,java.lang.String)>",
						"<android.app.ApplicationLoaders: java.lang.ClassLoader getSharedLibraryClassLoaderWithSharedLibraries(java.lang.String,int,boolean,java.lang.String,java.lang.String,java.lang.ClassLoader,java.lang.String,java.util.List)>",
						"<android.app.ApplicationLoaders: java.lang.ClassLoader getCachedNonBootclasspathSystemLib(java.lang.String,java.lang.ClassLoader,java.lang.String,java.util.List)>",
						"<android.app.ApplicationLoaders: void <clinit>()>",
						"<android.app.ApplicationLoaders: void <init>()>",
						"key field: <android.app.ApplicationLoaders: java.util.Map mSystemLibsCacheMap>",
						"<android.app.ApplicationLoaders: void createAndCacheNonBootclasspathSystemClassLoader(android.content.pm.SharedLibraryInfo)>"
					],
					"depth":8,
					"method":"<android.app.LoadedApk: void updateApplicationInfo(android.content.pm.ApplicationInfo,java.util.List)>",
					"source":"FIELDCALLER"
				}
			],
			"callerOfSingnlar2SourceVar":{
				"<android.app.ApplicationLoaders: void createAndCacheNonBootclasspathSystemClassLoader(android.content.pm.SharedLibraryInfo)>":"0"
			}
		},
		{
			"method":"<android.app.ApplicationLoaders: void addNative(java.lang.ClassLoader,java.util.Collection)>",
			"message":"\\Qclass loader is not a PathClassLoader\\E",
			"relatedVarType":"Parameter",
			"relatedCondType":"Basic",
			"modifier":"default",
			"type":"java.lang.IllegalStateException",
			"osVersionRelated":false,
			"resourceRelated":false,
			"assessRelated":false,
			"hardwareRelated":false,
			"manifestRelated":false,
			"conditions":"$z0 == 0",
			"paramValues":"@parameter0: java.lang.ClassLoader",
			"relatedValues":"@parameter0: java.lang.ClassLoader; ; ",
			"keyAPISameClassNum":0,
			"keyAPIDiffClassNum":0,
			"keyAPISameClass":[
				{
					"trace":[
						"<android.app.ApplicationLoaders: void addNative(java.lang.ClassLoader,java.util.Collection)>"
					],
					"depth":0,
					"method":"<android.app.ApplicationLoaders: void addNative(java.lang.ClassLoader,java.util.Collection)>",
					"source":"CALLER"
				}
			],
			"keyAPIDiffClass":[],
			"callerOfSingnlar2SourceVar":{
				"<android.app.ApplicationLoaders: void addNative(java.lang.ClassLoader,java.util.Collection)>":"0"
			}
		},
		{
			"method":"<android.app.ApplicationLoaders: void addPath(java.lang.ClassLoader,java.lang.String)>",
			"message":"\\Qclass loader is not a PathClassLoader\\E",
			"relatedVarType":"Parameter",
			"relatedCondType":"Basic",
			"modifier":"default",
			"type":"java.lang.IllegalStateException",
			"osVersionRelated":false,
			"resourceRelated":false,
			"assessRelated":false,
			"hardwareRelated":false,
			"manifestRelated":false,
			"conditions":"$z0 == 0",
			"paramValues":"@parameter0: java.lang.ClassLoader",
			"relatedValues":"@parameter0: java.lang.ClassLoader; ; ",
			"keyAPISameClassNum":0,
			"keyAPIDiffClassNum":0,
			"keyAPISameClass":[
				{
					"trace":[
						"<android.app.ApplicationLoaders: void addPath(java.lang.ClassLoader,java.lang.String)>"
					],
					"depth":0,
					"method":"<android.app.ApplicationLoaders: void addPath(java.lang.ClassLoader,java.lang.String)>",
					"source":"CALLER"
				}
			],
			"keyAPIDiffClass":[],
			"callerOfSingnlar2SourceVar":{
				"<android.app.ApplicationLoaders: void addPath(java.lang.ClassLoader,java.lang.String)>":"0"
			}
		},
		{
			"method":"<android.app.ApplicationLoaders: void createAndCacheNonBootclasspathSystemClassLoaders(android.content.pm.SharedLibraryInfo[])>",
			"message":"\\QAlready cached.\\E",
			"relatedVarType":"Field",
			"relatedCondType":"Basic",
			"modifier":"public",
			"type":"java.lang.IllegalStateException",
			"osVersionRelated":false,
			"resourceRelated":false,
			"assessRelated":false,
			"hardwareRelated":false,
			"manifestRelated":false,
			"conditions":"$r1 != null",
			"fieldValues":"<android.app.ApplicationLoaders: java.util.Map mSystemLibsCacheMap>",
			"relatedValues":"; <android.app.ApplicationLoaders: java.util.Map mSystemLibsCacheMap>; ",
			"keyAPISameClassNum":4,
			"keyAPIDiffClassNum":2,
			"keyAPISameClass":[
				{
					"trace":[
						"<android.app.ApplicationLoaders: void createAndCacheNonBootclasspathSystemClassLoaders(android.content.pm.SharedLibraryInfo[])>"
					],
					"depth":1,
					"method":"<android.app.ApplicationLoaders: void <init>()>",
					"source":"FIELD"
				},
				{
					"trace":[
						"<android.app.ApplicationLoaders: void createAndCacheNonBootclasspathSystemClassLoaders(android.content.pm.SharedLibraryInfo[])>",
						"<android.app.ApplicationLoaders: void createAndCacheNonBootclasspathSystemClassLoader(android.content.pm.SharedLibraryInfo)>",
						"key field: <android.app.ApplicationLoaders: java.util.Map mSystemLibsCacheMap>",
						"<android.app.ApplicationLoaders: void createAndCacheNonBootclasspathSystemClassLoaders(android.content.pm.SharedLibraryInfo[])>"
					],
					"depth":2,
					"method":"<android.app.ApplicationLoaders: void createAndCacheNonBootclasspathSystemClassLoaders(android.content.pm.SharedLibraryInfo[])>",
					"source":"FIELDCALLER"
				},
				{
					"trace":[
						"<android.app.ApplicationLoaders: java.lang.ClassLoader getCachedNonBootclasspathSystemLib(java.lang.String,java.lang.ClassLoader,java.lang.String,java.util.List)>",
						"<android.app.ApplicationLoaders: void <clinit>()>",
						"<android.app.ApplicationLoaders: void <init>()>",
						"key field: <android.app.ApplicationLoaders: java.util.Map mSystemLibsCacheMap>",
						"<android.app.ApplicationLoaders: void createAndCacheNonBootclasspathSystemClassLoaders(android.content.pm.SharedLibraryInfo[])>"
					],
					"depth":3,
					"method":"<android.app.ApplicationLoaders: java.lang.ClassLoader getCachedNonBootclasspathSystemLib(java.lang.String,java.lang.ClassLoader,java.lang.String,java.util.List)>",
					"source":"FIELDCALLER"
				},
				{
					"trace":[
						"<android.app.ApplicationLoaders: android.app.ApplicationLoaders getDefault()>",
						"<android.app.ApplicationLoaders: void <clinit>()>",
						"<android.app.ApplicationLoaders: void <init>()>",
						"key field: <android.app.ApplicationLoaders: java.util.Map mSystemLibsCacheMap>",
						"<android.app.ApplicationLoaders: void createAndCacheNonBootclasspathSystemClassLoaders(android.content.pm.SharedLibraryInfo[])>"
					],
					"depth":3,
					"method":"<android.app.ApplicationLoaders: android.app.ApplicationLoaders getDefault()>",
					"source":"FIELDCALLER"
				}
			],
			"keyAPIDiffClass":[
				{
					"trace":[
						"<android.app.LoadedApk: java.lang.ClassLoader getClassLoader()>",
						"<android.app.LoadedApk: void createOrUpdateClassLoaderLocked(java.util.List)>",
						"<android.app.LoadedApk: java.util.List createSharedLibrariesLoaders(java.util.List,boolean,java.lang.String,java.lang.String)>",
						"<android.app.LoadedApk: java.lang.ClassLoader createSharedLibraryLoader(android.content.pm.SharedLibraryInfo,boolean,java.lang.String,java.lang.String)>",
						"<android.app.ApplicationLoaders: java.lang.ClassLoader getSharedLibraryClassLoaderWithSharedLibraries(java.lang.String,int,boolean,java.lang.String,java.lang.String,java.lang.ClassLoader,java.lang.String,java.util.List)>",
						"<android.app.ApplicationLoaders: java.lang.ClassLoader getCachedNonBootclasspathSystemLib(java.lang.String,java.lang.ClassLoader,java.lang.String,java.util.List)>",
						"<android.app.ApplicationLoaders: void <clinit>()>",
						"<android.app.ApplicationLoaders: void <init>()>",
						"key field: <android.app.ApplicationLoaders: java.util.Map mSystemLibsCacheMap>",
						"<android.app.ApplicationLoaders: void createAndCacheNonBootclasspathSystemClassLoaders(android.content.pm.SharedLibraryInfo[])>"
					],
					"depth":8,
					"method":"<android.app.LoadedApk: java.lang.ClassLoader getClassLoader()>",
					"source":"FIELDCALLER"
				},
				{
					"trace":[
						"<android.app.LoadedApk: void updateApplicationInfo(android.content.pm.ApplicationInfo,java.util.List)>",
						"<android.app.LoadedApk: void createOrUpdateClassLoaderLocked(java.util.List)>",
						"<android.app.LoadedApk: java.util.List createSharedLibrariesLoaders(java.util.List,boolean,java.lang.String,java.lang.String)>",
						"<android.app.LoadedApk: java.lang.ClassLoader createSharedLibraryLoader(android.content.pm.SharedLibraryInfo,boolean,java.lang.String,java.lang.String)>",
						"<android.app.ApplicationLoaders: java.lang.ClassLoader getSharedLibraryClassLoaderWithSharedLibraries(java.lang.String,int,boolean,java.lang.String,java.lang.String,java.lang.ClassLoader,java.lang.String,java.util.List)>",
						"<android.app.ApplicationLoaders: java.lang.ClassLoader getCachedNonBootclasspathSystemLib(java.lang.String,java.lang.ClassLoader,java.lang.String,java.util.List)>",
						"<android.app.ApplicationLoaders: void <clinit>()>",
						"<android.app.ApplicationLoaders: void <init>()>",
						"key field: <android.app.ApplicationLoaders: java.util.Map mSystemLibsCacheMap>",
						"<android.app.ApplicationLoaders: void createAndCacheNonBootclasspathSystemClassLoaders(android.content.pm.SharedLibraryInfo[])>"
					],
					"depth":8,
					"method":"<android.app.LoadedApk: void updateApplicationInfo(android.content.pm.ApplicationInfo,java.util.List)>",
					"source":"FIELDCALLER"
				}
			],
			"callerOfSingnlar2SourceVar":{}
		}
	]
}