{
	"exceptions":[
		{
			"method":"<android.app.Notification$Action$Builder: void checkContextualActionNullFields()>",
			"message":"\\QContextual Actions must contain a valid icon\\E",
			"relatedVarType":"Field",
			"relatedCondType":"Basic",
			"modifier":"private",
			"type":"java.lang.NullPointerException",
			"osVersionRelated":false,
			"resourceRelated":false,
			"assessRelated":false,
			"hardwareRelated":false,
			"manifestRelated":false,
			"conditions":"$r1 == null, $z0 != 0",
			"fieldValues":"<android.app.Notification$Action$Builder: android.graphics.drawable.Icon mIcon>, <android.app.Notification$Action$Builder: boolean mIsContextual>",
			"relatedValues":"; <android.app.Notification$Action$Builder: android.graphics.drawable.Icon mIcon>, <android.app.Notification$Action$Builder: boolean mIsContextual>; ",
			"keyAPISameClassNum":5,
			"keyAPIDiffClassNum":0,
			"keyAPISameClass":[
				{
					"trace":[
						"<android.app.Notification$Action$Builder: void checkContextualActionNullFields()>"
					],
					"depth":1,
					"method":"<android.app.Notification$Action$Builder: android.app.Notification$Action build()>",
					"source":"FIELD"
				},
				{
					"trace":[
						"<android.app.Notification$Action$Builder: void checkContextualActionNullFields()>"
					],
					"depth":1,
					"method":"<android.app.Notification$Action$Builder: android.app.Notification$Action$Builder setContextual(boolean)>",
					"source":"FIELD"
				},
				{
					"trace":[
						"<android.app.Notification$Action$Builder: void <init>(android.app.Notification$Action)>",
						"<android.app.Notification$Action$Builder: void <init>(android.graphics.drawable.Icon,java.lang.CharSequence,android.app.PendingIntent,android.os.Bundle,android.app.RemoteInput[],boolean,int)>",
						"key field: <android.app.Notification$Action$Builder: android.graphics.drawable.Icon mIcon>",
						"<android.app.Notification$Action$Builder: void checkContextualActionNullFields()>"
					],
					"depth":2,
					"method":"<android.app.Notification$Action$Builder: void <init>(android.app.Notification$Action)>",
					"source":"FIELDCALLER"
				},
				{
					"trace":[
						"<android.app.Notification$Action$Builder: void <init>(android.graphics.drawable.Icon,java.lang.CharSequence,android.app.PendingIntent)>",
						"<android.app.Notification$Action$Builder: void <init>(android.graphics.drawable.Icon,java.lang.CharSequence,android.app.PendingIntent,android.os.Bundle,android.app.RemoteInput[],boolean,int)>",
						"key field: <android.app.Notification$Action$Builder: android.graphics.drawable.Icon mIcon>",
						"<android.app.Notification$Action$Builder: void checkContextualActionNullFields()>"
					],
					"depth":2,
					"method":"<android.app.Notification$Action$Builder: void <init>(android.graphics.drawable.Icon,java.lang.CharSequence,android.app.PendingIntent)>",
					"source":"FIELDCALLER"
				},
				{
					"trace":[
						"<android.app.Notification$Action$Builder: void <init>(int,java.lang.CharSequence,android.app.PendingIntent)>",
						"<android.app.Notification$Action$Builder: void <init>(android.graphics.drawable.Icon,java.lang.CharSequence,android.app.PendingIntent)>",
						"<android.app.Notification$Action$Builder: void <init>(android.graphics.drawable.Icon,java.lang.CharSequence,android.app.PendingIntent,android.os.Bundle,android.app.RemoteInput[],boolean,int)>",
						"key field: <android.app.Notification$Action$Builder: android.graphics.drawable.Icon mIcon>",
						"<android.app.Notification$Action$Builder: void checkContextualActionNullFields()>"
					],
					"depth":3,
					"method":"<android.app.Notification$Action$Builder: void <init>(int,java.lang.CharSequence,android.app.PendingIntent)>",
					"source":"FIELDCALLER"
				}
			],
			"keyAPIDiffClass":[],
			"callerOfSingnlar2SourceVar":{}
		},
		{
			"method":"<android.app.Notification$Action$Builder: void checkContextualActionNullFields()>",
			"message":"\\QContextual Actions must contain a valid PendingIntent\\E",
			"relatedVarType":"Field",
			"relatedCondType":"Basic",
			"modifier":"private",
			"type":"java.lang.NullPointerException",
			"osVersionRelated":false,
			"resourceRelated":false,
			"assessRelated":false,
			"hardwareRelated":false,
			"manifestRelated":false,
			"conditions":"$r3 == null, $r1 == null, $z0 != 0",
			"fieldValues":"<android.app.Notification$Action$Builder: android.app.PendingIntent mIntent>, <android.app.Notification$Action$Builder: android.graphics.drawable.Icon mIcon>, <android.app.Notification$Action$Builder: boolean mIsContextual>",
			"relatedValues":"; <android.app.Notification$Action$Builder: android.app.PendingIntent mIntent>, <android.app.Notification$Action$Builder: android.graphics.drawable.Icon mIcon>, <android.app.Notification$Action$Builder: boolean mIsContextual>; ",
			"keyAPISameClassNum":5,
			"keyAPIDiffClassNum":0,
			"keyAPISameClass":[
				{
					"trace":[
						"<android.app.Notification$Action$Builder: void checkContextualActionNullFields()>"
					],
					"depth":1,
					"method":"<android.app.Notification$Action$Builder: android.app.Notification$Action build()>",
					"source":"FIELD"
				},
				{
					"trace":[
						"<android.app.Notification$Action$Builder: void checkContextualActionNullFields()>"
					],
					"depth":1,
					"method":"<android.app.Notification$Action$Builder: android.app.Notification$Action$Builder setContextual(boolean)>",
					"source":"FIELD"
				},
				{
					"trace":[
						"<android.app.Notification$Action$Builder: void <init>(android.app.Notification$Action)>",
						"<android.app.Notification$Action$Builder: void <init>(android.graphics.drawable.Icon,java.lang.CharSequence,android.app.PendingIntent,android.os.Bundle,android.app.RemoteInput[],boolean,int)>",
						"key field: <android.app.Notification$Action$Builder: android.app.PendingIntent mIntent>",
						"<android.app.Notification$Action$Builder: void checkContextualActionNullFields()>"
					],
					"depth":2,
					"method":"<android.app.Notification$Action$Builder: void <init>(android.app.Notification$Action)>",
					"source":"FIELDCALLER"
				},
				{
					"trace":[
						"<android.app.Notification$Action$Builder: void <init>(android.graphics.drawable.Icon,java.lang.CharSequence,android.app.PendingIntent)>",
						"<android.app.Notification$Action$Builder: void <init>(android.graphics.drawable.Icon,java.lang.CharSequence,android.app.PendingIntent,android.os.Bundle,android.app.RemoteInput[],boolean,int)>",
						"key field: <android.app.Notification$Action$Builder: android.app.PendingIntent mIntent>",
						"<android.app.Notification$Action$Builder: void checkContextualActionNullFields()>"
					],
					"depth":2,
					"method":"<android.app.Notification$Action$Builder: void <init>(android.graphics.drawable.Icon,java.lang.CharSequence,android.app.PendingIntent)>",
					"source":"FIELDCALLER"
				},
				{
					"trace":[
						"<android.app.Notification$Action$Builder: void <init>(int,java.lang.CharSequence,android.app.PendingIntent)>",
						"<android.app.Notification$Action$Builder: void <init>(android.graphics.drawable.Icon,java.lang.CharSequence,android.app.PendingIntent)>",
						"<android.app.Notification$Action$Builder: void <init>(android.graphics.drawable.Icon,java.lang.CharSequence,android.app.PendingIntent,android.os.Bundle,android.app.RemoteInput[],boolean,int)>",
						"key field: <android.app.Notification$Action$Builder: android.app.PendingIntent mIntent>",
						"<android.app.Notification$Action$Builder: void checkContextualActionNullFields()>"
					],
					"depth":3,
					"method":"<android.app.Notification$Action$Builder: void <init>(int,java.lang.CharSequence,android.app.PendingIntent)>",
					"source":"FIELDCALLER"
				}
			],
			"keyAPIDiffClass":[],
			"callerOfSingnlar2SourceVar":{}
		}
	]
}