{
	"exceptions":[
		{
			"method":"<android.content.BroadcastReceiver$PendingResult: void checkSynchronousHint()>",
			"message":"[\\s\\S]*",
			"relatedVarType":"Field",
			"relatedCondType":"Basic",
			"modifier":"default",
			"type":"java.lang.RuntimeException",
			"osVersionRelated":false,
			"resourceRelated":false,
			"assessRelated":false,
			"hardwareRelated":false,
			"manifestRelated":false,
			"conditions":"$z1 == 0, $z0 != 0",
			"fieldValues":"<android.content.BroadcastReceiver$PendingResult: boolean mInitialStickyHint>, <android.content.BroadcastReceiver$PendingResult: boolean mOrderedHint>",
			"relatedValues":"; <android.content.BroadcastReceiver$PendingResult: boolean mInitialStickyHint>, <android.content.BroadcastReceiver$PendingResult: boolean mOrderedHint>; ",
			"keyAPISameClassNum":1,
			"keyAPIDiffClassNum":2,
			"keyAPISameClass":[
				{
					"trace":[
						"<android.content.BroadcastReceiver$PendingResult: void checkSynchronousHint()>"
					],
					"depth":1,
					"method":"<android.content.BroadcastReceiver$PendingResult: void <init>(int,java.lang.String,android.os.Bundle,int,boolean,boolean,android.os.IBinder,int,int)>",
					"source":"FIELD"
				}
			],
			"keyAPIDiffClass":[
				{
					"trace":[
						"<android.app.ActivityThread$ReceiverData: void <init>(android.content.Intent,int,java.lang.String,android.os.Bundle,boolean,boolean,android.os.IBinder,int)>",
						"<android.content.BroadcastReceiver$PendingResult: void <init>(int,java.lang.String,android.os.Bundle,int,boolean,boolean,android.os.IBinder,int,int)>",
						"key field: <android.content.BroadcastReceiver$PendingResult: boolean mInitialStickyHint>",
						"<android.content.BroadcastReceiver$PendingResult: void checkSynchronousHint()>"
					],
					"depth":2,
					"method":"<android.app.ActivityThread$ReceiverData: void <init>(android.content.Intent,int,java.lang.String,android.os.Bundle,boolean,boolean,android.os.IBinder,int)>",
					"source":"FIELDCALLER"
				},
				{
					"trace":[
						"<android.app.LoadedApk$ReceiverDispatcher$Args: void <init>(android.app.LoadedApk$ReceiverDispatcher,android.content.Intent,int,java.lang.String,android.os.Bundle,boolean,boolean,int)>",
						"<android.content.BroadcastReceiver$PendingResult: void <init>(int,java.lang.String,android.os.Bundle,int,boolean,boolean,android.os.IBinder,int,int)>",
						"key field: <android.content.BroadcastReceiver$PendingResult: boolean mInitialStickyHint>",
						"<android.content.BroadcastReceiver$PendingResult: void checkSynchronousHint()>"
					],
					"depth":2,
					"method":"<android.app.LoadedApk$ReceiverDispatcher$Args: void <init>(android.app.LoadedApk$ReceiverDispatcher,android.content.Intent,int,java.lang.String,android.os.Bundle,boolean,boolean,int)>",
					"source":"FIELDCALLER"
				}
			],
			"callerOfSingnlar2SourceVar":{}
		},
		{
			"method":"<android.content.BroadcastReceiver$PendingResult: void sendFinished(android.app.IActivityManager)>",
			"message":"\\QBroadcast already finished\\E",
			"relatedVarType":"Field",
			"relatedCondType":"Basic",
			"modifier":"public",
			"type":"java.lang.IllegalStateException",
			"osVersionRelated":false,
			"resourceRelated":false,
			"assessRelated":false,
			"hardwareRelated":false,
			"manifestRelated":false,
			"conditions":"$z0 != 0",
			"fieldValues":"<android.content.BroadcastReceiver$PendingResult: boolean mFinished>",
			"relatedValues":"; <android.content.BroadcastReceiver$PendingResult: boolean mFinished>; ",
			"keyAPISameClassNum":2,
			"keyAPIDiffClassNum":18,
			"keyAPISameClass":[
				{
					"trace":[
						"<android.content.BroadcastReceiver$PendingResult: void sendFinished(android.app.IActivityManager)>"
					],
					"depth":1,
					"method":"<android.content.BroadcastReceiver$PendingResult: void sendFinished(android.app.IActivityManager)>",
					"source":"FIELD"
				},
				{
					"trace":[
						"<android.content.BroadcastReceiver$PendingResult: void finish()>",
						"<android.content.BroadcastReceiver$PendingResult: void sendFinished(android.app.IActivityManager)>",
						"key field: <android.content.BroadcastReceiver$PendingResult: boolean mFinished>",
						"<android.content.BroadcastReceiver$PendingResult: void sendFinished(android.app.IActivityManager)>"
					],
					"depth":2,
					"method":"<android.content.BroadcastReceiver$PendingResult: void finish()>",
					"source":"FIELDCALLER"
				}
			],
			"keyAPIDiffClass":[
				{
					"trace":[
						"<android.content.BroadcastReceiver$PendingResult$1: void run()>",
						"<android.content.BroadcastReceiver$PendingResult: void sendFinished(android.app.IActivityManager)>",
						"key field: <android.content.BroadcastReceiver$PendingResult: boolean mFinished>",
						"<android.content.BroadcastReceiver$PendingResult: void sendFinished(android.app.IActivityManager)>"
					],
					"depth":2,
					"method":"<android.content.BroadcastReceiver$PendingResult$1: void run()>",
					"source":"FIELDCALLER"
				},
				{
					"trace":[
						"<java.lang.Runnable: void run()>",
						"<android.content.BroadcastReceiver$PendingResult: void sendFinished(android.app.IActivityManager)>",
						"key field: <android.content.BroadcastReceiver$PendingResult: boolean mFinished>",
						"<android.content.BroadcastReceiver$PendingResult: void sendFinished(android.app.IActivityManager)>"
					],
					"depth":2,
					"method":"<java.lang.Runnable: void run()>",
					"source":"FIELDCALLER"
				},
				{
					"trace":[
						"<android.view.Choreographer$CallbackRecord: void run(long)>",
						"<android.content.BroadcastReceiver$PendingResult$1: void run()>",
						"<android.content.BroadcastReceiver$PendingResult: void sendFinished(android.app.IActivityManager)>",
						"key field: <android.content.BroadcastReceiver$PendingResult: boolean mFinished>",
						"<android.content.BroadcastReceiver$PendingResult: void sendFinished(android.app.IActivityManager)>"
					],
					"depth":3,
					"method":"<android.view.Choreographer$CallbackRecord: void run(long)>",
					"source":"FIELDCALLER"
				},
				{
					"trace":[
						"<com.android.internal.util.ConcurrentUtils$1$1: void run()>",
						"<android.content.BroadcastReceiver$PendingResult$1: void run()>",
						"<android.content.BroadcastReceiver$PendingResult: void sendFinished(android.app.IActivityManager)>",
						"key field: <android.content.BroadcastReceiver$PendingResult: boolean mFinished>",
						"<android.content.BroadcastReceiver$PendingResult: void sendFinished(android.app.IActivityManager)>"
					],
					"depth":3,
					"method":"<com.android.internal.util.ConcurrentUtils$1$1: void run()>",
					"source":"FIELDCALLER"
				},
				{
					"trace":[
						"<android.app.Instrumentation$SyncRunnable: void run()>",
						"<com.android.internal.util.ConcurrentUtils$1$1: void run()>",
						"<android.content.BroadcastReceiver$PendingResult$1: void run()>",
						"<android.content.BroadcastReceiver$PendingResult: void sendFinished(android.app.IActivityManager)>",
						"key field: <android.content.BroadcastReceiver$PendingResult: boolean mFinished>",
						"<android.content.BroadcastReceiver$PendingResult: void sendFinished(android.app.IActivityManager)>"
					],
					"depth":4,
					"method":"<android.app.Instrumentation$SyncRunnable: void run()>",
					"source":"FIELDCALLER"
				},
				{
					"trace":[
						"<android.os.AsyncTask$SerialExecutor$1: void run()>",
						"<android.app.Instrumentation$SyncRunnable: void run()>",
						"<com.android.internal.util.ConcurrentUtils$1$1: void run()>",
						"<android.content.BroadcastReceiver$PendingResult$1: void run()>",
						"<android.content.BroadcastReceiver$PendingResult: void sendFinished(android.app.IActivityManager)>",
						"key field: <android.content.BroadcastReceiver$PendingResult: boolean mFinished>",
						"<android.content.BroadcastReceiver$PendingResult: void sendFinished(android.app.IActivityManager)>"
					],
					"depth":5,
					"method":"<android.os.AsyncTask$SerialExecutor$1: void run()>",
					"source":"FIELDCALLER"
				},
				{
					"trace":[
						"<java.lang.Thread: void run()>",
						"<android.os.AsyncTask$SerialExecutor$1: void run()>",
						"<android.app.Instrumentation$SyncRunnable: void run()>",
						"<com.android.internal.util.ConcurrentUtils$1$1: void run()>",
						"<android.content.BroadcastReceiver$PendingResult$1: void run()>",
						"<android.content.BroadcastReceiver$PendingResult: void sendFinished(android.app.IActivityManager)>",
						"key field: <android.content.BroadcastReceiver$PendingResult: boolean mFinished>",
						"<android.content.BroadcastReceiver$PendingResult: void sendFinished(android.app.IActivityManager)>"
					],
					"depth":6,
					"method":"<java.lang.Thread: void run()>",
					"source":"FIELDCALLER"
				},
				{
					"trace":[
						"<android.widget.MediaController$4: void run()>",
						"<java.lang.Thread: void run()>",
						"<android.os.AsyncTask$SerialExecutor$1: void run()>",
						"<android.app.Instrumentation$SyncRunnable: void run()>",
						"<com.android.internal.util.ConcurrentUtils$1$1: void run()>",
						"<android.content.BroadcastReceiver$PendingResult$1: void run()>",
						"<android.content.BroadcastReceiver$PendingResult: void sendFinished(android.app.IActivityManager)>",
						"key field: <android.content.BroadcastReceiver$PendingResult: boolean mFinished>",
						"<android.content.BroadcastReceiver$PendingResult: void sendFinished(android.app.IActivityManager)>"
					],
					"depth":7,
					"method":"<android.widget.MediaController$4: void run()>",
					"source":"FIELDCALLER"
				},
				{
					"trace":[
						"<android.widget.ViewFlipper$2: void run()>",
						"<android.widget.MediaController$4: void run()>",
						"<java.lang.Thread: void run()>",
						"<android.os.AsyncTask$SerialExecutor$1: void run()>",
						"<android.app.Instrumentation$SyncRunnable: void run()>",
						"<com.android.internal.util.ConcurrentUtils$1$1: void run()>",
						"<android.content.BroadcastReceiver$PendingResult$1: void run()>",
						"<android.content.BroadcastReceiver$PendingResult: void sendFinished(android.app.IActivityManager)>",
						"key field: <android.content.BroadcastReceiver$PendingResult: boolean mFinished>",
						"<android.content.BroadcastReceiver$PendingResult: void sendFinished(android.app.IActivityManager)>"
					],
					"depth":8,
					"method":"<android.widget.ViewFlipper$2: void run()>",
					"source":"FIELDCALLER"
				},
				{
					"trace":[
						"<android.app.SharedPreferencesImpl$2: void run()>",
						"<android.widget.MediaController$4: void run()>",
						"<java.lang.Thread: void run()>",
						"<android.os.AsyncTask$SerialExecutor$1: void run()>",
						"<android.app.Instrumentation$SyncRunnable: void run()>",
						"<com.android.internal.util.ConcurrentUtils$1$1: void run()>",
						"<android.content.BroadcastReceiver$PendingResult$1: void run()>",
						"<android.content.BroadcastReceiver$PendingResult: void sendFinished(android.app.IActivityManager)>",
						"key field: <android.content.BroadcastReceiver$PendingResult: boolean mFinished>",
						"<android.content.BroadcastReceiver$PendingResult: void sendFinished(android.app.IActivityManager)>"
					],
					"depth":8,
					"method":"<android.app.SharedPreferencesImpl$2: void run()>",
					"source":"FIELDCALLER"
				},
				{
					"trace":[
						"<com.android.internal.view.SurfaceCallbackHelper$1: void run()>",
						"<android.widget.MediaController$4: void run()>",
						"<java.lang.Thread: void run()>",
						"<android.os.AsyncTask$SerialExecutor$1: void run()>",
						"<android.app.Instrumentation$SyncRunnable: void run()>",
						"<com.android.internal.util.ConcurrentUtils$1$1: void run()>",
						"<android.content.BroadcastReceiver$PendingResult$1: void run()>",
						"<android.content.BroadcastReceiver$PendingResult: void sendFinished(android.app.IActivityManager)>",
						"key field: <android.content.BroadcastReceiver$PendingResult: boolean mFinished>",
						"<android.content.BroadcastReceiver$PendingResult: void sendFinished(android.app.IActivityManager)>"
					],
					"depth":8,
					"method":"<com.android.internal.view.SurfaceCallbackHelper$1: void run()>",
					"source":"FIELDCALLER"
				},
				{
					"trace":[
						"<android.os.Handler$BlockingRunnable: void run()>",
						"<android.widget.MediaController$4: void run()>",
						"<java.lang.Thread: void run()>",
						"<android.os.AsyncTask$SerialExecutor$1: void run()>",
						"<android.app.Instrumentation$SyncRunnable: void run()>",
						"<com.android.internal.util.ConcurrentUtils$1$1: void run()>",
						"<android.content.BroadcastReceiver$PendingResult$1: void run()>",
						"<android.content.BroadcastReceiver$PendingResult: void sendFinished(android.app.IActivityManager)>",
						"key field: <android.content.BroadcastReceiver$PendingResult: boolean mFinished>",
						"<android.content.BroadcastReceiver$PendingResult: void sendFinished(android.app.IActivityManager)>"
					],
					"depth":8,
					"method":"<android.os.Handler$BlockingRunnable: void run()>",
					"source":"FIELDCALLER"
				},
				{
					"trace":[
						"<android.widget.TextClock$2: void run()>",
						"<android.widget.MediaController$4: void run()>",
						"<java.lang.Thread: void run()>",
						"<android.os.AsyncTask$SerialExecutor$1: void run()>",
						"<android.app.Instrumentation$SyncRunnable: void run()>",
						"<com.android.internal.util.ConcurrentUtils$1$1: void run()>",
						"<android.content.BroadcastReceiver$PendingResult$1: void run()>",
						"<android.content.BroadcastReceiver$PendingResult: void sendFinished(android.app.IActivityManager)>",
						"key field: <android.content.BroadcastReceiver$PendingResult: boolean mFinished>",
						"<android.content.BroadcastReceiver$PendingResult: void sendFinished(android.app.IActivityManager)>"
					],
					"depth":8,
					"method":"<android.widget.TextClock$2: void run()>",
					"source":"FIELDCALLER"
				},
				{
					"trace":[
						"<android.mtp.MtpServer: void run()>",
						"<android.widget.MediaController$4: void run()>",
						"<java.lang.Thread: void run()>",
						"<android.os.AsyncTask$SerialExecutor$1: void run()>",
						"<android.app.Instrumentation$SyncRunnable: void run()>",
						"<com.android.internal.util.ConcurrentUtils$1$1: void run()>",
						"<android.content.BroadcastReceiver$PendingResult$1: void run()>",
						"<android.content.BroadcastReceiver$PendingResult: void sendFinished(android.app.IActivityManager)>",
						"key field: <android.content.BroadcastReceiver$PendingResult: boolean mFinished>",
						"<android.content.BroadcastReceiver$PendingResult: void sendFinished(android.app.IActivityManager)>"
					],
					"depth":8,
					"method":"<android.mtp.MtpServer: void run()>",
					"source":"FIELDCALLER"
				},
				{
					"trace":[
						"<com.android.internal.infra.ThrottledRunnable: void run()>",
						"<android.widget.MediaController$4: void run()>",
						"<java.lang.Thread: void run()>",
						"<android.os.AsyncTask$SerialExecutor$1: void run()>",
						"<android.app.Instrumentation$SyncRunnable: void run()>",
						"<com.android.internal.util.ConcurrentUtils$1$1: void run()>",
						"<android.content.BroadcastReceiver$PendingResult$1: void run()>",
						"<android.content.BroadcastReceiver$PendingResult: void sendFinished(android.app.IActivityManager)>",
						"key field: <android.content.BroadcastReceiver$PendingResult: boolean mFinished>",
						"<android.content.BroadcastReceiver$PendingResult: void sendFinished(android.app.IActivityManager)>"
					],
					"depth":8,
					"method":"<com.android.internal.infra.ThrottledRunnable: void run()>",
					"source":"FIELDCALLER"
				},
				{
					"trace":[
						"<android.widget.Chronometer$1: void run()>",
						"<android.widget.MediaController$4: void run()>",
						"<java.lang.Thread: void run()>",
						"<android.os.AsyncTask$SerialExecutor$1: void run()>",
						"<android.app.Instrumentation$SyncRunnable: void run()>",
						"<com.android.internal.util.ConcurrentUtils$1$1: void run()>",
						"<android.content.BroadcastReceiver$PendingResult$1: void run()>",
						"<android.content.BroadcastReceiver$PendingResult: void sendFinished(android.app.IActivityManager)>",
						"key field: <android.content.BroadcastReceiver$PendingResult: boolean mFinished>",
						"<android.content.BroadcastReceiver$PendingResult: void sendFinished(android.app.IActivityManager)>"
					],
					"depth":8,
					"method":"<android.widget.Chronometer$1: void run()>",
					"source":"FIELDCALLER"
				},
				{
					"trace":[
						"<android.app.SharedPreferencesImpl$EditorImpl$2: void run()>",
						"<android.widget.MediaController$4: void run()>",
						"<java.lang.Thread: void run()>",
						"<android.os.AsyncTask$SerialExecutor$1: void run()>",
						"<android.app.Instrumentation$SyncRunnable: void run()>",
						"<com.android.internal.util.ConcurrentUtils$1$1: void run()>",
						"<android.content.BroadcastReceiver$PendingResult$1: void run()>",
						"<android.content.BroadcastReceiver$PendingResult: void sendFinished(android.app.IActivityManager)>",
						"key field: <android.content.BroadcastReceiver$PendingResult: boolean mFinished>",
						"<android.content.BroadcastReceiver$PendingResult: void sendFinished(android.app.IActivityManager)>"
					],
					"depth":8,
					"method":"<android.app.SharedPreferencesImpl$EditorImpl$2: void run()>",
					"source":"FIELDCALLER"
				},
				{
					"trace":[
						"<android.widget.DigitalClock$1: void run()>",
						"<android.widget.MediaController$4: void run()>",
						"<java.lang.Thread: void run()>",
						"<android.os.AsyncTask$SerialExecutor$1: void run()>",
						"<android.app.Instrumentation$SyncRunnable: void run()>",
						"<com.android.internal.util.ConcurrentUtils$1$1: void run()>",
						"<android.content.BroadcastReceiver$PendingResult$1: void run()>",
						"<android.content.BroadcastReceiver$PendingResult: void sendFinished(android.app.IActivityManager)>",
						"key field: <android.content.BroadcastReceiver$PendingResult: boolean mFinished>",
						"<android.content.BroadcastReceiver$PendingResult: void sendFinished(android.app.IActivityManager)>"
					],
					"depth":8,
					"method":"<android.widget.DigitalClock$1: void run()>",
					"source":"FIELDCALLER"
				}
			],
			"callerOfSingnlar2SourceVar":{}
		}
	]
}