{
	"exceptions":[
		{
			"method":"<android.database.sqlite.SQLiteCustomFunction: void <init>(java.lang.String,int,android.database.sqlite.SQLiteDatabase$CustomFunction)>",
			"message":"\\Qname must not be null.\\E",
			"relatedVarType":"Parameter",
			"relatedCondType":"Basic",
			"modifier":"public",
			"type":"java.lang.IllegalArgumentException",
			"osVersionRelated":false,
			"resourceRelated":false,
			"assessRelated":false,
			"hardwareRelated":false,
			"manifestRelated":false,
			"conditions":"r1 == null",
			"paramValues":"@parameter0: java.lang.String",
			"relatedValues":"@parameter0: java.lang.String; ; ",
			"keyAPISameClassNum":0,
			"keyAPIDiffClassNum":0,
			"keyAPISameClass":[
				{
					"trace":[
						"<android.database.sqlite.SQLiteCustomFunction: void <init>(java.lang.String,int,android.database.sqlite.SQLiteDatabase$CustomFunction)>"
					],
					"depth":0,
					"method":"<android.database.sqlite.SQLiteCustomFunction: void <init>(java.lang.String,int,android.database.sqlite.SQLiteDatabase$CustomFunction)>",
					"source":"CALLER"
				}
			],
			"keyAPIDiffClass":[],
			"callerOfSingnlar2SourceVar":{
				"<android.database.sqlite.SQLiteCustomFunction: void <init>(java.lang.String,int,android.database.sqlite.SQLiteDatabase$CustomFunction)>":"0"
			}
		}
	]
}