{
	"exceptions":[
		{
			"method":"<android.accounts.AccountManager$1: java.lang.String bundleToResult(android.os.Bundle)>",
			"message":"\\Qno result in response\\E",
			"relatedVarType":"Parameter",
			"relatedCondType":"Basic",
			"modifier":"public",
			"type":"android.accounts.AuthenticatorException",
			"osVersionRelated":false,
			"resourceRelated":false,
			"assessRelated":false,
			"hardwareRelated":true,
			"manifestRelated":false,
			"conditions":"$z0 == 0",
			"paramValues":"@parameter0: android.os.Bundle",
			"relatedValues":"@parameter0: android.os.Bundle; ; ",
			"keyAPISameClassNum":0,
			"keyAPIDiffClassNum":0,
			"keyAPISameClass":[
				{
					"trace":[
						"<android.accounts.AccountManager$1: java.lang.String bundleToResult(android.os.Bundle)>"
					],
					"depth":0,
					"method":"<android.accounts.AccountManager$1: java.lang.String bundleToResult(android.os.Bundle)>",
					"source":"CALLER"
				},
				{
					"trace":[
						"<android.accounts.AccountManager$BaseFutureTask: java.lang.Object bundleToResult(android.os.Bundle)>",
						"<android.accounts.AccountManager$1: java.lang.String bundleToResult(android.os.Bundle)>"
					],
					"depth":1,
					"method":"<android.accounts.AccountManager$BaseFutureTask: java.lang.Object bundleToResult(android.os.Bundle)>",
					"source":"CALLER"
				},
				{
					"trace":[
						"<android.accounts.AccountManager$1: java.lang.Object bundleToResult(android.os.Bundle)>",
						"<android.accounts.AccountManager$1: java.lang.String bundleToResult(android.os.Bundle)>"
					],
					"depth":1,
					"method":"<android.accounts.AccountManager$1: java.lang.Object bundleToResult(android.os.Bundle)>",
					"source":"CALLER"
				}
			],
			"keyAPIDiffClass":[],
			"callerOfSingnlar2SourceVar":{
				"<android.accounts.AccountManager$1: java.lang.Object bundleToResult(android.os.Bundle)>":"0",
				"<android.accounts.AccountManager$1: java.lang.String bundleToResult(android.os.Bundle)>":"0"
			}
		}
	]
}