{
	"exceptions":[
		{
			"method":"<android.content.pm.PackageInstaller$Session: void abandon()>",
			"message":"[\\s\\S]*",
			"relatedVarType":"Unknown",
			"relatedCondType":"Empty",
			"modifier":"public",
			"type":"java.lang.RuntimeException",
			"osVersionRelated":false,
			"resourceRelated":false,
			"assessRelated":false,
			"hardwareRelated":false,
			"manifestRelated":false,
			"caughtValues":"@caughtexception",
			"relatedValues":"; ; @caughtexception",
			"keyAPISameClassNum":0,
			"keyAPIDiffClassNum":0,
			"keyAPISameClass":[],
			"keyAPIDiffClass":[],
			"callerOfSingnlar2SourceVar":{}
		},
		{
			"method":"<android.content.pm.PackageInstaller$Session: void addFile(int,java.lang.String,long,byte[],byte[])>",
			"message":"[\\s\\S]*",
			"relatedVarType":"Unknown",
			"relatedCondType":"Empty",
			"modifier":"public",
			"type":"java.lang.RuntimeException",
			"osVersionRelated":false,
			"resourceRelated":false,
			"assessRelated":false,
			"hardwareRelated":false,
			"manifestRelated":false,
			"caughtValues":"@caughtexception",
			"relatedValues":"; ; @caughtexception",
			"keyAPISameClassNum":0,
			"keyAPIDiffClassNum":0,
			"keyAPISameClass":[],
			"keyAPIDiffClass":[],
			"callerOfSingnlar2SourceVar":{}
		},
		{
			"method":"<android.content.pm.PackageInstaller$Session: void addProgress(float)>",
			"message":"[\\s\\S]*",
			"relatedVarType":"Unknown",
			"relatedCondType":"Empty",
			"modifier":"public",
			"type":"java.lang.RuntimeException",
			"osVersionRelated":false,
			"resourceRelated":false,
			"assessRelated":false,
			"hardwareRelated":false,
			"manifestRelated":false,
			"caughtValues":"@caughtexception",
			"relatedValues":"; ; @caughtexception",
			"keyAPISameClassNum":0,
			"keyAPIDiffClassNum":0,
			"keyAPISameClass":[],
			"keyAPIDiffClass":[],
			"callerOfSingnlar2SourceVar":{}
		},
		{
			"method":"<android.content.pm.PackageInstaller$Session: void close()>",
			"message":"[\\s\\S]*",
			"relatedVarType":"Unknown",
			"relatedCondType":"Empty",
			"modifier":"public",
			"type":"java.lang.RuntimeException",
			"osVersionRelated":false,
			"resourceRelated":false,
			"assessRelated":false,
			"hardwareRelated":false,
			"manifestRelated":false,
			"caughtValues":"@caughtexception",
			"relatedValues":"; ; @caughtexception",
			"keyAPISameClassNum":0,
			"keyAPIDiffClassNum":0,
			"keyAPISameClass":[],
			"keyAPIDiffClass":[],
			"callerOfSingnlar2SourceVar":{}
		},
		{
			"method":"<android.content.pm.PackageInstaller$Session: void commit(android.content.IntentSender)>",
			"message":"[\\s\\S]*",
			"relatedVarType":"Unknown",
			"relatedCondType":"Empty",
			"modifier":"public",
			"type":"java.lang.RuntimeException",
			"osVersionRelated":false,
			"resourceRelated":false,
			"assessRelated":false,
			"hardwareRelated":false,
			"manifestRelated":false,
			"caughtValues":"@caughtexception",
			"relatedValues":"; ; @caughtexception",
			"keyAPISameClassNum":0,
			"keyAPIDiffClassNum":0,
			"keyAPISameClass":[],
			"keyAPIDiffClass":[],
			"callerOfSingnlar2SourceVar":{}
		},
		{
			"method":"<android.content.pm.PackageInstaller$Session: void commitTransferred(android.content.IntentSender)>",
			"message":"[\\s\\S]*",
			"relatedVarType":"Unknown",
			"relatedCondType":"Empty",
			"modifier":"public",
			"type":"java.lang.RuntimeException",
			"osVersionRelated":false,
			"resourceRelated":false,
			"assessRelated":false,
			"hardwareRelated":false,
			"manifestRelated":false,
			"caughtValues":"@caughtexception",
			"relatedValues":"; ; @caughtexception",
			"keyAPISameClassNum":0,
			"keyAPIDiffClassNum":0,
			"keyAPISameClass":[],
			"keyAPIDiffClass":[],
			"callerOfSingnlar2SourceVar":{}
		},
		{
			"method":"<android.content.pm.PackageInstaller$Session: void fsync(java.io.OutputStream)>",
			"message":"[\\s\\S]*",
			"relatedVarType":"ParaAndField",
			"relatedCondType":"Basic",
			"modifier":"public",
			"type":"java.io.IOException",
			"osVersionRelated":false,
			"resourceRelated":false,
			"assessRelated":false,
			"hardwareRelated":false,
			"manifestRelated":false,
			"conditions":"$z2 == 0, $z0 == 0",
			"paramValues":"@parameter0: java.io.OutputStream",
			"fieldValues":"<android.content.pm.PackageInstaller: boolean ENABLE_REVOCABLE_FD>",
			"caughtValues":"@caughtexception",
			"relatedValues":"@parameter0: java.io.OutputStream; <android.content.pm.PackageInstaller: boolean ENABLE_REVOCABLE_FD>; @caughtexception",
			"keyAPISameClassNum":0,
			"keyAPIDiffClassNum":0,
			"keyAPISameClass":[],
			"keyAPIDiffClass":[],
			"callerOfSingnlar2SourceVar":{
				"<android.content.pm.PackageInstaller$Session: void fsync(java.io.OutputStream)>":"0"
			}
		},
		{
			"method":"<android.content.pm.PackageInstaller$Session: void fsync(java.io.OutputStream)>",
			"message":"\\QUnrecognized stream\\E",
			"relatedVarType":"ParaAndField",
			"relatedCondType":"Basic",
			"modifier":"public",
			"type":"java.lang.IllegalArgumentException",
			"osVersionRelated":false,
			"resourceRelated":false,
			"assessRelated":false,
			"hardwareRelated":false,
			"manifestRelated":false,
			"conditions":"$z2 == 0, $z0 == 0",
			"paramValues":"@parameter0: java.io.OutputStream",
			"fieldValues":"<android.content.pm.PackageInstaller: boolean ENABLE_REVOCABLE_FD>",
			"relatedValues":"@parameter0: java.io.OutputStream; <android.content.pm.PackageInstaller: boolean ENABLE_REVOCABLE_FD>; ",
			"keyAPISameClassNum":0,
			"keyAPIDiffClassNum":0,
			"keyAPISameClass":[],
			"keyAPIDiffClass":[],
			"callerOfSingnlar2SourceVar":{
				"<android.content.pm.PackageInstaller$Session: void fsync(java.io.OutputStream)>":"0"
			}
		},
		{
			"method":"<android.content.pm.PackageInstaller$Session: void fsync(java.io.OutputStream)>",
			"message":"\\QUnrecognized stream\\E",
			"relatedVarType":"ParaAndField",
			"relatedCondType":"Basic",
			"modifier":"public",
			"type":"java.lang.IllegalArgumentException",
			"osVersionRelated":false,
			"resourceRelated":false,
			"assessRelated":false,
			"hardwareRelated":false,
			"manifestRelated":false,
			"conditions":"$z1 == 0, $z0 == 0",
			"paramValues":"@parameter0: java.io.OutputStream",
			"fieldValues":"<android.content.pm.PackageInstaller: boolean ENABLE_REVOCABLE_FD>",
			"relatedValues":"@parameter0: java.io.OutputStream; <android.content.pm.PackageInstaller: boolean ENABLE_REVOCABLE_FD>; ",
			"keyAPISameClassNum":0,
			"keyAPIDiffClassNum":0,
			"keyAPISameClass":[],
			"keyAPIDiffClass":[],
			"callerOfSingnlar2SourceVar":{
				"<android.content.pm.PackageInstaller$Session: void fsync(java.io.OutputStream)>":"0"
			}
		},
		{
			"method":"<android.content.pm.PackageInstaller$Session: int[] getChildSessionIds()>",
			"message":"[\\s\\S]*",
			"relatedVarType":"Unknown",
			"relatedCondType":"Empty",
			"modifier":"public",
			"type":"java.lang.RuntimeException",
			"osVersionRelated":false,
			"resourceRelated":false,
			"assessRelated":false,
			"hardwareRelated":false,
			"manifestRelated":false,
			"caughtValues":"@caughtexception",
			"relatedValues":"; ; @caughtexception",
			"keyAPISameClassNum":0,
			"keyAPIDiffClassNum":0,
			"keyAPISameClass":[],
			"keyAPIDiffClass":[],
			"callerOfSingnlar2SourceVar":{}
		},
		{
			"method":"<android.content.pm.PackageInstaller$Session: android.content.pm.DataLoaderParams getDataLoaderParams()>",
			"message":"[\\s\\S]*",
			"relatedVarType":"Field",
			"relatedCondType":"Basic",
			"modifier":"public",
			"type":"java.lang.RuntimeException",
			"osVersionRelated":false,
			"resourceRelated":false,
			"assessRelated":false,
			"hardwareRelated":false,
			"manifestRelated":false,
			"conditions":"r5 != null",
			"fieldValues":"<android.content.pm.PackageInstaller$Session: android.content.pm.IPackageInstallerSession mSession>",
			"caughtValues":"@caughtexception",
			"relatedValues":"; <android.content.pm.PackageInstaller$Session: android.content.pm.IPackageInstallerSession mSession>; @caughtexception",
			"keyAPISameClassNum":23,
			"keyAPIDiffClassNum":1,
			"keyAPISameClass":[
				{
					"trace":[
						"<android.content.pm.PackageInstaller$Session: android.content.pm.DataLoaderParams getDataLoaderParams()>"
					],
					"depth":1,
					"method":"<android.content.pm.PackageInstaller$Session: void <init>(android.content.pm.IPackageInstallerSession)>",
					"source":"FIELD"
				},
				{
					"trace":[
						"<android.content.pm.PackageInstaller$Session: android.content.pm.DataLoaderParams getDataLoaderParams()>"
					],
					"depth":1,
					"method":"<android.content.pm.PackageInstaller$Session: void abandon()>",
					"source":"FIELD"
				},
				{
					"trace":[
						"<android.content.pm.PackageInstaller$Session: android.content.pm.DataLoaderParams getDataLoaderParams()>"
					],
					"depth":1,
					"method":"<android.content.pm.PackageInstaller$Session: void addChildSessionId(int)>",
					"source":"FIELD"
				},
				{
					"trace":[
						"<android.content.pm.PackageInstaller$Session: android.content.pm.DataLoaderParams getDataLoaderParams()>"
					],
					"depth":1,
					"method":"<android.content.pm.PackageInstaller$Session: void addFile(int,java.lang.String,long,byte[],byte[])>",
					"source":"FIELD"
				},
				{
					"trace":[
						"<android.content.pm.PackageInstaller$Session: android.content.pm.DataLoaderParams getDataLoaderParams()>"
					],
					"depth":1,
					"method":"<android.content.pm.PackageInstaller$Session: void addProgress(float)>",
					"source":"FIELD"
				},
				{
					"trace":[
						"<android.content.pm.PackageInstaller$Session: android.content.pm.DataLoaderParams getDataLoaderParams()>"
					],
					"depth":1,
					"method":"<android.content.pm.PackageInstaller$Session: void close()>",
					"source":"FIELD"
				},
				{
					"trace":[
						"<android.content.pm.PackageInstaller$Session: android.content.pm.DataLoaderParams getDataLoaderParams()>"
					],
					"depth":1,
					"method":"<android.content.pm.PackageInstaller$Session: void commit(android.content.IntentSender)>",
					"source":"FIELD"
				},
				{
					"trace":[
						"<android.content.pm.PackageInstaller$Session: android.content.pm.DataLoaderParams getDataLoaderParams()>"
					],
					"depth":1,
					"method":"<android.content.pm.PackageInstaller$Session: void commitTransferred(android.content.IntentSender)>",
					"source":"FIELD"
				},
				{
					"trace":[
						"<android.content.pm.PackageInstaller$Session: android.content.pm.DataLoaderParams getDataLoaderParams()>"
					],
					"depth":1,
					"method":"<android.content.pm.PackageInstaller$Session: int[] getChildSessionIds()>",
					"source":"FIELD"
				},
				{
					"trace":[
						"<android.content.pm.PackageInstaller$Session: android.content.pm.DataLoaderParams getDataLoaderParams()>"
					],
					"depth":1,
					"method":"<android.content.pm.PackageInstaller$Session: android.content.pm.DataLoaderParams getDataLoaderParams()>",
					"source":"FIELD"
				},
				{
					"trace":[
						"<android.content.pm.PackageInstaller$Session: android.content.pm.DataLoaderParams getDataLoaderParams()>"
					],
					"depth":1,
					"method":"<android.content.pm.PackageInstaller$Session: java.lang.String[] getNames()>",
					"source":"FIELD"
				},
				{
					"trace":[
						"<android.content.pm.PackageInstaller$Session: android.content.pm.DataLoaderParams getDataLoaderParams()>"
					],
					"depth":1,
					"method":"<android.content.pm.PackageInstaller$Session: int getParentSessionId()>",
					"source":"FIELD"
				},
				{
					"trace":[
						"<android.content.pm.PackageInstaller$Session: android.content.pm.DataLoaderParams getDataLoaderParams()>"
					],
					"depth":1,
					"method":"<android.content.pm.PackageInstaller$Session: boolean isMultiPackage()>",
					"source":"FIELD"
				},
				{
					"trace":[
						"<android.content.pm.PackageInstaller$Session: android.content.pm.DataLoaderParams getDataLoaderParams()>"
					],
					"depth":1,
					"method":"<android.content.pm.PackageInstaller$Session: boolean isStaged()>",
					"source":"FIELD"
				},
				{
					"trace":[
						"<android.content.pm.PackageInstaller$Session: android.content.pm.DataLoaderParams getDataLoaderParams()>"
					],
					"depth":1,
					"method":"<android.content.pm.PackageInstaller$Session: java.io.InputStream openRead(java.lang.String)>",
					"source":"FIELD"
				},
				{
					"trace":[
						"<android.content.pm.PackageInstaller$Session: android.content.pm.DataLoaderParams getDataLoaderParams()>"
					],
					"depth":1,
					"method":"<android.content.pm.PackageInstaller$Session: java.io.OutputStream openWrite(java.lang.String,long,long)>",
					"source":"FIELD"
				},
				{
					"trace":[
						"<android.content.pm.PackageInstaller$Session: android.content.pm.DataLoaderParams getDataLoaderParams()>"
					],
					"depth":1,
					"method":"<android.content.pm.PackageInstaller$Session: void removeChildSessionId(int)>",
					"source":"FIELD"
				},
				{
					"trace":[
						"<android.content.pm.PackageInstaller$Session: android.content.pm.DataLoaderParams getDataLoaderParams()>"
					],
					"depth":1,
					"method":"<android.content.pm.PackageInstaller$Session: void removeFile(int,java.lang.String)>",
					"source":"FIELD"
				},
				{
					"trace":[
						"<android.content.pm.PackageInstaller$Session: android.content.pm.DataLoaderParams getDataLoaderParams()>"
					],
					"depth":1,
					"method":"<android.content.pm.PackageInstaller$Session: void removeSplit(java.lang.String)>",
					"source":"FIELD"
				},
				{
					"trace":[
						"<android.content.pm.PackageInstaller$Session: android.content.pm.DataLoaderParams getDataLoaderParams()>"
					],
					"depth":1,
					"method":"<android.content.pm.PackageInstaller$Session: void setStagingProgress(float)>",
					"source":"FIELD"
				},
				{
					"trace":[
						"<android.content.pm.PackageInstaller$Session: android.content.pm.DataLoaderParams getDataLoaderParams()>"
					],
					"depth":1,
					"method":"<android.content.pm.PackageInstaller$Session: void transfer(java.lang.String)>",
					"source":"FIELD"
				},
				{
					"trace":[
						"<android.content.pm.PackageInstaller$Session: android.content.pm.DataLoaderParams getDataLoaderParams()>"
					],
					"depth":1,
					"method":"<android.content.pm.PackageInstaller$Session: void write(java.lang.String,long,long,android.os.ParcelFileDescriptor)>",
					"source":"FIELD"
				},
				{
					"trace":[
						"<android.content.pm.PackageInstaller$Session: void setProgress(float)>",
						"<android.content.pm.PackageInstaller$Session: void setStagingProgress(float)>",
						"key field: <android.content.pm.PackageInstaller$Session: android.content.pm.IPackageInstallerSession mSession>",
						"<android.content.pm.PackageInstaller$Session: android.content.pm.DataLoaderParams getDataLoaderParams()>"
					],
					"depth":2,
					"method":"<android.content.pm.PackageInstaller$Session: void setProgress(float)>",
					"source":"FIELDCALLER"
				}
			],
			"keyAPIDiffClass":[
				{
					"trace":[
						"<android.content.pm.PackageInstaller: android.content.pm.PackageInstaller$Session openSession(int)>",
						"<android.content.pm.PackageInstaller$Session: void <init>(android.content.pm.IPackageInstallerSession)>",
						"key field: <android.content.pm.PackageInstaller$Session: android.content.pm.IPackageInstallerSession mSession>",
						"<android.content.pm.PackageInstaller$Session: android.content.pm.DataLoaderParams getDataLoaderParams()>"
					],
					"depth":2,
					"method":"<android.content.pm.PackageInstaller: android.content.pm.PackageInstaller$Session openSession(int)>",
					"source":"FIELDCALLER"
				}
			],
			"callerOfSingnlar2SourceVar":{}
		},
		{
			"method":"<android.content.pm.PackageInstaller$Session: java.lang.String[] getNames()>",
			"message":"[\\s\\S]*",
			"relatedVarType":"Unknown",
			"relatedCondType":"Empty",
			"modifier":"public",
			"type":"java.lang.RuntimeException",
			"osVersionRelated":false,
			"resourceRelated":false,
			"assessRelated":false,
			"hardwareRelated":false,
			"manifestRelated":false,
			"caughtValues":"@caughtexception",
			"relatedValues":"; ; @caughtexception",
			"keyAPISameClassNum":0,
			"keyAPIDiffClassNum":0,
			"keyAPISameClass":[],
			"keyAPIDiffClass":[],
			"callerOfSingnlar2SourceVar":{}
		},
		{
			"method":"<android.content.pm.PackageInstaller$Session: int getParentSessionId()>",
			"message":"[\\s\\S]*",
			"relatedVarType":"Unknown",
			"relatedCondType":"Empty",
			"modifier":"public",
			"type":"java.lang.RuntimeException",
			"osVersionRelated":false,
			"resourceRelated":false,
			"assessRelated":false,
			"hardwareRelated":false,
			"manifestRelated":false,
			"caughtValues":"@caughtexception",
			"relatedValues":"; ; @caughtexception",
			"keyAPISameClassNum":0,
			"keyAPIDiffClassNum":0,
			"keyAPISameClass":[],
			"keyAPIDiffClass":[],
			"callerOfSingnlar2SourceVar":{}
		},
		{
			"method":"<android.content.pm.PackageInstaller$Session: boolean isMultiPackage()>",
			"message":"[\\s\\S]*",
			"relatedVarType":"Unknown",
			"relatedCondType":"Empty",
			"modifier":"public",
			"type":"java.lang.RuntimeException",
			"osVersionRelated":false,
			"resourceRelated":false,
			"assessRelated":false,
			"hardwareRelated":false,
			"manifestRelated":false,
			"caughtValues":"@caughtexception",
			"relatedValues":"; ; @caughtexception",
			"keyAPISameClassNum":0,
			"keyAPIDiffClassNum":0,
			"keyAPISameClass":[],
			"keyAPIDiffClass":[],
			"callerOfSingnlar2SourceVar":{}
		},
		{
			"method":"<android.content.pm.PackageInstaller$Session: boolean isStaged()>",
			"message":"[\\s\\S]*",
			"relatedVarType":"Unknown",
			"relatedCondType":"Empty",
			"modifier":"public",
			"type":"java.lang.RuntimeException",
			"osVersionRelated":false,
			"resourceRelated":false,
			"assessRelated":false,
			"hardwareRelated":false,
			"manifestRelated":false,
			"caughtValues":"@caughtexception",
			"relatedValues":"; ; @caughtexception",
			"keyAPISameClassNum":0,
			"keyAPIDiffClassNum":0,
			"keyAPISameClass":[],
			"keyAPIDiffClass":[],
			"callerOfSingnlar2SourceVar":{}
		},
		{
			"method":"<android.content.pm.PackageInstaller$Session: java.io.InputStream openRead(java.lang.String)>",
			"message":"[\\s\\S]*",
			"relatedVarType":"Unknown",
			"relatedCondType":"Empty",
			"modifier":"public",
			"type":"java.lang.RuntimeException",
			"osVersionRelated":false,
			"resourceRelated":false,
			"assessRelated":false,
			"hardwareRelated":false,
			"manifestRelated":false,
			"caughtValues":"@caughtexception",
			"relatedValues":"; ; @caughtexception",
			"keyAPISameClassNum":0,
			"keyAPIDiffClassNum":0,
			"keyAPISameClass":[],
			"keyAPIDiffClass":[],
			"callerOfSingnlar2SourceVar":{}
		},
		{
			"method":"<android.content.pm.PackageInstaller$Session: java.io.OutputStream openWrite(java.lang.String,long,long)>",
			"message":"[\\s\\S]*",
			"relatedVarType":"Field",
			"relatedCondType":"Basic",
			"modifier":"public",
			"type":"java.lang.RuntimeException",
			"osVersionRelated":false,
			"resourceRelated":false,
			"assessRelated":false,
			"hardwareRelated":false,
			"manifestRelated":false,
			"conditions":"$z0 == 0",
			"fieldValues":"<android.content.pm.PackageInstaller: boolean ENABLE_REVOCABLE_FD>",
			"caughtValues":"@caughtexception",
			"relatedValues":"; <android.content.pm.PackageInstaller: boolean ENABLE_REVOCABLE_FD>; @caughtexception",
			"keyAPISameClassNum":0,
			"keyAPIDiffClassNum":0,
			"keyAPISameClass":[],
			"keyAPIDiffClass":[],
			"callerOfSingnlar2SourceVar":{}
		},
		{
			"method":"<android.content.pm.PackageInstaller$Session: void removeFile(int,java.lang.String)>",
			"message":"[\\s\\S]*",
			"relatedVarType":"Unknown",
			"relatedCondType":"Empty",
			"modifier":"public",
			"type":"java.lang.RuntimeException",
			"osVersionRelated":false,
			"resourceRelated":false,
			"assessRelated":false,
			"hardwareRelated":false,
			"manifestRelated":false,
			"caughtValues":"@caughtexception",
			"relatedValues":"; ; @caughtexception",
			"keyAPISameClassNum":0,
			"keyAPIDiffClassNum":0,
			"keyAPISameClass":[],
			"keyAPIDiffClass":[],
			"callerOfSingnlar2SourceVar":{}
		},
		{
			"method":"<android.content.pm.PackageInstaller$Session: void removeSplit(java.lang.String)>",
			"message":"[\\s\\S]*",
			"relatedVarType":"Unknown",
			"relatedCondType":"Empty",
			"modifier":"public",
			"type":"java.lang.RuntimeException",
			"osVersionRelated":false,
			"resourceRelated":false,
			"assessRelated":false,
			"hardwareRelated":false,
			"manifestRelated":false,
			"caughtValues":"@caughtexception",
			"relatedValues":"; ; @caughtexception",
			"keyAPISameClassNum":0,
			"keyAPIDiffClassNum":0,
			"keyAPISameClass":[],
			"keyAPIDiffClass":[],
			"callerOfSingnlar2SourceVar":{}
		},
		{
			"method":"<android.content.pm.PackageInstaller$Session: void setStagingProgress(float)>",
			"message":"[\\s\\S]*",
			"relatedVarType":"Unknown",
			"relatedCondType":"Empty",
			"modifier":"public",
			"type":"java.lang.RuntimeException",
			"osVersionRelated":false,
			"resourceRelated":false,
			"assessRelated":false,
			"hardwareRelated":false,
			"manifestRelated":false,
			"caughtValues":"@caughtexception",
			"relatedValues":"; ; @caughtexception",
			"keyAPISameClassNum":0,
			"keyAPIDiffClassNum":0,
			"keyAPISameClass":[],
			"keyAPIDiffClass":[],
			"callerOfSingnlar2SourceVar":{}
		},
		{
			"method":"<android.content.pm.PackageInstaller$Session: void transfer(java.lang.String)>",
			"message":"[\\s\\S]*",
			"relatedVarType":"Unknown",
			"relatedCondType":"Empty",
			"modifier":"public",
			"type":"java.lang.RuntimeException",
			"osVersionRelated":false,
			"resourceRelated":false,
			"assessRelated":false,
			"hardwareRelated":false,
			"manifestRelated":false,
			"caughtValues":"@caughtexception",
			"relatedValues":"; ; @caughtexception",
			"keyAPISameClassNum":0,
			"keyAPIDiffClassNum":0,
			"keyAPISameClass":[],
			"keyAPIDiffClass":[],
			"callerOfSingnlar2SourceVar":{}
		},
		{
			"method":"<android.content.pm.PackageInstaller$Session: void transfer(java.lang.String)>",
			"message":"[\\s\\S]*",
			"relatedVarType":"Unknown",
			"relatedCondType":"Empty",
			"modifier":"public",
			"type":"java.lang.RuntimeException",
			"osVersionRelated":false,
			"resourceRelated":false,
			"assessRelated":false,
			"hardwareRelated":false,
			"manifestRelated":false,
			"caughtValues":"@caughtexception",
			"relatedValues":"; ; @caughtexception",
			"keyAPISameClassNum":0,
			"keyAPIDiffClassNum":0,
			"keyAPISameClass":[],
			"keyAPIDiffClass":[],
			"callerOfSingnlar2SourceVar":{}
		},
		{
			"method":"<android.content.pm.PackageInstaller$Session: void write(java.lang.String,long,long,android.os.ParcelFileDescriptor)>",
			"message":"[\\s\\S]*",
			"relatedVarType":"Unknown",
			"relatedCondType":"Empty",
			"modifier":"public",
			"type":"java.lang.RuntimeException",
			"osVersionRelated":false,
			"resourceRelated":false,
			"assessRelated":false,
			"hardwareRelated":true,
			"manifestRelated":false,
			"caughtValues":"@caughtexception",
			"relatedValues":"; ; @caughtexception",
			"keyAPISameClassNum":0,
			"keyAPIDiffClassNum":0,
			"keyAPISameClass":[],
			"keyAPIDiffClass":[],
			"callerOfSingnlar2SourceVar":{}
		}
	]
}