{
	"exceptions":[
		{
			"method":"<android.content.RestrictionEntry: void <init>(java.lang.String,android.content.RestrictionEntry[],boolean)>",
			"message":"\\Qbundle_array restriction can only have nested restriction entries of type bundle\\E",
			"relatedVarType":"Parameter",
			"relatedCondType":"Basic",
			"modifier":"private",
			"type":"java.lang.IllegalArgumentException",
			"osVersionRelated":false,
			"resourceRelated":false,
			"assessRelated":false,
			"hardwareRelated":false,
			"manifestRelated":false,
			"conditions":"$i1 != 7, i2 >= i0, r2 == null",
			"paramValues":"@parameter1: android.content.RestrictionEntry[]",
			"relatedValues":"@parameter1: android.content.RestrictionEntry[]; ; ",
			"keyAPISameClassNum":0,
			"keyAPIDiffClassNum":0,
			"keyAPISameClass":[
				{
					"trace":[
						"<android.content.RestrictionEntry: void <init>(java.lang.String,android.content.RestrictionEntry[],boolean)>"
					],
					"depth":0,
					"method":"<android.content.RestrictionEntry: void <init>(java.lang.String,android.content.RestrictionEntry[],boolean)>",
					"source":"CALLER"
				},
				{
					"trace":[
						"<android.content.RestrictionEntry: android.content.RestrictionEntry createBundleArrayEntry(java.lang.String,android.content.RestrictionEntry[])>",
						"<android.content.RestrictionEntry: void <init>(java.lang.String,android.content.RestrictionEntry[],boolean)>"
					],
					"depth":1,
					"method":"<android.content.RestrictionEntry: android.content.RestrictionEntry createBundleArrayEntry(java.lang.String,android.content.RestrictionEntry[])>",
					"source":"CALLER"
				},
				{
					"trace":[
						"<android.content.RestrictionEntry: android.content.RestrictionEntry createBundleEntry(java.lang.String,android.content.RestrictionEntry[])>",
						"<android.content.RestrictionEntry: void <init>(java.lang.String,android.content.RestrictionEntry[],boolean)>"
					],
					"depth":1,
					"method":"<android.content.RestrictionEntry: android.content.RestrictionEntry createBundleEntry(java.lang.String,android.content.RestrictionEntry[])>",
					"source":"CALLER"
				}
			],
			"keyAPIDiffClass":[],
			"callerOfSingnlar2SourceVar":{
				"<android.content.RestrictionEntry: android.content.RestrictionEntry createBundleArrayEntry(java.lang.String,android.content.RestrictionEntry[])>":"1",
				"<android.content.RestrictionEntry: void <init>(java.lang.String,android.content.RestrictionEntry[],boolean)>":"1",
				"<android.content.RestrictionEntry: android.content.RestrictionEntry createBundleEntry(java.lang.String,android.content.RestrictionEntry[])>":"1"
			}
		}
	]
}