{
	"exceptions":[
		{
			"method":"<android.app.Presentation: android.content.Context createPresentationContext(android.content.Context,android.view.Display,int)>",
			"message":"\\Qdisplay must not be null\\E",
			"relatedVarType":"Parameter",
			"relatedCondType":"Basic",
			"modifier":"private",
			"type":"java.lang.IllegalArgumentException",
			"osVersionRelated":false,
			"resourceRelated":false,
			"assessRelated":false,
			"hardwareRelated":false,
			"manifestRelated":false,
			"conditions":"r9 == null, r8 == null",
			"paramValues":"@parameter1: android.view.Display, @parameter0: android.content.Context",
			"relatedValues":"@parameter1: android.view.Display, @parameter0: android.content.Context; ; ",
			"keyAPISameClassNum":0,
			"keyAPIDiffClassNum":0,
			"keyAPISameClass":[
				{
					"trace":[
						"<android.app.Presentation: android.content.Context createPresentationContext(android.content.Context,android.view.Display,int)>"
					],
					"depth":0,
					"method":"<android.app.Presentation: android.content.Context createPresentationContext(android.content.Context,android.view.Display,int)>",
					"source":"CALLER"
				},
				{
					"trace":[
						"<android.app.Presentation: void <init>(android.content.Context,android.view.Display,int)>",
						"<android.app.Presentation: android.content.Context createPresentationContext(android.content.Context,android.view.Display,int)>"
					],
					"depth":1,
					"method":"<android.app.Presentation: void <init>(android.content.Context,android.view.Display,int)>",
					"source":"CALLER"
				},
				{
					"trace":[
						"<android.app.Presentation: void <init>(android.content.Context,android.view.Display)>",
						"<android.app.Presentation: void <init>(android.content.Context,android.view.Display,int)>",
						"<android.app.Presentation: android.content.Context createPresentationContext(android.content.Context,android.view.Display,int)>"
					],
					"depth":2,
					"method":"<android.app.Presentation: void <init>(android.content.Context,android.view.Display)>",
					"source":"CALLER"
				}
			],
			"keyAPIDiffClass":[],
			"callerOfSingnlar2SourceVar":{
				"<android.app.Presentation: android.content.Context createPresentationContext(android.content.Context,android.view.Display,int)>":"1, 0",
				"<android.app.Presentation: void <init>(android.content.Context,android.view.Display,int)>":"1, 0",
				"<android.app.Presentation: void <init>(android.content.Context,android.view.Display)>":"1, 0"
			}
		},
		{
			"method":"<android.app.Presentation: android.content.Context createPresentationContext(android.content.Context,android.view.Display,int)>",
			"message":"\\QouterContext must not be null\\E",
			"relatedVarType":"Parameter",
			"relatedCondType":"Basic",
			"modifier":"private",
			"type":"java.lang.IllegalArgumentException",
			"osVersionRelated":false,
			"resourceRelated":false,
			"assessRelated":false,
			"hardwareRelated":false,
			"manifestRelated":false,
			"conditions":"r8 == null",
			"paramValues":"@parameter0: android.content.Context",
			"relatedValues":"@parameter0: android.content.Context; ; ",
			"keyAPISameClassNum":0,
			"keyAPIDiffClassNum":0,
			"keyAPISameClass":[
				{
					"trace":[
						"<android.app.Presentation: android.content.Context createPresentationContext(android.content.Context,android.view.Display,int)>"
					],
					"depth":0,
					"method":"<android.app.Presentation: android.content.Context createPresentationContext(android.content.Context,android.view.Display,int)>",
					"source":"CALLER"
				},
				{
					"trace":[
						"<android.app.Presentation: void <init>(android.content.Context,android.view.Display,int)>",
						"<android.app.Presentation: android.content.Context createPresentationContext(android.content.Context,android.view.Display,int)>"
					],
					"depth":1,
					"method":"<android.app.Presentation: void <init>(android.content.Context,android.view.Display,int)>",
					"source":"CALLER"
				},
				{
					"trace":[
						"<android.app.Presentation: void <init>(android.content.Context,android.view.Display)>",
						"<android.app.Presentation: void <init>(android.content.Context,android.view.Display,int)>",
						"<android.app.Presentation: android.content.Context createPresentationContext(android.content.Context,android.view.Display,int)>"
					],
					"depth":2,
					"method":"<android.app.Presentation: void <init>(android.content.Context,android.view.Display)>",
					"source":"CALLER"
				}
			],
			"keyAPIDiffClass":[],
			"callerOfSingnlar2SourceVar":{
				"<android.app.Presentation: android.content.Context createPresentationContext(android.content.Context,android.view.Display,int)>":"0",
				"<android.app.Presentation: void <init>(android.content.Context,android.view.Display,int)>":"0",
				"<android.app.Presentation: void <init>(android.content.Context,android.view.Display)>":"0"
			}
		}
	]
}