{
	"exceptions":[
		{
			"method":"<android.content.integrity.IntegrityFormula: android.content.integrity.IntegrityFormula readFromParcel(android.os.Parcel)>",
			"message":"\\QUnknown formula tag \\E[\\s\\S]*",
			"relatedVarType":"Parameter",
			"relatedCondType":"Basic",
			"modifier":"public",
			"type":"java.lang.IllegalArgumentException",
			"osVersionRelated":false,
			"resourceRelated":false,
			"assessRelated":false,
			"hardwareRelated":false,
			"manifestRelated":false,
			"conditions":"i0 != 4, i0 == 3, i0 == 2",
			"paramValues":"@parameter0: android.os.Parcel",
			"relatedValues":"@parameter0: android.os.Parcel; ; ",
			"keyAPISameClassNum":0,
			"keyAPIDiffClassNum":0,
			"keyAPISameClass":[
				{
					"trace":[
						"<android.content.integrity.IntegrityFormula: android.content.integrity.IntegrityFormula readFromParcel(android.os.Parcel)>"
					],
					"depth":0,
					"method":"<android.content.integrity.IntegrityFormula: android.content.integrity.IntegrityFormula readFromParcel(android.os.Parcel)>",
					"source":"CALLER"
				}
			],
			"keyAPIDiffClass":[
				{
					"trace":[
						"<android.content.integrity.CompoundFormula$1: android.content.integrity.CompoundFormula createFromParcel(android.os.Parcel)>",
						"<android.content.integrity.CompoundFormula: void <init>(android.os.Parcel)>",
						"<android.content.integrity.IntegrityFormula: android.content.integrity.IntegrityFormula readFromParcel(android.os.Parcel)>"
					],
					"depth":2,
					"method":"<android.content.integrity.CompoundFormula$1: android.content.integrity.CompoundFormula createFromParcel(android.os.Parcel)>",
					"source":"CALLER"
				},
				{
					"trace":[
						"<android.os.Parcelable$Creator: java.lang.Object createFromParcel(android.os.Parcel)>",
						"<android.content.integrity.CompoundFormula: void <init>(android.os.Parcel)>",
						"<android.content.integrity.IntegrityFormula: android.content.integrity.IntegrityFormula readFromParcel(android.os.Parcel)>"
					],
					"depth":2,
					"method":"<android.os.Parcelable$Creator: java.lang.Object createFromParcel(android.os.Parcel)>",
					"source":"CALLER"
				},
				{
					"trace":[
						"<android.content.integrity.Rule$1: android.content.integrity.Rule createFromParcel(android.os.Parcel)>",
						"<android.content.integrity.Rule: void <init>(android.os.Parcel)>",
						"<android.content.integrity.IntegrityFormula: android.content.integrity.IntegrityFormula readFromParcel(android.os.Parcel)>"
					],
					"depth":2,
					"method":"<android.content.integrity.Rule$1: android.content.integrity.Rule createFromParcel(android.os.Parcel)>",
					"source":"CALLER"
				},
				{
					"trace":[
						"<android.content.integrity.CompoundFormula$1: java.lang.Object createFromParcel(android.os.Parcel)>",
						"<android.content.integrity.CompoundFormula$1: android.content.integrity.CompoundFormula createFromParcel(android.os.Parcel)>",
						"<android.content.integrity.CompoundFormula: void <init>(android.os.Parcel)>",
						"<android.content.integrity.IntegrityFormula: android.content.integrity.IntegrityFormula readFromParcel(android.os.Parcel)>"
					],
					"depth":3,
					"method":"<android.content.integrity.CompoundFormula$1: java.lang.Object createFromParcel(android.os.Parcel)>",
					"source":"CALLER"
				},
				{
					"trace":[
						"<android.content.integrity.Rule$1: java.lang.Object createFromParcel(android.os.Parcel)>",
						"<android.content.integrity.Rule$1: android.content.integrity.Rule createFromParcel(android.os.Parcel)>",
						"<android.content.integrity.Rule: void <init>(android.os.Parcel)>",
						"<android.content.integrity.IntegrityFormula: android.content.integrity.IntegrityFormula readFromParcel(android.os.Parcel)>"
					],
					"depth":3,
					"method":"<android.content.integrity.Rule$1: java.lang.Object createFromParcel(android.os.Parcel)>",
					"source":"CALLER"
				}
			],
			"callerOfSingnlar2SourceVar":{
				"<android.content.integrity.CompoundFormula$1: java.lang.Object createFromParcel(android.os.Parcel)>":"0",
				"<android.content.integrity.CompoundFormula$1: android.content.integrity.CompoundFormula createFromParcel(android.os.Parcel)>":"0",
				"<android.content.integrity.CompoundFormula: void <init>(android.os.Parcel)>":"0",
				"<android.content.integrity.Rule$1: java.lang.Object createFromParcel(android.os.Parcel)>":"0",
				"<android.content.integrity.IntegrityFormula: android.content.integrity.IntegrityFormula readFromParcel(android.os.Parcel)>":"0",
				"<android.content.integrity.Rule: void <init>(android.os.Parcel)>":"0",
				"<android.content.integrity.Rule$1: android.content.integrity.Rule createFromParcel(android.os.Parcel)>":"0"
			}
		}
	]
}