{
	"exceptions":[
		{
			"method":"<android.app.ResourcesManager$UpdateHandler: void onLoadersChanged(android.content.res.Resources,java.util.List)>",
			"message":"\\QCannot modify resource loaders of ResourcesImpl not registered with ResourcesManager\\E",
			"relatedVarType":"ParaAndField",
			"relatedCondType":"Basic",
			"modifier":"public",
			"type":"java.lang.IllegalArgumentException",
			"osVersionRelated":false,
			"resourceRelated":true,
			"assessRelated":false,
			"hardwareRelated":false,
			"manifestRelated":false,
			"conditions":"r4 == null",
			"paramValues":"@parameter0: android.content.res.Resources",
			"fieldValues":"<android.app.ResourcesManager$UpdateHandler: android.app.ResourcesManager this$0>",
			"relatedValues":"@parameter0: android.content.res.Resources; <android.app.ResourcesManager$UpdateHandler: android.app.ResourcesManager this$0>; ",
			"keyAPISameClassNum":2,
			"keyAPIDiffClassNum":72,
			"keyAPISameClass":[
				{
					"trace":[
						"<android.app.ResourcesManager$UpdateHandler: void onLoadersChanged(android.content.res.Resources,java.util.List)>"
					],
					"depth":1,
					"method":"<android.app.ResourcesManager$UpdateHandler: void onLoaderUpdated(android.content.res.loader.ResourcesLoader)>",
					"source":"FIELD"
				},
				{
					"trace":[
						"<android.app.ResourcesManager$UpdateHandler: void onLoadersChanged(android.content.res.Resources,java.util.List)>"
					],
					"depth":1,
					"method":"<android.app.ResourcesManager$UpdateHandler: void onLoadersChanged(android.content.res.Resources,java.util.List)>",
					"source":"FIELD"
				}
			],
			"keyAPIDiffClass":[
				{
					"trace":[
						"<android.app.ResourcesManager: void <init>()>",
						"<android.app.ResourcesManager$UpdateHandler: void <init>(android.app.ResourcesManager,android.app.ResourcesManager$1)>",
						"<android.app.ResourcesManager$UpdateHandler: void <init>(android.app.ResourcesManager)>",
						"key field: <android.app.ResourcesManager$UpdateHandler: android.app.ResourcesManager this$0>",
						"<android.app.ResourcesManager$UpdateHandler: void onLoadersChanged(android.content.res.Resources,java.util.List)>"
					],
					"depth":3,
					"method":"<android.app.ResourcesManager: void <init>()>",
					"source":"FIELDCALLER"
				},
				{
					"trace":[
						"<android.app.ResourcesManager: android.app.ResourcesManager getInstance()>",
						"<android.app.ResourcesManager: void <init>()>",
						"<android.app.ResourcesManager$UpdateHandler: void <init>(android.app.ResourcesManager,android.app.ResourcesManager$1)>",
						"<android.app.ResourcesManager$UpdateHandler: void <init>(android.app.ResourcesManager)>",
						"key field: <android.app.ResourcesManager$UpdateHandler: android.app.ResourcesManager this$0>",
						"<android.app.ResourcesManager$UpdateHandler: void onLoadersChanged(android.content.res.Resources,java.util.List)>"
					],
					"depth":4,
					"method":"<android.app.ResourcesManager: android.app.ResourcesManager getInstance()>",
					"source":"FIELDCALLER"
				},
				{
					"trace":[
						"<android.app.WindowTokenClient: void <init>()>",
						"<android.app.ResourcesManager: android.app.ResourcesManager getInstance()>",
						"<android.app.ResourcesManager: void <init>()>",
						"<android.app.ResourcesManager$UpdateHandler: void <init>(android.app.ResourcesManager,android.app.ResourcesManager$1)>",
						"<android.app.ResourcesManager$UpdateHandler: void <init>(android.app.ResourcesManager)>",
						"key field: <android.app.ResourcesManager$UpdateHandler: android.app.ResourcesManager this$0>",
						"<android.app.ResourcesManager$UpdateHandler: void onLoadersChanged(android.content.res.Resources,java.util.List)>"
					],
					"depth":5,
					"method":"<android.app.WindowTokenClient: void <init>()>",
					"source":"FIELDCALLER"
				},
				{
					"trace":[
						"<android.app.ContextImpl: android.content.Context createContextForSplit(java.lang.String)>",
						"<android.app.ResourcesManager: android.app.ResourcesManager getInstance()>",
						"<android.app.ResourcesManager: void <init>()>",
						"<android.app.ResourcesManager$UpdateHandler: void <init>(android.app.ResourcesManager,android.app.ResourcesManager$1)>",
						"<android.app.ResourcesManager$UpdateHandler: void <init>(android.app.ResourcesManager)>",
						"key field: <android.app.ResourcesManager$UpdateHandler: android.app.ResourcesManager this$0>",
						"<android.app.ResourcesManager$UpdateHandler: void onLoadersChanged(android.content.res.Resources,java.util.List)>"
					],
					"depth":5,
					"method":"<android.app.ContextImpl: android.content.Context createContextForSplit(java.lang.String)>",
					"source":"FIELDCALLER"
				},
				{
					"trace":[
						"<android.app.LoadedApk: android.content.res.Resources getResources()>",
						"<android.app.ResourcesManager: android.app.ResourcesManager getInstance()>",
						"<android.app.ResourcesManager: void <init>()>",
						"<android.app.ResourcesManager$UpdateHandler: void <init>(android.app.ResourcesManager,android.app.ResourcesManager$1)>",
						"<android.app.ResourcesManager$UpdateHandler: void <init>(android.app.ResourcesManager)>",
						"key field: <android.app.ResourcesManager$UpdateHandler: android.app.ResourcesManager this$0>",
						"<android.app.ResourcesManager$UpdateHandler: void onLoadersChanged(android.content.res.Resources,java.util.List)>"
					],
					"depth":5,
					"method":"<android.app.LoadedApk: android.content.res.Resources getResources()>",
					"source":"FIELDCALLER"
				},
				{
					"trace":[
						"<android.app.LoadedApk: void updateApplicationInfo(android.content.pm.ApplicationInfo,java.util.List)>",
						"<android.app.ResourcesManager: android.app.ResourcesManager getInstance()>",
						"<android.app.ResourcesManager: void <init>()>",
						"<android.app.ResourcesManager$UpdateHandler: void <init>(android.app.ResourcesManager,android.app.ResourcesManager$1)>",
						"<android.app.ResourcesManager$UpdateHandler: void <init>(android.app.ResourcesManager)>",
						"key field: <android.app.ResourcesManager$UpdateHandler: android.app.ResourcesManager this$0>",
						"<android.app.ResourcesManager$UpdateHandler: void onLoadersChanged(android.content.res.Resources,java.util.List)>"
					],
					"depth":5,
					"method":"<android.app.LoadedApk: void updateApplicationInfo(android.content.pm.ApplicationInfo,java.util.List)>",
					"source":"FIELDCALLER"
				},
				{
					"trace":[
						"<android.app.ActivityThread: void main(java.lang.String[])>",
						"<android.app.ActivityThread: void <init>()>",
						"<android.app.ResourcesManager: android.app.ResourcesManager getInstance()>",
						"<android.app.ResourcesManager: void <init>()>",
						"<android.app.ResourcesManager$UpdateHandler: void <init>(android.app.ResourcesManager,android.app.ResourcesManager$1)>",
						"<android.app.ResourcesManager$UpdateHandler: void <init>(android.app.ResourcesManager)>",
						"key field: <android.app.ResourcesManager$UpdateHandler: android.app.ResourcesManager this$0>",
						"<android.app.ResourcesManager$UpdateHandler: void onLoadersChanged(android.content.res.Resources,java.util.List)>"
					],
					"depth":6,
					"method":"<android.app.ActivityThread: void main(java.lang.String[])>",
					"source":"FIELDCALLER"
				},
				{
					"trace":[
						"<android.app.ActivityThread: android.app.ActivityThread systemMain()>",
						"<android.app.ActivityThread: void <init>()>",
						"<android.app.ResourcesManager: android.app.ResourcesManager getInstance()>",
						"<android.app.ResourcesManager: void <init>()>",
						"<android.app.ResourcesManager$UpdateHandler: void <init>(android.app.ResourcesManager,android.app.ResourcesManager$1)>",
						"<android.app.ResourcesManager$UpdateHandler: void <init>(android.app.ResourcesManager)>",
						"key field: <android.app.ResourcesManager$UpdateHandler: android.app.ResourcesManager this$0>",
						"<android.app.ResourcesManager$UpdateHandler: void onLoadersChanged(android.content.res.Resources,java.util.List)>"
					],
					"depth":6,
					"method":"<android.app.ActivityThread: android.app.ActivityThread systemMain()>",
					"source":"FIELDCALLER"
				},
				{
					"trace":[
						"<android.app.WindowContext: void <init>(android.content.Context,int,android.os.Bundle)>",
						"<android.app.WindowTokenClient: void <init>()>",
						"<android.app.ResourcesManager: android.app.ResourcesManager getInstance()>",
						"<android.app.ResourcesManager: void <init>()>",
						"<android.app.ResourcesManager$UpdateHandler: void <init>(android.app.ResourcesManager,android.app.ResourcesManager$1)>",
						"<android.app.ResourcesManager$UpdateHandler: void <init>(android.app.ResourcesManager)>",
						"key field: <android.app.ResourcesManager$UpdateHandler: android.app.ResourcesManager this$0>",
						"<android.app.ResourcesManager$UpdateHandler: void onLoadersChanged(android.content.res.Resources,java.util.List)>"
					],
					"depth":6,
					"method":"<android.app.WindowContext: void <init>(android.content.Context,int,android.os.Bundle)>",
					"source":"FIELDCALLER"
				},
				{
					"trace":[
						"<android.app.Activity: void dump(java.lang.String,java.io.FileDescriptor,java.io.PrintWriter,java.lang.String[])>",
						"<android.app.Activity: void dumpInner(java.lang.String,java.io.FileDescriptor,java.io.PrintWriter,java.lang.String[])>",
						"<android.app.ResourcesManager: android.app.ResourcesManager getInstance()>",
						"<android.app.ResourcesManager: void <init>()>",
						"<android.app.ResourcesManager$UpdateHandler: void <init>(android.app.ResourcesManager,android.app.ResourcesManager$1)>",
						"<android.app.ResourcesManager$UpdateHandler: void <init>(android.app.ResourcesManager)>",
						"key field: <android.app.ResourcesManager$UpdateHandler: android.app.ResourcesManager this$0>",
						"<android.app.ResourcesManager$UpdateHandler: void onLoadersChanged(android.content.res.Resources,java.util.List)>"
					],
					"depth":6,
					"method":"<android.app.Activity: void dump(java.lang.String,java.io.FileDescriptor,java.io.PrintWriter,java.lang.String[])>",
					"source":"FIELDCALLER"
				},
				{
					"trace":[
						"<android.content.ContextWrapper: android.content.Context createContextForSplit(java.lang.String)>",
						"<android.app.ContextImpl: android.content.Context createContextForSplit(java.lang.String)>",
						"<android.app.ResourcesManager: android.app.ResourcesManager getInstance()>",
						"<android.app.ResourcesManager: void <init>()>",
						"<android.app.ResourcesManager$UpdateHandler: void <init>(android.app.ResourcesManager,android.app.ResourcesManager$1)>",
						"<android.app.ResourcesManager$UpdateHandler: void <init>(android.app.ResourcesManager)>",
						"key field: <android.app.ResourcesManager$UpdateHandler: android.app.ResourcesManager this$0>",
						"<android.app.ResourcesManager$UpdateHandler: void onLoadersChanged(android.content.res.Resources,java.util.List)>"
					],
					"depth":6,
					"method":"<android.content.ContextWrapper: android.content.Context createContextForSplit(java.lang.String)>",
					"source":"FIELDCALLER"
				},
				{
					"trace":[
						"<android.content.Context: android.content.Context createContextForSplit(java.lang.String)>",
						"<android.app.ContextImpl: android.content.Context createContextForSplit(java.lang.String)>",
						"<android.app.ResourcesManager: android.app.ResourcesManager getInstance()>",
						"<android.app.ResourcesManager: void <init>()>",
						"<android.app.ResourcesManager$UpdateHandler: void <init>(android.app.ResourcesManager,android.app.ResourcesManager$1)>",
						"<android.app.ResourcesManager$UpdateHandler: void <init>(android.app.ResourcesManager)>",
						"key field: <android.app.ResourcesManager$UpdateHandler: android.app.ResourcesManager this$0>",
						"<android.app.ResourcesManager$UpdateHandler: void onLoadersChanged(android.content.res.Resources,java.util.List)>"
					],
					"depth":6,
					"method":"<android.content.Context: android.content.Context createContextForSplit(java.lang.String)>",
					"source":"FIELDCALLER"
				},
				{
					"trace":[
						"<android.app.ContextImpl: android.content.Context createAttributionContext(java.lang.String)>",
						"<android.app.ContextImpl: void <init>(android.app.ContextImpl,android.app.ActivityThread,android.app.LoadedApk,java.lang.String,java.lang.String,android.os.IBinder,android.os.UserHandle,int,java.lang.ClassLoader,java.lang.String)>",
						"<android.app.ResourcesManager: android.app.ResourcesManager getInstance()>",
						"<android.app.ResourcesManager: void <init>()>",
						"<android.app.ResourcesManager$UpdateHandler: void <init>(android.app.ResourcesManager,android.app.ResourcesManager$1)>",
						"<android.app.ResourcesManager$UpdateHandler: void <init>(android.app.ResourcesManager)>",
						"key field: <android.app.ResourcesManager$UpdateHandler: android.app.ResourcesManager this$0>",
						"<android.app.ResourcesManager$UpdateHandler: void onLoadersChanged(android.content.res.Resources,java.util.List)>"
					],
					"depth":6,
					"method":"<android.app.ContextImpl: android.content.Context createAttributionContext(java.lang.String)>",
					"source":"FIELDCALLER"
				},
				{
					"trace":[
						"<android.app.ContextImpl: android.content.Context createCredentialProtectedStorageContext()>",
						"<android.app.ContextImpl: void <init>(android.app.ContextImpl,android.app.ActivityThread,android.app.LoadedApk,java.lang.String,java.lang.String,android.os.IBinder,android.os.UserHandle,int,java.lang.ClassLoader,java.lang.String)>",
						"<android.app.ResourcesManager: android.app.ResourcesManager getInstance()>",
						"<android.app.ResourcesManager: void <init>()>",
						"<android.app.ResourcesManager$UpdateHandler: void <init>(android.app.ResourcesManager,android.app.ResourcesManager$1)>",
						"<android.app.ResourcesManager$UpdateHandler: void <init>(android.app.ResourcesManager)>",
						"key field: <android.app.ResourcesManager$UpdateHandler: android.app.ResourcesManager this$0>",
						"<android.app.ResourcesManager$UpdateHandler: void onLoadersChanged(android.content.res.Resources,java.util.List)>"
					],
					"depth":6,
					"method":"<android.app.ContextImpl: android.content.Context createCredentialProtectedStorageContext()>",
					"source":"FIELDCALLER"
				},
				{
					"trace":[
						"<android.app.ContextImpl: android.content.Context createDisplayContext(android.view.Display)>",
						"<android.app.ContextImpl: void <init>(android.app.ContextImpl,android.app.ActivityThread,android.app.LoadedApk,java.lang.String,java.lang.String,android.os.IBinder,android.os.UserHandle,int,java.lang.ClassLoader,java.lang.String)>",
						"<android.app.ResourcesManager: android.app.ResourcesManager getInstance()>",
						"<android.app.ResourcesManager: void <init>()>",
						"<android.app.ResourcesManager$UpdateHandler: void <init>(android.app.ResourcesManager,android.app.ResourcesManager$1)>",
						"<android.app.ResourcesManager$UpdateHandler: void <init>(android.app.ResourcesManager)>",
						"key field: <android.app.ResourcesManager$UpdateHandler: android.app.ResourcesManager this$0>",
						"<android.app.ResourcesManager$UpdateHandler: void onLoadersChanged(android.content.res.Resources,java.util.List)>"
					],
					"depth":6,
					"method":"<android.app.ContextImpl: android.content.Context createDisplayContext(android.view.Display)>",
					"source":"FIELDCALLER"
				},
				{
					"trace":[
						"<android.app.ContextImpl: android.content.Context createApplicationContext(android.content.pm.ApplicationInfo,int)>",
						"<android.app.ContextImpl: void <init>(android.app.ContextImpl,android.app.ActivityThread,android.app.LoadedApk,java.lang.String,java.lang.String,android.os.IBinder,android.os.UserHandle,int,java.lang.ClassLoader,java.lang.String)>",
						"<android.app.ResourcesManager: android.app.ResourcesManager getInstance()>",
						"<android.app.ResourcesManager: void <init>()>",
						"<android.app.ResourcesManager$UpdateHandler: void <init>(android.app.ResourcesManager,android.app.ResourcesManager$1)>",
						"<android.app.ResourcesManager$UpdateHandler: void <init>(android.app.ResourcesManager)>",
						"key field: <android.app.ResourcesManager$UpdateHandler: android.app.ResourcesManager this$0>",
						"<android.app.ResourcesManager$UpdateHandler: void onLoadersChanged(android.content.res.Resources,java.util.List)>"
					],
					"depth":6,
					"method":"<android.app.ContextImpl: android.content.Context createApplicationContext(android.content.pm.ApplicationInfo,int)>",
					"source":"FIELDCALLER"
				},
				{
					"trace":[
						"<android.app.ContextImpl: android.content.Context createDeviceProtectedStorageContext()>",
						"<android.app.ContextImpl: void <init>(android.app.ContextImpl,android.app.ActivityThread,android.app.LoadedApk,java.lang.String,java.lang.String,android.os.IBinder,android.os.UserHandle,int,java.lang.ClassLoader,java.lang.String)>",
						"<android.app.ResourcesManager: android.app.ResourcesManager getInstance()>",
						"<android.app.ResourcesManager: void <init>()>",
						"<android.app.ResourcesManager$UpdateHandler: void <init>(android.app.ResourcesManager,android.app.ResourcesManager$1)>",
						"<android.app.ResourcesManager$UpdateHandler: void <init>(android.app.ResourcesManager)>",
						"key field: <android.app.ResourcesManager$UpdateHandler: android.app.ResourcesManager this$0>",
						"<android.app.ResourcesManager$UpdateHandler: void onLoadersChanged(android.content.res.Resources,java.util.List)>"
					],
					"depth":6,
					"method":"<android.app.ContextImpl: android.content.Context createDeviceProtectedStorageContext()>",
					"source":"FIELDCALLER"
				},
				{
					"trace":[
						"<android.app.ContextImpl: android.content.Context createConfigurationContext(android.content.res.Configuration)>",
						"<android.app.ContextImpl: void <init>(android.app.ContextImpl,android.app.ActivityThread,android.app.LoadedApk,java.lang.String,java.lang.String,android.os.IBinder,android.os.UserHandle,int,java.lang.ClassLoader,java.lang.String)>",
						"<android.app.ResourcesManager: android.app.ResourcesManager getInstance()>",
						"<android.app.ResourcesManager: void <init>()>",
						"<android.app.ResourcesManager$UpdateHandler: void <init>(android.app.ResourcesManager,android.app.ResourcesManager$1)>",
						"<android.app.ResourcesManager$UpdateHandler: void <init>(android.app.ResourcesManager)>",
						"key field: <android.app.ResourcesManager$UpdateHandler: android.app.ResourcesManager this$0>",
						"<android.app.ResourcesManager$UpdateHandler: void onLoadersChanged(android.content.res.Resources,java.util.List)>"
					],
					"depth":6,
					"method":"<android.app.ContextImpl: android.content.Context createConfigurationContext(android.content.res.Configuration)>",
					"source":"FIELDCALLER"
				},
				{
					"trace":[
						"<android.app.ContextImpl: android.content.Context createPackageContextAsUser(java.lang.String,int,android.os.UserHandle)>",
						"<android.app.ContextImpl: void <init>(android.app.ContextImpl,android.app.ActivityThread,android.app.LoadedApk,java.lang.String,java.lang.String,android.os.IBinder,android.os.UserHandle,int,java.lang.ClassLoader,java.lang.String)>",
						"<android.app.ResourcesManager: android.app.ResourcesManager getInstance()>",
						"<android.app.ResourcesManager: void <init>()>",
						"<android.app.ResourcesManager$UpdateHandler: void <init>(android.app.ResourcesManager,android.app.ResourcesManager$1)>",
						"<android.app.ResourcesManager$UpdateHandler: void <init>(android.app.ResourcesManager)>",
						"key field: <android.app.ResourcesManager$UpdateHandler: android.app.ResourcesManager this$0>",
						"<android.app.ResourcesManager$UpdateHandler: void onLoadersChanged(android.content.res.Resources,java.util.List)>"
					],
					"depth":6,
					"method":"<android.app.ContextImpl: android.content.Context createPackageContextAsUser(java.lang.String,int,android.os.UserHandle)>",
					"source":"FIELDCALLER"
				},
				{
					"trace":[
						"<android.app.LoadedApk: android.content.res.AssetManager getAssets()>",
						"<android.app.LoadedApk: android.content.res.Resources getResources()>",
						"<android.app.ResourcesManager: android.app.ResourcesManager getInstance()>",
						"<android.app.ResourcesManager: void <init>()>",
						"<android.app.ResourcesManager$UpdateHandler: void <init>(android.app.ResourcesManager,android.app.ResourcesManager$1)>",
						"<android.app.ResourcesManager$UpdateHandler: void <init>(android.app.ResourcesManager)>",
						"key field: <android.app.ResourcesManager$UpdateHandler: android.app.ResourcesManager this$0>",
						"<android.app.ResourcesManager$UpdateHandler: void onLoadersChanged(android.content.res.Resources,java.util.List)>"
					],
					"depth":6,
					"method":"<android.app.LoadedApk: android.content.res.AssetManager getAssets()>",
					"source":"FIELDCALLER"
				},
				{
					"trace":[
						"<android.app.ActivityThread: void handleApplicationInfoChanged(android.content.pm.ApplicationInfo)>",
						"<android.app.LoadedApk: void updateApplicationInfo(android.content.pm.ApplicationInfo,java.util.List)>",
						"<android.app.ResourcesManager: android.app.ResourcesManager getInstance()>",
						"<android.app.ResourcesManager: void <init>()>",
						"<android.app.ResourcesManager$UpdateHandler: void <init>(android.app.ResourcesManager,android.app.ResourcesManager$1)>",
						"<android.app.ResourcesManager$UpdateHandler: void <init>(android.app.ResourcesManager)>",
						"key field: <android.app.ResourcesManager$UpdateHandler: android.app.ResourcesManager this$0>",
						"<android.app.ResourcesManager$UpdateHandler: void onLoadersChanged(android.content.res.Resources,java.util.List)>"
					],
					"depth":6,
					"method":"<android.app.ActivityThread: void handleApplicationInfoChanged(android.content.pm.ApplicationInfo)>",
					"source":"FIELDCALLER"
				},
				{
					"trace":[
						"<android.app.ActivityThread: android.app.LoadedApk getPackageInfo(java.lang.String,android.content.res.CompatibilityInfo,int,int)>",
						"<android.app.LoadedApk: void updateApplicationInfo(android.content.pm.ApplicationInfo,java.util.List)>",
						"<android.app.ResourcesManager: android.app.ResourcesManager getInstance()>",
						"<android.app.ResourcesManager: void <init>()>",
						"<android.app.ResourcesManager$UpdateHandler: void <init>(android.app.ResourcesManager,android.app.ResourcesManager$1)>",
						"<android.app.ResourcesManager$UpdateHandler: void <init>(android.app.ResourcesManager)>",
						"key field: <android.app.ResourcesManager$UpdateHandler: android.app.ResourcesManager this$0>",
						"<android.app.ResourcesManager$UpdateHandler: void onLoadersChanged(android.content.res.Resources,java.util.List)>"
					],
					"depth":6,
					"method":"<android.app.ActivityThread: android.app.LoadedApk getPackageInfo(java.lang.String,android.content.res.CompatibilityInfo,int,int)>",
					"source":"FIELDCALLER"
				},
				{
					"trace":[
						"<android.app.ContextImpl: android.app.WindowContext createWindowContext(int,android.os.Bundle)>",
						"<android.app.WindowContext: void <init>(android.content.Context,int,android.os.Bundle)>",
						"<android.app.WindowTokenClient: void <init>()>",
						"<android.app.ResourcesManager: android.app.ResourcesManager getInstance()>",
						"<android.app.ResourcesManager: void <init>()>",
						"<android.app.ResourcesManager$UpdateHandler: void <init>(android.app.ResourcesManager,android.app.ResourcesManager$1)>",
						"<android.app.ResourcesManager$UpdateHandler: void <init>(android.app.ResourcesManager)>",
						"key field: <android.app.ResourcesManager$UpdateHandler: android.app.ResourcesManager this$0>",
						"<android.app.ResourcesManager$UpdateHandler: void onLoadersChanged(android.content.res.Resources,java.util.List)>"
					],
					"depth":7,
					"method":"<android.app.ContextImpl: android.app.WindowContext createWindowContext(int,android.os.Bundle)>",
					"source":"FIELDCALLER"
				},
				{
					"trace":[
						"<android.app.Activity$HostCallbacks: void onDump(java.lang.String,java.io.FileDescriptor,java.io.PrintWriter,java.lang.String[])>",
						"<android.app.Activity: void dump(java.lang.String,java.io.FileDescriptor,java.io.PrintWriter,java.lang.String[])>",
						"<android.app.Activity: void dumpInner(java.lang.String,java.io.FileDescriptor,java.io.PrintWriter,java.lang.String[])>",
						"<android.app.ResourcesManager: android.app.ResourcesManager getInstance()>",
						"<android.app.ResourcesManager: void <init>()>",
						"<android.app.ResourcesManager$UpdateHandler: void <init>(android.app.ResourcesManager,android.app.ResourcesManager$1)>",
						"<android.app.ResourcesManager$UpdateHandler: void <init>(android.app.ResourcesManager)>",
						"key field: <android.app.ResourcesManager$UpdateHandler: android.app.ResourcesManager this$0>",
						"<android.app.ResourcesManager$UpdateHandler: void onLoadersChanged(android.content.res.Resources,java.util.List)>"
					],
					"depth":7,
					"method":"<android.app.Activity$HostCallbacks: void onDump(java.lang.String,java.io.FileDescriptor,java.io.PrintWriter,java.lang.String[])>",
					"source":"FIELDCALLER"
				},
				{
					"trace":[
						"<android.content.ContextWrapper: android.content.Context createAttributionContext(java.lang.String)>",
						"<android.app.ContextImpl: android.content.Context createAttributionContext(java.lang.String)>",
						"<android.app.ContextImpl: void <init>(android.app.ContextImpl,android.app.ActivityThread,android.app.LoadedApk,java.lang.String,java.lang.String,android.os.IBinder,android.os.UserHandle,int,java.lang.ClassLoader,java.lang.String)>",
						"<android.app.ResourcesManager: android.app.ResourcesManager getInstance()>",
						"<android.app.ResourcesManager: void <init>()>",
						"<android.app.ResourcesManager$UpdateHandler: void <init>(android.app.ResourcesManager,android.app.ResourcesManager$1)>",
						"<android.app.ResourcesManager$UpdateHandler: void <init>(android.app.ResourcesManager)>",
						"key field: <android.app.ResourcesManager$UpdateHandler: android.app.ResourcesManager this$0>",
						"<android.app.ResourcesManager$UpdateHandler: void onLoadersChanged(android.content.res.Resources,java.util.List)>"
					],
					"depth":7,
					"method":"<android.content.ContextWrapper: android.content.Context createAttributionContext(java.lang.String)>",
					"source":"FIELDCALLER"
				},
				{
					"trace":[
						"<android.content.ContextWrapper: android.content.Context createCredentialProtectedStorageContext()>",
						"<android.app.ContextImpl: android.content.Context createCredentialProtectedStorageContext()>",
						"<android.app.ContextImpl: void <init>(android.app.ContextImpl,android.app.ActivityThread,android.app.LoadedApk,java.lang.String,java.lang.String,android.os.IBinder,android.os.UserHandle,int,java.lang.ClassLoader,java.lang.String)>",
						"<android.app.ResourcesManager: android.app.ResourcesManager getInstance()>",
						"<android.app.ResourcesManager: void <init>()>",
						"<android.app.ResourcesManager$UpdateHandler: void <init>(android.app.ResourcesManager,android.app.ResourcesManager$1)>",
						"<android.app.ResourcesManager$UpdateHandler: void <init>(android.app.ResourcesManager)>",
						"key field: <android.app.ResourcesManager$UpdateHandler: android.app.ResourcesManager this$0>",
						"<android.app.ResourcesManager$UpdateHandler: void onLoadersChanged(android.content.res.Resources,java.util.List)>"
					],
					"depth":7,
					"method":"<android.content.ContextWrapper: android.content.Context createCredentialProtectedStorageContext()>",
					"source":"FIELDCALLER"
				},
				{
					"trace":[
						"<android.content.Context: android.content.Context createCredentialProtectedStorageContext()>",
						"<android.app.ContextImpl: android.content.Context createCredentialProtectedStorageContext()>",
						"<android.app.ContextImpl: void <init>(android.app.ContextImpl,android.app.ActivityThread,android.app.LoadedApk,java.lang.String,java.lang.String,android.os.IBinder,android.os.UserHandle,int,java.lang.ClassLoader,java.lang.String)>",
						"<android.app.ResourcesManager: android.app.ResourcesManager getInstance()>",
						"<android.app.ResourcesManager: void <init>()>",
						"<android.app.ResourcesManager$UpdateHandler: void <init>(android.app.ResourcesManager,android.app.ResourcesManager$1)>",
						"<android.app.ResourcesManager$UpdateHandler: void <init>(android.app.ResourcesManager)>",
						"key field: <android.app.ResourcesManager$UpdateHandler: android.app.ResourcesManager this$0>",
						"<android.app.ResourcesManager$UpdateHandler: void onLoadersChanged(android.content.res.Resources,java.util.List)>"
					],
					"depth":7,
					"method":"<android.content.Context: android.content.Context createCredentialProtectedStorageContext()>",
					"source":"FIELDCALLER"
				},
				{
					"trace":[
						"<android.content.ContextWrapper: android.content.Context createDisplayContext(android.view.Display)>",
						"<android.app.ContextImpl: android.content.Context createDisplayContext(android.view.Display)>",
						"<android.app.ContextImpl: void <init>(android.app.ContextImpl,android.app.ActivityThread,android.app.LoadedApk,java.lang.String,java.lang.String,android.os.IBinder,android.os.UserHandle,int,java.lang.ClassLoader,java.lang.String)>",
						"<android.app.ResourcesManager: android.app.ResourcesManager getInstance()>",
						"<android.app.ResourcesManager: void <init>()>",
						"<android.app.ResourcesManager$UpdateHandler: void <init>(android.app.ResourcesManager,android.app.ResourcesManager$1)>",
						"<android.app.ResourcesManager$UpdateHandler: void <init>(android.app.ResourcesManager)>",
						"key field: <android.app.ResourcesManager$UpdateHandler: android.app.ResourcesManager this$0>",
						"<android.app.ResourcesManager$UpdateHandler: void onLoadersChanged(android.content.res.Resources,java.util.List)>"
					],
					"depth":7,
					"method":"<android.content.ContextWrapper: android.content.Context createDisplayContext(android.view.Display)>",
					"source":"FIELDCALLER"
				},
				{
					"trace":[
						"<android.content.Context: android.content.Context createDisplayContext(android.view.Display)>",
						"<android.app.ContextImpl: android.content.Context createDisplayContext(android.view.Display)>",
						"<android.app.ContextImpl: void <init>(android.app.ContextImpl,android.app.ActivityThread,android.app.LoadedApk,java.lang.String,java.lang.String,android.os.IBinder,android.os.UserHandle,int,java.lang.ClassLoader,java.lang.String)>",
						"<android.app.ResourcesManager: android.app.ResourcesManager getInstance()>",
						"<android.app.ResourcesManager: void <init>()>",
						"<android.app.ResourcesManager$UpdateHandler: void <init>(android.app.ResourcesManager,android.app.ResourcesManager$1)>",
						"<android.app.ResourcesManager$UpdateHandler: void <init>(android.app.ResourcesManager)>",
						"key field: <android.app.ResourcesManager$UpdateHandler: android.app.ResourcesManager this$0>",
						"<android.app.ResourcesManager$UpdateHandler: void onLoadersChanged(android.content.res.Resources,java.util.List)>"
					],
					"depth":7,
					"method":"<android.content.Context: android.content.Context createDisplayContext(android.view.Display)>",
					"source":"FIELDCALLER"
				},
				{
					"trace":[
						"<android.app.Notification$Builder: android.app.Notification$Builder recoverBuilder(android.content.Context,android.app.Notification)>",
						"<android.app.ContextImpl: android.content.Context createApplicationContext(android.content.pm.ApplicationInfo,int)>",
						"<android.app.ContextImpl: void <init>(android.app.ContextImpl,android.app.ActivityThread,android.app.LoadedApk,java.lang.String,java.lang.String,android.os.IBinder,android.os.UserHandle,int,java.lang.ClassLoader,java.lang.String)>",
						"<android.app.ResourcesManager: android.app.ResourcesManager getInstance()>",
						"<android.app.ResourcesManager: void <init>()>",
						"<android.app.ResourcesManager$UpdateHandler: void <init>(android.app.ResourcesManager,android.app.ResourcesManager$1)>",
						"<android.app.ResourcesManager$UpdateHandler: void <init>(android.app.ResourcesManager)>",
						"key field: <android.app.ResourcesManager$UpdateHandler: android.app.ResourcesManager this$0>",
						"<android.app.ResourcesManager$UpdateHandler: void onLoadersChanged(android.content.res.Resources,java.util.List)>"
					],
					"depth":7,
					"method":"<android.app.Notification$Builder: android.app.Notification$Builder recoverBuilder(android.content.Context,android.app.Notification)>",
					"source":"FIELDCALLER"
				},
				{
					"trace":[
						"<android.content.ContextWrapper: android.content.Context createApplicationContext(android.content.pm.ApplicationInfo,int)>",
						"<android.app.ContextImpl: android.content.Context createApplicationContext(android.content.pm.ApplicationInfo,int)>",
						"<android.app.ContextImpl: void <init>(android.app.ContextImpl,android.app.ActivityThread,android.app.LoadedApk,java.lang.String,java.lang.String,android.os.IBinder,android.os.UserHandle,int,java.lang.ClassLoader,java.lang.String)>",
						"<android.app.ResourcesManager: android.app.ResourcesManager getInstance()>",
						"<android.app.ResourcesManager: void <init>()>",
						"<android.app.ResourcesManager$UpdateHandler: void <init>(android.app.ResourcesManager,android.app.ResourcesManager$1)>",
						"<android.app.ResourcesManager$UpdateHandler: void <init>(android.app.ResourcesManager)>",
						"key field: <android.app.ResourcesManager$UpdateHandler: android.app.ResourcesManager this$0>",
						"<android.app.ResourcesManager$UpdateHandler: void onLoadersChanged(android.content.res.Resources,java.util.List)>"
					],
					"depth":7,
					"method":"<android.content.ContextWrapper: android.content.Context createApplicationContext(android.content.pm.ApplicationInfo,int)>",
					"source":"FIELDCALLER"
				},
				{
					"trace":[
						"<android.content.Context: android.content.Context createApplicationContext(android.content.pm.ApplicationInfo,int)>",
						"<android.app.ContextImpl: android.content.Context createApplicationContext(android.content.pm.ApplicationInfo,int)>",
						"<android.app.ContextImpl: void <init>(android.app.ContextImpl,android.app.ActivityThread,android.app.LoadedApk,java.lang.String,java.lang.String,android.os.IBinder,android.os.UserHandle,int,java.lang.ClassLoader,java.lang.String)>",
						"<android.app.ResourcesManager: android.app.ResourcesManager getInstance()>",
						"<android.app.ResourcesManager: void <init>()>",
						"<android.app.ResourcesManager$UpdateHandler: void <init>(android.app.ResourcesManager,android.app.ResourcesManager$1)>",
						"<android.app.ResourcesManager$UpdateHandler: void <init>(android.app.ResourcesManager)>",
						"key field: <android.app.ResourcesManager$UpdateHandler: android.app.ResourcesManager this$0>",
						"<android.app.ResourcesManager$UpdateHandler: void onLoadersChanged(android.content.res.Resources,java.util.List)>"
					],
					"depth":7,
					"method":"<android.content.Context: android.content.Context createApplicationContext(android.content.pm.ApplicationInfo,int)>",
					"source":"FIELDCALLER"
				},
				{
					"trace":[
						"<android.content.ContextWrapper: android.content.Context createDeviceProtectedStorageContext()>",
						"<android.app.ContextImpl: android.content.Context createDeviceProtectedStorageContext()>",
						"<android.app.ContextImpl: void <init>(android.app.ContextImpl,android.app.ActivityThread,android.app.LoadedApk,java.lang.String,java.lang.String,android.os.IBinder,android.os.UserHandle,int,java.lang.ClassLoader,java.lang.String)>",
						"<android.app.ResourcesManager: android.app.ResourcesManager getInstance()>",
						"<android.app.ResourcesManager: void <init>()>",
						"<android.app.ResourcesManager$UpdateHandler: void <init>(android.app.ResourcesManager,android.app.ResourcesManager$1)>",
						"<android.app.ResourcesManager$UpdateHandler: void <init>(android.app.ResourcesManager)>",
						"key field: <android.app.ResourcesManager$UpdateHandler: android.app.ResourcesManager this$0>",
						"<android.app.ResourcesManager$UpdateHandler: void onLoadersChanged(android.content.res.Resources,java.util.List)>"
					],
					"depth":7,
					"method":"<android.content.ContextWrapper: android.content.Context createDeviceProtectedStorageContext()>",
					"source":"FIELDCALLER"
				},
				{
					"trace":[
						"<android.content.Context: android.content.Context createDeviceProtectedStorageContext()>",
						"<android.app.ContextImpl: android.content.Context createDeviceProtectedStorageContext()>",
						"<android.app.ContextImpl: void <init>(android.app.ContextImpl,android.app.ActivityThread,android.app.LoadedApk,java.lang.String,java.lang.String,android.os.IBinder,android.os.UserHandle,int,java.lang.ClassLoader,java.lang.String)>",
						"<android.app.ResourcesManager: android.app.ResourcesManager getInstance()>",
						"<android.app.ResourcesManager: void <init>()>",
						"<android.app.ResourcesManager$UpdateHandler: void <init>(android.app.ResourcesManager,android.app.ResourcesManager$1)>",
						"<android.app.ResourcesManager$UpdateHandler: void <init>(android.app.ResourcesManager)>",
						"key field: <android.app.ResourcesManager$UpdateHandler: android.app.ResourcesManager this$0>",
						"<android.app.ResourcesManager$UpdateHandler: void onLoadersChanged(android.content.res.Resources,java.util.List)>"
					],
					"depth":7,
					"method":"<android.content.Context: android.content.Context createDeviceProtectedStorageContext()>",
					"source":"FIELDCALLER"
				},
				{
					"trace":[
						"<android.app.ActivityThread: android.app.ContextImpl getSystemContext()>",
						"<android.app.ContextImpl: android.app.ContextImpl createSystemContext(android.app.ActivityThread)>",
						"<android.app.ContextImpl: void <init>(android.app.ContextImpl,android.app.ActivityThread,android.app.LoadedApk,java.lang.String,java.lang.String,android.os.IBinder,android.os.UserHandle,int,java.lang.ClassLoader,java.lang.String)>",
						"<android.app.ResourcesManager: android.app.ResourcesManager getInstance()>",
						"<android.app.ResourcesManager: void <init>()>",
						"<android.app.ResourcesManager$UpdateHandler: void <init>(android.app.ResourcesManager,android.app.ResourcesManager$1)>",
						"<android.app.ResourcesManager$UpdateHandler: void <init>(android.app.ResourcesManager)>",
						"key field: <android.app.ResourcesManager$UpdateHandler: android.app.ResourcesManager this$0>",
						"<android.app.ResourcesManager$UpdateHandler: void onLoadersChanged(android.content.res.Resources,java.util.List)>"
					],
					"depth":7,
					"method":"<android.app.ActivityThread: android.app.ContextImpl getSystemContext()>",
					"source":"FIELDCALLER"
				},
				{
					"trace":[
						"<android.content.ContextWrapper: android.content.Context createConfigurationContext(android.content.res.Configuration)>",
						"<android.app.ContextImpl: android.content.Context createConfigurationContext(android.content.res.Configuration)>",
						"<android.app.ContextImpl: void <init>(android.app.ContextImpl,android.app.ActivityThread,android.app.LoadedApk,java.lang.String,java.lang.String,android.os.IBinder,android.os.UserHandle,int,java.lang.ClassLoader,java.lang.String)>",
						"<android.app.ResourcesManager: android.app.ResourcesManager getInstance()>",
						"<android.app.ResourcesManager: void <init>()>",
						"<android.app.ResourcesManager$UpdateHandler: void <init>(android.app.ResourcesManager,android.app.ResourcesManager$1)>",
						"<android.app.ResourcesManager$UpdateHandler: void <init>(android.app.ResourcesManager)>",
						"key field: <android.app.ResourcesManager$UpdateHandler: android.app.ResourcesManager this$0>",
						"<android.app.ResourcesManager$UpdateHandler: void onLoadersChanged(android.content.res.Resources,java.util.List)>"
					],
					"depth":7,
					"method":"<android.content.ContextWrapper: android.content.Context createConfigurationContext(android.content.res.Configuration)>",
					"source":"FIELDCALLER"
				},
				{
					"trace":[
						"<android.content.Context: android.content.Context createConfigurationContext(android.content.res.Configuration)>",
						"<android.app.ContextImpl: android.content.Context createConfigurationContext(android.content.res.Configuration)>",
						"<android.app.ContextImpl: void <init>(android.app.ContextImpl,android.app.ActivityThread,android.app.LoadedApk,java.lang.String,java.lang.String,android.os.IBinder,android.os.UserHandle,int,java.lang.ClassLoader,java.lang.String)>",
						"<android.app.ResourcesManager: android.app.ResourcesManager getInstance()>",
						"<android.app.ResourcesManager: void <init>()>",
						"<android.app.ResourcesManager$UpdateHandler: void <init>(android.app.ResourcesManager,android.app.ResourcesManager$1)>",
						"<android.app.ResourcesManager$UpdateHandler: void <init>(android.app.ResourcesManager)>",
						"key field: <android.app.ResourcesManager$UpdateHandler: android.app.ResourcesManager this$0>",
						"<android.app.ResourcesManager$UpdateHandler: void onLoadersChanged(android.content.res.Resources,java.util.List)>"
					],
					"depth":7,
					"method":"<android.content.Context: android.content.Context createConfigurationContext(android.content.res.Configuration)>",
					"source":"FIELDCALLER"
				},
				{
					"trace":[
						"<android.app.ActivityThread: android.app.ContextImpl createSystemUiContext(int)>",
						"<android.app.ContextImpl: android.app.ContextImpl createSystemUiContext(android.app.ContextImpl,int)>",
						"<android.app.ContextImpl: void <init>(android.app.ContextImpl,android.app.ActivityThread,android.app.LoadedApk,java.lang.String,java.lang.String,android.os.IBinder,android.os.UserHandle,int,java.lang.ClassLoader,java.lang.String)>",
						"<android.app.ResourcesManager: android.app.ResourcesManager getInstance()>",
						"<android.app.ResourcesManager: void <init>()>",
						"<android.app.ResourcesManager$UpdateHandler: void <init>(android.app.ResourcesManager,android.app.ResourcesManager$1)>",
						"<android.app.ResourcesManager$UpdateHandler: void <init>(android.app.ResourcesManager)>",
						"key field: <android.app.ResourcesManager$UpdateHandler: android.app.ResourcesManager this$0>",
						"<android.app.ResourcesManager$UpdateHandler: void onLoadersChanged(android.content.res.Resources,java.util.List)>"
					],
					"depth":7,
					"method":"<android.app.ActivityThread: android.app.ContextImpl createSystemUiContext(int)>",
					"source":"FIELDCALLER"
				},
				{
					"trace":[
						"<android.app.ContextImpl: android.content.Context createPackageContext(java.lang.String,int)>",
						"<android.app.ContextImpl: android.content.Context createPackageContextAsUser(java.lang.String,int,android.os.UserHandle)>",
						"<android.app.ContextImpl: void <init>(android.app.ContextImpl,android.app.ActivityThread,android.app.LoadedApk,java.lang.String,java.lang.String,android.os.IBinder,android.os.UserHandle,int,java.lang.ClassLoader,java.lang.String)>",
						"<android.app.ResourcesManager: android.app.ResourcesManager getInstance()>",
						"<android.app.ResourcesManager: void <init>()>",
						"<android.app.ResourcesManager$UpdateHandler: void <init>(android.app.ResourcesManager,android.app.ResourcesManager$1)>",
						"<android.app.ResourcesManager$UpdateHandler: void <init>(android.app.ResourcesManager)>",
						"key field: <android.app.ResourcesManager$UpdateHandler: android.app.ResourcesManager this$0>",
						"<android.app.ResourcesManager$UpdateHandler: void onLoadersChanged(android.content.res.Resources,java.util.List)>"
					],
					"depth":7,
					"method":"<android.app.ContextImpl: android.content.Context createPackageContext(java.lang.String,int)>",
					"source":"FIELDCALLER"
				},
				{
					"trace":[
						"<android.content.ContextWrapper: android.content.Context createPackageContextAsUser(java.lang.String,int,android.os.UserHandle)>",
						"<android.app.ContextImpl: android.content.Context createPackageContextAsUser(java.lang.String,int,android.os.UserHandle)>",
						"<android.app.ContextImpl: void <init>(android.app.ContextImpl,android.app.ActivityThread,android.app.LoadedApk,java.lang.String,java.lang.String,android.os.IBinder,android.os.UserHandle,int,java.lang.ClassLoader,java.lang.String)>",
						"<android.app.ResourcesManager: android.app.ResourcesManager getInstance()>",
						"<android.app.ResourcesManager: void <init>()>",
						"<android.app.ResourcesManager$UpdateHandler: void <init>(android.app.ResourcesManager,android.app.ResourcesManager$1)>",
						"<android.app.ResourcesManager$UpdateHandler: void <init>(android.app.ResourcesManager)>",
						"key field: <android.app.ResourcesManager$UpdateHandler: android.app.ResourcesManager this$0>",
						"<android.app.ResourcesManager$UpdateHandler: void onLoadersChanged(android.content.res.Resources,java.util.List)>"
					],
					"depth":7,
					"method":"<android.content.ContextWrapper: android.content.Context createPackageContextAsUser(java.lang.String,int,android.os.UserHandle)>",
					"source":"FIELDCALLER"
				},
				{
					"trace":[
						"<android.app.ContextImpl: android.content.Context createContextAsUser(android.os.UserHandle,int)>",
						"<android.app.ContextImpl: android.content.Context createPackageContextAsUser(java.lang.String,int,android.os.UserHandle)>",
						"<android.app.ContextImpl: void <init>(android.app.ContextImpl,android.app.ActivityThread,android.app.LoadedApk,java.lang.String,java.lang.String,android.os.IBinder,android.os.UserHandle,int,java.lang.ClassLoader,java.lang.String)>",
						"<android.app.ResourcesManager: android.app.ResourcesManager getInstance()>",
						"<android.app.ResourcesManager: void <init>()>",
						"<android.app.ResourcesManager$UpdateHandler: void <init>(android.app.ResourcesManager,android.app.ResourcesManager$1)>",
						"<android.app.ResourcesManager$UpdateHandler: void <init>(android.app.ResourcesManager)>",
						"key field: <android.app.ResourcesManager$UpdateHandler: android.app.ResourcesManager this$0>",
						"<android.app.ResourcesManager$UpdateHandler: void onLoadersChanged(android.content.res.Resources,java.util.List)>"
					],
					"depth":7,
					"method":"<android.app.ContextImpl: android.content.Context createContextAsUser(android.os.UserHandle,int)>",
					"source":"FIELDCALLER"
				},
				{
					"trace":[
						"<android.app.ActivityThread: void handleSystemApplicationInfoChanged(android.content.pm.ApplicationInfo)>",
						"<android.app.ActivityThread: void handleApplicationInfoChanged(android.content.pm.ApplicationInfo)>",
						"<android.app.LoadedApk: void updateApplicationInfo(android.content.pm.ApplicationInfo,java.util.List)>",
						"<android.app.ResourcesManager: android.app.ResourcesManager getInstance()>",
						"<android.app.ResourcesManager: void <init>()>",
						"<android.app.ResourcesManager$UpdateHandler: void <init>(android.app.ResourcesManager,android.app.ResourcesManager$1)>",
						"<android.app.ResourcesManager$UpdateHandler: void <init>(android.app.ResourcesManager)>",
						"key field: <android.app.ResourcesManager$UpdateHandler: android.app.ResourcesManager this$0>",
						"<android.app.ResourcesManager$UpdateHandler: void onLoadersChanged(android.content.res.Resources,java.util.List)>"
					],
					"depth":7,
					"method":"<android.app.ActivityThread: void handleSystemApplicationInfoChanged(android.content.pm.ApplicationInfo)>",
					"source":"FIELDCALLER"
				},
				{
					"trace":[
						"<android.app.ActivityThread: android.app.LoadedApk getPackageInfo(java.lang.String,android.content.res.CompatibilityInfo,int)>",
						"<android.app.ActivityThread: android.app.LoadedApk getPackageInfo(java.lang.String,android.content.res.CompatibilityInfo,int,int)>",
						"<android.app.LoadedApk: void updateApplicationInfo(android.content.pm.ApplicationInfo,java.util.List)>",
						"<android.app.ResourcesManager: android.app.ResourcesManager getInstance()>",
						"<android.app.ResourcesManager: void <init>()>",
						"<android.app.ResourcesManager$UpdateHandler: void <init>(android.app.ResourcesManager,android.app.ResourcesManager$1)>",
						"<android.app.ResourcesManager$UpdateHandler: void <init>(android.app.ResourcesManager)>",
						"key field: <android.app.ResourcesManager$UpdateHandler: android.app.ResourcesManager this$0>",
						"<android.app.ResourcesManager$UpdateHandler: void onLoadersChanged(android.content.res.Resources,java.util.List)>"
					],
					"depth":7,
					"method":"<android.app.ActivityThread: android.app.LoadedApk getPackageInfo(java.lang.String,android.content.res.CompatibilityInfo,int)>",
					"source":"FIELDCALLER"
				},
				{
					"trace":[
						"<android.app.ActivityThread: android.app.LoadedApk getPackageInfo(android.content.pm.ApplicationInfo,android.content.res.CompatibilityInfo,int)>",
						"<android.app.ActivityThread: android.app.LoadedApk getPackageInfo(android.content.pm.ApplicationInfo,android.content.res.CompatibilityInfo,java.lang.ClassLoader,boolean,boolean,boolean)>",
						"<android.app.LoadedApk: void updateApplicationInfo(android.content.pm.ApplicationInfo,java.util.List)>",
						"<android.app.ResourcesManager: android.app.ResourcesManager getInstance()>",
						"<android.app.ResourcesManager: void <init>()>",
						"<android.app.ResourcesManager$UpdateHandler: void <init>(android.app.ResourcesManager,android.app.ResourcesManager$1)>",
						"<android.app.ResourcesManager$UpdateHandler: void <init>(android.app.ResourcesManager)>",
						"key field: <android.app.ResourcesManager$UpdateHandler: android.app.ResourcesManager this$0>",
						"<android.app.ResourcesManager$UpdateHandler: void onLoadersChanged(android.content.res.Resources,java.util.List)>"
					],
					"depth":7,
					"method":"<android.app.ActivityThread: android.app.LoadedApk getPackageInfo(android.content.pm.ApplicationInfo,android.content.res.CompatibilityInfo,int)>",
					"source":"FIELDCALLER"
				},
				{
					"trace":[
						"<android.app.ActivityThread: android.app.LoadedApk getPackageInfoNoCheck(android.content.pm.ApplicationInfo,android.content.res.CompatibilityInfo)>",
						"<android.app.ActivityThread: android.app.LoadedApk getPackageInfo(android.content.pm.ApplicationInfo,android.content.res.CompatibilityInfo,java.lang.ClassLoader,boolean,boolean,boolean)>",
						"<android.app.LoadedApk: void updateApplicationInfo(android.content.pm.ApplicationInfo,java.util.List)>",
						"<android.app.ResourcesManager: android.app.ResourcesManager getInstance()>",
						"<android.app.ResourcesManager: void <init>()>",
						"<android.app.ResourcesManager$UpdateHandler: void <init>(android.app.ResourcesManager,android.app.ResourcesManager$1)>",
						"<android.app.ResourcesManager$UpdateHandler: void <init>(android.app.ResourcesManager)>",
						"key field: <android.app.ResourcesManager$UpdateHandler: android.app.ResourcesManager this$0>",
						"<android.app.ResourcesManager$UpdateHandler: void onLoadersChanged(android.content.res.Resources,java.util.List)>"
					],
					"depth":7,
					"method":"<android.app.ActivityThread: android.app.LoadedApk getPackageInfoNoCheck(android.content.pm.ApplicationInfo,android.content.res.CompatibilityInfo)>",
					"source":"FIELDCALLER"
				},
				{
					"trace":[
						"<android.app.ClientTransactionHandler: android.app.LoadedApk getPackageInfoNoCheck(android.content.pm.ApplicationInfo,android.content.res.CompatibilityInfo)>",
						"<android.app.ActivityThread: android.app.LoadedApk getPackageInfo(android.content.pm.ApplicationInfo,android.content.res.CompatibilityInfo,java.lang.ClassLoader,boolean,boolean,boolean)>",
						"<android.app.LoadedApk: void updateApplicationInfo(android.content.pm.ApplicationInfo,java.util.List)>",
						"<android.app.ResourcesManager: android.app.ResourcesManager getInstance()>",
						"<android.app.ResourcesManager: void <init>()>",
						"<android.app.ResourcesManager$UpdateHandler: void <init>(android.app.ResourcesManager,android.app.ResourcesManager$1)>",
						"<android.app.ResourcesManager$UpdateHandler: void <init>(android.app.ResourcesManager)>",
						"key field: <android.app.ResourcesManager$UpdateHandler: android.app.ResourcesManager this$0>",
						"<android.app.ResourcesManager$UpdateHandler: void onLoadersChanged(android.content.res.Resources,java.util.List)>"
					],
					"depth":7,
					"method":"<android.app.ClientTransactionHandler: android.app.LoadedApk getPackageInfoNoCheck(android.content.pm.ApplicationInfo,android.content.res.CompatibilityInfo)>",
					"source":"FIELDCALLER"
				},
				{
					"trace":[
						"<android.app.ContextImpl: android.content.Context createWindowContext(int,android.os.Bundle)>",
						"<android.app.ContextImpl: android.app.WindowContext createWindowContext(int,android.os.Bundle)>",
						"<android.app.WindowContext: void <init>(android.content.Context,int,android.os.Bundle)>",
						"<android.app.WindowTokenClient: void <init>()>",
						"<android.app.ResourcesManager: android.app.ResourcesManager getInstance()>",
						"<android.app.ResourcesManager: void <init>()>",
						"<android.app.ResourcesManager$UpdateHandler: void <init>(android.app.ResourcesManager,android.app.ResourcesManager$1)>",
						"<android.app.ResourcesManager$UpdateHandler: void <init>(android.app.ResourcesManager)>",
						"key field: <android.app.ResourcesManager$UpdateHandler: android.app.ResourcesManager this$0>",
						"<android.app.ResourcesManager$UpdateHandler: void onLoadersChanged(android.content.res.Resources,java.util.List)>"
					],
					"depth":8,
					"method":"<android.app.ContextImpl: android.content.Context createWindowContext(int,android.os.Bundle)>",
					"source":"FIELDCALLER"
				},
				{
					"trace":[
						"<android.app.ActivityThread: android.app.Activity handleLaunchActivity(android.app.ActivityThread$ActivityClientRecord,android.app.servertransaction.PendingTransactionActions,android.content.Intent)>",
						"<android.app.ActivityThread: android.app.Activity performLaunchActivity(android.app.ActivityThread$ActivityClientRecord,android.content.Intent)>",
						"<android.app.ActivityThread: android.app.ContextImpl createBaseContextForActivity(android.app.ActivityThread$ActivityClientRecord)>",
						"<android.app.ContextImpl: android.app.ContextImpl createActivityContext(android.app.ActivityThread,android.app.LoadedApk,android.content.pm.ActivityInfo,android.os.IBinder,int,android.content.res.Configuration)>",
						"<android.app.ResourcesManager: android.app.ResourcesManager getInstance()>",
						"<android.app.ResourcesManager: void <init>()>",
						"<android.app.ResourcesManager$UpdateHandler: void <init>(android.app.ResourcesManager,android.app.ResourcesManager$1)>",
						"<android.app.ResourcesManager$UpdateHandler: void <init>(android.app.ResourcesManager)>",
						"key field: <android.app.ResourcesManager$UpdateHandler: android.app.ResourcesManager this$0>",
						"<android.app.ResourcesManager$UpdateHandler: void onLoadersChanged(android.content.res.Resources,java.util.List)>"
					],
					"depth":8,
					"method":"<android.app.ActivityThread: android.app.Activity handleLaunchActivity(android.app.ActivityThread$ActivityClientRecord,android.app.servertransaction.PendingTransactionActions,android.content.Intent)>",
					"source":"FIELDCALLER"
				},
				{
					"trace":[
						"<android.app.ActivityThread: android.app.Activity startActivityNow(android.app.Activity,java.lang.String,android.content.Intent,android.content.pm.ActivityInfo,android.os.IBinder,android.os.Bundle,android.app.Activity$NonConfigurationInstances,android.os.IBinder)>",
						"<android.app.ActivityThread: android.app.Activity performLaunchActivity(android.app.ActivityThread$ActivityClientRecord,android.content.Intent)>",
						"<android.app.ActivityThread: android.app.ContextImpl createBaseContextForActivity(android.app.ActivityThread$ActivityClientRecord)>",
						"<android.app.ContextImpl: android.app.ContextImpl createActivityContext(android.app.ActivityThread,android.app.LoadedApk,android.content.pm.ActivityInfo,android.os.IBinder,int,android.content.res.Configuration)>",
						"<android.app.ResourcesManager: android.app.ResourcesManager getInstance()>",
						"<android.app.ResourcesManager: void <init>()>",
						"<android.app.ResourcesManager$UpdateHandler: void <init>(android.app.ResourcesManager,android.app.ResourcesManager$1)>",
						"<android.app.ResourcesManager$UpdateHandler: void <init>(android.app.ResourcesManager)>",
						"key field: <android.app.ResourcesManager$UpdateHandler: android.app.ResourcesManager this$0>",
						"<android.app.ResourcesManager$UpdateHandler: void onLoadersChanged(android.content.res.Resources,java.util.List)>"
					],
					"depth":8,
					"method":"<android.app.ActivityThread: android.app.Activity startActivityNow(android.app.Activity,java.lang.String,android.content.Intent,android.content.pm.ActivityInfo,android.os.IBinder,android.os.Bundle,android.app.Activity$NonConfigurationInstances,android.os.IBinder)>",
					"source":"FIELDCALLER"
				},
				{
					"trace":[
						"<android.app.ActivityThread$H: void handleMessage(android.os.Message)>",
						"<android.app.ActivityThread: void access$1400(android.app.ActivityThread,android.app.ActivityThread$ReceiverData)>",
						"<android.app.ActivityThread: void handleReceiver(android.app.ActivityThread$ReceiverData)>",
						"<android.app.ContextImpl: android.content.Context createContextForSplit(java.lang.String)>",
						"<android.app.ResourcesManager: android.app.ResourcesManager getInstance()>",
						"<android.app.ResourcesManager: void <init>()>",
						"<android.app.ResourcesManager$UpdateHandler: void <init>(android.app.ResourcesManager,android.app.ResourcesManager$1)>",
						"<android.app.ResourcesManager$UpdateHandler: void <init>(android.app.ResourcesManager)>",
						"key field: <android.app.ResourcesManager$UpdateHandler: android.app.ResourcesManager this$0>",
						"<android.app.ResourcesManager$UpdateHandler: void onLoadersChanged(android.content.res.Resources,java.util.List)>"
					],
					"depth":8,
					"method":"<android.app.ActivityThread$H: void handleMessage(android.os.Message)>",
					"source":"FIELDCALLER"
				},
				{
					"trace":[
						"<android.app.ActivityThread: android.content.IContentProvider acquireProvider(android.content.Context,java.lang.String,int,boolean)>",
						"<android.app.ActivityThread: android.app.ContentProviderHolder installProvider(android.content.Context,android.app.ContentProviderHolder,android.content.pm.ProviderInfo,boolean,boolean,boolean)>",
						"<android.content.ContextWrapper: android.content.Context createContextForSplit(java.lang.String)>",
						"<android.app.ContextImpl: android.content.Context createContextForSplit(java.lang.String)>",
						"<android.app.ResourcesManager: android.app.ResourcesManager getInstance()>",
						"<android.app.ResourcesManager: void <init>()>",
						"<android.app.ResourcesManager$UpdateHandler: void <init>(android.app.ResourcesManager,android.app.ResourcesManager$1)>",
						"<android.app.ResourcesManager$UpdateHandler: void <init>(android.app.ResourcesManager)>",
						"key field: <android.app.ResourcesManager$UpdateHandler: android.app.ResourcesManager this$0>",
						"<android.app.ResourcesManager$UpdateHandler: void onLoadersChanged(android.content.res.Resources,java.util.List)>"
					],
					"depth":8,
					"method":"<android.app.ActivityThread: android.content.IContentProvider acquireProvider(android.content.Context,java.lang.String,int,boolean)>",
					"source":"FIELDCALLER"
				},
				{
					"trace":[
						"<android.app.LoadedApk: android.app.Application makeApplication(boolean,android.app.Instrumentation)>",
						"<android.app.ContextImpl: android.app.ContextImpl createAppContext(android.app.ActivityThread,android.app.LoadedApk)>",
						"<android.app.ContextImpl: android.app.ContextImpl createAppContext(android.app.ActivityThread,android.app.LoadedApk,java.lang.String)>",
						"<android.app.ContextImpl: void <init>(android.app.ContextImpl,android.app.ActivityThread,android.app.LoadedApk,java.lang.String,java.lang.String,android.os.IBinder,android.os.UserHandle,int,java.lang.ClassLoader,java.lang.String)>",
						"<android.app.ResourcesManager: android.app.ResourcesManager getInstance()>",
						"<android.app.ResourcesManager: void <init>()>",
						"<android.app.ResourcesManager$UpdateHandler: void <init>(android.app.ResourcesManager,android.app.ResourcesManager$1)>",
						"<android.app.ResourcesManager$UpdateHandler: void <init>(android.app.ResourcesManager)>",
						"key field: <android.app.ResourcesManager$UpdateHandler: android.app.ResourcesManager this$0>",
						"<android.app.ResourcesManager$UpdateHandler: void onLoadersChanged(android.content.res.Resources,java.util.List)>"
					],
					"depth":8,
					"method":"<android.app.LoadedApk: android.app.Application makeApplication(boolean,android.app.Instrumentation)>",
					"source":"FIELDCALLER"
				},
				{
					"trace":[
						"<android.app.backup.FullBackup: android.app.backup.FullBackup$BackupScheme getBackupSchemeForTest(android.content.Context)>",
						"<android.app.backup.FullBackup$BackupScheme: void <init>(android.content.Context)>",
						"<android.app.ContextImpl: android.content.Context createCredentialProtectedStorageContext()>",
						"<android.app.ContextImpl: void <init>(android.app.ContextImpl,android.app.ActivityThread,android.app.LoadedApk,java.lang.String,java.lang.String,android.os.IBinder,android.os.UserHandle,int,java.lang.ClassLoader,java.lang.String)>",
						"<android.app.ResourcesManager: android.app.ResourcesManager getInstance()>",
						"<android.app.ResourcesManager: void <init>()>",
						"<android.app.ResourcesManager$UpdateHandler: void <init>(android.app.ResourcesManager,android.app.ResourcesManager$1)>",
						"<android.app.ResourcesManager$UpdateHandler: void <init>(android.app.ResourcesManager)>",
						"key field: <android.app.ResourcesManager$UpdateHandler: android.app.ResourcesManager this$0>",
						"<android.app.ResourcesManager$UpdateHandler: void onLoadersChanged(android.content.res.Resources,java.util.List)>"
					],
					"depth":8,
					"method":"<android.app.backup.FullBackup: android.app.backup.FullBackup$BackupScheme getBackupSchemeForTest(android.content.Context)>",
					"source":"FIELDCALLER"
				},
				{
					"trace":[
						"<android.app.backup.BackupAgent: void onFullBackup(android.app.backup.FullBackupDataOutput)>",
						"<android.content.ContextWrapper: android.content.Context createCredentialProtectedStorageContext()>",
						"<android.app.ContextImpl: android.content.Context createCredentialProtectedStorageContext()>",
						"<android.app.ContextImpl: void <init>(android.app.ContextImpl,android.app.ActivityThread,android.app.LoadedApk,java.lang.String,java.lang.String,android.os.IBinder,android.os.UserHandle,int,java.lang.ClassLoader,java.lang.String)>",
						"<android.app.ResourcesManager: android.app.ResourcesManager getInstance()>",
						"<android.app.ResourcesManager: void <init>()>",
						"<android.app.ResourcesManager$UpdateHandler: void <init>(android.app.ResourcesManager,android.app.ResourcesManager$1)>",
						"<android.app.ResourcesManager$UpdateHandler: void <init>(android.app.ResourcesManager)>",
						"key field: <android.app.ResourcesManager$UpdateHandler: android.app.ResourcesManager this$0>",
						"<android.app.ResourcesManager$UpdateHandler: void onLoadersChanged(android.content.res.Resources,java.util.List)>"
					],
					"depth":8,
					"method":"<android.app.backup.BackupAgent: void onFullBackup(android.app.backup.FullBackupDataOutput)>",
					"source":"FIELDCALLER"
				},
				{
					"trace":[
						"<android.app.backup.BackupAgent: void fullBackupFile(java.io.File,android.app.backup.FullBackupDataOutput)>",
						"<android.content.ContextWrapper: android.content.Context createCredentialProtectedStorageContext()>",
						"<android.app.ContextImpl: android.content.Context createCredentialProtectedStorageContext()>",
						"<android.app.ContextImpl: void <init>(android.app.ContextImpl,android.app.ActivityThread,android.app.LoadedApk,java.lang.String,java.lang.String,android.os.IBinder,android.os.UserHandle,int,java.lang.ClassLoader,java.lang.String)>",
						"<android.app.ResourcesManager: android.app.ResourcesManager getInstance()>",
						"<android.app.ResourcesManager: void <init>()>",
						"<android.app.ResourcesManager$UpdateHandler: void <init>(android.app.ResourcesManager,android.app.ResourcesManager$1)>",
						"<android.app.ResourcesManager$UpdateHandler: void <init>(android.app.ResourcesManager)>",
						"key field: <android.app.ResourcesManager$UpdateHandler: android.app.ResourcesManager this$0>",
						"<android.app.ResourcesManager$UpdateHandler: void onLoadersChanged(android.content.res.Resources,java.util.List)>"
					],
					"depth":8,
					"method":"<android.app.backup.BackupAgent: void fullBackupFile(java.io.File,android.app.backup.FullBackupDataOutput)>",
					"source":"FIELDCALLER"
				},
				{
					"trace":[
						"<android.accessibilityservice.AccessibilityService: android.content.Context createDisplayContext(android.view.Display)>",
						"<android.content.ContextWrapper: android.content.Context createDisplayContext(android.view.Display)>",
						"<android.app.ContextImpl: android.content.Context createDisplayContext(android.view.Display)>",
						"<android.app.ContextImpl: void <init>(android.app.ContextImpl,android.app.ActivityThread,android.app.LoadedApk,java.lang.String,java.lang.String,android.os.IBinder,android.os.UserHandle,int,java.lang.ClassLoader,java.lang.String)>",
						"<android.app.ResourcesManager: android.app.ResourcesManager getInstance()>",
						"<android.app.ResourcesManager: void <init>()>",
						"<android.app.ResourcesManager$UpdateHandler: void <init>(android.app.ResourcesManager,android.app.ResourcesManager$1)>",
						"<android.app.ResourcesManager$UpdateHandler: void <init>(android.app.ResourcesManager)>",
						"key field: <android.app.ResourcesManager$UpdateHandler: android.app.ResourcesManager this$0>",
						"<android.app.ResourcesManager$UpdateHandler: void onLoadersChanged(android.content.res.Resources,java.util.List)>"
					],
					"depth":8,
					"method":"<android.accessibilityservice.AccessibilityService: android.content.Context createDisplayContext(android.view.Display)>",
					"source":"FIELDCALLER"
				},
				{
					"trace":[
						"<android.app.Notification$Builder: android.widget.RemoteViews makePublicContentView(boolean)>",
						"<android.app.Notification$Builder: android.app.Notification$Builder recoverBuilder(android.content.Context,android.app.Notification)>",
						"<android.app.ContextImpl: android.content.Context createApplicationContext(android.content.pm.ApplicationInfo,int)>",
						"<android.app.ContextImpl: void <init>(android.app.ContextImpl,android.app.ActivityThread,android.app.LoadedApk,java.lang.String,java.lang.String,android.os.IBinder,android.os.UserHandle,int,java.lang.ClassLoader,java.lang.String)>",
						"<android.app.ResourcesManager: android.app.ResourcesManager getInstance()>",
						"<android.app.ResourcesManager: void <init>()>",
						"<android.app.ResourcesManager$UpdateHandler: void <init>(android.app.ResourcesManager,android.app.ResourcesManager$1)>",
						"<android.app.ResourcesManager$UpdateHandler: void <init>(android.app.ResourcesManager)>",
						"key field: <android.app.ResourcesManager$UpdateHandler: android.app.ResourcesManager this$0>",
						"<android.app.ResourcesManager$UpdateHandler: void onLoadersChanged(android.content.res.Resources,java.util.List)>"
					],
					"depth":8,
					"method":"<android.app.Notification$Builder: android.widget.RemoteViews makePublicContentView(boolean)>",
					"source":"FIELDCALLER"
				},
				{
					"trace":[
						"<android.app.ActivityThread$ApplicationThread: void updateHttpProxy()>",
						"<android.app.ActivityThread: android.app.ContextImpl getSystemContext()>",
						"<android.app.ContextImpl: android.app.ContextImpl createSystemContext(android.app.ActivityThread)>",
						"<android.app.ContextImpl: void <init>(android.app.ContextImpl,android.app.ActivityThread,android.app.LoadedApk,java.lang.String,java.lang.String,android.os.IBinder,android.os.UserHandle,int,java.lang.ClassLoader,java.lang.String)>",
						"<android.app.ResourcesManager: android.app.ResourcesManager getInstance()>",
						"<android.app.ResourcesManager: void <init>()>",
						"<android.app.ResourcesManager$UpdateHandler: void <init>(android.app.ResourcesManager,android.app.ResourcesManager$1)>",
						"<android.app.ResourcesManager$UpdateHandler: void <init>(android.app.ResourcesManager)>",
						"key field: <android.app.ResourcesManager$UpdateHandler: android.app.ResourcesManager this$0>",
						"<android.app.ResourcesManager$UpdateHandler: void onLoadersChanged(android.content.res.Resources,java.util.List)>"
					],
					"depth":8,
					"method":"<android.app.ActivityThread$ApplicationThread: void updateHttpProxy()>",
					"source":"FIELDCALLER"
				},
				{
					"trace":[
						"<android.app.ActivityThread: void installSystemApplicationInfo(android.content.pm.ApplicationInfo,java.lang.ClassLoader)>",
						"<android.app.ActivityThread: android.app.ContextImpl getSystemContext()>",
						"<android.app.ContextImpl: android.app.ContextImpl createSystemContext(android.app.ActivityThread)>",
						"<android.app.ContextImpl: void <init>(android.app.ContextImpl,android.app.ActivityThread,android.app.LoadedApk,java.lang.String,java.lang.String,android.os.IBinder,android.os.UserHandle,int,java.lang.ClassLoader,java.lang.String)>",
						"<android.app.ResourcesManager: android.app.ResourcesManager getInstance()>",
						"<android.app.ResourcesManager: void <init>()>",
						"<android.app.ResourcesManager$UpdateHandler: void <init>(android.app.ResourcesManager,android.app.ResourcesManager$1)>",
						"<android.app.ResourcesManager$UpdateHandler: void <init>(android.app.ResourcesManager)>",
						"key field: <android.app.ResourcesManager$UpdateHandler: android.app.ResourcesManager this$0>",
						"<android.app.ResourcesManager$UpdateHandler: void onLoadersChanged(android.content.res.Resources,java.util.List)>"
					],
					"depth":8,
					"method":"<android.app.ActivityThread: void installSystemApplicationInfo(android.content.pm.ApplicationInfo,java.lang.ClassLoader)>",
					"source":"FIELDCALLER"
				},
				{
					"trace":[
						"<android.app.ActivityThread: android.app.ContextImpl getSystemUiContext()>",
						"<android.app.ActivityThread: android.app.ContextImpl getSystemContext()>",
						"<android.app.ContextImpl: android.app.ContextImpl createSystemContext(android.app.ActivityThread)>",
						"<android.app.ContextImpl: void <init>(android.app.ContextImpl,android.app.ActivityThread,android.app.LoadedApk,java.lang.String,java.lang.String,android.os.IBinder,android.os.UserHandle,int,java.lang.ClassLoader,java.lang.String)>",
						"<android.app.ResourcesManager: android.app.ResourcesManager getInstance()>",
						"<android.app.ResourcesManager: void <init>()>",
						"<android.app.ResourcesManager$UpdateHandler: void <init>(android.app.ResourcesManager,android.app.ResourcesManager$1)>",
						"<android.app.ResourcesManager$UpdateHandler: void <init>(android.app.ResourcesManager)>",
						"key field: <android.app.ResourcesManager$UpdateHandler: android.app.ResourcesManager this$0>",
						"<android.app.ResourcesManager$UpdateHandler: void onLoadersChanged(android.content.res.Resources,java.util.List)>"
					],
					"depth":8,
					"method":"<android.app.ActivityThread: android.app.ContextImpl getSystemUiContext()>",
					"source":"FIELDCALLER"
				},
				{
					"trace":[
						"<android.app.ApplicationPackageManager: java.lang.CharSequence getBackgroundPermissionOptionLabel()>",
						"<android.app.ContextImpl: android.content.Context createPackageContext(java.lang.String,int)>",
						"<android.app.ContextImpl: android.content.Context createPackageContextAsUser(java.lang.String,int,android.os.UserHandle)>",
						"<android.app.ContextImpl: void <init>(android.app.ContextImpl,android.app.ActivityThread,android.app.LoadedApk,java.lang.String,java.lang.String,android.os.IBinder,android.os.UserHandle,int,java.lang.ClassLoader,java.lang.String)>",
						"<android.app.ResourcesManager: android.app.ResourcesManager getInstance()>",
						"<android.app.ResourcesManager: void <init>()>",
						"<android.app.ResourcesManager$UpdateHandler: void <init>(android.app.ResourcesManager,android.app.ResourcesManager$1)>",
						"<android.app.ResourcesManager$UpdateHandler: void <init>(android.app.ResourcesManager)>",
						"key field: <android.app.ResourcesManager$UpdateHandler: android.app.ResourcesManager this$0>",
						"<android.app.ResourcesManager$UpdateHandler: void onLoadersChanged(android.content.res.Resources,java.util.List)>"
					],
					"depth":8,
					"method":"<android.app.ApplicationPackageManager: java.lang.CharSequence getBackgroundPermissionOptionLabel()>",
					"source":"FIELDCALLER"
				},
				{
					"trace":[
						"<android.app.SearchableInfo: android.content.Context getProviderContext(android.content.Context,android.content.Context)>",
						"<android.app.ContextImpl: android.content.Context createPackageContext(java.lang.String,int)>",
						"<android.app.ContextImpl: android.content.Context createPackageContextAsUser(java.lang.String,int,android.os.UserHandle)>",
						"<android.app.ContextImpl: void <init>(android.app.ContextImpl,android.app.ActivityThread,android.app.LoadedApk,java.lang.String,java.lang.String,android.os.IBinder,android.os.UserHandle,int,java.lang.ClassLoader,java.lang.String)>",
						"<android.app.ResourcesManager: android.app.ResourcesManager getInstance()>",
						"<android.app.ResourcesManager: void <init>()>",
						"<android.app.ResourcesManager$UpdateHandler: void <init>(android.app.ResourcesManager,android.app.ResourcesManager$1)>",
						"<android.app.ResourcesManager$UpdateHandler: void <init>(android.app.ResourcesManager)>",
						"key field: <android.app.ResourcesManager$UpdateHandler: android.app.ResourcesManager this$0>",
						"<android.app.ResourcesManager$UpdateHandler: void onLoadersChanged(android.content.res.Resources,java.util.List)>"
					],
					"depth":8,
					"method":"<android.app.SearchableInfo: android.content.Context getProviderContext(android.content.Context,android.content.Context)>",
					"source":"FIELDCALLER"
				},
				{
					"trace":[
						"<android.content.ContextWrapper: android.content.Context createPackageContext(java.lang.String,int)>",
						"<android.app.ContextImpl: android.content.Context createPackageContext(java.lang.String,int)>",
						"<android.app.ContextImpl: android.content.Context createPackageContextAsUser(java.lang.String,int,android.os.UserHandle)>",
						"<android.app.ContextImpl: void <init>(android.app.ContextImpl,android.app.ActivityThread,android.app.LoadedApk,java.lang.String,java.lang.String,android.os.IBinder,android.os.UserHandle,int,java.lang.ClassLoader,java.lang.String)>",
						"<android.app.ResourcesManager: android.app.ResourcesManager getInstance()>",
						"<android.app.ResourcesManager: void <init>()>",
						"<android.app.ResourcesManager$UpdateHandler: void <init>(android.app.ResourcesManager,android.app.ResourcesManager$1)>",
						"<android.app.ResourcesManager$UpdateHandler: void <init>(android.app.ResourcesManager)>",
						"key field: <android.app.ResourcesManager$UpdateHandler: android.app.ResourcesManager this$0>",
						"<android.app.ResourcesManager$UpdateHandler: void onLoadersChanged(android.content.res.Resources,java.util.List)>"
					],
					"depth":8,
					"method":"<android.content.ContextWrapper: android.content.Context createPackageContext(java.lang.String,int)>",
					"source":"FIELDCALLER"
				},
				{
					"trace":[
						"<android.content.Context: android.content.Context createPackageContext(java.lang.String,int)>",
						"<android.app.ContextImpl: android.content.Context createPackageContext(java.lang.String,int)>",
						"<android.app.ContextImpl: android.content.Context createPackageContextAsUser(java.lang.String,int,android.os.UserHandle)>",
						"<android.app.ContextImpl: void <init>(android.app.ContextImpl,android.app.ActivityThread,android.app.LoadedApk,java.lang.String,java.lang.String,android.os.IBinder,android.os.UserHandle,int,java.lang.ClassLoader,java.lang.String)>",
						"<android.app.ResourcesManager: android.app.ResourcesManager getInstance()>",
						"<android.app.ResourcesManager: void <init>()>",
						"<android.app.ResourcesManager$UpdateHandler: void <init>(android.app.ResourcesManager,android.app.ResourcesManager$1)>",
						"<android.app.ResourcesManager$UpdateHandler: void <init>(android.app.ResourcesManager)>",
						"key field: <android.app.ResourcesManager$UpdateHandler: android.app.ResourcesManager this$0>",
						"<android.app.ResourcesManager$UpdateHandler: void onLoadersChanged(android.content.res.Resources,java.util.List)>"
					],
					"depth":8,
					"method":"<android.content.Context: android.content.Context createPackageContext(java.lang.String,int)>",
					"source":"FIELDCALLER"
				},
				{
					"trace":[
						"<android.content.ContextWrapper: android.content.Context createContextAsUser(android.os.UserHandle,int)>",
						"<android.app.ContextImpl: android.content.Context createContextAsUser(android.os.UserHandle,int)>",
						"<android.app.ContextImpl: android.content.Context createPackageContextAsUser(java.lang.String,int,android.os.UserHandle)>",
						"<android.app.ContextImpl: void <init>(android.app.ContextImpl,android.app.ActivityThread,android.app.LoadedApk,java.lang.String,java.lang.String,android.os.IBinder,android.os.UserHandle,int,java.lang.ClassLoader,java.lang.String)>",
						"<android.app.ResourcesManager: android.app.ResourcesManager getInstance()>",
						"<android.app.ResourcesManager: void <init>()>",
						"<android.app.ResourcesManager$UpdateHandler: void <init>(android.app.ResourcesManager,android.app.ResourcesManager$1)>",
						"<android.app.ResourcesManager$UpdateHandler: void <init>(android.app.ResourcesManager)>",
						"key field: <android.app.ResourcesManager$UpdateHandler: android.app.ResourcesManager this$0>",
						"<android.app.ResourcesManager$UpdateHandler: void onLoadersChanged(android.content.res.Resources,java.util.List)>"
					],
					"depth":8,
					"method":"<android.content.ContextWrapper: android.content.Context createContextAsUser(android.os.UserHandle,int)>",
					"source":"FIELDCALLER"
				},
				{
					"trace":[
						"<android.app.ActivityThread: boolean releaseProvider(android.content.IContentProvider,boolean)>",
						"<android.app.ActivityThread$H: void handleMessage(android.os.Message)>",
						"<android.app.ActivityThread: void handleApplicationInfoChanged(android.content.pm.ApplicationInfo)>",
						"<android.app.LoadedApk: void updateApplicationInfo(android.content.pm.ApplicationInfo,java.util.List)>",
						"<android.app.ResourcesManager: android.app.ResourcesManager getInstance()>",
						"<android.app.ResourcesManager: void <init>()>",
						"<android.app.ResourcesManager$UpdateHandler: void <init>(android.app.ResourcesManager,android.app.ResourcesManager$1)>",
						"<android.app.ResourcesManager$UpdateHandler: void <init>(android.app.ResourcesManager)>",
						"key field: <android.app.ResourcesManager$UpdateHandler: android.app.ResourcesManager this$0>",
						"<android.app.ResourcesManager$UpdateHandler: void onLoadersChanged(android.content.res.Resources,java.util.List)>"
					],
					"depth":8,
					"method":"<android.app.ActivityThread: boolean releaseProvider(android.content.IContentProvider,boolean)>",
					"source":"FIELDCALLER"
				},
				{
					"trace":[
						"<android.hardware.camera2.legacy.RequestThreadManager$5: boolean handleMessage(android.os.Message)>",
						"<android.app.ActivityThread$H: void handleMessage(android.os.Message)>",
						"<android.app.ActivityThread: void handleApplicationInfoChanged(android.content.pm.ApplicationInfo)>",
						"<android.app.LoadedApk: void updateApplicationInfo(android.content.pm.ApplicationInfo,java.util.List)>",
						"<android.app.ResourcesManager: android.app.ResourcesManager getInstance()>",
						"<android.app.ResourcesManager: void <init>()>",
						"<android.app.ResourcesManager$UpdateHandler: void <init>(android.app.ResourcesManager,android.app.ResourcesManager$1)>",
						"<android.app.ResourcesManager$UpdateHandler: void <init>(android.app.ResourcesManager)>",
						"key field: <android.app.ResourcesManager$UpdateHandler: android.app.ResourcesManager this$0>",
						"<android.app.ResourcesManager$UpdateHandler: void onLoadersChanged(android.content.res.Resources,java.util.List)>"
					],
					"depth":8,
					"method":"<android.hardware.camera2.legacy.RequestThreadManager$5: boolean handleMessage(android.os.Message)>",
					"source":"FIELDCALLER"
				},
				{
					"trace":[
						"<android.os.Handler$Callback: boolean handleMessage(android.os.Message)>",
						"<android.app.ActivityThread$H: void handleMessage(android.os.Message)>",
						"<android.app.ActivityThread: void handleApplicationInfoChanged(android.content.pm.ApplicationInfo)>",
						"<android.app.LoadedApk: void updateApplicationInfo(android.content.pm.ApplicationInfo,java.util.List)>",
						"<android.app.ResourcesManager: android.app.ResourcesManager getInstance()>",
						"<android.app.ResourcesManager: void <init>()>",
						"<android.app.ResourcesManager$UpdateHandler: void <init>(android.app.ResourcesManager,android.app.ResourcesManager$1)>",
						"<android.app.ResourcesManager$UpdateHandler: void <init>(android.app.ResourcesManager)>",
						"key field: <android.app.ResourcesManager$UpdateHandler: android.app.ResourcesManager this$0>",
						"<android.app.ResourcesManager$UpdateHandler: void onLoadersChanged(android.content.res.Resources,java.util.List)>"
					],
					"depth":8,
					"method":"<android.os.Handler$Callback: boolean handleMessage(android.os.Message)>",
					"source":"FIELDCALLER"
				},
				{
					"trace":[
						"<android.app.QueuedWork: void queue(java.lang.Runnable,boolean)>",
						"<android.app.ActivityThread$H: void handleMessage(android.os.Message)>",
						"<android.app.ActivityThread: void handleApplicationInfoChanged(android.content.pm.ApplicationInfo)>",
						"<android.app.LoadedApk: void updateApplicationInfo(android.content.pm.ApplicationInfo,java.util.List)>",
						"<android.app.ResourcesManager: android.app.ResourcesManager getInstance()>",
						"<android.app.ResourcesManager: void <init>()>",
						"<android.app.ResourcesManager$UpdateHandler: void <init>(android.app.ResourcesManager,android.app.ResourcesManager$1)>",
						"<android.app.ResourcesManager$UpdateHandler: void <init>(android.app.ResourcesManager)>",
						"key field: <android.app.ResourcesManager$UpdateHandler: android.app.ResourcesManager this$0>",
						"<android.app.ResourcesManager$UpdateHandler: void onLoadersChanged(android.content.res.Resources,java.util.List)>"
					],
					"depth":8,
					"method":"<android.app.QueuedWork: void queue(java.lang.Runnable,boolean)>",
					"source":"FIELDCALLER"
				},
				{
					"trace":[
						"<android.widget.RemoteViewsAdapter$RemoteServiceHandler: void handleMessage(android.os.Message)>",
						"<android.app.ActivityThread$H: void handleMessage(android.os.Message)>",
						"<android.app.ActivityThread: void handleApplicationInfoChanged(android.content.pm.ApplicationInfo)>",
						"<android.app.LoadedApk: void updateApplicationInfo(android.content.pm.ApplicationInfo,java.util.List)>",
						"<android.app.ResourcesManager: android.app.ResourcesManager getInstance()>",
						"<android.app.ResourcesManager: void <init>()>",
						"<android.app.ResourcesManager$UpdateHandler: void <init>(android.app.ResourcesManager,android.app.ResourcesManager$1)>",
						"<android.app.ResourcesManager$UpdateHandler: void <init>(android.app.ResourcesManager)>",
						"key field: <android.app.ResourcesManager$UpdateHandler: android.app.ResourcesManager this$0>",
						"<android.app.ResourcesManager$UpdateHandler: void onLoadersChanged(android.content.res.Resources,java.util.List)>"
					],
					"depth":8,
					"method":"<android.widget.RemoteViewsAdapter$RemoteServiceHandler: void handleMessage(android.os.Message)>",
					"source":"FIELDCALLER"
				},
				{
					"trace":[
						"<android.widget.Filter$RequestHandler: void handleMessage(android.os.Message)>",
						"<android.app.ActivityThread$H: void handleMessage(android.os.Message)>",
						"<android.app.ActivityThread: void handleApplicationInfoChanged(android.content.pm.ApplicationInfo)>",
						"<android.app.LoadedApk: void updateApplicationInfo(android.content.pm.ApplicationInfo,java.util.List)>",
						"<android.app.ResourcesManager: android.app.ResourcesManager getInstance()>",
						"<android.app.ResourcesManager: void <init>()>",
						"<android.app.ResourcesManager$UpdateHandler: void <init>(android.app.ResourcesManager,android.app.ResourcesManager$1)>",
						"<android.app.ResourcesManager$UpdateHandler: void <init>(android.app.ResourcesManager)>",
						"key field: <android.app.ResourcesManager$UpdateHandler: android.app.ResourcesManager this$0>",
						"<android.app.ResourcesManager$UpdateHandler: void onLoadersChanged(android.content.res.Resources,java.util.List)>"
					],
					"depth":8,
					"method":"<android.widget.Filter$RequestHandler: void handleMessage(android.os.Message)>",
					"source":"FIELDCALLER"
				},
				{
					"trace":[
						"<android.app.ActivityThread$ActivityClientRecord: void <init>(android.os.IBinder,android.content.Intent,int,android.content.pm.ActivityInfo,android.content.res.Configuration,android.content.res.CompatibilityInfo,java.lang.String,com.android.internal.app.IVoiceInteractor,android.os.Bundle,android.os.PersistableBundle,java.util.List,java.util.List,boolean,android.app.ProfilerInfo,android.app.ClientTransactionHandler,android.os.IBinder,android.view.DisplayAdjustments$FixedRotationAdjustments)>",
						"<android.app.ActivityThread: android.app.LoadedApk getPackageInfoNoCheck(android.content.pm.ApplicationInfo,android.content.res.CompatibilityInfo)>",
						"<android.app.ActivityThread: android.app.LoadedApk getPackageInfo(android.content.pm.ApplicationInfo,android.content.res.CompatibilityInfo,java.lang.ClassLoader,boolean,boolean,boolean)>",
						"<android.app.LoadedApk: void updateApplicationInfo(android.content.pm.ApplicationInfo,java.util.List)>",
						"<android.app.ResourcesManager: android.app.ResourcesManager getInstance()>",
						"<android.app.ResourcesManager: void <init>()>",
						"<android.app.ResourcesManager$UpdateHandler: void <init>(android.app.ResourcesManager,android.app.ResourcesManager$1)>",
						"<android.app.ResourcesManager$UpdateHandler: void <init>(android.app.ResourcesManager)>",
						"key field: <android.app.ResourcesManager$UpdateHandler: android.app.ResourcesManager this$0>",
						"<android.app.ResourcesManager$UpdateHandler: void onLoadersChanged(android.content.res.Resources,java.util.List)>"
					],
					"depth":8,
					"method":"<android.app.ActivityThread$ActivityClientRecord: void <init>(android.os.IBinder,android.content.Intent,int,android.content.pm.ActivityInfo,android.content.res.Configuration,android.content.res.CompatibilityInfo,java.lang.String,com.android.internal.app.IVoiceInteractor,android.os.Bundle,android.os.PersistableBundle,java.util.List,java.util.List,boolean,android.app.ProfilerInfo,android.app.ClientTransactionHandler,android.os.IBinder,android.view.DisplayAdjustments$FixedRotationAdjustments)>",
					"source":"FIELDCALLER"
				}
			],
			"callerOfSingnlar2SourceVar":{
				"<android.app.ResourcesManager$UpdateHandler: void onLoadersChanged(android.content.res.Resources,java.util.List)>":"0"
			}
		}
	]
}