{
	"exceptions":[
		{
			"method":"<android.app.ActivityOptions$HideWindowListener: void <init>(android.view.Window,android.app.ExitTransitionCoordinator)>",
			"message":"\\QCannot start a transition while one is running\\E",
			"relatedVarType":"Field",
			"relatedCondType":"Basic",
			"modifier":"public",
			"type":"java.lang.IllegalStateException",
			"osVersionRelated":false,
			"resourceRelated":false,
			"assessRelated":false,
			"hardwareRelated":false,
			"manifestRelated":false,
			"conditions":"$r6 != null, r11 == null, r10 == null",
			"fieldValues":"<android.app.ActivityOptions$HideWindowListener: android.view.Window mWindow>",
			"relatedValues":"; <android.app.ActivityOptions$HideWindowListener: android.view.Window mWindow>; ",
			"keyAPISameClassNum":4,
			"keyAPIDiffClassNum":1,
			"keyAPISameClass":[
				{
					"trace":[
						"<android.app.ActivityOptions$HideWindowListener: void <init>(android.view.Window,android.app.ExitTransitionCoordinator)>"
					],
					"depth":1,
					"method":"<android.app.ActivityOptions$HideWindowListener: void <init>(android.view.Window,android.app.ExitTransitionCoordinator)>",
					"source":"FIELD"
				},
				{
					"trace":[
						"<android.app.ActivityOptions$HideWindowListener: void onTransitionEnd(android.transition.Transition)>",
						"<android.app.ActivityOptions$HideWindowListener: void hideWhenDone()>",
						"key field: <android.app.ActivityOptions$HideWindowListener: android.view.Window mWindow>",
						"<android.app.ActivityOptions$HideWindowListener: void <init>(android.view.Window,android.app.ExitTransitionCoordinator)>"
					],
					"depth":2,
					"method":"<android.app.ActivityOptions$HideWindowListener: void onTransitionEnd(android.transition.Transition)>",
					"source":"FIELDCALLER"
				},
				{
					"trace":[
						"<android.app.ActivityOptions$HideWindowListener: void hideSharedElements()>",
						"<android.app.ActivityOptions$HideWindowListener: void hideWhenDone()>",
						"key field: <android.app.ActivityOptions$HideWindowListener: android.view.Window mWindow>",
						"<android.app.ActivityOptions$HideWindowListener: void <init>(android.view.Window,android.app.ExitTransitionCoordinator)>"
					],
					"depth":2,
					"method":"<android.app.ActivityOptions$HideWindowListener: void hideSharedElements()>",
					"source":"FIELDCALLER"
				},
				{
					"trace":[
						"<android.app.ExitTransitionCoordinator$HideSharedElementsCallback: void hideSharedElements()>",
						"<android.app.ActivityOptions$HideWindowListener: void hideWhenDone()>",
						"key field: <android.app.ActivityOptions$HideWindowListener: android.view.Window mWindow>",
						"<android.app.ActivityOptions$HideWindowListener: void <init>(android.view.Window,android.app.ExitTransitionCoordinator)>"
					],
					"depth":2,
					"method":"<android.app.ExitTransitionCoordinator$HideSharedElementsCallback: void hideSharedElements()>",
					"source":"FIELDCALLER"
				}
			],
			"keyAPIDiffClass":[
				{
					"trace":[
						"<android.app.ActivityOptions: android.app.ActivityOptions startSharedElementAnimation(android.view.Window,android.util.Pair[])>",
						"<android.app.ActivityOptions$HideWindowListener: void <init>(android.view.Window,android.app.ExitTransitionCoordinator)>",
						"key field: <android.app.ActivityOptions$HideWindowListener: android.view.Window mWindow>",
						"<android.app.ActivityOptions$HideWindowListener: void <init>(android.view.Window,android.app.ExitTransitionCoordinator)>"
					],
					"depth":2,
					"method":"<android.app.ActivityOptions: android.app.ActivityOptions startSharedElementAnimation(android.view.Window,android.util.Pair[])>",
					"source":"FIELDCALLER"
				}
			],
			"callerOfSingnlar2SourceVar":{}
		}
	]
}