{
	"exceptions":[
		{
			"method":"<android.app.admin.NetworkEvent$1: android.app.admin.NetworkEvent createFromParcel(android.os.Parcel)>",
			"message":"\\QUnexpected NetworkEvent token in parcel: \\E[\\s\\S]*",
			"relatedVarType":"Parameter",
			"relatedCondType":"Basic",
			"modifier":"public",
			"type":"android.os.ParcelFormatException",
			"osVersionRelated":false,
			"resourceRelated":false,
			"assessRelated":false,
			"hardwareRelated":false,
			"manifestRelated":false,
			"conditions":"i1 != 2, i1 == 1",
			"paramValues":"@parameter0: android.os.Parcel",
			"relatedValues":"@parameter0: android.os.Parcel; ; ",
			"keyAPISameClassNum":0,
			"keyAPIDiffClassNum":0,
			"keyAPISameClass":[
				{
					"trace":[
						"<android.app.admin.NetworkEvent$1: android.app.admin.NetworkEvent createFromParcel(android.os.Parcel)>"
					],
					"depth":0,
					"method":"<android.app.admin.NetworkEvent$1: android.app.admin.NetworkEvent createFromParcel(android.os.Parcel)>",
					"source":"CALLER"
				},
				{
					"trace":[
						"<android.app.admin.NetworkEvent$1: java.lang.Object createFromParcel(android.os.Parcel)>",
						"<android.app.admin.NetworkEvent$1: android.app.admin.NetworkEvent createFromParcel(android.os.Parcel)>"
					],
					"depth":1,
					"method":"<android.app.admin.NetworkEvent$1: java.lang.Object createFromParcel(android.os.Parcel)>",
					"source":"CALLER"
				},
				{
					"trace":[
						"<android.os.Parcelable$Creator: java.lang.Object createFromParcel(android.os.Parcel)>",
						"<android.app.admin.NetworkEvent$1: android.app.admin.NetworkEvent createFromParcel(android.os.Parcel)>"
					],
					"depth":1,
					"method":"<android.os.Parcelable$Creator: java.lang.Object createFromParcel(android.os.Parcel)>",
					"source":"CALLER"
				}
			],
			"keyAPIDiffClass":[],
			"callerOfSingnlar2SourceVar":{
				"<android.app.admin.NetworkEvent$1: android.app.admin.NetworkEvent createFromParcel(android.os.Parcel)>":"0",
				"<android.app.admin.NetworkEvent$1: java.lang.Object createFromParcel(android.os.Parcel)>":"0"
			}
		}
	]
}