{
	"exceptions":[
		{
			"method":"<android.bluetooth.BluetoothHidHost: boolean connect(android.bluetooth.BluetoothDevice)>",
			"message":"[\\s\\S]*",
			"relatedVarType":"Unknown",
			"relatedCondType":"Basic",
			"modifier":"public",
			"type":"java.lang.Throwable",
			"osVersionRelated":false,
			"resourceRelated":false,
			"assessRelated":false,
			"hardwareRelated":false,
			"manifestRelated":false,
			"conditions":"$z1 == 0, $z0 == 0, r15 == null",
			"caughtValues":"@caughtexception",
			"relatedValues":"; ; @caughtexception",
			"keyAPISameClassNum":0,
			"keyAPIDiffClassNum":0,
			"keyAPISameClass":[],
			"keyAPIDiffClass":[],
			"callerOfSingnlar2SourceVar":{}
		},
		{
			"method":"<android.bluetooth.BluetoothHidHost: boolean disconnect(android.bluetooth.BluetoothDevice)>",
			"message":"[\\s\\S]*",
			"relatedVarType":"Unknown",
			"relatedCondType":"Basic",
			"modifier":"public",
			"type":"java.lang.Throwable",
			"osVersionRelated":false,
			"resourceRelated":false,
			"assessRelated":false,
			"hardwareRelated":false,
			"manifestRelated":false,
			"conditions":"$z1 == 0, $z0 == 0, r15 == null",
			"caughtValues":"@caughtexception",
			"relatedValues":"; ; @caughtexception",
			"keyAPISameClassNum":0,
			"keyAPIDiffClassNum":0,
			"keyAPISameClass":[],
			"keyAPIDiffClass":[],
			"callerOfSingnlar2SourceVar":{}
		},
		{
			"method":"<android.bluetooth.BluetoothHidHost: java.util.List getConnectedDevices()>",
			"message":"[\\s\\S]*",
			"relatedVarType":"Unknown",
			"relatedCondType":"Basic",
			"modifier":"public",
			"type":"java.lang.Throwable",
			"osVersionRelated":false,
			"resourceRelated":false,
			"assessRelated":false,
			"hardwareRelated":false,
			"manifestRelated":false,
			"conditions":"$z0 == 0, r10 == null",
			"caughtValues":"@caughtexception",
			"relatedValues":"; ; @caughtexception",
			"keyAPISameClassNum":0,
			"keyAPIDiffClassNum":0,
			"keyAPISameClass":[],
			"keyAPIDiffClass":[],
			"callerOfSingnlar2SourceVar":{}
		},
		{
			"method":"<android.bluetooth.BluetoothHidHost: int getConnectionPolicy(android.bluetooth.BluetoothDevice)>",
			"message":"[\\s\\S]*",
			"relatedVarType":"Unknown",
			"relatedCondType":"Basic",
			"modifier":"public",
			"type":"java.lang.Throwable",
			"osVersionRelated":false,
			"resourceRelated":false,
			"assessRelated":false,
			"hardwareRelated":false,
			"manifestRelated":false,
			"conditions":"$z1 == 0, $z0 == 0, r2 == null",
			"caughtValues":"@caughtexception",
			"relatedValues":"; ; @caughtexception",
			"keyAPISameClassNum":0,
			"keyAPIDiffClassNum":0,
			"keyAPISameClass":[],
			"keyAPIDiffClass":[],
			"callerOfSingnlar2SourceVar":{}
		},
		{
			"method":"<android.bluetooth.BluetoothHidHost: int getConnectionPolicy(android.bluetooth.BluetoothDevice)>",
			"message":"\\Qdevice must not be null\\E",
			"relatedVarType":"Parameter",
			"relatedCondType":"Basic",
			"modifier":"public",
			"type":"java.lang.IllegalArgumentException",
			"osVersionRelated":false,
			"resourceRelated":false,
			"assessRelated":false,
			"hardwareRelated":false,
			"manifestRelated":false,
			"conditions":"r10 == null",
			"paramValues":"@parameter0: android.bluetooth.BluetoothDevice",
			"relatedValues":"@parameter0: android.bluetooth.BluetoothDevice; ; ",
			"keyAPISameClassNum":0,
			"keyAPIDiffClassNum":0,
			"keyAPISameClass":[
				{
					"trace":[
						"<android.bluetooth.BluetoothHidHost: int getConnectionPolicy(android.bluetooth.BluetoothDevice)>"
					],
					"depth":0,
					"method":"<android.bluetooth.BluetoothHidHost: int getConnectionPolicy(android.bluetooth.BluetoothDevice)>",
					"source":"CALLER"
				},
				{
					"trace":[
						"<android.bluetooth.BluetoothHidHost: int getPriority(android.bluetooth.BluetoothDevice)>",
						"<android.bluetooth.BluetoothHidHost: int getConnectionPolicy(android.bluetooth.BluetoothDevice)>"
					],
					"depth":1,
					"method":"<android.bluetooth.BluetoothHidHost: int getPriority(android.bluetooth.BluetoothDevice)>",
					"source":"CALLER"
				}
			],
			"keyAPIDiffClass":[],
			"callerOfSingnlar2SourceVar":{
				"<android.bluetooth.BluetoothHidHost: int getPriority(android.bluetooth.BluetoothDevice)>":"0",
				"<android.bluetooth.BluetoothHidHost: int getConnectionPolicy(android.bluetooth.BluetoothDevice)>":"0"
			}
		},
		{
			"method":"<android.bluetooth.BluetoothHidHost: int getConnectionState(android.bluetooth.BluetoothDevice)>",
			"message":"[\\s\\S]*",
			"relatedVarType":"Unknown",
			"relatedCondType":"Basic",
			"modifier":"public",
			"type":"java.lang.Throwable",
			"osVersionRelated":false,
			"resourceRelated":false,
			"assessRelated":false,
			"hardwareRelated":false,
			"manifestRelated":false,
			"conditions":"$z1 == 0, $z0 == 0, r2 == null",
			"caughtValues":"@caughtexception",
			"relatedValues":"; ; @caughtexception",
			"keyAPISameClassNum":0,
			"keyAPIDiffClassNum":0,
			"keyAPISameClass":[],
			"keyAPIDiffClass":[],
			"callerOfSingnlar2SourceVar":{}
		},
		{
			"method":"<android.bluetooth.BluetoothHidHost: int getConnectionState(android.bluetooth.BluetoothDevice)>",
			"message":"\\Qdevice must not be null\\E",
			"relatedVarType":"Parameter",
			"relatedCondType":"Basic",
			"modifier":"public",
			"type":"java.lang.IllegalArgumentException",
			"osVersionRelated":false,
			"resourceRelated":false,
			"assessRelated":false,
			"hardwareRelated":false,
			"manifestRelated":false,
			"conditions":"r10 == null",
			"paramValues":"@parameter0: android.bluetooth.BluetoothDevice",
			"relatedValues":"@parameter0: android.bluetooth.BluetoothDevice; ; ",
			"keyAPISameClassNum":0,
			"keyAPIDiffClassNum":0,
			"keyAPISameClass":[
				{
					"trace":[
						"<android.bluetooth.BluetoothHidHost: int getConnectionState(android.bluetooth.BluetoothDevice)>"
					],
					"depth":0,
					"method":"<android.bluetooth.BluetoothHidHost: int getConnectionState(android.bluetooth.BluetoothDevice)>",
					"source":"CALLER"
				}
			],
			"keyAPIDiffClass":[],
			"callerOfSingnlar2SourceVar":{
				"<android.bluetooth.BluetoothHidHost: int getConnectionState(android.bluetooth.BluetoothDevice)>":"0"
			}
		},
		{
			"method":"<android.bluetooth.BluetoothHidHost: java.util.List getDevicesMatchingConnectionStates(int[])>",
			"message":"[\\s\\S]*",
			"relatedVarType":"Unknown",
			"relatedCondType":"Basic",
			"modifier":"public",
			"type":"java.lang.Throwable",
			"osVersionRelated":false,
			"resourceRelated":false,
			"assessRelated":false,
			"hardwareRelated":false,
			"manifestRelated":false,
			"conditions":"$z0 == 0, r1 == null",
			"caughtValues":"@caughtexception",
			"relatedValues":"; ; @caughtexception",
			"keyAPISameClassNum":0,
			"keyAPIDiffClassNum":0,
			"keyAPISameClass":[],
			"keyAPIDiffClass":[],
			"callerOfSingnlar2SourceVar":{}
		},
		{
			"method":"<android.bluetooth.BluetoothHidHost: boolean getIdleTime(android.bluetooth.BluetoothDevice)>",
			"message":"[\\s\\S]*",
			"relatedVarType":"Unknown",
			"relatedCondType":"Basic",
			"modifier":"public",
			"type":"java.lang.Throwable",
			"osVersionRelated":false,
			"resourceRelated":false,
			"assessRelated":false,
			"hardwareRelated":false,
			"manifestRelated":false,
			"conditions":"$z1 == 0, $z0 == 0, r15 == null",
			"caughtValues":"@caughtexception",
			"relatedValues":"; ; @caughtexception",
			"keyAPISameClassNum":0,
			"keyAPIDiffClassNum":0,
			"keyAPISameClass":[],
			"keyAPIDiffClass":[],
			"callerOfSingnlar2SourceVar":{}
		},
		{
			"method":"<android.bluetooth.BluetoothHidHost: boolean getProtocolMode(android.bluetooth.BluetoothDevice)>",
			"message":"[\\s\\S]*",
			"relatedVarType":"Unknown",
			"relatedCondType":"Basic",
			"modifier":"public",
			"type":"java.lang.Throwable",
			"osVersionRelated":false,
			"resourceRelated":false,
			"assessRelated":false,
			"hardwareRelated":false,
			"manifestRelated":false,
			"conditions":"$z1 == 0, $z0 == 0, r1 == null",
			"caughtValues":"@caughtexception",
			"relatedValues":"; ; @caughtexception",
			"keyAPISameClassNum":0,
			"keyAPIDiffClassNum":0,
			"keyAPISameClass":[],
			"keyAPIDiffClass":[],
			"callerOfSingnlar2SourceVar":{}
		},
		{
			"method":"<android.bluetooth.BluetoothHidHost: boolean getReport(android.bluetooth.BluetoothDevice,byte,byte,int)>",
			"message":"[\\s\\S]*",
			"relatedVarType":"Unknown",
			"relatedCondType":"Basic",
			"modifier":"public",
			"type":"java.lang.Throwable",
			"osVersionRelated":false,
			"resourceRelated":false,
			"assessRelated":false,
			"hardwareRelated":false,
			"manifestRelated":false,
			"conditions":"$z1 == 0, $z0 == 0, r1 == null",
			"caughtValues":"@caughtexception",
			"relatedValues":"; ; @caughtexception",
			"keyAPISameClassNum":0,
			"keyAPIDiffClassNum":0,
			"keyAPISameClass":[],
			"keyAPIDiffClass":[],
			"callerOfSingnlar2SourceVar":{}
		},
		{
			"method":"<android.bluetooth.BluetoothHidHost: boolean sendData(android.bluetooth.BluetoothDevice,java.lang.String)>",
			"message":"[\\s\\S]*",
			"relatedVarType":"Unknown",
			"relatedCondType":"Basic",
			"modifier":"public",
			"type":"java.lang.Throwable",
			"osVersionRelated":false,
			"resourceRelated":false,
			"assessRelated":false,
			"hardwareRelated":false,
			"manifestRelated":false,
			"conditions":"$z1 == 0, $z0 == 0, r17 == null",
			"caughtValues":"@caughtexception",
			"relatedValues":"; ; @caughtexception",
			"keyAPISameClassNum":0,
			"keyAPIDiffClassNum":0,
			"keyAPISameClass":[],
			"keyAPIDiffClass":[],
			"callerOfSingnlar2SourceVar":{}
		},
		{
			"method":"<android.bluetooth.BluetoothHidHost: boolean setConnectionPolicy(android.bluetooth.BluetoothDevice,int)>",
			"message":"[\\s\\S]*",
			"relatedVarType":"Parameter",
			"relatedCondType":"Basic",
			"modifier":"public",
			"type":"java.lang.Throwable",
			"osVersionRelated":false,
			"resourceRelated":false,
			"assessRelated":false,
			"hardwareRelated":false,
			"manifestRelated":false,
			"conditions":"i0 == 0, $z1 == 0, $z0 == 0",
			"paramValues":"@parameter0: android.bluetooth.BluetoothDevice",
			"caughtValues":"@caughtexception",
			"relatedValues":"@parameter0: android.bluetooth.BluetoothDevice; ; @caughtexception",
			"keyAPISameClassNum":0,
			"keyAPIDiffClassNum":0,
			"keyAPISameClass":[
				{
					"trace":[
						"<android.bluetooth.BluetoothHidHost: boolean setConnectionPolicy(android.bluetooth.BluetoothDevice,int)>"
					],
					"depth":0,
					"method":"<android.bluetooth.BluetoothHidHost: boolean setConnectionPolicy(android.bluetooth.BluetoothDevice,int)>",
					"source":"CALLER"
				},
				{
					"trace":[
						"<android.bluetooth.BluetoothHidHost: boolean setPriority(android.bluetooth.BluetoothDevice,int)>",
						"<android.bluetooth.BluetoothHidHost: boolean setConnectionPolicy(android.bluetooth.BluetoothDevice,int)>"
					],
					"depth":1,
					"method":"<android.bluetooth.BluetoothHidHost: boolean setPriority(android.bluetooth.BluetoothDevice,int)>",
					"source":"CALLER"
				}
			],
			"keyAPIDiffClass":[],
			"callerOfSingnlar2SourceVar":{
				"<android.bluetooth.BluetoothHidHost: boolean setConnectionPolicy(android.bluetooth.BluetoothDevice,int)>":"0",
				"<android.bluetooth.BluetoothHidHost: boolean setPriority(android.bluetooth.BluetoothDevice,int)>":"0"
			}
		},
		{
			"method":"<android.bluetooth.BluetoothHidHost: boolean setConnectionPolicy(android.bluetooth.BluetoothDevice,int)>",
			"message":"\\Qdevice must not be null\\E",
			"relatedVarType":"Parameter",
			"relatedCondType":"Basic",
			"modifier":"public",
			"type":"java.lang.IllegalArgumentException",
			"osVersionRelated":false,
			"resourceRelated":false,
			"assessRelated":false,
			"hardwareRelated":false,
			"manifestRelated":false,
			"conditions":"r16 == null",
			"paramValues":"@parameter0: android.bluetooth.BluetoothDevice",
			"relatedValues":"@parameter0: android.bluetooth.BluetoothDevice; ; ",
			"keyAPISameClassNum":0,
			"keyAPIDiffClassNum":0,
			"keyAPISameClass":[
				{
					"trace":[
						"<android.bluetooth.BluetoothHidHost: boolean setConnectionPolicy(android.bluetooth.BluetoothDevice,int)>"
					],
					"depth":0,
					"method":"<android.bluetooth.BluetoothHidHost: boolean setConnectionPolicy(android.bluetooth.BluetoothDevice,int)>",
					"source":"CALLER"
				},
				{
					"trace":[
						"<android.bluetooth.BluetoothHidHost: boolean setPriority(android.bluetooth.BluetoothDevice,int)>",
						"<android.bluetooth.BluetoothHidHost: boolean setConnectionPolicy(android.bluetooth.BluetoothDevice,int)>"
					],
					"depth":1,
					"method":"<android.bluetooth.BluetoothHidHost: boolean setPriority(android.bluetooth.BluetoothDevice,int)>",
					"source":"CALLER"
				}
			],
			"keyAPIDiffClass":[],
			"callerOfSingnlar2SourceVar":{
				"<android.bluetooth.BluetoothHidHost: boolean setConnectionPolicy(android.bluetooth.BluetoothDevice,int)>":"0",
				"<android.bluetooth.BluetoothHidHost: boolean setPriority(android.bluetooth.BluetoothDevice,int)>":"0"
			}
		},
		{
			"method":"<android.bluetooth.BluetoothHidHost: boolean setIdleTime(android.bluetooth.BluetoothDevice,byte)>",
			"message":"[\\s\\S]*",
			"relatedVarType":"Unknown",
			"relatedCondType":"Basic",
			"modifier":"public",
			"type":"java.lang.Throwable",
			"osVersionRelated":false,
			"resourceRelated":false,
			"assessRelated":false,
			"hardwareRelated":false,
			"manifestRelated":false,
			"conditions":"$z1 == 0, $z0 == 0, r16 == null",
			"caughtValues":"@caughtexception",
			"relatedValues":"; ; @caughtexception",
			"keyAPISameClassNum":0,
			"keyAPIDiffClassNum":0,
			"keyAPISameClass":[],
			"keyAPIDiffClass":[],
			"callerOfSingnlar2SourceVar":{}
		},
		{
			"method":"<android.bluetooth.BluetoothHidHost: boolean setProtocolMode(android.bluetooth.BluetoothDevice,int)>",
			"message":"[\\s\\S]*",
			"relatedVarType":"Unknown",
			"relatedCondType":"Basic",
			"modifier":"public",
			"type":"java.lang.Throwable",
			"osVersionRelated":false,
			"resourceRelated":false,
			"assessRelated":false,
			"hardwareRelated":false,
			"manifestRelated":false,
			"conditions":"$z1 == 0, $z0 == 0, r15 == null",
			"caughtValues":"@caughtexception",
			"relatedValues":"; ; @caughtexception",
			"keyAPISameClassNum":0,
			"keyAPIDiffClassNum":0,
			"keyAPISameClass":[],
			"keyAPIDiffClass":[],
			"callerOfSingnlar2SourceVar":{}
		},
		{
			"method":"<android.bluetooth.BluetoothHidHost: boolean setReport(android.bluetooth.BluetoothDevice,byte,java.lang.String)>",
			"message":"[\\s\\S]*",
			"relatedVarType":"Unknown",
			"relatedCondType":"Basic",
			"modifier":"public",
			"type":"java.lang.Throwable",
			"osVersionRelated":false,
			"resourceRelated":false,
			"assessRelated":false,
			"hardwareRelated":false,
			"manifestRelated":false,
			"conditions":"$z1 == 0, $z0 == 0, r1 == null",
			"caughtValues":"@caughtexception",
			"relatedValues":"; ; @caughtexception",
			"keyAPISameClassNum":0,
			"keyAPIDiffClassNum":0,
			"keyAPISameClass":[],
			"keyAPIDiffClass":[],
			"callerOfSingnlar2SourceVar":{}
		},
		{
			"method":"<android.bluetooth.BluetoothHidHost: boolean virtualUnplug(android.bluetooth.BluetoothDevice)>",
			"message":"[\\s\\S]*",
			"relatedVarType":"Unknown",
			"relatedCondType":"Basic",
			"modifier":"public",
			"type":"java.lang.Throwable",
			"osVersionRelated":false,
			"resourceRelated":false,
			"assessRelated":false,
			"hardwareRelated":false,
			"manifestRelated":false,
			"conditions":"$z1 == 0, $z0 == 0, r15 == null",
			"caughtValues":"@caughtexception",
			"relatedValues":"; ; @caughtexception",
			"keyAPISameClassNum":0,
			"keyAPIDiffClassNum":0,
			"keyAPISameClass":[],
			"keyAPIDiffClass":[],
			"callerOfSingnlar2SourceVar":{}
		}
	]
}