{
	"exceptions":[
		{
			"method":"<android.bluetooth.le.PeriodicAdvertisingManager: void registerSync(android.bluetooth.le.ScanResult,int,int,android.bluetooth.le.PeriodicAdvertisingCallback,android.os.Handler)>",
			"message":"\\Qtimeout must be between 10 and 16384\\E",
			"relatedVarType":"Parameter",
			"relatedCondType":"Basic",
			"modifier":"public",
			"type":"java.lang.IllegalArgumentException",
			"osVersionRelated":false,
			"resourceRelated":false,
			"assessRelated":false,
			"hardwareRelated":false,
			"manifestRelated":false,
			"conditions":"i1 < 0, $i0 == 255, r16 == null",
			"paramValues":"@parameter1: int, @parameter0: android.bluetooth.le.ScanResult",
			"relatedValues":"@parameter1: int, @parameter0: android.bluetooth.le.ScanResult; ; ",
			"keyAPISameClassNum":0,
			"keyAPIDiffClassNum":0,
			"keyAPISameClass":[
				{
					"trace":[
						"<android.bluetooth.le.PeriodicAdvertisingManager: void registerSync(android.bluetooth.le.ScanResult,int,int,android.bluetooth.le.PeriodicAdvertisingCallback,android.os.Handler)>"
					],
					"depth":0,
					"method":"<android.bluetooth.le.PeriodicAdvertisingManager: void registerSync(android.bluetooth.le.ScanResult,int,int,android.bluetooth.le.PeriodicAdvertisingCallback,android.os.Handler)>",
					"source":"CALLER"
				},
				{
					"trace":[
						"<android.bluetooth.le.PeriodicAdvertisingManager: void registerSync(android.bluetooth.le.ScanResult,int,int,android.bluetooth.le.PeriodicAdvertisingCallback)>",
						"<android.bluetooth.le.PeriodicAdvertisingManager: void registerSync(android.bluetooth.le.ScanResult,int,int,android.bluetooth.le.PeriodicAdvertisingCallback,android.os.Handler)>"
					],
					"depth":1,
					"method":"<android.bluetooth.le.PeriodicAdvertisingManager: void registerSync(android.bluetooth.le.ScanResult,int,int,android.bluetooth.le.PeriodicAdvertisingCallback)>",
					"source":"CALLER"
				}
			],
			"keyAPIDiffClass":[],
			"callerOfSingnlar2SourceVar":{
				"<android.bluetooth.le.PeriodicAdvertisingManager: void registerSync(android.bluetooth.le.ScanResult,int,int,android.bluetooth.le.PeriodicAdvertisingCallback)>":"1, 0",
				"<android.bluetooth.le.PeriodicAdvertisingManager: void registerSync(android.bluetooth.le.ScanResult,int,int,android.bluetooth.le.PeriodicAdvertisingCallback,android.os.Handler)>":"1, 0"
			}
		},
		{
			"method":"<android.bluetooth.le.PeriodicAdvertisingManager: void registerSync(android.bluetooth.le.ScanResult,int,int,android.bluetooth.le.PeriodicAdvertisingCallback,android.os.Handler)>",
			"message":"\\QscanResult can't be null\\E",
			"relatedVarType":"Parameter",
			"relatedCondType":"Basic",
			"modifier":"public",
			"type":"java.lang.IllegalArgumentException",
			"osVersionRelated":false,
			"resourceRelated":false,
			"assessRelated":false,
			"hardwareRelated":false,
			"manifestRelated":false,
			"conditions":"r16 == null, r0 == null",
			"paramValues":"@parameter0: android.bluetooth.le.ScanResult, @parameter3: android.bluetooth.le.PeriodicAdvertisingCallback",
			"relatedValues":"@parameter0: android.bluetooth.le.ScanResult, @parameter3: android.bluetooth.le.PeriodicAdvertisingCallback; ; ",
			"keyAPISameClassNum":0,
			"keyAPIDiffClassNum":0,
			"keyAPISameClass":[
				{
					"trace":[
						"<android.bluetooth.le.PeriodicAdvertisingManager: void registerSync(android.bluetooth.le.ScanResult,int,int,android.bluetooth.le.PeriodicAdvertisingCallback,android.os.Handler)>"
					],
					"depth":0,
					"method":"<android.bluetooth.le.PeriodicAdvertisingManager: void registerSync(android.bluetooth.le.ScanResult,int,int,android.bluetooth.le.PeriodicAdvertisingCallback,android.os.Handler)>",
					"source":"CALLER"
				},
				{
					"trace":[
						"<android.bluetooth.le.PeriodicAdvertisingManager: void registerSync(android.bluetooth.le.ScanResult,int,int,android.bluetooth.le.PeriodicAdvertisingCallback)>",
						"<android.bluetooth.le.PeriodicAdvertisingManager: void registerSync(android.bluetooth.le.ScanResult,int,int,android.bluetooth.le.PeriodicAdvertisingCallback,android.os.Handler)>"
					],
					"depth":1,
					"method":"<android.bluetooth.le.PeriodicAdvertisingManager: void registerSync(android.bluetooth.le.ScanResult,int,int,android.bluetooth.le.PeriodicAdvertisingCallback)>",
					"source":"CALLER"
				}
			],
			"keyAPIDiffClass":[],
			"callerOfSingnlar2SourceVar":{
				"<android.bluetooth.le.PeriodicAdvertisingManager: void registerSync(android.bluetooth.le.ScanResult,int,int,android.bluetooth.le.PeriodicAdvertisingCallback)>":"0, 3",
				"<android.bluetooth.le.PeriodicAdvertisingManager: void registerSync(android.bluetooth.le.ScanResult,int,int,android.bluetooth.le.PeriodicAdvertisingCallback,android.os.Handler)>":"0, 3"
			}
		},
		{
			"method":"<android.bluetooth.le.PeriodicAdvertisingManager: void registerSync(android.bluetooth.le.ScanResult,int,int,android.bluetooth.le.PeriodicAdvertisingCallback,android.os.Handler)>",
			"message":"\\Qcallback can't be null\\E",
			"relatedVarType":"Parameter",
			"relatedCondType":"Basic",
			"modifier":"public",
			"type":"java.lang.IllegalArgumentException",
			"osVersionRelated":false,
			"resourceRelated":false,
			"assessRelated":false,
			"hardwareRelated":false,
			"manifestRelated":false,
			"conditions":"r0 == null",
			"paramValues":"@parameter3: android.bluetooth.le.PeriodicAdvertisingCallback",
			"relatedValues":"@parameter3: android.bluetooth.le.PeriodicAdvertisingCallback; ; ",
			"keyAPISameClassNum":0,
			"keyAPIDiffClassNum":0,
			"keyAPISameClass":[
				{
					"trace":[
						"<android.bluetooth.le.PeriodicAdvertisingManager: void registerSync(android.bluetooth.le.ScanResult,int,int,android.bluetooth.le.PeriodicAdvertisingCallback,android.os.Handler)>"
					],
					"depth":0,
					"method":"<android.bluetooth.le.PeriodicAdvertisingManager: void registerSync(android.bluetooth.le.ScanResult,int,int,android.bluetooth.le.PeriodicAdvertisingCallback,android.os.Handler)>",
					"source":"CALLER"
				},
				{
					"trace":[
						"<android.bluetooth.le.PeriodicAdvertisingManager: void registerSync(android.bluetooth.le.ScanResult,int,int,android.bluetooth.le.PeriodicAdvertisingCallback)>",
						"<android.bluetooth.le.PeriodicAdvertisingManager: void registerSync(android.bluetooth.le.ScanResult,int,int,android.bluetooth.le.PeriodicAdvertisingCallback,android.os.Handler)>"
					],
					"depth":1,
					"method":"<android.bluetooth.le.PeriodicAdvertisingManager: void registerSync(android.bluetooth.le.ScanResult,int,int,android.bluetooth.le.PeriodicAdvertisingCallback)>",
					"source":"CALLER"
				}
			],
			"keyAPIDiffClass":[],
			"callerOfSingnlar2SourceVar":{
				"<android.bluetooth.le.PeriodicAdvertisingManager: void registerSync(android.bluetooth.le.ScanResult,int,int,android.bluetooth.le.PeriodicAdvertisingCallback)>":"3",
				"<android.bluetooth.le.PeriodicAdvertisingManager: void registerSync(android.bluetooth.le.ScanResult,int,int,android.bluetooth.le.PeriodicAdvertisingCallback,android.os.Handler)>":"3"
			}
		},
		{
			"method":"<android.bluetooth.le.PeriodicAdvertisingManager: void registerSync(android.bluetooth.le.ScanResult,int,int,android.bluetooth.le.PeriodicAdvertisingCallback,android.os.Handler)>",
			"message":"\\Qtimeout must be between 10 and 16384\\E",
			"relatedVarType":"Parameter",
			"relatedCondType":"Basic",
			"modifier":"public",
			"type":"java.lang.IllegalArgumentException",
			"osVersionRelated":false,
			"resourceRelated":false,
			"assessRelated":false,
			"hardwareRelated":false,
			"manifestRelated":false,
			"conditions":"i2 < 10, i1 > 499, i1 < 0",
			"paramValues":"@parameter2: int, @parameter1: int",
			"relatedValues":"@parameter2: int, @parameter1: int; ; ",
			"keyAPISameClassNum":0,
			"keyAPIDiffClassNum":0,
			"keyAPISameClass":[
				{
					"trace":[
						"<android.bluetooth.le.PeriodicAdvertisingManager: void registerSync(android.bluetooth.le.ScanResult,int,int,android.bluetooth.le.PeriodicAdvertisingCallback,android.os.Handler)>"
					],
					"depth":0,
					"method":"<android.bluetooth.le.PeriodicAdvertisingManager: void registerSync(android.bluetooth.le.ScanResult,int,int,android.bluetooth.le.PeriodicAdvertisingCallback,android.os.Handler)>",
					"source":"CALLER"
				},
				{
					"trace":[
						"<android.bluetooth.le.PeriodicAdvertisingManager: void registerSync(android.bluetooth.le.ScanResult,int,int,android.bluetooth.le.PeriodicAdvertisingCallback)>",
						"<android.bluetooth.le.PeriodicAdvertisingManager: void registerSync(android.bluetooth.le.ScanResult,int,int,android.bluetooth.le.PeriodicAdvertisingCallback,android.os.Handler)>"
					],
					"depth":1,
					"method":"<android.bluetooth.le.PeriodicAdvertisingManager: void registerSync(android.bluetooth.le.ScanResult,int,int,android.bluetooth.le.PeriodicAdvertisingCallback)>",
					"source":"CALLER"
				}
			],
			"keyAPIDiffClass":[],
			"callerOfSingnlar2SourceVar":{
				"<android.bluetooth.le.PeriodicAdvertisingManager: void registerSync(android.bluetooth.le.ScanResult,int,int,android.bluetooth.le.PeriodicAdvertisingCallback)>":"2, 1",
				"<android.bluetooth.le.PeriodicAdvertisingManager: void registerSync(android.bluetooth.le.ScanResult,int,int,android.bluetooth.le.PeriodicAdvertisingCallback,android.os.Handler)>":"2, 1"
			}
		},
		{
			"method":"<android.bluetooth.le.PeriodicAdvertisingManager: void registerSync(android.bluetooth.le.ScanResult,int,int,android.bluetooth.le.PeriodicAdvertisingCallback,android.os.Handler)>",
			"message":"\\QscanResult must contain a valid sid\\E",
			"relatedVarType":"Parameter",
			"relatedCondType":"Basic",
			"modifier":"public",
			"type":"java.lang.IllegalArgumentException",
			"osVersionRelated":false,
			"resourceRelated":false,
			"assessRelated":false,
			"hardwareRelated":false,
			"manifestRelated":false,
			"conditions":"$i0 == 255, r16 == null, r0 == null",
			"paramValues":"@parameter0: android.bluetooth.le.ScanResult, @parameter3: android.bluetooth.le.PeriodicAdvertisingCallback",
			"relatedValues":"@parameter0: android.bluetooth.le.ScanResult, @parameter3: android.bluetooth.le.PeriodicAdvertisingCallback; ; ",
			"keyAPISameClassNum":0,
			"keyAPIDiffClassNum":0,
			"keyAPISameClass":[
				{
					"trace":[
						"<android.bluetooth.le.PeriodicAdvertisingManager: void registerSync(android.bluetooth.le.ScanResult,int,int,android.bluetooth.le.PeriodicAdvertisingCallback,android.os.Handler)>"
					],
					"depth":0,
					"method":"<android.bluetooth.le.PeriodicAdvertisingManager: void registerSync(android.bluetooth.le.ScanResult,int,int,android.bluetooth.le.PeriodicAdvertisingCallback,android.os.Handler)>",
					"source":"CALLER"
				},
				{
					"trace":[
						"<android.bluetooth.le.PeriodicAdvertisingManager: void registerSync(android.bluetooth.le.ScanResult,int,int,android.bluetooth.le.PeriodicAdvertisingCallback)>",
						"<android.bluetooth.le.PeriodicAdvertisingManager: void registerSync(android.bluetooth.le.ScanResult,int,int,android.bluetooth.le.PeriodicAdvertisingCallback,android.os.Handler)>"
					],
					"depth":1,
					"method":"<android.bluetooth.le.PeriodicAdvertisingManager: void registerSync(android.bluetooth.le.ScanResult,int,int,android.bluetooth.le.PeriodicAdvertisingCallback)>",
					"source":"CALLER"
				}
			],
			"keyAPIDiffClass":[],
			"callerOfSingnlar2SourceVar":{
				"<android.bluetooth.le.PeriodicAdvertisingManager: void registerSync(android.bluetooth.le.ScanResult,int,int,android.bluetooth.le.PeriodicAdvertisingCallback)>":"0, 3",
				"<android.bluetooth.le.PeriodicAdvertisingManager: void registerSync(android.bluetooth.le.ScanResult,int,int,android.bluetooth.le.PeriodicAdvertisingCallback,android.os.Handler)>":"0, 3"
			}
		},
		{
			"method":"<android.bluetooth.le.PeriodicAdvertisingManager: void unregisterSync(android.bluetooth.le.PeriodicAdvertisingCallback)>",
			"message":"\\Qcallback can't be null\\E",
			"relatedVarType":"Parameter",
			"relatedCondType":"Basic",
			"modifier":"public",
			"type":"java.lang.IllegalArgumentException",
			"osVersionRelated":false,
			"resourceRelated":false,
			"assessRelated":false,
			"hardwareRelated":false,
			"manifestRelated":false,
			"conditions":"r9 == null",
			"paramValues":"@parameter0: android.bluetooth.le.PeriodicAdvertisingCallback",
			"relatedValues":"@parameter0: android.bluetooth.le.PeriodicAdvertisingCallback; ; ",
			"keyAPISameClassNum":0,
			"keyAPIDiffClassNum":0,
			"keyAPISameClass":[
				{
					"trace":[
						"<android.bluetooth.le.PeriodicAdvertisingManager: void unregisterSync(android.bluetooth.le.PeriodicAdvertisingCallback)>"
					],
					"depth":0,
					"method":"<android.bluetooth.le.PeriodicAdvertisingManager: void unregisterSync(android.bluetooth.le.PeriodicAdvertisingCallback)>",
					"source":"CALLER"
				}
			],
			"keyAPIDiffClass":[],
			"callerOfSingnlar2SourceVar":{
				"<android.bluetooth.le.PeriodicAdvertisingManager: void unregisterSync(android.bluetooth.le.PeriodicAdvertisingCallback)>":"0"
			}
		},
		{
			"method":"<android.bluetooth.le.PeriodicAdvertisingManager: void unregisterSync(android.bluetooth.le.PeriodicAdvertisingCallback)>",
			"message":"\\Qcallback was not properly registered\\E",
			"relatedVarType":"ParaAndField",
			"relatedCondType":"Basic",
			"modifier":"public",
			"type":"java.lang.IllegalArgumentException",
			"osVersionRelated":false,
			"resourceRelated":false,
			"assessRelated":false,
			"hardwareRelated":false,
			"manifestRelated":false,
			"conditions":"r10 == null, r9 == null",
			"paramValues":"@parameter0: android.bluetooth.le.PeriodicAdvertisingCallback",
			"fieldValues":"<android.bluetooth.le.PeriodicAdvertisingManager: java.util.Map mCallbackWrappers>",
			"relatedValues":"@parameter0: android.bluetooth.le.PeriodicAdvertisingCallback; <android.bluetooth.le.PeriodicAdvertisingManager: java.util.Map mCallbackWrappers>; ",
			"keyAPISameClassNum":4,
			"keyAPIDiffClassNum":1,
			"keyAPISameClass":[
				{
					"trace":[
						"<android.bluetooth.le.PeriodicAdvertisingManager: void unregisterSync(android.bluetooth.le.PeriodicAdvertisingCallback)>"
					],
					"depth":1,
					"method":"<android.bluetooth.le.PeriodicAdvertisingManager: void <init>(android.bluetooth.IBluetoothManager)>",
					"source":"FIELD"
				},
				{
					"trace":[
						"<android.bluetooth.le.PeriodicAdvertisingManager: void unregisterSync(android.bluetooth.le.PeriodicAdvertisingCallback)>"
					],
					"depth":1,
					"method":"<android.bluetooth.le.PeriodicAdvertisingManager: void registerSync(android.bluetooth.le.ScanResult,int,int,android.bluetooth.le.PeriodicAdvertisingCallback,android.os.Handler)>",
					"source":"FIELD"
				},
				{
					"trace":[
						"<android.bluetooth.le.PeriodicAdvertisingManager: void unregisterSync(android.bluetooth.le.PeriodicAdvertisingCallback)>"
					],
					"depth":1,
					"method":"<android.bluetooth.le.PeriodicAdvertisingManager: void unregisterSync(android.bluetooth.le.PeriodicAdvertisingCallback)>",
					"source":"FIELD"
				},
				{
					"trace":[
						"<android.bluetooth.le.PeriodicAdvertisingManager: void registerSync(android.bluetooth.le.ScanResult,int,int,android.bluetooth.le.PeriodicAdvertisingCallback)>",
						"<android.bluetooth.le.PeriodicAdvertisingManager: void registerSync(android.bluetooth.le.ScanResult,int,int,android.bluetooth.le.PeriodicAdvertisingCallback,android.os.Handler)>",
						"key field: <android.bluetooth.le.PeriodicAdvertisingManager: java.util.Map mCallbackWrappers>",
						"<android.bluetooth.le.PeriodicAdvertisingManager: void unregisterSync(android.bluetooth.le.PeriodicAdvertisingCallback)>"
					],
					"depth":2,
					"method":"<android.bluetooth.le.PeriodicAdvertisingManager: void registerSync(android.bluetooth.le.ScanResult,int,int,android.bluetooth.le.PeriodicAdvertisingCallback)>",
					"source":"FIELDCALLER"
				}
			],
			"keyAPIDiffClass":[
				{
					"trace":[
						"<android.bluetooth.BluetoothAdapter: android.bluetooth.le.PeriodicAdvertisingManager getPeriodicAdvertisingManager()>",
						"<android.bluetooth.le.PeriodicAdvertisingManager: void <init>(android.bluetooth.IBluetoothManager)>",
						"key field: <android.bluetooth.le.PeriodicAdvertisingManager: java.util.Map mCallbackWrappers>",
						"<android.bluetooth.le.PeriodicAdvertisingManager: void unregisterSync(android.bluetooth.le.PeriodicAdvertisingCallback)>"
					],
					"depth":2,
					"method":"<android.bluetooth.BluetoothAdapter: android.bluetooth.le.PeriodicAdvertisingManager getPeriodicAdvertisingManager()>",
					"source":"FIELDCALLER"
				}
			],
			"callerOfSingnlar2SourceVar":{
				"<android.bluetooth.le.PeriodicAdvertisingManager: void unregisterSync(android.bluetooth.le.PeriodicAdvertisingCallback)>":"0"
			}
		}
	]
}