{
	"exceptions":[
		{
			"method":"<android.app.timezonedetector.ManualTimeZoneSuggestion: android.app.timezonedetector.ManualTimeZoneSuggestion parseCommandLineArg(android.os.ShellCommand)>",
			"message":"\\QUnknown option: \\E[\\s\\S]*",
			"relatedVarType":"Parameter",
			"relatedCondType":"Basic",
			"modifier":"public",
			"type":"java.lang.IllegalArgumentException",
			"osVersionRelated":false,
			"resourceRelated":false,
			"assessRelated":false,
			"hardwareRelated":false,
			"manifestRelated":false,
			"conditions":"b1 != 0, r0 == null",
			"paramValues":"@parameter0: android.os.ShellCommand",
			"relatedValues":"@parameter0: android.os.ShellCommand; ; ",
			"keyAPISameClassNum":0,
			"keyAPIDiffClassNum":0,
			"keyAPISameClass":[
				{
					"trace":[
						"<android.app.timezonedetector.ManualTimeZoneSuggestion: android.app.timezonedetector.ManualTimeZoneSuggestion parseCommandLineArg(android.os.ShellCommand)>"
					],
					"depth":0,
					"method":"<android.app.timezonedetector.ManualTimeZoneSuggestion: android.app.timezonedetector.ManualTimeZoneSuggestion parseCommandLineArg(android.os.ShellCommand)>",
					"source":"CALLER"
				}
			],
			"keyAPIDiffClass":[],
			"callerOfSingnlar2SourceVar":{
				"<android.app.timezonedetector.ManualTimeZoneSuggestion: android.app.timezonedetector.ManualTimeZoneSuggestion parseCommandLineArg(android.os.ShellCommand)>":"0"
			}
		}
	]
}