{
	"exceptions":[
		{
			"method":"<android.bluetooth.BluetoothGatt: boolean connect(java.lang.Boolean,android.bluetooth.BluetoothGattCallback,android.os.Handler)>",
			"message":"\\QNot idle\\E",
			"relatedVarType":"Field",
			"relatedCondType":"Basic",
			"modifier":"default",
			"type":"java.lang.IllegalStateException",
			"osVersionRelated":false,
			"resourceRelated":false,
			"assessRelated":false,
			"hardwareRelated":false,
			"manifestRelated":false,
			"conditions":"$i1 != 0",
			"fieldValues":"<android.bluetooth.BluetoothGatt: int mConnState>",
			"relatedValues":"; <android.bluetooth.BluetoothGatt: int mConnState>; ",
			"keyAPISameClassNum":1,
			"keyAPIDiffClassNum":9,
			"keyAPISameClass":[
				{
					"trace":[
						"<android.bluetooth.BluetoothGatt: boolean connect(java.lang.Boolean,android.bluetooth.BluetoothGattCallback,android.os.Handler)>"
					],
					"depth":1,
					"method":"<android.bluetooth.BluetoothGatt: void close()>",
					"source":"FIELD"
				}
			],
			"keyAPIDiffClass":[
				{
					"trace":[
						"<android.bluetooth.BluetoothDevice: android.bluetooth.BluetoothGatt connectGatt(android.content.Context,boolean,android.bluetooth.BluetoothGattCallback,int,boolean,int,android.os.Handler)>",
						"<android.bluetooth.BluetoothGatt: void <init>(android.bluetooth.IBluetoothGatt,android.bluetooth.BluetoothDevice,int,boolean,int)>",
						"key field: <android.bluetooth.BluetoothGatt: int mConnState>",
						"<android.bluetooth.BluetoothGatt: boolean connect(java.lang.Boolean,android.bluetooth.BluetoothGattCallback,android.os.Handler)>"
					],
					"depth":2,
					"method":"<android.bluetooth.BluetoothDevice: android.bluetooth.BluetoothGatt connectGatt(android.content.Context,boolean,android.bluetooth.BluetoothGattCallback,int,boolean,int,android.os.Handler)>",
					"source":"FIELDCALLER"
				},
				{
					"trace":[
						"<android.bluetooth.BluetoothGatt$1: void onClientConnectionState(int,int,boolean,java.lang.String)>",
						"<android.bluetooth.BluetoothGatt: int access$402(android.bluetooth.BluetoothGatt,int)>",
						"key field: <android.bluetooth.BluetoothGatt: int mConnState>",
						"<android.bluetooth.BluetoothGatt: boolean connect(java.lang.Boolean,android.bluetooth.BluetoothGattCallback,android.os.Handler)>"
					],
					"depth":2,
					"method":"<android.bluetooth.BluetoothGatt$1: void onClientConnectionState(int,int,boolean,java.lang.String)>",
					"source":"FIELDCALLER"
				},
				{
					"trace":[
						"<android.bluetooth.BluetoothGatt$1: void onClientRegistered(int,int)>",
						"<android.bluetooth.BluetoothGatt: int access$402(android.bluetooth.BluetoothGatt,int)>",
						"key field: <android.bluetooth.BluetoothGatt: int mConnState>",
						"<android.bluetooth.BluetoothGatt: boolean connect(java.lang.Boolean,android.bluetooth.BluetoothGattCallback,android.os.Handler)>"
					],
					"depth":2,
					"method":"<android.bluetooth.BluetoothGatt$1: void onClientRegistered(int,int)>",
					"source":"FIELDCALLER"
				},
				{
					"trace":[
						"<android.bluetooth.BluetoothAdapter: void closeProfileProxy(int,android.bluetooth.BluetoothProfile)>",
						"<android.bluetooth.BluetoothGatt: void close()>",
						"key field: <android.bluetooth.BluetoothGatt: int mConnState>",
						"<android.bluetooth.BluetoothGatt: boolean connect(java.lang.Boolean,android.bluetooth.BluetoothGattCallback,android.os.Handler)>"
					],
					"depth":2,
					"method":"<android.bluetooth.BluetoothAdapter: void closeProfileProxy(int,android.bluetooth.BluetoothProfile)>",
					"source":"FIELDCALLER"
				},
				{
					"trace":[
						"<android.bluetooth.BluetoothDevice: android.bluetooth.BluetoothGatt connectGatt(android.content.Context,boolean,android.bluetooth.BluetoothGattCallback,int,int,android.os.Handler)>",
						"<android.bluetooth.BluetoothDevice: android.bluetooth.BluetoothGatt connectGatt(android.content.Context,boolean,android.bluetooth.BluetoothGattCallback,int,boolean,int,android.os.Handler)>",
						"<android.bluetooth.BluetoothGatt: void <init>(android.bluetooth.IBluetoothGatt,android.bluetooth.BluetoothDevice,int,boolean,int)>",
						"key field: <android.bluetooth.BluetoothGatt: int mConnState>",
						"<android.bluetooth.BluetoothGatt: boolean connect(java.lang.Boolean,android.bluetooth.BluetoothGattCallback,android.os.Handler)>"
					],
					"depth":3,
					"method":"<android.bluetooth.BluetoothDevice: android.bluetooth.BluetoothGatt connectGatt(android.content.Context,boolean,android.bluetooth.BluetoothGattCallback,int,int,android.os.Handler)>",
					"source":"FIELDCALLER"
				},
				{
					"trace":[
						"<android.bluetooth.IBluetoothGattCallback$Stub: boolean onTransact(int,android.os.Parcel,android.os.Parcel,int)>",
						"<android.bluetooth.BluetoothGatt$1: void onClientConnectionState(int,int,boolean,java.lang.String)>",
						"<android.bluetooth.BluetoothGatt: int access$402(android.bluetooth.BluetoothGatt,int)>",
						"key field: <android.bluetooth.BluetoothGatt: int mConnState>",
						"<android.bluetooth.BluetoothGatt: boolean connect(java.lang.Boolean,android.bluetooth.BluetoothGattCallback,android.os.Handler)>"
					],
					"depth":3,
					"method":"<android.bluetooth.IBluetoothGattCallback$Stub: boolean onTransact(int,android.os.Parcel,android.os.Parcel,int)>",
					"source":"FIELDCALLER"
				},
				{
					"trace":[
						"<android.bluetooth.BluetoothDevice: android.bluetooth.BluetoothGatt connectGatt(android.content.Context,boolean,android.bluetooth.BluetoothGattCallback,int,int)>",
						"<android.bluetooth.BluetoothDevice: android.bluetooth.BluetoothGatt connectGatt(android.content.Context,boolean,android.bluetooth.BluetoothGattCallback,int,int,android.os.Handler)>",
						"<android.bluetooth.BluetoothDevice: android.bluetooth.BluetoothGatt connectGatt(android.content.Context,boolean,android.bluetooth.BluetoothGattCallback,int,boolean,int,android.os.Handler)>",
						"<android.bluetooth.BluetoothGatt: void <init>(android.bluetooth.IBluetoothGatt,android.bluetooth.BluetoothDevice,int,boolean,int)>",
						"key field: <android.bluetooth.BluetoothGatt: int mConnState>",
						"<android.bluetooth.BluetoothGatt: boolean connect(java.lang.Boolean,android.bluetooth.BluetoothGattCallback,android.os.Handler)>"
					],
					"depth":4,
					"method":"<android.bluetooth.BluetoothDevice: android.bluetooth.BluetoothGatt connectGatt(android.content.Context,boolean,android.bluetooth.BluetoothGattCallback,int,int)>",
					"source":"FIELDCALLER"
				},
				{
					"trace":[
						"<android.bluetooth.BluetoothDevice: android.bluetooth.BluetoothGatt connectGatt(android.content.Context,boolean,android.bluetooth.BluetoothGattCallback,int)>",
						"<android.bluetooth.BluetoothDevice: android.bluetooth.BluetoothGatt connectGatt(android.content.Context,boolean,android.bluetooth.BluetoothGattCallback,int,int)>",
						"<android.bluetooth.BluetoothDevice: android.bluetooth.BluetoothGatt connectGatt(android.content.Context,boolean,android.bluetooth.BluetoothGattCallback,int,int,android.os.Handler)>",
						"<android.bluetooth.BluetoothDevice: android.bluetooth.BluetoothGatt connectGatt(android.content.Context,boolean,android.bluetooth.BluetoothGattCallback,int,boolean,int,android.os.Handler)>",
						"<android.bluetooth.BluetoothGatt: void <init>(android.bluetooth.IBluetoothGatt,android.bluetooth.BluetoothDevice,int,boolean,int)>",
						"key field: <android.bluetooth.BluetoothGatt: int mConnState>",
						"<android.bluetooth.BluetoothGatt: boolean connect(java.lang.Boolean,android.bluetooth.BluetoothGattCallback,android.os.Handler)>"
					],
					"depth":5,
					"method":"<android.bluetooth.BluetoothDevice: android.bluetooth.BluetoothGatt connectGatt(android.content.Context,boolean,android.bluetooth.BluetoothGattCallback,int)>",
					"source":"FIELDCALLER"
				},
				{
					"trace":[
						"<android.bluetooth.BluetoothDevice: android.bluetooth.BluetoothGatt connectGatt(android.content.Context,boolean,android.bluetooth.BluetoothGattCallback)>",
						"<android.bluetooth.BluetoothDevice: android.bluetooth.BluetoothGatt connectGatt(android.content.Context,boolean,android.bluetooth.BluetoothGattCallback,int)>",
						"<android.bluetooth.BluetoothDevice: android.bluetooth.BluetoothGatt connectGatt(android.content.Context,boolean,android.bluetooth.BluetoothGattCallback,int,int)>",
						"<android.bluetooth.BluetoothDevice: android.bluetooth.BluetoothGatt connectGatt(android.content.Context,boolean,android.bluetooth.BluetoothGattCallback,int,int,android.os.Handler)>",
						"<android.bluetooth.BluetoothDevice: android.bluetooth.BluetoothGatt connectGatt(android.content.Context,boolean,android.bluetooth.BluetoothGattCallback,int,boolean,int,android.os.Handler)>",
						"<android.bluetooth.BluetoothGatt: void <init>(android.bluetooth.IBluetoothGatt,android.bluetooth.BluetoothDevice,int,boolean,int)>",
						"key field: <android.bluetooth.BluetoothGatt: int mConnState>",
						"<android.bluetooth.BluetoothGatt: boolean connect(java.lang.Boolean,android.bluetooth.BluetoothGattCallback,android.os.Handler)>"
					],
					"depth":6,
					"method":"<android.bluetooth.BluetoothDevice: android.bluetooth.BluetoothGatt connectGatt(android.content.Context,boolean,android.bluetooth.BluetoothGattCallback)>",
					"source":"FIELDCALLER"
				}
			],
			"callerOfSingnlar2SourceVar":{}
		},
		{
			"method":"<android.bluetooth.BluetoothGatt: java.util.List getConnectedDevices()>",
			"message":"\\QUse BluetoothManager#getConnectedDevices instead.\\E",
			"relatedVarType":"Empty",
			"relatedCondType":"Empty",
			"modifier":"public",
			"type":"java.lang.UnsupportedOperationException",
			"osVersionRelated":false,
			"resourceRelated":false,
			"assessRelated":false,
			"hardwareRelated":false,
			"manifestRelated":false,
			"keyAPISameClassNum":0,
			"keyAPIDiffClassNum":0,
			"keyAPISameClass":[],
			"keyAPIDiffClass":[],
			"callerOfSingnlar2SourceVar":{}
		},
		{
			"method":"<android.bluetooth.BluetoothGatt: int getConnectionState(android.bluetooth.BluetoothDevice)>",
			"message":"\\QUse BluetoothManager#getConnectionState instead.\\E",
			"relatedVarType":"Empty",
			"relatedCondType":"Empty",
			"modifier":"public",
			"type":"java.lang.UnsupportedOperationException",
			"osVersionRelated":false,
			"resourceRelated":false,
			"assessRelated":false,
			"hardwareRelated":false,
			"manifestRelated":false,
			"keyAPISameClassNum":0,
			"keyAPIDiffClassNum":0,
			"keyAPISameClass":[],
			"keyAPIDiffClass":[],
			"callerOfSingnlar2SourceVar":{}
		},
		{
			"method":"<android.bluetooth.BluetoothGatt: java.util.List getDevicesMatchingConnectionStates(int[])>",
			"message":"\\QUse BluetoothManager#getDevicesMatchingConnectionStates instead.\\E",
			"relatedVarType":"Empty",
			"relatedCondType":"Empty",
			"modifier":"public",
			"type":"java.lang.UnsupportedOperationException",
			"osVersionRelated":false,
			"resourceRelated":false,
			"assessRelated":false,
			"hardwareRelated":false,
			"manifestRelated":false,
			"keyAPISameClassNum":0,
			"keyAPIDiffClassNum":0,
			"keyAPISameClass":[],
			"keyAPIDiffClass":[],
			"callerOfSingnlar2SourceVar":{}
		},
		{
			"method":"<android.bluetooth.BluetoothGatt: boolean requestConnectionPriority(int)>",
			"message":"\\QconnectionPriority not within valid range\\E",
			"relatedVarType":"Parameter",
			"relatedCondType":"Basic",
			"modifier":"public",
			"type":"java.lang.IllegalArgumentException",
			"osVersionRelated":false,
			"resourceRelated":false,
			"assessRelated":false,
			"hardwareRelated":false,
			"manifestRelated":false,
			"conditions":"i0 < 0, i0 > 2",
			"paramValues":"@parameter0: int",
			"relatedValues":"@parameter0: int; ; ",
			"keyAPISameClassNum":0,
			"keyAPIDiffClassNum":0,
			"keyAPISameClass":[
				{
					"trace":[
						"<android.bluetooth.BluetoothGatt: boolean requestConnectionPriority(int)>"
					],
					"depth":0,
					"method":"<android.bluetooth.BluetoothGatt: boolean requestConnectionPriority(int)>",
					"source":"CALLER"
				}
			],
			"keyAPIDiffClass":[],
			"callerOfSingnlar2SourceVar":{
				"<android.bluetooth.BluetoothGatt: boolean requestConnectionPriority(int)>":"0"
			}
		}
	]
}