{
	"exceptions":[
		{
			"method":"<android.app.job.JobServiceEngine$JobHandler: void handleMessage(android.os.Message)>",
			"message":"[\\s\\S]*",
			"relatedVarType":"Parameter",
			"relatedCondType":"Basic",
			"modifier":"public",
			"type":"java.lang.RuntimeException",
			"osVersionRelated":false,
			"resourceRelated":false,
			"assessRelated":false,
			"hardwareRelated":false,
			"manifestRelated":false,
			"conditions":"i0 == 0",
			"paramValues":"@parameter0: android.os.Message",
			"caughtValues":"@caughtexception",
			"relatedValues":"@parameter0: android.os.Message; ; @caughtexception",
			"keyAPISameClassNum":0,
			"keyAPIDiffClassNum":0,
			"keyAPISameClass":[
				{
					"trace":[
						"<android.app.job.JobServiceEngine$JobHandler: void handleMessage(android.os.Message)>"
					],
					"depth":0,
					"method":"<android.app.job.JobServiceEngine$JobHandler: void handleMessage(android.os.Message)>",
					"source":"CALLER"
				}
			],
			"keyAPIDiffClass":[],
			"callerOfSingnlar2SourceVar":{
				"<android.app.job.JobServiceEngine$JobHandler: void handleMessage(android.os.Message)>":"0"
			}
		},
		{
			"method":"<android.app.job.JobServiceEngine$JobHandler: void handleMessage(android.os.Message)>",
			"message":"[\\s\\S]*",
			"relatedVarType":"Parameter",
			"relatedCondType":"Basic",
			"modifier":"public",
			"type":"java.lang.RuntimeException",
			"osVersionRelated":false,
			"resourceRelated":false,
			"assessRelated":false,
			"hardwareRelated":false,
			"manifestRelated":false,
			"conditions":"i0 == 1, i0 == 0",
			"paramValues":"@parameter0: android.os.Message",
			"caughtValues":"@caughtexception",
			"relatedValues":"@parameter0: android.os.Message; ; @caughtexception",
			"keyAPISameClassNum":0,
			"keyAPIDiffClassNum":0,
			"keyAPISameClass":[
				{
					"trace":[
						"<android.app.job.JobServiceEngine$JobHandler: void handleMessage(android.os.Message)>"
					],
					"depth":0,
					"method":"<android.app.job.JobServiceEngine$JobHandler: void handleMessage(android.os.Message)>",
					"source":"CALLER"
				}
			],
			"keyAPIDiffClass":[],
			"callerOfSingnlar2SourceVar":{
				"<android.app.job.JobServiceEngine$JobHandler: void handleMessage(android.os.Message)>":"0"
			}
		}
	]
}