{
	"exceptions":[
		{
			"method":"<android.database.sqlite.SQLiteQueryBuilder: java.lang.String buildQueryString(boolean,java.lang.String,java.lang.String[],java.lang.String,java.lang.String,java.lang.String,java.lang.String,java.lang.String)>",
			"message":"\\QHAVING clauses are only permitted when using a groupBy clause\\E",
			"relatedVarType":"Parameter",
			"relatedCondType":"Basic",
			"modifier":"public",
			"type":"java.lang.IllegalArgumentException",
			"osVersionRelated":false,
			"resourceRelated":false,
			"assessRelated":false,
			"hardwareRelated":false,
			"manifestRelated":false,
			"conditions":"$z2 == 0, $z0 == 0",
			"paramValues":"@parameter5: java.lang.String, @parameter4: java.lang.String",
			"relatedValues":"@parameter5: java.lang.String, @parameter4: java.lang.String; ; ",
			"keyAPISameClassNum":0,
			"keyAPIDiffClassNum":0,
			"keyAPISameClass":[
				{
					"trace":[
						"<android.database.sqlite.SQLiteQueryBuilder: java.lang.String buildQueryString(boolean,java.lang.String,java.lang.String[],java.lang.String,java.lang.String,java.lang.String,java.lang.String,java.lang.String)>"
					],
					"depth":0,
					"method":"<android.database.sqlite.SQLiteQueryBuilder: java.lang.String buildQueryString(boolean,java.lang.String,java.lang.String[],java.lang.String,java.lang.String,java.lang.String,java.lang.String,java.lang.String)>",
					"source":"CALLER"
				},
				{
					"trace":[
						"<android.database.sqlite.SQLiteQueryBuilder: java.lang.String buildQuery(java.lang.String[],java.lang.String,java.lang.String,java.lang.String,java.lang.String,java.lang.String)>",
						"<android.database.sqlite.SQLiteQueryBuilder: java.lang.String buildQueryString(boolean,java.lang.String,java.lang.String[],java.lang.String,java.lang.String,java.lang.String,java.lang.String,java.lang.String)>"
					],
					"depth":1,
					"method":"<android.database.sqlite.SQLiteQueryBuilder: java.lang.String buildQuery(java.lang.String[],java.lang.String,java.lang.String,java.lang.String,java.lang.String,java.lang.String)>",
					"source":"CALLER"
				},
				{
					"trace":[
						"<android.database.sqlite.SQLiteQueryBuilder: java.lang.String buildQuery(java.lang.String[],java.lang.String,java.lang.String[],java.lang.String,java.lang.String,java.lang.String,java.lang.String)>",
						"<android.database.sqlite.SQLiteQueryBuilder: java.lang.String buildQuery(java.lang.String[],java.lang.String,java.lang.String,java.lang.String,java.lang.String,java.lang.String)>",
						"<android.database.sqlite.SQLiteQueryBuilder: java.lang.String buildQueryString(boolean,java.lang.String,java.lang.String[],java.lang.String,java.lang.String,java.lang.String,java.lang.String,java.lang.String)>"
					],
					"depth":2,
					"method":"<android.database.sqlite.SQLiteQueryBuilder: java.lang.String buildQuery(java.lang.String[],java.lang.String,java.lang.String[],java.lang.String,java.lang.String,java.lang.String,java.lang.String)>",
					"source":"CALLER"
				},
				{
					"trace":[
						"<android.database.sqlite.SQLiteQueryBuilder: android.database.Cursor query(android.database.sqlite.SQLiteDatabase,java.lang.String[],java.lang.String,java.lang.String[],java.lang.String,java.lang.String,java.lang.String,java.lang.String,android.os.CancellationSignal)>",
						"<android.database.sqlite.SQLiteQueryBuilder: java.lang.String buildQuery(java.lang.String[],java.lang.String,java.lang.String,java.lang.String,java.lang.String,java.lang.String)>",
						"<android.database.sqlite.SQLiteQueryBuilder: java.lang.String buildQueryString(boolean,java.lang.String,java.lang.String[],java.lang.String,java.lang.String,java.lang.String,java.lang.String,java.lang.String)>"
					],
					"depth":2,
					"method":"<android.database.sqlite.SQLiteQueryBuilder: android.database.Cursor query(android.database.sqlite.SQLiteDatabase,java.lang.String[],java.lang.String,java.lang.String[],java.lang.String,java.lang.String,java.lang.String,java.lang.String,android.os.CancellationSignal)>",
					"source":"CALLER"
				},
				{
					"trace":[
						"<android.database.sqlite.SQLiteQueryBuilder: java.lang.String buildUnionSubQuery(java.lang.String,java.lang.String[],java.util.Set,int,java.lang.String,java.lang.String,java.lang.String,java.lang.String)>",
						"<android.database.sqlite.SQLiteQueryBuilder: java.lang.String buildQuery(java.lang.String[],java.lang.String,java.lang.String,java.lang.String,java.lang.String,java.lang.String)>",
						"<android.database.sqlite.SQLiteQueryBuilder: java.lang.String buildQueryString(boolean,java.lang.String,java.lang.String[],java.lang.String,java.lang.String,java.lang.String,java.lang.String,java.lang.String)>"
					],
					"depth":2,
					"method":"<android.database.sqlite.SQLiteQueryBuilder: java.lang.String buildUnionSubQuery(java.lang.String,java.lang.String[],java.util.Set,int,java.lang.String,java.lang.String,java.lang.String,java.lang.String)>",
					"source":"CALLER"
				},
				{
					"trace":[
						"<android.database.sqlite.SQLiteQueryBuilder: android.database.Cursor query(android.database.sqlite.SQLiteDatabase,java.lang.String[],java.lang.String,java.lang.String[],java.lang.String,java.lang.String,java.lang.String)>",
						"<android.database.sqlite.SQLiteQueryBuilder: android.database.Cursor query(android.database.sqlite.SQLiteDatabase,java.lang.String[],java.lang.String,java.lang.String[],java.lang.String,java.lang.String,java.lang.String,java.lang.String,android.os.CancellationSignal)>",
						"<android.database.sqlite.SQLiteQueryBuilder: java.lang.String buildQuery(java.lang.String[],java.lang.String,java.lang.String,java.lang.String,java.lang.String,java.lang.String)>",
						"<android.database.sqlite.SQLiteQueryBuilder: java.lang.String buildQueryString(boolean,java.lang.String,java.lang.String[],java.lang.String,java.lang.String,java.lang.String,java.lang.String,java.lang.String)>"
					],
					"depth":3,
					"method":"<android.database.sqlite.SQLiteQueryBuilder: android.database.Cursor query(android.database.sqlite.SQLiteDatabase,java.lang.String[],java.lang.String,java.lang.String[],java.lang.String,java.lang.String,java.lang.String)>",
					"source":"CALLER"
				},
				{
					"trace":[
						"<android.database.sqlite.SQLiteQueryBuilder: android.database.Cursor query(android.database.sqlite.SQLiteDatabase,java.lang.String[],java.lang.String,java.lang.String[],java.lang.String,java.lang.String,java.lang.String,java.lang.String)>",
						"<android.database.sqlite.SQLiteQueryBuilder: android.database.Cursor query(android.database.sqlite.SQLiteDatabase,java.lang.String[],java.lang.String,java.lang.String[],java.lang.String,java.lang.String,java.lang.String,java.lang.String,android.os.CancellationSignal)>",
						"<android.database.sqlite.SQLiteQueryBuilder: java.lang.String buildQuery(java.lang.String[],java.lang.String,java.lang.String,java.lang.String,java.lang.String,java.lang.String)>",
						"<android.database.sqlite.SQLiteQueryBuilder: java.lang.String buildQueryString(boolean,java.lang.String,java.lang.String[],java.lang.String,java.lang.String,java.lang.String,java.lang.String,java.lang.String)>"
					],
					"depth":3,
					"method":"<android.database.sqlite.SQLiteQueryBuilder: android.database.Cursor query(android.database.sqlite.SQLiteDatabase,java.lang.String[],java.lang.String,java.lang.String[],java.lang.String,java.lang.String,java.lang.String,java.lang.String)>",
					"source":"CALLER"
				},
				{
					"trace":[
						"<android.database.sqlite.SQLiteQueryBuilder: java.lang.String buildUnionSubQuery(java.lang.String,java.lang.String[],java.util.Set,int,java.lang.String,java.lang.String,java.lang.String[],java.lang.String,java.lang.String)>",
						"<android.database.sqlite.SQLiteQueryBuilder: java.lang.String buildUnionSubQuery(java.lang.String,java.lang.String[],java.util.Set,int,java.lang.String,java.lang.String,java.lang.String,java.lang.String)>",
						"<android.database.sqlite.SQLiteQueryBuilder: java.lang.String buildQuery(java.lang.String[],java.lang.String,java.lang.String,java.lang.String,java.lang.String,java.lang.String)>",
						"<android.database.sqlite.SQLiteQueryBuilder: java.lang.String buildQueryString(boolean,java.lang.String,java.lang.String[],java.lang.String,java.lang.String,java.lang.String,java.lang.String,java.lang.String)>"
					],
					"depth":3,
					"method":"<android.database.sqlite.SQLiteQueryBuilder: java.lang.String buildUnionSubQuery(java.lang.String,java.lang.String[],java.util.Set,int,java.lang.String,java.lang.String,java.lang.String[],java.lang.String,java.lang.String)>",
					"source":"CALLER"
				}
			],
			"keyAPIDiffClass":[
				{
					"trace":[
						"<android.database.sqlite.SQLiteDatabase: android.database.Cursor queryWithFactory(android.database.sqlite.SQLiteDatabase$CursorFactory,boolean,java.lang.String,java.lang.String[],java.lang.String,java.lang.String[],java.lang.String,java.lang.String,java.lang.String,java.lang.String,android.os.CancellationSignal)>",
						"<android.database.sqlite.SQLiteQueryBuilder: java.lang.String buildQueryString(boolean,java.lang.String,java.lang.String[],java.lang.String,java.lang.String,java.lang.String,java.lang.String,java.lang.String)>"
					],
					"depth":1,
					"method":"<android.database.sqlite.SQLiteDatabase: android.database.Cursor queryWithFactory(android.database.sqlite.SQLiteDatabase$CursorFactory,boolean,java.lang.String,java.lang.String[],java.lang.String,java.lang.String[],java.lang.String,java.lang.String,java.lang.String,java.lang.String,android.os.CancellationSignal)>",
					"source":"CALLER"
				},
				{
					"trace":[
						"<android.database.sqlite.SQLiteDatabase: android.database.Cursor query(boolean,java.lang.String,java.lang.String[],java.lang.String,java.lang.String[],java.lang.String,java.lang.String,java.lang.String,java.lang.String)>",
						"<android.database.sqlite.SQLiteDatabase: android.database.Cursor queryWithFactory(android.database.sqlite.SQLiteDatabase$CursorFactory,boolean,java.lang.String,java.lang.String[],java.lang.String,java.lang.String[],java.lang.String,java.lang.String,java.lang.String,java.lang.String,android.os.CancellationSignal)>",
						"<android.database.sqlite.SQLiteQueryBuilder: java.lang.String buildQueryString(boolean,java.lang.String,java.lang.String[],java.lang.String,java.lang.String,java.lang.String,java.lang.String,java.lang.String)>"
					],
					"depth":2,
					"method":"<android.database.sqlite.SQLiteDatabase: android.database.Cursor query(boolean,java.lang.String,java.lang.String[],java.lang.String,java.lang.String[],java.lang.String,java.lang.String,java.lang.String,java.lang.String)>",
					"source":"CALLER"
				},
				{
					"trace":[
						"<android.database.sqlite.SQLiteDatabase: android.database.Cursor queryWithFactory(android.database.sqlite.SQLiteDatabase$CursorFactory,boolean,java.lang.String,java.lang.String[],java.lang.String,java.lang.String[],java.lang.String,java.lang.String,java.lang.String,java.lang.String)>",
						"<android.database.sqlite.SQLiteDatabase: android.database.Cursor queryWithFactory(android.database.sqlite.SQLiteDatabase$CursorFactory,boolean,java.lang.String,java.lang.String[],java.lang.String,java.lang.String[],java.lang.String,java.lang.String,java.lang.String,java.lang.String,android.os.CancellationSignal)>",
						"<android.database.sqlite.SQLiteQueryBuilder: java.lang.String buildQueryString(boolean,java.lang.String,java.lang.String[],java.lang.String,java.lang.String,java.lang.String,java.lang.String,java.lang.String)>"
					],
					"depth":2,
					"method":"<android.database.sqlite.SQLiteDatabase: android.database.Cursor queryWithFactory(android.database.sqlite.SQLiteDatabase$CursorFactory,boolean,java.lang.String,java.lang.String[],java.lang.String,java.lang.String[],java.lang.String,java.lang.String,java.lang.String,java.lang.String)>",
					"source":"CALLER"
				},
				{
					"trace":[
						"<android.database.sqlite.SQLiteDatabase: android.database.Cursor query(boolean,java.lang.String,java.lang.String[],java.lang.String,java.lang.String[],java.lang.String,java.lang.String,java.lang.String,java.lang.String,android.os.CancellationSignal)>",
						"<android.database.sqlite.SQLiteDatabase: android.database.Cursor queryWithFactory(android.database.sqlite.SQLiteDatabase$CursorFactory,boolean,java.lang.String,java.lang.String[],java.lang.String,java.lang.String[],java.lang.String,java.lang.String,java.lang.String,java.lang.String,android.os.CancellationSignal)>",
						"<android.database.sqlite.SQLiteQueryBuilder: java.lang.String buildQueryString(boolean,java.lang.String,java.lang.String[],java.lang.String,java.lang.String,java.lang.String,java.lang.String,java.lang.String)>"
					],
					"depth":2,
					"method":"<android.database.sqlite.SQLiteDatabase: android.database.Cursor query(boolean,java.lang.String,java.lang.String[],java.lang.String,java.lang.String[],java.lang.String,java.lang.String,java.lang.String,java.lang.String,android.os.CancellationSignal)>",
					"source":"CALLER"
				},
				{
					"trace":[
						"<android.database.sqlite.SQLiteDatabase: android.database.Cursor query(java.lang.String,java.lang.String[],java.lang.String,java.lang.String[],java.lang.String,java.lang.String,java.lang.String,java.lang.String)>",
						"<android.database.sqlite.SQLiteDatabase: android.database.Cursor query(boolean,java.lang.String,java.lang.String[],java.lang.String,java.lang.String[],java.lang.String,java.lang.String,java.lang.String,java.lang.String)>",
						"<android.database.sqlite.SQLiteDatabase: android.database.Cursor queryWithFactory(android.database.sqlite.SQLiteDatabase$CursorFactory,boolean,java.lang.String,java.lang.String[],java.lang.String,java.lang.String[],java.lang.String,java.lang.String,java.lang.String,java.lang.String,android.os.CancellationSignal)>",
						"<android.database.sqlite.SQLiteQueryBuilder: java.lang.String buildQueryString(boolean,java.lang.String,java.lang.String[],java.lang.String,java.lang.String,java.lang.String,java.lang.String,java.lang.String)>"
					],
					"depth":3,
					"method":"<android.database.sqlite.SQLiteDatabase: android.database.Cursor query(java.lang.String,java.lang.String[],java.lang.String,java.lang.String[],java.lang.String,java.lang.String,java.lang.String,java.lang.String)>",
					"source":"CALLER"
				},
				{
					"trace":[
						"<android.database.sqlite.SQLiteDatabase: android.database.Cursor query(java.lang.String,java.lang.String[],java.lang.String,java.lang.String[],java.lang.String,java.lang.String,java.lang.String)>",
						"<android.database.sqlite.SQLiteDatabase: android.database.Cursor query(boolean,java.lang.String,java.lang.String[],java.lang.String,java.lang.String[],java.lang.String,java.lang.String,java.lang.String,java.lang.String)>",
						"<android.database.sqlite.SQLiteDatabase: android.database.Cursor queryWithFactory(android.database.sqlite.SQLiteDatabase$CursorFactory,boolean,java.lang.String,java.lang.String[],java.lang.String,java.lang.String[],java.lang.String,java.lang.String,java.lang.String,java.lang.String,android.os.CancellationSignal)>",
						"<android.database.sqlite.SQLiteQueryBuilder: java.lang.String buildQueryString(boolean,java.lang.String,java.lang.String[],java.lang.String,java.lang.String,java.lang.String,java.lang.String,java.lang.String)>"
					],
					"depth":3,
					"method":"<android.database.sqlite.SQLiteDatabase: android.database.Cursor query(java.lang.String,java.lang.String[],java.lang.String,java.lang.String[],java.lang.String,java.lang.String,java.lang.String)>",
					"source":"CALLER"
				},
				{
					"trace":[
						"<android.database.TranslatingCursor: android.database.Cursor query(android.database.TranslatingCursor$Config,android.database.TranslatingCursor$Translator,android.database.sqlite.SQLiteQueryBuilder,android.database.sqlite.SQLiteDatabase,java.lang.String[],java.lang.String,java.lang.String[],java.lang.String,java.lang.String,java.lang.String,java.lang.String,android.os.CancellationSignal)>",
						"<android.database.sqlite.SQLiteQueryBuilder: android.database.Cursor query(android.database.sqlite.SQLiteDatabase,java.lang.String[],java.lang.String,java.lang.String[],java.lang.String,java.lang.String,java.lang.String)>",
						"<android.database.sqlite.SQLiteQueryBuilder: android.database.Cursor query(android.database.sqlite.SQLiteDatabase,java.lang.String[],java.lang.String,java.lang.String[],java.lang.String,java.lang.String,java.lang.String,java.lang.String,android.os.CancellationSignal)>",
						"<android.database.sqlite.SQLiteQueryBuilder: java.lang.String buildQuery(java.lang.String[],java.lang.String,java.lang.String,java.lang.String,java.lang.String,java.lang.String)>",
						"<android.database.sqlite.SQLiteQueryBuilder: java.lang.String buildQueryString(boolean,java.lang.String,java.lang.String[],java.lang.String,java.lang.String,java.lang.String,java.lang.String,java.lang.String)>"
					],
					"depth":4,
					"method":"<android.database.TranslatingCursor: android.database.Cursor query(android.database.TranslatingCursor$Config,android.database.TranslatingCursor$Translator,android.database.sqlite.SQLiteQueryBuilder,android.database.sqlite.SQLiteDatabase,java.lang.String[],java.lang.String,java.lang.String[],java.lang.String,java.lang.String,java.lang.String,java.lang.String,android.os.CancellationSignal)>",
					"source":"CALLER"
				}
			],
			"callerOfSingnlar2SourceVar":{
				"<android.database.sqlite.SQLiteQueryBuilder: java.lang.String buildQuery(java.lang.String[],java.lang.String,java.lang.String,java.lang.String,java.lang.String,java.lang.String)>":"3, 2",
				"<android.database.sqlite.SQLiteQueryBuilder: java.lang.String buildUnionSubQuery(java.lang.String,java.lang.String[],java.util.Set,int,java.lang.String,java.lang.String,java.lang.String,java.lang.String)>":"7, 6",
				"<android.database.sqlite.SQLiteDatabase: android.database.Cursor query(java.lang.String,java.lang.String[],java.lang.String,java.lang.String[],java.lang.String,java.lang.String,java.lang.String)>":"5, 4",
				"<android.database.sqlite.SQLiteDatabase: android.database.Cursor query(java.lang.String,java.lang.String[],java.lang.String,java.lang.String[],java.lang.String,java.lang.String,java.lang.String,java.lang.String)>":"5, 4",
				"<android.database.sqlite.SQLiteQueryBuilder: android.database.Cursor query(android.database.sqlite.SQLiteDatabase,java.lang.String[],java.lang.String,java.lang.String[],java.lang.String,java.lang.String,java.lang.String,java.lang.String,android.os.CancellationSignal)>":"5, 4",
				"<android.database.sqlite.SQLiteQueryBuilder: java.lang.String buildUnionSubQuery(java.lang.String,java.lang.String[],java.util.Set,int,java.lang.String,java.lang.String,java.lang.String[],java.lang.String,java.lang.String)>":"8, 7",
				"<android.database.sqlite.SQLiteDatabase: android.database.Cursor queryWithFactory(android.database.sqlite.SQLiteDatabase$CursorFactory,boolean,java.lang.String,java.lang.String[],java.lang.String,java.lang.String[],java.lang.String,java.lang.String,java.lang.String,java.lang.String,android.os.CancellationSignal)>":"7, 6",
				"<android.database.sqlite.SQLiteQueryBuilder: android.database.Cursor query(android.database.sqlite.SQLiteDatabase,java.lang.String[],java.lang.String,java.lang.String[],java.lang.String,java.lang.String,java.lang.String,java.lang.String)>":"5, 4",
				"<android.database.sqlite.SQLiteDatabase: android.database.Cursor query(boolean,java.lang.String,java.lang.String[],java.lang.String,java.lang.String[],java.lang.String,java.lang.String,java.lang.String,java.lang.String,android.os.CancellationSignal)>":"6, 5",
				"<android.database.TranslatingCursor: android.database.Cursor query(android.database.TranslatingCursor$Config,android.database.TranslatingCursor$Translator,android.database.sqlite.SQLiteQueryBuilder,android.database.sqlite.SQLiteDatabase,java.lang.String[],java.lang.String,java.lang.String[],java.lang.String,java.lang.String,java.lang.String,java.lang.String,android.os.CancellationSignal)>":"8, 7",
				"<android.database.sqlite.SQLiteQueryBuilder: android.database.Cursor query(android.database.sqlite.SQLiteDatabase,java.lang.String[],java.lang.String,java.lang.String[],java.lang.String,java.lang.String,java.lang.String)>":"5, 4",
				"<android.database.sqlite.SQLiteDatabase: android.database.Cursor query(boolean,java.lang.String,java.lang.String[],java.lang.String,java.lang.String[],java.lang.String,java.lang.String,java.lang.String,java.lang.String)>":"6, 5",
				"<android.database.sqlite.SQLiteQueryBuilder: java.lang.String buildQueryString(boolean,java.lang.String,java.lang.String[],java.lang.String,java.lang.String,java.lang.String,java.lang.String,java.lang.String)>":"5, 4",
				"<android.database.sqlite.SQLiteDatabase: android.database.Cursor queryWithFactory(android.database.sqlite.SQLiteDatabase$CursorFactory,boolean,java.lang.String,java.lang.String[],java.lang.String,java.lang.String[],java.lang.String,java.lang.String,java.lang.String,java.lang.String)>":"7, 6",
				"<android.database.sqlite.SQLiteQueryBuilder: java.lang.String buildQuery(java.lang.String[],java.lang.String,java.lang.String[],java.lang.String,java.lang.String,java.lang.String,java.lang.String)>":"4, 3"
			}
		},
		{
			"method":"<android.database.sqlite.SQLiteQueryBuilder: java.lang.String computeSingleProjectionOrThrow(java.lang.String)>",
			"message":"\\QInvalid column \\E[\\s\\S]*",
			"relatedVarType":"Parameter",
			"relatedCondType":"Basic",
			"modifier":"private",
			"type":"java.lang.IllegalArgumentException",
			"osVersionRelated":false,
			"resourceRelated":false,
			"assessRelated":false,
			"hardwareRelated":false,
			"manifestRelated":false,
			"conditions":"r7 == null",
			"paramValues":"@parameter0: java.lang.String",
			"relatedValues":"@parameter0: java.lang.String; ; ",
			"keyAPISameClassNum":0,
			"keyAPIDiffClassNum":0,
			"keyAPISameClass":[
				{
					"trace":[
						"<android.database.sqlite.SQLiteQueryBuilder: java.lang.String computeSingleProjectionOrThrow(java.lang.String)>"
					],
					"depth":0,
					"method":"<android.database.sqlite.SQLiteQueryBuilder: java.lang.String computeSingleProjectionOrThrow(java.lang.String)>",
					"source":"CALLER"
				},
				{
					"trace":[
						"<android.database.sqlite.SQLiteQueryBuilder: java.lang.String[] computeProjection(java.lang.String[])>",
						"<android.database.sqlite.SQLiteQueryBuilder: java.lang.String computeSingleProjectionOrThrow(java.lang.String)>"
					],
					"depth":1,
					"method":"<android.database.sqlite.SQLiteQueryBuilder: java.lang.String[] computeProjection(java.lang.String[])>",
					"source":"CALLER"
				},
				{
					"trace":[
						"<android.database.sqlite.SQLiteQueryBuilder: java.lang.String buildQuery(java.lang.String[],java.lang.String,java.lang.String,java.lang.String,java.lang.String,java.lang.String)>",
						"<android.database.sqlite.SQLiteQueryBuilder: java.lang.String[] computeProjection(java.lang.String[])>",
						"<android.database.sqlite.SQLiteQueryBuilder: java.lang.String computeSingleProjectionOrThrow(java.lang.String)>"
					],
					"depth":2,
					"method":"<android.database.sqlite.SQLiteQueryBuilder: java.lang.String buildQuery(java.lang.String[],java.lang.String,java.lang.String,java.lang.String,java.lang.String,java.lang.String)>",
					"source":"CALLER"
				},
				{
					"trace":[
						"<android.database.sqlite.SQLiteQueryBuilder: android.database.Cursor query(android.database.sqlite.SQLiteDatabase,java.lang.String[],java.lang.String,java.lang.String[],java.lang.String,java.lang.String,java.lang.String,java.lang.String,android.os.CancellationSignal)>",
						"<android.database.sqlite.SQLiteQueryBuilder: void enforceStrictColumns(java.lang.String[])>",
						"<android.database.sqlite.SQLiteQueryBuilder: java.lang.String[] computeProjection(java.lang.String[])>",
						"<android.database.sqlite.SQLiteQueryBuilder: java.lang.String computeSingleProjectionOrThrow(java.lang.String)>"
					],
					"depth":3,
					"method":"<android.database.sqlite.SQLiteQueryBuilder: android.database.Cursor query(android.database.sqlite.SQLiteDatabase,java.lang.String[],java.lang.String,java.lang.String[],java.lang.String,java.lang.String,java.lang.String,java.lang.String,android.os.CancellationSignal)>",
					"source":"CALLER"
				},
				{
					"trace":[
						"<android.database.sqlite.SQLiteQueryBuilder: java.lang.String buildQuery(java.lang.String[],java.lang.String,java.lang.String[],java.lang.String,java.lang.String,java.lang.String,java.lang.String)>",
						"<android.database.sqlite.SQLiteQueryBuilder: java.lang.String buildQuery(java.lang.String[],java.lang.String,java.lang.String,java.lang.String,java.lang.String,java.lang.String)>",
						"<android.database.sqlite.SQLiteQueryBuilder: java.lang.String[] computeProjection(java.lang.String[])>",
						"<android.database.sqlite.SQLiteQueryBuilder: java.lang.String computeSingleProjectionOrThrow(java.lang.String)>"
					],
					"depth":3,
					"method":"<android.database.sqlite.SQLiteQueryBuilder: java.lang.String buildQuery(java.lang.String[],java.lang.String,java.lang.String[],java.lang.String,java.lang.String,java.lang.String,java.lang.String)>",
					"source":"CALLER"
				},
				{
					"trace":[
						"<android.database.sqlite.SQLiteQueryBuilder: android.database.Cursor query(android.database.sqlite.SQLiteDatabase,java.lang.String[],java.lang.String,java.lang.String[],java.lang.String,java.lang.String,java.lang.String)>",
						"<android.database.sqlite.SQLiteQueryBuilder: android.database.Cursor query(android.database.sqlite.SQLiteDatabase,java.lang.String[],java.lang.String,java.lang.String[],java.lang.String,java.lang.String,java.lang.String,java.lang.String,android.os.CancellationSignal)>",
						"<android.database.sqlite.SQLiteQueryBuilder: void enforceStrictColumns(java.lang.String[])>",
						"<android.database.sqlite.SQLiteQueryBuilder: java.lang.String[] computeProjection(java.lang.String[])>",
						"<android.database.sqlite.SQLiteQueryBuilder: java.lang.String computeSingleProjectionOrThrow(java.lang.String)>"
					],
					"depth":4,
					"method":"<android.database.sqlite.SQLiteQueryBuilder: android.database.Cursor query(android.database.sqlite.SQLiteDatabase,java.lang.String[],java.lang.String,java.lang.String[],java.lang.String,java.lang.String,java.lang.String)>",
					"source":"CALLER"
				},
				{
					"trace":[
						"<android.database.sqlite.SQLiteQueryBuilder: android.database.Cursor query(android.database.sqlite.SQLiteDatabase,java.lang.String[],java.lang.String,java.lang.String[],java.lang.String,java.lang.String,java.lang.String,java.lang.String)>",
						"<android.database.sqlite.SQLiteQueryBuilder: android.database.Cursor query(android.database.sqlite.SQLiteDatabase,java.lang.String[],java.lang.String,java.lang.String[],java.lang.String,java.lang.String,java.lang.String,java.lang.String,android.os.CancellationSignal)>",
						"<android.database.sqlite.SQLiteQueryBuilder: void enforceStrictColumns(java.lang.String[])>",
						"<android.database.sqlite.SQLiteQueryBuilder: java.lang.String[] computeProjection(java.lang.String[])>",
						"<android.database.sqlite.SQLiteQueryBuilder: java.lang.String computeSingleProjectionOrThrow(java.lang.String)>"
					],
					"depth":4,
					"method":"<android.database.sqlite.SQLiteQueryBuilder: android.database.Cursor query(android.database.sqlite.SQLiteDatabase,java.lang.String[],java.lang.String,java.lang.String[],java.lang.String,java.lang.String,java.lang.String,java.lang.String)>",
					"source":"CALLER"
				}
			],
			"keyAPIDiffClass":[
				{
					"trace":[
						"<android.database.TranslatingCursor: android.database.Cursor query(android.database.TranslatingCursor$Config,android.database.TranslatingCursor$Translator,android.database.sqlite.SQLiteQueryBuilder,android.database.sqlite.SQLiteDatabase,java.lang.String[],java.lang.String,java.lang.String[],java.lang.String,java.lang.String,java.lang.String,java.lang.String,android.os.CancellationSignal)>",
						"<android.database.sqlite.SQLiteQueryBuilder: android.database.Cursor query(android.database.sqlite.SQLiteDatabase,java.lang.String[],java.lang.String,java.lang.String[],java.lang.String,java.lang.String,java.lang.String)>",
						"<android.database.sqlite.SQLiteQueryBuilder: android.database.Cursor query(android.database.sqlite.SQLiteDatabase,java.lang.String[],java.lang.String,java.lang.String[],java.lang.String,java.lang.String,java.lang.String,java.lang.String,android.os.CancellationSignal)>",
						"<android.database.sqlite.SQLiteQueryBuilder: void enforceStrictColumns(java.lang.String[])>",
						"<android.database.sqlite.SQLiteQueryBuilder: java.lang.String[] computeProjection(java.lang.String[])>",
						"<android.database.sqlite.SQLiteQueryBuilder: java.lang.String computeSingleProjectionOrThrow(java.lang.String)>"
					],
					"depth":5,
					"method":"<android.database.TranslatingCursor: android.database.Cursor query(android.database.TranslatingCursor$Config,android.database.TranslatingCursor$Translator,android.database.sqlite.SQLiteQueryBuilder,android.database.sqlite.SQLiteDatabase,java.lang.String[],java.lang.String,java.lang.String[],java.lang.String,java.lang.String,java.lang.String,java.lang.String,android.os.CancellationSignal)>",
					"source":"CALLER"
				}
			],
			"callerOfSingnlar2SourceVar":{
				"<android.database.sqlite.SQLiteQueryBuilder: java.lang.String computeSingleProjectionOrThrow(java.lang.String)>":"0"
			}
		},
		{
			"method":"<android.database.sqlite.SQLiteQueryBuilder: void enforceStrictColumns(android.content.ContentValues)>",
			"message":"\\QInvalid column \\E[\\s\\S]*",
			"relatedVarType":"ParaAndField",
			"relatedCondType":"Basic",
			"modifier":"private",
			"type":"java.lang.IllegalArgumentException",
			"osVersionRelated":false,
			"resourceRelated":false,
			"assessRelated":false,
			"hardwareRelated":false,
			"manifestRelated":false,
			"conditions":"$z0 == 0, i1 >= $i0",
			"paramValues":"@parameter0: android.content.ContentValues",
			"fieldValues":"<android.database.sqlite.SQLiteQueryBuilder: java.util.Map mProjectionMap>",
			"relatedValues":"@parameter0: android.content.ContentValues; <android.database.sqlite.SQLiteQueryBuilder: java.util.Map mProjectionMap>; ",
			"keyAPISameClassNum":13,
			"keyAPIDiffClassNum":6,
			"keyAPISameClass":[
				{
					"trace":[
						"<android.database.sqlite.SQLiteQueryBuilder: void enforceStrictColumns(android.content.ContentValues)>"
					],
					"depth":1,
					"method":"<android.database.sqlite.SQLiteQueryBuilder: void <init>()>",
					"source":"FIELD"
				},
				{
					"trace":[
						"<android.database.sqlite.SQLiteQueryBuilder: void enforceStrictColumns(android.content.ContentValues)>"
					],
					"depth":1,
					"method":"<android.database.sqlite.SQLiteQueryBuilder: void setProjectionMap(java.util.Map)>",
					"source":"FIELD"
				},
				{
					"trace":[
						"<android.database.sqlite.SQLiteQueryBuilder: long insert(android.database.sqlite.SQLiteDatabase,android.content.ContentValues)>",
						"<android.database.sqlite.SQLiteQueryBuilder: void enforceStrictColumns(android.content.ContentValues)>",
						"key field: <android.database.sqlite.SQLiteQueryBuilder: java.util.Map mProjectionMap>",
						"<android.database.sqlite.SQLiteQueryBuilder: void enforceStrictColumns(android.content.ContentValues)>"
					],
					"depth":2,
					"method":"<android.database.sqlite.SQLiteQueryBuilder: long insert(android.database.sqlite.SQLiteDatabase,android.content.ContentValues)>",
					"source":"FIELDCALLER"
				},
				{
					"trace":[
						"<android.database.sqlite.SQLiteQueryBuilder: int update(android.database.sqlite.SQLiteDatabase,android.content.ContentValues,java.lang.String,java.lang.String[])>",
						"<android.database.sqlite.SQLiteQueryBuilder: void enforceStrictColumns(android.content.ContentValues)>",
						"key field: <android.database.sqlite.SQLiteQueryBuilder: java.util.Map mProjectionMap>",
						"<android.database.sqlite.SQLiteQueryBuilder: void enforceStrictColumns(android.content.ContentValues)>"
					],
					"depth":2,
					"method":"<android.database.sqlite.SQLiteQueryBuilder: int update(android.database.sqlite.SQLiteDatabase,android.content.ContentValues,java.lang.String,java.lang.String[])>",
					"source":"FIELDCALLER"
				},
				{
					"trace":[
						"<android.database.sqlite.SQLiteQueryBuilder: java.lang.String[] computeProjection(java.lang.String[])>",
						"<android.database.sqlite.SQLiteQueryBuilder: java.lang.String computeSingleProjectionOrThrow(java.lang.String)>",
						"<android.database.sqlite.SQLiteQueryBuilder: java.lang.String computeSingleProjection(java.lang.String)>",
						"key field: <android.database.sqlite.SQLiteQueryBuilder: java.util.Map mProjectionMap>",
						"<android.database.sqlite.SQLiteQueryBuilder: void enforceStrictColumns(android.content.ContentValues)>"
					],
					"depth":3,
					"method":"<android.database.sqlite.SQLiteQueryBuilder: java.lang.String[] computeProjection(java.lang.String[])>",
					"source":"FIELDCALLER"
				},
				{
					"trace":[
						"<android.database.sqlite.SQLiteQueryBuilder: void lambda$W2yQ6UjYGqGIu6HEomKgdgvGNKI(android.database.sqlite.SQLiteQueryBuilder,java.lang.String)>",
						"<android.database.sqlite.SQLiteQueryBuilder: void enforceStrictToken(java.lang.String)>",
						"<android.database.sqlite.SQLiteQueryBuilder: boolean isTableOrColumn(java.lang.String)>",
						"<android.database.sqlite.SQLiteQueryBuilder: java.lang.String computeSingleProjection(java.lang.String)>",
						"key field: <android.database.sqlite.SQLiteQueryBuilder: java.util.Map mProjectionMap>",
						"<android.database.sqlite.SQLiteQueryBuilder: void enforceStrictColumns(android.content.ContentValues)>"
					],
					"depth":4,
					"method":"<android.database.sqlite.SQLiteQueryBuilder: void lambda$W2yQ6UjYGqGIu6HEomKgdgvGNKI(android.database.sqlite.SQLiteQueryBuilder,java.lang.String)>",
					"source":"FIELDCALLER"
				},
				{
					"trace":[
						"<android.database.sqlite.SQLiteQueryBuilder: java.lang.String buildQuery(java.lang.String[],java.lang.String,java.lang.String,java.lang.String,java.lang.String,java.lang.String)>",
						"<android.database.sqlite.SQLiteQueryBuilder: java.lang.String[] computeProjection(java.lang.String[])>",
						"<android.database.sqlite.SQLiteQueryBuilder: java.lang.String computeSingleProjectionOrThrow(java.lang.String)>",
						"<android.database.sqlite.SQLiteQueryBuilder: java.lang.String computeSingleProjection(java.lang.String)>",
						"key field: <android.database.sqlite.SQLiteQueryBuilder: java.util.Map mProjectionMap>",
						"<android.database.sqlite.SQLiteQueryBuilder: void enforceStrictColumns(android.content.ContentValues)>"
					],
					"depth":4,
					"method":"<android.database.sqlite.SQLiteQueryBuilder: java.lang.String buildQuery(java.lang.String[],java.lang.String,java.lang.String,java.lang.String,java.lang.String,java.lang.String)>",
					"source":"FIELDCALLER"
				},
				{
					"trace":[
						"<android.database.sqlite.SQLiteQueryBuilder: android.database.Cursor query(android.database.sqlite.SQLiteDatabase,java.lang.String[],java.lang.String,java.lang.String[],java.lang.String,java.lang.String,java.lang.String,java.lang.String,android.os.CancellationSignal)>",
						"<android.database.sqlite.SQLiteQueryBuilder: void enforceStrictColumns(java.lang.String[])>",
						"<android.database.sqlite.SQLiteQueryBuilder: java.lang.String[] computeProjection(java.lang.String[])>",
						"<android.database.sqlite.SQLiteQueryBuilder: java.lang.String computeSingleProjectionOrThrow(java.lang.String)>",
						"<android.database.sqlite.SQLiteQueryBuilder: java.lang.String computeSingleProjection(java.lang.String)>",
						"key field: <android.database.sqlite.SQLiteQueryBuilder: java.util.Map mProjectionMap>",
						"<android.database.sqlite.SQLiteQueryBuilder: void enforceStrictColumns(android.content.ContentValues)>"
					],
					"depth":5,
					"method":"<android.database.sqlite.SQLiteQueryBuilder: android.database.Cursor query(android.database.sqlite.SQLiteDatabase,java.lang.String[],java.lang.String,java.lang.String[],java.lang.String,java.lang.String,java.lang.String,java.lang.String,android.os.CancellationSignal)>",
					"source":"FIELDCALLER"
				},
				{
					"trace":[
						"<android.database.sqlite.SQLiteQueryBuilder: java.lang.String buildQuery(java.lang.String[],java.lang.String,java.lang.String[],java.lang.String,java.lang.String,java.lang.String,java.lang.String)>",
						"<android.database.sqlite.SQLiteQueryBuilder: java.lang.String buildQuery(java.lang.String[],java.lang.String,java.lang.String,java.lang.String,java.lang.String,java.lang.String)>",
						"<android.database.sqlite.SQLiteQueryBuilder: java.lang.String[] computeProjection(java.lang.String[])>",
						"<android.database.sqlite.SQLiteQueryBuilder: java.lang.String computeSingleProjectionOrThrow(java.lang.String)>",
						"<android.database.sqlite.SQLiteQueryBuilder: java.lang.String computeSingleProjection(java.lang.String)>",
						"key field: <android.database.sqlite.SQLiteQueryBuilder: java.util.Map mProjectionMap>",
						"<android.database.sqlite.SQLiteQueryBuilder: void enforceStrictColumns(android.content.ContentValues)>"
					],
					"depth":5,
					"method":"<android.database.sqlite.SQLiteQueryBuilder: java.lang.String buildQuery(java.lang.String[],java.lang.String,java.lang.String[],java.lang.String,java.lang.String,java.lang.String,java.lang.String)>",
					"source":"FIELDCALLER"
				},
				{
					"trace":[
						"<android.database.sqlite.SQLiteQueryBuilder: java.lang.String buildUnionSubQuery(java.lang.String,java.lang.String[],java.util.Set,int,java.lang.String,java.lang.String,java.lang.String,java.lang.String)>",
						"<android.database.sqlite.SQLiteQueryBuilder: java.lang.String buildQuery(java.lang.String[],java.lang.String,java.lang.String,java.lang.String,java.lang.String,java.lang.String)>",
						"<android.database.sqlite.SQLiteQueryBuilder: java.lang.String[] computeProjection(java.lang.String[])>",
						"<android.database.sqlite.SQLiteQueryBuilder: java.lang.String computeSingleProjectionOrThrow(java.lang.String)>",
						"<android.database.sqlite.SQLiteQueryBuilder: java.lang.String computeSingleProjection(java.lang.String)>",
						"key field: <android.database.sqlite.SQLiteQueryBuilder: java.util.Map mProjectionMap>",
						"<android.database.sqlite.SQLiteQueryBuilder: void enforceStrictColumns(android.content.ContentValues)>"
					],
					"depth":5,
					"method":"<android.database.sqlite.SQLiteQueryBuilder: java.lang.String buildUnionSubQuery(java.lang.String,java.lang.String[],java.util.Set,int,java.lang.String,java.lang.String,java.lang.String,java.lang.String)>",
					"source":"FIELDCALLER"
				},
				{
					"trace":[
						"<android.database.sqlite.SQLiteQueryBuilder: android.database.Cursor query(android.database.sqlite.SQLiteDatabase,java.lang.String[],java.lang.String,java.lang.String[],java.lang.String,java.lang.String,java.lang.String)>",
						"<android.database.sqlite.SQLiteQueryBuilder: android.database.Cursor query(android.database.sqlite.SQLiteDatabase,java.lang.String[],java.lang.String,java.lang.String[],java.lang.String,java.lang.String,java.lang.String,java.lang.String,android.os.CancellationSignal)>",
						"<android.database.sqlite.SQLiteQueryBuilder: void enforceStrictColumns(java.lang.String[])>",
						"<android.database.sqlite.SQLiteQueryBuilder: java.lang.String[] computeProjection(java.lang.String[])>",
						"<android.database.sqlite.SQLiteQueryBuilder: java.lang.String computeSingleProjectionOrThrow(java.lang.String)>",
						"<android.database.sqlite.SQLiteQueryBuilder: java.lang.String computeSingleProjection(java.lang.String)>",
						"key field: <android.database.sqlite.SQLiteQueryBuilder: java.util.Map mProjectionMap>",
						"<android.database.sqlite.SQLiteQueryBuilder: void enforceStrictColumns(android.content.ContentValues)>"
					],
					"depth":6,
					"method":"<android.database.sqlite.SQLiteQueryBuilder: android.database.Cursor query(android.database.sqlite.SQLiteDatabase,java.lang.String[],java.lang.String,java.lang.String[],java.lang.String,java.lang.String,java.lang.String)>",
					"source":"FIELDCALLER"
				},
				{
					"trace":[
						"<android.database.sqlite.SQLiteQueryBuilder: android.database.Cursor query(android.database.sqlite.SQLiteDatabase,java.lang.String[],java.lang.String,java.lang.String[],java.lang.String,java.lang.String,java.lang.String,java.lang.String)>",
						"<android.database.sqlite.SQLiteQueryBuilder: android.database.Cursor query(android.database.sqlite.SQLiteDatabase,java.lang.String[],java.lang.String,java.lang.String[],java.lang.String,java.lang.String,java.lang.String,java.lang.String,android.os.CancellationSignal)>",
						"<android.database.sqlite.SQLiteQueryBuilder: void enforceStrictColumns(java.lang.String[])>",
						"<android.database.sqlite.SQLiteQueryBuilder: java.lang.String[] computeProjection(java.lang.String[])>",
						"<android.database.sqlite.SQLiteQueryBuilder: java.lang.String computeSingleProjectionOrThrow(java.lang.String)>",
						"<android.database.sqlite.SQLiteQueryBuilder: java.lang.String computeSingleProjection(java.lang.String)>",
						"key field: <android.database.sqlite.SQLiteQueryBuilder: java.util.Map mProjectionMap>",
						"<android.database.sqlite.SQLiteQueryBuilder: void enforceStrictColumns(android.content.ContentValues)>"
					],
					"depth":6,
					"method":"<android.database.sqlite.SQLiteQueryBuilder: android.database.Cursor query(android.database.sqlite.SQLiteDatabase,java.lang.String[],java.lang.String,java.lang.String[],java.lang.String,java.lang.String,java.lang.String,java.lang.String)>",
					"source":"FIELDCALLER"
				},
				{
					"trace":[
						"<android.database.sqlite.SQLiteQueryBuilder: java.lang.String buildUnionSubQuery(java.lang.String,java.lang.String[],java.util.Set,int,java.lang.String,java.lang.String,java.lang.String[],java.lang.String,java.lang.String)>",
						"<android.database.sqlite.SQLiteQueryBuilder: java.lang.String buildUnionSubQuery(java.lang.String,java.lang.String[],java.util.Set,int,java.lang.String,java.lang.String,java.lang.String,java.lang.String)>",
						"<android.database.sqlite.SQLiteQueryBuilder: java.lang.String buildQuery(java.lang.String[],java.lang.String,java.lang.String,java.lang.String,java.lang.String,java.lang.String)>",
						"<android.database.sqlite.SQLiteQueryBuilder: java.lang.String[] computeProjection(java.lang.String[])>",
						"<android.database.sqlite.SQLiteQueryBuilder: java.lang.String computeSingleProjectionOrThrow(java.lang.String)>",
						"<android.database.sqlite.SQLiteQueryBuilder: java.lang.String computeSingleProjection(java.lang.String)>",
						"key field: <android.database.sqlite.SQLiteQueryBuilder: java.util.Map mProjectionMap>",
						"<android.database.sqlite.SQLiteQueryBuilder: void enforceStrictColumns(android.content.ContentValues)>"
					],
					"depth":6,
					"method":"<android.database.sqlite.SQLiteQueryBuilder: java.lang.String buildUnionSubQuery(java.lang.String,java.lang.String[],java.util.Set,int,java.lang.String,java.lang.String,java.lang.String[],java.lang.String,java.lang.String)>",
					"source":"FIELDCALLER"
				}
			],
			"keyAPIDiffClass":[
				{
					"trace":[
						"<android.database.sqlite._$$Lambda$SQLiteQueryBuilder$W2yQ6UjYGqGIu6HEomKgdgvGNKI: void accept(java.lang.Object)>",
						"<android.database.sqlite.SQLiteQueryBuilder: void lambda$W2yQ6UjYGqGIu6HEomKgdgvGNKI(android.database.sqlite.SQLiteQueryBuilder,java.lang.String)>",
						"<android.database.sqlite.SQLiteQueryBuilder: void enforceStrictToken(java.lang.String)>",
						"<android.database.sqlite.SQLiteQueryBuilder: boolean isTableOrColumn(java.lang.String)>",
						"<android.database.sqlite.SQLiteQueryBuilder: java.lang.String computeSingleProjection(java.lang.String)>",
						"key field: <android.database.sqlite.SQLiteQueryBuilder: java.util.Map mProjectionMap>",
						"<android.database.sqlite.SQLiteQueryBuilder: void enforceStrictColumns(android.content.ContentValues)>"
					],
					"depth":5,
					"method":"<android.database.sqlite._$$Lambda$SQLiteQueryBuilder$W2yQ6UjYGqGIu6HEomKgdgvGNKI: void accept(java.lang.Object)>",
					"source":"FIELDCALLER"
				},
				{
					"trace":[
						"<java.util.function.Consumer: void accept(java.lang.Object)>",
						"<android.database.sqlite.SQLiteQueryBuilder: void lambda$W2yQ6UjYGqGIu6HEomKgdgvGNKI(android.database.sqlite.SQLiteQueryBuilder,java.lang.String)>",
						"<android.database.sqlite.SQLiteQueryBuilder: void enforceStrictToken(java.lang.String)>",
						"<android.database.sqlite.SQLiteQueryBuilder: boolean isTableOrColumn(java.lang.String)>",
						"<android.database.sqlite.SQLiteQueryBuilder: java.lang.String computeSingleProjection(java.lang.String)>",
						"key field: <android.database.sqlite.SQLiteQueryBuilder: java.util.Map mProjectionMap>",
						"<android.database.sqlite.SQLiteQueryBuilder: void enforceStrictColumns(android.content.ContentValues)>"
					],
					"depth":5,
					"method":"<java.util.function.Consumer: void accept(java.lang.Object)>",
					"source":"FIELDCALLER"
				},
				{
					"trace":[
						"<android.app.blob._$$Lambda$2oD6p7V9cUAK7HNu017eF9iL6ZI: void accept(java.lang.Object,java.lang.Object)>",
						"<android.database.sqlite._$$Lambda$SQLiteQueryBuilder$W2yQ6UjYGqGIu6HEomKgdgvGNKI: void accept(java.lang.Object)>",
						"<android.database.sqlite.SQLiteQueryBuilder: void lambda$W2yQ6UjYGqGIu6HEomKgdgvGNKI(android.database.sqlite.SQLiteQueryBuilder,java.lang.String)>",
						"<android.database.sqlite.SQLiteQueryBuilder: void enforceStrictToken(java.lang.String)>",
						"<android.database.sqlite.SQLiteQueryBuilder: boolean isTableOrColumn(java.lang.String)>",
						"<android.database.sqlite.SQLiteQueryBuilder: java.lang.String computeSingleProjection(java.lang.String)>",
						"key field: <android.database.sqlite.SQLiteQueryBuilder: java.util.Map mProjectionMap>",
						"<android.database.sqlite.SQLiteQueryBuilder: void enforceStrictColumns(android.content.ContentValues)>"
					],
					"depth":6,
					"method":"<android.app.blob._$$Lambda$2oD6p7V9cUAK7HNu017eF9iL6ZI: void accept(java.lang.Object,java.lang.Object)>",
					"source":"FIELDCALLER"
				},
				{
					"trace":[
						"<java.util.function.BiConsumer: void accept(java.lang.Object,java.lang.Object)>",
						"<android.database.sqlite._$$Lambda$SQLiteQueryBuilder$W2yQ6UjYGqGIu6HEomKgdgvGNKI: void accept(java.lang.Object)>",
						"<android.database.sqlite.SQLiteQueryBuilder: void lambda$W2yQ6UjYGqGIu6HEomKgdgvGNKI(android.database.sqlite.SQLiteQueryBuilder,java.lang.String)>",
						"<android.database.sqlite.SQLiteQueryBuilder: void enforceStrictToken(java.lang.String)>",
						"<android.database.sqlite.SQLiteQueryBuilder: boolean isTableOrColumn(java.lang.String)>",
						"<android.database.sqlite.SQLiteQueryBuilder: java.lang.String computeSingleProjection(java.lang.String)>",
						"key field: <android.database.sqlite.SQLiteQueryBuilder: java.util.Map mProjectionMap>",
						"<android.database.sqlite.SQLiteQueryBuilder: void enforceStrictColumns(android.content.ContentValues)>"
					],
					"depth":6,
					"method":"<java.util.function.BiConsumer: void accept(java.lang.Object,java.lang.Object)>",
					"source":"FIELDCALLER"
				},
				{
					"trace":[
						"<android.view.ScrollCaptureTargetResolver$SingletonConsumer: void accept(java.lang.Object)>",
						"<android.database.sqlite._$$Lambda$SQLiteQueryBuilder$W2yQ6UjYGqGIu6HEomKgdgvGNKI: void accept(java.lang.Object)>",
						"<android.database.sqlite.SQLiteQueryBuilder: void lambda$W2yQ6UjYGqGIu6HEomKgdgvGNKI(android.database.sqlite.SQLiteQueryBuilder,java.lang.String)>",
						"<android.database.sqlite.SQLiteQueryBuilder: void enforceStrictToken(java.lang.String)>",
						"<android.database.sqlite.SQLiteQueryBuilder: boolean isTableOrColumn(java.lang.String)>",
						"<android.database.sqlite.SQLiteQueryBuilder: java.lang.String computeSingleProjection(java.lang.String)>",
						"key field: <android.database.sqlite.SQLiteQueryBuilder: java.util.Map mProjectionMap>",
						"<android.database.sqlite.SQLiteQueryBuilder: void enforceStrictColumns(android.content.ContentValues)>"
					],
					"depth":6,
					"method":"<android.view.ScrollCaptureTargetResolver$SingletonConsumer: void accept(java.lang.Object)>",
					"source":"FIELDCALLER"
				},
				{
					"trace":[
						"<android.database.TranslatingCursor: android.database.Cursor query(android.database.TranslatingCursor$Config,android.database.TranslatingCursor$Translator,android.database.sqlite.SQLiteQueryBuilder,android.database.sqlite.SQLiteDatabase,java.lang.String[],java.lang.String,java.lang.String[],java.lang.String,java.lang.String,java.lang.String,java.lang.String,android.os.CancellationSignal)>",
						"<android.database.sqlite.SQLiteQueryBuilder: android.database.Cursor query(android.database.sqlite.SQLiteDatabase,java.lang.String[],java.lang.String,java.lang.String[],java.lang.String,java.lang.String,java.lang.String)>",
						"<android.database.sqlite.SQLiteQueryBuilder: android.database.Cursor query(android.database.sqlite.SQLiteDatabase,java.lang.String[],java.lang.String,java.lang.String[],java.lang.String,java.lang.String,java.lang.String,java.lang.String,android.os.CancellationSignal)>",
						"<android.database.sqlite.SQLiteQueryBuilder: void enforceStrictColumns(java.lang.String[])>",
						"<android.database.sqlite.SQLiteQueryBuilder: java.lang.String[] computeProjection(java.lang.String[])>",
						"<android.database.sqlite.SQLiteQueryBuilder: java.lang.String computeSingleProjectionOrThrow(java.lang.String)>",
						"<android.database.sqlite.SQLiteQueryBuilder: java.lang.String computeSingleProjection(java.lang.String)>",
						"key field: <android.database.sqlite.SQLiteQueryBuilder: java.util.Map mProjectionMap>",
						"<android.database.sqlite.SQLiteQueryBuilder: void enforceStrictColumns(android.content.ContentValues)>"
					],
					"depth":7,
					"method":"<android.database.TranslatingCursor: android.database.Cursor query(android.database.TranslatingCursor$Config,android.database.TranslatingCursor$Translator,android.database.sqlite.SQLiteQueryBuilder,android.database.sqlite.SQLiteDatabase,java.lang.String[],java.lang.String,java.lang.String[],java.lang.String,java.lang.String,java.lang.String,java.lang.String,android.os.CancellationSignal)>",
					"source":"FIELDCALLER"
				}
			],
			"callerOfSingnlar2SourceVar":{
				"<android.database.sqlite.SQLiteQueryBuilder: int update(android.database.sqlite.SQLiteDatabase,android.content.ContentValues,java.lang.String,java.lang.String[])>":"1",
				"<android.database.sqlite.SQLiteQueryBuilder: void enforceStrictColumns(android.content.ContentValues)>":"0",
				"<android.database.sqlite.SQLiteQueryBuilder: long insert(android.database.sqlite.SQLiteDatabase,android.content.ContentValues)>":"1"
			}
		},
		{
			"method":"<android.database.sqlite.SQLiteQueryBuilder: void enforceStrictToken(java.lang.String)>",
			"message":"\\QInvalid token \\E[\\s\\S]*",
			"relatedVarType":"Parameter",
			"relatedCondType":"Basic",
			"modifier":"private",
			"type":"java.lang.IllegalArgumentException",
			"osVersionRelated":false,
			"resourceRelated":false,
			"assessRelated":false,
			"hardwareRelated":false,
			"manifestRelated":false,
			"conditions":"z13 == 0, b1, $z3 == 0",
			"paramValues":"@parameter0: java.lang.String",
			"relatedValues":"@parameter0: java.lang.String; ; ",
			"keyAPISameClassNum":0,
			"keyAPIDiffClassNum":0,
			"keyAPISameClass":[
				{
					"trace":[
						"<android.database.sqlite.SQLiteQueryBuilder: void enforceStrictToken(java.lang.String)>"
					],
					"depth":0,
					"method":"<android.database.sqlite.SQLiteQueryBuilder: void enforceStrictToken(java.lang.String)>",
					"source":"CALLER"
				},
				{
					"trace":[
						"<android.database.sqlite.SQLiteQueryBuilder: void lambda$W2yQ6UjYGqGIu6HEomKgdgvGNKI(android.database.sqlite.SQLiteQueryBuilder,java.lang.String)>",
						"<android.database.sqlite.SQLiteQueryBuilder: void enforceStrictToken(java.lang.String)>"
					],
					"depth":1,
					"method":"<android.database.sqlite.SQLiteQueryBuilder: void lambda$W2yQ6UjYGqGIu6HEomKgdgvGNKI(android.database.sqlite.SQLiteQueryBuilder,java.lang.String)>",
					"source":"CALLER"
				}
			],
			"keyAPIDiffClass":[
				{
					"trace":[
						"<android.database.sqlite._$$Lambda$SQLiteQueryBuilder$W2yQ6UjYGqGIu6HEomKgdgvGNKI: void accept(java.lang.Object)>",
						"<android.database.sqlite.SQLiteQueryBuilder: void lambda$W2yQ6UjYGqGIu6HEomKgdgvGNKI(android.database.sqlite.SQLiteQueryBuilder,java.lang.String)>",
						"<android.database.sqlite.SQLiteQueryBuilder: void enforceStrictToken(java.lang.String)>"
					],
					"depth":2,
					"method":"<android.database.sqlite._$$Lambda$SQLiteQueryBuilder$W2yQ6UjYGqGIu6HEomKgdgvGNKI: void accept(java.lang.Object)>",
					"source":"CALLER"
				},
				{
					"trace":[
						"<java.util.function.Consumer: void accept(java.lang.Object)>",
						"<android.database.sqlite.SQLiteQueryBuilder: void lambda$W2yQ6UjYGqGIu6HEomKgdgvGNKI(android.database.sqlite.SQLiteQueryBuilder,java.lang.String)>",
						"<android.database.sqlite.SQLiteQueryBuilder: void enforceStrictToken(java.lang.String)>"
					],
					"depth":2,
					"method":"<java.util.function.Consumer: void accept(java.lang.Object)>",
					"source":"CALLER"
				}
			],
			"callerOfSingnlar2SourceVar":{
				"<android.database.sqlite.SQLiteQueryBuilder: void lambda$W2yQ6UjYGqGIu6HEomKgdgvGNKI(android.database.sqlite.SQLiteQueryBuilder,java.lang.String)>":"1",
				"<android.database.sqlite.SQLiteQueryBuilder: void enforceStrictToken(java.lang.String)>":"0"
			}
		},
		{
			"method":"<android.database.sqlite.SQLiteQueryBuilder: java.lang.String buildInsert(android.content.ContentValues)>",
			"message":"\\QEmpty values\\E",
			"relatedVarType":"Parameter",
			"relatedCondType":"Basic",
			"modifier":"public",
			"type":"java.lang.IllegalArgumentException",
			"osVersionRelated":false,
			"resourceRelated":false,
			"assessRelated":false,
			"hardwareRelated":false,
			"manifestRelated":false,
			"conditions":"r18 == null, $z0 != 0",
			"paramValues":"@parameter0: android.content.ContentValues",
			"relatedValues":"@parameter0: android.content.ContentValues; ; ",
			"keyAPISameClassNum":0,
			"keyAPIDiffClassNum":0,
			"keyAPISameClass":[
				{
					"trace":[
						"<android.database.sqlite.SQLiteQueryBuilder: java.lang.String buildInsert(android.content.ContentValues)>"
					],
					"depth":0,
					"method":"<android.database.sqlite.SQLiteQueryBuilder: java.lang.String buildInsert(android.content.ContentValues)>",
					"source":"CALLER"
				},
				{
					"trace":[
						"<android.database.sqlite.SQLiteQueryBuilder: long insert(android.database.sqlite.SQLiteDatabase,android.content.ContentValues)>",
						"<android.database.sqlite.SQLiteQueryBuilder: java.lang.String buildInsert(android.content.ContentValues)>"
					],
					"depth":1,
					"method":"<android.database.sqlite.SQLiteQueryBuilder: long insert(android.database.sqlite.SQLiteDatabase,android.content.ContentValues)>",
					"source":"CALLER"
				}
			],
			"keyAPIDiffClass":[],
			"callerOfSingnlar2SourceVar":{
				"<android.database.sqlite.SQLiteQueryBuilder: long insert(android.database.sqlite.SQLiteDatabase,android.content.ContentValues)>":"1",
				"<android.database.sqlite.SQLiteQueryBuilder: java.lang.String buildInsert(android.content.ContentValues)>":"0"
			}
		},
		{
			"method":"<android.database.sqlite.SQLiteQueryBuilder: java.lang.String buildUpdate(android.content.ContentValues,java.lang.String)>",
			"message":"\\QEmpty values\\E",
			"relatedVarType":"Parameter",
			"relatedCondType":"Basic",
			"modifier":"public",
			"type":"java.lang.IllegalArgumentException",
			"osVersionRelated":false,
			"resourceRelated":false,
			"assessRelated":false,
			"hardwareRelated":false,
			"manifestRelated":false,
			"conditions":"r17 == null, $z0 != 0",
			"paramValues":"@parameter0: android.content.ContentValues",
			"relatedValues":"@parameter0: android.content.ContentValues; ; ",
			"keyAPISameClassNum":0,
			"keyAPIDiffClassNum":0,
			"keyAPISameClass":[
				{
					"trace":[
						"<android.database.sqlite.SQLiteQueryBuilder: java.lang.String buildUpdate(android.content.ContentValues,java.lang.String)>"
					],
					"depth":0,
					"method":"<android.database.sqlite.SQLiteQueryBuilder: java.lang.String buildUpdate(android.content.ContentValues,java.lang.String)>",
					"source":"CALLER"
				},
				{
					"trace":[
						"<android.database.sqlite.SQLiteQueryBuilder: int update(android.database.sqlite.SQLiteDatabase,android.content.ContentValues,java.lang.String,java.lang.String[])>",
						"<android.database.sqlite.SQLiteQueryBuilder: java.lang.String buildUpdate(android.content.ContentValues,java.lang.String)>"
					],
					"depth":1,
					"method":"<android.database.sqlite.SQLiteQueryBuilder: int update(android.database.sqlite.SQLiteDatabase,android.content.ContentValues,java.lang.String,java.lang.String[])>",
					"source":"CALLER"
				}
			],
			"keyAPIDiffClass":[],
			"callerOfSingnlar2SourceVar":{
				"<android.database.sqlite.SQLiteQueryBuilder: int update(android.database.sqlite.SQLiteDatabase,android.content.ContentValues,java.lang.String,java.lang.String[])>":"1",
				"<android.database.sqlite.SQLiteQueryBuilder: java.lang.String buildUpdate(android.content.ContentValues,java.lang.String)>":"0"
			}
		}
	]
}