{
	"exceptions":[
		{
			"method":"<android.app.ActivityThread$AndroidOs: void deleteDeprecatedDataPath(java.lang.String)>",
			"message":"[\\s\\S]*",
			"relatedVarType":"Parameter",
			"relatedCondType":"Basic",
			"modifier":"private",
			"type":"java.lang.Throwable",
			"osVersionRelated":false,
			"resourceRelated":false,
			"assessRelated":false,
			"hardwareRelated":false,
			"manifestRelated":false,
			"conditions":"$i1 == 0",
			"paramValues":"@parameter0: java.lang.String",
			"caughtValues":"@caughtexception",
			"relatedValues":"@parameter0: java.lang.String; ; @caughtexception",
			"keyAPISameClassNum":0,
			"keyAPIDiffClassNum":0,
			"keyAPISameClass":[
				{
					"trace":[
						"<android.app.ActivityThread$AndroidOs: void deleteDeprecatedDataPath(java.lang.String)>"
					],
					"depth":0,
					"method":"<android.app.ActivityThread$AndroidOs: void deleteDeprecatedDataPath(java.lang.String)>",
					"source":"CALLER"
				},
				{
					"trace":[
						"<android.app.ActivityThread$AndroidOs: void remove(java.lang.String)>",
						"<android.app.ActivityThread$AndroidOs: void deleteDeprecatedDataPath(java.lang.String)>"
					],
					"depth":1,
					"method":"<android.app.ActivityThread$AndroidOs: void remove(java.lang.String)>",
					"source":"CALLER"
				},
				{
					"trace":[
						"<android.app.ActivityThread$AndroidOs: void unlink(java.lang.String)>",
						"<android.app.ActivityThread$AndroidOs: void deleteDeprecatedDataPath(java.lang.String)>"
					],
					"depth":1,
					"method":"<android.app.ActivityThread$AndroidOs: void unlink(java.lang.String)>",
					"source":"CALLER"
				}
			],
			"keyAPIDiffClass":[],
			"callerOfSingnlar2SourceVar":{
				"<android.app.ActivityThread$AndroidOs: void deleteDeprecatedDataPath(java.lang.String)>":"0",
				"<android.app.ActivityThread$AndroidOs: void unlink(java.lang.String)>":"0",
				"<android.app.ActivityThread$AndroidOs: void remove(java.lang.String)>":"0"
			}
		},
		{
			"method":"<android.app.ActivityThread$AndroidOs: void deleteDeprecatedDataPath(java.lang.String)>",
			"message":"[\\s\\S]*",
			"relatedVarType":"Parameter",
			"relatedCondType":"Basic",
			"modifier":"private",
			"type":"java.io.FileNotFoundException",
			"osVersionRelated":false,
			"resourceRelated":false,
			"assessRelated":false,
			"hardwareRelated":false,
			"manifestRelated":false,
			"conditions":"$i1 == 0",
			"paramValues":"@parameter0: java.lang.String",
			"relatedValues":"@parameter0: java.lang.String; ; ",
			"keyAPISameClassNum":0,
			"keyAPIDiffClassNum":0,
			"keyAPISameClass":[
				{
					"trace":[
						"<android.app.ActivityThread$AndroidOs: void deleteDeprecatedDataPath(java.lang.String)>"
					],
					"depth":0,
					"method":"<android.app.ActivityThread$AndroidOs: void deleteDeprecatedDataPath(java.lang.String)>",
					"source":"CALLER"
				},
				{
					"trace":[
						"<android.app.ActivityThread$AndroidOs: void remove(java.lang.String)>",
						"<android.app.ActivityThread$AndroidOs: void deleteDeprecatedDataPath(java.lang.String)>"
					],
					"depth":1,
					"method":"<android.app.ActivityThread$AndroidOs: void remove(java.lang.String)>",
					"source":"CALLER"
				},
				{
					"trace":[
						"<android.app.ActivityThread$AndroidOs: void unlink(java.lang.String)>",
						"<android.app.ActivityThread$AndroidOs: void deleteDeprecatedDataPath(java.lang.String)>"
					],
					"depth":1,
					"method":"<android.app.ActivityThread$AndroidOs: void unlink(java.lang.String)>",
					"source":"CALLER"
				}
			],
			"keyAPIDiffClass":[],
			"callerOfSingnlar2SourceVar":{
				"<android.app.ActivityThread$AndroidOs: void deleteDeprecatedDataPath(java.lang.String)>":"0",
				"<android.app.ActivityThread$AndroidOs: void unlink(java.lang.String)>":"0",
				"<android.app.ActivityThread$AndroidOs: void remove(java.lang.String)>":"0"
			}
		},
		{
			"method":"<android.app.ActivityThread$AndroidOs: void deleteDeprecatedDataPath(java.lang.String)>",
			"message":"[\\s\\S]*",
			"relatedVarType":"Parameter",
			"relatedCondType":"Basic",
			"modifier":"private",
			"type":"java.lang.Throwable",
			"osVersionRelated":false,
			"resourceRelated":false,
			"assessRelated":false,
			"hardwareRelated":false,
			"manifestRelated":false,
			"conditions":"$i1 == 0",
			"paramValues":"@parameter0: java.lang.String",
			"caughtValues":"@caughtexception",
			"relatedValues":"@parameter0: java.lang.String; ; @caughtexception",
			"keyAPISameClassNum":0,
			"keyAPIDiffClassNum":0,
			"keyAPISameClass":[
				{
					"trace":[
						"<android.app.ActivityThread$AndroidOs: void deleteDeprecatedDataPath(java.lang.String)>"
					],
					"depth":0,
					"method":"<android.app.ActivityThread$AndroidOs: void deleteDeprecatedDataPath(java.lang.String)>",
					"source":"CALLER"
				},
				{
					"trace":[
						"<android.app.ActivityThread$AndroidOs: void remove(java.lang.String)>",
						"<android.app.ActivityThread$AndroidOs: void deleteDeprecatedDataPath(java.lang.String)>"
					],
					"depth":1,
					"method":"<android.app.ActivityThread$AndroidOs: void remove(java.lang.String)>",
					"source":"CALLER"
				},
				{
					"trace":[
						"<android.app.ActivityThread$AndroidOs: void unlink(java.lang.String)>",
						"<android.app.ActivityThread$AndroidOs: void deleteDeprecatedDataPath(java.lang.String)>"
					],
					"depth":1,
					"method":"<android.app.ActivityThread$AndroidOs: void unlink(java.lang.String)>",
					"source":"CALLER"
				}
			],
			"keyAPIDiffClass":[],
			"callerOfSingnlar2SourceVar":{
				"<android.app.ActivityThread$AndroidOs: void deleteDeprecatedDataPath(java.lang.String)>":"0",
				"<android.app.ActivityThread$AndroidOs: void unlink(java.lang.String)>":"0",
				"<android.app.ActivityThread$AndroidOs: void remove(java.lang.String)>":"0"
			}
		},
		{
			"method":"<android.app.ActivityThread$AndroidOs: java.io.FileDescriptor openDeprecatedDataPath(java.lang.String,int)>",
			"message":"[\\s\\S]*",
			"relatedVarType":"Unknown",
			"relatedCondType":"Empty",
			"modifier":"private",
			"type":"java.lang.Throwable",
			"osVersionRelated":false,
			"resourceRelated":false,
			"assessRelated":false,
			"hardwareRelated":false,
			"manifestRelated":false,
			"caughtValues":"@caughtexception",
			"relatedValues":"; ; @caughtexception",
			"keyAPISameClassNum":0,
			"keyAPIDiffClassNum":0,
			"keyAPISameClass":[],
			"keyAPIDiffClass":[],
			"callerOfSingnlar2SourceVar":{}
		},
		{
			"method":"<android.app.ActivityThread$AndroidOs: java.io.FileDescriptor openDeprecatedDataPath(java.lang.String,int)>",
			"message":"[\\s\\S]*",
			"relatedVarType":"Unknown",
			"relatedCondType":"Empty",
			"modifier":"private",
			"type":"java.lang.Throwable",
			"osVersionRelated":false,
			"resourceRelated":false,
			"assessRelated":false,
			"hardwareRelated":false,
			"manifestRelated":false,
			"caughtValues":"@caughtexception",
			"relatedValues":"; ; @caughtexception",
			"keyAPISameClassNum":0,
			"keyAPIDiffClassNum":0,
			"keyAPISameClass":[],
			"keyAPIDiffClass":[],
			"callerOfSingnlar2SourceVar":{}
		}
	]
}