{
	"exceptions":[
		{
			"method":"<android.content.pm.split.DefaultSplitAssetLoader: android.content.res.ApkAssets loadApkAssets(java.lang.String,int)>",
			"message":"[\\s\\S]*",
			"relatedVarType":"Parameter",
			"relatedCondType":"Basic",
			"modifier":"private",
			"type":"android.content.pm.PackageParser$PackageParserException",
			"osVersionRelated":false,
			"resourceRelated":false,
			"assessRelated":false,
			"hardwareRelated":false,
			"manifestRelated":false,
			"conditions":"$i1 == 0, $z0 == 0",
			"paramValues":"@parameter0: java.lang.String, @parameter1: int",
			"caughtValues":"@caughtexception",
			"relatedValues":"@parameter0: java.lang.String, @parameter1: int; ; @caughtexception",
			"keyAPISameClassNum":0,
			"keyAPIDiffClassNum":0,
			"keyAPISameClass":[
				{
					"trace":[
						"<android.content.pm.split.DefaultSplitAssetLoader: android.content.res.ApkAssets loadApkAssets(java.lang.String,int)>"
					],
					"depth":0,
					"method":"<android.content.pm.split.DefaultSplitAssetLoader: android.content.res.ApkAssets loadApkAssets(java.lang.String,int)>",
					"source":"CALLER"
				}
			],
			"keyAPIDiffClass":[],
			"callerOfSingnlar2SourceVar":{
				"<android.content.pm.split.DefaultSplitAssetLoader: android.content.res.ApkAssets loadApkAssets(java.lang.String,int)>":"0, 1"
			}
		},
		{
			"method":"<android.content.pm.split.DefaultSplitAssetLoader: android.content.res.ApkAssets loadApkAssets(java.lang.String,int)>",
			"message":"[\\s\\S]*",
			"relatedVarType":"Parameter",
			"relatedCondType":"Basic",
			"modifier":"private",
			"type":"android.content.pm.PackageParser$PackageParserException",
			"osVersionRelated":false,
			"resourceRelated":false,
			"assessRelated":false,
			"hardwareRelated":false,
			"manifestRelated":false,
			"conditions":"$z0 == 0, $i1 == 0",
			"paramValues":"@parameter0: java.lang.String, @parameter1: int",
			"relatedValues":"@parameter0: java.lang.String, @parameter1: int; ; ",
			"keyAPISameClassNum":0,
			"keyAPIDiffClassNum":0,
			"keyAPISameClass":[
				{
					"trace":[
						"<android.content.pm.split.DefaultSplitAssetLoader: android.content.res.ApkAssets loadApkAssets(java.lang.String,int)>"
					],
					"depth":0,
					"method":"<android.content.pm.split.DefaultSplitAssetLoader: android.content.res.ApkAssets loadApkAssets(java.lang.String,int)>",
					"source":"CALLER"
				}
			],
			"keyAPIDiffClass":[],
			"callerOfSingnlar2SourceVar":{
				"<android.content.pm.split.DefaultSplitAssetLoader: android.content.res.ApkAssets loadApkAssets(java.lang.String,int)>":"0, 1"
			}
		}
	]
}