{
	"exceptions":[
		{
			"method":"<android.content.pm.ShortcutManager$ShareShortcutInfo: void <init>(android.content.pm.ShortcutInfo,android.content.ComponentName)>",
			"message":"\\Qshortcut info is null\\E",
			"relatedVarType":"Parameter",
			"relatedCondType":"Basic",
			"modifier":"public",
			"type":"java.lang.NullPointerException",
			"osVersionRelated":false,
			"resourceRelated":false,
			"assessRelated":false,
			"hardwareRelated":false,
			"manifestRelated":false,
			"conditions":"r1 == null",
			"paramValues":"@parameter0: android.content.pm.ShortcutInfo",
			"relatedValues":"@parameter0: android.content.pm.ShortcutInfo; ; ",
			"keyAPISameClassNum":0,
			"keyAPIDiffClassNum":0,
			"keyAPISameClass":[
				{
					"trace":[
						"<android.content.pm.ShortcutManager$ShareShortcutInfo: void <init>(android.content.pm.ShortcutInfo,android.content.ComponentName)>"
					],
					"depth":0,
					"method":"<android.content.pm.ShortcutManager$ShareShortcutInfo: void <init>(android.content.pm.ShortcutInfo,android.content.ComponentName)>",
					"source":"CALLER"
				}
			],
			"keyAPIDiffClass":[],
			"callerOfSingnlar2SourceVar":{
				"<android.content.pm.ShortcutManager$ShareShortcutInfo: void <init>(android.content.pm.ShortcutInfo,android.content.ComponentName)>":"0"
			}
		},
		{
			"method":"<android.content.pm.ShortcutManager$ShareShortcutInfo: void <init>(android.content.pm.ShortcutInfo,android.content.ComponentName)>",
			"message":"\\Qtarget component is null\\E",
			"relatedVarType":"Parameter",
			"relatedCondType":"Basic",
			"modifier":"public",
			"type":"java.lang.NullPointerException",
			"osVersionRelated":false,
			"resourceRelated":false,
			"assessRelated":false,
			"hardwareRelated":false,
			"manifestRelated":false,
			"conditions":"r3 == null, r1 == null",
			"paramValues":"@parameter1: android.content.ComponentName, @parameter0: android.content.pm.ShortcutInfo",
			"relatedValues":"@parameter1: android.content.ComponentName, @parameter0: android.content.pm.ShortcutInfo; ; ",
			"keyAPISameClassNum":0,
			"keyAPIDiffClassNum":0,
			"keyAPISameClass":[
				{
					"trace":[
						"<android.content.pm.ShortcutManager$ShareShortcutInfo: void <init>(android.content.pm.ShortcutInfo,android.content.ComponentName)>"
					],
					"depth":0,
					"method":"<android.content.pm.ShortcutManager$ShareShortcutInfo: void <init>(android.content.pm.ShortcutInfo,android.content.ComponentName)>",
					"source":"CALLER"
				}
			],
			"keyAPIDiffClass":[],
			"callerOfSingnlar2SourceVar":{
				"<android.content.pm.ShortcutManager$ShareShortcutInfo: void <init>(android.content.pm.ShortcutInfo,android.content.ComponentName)>":"1, 0"
			}
		}
	]
}