{
	"exceptions":[
		{
			"method":"<android.content.pm.BaseParceledListSlice: void verifySameType(java.lang.Class,java.lang.Class)>",
			"message":"\\QCan't unparcel type \\E[\\s\\S]*\\Q in list of type \\E[\\s\\S]*\\Q in list of type \\E[\\s\\S]*",
			"relatedVarType":"Parameter",
			"relatedCondType":"Basic",
			"modifier":"private",
			"type":"java.lang.IllegalArgumentException",
			"osVersionRelated":false,
			"resourceRelated":false,
			"assessRelated":false,
			"hardwareRelated":false,
			"manifestRelated":false,
			"conditions":"r4 != null, r5 != null, $z0 != 0",
			"paramValues":"@parameter0: java.lang.Class, @parameter1: java.lang.Class",
			"relatedValues":"@parameter0: java.lang.Class, @parameter1: java.lang.Class; ; ",
			"keyAPISameClassNum":0,
			"keyAPIDiffClassNum":0,
			"keyAPISameClass":[
				{
					"trace":[
						"<android.content.pm.BaseParceledListSlice: void verifySameType(java.lang.Class,java.lang.Class)>"
					],
					"depth":0,
					"method":"<android.content.pm.BaseParceledListSlice: void verifySameType(java.lang.Class,java.lang.Class)>",
					"source":"CALLER"
				}
			],
			"keyAPIDiffClass":[
				{
					"trace":[
						"<android.content.pm.StringParceledListSlice$1: android.content.pm.StringParceledListSlice createFromParcel(android.os.Parcel)>",
						"<android.content.pm.StringParceledListSlice: void <init>(android.os.Parcel,java.lang.ClassLoader,android.content.pm.StringParceledListSlice$1)>",
						"<android.content.pm.StringParceledListSlice: void <init>(android.os.Parcel,java.lang.ClassLoader)>",
						"<android.content.pm.BaseParceledListSlice: void <init>(android.os.Parcel,java.lang.ClassLoader)>",
						"<android.content.pm.BaseParceledListSlice: void verifySameType(java.lang.Class,java.lang.Class)>"
					],
					"depth":4,
					"method":"<android.content.pm.StringParceledListSlice$1: android.content.pm.StringParceledListSlice createFromParcel(android.os.Parcel)>",
					"source":"CALLER"
				},
				{
					"trace":[
						"<android.os.Parcelable$ClassLoaderCreator: java.lang.Object createFromParcel(android.os.Parcel,java.lang.ClassLoader)>",
						"<android.content.pm.StringParceledListSlice: void <init>(android.os.Parcel,java.lang.ClassLoader,android.content.pm.StringParceledListSlice$1)>",
						"<android.content.pm.StringParceledListSlice: void <init>(android.os.Parcel,java.lang.ClassLoader)>",
						"<android.content.pm.BaseParceledListSlice: void <init>(android.os.Parcel,java.lang.ClassLoader)>",
						"<android.content.pm.BaseParceledListSlice: void verifySameType(java.lang.Class,java.lang.Class)>"
					],
					"depth":4,
					"method":"<android.os.Parcelable$ClassLoaderCreator: java.lang.Object createFromParcel(android.os.Parcel,java.lang.ClassLoader)>",
					"source":"CALLER"
				},
				{
					"trace":[
						"<android.content.pm.StringParceledListSlice$1: android.content.pm.StringParceledListSlice createFromParcel(android.os.Parcel,java.lang.ClassLoader)>",
						"<android.content.pm.StringParceledListSlice: void <init>(android.os.Parcel,java.lang.ClassLoader,android.content.pm.StringParceledListSlice$1)>",
						"<android.content.pm.StringParceledListSlice: void <init>(android.os.Parcel,java.lang.ClassLoader)>",
						"<android.content.pm.BaseParceledListSlice: void <init>(android.os.Parcel,java.lang.ClassLoader)>",
						"<android.content.pm.BaseParceledListSlice: void verifySameType(java.lang.Class,java.lang.Class)>"
					],
					"depth":4,
					"method":"<android.content.pm.StringParceledListSlice$1: android.content.pm.StringParceledListSlice createFromParcel(android.os.Parcel,java.lang.ClassLoader)>",
					"source":"CALLER"
				},
				{
					"trace":[
						"<android.content.pm.ParceledListSlice$1: android.content.pm.ParceledListSlice createFromParcel(android.os.Parcel)>",
						"<android.content.pm.ParceledListSlice: void <init>(android.os.Parcel,java.lang.ClassLoader,android.content.pm.ParceledListSlice$1)>",
						"<android.content.pm.ParceledListSlice: void <init>(android.os.Parcel,java.lang.ClassLoader)>",
						"<android.content.pm.BaseParceledListSlice: void <init>(android.os.Parcel,java.lang.ClassLoader)>",
						"<android.content.pm.BaseParceledListSlice: void verifySameType(java.lang.Class,java.lang.Class)>"
					],
					"depth":4,
					"method":"<android.content.pm.ParceledListSlice$1: android.content.pm.ParceledListSlice createFromParcel(android.os.Parcel)>",
					"source":"CALLER"
				},
				{
					"trace":[
						"<android.content.pm.ParceledListSlice$1: android.content.pm.ParceledListSlice createFromParcel(android.os.Parcel,java.lang.ClassLoader)>",
						"<android.content.pm.ParceledListSlice: void <init>(android.os.Parcel,java.lang.ClassLoader,android.content.pm.ParceledListSlice$1)>",
						"<android.content.pm.ParceledListSlice: void <init>(android.os.Parcel,java.lang.ClassLoader)>",
						"<android.content.pm.BaseParceledListSlice: void <init>(android.os.Parcel,java.lang.ClassLoader)>",
						"<android.content.pm.BaseParceledListSlice: void verifySameType(java.lang.Class,java.lang.Class)>"
					],
					"depth":4,
					"method":"<android.content.pm.ParceledListSlice$1: android.content.pm.ParceledListSlice createFromParcel(android.os.Parcel,java.lang.ClassLoader)>",
					"source":"CALLER"
				},
				{
					"trace":[
						"<android.content.pm.StringParceledListSlice$1: java.lang.Object createFromParcel(android.os.Parcel)>",
						"<android.content.pm.StringParceledListSlice$1: android.content.pm.StringParceledListSlice createFromParcel(android.os.Parcel)>",
						"<android.content.pm.StringParceledListSlice: void <init>(android.os.Parcel,java.lang.ClassLoader,android.content.pm.StringParceledListSlice$1)>",
						"<android.content.pm.StringParceledListSlice: void <init>(android.os.Parcel,java.lang.ClassLoader)>",
						"<android.content.pm.BaseParceledListSlice: void <init>(android.os.Parcel,java.lang.ClassLoader)>",
						"<android.content.pm.BaseParceledListSlice: void verifySameType(java.lang.Class,java.lang.Class)>"
					],
					"depth":5,
					"method":"<android.content.pm.StringParceledListSlice$1: java.lang.Object createFromParcel(android.os.Parcel)>",
					"source":"CALLER"
				},
				{
					"trace":[
						"<android.content.pm.StringParceledListSlice$1: java.lang.Object createFromParcel(android.os.Parcel,java.lang.ClassLoader)>",
						"<android.content.pm.StringParceledListSlice$1: android.content.pm.StringParceledListSlice createFromParcel(android.os.Parcel,java.lang.ClassLoader)>",
						"<android.content.pm.StringParceledListSlice: void <init>(android.os.Parcel,java.lang.ClassLoader,android.content.pm.StringParceledListSlice$1)>",
						"<android.content.pm.StringParceledListSlice: void <init>(android.os.Parcel,java.lang.ClassLoader)>",
						"<android.content.pm.BaseParceledListSlice: void <init>(android.os.Parcel,java.lang.ClassLoader)>",
						"<android.content.pm.BaseParceledListSlice: void verifySameType(java.lang.Class,java.lang.Class)>"
					],
					"depth":5,
					"method":"<android.content.pm.StringParceledListSlice$1: java.lang.Object createFromParcel(android.os.Parcel,java.lang.ClassLoader)>",
					"source":"CALLER"
				},
				{
					"trace":[
						"<android.content.pm.ParceledListSlice$1: java.lang.Object createFromParcel(android.os.Parcel)>",
						"<android.content.pm.ParceledListSlice$1: android.content.pm.ParceledListSlice createFromParcel(android.os.Parcel)>",
						"<android.content.pm.ParceledListSlice: void <init>(android.os.Parcel,java.lang.ClassLoader,android.content.pm.ParceledListSlice$1)>",
						"<android.content.pm.ParceledListSlice: void <init>(android.os.Parcel,java.lang.ClassLoader)>",
						"<android.content.pm.BaseParceledListSlice: void <init>(android.os.Parcel,java.lang.ClassLoader)>",
						"<android.content.pm.BaseParceledListSlice: void verifySameType(java.lang.Class,java.lang.Class)>"
					],
					"depth":5,
					"method":"<android.content.pm.ParceledListSlice$1: java.lang.Object createFromParcel(android.os.Parcel)>",
					"source":"CALLER"
				},
				{
					"trace":[
						"<android.content.pm.ParceledListSlice$1: java.lang.Object createFromParcel(android.os.Parcel,java.lang.ClassLoader)>",
						"<android.content.pm.ParceledListSlice$1: android.content.pm.ParceledListSlice createFromParcel(android.os.Parcel,java.lang.ClassLoader)>",
						"<android.content.pm.ParceledListSlice: void <init>(android.os.Parcel,java.lang.ClassLoader,android.content.pm.ParceledListSlice$1)>",
						"<android.content.pm.ParceledListSlice: void <init>(android.os.Parcel,java.lang.ClassLoader)>",
						"<android.content.pm.BaseParceledListSlice: void <init>(android.os.Parcel,java.lang.ClassLoader)>",
						"<android.content.pm.BaseParceledListSlice: void verifySameType(java.lang.Class,java.lang.Class)>"
					],
					"depth":5,
					"method":"<android.content.pm.ParceledListSlice$1: java.lang.Object createFromParcel(android.os.Parcel,java.lang.ClassLoader)>",
					"source":"CALLER"
				}
			],
			"callerOfSingnlar2SourceVar":{
				"<android.content.pm.BaseParceledListSlice: void access$300(java.lang.Class,java.lang.Class)>":"0, 1",
				"<android.content.pm.BaseParceledListSlice: void verifySameType(java.lang.Class,java.lang.Class)>":"0, 1"
			}
		}
	]
}