{
	"exceptions":[
		{
			"method":"<android.content.pm.InstantAppResolveInfo$InstantAppDigest: void <init>(java.lang.String,int)>",
			"message":"[\\s\\S]*",
			"relatedVarType":"Parameter",
			"relatedCondType":"Basic",
			"modifier":"public",
			"type":"java.lang.IllegalArgumentException",
			"osVersionRelated":false,
			"resourceRelated":false,
			"assessRelated":false,
			"hardwareRelated":false,
			"manifestRelated":false,
			"conditions":"r10 == null",
			"paramValues":"@parameter0: java.lang.String",
			"relatedValues":"@parameter0: java.lang.String; ; ",
			"keyAPISameClassNum":0,
			"keyAPIDiffClassNum":0,
			"keyAPISameClass":[
				{
					"trace":[
						"<android.content.pm.InstantAppResolveInfo$InstantAppDigest: void <init>(java.lang.String,int)>"
					],
					"depth":0,
					"method":"<android.content.pm.InstantAppResolveInfo$InstantAppDigest: void <init>(java.lang.String,int)>",
					"source":"CALLER"
				},
				{
					"trace":[
						"<android.content.pm.InstantAppResolveInfo$InstantAppDigest: void <init>(java.lang.String)>",
						"<android.content.pm.InstantAppResolveInfo$InstantAppDigest: void <init>(java.lang.String,int)>"
					],
					"depth":1,
					"method":"<android.content.pm.InstantAppResolveInfo$InstantAppDigest: void <init>(java.lang.String)>",
					"source":"CALLER"
				}
			],
			"keyAPIDiffClass":[
				{
					"trace":[
						"<android.content.pm.InstantAppResolveInfo: void <init>(java.lang.String,java.lang.String,java.util.List)>",
						"<android.content.pm.InstantAppResolveInfo$InstantAppDigest: void <init>(java.lang.String)>",
						"<android.content.pm.InstantAppResolveInfo$InstantAppDigest: void <init>(java.lang.String,int)>"
					],
					"depth":2,
					"method":"<android.content.pm.InstantAppResolveInfo: void <init>(java.lang.String,java.lang.String,java.util.List)>",
					"source":"CALLER"
				}
			],
			"callerOfSingnlar2SourceVar":{
				"<android.content.pm.InstantAppResolveInfo$InstantAppDigest: void <init>(java.lang.String)>":"0",
				"<android.content.pm.InstantAppResolveInfo$InstantAppDigest: void <init>(java.lang.String,int)>":"0",
				"<android.content.pm.InstantAppResolveInfo: void <init>(java.lang.String,java.lang.String,java.util.List)>":"0"
			}
		},
		{
			"method":"<android.content.pm.InstantAppResolveInfo$InstantAppDigest: byte[][] generateDigest(java.lang.String,int)>",
			"message":"\\Qcould not find digest algorithm\\E",
			"relatedVarType":"Parameter",
			"relatedCondType":"Basic",
			"modifier":"private",
			"type":"java.lang.IllegalStateException",
			"osVersionRelated":false,
			"resourceRelated":false,
			"assessRelated":false,
			"hardwareRelated":false,
			"manifestRelated":false,
			"conditions":"i0 > 0",
			"paramValues":"@parameter1: int",
			"caughtValues":"@caughtexception",
			"relatedValues":"@parameter1: int; ; @caughtexception",
			"keyAPISameClassNum":0,
			"keyAPIDiffClassNum":0,
			"keyAPISameClass":[
				{
					"trace":[
						"<android.content.pm.InstantAppResolveInfo$InstantAppDigest: byte[][] generateDigest(java.lang.String,int)>"
					],
					"depth":0,
					"method":"<android.content.pm.InstantAppResolveInfo$InstantAppDigest: byte[][] generateDigest(java.lang.String,int)>",
					"source":"CALLER"
				},
				{
					"trace":[
						"<android.content.pm.InstantAppResolveInfo$InstantAppDigest: void <init>(java.lang.String,int)>",
						"<android.content.pm.InstantAppResolveInfo$InstantAppDigest: byte[][] generateDigest(java.lang.String,int)>"
					],
					"depth":1,
					"method":"<android.content.pm.InstantAppResolveInfo$InstantAppDigest: void <init>(java.lang.String,int)>",
					"source":"CALLER"
				}
			],
			"keyAPIDiffClass":[],
			"callerOfSingnlar2SourceVar":{
				"<android.content.pm.InstantAppResolveInfo$InstantAppDigest: void <init>(java.lang.String,int)>":"1",
				"<android.content.pm.InstantAppResolveInfo$InstantAppDigest: byte[][] generateDigest(java.lang.String,int)>":"1"
			}
		}
	]
}