{
	"exceptions":[
		{
			"method":"<android.content.res.loader.ResourcesProvider: android.content.res.loader.ResourcesProvider loadFromSplit(android.content.Context,java.lang.String)>",
			"message":"\\QSplit \\E[\\s\\S]*\\Q not found\\E",
			"relatedVarType":"Parameter",
			"relatedCondType":"Basic",
			"modifier":"public",
			"type":"java.lang.IllegalArgumentException",
			"osVersionRelated":false,
			"resourceRelated":false,
			"assessRelated":false,
			"hardwareRelated":false,
			"manifestRelated":false,
			"conditions":"i0 < 0",
			"paramValues":"@parameter0: android.content.Context, @parameter1: java.lang.String",
			"relatedValues":"@parameter0: android.content.Context, @parameter1: java.lang.String; ; ",
			"keyAPISameClassNum":0,
			"keyAPIDiffClassNum":0,
			"keyAPISameClass":[
				{
					"trace":[
						"<android.content.res.loader.ResourcesProvider: android.content.res.loader.ResourcesProvider loadFromSplit(android.content.Context,java.lang.String)>"
					],
					"depth":0,
					"method":"<android.content.res.loader.ResourcesProvider: android.content.res.loader.ResourcesProvider loadFromSplit(android.content.Context,java.lang.String)>",
					"source":"CALLER"
				}
			],
			"keyAPIDiffClass":[],
			"callerOfSingnlar2SourceVar":{
				"<android.content.res.loader.ResourcesProvider: android.content.res.loader.ResourcesProvider loadFromSplit(android.content.Context,java.lang.String)>":"0, 1"
			}
		},
		{
			"method":"<android.content.res.loader.ResourcesProvider: void close()>",
			"message":"\\QFailed to close provider used by \\E[\\s\\S]*\\Q ResourcesLoader instances\\E",
			"relatedVarType":"Field",
			"relatedCondType":"Basic",
			"modifier":"public",
			"type":"java.lang.IllegalStateException",
			"osVersionRelated":false,
			"resourceRelated":false,
			"assessRelated":false,
			"hardwareRelated":false,
			"manifestRelated":false,
			"conditions":"$i0 != 0, $z0 != 0",
			"fieldValues":"<android.content.res.loader.ResourcesProvider: int mOpenCount>, <android.content.res.loader.ResourcesProvider: boolean mOpen>",
			"relatedValues":"; <android.content.res.loader.ResourcesProvider: int mOpenCount>, <android.content.res.loader.ResourcesProvider: boolean mOpen>; ",
			"keyAPISameClassNum":9,
			"keyAPIDiffClassNum":4,
			"keyAPISameClass":[
				{
					"trace":[
						"<android.content.res.loader.ResourcesProvider: void close()>"
					],
					"depth":1,
					"method":"<android.content.res.loader.ResourcesProvider: void close()>",
					"source":"FIELD"
				},
				{
					"trace":[
						"<android.content.res.loader.ResourcesProvider: android.content.res.loader.ResourcesProvider empty(android.content.res.loader.AssetsProvider)>",
						"<android.content.res.loader.ResourcesProvider: void <init>(android.content.res.ApkAssets)>",
						"key field: <android.content.res.loader.ResourcesProvider: int mOpenCount>",
						"<android.content.res.loader.ResourcesProvider: void close()>"
					],
					"depth":2,
					"method":"<android.content.res.loader.ResourcesProvider: android.content.res.loader.ResourcesProvider empty(android.content.res.loader.AssetsProvider)>",
					"source":"FIELDCALLER"
				},
				{
					"trace":[
						"<android.content.res.loader.ResourcesProvider: android.content.res.loader.ResourcesProvider loadFromTable(android.os.ParcelFileDescriptor,android.content.res.loader.AssetsProvider)>",
						"<android.content.res.loader.ResourcesProvider: void <init>(android.content.res.ApkAssets)>",
						"key field: <android.content.res.loader.ResourcesProvider: int mOpenCount>",
						"<android.content.res.loader.ResourcesProvider: void close()>"
					],
					"depth":2,
					"method":"<android.content.res.loader.ResourcesProvider: android.content.res.loader.ResourcesProvider loadFromTable(android.os.ParcelFileDescriptor,android.content.res.loader.AssetsProvider)>",
					"source":"FIELDCALLER"
				},
				{
					"trace":[
						"<android.content.res.loader.ResourcesProvider: android.content.res.loader.ResourcesProvider loadFromTable(android.os.ParcelFileDescriptor,long,long,android.content.res.loader.AssetsProvider)>",
						"<android.content.res.loader.ResourcesProvider: void <init>(android.content.res.ApkAssets)>",
						"key field: <android.content.res.loader.ResourcesProvider: int mOpenCount>",
						"<android.content.res.loader.ResourcesProvider: void close()>"
					],
					"depth":2,
					"method":"<android.content.res.loader.ResourcesProvider: android.content.res.loader.ResourcesProvider loadFromTable(android.os.ParcelFileDescriptor,long,long,android.content.res.loader.AssetsProvider)>",
					"source":"FIELDCALLER"
				},
				{
					"trace":[
						"<android.content.res.loader.ResourcesProvider: android.content.res.loader.ResourcesProvider loadFromSplit(android.content.Context,java.lang.String)>",
						"<android.content.res.loader.ResourcesProvider: void <init>(android.content.res.ApkAssets)>",
						"key field: <android.content.res.loader.ResourcesProvider: int mOpenCount>",
						"<android.content.res.loader.ResourcesProvider: void close()>"
					],
					"depth":2,
					"method":"<android.content.res.loader.ResourcesProvider: android.content.res.loader.ResourcesProvider loadFromSplit(android.content.Context,java.lang.String)>",
					"source":"FIELDCALLER"
				},
				{
					"trace":[
						"<android.content.res.loader.ResourcesProvider: android.content.res.loader.ResourcesProvider loadFromDirectory(java.lang.String,android.content.res.loader.AssetsProvider)>",
						"<android.content.res.loader.ResourcesProvider: void <init>(android.content.res.ApkAssets)>",
						"key field: <android.content.res.loader.ResourcesProvider: int mOpenCount>",
						"<android.content.res.loader.ResourcesProvider: void close()>"
					],
					"depth":2,
					"method":"<android.content.res.loader.ResourcesProvider: android.content.res.loader.ResourcesProvider loadFromDirectory(java.lang.String,android.content.res.loader.AssetsProvider)>",
					"source":"FIELDCALLER"
				},
				{
					"trace":[
						"<android.content.res.loader.ResourcesProvider: android.content.res.loader.ResourcesProvider loadFromApk(android.os.ParcelFileDescriptor,android.content.res.loader.AssetsProvider)>",
						"<android.content.res.loader.ResourcesProvider: void <init>(android.content.res.ApkAssets)>",
						"key field: <android.content.res.loader.ResourcesProvider: int mOpenCount>",
						"<android.content.res.loader.ResourcesProvider: void close()>"
					],
					"depth":2,
					"method":"<android.content.res.loader.ResourcesProvider: android.content.res.loader.ResourcesProvider loadFromApk(android.os.ParcelFileDescriptor,android.content.res.loader.AssetsProvider)>",
					"source":"FIELDCALLER"
				},
				{
					"trace":[
						"<android.content.res.loader.ResourcesProvider: android.content.res.loader.ResourcesProvider loadFromApk(android.os.ParcelFileDescriptor,long,long,android.content.res.loader.AssetsProvider)>",
						"<android.content.res.loader.ResourcesProvider: void <init>(android.content.res.ApkAssets)>",
						"key field: <android.content.res.loader.ResourcesProvider: int mOpenCount>",
						"<android.content.res.loader.ResourcesProvider: void close()>"
					],
					"depth":2,
					"method":"<android.content.res.loader.ResourcesProvider: android.content.res.loader.ResourcesProvider loadFromApk(android.os.ParcelFileDescriptor,long,long,android.content.res.loader.AssetsProvider)>",
					"source":"FIELDCALLER"
				},
				{
					"trace":[
						"<android.content.res.loader.ResourcesProvider: android.content.res.loader.ResourcesProvider loadFromApk(android.os.ParcelFileDescriptor)>",
						"<android.content.res.loader.ResourcesProvider: android.content.res.loader.ResourcesProvider loadFromApk(android.os.ParcelFileDescriptor,android.content.res.loader.AssetsProvider)>",
						"<android.content.res.loader.ResourcesProvider: void <init>(android.content.res.ApkAssets)>",
						"key field: <android.content.res.loader.ResourcesProvider: int mOpenCount>",
						"<android.content.res.loader.ResourcesProvider: void close()>"
					],
					"depth":3,
					"method":"<android.content.res.loader.ResourcesProvider: android.content.res.loader.ResourcesProvider loadFromApk(android.os.ParcelFileDescriptor)>",
					"source":"FIELDCALLER"
				}
			],
			"keyAPIDiffClass":[
				{
					"trace":[
						"<android.content.res.loader.ResourcesLoader: void addProvider(android.content.res.loader.ResourcesProvider)>",
						"<android.content.res.loader.ResourcesLoader: void notifyProvidersChangedLocked()>",
						"<android.content.res.loader.ResourcesProvider: void decrementRefCount()>",
						"key field: <android.content.res.loader.ResourcesProvider: int mOpenCount>",
						"<android.content.res.loader.ResourcesProvider: void close()>"
					],
					"depth":3,
					"method":"<android.content.res.loader.ResourcesLoader: void addProvider(android.content.res.loader.ResourcesProvider)>",
					"source":"FIELDCALLER"
				},
				{
					"trace":[
						"<android.content.res.loader.ResourcesLoader: void setProviders(java.util.List)>",
						"<android.content.res.loader.ResourcesLoader: void notifyProvidersChangedLocked()>",
						"<android.content.res.loader.ResourcesProvider: void decrementRefCount()>",
						"key field: <android.content.res.loader.ResourcesProvider: int mOpenCount>",
						"<android.content.res.loader.ResourcesProvider: void close()>"
					],
					"depth":3,
					"method":"<android.content.res.loader.ResourcesLoader: void setProviders(java.util.List)>",
					"source":"FIELDCALLER"
				},
				{
					"trace":[
						"<android.content.res.loader.ResourcesLoader: void removeProvider(android.content.res.loader.ResourcesProvider)>",
						"<android.content.res.loader.ResourcesLoader: void notifyProvidersChangedLocked()>",
						"<android.content.res.loader.ResourcesProvider: void decrementRefCount()>",
						"key field: <android.content.res.loader.ResourcesProvider: int mOpenCount>",
						"<android.content.res.loader.ResourcesProvider: void close()>"
					],
					"depth":3,
					"method":"<android.content.res.loader.ResourcesLoader: void removeProvider(android.content.res.loader.ResourcesProvider)>",
					"source":"FIELDCALLER"
				},
				{
					"trace":[
						"<android.content.res.loader.ResourcesLoader: void clearProviders()>",
						"<android.content.res.loader.ResourcesLoader: void notifyProvidersChangedLocked()>",
						"<android.content.res.loader.ResourcesProvider: void decrementRefCount()>",
						"key field: <android.content.res.loader.ResourcesProvider: int mOpenCount>",
						"<android.content.res.loader.ResourcesProvider: void close()>"
					],
					"depth":3,
					"method":"<android.content.res.loader.ResourcesLoader: void clearProviders()>",
					"source":"FIELDCALLER"
				}
			],
			"callerOfSingnlar2SourceVar":{}
		},
		{
			"method":"<android.content.res.loader.ResourcesProvider: void incrementRefCount()>",
			"message":"\\QOperation failed: resources provider is closed\\E",
			"relatedVarType":"Field",
			"relatedCondType":"Basic",
			"modifier":"default",
			"type":"java.lang.IllegalStateException",
			"osVersionRelated":false,
			"resourceRelated":false,
			"assessRelated":false,
			"hardwareRelated":false,
			"manifestRelated":false,
			"conditions":"$z0 == 0",
			"fieldValues":"<android.content.res.loader.ResourcesProvider: boolean mOpen>",
			"relatedValues":"; <android.content.res.loader.ResourcesProvider: boolean mOpen>; ",
			"keyAPISameClassNum":9,
			"keyAPIDiffClassNum":0,
			"keyAPISameClass":[
				{
					"trace":[
						"<android.content.res.loader.ResourcesProvider: void incrementRefCount()>"
					],
					"depth":1,
					"method":"<android.content.res.loader.ResourcesProvider: void close()>",
					"source":"FIELD"
				},
				{
					"trace":[
						"<android.content.res.loader.ResourcesProvider: android.content.res.loader.ResourcesProvider empty(android.content.res.loader.AssetsProvider)>",
						"<android.content.res.loader.ResourcesProvider: void <init>(android.content.res.ApkAssets)>",
						"key field: <android.content.res.loader.ResourcesProvider: boolean mOpen>",
						"<android.content.res.loader.ResourcesProvider: void incrementRefCount()>"
					],
					"depth":2,
					"method":"<android.content.res.loader.ResourcesProvider: android.content.res.loader.ResourcesProvider empty(android.content.res.loader.AssetsProvider)>",
					"source":"FIELDCALLER"
				},
				{
					"trace":[
						"<android.content.res.loader.ResourcesProvider: android.content.res.loader.ResourcesProvider loadFromTable(android.os.ParcelFileDescriptor,android.content.res.loader.AssetsProvider)>",
						"<android.content.res.loader.ResourcesProvider: void <init>(android.content.res.ApkAssets)>",
						"key field: <android.content.res.loader.ResourcesProvider: boolean mOpen>",
						"<android.content.res.loader.ResourcesProvider: void incrementRefCount()>"
					],
					"depth":2,
					"method":"<android.content.res.loader.ResourcesProvider: android.content.res.loader.ResourcesProvider loadFromTable(android.os.ParcelFileDescriptor,android.content.res.loader.AssetsProvider)>",
					"source":"FIELDCALLER"
				},
				{
					"trace":[
						"<android.content.res.loader.ResourcesProvider: android.content.res.loader.ResourcesProvider loadFromTable(android.os.ParcelFileDescriptor,long,long,android.content.res.loader.AssetsProvider)>",
						"<android.content.res.loader.ResourcesProvider: void <init>(android.content.res.ApkAssets)>",
						"key field: <android.content.res.loader.ResourcesProvider: boolean mOpen>",
						"<android.content.res.loader.ResourcesProvider: void incrementRefCount()>"
					],
					"depth":2,
					"method":"<android.content.res.loader.ResourcesProvider: android.content.res.loader.ResourcesProvider loadFromTable(android.os.ParcelFileDescriptor,long,long,android.content.res.loader.AssetsProvider)>",
					"source":"FIELDCALLER"
				},
				{
					"trace":[
						"<android.content.res.loader.ResourcesProvider: android.content.res.loader.ResourcesProvider loadFromSplit(android.content.Context,java.lang.String)>",
						"<android.content.res.loader.ResourcesProvider: void <init>(android.content.res.ApkAssets)>",
						"key field: <android.content.res.loader.ResourcesProvider: boolean mOpen>",
						"<android.content.res.loader.ResourcesProvider: void incrementRefCount()>"
					],
					"depth":2,
					"method":"<android.content.res.loader.ResourcesProvider: android.content.res.loader.ResourcesProvider loadFromSplit(android.content.Context,java.lang.String)>",
					"source":"FIELDCALLER"
				},
				{
					"trace":[
						"<android.content.res.loader.ResourcesProvider: android.content.res.loader.ResourcesProvider loadFromDirectory(java.lang.String,android.content.res.loader.AssetsProvider)>",
						"<android.content.res.loader.ResourcesProvider: void <init>(android.content.res.ApkAssets)>",
						"key field: <android.content.res.loader.ResourcesProvider: boolean mOpen>",
						"<android.content.res.loader.ResourcesProvider: void incrementRefCount()>"
					],
					"depth":2,
					"method":"<android.content.res.loader.ResourcesProvider: android.content.res.loader.ResourcesProvider loadFromDirectory(java.lang.String,android.content.res.loader.AssetsProvider)>",
					"source":"FIELDCALLER"
				},
				{
					"trace":[
						"<android.content.res.loader.ResourcesProvider: android.content.res.loader.ResourcesProvider loadFromApk(android.os.ParcelFileDescriptor,android.content.res.loader.AssetsProvider)>",
						"<android.content.res.loader.ResourcesProvider: void <init>(android.content.res.ApkAssets)>",
						"key field: <android.content.res.loader.ResourcesProvider: boolean mOpen>",
						"<android.content.res.loader.ResourcesProvider: void incrementRefCount()>"
					],
					"depth":2,
					"method":"<android.content.res.loader.ResourcesProvider: android.content.res.loader.ResourcesProvider loadFromApk(android.os.ParcelFileDescriptor,android.content.res.loader.AssetsProvider)>",
					"source":"FIELDCALLER"
				},
				{
					"trace":[
						"<android.content.res.loader.ResourcesProvider: android.content.res.loader.ResourcesProvider loadFromApk(android.os.ParcelFileDescriptor,long,long,android.content.res.loader.AssetsProvider)>",
						"<android.content.res.loader.ResourcesProvider: void <init>(android.content.res.ApkAssets)>",
						"key field: <android.content.res.loader.ResourcesProvider: boolean mOpen>",
						"<android.content.res.loader.ResourcesProvider: void incrementRefCount()>"
					],
					"depth":2,
					"method":"<android.content.res.loader.ResourcesProvider: android.content.res.loader.ResourcesProvider loadFromApk(android.os.ParcelFileDescriptor,long,long,android.content.res.loader.AssetsProvider)>",
					"source":"FIELDCALLER"
				},
				{
					"trace":[
						"<android.content.res.loader.ResourcesProvider: android.content.res.loader.ResourcesProvider loadFromApk(android.os.ParcelFileDescriptor)>",
						"<android.content.res.loader.ResourcesProvider: android.content.res.loader.ResourcesProvider loadFromApk(android.os.ParcelFileDescriptor,android.content.res.loader.AssetsProvider)>",
						"<android.content.res.loader.ResourcesProvider: void <init>(android.content.res.ApkAssets)>",
						"key field: <android.content.res.loader.ResourcesProvider: boolean mOpen>",
						"<android.content.res.loader.ResourcesProvider: void incrementRefCount()>"
					],
					"depth":3,
					"method":"<android.content.res.loader.ResourcesProvider: android.content.res.loader.ResourcesProvider loadFromApk(android.os.ParcelFileDescriptor)>",
					"source":"FIELDCALLER"
				}
			],
			"keyAPIDiffClass":[],
			"callerOfSingnlar2SourceVar":{}
		}
	]
}