{
	"exceptions":[
		{
			"method":"<android.accessibilityservice.GestureDescription$StrokeDescription: void <init>(android.graphics.Path,long,long,boolean)>",
			"message":"\\QPath has more than one contour\\E",
			"relatedVarType":"ParaAndField",
			"relatedCondType":"Basic",
			"modifier":"public",
			"type":"java.lang.IllegalArgumentException",
			"osVersionRelated":false,
			"resourceRelated":false,
			"assessRelated":false,
			"hardwareRelated":false,
			"manifestRelated":false,
			"conditions":"$z3 != 0, $b11 != 0, $b10 < 0",
			"paramValues":"@parameter0: android.graphics.Path",
			"fieldValues":"<android.accessibilityservice.GestureDescription$StrokeDescription: android.graphics.PathMeasure mPathMeasure>",
			"relatedValues":"@parameter0: android.graphics.Path; <android.accessibilityservice.GestureDescription$StrokeDescription: android.graphics.PathMeasure mPathMeasure>; ",
			"keyAPISameClassNum":3,
			"keyAPIDiffClassNum":2,
			"keyAPISameClass":[
				{
					"trace":[
						"<android.accessibilityservice.GestureDescription$StrokeDescription: void <init>(android.graphics.Path,long,long,boolean)>"
					],
					"depth":1,
					"method":"<android.accessibilityservice.GestureDescription$StrokeDescription: void <init>(android.graphics.Path,long,long,boolean)>",
					"source":"FIELD"
				},
				{
					"trace":[
						"<android.accessibilityservice.GestureDescription$StrokeDescription: void <init>(android.graphics.Path,long,long)>",
						"<android.accessibilityservice.GestureDescription$StrokeDescription: void <init>(android.graphics.Path,long,long,boolean)>",
						"key field: <android.accessibilityservice.GestureDescription$StrokeDescription: android.graphics.PathMeasure mPathMeasure>",
						"<android.accessibilityservice.GestureDescription$StrokeDescription: void <init>(android.graphics.Path,long,long,boolean)>"
					],
					"depth":2,
					"method":"<android.accessibilityservice.GestureDescription$StrokeDescription: void <init>(android.graphics.Path,long,long)>",
					"source":"FIELDCALLER"
				},
				{
					"trace":[
						"<android.accessibilityservice.GestureDescription$StrokeDescription: android.accessibilityservice.GestureDescription$StrokeDescription continueStroke(android.graphics.Path,long,long,boolean)>",
						"<android.accessibilityservice.GestureDescription$StrokeDescription: void <init>(android.graphics.Path,long,long,boolean)>",
						"key field: <android.accessibilityservice.GestureDescription$StrokeDescription: android.graphics.PathMeasure mPathMeasure>",
						"<android.accessibilityservice.GestureDescription$StrokeDescription: void <init>(android.graphics.Path,long,long,boolean)>"
					],
					"depth":2,
					"method":"<android.accessibilityservice.GestureDescription$StrokeDescription: android.accessibilityservice.GestureDescription$StrokeDescription continueStroke(android.graphics.Path,long,long,boolean)>",
					"source":"FIELDCALLER"
				}
			],
			"keyAPIDiffClass":[
				{
					"trace":[
						"<android.accessibilityservice.GestureDescription$MotionEventGenerator: java.util.List getGestureStepsFromGestureDescription(android.accessibilityservice.GestureDescription,int)>",
						"<android.accessibilityservice.GestureDescription: int access$300(android.accessibilityservice.GestureDescription,long,android.accessibilityservice.GestureDescription$TouchPoint[])>",
						"<android.accessibilityservice.GestureDescription: int getPointsForTime(long,android.accessibilityservice.GestureDescription$TouchPoint[])>",
						"<android.accessibilityservice.GestureDescription$StrokeDescription: boolean getPosForTime(long,float[])>",
						"<android.accessibilityservice.GestureDescription$StrokeDescription: float getLength()>",
						"key field: <android.accessibilityservice.GestureDescription$StrokeDescription: android.graphics.PathMeasure mPathMeasure>",
						"<android.accessibilityservice.GestureDescription$StrokeDescription: void <init>(android.graphics.Path,long,long,boolean)>"
					],
					"depth":5,
					"method":"<android.accessibilityservice.GestureDescription$MotionEventGenerator: java.util.List getGestureStepsFromGestureDescription(android.accessibilityservice.GestureDescription,int)>",
					"source":"FIELDCALLER"
				},
				{
					"trace":[
						"<android.accessibilityservice.AccessibilityService: boolean dispatchGesture(android.accessibilityservice.GestureDescription,android.accessibilityservice.AccessibilityService$GestureResultCallback,android.os.Handler)>",
						"<android.accessibilityservice.GestureDescription$MotionEventGenerator: java.util.List getGestureStepsFromGestureDescription(android.accessibilityservice.GestureDescription,int)>",
						"<android.accessibilityservice.GestureDescription: int access$300(android.accessibilityservice.GestureDescription,long,android.accessibilityservice.GestureDescription$TouchPoint[])>",
						"<android.accessibilityservice.GestureDescription: int getPointsForTime(long,android.accessibilityservice.GestureDescription$TouchPoint[])>",
						"<android.accessibilityservice.GestureDescription$StrokeDescription: boolean getPosForTime(long,float[])>",
						"<android.accessibilityservice.GestureDescription$StrokeDescription: float getLength()>",
						"key field: <android.accessibilityservice.GestureDescription$StrokeDescription: android.graphics.PathMeasure mPathMeasure>",
						"<android.accessibilityservice.GestureDescription$StrokeDescription: void <init>(android.graphics.Path,long,long,boolean)>"
					],
					"depth":6,
					"method":"<android.accessibilityservice.AccessibilityService: boolean dispatchGesture(android.accessibilityservice.GestureDescription,android.accessibilityservice.AccessibilityService$GestureResultCallback,android.os.Handler)>",
					"source":"FIELDCALLER"
				}
			],
			"callerOfSingnlar2SourceVar":{
				"<android.accessibilityservice.GestureDescription$StrokeDescription: void <init>(android.graphics.Path,long,long)>":"0",
				"<android.accessibilityservice.GestureDescription$StrokeDescription: android.accessibilityservice.GestureDescription$StrokeDescription continueStroke(android.graphics.Path,long,long,boolean)>":"0",
				"<android.accessibilityservice.GestureDescription$StrokeDescription: void <init>(android.graphics.Path,long,long,boolean)>":"0"
			}
		},
		{
			"method":"<android.accessibilityservice.GestureDescription$StrokeDescription: android.accessibilityservice.GestureDescription$StrokeDescription continueStroke(android.graphics.Path,long,long,boolean)>",
			"message":"\\QOnly strokes marked willContinue can be continued\\E",
			"relatedVarType":"Field",
			"relatedCondType":"Basic",
			"modifier":"public",
			"type":"java.lang.IllegalStateException",
			"osVersionRelated":false,
			"resourceRelated":false,
			"assessRelated":false,
			"hardwareRelated":false,
			"manifestRelated":false,
			"conditions":"$z0 == 0",
			"fieldValues":"<android.accessibilityservice.GestureDescription$StrokeDescription: boolean mContinued>",
			"relatedValues":"; <android.accessibilityservice.GestureDescription$StrokeDescription: boolean mContinued>; ",
			"keyAPISameClassNum":3,
			"keyAPIDiffClassNum":0,
			"keyAPISameClass":[
				{
					"trace":[
						"<android.accessibilityservice.GestureDescription$StrokeDescription: android.accessibilityservice.GestureDescription$StrokeDescription continueStroke(android.graphics.Path,long,long,boolean)>"
					],
					"depth":1,
					"method":"<android.accessibilityservice.GestureDescription$StrokeDescription: void <init>(android.graphics.Path,long,long,boolean)>",
					"source":"FIELD"
				},
				{
					"trace":[
						"<android.accessibilityservice.GestureDescription$StrokeDescription: void <init>(android.graphics.Path,long,long)>",
						"<android.accessibilityservice.GestureDescription$StrokeDescription: void <init>(android.graphics.Path,long,long,boolean)>",
						"key field: <android.accessibilityservice.GestureDescription$StrokeDescription: boolean mContinued>",
						"<android.accessibilityservice.GestureDescription$StrokeDescription: android.accessibilityservice.GestureDescription$StrokeDescription continueStroke(android.graphics.Path,long,long,boolean)>"
					],
					"depth":2,
					"method":"<android.accessibilityservice.GestureDescription$StrokeDescription: void <init>(android.graphics.Path,long,long)>",
					"source":"FIELDCALLER"
				},
				{
					"trace":[
						"<android.accessibilityservice.GestureDescription$StrokeDescription: android.accessibilityservice.GestureDescription$StrokeDescription continueStroke(android.graphics.Path,long,long,boolean)>",
						"<android.accessibilityservice.GestureDescription$StrokeDescription: void <init>(android.graphics.Path,long,long,boolean)>",
						"key field: <android.accessibilityservice.GestureDescription$StrokeDescription: boolean mContinued>",
						"<android.accessibilityservice.GestureDescription$StrokeDescription: android.accessibilityservice.GestureDescription$StrokeDescription continueStroke(android.graphics.Path,long,long,boolean)>"
					],
					"depth":2,
					"method":"<android.accessibilityservice.GestureDescription$StrokeDescription: android.accessibilityservice.GestureDescription$StrokeDescription continueStroke(android.graphics.Path,long,long,boolean)>",
					"source":"FIELDCALLER"
				}
			],
			"keyAPIDiffClass":[],
			"callerOfSingnlar2SourceVar":{}
		}
	]
}