{
	"exceptions":[
		{
			"method":"<android.content.integrity.Rule: java.lang.String effectToString(int)>",
			"message":"\\QUnknown effect \\E[\\s\\S]*",
			"relatedVarType":"Parameter",
			"relatedCondType":"Basic",
			"modifier":"private",
			"type":"java.lang.IllegalArgumentException",
			"osVersionRelated":false,
			"resourceRelated":false,
			"assessRelated":false,
			"hardwareRelated":false,
			"manifestRelated":false,
			"conditions":"i0 != 1, i0 == 0",
			"paramValues":"@parameter0: int",
			"relatedValues":"@parameter0: int; ; ",
			"keyAPISameClassNum":0,
			"keyAPIDiffClassNum":0,
			"keyAPISameClass":[
				{
					"trace":[
						"<android.content.integrity.Rule: java.lang.String effectToString(int)>"
					],
					"depth":0,
					"method":"<android.content.integrity.Rule: java.lang.String effectToString(int)>",
					"source":"CALLER"
				}
			],
			"keyAPIDiffClass":[],
			"callerOfSingnlar2SourceVar":{
				"<android.content.integrity.Rule: java.lang.String effectToString(int)>":"0"
			}
		}
	]
}