{
	"exceptions":[
		{
			"method":"<android.bluetooth.BluetoothA2dp: void verifyDeviceNotNull(android.bluetooth.BluetoothDevice,java.lang.String)>",
			"message":"\\QDevice cannot be null\\E",
			"relatedVarType":"Parameter",
			"relatedCondType":"Basic",
			"modifier":"private",
			"type":"java.lang.IllegalArgumentException",
			"osVersionRelated":false,
			"resourceRelated":false,
			"assessRelated":false,
			"hardwareRelated":false,
			"manifestRelated":false,
			"conditions":"r7 == null",
			"paramValues":"@parameter0: android.bluetooth.BluetoothDevice",
			"relatedValues":"@parameter0: android.bluetooth.BluetoothDevice; ; ",
			"keyAPISameClassNum":0,
			"keyAPIDiffClassNum":0,
			"keyAPISameClass":[
				{
					"trace":[
						"<android.bluetooth.BluetoothA2dp: void verifyDeviceNotNull(android.bluetooth.BluetoothDevice,java.lang.String)>"
					],
					"depth":0,
					"method":"<android.bluetooth.BluetoothA2dp: void verifyDeviceNotNull(android.bluetooth.BluetoothDevice,java.lang.String)>",
					"source":"CALLER"
				},
				{
					"trace":[
						"<android.bluetooth.BluetoothA2dp: void disableOptionalCodecs(android.bluetooth.BluetoothDevice)>",
						"<android.bluetooth.BluetoothA2dp: void verifyDeviceNotNull(android.bluetooth.BluetoothDevice,java.lang.String)>"
					],
					"depth":1,
					"method":"<android.bluetooth.BluetoothA2dp: void disableOptionalCodecs(android.bluetooth.BluetoothDevice)>",
					"source":"CALLER"
				},
				{
					"trace":[
						"<android.bluetooth.BluetoothA2dp: void setOptionalCodecsEnabled(android.bluetooth.BluetoothDevice,int)>",
						"<android.bluetooth.BluetoothA2dp: void verifyDeviceNotNull(android.bluetooth.BluetoothDevice,java.lang.String)>"
					],
					"depth":1,
					"method":"<android.bluetooth.BluetoothA2dp: void setOptionalCodecsEnabled(android.bluetooth.BluetoothDevice,int)>",
					"source":"CALLER"
				},
				{
					"trace":[
						"<android.bluetooth.BluetoothA2dp: void setCodecConfigPreference(android.bluetooth.BluetoothDevice,android.bluetooth.BluetoothCodecConfig)>",
						"<android.bluetooth.BluetoothA2dp: void verifyDeviceNotNull(android.bluetooth.BluetoothDevice,java.lang.String)>"
					],
					"depth":1,
					"method":"<android.bluetooth.BluetoothA2dp: void setCodecConfigPreference(android.bluetooth.BluetoothDevice,android.bluetooth.BluetoothCodecConfig)>",
					"source":"CALLER"
				},
				{
					"trace":[
						"<android.bluetooth.BluetoothA2dp: int isOptionalCodecsSupported(android.bluetooth.BluetoothDevice)>",
						"<android.bluetooth.BluetoothA2dp: void verifyDeviceNotNull(android.bluetooth.BluetoothDevice,java.lang.String)>"
					],
					"depth":1,
					"method":"<android.bluetooth.BluetoothA2dp: int isOptionalCodecsSupported(android.bluetooth.BluetoothDevice)>",
					"source":"CALLER"
				},
				{
					"trace":[
						"<android.bluetooth.BluetoothA2dp: int isOptionalCodecsEnabled(android.bluetooth.BluetoothDevice)>",
						"<android.bluetooth.BluetoothA2dp: void verifyDeviceNotNull(android.bluetooth.BluetoothDevice,java.lang.String)>"
					],
					"depth":1,
					"method":"<android.bluetooth.BluetoothA2dp: int isOptionalCodecsEnabled(android.bluetooth.BluetoothDevice)>",
					"source":"CALLER"
				},
				{
					"trace":[
						"<android.bluetooth.BluetoothA2dp: android.bluetooth.BluetoothCodecStatus getCodecStatus(android.bluetooth.BluetoothDevice)>",
						"<android.bluetooth.BluetoothA2dp: void verifyDeviceNotNull(android.bluetooth.BluetoothDevice,java.lang.String)>"
					],
					"depth":1,
					"method":"<android.bluetooth.BluetoothA2dp: android.bluetooth.BluetoothCodecStatus getCodecStatus(android.bluetooth.BluetoothDevice)>",
					"source":"CALLER"
				},
				{
					"trace":[
						"<android.bluetooth.BluetoothA2dp: void enableOptionalCodecs(android.bluetooth.BluetoothDevice)>",
						"<android.bluetooth.BluetoothA2dp: void verifyDeviceNotNull(android.bluetooth.BluetoothDevice,java.lang.String)>"
					],
					"depth":1,
					"method":"<android.bluetooth.BluetoothA2dp: void enableOptionalCodecs(android.bluetooth.BluetoothDevice)>",
					"source":"CALLER"
				}
			],
			"keyAPIDiffClass":[],
			"callerOfSingnlar2SourceVar":{
				"<android.bluetooth.BluetoothA2dp: void setOptionalCodecsEnabled(android.bluetooth.BluetoothDevice,int)>":"0",
				"<android.bluetooth.BluetoothA2dp: int isOptionalCodecsEnabled(android.bluetooth.BluetoothDevice)>":"0",
				"<android.bluetooth.BluetoothA2dp: int isOptionalCodecsSupported(android.bluetooth.BluetoothDevice)>":"0",
				"<android.bluetooth.BluetoothA2dp: android.bluetooth.BluetoothCodecStatus getCodecStatus(android.bluetooth.BluetoothDevice)>":"0",
				"<android.bluetooth.BluetoothA2dp: void setCodecConfigPreference(android.bluetooth.BluetoothDevice,android.bluetooth.BluetoothCodecConfig)>":"0",
				"<android.bluetooth.BluetoothA2dp: void enableOptionalCodecs(android.bluetooth.BluetoothDevice)>":"0",
				"<android.bluetooth.BluetoothA2dp: void disableOptionalCodecs(android.bluetooth.BluetoothDevice)>":"0",
				"<android.bluetooth.BluetoothA2dp: void verifyDeviceNotNull(android.bluetooth.BluetoothDevice,java.lang.String)>":"0"
			}
		},
		{
			"method":"<android.bluetooth.BluetoothA2dp: boolean connect(android.bluetooth.BluetoothDevice)>",
			"message":"[\\s\\S]*",
			"relatedVarType":"Unknown",
			"relatedCondType":"Basic",
			"modifier":"public",
			"type":"java.lang.Throwable",
			"osVersionRelated":false,
			"resourceRelated":false,
			"assessRelated":false,
			"hardwareRelated":false,
			"manifestRelated":false,
			"conditions":"r15 == null, $z0 == 0",
			"caughtValues":"@caughtexception",
			"relatedValues":"; ; @caughtexception",
			"keyAPISameClassNum":0,
			"keyAPIDiffClassNum":0,
			"keyAPISameClass":[],
			"keyAPIDiffClass":[],
			"callerOfSingnlar2SourceVar":{}
		},
		{
			"method":"<android.bluetooth.BluetoothA2dp: boolean disconnect(android.bluetooth.BluetoothDevice)>",
			"message":"[\\s\\S]*",
			"relatedVarType":"Unknown",
			"relatedCondType":"Basic",
			"modifier":"public",
			"type":"java.lang.Throwable",
			"osVersionRelated":false,
			"resourceRelated":false,
			"assessRelated":false,
			"hardwareRelated":false,
			"manifestRelated":false,
			"conditions":"r15 == null, $z0 == 0",
			"caughtValues":"@caughtexception",
			"relatedValues":"; ; @caughtexception",
			"keyAPISameClassNum":0,
			"keyAPIDiffClassNum":0,
			"keyAPISameClass":[],
			"keyAPIDiffClass":[],
			"callerOfSingnlar2SourceVar":{}
		},
		{
			"method":"<android.bluetooth.BluetoothA2dp: android.bluetooth.BluetoothDevice getActiveDevice()>",
			"message":"[\\s\\S]*",
			"relatedVarType":"Unknown",
			"relatedCondType":"Basic",
			"modifier":"public",
			"type":"java.lang.Throwable",
			"osVersionRelated":false,
			"resourceRelated":false,
			"assessRelated":false,
			"hardwareRelated":false,
			"manifestRelated":false,
			"conditions":"r9 == null, $z0 == 0",
			"caughtValues":"@caughtexception",
			"relatedValues":"; ; @caughtexception",
			"keyAPISameClassNum":0,
			"keyAPIDiffClassNum":0,
			"keyAPISameClass":[],
			"keyAPIDiffClass":[],
			"callerOfSingnlar2SourceVar":{}
		},
		{
			"method":"<android.bluetooth.BluetoothA2dp: java.util.List getConnectedDevices()>",
			"message":"[\\s\\S]*",
			"relatedVarType":"Unknown",
			"relatedCondType":"Basic",
			"modifier":"public",
			"type":"java.lang.Throwable",
			"osVersionRelated":false,
			"resourceRelated":false,
			"assessRelated":false,
			"hardwareRelated":false,
			"manifestRelated":false,
			"conditions":"r11 == null, $z0 == 0",
			"caughtValues":"@caughtexception",
			"relatedValues":"; ; @caughtexception",
			"keyAPISameClassNum":0,
			"keyAPIDiffClassNum":0,
			"keyAPISameClass":[],
			"keyAPIDiffClass":[],
			"callerOfSingnlar2SourceVar":{}
		},
		{
			"method":"<android.bluetooth.BluetoothA2dp: int getConnectionPolicy(android.bluetooth.BluetoothDevice)>",
			"message":"[\\s\\S]*",
			"relatedVarType":"Unknown",
			"relatedCondType":"Basic",
			"modifier":"public",
			"type":"java.lang.Throwable",
			"osVersionRelated":false,
			"resourceRelated":false,
			"assessRelated":false,
			"hardwareRelated":false,
			"manifestRelated":false,
			"conditions":"r1 == null, $z0 == 0",
			"caughtValues":"@caughtexception",
			"relatedValues":"; ; @caughtexception",
			"keyAPISameClassNum":0,
			"keyAPIDiffClassNum":0,
			"keyAPISameClass":[],
			"keyAPIDiffClass":[],
			"callerOfSingnlar2SourceVar":{}
		},
		{
			"method":"<android.bluetooth.BluetoothA2dp: int getConnectionState(android.bluetooth.BluetoothDevice)>",
			"message":"[\\s\\S]*",
			"relatedVarType":"Unknown",
			"relatedCondType":"Basic",
			"modifier":"public",
			"type":"java.lang.Throwable",
			"osVersionRelated":false,
			"resourceRelated":false,
			"assessRelated":false,
			"hardwareRelated":false,
			"manifestRelated":false,
			"conditions":"r1 == null, $z0 == 0",
			"caughtValues":"@caughtexception",
			"relatedValues":"; ; @caughtexception",
			"keyAPISameClassNum":0,
			"keyAPIDiffClassNum":0,
			"keyAPISameClass":[],
			"keyAPIDiffClass":[],
			"callerOfSingnlar2SourceVar":{}
		},
		{
			"method":"<android.bluetooth.BluetoothA2dp: java.util.List getDevicesMatchingConnectionStates(int[])>",
			"message":"[\\s\\S]*",
			"relatedVarType":"Unknown",
			"relatedCondType":"Basic",
			"modifier":"public",
			"type":"java.lang.Throwable",
			"osVersionRelated":false,
			"resourceRelated":false,
			"assessRelated":false,
			"hardwareRelated":false,
			"manifestRelated":false,
			"conditions":"r1 == null, $z0 == 0",
			"caughtValues":"@caughtexception",
			"relatedValues":"; ; @caughtexception",
			"keyAPISameClassNum":0,
			"keyAPIDiffClassNum":0,
			"keyAPISameClass":[],
			"keyAPIDiffClass":[],
			"callerOfSingnlar2SourceVar":{}
		},
		{
			"method":"<android.bluetooth.BluetoothA2dp: int getPriority(android.bluetooth.BluetoothDevice)>",
			"message":"[\\s\\S]*",
			"relatedVarType":"Unknown",
			"relatedCondType":"Basic",
			"modifier":"public",
			"type":"java.lang.Throwable",
			"osVersionRelated":false,
			"resourceRelated":false,
			"assessRelated":false,
			"hardwareRelated":false,
			"manifestRelated":false,
			"conditions":"r1 == null, $z0 == 0",
			"caughtValues":"@caughtexception",
			"relatedValues":"; ; @caughtexception",
			"keyAPISameClassNum":0,
			"keyAPIDiffClassNum":0,
			"keyAPISameClass":[],
			"keyAPIDiffClass":[],
			"callerOfSingnlar2SourceVar":{}
		},
		{
			"method":"<android.bluetooth.BluetoothA2dp: boolean isA2dpPlaying(android.bluetooth.BluetoothDevice)>",
			"message":"[\\s\\S]*",
			"relatedVarType":"Unknown",
			"relatedCondType":"Basic",
			"modifier":"public",
			"type":"java.lang.Throwable",
			"osVersionRelated":false,
			"resourceRelated":false,
			"assessRelated":false,
			"hardwareRelated":false,
			"manifestRelated":false,
			"conditions":"r1 == null, $z0 == 0",
			"caughtValues":"@caughtexception",
			"relatedValues":"; ; @caughtexception",
			"keyAPISameClassNum":0,
			"keyAPIDiffClassNum":0,
			"keyAPISameClass":[],
			"keyAPIDiffClass":[],
			"callerOfSingnlar2SourceVar":{}
		},
		{
			"method":"<android.bluetooth.BluetoothA2dp: boolean setActiveDevice(android.bluetooth.BluetoothDevice)>",
			"message":"[\\s\\S]*",
			"relatedVarType":"Unknown",
			"relatedCondType":"Basic",
			"modifier":"public",
			"type":"java.lang.Throwable",
			"osVersionRelated":false,
			"resourceRelated":false,
			"assessRelated":false,
			"hardwareRelated":false,
			"manifestRelated":false,
			"conditions":"r15 == null, r13 == null",
			"caughtValues":"@caughtexception",
			"relatedValues":"; ; @caughtexception",
			"keyAPISameClassNum":0,
			"keyAPIDiffClassNum":0,
			"keyAPISameClass":[],
			"keyAPIDiffClass":[],
			"callerOfSingnlar2SourceVar":{}
		},
		{
			"method":"<android.bluetooth.BluetoothA2dp: void setCodecConfigPreference(android.bluetooth.BluetoothDevice,android.bluetooth.BluetoothCodecConfig)>",
			"message":"\\QcodecConfig cannot be null\\E",
			"relatedVarType":"Parameter",
			"relatedCondType":"Basic",
			"modifier":"public",
			"type":"java.lang.IllegalArgumentException",
			"osVersionRelated":false,
			"resourceRelated":false,
			"assessRelated":false,
			"hardwareRelated":false,
			"manifestRelated":false,
			"conditions":"r6 == null",
			"paramValues":"@parameter1: android.bluetooth.BluetoothCodecConfig",
			"relatedValues":"@parameter1: android.bluetooth.BluetoothCodecConfig; ; ",
			"keyAPISameClassNum":0,
			"keyAPIDiffClassNum":0,
			"keyAPISameClass":[
				{
					"trace":[
						"<android.bluetooth.BluetoothA2dp: void setCodecConfigPreference(android.bluetooth.BluetoothDevice,android.bluetooth.BluetoothCodecConfig)>"
					],
					"depth":0,
					"method":"<android.bluetooth.BluetoothA2dp: void setCodecConfigPreference(android.bluetooth.BluetoothDevice,android.bluetooth.BluetoothCodecConfig)>",
					"source":"CALLER"
				}
			],
			"keyAPIDiffClass":[],
			"callerOfSingnlar2SourceVar":{
				"<android.bluetooth.BluetoothA2dp: void setCodecConfigPreference(android.bluetooth.BluetoothDevice,android.bluetooth.BluetoothCodecConfig)>":"1"
			}
		},
		{
			"method":"<android.bluetooth.BluetoothA2dp: boolean setConnectionPolicy(android.bluetooth.BluetoothDevice,int)>",
			"message":"[\\s\\S]*",
			"relatedVarType":"Unknown",
			"relatedCondType":"Basic",
			"modifier":"public",
			"type":"java.lang.Throwable",
			"osVersionRelated":false,
			"resourceRelated":false,
			"assessRelated":false,
			"hardwareRelated":false,
			"manifestRelated":false,
			"conditions":"r17 == null, $z0 == 0",
			"caughtValues":"@caughtexception",
			"relatedValues":"; ; @caughtexception",
			"keyAPISameClassNum":0,
			"keyAPIDiffClassNum":0,
			"keyAPISameClass":[],
			"keyAPIDiffClass":[],
			"callerOfSingnlar2SourceVar":{}
		},
		{
			"method":"<android.bluetooth.BluetoothA2dp: void setOptionalCodecsEnabled(android.bluetooth.BluetoothDevice,int)>",
			"message":"[\\s\\S]*",
			"relatedVarType":"Parameter",
			"relatedCondType":"Basic",
			"modifier":"public",
			"type":"java.lang.Throwable",
			"osVersionRelated":false,
			"resourceRelated":false,
			"assessRelated":false,
			"hardwareRelated":false,
			"manifestRelated":false,
			"conditions":"i0 == 1, i0 == 0, i0 == -1",
			"paramValues":"@parameter1: int",
			"caughtValues":"@caughtexception",
			"relatedValues":"@parameter1: int; ; @caughtexception",
			"keyAPISameClassNum":0,
			"keyAPIDiffClassNum":0,
			"keyAPISameClass":[
				{
					"trace":[
						"<android.bluetooth.BluetoothA2dp: void setOptionalCodecsEnabled(android.bluetooth.BluetoothDevice,int)>"
					],
					"depth":0,
					"method":"<android.bluetooth.BluetoothA2dp: void setOptionalCodecsEnabled(android.bluetooth.BluetoothDevice,int)>",
					"source":"CALLER"
				}
			],
			"keyAPIDiffClass":[],
			"callerOfSingnlar2SourceVar":{
				"<android.bluetooth.BluetoothA2dp: void setOptionalCodecsEnabled(android.bluetooth.BluetoothDevice,int)>":"1"
			}
		}
	]
}