{
	"exceptions":[
		{
			"method":"<android.app.Notification$BubbleMetadata$Builder: void <init>(android.app.PendingIntent,android.graphics.drawable.Icon)>",
			"message":"\\QBubbles require non-null icon\\E",
			"relatedVarType":"Parameter",
			"relatedCondType":"Basic",
			"modifier":"public",
			"type":"java.lang.NullPointerException",
			"osVersionRelated":false,
			"resourceRelated":false,
			"assessRelated":false,
			"hardwareRelated":false,
			"manifestRelated":false,
			"conditions":"r3 == null, r1 == null",
			"paramValues":"@parameter1: android.graphics.drawable.Icon, @parameter0: android.app.PendingIntent",
			"relatedValues":"@parameter1: android.graphics.drawable.Icon, @parameter0: android.app.PendingIntent; ; ",
			"keyAPISameClassNum":0,
			"keyAPIDiffClassNum":0,
			"keyAPISameClass":[
				{
					"trace":[
						"<android.app.Notification$BubbleMetadata$Builder: void <init>(android.app.PendingIntent,android.graphics.drawable.Icon)>"
					],
					"depth":0,
					"method":"<android.app.Notification$BubbleMetadata$Builder: void <init>(android.app.PendingIntent,android.graphics.drawable.Icon)>",
					"source":"CALLER"
				}
			],
			"keyAPIDiffClass":[],
			"callerOfSingnlar2SourceVar":{
				"<android.app.Notification$BubbleMetadata$Builder: void <init>(android.app.PendingIntent,android.graphics.drawable.Icon)>":"1, 0"
			}
		},
		{
			"method":"<android.app.Notification$BubbleMetadata$Builder: void <init>(android.app.PendingIntent,android.graphics.drawable.Icon)>",
			"message":"\\QBubble requires non-null pending intent\\E",
			"relatedVarType":"Parameter",
			"relatedCondType":"Basic",
			"modifier":"public",
			"type":"java.lang.NullPointerException",
			"osVersionRelated":false,
			"resourceRelated":false,
			"assessRelated":false,
			"hardwareRelated":false,
			"manifestRelated":false,
			"conditions":"r1 == null",
			"paramValues":"@parameter0: android.app.PendingIntent",
			"relatedValues":"@parameter0: android.app.PendingIntent; ; ",
			"keyAPISameClassNum":0,
			"keyAPIDiffClassNum":0,
			"keyAPISameClass":[
				{
					"trace":[
						"<android.app.Notification$BubbleMetadata$Builder: void <init>(android.app.PendingIntent,android.graphics.drawable.Icon)>"
					],
					"depth":0,
					"method":"<android.app.Notification$BubbleMetadata$Builder: void <init>(android.app.PendingIntent,android.graphics.drawable.Icon)>",
					"source":"CALLER"
				}
			],
			"keyAPIDiffClass":[],
			"callerOfSingnlar2SourceVar":{
				"<android.app.Notification$BubbleMetadata$Builder: void <init>(android.app.PendingIntent,android.graphics.drawable.Icon)>":"0"
			}
		},
		{
			"method":"<android.app.Notification$BubbleMetadata$Builder: void <init>(java.lang.String)>",
			"message":"\\QBubble requires a non-null shortcut id\\E",
			"relatedVarType":"Parameter",
			"relatedCondType":"Basic",
			"modifier":"public",
			"type":"java.lang.NullPointerException",
			"osVersionRelated":false,
			"resourceRelated":false,
			"assessRelated":false,
			"hardwareRelated":false,
			"manifestRelated":false,
			"conditions":"$z0 != 0",
			"paramValues":"@parameter0: java.lang.String",
			"relatedValues":"@parameter0: java.lang.String; ; ",
			"keyAPISameClassNum":0,
			"keyAPIDiffClassNum":0,
			"keyAPISameClass":[
				{
					"trace":[
						"<android.app.Notification$BubbleMetadata$Builder: void <init>(java.lang.String)>"
					],
					"depth":0,
					"method":"<android.app.Notification$BubbleMetadata$Builder: void <init>(java.lang.String)>",
					"source":"CALLER"
				}
			],
			"keyAPIDiffClass":[],
			"callerOfSingnlar2SourceVar":{
				"<android.app.Notification$BubbleMetadata$Builder: void <init>(java.lang.String)>":"0"
			}
		},
		{
			"method":"<android.app.Notification$BubbleMetadata$Builder: android.app.Notification$BubbleMetadata build()>",
			"message":"\\QMust supply an icon or shortcut for the bubble\\E",
			"relatedVarType":"Field",
			"relatedCondType":"Basic",
			"modifier":"public",
			"type":"java.lang.NullPointerException",
			"osVersionRelated":false,
			"resourceRelated":false,
			"assessRelated":false,
			"hardwareRelated":false,
			"manifestRelated":false,
			"conditions":"$r9 == null, $r2 != null, $r1 != null",
			"fieldValues":"<android.app.Notification$BubbleMetadata$Builder: android.graphics.drawable.Icon mIcon>, <android.app.Notification$BubbleMetadata$Builder: java.lang.String mShortcutId>",
			"relatedValues":"; <android.app.Notification$BubbleMetadata$Builder: android.graphics.drawable.Icon mIcon>, <android.app.Notification$BubbleMetadata$Builder: java.lang.String mShortcutId>; ",
			"keyAPISameClassNum":6,
			"keyAPIDiffClassNum":0,
			"keyAPISameClass":[
				{
					"trace":[
						"<android.app.Notification$BubbleMetadata$Builder: android.app.Notification$BubbleMetadata build()>"
					],
					"depth":1,
					"method":"<android.app.Notification$BubbleMetadata$Builder: void <init>(android.app.PendingIntent,android.graphics.drawable.Icon)>",
					"source":"FIELD"
				},
				{
					"trace":[
						"<android.app.Notification$BubbleMetadata$Builder: android.app.Notification$BubbleMetadata build()>"
					],
					"depth":1,
					"method":"<android.app.Notification$BubbleMetadata$Builder: android.app.Notification$BubbleMetadata build()>",
					"source":"FIELD"
				},
				{
					"trace":[
						"<android.app.Notification$BubbleMetadata$Builder: android.app.Notification$BubbleMetadata build()>"
					],
					"depth":1,
					"method":"<android.app.Notification$BubbleMetadata$Builder: android.app.Notification$BubbleMetadata$Builder createIntentBubble(android.app.PendingIntent,android.graphics.drawable.Icon)>",
					"source":"FIELD"
				},
				{
					"trace":[
						"<android.app.Notification$BubbleMetadata$Builder: android.app.Notification$BubbleMetadata build()>"
					],
					"depth":1,
					"method":"<android.app.Notification$BubbleMetadata$Builder: android.app.Notification$BubbleMetadata$Builder createShortcutBubble(java.lang.String)>",
					"source":"FIELD"
				},
				{
					"trace":[
						"<android.app.Notification$BubbleMetadata$Builder: android.app.Notification$BubbleMetadata build()>"
					],
					"depth":1,
					"method":"<android.app.Notification$BubbleMetadata$Builder: android.app.Notification$BubbleMetadata$Builder setIcon(android.graphics.drawable.Icon)>",
					"source":"FIELD"
				},
				{
					"trace":[
						"<android.app.Notification$BubbleMetadata$Builder: android.app.Notification$BubbleMetadata build()>"
					],
					"depth":1,
					"method":"<android.app.Notification$BubbleMetadata$Builder: void <init>(java.lang.String)>",
					"source":"FIELD"
				}
			],
			"keyAPIDiffClass":[],
			"callerOfSingnlar2SourceVar":{}
		},
		{
			"method":"<android.app.Notification$BubbleMetadata$Builder: android.app.Notification$BubbleMetadata build()>",
			"message":"\\QMust supply pending intent or shortcut to bubble\\E",
			"relatedVarType":"Field",
			"relatedCondType":"Basic",
			"modifier":"public",
			"type":"java.lang.NullPointerException",
			"osVersionRelated":false,
			"resourceRelated":false,
			"assessRelated":false,
			"hardwareRelated":false,
			"manifestRelated":false,
			"conditions":"$r11 == null, $r1 != null",
			"fieldValues":"<android.app.Notification$BubbleMetadata$Builder: android.app.PendingIntent mPendingIntent>, <android.app.Notification$BubbleMetadata$Builder: java.lang.String mShortcutId>",
			"relatedValues":"; <android.app.Notification$BubbleMetadata$Builder: android.app.PendingIntent mPendingIntent>, <android.app.Notification$BubbleMetadata$Builder: java.lang.String mShortcutId>; ",
			"keyAPISameClassNum":6,
			"keyAPIDiffClassNum":0,
			"keyAPISameClass":[
				{
					"trace":[
						"<android.app.Notification$BubbleMetadata$Builder: android.app.Notification$BubbleMetadata build()>"
					],
					"depth":1,
					"method":"<android.app.Notification$BubbleMetadata$Builder: void <init>(android.app.PendingIntent,android.graphics.drawable.Icon)>",
					"source":"FIELD"
				},
				{
					"trace":[
						"<android.app.Notification$BubbleMetadata$Builder: android.app.Notification$BubbleMetadata build()>"
					],
					"depth":1,
					"method":"<android.app.Notification$BubbleMetadata$Builder: android.app.Notification$BubbleMetadata build()>",
					"source":"FIELD"
				},
				{
					"trace":[
						"<android.app.Notification$BubbleMetadata$Builder: android.app.Notification$BubbleMetadata build()>"
					],
					"depth":1,
					"method":"<android.app.Notification$BubbleMetadata$Builder: android.app.Notification$BubbleMetadata$Builder createIntentBubble(android.app.PendingIntent,android.graphics.drawable.Icon)>",
					"source":"FIELD"
				},
				{
					"trace":[
						"<android.app.Notification$BubbleMetadata$Builder: android.app.Notification$BubbleMetadata build()>"
					],
					"depth":1,
					"method":"<android.app.Notification$BubbleMetadata$Builder: android.app.Notification$BubbleMetadata$Builder createShortcutBubble(java.lang.String)>",
					"source":"FIELD"
				},
				{
					"trace":[
						"<android.app.Notification$BubbleMetadata$Builder: android.app.Notification$BubbleMetadata build()>"
					],
					"depth":1,
					"method":"<android.app.Notification$BubbleMetadata$Builder: android.app.Notification$BubbleMetadata$Builder setIntent(android.app.PendingIntent)>",
					"source":"FIELD"
				},
				{
					"trace":[
						"<android.app.Notification$BubbleMetadata$Builder: android.app.Notification$BubbleMetadata build()>"
					],
					"depth":1,
					"method":"<android.app.Notification$BubbleMetadata$Builder: void <init>(java.lang.String)>",
					"source":"FIELD"
				}
			],
			"keyAPIDiffClass":[],
			"callerOfSingnlar2SourceVar":{}
		},
		{
			"method":"<android.app.Notification$BubbleMetadata$Builder: android.app.Notification$BubbleMetadata$Builder createIntentBubble(android.app.PendingIntent,android.graphics.drawable.Icon)>",
			"message":"\\QBubble requires non-null pending intent\\E",
			"relatedVarType":"Parameter",
			"relatedCondType":"Basic",
			"modifier":"public",
			"type":"java.lang.IllegalArgumentException",
			"osVersionRelated":false,
			"resourceRelated":false,
			"assessRelated":false,
			"hardwareRelated":false,
			"manifestRelated":false,
			"conditions":"r0 == null",
			"paramValues":"@parameter0: android.app.PendingIntent",
			"relatedValues":"@parameter0: android.app.PendingIntent; ; ",
			"keyAPISameClassNum":0,
			"keyAPIDiffClassNum":0,
			"keyAPISameClass":[
				{
					"trace":[
						"<android.app.Notification$BubbleMetadata$Builder: android.app.Notification$BubbleMetadata$Builder createIntentBubble(android.app.PendingIntent,android.graphics.drawable.Icon)>"
					],
					"depth":0,
					"method":"<android.app.Notification$BubbleMetadata$Builder: android.app.Notification$BubbleMetadata$Builder createIntentBubble(android.app.PendingIntent,android.graphics.drawable.Icon)>",
					"source":"CALLER"
				}
			],
			"keyAPIDiffClass":[],
			"callerOfSingnlar2SourceVar":{
				"<android.app.Notification$BubbleMetadata$Builder: android.app.Notification$BubbleMetadata$Builder createIntentBubble(android.app.PendingIntent,android.graphics.drawable.Icon)>":"0"
			}
		},
		{
			"method":"<android.app.Notification$BubbleMetadata$Builder: android.app.Notification$BubbleMetadata$Builder createIntentBubble(android.app.PendingIntent,android.graphics.drawable.Icon)>",
			"message":"\\QBubbles require non-null icon\\E",
			"relatedVarType":"Parameter",
			"relatedCondType":"Basic",
			"modifier":"public",
			"type":"java.lang.IllegalArgumentException",
			"osVersionRelated":false,
			"resourceRelated":false,
			"assessRelated":false,
			"hardwareRelated":false,
			"manifestRelated":false,
			"conditions":"r2 == null, r0 == null",
			"paramValues":"@parameter1: android.graphics.drawable.Icon, @parameter0: android.app.PendingIntent",
			"relatedValues":"@parameter1: android.graphics.drawable.Icon, @parameter0: android.app.PendingIntent; ; ",
			"keyAPISameClassNum":0,
			"keyAPIDiffClassNum":0,
			"keyAPISameClass":[
				{
					"trace":[
						"<android.app.Notification$BubbleMetadata$Builder: android.app.Notification$BubbleMetadata$Builder createIntentBubble(android.app.PendingIntent,android.graphics.drawable.Icon)>"
					],
					"depth":0,
					"method":"<android.app.Notification$BubbleMetadata$Builder: android.app.Notification$BubbleMetadata$Builder createIntentBubble(android.app.PendingIntent,android.graphics.drawable.Icon)>",
					"source":"CALLER"
				}
			],
			"keyAPIDiffClass":[],
			"callerOfSingnlar2SourceVar":{
				"<android.app.Notification$BubbleMetadata$Builder: android.app.Notification$BubbleMetadata$Builder createIntentBubble(android.app.PendingIntent,android.graphics.drawable.Icon)>":"1, 0"
			}
		},
		{
			"method":"<android.app.Notification$BubbleMetadata$Builder: android.app.Notification$BubbleMetadata$Builder setIcon(android.graphics.drawable.Icon)>",
			"message":"\\QBubbles require non-null icon\\E",
			"relatedVarType":"ParaAndField",
			"relatedCondType":"Basic",
			"modifier":"public",
			"type":"java.lang.NullPointerException",
			"osVersionRelated":false,
			"resourceRelated":false,
			"assessRelated":false,
			"hardwareRelated":false,
			"manifestRelated":false,
			"conditions":"r3 == null, $r1 != null",
			"paramValues":"@parameter0: android.graphics.drawable.Icon",
			"fieldValues":"<android.app.Notification$BubbleMetadata$Builder: java.lang.String mShortcutId>",
			"relatedValues":"@parameter0: android.graphics.drawable.Icon; <android.app.Notification$BubbleMetadata$Builder: java.lang.String mShortcutId>; ",
			"keyAPISameClassNum":4,
			"keyAPIDiffClassNum":0,
			"keyAPISameClass":[
				{
					"trace":[
						"<android.app.Notification$BubbleMetadata$Builder: android.app.Notification$BubbleMetadata$Builder setIcon(android.graphics.drawable.Icon)>"
					],
					"depth":1,
					"method":"<android.app.Notification$BubbleMetadata$Builder: void <init>(java.lang.String)>",
					"source":"FIELD"
				},
				{
					"trace":[
						"<android.app.Notification$BubbleMetadata$Builder: android.app.Notification$BubbleMetadata$Builder setIcon(android.graphics.drawable.Icon)>"
					],
					"depth":1,
					"method":"<android.app.Notification$BubbleMetadata$Builder: android.app.Notification$BubbleMetadata build()>",
					"source":"FIELD"
				},
				{
					"trace":[
						"<android.app.Notification$BubbleMetadata$Builder: android.app.Notification$BubbleMetadata$Builder setIcon(android.graphics.drawable.Icon)>"
					],
					"depth":1,
					"method":"<android.app.Notification$BubbleMetadata$Builder: android.app.Notification$BubbleMetadata$Builder createIntentBubble(android.app.PendingIntent,android.graphics.drawable.Icon)>",
					"source":"FIELD"
				},
				{
					"trace":[
						"<android.app.Notification$BubbleMetadata$Builder: android.app.Notification$BubbleMetadata$Builder setIcon(android.graphics.drawable.Icon)>"
					],
					"depth":1,
					"method":"<android.app.Notification$BubbleMetadata$Builder: android.app.Notification$BubbleMetadata$Builder createShortcutBubble(java.lang.String)>",
					"source":"FIELD"
				}
			],
			"keyAPIDiffClass":[],
			"callerOfSingnlar2SourceVar":{
				"<android.app.Notification$BubbleMetadata$Builder: android.app.Notification$BubbleMetadata$Builder setIcon(android.graphics.drawable.Icon)>":"0"
			}
		},
		{
			"method":"<android.app.Notification$BubbleMetadata$Builder: android.app.Notification$BubbleMetadata$Builder setIcon(android.graphics.drawable.Icon)>",
			"message":"\\QCreated as a shortcut bubble, cannot set an Icon. Consider using BubbleMetadata.Builder(PendingIntent,Icon) instead.\\E",
			"relatedVarType":"Field",
			"relatedCondType":"Basic",
			"modifier":"public",
			"type":"java.lang.IllegalStateException",
			"osVersionRelated":false,
			"resourceRelated":false,
			"assessRelated":false,
			"hardwareRelated":false,
			"manifestRelated":false,
			"conditions":"$r1 != null",
			"fieldValues":"<android.app.Notification$BubbleMetadata$Builder: java.lang.String mShortcutId>",
			"relatedValues":"; <android.app.Notification$BubbleMetadata$Builder: java.lang.String mShortcutId>; ",
			"keyAPISameClassNum":4,
			"keyAPIDiffClassNum":0,
			"keyAPISameClass":[
				{
					"trace":[
						"<android.app.Notification$BubbleMetadata$Builder: android.app.Notification$BubbleMetadata$Builder setIcon(android.graphics.drawable.Icon)>"
					],
					"depth":1,
					"method":"<android.app.Notification$BubbleMetadata$Builder: void <init>(java.lang.String)>",
					"source":"FIELD"
				},
				{
					"trace":[
						"<android.app.Notification$BubbleMetadata$Builder: android.app.Notification$BubbleMetadata$Builder setIcon(android.graphics.drawable.Icon)>"
					],
					"depth":1,
					"method":"<android.app.Notification$BubbleMetadata$Builder: android.app.Notification$BubbleMetadata build()>",
					"source":"FIELD"
				},
				{
					"trace":[
						"<android.app.Notification$BubbleMetadata$Builder: android.app.Notification$BubbleMetadata$Builder setIcon(android.graphics.drawable.Icon)>"
					],
					"depth":1,
					"method":"<android.app.Notification$BubbleMetadata$Builder: android.app.Notification$BubbleMetadata$Builder createIntentBubble(android.app.PendingIntent,android.graphics.drawable.Icon)>",
					"source":"FIELD"
				},
				{
					"trace":[
						"<android.app.Notification$BubbleMetadata$Builder: android.app.Notification$BubbleMetadata$Builder setIcon(android.graphics.drawable.Icon)>"
					],
					"depth":1,
					"method":"<android.app.Notification$BubbleMetadata$Builder: android.app.Notification$BubbleMetadata$Builder createShortcutBubble(java.lang.String)>",
					"source":"FIELD"
				}
			],
			"keyAPIDiffClass":[],
			"callerOfSingnlar2SourceVar":{}
		},
		{
			"method":"<android.app.Notification$BubbleMetadata$Builder: android.app.Notification$BubbleMetadata$Builder setIntent(android.app.PendingIntent)>",
			"message":"\\QBubble requires non-null pending intent\\E",
			"relatedVarType":"ParaAndField",
			"relatedCondType":"Basic",
			"modifier":"public",
			"type":"java.lang.NullPointerException",
			"osVersionRelated":false,
			"resourceRelated":false,
			"assessRelated":false,
			"hardwareRelated":false,
			"manifestRelated":false,
			"conditions":"r3 == null, $r1 != null",
			"paramValues":"@parameter0: android.app.PendingIntent",
			"fieldValues":"<android.app.Notification$BubbleMetadata$Builder: java.lang.String mShortcutId>",
			"relatedValues":"@parameter0: android.app.PendingIntent; <android.app.Notification$BubbleMetadata$Builder: java.lang.String mShortcutId>; ",
			"keyAPISameClassNum":4,
			"keyAPIDiffClassNum":0,
			"keyAPISameClass":[
				{
					"trace":[
						"<android.app.Notification$BubbleMetadata$Builder: android.app.Notification$BubbleMetadata$Builder setIntent(android.app.PendingIntent)>"
					],
					"depth":1,
					"method":"<android.app.Notification$BubbleMetadata$Builder: void <init>(java.lang.String)>",
					"source":"FIELD"
				},
				{
					"trace":[
						"<android.app.Notification$BubbleMetadata$Builder: android.app.Notification$BubbleMetadata$Builder setIntent(android.app.PendingIntent)>"
					],
					"depth":1,
					"method":"<android.app.Notification$BubbleMetadata$Builder: android.app.Notification$BubbleMetadata build()>",
					"source":"FIELD"
				},
				{
					"trace":[
						"<android.app.Notification$BubbleMetadata$Builder: android.app.Notification$BubbleMetadata$Builder setIntent(android.app.PendingIntent)>"
					],
					"depth":1,
					"method":"<android.app.Notification$BubbleMetadata$Builder: android.app.Notification$BubbleMetadata$Builder createIntentBubble(android.app.PendingIntent,android.graphics.drawable.Icon)>",
					"source":"FIELD"
				},
				{
					"trace":[
						"<android.app.Notification$BubbleMetadata$Builder: android.app.Notification$BubbleMetadata$Builder setIntent(android.app.PendingIntent)>"
					],
					"depth":1,
					"method":"<android.app.Notification$BubbleMetadata$Builder: android.app.Notification$BubbleMetadata$Builder createShortcutBubble(java.lang.String)>",
					"source":"FIELD"
				}
			],
			"keyAPIDiffClass":[],
			"callerOfSingnlar2SourceVar":{
				"<android.app.Notification$BubbleMetadata$Builder: android.app.Notification$BubbleMetadata$Builder setIntent(android.app.PendingIntent)>":"0"
			}
		},
		{
			"method":"<android.app.Notification$BubbleMetadata$Builder: android.app.Notification$BubbleMetadata$Builder setIntent(android.app.PendingIntent)>",
			"message":"\\QCreated as a shortcut bubble, cannot set a PendingIntent. Consider using BubbleMetadata.Builder(PendingIntent,Icon) instead.\\E",
			"relatedVarType":"Field",
			"relatedCondType":"Basic",
			"modifier":"public",
			"type":"java.lang.IllegalStateException",
			"osVersionRelated":false,
			"resourceRelated":false,
			"assessRelated":false,
			"hardwareRelated":false,
			"manifestRelated":false,
			"conditions":"$r1 != null",
			"fieldValues":"<android.app.Notification$BubbleMetadata$Builder: java.lang.String mShortcutId>",
			"relatedValues":"; <android.app.Notification$BubbleMetadata$Builder: java.lang.String mShortcutId>; ",
			"keyAPISameClassNum":4,
			"keyAPIDiffClassNum":0,
			"keyAPISameClass":[
				{
					"trace":[
						"<android.app.Notification$BubbleMetadata$Builder: android.app.Notification$BubbleMetadata$Builder setIntent(android.app.PendingIntent)>"
					],
					"depth":1,
					"method":"<android.app.Notification$BubbleMetadata$Builder: void <init>(java.lang.String)>",
					"source":"FIELD"
				},
				{
					"trace":[
						"<android.app.Notification$BubbleMetadata$Builder: android.app.Notification$BubbleMetadata$Builder setIntent(android.app.PendingIntent)>"
					],
					"depth":1,
					"method":"<android.app.Notification$BubbleMetadata$Builder: android.app.Notification$BubbleMetadata build()>",
					"source":"FIELD"
				},
				{
					"trace":[
						"<android.app.Notification$BubbleMetadata$Builder: android.app.Notification$BubbleMetadata$Builder setIntent(android.app.PendingIntent)>"
					],
					"depth":1,
					"method":"<android.app.Notification$BubbleMetadata$Builder: android.app.Notification$BubbleMetadata$Builder createIntentBubble(android.app.PendingIntent,android.graphics.drawable.Icon)>",
					"source":"FIELD"
				},
				{
					"trace":[
						"<android.app.Notification$BubbleMetadata$Builder: android.app.Notification$BubbleMetadata$Builder setIntent(android.app.PendingIntent)>"
					],
					"depth":1,
					"method":"<android.app.Notification$BubbleMetadata$Builder: android.app.Notification$BubbleMetadata$Builder createShortcutBubble(java.lang.String)>",
					"source":"FIELD"
				}
			],
			"keyAPIDiffClass":[],
			"callerOfSingnlar2SourceVar":{}
		}
	]
}