{
	"exceptions":[
		{
			"method":"<android.app.ActivityThread$H: void handleMessage(android.os.Message)>",
			"message":"",
			"relatedVarType":"Parameter",
			"relatedCondType":"Basic",
			"modifier":"public",
			"type":"android.app.RemoteServiceException",
			"osVersionRelated":false,
			"resourceRelated":false,
			"assessRelated":false,
			"hardwareRelated":false,
			"manifestRelated":false,
			"conditions":"i0",
			"paramValues":"@parameter0: android.os.Message",
			"relatedValues":"@parameter0: android.os.Message; ; ",
			"keyAPISameClassNum":0,
			"keyAPIDiffClassNum":0,
			"keyAPISameClass":[
				{
					"trace":[
						"<android.app.ActivityThread$H: void handleMessage(android.os.Message)>"
					],
					"depth":0,
					"method":"<android.app.ActivityThread$H: void handleMessage(android.os.Message)>",
					"source":"CALLER"
				}
			],
			"keyAPIDiffClass":[],
			"callerOfSingnlar2SourceVar":{
				"<android.app.ActivityThread$H: void handleMessage(android.os.Message)>":"0"
			}
		}
	]
}