{
	"exceptions":[
		{
			"method":"<android.app.admin.DelegatedAdminReceiver: java.lang.String onChoosePrivateKeyAlias(android.content.Context,android.content.Intent,int,android.net.Uri,java.lang.String)>",
			"message":"\\QonChoosePrivateKeyAlias should be implemented\\E",
			"relatedVarType":"Empty",
			"relatedCondType":"Empty",
			"modifier":"public",
			"type":"java.lang.UnsupportedOperationException",
			"osVersionRelated":false,
			"resourceRelated":false,
			"assessRelated":false,
			"hardwareRelated":false,
			"manifestRelated":false,
			"keyAPISameClassNum":0,
			"keyAPIDiffClassNum":0,
			"keyAPISameClass":[],
			"keyAPIDiffClass":[],
			"callerOfSingnlar2SourceVar":{}
		},
		{
			"method":"<android.app.admin.DelegatedAdminReceiver: void onNetworkLogsAvailable(android.content.Context,android.content.Intent,long,int)>",
			"message":"\\QonNetworkLogsAvailable should be implemented\\E",
			"relatedVarType":"Empty",
			"relatedCondType":"Empty",
			"modifier":"public",
			"type":"java.lang.UnsupportedOperationException",
			"osVersionRelated":false,
			"resourceRelated":false,
			"assessRelated":false,
			"hardwareRelated":false,
			"manifestRelated":false,
			"keyAPISameClassNum":0,
			"keyAPIDiffClassNum":0,
			"keyAPISameClass":[],
			"keyAPIDiffClass":[],
			"callerOfSingnlar2SourceVar":{}
		}
	]
}