{
	"exceptions":[
		{
			"method":"<android.bluetooth.BluetoothGattServer: java.util.List getConnectedDevices()>",
			"message":"\\QUse BluetoothManager#getConnectedDevices instead.\\E",
			"relatedVarType":"Empty",
			"relatedCondType":"Empty",
			"modifier":"public",
			"type":"java.lang.UnsupportedOperationException",
			"osVersionRelated":false,
			"resourceRelated":false,
			"assessRelated":false,
			"hardwareRelated":false,
			"manifestRelated":false,
			"keyAPISameClassNum":0,
			"keyAPIDiffClassNum":0,
			"keyAPISameClass":[],
			"keyAPIDiffClass":[],
			"callerOfSingnlar2SourceVar":{}
		},
		{
			"method":"<android.bluetooth.BluetoothGattServer: int getConnectionState(android.bluetooth.BluetoothDevice)>",
			"message":"\\QUse BluetoothManager#getConnectionState instead.\\E",
			"relatedVarType":"Empty",
			"relatedCondType":"Empty",
			"modifier":"public",
			"type":"java.lang.UnsupportedOperationException",
			"osVersionRelated":false,
			"resourceRelated":false,
			"assessRelated":false,
			"hardwareRelated":false,
			"manifestRelated":false,
			"keyAPISameClassNum":0,
			"keyAPIDiffClassNum":0,
			"keyAPISameClass":[],
			"keyAPIDiffClass":[],
			"callerOfSingnlar2SourceVar":{}
		},
		{
			"method":"<android.bluetooth.BluetoothGattServer: java.util.List getDevicesMatchingConnectionStates(int[])>",
			"message":"\\QUse BluetoothManager#getDevicesMatchingConnectionStates instead.\\E",
			"relatedVarType":"Empty",
			"relatedCondType":"Empty",
			"modifier":"public",
			"type":"java.lang.UnsupportedOperationException",
			"osVersionRelated":false,
			"resourceRelated":false,
			"assessRelated":false,
			"hardwareRelated":false,
			"manifestRelated":false,
			"keyAPISameClassNum":0,
			"keyAPIDiffClassNum":0,
			"keyAPISameClass":[],
			"keyAPIDiffClass":[],
			"callerOfSingnlar2SourceVar":{}
		},
		{
			"method":"<android.bluetooth.BluetoothGattServer: boolean notifyCharacteristicChanged(android.bluetooth.BluetoothDevice,android.bluetooth.BluetoothGattCharacteristic,boolean)>",
			"message":"\\QChracteristic value is empty. Use BluetoothGattCharacteristic#setvalue to update\\E",
			"relatedVarType":"ParaAndField",
			"relatedCondType":"Basic",
			"modifier":"public",
			"type":"java.lang.IllegalArgumentException",
			"osVersionRelated":false,
			"resourceRelated":false,
			"assessRelated":false,
			"hardwareRelated":false,
			"manifestRelated":false,
			"conditions":"$r4 == null, $r3 != null, $i0 != 0",
			"paramValues":"@parameter1: android.bluetooth.BluetoothGattCharacteristic",
			"fieldValues":"<android.bluetooth.BluetoothGattServer: int mServerIf>",
			"relatedValues":"@parameter1: android.bluetooth.BluetoothGattCharacteristic; <android.bluetooth.BluetoothGattServer: int mServerIf>; ",
			"keyAPISameClassNum":1,
			"keyAPIDiffClassNum":5,
			"keyAPISameClass":[
				{
					"trace":[
						"<android.bluetooth.BluetoothGattServer: void close()>",
						"<android.bluetooth.BluetoothGattServer: void unregisterCallback()>",
						"key field: <android.bluetooth.BluetoothGattServer: int mServerIf>",
						"<android.bluetooth.BluetoothGattServer: boolean notifyCharacteristicChanged(android.bluetooth.BluetoothDevice,android.bluetooth.BluetoothGattCharacteristic,boolean)>"
					],
					"depth":2,
					"method":"<android.bluetooth.BluetoothGattServer: void close()>",
					"source":"FIELDCALLER"
				}
			],
			"keyAPIDiffClass":[
				{
					"trace":[
						"<android.bluetooth.BluetoothManager: android.bluetooth.BluetoothGattServer openGattServer(android.content.Context,android.bluetooth.BluetoothGattServerCallback,int)>",
						"<android.bluetooth.BluetoothGattServer: void <init>(android.bluetooth.IBluetoothGatt,int)>",
						"key field: <android.bluetooth.BluetoothGattServer: int mServerIf>",
						"<android.bluetooth.BluetoothGattServer: boolean notifyCharacteristicChanged(android.bluetooth.BluetoothDevice,android.bluetooth.BluetoothGattCharacteristic,boolean)>"
					],
					"depth":2,
					"method":"<android.bluetooth.BluetoothManager: android.bluetooth.BluetoothGattServer openGattServer(android.content.Context,android.bluetooth.BluetoothGattServerCallback,int)>",
					"source":"FIELDCALLER"
				},
				{
					"trace":[
						"<android.bluetooth.BluetoothGattServer$1: void onServerRegistered(int,int)>",
						"<android.bluetooth.BluetoothGattServer: int access$202(android.bluetooth.BluetoothGattServer,int)>",
						"key field: <android.bluetooth.BluetoothGattServer: int mServerIf>",
						"<android.bluetooth.BluetoothGattServer: boolean notifyCharacteristicChanged(android.bluetooth.BluetoothDevice,android.bluetooth.BluetoothGattCharacteristic,boolean)>"
					],
					"depth":2,
					"method":"<android.bluetooth.BluetoothGattServer$1: void onServerRegistered(int,int)>",
					"source":"FIELDCALLER"
				},
				{
					"trace":[
						"<android.bluetooth.BluetoothManager: android.bluetooth.BluetoothGattServer openGattServer(android.content.Context,android.bluetooth.BluetoothGattServerCallback)>",
						"<android.bluetooth.BluetoothManager: android.bluetooth.BluetoothGattServer openGattServer(android.content.Context,android.bluetooth.BluetoothGattServerCallback,int)>",
						"<android.bluetooth.BluetoothGattServer: void <init>(android.bluetooth.IBluetoothGatt,int)>",
						"key field: <android.bluetooth.BluetoothGattServer: int mServerIf>",
						"<android.bluetooth.BluetoothGattServer: boolean notifyCharacteristicChanged(android.bluetooth.BluetoothDevice,android.bluetooth.BluetoothGattCharacteristic,boolean)>"
					],
					"depth":3,
					"method":"<android.bluetooth.BluetoothManager: android.bluetooth.BluetoothGattServer openGattServer(android.content.Context,android.bluetooth.BluetoothGattServerCallback)>",
					"source":"FIELDCALLER"
				},
				{
					"trace":[
						"<android.bluetooth.IBluetoothGattServerCallback$Stub: boolean onTransact(int,android.os.Parcel,android.os.Parcel,int)>",
						"<android.bluetooth.BluetoothGattServer$1: void onServerRegistered(int,int)>",
						"<android.bluetooth.BluetoothGattServer: int access$202(android.bluetooth.BluetoothGattServer,int)>",
						"key field: <android.bluetooth.BluetoothGattServer: int mServerIf>",
						"<android.bluetooth.BluetoothGattServer: boolean notifyCharacteristicChanged(android.bluetooth.BluetoothDevice,android.bluetooth.BluetoothGattCharacteristic,boolean)>"
					],
					"depth":3,
					"method":"<android.bluetooth.IBluetoothGattServerCallback$Stub: boolean onTransact(int,android.os.Parcel,android.os.Parcel,int)>",
					"source":"FIELDCALLER"
				},
				{
					"trace":[
						"<android.bluetooth.BluetoothAdapter: void closeProfileProxy(int,android.bluetooth.BluetoothProfile)>",
						"<android.bluetooth.BluetoothGattServer: void close()>",
						"<android.bluetooth.BluetoothGattServer: void unregisterCallback()>",
						"key field: <android.bluetooth.BluetoothGattServer: int mServerIf>",
						"<android.bluetooth.BluetoothGattServer: boolean notifyCharacteristicChanged(android.bluetooth.BluetoothDevice,android.bluetooth.BluetoothGattCharacteristic,boolean)>"
					],
					"depth":3,
					"method":"<android.bluetooth.BluetoothAdapter: void closeProfileProxy(int,android.bluetooth.BluetoothProfile)>",
					"source":"FIELDCALLER"
				}
			],
			"callerOfSingnlar2SourceVar":{
				"<android.bluetooth.BluetoothGattServer: boolean notifyCharacteristicChanged(android.bluetooth.BluetoothDevice,android.bluetooth.BluetoothGattCharacteristic,boolean)>":"1"
			}
		}
	]
}