{
	"exceptions":[
		{
			"method":"<android.app.assist.AssistStructure$ParcelTransferReader: void fetchData()>",
			"message":"\\QFailure reading AssistStructure data: \\E[\\s\\S]*",
			"relatedVarType":"Field",
			"relatedCondType":"Basic",
			"modifier":"private",
			"type":"java.lang.IllegalStateException",
			"osVersionRelated":false,
			"resourceRelated":false,
			"assessRelated":false,
			"hardwareRelated":false,
			"manifestRelated":false,
			"conditions":"$r3 == null",
			"fieldValues":"<android.app.assist.AssistStructure$ParcelTransferReader: android.os.Parcel mCurParcel>",
			"caughtValues":"@caughtexception",
			"relatedValues":"; <android.app.assist.AssistStructure$ParcelTransferReader: android.os.Parcel mCurParcel>; @caughtexception",
			"keyAPISameClassNum":0,
			"keyAPIDiffClassNum":7,
			"keyAPISameClass":[],
			"keyAPIDiffClass":[
				{
					"trace":[
						"<android.app.assist.AssistStructure: void ensureData()>",
						"<android.app.assist.AssistStructure$ParcelTransferReader: void go()>",
						"<android.app.assist.AssistStructure$ParcelTransferReader: void fetchData()>",
						"key field: <android.app.assist.AssistStructure$ParcelTransferReader: android.os.Parcel mCurParcel>",
						"<android.app.assist.AssistStructure$ParcelTransferReader: void fetchData()>"
					],
					"depth":3,
					"method":"<android.app.assist.AssistStructure: void ensureData()>",
					"source":"FIELDCALLER"
				},
				{
					"trace":[
						"<android.app.assist.AssistStructure: void ensureDataForAutofill()>",
						"<android.app.assist.AssistStructure$ParcelTransferReader: void go()>",
						"<android.app.assist.AssistStructure$ParcelTransferReader: void fetchData()>",
						"key field: <android.app.assist.AssistStructure$ParcelTransferReader: android.os.Parcel mCurParcel>",
						"<android.app.assist.AssistStructure$ParcelTransferReader: void fetchData()>"
					],
					"depth":3,
					"method":"<android.app.assist.AssistStructure: void ensureDataForAutofill()>",
					"source":"FIELDCALLER"
				},
				{
					"trace":[
						"<android.app.assist.AssistStructure: int getWindowNodeCount()>",
						"<android.app.assist.AssistStructure: void ensureData()>",
						"<android.app.assist.AssistStructure$ParcelTransferReader: void go()>",
						"<android.app.assist.AssistStructure$ParcelTransferReader: void fetchData()>",
						"key field: <android.app.assist.AssistStructure$ParcelTransferReader: android.os.Parcel mCurParcel>",
						"<android.app.assist.AssistStructure$ParcelTransferReader: void fetchData()>"
					],
					"depth":4,
					"method":"<android.app.assist.AssistStructure: int getWindowNodeCount()>",
					"source":"FIELDCALLER"
				},
				{
					"trace":[
						"<android.app.assist.AssistStructure: android.app.assist.AssistStructure$WindowNode getWindowNodeAt(int)>",
						"<android.app.assist.AssistStructure: void ensureData()>",
						"<android.app.assist.AssistStructure$ParcelTransferReader: void go()>",
						"<android.app.assist.AssistStructure$ParcelTransferReader: void fetchData()>",
						"key field: <android.app.assist.AssistStructure$ParcelTransferReader: android.os.Parcel mCurParcel>",
						"<android.app.assist.AssistStructure$ParcelTransferReader: void fetchData()>"
					],
					"depth":4,
					"method":"<android.app.assist.AssistStructure: android.app.assist.AssistStructure$WindowNode getWindowNodeAt(int)>",
					"source":"FIELDCALLER"
				},
				{
					"trace":[
						"<android.app.assist.AssistStructure: long getAcquisitionStartTime()>",
						"<android.app.assist.AssistStructure: void ensureData()>",
						"<android.app.assist.AssistStructure$ParcelTransferReader: void go()>",
						"<android.app.assist.AssistStructure$ParcelTransferReader: void fetchData()>",
						"key field: <android.app.assist.AssistStructure$ParcelTransferReader: android.os.Parcel mCurParcel>",
						"<android.app.assist.AssistStructure$ParcelTransferReader: void fetchData()>"
					],
					"depth":4,
					"method":"<android.app.assist.AssistStructure: long getAcquisitionStartTime()>",
					"source":"FIELDCALLER"
				},
				{
					"trace":[
						"<android.app.assist.AssistStructure: long getAcquisitionEndTime()>",
						"<android.app.assist.AssistStructure: void ensureData()>",
						"<android.app.assist.AssistStructure$ParcelTransferReader: void go()>",
						"<android.app.assist.AssistStructure$ParcelTransferReader: void fetchData()>",
						"key field: <android.app.assist.AssistStructure$ParcelTransferReader: android.os.Parcel mCurParcel>",
						"<android.app.assist.AssistStructure$ParcelTransferReader: void fetchData()>"
					],
					"depth":4,
					"method":"<android.app.assist.AssistStructure: long getAcquisitionEndTime()>",
					"source":"FIELDCALLER"
				},
				{
					"trace":[
						"<android.app.assist.AssistStructure: void dump(boolean)>",
						"<android.app.assist.AssistStructure: int getWindowNodeCount()>",
						"<android.app.assist.AssistStructure: void ensureData()>",
						"<android.app.assist.AssistStructure$ParcelTransferReader: void go()>",
						"<android.app.assist.AssistStructure$ParcelTransferReader: void fetchData()>",
						"key field: <android.app.assist.AssistStructure$ParcelTransferReader: android.os.Parcel mCurParcel>",
						"<android.app.assist.AssistStructure$ParcelTransferReader: void fetchData()>"
					],
					"depth":5,
					"method":"<android.app.assist.AssistStructure: void dump(boolean)>",
					"source":"FIELDCALLER"
				}
			],
			"callerOfSingnlar2SourceVar":{}
		},
		{
			"method":"<android.app.assist.AssistStructure$ParcelTransferReader: android.os.Parcel readParcel(int,int)>",
			"message":"\\QGot token \\E[\\s\\S]*\\Q, expected token \\E[\\s\\S]*",
			"relatedVarType":"ParaAndField",
			"relatedCondType":"Basic",
			"modifier":"default",
			"type":"android.os.BadParcelableException",
			"osVersionRelated":false,
			"resourceRelated":false,
			"assessRelated":false,
			"hardwareRelated":false,
			"manifestRelated":false,
			"conditions":"i3 != i1, i3 == 0",
			"paramValues":"@parameter0: int",
			"fieldValues":"<android.app.assist.AssistStructure$ParcelTransferReader: android.os.Parcel mCurParcel>",
			"relatedValues":"@parameter0: int; <android.app.assist.AssistStructure$ParcelTransferReader: android.os.Parcel mCurParcel>; ",
			"keyAPISameClassNum":0,
			"keyAPIDiffClassNum":7,
			"keyAPISameClass":[],
			"keyAPIDiffClass":[
				{
					"trace":[
						"<android.app.assist.AssistStructure: void ensureData()>",
						"<android.app.assist.AssistStructure$ParcelTransferReader: void go()>",
						"<android.app.assist.AssistStructure$ParcelTransferReader: void fetchData()>",
						"key field: <android.app.assist.AssistStructure$ParcelTransferReader: android.os.Parcel mCurParcel>",
						"<android.app.assist.AssistStructure$ParcelTransferReader: android.os.Parcel readParcel(int,int)>"
					],
					"depth":3,
					"method":"<android.app.assist.AssistStructure: void ensureData()>",
					"source":"FIELDCALLER"
				},
				{
					"trace":[
						"<android.app.assist.AssistStructure: void ensureDataForAutofill()>",
						"<android.app.assist.AssistStructure$ParcelTransferReader: void go()>",
						"<android.app.assist.AssistStructure$ParcelTransferReader: void fetchData()>",
						"key field: <android.app.assist.AssistStructure$ParcelTransferReader: android.os.Parcel mCurParcel>",
						"<android.app.assist.AssistStructure$ParcelTransferReader: android.os.Parcel readParcel(int,int)>"
					],
					"depth":3,
					"method":"<android.app.assist.AssistStructure: void ensureDataForAutofill()>",
					"source":"FIELDCALLER"
				},
				{
					"trace":[
						"<android.app.assist.AssistStructure: int getWindowNodeCount()>",
						"<android.app.assist.AssistStructure: void ensureData()>",
						"<android.app.assist.AssistStructure$ParcelTransferReader: void go()>",
						"<android.app.assist.AssistStructure$ParcelTransferReader: void fetchData()>",
						"key field: <android.app.assist.AssistStructure$ParcelTransferReader: android.os.Parcel mCurParcel>",
						"<android.app.assist.AssistStructure$ParcelTransferReader: android.os.Parcel readParcel(int,int)>"
					],
					"depth":4,
					"method":"<android.app.assist.AssistStructure: int getWindowNodeCount()>",
					"source":"FIELDCALLER"
				},
				{
					"trace":[
						"<android.app.assist.AssistStructure: android.app.assist.AssistStructure$WindowNode getWindowNodeAt(int)>",
						"<android.app.assist.AssistStructure: void ensureData()>",
						"<android.app.assist.AssistStructure$ParcelTransferReader: void go()>",
						"<android.app.assist.AssistStructure$ParcelTransferReader: void fetchData()>",
						"key field: <android.app.assist.AssistStructure$ParcelTransferReader: android.os.Parcel mCurParcel>",
						"<android.app.assist.AssistStructure$ParcelTransferReader: android.os.Parcel readParcel(int,int)>"
					],
					"depth":4,
					"method":"<android.app.assist.AssistStructure: android.app.assist.AssistStructure$WindowNode getWindowNodeAt(int)>",
					"source":"FIELDCALLER"
				},
				{
					"trace":[
						"<android.app.assist.AssistStructure: long getAcquisitionStartTime()>",
						"<android.app.assist.AssistStructure: void ensureData()>",
						"<android.app.assist.AssistStructure$ParcelTransferReader: void go()>",
						"<android.app.assist.AssistStructure$ParcelTransferReader: void fetchData()>",
						"key field: <android.app.assist.AssistStructure$ParcelTransferReader: android.os.Parcel mCurParcel>",
						"<android.app.assist.AssistStructure$ParcelTransferReader: android.os.Parcel readParcel(int,int)>"
					],
					"depth":4,
					"method":"<android.app.assist.AssistStructure: long getAcquisitionStartTime()>",
					"source":"FIELDCALLER"
				},
				{
					"trace":[
						"<android.app.assist.AssistStructure: long getAcquisitionEndTime()>",
						"<android.app.assist.AssistStructure: void ensureData()>",
						"<android.app.assist.AssistStructure$ParcelTransferReader: void go()>",
						"<android.app.assist.AssistStructure$ParcelTransferReader: void fetchData()>",
						"key field: <android.app.assist.AssistStructure$ParcelTransferReader: android.os.Parcel mCurParcel>",
						"<android.app.assist.AssistStructure$ParcelTransferReader: android.os.Parcel readParcel(int,int)>"
					],
					"depth":4,
					"method":"<android.app.assist.AssistStructure: long getAcquisitionEndTime()>",
					"source":"FIELDCALLER"
				},
				{
					"trace":[
						"<android.app.assist.AssistStructure: void dump(boolean)>",
						"<android.app.assist.AssistStructure: int getWindowNodeCount()>",
						"<android.app.assist.AssistStructure: void ensureData()>",
						"<android.app.assist.AssistStructure$ParcelTransferReader: void go()>",
						"<android.app.assist.AssistStructure$ParcelTransferReader: void fetchData()>",
						"key field: <android.app.assist.AssistStructure$ParcelTransferReader: android.os.Parcel mCurParcel>",
						"<android.app.assist.AssistStructure$ParcelTransferReader: android.os.Parcel readParcel(int,int)>"
					],
					"depth":5,
					"method":"<android.app.assist.AssistStructure: void dump(boolean)>",
					"source":"FIELDCALLER"
				}
			],
			"callerOfSingnlar2SourceVar":{
				"<android.app.assist.AssistStructure$ParcelTransferReader: android.os.Parcel readParcel(int,int)>":"0"
			}
		},
		{
			"method":"<android.app.assist.AssistStructure$ParcelTransferReader: android.os.Parcel readParcel(int,int)>",
			"message":"\\QReached end of partial data without transfer token\\E",
			"relatedVarType":"Field",
			"relatedCondType":"Basic",
			"modifier":"default",
			"type":"java.lang.IllegalStateException",
			"osVersionRelated":false,
			"resourceRelated":false,
			"assessRelated":false,
			"hardwareRelated":false,
			"manifestRelated":false,
			"conditions":"r19 == null, i3 == 0",
			"fieldValues":"<android.app.assist.AssistStructure$ParcelTransferReader: android.os.Parcel mCurParcel>",
			"relatedValues":"; <android.app.assist.AssistStructure$ParcelTransferReader: android.os.Parcel mCurParcel>; ",
			"keyAPISameClassNum":0,
			"keyAPIDiffClassNum":7,
			"keyAPISameClass":[],
			"keyAPIDiffClass":[
				{
					"trace":[
						"<android.app.assist.AssistStructure: void ensureData()>",
						"<android.app.assist.AssistStructure$ParcelTransferReader: void go()>",
						"<android.app.assist.AssistStructure$ParcelTransferReader: void fetchData()>",
						"key field: <android.app.assist.AssistStructure$ParcelTransferReader: android.os.Parcel mCurParcel>",
						"<android.app.assist.AssistStructure$ParcelTransferReader: android.os.Parcel readParcel(int,int)>"
					],
					"depth":3,
					"method":"<android.app.assist.AssistStructure: void ensureData()>",
					"source":"FIELDCALLER"
				},
				{
					"trace":[
						"<android.app.assist.AssistStructure: void ensureDataForAutofill()>",
						"<android.app.assist.AssistStructure$ParcelTransferReader: void go()>",
						"<android.app.assist.AssistStructure$ParcelTransferReader: void fetchData()>",
						"key field: <android.app.assist.AssistStructure$ParcelTransferReader: android.os.Parcel mCurParcel>",
						"<android.app.assist.AssistStructure$ParcelTransferReader: android.os.Parcel readParcel(int,int)>"
					],
					"depth":3,
					"method":"<android.app.assist.AssistStructure: void ensureDataForAutofill()>",
					"source":"FIELDCALLER"
				},
				{
					"trace":[
						"<android.app.assist.AssistStructure: int getWindowNodeCount()>",
						"<android.app.assist.AssistStructure: void ensureData()>",
						"<android.app.assist.AssistStructure$ParcelTransferReader: void go()>",
						"<android.app.assist.AssistStructure$ParcelTransferReader: void fetchData()>",
						"key field: <android.app.assist.AssistStructure$ParcelTransferReader: android.os.Parcel mCurParcel>",
						"<android.app.assist.AssistStructure$ParcelTransferReader: android.os.Parcel readParcel(int,int)>"
					],
					"depth":4,
					"method":"<android.app.assist.AssistStructure: int getWindowNodeCount()>",
					"source":"FIELDCALLER"
				},
				{
					"trace":[
						"<android.app.assist.AssistStructure: android.app.assist.AssistStructure$WindowNode getWindowNodeAt(int)>",
						"<android.app.assist.AssistStructure: void ensureData()>",
						"<android.app.assist.AssistStructure$ParcelTransferReader: void go()>",
						"<android.app.assist.AssistStructure$ParcelTransferReader: void fetchData()>",
						"key field: <android.app.assist.AssistStructure$ParcelTransferReader: android.os.Parcel mCurParcel>",
						"<android.app.assist.AssistStructure$ParcelTransferReader: android.os.Parcel readParcel(int,int)>"
					],
					"depth":4,
					"method":"<android.app.assist.AssistStructure: android.app.assist.AssistStructure$WindowNode getWindowNodeAt(int)>",
					"source":"FIELDCALLER"
				},
				{
					"trace":[
						"<android.app.assist.AssistStructure: long getAcquisitionStartTime()>",
						"<android.app.assist.AssistStructure: void ensureData()>",
						"<android.app.assist.AssistStructure$ParcelTransferReader: void go()>",
						"<android.app.assist.AssistStructure$ParcelTransferReader: void fetchData()>",
						"key field: <android.app.assist.AssistStructure$ParcelTransferReader: android.os.Parcel mCurParcel>",
						"<android.app.assist.AssistStructure$ParcelTransferReader: android.os.Parcel readParcel(int,int)>"
					],
					"depth":4,
					"method":"<android.app.assist.AssistStructure: long getAcquisitionStartTime()>",
					"source":"FIELDCALLER"
				},
				{
					"trace":[
						"<android.app.assist.AssistStructure: long getAcquisitionEndTime()>",
						"<android.app.assist.AssistStructure: void ensureData()>",
						"<android.app.assist.AssistStructure$ParcelTransferReader: void go()>",
						"<android.app.assist.AssistStructure$ParcelTransferReader: void fetchData()>",
						"key field: <android.app.assist.AssistStructure$ParcelTransferReader: android.os.Parcel mCurParcel>",
						"<android.app.assist.AssistStructure$ParcelTransferReader: android.os.Parcel readParcel(int,int)>"
					],
					"depth":4,
					"method":"<android.app.assist.AssistStructure: long getAcquisitionEndTime()>",
					"source":"FIELDCALLER"
				},
				{
					"trace":[
						"<android.app.assist.AssistStructure: void dump(boolean)>",
						"<android.app.assist.AssistStructure: int getWindowNodeCount()>",
						"<android.app.assist.AssistStructure: void ensureData()>",
						"<android.app.assist.AssistStructure$ParcelTransferReader: void go()>",
						"<android.app.assist.AssistStructure$ParcelTransferReader: void fetchData()>",
						"key field: <android.app.assist.AssistStructure$ParcelTransferReader: android.os.Parcel mCurParcel>",
						"<android.app.assist.AssistStructure$ParcelTransferReader: android.os.Parcel readParcel(int,int)>"
					],
					"depth":5,
					"method":"<android.app.assist.AssistStructure: void dump(boolean)>",
					"source":"FIELDCALLER"
				}
			],
			"callerOfSingnlar2SourceVar":{}
		}
	]
}