{
	"exceptions":[
		{
			"method":"<android.app.usage.UsageStatsManager: void forceUsageSourceSettingRead()>",
			"message":"[\\s\\S]*",
			"relatedVarType":"Unknown",
			"relatedCondType":"Empty",
			"modifier":"public",
			"type":"java.lang.RuntimeException",
			"osVersionRelated":false,
			"resourceRelated":false,
			"assessRelated":false,
			"hardwareRelated":false,
			"manifestRelated":false,
			"caughtValues":"@caughtexception",
			"relatedValues":"; ; @caughtexception",
			"keyAPISameClassNum":0,
			"keyAPIDiffClassNum":0,
			"keyAPISameClass":[],
			"keyAPIDiffClass":[],
			"callerOfSingnlar2SourceVar":{}
		},
		{
			"method":"<android.app.usage.UsageStatsManager: java.util.Map getAppStandbyBuckets()>",
			"message":"[\\s\\S]*",
			"relatedVarType":"Field",
			"relatedCondType":"Basic",
			"modifier":"public",
			"type":"java.lang.RuntimeException",
			"osVersionRelated":false,
			"resourceRelated":false,
			"assessRelated":false,
			"hardwareRelated":false,
			"manifestRelated":false,
			"conditions":"i3 >= i1",
			"fieldValues":"<android.app.usage.UsageStatsManager: android.content.Context mContext>",
			"caughtValues":"@caughtexception",
			"relatedValues":"; <android.app.usage.UsageStatsManager: android.content.Context mContext>; @caughtexception",
			"keyAPISameClassNum":24,
			"keyAPIDiffClassNum":42,
			"keyAPISameClass":[
				{
					"trace":[
						"<android.app.usage.UsageStatsManager: java.util.Map getAppStandbyBuckets()>"
					],
					"depth":1,
					"method":"<android.app.usage.UsageStatsManager: void <init>(android.content.Context,android.app.usage.IUsageStatsManager)>",
					"source":"FIELD"
				},
				{
					"trace":[
						"<android.app.usage.UsageStatsManager: java.util.Map getAppStandbyBuckets()>"
					],
					"depth":1,
					"method":"<android.app.usage.UsageStatsManager: int getAppStandbyBucket()>",
					"source":"FIELD"
				},
				{
					"trace":[
						"<android.app.usage.UsageStatsManager: java.util.Map getAppStandbyBuckets()>"
					],
					"depth":1,
					"method":"<android.app.usage.UsageStatsManager: int getAppStandbyBucket(java.lang.String)>",
					"source":"FIELD"
				},
				{
					"trace":[
						"<android.app.usage.UsageStatsManager: java.util.Map getAppStandbyBuckets()>"
					],
					"depth":1,
					"method":"<android.app.usage.UsageStatsManager: java.util.Map getAppStandbyBuckets()>",
					"source":"FIELD"
				},
				{
					"trace":[
						"<android.app.usage.UsageStatsManager: java.util.Map getAppStandbyBuckets()>"
					],
					"depth":1,
					"method":"<android.app.usage.UsageStatsManager: boolean isAppInactive(java.lang.String)>",
					"source":"FIELD"
				},
				{
					"trace":[
						"<android.app.usage.UsageStatsManager: java.util.Map getAppStandbyBuckets()>"
					],
					"depth":1,
					"method":"<android.app.usage.UsageStatsManager: java.util.List queryConfigurations(int,long,long)>",
					"source":"FIELD"
				},
				{
					"trace":[
						"<android.app.usage.UsageStatsManager: java.util.Map getAppStandbyBuckets()>"
					],
					"depth":1,
					"method":"<android.app.usage.UsageStatsManager: java.util.List queryEventStats(int,long,long)>",
					"source":"FIELD"
				},
				{
					"trace":[
						"<android.app.usage.UsageStatsManager: java.util.Map getAppStandbyBuckets()>"
					],
					"depth":1,
					"method":"<android.app.usage.UsageStatsManager: android.app.usage.UsageEvents queryEvents(long,long)>",
					"source":"FIELD"
				},
				{
					"trace":[
						"<android.app.usage.UsageStatsManager: java.util.Map getAppStandbyBuckets()>"
					],
					"depth":1,
					"method":"<android.app.usage.UsageStatsManager: android.app.usage.UsageEvents queryEventsForSelf(long,long)>",
					"source":"FIELD"
				},
				{
					"trace":[
						"<android.app.usage.UsageStatsManager: java.util.Map getAppStandbyBuckets()>"
					],
					"depth":1,
					"method":"<android.app.usage.UsageStatsManager: java.util.List queryUsageStats(int,long,long)>",
					"source":"FIELD"
				},
				{
					"trace":[
						"<android.app.usage.UsageStatsManager: java.util.Map getAppStandbyBuckets()>"
					],
					"depth":1,
					"method":"<android.app.usage.UsageStatsManager: void registerAppUsageLimitObserver(int,java.lang.String[],java.time.Duration,java.time.Duration,android.app.PendingIntent)>",
					"source":"FIELD"
				},
				{
					"trace":[
						"<android.app.usage.UsageStatsManager: java.util.Map getAppStandbyBuckets()>"
					],
					"depth":1,
					"method":"<android.app.usage.UsageStatsManager: void registerAppUsageObserver(int,java.lang.String[],long,java.util.concurrent.TimeUnit,android.app.PendingIntent)>",
					"source":"FIELD"
				},
				{
					"trace":[
						"<android.app.usage.UsageStatsManager: java.util.Map getAppStandbyBuckets()>"
					],
					"depth":1,
					"method":"<android.app.usage.UsageStatsManager: void registerUsageSessionObserver(int,java.lang.String[],java.time.Duration,java.time.Duration,android.app.PendingIntent,android.app.PendingIntent)>",
					"source":"FIELD"
				},
				{
					"trace":[
						"<android.app.usage.UsageStatsManager: java.util.Map getAppStandbyBuckets()>"
					],
					"depth":1,
					"method":"<android.app.usage.UsageStatsManager: void reportUsageStart(android.app.Activity,java.lang.String)>",
					"source":"FIELD"
				},
				{
					"trace":[
						"<android.app.usage.UsageStatsManager: java.util.Map getAppStandbyBuckets()>"
					],
					"depth":1,
					"method":"<android.app.usage.UsageStatsManager: void reportUsageStart(android.app.Activity,java.lang.String,long)>",
					"source":"FIELD"
				},
				{
					"trace":[
						"<android.app.usage.UsageStatsManager: java.util.Map getAppStandbyBuckets()>"
					],
					"depth":1,
					"method":"<android.app.usage.UsageStatsManager: void reportUsageStop(android.app.Activity,java.lang.String)>",
					"source":"FIELD"
				},
				{
					"trace":[
						"<android.app.usage.UsageStatsManager: java.util.Map getAppStandbyBuckets()>"
					],
					"depth":1,
					"method":"<android.app.usage.UsageStatsManager: void setAppInactive(java.lang.String,boolean)>",
					"source":"FIELD"
				},
				{
					"trace":[
						"<android.app.usage.UsageStatsManager: java.util.Map getAppStandbyBuckets()>"
					],
					"depth":1,
					"method":"<android.app.usage.UsageStatsManager: void setAppStandbyBucket(java.lang.String,int)>",
					"source":"FIELD"
				},
				{
					"trace":[
						"<android.app.usage.UsageStatsManager: java.util.Map getAppStandbyBuckets()>"
					],
					"depth":1,
					"method":"<android.app.usage.UsageStatsManager: void setAppStandbyBuckets(java.util.Map)>",
					"source":"FIELD"
				},
				{
					"trace":[
						"<android.app.usage.UsageStatsManager: java.util.Map getAppStandbyBuckets()>"
					],
					"depth":1,
					"method":"<android.app.usage.UsageStatsManager: void unregisterAppUsageLimitObserver(int)>",
					"source":"FIELD"
				},
				{
					"trace":[
						"<android.app.usage.UsageStatsManager: java.util.Map getAppStandbyBuckets()>"
					],
					"depth":1,
					"method":"<android.app.usage.UsageStatsManager: void unregisterAppUsageObserver(int)>",
					"source":"FIELD"
				},
				{
					"trace":[
						"<android.app.usage.UsageStatsManager: java.util.Map getAppStandbyBuckets()>"
					],
					"depth":1,
					"method":"<android.app.usage.UsageStatsManager: void unregisterUsageSessionObserver(int)>",
					"source":"FIELD"
				},
				{
					"trace":[
						"<android.app.usage.UsageStatsManager: java.util.Map queryAndAggregateUsageStats(long,long)>",
						"<android.app.usage.UsageStatsManager: java.util.List queryUsageStats(int,long,long)>",
						"key field: <android.app.usage.UsageStatsManager: android.content.Context mContext>",
						"<android.app.usage.UsageStatsManager: java.util.Map getAppStandbyBuckets()>"
					],
					"depth":2,
					"method":"<android.app.usage.UsageStatsManager: java.util.Map queryAndAggregateUsageStats(long,long)>",
					"source":"FIELDCALLER"
				},
				{
					"trace":[
						"<android.app.usage.UsageStatsManager: void whitelistAppTemporarily(java.lang.String,long,android.os.UserHandle)>",
						"<android.content.Context: java.lang.Object getSystemService(java.lang.Class)>",
						"<android.app.ContextImpl: java.lang.Object getSystemService(java.lang.String)>",
						"<android.app.SystemServiceRegistry: java.lang.Object getSystemService(android.app.ContextImpl,java.lang.String)>",
						"<android.app.SystemServiceRegistry$CachedServiceFetcher: java.lang.Object getService(android.app.ContextImpl)>",
						"<android.app.SystemServiceRegistry$78: java.lang.Object createService(android.app.ContextImpl)>",
						"<android.app.SystemServiceRegistry$78: android.app.usage.UsageStatsManager createService(android.app.ContextImpl)>",
						"<android.app.usage.UsageStatsManager: void <init>(android.content.Context,android.app.usage.IUsageStatsManager)>",
						"key field: <android.app.usage.UsageStatsManager: android.content.Context mContext>",
						"<android.app.usage.UsageStatsManager: java.util.Map getAppStandbyBuckets()>"
					],
					"depth":8,
					"method":"<android.app.usage.UsageStatsManager: void whitelistAppTemporarily(java.lang.String,long,android.os.UserHandle)>",
					"source":"FIELDCALLER"
				}
			],
			"keyAPIDiffClass":[
				{
					"trace":[
						"<android.app.SystemServiceRegistry$78: android.app.usage.UsageStatsManager createService(android.app.ContextImpl)>",
						"<android.app.usage.UsageStatsManager: void <init>(android.content.Context,android.app.usage.IUsageStatsManager)>",
						"key field: <android.app.usage.UsageStatsManager: android.content.Context mContext>",
						"<android.app.usage.UsageStatsManager: java.util.Map getAppStandbyBuckets()>"
					],
					"depth":2,
					"method":"<android.app.SystemServiceRegistry$78: android.app.usage.UsageStatsManager createService(android.app.ContextImpl)>",
					"source":"FIELDCALLER"
				},
				{
					"trace":[
						"<android.app.SystemServiceRegistry$78: java.lang.Object createService(android.app.ContextImpl)>",
						"<android.app.SystemServiceRegistry$78: android.app.usage.UsageStatsManager createService(android.app.ContextImpl)>",
						"<android.app.usage.UsageStatsManager: void <init>(android.content.Context,android.app.usage.IUsageStatsManager)>",
						"key field: <android.app.usage.UsageStatsManager: android.content.Context mContext>",
						"<android.app.usage.UsageStatsManager: java.util.Map getAppStandbyBuckets()>"
					],
					"depth":3,
					"method":"<android.app.SystemServiceRegistry$78: java.lang.Object createService(android.app.ContextImpl)>",
					"source":"FIELDCALLER"
				},
				{
					"trace":[
						"<android.app.SystemServiceRegistry$CachedServiceFetcher: java.lang.Object createService(android.app.ContextImpl)>",
						"<android.app.SystemServiceRegistry$78: android.app.usage.UsageStatsManager createService(android.app.ContextImpl)>",
						"<android.app.usage.UsageStatsManager: void <init>(android.content.Context,android.app.usage.IUsageStatsManager)>",
						"key field: <android.app.usage.UsageStatsManager: android.content.Context mContext>",
						"<android.app.usage.UsageStatsManager: java.util.Map getAppStandbyBuckets()>"
					],
					"depth":3,
					"method":"<android.app.SystemServiceRegistry$CachedServiceFetcher: java.lang.Object createService(android.app.ContextImpl)>",
					"source":"FIELDCALLER"
				},
				{
					"trace":[
						"<android.app.SystemServiceRegistry$CachedServiceFetcher: java.lang.Object getService(android.app.ContextImpl)>",
						"<android.app.SystemServiceRegistry$78: java.lang.Object createService(android.app.ContextImpl)>",
						"<android.app.SystemServiceRegistry$78: android.app.usage.UsageStatsManager createService(android.app.ContextImpl)>",
						"<android.app.usage.UsageStatsManager: void <init>(android.content.Context,android.app.usage.IUsageStatsManager)>",
						"key field: <android.app.usage.UsageStatsManager: android.content.Context mContext>",
						"<android.app.usage.UsageStatsManager: java.util.Map getAppStandbyBuckets()>"
					],
					"depth":4,
					"method":"<android.app.SystemServiceRegistry$CachedServiceFetcher: java.lang.Object getService(android.app.ContextImpl)>",
					"source":"FIELDCALLER"
				},
				{
					"trace":[
						"<android.app.SystemServiceRegistry$ServiceFetcher: java.lang.Object getService(android.app.ContextImpl)>",
						"<android.app.SystemServiceRegistry$78: java.lang.Object createService(android.app.ContextImpl)>",
						"<android.app.SystemServiceRegistry$78: android.app.usage.UsageStatsManager createService(android.app.ContextImpl)>",
						"<android.app.usage.UsageStatsManager: void <init>(android.content.Context,android.app.usage.IUsageStatsManager)>",
						"key field: <android.app.usage.UsageStatsManager: android.content.Context mContext>",
						"<android.app.usage.UsageStatsManager: java.util.Map getAppStandbyBuckets()>"
					],
					"depth":4,
					"method":"<android.app.SystemServiceRegistry$ServiceFetcher: java.lang.Object getService(android.app.ContextImpl)>",
					"source":"FIELDCALLER"
				},
				{
					"trace":[
						"<android.app.SystemServiceRegistry: java.lang.Object getSystemService(android.app.ContextImpl,java.lang.String)>",
						"<android.app.SystemServiceRegistry$CachedServiceFetcher: java.lang.Object getService(android.app.ContextImpl)>",
						"<android.app.SystemServiceRegistry$78: java.lang.Object createService(android.app.ContextImpl)>",
						"<android.app.SystemServiceRegistry$78: android.app.usage.UsageStatsManager createService(android.app.ContextImpl)>",
						"<android.app.usage.UsageStatsManager: void <init>(android.content.Context,android.app.usage.IUsageStatsManager)>",
						"key field: <android.app.usage.UsageStatsManager: android.content.Context mContext>",
						"<android.app.usage.UsageStatsManager: java.util.Map getAppStandbyBuckets()>"
					],
					"depth":5,
					"method":"<android.app.SystemServiceRegistry: java.lang.Object getSystemService(android.app.ContextImpl,java.lang.String)>",
					"source":"FIELDCALLER"
				},
				{
					"trace":[
						"<android.app.ContextImpl: java.lang.Object getSystemService(java.lang.String)>",
						"<android.app.SystemServiceRegistry: java.lang.Object getSystemService(android.app.ContextImpl,java.lang.String)>",
						"<android.app.SystemServiceRegistry$CachedServiceFetcher: java.lang.Object getService(android.app.ContextImpl)>",
						"<android.app.SystemServiceRegistry$78: java.lang.Object createService(android.app.ContextImpl)>",
						"<android.app.SystemServiceRegistry$78: android.app.usage.UsageStatsManager createService(android.app.ContextImpl)>",
						"<android.app.usage.UsageStatsManager: void <init>(android.content.Context,android.app.usage.IUsageStatsManager)>",
						"key field: <android.app.usage.UsageStatsManager: android.content.Context mContext>",
						"<android.app.usage.UsageStatsManager: java.util.Map getAppStandbyBuckets()>"
					],
					"depth":6,
					"method":"<android.app.ContextImpl: java.lang.Object getSystemService(java.lang.String)>",
					"source":"FIELDCALLER"
				},
				{
					"trace":[
						"<android.content.Context: java.lang.Object getSystemService(java.lang.String)>",
						"<android.app.SystemServiceRegistry: java.lang.Object getSystemService(android.app.ContextImpl,java.lang.String)>",
						"<android.app.SystemServiceRegistry$CachedServiceFetcher: java.lang.Object getService(android.app.ContextImpl)>",
						"<android.app.SystemServiceRegistry$78: java.lang.Object createService(android.app.ContextImpl)>",
						"<android.app.SystemServiceRegistry$78: android.app.usage.UsageStatsManager createService(android.app.ContextImpl)>",
						"<android.app.usage.UsageStatsManager: void <init>(android.content.Context,android.app.usage.IUsageStatsManager)>",
						"key field: <android.app.usage.UsageStatsManager: android.content.Context mContext>",
						"<android.app.usage.UsageStatsManager: java.util.Map getAppStandbyBuckets()>"
					],
					"depth":6,
					"method":"<android.content.Context: java.lang.Object getSystemService(java.lang.String)>",
					"source":"FIELDCALLER"
				},
				{
					"trace":[
						"<android.app.Dialog: boolean onSearchRequested()>",
						"<android.app.ContextImpl: java.lang.Object getSystemService(java.lang.String)>",
						"<android.app.SystemServiceRegistry: java.lang.Object getSystemService(android.app.ContextImpl,java.lang.String)>",
						"<android.app.SystemServiceRegistry$CachedServiceFetcher: java.lang.Object getService(android.app.ContextImpl)>",
						"<android.app.SystemServiceRegistry$78: java.lang.Object createService(android.app.ContextImpl)>",
						"<android.app.SystemServiceRegistry$78: android.app.usage.UsageStatsManager createService(android.app.ContextImpl)>",
						"<android.app.usage.UsageStatsManager: void <init>(android.content.Context,android.app.usage.IUsageStatsManager)>",
						"key field: <android.app.usage.UsageStatsManager: android.content.Context mContext>",
						"<android.app.usage.UsageStatsManager: java.util.Map getAppStandbyBuckets()>"
					],
					"depth":7,
					"method":"<android.app.Dialog: boolean onSearchRequested()>",
					"source":"FIELDCALLER"
				},
				{
					"trace":[
						"<android.view.Window$Callback: boolean onSearchRequested()>",
						"<android.app.ContextImpl: java.lang.Object getSystemService(java.lang.String)>",
						"<android.app.SystemServiceRegistry: java.lang.Object getSystemService(android.app.ContextImpl,java.lang.String)>",
						"<android.app.SystemServiceRegistry$CachedServiceFetcher: java.lang.Object getService(android.app.ContextImpl)>",
						"<android.app.SystemServiceRegistry$78: java.lang.Object createService(android.app.ContextImpl)>",
						"<android.app.SystemServiceRegistry$78: android.app.usage.UsageStatsManager createService(android.app.ContextImpl)>",
						"<android.app.usage.UsageStatsManager: void <init>(android.content.Context,android.app.usage.IUsageStatsManager)>",
						"key field: <android.app.usage.UsageStatsManager: android.content.Context mContext>",
						"<android.app.usage.UsageStatsManager: java.util.Map getAppStandbyBuckets()>"
					],
					"depth":7,
					"method":"<android.view.Window$Callback: boolean onSearchRequested()>",
					"source":"FIELDCALLER"
				},
				{
					"trace":[
						"<android.view.Window$Callback: boolean onSearchRequested(android.view.SearchEvent)>",
						"<android.app.ContextImpl: java.lang.Object getSystemService(java.lang.String)>",
						"<android.app.SystemServiceRegistry: java.lang.Object getSystemService(android.app.ContextImpl,java.lang.String)>",
						"<android.app.SystemServiceRegistry$CachedServiceFetcher: java.lang.Object getService(android.app.ContextImpl)>",
						"<android.app.SystemServiceRegistry$78: java.lang.Object createService(android.app.ContextImpl)>",
						"<android.app.SystemServiceRegistry$78: android.app.usage.UsageStatsManager createService(android.app.ContextImpl)>",
						"<android.app.usage.UsageStatsManager: void <init>(android.content.Context,android.app.usage.IUsageStatsManager)>",
						"key field: <android.app.usage.UsageStatsManager: android.content.Context mContext>",
						"<android.app.usage.UsageStatsManager: java.util.Map getAppStandbyBuckets()>"
					],
					"depth":7,
					"method":"<android.view.Window$Callback: boolean onSearchRequested(android.view.SearchEvent)>",
					"source":"FIELDCALLER"
				},
				{
					"trace":[
						"<android.app.MediaRouteButton: void <init>(android.content.Context,android.util.AttributeSet,int,int)>",
						"<android.app.ContextImpl: java.lang.Object getSystemService(java.lang.String)>",
						"<android.app.SystemServiceRegistry: java.lang.Object getSystemService(android.app.ContextImpl,java.lang.String)>",
						"<android.app.SystemServiceRegistry$CachedServiceFetcher: java.lang.Object getService(android.app.ContextImpl)>",
						"<android.app.SystemServiceRegistry$78: java.lang.Object createService(android.app.ContextImpl)>",
						"<android.app.SystemServiceRegistry$78: android.app.usage.UsageStatsManager createService(android.app.ContextImpl)>",
						"<android.app.usage.UsageStatsManager: void <init>(android.content.Context,android.app.usage.IUsageStatsManager)>",
						"key field: <android.app.usage.UsageStatsManager: android.content.Context mContext>",
						"<android.app.usage.UsageStatsManager: java.util.Map getAppStandbyBuckets()>"
					],
					"depth":7,
					"method":"<android.app.MediaRouteButton: void <init>(android.content.Context,android.util.AttributeSet,int,int)>",
					"source":"FIELDCALLER"
				},
				{
					"trace":[
						"<android.app.FragmentHostCallback: android.view.LayoutInflater onGetLayoutInflater()>",
						"<android.app.ContextImpl: java.lang.Object getSystemService(java.lang.String)>",
						"<android.app.SystemServiceRegistry: java.lang.Object getSystemService(android.app.ContextImpl,java.lang.String)>",
						"<android.app.SystemServiceRegistry$CachedServiceFetcher: java.lang.Object getService(android.app.ContextImpl)>",
						"<android.app.SystemServiceRegistry$78: java.lang.Object createService(android.app.ContextImpl)>",
						"<android.app.SystemServiceRegistry$78: android.app.usage.UsageStatsManager createService(android.app.ContextImpl)>",
						"<android.app.usage.UsageStatsManager: void <init>(android.content.Context,android.app.usage.IUsageStatsManager)>",
						"key field: <android.app.usage.UsageStatsManager: android.content.Context mContext>",
						"<android.app.usage.UsageStatsManager: java.util.Map getAppStandbyBuckets()>"
					],
					"depth":7,
					"method":"<android.app.FragmentHostCallback: android.view.LayoutInflater onGetLayoutInflater()>",
					"source":"FIELDCALLER"
				},
				{
					"trace":[
						"<android.app.DialogFragment: android.view.LayoutInflater onGetLayoutInflater(android.os.Bundle)>",
						"<android.app.ContextImpl: java.lang.Object getSystemService(java.lang.String)>",
						"<android.app.SystemServiceRegistry: java.lang.Object getSystemService(android.app.ContextImpl,java.lang.String)>",
						"<android.app.SystemServiceRegistry$CachedServiceFetcher: java.lang.Object getService(android.app.ContextImpl)>",
						"<android.app.SystemServiceRegistry$78: java.lang.Object createService(android.app.ContextImpl)>",
						"<android.app.SystemServiceRegistry$78: android.app.usage.UsageStatsManager createService(android.app.ContextImpl)>",
						"<android.app.usage.UsageStatsManager: void <init>(android.content.Context,android.app.usage.IUsageStatsManager)>",
						"key field: <android.app.usage.UsageStatsManager: android.content.Context mContext>",
						"<android.app.usage.UsageStatsManager: java.util.Map getAppStandbyBuckets()>"
					],
					"depth":7,
					"method":"<android.app.DialogFragment: android.view.LayoutInflater onGetLayoutInflater(android.os.Bundle)>",
					"source":"FIELDCALLER"
				},
				{
					"trace":[
						"<android.view.ContextThemeWrapper: java.lang.Object getSystemService(java.lang.String)>",
						"<android.app.ContextImpl: java.lang.Object getSystemService(java.lang.String)>",
						"<android.app.SystemServiceRegistry: java.lang.Object getSystemService(android.app.ContextImpl,java.lang.String)>",
						"<android.app.SystemServiceRegistry$CachedServiceFetcher: java.lang.Object getService(android.app.ContextImpl)>",
						"<android.app.SystemServiceRegistry$78: java.lang.Object createService(android.app.ContextImpl)>",
						"<android.app.SystemServiceRegistry$78: android.app.usage.UsageStatsManager createService(android.app.ContextImpl)>",
						"<android.app.usage.UsageStatsManager: void <init>(android.content.Context,android.app.usage.IUsageStatsManager)>",
						"key field: <android.app.usage.UsageStatsManager: android.content.Context mContext>",
						"<android.app.usage.UsageStatsManager: java.util.Map getAppStandbyBuckets()>"
					],
					"depth":7,
					"method":"<android.view.ContextThemeWrapper: java.lang.Object getSystemService(java.lang.String)>",
					"source":"FIELDCALLER"
				},
				{
					"trace":[
						"<android.view.WindowCallbackWrapper: boolean onSearchRequested()>",
						"<android.app.Dialog: boolean onSearchRequested()>",
						"<android.app.ContextImpl: java.lang.Object getSystemService(java.lang.String)>",
						"<android.app.SystemServiceRegistry: java.lang.Object getSystemService(android.app.ContextImpl,java.lang.String)>",
						"<android.app.SystemServiceRegistry$CachedServiceFetcher: java.lang.Object getService(android.app.ContextImpl)>",
						"<android.app.SystemServiceRegistry$78: java.lang.Object createService(android.app.ContextImpl)>",
						"<android.app.SystemServiceRegistry$78: android.app.usage.UsageStatsManager createService(android.app.ContextImpl)>",
						"<android.app.usage.UsageStatsManager: void <init>(android.content.Context,android.app.usage.IUsageStatsManager)>",
						"key field: <android.app.usage.UsageStatsManager: android.content.Context mContext>",
						"<android.app.usage.UsageStatsManager: java.util.Map getAppStandbyBuckets()>"
					],
					"depth":8,
					"method":"<android.view.WindowCallbackWrapper: boolean onSearchRequested()>",
					"source":"FIELDCALLER"
				},
				{
					"trace":[
						"<android.app.Dialog: boolean onSearchRequested(android.view.SearchEvent)>",
						"<android.app.Dialog: boolean onSearchRequested()>",
						"<android.app.ContextImpl: java.lang.Object getSystemService(java.lang.String)>",
						"<android.app.SystemServiceRegistry: java.lang.Object getSystemService(android.app.ContextImpl,java.lang.String)>",
						"<android.app.SystemServiceRegistry$CachedServiceFetcher: java.lang.Object getService(android.app.ContextImpl)>",
						"<android.app.SystemServiceRegistry$78: java.lang.Object createService(android.app.ContextImpl)>",
						"<android.app.SystemServiceRegistry$78: android.app.usage.UsageStatsManager createService(android.app.ContextImpl)>",
						"<android.app.usage.UsageStatsManager: void <init>(android.content.Context,android.app.usage.IUsageStatsManager)>",
						"key field: <android.app.usage.UsageStatsManager: android.content.Context mContext>",
						"<android.app.usage.UsageStatsManager: java.util.Map getAppStandbyBuckets()>"
					],
					"depth":8,
					"method":"<android.app.Dialog: boolean onSearchRequested(android.view.SearchEvent)>",
					"source":"FIELDCALLER"
				},
				{
					"trace":[
						"<android.app.MediaRouteButton: void <init>(android.content.Context,android.util.AttributeSet,int)>",
						"<android.app.MediaRouteButton: void <init>(android.content.Context,android.util.AttributeSet,int,int)>",
						"<android.app.ContextImpl: java.lang.Object getSystemService(java.lang.String)>",
						"<android.app.SystemServiceRegistry: java.lang.Object getSystemService(android.app.ContextImpl,java.lang.String)>",
						"<android.app.SystemServiceRegistry$CachedServiceFetcher: java.lang.Object getService(android.app.ContextImpl)>",
						"<android.app.SystemServiceRegistry$78: java.lang.Object createService(android.app.ContextImpl)>",
						"<android.app.SystemServiceRegistry$78: android.app.usage.UsageStatsManager createService(android.app.ContextImpl)>",
						"<android.app.usage.UsageStatsManager: void <init>(android.content.Context,android.app.usage.IUsageStatsManager)>",
						"key field: <android.app.usage.UsageStatsManager: android.content.Context mContext>",
						"<android.app.usage.UsageStatsManager: java.util.Map getAppStandbyBuckets()>"
					],
					"depth":8,
					"method":"<android.app.MediaRouteButton: void <init>(android.content.Context,android.util.AttributeSet,int)>",
					"source":"FIELDCALLER"
				},
				{
					"trace":[
						"<android.app.Instrumentation: android.app.Activity newActivity(java.lang.Class,android.content.Context,android.os.IBinder,android.app.Application,android.content.Intent,android.content.pm.ActivityInfo,java.lang.CharSequence,android.app.Activity,java.lang.String,java.lang.Object)>",
						"<android.app.Activity: void attach(android.content.Context,android.app.ActivityThread,android.app.Instrumentation,android.os.IBinder,int,android.app.Application,android.content.Intent,android.content.pm.ActivityInfo,java.lang.CharSequence,android.app.Activity,java.lang.String,android.app.Activity$NonConfigurationInstances,android.content.res.Configuration,java.lang.String,com.android.internal.app.IVoiceInteractor,android.view.Window,android.view.ViewRootImpl$ActivityConfigCallback,android.os.IBinder)>",
						"<android.app.ContextImpl: java.lang.Object getSystemService(java.lang.String)>",
						"<android.app.SystemServiceRegistry: java.lang.Object getSystemService(android.app.ContextImpl,java.lang.String)>",
						"<android.app.SystemServiceRegistry$CachedServiceFetcher: java.lang.Object getService(android.app.ContextImpl)>",
						"<android.app.SystemServiceRegistry$78: java.lang.Object createService(android.app.ContextImpl)>",
						"<android.app.SystemServiceRegistry$78: android.app.usage.UsageStatsManager createService(android.app.ContextImpl)>",
						"<android.app.usage.UsageStatsManager: void <init>(android.content.Context,android.app.usage.IUsageStatsManager)>",
						"key field: <android.app.usage.UsageStatsManager: android.content.Context mContext>",
						"<android.app.usage.UsageStatsManager: java.util.Map getAppStandbyBuckets()>"
					],
					"depth":8,
					"method":"<android.app.Instrumentation: android.app.Activity newActivity(java.lang.Class,android.content.Context,android.os.IBinder,android.app.Application,android.content.Intent,android.content.pm.ActivityInfo,java.lang.CharSequence,android.app.Activity,java.lang.String,java.lang.Object)>",
					"source":"FIELDCALLER"
				},
				{
					"trace":[
						"<android.app.Fragment: android.view.LayoutInflater onGetLayoutInflater(android.os.Bundle)>",
						"<android.app.FragmentHostCallback: android.view.LayoutInflater onGetLayoutInflater()>",
						"<android.app.ContextImpl: java.lang.Object getSystemService(java.lang.String)>",
						"<android.app.SystemServiceRegistry: java.lang.Object getSystemService(android.app.ContextImpl,java.lang.String)>",
						"<android.app.SystemServiceRegistry$CachedServiceFetcher: java.lang.Object getService(android.app.ContextImpl)>",
						"<android.app.SystemServiceRegistry$78: java.lang.Object createService(android.app.ContextImpl)>",
						"<android.app.SystemServiceRegistry$78: android.app.usage.UsageStatsManager createService(android.app.ContextImpl)>",
						"<android.app.usage.UsageStatsManager: void <init>(android.content.Context,android.app.usage.IUsageStatsManager)>",
						"key field: <android.app.usage.UsageStatsManager: android.content.Context mContext>",
						"<android.app.usage.UsageStatsManager: java.util.Map getAppStandbyBuckets()>"
					],
					"depth":8,
					"method":"<android.app.Fragment: android.view.LayoutInflater onGetLayoutInflater(android.os.Bundle)>",
					"source":"FIELDCALLER"
				},
				{
					"trace":[
						"<android.app.Dialog: void <init>(android.content.Context)>",
						"<android.app.Dialog: void <init>(android.content.Context,int,boolean)>",
						"<android.app.ContextImpl: java.lang.Object getSystemService(java.lang.String)>",
						"<android.app.SystemServiceRegistry: java.lang.Object getSystemService(android.app.ContextImpl,java.lang.String)>",
						"<android.app.SystemServiceRegistry$CachedServiceFetcher: java.lang.Object getService(android.app.ContextImpl)>",
						"<android.app.SystemServiceRegistry$78: java.lang.Object createService(android.app.ContextImpl)>",
						"<android.app.SystemServiceRegistry$78: android.app.usage.UsageStatsManager createService(android.app.ContextImpl)>",
						"<android.app.usage.UsageStatsManager: void <init>(android.content.Context,android.app.usage.IUsageStatsManager)>",
						"key field: <android.app.usage.UsageStatsManager: android.content.Context mContext>",
						"<android.app.usage.UsageStatsManager: java.util.Map getAppStandbyBuckets()>"
					],
					"depth":8,
					"method":"<android.app.Dialog: void <init>(android.content.Context)>",
					"source":"FIELDCALLER"
				},
				{
					"trace":[
						"<android.app.Presentation: void <init>(android.content.Context,android.view.Display,int)>",
						"<android.app.Dialog: void <init>(android.content.Context,int,boolean)>",
						"<android.app.ContextImpl: java.lang.Object getSystemService(java.lang.String)>",
						"<android.app.SystemServiceRegistry: java.lang.Object getSystemService(android.app.ContextImpl,java.lang.String)>",
						"<android.app.SystemServiceRegistry$CachedServiceFetcher: java.lang.Object getService(android.app.ContextImpl)>",
						"<android.app.SystemServiceRegistry$78: java.lang.Object createService(android.app.ContextImpl)>",
						"<android.app.SystemServiceRegistry$78: android.app.usage.UsageStatsManager createService(android.app.ContextImpl)>",
						"<android.app.usage.UsageStatsManager: void <init>(android.content.Context,android.app.usage.IUsageStatsManager)>",
						"key field: <android.app.usage.UsageStatsManager: android.content.Context mContext>",
						"<android.app.usage.UsageStatsManager: java.util.Map getAppStandbyBuckets()>"
					],
					"depth":8,
					"method":"<android.app.Presentation: void <init>(android.content.Context,android.view.Display,int)>",
					"source":"FIELDCALLER"
				},
				{
					"trace":[
						"<android.app.Dialog: void <init>(android.content.Context,int)>",
						"<android.app.Dialog: void <init>(android.content.Context,int,boolean)>",
						"<android.app.ContextImpl: java.lang.Object getSystemService(java.lang.String)>",
						"<android.app.SystemServiceRegistry: java.lang.Object getSystemService(android.app.ContextImpl,java.lang.String)>",
						"<android.app.SystemServiceRegistry$CachedServiceFetcher: java.lang.Object getService(android.app.ContextImpl)>",
						"<android.app.SystemServiceRegistry$78: java.lang.Object createService(android.app.ContextImpl)>",
						"<android.app.SystemServiceRegistry$78: android.app.usage.UsageStatsManager createService(android.app.ContextImpl)>",
						"<android.app.usage.UsageStatsManager: void <init>(android.content.Context,android.app.usage.IUsageStatsManager)>",
						"key field: <android.app.usage.UsageStatsManager: android.content.Context mContext>",
						"<android.app.usage.UsageStatsManager: java.util.Map getAppStandbyBuckets()>"
					],
					"depth":8,
					"method":"<android.app.Dialog: void <init>(android.content.Context,int)>",
					"source":"FIELDCALLER"
				},
				{
					"trace":[
						"<android.app.backup.FullBackup: android.app.backup.FullBackup$BackupScheme getBackupSchemeForTest(android.content.Context)>",
						"<android.app.backup.FullBackup$BackupScheme: void <init>(android.content.Context)>",
						"<android.app.ContextImpl: java.lang.Object getSystemService(java.lang.String)>",
						"<android.app.SystemServiceRegistry: java.lang.Object getSystemService(android.app.ContextImpl,java.lang.String)>",
						"<android.app.SystemServiceRegistry$CachedServiceFetcher: java.lang.Object getService(android.app.ContextImpl)>",
						"<android.app.SystemServiceRegistry$78: java.lang.Object createService(android.app.ContextImpl)>",
						"<android.app.SystemServiceRegistry$78: android.app.usage.UsageStatsManager createService(android.app.ContextImpl)>",
						"<android.app.usage.UsageStatsManager: void <init>(android.content.Context,android.app.usage.IUsageStatsManager)>",
						"key field: <android.app.usage.UsageStatsManager: android.content.Context mContext>",
						"<android.app.usage.UsageStatsManager: java.util.Map getAppStandbyBuckets()>"
					],
					"depth":8,
					"method":"<android.app.backup.FullBackup: android.app.backup.FullBackup$BackupScheme getBackupSchemeForTest(android.content.Context)>",
					"source":"FIELDCALLER"
				},
				{
					"trace":[
						"<android.app.Presentation$1: java.lang.Object getSystemService(java.lang.String)>",
						"<android.view.ContextThemeWrapper: java.lang.Object getSystemService(java.lang.String)>",
						"<android.app.ContextImpl: java.lang.Object getSystemService(java.lang.String)>",
						"<android.app.SystemServiceRegistry: java.lang.Object getSystemService(android.app.ContextImpl,java.lang.String)>",
						"<android.app.SystemServiceRegistry$CachedServiceFetcher: java.lang.Object getService(android.app.ContextImpl)>",
						"<android.app.SystemServiceRegistry$78: java.lang.Object createService(android.app.ContextImpl)>",
						"<android.app.SystemServiceRegistry$78: android.app.usage.UsageStatsManager createService(android.app.ContextImpl)>",
						"<android.app.usage.UsageStatsManager: void <init>(android.content.Context,android.app.usage.IUsageStatsManager)>",
						"key field: <android.app.usage.UsageStatsManager: android.content.Context mContext>",
						"<android.app.usage.UsageStatsManager: java.util.Map getAppStandbyBuckets()>"
					],
					"depth":8,
					"method":"<android.app.Presentation$1: java.lang.Object getSystemService(java.lang.String)>",
					"source":"FIELDCALLER"
				},
				{
					"trace":[
						"<com.android.internal.policy.DecorContext: java.lang.Object getSystemService(java.lang.String)>",
						"<android.view.ContextThemeWrapper: java.lang.Object getSystemService(java.lang.String)>",
						"<android.app.ContextImpl: java.lang.Object getSystemService(java.lang.String)>",
						"<android.app.SystemServiceRegistry: java.lang.Object getSystemService(android.app.ContextImpl,java.lang.String)>",
						"<android.app.SystemServiceRegistry$CachedServiceFetcher: java.lang.Object getService(android.app.ContextImpl)>",
						"<android.app.SystemServiceRegistry$78: java.lang.Object createService(android.app.ContextImpl)>",
						"<android.app.SystemServiceRegistry$78: android.app.usage.UsageStatsManager createService(android.app.ContextImpl)>",
						"<android.app.usage.UsageStatsManager: void <init>(android.content.Context,android.app.usage.IUsageStatsManager)>",
						"key field: <android.app.usage.UsageStatsManager: android.content.Context mContext>",
						"<android.app.usage.UsageStatsManager: java.util.Map getAppStandbyBuckets()>"
					],
					"depth":8,
					"method":"<com.android.internal.policy.DecorContext: java.lang.Object getSystemService(java.lang.String)>",
					"source":"FIELDCALLER"
				},
				{
					"trace":[
						"<android.content.ContextWrapper: java.lang.Object getSystemService(java.lang.String)>",
						"<android.view.ContextThemeWrapper: java.lang.Object getSystemService(java.lang.String)>",
						"<android.app.ContextImpl: java.lang.Object getSystemService(java.lang.String)>",
						"<android.app.SystemServiceRegistry: java.lang.Object getSystemService(android.app.ContextImpl,java.lang.String)>",
						"<android.app.SystemServiceRegistry$CachedServiceFetcher: java.lang.Object getService(android.app.ContextImpl)>",
						"<android.app.SystemServiceRegistry$78: java.lang.Object createService(android.app.ContextImpl)>",
						"<android.app.SystemServiceRegistry$78: android.app.usage.UsageStatsManager createService(android.app.ContextImpl)>",
						"<android.app.usage.UsageStatsManager: void <init>(android.content.Context,android.app.usage.IUsageStatsManager)>",
						"key field: <android.app.usage.UsageStatsManager: android.content.Context mContext>",
						"<android.app.usage.UsageStatsManager: java.util.Map getAppStandbyBuckets()>"
					],
					"depth":8,
					"method":"<android.content.ContextWrapper: java.lang.Object getSystemService(java.lang.String)>",
					"source":"FIELDCALLER"
				},
				{
					"trace":[
						"<android.app.Activity: java.lang.Object getSystemService(java.lang.String)>",
						"<android.view.ContextThemeWrapper: java.lang.Object getSystemService(java.lang.String)>",
						"<android.app.ContextImpl: java.lang.Object getSystemService(java.lang.String)>",
						"<android.app.SystemServiceRegistry: java.lang.Object getSystemService(android.app.ContextImpl,java.lang.String)>",
						"<android.app.SystemServiceRegistry$CachedServiceFetcher: java.lang.Object getService(android.app.ContextImpl)>",
						"<android.app.SystemServiceRegistry$78: java.lang.Object createService(android.app.ContextImpl)>",
						"<android.app.SystemServiceRegistry$78: android.app.usage.UsageStatsManager createService(android.app.ContextImpl)>",
						"<android.app.usage.UsageStatsManager: void <init>(android.content.Context,android.app.usage.IUsageStatsManager)>",
						"key field: <android.app.usage.UsageStatsManager: android.content.Context mContext>",
						"<android.app.usage.UsageStatsManager: java.util.Map getAppStandbyBuckets()>"
					],
					"depth":8,
					"method":"<android.app.Activity: java.lang.Object getSystemService(java.lang.String)>",
					"source":"FIELDCALLER"
				},
				{
					"trace":[
						"<android.content.Context: java.lang.Object getSystemService(java.lang.Class)>",
						"<android.view.ContextThemeWrapper: java.lang.Object getSystemService(java.lang.String)>",
						"<android.app.ContextImpl: java.lang.Object getSystemService(java.lang.String)>",
						"<android.app.SystemServiceRegistry: java.lang.Object getSystemService(android.app.ContextImpl,java.lang.String)>",
						"<android.app.SystemServiceRegistry$CachedServiceFetcher: java.lang.Object getService(android.app.ContextImpl)>",
						"<android.app.SystemServiceRegistry$78: java.lang.Object createService(android.app.ContextImpl)>",
						"<android.app.SystemServiceRegistry$78: android.app.usage.UsageStatsManager createService(android.app.ContextImpl)>",
						"<android.app.usage.UsageStatsManager: void <init>(android.content.Context,android.app.usage.IUsageStatsManager)>",
						"key field: <android.app.usage.UsageStatsManager: android.content.Context mContext>",
						"<android.app.usage.UsageStatsManager: java.util.Map getAppStandbyBuckets()>"
					],
					"depth":8,
					"method":"<android.content.Context: java.lang.Object getSystemService(java.lang.Class)>",
					"source":"FIELDCALLER"
				},
				{
					"trace":[
						"<android.accessibilityservice.AccessibilityService: java.lang.Object getSystemService(java.lang.String)>",
						"<android.content.ContextWrapper: java.lang.Object getSystemService(java.lang.String)>",
						"<android.app.ContextImpl: java.lang.Object getSystemService(java.lang.String)>",
						"<android.app.SystemServiceRegistry: java.lang.Object getSystemService(android.app.ContextImpl,java.lang.String)>",
						"<android.app.SystemServiceRegistry$CachedServiceFetcher: java.lang.Object getService(android.app.ContextImpl)>",
						"<android.app.SystemServiceRegistry$78: java.lang.Object createService(android.app.ContextImpl)>",
						"<android.app.SystemServiceRegistry$78: android.app.usage.UsageStatsManager createService(android.app.ContextImpl)>",
						"<android.app.usage.UsageStatsManager: void <init>(android.content.Context,android.app.usage.IUsageStatsManager)>",
						"key field: <android.app.usage.UsageStatsManager: android.content.Context mContext>",
						"<android.app.usage.UsageStatsManager: java.util.Map getAppStandbyBuckets()>"
					],
					"depth":8,
					"method":"<android.accessibilityservice.AccessibilityService: java.lang.Object getSystemService(java.lang.String)>",
					"source":"FIELDCALLER"
				},
				{
					"trace":[
						"<android.app.WindowContext: java.lang.Object getSystemService(java.lang.String)>",
						"<android.content.ContextWrapper: java.lang.Object getSystemService(java.lang.String)>",
						"<android.app.ContextImpl: java.lang.Object getSystemService(java.lang.String)>",
						"<android.app.SystemServiceRegistry: java.lang.Object getSystemService(android.app.ContextImpl,java.lang.String)>",
						"<android.app.SystemServiceRegistry$CachedServiceFetcher: java.lang.Object getService(android.app.ContextImpl)>",
						"<android.app.SystemServiceRegistry$78: java.lang.Object createService(android.app.ContextImpl)>",
						"<android.app.SystemServiceRegistry$78: android.app.usage.UsageStatsManager createService(android.app.ContextImpl)>",
						"<android.app.usage.UsageStatsManager: void <init>(android.content.Context,android.app.usage.IUsageStatsManager)>",
						"key field: <android.app.usage.UsageStatsManager: android.content.Context mContext>",
						"<android.app.usage.UsageStatsManager: java.util.Map getAppStandbyBuckets()>"
					],
					"depth":8,
					"method":"<android.app.WindowContext: java.lang.Object getSystemService(java.lang.String)>",
					"source":"FIELDCALLER"
				},
				{
					"trace":[
						"<android.app.ActivityManager: boolean isProfileForeground(android.os.UserHandle)>",
						"<android.content.Context: java.lang.Object getSystemService(java.lang.Class)>",
						"<android.app.ContextImpl: java.lang.Object getSystemService(java.lang.String)>",
						"<android.app.SystemServiceRegistry: java.lang.Object getSystemService(android.app.ContextImpl,java.lang.String)>",
						"<android.app.SystemServiceRegistry$CachedServiceFetcher: java.lang.Object getService(android.app.ContextImpl)>",
						"<android.app.SystemServiceRegistry$78: java.lang.Object createService(android.app.ContextImpl)>",
						"<android.app.SystemServiceRegistry$78: android.app.usage.UsageStatsManager createService(android.app.ContextImpl)>",
						"<android.app.usage.UsageStatsManager: void <init>(android.content.Context,android.app.usage.IUsageStatsManager)>",
						"key field: <android.app.usage.UsageStatsManager: android.content.Context mContext>",
						"<android.app.usage.UsageStatsManager: java.util.Map getAppStandbyBuckets()>"
					],
					"depth":8,
					"method":"<android.app.ActivityManager: boolean isProfileForeground(android.os.UserHandle)>",
					"source":"FIELDCALLER"
				},
				{
					"trace":[
						"<android.app.ApplicationPackageManager: android.os.storage.VolumeInfo getPrimaryStorageCurrentVolume()>",
						"<android.content.Context: java.lang.Object getSystemService(java.lang.Class)>",
						"<android.app.ContextImpl: java.lang.Object getSystemService(java.lang.String)>",
						"<android.app.SystemServiceRegistry: java.lang.Object getSystemService(android.app.ContextImpl,java.lang.String)>",
						"<android.app.SystemServiceRegistry$CachedServiceFetcher: java.lang.Object getService(android.app.ContextImpl)>",
						"<android.app.SystemServiceRegistry$78: java.lang.Object createService(android.app.ContextImpl)>",
						"<android.app.SystemServiceRegistry$78: android.app.usage.UsageStatsManager createService(android.app.ContextImpl)>",
						"<android.app.usage.UsageStatsManager: void <init>(android.content.Context,android.app.usage.IUsageStatsManager)>",
						"key field: <android.app.usage.UsageStatsManager: android.content.Context mContext>",
						"<android.app.usage.UsageStatsManager: java.util.Map getAppStandbyBuckets()>"
					],
					"depth":8,
					"method":"<android.app.ApplicationPackageManager: android.os.storage.VolumeInfo getPrimaryStorageCurrentVolume()>",
					"source":"FIELDCALLER"
				},
				{
					"trace":[
						"<android.app.ApplicationPackageManager: java.util.List getPrimaryStorageCandidateVolumes()>",
						"<android.content.Context: java.lang.Object getSystemService(java.lang.Class)>",
						"<android.app.ContextImpl: java.lang.Object getSystemService(java.lang.String)>",
						"<android.app.SystemServiceRegistry: java.lang.Object getSystemService(android.app.ContextImpl,java.lang.String)>",
						"<android.app.SystemServiceRegistry$CachedServiceFetcher: java.lang.Object getService(android.app.ContextImpl)>",
						"<android.app.SystemServiceRegistry$78: java.lang.Object createService(android.app.ContextImpl)>",
						"<android.app.SystemServiceRegistry$78: android.app.usage.UsageStatsManager createService(android.app.ContextImpl)>",
						"<android.app.usage.UsageStatsManager: void <init>(android.content.Context,android.app.usage.IUsageStatsManager)>",
						"key field: <android.app.usage.UsageStatsManager: android.content.Context mContext>",
						"<android.app.usage.UsageStatsManager: java.util.Map getAppStandbyBuckets()>"
					],
					"depth":8,
					"method":"<android.app.ApplicationPackageManager: java.util.List getPrimaryStorageCandidateVolumes()>",
					"source":"FIELDCALLER"
				},
				{
					"trace":[
						"<android.app.ApplicationPackageManager: android.os.storage.VolumeInfo getPackageCurrentVolume(android.content.pm.ApplicationInfo)>",
						"<android.content.Context: java.lang.Object getSystemService(java.lang.Class)>",
						"<android.app.ContextImpl: java.lang.Object getSystemService(java.lang.String)>",
						"<android.app.SystemServiceRegistry: java.lang.Object getSystemService(android.app.ContextImpl,java.lang.String)>",
						"<android.app.SystemServiceRegistry$CachedServiceFetcher: java.lang.Object getService(android.app.ContextImpl)>",
						"<android.app.SystemServiceRegistry$78: java.lang.Object createService(android.app.ContextImpl)>",
						"<android.app.SystemServiceRegistry$78: android.app.usage.UsageStatsManager createService(android.app.ContextImpl)>",
						"<android.app.usage.UsageStatsManager: void <init>(android.content.Context,android.app.usage.IUsageStatsManager)>",
						"key field: <android.app.usage.UsageStatsManager: android.content.Context mContext>",
						"<android.app.usage.UsageStatsManager: java.util.Map getAppStandbyBuckets()>"
					],
					"depth":8,
					"method":"<android.app.ApplicationPackageManager: android.os.storage.VolumeInfo getPackageCurrentVolume(android.content.pm.ApplicationInfo)>",
					"source":"FIELDCALLER"
				},
				{
					"trace":[
						"<android.app.ApplicationPackageManager: java.util.List getPackageCandidateVolumes(android.content.pm.ApplicationInfo)>",
						"<android.content.Context: java.lang.Object getSystemService(java.lang.Class)>",
						"<android.app.ContextImpl: java.lang.Object getSystemService(java.lang.String)>",
						"<android.app.SystemServiceRegistry: java.lang.Object getSystemService(android.app.ContextImpl,java.lang.String)>",
						"<android.app.SystemServiceRegistry$CachedServiceFetcher: java.lang.Object getService(android.app.ContextImpl)>",
						"<android.app.SystemServiceRegistry$78: java.lang.Object createService(android.app.ContextImpl)>",
						"<android.app.SystemServiceRegistry$78: android.app.usage.UsageStatsManager createService(android.app.ContextImpl)>",
						"<android.app.usage.UsageStatsManager: void <init>(android.content.Context,android.app.usage.IUsageStatsManager)>",
						"key field: <android.app.usage.UsageStatsManager: android.content.Context mContext>",
						"<android.app.usage.UsageStatsManager: java.util.Map getAppStandbyBuckets()>"
					],
					"depth":8,
					"method":"<android.app.ApplicationPackageManager: java.util.List getPackageCandidateVolumes(android.content.pm.ApplicationInfo)>",
					"source":"FIELDCALLER"
				},
				{
					"trace":[
						"<android.app.RecoverableSecurityException: void showAsNotification(android.content.Context,java.lang.String)>",
						"<android.content.Context: java.lang.Object getSystemService(java.lang.Class)>",
						"<android.app.ContextImpl: java.lang.Object getSystemService(java.lang.String)>",
						"<android.app.SystemServiceRegistry: java.lang.Object getSystemService(android.app.ContextImpl,java.lang.String)>",
						"<android.app.SystemServiceRegistry$CachedServiceFetcher: java.lang.Object getService(android.app.ContextImpl)>",
						"<android.app.SystemServiceRegistry$78: java.lang.Object createService(android.app.ContextImpl)>",
						"<android.app.SystemServiceRegistry$78: android.app.usage.UsageStatsManager createService(android.app.ContextImpl)>",
						"<android.app.usage.UsageStatsManager: void <init>(android.content.Context,android.app.usage.IUsageStatsManager)>",
						"key field: <android.app.usage.UsageStatsManager: android.content.Context mContext>",
						"<android.app.usage.UsageStatsManager: java.util.Map getAppStandbyBuckets()>"
					],
					"depth":8,
					"method":"<android.app.RecoverableSecurityException: void showAsNotification(android.content.Context,java.lang.String)>",
					"source":"FIELDCALLER"
				},
				{
					"trace":[
						"<android.app.slice.SliceProvider: void attachInfo(android.content.Context,android.content.pm.ProviderInfo)>",
						"<android.content.Context: java.lang.Object getSystemService(java.lang.Class)>",
						"<android.app.ContextImpl: java.lang.Object getSystemService(java.lang.String)>",
						"<android.app.SystemServiceRegistry: java.lang.Object getSystemService(android.app.ContextImpl,java.lang.String)>",
						"<android.app.SystemServiceRegistry$CachedServiceFetcher: java.lang.Object getService(android.app.ContextImpl)>",
						"<android.app.SystemServiceRegistry$78: java.lang.Object createService(android.app.ContextImpl)>",
						"<android.app.SystemServiceRegistry$78: android.app.usage.UsageStatsManager createService(android.app.ContextImpl)>",
						"<android.app.usage.UsageStatsManager: void <init>(android.content.Context,android.app.usage.IUsageStatsManager)>",
						"key field: <android.app.usage.UsageStatsManager: android.content.Context mContext>",
						"<android.app.usage.UsageStatsManager: java.util.Map getAppStandbyBuckets()>"
					],
					"depth":8,
					"method":"<android.app.slice.SliceProvider: void attachInfo(android.content.Context,android.content.pm.ProviderInfo)>",
					"source":"FIELDCALLER"
				},
				{
					"trace":[
						"<android.app.SearchManager: void startSearch(java.lang.String,boolean,android.content.ComponentName,android.os.Bundle,boolean,android.graphics.Rect)>",
						"<android.content.Context: java.lang.Object getSystemService(java.lang.Class)>",
						"<android.app.ContextImpl: java.lang.Object getSystemService(java.lang.String)>",
						"<android.app.SystemServiceRegistry: java.lang.Object getSystemService(android.app.ContextImpl,java.lang.String)>",
						"<android.app.SystemServiceRegistry$CachedServiceFetcher: java.lang.Object getService(android.app.ContextImpl)>",
						"<android.app.SystemServiceRegistry$78: java.lang.Object createService(android.app.ContextImpl)>",
						"<android.app.SystemServiceRegistry$78: android.app.usage.UsageStatsManager createService(android.app.ContextImpl)>",
						"<android.app.usage.UsageStatsManager: void <init>(android.content.Context,android.app.usage.IUsageStatsManager)>",
						"key field: <android.app.usage.UsageStatsManager: android.content.Context mContext>",
						"<android.app.usage.UsageStatsManager: java.util.Map getAppStandbyBuckets()>"
					],
					"depth":8,
					"method":"<android.app.SearchManager: void startSearch(java.lang.String,boolean,android.content.ComponentName,android.os.Bundle,boolean,android.graphics.Rect)>",
					"source":"FIELDCALLER"
				},
				{
					"trace":[
						"<android.app.SearchDialog: void onBackPressed()>",
						"<android.content.Context: java.lang.Object getSystemService(java.lang.Class)>",
						"<android.app.ContextImpl: java.lang.Object getSystemService(java.lang.String)>",
						"<android.app.SystemServiceRegistry: java.lang.Object getSystemService(android.app.ContextImpl,java.lang.String)>",
						"<android.app.SystemServiceRegistry$CachedServiceFetcher: java.lang.Object getService(android.app.ContextImpl)>",
						"<android.app.SystemServiceRegistry$78: java.lang.Object createService(android.app.ContextImpl)>",
						"<android.app.SystemServiceRegistry$78: android.app.usage.UsageStatsManager createService(android.app.ContextImpl)>",
						"<android.app.usage.UsageStatsManager: void <init>(android.content.Context,android.app.usage.IUsageStatsManager)>",
						"key field: <android.app.usage.UsageStatsManager: android.content.Context mContext>",
						"<android.app.usage.UsageStatsManager: java.util.Map getAppStandbyBuckets()>"
					],
					"depth":8,
					"method":"<android.app.SearchDialog: void onBackPressed()>",
					"source":"FIELDCALLER"
				},
				{
					"trace":[
						"<android.app.SearchDialog: void hide()>",
						"<android.content.Context: java.lang.Object getSystemService(java.lang.Class)>",
						"<android.app.ContextImpl: java.lang.Object getSystemService(java.lang.String)>",
						"<android.app.SystemServiceRegistry: java.lang.Object getSystemService(android.app.ContextImpl,java.lang.String)>",
						"<android.app.SystemServiceRegistry$CachedServiceFetcher: java.lang.Object getService(android.app.ContextImpl)>",
						"<android.app.SystemServiceRegistry$78: java.lang.Object createService(android.app.ContextImpl)>",
						"<android.app.SystemServiceRegistry$78: android.app.usage.UsageStatsManager createService(android.app.ContextImpl)>",
						"<android.app.usage.UsageStatsManager: void <init>(android.content.Context,android.app.usage.IUsageStatsManager)>",
						"key field: <android.app.usage.UsageStatsManager: android.content.Context mContext>",
						"<android.app.usage.UsageStatsManager: java.util.Map getAppStandbyBuckets()>"
					],
					"depth":8,
					"method":"<android.app.SearchDialog: void hide()>",
					"source":"FIELDCALLER"
				},
				{
					"trace":[
						"<android.app.ContextImpl: android.content.SharedPreferences getSharedPreferences(java.io.File,int)>",
						"<android.content.Context: java.lang.Object getSystemService(java.lang.Class)>",
						"<android.app.ContextImpl: java.lang.Object getSystemService(java.lang.String)>",
						"<android.app.SystemServiceRegistry: java.lang.Object getSystemService(android.app.ContextImpl,java.lang.String)>",
						"<android.app.SystemServiceRegistry$CachedServiceFetcher: java.lang.Object getService(android.app.ContextImpl)>",
						"<android.app.SystemServiceRegistry$78: java.lang.Object createService(android.app.ContextImpl)>",
						"<android.app.SystemServiceRegistry$78: android.app.usage.UsageStatsManager createService(android.app.ContextImpl)>",
						"<android.app.usage.UsageStatsManager: void <init>(android.content.Context,android.app.usage.IUsageStatsManager)>",
						"key field: <android.app.usage.UsageStatsManager: android.content.Context mContext>",
						"<android.app.usage.UsageStatsManager: java.util.Map getAppStandbyBuckets()>"
					],
					"depth":8,
					"method":"<android.app.ContextImpl: android.content.SharedPreferences getSharedPreferences(java.io.File,int)>",
					"source":"FIELDCALLER"
				}
			],
			"callerOfSingnlar2SourceVar":{}
		},
		{
			"method":"<android.app.usage.UsageStatsManager: int getUsageSource()>",
			"message":"[\\s\\S]*",
			"relatedVarType":"Unknown",
			"relatedCondType":"Empty",
			"modifier":"public",
			"type":"java.lang.RuntimeException",
			"osVersionRelated":false,
			"resourceRelated":false,
			"assessRelated":false,
			"hardwareRelated":false,
			"manifestRelated":false,
			"caughtValues":"@caughtexception",
			"relatedValues":"; ; @caughtexception",
			"keyAPISameClassNum":0,
			"keyAPIDiffClassNum":0,
			"keyAPISameClass":[],
			"keyAPIDiffClass":[],
			"callerOfSingnlar2SourceVar":{}
		},
		{
			"method":"<android.app.usage.UsageStatsManager: void onCarrierPrivilegedAppsChanged()>",
			"message":"[\\s\\S]*",
			"relatedVarType":"Unknown",
			"relatedCondType":"Empty",
			"modifier":"public",
			"type":"java.lang.RuntimeException",
			"osVersionRelated":false,
			"resourceRelated":false,
			"assessRelated":false,
			"hardwareRelated":false,
			"manifestRelated":false,
			"caughtValues":"@caughtexception",
			"relatedValues":"; ; @caughtexception",
			"keyAPISameClassNum":0,
			"keyAPIDiffClassNum":0,
			"keyAPISameClass":[],
			"keyAPIDiffClass":[],
			"callerOfSingnlar2SourceVar":{}
		},
		{
			"method":"<android.app.usage.UsageStatsManager: void registerAppUsageLimitObserver(int,java.lang.String[],java.time.Duration,java.time.Duration,android.app.PendingIntent)>",
			"message":"[\\s\\S]*",
			"relatedVarType":"Unknown",
			"relatedCondType":"Empty",
			"modifier":"public",
			"type":"java.lang.RuntimeException",
			"osVersionRelated":false,
			"resourceRelated":false,
			"assessRelated":false,
			"hardwareRelated":false,
			"manifestRelated":false,
			"caughtValues":"@caughtexception",
			"relatedValues":"; ; @caughtexception",
			"keyAPISameClassNum":0,
			"keyAPIDiffClassNum":0,
			"keyAPISameClass":[],
			"keyAPIDiffClass":[],
			"callerOfSingnlar2SourceVar":{}
		},
		{
			"method":"<android.app.usage.UsageStatsManager: void registerAppUsageObserver(int,java.lang.String[],long,java.util.concurrent.TimeUnit,android.app.PendingIntent)>",
			"message":"[\\s\\S]*",
			"relatedVarType":"Unknown",
			"relatedCondType":"Empty",
			"modifier":"public",
			"type":"java.lang.RuntimeException",
			"osVersionRelated":false,
			"resourceRelated":false,
			"assessRelated":false,
			"hardwareRelated":false,
			"manifestRelated":false,
			"caughtValues":"@caughtexception",
			"relatedValues":"; ; @caughtexception",
			"keyAPISameClassNum":0,
			"keyAPIDiffClassNum":0,
			"keyAPISameClass":[],
			"keyAPIDiffClass":[],
			"callerOfSingnlar2SourceVar":{}
		},
		{
			"method":"<android.app.usage.UsageStatsManager: void registerUsageSessionObserver(int,java.lang.String[],java.time.Duration,java.time.Duration,android.app.PendingIntent,android.app.PendingIntent)>",
			"message":"[\\s\\S]*",
			"relatedVarType":"Unknown",
			"relatedCondType":"Empty",
			"modifier":"public",
			"type":"java.lang.RuntimeException",
			"osVersionRelated":false,
			"resourceRelated":false,
			"assessRelated":false,
			"hardwareRelated":false,
			"manifestRelated":false,
			"caughtValues":"@caughtexception",
			"relatedValues":"; ; @caughtexception",
			"keyAPISameClassNum":0,
			"keyAPIDiffClassNum":0,
			"keyAPISameClass":[],
			"keyAPIDiffClass":[],
			"callerOfSingnlar2SourceVar":{}
		},
		{
			"method":"<android.app.usage.UsageStatsManager: void reportUsageStart(android.app.Activity,java.lang.String)>",
			"message":"[\\s\\S]*",
			"relatedVarType":"Unknown",
			"relatedCondType":"Empty",
			"modifier":"public",
			"type":"java.lang.RuntimeException",
			"osVersionRelated":false,
			"resourceRelated":false,
			"assessRelated":false,
			"hardwareRelated":false,
			"manifestRelated":false,
			"caughtValues":"@caughtexception",
			"relatedValues":"; ; @caughtexception",
			"keyAPISameClassNum":0,
			"keyAPIDiffClassNum":0,
			"keyAPISameClass":[],
			"keyAPIDiffClass":[],
			"callerOfSingnlar2SourceVar":{}
		},
		{
			"method":"<android.app.usage.UsageStatsManager: void reportUsageStart(android.app.Activity,java.lang.String,long)>",
			"message":"[\\s\\S]*",
			"relatedVarType":"Unknown",
			"relatedCondType":"Empty",
			"modifier":"public",
			"type":"java.lang.RuntimeException",
			"osVersionRelated":false,
			"resourceRelated":false,
			"assessRelated":false,
			"hardwareRelated":false,
			"manifestRelated":false,
			"caughtValues":"@caughtexception",
			"relatedValues":"; ; @caughtexception",
			"keyAPISameClassNum":0,
			"keyAPIDiffClassNum":0,
			"keyAPISameClass":[],
			"keyAPIDiffClass":[],
			"callerOfSingnlar2SourceVar":{}
		},
		{
			"method":"<android.app.usage.UsageStatsManager: void reportUsageStop(android.app.Activity,java.lang.String)>",
			"message":"[\\s\\S]*",
			"relatedVarType":"Unknown",
			"relatedCondType":"Empty",
			"modifier":"public",
			"type":"java.lang.RuntimeException",
			"osVersionRelated":false,
			"resourceRelated":false,
			"assessRelated":false,
			"hardwareRelated":false,
			"manifestRelated":false,
			"caughtValues":"@caughtexception",
			"relatedValues":"; ; @caughtexception",
			"keyAPISameClassNum":0,
			"keyAPIDiffClassNum":0,
			"keyAPISameClass":[],
			"keyAPIDiffClass":[],
			"callerOfSingnlar2SourceVar":{}
		},
		{
			"method":"<android.app.usage.UsageStatsManager: void setAppStandbyBucket(java.lang.String,int)>",
			"message":"[\\s\\S]*",
			"relatedVarType":"Unknown",
			"relatedCondType":"Empty",
			"modifier":"public",
			"type":"java.lang.RuntimeException",
			"osVersionRelated":false,
			"resourceRelated":false,
			"assessRelated":false,
			"hardwareRelated":false,
			"manifestRelated":false,
			"caughtValues":"@caughtexception",
			"relatedValues":"; ; @caughtexception",
			"keyAPISameClassNum":0,
			"keyAPIDiffClassNum":0,
			"keyAPISameClass":[],
			"keyAPIDiffClass":[],
			"callerOfSingnlar2SourceVar":{}
		},
		{
			"method":"<android.app.usage.UsageStatsManager: void setAppStandbyBuckets(java.util.Map)>",
			"message":"[\\s\\S]*",
			"relatedVarType":"Parameter",
			"relatedCondType":"Basic",
			"modifier":"public",
			"type":"java.lang.RuntimeException",
			"osVersionRelated":false,
			"resourceRelated":false,
			"assessRelated":false,
			"hardwareRelated":false,
			"manifestRelated":false,
			"conditions":"$z0 == 0, r16 != null",
			"paramValues":"@parameter0: java.util.Map",
			"caughtValues":"@caughtexception",
			"relatedValues":"@parameter0: java.util.Map; ; @caughtexception",
			"keyAPISameClassNum":0,
			"keyAPIDiffClassNum":0,
			"keyAPISameClass":[
				{
					"trace":[
						"<android.app.usage.UsageStatsManager: void setAppStandbyBuckets(java.util.Map)>"
					],
					"depth":0,
					"method":"<android.app.usage.UsageStatsManager: void setAppStandbyBuckets(java.util.Map)>",
					"source":"CALLER"
				}
			],
			"keyAPIDiffClass":[],
			"callerOfSingnlar2SourceVar":{
				"<android.app.usage.UsageStatsManager: void setAppStandbyBuckets(java.util.Map)>":"0"
			}
		},
		{
			"method":"<android.app.usage.UsageStatsManager: void unregisterAppUsageLimitObserver(int)>",
			"message":"[\\s\\S]*",
			"relatedVarType":"Unknown",
			"relatedCondType":"Empty",
			"modifier":"public",
			"type":"java.lang.RuntimeException",
			"osVersionRelated":false,
			"resourceRelated":false,
			"assessRelated":false,
			"hardwareRelated":false,
			"manifestRelated":false,
			"caughtValues":"@caughtexception",
			"relatedValues":"; ; @caughtexception",
			"keyAPISameClassNum":0,
			"keyAPIDiffClassNum":0,
			"keyAPISameClass":[],
			"keyAPIDiffClass":[],
			"callerOfSingnlar2SourceVar":{}
		},
		{
			"method":"<android.app.usage.UsageStatsManager: void unregisterAppUsageObserver(int)>",
			"message":"[\\s\\S]*",
			"relatedVarType":"Unknown",
			"relatedCondType":"Empty",
			"modifier":"public",
			"type":"java.lang.RuntimeException",
			"osVersionRelated":false,
			"resourceRelated":false,
			"assessRelated":false,
			"hardwareRelated":false,
			"manifestRelated":false,
			"caughtValues":"@caughtexception",
			"relatedValues":"; ; @caughtexception",
			"keyAPISameClassNum":0,
			"keyAPIDiffClassNum":0,
			"keyAPISameClass":[],
			"keyAPIDiffClass":[],
			"callerOfSingnlar2SourceVar":{}
		},
		{
			"method":"<android.app.usage.UsageStatsManager: void unregisterUsageSessionObserver(int)>",
			"message":"[\\s\\S]*",
			"relatedVarType":"Unknown",
			"relatedCondType":"Empty",
			"modifier":"public",
			"type":"java.lang.RuntimeException",
			"osVersionRelated":false,
			"resourceRelated":false,
			"assessRelated":false,
			"hardwareRelated":false,
			"manifestRelated":false,
			"caughtValues":"@caughtexception",
			"relatedValues":"; ; @caughtexception",
			"keyAPISameClassNum":0,
			"keyAPIDiffClassNum":0,
			"keyAPISameClass":[],
			"keyAPIDiffClass":[],
			"callerOfSingnlar2SourceVar":{}
		}
	]
}