{
	"exceptions":[
		{
			"method":"<android.database.sqlite.SQLiteCompatibilityWalFlags: java.lang.String getWALSyncMode()>",
			"message":"\\QisLegacyCompatibilityWalEnabled() == false\\E",
			"relatedVarType":"Field",
			"relatedCondType":"Basic",
			"modifier":"public",
			"type":"java.lang.IllegalStateException",
			"osVersionRelated":false,
			"resourceRelated":false,
			"assessRelated":false,
			"hardwareRelated":false,
			"manifestRelated":false,
			"conditions":"$z0 == 0",
			"fieldValues":"<android.database.sqlite.SQLiteCompatibilityWalFlags: boolean sLegacyCompatibilityWalEnabled>",
			"relatedValues":"; <android.database.sqlite.SQLiteCompatibilityWalFlags: boolean sLegacyCompatibilityWalEnabled>; ",
			"keyAPISameClassNum":5,
			"keyAPIDiffClassNum":25,
			"keyAPISameClass":[
				{
					"trace":[
						"<android.database.sqlite.SQLiteCompatibilityWalFlags: java.lang.String getWALSyncMode()>"
					],
					"depth":1,
					"method":"<android.database.sqlite.SQLiteCompatibilityWalFlags: void init(java.lang.String)>",
					"source":"FIELD"
				},
				{
					"trace":[
						"<android.database.sqlite.SQLiteCompatibilityWalFlags: java.lang.String getWALSyncMode()>"
					],
					"depth":1,
					"method":"<android.database.sqlite.SQLiteCompatibilityWalFlags: void reset()>",
					"source":"FIELD"
				},
				{
					"trace":[
						"<android.database.sqlite.SQLiteCompatibilityWalFlags: java.lang.String getWALSyncMode()>",
						"<android.database.sqlite.SQLiteCompatibilityWalFlags: void initIfNeeded()>",
						"<android.database.sqlite.SQLiteCompatibilityWalFlags: void init(java.lang.String)>",
						"key field: <android.database.sqlite.SQLiteCompatibilityWalFlags: boolean sLegacyCompatibilityWalEnabled>",
						"<android.database.sqlite.SQLiteCompatibilityWalFlags: java.lang.String getWALSyncMode()>"
					],
					"depth":3,
					"method":"<android.database.sqlite.SQLiteCompatibilityWalFlags: java.lang.String getWALSyncMode()>",
					"source":"FIELDCALLER"
				},
				{
					"trace":[
						"<android.database.sqlite.SQLiteCompatibilityWalFlags: boolean isLegacyCompatibilityWalEnabled()>",
						"<android.database.sqlite.SQLiteCompatibilityWalFlags: void initIfNeeded()>",
						"<android.database.sqlite.SQLiteCompatibilityWalFlags: void init(java.lang.String)>",
						"key field: <android.database.sqlite.SQLiteCompatibilityWalFlags: boolean sLegacyCompatibilityWalEnabled>",
						"<android.database.sqlite.SQLiteCompatibilityWalFlags: java.lang.String getWALSyncMode()>"
					],
					"depth":3,
					"method":"<android.database.sqlite.SQLiteCompatibilityWalFlags: boolean isLegacyCompatibilityWalEnabled()>",
					"source":"FIELDCALLER"
				},
				{
					"trace":[
						"<android.database.sqlite.SQLiteCompatibilityWalFlags: long getTruncateSize()>",
						"<android.database.sqlite.SQLiteCompatibilityWalFlags: void initIfNeeded()>",
						"<android.database.sqlite.SQLiteCompatibilityWalFlags: void init(java.lang.String)>",
						"key field: <android.database.sqlite.SQLiteCompatibilityWalFlags: boolean sLegacyCompatibilityWalEnabled>",
						"<android.database.sqlite.SQLiteCompatibilityWalFlags: java.lang.String getWALSyncMode()>"
					],
					"depth":3,
					"method":"<android.database.sqlite.SQLiteCompatibilityWalFlags: long getTruncateSize()>",
					"source":"FIELDCALLER"
				}
			],
			"keyAPIDiffClass":[
				{
					"trace":[
						"<android.database.sqlite.SQLiteConnectionPool: void dump(android.util.Printer,boolean,android.util.ArraySet)>",
						"<android.database.sqlite.SQLiteCompatibilityWalFlags: java.lang.String getWALSyncMode()>",
						"<android.database.sqlite.SQLiteCompatibilityWalFlags: void initIfNeeded()>",
						"<android.database.sqlite.SQLiteCompatibilityWalFlags: void init(java.lang.String)>",
						"key field: <android.database.sqlite.SQLiteCompatibilityWalFlags: boolean sLegacyCompatibilityWalEnabled>",
						"<android.database.sqlite.SQLiteCompatibilityWalFlags: java.lang.String getWALSyncMode()>"
					],
					"depth":4,
					"method":"<android.database.sqlite.SQLiteConnectionPool: void dump(android.util.Printer,boolean,android.util.ArraySet)>",
					"source":"FIELDCALLER"
				},
				{
					"trace":[
						"<android.database.sqlite.SQLiteGlobal: long getWALTruncateSize()>",
						"<android.database.sqlite.SQLiteCompatibilityWalFlags: long getTruncateSize()>",
						"<android.database.sqlite.SQLiteCompatibilityWalFlags: void initIfNeeded()>",
						"<android.database.sqlite.SQLiteCompatibilityWalFlags: void init(java.lang.String)>",
						"key field: <android.database.sqlite.SQLiteCompatibilityWalFlags: boolean sLegacyCompatibilityWalEnabled>",
						"<android.database.sqlite.SQLiteCompatibilityWalFlags: java.lang.String getWALSyncMode()>"
					],
					"depth":4,
					"method":"<android.database.sqlite.SQLiteGlobal: long getWALTruncateSize()>",
					"source":"FIELDCALLER"
				},
				{
					"trace":[
						"<android.database.sqlite.SQLiteDatabase: android.database.sqlite.SQLiteDatabase openDatabase(java.lang.String,android.database.sqlite.SQLiteDatabase$CursorFactory,int,android.database.DatabaseErrorHandler)>",
						"<android.database.sqlite.SQLiteDatabase: void <init>(java.lang.String,int,android.database.sqlite.SQLiteDatabase$CursorFactory,android.database.DatabaseErrorHandler,int,int,long,java.lang.String,java.lang.String)>",
						"<android.database.sqlite.SQLiteCompatibilityWalFlags: boolean isLegacyCompatibilityWalEnabled()>",
						"<android.database.sqlite.SQLiteCompatibilityWalFlags: void initIfNeeded()>",
						"<android.database.sqlite.SQLiteCompatibilityWalFlags: void init(java.lang.String)>",
						"key field: <android.database.sqlite.SQLiteCompatibilityWalFlags: boolean sLegacyCompatibilityWalEnabled>",
						"<android.database.sqlite.SQLiteCompatibilityWalFlags: java.lang.String getWALSyncMode()>"
					],
					"depth":5,
					"method":"<android.database.sqlite.SQLiteDatabase: android.database.sqlite.SQLiteDatabase openDatabase(java.lang.String,android.database.sqlite.SQLiteDatabase$CursorFactory,int,android.database.DatabaseErrorHandler)>",
					"source":"FIELDCALLER"
				},
				{
					"trace":[
						"<android.database.sqlite.SQLiteDatabase: android.database.sqlite.SQLiteDatabase openDatabase(java.io.File,android.database.sqlite.SQLiteDatabase$OpenParams)>",
						"<android.database.sqlite.SQLiteDatabase: android.database.sqlite.SQLiteDatabase openDatabase(java.lang.String,android.database.sqlite.SQLiteDatabase$OpenParams)>",
						"<android.database.sqlite.SQLiteDatabase: void <init>(java.lang.String,int,android.database.sqlite.SQLiteDatabase$CursorFactory,android.database.DatabaseErrorHandler,int,int,long,java.lang.String,java.lang.String)>",
						"<android.database.sqlite.SQLiteCompatibilityWalFlags: boolean isLegacyCompatibilityWalEnabled()>",
						"<android.database.sqlite.SQLiteCompatibilityWalFlags: void initIfNeeded()>",
						"<android.database.sqlite.SQLiteCompatibilityWalFlags: void init(java.lang.String)>",
						"key field: <android.database.sqlite.SQLiteCompatibilityWalFlags: boolean sLegacyCompatibilityWalEnabled>",
						"<android.database.sqlite.SQLiteCompatibilityWalFlags: java.lang.String getWALSyncMode()>"
					],
					"depth":6,
					"method":"<android.database.sqlite.SQLiteDatabase: android.database.sqlite.SQLiteDatabase openDatabase(java.io.File,android.database.sqlite.SQLiteDatabase$OpenParams)>",
					"source":"FIELDCALLER"
				},
				{
					"trace":[
						"<android.database.sqlite.SQLiteDatabase: android.database.sqlite.SQLiteDatabase createInMemory(android.database.sqlite.SQLiteDatabase$OpenParams)>",
						"<android.database.sqlite.SQLiteDatabase: android.database.sqlite.SQLiteDatabase openDatabase(java.lang.String,android.database.sqlite.SQLiteDatabase$OpenParams)>",
						"<android.database.sqlite.SQLiteDatabase: void <init>(java.lang.String,int,android.database.sqlite.SQLiteDatabase$CursorFactory,android.database.DatabaseErrorHandler,int,int,long,java.lang.String,java.lang.String)>",
						"<android.database.sqlite.SQLiteCompatibilityWalFlags: boolean isLegacyCompatibilityWalEnabled()>",
						"<android.database.sqlite.SQLiteCompatibilityWalFlags: void initIfNeeded()>",
						"<android.database.sqlite.SQLiteCompatibilityWalFlags: void init(java.lang.String)>",
						"key field: <android.database.sqlite.SQLiteCompatibilityWalFlags: boolean sLegacyCompatibilityWalEnabled>",
						"<android.database.sqlite.SQLiteCompatibilityWalFlags: java.lang.String getWALSyncMode()>"
					],
					"depth":6,
					"method":"<android.database.sqlite.SQLiteDatabase: android.database.sqlite.SQLiteDatabase createInMemory(android.database.sqlite.SQLiteDatabase$OpenParams)>",
					"source":"FIELDCALLER"
				},
				{
					"trace":[
						"<android.database.sqlite.SQLiteDatabase: android.database.sqlite.SQLiteDatabase openOrCreateDatabase(java.lang.String,android.database.sqlite.SQLiteDatabase$CursorFactory,android.database.DatabaseErrorHandler)>",
						"<android.database.sqlite.SQLiteDatabase: android.database.sqlite.SQLiteDatabase openDatabase(java.lang.String,android.database.sqlite.SQLiteDatabase$CursorFactory,int,android.database.DatabaseErrorHandler)>",
						"<android.database.sqlite.SQLiteDatabase: void <init>(java.lang.String,int,android.database.sqlite.SQLiteDatabase$CursorFactory,android.database.DatabaseErrorHandler,int,int,long,java.lang.String,java.lang.String)>",
						"<android.database.sqlite.SQLiteCompatibilityWalFlags: boolean isLegacyCompatibilityWalEnabled()>",
						"<android.database.sqlite.SQLiteCompatibilityWalFlags: void initIfNeeded()>",
						"<android.database.sqlite.SQLiteCompatibilityWalFlags: void init(java.lang.String)>",
						"key field: <android.database.sqlite.SQLiteCompatibilityWalFlags: boolean sLegacyCompatibilityWalEnabled>",
						"<android.database.sqlite.SQLiteCompatibilityWalFlags: java.lang.String getWALSyncMode()>"
					],
					"depth":6,
					"method":"<android.database.sqlite.SQLiteDatabase: android.database.sqlite.SQLiteDatabase openOrCreateDatabase(java.lang.String,android.database.sqlite.SQLiteDatabase$CursorFactory,android.database.DatabaseErrorHandler)>",
					"source":"FIELDCALLER"
				},
				{
					"trace":[
						"<android.database.sqlite.SQLiteDatabase: android.database.sqlite.SQLiteDatabase openOrCreateDatabase(java.lang.String,android.database.sqlite.SQLiteDatabase$CursorFactory)>",
						"<android.database.sqlite.SQLiteDatabase: android.database.sqlite.SQLiteDatabase openDatabase(java.lang.String,android.database.sqlite.SQLiteDatabase$CursorFactory,int,android.database.DatabaseErrorHandler)>",
						"<android.database.sqlite.SQLiteDatabase: void <init>(java.lang.String,int,android.database.sqlite.SQLiteDatabase$CursorFactory,android.database.DatabaseErrorHandler,int,int,long,java.lang.String,java.lang.String)>",
						"<android.database.sqlite.SQLiteCompatibilityWalFlags: boolean isLegacyCompatibilityWalEnabled()>",
						"<android.database.sqlite.SQLiteCompatibilityWalFlags: void initIfNeeded()>",
						"<android.database.sqlite.SQLiteCompatibilityWalFlags: void init(java.lang.String)>",
						"key field: <android.database.sqlite.SQLiteCompatibilityWalFlags: boolean sLegacyCompatibilityWalEnabled>",
						"<android.database.sqlite.SQLiteCompatibilityWalFlags: java.lang.String getWALSyncMode()>"
					],
					"depth":6,
					"method":"<android.database.sqlite.SQLiteDatabase: android.database.sqlite.SQLiteDatabase openOrCreateDatabase(java.lang.String,android.database.sqlite.SQLiteDatabase$CursorFactory)>",
					"source":"FIELDCALLER"
				},
				{
					"trace":[
						"<android.database.sqlite.SQLiteDatabase: android.database.sqlite.SQLiteDatabase openDatabase(java.lang.String,android.database.sqlite.SQLiteDatabase$CursorFactory,int)>",
						"<android.database.sqlite.SQLiteDatabase: android.database.sqlite.SQLiteDatabase openDatabase(java.lang.String,android.database.sqlite.SQLiteDatabase$CursorFactory,int,android.database.DatabaseErrorHandler)>",
						"<android.database.sqlite.SQLiteDatabase: void <init>(java.lang.String,int,android.database.sqlite.SQLiteDatabase$CursorFactory,android.database.DatabaseErrorHandler,int,int,long,java.lang.String,java.lang.String)>",
						"<android.database.sqlite.SQLiteCompatibilityWalFlags: boolean isLegacyCompatibilityWalEnabled()>",
						"<android.database.sqlite.SQLiteCompatibilityWalFlags: void initIfNeeded()>",
						"<android.database.sqlite.SQLiteCompatibilityWalFlags: void init(java.lang.String)>",
						"key field: <android.database.sqlite.SQLiteCompatibilityWalFlags: boolean sLegacyCompatibilityWalEnabled>",
						"<android.database.sqlite.SQLiteCompatibilityWalFlags: java.lang.String getWALSyncMode()>"
					],
					"depth":6,
					"method":"<android.database.sqlite.SQLiteDatabase: android.database.sqlite.SQLiteDatabase openDatabase(java.lang.String,android.database.sqlite.SQLiteDatabase$CursorFactory,int)>",
					"source":"FIELDCALLER"
				},
				{
					"trace":[
						"<android.database.sqlite.SQLiteDebug: void dump(android.util.Printer,java.lang.String[],boolean)>",
						"<android.database.sqlite.SQLiteDatabase: void dumpAll(android.util.Printer,boolean,boolean)>",
						"<android.database.sqlite.SQLiteDatabase: void dump(android.util.Printer,boolean,boolean,android.util.ArraySet)>",
						"<android.database.sqlite.SQLiteConnectionPool: void dump(android.util.Printer,boolean,android.util.ArraySet)>",
						"<android.database.sqlite.SQLiteCompatibilityWalFlags: java.lang.String getWALSyncMode()>",
						"<android.database.sqlite.SQLiteCompatibilityWalFlags: void initIfNeeded()>",
						"<android.database.sqlite.SQLiteCompatibilityWalFlags: void init(java.lang.String)>",
						"key field: <android.database.sqlite.SQLiteCompatibilityWalFlags: boolean sLegacyCompatibilityWalEnabled>",
						"<android.database.sqlite.SQLiteCompatibilityWalFlags: java.lang.String getWALSyncMode()>"
					],
					"depth":7,
					"method":"<android.database.sqlite.SQLiteDebug: void dump(android.util.Printer,java.lang.String[],boolean)>",
					"source":"FIELDCALLER"
				},
				{
					"trace":[
						"<android.database.sqlite.SQLiteConnectionPool: void releaseConnection(android.database.sqlite.SQLiteConnection)>",
						"<android.database.sqlite.SQLiteConnectionPool: boolean recycleConnectionLocked(android.database.sqlite.SQLiteConnection,android.database.sqlite.SQLiteConnectionPool$AcquiredConnectionStatus)>",
						"<android.database.sqlite.SQLiteConnection: void reconfigure(android.database.sqlite.SQLiteDatabaseConfiguration)>",
						"<android.database.sqlite.SQLiteConnection: void setWalModeFromConfiguration()>",
						"<android.database.sqlite.SQLiteCompatibilityWalFlags: java.lang.String getWALSyncMode()>",
						"<android.database.sqlite.SQLiteCompatibilityWalFlags: void initIfNeeded()>",
						"<android.database.sqlite.SQLiteCompatibilityWalFlags: void init(java.lang.String)>",
						"key field: <android.database.sqlite.SQLiteCompatibilityWalFlags: boolean sLegacyCompatibilityWalEnabled>",
						"<android.database.sqlite.SQLiteCompatibilityWalFlags: java.lang.String getWALSyncMode()>"
					],
					"depth":7,
					"method":"<android.database.sqlite.SQLiteConnectionPool: void releaseConnection(android.database.sqlite.SQLiteConnection)>",
					"source":"FIELDCALLER"
				},
				{
					"trace":[
						"<android.database.sqlite.SQLiteDatabase: android.database.sqlite.SQLiteDatabase openOrCreateDatabase(java.io.File,android.database.sqlite.SQLiteDatabase$CursorFactory)>",
						"<android.database.sqlite.SQLiteDatabase: android.database.sqlite.SQLiteDatabase openOrCreateDatabase(java.lang.String,android.database.sqlite.SQLiteDatabase$CursorFactory)>",
						"<android.database.sqlite.SQLiteDatabase: android.database.sqlite.SQLiteDatabase openDatabase(java.lang.String,android.database.sqlite.SQLiteDatabase$CursorFactory,int,android.database.DatabaseErrorHandler)>",
						"<android.database.sqlite.SQLiteDatabase: void <init>(java.lang.String,int,android.database.sqlite.SQLiteDatabase$CursorFactory,android.database.DatabaseErrorHandler,int,int,long,java.lang.String,java.lang.String)>",
						"<android.database.sqlite.SQLiteCompatibilityWalFlags: boolean isLegacyCompatibilityWalEnabled()>",
						"<android.database.sqlite.SQLiteCompatibilityWalFlags: void initIfNeeded()>",
						"<android.database.sqlite.SQLiteCompatibilityWalFlags: void init(java.lang.String)>",
						"key field: <android.database.sqlite.SQLiteCompatibilityWalFlags: boolean sLegacyCompatibilityWalEnabled>",
						"<android.database.sqlite.SQLiteCompatibilityWalFlags: java.lang.String getWALSyncMode()>"
					],
					"depth":7,
					"method":"<android.database.sqlite.SQLiteDatabase: android.database.sqlite.SQLiteDatabase openOrCreateDatabase(java.io.File,android.database.sqlite.SQLiteDatabase$CursorFactory)>",
					"source":"FIELDCALLER"
				},
				{
					"trace":[
						"<android.database.sqlite.SQLiteDatabase: android.database.sqlite.SQLiteDatabase create(android.database.sqlite.SQLiteDatabase$CursorFactory)>",
						"<android.database.sqlite.SQLiteDatabase: android.database.sqlite.SQLiteDatabase openDatabase(java.lang.String,android.database.sqlite.SQLiteDatabase$CursorFactory,int)>",
						"<android.database.sqlite.SQLiteDatabase: android.database.sqlite.SQLiteDatabase openDatabase(java.lang.String,android.database.sqlite.SQLiteDatabase$CursorFactory,int,android.database.DatabaseErrorHandler)>",
						"<android.database.sqlite.SQLiteDatabase: void <init>(java.lang.String,int,android.database.sqlite.SQLiteDatabase$CursorFactory,android.database.DatabaseErrorHandler,int,int,long,java.lang.String,java.lang.String)>",
						"<android.database.sqlite.SQLiteCompatibilityWalFlags: boolean isLegacyCompatibilityWalEnabled()>",
						"<android.database.sqlite.SQLiteCompatibilityWalFlags: void initIfNeeded()>",
						"<android.database.sqlite.SQLiteCompatibilityWalFlags: void init(java.lang.String)>",
						"key field: <android.database.sqlite.SQLiteCompatibilityWalFlags: boolean sLegacyCompatibilityWalEnabled>",
						"<android.database.sqlite.SQLiteCompatibilityWalFlags: java.lang.String getWALSyncMode()>"
					],
					"depth":7,
					"method":"<android.database.sqlite.SQLiteDatabase: android.database.sqlite.SQLiteDatabase create(android.database.sqlite.SQLiteDatabase$CursorFactory)>",
					"source":"FIELDCALLER"
				},
				{
					"trace":[
						"<android.database.sqlite.SQLiteDebug: void dump(android.util.Printer,java.lang.String[])>",
						"<android.database.sqlite.SQLiteDebug: void dump(android.util.Printer,java.lang.String[],boolean)>",
						"<android.database.sqlite.SQLiteDatabase: void dumpAll(android.util.Printer,boolean,boolean)>",
						"<android.database.sqlite.SQLiteDatabase: void dump(android.util.Printer,boolean,boolean,android.util.ArraySet)>",
						"<android.database.sqlite.SQLiteConnectionPool: void dump(android.util.Printer,boolean,android.util.ArraySet)>",
						"<android.database.sqlite.SQLiteCompatibilityWalFlags: java.lang.String getWALSyncMode()>",
						"<android.database.sqlite.SQLiteCompatibilityWalFlags: void initIfNeeded()>",
						"<android.database.sqlite.SQLiteCompatibilityWalFlags: void init(java.lang.String)>",
						"key field: <android.database.sqlite.SQLiteCompatibilityWalFlags: boolean sLegacyCompatibilityWalEnabled>",
						"<android.database.sqlite.SQLiteCompatibilityWalFlags: java.lang.String getWALSyncMode()>"
					],
					"depth":8,
					"method":"<android.database.sqlite.SQLiteDebug: void dump(android.util.Printer,java.lang.String[])>",
					"source":"FIELDCALLER"
				},
				{
					"trace":[
						"<android.database.sqlite.SQLiteConnectionPool: void reconfigure(android.database.sqlite.SQLiteDatabaseConfiguration)>",
						"<android.database.sqlite.SQLiteConnectionPool: android.database.sqlite.SQLiteConnection openConnectionLocked(android.database.sqlite.SQLiteDatabaseConfiguration,boolean)>",
						"<android.database.sqlite.SQLiteConnection: android.database.sqlite.SQLiteConnection open(android.database.sqlite.SQLiteConnectionPool,android.database.sqlite.SQLiteDatabaseConfiguration,int,boolean)>",
						"<android.database.sqlite.SQLiteConnection: void open()>",
						"<android.database.sqlite.SQLiteConnection: void setWalModeFromConfiguration()>",
						"<android.database.sqlite.SQLiteCompatibilityWalFlags: java.lang.String getWALSyncMode()>",
						"<android.database.sqlite.SQLiteCompatibilityWalFlags: void initIfNeeded()>",
						"<android.database.sqlite.SQLiteCompatibilityWalFlags: void init(java.lang.String)>",
						"key field: <android.database.sqlite.SQLiteCompatibilityWalFlags: boolean sLegacyCompatibilityWalEnabled>",
						"<android.database.sqlite.SQLiteCompatibilityWalFlags: java.lang.String getWALSyncMode()>"
					],
					"depth":8,
					"method":"<android.database.sqlite.SQLiteConnectionPool: void reconfigure(android.database.sqlite.SQLiteDatabaseConfiguration)>",
					"source":"FIELDCALLER"
				},
				{
					"trace":[
						"<android.database.sqlite.SQLiteDatabase: void reopenReadWrite()>",
						"<android.database.sqlite.SQLiteConnectionPool: void reconfigure(android.database.sqlite.SQLiteDatabaseConfiguration)>",
						"<android.database.sqlite.SQLiteConnectionPool: void reconfigureAllConnectionsLocked()>",
						"<android.database.sqlite.SQLiteConnection: void reconfigure(android.database.sqlite.SQLiteDatabaseConfiguration)>",
						"<android.database.sqlite.SQLiteConnection: void setWalModeFromConfiguration()>",
						"<android.database.sqlite.SQLiteCompatibilityWalFlags: java.lang.String getWALSyncMode()>",
						"<android.database.sqlite.SQLiteCompatibilityWalFlags: void initIfNeeded()>",
						"<android.database.sqlite.SQLiteCompatibilityWalFlags: void init(java.lang.String)>",
						"key field: <android.database.sqlite.SQLiteCompatibilityWalFlags: boolean sLegacyCompatibilityWalEnabled>",
						"<android.database.sqlite.SQLiteCompatibilityWalFlags: java.lang.String getWALSyncMode()>"
					],
					"depth":8,
					"method":"<android.database.sqlite.SQLiteDatabase: void reopenReadWrite()>",
					"source":"FIELDCALLER"
				},
				{
					"trace":[
						"<android.database.sqlite.SQLiteDatabase: void setMaxSqlCacheSize(int)>",
						"<android.database.sqlite.SQLiteConnectionPool: void reconfigure(android.database.sqlite.SQLiteDatabaseConfiguration)>",
						"<android.database.sqlite.SQLiteConnectionPool: void reconfigureAllConnectionsLocked()>",
						"<android.database.sqlite.SQLiteConnection: void reconfigure(android.database.sqlite.SQLiteDatabaseConfiguration)>",
						"<android.database.sqlite.SQLiteConnection: void setWalModeFromConfiguration()>",
						"<android.database.sqlite.SQLiteCompatibilityWalFlags: java.lang.String getWALSyncMode()>",
						"<android.database.sqlite.SQLiteCompatibilityWalFlags: void initIfNeeded()>",
						"<android.database.sqlite.SQLiteCompatibilityWalFlags: void init(java.lang.String)>",
						"key field: <android.database.sqlite.SQLiteCompatibilityWalFlags: boolean sLegacyCompatibilityWalEnabled>",
						"<android.database.sqlite.SQLiteCompatibilityWalFlags: java.lang.String getWALSyncMode()>"
					],
					"depth":8,
					"method":"<android.database.sqlite.SQLiteDatabase: void setMaxSqlCacheSize(int)>",
					"source":"FIELDCALLER"
				},
				{
					"trace":[
						"<android.database.sqlite.SQLiteDatabase: void setLocale(java.util.Locale)>",
						"<android.database.sqlite.SQLiteConnectionPool: void reconfigure(android.database.sqlite.SQLiteDatabaseConfiguration)>",
						"<android.database.sqlite.SQLiteConnectionPool: void reconfigureAllConnectionsLocked()>",
						"<android.database.sqlite.SQLiteConnection: void reconfigure(android.database.sqlite.SQLiteDatabaseConfiguration)>",
						"<android.database.sqlite.SQLiteConnection: void setWalModeFromConfiguration()>",
						"<android.database.sqlite.SQLiteCompatibilityWalFlags: java.lang.String getWALSyncMode()>",
						"<android.database.sqlite.SQLiteCompatibilityWalFlags: void initIfNeeded()>",
						"<android.database.sqlite.SQLiteCompatibilityWalFlags: void init(java.lang.String)>",
						"key field: <android.database.sqlite.SQLiteCompatibilityWalFlags: boolean sLegacyCompatibilityWalEnabled>",
						"<android.database.sqlite.SQLiteCompatibilityWalFlags: java.lang.String getWALSyncMode()>"
					],
					"depth":8,
					"method":"<android.database.sqlite.SQLiteDatabase: void setLocale(java.util.Locale)>",
					"source":"FIELDCALLER"
				},
				{
					"trace":[
						"<android.database.sqlite.SQLiteDatabase: void setForeignKeyConstraintsEnabled(boolean)>",
						"<android.database.sqlite.SQLiteConnectionPool: void reconfigure(android.database.sqlite.SQLiteDatabaseConfiguration)>",
						"<android.database.sqlite.SQLiteConnectionPool: void reconfigureAllConnectionsLocked()>",
						"<android.database.sqlite.SQLiteConnection: void reconfigure(android.database.sqlite.SQLiteDatabaseConfiguration)>",
						"<android.database.sqlite.SQLiteConnection: void setWalModeFromConfiguration()>",
						"<android.database.sqlite.SQLiteCompatibilityWalFlags: java.lang.String getWALSyncMode()>",
						"<android.database.sqlite.SQLiteCompatibilityWalFlags: void initIfNeeded()>",
						"<android.database.sqlite.SQLiteCompatibilityWalFlags: void init(java.lang.String)>",
						"key field: <android.database.sqlite.SQLiteCompatibilityWalFlags: boolean sLegacyCompatibilityWalEnabled>",
						"<android.database.sqlite.SQLiteCompatibilityWalFlags: java.lang.String getWALSyncMode()>"
					],
					"depth":8,
					"method":"<android.database.sqlite.SQLiteDatabase: void setForeignKeyConstraintsEnabled(boolean)>",
					"source":"FIELDCALLER"
				},
				{
					"trace":[
						"<android.database.sqlite.SQLiteDatabase: void setCustomScalarFunction(java.lang.String,java.util.function.UnaryOperator)>",
						"<android.database.sqlite.SQLiteConnectionPool: void reconfigure(android.database.sqlite.SQLiteDatabaseConfiguration)>",
						"<android.database.sqlite.SQLiteConnectionPool: void reconfigureAllConnectionsLocked()>",
						"<android.database.sqlite.SQLiteConnection: void reconfigure(android.database.sqlite.SQLiteDatabaseConfiguration)>",
						"<android.database.sqlite.SQLiteConnection: void setWalModeFromConfiguration()>",
						"<android.database.sqlite.SQLiteCompatibilityWalFlags: java.lang.String getWALSyncMode()>",
						"<android.database.sqlite.SQLiteCompatibilityWalFlags: void initIfNeeded()>",
						"<android.database.sqlite.SQLiteCompatibilityWalFlags: void init(java.lang.String)>",
						"key field: <android.database.sqlite.SQLiteCompatibilityWalFlags: boolean sLegacyCompatibilityWalEnabled>",
						"<android.database.sqlite.SQLiteCompatibilityWalFlags: java.lang.String getWALSyncMode()>"
					],
					"depth":8,
					"method":"<android.database.sqlite.SQLiteDatabase: void setCustomScalarFunction(java.lang.String,java.util.function.UnaryOperator)>",
					"source":"FIELDCALLER"
				},
				{
					"trace":[
						"<android.database.sqlite.SQLiteDatabase: void setCustomAggregateFunction(java.lang.String,java.util.function.BinaryOperator)>",
						"<android.database.sqlite.SQLiteConnectionPool: void reconfigure(android.database.sqlite.SQLiteDatabaseConfiguration)>",
						"<android.database.sqlite.SQLiteConnectionPool: void reconfigureAllConnectionsLocked()>",
						"<android.database.sqlite.SQLiteConnection: void reconfigure(android.database.sqlite.SQLiteDatabaseConfiguration)>",
						"<android.database.sqlite.SQLiteConnection: void setWalModeFromConfiguration()>",
						"<android.database.sqlite.SQLiteCompatibilityWalFlags: java.lang.String getWALSyncMode()>",
						"<android.database.sqlite.SQLiteCompatibilityWalFlags: void initIfNeeded()>",
						"<android.database.sqlite.SQLiteCompatibilityWalFlags: void init(java.lang.String)>",
						"key field: <android.database.sqlite.SQLiteCompatibilityWalFlags: boolean sLegacyCompatibilityWalEnabled>",
						"<android.database.sqlite.SQLiteCompatibilityWalFlags: java.lang.String getWALSyncMode()>"
					],
					"depth":8,
					"method":"<android.database.sqlite.SQLiteDatabase: void setCustomAggregateFunction(java.lang.String,java.util.function.BinaryOperator)>",
					"source":"FIELDCALLER"
				},
				{
					"trace":[
						"<android.database.sqlite.SQLiteDatabase: void execPerConnectionSQL(java.lang.String,java.lang.Object[])>",
						"<android.database.sqlite.SQLiteConnectionPool: void reconfigure(android.database.sqlite.SQLiteDatabaseConfiguration)>",
						"<android.database.sqlite.SQLiteConnectionPool: void reconfigureAllConnectionsLocked()>",
						"<android.database.sqlite.SQLiteConnection: void reconfigure(android.database.sqlite.SQLiteDatabaseConfiguration)>",
						"<android.database.sqlite.SQLiteConnection: void setWalModeFromConfiguration()>",
						"<android.database.sqlite.SQLiteCompatibilityWalFlags: java.lang.String getWALSyncMode()>",
						"<android.database.sqlite.SQLiteCompatibilityWalFlags: void initIfNeeded()>",
						"<android.database.sqlite.SQLiteCompatibilityWalFlags: void init(java.lang.String)>",
						"key field: <android.database.sqlite.SQLiteCompatibilityWalFlags: boolean sLegacyCompatibilityWalEnabled>",
						"<android.database.sqlite.SQLiteCompatibilityWalFlags: java.lang.String getWALSyncMode()>"
					],
					"depth":8,
					"method":"<android.database.sqlite.SQLiteDatabase: void execPerConnectionSQL(java.lang.String,java.lang.Object[])>",
					"source":"FIELDCALLER"
				},
				{
					"trace":[
						"<android.database.sqlite.SQLiteDatabase: boolean enableWriteAheadLogging()>",
						"<android.database.sqlite.SQLiteConnectionPool: void reconfigure(android.database.sqlite.SQLiteDatabaseConfiguration)>",
						"<android.database.sqlite.SQLiteConnectionPool: void reconfigureAllConnectionsLocked()>",
						"<android.database.sqlite.SQLiteConnection: void reconfigure(android.database.sqlite.SQLiteDatabaseConfiguration)>",
						"<android.database.sqlite.SQLiteConnection: void setWalModeFromConfiguration()>",
						"<android.database.sqlite.SQLiteCompatibilityWalFlags: java.lang.String getWALSyncMode()>",
						"<android.database.sqlite.SQLiteCompatibilityWalFlags: void initIfNeeded()>",
						"<android.database.sqlite.SQLiteCompatibilityWalFlags: void init(java.lang.String)>",
						"key field: <android.database.sqlite.SQLiteCompatibilityWalFlags: boolean sLegacyCompatibilityWalEnabled>",
						"<android.database.sqlite.SQLiteCompatibilityWalFlags: java.lang.String getWALSyncMode()>"
					],
					"depth":8,
					"method":"<android.database.sqlite.SQLiteDatabase: boolean enableWriteAheadLogging()>",
					"source":"FIELDCALLER"
				},
				{
					"trace":[
						"<android.database.sqlite.SQLiteDatabase: void disableWriteAheadLogging()>",
						"<android.database.sqlite.SQLiteConnectionPool: void reconfigure(android.database.sqlite.SQLiteDatabaseConfiguration)>",
						"<android.database.sqlite.SQLiteConnectionPool: void reconfigureAllConnectionsLocked()>",
						"<android.database.sqlite.SQLiteConnection: void reconfigure(android.database.sqlite.SQLiteDatabaseConfiguration)>",
						"<android.database.sqlite.SQLiteConnection: void setWalModeFromConfiguration()>",
						"<android.database.sqlite.SQLiteCompatibilityWalFlags: java.lang.String getWALSyncMode()>",
						"<android.database.sqlite.SQLiteCompatibilityWalFlags: void initIfNeeded()>",
						"<android.database.sqlite.SQLiteCompatibilityWalFlags: void init(java.lang.String)>",
						"key field: <android.database.sqlite.SQLiteCompatibilityWalFlags: boolean sLegacyCompatibilityWalEnabled>",
						"<android.database.sqlite.SQLiteCompatibilityWalFlags: java.lang.String getWALSyncMode()>"
					],
					"depth":8,
					"method":"<android.database.sqlite.SQLiteDatabase: void disableWriteAheadLogging()>",
					"source":"FIELDCALLER"
				},
				{
					"trace":[
						"<android.database.sqlite.SQLiteOpenHelper: android.database.sqlite.SQLiteDatabase getWritableDatabase()>",
						"<android.database.sqlite.SQLiteOpenHelper: android.database.sqlite.SQLiteDatabase getDatabaseLocked(boolean)>",
						"<android.database.sqlite.SQLiteDatabase: android.database.sqlite.SQLiteDatabase openDatabase(java.io.File,android.database.sqlite.SQLiteDatabase$OpenParams)>",
						"<android.database.sqlite.SQLiteDatabase: android.database.sqlite.SQLiteDatabase openDatabase(java.lang.String,android.database.sqlite.SQLiteDatabase$OpenParams)>",
						"<android.database.sqlite.SQLiteDatabase: void <init>(java.lang.String,int,android.database.sqlite.SQLiteDatabase$CursorFactory,android.database.DatabaseErrorHandler,int,int,long,java.lang.String,java.lang.String)>",
						"<android.database.sqlite.SQLiteCompatibilityWalFlags: boolean isLegacyCompatibilityWalEnabled()>",
						"<android.database.sqlite.SQLiteCompatibilityWalFlags: void initIfNeeded()>",
						"<android.database.sqlite.SQLiteCompatibilityWalFlags: void init(java.lang.String)>",
						"key field: <android.database.sqlite.SQLiteCompatibilityWalFlags: boolean sLegacyCompatibilityWalEnabled>",
						"<android.database.sqlite.SQLiteCompatibilityWalFlags: java.lang.String getWALSyncMode()>"
					],
					"depth":8,
					"method":"<android.database.sqlite.SQLiteOpenHelper: android.database.sqlite.SQLiteDatabase getWritableDatabase()>",
					"source":"FIELDCALLER"
				},
				{
					"trace":[
						"<android.database.sqlite.SQLiteOpenHelper: android.database.sqlite.SQLiteDatabase getReadableDatabase()>",
						"<android.database.sqlite.SQLiteOpenHelper: android.database.sqlite.SQLiteDatabase getDatabaseLocked(boolean)>",
						"<android.database.sqlite.SQLiteDatabase: android.database.sqlite.SQLiteDatabase openDatabase(java.io.File,android.database.sqlite.SQLiteDatabase$OpenParams)>",
						"<android.database.sqlite.SQLiteDatabase: android.database.sqlite.SQLiteDatabase openDatabase(java.lang.String,android.database.sqlite.SQLiteDatabase$OpenParams)>",
						"<android.database.sqlite.SQLiteDatabase: void <init>(java.lang.String,int,android.database.sqlite.SQLiteDatabase$CursorFactory,android.database.DatabaseErrorHandler,int,int,long,java.lang.String,java.lang.String)>",
						"<android.database.sqlite.SQLiteCompatibilityWalFlags: boolean isLegacyCompatibilityWalEnabled()>",
						"<android.database.sqlite.SQLiteCompatibilityWalFlags: void initIfNeeded()>",
						"<android.database.sqlite.SQLiteCompatibilityWalFlags: void init(java.lang.String)>",
						"key field: <android.database.sqlite.SQLiteCompatibilityWalFlags: boolean sLegacyCompatibilityWalEnabled>",
						"<android.database.sqlite.SQLiteCompatibilityWalFlags: java.lang.String getWALSyncMode()>"
					],
					"depth":8,
					"method":"<android.database.sqlite.SQLiteOpenHelper: android.database.sqlite.SQLiteDatabase getReadableDatabase()>",
					"source":"FIELDCALLER"
				}
			],
			"callerOfSingnlar2SourceVar":{}
		}
	]
}