{
	"exceptions":[
		{
			"method":"<android.content.om.OverlayManager: void rethrowSecurityException(java.lang.SecurityException)>",
			"message":"[\\s\\S]*",
			"relatedVarType":"Unknown",
			"relatedCondType":"Basic",
			"modifier":"private",
			"type":"java.lang.IllegalStateException",
			"osVersionRelated":false,
			"resourceRelated":false,
			"assessRelated":false,
			"hardwareRelated":false,
			"manifestRelated":false,
			"conditions":"$z0 != 0",
			"keyAPISameClassNum":0,
			"keyAPIDiffClassNum":0,
			"keyAPISameClass":[],
			"keyAPIDiffClass":[],
			"callerOfSingnlar2SourceVar":{}
		},
		{
			"method":"<android.content.om.OverlayManager: void rethrowSecurityException(java.lang.SecurityException)>",
			"message":"[\\s\\S]*",
			"relatedVarType":"Unknown",
			"relatedCondType":"Basic",
			"modifier":"private",
			"type":"java.lang.SecurityException",
			"osVersionRelated":false,
			"resourceRelated":false,
			"assessRelated":false,
			"hardwareRelated":false,
			"manifestRelated":false,
			"conditions":"$z0 != 0",
			"keyAPISameClassNum":0,
			"keyAPIDiffClassNum":0,
			"keyAPISameClass":[],
			"keyAPIDiffClass":[],
			"callerOfSingnlar2SourceVar":{}
		},
		{
			"method":"<android.content.om.OverlayManager: android.content.om.OverlayInfo getOverlayInfo(java.lang.String,android.os.UserHandle)>",
			"message":"[\\s\\S]*",
			"relatedVarType":"Unknown",
			"relatedCondType":"Empty",
			"modifier":"public",
			"type":"java.lang.RuntimeException",
			"osVersionRelated":false,
			"resourceRelated":false,
			"assessRelated":false,
			"hardwareRelated":false,
			"manifestRelated":false,
			"caughtValues":"@caughtexception",
			"relatedValues":"; ; @caughtexception",
			"keyAPISameClassNum":0,
			"keyAPIDiffClassNum":0,
			"keyAPISameClass":[],
			"keyAPIDiffClass":[],
			"callerOfSingnlar2SourceVar":{}
		},
		{
			"method":"<android.content.om.OverlayManager: java.util.List getOverlayInfosForTarget(java.lang.String,android.os.UserHandle)>",
			"message":"[\\s\\S]*",
			"relatedVarType":"Unknown",
			"relatedCondType":"Empty",
			"modifier":"public",
			"type":"java.lang.RuntimeException",
			"osVersionRelated":false,
			"resourceRelated":false,
			"assessRelated":false,
			"hardwareRelated":false,
			"manifestRelated":false,
			"caughtValues":"@caughtexception",
			"relatedValues":"; ; @caughtexception",
			"keyAPISameClassNum":0,
			"keyAPIDiffClassNum":0,
			"keyAPISameClass":[],
			"keyAPIDiffClass":[],
			"callerOfSingnlar2SourceVar":{}
		},
		{
			"method":"<android.content.om.OverlayManager: void invalidateCachesForOverlay(java.lang.String,android.os.UserHandle)>",
			"message":"[\\s\\S]*",
			"relatedVarType":"Unknown",
			"relatedCondType":"Empty",
			"modifier":"public",
			"type":"java.lang.RuntimeException",
			"osVersionRelated":false,
			"resourceRelated":false,
			"assessRelated":false,
			"hardwareRelated":false,
			"manifestRelated":false,
			"caughtValues":"@caughtexception",
			"relatedValues":"; ; @caughtexception",
			"keyAPISameClassNum":0,
			"keyAPIDiffClassNum":0,
			"keyAPISameClass":[],
			"keyAPIDiffClass":[],
			"callerOfSingnlar2SourceVar":{}
		},
		{
			"method":"<android.content.om.OverlayManager: void setEnabled(java.lang.String,boolean,android.os.UserHandle)>",
			"message":"[\\s\\S]*",
			"relatedVarType":"ParaAndField",
			"relatedCondType":"Basic",
			"modifier":"public",
			"type":"java.lang.RuntimeException",
			"osVersionRelated":false,
			"resourceRelated":false,
			"assessRelated":false,
			"hardwareRelated":false,
			"manifestRelated":false,
			"conditions":"$z1 == 0",
			"paramValues":"@parameter0: java.lang.String, @parameter1: boolean, @parameter2: android.os.UserHandle",
			"fieldValues":"<android.content.om.OverlayManager: android.content.om.IOverlayManager mService>",
			"caughtValues":"@caughtexception",
			"relatedValues":"@parameter0: java.lang.String, @parameter1: boolean, @parameter2: android.os.UserHandle; <android.content.om.OverlayManager: android.content.om.IOverlayManager mService>; @caughtexception",
			"keyAPISameClassNum":7,
			"keyAPIDiffClassNum":0,
			"keyAPISameClass":[
				{
					"trace":[
						"<android.content.om.OverlayManager: void setEnabled(java.lang.String,boolean,android.os.UserHandle)>"
					],
					"depth":1,
					"method":"<android.content.om.OverlayManager: void <init>(android.content.Context,android.content.om.IOverlayManager)>",
					"source":"FIELD"
				},
				{
					"trace":[
						"<android.content.om.OverlayManager: void setEnabled(java.lang.String,boolean,android.os.UserHandle)>"
					],
					"depth":1,
					"method":"<android.content.om.OverlayManager: android.content.om.OverlayInfo getOverlayInfo(java.lang.String,android.os.UserHandle)>",
					"source":"FIELD"
				},
				{
					"trace":[
						"<android.content.om.OverlayManager: void setEnabled(java.lang.String,boolean,android.os.UserHandle)>"
					],
					"depth":1,
					"method":"<android.content.om.OverlayManager: java.util.List getOverlayInfosForTarget(java.lang.String,android.os.UserHandle)>",
					"source":"FIELD"
				},
				{
					"trace":[
						"<android.content.om.OverlayManager: void setEnabled(java.lang.String,boolean,android.os.UserHandle)>"
					],
					"depth":1,
					"method":"<android.content.om.OverlayManager: void invalidateCachesForOverlay(java.lang.String,android.os.UserHandle)>",
					"source":"FIELD"
				},
				{
					"trace":[
						"<android.content.om.OverlayManager: void setEnabled(java.lang.String,boolean,android.os.UserHandle)>"
					],
					"depth":1,
					"method":"<android.content.om.OverlayManager: void setEnabled(java.lang.String,boolean,android.os.UserHandle)>",
					"source":"FIELD"
				},
				{
					"trace":[
						"<android.content.om.OverlayManager: void setEnabled(java.lang.String,boolean,android.os.UserHandle)>"
					],
					"depth":1,
					"method":"<android.content.om.OverlayManager: void setEnabledExclusiveInCategory(java.lang.String,android.os.UserHandle)>",
					"source":"FIELD"
				},
				{
					"trace":[
						"<android.content.om.OverlayManager: void <init>(android.content.Context)>",
						"<android.content.om.OverlayManager: void <init>(android.content.Context,android.content.om.IOverlayManager)>",
						"key field: <android.content.om.OverlayManager: android.content.om.IOverlayManager mService>",
						"<android.content.om.OverlayManager: void setEnabled(java.lang.String,boolean,android.os.UserHandle)>"
					],
					"depth":2,
					"method":"<android.content.om.OverlayManager: void <init>(android.content.Context)>",
					"source":"FIELDCALLER"
				}
			],
			"keyAPIDiffClass":[],
			"callerOfSingnlar2SourceVar":{
				"<android.content.om.OverlayManager: void setEnabled(java.lang.String,boolean,android.os.UserHandle)>":"0, 1, 2"
			}
		},
		{
			"method":"<android.content.om.OverlayManager: void setEnabled(java.lang.String,boolean,android.os.UserHandle)>",
			"message":"\\QsetEnabled failed\\E",
			"relatedVarType":"ParaAndField",
			"relatedCondType":"Basic",
			"modifier":"public",
			"type":"java.lang.IllegalStateException",
			"osVersionRelated":false,
			"resourceRelated":false,
			"assessRelated":false,
			"hardwareRelated":false,
			"manifestRelated":false,
			"conditions":"$z1 == 0",
			"paramValues":"@parameter0: java.lang.String, @parameter1: boolean, @parameter2: android.os.UserHandle",
			"fieldValues":"<android.content.om.OverlayManager: android.content.om.IOverlayManager mService>",
			"relatedValues":"@parameter0: java.lang.String, @parameter1: boolean, @parameter2: android.os.UserHandle; <android.content.om.OverlayManager: android.content.om.IOverlayManager mService>; ",
			"keyAPISameClassNum":7,
			"keyAPIDiffClassNum":0,
			"keyAPISameClass":[
				{
					"trace":[
						"<android.content.om.OverlayManager: void setEnabled(java.lang.String,boolean,android.os.UserHandle)>"
					],
					"depth":1,
					"method":"<android.content.om.OverlayManager: void <init>(android.content.Context,android.content.om.IOverlayManager)>",
					"source":"FIELD"
				},
				{
					"trace":[
						"<android.content.om.OverlayManager: void setEnabled(java.lang.String,boolean,android.os.UserHandle)>"
					],
					"depth":1,
					"method":"<android.content.om.OverlayManager: android.content.om.OverlayInfo getOverlayInfo(java.lang.String,android.os.UserHandle)>",
					"source":"FIELD"
				},
				{
					"trace":[
						"<android.content.om.OverlayManager: void setEnabled(java.lang.String,boolean,android.os.UserHandle)>"
					],
					"depth":1,
					"method":"<android.content.om.OverlayManager: java.util.List getOverlayInfosForTarget(java.lang.String,android.os.UserHandle)>",
					"source":"FIELD"
				},
				{
					"trace":[
						"<android.content.om.OverlayManager: void setEnabled(java.lang.String,boolean,android.os.UserHandle)>"
					],
					"depth":1,
					"method":"<android.content.om.OverlayManager: void invalidateCachesForOverlay(java.lang.String,android.os.UserHandle)>",
					"source":"FIELD"
				},
				{
					"trace":[
						"<android.content.om.OverlayManager: void setEnabled(java.lang.String,boolean,android.os.UserHandle)>"
					],
					"depth":1,
					"method":"<android.content.om.OverlayManager: void setEnabled(java.lang.String,boolean,android.os.UserHandle)>",
					"source":"FIELD"
				},
				{
					"trace":[
						"<android.content.om.OverlayManager: void setEnabled(java.lang.String,boolean,android.os.UserHandle)>"
					],
					"depth":1,
					"method":"<android.content.om.OverlayManager: void setEnabledExclusiveInCategory(java.lang.String,android.os.UserHandle)>",
					"source":"FIELD"
				},
				{
					"trace":[
						"<android.content.om.OverlayManager: void <init>(android.content.Context)>",
						"<android.content.om.OverlayManager: void <init>(android.content.Context,android.content.om.IOverlayManager)>",
						"key field: <android.content.om.OverlayManager: android.content.om.IOverlayManager mService>",
						"<android.content.om.OverlayManager: void setEnabled(java.lang.String,boolean,android.os.UserHandle)>"
					],
					"depth":2,
					"method":"<android.content.om.OverlayManager: void <init>(android.content.Context)>",
					"source":"FIELDCALLER"
				}
			],
			"keyAPIDiffClass":[],
			"callerOfSingnlar2SourceVar":{
				"<android.content.om.OverlayManager: void setEnabled(java.lang.String,boolean,android.os.UserHandle)>":"0, 1, 2"
			}
		},
		{
			"method":"<android.content.om.OverlayManager: void setEnabledExclusiveInCategory(java.lang.String,android.os.UserHandle)>",
			"message":"\\QsetEnabledExclusiveInCategory failed\\E",
			"relatedVarType":"ParaAndField",
			"relatedCondType":"Basic",
			"modifier":"public",
			"type":"java.lang.IllegalStateException",
			"osVersionRelated":false,
			"resourceRelated":false,
			"assessRelated":false,
			"hardwareRelated":false,
			"manifestRelated":false,
			"conditions":"$z0 == 0",
			"paramValues":"@parameter0: java.lang.String, @parameter1: android.os.UserHandle",
			"fieldValues":"<android.content.om.OverlayManager: android.content.om.IOverlayManager mService>",
			"relatedValues":"@parameter0: java.lang.String, @parameter1: android.os.UserHandle; <android.content.om.OverlayManager: android.content.om.IOverlayManager mService>; ",
			"keyAPISameClassNum":7,
			"keyAPIDiffClassNum":0,
			"keyAPISameClass":[
				{
					"trace":[
						"<android.content.om.OverlayManager: void setEnabledExclusiveInCategory(java.lang.String,android.os.UserHandle)>"
					],
					"depth":1,
					"method":"<android.content.om.OverlayManager: void <init>(android.content.Context,android.content.om.IOverlayManager)>",
					"source":"FIELD"
				},
				{
					"trace":[
						"<android.content.om.OverlayManager: void setEnabledExclusiveInCategory(java.lang.String,android.os.UserHandle)>"
					],
					"depth":1,
					"method":"<android.content.om.OverlayManager: android.content.om.OverlayInfo getOverlayInfo(java.lang.String,android.os.UserHandle)>",
					"source":"FIELD"
				},
				{
					"trace":[
						"<android.content.om.OverlayManager: void setEnabledExclusiveInCategory(java.lang.String,android.os.UserHandle)>"
					],
					"depth":1,
					"method":"<android.content.om.OverlayManager: java.util.List getOverlayInfosForTarget(java.lang.String,android.os.UserHandle)>",
					"source":"FIELD"
				},
				{
					"trace":[
						"<android.content.om.OverlayManager: void setEnabledExclusiveInCategory(java.lang.String,android.os.UserHandle)>"
					],
					"depth":1,
					"method":"<android.content.om.OverlayManager: void invalidateCachesForOverlay(java.lang.String,android.os.UserHandle)>",
					"source":"FIELD"
				},
				{
					"trace":[
						"<android.content.om.OverlayManager: void setEnabledExclusiveInCategory(java.lang.String,android.os.UserHandle)>"
					],
					"depth":1,
					"method":"<android.content.om.OverlayManager: void setEnabled(java.lang.String,boolean,android.os.UserHandle)>",
					"source":"FIELD"
				},
				{
					"trace":[
						"<android.content.om.OverlayManager: void setEnabledExclusiveInCategory(java.lang.String,android.os.UserHandle)>"
					],
					"depth":1,
					"method":"<android.content.om.OverlayManager: void setEnabledExclusiveInCategory(java.lang.String,android.os.UserHandle)>",
					"source":"FIELD"
				},
				{
					"trace":[
						"<android.content.om.OverlayManager: void <init>(android.content.Context)>",
						"<android.content.om.OverlayManager: void <init>(android.content.Context,android.content.om.IOverlayManager)>",
						"key field: <android.content.om.OverlayManager: android.content.om.IOverlayManager mService>",
						"<android.content.om.OverlayManager: void setEnabledExclusiveInCategory(java.lang.String,android.os.UserHandle)>"
					],
					"depth":2,
					"method":"<android.content.om.OverlayManager: void <init>(android.content.Context)>",
					"source":"FIELDCALLER"
				}
			],
			"keyAPIDiffClass":[],
			"callerOfSingnlar2SourceVar":{
				"<android.content.om.OverlayManager: void setEnabledExclusiveInCategory(java.lang.String,android.os.UserHandle)>":"0, 1"
			}
		},
		{
			"method":"<android.content.om.OverlayManager: void setEnabledExclusiveInCategory(java.lang.String,android.os.UserHandle)>",
			"message":"[\\s\\S]*",
			"relatedVarType":"ParaAndField",
			"relatedCondType":"Basic",
			"modifier":"public",
			"type":"java.lang.RuntimeException",
			"osVersionRelated":false,
			"resourceRelated":false,
			"assessRelated":false,
			"hardwareRelated":false,
			"manifestRelated":false,
			"conditions":"$z0 == 0",
			"paramValues":"@parameter0: java.lang.String, @parameter1: android.os.UserHandle",
			"fieldValues":"<android.content.om.OverlayManager: android.content.om.IOverlayManager mService>",
			"caughtValues":"@caughtexception",
			"relatedValues":"@parameter0: java.lang.String, @parameter1: android.os.UserHandle; <android.content.om.OverlayManager: android.content.om.IOverlayManager mService>; @caughtexception",
			"keyAPISameClassNum":7,
			"keyAPIDiffClassNum":0,
			"keyAPISameClass":[
				{
					"trace":[
						"<android.content.om.OverlayManager: void setEnabledExclusiveInCategory(java.lang.String,android.os.UserHandle)>"
					],
					"depth":1,
					"method":"<android.content.om.OverlayManager: void <init>(android.content.Context,android.content.om.IOverlayManager)>",
					"source":"FIELD"
				},
				{
					"trace":[
						"<android.content.om.OverlayManager: void setEnabledExclusiveInCategory(java.lang.String,android.os.UserHandle)>"
					],
					"depth":1,
					"method":"<android.content.om.OverlayManager: android.content.om.OverlayInfo getOverlayInfo(java.lang.String,android.os.UserHandle)>",
					"source":"FIELD"
				},
				{
					"trace":[
						"<android.content.om.OverlayManager: void setEnabledExclusiveInCategory(java.lang.String,android.os.UserHandle)>"
					],
					"depth":1,
					"method":"<android.content.om.OverlayManager: java.util.List getOverlayInfosForTarget(java.lang.String,android.os.UserHandle)>",
					"source":"FIELD"
				},
				{
					"trace":[
						"<android.content.om.OverlayManager: void setEnabledExclusiveInCategory(java.lang.String,android.os.UserHandle)>"
					],
					"depth":1,
					"method":"<android.content.om.OverlayManager: void invalidateCachesForOverlay(java.lang.String,android.os.UserHandle)>",
					"source":"FIELD"
				},
				{
					"trace":[
						"<android.content.om.OverlayManager: void setEnabledExclusiveInCategory(java.lang.String,android.os.UserHandle)>"
					],
					"depth":1,
					"method":"<android.content.om.OverlayManager: void setEnabled(java.lang.String,boolean,android.os.UserHandle)>",
					"source":"FIELD"
				},
				{
					"trace":[
						"<android.content.om.OverlayManager: void setEnabledExclusiveInCategory(java.lang.String,android.os.UserHandle)>"
					],
					"depth":1,
					"method":"<android.content.om.OverlayManager: void setEnabledExclusiveInCategory(java.lang.String,android.os.UserHandle)>",
					"source":"FIELD"
				},
				{
					"trace":[
						"<android.content.om.OverlayManager: void <init>(android.content.Context)>",
						"<android.content.om.OverlayManager: void <init>(android.content.Context,android.content.om.IOverlayManager)>",
						"key field: <android.content.om.OverlayManager: android.content.om.IOverlayManager mService>",
						"<android.content.om.OverlayManager: void setEnabledExclusiveInCategory(java.lang.String,android.os.UserHandle)>"
					],
					"depth":2,
					"method":"<android.content.om.OverlayManager: void <init>(android.content.Context)>",
					"source":"FIELDCALLER"
				}
			],
			"keyAPIDiffClass":[],
			"callerOfSingnlar2SourceVar":{
				"<android.content.om.OverlayManager: void setEnabledExclusiveInCategory(java.lang.String,android.os.UserHandle)>":"0, 1"
			}
		}
	]
}