{
	"exceptions":[
		{
			"method":"<android.app.InstantAppResolverService$ServiceHandler: void handleMessage(android.os.Message)>",
			"message":"\\QUnknown message: \\E[\\s\\S]*",
			"relatedVarType":"Parameter",
			"relatedCondType":"Basic",
			"modifier":"public",
			"type":"java.lang.IllegalArgumentException",
			"osVersionRelated":false,
			"resourceRelated":false,
			"assessRelated":false,
			"hardwareRelated":false,
			"manifestRelated":false,
			"conditions":"i4 != 2, i4 == 1",
			"paramValues":"@parameter0: android.os.Message",
			"relatedValues":"@parameter0: android.os.Message; ; ",
			"keyAPISameClassNum":0,
			"keyAPIDiffClassNum":0,
			"keyAPISameClass":[
				{
					"trace":[
						"<android.app.InstantAppResolverService$ServiceHandler: void handleMessage(android.os.Message)>"
					],
					"depth":0,
					"method":"<android.app.InstantAppResolverService$ServiceHandler: void handleMessage(android.os.Message)>",
					"source":"CALLER"
				}
			],
			"keyAPIDiffClass":[],
			"callerOfSingnlar2SourceVar":{
				"<android.app.InstantAppResolverService$ServiceHandler: void handleMessage(android.os.Message)>":"0"
			}
		}
	]
}