{
	"exceptions":[
		{
			"method":"<android.accessibilityservice.GestureDescription$Builder: android.accessibilityservice.GestureDescription$Builder addStroke(android.accessibilityservice.GestureDescription$StrokeDescription)>",
			"message":"\\QAttempting to add too many strokes to a gesture. Maximum is 20, got \\E[\\s\\S]*",
			"relatedVarType":"Field",
			"relatedCondType":"Basic",
			"modifier":"public",
			"type":"java.lang.IllegalStateException",
			"osVersionRelated":false,
			"resourceRelated":false,
			"assessRelated":false,
			"hardwareRelated":false,
			"manifestRelated":false,
			"conditions":"$i0 >= 20",
			"fieldValues":"<android.accessibilityservice.GestureDescription$Builder: java.util.List mStrokes>",
			"relatedValues":"; <android.accessibilityservice.GestureDescription$Builder: java.util.List mStrokes>; ",
			"keyAPISameClassNum":3,
			"keyAPIDiffClassNum":0,
			"keyAPISameClass":[
				{
					"trace":[
						"<android.accessibilityservice.GestureDescription$Builder: android.accessibilityservice.GestureDescription$Builder addStroke(android.accessibilityservice.GestureDescription$StrokeDescription)>"
					],
					"depth":1,
					"method":"<android.accessibilityservice.GestureDescription$Builder: void <init>()>",
					"source":"FIELD"
				},
				{
					"trace":[
						"<android.accessibilityservice.GestureDescription$Builder: android.accessibilityservice.GestureDescription$Builder addStroke(android.accessibilityservice.GestureDescription$StrokeDescription)>"
					],
					"depth":1,
					"method":"<android.accessibilityservice.GestureDescription$Builder: android.accessibilityservice.GestureDescription$Builder addStroke(android.accessibilityservice.GestureDescription$StrokeDescription)>",
					"source":"FIELD"
				},
				{
					"trace":[
						"<android.accessibilityservice.GestureDescription$Builder: android.accessibilityservice.GestureDescription$Builder addStroke(android.accessibilityservice.GestureDescription$StrokeDescription)>"
					],
					"depth":1,
					"method":"<android.accessibilityservice.GestureDescription$Builder: android.accessibilityservice.GestureDescription build()>",
					"source":"FIELD"
				}
			],
			"keyAPIDiffClass":[],
			"callerOfSingnlar2SourceVar":{}
		},
		{
			"method":"<android.accessibilityservice.GestureDescription$Builder: android.accessibilityservice.GestureDescription$Builder addStroke(android.accessibilityservice.GestureDescription$StrokeDescription)>",
			"message":"\\QGesture would exceed maximum duration with new stroke\\E",
			"relatedVarType":"Field",
			"relatedCondType":"Basic",
			"modifier":"public",
			"type":"java.lang.IllegalStateException",
			"osVersionRelated":false,
			"resourceRelated":false,
			"assessRelated":false,
			"hardwareRelated":false,
			"manifestRelated":false,
			"conditions":"$b3 > 0, $i0 >= 20",
			"fieldValues":"<android.accessibilityservice.GestureDescription$Builder: java.util.List mStrokes>",
			"relatedValues":"; <android.accessibilityservice.GestureDescription$Builder: java.util.List mStrokes>; ",
			"keyAPISameClassNum":3,
			"keyAPIDiffClassNum":0,
			"keyAPISameClass":[
				{
					"trace":[
						"<android.accessibilityservice.GestureDescription$Builder: android.accessibilityservice.GestureDescription$Builder addStroke(android.accessibilityservice.GestureDescription$StrokeDescription)>"
					],
					"depth":1,
					"method":"<android.accessibilityservice.GestureDescription$Builder: void <init>()>",
					"source":"FIELD"
				},
				{
					"trace":[
						"<android.accessibilityservice.GestureDescription$Builder: android.accessibilityservice.GestureDescription$Builder addStroke(android.accessibilityservice.GestureDescription$StrokeDescription)>"
					],
					"depth":1,
					"method":"<android.accessibilityservice.GestureDescription$Builder: android.accessibilityservice.GestureDescription$Builder addStroke(android.accessibilityservice.GestureDescription$StrokeDescription)>",
					"source":"FIELD"
				},
				{
					"trace":[
						"<android.accessibilityservice.GestureDescription$Builder: android.accessibilityservice.GestureDescription$Builder addStroke(android.accessibilityservice.GestureDescription$StrokeDescription)>"
					],
					"depth":1,
					"method":"<android.accessibilityservice.GestureDescription$Builder: android.accessibilityservice.GestureDescription build()>",
					"source":"FIELD"
				}
			],
			"keyAPIDiffClass":[],
			"callerOfSingnlar2SourceVar":{}
		},
		{
			"method":"<android.accessibilityservice.GestureDescription$Builder: android.accessibilityservice.GestureDescription build()>",
			"message":"\\QGestures must have at least one stroke\\E",
			"relatedVarType":"Field",
			"relatedCondType":"Basic",
			"modifier":"public",
			"type":"java.lang.IllegalStateException",
			"osVersionRelated":false,
			"resourceRelated":false,
			"assessRelated":false,
			"hardwareRelated":false,
			"manifestRelated":false,
			"conditions":"$i0 == 0",
			"fieldValues":"<android.accessibilityservice.GestureDescription$Builder: java.util.List mStrokes>",
			"relatedValues":"; <android.accessibilityservice.GestureDescription$Builder: java.util.List mStrokes>; ",
			"keyAPISameClassNum":3,
			"keyAPIDiffClassNum":0,
			"keyAPISameClass":[
				{
					"trace":[
						"<android.accessibilityservice.GestureDescription$Builder: android.accessibilityservice.GestureDescription build()>"
					],
					"depth":1,
					"method":"<android.accessibilityservice.GestureDescription$Builder: void <init>()>",
					"source":"FIELD"
				},
				{
					"trace":[
						"<android.accessibilityservice.GestureDescription$Builder: android.accessibilityservice.GestureDescription build()>"
					],
					"depth":1,
					"method":"<android.accessibilityservice.GestureDescription$Builder: android.accessibilityservice.GestureDescription$Builder addStroke(android.accessibilityservice.GestureDescription$StrokeDescription)>",
					"source":"FIELD"
				},
				{
					"trace":[
						"<android.accessibilityservice.GestureDescription$Builder: android.accessibilityservice.GestureDescription build()>"
					],
					"depth":1,
					"method":"<android.accessibilityservice.GestureDescription$Builder: android.accessibilityservice.GestureDescription build()>",
					"source":"FIELD"
				}
			],
			"keyAPIDiffClass":[],
			"callerOfSingnlar2SourceVar":{}
		}
	]
}