{
	"exceptions":[
		{
			"method":"<android.hardware.camera2.DngCreator: void <init>(android.hardware.camera2.CameraCharacteristics,android.hardware.camera2.CaptureResult)>",
			"message":"\\QNull argument to DngCreator constructor\\E",
			"relatedVarType":"Parameter",
			"relatedCondType":"Basic",
			"modifier":"public",
			"type":"java.lang.IllegalArgumentException",
			"osVersionRelated":false,
			"resourceRelated":false,
			"assessRelated":false,
			"hardwareRelated":true,
			"manifestRelated":false,
			"conditions":"r3 == null, r5 != null",
			"paramValues":"@parameter0: android.hardware.camera2.CameraCharacteristics, @parameter1: android.hardware.camera2.CaptureResult",
			"relatedValues":"@parameter0: android.hardware.camera2.CameraCharacteristics, @parameter1: android.hardware.camera2.CaptureResult; ; ",
			"keyAPISameClassNum":0,
			"keyAPIDiffClassNum":0,
			"keyAPISameClass":[
				{
					"trace":[
						"<android.hardware.camera2.DngCreator: void <init>(android.hardware.camera2.CameraCharacteristics,android.hardware.camera2.CaptureResult)>"
					],
					"depth":0,
					"method":"<android.hardware.camera2.DngCreator: void <init>(android.hardware.camera2.CameraCharacteristics,android.hardware.camera2.CaptureResult)>",
					"source":"CALLER"
				}
			],
			"keyAPIDiffClass":[],
			"callerOfSingnlar2SourceVar":{
				"<android.hardware.camera2.DngCreator: void <init>(android.hardware.camera2.CameraCharacteristics,android.hardware.camera2.CaptureResult)>":"0, 1"
			}
		},
		{
			"method":"<android.hardware.camera2.DngCreator: android.hardware.camera2.DngCreator setOrientation(int)>",
			"message":"\\QOrientation \\E[\\s\\S]*\\Q is not a valid EXIF orientation value\\E",
			"relatedVarType":"Parameter",
			"relatedCondType":"Basic",
			"modifier":"public",
			"type":"java.lang.IllegalArgumentException",
			"osVersionRelated":false,
			"resourceRelated":false,
			"assessRelated":false,
			"hardwareRelated":true,
			"manifestRelated":false,
			"conditions":"i0 < 0, i0 <= 8",
			"paramValues":"@parameter0: int",
			"relatedValues":"@parameter0: int; ; ",
			"keyAPISameClassNum":0,
			"keyAPIDiffClassNum":0,
			"keyAPISameClass":[
				{
					"trace":[
						"<android.hardware.camera2.DngCreator: android.hardware.camera2.DngCreator setOrientation(int)>"
					],
					"depth":0,
					"method":"<android.hardware.camera2.DngCreator: android.hardware.camera2.DngCreator setOrientation(int)>",
					"source":"CALLER"
				}
			],
			"keyAPIDiffClass":[],
			"callerOfSingnlar2SourceVar":{
				"<android.hardware.camera2.DngCreator: android.hardware.camera2.DngCreator setOrientation(int)>":"0"
			}
		},
		{
			"method":"<android.hardware.camera2.DngCreator: android.hardware.camera2.DngCreator setThumbnail(android.graphics.Bitmap)>",
			"message":"\\QNull argument to setThumbnail\\E",
			"relatedVarType":"Parameter",
			"relatedCondType":"Basic",
			"modifier":"public",
			"type":"java.lang.IllegalArgumentException",
			"osVersionRelated":false,
			"resourceRelated":false,
			"assessRelated":false,
			"hardwareRelated":true,
			"manifestRelated":false,
			"conditions":"r0 != null",
			"paramValues":"@parameter0: android.graphics.Bitmap",
			"relatedValues":"@parameter0: android.graphics.Bitmap; ; ",
			"keyAPISameClassNum":0,
			"keyAPIDiffClassNum":0,
			"keyAPISameClass":[
				{
					"trace":[
						"<android.hardware.camera2.DngCreator: android.hardware.camera2.DngCreator setThumbnail(android.graphics.Bitmap)>"
					],
					"depth":0,
					"method":"<android.hardware.camera2.DngCreator: android.hardware.camera2.DngCreator setThumbnail(android.graphics.Bitmap)>",
					"source":"CALLER"
				}
			],
			"keyAPIDiffClass":[],
			"callerOfSingnlar2SourceVar":{
				"<android.hardware.camera2.DngCreator: android.hardware.camera2.DngCreator setThumbnail(android.graphics.Bitmap)>":"0"
			}
		},
		{
			"method":"<android.hardware.camera2.DngCreator: android.hardware.camera2.DngCreator setThumbnail(android.graphics.Bitmap)>",
			"message":"\\QThumbnail dimensions width,height (\\E[\\s\\S]*\\Q,\\E[\\s\\S]*\\Q) too large, dimensions must be smaller than 256\\E",
			"relatedVarType":"Parameter",
			"relatedCondType":"Basic",
			"modifier":"public",
			"type":"java.lang.IllegalArgumentException",
			"osVersionRelated":false,
			"resourceRelated":false,
			"assessRelated":false,
			"hardwareRelated":true,
			"manifestRelated":false,
			"conditions":"i0 > 256, r0 != null, i1 <= 256",
			"paramValues":"@parameter0: android.graphics.Bitmap",
			"relatedValues":"@parameter0: android.graphics.Bitmap; ; ",
			"keyAPISameClassNum":0,
			"keyAPIDiffClassNum":0,
			"keyAPISameClass":[
				{
					"trace":[
						"<android.hardware.camera2.DngCreator: android.hardware.camera2.DngCreator setThumbnail(android.graphics.Bitmap)>"
					],
					"depth":0,
					"method":"<android.hardware.camera2.DngCreator: android.hardware.camera2.DngCreator setThumbnail(android.graphics.Bitmap)>",
					"source":"CALLER"
				}
			],
			"keyAPIDiffClass":[],
			"callerOfSingnlar2SourceVar":{
				"<android.hardware.camera2.DngCreator: android.hardware.camera2.DngCreator setThumbnail(android.graphics.Bitmap)>":"0"
			}
		},
		{
			"method":"<android.hardware.camera2.DngCreator: android.hardware.camera2.DngCreator setThumbnail(android.media.Image)>",
			"message":"\\QUnsupported Image format \\E[\\s\\S]*",
			"relatedVarType":"Parameter",
			"relatedCondType":"Basic",
			"modifier":"public",
			"type":"java.lang.IllegalArgumentException",
			"osVersionRelated":false,
			"resourceRelated":false,
			"assessRelated":false,
			"hardwareRelated":true,
			"manifestRelated":false,
			"conditions":"i0 == 35, r0 != null",
			"paramValues":"@parameter0: android.media.Image",
			"relatedValues":"@parameter0: android.media.Image; ; ",
			"keyAPISameClassNum":0,
			"keyAPIDiffClassNum":0,
			"keyAPISameClass":[
				{
					"trace":[
						"<android.hardware.camera2.DngCreator: android.hardware.camera2.DngCreator setThumbnail(android.media.Image)>"
					],
					"depth":0,
					"method":"<android.hardware.camera2.DngCreator: android.hardware.camera2.DngCreator setThumbnail(android.media.Image)>",
					"source":"CALLER"
				}
			],
			"keyAPIDiffClass":[],
			"callerOfSingnlar2SourceVar":{
				"<android.hardware.camera2.DngCreator: android.hardware.camera2.DngCreator setThumbnail(android.media.Image)>":"0"
			}
		},
		{
			"method":"<android.hardware.camera2.DngCreator: android.hardware.camera2.DngCreator setThumbnail(android.media.Image)>",
			"message":"\\QThumbnail dimensions width,height (\\E[\\s\\S]*\\Q,\\E[\\s\\S]*\\Q) too large, dimensions must be smaller than 256\\E",
			"relatedVarType":"Parameter",
			"relatedCondType":"Basic",
			"modifier":"public",
			"type":"java.lang.IllegalArgumentException",
			"osVersionRelated":false,
			"resourceRelated":false,
			"assessRelated":false,
			"hardwareRelated":true,
			"manifestRelated":false,
			"conditions":"i1 > 256, i0 == 35, r0 != null",
			"paramValues":"@parameter0: android.media.Image",
			"relatedValues":"@parameter0: android.media.Image; ; ",
			"keyAPISameClassNum":0,
			"keyAPIDiffClassNum":0,
			"keyAPISameClass":[
				{
					"trace":[
						"<android.hardware.camera2.DngCreator: android.hardware.camera2.DngCreator setThumbnail(android.media.Image)>"
					],
					"depth":0,
					"method":"<android.hardware.camera2.DngCreator: android.hardware.camera2.DngCreator setThumbnail(android.media.Image)>",
					"source":"CALLER"
				}
			],
			"keyAPIDiffClass":[],
			"callerOfSingnlar2SourceVar":{
				"<android.hardware.camera2.DngCreator: android.hardware.camera2.DngCreator setThumbnail(android.media.Image)>":"0"
			}
		},
		{
			"method":"<android.hardware.camera2.DngCreator: android.hardware.camera2.DngCreator setThumbnail(android.media.Image)>",
			"message":"\\QNull argument to setThumbnail\\E",
			"relatedVarType":"Parameter",
			"relatedCondType":"Basic",
			"modifier":"public",
			"type":"java.lang.IllegalArgumentException",
			"osVersionRelated":false,
			"resourceRelated":false,
			"assessRelated":false,
			"hardwareRelated":true,
			"manifestRelated":false,
			"conditions":"r0 != null",
			"paramValues":"@parameter0: android.media.Image",
			"relatedValues":"@parameter0: android.media.Image; ; ",
			"keyAPISameClassNum":0,
			"keyAPIDiffClassNum":0,
			"keyAPISameClass":[
				{
					"trace":[
						"<android.hardware.camera2.DngCreator: android.hardware.camera2.DngCreator setThumbnail(android.media.Image)>"
					],
					"depth":0,
					"method":"<android.hardware.camera2.DngCreator: android.hardware.camera2.DngCreator setThumbnail(android.media.Image)>",
					"source":"CALLER"
				}
			],
			"keyAPIDiffClass":[],
			"callerOfSingnlar2SourceVar":{
				"<android.hardware.camera2.DngCreator: android.hardware.camera2.DngCreator setThumbnail(android.media.Image)>":"0"
			}
		},
		{
			"method":"<android.hardware.camera2.DngCreator: android.hardware.camera2.DngCreator setLocation(android.location.Location)>",
			"message":"\\QNull location passed to setLocation\\E",
			"relatedVarType":"Parameter",
			"relatedCondType":"Basic",
			"modifier":"public",
			"type":"java.lang.IllegalArgumentException",
			"osVersionRelated":false,
			"resourceRelated":false,
			"assessRelated":false,
			"hardwareRelated":true,
			"manifestRelated":false,
			"conditions":"r0 != null",
			"paramValues":"@parameter0: android.location.Location",
			"relatedValues":"@parameter0: android.location.Location; ; ",
			"keyAPISameClassNum":0,
			"keyAPIDiffClassNum":0,
			"keyAPISameClass":[
				{
					"trace":[
						"<android.hardware.camera2.DngCreator: android.hardware.camera2.DngCreator setLocation(android.location.Location)>"
					],
					"depth":0,
					"method":"<android.hardware.camera2.DngCreator: android.hardware.camera2.DngCreator setLocation(android.location.Location)>",
					"source":"CALLER"
				}
			],
			"keyAPIDiffClass":[],
			"callerOfSingnlar2SourceVar":{
				"<android.hardware.camera2.DngCreator: android.hardware.camera2.DngCreator setLocation(android.location.Location)>":"0"
			}
		},
		{
			"method":"<android.hardware.camera2.DngCreator: android.hardware.camera2.DngCreator setDescription(java.lang.String)>",
			"message":"\\QNull description passed to setDescription.\\E",
			"relatedVarType":"Parameter",
			"relatedCondType":"Basic",
			"modifier":"public",
			"type":"java.lang.IllegalArgumentException",
			"osVersionRelated":false,
			"resourceRelated":false,
			"assessRelated":false,
			"hardwareRelated":true,
			"manifestRelated":false,
			"conditions":"r0 != null",
			"paramValues":"@parameter0: java.lang.String",
			"relatedValues":"@parameter0: java.lang.String; ; ",
			"keyAPISameClassNum":0,
			"keyAPIDiffClassNum":0,
			"keyAPISameClass":[
				{
					"trace":[
						"<android.hardware.camera2.DngCreator: android.hardware.camera2.DngCreator setDescription(java.lang.String)>"
					],
					"depth":0,
					"method":"<android.hardware.camera2.DngCreator: android.hardware.camera2.DngCreator setDescription(java.lang.String)>",
					"source":"CALLER"
				}
			],
			"keyAPIDiffClass":[],
			"callerOfSingnlar2SourceVar":{
				"<android.hardware.camera2.DngCreator: android.hardware.camera2.DngCreator setDescription(java.lang.String)>":"0"
			}
		},
		{
			"method":"<android.hardware.camera2.DngCreator: void writeInputStream(java.io.OutputStream,android.util.Size,java.io.InputStream,long)>",
			"message":"\\QNull dngOutput passed to writeInputStream\\E",
			"relatedVarType":"Parameter",
			"relatedCondType":"Basic",
			"modifier":"public",
			"type":"java.lang.IllegalArgumentException",
			"osVersionRelated":false,
			"resourceRelated":false,
			"assessRelated":false,
			"hardwareRelated":true,
			"manifestRelated":false,
			"conditions":"r0 != null",
			"paramValues":"@parameter0: java.io.OutputStream",
			"relatedValues":"@parameter0: java.io.OutputStream; ; ",
			"keyAPISameClassNum":0,
			"keyAPIDiffClassNum":0,
			"keyAPISameClass":[
				{
					"trace":[
						"<android.hardware.camera2.DngCreator: void writeInputStream(java.io.OutputStream,android.util.Size,java.io.InputStream,long)>"
					],
					"depth":0,
					"method":"<android.hardware.camera2.DngCreator: void writeInputStream(java.io.OutputStream,android.util.Size,java.io.InputStream,long)>",
					"source":"CALLER"
				}
			],
			"keyAPIDiffClass":[],
			"callerOfSingnlar2SourceVar":{
				"<android.hardware.camera2.DngCreator: void writeInputStream(java.io.OutputStream,android.util.Size,java.io.InputStream,long)>":"0"
			}
		},
		{
			"method":"<android.hardware.camera2.DngCreator: void writeInputStream(java.io.OutputStream,android.util.Size,java.io.InputStream,long)>",
			"message":"\\QNull pixels passed to writeInputStream\\E",
			"relatedVarType":"Parameter",
			"relatedCondType":"Basic",
			"modifier":"public",
			"type":"java.lang.IllegalArgumentException",
			"osVersionRelated":false,
			"resourceRelated":false,
			"assessRelated":false,
			"hardwareRelated":true,
			"manifestRelated":false,
			"conditions":"r2 != null, r1 != null, r0 != null",
			"paramValues":"@parameter2: java.io.InputStream, @parameter1: android.util.Size, @parameter0: java.io.OutputStream",
			"relatedValues":"@parameter2: java.io.InputStream, @parameter1: android.util.Size, @parameter0: java.io.OutputStream; ; ",
			"keyAPISameClassNum":0,
			"keyAPIDiffClassNum":0,
			"keyAPISameClass":[
				{
					"trace":[
						"<android.hardware.camera2.DngCreator: void writeInputStream(java.io.OutputStream,android.util.Size,java.io.InputStream,long)>"
					],
					"depth":0,
					"method":"<android.hardware.camera2.DngCreator: void writeInputStream(java.io.OutputStream,android.util.Size,java.io.InputStream,long)>",
					"source":"CALLER"
				}
			],
			"keyAPIDiffClass":[],
			"callerOfSingnlar2SourceVar":{
				"<android.hardware.camera2.DngCreator: void writeInputStream(java.io.OutputStream,android.util.Size,java.io.InputStream,long)>":"2, 1, 0"
			}
		},
		{
			"method":"<android.hardware.camera2.DngCreator: void writeInputStream(java.io.OutputStream,android.util.Size,java.io.InputStream,long)>",
			"message":"\\QSize with invalid width, height: (\\E[\\s\\S]*\\Q,\\E[\\s\\S]*\\Q) passed to writeInputStream\\E",
			"relatedVarType":"Parameter",
			"relatedCondType":"Basic",
			"modifier":"public",
			"type":"java.lang.IllegalArgumentException",
			"osVersionRelated":false,
			"resourceRelated":false,
			"assessRelated":false,
			"hardwareRelated":true,
			"manifestRelated":false,
			"conditions":"i2 <= 0, $b1 >= 0, r2 != null",
			"paramValues":"@parameter1: android.util.Size, @parameter3: long, @parameter2: java.io.InputStream",
			"relatedValues":"@parameter1: android.util.Size, @parameter3: long, @parameter2: java.io.InputStream; ; ",
			"keyAPISameClassNum":0,
			"keyAPIDiffClassNum":0,
			"keyAPISameClass":[
				{
					"trace":[
						"<android.hardware.camera2.DngCreator: void writeInputStream(java.io.OutputStream,android.util.Size,java.io.InputStream,long)>"
					],
					"depth":0,
					"method":"<android.hardware.camera2.DngCreator: void writeInputStream(java.io.OutputStream,android.util.Size,java.io.InputStream,long)>",
					"source":"CALLER"
				}
			],
			"keyAPIDiffClass":[],
			"callerOfSingnlar2SourceVar":{
				"<android.hardware.camera2.DngCreator: void writeInputStream(java.io.OutputStream,android.util.Size,java.io.InputStream,long)>":"1, 3, 2"
			}
		},
		{
			"method":"<android.hardware.camera2.DngCreator: void writeInputStream(java.io.OutputStream,android.util.Size,java.io.InputStream,long)>",
			"message":"\\QNull size passed to writeInputStream\\E",
			"relatedVarType":"Parameter",
			"relatedCondType":"Basic",
			"modifier":"public",
			"type":"java.lang.IllegalArgumentException",
			"osVersionRelated":false,
			"resourceRelated":false,
			"assessRelated":false,
			"hardwareRelated":true,
			"manifestRelated":false,
			"conditions":"r1 != null, r0 != null",
			"paramValues":"@parameter1: android.util.Size, @parameter0: java.io.OutputStream",
			"relatedValues":"@parameter1: android.util.Size, @parameter0: java.io.OutputStream; ; ",
			"keyAPISameClassNum":0,
			"keyAPIDiffClassNum":0,
			"keyAPISameClass":[
				{
					"trace":[
						"<android.hardware.camera2.DngCreator: void writeInputStream(java.io.OutputStream,android.util.Size,java.io.InputStream,long)>"
					],
					"depth":0,
					"method":"<android.hardware.camera2.DngCreator: void writeInputStream(java.io.OutputStream,android.util.Size,java.io.InputStream,long)>",
					"source":"CALLER"
				}
			],
			"keyAPIDiffClass":[],
			"callerOfSingnlar2SourceVar":{
				"<android.hardware.camera2.DngCreator: void writeInputStream(java.io.OutputStream,android.util.Size,java.io.InputStream,long)>":"1, 0"
			}
		},
		{
			"method":"<android.hardware.camera2.DngCreator: void writeInputStream(java.io.OutputStream,android.util.Size,java.io.InputStream,long)>",
			"message":"\\QNegative offset passed to writeInputStream\\E",
			"relatedVarType":"Parameter",
			"relatedCondType":"Basic",
			"modifier":"public",
			"type":"java.lang.IllegalArgumentException",
			"osVersionRelated":false,
			"resourceRelated":false,
			"assessRelated":false,
			"hardwareRelated":true,
			"manifestRelated":false,
			"conditions":"$b1 >= 0, r2 != null, r1 != null",
			"paramValues":"@parameter3: long, @parameter2: java.io.InputStream, @parameter1: android.util.Size",
			"relatedValues":"@parameter3: long, @parameter2: java.io.InputStream, @parameter1: android.util.Size; ; ",
			"keyAPISameClassNum":0,
			"keyAPIDiffClassNum":0,
			"keyAPISameClass":[
				{
					"trace":[
						"<android.hardware.camera2.DngCreator: void writeInputStream(java.io.OutputStream,android.util.Size,java.io.InputStream,long)>"
					],
					"depth":0,
					"method":"<android.hardware.camera2.DngCreator: void writeInputStream(java.io.OutputStream,android.util.Size,java.io.InputStream,long)>",
					"source":"CALLER"
				}
			],
			"keyAPIDiffClass":[],
			"callerOfSingnlar2SourceVar":{
				"<android.hardware.camera2.DngCreator: void writeInputStream(java.io.OutputStream,android.util.Size,java.io.InputStream,long)>":"3, 2, 1"
			}
		},
		{
			"method":"<android.hardware.camera2.DngCreator: void writeByteBuffer(java.io.OutputStream,android.util.Size,java.nio.ByteBuffer,long)>",
			"message":"\\QNegative offset passed to writeByteBuffer\\E",
			"relatedVarType":"Parameter",
			"relatedCondType":"Basic",
			"modifier":"public",
			"type":"java.lang.IllegalArgumentException",
			"osVersionRelated":false,
			"resourceRelated":false,
			"assessRelated":false,
			"hardwareRelated":true,
			"manifestRelated":false,
			"conditions":"$b1 >= 0, r2 != null, r1 != null",
			"paramValues":"@parameter3: long, @parameter2: java.nio.ByteBuffer, @parameter1: android.util.Size",
			"relatedValues":"@parameter3: long, @parameter2: java.nio.ByteBuffer, @parameter1: android.util.Size; ; ",
			"keyAPISameClassNum":0,
			"keyAPIDiffClassNum":0,
			"keyAPISameClass":[
				{
					"trace":[
						"<android.hardware.camera2.DngCreator: void writeByteBuffer(java.io.OutputStream,android.util.Size,java.nio.ByteBuffer,long)>"
					],
					"depth":0,
					"method":"<android.hardware.camera2.DngCreator: void writeByteBuffer(java.io.OutputStream,android.util.Size,java.nio.ByteBuffer,long)>",
					"source":"CALLER"
				}
			],
			"keyAPIDiffClass":[],
			"callerOfSingnlar2SourceVar":{
				"<android.hardware.camera2.DngCreator: void writeByteBuffer(java.io.OutputStream,android.util.Size,java.nio.ByteBuffer,long)>":"3, 2, 1"
			}
		},
		{
			"method":"<android.hardware.camera2.DngCreator: void writeByteBuffer(java.io.OutputStream,android.util.Size,java.nio.ByteBuffer,long)>",
			"message":"\\QNull dngOutput passed to writeByteBuffer\\E",
			"relatedVarType":"Parameter",
			"relatedCondType":"Basic",
			"modifier":"public",
			"type":"java.lang.IllegalArgumentException",
			"osVersionRelated":false,
			"resourceRelated":false,
			"assessRelated":false,
			"hardwareRelated":true,
			"manifestRelated":false,
			"conditions":"r0 != null",
			"paramValues":"@parameter0: java.io.OutputStream",
			"relatedValues":"@parameter0: java.io.OutputStream; ; ",
			"keyAPISameClassNum":0,
			"keyAPIDiffClassNum":0,
			"keyAPISameClass":[
				{
					"trace":[
						"<android.hardware.camera2.DngCreator: void writeByteBuffer(java.io.OutputStream,android.util.Size,java.nio.ByteBuffer,long)>"
					],
					"depth":0,
					"method":"<android.hardware.camera2.DngCreator: void writeByteBuffer(java.io.OutputStream,android.util.Size,java.nio.ByteBuffer,long)>",
					"source":"CALLER"
				}
			],
			"keyAPIDiffClass":[],
			"callerOfSingnlar2SourceVar":{
				"<android.hardware.camera2.DngCreator: void writeByteBuffer(java.io.OutputStream,android.util.Size,java.nio.ByteBuffer,long)>":"0"
			}
		},
		{
			"method":"<android.hardware.camera2.DngCreator: void writeByteBuffer(java.io.OutputStream,android.util.Size,java.nio.ByteBuffer,long)>",
			"message":"\\QNull size passed to writeByteBuffer\\E",
			"relatedVarType":"Parameter",
			"relatedCondType":"Basic",
			"modifier":"public",
			"type":"java.lang.IllegalArgumentException",
			"osVersionRelated":false,
			"resourceRelated":false,
			"assessRelated":false,
			"hardwareRelated":true,
			"manifestRelated":false,
			"conditions":"r1 != null, r0 != null",
			"paramValues":"@parameter1: android.util.Size, @parameter0: java.io.OutputStream",
			"relatedValues":"@parameter1: android.util.Size, @parameter0: java.io.OutputStream; ; ",
			"keyAPISameClassNum":0,
			"keyAPIDiffClassNum":0,
			"keyAPISameClass":[
				{
					"trace":[
						"<android.hardware.camera2.DngCreator: void writeByteBuffer(java.io.OutputStream,android.util.Size,java.nio.ByteBuffer,long)>"
					],
					"depth":0,
					"method":"<android.hardware.camera2.DngCreator: void writeByteBuffer(java.io.OutputStream,android.util.Size,java.nio.ByteBuffer,long)>",
					"source":"CALLER"
				}
			],
			"keyAPIDiffClass":[],
			"callerOfSingnlar2SourceVar":{
				"<android.hardware.camera2.DngCreator: void writeByteBuffer(java.io.OutputStream,android.util.Size,java.nio.ByteBuffer,long)>":"1, 0"
			}
		},
		{
			"method":"<android.hardware.camera2.DngCreator: void writeByteBuffer(java.io.OutputStream,android.util.Size,java.nio.ByteBuffer,long)>",
			"message":"\\QNull pixels passed to writeByteBuffer\\E",
			"relatedVarType":"Parameter",
			"relatedCondType":"Basic",
			"modifier":"public",
			"type":"java.lang.IllegalArgumentException",
			"osVersionRelated":false,
			"resourceRelated":false,
			"assessRelated":false,
			"hardwareRelated":true,
			"manifestRelated":false,
			"conditions":"r2 != null, r1 != null, r0 != null",
			"paramValues":"@parameter2: java.nio.ByteBuffer, @parameter1: android.util.Size, @parameter0: java.io.OutputStream",
			"relatedValues":"@parameter2: java.nio.ByteBuffer, @parameter1: android.util.Size, @parameter0: java.io.OutputStream; ; ",
			"keyAPISameClassNum":0,
			"keyAPIDiffClassNum":0,
			"keyAPISameClass":[
				{
					"trace":[
						"<android.hardware.camera2.DngCreator: void writeByteBuffer(java.io.OutputStream,android.util.Size,java.nio.ByteBuffer,long)>"
					],
					"depth":0,
					"method":"<android.hardware.camera2.DngCreator: void writeByteBuffer(java.io.OutputStream,android.util.Size,java.nio.ByteBuffer,long)>",
					"source":"CALLER"
				}
			],
			"keyAPIDiffClass":[],
			"callerOfSingnlar2SourceVar":{
				"<android.hardware.camera2.DngCreator: void writeByteBuffer(java.io.OutputStream,android.util.Size,java.nio.ByteBuffer,long)>":"2, 1, 0"
			}
		},
		{
			"method":"<android.hardware.camera2.DngCreator: void writeImage(java.io.OutputStream,android.media.Image)>",
			"message":"\\QUnsupported image format \\E[\\s\\S]*",
			"relatedVarType":"Parameter",
			"relatedCondType":"Basic",
			"modifier":"public",
			"type":"java.lang.IllegalArgumentException",
			"osVersionRelated":false,
			"resourceRelated":false,
			"assessRelated":false,
			"hardwareRelated":true,
			"manifestRelated":false,
			"conditions":"i0 == 32, r1 != null, r0 != null",
			"paramValues":"@parameter1: android.media.Image, @parameter0: java.io.OutputStream",
			"relatedValues":"@parameter1: android.media.Image, @parameter0: java.io.OutputStream; ; ",
			"keyAPISameClassNum":0,
			"keyAPIDiffClassNum":0,
			"keyAPISameClass":[
				{
					"trace":[
						"<android.hardware.camera2.DngCreator: void writeImage(java.io.OutputStream,android.media.Image)>"
					],
					"depth":0,
					"method":"<android.hardware.camera2.DngCreator: void writeImage(java.io.OutputStream,android.media.Image)>",
					"source":"CALLER"
				}
			],
			"keyAPIDiffClass":[],
			"callerOfSingnlar2SourceVar":{
				"<android.hardware.camera2.DngCreator: void writeImage(java.io.OutputStream,android.media.Image)>":"1, 0"
			}
		},
		{
			"method":"<android.hardware.camera2.DngCreator: void writeImage(java.io.OutputStream,android.media.Image)>",
			"message":"\\QImage with no planes passed to writeImage\\E",
			"relatedVarType":"Parameter",
			"relatedCondType":"Basic",
			"modifier":"public",
			"type":"java.lang.IllegalArgumentException",
			"osVersionRelated":false,
			"resourceRelated":false,
			"assessRelated":false,
			"hardwareRelated":true,
			"manifestRelated":false,
			"conditions":"r2 == null, i0 == 32, r1 != null",
			"paramValues":"@parameter1: android.media.Image",
			"relatedValues":"@parameter1: android.media.Image; ; ",
			"keyAPISameClassNum":0,
			"keyAPIDiffClassNum":0,
			"keyAPISameClass":[
				{
					"trace":[
						"<android.hardware.camera2.DngCreator: void writeImage(java.io.OutputStream,android.media.Image)>"
					],
					"depth":0,
					"method":"<android.hardware.camera2.DngCreator: void writeImage(java.io.OutputStream,android.media.Image)>",
					"source":"CALLER"
				}
			],
			"keyAPIDiffClass":[],
			"callerOfSingnlar2SourceVar":{
				"<android.hardware.camera2.DngCreator: void writeImage(java.io.OutputStream,android.media.Image)>":"1"
			}
		},
		{
			"method":"<android.hardware.camera2.DngCreator: void writeImage(java.io.OutputStream,android.media.Image)>",
			"message":"\\QNull dngOutput to writeImage\\E",
			"relatedVarType":"Parameter",
			"relatedCondType":"Basic",
			"modifier":"public",
			"type":"java.lang.IllegalArgumentException",
			"osVersionRelated":false,
			"resourceRelated":false,
			"assessRelated":false,
			"hardwareRelated":true,
			"manifestRelated":false,
			"conditions":"r0 != null",
			"paramValues":"@parameter0: java.io.OutputStream",
			"relatedValues":"@parameter0: java.io.OutputStream; ; ",
			"keyAPISameClassNum":0,
			"keyAPIDiffClassNum":0,
			"keyAPISameClass":[
				{
					"trace":[
						"<android.hardware.camera2.DngCreator: void writeImage(java.io.OutputStream,android.media.Image)>"
					],
					"depth":0,
					"method":"<android.hardware.camera2.DngCreator: void writeImage(java.io.OutputStream,android.media.Image)>",
					"source":"CALLER"
				}
			],
			"keyAPIDiffClass":[],
			"callerOfSingnlar2SourceVar":{
				"<android.hardware.camera2.DngCreator: void writeImage(java.io.OutputStream,android.media.Image)>":"0"
			}
		},
		{
			"method":"<android.hardware.camera2.DngCreator: void writeImage(java.io.OutputStream,android.media.Image)>",
			"message":"\\QNull pixels to writeImage\\E",
			"relatedVarType":"Parameter",
			"relatedCondType":"Basic",
			"modifier":"public",
			"type":"java.lang.IllegalArgumentException",
			"osVersionRelated":false,
			"resourceRelated":false,
			"assessRelated":false,
			"hardwareRelated":true,
			"manifestRelated":false,
			"conditions":"r1 != null, r0 != null",
			"paramValues":"@parameter1: android.media.Image, @parameter0: java.io.OutputStream",
			"relatedValues":"@parameter1: android.media.Image, @parameter0: java.io.OutputStream; ; ",
			"keyAPISameClassNum":0,
			"keyAPIDiffClassNum":0,
			"keyAPISameClass":[
				{
					"trace":[
						"<android.hardware.camera2.DngCreator: void writeImage(java.io.OutputStream,android.media.Image)>"
					],
					"depth":0,
					"method":"<android.hardware.camera2.DngCreator: void writeImage(java.io.OutputStream,android.media.Image)>",
					"source":"CALLER"
				}
			],
			"keyAPIDiffClass":[],
			"callerOfSingnlar2SourceVar":{
				"<android.hardware.camera2.DngCreator: void writeImage(java.io.OutputStream,android.media.Image)>":"1, 0"
			}
		},
		{
			"method":"<android.hardware.camera2.DngCreator: void writeByteBuffer(int,int,java.nio.ByteBuffer,java.io.OutputStream,int,int,long)>",
			"message":"\\QInvalid image pixel stride, row byte width \\E[\\s\\S]*\\Q is too large, expecting \\E[\\s\\S]*",
			"relatedVarType":"Parameter",
			"relatedCondType":"Basic",
			"modifier":"private",
			"type":"java.lang.IllegalArgumentException",
			"osVersionRelated":false,
			"resourceRelated":false,
			"assessRelated":false,
			"hardwareRelated":true,
			"manifestRelated":false,
			"conditions":"i12 <= i4, $b10 >= 0, i1 > 0",
			"paramValues":"@parameter4: int, @parameter0: int, @parameter5: int, @parameter2: java.nio.ByteBuffer, @parameter1: int, @parameter6: long",
			"relatedValues":"@parameter4: int, @parameter0: int, @parameter5: int, @parameter2: java.nio.ByteBuffer, @parameter1: int, @parameter6: long; ; ",
			"keyAPISameClassNum":0,
			"keyAPIDiffClassNum":0,
			"keyAPISameClass":[
				{
					"trace":[
						"<android.hardware.camera2.DngCreator: void writeByteBuffer(int,int,java.nio.ByteBuffer,java.io.OutputStream,int,int,long)>"
					],
					"depth":0,
					"method":"<android.hardware.camera2.DngCreator: void writeByteBuffer(int,int,java.nio.ByteBuffer,java.io.OutputStream,int,int,long)>",
					"source":"CALLER"
				},
				{
					"trace":[
						"<android.hardware.camera2.DngCreator: void writeByteBuffer(java.io.OutputStream,android.util.Size,java.nio.ByteBuffer,long)>",
						"<android.hardware.camera2.DngCreator: void writeByteBuffer(int,int,java.nio.ByteBuffer,java.io.OutputStream,int,int,long)>"
					],
					"depth":1,
					"method":"<android.hardware.camera2.DngCreator: void writeByteBuffer(java.io.OutputStream,android.util.Size,java.nio.ByteBuffer,long)>",
					"source":"CALLER"
				},
				{
					"trace":[
						"<android.hardware.camera2.DngCreator: void writeImage(java.io.OutputStream,android.media.Image)>",
						"<android.hardware.camera2.DngCreator: void writeByteBuffer(int,int,java.nio.ByteBuffer,java.io.OutputStream,int,int,long)>"
					],
					"depth":1,
					"method":"<android.hardware.camera2.DngCreator: void writeImage(java.io.OutputStream,android.media.Image)>",
					"source":"CALLER"
				}
			],
			"keyAPIDiffClass":[],
			"callerOfSingnlar2SourceVar":{
				"<android.hardware.camera2.DngCreator: void writeByteBuffer(int,int,java.nio.ByteBuffer,java.io.OutputStream,int,int,long)>":"4, 0, 5, 2, 1, 6",
				"<android.hardware.camera2.DngCreator: void writeByteBuffer(java.io.OutputStream,android.util.Size,java.nio.ByteBuffer,long)>":"2, 3"
			}
		},
		{
			"method":"<android.hardware.camera2.DngCreator: void writeByteBuffer(int,int,java.nio.ByteBuffer,java.io.OutputStream,int,int,long)>",
			"message":"\\QImage with invalid width, height: (\\E[\\s\\S]*\\Q,\\E[\\s\\S]*\\Q) passed to write\\E",
			"relatedVarType":"Parameter",
			"relatedCondType":"Basic",
			"modifier":"private",
			"type":"java.lang.IllegalArgumentException",
			"osVersionRelated":false,
			"resourceRelated":false,
			"assessRelated":false,
			"hardwareRelated":true,
			"manifestRelated":false,
			"conditions":"i0 <= 0, i1 > 0",
			"paramValues":"@parameter0: int, @parameter1: int",
			"relatedValues":"@parameter0: int, @parameter1: int; ; ",
			"keyAPISameClassNum":0,
			"keyAPIDiffClassNum":0,
			"keyAPISameClass":[
				{
					"trace":[
						"<android.hardware.camera2.DngCreator: void writeByteBuffer(int,int,java.nio.ByteBuffer,java.io.OutputStream,int,int,long)>"
					],
					"depth":0,
					"method":"<android.hardware.camera2.DngCreator: void writeByteBuffer(int,int,java.nio.ByteBuffer,java.io.OutputStream,int,int,long)>",
					"source":"CALLER"
				},
				{
					"trace":[
						"<android.hardware.camera2.DngCreator: void writeByteBuffer(java.io.OutputStream,android.util.Size,java.nio.ByteBuffer,long)>",
						"<android.hardware.camera2.DngCreator: void writeByteBuffer(int,int,java.nio.ByteBuffer,java.io.OutputStream,int,int,long)>"
					],
					"depth":1,
					"method":"<android.hardware.camera2.DngCreator: void writeByteBuffer(java.io.OutputStream,android.util.Size,java.nio.ByteBuffer,long)>",
					"source":"CALLER"
				},
				{
					"trace":[
						"<android.hardware.camera2.DngCreator: void writeImage(java.io.OutputStream,android.media.Image)>",
						"<android.hardware.camera2.DngCreator: void writeByteBuffer(int,int,java.nio.ByteBuffer,java.io.OutputStream,int,int,long)>"
					],
					"depth":1,
					"method":"<android.hardware.camera2.DngCreator: void writeImage(java.io.OutputStream,android.media.Image)>",
					"source":"CALLER"
				}
			],
			"keyAPIDiffClass":[],
			"callerOfSingnlar2SourceVar":{
				"<android.hardware.camera2.DngCreator: void writeByteBuffer(int,int,java.nio.ByteBuffer,java.io.OutputStream,int,int,long)>":"0, 1"
			}
		},
		{
			"method":"<android.hardware.camera2.DngCreator: void writeByteBuffer(int,int,java.nio.ByteBuffer,java.io.OutputStream,int,int,long)>",
			"message":"\\QImage size \\E[\\s\\S]*\\Q is too small (must be larger than \\E[\\s\\S]*\\Q)\\E",
			"relatedVarType":"Parameter",
			"relatedCondType":"Basic",
			"modifier":"private",
			"type":"java.lang.IllegalArgumentException",
			"osVersionRelated":false,
			"resourceRelated":false,
			"assessRelated":false,
			"hardwareRelated":true,
			"manifestRelated":false,
			"conditions":"$b10 >= 0, i1 > 0, i0 <= 0",
			"paramValues":"@parameter2: java.nio.ByteBuffer, @parameter5: int, @parameter1: int, @parameter6: long, @parameter0: int",
			"relatedValues":"@parameter2: java.nio.ByteBuffer, @parameter5: int, @parameter1: int, @parameter6: long, @parameter0: int; ; ",
			"keyAPISameClassNum":0,
			"keyAPIDiffClassNum":0,
			"keyAPISameClass":[
				{
					"trace":[
						"<android.hardware.camera2.DngCreator: void writeByteBuffer(int,int,java.nio.ByteBuffer,java.io.OutputStream,int,int,long)>"
					],
					"depth":0,
					"method":"<android.hardware.camera2.DngCreator: void writeByteBuffer(int,int,java.nio.ByteBuffer,java.io.OutputStream,int,int,long)>",
					"source":"CALLER"
				},
				{
					"trace":[
						"<android.hardware.camera2.DngCreator: void writeByteBuffer(java.io.OutputStream,android.util.Size,java.nio.ByteBuffer,long)>",
						"<android.hardware.camera2.DngCreator: void writeByteBuffer(int,int,java.nio.ByteBuffer,java.io.OutputStream,int,int,long)>"
					],
					"depth":1,
					"method":"<android.hardware.camera2.DngCreator: void writeByteBuffer(java.io.OutputStream,android.util.Size,java.nio.ByteBuffer,long)>",
					"source":"CALLER"
				},
				{
					"trace":[
						"<android.hardware.camera2.DngCreator: void writeImage(java.io.OutputStream,android.media.Image)>",
						"<android.hardware.camera2.DngCreator: void writeByteBuffer(int,int,java.nio.ByteBuffer,java.io.OutputStream,int,int,long)>"
					],
					"depth":1,
					"method":"<android.hardware.camera2.DngCreator: void writeImage(java.io.OutputStream,android.media.Image)>",
					"source":"CALLER"
				}
			],
			"keyAPIDiffClass":[],
			"callerOfSingnlar2SourceVar":{
				"<android.hardware.camera2.DngCreator: void writeByteBuffer(int,int,java.nio.ByteBuffer,java.io.OutputStream,int,int,long)>":"2, 5, 1, 6, 0",
				"<android.hardware.camera2.DngCreator: void writeByteBuffer(java.io.OutputStream,android.util.Size,java.nio.ByteBuffer,long)>":"2, 3"
			}
		}
	]
}