{
	"exceptions":[
		{
			"method":"<android.bluetooth.BluetoothUuid: android.os.ParcelUuid parseUuidFrom(byte[])>",
			"message":"\\QuuidBytes length invalid - \\E[\\s\\S]*",
			"relatedVarType":"Parameter",
			"relatedCondType":"Basic",
			"modifier":"public",
			"type":"java.lang.IllegalArgumentException",
			"osVersionRelated":false,
			"resourceRelated":false,
			"assessRelated":false,
			"hardwareRelated":false,
			"manifestRelated":false,
			"conditions":"i0 == 16, i0 == 4, i0 == 2",
			"paramValues":"@parameter0: byte[]",
			"relatedValues":"@parameter0: byte[]; ; ",
			"keyAPISameClassNum":0,
			"keyAPIDiffClassNum":0,
			"keyAPISameClass":[
				{
					"trace":[
						"<android.bluetooth.BluetoothUuid: android.os.ParcelUuid parseUuidFrom(byte[])>"
					],
					"depth":0,
					"method":"<android.bluetooth.BluetoothUuid: android.os.ParcelUuid parseUuidFrom(byte[])>",
					"source":"CALLER"
				}
			],
			"keyAPIDiffClass":[
				{
					"trace":[
						"<android.bluetooth.le.ScanRecord: android.bluetooth.le.ScanRecord parseFromBytes(byte[])>",
						"<android.bluetooth.BluetoothUuid: android.os.ParcelUuid parseUuidFrom(byte[])>"
					],
					"depth":1,
					"method":"<android.bluetooth.le.ScanRecord: android.bluetooth.le.ScanRecord parseFromBytes(byte[])>",
					"source":"CALLER"
				},
				{
					"trace":[
						"<android.bluetooth.le.ScanResult$1: android.bluetooth.le.ScanResult createFromParcel(android.os.Parcel)>",
						"<android.bluetooth.le.ScanResult: void <init>(android.os.Parcel,android.bluetooth.le.ScanResult$1)>",
						"<android.bluetooth.le.ScanResult: void <init>(android.os.Parcel)>",
						"<android.bluetooth.le.ScanResult: void readFromParcel(android.os.Parcel)>",
						"<android.bluetooth.le.ScanRecord: android.bluetooth.le.ScanRecord parseFromBytes(byte[])>",
						"<android.bluetooth.BluetoothUuid: android.os.ParcelUuid parseUuidFrom(byte[])>"
					],
					"depth":5,
					"method":"<android.bluetooth.le.ScanResult$1: android.bluetooth.le.ScanResult createFromParcel(android.os.Parcel)>",
					"source":"CALLER"
				},
				{
					"trace":[
						"<android.os.Parcelable$Creator: java.lang.Object createFromParcel(android.os.Parcel)>",
						"<android.bluetooth.le.ScanResult: void <init>(android.os.Parcel,android.bluetooth.le.ScanResult$1)>",
						"<android.bluetooth.le.ScanResult: void <init>(android.os.Parcel)>",
						"<android.bluetooth.le.ScanResult: void readFromParcel(android.os.Parcel)>",
						"<android.bluetooth.le.ScanRecord: android.bluetooth.le.ScanRecord parseFromBytes(byte[])>",
						"<android.bluetooth.BluetoothUuid: android.os.ParcelUuid parseUuidFrom(byte[])>"
					],
					"depth":5,
					"method":"<android.os.Parcelable$Creator: java.lang.Object createFromParcel(android.os.Parcel)>",
					"source":"CALLER"
				},
				{
					"trace":[
						"<android.bluetooth.le.ScanResult$1: java.lang.Object createFromParcel(android.os.Parcel)>",
						"<android.bluetooth.le.ScanResult$1: android.bluetooth.le.ScanResult createFromParcel(android.os.Parcel)>",
						"<android.bluetooth.le.ScanResult: void <init>(android.os.Parcel,android.bluetooth.le.ScanResult$1)>",
						"<android.bluetooth.le.ScanResult: void <init>(android.os.Parcel)>",
						"<android.bluetooth.le.ScanResult: void readFromParcel(android.os.Parcel)>",
						"<android.bluetooth.le.ScanRecord: android.bluetooth.le.ScanRecord parseFromBytes(byte[])>",
						"<android.bluetooth.BluetoothUuid: android.os.ParcelUuid parseUuidFrom(byte[])>"
					],
					"depth":6,
					"method":"<android.bluetooth.le.ScanResult$1: java.lang.Object createFromParcel(android.os.Parcel)>",
					"source":"CALLER"
				}
			],
			"callerOfSingnlar2SourceVar":{
				"<android.bluetooth.BluetoothUuid: android.os.ParcelUuid parseUuidFrom(byte[])>":"0"
			}
		},
		{
			"method":"<android.bluetooth.BluetoothUuid: android.os.ParcelUuid parseUuidFrom(byte[])>",
			"message":"\\QuuidBytes cannot be null\\E",
			"relatedVarType":"Parameter",
			"relatedCondType":"Basic",
			"modifier":"public",
			"type":"java.lang.IllegalArgumentException",
			"osVersionRelated":false,
			"resourceRelated":false,
			"assessRelated":false,
			"hardwareRelated":false,
			"manifestRelated":false,
			"conditions":"r0 != null",
			"paramValues":"@parameter0: byte[]",
			"relatedValues":"@parameter0: byte[]; ; ",
			"keyAPISameClassNum":0,
			"keyAPIDiffClassNum":0,
			"keyAPISameClass":[
				{
					"trace":[
						"<android.bluetooth.BluetoothUuid: android.os.ParcelUuid parseUuidFrom(byte[])>"
					],
					"depth":0,
					"method":"<android.bluetooth.BluetoothUuid: android.os.ParcelUuid parseUuidFrom(byte[])>",
					"source":"CALLER"
				}
			],
			"keyAPIDiffClass":[
				{
					"trace":[
						"<android.bluetooth.le.ScanRecord: android.bluetooth.le.ScanRecord parseFromBytes(byte[])>",
						"<android.bluetooth.BluetoothUuid: android.os.ParcelUuid parseUuidFrom(byte[])>"
					],
					"depth":1,
					"method":"<android.bluetooth.le.ScanRecord: android.bluetooth.le.ScanRecord parseFromBytes(byte[])>",
					"source":"CALLER"
				},
				{
					"trace":[
						"<android.bluetooth.le.ScanResult$1: android.bluetooth.le.ScanResult createFromParcel(android.os.Parcel)>",
						"<android.bluetooth.le.ScanResult: void <init>(android.os.Parcel,android.bluetooth.le.ScanResult$1)>",
						"<android.bluetooth.le.ScanResult: void <init>(android.os.Parcel)>",
						"<android.bluetooth.le.ScanResult: void readFromParcel(android.os.Parcel)>",
						"<android.bluetooth.le.ScanRecord: android.bluetooth.le.ScanRecord parseFromBytes(byte[])>",
						"<android.bluetooth.BluetoothUuid: android.os.ParcelUuid parseUuidFrom(byte[])>"
					],
					"depth":5,
					"method":"<android.bluetooth.le.ScanResult$1: android.bluetooth.le.ScanResult createFromParcel(android.os.Parcel)>",
					"source":"CALLER"
				},
				{
					"trace":[
						"<android.os.Parcelable$Creator: java.lang.Object createFromParcel(android.os.Parcel)>",
						"<android.bluetooth.le.ScanResult: void <init>(android.os.Parcel,android.bluetooth.le.ScanResult$1)>",
						"<android.bluetooth.le.ScanResult: void <init>(android.os.Parcel)>",
						"<android.bluetooth.le.ScanResult: void readFromParcel(android.os.Parcel)>",
						"<android.bluetooth.le.ScanRecord: android.bluetooth.le.ScanRecord parseFromBytes(byte[])>",
						"<android.bluetooth.BluetoothUuid: android.os.ParcelUuid parseUuidFrom(byte[])>"
					],
					"depth":5,
					"method":"<android.os.Parcelable$Creator: java.lang.Object createFromParcel(android.os.Parcel)>",
					"source":"CALLER"
				},
				{
					"trace":[
						"<android.bluetooth.le.ScanResult$1: java.lang.Object createFromParcel(android.os.Parcel)>",
						"<android.bluetooth.le.ScanResult$1: android.bluetooth.le.ScanResult createFromParcel(android.os.Parcel)>",
						"<android.bluetooth.le.ScanResult: void <init>(android.os.Parcel,android.bluetooth.le.ScanResult$1)>",
						"<android.bluetooth.le.ScanResult: void <init>(android.os.Parcel)>",
						"<android.bluetooth.le.ScanResult: void readFromParcel(android.os.Parcel)>",
						"<android.bluetooth.le.ScanRecord: android.bluetooth.le.ScanRecord parseFromBytes(byte[])>",
						"<android.bluetooth.BluetoothUuid: android.os.ParcelUuid parseUuidFrom(byte[])>"
					],
					"depth":6,
					"method":"<android.bluetooth.le.ScanResult$1: java.lang.Object createFromParcel(android.os.Parcel)>",
					"source":"CALLER"
				}
			],
			"callerOfSingnlar2SourceVar":{
				"<android.bluetooth.BluetoothUuid: android.os.ParcelUuid parseUuidFrom(byte[])>":"0"
			}
		}
	]
}