{
	"exceptions":[
		{
			"method":"<android.app.WallpaperManager$Globals: android.graphics.Bitmap peekWallpaperBitmap(android.content.Context,boolean,int,int)>",
			"message":"[\\s\\S]*",
			"relatedVarType":"Field",
			"relatedCondType":"Basic",
			"modifier":"public",
			"type":"java.lang.RuntimeException",
			"osVersionRelated":false,
			"resourceRelated":false,
			"assessRelated":false,
			"hardwareRelated":false,
			"manifestRelated":false,
			"conditions":"$r3 == null",
			"fieldValues":"<android.app.WallpaperManager$Globals: android.app.IWallpaperManager mService>",
			"caughtValues":"@caughtexception",
			"relatedValues":"; <android.app.WallpaperManager$Globals: android.app.IWallpaperManager mService>; @caughtexception",
			"keyAPISameClassNum":2,
			"keyAPIDiffClassNum":16,
			"keyAPISameClass":[
				{
					"trace":[
						"<android.app.WallpaperManager$Globals: android.graphics.Bitmap peekWallpaperBitmap(android.content.Context,boolean,int,int)>"
					],
					"depth":1,
					"method":"<android.app.WallpaperManager$Globals: android.graphics.Bitmap peekWallpaperBitmap(android.content.Context,boolean,int,int)>",
					"source":"FIELD"
				},
				{
					"trace":[
						"<android.app.WallpaperManager$Globals: android.graphics.Bitmap peekWallpaperBitmap(android.content.Context,boolean,int)>",
						"<android.app.WallpaperManager$Globals: android.graphics.Bitmap peekWallpaperBitmap(android.content.Context,boolean,int,int)>",
						"key field: <android.app.WallpaperManager$Globals: android.app.IWallpaperManager mService>",
						"<android.app.WallpaperManager$Globals: android.graphics.Bitmap peekWallpaperBitmap(android.content.Context,boolean,int,int)>"
					],
					"depth":2,
					"method":"<android.app.WallpaperManager$Globals: android.graphics.Bitmap peekWallpaperBitmap(android.content.Context,boolean,int)>",
					"source":"FIELDCALLER"
				}
			],
			"keyAPIDiffClass":[
				{
					"trace":[
						"<android.app.WallpaperManager: android.graphics.Bitmap getBitmapAsUser(int)>",
						"<android.app.WallpaperManager$Globals: android.graphics.Bitmap peekWallpaperBitmap(android.content.Context,boolean,int,int)>",
						"key field: <android.app.WallpaperManager$Globals: android.app.IWallpaperManager mService>",
						"<android.app.WallpaperManager$Globals: android.graphics.Bitmap peekWallpaperBitmap(android.content.Context,boolean,int,int)>"
					],
					"depth":2,
					"method":"<android.app.WallpaperManager: android.graphics.Bitmap getBitmapAsUser(int)>",
					"source":"FIELDCALLER"
				},
				{
					"trace":[
						"<android.app.WallpaperManager: android.graphics.drawable.Drawable getDrawable()>",
						"<android.app.WallpaperManager$Globals: android.graphics.Bitmap peekWallpaperBitmap(android.content.Context,boolean,int)>",
						"<android.app.WallpaperManager$Globals: android.graphics.Bitmap peekWallpaperBitmap(android.content.Context,boolean,int,int)>",
						"key field: <android.app.WallpaperManager$Globals: android.app.IWallpaperManager mService>",
						"<android.app.WallpaperManager$Globals: android.graphics.Bitmap peekWallpaperBitmap(android.content.Context,boolean,int,int)>"
					],
					"depth":3,
					"method":"<android.app.WallpaperManager: android.graphics.drawable.Drawable getDrawable()>",
					"source":"FIELDCALLER"
				},
				{
					"trace":[
						"<android.app.WallpaperManager: android.graphics.drawable.Drawable peekFastDrawable()>",
						"<android.app.WallpaperManager$Globals: android.graphics.Bitmap peekWallpaperBitmap(android.content.Context,boolean,int)>",
						"<android.app.WallpaperManager$Globals: android.graphics.Bitmap peekWallpaperBitmap(android.content.Context,boolean,int,int)>",
						"key field: <android.app.WallpaperManager$Globals: android.app.IWallpaperManager mService>",
						"<android.app.WallpaperManager$Globals: android.graphics.Bitmap peekWallpaperBitmap(android.content.Context,boolean,int,int)>"
					],
					"depth":3,
					"method":"<android.app.WallpaperManager: android.graphics.drawable.Drawable peekFastDrawable()>",
					"source":"FIELDCALLER"
				},
				{
					"trace":[
						"<android.app.WallpaperManager: android.graphics.drawable.Drawable getFastDrawable()>",
						"<android.app.WallpaperManager$Globals: android.graphics.Bitmap peekWallpaperBitmap(android.content.Context,boolean,int)>",
						"<android.app.WallpaperManager$Globals: android.graphics.Bitmap peekWallpaperBitmap(android.content.Context,boolean,int,int)>",
						"key field: <android.app.WallpaperManager$Globals: android.app.IWallpaperManager mService>",
						"<android.app.WallpaperManager$Globals: android.graphics.Bitmap peekWallpaperBitmap(android.content.Context,boolean,int,int)>"
					],
					"depth":3,
					"method":"<android.app.WallpaperManager: android.graphics.drawable.Drawable getFastDrawable()>",
					"source":"FIELDCALLER"
				},
				{
					"trace":[
						"<android.app.WallpaperManager: android.graphics.drawable.Drawable peekDrawable()>",
						"<android.app.WallpaperManager$Globals: android.graphics.Bitmap peekWallpaperBitmap(android.content.Context,boolean,int)>",
						"<android.app.WallpaperManager$Globals: android.graphics.Bitmap peekWallpaperBitmap(android.content.Context,boolean,int,int)>",
						"key field: <android.app.WallpaperManager$Globals: android.app.IWallpaperManager mService>",
						"<android.app.WallpaperManager$Globals: android.graphics.Bitmap peekWallpaperBitmap(android.content.Context,boolean,int,int)>"
					],
					"depth":3,
					"method":"<android.app.WallpaperManager: android.graphics.drawable.Drawable peekDrawable()>",
					"source":"FIELDCALLER"
				},
				{
					"trace":[
						"<android.app.WallpaperManager: android.graphics.Bitmap getBitmap()>",
						"<android.app.WallpaperManager: android.graphics.Bitmap getBitmapAsUser(int)>",
						"<android.app.WallpaperManager$Globals: android.graphics.Bitmap peekWallpaperBitmap(android.content.Context,boolean,int,int)>",
						"key field: <android.app.WallpaperManager$Globals: android.app.IWallpaperManager mService>",
						"<android.app.WallpaperManager$Globals: android.graphics.Bitmap peekWallpaperBitmap(android.content.Context,boolean,int,int)>"
					],
					"depth":3,
					"method":"<android.app.WallpaperManager: android.graphics.Bitmap getBitmap()>",
					"source":"FIELDCALLER"
				},
				{
					"trace":[
						"<android.app.SystemServiceRegistry$42: android.app.WallpaperManager createService(android.app.ContextImpl)>",
						"<android.app.WallpaperManager: void <init>(android.content.Context,android.os.Handler)>",
						"<android.app.WallpaperManager: void initGlobals(android.os.Looper)>",
						"<android.app.WallpaperManager$Globals: void <init>(android.os.Looper)>",
						"key field: <android.app.WallpaperManager$Globals: android.app.IWallpaperManager mService>",
						"<android.app.WallpaperManager$Globals: android.graphics.Bitmap peekWallpaperBitmap(android.content.Context,boolean,int,int)>"
					],
					"depth":4,
					"method":"<android.app.SystemServiceRegistry$42: android.app.WallpaperManager createService(android.app.ContextImpl)>",
					"source":"FIELDCALLER"
				},
				{
					"trace":[
						"<android.app.ContextImpl: android.graphics.drawable.Drawable getWallpaper()>",
						"<android.app.WallpaperManager: android.graphics.drawable.Drawable getDrawable()>",
						"<android.app.WallpaperManager$Globals: android.graphics.Bitmap peekWallpaperBitmap(android.content.Context,boolean,int)>",
						"<android.app.WallpaperManager$Globals: android.graphics.Bitmap peekWallpaperBitmap(android.content.Context,boolean,int,int)>",
						"key field: <android.app.WallpaperManager$Globals: android.app.IWallpaperManager mService>",
						"<android.app.WallpaperManager$Globals: android.graphics.Bitmap peekWallpaperBitmap(android.content.Context,boolean,int,int)>"
					],
					"depth":4,
					"method":"<android.app.ContextImpl: android.graphics.drawable.Drawable getWallpaper()>",
					"source":"FIELDCALLER"
				},
				{
					"trace":[
						"<android.app.ContextImpl: android.graphics.drawable.Drawable peekWallpaper()>",
						"<android.app.WallpaperManager: android.graphics.drawable.Drawable peekDrawable()>",
						"<android.app.WallpaperManager$Globals: android.graphics.Bitmap peekWallpaperBitmap(android.content.Context,boolean,int)>",
						"<android.app.WallpaperManager$Globals: android.graphics.Bitmap peekWallpaperBitmap(android.content.Context,boolean,int,int)>",
						"key field: <android.app.WallpaperManager$Globals: android.app.IWallpaperManager mService>",
						"<android.app.WallpaperManager$Globals: android.graphics.Bitmap peekWallpaperBitmap(android.content.Context,boolean,int,int)>"
					],
					"depth":4,
					"method":"<android.app.ContextImpl: android.graphics.drawable.Drawable peekWallpaper()>",
					"source":"FIELDCALLER"
				},
				{
					"trace":[
						"<android.app.SystemServiceRegistry$42: java.lang.Object createService(android.app.ContextImpl)>",
						"<android.app.SystemServiceRegistry$42: android.app.WallpaperManager createService(android.app.ContextImpl)>",
						"<android.app.WallpaperManager: void <init>(android.content.Context,android.os.Handler)>",
						"<android.app.WallpaperManager: void initGlobals(android.os.Looper)>",
						"<android.app.WallpaperManager$Globals: void <init>(android.os.Looper)>",
						"key field: <android.app.WallpaperManager$Globals: android.app.IWallpaperManager mService>",
						"<android.app.WallpaperManager$Globals: android.graphics.Bitmap peekWallpaperBitmap(android.content.Context,boolean,int,int)>"
					],
					"depth":5,
					"method":"<android.app.SystemServiceRegistry$42: java.lang.Object createService(android.app.ContextImpl)>",
					"source":"FIELDCALLER"
				},
				{
					"trace":[
						"<android.app.SystemServiceRegistry$CachedServiceFetcher: java.lang.Object createService(android.app.ContextImpl)>",
						"<android.app.SystemServiceRegistry$42: android.app.WallpaperManager createService(android.app.ContextImpl)>",
						"<android.app.WallpaperManager: void <init>(android.content.Context,android.os.Handler)>",
						"<android.app.WallpaperManager: void initGlobals(android.os.Looper)>",
						"<android.app.WallpaperManager$Globals: void <init>(android.os.Looper)>",
						"key field: <android.app.WallpaperManager$Globals: android.app.IWallpaperManager mService>",
						"<android.app.WallpaperManager$Globals: android.graphics.Bitmap peekWallpaperBitmap(android.content.Context,boolean,int,int)>"
					],
					"depth":5,
					"method":"<android.app.SystemServiceRegistry$CachedServiceFetcher: java.lang.Object createService(android.app.ContextImpl)>",
					"source":"FIELDCALLER"
				},
				{
					"trace":[
						"<android.app.SystemServiceRegistry$CachedServiceFetcher: java.lang.Object getService(android.app.ContextImpl)>",
						"<android.app.SystemServiceRegistry$42: java.lang.Object createService(android.app.ContextImpl)>",
						"<android.app.SystemServiceRegistry$42: android.app.WallpaperManager createService(android.app.ContextImpl)>",
						"<android.app.WallpaperManager: void <init>(android.content.Context,android.os.Handler)>",
						"<android.app.WallpaperManager: void initGlobals(android.os.Looper)>",
						"<android.app.WallpaperManager$Globals: void <init>(android.os.Looper)>",
						"key field: <android.app.WallpaperManager$Globals: android.app.IWallpaperManager mService>",
						"<android.app.WallpaperManager$Globals: android.graphics.Bitmap peekWallpaperBitmap(android.content.Context,boolean,int,int)>"
					],
					"depth":6,
					"method":"<android.app.SystemServiceRegistry$CachedServiceFetcher: java.lang.Object getService(android.app.ContextImpl)>",
					"source":"FIELDCALLER"
				},
				{
					"trace":[
						"<android.app.SystemServiceRegistry$ServiceFetcher: java.lang.Object getService(android.app.ContextImpl)>",
						"<android.app.SystemServiceRegistry$42: java.lang.Object createService(android.app.ContextImpl)>",
						"<android.app.SystemServiceRegistry$42: android.app.WallpaperManager createService(android.app.ContextImpl)>",
						"<android.app.WallpaperManager: void <init>(android.content.Context,android.os.Handler)>",
						"<android.app.WallpaperManager: void initGlobals(android.os.Looper)>",
						"<android.app.WallpaperManager$Globals: void <init>(android.os.Looper)>",
						"key field: <android.app.WallpaperManager$Globals: android.app.IWallpaperManager mService>",
						"<android.app.WallpaperManager$Globals: android.graphics.Bitmap peekWallpaperBitmap(android.content.Context,boolean,int,int)>"
					],
					"depth":6,
					"method":"<android.app.SystemServiceRegistry$ServiceFetcher: java.lang.Object getService(android.app.ContextImpl)>",
					"source":"FIELDCALLER"
				},
				{
					"trace":[
						"<android.app.SystemServiceRegistry: java.lang.Object getSystemService(android.app.ContextImpl,java.lang.String)>",
						"<android.app.SystemServiceRegistry$CachedServiceFetcher: java.lang.Object getService(android.app.ContextImpl)>",
						"<android.app.SystemServiceRegistry$42: java.lang.Object createService(android.app.ContextImpl)>",
						"<android.app.SystemServiceRegistry$42: android.app.WallpaperManager createService(android.app.ContextImpl)>",
						"<android.app.WallpaperManager: void <init>(android.content.Context,android.os.Handler)>",
						"<android.app.WallpaperManager: void initGlobals(android.os.Looper)>",
						"<android.app.WallpaperManager$Globals: void <init>(android.os.Looper)>",
						"key field: <android.app.WallpaperManager$Globals: android.app.IWallpaperManager mService>",
						"<android.app.WallpaperManager$Globals: android.graphics.Bitmap peekWallpaperBitmap(android.content.Context,boolean,int,int)>"
					],
					"depth":7,
					"method":"<android.app.SystemServiceRegistry: java.lang.Object getSystemService(android.app.ContextImpl,java.lang.String)>",
					"source":"FIELDCALLER"
				},
				{
					"trace":[
						"<android.app.ContextImpl: java.lang.Object getSystemService(java.lang.String)>",
						"<android.app.SystemServiceRegistry: java.lang.Object getSystemService(android.app.ContextImpl,java.lang.String)>",
						"<android.app.SystemServiceRegistry$CachedServiceFetcher: java.lang.Object getService(android.app.ContextImpl)>",
						"<android.app.SystemServiceRegistry$42: java.lang.Object createService(android.app.ContextImpl)>",
						"<android.app.SystemServiceRegistry$42: android.app.WallpaperManager createService(android.app.ContextImpl)>",
						"<android.app.WallpaperManager: void <init>(android.content.Context,android.os.Handler)>",
						"<android.app.WallpaperManager: void initGlobals(android.os.Looper)>",
						"<android.app.WallpaperManager$Globals: void <init>(android.os.Looper)>",
						"key field: <android.app.WallpaperManager$Globals: android.app.IWallpaperManager mService>",
						"<android.app.WallpaperManager$Globals: android.graphics.Bitmap peekWallpaperBitmap(android.content.Context,boolean,int,int)>"
					],
					"depth":8,
					"method":"<android.app.ContextImpl: java.lang.Object getSystemService(java.lang.String)>",
					"source":"FIELDCALLER"
				},
				{
					"trace":[
						"<android.content.Context: java.lang.Object getSystemService(java.lang.String)>",
						"<android.app.SystemServiceRegistry: java.lang.Object getSystemService(android.app.ContextImpl,java.lang.String)>",
						"<android.app.SystemServiceRegistry$CachedServiceFetcher: java.lang.Object getService(android.app.ContextImpl)>",
						"<android.app.SystemServiceRegistry$42: java.lang.Object createService(android.app.ContextImpl)>",
						"<android.app.SystemServiceRegistry$42: android.app.WallpaperManager createService(android.app.ContextImpl)>",
						"<android.app.WallpaperManager: void <init>(android.content.Context,android.os.Handler)>",
						"<android.app.WallpaperManager: void initGlobals(android.os.Looper)>",
						"<android.app.WallpaperManager$Globals: void <init>(android.os.Looper)>",
						"key field: <android.app.WallpaperManager$Globals: android.app.IWallpaperManager mService>",
						"<android.app.WallpaperManager$Globals: android.graphics.Bitmap peekWallpaperBitmap(android.content.Context,boolean,int,int)>"
					],
					"depth":8,
					"method":"<android.content.Context: java.lang.Object getSystemService(java.lang.String)>",
					"source":"FIELDCALLER"
				}
			],
			"callerOfSingnlar2SourceVar":{}
		},
		{
			"method":"<android.app.WallpaperManager$Globals: android.graphics.Bitmap getCurrentWallpaperLocked(int)>",
			"message":"[\\s\\S]*",
			"relatedVarType":"ParaAndField",
			"relatedCondType":"Basic",
			"modifier":"private",
			"type":"java.lang.RuntimeException",
			"osVersionRelated":false,
			"resourceRelated":false,
			"assessRelated":false,
			"hardwareRelated":false,
			"manifestRelated":false,
			"conditions":"$r1 != null, r4 == null",
			"paramValues":"@parameter0: int",
			"fieldValues":"<android.app.WallpaperManager$Globals: android.app.IWallpaperManager mService>",
			"caughtValues":"@caughtexception, @caughtexception, @caughtexception",
			"relatedValues":"@parameter0: int; <android.app.WallpaperManager$Globals: android.app.IWallpaperManager mService>; @caughtexception, @caughtexception, @caughtexception",
			"keyAPISameClassNum":2,
			"keyAPIDiffClassNum":16,
			"keyAPISameClass":[
				{
					"trace":[
						"<android.app.WallpaperManager$Globals: android.graphics.Bitmap getCurrentWallpaperLocked(int)>"
					],
					"depth":1,
					"method":"<android.app.WallpaperManager$Globals: android.graphics.Bitmap peekWallpaperBitmap(android.content.Context,boolean,int,int)>",
					"source":"FIELD"
				},
				{
					"trace":[
						"<android.app.WallpaperManager$Globals: android.graphics.Bitmap peekWallpaperBitmap(android.content.Context,boolean,int)>",
						"<android.app.WallpaperManager$Globals: android.graphics.Bitmap peekWallpaperBitmap(android.content.Context,boolean,int,int)>",
						"key field: <android.app.WallpaperManager$Globals: android.app.IWallpaperManager mService>",
						"<android.app.WallpaperManager$Globals: android.graphics.Bitmap getCurrentWallpaperLocked(int)>"
					],
					"depth":2,
					"method":"<android.app.WallpaperManager$Globals: android.graphics.Bitmap peekWallpaperBitmap(android.content.Context,boolean,int)>",
					"source":"FIELDCALLER"
				}
			],
			"keyAPIDiffClass":[
				{
					"trace":[
						"<android.app.WallpaperManager: android.graphics.Bitmap getBitmapAsUser(int)>",
						"<android.app.WallpaperManager$Globals: android.graphics.Bitmap peekWallpaperBitmap(android.content.Context,boolean,int,int)>",
						"key field: <android.app.WallpaperManager$Globals: android.app.IWallpaperManager mService>",
						"<android.app.WallpaperManager$Globals: android.graphics.Bitmap getCurrentWallpaperLocked(int)>"
					],
					"depth":2,
					"method":"<android.app.WallpaperManager: android.graphics.Bitmap getBitmapAsUser(int)>",
					"source":"FIELDCALLER"
				},
				{
					"trace":[
						"<android.app.WallpaperManager: android.graphics.drawable.Drawable getDrawable()>",
						"<android.app.WallpaperManager$Globals: android.graphics.Bitmap peekWallpaperBitmap(android.content.Context,boolean,int)>",
						"<android.app.WallpaperManager$Globals: android.graphics.Bitmap peekWallpaperBitmap(android.content.Context,boolean,int,int)>",
						"key field: <android.app.WallpaperManager$Globals: android.app.IWallpaperManager mService>",
						"<android.app.WallpaperManager$Globals: android.graphics.Bitmap getCurrentWallpaperLocked(int)>"
					],
					"depth":3,
					"method":"<android.app.WallpaperManager: android.graphics.drawable.Drawable getDrawable()>",
					"source":"FIELDCALLER"
				},
				{
					"trace":[
						"<android.app.WallpaperManager: android.graphics.drawable.Drawable peekFastDrawable()>",
						"<android.app.WallpaperManager$Globals: android.graphics.Bitmap peekWallpaperBitmap(android.content.Context,boolean,int)>",
						"<android.app.WallpaperManager$Globals: android.graphics.Bitmap peekWallpaperBitmap(android.content.Context,boolean,int,int)>",
						"key field: <android.app.WallpaperManager$Globals: android.app.IWallpaperManager mService>",
						"<android.app.WallpaperManager$Globals: android.graphics.Bitmap getCurrentWallpaperLocked(int)>"
					],
					"depth":3,
					"method":"<android.app.WallpaperManager: android.graphics.drawable.Drawable peekFastDrawable()>",
					"source":"FIELDCALLER"
				},
				{
					"trace":[
						"<android.app.WallpaperManager: android.graphics.drawable.Drawable getFastDrawable()>",
						"<android.app.WallpaperManager$Globals: android.graphics.Bitmap peekWallpaperBitmap(android.content.Context,boolean,int)>",
						"<android.app.WallpaperManager$Globals: android.graphics.Bitmap peekWallpaperBitmap(android.content.Context,boolean,int,int)>",
						"key field: <android.app.WallpaperManager$Globals: android.app.IWallpaperManager mService>",
						"<android.app.WallpaperManager$Globals: android.graphics.Bitmap getCurrentWallpaperLocked(int)>"
					],
					"depth":3,
					"method":"<android.app.WallpaperManager: android.graphics.drawable.Drawable getFastDrawable()>",
					"source":"FIELDCALLER"
				},
				{
					"trace":[
						"<android.app.WallpaperManager: android.graphics.drawable.Drawable peekDrawable()>",
						"<android.app.WallpaperManager$Globals: android.graphics.Bitmap peekWallpaperBitmap(android.content.Context,boolean,int)>",
						"<android.app.WallpaperManager$Globals: android.graphics.Bitmap peekWallpaperBitmap(android.content.Context,boolean,int,int)>",
						"key field: <android.app.WallpaperManager$Globals: android.app.IWallpaperManager mService>",
						"<android.app.WallpaperManager$Globals: android.graphics.Bitmap getCurrentWallpaperLocked(int)>"
					],
					"depth":3,
					"method":"<android.app.WallpaperManager: android.graphics.drawable.Drawable peekDrawable()>",
					"source":"FIELDCALLER"
				},
				{
					"trace":[
						"<android.app.WallpaperManager: android.graphics.Bitmap getBitmap()>",
						"<android.app.WallpaperManager: android.graphics.Bitmap getBitmapAsUser(int)>",
						"<android.app.WallpaperManager$Globals: android.graphics.Bitmap peekWallpaperBitmap(android.content.Context,boolean,int,int)>",
						"key field: <android.app.WallpaperManager$Globals: android.app.IWallpaperManager mService>",
						"<android.app.WallpaperManager$Globals: android.graphics.Bitmap getCurrentWallpaperLocked(int)>"
					],
					"depth":3,
					"method":"<android.app.WallpaperManager: android.graphics.Bitmap getBitmap()>",
					"source":"FIELDCALLER"
				},
				{
					"trace":[
						"<android.app.SystemServiceRegistry$42: android.app.WallpaperManager createService(android.app.ContextImpl)>",
						"<android.app.WallpaperManager: void <init>(android.content.Context,android.os.Handler)>",
						"<android.app.WallpaperManager: void initGlobals(android.os.Looper)>",
						"<android.app.WallpaperManager$Globals: void <init>(android.os.Looper)>",
						"key field: <android.app.WallpaperManager$Globals: android.app.IWallpaperManager mService>",
						"<android.app.WallpaperManager$Globals: android.graphics.Bitmap getCurrentWallpaperLocked(int)>"
					],
					"depth":4,
					"method":"<android.app.SystemServiceRegistry$42: android.app.WallpaperManager createService(android.app.ContextImpl)>",
					"source":"FIELDCALLER"
				},
				{
					"trace":[
						"<android.app.ContextImpl: android.graphics.drawable.Drawable getWallpaper()>",
						"<android.app.WallpaperManager: android.graphics.drawable.Drawable getDrawable()>",
						"<android.app.WallpaperManager$Globals: android.graphics.Bitmap peekWallpaperBitmap(android.content.Context,boolean,int)>",
						"<android.app.WallpaperManager$Globals: android.graphics.Bitmap peekWallpaperBitmap(android.content.Context,boolean,int,int)>",
						"key field: <android.app.WallpaperManager$Globals: android.app.IWallpaperManager mService>",
						"<android.app.WallpaperManager$Globals: android.graphics.Bitmap getCurrentWallpaperLocked(int)>"
					],
					"depth":4,
					"method":"<android.app.ContextImpl: android.graphics.drawable.Drawable getWallpaper()>",
					"source":"FIELDCALLER"
				},
				{
					"trace":[
						"<android.app.ContextImpl: android.graphics.drawable.Drawable peekWallpaper()>",
						"<android.app.WallpaperManager: android.graphics.drawable.Drawable peekDrawable()>",
						"<android.app.WallpaperManager$Globals: android.graphics.Bitmap peekWallpaperBitmap(android.content.Context,boolean,int)>",
						"<android.app.WallpaperManager$Globals: android.graphics.Bitmap peekWallpaperBitmap(android.content.Context,boolean,int,int)>",
						"key field: <android.app.WallpaperManager$Globals: android.app.IWallpaperManager mService>",
						"<android.app.WallpaperManager$Globals: android.graphics.Bitmap getCurrentWallpaperLocked(int)>"
					],
					"depth":4,
					"method":"<android.app.ContextImpl: android.graphics.drawable.Drawable peekWallpaper()>",
					"source":"FIELDCALLER"
				},
				{
					"trace":[
						"<android.app.SystemServiceRegistry$42: java.lang.Object createService(android.app.ContextImpl)>",
						"<android.app.SystemServiceRegistry$42: android.app.WallpaperManager createService(android.app.ContextImpl)>",
						"<android.app.WallpaperManager: void <init>(android.content.Context,android.os.Handler)>",
						"<android.app.WallpaperManager: void initGlobals(android.os.Looper)>",
						"<android.app.WallpaperManager$Globals: void <init>(android.os.Looper)>",
						"key field: <android.app.WallpaperManager$Globals: android.app.IWallpaperManager mService>",
						"<android.app.WallpaperManager$Globals: android.graphics.Bitmap getCurrentWallpaperLocked(int)>"
					],
					"depth":5,
					"method":"<android.app.SystemServiceRegistry$42: java.lang.Object createService(android.app.ContextImpl)>",
					"source":"FIELDCALLER"
				},
				{
					"trace":[
						"<android.app.SystemServiceRegistry$CachedServiceFetcher: java.lang.Object createService(android.app.ContextImpl)>",
						"<android.app.SystemServiceRegistry$42: android.app.WallpaperManager createService(android.app.ContextImpl)>",
						"<android.app.WallpaperManager: void <init>(android.content.Context,android.os.Handler)>",
						"<android.app.WallpaperManager: void initGlobals(android.os.Looper)>",
						"<android.app.WallpaperManager$Globals: void <init>(android.os.Looper)>",
						"key field: <android.app.WallpaperManager$Globals: android.app.IWallpaperManager mService>",
						"<android.app.WallpaperManager$Globals: android.graphics.Bitmap getCurrentWallpaperLocked(int)>"
					],
					"depth":5,
					"method":"<android.app.SystemServiceRegistry$CachedServiceFetcher: java.lang.Object createService(android.app.ContextImpl)>",
					"source":"FIELDCALLER"
				},
				{
					"trace":[
						"<android.app.SystemServiceRegistry$CachedServiceFetcher: java.lang.Object getService(android.app.ContextImpl)>",
						"<android.app.SystemServiceRegistry$42: java.lang.Object createService(android.app.ContextImpl)>",
						"<android.app.SystemServiceRegistry$42: android.app.WallpaperManager createService(android.app.ContextImpl)>",
						"<android.app.WallpaperManager: void <init>(android.content.Context,android.os.Handler)>",
						"<android.app.WallpaperManager: void initGlobals(android.os.Looper)>",
						"<android.app.WallpaperManager$Globals: void <init>(android.os.Looper)>",
						"key field: <android.app.WallpaperManager$Globals: android.app.IWallpaperManager mService>",
						"<android.app.WallpaperManager$Globals: android.graphics.Bitmap getCurrentWallpaperLocked(int)>"
					],
					"depth":6,
					"method":"<android.app.SystemServiceRegistry$CachedServiceFetcher: java.lang.Object getService(android.app.ContextImpl)>",
					"source":"FIELDCALLER"
				},
				{
					"trace":[
						"<android.app.SystemServiceRegistry$ServiceFetcher: java.lang.Object getService(android.app.ContextImpl)>",
						"<android.app.SystemServiceRegistry$42: java.lang.Object createService(android.app.ContextImpl)>",
						"<android.app.SystemServiceRegistry$42: android.app.WallpaperManager createService(android.app.ContextImpl)>",
						"<android.app.WallpaperManager: void <init>(android.content.Context,android.os.Handler)>",
						"<android.app.WallpaperManager: void initGlobals(android.os.Looper)>",
						"<android.app.WallpaperManager$Globals: void <init>(android.os.Looper)>",
						"key field: <android.app.WallpaperManager$Globals: android.app.IWallpaperManager mService>",
						"<android.app.WallpaperManager$Globals: android.graphics.Bitmap getCurrentWallpaperLocked(int)>"
					],
					"depth":6,
					"method":"<android.app.SystemServiceRegistry$ServiceFetcher: java.lang.Object getService(android.app.ContextImpl)>",
					"source":"FIELDCALLER"
				},
				{
					"trace":[
						"<android.app.SystemServiceRegistry: java.lang.Object getSystemService(android.app.ContextImpl,java.lang.String)>",
						"<android.app.SystemServiceRegistry$CachedServiceFetcher: java.lang.Object getService(android.app.ContextImpl)>",
						"<android.app.SystemServiceRegistry$42: java.lang.Object createService(android.app.ContextImpl)>",
						"<android.app.SystemServiceRegistry$42: android.app.WallpaperManager createService(android.app.ContextImpl)>",
						"<android.app.WallpaperManager: void <init>(android.content.Context,android.os.Handler)>",
						"<android.app.WallpaperManager: void initGlobals(android.os.Looper)>",
						"<android.app.WallpaperManager$Globals: void <init>(android.os.Looper)>",
						"key field: <android.app.WallpaperManager$Globals: android.app.IWallpaperManager mService>",
						"<android.app.WallpaperManager$Globals: android.graphics.Bitmap getCurrentWallpaperLocked(int)>"
					],
					"depth":7,
					"method":"<android.app.SystemServiceRegistry: java.lang.Object getSystemService(android.app.ContextImpl,java.lang.String)>",
					"source":"FIELDCALLER"
				},
				{
					"trace":[
						"<android.app.ContextImpl: java.lang.Object getSystemService(java.lang.String)>",
						"<android.app.SystemServiceRegistry: java.lang.Object getSystemService(android.app.ContextImpl,java.lang.String)>",
						"<android.app.SystemServiceRegistry$CachedServiceFetcher: java.lang.Object getService(android.app.ContextImpl)>",
						"<android.app.SystemServiceRegistry$42: java.lang.Object createService(android.app.ContextImpl)>",
						"<android.app.SystemServiceRegistry$42: android.app.WallpaperManager createService(android.app.ContextImpl)>",
						"<android.app.WallpaperManager: void <init>(android.content.Context,android.os.Handler)>",
						"<android.app.WallpaperManager: void initGlobals(android.os.Looper)>",
						"<android.app.WallpaperManager$Globals: void <init>(android.os.Looper)>",
						"key field: <android.app.WallpaperManager$Globals: android.app.IWallpaperManager mService>",
						"<android.app.WallpaperManager$Globals: android.graphics.Bitmap getCurrentWallpaperLocked(int)>"
					],
					"depth":8,
					"method":"<android.app.ContextImpl: java.lang.Object getSystemService(java.lang.String)>",
					"source":"FIELDCALLER"
				},
				{
					"trace":[
						"<android.content.Context: java.lang.Object getSystemService(java.lang.String)>",
						"<android.app.SystemServiceRegistry: java.lang.Object getSystemService(android.app.ContextImpl,java.lang.String)>",
						"<android.app.SystemServiceRegistry$CachedServiceFetcher: java.lang.Object getService(android.app.ContextImpl)>",
						"<android.app.SystemServiceRegistry$42: java.lang.Object createService(android.app.ContextImpl)>",
						"<android.app.SystemServiceRegistry$42: android.app.WallpaperManager createService(android.app.ContextImpl)>",
						"<android.app.WallpaperManager: void <init>(android.content.Context,android.os.Handler)>",
						"<android.app.WallpaperManager: void initGlobals(android.os.Looper)>",
						"<android.app.WallpaperManager$Globals: void <init>(android.os.Looper)>",
						"key field: <android.app.WallpaperManager$Globals: android.app.IWallpaperManager mService>",
						"<android.app.WallpaperManager$Globals: android.graphics.Bitmap getCurrentWallpaperLocked(int)>"
					],
					"depth":8,
					"method":"<android.content.Context: java.lang.Object getSystemService(java.lang.String)>",
					"source":"FIELDCALLER"
				}
			],
			"callerOfSingnlar2SourceVar":{
				"<android.app.WallpaperManager$Globals: android.graphics.Bitmap getCurrentWallpaperLocked(int)>":"0",
				"<android.app.WallpaperManager: android.graphics.Bitmap getBitmapAsUser(int)>":"0",
				"<android.app.WallpaperManager$Globals: android.graphics.Bitmap peekWallpaperBitmap(android.content.Context,boolean,int,int)>":"3"
			}
		}
	]
}