{
	"exceptions":[
		{
			"method":"<android.bluetooth.BluetoothAdapter: void <init>(android.bluetooth.IBluetoothManager)>",
			"message":"\\Qbluetooth manager service is null\\E",
			"relatedVarType":"Parameter",
			"relatedCondType":"Basic",
			"modifier":"default",
			"type":"java.lang.IllegalArgumentException",
			"osVersionRelated":false,
			"resourceRelated":false,
			"assessRelated":false,
			"hardwareRelated":true,
			"manifestRelated":false,
			"conditions":"r5 != null",
			"paramValues":"@parameter0: android.bluetooth.IBluetoothManager",
			"relatedValues":"@parameter0: android.bluetooth.IBluetoothManager; ; ",
			"keyAPISameClassNum":0,
			"keyAPIDiffClassNum":0,
			"keyAPISameClass":[
				{
					"trace":[
						"<android.bluetooth.BluetoothAdapter: void <init>(android.bluetooth.IBluetoothManager)>"
					],
					"depth":0,
					"method":"<android.bluetooth.BluetoothAdapter: void <init>(android.bluetooth.IBluetoothManager)>",
					"source":"CALLER"
				}
			],
			"keyAPIDiffClass":[],
			"callerOfSingnlar2SourceVar":{
				"<android.bluetooth.BluetoothAdapter: void <init>(android.bluetooth.IBluetoothManager)>":"0"
			}
		},
		{
			"method":"<android.bluetooth.BluetoothAdapter: android.bluetooth.BluetoothDevice getRemoteDevice(byte[])>",
			"message":"\\QBluetooth address must have 6 bytes\\E",
			"relatedVarType":"Parameter",
			"relatedCondType":"Basic",
			"modifier":"public",
			"type":"java.lang.IllegalArgumentException",
			"osVersionRelated":false,
			"resourceRelated":false,
			"assessRelated":false,
			"hardwareRelated":true,
			"manifestRelated":false,
			"conditions":"r0 == null, $i0 == 6",
			"paramValues":"@parameter0: byte[]",
			"relatedValues":"@parameter0: byte[]; ; ",
			"keyAPISameClassNum":0,
			"keyAPIDiffClassNum":0,
			"keyAPISameClass":[
				{
					"trace":[
						"<android.bluetooth.BluetoothAdapter: android.bluetooth.BluetoothDevice getRemoteDevice(byte[])>"
					],
					"depth":0,
					"method":"<android.bluetooth.BluetoothAdapter: android.bluetooth.BluetoothDevice getRemoteDevice(byte[])>",
					"source":"CALLER"
				}
			],
			"keyAPIDiffClass":[],
			"callerOfSingnlar2SourceVar":{
				"<android.bluetooth.BluetoothAdapter: android.bluetooth.BluetoothDevice getRemoteDevice(byte[])>":"0"
			}
		},
		{
			"method":"<android.bluetooth.BluetoothAdapter: android.bluetooth.BluetoothServerSocket listenUsingRfcommOn(int,boolean,boolean)>",
			"message":"\\QError: \\E[\\s\\S]*",
			"relatedVarType":"Parameter",
			"relatedCondType":"Basic",
			"modifier":"public",
			"type":"java.io.IOException",
			"osVersionRelated":false,
			"resourceRelated":false,
			"assessRelated":false,
			"hardwareRelated":true,
			"manifestRelated":false,
			"conditions":"i1 == 0, i0 != -2",
			"paramValues":"@parameter0: int, @parameter1: boolean, @parameter2: boolean",
			"relatedValues":"@parameter0: int, @parameter1: boolean, @parameter2: boolean; ; ",
			"keyAPISameClassNum":0,
			"keyAPIDiffClassNum":0,
			"keyAPISameClass":[
				{
					"trace":[
						"<android.bluetooth.BluetoothAdapter: android.bluetooth.BluetoothServerSocket listenUsingRfcommOn(int,boolean,boolean)>"
					],
					"depth":0,
					"method":"<android.bluetooth.BluetoothAdapter: android.bluetooth.BluetoothServerSocket listenUsingRfcommOn(int,boolean,boolean)>",
					"source":"CALLER"
				},
				{
					"trace":[
						"<android.bluetooth.BluetoothAdapter: android.bluetooth.BluetoothServerSocket listenUsingRfcommOn(int)>",
						"<android.bluetooth.BluetoothAdapter: android.bluetooth.BluetoothServerSocket listenUsingRfcommOn(int,boolean,boolean)>"
					],
					"depth":1,
					"method":"<android.bluetooth.BluetoothAdapter: android.bluetooth.BluetoothServerSocket listenUsingRfcommOn(int)>",
					"source":"CALLER"
				}
			],
			"keyAPIDiffClass":[],
			"callerOfSingnlar2SourceVar":{
				"<android.bluetooth.BluetoothAdapter: android.bluetooth.BluetoothServerSocket listenUsingRfcommOn(int)>":"0",
				"<android.bluetooth.BluetoothAdapter: android.bluetooth.BluetoothServerSocket listenUsingRfcommOn(int,boolean,boolean)>":"0, 1, 2"
			}
		},
		{
			"method":"<android.bluetooth.BluetoothAdapter: android.bluetooth.BluetoothServerSocket createNewRfcommSocketAndRecord(java.lang.String,java.util.UUID,boolean,boolean)>",
			"message":"\\QError: \\E[\\s\\S]*",
			"relatedVarType":"Parameter",
			"relatedCondType":"Basic",
			"modifier":"private",
			"type":"java.io.IOException",
			"osVersionRelated":false,
			"resourceRelated":false,
			"assessRelated":false,
			"hardwareRelated":true,
			"manifestRelated":false,
			"conditions":"i0 == 0",
			"paramValues":"@parameter2: boolean, @parameter3: boolean, @parameter1: java.util.UUID, @parameter0: java.lang.String",
			"relatedValues":"@parameter2: boolean, @parameter3: boolean, @parameter1: java.util.UUID, @parameter0: java.lang.String; ; ",
			"keyAPISameClassNum":0,
			"keyAPIDiffClassNum":0,
			"keyAPISameClass":[
				{
					"trace":[
						"<android.bluetooth.BluetoothAdapter: android.bluetooth.BluetoothServerSocket createNewRfcommSocketAndRecord(java.lang.String,java.util.UUID,boolean,boolean)>"
					],
					"depth":0,
					"method":"<android.bluetooth.BluetoothAdapter: android.bluetooth.BluetoothServerSocket createNewRfcommSocketAndRecord(java.lang.String,java.util.UUID,boolean,boolean)>",
					"source":"CALLER"
				},
				{
					"trace":[
						"<android.bluetooth.BluetoothAdapter: android.bluetooth.BluetoothServerSocket listenUsingRfcommWithServiceRecord(java.lang.String,java.util.UUID)>",
						"<android.bluetooth.BluetoothAdapter: android.bluetooth.BluetoothServerSocket createNewRfcommSocketAndRecord(java.lang.String,java.util.UUID,boolean,boolean)>"
					],
					"depth":1,
					"method":"<android.bluetooth.BluetoothAdapter: android.bluetooth.BluetoothServerSocket listenUsingRfcommWithServiceRecord(java.lang.String,java.util.UUID)>",
					"source":"CALLER"
				},
				{
					"trace":[
						"<android.bluetooth.BluetoothAdapter: android.bluetooth.BluetoothServerSocket listenUsingEncryptedRfcommWithServiceRecord(java.lang.String,java.util.UUID)>",
						"<android.bluetooth.BluetoothAdapter: android.bluetooth.BluetoothServerSocket createNewRfcommSocketAndRecord(java.lang.String,java.util.UUID,boolean,boolean)>"
					],
					"depth":1,
					"method":"<android.bluetooth.BluetoothAdapter: android.bluetooth.BluetoothServerSocket listenUsingEncryptedRfcommWithServiceRecord(java.lang.String,java.util.UUID)>",
					"source":"CALLER"
				},
				{
					"trace":[
						"<android.bluetooth.BluetoothAdapter: android.bluetooth.BluetoothServerSocket listenUsingInsecureRfcommWithServiceRecord(java.lang.String,java.util.UUID)>",
						"<android.bluetooth.BluetoothAdapter: android.bluetooth.BluetoothServerSocket createNewRfcommSocketAndRecord(java.lang.String,java.util.UUID,boolean,boolean)>"
					],
					"depth":1,
					"method":"<android.bluetooth.BluetoothAdapter: android.bluetooth.BluetoothServerSocket listenUsingInsecureRfcommWithServiceRecord(java.lang.String,java.util.UUID)>",
					"source":"CALLER"
				}
			],
			"keyAPIDiffClass":[],
			"callerOfSingnlar2SourceVar":{
				"<android.bluetooth.BluetoothAdapter: android.bluetooth.BluetoothServerSocket createNewRfcommSocketAndRecord(java.lang.String,java.util.UUID,boolean,boolean)>":"2, 3, 1, 0",
				"<android.bluetooth.BluetoothAdapter: android.bluetooth.BluetoothServerSocket listenUsingInsecureRfcommWithServiceRecord(java.lang.String,java.util.UUID)>":"1, 0",
				"<android.bluetooth.BluetoothAdapter: android.bluetooth.BluetoothServerSocket listenUsingEncryptedRfcommWithServiceRecord(java.lang.String,java.util.UUID)>":"1, 0",
				"<android.bluetooth.BluetoothAdapter: android.bluetooth.BluetoothServerSocket listenUsingRfcommWithServiceRecord(java.lang.String,java.util.UUID)>":"1, 0"
			}
		},
		{
			"method":"<android.bluetooth.BluetoothAdapter: android.bluetooth.BluetoothServerSocket listenUsingInsecureRfcommOn(int)>",
			"message":"\\QError: \\E[\\s\\S]*",
			"relatedVarType":"Parameter",
			"relatedCondType":"Basic",
			"modifier":"public",
			"type":"java.io.IOException",
			"osVersionRelated":false,
			"resourceRelated":false,
			"assessRelated":false,
			"hardwareRelated":true,
			"manifestRelated":false,
			"conditions":"i1 == 0, i0 != -2",
			"paramValues":"@parameter0: int",
			"relatedValues":"@parameter0: int; ; ",
			"keyAPISameClassNum":0,
			"keyAPIDiffClassNum":0,
			"keyAPISameClass":[
				{
					"trace":[
						"<android.bluetooth.BluetoothAdapter: android.bluetooth.BluetoothServerSocket listenUsingInsecureRfcommOn(int)>"
					],
					"depth":0,
					"method":"<android.bluetooth.BluetoothAdapter: android.bluetooth.BluetoothServerSocket listenUsingInsecureRfcommOn(int)>",
					"source":"CALLER"
				}
			],
			"keyAPIDiffClass":[],
			"callerOfSingnlar2SourceVar":{
				"<android.bluetooth.BluetoothAdapter: android.bluetooth.BluetoothServerSocket listenUsingInsecureRfcommOn(int)>":"0"
			}
		},
		{
			"method":"<android.bluetooth.BluetoothAdapter: android.bluetooth.BluetoothServerSocket listenUsingEncryptedRfcommOn(int)>",
			"message":"\\QError: \\E[\\s\\S]*",
			"relatedVarType":"Parameter",
			"relatedCondType":"Basic",
			"modifier":"public",
			"type":"java.io.IOException",
			"osVersionRelated":false,
			"resourceRelated":false,
			"assessRelated":false,
			"hardwareRelated":true,
			"manifestRelated":false,
			"conditions":"i1 >= 0, i0 != -2",
			"paramValues":"@parameter0: int",
			"relatedValues":"@parameter0: int; ; ",
			"keyAPISameClassNum":0,
			"keyAPIDiffClassNum":0,
			"keyAPISameClass":[
				{
					"trace":[
						"<android.bluetooth.BluetoothAdapter: android.bluetooth.BluetoothServerSocket listenUsingEncryptedRfcommOn(int)>"
					],
					"depth":0,
					"method":"<android.bluetooth.BluetoothAdapter: android.bluetooth.BluetoothServerSocket listenUsingEncryptedRfcommOn(int)>",
					"source":"CALLER"
				}
			],
			"keyAPIDiffClass":[],
			"callerOfSingnlar2SourceVar":{
				"<android.bluetooth.BluetoothAdapter: android.bluetooth.BluetoothServerSocket listenUsingEncryptedRfcommOn(int)>":"0"
			}
		},
		{
			"method":"<android.bluetooth.BluetoothAdapter: android.bluetooth.BluetoothServerSocket listenUsingL2capOn(int,boolean,boolean)>",
			"message":"\\QError: \\E[\\s\\S]*",
			"relatedVarType":"Parameter",
			"relatedCondType":"Basic",
			"modifier":"public",
			"type":"java.io.IOException",
			"osVersionRelated":false,
			"resourceRelated":false,
			"assessRelated":false,
			"hardwareRelated":true,
			"manifestRelated":false,
			"conditions":"i1 == 0, i0 != -2",
			"paramValues":"@parameter0: int, @parameter1: boolean, @parameter2: boolean",
			"relatedValues":"@parameter0: int, @parameter1: boolean, @parameter2: boolean; ; ",
			"keyAPISameClassNum":0,
			"keyAPIDiffClassNum":0,
			"keyAPISameClass":[
				{
					"trace":[
						"<android.bluetooth.BluetoothAdapter: android.bluetooth.BluetoothServerSocket listenUsingL2capOn(int,boolean,boolean)>"
					],
					"depth":0,
					"method":"<android.bluetooth.BluetoothAdapter: android.bluetooth.BluetoothServerSocket listenUsingL2capOn(int,boolean,boolean)>",
					"source":"CALLER"
				},
				{
					"trace":[
						"<android.bluetooth.BluetoothAdapter: android.bluetooth.BluetoothServerSocket listenUsingL2capOn(int)>",
						"<android.bluetooth.BluetoothAdapter: android.bluetooth.BluetoothServerSocket listenUsingL2capOn(int,boolean,boolean)>"
					],
					"depth":1,
					"method":"<android.bluetooth.BluetoothAdapter: android.bluetooth.BluetoothServerSocket listenUsingL2capOn(int)>",
					"source":"CALLER"
				}
			],
			"keyAPIDiffClass":[],
			"callerOfSingnlar2SourceVar":{
				"<android.bluetooth.BluetoothAdapter: android.bluetooth.BluetoothServerSocket listenUsingL2capOn(int,boolean,boolean)>":"0, 1, 2",
				"<android.bluetooth.BluetoothAdapter: android.bluetooth.BluetoothServerSocket listenUsingL2capOn(int)>":"0"
			}
		}
	]
}