{
	"exceptions":[
		{
			"method":"<android.content.res.ColorStateList: android.content.res.ColorStateList createFromXml(android.content.res.Resources,org.xmlpull.v1.XmlPullParser,android.content.res.Resources$Theme)>",
			"message":"[\\s\\S]*",
			"relatedVarType":"Parameter",
			"relatedCondType":"Basic",
			"modifier":"public",
			"type":"java.lang.Throwable",
			"osVersionRelated":false,
			"resourceRelated":false,
			"assessRelated":false,
			"hardwareRelated":false,
			"manifestRelated":false,
			"conditions":"$i0 == 2, $i0 == 2, $i0 == 1",
			"paramValues":"@parameter1: org.xmlpull.v1.XmlPullParser",
			"relatedValues":"@parameter1: org.xmlpull.v1.XmlPullParser; ; ",
			"keyAPISameClassNum":0,
			"keyAPIDiffClassNum":0,
			"keyAPISameClass":[
				{
					"trace":[
						"<android.content.res.ColorStateList: android.content.res.ColorStateList createFromXml(android.content.res.Resources,org.xmlpull.v1.XmlPullParser,android.content.res.Resources$Theme)>"
					],
					"depth":0,
					"method":"<android.content.res.ColorStateList: android.content.res.ColorStateList createFromXml(android.content.res.Resources,org.xmlpull.v1.XmlPullParser,android.content.res.Resources$Theme)>",
					"source":"CALLER"
				},
				{
					"trace":[
						"<android.content.res.ColorStateList: android.content.res.ColorStateList createFromXml(android.content.res.Resources,org.xmlpull.v1.XmlPullParser)>",
						"<android.content.res.ColorStateList: android.content.res.ColorStateList createFromXml(android.content.res.Resources,org.xmlpull.v1.XmlPullParser,android.content.res.Resources$Theme)>"
					],
					"depth":1,
					"method":"<android.content.res.ColorStateList: android.content.res.ColorStateList createFromXml(android.content.res.Resources,org.xmlpull.v1.XmlPullParser)>",
					"source":"CALLER"
				}
			],
			"keyAPIDiffClass":[],
			"callerOfSingnlar2SourceVar":{
				"<android.content.res.ColorStateList: android.content.res.ColorStateList createFromXml(android.content.res.Resources,org.xmlpull.v1.XmlPullParser,android.content.res.Resources$Theme)>":"1",
				"<android.content.res.ColorStateList: android.content.res.ColorStateList createFromXml(android.content.res.Resources,org.xmlpull.v1.XmlPullParser)>":"1"
			}
		},
		{
			"method":"<android.content.res.ColorStateList: android.content.res.ColorStateList createFromXmlInner(android.content.res.Resources,org.xmlpull.v1.XmlPullParser,android.util.AttributeSet,android.content.res.Resources$Theme)>",
			"message":"[\\s\\S]*",
			"relatedVarType":"Parameter",
			"relatedCondType":"Basic",
			"modifier":"default",
			"type":"java.lang.Throwable",
			"osVersionRelated":false,
			"resourceRelated":false,
			"assessRelated":false,
			"hardwareRelated":false,
			"manifestRelated":false,
			"conditions":"$z0 != 0",
			"paramValues":"@parameter1: org.xmlpull.v1.XmlPullParser",
			"relatedValues":"@parameter1: org.xmlpull.v1.XmlPullParser; ; ",
			"keyAPISameClassNum":0,
			"keyAPIDiffClassNum":0,
			"keyAPISameClass":[
				{
					"trace":[
						"<android.content.res.ColorStateList: android.content.res.ColorStateList createFromXmlInner(android.content.res.Resources,org.xmlpull.v1.XmlPullParser,android.util.AttributeSet,android.content.res.Resources$Theme)>"
					],
					"depth":0,
					"method":"<android.content.res.ColorStateList: android.content.res.ColorStateList createFromXmlInner(android.content.res.Resources,org.xmlpull.v1.XmlPullParser,android.util.AttributeSet,android.content.res.Resources$Theme)>",
					"source":"CALLER"
				},
				{
					"trace":[
						"<android.content.res.ColorStateList: android.content.res.ColorStateList createFromXml(android.content.res.Resources,org.xmlpull.v1.XmlPullParser,android.content.res.Resources$Theme)>",
						"<android.content.res.ColorStateList: android.content.res.ColorStateList createFromXmlInner(android.content.res.Resources,org.xmlpull.v1.XmlPullParser,android.util.AttributeSet,android.content.res.Resources$Theme)>"
					],
					"depth":1,
					"method":"<android.content.res.ColorStateList: android.content.res.ColorStateList createFromXml(android.content.res.Resources,org.xmlpull.v1.XmlPullParser,android.content.res.Resources$Theme)>",
					"source":"CALLER"
				},
				{
					"trace":[
						"<android.content.res.ColorStateList: android.content.res.ColorStateList createFromXml(android.content.res.Resources,org.xmlpull.v1.XmlPullParser)>",
						"<android.content.res.ColorStateList: android.content.res.ColorStateList createFromXml(android.content.res.Resources,org.xmlpull.v1.XmlPullParser,android.content.res.Resources$Theme)>",
						"<android.content.res.ColorStateList: android.content.res.ColorStateList createFromXmlInner(android.content.res.Resources,org.xmlpull.v1.XmlPullParser,android.util.AttributeSet,android.content.res.Resources$Theme)>"
					],
					"depth":2,
					"method":"<android.content.res.ColorStateList: android.content.res.ColorStateList createFromXml(android.content.res.Resources,org.xmlpull.v1.XmlPullParser)>",
					"source":"CALLER"
				}
			],
			"keyAPIDiffClass":[
				{
					"trace":[
						"<android.content.res.Resources: android.content.res.ColorStateList getColorStateList(int,android.content.res.Resources$Theme)>",
						"<android.content.res.ResourcesImpl: android.content.res.ColorStateList loadColorStateList(android.content.res.Resources,android.util.TypedValue,int,android.content.res.Resources$Theme)>",
						"<android.content.res.ResourcesImpl: android.content.res.ComplexColor loadComplexColorFromName(android.content.res.Resources,android.content.res.Resources$Theme,android.util.TypedValue,int)>",
						"<android.content.res.ResourcesImpl: android.content.res.ComplexColor loadComplexColorForCookie(android.content.res.Resources,android.util.TypedValue,int,android.content.res.Resources$Theme)>",
						"<android.content.res.ColorStateList: android.content.res.ColorStateList createFromXmlInner(android.content.res.Resources,org.xmlpull.v1.XmlPullParser,android.util.AttributeSet,android.content.res.Resources$Theme)>"
					],
					"depth":4,
					"method":"<android.content.res.Resources: android.content.res.ColorStateList getColorStateList(int,android.content.res.Resources$Theme)>",
					"source":"CALLER"
				},
				{
					"trace":[
						"<android.content.res.Resources: int getColor(int,android.content.res.Resources$Theme)>",
						"<android.content.res.ResourcesImpl: android.content.res.ColorStateList loadColorStateList(android.content.res.Resources,android.util.TypedValue,int,android.content.res.Resources$Theme)>",
						"<android.content.res.ResourcesImpl: android.content.res.ComplexColor loadComplexColorFromName(android.content.res.Resources,android.content.res.Resources$Theme,android.util.TypedValue,int)>",
						"<android.content.res.ResourcesImpl: android.content.res.ComplexColor loadComplexColorForCookie(android.content.res.Resources,android.util.TypedValue,int,android.content.res.Resources$Theme)>",
						"<android.content.res.ColorStateList: android.content.res.ColorStateList createFromXmlInner(android.content.res.Resources,org.xmlpull.v1.XmlPullParser,android.util.AttributeSet,android.content.res.Resources$Theme)>"
					],
					"depth":4,
					"method":"<android.content.res.Resources: int getColor(int,android.content.res.Resources$Theme)>",
					"source":"CALLER"
				},
				{
					"trace":[
						"<android.content.res.Resources: android.content.res.ComplexColor loadComplexColor(android.util.TypedValue,int,android.content.res.Resources$Theme)>",
						"<android.content.res.ResourcesImpl: android.content.res.ComplexColor loadComplexColor(android.content.res.Resources,android.util.TypedValue,int,android.content.res.Resources$Theme)>",
						"<android.content.res.ResourcesImpl: android.content.res.ComplexColor loadComplexColorFromName(android.content.res.Resources,android.content.res.Resources$Theme,android.util.TypedValue,int)>",
						"<android.content.res.ResourcesImpl: android.content.res.ComplexColor loadComplexColorForCookie(android.content.res.Resources,android.util.TypedValue,int,android.content.res.Resources$Theme)>",
						"<android.content.res.ColorStateList: android.content.res.ColorStateList createFromXmlInner(android.content.res.Resources,org.xmlpull.v1.XmlPullParser,android.util.AttributeSet,android.content.res.Resources$Theme)>"
					],
					"depth":4,
					"method":"<android.content.res.Resources: android.content.res.ComplexColor loadComplexColor(android.util.TypedValue,int,android.content.res.Resources$Theme)>",
					"source":"CALLER"
				},
				{
					"trace":[
						"<android.content.res.Resources: android.content.res.ColorStateList getColorStateList(int)>",
						"<android.content.res.Resources: android.content.res.ColorStateList getColorStateList(int,android.content.res.Resources$Theme)>",
						"<android.content.res.ResourcesImpl: android.content.res.ColorStateList loadColorStateList(android.content.res.Resources,android.util.TypedValue,int,android.content.res.Resources$Theme)>",
						"<android.content.res.ResourcesImpl: android.content.res.ComplexColor loadComplexColorFromName(android.content.res.Resources,android.content.res.Resources$Theme,android.util.TypedValue,int)>",
						"<android.content.res.ResourcesImpl: android.content.res.ComplexColor loadComplexColorForCookie(android.content.res.Resources,android.util.TypedValue,int,android.content.res.Resources$Theme)>",
						"<android.content.res.ColorStateList: android.content.res.ColorStateList createFromXmlInner(android.content.res.Resources,org.xmlpull.v1.XmlPullParser,android.util.AttributeSet,android.content.res.Resources$Theme)>"
					],
					"depth":5,
					"method":"<android.content.res.Resources: android.content.res.ColorStateList getColorStateList(int)>",
					"source":"CALLER"
				},
				{
					"trace":[
						"<android.content.Context: android.content.res.ColorStateList getColorStateList(int)>",
						"<android.content.res.Resources: android.content.res.ColorStateList getColorStateList(int,android.content.res.Resources$Theme)>",
						"<android.content.res.ResourcesImpl: android.content.res.ColorStateList loadColorStateList(android.content.res.Resources,android.util.TypedValue,int,android.content.res.Resources$Theme)>",
						"<android.content.res.ResourcesImpl: android.content.res.ComplexColor loadComplexColorFromName(android.content.res.Resources,android.content.res.Resources$Theme,android.util.TypedValue,int)>",
						"<android.content.res.ResourcesImpl: android.content.res.ComplexColor loadComplexColorForCookie(android.content.res.Resources,android.util.TypedValue,int,android.content.res.Resources$Theme)>",
						"<android.content.res.ColorStateList: android.content.res.ColorStateList createFromXmlInner(android.content.res.Resources,org.xmlpull.v1.XmlPullParser,android.util.AttributeSet,android.content.res.Resources$Theme)>"
					],
					"depth":5,
					"method":"<android.content.Context: android.content.res.ColorStateList getColorStateList(int)>",
					"source":"CALLER"
				},
				{
					"trace":[
						"<android.content.Context: int getColor(int)>",
						"<android.content.res.Resources: int getColor(int,android.content.res.Resources$Theme)>",
						"<android.content.res.ResourcesImpl: android.content.res.ColorStateList loadColorStateList(android.content.res.Resources,android.util.TypedValue,int,android.content.res.Resources$Theme)>",
						"<android.content.res.ResourcesImpl: android.content.res.ComplexColor loadComplexColorFromName(android.content.res.Resources,android.content.res.Resources$Theme,android.util.TypedValue,int)>",
						"<android.content.res.ResourcesImpl: android.content.res.ComplexColor loadComplexColorForCookie(android.content.res.Resources,android.util.TypedValue,int,android.content.res.Resources$Theme)>",
						"<android.content.res.ColorStateList: android.content.res.ColorStateList createFromXmlInner(android.content.res.Resources,org.xmlpull.v1.XmlPullParser,android.util.AttributeSet,android.content.res.Resources$Theme)>"
					],
					"depth":5,
					"method":"<android.content.Context: int getColor(int)>",
					"source":"CALLER"
				},
				{
					"trace":[
						"<android.content.res.Resources: int getColor(int)>",
						"<android.content.res.Resources: int getColor(int,android.content.res.Resources$Theme)>",
						"<android.content.res.ResourcesImpl: android.content.res.ColorStateList loadColorStateList(android.content.res.Resources,android.util.TypedValue,int,android.content.res.Resources$Theme)>",
						"<android.content.res.ResourcesImpl: android.content.res.ComplexColor loadComplexColorFromName(android.content.res.Resources,android.content.res.Resources$Theme,android.util.TypedValue,int)>",
						"<android.content.res.ResourcesImpl: android.content.res.ComplexColor loadComplexColorForCookie(android.content.res.Resources,android.util.TypedValue,int,android.content.res.Resources$Theme)>",
						"<android.content.res.ColorStateList: android.content.res.ColorStateList createFromXmlInner(android.content.res.Resources,org.xmlpull.v1.XmlPullParser,android.util.AttributeSet,android.content.res.Resources$Theme)>"
					],
					"depth":5,
					"method":"<android.content.res.Resources: int getColor(int)>",
					"source":"CALLER"
				},
				{
					"trace":[
						"<android.content.res.StringBlock: java.lang.CharSequence get(int)>",
						"<android.content.res.StringBlock: java.lang.CharSequence applyStyles(java.lang.String,int[],android.content.res.StringBlock$StyleIDs)>",
						"<android.content.res.StringBlock: android.text.style.CharacterStyle getColor(java.lang.String,boolean)>",
						"<android.content.res.Resources: android.content.res.ColorStateList getColorStateList(int,android.content.res.Resources$Theme)>",
						"<android.content.res.ResourcesImpl: android.content.res.ColorStateList loadColorStateList(android.content.res.Resources,android.util.TypedValue,int,android.content.res.Resources$Theme)>",
						"<android.content.res.ResourcesImpl: android.content.res.ComplexColor loadComplexColorFromName(android.content.res.Resources,android.content.res.Resources$Theme,android.util.TypedValue,int)>",
						"<android.content.res.ResourcesImpl: android.content.res.ComplexColor loadComplexColorForCookie(android.content.res.Resources,android.util.TypedValue,int,android.content.res.Resources$Theme)>",
						"<android.content.res.ColorStateList: android.content.res.ColorStateList createFromXmlInner(android.content.res.Resources,org.xmlpull.v1.XmlPullParser,android.util.AttributeSet,android.content.res.Resources$Theme)>"
					],
					"depth":7,
					"method":"<android.content.res.StringBlock: java.lang.CharSequence get(int)>",
					"source":"CALLER"
				},
				{
					"trace":[
						"<android.content.res.XmlBlock$Parser: int getAttributeListValue(int,java.lang.String[],int)>",
						"<android.content.res.StringBlock: java.lang.CharSequence get(int)>",
						"<android.content.res.StringBlock: java.lang.CharSequence applyStyles(java.lang.String,int[],android.content.res.StringBlock$StyleIDs)>",
						"<android.content.res.StringBlock: android.text.style.CharacterStyle getColor(java.lang.String,boolean)>",
						"<android.content.res.Resources: android.content.res.ColorStateList getColorStateList(int,android.content.res.Resources$Theme)>",
						"<android.content.res.ResourcesImpl: android.content.res.ColorStateList loadColorStateList(android.content.res.Resources,android.util.TypedValue,int,android.content.res.Resources$Theme)>",
						"<android.content.res.ResourcesImpl: android.content.res.ComplexColor loadComplexColorFromName(android.content.res.Resources,android.content.res.Resources$Theme,android.util.TypedValue,int)>",
						"<android.content.res.ResourcesImpl: android.content.res.ComplexColor loadComplexColorForCookie(android.content.res.Resources,android.util.TypedValue,int,android.content.res.Resources$Theme)>",
						"<android.content.res.ColorStateList: android.content.res.ColorStateList createFromXmlInner(android.content.res.Resources,org.xmlpull.v1.XmlPullParser,android.util.AttributeSet,android.content.res.Resources$Theme)>"
					],
					"depth":8,
					"method":"<android.content.res.XmlBlock$Parser: int getAttributeListValue(int,java.lang.String[],int)>",
					"source":"CALLER"
				},
				{
					"trace":[
						"<android.content.res.XmlBlock$Parser: java.lang.String getAttributeNamespace(int)>",
						"<android.content.res.StringBlock: java.lang.CharSequence get(int)>",
						"<android.content.res.StringBlock: java.lang.CharSequence applyStyles(java.lang.String,int[],android.content.res.StringBlock$StyleIDs)>",
						"<android.content.res.StringBlock: android.text.style.CharacterStyle getColor(java.lang.String,boolean)>",
						"<android.content.res.Resources: android.content.res.ColorStateList getColorStateList(int,android.content.res.Resources$Theme)>",
						"<android.content.res.ResourcesImpl: android.content.res.ColorStateList loadColorStateList(android.content.res.Resources,android.util.TypedValue,int,android.content.res.Resources$Theme)>",
						"<android.content.res.ResourcesImpl: android.content.res.ComplexColor loadComplexColorFromName(android.content.res.Resources,android.content.res.Resources$Theme,android.util.TypedValue,int)>",
						"<android.content.res.ResourcesImpl: android.content.res.ComplexColor loadComplexColorForCookie(android.content.res.Resources,android.util.TypedValue,int,android.content.res.Resources$Theme)>",
						"<android.content.res.ColorStateList: android.content.res.ColorStateList createFromXmlInner(android.content.res.Resources,org.xmlpull.v1.XmlPullParser,android.util.AttributeSet,android.content.res.Resources$Theme)>"
					],
					"depth":8,
					"method":"<android.content.res.XmlBlock$Parser: java.lang.String getAttributeNamespace(int)>",
					"source":"CALLER"
				},
				{
					"trace":[
						"<android.content.res.XmlBlock$Parser: java.lang.String getAttributeName(int)>",
						"<android.content.res.StringBlock: java.lang.CharSequence get(int)>",
						"<android.content.res.StringBlock: java.lang.CharSequence applyStyles(java.lang.String,int[],android.content.res.StringBlock$StyleIDs)>",
						"<android.content.res.StringBlock: android.text.style.CharacterStyle getColor(java.lang.String,boolean)>",
						"<android.content.res.Resources: android.content.res.ColorStateList getColorStateList(int,android.content.res.Resources$Theme)>",
						"<android.content.res.ResourcesImpl: android.content.res.ColorStateList loadColorStateList(android.content.res.Resources,android.util.TypedValue,int,android.content.res.Resources$Theme)>",
						"<android.content.res.ResourcesImpl: android.content.res.ComplexColor loadComplexColorFromName(android.content.res.Resources,android.content.res.Resources$Theme,android.util.TypedValue,int)>",
						"<android.content.res.ResourcesImpl: android.content.res.ComplexColor loadComplexColorForCookie(android.content.res.Resources,android.util.TypedValue,int,android.content.res.Resources$Theme)>",
						"<android.content.res.ColorStateList: android.content.res.ColorStateList createFromXmlInner(android.content.res.Resources,org.xmlpull.v1.XmlPullParser,android.util.AttributeSet,android.content.res.Resources$Theme)>"
					],
					"depth":8,
					"method":"<android.content.res.XmlBlock$Parser: java.lang.String getAttributeName(int)>",
					"source":"CALLER"
				},
				{
					"trace":[
						"<android.content.res.XmlBlock$Parser: java.lang.String getAttributeValue(int)>",
						"<android.content.res.StringBlock: java.lang.CharSequence get(int)>",
						"<android.content.res.StringBlock: java.lang.CharSequence applyStyles(java.lang.String,int[],android.content.res.StringBlock$StyleIDs)>",
						"<android.content.res.StringBlock: android.text.style.CharacterStyle getColor(java.lang.String,boolean)>",
						"<android.content.res.Resources: android.content.res.ColorStateList getColorStateList(int,android.content.res.Resources$Theme)>",
						"<android.content.res.ResourcesImpl: android.content.res.ColorStateList loadColorStateList(android.content.res.Resources,android.util.TypedValue,int,android.content.res.Resources$Theme)>",
						"<android.content.res.ResourcesImpl: android.content.res.ComplexColor loadComplexColorFromName(android.content.res.Resources,android.content.res.Resources$Theme,android.util.TypedValue,int)>",
						"<android.content.res.ResourcesImpl: android.content.res.ComplexColor loadComplexColorForCookie(android.content.res.Resources,android.util.TypedValue,int,android.content.res.Resources$Theme)>",
						"<android.content.res.ColorStateList: android.content.res.ColorStateList createFromXmlInner(android.content.res.Resources,org.xmlpull.v1.XmlPullParser,android.util.AttributeSet,android.content.res.Resources$Theme)>"
					],
					"depth":8,
					"method":"<android.content.res.XmlBlock$Parser: java.lang.String getAttributeValue(int)>",
					"source":"CALLER"
				}
			],
			"callerOfSingnlar2SourceVar":{
				"<android.content.res.ColorStateList: android.content.res.ColorStateList createFromXml(android.content.res.Resources,org.xmlpull.v1.XmlPullParser,android.content.res.Resources$Theme)>":"1",
				"<android.content.res.ColorStateList: android.content.res.ColorStateList createFromXmlInner(android.content.res.Resources,org.xmlpull.v1.XmlPullParser,android.util.AttributeSet,android.content.res.Resources$Theme)>":"1",
				"<android.content.res.ColorStateList: android.content.res.ColorStateList createFromXml(android.content.res.Resources,org.xmlpull.v1.XmlPullParser)>":"1"
			}
		}
	]
}