{
	"exceptions":[
		{
			"method":"<android.filterfw.core.StopWatchMap: void stop(java.lang.String)>",
			"message":"\\QCalling stop with unknown stopWatchName: \\E[\\s\\S]*",
			"relatedVarType":"ParaAndField",
			"relatedCondType":"Basic",
			"modifier":"public",
			"type":"java.lang.RuntimeException",
			"osVersionRelated":false,
			"resourceRelated":false,
			"assessRelated":false,
			"hardwareRelated":false,
			"manifestRelated":false,
			"conditions":"$z1 != 0, $z0 != 0",
			"paramValues":"@parameter0: java.lang.String",
			"fieldValues":"<android.filterfw.core.StopWatchMap: java.util.HashMap mStopWatches>, <android.filterfw.core.StopWatchMap: boolean LOG_MFF_RUNNING_TIMES>",
			"relatedValues":"@parameter0: java.lang.String; <android.filterfw.core.StopWatchMap: java.util.HashMap mStopWatches>, <android.filterfw.core.StopWatchMap: boolean LOG_MFF_RUNNING_TIMES>; ",
			"keyAPISameClassNum":3,
			"keyAPIDiffClassNum":25,
			"keyAPISameClass":[
				{
					"trace":[
						"<android.filterfw.core.StopWatchMap: void stop(java.lang.String)>"
					],
					"depth":1,
					"method":"<android.filterfw.core.StopWatchMap: void <init>()>",
					"source":"FIELD"
				},
				{
					"trace":[
						"<android.filterfw.core.StopWatchMap: void stop(java.lang.String)>"
					],
					"depth":1,
					"method":"<android.filterfw.core.StopWatchMap: void start(java.lang.String)>",
					"source":"FIELD"
				},
				{
					"trace":[
						"<android.filterfw.core.StopWatchMap: void stop(java.lang.String)>"
					],
					"depth":1,
					"method":"<android.filterfw.core.StopWatchMap: void stop(java.lang.String)>",
					"source":"FIELD"
				}
			],
			"keyAPIDiffClass":[
				{
					"trace":[
						"<android.filterfw.core.SyncRunner: void <init>(android.filterfw.core.FilterContext,android.filterfw.core.FilterGraph,java.lang.Class)>",
						"<android.filterfw.core.StopWatchMap: void <init>()>",
						"key field: <android.filterfw.core.StopWatchMap: java.util.HashMap mStopWatches>",
						"<android.filterfw.core.StopWatchMap: void stop(java.lang.String)>"
					],
					"depth":2,
					"method":"<android.filterfw.core.SyncRunner: void <init>(android.filterfw.core.FilterContext,android.filterfw.core.FilterGraph,java.lang.Class)>",
					"source":"FIELDCALLER"
				},
				{
					"trace":[
						"<android.filterfw.core.GLFrameTimer: android.filterfw.core.StopWatchMap get()>",
						"<android.filterfw.core.StopWatchMap: void <init>()>",
						"key field: <android.filterfw.core.StopWatchMap: java.util.HashMap mStopWatches>",
						"<android.filterfw.core.StopWatchMap: void stop(java.lang.String)>"
					],
					"depth":2,
					"method":"<android.filterfw.core.GLFrameTimer: android.filterfw.core.StopWatchMap get()>",
					"source":"FIELDCALLER"
				},
				{
					"trace":[
						"<android.filterfw.core.ShaderProgram: void process(android.filterfw.core.Frame[],android.filterfw.core.Frame)>",
						"<android.filterfw.core.StopWatchMap: void start(java.lang.String)>",
						"key field: <android.filterfw.core.StopWatchMap: java.util.HashMap mStopWatches>",
						"<android.filterfw.core.StopWatchMap: void stop(java.lang.String)>"
					],
					"depth":2,
					"method":"<android.filterfw.core.ShaderProgram: void process(android.filterfw.core.Frame[],android.filterfw.core.Frame)>",
					"source":"FIELDCALLER"
				},
				{
					"trace":[
						"<android.filterfw.core.Program: void process(android.filterfw.core.Frame[],android.filterfw.core.Frame)>",
						"<android.filterfw.core.StopWatchMap: void start(java.lang.String)>",
						"key field: <android.filterfw.core.StopWatchMap: java.util.HashMap mStopWatches>",
						"<android.filterfw.core.StopWatchMap: void stop(java.lang.String)>"
					],
					"depth":2,
					"method":"<android.filterfw.core.Program: void process(android.filterfw.core.Frame[],android.filterfw.core.Frame)>",
					"source":"FIELDCALLER"
				},
				{
					"trace":[
						"<android.filterfw.GraphEnvironment$GraphHandle: android.filterfw.core.GraphRunner getSyncRunner(android.filterfw.core.FilterContext)>",
						"<android.filterfw.core.SyncRunner: void <init>(android.filterfw.core.FilterContext,android.filterfw.core.FilterGraph,java.lang.Class)>",
						"<android.filterfw.core.StopWatchMap: void <init>()>",
						"key field: <android.filterfw.core.StopWatchMap: java.util.HashMap mStopWatches>",
						"<android.filterfw.core.StopWatchMap: void stop(java.lang.String)>"
					],
					"depth":3,
					"method":"<android.filterfw.GraphEnvironment$GraphHandle: android.filterfw.core.GraphRunner getSyncRunner(android.filterfw.core.FilterContext)>",
					"source":"FIELDCALLER"
				},
				{
					"trace":[
						"<android.filterfw.core.AsyncRunner: void setGraph(android.filterfw.core.FilterGraph)>",
						"<android.filterfw.core.SyncRunner: void <init>(android.filterfw.core.FilterContext,android.filterfw.core.FilterGraph,java.lang.Class)>",
						"<android.filterfw.core.StopWatchMap: void <init>()>",
						"key field: <android.filterfw.core.StopWatchMap: java.util.HashMap mStopWatches>",
						"<android.filterfw.core.StopWatchMap: void stop(java.lang.String)>"
					],
					"depth":3,
					"method":"<android.filterfw.core.AsyncRunner: void setGraph(android.filterfw.core.FilterGraph)>",
					"source":"FIELDCALLER"
				},
				{
					"trace":[
						"<android.filterfw.core.ShaderProgram: void <init>(android.filterfw.core.FilterContext,java.lang.String)>",
						"<android.filterfw.core.ShaderProgram: void setTimer()>",
						"<android.filterfw.core.StopWatchMap: void <init>()>",
						"key field: <android.filterfw.core.StopWatchMap: java.util.HashMap mStopWatches>",
						"<android.filterfw.core.StopWatchMap: void stop(java.lang.String)>"
					],
					"depth":3,
					"method":"<android.filterfw.core.ShaderProgram: void <init>(android.filterfw.core.FilterContext,java.lang.String)>",
					"source":"FIELDCALLER"
				},
				{
					"trace":[
						"<android.filterfw.core.ShaderProgram: android.filterfw.core.ShaderProgram createIdentity(android.filterfw.core.FilterContext)>",
						"<android.filterfw.core.ShaderProgram: void setTimer()>",
						"<android.filterfw.core.StopWatchMap: void <init>()>",
						"key field: <android.filterfw.core.StopWatchMap: java.util.HashMap mStopWatches>",
						"<android.filterfw.core.StopWatchMap: void stop(java.lang.String)>"
					],
					"depth":3,
					"method":"<android.filterfw.core.ShaderProgram: android.filterfw.core.ShaderProgram createIdentity(android.filterfw.core.FilterContext)>",
					"source":"FIELDCALLER"
				},
				{
					"trace":[
						"<android.filterfw.core.ShaderProgram: void <init>(android.filterfw.core.FilterContext,java.lang.String,java.lang.String)>",
						"<android.filterfw.core.ShaderProgram: void setTimer()>",
						"<android.filterfw.core.StopWatchMap: void <init>()>",
						"key field: <android.filterfw.core.StopWatchMap: java.util.HashMap mStopWatches>",
						"<android.filterfw.core.StopWatchMap: void stop(java.lang.String)>"
					],
					"depth":3,
					"method":"<android.filterfw.core.ShaderProgram: void <init>(android.filterfw.core.FilterContext,java.lang.String,java.lang.String)>",
					"source":"FIELDCALLER"
				},
				{
					"trace":[
						"<android.filterfw.core.SyncRunner: int step()>",
						"<android.filterfw.core.SyncRunner: boolean performStep()>",
						"<android.filterfw.core.StopWatchMap: void start(java.lang.String)>",
						"key field: <android.filterfw.core.StopWatchMap: java.util.HashMap mStopWatches>",
						"<android.filterfw.core.StopWatchMap: void stop(java.lang.String)>"
					],
					"depth":3,
					"method":"<android.filterfw.core.SyncRunner: int step()>",
					"source":"FIELDCALLER"
				},
				{
					"trace":[
						"<android.filterfw.core.SyncRunner: void run()>",
						"<android.filterfw.core.SyncRunner: boolean performStep()>",
						"<android.filterfw.core.StopWatchMap: void start(java.lang.String)>",
						"key field: <android.filterfw.core.StopWatchMap: java.util.HashMap mStopWatches>",
						"<android.filterfw.core.StopWatchMap: void stop(java.lang.String)>"
					],
					"depth":3,
					"method":"<android.filterfw.core.SyncRunner: void run()>",
					"source":"FIELDCALLER"
				},
				{
					"trace":[
						"<android.filterpacks.videoproc.BackDropperFilter: void process(android.filterfw.core.FilterContext)>",
						"<android.filterfw.core.ShaderProgram: void process(android.filterfw.core.Frame[],android.filterfw.core.Frame)>",
						"<android.filterfw.core.StopWatchMap: void start(java.lang.String)>",
						"key field: <android.filterfw.core.StopWatchMap: java.util.HashMap mStopWatches>",
						"<android.filterfw.core.StopWatchMap: void stop(java.lang.String)>"
					],
					"depth":3,
					"method":"<android.filterpacks.videoproc.BackDropperFilter: void process(android.filterfw.core.FilterContext)>",
					"source":"FIELDCALLER"
				},
				{
					"trace":[
						"<android.filterfw.GraphEnvironment: android.filterfw.core.GraphRunner getRunner(int,int)>",
						"<android.filterfw.GraphEnvironment$GraphHandle: android.filterfw.core.GraphRunner getSyncRunner(android.filterfw.core.FilterContext)>",
						"<android.filterfw.core.SyncRunner: void <init>(android.filterfw.core.FilterContext,android.filterfw.core.FilterGraph,java.lang.Class)>",
						"<android.filterfw.core.StopWatchMap: void <init>()>",
						"key field: <android.filterfw.core.StopWatchMap: java.util.HashMap mStopWatches>",
						"<android.filterfw.core.StopWatchMap: void stop(java.lang.String)>"
					],
					"depth":4,
					"method":"<android.filterfw.GraphEnvironment: android.filterfw.core.GraphRunner getRunner(int,int)>",
					"source":"FIELDCALLER"
				},
				{
					"trace":[
						"<android.filterfw.GraphEnvironment$GraphHandle: android.filterfw.core.AsyncRunner getAsyncRunner(android.filterfw.core.FilterContext)>",
						"<android.filterfw.core.AsyncRunner: void setGraph(android.filterfw.core.FilterGraph)>",
						"<android.filterfw.core.SyncRunner: void <init>(android.filterfw.core.FilterContext,android.filterfw.core.FilterGraph,java.lang.Class)>",
						"<android.filterfw.core.StopWatchMap: void <init>()>",
						"key field: <android.filterfw.core.StopWatchMap: java.util.HashMap mStopWatches>",
						"<android.filterfw.core.StopWatchMap: void stop(java.lang.String)>"
					],
					"depth":4,
					"method":"<android.filterfw.GraphEnvironment$GraphHandle: android.filterfw.core.AsyncRunner getAsyncRunner(android.filterfw.core.FilterContext)>",
					"source":"FIELDCALLER"
				},
				{
					"trace":[
						"<android.filterfw.core.Filter: void process(android.filterfw.core.FilterContext)>",
						"<android.filterfw.core.ShaderProgram: android.filterfw.core.ShaderProgram createIdentity(android.filterfw.core.FilterContext)>",
						"<android.filterfw.core.ShaderProgram: void setTimer()>",
						"<android.filterfw.core.StopWatchMap: void <init>()>",
						"key field: <android.filterfw.core.StopWatchMap: java.util.HashMap mStopWatches>",
						"<android.filterfw.core.StopWatchMap: void stop(java.lang.String)>"
					],
					"depth":4,
					"method":"<android.filterfw.core.Filter: void process(android.filterfw.core.FilterContext)>",
					"source":"FIELDCALLER"
				},
				{
					"trace":[
						"<android.filterfw.core.Frame: int[] getInts()>",
						"<android.filterfw.core.GLFrame: void flushGPU(java.lang.String)>",
						"<android.filterfw.core.GLFrameTimer: android.filterfw.core.StopWatchMap get()>",
						"<android.filterfw.core.StopWatchMap: void <init>()>",
						"key field: <android.filterfw.core.StopWatchMap: java.util.HashMap mStopWatches>",
						"<android.filterfw.core.StopWatchMap: void stop(java.lang.String)>"
					],
					"depth":4,
					"method":"<android.filterfw.core.Frame: int[] getInts()>",
					"source":"FIELDCALLER"
				},
				{
					"trace":[
						"<android.filterfw.core.GLFrame: int[] getInts()>",
						"<android.filterfw.core.GLFrame: void flushGPU(java.lang.String)>",
						"<android.filterfw.core.GLFrameTimer: android.filterfw.core.StopWatchMap get()>",
						"<android.filterfw.core.StopWatchMap: void <init>()>",
						"key field: <android.filterfw.core.StopWatchMap: java.util.HashMap mStopWatches>",
						"<android.filterfw.core.StopWatchMap: void stop(java.lang.String)>"
					],
					"depth":4,
					"method":"<android.filterfw.core.GLFrame: int[] getInts()>",
					"source":"FIELDCALLER"
				},
				{
					"trace":[
						"<android.filterfw.core.Frame: android.graphics.Bitmap getBitmap()>",
						"<android.filterfw.core.GLFrame: void flushGPU(java.lang.String)>",
						"<android.filterfw.core.GLFrameTimer: android.filterfw.core.StopWatchMap get()>",
						"<android.filterfw.core.StopWatchMap: void <init>()>",
						"key field: <android.filterfw.core.StopWatchMap: java.util.HashMap mStopWatches>",
						"<android.filterfw.core.StopWatchMap: void stop(java.lang.String)>"
					],
					"depth":4,
					"method":"<android.filterfw.core.Frame: android.graphics.Bitmap getBitmap()>",
					"source":"FIELDCALLER"
				},
				{
					"trace":[
						"<android.filterfw.core.GLFrame: android.graphics.Bitmap getBitmap()>",
						"<android.filterfw.core.GLFrame: void flushGPU(java.lang.String)>",
						"<android.filterfw.core.GLFrameTimer: android.filterfw.core.StopWatchMap get()>",
						"<android.filterfw.core.StopWatchMap: void <init>()>",
						"key field: <android.filterfw.core.StopWatchMap: java.util.HashMap mStopWatches>",
						"<android.filterfw.core.StopWatchMap: void stop(java.lang.String)>"
					],
					"depth":4,
					"method":"<android.filterfw.core.GLFrame: android.graphics.Bitmap getBitmap()>",
					"source":"FIELDCALLER"
				},
				{
					"trace":[
						"<android.filterfw.core.Frame: java.nio.ByteBuffer getData()>",
						"<android.filterfw.core.GLFrame: void flushGPU(java.lang.String)>",
						"<android.filterfw.core.GLFrameTimer: android.filterfw.core.StopWatchMap get()>",
						"<android.filterfw.core.StopWatchMap: void <init>()>",
						"key field: <android.filterfw.core.StopWatchMap: java.util.HashMap mStopWatches>",
						"<android.filterfw.core.StopWatchMap: void stop(java.lang.String)>"
					],
					"depth":4,
					"method":"<android.filterfw.core.Frame: java.nio.ByteBuffer getData()>",
					"source":"FIELDCALLER"
				},
				{
					"trace":[
						"<android.filterfw.core.GLFrame: java.nio.ByteBuffer getData()>",
						"<android.filterfw.core.GLFrame: void flushGPU(java.lang.String)>",
						"<android.filterfw.core.GLFrameTimer: android.filterfw.core.StopWatchMap get()>",
						"<android.filterfw.core.StopWatchMap: void <init>()>",
						"key field: <android.filterfw.core.StopWatchMap: java.util.HashMap mStopWatches>",
						"<android.filterfw.core.StopWatchMap: void stop(java.lang.String)>"
					],
					"depth":4,
					"method":"<android.filterfw.core.GLFrame: java.nio.ByteBuffer getData()>",
					"source":"FIELDCALLER"
				},
				{
					"trace":[
						"<android.filterfw.core.Frame: float[] getFloats()>",
						"<android.filterfw.core.GLFrame: void flushGPU(java.lang.String)>",
						"<android.filterfw.core.GLFrameTimer: android.filterfw.core.StopWatchMap get()>",
						"<android.filterfw.core.StopWatchMap: void <init>()>",
						"key field: <android.filterfw.core.StopWatchMap: java.util.HashMap mStopWatches>",
						"<android.filterfw.core.StopWatchMap: void stop(java.lang.String)>"
					],
					"depth":4,
					"method":"<android.filterfw.core.Frame: float[] getFloats()>",
					"source":"FIELDCALLER"
				},
				{
					"trace":[
						"<android.filterfw.core.GLFrame: float[] getFloats()>",
						"<android.filterfw.core.GLFrame: void flushGPU(java.lang.String)>",
						"<android.filterfw.core.GLFrameTimer: android.filterfw.core.StopWatchMap get()>",
						"<android.filterfw.core.StopWatchMap: void <init>()>",
						"key field: <android.filterfw.core.StopWatchMap: java.util.HashMap mStopWatches>",
						"<android.filterfw.core.StopWatchMap: void stop(java.lang.String)>"
					],
					"depth":4,
					"method":"<android.filterfw.core.GLFrame: float[] getFloats()>",
					"source":"FIELDCALLER"
				},
				{
					"trace":[
						"<android.filterfw.core.GraphRunner: void run()>",
						"<android.filterfw.core.AsyncRunner$AsyncRunnerTask: java.lang.Object doInBackground(java.lang.Object[])>",
						"<android.filterfw.core.AsyncRunner$AsyncRunnerTask: android.filterfw.core.AsyncRunner$RunnerResult doInBackground(android.filterfw.core.SyncRunner[])>",
						"<android.filterfw.core.SyncRunner: boolean performStep()>",
						"<android.filterfw.core.StopWatchMap: void start(java.lang.String)>",
						"key field: <android.filterfw.core.StopWatchMap: java.util.HashMap mStopWatches>",
						"<android.filterfw.core.StopWatchMap: void stop(java.lang.String)>"
					],
					"depth":5,
					"method":"<android.filterfw.core.GraphRunner: void run()>",
					"source":"FIELDCALLER"
				},
				{
					"trace":[
						"<android.filterfw.core.AsyncRunner: void run()>",
						"<android.filterfw.core.AsyncRunner$AsyncRunnerTask: java.lang.Object doInBackground(java.lang.Object[])>",
						"<android.filterfw.core.AsyncRunner$AsyncRunnerTask: android.filterfw.core.AsyncRunner$RunnerResult doInBackground(android.filterfw.core.SyncRunner[])>",
						"<android.filterfw.core.SyncRunner: boolean performStep()>",
						"<android.filterfw.core.StopWatchMap: void start(java.lang.String)>",
						"key field: <android.filterfw.core.StopWatchMap: java.util.HashMap mStopWatches>",
						"<android.filterfw.core.StopWatchMap: void stop(java.lang.String)>"
					],
					"depth":5,
					"method":"<android.filterfw.core.AsyncRunner: void run()>",
					"source":"FIELDCALLER"
				}
			],
			"callerOfSingnlar2SourceVar":{
				"<android.filterfw.core.StopWatchMap: void stop(java.lang.String)>":"0"
			}
		}
	]
}