{
	"exceptions":[
		{
			"method":"<android.graphics.drawable.Drawable: android.graphics.drawable.Drawable createFromXml(android.content.res.Resources,org.xmlpull.v1.XmlPullParser,android.content.res.Resources$Theme)>",
			"message":"[\\s\\S]*",
			"relatedVarType":"Parameter",
			"relatedCondType":"Basic",
			"modifier":"public",
			"type":"java.lang.Throwable",
			"osVersionRelated":false,
			"resourceRelated":false,
			"assessRelated":false,
			"hardwareRelated":false,
			"manifestRelated":false,
			"conditions":"$i0 == 2, $i0 == 2, $i0 == 1",
			"paramValues":"@parameter1: org.xmlpull.v1.XmlPullParser",
			"relatedValues":"@parameter1: org.xmlpull.v1.XmlPullParser; ; ",
			"keyAPISameClassNum":0,
			"keyAPIDiffClassNum":0,
			"keyAPISameClass":[
				{
					"trace":[
						"<android.graphics.drawable.Drawable: android.graphics.drawable.Drawable createFromXml(android.content.res.Resources,org.xmlpull.v1.XmlPullParser,android.content.res.Resources$Theme)>"
					],
					"depth":0,
					"method":"<android.graphics.drawable.Drawable: android.graphics.drawable.Drawable createFromXml(android.content.res.Resources,org.xmlpull.v1.XmlPullParser,android.content.res.Resources$Theme)>",
					"source":"CALLER"
				},
				{
					"trace":[
						"<android.graphics.drawable.Drawable: android.graphics.drawable.Drawable createFromXml(android.content.res.Resources,org.xmlpull.v1.XmlPullParser)>",
						"<android.graphics.drawable.Drawable: android.graphics.drawable.Drawable createFromXml(android.content.res.Resources,org.xmlpull.v1.XmlPullParser,android.content.res.Resources$Theme)>"
					],
					"depth":1,
					"method":"<android.graphics.drawable.Drawable: android.graphics.drawable.Drawable createFromXml(android.content.res.Resources,org.xmlpull.v1.XmlPullParser)>",
					"source":"CALLER"
				}
			],
			"keyAPIDiffClass":[],
			"callerOfSingnlar2SourceVar":{
				"<android.graphics.drawable.Drawable: android.graphics.drawable.Drawable createFromXml(android.content.res.Resources,org.xmlpull.v1.XmlPullParser)>":"1",
				"<android.graphics.drawable.Drawable: android.graphics.drawable.Drawable createFromXml(android.content.res.Resources,org.xmlpull.v1.XmlPullParser,android.content.res.Resources$Theme)>":"1"
			}
		},
		{
			"method":"<android.graphics.drawable.Drawable: android.graphics.drawable.Drawable createFromXml(android.content.res.Resources,org.xmlpull.v1.XmlPullParser,android.content.res.Resources$Theme)>",
			"message":"\\QUnknown initial tag: \\E[\\s\\S]*",
			"relatedVarType":"Parameter",
			"relatedCondType":"Basic",
			"modifier":"public",
			"type":"java.lang.RuntimeException",
			"osVersionRelated":false,
			"resourceRelated":true,
			"assessRelated":false,
			"hardwareRelated":false,
			"manifestRelated":false,
			"conditions":"r4 != null, $i0 == 2, $i0 == 2",
			"paramValues":"@parameter0: android.content.res.Resources, @parameter1: org.xmlpull.v1.XmlPullParser, @parameter2: android.content.res.Resources$Theme",
			"relatedValues":"@parameter0: android.content.res.Resources, @parameter1: org.xmlpull.v1.XmlPullParser, @parameter2: android.content.res.Resources$Theme; ; ",
			"keyAPISameClassNum":0,
			"keyAPIDiffClassNum":0,
			"keyAPISameClass":[
				{
					"trace":[
						"<android.graphics.drawable.Drawable: android.graphics.drawable.Drawable createFromXml(android.content.res.Resources,org.xmlpull.v1.XmlPullParser,android.content.res.Resources$Theme)>"
					],
					"depth":0,
					"method":"<android.graphics.drawable.Drawable: android.graphics.drawable.Drawable createFromXml(android.content.res.Resources,org.xmlpull.v1.XmlPullParser,android.content.res.Resources$Theme)>",
					"source":"CALLER"
				},
				{
					"trace":[
						"<android.graphics.drawable.Drawable: android.graphics.drawable.Drawable createFromXml(android.content.res.Resources,org.xmlpull.v1.XmlPullParser)>",
						"<android.graphics.drawable.Drawable: android.graphics.drawable.Drawable createFromXml(android.content.res.Resources,org.xmlpull.v1.XmlPullParser,android.content.res.Resources$Theme)>"
					],
					"depth":1,
					"method":"<android.graphics.drawable.Drawable: android.graphics.drawable.Drawable createFromXml(android.content.res.Resources,org.xmlpull.v1.XmlPullParser)>",
					"source":"CALLER"
				}
			],
			"keyAPIDiffClass":[],
			"callerOfSingnlar2SourceVar":{
				"<android.content.res.ResourcesImpl: android.graphics.drawable.Drawable loadDrawable(android.content.res.Resources,android.util.TypedValue,int,android.content.res.Resources$Theme,boolean)>":"0",
				"<android.graphics.drawable.Drawable: android.graphics.drawable.Drawable createFromXml(android.content.res.Resources,org.xmlpull.v1.XmlPullParser)>":"0, 1",
				"<android.graphics.drawable.Drawable: android.graphics.drawable.Drawable createFromXml(android.content.res.Resources,org.xmlpull.v1.XmlPullParser,android.content.res.Resources$Theme)>":"0, 1, 2",
				"<android.content.res.Resources: android.graphics.drawable.Drawable getDrawableForDensity(int,int,android.content.res.Resources$Theme)>":"-1",
				"<android.content.res.Resources: android.graphics.drawable.Drawable loadDrawable(android.util.TypedValue,int,android.content.res.Resources$Theme)>":"-1",
				"<android.content.res.ResourcesImpl: android.graphics.drawable.Drawable loadDrawableForCookie(android.content.res.Resources,android.util.TypedValue,int,android.content.res.Resources$Theme)>":"0, 3",
				"<android.content.res.Resources: android.graphics.drawable.Drawable getDrawable(int,android.content.res.Resources$Theme)>":"-1"
			}
		},
		{
			"method":"<android.graphics.drawable.Drawable: void rethrowAsRuntimeException(java.lang.Exception)>",
			"message":"[\\s\\S]*",
			"relatedVarType":"Empty",
			"relatedCondType":"Empty",
			"modifier":"default",
			"type":"java.lang.RuntimeException",
			"osVersionRelated":false,
			"resourceRelated":false,
			"assessRelated":false,
			"hardwareRelated":false,
			"manifestRelated":false,
			"keyAPISameClassNum":0,
			"keyAPIDiffClassNum":0,
			"keyAPISameClass":[],
			"keyAPIDiffClass":[],
			"callerOfSingnlar2SourceVar":{}
		}
	]
}