{
	"exceptions":[
		{
			"method":"<android.app.ActivityManager: int getFrontActivityScreenCompatMode()>",
			"message":"[\\s\\S]*",
			"relatedVarType":"Unknown",
			"relatedCondType":"Empty",
			"modifier":"public",
			"type":"java.lang.RuntimeException",
			"osVersionRelated":false,
			"resourceRelated":false,
			"assessRelated":false,
			"hardwareRelated":false,
			"manifestRelated":false,
			"caughtValues":"@caughtexception",
			"relatedValues":"; ; @caughtexception",
			"keyAPISameClassNum":0,
			"keyAPIDiffClassNum":0,
			"keyAPISameClass":[],
			"keyAPIDiffClass":[],
			"callerOfSingnlar2SourceVar":{}
		},
		{
			"method":"<android.app.ActivityManager: void setFrontActivityScreenCompatMode(int)>",
			"message":"[\\s\\S]*",
			"relatedVarType":"Unknown",
			"relatedCondType":"Empty",
			"modifier":"public",
			"type":"java.lang.RuntimeException",
			"osVersionRelated":false,
			"resourceRelated":false,
			"assessRelated":false,
			"hardwareRelated":false,
			"manifestRelated":false,
			"caughtValues":"@caughtexception",
			"relatedValues":"; ; @caughtexception",
			"keyAPISameClassNum":0,
			"keyAPIDiffClassNum":0,
			"keyAPISameClass":[],
			"keyAPIDiffClass":[],
			"callerOfSingnlar2SourceVar":{}
		},
		{
			"method":"<android.app.ActivityManager: int getPackageScreenCompatMode(java.lang.String)>",
			"message":"[\\s\\S]*",
			"relatedVarType":"Unknown",
			"relatedCondType":"Empty",
			"modifier":"public",
			"type":"java.lang.RuntimeException",
			"osVersionRelated":false,
			"resourceRelated":false,
			"assessRelated":false,
			"hardwareRelated":false,
			"manifestRelated":false,
			"caughtValues":"@caughtexception",
			"relatedValues":"; ; @caughtexception",
			"keyAPISameClassNum":0,
			"keyAPIDiffClassNum":0,
			"keyAPISameClass":[],
			"keyAPIDiffClass":[],
			"callerOfSingnlar2SourceVar":{}
		},
		{
			"method":"<android.app.ActivityManager: void setPackageScreenCompatMode(java.lang.String,int)>",
			"message":"[\\s\\S]*",
			"relatedVarType":"Unknown",
			"relatedCondType":"Empty",
			"modifier":"public",
			"type":"java.lang.RuntimeException",
			"osVersionRelated":false,
			"resourceRelated":false,
			"assessRelated":false,
			"hardwareRelated":false,
			"manifestRelated":false,
			"caughtValues":"@caughtexception",
			"relatedValues":"; ; @caughtexception",
			"keyAPISameClassNum":0,
			"keyAPIDiffClassNum":0,
			"keyAPISameClass":[],
			"keyAPIDiffClass":[],
			"callerOfSingnlar2SourceVar":{}
		},
		{
			"method":"<android.app.ActivityManager: boolean getPackageAskScreenCompat(java.lang.String)>",
			"message":"[\\s\\S]*",
			"relatedVarType":"Unknown",
			"relatedCondType":"Empty",
			"modifier":"public",
			"type":"java.lang.RuntimeException",
			"osVersionRelated":false,
			"resourceRelated":false,
			"assessRelated":false,
			"hardwareRelated":false,
			"manifestRelated":false,
			"caughtValues":"@caughtexception",
			"relatedValues":"; ; @caughtexception",
			"keyAPISameClassNum":0,
			"keyAPIDiffClassNum":0,
			"keyAPISameClass":[],
			"keyAPIDiffClass":[],
			"callerOfSingnlar2SourceVar":{}
		},
		{
			"method":"<android.app.ActivityManager: void setPackageAskScreenCompat(java.lang.String,boolean)>",
			"message":"[\\s\\S]*",
			"relatedVarType":"Unknown",
			"relatedCondType":"Empty",
			"modifier":"public",
			"type":"java.lang.RuntimeException",
			"osVersionRelated":false,
			"resourceRelated":false,
			"assessRelated":false,
			"hardwareRelated":false,
			"manifestRelated":false,
			"caughtValues":"@caughtexception",
			"relatedValues":"; ; @caughtexception",
			"keyAPISameClassNum":0,
			"keyAPIDiffClassNum":0,
			"keyAPISameClass":[],
			"keyAPIDiffClass":[],
			"callerOfSingnlar2SourceVar":{}
		},
		{
			"method":"<android.app.ActivityManager: java.util.List getRecentTasks(int,int)>",
			"message":"[\\s\\S]*",
			"relatedVarType":"Unknown",
			"relatedCondType":"Empty",
			"modifier":"public",
			"type":"java.lang.RuntimeException",
			"osVersionRelated":false,
			"resourceRelated":false,
			"assessRelated":false,
			"hardwareRelated":false,
			"manifestRelated":false,
			"caughtValues":"@caughtexception",
			"relatedValues":"; ; @caughtexception",
			"keyAPISameClassNum":0,
			"keyAPIDiffClassNum":0,
			"keyAPISameClass":[],
			"keyAPIDiffClass":[],
			"callerOfSingnlar2SourceVar":{}
		},
		{
			"method":"<android.app.ActivityManager: java.util.List getRecentTasksForUser(int,int,int)>",
			"message":"[\\s\\S]*",
			"relatedVarType":"Unknown",
			"relatedCondType":"Empty",
			"modifier":"public",
			"type":"java.lang.RuntimeException",
			"osVersionRelated":false,
			"resourceRelated":false,
			"assessRelated":false,
			"hardwareRelated":false,
			"manifestRelated":false,
			"caughtValues":"@caughtexception",
			"relatedValues":"; ; @caughtexception",
			"keyAPISameClassNum":0,
			"keyAPIDiffClassNum":0,
			"keyAPISameClass":[],
			"keyAPIDiffClass":[],
			"callerOfSingnlar2SourceVar":{}
		},
		{
			"method":"<android.app.ActivityManager: java.util.List getAppTasks()>",
			"message":"[\\s\\S]*",
			"relatedVarType":"Field",
			"relatedCondType":"NotReturn",
			"modifier":"public",
			"type":"java.lang.RuntimeException",
			"osVersionRelated":false,
			"resourceRelated":false,
			"assessRelated":false,
			"hardwareRelated":false,
			"manifestRelated":false,
			"conditions":"i1 >= i0",
			"fieldValues":"<android.app.ActivityManager: android.content.Context mContext>",
			"caughtValues":"@caughtexception",
			"relatedValues":"; <android.app.ActivityManager: android.content.Context mContext>; @caughtexception",
			"keyAPISameClassNum":6,
			"keyAPIDiffClassNum":39,
			"keyAPISameClass":[
				{
					"trace":[
						"<android.app.ActivityManager: java.util.List getAppTasks()>"
					],
					"depth":1,
					"method":"<android.app.ActivityManager: java.util.List getAppTasks()>",
					"source":"FIELD"
				},
				{
					"trace":[
						"<android.app.ActivityManager: java.util.List getAppTasks()>"
					],
					"depth":1,
					"method":"<android.app.ActivityManager: boolean clearApplicationUserData()>",
					"source":"FIELD"
				},
				{
					"trace":[
						"<android.app.ActivityManager: java.util.List getAppTasks()>"
					],
					"depth":1,
					"method":"<android.app.ActivityManager: int getPackageImportance(java.lang.String)>",
					"source":"FIELD"
				},
				{
					"trace":[
						"<android.app.ActivityManager: java.util.List getAppTasks()>"
					],
					"depth":1,
					"method":"<android.app.ActivityManager: int getLauncherLargeIconDensity()>",
					"source":"FIELD"
				},
				{
					"trace":[
						"<android.app.ActivityManager: java.util.List getAppTasks()>"
					],
					"depth":1,
					"method":"<android.app.ActivityManager: int getLauncherLargeIconSize()>",
					"source":"FIELD"
				},
				{
					"trace":[
						"<android.app.ActivityManager: java.util.List getAppTasks()>"
					],
					"depth":1,
					"method":"<android.app.ActivityManager: void setWatchHeapLimit(long)>",
					"source":"FIELD"
				}
			],
			"keyAPIDiffClass":[
				{
					"trace":[
						"<android.app.SystemServiceRegistry$4: android.app.ActivityManager createService(android.app.ContextImpl)>",
						"<android.app.ActivityManager: void <init>(android.content.Context,android.os.Handler)>",
						"key field: <android.app.ActivityManager: android.content.Context mContext>",
						"<android.app.ActivityManager: java.util.List getAppTasks()>"
					],
					"depth":2,
					"method":"<android.app.SystemServiceRegistry$4: android.app.ActivityManager createService(android.app.ContextImpl)>",
					"source":"FIELDCALLER"
				},
				{
					"trace":[
						"<android.app.SystemServiceRegistry$4: java.lang.Object createService(android.app.ContextImpl)>",
						"<android.app.SystemServiceRegistry$4: android.app.ActivityManager createService(android.app.ContextImpl)>",
						"<android.app.ActivityManager: void <init>(android.content.Context,android.os.Handler)>",
						"key field: <android.app.ActivityManager: android.content.Context mContext>",
						"<android.app.ActivityManager: java.util.List getAppTasks()>"
					],
					"depth":3,
					"method":"<android.app.SystemServiceRegistry$4: java.lang.Object createService(android.app.ContextImpl)>",
					"source":"FIELDCALLER"
				},
				{
					"trace":[
						"<android.app.SystemServiceRegistry$CachedServiceFetcher: java.lang.Object createService(android.app.ContextImpl)>",
						"<android.app.SystemServiceRegistry$4: android.app.ActivityManager createService(android.app.ContextImpl)>",
						"<android.app.ActivityManager: void <init>(android.content.Context,android.os.Handler)>",
						"key field: <android.app.ActivityManager: android.content.Context mContext>",
						"<android.app.ActivityManager: java.util.List getAppTasks()>"
					],
					"depth":3,
					"method":"<android.app.SystemServiceRegistry$CachedServiceFetcher: java.lang.Object createService(android.app.ContextImpl)>",
					"source":"FIELDCALLER"
				},
				{
					"trace":[
						"<android.app.SystemServiceRegistry$CachedServiceFetcher: java.lang.Object getService(android.app.ContextImpl)>",
						"<android.app.SystemServiceRegistry$4: java.lang.Object createService(android.app.ContextImpl)>",
						"<android.app.SystemServiceRegistry$4: android.app.ActivityManager createService(android.app.ContextImpl)>",
						"<android.app.ActivityManager: void <init>(android.content.Context,android.os.Handler)>",
						"key field: <android.app.ActivityManager: android.content.Context mContext>",
						"<android.app.ActivityManager: java.util.List getAppTasks()>"
					],
					"depth":4,
					"method":"<android.app.SystemServiceRegistry$CachedServiceFetcher: java.lang.Object getService(android.app.ContextImpl)>",
					"source":"FIELDCALLER"
				},
				{
					"trace":[
						"<android.app.SystemServiceRegistry$ServiceFetcher: java.lang.Object getService(android.app.ContextImpl)>",
						"<android.app.SystemServiceRegistry$4: java.lang.Object createService(android.app.ContextImpl)>",
						"<android.app.SystemServiceRegistry$4: android.app.ActivityManager createService(android.app.ContextImpl)>",
						"<android.app.ActivityManager: void <init>(android.content.Context,android.os.Handler)>",
						"key field: <android.app.ActivityManager: android.content.Context mContext>",
						"<android.app.ActivityManager: java.util.List getAppTasks()>"
					],
					"depth":4,
					"method":"<android.app.SystemServiceRegistry$ServiceFetcher: java.lang.Object getService(android.app.ContextImpl)>",
					"source":"FIELDCALLER"
				},
				{
					"trace":[
						"<android.app.SystemServiceRegistry: java.lang.Object getSystemService(android.app.ContextImpl,java.lang.String)>",
						"<android.app.SystemServiceRegistry$CachedServiceFetcher: java.lang.Object getService(android.app.ContextImpl)>",
						"<android.app.SystemServiceRegistry$4: java.lang.Object createService(android.app.ContextImpl)>",
						"<android.app.SystemServiceRegistry$4: android.app.ActivityManager createService(android.app.ContextImpl)>",
						"<android.app.ActivityManager: void <init>(android.content.Context,android.os.Handler)>",
						"key field: <android.app.ActivityManager: android.content.Context mContext>",
						"<android.app.ActivityManager: java.util.List getAppTasks()>"
					],
					"depth":5,
					"method":"<android.app.SystemServiceRegistry: java.lang.Object getSystemService(android.app.ContextImpl,java.lang.String)>",
					"source":"FIELDCALLER"
				},
				{
					"trace":[
						"<android.app.ContextImpl: java.lang.Object getSystemService(java.lang.String)>",
						"<android.app.SystemServiceRegistry: java.lang.Object getSystemService(android.app.ContextImpl,java.lang.String)>",
						"<android.app.SystemServiceRegistry$CachedServiceFetcher: java.lang.Object getService(android.app.ContextImpl)>",
						"<android.app.SystemServiceRegistry$4: java.lang.Object createService(android.app.ContextImpl)>",
						"<android.app.SystemServiceRegistry$4: android.app.ActivityManager createService(android.app.ContextImpl)>",
						"<android.app.ActivityManager: void <init>(android.content.Context,android.os.Handler)>",
						"key field: <android.app.ActivityManager: android.content.Context mContext>",
						"<android.app.ActivityManager: java.util.List getAppTasks()>"
					],
					"depth":6,
					"method":"<android.app.ContextImpl: java.lang.Object getSystemService(java.lang.String)>",
					"source":"FIELDCALLER"
				},
				{
					"trace":[
						"<android.content.Context: java.lang.Object getSystemService(java.lang.String)>",
						"<android.app.SystemServiceRegistry: java.lang.Object getSystemService(android.app.ContextImpl,java.lang.String)>",
						"<android.app.SystemServiceRegistry$CachedServiceFetcher: java.lang.Object getService(android.app.ContextImpl)>",
						"<android.app.SystemServiceRegistry$4: java.lang.Object createService(android.app.ContextImpl)>",
						"<android.app.SystemServiceRegistry$4: android.app.ActivityManager createService(android.app.ContextImpl)>",
						"<android.app.ActivityManager: void <init>(android.content.Context,android.os.Handler)>",
						"key field: <android.app.ActivityManager: android.content.Context mContext>",
						"<android.app.ActivityManager: java.util.List getAppTasks()>"
					],
					"depth":6,
					"method":"<android.content.Context: java.lang.Object getSystemService(java.lang.String)>",
					"source":"FIELDCALLER"
				},
				{
					"trace":[
						"<android.app.Dialog: boolean onSearchRequested()>",
						"<android.app.ContextImpl: java.lang.Object getSystemService(java.lang.String)>",
						"<android.app.SystemServiceRegistry: java.lang.Object getSystemService(android.app.ContextImpl,java.lang.String)>",
						"<android.app.SystemServiceRegistry$CachedServiceFetcher: java.lang.Object getService(android.app.ContextImpl)>",
						"<android.app.SystemServiceRegistry$4: java.lang.Object createService(android.app.ContextImpl)>",
						"<android.app.SystemServiceRegistry$4: android.app.ActivityManager createService(android.app.ContextImpl)>",
						"<android.app.ActivityManager: void <init>(android.content.Context,android.os.Handler)>",
						"key field: <android.app.ActivityManager: android.content.Context mContext>",
						"<android.app.ActivityManager: java.util.List getAppTasks()>"
					],
					"depth":7,
					"method":"<android.app.Dialog: boolean onSearchRequested()>",
					"source":"FIELDCALLER"
				},
				{
					"trace":[
						"<android.view.Window$Callback: boolean onSearchRequested()>",
						"<android.app.ContextImpl: java.lang.Object getSystemService(java.lang.String)>",
						"<android.app.SystemServiceRegistry: java.lang.Object getSystemService(android.app.ContextImpl,java.lang.String)>",
						"<android.app.SystemServiceRegistry$CachedServiceFetcher: java.lang.Object getService(android.app.ContextImpl)>",
						"<android.app.SystemServiceRegistry$4: java.lang.Object createService(android.app.ContextImpl)>",
						"<android.app.SystemServiceRegistry$4: android.app.ActivityManager createService(android.app.ContextImpl)>",
						"<android.app.ActivityManager: void <init>(android.content.Context,android.os.Handler)>",
						"key field: <android.app.ActivityManager: android.content.Context mContext>",
						"<android.app.ActivityManager: java.util.List getAppTasks()>"
					],
					"depth":7,
					"method":"<android.view.Window$Callback: boolean onSearchRequested()>",
					"source":"FIELDCALLER"
				},
				{
					"trace":[
						"<android.view.Window$Callback: boolean onSearchRequested(android.view.SearchEvent)>",
						"<android.app.ContextImpl: java.lang.Object getSystemService(java.lang.String)>",
						"<android.app.SystemServiceRegistry: java.lang.Object getSystemService(android.app.ContextImpl,java.lang.String)>",
						"<android.app.SystemServiceRegistry$CachedServiceFetcher: java.lang.Object getService(android.app.ContextImpl)>",
						"<android.app.SystemServiceRegistry$4: java.lang.Object createService(android.app.ContextImpl)>",
						"<android.app.SystemServiceRegistry$4: android.app.ActivityManager createService(android.app.ContextImpl)>",
						"<android.app.ActivityManager: void <init>(android.content.Context,android.os.Handler)>",
						"key field: <android.app.ActivityManager: android.content.Context mContext>",
						"<android.app.ActivityManager: java.util.List getAppTasks()>"
					],
					"depth":7,
					"method":"<android.view.Window$Callback: boolean onSearchRequested(android.view.SearchEvent)>",
					"source":"FIELDCALLER"
				},
				{
					"trace":[
						"<android.app.MediaRouteButton: void <init>(android.content.Context,android.util.AttributeSet,int,int)>",
						"<android.app.ContextImpl: java.lang.Object getSystemService(java.lang.String)>",
						"<android.app.SystemServiceRegistry: java.lang.Object getSystemService(android.app.ContextImpl,java.lang.String)>",
						"<android.app.SystemServiceRegistry$CachedServiceFetcher: java.lang.Object getService(android.app.ContextImpl)>",
						"<android.app.SystemServiceRegistry$4: java.lang.Object createService(android.app.ContextImpl)>",
						"<android.app.SystemServiceRegistry$4: android.app.ActivityManager createService(android.app.ContextImpl)>",
						"<android.app.ActivityManager: void <init>(android.content.Context,android.os.Handler)>",
						"key field: <android.app.ActivityManager: android.content.Context mContext>",
						"<android.app.ActivityManager: java.util.List getAppTasks()>"
					],
					"depth":7,
					"method":"<android.app.MediaRouteButton: void <init>(android.content.Context,android.util.AttributeSet,int,int)>",
					"source":"FIELDCALLER"
				},
				{
					"trace":[
						"<android.app.FragmentHostCallback: android.view.LayoutInflater onGetLayoutInflater()>",
						"<android.app.ContextImpl: java.lang.Object getSystemService(java.lang.String)>",
						"<android.app.SystemServiceRegistry: java.lang.Object getSystemService(android.app.ContextImpl,java.lang.String)>",
						"<android.app.SystemServiceRegistry$CachedServiceFetcher: java.lang.Object getService(android.app.ContextImpl)>",
						"<android.app.SystemServiceRegistry$4: java.lang.Object createService(android.app.ContextImpl)>",
						"<android.app.SystemServiceRegistry$4: android.app.ActivityManager createService(android.app.ContextImpl)>",
						"<android.app.ActivityManager: void <init>(android.content.Context,android.os.Handler)>",
						"key field: <android.app.ActivityManager: android.content.Context mContext>",
						"<android.app.ActivityManager: java.util.List getAppTasks()>"
					],
					"depth":7,
					"method":"<android.app.FragmentHostCallback: android.view.LayoutInflater onGetLayoutInflater()>",
					"source":"FIELDCALLER"
				},
				{
					"trace":[
						"<android.app.backup.WallpaperBackupHelper: void <init>(android.content.Context,java.lang.String[],java.lang.String[])>",
						"<android.app.ContextImpl: java.lang.Object getSystemService(java.lang.String)>",
						"<android.app.SystemServiceRegistry: java.lang.Object getSystemService(android.app.ContextImpl,java.lang.String)>",
						"<android.app.SystemServiceRegistry$CachedServiceFetcher: java.lang.Object getService(android.app.ContextImpl)>",
						"<android.app.SystemServiceRegistry$4: java.lang.Object createService(android.app.ContextImpl)>",
						"<android.app.SystemServiceRegistry$4: android.app.ActivityManager createService(android.app.ContextImpl)>",
						"<android.app.ActivityManager: void <init>(android.content.Context,android.os.Handler)>",
						"key field: <android.app.ActivityManager: android.content.Context mContext>",
						"<android.app.ActivityManager: java.util.List getAppTasks()>"
					],
					"depth":7,
					"method":"<android.app.backup.WallpaperBackupHelper: void <init>(android.content.Context,java.lang.String[],java.lang.String[])>",
					"source":"FIELDCALLER"
				},
				{
					"trace":[
						"<android.app.DialogFragment: android.view.LayoutInflater getLayoutInflater(android.os.Bundle)>",
						"<android.app.ContextImpl: java.lang.Object getSystemService(java.lang.String)>",
						"<android.app.SystemServiceRegistry: java.lang.Object getSystemService(android.app.ContextImpl,java.lang.String)>",
						"<android.app.SystemServiceRegistry$CachedServiceFetcher: java.lang.Object getService(android.app.ContextImpl)>",
						"<android.app.SystemServiceRegistry$4: java.lang.Object createService(android.app.ContextImpl)>",
						"<android.app.SystemServiceRegistry$4: android.app.ActivityManager createService(android.app.ContextImpl)>",
						"<android.app.ActivityManager: void <init>(android.content.Context,android.os.Handler)>",
						"key field: <android.app.ActivityManager: android.content.Context mContext>",
						"<android.app.ActivityManager: java.util.List getAppTasks()>"
					],
					"depth":7,
					"method":"<android.app.DialogFragment: android.view.LayoutInflater getLayoutInflater(android.os.Bundle)>",
					"source":"FIELDCALLER"
				},
				{
					"trace":[
						"<android.view.ContextThemeWrapper: java.lang.Object getSystemService(java.lang.String)>",
						"<android.app.ContextImpl: java.lang.Object getSystemService(java.lang.String)>",
						"<android.app.SystemServiceRegistry: java.lang.Object getSystemService(android.app.ContextImpl,java.lang.String)>",
						"<android.app.SystemServiceRegistry$CachedServiceFetcher: java.lang.Object getService(android.app.ContextImpl)>",
						"<android.app.SystemServiceRegistry$4: java.lang.Object createService(android.app.ContextImpl)>",
						"<android.app.SystemServiceRegistry$4: android.app.ActivityManager createService(android.app.ContextImpl)>",
						"<android.app.ActivityManager: void <init>(android.content.Context,android.os.Handler)>",
						"key field: <android.app.ActivityManager: android.content.Context mContext>",
						"<android.app.ActivityManager: java.util.List getAppTasks()>"
					],
					"depth":7,
					"method":"<android.view.ContextThemeWrapper: java.lang.Object getSystemService(java.lang.String)>",
					"source":"FIELDCALLER"
				},
				{
					"trace":[
						"<android.app.ActivityThread$DropBoxReporter: void addData(java.lang.String,byte[],int)>",
						"<android.app.ActivityThread$DropBoxReporter: void ensureInitialized()>",
						"<android.app.ContextImpl: java.lang.Object getSystemService(java.lang.String)>",
						"<android.app.SystemServiceRegistry: java.lang.Object getSystemService(android.app.ContextImpl,java.lang.String)>",
						"<android.app.SystemServiceRegistry$CachedServiceFetcher: java.lang.Object getService(android.app.ContextImpl)>",
						"<android.app.SystemServiceRegistry$4: java.lang.Object createService(android.app.ContextImpl)>",
						"<android.app.SystemServiceRegistry$4: android.app.ActivityManager createService(android.app.ContextImpl)>",
						"<android.app.ActivityManager: void <init>(android.content.Context,android.os.Handler)>",
						"key field: <android.app.ActivityManager: android.content.Context mContext>",
						"<android.app.ActivityManager: java.util.List getAppTasks()>"
					],
					"depth":8,
					"method":"<android.app.ActivityThread$DropBoxReporter: void addData(java.lang.String,byte[],int)>",
					"source":"FIELDCALLER"
				},
				{
					"trace":[
						"<android.app.ActivityThread$DropBoxReporter: void addText(java.lang.String,java.lang.String)>",
						"<android.app.ActivityThread$DropBoxReporter: void ensureInitialized()>",
						"<android.app.ContextImpl: java.lang.Object getSystemService(java.lang.String)>",
						"<android.app.SystemServiceRegistry: java.lang.Object getSystemService(android.app.ContextImpl,java.lang.String)>",
						"<android.app.SystemServiceRegistry$CachedServiceFetcher: java.lang.Object getService(android.app.ContextImpl)>",
						"<android.app.SystemServiceRegistry$4: java.lang.Object createService(android.app.ContextImpl)>",
						"<android.app.SystemServiceRegistry$4: android.app.ActivityManager createService(android.app.ContextImpl)>",
						"<android.app.ActivityManager: void <init>(android.content.Context,android.os.Handler)>",
						"key field: <android.app.ActivityManager: android.content.Context mContext>",
						"<android.app.ActivityManager: java.util.List getAppTasks()>"
					],
					"depth":8,
					"method":"<android.app.ActivityThread$DropBoxReporter: void addText(java.lang.String,java.lang.String)>",
					"source":"FIELDCALLER"
				},
				{
					"trace":[
						"<android.view.WindowCallbackWrapper: boolean onSearchRequested()>",
						"<android.app.Dialog: boolean onSearchRequested()>",
						"<android.app.ContextImpl: java.lang.Object getSystemService(java.lang.String)>",
						"<android.app.SystemServiceRegistry: java.lang.Object getSystemService(android.app.ContextImpl,java.lang.String)>",
						"<android.app.SystemServiceRegistry$CachedServiceFetcher: java.lang.Object getService(android.app.ContextImpl)>",
						"<android.app.SystemServiceRegistry$4: java.lang.Object createService(android.app.ContextImpl)>",
						"<android.app.SystemServiceRegistry$4: android.app.ActivityManager createService(android.app.ContextImpl)>",
						"<android.app.ActivityManager: void <init>(android.content.Context,android.os.Handler)>",
						"key field: <android.app.ActivityManager: android.content.Context mContext>",
						"<android.app.ActivityManager: java.util.List getAppTasks()>"
					],
					"depth":8,
					"method":"<android.view.WindowCallbackWrapper: boolean onSearchRequested()>",
					"source":"FIELDCALLER"
				},
				{
					"trace":[
						"<android.app.Dialog: boolean onSearchRequested(android.view.SearchEvent)>",
						"<android.app.Dialog: boolean onSearchRequested()>",
						"<android.app.ContextImpl: java.lang.Object getSystemService(java.lang.String)>",
						"<android.app.SystemServiceRegistry: java.lang.Object getSystemService(android.app.ContextImpl,java.lang.String)>",
						"<android.app.SystemServiceRegistry$CachedServiceFetcher: java.lang.Object getService(android.app.ContextImpl)>",
						"<android.app.SystemServiceRegistry$4: java.lang.Object createService(android.app.ContextImpl)>",
						"<android.app.SystemServiceRegistry$4: android.app.ActivityManager createService(android.app.ContextImpl)>",
						"<android.app.ActivityManager: void <init>(android.content.Context,android.os.Handler)>",
						"key field: <android.app.ActivityManager: android.content.Context mContext>",
						"<android.app.ActivityManager: java.util.List getAppTasks()>"
					],
					"depth":8,
					"method":"<android.app.Dialog: boolean onSearchRequested(android.view.SearchEvent)>",
					"source":"FIELDCALLER"
				},
				{
					"trace":[
						"<android.app.MediaRouteButton: void <init>(android.content.Context,android.util.AttributeSet,int)>",
						"<android.app.MediaRouteButton: void <init>(android.content.Context,android.util.AttributeSet,int,int)>",
						"<android.app.ContextImpl: java.lang.Object getSystemService(java.lang.String)>",
						"<android.app.SystemServiceRegistry: java.lang.Object getSystemService(android.app.ContextImpl,java.lang.String)>",
						"<android.app.SystemServiceRegistry$CachedServiceFetcher: java.lang.Object getService(android.app.ContextImpl)>",
						"<android.app.SystemServiceRegistry$4: java.lang.Object createService(android.app.ContextImpl)>",
						"<android.app.SystemServiceRegistry$4: android.app.ActivityManager createService(android.app.ContextImpl)>",
						"<android.app.ActivityManager: void <init>(android.content.Context,android.os.Handler)>",
						"key field: <android.app.ActivityManager: android.content.Context mContext>",
						"<android.app.ActivityManager: java.util.List getAppTasks()>"
					],
					"depth":8,
					"method":"<android.app.MediaRouteButton: void <init>(android.content.Context,android.util.AttributeSet,int)>",
					"source":"FIELDCALLER"
				},
				{
					"trace":[
						"<android.app.Dialog: void <init>(android.content.Context)>",
						"<android.app.Dialog: void <init>(android.content.Context,int,boolean)>",
						"<android.app.ContextImpl: java.lang.Object getSystemService(java.lang.String)>",
						"<android.app.SystemServiceRegistry: java.lang.Object getSystemService(android.app.ContextImpl,java.lang.String)>",
						"<android.app.SystemServiceRegistry$CachedServiceFetcher: java.lang.Object getService(android.app.ContextImpl)>",
						"<android.app.SystemServiceRegistry$4: java.lang.Object createService(android.app.ContextImpl)>",
						"<android.app.SystemServiceRegistry$4: android.app.ActivityManager createService(android.app.ContextImpl)>",
						"<android.app.ActivityManager: void <init>(android.content.Context,android.os.Handler)>",
						"key field: <android.app.ActivityManager: android.content.Context mContext>",
						"<android.app.ActivityManager: java.util.List getAppTasks()>"
					],
					"depth":8,
					"method":"<android.app.Dialog: void <init>(android.content.Context)>",
					"source":"FIELDCALLER"
				},
				{
					"trace":[
						"<android.app.Presentation: void <init>(android.content.Context,android.view.Display,int)>",
						"<android.app.Dialog: void <init>(android.content.Context,int,boolean)>",
						"<android.app.ContextImpl: java.lang.Object getSystemService(java.lang.String)>",
						"<android.app.SystemServiceRegistry: java.lang.Object getSystemService(android.app.ContextImpl,java.lang.String)>",
						"<android.app.SystemServiceRegistry$CachedServiceFetcher: java.lang.Object getService(android.app.ContextImpl)>",
						"<android.app.SystemServiceRegistry$4: java.lang.Object createService(android.app.ContextImpl)>",
						"<android.app.SystemServiceRegistry$4: android.app.ActivityManager createService(android.app.ContextImpl)>",
						"<android.app.ActivityManager: void <init>(android.content.Context,android.os.Handler)>",
						"key field: <android.app.ActivityManager: android.content.Context mContext>",
						"<android.app.ActivityManager: java.util.List getAppTasks()>"
					],
					"depth":8,
					"method":"<android.app.Presentation: void <init>(android.content.Context,android.view.Display,int)>",
					"source":"FIELDCALLER"
				},
				{
					"trace":[
						"<android.app.Dialog: void <init>(android.content.Context,int)>",
						"<android.app.Dialog: void <init>(android.content.Context,int,boolean)>",
						"<android.app.ContextImpl: java.lang.Object getSystemService(java.lang.String)>",
						"<android.app.SystemServiceRegistry: java.lang.Object getSystemService(android.app.ContextImpl,java.lang.String)>",
						"<android.app.SystemServiceRegistry$CachedServiceFetcher: java.lang.Object getService(android.app.ContextImpl)>",
						"<android.app.SystemServiceRegistry$4: java.lang.Object createService(android.app.ContextImpl)>",
						"<android.app.SystemServiceRegistry$4: android.app.ActivityManager createService(android.app.ContextImpl)>",
						"<android.app.ActivityManager: void <init>(android.content.Context,android.os.Handler)>",
						"key field: <android.app.ActivityManager: android.content.Context mContext>",
						"<android.app.ActivityManager: java.util.List getAppTasks()>"
					],
					"depth":8,
					"method":"<android.app.Dialog: void <init>(android.content.Context,int)>",
					"source":"FIELDCALLER"
				},
				{
					"trace":[
						"<android.app.Instrumentation: android.app.Activity newActivity(java.lang.Class,android.content.Context,android.os.IBinder,android.app.Application,android.content.Intent,android.content.pm.ActivityInfo,java.lang.CharSequence,android.app.Activity,java.lang.String,java.lang.Object)>",
						"<android.app.Activity: void attach(android.content.Context,android.app.ActivityThread,android.app.Instrumentation,android.os.IBinder,int,android.app.Application,android.content.Intent,android.content.pm.ActivityInfo,java.lang.CharSequence,android.app.Activity,java.lang.String,android.app.Activity$NonConfigurationInstances,android.content.res.Configuration,java.lang.String,com.android.internal.app.IVoiceInteractor,android.view.Window)>",
						"<android.app.ContextImpl: java.lang.Object getSystemService(java.lang.String)>",
						"<android.app.SystemServiceRegistry: java.lang.Object getSystemService(android.app.ContextImpl,java.lang.String)>",
						"<android.app.SystemServiceRegistry$CachedServiceFetcher: java.lang.Object getService(android.app.ContextImpl)>",
						"<android.app.SystemServiceRegistry$4: java.lang.Object createService(android.app.ContextImpl)>",
						"<android.app.SystemServiceRegistry$4: android.app.ActivityManager createService(android.app.ContextImpl)>",
						"<android.app.ActivityManager: void <init>(android.content.Context,android.os.Handler)>",
						"key field: <android.app.ActivityManager: android.content.Context mContext>",
						"<android.app.ActivityManager: java.util.List getAppTasks()>"
					],
					"depth":8,
					"method":"<android.app.Instrumentation: android.app.Activity newActivity(java.lang.Class,android.content.Context,android.os.IBinder,android.app.Application,android.content.Intent,android.content.pm.ActivityInfo,java.lang.CharSequence,android.app.Activity,java.lang.String,java.lang.Object)>",
					"source":"FIELDCALLER"
				},
				{
					"trace":[
						"<android.app.Fragment: android.view.LayoutInflater getLayoutInflater(android.os.Bundle)>",
						"<android.app.FragmentHostCallback: android.view.LayoutInflater onGetLayoutInflater()>",
						"<android.app.ContextImpl: java.lang.Object getSystemService(java.lang.String)>",
						"<android.app.SystemServiceRegistry: java.lang.Object getSystemService(android.app.ContextImpl,java.lang.String)>",
						"<android.app.SystemServiceRegistry$CachedServiceFetcher: java.lang.Object getService(android.app.ContextImpl)>",
						"<android.app.SystemServiceRegistry$4: java.lang.Object createService(android.app.ContextImpl)>",
						"<android.app.SystemServiceRegistry$4: android.app.ActivityManager createService(android.app.ContextImpl)>",
						"<android.app.ActivityManager: void <init>(android.content.Context,android.os.Handler)>",
						"key field: <android.app.ActivityManager: android.content.Context mContext>",
						"<android.app.ActivityManager: java.util.List getAppTasks()>"
					],
					"depth":8,
					"method":"<android.app.Fragment: android.view.LayoutInflater getLayoutInflater(android.os.Bundle)>",
					"source":"FIELDCALLER"
				},
				{
					"trace":[
						"<android.app.backup.BackupAgent: void onRestore(android.app.backup.BackupDataInput,int,android.os.ParcelFileDescriptor)>",
						"<android.app.backup.WallpaperBackupHelper: void <init>(android.content.Context,java.lang.String[],java.lang.String[])>",
						"<android.app.ContextImpl: java.lang.Object getSystemService(java.lang.String)>",
						"<android.app.SystemServiceRegistry: java.lang.Object getSystemService(android.app.ContextImpl,java.lang.String)>",
						"<android.app.SystemServiceRegistry$CachedServiceFetcher: java.lang.Object getService(android.app.ContextImpl)>",
						"<android.app.SystemServiceRegistry$4: java.lang.Object createService(android.app.ContextImpl)>",
						"<android.app.SystemServiceRegistry$4: android.app.ActivityManager createService(android.app.ContextImpl)>",
						"<android.app.ActivityManager: void <init>(android.content.Context,android.os.Handler)>",
						"key field: <android.app.ActivityManager: android.content.Context mContext>",
						"<android.app.ActivityManager: java.util.List getAppTasks()>"
					],
					"depth":8,
					"method":"<android.app.backup.BackupAgent: void onRestore(android.app.backup.BackupDataInput,int,android.os.ParcelFileDescriptor)>",
					"source":"FIELDCALLER"
				},
				{
					"trace":[
						"<android.app.Presentation$1: java.lang.Object getSystemService(java.lang.String)>",
						"<android.view.ContextThemeWrapper: java.lang.Object getSystemService(java.lang.String)>",
						"<android.app.ContextImpl: java.lang.Object getSystemService(java.lang.String)>",
						"<android.app.SystemServiceRegistry: java.lang.Object getSystemService(android.app.ContextImpl,java.lang.String)>",
						"<android.app.SystemServiceRegistry$CachedServiceFetcher: java.lang.Object getService(android.app.ContextImpl)>",
						"<android.app.SystemServiceRegistry$4: java.lang.Object createService(android.app.ContextImpl)>",
						"<android.app.SystemServiceRegistry$4: android.app.ActivityManager createService(android.app.ContextImpl)>",
						"<android.app.ActivityManager: void <init>(android.content.Context,android.os.Handler)>",
						"key field: <android.app.ActivityManager: android.content.Context mContext>",
						"<android.app.ActivityManager: java.util.List getAppTasks()>"
					],
					"depth":8,
					"method":"<android.app.Presentation$1: java.lang.Object getSystemService(java.lang.String)>",
					"source":"FIELDCALLER"
				},
				{
					"trace":[
						"<com.android.internal.policy.DecorContext: java.lang.Object getSystemService(java.lang.String)>",
						"<android.view.ContextThemeWrapper: java.lang.Object getSystemService(java.lang.String)>",
						"<android.app.ContextImpl: java.lang.Object getSystemService(java.lang.String)>",
						"<android.app.SystemServiceRegistry: java.lang.Object getSystemService(android.app.ContextImpl,java.lang.String)>",
						"<android.app.SystemServiceRegistry$CachedServiceFetcher: java.lang.Object getService(android.app.ContextImpl)>",
						"<android.app.SystemServiceRegistry$4: java.lang.Object createService(android.app.ContextImpl)>",
						"<android.app.SystemServiceRegistry$4: android.app.ActivityManager createService(android.app.ContextImpl)>",
						"<android.app.ActivityManager: void <init>(android.content.Context,android.os.Handler)>",
						"key field: <android.app.ActivityManager: android.content.Context mContext>",
						"<android.app.ActivityManager: java.util.List getAppTasks()>"
					],
					"depth":8,
					"method":"<com.android.internal.policy.DecorContext: java.lang.Object getSystemService(java.lang.String)>",
					"source":"FIELDCALLER"
				},
				{
					"trace":[
						"<android.content.ContextWrapper: java.lang.Object getSystemService(java.lang.String)>",
						"<android.view.ContextThemeWrapper: java.lang.Object getSystemService(java.lang.String)>",
						"<android.app.ContextImpl: java.lang.Object getSystemService(java.lang.String)>",
						"<android.app.SystemServiceRegistry: java.lang.Object getSystemService(android.app.ContextImpl,java.lang.String)>",
						"<android.app.SystemServiceRegistry$CachedServiceFetcher: java.lang.Object getService(android.app.ContextImpl)>",
						"<android.app.SystemServiceRegistry$4: java.lang.Object createService(android.app.ContextImpl)>",
						"<android.app.SystemServiceRegistry$4: android.app.ActivityManager createService(android.app.ContextImpl)>",
						"<android.app.ActivityManager: void <init>(android.content.Context,android.os.Handler)>",
						"key field: <android.app.ActivityManager: android.content.Context mContext>",
						"<android.app.ActivityManager: java.util.List getAppTasks()>"
					],
					"depth":8,
					"method":"<android.content.ContextWrapper: java.lang.Object getSystemService(java.lang.String)>",
					"source":"FIELDCALLER"
				},
				{
					"trace":[
						"<android.app.Activity: java.lang.Object getSystemService(java.lang.String)>",
						"<android.view.ContextThemeWrapper: java.lang.Object getSystemService(java.lang.String)>",
						"<android.app.ContextImpl: java.lang.Object getSystemService(java.lang.String)>",
						"<android.app.SystemServiceRegistry: java.lang.Object getSystemService(android.app.ContextImpl,java.lang.String)>",
						"<android.app.SystemServiceRegistry$CachedServiceFetcher: java.lang.Object getService(android.app.ContextImpl)>",
						"<android.app.SystemServiceRegistry$4: java.lang.Object createService(android.app.ContextImpl)>",
						"<android.app.SystemServiceRegistry$4: android.app.ActivityManager createService(android.app.ContextImpl)>",
						"<android.app.ActivityManager: void <init>(android.content.Context,android.os.Handler)>",
						"key field: <android.app.ActivityManager: android.content.Context mContext>",
						"<android.app.ActivityManager: java.util.List getAppTasks()>"
					],
					"depth":8,
					"method":"<android.app.Activity: java.lang.Object getSystemService(java.lang.String)>",
					"source":"FIELDCALLER"
				},
				{
					"trace":[
						"<android.content.Context: java.lang.Object getSystemService(java.lang.Class)>",
						"<android.view.ContextThemeWrapper: java.lang.Object getSystemService(java.lang.String)>",
						"<android.app.ContextImpl: java.lang.Object getSystemService(java.lang.String)>",
						"<android.app.SystemServiceRegistry: java.lang.Object getSystemService(android.app.ContextImpl,java.lang.String)>",
						"<android.app.SystemServiceRegistry$CachedServiceFetcher: java.lang.Object getService(android.app.ContextImpl)>",
						"<android.app.SystemServiceRegistry$4: java.lang.Object createService(android.app.ContextImpl)>",
						"<android.app.SystemServiceRegistry$4: android.app.ActivityManager createService(android.app.ContextImpl)>",
						"<android.app.ActivityManager: void <init>(android.content.Context,android.os.Handler)>",
						"key field: <android.app.ActivityManager: android.content.Context mContext>",
						"<android.app.ActivityManager: java.util.List getAppTasks()>"
					],
					"depth":8,
					"method":"<android.content.Context: java.lang.Object getSystemService(java.lang.Class)>",
					"source":"FIELDCALLER"
				},
				{
					"trace":[
						"<android.accessibilityservice.AccessibilityService: java.lang.Object getSystemService(java.lang.String)>",
						"<android.content.ContextWrapper: java.lang.Object getSystemService(java.lang.String)>",
						"<android.app.ContextImpl: java.lang.Object getSystemService(java.lang.String)>",
						"<android.app.SystemServiceRegistry: java.lang.Object getSystemService(android.app.ContextImpl,java.lang.String)>",
						"<android.app.SystemServiceRegistry$CachedServiceFetcher: java.lang.Object getService(android.app.ContextImpl)>",
						"<android.app.SystemServiceRegistry$4: java.lang.Object createService(android.app.ContextImpl)>",
						"<android.app.SystemServiceRegistry$4: android.app.ActivityManager createService(android.app.ContextImpl)>",
						"<android.app.ActivityManager: void <init>(android.content.Context,android.os.Handler)>",
						"key field: <android.app.ActivityManager: android.content.Context mContext>",
						"<android.app.ActivityManager: java.util.List getAppTasks()>"
					],
					"depth":8,
					"method":"<android.accessibilityservice.AccessibilityService: java.lang.Object getSystemService(java.lang.String)>",
					"source":"FIELDCALLER"
				},
				{
					"trace":[
						"<android.app.ApplicationPackageManager: java.util.List getPrimaryStorageCandidateVolumes()>",
						"<android.content.Context: java.lang.Object getSystemService(java.lang.Class)>",
						"<android.app.ContextImpl: java.lang.Object getSystemService(java.lang.String)>",
						"<android.app.SystemServiceRegistry: java.lang.Object getSystemService(android.app.ContextImpl,java.lang.String)>",
						"<android.app.SystemServiceRegistry$CachedServiceFetcher: java.lang.Object getService(android.app.ContextImpl)>",
						"<android.app.SystemServiceRegistry$4: java.lang.Object createService(android.app.ContextImpl)>",
						"<android.app.SystemServiceRegistry$4: android.app.ActivityManager createService(android.app.ContextImpl)>",
						"<android.app.ActivityManager: void <init>(android.content.Context,android.os.Handler)>",
						"key field: <android.app.ActivityManager: android.content.Context mContext>",
						"<android.app.ActivityManager: java.util.List getAppTasks()>"
					],
					"depth":8,
					"method":"<android.app.ApplicationPackageManager: java.util.List getPrimaryStorageCandidateVolumes()>",
					"source":"FIELDCALLER"
				},
				{
					"trace":[
						"<android.app.ApplicationPackageManager: android.os.storage.VolumeInfo getPrimaryStorageCurrentVolume()>",
						"<android.content.Context: java.lang.Object getSystemService(java.lang.Class)>",
						"<android.app.ContextImpl: java.lang.Object getSystemService(java.lang.String)>",
						"<android.app.SystemServiceRegistry: java.lang.Object getSystemService(android.app.ContextImpl,java.lang.String)>",
						"<android.app.SystemServiceRegistry$CachedServiceFetcher: java.lang.Object getService(android.app.ContextImpl)>",
						"<android.app.SystemServiceRegistry$4: java.lang.Object createService(android.app.ContextImpl)>",
						"<android.app.SystemServiceRegistry$4: android.app.ActivityManager createService(android.app.ContextImpl)>",
						"<android.app.ActivityManager: void <init>(android.content.Context,android.os.Handler)>",
						"key field: <android.app.ActivityManager: android.content.Context mContext>",
						"<android.app.ActivityManager: java.util.List getAppTasks()>"
					],
					"depth":8,
					"method":"<android.app.ApplicationPackageManager: android.os.storage.VolumeInfo getPrimaryStorageCurrentVolume()>",
					"source":"FIELDCALLER"
				},
				{
					"trace":[
						"<android.app.ApplicationPackageManager: java.util.List getPackageCandidateVolumes(android.content.pm.ApplicationInfo)>",
						"<android.content.Context: java.lang.Object getSystemService(java.lang.Class)>",
						"<android.app.ContextImpl: java.lang.Object getSystemService(java.lang.String)>",
						"<android.app.SystemServiceRegistry: java.lang.Object getSystemService(android.app.ContextImpl,java.lang.String)>",
						"<android.app.SystemServiceRegistry$CachedServiceFetcher: java.lang.Object getService(android.app.ContextImpl)>",
						"<android.app.SystemServiceRegistry$4: java.lang.Object createService(android.app.ContextImpl)>",
						"<android.app.SystemServiceRegistry$4: android.app.ActivityManager createService(android.app.ContextImpl)>",
						"<android.app.ActivityManager: void <init>(android.content.Context,android.os.Handler)>",
						"key field: <android.app.ActivityManager: android.content.Context mContext>",
						"<android.app.ActivityManager: java.util.List getAppTasks()>"
					],
					"depth":8,
					"method":"<android.app.ApplicationPackageManager: java.util.List getPackageCandidateVolumes(android.content.pm.ApplicationInfo)>",
					"source":"FIELDCALLER"
				},
				{
					"trace":[
						"<android.app.ApplicationPackageManager: android.os.storage.VolumeInfo getPackageCurrentVolume(android.content.pm.ApplicationInfo)>",
						"<android.content.Context: java.lang.Object getSystemService(java.lang.Class)>",
						"<android.app.ContextImpl: java.lang.Object getSystemService(java.lang.String)>",
						"<android.app.SystemServiceRegistry: java.lang.Object getSystemService(android.app.ContextImpl,java.lang.String)>",
						"<android.app.SystemServiceRegistry$CachedServiceFetcher: java.lang.Object getService(android.app.ContextImpl)>",
						"<android.app.SystemServiceRegistry$4: java.lang.Object createService(android.app.ContextImpl)>",
						"<android.app.SystemServiceRegistry$4: android.app.ActivityManager createService(android.app.ContextImpl)>",
						"<android.app.ActivityManager: void <init>(android.content.Context,android.os.Handler)>",
						"key field: <android.app.ActivityManager: android.content.Context mContext>",
						"<android.app.ActivityManager: java.util.List getAppTasks()>"
					],
					"depth":8,
					"method":"<android.app.ApplicationPackageManager: android.os.storage.VolumeInfo getPackageCurrentVolume(android.content.pm.ApplicationInfo)>",
					"source":"FIELDCALLER"
				},
				{
					"trace":[
						"<android.app.SearchDialog: void onBackPressed()>",
						"<android.content.Context: java.lang.Object getSystemService(java.lang.Class)>",
						"<android.app.ContextImpl: java.lang.Object getSystemService(java.lang.String)>",
						"<android.app.SystemServiceRegistry: java.lang.Object getSystemService(android.app.ContextImpl,java.lang.String)>",
						"<android.app.SystemServiceRegistry$CachedServiceFetcher: java.lang.Object getService(android.app.ContextImpl)>",
						"<android.app.SystemServiceRegistry$4: java.lang.Object createService(android.app.ContextImpl)>",
						"<android.app.SystemServiceRegistry$4: android.app.ActivityManager createService(android.app.ContextImpl)>",
						"<android.app.ActivityManager: void <init>(android.content.Context,android.os.Handler)>",
						"key field: <android.app.ActivityManager: android.content.Context mContext>",
						"<android.app.ActivityManager: java.util.List getAppTasks()>"
					],
					"depth":8,
					"method":"<android.app.SearchDialog: void onBackPressed()>",
					"source":"FIELDCALLER"
				},
				{
					"trace":[
						"<android.app.SearchDialog: void hide()>",
						"<android.content.Context: java.lang.Object getSystemService(java.lang.Class)>",
						"<android.app.ContextImpl: java.lang.Object getSystemService(java.lang.String)>",
						"<android.app.SystemServiceRegistry: java.lang.Object getSystemService(android.app.ContextImpl,java.lang.String)>",
						"<android.app.SystemServiceRegistry$CachedServiceFetcher: java.lang.Object getService(android.app.ContextImpl)>",
						"<android.app.SystemServiceRegistry$4: java.lang.Object createService(android.app.ContextImpl)>",
						"<android.app.SystemServiceRegistry$4: android.app.ActivityManager createService(android.app.ContextImpl)>",
						"<android.app.ActivityManager: void <init>(android.content.Context,android.os.Handler)>",
						"key field: <android.app.ActivityManager: android.content.Context mContext>",
						"<android.app.ActivityManager: java.util.List getAppTasks()>"
					],
					"depth":8,
					"method":"<android.app.SearchDialog: void hide()>",
					"source":"FIELDCALLER"
				}
			],
			"callerOfSingnlar2SourceVar":{}
		},
		{
			"method":"<android.app.ActivityManager: void ensureAppTaskThumbnailSizeLocked()>",
			"message":"[\\s\\S]*",
			"relatedVarType":"Field",
			"relatedCondType":"Basic",
			"modifier":"private",
			"type":"java.lang.RuntimeException",
			"osVersionRelated":false,
			"resourceRelated":false,
			"assessRelated":false,
			"hardwareRelated":false,
			"manifestRelated":false,
			"conditions":"$r1 != null",
			"fieldValues":"<android.app.ActivityManager: android.graphics.Point mAppTaskThumbnailSize>",
			"caughtValues":"@caughtexception",
			"relatedValues":"; <android.app.ActivityManager: android.graphics.Point mAppTaskThumbnailSize>; @caughtexception",
			"keyAPISameClassNum":2,
			"keyAPIDiffClassNum":0,
			"keyAPISameClass":[
				{
					"trace":[
						"<android.app.ActivityManager: void ensureAppTaskThumbnailSizeLocked()>"
					],
					"depth":1,
					"method":"<android.app.ActivityManager: android.util.Size getAppTaskThumbnailSize()>",
					"source":"FIELD"
				},
				{
					"trace":[
						"<android.app.ActivityManager: int addAppTask(android.app.Activity,android.content.Intent,android.app.ActivityManager$TaskDescription,android.graphics.Bitmap)>",
						"<android.app.ActivityManager: void ensureAppTaskThumbnailSizeLocked()>",
						"key field: <android.app.ActivityManager: android.graphics.Point mAppTaskThumbnailSize>",
						"<android.app.ActivityManager: void ensureAppTaskThumbnailSizeLocked()>"
					],
					"depth":2,
					"method":"<android.app.ActivityManager: int addAppTask(android.app.Activity,android.content.Intent,android.app.ActivityManager$TaskDescription,android.graphics.Bitmap)>",
					"source":"FIELDCALLER"
				}
			],
			"keyAPIDiffClass":[],
			"callerOfSingnlar2SourceVar":{}
		},
		{
			"method":"<android.app.ActivityManager: int addAppTask(android.app.Activity,android.content.Intent,android.app.ActivityManager$TaskDescription,android.graphics.Bitmap)>",
			"message":"[\\s\\S]*",
			"relatedVarType":"ParaAndField",
			"relatedCondType":"Basic",
			"modifier":"public",
			"type":"java.lang.RuntimeException",
			"osVersionRelated":false,
			"resourceRelated":false,
			"assessRelated":false,
			"hardwareRelated":false,
			"manifestRelated":false,
			"conditions":"r16 != null, i15 == $i13, i14 != $i0",
			"paramValues":"@parameter3: android.graphics.Bitmap",
			"fieldValues":"<android.app.ActivityManager: android.graphics.Point mAppTaskThumbnailSize>",
			"caughtValues":"@caughtexception",
			"relatedValues":"@parameter3: android.graphics.Bitmap; <android.app.ActivityManager: android.graphics.Point mAppTaskThumbnailSize>; @caughtexception",
			"keyAPISameClassNum":2,
			"keyAPIDiffClassNum":0,
			"keyAPISameClass":[
				{
					"trace":[
						"<android.app.ActivityManager: int addAppTask(android.app.Activity,android.content.Intent,android.app.ActivityManager$TaskDescription,android.graphics.Bitmap)>"
					],
					"depth":1,
					"method":"<android.app.ActivityManager: android.util.Size getAppTaskThumbnailSize()>",
					"source":"FIELD"
				},
				{
					"trace":[
						"<android.app.ActivityManager: int addAppTask(android.app.Activity,android.content.Intent,android.app.ActivityManager$TaskDescription,android.graphics.Bitmap)>",
						"<android.app.ActivityManager: void ensureAppTaskThumbnailSizeLocked()>",
						"key field: <android.app.ActivityManager: android.graphics.Point mAppTaskThumbnailSize>",
						"<android.app.ActivityManager: int addAppTask(android.app.Activity,android.content.Intent,android.app.ActivityManager$TaskDescription,android.graphics.Bitmap)>"
					],
					"depth":2,
					"method":"<android.app.ActivityManager: int addAppTask(android.app.Activity,android.content.Intent,android.app.ActivityManager$TaskDescription,android.graphics.Bitmap)>",
					"source":"FIELDCALLER"
				}
			],
			"keyAPIDiffClass":[],
			"callerOfSingnlar2SourceVar":{
				"<android.app.ActivityManager: int addAppTask(android.app.Activity,android.content.Intent,android.app.ActivityManager$TaskDescription,android.graphics.Bitmap)>":"3"
			}
		},
		{
			"method":"<android.app.ActivityManager: java.util.List getRunningTasks(int)>",
			"message":"[\\s\\S]*",
			"relatedVarType":"Unknown",
			"relatedCondType":"Empty",
			"modifier":"public",
			"type":"java.lang.RuntimeException",
			"osVersionRelated":false,
			"resourceRelated":false,
			"assessRelated":false,
			"hardwareRelated":false,
			"manifestRelated":false,
			"caughtValues":"@caughtexception",
			"relatedValues":"; ; @caughtexception",
			"keyAPISameClassNum":0,
			"keyAPIDiffClassNum":0,
			"keyAPISameClass":[],
			"keyAPIDiffClass":[],
			"callerOfSingnlar2SourceVar":{}
		},
		{
			"method":"<android.app.ActivityManager: boolean removeTask(int)>",
			"message":"[\\s\\S]*",
			"relatedVarType":"Unknown",
			"relatedCondType":"Empty",
			"modifier":"public",
			"type":"java.lang.RuntimeException",
			"osVersionRelated":false,
			"resourceRelated":false,
			"assessRelated":false,
			"hardwareRelated":false,
			"manifestRelated":false,
			"caughtValues":"@caughtexception",
			"relatedValues":"; ; @caughtexception",
			"keyAPISameClassNum":0,
			"keyAPIDiffClassNum":0,
			"keyAPISameClass":[],
			"keyAPIDiffClass":[],
			"callerOfSingnlar2SourceVar":{}
		},
		{
			"method":"<android.app.ActivityManager: android.app.ActivityManager$TaskThumbnail getTaskThumbnail(int)>",
			"message":"[\\s\\S]*",
			"relatedVarType":"Unknown",
			"relatedCondType":"Empty",
			"modifier":"public",
			"type":"java.lang.RuntimeException",
			"osVersionRelated":false,
			"resourceRelated":false,
			"assessRelated":false,
			"hardwareRelated":false,
			"manifestRelated":false,
			"caughtValues":"@caughtexception",
			"relatedValues":"; ; @caughtexception",
			"keyAPISameClassNum":0,
			"keyAPIDiffClassNum":0,
			"keyAPISameClass":[],
			"keyAPIDiffClass":[],
			"callerOfSingnlar2SourceVar":{}
		},
		{
			"method":"<android.app.ActivityManager: boolean isInHomeStack(int)>",
			"message":"[\\s\\S]*",
			"relatedVarType":"Unknown",
			"relatedCondType":"Empty",
			"modifier":"public",
			"type":"java.lang.RuntimeException",
			"osVersionRelated":false,
			"resourceRelated":false,
			"assessRelated":false,
			"hardwareRelated":false,
			"manifestRelated":false,
			"caughtValues":"@caughtexception",
			"relatedValues":"; ; @caughtexception",
			"keyAPISameClassNum":0,
			"keyAPIDiffClassNum":0,
			"keyAPISameClass":[],
			"keyAPIDiffClass":[],
			"callerOfSingnlar2SourceVar":{}
		},
		{
			"method":"<android.app.ActivityManager: void moveTaskToFront(int,int,android.os.Bundle)>",
			"message":"[\\s\\S]*",
			"relatedVarType":"Unknown",
			"relatedCondType":"Empty",
			"modifier":"public",
			"type":"java.lang.RuntimeException",
			"osVersionRelated":false,
			"resourceRelated":false,
			"assessRelated":false,
			"hardwareRelated":false,
			"manifestRelated":false,
			"caughtValues":"@caughtexception",
			"relatedValues":"; ; @caughtexception",
			"keyAPISameClassNum":0,
			"keyAPIDiffClassNum":0,
			"keyAPISameClass":[],
			"keyAPIDiffClass":[],
			"callerOfSingnlar2SourceVar":{}
		},
		{
			"method":"<android.app.ActivityManager: java.util.List getRunningServices(int)>",
			"message":"[\\s\\S]*",
			"relatedVarType":"Unknown",
			"relatedCondType":"Empty",
			"modifier":"public",
			"type":"java.lang.RuntimeException",
			"osVersionRelated":false,
			"resourceRelated":false,
			"assessRelated":false,
			"hardwareRelated":false,
			"manifestRelated":false,
			"caughtValues":"@caughtexception",
			"relatedValues":"; ; @caughtexception",
			"keyAPISameClassNum":0,
			"keyAPIDiffClassNum":0,
			"keyAPISameClass":[],
			"keyAPIDiffClass":[],
			"callerOfSingnlar2SourceVar":{}
		},
		{
			"method":"<android.app.ActivityManager: android.app.PendingIntent getRunningServiceControlPanel(android.content.ComponentName)>",
			"message":"[\\s\\S]*",
			"relatedVarType":"Unknown",
			"relatedCondType":"Empty",
			"modifier":"public",
			"type":"java.lang.RuntimeException",
			"osVersionRelated":false,
			"resourceRelated":false,
			"assessRelated":false,
			"hardwareRelated":false,
			"manifestRelated":false,
			"caughtValues":"@caughtexception",
			"relatedValues":"; ; @caughtexception",
			"keyAPISameClassNum":0,
			"keyAPIDiffClassNum":0,
			"keyAPISameClass":[],
			"keyAPIDiffClass":[],
			"callerOfSingnlar2SourceVar":{}
		},
		{
			"method":"<android.app.ActivityManager: void getMemoryInfo(android.app.ActivityManager$MemoryInfo)>",
			"message":"[\\s\\S]*",
			"relatedVarType":"Unknown",
			"relatedCondType":"Empty",
			"modifier":"public",
			"type":"java.lang.RuntimeException",
			"osVersionRelated":false,
			"resourceRelated":false,
			"assessRelated":false,
			"hardwareRelated":false,
			"manifestRelated":false,
			"caughtValues":"@caughtexception",
			"relatedValues":"; ; @caughtexception",
			"keyAPISameClassNum":0,
			"keyAPIDiffClassNum":0,
			"keyAPISameClass":[],
			"keyAPIDiffClass":[],
			"callerOfSingnlar2SourceVar":{}
		},
		{
			"method":"<android.app.ActivityManager: boolean clearApplicationUserData(java.lang.String,android.content.pm.IPackageDataObserver)>",
			"message":"[\\s\\S]*",
			"relatedVarType":"Unknown",
			"relatedCondType":"Empty",
			"modifier":"public",
			"type":"java.lang.RuntimeException",
			"osVersionRelated":false,
			"resourceRelated":false,
			"assessRelated":false,
			"hardwareRelated":false,
			"manifestRelated":false,
			"caughtValues":"@caughtexception",
			"relatedValues":"; ; @caughtexception",
			"keyAPISameClassNum":0,
			"keyAPIDiffClassNum":0,
			"keyAPISameClass":[],
			"keyAPIDiffClass":[],
			"callerOfSingnlar2SourceVar":{}
		},
		{
			"method":"<android.app.ActivityManager: android.content.pm.ParceledListSlice getGrantedUriPermissions(java.lang.String)>",
			"message":"[\\s\\S]*",
			"relatedVarType":"Unknown",
			"relatedCondType":"Empty",
			"modifier":"public",
			"type":"java.lang.RuntimeException",
			"osVersionRelated":false,
			"resourceRelated":false,
			"assessRelated":false,
			"hardwareRelated":false,
			"manifestRelated":false,
			"caughtValues":"@caughtexception",
			"relatedValues":"; ; @caughtexception",
			"keyAPISameClassNum":0,
			"keyAPIDiffClassNum":0,
			"keyAPISameClass":[],
			"keyAPIDiffClass":[],
			"callerOfSingnlar2SourceVar":{}
		},
		{
			"method":"<android.app.ActivityManager: void clearGrantedUriPermissions(java.lang.String)>",
			"message":"[\\s\\S]*",
			"relatedVarType":"Unknown",
			"relatedCondType":"Empty",
			"modifier":"public",
			"type":"java.lang.RuntimeException",
			"osVersionRelated":false,
			"resourceRelated":false,
			"assessRelated":false,
			"hardwareRelated":false,
			"manifestRelated":false,
			"caughtValues":"@caughtexception",
			"relatedValues":"; ; @caughtexception",
			"keyAPISameClassNum":0,
			"keyAPIDiffClassNum":0,
			"keyAPISameClass":[],
			"keyAPIDiffClass":[],
			"callerOfSingnlar2SourceVar":{}
		},
		{
			"method":"<android.app.ActivityManager: java.util.List getProcessesInErrorState()>",
			"message":"[\\s\\S]*",
			"relatedVarType":"Unknown",
			"relatedCondType":"Empty",
			"modifier":"public",
			"type":"java.lang.RuntimeException",
			"osVersionRelated":false,
			"resourceRelated":false,
			"assessRelated":false,
			"hardwareRelated":false,
			"manifestRelated":false,
			"caughtValues":"@caughtexception",
			"relatedValues":"; ; @caughtexception",
			"keyAPISameClassNum":0,
			"keyAPIDiffClassNum":0,
			"keyAPISameClass":[],
			"keyAPIDiffClass":[],
			"callerOfSingnlar2SourceVar":{}
		},
		{
			"method":"<android.app.ActivityManager: java.util.List getRunningExternalApplications()>",
			"message":"[\\s\\S]*",
			"relatedVarType":"Unknown",
			"relatedCondType":"Empty",
			"modifier":"public",
			"type":"java.lang.RuntimeException",
			"osVersionRelated":false,
			"resourceRelated":false,
			"assessRelated":false,
			"hardwareRelated":false,
			"manifestRelated":false,
			"caughtValues":"@caughtexception",
			"relatedValues":"; ; @caughtexception",
			"keyAPISameClassNum":0,
			"keyAPIDiffClassNum":0,
			"keyAPISameClass":[],
			"keyAPIDiffClass":[],
			"callerOfSingnlar2SourceVar":{}
		},
		{
			"method":"<android.app.ActivityManager: boolean setProcessMemoryTrimLevel(java.lang.String,int,int)>",
			"message":"[\\s\\S]*",
			"relatedVarType":"Unknown",
			"relatedCondType":"Empty",
			"modifier":"public",
			"type":"java.lang.RuntimeException",
			"osVersionRelated":false,
			"resourceRelated":false,
			"assessRelated":false,
			"hardwareRelated":false,
			"manifestRelated":false,
			"caughtValues":"@caughtexception",
			"relatedValues":"; ; @caughtexception",
			"keyAPISameClassNum":0,
			"keyAPIDiffClassNum":0,
			"keyAPISameClass":[],
			"keyAPIDiffClass":[],
			"callerOfSingnlar2SourceVar":{}
		},
		{
			"method":"<android.app.ActivityManager: java.util.List getRunningAppProcesses()>",
			"message":"[\\s\\S]*",
			"relatedVarType":"Unknown",
			"relatedCondType":"Empty",
			"modifier":"public",
			"type":"java.lang.RuntimeException",
			"osVersionRelated":false,
			"resourceRelated":false,
			"assessRelated":false,
			"hardwareRelated":false,
			"manifestRelated":false,
			"caughtValues":"@caughtexception",
			"relatedValues":"; ; @caughtexception",
			"keyAPISameClassNum":0,
			"keyAPIDiffClassNum":0,
			"keyAPISameClass":[],
			"keyAPIDiffClass":[],
			"callerOfSingnlar2SourceVar":{}
		},
		{
			"method":"<android.app.ActivityManager: int getPackageImportance(java.lang.String)>",
			"message":"[\\s\\S]*",
			"relatedVarType":"Unknown",
			"relatedCondType":"Empty",
			"modifier":"public",
			"type":"java.lang.RuntimeException",
			"osVersionRelated":false,
			"resourceRelated":false,
			"assessRelated":false,
			"hardwareRelated":false,
			"manifestRelated":false,
			"caughtValues":"@caughtexception",
			"relatedValues":"; ; @caughtexception",
			"keyAPISameClassNum":0,
			"keyAPIDiffClassNum":0,
			"keyAPISameClass":[],
			"keyAPIDiffClass":[],
			"callerOfSingnlar2SourceVar":{}
		},
		{
			"method":"<android.app.ActivityManager: void getMyMemoryState(android.app.ActivityManager$RunningAppProcessInfo)>",
			"message":"[\\s\\S]*",
			"relatedVarType":"Unknown",
			"relatedCondType":"Empty",
			"modifier":"public",
			"type":"java.lang.RuntimeException",
			"osVersionRelated":false,
			"resourceRelated":false,
			"assessRelated":false,
			"hardwareRelated":false,
			"manifestRelated":false,
			"caughtValues":"@caughtexception",
			"relatedValues":"; ; @caughtexception",
			"keyAPISameClassNum":0,
			"keyAPIDiffClassNum":0,
			"keyAPISameClass":[],
			"keyAPIDiffClass":[],
			"callerOfSingnlar2SourceVar":{}
		},
		{
			"method":"<android.app.ActivityManager: android.os.Debug$MemoryInfo[] getProcessMemoryInfo(int[])>",
			"message":"[\\s\\S]*",
			"relatedVarType":"Unknown",
			"relatedCondType":"Empty",
			"modifier":"public",
			"type":"java.lang.RuntimeException",
			"osVersionRelated":false,
			"resourceRelated":false,
			"assessRelated":false,
			"hardwareRelated":false,
			"manifestRelated":false,
			"caughtValues":"@caughtexception",
			"relatedValues":"; ; @caughtexception",
			"keyAPISameClassNum":0,
			"keyAPIDiffClassNum":0,
			"keyAPISameClass":[],
			"keyAPIDiffClass":[],
			"callerOfSingnlar2SourceVar":{}
		},
		{
			"method":"<android.app.ActivityManager: void killBackgroundProcesses(java.lang.String)>",
			"message":"[\\s\\S]*",
			"relatedVarType":"Unknown",
			"relatedCondType":"Empty",
			"modifier":"public",
			"type":"java.lang.RuntimeException",
			"osVersionRelated":false,
			"resourceRelated":false,
			"assessRelated":false,
			"hardwareRelated":false,
			"manifestRelated":false,
			"caughtValues":"@caughtexception",
			"relatedValues":"; ; @caughtexception",
			"keyAPISameClassNum":0,
			"keyAPIDiffClassNum":0,
			"keyAPISameClass":[],
			"keyAPIDiffClass":[],
			"callerOfSingnlar2SourceVar":{}
		},
		{
			"method":"<android.app.ActivityManager: void killUid(int,java.lang.String)>",
			"message":"[\\s\\S]*",
			"relatedVarType":"Unknown",
			"relatedCondType":"Empty",
			"modifier":"public",
			"type":"java.lang.RuntimeException",
			"osVersionRelated":false,
			"resourceRelated":false,
			"assessRelated":false,
			"hardwareRelated":false,
			"manifestRelated":false,
			"caughtValues":"@caughtexception",
			"relatedValues":"; ; @caughtexception",
			"keyAPISameClassNum":0,
			"keyAPIDiffClassNum":0,
			"keyAPISameClass":[],
			"keyAPIDiffClass":[],
			"callerOfSingnlar2SourceVar":{}
		},
		{
			"method":"<android.app.ActivityManager: void forceStopPackageAsUser(java.lang.String,int)>",
			"message":"[\\s\\S]*",
			"relatedVarType":"Unknown",
			"relatedCondType":"Empty",
			"modifier":"public",
			"type":"java.lang.RuntimeException",
			"osVersionRelated":false,
			"resourceRelated":false,
			"assessRelated":false,
			"hardwareRelated":false,
			"manifestRelated":false,
			"caughtValues":"@caughtexception",
			"relatedValues":"; ; @caughtexception",
			"keyAPISameClassNum":0,
			"keyAPIDiffClassNum":0,
			"keyAPISameClass":[],
			"keyAPIDiffClass":[],
			"callerOfSingnlar2SourceVar":{}
		},
		{
			"method":"<android.app.ActivityManager: android.content.pm.ConfigurationInfo getDeviceConfigurationInfo()>",
			"message":"[\\s\\S]*",
			"relatedVarType":"Unknown",
			"relatedCondType":"Empty",
			"modifier":"public",
			"type":"java.lang.RuntimeException",
			"osVersionRelated":false,
			"resourceRelated":false,
			"assessRelated":false,
			"hardwareRelated":false,
			"manifestRelated":false,
			"caughtValues":"@caughtexception",
			"relatedValues":"; ; @caughtexception",
			"keyAPISameClassNum":0,
			"keyAPIDiffClassNum":0,
			"keyAPISameClass":[],
			"keyAPIDiffClass":[],
			"callerOfSingnlar2SourceVar":{}
		},
		{
			"method":"<android.app.ActivityManager: boolean isUserAMonkey()>",
			"message":"[\\s\\S]*",
			"relatedVarType":"Unknown",
			"relatedCondType":"Empty",
			"modifier":"public",
			"type":"java.lang.RuntimeException",
			"osVersionRelated":false,
			"resourceRelated":false,
			"assessRelated":false,
			"hardwareRelated":false,
			"manifestRelated":false,
			"caughtValues":"@caughtexception",
			"relatedValues":"; ; @caughtexception",
			"keyAPISameClassNum":0,
			"keyAPIDiffClassNum":0,
			"keyAPISameClass":[],
			"keyAPIDiffClass":[],
			"callerOfSingnlar2SourceVar":{}
		},
		{
			"method":"<android.app.ActivityManager: int checkComponentPermission(java.lang.String,int,int,boolean)>",
			"message":"[\\s\\S]*",
			"relatedVarType":"Parameter",
			"relatedCondType":"Basic",
			"modifier":"public",
			"type":"java.lang.RuntimeException",
			"osVersionRelated":false,
			"resourceRelated":false,
			"assessRelated":false,
			"hardwareRelated":false,
			"manifestRelated":false,
			"conditions":"r0 != null, z1 != 0, i2 < 0",
			"paramValues":"@parameter3: boolean, @parameter2: int",
			"caughtValues":"@caughtexception",
			"relatedValues":"@parameter3: boolean, @parameter2: int; ; @caughtexception",
			"keyAPISameClassNum":0,
			"keyAPIDiffClassNum":0,
			"keyAPISameClass":[
				{
					"trace":[
						"<android.app.ActivityManager: int checkComponentPermission(java.lang.String,int,int,boolean)>"
					],
					"depth":0,
					"method":"<android.app.ActivityManager: int checkComponentPermission(java.lang.String,int,int,boolean)>",
					"source":"CALLER"
				}
			],
			"keyAPIDiffClass":[],
			"callerOfSingnlar2SourceVar":{
				"<android.app.ActivityManager: int checkComponentPermission(java.lang.String,int,int,boolean)>":"3, 2"
			}
		},
		{
			"method":"<android.app.ActivityManager: int checkUidPermission(java.lang.String,int)>",
			"message":"[\\s\\S]*",
			"relatedVarType":"Unknown",
			"relatedCondType":"Empty",
			"modifier":"public",
			"type":"java.lang.RuntimeException",
			"osVersionRelated":false,
			"resourceRelated":false,
			"assessRelated":false,
			"hardwareRelated":false,
			"manifestRelated":false,
			"caughtValues":"@caughtexception",
			"relatedValues":"; ; @caughtexception",
			"keyAPISameClassNum":0,
			"keyAPIDiffClassNum":0,
			"keyAPISameClass":[],
			"keyAPIDiffClass":[],
			"callerOfSingnlar2SourceVar":{}
		},
		{
			"method":"<android.app.ActivityManager: int handleIncomingUser(int,int,int,boolean,boolean,java.lang.String,java.lang.String)>",
			"message":"[\\s\\S]*",
			"relatedVarType":"Parameter",
			"relatedCondType":"Basic",
			"modifier":"public",
			"type":"java.lang.RuntimeException",
			"osVersionRelated":false,
			"resourceRelated":false,
			"assessRelated":false,
			"hardwareRelated":false,
			"manifestRelated":false,
			"conditions":"$i1 != i2",
			"paramValues":"@parameter1: int, @parameter2: int",
			"caughtValues":"@caughtexception",
			"relatedValues":"@parameter1: int, @parameter2: int; ; @caughtexception",
			"keyAPISameClassNum":0,
			"keyAPIDiffClassNum":0,
			"keyAPISameClass":[
				{
					"trace":[
						"<android.app.ActivityManager: int handleIncomingUser(int,int,int,boolean,boolean,java.lang.String,java.lang.String)>"
					],
					"depth":0,
					"method":"<android.app.ActivityManager: int handleIncomingUser(int,int,int,boolean,boolean,java.lang.String,java.lang.String)>",
					"source":"CALLER"
				}
			],
			"keyAPIDiffClass":[],
			"callerOfSingnlar2SourceVar":{
				"<android.app.ActivityManager: int handleIncomingUser(int,int,int,boolean,boolean,java.lang.String,java.lang.String)>":"1, 2"
			}
		},
		{
			"method":"<android.app.ActivityManager: int getCurrentUser()>",
			"message":"[\\s\\S]*",
			"relatedVarType":"Unknown",
			"relatedCondType":"NotReturn",
			"modifier":"public",
			"type":"java.lang.RuntimeException",
			"osVersionRelated":false,
			"resourceRelated":false,
			"assessRelated":false,
			"hardwareRelated":false,
			"manifestRelated":false,
			"conditions":"r1 == null",
			"caughtValues":"@caughtexception",
			"relatedValues":"; ; @caughtexception",
			"keyAPISameClassNum":0,
			"keyAPIDiffClassNum":0,
			"keyAPISameClass":[],
			"keyAPIDiffClass":[],
			"callerOfSingnlar2SourceVar":{}
		},
		{
			"method":"<android.app.ActivityManager: boolean switchUser(int)>",
			"message":"[\\s\\S]*",
			"relatedVarType":"Unknown",
			"relatedCondType":"Empty",
			"modifier":"public",
			"type":"java.lang.RuntimeException",
			"osVersionRelated":false,
			"resourceRelated":false,
			"assessRelated":false,
			"hardwareRelated":false,
			"manifestRelated":false,
			"caughtValues":"@caughtexception",
			"relatedValues":"; ; @caughtexception",
			"keyAPISameClassNum":0,
			"keyAPIDiffClassNum":0,
			"keyAPISameClass":[],
			"keyAPIDiffClass":[],
			"callerOfSingnlar2SourceVar":{}
		},
		{
			"method":"<android.app.ActivityManager: boolean isUserRunning(int)>",
			"message":"[\\s\\S]*",
			"relatedVarType":"Unknown",
			"relatedCondType":"Empty",
			"modifier":"public",
			"type":"java.lang.RuntimeException",
			"osVersionRelated":false,
			"resourceRelated":false,
			"assessRelated":false,
			"hardwareRelated":false,
			"manifestRelated":false,
			"caughtValues":"@caughtexception",
			"relatedValues":"; ; @caughtexception",
			"keyAPISameClassNum":0,
			"keyAPIDiffClassNum":0,
			"keyAPISameClass":[],
			"keyAPIDiffClass":[],
			"callerOfSingnlar2SourceVar":{}
		},
		{
			"method":"<android.app.ActivityManager: boolean isVrModePackageEnabled(android.content.ComponentName)>",
			"message":"[\\s\\S]*",
			"relatedVarType":"Unknown",
			"relatedCondType":"Empty",
			"modifier":"public",
			"type":"java.lang.RuntimeException",
			"osVersionRelated":false,
			"resourceRelated":false,
			"assessRelated":false,
			"hardwareRelated":false,
			"manifestRelated":false,
			"caughtValues":"@caughtexception",
			"relatedValues":"; ; @caughtexception",
			"keyAPISameClassNum":0,
			"keyAPIDiffClassNum":0,
			"keyAPISameClass":[],
			"keyAPIDiffClass":[],
			"callerOfSingnlar2SourceVar":{}
		},
		{
			"method":"<android.app.ActivityManager: void setWatchHeapLimit(long)>",
			"message":"[\\s\\S]*",
			"relatedVarType":"Unknown",
			"relatedCondType":"Empty",
			"modifier":"public",
			"type":"java.lang.RuntimeException",
			"osVersionRelated":false,
			"resourceRelated":false,
			"assessRelated":false,
			"hardwareRelated":false,
			"manifestRelated":false,
			"caughtValues":"@caughtexception",
			"relatedValues":"; ; @caughtexception",
			"keyAPISameClassNum":0,
			"keyAPIDiffClassNum":0,
			"keyAPISameClass":[],
			"keyAPIDiffClass":[],
			"callerOfSingnlar2SourceVar":{}
		},
		{
			"method":"<android.app.ActivityManager: void clearWatchHeapLimit()>",
			"message":"[\\s\\S]*",
			"relatedVarType":"Unknown",
			"relatedCondType":"Empty",
			"modifier":"public",
			"type":"java.lang.RuntimeException",
			"osVersionRelated":false,
			"resourceRelated":false,
			"assessRelated":false,
			"hardwareRelated":false,
			"manifestRelated":false,
			"caughtValues":"@caughtexception",
			"relatedValues":"; ; @caughtexception",
			"keyAPISameClassNum":0,
			"keyAPIDiffClassNum":0,
			"keyAPISameClass":[],
			"keyAPIDiffClass":[],
			"callerOfSingnlar2SourceVar":{}
		},
		{
			"method":"<android.app.ActivityManager: void startLockTaskMode(int)>",
			"message":"[\\s\\S]*",
			"relatedVarType":"Unknown",
			"relatedCondType":"Empty",
			"modifier":"public",
			"type":"java.lang.RuntimeException",
			"osVersionRelated":false,
			"resourceRelated":false,
			"assessRelated":false,
			"hardwareRelated":false,
			"manifestRelated":false,
			"caughtValues":"@caughtexception",
			"relatedValues":"; ; @caughtexception",
			"keyAPISameClassNum":0,
			"keyAPIDiffClassNum":0,
			"keyAPISameClass":[],
			"keyAPIDiffClass":[],
			"callerOfSingnlar2SourceVar":{}
		},
		{
			"method":"<android.app.ActivityManager: void stopLockTaskMode()>",
			"message":"[\\s\\S]*",
			"relatedVarType":"Unknown",
			"relatedCondType":"Empty",
			"modifier":"public",
			"type":"java.lang.RuntimeException",
			"osVersionRelated":false,
			"resourceRelated":false,
			"assessRelated":false,
			"hardwareRelated":false,
			"manifestRelated":false,
			"caughtValues":"@caughtexception",
			"relatedValues":"; ; @caughtexception",
			"keyAPISameClassNum":0,
			"keyAPIDiffClassNum":0,
			"keyAPISameClass":[],
			"keyAPIDiffClass":[],
			"callerOfSingnlar2SourceVar":{}
		},
		{
			"method":"<android.app.ActivityManager: int getLockTaskModeState()>",
			"message":"[\\s\\S]*",
			"relatedVarType":"Unknown",
			"relatedCondType":"Empty",
			"modifier":"public",
			"type":"java.lang.RuntimeException",
			"osVersionRelated":false,
			"resourceRelated":false,
			"assessRelated":false,
			"hardwareRelated":false,
			"manifestRelated":false,
			"caughtValues":"@caughtexception",
			"relatedValues":"; ; @caughtexception",
			"keyAPISameClassNum":0,
			"keyAPIDiffClassNum":0,
			"keyAPISameClass":[],
			"keyAPIDiffClass":[],
			"callerOfSingnlar2SourceVar":{}
		}
	]
}