{
	"exceptions":[
		{
			"method":"<android.app.LoadedApk$ServiceDispatcher: void validate(android.content.Context,android.os.Handler)>",
			"message":"\\QServiceConnection \\E[\\s\\S]*\\Q registered with differing Context (was \\E[\\s\\S]*\\Q now \\E[\\s\\S]*\\Q)\\E",
			"relatedVarType":"ParaAndField",
			"relatedCondType":"Basic",
			"modifier":"default",
			"type":"java.lang.RuntimeException",
			"osVersionRelated":false,
			"resourceRelated":false,
			"assessRelated":false,
			"hardwareRelated":false,
			"manifestRelated":false,
			"conditions":"$r2 == r1",
			"paramValues":"@parameter0: android.content.Context",
			"fieldValues":"<android.app.LoadedApk$ServiceDispatcher: android.content.Context mContext>",
			"relatedValues":"@parameter0: android.content.Context; <android.app.LoadedApk$ServiceDispatcher: android.content.Context mContext>; ",
			"keyAPISameClassNum":0,
			"keyAPIDiffClassNum":7,
			"keyAPISameClass":[],
			"keyAPIDiffClass":[
				{
					"trace":[
						"<android.app.LoadedApk: android.app.IServiceConnection getServiceDispatcher(android.content.ServiceConnection,android.content.Context,android.os.Handler,int)>",
						"<android.app.LoadedApk$ServiceDispatcher: void <init>(android.content.ServiceConnection,android.content.Context,android.os.Handler,int)>",
						"key field: <android.app.LoadedApk$ServiceDispatcher: android.content.Context mContext>",
						"<android.app.LoadedApk$ServiceDispatcher: void validate(android.content.Context,android.os.Handler)>"
					],
					"depth":2,
					"method":"<android.app.LoadedApk: android.app.IServiceConnection getServiceDispatcher(android.content.ServiceConnection,android.content.Context,android.os.Handler,int)>",
					"source":"FIELDCALLER"
				},
				{
					"trace":[
						"<android.app.ContextImpl: boolean bindService(android.content.Intent,android.content.ServiceConnection,int)>",
						"<android.app.ContextImpl: boolean bindServiceCommon(android.content.Intent,android.content.ServiceConnection,int,android.os.Handler,android.os.UserHandle)>",
						"<android.app.LoadedApk: android.app.IServiceConnection getServiceDispatcher(android.content.ServiceConnection,android.content.Context,android.os.Handler,int)>",
						"<android.app.LoadedApk$ServiceDispatcher: void <init>(android.content.ServiceConnection,android.content.Context,android.os.Handler,int)>",
						"key field: <android.app.LoadedApk$ServiceDispatcher: android.content.Context mContext>",
						"<android.app.LoadedApk$ServiceDispatcher: void validate(android.content.Context,android.os.Handler)>"
					],
					"depth":4,
					"method":"<android.app.ContextImpl: boolean bindService(android.content.Intent,android.content.ServiceConnection,int)>",
					"source":"FIELDCALLER"
				},
				{
					"trace":[
						"<android.app.ContextImpl: boolean bindServiceAsUser(android.content.Intent,android.content.ServiceConnection,int,android.os.Handler,android.os.UserHandle)>",
						"<android.app.ContextImpl: boolean bindServiceCommon(android.content.Intent,android.content.ServiceConnection,int,android.os.Handler,android.os.UserHandle)>",
						"<android.app.LoadedApk: android.app.IServiceConnection getServiceDispatcher(android.content.ServiceConnection,android.content.Context,android.os.Handler,int)>",
						"<android.app.LoadedApk$ServiceDispatcher: void <init>(android.content.ServiceConnection,android.content.Context,android.os.Handler,int)>",
						"key field: <android.app.LoadedApk$ServiceDispatcher: android.content.Context mContext>",
						"<android.app.LoadedApk$ServiceDispatcher: void validate(android.content.Context,android.os.Handler)>"
					],
					"depth":4,
					"method":"<android.app.ContextImpl: boolean bindServiceAsUser(android.content.Intent,android.content.ServiceConnection,int,android.os.Handler,android.os.UserHandle)>",
					"source":"FIELDCALLER"
				},
				{
					"trace":[
						"<android.app.ContextImpl: boolean bindServiceAsUser(android.content.Intent,android.content.ServiceConnection,int,android.os.UserHandle)>",
						"<android.app.ContextImpl: boolean bindServiceCommon(android.content.Intent,android.content.ServiceConnection,int,android.os.Handler,android.os.UserHandle)>",
						"<android.app.LoadedApk: android.app.IServiceConnection getServiceDispatcher(android.content.ServiceConnection,android.content.Context,android.os.Handler,int)>",
						"<android.app.LoadedApk$ServiceDispatcher: void <init>(android.content.ServiceConnection,android.content.Context,android.os.Handler,int)>",
						"key field: <android.app.LoadedApk$ServiceDispatcher: android.content.Context mContext>",
						"<android.app.LoadedApk$ServiceDispatcher: void validate(android.content.Context,android.os.Handler)>"
					],
					"depth":4,
					"method":"<android.app.ContextImpl: boolean bindServiceAsUser(android.content.Intent,android.content.ServiceConnection,int,android.os.UserHandle)>",
					"source":"FIELDCALLER"
				},
				{
					"trace":[
						"<android.content.ContextWrapper: boolean bindService(android.content.Intent,android.content.ServiceConnection,int)>",
						"<android.app.ContextImpl: boolean bindService(android.content.Intent,android.content.ServiceConnection,int)>",
						"<android.app.ContextImpl: boolean bindServiceCommon(android.content.Intent,android.content.ServiceConnection,int,android.os.Handler,android.os.UserHandle)>",
						"<android.app.LoadedApk: android.app.IServiceConnection getServiceDispatcher(android.content.ServiceConnection,android.content.Context,android.os.Handler,int)>",
						"<android.app.LoadedApk$ServiceDispatcher: void <init>(android.content.ServiceConnection,android.content.Context,android.os.Handler,int)>",
						"key field: <android.app.LoadedApk$ServiceDispatcher: android.content.Context mContext>",
						"<android.app.LoadedApk$ServiceDispatcher: void validate(android.content.Context,android.os.Handler)>"
					],
					"depth":5,
					"method":"<android.content.ContextWrapper: boolean bindService(android.content.Intent,android.content.ServiceConnection,int)>",
					"source":"FIELDCALLER"
				},
				{
					"trace":[
						"<android.content.Context: boolean bindService(android.content.Intent,android.content.ServiceConnection,int)>",
						"<android.app.ContextImpl: boolean bindService(android.content.Intent,android.content.ServiceConnection,int)>",
						"<android.app.ContextImpl: boolean bindServiceCommon(android.content.Intent,android.content.ServiceConnection,int,android.os.Handler,android.os.UserHandle)>",
						"<android.app.LoadedApk: android.app.IServiceConnection getServiceDispatcher(android.content.ServiceConnection,android.content.Context,android.os.Handler,int)>",
						"<android.app.LoadedApk$ServiceDispatcher: void <init>(android.content.ServiceConnection,android.content.Context,android.os.Handler,int)>",
						"key field: <android.app.LoadedApk$ServiceDispatcher: android.content.Context mContext>",
						"<android.app.LoadedApk$ServiceDispatcher: void validate(android.content.Context,android.os.Handler)>"
					],
					"depth":5,
					"method":"<android.content.Context: boolean bindService(android.content.Intent,android.content.ServiceConnection,int)>",
					"source":"FIELDCALLER"
				},
				{
					"trace":[
						"<android.content.ContextWrapper: boolean bindServiceAsUser(android.content.Intent,android.content.ServiceConnection,int,android.os.UserHandle)>",
						"<android.app.ContextImpl: boolean bindServiceAsUser(android.content.Intent,android.content.ServiceConnection,int,android.os.UserHandle)>",
						"<android.app.ContextImpl: boolean bindServiceCommon(android.content.Intent,android.content.ServiceConnection,int,android.os.Handler,android.os.UserHandle)>",
						"<android.app.LoadedApk: android.app.IServiceConnection getServiceDispatcher(android.content.ServiceConnection,android.content.Context,android.os.Handler,int)>",
						"<android.app.LoadedApk$ServiceDispatcher: void <init>(android.content.ServiceConnection,android.content.Context,android.os.Handler,int)>",
						"key field: <android.app.LoadedApk$ServiceDispatcher: android.content.Context mContext>",
						"<android.app.LoadedApk$ServiceDispatcher: void validate(android.content.Context,android.os.Handler)>"
					],
					"depth":5,
					"method":"<android.content.ContextWrapper: boolean bindServiceAsUser(android.content.Intent,android.content.ServiceConnection,int,android.os.UserHandle)>",
					"source":"FIELDCALLER"
				}
			],
			"callerOfSingnlar2SourceVar":{
				"<android.app.LoadedApk: android.app.IServiceConnection getServiceDispatcher(android.content.ServiceConnection,android.content.Context,android.os.Handler,int)>":"1",
				"<android.app.LoadedApk$ServiceDispatcher: void validate(android.content.Context,android.os.Handler)>":"0"
			}
		},
		{
			"method":"<android.app.LoadedApk$ServiceDispatcher: void validate(android.content.Context,android.os.Handler)>",
			"message":"\\QServiceConnection \\E[\\s\\S]*\\Q registered with differing handler (was \\E[\\s\\S]*\\Q now \\E[\\s\\S]*\\Q)\\E",
			"relatedVarType":"ParaAndField",
			"relatedCondType":"Basic",
			"modifier":"default",
			"type":"java.lang.RuntimeException",
			"osVersionRelated":false,
			"resourceRelated":false,
			"assessRelated":false,
			"hardwareRelated":false,
			"manifestRelated":false,
			"conditions":"$r4 == r3, $r2 == r1",
			"paramValues":"@parameter1: android.os.Handler, @parameter0: android.content.Context",
			"fieldValues":"<android.app.LoadedApk$ServiceDispatcher: android.os.Handler mActivityThread>, <android.app.LoadedApk$ServiceDispatcher: android.content.Context mContext>",
			"relatedValues":"@parameter1: android.os.Handler, @parameter0: android.content.Context; <android.app.LoadedApk$ServiceDispatcher: android.os.Handler mActivityThread>, <android.app.LoadedApk$ServiceDispatcher: android.content.Context mContext>; ",
			"keyAPISameClassNum":2,
			"keyAPIDiffClassNum":11,
			"keyAPISameClass":[
				{
					"trace":[
						"<android.app.LoadedApk$ServiceDispatcher: void validate(android.content.Context,android.os.Handler)>"
					],
					"depth":1,
					"method":"<android.app.LoadedApk$ServiceDispatcher: void connected(android.content.ComponentName,android.os.IBinder)>",
					"source":"FIELD"
				},
				{
					"trace":[
						"<android.app.LoadedApk$ServiceDispatcher: void validate(android.content.Context,android.os.Handler)>"
					],
					"depth":1,
					"method":"<android.app.LoadedApk$ServiceDispatcher: void death(android.content.ComponentName,android.os.IBinder)>",
					"source":"FIELD"
				}
			],
			"keyAPIDiffClass":[
				{
					"trace":[
						"<android.app.LoadedApk: android.app.IServiceConnection getServiceDispatcher(android.content.ServiceConnection,android.content.Context,android.os.Handler,int)>",
						"<android.app.LoadedApk$ServiceDispatcher: void <init>(android.content.ServiceConnection,android.content.Context,android.os.Handler,int)>",
						"key field: <android.app.LoadedApk$ServiceDispatcher: android.os.Handler mActivityThread>",
						"<android.app.LoadedApk$ServiceDispatcher: void validate(android.content.Context,android.os.Handler)>"
					],
					"depth":2,
					"method":"<android.app.LoadedApk: android.app.IServiceConnection getServiceDispatcher(android.content.ServiceConnection,android.content.Context,android.os.Handler,int)>",
					"source":"FIELDCALLER"
				},
				{
					"trace":[
						"<android.app.LoadedApk$ServiceDispatcher$InnerConnection: void connected(android.content.ComponentName,android.os.IBinder)>",
						"<android.app.LoadedApk$ServiceDispatcher: void connected(android.content.ComponentName,android.os.IBinder)>",
						"key field: <android.app.LoadedApk$ServiceDispatcher: android.os.Handler mActivityThread>",
						"<android.app.LoadedApk$ServiceDispatcher: void validate(android.content.Context,android.os.Handler)>"
					],
					"depth":2,
					"method":"<android.app.LoadedApk$ServiceDispatcher$InnerConnection: void connected(android.content.ComponentName,android.os.IBinder)>",
					"source":"FIELDCALLER"
				},
				{
					"trace":[
						"<android.app.LoadedApk$ServiceDispatcher$DeathMonitor: void binderDied()>",
						"<android.app.LoadedApk$ServiceDispatcher: void death(android.content.ComponentName,android.os.IBinder)>",
						"key field: <android.app.LoadedApk$ServiceDispatcher: android.os.Handler mActivityThread>",
						"<android.app.LoadedApk$ServiceDispatcher: void validate(android.content.Context,android.os.Handler)>"
					],
					"depth":2,
					"method":"<android.app.LoadedApk$ServiceDispatcher$DeathMonitor: void binderDied()>",
					"source":"FIELDCALLER"
				},
				{
					"trace":[
						"<android.os.IBinder$DeathRecipient: void binderDied()>",
						"<android.app.LoadedApk$ServiceDispatcher: void death(android.content.ComponentName,android.os.IBinder)>",
						"key field: <android.app.LoadedApk$ServiceDispatcher: android.os.Handler mActivityThread>",
						"<android.app.LoadedApk$ServiceDispatcher: void validate(android.content.Context,android.os.Handler)>"
					],
					"depth":2,
					"method":"<android.os.IBinder$DeathRecipient: void binderDied()>",
					"source":"FIELDCALLER"
				},
				{
					"trace":[
						"<android.app.IServiceConnection$Stub: boolean onTransact(int,android.os.Parcel,android.os.Parcel,int)>",
						"<android.app.LoadedApk$ServiceDispatcher$InnerConnection: void connected(android.content.ComponentName,android.os.IBinder)>",
						"<android.app.LoadedApk$ServiceDispatcher: void connected(android.content.ComponentName,android.os.IBinder)>",
						"key field: <android.app.LoadedApk$ServiceDispatcher: android.os.Handler mActivityThread>",
						"<android.app.LoadedApk$ServiceDispatcher: void validate(android.content.Context,android.os.Handler)>"
					],
					"depth":3,
					"method":"<android.app.IServiceConnection$Stub: boolean onTransact(int,android.os.Parcel,android.os.Parcel,int)>",
					"source":"FIELDCALLER"
				},
				{
					"trace":[
						"<android.app.ContextImpl: boolean bindService(android.content.Intent,android.content.ServiceConnection,int)>",
						"<android.app.ContextImpl: boolean bindServiceCommon(android.content.Intent,android.content.ServiceConnection,int,android.os.Handler,android.os.UserHandle)>",
						"<android.app.LoadedApk: android.app.IServiceConnection getServiceDispatcher(android.content.ServiceConnection,android.content.Context,android.os.Handler,int)>",
						"<android.app.LoadedApk$ServiceDispatcher: void <init>(android.content.ServiceConnection,android.content.Context,android.os.Handler,int)>",
						"key field: <android.app.LoadedApk$ServiceDispatcher: android.os.Handler mActivityThread>",
						"<android.app.LoadedApk$ServiceDispatcher: void validate(android.content.Context,android.os.Handler)>"
					],
					"depth":4,
					"method":"<android.app.ContextImpl: boolean bindService(android.content.Intent,android.content.ServiceConnection,int)>",
					"source":"FIELDCALLER"
				},
				{
					"trace":[
						"<android.app.ContextImpl: boolean bindServiceAsUser(android.content.Intent,android.content.ServiceConnection,int,android.os.Handler,android.os.UserHandle)>",
						"<android.app.ContextImpl: boolean bindServiceCommon(android.content.Intent,android.content.ServiceConnection,int,android.os.Handler,android.os.UserHandle)>",
						"<android.app.LoadedApk: android.app.IServiceConnection getServiceDispatcher(android.content.ServiceConnection,android.content.Context,android.os.Handler,int)>",
						"<android.app.LoadedApk$ServiceDispatcher: void <init>(android.content.ServiceConnection,android.content.Context,android.os.Handler,int)>",
						"key field: <android.app.LoadedApk$ServiceDispatcher: android.os.Handler mActivityThread>",
						"<android.app.LoadedApk$ServiceDispatcher: void validate(android.content.Context,android.os.Handler)>"
					],
					"depth":4,
					"method":"<android.app.ContextImpl: boolean bindServiceAsUser(android.content.Intent,android.content.ServiceConnection,int,android.os.Handler,android.os.UserHandle)>",
					"source":"FIELDCALLER"
				},
				{
					"trace":[
						"<android.app.ContextImpl: boolean bindServiceAsUser(android.content.Intent,android.content.ServiceConnection,int,android.os.UserHandle)>",
						"<android.app.ContextImpl: boolean bindServiceCommon(android.content.Intent,android.content.ServiceConnection,int,android.os.Handler,android.os.UserHandle)>",
						"<android.app.LoadedApk: android.app.IServiceConnection getServiceDispatcher(android.content.ServiceConnection,android.content.Context,android.os.Handler,int)>",
						"<android.app.LoadedApk$ServiceDispatcher: void <init>(android.content.ServiceConnection,android.content.Context,android.os.Handler,int)>",
						"key field: <android.app.LoadedApk$ServiceDispatcher: android.os.Handler mActivityThread>",
						"<android.app.LoadedApk$ServiceDispatcher: void validate(android.content.Context,android.os.Handler)>"
					],
					"depth":4,
					"method":"<android.app.ContextImpl: boolean bindServiceAsUser(android.content.Intent,android.content.ServiceConnection,int,android.os.UserHandle)>",
					"source":"FIELDCALLER"
				},
				{
					"trace":[
						"<android.content.ContextWrapper: boolean bindService(android.content.Intent,android.content.ServiceConnection,int)>",
						"<android.app.ContextImpl: boolean bindService(android.content.Intent,android.content.ServiceConnection,int)>",
						"<android.app.ContextImpl: boolean bindServiceCommon(android.content.Intent,android.content.ServiceConnection,int,android.os.Handler,android.os.UserHandle)>",
						"<android.app.LoadedApk: android.app.IServiceConnection getServiceDispatcher(android.content.ServiceConnection,android.content.Context,android.os.Handler,int)>",
						"<android.app.LoadedApk$ServiceDispatcher: void <init>(android.content.ServiceConnection,android.content.Context,android.os.Handler,int)>",
						"key field: <android.app.LoadedApk$ServiceDispatcher: android.os.Handler mActivityThread>",
						"<android.app.LoadedApk$ServiceDispatcher: void validate(android.content.Context,android.os.Handler)>"
					],
					"depth":5,
					"method":"<android.content.ContextWrapper: boolean bindService(android.content.Intent,android.content.ServiceConnection,int)>",
					"source":"FIELDCALLER"
				},
				{
					"trace":[
						"<android.content.Context: boolean bindService(android.content.Intent,android.content.ServiceConnection,int)>",
						"<android.app.ContextImpl: boolean bindService(android.content.Intent,android.content.ServiceConnection,int)>",
						"<android.app.ContextImpl: boolean bindServiceCommon(android.content.Intent,android.content.ServiceConnection,int,android.os.Handler,android.os.UserHandle)>",
						"<android.app.LoadedApk: android.app.IServiceConnection getServiceDispatcher(android.content.ServiceConnection,android.content.Context,android.os.Handler,int)>",
						"<android.app.LoadedApk$ServiceDispatcher: void <init>(android.content.ServiceConnection,android.content.Context,android.os.Handler,int)>",
						"key field: <android.app.LoadedApk$ServiceDispatcher: android.os.Handler mActivityThread>",
						"<android.app.LoadedApk$ServiceDispatcher: void validate(android.content.Context,android.os.Handler)>"
					],
					"depth":5,
					"method":"<android.content.Context: boolean bindService(android.content.Intent,android.content.ServiceConnection,int)>",
					"source":"FIELDCALLER"
				},
				{
					"trace":[
						"<android.content.ContextWrapper: boolean bindServiceAsUser(android.content.Intent,android.content.ServiceConnection,int,android.os.UserHandle)>",
						"<android.app.ContextImpl: boolean bindServiceAsUser(android.content.Intent,android.content.ServiceConnection,int,android.os.UserHandle)>",
						"<android.app.ContextImpl: boolean bindServiceCommon(android.content.Intent,android.content.ServiceConnection,int,android.os.Handler,android.os.UserHandle)>",
						"<android.app.LoadedApk: android.app.IServiceConnection getServiceDispatcher(android.content.ServiceConnection,android.content.Context,android.os.Handler,int)>",
						"<android.app.LoadedApk$ServiceDispatcher: void <init>(android.content.ServiceConnection,android.content.Context,android.os.Handler,int)>",
						"key field: <android.app.LoadedApk$ServiceDispatcher: android.os.Handler mActivityThread>",
						"<android.app.LoadedApk$ServiceDispatcher: void validate(android.content.Context,android.os.Handler)>"
					],
					"depth":5,
					"method":"<android.content.ContextWrapper: boolean bindServiceAsUser(android.content.Intent,android.content.ServiceConnection,int,android.os.UserHandle)>",
					"source":"FIELDCALLER"
				}
			],
			"callerOfSingnlar2SourceVar":{
				"<android.app.LoadedApk: android.app.IServiceConnection getServiceDispatcher(android.content.ServiceConnection,android.content.Context,android.os.Handler,int)>":"2, 1",
				"<android.app.LoadedApk$ServiceDispatcher: void validate(android.content.Context,android.os.Handler)>":"1, 0",
				"<android.app.ContextImpl: boolean bindServiceCommon(android.content.Intent,android.content.ServiceConnection,int,android.os.Handler,android.os.UserHandle)>":"3",
				"<android.app.ContextImpl: boolean bindServiceAsUser(android.content.Intent,android.content.ServiceConnection,int,android.os.Handler,android.os.UserHandle)>":"3"
			}
		}
	]
}