{
	"exceptions":[
		{
			"method":"<android.hardware.camera2.impl.CameraDeviceImpl$RequestLastFrameNumbersHolder: void <init>(java.util.List,android.hardware.camera2.utils.SubmitInfo)>",
			"message":"\\QlastFrameNumber: \\E[\\s\\S]*\\Q should be at least \\E[\\s\\S]*\\Q for the number of  requests in the list: \\E[\\s\\S]*",
			"relatedVarType":"Parameter",
			"relatedCondType":"Basic",
			"modifier":"public",
			"type":"java.lang.IllegalArgumentException",
			"osVersionRelated":false,
			"resourceRelated":false,
			"assessRelated":false,
			"hardwareRelated":true,
			"manifestRelated":false,
			"conditions":"$b4 >= 0",
			"paramValues":"@parameter1: android.hardware.camera2.utils.SubmitInfo, @parameter0: java.util.List",
			"relatedValues":"@parameter1: android.hardware.camera2.utils.SubmitInfo, @parameter0: java.util.List; ; ",
			"keyAPISameClassNum":0,
			"keyAPIDiffClassNum":0,
			"keyAPISameClass":[
				{
					"trace":[
						"<android.hardware.camera2.impl.CameraDeviceImpl$RequestLastFrameNumbersHolder: void <init>(java.util.List,android.hardware.camera2.utils.SubmitInfo)>"
					],
					"depth":0,
					"method":"<android.hardware.camera2.impl.CameraDeviceImpl$RequestLastFrameNumbersHolder: void <init>(java.util.List,android.hardware.camera2.utils.SubmitInfo)>",
					"source":"CALLER"
				}
			],
			"keyAPIDiffClass":[
				{
					"trace":[
						"<android.hardware.camera2.impl.CameraDeviceImpl: int capture(android.hardware.camera2.CaptureRequest,android.hardware.camera2.impl.CameraDeviceImpl$CaptureCallback,android.os.Handler)>",
						"<android.hardware.camera2.impl.CameraDeviceImpl: int submitCaptureRequest(java.util.List,android.hardware.camera2.impl.CameraDeviceImpl$CaptureCallback,android.os.Handler,boolean)>",
						"<android.hardware.camera2.impl.CameraDeviceImpl$RequestLastFrameNumbersHolder: void <init>(java.util.List,android.hardware.camera2.utils.SubmitInfo)>"
					],
					"depth":2,
					"method":"<android.hardware.camera2.impl.CameraDeviceImpl: int capture(android.hardware.camera2.CaptureRequest,android.hardware.camera2.impl.CameraDeviceImpl$CaptureCallback,android.os.Handler)>",
					"source":"CALLER"
				},
				{
					"trace":[
						"<android.hardware.camera2.impl.CameraDeviceImpl: int setRepeatingBurst(java.util.List,android.hardware.camera2.impl.CameraDeviceImpl$CaptureCallback,android.os.Handler)>",
						"<android.hardware.camera2.impl.CameraDeviceImpl: int submitCaptureRequest(java.util.List,android.hardware.camera2.impl.CameraDeviceImpl$CaptureCallback,android.os.Handler,boolean)>",
						"<android.hardware.camera2.impl.CameraDeviceImpl$RequestLastFrameNumbersHolder: void <init>(java.util.List,android.hardware.camera2.utils.SubmitInfo)>"
					],
					"depth":2,
					"method":"<android.hardware.camera2.impl.CameraDeviceImpl: int setRepeatingBurst(java.util.List,android.hardware.camera2.impl.CameraDeviceImpl$CaptureCallback,android.os.Handler)>",
					"source":"CALLER"
				},
				{
					"trace":[
						"<android.hardware.camera2.impl.CameraDeviceImpl: int setRepeatingRequest(android.hardware.camera2.CaptureRequest,android.hardware.camera2.impl.CameraDeviceImpl$CaptureCallback,android.os.Handler)>",
						"<android.hardware.camera2.impl.CameraDeviceImpl: int submitCaptureRequest(java.util.List,android.hardware.camera2.impl.CameraDeviceImpl$CaptureCallback,android.os.Handler,boolean)>",
						"<android.hardware.camera2.impl.CameraDeviceImpl$RequestLastFrameNumbersHolder: void <init>(java.util.List,android.hardware.camera2.utils.SubmitInfo)>"
					],
					"depth":2,
					"method":"<android.hardware.camera2.impl.CameraDeviceImpl: int setRepeatingRequest(android.hardware.camera2.CaptureRequest,android.hardware.camera2.impl.CameraDeviceImpl$CaptureCallback,android.os.Handler)>",
					"source":"CALLER"
				},
				{
					"trace":[
						"<android.hardware.camera2.impl.CameraDeviceImpl: int captureBurst(java.util.List,android.hardware.camera2.impl.CameraDeviceImpl$CaptureCallback,android.os.Handler)>",
						"<android.hardware.camera2.impl.CameraDeviceImpl: int submitCaptureRequest(java.util.List,android.hardware.camera2.impl.CameraDeviceImpl$CaptureCallback,android.os.Handler,boolean)>",
						"<android.hardware.camera2.impl.CameraDeviceImpl$RequestLastFrameNumbersHolder: void <init>(java.util.List,android.hardware.camera2.utils.SubmitInfo)>"
					],
					"depth":2,
					"method":"<android.hardware.camera2.impl.CameraDeviceImpl: int captureBurst(java.util.List,android.hardware.camera2.impl.CameraDeviceImpl$CaptureCallback,android.os.Handler)>",
					"source":"CALLER"
				},
				{
					"trace":[
						"<android.hardware.camera2.impl.CameraCaptureSessionImpl: int capture(android.hardware.camera2.CaptureRequest,android.hardware.camera2.CameraCaptureSession$CaptureCallback,android.os.Handler)>",
						"<android.hardware.camera2.impl.CameraDeviceImpl: int capture(android.hardware.camera2.CaptureRequest,android.hardware.camera2.impl.CameraDeviceImpl$CaptureCallback,android.os.Handler)>",
						"<android.hardware.camera2.impl.CameraDeviceImpl: int submitCaptureRequest(java.util.List,android.hardware.camera2.impl.CameraDeviceImpl$CaptureCallback,android.os.Handler,boolean)>",
						"<android.hardware.camera2.impl.CameraDeviceImpl$RequestLastFrameNumbersHolder: void <init>(java.util.List,android.hardware.camera2.utils.SubmitInfo)>"
					],
					"depth":3,
					"method":"<android.hardware.camera2.impl.CameraCaptureSessionImpl: int capture(android.hardware.camera2.CaptureRequest,android.hardware.camera2.CameraCaptureSession$CaptureCallback,android.os.Handler)>",
					"source":"CALLER"
				},
				{
					"trace":[
						"<android.hardware.camera2.CameraCaptureSession: int capture(android.hardware.camera2.CaptureRequest,android.hardware.camera2.CameraCaptureSession$CaptureCallback,android.os.Handler)>",
						"<android.hardware.camera2.impl.CameraDeviceImpl: int capture(android.hardware.camera2.CaptureRequest,android.hardware.camera2.impl.CameraDeviceImpl$CaptureCallback,android.os.Handler)>",
						"<android.hardware.camera2.impl.CameraDeviceImpl: int submitCaptureRequest(java.util.List,android.hardware.camera2.impl.CameraDeviceImpl$CaptureCallback,android.os.Handler,boolean)>",
						"<android.hardware.camera2.impl.CameraDeviceImpl$RequestLastFrameNumbersHolder: void <init>(java.util.List,android.hardware.camera2.utils.SubmitInfo)>"
					],
					"depth":3,
					"method":"<android.hardware.camera2.CameraCaptureSession: int capture(android.hardware.camera2.CaptureRequest,android.hardware.camera2.CameraCaptureSession$CaptureCallback,android.os.Handler)>",
					"source":"CALLER"
				},
				{
					"trace":[
						"<android.hardware.camera2.impl.CameraCaptureSessionImpl: int setRepeatingBurst(java.util.List,android.hardware.camera2.CameraCaptureSession$CaptureCallback,android.os.Handler)>",
						"<android.hardware.camera2.impl.CameraDeviceImpl: int setRepeatingBurst(java.util.List,android.hardware.camera2.impl.CameraDeviceImpl$CaptureCallback,android.os.Handler)>",
						"<android.hardware.camera2.impl.CameraDeviceImpl: int submitCaptureRequest(java.util.List,android.hardware.camera2.impl.CameraDeviceImpl$CaptureCallback,android.os.Handler,boolean)>",
						"<android.hardware.camera2.impl.CameraDeviceImpl$RequestLastFrameNumbersHolder: void <init>(java.util.List,android.hardware.camera2.utils.SubmitInfo)>"
					],
					"depth":3,
					"method":"<android.hardware.camera2.impl.CameraCaptureSessionImpl: int setRepeatingBurst(java.util.List,android.hardware.camera2.CameraCaptureSession$CaptureCallback,android.os.Handler)>",
					"source":"CALLER"
				},
				{
					"trace":[
						"<android.hardware.camera2.CameraCaptureSession: int setRepeatingBurst(java.util.List,android.hardware.camera2.CameraCaptureSession$CaptureCallback,android.os.Handler)>",
						"<android.hardware.camera2.impl.CameraDeviceImpl: int setRepeatingBurst(java.util.List,android.hardware.camera2.impl.CameraDeviceImpl$CaptureCallback,android.os.Handler)>",
						"<android.hardware.camera2.impl.CameraDeviceImpl: int submitCaptureRequest(java.util.List,android.hardware.camera2.impl.CameraDeviceImpl$CaptureCallback,android.os.Handler,boolean)>",
						"<android.hardware.camera2.impl.CameraDeviceImpl$RequestLastFrameNumbersHolder: void <init>(java.util.List,android.hardware.camera2.utils.SubmitInfo)>"
					],
					"depth":3,
					"method":"<android.hardware.camera2.CameraCaptureSession: int setRepeatingBurst(java.util.List,android.hardware.camera2.CameraCaptureSession$CaptureCallback,android.os.Handler)>",
					"source":"CALLER"
				},
				{
					"trace":[
						"<android.hardware.camera2.impl.CameraCaptureSessionImpl: int setRepeatingRequest(android.hardware.camera2.CaptureRequest,android.hardware.camera2.CameraCaptureSession$CaptureCallback,android.os.Handler)>",
						"<android.hardware.camera2.impl.CameraDeviceImpl: int setRepeatingRequest(android.hardware.camera2.CaptureRequest,android.hardware.camera2.impl.CameraDeviceImpl$CaptureCallback,android.os.Handler)>",
						"<android.hardware.camera2.impl.CameraDeviceImpl: int submitCaptureRequest(java.util.List,android.hardware.camera2.impl.CameraDeviceImpl$CaptureCallback,android.os.Handler,boolean)>",
						"<android.hardware.camera2.impl.CameraDeviceImpl$RequestLastFrameNumbersHolder: void <init>(java.util.List,android.hardware.camera2.utils.SubmitInfo)>"
					],
					"depth":3,
					"method":"<android.hardware.camera2.impl.CameraCaptureSessionImpl: int setRepeatingRequest(android.hardware.camera2.CaptureRequest,android.hardware.camera2.CameraCaptureSession$CaptureCallback,android.os.Handler)>",
					"source":"CALLER"
				},
				{
					"trace":[
						"<android.hardware.camera2.CameraCaptureSession: int setRepeatingRequest(android.hardware.camera2.CaptureRequest,android.hardware.camera2.CameraCaptureSession$CaptureCallback,android.os.Handler)>",
						"<android.hardware.camera2.impl.CameraDeviceImpl: int setRepeatingRequest(android.hardware.camera2.CaptureRequest,android.hardware.camera2.impl.CameraDeviceImpl$CaptureCallback,android.os.Handler)>",
						"<android.hardware.camera2.impl.CameraDeviceImpl: int submitCaptureRequest(java.util.List,android.hardware.camera2.impl.CameraDeviceImpl$CaptureCallback,android.os.Handler,boolean)>",
						"<android.hardware.camera2.impl.CameraDeviceImpl$RequestLastFrameNumbersHolder: void <init>(java.util.List,android.hardware.camera2.utils.SubmitInfo)>"
					],
					"depth":3,
					"method":"<android.hardware.camera2.CameraCaptureSession: int setRepeatingRequest(android.hardware.camera2.CaptureRequest,android.hardware.camera2.CameraCaptureSession$CaptureCallback,android.os.Handler)>",
					"source":"CALLER"
				},
				{
					"trace":[
						"<android.hardware.camera2.impl.CameraCaptureSessionImpl: int captureBurst(java.util.List,android.hardware.camera2.CameraCaptureSession$CaptureCallback,android.os.Handler)>",
						"<android.hardware.camera2.impl.CameraDeviceImpl: int captureBurst(java.util.List,android.hardware.camera2.impl.CameraDeviceImpl$CaptureCallback,android.os.Handler)>",
						"<android.hardware.camera2.impl.CameraDeviceImpl: int submitCaptureRequest(java.util.List,android.hardware.camera2.impl.CameraDeviceImpl$CaptureCallback,android.os.Handler,boolean)>",
						"<android.hardware.camera2.impl.CameraDeviceImpl$RequestLastFrameNumbersHolder: void <init>(java.util.List,android.hardware.camera2.utils.SubmitInfo)>"
					],
					"depth":3,
					"method":"<android.hardware.camera2.impl.CameraCaptureSessionImpl: int captureBurst(java.util.List,android.hardware.camera2.CameraCaptureSession$CaptureCallback,android.os.Handler)>",
					"source":"CALLER"
				},
				{
					"trace":[
						"<android.hardware.camera2.CameraCaptureSession: int captureBurst(java.util.List,android.hardware.camera2.CameraCaptureSession$CaptureCallback,android.os.Handler)>",
						"<android.hardware.camera2.impl.CameraDeviceImpl: int captureBurst(java.util.List,android.hardware.camera2.impl.CameraDeviceImpl$CaptureCallback,android.os.Handler)>",
						"<android.hardware.camera2.impl.CameraDeviceImpl: int submitCaptureRequest(java.util.List,android.hardware.camera2.impl.CameraDeviceImpl$CaptureCallback,android.os.Handler,boolean)>",
						"<android.hardware.camera2.impl.CameraDeviceImpl$RequestLastFrameNumbersHolder: void <init>(java.util.List,android.hardware.camera2.utils.SubmitInfo)>"
					],
					"depth":3,
					"method":"<android.hardware.camera2.CameraCaptureSession: int captureBurst(java.util.List,android.hardware.camera2.CameraCaptureSession$CaptureCallback,android.os.Handler)>",
					"source":"CALLER"
				},
				{
					"trace":[
						"<android.hardware.camera2.impl.CameraConstrainedHighSpeedCaptureSessionImpl: int setRepeatingBurst(java.util.List,android.hardware.camera2.CameraCaptureSession$CaptureCallback,android.os.Handler)>",
						"<android.hardware.camera2.impl.CameraCaptureSessionImpl: int setRepeatingBurst(java.util.List,android.hardware.camera2.CameraCaptureSession$CaptureCallback,android.os.Handler)>",
						"<android.hardware.camera2.impl.CameraDeviceImpl: int setRepeatingBurst(java.util.List,android.hardware.camera2.impl.CameraDeviceImpl$CaptureCallback,android.os.Handler)>",
						"<android.hardware.camera2.impl.CameraDeviceImpl: int submitCaptureRequest(java.util.List,android.hardware.camera2.impl.CameraDeviceImpl$CaptureCallback,android.os.Handler,boolean)>",
						"<android.hardware.camera2.impl.CameraDeviceImpl$RequestLastFrameNumbersHolder: void <init>(java.util.List,android.hardware.camera2.utils.SubmitInfo)>"
					],
					"depth":4,
					"method":"<android.hardware.camera2.impl.CameraConstrainedHighSpeedCaptureSessionImpl: int setRepeatingBurst(java.util.List,android.hardware.camera2.CameraCaptureSession$CaptureCallback,android.os.Handler)>",
					"source":"CALLER"
				},
				{
					"trace":[
						"<android.hardware.camera2.impl.CameraConstrainedHighSpeedCaptureSessionImpl: int captureBurst(java.util.List,android.hardware.camera2.CameraCaptureSession$CaptureCallback,android.os.Handler)>",
						"<android.hardware.camera2.impl.CameraCaptureSessionImpl: int captureBurst(java.util.List,android.hardware.camera2.CameraCaptureSession$CaptureCallback,android.os.Handler)>",
						"<android.hardware.camera2.impl.CameraDeviceImpl: int captureBurst(java.util.List,android.hardware.camera2.impl.CameraDeviceImpl$CaptureCallback,android.os.Handler)>",
						"<android.hardware.camera2.impl.CameraDeviceImpl: int submitCaptureRequest(java.util.List,android.hardware.camera2.impl.CameraDeviceImpl$CaptureCallback,android.os.Handler,boolean)>",
						"<android.hardware.camera2.impl.CameraDeviceImpl$RequestLastFrameNumbersHolder: void <init>(java.util.List,android.hardware.camera2.utils.SubmitInfo)>"
					],
					"depth":4,
					"method":"<android.hardware.camera2.impl.CameraConstrainedHighSpeedCaptureSessionImpl: int captureBurst(java.util.List,android.hardware.camera2.CameraCaptureSession$CaptureCallback,android.os.Handler)>",
					"source":"CALLER"
				}
			],
			"callerOfSingnlar2SourceVar":{
				"<android.hardware.camera2.impl.CameraDeviceImpl: int captureBurst(java.util.List,android.hardware.camera2.impl.CameraDeviceImpl$CaptureCallback,android.os.Handler)>":"0",
				"<android.hardware.camera2.impl.CameraCaptureSessionImpl: int captureBurst(java.util.List,android.hardware.camera2.CameraCaptureSession$CaptureCallback,android.os.Handler)>":"0",
				"<android.hardware.camera2.impl.CameraDeviceImpl: int submitCaptureRequest(java.util.List,android.hardware.camera2.impl.CameraDeviceImpl$CaptureCallback,android.os.Handler,boolean)>":"0",
				"<android.hardware.camera2.impl.CameraDeviceImpl$RequestLastFrameNumbersHolder: void <init>(java.util.List,android.hardware.camera2.utils.SubmitInfo)>":"1, 0",
				"<android.hardware.camera2.impl.CameraDeviceImpl: int setRepeatingBurst(java.util.List,android.hardware.camera2.impl.CameraDeviceImpl$CaptureCallback,android.os.Handler)>":"0",
				"<android.hardware.camera2.impl.CameraConstrainedHighSpeedCaptureSessionImpl: int setRepeatingBurst(java.util.List,android.hardware.camera2.CameraCaptureSession$CaptureCallback,android.os.Handler)>":"0",
				"<android.hardware.camera2.impl.CameraCaptureSessionImpl: int setRepeatingBurst(java.util.List,android.hardware.camera2.CameraCaptureSession$CaptureCallback,android.os.Handler)>":"0",
				"<android.hardware.camera2.impl.CameraConstrainedHighSpeedCaptureSessionImpl: int captureBurst(java.util.List,android.hardware.camera2.CameraCaptureSession$CaptureCallback,android.os.Handler)>":"0"
			}
		}
	]
}