{
	"exceptions":[
		{
			"method":"<android.filterpacks.imageproc.StraightenFilter: void initProgram(android.filterfw.core.FilterContext,int)>",
			"message":"\\QFilter Sharpen does not support frames of target \\E[\\s\\S]*\\Q!\\E",
			"relatedVarType":"Parameter",
			"relatedCondType":"Basic",
			"modifier":"public",
			"type":"java.lang.RuntimeException",
			"osVersionRelated":false,
			"resourceRelated":false,
			"assessRelated":false,
			"hardwareRelated":false,
			"manifestRelated":false,
			"conditions":"i0",
			"paramValues":"@parameter1: int",
			"relatedValues":"@parameter1: int; ; ",
			"keyAPISameClassNum":0,
			"keyAPIDiffClassNum":0,
			"keyAPISameClass":[
				{
					"trace":[
						"<android.filterpacks.imageproc.StraightenFilter: void initProgram(android.filterfw.core.FilterContext,int)>"
					],
					"depth":0,
					"method":"<android.filterpacks.imageproc.StraightenFilter: void initProgram(android.filterfw.core.FilterContext,int)>",
					"source":"CALLER"
				}
			],
			"keyAPIDiffClass":[],
			"callerOfSingnlar2SourceVar":{
				"<android.filterpacks.imageproc.StraightenFilter: void initProgram(android.filterfw.core.FilterContext,int)>":"1"
			}
		},
		{
			"method":"<android.filterpacks.imageproc.StraightenFilter: void updateParameters()>",
			"message":"\\QMax angle is out of range (0-180).\\E",
			"relatedVarType":"Field",
			"relatedCondType":"Basic",
			"modifier":"private",
			"type":"java.lang.RuntimeException",
			"osVersionRelated":false,
			"resourceRelated":false,
			"assessRelated":false,
			"hardwareRelated":false,
			"manifestRelated":false,
			"conditions":"$b0 > 0",
			"fieldValues":"<android.filterpacks.imageproc.StraightenFilter: float mMaxAngle>",
			"relatedValues":"; <android.filterpacks.imageproc.StraightenFilter: float mMaxAngle>; ",
			"keyAPISameClassNum":3,
			"keyAPIDiffClassNum":0,
			"keyAPISameClass":[
				{
					"trace":[
						"<android.filterpacks.imageproc.StraightenFilter: void updateParameters()>"
					],
					"depth":1,
					"method":"<android.filterpacks.imageproc.StraightenFilter: void <init>(java.lang.String)>",
					"source":"FIELD"
				},
				{
					"trace":[
						"<android.filterpacks.imageproc.StraightenFilter: void fieldPortValueUpdated(java.lang.String,android.filterfw.core.FilterContext)>",
						"<android.filterpacks.imageproc.StraightenFilter: void updateParameters()>",
						"key field: <android.filterpacks.imageproc.StraightenFilter: float mMaxAngle>",
						"<android.filterpacks.imageproc.StraightenFilter: void updateParameters()>"
					],
					"depth":2,
					"method":"<android.filterpacks.imageproc.StraightenFilter: void fieldPortValueUpdated(java.lang.String,android.filterfw.core.FilterContext)>",
					"source":"FIELDCALLER"
				},
				{
					"trace":[
						"<android.filterpacks.imageproc.StraightenFilter: void process(android.filterfw.core.FilterContext)>",
						"<android.filterpacks.imageproc.StraightenFilter: void updateParameters()>",
						"key field: <android.filterpacks.imageproc.StraightenFilter: float mMaxAngle>",
						"<android.filterpacks.imageproc.StraightenFilter: void updateParameters()>"
					],
					"depth":2,
					"method":"<android.filterpacks.imageproc.StraightenFilter: void process(android.filterfw.core.FilterContext)>",
					"source":"FIELDCALLER"
				}
			],
			"keyAPIDiffClass":[],
			"callerOfSingnlar2SourceVar":{}
		}
	]
}