{
	"exceptions":[
		{
			"method":"<android.hardware.camera2.marshal.impl.MarshalQueryableArray$MarshalerArray: java.lang.Object unmarshal(java.nio.ByteBuffer)>",
			"message":"\\QArrays for \\E[\\s\\S]*\\Q must be packed tighly into a multiple of \\E[\\s\\S]*\\Q; but there are \\E[\\s\\S]*\\Q left over bytes\\E",
			"relatedVarType":"ParaAndField",
			"relatedCondType":"Basic",
			"modifier":"public",
			"type":"java.lang.UnsupportedOperationException",
			"osVersionRelated":false,
			"resourceRelated":false,
			"assessRelated":false,
			"hardwareRelated":true,
			"manifestRelated":false,
			"conditions":"$i5 == 0, i0 == $i1",
			"paramValues":"@parameter0: java.nio.ByteBuffer",
			"fieldValues":"<android.hardware.camera2.marshal.impl.MarshalQueryableArray$MarshalerArray: android.hardware.camera2.marshal.Marshaler mComponentMarshaler>, <android.hardware.camera2.marshal.Marshaler: int NATIVE_SIZE_DYNAMIC>",
			"relatedValues":"@parameter0: java.nio.ByteBuffer; <android.hardware.camera2.marshal.impl.MarshalQueryableArray$MarshalerArray: android.hardware.camera2.marshal.Marshaler mComponentMarshaler>, <android.hardware.camera2.marshal.Marshaler: int NATIVE_SIZE_DYNAMIC>; ",
			"keyAPISameClassNum":3,
			"keyAPIDiffClassNum":37,
			"keyAPISameClass":[
				{
					"trace":[
						"<android.hardware.camera2.marshal.impl.MarshalQueryableArray$MarshalerArray: java.lang.Object unmarshal(java.nio.ByteBuffer)>"
					],
					"depth":1,
					"method":"<android.hardware.camera2.marshal.impl.MarshalQueryableArray$MarshalerArray: void marshal(java.lang.Object,java.nio.ByteBuffer)>",
					"source":"FIELD"
				},
				{
					"trace":[
						"<android.hardware.camera2.marshal.impl.MarshalQueryableArray$MarshalerArray: java.lang.Object unmarshal(java.nio.ByteBuffer)>"
					],
					"depth":1,
					"method":"<android.hardware.camera2.marshal.impl.MarshalQueryableArray$MarshalerArray: java.lang.Object unmarshal(java.nio.ByteBuffer)>",
					"source":"FIELD"
				},
				{
					"trace":[
						"<android.hardware.camera2.marshal.impl.MarshalQueryableArray$MarshalerArray: java.lang.Object unmarshal(java.nio.ByteBuffer)>"
					],
					"depth":1,
					"method":"<android.hardware.camera2.marshal.impl.MarshalQueryableArray$MarshalerArray: int calculateMarshalSize(java.lang.Object)>",
					"source":"FIELD"
				}
			],
			"keyAPIDiffClass":[
				{
					"trace":[
						"<android.hardware.camera2.marshal.impl.MarshalQueryableArray: android.hardware.camera2.marshal.Marshaler createMarshaler(android.hardware.camera2.utils.TypeReference,int)>",
						"<android.hardware.camera2.marshal.impl.MarshalQueryableArray$MarshalerArray: void <init>(android.hardware.camera2.marshal.impl.MarshalQueryableArray,android.hardware.camera2.utils.TypeReference,int)>",
						"key field: <android.hardware.camera2.marshal.impl.MarshalQueryableArray$MarshalerArray: android.hardware.camera2.marshal.Marshaler mComponentMarshaler>",
						"<android.hardware.camera2.marshal.impl.MarshalQueryableArray$MarshalerArray: java.lang.Object unmarshal(java.nio.ByteBuffer)>"
					],
					"depth":2,
					"method":"<android.hardware.camera2.marshal.impl.MarshalQueryableArray: android.hardware.camera2.marshal.Marshaler createMarshaler(android.hardware.camera2.utils.TypeReference,int)>",
					"source":"FIELDCALLER"
				},
				{
					"trace":[
						"<android.hardware.camera2.marshal.MarshalQueryable: android.hardware.camera2.marshal.Marshaler createMarshaler(android.hardware.camera2.utils.TypeReference,int)>",
						"<android.hardware.camera2.marshal.impl.MarshalQueryableArray$MarshalerArray: void <init>(android.hardware.camera2.marshal.impl.MarshalQueryableArray,android.hardware.camera2.utils.TypeReference,int)>",
						"key field: <android.hardware.camera2.marshal.impl.MarshalQueryableArray$MarshalerArray: android.hardware.camera2.marshal.Marshaler mComponentMarshaler>",
						"<android.hardware.camera2.marshal.impl.MarshalQueryableArray$MarshalerArray: java.lang.Object unmarshal(java.nio.ByteBuffer)>"
					],
					"depth":2,
					"method":"<android.hardware.camera2.marshal.MarshalQueryable: android.hardware.camera2.marshal.Marshaler createMarshaler(android.hardware.camera2.utils.TypeReference,int)>",
					"source":"FIELDCALLER"
				},
				{
					"trace":[
						"<android.hardware.camera2.marshal.impl.MarshalQueryableRange$MarshalerRange: void marshal(android.util.Range,java.nio.ByteBuffer)>",
						"<android.hardware.camera2.marshal.impl.MarshalQueryableArray$MarshalerArray: void marshal(java.lang.Object,java.nio.ByteBuffer)>",
						"key field: <android.hardware.camera2.marshal.impl.MarshalQueryableArray$MarshalerArray: android.hardware.camera2.marshal.Marshaler mComponentMarshaler>",
						"<android.hardware.camera2.marshal.impl.MarshalQueryableArray$MarshalerArray: java.lang.Object unmarshal(java.nio.ByteBuffer)>"
					],
					"depth":2,
					"method":"<android.hardware.camera2.marshal.impl.MarshalQueryableRange$MarshalerRange: void marshal(android.util.Range,java.nio.ByteBuffer)>",
					"source":"FIELDCALLER"
				},
				{
					"trace":[
						"<android.hardware.camera2.marshal.impl.MarshalQueryableRange$MarshalerRange: android.util.Range unmarshal(java.nio.ByteBuffer)>",
						"<android.hardware.camera2.marshal.impl.MarshalQueryableArray$MarshalerArray: java.lang.Object unmarshal(java.nio.ByteBuffer)>",
						"key field: <android.hardware.camera2.marshal.impl.MarshalQueryableArray$MarshalerArray: android.hardware.camera2.marshal.Marshaler mComponentMarshaler>",
						"<android.hardware.camera2.marshal.impl.MarshalQueryableArray$MarshalerArray: java.lang.Object unmarshal(java.nio.ByteBuffer)>"
					],
					"depth":2,
					"method":"<android.hardware.camera2.marshal.impl.MarshalQueryableRange$MarshalerRange: android.util.Range unmarshal(java.nio.ByteBuffer)>",
					"source":"FIELDCALLER"
				},
				{
					"trace":[
						"<android.hardware.camera2.marshal.impl.MarshalQueryableRange$MarshalerRange: int calculateMarshalSize(android.util.Range)>",
						"<android.hardware.camera2.marshal.impl.MarshalQueryableArray$MarshalerArray: int calculateMarshalSize(java.lang.Object)>",
						"key field: <android.hardware.camera2.marshal.impl.MarshalQueryableArray$MarshalerArray: android.hardware.camera2.marshal.Marshaler mComponentMarshaler>",
						"<android.hardware.camera2.marshal.impl.MarshalQueryableArray$MarshalerArray: java.lang.Object unmarshal(java.nio.ByteBuffer)>"
					],
					"depth":2,
					"method":"<android.hardware.camera2.marshal.impl.MarshalQueryableRange$MarshalerRange: int calculateMarshalSize(android.util.Range)>",
					"source":"FIELDCALLER"
				},
				{
					"trace":[
						"<android.hardware.camera2.marshal.MarshalRegistry: android.hardware.camera2.marshal.Marshaler getMarshaler(android.hardware.camera2.utils.TypeReference,int)>",
						"<android.hardware.camera2.marshal.impl.MarshalQueryableArray: android.hardware.camera2.marshal.Marshaler createMarshaler(android.hardware.camera2.utils.TypeReference,int)>",
						"<android.hardware.camera2.marshal.impl.MarshalQueryableArray$MarshalerArray: void <init>(android.hardware.camera2.marshal.impl.MarshalQueryableArray,android.hardware.camera2.utils.TypeReference,int)>",
						"key field: <android.hardware.camera2.marshal.impl.MarshalQueryableArray$MarshalerArray: android.hardware.camera2.marshal.Marshaler mComponentMarshaler>",
						"<android.hardware.camera2.marshal.impl.MarshalQueryableArray$MarshalerArray: java.lang.Object unmarshal(java.nio.ByteBuffer)>"
					],
					"depth":3,
					"method":"<android.hardware.camera2.marshal.MarshalRegistry: android.hardware.camera2.marshal.Marshaler getMarshaler(android.hardware.camera2.utils.TypeReference,int)>",
					"source":"FIELDCALLER"
				},
				{
					"trace":[
						"<android.hardware.camera2.marshal.impl.MarshalQueryableRange$MarshalerRange: void marshal(java.lang.Object,java.nio.ByteBuffer)>",
						"<android.hardware.camera2.marshal.impl.MarshalQueryableRange$MarshalerRange: void marshal(android.util.Range,java.nio.ByteBuffer)>",
						"<android.hardware.camera2.marshal.impl.MarshalQueryableArray$MarshalerArray: void marshal(java.lang.Object,java.nio.ByteBuffer)>",
						"key field: <android.hardware.camera2.marshal.impl.MarshalQueryableArray$MarshalerArray: android.hardware.camera2.marshal.Marshaler mComponentMarshaler>",
						"<android.hardware.camera2.marshal.impl.MarshalQueryableArray$MarshalerArray: java.lang.Object unmarshal(java.nio.ByteBuffer)>"
					],
					"depth":3,
					"method":"<android.hardware.camera2.marshal.impl.MarshalQueryableRange$MarshalerRange: void marshal(java.lang.Object,java.nio.ByteBuffer)>",
					"source":"FIELDCALLER"
				},
				{
					"trace":[
						"<android.hardware.camera2.marshal.Marshaler: void marshal(java.lang.Object,java.nio.ByteBuffer)>",
						"<android.hardware.camera2.marshal.impl.MarshalQueryableRange$MarshalerRange: void marshal(android.util.Range,java.nio.ByteBuffer)>",
						"<android.hardware.camera2.marshal.impl.MarshalQueryableArray$MarshalerArray: void marshal(java.lang.Object,java.nio.ByteBuffer)>",
						"key field: <android.hardware.camera2.marshal.impl.MarshalQueryableArray$MarshalerArray: android.hardware.camera2.marshal.Marshaler mComponentMarshaler>",
						"<android.hardware.camera2.marshal.impl.MarshalQueryableArray$MarshalerArray: java.lang.Object unmarshal(java.nio.ByteBuffer)>"
					],
					"depth":3,
					"method":"<android.hardware.camera2.marshal.Marshaler: void marshal(java.lang.Object,java.nio.ByteBuffer)>",
					"source":"FIELDCALLER"
				},
				{
					"trace":[
						"<android.hardware.camera2.marshal.impl.MarshalQueryableRange$MarshalerRange: java.lang.Object unmarshal(java.nio.ByteBuffer)>",
						"<android.hardware.camera2.marshal.impl.MarshalQueryableRange$MarshalerRange: android.util.Range unmarshal(java.nio.ByteBuffer)>",
						"<android.hardware.camera2.marshal.impl.MarshalQueryableArray$MarshalerArray: java.lang.Object unmarshal(java.nio.ByteBuffer)>",
						"key field: <android.hardware.camera2.marshal.impl.MarshalQueryableArray$MarshalerArray: android.hardware.camera2.marshal.Marshaler mComponentMarshaler>",
						"<android.hardware.camera2.marshal.impl.MarshalQueryableArray$MarshalerArray: java.lang.Object unmarshal(java.nio.ByteBuffer)>"
					],
					"depth":3,
					"method":"<android.hardware.camera2.marshal.impl.MarshalQueryableRange$MarshalerRange: java.lang.Object unmarshal(java.nio.ByteBuffer)>",
					"source":"FIELDCALLER"
				},
				{
					"trace":[
						"<android.hardware.camera2.marshal.Marshaler: java.lang.Object unmarshal(java.nio.ByteBuffer)>",
						"<android.hardware.camera2.marshal.impl.MarshalQueryableRange$MarshalerRange: android.util.Range unmarshal(java.nio.ByteBuffer)>",
						"<android.hardware.camera2.marshal.impl.MarshalQueryableArray$MarshalerArray: java.lang.Object unmarshal(java.nio.ByteBuffer)>",
						"key field: <android.hardware.camera2.marshal.impl.MarshalQueryableArray$MarshalerArray: android.hardware.camera2.marshal.Marshaler mComponentMarshaler>",
						"<android.hardware.camera2.marshal.impl.MarshalQueryableArray$MarshalerArray: java.lang.Object unmarshal(java.nio.ByteBuffer)>"
					],
					"depth":3,
					"method":"<android.hardware.camera2.marshal.Marshaler: java.lang.Object unmarshal(java.nio.ByteBuffer)>",
					"source":"FIELDCALLER"
				},
				{
					"trace":[
						"<android.hardware.camera2.marshal.impl.MarshalQueryableRange$MarshalerRange: int calculateMarshalSize(java.lang.Object)>",
						"<android.hardware.camera2.marshal.impl.MarshalQueryableRange$MarshalerRange: int calculateMarshalSize(android.util.Range)>",
						"<android.hardware.camera2.marshal.impl.MarshalQueryableArray$MarshalerArray: int calculateMarshalSize(java.lang.Object)>",
						"key field: <android.hardware.camera2.marshal.impl.MarshalQueryableArray$MarshalerArray: android.hardware.camera2.marshal.Marshaler mComponentMarshaler>",
						"<android.hardware.camera2.marshal.impl.MarshalQueryableArray$MarshalerArray: java.lang.Object unmarshal(java.nio.ByteBuffer)>"
					],
					"depth":3,
					"method":"<android.hardware.camera2.marshal.impl.MarshalQueryableRange$MarshalerRange: int calculateMarshalSize(java.lang.Object)>",
					"source":"FIELDCALLER"
				},
				{
					"trace":[
						"<android.hardware.camera2.marshal.impl.MarshalQueryablePair$MarshalerPair: void marshal(android.util.Pair,java.nio.ByteBuffer)>",
						"<android.hardware.camera2.marshal.impl.MarshalQueryableRange$MarshalerRange: void marshal(java.lang.Object,java.nio.ByteBuffer)>",
						"<android.hardware.camera2.marshal.impl.MarshalQueryableRange$MarshalerRange: void marshal(android.util.Range,java.nio.ByteBuffer)>",
						"<android.hardware.camera2.marshal.impl.MarshalQueryableArray$MarshalerArray: void marshal(java.lang.Object,java.nio.ByteBuffer)>",
						"key field: <android.hardware.camera2.marshal.impl.MarshalQueryableArray$MarshalerArray: android.hardware.camera2.marshal.Marshaler mComponentMarshaler>",
						"<android.hardware.camera2.marshal.impl.MarshalQueryableArray$MarshalerArray: java.lang.Object unmarshal(java.nio.ByteBuffer)>"
					],
					"depth":4,
					"method":"<android.hardware.camera2.marshal.impl.MarshalQueryablePair$MarshalerPair: void marshal(android.util.Pair,java.nio.ByteBuffer)>",
					"source":"FIELDCALLER"
				},
				{
					"trace":[
						"<android.hardware.camera2.marshal.impl.MarshalQueryablePair$MarshalerPair: android.util.Pair unmarshal(java.nio.ByteBuffer)>",
						"<android.hardware.camera2.marshal.impl.MarshalQueryableRange$MarshalerRange: java.lang.Object unmarshal(java.nio.ByteBuffer)>",
						"<android.hardware.camera2.marshal.impl.MarshalQueryableRange$MarshalerRange: android.util.Range unmarshal(java.nio.ByteBuffer)>",
						"<android.hardware.camera2.marshal.impl.MarshalQueryableArray$MarshalerArray: java.lang.Object unmarshal(java.nio.ByteBuffer)>",
						"key field: <android.hardware.camera2.marshal.impl.MarshalQueryableArray$MarshalerArray: android.hardware.camera2.marshal.Marshaler mComponentMarshaler>",
						"<android.hardware.camera2.marshal.impl.MarshalQueryableArray$MarshalerArray: java.lang.Object unmarshal(java.nio.ByteBuffer)>"
					],
					"depth":4,
					"method":"<android.hardware.camera2.marshal.impl.MarshalQueryablePair$MarshalerPair: android.util.Pair unmarshal(java.nio.ByteBuffer)>",
					"source":"FIELDCALLER"
				},
				{
					"trace":[
						"<android.hardware.camera2.marshal.impl.MarshalQueryablePair$MarshalerPair: int calculateMarshalSize(android.util.Pair)>",
						"<android.hardware.camera2.marshal.impl.MarshalQueryableRange$MarshalerRange: int calculateMarshalSize(java.lang.Object)>",
						"<android.hardware.camera2.marshal.impl.MarshalQueryableRange$MarshalerRange: int calculateMarshalSize(android.util.Range)>",
						"<android.hardware.camera2.marshal.impl.MarshalQueryableArray$MarshalerArray: int calculateMarshalSize(java.lang.Object)>",
						"key field: <android.hardware.camera2.marshal.impl.MarshalQueryableArray$MarshalerArray: android.hardware.camera2.marshal.Marshaler mComponentMarshaler>",
						"<android.hardware.camera2.marshal.impl.MarshalQueryableArray$MarshalerArray: java.lang.Object unmarshal(java.nio.ByteBuffer)>"
					],
					"depth":4,
					"method":"<android.hardware.camera2.marshal.impl.MarshalQueryablePair$MarshalerPair: int calculateMarshalSize(android.util.Pair)>",
					"source":"FIELDCALLER"
				},
				{
					"trace":[
						"<android.hardware.camera2.marshal.impl.MarshalQueryableRange: android.hardware.camera2.marshal.Marshaler createMarshaler(android.hardware.camera2.utils.TypeReference,int)>",
						"<android.hardware.camera2.marshal.impl.MarshalQueryableRange$MarshalerRange: void <init>(android.hardware.camera2.marshal.impl.MarshalQueryableRange,android.hardware.camera2.utils.TypeReference,int)>",
						"<android.hardware.camera2.marshal.MarshalRegistry: android.hardware.camera2.marshal.Marshaler getMarshaler(android.hardware.camera2.utils.TypeReference,int)>",
						"<android.hardware.camera2.marshal.impl.MarshalQueryableArray: android.hardware.camera2.marshal.Marshaler createMarshaler(android.hardware.camera2.utils.TypeReference,int)>",
						"<android.hardware.camera2.marshal.impl.MarshalQueryableArray$MarshalerArray: void <init>(android.hardware.camera2.marshal.impl.MarshalQueryableArray,android.hardware.camera2.utils.TypeReference,int)>",
						"key field: <android.hardware.camera2.marshal.impl.MarshalQueryableArray$MarshalerArray: android.hardware.camera2.marshal.Marshaler mComponentMarshaler>",
						"<android.hardware.camera2.marshal.impl.MarshalQueryableArray$MarshalerArray: java.lang.Object unmarshal(java.nio.ByteBuffer)>"
					],
					"depth":5,
					"method":"<android.hardware.camera2.marshal.impl.MarshalQueryableRange: android.hardware.camera2.marshal.Marshaler createMarshaler(android.hardware.camera2.utils.TypeReference,int)>",
					"source":"FIELDCALLER"
				},
				{
					"trace":[
						"<android.hardware.camera2.marshal.impl.MarshalQueryablePair: android.hardware.camera2.marshal.Marshaler createMarshaler(android.hardware.camera2.utils.TypeReference,int)>",
						"<android.hardware.camera2.marshal.impl.MarshalQueryablePair$MarshalerPair: void <init>(android.hardware.camera2.marshal.impl.MarshalQueryablePair,android.hardware.camera2.utils.TypeReference,int)>",
						"<android.hardware.camera2.marshal.MarshalRegistry: android.hardware.camera2.marshal.Marshaler getMarshaler(android.hardware.camera2.utils.TypeReference,int)>",
						"<android.hardware.camera2.marshal.impl.MarshalQueryableArray: android.hardware.camera2.marshal.Marshaler createMarshaler(android.hardware.camera2.utils.TypeReference,int)>",
						"<android.hardware.camera2.marshal.impl.MarshalQueryableArray$MarshalerArray: void <init>(android.hardware.camera2.marshal.impl.MarshalQueryableArray,android.hardware.camera2.utils.TypeReference,int)>",
						"key field: <android.hardware.camera2.marshal.impl.MarshalQueryableArray$MarshalerArray: android.hardware.camera2.marshal.Marshaler mComponentMarshaler>",
						"<android.hardware.camera2.marshal.impl.MarshalQueryableArray$MarshalerArray: java.lang.Object unmarshal(java.nio.ByteBuffer)>"
					],
					"depth":5,
					"method":"<android.hardware.camera2.marshal.impl.MarshalQueryablePair: android.hardware.camera2.marshal.Marshaler createMarshaler(android.hardware.camera2.utils.TypeReference,int)>",
					"source":"FIELDCALLER"
				},
				{
					"trace":[
						"<android.hardware.camera2.marshal.impl.MarshalQueryablePair$MarshalerPair: void marshal(java.lang.Object,java.nio.ByteBuffer)>",
						"<android.hardware.camera2.marshal.impl.MarshalQueryablePair$MarshalerPair: void marshal(android.util.Pair,java.nio.ByteBuffer)>",
						"<android.hardware.camera2.marshal.impl.MarshalQueryableRange$MarshalerRange: void marshal(java.lang.Object,java.nio.ByteBuffer)>",
						"<android.hardware.camera2.marshal.impl.MarshalQueryableRange$MarshalerRange: void marshal(android.util.Range,java.nio.ByteBuffer)>",
						"<android.hardware.camera2.marshal.impl.MarshalQueryableArray$MarshalerArray: void marshal(java.lang.Object,java.nio.ByteBuffer)>",
						"key field: <android.hardware.camera2.marshal.impl.MarshalQueryableArray$MarshalerArray: android.hardware.camera2.marshal.Marshaler mComponentMarshaler>",
						"<android.hardware.camera2.marshal.impl.MarshalQueryableArray$MarshalerArray: java.lang.Object unmarshal(java.nio.ByteBuffer)>"
					],
					"depth":5,
					"method":"<android.hardware.camera2.marshal.impl.MarshalQueryablePair$MarshalerPair: void marshal(java.lang.Object,java.nio.ByteBuffer)>",
					"source":"FIELDCALLER"
				},
				{
					"trace":[
						"<android.hardware.camera2.marshal.impl.MarshalQueryablePair$MarshalerPair: java.lang.Object unmarshal(java.nio.ByteBuffer)>",
						"<android.hardware.camera2.marshal.impl.MarshalQueryablePair$MarshalerPair: android.util.Pair unmarshal(java.nio.ByteBuffer)>",
						"<android.hardware.camera2.marshal.impl.MarshalQueryableRange$MarshalerRange: java.lang.Object unmarshal(java.nio.ByteBuffer)>",
						"<android.hardware.camera2.marshal.impl.MarshalQueryableRange$MarshalerRange: android.util.Range unmarshal(java.nio.ByteBuffer)>",
						"<android.hardware.camera2.marshal.impl.MarshalQueryableArray$MarshalerArray: java.lang.Object unmarshal(java.nio.ByteBuffer)>",
						"key field: <android.hardware.camera2.marshal.impl.MarshalQueryableArray$MarshalerArray: android.hardware.camera2.marshal.Marshaler mComponentMarshaler>",
						"<android.hardware.camera2.marshal.impl.MarshalQueryableArray$MarshalerArray: java.lang.Object unmarshal(java.nio.ByteBuffer)>"
					],
					"depth":5,
					"method":"<android.hardware.camera2.marshal.impl.MarshalQueryablePair$MarshalerPair: java.lang.Object unmarshal(java.nio.ByteBuffer)>",
					"source":"FIELDCALLER"
				},
				{
					"trace":[
						"<android.hardware.camera2.marshal.impl.MarshalQueryablePair$MarshalerPair: int calculateMarshalSize(java.lang.Object)>",
						"<android.hardware.camera2.marshal.impl.MarshalQueryablePair$MarshalerPair: int calculateMarshalSize(android.util.Pair)>",
						"<android.hardware.camera2.marshal.impl.MarshalQueryableRange$MarshalerRange: int calculateMarshalSize(java.lang.Object)>",
						"<android.hardware.camera2.marshal.impl.MarshalQueryableRange$MarshalerRange: int calculateMarshalSize(android.util.Range)>",
						"<android.hardware.camera2.marshal.impl.MarshalQueryableArray$MarshalerArray: int calculateMarshalSize(java.lang.Object)>",
						"key field: <android.hardware.camera2.marshal.impl.MarshalQueryableArray$MarshalerArray: android.hardware.camera2.marshal.Marshaler mComponentMarshaler>",
						"<android.hardware.camera2.marshal.impl.MarshalQueryableArray$MarshalerArray: java.lang.Object unmarshal(java.nio.ByteBuffer)>"
					],
					"depth":5,
					"method":"<android.hardware.camera2.marshal.impl.MarshalQueryablePair$MarshalerPair: int calculateMarshalSize(java.lang.Object)>",
					"source":"FIELDCALLER"
				},
				{
					"trace":[
						"<android.hardware.camera2.impl.CameraMetadataNative: void set(android.hardware.camera2.impl.CameraMetadataNative$Key,java.lang.Object)>",
						"<android.hardware.camera2.impl.CameraMetadataNative: void setBase(android.hardware.camera2.impl.CameraMetadataNative$Key,java.lang.Object)>",
						"<android.hardware.camera2.impl.CameraMetadataNative: android.hardware.camera2.marshal.Marshaler getMarshalerForKey(android.hardware.camera2.impl.CameraMetadataNative$Key)>",
						"<android.hardware.camera2.marshal.MarshalRegistry: android.hardware.camera2.marshal.Marshaler getMarshaler(android.hardware.camera2.utils.TypeReference,int)>",
						"<android.hardware.camera2.marshal.impl.MarshalQueryableArray: android.hardware.camera2.marshal.Marshaler createMarshaler(android.hardware.camera2.utils.TypeReference,int)>",
						"<android.hardware.camera2.marshal.impl.MarshalQueryableArray$MarshalerArray: void <init>(android.hardware.camera2.marshal.impl.MarshalQueryableArray,android.hardware.camera2.utils.TypeReference,int)>",
						"key field: <android.hardware.camera2.marshal.impl.MarshalQueryableArray$MarshalerArray: android.hardware.camera2.marshal.Marshaler mComponentMarshaler>",
						"<android.hardware.camera2.marshal.impl.MarshalQueryableArray$MarshalerArray: java.lang.Object unmarshal(java.nio.ByteBuffer)>"
					],
					"depth":6,
					"method":"<android.hardware.camera2.impl.CameraMetadataNative: void set(android.hardware.camera2.impl.CameraMetadataNative$Key,java.lang.Object)>",
					"source":"FIELDCALLER"
				},
				{
					"trace":[
						"<android.hardware.camera2.impl.CameraMetadataNative: java.lang.Object get(android.hardware.camera2.impl.CameraMetadataNative$Key)>",
						"<android.hardware.camera2.impl.CameraMetadataNative: java.lang.Object getBase(android.hardware.camera2.impl.CameraMetadataNative$Key)>",
						"<android.hardware.camera2.impl.CameraMetadataNative: android.hardware.camera2.marshal.Marshaler getMarshalerForKey(android.hardware.camera2.impl.CameraMetadataNative$Key)>",
						"<android.hardware.camera2.marshal.MarshalRegistry: android.hardware.camera2.marshal.Marshaler getMarshaler(android.hardware.camera2.utils.TypeReference,int)>",
						"<android.hardware.camera2.marshal.impl.MarshalQueryableArray: android.hardware.camera2.marshal.Marshaler createMarshaler(android.hardware.camera2.utils.TypeReference,int)>",
						"<android.hardware.camera2.marshal.impl.MarshalQueryableArray$MarshalerArray: void <init>(android.hardware.camera2.marshal.impl.MarshalQueryableArray,android.hardware.camera2.utils.TypeReference,int)>",
						"key field: <android.hardware.camera2.marshal.impl.MarshalQueryableArray$MarshalerArray: android.hardware.camera2.marshal.Marshaler mComponentMarshaler>",
						"<android.hardware.camera2.marshal.impl.MarshalQueryableArray$MarshalerArray: java.lang.Object unmarshal(java.nio.ByteBuffer)>"
					],
					"depth":6,
					"method":"<android.hardware.camera2.impl.CameraMetadataNative: java.lang.Object get(android.hardware.camera2.impl.CameraMetadataNative$Key)>",
					"source":"FIELDCALLER"
				},
				{
					"trace":[
						"<android.hardware.camera2.impl.CameraMetadataNative: void set(android.hardware.camera2.CameraCharacteristics$Key,java.lang.Object)>",
						"<android.hardware.camera2.impl.CameraMetadataNative: void set(android.hardware.camera2.impl.CameraMetadataNative$Key,java.lang.Object)>",
						"<android.hardware.camera2.impl.CameraMetadataNative: void setBase(android.hardware.camera2.impl.CameraMetadataNative$Key,java.lang.Object)>",
						"<android.hardware.camera2.impl.CameraMetadataNative: android.hardware.camera2.marshal.Marshaler getMarshalerForKey(android.hardware.camera2.impl.CameraMetadataNative$Key)>",
						"<android.hardware.camera2.marshal.MarshalRegistry: android.hardware.camera2.marshal.Marshaler getMarshaler(android.hardware.camera2.utils.TypeReference,int)>",
						"<android.hardware.camera2.marshal.impl.MarshalQueryableArray: android.hardware.camera2.marshal.Marshaler createMarshaler(android.hardware.camera2.utils.TypeReference,int)>",
						"<android.hardware.camera2.marshal.impl.MarshalQueryableArray$MarshalerArray: void <init>(android.hardware.camera2.marshal.impl.MarshalQueryableArray,android.hardware.camera2.utils.TypeReference,int)>",
						"key field: <android.hardware.camera2.marshal.impl.MarshalQueryableArray$MarshalerArray: android.hardware.camera2.marshal.Marshaler mComponentMarshaler>",
						"<android.hardware.camera2.marshal.impl.MarshalQueryableArray$MarshalerArray: java.lang.Object unmarshal(java.nio.ByteBuffer)>"
					],
					"depth":7,
					"method":"<android.hardware.camera2.impl.CameraMetadataNative: void set(android.hardware.camera2.CameraCharacteristics$Key,java.lang.Object)>",
					"source":"FIELDCALLER"
				},
				{
					"trace":[
						"<android.hardware.camera2.impl.CameraMetadataNative: void set(android.hardware.camera2.CaptureRequest$Key,java.lang.Object)>",
						"<android.hardware.camera2.impl.CameraMetadataNative: void set(android.hardware.camera2.impl.CameraMetadataNative$Key,java.lang.Object)>",
						"<android.hardware.camera2.impl.CameraMetadataNative: void setBase(android.hardware.camera2.impl.CameraMetadataNative$Key,java.lang.Object)>",
						"<android.hardware.camera2.impl.CameraMetadataNative: android.hardware.camera2.marshal.Marshaler getMarshalerForKey(android.hardware.camera2.impl.CameraMetadataNative$Key)>",
						"<android.hardware.camera2.marshal.MarshalRegistry: android.hardware.camera2.marshal.Marshaler getMarshaler(android.hardware.camera2.utils.TypeReference,int)>",
						"<android.hardware.camera2.marshal.impl.MarshalQueryableArray: android.hardware.camera2.marshal.Marshaler createMarshaler(android.hardware.camera2.utils.TypeReference,int)>",
						"<android.hardware.camera2.marshal.impl.MarshalQueryableArray$MarshalerArray: void <init>(android.hardware.camera2.marshal.impl.MarshalQueryableArray,android.hardware.camera2.utils.TypeReference,int)>",
						"key field: <android.hardware.camera2.marshal.impl.MarshalQueryableArray$MarshalerArray: android.hardware.camera2.marshal.Marshaler mComponentMarshaler>",
						"<android.hardware.camera2.marshal.impl.MarshalQueryableArray$MarshalerArray: java.lang.Object unmarshal(java.nio.ByteBuffer)>"
					],
					"depth":7,
					"method":"<android.hardware.camera2.impl.CameraMetadataNative: void set(android.hardware.camera2.CaptureRequest$Key,java.lang.Object)>",
					"source":"FIELDCALLER"
				},
				{
					"trace":[
						"<android.hardware.camera2.impl.CameraMetadataNative: void set(android.hardware.camera2.CaptureResult$Key,java.lang.Object)>",
						"<android.hardware.camera2.impl.CameraMetadataNative: void set(android.hardware.camera2.impl.CameraMetadataNative$Key,java.lang.Object)>",
						"<android.hardware.camera2.impl.CameraMetadataNative: void setBase(android.hardware.camera2.impl.CameraMetadataNative$Key,java.lang.Object)>",
						"<android.hardware.camera2.impl.CameraMetadataNative: android.hardware.camera2.marshal.Marshaler getMarshalerForKey(android.hardware.camera2.impl.CameraMetadataNative$Key)>",
						"<android.hardware.camera2.marshal.MarshalRegistry: android.hardware.camera2.marshal.Marshaler getMarshaler(android.hardware.camera2.utils.TypeReference,int)>",
						"<android.hardware.camera2.marshal.impl.MarshalQueryableArray: android.hardware.camera2.marshal.Marshaler createMarshaler(android.hardware.camera2.utils.TypeReference,int)>",
						"<android.hardware.camera2.marshal.impl.MarshalQueryableArray$MarshalerArray: void <init>(android.hardware.camera2.marshal.impl.MarshalQueryableArray,android.hardware.camera2.utils.TypeReference,int)>",
						"key field: <android.hardware.camera2.marshal.impl.MarshalQueryableArray$MarshalerArray: android.hardware.camera2.marshal.Marshaler mComponentMarshaler>",
						"<android.hardware.camera2.marshal.impl.MarshalQueryableArray$MarshalerArray: java.lang.Object unmarshal(java.nio.ByteBuffer)>"
					],
					"depth":7,
					"method":"<android.hardware.camera2.impl.CameraMetadataNative: void set(android.hardware.camera2.CaptureResult$Key,java.lang.Object)>",
					"source":"FIELDCALLER"
				},
				{
					"trace":[
						"<android.hardware.camera2.impl.CameraMetadataNative: java.lang.Object get(android.hardware.camera2.CameraCharacteristics$Key)>",
						"<android.hardware.camera2.impl.CameraMetadataNative: java.lang.Object get(android.hardware.camera2.impl.CameraMetadataNative$Key)>",
						"<android.hardware.camera2.impl.CameraMetadataNative: java.lang.Object getBase(android.hardware.camera2.impl.CameraMetadataNative$Key)>",
						"<android.hardware.camera2.impl.CameraMetadataNative: android.hardware.camera2.marshal.Marshaler getMarshalerForKey(android.hardware.camera2.impl.CameraMetadataNative$Key)>",
						"<android.hardware.camera2.marshal.MarshalRegistry: android.hardware.camera2.marshal.Marshaler getMarshaler(android.hardware.camera2.utils.TypeReference,int)>",
						"<android.hardware.camera2.marshal.impl.MarshalQueryableArray: android.hardware.camera2.marshal.Marshaler createMarshaler(android.hardware.camera2.utils.TypeReference,int)>",
						"<android.hardware.camera2.marshal.impl.MarshalQueryableArray$MarshalerArray: void <init>(android.hardware.camera2.marshal.impl.MarshalQueryableArray,android.hardware.camera2.utils.TypeReference,int)>",
						"key field: <android.hardware.camera2.marshal.impl.MarshalQueryableArray$MarshalerArray: android.hardware.camera2.marshal.Marshaler mComponentMarshaler>",
						"<android.hardware.camera2.marshal.impl.MarshalQueryableArray$MarshalerArray: java.lang.Object unmarshal(java.nio.ByteBuffer)>"
					],
					"depth":7,
					"method":"<android.hardware.camera2.impl.CameraMetadataNative: java.lang.Object get(android.hardware.camera2.CameraCharacteristics$Key)>",
					"source":"FIELDCALLER"
				},
				{
					"trace":[
						"<android.hardware.camera2.impl.CameraMetadataNative: java.lang.Object get(android.hardware.camera2.CaptureResult$Key)>",
						"<android.hardware.camera2.impl.CameraMetadataNative: java.lang.Object get(android.hardware.camera2.impl.CameraMetadataNative$Key)>",
						"<android.hardware.camera2.impl.CameraMetadataNative: java.lang.Object getBase(android.hardware.camera2.impl.CameraMetadataNative$Key)>",
						"<android.hardware.camera2.impl.CameraMetadataNative: android.hardware.camera2.marshal.Marshaler getMarshalerForKey(android.hardware.camera2.impl.CameraMetadataNative$Key)>",
						"<android.hardware.camera2.marshal.MarshalRegistry: android.hardware.camera2.marshal.Marshaler getMarshaler(android.hardware.camera2.utils.TypeReference,int)>",
						"<android.hardware.camera2.marshal.impl.MarshalQueryableArray: android.hardware.camera2.marshal.Marshaler createMarshaler(android.hardware.camera2.utils.TypeReference,int)>",
						"<android.hardware.camera2.marshal.impl.MarshalQueryableArray$MarshalerArray: void <init>(android.hardware.camera2.marshal.impl.MarshalQueryableArray,android.hardware.camera2.utils.TypeReference,int)>",
						"key field: <android.hardware.camera2.marshal.impl.MarshalQueryableArray$MarshalerArray: android.hardware.camera2.marshal.Marshaler mComponentMarshaler>",
						"<android.hardware.camera2.marshal.impl.MarshalQueryableArray$MarshalerArray: java.lang.Object unmarshal(java.nio.ByteBuffer)>"
					],
					"depth":7,
					"method":"<android.hardware.camera2.impl.CameraMetadataNative: java.lang.Object get(android.hardware.camera2.CaptureResult$Key)>",
					"source":"FIELDCALLER"
				},
				{
					"trace":[
						"<android.hardware.camera2.impl.CameraMetadataNative: java.lang.Object get(android.hardware.camera2.CaptureRequest$Key)>",
						"<android.hardware.camera2.impl.CameraMetadataNative: java.lang.Object get(android.hardware.camera2.impl.CameraMetadataNative$Key)>",
						"<android.hardware.camera2.impl.CameraMetadataNative: java.lang.Object getBase(android.hardware.camera2.impl.CameraMetadataNative$Key)>",
						"<android.hardware.camera2.impl.CameraMetadataNative: android.hardware.camera2.marshal.Marshaler getMarshalerForKey(android.hardware.camera2.impl.CameraMetadataNative$Key)>",
						"<android.hardware.camera2.marshal.MarshalRegistry: android.hardware.camera2.marshal.Marshaler getMarshaler(android.hardware.camera2.utils.TypeReference,int)>",
						"<android.hardware.camera2.marshal.impl.MarshalQueryableArray: android.hardware.camera2.marshal.Marshaler createMarshaler(android.hardware.camera2.utils.TypeReference,int)>",
						"<android.hardware.camera2.marshal.impl.MarshalQueryableArray$MarshalerArray: void <init>(android.hardware.camera2.marshal.impl.MarshalQueryableArray,android.hardware.camera2.utils.TypeReference,int)>",
						"key field: <android.hardware.camera2.marshal.impl.MarshalQueryableArray$MarshalerArray: android.hardware.camera2.marshal.Marshaler mComponentMarshaler>",
						"<android.hardware.camera2.marshal.impl.MarshalQueryableArray$MarshalerArray: java.lang.Object unmarshal(java.nio.ByteBuffer)>"
					],
					"depth":7,
					"method":"<android.hardware.camera2.impl.CameraMetadataNative: java.lang.Object get(android.hardware.camera2.CaptureRequest$Key)>",
					"source":"FIELDCALLER"
				},
				{
					"trace":[
						"<android.hardware.camera2.impl.CameraDeviceImpl$CameraDeviceCallbacks: void onResultReceived(android.hardware.camera2.impl.CameraMetadataNative,android.hardware.camera2.impl.CaptureResultExtras)>",
						"<android.hardware.camera2.impl.CameraMetadataNative: void set(android.hardware.camera2.CameraCharacteristics$Key,java.lang.Object)>",
						"<android.hardware.camera2.impl.CameraMetadataNative: void set(android.hardware.camera2.impl.CameraMetadataNative$Key,java.lang.Object)>",
						"<android.hardware.camera2.impl.CameraMetadataNative: void setBase(android.hardware.camera2.impl.CameraMetadataNative$Key,java.lang.Object)>",
						"<android.hardware.camera2.impl.CameraMetadataNative: android.hardware.camera2.marshal.Marshaler getMarshalerForKey(android.hardware.camera2.impl.CameraMetadataNative$Key)>",
						"<android.hardware.camera2.marshal.MarshalRegistry: android.hardware.camera2.marshal.Marshaler getMarshaler(android.hardware.camera2.utils.TypeReference,int)>",
						"<android.hardware.camera2.marshal.impl.MarshalQueryableArray: android.hardware.camera2.marshal.Marshaler createMarshaler(android.hardware.camera2.utils.TypeReference,int)>",
						"<android.hardware.camera2.marshal.impl.MarshalQueryableArray$MarshalerArray: void <init>(android.hardware.camera2.marshal.impl.MarshalQueryableArray,android.hardware.camera2.utils.TypeReference,int)>",
						"key field: <android.hardware.camera2.marshal.impl.MarshalQueryableArray$MarshalerArray: android.hardware.camera2.marshal.Marshaler mComponentMarshaler>",
						"<android.hardware.camera2.marshal.impl.MarshalQueryableArray$MarshalerArray: java.lang.Object unmarshal(java.nio.ByteBuffer)>"
					],
					"depth":8,
					"method":"<android.hardware.camera2.impl.CameraDeviceImpl$CameraDeviceCallbacks: void onResultReceived(android.hardware.camera2.impl.CameraMetadataNative,android.hardware.camera2.impl.CaptureResultExtras)>",
					"source":"FIELDCALLER"
				},
				{
					"trace":[
						"<android.hardware.camera2.legacy.LegacyMetadataMapper: android.hardware.camera2.impl.CameraMetadataNative createRequestTemplate(android.hardware.camera2.CameraCharacteristics,int)>",
						"<android.hardware.camera2.impl.CameraMetadataNative: void set(android.hardware.camera2.CaptureRequest$Key,java.lang.Object)>",
						"<android.hardware.camera2.impl.CameraMetadataNative: void set(android.hardware.camera2.impl.CameraMetadataNative$Key,java.lang.Object)>",
						"<android.hardware.camera2.impl.CameraMetadataNative: void setBase(android.hardware.camera2.impl.CameraMetadataNative$Key,java.lang.Object)>",
						"<android.hardware.camera2.impl.CameraMetadataNative: android.hardware.camera2.marshal.Marshaler getMarshalerForKey(android.hardware.camera2.impl.CameraMetadataNative$Key)>",
						"<android.hardware.camera2.marshal.MarshalRegistry: android.hardware.camera2.marshal.Marshaler getMarshaler(android.hardware.camera2.utils.TypeReference,int)>",
						"<android.hardware.camera2.marshal.impl.MarshalQueryableArray: android.hardware.camera2.marshal.Marshaler createMarshaler(android.hardware.camera2.utils.TypeReference,int)>",
						"<android.hardware.camera2.marshal.impl.MarshalQueryableArray$MarshalerArray: void <init>(android.hardware.camera2.marshal.impl.MarshalQueryableArray,android.hardware.camera2.utils.TypeReference,int)>",
						"key field: <android.hardware.camera2.marshal.impl.MarshalQueryableArray$MarshalerArray: android.hardware.camera2.marshal.Marshaler mComponentMarshaler>",
						"<android.hardware.camera2.marshal.impl.MarshalQueryableArray$MarshalerArray: java.lang.Object unmarshal(java.nio.ByteBuffer)>"
					],
					"depth":8,
					"method":"<android.hardware.camera2.legacy.LegacyMetadataMapper: android.hardware.camera2.impl.CameraMetadataNative createRequestTemplate(android.hardware.camera2.CameraCharacteristics,int)>",
					"source":"FIELDCALLER"
				},
				{
					"trace":[
						"<android.hardware.camera2.CaptureRequest$Builder: void set(android.hardware.camera2.CaptureRequest$Key,java.lang.Object)>",
						"<android.hardware.camera2.impl.CameraMetadataNative: void set(android.hardware.camera2.CaptureRequest$Key,java.lang.Object)>",
						"<android.hardware.camera2.impl.CameraMetadataNative: void set(android.hardware.camera2.impl.CameraMetadataNative$Key,java.lang.Object)>",
						"<android.hardware.camera2.impl.CameraMetadataNative: void setBase(android.hardware.camera2.impl.CameraMetadataNative$Key,java.lang.Object)>",
						"<android.hardware.camera2.impl.CameraMetadataNative: android.hardware.camera2.marshal.Marshaler getMarshalerForKey(android.hardware.camera2.impl.CameraMetadataNative$Key)>",
						"<android.hardware.camera2.marshal.MarshalRegistry: android.hardware.camera2.marshal.Marshaler getMarshaler(android.hardware.camera2.utils.TypeReference,int)>",
						"<android.hardware.camera2.marshal.impl.MarshalQueryableArray: android.hardware.camera2.marshal.Marshaler createMarshaler(android.hardware.camera2.utils.TypeReference,int)>",
						"<android.hardware.camera2.marshal.impl.MarshalQueryableArray$MarshalerArray: void <init>(android.hardware.camera2.marshal.impl.MarshalQueryableArray,android.hardware.camera2.utils.TypeReference,int)>",
						"key field: <android.hardware.camera2.marshal.impl.MarshalQueryableArray$MarshalerArray: android.hardware.camera2.marshal.Marshaler mComponentMarshaler>",
						"<android.hardware.camera2.marshal.impl.MarshalQueryableArray$MarshalerArray: java.lang.Object unmarshal(java.nio.ByteBuffer)>"
					],
					"depth":8,
					"method":"<android.hardware.camera2.CaptureRequest$Builder: void set(android.hardware.camera2.CaptureRequest$Key,java.lang.Object)>",
					"source":"FIELDCALLER"
				},
				{
					"trace":[
						"<android.hardware.camera2.legacy.LegacyResultMapper: android.hardware.camera2.impl.CameraMetadataNative cachedConvertResultMetadata(android.hardware.camera2.legacy.LegacyRequest,long)>",
						"<android.hardware.camera2.impl.CameraMetadataNative: void set(android.hardware.camera2.CaptureResult$Key,java.lang.Object)>",
						"<android.hardware.camera2.impl.CameraMetadataNative: void set(android.hardware.camera2.impl.CameraMetadataNative$Key,java.lang.Object)>",
						"<android.hardware.camera2.impl.CameraMetadataNative: void setBase(android.hardware.camera2.impl.CameraMetadataNative$Key,java.lang.Object)>",
						"<android.hardware.camera2.impl.CameraMetadataNative: android.hardware.camera2.marshal.Marshaler getMarshalerForKey(android.hardware.camera2.impl.CameraMetadataNative$Key)>",
						"<android.hardware.camera2.marshal.MarshalRegistry: android.hardware.camera2.marshal.Marshaler getMarshaler(android.hardware.camera2.utils.TypeReference,int)>",
						"<android.hardware.camera2.marshal.impl.MarshalQueryableArray: android.hardware.camera2.marshal.Marshaler createMarshaler(android.hardware.camera2.utils.TypeReference,int)>",
						"<android.hardware.camera2.marshal.impl.MarshalQueryableArray$MarshalerArray: void <init>(android.hardware.camera2.marshal.impl.MarshalQueryableArray,android.hardware.camera2.utils.TypeReference,int)>",
						"key field: <android.hardware.camera2.marshal.impl.MarshalQueryableArray$MarshalerArray: android.hardware.camera2.marshal.Marshaler mComponentMarshaler>",
						"<android.hardware.camera2.marshal.impl.MarshalQueryableArray$MarshalerArray: java.lang.Object unmarshal(java.nio.ByteBuffer)>"
					],
					"depth":8,
					"method":"<android.hardware.camera2.legacy.LegacyResultMapper: android.hardware.camera2.impl.CameraMetadataNative cachedConvertResultMetadata(android.hardware.camera2.legacy.LegacyRequest,long)>",
					"source":"FIELDCALLER"
				},
				{
					"trace":[
						"<android.hardware.camera2.legacy.LegacyFaceDetectMapper: void mapResultFaces(android.hardware.camera2.impl.CameraMetadataNative,android.hardware.camera2.legacy.LegacyRequest)>",
						"<android.hardware.camera2.impl.CameraMetadataNative: void set(android.hardware.camera2.CaptureResult$Key,java.lang.Object)>",
						"<android.hardware.camera2.impl.CameraMetadataNative: void set(android.hardware.camera2.impl.CameraMetadataNative$Key,java.lang.Object)>",
						"<android.hardware.camera2.impl.CameraMetadataNative: void setBase(android.hardware.camera2.impl.CameraMetadataNative$Key,java.lang.Object)>",
						"<android.hardware.camera2.impl.CameraMetadataNative: android.hardware.camera2.marshal.Marshaler getMarshalerForKey(android.hardware.camera2.impl.CameraMetadataNative$Key)>",
						"<android.hardware.camera2.marshal.MarshalRegistry: android.hardware.camera2.marshal.Marshaler getMarshaler(android.hardware.camera2.utils.TypeReference,int)>",
						"<android.hardware.camera2.marshal.impl.MarshalQueryableArray: android.hardware.camera2.marshal.Marshaler createMarshaler(android.hardware.camera2.utils.TypeReference,int)>",
						"<android.hardware.camera2.marshal.impl.MarshalQueryableArray$MarshalerArray: void <init>(android.hardware.camera2.marshal.impl.MarshalQueryableArray,android.hardware.camera2.utils.TypeReference,int)>",
						"key field: <android.hardware.camera2.marshal.impl.MarshalQueryableArray$MarshalerArray: android.hardware.camera2.marshal.Marshaler mComponentMarshaler>",
						"<android.hardware.camera2.marshal.impl.MarshalQueryableArray$MarshalerArray: java.lang.Object unmarshal(java.nio.ByteBuffer)>"
					],
					"depth":8,
					"method":"<android.hardware.camera2.legacy.LegacyFaceDetectMapper: void mapResultFaces(android.hardware.camera2.impl.CameraMetadataNative,android.hardware.camera2.legacy.LegacyRequest)>",
					"source":"FIELDCALLER"
				},
				{
					"trace":[
						"<android.hardware.camera2.legacy.LegacyFocusStateMapper: void mapResultTriggers(android.hardware.camera2.impl.CameraMetadataNative)>",
						"<android.hardware.camera2.impl.CameraMetadataNative: void set(android.hardware.camera2.CaptureResult$Key,java.lang.Object)>",
						"<android.hardware.camera2.impl.CameraMetadataNative: void set(android.hardware.camera2.impl.CameraMetadataNative$Key,java.lang.Object)>",
						"<android.hardware.camera2.impl.CameraMetadataNative: void setBase(android.hardware.camera2.impl.CameraMetadataNative$Key,java.lang.Object)>",
						"<android.hardware.camera2.impl.CameraMetadataNative: android.hardware.camera2.marshal.Marshaler getMarshalerForKey(android.hardware.camera2.impl.CameraMetadataNative$Key)>",
						"<android.hardware.camera2.marshal.MarshalRegistry: android.hardware.camera2.marshal.Marshaler getMarshaler(android.hardware.camera2.utils.TypeReference,int)>",
						"<android.hardware.camera2.marshal.impl.MarshalQueryableArray: android.hardware.camera2.marshal.Marshaler createMarshaler(android.hardware.camera2.utils.TypeReference,int)>",
						"<android.hardware.camera2.marshal.impl.MarshalQueryableArray$MarshalerArray: void <init>(android.hardware.camera2.marshal.impl.MarshalQueryableArray,android.hardware.camera2.utils.TypeReference,int)>",
						"key field: <android.hardware.camera2.marshal.impl.MarshalQueryableArray$MarshalerArray: android.hardware.camera2.marshal.Marshaler mComponentMarshaler>",
						"<android.hardware.camera2.marshal.impl.MarshalQueryableArray$MarshalerArray: java.lang.Object unmarshal(java.nio.ByteBuffer)>"
					],
					"depth":8,
					"method":"<android.hardware.camera2.legacy.LegacyFocusStateMapper: void mapResultTriggers(android.hardware.camera2.impl.CameraMetadataNative)>",
					"source":"FIELDCALLER"
				},
				{
					"trace":[
						"<android.hardware.camera2.CameraCharacteristics: java.lang.Object get(android.hardware.camera2.CameraCharacteristics$Key)>",
						"<android.hardware.camera2.impl.CameraMetadataNative: java.lang.Object get(android.hardware.camera2.CameraCharacteristics$Key)>",
						"<android.hardware.camera2.impl.CameraMetadataNative: java.lang.Object get(android.hardware.camera2.impl.CameraMetadataNative$Key)>",
						"<android.hardware.camera2.impl.CameraMetadataNative: java.lang.Object getBase(android.hardware.camera2.impl.CameraMetadataNative$Key)>",
						"<android.hardware.camera2.impl.CameraMetadataNative: android.hardware.camera2.marshal.Marshaler getMarshalerForKey(android.hardware.camera2.impl.CameraMetadataNative$Key)>",
						"<android.hardware.camera2.marshal.MarshalRegistry: android.hardware.camera2.marshal.Marshaler getMarshaler(android.hardware.camera2.utils.TypeReference,int)>",
						"<android.hardware.camera2.marshal.impl.MarshalQueryableArray: android.hardware.camera2.marshal.Marshaler createMarshaler(android.hardware.camera2.utils.TypeReference,int)>",
						"<android.hardware.camera2.marshal.impl.MarshalQueryableArray$MarshalerArray: void <init>(android.hardware.camera2.marshal.impl.MarshalQueryableArray,android.hardware.camera2.utils.TypeReference,int)>",
						"key field: <android.hardware.camera2.marshal.impl.MarshalQueryableArray$MarshalerArray: android.hardware.camera2.marshal.Marshaler mComponentMarshaler>",
						"<android.hardware.camera2.marshal.impl.MarshalQueryableArray$MarshalerArray: java.lang.Object unmarshal(java.nio.ByteBuffer)>"
					],
					"depth":8,
					"method":"<android.hardware.camera2.CameraCharacteristics: java.lang.Object get(android.hardware.camera2.CameraCharacteristics$Key)>",
					"source":"FIELDCALLER"
				},
				{
					"trace":[
						"<android.hardware.camera2.CaptureResult: java.lang.Object get(android.hardware.camera2.CaptureResult$Key)>",
						"<android.hardware.camera2.impl.CameraMetadataNative: java.lang.Object get(android.hardware.camera2.CaptureResult$Key)>",
						"<android.hardware.camera2.impl.CameraMetadataNative: java.lang.Object get(android.hardware.camera2.impl.CameraMetadataNative$Key)>",
						"<android.hardware.camera2.impl.CameraMetadataNative: java.lang.Object getBase(android.hardware.camera2.impl.CameraMetadataNative$Key)>",
						"<android.hardware.camera2.impl.CameraMetadataNative: android.hardware.camera2.marshal.Marshaler getMarshalerForKey(android.hardware.camera2.impl.CameraMetadataNative$Key)>",
						"<android.hardware.camera2.marshal.MarshalRegistry: android.hardware.camera2.marshal.Marshaler getMarshaler(android.hardware.camera2.utils.TypeReference,int)>",
						"<android.hardware.camera2.marshal.impl.MarshalQueryableArray: android.hardware.camera2.marshal.Marshaler createMarshaler(android.hardware.camera2.utils.TypeReference,int)>",
						"<android.hardware.camera2.marshal.impl.MarshalQueryableArray$MarshalerArray: void <init>(android.hardware.camera2.marshal.impl.MarshalQueryableArray,android.hardware.camera2.utils.TypeReference,int)>",
						"key field: <android.hardware.camera2.marshal.impl.MarshalQueryableArray$MarshalerArray: android.hardware.camera2.marshal.Marshaler mComponentMarshaler>",
						"<android.hardware.camera2.marshal.impl.MarshalQueryableArray$MarshalerArray: java.lang.Object unmarshal(java.nio.ByteBuffer)>"
					],
					"depth":8,
					"method":"<android.hardware.camera2.CaptureResult: java.lang.Object get(android.hardware.camera2.CaptureResult$Key)>",
					"source":"FIELDCALLER"
				},
				{
					"trace":[
						"<android.hardware.camera2.CaptureRequest: java.lang.Object get(android.hardware.camera2.CaptureRequest$Key)>",
						"<android.hardware.camera2.impl.CameraMetadataNative: java.lang.Object get(android.hardware.camera2.CaptureRequest$Key)>",
						"<android.hardware.camera2.impl.CameraMetadataNative: java.lang.Object get(android.hardware.camera2.impl.CameraMetadataNative$Key)>",
						"<android.hardware.camera2.impl.CameraMetadataNative: java.lang.Object getBase(android.hardware.camera2.impl.CameraMetadataNative$Key)>",
						"<android.hardware.camera2.impl.CameraMetadataNative: android.hardware.camera2.marshal.Marshaler getMarshalerForKey(android.hardware.camera2.impl.CameraMetadataNative$Key)>",
						"<android.hardware.camera2.marshal.MarshalRegistry: android.hardware.camera2.marshal.Marshaler getMarshaler(android.hardware.camera2.utils.TypeReference,int)>",
						"<android.hardware.camera2.marshal.impl.MarshalQueryableArray: android.hardware.camera2.marshal.Marshaler createMarshaler(android.hardware.camera2.utils.TypeReference,int)>",
						"<android.hardware.camera2.marshal.impl.MarshalQueryableArray$MarshalerArray: void <init>(android.hardware.camera2.marshal.impl.MarshalQueryableArray,android.hardware.camera2.utils.TypeReference,int)>",
						"key field: <android.hardware.camera2.marshal.impl.MarshalQueryableArray$MarshalerArray: android.hardware.camera2.marshal.Marshaler mComponentMarshaler>",
						"<android.hardware.camera2.marshal.impl.MarshalQueryableArray$MarshalerArray: java.lang.Object unmarshal(java.nio.ByteBuffer)>"
					],
					"depth":8,
					"method":"<android.hardware.camera2.CaptureRequest: java.lang.Object get(android.hardware.camera2.CaptureRequest$Key)>",
					"source":"FIELDCALLER"
				},
				{
					"trace":[
						"<android.hardware.camera2.CaptureRequest$Builder: java.lang.Object get(android.hardware.camera2.CaptureRequest$Key)>",
						"<android.hardware.camera2.impl.CameraMetadataNative: java.lang.Object get(android.hardware.camera2.CaptureRequest$Key)>",
						"<android.hardware.camera2.impl.CameraMetadataNative: java.lang.Object get(android.hardware.camera2.impl.CameraMetadataNative$Key)>",
						"<android.hardware.camera2.impl.CameraMetadataNative: java.lang.Object getBase(android.hardware.camera2.impl.CameraMetadataNative$Key)>",
						"<android.hardware.camera2.impl.CameraMetadataNative: android.hardware.camera2.marshal.Marshaler getMarshalerForKey(android.hardware.camera2.impl.CameraMetadataNative$Key)>",
						"<android.hardware.camera2.marshal.MarshalRegistry: android.hardware.camera2.marshal.Marshaler getMarshaler(android.hardware.camera2.utils.TypeReference,int)>",
						"<android.hardware.camera2.marshal.impl.MarshalQueryableArray: android.hardware.camera2.marshal.Marshaler createMarshaler(android.hardware.camera2.utils.TypeReference,int)>",
						"<android.hardware.camera2.marshal.impl.MarshalQueryableArray$MarshalerArray: void <init>(android.hardware.camera2.marshal.impl.MarshalQueryableArray,android.hardware.camera2.utils.TypeReference,int)>",
						"key field: <android.hardware.camera2.marshal.impl.MarshalQueryableArray$MarshalerArray: android.hardware.camera2.marshal.Marshaler mComponentMarshaler>",
						"<android.hardware.camera2.marshal.impl.MarshalQueryableArray$MarshalerArray: java.lang.Object unmarshal(java.nio.ByteBuffer)>"
					],
					"depth":8,
					"method":"<android.hardware.camera2.CaptureRequest$Builder: java.lang.Object get(android.hardware.camera2.CaptureRequest$Key)>",
					"source":"FIELDCALLER"
				}
			],
			"callerOfSingnlar2SourceVar":{
				"<android.hardware.camera2.marshal.impl.MarshalQueryableArray$MarshalerArray: java.lang.Object unmarshal(java.nio.ByteBuffer)>":"0"
			}
		}
	]
}