{
	"exceptions":[
		{
			"method":"<android.hardware.camera2.legacy.CameraDeviceState: void doStateTransition(int,long,int)>",
			"message":"\\QTransition to unknown state: \\E[\\s\\S]*",
			"relatedVarType":"ParaAndField",
			"relatedCondType":"Basic",
			"modifier":"private",
			"type":"java.lang.IllegalStateException",
			"osVersionRelated":false,
			"resourceRelated":false,
			"assessRelated":false,
			"hardwareRelated":true,
			"manifestRelated":false,
			"conditions":"i0, i0 == 0, i0 == $i1",
			"paramValues":"@parameter0: int",
			"fieldValues":"<android.hardware.camera2.legacy.CameraDeviceState: int mCurrentState>",
			"relatedValues":"@parameter0: int; <android.hardware.camera2.legacy.CameraDeviceState: int mCurrentState>; ",
			"keyAPISameClassNum":7,
			"keyAPIDiffClassNum":45,
			"keyAPISameClass":[
				{
					"trace":[
						"<android.hardware.camera2.legacy.CameraDeviceState: void doStateTransition(int,long,int)>"
					],
					"depth":1,
					"method":"<android.hardware.camera2.legacy.CameraDeviceState: void <init>()>",
					"source":"FIELD"
				},
				{
					"trace":[
						"<android.hardware.camera2.legacy.CameraDeviceState: boolean setCaptureStart(android.hardware.camera2.legacy.RequestHolder,long,int)>",
						"<android.hardware.camera2.legacy.CameraDeviceState: void doStateTransition(int,long,int)>",
						"key field: <android.hardware.camera2.legacy.CameraDeviceState: int mCurrentState>",
						"<android.hardware.camera2.legacy.CameraDeviceState: void doStateTransition(int,long,int)>"
					],
					"depth":2,
					"method":"<android.hardware.camera2.legacy.CameraDeviceState: boolean setCaptureStart(android.hardware.camera2.legacy.RequestHolder,long,int)>",
					"source":"FIELDCALLER"
				},
				{
					"trace":[
						"<android.hardware.camera2.legacy.CameraDeviceState: void setError(int)>",
						"<android.hardware.camera2.legacy.CameraDeviceState: void doStateTransition(int)>",
						"<android.hardware.camera2.legacy.CameraDeviceState: void doStateTransition(int,long,int)>",
						"key field: <android.hardware.camera2.legacy.CameraDeviceState: int mCurrentState>",
						"<android.hardware.camera2.legacy.CameraDeviceState: void doStateTransition(int,long,int)>"
					],
					"depth":3,
					"method":"<android.hardware.camera2.legacy.CameraDeviceState: void setError(int)>",
					"source":"FIELDCALLER"
				},
				{
					"trace":[
						"<android.hardware.camera2.legacy.CameraDeviceState: boolean setConfiguring()>",
						"<android.hardware.camera2.legacy.CameraDeviceState: void doStateTransition(int)>",
						"<android.hardware.camera2.legacy.CameraDeviceState: void doStateTransition(int,long,int)>",
						"key field: <android.hardware.camera2.legacy.CameraDeviceState: int mCurrentState>",
						"<android.hardware.camera2.legacy.CameraDeviceState: void doStateTransition(int,long,int)>"
					],
					"depth":3,
					"method":"<android.hardware.camera2.legacy.CameraDeviceState: boolean setConfiguring()>",
					"source":"FIELDCALLER"
				},
				{
					"trace":[
						"<android.hardware.camera2.legacy.CameraDeviceState: boolean setCaptureResult(android.hardware.camera2.legacy.RequestHolder,android.hardware.camera2.impl.CameraMetadataNative,int,java.lang.Object)>",
						"<android.hardware.camera2.legacy.CameraDeviceState: void doStateTransition(int)>",
						"<android.hardware.camera2.legacy.CameraDeviceState: void doStateTransition(int,long,int)>",
						"key field: <android.hardware.camera2.legacy.CameraDeviceState: int mCurrentState>",
						"<android.hardware.camera2.legacy.CameraDeviceState: void doStateTransition(int,long,int)>"
					],
					"depth":3,
					"method":"<android.hardware.camera2.legacy.CameraDeviceState: boolean setCaptureResult(android.hardware.camera2.legacy.RequestHolder,android.hardware.camera2.impl.CameraMetadataNative,int,java.lang.Object)>",
					"source":"FIELDCALLER"
				},
				{
					"trace":[
						"<android.hardware.camera2.legacy.CameraDeviceState: boolean setIdle()>",
						"<android.hardware.camera2.legacy.CameraDeviceState: void doStateTransition(int)>",
						"<android.hardware.camera2.legacy.CameraDeviceState: void doStateTransition(int,long,int)>",
						"key field: <android.hardware.camera2.legacy.CameraDeviceState: int mCurrentState>",
						"<android.hardware.camera2.legacy.CameraDeviceState: void doStateTransition(int,long,int)>"
					],
					"depth":3,
					"method":"<android.hardware.camera2.legacy.CameraDeviceState: boolean setIdle()>",
					"source":"FIELDCALLER"
				},
				{
					"trace":[
						"<android.hardware.camera2.legacy.CameraDeviceState: boolean setCaptureResult(android.hardware.camera2.legacy.RequestHolder,android.hardware.camera2.impl.CameraMetadataNative)>",
						"<android.hardware.camera2.legacy.CameraDeviceState: boolean setCaptureResult(android.hardware.camera2.legacy.RequestHolder,android.hardware.camera2.impl.CameraMetadataNative,int,java.lang.Object)>",
						"<android.hardware.camera2.legacy.CameraDeviceState: void doStateTransition(int)>",
						"<android.hardware.camera2.legacy.CameraDeviceState: void doStateTransition(int,long,int)>",
						"key field: <android.hardware.camera2.legacy.CameraDeviceState: int mCurrentState>",
						"<android.hardware.camera2.legacy.CameraDeviceState: void doStateTransition(int,long,int)>"
					],
					"depth":4,
					"method":"<android.hardware.camera2.legacy.CameraDeviceState: boolean setCaptureResult(android.hardware.camera2.legacy.RequestHolder,android.hardware.camera2.impl.CameraMetadataNative)>",
					"source":"FIELDCALLER"
				}
			],
			"keyAPIDiffClass":[
				{
					"trace":[
						"<android.hardware.camera2.legacy.LegacyCameraDevice: void <init>(int,android.hardware.Camera,android.hardware.camera2.CameraCharacteristics,android.hardware.camera2.ICameraDeviceCallbacks)>",
						"<android.hardware.camera2.legacy.CameraDeviceState: void <init>()>",
						"key field: <android.hardware.camera2.legacy.CameraDeviceState: int mCurrentState>",
						"<android.hardware.camera2.legacy.CameraDeviceState: void doStateTransition(int,long,int)>"
					],
					"depth":2,
					"method":"<android.hardware.camera2.legacy.LegacyCameraDevice: void <init>(int,android.hardware.Camera,android.hardware.camera2.CameraCharacteristics,android.hardware.camera2.ICameraDeviceCallbacks)>",
					"source":"FIELDCALLER"
				},
				{
					"trace":[
						"<android.hardware.camera2.legacy.CameraDeviceUserShim: android.hardware.camera2.legacy.CameraDeviceUserShim connectBinderShim(android.hardware.camera2.ICameraDeviceCallbacks,int)>",
						"<android.hardware.camera2.legacy.LegacyCameraDevice: void <init>(int,android.hardware.Camera,android.hardware.camera2.CameraCharacteristics,android.hardware.camera2.ICameraDeviceCallbacks)>",
						"<android.hardware.camera2.legacy.CameraDeviceState: void <init>()>",
						"key field: <android.hardware.camera2.legacy.CameraDeviceState: int mCurrentState>",
						"<android.hardware.camera2.legacy.CameraDeviceState: void doStateTransition(int,long,int)>"
					],
					"depth":3,
					"method":"<android.hardware.camera2.legacy.CameraDeviceUserShim: android.hardware.camera2.legacy.CameraDeviceUserShim connectBinderShim(android.hardware.camera2.ICameraDeviceCallbacks,int)>",
					"source":"FIELDCALLER"
				},
				{
					"trace":[
						"<android.hardware.camera2.legacy.RequestThreadManager$5: boolean handleMessage(android.os.Message)>",
						"<android.hardware.camera2.legacy.CameraDeviceState: boolean setCaptureStart(android.hardware.camera2.legacy.RequestHolder,long,int)>",
						"<android.hardware.camera2.legacy.CameraDeviceState: void doStateTransition(int,long,int)>",
						"key field: <android.hardware.camera2.legacy.CameraDeviceState: int mCurrentState>",
						"<android.hardware.camera2.legacy.CameraDeviceState: void doStateTransition(int,long,int)>"
					],
					"depth":3,
					"method":"<android.hardware.camera2.legacy.RequestThreadManager$5: boolean handleMessage(android.os.Message)>",
					"source":"FIELDCALLER"
				},
				{
					"trace":[
						"<android.os.Handler$Callback: boolean handleMessage(android.os.Message)>",
						"<android.hardware.camera2.legacy.CameraDeviceState: boolean setCaptureStart(android.hardware.camera2.legacy.RequestHolder,long,int)>",
						"<android.hardware.camera2.legacy.CameraDeviceState: void doStateTransition(int,long,int)>",
						"key field: <android.hardware.camera2.legacy.CameraDeviceState: int mCurrentState>",
						"<android.hardware.camera2.legacy.CameraDeviceState: void doStateTransition(int,long,int)>"
					],
					"depth":3,
					"method":"<android.os.Handler$Callback: boolean handleMessage(android.os.Message)>",
					"source":"FIELDCALLER"
				},
				{
					"trace":[
						"<android.hardware.camera2.legacy.CaptureCollector$CaptureHolder: void tryComplete()>",
						"<android.hardware.camera2.legacy.CameraDeviceState: boolean setCaptureStart(android.hardware.camera2.legacy.RequestHolder,long,int)>",
						"<android.hardware.camera2.legacy.CameraDeviceState: void doStateTransition(int,long,int)>",
						"key field: <android.hardware.camera2.legacy.CameraDeviceState: int mCurrentState>",
						"<android.hardware.camera2.legacy.CameraDeviceState: void doStateTransition(int,long,int)>"
					],
					"depth":3,
					"method":"<android.hardware.camera2.legacy.CaptureCollector$CaptureHolder: void tryComplete()>",
					"source":"FIELDCALLER"
				},
				{
					"trace":[
						"<android.hardware.camera2.legacy.CaptureCollector$CaptureHolder: void setPreviewFailed()>",
						"<android.hardware.camera2.legacy.CaptureCollector$CaptureHolder: void tryComplete()>",
						"<android.hardware.camera2.legacy.CameraDeviceState: boolean setCaptureStart(android.hardware.camera2.legacy.RequestHolder,long,int)>",
						"<android.hardware.camera2.legacy.CameraDeviceState: void doStateTransition(int,long,int)>",
						"key field: <android.hardware.camera2.legacy.CameraDeviceState: int mCurrentState>",
						"<android.hardware.camera2.legacy.CameraDeviceState: void doStateTransition(int,long,int)>"
					],
					"depth":4,
					"method":"<android.hardware.camera2.legacy.CaptureCollector$CaptureHolder: void setPreviewFailed()>",
					"source":"FIELDCALLER"
				},
				{
					"trace":[
						"<android.hardware.camera2.legacy.CaptureCollector$CaptureHolder: void setPreviewProduced()>",
						"<android.hardware.camera2.legacy.CaptureCollector$CaptureHolder: void tryComplete()>",
						"<android.hardware.camera2.legacy.CameraDeviceState: boolean setCaptureStart(android.hardware.camera2.legacy.RequestHolder,long,int)>",
						"<android.hardware.camera2.legacy.CameraDeviceState: void doStateTransition(int,long,int)>",
						"key field: <android.hardware.camera2.legacy.CameraDeviceState: int mCurrentState>",
						"<android.hardware.camera2.legacy.CameraDeviceState: void doStateTransition(int,long,int)>"
					],
					"depth":4,
					"method":"<android.hardware.camera2.legacy.CaptureCollector$CaptureHolder: void setPreviewProduced()>",
					"source":"FIELDCALLER"
				},
				{
					"trace":[
						"<android.hardware.camera2.legacy.CaptureCollector$CaptureHolder: void setPreviewTimestamp(long)>",
						"<android.hardware.camera2.legacy.CaptureCollector$CaptureHolder: void tryComplete()>",
						"<android.hardware.camera2.legacy.CameraDeviceState: boolean setCaptureStart(android.hardware.camera2.legacy.RequestHolder,long,int)>",
						"<android.hardware.camera2.legacy.CameraDeviceState: void doStateTransition(int,long,int)>",
						"key field: <android.hardware.camera2.legacy.CameraDeviceState: int mCurrentState>",
						"<android.hardware.camera2.legacy.CameraDeviceState: void doStateTransition(int,long,int)>"
					],
					"depth":4,
					"method":"<android.hardware.camera2.legacy.CaptureCollector$CaptureHolder: void setPreviewTimestamp(long)>",
					"source":"FIELDCALLER"
				},
				{
					"trace":[
						"<android.hardware.camera2.legacy.CaptureCollector$CaptureHolder: void setJpegProduced()>",
						"<android.hardware.camera2.legacy.CaptureCollector$CaptureHolder: void tryComplete()>",
						"<android.hardware.camera2.legacy.CameraDeviceState: boolean setCaptureStart(android.hardware.camera2.legacy.RequestHolder,long,int)>",
						"<android.hardware.camera2.legacy.CameraDeviceState: void doStateTransition(int,long,int)>",
						"key field: <android.hardware.camera2.legacy.CameraDeviceState: int mCurrentState>",
						"<android.hardware.camera2.legacy.CameraDeviceState: void doStateTransition(int,long,int)>"
					],
					"depth":4,
					"method":"<android.hardware.camera2.legacy.CaptureCollector$CaptureHolder: void setJpegProduced()>",
					"source":"FIELDCALLER"
				},
				{
					"trace":[
						"<android.hardware.camera2.legacy.CaptureCollector$CaptureHolder: void setJpegTimestamp(long)>",
						"<android.hardware.camera2.legacy.CaptureCollector$CaptureHolder: void tryComplete()>",
						"<android.hardware.camera2.legacy.CameraDeviceState: boolean setCaptureStart(android.hardware.camera2.legacy.RequestHolder,long,int)>",
						"<android.hardware.camera2.legacy.CameraDeviceState: void doStateTransition(int,long,int)>",
						"key field: <android.hardware.camera2.legacy.CameraDeviceState: int mCurrentState>",
						"<android.hardware.camera2.legacy.CameraDeviceState: void doStateTransition(int,long,int)>"
					],
					"depth":4,
					"method":"<android.hardware.camera2.legacy.CaptureCollector$CaptureHolder: void setJpegTimestamp(long)>",
					"source":"FIELDCALLER"
				},
				{
					"trace":[
						"<android.hardware.camera2.legacy.CaptureCollector$CaptureHolder: void setJpegFailed()>",
						"<android.hardware.camera2.legacy.CaptureCollector$CaptureHolder: void tryComplete()>",
						"<android.hardware.camera2.legacy.CameraDeviceState: boolean setCaptureStart(android.hardware.camera2.legacy.RequestHolder,long,int)>",
						"<android.hardware.camera2.legacy.CameraDeviceState: void doStateTransition(int,long,int)>",
						"key field: <android.hardware.camera2.legacy.CameraDeviceState: int mCurrentState>",
						"<android.hardware.camera2.legacy.CameraDeviceState: void doStateTransition(int,long,int)>"
					],
					"depth":4,
					"method":"<android.hardware.camera2.legacy.CaptureCollector$CaptureHolder: void setJpegFailed()>",
					"source":"FIELDCALLER"
				},
				{
					"trace":[
						"<android.hardware.camera2.legacy.LegacyCameraDevice: int configureOutputs(android.util.SparseArray)>",
						"<android.hardware.camera2.legacy.CameraDeviceState: boolean setConfiguring()>",
						"<android.hardware.camera2.legacy.CameraDeviceState: void doStateTransition(int)>",
						"<android.hardware.camera2.legacy.CameraDeviceState: void doStateTransition(int,long,int)>",
						"key field: <android.hardware.camera2.legacy.CameraDeviceState: int mCurrentState>",
						"<android.hardware.camera2.legacy.CameraDeviceState: void doStateTransition(int,long,int)>"
					],
					"depth":4,
					"method":"<android.hardware.camera2.legacy.LegacyCameraDevice: int configureOutputs(android.util.SparseArray)>",
					"source":"FIELDCALLER"
				},
				{
					"trace":[
						"<android.hardware.camera2.CameraManager: void openCamera(java.lang.String,android.hardware.camera2.CameraDevice$StateCallback,android.os.Handler)>",
						"<android.hardware.camera2.CameraManager: android.hardware.camera2.CameraDevice openCameraDeviceUserAsync(java.lang.String,android.hardware.camera2.CameraDevice$StateCallback,android.os.Handler)>",
						"<android.hardware.camera2.legacy.CameraDeviceUserShim: android.hardware.camera2.legacy.CameraDeviceUserShim connectBinderShim(android.hardware.camera2.ICameraDeviceCallbacks,int)>",
						"<android.hardware.camera2.legacy.LegacyCameraDevice: void <init>(int,android.hardware.Camera,android.hardware.camera2.CameraCharacteristics,android.hardware.camera2.ICameraDeviceCallbacks)>",
						"<android.hardware.camera2.legacy.CameraDeviceState: void <init>()>",
						"key field: <android.hardware.camera2.legacy.CameraDeviceState: int mCurrentState>",
						"<android.hardware.camera2.legacy.CameraDeviceState: void doStateTransition(int,long,int)>"
					],
					"depth":5,
					"method":"<android.hardware.camera2.CameraManager: void openCamera(java.lang.String,android.hardware.camera2.CameraDevice$StateCallback,android.os.Handler)>",
					"source":"FIELDCALLER"
				},
				{
					"trace":[
						"<android.hardware.camera2.legacy.CaptureCollector: void failAll()>",
						"<android.hardware.camera2.legacy.CaptureCollector$CaptureHolder: void setPreviewFailed()>",
						"<android.hardware.camera2.legacy.CaptureCollector$CaptureHolder: void tryComplete()>",
						"<android.hardware.camera2.legacy.CameraDeviceState: boolean setCaptureStart(android.hardware.camera2.legacy.RequestHolder,long,int)>",
						"<android.hardware.camera2.legacy.CameraDeviceState: void doStateTransition(int,long,int)>",
						"key field: <android.hardware.camera2.legacy.CameraDeviceState: int mCurrentState>",
						"<android.hardware.camera2.legacy.CameraDeviceState: void doStateTransition(int,long,int)>"
					],
					"depth":5,
					"method":"<android.hardware.camera2.legacy.CaptureCollector: void failAll()>",
					"source":"FIELDCALLER"
				},
				{
					"trace":[
						"<android.hardware.camera2.legacy.CaptureCollector: void failNextPreview()>",
						"<android.hardware.camera2.legacy.CaptureCollector$CaptureHolder: void setPreviewFailed()>",
						"<android.hardware.camera2.legacy.CaptureCollector$CaptureHolder: void tryComplete()>",
						"<android.hardware.camera2.legacy.CameraDeviceState: boolean setCaptureStart(android.hardware.camera2.legacy.RequestHolder,long,int)>",
						"<android.hardware.camera2.legacy.CameraDeviceState: void doStateTransition(int,long,int)>",
						"key field: <android.hardware.camera2.legacy.CameraDeviceState: int mCurrentState>",
						"<android.hardware.camera2.legacy.CameraDeviceState: void doStateTransition(int,long,int)>"
					],
					"depth":5,
					"method":"<android.hardware.camera2.legacy.CaptureCollector: void failNextPreview()>",
					"source":"FIELDCALLER"
				},
				{
					"trace":[
						"<android.hardware.camera2.legacy.CaptureCollector: android.hardware.camera2.legacy.RequestHolder previewProduced()>",
						"<android.hardware.camera2.legacy.CaptureCollector$CaptureHolder: void setPreviewProduced()>",
						"<android.hardware.camera2.legacy.CaptureCollector$CaptureHolder: void tryComplete()>",
						"<android.hardware.camera2.legacy.CameraDeviceState: boolean setCaptureStart(android.hardware.camera2.legacy.RequestHolder,long,int)>",
						"<android.hardware.camera2.legacy.CameraDeviceState: void doStateTransition(int,long,int)>",
						"key field: <android.hardware.camera2.legacy.CameraDeviceState: int mCurrentState>",
						"<android.hardware.camera2.legacy.CameraDeviceState: void doStateTransition(int,long,int)>"
					],
					"depth":5,
					"method":"<android.hardware.camera2.legacy.CaptureCollector: android.hardware.camera2.legacy.RequestHolder previewProduced()>",
					"source":"FIELDCALLER"
				},
				{
					"trace":[
						"<android.hardware.camera2.legacy.CaptureCollector: android.util.Pair previewCaptured(long)>",
						"<android.hardware.camera2.legacy.CaptureCollector$CaptureHolder: void setPreviewTimestamp(long)>",
						"<android.hardware.camera2.legacy.CaptureCollector$CaptureHolder: void tryComplete()>",
						"<android.hardware.camera2.legacy.CameraDeviceState: boolean setCaptureStart(android.hardware.camera2.legacy.RequestHolder,long,int)>",
						"<android.hardware.camera2.legacy.CameraDeviceState: void doStateTransition(int,long,int)>",
						"key field: <android.hardware.camera2.legacy.CameraDeviceState: int mCurrentState>",
						"<android.hardware.camera2.legacy.CameraDeviceState: void doStateTransition(int,long,int)>"
					],
					"depth":5,
					"method":"<android.hardware.camera2.legacy.CaptureCollector: android.util.Pair previewCaptured(long)>",
					"source":"FIELDCALLER"
				},
				{
					"trace":[
						"<android.hardware.camera2.legacy.CaptureCollector: android.util.Pair jpegProduced()>",
						"<android.hardware.camera2.legacy.CaptureCollector$CaptureHolder: void setJpegProduced()>",
						"<android.hardware.camera2.legacy.CaptureCollector$CaptureHolder: void tryComplete()>",
						"<android.hardware.camera2.legacy.CameraDeviceState: boolean setCaptureStart(android.hardware.camera2.legacy.RequestHolder,long,int)>",
						"<android.hardware.camera2.legacy.CameraDeviceState: void doStateTransition(int,long,int)>",
						"key field: <android.hardware.camera2.legacy.CameraDeviceState: int mCurrentState>",
						"<android.hardware.camera2.legacy.CameraDeviceState: void doStateTransition(int,long,int)>"
					],
					"depth":5,
					"method":"<android.hardware.camera2.legacy.CaptureCollector: android.util.Pair jpegProduced()>",
					"source":"FIELDCALLER"
				},
				{
					"trace":[
						"<android.hardware.camera2.legacy.CaptureCollector: android.hardware.camera2.legacy.RequestHolder jpegCaptured(long)>",
						"<android.hardware.camera2.legacy.CaptureCollector$CaptureHolder: void setJpegTimestamp(long)>",
						"<android.hardware.camera2.legacy.CaptureCollector$CaptureHolder: void tryComplete()>",
						"<android.hardware.camera2.legacy.CameraDeviceState: boolean setCaptureStart(android.hardware.camera2.legacy.RequestHolder,long,int)>",
						"<android.hardware.camera2.legacy.CameraDeviceState: void doStateTransition(int,long,int)>",
						"key field: <android.hardware.camera2.legacy.CameraDeviceState: int mCurrentState>",
						"<android.hardware.camera2.legacy.CameraDeviceState: void doStateTransition(int,long,int)>"
					],
					"depth":5,
					"method":"<android.hardware.camera2.legacy.CaptureCollector: android.hardware.camera2.legacy.RequestHolder jpegCaptured(long)>",
					"source":"FIELDCALLER"
				},
				{
					"trace":[
						"<android.hardware.camera2.legacy.CaptureCollector: void failNextJpeg()>",
						"<android.hardware.camera2.legacy.CaptureCollector$CaptureHolder: void setJpegFailed()>",
						"<android.hardware.camera2.legacy.CaptureCollector$CaptureHolder: void tryComplete()>",
						"<android.hardware.camera2.legacy.CameraDeviceState: boolean setCaptureStart(android.hardware.camera2.legacy.RequestHolder,long,int)>",
						"<android.hardware.camera2.legacy.CameraDeviceState: void doStateTransition(int,long,int)>",
						"key field: <android.hardware.camera2.legacy.CameraDeviceState: int mCurrentState>",
						"<android.hardware.camera2.legacy.CameraDeviceState: void doStateTransition(int,long,int)>"
					],
					"depth":5,
					"method":"<android.hardware.camera2.legacy.CaptureCollector: void failNextJpeg()>",
					"source":"FIELDCALLER"
				},
				{
					"trace":[
						"<android.hardware.camera2.legacy.CameraDeviceUserShim: void endConfigure(boolean)>",
						"<android.hardware.camera2.legacy.LegacyCameraDevice: int configureOutputs(android.util.SparseArray)>",
						"<android.hardware.camera2.legacy.CameraDeviceState: boolean setConfiguring()>",
						"<android.hardware.camera2.legacy.CameraDeviceState: void doStateTransition(int)>",
						"<android.hardware.camera2.legacy.CameraDeviceState: void doStateTransition(int,long,int)>",
						"key field: <android.hardware.camera2.legacy.CameraDeviceState: int mCurrentState>",
						"<android.hardware.camera2.legacy.CameraDeviceState: void doStateTransition(int,long,int)>"
					],
					"depth":5,
					"method":"<android.hardware.camera2.legacy.CameraDeviceUserShim: void endConfigure(boolean)>",
					"source":"FIELDCALLER"
				},
				{
					"trace":[
						"<android.hardware.camera2.ICameraDeviceUser: void endConfigure(boolean)>",
						"<android.hardware.camera2.legacy.LegacyCameraDevice: int configureOutputs(android.util.SparseArray)>",
						"<android.hardware.camera2.legacy.CameraDeviceState: boolean setConfiguring()>",
						"<android.hardware.camera2.legacy.CameraDeviceState: void doStateTransition(int)>",
						"<android.hardware.camera2.legacy.CameraDeviceState: void doStateTransition(int,long,int)>",
						"key field: <android.hardware.camera2.legacy.CameraDeviceState: int mCurrentState>",
						"<android.hardware.camera2.legacy.CameraDeviceState: void doStateTransition(int,long,int)>"
					],
					"depth":5,
					"method":"<android.hardware.camera2.ICameraDeviceUser: void endConfigure(boolean)>",
					"source":"FIELDCALLER"
				},
				{
					"trace":[
						"<android.hardware.camera2.legacy.RequestThreadManager: long flush()>",
						"<android.hardware.camera2.legacy.CaptureCollector: void failAll()>",
						"<android.hardware.camera2.legacy.CaptureCollector$CaptureHolder: void setPreviewFailed()>",
						"<android.hardware.camera2.legacy.CaptureCollector$CaptureHolder: void tryComplete()>",
						"<android.hardware.camera2.legacy.CameraDeviceState: boolean setCaptureStart(android.hardware.camera2.legacy.RequestHolder,long,int)>",
						"<android.hardware.camera2.legacy.CameraDeviceState: void doStateTransition(int,long,int)>",
						"key field: <android.hardware.camera2.legacy.CameraDeviceState: int mCurrentState>",
						"<android.hardware.camera2.legacy.CameraDeviceState: void doStateTransition(int,long,int)>"
					],
					"depth":6,
					"method":"<android.hardware.camera2.legacy.RequestThreadManager: long flush()>",
					"source":"FIELDCALLER"
				},
				{
					"trace":[
						"<android.hardware.camera2.legacy.SurfaceTextureRenderer: void drawIntoSurfaces(android.hardware.camera2.legacy.CaptureCollector)>",
						"<android.hardware.camera2.legacy.CaptureCollector: android.hardware.camera2.legacy.RequestHolder previewProduced()>",
						"<android.hardware.camera2.legacy.CaptureCollector$CaptureHolder: void setPreviewProduced()>",
						"<android.hardware.camera2.legacy.CaptureCollector$CaptureHolder: void tryComplete()>",
						"<android.hardware.camera2.legacy.CameraDeviceState: boolean setCaptureStart(android.hardware.camera2.legacy.RequestHolder,long,int)>",
						"<android.hardware.camera2.legacy.CameraDeviceState: void doStateTransition(int,long,int)>",
						"key field: <android.hardware.camera2.legacy.CameraDeviceState: int mCurrentState>",
						"<android.hardware.camera2.legacy.CameraDeviceState: void doStateTransition(int,long,int)>"
					],
					"depth":6,
					"method":"<android.hardware.camera2.legacy.SurfaceTextureRenderer: void drawIntoSurfaces(android.hardware.camera2.legacy.CaptureCollector)>",
					"source":"FIELDCALLER"
				},
				{
					"trace":[
						"<android.hardware.camera2.legacy.RequestThreadManager$2: void onPictureTaken(byte[],android.hardware.Camera)>",
						"<android.hardware.camera2.legacy.CaptureCollector: android.util.Pair jpegProduced()>",
						"<android.hardware.camera2.legacy.CaptureCollector$CaptureHolder: void setJpegProduced()>",
						"<android.hardware.camera2.legacy.CaptureCollector$CaptureHolder: void tryComplete()>",
						"<android.hardware.camera2.legacy.CameraDeviceState: boolean setCaptureStart(android.hardware.camera2.legacy.RequestHolder,long,int)>",
						"<android.hardware.camera2.legacy.CameraDeviceState: void doStateTransition(int,long,int)>",
						"key field: <android.hardware.camera2.legacy.CameraDeviceState: int mCurrentState>",
						"<android.hardware.camera2.legacy.CameraDeviceState: void doStateTransition(int,long,int)>"
					],
					"depth":6,
					"method":"<android.hardware.camera2.legacy.RequestThreadManager$2: void onPictureTaken(byte[],android.hardware.Camera)>",
					"source":"FIELDCALLER"
				},
				{
					"trace":[
						"<android.hardware.Camera$PictureCallback: void onPictureTaken(byte[],android.hardware.Camera)>",
						"<android.hardware.camera2.legacy.CaptureCollector: android.util.Pair jpegProduced()>",
						"<android.hardware.camera2.legacy.CaptureCollector$CaptureHolder: void setJpegProduced()>",
						"<android.hardware.camera2.legacy.CaptureCollector$CaptureHolder: void tryComplete()>",
						"<android.hardware.camera2.legacy.CameraDeviceState: boolean setCaptureStart(android.hardware.camera2.legacy.RequestHolder,long,int)>",
						"<android.hardware.camera2.legacy.CameraDeviceState: void doStateTransition(int,long,int)>",
						"key field: <android.hardware.camera2.legacy.CameraDeviceState: int mCurrentState>",
						"<android.hardware.camera2.legacy.CameraDeviceState: void doStateTransition(int,long,int)>"
					],
					"depth":6,
					"method":"<android.hardware.Camera$PictureCallback: void onPictureTaken(byte[],android.hardware.Camera)>",
					"source":"FIELDCALLER"
				},
				{
					"trace":[
						"<android.hardware.camera2.legacy.RequestThreadManager$3: void onShutter()>",
						"<android.hardware.camera2.legacy.CaptureCollector: android.hardware.camera2.legacy.RequestHolder jpegCaptured(long)>",
						"<android.hardware.camera2.legacy.CaptureCollector$CaptureHolder: void setJpegTimestamp(long)>",
						"<android.hardware.camera2.legacy.CaptureCollector$CaptureHolder: void tryComplete()>",
						"<android.hardware.camera2.legacy.CameraDeviceState: boolean setCaptureStart(android.hardware.camera2.legacy.RequestHolder,long,int)>",
						"<android.hardware.camera2.legacy.CameraDeviceState: void doStateTransition(int,long,int)>",
						"key field: <android.hardware.camera2.legacy.CameraDeviceState: int mCurrentState>",
						"<android.hardware.camera2.legacy.CameraDeviceState: void doStateTransition(int,long,int)>"
					],
					"depth":6,
					"method":"<android.hardware.camera2.legacy.RequestThreadManager$3: void onShutter()>",
					"source":"FIELDCALLER"
				},
				{
					"trace":[
						"<android.hardware.Camera$ShutterCallback: void onShutter()>",
						"<android.hardware.camera2.legacy.CaptureCollector: android.hardware.camera2.legacy.RequestHolder jpegCaptured(long)>",
						"<android.hardware.camera2.legacy.CaptureCollector$CaptureHolder: void setJpegTimestamp(long)>",
						"<android.hardware.camera2.legacy.CaptureCollector$CaptureHolder: void tryComplete()>",
						"<android.hardware.camera2.legacy.CameraDeviceState: boolean setCaptureStart(android.hardware.camera2.legacy.RequestHolder,long,int)>",
						"<android.hardware.camera2.legacy.CameraDeviceState: void doStateTransition(int,long,int)>",
						"key field: <android.hardware.camera2.legacy.CameraDeviceState: int mCurrentState>",
						"<android.hardware.camera2.legacy.CameraDeviceState: void doStateTransition(int,long,int)>"
					],
					"depth":6,
					"method":"<android.hardware.Camera$ShutterCallback: void onShutter()>",
					"source":"FIELDCALLER"
				},
				{
					"trace":[
						"<android.hardware.camera2.impl.ICameraDeviceUserWrapper: void endConfigure(boolean)>",
						"<android.hardware.camera2.legacy.CameraDeviceUserShim: void endConfigure(boolean)>",
						"<android.hardware.camera2.legacy.LegacyCameraDevice: int configureOutputs(android.util.SparseArray)>",
						"<android.hardware.camera2.legacy.CameraDeviceState: boolean setConfiguring()>",
						"<android.hardware.camera2.legacy.CameraDeviceState: void doStateTransition(int)>",
						"<android.hardware.camera2.legacy.CameraDeviceState: void doStateTransition(int,long,int)>",
						"key field: <android.hardware.camera2.legacy.CameraDeviceState: int mCurrentState>",
						"<android.hardware.camera2.legacy.CameraDeviceState: void doStateTransition(int,long,int)>"
					],
					"depth":6,
					"method":"<android.hardware.camera2.impl.ICameraDeviceUserWrapper: void endConfigure(boolean)>",
					"source":"FIELDCALLER"
				},
				{
					"trace":[
						"<android.hardware.camera2.legacy.RequestThreadManager$1: void onError(int,android.hardware.Camera)>",
						"<android.hardware.camera2.legacy.RequestThreadManager: long flush()>",
						"<android.hardware.camera2.legacy.CaptureCollector: void failAll()>",
						"<android.hardware.camera2.legacy.CaptureCollector$CaptureHolder: void setPreviewFailed()>",
						"<android.hardware.camera2.legacy.CaptureCollector$CaptureHolder: void tryComplete()>",
						"<android.hardware.camera2.legacy.CameraDeviceState: boolean setCaptureStart(android.hardware.camera2.legacy.RequestHolder,long,int)>",
						"<android.hardware.camera2.legacy.CameraDeviceState: void doStateTransition(int,long,int)>",
						"key field: <android.hardware.camera2.legacy.CameraDeviceState: int mCurrentState>",
						"<android.hardware.camera2.legacy.CameraDeviceState: void doStateTransition(int,long,int)>"
					],
					"depth":7,
					"method":"<android.hardware.camera2.legacy.RequestThreadManager$1: void onError(int,android.hardware.Camera)>",
					"source":"FIELDCALLER"
				},
				{
					"trace":[
						"<android.hardware.Camera$ErrorCallback: void onError(int,android.hardware.Camera)>",
						"<android.hardware.camera2.legacy.RequestThreadManager: long flush()>",
						"<android.hardware.camera2.legacy.CaptureCollector: void failAll()>",
						"<android.hardware.camera2.legacy.CaptureCollector$CaptureHolder: void setPreviewFailed()>",
						"<android.hardware.camera2.legacy.CaptureCollector$CaptureHolder: void tryComplete()>",
						"<android.hardware.camera2.legacy.CameraDeviceState: boolean setCaptureStart(android.hardware.camera2.legacy.RequestHolder,long,int)>",
						"<android.hardware.camera2.legacy.CameraDeviceState: void doStateTransition(int,long,int)>",
						"key field: <android.hardware.camera2.legacy.CameraDeviceState: int mCurrentState>",
						"<android.hardware.camera2.legacy.CameraDeviceState: void doStateTransition(int,long,int)>"
					],
					"depth":7,
					"method":"<android.hardware.Camera$ErrorCallback: void onError(int,android.hardware.Camera)>",
					"source":"FIELDCALLER"
				},
				{
					"trace":[
						"<android.hardware.camera2.legacy.LegacyCameraDevice: long flush()>",
						"<android.hardware.camera2.legacy.RequestThreadManager: long flush()>",
						"<android.hardware.camera2.legacy.CaptureCollector: void failAll()>",
						"<android.hardware.camera2.legacy.CaptureCollector$CaptureHolder: void setPreviewFailed()>",
						"<android.hardware.camera2.legacy.CaptureCollector$CaptureHolder: void tryComplete()>",
						"<android.hardware.camera2.legacy.CameraDeviceState: boolean setCaptureStart(android.hardware.camera2.legacy.RequestHolder,long,int)>",
						"<android.hardware.camera2.legacy.CameraDeviceState: void doStateTransition(int,long,int)>",
						"key field: <android.hardware.camera2.legacy.CameraDeviceState: int mCurrentState>",
						"<android.hardware.camera2.legacy.CameraDeviceState: void doStateTransition(int,long,int)>"
					],
					"depth":7,
					"method":"<android.hardware.camera2.legacy.LegacyCameraDevice: long flush()>",
					"source":"FIELDCALLER"
				},
				{
					"trace":[
						"<android.hardware.camera2.legacy.GLThreadManager$1: boolean handleMessage(android.os.Message)>",
						"<android.hardware.camera2.legacy.SurfaceTextureRenderer: void drawIntoSurfaces(android.hardware.camera2.legacy.CaptureCollector)>",
						"<android.hardware.camera2.legacy.CaptureCollector: android.hardware.camera2.legacy.RequestHolder previewProduced()>",
						"<android.hardware.camera2.legacy.CaptureCollector$CaptureHolder: void setPreviewProduced()>",
						"<android.hardware.camera2.legacy.CaptureCollector$CaptureHolder: void tryComplete()>",
						"<android.hardware.camera2.legacy.CameraDeviceState: boolean setCaptureStart(android.hardware.camera2.legacy.RequestHolder,long,int)>",
						"<android.hardware.camera2.legacy.CameraDeviceState: void doStateTransition(int,long,int)>",
						"key field: <android.hardware.camera2.legacy.CameraDeviceState: int mCurrentState>",
						"<android.hardware.camera2.legacy.CameraDeviceState: void doStateTransition(int,long,int)>"
					],
					"depth":7,
					"method":"<android.hardware.camera2.legacy.GLThreadManager$1: boolean handleMessage(android.os.Message)>",
					"source":"FIELDCALLER"
				},
				{
					"trace":[
						"<android.hardware.camera2.impl.CameraDeviceImpl: boolean configureStreamsChecked(android.hardware.camera2.params.InputConfiguration,java.util.List,boolean)>",
						"<android.hardware.camera2.impl.ICameraDeviceUserWrapper: void endConfigure(boolean)>",
						"<android.hardware.camera2.legacy.CameraDeviceUserShim: void endConfigure(boolean)>",
						"<android.hardware.camera2.legacy.LegacyCameraDevice: int configureOutputs(android.util.SparseArray)>",
						"<android.hardware.camera2.legacy.CameraDeviceState: boolean setConfiguring()>",
						"<android.hardware.camera2.legacy.CameraDeviceState: void doStateTransition(int)>",
						"<android.hardware.camera2.legacy.CameraDeviceState: void doStateTransition(int,long,int)>",
						"key field: <android.hardware.camera2.legacy.CameraDeviceState: int mCurrentState>",
						"<android.hardware.camera2.legacy.CameraDeviceState: void doStateTransition(int,long,int)>"
					],
					"depth":7,
					"method":"<android.hardware.camera2.impl.CameraDeviceImpl: boolean configureStreamsChecked(android.hardware.camera2.params.InputConfiguration,java.util.List,boolean)>",
					"source":"FIELDCALLER"
				},
				{
					"trace":[
						"<android.hardware.Camera$EventHandler: void handleMessage(android.os.Message)>",
						"<android.hardware.camera2.legacy.RequestThreadManager$1: void onError(int,android.hardware.Camera)>",
						"<android.hardware.camera2.legacy.RequestThreadManager: long flush()>",
						"<android.hardware.camera2.legacy.CaptureCollector: void failAll()>",
						"<android.hardware.camera2.legacy.CaptureCollector$CaptureHolder: void setPreviewFailed()>",
						"<android.hardware.camera2.legacy.CaptureCollector$CaptureHolder: void tryComplete()>",
						"<android.hardware.camera2.legacy.CameraDeviceState: boolean setCaptureStart(android.hardware.camera2.legacy.RequestHolder,long,int)>",
						"<android.hardware.camera2.legacy.CameraDeviceState: void doStateTransition(int,long,int)>",
						"key field: <android.hardware.camera2.legacy.CameraDeviceState: int mCurrentState>",
						"<android.hardware.camera2.legacy.CameraDeviceState: void doStateTransition(int,long,int)>"
					],
					"depth":8,
					"method":"<android.hardware.Camera$EventHandler: void handleMessage(android.os.Message)>",
					"source":"FIELDCALLER"
				},
				{
					"trace":[
						"<android.hardware.camera2.legacy.CameraDeviceUserShim: long flush()>",
						"<android.hardware.camera2.legacy.LegacyCameraDevice: long flush()>",
						"<android.hardware.camera2.legacy.RequestThreadManager: long flush()>",
						"<android.hardware.camera2.legacy.CaptureCollector: void failAll()>",
						"<android.hardware.camera2.legacy.CaptureCollector$CaptureHolder: void setPreviewFailed()>",
						"<android.hardware.camera2.legacy.CaptureCollector$CaptureHolder: void tryComplete()>",
						"<android.hardware.camera2.legacy.CameraDeviceState: boolean setCaptureStart(android.hardware.camera2.legacy.RequestHolder,long,int)>",
						"<android.hardware.camera2.legacy.CameraDeviceState: void doStateTransition(int,long,int)>",
						"key field: <android.hardware.camera2.legacy.CameraDeviceState: int mCurrentState>",
						"<android.hardware.camera2.legacy.CameraDeviceState: void doStateTransition(int,long,int)>"
					],
					"depth":8,
					"method":"<android.hardware.camera2.legacy.CameraDeviceUserShim: long flush()>",
					"source":"FIELDCALLER"
				},
				{
					"trace":[
						"<android.hardware.camera2.ICameraDeviceUser: long flush()>",
						"<android.hardware.camera2.legacy.LegacyCameraDevice: long flush()>",
						"<android.hardware.camera2.legacy.RequestThreadManager: long flush()>",
						"<android.hardware.camera2.legacy.CaptureCollector: void failAll()>",
						"<android.hardware.camera2.legacy.CaptureCollector$CaptureHolder: void setPreviewFailed()>",
						"<android.hardware.camera2.legacy.CaptureCollector$CaptureHolder: void tryComplete()>",
						"<android.hardware.camera2.legacy.CameraDeviceState: boolean setCaptureStart(android.hardware.camera2.legacy.RequestHolder,long,int)>",
						"<android.hardware.camera2.legacy.CameraDeviceState: void doStateTransition(int,long,int)>",
						"key field: <android.hardware.camera2.legacy.CameraDeviceState: int mCurrentState>",
						"<android.hardware.camera2.legacy.CameraDeviceState: void doStateTransition(int,long,int)>"
					],
					"depth":8,
					"method":"<android.hardware.camera2.ICameraDeviceUser: long flush()>",
					"source":"FIELDCALLER"
				},
				{
					"trace":[
						"<android.hardware.camera2.legacy.RequestHandlerThread: void waitUntilIdle()>",
						"<android.hardware.Camera$EventHandler: void handleMessage(android.os.Message)>",
						"<android.hardware.camera2.legacy.RequestThreadManager$2: void onPictureTaken(byte[],android.hardware.Camera)>",
						"<android.hardware.camera2.legacy.CaptureCollector: android.util.Pair jpegProduced()>",
						"<android.hardware.camera2.legacy.CaptureCollector$CaptureHolder: void setJpegProduced()>",
						"<android.hardware.camera2.legacy.CaptureCollector$CaptureHolder: void tryComplete()>",
						"<android.hardware.camera2.legacy.CameraDeviceState: boolean setCaptureStart(android.hardware.camera2.legacy.RequestHolder,long,int)>",
						"<android.hardware.camera2.legacy.CameraDeviceState: void doStateTransition(int,long,int)>",
						"key field: <android.hardware.camera2.legacy.CameraDeviceState: int mCurrentState>",
						"<android.hardware.camera2.legacy.CameraDeviceState: void doStateTransition(int,long,int)>"
					],
					"depth":8,
					"method":"<android.hardware.camera2.legacy.RequestHandlerThread: void waitUntilIdle()>",
					"source":"FIELDCALLER"
				},
				{
					"trace":[
						"<android.hardware.camera2.legacy.GLThreadManager: void allowNewFrames()>",
						"<android.hardware.Camera$EventHandler: void handleMessage(android.os.Message)>",
						"<android.hardware.camera2.legacy.RequestThreadManager$2: void onPictureTaken(byte[],android.hardware.Camera)>",
						"<android.hardware.camera2.legacy.CaptureCollector: android.util.Pair jpegProduced()>",
						"<android.hardware.camera2.legacy.CaptureCollector$CaptureHolder: void setJpegProduced()>",
						"<android.hardware.camera2.legacy.CaptureCollector$CaptureHolder: void tryComplete()>",
						"<android.hardware.camera2.legacy.CameraDeviceState: boolean setCaptureStart(android.hardware.camera2.legacy.RequestHolder,long,int)>",
						"<android.hardware.camera2.legacy.CameraDeviceState: void doStateTransition(int,long,int)>",
						"key field: <android.hardware.camera2.legacy.CameraDeviceState: int mCurrentState>",
						"<android.hardware.camera2.legacy.CameraDeviceState: void doStateTransition(int,long,int)>"
					],
					"depth":8,
					"method":"<android.hardware.camera2.legacy.GLThreadManager: void allowNewFrames()>",
					"source":"FIELDCALLER"
				},
				{
					"trace":[
						"<android.hardware.camera2.legacy.GLThreadManager: void ignoreNewFrames()>",
						"<android.hardware.Camera$EventHandler: void handleMessage(android.os.Message)>",
						"<android.hardware.camera2.legacy.RequestThreadManager$2: void onPictureTaken(byte[],android.hardware.Camera)>",
						"<android.hardware.camera2.legacy.CaptureCollector: android.util.Pair jpegProduced()>",
						"<android.hardware.camera2.legacy.CaptureCollector$CaptureHolder: void setJpegProduced()>",
						"<android.hardware.camera2.legacy.CaptureCollector$CaptureHolder: void tryComplete()>",
						"<android.hardware.camera2.legacy.CameraDeviceState: boolean setCaptureStart(android.hardware.camera2.legacy.RequestHolder,long,int)>",
						"<android.hardware.camera2.legacy.CameraDeviceState: void doStateTransition(int,long,int)>",
						"key field: <android.hardware.camera2.legacy.CameraDeviceState: int mCurrentState>",
						"<android.hardware.camera2.legacy.CameraDeviceState: void doStateTransition(int,long,int)>"
					],
					"depth":8,
					"method":"<android.hardware.camera2.legacy.GLThreadManager: void ignoreNewFrames()>",
					"source":"FIELDCALLER"
				},
				{
					"trace":[
						"<android.hardware.camera2.legacy.GLThreadManager: void quit()>",
						"<android.hardware.Camera$EventHandler: void handleMessage(android.os.Message)>",
						"<android.hardware.camera2.legacy.RequestThreadManager$2: void onPictureTaken(byte[],android.hardware.Camera)>",
						"<android.hardware.camera2.legacy.CaptureCollector: android.util.Pair jpegProduced()>",
						"<android.hardware.camera2.legacy.CaptureCollector$CaptureHolder: void setJpegProduced()>",
						"<android.hardware.camera2.legacy.CaptureCollector$CaptureHolder: void tryComplete()>",
						"<android.hardware.camera2.legacy.CameraDeviceState: boolean setCaptureStart(android.hardware.camera2.legacy.RequestHolder,long,int)>",
						"<android.hardware.camera2.legacy.CameraDeviceState: void doStateTransition(int,long,int)>",
						"key field: <android.hardware.camera2.legacy.CameraDeviceState: int mCurrentState>",
						"<android.hardware.camera2.legacy.CameraDeviceState: void doStateTransition(int,long,int)>"
					],
					"depth":8,
					"method":"<android.hardware.camera2.legacy.GLThreadManager: void quit()>",
					"source":"FIELDCALLER"
				},
				{
					"trace":[
						"<android.widget.Filter$RequestHandler: void handleMessage(android.os.Message)>",
						"<android.hardware.Camera$EventHandler: void handleMessage(android.os.Message)>",
						"<android.hardware.camera2.legacy.RequestThreadManager$2: void onPictureTaken(byte[],android.hardware.Camera)>",
						"<android.hardware.camera2.legacy.CaptureCollector: android.util.Pair jpegProduced()>",
						"<android.hardware.camera2.legacy.CaptureCollector$CaptureHolder: void setJpegProduced()>",
						"<android.hardware.camera2.legacy.CaptureCollector$CaptureHolder: void tryComplete()>",
						"<android.hardware.camera2.legacy.CameraDeviceState: boolean setCaptureStart(android.hardware.camera2.legacy.RequestHolder,long,int)>",
						"<android.hardware.camera2.legacy.CameraDeviceState: void doStateTransition(int,long,int)>",
						"key field: <android.hardware.camera2.legacy.CameraDeviceState: int mCurrentState>",
						"<android.hardware.camera2.legacy.CameraDeviceState: void doStateTransition(int,long,int)>"
					],
					"depth":8,
					"method":"<android.widget.Filter$RequestHandler: void handleMessage(android.os.Message)>",
					"source":"FIELDCALLER"
				},
				{
					"trace":[
						"<android.hardware.camera2.impl.CameraCaptureSessionImpl$IdleDrainListener: void onDrained()>",
						"<android.hardware.camera2.impl.CameraDeviceImpl: boolean configureStreamsChecked(android.hardware.camera2.params.InputConfiguration,java.util.List,boolean)>",
						"<android.hardware.camera2.impl.ICameraDeviceUserWrapper: void endConfigure(boolean)>",
						"<android.hardware.camera2.legacy.CameraDeviceUserShim: void endConfigure(boolean)>",
						"<android.hardware.camera2.legacy.LegacyCameraDevice: int configureOutputs(android.util.SparseArray)>",
						"<android.hardware.camera2.legacy.CameraDeviceState: boolean setConfiguring()>",
						"<android.hardware.camera2.legacy.CameraDeviceState: void doStateTransition(int)>",
						"<android.hardware.camera2.legacy.CameraDeviceState: void doStateTransition(int,long,int)>",
						"key field: <android.hardware.camera2.legacy.CameraDeviceState: int mCurrentState>",
						"<android.hardware.camera2.legacy.CameraDeviceState: void doStateTransition(int,long,int)>"
					],
					"depth":8,
					"method":"<android.hardware.camera2.impl.CameraCaptureSessionImpl$IdleDrainListener: void onDrained()>",
					"source":"FIELDCALLER"
				},
				{
					"trace":[
						"<android.hardware.camera2.utils.TaskDrainer$DrainListener: void onDrained()>",
						"<android.hardware.camera2.impl.CameraDeviceImpl: boolean configureStreamsChecked(android.hardware.camera2.params.InputConfiguration,java.util.List,boolean)>",
						"<android.hardware.camera2.impl.ICameraDeviceUserWrapper: void endConfigure(boolean)>",
						"<android.hardware.camera2.legacy.CameraDeviceUserShim: void endConfigure(boolean)>",
						"<android.hardware.camera2.legacy.LegacyCameraDevice: int configureOutputs(android.util.SparseArray)>",
						"<android.hardware.camera2.legacy.CameraDeviceState: boolean setConfiguring()>",
						"<android.hardware.camera2.legacy.CameraDeviceState: void doStateTransition(int)>",
						"<android.hardware.camera2.legacy.CameraDeviceState: void doStateTransition(int,long,int)>",
						"key field: <android.hardware.camera2.legacy.CameraDeviceState: int mCurrentState>",
						"<android.hardware.camera2.legacy.CameraDeviceState: void doStateTransition(int,long,int)>"
					],
					"depth":8,
					"method":"<android.hardware.camera2.utils.TaskDrainer$DrainListener: void onDrained()>",
					"source":"FIELDCALLER"
				},
				{
					"trace":[
						"<android.hardware.camera2.impl.CameraDeviceImpl: void configureOutputs(java.util.List)>",
						"<android.hardware.camera2.impl.CameraDeviceImpl: boolean configureStreamsChecked(android.hardware.camera2.params.InputConfiguration,java.util.List,boolean)>",
						"<android.hardware.camera2.impl.ICameraDeviceUserWrapper: void endConfigure(boolean)>",
						"<android.hardware.camera2.legacy.CameraDeviceUserShim: void endConfigure(boolean)>",
						"<android.hardware.camera2.legacy.LegacyCameraDevice: int configureOutputs(android.util.SparseArray)>",
						"<android.hardware.camera2.legacy.CameraDeviceState: boolean setConfiguring()>",
						"<android.hardware.camera2.legacy.CameraDeviceState: void doStateTransition(int)>",
						"<android.hardware.camera2.legacy.CameraDeviceState: void doStateTransition(int,long,int)>",
						"key field: <android.hardware.camera2.legacy.CameraDeviceState: int mCurrentState>",
						"<android.hardware.camera2.legacy.CameraDeviceState: void doStateTransition(int,long,int)>"
					],
					"depth":8,
					"method":"<android.hardware.camera2.impl.CameraDeviceImpl: void configureOutputs(java.util.List)>",
					"source":"FIELDCALLER"
				}
			],
			"callerOfSingnlar2SourceVar":{
				"<android.hardware.camera2.legacy.CameraDeviceState: void doStateTransition(int)>":"0",
				"<android.hardware.camera2.legacy.CameraDeviceState: void doStateTransition(int,long,int)>":"0"
			}
		}
	]
}