{
	"exceptions":[
		{
			"method":"<android.hardware.camera2.CameraManager: void registerAvailabilityCallback(android.hardware.camera2.CameraManager$AvailabilityCallback,android.os.Handler)>",
			"message":"\\QNo handler given, and current thread has no looper!\\E",
			"relatedVarType":"Parameter",
			"relatedCondType":"Basic",
			"modifier":"public",
			"type":"java.lang.IllegalArgumentException",
			"osVersionRelated":false,
			"resourceRelated":false,
			"assessRelated":false,
			"hardwareRelated":true,
			"manifestRelated":false,
			"conditions":"r2 != null, r6 != null",
			"paramValues":"@parameter1: android.os.Handler",
			"relatedValues":"@parameter1: android.os.Handler; ; ",
			"keyAPISameClassNum":0,
			"keyAPIDiffClassNum":0,
			"keyAPISameClass":[
				{
					"trace":[
						"<android.hardware.camera2.CameraManager: void registerAvailabilityCallback(android.hardware.camera2.CameraManager$AvailabilityCallback,android.os.Handler)>"
					],
					"depth":0,
					"method":"<android.hardware.camera2.CameraManager: void registerAvailabilityCallback(android.hardware.camera2.CameraManager$AvailabilityCallback,android.os.Handler)>",
					"source":"CALLER"
				}
			],
			"keyAPIDiffClass":[],
			"callerOfSingnlar2SourceVar":{
				"<android.hardware.camera2.CameraManager: void registerAvailabilityCallback(android.hardware.camera2.CameraManager$AvailabilityCallback,android.os.Handler)>":"1"
			}
		},
		{
			"method":"<android.hardware.camera2.CameraManager: void registerTorchCallback(android.hardware.camera2.CameraManager$TorchCallback,android.os.Handler)>",
			"message":"\\QNo handler given, and current thread has no looper!\\E",
			"relatedVarType":"Parameter",
			"relatedCondType":"Basic",
			"modifier":"public",
			"type":"java.lang.IllegalArgumentException",
			"osVersionRelated":false,
			"resourceRelated":false,
			"assessRelated":false,
			"hardwareRelated":true,
			"manifestRelated":false,
			"conditions":"r2 != null, r6 != null",
			"paramValues":"@parameter1: android.os.Handler",
			"relatedValues":"@parameter1: android.os.Handler; ; ",
			"keyAPISameClassNum":0,
			"keyAPIDiffClassNum":0,
			"keyAPISameClass":[
				{
					"trace":[
						"<android.hardware.camera2.CameraManager: void registerTorchCallback(android.hardware.camera2.CameraManager$TorchCallback,android.os.Handler)>"
					],
					"depth":0,
					"method":"<android.hardware.camera2.CameraManager: void registerTorchCallback(android.hardware.camera2.CameraManager$TorchCallback,android.os.Handler)>",
					"source":"CALLER"
				}
			],
			"keyAPIDiffClass":[],
			"callerOfSingnlar2SourceVar":{
				"<android.hardware.camera2.CameraManager: void registerTorchCallback(android.hardware.camera2.CameraManager$TorchCallback,android.os.Handler)>":"1"
			}
		},
		{
			"method":"<android.hardware.camera2.CameraManager: android.hardware.camera2.CameraCharacteristics getCameraCharacteristics(java.lang.String)>",
			"message":"[\\s\\S]*",
			"relatedVarType":"Parameter",
			"relatedCondType":"Basic",
			"modifier":"public",
			"type":"android.hardware.camera2.CameraAccessException",
			"osVersionRelated":false,
			"resourceRelated":false,
			"assessRelated":false,
			"hardwareRelated":true,
			"manifestRelated":false,
			"conditions":"r6 != null, $z0 != 0",
			"paramValues":"@parameter0: java.lang.String",
			"relatedValues":"@parameter0: java.lang.String; ; ",
			"keyAPISameClassNum":0,
			"keyAPIDiffClassNum":0,
			"keyAPISameClass":[
				{
					"trace":[
						"<android.hardware.camera2.CameraManager: android.hardware.camera2.CameraCharacteristics getCameraCharacteristics(java.lang.String)>"
					],
					"depth":0,
					"method":"<android.hardware.camera2.CameraManager: android.hardware.camera2.CameraCharacteristics getCameraCharacteristics(java.lang.String)>",
					"source":"CALLER"
				},
				{
					"trace":[
						"<android.hardware.camera2.CameraManager: void openCamera(java.lang.String,android.hardware.camera2.CameraDevice$StateCallback,android.os.Handler)>",
						"<android.hardware.camera2.CameraManager: android.hardware.camera2.CameraDevice openCameraDeviceUserAsync(java.lang.String,android.hardware.camera2.CameraDevice$StateCallback,android.os.Handler)>",
						"<android.hardware.camera2.CameraManager: android.hardware.camera2.CameraCharacteristics getCameraCharacteristics(java.lang.String)>"
					],
					"depth":2,
					"method":"<android.hardware.camera2.CameraManager: void openCamera(java.lang.String,android.hardware.camera2.CameraDevice$StateCallback,android.os.Handler)>",
					"source":"CALLER"
				}
			],
			"keyAPIDiffClass":[],
			"callerOfSingnlar2SourceVar":{
				"<android.hardware.camera2.CameraManager: void openCamera(java.lang.String,android.hardware.camera2.CameraDevice$StateCallback,android.os.Handler)>":"0",
				"<android.hardware.camera2.CameraManager: android.hardware.camera2.CameraCharacteristics getCameraCharacteristics(java.lang.String)>":"0",
				"<android.hardware.camera2.CameraManager: android.hardware.camera2.CameraDevice openCameraDeviceUserAsync(java.lang.String,android.hardware.camera2.CameraDevice$StateCallback,android.os.Handler)>":"0"
			}
		},
		{
			"method":"<android.hardware.camera2.CameraManager: android.hardware.camera2.CameraCharacteristics getCameraCharacteristics(java.lang.String)>",
			"message":"[\\s\\S]*",
			"relatedVarType":"Parameter",
			"relatedCondType":"Basic",
			"modifier":"public",
			"type":"android.hardware.camera2.CameraAccessException",
			"osVersionRelated":false,
			"resourceRelated":false,
			"assessRelated":false,
			"hardwareRelated":true,
			"manifestRelated":false,
			"conditions":"r6 != null, $z0 != 0",
			"paramValues":"@parameter0: java.lang.String",
			"caughtValues":"@caughtexception",
			"relatedValues":"@parameter0: java.lang.String; ; @caughtexception",
			"keyAPISameClassNum":0,
			"keyAPIDiffClassNum":0,
			"keyAPISameClass":[
				{
					"trace":[
						"<android.hardware.camera2.CameraManager: android.hardware.camera2.CameraCharacteristics getCameraCharacteristics(java.lang.String)>"
					],
					"depth":0,
					"method":"<android.hardware.camera2.CameraManager: android.hardware.camera2.CameraCharacteristics getCameraCharacteristics(java.lang.String)>",
					"source":"CALLER"
				},
				{
					"trace":[
						"<android.hardware.camera2.CameraManager: void openCamera(java.lang.String,android.hardware.camera2.CameraDevice$StateCallback,android.os.Handler)>",
						"<android.hardware.camera2.CameraManager: android.hardware.camera2.CameraDevice openCameraDeviceUserAsync(java.lang.String,android.hardware.camera2.CameraDevice$StateCallback,android.os.Handler)>",
						"<android.hardware.camera2.CameraManager: android.hardware.camera2.CameraCharacteristics getCameraCharacteristics(java.lang.String)>"
					],
					"depth":2,
					"method":"<android.hardware.camera2.CameraManager: void openCamera(java.lang.String,android.hardware.camera2.CameraDevice$StateCallback,android.os.Handler)>",
					"source":"CALLER"
				}
			],
			"keyAPIDiffClass":[],
			"callerOfSingnlar2SourceVar":{
				"<android.hardware.camera2.CameraManager: void openCamera(java.lang.String,android.hardware.camera2.CameraDevice$StateCallback,android.os.Handler)>":"0",
				"<android.hardware.camera2.CameraManager: android.hardware.camera2.CameraCharacteristics getCameraCharacteristics(java.lang.String)>":"0",
				"<android.hardware.camera2.CameraManager: android.hardware.camera2.CameraDevice openCameraDeviceUserAsync(java.lang.String,android.hardware.camera2.CameraDevice$StateCallback,android.os.Handler)>":"0"
			}
		},
		{
			"method":"<android.hardware.camera2.CameraManager: android.hardware.camera2.CameraCharacteristics getCameraCharacteristics(java.lang.String)>",
			"message":"",
			"relatedVarType":"Parameter",
			"relatedCondType":"Basic",
			"modifier":"public",
			"type":"java.lang.IllegalArgumentException",
			"osVersionRelated":false,
			"resourceRelated":false,
			"assessRelated":false,
			"hardwareRelated":true,
			"manifestRelated":false,
			"conditions":"$z0 != 0",
			"paramValues":"@parameter0: java.lang.String",
			"relatedValues":"@parameter0: java.lang.String; ; ",
			"keyAPISameClassNum":0,
			"keyAPIDiffClassNum":0,
			"keyAPISameClass":[
				{
					"trace":[
						"<android.hardware.camera2.CameraManager: android.hardware.camera2.CameraCharacteristics getCameraCharacteristics(java.lang.String)>"
					],
					"depth":0,
					"method":"<android.hardware.camera2.CameraManager: android.hardware.camera2.CameraCharacteristics getCameraCharacteristics(java.lang.String)>",
					"source":"CALLER"
				},
				{
					"trace":[
						"<android.hardware.camera2.CameraManager: void openCamera(java.lang.String,android.hardware.camera2.CameraDevice$StateCallback,android.os.Handler)>",
						"<android.hardware.camera2.CameraManager: android.hardware.camera2.CameraDevice openCameraDeviceUserAsync(java.lang.String,android.hardware.camera2.CameraDevice$StateCallback,android.os.Handler)>",
						"<android.hardware.camera2.CameraManager: android.hardware.camera2.CameraCharacteristics getCameraCharacteristics(java.lang.String)>"
					],
					"depth":2,
					"method":"<android.hardware.camera2.CameraManager: void openCamera(java.lang.String,android.hardware.camera2.CameraDevice$StateCallback,android.os.Handler)>",
					"source":"CALLER"
				}
			],
			"keyAPIDiffClass":[],
			"callerOfSingnlar2SourceVar":{
				"<android.hardware.camera2.CameraManager: void openCamera(java.lang.String,android.hardware.camera2.CameraDevice$StateCallback,android.os.Handler)>":"0",
				"<android.hardware.camera2.CameraManager: android.hardware.camera2.CameraCharacteristics getCameraCharacteristics(java.lang.String)>":"0",
				"<android.hardware.camera2.CameraManager: android.hardware.camera2.CameraDevice openCameraDeviceUserAsync(java.lang.String,android.hardware.camera2.CameraDevice$StateCallback,android.os.Handler)>":"0"
			}
		},
		{
			"method":"<android.hardware.camera2.CameraManager: android.hardware.camera2.CameraDevice openCameraDeviceUserAsync(java.lang.String,android.hardware.camera2.CameraDevice$StateCallback,android.os.Handler)>",
			"message":"\\QExpected cameraId to be numeric, but it was: \\E[\\s\\S]*",
			"relatedVarType":"Unknown",
			"relatedCondType":"Empty",
			"modifier":"private",
			"type":"java.lang.IllegalArgumentException",
			"osVersionRelated":false,
			"resourceRelated":false,
			"assessRelated":false,
			"hardwareRelated":true,
			"manifestRelated":false,
			"caughtValues":"@caughtexception",
			"relatedValues":"; ; @caughtexception",
			"keyAPISameClassNum":0,
			"keyAPIDiffClassNum":0,
			"keyAPISameClass":[],
			"keyAPIDiffClass":[],
			"callerOfSingnlar2SourceVar":{}
		},
		{
			"method":"<android.hardware.camera2.CameraManager: android.hardware.camera2.CameraDevice openCameraDeviceUserAsync(java.lang.String,android.hardware.camera2.CameraDevice$StateCallback,android.os.Handler)>",
			"message":"[\\s\\S]*",
			"relatedVarType":"Parameter",
			"relatedCondType":"Basic",
			"modifier":"private",
			"type":"android.os.ServiceSpecificException",
			"osVersionRelated":false,
			"resourceRelated":false,
			"assessRelated":false,
			"hardwareRelated":true,
			"manifestRelated":false,
			"conditions":"r28 != null, $z0 == 0",
			"paramValues":"@parameter0: java.lang.String",
			"relatedValues":"@parameter0: java.lang.String; ; ",
			"keyAPISameClassNum":0,
			"keyAPIDiffClassNum":0,
			"keyAPISameClass":[
				{
					"trace":[
						"<android.hardware.camera2.CameraManager: android.hardware.camera2.CameraDevice openCameraDeviceUserAsync(java.lang.String,android.hardware.camera2.CameraDevice$StateCallback,android.os.Handler)>"
					],
					"depth":0,
					"method":"<android.hardware.camera2.CameraManager: android.hardware.camera2.CameraDevice openCameraDeviceUserAsync(java.lang.String,android.hardware.camera2.CameraDevice$StateCallback,android.os.Handler)>",
					"source":"CALLER"
				},
				{
					"trace":[
						"<android.hardware.camera2.CameraManager: void openCamera(java.lang.String,android.hardware.camera2.CameraDevice$StateCallback,android.os.Handler)>",
						"<android.hardware.camera2.CameraManager: android.hardware.camera2.CameraDevice openCameraDeviceUserAsync(java.lang.String,android.hardware.camera2.CameraDevice$StateCallback,android.os.Handler)>"
					],
					"depth":1,
					"method":"<android.hardware.camera2.CameraManager: void openCamera(java.lang.String,android.hardware.camera2.CameraDevice$StateCallback,android.os.Handler)>",
					"source":"CALLER"
				}
			],
			"keyAPIDiffClass":[],
			"callerOfSingnlar2SourceVar":{
				"<android.hardware.camera2.CameraManager: void openCamera(java.lang.String,android.hardware.camera2.CameraDevice$StateCallback,android.os.Handler)>":"0",
				"<android.hardware.camera2.CameraManager: android.hardware.camera2.CameraDevice openCameraDeviceUserAsync(java.lang.String,android.hardware.camera2.CameraDevice$StateCallback,android.os.Handler)>":"0"
			}
		},
		{
			"method":"<android.hardware.camera2.CameraManager: android.hardware.camera2.CameraDevice openCameraDeviceUserAsync(java.lang.String,android.hardware.camera2.CameraDevice$StateCallback,android.os.Handler)>",
			"message":"\\QShould've gone down the shim path\\E",
			"relatedVarType":"Parameter",
			"relatedCondType":"Basic",
			"modifier":"private",
			"type":"java.lang.AssertionError",
			"osVersionRelated":false,
			"resourceRelated":false,
			"assessRelated":false,
			"hardwareRelated":true,
			"manifestRelated":false,
			"conditions":"$i1 != 9, $z0 == 0",
			"paramValues":"@parameter0: java.lang.String",
			"caughtValues":"@caughtexception",
			"relatedValues":"@parameter0: java.lang.String; ; @caughtexception",
			"keyAPISameClassNum":0,
			"keyAPIDiffClassNum":0,
			"keyAPISameClass":[
				{
					"trace":[
						"<android.hardware.camera2.CameraManager: android.hardware.camera2.CameraDevice openCameraDeviceUserAsync(java.lang.String,android.hardware.camera2.CameraDevice$StateCallback,android.os.Handler)>"
					],
					"depth":0,
					"method":"<android.hardware.camera2.CameraManager: android.hardware.camera2.CameraDevice openCameraDeviceUserAsync(java.lang.String,android.hardware.camera2.CameraDevice$StateCallback,android.os.Handler)>",
					"source":"CALLER"
				},
				{
					"trace":[
						"<android.hardware.camera2.CameraManager: void openCamera(java.lang.String,android.hardware.camera2.CameraDevice$StateCallback,android.os.Handler)>",
						"<android.hardware.camera2.CameraManager: android.hardware.camera2.CameraDevice openCameraDeviceUserAsync(java.lang.String,android.hardware.camera2.CameraDevice$StateCallback,android.os.Handler)>"
					],
					"depth":1,
					"method":"<android.hardware.camera2.CameraManager: void openCamera(java.lang.String,android.hardware.camera2.CameraDevice$StateCallback,android.os.Handler)>",
					"source":"CALLER"
				}
			],
			"keyAPIDiffClass":[],
			"callerOfSingnlar2SourceVar":{
				"<android.hardware.camera2.CameraManager: void openCamera(java.lang.String,android.hardware.camera2.CameraDevice$StateCallback,android.os.Handler)>":"0",
				"<android.hardware.camera2.CameraManager: android.hardware.camera2.CameraDevice openCameraDeviceUserAsync(java.lang.String,android.hardware.camera2.CameraDevice$StateCallback,android.os.Handler)>":"0"
			}
		},
		{
			"method":"<android.hardware.camera2.CameraManager: android.hardware.camera2.CameraDevice openCameraDeviceUserAsync(java.lang.String,android.hardware.camera2.CameraDevice$StateCallback,android.os.Handler)>",
			"message":"[\\s\\S]*",
			"relatedVarType":"Parameter",
			"relatedCondType":"Basic",
			"modifier":"private",
			"type":"android.os.ServiceSpecificException",
			"osVersionRelated":false,
			"resourceRelated":false,
			"assessRelated":false,
			"hardwareRelated":true,
			"manifestRelated":false,
			"conditions":"$z0 == 0, r28 != null",
			"paramValues":"@parameter0: java.lang.String",
			"caughtValues":"@caughtexception",
			"relatedValues":"@parameter0: java.lang.String; ; @caughtexception",
			"keyAPISameClassNum":0,
			"keyAPIDiffClassNum":0,
			"keyAPISameClass":[
				{
					"trace":[
						"<android.hardware.camera2.CameraManager: android.hardware.camera2.CameraDevice openCameraDeviceUserAsync(java.lang.String,android.hardware.camera2.CameraDevice$StateCallback,android.os.Handler)>"
					],
					"depth":0,
					"method":"<android.hardware.camera2.CameraManager: android.hardware.camera2.CameraDevice openCameraDeviceUserAsync(java.lang.String,android.hardware.camera2.CameraDevice$StateCallback,android.os.Handler)>",
					"source":"CALLER"
				},
				{
					"trace":[
						"<android.hardware.camera2.CameraManager: void openCamera(java.lang.String,android.hardware.camera2.CameraDevice$StateCallback,android.os.Handler)>",
						"<android.hardware.camera2.CameraManager: android.hardware.camera2.CameraDevice openCameraDeviceUserAsync(java.lang.String,android.hardware.camera2.CameraDevice$StateCallback,android.os.Handler)>"
					],
					"depth":1,
					"method":"<android.hardware.camera2.CameraManager: void openCamera(java.lang.String,android.hardware.camera2.CameraDevice$StateCallback,android.os.Handler)>",
					"source":"CALLER"
				}
			],
			"keyAPIDiffClass":[],
			"callerOfSingnlar2SourceVar":{
				"<android.hardware.camera2.CameraManager: void openCamera(java.lang.String,android.hardware.camera2.CameraDevice$StateCallback,android.os.Handler)>":"0",
				"<android.hardware.camera2.CameraManager: android.hardware.camera2.CameraDevice openCameraDeviceUserAsync(java.lang.String,android.hardware.camera2.CameraDevice$StateCallback,android.os.Handler)>":"0"
			}
		},
		{
			"method":"<android.hardware.camera2.CameraManager: android.hardware.camera2.CameraDevice openCameraDeviceUserAsync(java.lang.String,android.hardware.camera2.CameraDevice$StateCallback,android.os.Handler)>",
			"message":"[\\s\\S]*",
			"relatedVarType":"Parameter",
			"relatedCondType":"Basic",
			"modifier":"private",
			"type":"android.os.ServiceSpecificException",
			"osVersionRelated":false,
			"resourceRelated":false,
			"assessRelated":false,
			"hardwareRelated":true,
			"manifestRelated":false,
			"conditions":"$z0 == 0, r28 != null",
			"paramValues":"@parameter0: java.lang.String",
			"caughtValues":"@caughtexception",
			"relatedValues":"@parameter0: java.lang.String; ; @caughtexception",
			"keyAPISameClassNum":0,
			"keyAPIDiffClassNum":0,
			"keyAPISameClass":[
				{
					"trace":[
						"<android.hardware.camera2.CameraManager: android.hardware.camera2.CameraDevice openCameraDeviceUserAsync(java.lang.String,android.hardware.camera2.CameraDevice$StateCallback,android.os.Handler)>"
					],
					"depth":0,
					"method":"<android.hardware.camera2.CameraManager: android.hardware.camera2.CameraDevice openCameraDeviceUserAsync(java.lang.String,android.hardware.camera2.CameraDevice$StateCallback,android.os.Handler)>",
					"source":"CALLER"
				},
				{
					"trace":[
						"<android.hardware.camera2.CameraManager: void openCamera(java.lang.String,android.hardware.camera2.CameraDevice$StateCallback,android.os.Handler)>",
						"<android.hardware.camera2.CameraManager: android.hardware.camera2.CameraDevice openCameraDeviceUserAsync(java.lang.String,android.hardware.camera2.CameraDevice$StateCallback,android.os.Handler)>"
					],
					"depth":1,
					"method":"<android.hardware.camera2.CameraManager: void openCamera(java.lang.String,android.hardware.camera2.CameraDevice$StateCallback,android.os.Handler)>",
					"source":"CALLER"
				}
			],
			"keyAPIDiffClass":[],
			"callerOfSingnlar2SourceVar":{
				"<android.hardware.camera2.CameraManager: void openCamera(java.lang.String,android.hardware.camera2.CameraDevice$StateCallback,android.os.Handler)>":"0",
				"<android.hardware.camera2.CameraManager: android.hardware.camera2.CameraDevice openCameraDeviceUserAsync(java.lang.String,android.hardware.camera2.CameraDevice$StateCallback,android.os.Handler)>":"0"
			}
		},
		{
			"method":"<android.hardware.camera2.CameraManager: void openCamera(java.lang.String,android.hardware.camera2.CameraDevice$StateCallback,android.os.Handler)>",
			"message":"\\QcameraId was null\\E",
			"relatedVarType":"Parameter",
			"relatedCondType":"Basic",
			"modifier":"public",
			"type":"java.lang.IllegalArgumentException",
			"osVersionRelated":false,
			"resourceRelated":false,
			"assessRelated":false,
			"hardwareRelated":true,
			"manifestRelated":false,
			"conditions":"r0 != null",
			"paramValues":"@parameter0: java.lang.String",
			"relatedValues":"@parameter0: java.lang.String; ; ",
			"keyAPISameClassNum":0,
			"keyAPIDiffClassNum":0,
			"keyAPISameClass":[
				{
					"trace":[
						"<android.hardware.camera2.CameraManager: void openCamera(java.lang.String,android.hardware.camera2.CameraDevice$StateCallback,android.os.Handler)>"
					],
					"depth":0,
					"method":"<android.hardware.camera2.CameraManager: void openCamera(java.lang.String,android.hardware.camera2.CameraDevice$StateCallback,android.os.Handler)>",
					"source":"CALLER"
				}
			],
			"keyAPIDiffClass":[],
			"callerOfSingnlar2SourceVar":{
				"<android.hardware.camera2.CameraManager: void openCamera(java.lang.String,android.hardware.camera2.CameraDevice$StateCallback,android.os.Handler)>":"0"
			}
		},
		{
			"method":"<android.hardware.camera2.CameraManager: void openCamera(java.lang.String,android.hardware.camera2.CameraDevice$StateCallback,android.os.Handler)>",
			"message":"\\Qcallback was null\\E",
			"relatedVarType":"Parameter",
			"relatedCondType":"Basic",
			"modifier":"public",
			"type":"java.lang.IllegalArgumentException",
			"osVersionRelated":false,
			"resourceRelated":false,
			"assessRelated":false,
			"hardwareRelated":true,
			"manifestRelated":false,
			"conditions":"r1 != null, r0 != null",
			"paramValues":"@parameter1: android.hardware.camera2.CameraDevice$StateCallback, @parameter0: java.lang.String",
			"relatedValues":"@parameter1: android.hardware.camera2.CameraDevice$StateCallback, @parameter0: java.lang.String; ; ",
			"keyAPISameClassNum":0,
			"keyAPIDiffClassNum":0,
			"keyAPISameClass":[
				{
					"trace":[
						"<android.hardware.camera2.CameraManager: void openCamera(java.lang.String,android.hardware.camera2.CameraDevice$StateCallback,android.os.Handler)>"
					],
					"depth":0,
					"method":"<android.hardware.camera2.CameraManager: void openCamera(java.lang.String,android.hardware.camera2.CameraDevice$StateCallback,android.os.Handler)>",
					"source":"CALLER"
				}
			],
			"keyAPIDiffClass":[],
			"callerOfSingnlar2SourceVar":{
				"<android.hardware.camera2.CameraManager: void openCamera(java.lang.String,android.hardware.camera2.CameraDevice$StateCallback,android.os.Handler)>":"1, 0"
			}
		},
		{
			"method":"<android.hardware.camera2.CameraManager: void openCamera(java.lang.String,android.hardware.camera2.CameraDevice$StateCallback,android.os.Handler)>",
			"message":"\\QHandler argument is null, but no looper exists in the calling thread\\E",
			"relatedVarType":"Parameter",
			"relatedCondType":"Basic",
			"modifier":"public",
			"type":"java.lang.IllegalArgumentException",
			"osVersionRelated":false,
			"resourceRelated":false,
			"assessRelated":false,
			"hardwareRelated":true,
			"manifestRelated":false,
			"conditions":"$r4 == null, r9 != null, r1 != null",
			"paramValues":"@parameter2: android.os.Handler, @parameter1: android.hardware.camera2.CameraDevice$StateCallback",
			"relatedValues":"@parameter2: android.os.Handler, @parameter1: android.hardware.camera2.CameraDevice$StateCallback; ; ",
			"keyAPISameClassNum":0,
			"keyAPIDiffClassNum":0,
			"keyAPISameClass":[
				{
					"trace":[
						"<android.hardware.camera2.CameraManager: void openCamera(java.lang.String,android.hardware.camera2.CameraDevice$StateCallback,android.os.Handler)>"
					],
					"depth":0,
					"method":"<android.hardware.camera2.CameraManager: void openCamera(java.lang.String,android.hardware.camera2.CameraDevice$StateCallback,android.os.Handler)>",
					"source":"CALLER"
				}
			],
			"keyAPIDiffClass":[],
			"callerOfSingnlar2SourceVar":{
				"<android.hardware.camera2.CameraManager: void openCamera(java.lang.String,android.hardware.camera2.CameraDevice$StateCallback,android.os.Handler)>":"2, 1"
			}
		},
		{
			"method":"<android.hardware.camera2.CameraManager: void throwAsPublicException(java.lang.Throwable)>",
			"message":"",
			"relatedVarType":"Parameter",
			"relatedCondType":"Basic",
			"modifier":"public",
			"type":"java.lang.SecurityException",
			"osVersionRelated":false,
			"resourceRelated":false,
			"assessRelated":false,
			"hardwareRelated":true,
			"manifestRelated":false,
			"conditions":"$i0, $z0 == 0",
			"paramValues":"@parameter0: java.lang.Throwable",
			"relatedValues":"@parameter0: java.lang.Throwable; ; ",
			"keyAPISameClassNum":0,
			"keyAPIDiffClassNum":0,
			"keyAPISameClass":[
				{
					"trace":[
						"<android.hardware.camera2.CameraManager: void throwAsPublicException(java.lang.Throwable)>"
					],
					"depth":0,
					"method":"<android.hardware.camera2.CameraManager: void throwAsPublicException(java.lang.Throwable)>",
					"source":"CALLER"
				},
				{
					"trace":[
						"<android.hardware.camera2.CameraManager: void openCamera(java.lang.String,android.hardware.camera2.CameraDevice$StateCallback,android.os.Handler)>",
						"<android.hardware.camera2.CameraManager: android.hardware.camera2.CameraDevice openCameraDeviceUserAsync(java.lang.String,android.hardware.camera2.CameraDevice$StateCallback,android.os.Handler)>",
						"<android.hardware.camera2.CameraManager: void throwAsPublicException(java.lang.Throwable)>"
					],
					"depth":2,
					"method":"<android.hardware.camera2.CameraManager: void openCamera(java.lang.String,android.hardware.camera2.CameraDevice$StateCallback,android.os.Handler)>",
					"source":"CALLER"
				}
			],
			"keyAPIDiffClass":[],
			"callerOfSingnlar2SourceVar":{
				"<android.hardware.camera2.CameraManager: void throwAsPublicException(java.lang.Throwable)>":"0"
			}
		},
		{
			"method":"<android.hardware.camera2.CameraManager: void throwAsPublicException(java.lang.Throwable)>",
			"message":"[\\s\\S]*",
			"relatedVarType":"Parameter",
			"relatedCondType":"Basic",
			"modifier":"public",
			"type":"android.hardware.camera2.CameraAccessException",
			"osVersionRelated":false,
			"resourceRelated":false,
			"assessRelated":false,
			"hardwareRelated":true,
			"manifestRelated":false,
			"conditions":"$z1 == 0, $z0 == 0",
			"paramValues":"@parameter0: java.lang.Throwable",
			"relatedValues":"@parameter0: java.lang.Throwable; ; ",
			"keyAPISameClassNum":0,
			"keyAPIDiffClassNum":0,
			"keyAPISameClass":[
				{
					"trace":[
						"<android.hardware.camera2.CameraManager: void throwAsPublicException(java.lang.Throwable)>"
					],
					"depth":0,
					"method":"<android.hardware.camera2.CameraManager: void throwAsPublicException(java.lang.Throwable)>",
					"source":"CALLER"
				},
				{
					"trace":[
						"<android.hardware.camera2.CameraManager: void openCamera(java.lang.String,android.hardware.camera2.CameraDevice$StateCallback,android.os.Handler)>",
						"<android.hardware.camera2.CameraManager: android.hardware.camera2.CameraDevice openCameraDeviceUserAsync(java.lang.String,android.hardware.camera2.CameraDevice$StateCallback,android.os.Handler)>",
						"<android.hardware.camera2.CameraManager: void throwAsPublicException(java.lang.Throwable)>"
					],
					"depth":2,
					"method":"<android.hardware.camera2.CameraManager: void openCamera(java.lang.String,android.hardware.camera2.CameraDevice$StateCallback,android.os.Handler)>",
					"source":"CALLER"
				}
			],
			"keyAPIDiffClass":[],
			"callerOfSingnlar2SourceVar":{
				"<android.hardware.camera2.CameraManager: void throwAsPublicException(java.lang.Throwable)>":"0"
			}
		},
		{
			"method":"<android.hardware.camera2.CameraManager: void throwAsPublicException(java.lang.Throwable)>",
			"message":"[\\s\\S]*",
			"relatedVarType":"Parameter",
			"relatedCondType":"Basic",
			"modifier":"public",
			"type":"android.hardware.camera2.CameraAccessException",
			"osVersionRelated":false,
			"resourceRelated":false,
			"assessRelated":false,
			"hardwareRelated":true,
			"manifestRelated":false,
			"conditions":"$i0, $z0 == 0",
			"paramValues":"@parameter0: java.lang.Throwable",
			"relatedValues":"@parameter0: java.lang.Throwable; ; ",
			"keyAPISameClassNum":0,
			"keyAPIDiffClassNum":0,
			"keyAPISameClass":[
				{
					"trace":[
						"<android.hardware.camera2.CameraManager: void throwAsPublicException(java.lang.Throwable)>"
					],
					"depth":0,
					"method":"<android.hardware.camera2.CameraManager: void throwAsPublicException(java.lang.Throwable)>",
					"source":"CALLER"
				},
				{
					"trace":[
						"<android.hardware.camera2.CameraManager: void openCamera(java.lang.String,android.hardware.camera2.CameraDevice$StateCallback,android.os.Handler)>",
						"<android.hardware.camera2.CameraManager: android.hardware.camera2.CameraDevice openCameraDeviceUserAsync(java.lang.String,android.hardware.camera2.CameraDevice$StateCallback,android.os.Handler)>",
						"<android.hardware.camera2.CameraManager: void throwAsPublicException(java.lang.Throwable)>"
					],
					"depth":2,
					"method":"<android.hardware.camera2.CameraManager: void openCamera(java.lang.String,android.hardware.camera2.CameraDevice$StateCallback,android.os.Handler)>",
					"source":"CALLER"
				}
			],
			"keyAPIDiffClass":[],
			"callerOfSingnlar2SourceVar":{
				"<android.hardware.camera2.CameraManager: void throwAsPublicException(java.lang.Throwable)>":"0"
			}
		},
		{
			"method":"<android.hardware.camera2.CameraManager: void throwAsPublicException(java.lang.Throwable)>",
			"message":"[\\s\\S]*",
			"relatedVarType":"Parameter",
			"relatedCondType":"Basic",
			"modifier":"public",
			"type":"java.lang.RuntimeException",
			"osVersionRelated":false,
			"resourceRelated":false,
			"assessRelated":false,
			"hardwareRelated":true,
			"manifestRelated":false,
			"conditions":"$z3 == 0, $z2 == 0, $z1 == 0",
			"paramValues":"@parameter0: java.lang.Throwable",
			"relatedValues":"@parameter0: java.lang.Throwable; ; ",
			"keyAPISameClassNum":0,
			"keyAPIDiffClassNum":0,
			"keyAPISameClass":[
				{
					"trace":[
						"<android.hardware.camera2.CameraManager: void throwAsPublicException(java.lang.Throwable)>"
					],
					"depth":0,
					"method":"<android.hardware.camera2.CameraManager: void throwAsPublicException(java.lang.Throwable)>",
					"source":"CALLER"
				},
				{
					"trace":[
						"<android.hardware.camera2.CameraManager: void openCamera(java.lang.String,android.hardware.camera2.CameraDevice$StateCallback,android.os.Handler)>",
						"<android.hardware.camera2.CameraManager: android.hardware.camera2.CameraDevice openCameraDeviceUserAsync(java.lang.String,android.hardware.camera2.CameraDevice$StateCallback,android.os.Handler)>",
						"<android.hardware.camera2.CameraManager: void throwAsPublicException(java.lang.Throwable)>"
					],
					"depth":2,
					"method":"<android.hardware.camera2.CameraManager: void openCamera(java.lang.String,android.hardware.camera2.CameraDevice$StateCallback,android.os.Handler)>",
					"source":"CALLER"
				}
			],
			"keyAPIDiffClass":[],
			"callerOfSingnlar2SourceVar":{
				"<android.hardware.camera2.CameraManager: void throwAsPublicException(java.lang.Throwable)>":"0"
			}
		},
		{
			"method":"<android.hardware.camera2.CameraManager: void throwAsPublicException(java.lang.Throwable)>",
			"message":"\\QAn unknown RemoteException was thrown which should never happen.\\E",
			"relatedVarType":"Parameter",
			"relatedCondType":"Basic",
			"modifier":"public",
			"type":"java.lang.UnsupportedOperationException",
			"osVersionRelated":false,
			"resourceRelated":false,
			"assessRelated":false,
			"hardwareRelated":true,
			"manifestRelated":false,
			"conditions":"$z2 == 0, $z1 == 0, $z0 == 0",
			"paramValues":"@parameter0: java.lang.Throwable",
			"relatedValues":"@parameter0: java.lang.Throwable; ; ",
			"keyAPISameClassNum":0,
			"keyAPIDiffClassNum":0,
			"keyAPISameClass":[
				{
					"trace":[
						"<android.hardware.camera2.CameraManager: void throwAsPublicException(java.lang.Throwable)>"
					],
					"depth":0,
					"method":"<android.hardware.camera2.CameraManager: void throwAsPublicException(java.lang.Throwable)>",
					"source":"CALLER"
				},
				{
					"trace":[
						"<android.hardware.camera2.CameraManager: void openCamera(java.lang.String,android.hardware.camera2.CameraDevice$StateCallback,android.os.Handler)>",
						"<android.hardware.camera2.CameraManager: android.hardware.camera2.CameraDevice openCameraDeviceUserAsync(java.lang.String,android.hardware.camera2.CameraDevice$StateCallback,android.os.Handler)>",
						"<android.hardware.camera2.CameraManager: void throwAsPublicException(java.lang.Throwable)>"
					],
					"depth":2,
					"method":"<android.hardware.camera2.CameraManager: void openCamera(java.lang.String,android.hardware.camera2.CameraDevice$StateCallback,android.os.Handler)>",
					"source":"CALLER"
				}
			],
			"keyAPIDiffClass":[],
			"callerOfSingnlar2SourceVar":{
				"<android.hardware.camera2.CameraManager: void throwAsPublicException(java.lang.Throwable)>":"0"
			}
		},
		{
			"method":"<android.hardware.camera2.CameraManager: void throwAsPublicException(java.lang.Throwable)>",
			"message":"",
			"relatedVarType":"Parameter",
			"relatedCondType":"Basic",
			"modifier":"public",
			"type":"java.lang.IllegalArgumentException",
			"osVersionRelated":false,
			"resourceRelated":false,
			"assessRelated":false,
			"hardwareRelated":true,
			"manifestRelated":false,
			"conditions":"$i0, $z0 == 0",
			"paramValues":"@parameter0: java.lang.Throwable",
			"relatedValues":"@parameter0: java.lang.Throwable; ; ",
			"keyAPISameClassNum":0,
			"keyAPIDiffClassNum":0,
			"keyAPISameClass":[
				{
					"trace":[
						"<android.hardware.camera2.CameraManager: void throwAsPublicException(java.lang.Throwable)>"
					],
					"depth":0,
					"method":"<android.hardware.camera2.CameraManager: void throwAsPublicException(java.lang.Throwable)>",
					"source":"CALLER"
				},
				{
					"trace":[
						"<android.hardware.camera2.CameraManager: void openCamera(java.lang.String,android.hardware.camera2.CameraDevice$StateCallback,android.os.Handler)>",
						"<android.hardware.camera2.CameraManager: android.hardware.camera2.CameraDevice openCameraDeviceUserAsync(java.lang.String,android.hardware.camera2.CameraDevice$StateCallback,android.os.Handler)>",
						"<android.hardware.camera2.CameraManager: void throwAsPublicException(java.lang.Throwable)>"
					],
					"depth":2,
					"method":"<android.hardware.camera2.CameraManager: void openCamera(java.lang.String,android.hardware.camera2.CameraDevice$StateCallback,android.os.Handler)>",
					"source":"CALLER"
				}
			],
			"keyAPIDiffClass":[],
			"callerOfSingnlar2SourceVar":{
				"<android.hardware.camera2.CameraManager: void throwAsPublicException(java.lang.Throwable)>":"0"
			}
		},
		{
			"method":"<android.hardware.camera2.CameraManager: java.util.ArrayList getOrCreateDeviceIdListLocked()>",
			"message":"\\QExpected to get non-empty characteristics\\E",
			"relatedVarType":"Field",
			"relatedCondType":"Basic",
			"modifier":"private",
			"type":"java.lang.AssertionError",
			"osVersionRelated":false,
			"resourceRelated":false,
			"assessRelated":false,
			"hardwareRelated":true,
			"manifestRelated":false,
			"conditions":"$z0 != 0, r4 != null, $r1 != null",
			"fieldValues":"<android.hardware.camera2.CameraManager: java.util.ArrayList mDeviceIdList>",
			"relatedValues":"; <android.hardware.camera2.CameraManager: java.util.ArrayList mDeviceIdList>; ",
			"keyAPISameClassNum":3,
			"keyAPIDiffClassNum":0,
			"keyAPISameClass":[
				{
					"trace":[
						"<android.hardware.camera2.CameraManager: java.lang.String[] getCameraIdList()>",
						"<android.hardware.camera2.CameraManager: java.util.ArrayList getOrCreateDeviceIdListLocked()>",
						"key field: <android.hardware.camera2.CameraManager: java.util.ArrayList mDeviceIdList>",
						"<android.hardware.camera2.CameraManager: java.util.ArrayList getOrCreateDeviceIdListLocked()>"
					],
					"depth":2,
					"method":"<android.hardware.camera2.CameraManager: java.lang.String[] getCameraIdList()>",
					"source":"FIELDCALLER"
				},
				{
					"trace":[
						"<android.hardware.camera2.CameraManager: android.hardware.camera2.CameraCharacteristics getCameraCharacteristics(java.lang.String)>",
						"<android.hardware.camera2.CameraManager: java.util.ArrayList getOrCreateDeviceIdListLocked()>",
						"key field: <android.hardware.camera2.CameraManager: java.util.ArrayList mDeviceIdList>",
						"<android.hardware.camera2.CameraManager: java.util.ArrayList getOrCreateDeviceIdListLocked()>"
					],
					"depth":2,
					"method":"<android.hardware.camera2.CameraManager: android.hardware.camera2.CameraCharacteristics getCameraCharacteristics(java.lang.String)>",
					"source":"FIELDCALLER"
				},
				{
					"trace":[
						"<android.hardware.camera2.CameraManager: void openCamera(java.lang.String,android.hardware.camera2.CameraDevice$StateCallback,android.os.Handler)>",
						"<android.hardware.camera2.CameraManager: android.hardware.camera2.CameraDevice openCameraDeviceUserAsync(java.lang.String,android.hardware.camera2.CameraDevice$StateCallback,android.os.Handler)>",
						"<android.hardware.camera2.CameraManager: android.hardware.camera2.CameraCharacteristics getCameraCharacteristics(java.lang.String)>",
						"<android.hardware.camera2.CameraManager: java.util.ArrayList getOrCreateDeviceIdListLocked()>",
						"key field: <android.hardware.camera2.CameraManager: java.util.ArrayList mDeviceIdList>",
						"<android.hardware.camera2.CameraManager: java.util.ArrayList getOrCreateDeviceIdListLocked()>"
					],
					"depth":4,
					"method":"<android.hardware.camera2.CameraManager: void openCamera(java.lang.String,android.hardware.camera2.CameraDevice$StateCallback,android.os.Handler)>",
					"source":"FIELDCALLER"
				}
			],
			"keyAPIDiffClass":[],
			"callerOfSingnlar2SourceVar":{}
		}
	]
}