{
	"exceptions":[
		{
			"method":"<android.filterfw.core.FilterContext: void setFrameManager(android.filterfw.core.FrameManager)>",
			"message":"\\QAttempting to set null FrameManager!\\E",
			"relatedVarType":"Parameter",
			"relatedCondType":"Basic",
			"modifier":"public",
			"type":"java.lang.NullPointerException",
			"osVersionRelated":false,
			"resourceRelated":false,
			"assessRelated":false,
			"hardwareRelated":false,
			"manifestRelated":false,
			"conditions":"r0 != null",
			"paramValues":"@parameter0: android.filterfw.core.FrameManager",
			"relatedValues":"@parameter0: android.filterfw.core.FrameManager; ; ",
			"keyAPISameClassNum":0,
			"keyAPIDiffClassNum":0,
			"keyAPISameClass":[
				{
					"trace":[
						"<android.filterfw.core.FilterContext: void setFrameManager(android.filterfw.core.FrameManager)>"
					],
					"depth":0,
					"method":"<android.filterfw.core.FilterContext: void setFrameManager(android.filterfw.core.FrameManager)>",
					"source":"CALLER"
				}
			],
			"keyAPIDiffClass":[
				{
					"trace":[
						"<android.filterfw.GraphEnvironment: void <init>(android.filterfw.core.FrameManager,android.filterfw.io.GraphReader)>",
						"<android.filterfw.MffEnvironment: void <init>(android.filterfw.core.FrameManager)>",
						"<android.filterfw.core.FilterContext: void setFrameManager(android.filterfw.core.FrameManager)>"
					],
					"depth":2,
					"method":"<android.filterfw.GraphEnvironment: void <init>(android.filterfw.core.FrameManager,android.filterfw.io.GraphReader)>",
					"source":"CALLER"
				},
				{
					"trace":[
						"<android.filterfw.FilterFunctionEnvironment: void <init>(android.filterfw.core.FrameManager)>",
						"<android.filterfw.MffEnvironment: void <init>(android.filterfw.core.FrameManager)>",
						"<android.filterfw.core.FilterContext: void setFrameManager(android.filterfw.core.FrameManager)>"
					],
					"depth":2,
					"method":"<android.filterfw.FilterFunctionEnvironment: void <init>(android.filterfw.core.FrameManager)>",
					"source":"CALLER"
				}
			],
			"callerOfSingnlar2SourceVar":{
				"<android.filterfw.MffEnvironment: void <init>(android.filterfw.core.FrameManager)>":"0",
				"<android.filterfw.GraphEnvironment: void <init>(android.filterfw.core.FrameManager,android.filterfw.io.GraphReader)>":"0",
				"<android.filterfw.FilterFunctionEnvironment: void <init>(android.filterfw.core.FrameManager)>":"0",
				"<android.filterfw.core.FilterContext: void setFrameManager(android.filterfw.core.FrameManager)>":"0"
			}
		},
		{
			"method":"<android.filterfw.core.FilterContext: void setFrameManager(android.filterfw.core.FrameManager)>",
			"message":"\\QAttempting to set FrameManager which is already bound to another FilterContext!\\E",
			"relatedVarType":"Parameter",
			"relatedCondType":"Basic",
			"modifier":"public",
			"type":"java.lang.IllegalArgumentException",
			"osVersionRelated":false,
			"resourceRelated":false,
			"assessRelated":false,
			"hardwareRelated":false,
			"manifestRelated":false,
			"conditions":"$r1 == null, r0 != null",
			"paramValues":"@parameter0: android.filterfw.core.FrameManager",
			"relatedValues":"@parameter0: android.filterfw.core.FrameManager; ; ",
			"keyAPISameClassNum":0,
			"keyAPIDiffClassNum":0,
			"keyAPISameClass":[
				{
					"trace":[
						"<android.filterfw.core.FilterContext: void setFrameManager(android.filterfw.core.FrameManager)>"
					],
					"depth":0,
					"method":"<android.filterfw.core.FilterContext: void setFrameManager(android.filterfw.core.FrameManager)>",
					"source":"CALLER"
				}
			],
			"keyAPIDiffClass":[
				{
					"trace":[
						"<android.filterfw.GraphEnvironment: void <init>(android.filterfw.core.FrameManager,android.filterfw.io.GraphReader)>",
						"<android.filterfw.MffEnvironment: void <init>(android.filterfw.core.FrameManager)>",
						"<android.filterfw.core.FilterContext: void setFrameManager(android.filterfw.core.FrameManager)>"
					],
					"depth":2,
					"method":"<android.filterfw.GraphEnvironment: void <init>(android.filterfw.core.FrameManager,android.filterfw.io.GraphReader)>",
					"source":"CALLER"
				},
				{
					"trace":[
						"<android.filterfw.FilterFunctionEnvironment: void <init>(android.filterfw.core.FrameManager)>",
						"<android.filterfw.MffEnvironment: void <init>(android.filterfw.core.FrameManager)>",
						"<android.filterfw.core.FilterContext: void setFrameManager(android.filterfw.core.FrameManager)>"
					],
					"depth":2,
					"method":"<android.filterfw.FilterFunctionEnvironment: void <init>(android.filterfw.core.FrameManager)>",
					"source":"CALLER"
				}
			],
			"callerOfSingnlar2SourceVar":{
				"<android.filterfw.MffEnvironment: void <init>(android.filterfw.core.FrameManager)>":"0",
				"<android.filterfw.GraphEnvironment: void <init>(android.filterfw.core.FrameManager,android.filterfw.io.GraphReader)>":"0",
				"<android.filterfw.FilterFunctionEnvironment: void <init>(android.filterfw.core.FrameManager)>":"0",
				"<android.filterfw.core.FilterContext: void setFrameManager(android.filterfw.core.FrameManager)>":"0"
			}
		},
		{
			"method":"<android.filterfw.core.FilterContext: void initGLEnvironment(android.filterfw.core.GLEnvironment)>",
			"message":"\\QAttempting to re-initialize GL Environment for FilterContext!\\E",
			"relatedVarType":"Field",
			"relatedCondType":"Basic",
			"modifier":"public",
			"type":"java.lang.RuntimeException",
			"osVersionRelated":false,
			"resourceRelated":false,
			"assessRelated":false,
			"hardwareRelated":false,
			"manifestRelated":false,
			"conditions":"$r1 != null",
			"fieldValues":"<android.filterfw.core.FilterContext: android.filterfw.core.GLEnvironment mGLEnvironment>",
			"relatedValues":"; <android.filterfw.core.FilterContext: android.filterfw.core.GLEnvironment mGLEnvironment>; ",
			"keyAPISameClassNum":2,
			"keyAPIDiffClassNum":2,
			"keyAPISameClass":[
				{
					"trace":[
						"<android.filterfw.core.FilterContext: void initGLEnvironment(android.filterfw.core.GLEnvironment)>"
					],
					"depth":1,
					"method":"<android.filterfw.core.FilterContext: void initGLEnvironment(android.filterfw.core.GLEnvironment)>",
					"source":"FIELD"
				},
				{
					"trace":[
						"<android.filterfw.core.FilterContext: void initGLEnvironment(android.filterfw.core.GLEnvironment)>"
					],
					"depth":1,
					"method":"<android.filterfw.core.FilterContext: void tearDown()>",
					"source":"FIELD"
				}
			],
			"keyAPIDiffClass":[
				{
					"trace":[
						"<android.filterfw.MffEnvironment: void setGLEnvironment(android.filterfw.core.GLEnvironment)>",
						"<android.filterfw.core.FilterContext: void initGLEnvironment(android.filterfw.core.GLEnvironment)>",
						"key field: <android.filterfw.core.FilterContext: android.filterfw.core.GLEnvironment mGLEnvironment>",
						"<android.filterfw.core.FilterContext: void initGLEnvironment(android.filterfw.core.GLEnvironment)>"
					],
					"depth":2,
					"method":"<android.filterfw.MffEnvironment: void setGLEnvironment(android.filterfw.core.GLEnvironment)>",
					"source":"FIELDCALLER"
				},
				{
					"trace":[
						"<android.filterfw.MffEnvironment: void createGLEnvironment()>",
						"<android.filterfw.MffEnvironment: void setGLEnvironment(android.filterfw.core.GLEnvironment)>",
						"<android.filterfw.core.FilterContext: void initGLEnvironment(android.filterfw.core.GLEnvironment)>",
						"key field: <android.filterfw.core.FilterContext: android.filterfw.core.GLEnvironment mGLEnvironment>",
						"<android.filterfw.core.FilterContext: void initGLEnvironment(android.filterfw.core.GLEnvironment)>"
					],
					"depth":3,
					"method":"<android.filterfw.MffEnvironment: void createGLEnvironment()>",
					"source":"FIELDCALLER"
				}
			],
			"callerOfSingnlar2SourceVar":{}
		}
	]
}