{
	"exceptions":[
		{
			"method":"<android.app.LoadedApk$ReceiverDispatcher$InnerReceiver: void performReceive(android.content.Intent,int,java.lang.String,android.os.Bundle,boolean,boolean,int)>",
			"message":"[\\s\\S]*",
			"relatedVarType":"ParaAndField",
			"relatedCondType":"Basic",
			"modifier":"public",
			"type":"java.lang.RuntimeException",
			"osVersionRelated":false,
			"resourceRelated":false,
			"assessRelated":false,
			"hardwareRelated":false,
			"manifestRelated":false,
			"conditions":"r5 == null, r10 == null, r0 != null",
			"paramValues":"@parameter0: android.content.Intent",
			"fieldValues":"<android.app.LoadedApk$ReceiverDispatcher$InnerReceiver: java.lang.ref.WeakReference mDispatcher>",
			"caughtValues":"@caughtexception",
			"relatedValues":"@parameter0: android.content.Intent; <android.app.LoadedApk$ReceiverDispatcher$InnerReceiver: java.lang.ref.WeakReference mDispatcher>; @caughtexception",
			"keyAPISameClassNum":1,
			"keyAPIDiffClassNum":40,
			"keyAPISameClass":[
				{
					"trace":[
						"<android.app.LoadedApk$ReceiverDispatcher$InnerReceiver: void performReceive(android.content.Intent,int,java.lang.String,android.os.Bundle,boolean,boolean,int)>"
					],
					"depth":1,
					"method":"<android.app.LoadedApk$ReceiverDispatcher$InnerReceiver: void performReceive(android.content.Intent,int,java.lang.String,android.os.Bundle,boolean,boolean,int)>",
					"source":"FIELD"
				}
			],
			"keyAPIDiffClass":[
				{
					"trace":[
						"<android.app.ActivityThread$ApplicationThread: void scheduleRegisteredReceiver(android.content.IIntentReceiver,android.content.Intent,int,java.lang.String,android.os.Bundle,boolean,boolean,int,int)>",
						"<android.app.LoadedApk$ReceiverDispatcher$InnerReceiver: void performReceive(android.content.Intent,int,java.lang.String,android.os.Bundle,boolean,boolean,int)>",
						"key field: <android.app.LoadedApk$ReceiverDispatcher$InnerReceiver: java.lang.ref.WeakReference mDispatcher>",
						"<android.app.LoadedApk$ReceiverDispatcher$InnerReceiver: void performReceive(android.content.Intent,int,java.lang.String,android.os.Bundle,boolean,boolean,int)>"
					],
					"depth":2,
					"method":"<android.app.ActivityThread$ApplicationThread: void scheduleRegisteredReceiver(android.content.IIntentReceiver,android.content.Intent,int,java.lang.String,android.os.Bundle,boolean,boolean,int,int)>",
					"source":"FIELDCALLER"
				},
				{
					"trace":[
						"<android.app.ContextImpl: void sendStickyOrderedBroadcastAsUser(android.content.Intent,android.os.UserHandle,android.content.BroadcastReceiver,android.os.Handler,int,java.lang.String,android.os.Bundle)>",
						"<android.app.LoadedApk$ReceiverDispatcher: void <init>(android.content.BroadcastReceiver,android.content.Context,android.os.Handler,android.app.Instrumentation,boolean)>",
						"<android.app.LoadedApk$ReceiverDispatcher$InnerReceiver: void <init>(android.app.LoadedApk$ReceiverDispatcher,boolean)>",
						"key field: <android.app.LoadedApk$ReceiverDispatcher$InnerReceiver: java.lang.ref.WeakReference mDispatcher>",
						"<android.app.LoadedApk$ReceiverDispatcher$InnerReceiver: void performReceive(android.content.Intent,int,java.lang.String,android.os.Bundle,boolean,boolean,int)>"
					],
					"depth":3,
					"method":"<android.app.ContextImpl: void sendStickyOrderedBroadcastAsUser(android.content.Intent,android.os.UserHandle,android.content.BroadcastReceiver,android.os.Handler,int,java.lang.String,android.os.Bundle)>",
					"source":"FIELDCALLER"
				},
				{
					"trace":[
						"<android.app.ContextImpl: void sendStickyOrderedBroadcast(android.content.Intent,android.content.BroadcastReceiver,android.os.Handler,int,java.lang.String,android.os.Bundle)>",
						"<android.app.LoadedApk$ReceiverDispatcher: void <init>(android.content.BroadcastReceiver,android.content.Context,android.os.Handler,android.app.Instrumentation,boolean)>",
						"<android.app.LoadedApk$ReceiverDispatcher$InnerReceiver: void <init>(android.app.LoadedApk$ReceiverDispatcher,boolean)>",
						"key field: <android.app.LoadedApk$ReceiverDispatcher$InnerReceiver: java.lang.ref.WeakReference mDispatcher>",
						"<android.app.LoadedApk$ReceiverDispatcher$InnerReceiver: void performReceive(android.content.Intent,int,java.lang.String,android.os.Bundle,boolean,boolean,int)>"
					],
					"depth":3,
					"method":"<android.app.ContextImpl: void sendStickyOrderedBroadcast(android.content.Intent,android.content.BroadcastReceiver,android.os.Handler,int,java.lang.String,android.os.Bundle)>",
					"source":"FIELDCALLER"
				},
				{
					"trace":[
						"<android.app.ContextImpl: void sendOrderedBroadcastAsUser(android.content.Intent,android.os.UserHandle,java.lang.String,int,android.os.Bundle,android.content.BroadcastReceiver,android.os.Handler,int,java.lang.String,android.os.Bundle)>",
						"<android.app.LoadedApk$ReceiverDispatcher: void <init>(android.content.BroadcastReceiver,android.content.Context,android.os.Handler,android.app.Instrumentation,boolean)>",
						"<android.app.LoadedApk$ReceiverDispatcher$InnerReceiver: void <init>(android.app.LoadedApk$ReceiverDispatcher,boolean)>",
						"key field: <android.app.LoadedApk$ReceiverDispatcher$InnerReceiver: java.lang.ref.WeakReference mDispatcher>",
						"<android.app.LoadedApk$ReceiverDispatcher$InnerReceiver: void performReceive(android.content.Intent,int,java.lang.String,android.os.Bundle,boolean,boolean,int)>"
					],
					"depth":3,
					"method":"<android.app.ContextImpl: void sendOrderedBroadcastAsUser(android.content.Intent,android.os.UserHandle,java.lang.String,int,android.os.Bundle,android.content.BroadcastReceiver,android.os.Handler,int,java.lang.String,android.os.Bundle)>",
					"source":"FIELDCALLER"
				},
				{
					"trace":[
						"<android.app.LoadedApk: android.content.IIntentReceiver getReceiverDispatcher(android.content.BroadcastReceiver,android.content.Context,android.os.Handler,android.app.Instrumentation,boolean)>",
						"<android.app.LoadedApk$ReceiverDispatcher: void <init>(android.content.BroadcastReceiver,android.content.Context,android.os.Handler,android.app.Instrumentation,boolean)>",
						"<android.app.LoadedApk$ReceiverDispatcher$InnerReceiver: void <init>(android.app.LoadedApk$ReceiverDispatcher,boolean)>",
						"key field: <android.app.LoadedApk$ReceiverDispatcher$InnerReceiver: java.lang.ref.WeakReference mDispatcher>",
						"<android.app.LoadedApk$ReceiverDispatcher$InnerReceiver: void performReceive(android.content.Intent,int,java.lang.String,android.os.Bundle,boolean,boolean,int)>"
					],
					"depth":3,
					"method":"<android.app.LoadedApk: android.content.IIntentReceiver getReceiverDispatcher(android.content.BroadcastReceiver,android.content.Context,android.os.Handler,android.app.Instrumentation,boolean)>",
					"source":"FIELDCALLER"
				},
				{
					"trace":[
						"<android.app.ApplicationThreadNative: boolean onTransact(int,android.os.Parcel,android.os.Parcel,int)>",
						"<android.app.ActivityThread$ApplicationThread: void scheduleRegisteredReceiver(android.content.IIntentReceiver,android.content.Intent,int,java.lang.String,android.os.Bundle,boolean,boolean,int,int)>",
						"<android.app.LoadedApk$ReceiverDispatcher$InnerReceiver: void performReceive(android.content.Intent,int,java.lang.String,android.os.Bundle,boolean,boolean,int)>",
						"key field: <android.app.LoadedApk$ReceiverDispatcher$InnerReceiver: java.lang.ref.WeakReference mDispatcher>",
						"<android.app.LoadedApk$ReceiverDispatcher$InnerReceiver: void performReceive(android.content.Intent,int,java.lang.String,android.os.Bundle,boolean,boolean,int)>"
					],
					"depth":3,
					"method":"<android.app.ApplicationThreadNative: boolean onTransact(int,android.os.Parcel,android.os.Parcel,int)>",
					"source":"FIELDCALLER"
				},
				{
					"trace":[
						"<android.app.ContextImpl: android.content.Intent registerReceiver(android.content.BroadcastReceiver,android.content.IntentFilter,java.lang.String,android.os.Handler)>",
						"<android.app.ContextImpl: android.content.Intent registerReceiverInternal(android.content.BroadcastReceiver,int,android.content.IntentFilter,java.lang.String,android.os.Handler,android.content.Context)>",
						"<android.app.LoadedApk$ReceiverDispatcher: void <init>(android.content.BroadcastReceiver,android.content.Context,android.os.Handler,android.app.Instrumentation,boolean)>",
						"<android.app.LoadedApk$ReceiverDispatcher$InnerReceiver: void <init>(android.app.LoadedApk$ReceiverDispatcher,boolean)>",
						"key field: <android.app.LoadedApk$ReceiverDispatcher$InnerReceiver: java.lang.ref.WeakReference mDispatcher>",
						"<android.app.LoadedApk$ReceiverDispatcher$InnerReceiver: void performReceive(android.content.Intent,int,java.lang.String,android.os.Bundle,boolean,boolean,int)>"
					],
					"depth":4,
					"method":"<android.app.ContextImpl: android.content.Intent registerReceiver(android.content.BroadcastReceiver,android.content.IntentFilter,java.lang.String,android.os.Handler)>",
					"source":"FIELDCALLER"
				},
				{
					"trace":[
						"<android.app.ContextImpl: android.content.Intent registerReceiverAsUser(android.content.BroadcastReceiver,android.os.UserHandle,android.content.IntentFilter,java.lang.String,android.os.Handler)>",
						"<android.app.ContextImpl: android.content.Intent registerReceiverInternal(android.content.BroadcastReceiver,int,android.content.IntentFilter,java.lang.String,android.os.Handler,android.content.Context)>",
						"<android.app.LoadedApk$ReceiverDispatcher: void <init>(android.content.BroadcastReceiver,android.content.Context,android.os.Handler,android.app.Instrumentation,boolean)>",
						"<android.app.LoadedApk$ReceiverDispatcher$InnerReceiver: void <init>(android.app.LoadedApk$ReceiverDispatcher,boolean)>",
						"key field: <android.app.LoadedApk$ReceiverDispatcher$InnerReceiver: java.lang.ref.WeakReference mDispatcher>",
						"<android.app.LoadedApk$ReceiverDispatcher$InnerReceiver: void performReceive(android.content.Intent,int,java.lang.String,android.os.Bundle,boolean,boolean,int)>"
					],
					"depth":4,
					"method":"<android.app.ContextImpl: android.content.Intent registerReceiverAsUser(android.content.BroadcastReceiver,android.os.UserHandle,android.content.IntentFilter,java.lang.String,android.os.Handler)>",
					"source":"FIELDCALLER"
				},
				{
					"trace":[
						"<android.app.ContextImpl: void sendOrderedBroadcast(android.content.Intent,java.lang.String,android.content.BroadcastReceiver,android.os.Handler,int,java.lang.String,android.os.Bundle)>",
						"<android.app.ContextImpl: void sendOrderedBroadcast(android.content.Intent,java.lang.String,int,android.content.BroadcastReceiver,android.os.Handler,int,java.lang.String,android.os.Bundle,android.os.Bundle)>",
						"<android.app.LoadedApk$ReceiverDispatcher: void <init>(android.content.BroadcastReceiver,android.content.Context,android.os.Handler,android.app.Instrumentation,boolean)>",
						"<android.app.LoadedApk$ReceiverDispatcher$InnerReceiver: void <init>(android.app.LoadedApk$ReceiverDispatcher,boolean)>",
						"key field: <android.app.LoadedApk$ReceiverDispatcher$InnerReceiver: java.lang.ref.WeakReference mDispatcher>",
						"<android.app.LoadedApk$ReceiverDispatcher$InnerReceiver: void performReceive(android.content.Intent,int,java.lang.String,android.os.Bundle,boolean,boolean,int)>"
					],
					"depth":4,
					"method":"<android.app.ContextImpl: void sendOrderedBroadcast(android.content.Intent,java.lang.String,android.content.BroadcastReceiver,android.os.Handler,int,java.lang.String,android.os.Bundle)>",
					"source":"FIELDCALLER"
				},
				{
					"trace":[
						"<android.content.Context: void sendOrderedBroadcast(android.content.Intent,java.lang.String,android.content.BroadcastReceiver,android.os.Handler,int,java.lang.String,android.os.Bundle)>",
						"<android.app.ContextImpl: void sendOrderedBroadcast(android.content.Intent,java.lang.String,int,android.content.BroadcastReceiver,android.os.Handler,int,java.lang.String,android.os.Bundle,android.os.Bundle)>",
						"<android.app.LoadedApk$ReceiverDispatcher: void <init>(android.content.BroadcastReceiver,android.content.Context,android.os.Handler,android.app.Instrumentation,boolean)>",
						"<android.app.LoadedApk$ReceiverDispatcher$InnerReceiver: void <init>(android.app.LoadedApk$ReceiverDispatcher,boolean)>",
						"key field: <android.app.LoadedApk$ReceiverDispatcher$InnerReceiver: java.lang.ref.WeakReference mDispatcher>",
						"<android.app.LoadedApk$ReceiverDispatcher$InnerReceiver: void performReceive(android.content.Intent,int,java.lang.String,android.os.Bundle,boolean,boolean,int)>"
					],
					"depth":4,
					"method":"<android.content.Context: void sendOrderedBroadcast(android.content.Intent,java.lang.String,android.content.BroadcastReceiver,android.os.Handler,int,java.lang.String,android.os.Bundle)>",
					"source":"FIELDCALLER"
				},
				{
					"trace":[
						"<android.app.ContextImpl: void sendOrderedBroadcast(android.content.Intent,java.lang.String,int,android.content.BroadcastReceiver,android.os.Handler,int,java.lang.String,android.os.Bundle)>",
						"<android.app.ContextImpl: void sendOrderedBroadcast(android.content.Intent,java.lang.String,int,android.content.BroadcastReceiver,android.os.Handler,int,java.lang.String,android.os.Bundle,android.os.Bundle)>",
						"<android.app.LoadedApk$ReceiverDispatcher: void <init>(android.content.BroadcastReceiver,android.content.Context,android.os.Handler,android.app.Instrumentation,boolean)>",
						"<android.app.LoadedApk$ReceiverDispatcher$InnerReceiver: void <init>(android.app.LoadedApk$ReceiverDispatcher,boolean)>",
						"key field: <android.app.LoadedApk$ReceiverDispatcher$InnerReceiver: java.lang.ref.WeakReference mDispatcher>",
						"<android.app.LoadedApk$ReceiverDispatcher$InnerReceiver: void performReceive(android.content.Intent,int,java.lang.String,android.os.Bundle,boolean,boolean,int)>"
					],
					"depth":4,
					"method":"<android.app.ContextImpl: void sendOrderedBroadcast(android.content.Intent,java.lang.String,int,android.content.BroadcastReceiver,android.os.Handler,int,java.lang.String,android.os.Bundle)>",
					"source":"FIELDCALLER"
				},
				{
					"trace":[
						"<android.content.Context: void sendOrderedBroadcast(android.content.Intent,java.lang.String,int,android.content.BroadcastReceiver,android.os.Handler,int,java.lang.String,android.os.Bundle)>",
						"<android.app.ContextImpl: void sendOrderedBroadcast(android.content.Intent,java.lang.String,int,android.content.BroadcastReceiver,android.os.Handler,int,java.lang.String,android.os.Bundle,android.os.Bundle)>",
						"<android.app.LoadedApk$ReceiverDispatcher: void <init>(android.content.BroadcastReceiver,android.content.Context,android.os.Handler,android.app.Instrumentation,boolean)>",
						"<android.app.LoadedApk$ReceiverDispatcher$InnerReceiver: void <init>(android.app.LoadedApk$ReceiverDispatcher,boolean)>",
						"key field: <android.app.LoadedApk$ReceiverDispatcher$InnerReceiver: java.lang.ref.WeakReference mDispatcher>",
						"<android.app.LoadedApk$ReceiverDispatcher$InnerReceiver: void performReceive(android.content.Intent,int,java.lang.String,android.os.Bundle,boolean,boolean,int)>"
					],
					"depth":4,
					"method":"<android.content.Context: void sendOrderedBroadcast(android.content.Intent,java.lang.String,int,android.content.BroadcastReceiver,android.os.Handler,int,java.lang.String,android.os.Bundle)>",
					"source":"FIELDCALLER"
				},
				{
					"trace":[
						"<android.app.ContextImpl: void sendOrderedBroadcast(android.content.Intent,java.lang.String,android.os.Bundle,android.content.BroadcastReceiver,android.os.Handler,int,java.lang.String,android.os.Bundle)>",
						"<android.app.ContextImpl: void sendOrderedBroadcast(android.content.Intent,java.lang.String,int,android.content.BroadcastReceiver,android.os.Handler,int,java.lang.String,android.os.Bundle,android.os.Bundle)>",
						"<android.app.LoadedApk$ReceiverDispatcher: void <init>(android.content.BroadcastReceiver,android.content.Context,android.os.Handler,android.app.Instrumentation,boolean)>",
						"<android.app.LoadedApk$ReceiverDispatcher$InnerReceiver: void <init>(android.app.LoadedApk$ReceiverDispatcher,boolean)>",
						"key field: <android.app.LoadedApk$ReceiverDispatcher$InnerReceiver: java.lang.ref.WeakReference mDispatcher>",
						"<android.app.LoadedApk$ReceiverDispatcher$InnerReceiver: void performReceive(android.content.Intent,int,java.lang.String,android.os.Bundle,boolean,boolean,int)>"
					],
					"depth":4,
					"method":"<android.app.ContextImpl: void sendOrderedBroadcast(android.content.Intent,java.lang.String,android.os.Bundle,android.content.BroadcastReceiver,android.os.Handler,int,java.lang.String,android.os.Bundle)>",
					"source":"FIELDCALLER"
				},
				{
					"trace":[
						"<android.content.Context: void sendOrderedBroadcast(android.content.Intent,java.lang.String,android.os.Bundle,android.content.BroadcastReceiver,android.os.Handler,int,java.lang.String,android.os.Bundle)>",
						"<android.app.ContextImpl: void sendOrderedBroadcast(android.content.Intent,java.lang.String,int,android.content.BroadcastReceiver,android.os.Handler,int,java.lang.String,android.os.Bundle,android.os.Bundle)>",
						"<android.app.LoadedApk$ReceiverDispatcher: void <init>(android.content.BroadcastReceiver,android.content.Context,android.os.Handler,android.app.Instrumentation,boolean)>",
						"<android.app.LoadedApk$ReceiverDispatcher$InnerReceiver: void <init>(android.app.LoadedApk$ReceiverDispatcher,boolean)>",
						"key field: <android.app.LoadedApk$ReceiverDispatcher$InnerReceiver: java.lang.ref.WeakReference mDispatcher>",
						"<android.app.LoadedApk$ReceiverDispatcher$InnerReceiver: void performReceive(android.content.Intent,int,java.lang.String,android.os.Bundle,boolean,boolean,int)>"
					],
					"depth":4,
					"method":"<android.content.Context: void sendOrderedBroadcast(android.content.Intent,java.lang.String,android.os.Bundle,android.content.BroadcastReceiver,android.os.Handler,int,java.lang.String,android.os.Bundle)>",
					"source":"FIELDCALLER"
				},
				{
					"trace":[
						"<android.app.ContextImpl: void sendOrderedBroadcastAsUser(android.content.Intent,android.os.UserHandle,java.lang.String,android.content.BroadcastReceiver,android.os.Handler,int,java.lang.String,android.os.Bundle)>",
						"<android.app.ContextImpl: void sendOrderedBroadcastAsUser(android.content.Intent,android.os.UserHandle,java.lang.String,int,android.os.Bundle,android.content.BroadcastReceiver,android.os.Handler,int,java.lang.String,android.os.Bundle)>",
						"<android.app.LoadedApk$ReceiverDispatcher: void <init>(android.content.BroadcastReceiver,android.content.Context,android.os.Handler,android.app.Instrumentation,boolean)>",
						"<android.app.LoadedApk$ReceiverDispatcher$InnerReceiver: void <init>(android.app.LoadedApk$ReceiverDispatcher,boolean)>",
						"key field: <android.app.LoadedApk$ReceiverDispatcher$InnerReceiver: java.lang.ref.WeakReference mDispatcher>",
						"<android.app.LoadedApk$ReceiverDispatcher$InnerReceiver: void performReceive(android.content.Intent,int,java.lang.String,android.os.Bundle,boolean,boolean,int)>"
					],
					"depth":4,
					"method":"<android.app.ContextImpl: void sendOrderedBroadcastAsUser(android.content.Intent,android.os.UserHandle,java.lang.String,android.content.BroadcastReceiver,android.os.Handler,int,java.lang.String,android.os.Bundle)>",
					"source":"FIELDCALLER"
				},
				{
					"trace":[
						"<android.content.Context: void sendOrderedBroadcastAsUser(android.content.Intent,android.os.UserHandle,java.lang.String,android.content.BroadcastReceiver,android.os.Handler,int,java.lang.String,android.os.Bundle)>",
						"<android.app.ContextImpl: void sendOrderedBroadcastAsUser(android.content.Intent,android.os.UserHandle,java.lang.String,int,android.os.Bundle,android.content.BroadcastReceiver,android.os.Handler,int,java.lang.String,android.os.Bundle)>",
						"<android.app.LoadedApk$ReceiverDispatcher: void <init>(android.content.BroadcastReceiver,android.content.Context,android.os.Handler,android.app.Instrumentation,boolean)>",
						"<android.app.LoadedApk$ReceiverDispatcher$InnerReceiver: void <init>(android.app.LoadedApk$ReceiverDispatcher,boolean)>",
						"key field: <android.app.LoadedApk$ReceiverDispatcher$InnerReceiver: java.lang.ref.WeakReference mDispatcher>",
						"<android.app.LoadedApk$ReceiverDispatcher$InnerReceiver: void performReceive(android.content.Intent,int,java.lang.String,android.os.Bundle,boolean,boolean,int)>"
					],
					"depth":4,
					"method":"<android.content.Context: void sendOrderedBroadcastAsUser(android.content.Intent,android.os.UserHandle,java.lang.String,android.content.BroadcastReceiver,android.os.Handler,int,java.lang.String,android.os.Bundle)>",
					"source":"FIELDCALLER"
				},
				{
					"trace":[
						"<android.app.ContextImpl: void sendOrderedBroadcastAsUser(android.content.Intent,android.os.UserHandle,java.lang.String,int,android.content.BroadcastReceiver,android.os.Handler,int,java.lang.String,android.os.Bundle)>",
						"<android.app.ContextImpl: void sendOrderedBroadcastAsUser(android.content.Intent,android.os.UserHandle,java.lang.String,int,android.os.Bundle,android.content.BroadcastReceiver,android.os.Handler,int,java.lang.String,android.os.Bundle)>",
						"<android.app.LoadedApk$ReceiverDispatcher: void <init>(android.content.BroadcastReceiver,android.content.Context,android.os.Handler,android.app.Instrumentation,boolean)>",
						"<android.app.LoadedApk$ReceiverDispatcher$InnerReceiver: void <init>(android.app.LoadedApk$ReceiverDispatcher,boolean)>",
						"key field: <android.app.LoadedApk$ReceiverDispatcher$InnerReceiver: java.lang.ref.WeakReference mDispatcher>",
						"<android.app.LoadedApk$ReceiverDispatcher$InnerReceiver: void performReceive(android.content.Intent,int,java.lang.String,android.os.Bundle,boolean,boolean,int)>"
					],
					"depth":4,
					"method":"<android.app.ContextImpl: void sendOrderedBroadcastAsUser(android.content.Intent,android.os.UserHandle,java.lang.String,int,android.content.BroadcastReceiver,android.os.Handler,int,java.lang.String,android.os.Bundle)>",
					"source":"FIELDCALLER"
				},
				{
					"trace":[
						"<android.content.Context: void sendOrderedBroadcastAsUser(android.content.Intent,android.os.UserHandle,java.lang.String,int,android.content.BroadcastReceiver,android.os.Handler,int,java.lang.String,android.os.Bundle)>",
						"<android.app.ContextImpl: void sendOrderedBroadcastAsUser(android.content.Intent,android.os.UserHandle,java.lang.String,int,android.os.Bundle,android.content.BroadcastReceiver,android.os.Handler,int,java.lang.String,android.os.Bundle)>",
						"<android.app.LoadedApk$ReceiverDispatcher: void <init>(android.content.BroadcastReceiver,android.content.Context,android.os.Handler,android.app.Instrumentation,boolean)>",
						"<android.app.LoadedApk$ReceiverDispatcher$InnerReceiver: void <init>(android.app.LoadedApk$ReceiverDispatcher,boolean)>",
						"key field: <android.app.LoadedApk$ReceiverDispatcher$InnerReceiver: java.lang.ref.WeakReference mDispatcher>",
						"<android.app.LoadedApk$ReceiverDispatcher$InnerReceiver: void performReceive(android.content.Intent,int,java.lang.String,android.os.Bundle,boolean,boolean,int)>"
					],
					"depth":4,
					"method":"<android.content.Context: void sendOrderedBroadcastAsUser(android.content.Intent,android.os.UserHandle,java.lang.String,int,android.content.BroadcastReceiver,android.os.Handler,int,java.lang.String,android.os.Bundle)>",
					"source":"FIELDCALLER"
				},
				{
					"trace":[
						"<android.app.ContextImpl: android.content.Intent registerReceiver(android.content.BroadcastReceiver,android.content.IntentFilter)>",
						"<android.app.ContextImpl: android.content.Intent registerReceiver(android.content.BroadcastReceiver,android.content.IntentFilter,java.lang.String,android.os.Handler)>",
						"<android.app.ContextImpl: android.content.Intent registerReceiverInternal(android.content.BroadcastReceiver,int,android.content.IntentFilter,java.lang.String,android.os.Handler,android.content.Context)>",
						"<android.app.LoadedApk$ReceiverDispatcher: void <init>(android.content.BroadcastReceiver,android.content.Context,android.os.Handler,android.app.Instrumentation,boolean)>",
						"<android.app.LoadedApk$ReceiverDispatcher$InnerReceiver: void <init>(android.app.LoadedApk$ReceiverDispatcher,boolean)>",
						"key field: <android.app.LoadedApk$ReceiverDispatcher$InnerReceiver: java.lang.ref.WeakReference mDispatcher>",
						"<android.app.LoadedApk$ReceiverDispatcher$InnerReceiver: void performReceive(android.content.Intent,int,java.lang.String,android.os.Bundle,boolean,boolean,int)>"
					],
					"depth":5,
					"method":"<android.app.ContextImpl: android.content.Intent registerReceiver(android.content.BroadcastReceiver,android.content.IntentFilter)>",
					"source":"FIELDCALLER"
				},
				{
					"trace":[
						"<android.content.Context: android.content.Intent registerReceiver(android.content.BroadcastReceiver,android.content.IntentFilter)>",
						"<android.app.ContextImpl: android.content.Intent registerReceiver(android.content.BroadcastReceiver,android.content.IntentFilter,java.lang.String,android.os.Handler)>",
						"<android.app.ContextImpl: android.content.Intent registerReceiverInternal(android.content.BroadcastReceiver,int,android.content.IntentFilter,java.lang.String,android.os.Handler,android.content.Context)>",
						"<android.app.LoadedApk$ReceiverDispatcher: void <init>(android.content.BroadcastReceiver,android.content.Context,android.os.Handler,android.app.Instrumentation,boolean)>",
						"<android.app.LoadedApk$ReceiverDispatcher$InnerReceiver: void <init>(android.app.LoadedApk$ReceiverDispatcher,boolean)>",
						"key field: <android.app.LoadedApk$ReceiverDispatcher$InnerReceiver: java.lang.ref.WeakReference mDispatcher>",
						"<android.app.LoadedApk$ReceiverDispatcher$InnerReceiver: void performReceive(android.content.Intent,int,java.lang.String,android.os.Bundle,boolean,boolean,int)>"
					],
					"depth":5,
					"method":"<android.content.Context: android.content.Intent registerReceiver(android.content.BroadcastReceiver,android.content.IntentFilter)>",
					"source":"FIELDCALLER"
				},
				{
					"trace":[
						"<android.content.ContextWrapper: android.content.Intent registerReceiver(android.content.BroadcastReceiver,android.content.IntentFilter,java.lang.String,android.os.Handler)>",
						"<android.app.ContextImpl: android.content.Intent registerReceiver(android.content.BroadcastReceiver,android.content.IntentFilter,java.lang.String,android.os.Handler)>",
						"<android.app.ContextImpl: android.content.Intent registerReceiverInternal(android.content.BroadcastReceiver,int,android.content.IntentFilter,java.lang.String,android.os.Handler,android.content.Context)>",
						"<android.app.LoadedApk$ReceiverDispatcher: void <init>(android.content.BroadcastReceiver,android.content.Context,android.os.Handler,android.app.Instrumentation,boolean)>",
						"<android.app.LoadedApk$ReceiverDispatcher$InnerReceiver: void <init>(android.app.LoadedApk$ReceiverDispatcher,boolean)>",
						"key field: <android.app.LoadedApk$ReceiverDispatcher$InnerReceiver: java.lang.ref.WeakReference mDispatcher>",
						"<android.app.LoadedApk$ReceiverDispatcher$InnerReceiver: void performReceive(android.content.Intent,int,java.lang.String,android.os.Bundle,boolean,boolean,int)>"
					],
					"depth":5,
					"method":"<android.content.ContextWrapper: android.content.Intent registerReceiver(android.content.BroadcastReceiver,android.content.IntentFilter,java.lang.String,android.os.Handler)>",
					"source":"FIELDCALLER"
				},
				{
					"trace":[
						"<android.content.Context: android.content.Intent registerReceiver(android.content.BroadcastReceiver,android.content.IntentFilter,java.lang.String,android.os.Handler)>",
						"<android.app.ContextImpl: android.content.Intent registerReceiver(android.content.BroadcastReceiver,android.content.IntentFilter,java.lang.String,android.os.Handler)>",
						"<android.app.ContextImpl: android.content.Intent registerReceiverInternal(android.content.BroadcastReceiver,int,android.content.IntentFilter,java.lang.String,android.os.Handler,android.content.Context)>",
						"<android.app.LoadedApk$ReceiverDispatcher: void <init>(android.content.BroadcastReceiver,android.content.Context,android.os.Handler,android.app.Instrumentation,boolean)>",
						"<android.app.LoadedApk$ReceiverDispatcher$InnerReceiver: void <init>(android.app.LoadedApk$ReceiverDispatcher,boolean)>",
						"key field: <android.app.LoadedApk$ReceiverDispatcher$InnerReceiver: java.lang.ref.WeakReference mDispatcher>",
						"<android.app.LoadedApk$ReceiverDispatcher$InnerReceiver: void performReceive(android.content.Intent,int,java.lang.String,android.os.Bundle,boolean,boolean,int)>"
					],
					"depth":5,
					"method":"<android.content.Context: android.content.Intent registerReceiver(android.content.BroadcastReceiver,android.content.IntentFilter,java.lang.String,android.os.Handler)>",
					"source":"FIELDCALLER"
				},
				{
					"trace":[
						"<android.content.ContextWrapper: android.content.Intent registerReceiverAsUser(android.content.BroadcastReceiver,android.os.UserHandle,android.content.IntentFilter,java.lang.String,android.os.Handler)>",
						"<android.app.ContextImpl: android.content.Intent registerReceiverAsUser(android.content.BroadcastReceiver,android.os.UserHandle,android.content.IntentFilter,java.lang.String,android.os.Handler)>",
						"<android.app.ContextImpl: android.content.Intent registerReceiverInternal(android.content.BroadcastReceiver,int,android.content.IntentFilter,java.lang.String,android.os.Handler,android.content.Context)>",
						"<android.app.LoadedApk$ReceiverDispatcher: void <init>(android.content.BroadcastReceiver,android.content.Context,android.os.Handler,android.app.Instrumentation,boolean)>",
						"<android.app.LoadedApk$ReceiverDispatcher$InnerReceiver: void <init>(android.app.LoadedApk$ReceiverDispatcher,boolean)>",
						"key field: <android.app.LoadedApk$ReceiverDispatcher$InnerReceiver: java.lang.ref.WeakReference mDispatcher>",
						"<android.app.LoadedApk$ReceiverDispatcher$InnerReceiver: void performReceive(android.content.Intent,int,java.lang.String,android.os.Bundle,boolean,boolean,int)>"
					],
					"depth":5,
					"method":"<android.content.ContextWrapper: android.content.Intent registerReceiverAsUser(android.content.BroadcastReceiver,android.os.UserHandle,android.content.IntentFilter,java.lang.String,android.os.Handler)>",
					"source":"FIELDCALLER"
				},
				{
					"trace":[
						"<android.content.Context: android.content.Intent registerReceiverAsUser(android.content.BroadcastReceiver,android.os.UserHandle,android.content.IntentFilter,java.lang.String,android.os.Handler)>",
						"<android.app.ContextImpl: android.content.Intent registerReceiverAsUser(android.content.BroadcastReceiver,android.os.UserHandle,android.content.IntentFilter,java.lang.String,android.os.Handler)>",
						"<android.app.ContextImpl: android.content.Intent registerReceiverInternal(android.content.BroadcastReceiver,int,android.content.IntentFilter,java.lang.String,android.os.Handler,android.content.Context)>",
						"<android.app.LoadedApk$ReceiverDispatcher: void <init>(android.content.BroadcastReceiver,android.content.Context,android.os.Handler,android.app.Instrumentation,boolean)>",
						"<android.app.LoadedApk$ReceiverDispatcher$InnerReceiver: void <init>(android.app.LoadedApk$ReceiverDispatcher,boolean)>",
						"key field: <android.app.LoadedApk$ReceiverDispatcher$InnerReceiver: java.lang.ref.WeakReference mDispatcher>",
						"<android.app.LoadedApk$ReceiverDispatcher$InnerReceiver: void performReceive(android.content.Intent,int,java.lang.String,android.os.Bundle,boolean,boolean,int)>"
					],
					"depth":5,
					"method":"<android.content.Context: android.content.Intent registerReceiverAsUser(android.content.BroadcastReceiver,android.os.UserHandle,android.content.IntentFilter,java.lang.String,android.os.Handler)>",
					"source":"FIELDCALLER"
				},
				{
					"trace":[
						"<android.content.ContextWrapper: void sendOrderedBroadcastAsUser(android.content.Intent,android.os.UserHandle,java.lang.String,android.content.BroadcastReceiver,android.os.Handler,int,java.lang.String,android.os.Bundle)>",
						"<android.app.ContextImpl: void sendOrderedBroadcastAsUser(android.content.Intent,android.os.UserHandle,java.lang.String,android.content.BroadcastReceiver,android.os.Handler,int,java.lang.String,android.os.Bundle)>",
						"<android.app.ContextImpl: void sendOrderedBroadcastAsUser(android.content.Intent,android.os.UserHandle,java.lang.String,int,android.os.Bundle,android.content.BroadcastReceiver,android.os.Handler,int,java.lang.String,android.os.Bundle)>",
						"<android.app.LoadedApk$ReceiverDispatcher: void <init>(android.content.BroadcastReceiver,android.content.Context,android.os.Handler,android.app.Instrumentation,boolean)>",
						"<android.app.LoadedApk$ReceiverDispatcher$InnerReceiver: void <init>(android.app.LoadedApk$ReceiverDispatcher,boolean)>",
						"key field: <android.app.LoadedApk$ReceiverDispatcher$InnerReceiver: java.lang.ref.WeakReference mDispatcher>",
						"<android.app.LoadedApk$ReceiverDispatcher$InnerReceiver: void performReceive(android.content.Intent,int,java.lang.String,android.os.Bundle,boolean,boolean,int)>"
					],
					"depth":5,
					"method":"<android.content.ContextWrapper: void sendOrderedBroadcastAsUser(android.content.Intent,android.os.UserHandle,java.lang.String,android.content.BroadcastReceiver,android.os.Handler,int,java.lang.String,android.os.Bundle)>",
					"source":"FIELDCALLER"
				},
				{
					"trace":[
						"<android.app.SearchDialog: void onStart()>",
						"<android.app.ContextImpl: android.content.Intent registerReceiver(android.content.BroadcastReceiver,android.content.IntentFilter)>",
						"<android.app.ContextImpl: android.content.Intent registerReceiver(android.content.BroadcastReceiver,android.content.IntentFilter,java.lang.String,android.os.Handler)>",
						"<android.app.ContextImpl: android.content.Intent registerReceiverInternal(android.content.BroadcastReceiver,int,android.content.IntentFilter,java.lang.String,android.os.Handler,android.content.Context)>",
						"<android.app.LoadedApk$ReceiverDispatcher: void <init>(android.content.BroadcastReceiver,android.content.Context,android.os.Handler,android.app.Instrumentation,boolean)>",
						"<android.app.LoadedApk$ReceiverDispatcher$InnerReceiver: void <init>(android.app.LoadedApk$ReceiverDispatcher,boolean)>",
						"key field: <android.app.LoadedApk$ReceiverDispatcher$InnerReceiver: java.lang.ref.WeakReference mDispatcher>",
						"<android.app.LoadedApk$ReceiverDispatcher$InnerReceiver: void performReceive(android.content.Intent,int,java.lang.String,android.os.Bundle,boolean,boolean,int)>"
					],
					"depth":6,
					"method":"<android.app.SearchDialog: void onStart()>",
					"source":"FIELDCALLER"
				},
				{
					"trace":[
						"<android.content.ContextWrapper: android.content.Intent registerReceiver(android.content.BroadcastReceiver,android.content.IntentFilter)>",
						"<android.app.ContextImpl: android.content.Intent registerReceiver(android.content.BroadcastReceiver,android.content.IntentFilter)>",
						"<android.app.ContextImpl: android.content.Intent registerReceiver(android.content.BroadcastReceiver,android.content.IntentFilter,java.lang.String,android.os.Handler)>",
						"<android.app.ContextImpl: android.content.Intent registerReceiverInternal(android.content.BroadcastReceiver,int,android.content.IntentFilter,java.lang.String,android.os.Handler,android.content.Context)>",
						"<android.app.LoadedApk$ReceiverDispatcher: void <init>(android.content.BroadcastReceiver,android.content.Context,android.os.Handler,android.app.Instrumentation,boolean)>",
						"<android.app.LoadedApk$ReceiverDispatcher$InnerReceiver: void <init>(android.app.LoadedApk$ReceiverDispatcher,boolean)>",
						"key field: <android.app.LoadedApk$ReceiverDispatcher$InnerReceiver: java.lang.ref.WeakReference mDispatcher>",
						"<android.app.LoadedApk$ReceiverDispatcher$InnerReceiver: void performReceive(android.content.Intent,int,java.lang.String,android.os.Bundle,boolean,boolean,int)>"
					],
					"depth":6,
					"method":"<android.content.ContextWrapper: android.content.Intent registerReceiver(android.content.BroadcastReceiver,android.content.IntentFilter)>",
					"source":"FIELDCALLER"
				},
				{
					"trace":[
						"<android.app.ReceiverRestrictedContext: android.content.Intent registerReceiver(android.content.BroadcastReceiver,android.content.IntentFilter,java.lang.String,android.os.Handler)>",
						"<android.content.ContextWrapper: android.content.Intent registerReceiver(android.content.BroadcastReceiver,android.content.IntentFilter,java.lang.String,android.os.Handler)>",
						"<android.app.ContextImpl: android.content.Intent registerReceiver(android.content.BroadcastReceiver,android.content.IntentFilter,java.lang.String,android.os.Handler)>",
						"<android.app.ContextImpl: android.content.Intent registerReceiverInternal(android.content.BroadcastReceiver,int,android.content.IntentFilter,java.lang.String,android.os.Handler,android.content.Context)>",
						"<android.app.LoadedApk$ReceiverDispatcher: void <init>(android.content.BroadcastReceiver,android.content.Context,android.os.Handler,android.app.Instrumentation,boolean)>",
						"<android.app.LoadedApk$ReceiverDispatcher$InnerReceiver: void <init>(android.app.LoadedApk$ReceiverDispatcher,boolean)>",
						"key field: <android.app.LoadedApk$ReceiverDispatcher$InnerReceiver: java.lang.ref.WeakReference mDispatcher>",
						"<android.app.LoadedApk$ReceiverDispatcher$InnerReceiver: void performReceive(android.content.Intent,int,java.lang.String,android.os.Bundle,boolean,boolean,int)>"
					],
					"depth":6,
					"method":"<android.app.ReceiverRestrictedContext: android.content.Intent registerReceiver(android.content.BroadcastReceiver,android.content.IntentFilter,java.lang.String,android.os.Handler)>",
					"source":"FIELDCALLER"
				},
				{
					"trace":[
						"<android.app.ReceiverRestrictedContext: android.content.Intent registerReceiverAsUser(android.content.BroadcastReceiver,android.os.UserHandle,android.content.IntentFilter,java.lang.String,android.os.Handler)>",
						"<android.content.ContextWrapper: android.content.Intent registerReceiverAsUser(android.content.BroadcastReceiver,android.os.UserHandle,android.content.IntentFilter,java.lang.String,android.os.Handler)>",
						"<android.app.ContextImpl: android.content.Intent registerReceiverAsUser(android.content.BroadcastReceiver,android.os.UserHandle,android.content.IntentFilter,java.lang.String,android.os.Handler)>",
						"<android.app.ContextImpl: android.content.Intent registerReceiverInternal(android.content.BroadcastReceiver,int,android.content.IntentFilter,java.lang.String,android.os.Handler,android.content.Context)>",
						"<android.app.LoadedApk$ReceiverDispatcher: void <init>(android.content.BroadcastReceiver,android.content.Context,android.os.Handler,android.app.Instrumentation,boolean)>",
						"<android.app.LoadedApk$ReceiverDispatcher$InnerReceiver: void <init>(android.app.LoadedApk$ReceiverDispatcher,boolean)>",
						"key field: <android.app.LoadedApk$ReceiverDispatcher$InnerReceiver: java.lang.ref.WeakReference mDispatcher>",
						"<android.app.LoadedApk$ReceiverDispatcher$InnerReceiver: void performReceive(android.content.Intent,int,java.lang.String,android.os.Bundle,boolean,boolean,int)>"
					],
					"depth":6,
					"method":"<android.app.ReceiverRestrictedContext: android.content.Intent registerReceiverAsUser(android.content.BroadcastReceiver,android.os.UserHandle,android.content.IntentFilter,java.lang.String,android.os.Handler)>",
					"source":"FIELDCALLER"
				},
				{
					"trace":[
						"<android.app.Dialog: void show()>",
						"<android.app.SearchDialog: void onStart()>",
						"<android.app.ContextImpl: android.content.Intent registerReceiver(android.content.BroadcastReceiver,android.content.IntentFilter)>",
						"<android.app.ContextImpl: android.content.Intent registerReceiver(android.content.BroadcastReceiver,android.content.IntentFilter,java.lang.String,android.os.Handler)>",
						"<android.app.ContextImpl: android.content.Intent registerReceiverInternal(android.content.BroadcastReceiver,int,android.content.IntentFilter,java.lang.String,android.os.Handler,android.content.Context)>",
						"<android.app.LoadedApk$ReceiverDispatcher: void <init>(android.content.BroadcastReceiver,android.content.Context,android.os.Handler,android.app.Instrumentation,boolean)>",
						"<android.app.LoadedApk$ReceiverDispatcher$InnerReceiver: void <init>(android.app.LoadedApk$ReceiverDispatcher,boolean)>",
						"key field: <android.app.LoadedApk$ReceiverDispatcher$InnerReceiver: java.lang.ref.WeakReference mDispatcher>",
						"<android.app.LoadedApk$ReceiverDispatcher$InnerReceiver: void performReceive(android.content.Intent,int,java.lang.String,android.os.Bundle,boolean,boolean,int)>"
					],
					"depth":7,
					"method":"<android.app.Dialog: void show()>",
					"source":"FIELDCALLER"
				},
				{
					"trace":[
						"<android.app.ReceiverRestrictedContext: android.content.Intent registerReceiver(android.content.BroadcastReceiver,android.content.IntentFilter)>",
						"<android.app.ReceiverRestrictedContext: android.content.Intent registerReceiver(android.content.BroadcastReceiver,android.content.IntentFilter,java.lang.String,android.os.Handler)>",
						"<android.content.ContextWrapper: android.content.Intent registerReceiver(android.content.BroadcastReceiver,android.content.IntentFilter,java.lang.String,android.os.Handler)>",
						"<android.app.ContextImpl: android.content.Intent registerReceiver(android.content.BroadcastReceiver,android.content.IntentFilter,java.lang.String,android.os.Handler)>",
						"<android.app.ContextImpl: android.content.Intent registerReceiverInternal(android.content.BroadcastReceiver,int,android.content.IntentFilter,java.lang.String,android.os.Handler,android.content.Context)>",
						"<android.app.LoadedApk$ReceiverDispatcher: void <init>(android.content.BroadcastReceiver,android.content.Context,android.os.Handler,android.app.Instrumentation,boolean)>",
						"<android.app.LoadedApk$ReceiverDispatcher$InnerReceiver: void <init>(android.app.LoadedApk$ReceiverDispatcher,boolean)>",
						"key field: <android.app.LoadedApk$ReceiverDispatcher$InnerReceiver: java.lang.ref.WeakReference mDispatcher>",
						"<android.app.LoadedApk$ReceiverDispatcher$InnerReceiver: void performReceive(android.content.Intent,int,java.lang.String,android.os.Bundle,boolean,boolean,int)>"
					],
					"depth":7,
					"method":"<android.app.ReceiverRestrictedContext: android.content.Intent registerReceiver(android.content.BroadcastReceiver,android.content.IntentFilter)>",
					"source":"FIELDCALLER"
				},
				{
					"trace":[
						"<android.widget.Spinner$DialogPopup: void show(int,int)>",
						"<android.app.Dialog: void show()>",
						"<android.app.SearchDialog: void onStart()>",
						"<android.app.ContextImpl: android.content.Intent registerReceiver(android.content.BroadcastReceiver,android.content.IntentFilter)>",
						"<android.app.ContextImpl: android.content.Intent registerReceiver(android.content.BroadcastReceiver,android.content.IntentFilter,java.lang.String,android.os.Handler)>",
						"<android.app.ContextImpl: android.content.Intent registerReceiverInternal(android.content.BroadcastReceiver,int,android.content.IntentFilter,java.lang.String,android.os.Handler,android.content.Context)>",
						"<android.app.LoadedApk$ReceiverDispatcher: void <init>(android.content.BroadcastReceiver,android.content.Context,android.os.Handler,android.app.Instrumentation,boolean)>",
						"<android.app.LoadedApk$ReceiverDispatcher$InnerReceiver: void <init>(android.app.LoadedApk$ReceiverDispatcher,boolean)>",
						"key field: <android.app.LoadedApk$ReceiverDispatcher$InnerReceiver: java.lang.ref.WeakReference mDispatcher>",
						"<android.app.LoadedApk$ReceiverDispatcher$InnerReceiver: void performReceive(android.content.Intent,int,java.lang.String,android.os.Bundle,boolean,boolean,int)>"
					],
					"depth":8,
					"method":"<android.widget.Spinner$DialogPopup: void show(int,int)>",
					"source":"FIELDCALLER"
				},
				{
					"trace":[
						"<android.widget.Spinner$SpinnerPopup: void show(int,int)>",
						"<android.app.Dialog: void show()>",
						"<android.app.SearchDialog: void onStart()>",
						"<android.app.ContextImpl: android.content.Intent registerReceiver(android.content.BroadcastReceiver,android.content.IntentFilter)>",
						"<android.app.ContextImpl: android.content.Intent registerReceiver(android.content.BroadcastReceiver,android.content.IntentFilter,java.lang.String,android.os.Handler)>",
						"<android.app.ContextImpl: android.content.Intent registerReceiverInternal(android.content.BroadcastReceiver,int,android.content.IntentFilter,java.lang.String,android.os.Handler,android.content.Context)>",
						"<android.app.LoadedApk$ReceiverDispatcher: void <init>(android.content.BroadcastReceiver,android.content.Context,android.os.Handler,android.app.Instrumentation,boolean)>",
						"<android.app.LoadedApk$ReceiverDispatcher$InnerReceiver: void <init>(android.app.LoadedApk$ReceiverDispatcher,boolean)>",
						"key field: <android.app.LoadedApk$ReceiverDispatcher$InnerReceiver: java.lang.ref.WeakReference mDispatcher>",
						"<android.app.LoadedApk$ReceiverDispatcher$InnerReceiver: void performReceive(android.content.Intent,int,java.lang.String,android.os.Bundle,boolean,boolean,int)>"
					],
					"depth":8,
					"method":"<android.widget.Spinner$SpinnerPopup: void show(int,int)>",
					"source":"FIELDCALLER"
				},
				{
					"trace":[
						"<android.app.ProgressDialog: android.app.ProgressDialog show(android.content.Context,java.lang.CharSequence,java.lang.CharSequence,boolean,boolean,android.content.DialogInterface$OnCancelListener)>",
						"<android.app.Dialog: void show()>",
						"<android.app.SearchDialog: void onStart()>",
						"<android.app.ContextImpl: android.content.Intent registerReceiver(android.content.BroadcastReceiver,android.content.IntentFilter)>",
						"<android.app.ContextImpl: android.content.Intent registerReceiver(android.content.BroadcastReceiver,android.content.IntentFilter,java.lang.String,android.os.Handler)>",
						"<android.app.ContextImpl: android.content.Intent registerReceiverInternal(android.content.BroadcastReceiver,int,android.content.IntentFilter,java.lang.String,android.os.Handler,android.content.Context)>",
						"<android.app.LoadedApk$ReceiverDispatcher: void <init>(android.content.BroadcastReceiver,android.content.Context,android.os.Handler,android.app.Instrumentation,boolean)>",
						"<android.app.LoadedApk$ReceiverDispatcher$InnerReceiver: void <init>(android.app.LoadedApk$ReceiverDispatcher,boolean)>",
						"key field: <android.app.LoadedApk$ReceiverDispatcher$InnerReceiver: java.lang.ref.WeakReference mDispatcher>",
						"<android.app.LoadedApk$ReceiverDispatcher$InnerReceiver: void performReceive(android.content.Intent,int,java.lang.String,android.os.Bundle,boolean,boolean,int)>"
					],
					"depth":8,
					"method":"<android.app.ProgressDialog: android.app.ProgressDialog show(android.content.Context,java.lang.CharSequence,java.lang.CharSequence,boolean,boolean,android.content.DialogInterface$OnCancelListener)>",
					"source":"FIELDCALLER"
				},
				{
					"trace":[
						"<android.app.Activity: boolean showDialog(int,android.os.Bundle)>",
						"<android.app.Dialog: void show()>",
						"<android.app.SearchDialog: void onStart()>",
						"<android.app.ContextImpl: android.content.Intent registerReceiver(android.content.BroadcastReceiver,android.content.IntentFilter)>",
						"<android.app.ContextImpl: android.content.Intent registerReceiver(android.content.BroadcastReceiver,android.content.IntentFilter,java.lang.String,android.os.Handler)>",
						"<android.app.ContextImpl: android.content.Intent registerReceiverInternal(android.content.BroadcastReceiver,int,android.content.IntentFilter,java.lang.String,android.os.Handler,android.content.Context)>",
						"<android.app.LoadedApk$ReceiverDispatcher: void <init>(android.content.BroadcastReceiver,android.content.Context,android.os.Handler,android.app.Instrumentation,boolean)>",
						"<android.app.LoadedApk$ReceiverDispatcher$InnerReceiver: void <init>(android.app.LoadedApk$ReceiverDispatcher,boolean)>",
						"key field: <android.app.LoadedApk$ReceiverDispatcher$InnerReceiver: java.lang.ref.WeakReference mDispatcher>",
						"<android.app.LoadedApk$ReceiverDispatcher$InnerReceiver: void performReceive(android.content.Intent,int,java.lang.String,android.os.Bundle,boolean,boolean,int)>"
					],
					"depth":8,
					"method":"<android.app.Activity: boolean showDialog(int,android.os.Bundle)>",
					"source":"FIELDCALLER"
				},
				{
					"trace":[
						"<com.android.internal.view.menu.MenuDialogHelper: void show(android.os.IBinder)>",
						"<android.app.Dialog: void show()>",
						"<android.app.SearchDialog: void onStart()>",
						"<android.app.ContextImpl: android.content.Intent registerReceiver(android.content.BroadcastReceiver,android.content.IntentFilter)>",
						"<android.app.ContextImpl: android.content.Intent registerReceiver(android.content.BroadcastReceiver,android.content.IntentFilter,java.lang.String,android.os.Handler)>",
						"<android.app.ContextImpl: android.content.Intent registerReceiverInternal(android.content.BroadcastReceiver,int,android.content.IntentFilter,java.lang.String,android.os.Handler,android.content.Context)>",
						"<android.app.LoadedApk$ReceiverDispatcher: void <init>(android.content.BroadcastReceiver,android.content.Context,android.os.Handler,android.app.Instrumentation,boolean)>",
						"<android.app.LoadedApk$ReceiverDispatcher$InnerReceiver: void <init>(android.app.LoadedApk$ReceiverDispatcher,boolean)>",
						"key field: <android.app.LoadedApk$ReceiverDispatcher$InnerReceiver: java.lang.ref.WeakReference mDispatcher>",
						"<android.app.LoadedApk$ReceiverDispatcher$InnerReceiver: void performReceive(android.content.Intent,int,java.lang.String,android.os.Bundle,boolean,boolean,int)>"
					],
					"depth":8,
					"method":"<com.android.internal.view.menu.MenuDialogHelper: void show(android.os.IBinder)>",
					"source":"FIELDCALLER"
				},
				{
					"trace":[
						"<android.app.Presentation: void show()>",
						"<android.app.Dialog: void show()>",
						"<android.app.SearchDialog: void onStart()>",
						"<android.app.ContextImpl: android.content.Intent registerReceiver(android.content.BroadcastReceiver,android.content.IntentFilter)>",
						"<android.app.ContextImpl: android.content.Intent registerReceiver(android.content.BroadcastReceiver,android.content.IntentFilter,java.lang.String,android.os.Handler)>",
						"<android.app.ContextImpl: android.content.Intent registerReceiverInternal(android.content.BroadcastReceiver,int,android.content.IntentFilter,java.lang.String,android.os.Handler,android.content.Context)>",
						"<android.app.LoadedApk$ReceiverDispatcher: void <init>(android.content.BroadcastReceiver,android.content.Context,android.os.Handler,android.app.Instrumentation,boolean)>",
						"<android.app.LoadedApk$ReceiverDispatcher$InnerReceiver: void <init>(android.app.LoadedApk$ReceiverDispatcher,boolean)>",
						"key field: <android.app.LoadedApk$ReceiverDispatcher$InnerReceiver: java.lang.ref.WeakReference mDispatcher>",
						"<android.app.LoadedApk$ReceiverDispatcher$InnerReceiver: void performReceive(android.content.Intent,int,java.lang.String,android.os.Bundle,boolean,boolean,int)>"
					],
					"depth":8,
					"method":"<android.app.Presentation: void show()>",
					"source":"FIELDCALLER"
				},
				{
					"trace":[
						"<android.app.Dialog: void onRestoreInstanceState(android.os.Bundle)>",
						"<android.app.Dialog: void show()>",
						"<android.app.SearchDialog: void onStart()>",
						"<android.app.ContextImpl: android.content.Intent registerReceiver(android.content.BroadcastReceiver,android.content.IntentFilter)>",
						"<android.app.ContextImpl: android.content.Intent registerReceiver(android.content.BroadcastReceiver,android.content.IntentFilter,java.lang.String,android.os.Handler)>",
						"<android.app.ContextImpl: android.content.Intent registerReceiverInternal(android.content.BroadcastReceiver,int,android.content.IntentFilter,java.lang.String,android.os.Handler,android.content.Context)>",
						"<android.app.LoadedApk$ReceiverDispatcher: void <init>(android.content.BroadcastReceiver,android.content.Context,android.os.Handler,android.app.Instrumentation,boolean)>",
						"<android.app.LoadedApk$ReceiverDispatcher$InnerReceiver: void <init>(android.app.LoadedApk$ReceiverDispatcher,boolean)>",
						"key field: <android.app.LoadedApk$ReceiverDispatcher$InnerReceiver: java.lang.ref.WeakReference mDispatcher>",
						"<android.app.LoadedApk$ReceiverDispatcher$InnerReceiver: void performReceive(android.content.Intent,int,java.lang.String,android.os.Bundle,boolean,boolean,int)>"
					],
					"depth":8,
					"method":"<android.app.Dialog: void onRestoreInstanceState(android.os.Bundle)>",
					"source":"FIELDCALLER"
				},
				{
					"trace":[
						"<android.app.DialogFragment: void onStart()>",
						"<android.app.Dialog: void show()>",
						"<android.app.SearchDialog: void onStart()>",
						"<android.app.ContextImpl: android.content.Intent registerReceiver(android.content.BroadcastReceiver,android.content.IntentFilter)>",
						"<android.app.ContextImpl: android.content.Intent registerReceiver(android.content.BroadcastReceiver,android.content.IntentFilter,java.lang.String,android.os.Handler)>",
						"<android.app.ContextImpl: android.content.Intent registerReceiverInternal(android.content.BroadcastReceiver,int,android.content.IntentFilter,java.lang.String,android.os.Handler,android.content.Context)>",
						"<android.app.LoadedApk$ReceiverDispatcher: void <init>(android.content.BroadcastReceiver,android.content.Context,android.os.Handler,android.app.Instrumentation,boolean)>",
						"<android.app.LoadedApk$ReceiverDispatcher$InnerReceiver: void <init>(android.app.LoadedApk$ReceiverDispatcher,boolean)>",
						"key field: <android.app.LoadedApk$ReceiverDispatcher$InnerReceiver: java.lang.ref.WeakReference mDispatcher>",
						"<android.app.LoadedApk$ReceiverDispatcher$InnerReceiver: void performReceive(android.content.Intent,int,java.lang.String,android.os.Bundle,boolean,boolean,int)>"
					],
					"depth":8,
					"method":"<android.app.DialogFragment: void onStart()>",
					"source":"FIELDCALLER"
				},
				{
					"trace":[
						"<android.app.AlertDialog$Builder: android.app.AlertDialog show()>",
						"<android.app.Dialog: void show()>",
						"<android.app.SearchDialog: void onStart()>",
						"<android.app.ContextImpl: android.content.Intent registerReceiver(android.content.BroadcastReceiver,android.content.IntentFilter)>",
						"<android.app.ContextImpl: android.content.Intent registerReceiver(android.content.BroadcastReceiver,android.content.IntentFilter,java.lang.String,android.os.Handler)>",
						"<android.app.ContextImpl: android.content.Intent registerReceiverInternal(android.content.BroadcastReceiver,int,android.content.IntentFilter,java.lang.String,android.os.Handler,android.content.Context)>",
						"<android.app.LoadedApk$ReceiverDispatcher: void <init>(android.content.BroadcastReceiver,android.content.Context,android.os.Handler,android.app.Instrumentation,boolean)>",
						"<android.app.LoadedApk$ReceiverDispatcher$InnerReceiver: void <init>(android.app.LoadedApk$ReceiverDispatcher,boolean)>",
						"key field: <android.app.LoadedApk$ReceiverDispatcher$InnerReceiver: java.lang.ref.WeakReference mDispatcher>",
						"<android.app.LoadedApk$ReceiverDispatcher$InnerReceiver: void performReceive(android.content.Intent,int,java.lang.String,android.os.Bundle,boolean,boolean,int)>"
					],
					"depth":8,
					"method":"<android.app.AlertDialog$Builder: android.app.AlertDialog show()>",
					"source":"FIELDCALLER"
				}
			],
			"callerOfSingnlar2SourceVar":{
				"<android.app.LoadedApk$ReceiverDispatcher$InnerReceiver: void performReceive(android.content.Intent,int,java.lang.String,android.os.Bundle,boolean,boolean,int)>":"0"
			}
		}
	]
}