{
	"exceptions":[
		{
			"method":"<android.app.TabActivity: void onContentChanged()>",
			"message":"\\QYour content must have a TabHost whose id attribute is 'android.R.id.tabhost'\\E",
			"relatedVarType":"Field",
			"relatedCondType":"Basic",
			"modifier":"public",
			"type":"java.lang.RuntimeException",
			"osVersionRelated":false,
			"resourceRelated":false,
			"assessRelated":false,
			"hardwareRelated":false,
			"manifestRelated":false,
			"conditions":"$r3 != null",
			"fieldValues":"<android.app.TabActivity: android.widget.TabHost mTabHost>",
			"relatedValues":"; <android.app.TabActivity: android.widget.TabHost mTabHost>; ",
			"keyAPISameClassNum":2,
			"keyAPIDiffClassNum":25,
			"keyAPISameClass":[
				{
					"trace":[
						"<android.app.TabActivity: void onContentChanged()>"
					],
					"depth":1,
					"method":"<android.app.TabActivity: void onContentChanged()>",
					"source":"FIELD"
				},
				{
					"trace":[
						"<android.app.TabActivity: void onContentChanged()>"
					],
					"depth":1,
					"method":"<android.app.TabActivity: android.widget.TabWidget getTabWidget()>",
					"source":"FIELD"
				}
			],
			"keyAPIDiffClass":[
				{
					"trace":[
						"<android.app.Activity: void onRestoreInstanceState(android.os.Bundle,android.os.PersistableBundle)>",
						"<android.app.TabActivity: void onRestoreInstanceState(android.os.Bundle)>",
						"key field: <android.app.TabActivity: android.widget.TabHost mTabHost>",
						"<android.app.TabActivity: void onContentChanged()>"
					],
					"depth":2,
					"method":"<android.app.Activity: void onRestoreInstanceState(android.os.Bundle,android.os.PersistableBundle)>",
					"source":"FIELDCALLER"
				},
				{
					"trace":[
						"<android.app.Instrumentation: void callActivityOnPostCreate(android.app.Activity,android.os.Bundle)>",
						"<android.app.TabActivity: void onPostCreate(android.os.Bundle)>",
						"key field: <android.app.TabActivity: android.widget.TabHost mTabHost>",
						"<android.app.TabActivity: void onContentChanged()>"
					],
					"depth":2,
					"method":"<android.app.Instrumentation: void callActivityOnPostCreate(android.app.Activity,android.os.Bundle)>",
					"source":"FIELDCALLER"
				},
				{
					"trace":[
						"<android.app.Activity: void onPostCreate(android.os.Bundle,android.os.PersistableBundle)>",
						"<android.app.TabActivity: void onPostCreate(android.os.Bundle)>",
						"key field: <android.app.TabActivity: android.widget.TabHost mTabHost>",
						"<android.app.TabActivity: void onContentChanged()>"
					],
					"depth":2,
					"method":"<android.app.Activity: void onPostCreate(android.os.Bundle,android.os.PersistableBundle)>",
					"source":"FIELDCALLER"
				},
				{
					"trace":[
						"<android.view.WindowCallbackWrapper: void onContentChanged()>",
						"<android.app.TabActivity: void onContentChanged()>",
						"key field: <android.app.TabActivity: android.widget.TabHost mTabHost>",
						"<android.app.TabActivity: void onContentChanged()>"
					],
					"depth":2,
					"method":"<android.view.WindowCallbackWrapper: void onContentChanged()>",
					"source":"FIELDCALLER"
				},
				{
					"trace":[
						"<android.view.Window$Callback: void onContentChanged()>",
						"<android.app.TabActivity: void onContentChanged()>",
						"key field: <android.app.TabActivity: android.widget.TabHost mTabHost>",
						"<android.app.TabActivity: void onContentChanged()>"
					],
					"depth":2,
					"method":"<android.view.Window$Callback: void onContentChanged()>",
					"source":"FIELDCALLER"
				},
				{
					"trace":[
						"<android.app.Activity: void setTitle(java.lang.CharSequence)>",
						"<android.app.TabActivity: void onChildTitleChanged(android.app.Activity,java.lang.CharSequence)>",
						"key field: <android.app.TabActivity: android.widget.TabHost mTabHost>",
						"<android.app.TabActivity: void onContentChanged()>"
					],
					"depth":2,
					"method":"<android.app.Activity: void setTitle(java.lang.CharSequence)>",
					"source":"FIELDCALLER"
				},
				{
					"trace":[
						"<android.app.Instrumentation: void callActivityOnRestoreInstanceState(android.app.Activity,android.os.Bundle)>",
						"<android.app.Activity: void performRestoreInstanceState(android.os.Bundle)>",
						"<android.app.TabActivity: void onRestoreInstanceState(android.os.Bundle)>",
						"key field: <android.app.TabActivity: android.widget.TabHost mTabHost>",
						"<android.app.TabActivity: void onContentChanged()>"
					],
					"depth":3,
					"method":"<android.app.Instrumentation: void callActivityOnRestoreInstanceState(android.app.Activity,android.os.Bundle)>",
					"source":"FIELDCALLER"
				},
				{
					"trace":[
						"<android.app.Instrumentation: void callActivityOnPostCreate(android.app.Activity,android.os.Bundle,android.os.PersistableBundle)>",
						"<android.app.Activity: void onPostCreate(android.os.Bundle,android.os.PersistableBundle)>",
						"<android.app.TabActivity: void onPostCreate(android.os.Bundle)>",
						"key field: <android.app.TabActivity: android.widget.TabHost mTabHost>",
						"<android.app.TabActivity: void onContentChanged()>"
					],
					"depth":3,
					"method":"<android.app.Instrumentation: void callActivityOnPostCreate(android.app.Activity,android.os.Bundle,android.os.PersistableBundle)>",
					"source":"FIELDCALLER"
				},
				{
					"trace":[
						"<android.app.Instrumentation: void callActivityOnSaveInstanceState(android.app.Activity,android.os.Bundle)>",
						"<android.app.Activity: void performSaveInstanceState(android.os.Bundle)>",
						"<android.app.TabActivity: void onSaveInstanceState(android.os.Bundle)>",
						"key field: <android.app.TabActivity: android.widget.TabHost mTabHost>",
						"<android.app.TabActivity: void onContentChanged()>"
					],
					"depth":3,
					"method":"<android.app.Instrumentation: void callActivityOnSaveInstanceState(android.app.Activity,android.os.Bundle)>",
					"source":"FIELDCALLER"
				},
				{
					"trace":[
						"<android.app.LocalActivityManager: android.os.Bundle saveInstanceState()>",
						"<android.app.Activity: void performSaveInstanceState(android.os.Bundle)>",
						"<android.app.TabActivity: void onSaveInstanceState(android.os.Bundle)>",
						"key field: <android.app.TabActivity: android.widget.TabHost mTabHost>",
						"<android.app.TabActivity: void onContentChanged()>"
					],
					"depth":3,
					"method":"<android.app.LocalActivityManager: android.os.Bundle saveInstanceState()>",
					"source":"FIELDCALLER"
				},
				{
					"trace":[
						"<android.app.LauncherActivity: void setTitle(java.lang.CharSequence)>",
						"<android.app.Activity: void setTitle(java.lang.CharSequence)>",
						"<android.app.TabActivity: void onChildTitleChanged(android.app.Activity,java.lang.CharSequence)>",
						"key field: <android.app.TabActivity: android.widget.TabHost mTabHost>",
						"<android.app.TabActivity: void onContentChanged()>"
					],
					"depth":3,
					"method":"<android.app.LauncherActivity: void setTitle(java.lang.CharSequence)>",
					"source":"FIELDCALLER"
				},
				{
					"trace":[
						"<android.app.Activity: void setTitle(int)>",
						"<android.app.Activity: void setTitle(java.lang.CharSequence)>",
						"<android.app.TabActivity: void onChildTitleChanged(android.app.Activity,java.lang.CharSequence)>",
						"key field: <android.app.TabActivity: android.widget.TabHost mTabHost>",
						"<android.app.TabActivity: void onContentChanged()>"
					],
					"depth":3,
					"method":"<android.app.Activity: void setTitle(int)>",
					"source":"FIELDCALLER"
				},
				{
					"trace":[
						"<android.app.Instrumentation: void callActivityOnRestoreInstanceState(android.app.Activity,android.os.Bundle,android.os.PersistableBundle)>",
						"<android.app.Activity: void performRestoreInstanceState(android.os.Bundle,android.os.PersistableBundle)>",
						"<android.app.Activity: void onRestoreInstanceState(android.os.Bundle,android.os.PersistableBundle)>",
						"<android.app.TabActivity: void onRestoreInstanceState(android.os.Bundle)>",
						"key field: <android.app.TabActivity: android.widget.TabHost mTabHost>",
						"<android.app.TabActivity: void onContentChanged()>"
					],
					"depth":4,
					"method":"<android.app.Instrumentation: void callActivityOnRestoreInstanceState(android.app.Activity,android.os.Bundle,android.os.PersistableBundle)>",
					"source":"FIELDCALLER"
				},
				{
					"trace":[
						"<android.app.LauncherActivity: void setTitle(int)>",
						"<android.app.Activity: void setTitle(int)>",
						"<android.app.Activity: void setTitle(java.lang.CharSequence)>",
						"<android.app.TabActivity: void onChildTitleChanged(android.app.Activity,java.lang.CharSequence)>",
						"key field: <android.app.TabActivity: android.widget.TabHost mTabHost>",
						"<android.app.TabActivity: void onContentChanged()>"
					],
					"depth":4,
					"method":"<android.app.LauncherActivity: void setTitle(int)>",
					"source":"FIELDCALLER"
				},
				{
					"trace":[
						"<android.app.ActivityThread: android.app.Activity startActivityNow(android.app.Activity,java.lang.String,android.content.Intent,android.content.pm.ActivityInfo,android.os.IBinder,android.os.Bundle,android.app.Activity$NonConfigurationInstances)>",
						"<android.app.ActivityThread: android.app.Activity performLaunchActivity(android.app.ActivityThread$ActivityClientRecord,android.content.Intent)>",
						"<android.app.Instrumentation: void callActivityOnRestoreInstanceState(android.app.Activity,android.os.Bundle)>",
						"<android.app.Activity: void performRestoreInstanceState(android.os.Bundle)>",
						"<android.app.TabActivity: void onRestoreInstanceState(android.os.Bundle)>",
						"key field: <android.app.TabActivity: android.widget.TabHost mTabHost>",
						"<android.app.TabActivity: void onContentChanged()>"
					],
					"depth":5,
					"method":"<android.app.ActivityThread: android.app.Activity startActivityNow(android.app.Activity,java.lang.String,android.content.Intent,android.content.pm.ActivityInfo,android.os.IBinder,android.os.Bundle,android.app.Activity$NonConfigurationInstances)>",
					"source":"FIELDCALLER"
				},
				{
					"trace":[
						"<android.app.Activity: void onSaveInstanceState(android.os.Bundle,android.os.PersistableBundle)>",
						"<android.app.ActivityGroup: void onSaveInstanceState(android.os.Bundle)>",
						"<android.app.LocalActivityManager: android.os.Bundle saveInstanceState()>",
						"<android.app.Activity: void performSaveInstanceState(android.os.Bundle)>",
						"<android.app.TabActivity: void onSaveInstanceState(android.os.Bundle)>",
						"key field: <android.app.TabActivity: android.widget.TabHost mTabHost>",
						"<android.app.TabActivity: void onContentChanged()>"
					],
					"depth":5,
					"method":"<android.app.Activity: void onSaveInstanceState(android.os.Bundle,android.os.PersistableBundle)>",
					"source":"FIELDCALLER"
				},
				{
					"trace":[
						"<android.app.ActivityThread$H: void handleMessage(android.os.Message)>",
						"<android.app.ActivityThread: void access$1100(android.app.ActivityThread,android.app.ActivityThread$ActivityClientRecord,android.content.Intent,java.lang.String)>",
						"<android.app.ActivityThread: void handleLaunchActivity(android.app.ActivityThread$ActivityClientRecord,android.content.Intent,java.lang.String)>",
						"<android.app.ActivityThread: android.app.Activity performLaunchActivity(android.app.ActivityThread$ActivityClientRecord,android.content.Intent)>",
						"<android.app.Instrumentation: void callActivityOnRestoreInstanceState(android.app.Activity,android.os.Bundle)>",
						"<android.app.Activity: void performRestoreInstanceState(android.os.Bundle)>",
						"<android.app.TabActivity: void onRestoreInstanceState(android.os.Bundle)>",
						"key field: <android.app.TabActivity: android.widget.TabHost mTabHost>",
						"<android.app.TabActivity: void onContentChanged()>"
					],
					"depth":7,
					"method":"<android.app.ActivityThread$H: void handleMessage(android.os.Message)>",
					"source":"FIELDCALLER"
				},
				{
					"trace":[
						"<android.app.LocalActivityManager: android.view.Window startActivity(java.lang.String,android.content.Intent)>",
						"<android.app.LocalActivityManager: void moveToState(android.app.LocalActivityManager$LocalActivityRecord,int)>",
						"<android.app.ActivityThread: android.app.Activity startActivityNow(android.app.Activity,java.lang.String,android.content.Intent,android.content.pm.ActivityInfo,android.os.IBinder,android.os.Bundle,android.app.Activity$NonConfigurationInstances)>",
						"<android.app.ActivityThread: android.app.Activity performLaunchActivity(android.app.ActivityThread$ActivityClientRecord,android.content.Intent)>",
						"<android.app.Instrumentation: void callActivityOnRestoreInstanceState(android.app.Activity,android.os.Bundle)>",
						"<android.app.Activity: void performRestoreInstanceState(android.os.Bundle)>",
						"<android.app.TabActivity: void onRestoreInstanceState(android.os.Bundle)>",
						"key field: <android.app.TabActivity: android.widget.TabHost mTabHost>",
						"<android.app.TabActivity: void onContentChanged()>"
					],
					"depth":7,
					"method":"<android.app.LocalActivityManager: android.view.Window startActivity(java.lang.String,android.content.Intent)>",
					"source":"FIELDCALLER"
				},
				{
					"trace":[
						"<android.app.LocalActivityManager: void dispatchResume()>",
						"<android.app.LocalActivityManager: void moveToState(android.app.LocalActivityManager$LocalActivityRecord,int)>",
						"<android.app.ActivityThread: android.app.Activity startActivityNow(android.app.Activity,java.lang.String,android.content.Intent,android.content.pm.ActivityInfo,android.os.IBinder,android.os.Bundle,android.app.Activity$NonConfigurationInstances)>",
						"<android.app.ActivityThread: android.app.Activity performLaunchActivity(android.app.ActivityThread$ActivityClientRecord,android.content.Intent)>",
						"<android.app.Instrumentation: void callActivityOnRestoreInstanceState(android.app.Activity,android.os.Bundle)>",
						"<android.app.Activity: void performRestoreInstanceState(android.os.Bundle)>",
						"<android.app.TabActivity: void onRestoreInstanceState(android.os.Bundle)>",
						"key field: <android.app.TabActivity: android.widget.TabHost mTabHost>",
						"<android.app.TabActivity: void onContentChanged()>"
					],
					"depth":7,
					"method":"<android.app.LocalActivityManager: void dispatchResume()>",
					"source":"FIELDCALLER"
				},
				{
					"trace":[
						"<android.app.LocalActivityManager: void dispatchPause(boolean)>",
						"<android.app.LocalActivityManager: void moveToState(android.app.LocalActivityManager$LocalActivityRecord,int)>",
						"<android.app.ActivityThread: android.app.Activity startActivityNow(android.app.Activity,java.lang.String,android.content.Intent,android.content.pm.ActivityInfo,android.os.IBinder,android.os.Bundle,android.app.Activity$NonConfigurationInstances)>",
						"<android.app.ActivityThread: android.app.Activity performLaunchActivity(android.app.ActivityThread$ActivityClientRecord,android.content.Intent)>",
						"<android.app.Instrumentation: void callActivityOnRestoreInstanceState(android.app.Activity,android.os.Bundle)>",
						"<android.app.Activity: void performRestoreInstanceState(android.os.Bundle)>",
						"<android.app.TabActivity: void onRestoreInstanceState(android.os.Bundle)>",
						"key field: <android.app.TabActivity: android.widget.TabHost mTabHost>",
						"<android.app.TabActivity: void onContentChanged()>"
					],
					"depth":7,
					"method":"<android.app.LocalActivityManager: void dispatchPause(boolean)>",
					"source":"FIELDCALLER"
				},
				{
					"trace":[
						"<android.app.LocalActivityManager: void dispatchStop()>",
						"<android.app.LocalActivityManager: void moveToState(android.app.LocalActivityManager$LocalActivityRecord,int)>",
						"<android.app.ActivityThread: android.app.Activity startActivityNow(android.app.Activity,java.lang.String,android.content.Intent,android.content.pm.ActivityInfo,android.os.IBinder,android.os.Bundle,android.app.Activity$NonConfigurationInstances)>",
						"<android.app.ActivityThread: android.app.Activity performLaunchActivity(android.app.ActivityThread$ActivityClientRecord,android.content.Intent)>",
						"<android.app.Instrumentation: void callActivityOnRestoreInstanceState(android.app.Activity,android.os.Bundle)>",
						"<android.app.Activity: void performRestoreInstanceState(android.os.Bundle)>",
						"<android.app.TabActivity: void onRestoreInstanceState(android.os.Bundle)>",
						"key field: <android.app.TabActivity: android.widget.TabHost mTabHost>",
						"<android.app.TabActivity: void onContentChanged()>"
					],
					"depth":7,
					"method":"<android.app.LocalActivityManager: void dispatchStop()>",
					"source":"FIELDCALLER"
				},
				{
					"trace":[
						"<android.app.Instrumentation: void callActivityOnSaveInstanceState(android.app.Activity,android.os.Bundle,android.os.PersistableBundle)>",
						"<android.app.Activity: void performSaveInstanceState(android.os.Bundle,android.os.PersistableBundle)>",
						"<android.app.Activity: void onSaveInstanceState(android.os.Bundle,android.os.PersistableBundle)>",
						"<android.app.ActivityGroup: void onSaveInstanceState(android.os.Bundle)>",
						"<android.app.LocalActivityManager: android.os.Bundle saveInstanceState()>",
						"<android.app.Activity: void performSaveInstanceState(android.os.Bundle)>",
						"<android.app.TabActivity: void onSaveInstanceState(android.os.Bundle)>",
						"key field: <android.app.TabActivity: android.widget.TabHost mTabHost>",
						"<android.app.TabActivity: void onContentChanged()>"
					],
					"depth":7,
					"method":"<android.app.Instrumentation: void callActivityOnSaveInstanceState(android.app.Activity,android.os.Bundle,android.os.PersistableBundle)>",
					"source":"FIELDCALLER"
				},
				{
					"trace":[
						"<android.hardware.camera2.legacy.RequestThreadManager$5: boolean handleMessage(android.os.Message)>",
						"<android.app.ActivityThread$H: void handleMessage(android.os.Message)>",
						"<android.app.ActivityThread: void access$1100(android.app.ActivityThread,android.app.ActivityThread$ActivityClientRecord,android.content.Intent,java.lang.String)>",
						"<android.app.ActivityThread: void handleLaunchActivity(android.app.ActivityThread$ActivityClientRecord,android.content.Intent,java.lang.String)>",
						"<android.app.ActivityThread: android.app.Activity performLaunchActivity(android.app.ActivityThread$ActivityClientRecord,android.content.Intent)>",
						"<android.app.Instrumentation: void callActivityOnRestoreInstanceState(android.app.Activity,android.os.Bundle)>",
						"<android.app.Activity: void performRestoreInstanceState(android.os.Bundle)>",
						"<android.app.TabActivity: void onRestoreInstanceState(android.os.Bundle)>",
						"key field: <android.app.TabActivity: android.widget.TabHost mTabHost>",
						"<android.app.TabActivity: void onContentChanged()>"
					],
					"depth":8,
					"method":"<android.hardware.camera2.legacy.RequestThreadManager$5: boolean handleMessage(android.os.Message)>",
					"source":"FIELDCALLER"
				},
				{
					"trace":[
						"<android.os.Handler$Callback: boolean handleMessage(android.os.Message)>",
						"<android.app.ActivityThread$H: void handleMessage(android.os.Message)>",
						"<android.app.ActivityThread: void access$1100(android.app.ActivityThread,android.app.ActivityThread$ActivityClientRecord,android.content.Intent,java.lang.String)>",
						"<android.app.ActivityThread: void handleLaunchActivity(android.app.ActivityThread$ActivityClientRecord,android.content.Intent,java.lang.String)>",
						"<android.app.ActivityThread: android.app.Activity performLaunchActivity(android.app.ActivityThread$ActivityClientRecord,android.content.Intent)>",
						"<android.app.Instrumentation: void callActivityOnRestoreInstanceState(android.app.Activity,android.os.Bundle)>",
						"<android.app.Activity: void performRestoreInstanceState(android.os.Bundle)>",
						"<android.app.TabActivity: void onRestoreInstanceState(android.os.Bundle)>",
						"key field: <android.app.TabActivity: android.widget.TabHost mTabHost>",
						"<android.app.TabActivity: void onContentChanged()>"
					],
					"depth":8,
					"method":"<android.os.Handler$Callback: boolean handleMessage(android.os.Message)>",
					"source":"FIELDCALLER"
				},
				{
					"trace":[
						"<android.widget.Filter$RequestHandler: void handleMessage(android.os.Message)>",
						"<android.app.ActivityThread$H: void handleMessage(android.os.Message)>",
						"<android.app.ActivityThread: void access$1100(android.app.ActivityThread,android.app.ActivityThread$ActivityClientRecord,android.content.Intent,java.lang.String)>",
						"<android.app.ActivityThread: void handleLaunchActivity(android.app.ActivityThread$ActivityClientRecord,android.content.Intent,java.lang.String)>",
						"<android.app.ActivityThread: android.app.Activity performLaunchActivity(android.app.ActivityThread$ActivityClientRecord,android.content.Intent)>",
						"<android.app.Instrumentation: void callActivityOnRestoreInstanceState(android.app.Activity,android.os.Bundle)>",
						"<android.app.Activity: void performRestoreInstanceState(android.os.Bundle)>",
						"<android.app.TabActivity: void onRestoreInstanceState(android.os.Bundle)>",
						"key field: <android.app.TabActivity: android.widget.TabHost mTabHost>",
						"<android.app.TabActivity: void onContentChanged()>"
					],
					"depth":8,
					"method":"<android.widget.Filter$RequestHandler: void handleMessage(android.os.Message)>",
					"source":"FIELDCALLER"
				}
			],
			"callerOfSingnlar2SourceVar":{}
		}
	]
}