{
	"exceptions":[
		{
			"method":"<android.hardware.hdmi.HdmiTvClient: void deviceSelect(int,android.hardware.hdmi.HdmiTvClient$SelectCallback)>",
			"message":"\\Qcallback must not be null.\\E",
			"relatedVarType":"Parameter",
			"relatedCondType":"Basic",
			"modifier":"public",
			"type":"java.lang.IllegalArgumentException",
			"osVersionRelated":false,
			"resourceRelated":false,
			"assessRelated":false,
			"hardwareRelated":true,
			"manifestRelated":false,
			"conditions":"r0 != null",
			"paramValues":"@parameter1: android.hardware.hdmi.HdmiTvClient$SelectCallback",
			"relatedValues":"@parameter1: android.hardware.hdmi.HdmiTvClient$SelectCallback; ; ",
			"keyAPISameClassNum":0,
			"keyAPIDiffClassNum":0,
			"keyAPISameClass":[
				{
					"trace":[
						"<android.hardware.hdmi.HdmiTvClient: void deviceSelect(int,android.hardware.hdmi.HdmiTvClient$SelectCallback)>"
					],
					"depth":0,
					"method":"<android.hardware.hdmi.HdmiTvClient: void deviceSelect(int,android.hardware.hdmi.HdmiTvClient$SelectCallback)>",
					"source":"CALLER"
				}
			],
			"keyAPIDiffClass":[],
			"callerOfSingnlar2SourceVar":{
				"<android.hardware.hdmi.HdmiTvClient: void deviceSelect(int,android.hardware.hdmi.HdmiTvClient$SelectCallback)>":"1"
			}
		},
		{
			"method":"<android.hardware.hdmi.HdmiTvClient: void portSelect(int,android.hardware.hdmi.HdmiTvClient$SelectCallback)>",
			"message":"\\QCallback must not be null\\E",
			"relatedVarType":"Parameter",
			"relatedCondType":"Basic",
			"modifier":"public",
			"type":"java.lang.IllegalArgumentException",
			"osVersionRelated":false,
			"resourceRelated":false,
			"assessRelated":false,
			"hardwareRelated":true,
			"manifestRelated":false,
			"conditions":"r0 != null",
			"paramValues":"@parameter1: android.hardware.hdmi.HdmiTvClient$SelectCallback",
			"relatedValues":"@parameter1: android.hardware.hdmi.HdmiTvClient$SelectCallback; ; ",
			"keyAPISameClassNum":0,
			"keyAPIDiffClassNum":0,
			"keyAPISameClass":[
				{
					"trace":[
						"<android.hardware.hdmi.HdmiTvClient: void portSelect(int,android.hardware.hdmi.HdmiTvClient$SelectCallback)>"
					],
					"depth":0,
					"method":"<android.hardware.hdmi.HdmiTvClient: void portSelect(int,android.hardware.hdmi.HdmiTvClient$SelectCallback)>",
					"source":"CALLER"
				}
			],
			"keyAPIDiffClass":[],
			"callerOfSingnlar2SourceVar":{
				"<android.hardware.hdmi.HdmiTvClient: void portSelect(int,android.hardware.hdmi.HdmiTvClient$SelectCallback)>":"1"
			}
		},
		{
			"method":"<android.hardware.hdmi.HdmiTvClient: void setInputChangeListener(android.hardware.hdmi.HdmiTvClient$InputChangeListener)>",
			"message":"\\Qlistener must not be null.\\E",
			"relatedVarType":"Parameter",
			"relatedCondType":"Basic",
			"modifier":"public",
			"type":"java.lang.IllegalArgumentException",
			"osVersionRelated":false,
			"resourceRelated":false,
			"assessRelated":false,
			"hardwareRelated":true,
			"manifestRelated":false,
			"conditions":"r0 != null",
			"paramValues":"@parameter0: android.hardware.hdmi.HdmiTvClient$InputChangeListener",
			"relatedValues":"@parameter0: android.hardware.hdmi.HdmiTvClient$InputChangeListener; ; ",
			"keyAPISameClassNum":0,
			"keyAPIDiffClassNum":0,
			"keyAPISameClass":[
				{
					"trace":[
						"<android.hardware.hdmi.HdmiTvClient: void setInputChangeListener(android.hardware.hdmi.HdmiTvClient$InputChangeListener)>"
					],
					"depth":0,
					"method":"<android.hardware.hdmi.HdmiTvClient: void setInputChangeListener(android.hardware.hdmi.HdmiTvClient$InputChangeListener)>",
					"source":"CALLER"
				}
			],
			"keyAPIDiffClass":[],
			"callerOfSingnlar2SourceVar":{
				"<android.hardware.hdmi.HdmiTvClient: void setInputChangeListener(android.hardware.hdmi.HdmiTvClient$InputChangeListener)>":"0"
			}
		},
		{
			"method":"<android.hardware.hdmi.HdmiTvClient: void setRecordListener(android.hardware.hdmi.HdmiRecordListener)>",
			"message":"\\Qlistener must not be null.\\E",
			"relatedVarType":"Parameter",
			"relatedCondType":"Basic",
			"modifier":"public",
			"type":"java.lang.IllegalArgumentException",
			"osVersionRelated":false,
			"resourceRelated":false,
			"assessRelated":false,
			"hardwareRelated":true,
			"manifestRelated":false,
			"conditions":"r0 != null",
			"paramValues":"@parameter0: android.hardware.hdmi.HdmiRecordListener",
			"relatedValues":"@parameter0: android.hardware.hdmi.HdmiRecordListener; ; ",
			"keyAPISameClassNum":0,
			"keyAPIDiffClassNum":0,
			"keyAPISameClass":[
				{
					"trace":[
						"<android.hardware.hdmi.HdmiTvClient: void setRecordListener(android.hardware.hdmi.HdmiRecordListener)>"
					],
					"depth":0,
					"method":"<android.hardware.hdmi.HdmiTvClient: void setRecordListener(android.hardware.hdmi.HdmiRecordListener)>",
					"source":"CALLER"
				}
			],
			"keyAPIDiffClass":[],
			"callerOfSingnlar2SourceVar":{
				"<android.hardware.hdmi.HdmiTvClient: void setRecordListener(android.hardware.hdmi.HdmiRecordListener)>":"0"
			}
		},
		{
			"method":"<android.hardware.hdmi.HdmiTvClient: void startOneTouchRecord(int,android.hardware.hdmi.HdmiRecordSources$RecordSource)>",
			"message":"\\Qsource must not be null.\\E",
			"relatedVarType":"Parameter",
			"relatedCondType":"Basic",
			"modifier":"public",
			"type":"java.lang.IllegalArgumentException",
			"osVersionRelated":false,
			"resourceRelated":false,
			"assessRelated":false,
			"hardwareRelated":true,
			"manifestRelated":false,
			"conditions":"r0 != null",
			"paramValues":"@parameter1: android.hardware.hdmi.HdmiRecordSources$RecordSource",
			"relatedValues":"@parameter1: android.hardware.hdmi.HdmiRecordSources$RecordSource; ; ",
			"keyAPISameClassNum":0,
			"keyAPIDiffClassNum":0,
			"keyAPISameClass":[
				{
					"trace":[
						"<android.hardware.hdmi.HdmiTvClient: void startOneTouchRecord(int,android.hardware.hdmi.HdmiRecordSources$RecordSource)>"
					],
					"depth":0,
					"method":"<android.hardware.hdmi.HdmiTvClient: void startOneTouchRecord(int,android.hardware.hdmi.HdmiRecordSources$RecordSource)>",
					"source":"CALLER"
				}
			],
			"keyAPIDiffClass":[],
			"callerOfSingnlar2SourceVar":{
				"<android.hardware.hdmi.HdmiTvClient: void startOneTouchRecord(int,android.hardware.hdmi.HdmiRecordSources$RecordSource)>":"1"
			}
		},
		{
			"method":"<android.hardware.hdmi.HdmiTvClient: void startTimerRecording(int,int,android.hardware.hdmi.HdmiTimerRecordSources$TimerRecordSource)>",
			"message":"\\Qsource must not be null.\\E",
			"relatedVarType":"Parameter",
			"relatedCondType":"Basic",
			"modifier":"public",
			"type":"java.lang.IllegalArgumentException",
			"osVersionRelated":false,
			"resourceRelated":false,
			"assessRelated":false,
			"hardwareRelated":true,
			"manifestRelated":false,
			"conditions":"r0 != null",
			"paramValues":"@parameter2: android.hardware.hdmi.HdmiTimerRecordSources$TimerRecordSource",
			"relatedValues":"@parameter2: android.hardware.hdmi.HdmiTimerRecordSources$TimerRecordSource; ; ",
			"keyAPISameClassNum":0,
			"keyAPIDiffClassNum":0,
			"keyAPISameClass":[
				{
					"trace":[
						"<android.hardware.hdmi.HdmiTvClient: void startTimerRecording(int,int,android.hardware.hdmi.HdmiTimerRecordSources$TimerRecordSource)>"
					],
					"depth":0,
					"method":"<android.hardware.hdmi.HdmiTvClient: void startTimerRecording(int,int,android.hardware.hdmi.HdmiTimerRecordSources$TimerRecordSource)>",
					"source":"CALLER"
				}
			],
			"keyAPIDiffClass":[],
			"callerOfSingnlar2SourceVar":{
				"<android.hardware.hdmi.HdmiTvClient: void startTimerRecording(int,int,android.hardware.hdmi.HdmiTimerRecordSources$TimerRecordSource)>":"2"
			}
		},
		{
			"method":"<android.hardware.hdmi.HdmiTvClient: void checkTimerRecordingSourceType(int)>",
			"message":"\\QInvalid source type:\\E[\\s\\S]*",
			"relatedVarType":"Parameter",
			"relatedCondType":"Basic",
			"modifier":"private",
			"type":"java.lang.IllegalArgumentException",
			"osVersionRelated":false,
			"resourceRelated":false,
			"assessRelated":false,
			"hardwareRelated":true,
			"manifestRelated":false,
			"conditions":"i0",
			"paramValues":"@parameter0: int",
			"relatedValues":"@parameter0: int; ; ",
			"keyAPISameClassNum":0,
			"keyAPIDiffClassNum":0,
			"keyAPISameClass":[
				{
					"trace":[
						"<android.hardware.hdmi.HdmiTvClient: void checkTimerRecordingSourceType(int)>"
					],
					"depth":0,
					"method":"<android.hardware.hdmi.HdmiTvClient: void checkTimerRecordingSourceType(int)>",
					"source":"CALLER"
				},
				{
					"trace":[
						"<android.hardware.hdmi.HdmiTvClient: void startTimerRecording(int,int,android.hardware.hdmi.HdmiTimerRecordSources$TimerRecordSource)>",
						"<android.hardware.hdmi.HdmiTvClient: void checkTimerRecordingSourceType(int)>"
					],
					"depth":1,
					"method":"<android.hardware.hdmi.HdmiTvClient: void startTimerRecording(int,int,android.hardware.hdmi.HdmiTimerRecordSources$TimerRecordSource)>",
					"source":"CALLER"
				},
				{
					"trace":[
						"<android.hardware.hdmi.HdmiTvClient: void clearTimerRecording(int,int,android.hardware.hdmi.HdmiTimerRecordSources$TimerRecordSource)>",
						"<android.hardware.hdmi.HdmiTvClient: void checkTimerRecordingSourceType(int)>"
					],
					"depth":1,
					"method":"<android.hardware.hdmi.HdmiTvClient: void clearTimerRecording(int,int,android.hardware.hdmi.HdmiTimerRecordSources$TimerRecordSource)>",
					"source":"CALLER"
				}
			],
			"keyAPIDiffClass":[],
			"callerOfSingnlar2SourceVar":{
				"<android.hardware.hdmi.HdmiTvClient: void clearTimerRecording(int,int,android.hardware.hdmi.HdmiTimerRecordSources$TimerRecordSource)>":"1",
				"<android.hardware.hdmi.HdmiTvClient: void startTimerRecording(int,int,android.hardware.hdmi.HdmiTimerRecordSources$TimerRecordSource)>":"1",
				"<android.hardware.hdmi.HdmiTvClient: void checkTimerRecordingSourceType(int)>":"0"
			}
		},
		{
			"method":"<android.hardware.hdmi.HdmiTvClient: void clearTimerRecording(int,int,android.hardware.hdmi.HdmiTimerRecordSources$TimerRecordSource)>",
			"message":"\\Qsource must not be null.\\E",
			"relatedVarType":"Parameter",
			"relatedCondType":"Basic",
			"modifier":"public",
			"type":"java.lang.IllegalArgumentException",
			"osVersionRelated":false,
			"resourceRelated":false,
			"assessRelated":false,
			"hardwareRelated":true,
			"manifestRelated":false,
			"conditions":"r0 != null",
			"paramValues":"@parameter2: android.hardware.hdmi.HdmiTimerRecordSources$TimerRecordSource",
			"relatedValues":"@parameter2: android.hardware.hdmi.HdmiTimerRecordSources$TimerRecordSource; ; ",
			"keyAPISameClassNum":0,
			"keyAPIDiffClassNum":0,
			"keyAPISameClass":[
				{
					"trace":[
						"<android.hardware.hdmi.HdmiTvClient: void clearTimerRecording(int,int,android.hardware.hdmi.HdmiTimerRecordSources$TimerRecordSource)>"
					],
					"depth":0,
					"method":"<android.hardware.hdmi.HdmiTvClient: void clearTimerRecording(int,int,android.hardware.hdmi.HdmiTimerRecordSources$TimerRecordSource)>",
					"source":"CALLER"
				}
			],
			"keyAPIDiffClass":[],
			"callerOfSingnlar2SourceVar":{
				"<android.hardware.hdmi.HdmiTvClient: void clearTimerRecording(int,int,android.hardware.hdmi.HdmiTimerRecordSources$TimerRecordSource)>":"2"
			}
		},
		{
			"method":"<android.hardware.hdmi.HdmiTvClient: void setHdmiMhlVendorCommandListener(android.hardware.hdmi.HdmiTvClient$HdmiMhlVendorCommandListener)>",
			"message":"\\Qlistener must not be null.\\E",
			"relatedVarType":"Parameter",
			"relatedCondType":"Basic",
			"modifier":"public",
			"type":"java.lang.IllegalArgumentException",
			"osVersionRelated":false,
			"resourceRelated":false,
			"assessRelated":false,
			"hardwareRelated":true,
			"manifestRelated":false,
			"conditions":"r0 != null",
			"paramValues":"@parameter0: android.hardware.hdmi.HdmiTvClient$HdmiMhlVendorCommandListener",
			"relatedValues":"@parameter0: android.hardware.hdmi.HdmiTvClient$HdmiMhlVendorCommandListener; ; ",
			"keyAPISameClassNum":0,
			"keyAPIDiffClassNum":0,
			"keyAPISameClass":[
				{
					"trace":[
						"<android.hardware.hdmi.HdmiTvClient: void setHdmiMhlVendorCommandListener(android.hardware.hdmi.HdmiTvClient$HdmiMhlVendorCommandListener)>"
					],
					"depth":0,
					"method":"<android.hardware.hdmi.HdmiTvClient: void setHdmiMhlVendorCommandListener(android.hardware.hdmi.HdmiTvClient$HdmiMhlVendorCommandListener)>",
					"source":"CALLER"
				}
			],
			"keyAPIDiffClass":[],
			"callerOfSingnlar2SourceVar":{
				"<android.hardware.hdmi.HdmiTvClient: void setHdmiMhlVendorCommandListener(android.hardware.hdmi.HdmiTvClient$HdmiMhlVendorCommandListener)>":"0"
			}
		},
		{
			"method":"<android.hardware.hdmi.HdmiTvClient: void sendMhlVendorCommand(int,int,int,byte[])>",
			"message":"\\QInvalid length:\\E[\\s\\S]*",
			"relatedVarType":"Parameter",
			"relatedCondType":"Basic",
			"modifier":"public",
			"type":"java.lang.IllegalArgumentException",
			"osVersionRelated":false,
			"resourceRelated":false,
			"assessRelated":false,
			"hardwareRelated":true,
			"manifestRelated":false,
			"conditions":"i2 < 0, i1 < 16, i1 < 0",
			"paramValues":"@parameter2: int, @parameter1: int",
			"relatedValues":"@parameter2: int, @parameter1: int; ; ",
			"keyAPISameClassNum":0,
			"keyAPIDiffClassNum":0,
			"keyAPISameClass":[
				{
					"trace":[
						"<android.hardware.hdmi.HdmiTvClient: void sendMhlVendorCommand(int,int,int,byte[])>"
					],
					"depth":0,
					"method":"<android.hardware.hdmi.HdmiTvClient: void sendMhlVendorCommand(int,int,int,byte[])>",
					"source":"CALLER"
				}
			],
			"keyAPIDiffClass":[],
			"callerOfSingnlar2SourceVar":{
				"<android.hardware.hdmi.HdmiTvClient: void sendMhlVendorCommand(int,int,int,byte[])>":"2, 1"
			}
		},
		{
			"method":"<android.hardware.hdmi.HdmiTvClient: void sendMhlVendorCommand(int,int,int,byte[])>",
			"message":"\\QInvalid vendor command data.\\E",
			"relatedVarType":"Parameter",
			"relatedCondType":"Basic",
			"modifier":"public",
			"type":"java.lang.IllegalArgumentException",
			"osVersionRelated":false,
			"resourceRelated":false,
			"assessRelated":false,
			"hardwareRelated":true,
			"manifestRelated":false,
			"conditions":"r0 == null, $i0 == 16",
			"paramValues":"@parameter3: byte[]",
			"relatedValues":"@parameter3: byte[]; ; ",
			"keyAPISameClassNum":0,
			"keyAPIDiffClassNum":0,
			"keyAPISameClass":[
				{
					"trace":[
						"<android.hardware.hdmi.HdmiTvClient: void sendMhlVendorCommand(int,int,int,byte[])>"
					],
					"depth":0,
					"method":"<android.hardware.hdmi.HdmiTvClient: void sendMhlVendorCommand(int,int,int,byte[])>",
					"source":"CALLER"
				}
			],
			"keyAPIDiffClass":[],
			"callerOfSingnlar2SourceVar":{
				"<android.hardware.hdmi.HdmiTvClient: void sendMhlVendorCommand(int,int,int,byte[])>":"3"
			}
		},
		{
			"method":"<android.hardware.hdmi.HdmiTvClient: void sendMhlVendorCommand(int,int,int,byte[])>",
			"message":"\\QInvalid offset:\\E[\\s\\S]*",
			"relatedVarType":"Parameter",
			"relatedCondType":"Basic",
			"modifier":"public",
			"type":"java.lang.IllegalArgumentException",
			"osVersionRelated":false,
			"resourceRelated":false,
			"assessRelated":false,
			"hardwareRelated":true,
			"manifestRelated":false,
			"conditions":"i1 < 0, $i0 == 16, r0 == null",
			"paramValues":"@parameter1: int, @parameter3: byte[]",
			"relatedValues":"@parameter1: int, @parameter3: byte[]; ; ",
			"keyAPISameClassNum":0,
			"keyAPIDiffClassNum":0,
			"keyAPISameClass":[
				{
					"trace":[
						"<android.hardware.hdmi.HdmiTvClient: void sendMhlVendorCommand(int,int,int,byte[])>"
					],
					"depth":0,
					"method":"<android.hardware.hdmi.HdmiTvClient: void sendMhlVendorCommand(int,int,int,byte[])>",
					"source":"CALLER"
				}
			],
			"keyAPIDiffClass":[],
			"callerOfSingnlar2SourceVar":{
				"<android.hardware.hdmi.HdmiTvClient: void sendMhlVendorCommand(int,int,int,byte[])>":"1, 3"
			}
		}
	]
}