{
	"exceptions":[
		{
			"method":"<android.hardware.hdmi.HdmiRecordListener$TimerStatusData: int getProgrammedInfo()>",
			"message":"\\QNo programmed info. Call getNotProgammedError() instead.\\E",
			"relatedVarType":"Unknown",
			"relatedCondType":"Basic",
			"modifier":"public",
			"type":"java.lang.IllegalStateException",
			"osVersionRelated":false,
			"resourceRelated":false,
			"assessRelated":false,
			"hardwareRelated":true,
			"manifestRelated":false,
			"conditions":"$z0 != 0",
			"keyAPISameClassNum":0,
			"keyAPIDiffClassNum":0,
			"keyAPISameClass":[],
			"keyAPIDiffClass":[],
			"callerOfSingnlar2SourceVar":{}
		},
		{
			"method":"<android.hardware.hdmi.HdmiRecordListener$TimerStatusData: int getNotProgammedError()>",
			"message":"\\QHas no not-programmed error. Call getProgrammedInfo() instead.\\E",
			"relatedVarType":"Unknown",
			"relatedCondType":"Basic",
			"modifier":"public",
			"type":"java.lang.IllegalStateException",
			"osVersionRelated":false,
			"resourceRelated":false,
			"assessRelated":false,
			"hardwareRelated":true,
			"manifestRelated":false,
			"conditions":"$z0 == 0",
			"keyAPISameClassNum":0,
			"keyAPIDiffClassNum":0,
			"keyAPISameClass":[],
			"keyAPIDiffClass":[],
			"callerOfSingnlar2SourceVar":{}
		}
	]
}