{
	"exceptions":[
		{
			"method":"<android.hardware.Camera: android.hardware.Camera openLegacy(int,int)>",
			"message":"\\QInvalid HAL version \\E[\\s\\S]*",
			"relatedVarType":"Parameter",
			"relatedCondType":"Basic",
			"modifier":"public",
			"type":"java.lang.IllegalArgumentException",
			"osVersionRelated":false,
			"resourceRelated":false,
			"assessRelated":false,
			"hardwareRelated":true,
			"manifestRelated":false,
			"conditions":"i0 >= 256",
			"paramValues":"@parameter1: int",
			"relatedValues":"@parameter1: int; ; ",
			"keyAPISameClassNum":0,
			"keyAPIDiffClassNum":0,
			"keyAPISameClass":[
				{
					"trace":[
						"<android.hardware.Camera: android.hardware.Camera openLegacy(int,int)>"
					],
					"depth":0,
					"method":"<android.hardware.Camera: android.hardware.Camera openLegacy(int,int)>",
					"source":"CALLER"
				}
			],
			"keyAPIDiffClass":[],
			"callerOfSingnlar2SourceVar":{
				"<android.hardware.Camera: android.hardware.Camera openLegacy(int,int)>":"1"
			}
		},
		{
			"method":"<android.hardware.Camera: void <init>(int,int)>",
			"message":"\\QCamera initialization failed because the hal version is not supported by this device\\E",
			"relatedVarType":"ParaAndField",
			"relatedCondType":"Basic",
			"modifier":"private",
			"type":"java.lang.RuntimeException",
			"osVersionRelated":false,
			"resourceRelated":false,
			"assessRelated":false,
			"hardwareRelated":true,
			"manifestRelated":false,
			"conditions":"i2 != $i10, i2 != $i8, i2 != $i6",
			"paramValues":"@parameter0: int, @parameter1: int",
			"fieldValues":"<android.system.OsConstants: int EOPNOTSUPP>, <android.system.OsConstants: int ENOSYS>, <android.system.OsConstants: int ENODEV>",
			"relatedValues":"@parameter0: int, @parameter1: int; <android.system.OsConstants: int EOPNOTSUPP>, <android.system.OsConstants: int ENOSYS>, <android.system.OsConstants: int ENODEV>; ",
			"keyAPISameClassNum":0,
			"keyAPIDiffClassNum":0,
			"keyAPISameClass":[
				{
					"trace":[
						"<android.hardware.Camera: android.hardware.Camera openLegacy(int,int)>",
						"<android.hardware.Camera: void <init>(int,int)>"
					],
					"depth":1,
					"method":"<android.hardware.Camera: android.hardware.Camera openLegacy(int,int)>",
					"source":"CALLER"
				}
			],
			"keyAPIDiffClass":[],
			"callerOfSingnlar2SourceVar":{
				"<android.hardware.Camera: void <init>(int,int)>":"0, 1",
				"<android.hardware.Camera: android.hardware.Camera openLegacy(int,int)>":"0, 1"
			}
		},
		{
			"method":"<android.hardware.Camera: void <init>(int,int)>",
			"message":"\\QCamera initialization failed because the camera device was already opened\\E",
			"relatedVarType":"ParaAndField",
			"relatedCondType":"Basic",
			"modifier":"private",
			"type":"java.lang.RuntimeException",
			"osVersionRelated":false,
			"resourceRelated":false,
			"assessRelated":false,
			"hardwareRelated":true,
			"manifestRelated":false,
			"conditions":"i2 != $i14, i2 != $i12, i2 != $i10",
			"paramValues":"@parameter0: int, @parameter1: int",
			"fieldValues":"<android.system.OsConstants: int EBUSY>, <android.system.OsConstants: int EINVAL>, <android.system.OsConstants: int EOPNOTSUPP>",
			"relatedValues":"@parameter0: int, @parameter1: int; <android.system.OsConstants: int EBUSY>, <android.system.OsConstants: int EINVAL>, <android.system.OsConstants: int EOPNOTSUPP>; ",
			"keyAPISameClassNum":0,
			"keyAPIDiffClassNum":0,
			"keyAPISameClass":[
				{
					"trace":[
						"<android.hardware.Camera: android.hardware.Camera openLegacy(int,int)>",
						"<android.hardware.Camera: void <init>(int,int)>"
					],
					"depth":1,
					"method":"<android.hardware.Camera: android.hardware.Camera openLegacy(int,int)>",
					"source":"CALLER"
				}
			],
			"keyAPIDiffClass":[],
			"callerOfSingnlar2SourceVar":{
				"<android.hardware.Camera: void <init>(int,int)>":"0, 1",
				"<android.hardware.Camera: android.hardware.Camera openLegacy(int,int)>":"0, 1"
			}
		},
		{
			"method":"<android.hardware.Camera: void <init>(int,int)>",
			"message":"\\QCamera initialization failed because the input arugments are invalid\\E",
			"relatedVarType":"ParaAndField",
			"relatedCondType":"Basic",
			"modifier":"private",
			"type":"java.lang.RuntimeException",
			"osVersionRelated":false,
			"resourceRelated":false,
			"assessRelated":false,
			"hardwareRelated":true,
			"manifestRelated":false,
			"conditions":"i2 != $i12, i2 != $i10, i2 != $i8",
			"paramValues":"@parameter0: int, @parameter1: int",
			"fieldValues":"<android.system.OsConstants: int EINVAL>, <android.system.OsConstants: int EOPNOTSUPP>, <android.system.OsConstants: int ENOSYS>",
			"relatedValues":"@parameter0: int, @parameter1: int; <android.system.OsConstants: int EINVAL>, <android.system.OsConstants: int EOPNOTSUPP>, <android.system.OsConstants: int ENOSYS>; ",
			"keyAPISameClassNum":0,
			"keyAPIDiffClassNum":0,
			"keyAPISameClass":[
				{
					"trace":[
						"<android.hardware.Camera: android.hardware.Camera openLegacy(int,int)>",
						"<android.hardware.Camera: void <init>(int,int)>"
					],
					"depth":1,
					"method":"<android.hardware.Camera: android.hardware.Camera openLegacy(int,int)>",
					"source":"CALLER"
				}
			],
			"keyAPIDiffClass":[],
			"callerOfSingnlar2SourceVar":{
				"<android.hardware.Camera: void <init>(int,int)>":"0, 1",
				"<android.hardware.Camera: android.hardware.Camera openLegacy(int,int)>":"0, 1"
			}
		},
		{
			"method":"<android.hardware.Camera: void <init>(int,int)>",
			"message":"\\QUnknown camera error\\E",
			"relatedVarType":"ParaAndField",
			"relatedCondType":"Basic",
			"modifier":"private",
			"type":"java.lang.RuntimeException",
			"osVersionRelated":false,
			"resourceRelated":false,
			"assessRelated":false,
			"hardwareRelated":true,
			"manifestRelated":false,
			"conditions":"i2 != $i16, i2 != $i14, i2 != $i12",
			"paramValues":"@parameter0: int, @parameter1: int",
			"fieldValues":"<android.system.OsConstants: int EUSERS>, <android.system.OsConstants: int EBUSY>, <android.system.OsConstants: int EINVAL>",
			"relatedValues":"@parameter0: int, @parameter1: int; <android.system.OsConstants: int EUSERS>, <android.system.OsConstants: int EBUSY>, <android.system.OsConstants: int EINVAL>; ",
			"keyAPISameClassNum":0,
			"keyAPIDiffClassNum":0,
			"keyAPISameClass":[
				{
					"trace":[
						"<android.hardware.Camera: android.hardware.Camera openLegacy(int,int)>",
						"<android.hardware.Camera: void <init>(int,int)>"
					],
					"depth":1,
					"method":"<android.hardware.Camera: android.hardware.Camera openLegacy(int,int)>",
					"source":"CALLER"
				}
			],
			"keyAPIDiffClass":[],
			"callerOfSingnlar2SourceVar":{
				"<android.hardware.Camera: void <init>(int,int)>":"0, 1",
				"<android.hardware.Camera: android.hardware.Camera openLegacy(int,int)>":"0, 1"
			}
		},
		{
			"method":"<android.hardware.Camera: void <init>(int,int)>",
			"message":"\\QCamera initialization failed\\E",
			"relatedVarType":"ParaAndField",
			"relatedCondType":"Basic",
			"modifier":"private",
			"type":"java.lang.RuntimeException",
			"osVersionRelated":false,
			"resourceRelated":false,
			"assessRelated":false,
			"hardwareRelated":true,
			"manifestRelated":false,
			"conditions":"i2 != $i6, i2 != $i4, $z0 == 0",
			"paramValues":"@parameter0: int, @parameter1: int",
			"fieldValues":"<android.system.OsConstants: int ENODEV>, <android.system.OsConstants: int EACCES>",
			"relatedValues":"@parameter0: int, @parameter1: int; <android.system.OsConstants: int ENODEV>, <android.system.OsConstants: int EACCES>; ",
			"keyAPISameClassNum":0,
			"keyAPIDiffClassNum":0,
			"keyAPISameClass":[
				{
					"trace":[
						"<android.hardware.Camera: android.hardware.Camera openLegacy(int,int)>",
						"<android.hardware.Camera: void <init>(int,int)>"
					],
					"depth":1,
					"method":"<android.hardware.Camera: android.hardware.Camera openLegacy(int,int)>",
					"source":"CALLER"
				}
			],
			"keyAPIDiffClass":[],
			"callerOfSingnlar2SourceVar":{
				"<android.hardware.Camera: void <init>(int,int)>":"0, 1",
				"<android.hardware.Camera: android.hardware.Camera openLegacy(int,int)>":"0, 1"
			}
		},
		{
			"method":"<android.hardware.Camera: void <init>(int,int)>",
			"message":"\\QCamera initialization failed because the max number of camera devices were already opened\\E",
			"relatedVarType":"ParaAndField",
			"relatedCondType":"Basic",
			"modifier":"private",
			"type":"java.lang.RuntimeException",
			"osVersionRelated":false,
			"resourceRelated":false,
			"assessRelated":false,
			"hardwareRelated":true,
			"manifestRelated":false,
			"conditions":"i2 != $i16, i2 != $i14, i2 != $i12",
			"paramValues":"@parameter0: int, @parameter1: int",
			"fieldValues":"<android.system.OsConstants: int EUSERS>, <android.system.OsConstants: int EBUSY>, <android.system.OsConstants: int EINVAL>",
			"relatedValues":"@parameter0: int, @parameter1: int; <android.system.OsConstants: int EUSERS>, <android.system.OsConstants: int EBUSY>, <android.system.OsConstants: int EINVAL>; ",
			"keyAPISameClassNum":0,
			"keyAPIDiffClassNum":0,
			"keyAPISameClass":[
				{
					"trace":[
						"<android.hardware.Camera: android.hardware.Camera openLegacy(int,int)>",
						"<android.hardware.Camera: void <init>(int,int)>"
					],
					"depth":1,
					"method":"<android.hardware.Camera: android.hardware.Camera openLegacy(int,int)>",
					"source":"CALLER"
				}
			],
			"keyAPIDiffClass":[],
			"callerOfSingnlar2SourceVar":{
				"<android.hardware.Camera: void <init>(int,int)>":"0, 1",
				"<android.hardware.Camera: android.hardware.Camera openLegacy(int,int)>":"0, 1"
			}
		},
		{
			"method":"<android.hardware.Camera: void <init>(int,int)>",
			"message":"\\QCamera initialization failed because some methods are not implemented\\E",
			"relatedVarType":"ParaAndField",
			"relatedCondType":"Basic",
			"modifier":"private",
			"type":"java.lang.RuntimeException",
			"osVersionRelated":false,
			"resourceRelated":false,
			"assessRelated":false,
			"hardwareRelated":true,
			"manifestRelated":false,
			"conditions":"i2 != $i8, i2 != $i6, i2 != $i4",
			"paramValues":"@parameter0: int, @parameter1: int",
			"fieldValues":"<android.system.OsConstants: int ENOSYS>, <android.system.OsConstants: int ENODEV>, <android.system.OsConstants: int EACCES>",
			"relatedValues":"@parameter0: int, @parameter1: int; <android.system.OsConstants: int ENOSYS>, <android.system.OsConstants: int ENODEV>, <android.system.OsConstants: int EACCES>; ",
			"keyAPISameClassNum":0,
			"keyAPIDiffClassNum":0,
			"keyAPISameClass":[
				{
					"trace":[
						"<android.hardware.Camera: android.hardware.Camera openLegacy(int,int)>",
						"<android.hardware.Camera: void <init>(int,int)>"
					],
					"depth":1,
					"method":"<android.hardware.Camera: android.hardware.Camera openLegacy(int,int)>",
					"source":"CALLER"
				}
			],
			"keyAPIDiffClass":[],
			"callerOfSingnlar2SourceVar":{
				"<android.hardware.Camera: void <init>(int,int)>":"0, 1",
				"<android.hardware.Camera: android.hardware.Camera openLegacy(int,int)>":"0, 1"
			}
		},
		{
			"method":"<android.hardware.Camera: void <init>(int,int)>",
			"message":"\\QFail to connect to camera service\\E",
			"relatedVarType":"ParaAndField",
			"relatedCondType":"Basic",
			"modifier":"private",
			"type":"java.lang.RuntimeException",
			"osVersionRelated":false,
			"resourceRelated":false,
			"assessRelated":false,
			"hardwareRelated":true,
			"manifestRelated":false,
			"conditions":"i2 != $i4, $z0 == 0",
			"paramValues":"@parameter0: int, @parameter1: int",
			"fieldValues":"<android.system.OsConstants: int EACCES>",
			"relatedValues":"@parameter0: int, @parameter1: int; <android.system.OsConstants: int EACCES>; ",
			"keyAPISameClassNum":0,
			"keyAPIDiffClassNum":0,
			"keyAPISameClass":[
				{
					"trace":[
						"<android.hardware.Camera: android.hardware.Camera openLegacy(int,int)>",
						"<android.hardware.Camera: void <init>(int,int)>"
					],
					"depth":1,
					"method":"<android.hardware.Camera: android.hardware.Camera openLegacy(int,int)>",
					"source":"CALLER"
				}
			],
			"keyAPIDiffClass":[],
			"callerOfSingnlar2SourceVar":{
				"<android.hardware.Camera: void <init>(int,int)>":"0, 1",
				"<android.hardware.Camera: android.hardware.Camera openLegacy(int,int)>":"0, 1"
			}
		},
		{
			"method":"<android.hardware.Camera: void <init>(int)>",
			"message":"\\QFail to connect to camera service\\E",
			"relatedVarType":"ParaAndField",
			"relatedCondType":"Basic",
			"modifier":"default",
			"type":"java.lang.RuntimeException",
			"osVersionRelated":false,
			"resourceRelated":false,
			"assessRelated":false,
			"hardwareRelated":true,
			"manifestRelated":false,
			"conditions":"i1 != $i3, $z0 == 0",
			"paramValues":"@parameter0: int",
			"fieldValues":"<android.system.OsConstants: int EACCES>",
			"relatedValues":"@parameter0: int; <android.system.OsConstants: int EACCES>; ",
			"keyAPISameClassNum":0,
			"keyAPIDiffClassNum":0,
			"keyAPISameClass":[
				{
					"trace":[
						"<android.hardware.Camera: android.hardware.Camera open(int)>",
						"<android.hardware.Camera: void <init>(int)>"
					],
					"depth":1,
					"method":"<android.hardware.Camera: android.hardware.Camera open(int)>",
					"source":"CALLER"
				}
			],
			"keyAPIDiffClass":[],
			"callerOfSingnlar2SourceVar":{
				"<android.hardware.Camera: android.hardware.Camera open(int)>":"0",
				"<android.hardware.Camera: void <init>(int)>":"0"
			}
		},
		{
			"method":"<android.hardware.Camera: void <init>(int)>",
			"message":"\\QCamera initialization failed\\E",
			"relatedVarType":"ParaAndField",
			"relatedCondType":"Basic",
			"modifier":"default",
			"type":"java.lang.RuntimeException",
			"osVersionRelated":false,
			"resourceRelated":false,
			"assessRelated":false,
			"hardwareRelated":true,
			"manifestRelated":false,
			"conditions":"i1 != $i5, i1 != $i3, $z0 == 0",
			"paramValues":"@parameter0: int",
			"fieldValues":"<android.system.OsConstants: int ENODEV>, <android.system.OsConstants: int EACCES>",
			"relatedValues":"@parameter0: int; <android.system.OsConstants: int ENODEV>, <android.system.OsConstants: int EACCES>; ",
			"keyAPISameClassNum":0,
			"keyAPIDiffClassNum":0,
			"keyAPISameClass":[
				{
					"trace":[
						"<android.hardware.Camera: android.hardware.Camera open(int)>",
						"<android.hardware.Camera: void <init>(int)>"
					],
					"depth":1,
					"method":"<android.hardware.Camera: android.hardware.Camera open(int)>",
					"source":"CALLER"
				}
			],
			"keyAPIDiffClass":[],
			"callerOfSingnlar2SourceVar":{
				"<android.hardware.Camera: android.hardware.Camera open(int)>":"0",
				"<android.hardware.Camera: void <init>(int)>":"0"
			}
		},
		{
			"method":"<android.hardware.Camera: void <init>(int)>",
			"message":"\\QUnknown camera error\\E",
			"relatedVarType":"ParaAndField",
			"relatedCondType":"Basic",
			"modifier":"default",
			"type":"java.lang.RuntimeException",
			"osVersionRelated":false,
			"resourceRelated":false,
			"assessRelated":false,
			"hardwareRelated":true,
			"manifestRelated":false,
			"conditions":"i1 != $i5, i1 != $i3, $z0 == 0",
			"paramValues":"@parameter0: int",
			"fieldValues":"<android.system.OsConstants: int ENODEV>, <android.system.OsConstants: int EACCES>",
			"relatedValues":"@parameter0: int; <android.system.OsConstants: int ENODEV>, <android.system.OsConstants: int EACCES>; ",
			"keyAPISameClassNum":0,
			"keyAPIDiffClassNum":0,
			"keyAPISameClass":[
				{
					"trace":[
						"<android.hardware.Camera: android.hardware.Camera open(int)>",
						"<android.hardware.Camera: void <init>(int)>"
					],
					"depth":1,
					"method":"<android.hardware.Camera: android.hardware.Camera open(int)>",
					"source":"CALLER"
				}
			],
			"keyAPIDiffClass":[],
			"callerOfSingnlar2SourceVar":{
				"<android.hardware.Camera: android.hardware.Camera open(int)>":"0",
				"<android.hardware.Camera: void <init>(int)>":"0"
			}
		},
		{
			"method":"<android.hardware.Camera: void addCallbackBuffer(byte[],int)>",
			"message":"\\QUnsupported message type: \\E[\\s\\S]*",
			"relatedVarType":"Parameter",
			"relatedCondType":"Basic",
			"modifier":"private",
			"type":"java.lang.IllegalArgumentException",
			"osVersionRelated":false,
			"resourceRelated":false,
			"assessRelated":false,
			"hardwareRelated":true,
			"manifestRelated":false,
			"conditions":"i0 == 128, i0 == 16",
			"paramValues":"@parameter1: int",
			"relatedValues":"@parameter1: int; ; ",
			"keyAPISameClassNum":0,
			"keyAPIDiffClassNum":0,
			"keyAPISameClass":[
				{
					"trace":[
						"<android.hardware.Camera: void addCallbackBuffer(byte[],int)>"
					],
					"depth":0,
					"method":"<android.hardware.Camera: void addCallbackBuffer(byte[],int)>",
					"source":"CALLER"
				}
			],
			"keyAPIDiffClass":[],
			"callerOfSingnlar2SourceVar":{
				"<android.hardware.Camera: void addCallbackBuffer(byte[],int)>":"1"
			}
		},
		{
			"method":"<android.hardware.Camera: void setPreviewCallbackAllocation(android.renderscript.Allocation)>",
			"message":"\\QAllocation is not of a YUV type\\E",
			"relatedVarType":"ParaAndField",
			"relatedCondType":"Basic",
			"modifier":"public",
			"type":"java.lang.IllegalArgumentException",
			"osVersionRelated":false,
			"resourceRelated":false,
			"assessRelated":false,
			"hardwareRelated":true,
			"manifestRelated":false,
			"conditions":"$r21 == $r22, $i9 != 0, $i6 == $i7",
			"paramValues":"@parameter0: android.renderscript.Allocation",
			"fieldValues":"<android.renderscript.Element$DataKind: android.renderscript.Element$DataKind PIXEL_YUV>",
			"relatedValues":"@parameter0: android.renderscript.Allocation; <android.renderscript.Element$DataKind: android.renderscript.Element$DataKind PIXEL_YUV>; ",
			"keyAPISameClassNum":1,
			"keyAPIDiffClassNum":0,
			"keyAPISameClass":[
				{
					"trace":[
						"<android.hardware.Camera: void setPreviewCallbackAllocation(android.renderscript.Allocation)>"
					],
					"depth":1,
					"method":"<android.hardware.Camera: android.renderscript.Allocation createPreviewAllocation(android.renderscript.RenderScript,int)>",
					"source":"FIELD"
				}
			],
			"keyAPIDiffClass":[],
			"callerOfSingnlar2SourceVar":{
				"<android.hardware.Camera: void setPreviewCallbackAllocation(android.renderscript.Allocation)>":"0"
			}
		},
		{
			"method":"<android.hardware.Camera: void setPreviewCallbackAllocation(android.renderscript.Allocation)>",
			"message":"\\QAllocation usage does not include USAGE_IO_INPUT\\E",
			"relatedVarType":"Parameter",
			"relatedCondType":"Basic",
			"modifier":"public",
			"type":"java.lang.IllegalArgumentException",
			"osVersionRelated":false,
			"resourceRelated":false,
			"assessRelated":false,
			"hardwareRelated":true,
			"manifestRelated":false,
			"conditions":"$i9 != 0, $i6 == $i7, $i0 != $i1",
			"paramValues":"@parameter0: android.renderscript.Allocation",
			"relatedValues":"@parameter0: android.renderscript.Allocation; ; ",
			"keyAPISameClassNum":0,
			"keyAPIDiffClassNum":0,
			"keyAPISameClass":[
				{
					"trace":[
						"<android.hardware.Camera: void setPreviewCallbackAllocation(android.renderscript.Allocation)>"
					],
					"depth":0,
					"method":"<android.hardware.Camera: void setPreviewCallbackAllocation(android.renderscript.Allocation)>",
					"source":"CALLER"
				}
			],
			"keyAPIDiffClass":[],
			"callerOfSingnlar2SourceVar":{
				"<android.hardware.Camera: void setPreviewCallbackAllocation(android.renderscript.Allocation)>":"0"
			}
		},
		{
			"method":"<android.hardware.Camera: void setPreviewCallbackAllocation(android.renderscript.Allocation)>",
			"message":"\\QAllocation dimensions don't match preview dimensions: Allocation is \\E[\\s\\S]*\\Q, \\E[\\s\\S]*\\Q. Preview is \\E[\\s\\S]*\\Q, \\E[\\s\\S]*",
			"relatedVarType":"Parameter",
			"relatedCondType":"Basic",
			"modifier":"public",
			"type":"java.lang.IllegalArgumentException",
			"osVersionRelated":false,
			"resourceRelated":false,
			"assessRelated":false,
			"hardwareRelated":true,
			"manifestRelated":false,
			"conditions":"$i0 != $i1, r0 == null, $i6 == $i7",
			"paramValues":"@parameter0: android.renderscript.Allocation",
			"relatedValues":"@parameter0: android.renderscript.Allocation; ; ",
			"keyAPISameClassNum":0,
			"keyAPIDiffClassNum":0,
			"keyAPISameClass":[
				{
					"trace":[
						"<android.hardware.Camera: void setPreviewCallbackAllocation(android.renderscript.Allocation)>"
					],
					"depth":0,
					"method":"<android.hardware.Camera: void setPreviewCallbackAllocation(android.renderscript.Allocation)>",
					"source":"CALLER"
				}
			],
			"keyAPIDiffClass":[],
			"callerOfSingnlar2SourceVar":{
				"<android.hardware.Camera: void setPreviewCallbackAllocation(android.renderscript.Allocation)>":"0"
			}
		},
		{
			"method":"<android.hardware.Camera: void startFaceDetection()>",
			"message":"\\QFace detection is already running\\E",
			"relatedVarType":"Field",
			"relatedCondType":"Basic",
			"modifier":"public",
			"type":"java.lang.RuntimeException",
			"osVersionRelated":false,
			"resourceRelated":false,
			"assessRelated":false,
			"hardwareRelated":true,
			"manifestRelated":false,
			"conditions":"$z0 == 0",
			"fieldValues":"<android.hardware.Camera: boolean mFaceDetectionRunning>",
			"relatedValues":"; <android.hardware.Camera: boolean mFaceDetectionRunning>; ",
			"keyAPISameClassNum":11,
			"keyAPIDiffClassNum":11,
			"keyAPISameClass":[
				{
					"trace":[
						"<android.hardware.Camera: void startFaceDetection()>"
					],
					"depth":1,
					"method":"<android.hardware.Camera: void release()>",
					"source":"FIELD"
				},
				{
					"trace":[
						"<android.hardware.Camera: void startFaceDetection()>"
					],
					"depth":1,
					"method":"<android.hardware.Camera: void stopPreview()>",
					"source":"FIELD"
				},
				{
					"trace":[
						"<android.hardware.Camera: void startFaceDetection()>"
					],
					"depth":1,
					"method":"<android.hardware.Camera: void takePicture(android.hardware.Camera$ShutterCallback,android.hardware.Camera$PictureCallback,android.hardware.Camera$PictureCallback,android.hardware.Camera$PictureCallback)>",
					"source":"FIELD"
				},
				{
					"trace":[
						"<android.hardware.Camera: void startFaceDetection()>"
					],
					"depth":1,
					"method":"<android.hardware.Camera: void startFaceDetection()>",
					"source":"FIELD"
				},
				{
					"trace":[
						"<android.hardware.Camera: void startFaceDetection()>"
					],
					"depth":1,
					"method":"<android.hardware.Camera: void stopFaceDetection()>",
					"source":"FIELD"
				},
				{
					"trace":[
						"<android.hardware.Camera: android.hardware.Camera openLegacy(int,int)>",
						"<android.hardware.Camera: void <init>(int,int)>",
						"key field: <android.hardware.Camera: boolean mFaceDetectionRunning>",
						"<android.hardware.Camera: void startFaceDetection()>"
					],
					"depth":2,
					"method":"<android.hardware.Camera: android.hardware.Camera openLegacy(int,int)>",
					"source":"FIELDCALLER"
				},
				{
					"trace":[
						"<android.hardware.Camera: android.hardware.Camera open(int)>",
						"<android.hardware.Camera: void <init>(int)>",
						"key field: <android.hardware.Camera: boolean mFaceDetectionRunning>",
						"<android.hardware.Camera: void startFaceDetection()>"
					],
					"depth":2,
					"method":"<android.hardware.Camera: android.hardware.Camera open(int)>",
					"source":"FIELDCALLER"
				},
				{
					"trace":[
						"<android.hardware.Camera: android.hardware.Camera open()>",
						"<android.hardware.Camera: void <init>(int)>",
						"key field: <android.hardware.Camera: boolean mFaceDetectionRunning>",
						"<android.hardware.Camera: void startFaceDetection()>"
					],
					"depth":2,
					"method":"<android.hardware.Camera: android.hardware.Camera open()>",
					"source":"FIELDCALLER"
				},
				{
					"trace":[
						"<android.hardware.Camera: android.hardware.Camera$Parameters getEmptyParameters()>",
						"<android.hardware.Camera: void <init>()>",
						"key field: <android.hardware.Camera: boolean mFaceDetectionRunning>",
						"<android.hardware.Camera: void startFaceDetection()>"
					],
					"depth":2,
					"method":"<android.hardware.Camera: android.hardware.Camera$Parameters getEmptyParameters()>",
					"source":"FIELDCALLER"
				},
				{
					"trace":[
						"<android.hardware.Camera: android.hardware.Camera openUninitialized()>",
						"<android.hardware.Camera: void <init>()>",
						"key field: <android.hardware.Camera: boolean mFaceDetectionRunning>",
						"<android.hardware.Camera: void startFaceDetection()>"
					],
					"depth":2,
					"method":"<android.hardware.Camera: android.hardware.Camera openUninitialized()>",
					"source":"FIELDCALLER"
				},
				{
					"trace":[
						"<android.hardware.Camera: void takePicture(android.hardware.Camera$ShutterCallback,android.hardware.Camera$PictureCallback,android.hardware.Camera$PictureCallback)>",
						"<android.hardware.Camera: void takePicture(android.hardware.Camera$ShutterCallback,android.hardware.Camera$PictureCallback,android.hardware.Camera$PictureCallback,android.hardware.Camera$PictureCallback)>",
						"key field: <android.hardware.Camera: boolean mFaceDetectionRunning>",
						"<android.hardware.Camera: void startFaceDetection()>"
					],
					"depth":2,
					"method":"<android.hardware.Camera: void takePicture(android.hardware.Camera$ShutterCallback,android.hardware.Camera$PictureCallback,android.hardware.Camera$PictureCallback)>",
					"source":"FIELDCALLER"
				}
			],
			"keyAPIDiffClass":[
				{
					"trace":[
						"<android.hardware.camera2.legacy.RequestThreadManager$5: boolean handleMessage(android.os.Message)>",
						"<android.hardware.Camera: void release()>",
						"key field: <android.hardware.Camera: boolean mFaceDetectionRunning>",
						"<android.hardware.Camera: void startFaceDetection()>"
					],
					"depth":2,
					"method":"<android.hardware.camera2.legacy.RequestThreadManager$5: boolean handleMessage(android.os.Message)>",
					"source":"FIELDCALLER"
				},
				{
					"trace":[
						"<android.os.Handler$Callback: boolean handleMessage(android.os.Message)>",
						"<android.hardware.Camera: void release()>",
						"key field: <android.hardware.Camera: boolean mFaceDetectionRunning>",
						"<android.hardware.Camera: void startFaceDetection()>"
					],
					"depth":2,
					"method":"<android.os.Handler$Callback: boolean handleMessage(android.os.Message)>",
					"source":"FIELDCALLER"
				},
				{
					"trace":[
						"<android.hardware.camera2.legacy.CameraDeviceUserShim$CameraLooper: int waitForOpen(int)>",
						"<android.hardware.Camera: void release()>",
						"key field: <android.hardware.Camera: boolean mFaceDetectionRunning>",
						"<android.hardware.Camera: void startFaceDetection()>"
					],
					"depth":2,
					"method":"<android.hardware.camera2.legacy.CameraDeviceUserShim$CameraLooper: int waitForOpen(int)>",
					"source":"FIELDCALLER"
				},
				{
					"trace":[
						"<android.hardware.camera2.legacy.LegacyFaceDetectMapper: void processFaceDetectMode(android.hardware.camera2.CaptureRequest,android.hardware.Camera$Parameters)>",
						"<android.hardware.Camera: void startFaceDetection()>",
						"key field: <android.hardware.Camera: boolean mFaceDetectionRunning>",
						"<android.hardware.Camera: void startFaceDetection()>"
					],
					"depth":2,
					"method":"<android.hardware.camera2.legacy.LegacyFaceDetectMapper: void processFaceDetectMode(android.hardware.camera2.CaptureRequest,android.hardware.Camera$Parameters)>",
					"source":"FIELDCALLER"
				},
				{
					"trace":[
						"<android.filterpacks.videosrc.CameraSource: void open(android.filterfw.core.FilterContext)>",
						"<android.hardware.Camera: android.hardware.Camera open(int)>",
						"<android.hardware.Camera: void <init>(int)>",
						"key field: <android.hardware.Camera: boolean mFaceDetectionRunning>",
						"<android.hardware.Camera: void startFaceDetection()>"
					],
					"depth":3,
					"method":"<android.filterpacks.videosrc.CameraSource: void open(android.filterfw.core.FilterContext)>",
					"source":"FIELDCALLER"
				},
				{
					"trace":[
						"<android.hardware.camera2.legacy.LegacyMetadataMapper: android.hardware.camera2.CameraCharacteristics createCharacteristics(java.lang.String,android.hardware.CameraInfo)>",
						"<android.hardware.Camera: android.hardware.Camera$Parameters getEmptyParameters()>",
						"<android.hardware.Camera: void <init>()>",
						"key field: <android.hardware.Camera: boolean mFaceDetectionRunning>",
						"<android.hardware.Camera: void startFaceDetection()>"
					],
					"depth":3,
					"method":"<android.hardware.camera2.legacy.LegacyMetadataMapper: android.hardware.camera2.CameraCharacteristics createCharacteristics(java.lang.String,android.hardware.CameraInfo)>",
					"source":"FIELDCALLER"
				},
				{
					"trace":[
						"<android.hardware.camera2.legacy.CameraDeviceUserShim$CameraLooper: void <init>(int)>",
						"<android.hardware.Camera: android.hardware.Camera openUninitialized()>",
						"<android.hardware.Camera: void <init>()>",
						"key field: <android.hardware.Camera: boolean mFaceDetectionRunning>",
						"<android.hardware.Camera: void startFaceDetection()>"
					],
					"depth":3,
					"method":"<android.hardware.camera2.legacy.CameraDeviceUserShim$CameraLooper: void <init>(int)>",
					"source":"FIELDCALLER"
				},
				{
					"trace":[
						"<android.hardware.camera2.legacy.LegacyMetadataMapper: android.hardware.camera2.CameraCharacteristics createCharacteristics(android.hardware.Camera$Parameters,android.hardware.Camera$CameraInfo)>",
						"<android.hardware.camera2.legacy.LegacyMetadataMapper: android.hardware.camera2.CameraCharacteristics createCharacteristics(java.lang.String,android.hardware.CameraInfo)>",
						"<android.hardware.Camera: android.hardware.Camera$Parameters getEmptyParameters()>",
						"<android.hardware.Camera: void <init>()>",
						"key field: <android.hardware.Camera: boolean mFaceDetectionRunning>",
						"<android.hardware.Camera: void startFaceDetection()>"
					],
					"depth":4,
					"method":"<android.hardware.camera2.legacy.LegacyMetadataMapper: android.hardware.camera2.CameraCharacteristics createCharacteristics(android.hardware.Camera$Parameters,android.hardware.Camera$CameraInfo)>",
					"source":"FIELDCALLER"
				},
				{
					"trace":[
						"<android.hardware.camera2.CameraManager: android.hardware.camera2.CameraCharacteristics getCameraCharacteristics(java.lang.String)>",
						"<android.hardware.camera2.legacy.LegacyMetadataMapper: android.hardware.camera2.CameraCharacteristics createCharacteristics(java.lang.String,android.hardware.CameraInfo)>",
						"<android.hardware.Camera: android.hardware.Camera$Parameters getEmptyParameters()>",
						"<android.hardware.Camera: void <init>()>",
						"key field: <android.hardware.Camera: boolean mFaceDetectionRunning>",
						"<android.hardware.Camera: void startFaceDetection()>"
					],
					"depth":4,
					"method":"<android.hardware.camera2.CameraManager: android.hardware.camera2.CameraCharacteristics getCameraCharacteristics(java.lang.String)>",
					"source":"FIELDCALLER"
				},
				{
					"trace":[
						"<android.hardware.camera2.legacy.CameraDeviceUserShim: android.hardware.camera2.legacy.CameraDeviceUserShim connectBinderShim(android.hardware.camera2.ICameraDeviceCallbacks,int)>",
						"<android.hardware.camera2.legacy.LegacyMetadataMapper: android.hardware.camera2.CameraCharacteristics createCharacteristics(android.hardware.Camera$Parameters,android.hardware.Camera$CameraInfo)>",
						"<android.hardware.camera2.legacy.LegacyMetadataMapper: android.hardware.camera2.CameraCharacteristics createCharacteristics(java.lang.String,android.hardware.CameraInfo)>",
						"<android.hardware.Camera: android.hardware.Camera$Parameters getEmptyParameters()>",
						"<android.hardware.Camera: void <init>()>",
						"key field: <android.hardware.Camera: boolean mFaceDetectionRunning>",
						"<android.hardware.Camera: void startFaceDetection()>"
					],
					"depth":5,
					"method":"<android.hardware.camera2.legacy.CameraDeviceUserShim: android.hardware.camera2.legacy.CameraDeviceUserShim connectBinderShim(android.hardware.camera2.ICameraDeviceCallbacks,int)>",
					"source":"FIELDCALLER"
				},
				{
					"trace":[
						"<android.hardware.camera2.CameraManager: void openCamera(java.lang.String,android.hardware.camera2.CameraDevice$StateCallback,android.os.Handler)>",
						"<android.hardware.camera2.CameraManager: android.hardware.camera2.CameraDevice openCameraDeviceUserAsync(java.lang.String,android.hardware.camera2.CameraDevice$StateCallback,android.os.Handler)>",
						"<android.hardware.camera2.legacy.CameraDeviceUserShim: android.hardware.camera2.legacy.CameraDeviceUserShim connectBinderShim(android.hardware.camera2.ICameraDeviceCallbacks,int)>",
						"<android.hardware.camera2.legacy.LegacyMetadataMapper: android.hardware.camera2.CameraCharacteristics createCharacteristics(android.hardware.Camera$Parameters,android.hardware.Camera$CameraInfo)>",
						"<android.hardware.camera2.legacy.LegacyMetadataMapper: android.hardware.camera2.CameraCharacteristics createCharacteristics(java.lang.String,android.hardware.CameraInfo)>",
						"<android.hardware.Camera: android.hardware.Camera$Parameters getEmptyParameters()>",
						"<android.hardware.Camera: void <init>()>",
						"key field: <android.hardware.Camera: boolean mFaceDetectionRunning>",
						"<android.hardware.Camera: void startFaceDetection()>"
					],
					"depth":7,
					"method":"<android.hardware.camera2.CameraManager: void openCamera(java.lang.String,android.hardware.camera2.CameraDevice$StateCallback,android.os.Handler)>",
					"source":"FIELDCALLER"
				}
			],
			"callerOfSingnlar2SourceVar":{}
		},
		{
			"method":"<android.hardware.Camera: void setParameters(android.hardware.Camera$Parameters)>",
			"message":"\\QCannot change preview size while a preview allocation is configured.\\E",
			"relatedVarType":"ParaAndField",
			"relatedCondType":"Basic",
			"modifier":"public",
			"type":"java.lang.IllegalStateException",
			"osVersionRelated":false,
			"resourceRelated":false,
			"assessRelated":false,
			"hardwareRelated":true,
			"manifestRelated":false,
			"conditions":"$i1 != $i0, $z0 == 0, $i3 == $i2",
			"paramValues":"@parameter0: android.hardware.Camera$Parameters",
			"fieldValues":"<android.hardware.Camera: boolean mUsingPreviewAllocation>",
			"relatedValues":"@parameter0: android.hardware.Camera$Parameters; <android.hardware.Camera: boolean mUsingPreviewAllocation>; ",
			"keyAPISameClassNum":8,
			"keyAPIDiffClassNum":40,
			"keyAPISameClass":[
				{
					"trace":[
						"<android.hardware.Camera: void setParameters(android.hardware.Camera$Parameters)>"
					],
					"depth":1,
					"method":"<android.hardware.Camera: void setPreviewCallback(android.hardware.Camera$PreviewCallback)>",
					"source":"FIELD"
				},
				{
					"trace":[
						"<android.hardware.Camera: void setParameters(android.hardware.Camera$Parameters)>"
					],
					"depth":1,
					"method":"<android.hardware.Camera: void setOneShotPreviewCallback(android.hardware.Camera$PreviewCallback)>",
					"source":"FIELD"
				},
				{
					"trace":[
						"<android.hardware.Camera: void setParameters(android.hardware.Camera$Parameters)>"
					],
					"depth":1,
					"method":"<android.hardware.Camera: void setPreviewCallbackWithBuffer(android.hardware.Camera$PreviewCallback)>",
					"source":"FIELD"
				},
				{
					"trace":[
						"<android.hardware.Camera: void setParameters(android.hardware.Camera$Parameters)>"
					],
					"depth":1,
					"method":"<android.hardware.Camera: void setPreviewCallbackAllocation(android.renderscript.Allocation)>",
					"source":"FIELD"
				},
				{
					"trace":[
						"<android.hardware.Camera: int cameraInitUnspecified(int)>",
						"<android.hardware.Camera: int cameraInitVersion(int,int)>",
						"key field: <android.hardware.Camera: boolean mUsingPreviewAllocation>",
						"<android.hardware.Camera: void setParameters(android.hardware.Camera$Parameters)>"
					],
					"depth":2,
					"method":"<android.hardware.Camera: int cameraInitUnspecified(int)>",
					"source":"FIELDCALLER"
				},
				{
					"trace":[
						"<android.hardware.Camera: android.hardware.Camera openLegacy(int,int)>",
						"<android.hardware.Camera: void <init>(int,int)>",
						"<android.hardware.Camera: int cameraInitVersion(int,int)>",
						"key field: <android.hardware.Camera: boolean mUsingPreviewAllocation>",
						"<android.hardware.Camera: void setParameters(android.hardware.Camera$Parameters)>"
					],
					"depth":3,
					"method":"<android.hardware.Camera: android.hardware.Camera openLegacy(int,int)>",
					"source":"FIELDCALLER"
				},
				{
					"trace":[
						"<android.hardware.Camera: android.hardware.Camera open(int)>",
						"<android.hardware.Camera: void <init>(int)>",
						"<android.hardware.Camera: int cameraInitNormal(int)>",
						"<android.hardware.Camera: int cameraInitVersion(int,int)>",
						"key field: <android.hardware.Camera: boolean mUsingPreviewAllocation>",
						"<android.hardware.Camera: void setParameters(android.hardware.Camera$Parameters)>"
					],
					"depth":4,
					"method":"<android.hardware.Camera: android.hardware.Camera open(int)>",
					"source":"FIELDCALLER"
				},
				{
					"trace":[
						"<android.hardware.Camera: android.hardware.Camera open()>",
						"<android.hardware.Camera: void <init>(int)>",
						"<android.hardware.Camera: int cameraInitNormal(int)>",
						"<android.hardware.Camera: int cameraInitVersion(int,int)>",
						"key field: <android.hardware.Camera: boolean mUsingPreviewAllocation>",
						"<android.hardware.Camera: void setParameters(android.hardware.Camera$Parameters)>"
					],
					"depth":4,
					"method":"<android.hardware.Camera: android.hardware.Camera open()>",
					"source":"FIELDCALLER"
				}
			],
			"keyAPIDiffClass":[
				{
					"trace":[
						"<android.hardware.camera2.legacy.CameraDeviceUserShim$CameraLooper: void run()>",
						"<android.hardware.Camera: int cameraInitUnspecified(int)>",
						"<android.hardware.Camera: int cameraInitVersion(int,int)>",
						"key field: <android.hardware.Camera: boolean mUsingPreviewAllocation>",
						"<android.hardware.Camera: void setParameters(android.hardware.Camera$Parameters)>"
					],
					"depth":3,
					"method":"<android.hardware.camera2.legacy.CameraDeviceUserShim$CameraLooper: void run()>",
					"source":"FIELDCALLER"
				},
				{
					"trace":[
						"<java.lang.Runnable: void run()>",
						"<android.hardware.Camera: int cameraInitUnspecified(int)>",
						"<android.hardware.Camera: int cameraInitVersion(int,int)>",
						"key field: <android.hardware.Camera: boolean mUsingPreviewAllocation>",
						"<android.hardware.Camera: void setParameters(android.hardware.Camera$Parameters)>"
					],
					"depth":3,
					"method":"<java.lang.Runnable: void run()>",
					"source":"FIELDCALLER"
				},
				{
					"trace":[
						"<android.view.Choreographer$CallbackRecord: void run(long)>",
						"<android.hardware.camera2.legacy.CameraDeviceUserShim$CameraLooper: void run()>",
						"<android.hardware.Camera: int cameraInitUnspecified(int)>",
						"<android.hardware.Camera: int cameraInitVersion(int,int)>",
						"key field: <android.hardware.Camera: boolean mUsingPreviewAllocation>",
						"<android.hardware.Camera: void setParameters(android.hardware.Camera$Parameters)>"
					],
					"depth":4,
					"method":"<android.view.Choreographer$CallbackRecord: void run(long)>",
					"source":"FIELDCALLER"
				},
				{
					"trace":[
						"<android.hardware.camera2.impl.CameraDeviceImpl: boolean configureStreamsChecked(android.hardware.camera2.params.InputConfiguration,java.util.List,boolean)>",
						"<android.hardware.camera2.legacy.CameraDeviceUserShim$CameraLooper: void run()>",
						"<android.hardware.Camera: int cameraInitUnspecified(int)>",
						"<android.hardware.Camera: int cameraInitVersion(int,int)>",
						"key field: <android.hardware.Camera: boolean mUsingPreviewAllocation>",
						"<android.hardware.Camera: void setParameters(android.hardware.Camera$Parameters)>"
					],
					"depth":4,
					"method":"<android.hardware.camera2.impl.CameraDeviceImpl: boolean configureStreamsChecked(android.hardware.camera2.params.InputConfiguration,java.util.List,boolean)>",
					"source":"FIELDCALLER"
				},
				{
					"trace":[
						"<android.hardware.camera2.impl.CameraCaptureSessionImpl$IdleDrainListener: void onDrained()>",
						"<android.hardware.camera2.impl.CameraDeviceImpl: boolean configureStreamsChecked(android.hardware.camera2.params.InputConfiguration,java.util.List,boolean)>",
						"<android.hardware.camera2.legacy.CameraDeviceUserShim$CameraLooper: void run()>",
						"<android.hardware.Camera: int cameraInitUnspecified(int)>",
						"<android.hardware.Camera: int cameraInitVersion(int,int)>",
						"key field: <android.hardware.Camera: boolean mUsingPreviewAllocation>",
						"<android.hardware.Camera: void setParameters(android.hardware.Camera$Parameters)>"
					],
					"depth":5,
					"method":"<android.hardware.camera2.impl.CameraCaptureSessionImpl$IdleDrainListener: void onDrained()>",
					"source":"FIELDCALLER"
				},
				{
					"trace":[
						"<android.hardware.camera2.utils.TaskDrainer$DrainListener: void onDrained()>",
						"<android.hardware.camera2.impl.CameraDeviceImpl: boolean configureStreamsChecked(android.hardware.camera2.params.InputConfiguration,java.util.List,boolean)>",
						"<android.hardware.camera2.legacy.CameraDeviceUserShim$CameraLooper: void run()>",
						"<android.hardware.Camera: int cameraInitUnspecified(int)>",
						"<android.hardware.Camera: int cameraInitVersion(int,int)>",
						"key field: <android.hardware.Camera: boolean mUsingPreviewAllocation>",
						"<android.hardware.Camera: void setParameters(android.hardware.Camera$Parameters)>"
					],
					"depth":5,
					"method":"<android.hardware.camera2.utils.TaskDrainer$DrainListener: void onDrained()>",
					"source":"FIELDCALLER"
				},
				{
					"trace":[
						"<android.hardware.camera2.impl.CameraDeviceImpl: void configureOutputs(java.util.List)>",
						"<android.hardware.camera2.impl.CameraDeviceImpl: boolean configureStreamsChecked(android.hardware.camera2.params.InputConfiguration,java.util.List,boolean)>",
						"<android.hardware.camera2.legacy.CameraDeviceUserShim$CameraLooper: void run()>",
						"<android.hardware.Camera: int cameraInitUnspecified(int)>",
						"<android.hardware.Camera: int cameraInitVersion(int,int)>",
						"key field: <android.hardware.Camera: boolean mUsingPreviewAllocation>",
						"<android.hardware.Camera: void setParameters(android.hardware.Camera$Parameters)>"
					],
					"depth":5,
					"method":"<android.hardware.camera2.impl.CameraDeviceImpl: void configureOutputs(java.util.List)>",
					"source":"FIELDCALLER"
				},
				{
					"trace":[
						"<android.filterpacks.videosrc.CameraSource: void open(android.filterfw.core.FilterContext)>",
						"<android.hardware.Camera: android.hardware.Camera open(int)>",
						"<android.hardware.Camera: void <init>(int)>",
						"<android.hardware.Camera: int cameraInitNormal(int)>",
						"<android.hardware.Camera: int cameraInitVersion(int,int)>",
						"key field: <android.hardware.Camera: boolean mUsingPreviewAllocation>",
						"<android.hardware.Camera: void setParameters(android.hardware.Camera$Parameters)>"
					],
					"depth":5,
					"method":"<android.filterpacks.videosrc.CameraSource: void open(android.filterfw.core.FilterContext)>",
					"source":"FIELDCALLER"
				},
				{
					"trace":[
						"<android.hardware.camera2.utils.TaskDrainer$1: void run()>",
						"<android.hardware.camera2.impl.CameraCaptureSessionImpl$IdleDrainListener: void onDrained()>",
						"<android.hardware.camera2.impl.CameraDeviceImpl: boolean configureStreamsChecked(android.hardware.camera2.params.InputConfiguration,java.util.List,boolean)>",
						"<android.hardware.camera2.legacy.CameraDeviceUserShim$CameraLooper: void run()>",
						"<android.hardware.Camera: int cameraInitUnspecified(int)>",
						"<android.hardware.Camera: int cameraInitVersion(int,int)>",
						"key field: <android.hardware.Camera: boolean mUsingPreviewAllocation>",
						"<android.hardware.Camera: void setParameters(android.hardware.Camera$Parameters)>"
					],
					"depth":6,
					"method":"<android.hardware.camera2.utils.TaskDrainer$1: void run()>",
					"source":"FIELDCALLER"
				},
				{
					"trace":[
						"<android.hardware.camera2.impl.CameraDeviceImpl: void createCaptureSession(java.util.List,android.hardware.camera2.CameraCaptureSession$StateCallback,android.os.Handler)>",
						"<android.hardware.camera2.impl.CameraDeviceImpl: void createCaptureSessionInternal(android.hardware.camera2.params.InputConfiguration,java.util.List,android.hardware.camera2.CameraCaptureSession$StateCallback,android.os.Handler,boolean)>",
						"<android.hardware.camera2.impl.CameraDeviceImpl: boolean configureStreamsChecked(android.hardware.camera2.params.InputConfiguration,java.util.List,boolean)>",
						"<android.hardware.camera2.legacy.CameraDeviceUserShim$CameraLooper: void run()>",
						"<android.hardware.Camera: int cameraInitUnspecified(int)>",
						"<android.hardware.Camera: int cameraInitVersion(int,int)>",
						"key field: <android.hardware.Camera: boolean mUsingPreviewAllocation>",
						"<android.hardware.Camera: void setParameters(android.hardware.Camera$Parameters)>"
					],
					"depth":6,
					"method":"<android.hardware.camera2.impl.CameraDeviceImpl: void createCaptureSession(java.util.List,android.hardware.camera2.CameraCaptureSession$StateCallback,android.os.Handler)>",
					"source":"FIELDCALLER"
				},
				{
					"trace":[
						"<android.hardware.camera2.CameraDevice: void createCaptureSession(java.util.List,android.hardware.camera2.CameraCaptureSession$StateCallback,android.os.Handler)>",
						"<android.hardware.camera2.impl.CameraDeviceImpl: void createCaptureSessionInternal(android.hardware.camera2.params.InputConfiguration,java.util.List,android.hardware.camera2.CameraCaptureSession$StateCallback,android.os.Handler,boolean)>",
						"<android.hardware.camera2.impl.CameraDeviceImpl: boolean configureStreamsChecked(android.hardware.camera2.params.InputConfiguration,java.util.List,boolean)>",
						"<android.hardware.camera2.legacy.CameraDeviceUserShim$CameraLooper: void run()>",
						"<android.hardware.Camera: int cameraInitUnspecified(int)>",
						"<android.hardware.Camera: int cameraInitVersion(int,int)>",
						"key field: <android.hardware.Camera: boolean mUsingPreviewAllocation>",
						"<android.hardware.Camera: void setParameters(android.hardware.Camera$Parameters)>"
					],
					"depth":6,
					"method":"<android.hardware.camera2.CameraDevice: void createCaptureSession(java.util.List,android.hardware.camera2.CameraCaptureSession$StateCallback,android.os.Handler)>",
					"source":"FIELDCALLER"
				},
				{
					"trace":[
						"<android.hardware.camera2.impl.CameraDeviceImpl: void createConstrainedHighSpeedCaptureSession(java.util.List,android.hardware.camera2.CameraCaptureSession$StateCallback,android.os.Handler)>",
						"<android.hardware.camera2.impl.CameraDeviceImpl: void createCaptureSessionInternal(android.hardware.camera2.params.InputConfiguration,java.util.List,android.hardware.camera2.CameraCaptureSession$StateCallback,android.os.Handler,boolean)>",
						"<android.hardware.camera2.impl.CameraDeviceImpl: boolean configureStreamsChecked(android.hardware.camera2.params.InputConfiguration,java.util.List,boolean)>",
						"<android.hardware.camera2.legacy.CameraDeviceUserShim$CameraLooper: void run()>",
						"<android.hardware.Camera: int cameraInitUnspecified(int)>",
						"<android.hardware.Camera: int cameraInitVersion(int,int)>",
						"key field: <android.hardware.Camera: boolean mUsingPreviewAllocation>",
						"<android.hardware.Camera: void setParameters(android.hardware.Camera$Parameters)>"
					],
					"depth":6,
					"method":"<android.hardware.camera2.impl.CameraDeviceImpl: void createConstrainedHighSpeedCaptureSession(java.util.List,android.hardware.camera2.CameraCaptureSession$StateCallback,android.os.Handler)>",
					"source":"FIELDCALLER"
				},
				{
					"trace":[
						"<android.hardware.camera2.CameraDevice: void createConstrainedHighSpeedCaptureSession(java.util.List,android.hardware.camera2.CameraCaptureSession$StateCallback,android.os.Handler)>",
						"<android.hardware.camera2.impl.CameraDeviceImpl: void createCaptureSessionInternal(android.hardware.camera2.params.InputConfiguration,java.util.List,android.hardware.camera2.CameraCaptureSession$StateCallback,android.os.Handler,boolean)>",
						"<android.hardware.camera2.impl.CameraDeviceImpl: boolean configureStreamsChecked(android.hardware.camera2.params.InputConfiguration,java.util.List,boolean)>",
						"<android.hardware.camera2.legacy.CameraDeviceUserShim$CameraLooper: void run()>",
						"<android.hardware.Camera: int cameraInitUnspecified(int)>",
						"<android.hardware.Camera: int cameraInitVersion(int,int)>",
						"key field: <android.hardware.Camera: boolean mUsingPreviewAllocation>",
						"<android.hardware.Camera: void setParameters(android.hardware.Camera$Parameters)>"
					],
					"depth":6,
					"method":"<android.hardware.camera2.CameraDevice: void createConstrainedHighSpeedCaptureSession(java.util.List,android.hardware.camera2.CameraCaptureSession$StateCallback,android.os.Handler)>",
					"source":"FIELDCALLER"
				},
				{
					"trace":[
						"<android.hardware.camera2.impl.CameraDeviceImpl: void createReprocessableCaptureSessionByConfigurations(android.hardware.camera2.params.InputConfiguration,java.util.List,android.hardware.camera2.CameraCaptureSession$StateCallback,android.os.Handler)>",
						"<android.hardware.camera2.impl.CameraDeviceImpl: void createCaptureSessionInternal(android.hardware.camera2.params.InputConfiguration,java.util.List,android.hardware.camera2.CameraCaptureSession$StateCallback,android.os.Handler,boolean)>",
						"<android.hardware.camera2.impl.CameraDeviceImpl: boolean configureStreamsChecked(android.hardware.camera2.params.InputConfiguration,java.util.List,boolean)>",
						"<android.hardware.camera2.legacy.CameraDeviceUserShim$CameraLooper: void run()>",
						"<android.hardware.Camera: int cameraInitUnspecified(int)>",
						"<android.hardware.Camera: int cameraInitVersion(int,int)>",
						"key field: <android.hardware.Camera: boolean mUsingPreviewAllocation>",
						"<android.hardware.Camera: void setParameters(android.hardware.Camera$Parameters)>"
					],
					"depth":6,
					"method":"<android.hardware.camera2.impl.CameraDeviceImpl: void createReprocessableCaptureSessionByConfigurations(android.hardware.camera2.params.InputConfiguration,java.util.List,android.hardware.camera2.CameraCaptureSession$StateCallback,android.os.Handler)>",
					"source":"FIELDCALLER"
				},
				{
					"trace":[
						"<android.hardware.camera2.CameraDevice: void createReprocessableCaptureSessionByConfigurations(android.hardware.camera2.params.InputConfiguration,java.util.List,android.hardware.camera2.CameraCaptureSession$StateCallback,android.os.Handler)>",
						"<android.hardware.camera2.impl.CameraDeviceImpl: void createCaptureSessionInternal(android.hardware.camera2.params.InputConfiguration,java.util.List,android.hardware.camera2.CameraCaptureSession$StateCallback,android.os.Handler,boolean)>",
						"<android.hardware.camera2.impl.CameraDeviceImpl: boolean configureStreamsChecked(android.hardware.camera2.params.InputConfiguration,java.util.List,boolean)>",
						"<android.hardware.camera2.legacy.CameraDeviceUserShim$CameraLooper: void run()>",
						"<android.hardware.Camera: int cameraInitUnspecified(int)>",
						"<android.hardware.Camera: int cameraInitVersion(int,int)>",
						"key field: <android.hardware.Camera: boolean mUsingPreviewAllocation>",
						"<android.hardware.Camera: void setParameters(android.hardware.Camera$Parameters)>"
					],
					"depth":6,
					"method":"<android.hardware.camera2.CameraDevice: void createReprocessableCaptureSessionByConfigurations(android.hardware.camera2.params.InputConfiguration,java.util.List,android.hardware.camera2.CameraCaptureSession$StateCallback,android.os.Handler)>",
					"source":"FIELDCALLER"
				},
				{
					"trace":[
						"<android.hardware.camera2.impl.CameraDeviceImpl: void createReprocessableCaptureSession(android.hardware.camera2.params.InputConfiguration,java.util.List,android.hardware.camera2.CameraCaptureSession$StateCallback,android.os.Handler)>",
						"<android.hardware.camera2.impl.CameraDeviceImpl: void createCaptureSessionInternal(android.hardware.camera2.params.InputConfiguration,java.util.List,android.hardware.camera2.CameraCaptureSession$StateCallback,android.os.Handler,boolean)>",
						"<android.hardware.camera2.impl.CameraDeviceImpl: boolean configureStreamsChecked(android.hardware.camera2.params.InputConfiguration,java.util.List,boolean)>",
						"<android.hardware.camera2.legacy.CameraDeviceUserShim$CameraLooper: void run()>",
						"<android.hardware.Camera: int cameraInitUnspecified(int)>",
						"<android.hardware.Camera: int cameraInitVersion(int,int)>",
						"key field: <android.hardware.Camera: boolean mUsingPreviewAllocation>",
						"<android.hardware.Camera: void setParameters(android.hardware.Camera$Parameters)>"
					],
					"depth":6,
					"method":"<android.hardware.camera2.impl.CameraDeviceImpl: void createReprocessableCaptureSession(android.hardware.camera2.params.InputConfiguration,java.util.List,android.hardware.camera2.CameraCaptureSession$StateCallback,android.os.Handler)>",
					"source":"FIELDCALLER"
				},
				{
					"trace":[
						"<android.hardware.camera2.CameraDevice: void createReprocessableCaptureSession(android.hardware.camera2.params.InputConfiguration,java.util.List,android.hardware.camera2.CameraCaptureSession$StateCallback,android.os.Handler)>",
						"<android.hardware.camera2.impl.CameraDeviceImpl: void createCaptureSessionInternal(android.hardware.camera2.params.InputConfiguration,java.util.List,android.hardware.camera2.CameraCaptureSession$StateCallback,android.os.Handler,boolean)>",
						"<android.hardware.camera2.impl.CameraDeviceImpl: boolean configureStreamsChecked(android.hardware.camera2.params.InputConfiguration,java.util.List,boolean)>",
						"<android.hardware.camera2.legacy.CameraDeviceUserShim$CameraLooper: void run()>",
						"<android.hardware.Camera: int cameraInitUnspecified(int)>",
						"<android.hardware.Camera: int cameraInitVersion(int,int)>",
						"key field: <android.hardware.Camera: boolean mUsingPreviewAllocation>",
						"<android.hardware.Camera: void setParameters(android.hardware.Camera$Parameters)>"
					],
					"depth":6,
					"method":"<android.hardware.camera2.CameraDevice: void createReprocessableCaptureSession(android.hardware.camera2.params.InputConfiguration,java.util.List,android.hardware.camera2.CameraCaptureSession$StateCallback,android.os.Handler)>",
					"source":"FIELDCALLER"
				},
				{
					"trace":[
						"<android.hardware.camera2.impl.CameraDeviceImpl: void createCaptureSessionByOutputConfigurations(java.util.List,android.hardware.camera2.CameraCaptureSession$StateCallback,android.os.Handler)>",
						"<android.hardware.camera2.impl.CameraDeviceImpl: void createCaptureSessionInternal(android.hardware.camera2.params.InputConfiguration,java.util.List,android.hardware.camera2.CameraCaptureSession$StateCallback,android.os.Handler,boolean)>",
						"<android.hardware.camera2.impl.CameraDeviceImpl: boolean configureStreamsChecked(android.hardware.camera2.params.InputConfiguration,java.util.List,boolean)>",
						"<android.hardware.camera2.legacy.CameraDeviceUserShim$CameraLooper: void run()>",
						"<android.hardware.Camera: int cameraInitUnspecified(int)>",
						"<android.hardware.Camera: int cameraInitVersion(int,int)>",
						"key field: <android.hardware.Camera: boolean mUsingPreviewAllocation>",
						"<android.hardware.Camera: void setParameters(android.hardware.Camera$Parameters)>"
					],
					"depth":6,
					"method":"<android.hardware.camera2.impl.CameraDeviceImpl: void createCaptureSessionByOutputConfigurations(java.util.List,android.hardware.camera2.CameraCaptureSession$StateCallback,android.os.Handler)>",
					"source":"FIELDCALLER"
				},
				{
					"trace":[
						"<android.hardware.camera2.CameraDevice: void createCaptureSessionByOutputConfigurations(java.util.List,android.hardware.camera2.CameraCaptureSession$StateCallback,android.os.Handler)>",
						"<android.hardware.camera2.impl.CameraDeviceImpl: void createCaptureSessionInternal(android.hardware.camera2.params.InputConfiguration,java.util.List,android.hardware.camera2.CameraCaptureSession$StateCallback,android.os.Handler,boolean)>",
						"<android.hardware.camera2.impl.CameraDeviceImpl: boolean configureStreamsChecked(android.hardware.camera2.params.InputConfiguration,java.util.List,boolean)>",
						"<android.hardware.camera2.legacy.CameraDeviceUserShim$CameraLooper: void run()>",
						"<android.hardware.Camera: int cameraInitUnspecified(int)>",
						"<android.hardware.Camera: int cameraInitVersion(int,int)>",
						"key field: <android.hardware.Camera: boolean mUsingPreviewAllocation>",
						"<android.hardware.Camera: void setParameters(android.hardware.Camera$Parameters)>"
					],
					"depth":6,
					"method":"<android.hardware.camera2.CameraDevice: void createCaptureSessionByOutputConfigurations(java.util.List,android.hardware.camera2.CameraCaptureSession$StateCallback,android.os.Handler)>",
					"source":"FIELDCALLER"
				},
				{
					"trace":[
						"<android.hardware.camera2.impl.CameraDeviceImpl$CameraDeviceCallbacks: void onDeviceIdle()>",
						"<android.hardware.camera2.utils.TaskDrainer$1: void run()>",
						"<android.hardware.camera2.impl.CameraCaptureSessionImpl$IdleDrainListener: void onDrained()>",
						"<android.hardware.camera2.impl.CameraDeviceImpl: boolean configureStreamsChecked(android.hardware.camera2.params.InputConfiguration,java.util.List,boolean)>",
						"<android.hardware.camera2.legacy.CameraDeviceUserShim$CameraLooper: void run()>",
						"<android.hardware.Camera: int cameraInitUnspecified(int)>",
						"<android.hardware.Camera: int cameraInitVersion(int,int)>",
						"key field: <android.hardware.Camera: boolean mUsingPreviewAllocation>",
						"<android.hardware.Camera: void setParameters(android.hardware.Camera$Parameters)>"
					],
					"depth":7,
					"method":"<android.hardware.camera2.impl.CameraDeviceImpl$CameraDeviceCallbacks: void onDeviceIdle()>",
					"source":"FIELDCALLER"
				},
				{
					"trace":[
						"<android.hardware.camera2.impl.CameraDeviceImpl$CameraDeviceCallbacks: void onResultReceived(android.hardware.camera2.impl.CameraMetadataNative,android.hardware.camera2.impl.CaptureResultExtras)>",
						"<android.hardware.camera2.utils.TaskDrainer$1: void run()>",
						"<android.hardware.camera2.impl.CameraCaptureSessionImpl$IdleDrainListener: void onDrained()>",
						"<android.hardware.camera2.impl.CameraDeviceImpl: boolean configureStreamsChecked(android.hardware.camera2.params.InputConfiguration,java.util.List,boolean)>",
						"<android.hardware.camera2.legacy.CameraDeviceUserShim$CameraLooper: void run()>",
						"<android.hardware.Camera: int cameraInitUnspecified(int)>",
						"<android.hardware.Camera: int cameraInitVersion(int,int)>",
						"key field: <android.hardware.Camera: boolean mUsingPreviewAllocation>",
						"<android.hardware.Camera: void setParameters(android.hardware.Camera$Parameters)>"
					],
					"depth":7,
					"method":"<android.hardware.camera2.impl.CameraDeviceImpl$CameraDeviceCallbacks: void onResultReceived(android.hardware.camera2.impl.CameraMetadataNative,android.hardware.camera2.impl.CaptureResultExtras)>",
					"source":"FIELDCALLER"
				},
				{
					"trace":[
						"<android.widget.ViewFlipper$2: void run()>",
						"<android.hardware.camera2.utils.TaskDrainer$1: void run()>",
						"<android.hardware.camera2.impl.CameraCaptureSessionImpl$IdleDrainListener: void onDrained()>",
						"<android.hardware.camera2.impl.CameraDeviceImpl: boolean configureStreamsChecked(android.hardware.camera2.params.InputConfiguration,java.util.List,boolean)>",
						"<android.hardware.camera2.legacy.CameraDeviceUserShim$CameraLooper: void run()>",
						"<android.hardware.Camera: int cameraInitUnspecified(int)>",
						"<android.hardware.Camera: int cameraInitVersion(int,int)>",
						"key field: <android.hardware.Camera: boolean mUsingPreviewAllocation>",
						"<android.hardware.Camera: void setParameters(android.hardware.Camera$Parameters)>"
					],
					"depth":7,
					"method":"<android.widget.ViewFlipper$2: void run()>",
					"source":"FIELDCALLER"
				},
				{
					"trace":[
						"<android.hardware.camera2.impl.CameraDeviceImpl$CameraDeviceCallbacks: void onDeviceError(int,android.hardware.camera2.impl.CaptureResultExtras)>",
						"<android.hardware.camera2.impl.CameraDeviceImpl$CameraDeviceCallbacks: void onCaptureErrorLocked(int,android.hardware.camera2.impl.CaptureResultExtras)>",
						"<android.hardware.camera2.utils.TaskDrainer$1: void run()>",
						"<android.hardware.camera2.impl.CameraCaptureSessionImpl$IdleDrainListener: void onDrained()>",
						"<android.hardware.camera2.impl.CameraDeviceImpl: boolean configureStreamsChecked(android.hardware.camera2.params.InputConfiguration,java.util.List,boolean)>",
						"<android.hardware.camera2.legacy.CameraDeviceUserShim$CameraLooper: void run()>",
						"<android.hardware.Camera: int cameraInitUnspecified(int)>",
						"<android.hardware.Camera: int cameraInitVersion(int,int)>",
						"key field: <android.hardware.Camera: boolean mUsingPreviewAllocation>",
						"<android.hardware.Camera: void setParameters(android.hardware.Camera$Parameters)>"
					],
					"depth":8,
					"method":"<android.hardware.camera2.impl.CameraDeviceImpl$CameraDeviceCallbacks: void onDeviceError(int,android.hardware.camera2.impl.CaptureResultExtras)>",
					"source":"FIELDCALLER"
				},
				{
					"trace":[
						"<android.hardware.camera2.legacy.LegacyCameraDevice$1$1: void run()>",
						"<android.hardware.camera2.impl.CameraDeviceImpl$CameraDeviceCallbacks: void onDeviceError(int,android.hardware.camera2.impl.CaptureResultExtras)>",
						"<android.hardware.camera2.utils.TaskDrainer$1: void run()>",
						"<android.hardware.camera2.impl.CameraCaptureSessionImpl$IdleDrainListener: void onDrained()>",
						"<android.hardware.camera2.impl.CameraDeviceImpl: boolean configureStreamsChecked(android.hardware.camera2.params.InputConfiguration,java.util.List,boolean)>",
						"<android.hardware.camera2.legacy.CameraDeviceUserShim$CameraLooper: void run()>",
						"<android.hardware.Camera: int cameraInitUnspecified(int)>",
						"<android.hardware.Camera: int cameraInitVersion(int,int)>",
						"key field: <android.hardware.Camera: boolean mUsingPreviewAllocation>",
						"<android.hardware.Camera: void setParameters(android.hardware.Camera$Parameters)>"
					],
					"depth":8,
					"method":"<android.hardware.camera2.legacy.LegacyCameraDevice$1$1: void run()>",
					"source":"FIELDCALLER"
				},
				{
					"trace":[
						"<android.hardware.camera2.legacy.CameraDeviceUserShim$CameraCallbackThread$CallbackHandler: void handleMessage(android.os.Message)>",
						"<android.hardware.camera2.impl.CameraDeviceImpl$CameraDeviceCallbacks: void onDeviceError(int,android.hardware.camera2.impl.CaptureResultExtras)>",
						"<android.hardware.camera2.utils.TaskDrainer$1: void run()>",
						"<android.hardware.camera2.impl.CameraCaptureSessionImpl$IdleDrainListener: void onDrained()>",
						"<android.hardware.camera2.impl.CameraDeviceImpl: boolean configureStreamsChecked(android.hardware.camera2.params.InputConfiguration,java.util.List,boolean)>",
						"<android.hardware.camera2.legacy.CameraDeviceUserShim$CameraLooper: void run()>",
						"<android.hardware.Camera: int cameraInitUnspecified(int)>",
						"<android.hardware.Camera: int cameraInitVersion(int,int)>",
						"key field: <android.hardware.Camera: boolean mUsingPreviewAllocation>",
						"<android.hardware.Camera: void setParameters(android.hardware.Camera$Parameters)>"
					],
					"depth":8,
					"method":"<android.hardware.camera2.legacy.CameraDeviceUserShim$CameraCallbackThread$CallbackHandler: void handleMessage(android.os.Message)>",
					"source":"FIELDCALLER"
				},
				{
					"trace":[
						"<android.hardware.camera2.ICameraDeviceCallbacks$Stub: boolean onTransact(int,android.os.Parcel,android.os.Parcel,int)>",
						"<android.hardware.camera2.impl.CameraDeviceImpl$CameraDeviceCallbacks: void onDeviceError(int,android.hardware.camera2.impl.CaptureResultExtras)>",
						"<android.hardware.camera2.utils.TaskDrainer$1: void run()>",
						"<android.hardware.camera2.impl.CameraCaptureSessionImpl$IdleDrainListener: void onDrained()>",
						"<android.hardware.camera2.impl.CameraDeviceImpl: boolean configureStreamsChecked(android.hardware.camera2.params.InputConfiguration,java.util.List,boolean)>",
						"<android.hardware.camera2.legacy.CameraDeviceUserShim$CameraLooper: void run()>",
						"<android.hardware.Camera: int cameraInitUnspecified(int)>",
						"<android.hardware.Camera: int cameraInitVersion(int,int)>",
						"key field: <android.hardware.Camera: boolean mUsingPreviewAllocation>",
						"<android.hardware.Camera: void setParameters(android.hardware.Camera$Parameters)>"
					],
					"depth":8,
					"method":"<android.hardware.camera2.ICameraDeviceCallbacks$Stub: boolean onTransact(int,android.os.Parcel,android.os.Parcel,int)>",
					"source":"FIELDCALLER"
				},
				{
					"trace":[
						"<android.hardware.camera2.legacy.LegacyCameraDevice$1$2: void run()>",
						"<android.hardware.camera2.impl.CameraDeviceImpl$CameraDeviceCallbacks: void onDeviceIdle()>",
						"<android.hardware.camera2.utils.TaskDrainer$1: void run()>",
						"<android.hardware.camera2.impl.CameraCaptureSessionImpl$IdleDrainListener: void onDrained()>",
						"<android.hardware.camera2.impl.CameraDeviceImpl: boolean configureStreamsChecked(android.hardware.camera2.params.InputConfiguration,java.util.List,boolean)>",
						"<android.hardware.camera2.legacy.CameraDeviceUserShim$CameraLooper: void run()>",
						"<android.hardware.Camera: int cameraInitUnspecified(int)>",
						"<android.hardware.Camera: int cameraInitVersion(int,int)>",
						"key field: <android.hardware.Camera: boolean mUsingPreviewAllocation>",
						"<android.hardware.Camera: void setParameters(android.hardware.Camera$Parameters)>"
					],
					"depth":8,
					"method":"<android.hardware.camera2.legacy.LegacyCameraDevice$1$2: void run()>",
					"source":"FIELDCALLER"
				},
				{
					"trace":[
						"<android.hardware.camera2.legacy.LegacyCameraDevice$1$4: void run()>",
						"<android.hardware.camera2.impl.CameraDeviceImpl$CameraDeviceCallbacks: void onResultReceived(android.hardware.camera2.impl.CameraMetadataNative,android.hardware.camera2.impl.CaptureResultExtras)>",
						"<android.hardware.camera2.utils.TaskDrainer$1: void run()>",
						"<android.hardware.camera2.impl.CameraCaptureSessionImpl$IdleDrainListener: void onDrained()>",
						"<android.hardware.camera2.impl.CameraDeviceImpl: boolean configureStreamsChecked(android.hardware.camera2.params.InputConfiguration,java.util.List,boolean)>",
						"<android.hardware.camera2.legacy.CameraDeviceUserShim$CameraLooper: void run()>",
						"<android.hardware.Camera: int cameraInitUnspecified(int)>",
						"<android.hardware.Camera: int cameraInitVersion(int,int)>",
						"key field: <android.hardware.Camera: boolean mUsingPreviewAllocation>",
						"<android.hardware.Camera: void setParameters(android.hardware.Camera$Parameters)>"
					],
					"depth":8,
					"method":"<android.hardware.camera2.legacy.LegacyCameraDevice$1$4: void run()>",
					"source":"FIELDCALLER"
				},
				{
					"trace":[
						"<android.app.SharedPreferencesImpl$2: void run()>",
						"<android.widget.ViewFlipper$2: void run()>",
						"<android.hardware.camera2.utils.TaskDrainer$1: void run()>",
						"<android.hardware.camera2.impl.CameraCaptureSessionImpl$IdleDrainListener: void onDrained()>",
						"<android.hardware.camera2.impl.CameraDeviceImpl: boolean configureStreamsChecked(android.hardware.camera2.params.InputConfiguration,java.util.List,boolean)>",
						"<android.hardware.camera2.legacy.CameraDeviceUserShim$CameraLooper: void run()>",
						"<android.hardware.Camera: int cameraInitUnspecified(int)>",
						"<android.hardware.Camera: int cameraInitVersion(int,int)>",
						"key field: <android.hardware.Camera: boolean mUsingPreviewAllocation>",
						"<android.hardware.Camera: void setParameters(android.hardware.Camera$Parameters)>"
					],
					"depth":8,
					"method":"<android.app.SharedPreferencesImpl$2: void run()>",
					"source":"FIELDCALLER"
				},
				{
					"trace":[
						"<android.app.Instrumentation$SyncRunnable: void run()>",
						"<android.widget.ViewFlipper$2: void run()>",
						"<android.hardware.camera2.utils.TaskDrainer$1: void run()>",
						"<android.hardware.camera2.impl.CameraCaptureSessionImpl$IdleDrainListener: void onDrained()>",
						"<android.hardware.camera2.impl.CameraDeviceImpl: boolean configureStreamsChecked(android.hardware.camera2.params.InputConfiguration,java.util.List,boolean)>",
						"<android.hardware.camera2.legacy.CameraDeviceUserShim$CameraLooper: void run()>",
						"<android.hardware.Camera: int cameraInitUnspecified(int)>",
						"<android.hardware.Camera: int cameraInitVersion(int,int)>",
						"key field: <android.hardware.Camera: boolean mUsingPreviewAllocation>",
						"<android.hardware.Camera: void setParameters(android.hardware.Camera$Parameters)>"
					],
					"depth":8,
					"method":"<android.app.Instrumentation$SyncRunnable: void run()>",
					"source":"FIELDCALLER"
				},
				{
					"trace":[
						"<android.widget.TextClock$2: void run()>",
						"<android.widget.ViewFlipper$2: void run()>",
						"<android.hardware.camera2.utils.TaskDrainer$1: void run()>",
						"<android.hardware.camera2.impl.CameraCaptureSessionImpl$IdleDrainListener: void onDrained()>",
						"<android.hardware.camera2.impl.CameraDeviceImpl: boolean configureStreamsChecked(android.hardware.camera2.params.InputConfiguration,java.util.List,boolean)>",
						"<android.hardware.camera2.legacy.CameraDeviceUserShim$CameraLooper: void run()>",
						"<android.hardware.Camera: int cameraInitUnspecified(int)>",
						"<android.hardware.Camera: int cameraInitVersion(int,int)>",
						"key field: <android.hardware.Camera: boolean mUsingPreviewAllocation>",
						"<android.hardware.Camera: void setParameters(android.hardware.Camera$Parameters)>"
					],
					"depth":8,
					"method":"<android.widget.TextClock$2: void run()>",
					"source":"FIELDCALLER"
				},
				{
					"trace":[
						"<android.widget.Chronometer$1: void run()>",
						"<android.widget.ViewFlipper$2: void run()>",
						"<android.hardware.camera2.utils.TaskDrainer$1: void run()>",
						"<android.hardware.camera2.impl.CameraCaptureSessionImpl$IdleDrainListener: void onDrained()>",
						"<android.hardware.camera2.impl.CameraDeviceImpl: boolean configureStreamsChecked(android.hardware.camera2.params.InputConfiguration,java.util.List,boolean)>",
						"<android.hardware.camera2.legacy.CameraDeviceUserShim$CameraLooper: void run()>",
						"<android.hardware.Camera: int cameraInitUnspecified(int)>",
						"<android.hardware.Camera: int cameraInitVersion(int,int)>",
						"key field: <android.hardware.Camera: boolean mUsingPreviewAllocation>",
						"<android.hardware.Camera: void setParameters(android.hardware.Camera$Parameters)>"
					],
					"depth":8,
					"method":"<android.widget.Chronometer$1: void run()>",
					"source":"FIELDCALLER"
				},
				{
					"trace":[
						"<android.widget.MediaController$4: void run()>",
						"<android.widget.ViewFlipper$2: void run()>",
						"<android.hardware.camera2.utils.TaskDrainer$1: void run()>",
						"<android.hardware.camera2.impl.CameraCaptureSessionImpl$IdleDrainListener: void onDrained()>",
						"<android.hardware.camera2.impl.CameraDeviceImpl: boolean configureStreamsChecked(android.hardware.camera2.params.InputConfiguration,java.util.List,boolean)>",
						"<android.hardware.camera2.legacy.CameraDeviceUserShim$CameraLooper: void run()>",
						"<android.hardware.Camera: int cameraInitUnspecified(int)>",
						"<android.hardware.Camera: int cameraInitVersion(int,int)>",
						"key field: <android.hardware.Camera: boolean mUsingPreviewAllocation>",
						"<android.hardware.Camera: void setParameters(android.hardware.Camera$Parameters)>"
					],
					"depth":8,
					"method":"<android.widget.MediaController$4: void run()>",
					"source":"FIELDCALLER"
				},
				{
					"trace":[
						"<android.app.ActivityView$SerialExecutor$1: void run()>",
						"<android.widget.ViewFlipper$2: void run()>",
						"<android.hardware.camera2.utils.TaskDrainer$1: void run()>",
						"<android.hardware.camera2.impl.CameraCaptureSessionImpl$IdleDrainListener: void onDrained()>",
						"<android.hardware.camera2.impl.CameraDeviceImpl: boolean configureStreamsChecked(android.hardware.camera2.params.InputConfiguration,java.util.List,boolean)>",
						"<android.hardware.camera2.legacy.CameraDeviceUserShim$CameraLooper: void run()>",
						"<android.hardware.Camera: int cameraInitUnspecified(int)>",
						"<android.hardware.Camera: int cameraInitVersion(int,int)>",
						"key field: <android.hardware.Camera: boolean mUsingPreviewAllocation>",
						"<android.hardware.Camera: void setParameters(android.hardware.Camera$Parameters)>"
					],
					"depth":8,
					"method":"<android.app.ActivityView$SerialExecutor$1: void run()>",
					"source":"FIELDCALLER"
				},
				{
					"trace":[
						"<android.os.AsyncTask$SerialExecutor$1: void run()>",
						"<android.widget.ViewFlipper$2: void run()>",
						"<android.hardware.camera2.utils.TaskDrainer$1: void run()>",
						"<android.hardware.camera2.impl.CameraCaptureSessionImpl$IdleDrainListener: void onDrained()>",
						"<android.hardware.camera2.impl.CameraDeviceImpl: boolean configureStreamsChecked(android.hardware.camera2.params.InputConfiguration,java.util.List,boolean)>",
						"<android.hardware.camera2.legacy.CameraDeviceUserShim$CameraLooper: void run()>",
						"<android.hardware.Camera: int cameraInitUnspecified(int)>",
						"<android.hardware.Camera: int cameraInitVersion(int,int)>",
						"key field: <android.hardware.Camera: boolean mUsingPreviewAllocation>",
						"<android.hardware.Camera: void setParameters(android.hardware.Camera$Parameters)>"
					],
					"depth":8,
					"method":"<android.os.AsyncTask$SerialExecutor$1: void run()>",
					"source":"FIELDCALLER"
				},
				{
					"trace":[
						"<android.widget.DigitalClock$1: void run()>",
						"<android.widget.ViewFlipper$2: void run()>",
						"<android.hardware.camera2.utils.TaskDrainer$1: void run()>",
						"<android.hardware.camera2.impl.CameraCaptureSessionImpl$IdleDrainListener: void onDrained()>",
						"<android.hardware.camera2.impl.CameraDeviceImpl: boolean configureStreamsChecked(android.hardware.camera2.params.InputConfiguration,java.util.List,boolean)>",
						"<android.hardware.camera2.legacy.CameraDeviceUserShim$CameraLooper: void run()>",
						"<android.hardware.Camera: int cameraInitUnspecified(int)>",
						"<android.hardware.Camera: int cameraInitVersion(int,int)>",
						"key field: <android.hardware.Camera: boolean mUsingPreviewAllocation>",
						"<android.hardware.Camera: void setParameters(android.hardware.Camera$Parameters)>"
					],
					"depth":8,
					"method":"<android.widget.DigitalClock$1: void run()>",
					"source":"FIELDCALLER"
				},
				{
					"trace":[
						"<android.app.SharedPreferencesImpl$EditorImpl$2: void run()>",
						"<android.widget.ViewFlipper$2: void run()>",
						"<android.hardware.camera2.utils.TaskDrainer$1: void run()>",
						"<android.hardware.camera2.impl.CameraCaptureSessionImpl$IdleDrainListener: void onDrained()>",
						"<android.hardware.camera2.impl.CameraDeviceImpl: boolean configureStreamsChecked(android.hardware.camera2.params.InputConfiguration,java.util.List,boolean)>",
						"<android.hardware.camera2.legacy.CameraDeviceUserShim$CameraLooper: void run()>",
						"<android.hardware.Camera: int cameraInitUnspecified(int)>",
						"<android.hardware.Camera: int cameraInitVersion(int,int)>",
						"key field: <android.hardware.Camera: boolean mUsingPreviewAllocation>",
						"<android.hardware.Camera: void setParameters(android.hardware.Camera$Parameters)>"
					],
					"depth":8,
					"method":"<android.app.SharedPreferencesImpl$EditorImpl$2: void run()>",
					"source":"FIELDCALLER"
				},
				{
					"trace":[
						"<android.test.InstrumentationTestCase$1: void run()>",
						"<android.widget.ViewFlipper$2: void run()>",
						"<android.hardware.camera2.utils.TaskDrainer$1: void run()>",
						"<android.hardware.camera2.impl.CameraCaptureSessionImpl$IdleDrainListener: void onDrained()>",
						"<android.hardware.camera2.impl.CameraDeviceImpl: boolean configureStreamsChecked(android.hardware.camera2.params.InputConfiguration,java.util.List,boolean)>",
						"<android.hardware.camera2.legacy.CameraDeviceUserShim$CameraLooper: void run()>",
						"<android.hardware.Camera: int cameraInitUnspecified(int)>",
						"<android.hardware.Camera: int cameraInitVersion(int,int)>",
						"key field: <android.hardware.Camera: boolean mUsingPreviewAllocation>",
						"<android.hardware.Camera: void setParameters(android.hardware.Camera$Parameters)>"
					],
					"depth":8,
					"method":"<android.test.InstrumentationTestCase$1: void run()>",
					"source":"FIELDCALLER"
				},
				{
					"trace":[
						"<android.os.Handler$BlockingRunnable: void run()>",
						"<android.widget.ViewFlipper$2: void run()>",
						"<android.hardware.camera2.utils.TaskDrainer$1: void run()>",
						"<android.hardware.camera2.impl.CameraCaptureSessionImpl$IdleDrainListener: void onDrained()>",
						"<android.hardware.camera2.impl.CameraDeviceImpl: boolean configureStreamsChecked(android.hardware.camera2.params.InputConfiguration,java.util.List,boolean)>",
						"<android.hardware.camera2.legacy.CameraDeviceUserShim$CameraLooper: void run()>",
						"<android.hardware.Camera: int cameraInitUnspecified(int)>",
						"<android.hardware.Camera: int cameraInitVersion(int,int)>",
						"key field: <android.hardware.Camera: boolean mUsingPreviewAllocation>",
						"<android.hardware.Camera: void setParameters(android.hardware.Camera$Parameters)>"
					],
					"depth":8,
					"method":"<android.os.Handler$BlockingRunnable: void run()>",
					"source":"FIELDCALLER"
				},
				{
					"trace":[
						"<java.lang.Thread: void run()>",
						"<android.widget.ViewFlipper$2: void run()>",
						"<android.hardware.camera2.utils.TaskDrainer$1: void run()>",
						"<android.hardware.camera2.impl.CameraCaptureSessionImpl$IdleDrainListener: void onDrained()>",
						"<android.hardware.camera2.impl.CameraDeviceImpl: boolean configureStreamsChecked(android.hardware.camera2.params.InputConfiguration,java.util.List,boolean)>",
						"<android.hardware.camera2.legacy.CameraDeviceUserShim$CameraLooper: void run()>",
						"<android.hardware.Camera: int cameraInitUnspecified(int)>",
						"<android.hardware.Camera: int cameraInitVersion(int,int)>",
						"key field: <android.hardware.Camera: boolean mUsingPreviewAllocation>",
						"<android.hardware.Camera: void setParameters(android.hardware.Camera$Parameters)>"
					],
					"depth":8,
					"method":"<java.lang.Thread: void run()>",
					"source":"FIELDCALLER"
				}
			],
			"callerOfSingnlar2SourceVar":{
				"<android.hardware.Camera: void setParameters(android.hardware.Camera$Parameters)>":"0"
			}
		},
		{
			"method":"<android.hardware.Camera: android.hardware.Camera$Parameters getParametersCopy(android.hardware.Camera$Parameters)>",
			"message":"\\Qparameters must not be null\\E",
			"relatedVarType":"Parameter",
			"relatedCondType":"Basic",
			"modifier":"public",
			"type":"java.lang.NullPointerException",
			"osVersionRelated":false,
			"resourceRelated":false,
			"assessRelated":false,
			"hardwareRelated":true,
			"manifestRelated":false,
			"conditions":"r0 != null",
			"paramValues":"@parameter0: android.hardware.Camera$Parameters",
			"relatedValues":"@parameter0: android.hardware.Camera$Parameters; ; ",
			"keyAPISameClassNum":0,
			"keyAPIDiffClassNum":0,
			"keyAPISameClass":[
				{
					"trace":[
						"<android.hardware.Camera: android.hardware.Camera$Parameters getParametersCopy(android.hardware.Camera$Parameters)>"
					],
					"depth":0,
					"method":"<android.hardware.Camera: android.hardware.Camera$Parameters getParametersCopy(android.hardware.Camera$Parameters)>",
					"source":"CALLER"
				}
			],
			"keyAPIDiffClass":[
				{
					"trace":[
						"<android.hardware.camera2.legacy.LegacyRequest: void <init>(android.hardware.camera2.CameraCharacteristics,android.hardware.camera2.CaptureRequest,android.util.Size,android.hardware.Camera$Parameters)>",
						"<android.hardware.Camera: android.hardware.Camera$Parameters getParametersCopy(android.hardware.Camera$Parameters)>"
					],
					"depth":1,
					"method":"<android.hardware.camera2.legacy.LegacyRequest: void <init>(android.hardware.camera2.CameraCharacteristics,android.hardware.camera2.CaptureRequest,android.util.Size,android.hardware.Camera$Parameters)>",
					"source":"CALLER"
				}
			],
			"callerOfSingnlar2SourceVar":{
				"<android.hardware.Camera: android.hardware.Camera$Parameters getParametersCopy(android.hardware.Camera$Parameters)>":"0",
				"<android.hardware.camera2.legacy.LegacyRequest: void <init>(android.hardware.camera2.CameraCharacteristics,android.hardware.camera2.CaptureRequest,android.util.Size,android.hardware.Camera$Parameters)>":"3"
			}
		}
	]
}