{
	"exceptions":[
		{
			"method":"<android.hardware.SystemSensorManager: boolean requestTriggerSensorImpl(android.hardware.TriggerEventListener,android.hardware.Sensor)>",
			"message":"\\Qsensor cannot be null\\E",
			"relatedVarType":"Parameter",
			"relatedCondType":"Basic",
			"modifier":"protected",
			"type":"java.lang.IllegalArgumentException",
			"osVersionRelated":false,
			"resourceRelated":false,
			"assessRelated":false,
			"hardwareRelated":true,
			"manifestRelated":false,
			"conditions":"r0 != null",
			"paramValues":"@parameter1: android.hardware.Sensor",
			"relatedValues":"@parameter1: android.hardware.Sensor; ; ",
			"keyAPISameClassNum":0,
			"keyAPIDiffClassNum":0,
			"keyAPISameClass":[
				{
					"trace":[
						"<android.hardware.SystemSensorManager: boolean requestTriggerSensorImpl(android.hardware.TriggerEventListener,android.hardware.Sensor)>"
					],
					"depth":0,
					"method":"<android.hardware.SystemSensorManager: boolean requestTriggerSensorImpl(android.hardware.TriggerEventListener,android.hardware.Sensor)>",
					"source":"CALLER"
				}
			],
			"keyAPIDiffClass":[],
			"callerOfSingnlar2SourceVar":{
				"<android.hardware.SystemSensorManager: boolean requestTriggerSensorImpl(android.hardware.TriggerEventListener,android.hardware.Sensor)>":"1"
			}
		},
		{
			"method":"<android.hardware.SystemSensorManager: boolean requestTriggerSensorImpl(android.hardware.TriggerEventListener,android.hardware.Sensor)>",
			"message":"\\Qlistener cannot be null\\E",
			"relatedVarType":"Parameter",
			"relatedCondType":"Basic",
			"modifier":"protected",
			"type":"java.lang.IllegalArgumentException",
			"osVersionRelated":false,
			"resourceRelated":false,
			"assessRelated":false,
			"hardwareRelated":true,
			"manifestRelated":false,
			"conditions":"r1 != null, r0 != null",
			"paramValues":"@parameter0: android.hardware.TriggerEventListener, @parameter1: android.hardware.Sensor",
			"relatedValues":"@parameter0: android.hardware.TriggerEventListener, @parameter1: android.hardware.Sensor; ; ",
			"keyAPISameClassNum":0,
			"keyAPIDiffClassNum":0,
			"keyAPISameClass":[
				{
					"trace":[
						"<android.hardware.SystemSensorManager: boolean requestTriggerSensorImpl(android.hardware.TriggerEventListener,android.hardware.Sensor)>"
					],
					"depth":0,
					"method":"<android.hardware.SystemSensorManager: boolean requestTriggerSensorImpl(android.hardware.TriggerEventListener,android.hardware.Sensor)>",
					"source":"CALLER"
				}
			],
			"keyAPIDiffClass":[],
			"callerOfSingnlar2SourceVar":{
				"<android.hardware.SystemSensorManager: boolean requestTriggerSensorImpl(android.hardware.TriggerEventListener,android.hardware.Sensor)>":"0, 1"
			}
		},
		{
			"method":"<android.hardware.SystemSensorManager: boolean flushImpl(android.hardware.SensorEventListener)>",
			"message":"\\Qlistener cannot be null\\E",
			"relatedVarType":"Parameter",
			"relatedCondType":"Basic",
			"modifier":"protected",
			"type":"java.lang.IllegalArgumentException",
			"osVersionRelated":false,
			"resourceRelated":false,
			"assessRelated":false,
			"hardwareRelated":true,
			"manifestRelated":false,
			"conditions":"r0 != null",
			"paramValues":"@parameter0: android.hardware.SensorEventListener",
			"relatedValues":"@parameter0: android.hardware.SensorEventListener; ; ",
			"keyAPISameClassNum":0,
			"keyAPIDiffClassNum":0,
			"keyAPISameClass":[
				{
					"trace":[
						"<android.hardware.SystemSensorManager: boolean flushImpl(android.hardware.SensorEventListener)>"
					],
					"depth":0,
					"method":"<android.hardware.SystemSensorManager: boolean flushImpl(android.hardware.SensorEventListener)>",
					"source":"CALLER"
				}
			],
			"keyAPIDiffClass":[],
			"callerOfSingnlar2SourceVar":{
				"<android.hardware.SystemSensorManager: boolean flushImpl(android.hardware.SensorEventListener)>":"0"
			}
		},
		{
			"method":"<android.hardware.SystemSensorManager: void registerDynamicSensorCallbackImpl(android.hardware.SensorManager$DynamicSensorCallback,android.os.Handler)>",
			"message":"\\Qcallback cannot be null\\E",
			"relatedVarType":"ParaAndField",
			"relatedCondType":"Basic",
			"modifier":"protected",
			"type":"java.lang.IllegalArgumentException",
			"osVersionRelated":false,
			"resourceRelated":false,
			"assessRelated":false,
			"hardwareRelated":true,
			"manifestRelated":false,
			"conditions":"r0 != null, $z0 == 0",
			"paramValues":"@parameter0: android.hardware.SensorManager$DynamicSensorCallback",
			"fieldValues":"<android.hardware.SystemSensorManager: boolean DEBUG_DYNAMIC_SENSOR>",
			"relatedValues":"@parameter0: android.hardware.SensorManager$DynamicSensorCallback; <android.hardware.SystemSensorManager: boolean DEBUG_DYNAMIC_SENSOR>; ",
			"keyAPISameClassNum":1,
			"keyAPIDiffClassNum":2,
			"keyAPISameClass":[
				{
					"trace":[
						"<android.hardware.SystemSensorManager: void <init>(android.content.Context,android.os.Looper)>",
						"<android.hardware.SystemSensorManager: void <clinit>()>",
						"key field: <android.hardware.SystemSensorManager: boolean DEBUG_DYNAMIC_SENSOR>",
						"<android.hardware.SystemSensorManager: void registerDynamicSensorCallbackImpl(android.hardware.SensorManager$DynamicSensorCallback,android.os.Handler)>"
					],
					"depth":2,
					"method":"<android.hardware.SystemSensorManager: void <init>(android.content.Context,android.os.Looper)>",
					"source":"FIELDCALLER"
				}
			],
			"keyAPIDiffClass":[
				{
					"trace":[
						"<android.hardware.SystemSensorManager$2: void onReceive(android.content.Context,android.content.Intent)>",
						"<android.hardware.SystemSensorManager: void <clinit>()>",
						"key field: <android.hardware.SystemSensorManager: boolean DEBUG_DYNAMIC_SENSOR>",
						"<android.hardware.SystemSensorManager: void registerDynamicSensorCallbackImpl(android.hardware.SensorManager$DynamicSensorCallback,android.os.Handler)>"
					],
					"depth":2,
					"method":"<android.hardware.SystemSensorManager$2: void onReceive(android.content.Context,android.content.Intent)>",
					"source":"FIELDCALLER"
				},
				{
					"trace":[
						"<android.hardware.SystemSensorManager$BaseEventQueue: boolean removeAllSensors()>",
						"<android.hardware.SystemSensorManager: void <clinit>()>",
						"key field: <android.hardware.SystemSensorManager: boolean DEBUG_DYNAMIC_SENSOR>",
						"<android.hardware.SystemSensorManager: void registerDynamicSensorCallbackImpl(android.hardware.SensorManager$DynamicSensorCallback,android.os.Handler)>"
					],
					"depth":2,
					"method":"<android.hardware.SystemSensorManager$BaseEventQueue: boolean removeAllSensors()>",
					"source":"FIELDCALLER"
				}
			],
			"callerOfSingnlar2SourceVar":{
				"<android.hardware.SystemSensorManager: void registerDynamicSensorCallbackImpl(android.hardware.SensorManager$DynamicSensorCallback,android.os.Handler)>":"0"
			}
		}
	]
}