{
	"exceptions":[
		{
			"method":"<android.hardware.SerialManager: java.lang.String[] getSerialPorts()>",
			"message":"[\\s\\S]*",
			"relatedVarType":"Unknown",
			"relatedCondType":"Empty",
			"modifier":"public",
			"type":"java.lang.RuntimeException",
			"osVersionRelated":false,
			"resourceRelated":false,
			"assessRelated":false,
			"hardwareRelated":true,
			"manifestRelated":false,
			"caughtValues":"@caughtexception",
			"relatedValues":"; ; @caughtexception",
			"keyAPISameClassNum":0,
			"keyAPIDiffClassNum":0,
			"keyAPISameClass":[],
			"keyAPIDiffClass":[],
			"callerOfSingnlar2SourceVar":{}
		},
		{
			"method":"<android.hardware.SerialManager: android.hardware.SerialPort openSerialPort(java.lang.String,int)>",
			"message":"\\QCould not open serial port \\E[\\s\\S]*",
			"relatedVarType":"ParaAndField",
			"relatedCondType":"Basic",
			"modifier":"public",
			"type":"java.io.IOException",
			"osVersionRelated":false,
			"resourceRelated":false,
			"assessRelated":false,
			"hardwareRelated":true,
			"manifestRelated":false,
			"conditions":"r12 == null",
			"paramValues":"@parameter0: java.lang.String",
			"fieldValues":"<android.hardware.SerialManager: android.hardware.ISerialManager mService>",
			"relatedValues":"@parameter0: java.lang.String; <android.hardware.SerialManager: android.hardware.ISerialManager mService>; ",
			"keyAPISameClassNum":3,
			"keyAPIDiffClassNum":0,
			"keyAPISameClass":[
				{
					"trace":[
						"<android.hardware.SerialManager: android.hardware.SerialPort openSerialPort(java.lang.String,int)>"
					],
					"depth":1,
					"method":"<android.hardware.SerialManager: void <init>(android.content.Context,android.hardware.ISerialManager)>",
					"source":"FIELD"
				},
				{
					"trace":[
						"<android.hardware.SerialManager: android.hardware.SerialPort openSerialPort(java.lang.String,int)>"
					],
					"depth":1,
					"method":"<android.hardware.SerialManager: java.lang.String[] getSerialPorts()>",
					"source":"FIELD"
				},
				{
					"trace":[
						"<android.hardware.SerialManager: android.hardware.SerialPort openSerialPort(java.lang.String,int)>"
					],
					"depth":1,
					"method":"<android.hardware.SerialManager: android.hardware.SerialPort openSerialPort(java.lang.String,int)>",
					"source":"FIELD"
				}
			],
			"keyAPIDiffClass":[],
			"callerOfSingnlar2SourceVar":{
				"<android.hardware.SerialManager: android.hardware.SerialPort openSerialPort(java.lang.String,int)>":"0"
			}
		},
		{
			"method":"<android.hardware.SerialManager: android.hardware.SerialPort openSerialPort(java.lang.String,int)>",
			"message":"[\\s\\S]*",
			"relatedVarType":"ParaAndField",
			"relatedCondType":"Basic",
			"modifier":"public",
			"type":"java.lang.RuntimeException",
			"osVersionRelated":false,
			"resourceRelated":false,
			"assessRelated":false,
			"hardwareRelated":true,
			"manifestRelated":false,
			"conditions":"r12 == null",
			"paramValues":"@parameter0: java.lang.String",
			"fieldValues":"<android.hardware.SerialManager: android.hardware.ISerialManager mService>",
			"caughtValues":"@caughtexception",
			"relatedValues":"@parameter0: java.lang.String; <android.hardware.SerialManager: android.hardware.ISerialManager mService>; @caughtexception",
			"keyAPISameClassNum":3,
			"keyAPIDiffClassNum":0,
			"keyAPISameClass":[
				{
					"trace":[
						"<android.hardware.SerialManager: android.hardware.SerialPort openSerialPort(java.lang.String,int)>"
					],
					"depth":1,
					"method":"<android.hardware.SerialManager: void <init>(android.content.Context,android.hardware.ISerialManager)>",
					"source":"FIELD"
				},
				{
					"trace":[
						"<android.hardware.SerialManager: android.hardware.SerialPort openSerialPort(java.lang.String,int)>"
					],
					"depth":1,
					"method":"<android.hardware.SerialManager: java.lang.String[] getSerialPorts()>",
					"source":"FIELD"
				},
				{
					"trace":[
						"<android.hardware.SerialManager: android.hardware.SerialPort openSerialPort(java.lang.String,int)>"
					],
					"depth":1,
					"method":"<android.hardware.SerialManager: android.hardware.SerialPort openSerialPort(java.lang.String,int)>",
					"source":"FIELD"
				}
			],
			"keyAPIDiffClass":[],
			"callerOfSingnlar2SourceVar":{
				"<android.hardware.SerialManager: android.hardware.SerialPort openSerialPort(java.lang.String,int)>":"0"
			}
		}
	]
}