{
	"exceptions":[
		{
			"method":"<android.hardware.camera2.legacy.ParameterUtils: int getClosestAvailableZoomCrop(android.hardware.Camera$Parameters,android.graphics.Rect,android.util.Size,android.graphics.Rect,android.graphics.Rect,android.graphics.Rect)>",
			"message":"\\QShould've found at least one valid zoom index\\E",
			"relatedVarType":"Parameter",
			"relatedCondType":"Basic",
			"modifier":"public",
			"type":"java.lang.AssertionError",
			"osVersionRelated":false,
			"resourceRelated":false,
			"assessRelated":false,
			"hardwareRelated":true,
			"manifestRelated":false,
			"conditions":"i8 != -1, $z0 != 0",
			"paramValues":"@parameter1: android.graphics.Rect, @parameter3: android.graphics.Rect",
			"relatedValues":"@parameter1: android.graphics.Rect, @parameter3: android.graphics.Rect; ; ",
			"keyAPISameClassNum":0,
			"keyAPIDiffClassNum":0,
			"keyAPISameClass":[
				{
					"trace":[
						"<android.hardware.camera2.legacy.ParameterUtils: int getClosestAvailableZoomCrop(android.hardware.Camera$Parameters,android.graphics.Rect,android.util.Size,android.graphics.Rect,android.graphics.Rect,android.graphics.Rect)>"
					],
					"depth":0,
					"method":"<android.hardware.camera2.legacy.ParameterUtils: int getClosestAvailableZoomCrop(android.hardware.Camera$Parameters,android.graphics.Rect,android.util.Size,android.graphics.Rect,android.graphics.Rect,android.graphics.Rect)>",
					"source":"CALLER"
				},
				{
					"trace":[
						"<android.hardware.camera2.legacy.ParameterUtils: android.hardware.camera2.legacy.ParameterUtils$ZoomData convertScalerCropRegion(android.graphics.Rect,android.graphics.Rect,android.util.Size,android.hardware.Camera$Parameters)>",
						"<android.hardware.camera2.legacy.ParameterUtils: int getClosestAvailableZoomCrop(android.hardware.Camera$Parameters,android.graphics.Rect,android.util.Size,android.graphics.Rect,android.graphics.Rect,android.graphics.Rect)>"
					],
					"depth":1,
					"method":"<android.hardware.camera2.legacy.ParameterUtils: android.hardware.camera2.legacy.ParameterUtils$ZoomData convertScalerCropRegion(android.graphics.Rect,android.graphics.Rect,android.util.Size,android.hardware.Camera$Parameters)>",
					"source":"CALLER"
				}
			],
			"keyAPIDiffClass":[
				{
					"trace":[
						"<android.hardware.camera2.legacy.LegacyRequestMapper: void convertRequestMetadata(android.hardware.camera2.legacy.LegacyRequest)>",
						"<android.hardware.camera2.legacy.ParameterUtils: android.hardware.camera2.legacy.ParameterUtils$ZoomData convertScalerCropRegion(android.graphics.Rect,android.graphics.Rect,android.util.Size,android.hardware.Camera$Parameters)>",
						"<android.hardware.camera2.legacy.ParameterUtils: int getClosestAvailableZoomCrop(android.hardware.Camera$Parameters,android.graphics.Rect,android.util.Size,android.graphics.Rect,android.graphics.Rect,android.graphics.Rect)>"
					],
					"depth":2,
					"method":"<android.hardware.camera2.legacy.LegacyRequestMapper: void convertRequestMetadata(android.hardware.camera2.legacy.LegacyRequest)>",
					"source":"CALLER"
				},
				{
					"trace":[
						"<android.hardware.camera2.legacy.LegacyFaceDetectMapper: void mapResultFaces(android.hardware.camera2.impl.CameraMetadataNative,android.hardware.camera2.legacy.LegacyRequest)>",
						"<android.hardware.camera2.legacy.ParameterUtils: android.hardware.camera2.legacy.ParameterUtils$ZoomData convertScalerCropRegion(android.graphics.Rect,android.graphics.Rect,android.util.Size,android.hardware.Camera$Parameters)>",
						"<android.hardware.camera2.legacy.ParameterUtils: int getClosestAvailableZoomCrop(android.hardware.Camera$Parameters,android.graphics.Rect,android.util.Size,android.graphics.Rect,android.graphics.Rect,android.graphics.Rect)>"
					],
					"depth":2,
					"method":"<android.hardware.camera2.legacy.LegacyFaceDetectMapper: void mapResultFaces(android.hardware.camera2.impl.CameraMetadataNative,android.hardware.camera2.legacy.LegacyRequest)>",
					"source":"CALLER"
				},
				{
					"trace":[
						"<android.hardware.camera2.legacy.LegacyMetadataMapper: void convertRequestMetadata(android.hardware.camera2.legacy.LegacyRequest)>",
						"<android.hardware.camera2.legacy.LegacyRequestMapper: void convertRequestMetadata(android.hardware.camera2.legacy.LegacyRequest)>",
						"<android.hardware.camera2.legacy.ParameterUtils: android.hardware.camera2.legacy.ParameterUtils$ZoomData convertScalerCropRegion(android.graphics.Rect,android.graphics.Rect,android.util.Size,android.hardware.Camera$Parameters)>",
						"<android.hardware.camera2.legacy.ParameterUtils: int getClosestAvailableZoomCrop(android.hardware.Camera$Parameters,android.graphics.Rect,android.util.Size,android.graphics.Rect,android.graphics.Rect,android.graphics.Rect)>"
					],
					"depth":3,
					"method":"<android.hardware.camera2.legacy.LegacyMetadataMapper: void convertRequestMetadata(android.hardware.camera2.legacy.LegacyRequest)>",
					"source":"CALLER"
				},
				{
					"trace":[
						"<android.hardware.camera2.legacy.LegacyResultMapper: android.hardware.camera2.impl.CameraMetadataNative cachedConvertResultMetadata(android.hardware.camera2.legacy.LegacyRequest,long)>",
						"<android.hardware.camera2.legacy.LegacyResultMapper: android.hardware.camera2.impl.CameraMetadataNative convertResultMetadata(android.hardware.camera2.legacy.LegacyRequest)>",
						"<android.hardware.camera2.legacy.ParameterUtils: android.hardware.camera2.legacy.ParameterUtils$ZoomData convertScalerCropRegion(android.graphics.Rect,android.graphics.Rect,android.util.Size,android.hardware.Camera$Parameters)>",
						"<android.hardware.camera2.legacy.ParameterUtils: int getClosestAvailableZoomCrop(android.hardware.Camera$Parameters,android.graphics.Rect,android.util.Size,android.graphics.Rect,android.graphics.Rect,android.graphics.Rect)>"
					],
					"depth":3,
					"method":"<android.hardware.camera2.legacy.LegacyResultMapper: android.hardware.camera2.impl.CameraMetadataNative cachedConvertResultMetadata(android.hardware.camera2.legacy.LegacyRequest,long)>",
					"source":"CALLER"
				}
			],
			"callerOfSingnlar2SourceVar":{
				"<android.hardware.camera2.legacy.ParameterUtils: int getClosestAvailableZoomCrop(android.hardware.Camera$Parameters,android.graphics.Rect,android.util.Size,android.graphics.Rect,android.graphics.Rect,android.graphics.Rect)>":"1, 3"
			}
		},
		{
			"method":"<android.hardware.camera2.legacy.ParameterUtils: int getClosestAvailableZoomCrop(android.hardware.Camera$Parameters,android.graphics.Rect,android.util.Size,android.graphics.Rect,android.graphics.Rect,android.graphics.Rect)>",
			"message":"\\Qavailable reported/preview crop region size mismatch\\E",
			"relatedVarType":"Parameter",
			"relatedCondType":"Basic",
			"modifier":"public",
			"type":"java.lang.AssertionError",
			"osVersionRelated":false,
			"resourceRelated":false,
			"assessRelated":false,
			"hardwareRelated":true,
			"manifestRelated":false,
			"conditions":"$i0 == $i1, $z0 != 0",
			"paramValues":"@parameter0: android.hardware.Camera$Parameters, @parameter1: android.graphics.Rect, @parameter2: android.util.Size, @parameter3: android.graphics.Rect",
			"relatedValues":"@parameter0: android.hardware.Camera$Parameters, @parameter1: android.graphics.Rect, @parameter2: android.util.Size, @parameter3: android.graphics.Rect; ; ",
			"keyAPISameClassNum":0,
			"keyAPIDiffClassNum":0,
			"keyAPISameClass":[
				{
					"trace":[
						"<android.hardware.camera2.legacy.ParameterUtils: int getClosestAvailableZoomCrop(android.hardware.Camera$Parameters,android.graphics.Rect,android.util.Size,android.graphics.Rect,android.graphics.Rect,android.graphics.Rect)>"
					],
					"depth":0,
					"method":"<android.hardware.camera2.legacy.ParameterUtils: int getClosestAvailableZoomCrop(android.hardware.Camera$Parameters,android.graphics.Rect,android.util.Size,android.graphics.Rect,android.graphics.Rect,android.graphics.Rect)>",
					"source":"CALLER"
				},
				{
					"trace":[
						"<android.hardware.camera2.legacy.ParameterUtils: android.hardware.camera2.legacy.ParameterUtils$ZoomData convertScalerCropRegion(android.graphics.Rect,android.graphics.Rect,android.util.Size,android.hardware.Camera$Parameters)>",
						"<android.hardware.camera2.legacy.ParameterUtils: int getClosestAvailableZoomCrop(android.hardware.Camera$Parameters,android.graphics.Rect,android.util.Size,android.graphics.Rect,android.graphics.Rect,android.graphics.Rect)>"
					],
					"depth":1,
					"method":"<android.hardware.camera2.legacy.ParameterUtils: android.hardware.camera2.legacy.ParameterUtils$ZoomData convertScalerCropRegion(android.graphics.Rect,android.graphics.Rect,android.util.Size,android.hardware.Camera$Parameters)>",
					"source":"CALLER"
				}
			],
			"keyAPIDiffClass":[
				{
					"trace":[
						"<android.hardware.camera2.legacy.LegacyRequestMapper: void convertRequestMetadata(android.hardware.camera2.legacy.LegacyRequest)>",
						"<android.hardware.camera2.legacy.ParameterUtils: android.hardware.camera2.legacy.ParameterUtils$ZoomData convertScalerCropRegion(android.graphics.Rect,android.graphics.Rect,android.util.Size,android.hardware.Camera$Parameters)>",
						"<android.hardware.camera2.legacy.ParameterUtils: int getClosestAvailableZoomCrop(android.hardware.Camera$Parameters,android.graphics.Rect,android.util.Size,android.graphics.Rect,android.graphics.Rect,android.graphics.Rect)>"
					],
					"depth":2,
					"method":"<android.hardware.camera2.legacy.LegacyRequestMapper: void convertRequestMetadata(android.hardware.camera2.legacy.LegacyRequest)>",
					"source":"CALLER"
				},
				{
					"trace":[
						"<android.hardware.camera2.legacy.LegacyFaceDetectMapper: void mapResultFaces(android.hardware.camera2.impl.CameraMetadataNative,android.hardware.camera2.legacy.LegacyRequest)>",
						"<android.hardware.camera2.legacy.ParameterUtils: android.hardware.camera2.legacy.ParameterUtils$ZoomData convertScalerCropRegion(android.graphics.Rect,android.graphics.Rect,android.util.Size,android.hardware.Camera$Parameters)>",
						"<android.hardware.camera2.legacy.ParameterUtils: int getClosestAvailableZoomCrop(android.hardware.Camera$Parameters,android.graphics.Rect,android.util.Size,android.graphics.Rect,android.graphics.Rect,android.graphics.Rect)>"
					],
					"depth":2,
					"method":"<android.hardware.camera2.legacy.LegacyFaceDetectMapper: void mapResultFaces(android.hardware.camera2.impl.CameraMetadataNative,android.hardware.camera2.legacy.LegacyRequest)>",
					"source":"CALLER"
				},
				{
					"trace":[
						"<android.hardware.camera2.legacy.LegacyMetadataMapper: void convertRequestMetadata(android.hardware.camera2.legacy.LegacyRequest)>",
						"<android.hardware.camera2.legacy.LegacyRequestMapper: void convertRequestMetadata(android.hardware.camera2.legacy.LegacyRequest)>",
						"<android.hardware.camera2.legacy.ParameterUtils: android.hardware.camera2.legacy.ParameterUtils$ZoomData convertScalerCropRegion(android.graphics.Rect,android.graphics.Rect,android.util.Size,android.hardware.Camera$Parameters)>",
						"<android.hardware.camera2.legacy.ParameterUtils: int getClosestAvailableZoomCrop(android.hardware.Camera$Parameters,android.graphics.Rect,android.util.Size,android.graphics.Rect,android.graphics.Rect,android.graphics.Rect)>"
					],
					"depth":3,
					"method":"<android.hardware.camera2.legacy.LegacyMetadataMapper: void convertRequestMetadata(android.hardware.camera2.legacy.LegacyRequest)>",
					"source":"CALLER"
				},
				{
					"trace":[
						"<android.hardware.camera2.legacy.LegacyResultMapper: android.hardware.camera2.impl.CameraMetadataNative cachedConvertResultMetadata(android.hardware.camera2.legacy.LegacyRequest,long)>",
						"<android.hardware.camera2.legacy.LegacyResultMapper: android.hardware.camera2.impl.CameraMetadataNative convertResultMetadata(android.hardware.camera2.legacy.LegacyRequest)>",
						"<android.hardware.camera2.legacy.ParameterUtils: android.hardware.camera2.legacy.ParameterUtils$ZoomData convertScalerCropRegion(android.graphics.Rect,android.graphics.Rect,android.util.Size,android.hardware.Camera$Parameters)>",
						"<android.hardware.camera2.legacy.ParameterUtils: int getClosestAvailableZoomCrop(android.hardware.Camera$Parameters,android.graphics.Rect,android.util.Size,android.graphics.Rect,android.graphics.Rect,android.graphics.Rect)>"
					],
					"depth":3,
					"method":"<android.hardware.camera2.legacy.LegacyResultMapper: android.hardware.camera2.impl.CameraMetadataNative cachedConvertResultMetadata(android.hardware.camera2.legacy.LegacyRequest,long)>",
					"source":"CALLER"
				}
			],
			"callerOfSingnlar2SourceVar":{
				"<android.hardware.camera2.legacy.ParameterUtils: int getClosestAvailableZoomCrop(android.hardware.Camera$Parameters,android.graphics.Rect,android.util.Size,android.graphics.Rect,android.graphics.Rect,android.graphics.Rect)>":"0, 1, 2, 3",
				"<android.hardware.camera2.legacy.ParameterUtils: android.hardware.camera2.legacy.ParameterUtils$ZoomData convertScalerCropRegion(android.graphics.Rect,android.graphics.Rect,android.util.Size,android.hardware.Camera$Parameters)>":"3, 2"
			}
		},
		{
			"method":"<android.hardware.camera2.legacy.ParameterUtils: android.graphics.Rect getPreviewCropRectangleUnzoomed(android.graphics.Rect,android.util.Size)>",
			"message":"\\QpreviewSize must not be wider than activeArray\\E",
			"relatedVarType":"Parameter",
			"relatedCondType":"Basic",
			"modifier":"private",
			"type":"java.lang.IllegalArgumentException",
			"osVersionRelated":false,
			"resourceRelated":false,
			"assessRelated":false,
			"hardwareRelated":true,
			"manifestRelated":false,
			"conditions":"$i0 <= $i1",
			"paramValues":"@parameter1: android.util.Size, @parameter0: android.graphics.Rect",
			"relatedValues":"@parameter1: android.util.Size, @parameter0: android.graphics.Rect; ; ",
			"keyAPISameClassNum":0,
			"keyAPIDiffClassNum":0,
			"keyAPISameClass":[
				{
					"trace":[
						"<android.hardware.camera2.legacy.ParameterUtils: android.graphics.Rect getPreviewCropRectangleUnzoomed(android.graphics.Rect,android.util.Size)>"
					],
					"depth":0,
					"method":"<android.hardware.camera2.legacy.ParameterUtils: android.graphics.Rect getPreviewCropRectangleUnzoomed(android.graphics.Rect,android.util.Size)>",
					"source":"CALLER"
				},
				{
					"trace":[
						"<android.hardware.camera2.legacy.ParameterUtils: int getClosestAvailableZoomCrop(android.hardware.Camera$Parameters,android.graphics.Rect,android.util.Size,android.graphics.Rect,android.graphics.Rect,android.graphics.Rect)>",
						"<android.hardware.camera2.legacy.ParameterUtils: android.graphics.Rect getPreviewCropRectangleUnzoomed(android.graphics.Rect,android.util.Size)>"
					],
					"depth":1,
					"method":"<android.hardware.camera2.legacy.ParameterUtils: int getClosestAvailableZoomCrop(android.hardware.Camera$Parameters,android.graphics.Rect,android.util.Size,android.graphics.Rect,android.graphics.Rect,android.graphics.Rect)>",
					"source":"CALLER"
				},
				{
					"trace":[
						"<android.hardware.camera2.legacy.ParameterUtils: android.hardware.camera2.legacy.ParameterUtils$ZoomData convertScalerCropRegion(android.graphics.Rect,android.graphics.Rect,android.util.Size,android.hardware.Camera$Parameters)>",
						"<android.hardware.camera2.legacy.ParameterUtils: int getClosestAvailableZoomCrop(android.hardware.Camera$Parameters,android.graphics.Rect,android.util.Size,android.graphics.Rect,android.graphics.Rect,android.graphics.Rect)>",
						"<android.hardware.camera2.legacy.ParameterUtils: android.graphics.Rect getPreviewCropRectangleUnzoomed(android.graphics.Rect,android.util.Size)>"
					],
					"depth":2,
					"method":"<android.hardware.camera2.legacy.ParameterUtils: android.hardware.camera2.legacy.ParameterUtils$ZoomData convertScalerCropRegion(android.graphics.Rect,android.graphics.Rect,android.util.Size,android.hardware.Camera$Parameters)>",
					"source":"CALLER"
				},
				{
					"trace":[
						"<android.hardware.camera2.legacy.ParameterUtils: java.util.List getAvailablePreviewZoomCropRectangles(android.hardware.Camera$Parameters,android.graphics.Rect,android.util.Size)>",
						"<android.hardware.camera2.legacy.ParameterUtils: java.util.List getAvailableCropRectangles(android.hardware.Camera$Parameters,android.graphics.Rect,android.util.Size)>",
						"<android.hardware.camera2.legacy.ParameterUtils: android.graphics.Rect getPreviewCropRectangleUnzoomed(android.graphics.Rect,android.util.Size)>"
					],
					"depth":2,
					"method":"<android.hardware.camera2.legacy.ParameterUtils: java.util.List getAvailablePreviewZoomCropRectangles(android.hardware.Camera$Parameters,android.graphics.Rect,android.util.Size)>",
					"source":"CALLER"
				},
				{
					"trace":[
						"<android.hardware.camera2.legacy.ParameterUtils: java.util.List getAvailableZoomCropRectangles(android.hardware.Camera$Parameters,android.graphics.Rect)>",
						"<android.hardware.camera2.legacy.ParameterUtils: java.util.List getAvailableCropRectangles(android.hardware.Camera$Parameters,android.graphics.Rect,android.util.Size)>",
						"<android.hardware.camera2.legacy.ParameterUtils: android.graphics.Rect getPreviewCropRectangleUnzoomed(android.graphics.Rect,android.util.Size)>"
					],
					"depth":2,
					"method":"<android.hardware.camera2.legacy.ParameterUtils: java.util.List getAvailableZoomCropRectangles(android.hardware.Camera$Parameters,android.graphics.Rect)>",
					"source":"CALLER"
				}
			],
			"keyAPIDiffClass":[
				{
					"trace":[
						"<android.hardware.camera2.legacy.LegacyRequestMapper: void convertRequestMetadata(android.hardware.camera2.legacy.LegacyRequest)>",
						"<android.hardware.camera2.legacy.ParameterUtils: android.hardware.camera2.legacy.ParameterUtils$ZoomData convertScalerCropRegion(android.graphics.Rect,android.graphics.Rect,android.util.Size,android.hardware.Camera$Parameters)>",
						"<android.hardware.camera2.legacy.ParameterUtils: int getClosestAvailableZoomCrop(android.hardware.Camera$Parameters,android.graphics.Rect,android.util.Size,android.graphics.Rect,android.graphics.Rect,android.graphics.Rect)>",
						"<android.hardware.camera2.legacy.ParameterUtils: android.graphics.Rect getPreviewCropRectangleUnzoomed(android.graphics.Rect,android.util.Size)>"
					],
					"depth":3,
					"method":"<android.hardware.camera2.legacy.LegacyRequestMapper: void convertRequestMetadata(android.hardware.camera2.legacy.LegacyRequest)>",
					"source":"CALLER"
				},
				{
					"trace":[
						"<android.hardware.camera2.legacy.LegacyFaceDetectMapper: void mapResultFaces(android.hardware.camera2.impl.CameraMetadataNative,android.hardware.camera2.legacy.LegacyRequest)>",
						"<android.hardware.camera2.legacy.ParameterUtils: android.hardware.camera2.legacy.ParameterUtils$ZoomData convertScalerCropRegion(android.graphics.Rect,android.graphics.Rect,android.util.Size,android.hardware.Camera$Parameters)>",
						"<android.hardware.camera2.legacy.ParameterUtils: int getClosestAvailableZoomCrop(android.hardware.Camera$Parameters,android.graphics.Rect,android.util.Size,android.graphics.Rect,android.graphics.Rect,android.graphics.Rect)>",
						"<android.hardware.camera2.legacy.ParameterUtils: android.graphics.Rect getPreviewCropRectangleUnzoomed(android.graphics.Rect,android.util.Size)>"
					],
					"depth":3,
					"method":"<android.hardware.camera2.legacy.LegacyFaceDetectMapper: void mapResultFaces(android.hardware.camera2.impl.CameraMetadataNative,android.hardware.camera2.legacy.LegacyRequest)>",
					"source":"CALLER"
				},
				{
					"trace":[
						"<android.hardware.camera2.legacy.LegacyMetadataMapper: void convertRequestMetadata(android.hardware.camera2.legacy.LegacyRequest)>",
						"<android.hardware.camera2.legacy.LegacyRequestMapper: void convertRequestMetadata(android.hardware.camera2.legacy.LegacyRequest)>",
						"<android.hardware.camera2.legacy.ParameterUtils: android.hardware.camera2.legacy.ParameterUtils$ZoomData convertScalerCropRegion(android.graphics.Rect,android.graphics.Rect,android.util.Size,android.hardware.Camera$Parameters)>",
						"<android.hardware.camera2.legacy.ParameterUtils: int getClosestAvailableZoomCrop(android.hardware.Camera$Parameters,android.graphics.Rect,android.util.Size,android.graphics.Rect,android.graphics.Rect,android.graphics.Rect)>",
						"<android.hardware.camera2.legacy.ParameterUtils: android.graphics.Rect getPreviewCropRectangleUnzoomed(android.graphics.Rect,android.util.Size)>"
					],
					"depth":4,
					"method":"<android.hardware.camera2.legacy.LegacyMetadataMapper: void convertRequestMetadata(android.hardware.camera2.legacy.LegacyRequest)>",
					"source":"CALLER"
				},
				{
					"trace":[
						"<android.hardware.camera2.legacy.LegacyResultMapper: android.hardware.camera2.impl.CameraMetadataNative cachedConvertResultMetadata(android.hardware.camera2.legacy.LegacyRequest,long)>",
						"<android.hardware.camera2.legacy.LegacyResultMapper: android.hardware.camera2.impl.CameraMetadataNative convertResultMetadata(android.hardware.camera2.legacy.LegacyRequest)>",
						"<android.hardware.camera2.legacy.ParameterUtils: android.hardware.camera2.legacy.ParameterUtils$ZoomData convertScalerCropRegion(android.graphics.Rect,android.graphics.Rect,android.util.Size,android.hardware.Camera$Parameters)>",
						"<android.hardware.camera2.legacy.ParameterUtils: int getClosestAvailableZoomCrop(android.hardware.Camera$Parameters,android.graphics.Rect,android.util.Size,android.graphics.Rect,android.graphics.Rect,android.graphics.Rect)>",
						"<android.hardware.camera2.legacy.ParameterUtils: android.graphics.Rect getPreviewCropRectangleUnzoomed(android.graphics.Rect,android.util.Size)>"
					],
					"depth":4,
					"method":"<android.hardware.camera2.legacy.LegacyResultMapper: android.hardware.camera2.impl.CameraMetadataNative cachedConvertResultMetadata(android.hardware.camera2.legacy.LegacyRequest,long)>",
					"source":"CALLER"
				}
			],
			"callerOfSingnlar2SourceVar":{
				"<android.hardware.camera2.legacy.ParameterUtils: java.util.List getAvailablePreviewZoomCropRectangles(android.hardware.Camera$Parameters,android.graphics.Rect,android.util.Size)>":"2, 1",
				"<android.hardware.camera2.legacy.ParameterUtils: int getClosestAvailableZoomCrop(android.hardware.Camera$Parameters,android.graphics.Rect,android.util.Size,android.graphics.Rect,android.graphics.Rect,android.graphics.Rect)>":"2, 1",
				"<android.hardware.camera2.legacy.ParameterUtils: android.hardware.camera2.legacy.ParameterUtils$ZoomData convertScalerCropRegion(android.graphics.Rect,android.graphics.Rect,android.util.Size,android.hardware.Camera$Parameters)>":"2",
				"<android.hardware.camera2.legacy.ParameterUtils: java.util.List getAvailableZoomCropRectangles(android.hardware.Camera$Parameters,android.graphics.Rect)>":"1",
				"<android.hardware.camera2.legacy.ParameterUtils: java.util.List getAvailableCropRectangles(android.hardware.Camera$Parameters,android.graphics.Rect,android.util.Size)>":"2, 1",
				"<android.hardware.camera2.legacy.ParameterUtils: android.graphics.Rect getPreviewCropRectangleUnzoomed(android.graphics.Rect,android.util.Size)>":"1, 0"
			}
		},
		{
			"method":"<android.hardware.camera2.legacy.ParameterUtils: android.graphics.Rect getPreviewCropRectangleUnzoomed(android.graphics.Rect,android.util.Size)>",
			"message":"\\QpreviewSize must not be taller than activeArray\\E",
			"relatedVarType":"Parameter",
			"relatedCondType":"Basic",
			"modifier":"private",
			"type":"java.lang.IllegalArgumentException",
			"osVersionRelated":false,
			"resourceRelated":false,
			"assessRelated":false,
			"hardwareRelated":true,
			"manifestRelated":false,
			"conditions":"$i2 <= $i3, $i0 <= $i1",
			"paramValues":"@parameter1: android.util.Size, @parameter0: android.graphics.Rect",
			"relatedValues":"@parameter1: android.util.Size, @parameter0: android.graphics.Rect; ; ",
			"keyAPISameClassNum":0,
			"keyAPIDiffClassNum":0,
			"keyAPISameClass":[
				{
					"trace":[
						"<android.hardware.camera2.legacy.ParameterUtils: android.graphics.Rect getPreviewCropRectangleUnzoomed(android.graphics.Rect,android.util.Size)>"
					],
					"depth":0,
					"method":"<android.hardware.camera2.legacy.ParameterUtils: android.graphics.Rect getPreviewCropRectangleUnzoomed(android.graphics.Rect,android.util.Size)>",
					"source":"CALLER"
				},
				{
					"trace":[
						"<android.hardware.camera2.legacy.ParameterUtils: int getClosestAvailableZoomCrop(android.hardware.Camera$Parameters,android.graphics.Rect,android.util.Size,android.graphics.Rect,android.graphics.Rect,android.graphics.Rect)>",
						"<android.hardware.camera2.legacy.ParameterUtils: android.graphics.Rect getPreviewCropRectangleUnzoomed(android.graphics.Rect,android.util.Size)>"
					],
					"depth":1,
					"method":"<android.hardware.camera2.legacy.ParameterUtils: int getClosestAvailableZoomCrop(android.hardware.Camera$Parameters,android.graphics.Rect,android.util.Size,android.graphics.Rect,android.graphics.Rect,android.graphics.Rect)>",
					"source":"CALLER"
				},
				{
					"trace":[
						"<android.hardware.camera2.legacy.ParameterUtils: android.hardware.camera2.legacy.ParameterUtils$ZoomData convertScalerCropRegion(android.graphics.Rect,android.graphics.Rect,android.util.Size,android.hardware.Camera$Parameters)>",
						"<android.hardware.camera2.legacy.ParameterUtils: int getClosestAvailableZoomCrop(android.hardware.Camera$Parameters,android.graphics.Rect,android.util.Size,android.graphics.Rect,android.graphics.Rect,android.graphics.Rect)>",
						"<android.hardware.camera2.legacy.ParameterUtils: android.graphics.Rect getPreviewCropRectangleUnzoomed(android.graphics.Rect,android.util.Size)>"
					],
					"depth":2,
					"method":"<android.hardware.camera2.legacy.ParameterUtils: android.hardware.camera2.legacy.ParameterUtils$ZoomData convertScalerCropRegion(android.graphics.Rect,android.graphics.Rect,android.util.Size,android.hardware.Camera$Parameters)>",
					"source":"CALLER"
				},
				{
					"trace":[
						"<android.hardware.camera2.legacy.ParameterUtils: java.util.List getAvailablePreviewZoomCropRectangles(android.hardware.Camera$Parameters,android.graphics.Rect,android.util.Size)>",
						"<android.hardware.camera2.legacy.ParameterUtils: java.util.List getAvailableCropRectangles(android.hardware.Camera$Parameters,android.graphics.Rect,android.util.Size)>",
						"<android.hardware.camera2.legacy.ParameterUtils: android.graphics.Rect getPreviewCropRectangleUnzoomed(android.graphics.Rect,android.util.Size)>"
					],
					"depth":2,
					"method":"<android.hardware.camera2.legacy.ParameterUtils: java.util.List getAvailablePreviewZoomCropRectangles(android.hardware.Camera$Parameters,android.graphics.Rect,android.util.Size)>",
					"source":"CALLER"
				},
				{
					"trace":[
						"<android.hardware.camera2.legacy.ParameterUtils: java.util.List getAvailableZoomCropRectangles(android.hardware.Camera$Parameters,android.graphics.Rect)>",
						"<android.hardware.camera2.legacy.ParameterUtils: java.util.List getAvailableCropRectangles(android.hardware.Camera$Parameters,android.graphics.Rect,android.util.Size)>",
						"<android.hardware.camera2.legacy.ParameterUtils: android.graphics.Rect getPreviewCropRectangleUnzoomed(android.graphics.Rect,android.util.Size)>"
					],
					"depth":2,
					"method":"<android.hardware.camera2.legacy.ParameterUtils: java.util.List getAvailableZoomCropRectangles(android.hardware.Camera$Parameters,android.graphics.Rect)>",
					"source":"CALLER"
				}
			],
			"keyAPIDiffClass":[
				{
					"trace":[
						"<android.hardware.camera2.legacy.LegacyRequestMapper: void convertRequestMetadata(android.hardware.camera2.legacy.LegacyRequest)>",
						"<android.hardware.camera2.legacy.ParameterUtils: android.hardware.camera2.legacy.ParameterUtils$ZoomData convertScalerCropRegion(android.graphics.Rect,android.graphics.Rect,android.util.Size,android.hardware.Camera$Parameters)>",
						"<android.hardware.camera2.legacy.ParameterUtils: int getClosestAvailableZoomCrop(android.hardware.Camera$Parameters,android.graphics.Rect,android.util.Size,android.graphics.Rect,android.graphics.Rect,android.graphics.Rect)>",
						"<android.hardware.camera2.legacy.ParameterUtils: android.graphics.Rect getPreviewCropRectangleUnzoomed(android.graphics.Rect,android.util.Size)>"
					],
					"depth":3,
					"method":"<android.hardware.camera2.legacy.LegacyRequestMapper: void convertRequestMetadata(android.hardware.camera2.legacy.LegacyRequest)>",
					"source":"CALLER"
				},
				{
					"trace":[
						"<android.hardware.camera2.legacy.LegacyFaceDetectMapper: void mapResultFaces(android.hardware.camera2.impl.CameraMetadataNative,android.hardware.camera2.legacy.LegacyRequest)>",
						"<android.hardware.camera2.legacy.ParameterUtils: android.hardware.camera2.legacy.ParameterUtils$ZoomData convertScalerCropRegion(android.graphics.Rect,android.graphics.Rect,android.util.Size,android.hardware.Camera$Parameters)>",
						"<android.hardware.camera2.legacy.ParameterUtils: int getClosestAvailableZoomCrop(android.hardware.Camera$Parameters,android.graphics.Rect,android.util.Size,android.graphics.Rect,android.graphics.Rect,android.graphics.Rect)>",
						"<android.hardware.camera2.legacy.ParameterUtils: android.graphics.Rect getPreviewCropRectangleUnzoomed(android.graphics.Rect,android.util.Size)>"
					],
					"depth":3,
					"method":"<android.hardware.camera2.legacy.LegacyFaceDetectMapper: void mapResultFaces(android.hardware.camera2.impl.CameraMetadataNative,android.hardware.camera2.legacy.LegacyRequest)>",
					"source":"CALLER"
				},
				{
					"trace":[
						"<android.hardware.camera2.legacy.LegacyMetadataMapper: void convertRequestMetadata(android.hardware.camera2.legacy.LegacyRequest)>",
						"<android.hardware.camera2.legacy.LegacyRequestMapper: void convertRequestMetadata(android.hardware.camera2.legacy.LegacyRequest)>",
						"<android.hardware.camera2.legacy.ParameterUtils: android.hardware.camera2.legacy.ParameterUtils$ZoomData convertScalerCropRegion(android.graphics.Rect,android.graphics.Rect,android.util.Size,android.hardware.Camera$Parameters)>",
						"<android.hardware.camera2.legacy.ParameterUtils: int getClosestAvailableZoomCrop(android.hardware.Camera$Parameters,android.graphics.Rect,android.util.Size,android.graphics.Rect,android.graphics.Rect,android.graphics.Rect)>",
						"<android.hardware.camera2.legacy.ParameterUtils: android.graphics.Rect getPreviewCropRectangleUnzoomed(android.graphics.Rect,android.util.Size)>"
					],
					"depth":4,
					"method":"<android.hardware.camera2.legacy.LegacyMetadataMapper: void convertRequestMetadata(android.hardware.camera2.legacy.LegacyRequest)>",
					"source":"CALLER"
				},
				{
					"trace":[
						"<android.hardware.camera2.legacy.LegacyResultMapper: android.hardware.camera2.impl.CameraMetadataNative cachedConvertResultMetadata(android.hardware.camera2.legacy.LegacyRequest,long)>",
						"<android.hardware.camera2.legacy.LegacyResultMapper: android.hardware.camera2.impl.CameraMetadataNative convertResultMetadata(android.hardware.camera2.legacy.LegacyRequest)>",
						"<android.hardware.camera2.legacy.ParameterUtils: android.hardware.camera2.legacy.ParameterUtils$ZoomData convertScalerCropRegion(android.graphics.Rect,android.graphics.Rect,android.util.Size,android.hardware.Camera$Parameters)>",
						"<android.hardware.camera2.legacy.ParameterUtils: int getClosestAvailableZoomCrop(android.hardware.Camera$Parameters,android.graphics.Rect,android.util.Size,android.graphics.Rect,android.graphics.Rect,android.graphics.Rect)>",
						"<android.hardware.camera2.legacy.ParameterUtils: android.graphics.Rect getPreviewCropRectangleUnzoomed(android.graphics.Rect,android.util.Size)>"
					],
					"depth":4,
					"method":"<android.hardware.camera2.legacy.LegacyResultMapper: android.hardware.camera2.impl.CameraMetadataNative cachedConvertResultMetadata(android.hardware.camera2.legacy.LegacyRequest,long)>",
					"source":"CALLER"
				}
			],
			"callerOfSingnlar2SourceVar":{
				"<android.hardware.camera2.legacy.ParameterUtils: java.util.List getAvailablePreviewZoomCropRectangles(android.hardware.Camera$Parameters,android.graphics.Rect,android.util.Size)>":"2, 1",
				"<android.hardware.camera2.legacy.ParameterUtils: int getClosestAvailableZoomCrop(android.hardware.Camera$Parameters,android.graphics.Rect,android.util.Size,android.graphics.Rect,android.graphics.Rect,android.graphics.Rect)>":"2, 1",
				"<android.hardware.camera2.legacy.ParameterUtils: android.hardware.camera2.legacy.ParameterUtils$ZoomData convertScalerCropRegion(android.graphics.Rect,android.graphics.Rect,android.util.Size,android.hardware.Camera$Parameters)>":"2",
				"<android.hardware.camera2.legacy.ParameterUtils: java.util.List getAvailableZoomCropRectangles(android.hardware.Camera$Parameters,android.graphics.Rect)>":"1",
				"<android.hardware.camera2.legacy.ParameterUtils: java.util.List getAvailableCropRectangles(android.hardware.Camera$Parameters,android.graphics.Rect,android.util.Size)>":"2, 1",
				"<android.hardware.camera2.legacy.ParameterUtils: android.graphics.Rect getPreviewCropRectangleUnzoomed(android.graphics.Rect,android.util.Size)>":"1, 0"
			}
		},
		{
			"method":"<android.hardware.camera2.legacy.ParameterUtils: void <init>()>",
			"message":"[\\s\\S]*",
			"relatedVarType":"Empty",
			"relatedCondType":"Empty",
			"modifier":"private",
			"type":"java.lang.AssertionError",
			"osVersionRelated":false,
			"resourceRelated":false,
			"assessRelated":false,
			"hardwareRelated":true,
			"manifestRelated":false,
			"keyAPISameClassNum":0,
			"keyAPIDiffClassNum":0,
			"keyAPISameClass":[],
			"keyAPIDiffClass":[],
			"callerOfSingnlar2SourceVar":{}
		}
	]
}