{
	"exceptions":[
		{
			"method":"<android.filterfw.core.NativeBuffer: android.filterfw.core.NativeBuffer mutableCopy()>",
			"message":"\\QUnable to allocate a copy of \\E[\\s\\S]*\\Q! Make sure the class has a default constructor!\\E",
			"relatedVarType":"Field",
			"relatedCondType":"NotReturn",
			"modifier":"public",
			"type":"java.lang.RuntimeException",
			"osVersionRelated":false,
			"resourceRelated":false,
			"assessRelated":false,
			"hardwareRelated":false,
			"manifestRelated":false,
			"conditions":"$i0 <= 0, $z0 != 0",
			"fieldValues":"<android.filterfw.core.NativeBuffer: int mSize>",
			"caughtValues":"@caughtexception",
			"relatedValues":"; <android.filterfw.core.NativeBuffer: int mSize>; @caughtexception",
			"keyAPISameClassNum":2,
			"keyAPIDiffClassNum":0,
			"keyAPISameClass":[
				{
					"trace":[
						"<android.filterfw.core.NativeBuffer: android.filterfw.core.NativeBuffer mutableCopy()>"
					],
					"depth":1,
					"method":"<android.filterfw.core.NativeBuffer: void <init>()>",
					"source":"FIELD"
				},
				{
					"trace":[
						"<android.filterfw.core.NativeBuffer: void <init>(int)>",
						"<android.filterfw.core.NativeBuffer: void <init>()>",
						"key field: <android.filterfw.core.NativeBuffer: int mSize>",
						"<android.filterfw.core.NativeBuffer: android.filterfw.core.NativeBuffer mutableCopy()>"
					],
					"depth":2,
					"method":"<android.filterfw.core.NativeBuffer: void <init>(int)>",
					"source":"FIELDCALLER"
				}
			],
			"keyAPIDiffClass":[],
			"callerOfSingnlar2SourceVar":{}
		},
		{
			"method":"<android.filterfw.core.NativeBuffer: android.filterfw.core.NativeBuffer mutableCopy()>",
			"message":"\\QFailed to copy NativeBuffer to mutable instance!\\E",
			"relatedVarType":"Field",
			"relatedCondType":"Basic",
			"modifier":"public",
			"type":"java.lang.RuntimeException",
			"osVersionRelated":false,
			"resourceRelated":false,
			"assessRelated":false,
			"hardwareRelated":false,
			"manifestRelated":false,
			"conditions":"$z0 != 0, $i0 <= 0",
			"fieldValues":"<android.filterfw.core.NativeBuffer: int mSize>",
			"relatedValues":"; <android.filterfw.core.NativeBuffer: int mSize>; ",
			"keyAPISameClassNum":2,
			"keyAPIDiffClassNum":0,
			"keyAPISameClass":[
				{
					"trace":[
						"<android.filterfw.core.NativeBuffer: android.filterfw.core.NativeBuffer mutableCopy()>"
					],
					"depth":1,
					"method":"<android.filterfw.core.NativeBuffer: void <init>()>",
					"source":"FIELD"
				},
				{
					"trace":[
						"<android.filterfw.core.NativeBuffer: void <init>(int)>",
						"<android.filterfw.core.NativeBuffer: void <init>()>",
						"key field: <android.filterfw.core.NativeBuffer: int mSize>",
						"<android.filterfw.core.NativeBuffer: android.filterfw.core.NativeBuffer mutableCopy()>"
					],
					"depth":2,
					"method":"<android.filterfw.core.NativeBuffer: void <init>(int)>",
					"source":"FIELDCALLER"
				}
			],
			"keyAPIDiffClass":[],
			"callerOfSingnlar2SourceVar":{}
		},
		{
			"method":"<android.filterfw.core.NativeBuffer: void assertReadable()>",
			"message":"\\QAttempting to read from null data frame!\\E",
			"relatedVarType":"Field",
			"relatedCondType":"Basic",
			"modifier":"protected",
			"type":"java.lang.NullPointerException",
			"osVersionRelated":false,
			"resourceRelated":false,
			"assessRelated":false,
			"hardwareRelated":false,
			"manifestRelated":false,
			"conditions":"$b1 == 0, $i2 == 0",
			"fieldValues":"<android.filterfw.core.NativeBuffer: long mDataPointer>, <android.filterfw.core.NativeBuffer: int mSize>",
			"relatedValues":"; <android.filterfw.core.NativeBuffer: long mDataPointer>, <android.filterfw.core.NativeBuffer: int mSize>; ",
			"keyAPISameClassNum":2,
			"keyAPIDiffClassNum":0,
			"keyAPISameClass":[
				{
					"trace":[
						"<android.filterfw.core.NativeBuffer: void assertReadable()>"
					],
					"depth":1,
					"method":"<android.filterfw.core.NativeBuffer: void <init>()>",
					"source":"FIELD"
				},
				{
					"trace":[
						"<android.filterfw.core.NativeBuffer: void <init>(int)>",
						"<android.filterfw.core.NativeBuffer: void <init>()>",
						"key field: <android.filterfw.core.NativeBuffer: long mDataPointer>",
						"<android.filterfw.core.NativeBuffer: void assertReadable()>"
					],
					"depth":2,
					"method":"<android.filterfw.core.NativeBuffer: void <init>(int)>",
					"source":"FIELDCALLER"
				}
			],
			"keyAPIDiffClass":[],
			"callerOfSingnlar2SourceVar":{}
		},
		{
			"method":"<android.filterfw.core.NativeBuffer: void assertWritable()>",
			"message":"\\QAttempting to modify read-only native (structured) data!\\E",
			"relatedVarType":"Unknown",
			"relatedCondType":"Basic",
			"modifier":"protected",
			"type":"java.lang.RuntimeException",
			"osVersionRelated":false,
			"resourceRelated":false,
			"assessRelated":false,
			"hardwareRelated":false,
			"manifestRelated":false,
			"conditions":"$z0 == 0",
			"keyAPISameClassNum":0,
			"keyAPIDiffClassNum":0,
			"keyAPISameClass":[],
			"keyAPIDiffClass":[],
			"callerOfSingnlar2SourceVar":{}
		}
	]
}