{
	"exceptions":[
		{
			"method":"<android.graphics.pdf.PdfDocument$PageInfo$Builder: void <init>(int,int,int)>",
			"message":"\\Qpage width must be positive\\E",
			"relatedVarType":"Parameter",
			"relatedCondType":"Basic",
			"modifier":"public",
			"type":"java.lang.IllegalArgumentException",
			"osVersionRelated":false,
			"resourceRelated":false,
			"assessRelated":false,
			"hardwareRelated":false,
			"manifestRelated":false,
			"conditions":"i0 > 0",
			"paramValues":"@parameter0: int",
			"relatedValues":"@parameter0: int; ; ",
			"keyAPISameClassNum":0,
			"keyAPIDiffClassNum":0,
			"keyAPISameClass":[
				{
					"trace":[
						"<android.graphics.pdf.PdfDocument$PageInfo$Builder: void <init>(int,int,int)>"
					],
					"depth":0,
					"method":"<android.graphics.pdf.PdfDocument$PageInfo$Builder: void <init>(int,int,int)>",
					"source":"CALLER"
				}
			],
			"keyAPIDiffClass":[],
			"callerOfSingnlar2SourceVar":{
				"<android.graphics.pdf.PdfDocument$PageInfo$Builder: void <init>(int,int,int)>":"0"
			}
		},
		{
			"method":"<android.graphics.pdf.PdfDocument$PageInfo$Builder: void <init>(int,int,int)>",
			"message":"\\Qpage width must be positive\\E",
			"relatedVarType":"Parameter",
			"relatedCondType":"Basic",
			"modifier":"public",
			"type":"java.lang.IllegalArgumentException",
			"osVersionRelated":false,
			"resourceRelated":false,
			"assessRelated":false,
			"hardwareRelated":false,
			"manifestRelated":false,
			"conditions":"i1 > 0, i0 > 0",
			"paramValues":"@parameter1: int, @parameter0: int",
			"relatedValues":"@parameter1: int, @parameter0: int; ; ",
			"keyAPISameClassNum":0,
			"keyAPIDiffClassNum":0,
			"keyAPISameClass":[
				{
					"trace":[
						"<android.graphics.pdf.PdfDocument$PageInfo$Builder: void <init>(int,int,int)>"
					],
					"depth":0,
					"method":"<android.graphics.pdf.PdfDocument$PageInfo$Builder: void <init>(int,int,int)>",
					"source":"CALLER"
				}
			],
			"keyAPIDiffClass":[],
			"callerOfSingnlar2SourceVar":{
				"<android.graphics.pdf.PdfDocument$PageInfo$Builder: void <init>(int,int,int)>":"1, 0"
			}
		},
		{
			"method":"<android.graphics.pdf.PdfDocument$PageInfo$Builder: void <init>(int,int,int)>",
			"message":"\\QpageNumber must be non negative\\E",
			"relatedVarType":"Parameter",
			"relatedCondType":"Basic",
			"modifier":"public",
			"type":"java.lang.IllegalArgumentException",
			"osVersionRelated":false,
			"resourceRelated":false,
			"assessRelated":false,
			"hardwareRelated":false,
			"manifestRelated":false,
			"conditions":"i2 >= 0, i1 > 0, i0 > 0",
			"paramValues":"@parameter2: int, @parameter1: int, @parameter0: int",
			"relatedValues":"@parameter2: int, @parameter1: int, @parameter0: int; ; ",
			"keyAPISameClassNum":0,
			"keyAPIDiffClassNum":0,
			"keyAPISameClass":[
				{
					"trace":[
						"<android.graphics.pdf.PdfDocument$PageInfo$Builder: void <init>(int,int,int)>"
					],
					"depth":0,
					"method":"<android.graphics.pdf.PdfDocument$PageInfo$Builder: void <init>(int,int,int)>",
					"source":"CALLER"
				}
			],
			"keyAPIDiffClass":[],
			"callerOfSingnlar2SourceVar":{
				"<android.graphics.pdf.PdfDocument$PageInfo$Builder: void <init>(int,int,int)>":"2, 1, 0",
				"<android.print.pdf.PrintedPdfDocument: android.graphics.pdf.PdfDocument$Page startPage(int)>":"0"
			}
		},
		{
			"method":"<android.graphics.pdf.PdfDocument$PageInfo$Builder: android.graphics.pdf.PdfDocument$PageInfo$Builder setContentRect(android.graphics.Rect)>",
			"message":"\\QcontentRect does not fit the page\\E",
			"relatedVarType":"Parameter",
			"relatedCondType":"Basic",
			"modifier":"public",
			"type":"java.lang.IllegalArgumentException",
			"osVersionRelated":false,
			"resourceRelated":false,
			"assessRelated":false,
			"hardwareRelated":false,
			"manifestRelated":false,
			"conditions":"$i0 < 0, r0 == null, $i1 < 0",
			"paramValues":"@parameter0: android.graphics.Rect",
			"relatedValues":"@parameter0: android.graphics.Rect; ; ",
			"keyAPISameClassNum":0,
			"keyAPIDiffClassNum":0,
			"keyAPISameClass":[
				{
					"trace":[
						"<android.graphics.pdf.PdfDocument$PageInfo$Builder: android.graphics.pdf.PdfDocument$PageInfo$Builder setContentRect(android.graphics.Rect)>"
					],
					"depth":0,
					"method":"<android.graphics.pdf.PdfDocument$PageInfo$Builder: android.graphics.pdf.PdfDocument$PageInfo$Builder setContentRect(android.graphics.Rect)>",
					"source":"CALLER"
				}
			],
			"keyAPIDiffClass":[],
			"callerOfSingnlar2SourceVar":{
				"<android.graphics.pdf.PdfDocument$PageInfo$Builder: android.graphics.pdf.PdfDocument$PageInfo$Builder setContentRect(android.graphics.Rect)>":"0"
			}
		}
	]
}