{
	"exceptions":[
		{
			"method":"<android.content.pm.PackageInstaller: int createSession(android.content.pm.PackageInstaller$SessionParams)>",
			"message":"[\\s\\S]*",
			"relatedVarType":"Unknown",
			"relatedCondType":"Empty",
			"modifier":"public",
			"type":"java.lang.RuntimeException",
			"osVersionRelated":false,
			"resourceRelated":false,
			"assessRelated":false,
			"hardwareRelated":false,
			"manifestRelated":false,
			"caughtValues":"@caughtexception",
			"relatedValues":"; ; @caughtexception",
			"keyAPISameClassNum":0,
			"keyAPIDiffClassNum":0,
			"keyAPISameClass":[],
			"keyAPIDiffClass":[],
			"callerOfSingnlar2SourceVar":{}
		},
		{
			"method":"<android.content.pm.PackageInstaller: android.content.pm.PackageInstaller$Session openSession(int)>",
			"message":"[\\s\\S]*",
			"relatedVarType":"Unknown",
			"relatedCondType":"Empty",
			"modifier":"public",
			"type":"java.lang.RuntimeException",
			"osVersionRelated":false,
			"resourceRelated":false,
			"assessRelated":false,
			"hardwareRelated":false,
			"manifestRelated":false,
			"caughtValues":"@caughtexception",
			"relatedValues":"; ; @caughtexception",
			"keyAPISameClassNum":0,
			"keyAPIDiffClassNum":0,
			"keyAPISameClass":[],
			"keyAPIDiffClass":[],
			"callerOfSingnlar2SourceVar":{}
		},
		{
			"method":"<android.content.pm.PackageInstaller: void updateSessionAppIcon(int,android.graphics.Bitmap)>",
			"message":"[\\s\\S]*",
			"relatedVarType":"Unknown",
			"relatedCondType":"Empty",
			"modifier":"public",
			"type":"java.lang.RuntimeException",
			"osVersionRelated":false,
			"resourceRelated":false,
			"assessRelated":false,
			"hardwareRelated":false,
			"manifestRelated":false,
			"caughtValues":"@caughtexception",
			"relatedValues":"; ; @caughtexception",
			"keyAPISameClassNum":0,
			"keyAPIDiffClassNum":0,
			"keyAPISameClass":[],
			"keyAPIDiffClass":[],
			"callerOfSingnlar2SourceVar":{}
		},
		{
			"method":"<android.content.pm.PackageInstaller: void updateSessionAppLabel(int,java.lang.CharSequence)>",
			"message":"[\\s\\S]*",
			"relatedVarType":"Parameter",
			"relatedCondType":"Basic",
			"modifier":"public",
			"type":"java.lang.RuntimeException",
			"osVersionRelated":false,
			"resourceRelated":false,
			"assessRelated":false,
			"hardwareRelated":false,
			"manifestRelated":false,
			"conditions":"r0 == null",
			"paramValues":"@parameter1: java.lang.CharSequence",
			"caughtValues":"@caughtexception",
			"relatedValues":"@parameter1: java.lang.CharSequence; ; @caughtexception",
			"keyAPISameClassNum":0,
			"keyAPIDiffClassNum":0,
			"keyAPISameClass":[
				{
					"trace":[
						"<android.content.pm.PackageInstaller: void updateSessionAppLabel(int,java.lang.CharSequence)>"
					],
					"depth":0,
					"method":"<android.content.pm.PackageInstaller: void updateSessionAppLabel(int,java.lang.CharSequence)>",
					"source":"CALLER"
				}
			],
			"keyAPIDiffClass":[],
			"callerOfSingnlar2SourceVar":{
				"<android.content.pm.PackageInstaller: void updateSessionAppLabel(int,java.lang.CharSequence)>":"1"
			}
		},
		{
			"method":"<android.content.pm.PackageInstaller: void abandonSession(int)>",
			"message":"[\\s\\S]*",
			"relatedVarType":"Unknown",
			"relatedCondType":"Empty",
			"modifier":"public",
			"type":"java.lang.RuntimeException",
			"osVersionRelated":false,
			"resourceRelated":false,
			"assessRelated":false,
			"hardwareRelated":false,
			"manifestRelated":false,
			"caughtValues":"@caughtexception",
			"relatedValues":"; ; @caughtexception",
			"keyAPISameClassNum":0,
			"keyAPIDiffClassNum":0,
			"keyAPISameClass":[],
			"keyAPIDiffClass":[],
			"callerOfSingnlar2SourceVar":{}
		},
		{
			"method":"<android.content.pm.PackageInstaller: android.content.pm.PackageInstaller$SessionInfo getSessionInfo(int)>",
			"message":"[\\s\\S]*",
			"relatedVarType":"Unknown",
			"relatedCondType":"Empty",
			"modifier":"public",
			"type":"java.lang.RuntimeException",
			"osVersionRelated":false,
			"resourceRelated":false,
			"assessRelated":false,
			"hardwareRelated":false,
			"manifestRelated":false,
			"caughtValues":"@caughtexception",
			"relatedValues":"; ; @caughtexception",
			"keyAPISameClassNum":0,
			"keyAPIDiffClassNum":0,
			"keyAPISameClass":[],
			"keyAPIDiffClass":[],
			"callerOfSingnlar2SourceVar":{}
		},
		{
			"method":"<android.content.pm.PackageInstaller: java.util.List getAllSessions()>",
			"message":"[\\s\\S]*",
			"relatedVarType":"Unknown",
			"relatedCondType":"Empty",
			"modifier":"public",
			"type":"java.lang.RuntimeException",
			"osVersionRelated":false,
			"resourceRelated":false,
			"assessRelated":false,
			"hardwareRelated":false,
			"manifestRelated":false,
			"caughtValues":"@caughtexception",
			"relatedValues":"; ; @caughtexception",
			"keyAPISameClassNum":0,
			"keyAPIDiffClassNum":0,
			"keyAPISameClass":[],
			"keyAPIDiffClass":[],
			"callerOfSingnlar2SourceVar":{}
		},
		{
			"method":"<android.content.pm.PackageInstaller: java.util.List getMySessions()>",
			"message":"[\\s\\S]*",
			"relatedVarType":"Unknown",
			"relatedCondType":"Empty",
			"modifier":"public",
			"type":"java.lang.RuntimeException",
			"osVersionRelated":false,
			"resourceRelated":false,
			"assessRelated":false,
			"hardwareRelated":false,
			"manifestRelated":false,
			"caughtValues":"@caughtexception",
			"relatedValues":"; ; @caughtexception",
			"keyAPISameClassNum":0,
			"keyAPIDiffClassNum":0,
			"keyAPISameClass":[],
			"keyAPIDiffClass":[],
			"callerOfSingnlar2SourceVar":{}
		},
		{
			"method":"<android.content.pm.PackageInstaller: void uninstall(java.lang.String,android.content.IntentSender)>",
			"message":"[\\s\\S]*",
			"relatedVarType":"Unknown",
			"relatedCondType":"Empty",
			"modifier":"public",
			"type":"java.lang.RuntimeException",
			"osVersionRelated":false,
			"resourceRelated":false,
			"assessRelated":false,
			"hardwareRelated":false,
			"manifestRelated":false,
			"caughtValues":"@caughtexception",
			"relatedValues":"; ; @caughtexception",
			"keyAPISameClassNum":0,
			"keyAPIDiffClassNum":0,
			"keyAPISameClass":[],
			"keyAPIDiffClass":[],
			"callerOfSingnlar2SourceVar":{}
		},
		{
			"method":"<android.content.pm.PackageInstaller: void setPermissionsResult(int,boolean)>",
			"message":"[\\s\\S]*",
			"relatedVarType":"Unknown",
			"relatedCondType":"Empty",
			"modifier":"public",
			"type":"java.lang.RuntimeException",
			"osVersionRelated":false,
			"resourceRelated":false,
			"assessRelated":false,
			"hardwareRelated":false,
			"manifestRelated":false,
			"caughtValues":"@caughtexception",
			"relatedValues":"; ; @caughtexception",
			"keyAPISameClassNum":0,
			"keyAPIDiffClassNum":0,
			"keyAPISameClass":[],
			"keyAPIDiffClass":[],
			"callerOfSingnlar2SourceVar":{}
		},
		{
			"method":"<android.content.pm.PackageInstaller: void registerSessionCallback(android.content.pm.PackageInstaller$SessionCallback,android.os.Handler)>",
			"message":"[\\s\\S]*",
			"relatedVarType":"Unknown",
			"relatedCondType":"Empty",
			"modifier":"public",
			"type":"java.lang.RuntimeException",
			"osVersionRelated":false,
			"resourceRelated":false,
			"assessRelated":false,
			"hardwareRelated":false,
			"manifestRelated":false,
			"caughtValues":"@caughtexception",
			"relatedValues":"; ; @caughtexception",
			"keyAPISameClassNum":0,
			"keyAPIDiffClassNum":0,
			"keyAPISameClass":[],
			"keyAPIDiffClass":[],
			"callerOfSingnlar2SourceVar":{}
		},
		{
			"method":"<android.content.pm.PackageInstaller: void unregisterSessionCallback(android.content.pm.PackageInstaller$SessionCallback)>",
			"message":"[\\s\\S]*",
			"relatedVarType":"ParaAndField",
			"relatedCondType":"Basic",
			"modifier":"public",
			"type":"java.lang.RuntimeException",
			"osVersionRelated":false,
			"resourceRelated":false,
			"assessRelated":false,
			"hardwareRelated":false,
			"manifestRelated":false,
			"conditions":"$r8 != r7, $z0 == 0",
			"paramValues":"@parameter0: android.content.pm.PackageInstaller$SessionCallback",
			"fieldValues":"<android.content.pm.PackageInstaller: java.util.ArrayList mDelegates>",
			"caughtValues":"@caughtexception",
			"relatedValues":"@parameter0: android.content.pm.PackageInstaller$SessionCallback; <android.content.pm.PackageInstaller: java.util.ArrayList mDelegates>; @caughtexception",
			"keyAPISameClassNum":7,
			"keyAPIDiffClassNum":1,
			"keyAPISameClass":[
				{
					"trace":[
						"<android.content.pm.PackageInstaller: void unregisterSessionCallback(android.content.pm.PackageInstaller$SessionCallback)>"
					],
					"depth":1,
					"method":"<android.content.pm.PackageInstaller: void <init>(android.content.Context,android.content.pm.PackageManager,android.content.pm.IPackageInstaller,java.lang.String,int)>",
					"source":"FIELD"
				},
				{
					"trace":[
						"<android.content.pm.PackageInstaller: void unregisterSessionCallback(android.content.pm.PackageInstaller$SessionCallback)>"
					],
					"depth":1,
					"method":"<android.content.pm.PackageInstaller: void registerSessionCallback(android.content.pm.PackageInstaller$SessionCallback,android.os.Handler)>",
					"source":"FIELD"
				},
				{
					"trace":[
						"<android.content.pm.PackageInstaller: void unregisterSessionCallback(android.content.pm.PackageInstaller$SessionCallback)>"
					],
					"depth":1,
					"method":"<android.content.pm.PackageInstaller: void unregisterSessionCallback(android.content.pm.PackageInstaller$SessionCallback)>",
					"source":"FIELD"
				},
				{
					"trace":[
						"<android.content.pm.PackageInstaller: void registerSessionCallback(android.content.pm.PackageInstaller$SessionCallback)>",
						"<android.content.pm.PackageInstaller: void registerSessionCallback(android.content.pm.PackageInstaller$SessionCallback,android.os.Handler)>",
						"key field: <android.content.pm.PackageInstaller: java.util.ArrayList mDelegates>",
						"<android.content.pm.PackageInstaller: void unregisterSessionCallback(android.content.pm.PackageInstaller$SessionCallback)>"
					],
					"depth":2,
					"method":"<android.content.pm.PackageInstaller: void registerSessionCallback(android.content.pm.PackageInstaller$SessionCallback)>",
					"source":"FIELDCALLER"
				},
				{
					"trace":[
						"<android.content.pm.PackageInstaller: void addSessionCallback(android.content.pm.PackageInstaller$SessionCallback,android.os.Handler)>",
						"<android.content.pm.PackageInstaller: void registerSessionCallback(android.content.pm.PackageInstaller$SessionCallback,android.os.Handler)>",
						"key field: <android.content.pm.PackageInstaller: java.util.ArrayList mDelegates>",
						"<android.content.pm.PackageInstaller: void unregisterSessionCallback(android.content.pm.PackageInstaller$SessionCallback)>"
					],
					"depth":2,
					"method":"<android.content.pm.PackageInstaller: void addSessionCallback(android.content.pm.PackageInstaller$SessionCallback,android.os.Handler)>",
					"source":"FIELDCALLER"
				},
				{
					"trace":[
						"<android.content.pm.PackageInstaller: void removeSessionCallback(android.content.pm.PackageInstaller$SessionCallback)>",
						"<android.content.pm.PackageInstaller: void unregisterSessionCallback(android.content.pm.PackageInstaller$SessionCallback)>",
						"key field: <android.content.pm.PackageInstaller: java.util.ArrayList mDelegates>",
						"<android.content.pm.PackageInstaller: void unregisterSessionCallback(android.content.pm.PackageInstaller$SessionCallback)>"
					],
					"depth":2,
					"method":"<android.content.pm.PackageInstaller: void removeSessionCallback(android.content.pm.PackageInstaller$SessionCallback)>",
					"source":"FIELDCALLER"
				},
				{
					"trace":[
						"<android.content.pm.PackageInstaller: void addSessionCallback(android.content.pm.PackageInstaller$SessionCallback)>",
						"<android.content.pm.PackageInstaller: void registerSessionCallback(android.content.pm.PackageInstaller$SessionCallback)>",
						"<android.content.pm.PackageInstaller: void registerSessionCallback(android.content.pm.PackageInstaller$SessionCallback,android.os.Handler)>",
						"key field: <android.content.pm.PackageInstaller: java.util.ArrayList mDelegates>",
						"<android.content.pm.PackageInstaller: void unregisterSessionCallback(android.content.pm.PackageInstaller$SessionCallback)>"
					],
					"depth":3,
					"method":"<android.content.pm.PackageInstaller: void addSessionCallback(android.content.pm.PackageInstaller$SessionCallback)>",
					"source":"FIELDCALLER"
				}
			],
			"keyAPIDiffClass":[
				{
					"trace":[
						"<android.content.pm.PackageManager: android.content.pm.PackageInstaller getPackageInstaller()>",
						"<android.content.pm.PackageInstaller: void <init>(android.content.Context,android.content.pm.PackageManager,android.content.pm.IPackageInstaller,java.lang.String,int)>",
						"key field: <android.content.pm.PackageInstaller: java.util.ArrayList mDelegates>",
						"<android.content.pm.PackageInstaller: void unregisterSessionCallback(android.content.pm.PackageInstaller$SessionCallback)>"
					],
					"depth":2,
					"method":"<android.content.pm.PackageManager: android.content.pm.PackageInstaller getPackageInstaller()>",
					"source":"FIELDCALLER"
				}
			],
			"callerOfSingnlar2SourceVar":{
				"<android.content.pm.PackageInstaller: void unregisterSessionCallback(android.content.pm.PackageInstaller$SessionCallback)>":"0",
				"<android.content.pm.PackageInstaller: void removeSessionCallback(android.content.pm.PackageInstaller$SessionCallback)>":"0"
			}
		}
	]
}