{
	"exceptions":[
		{
			"method":"<android.app.backup.BackupHelperDispatcher: void doOneBackup(android.os.ParcelFileDescriptor,android.app.backup.BackupDataOutput,android.os.ParcelFileDescriptor,android.app.backup.BackupHelperDispatcher$Header,android.app.backup.BackupHelper)>",
			"message":"\\QwriteHeader_native failed (error \\E[\\s\\S]*\\Q)\\E",
			"relatedVarType":"Parameter",
			"relatedCondType":"Basic",
			"modifier":"private",
			"type":"java.io.IOException",
			"osVersionRelated":false,
			"resourceRelated":false,
			"assessRelated":false,
			"hardwareRelated":true,
			"manifestRelated":false,
			"conditions":"i1 == 0, i0 >= 0",
			"paramValues":"@parameter3: android.app.backup.BackupHelperDispatcher$Header, @parameter2: android.os.ParcelFileDescriptor",
			"relatedValues":"@parameter3: android.app.backup.BackupHelperDispatcher$Header, @parameter2: android.os.ParcelFileDescriptor; ; ",
			"keyAPISameClassNum":0,
			"keyAPIDiffClassNum":0,
			"keyAPISameClass":[
				{
					"trace":[
						"<android.app.backup.BackupHelperDispatcher: void doOneBackup(android.os.ParcelFileDescriptor,android.app.backup.BackupDataOutput,android.os.ParcelFileDescriptor,android.app.backup.BackupHelperDispatcher$Header,android.app.backup.BackupHelper)>"
					],
					"depth":0,
					"method":"<android.app.backup.BackupHelperDispatcher: void doOneBackup(android.os.ParcelFileDescriptor,android.app.backup.BackupDataOutput,android.os.ParcelFileDescriptor,android.app.backup.BackupHelperDispatcher$Header,android.app.backup.BackupHelper)>",
					"source":"CALLER"
				},
				{
					"trace":[
						"<android.app.backup.BackupHelperDispatcher: void performBackup(android.os.ParcelFileDescriptor,android.app.backup.BackupDataOutput,android.os.ParcelFileDescriptor)>",
						"<android.app.backup.BackupHelperDispatcher: void doOneBackup(android.os.ParcelFileDescriptor,android.app.backup.BackupDataOutput,android.os.ParcelFileDescriptor,android.app.backup.BackupHelperDispatcher$Header,android.app.backup.BackupHelper)>"
					],
					"depth":1,
					"method":"<android.app.backup.BackupHelperDispatcher: void performBackup(android.os.ParcelFileDescriptor,android.app.backup.BackupDataOutput,android.os.ParcelFileDescriptor)>",
					"source":"CALLER"
				}
			],
			"keyAPIDiffClass":[
				{
					"trace":[
						"<android.app.backup.BackupAgentHelper: void onBackup(android.os.ParcelFileDescriptor,android.app.backup.BackupDataOutput,android.os.ParcelFileDescriptor)>",
						"<android.app.backup.BackupHelperDispatcher: void performBackup(android.os.ParcelFileDescriptor,android.app.backup.BackupDataOutput,android.os.ParcelFileDescriptor)>",
						"<android.app.backup.BackupHelperDispatcher: void doOneBackup(android.os.ParcelFileDescriptor,android.app.backup.BackupDataOutput,android.os.ParcelFileDescriptor,android.app.backup.BackupHelperDispatcher$Header,android.app.backup.BackupHelper)>"
					],
					"depth":2,
					"method":"<android.app.backup.BackupAgentHelper: void onBackup(android.os.ParcelFileDescriptor,android.app.backup.BackupDataOutput,android.os.ParcelFileDescriptor)>",
					"source":"CALLER"
				},
				{
					"trace":[
						"<android.app.backup.BackupAgent: void onBackup(android.os.ParcelFileDescriptor,android.app.backup.BackupDataOutput,android.os.ParcelFileDescriptor)>",
						"<android.app.backup.BackupHelperDispatcher: void performBackup(android.os.ParcelFileDescriptor,android.app.backup.BackupDataOutput,android.os.ParcelFileDescriptor)>",
						"<android.app.backup.BackupHelperDispatcher: void doOneBackup(android.os.ParcelFileDescriptor,android.app.backup.BackupDataOutput,android.os.ParcelFileDescriptor,android.app.backup.BackupHelperDispatcher$Header,android.app.backup.BackupHelper)>"
					],
					"depth":2,
					"method":"<android.app.backup.BackupAgent: void onBackup(android.os.ParcelFileDescriptor,android.app.backup.BackupDataOutput,android.os.ParcelFileDescriptor)>",
					"source":"CALLER"
				},
				{
					"trace":[
						"<com.android.server.backup.SystemBackupAgent: void onBackup(android.os.ParcelFileDescriptor,android.app.backup.BackupDataOutput,android.os.ParcelFileDescriptor)>",
						"<android.app.backup.BackupAgentHelper: void onBackup(android.os.ParcelFileDescriptor,android.app.backup.BackupDataOutput,android.os.ParcelFileDescriptor)>",
						"<android.app.backup.BackupHelperDispatcher: void performBackup(android.os.ParcelFileDescriptor,android.app.backup.BackupDataOutput,android.os.ParcelFileDescriptor)>",
						"<android.app.backup.BackupHelperDispatcher: void doOneBackup(android.os.ParcelFileDescriptor,android.app.backup.BackupDataOutput,android.os.ParcelFileDescriptor,android.app.backup.BackupHelperDispatcher$Header,android.app.backup.BackupHelper)>"
					],
					"depth":3,
					"method":"<com.android.server.backup.SystemBackupAgent: void onBackup(android.os.ParcelFileDescriptor,android.app.backup.BackupDataOutput,android.os.ParcelFileDescriptor)>",
					"source":"CALLER"
				}
			],
			"callerOfSingnlar2SourceVar":{
				"<android.app.backup.BackupHelperDispatcher: void doOneBackup(android.os.ParcelFileDescriptor,android.app.backup.BackupDataOutput,android.os.ParcelFileDescriptor,android.app.backup.BackupHelperDispatcher$Header,android.app.backup.BackupHelper)>":"3, 2",
				"<android.app.backup.BackupAgentHelper: void onBackup(android.os.ParcelFileDescriptor,android.app.backup.BackupDataOutput,android.os.ParcelFileDescriptor)>":"2",
				"<android.app.backup.BackupHelperDispatcher: void performBackup(android.os.ParcelFileDescriptor,android.app.backup.BackupDataOutput,android.os.ParcelFileDescriptor)>":"2",
				"<com.android.server.backup.SystemBackupAgent: void onBackup(android.os.ParcelFileDescriptor,android.app.backup.BackupDataOutput,android.os.ParcelFileDescriptor)>":"2"
			}
		},
		{
			"method":"<android.app.backup.BackupHelperDispatcher: void doOneBackup(android.os.ParcelFileDescriptor,android.app.backup.BackupDataOutput,android.os.ParcelFileDescriptor,android.app.backup.BackupHelperDispatcher$Header,android.app.backup.BackupHelper)>",
			"message":"\\QallocateHeader_native failed (error \\E[\\s\\S]*\\Q)\\E",
			"relatedVarType":"Parameter",
			"relatedCondType":"Basic",
			"modifier":"private",
			"type":"java.io.IOException",
			"osVersionRelated":false,
			"resourceRelated":false,
			"assessRelated":false,
			"hardwareRelated":true,
			"manifestRelated":false,
			"conditions":"i0 >= 0",
			"paramValues":"@parameter3: android.app.backup.BackupHelperDispatcher$Header, @parameter2: android.os.ParcelFileDescriptor",
			"relatedValues":"@parameter3: android.app.backup.BackupHelperDispatcher$Header, @parameter2: android.os.ParcelFileDescriptor; ; ",
			"keyAPISameClassNum":0,
			"keyAPIDiffClassNum":0,
			"keyAPISameClass":[
				{
					"trace":[
						"<android.app.backup.BackupHelperDispatcher: void doOneBackup(android.os.ParcelFileDescriptor,android.app.backup.BackupDataOutput,android.os.ParcelFileDescriptor,android.app.backup.BackupHelperDispatcher$Header,android.app.backup.BackupHelper)>"
					],
					"depth":0,
					"method":"<android.app.backup.BackupHelperDispatcher: void doOneBackup(android.os.ParcelFileDescriptor,android.app.backup.BackupDataOutput,android.os.ParcelFileDescriptor,android.app.backup.BackupHelperDispatcher$Header,android.app.backup.BackupHelper)>",
					"source":"CALLER"
				},
				{
					"trace":[
						"<android.app.backup.BackupHelperDispatcher: void performBackup(android.os.ParcelFileDescriptor,android.app.backup.BackupDataOutput,android.os.ParcelFileDescriptor)>",
						"<android.app.backup.BackupHelperDispatcher: void doOneBackup(android.os.ParcelFileDescriptor,android.app.backup.BackupDataOutput,android.os.ParcelFileDescriptor,android.app.backup.BackupHelperDispatcher$Header,android.app.backup.BackupHelper)>"
					],
					"depth":1,
					"method":"<android.app.backup.BackupHelperDispatcher: void performBackup(android.os.ParcelFileDescriptor,android.app.backup.BackupDataOutput,android.os.ParcelFileDescriptor)>",
					"source":"CALLER"
				}
			],
			"keyAPIDiffClass":[
				{
					"trace":[
						"<android.app.backup.BackupAgentHelper: void onBackup(android.os.ParcelFileDescriptor,android.app.backup.BackupDataOutput,android.os.ParcelFileDescriptor)>",
						"<android.app.backup.BackupHelperDispatcher: void performBackup(android.os.ParcelFileDescriptor,android.app.backup.BackupDataOutput,android.os.ParcelFileDescriptor)>",
						"<android.app.backup.BackupHelperDispatcher: void doOneBackup(android.os.ParcelFileDescriptor,android.app.backup.BackupDataOutput,android.os.ParcelFileDescriptor,android.app.backup.BackupHelperDispatcher$Header,android.app.backup.BackupHelper)>"
					],
					"depth":2,
					"method":"<android.app.backup.BackupAgentHelper: void onBackup(android.os.ParcelFileDescriptor,android.app.backup.BackupDataOutput,android.os.ParcelFileDescriptor)>",
					"source":"CALLER"
				},
				{
					"trace":[
						"<android.app.backup.BackupAgent: void onBackup(android.os.ParcelFileDescriptor,android.app.backup.BackupDataOutput,android.os.ParcelFileDescriptor)>",
						"<android.app.backup.BackupHelperDispatcher: void performBackup(android.os.ParcelFileDescriptor,android.app.backup.BackupDataOutput,android.os.ParcelFileDescriptor)>",
						"<android.app.backup.BackupHelperDispatcher: void doOneBackup(android.os.ParcelFileDescriptor,android.app.backup.BackupDataOutput,android.os.ParcelFileDescriptor,android.app.backup.BackupHelperDispatcher$Header,android.app.backup.BackupHelper)>"
					],
					"depth":2,
					"method":"<android.app.backup.BackupAgent: void onBackup(android.os.ParcelFileDescriptor,android.app.backup.BackupDataOutput,android.os.ParcelFileDescriptor)>",
					"source":"CALLER"
				},
				{
					"trace":[
						"<com.android.server.backup.SystemBackupAgent: void onBackup(android.os.ParcelFileDescriptor,android.app.backup.BackupDataOutput,android.os.ParcelFileDescriptor)>",
						"<android.app.backup.BackupAgentHelper: void onBackup(android.os.ParcelFileDescriptor,android.app.backup.BackupDataOutput,android.os.ParcelFileDescriptor)>",
						"<android.app.backup.BackupHelperDispatcher: void performBackup(android.os.ParcelFileDescriptor,android.app.backup.BackupDataOutput,android.os.ParcelFileDescriptor)>",
						"<android.app.backup.BackupHelperDispatcher: void doOneBackup(android.os.ParcelFileDescriptor,android.app.backup.BackupDataOutput,android.os.ParcelFileDescriptor,android.app.backup.BackupHelperDispatcher$Header,android.app.backup.BackupHelper)>"
					],
					"depth":3,
					"method":"<com.android.server.backup.SystemBackupAgent: void onBackup(android.os.ParcelFileDescriptor,android.app.backup.BackupDataOutput,android.os.ParcelFileDescriptor)>",
					"source":"CALLER"
				}
			],
			"callerOfSingnlar2SourceVar":{
				"<android.app.backup.BackupHelperDispatcher: void doOneBackup(android.os.ParcelFileDescriptor,android.app.backup.BackupDataOutput,android.os.ParcelFileDescriptor,android.app.backup.BackupHelperDispatcher$Header,android.app.backup.BackupHelper)>":"3, 2",
				"<android.app.backup.BackupAgentHelper: void onBackup(android.os.ParcelFileDescriptor,android.app.backup.BackupDataOutput,android.os.ParcelFileDescriptor)>":"2",
				"<android.app.backup.BackupHelperDispatcher: void performBackup(android.os.ParcelFileDescriptor,android.app.backup.BackupDataOutput,android.os.ParcelFileDescriptor)>":"2",
				"<com.android.server.backup.SystemBackupAgent: void onBackup(android.os.ParcelFileDescriptor,android.app.backup.BackupDataOutput,android.os.ParcelFileDescriptor)>":"2"
			}
		}
	]
}