{
	"exceptions":[
		{
			"method":"<android.content.UndoManager: android.content.UndoOwner getOwner(java.lang.String,java.lang.Object)>",
			"message":"\\QOwner \\E[\\s\\S]*\\Q already exists with data \\E[\\s\\S]*\\Q but giving different data \\E[\\s\\S]*",
			"relatedVarType":"ParaAndField",
			"relatedCondType":"Basic",
			"modifier":"public",
			"type":"java.lang.IllegalStateException",
			"osVersionRelated":false,
			"resourceRelated":false,
			"assessRelated":false,
			"hardwareRelated":false,
			"manifestRelated":false,
			"conditions":"$r9 == null, $r8 == r1, r22 == null",
			"paramValues":"@parameter0: java.lang.String, @parameter1: java.lang.Object",
			"fieldValues":"<android.content.UndoManager: android.util.ArrayMap mOwners>",
			"relatedValues":"@parameter0: java.lang.String, @parameter1: java.lang.Object; <android.content.UndoManager: android.util.ArrayMap mOwners>; ",
			"keyAPISameClassNum":4,
			"keyAPIDiffClassNum":0,
			"keyAPISameClass":[
				{
					"trace":[
						"<android.content.UndoManager: android.content.UndoOwner getOwner(java.lang.String,java.lang.Object)>"
					],
					"depth":1,
					"method":"<android.content.UndoManager: void <init>()>",
					"source":"FIELD"
				},
				{
					"trace":[
						"<android.content.UndoManager: android.content.UndoOwner getOwner(java.lang.String,java.lang.Object)>"
					],
					"depth":1,
					"method":"<android.content.UndoManager: android.content.UndoOwner getOwner(java.lang.String,java.lang.Object)>",
					"source":"FIELD"
				},
				{
					"trace":[
						"<android.content.UndoManager: android.content.UndoOwner getOwner(java.lang.String,java.lang.Object)>"
					],
					"depth":1,
					"method":"<android.content.UndoManager: void saveInstanceState(android.os.Parcel)>",
					"source":"FIELD"
				},
				{
					"trace":[
						"<android.content.UndoManager: void restoreInstanceState(android.os.Parcel,java.lang.ClassLoader)>",
						"<android.content.UndoManager$UndoState: void <init>(android.content.UndoManager,android.os.Parcel,java.lang.ClassLoader)>",
						"<android.content.UndoManager: android.content.UndoOwner restoreOwner(android.os.Parcel)>",
						"key field: <android.content.UndoManager: android.util.ArrayMap mOwners>",
						"<android.content.UndoManager: android.content.UndoOwner getOwner(java.lang.String,java.lang.Object)>"
					],
					"depth":3,
					"method":"<android.content.UndoManager: void restoreInstanceState(android.os.Parcel,java.lang.ClassLoader)>",
					"source":"FIELDCALLER"
				}
			],
			"keyAPIDiffClass":[],
			"callerOfSingnlar2SourceVar":{
				"<android.content.UndoManager: android.content.UndoOwner getOwner(java.lang.String,java.lang.Object)>":"0, 1",
				"<android.widget.Editor: void <init>(android.widget.TextView)>":"-1",
				"<android.widget.Editor: void restoreInstanceState(android.os.ParcelableParcel)>":"-1"
			}
		},
		{
			"method":"<android.content.UndoManager: android.content.UndoOwner getOwner(java.lang.String,java.lang.Object)>",
			"message":"\\Qtag can't be null\\E",
			"relatedVarType":"Parameter",
			"relatedCondType":"Basic",
			"modifier":"public",
			"type":"java.lang.NullPointerException",
			"osVersionRelated":false,
			"resourceRelated":false,
			"assessRelated":false,
			"hardwareRelated":false,
			"manifestRelated":false,
			"conditions":"r0 != null",
			"paramValues":"@parameter0: java.lang.String",
			"relatedValues":"@parameter0: java.lang.String; ; ",
			"keyAPISameClassNum":0,
			"keyAPIDiffClassNum":0,
			"keyAPISameClass":[
				{
					"trace":[
						"<android.content.UndoManager: android.content.UndoOwner getOwner(java.lang.String,java.lang.Object)>"
					],
					"depth":0,
					"method":"<android.content.UndoManager: android.content.UndoOwner getOwner(java.lang.String,java.lang.Object)>",
					"source":"CALLER"
				}
			],
			"keyAPIDiffClass":[],
			"callerOfSingnlar2SourceVar":{
				"<android.content.UndoManager: android.content.UndoOwner getOwner(java.lang.String,java.lang.Object)>":"0"
			}
		},
		{
			"method":"<android.content.UndoManager: android.content.UndoOwner getOwner(java.lang.String,java.lang.Object)>",
			"message":"\\Qdata can't be null\\E",
			"relatedVarType":"Parameter",
			"relatedCondType":"Basic",
			"modifier":"public",
			"type":"java.lang.NullPointerException",
			"osVersionRelated":false,
			"resourceRelated":false,
			"assessRelated":false,
			"hardwareRelated":false,
			"manifestRelated":false,
			"conditions":"r1 != null, r0 != null",
			"paramValues":"@parameter1: java.lang.Object, @parameter0: java.lang.String",
			"relatedValues":"@parameter1: java.lang.Object, @parameter0: java.lang.String; ; ",
			"keyAPISameClassNum":0,
			"keyAPIDiffClassNum":0,
			"keyAPISameClass":[
				{
					"trace":[
						"<android.content.UndoManager: android.content.UndoOwner getOwner(java.lang.String,java.lang.Object)>"
					],
					"depth":0,
					"method":"<android.content.UndoManager: android.content.UndoOwner getOwner(java.lang.String,java.lang.Object)>",
					"source":"CALLER"
				}
			],
			"keyAPIDiffClass":[],
			"callerOfSingnlar2SourceVar":{
				"<android.content.UndoManager: android.content.UndoOwner getOwner(java.lang.String,java.lang.Object)>":"1, 0",
				"<android.widget.Editor: void <init>(android.widget.TextView)>":"-1",
				"<android.widget.Editor: void restoreInstanceState(android.os.ParcelableParcel)>":"-1"
			}
		},
		{
			"method":"<android.content.UndoManager: void saveInstanceState(android.os.Parcel)>",
			"message":"\\QCan't save state while updating\\E",
			"relatedVarType":"Field",
			"relatedCondType":"Basic",
			"modifier":"public",
			"type":"java.lang.IllegalStateException",
			"osVersionRelated":false,
			"resourceRelated":false,
			"assessRelated":false,
			"hardwareRelated":false,
			"manifestRelated":false,
			"conditions":"$i0 <= 0",
			"fieldValues":"<android.content.UndoManager: int mUpdateCount>",
			"relatedValues":"; <android.content.UndoManager: int mUpdateCount>; ",
			"keyAPISameClassNum":2,
			"keyAPIDiffClassNum":0,
			"keyAPISameClass":[
				{
					"trace":[
						"<android.content.UndoManager: void saveInstanceState(android.os.Parcel)>"
					],
					"depth":1,
					"method":"<android.content.UndoManager: void beginUpdate(java.lang.CharSequence)>",
					"source":"FIELD"
				},
				{
					"trace":[
						"<android.content.UndoManager: void saveInstanceState(android.os.Parcel)>"
					],
					"depth":1,
					"method":"<android.content.UndoManager: void endUpdate()>",
					"source":"FIELD"
				}
			],
			"keyAPIDiffClass":[],
			"callerOfSingnlar2SourceVar":{}
		},
		{
			"method":"<android.content.UndoManager: void restoreInstanceState(android.os.Parcel,java.lang.ClassLoader)>",
			"message":"\\QCan't save state while updating\\E",
			"relatedVarType":"Field",
			"relatedCondType":"Basic",
			"modifier":"public",
			"type":"java.lang.IllegalStateException",
			"osVersionRelated":false,
			"resourceRelated":false,
			"assessRelated":false,
			"hardwareRelated":false,
			"manifestRelated":false,
			"conditions":"$i0 <= 0",
			"fieldValues":"<android.content.UndoManager: int mUpdateCount>",
			"relatedValues":"; <android.content.UndoManager: int mUpdateCount>; ",
			"keyAPISameClassNum":2,
			"keyAPIDiffClassNum":0,
			"keyAPISameClass":[
				{
					"trace":[
						"<android.content.UndoManager: void restoreInstanceState(android.os.Parcel,java.lang.ClassLoader)>"
					],
					"depth":1,
					"method":"<android.content.UndoManager: void beginUpdate(java.lang.CharSequence)>",
					"source":"FIELD"
				},
				{
					"trace":[
						"<android.content.UndoManager: void restoreInstanceState(android.os.Parcel,java.lang.ClassLoader)>"
					],
					"depth":1,
					"method":"<android.content.UndoManager: void endUpdate()>",
					"source":"FIELD"
				}
			],
			"keyAPIDiffClass":[],
			"callerOfSingnlar2SourceVar":{}
		},
		{
			"method":"<android.content.UndoManager: int undo(android.content.UndoOwner[],int)>",
			"message":"\\QCan't be called during an update\\E",
			"relatedVarType":"Field",
			"relatedCondType":"Basic",
			"modifier":"public",
			"type":"java.lang.IllegalStateException",
			"osVersionRelated":false,
			"resourceRelated":false,
			"assessRelated":false,
			"hardwareRelated":false,
			"manifestRelated":false,
			"conditions":"$r1 == null",
			"fieldValues":"<android.content.UndoManager: android.content.UndoManager$UndoState mWorking>",
			"relatedValues":"; <android.content.UndoManager: android.content.UndoManager$UndoState mWorking>; ",
			"keyAPISameClassNum":11,
			"keyAPIDiffClassNum":0,
			"keyAPISameClass":[
				{
					"trace":[
						"<android.content.UndoManager: int undo(android.content.UndoOwner[],int)>"
					],
					"depth":1,
					"method":"<android.content.UndoManager: void beginUpdate(java.lang.CharSequence)>",
					"source":"FIELD"
				},
				{
					"trace":[
						"<android.content.UndoManager: int undo(android.content.UndoOwner[],int)>"
					],
					"depth":1,
					"method":"<android.content.UndoManager: void setUndoLabel(java.lang.CharSequence)>",
					"source":"FIELD"
				},
				{
					"trace":[
						"<android.content.UndoManager: int undo(android.content.UndoOwner[],int)>"
					],
					"depth":1,
					"method":"<android.content.UndoManager: void suggestUndoLabel(java.lang.CharSequence)>",
					"source":"FIELD"
				},
				{
					"trace":[
						"<android.content.UndoManager: int undo(android.content.UndoOwner[],int)>"
					],
					"depth":1,
					"method":"<android.content.UndoManager: boolean hasOperation(android.content.UndoOwner)>",
					"source":"FIELD"
				},
				{
					"trace":[
						"<android.content.UndoManager: int undo(android.content.UndoOwner[],int)>"
					],
					"depth":1,
					"method":"<android.content.UndoManager: android.content.UndoOperation getLastOperation(java.lang.Class,android.content.UndoOwner,int)>",
					"source":"FIELD"
				},
				{
					"trace":[
						"<android.content.UndoManager: int undo(android.content.UndoOwner[],int)>"
					],
					"depth":1,
					"method":"<android.content.UndoManager: void addOperation(android.content.UndoOperation,int)>",
					"source":"FIELD"
				},
				{
					"trace":[
						"<android.content.UndoManager: int undo(android.content.UndoOwner[],int)>"
					],
					"depth":1,
					"method":"<android.content.UndoManager: boolean uncommitState(int,android.content.UndoOwner)>",
					"source":"FIELD"
				},
				{
					"trace":[
						"<android.content.UndoManager: int commitState(android.content.UndoOwner)>",
						"<android.content.UndoManager: void createWorkingState()>",
						"key field: <android.content.UndoManager: android.content.UndoManager$UndoState mWorking>",
						"<android.content.UndoManager: int undo(android.content.UndoOwner[],int)>"
					],
					"depth":2,
					"method":"<android.content.UndoManager: int commitState(android.content.UndoOwner)>",
					"source":"FIELDCALLER"
				},
				{
					"trace":[
						"<android.content.UndoManager: android.content.UndoOperation getLastOperation(android.content.UndoOwner,int)>",
						"<android.content.UndoManager: android.content.UndoOperation getLastOperation(java.lang.Class,android.content.UndoOwner,int)>",
						"key field: <android.content.UndoManager: android.content.UndoManager$UndoState mWorking>",
						"<android.content.UndoManager: int undo(android.content.UndoOwner[],int)>"
					],
					"depth":2,
					"method":"<android.content.UndoManager: android.content.UndoOperation getLastOperation(android.content.UndoOwner,int)>",
					"source":"FIELDCALLER"
				},
				{
					"trace":[
						"<android.content.UndoManager: android.content.UndoOperation getLastOperation(int)>",
						"<android.content.UndoManager: android.content.UndoOperation getLastOperation(java.lang.Class,android.content.UndoOwner,int)>",
						"key field: <android.content.UndoManager: android.content.UndoManager$UndoState mWorking>",
						"<android.content.UndoManager: int undo(android.content.UndoOwner[],int)>"
					],
					"depth":2,
					"method":"<android.content.UndoManager: android.content.UndoOperation getLastOperation(int)>",
					"source":"FIELDCALLER"
				},
				{
					"trace":[
						"<android.content.UndoManager: void endUpdate()>",
						"<android.content.UndoManager: void pushWorkingState()>",
						"key field: <android.content.UndoManager: android.content.UndoManager$UndoState mWorking>",
						"<android.content.UndoManager: int undo(android.content.UndoOwner[],int)>"
					],
					"depth":2,
					"method":"<android.content.UndoManager: void endUpdate()>",
					"source":"FIELDCALLER"
				}
			],
			"keyAPIDiffClass":[],
			"callerOfSingnlar2SourceVar":{}
		},
		{
			"method":"<android.content.UndoManager: int redo(android.content.UndoOwner[],int)>",
			"message":"\\QCan't be called during an update\\E",
			"relatedVarType":"Field",
			"relatedCondType":"Basic",
			"modifier":"public",
			"type":"java.lang.IllegalStateException",
			"osVersionRelated":false,
			"resourceRelated":false,
			"assessRelated":false,
			"hardwareRelated":false,
			"manifestRelated":false,
			"conditions":"$r1 == null",
			"fieldValues":"<android.content.UndoManager: android.content.UndoManager$UndoState mWorking>",
			"relatedValues":"; <android.content.UndoManager: android.content.UndoManager$UndoState mWorking>; ",
			"keyAPISameClassNum":11,
			"keyAPIDiffClassNum":0,
			"keyAPISameClass":[
				{
					"trace":[
						"<android.content.UndoManager: int redo(android.content.UndoOwner[],int)>"
					],
					"depth":1,
					"method":"<android.content.UndoManager: void beginUpdate(java.lang.CharSequence)>",
					"source":"FIELD"
				},
				{
					"trace":[
						"<android.content.UndoManager: int redo(android.content.UndoOwner[],int)>"
					],
					"depth":1,
					"method":"<android.content.UndoManager: void setUndoLabel(java.lang.CharSequence)>",
					"source":"FIELD"
				},
				{
					"trace":[
						"<android.content.UndoManager: int redo(android.content.UndoOwner[],int)>"
					],
					"depth":1,
					"method":"<android.content.UndoManager: void suggestUndoLabel(java.lang.CharSequence)>",
					"source":"FIELD"
				},
				{
					"trace":[
						"<android.content.UndoManager: int redo(android.content.UndoOwner[],int)>"
					],
					"depth":1,
					"method":"<android.content.UndoManager: boolean hasOperation(android.content.UndoOwner)>",
					"source":"FIELD"
				},
				{
					"trace":[
						"<android.content.UndoManager: int redo(android.content.UndoOwner[],int)>"
					],
					"depth":1,
					"method":"<android.content.UndoManager: android.content.UndoOperation getLastOperation(java.lang.Class,android.content.UndoOwner,int)>",
					"source":"FIELD"
				},
				{
					"trace":[
						"<android.content.UndoManager: int redo(android.content.UndoOwner[],int)>"
					],
					"depth":1,
					"method":"<android.content.UndoManager: void addOperation(android.content.UndoOperation,int)>",
					"source":"FIELD"
				},
				{
					"trace":[
						"<android.content.UndoManager: int redo(android.content.UndoOwner[],int)>"
					],
					"depth":1,
					"method":"<android.content.UndoManager: boolean uncommitState(int,android.content.UndoOwner)>",
					"source":"FIELD"
				},
				{
					"trace":[
						"<android.content.UndoManager: int commitState(android.content.UndoOwner)>",
						"<android.content.UndoManager: void createWorkingState()>",
						"key field: <android.content.UndoManager: android.content.UndoManager$UndoState mWorking>",
						"<android.content.UndoManager: int redo(android.content.UndoOwner[],int)>"
					],
					"depth":2,
					"method":"<android.content.UndoManager: int commitState(android.content.UndoOwner)>",
					"source":"FIELDCALLER"
				},
				{
					"trace":[
						"<android.content.UndoManager: android.content.UndoOperation getLastOperation(android.content.UndoOwner,int)>",
						"<android.content.UndoManager: android.content.UndoOperation getLastOperation(java.lang.Class,android.content.UndoOwner,int)>",
						"key field: <android.content.UndoManager: android.content.UndoManager$UndoState mWorking>",
						"<android.content.UndoManager: int redo(android.content.UndoOwner[],int)>"
					],
					"depth":2,
					"method":"<android.content.UndoManager: android.content.UndoOperation getLastOperation(android.content.UndoOwner,int)>",
					"source":"FIELDCALLER"
				},
				{
					"trace":[
						"<android.content.UndoManager: android.content.UndoOperation getLastOperation(int)>",
						"<android.content.UndoManager: android.content.UndoOperation getLastOperation(java.lang.Class,android.content.UndoOwner,int)>",
						"key field: <android.content.UndoManager: android.content.UndoManager$UndoState mWorking>",
						"<android.content.UndoManager: int redo(android.content.UndoOwner[],int)>"
					],
					"depth":2,
					"method":"<android.content.UndoManager: android.content.UndoOperation getLastOperation(int)>",
					"source":"FIELDCALLER"
				},
				{
					"trace":[
						"<android.content.UndoManager: void endUpdate()>",
						"<android.content.UndoManager: void pushWorkingState()>",
						"key field: <android.content.UndoManager: android.content.UndoManager$UndoState mWorking>",
						"<android.content.UndoManager: int redo(android.content.UndoOwner[],int)>"
					],
					"depth":2,
					"method":"<android.content.UndoManager: void endUpdate()>",
					"source":"FIELDCALLER"
				}
			],
			"keyAPIDiffClass":[],
			"callerOfSingnlar2SourceVar":{}
		},
		{
			"method":"<android.content.UndoManager: void beginUpdate(java.lang.CharSequence)>",
			"message":"\\QCan't being update while performing undo/redo\\E",
			"relatedVarType":"Field",
			"relatedCondType":"Basic",
			"modifier":"public",
			"type":"java.lang.IllegalStateException",
			"osVersionRelated":false,
			"resourceRelated":false,
			"assessRelated":false,
			"hardwareRelated":false,
			"manifestRelated":false,
			"conditions":"$z0 == 0",
			"fieldValues":"<android.content.UndoManager: boolean mInUndo>",
			"relatedValues":"; <android.content.UndoManager: boolean mInUndo>; ",
			"keyAPISameClassNum":2,
			"keyAPIDiffClassNum":0,
			"keyAPISameClass":[
				{
					"trace":[
						"<android.content.UndoManager: void beginUpdate(java.lang.CharSequence)>"
					],
					"depth":1,
					"method":"<android.content.UndoManager: int undo(android.content.UndoOwner[],int)>",
					"source":"FIELD"
				},
				{
					"trace":[
						"<android.content.UndoManager: void beginUpdate(java.lang.CharSequence)>"
					],
					"depth":1,
					"method":"<android.content.UndoManager: int redo(android.content.UndoOwner[],int)>",
					"source":"FIELD"
				}
			],
			"keyAPIDiffClass":[],
			"callerOfSingnlar2SourceVar":{}
		},
		{
			"method":"<android.content.UndoManager: void setUndoLabel(java.lang.CharSequence)>",
			"message":"\\QMust be called during an update\\E",
			"relatedVarType":"Field",
			"relatedCondType":"Basic",
			"modifier":"public",
			"type":"java.lang.IllegalStateException",
			"osVersionRelated":false,
			"resourceRelated":false,
			"assessRelated":false,
			"hardwareRelated":false,
			"manifestRelated":false,
			"conditions":"$r1 != null",
			"fieldValues":"<android.content.UndoManager: android.content.UndoManager$UndoState mWorking>",
			"relatedValues":"; <android.content.UndoManager: android.content.UndoManager$UndoState mWorking>; ",
			"keyAPISameClassNum":11,
			"keyAPIDiffClassNum":0,
			"keyAPISameClass":[
				{
					"trace":[
						"<android.content.UndoManager: void setUndoLabel(java.lang.CharSequence)>"
					],
					"depth":1,
					"method":"<android.content.UndoManager: void beginUpdate(java.lang.CharSequence)>",
					"source":"FIELD"
				},
				{
					"trace":[
						"<android.content.UndoManager: void setUndoLabel(java.lang.CharSequence)>"
					],
					"depth":1,
					"method":"<android.content.UndoManager: void setUndoLabel(java.lang.CharSequence)>",
					"source":"FIELD"
				},
				{
					"trace":[
						"<android.content.UndoManager: void setUndoLabel(java.lang.CharSequence)>"
					],
					"depth":1,
					"method":"<android.content.UndoManager: void suggestUndoLabel(java.lang.CharSequence)>",
					"source":"FIELD"
				},
				{
					"trace":[
						"<android.content.UndoManager: void setUndoLabel(java.lang.CharSequence)>"
					],
					"depth":1,
					"method":"<android.content.UndoManager: boolean hasOperation(android.content.UndoOwner)>",
					"source":"FIELD"
				},
				{
					"trace":[
						"<android.content.UndoManager: void setUndoLabel(java.lang.CharSequence)>"
					],
					"depth":1,
					"method":"<android.content.UndoManager: android.content.UndoOperation getLastOperation(java.lang.Class,android.content.UndoOwner,int)>",
					"source":"FIELD"
				},
				{
					"trace":[
						"<android.content.UndoManager: void setUndoLabel(java.lang.CharSequence)>"
					],
					"depth":1,
					"method":"<android.content.UndoManager: void addOperation(android.content.UndoOperation,int)>",
					"source":"FIELD"
				},
				{
					"trace":[
						"<android.content.UndoManager: void setUndoLabel(java.lang.CharSequence)>"
					],
					"depth":1,
					"method":"<android.content.UndoManager: boolean uncommitState(int,android.content.UndoOwner)>",
					"source":"FIELD"
				},
				{
					"trace":[
						"<android.content.UndoManager: int commitState(android.content.UndoOwner)>",
						"<android.content.UndoManager: void createWorkingState()>",
						"key field: <android.content.UndoManager: android.content.UndoManager$UndoState mWorking>",
						"<android.content.UndoManager: void setUndoLabel(java.lang.CharSequence)>"
					],
					"depth":2,
					"method":"<android.content.UndoManager: int commitState(android.content.UndoOwner)>",
					"source":"FIELDCALLER"
				},
				{
					"trace":[
						"<android.content.UndoManager: android.content.UndoOperation getLastOperation(android.content.UndoOwner,int)>",
						"<android.content.UndoManager: android.content.UndoOperation getLastOperation(java.lang.Class,android.content.UndoOwner,int)>",
						"key field: <android.content.UndoManager: android.content.UndoManager$UndoState mWorking>",
						"<android.content.UndoManager: void setUndoLabel(java.lang.CharSequence)>"
					],
					"depth":2,
					"method":"<android.content.UndoManager: android.content.UndoOperation getLastOperation(android.content.UndoOwner,int)>",
					"source":"FIELDCALLER"
				},
				{
					"trace":[
						"<android.content.UndoManager: android.content.UndoOperation getLastOperation(int)>",
						"<android.content.UndoManager: android.content.UndoOperation getLastOperation(java.lang.Class,android.content.UndoOwner,int)>",
						"key field: <android.content.UndoManager: android.content.UndoManager$UndoState mWorking>",
						"<android.content.UndoManager: void setUndoLabel(java.lang.CharSequence)>"
					],
					"depth":2,
					"method":"<android.content.UndoManager: android.content.UndoOperation getLastOperation(int)>",
					"source":"FIELDCALLER"
				},
				{
					"trace":[
						"<android.content.UndoManager: void endUpdate()>",
						"<android.content.UndoManager: void pushWorkingState()>",
						"key field: <android.content.UndoManager: android.content.UndoManager$UndoState mWorking>",
						"<android.content.UndoManager: void setUndoLabel(java.lang.CharSequence)>"
					],
					"depth":2,
					"method":"<android.content.UndoManager: void endUpdate()>",
					"source":"FIELDCALLER"
				}
			],
			"keyAPIDiffClass":[],
			"callerOfSingnlar2SourceVar":{}
		},
		{
			"method":"<android.content.UndoManager: void suggestUndoLabel(java.lang.CharSequence)>",
			"message":"\\QMust be called during an update\\E",
			"relatedVarType":"Field",
			"relatedCondType":"Basic",
			"modifier":"public",
			"type":"java.lang.IllegalStateException",
			"osVersionRelated":false,
			"resourceRelated":false,
			"assessRelated":false,
			"hardwareRelated":false,
			"manifestRelated":false,
			"conditions":"$r1 != null",
			"fieldValues":"<android.content.UndoManager: android.content.UndoManager$UndoState mWorking>",
			"relatedValues":"; <android.content.UndoManager: android.content.UndoManager$UndoState mWorking>; ",
			"keyAPISameClassNum":11,
			"keyAPIDiffClassNum":0,
			"keyAPISameClass":[
				{
					"trace":[
						"<android.content.UndoManager: void suggestUndoLabel(java.lang.CharSequence)>"
					],
					"depth":1,
					"method":"<android.content.UndoManager: void beginUpdate(java.lang.CharSequence)>",
					"source":"FIELD"
				},
				{
					"trace":[
						"<android.content.UndoManager: void suggestUndoLabel(java.lang.CharSequence)>"
					],
					"depth":1,
					"method":"<android.content.UndoManager: void setUndoLabel(java.lang.CharSequence)>",
					"source":"FIELD"
				},
				{
					"trace":[
						"<android.content.UndoManager: void suggestUndoLabel(java.lang.CharSequence)>"
					],
					"depth":1,
					"method":"<android.content.UndoManager: void suggestUndoLabel(java.lang.CharSequence)>",
					"source":"FIELD"
				},
				{
					"trace":[
						"<android.content.UndoManager: void suggestUndoLabel(java.lang.CharSequence)>"
					],
					"depth":1,
					"method":"<android.content.UndoManager: boolean hasOperation(android.content.UndoOwner)>",
					"source":"FIELD"
				},
				{
					"trace":[
						"<android.content.UndoManager: void suggestUndoLabel(java.lang.CharSequence)>"
					],
					"depth":1,
					"method":"<android.content.UndoManager: android.content.UndoOperation getLastOperation(java.lang.Class,android.content.UndoOwner,int)>",
					"source":"FIELD"
				},
				{
					"trace":[
						"<android.content.UndoManager: void suggestUndoLabel(java.lang.CharSequence)>"
					],
					"depth":1,
					"method":"<android.content.UndoManager: void addOperation(android.content.UndoOperation,int)>",
					"source":"FIELD"
				},
				{
					"trace":[
						"<android.content.UndoManager: void suggestUndoLabel(java.lang.CharSequence)>"
					],
					"depth":1,
					"method":"<android.content.UndoManager: boolean uncommitState(int,android.content.UndoOwner)>",
					"source":"FIELD"
				},
				{
					"trace":[
						"<android.content.UndoManager: int commitState(android.content.UndoOwner)>",
						"<android.content.UndoManager: void createWorkingState()>",
						"key field: <android.content.UndoManager: android.content.UndoManager$UndoState mWorking>",
						"<android.content.UndoManager: void suggestUndoLabel(java.lang.CharSequence)>"
					],
					"depth":2,
					"method":"<android.content.UndoManager: int commitState(android.content.UndoOwner)>",
					"source":"FIELDCALLER"
				},
				{
					"trace":[
						"<android.content.UndoManager: android.content.UndoOperation getLastOperation(android.content.UndoOwner,int)>",
						"<android.content.UndoManager: android.content.UndoOperation getLastOperation(java.lang.Class,android.content.UndoOwner,int)>",
						"key field: <android.content.UndoManager: android.content.UndoManager$UndoState mWorking>",
						"<android.content.UndoManager: void suggestUndoLabel(java.lang.CharSequence)>"
					],
					"depth":2,
					"method":"<android.content.UndoManager: android.content.UndoOperation getLastOperation(android.content.UndoOwner,int)>",
					"source":"FIELDCALLER"
				},
				{
					"trace":[
						"<android.content.UndoManager: android.content.UndoOperation getLastOperation(int)>",
						"<android.content.UndoManager: android.content.UndoOperation getLastOperation(java.lang.Class,android.content.UndoOwner,int)>",
						"key field: <android.content.UndoManager: android.content.UndoManager$UndoState mWorking>",
						"<android.content.UndoManager: void suggestUndoLabel(java.lang.CharSequence)>"
					],
					"depth":2,
					"method":"<android.content.UndoManager: android.content.UndoOperation getLastOperation(int)>",
					"source":"FIELDCALLER"
				},
				{
					"trace":[
						"<android.content.UndoManager: void endUpdate()>",
						"<android.content.UndoManager: void pushWorkingState()>",
						"key field: <android.content.UndoManager: android.content.UndoManager$UndoState mWorking>",
						"<android.content.UndoManager: void suggestUndoLabel(java.lang.CharSequence)>"
					],
					"depth":2,
					"method":"<android.content.UndoManager: void endUpdate()>",
					"source":"FIELDCALLER"
				}
			],
			"keyAPIDiffClass":[],
			"callerOfSingnlar2SourceVar":{}
		},
		{
			"method":"<android.content.UndoManager: boolean hasOperation(android.content.UndoOwner)>",
			"message":"\\QMust be called during an update\\E",
			"relatedVarType":"Field",
			"relatedCondType":"Basic",
			"modifier":"public",
			"type":"java.lang.IllegalStateException",
			"osVersionRelated":false,
			"resourceRelated":false,
			"assessRelated":false,
			"hardwareRelated":false,
			"manifestRelated":false,
			"conditions":"$r1 != null",
			"fieldValues":"<android.content.UndoManager: android.content.UndoManager$UndoState mWorking>",
			"relatedValues":"; <android.content.UndoManager: android.content.UndoManager$UndoState mWorking>; ",
			"keyAPISameClassNum":11,
			"keyAPIDiffClassNum":0,
			"keyAPISameClass":[
				{
					"trace":[
						"<android.content.UndoManager: boolean hasOperation(android.content.UndoOwner)>"
					],
					"depth":1,
					"method":"<android.content.UndoManager: void beginUpdate(java.lang.CharSequence)>",
					"source":"FIELD"
				},
				{
					"trace":[
						"<android.content.UndoManager: boolean hasOperation(android.content.UndoOwner)>"
					],
					"depth":1,
					"method":"<android.content.UndoManager: void setUndoLabel(java.lang.CharSequence)>",
					"source":"FIELD"
				},
				{
					"trace":[
						"<android.content.UndoManager: boolean hasOperation(android.content.UndoOwner)>"
					],
					"depth":1,
					"method":"<android.content.UndoManager: void suggestUndoLabel(java.lang.CharSequence)>",
					"source":"FIELD"
				},
				{
					"trace":[
						"<android.content.UndoManager: boolean hasOperation(android.content.UndoOwner)>"
					],
					"depth":1,
					"method":"<android.content.UndoManager: boolean hasOperation(android.content.UndoOwner)>",
					"source":"FIELD"
				},
				{
					"trace":[
						"<android.content.UndoManager: boolean hasOperation(android.content.UndoOwner)>"
					],
					"depth":1,
					"method":"<android.content.UndoManager: android.content.UndoOperation getLastOperation(java.lang.Class,android.content.UndoOwner,int)>",
					"source":"FIELD"
				},
				{
					"trace":[
						"<android.content.UndoManager: boolean hasOperation(android.content.UndoOwner)>"
					],
					"depth":1,
					"method":"<android.content.UndoManager: void addOperation(android.content.UndoOperation,int)>",
					"source":"FIELD"
				},
				{
					"trace":[
						"<android.content.UndoManager: boolean hasOperation(android.content.UndoOwner)>"
					],
					"depth":1,
					"method":"<android.content.UndoManager: boolean uncommitState(int,android.content.UndoOwner)>",
					"source":"FIELD"
				},
				{
					"trace":[
						"<android.content.UndoManager: int commitState(android.content.UndoOwner)>",
						"<android.content.UndoManager: void createWorkingState()>",
						"key field: <android.content.UndoManager: android.content.UndoManager$UndoState mWorking>",
						"<android.content.UndoManager: boolean hasOperation(android.content.UndoOwner)>"
					],
					"depth":2,
					"method":"<android.content.UndoManager: int commitState(android.content.UndoOwner)>",
					"source":"FIELDCALLER"
				},
				{
					"trace":[
						"<android.content.UndoManager: android.content.UndoOperation getLastOperation(android.content.UndoOwner,int)>",
						"<android.content.UndoManager: android.content.UndoOperation getLastOperation(java.lang.Class,android.content.UndoOwner,int)>",
						"key field: <android.content.UndoManager: android.content.UndoManager$UndoState mWorking>",
						"<android.content.UndoManager: boolean hasOperation(android.content.UndoOwner)>"
					],
					"depth":2,
					"method":"<android.content.UndoManager: android.content.UndoOperation getLastOperation(android.content.UndoOwner,int)>",
					"source":"FIELDCALLER"
				},
				{
					"trace":[
						"<android.content.UndoManager: android.content.UndoOperation getLastOperation(int)>",
						"<android.content.UndoManager: android.content.UndoOperation getLastOperation(java.lang.Class,android.content.UndoOwner,int)>",
						"key field: <android.content.UndoManager: android.content.UndoManager$UndoState mWorking>",
						"<android.content.UndoManager: boolean hasOperation(android.content.UndoOwner)>"
					],
					"depth":2,
					"method":"<android.content.UndoManager: android.content.UndoOperation getLastOperation(int)>",
					"source":"FIELDCALLER"
				},
				{
					"trace":[
						"<android.content.UndoManager: void endUpdate()>",
						"<android.content.UndoManager: void pushWorkingState()>",
						"key field: <android.content.UndoManager: android.content.UndoManager$UndoState mWorking>",
						"<android.content.UndoManager: boolean hasOperation(android.content.UndoOwner)>"
					],
					"depth":2,
					"method":"<android.content.UndoManager: void endUpdate()>",
					"source":"FIELDCALLER"
				}
			],
			"keyAPIDiffClass":[],
			"callerOfSingnlar2SourceVar":{}
		},
		{
			"method":"<android.content.UndoManager: android.content.UndoOperation getLastOperation(java.lang.Class,android.content.UndoOwner,int)>",
			"message":"\\QMust be called during an update\\E",
			"relatedVarType":"Field",
			"relatedCondType":"Basic",
			"modifier":"public",
			"type":"java.lang.IllegalStateException",
			"osVersionRelated":false,
			"resourceRelated":false,
			"assessRelated":false,
			"hardwareRelated":false,
			"manifestRelated":false,
			"conditions":"$r1 != null",
			"fieldValues":"<android.content.UndoManager: android.content.UndoManager$UndoState mWorking>",
			"relatedValues":"; <android.content.UndoManager: android.content.UndoManager$UndoState mWorking>; ",
			"keyAPISameClassNum":11,
			"keyAPIDiffClassNum":0,
			"keyAPISameClass":[
				{
					"trace":[
						"<android.content.UndoManager: android.content.UndoOperation getLastOperation(java.lang.Class,android.content.UndoOwner,int)>"
					],
					"depth":1,
					"method":"<android.content.UndoManager: void beginUpdate(java.lang.CharSequence)>",
					"source":"FIELD"
				},
				{
					"trace":[
						"<android.content.UndoManager: android.content.UndoOperation getLastOperation(java.lang.Class,android.content.UndoOwner,int)>"
					],
					"depth":1,
					"method":"<android.content.UndoManager: void setUndoLabel(java.lang.CharSequence)>",
					"source":"FIELD"
				},
				{
					"trace":[
						"<android.content.UndoManager: android.content.UndoOperation getLastOperation(java.lang.Class,android.content.UndoOwner,int)>"
					],
					"depth":1,
					"method":"<android.content.UndoManager: void suggestUndoLabel(java.lang.CharSequence)>",
					"source":"FIELD"
				},
				{
					"trace":[
						"<android.content.UndoManager: android.content.UndoOperation getLastOperation(java.lang.Class,android.content.UndoOwner,int)>"
					],
					"depth":1,
					"method":"<android.content.UndoManager: boolean hasOperation(android.content.UndoOwner)>",
					"source":"FIELD"
				},
				{
					"trace":[
						"<android.content.UndoManager: android.content.UndoOperation getLastOperation(java.lang.Class,android.content.UndoOwner,int)>"
					],
					"depth":1,
					"method":"<android.content.UndoManager: android.content.UndoOperation getLastOperation(java.lang.Class,android.content.UndoOwner,int)>",
					"source":"FIELD"
				},
				{
					"trace":[
						"<android.content.UndoManager: android.content.UndoOperation getLastOperation(java.lang.Class,android.content.UndoOwner,int)>"
					],
					"depth":1,
					"method":"<android.content.UndoManager: void addOperation(android.content.UndoOperation,int)>",
					"source":"FIELD"
				},
				{
					"trace":[
						"<android.content.UndoManager: android.content.UndoOperation getLastOperation(java.lang.Class,android.content.UndoOwner,int)>"
					],
					"depth":1,
					"method":"<android.content.UndoManager: boolean uncommitState(int,android.content.UndoOwner)>",
					"source":"FIELD"
				},
				{
					"trace":[
						"<android.content.UndoManager: int commitState(android.content.UndoOwner)>",
						"<android.content.UndoManager: void createWorkingState()>",
						"key field: <android.content.UndoManager: android.content.UndoManager$UndoState mWorking>",
						"<android.content.UndoManager: android.content.UndoOperation getLastOperation(java.lang.Class,android.content.UndoOwner,int)>"
					],
					"depth":2,
					"method":"<android.content.UndoManager: int commitState(android.content.UndoOwner)>",
					"source":"FIELDCALLER"
				},
				{
					"trace":[
						"<android.content.UndoManager: android.content.UndoOperation getLastOperation(android.content.UndoOwner,int)>",
						"<android.content.UndoManager: android.content.UndoOperation getLastOperation(java.lang.Class,android.content.UndoOwner,int)>",
						"key field: <android.content.UndoManager: android.content.UndoManager$UndoState mWorking>",
						"<android.content.UndoManager: android.content.UndoOperation getLastOperation(java.lang.Class,android.content.UndoOwner,int)>"
					],
					"depth":2,
					"method":"<android.content.UndoManager: android.content.UndoOperation getLastOperation(android.content.UndoOwner,int)>",
					"source":"FIELDCALLER"
				},
				{
					"trace":[
						"<android.content.UndoManager: android.content.UndoOperation getLastOperation(int)>",
						"<android.content.UndoManager: android.content.UndoOperation getLastOperation(java.lang.Class,android.content.UndoOwner,int)>",
						"key field: <android.content.UndoManager: android.content.UndoManager$UndoState mWorking>",
						"<android.content.UndoManager: android.content.UndoOperation getLastOperation(java.lang.Class,android.content.UndoOwner,int)>"
					],
					"depth":2,
					"method":"<android.content.UndoManager: android.content.UndoOperation getLastOperation(int)>",
					"source":"FIELDCALLER"
				},
				{
					"trace":[
						"<android.content.UndoManager: void endUpdate()>",
						"<android.content.UndoManager: void pushWorkingState()>",
						"key field: <android.content.UndoManager: android.content.UndoManager$UndoState mWorking>",
						"<android.content.UndoManager: android.content.UndoOperation getLastOperation(java.lang.Class,android.content.UndoOwner,int)>"
					],
					"depth":2,
					"method":"<android.content.UndoManager: void endUpdate()>",
					"source":"FIELDCALLER"
				}
			],
			"keyAPIDiffClass":[],
			"callerOfSingnlar2SourceVar":{}
		},
		{
			"method":"<android.content.UndoManager: void addOperation(android.content.UndoOperation,int)>",
			"message":"\\QGiven operation's owner is not in this undo manager.\\E",
			"relatedVarType":"ParaAndField",
			"relatedCondType":"Basic",
			"modifier":"public",
			"type":"java.lang.IllegalArgumentException",
			"osVersionRelated":false,
			"resourceRelated":false,
			"assessRelated":false,
			"hardwareRelated":false,
			"manifestRelated":false,
			"conditions":"$r4 == r0, $r1 != null",
			"paramValues":"@parameter0: android.content.UndoOperation",
			"fieldValues":"<android.content.UndoManager: android.content.UndoManager$UndoState mWorking>",
			"relatedValues":"@parameter0: android.content.UndoOperation; <android.content.UndoManager: android.content.UndoManager$UndoState mWorking>; ",
			"keyAPISameClassNum":11,
			"keyAPIDiffClassNum":0,
			"keyAPISameClass":[
				{
					"trace":[
						"<android.content.UndoManager: void addOperation(android.content.UndoOperation,int)>"
					],
					"depth":1,
					"method":"<android.content.UndoManager: void beginUpdate(java.lang.CharSequence)>",
					"source":"FIELD"
				},
				{
					"trace":[
						"<android.content.UndoManager: void addOperation(android.content.UndoOperation,int)>"
					],
					"depth":1,
					"method":"<android.content.UndoManager: void setUndoLabel(java.lang.CharSequence)>",
					"source":"FIELD"
				},
				{
					"trace":[
						"<android.content.UndoManager: void addOperation(android.content.UndoOperation,int)>"
					],
					"depth":1,
					"method":"<android.content.UndoManager: void suggestUndoLabel(java.lang.CharSequence)>",
					"source":"FIELD"
				},
				{
					"trace":[
						"<android.content.UndoManager: void addOperation(android.content.UndoOperation,int)>"
					],
					"depth":1,
					"method":"<android.content.UndoManager: boolean hasOperation(android.content.UndoOwner)>",
					"source":"FIELD"
				},
				{
					"trace":[
						"<android.content.UndoManager: void addOperation(android.content.UndoOperation,int)>"
					],
					"depth":1,
					"method":"<android.content.UndoManager: android.content.UndoOperation getLastOperation(java.lang.Class,android.content.UndoOwner,int)>",
					"source":"FIELD"
				},
				{
					"trace":[
						"<android.content.UndoManager: void addOperation(android.content.UndoOperation,int)>"
					],
					"depth":1,
					"method":"<android.content.UndoManager: void addOperation(android.content.UndoOperation,int)>",
					"source":"FIELD"
				},
				{
					"trace":[
						"<android.content.UndoManager: void addOperation(android.content.UndoOperation,int)>"
					],
					"depth":1,
					"method":"<android.content.UndoManager: boolean uncommitState(int,android.content.UndoOwner)>",
					"source":"FIELD"
				},
				{
					"trace":[
						"<android.content.UndoManager: int commitState(android.content.UndoOwner)>",
						"<android.content.UndoManager: void createWorkingState()>",
						"key field: <android.content.UndoManager: android.content.UndoManager$UndoState mWorking>",
						"<android.content.UndoManager: void addOperation(android.content.UndoOperation,int)>"
					],
					"depth":2,
					"method":"<android.content.UndoManager: int commitState(android.content.UndoOwner)>",
					"source":"FIELDCALLER"
				},
				{
					"trace":[
						"<android.content.UndoManager: android.content.UndoOperation getLastOperation(android.content.UndoOwner,int)>",
						"<android.content.UndoManager: android.content.UndoOperation getLastOperation(java.lang.Class,android.content.UndoOwner,int)>",
						"key field: <android.content.UndoManager: android.content.UndoManager$UndoState mWorking>",
						"<android.content.UndoManager: void addOperation(android.content.UndoOperation,int)>"
					],
					"depth":2,
					"method":"<android.content.UndoManager: android.content.UndoOperation getLastOperation(android.content.UndoOwner,int)>",
					"source":"FIELDCALLER"
				},
				{
					"trace":[
						"<android.content.UndoManager: android.content.UndoOperation getLastOperation(int)>",
						"<android.content.UndoManager: android.content.UndoOperation getLastOperation(java.lang.Class,android.content.UndoOwner,int)>",
						"key field: <android.content.UndoManager: android.content.UndoManager$UndoState mWorking>",
						"<android.content.UndoManager: void addOperation(android.content.UndoOperation,int)>"
					],
					"depth":2,
					"method":"<android.content.UndoManager: android.content.UndoOperation getLastOperation(int)>",
					"source":"FIELDCALLER"
				},
				{
					"trace":[
						"<android.content.UndoManager: void endUpdate()>",
						"<android.content.UndoManager: void pushWorkingState()>",
						"key field: <android.content.UndoManager: android.content.UndoManager$UndoState mWorking>",
						"<android.content.UndoManager: void addOperation(android.content.UndoOperation,int)>"
					],
					"depth":2,
					"method":"<android.content.UndoManager: void endUpdate()>",
					"source":"FIELDCALLER"
				}
			],
			"keyAPIDiffClass":[],
			"callerOfSingnlar2SourceVar":{
				"<android.widget.Editor$UndoInputFilter: void recordEdit(android.widget.Editor$EditOperation,boolean)>":"0",
				"<android.content.UndoManager: void addOperation(android.content.UndoOperation,int)>":"0"
			}
		},
		{
			"method":"<android.content.UndoManager: void addOperation(android.content.UndoOperation,int)>",
			"message":"\\QMust be called during an update\\E",
			"relatedVarType":"Field",
			"relatedCondType":"Basic",
			"modifier":"public",
			"type":"java.lang.IllegalStateException",
			"osVersionRelated":false,
			"resourceRelated":false,
			"assessRelated":false,
			"hardwareRelated":false,
			"manifestRelated":false,
			"conditions":"$r1 != null",
			"fieldValues":"<android.content.UndoManager: android.content.UndoManager$UndoState mWorking>",
			"relatedValues":"; <android.content.UndoManager: android.content.UndoManager$UndoState mWorking>; ",
			"keyAPISameClassNum":11,
			"keyAPIDiffClassNum":0,
			"keyAPISameClass":[
				{
					"trace":[
						"<android.content.UndoManager: void addOperation(android.content.UndoOperation,int)>"
					],
					"depth":1,
					"method":"<android.content.UndoManager: void beginUpdate(java.lang.CharSequence)>",
					"source":"FIELD"
				},
				{
					"trace":[
						"<android.content.UndoManager: void addOperation(android.content.UndoOperation,int)>"
					],
					"depth":1,
					"method":"<android.content.UndoManager: void setUndoLabel(java.lang.CharSequence)>",
					"source":"FIELD"
				},
				{
					"trace":[
						"<android.content.UndoManager: void addOperation(android.content.UndoOperation,int)>"
					],
					"depth":1,
					"method":"<android.content.UndoManager: void suggestUndoLabel(java.lang.CharSequence)>",
					"source":"FIELD"
				},
				{
					"trace":[
						"<android.content.UndoManager: void addOperation(android.content.UndoOperation,int)>"
					],
					"depth":1,
					"method":"<android.content.UndoManager: boolean hasOperation(android.content.UndoOwner)>",
					"source":"FIELD"
				},
				{
					"trace":[
						"<android.content.UndoManager: void addOperation(android.content.UndoOperation,int)>"
					],
					"depth":1,
					"method":"<android.content.UndoManager: android.content.UndoOperation getLastOperation(java.lang.Class,android.content.UndoOwner,int)>",
					"source":"FIELD"
				},
				{
					"trace":[
						"<android.content.UndoManager: void addOperation(android.content.UndoOperation,int)>"
					],
					"depth":1,
					"method":"<android.content.UndoManager: void addOperation(android.content.UndoOperation,int)>",
					"source":"FIELD"
				},
				{
					"trace":[
						"<android.content.UndoManager: void addOperation(android.content.UndoOperation,int)>"
					],
					"depth":1,
					"method":"<android.content.UndoManager: boolean uncommitState(int,android.content.UndoOwner)>",
					"source":"FIELD"
				},
				{
					"trace":[
						"<android.content.UndoManager: int commitState(android.content.UndoOwner)>",
						"<android.content.UndoManager: void createWorkingState()>",
						"key field: <android.content.UndoManager: android.content.UndoManager$UndoState mWorking>",
						"<android.content.UndoManager: void addOperation(android.content.UndoOperation,int)>"
					],
					"depth":2,
					"method":"<android.content.UndoManager: int commitState(android.content.UndoOwner)>",
					"source":"FIELDCALLER"
				},
				{
					"trace":[
						"<android.content.UndoManager: android.content.UndoOperation getLastOperation(android.content.UndoOwner,int)>",
						"<android.content.UndoManager: android.content.UndoOperation getLastOperation(java.lang.Class,android.content.UndoOwner,int)>",
						"key field: <android.content.UndoManager: android.content.UndoManager$UndoState mWorking>",
						"<android.content.UndoManager: void addOperation(android.content.UndoOperation,int)>"
					],
					"depth":2,
					"method":"<android.content.UndoManager: android.content.UndoOperation getLastOperation(android.content.UndoOwner,int)>",
					"source":"FIELDCALLER"
				},
				{
					"trace":[
						"<android.content.UndoManager: android.content.UndoOperation getLastOperation(int)>",
						"<android.content.UndoManager: android.content.UndoOperation getLastOperation(java.lang.Class,android.content.UndoOwner,int)>",
						"key field: <android.content.UndoManager: android.content.UndoManager$UndoState mWorking>",
						"<android.content.UndoManager: void addOperation(android.content.UndoOperation,int)>"
					],
					"depth":2,
					"method":"<android.content.UndoManager: android.content.UndoOperation getLastOperation(int)>",
					"source":"FIELDCALLER"
				},
				{
					"trace":[
						"<android.content.UndoManager: void endUpdate()>",
						"<android.content.UndoManager: void pushWorkingState()>",
						"key field: <android.content.UndoManager: android.content.UndoManager$UndoState mWorking>",
						"<android.content.UndoManager: void addOperation(android.content.UndoOperation,int)>"
					],
					"depth":2,
					"method":"<android.content.UndoManager: void endUpdate()>",
					"source":"FIELDCALLER"
				}
			],
			"keyAPIDiffClass":[],
			"callerOfSingnlar2SourceVar":{}
		},
		{
			"method":"<android.content.UndoManager: void endUpdate()>",
			"message":"\\QMust be called during an update\\E",
			"relatedVarType":"Field",
			"relatedCondType":"Basic",
			"modifier":"public",
			"type":"java.lang.IllegalStateException",
			"osVersionRelated":false,
			"resourceRelated":false,
			"assessRelated":false,
			"hardwareRelated":false,
			"manifestRelated":false,
			"conditions":"$r1 != null",
			"fieldValues":"<android.content.UndoManager: android.content.UndoManager$UndoState mWorking>",
			"relatedValues":"; <android.content.UndoManager: android.content.UndoManager$UndoState mWorking>; ",
			"keyAPISameClassNum":11,
			"keyAPIDiffClassNum":0,
			"keyAPISameClass":[
				{
					"trace":[
						"<android.content.UndoManager: void endUpdate()>"
					],
					"depth":1,
					"method":"<android.content.UndoManager: void beginUpdate(java.lang.CharSequence)>",
					"source":"FIELD"
				},
				{
					"trace":[
						"<android.content.UndoManager: void endUpdate()>"
					],
					"depth":1,
					"method":"<android.content.UndoManager: void setUndoLabel(java.lang.CharSequence)>",
					"source":"FIELD"
				},
				{
					"trace":[
						"<android.content.UndoManager: void endUpdate()>"
					],
					"depth":1,
					"method":"<android.content.UndoManager: void suggestUndoLabel(java.lang.CharSequence)>",
					"source":"FIELD"
				},
				{
					"trace":[
						"<android.content.UndoManager: void endUpdate()>"
					],
					"depth":1,
					"method":"<android.content.UndoManager: boolean hasOperation(android.content.UndoOwner)>",
					"source":"FIELD"
				},
				{
					"trace":[
						"<android.content.UndoManager: void endUpdate()>"
					],
					"depth":1,
					"method":"<android.content.UndoManager: android.content.UndoOperation getLastOperation(java.lang.Class,android.content.UndoOwner,int)>",
					"source":"FIELD"
				},
				{
					"trace":[
						"<android.content.UndoManager: void endUpdate()>"
					],
					"depth":1,
					"method":"<android.content.UndoManager: void addOperation(android.content.UndoOperation,int)>",
					"source":"FIELD"
				},
				{
					"trace":[
						"<android.content.UndoManager: void endUpdate()>"
					],
					"depth":1,
					"method":"<android.content.UndoManager: boolean uncommitState(int,android.content.UndoOwner)>",
					"source":"FIELD"
				},
				{
					"trace":[
						"<android.content.UndoManager: int commitState(android.content.UndoOwner)>",
						"<android.content.UndoManager: void createWorkingState()>",
						"key field: <android.content.UndoManager: android.content.UndoManager$UndoState mWorking>",
						"<android.content.UndoManager: void endUpdate()>"
					],
					"depth":2,
					"method":"<android.content.UndoManager: int commitState(android.content.UndoOwner)>",
					"source":"FIELDCALLER"
				},
				{
					"trace":[
						"<android.content.UndoManager: android.content.UndoOperation getLastOperation(android.content.UndoOwner,int)>",
						"<android.content.UndoManager: android.content.UndoOperation getLastOperation(java.lang.Class,android.content.UndoOwner,int)>",
						"key field: <android.content.UndoManager: android.content.UndoManager$UndoState mWorking>",
						"<android.content.UndoManager: void endUpdate()>"
					],
					"depth":2,
					"method":"<android.content.UndoManager: android.content.UndoOperation getLastOperation(android.content.UndoOwner,int)>",
					"source":"FIELDCALLER"
				},
				{
					"trace":[
						"<android.content.UndoManager: android.content.UndoOperation getLastOperation(int)>",
						"<android.content.UndoManager: android.content.UndoOperation getLastOperation(java.lang.Class,android.content.UndoOwner,int)>",
						"key field: <android.content.UndoManager: android.content.UndoManager$UndoState mWorking>",
						"<android.content.UndoManager: void endUpdate()>"
					],
					"depth":2,
					"method":"<android.content.UndoManager: android.content.UndoOperation getLastOperation(int)>",
					"source":"FIELDCALLER"
				},
				{
					"trace":[
						"<android.content.UndoManager: void endUpdate()>",
						"<android.content.UndoManager: void pushWorkingState()>",
						"key field: <android.content.UndoManager: android.content.UndoManager$UndoState mWorking>",
						"<android.content.UndoManager: void endUpdate()>"
					],
					"depth":2,
					"method":"<android.content.UndoManager: void endUpdate()>",
					"source":"FIELDCALLER"
				}
			],
			"keyAPIDiffClass":[],
			"callerOfSingnlar2SourceVar":{}
		}
	]
}