{
	"exceptions":[
		{
			"method":"<android.app.assist.AssistStructure$ViewNodeBuilder: void asyncCommit()>",
			"message":"\\QChild \\E[\\s\\S]*\\Q was not created with ViewStructure.asyncNewChild\\E",
			"relatedVarType":"Field",
			"relatedCondType":"Basic",
			"modifier":"public",
			"type":"java.lang.IllegalStateException",
			"osVersionRelated":false,
			"resourceRelated":false,
			"assessRelated":false,
			"hardwareRelated":false,
			"manifestRelated":false,
			"conditions":"$z0 != 0",
			"fieldValues":"<android.app.assist.AssistStructure$ViewNodeBuilder: boolean mAsync>",
			"relatedValues":"; <android.app.assist.AssistStructure$ViewNodeBuilder: boolean mAsync>; ",
			"keyAPISameClassNum":2,
			"keyAPIDiffClassNum":30,
			"keyAPISameClass":[
				{
					"trace":[
						"<android.app.assist.AssistStructure$ViewNodeBuilder: android.view.ViewStructure asyncNewChild(int)>",
						"<android.app.assist.AssistStructure$ViewNodeBuilder: void <init>(android.app.assist.AssistStructure,android.app.assist.AssistStructure$ViewNode,boolean)>",
						"key field: <android.app.assist.AssistStructure$ViewNodeBuilder: boolean mAsync>",
						"<android.app.assist.AssistStructure$ViewNodeBuilder: void asyncCommit()>"
					],
					"depth":2,
					"method":"<android.app.assist.AssistStructure$ViewNodeBuilder: android.view.ViewStructure asyncNewChild(int)>",
					"source":"FIELDCALLER"
				},
				{
					"trace":[
						"<android.app.assist.AssistStructure$ViewNodeBuilder: android.view.ViewStructure newChild(int)>",
						"<android.app.assist.AssistStructure$ViewNodeBuilder: void <init>(android.app.assist.AssistStructure,android.app.assist.AssistStructure$ViewNode,boolean)>",
						"key field: <android.app.assist.AssistStructure$ViewNodeBuilder: boolean mAsync>",
						"<android.app.assist.AssistStructure$ViewNodeBuilder: void asyncCommit()>"
					],
					"depth":2,
					"method":"<android.app.assist.AssistStructure$ViewNodeBuilder: android.view.ViewStructure newChild(int)>",
					"source":"FIELDCALLER"
				}
			],
			"keyAPIDiffClass":[
				{
					"trace":[
						"<android.app.assist.AssistStructure: void <init>(android.app.Activity)>",
						"<android.app.assist.AssistStructure$WindowNode: void <init>(android.app.assist.AssistStructure,android.view.ViewRootImpl)>",
						"<android.app.assist.AssistStructure$ViewNodeBuilder: void <init>(android.app.assist.AssistStructure,android.app.assist.AssistStructure$ViewNode,boolean)>",
						"key field: <android.app.assist.AssistStructure$ViewNodeBuilder: boolean mAsync>",
						"<android.app.assist.AssistStructure$ViewNodeBuilder: void asyncCommit()>"
					],
					"depth":3,
					"method":"<android.app.assist.AssistStructure: void <init>(android.app.Activity)>",
					"source":"FIELDCALLER"
				},
				{
					"trace":[
						"<android.app.ActivityThread: void handleRequestAssistContextExtras(android.app.ActivityThread$RequestAssistContextExtras)>",
						"<android.app.assist.AssistStructure: void <init>(android.app.Activity)>",
						"<android.app.assist.AssistStructure$WindowNode: void <init>(android.app.assist.AssistStructure,android.view.ViewRootImpl)>",
						"<android.app.assist.AssistStructure$ViewNodeBuilder: void <init>(android.app.assist.AssistStructure,android.app.assist.AssistStructure$ViewNode,boolean)>",
						"key field: <android.app.assist.AssistStructure$ViewNodeBuilder: boolean mAsync>",
						"<android.app.assist.AssistStructure$ViewNodeBuilder: void asyncCommit()>"
					],
					"depth":4,
					"method":"<android.app.ActivityThread: void handleRequestAssistContextExtras(android.app.ActivityThread$RequestAssistContextExtras)>",
					"source":"FIELDCALLER"
				},
				{
					"trace":[
						"<android.app.ActivityThread$H: void handleMessage(android.os.Message)>",
						"<android.app.ActivityThread: void handleRequestAssistContextExtras(android.app.ActivityThread$RequestAssistContextExtras)>",
						"<android.app.assist.AssistStructure: void <init>(android.app.Activity)>",
						"<android.app.assist.AssistStructure$WindowNode: void <init>(android.app.assist.AssistStructure,android.view.ViewRootImpl)>",
						"<android.app.assist.AssistStructure$ViewNodeBuilder: void <init>(android.app.assist.AssistStructure,android.app.assist.AssistStructure$ViewNode,boolean)>",
						"key field: <android.app.assist.AssistStructure$ViewNodeBuilder: boolean mAsync>",
						"<android.app.assist.AssistStructure$ViewNodeBuilder: void asyncCommit()>"
					],
					"depth":5,
					"method":"<android.app.ActivityThread$H: void handleMessage(android.os.Message)>",
					"source":"FIELDCALLER"
				},
				{
					"trace":[
						"<android.hardware.camera2.legacy.RequestThreadManager$5: boolean handleMessage(android.os.Message)>",
						"<android.app.ActivityThread$H: void handleMessage(android.os.Message)>",
						"<android.app.ActivityThread: void handleRequestAssistContextExtras(android.app.ActivityThread$RequestAssistContextExtras)>",
						"<android.app.assist.AssistStructure: void <init>(android.app.Activity)>",
						"<android.app.assist.AssistStructure$WindowNode: void <init>(android.app.assist.AssistStructure,android.view.ViewRootImpl)>",
						"<android.app.assist.AssistStructure$ViewNodeBuilder: void <init>(android.app.assist.AssistStructure,android.app.assist.AssistStructure$ViewNode,boolean)>",
						"key field: <android.app.assist.AssistStructure$ViewNodeBuilder: boolean mAsync>",
						"<android.app.assist.AssistStructure$ViewNodeBuilder: void asyncCommit()>"
					],
					"depth":6,
					"method":"<android.hardware.camera2.legacy.RequestThreadManager$5: boolean handleMessage(android.os.Message)>",
					"source":"FIELDCALLER"
				},
				{
					"trace":[
						"<android.os.Handler$Callback: boolean handleMessage(android.os.Message)>",
						"<android.app.ActivityThread$H: void handleMessage(android.os.Message)>",
						"<android.app.ActivityThread: void handleRequestAssistContextExtras(android.app.ActivityThread$RequestAssistContextExtras)>",
						"<android.app.assist.AssistStructure: void <init>(android.app.Activity)>",
						"<android.app.assist.AssistStructure$WindowNode: void <init>(android.app.assist.AssistStructure,android.view.ViewRootImpl)>",
						"<android.app.assist.AssistStructure$ViewNodeBuilder: void <init>(android.app.assist.AssistStructure,android.app.assist.AssistStructure$ViewNode,boolean)>",
						"key field: <android.app.assist.AssistStructure$ViewNodeBuilder: boolean mAsync>",
						"<android.app.assist.AssistStructure$ViewNodeBuilder: void asyncCommit()>"
					],
					"depth":6,
					"method":"<android.os.Handler$Callback: boolean handleMessage(android.os.Message)>",
					"source":"FIELDCALLER"
				},
				{
					"trace":[
						"<android.widget.Filter$RequestHandler: void handleMessage(android.os.Message)>",
						"<android.app.ActivityThread$H: void handleMessage(android.os.Message)>",
						"<android.app.ActivityThread: void handleRequestAssistContextExtras(android.app.ActivityThread$RequestAssistContextExtras)>",
						"<android.app.assist.AssistStructure: void <init>(android.app.Activity)>",
						"<android.app.assist.AssistStructure$WindowNode: void <init>(android.app.assist.AssistStructure,android.view.ViewRootImpl)>",
						"<android.app.assist.AssistStructure$ViewNodeBuilder: void <init>(android.app.assist.AssistStructure,android.app.assist.AssistStructure$ViewNode,boolean)>",
						"key field: <android.app.assist.AssistStructure$ViewNodeBuilder: boolean mAsync>",
						"<android.app.assist.AssistStructure$ViewNodeBuilder: void asyncCommit()>"
					],
					"depth":6,
					"method":"<android.widget.Filter$RequestHandler: void handleMessage(android.os.Message)>",
					"source":"FIELDCALLER"
				},
				{
					"trace":[
						"<android.app.ProgressDialog: void setProgressPercentFormat(java.text.NumberFormat)>",
						"<android.app.ProgressDialog: void onProgressChanged()>",
						"<android.app.ActivityThread$H: void handleMessage(android.os.Message)>",
						"<android.app.ActivityThread: void handleRequestAssistContextExtras(android.app.ActivityThread$RequestAssistContextExtras)>",
						"<android.app.assist.AssistStructure: void <init>(android.app.Activity)>",
						"<android.app.assist.AssistStructure$WindowNode: void <init>(android.app.assist.AssistStructure,android.view.ViewRootImpl)>",
						"<android.app.assist.AssistStructure$ViewNodeBuilder: void <init>(android.app.assist.AssistStructure,android.app.assist.AssistStructure$ViewNode,boolean)>",
						"key field: <android.app.assist.AssistStructure$ViewNodeBuilder: boolean mAsync>",
						"<android.app.assist.AssistStructure$ViewNodeBuilder: void asyncCommit()>"
					],
					"depth":7,
					"method":"<android.app.ProgressDialog: void setProgressPercentFormat(java.text.NumberFormat)>",
					"source":"FIELDCALLER"
				},
				{
					"trace":[
						"<android.app.ProgressDialog: void setProgressNumberFormat(java.lang.String)>",
						"<android.app.ProgressDialog: void onProgressChanged()>",
						"<android.app.ActivityThread$H: void handleMessage(android.os.Message)>",
						"<android.app.ActivityThread: void handleRequestAssistContextExtras(android.app.ActivityThread$RequestAssistContextExtras)>",
						"<android.app.assist.AssistStructure: void <init>(android.app.Activity)>",
						"<android.app.assist.AssistStructure$WindowNode: void <init>(android.app.assist.AssistStructure,android.view.ViewRootImpl)>",
						"<android.app.assist.AssistStructure$ViewNodeBuilder: void <init>(android.app.assist.AssistStructure,android.app.assist.AssistStructure$ViewNode,boolean)>",
						"key field: <android.app.assist.AssistStructure$ViewNodeBuilder: boolean mAsync>",
						"<android.app.assist.AssistStructure$ViewNodeBuilder: void asyncCommit()>"
					],
					"depth":7,
					"method":"<android.app.ProgressDialog: void setProgressNumberFormat(java.lang.String)>",
					"source":"FIELDCALLER"
				},
				{
					"trace":[
						"<android.app.ProgressDialog: void incrementSecondaryProgressBy(int)>",
						"<android.app.ProgressDialog: void onProgressChanged()>",
						"<android.app.ActivityThread$H: void handleMessage(android.os.Message)>",
						"<android.app.ActivityThread: void handleRequestAssistContextExtras(android.app.ActivityThread$RequestAssistContextExtras)>",
						"<android.app.assist.AssistStructure: void <init>(android.app.Activity)>",
						"<android.app.assist.AssistStructure$WindowNode: void <init>(android.app.assist.AssistStructure,android.view.ViewRootImpl)>",
						"<android.app.assist.AssistStructure$ViewNodeBuilder: void <init>(android.app.assist.AssistStructure,android.app.assist.AssistStructure$ViewNode,boolean)>",
						"key field: <android.app.assist.AssistStructure$ViewNodeBuilder: boolean mAsync>",
						"<android.app.assist.AssistStructure$ViewNodeBuilder: void asyncCommit()>"
					],
					"depth":7,
					"method":"<android.app.ProgressDialog: void incrementSecondaryProgressBy(int)>",
					"source":"FIELDCALLER"
				},
				{
					"trace":[
						"<android.app.ProgressDialog: void incrementProgressBy(int)>",
						"<android.app.ProgressDialog: void onProgressChanged()>",
						"<android.app.ActivityThread$H: void handleMessage(android.os.Message)>",
						"<android.app.ActivityThread: void handleRequestAssistContextExtras(android.app.ActivityThread$RequestAssistContextExtras)>",
						"<android.app.assist.AssistStructure: void <init>(android.app.Activity)>",
						"<android.app.assist.AssistStructure$WindowNode: void <init>(android.app.assist.AssistStructure,android.view.ViewRootImpl)>",
						"<android.app.assist.AssistStructure$ViewNodeBuilder: void <init>(android.app.assist.AssistStructure,android.app.assist.AssistStructure$ViewNode,boolean)>",
						"key field: <android.app.assist.AssistStructure$ViewNodeBuilder: boolean mAsync>",
						"<android.app.assist.AssistStructure$ViewNodeBuilder: void asyncCommit()>"
					],
					"depth":7,
					"method":"<android.app.ProgressDialog: void incrementProgressBy(int)>",
					"source":"FIELDCALLER"
				},
				{
					"trace":[
						"<android.app.ProgressDialog: void setSecondaryProgress(int)>",
						"<android.app.ProgressDialog: void onProgressChanged()>",
						"<android.app.ActivityThread$H: void handleMessage(android.os.Message)>",
						"<android.app.ActivityThread: void handleRequestAssistContextExtras(android.app.ActivityThread$RequestAssistContextExtras)>",
						"<android.app.assist.AssistStructure: void <init>(android.app.Activity)>",
						"<android.app.assist.AssistStructure$WindowNode: void <init>(android.app.assist.AssistStructure,android.view.ViewRootImpl)>",
						"<android.app.assist.AssistStructure$ViewNodeBuilder: void <init>(android.app.assist.AssistStructure,android.app.assist.AssistStructure$ViewNode,boolean)>",
						"key field: <android.app.assist.AssistStructure$ViewNodeBuilder: boolean mAsync>",
						"<android.app.assist.AssistStructure$ViewNodeBuilder: void asyncCommit()>"
					],
					"depth":7,
					"method":"<android.app.ProgressDialog: void setSecondaryProgress(int)>",
					"source":"FIELDCALLER"
				},
				{
					"trace":[
						"<android.app.ProgressDialog: void setProgress(int)>",
						"<android.app.ProgressDialog: void onProgressChanged()>",
						"<android.app.ActivityThread$H: void handleMessage(android.os.Message)>",
						"<android.app.ActivityThread: void handleRequestAssistContextExtras(android.app.ActivityThread$RequestAssistContextExtras)>",
						"<android.app.assist.AssistStructure: void <init>(android.app.Activity)>",
						"<android.app.assist.AssistStructure$WindowNode: void <init>(android.app.assist.AssistStructure,android.view.ViewRootImpl)>",
						"<android.app.assist.AssistStructure$ViewNodeBuilder: void <init>(android.app.assist.AssistStructure,android.app.assist.AssistStructure$ViewNode,boolean)>",
						"key field: <android.app.assist.AssistStructure$ViewNodeBuilder: boolean mAsync>",
						"<android.app.assist.AssistStructure$ViewNodeBuilder: void asyncCommit()>"
					],
					"depth":7,
					"method":"<android.app.ProgressDialog: void setProgress(int)>",
					"source":"FIELDCALLER"
				},
				{
					"trace":[
						"<android.app.ProgressDialog: void setMax(int)>",
						"<android.app.ProgressDialog: void onProgressChanged()>",
						"<android.app.ActivityThread$H: void handleMessage(android.os.Message)>",
						"<android.app.ActivityThread: void handleRequestAssistContextExtras(android.app.ActivityThread$RequestAssistContextExtras)>",
						"<android.app.assist.AssistStructure: void <init>(android.app.Activity)>",
						"<android.app.assist.AssistStructure$WindowNode: void <init>(android.app.assist.AssistStructure,android.view.ViewRootImpl)>",
						"<android.app.assist.AssistStructure$ViewNodeBuilder: void <init>(android.app.assist.AssistStructure,android.app.assist.AssistStructure$ViewNode,boolean)>",
						"key field: <android.app.assist.AssistStructure$ViewNodeBuilder: boolean mAsync>",
						"<android.app.assist.AssistStructure$ViewNodeBuilder: void asyncCommit()>"
					],
					"depth":7,
					"method":"<android.app.ProgressDialog: void setMax(int)>",
					"source":"FIELDCALLER"
				},
				{
					"trace":[
						"<android.app.Dialog: void show()>",
						"<android.app.Presentation: void onStart()>",
						"<android.app.ActivityThread$H: void handleMessage(android.os.Message)>",
						"<android.app.ActivityThread: void handleRequestAssistContextExtras(android.app.ActivityThread$RequestAssistContextExtras)>",
						"<android.app.assist.AssistStructure: void <init>(android.app.Activity)>",
						"<android.app.assist.AssistStructure$WindowNode: void <init>(android.app.assist.AssistStructure,android.view.ViewRootImpl)>",
						"<android.app.assist.AssistStructure$ViewNodeBuilder: void <init>(android.app.assist.AssistStructure,android.app.assist.AssistStructure$ViewNode,boolean)>",
						"key field: <android.app.assist.AssistStructure$ViewNodeBuilder: boolean mAsync>",
						"<android.app.assist.AssistStructure$ViewNodeBuilder: void asyncCommit()>"
					],
					"depth":7,
					"method":"<android.app.Dialog: void show()>",
					"source":"FIELDCALLER"
				},
				{
					"trace":[
						"<android.app.ExitTransitionCoordinator: void startExit(int,android.content.Intent)>",
						"<android.app.ExitTransitionCoordinator: void delayCancel()>",
						"<android.app.ActivityThread$H: void handleMessage(android.os.Message)>",
						"<android.app.ActivityThread: void handleRequestAssistContextExtras(android.app.ActivityThread$RequestAssistContextExtras)>",
						"<android.app.assist.AssistStructure: void <init>(android.app.Activity)>",
						"<android.app.assist.AssistStructure$WindowNode: void <init>(android.app.assist.AssistStructure,android.view.ViewRootImpl)>",
						"<android.app.assist.AssistStructure$ViewNodeBuilder: void <init>(android.app.assist.AssistStructure,android.app.assist.AssistStructure$ViewNode,boolean)>",
						"key field: <android.app.assist.AssistStructure$ViewNodeBuilder: boolean mAsync>",
						"<android.app.assist.AssistStructure$ViewNodeBuilder: void asyncCommit()>"
					],
					"depth":7,
					"method":"<android.app.ExitTransitionCoordinator: void startExit(int,android.content.Intent)>",
					"source":"FIELDCALLER"
				},
				{
					"trace":[
						"<android.widget.Spinner$DialogPopup: void show(int,int)>",
						"<android.app.Dialog: void show()>",
						"<android.app.Presentation: void onStart()>",
						"<android.app.ActivityThread$H: void handleMessage(android.os.Message)>",
						"<android.app.ActivityThread: void handleRequestAssistContextExtras(android.app.ActivityThread$RequestAssistContextExtras)>",
						"<android.app.assist.AssistStructure: void <init>(android.app.Activity)>",
						"<android.app.assist.AssistStructure$WindowNode: void <init>(android.app.assist.AssistStructure,android.view.ViewRootImpl)>",
						"<android.app.assist.AssistStructure$ViewNodeBuilder: void <init>(android.app.assist.AssistStructure,android.app.assist.AssistStructure$ViewNode,boolean)>",
						"key field: <android.app.assist.AssistStructure$ViewNodeBuilder: boolean mAsync>",
						"<android.app.assist.AssistStructure$ViewNodeBuilder: void asyncCommit()>"
					],
					"depth":8,
					"method":"<android.widget.Spinner$DialogPopup: void show(int,int)>",
					"source":"FIELDCALLER"
				},
				{
					"trace":[
						"<android.widget.Spinner$SpinnerPopup: void show(int,int)>",
						"<android.app.Dialog: void show()>",
						"<android.app.Presentation: void onStart()>",
						"<android.app.ActivityThread$H: void handleMessage(android.os.Message)>",
						"<android.app.ActivityThread: void handleRequestAssistContextExtras(android.app.ActivityThread$RequestAssistContextExtras)>",
						"<android.app.assist.AssistStructure: void <init>(android.app.Activity)>",
						"<android.app.assist.AssistStructure$WindowNode: void <init>(android.app.assist.AssistStructure,android.view.ViewRootImpl)>",
						"<android.app.assist.AssistStructure$ViewNodeBuilder: void <init>(android.app.assist.AssistStructure,android.app.assist.AssistStructure$ViewNode,boolean)>",
						"key field: <android.app.assist.AssistStructure$ViewNodeBuilder: boolean mAsync>",
						"<android.app.assist.AssistStructure$ViewNodeBuilder: void asyncCommit()>"
					],
					"depth":8,
					"method":"<android.widget.Spinner$SpinnerPopup: void show(int,int)>",
					"source":"FIELDCALLER"
				},
				{
					"trace":[
						"<android.app.ProgressDialog: android.app.ProgressDialog show(android.content.Context,java.lang.CharSequence,java.lang.CharSequence,boolean,boolean,android.content.DialogInterface$OnCancelListener)>",
						"<android.app.Dialog: void show()>",
						"<android.app.Presentation: void onStart()>",
						"<android.app.ActivityThread$H: void handleMessage(android.os.Message)>",
						"<android.app.ActivityThread: void handleRequestAssistContextExtras(android.app.ActivityThread$RequestAssistContextExtras)>",
						"<android.app.assist.AssistStructure: void <init>(android.app.Activity)>",
						"<android.app.assist.AssistStructure$WindowNode: void <init>(android.app.assist.AssistStructure,android.view.ViewRootImpl)>",
						"<android.app.assist.AssistStructure$ViewNodeBuilder: void <init>(android.app.assist.AssistStructure,android.app.assist.AssistStructure$ViewNode,boolean)>",
						"key field: <android.app.assist.AssistStructure$ViewNodeBuilder: boolean mAsync>",
						"<android.app.assist.AssistStructure$ViewNodeBuilder: void asyncCommit()>"
					],
					"depth":8,
					"method":"<android.app.ProgressDialog: android.app.ProgressDialog show(android.content.Context,java.lang.CharSequence,java.lang.CharSequence,boolean,boolean,android.content.DialogInterface$OnCancelListener)>",
					"source":"FIELDCALLER"
				},
				{
					"trace":[
						"<android.app.Activity: boolean showDialog(int,android.os.Bundle)>",
						"<android.app.Dialog: void show()>",
						"<android.app.Presentation: void onStart()>",
						"<android.app.ActivityThread$H: void handleMessage(android.os.Message)>",
						"<android.app.ActivityThread: void handleRequestAssistContextExtras(android.app.ActivityThread$RequestAssistContextExtras)>",
						"<android.app.assist.AssistStructure: void <init>(android.app.Activity)>",
						"<android.app.assist.AssistStructure$WindowNode: void <init>(android.app.assist.AssistStructure,android.view.ViewRootImpl)>",
						"<android.app.assist.AssistStructure$ViewNodeBuilder: void <init>(android.app.assist.AssistStructure,android.app.assist.AssistStructure$ViewNode,boolean)>",
						"key field: <android.app.assist.AssistStructure$ViewNodeBuilder: boolean mAsync>",
						"<android.app.assist.AssistStructure$ViewNodeBuilder: void asyncCommit()>"
					],
					"depth":8,
					"method":"<android.app.Activity: boolean showDialog(int,android.os.Bundle)>",
					"source":"FIELDCALLER"
				},
				{
					"trace":[
						"<com.android.internal.view.menu.MenuDialogHelper: void show(android.os.IBinder)>",
						"<android.app.Dialog: void show()>",
						"<android.app.Presentation: void onStart()>",
						"<android.app.ActivityThread$H: void handleMessage(android.os.Message)>",
						"<android.app.ActivityThread: void handleRequestAssistContextExtras(android.app.ActivityThread$RequestAssistContextExtras)>",
						"<android.app.assist.AssistStructure: void <init>(android.app.Activity)>",
						"<android.app.assist.AssistStructure$WindowNode: void <init>(android.app.assist.AssistStructure,android.view.ViewRootImpl)>",
						"<android.app.assist.AssistStructure$ViewNodeBuilder: void <init>(android.app.assist.AssistStructure,android.app.assist.AssistStructure$ViewNode,boolean)>",
						"key field: <android.app.assist.AssistStructure$ViewNodeBuilder: boolean mAsync>",
						"<android.app.assist.AssistStructure$ViewNodeBuilder: void asyncCommit()>"
					],
					"depth":8,
					"method":"<com.android.internal.view.menu.MenuDialogHelper: void show(android.os.IBinder)>",
					"source":"FIELDCALLER"
				},
				{
					"trace":[
						"<android.app.Presentation: void show()>",
						"<android.app.Dialog: void show()>",
						"<android.app.Presentation: void onStart()>",
						"<android.app.ActivityThread$H: void handleMessage(android.os.Message)>",
						"<android.app.ActivityThread: void handleRequestAssistContextExtras(android.app.ActivityThread$RequestAssistContextExtras)>",
						"<android.app.assist.AssistStructure: void <init>(android.app.Activity)>",
						"<android.app.assist.AssistStructure$WindowNode: void <init>(android.app.assist.AssistStructure,android.view.ViewRootImpl)>",
						"<android.app.assist.AssistStructure$ViewNodeBuilder: void <init>(android.app.assist.AssistStructure,android.app.assist.AssistStructure$ViewNode,boolean)>",
						"key field: <android.app.assist.AssistStructure$ViewNodeBuilder: boolean mAsync>",
						"<android.app.assist.AssistStructure$ViewNodeBuilder: void asyncCommit()>"
					],
					"depth":8,
					"method":"<android.app.Presentation: void show()>",
					"source":"FIELDCALLER"
				},
				{
					"trace":[
						"<android.app.Dialog: void onRestoreInstanceState(android.os.Bundle)>",
						"<android.app.Dialog: void show()>",
						"<android.app.Presentation: void onStart()>",
						"<android.app.ActivityThread$H: void handleMessage(android.os.Message)>",
						"<android.app.ActivityThread: void handleRequestAssistContextExtras(android.app.ActivityThread$RequestAssistContextExtras)>",
						"<android.app.assist.AssistStructure: void <init>(android.app.Activity)>",
						"<android.app.assist.AssistStructure$WindowNode: void <init>(android.app.assist.AssistStructure,android.view.ViewRootImpl)>",
						"<android.app.assist.AssistStructure$ViewNodeBuilder: void <init>(android.app.assist.AssistStructure,android.app.assist.AssistStructure$ViewNode,boolean)>",
						"key field: <android.app.assist.AssistStructure$ViewNodeBuilder: boolean mAsync>",
						"<android.app.assist.AssistStructure$ViewNodeBuilder: void asyncCommit()>"
					],
					"depth":8,
					"method":"<android.app.Dialog: void onRestoreInstanceState(android.os.Bundle)>",
					"source":"FIELDCALLER"
				},
				{
					"trace":[
						"<android.app.DialogFragment: void onStart()>",
						"<android.app.Dialog: void show()>",
						"<android.app.Presentation: void onStart()>",
						"<android.app.ActivityThread$H: void handleMessage(android.os.Message)>",
						"<android.app.ActivityThread: void handleRequestAssistContextExtras(android.app.ActivityThread$RequestAssistContextExtras)>",
						"<android.app.assist.AssistStructure: void <init>(android.app.Activity)>",
						"<android.app.assist.AssistStructure$WindowNode: void <init>(android.app.assist.AssistStructure,android.view.ViewRootImpl)>",
						"<android.app.assist.AssistStructure$ViewNodeBuilder: void <init>(android.app.assist.AssistStructure,android.app.assist.AssistStructure$ViewNode,boolean)>",
						"key field: <android.app.assist.AssistStructure$ViewNodeBuilder: boolean mAsync>",
						"<android.app.assist.AssistStructure$ViewNodeBuilder: void asyncCommit()>"
					],
					"depth":8,
					"method":"<android.app.DialogFragment: void onStart()>",
					"source":"FIELDCALLER"
				},
				{
					"trace":[
						"<android.app.AlertDialog$Builder: android.app.AlertDialog show()>",
						"<android.app.Dialog: void show()>",
						"<android.app.Presentation: void onStart()>",
						"<android.app.ActivityThread$H: void handleMessage(android.os.Message)>",
						"<android.app.ActivityThread: void handleRequestAssistContextExtras(android.app.ActivityThread$RequestAssistContextExtras)>",
						"<android.app.assist.AssistStructure: void <init>(android.app.Activity)>",
						"<android.app.assist.AssistStructure$WindowNode: void <init>(android.app.assist.AssistStructure,android.view.ViewRootImpl)>",
						"<android.app.assist.AssistStructure$ViewNodeBuilder: void <init>(android.app.assist.AssistStructure,android.app.assist.AssistStructure$ViewNode,boolean)>",
						"key field: <android.app.assist.AssistStructure$ViewNodeBuilder: boolean mAsync>",
						"<android.app.assist.AssistStructure$ViewNodeBuilder: void asyncCommit()>"
					],
					"depth":8,
					"method":"<android.app.AlertDialog$Builder: android.app.AlertDialog show()>",
					"source":"FIELDCALLER"
				},
				{
					"trace":[
						"<android.app.ExitTransitionCoordinator$8: void onAnimationEnd(android.animation.Animator)>",
						"<android.app.ExitTransitionCoordinator: void notifyComplete()>",
						"<android.app.ExitTransitionCoordinator: void delayCancel()>",
						"<android.app.ActivityThread$H: void handleMessage(android.os.Message)>",
						"<android.app.ActivityThread: void handleRequestAssistContextExtras(android.app.ActivityThread$RequestAssistContextExtras)>",
						"<android.app.assist.AssistStructure: void <init>(android.app.Activity)>",
						"<android.app.assist.AssistStructure$WindowNode: void <init>(android.app.assist.AssistStructure,android.view.ViewRootImpl)>",
						"<android.app.assist.AssistStructure$ViewNodeBuilder: void <init>(android.app.assist.AssistStructure,android.app.assist.AssistStructure$ViewNode,boolean)>",
						"key field: <android.app.assist.AssistStructure$ViewNodeBuilder: boolean mAsync>",
						"<android.app.assist.AssistStructure$ViewNodeBuilder: void asyncCommit()>"
					],
					"depth":8,
					"method":"<android.app.ExitTransitionCoordinator$8: void onAnimationEnd(android.animation.Animator)>",
					"source":"FIELDCALLER"
				},
				{
					"trace":[
						"<android.app.ActivityTransitionState$2: boolean onPreDraw()>",
						"<android.app.ExitTransitionCoordinator: void startExit(int,android.content.Intent)>",
						"<android.app.ExitTransitionCoordinator: void delayCancel()>",
						"<android.app.ActivityThread$H: void handleMessage(android.os.Message)>",
						"<android.app.ActivityThread: void handleRequestAssistContextExtras(android.app.ActivityThread$RequestAssistContextExtras)>",
						"<android.app.assist.AssistStructure: void <init>(android.app.Activity)>",
						"<android.app.assist.AssistStructure$WindowNode: void <init>(android.app.assist.AssistStructure,android.view.ViewRootImpl)>",
						"<android.app.assist.AssistStructure$ViewNodeBuilder: void <init>(android.app.assist.AssistStructure,android.app.assist.AssistStructure$ViewNode,boolean)>",
						"key field: <android.app.assist.AssistStructure$ViewNodeBuilder: boolean mAsync>",
						"<android.app.assist.AssistStructure$ViewNodeBuilder: void asyncCommit()>"
					],
					"depth":8,
					"method":"<android.app.ActivityTransitionState$2: boolean onPreDraw()>",
					"source":"FIELDCALLER"
				},
				{
					"trace":[
						"<android.view.ViewTreeObserver$OnPreDrawListener: boolean onPreDraw()>",
						"<android.app.ExitTransitionCoordinator: void startExit(int,android.content.Intent)>",
						"<android.app.ExitTransitionCoordinator: void delayCancel()>",
						"<android.app.ActivityThread$H: void handleMessage(android.os.Message)>",
						"<android.app.ActivityThread: void handleRequestAssistContextExtras(android.app.ActivityThread$RequestAssistContextExtras)>",
						"<android.app.assist.AssistStructure: void <init>(android.app.Activity)>",
						"<android.app.assist.AssistStructure$WindowNode: void <init>(android.app.assist.AssistStructure,android.view.ViewRootImpl)>",
						"<android.app.assist.AssistStructure$ViewNodeBuilder: void <init>(android.app.assist.AssistStructure,android.app.assist.AssistStructure$ViewNode,boolean)>",
						"key field: <android.app.assist.AssistStructure$ViewNodeBuilder: boolean mAsync>",
						"<android.app.assist.AssistStructure$ViewNodeBuilder: void asyncCommit()>"
					],
					"depth":8,
					"method":"<android.view.ViewTreeObserver$OnPreDrawListener: boolean onPreDraw()>",
					"source":"FIELDCALLER"
				},
				{
					"trace":[
						"<android.app.ActivityTransitionState: boolean startExitBackTransition(android.app.Activity)>",
						"<android.app.ExitTransitionCoordinator: void startExit(int,android.content.Intent)>",
						"<android.app.ExitTransitionCoordinator: void delayCancel()>",
						"<android.app.ActivityThread$H: void handleMessage(android.os.Message)>",
						"<android.app.ActivityThread: void handleRequestAssistContextExtras(android.app.ActivityThread$RequestAssistContextExtras)>",
						"<android.app.assist.AssistStructure: void <init>(android.app.Activity)>",
						"<android.app.assist.AssistStructure$WindowNode: void <init>(android.app.assist.AssistStructure,android.view.ViewRootImpl)>",
						"<android.app.assist.AssistStructure$ViewNodeBuilder: void <init>(android.app.assist.AssistStructure,android.app.assist.AssistStructure$ViewNode,boolean)>",
						"key field: <android.app.assist.AssistStructure$ViewNodeBuilder: boolean mAsync>",
						"<android.app.assist.AssistStructure$ViewNodeBuilder: void asyncCommit()>"
					],
					"depth":8,
					"method":"<android.app.ActivityTransitionState: boolean startExitBackTransition(android.app.Activity)>",
					"source":"FIELDCALLER"
				},
				{
					"trace":[
						"<android.app.ExitTransitionCoordinator$2: void onTransitionEnd(android.transition.Transition)>",
						"<android.app.ExitTransitionCoordinator: void access$100(android.app.ExitTransitionCoordinator)>",
						"<android.app.ExitTransitionCoordinator: void delayCancel()>",
						"<android.app.ActivityThread$H: void handleMessage(android.os.Message)>",
						"<android.app.ActivityThread: void handleRequestAssistContextExtras(android.app.ActivityThread$RequestAssistContextExtras)>",
						"<android.app.assist.AssistStructure: void <init>(android.app.Activity)>",
						"<android.app.assist.AssistStructure$WindowNode: void <init>(android.app.assist.AssistStructure,android.view.ViewRootImpl)>",
						"<android.app.assist.AssistStructure$ViewNodeBuilder: void <init>(android.app.assist.AssistStructure,android.app.assist.AssistStructure$ViewNode,boolean)>",
						"key field: <android.app.assist.AssistStructure$ViewNodeBuilder: boolean mAsync>",
						"<android.app.assist.AssistStructure$ViewNodeBuilder: void asyncCommit()>"
					],
					"depth":8,
					"method":"<android.app.ExitTransitionCoordinator$2: void onTransitionEnd(android.transition.Transition)>",
					"source":"FIELDCALLER"
				},
				{
					"trace":[
						"<android.app.ExitTransitionCoordinator$9: void onTransitionEnd(android.transition.Transition)>",
						"<android.app.ExitTransitionCoordinator: void access$100(android.app.ExitTransitionCoordinator)>",
						"<android.app.ExitTransitionCoordinator: void delayCancel()>",
						"<android.app.ActivityThread$H: void handleMessage(android.os.Message)>",
						"<android.app.ActivityThread: void handleRequestAssistContextExtras(android.app.ActivityThread$RequestAssistContextExtras)>",
						"<android.app.assist.AssistStructure: void <init>(android.app.Activity)>",
						"<android.app.assist.AssistStructure$WindowNode: void <init>(android.app.assist.AssistStructure,android.view.ViewRootImpl)>",
						"<android.app.assist.AssistStructure$ViewNodeBuilder: void <init>(android.app.assist.AssistStructure,android.app.assist.AssistStructure$ViewNode,boolean)>",
						"key field: <android.app.assist.AssistStructure$ViewNodeBuilder: boolean mAsync>",
						"<android.app.assist.AssistStructure$ViewNodeBuilder: void asyncCommit()>"
					],
					"depth":8,
					"method":"<android.app.ExitTransitionCoordinator$9: void onTransitionEnd(android.transition.Transition)>",
					"source":"FIELDCALLER"
				}
			],
			"callerOfSingnlar2SourceVar":{}
		},
		{
			"method":"<android.app.assist.AssistStructure$ViewNodeBuilder: void asyncCommit()>",
			"message":"\\QChild \\E[\\s\\S]*\\Q already committed\\E",
			"relatedVarType":"Field",
			"relatedCondType":"Basic",
			"modifier":"public",
			"type":"java.lang.IllegalStateException",
			"osVersionRelated":false,
			"resourceRelated":false,
			"assessRelated":false,
			"hardwareRelated":false,
			"manifestRelated":false,
			"conditions":"$z1 != 0, $z0 != 0",
			"fieldValues":"<android.app.assist.AssistStructure$ViewNodeBuilder: boolean mAsync>",
			"relatedValues":"; <android.app.assist.AssistStructure$ViewNodeBuilder: boolean mAsync>; ",
			"keyAPISameClassNum":2,
			"keyAPIDiffClassNum":30,
			"keyAPISameClass":[
				{
					"trace":[
						"<android.app.assist.AssistStructure$ViewNodeBuilder: android.view.ViewStructure asyncNewChild(int)>",
						"<android.app.assist.AssistStructure$ViewNodeBuilder: void <init>(android.app.assist.AssistStructure,android.app.assist.AssistStructure$ViewNode,boolean)>",
						"key field: <android.app.assist.AssistStructure$ViewNodeBuilder: boolean mAsync>",
						"<android.app.assist.AssistStructure$ViewNodeBuilder: void asyncCommit()>"
					],
					"depth":2,
					"method":"<android.app.assist.AssistStructure$ViewNodeBuilder: android.view.ViewStructure asyncNewChild(int)>",
					"source":"FIELDCALLER"
				},
				{
					"trace":[
						"<android.app.assist.AssistStructure$ViewNodeBuilder: android.view.ViewStructure newChild(int)>",
						"<android.app.assist.AssistStructure$ViewNodeBuilder: void <init>(android.app.assist.AssistStructure,android.app.assist.AssistStructure$ViewNode,boolean)>",
						"key field: <android.app.assist.AssistStructure$ViewNodeBuilder: boolean mAsync>",
						"<android.app.assist.AssistStructure$ViewNodeBuilder: void asyncCommit()>"
					],
					"depth":2,
					"method":"<android.app.assist.AssistStructure$ViewNodeBuilder: android.view.ViewStructure newChild(int)>",
					"source":"FIELDCALLER"
				}
			],
			"keyAPIDiffClass":[
				{
					"trace":[
						"<android.app.assist.AssistStructure: void <init>(android.app.Activity)>",
						"<android.app.assist.AssistStructure$WindowNode: void <init>(android.app.assist.AssistStructure,android.view.ViewRootImpl)>",
						"<android.app.assist.AssistStructure$ViewNodeBuilder: void <init>(android.app.assist.AssistStructure,android.app.assist.AssistStructure$ViewNode,boolean)>",
						"key field: <android.app.assist.AssistStructure$ViewNodeBuilder: boolean mAsync>",
						"<android.app.assist.AssistStructure$ViewNodeBuilder: void asyncCommit()>"
					],
					"depth":3,
					"method":"<android.app.assist.AssistStructure: void <init>(android.app.Activity)>",
					"source":"FIELDCALLER"
				},
				{
					"trace":[
						"<android.app.ActivityThread: void handleRequestAssistContextExtras(android.app.ActivityThread$RequestAssistContextExtras)>",
						"<android.app.assist.AssistStructure: void <init>(android.app.Activity)>",
						"<android.app.assist.AssistStructure$WindowNode: void <init>(android.app.assist.AssistStructure,android.view.ViewRootImpl)>",
						"<android.app.assist.AssistStructure$ViewNodeBuilder: void <init>(android.app.assist.AssistStructure,android.app.assist.AssistStructure$ViewNode,boolean)>",
						"key field: <android.app.assist.AssistStructure$ViewNodeBuilder: boolean mAsync>",
						"<android.app.assist.AssistStructure$ViewNodeBuilder: void asyncCommit()>"
					],
					"depth":4,
					"method":"<android.app.ActivityThread: void handleRequestAssistContextExtras(android.app.ActivityThread$RequestAssistContextExtras)>",
					"source":"FIELDCALLER"
				},
				{
					"trace":[
						"<android.app.ActivityThread$H: void handleMessage(android.os.Message)>",
						"<android.app.ActivityThread: void handleRequestAssistContextExtras(android.app.ActivityThread$RequestAssistContextExtras)>",
						"<android.app.assist.AssistStructure: void <init>(android.app.Activity)>",
						"<android.app.assist.AssistStructure$WindowNode: void <init>(android.app.assist.AssistStructure,android.view.ViewRootImpl)>",
						"<android.app.assist.AssistStructure$ViewNodeBuilder: void <init>(android.app.assist.AssistStructure,android.app.assist.AssistStructure$ViewNode,boolean)>",
						"key field: <android.app.assist.AssistStructure$ViewNodeBuilder: boolean mAsync>",
						"<android.app.assist.AssistStructure$ViewNodeBuilder: void asyncCommit()>"
					],
					"depth":5,
					"method":"<android.app.ActivityThread$H: void handleMessage(android.os.Message)>",
					"source":"FIELDCALLER"
				},
				{
					"trace":[
						"<android.hardware.camera2.legacy.RequestThreadManager$5: boolean handleMessage(android.os.Message)>",
						"<android.app.ActivityThread$H: void handleMessage(android.os.Message)>",
						"<android.app.ActivityThread: void handleRequestAssistContextExtras(android.app.ActivityThread$RequestAssistContextExtras)>",
						"<android.app.assist.AssistStructure: void <init>(android.app.Activity)>",
						"<android.app.assist.AssistStructure$WindowNode: void <init>(android.app.assist.AssistStructure,android.view.ViewRootImpl)>",
						"<android.app.assist.AssistStructure$ViewNodeBuilder: void <init>(android.app.assist.AssistStructure,android.app.assist.AssistStructure$ViewNode,boolean)>",
						"key field: <android.app.assist.AssistStructure$ViewNodeBuilder: boolean mAsync>",
						"<android.app.assist.AssistStructure$ViewNodeBuilder: void asyncCommit()>"
					],
					"depth":6,
					"method":"<android.hardware.camera2.legacy.RequestThreadManager$5: boolean handleMessage(android.os.Message)>",
					"source":"FIELDCALLER"
				},
				{
					"trace":[
						"<android.os.Handler$Callback: boolean handleMessage(android.os.Message)>",
						"<android.app.ActivityThread$H: void handleMessage(android.os.Message)>",
						"<android.app.ActivityThread: void handleRequestAssistContextExtras(android.app.ActivityThread$RequestAssistContextExtras)>",
						"<android.app.assist.AssistStructure: void <init>(android.app.Activity)>",
						"<android.app.assist.AssistStructure$WindowNode: void <init>(android.app.assist.AssistStructure,android.view.ViewRootImpl)>",
						"<android.app.assist.AssistStructure$ViewNodeBuilder: void <init>(android.app.assist.AssistStructure,android.app.assist.AssistStructure$ViewNode,boolean)>",
						"key field: <android.app.assist.AssistStructure$ViewNodeBuilder: boolean mAsync>",
						"<android.app.assist.AssistStructure$ViewNodeBuilder: void asyncCommit()>"
					],
					"depth":6,
					"method":"<android.os.Handler$Callback: boolean handleMessage(android.os.Message)>",
					"source":"FIELDCALLER"
				},
				{
					"trace":[
						"<android.widget.Filter$RequestHandler: void handleMessage(android.os.Message)>",
						"<android.app.ActivityThread$H: void handleMessage(android.os.Message)>",
						"<android.app.ActivityThread: void handleRequestAssistContextExtras(android.app.ActivityThread$RequestAssistContextExtras)>",
						"<android.app.assist.AssistStructure: void <init>(android.app.Activity)>",
						"<android.app.assist.AssistStructure$WindowNode: void <init>(android.app.assist.AssistStructure,android.view.ViewRootImpl)>",
						"<android.app.assist.AssistStructure$ViewNodeBuilder: void <init>(android.app.assist.AssistStructure,android.app.assist.AssistStructure$ViewNode,boolean)>",
						"key field: <android.app.assist.AssistStructure$ViewNodeBuilder: boolean mAsync>",
						"<android.app.assist.AssistStructure$ViewNodeBuilder: void asyncCommit()>"
					],
					"depth":6,
					"method":"<android.widget.Filter$RequestHandler: void handleMessage(android.os.Message)>",
					"source":"FIELDCALLER"
				},
				{
					"trace":[
						"<android.app.ProgressDialog: void setProgressPercentFormat(java.text.NumberFormat)>",
						"<android.app.ProgressDialog: void onProgressChanged()>",
						"<android.app.ActivityThread$H: void handleMessage(android.os.Message)>",
						"<android.app.ActivityThread: void handleRequestAssistContextExtras(android.app.ActivityThread$RequestAssistContextExtras)>",
						"<android.app.assist.AssistStructure: void <init>(android.app.Activity)>",
						"<android.app.assist.AssistStructure$WindowNode: void <init>(android.app.assist.AssistStructure,android.view.ViewRootImpl)>",
						"<android.app.assist.AssistStructure$ViewNodeBuilder: void <init>(android.app.assist.AssistStructure,android.app.assist.AssistStructure$ViewNode,boolean)>",
						"key field: <android.app.assist.AssistStructure$ViewNodeBuilder: boolean mAsync>",
						"<android.app.assist.AssistStructure$ViewNodeBuilder: void asyncCommit()>"
					],
					"depth":7,
					"method":"<android.app.ProgressDialog: void setProgressPercentFormat(java.text.NumberFormat)>",
					"source":"FIELDCALLER"
				},
				{
					"trace":[
						"<android.app.ProgressDialog: void setProgressNumberFormat(java.lang.String)>",
						"<android.app.ProgressDialog: void onProgressChanged()>",
						"<android.app.ActivityThread$H: void handleMessage(android.os.Message)>",
						"<android.app.ActivityThread: void handleRequestAssistContextExtras(android.app.ActivityThread$RequestAssistContextExtras)>",
						"<android.app.assist.AssistStructure: void <init>(android.app.Activity)>",
						"<android.app.assist.AssistStructure$WindowNode: void <init>(android.app.assist.AssistStructure,android.view.ViewRootImpl)>",
						"<android.app.assist.AssistStructure$ViewNodeBuilder: void <init>(android.app.assist.AssistStructure,android.app.assist.AssistStructure$ViewNode,boolean)>",
						"key field: <android.app.assist.AssistStructure$ViewNodeBuilder: boolean mAsync>",
						"<android.app.assist.AssistStructure$ViewNodeBuilder: void asyncCommit()>"
					],
					"depth":7,
					"method":"<android.app.ProgressDialog: void setProgressNumberFormat(java.lang.String)>",
					"source":"FIELDCALLER"
				},
				{
					"trace":[
						"<android.app.ProgressDialog: void incrementSecondaryProgressBy(int)>",
						"<android.app.ProgressDialog: void onProgressChanged()>",
						"<android.app.ActivityThread$H: void handleMessage(android.os.Message)>",
						"<android.app.ActivityThread: void handleRequestAssistContextExtras(android.app.ActivityThread$RequestAssistContextExtras)>",
						"<android.app.assist.AssistStructure: void <init>(android.app.Activity)>",
						"<android.app.assist.AssistStructure$WindowNode: void <init>(android.app.assist.AssistStructure,android.view.ViewRootImpl)>",
						"<android.app.assist.AssistStructure$ViewNodeBuilder: void <init>(android.app.assist.AssistStructure,android.app.assist.AssistStructure$ViewNode,boolean)>",
						"key field: <android.app.assist.AssistStructure$ViewNodeBuilder: boolean mAsync>",
						"<android.app.assist.AssistStructure$ViewNodeBuilder: void asyncCommit()>"
					],
					"depth":7,
					"method":"<android.app.ProgressDialog: void incrementSecondaryProgressBy(int)>",
					"source":"FIELDCALLER"
				},
				{
					"trace":[
						"<android.app.ProgressDialog: void incrementProgressBy(int)>",
						"<android.app.ProgressDialog: void onProgressChanged()>",
						"<android.app.ActivityThread$H: void handleMessage(android.os.Message)>",
						"<android.app.ActivityThread: void handleRequestAssistContextExtras(android.app.ActivityThread$RequestAssistContextExtras)>",
						"<android.app.assist.AssistStructure: void <init>(android.app.Activity)>",
						"<android.app.assist.AssistStructure$WindowNode: void <init>(android.app.assist.AssistStructure,android.view.ViewRootImpl)>",
						"<android.app.assist.AssistStructure$ViewNodeBuilder: void <init>(android.app.assist.AssistStructure,android.app.assist.AssistStructure$ViewNode,boolean)>",
						"key field: <android.app.assist.AssistStructure$ViewNodeBuilder: boolean mAsync>",
						"<android.app.assist.AssistStructure$ViewNodeBuilder: void asyncCommit()>"
					],
					"depth":7,
					"method":"<android.app.ProgressDialog: void incrementProgressBy(int)>",
					"source":"FIELDCALLER"
				},
				{
					"trace":[
						"<android.app.ProgressDialog: void setSecondaryProgress(int)>",
						"<android.app.ProgressDialog: void onProgressChanged()>",
						"<android.app.ActivityThread$H: void handleMessage(android.os.Message)>",
						"<android.app.ActivityThread: void handleRequestAssistContextExtras(android.app.ActivityThread$RequestAssistContextExtras)>",
						"<android.app.assist.AssistStructure: void <init>(android.app.Activity)>",
						"<android.app.assist.AssistStructure$WindowNode: void <init>(android.app.assist.AssistStructure,android.view.ViewRootImpl)>",
						"<android.app.assist.AssistStructure$ViewNodeBuilder: void <init>(android.app.assist.AssistStructure,android.app.assist.AssistStructure$ViewNode,boolean)>",
						"key field: <android.app.assist.AssistStructure$ViewNodeBuilder: boolean mAsync>",
						"<android.app.assist.AssistStructure$ViewNodeBuilder: void asyncCommit()>"
					],
					"depth":7,
					"method":"<android.app.ProgressDialog: void setSecondaryProgress(int)>",
					"source":"FIELDCALLER"
				},
				{
					"trace":[
						"<android.app.ProgressDialog: void setProgress(int)>",
						"<android.app.ProgressDialog: void onProgressChanged()>",
						"<android.app.ActivityThread$H: void handleMessage(android.os.Message)>",
						"<android.app.ActivityThread: void handleRequestAssistContextExtras(android.app.ActivityThread$RequestAssistContextExtras)>",
						"<android.app.assist.AssistStructure: void <init>(android.app.Activity)>",
						"<android.app.assist.AssistStructure$WindowNode: void <init>(android.app.assist.AssistStructure,android.view.ViewRootImpl)>",
						"<android.app.assist.AssistStructure$ViewNodeBuilder: void <init>(android.app.assist.AssistStructure,android.app.assist.AssistStructure$ViewNode,boolean)>",
						"key field: <android.app.assist.AssistStructure$ViewNodeBuilder: boolean mAsync>",
						"<android.app.assist.AssistStructure$ViewNodeBuilder: void asyncCommit()>"
					],
					"depth":7,
					"method":"<android.app.ProgressDialog: void setProgress(int)>",
					"source":"FIELDCALLER"
				},
				{
					"trace":[
						"<android.app.ProgressDialog: void setMax(int)>",
						"<android.app.ProgressDialog: void onProgressChanged()>",
						"<android.app.ActivityThread$H: void handleMessage(android.os.Message)>",
						"<android.app.ActivityThread: void handleRequestAssistContextExtras(android.app.ActivityThread$RequestAssistContextExtras)>",
						"<android.app.assist.AssistStructure: void <init>(android.app.Activity)>",
						"<android.app.assist.AssistStructure$WindowNode: void <init>(android.app.assist.AssistStructure,android.view.ViewRootImpl)>",
						"<android.app.assist.AssistStructure$ViewNodeBuilder: void <init>(android.app.assist.AssistStructure,android.app.assist.AssistStructure$ViewNode,boolean)>",
						"key field: <android.app.assist.AssistStructure$ViewNodeBuilder: boolean mAsync>",
						"<android.app.assist.AssistStructure$ViewNodeBuilder: void asyncCommit()>"
					],
					"depth":7,
					"method":"<android.app.ProgressDialog: void setMax(int)>",
					"source":"FIELDCALLER"
				},
				{
					"trace":[
						"<android.app.Dialog: void show()>",
						"<android.app.Presentation: void onStart()>",
						"<android.app.ActivityThread$H: void handleMessage(android.os.Message)>",
						"<android.app.ActivityThread: void handleRequestAssistContextExtras(android.app.ActivityThread$RequestAssistContextExtras)>",
						"<android.app.assist.AssistStructure: void <init>(android.app.Activity)>",
						"<android.app.assist.AssistStructure$WindowNode: void <init>(android.app.assist.AssistStructure,android.view.ViewRootImpl)>",
						"<android.app.assist.AssistStructure$ViewNodeBuilder: void <init>(android.app.assist.AssistStructure,android.app.assist.AssistStructure$ViewNode,boolean)>",
						"key field: <android.app.assist.AssistStructure$ViewNodeBuilder: boolean mAsync>",
						"<android.app.assist.AssistStructure$ViewNodeBuilder: void asyncCommit()>"
					],
					"depth":7,
					"method":"<android.app.Dialog: void show()>",
					"source":"FIELDCALLER"
				},
				{
					"trace":[
						"<android.app.ExitTransitionCoordinator: void startExit(int,android.content.Intent)>",
						"<android.app.ExitTransitionCoordinator: void delayCancel()>",
						"<android.app.ActivityThread$H: void handleMessage(android.os.Message)>",
						"<android.app.ActivityThread: void handleRequestAssistContextExtras(android.app.ActivityThread$RequestAssistContextExtras)>",
						"<android.app.assist.AssistStructure: void <init>(android.app.Activity)>",
						"<android.app.assist.AssistStructure$WindowNode: void <init>(android.app.assist.AssistStructure,android.view.ViewRootImpl)>",
						"<android.app.assist.AssistStructure$ViewNodeBuilder: void <init>(android.app.assist.AssistStructure,android.app.assist.AssistStructure$ViewNode,boolean)>",
						"key field: <android.app.assist.AssistStructure$ViewNodeBuilder: boolean mAsync>",
						"<android.app.assist.AssistStructure$ViewNodeBuilder: void asyncCommit()>"
					],
					"depth":7,
					"method":"<android.app.ExitTransitionCoordinator: void startExit(int,android.content.Intent)>",
					"source":"FIELDCALLER"
				},
				{
					"trace":[
						"<android.widget.Spinner$DialogPopup: void show(int,int)>",
						"<android.app.Dialog: void show()>",
						"<android.app.Presentation: void onStart()>",
						"<android.app.ActivityThread$H: void handleMessage(android.os.Message)>",
						"<android.app.ActivityThread: void handleRequestAssistContextExtras(android.app.ActivityThread$RequestAssistContextExtras)>",
						"<android.app.assist.AssistStructure: void <init>(android.app.Activity)>",
						"<android.app.assist.AssistStructure$WindowNode: void <init>(android.app.assist.AssistStructure,android.view.ViewRootImpl)>",
						"<android.app.assist.AssistStructure$ViewNodeBuilder: void <init>(android.app.assist.AssistStructure,android.app.assist.AssistStructure$ViewNode,boolean)>",
						"key field: <android.app.assist.AssistStructure$ViewNodeBuilder: boolean mAsync>",
						"<android.app.assist.AssistStructure$ViewNodeBuilder: void asyncCommit()>"
					],
					"depth":8,
					"method":"<android.widget.Spinner$DialogPopup: void show(int,int)>",
					"source":"FIELDCALLER"
				},
				{
					"trace":[
						"<android.widget.Spinner$SpinnerPopup: void show(int,int)>",
						"<android.app.Dialog: void show()>",
						"<android.app.Presentation: void onStart()>",
						"<android.app.ActivityThread$H: void handleMessage(android.os.Message)>",
						"<android.app.ActivityThread: void handleRequestAssistContextExtras(android.app.ActivityThread$RequestAssistContextExtras)>",
						"<android.app.assist.AssistStructure: void <init>(android.app.Activity)>",
						"<android.app.assist.AssistStructure$WindowNode: void <init>(android.app.assist.AssistStructure,android.view.ViewRootImpl)>",
						"<android.app.assist.AssistStructure$ViewNodeBuilder: void <init>(android.app.assist.AssistStructure,android.app.assist.AssistStructure$ViewNode,boolean)>",
						"key field: <android.app.assist.AssistStructure$ViewNodeBuilder: boolean mAsync>",
						"<android.app.assist.AssistStructure$ViewNodeBuilder: void asyncCommit()>"
					],
					"depth":8,
					"method":"<android.widget.Spinner$SpinnerPopup: void show(int,int)>",
					"source":"FIELDCALLER"
				},
				{
					"trace":[
						"<android.app.ProgressDialog: android.app.ProgressDialog show(android.content.Context,java.lang.CharSequence,java.lang.CharSequence,boolean,boolean,android.content.DialogInterface$OnCancelListener)>",
						"<android.app.Dialog: void show()>",
						"<android.app.Presentation: void onStart()>",
						"<android.app.ActivityThread$H: void handleMessage(android.os.Message)>",
						"<android.app.ActivityThread: void handleRequestAssistContextExtras(android.app.ActivityThread$RequestAssistContextExtras)>",
						"<android.app.assist.AssistStructure: void <init>(android.app.Activity)>",
						"<android.app.assist.AssistStructure$WindowNode: void <init>(android.app.assist.AssistStructure,android.view.ViewRootImpl)>",
						"<android.app.assist.AssistStructure$ViewNodeBuilder: void <init>(android.app.assist.AssistStructure,android.app.assist.AssistStructure$ViewNode,boolean)>",
						"key field: <android.app.assist.AssistStructure$ViewNodeBuilder: boolean mAsync>",
						"<android.app.assist.AssistStructure$ViewNodeBuilder: void asyncCommit()>"
					],
					"depth":8,
					"method":"<android.app.ProgressDialog: android.app.ProgressDialog show(android.content.Context,java.lang.CharSequence,java.lang.CharSequence,boolean,boolean,android.content.DialogInterface$OnCancelListener)>",
					"source":"FIELDCALLER"
				},
				{
					"trace":[
						"<android.app.Activity: boolean showDialog(int,android.os.Bundle)>",
						"<android.app.Dialog: void show()>",
						"<android.app.Presentation: void onStart()>",
						"<android.app.ActivityThread$H: void handleMessage(android.os.Message)>",
						"<android.app.ActivityThread: void handleRequestAssistContextExtras(android.app.ActivityThread$RequestAssistContextExtras)>",
						"<android.app.assist.AssistStructure: void <init>(android.app.Activity)>",
						"<android.app.assist.AssistStructure$WindowNode: void <init>(android.app.assist.AssistStructure,android.view.ViewRootImpl)>",
						"<android.app.assist.AssistStructure$ViewNodeBuilder: void <init>(android.app.assist.AssistStructure,android.app.assist.AssistStructure$ViewNode,boolean)>",
						"key field: <android.app.assist.AssistStructure$ViewNodeBuilder: boolean mAsync>",
						"<android.app.assist.AssistStructure$ViewNodeBuilder: void asyncCommit()>"
					],
					"depth":8,
					"method":"<android.app.Activity: boolean showDialog(int,android.os.Bundle)>",
					"source":"FIELDCALLER"
				},
				{
					"trace":[
						"<com.android.internal.view.menu.MenuDialogHelper: void show(android.os.IBinder)>",
						"<android.app.Dialog: void show()>",
						"<android.app.Presentation: void onStart()>",
						"<android.app.ActivityThread$H: void handleMessage(android.os.Message)>",
						"<android.app.ActivityThread: void handleRequestAssistContextExtras(android.app.ActivityThread$RequestAssistContextExtras)>",
						"<android.app.assist.AssistStructure: void <init>(android.app.Activity)>",
						"<android.app.assist.AssistStructure$WindowNode: void <init>(android.app.assist.AssistStructure,android.view.ViewRootImpl)>",
						"<android.app.assist.AssistStructure$ViewNodeBuilder: void <init>(android.app.assist.AssistStructure,android.app.assist.AssistStructure$ViewNode,boolean)>",
						"key field: <android.app.assist.AssistStructure$ViewNodeBuilder: boolean mAsync>",
						"<android.app.assist.AssistStructure$ViewNodeBuilder: void asyncCommit()>"
					],
					"depth":8,
					"method":"<com.android.internal.view.menu.MenuDialogHelper: void show(android.os.IBinder)>",
					"source":"FIELDCALLER"
				},
				{
					"trace":[
						"<android.app.Presentation: void show()>",
						"<android.app.Dialog: void show()>",
						"<android.app.Presentation: void onStart()>",
						"<android.app.ActivityThread$H: void handleMessage(android.os.Message)>",
						"<android.app.ActivityThread: void handleRequestAssistContextExtras(android.app.ActivityThread$RequestAssistContextExtras)>",
						"<android.app.assist.AssistStructure: void <init>(android.app.Activity)>",
						"<android.app.assist.AssistStructure$WindowNode: void <init>(android.app.assist.AssistStructure,android.view.ViewRootImpl)>",
						"<android.app.assist.AssistStructure$ViewNodeBuilder: void <init>(android.app.assist.AssistStructure,android.app.assist.AssistStructure$ViewNode,boolean)>",
						"key field: <android.app.assist.AssistStructure$ViewNodeBuilder: boolean mAsync>",
						"<android.app.assist.AssistStructure$ViewNodeBuilder: void asyncCommit()>"
					],
					"depth":8,
					"method":"<android.app.Presentation: void show()>",
					"source":"FIELDCALLER"
				},
				{
					"trace":[
						"<android.app.Dialog: void onRestoreInstanceState(android.os.Bundle)>",
						"<android.app.Dialog: void show()>",
						"<android.app.Presentation: void onStart()>",
						"<android.app.ActivityThread$H: void handleMessage(android.os.Message)>",
						"<android.app.ActivityThread: void handleRequestAssistContextExtras(android.app.ActivityThread$RequestAssistContextExtras)>",
						"<android.app.assist.AssistStructure: void <init>(android.app.Activity)>",
						"<android.app.assist.AssistStructure$WindowNode: void <init>(android.app.assist.AssistStructure,android.view.ViewRootImpl)>",
						"<android.app.assist.AssistStructure$ViewNodeBuilder: void <init>(android.app.assist.AssistStructure,android.app.assist.AssistStructure$ViewNode,boolean)>",
						"key field: <android.app.assist.AssistStructure$ViewNodeBuilder: boolean mAsync>",
						"<android.app.assist.AssistStructure$ViewNodeBuilder: void asyncCommit()>"
					],
					"depth":8,
					"method":"<android.app.Dialog: void onRestoreInstanceState(android.os.Bundle)>",
					"source":"FIELDCALLER"
				},
				{
					"trace":[
						"<android.app.DialogFragment: void onStart()>",
						"<android.app.Dialog: void show()>",
						"<android.app.Presentation: void onStart()>",
						"<android.app.ActivityThread$H: void handleMessage(android.os.Message)>",
						"<android.app.ActivityThread: void handleRequestAssistContextExtras(android.app.ActivityThread$RequestAssistContextExtras)>",
						"<android.app.assist.AssistStructure: void <init>(android.app.Activity)>",
						"<android.app.assist.AssistStructure$WindowNode: void <init>(android.app.assist.AssistStructure,android.view.ViewRootImpl)>",
						"<android.app.assist.AssistStructure$ViewNodeBuilder: void <init>(android.app.assist.AssistStructure,android.app.assist.AssistStructure$ViewNode,boolean)>",
						"key field: <android.app.assist.AssistStructure$ViewNodeBuilder: boolean mAsync>",
						"<android.app.assist.AssistStructure$ViewNodeBuilder: void asyncCommit()>"
					],
					"depth":8,
					"method":"<android.app.DialogFragment: void onStart()>",
					"source":"FIELDCALLER"
				},
				{
					"trace":[
						"<android.app.AlertDialog$Builder: android.app.AlertDialog show()>",
						"<android.app.Dialog: void show()>",
						"<android.app.Presentation: void onStart()>",
						"<android.app.ActivityThread$H: void handleMessage(android.os.Message)>",
						"<android.app.ActivityThread: void handleRequestAssistContextExtras(android.app.ActivityThread$RequestAssistContextExtras)>",
						"<android.app.assist.AssistStructure: void <init>(android.app.Activity)>",
						"<android.app.assist.AssistStructure$WindowNode: void <init>(android.app.assist.AssistStructure,android.view.ViewRootImpl)>",
						"<android.app.assist.AssistStructure$ViewNodeBuilder: void <init>(android.app.assist.AssistStructure,android.app.assist.AssistStructure$ViewNode,boolean)>",
						"key field: <android.app.assist.AssistStructure$ViewNodeBuilder: boolean mAsync>",
						"<android.app.assist.AssistStructure$ViewNodeBuilder: void asyncCommit()>"
					],
					"depth":8,
					"method":"<android.app.AlertDialog$Builder: android.app.AlertDialog show()>",
					"source":"FIELDCALLER"
				},
				{
					"trace":[
						"<android.app.ExitTransitionCoordinator$8: void onAnimationEnd(android.animation.Animator)>",
						"<android.app.ExitTransitionCoordinator: void notifyComplete()>",
						"<android.app.ExitTransitionCoordinator: void delayCancel()>",
						"<android.app.ActivityThread$H: void handleMessage(android.os.Message)>",
						"<android.app.ActivityThread: void handleRequestAssistContextExtras(android.app.ActivityThread$RequestAssistContextExtras)>",
						"<android.app.assist.AssistStructure: void <init>(android.app.Activity)>",
						"<android.app.assist.AssistStructure$WindowNode: void <init>(android.app.assist.AssistStructure,android.view.ViewRootImpl)>",
						"<android.app.assist.AssistStructure$ViewNodeBuilder: void <init>(android.app.assist.AssistStructure,android.app.assist.AssistStructure$ViewNode,boolean)>",
						"key field: <android.app.assist.AssistStructure$ViewNodeBuilder: boolean mAsync>",
						"<android.app.assist.AssistStructure$ViewNodeBuilder: void asyncCommit()>"
					],
					"depth":8,
					"method":"<android.app.ExitTransitionCoordinator$8: void onAnimationEnd(android.animation.Animator)>",
					"source":"FIELDCALLER"
				},
				{
					"trace":[
						"<android.app.ActivityTransitionState$2: boolean onPreDraw()>",
						"<android.app.ExitTransitionCoordinator: void startExit(int,android.content.Intent)>",
						"<android.app.ExitTransitionCoordinator: void delayCancel()>",
						"<android.app.ActivityThread$H: void handleMessage(android.os.Message)>",
						"<android.app.ActivityThread: void handleRequestAssistContextExtras(android.app.ActivityThread$RequestAssistContextExtras)>",
						"<android.app.assist.AssistStructure: void <init>(android.app.Activity)>",
						"<android.app.assist.AssistStructure$WindowNode: void <init>(android.app.assist.AssistStructure,android.view.ViewRootImpl)>",
						"<android.app.assist.AssistStructure$ViewNodeBuilder: void <init>(android.app.assist.AssistStructure,android.app.assist.AssistStructure$ViewNode,boolean)>",
						"key field: <android.app.assist.AssistStructure$ViewNodeBuilder: boolean mAsync>",
						"<android.app.assist.AssistStructure$ViewNodeBuilder: void asyncCommit()>"
					],
					"depth":8,
					"method":"<android.app.ActivityTransitionState$2: boolean onPreDraw()>",
					"source":"FIELDCALLER"
				},
				{
					"trace":[
						"<android.view.ViewTreeObserver$OnPreDrawListener: boolean onPreDraw()>",
						"<android.app.ExitTransitionCoordinator: void startExit(int,android.content.Intent)>",
						"<android.app.ExitTransitionCoordinator: void delayCancel()>",
						"<android.app.ActivityThread$H: void handleMessage(android.os.Message)>",
						"<android.app.ActivityThread: void handleRequestAssistContextExtras(android.app.ActivityThread$RequestAssistContextExtras)>",
						"<android.app.assist.AssistStructure: void <init>(android.app.Activity)>",
						"<android.app.assist.AssistStructure$WindowNode: void <init>(android.app.assist.AssistStructure,android.view.ViewRootImpl)>",
						"<android.app.assist.AssistStructure$ViewNodeBuilder: void <init>(android.app.assist.AssistStructure,android.app.assist.AssistStructure$ViewNode,boolean)>",
						"key field: <android.app.assist.AssistStructure$ViewNodeBuilder: boolean mAsync>",
						"<android.app.assist.AssistStructure$ViewNodeBuilder: void asyncCommit()>"
					],
					"depth":8,
					"method":"<android.view.ViewTreeObserver$OnPreDrawListener: boolean onPreDraw()>",
					"source":"FIELDCALLER"
				},
				{
					"trace":[
						"<android.app.ActivityTransitionState: boolean startExitBackTransition(android.app.Activity)>",
						"<android.app.ExitTransitionCoordinator: void startExit(int,android.content.Intent)>",
						"<android.app.ExitTransitionCoordinator: void delayCancel()>",
						"<android.app.ActivityThread$H: void handleMessage(android.os.Message)>",
						"<android.app.ActivityThread: void handleRequestAssistContextExtras(android.app.ActivityThread$RequestAssistContextExtras)>",
						"<android.app.assist.AssistStructure: void <init>(android.app.Activity)>",
						"<android.app.assist.AssistStructure$WindowNode: void <init>(android.app.assist.AssistStructure,android.view.ViewRootImpl)>",
						"<android.app.assist.AssistStructure$ViewNodeBuilder: void <init>(android.app.assist.AssistStructure,android.app.assist.AssistStructure$ViewNode,boolean)>",
						"key field: <android.app.assist.AssistStructure$ViewNodeBuilder: boolean mAsync>",
						"<android.app.assist.AssistStructure$ViewNodeBuilder: void asyncCommit()>"
					],
					"depth":8,
					"method":"<android.app.ActivityTransitionState: boolean startExitBackTransition(android.app.Activity)>",
					"source":"FIELDCALLER"
				},
				{
					"trace":[
						"<android.app.ExitTransitionCoordinator$2: void onTransitionEnd(android.transition.Transition)>",
						"<android.app.ExitTransitionCoordinator: void access$100(android.app.ExitTransitionCoordinator)>",
						"<android.app.ExitTransitionCoordinator: void delayCancel()>",
						"<android.app.ActivityThread$H: void handleMessage(android.os.Message)>",
						"<android.app.ActivityThread: void handleRequestAssistContextExtras(android.app.ActivityThread$RequestAssistContextExtras)>",
						"<android.app.assist.AssistStructure: void <init>(android.app.Activity)>",
						"<android.app.assist.AssistStructure$WindowNode: void <init>(android.app.assist.AssistStructure,android.view.ViewRootImpl)>",
						"<android.app.assist.AssistStructure$ViewNodeBuilder: void <init>(android.app.assist.AssistStructure,android.app.assist.AssistStructure$ViewNode,boolean)>",
						"key field: <android.app.assist.AssistStructure$ViewNodeBuilder: boolean mAsync>",
						"<android.app.assist.AssistStructure$ViewNodeBuilder: void asyncCommit()>"
					],
					"depth":8,
					"method":"<android.app.ExitTransitionCoordinator$2: void onTransitionEnd(android.transition.Transition)>",
					"source":"FIELDCALLER"
				},
				{
					"trace":[
						"<android.app.ExitTransitionCoordinator$9: void onTransitionEnd(android.transition.Transition)>",
						"<android.app.ExitTransitionCoordinator: void access$100(android.app.ExitTransitionCoordinator)>",
						"<android.app.ExitTransitionCoordinator: void delayCancel()>",
						"<android.app.ActivityThread$H: void handleMessage(android.os.Message)>",
						"<android.app.ActivityThread: void handleRequestAssistContextExtras(android.app.ActivityThread$RequestAssistContextExtras)>",
						"<android.app.assist.AssistStructure: void <init>(android.app.Activity)>",
						"<android.app.assist.AssistStructure$WindowNode: void <init>(android.app.assist.AssistStructure,android.view.ViewRootImpl)>",
						"<android.app.assist.AssistStructure$ViewNodeBuilder: void <init>(android.app.assist.AssistStructure,android.app.assist.AssistStructure$ViewNode,boolean)>",
						"key field: <android.app.assist.AssistStructure$ViewNodeBuilder: boolean mAsync>",
						"<android.app.assist.AssistStructure$ViewNodeBuilder: void asyncCommit()>"
					],
					"depth":8,
					"method":"<android.app.ExitTransitionCoordinator$9: void onTransitionEnd(android.transition.Transition)>",
					"source":"FIELDCALLER"
				}
			],
			"callerOfSingnlar2SourceVar":{}
		}
	]
}