{
	"exceptions":[
		{
			"method":"<android.hardware.camera2.impl.CameraCaptureSessionImpl$2: void onOpened(android.hardware.camera2.CameraDevice)>",
			"message":"\\QCamera must already be open before creating a session\\E",
			"relatedVarType":"Empty",
			"relatedCondType":"Empty",
			"modifier":"public",
			"type":"java.lang.AssertionError",
			"osVersionRelated":false,
			"resourceRelated":false,
			"assessRelated":false,
			"hardwareRelated":true,
			"manifestRelated":false,
			"keyAPISameClassNum":0,
			"keyAPIDiffClassNum":0,
			"keyAPISameClass":[],
			"keyAPIDiffClass":[],
			"callerOfSingnlar2SourceVar":{}
		}
	]
}