{
	"exceptions":[
		{
			"method":"<android.graphics.drawable.shapes.RoundRectShape: void <init>(float[],android.graphics.RectF,float[])>",
			"message":"\\Qinner radii must have >= 8 values\\E",
			"relatedVarType":"Parameter",
			"relatedCondType":"Basic",
			"modifier":"public",
			"type":"java.lang.ArrayIndexOutOfBoundsException",
			"osVersionRelated":false,
			"resourceRelated":false,
			"assessRelated":false,
			"hardwareRelated":false,
			"manifestRelated":false,
			"conditions":"$i0 >= 8, r2 == null, r1 == null",
			"paramValues":"@parameter2: float[], @parameter0: float[]",
			"relatedValues":"@parameter2: float[], @parameter0: float[]; ; ",
			"keyAPISameClassNum":0,
			"keyAPIDiffClassNum":0,
			"keyAPISameClass":[
				{
					"trace":[
						"<android.graphics.drawable.shapes.RoundRectShape: void <init>(float[],android.graphics.RectF,float[])>"
					],
					"depth":0,
					"method":"<android.graphics.drawable.shapes.RoundRectShape: void <init>(float[],android.graphics.RectF,float[])>",
					"source":"CALLER"
				}
			],
			"keyAPIDiffClass":[
				{
					"trace":[
						"<android.graphics.drawable.PaintDrawable: void setCornerRadii(float[])>",
						"<android.graphics.drawable.shapes.RoundRectShape: void <init>(float[],android.graphics.RectF,float[])>"
					],
					"depth":1,
					"method":"<android.graphics.drawable.PaintDrawable: void setCornerRadii(float[])>",
					"source":"CALLER"
				}
			],
			"callerOfSingnlar2SourceVar":{
				"<android.graphics.drawable.shapes.RoundRectShape: void <init>(float[],android.graphics.RectF,float[])>":"2, 0",
				"<android.graphics.drawable.PaintDrawable: void setCornerRadii(float[])>":"0"
			}
		},
		{
			"method":"<android.graphics.drawable.shapes.RoundRectShape: void <init>(float[],android.graphics.RectF,float[])>",
			"message":"\\Qouter radii must have >= 8 values\\E",
			"relatedVarType":"Parameter",
			"relatedCondType":"Basic",
			"modifier":"public",
			"type":"java.lang.ArrayIndexOutOfBoundsException",
			"osVersionRelated":false,
			"resourceRelated":false,
			"assessRelated":false,
			"hardwareRelated":false,
			"manifestRelated":false,
			"conditions":"$i1 >= 8, r1 == null",
			"paramValues":"@parameter0: float[]",
			"relatedValues":"@parameter0: float[]; ; ",
			"keyAPISameClassNum":0,
			"keyAPIDiffClassNum":0,
			"keyAPISameClass":[
				{
					"trace":[
						"<android.graphics.drawable.shapes.RoundRectShape: void <init>(float[],android.graphics.RectF,float[])>"
					],
					"depth":0,
					"method":"<android.graphics.drawable.shapes.RoundRectShape: void <init>(float[],android.graphics.RectF,float[])>",
					"source":"CALLER"
				}
			],
			"keyAPIDiffClass":[
				{
					"trace":[
						"<android.graphics.drawable.PaintDrawable: void setCornerRadii(float[])>",
						"<android.graphics.drawable.shapes.RoundRectShape: void <init>(float[],android.graphics.RectF,float[])>"
					],
					"depth":1,
					"method":"<android.graphics.drawable.PaintDrawable: void setCornerRadii(float[])>",
					"source":"CALLER"
				}
			],
			"callerOfSingnlar2SourceVar":{
				"<android.graphics.drawable.shapes.RoundRectShape: void <init>(float[],android.graphics.RectF,float[])>":"0",
				"<android.graphics.drawable.PaintDrawable: void setCornerRadii(float[])>":"0"
			}
		}
	]
}