{
	"exceptions":[
		{
			"method":"<android.animation.PathKeyframes: void <init>(android.graphics.Path,float)>",
			"message":"\\QThe path must not be null or empty\\E",
			"relatedVarType":"Parameter",
			"relatedCondType":"Basic",
			"modifier":"public",
			"type":"java.lang.IllegalArgumentException",
			"osVersionRelated":false,
			"resourceRelated":false,
			"assessRelated":false,
			"hardwareRelated":false,
			"manifestRelated":false,
			"conditions":"r2 == null, $z0 == 0",
			"paramValues":"@parameter0: android.graphics.Path",
			"relatedValues":"@parameter0: android.graphics.Path; ; ",
			"keyAPISameClassNum":0,
			"keyAPIDiffClassNum":0,
			"keyAPISameClass":[
				{
					"trace":[
						"<android.animation.PathKeyframes: void <init>(android.graphics.Path,float)>"
					],
					"depth":0,
					"method":"<android.animation.PathKeyframes: void <init>(android.graphics.Path,float)>",
					"source":"CALLER"
				},
				{
					"trace":[
						"<android.animation.PathKeyframes: void <init>(android.graphics.Path)>",
						"<android.animation.PathKeyframes: void <init>(android.graphics.Path,float)>"
					],
					"depth":1,
					"method":"<android.animation.PathKeyframes: void <init>(android.graphics.Path)>",
					"source":"CALLER"
				}
			],
			"keyAPIDiffClass":[
				{
					"trace":[
						"<android.animation.KeyframeSet: android.animation.PathKeyframes ofPath(android.graphics.Path,float)>",
						"<android.animation.PathKeyframes: void <init>(android.graphics.Path,float)>"
					],
					"depth":1,
					"method":"<android.animation.KeyframeSet: android.animation.PathKeyframes ofPath(android.graphics.Path,float)>",
					"source":"CALLER"
				},
				{
					"trace":[
						"<android.animation.KeyframeSet: android.animation.PathKeyframes ofPath(android.graphics.Path)>",
						"<android.animation.PathKeyframes: void <init>(android.graphics.Path)>",
						"<android.animation.PathKeyframes: void <init>(android.graphics.Path,float)>"
					],
					"depth":2,
					"method":"<android.animation.KeyframeSet: android.animation.PathKeyframes ofPath(android.graphics.Path)>",
					"source":"CALLER"
				},
				{
					"trace":[
						"<android.animation.PropertyValuesHolder: android.animation.PropertyValuesHolder ofObject(android.util.Property,android.animation.TypeConverter,android.graphics.Path)>",
						"<android.animation.KeyframeSet: android.animation.PathKeyframes ofPath(android.graphics.Path)>",
						"<android.animation.PathKeyframes: void <init>(android.graphics.Path)>",
						"<android.animation.PathKeyframes: void <init>(android.graphics.Path,float)>"
					],
					"depth":3,
					"method":"<android.animation.PropertyValuesHolder: android.animation.PropertyValuesHolder ofObject(android.util.Property,android.animation.TypeConverter,android.graphics.Path)>",
					"source":"CALLER"
				},
				{
					"trace":[
						"<android.animation.ObjectAnimator: android.animation.ObjectAnimator ofFloat(java.lang.Object,java.lang.String,java.lang.String,android.graphics.Path)>",
						"<android.animation.KeyframeSet: android.animation.PathKeyframes ofPath(android.graphics.Path)>",
						"<android.animation.PathKeyframes: void <init>(android.graphics.Path)>",
						"<android.animation.PathKeyframes: void <init>(android.graphics.Path,float)>"
					],
					"depth":3,
					"method":"<android.animation.ObjectAnimator: android.animation.ObjectAnimator ofFloat(java.lang.Object,java.lang.String,java.lang.String,android.graphics.Path)>",
					"source":"CALLER"
				},
				{
					"trace":[
						"<android.animation.ObjectAnimator: android.animation.ObjectAnimator ofInt(java.lang.Object,android.util.Property,android.util.Property,android.graphics.Path)>",
						"<android.animation.KeyframeSet: android.animation.PathKeyframes ofPath(android.graphics.Path)>",
						"<android.animation.PathKeyframes: void <init>(android.graphics.Path)>",
						"<android.animation.PathKeyframes: void <init>(android.graphics.Path,float)>"
					],
					"depth":3,
					"method":"<android.animation.ObjectAnimator: android.animation.ObjectAnimator ofInt(java.lang.Object,android.util.Property,android.util.Property,android.graphics.Path)>",
					"source":"CALLER"
				},
				{
					"trace":[
						"<android.animation.ObjectAnimator: android.animation.ObjectAnimator ofInt(java.lang.Object,java.lang.String,java.lang.String,android.graphics.Path)>",
						"<android.animation.KeyframeSet: android.animation.PathKeyframes ofPath(android.graphics.Path)>",
						"<android.animation.PathKeyframes: void <init>(android.graphics.Path)>",
						"<android.animation.PathKeyframes: void <init>(android.graphics.Path,float)>"
					],
					"depth":3,
					"method":"<android.animation.ObjectAnimator: android.animation.ObjectAnimator ofInt(java.lang.Object,java.lang.String,java.lang.String,android.graphics.Path)>",
					"source":"CALLER"
				},
				{
					"trace":[
						"<android.animation.PropertyValuesHolder: android.animation.PropertyValuesHolder ofObject(java.lang.String,android.animation.TypeConverter,android.graphics.Path)>",
						"<android.animation.KeyframeSet: android.animation.PathKeyframes ofPath(android.graphics.Path)>",
						"<android.animation.PathKeyframes: void <init>(android.graphics.Path)>",
						"<android.animation.PathKeyframes: void <init>(android.graphics.Path,float)>"
					],
					"depth":3,
					"method":"<android.animation.PropertyValuesHolder: android.animation.PropertyValuesHolder ofObject(java.lang.String,android.animation.TypeConverter,android.graphics.Path)>",
					"source":"CALLER"
				},
				{
					"trace":[
						"<android.animation.PropertyValuesHolder: android.animation.PropertyValuesHolder ofMultiFloat(java.lang.String,android.graphics.Path)>",
						"<android.animation.KeyframeSet: android.animation.PathKeyframes ofPath(android.graphics.Path)>",
						"<android.animation.PathKeyframes: void <init>(android.graphics.Path)>",
						"<android.animation.PathKeyframes: void <init>(android.graphics.Path,float)>"
					],
					"depth":3,
					"method":"<android.animation.PropertyValuesHolder: android.animation.PropertyValuesHolder ofMultiFloat(java.lang.String,android.graphics.Path)>",
					"source":"CALLER"
				},
				{
					"trace":[
						"<android.animation.PropertyValuesHolder: android.animation.PropertyValuesHolder ofMultiInt(java.lang.String,android.graphics.Path)>",
						"<android.animation.KeyframeSet: android.animation.PathKeyframes ofPath(android.graphics.Path)>",
						"<android.animation.PathKeyframes: void <init>(android.graphics.Path)>",
						"<android.animation.PathKeyframes: void <init>(android.graphics.Path,float)>"
					],
					"depth":3,
					"method":"<android.animation.PropertyValuesHolder: android.animation.PropertyValuesHolder ofMultiInt(java.lang.String,android.graphics.Path)>",
					"source":"CALLER"
				},
				{
					"trace":[
						"<android.animation.ObjectAnimator: android.animation.ObjectAnimator ofFloat(java.lang.Object,android.util.Property,android.util.Property,android.graphics.Path)>",
						"<android.animation.KeyframeSet: android.animation.PathKeyframes ofPath(android.graphics.Path)>",
						"<android.animation.PathKeyframes: void <init>(android.graphics.Path)>",
						"<android.animation.PathKeyframes: void <init>(android.graphics.Path,float)>"
					],
					"depth":3,
					"method":"<android.animation.ObjectAnimator: android.animation.ObjectAnimator ofFloat(java.lang.Object,android.util.Property,android.util.Property,android.graphics.Path)>",
					"source":"CALLER"
				},
				{
					"trace":[
						"<android.animation.ObjectAnimator: android.animation.ObjectAnimator ofObject(java.lang.Object,android.util.Property,android.animation.TypeConverter,android.graphics.Path)>",
						"<android.animation.PropertyValuesHolder: android.animation.PropertyValuesHolder ofObject(android.util.Property,android.animation.TypeConverter,android.graphics.Path)>",
						"<android.animation.KeyframeSet: android.animation.PathKeyframes ofPath(android.graphics.Path)>",
						"<android.animation.PathKeyframes: void <init>(android.graphics.Path)>",
						"<android.animation.PathKeyframes: void <init>(android.graphics.Path,float)>"
					],
					"depth":4,
					"method":"<android.animation.ObjectAnimator: android.animation.ObjectAnimator ofObject(java.lang.Object,android.util.Property,android.animation.TypeConverter,android.graphics.Path)>",
					"source":"CALLER"
				},
				{
					"trace":[
						"<android.animation.ObjectAnimator: android.animation.ObjectAnimator ofObject(java.lang.Object,java.lang.String,android.animation.TypeConverter,android.graphics.Path)>",
						"<android.animation.PropertyValuesHolder: android.animation.PropertyValuesHolder ofObject(java.lang.String,android.animation.TypeConverter,android.graphics.Path)>",
						"<android.animation.KeyframeSet: android.animation.PathKeyframes ofPath(android.graphics.Path)>",
						"<android.animation.PathKeyframes: void <init>(android.graphics.Path)>",
						"<android.animation.PathKeyframes: void <init>(android.graphics.Path,float)>"
					],
					"depth":4,
					"method":"<android.animation.ObjectAnimator: android.animation.ObjectAnimator ofObject(java.lang.Object,java.lang.String,android.animation.TypeConverter,android.graphics.Path)>",
					"source":"CALLER"
				},
				{
					"trace":[
						"<android.animation.ObjectAnimator: android.animation.ObjectAnimator ofMultiFloat(java.lang.Object,java.lang.String,android.graphics.Path)>",
						"<android.animation.PropertyValuesHolder: android.animation.PropertyValuesHolder ofMultiFloat(java.lang.String,android.graphics.Path)>",
						"<android.animation.KeyframeSet: android.animation.PathKeyframes ofPath(android.graphics.Path)>",
						"<android.animation.PathKeyframes: void <init>(android.graphics.Path)>",
						"<android.animation.PathKeyframes: void <init>(android.graphics.Path,float)>"
					],
					"depth":4,
					"method":"<android.animation.ObjectAnimator: android.animation.ObjectAnimator ofMultiFloat(java.lang.Object,java.lang.String,android.graphics.Path)>",
					"source":"CALLER"
				},
				{
					"trace":[
						"<android.animation.ObjectAnimator: android.animation.ObjectAnimator ofMultiInt(java.lang.Object,java.lang.String,android.graphics.Path)>",
						"<android.animation.PropertyValuesHolder: android.animation.PropertyValuesHolder ofMultiInt(java.lang.String,android.graphics.Path)>",
						"<android.animation.KeyframeSet: android.animation.PathKeyframes ofPath(android.graphics.Path)>",
						"<android.animation.PathKeyframes: void <init>(android.graphics.Path)>",
						"<android.animation.PathKeyframes: void <init>(android.graphics.Path,float)>"
					],
					"depth":4,
					"method":"<android.animation.ObjectAnimator: android.animation.ObjectAnimator ofMultiInt(java.lang.Object,java.lang.String,android.graphics.Path)>",
					"source":"CALLER"
				},
				{
					"trace":[
						"<android.animation.AnimatorInflater: android.animation.Animator loadAnimator(android.content.res.Resources,android.content.res.Resources$Theme,int,float)>",
						"<android.animation.AnimatorInflater: android.animation.Animator createAnimatorFromXml(android.content.res.Resources,android.content.res.Resources$Theme,org.xmlpull.v1.XmlPullParser,float)>",
						"<android.animation.AnimatorInflater: android.animation.Animator createAnimatorFromXml(android.content.res.Resources,android.content.res.Resources$Theme,org.xmlpull.v1.XmlPullParser,android.util.AttributeSet,android.animation.AnimatorSet,int,float)>",
						"<android.animation.AnimatorInflater: android.animation.ValueAnimator loadAnimator(android.content.res.Resources,android.content.res.Resources$Theme,android.util.AttributeSet,android.animation.ValueAnimator,float)>",
						"<android.animation.AnimatorInflater: void parseAnimatorFromTypeArray(android.animation.ValueAnimator,android.content.res.TypedArray,android.content.res.TypedArray,float)>",
						"<android.animation.AnimatorInflater: void setupObjectAnimator(android.animation.ValueAnimator,android.content.res.TypedArray,boolean,float)>",
						"<android.animation.KeyframeSet: android.animation.PathKeyframes ofPath(android.graphics.Path,float)>",
						"<android.animation.PathKeyframes: void <init>(android.graphics.Path,float)>"
					],
					"depth":7,
					"method":"<android.animation.AnimatorInflater: android.animation.Animator loadAnimator(android.content.res.Resources,android.content.res.Resources$Theme,int,float)>",
					"source":"CALLER"
				},
				{
					"trace":[
						"<android.animation.AnimatorInflater: android.animation.Animator loadAnimator(android.content.res.Resources,android.content.res.Resources$Theme,int)>",
						"<android.animation.AnimatorInflater: android.animation.Animator loadAnimator(android.content.res.Resources,android.content.res.Resources$Theme,int,float)>",
						"<android.animation.AnimatorInflater: android.animation.Animator createAnimatorFromXml(android.content.res.Resources,android.content.res.Resources$Theme,org.xmlpull.v1.XmlPullParser,float)>",
						"<android.animation.AnimatorInflater: android.animation.Animator createAnimatorFromXml(android.content.res.Resources,android.content.res.Resources$Theme,org.xmlpull.v1.XmlPullParser,android.util.AttributeSet,android.animation.AnimatorSet,int,float)>",
						"<android.animation.AnimatorInflater: android.animation.ValueAnimator loadAnimator(android.content.res.Resources,android.content.res.Resources$Theme,android.util.AttributeSet,android.animation.ValueAnimator,float)>",
						"<android.animation.AnimatorInflater: void parseAnimatorFromTypeArray(android.animation.ValueAnimator,android.content.res.TypedArray,android.content.res.TypedArray,float)>",
						"<android.animation.AnimatorInflater: void setupObjectAnimator(android.animation.ValueAnimator,android.content.res.TypedArray,boolean,float)>",
						"<android.animation.KeyframeSet: android.animation.PathKeyframes ofPath(android.graphics.Path,float)>",
						"<android.animation.PathKeyframes: void <init>(android.graphics.Path,float)>"
					],
					"depth":8,
					"method":"<android.animation.AnimatorInflater: android.animation.Animator loadAnimator(android.content.res.Resources,android.content.res.Resources$Theme,int)>",
					"source":"CALLER"
				},
				{
					"trace":[
						"<android.animation.AnimatorInflater: android.animation.StateListAnimator loadStateListAnimator(android.content.Context,int)>",
						"<android.animation.AnimatorInflater: android.animation.StateListAnimator createStateListAnimatorFromXml(android.content.Context,org.xmlpull.v1.XmlPullParser,android.util.AttributeSet)>",
						"<android.animation.AnimatorInflater: android.animation.Animator createAnimatorFromXml(android.content.res.Resources,android.content.res.Resources$Theme,org.xmlpull.v1.XmlPullParser,float)>",
						"<android.animation.AnimatorInflater: android.animation.Animator createAnimatorFromXml(android.content.res.Resources,android.content.res.Resources$Theme,org.xmlpull.v1.XmlPullParser,android.util.AttributeSet,android.animation.AnimatorSet,int,float)>",
						"<android.animation.AnimatorInflater: android.animation.ValueAnimator loadAnimator(android.content.res.Resources,android.content.res.Resources$Theme,android.util.AttributeSet,android.animation.ValueAnimator,float)>",
						"<android.animation.AnimatorInflater: void parseAnimatorFromTypeArray(android.animation.ValueAnimator,android.content.res.TypedArray,android.content.res.TypedArray,float)>",
						"<android.animation.AnimatorInflater: void setupObjectAnimator(android.animation.ValueAnimator,android.content.res.TypedArray,boolean,float)>",
						"<android.animation.KeyframeSet: android.animation.PathKeyframes ofPath(android.graphics.Path,float)>",
						"<android.animation.PathKeyframes: void <init>(android.graphics.Path,float)>"
					],
					"depth":8,
					"method":"<android.animation.AnimatorInflater: android.animation.StateListAnimator loadStateListAnimator(android.content.Context,int)>",
					"source":"CALLER"
				}
			],
			"callerOfSingnlar2SourceVar":{
				"<android.animation.PropertyValuesHolder: android.animation.PropertyValuesHolder ofMultiFloat(java.lang.String,android.graphics.Path)>":"1",
				"<android.animation.ObjectAnimator: android.animation.ObjectAnimator ofFloat(java.lang.Object,android.util.Property,android.util.Property,android.graphics.Path)>":"3",
				"<android.animation.PathKeyframes: void <init>(android.graphics.Path,float)>":"0",
				"<android.animation.PathKeyframes: void <init>(android.graphics.Path)>":"0",
				"<android.animation.PropertyValuesHolder: android.animation.PropertyValuesHolder ofObject(android.util.Property,android.animation.TypeConverter,android.graphics.Path)>":"2",
				"<android.animation.KeyframeSet: android.animation.PathKeyframes ofPath(android.graphics.Path,float)>":"0",
				"<android.animation.PropertyValuesHolder: android.animation.PropertyValuesHolder ofObject(java.lang.String,android.animation.TypeConverter,android.graphics.Path)>":"2",
				"<android.animation.ObjectAnimator: android.animation.ObjectAnimator ofFloat(java.lang.Object,java.lang.String,java.lang.String,android.graphics.Path)>":"3",
				"<android.animation.PropertyValuesHolder: android.animation.PropertyValuesHolder ofMultiInt(java.lang.String,android.graphics.Path)>":"1",
				"<android.animation.ObjectAnimator: android.animation.ObjectAnimator ofObject(java.lang.Object,android.util.Property,android.animation.TypeConverter,android.graphics.Path)>":"3",
				"<android.animation.KeyframeSet: android.animation.PathKeyframes ofPath(android.graphics.Path)>":"0",
				"<android.animation.ObjectAnimator: android.animation.ObjectAnimator ofMultiFloat(java.lang.Object,java.lang.String,android.graphics.Path)>":"2",
				"<android.animation.ObjectAnimator: android.animation.ObjectAnimator ofInt(java.lang.Object,java.lang.String,java.lang.String,android.graphics.Path)>":"3",
				"<android.animation.ObjectAnimator: android.animation.ObjectAnimator ofObject(java.lang.Object,java.lang.String,android.animation.TypeConverter,android.graphics.Path)>":"3",
				"<android.animation.ObjectAnimator: android.animation.ObjectAnimator ofInt(java.lang.Object,android.util.Property,android.util.Property,android.graphics.Path)>":"3",
				"<android.animation.ObjectAnimator: android.animation.ObjectAnimator ofMultiInt(java.lang.Object,java.lang.String,android.graphics.Path)>":"2"
			}
		}
	]
}