{
	"exceptions":[
		{
			"method":"<android.filterfw.core.FilterPort: void assertPortIsOpen()>",
			"message":"\\QIllegal operation on closed \\E[\\s\\S]*\\Q!\\E",
			"relatedVarType":"Unknown",
			"relatedCondType":"Basic",
			"modifier":"protected",
			"type":"java.lang.RuntimeException",
			"osVersionRelated":false,
			"resourceRelated":false,
			"assessRelated":false,
			"hardwareRelated":false,
			"manifestRelated":false,
			"conditions":"$z0 != 0",
			"keyAPISameClassNum":0,
			"keyAPIDiffClassNum":0,
			"keyAPISameClass":[],
			"keyAPIDiffClass":[],
			"callerOfSingnlar2SourceVar":{}
		},
		{
			"method":"<android.filterfw.core.FilterPort: void checkFrameType(android.filterfw.core.Frame,boolean)>",
			"message":"\\QFrame passed to \\E[\\s\\S]*\\Q is of incorrect type! Expected \\E[\\s\\S]*\\Q but got \\E[\\s\\S]*",
			"relatedVarType":"ParaAndField",
			"relatedCondType":"Basic",
			"modifier":"protected",
			"type":"java.lang.RuntimeException",
			"osVersionRelated":false,
			"resourceRelated":false,
			"assessRelated":false,
			"hardwareRelated":false,
			"manifestRelated":false,
			"conditions":"$z1 != 0, $r1 == null, $z0 != 0",
			"paramValues":"@parameter0: android.filterfw.core.Frame",
			"fieldValues":"<android.filterfw.core.FilterPort: android.filterfw.core.FrameFormat mPortFormat>, <android.filterfw.core.FilterPort: boolean mChecksType>",
			"relatedValues":"@parameter0: android.filterfw.core.Frame; <android.filterfw.core.FilterPort: android.filterfw.core.FrameFormat mPortFormat>, <android.filterfw.core.FilterPort: boolean mChecksType>; ",
			"keyAPISameClassNum":3,
			"keyAPIDiffClassNum":28,
			"keyAPISameClass":[
				{
					"trace":[
						"<android.filterfw.core.FilterPort: void checkFrameType(android.filterfw.core.Frame,boolean)>"
					],
					"depth":1,
					"method":"<android.filterfw.core.FilterPort: void setPortFormat(android.filterfw.core.FrameFormat)>",
					"source":"FIELD"
				},
				{
					"trace":[
						"<android.filterfw.core.FilterPort: void checkFrameType(android.filterfw.core.Frame,boolean)>"
					],
					"depth":1,
					"method":"<android.filterfw.core.FilterPort: void <init>(android.filterfw.core.Filter,java.lang.String)>",
					"source":"FIELD"
				},
				{
					"trace":[
						"<android.filterfw.core.FilterPort: void checkFrameType(android.filterfw.core.Frame,boolean)>"
					],
					"depth":1,
					"method":"<android.filterfw.core.FilterPort: void setChecksType(boolean)>",
					"source":"FIELD"
				}
			],
			"keyAPIDiffClass":[
				{
					"trace":[
						"<android.filterfw.core.OutputPort: void <init>(android.filterfw.core.Filter,java.lang.String)>",
						"<android.filterfw.core.FilterPort: void <init>(android.filterfw.core.Filter,java.lang.String)>",
						"key field: <android.filterfw.core.FilterPort: boolean mChecksType>",
						"<android.filterfw.core.FilterPort: void checkFrameType(android.filterfw.core.Frame,boolean)>"
					],
					"depth":2,
					"method":"<android.filterfw.core.OutputPort: void <init>(android.filterfw.core.Filter,java.lang.String)>",
					"source":"FIELDCALLER"
				},
				{
					"trace":[
						"<android.filterfw.core.InputPort: void <init>(android.filterfw.core.Filter,java.lang.String)>",
						"<android.filterfw.core.FilterPort: void <init>(android.filterfw.core.Filter,java.lang.String)>",
						"key field: <android.filterfw.core.FilterPort: boolean mChecksType>",
						"<android.filterfw.core.FilterPort: void checkFrameType(android.filterfw.core.Frame,boolean)>"
					],
					"depth":2,
					"method":"<android.filterfw.core.InputPort: void <init>(android.filterfw.core.Filter,java.lang.String)>",
					"source":"FIELDCALLER"
				},
				{
					"trace":[
						"<android.filterfw.core.Filter: void setupPorts()>",
						"<android.filterfw.core.Filter: void addProgramPort(java.lang.String,java.lang.String,java.lang.reflect.Field,java.lang.Class,boolean)>",
						"<android.filterfw.core.FilterPort: void setPortFormat(android.filterfw.core.FrameFormat)>",
						"key field: <android.filterfw.core.FilterPort: android.filterfw.core.FrameFormat mPortFormat>",
						"<android.filterfw.core.FilterPort: void checkFrameType(android.filterfw.core.Frame,boolean)>"
					],
					"depth":3,
					"method":"<android.filterfw.core.Filter: void setupPorts()>",
					"source":"FIELDCALLER"
				},
				{
					"trace":[
						"<android.filterfw.core.FieldPort: void pushFrame(android.filterfw.core.Frame)>",
						"<android.filterfw.core.FieldPort: void setFieldFrame(android.filterfw.core.Frame,boolean)>",
						"<android.filterfw.core.FilterPort: void checkFrameType(android.filterfw.core.Frame,boolean)>",
						"key field: <android.filterfw.core.FilterPort: android.filterfw.core.FrameFormat mPortFormat>",
						"<android.filterfw.core.FilterPort: void checkFrameType(android.filterfw.core.Frame,boolean)>"
					],
					"depth":3,
					"method":"<android.filterfw.core.FieldPort: void pushFrame(android.filterfw.core.Frame)>",
					"source":"FIELDCALLER"
				},
				{
					"trace":[
						"<android.filterfw.core.FilterPort: void pushFrame(android.filterfw.core.Frame)>",
						"<android.filterfw.core.FieldPort: void setFieldFrame(android.filterfw.core.Frame,boolean)>",
						"<android.filterfw.core.FilterPort: void checkFrameType(android.filterfw.core.Frame,boolean)>",
						"key field: <android.filterfw.core.FilterPort: android.filterfw.core.FrameFormat mPortFormat>",
						"<android.filterfw.core.FilterPort: void checkFrameType(android.filterfw.core.Frame,boolean)>"
					],
					"depth":3,
					"method":"<android.filterfw.core.FilterPort: void pushFrame(android.filterfw.core.Frame)>",
					"source":"FIELDCALLER"
				},
				{
					"trace":[
						"<android.filterfw.core.FieldPort: void setFrame(android.filterfw.core.Frame)>",
						"<android.filterfw.core.FieldPort: void setFieldFrame(android.filterfw.core.Frame,boolean)>",
						"<android.filterfw.core.FilterPort: void checkFrameType(android.filterfw.core.Frame,boolean)>",
						"key field: <android.filterfw.core.FilterPort: android.filterfw.core.FrameFormat mPortFormat>",
						"<android.filterfw.core.FilterPort: void checkFrameType(android.filterfw.core.Frame,boolean)>"
					],
					"depth":3,
					"method":"<android.filterfw.core.FieldPort: void setFrame(android.filterfw.core.Frame)>",
					"source":"FIELDCALLER"
				},
				{
					"trace":[
						"<android.filterfw.core.FilterPort: void setFrame(android.filterfw.core.Frame)>",
						"<android.filterfw.core.FieldPort: void setFieldFrame(android.filterfw.core.Frame,boolean)>",
						"<android.filterfw.core.FilterPort: void checkFrameType(android.filterfw.core.Frame,boolean)>",
						"key field: <android.filterfw.core.FilterPort: android.filterfw.core.FrameFormat mPortFormat>",
						"<android.filterfw.core.FilterPort: void checkFrameType(android.filterfw.core.Frame,boolean)>"
					],
					"depth":3,
					"method":"<android.filterfw.core.FilterPort: void setFrame(android.filterfw.core.Frame)>",
					"source":"FIELDCALLER"
				},
				{
					"trace":[
						"<android.filterfw.core.StreamPort: void setFrame(android.filterfw.core.Frame)>",
						"<android.filterfw.core.StreamPort: void assignFrame(android.filterfw.core.Frame,boolean)>",
						"<android.filterfw.core.FilterPort: void checkFrameType(android.filterfw.core.Frame,boolean)>",
						"key field: <android.filterfw.core.FilterPort: android.filterfw.core.FrameFormat mPortFormat>",
						"<android.filterfw.core.FilterPort: void checkFrameType(android.filterfw.core.Frame,boolean)>"
					],
					"depth":3,
					"method":"<android.filterfw.core.StreamPort: void setFrame(android.filterfw.core.Frame)>",
					"source":"FIELDCALLER"
				},
				{
					"trace":[
						"<android.filterfw.core.StreamPort: void pushFrame(android.filterfw.core.Frame)>",
						"<android.filterfw.core.StreamPort: void assignFrame(android.filterfw.core.Frame,boolean)>",
						"<android.filterfw.core.FilterPort: void checkFrameType(android.filterfw.core.Frame,boolean)>",
						"key field: <android.filterfw.core.FilterPort: android.filterfw.core.FrameFormat mPortFormat>",
						"<android.filterfw.core.FilterPort: void checkFrameType(android.filterfw.core.Frame,boolean)>"
					],
					"depth":3,
					"method":"<android.filterfw.core.StreamPort: void pushFrame(android.filterfw.core.Frame)>",
					"source":"FIELDCALLER"
				},
				{
					"trace":[
						"<android.filterfw.core.FieldPort: void <init>(android.filterfw.core.Filter,java.lang.String,java.lang.reflect.Field,boolean)>",
						"<android.filterfw.core.InputPort: void <init>(android.filterfw.core.Filter,java.lang.String)>",
						"<android.filterfw.core.FilterPort: void <init>(android.filterfw.core.Filter,java.lang.String)>",
						"key field: <android.filterfw.core.FilterPort: boolean mChecksType>",
						"<android.filterfw.core.FilterPort: void checkFrameType(android.filterfw.core.Frame,boolean)>"
					],
					"depth":3,
					"method":"<android.filterfw.core.FieldPort: void <init>(android.filterfw.core.Filter,java.lang.String,java.lang.reflect.Field,boolean)>",
					"source":"FIELDCALLER"
				},
				{
					"trace":[
						"<android.filterfw.core.StreamPort: void <init>(android.filterfw.core.Filter,java.lang.String)>",
						"<android.filterfw.core.InputPort: void <init>(android.filterfw.core.Filter,java.lang.String)>",
						"<android.filterfw.core.FilterPort: void <init>(android.filterfw.core.Filter,java.lang.String)>",
						"key field: <android.filterfw.core.FilterPort: boolean mChecksType>",
						"<android.filterfw.core.FilterPort: void checkFrameType(android.filterfw.core.Frame,boolean)>"
					],
					"depth":3,
					"method":"<android.filterfw.core.StreamPort: void <init>(android.filterfw.core.Filter,java.lang.String)>",
					"source":"FIELDCALLER"
				},
				{
					"trace":[
						"<android.filterfw.core.FinalPort: void <init>(android.filterfw.core.Filter,java.lang.String,java.lang.reflect.Field,boolean)>",
						"<android.filterfw.core.FieldPort: void <init>(android.filterfw.core.Filter,java.lang.String,java.lang.reflect.Field,boolean)>",
						"<android.filterfw.core.InputPort: void <init>(android.filterfw.core.Filter,java.lang.String)>",
						"<android.filterfw.core.FilterPort: void <init>(android.filterfw.core.Filter,java.lang.String)>",
						"key field: <android.filterfw.core.FilterPort: boolean mChecksType>",
						"<android.filterfw.core.FilterPort: void checkFrameType(android.filterfw.core.Frame,boolean)>"
					],
					"depth":4,
					"method":"<android.filterfw.core.FinalPort: void <init>(android.filterfw.core.Filter,java.lang.String,java.lang.reflect.Field,boolean)>",
					"source":"FIELDCALLER"
				},
				{
					"trace":[
						"<android.filterfw.core.ProgramPort: void <init>(android.filterfw.core.Filter,java.lang.String,java.lang.String,java.lang.reflect.Field,boolean)>",
						"<android.filterfw.core.FieldPort: void <init>(android.filterfw.core.Filter,java.lang.String,java.lang.reflect.Field,boolean)>",
						"<android.filterfw.core.InputPort: void <init>(android.filterfw.core.Filter,java.lang.String)>",
						"<android.filterfw.core.FilterPort: void <init>(android.filterfw.core.Filter,java.lang.String)>",
						"key field: <android.filterfw.core.FilterPort: boolean mChecksType>",
						"<android.filterfw.core.FilterPort: void checkFrameType(android.filterfw.core.Frame,boolean)>"
					],
					"depth":4,
					"method":"<android.filterfw.core.ProgramPort: void <init>(android.filterfw.core.Filter,java.lang.String,java.lang.String,java.lang.reflect.Field,boolean)>",
					"source":"FIELDCALLER"
				},
				{
					"trace":[
						"<android.filterfw.core.FilterFunction$FrameHolderPort: void <init>(android.filterfw.core.FilterFunction)>",
						"<android.filterfw.core.StreamPort: void <init>(android.filterfw.core.Filter,java.lang.String)>",
						"<android.filterfw.core.InputPort: void <init>(android.filterfw.core.Filter,java.lang.String)>",
						"<android.filterfw.core.FilterPort: void <init>(android.filterfw.core.Filter,java.lang.String)>",
						"key field: <android.filterfw.core.FilterPort: boolean mChecksType>",
						"<android.filterfw.core.FilterPort: void checkFrameType(android.filterfw.core.Frame,boolean)>"
					],
					"depth":4,
					"method":"<android.filterfw.core.FilterFunction$FrameHolderPort: void <init>(android.filterfw.core.FilterFunction)>",
					"source":"FIELDCALLER"
				},
				{
					"trace":[
						"<android.filterfw.core.SyncRunner: void <init>(android.filterfw.core.FilterContext,android.filterfw.core.FilterGraph,java.lang.Class)>",
						"<android.filterfw.core.FilterGraph: void setupFilters()>",
						"<android.filterfw.core.FilterGraph: void runTypeCheck()>",
						"<android.filterfw.core.FilterGraph: void updateOutputs(android.filterfw.core.Filter)>",
						"<android.filterfw.core.FilterPort: void setPortFormat(android.filterfw.core.FrameFormat)>",
						"key field: <android.filterfw.core.FilterPort: android.filterfw.core.FrameFormat mPortFormat>",
						"<android.filterfw.core.FilterPort: void checkFrameType(android.filterfw.core.Frame,boolean)>"
					],
					"depth":5,
					"method":"<android.filterfw.core.SyncRunner: void <init>(android.filterfw.core.FilterContext,android.filterfw.core.FilterGraph,java.lang.Class)>",
					"source":"FIELDCALLER"
				},
				{
					"trace":[
						"<android.filterfw.GraphEnvironment$GraphHandle: android.filterfw.core.GraphRunner getSyncRunner(android.filterfw.core.FilterContext)>",
						"<android.filterfw.core.SyncRunner: void <init>(android.filterfw.core.FilterContext,android.filterfw.core.FilterGraph,java.lang.Class)>",
						"<android.filterfw.core.FilterGraph: void setupFilters()>",
						"<android.filterfw.core.FilterGraph: void runTypeCheck()>",
						"<android.filterfw.core.FilterGraph: void updateOutputs(android.filterfw.core.Filter)>",
						"<android.filterfw.core.FilterPort: void setPortFormat(android.filterfw.core.FrameFormat)>",
						"key field: <android.filterfw.core.FilterPort: android.filterfw.core.FrameFormat mPortFormat>",
						"<android.filterfw.core.FilterPort: void checkFrameType(android.filterfw.core.Frame,boolean)>"
					],
					"depth":6,
					"method":"<android.filterfw.GraphEnvironment$GraphHandle: android.filterfw.core.GraphRunner getSyncRunner(android.filterfw.core.FilterContext)>",
					"source":"FIELDCALLER"
				},
				{
					"trace":[
						"<android.filterfw.core.AsyncRunner: void setGraph(android.filterfw.core.FilterGraph)>",
						"<android.filterfw.core.SyncRunner: void <init>(android.filterfw.core.FilterContext,android.filterfw.core.FilterGraph,java.lang.Class)>",
						"<android.filterfw.core.FilterGraph: void setupFilters()>",
						"<android.filterfw.core.FilterGraph: void runTypeCheck()>",
						"<android.filterfw.core.FilterGraph: void updateOutputs(android.filterfw.core.Filter)>",
						"<android.filterfw.core.FilterPort: void setPortFormat(android.filterfw.core.FrameFormat)>",
						"key field: <android.filterfw.core.FilterPort: android.filterfw.core.FrameFormat mPortFormat>",
						"<android.filterfw.core.FilterPort: void checkFrameType(android.filterfw.core.Frame,boolean)>"
					],
					"depth":6,
					"method":"<android.filterfw.core.AsyncRunner: void setGraph(android.filterfw.core.FilterGraph)>",
					"source":"FIELDCALLER"
				},
				{
					"trace":[
						"<android.filterfw.core.Filter: void initWithValueMap(android.filterfw.core.KeyValueMap)>",
						"<android.filterfw.core.Filter: void initRemainingPorts(android.filterfw.core.KeyValueMap)>",
						"<android.filterfw.core.Filter: void addAnnotatedPorts()>",
						"<android.filterfw.core.Filter: void addProgramGenerator(android.filterfw.core.GenerateProgramPort,java.lang.reflect.Field)>",
						"<android.filterfw.core.Filter: void addProgramPort(java.lang.String,java.lang.String,java.lang.reflect.Field,java.lang.Class,boolean)>",
						"<android.filterfw.core.FilterPort: void setPortFormat(android.filterfw.core.FrameFormat)>",
						"key field: <android.filterfw.core.FilterPort: android.filterfw.core.FrameFormat mPortFormat>",
						"<android.filterfw.core.FilterPort: void checkFrameType(android.filterfw.core.Frame,boolean)>"
					],
					"depth":6,
					"method":"<android.filterfw.core.Filter: void initWithValueMap(android.filterfw.core.KeyValueMap)>",
					"source":"FIELDCALLER"
				},
				{
					"trace":[
						"<android.filterfw.core.FilterFunction: android.filterfw.core.Frame execute(android.filterfw.core.KeyValueMap)>",
						"<android.filterfw.core.FilterFunction: void connectFilterOutputs()>",
						"<android.filterfw.core.FilterFunction$FrameHolderPort: void <init>(android.filterfw.core.FilterFunction)>",
						"<android.filterfw.core.StreamPort: void <init>(android.filterfw.core.Filter,java.lang.String)>",
						"<android.filterfw.core.InputPort: void <init>(android.filterfw.core.Filter,java.lang.String)>",
						"<android.filterfw.core.FilterPort: void <init>(android.filterfw.core.Filter,java.lang.String)>",
						"key field: <android.filterfw.core.FilterPort: boolean mChecksType>",
						"<android.filterfw.core.FilterPort: void checkFrameType(android.filterfw.core.Frame,boolean)>"
					],
					"depth":6,
					"method":"<android.filterfw.core.FilterFunction: android.filterfw.core.Frame execute(android.filterfw.core.KeyValueMap)>",
					"source":"FIELDCALLER"
				},
				{
					"trace":[
						"<android.filterfw.GraphEnvironment: android.filterfw.core.GraphRunner getRunner(int,int)>",
						"<android.filterfw.GraphEnvironment$GraphHandle: android.filterfw.core.GraphRunner getSyncRunner(android.filterfw.core.FilterContext)>",
						"<android.filterfw.core.SyncRunner: void <init>(android.filterfw.core.FilterContext,android.filterfw.core.FilterGraph,java.lang.Class)>",
						"<android.filterfw.core.FilterGraph: void setupFilters()>",
						"<android.filterfw.core.FilterGraph: void runTypeCheck()>",
						"<android.filterfw.core.FilterGraph: void updateOutputs(android.filterfw.core.Filter)>",
						"<android.filterfw.core.FilterPort: void setPortFormat(android.filterfw.core.FrameFormat)>",
						"key field: <android.filterfw.core.FilterPort: android.filterfw.core.FrameFormat mPortFormat>",
						"<android.filterfw.core.FilterPort: void checkFrameType(android.filterfw.core.Frame,boolean)>"
					],
					"depth":7,
					"method":"<android.filterfw.GraphEnvironment: android.filterfw.core.GraphRunner getRunner(int,int)>",
					"source":"FIELDCALLER"
				},
				{
					"trace":[
						"<android.filterfw.GraphEnvironment$GraphHandle: android.filterfw.core.AsyncRunner getAsyncRunner(android.filterfw.core.FilterContext)>",
						"<android.filterfw.core.AsyncRunner: void setGraph(android.filterfw.core.FilterGraph)>",
						"<android.filterfw.core.SyncRunner: void <init>(android.filterfw.core.FilterContext,android.filterfw.core.FilterGraph,java.lang.Class)>",
						"<android.filterfw.core.FilterGraph: void setupFilters()>",
						"<android.filterfw.core.FilterGraph: void runTypeCheck()>",
						"<android.filterfw.core.FilterGraph: void updateOutputs(android.filterfw.core.Filter)>",
						"<android.filterfw.core.FilterPort: void setPortFormat(android.filterfw.core.FrameFormat)>",
						"key field: <android.filterfw.core.FilterPort: android.filterfw.core.FrameFormat mPortFormat>",
						"<android.filterfw.core.FilterPort: void checkFrameType(android.filterfw.core.Frame,boolean)>"
					],
					"depth":7,
					"method":"<android.filterfw.GraphEnvironment$GraphHandle: android.filterfw.core.AsyncRunner getAsyncRunner(android.filterfw.core.FilterContext)>",
					"source":"FIELDCALLER"
				},
				{
					"trace":[
						"<android.filterfw.core.Filter: void initWithAssignmentString(java.lang.String)>",
						"<android.filterfw.core.Filter: void initWithValueMap(android.filterfw.core.KeyValueMap)>",
						"<android.filterfw.core.Filter: void initRemainingPorts(android.filterfw.core.KeyValueMap)>",
						"<android.filterfw.core.Filter: void addAnnotatedPorts()>",
						"<android.filterfw.core.Filter: void addProgramGenerator(android.filterfw.core.GenerateProgramPort,java.lang.reflect.Field)>",
						"<android.filterfw.core.Filter: void addProgramPort(java.lang.String,java.lang.String,java.lang.reflect.Field,java.lang.Class,boolean)>",
						"<android.filterfw.core.FilterPort: void setPortFormat(android.filterfw.core.FrameFormat)>",
						"key field: <android.filterfw.core.FilterPort: android.filterfw.core.FrameFormat mPortFormat>",
						"<android.filterfw.core.FilterPort: void checkFrameType(android.filterfw.core.Frame,boolean)>"
					],
					"depth":7,
					"method":"<android.filterfw.core.Filter: void initWithAssignmentString(java.lang.String)>",
					"source":"FIELDCALLER"
				},
				{
					"trace":[
						"<android.filterfw.io.TextGraphReader$InitFilterCommand: void execute(android.filterfw.io.TextGraphReader)>",
						"<android.filterfw.core.Filter: void initWithValueMap(android.filterfw.core.KeyValueMap)>",
						"<android.filterfw.core.Filter: void initRemainingPorts(android.filterfw.core.KeyValueMap)>",
						"<android.filterfw.core.Filter: void addAnnotatedPorts()>",
						"<android.filterfw.core.Filter: void addProgramGenerator(android.filterfw.core.GenerateProgramPort,java.lang.reflect.Field)>",
						"<android.filterfw.core.Filter: void addProgramPort(java.lang.String,java.lang.String,java.lang.reflect.Field,java.lang.Class,boolean)>",
						"<android.filterfw.core.FilterPort: void setPortFormat(android.filterfw.core.FrameFormat)>",
						"key field: <android.filterfw.core.FilterPort: android.filterfw.core.FrameFormat mPortFormat>",
						"<android.filterfw.core.FilterPort: void checkFrameType(android.filterfw.core.Frame,boolean)>"
					],
					"depth":7,
					"method":"<android.filterfw.io.TextGraphReader$InitFilterCommand: void execute(android.filterfw.io.TextGraphReader)>",
					"source":"FIELDCALLER"
				},
				{
					"trace":[
						"<android.filterfw.io.TextGraphReader$Command: void execute(android.filterfw.io.TextGraphReader)>",
						"<android.filterfw.core.Filter: void initWithValueMap(android.filterfw.core.KeyValueMap)>",
						"<android.filterfw.core.Filter: void initRemainingPorts(android.filterfw.core.KeyValueMap)>",
						"<android.filterfw.core.Filter: void addAnnotatedPorts()>",
						"<android.filterfw.core.Filter: void addProgramGenerator(android.filterfw.core.GenerateProgramPort,java.lang.reflect.Field)>",
						"<android.filterfw.core.Filter: void addProgramPort(java.lang.String,java.lang.String,java.lang.reflect.Field,java.lang.Class,boolean)>",
						"<android.filterfw.core.FilterPort: void setPortFormat(android.filterfw.core.FrameFormat)>",
						"key field: <android.filterfw.core.FilterPort: android.filterfw.core.FrameFormat mPortFormat>",
						"<android.filterfw.core.FilterPort: void checkFrameType(android.filterfw.core.Frame,boolean)>"
					],
					"depth":7,
					"method":"<android.filterfw.io.TextGraphReader$Command: void execute(android.filterfw.io.TextGraphReader)>",
					"source":"FIELDCALLER"
				},
				{
					"trace":[
						"<android.filterfw.core.Filter: void init()>",
						"<android.filterfw.core.Filter: void initWithValueMap(android.filterfw.core.KeyValueMap)>",
						"<android.filterfw.core.Filter: void initRemainingPorts(android.filterfw.core.KeyValueMap)>",
						"<android.filterfw.core.Filter: void addAnnotatedPorts()>",
						"<android.filterfw.core.Filter: void addProgramGenerator(android.filterfw.core.GenerateProgramPort,java.lang.reflect.Field)>",
						"<android.filterfw.core.Filter: void addProgramPort(java.lang.String,java.lang.String,java.lang.reflect.Field,java.lang.Class,boolean)>",
						"<android.filterfw.core.FilterPort: void setPortFormat(android.filterfw.core.FrameFormat)>",
						"key field: <android.filterfw.core.FilterPort: android.filterfw.core.FrameFormat mPortFormat>",
						"<android.filterfw.core.FilterPort: void checkFrameType(android.filterfw.core.Frame,boolean)>"
					],
					"depth":7,
					"method":"<android.filterfw.core.Filter: void init()>",
					"source":"FIELDCALLER"
				},
				{
					"trace":[
						"<android.filterfw.core.Filter: void initWithAssignmentList(java.lang.Object[])>",
						"<android.filterfw.core.Filter: void initWithValueMap(android.filterfw.core.KeyValueMap)>",
						"<android.filterfw.core.Filter: void initRemainingPorts(android.filterfw.core.KeyValueMap)>",
						"<android.filterfw.core.Filter: void addAnnotatedPorts()>",
						"<android.filterfw.core.Filter: void addProgramGenerator(android.filterfw.core.GenerateProgramPort,java.lang.reflect.Field)>",
						"<android.filterfw.core.Filter: void addProgramPort(java.lang.String,java.lang.String,java.lang.reflect.Field,java.lang.Class,boolean)>",
						"<android.filterfw.core.FilterPort: void setPortFormat(android.filterfw.core.FrameFormat)>",
						"key field: <android.filterfw.core.FilterPort: android.filterfw.core.FrameFormat mPortFormat>",
						"<android.filterfw.core.FilterPort: void checkFrameType(android.filterfw.core.Frame,boolean)>"
					],
					"depth":7,
					"method":"<android.filterfw.core.Filter: void initWithAssignmentList(java.lang.Object[])>",
					"source":"FIELDCALLER"
				},
				{
					"trace":[
						"<android.filterfw.core.FilterFunction: android.filterfw.core.Frame executeWithArgList(java.lang.Object[])>",
						"<android.filterfw.core.FilterFunction: android.filterfw.core.Frame execute(android.filterfw.core.KeyValueMap)>",
						"<android.filterfw.core.FilterFunction: void connectFilterOutputs()>",
						"<android.filterfw.core.FilterFunction$FrameHolderPort: void <init>(android.filterfw.core.FilterFunction)>",
						"<android.filterfw.core.StreamPort: void <init>(android.filterfw.core.Filter,java.lang.String)>",
						"<android.filterfw.core.InputPort: void <init>(android.filterfw.core.Filter,java.lang.String)>",
						"<android.filterfw.core.FilterPort: void <init>(android.filterfw.core.Filter,java.lang.String)>",
						"key field: <android.filterfw.core.FilterPort: boolean mChecksType>",
						"<android.filterfw.core.FilterPort: void checkFrameType(android.filterfw.core.Frame,boolean)>"
					],
					"depth":7,
					"method":"<android.filterfw.core.FilterFunction: android.filterfw.core.Frame executeWithArgList(java.lang.Object[])>",
					"source":"FIELDCALLER"
				},
				{
					"trace":[
						"<android.filterfw.FilterFunctionEnvironment: android.filterfw.core.FilterFunction createFunction(java.lang.Class,java.lang.Object[])>",
						"<android.filterfw.core.Filter: void initWithAssignmentList(java.lang.Object[])>",
						"<android.filterfw.core.Filter: void initWithValueMap(android.filterfw.core.KeyValueMap)>",
						"<android.filterfw.core.Filter: void initRemainingPorts(android.filterfw.core.KeyValueMap)>",
						"<android.filterfw.core.Filter: void addAnnotatedPorts()>",
						"<android.filterfw.core.Filter: void addProgramGenerator(android.filterfw.core.GenerateProgramPort,java.lang.reflect.Field)>",
						"<android.filterfw.core.Filter: void addProgramPort(java.lang.String,java.lang.String,java.lang.reflect.Field,java.lang.Class,boolean)>",
						"<android.filterfw.core.FilterPort: void setPortFormat(android.filterfw.core.FrameFormat)>",
						"key field: <android.filterfw.core.FilterPort: android.filterfw.core.FrameFormat mPortFormat>",
						"<android.filterfw.core.FilterPort: void checkFrameType(android.filterfw.core.Frame,boolean)>"
					],
					"depth":8,
					"method":"<android.filterfw.FilterFunctionEnvironment: android.filterfw.core.FilterFunction createFunction(java.lang.Class,java.lang.Object[])>",
					"source":"FIELDCALLER"
				}
			],
			"callerOfSingnlar2SourceVar":{
				"<android.filterfw.core.StreamPort: void pushFrame(android.filterfw.core.Frame)>":"0",
				"<android.filterfw.core.FilterPort: void checkFrameType(android.filterfw.core.Frame,boolean)>":"0",
				"<android.filterfw.core.FieldPort: void pushFrame(android.filterfw.core.Frame)>":"0",
				"<android.filterfw.core.FieldPort: void setFieldFrame(android.filterfw.core.Frame,boolean)>":"0",
				"<android.filterfw.core.FinalPort: void setFieldFrame(android.filterfw.core.Frame,boolean)>":"0",
				"<android.filterfw.core.FieldPort: void setFrame(android.filterfw.core.Frame)>":"0",
				"<android.filterfw.core.StreamPort: void assignFrame(android.filterfw.core.Frame,boolean)>":"0",
				"<android.filterfw.core.StreamPort: void setFrame(android.filterfw.core.Frame)>":"0"
			}
		},
		{
			"method":"<android.filterfw.core.FilterPort: void checkFrameManager(android.filterfw.core.Frame,android.filterfw.core.FilterContext)>",
			"message":"\\QFrame \\E[\\s\\S]*\\Q is managed by foreign FrameManager! \\E",
			"relatedVarType":"Parameter",
			"relatedCondType":"Basic",
			"modifier":"protected",
			"type":"java.lang.RuntimeException",
			"osVersionRelated":false,
			"resourceRelated":false,
			"assessRelated":false,
			"hardwareRelated":false,
			"manifestRelated":false,
			"conditions":"$r2 == $r4, $r1 == null",
			"paramValues":"@parameter0: android.filterfw.core.Frame, @parameter1: android.filterfw.core.FilterContext",
			"relatedValues":"@parameter0: android.filterfw.core.Frame, @parameter1: android.filterfw.core.FilterContext; ; ",
			"keyAPISameClassNum":0,
			"keyAPIDiffClassNum":0,
			"keyAPISameClass":[
				{
					"trace":[
						"<android.filterfw.core.FilterPort: void checkFrameManager(android.filterfw.core.Frame,android.filterfw.core.FilterContext)>"
					],
					"depth":0,
					"method":"<android.filterfw.core.FilterPort: void checkFrameManager(android.filterfw.core.Frame,android.filterfw.core.FilterContext)>",
					"source":"CALLER"
				}
			],
			"keyAPIDiffClass":[
				{
					"trace":[
						"<android.filterfw.core.InputPort: void transfer(android.filterfw.core.FilterContext)>",
						"<android.filterfw.core.FilterPort: void checkFrameManager(android.filterfw.core.Frame,android.filterfw.core.FilterContext)>"
					],
					"depth":1,
					"method":"<android.filterfw.core.InputPort: void transfer(android.filterfw.core.FilterContext)>",
					"source":"CALLER"
				},
				{
					"trace":[
						"<android.filterfw.core.StreamPort: void transfer(android.filterfw.core.FilterContext)>",
						"<android.filterfw.core.FilterPort: void checkFrameManager(android.filterfw.core.Frame,android.filterfw.core.FilterContext)>"
					],
					"depth":1,
					"method":"<android.filterfw.core.StreamPort: void transfer(android.filterfw.core.FilterContext)>",
					"source":"CALLER"
				}
			],
			"callerOfSingnlar2SourceVar":{
				"<android.filterfw.core.StreamPort: void transfer(android.filterfw.core.FilterContext)>":"0",
				"<android.filterfw.core.FilterPort: void checkFrameManager(android.filterfw.core.Frame,android.filterfw.core.FilterContext)>":"0, 1"
			}
		}
	]
}