{
	"exceptions":[
		{
			"method":"<android.graphics.Paint: void setBidiFlags(int)>",
			"message":"\\Qunknown bidi flag: \\E[\\s\\S]*",
			"relatedVarType":"Parameter",
			"relatedCondType":"Basic",
			"modifier":"public",
			"type":"java.lang.IllegalArgumentException",
			"osVersionRelated":false,
			"resourceRelated":false,
			"assessRelated":false,
			"hardwareRelated":false,
			"manifestRelated":false,
			"conditions":"i1 <= 5",
			"paramValues":"@parameter0: int",
			"relatedValues":"@parameter0: int; ; ",
			"keyAPISameClassNum":0,
			"keyAPIDiffClassNum":0,
			"keyAPISameClass":[
				{
					"trace":[
						"<android.graphics.Paint: void setBidiFlags(int)>"
					],
					"depth":0,
					"method":"<android.graphics.Paint: void setBidiFlags(int)>",
					"source":"CALLER"
				}
			],
			"keyAPIDiffClass":[],
			"callerOfSingnlar2SourceVar":{
				"<android.graphics.Paint: void setBidiFlags(int)>":"0"
			}
		},
		{
			"method":"<android.graphics.Paint: void setTextLocale(java.util.Locale)>",
			"message":"\\Qlocale cannot be null\\E",
			"relatedVarType":"Parameter",
			"relatedCondType":"Basic",
			"modifier":"public",
			"type":"java.lang.IllegalArgumentException",
			"osVersionRelated":false,
			"resourceRelated":false,
			"assessRelated":false,
			"hardwareRelated":false,
			"manifestRelated":false,
			"conditions":"r0 != null",
			"paramValues":"@parameter0: java.util.Locale",
			"relatedValues":"@parameter0: java.util.Locale; ; ",
			"keyAPISameClassNum":0,
			"keyAPIDiffClassNum":0,
			"keyAPISameClass":[
				{
					"trace":[
						"<android.graphics.Paint: void setTextLocale(java.util.Locale)>"
					],
					"depth":0,
					"method":"<android.graphics.Paint: void setTextLocale(java.util.Locale)>",
					"source":"CALLER"
				}
			],
			"keyAPIDiffClass":[
				{
					"trace":[
						"<android.widget.TextView: void setTextLocale(java.util.Locale)>",
						"<android.graphics.Paint: void setTextLocale(java.util.Locale)>"
					],
					"depth":1,
					"method":"<android.widget.TextView: void setTextLocale(java.util.Locale)>",
					"source":"CALLER"
				}
			],
			"callerOfSingnlar2SourceVar":{
				"<android.graphics.Paint: void setTextLocale(java.util.Locale)>":"0",
				"<android.widget.TextView: void setTextLocale(java.util.Locale)>":"0"
			}
		},
		{
			"method":"<android.graphics.Paint: void setTextLocales(android.os.LocaleList)>",
			"message":"\\Qlocales cannot be null or empty\\E",
			"relatedVarType":"Parameter",
			"relatedCondType":"Basic",
			"modifier":"public",
			"type":"java.lang.IllegalArgumentException",
			"osVersionRelated":false,
			"resourceRelated":false,
			"assessRelated":false,
			"hardwareRelated":false,
			"manifestRelated":false,
			"conditions":"r0 == null, $z0 == 0",
			"paramValues":"@parameter0: android.os.LocaleList",
			"relatedValues":"@parameter0: android.os.LocaleList; ; ",
			"keyAPISameClassNum":0,
			"keyAPIDiffClassNum":0,
			"keyAPISameClass":[
				{
					"trace":[
						"<android.graphics.Paint: void setTextLocales(android.os.LocaleList)>"
					],
					"depth":0,
					"method":"<android.graphics.Paint: void setTextLocales(android.os.LocaleList)>",
					"source":"CALLER"
				}
			],
			"keyAPIDiffClass":[
				{
					"trace":[
						"<android.widget.TextView: void setTextLocales(android.os.LocaleList)>",
						"<android.graphics.Paint: void setTextLocales(android.os.LocaleList)>"
					],
					"depth":1,
					"method":"<android.widget.TextView: void setTextLocales(android.os.LocaleList)>",
					"source":"CALLER"
				}
			],
			"callerOfSingnlar2SourceVar":{
				"<android.text.style.LocaleSpan: void apply(android.graphics.Paint,android.os.LocaleList)>":"1",
				"<android.graphics.Paint: void setTextLocales(android.os.LocaleList)>":"0",
				"<android.widget.TextView: void setTextLocales(android.os.LocaleList)>":"0"
			}
		},
		{
			"method":"<android.graphics.Paint: float measureText(char[],int,int)>",
			"message":"[\\s\\S]*",
			"relatedVarType":"Parameter",
			"relatedCondType":"Basic",
			"modifier":"public",
			"type":"java.lang.ArrayIndexOutOfBoundsException",
			"osVersionRelated":false,
			"resourceRelated":false,
			"assessRelated":false,
			"hardwareRelated":false,
			"manifestRelated":false,
			"conditions":"$i2 < 0, r0 != null, $i4 <= $i3",
			"paramValues":"@parameter1: int, @parameter2: int, @parameter0: char[]",
			"relatedValues":"@parameter1: int, @parameter2: int, @parameter0: char[]; ; ",
			"keyAPISameClassNum":0,
			"keyAPIDiffClassNum":0,
			"keyAPISameClass":[
				{
					"trace":[
						"<android.graphics.Paint: float measureText(char[],int,int)>"
					],
					"depth":0,
					"method":"<android.graphics.Paint: float measureText(char[],int,int)>",
					"source":"CALLER"
				},
				{
					"trace":[
						"<android.graphics.Paint: float measureText(java.lang.CharSequence,int,int)>",
						"<android.graphics.Paint: float measureText(char[],int,int)>"
					],
					"depth":1,
					"method":"<android.graphics.Paint: float measureText(java.lang.CharSequence,int,int)>",
					"source":"CALLER"
				}
			],
			"keyAPIDiffClass":[
				{
					"trace":[
						"<android.widget.TextView$CharWrapper: float measureText(int,int,android.graphics.Paint)>",
						"<android.graphics.Paint: float measureText(char[],int,int)>"
					],
					"depth":1,
					"method":"<android.widget.TextView$CharWrapper: float measureText(int,int,android.graphics.Paint)>",
					"source":"CALLER"
				},
				{
					"trace":[
						"<android.text.GraphicsOperations: float measureText(int,int,android.graphics.Paint)>",
						"<android.graphics.Paint: float measureText(char[],int,int)>"
					],
					"depth":1,
					"method":"<android.text.GraphicsOperations: float measureText(int,int,android.graphics.Paint)>",
					"source":"CALLER"
				},
				{
					"trace":[
						"<android.text.SpannableStringBuilder: float measureText(int,int,android.graphics.Paint)>",
						"<android.graphics.Paint: float measureText(char[],int,int)>"
					],
					"depth":1,
					"method":"<android.text.SpannableStringBuilder: float measureText(int,int,android.graphics.Paint)>",
					"source":"CALLER"
				}
			],
			"callerOfSingnlar2SourceVar":{
				"<android.text.SpannableStringBuilder: float measureText(int,int,android.graphics.Paint)>":"0",
				"<android.graphics.Paint: float measureText(char[],int,int)>":"1, 2, 0"
			}
		},
		{
			"method":"<android.graphics.Paint: float measureText(char[],int,int)>",
			"message":"\\Qtext cannot be null\\E",
			"relatedVarType":"Parameter",
			"relatedCondType":"Basic",
			"modifier":"public",
			"type":"java.lang.IllegalArgumentException",
			"osVersionRelated":false,
			"resourceRelated":false,
			"assessRelated":false,
			"hardwareRelated":false,
			"manifestRelated":false,
			"conditions":"r0 != null",
			"paramValues":"@parameter0: char[]",
			"relatedValues":"@parameter0: char[]; ; ",
			"keyAPISameClassNum":0,
			"keyAPIDiffClassNum":0,
			"keyAPISameClass":[
				{
					"trace":[
						"<android.graphics.Paint: float measureText(char[],int,int)>"
					],
					"depth":0,
					"method":"<android.graphics.Paint: float measureText(char[],int,int)>",
					"source":"CALLER"
				},
				{
					"trace":[
						"<android.graphics.Paint: float measureText(java.lang.CharSequence,int,int)>",
						"<android.graphics.Paint: float measureText(char[],int,int)>"
					],
					"depth":1,
					"method":"<android.graphics.Paint: float measureText(java.lang.CharSequence,int,int)>",
					"source":"CALLER"
				}
			],
			"keyAPIDiffClass":[
				{
					"trace":[
						"<android.text.SpannableStringBuilder: float measureText(int,int,android.graphics.Paint)>",
						"<android.graphics.Paint: float measureText(char[],int,int)>"
					],
					"depth":1,
					"method":"<android.text.SpannableStringBuilder: float measureText(int,int,android.graphics.Paint)>",
					"source":"CALLER"
				},
				{
					"trace":[
						"<android.text.GraphicsOperations: float measureText(int,int,android.graphics.Paint)>",
						"<android.graphics.Paint: float measureText(char[],int,int)>"
					],
					"depth":1,
					"method":"<android.text.GraphicsOperations: float measureText(int,int,android.graphics.Paint)>",
					"source":"CALLER"
				}
			],
			"callerOfSingnlar2SourceVar":{
				"<android.graphics.Paint: float measureText(char[],int,int)>":"0"
			}
		},
		{
			"method":"<android.graphics.Paint: float measureText(java.lang.String,int,int)>",
			"message":"[\\s\\S]*",
			"relatedVarType":"Parameter",
			"relatedCondType":"Basic",
			"modifier":"public",
			"type":"java.lang.IndexOutOfBoundsException",
			"osVersionRelated":false,
			"resourceRelated":false,
			"assessRelated":false,
			"hardwareRelated":false,
			"manifestRelated":false,
			"conditions":"$i7 >= 0, r0 != null",
			"paramValues":"@parameter1: int, @parameter2: int, @parameter0: java.lang.String",
			"relatedValues":"@parameter1: int, @parameter2: int, @parameter0: java.lang.String; ; ",
			"keyAPISameClassNum":0,
			"keyAPIDiffClassNum":0,
			"keyAPISameClass":[
				{
					"trace":[
						"<android.graphics.Paint: float measureText(java.lang.String,int,int)>"
					],
					"depth":0,
					"method":"<android.graphics.Paint: float measureText(java.lang.String,int,int)>",
					"source":"CALLER"
				},
				{
					"trace":[
						"<android.graphics.Paint: float measureText(java.lang.String)>",
						"<android.graphics.Paint: float measureText(java.lang.String,int,int)>"
					],
					"depth":1,
					"method":"<android.graphics.Paint: float measureText(java.lang.String)>",
					"source":"CALLER"
				},
				{
					"trace":[
						"<android.graphics.Paint: float measureText(java.lang.CharSequence,int,int)>",
						"<android.graphics.Paint: float measureText(java.lang.String,int,int)>"
					],
					"depth":1,
					"method":"<android.graphics.Paint: float measureText(java.lang.CharSequence,int,int)>",
					"source":"CALLER"
				}
			],
			"keyAPIDiffClass":[],
			"callerOfSingnlar2SourceVar":{
				"<android.graphics.Paint: float measureText(java.lang.String)>":"0",
				"<android.graphics.Paint: float measureText(java.lang.String,int,int)>":"1, 2, 0",
				"<android.graphics.Paint: float measureText(java.lang.CharSequence,int,int)>":"1, 2",
				"<android.text.TextUtils: java.lang.CharSequence ellipsize(java.lang.CharSequence,android.text.TextPaint,float,android.text.TextUtils$TruncateAt,boolean,android.text.TextUtils$EllipsizeCallback,android.text.TextDirectionHeuristic,java.lang.String)>":"7"
			}
		},
		{
			"method":"<android.graphics.Paint: float measureText(java.lang.String,int,int)>",
			"message":"\\Qtext cannot be null\\E",
			"relatedVarType":"Parameter",
			"relatedCondType":"Basic",
			"modifier":"public",
			"type":"java.lang.IllegalArgumentException",
			"osVersionRelated":false,
			"resourceRelated":false,
			"assessRelated":false,
			"hardwareRelated":false,
			"manifestRelated":false,
			"conditions":"r0 != null",
			"paramValues":"@parameter0: java.lang.String",
			"relatedValues":"@parameter0: java.lang.String; ; ",
			"keyAPISameClassNum":0,
			"keyAPIDiffClassNum":0,
			"keyAPISameClass":[
				{
					"trace":[
						"<android.graphics.Paint: float measureText(java.lang.String,int,int)>"
					],
					"depth":0,
					"method":"<android.graphics.Paint: float measureText(java.lang.String,int,int)>",
					"source":"CALLER"
				},
				{
					"trace":[
						"<android.graphics.Paint: float measureText(java.lang.String)>",
						"<android.graphics.Paint: float measureText(java.lang.String,int,int)>"
					],
					"depth":1,
					"method":"<android.graphics.Paint: float measureText(java.lang.String)>",
					"source":"CALLER"
				},
				{
					"trace":[
						"<android.graphics.Paint: float measureText(java.lang.CharSequence,int,int)>",
						"<android.graphics.Paint: float measureText(java.lang.String,int,int)>"
					],
					"depth":1,
					"method":"<android.graphics.Paint: float measureText(java.lang.CharSequence,int,int)>",
					"source":"CALLER"
				}
			],
			"keyAPIDiffClass":[],
			"callerOfSingnlar2SourceVar":{
				"<android.graphics.Paint: float measureText(java.lang.String)>":"0",
				"<android.graphics.Paint: float measureText(java.lang.String,int,int)>":"0",
				"<android.text.TextUtils: java.lang.CharSequence ellipsize(java.lang.CharSequence,android.text.TextPaint,float,android.text.TextUtils$TruncateAt,boolean,android.text.TextUtils$EllipsizeCallback,android.text.TextDirectionHeuristic,java.lang.String)>":"7"
			}
		},
		{
			"method":"<android.graphics.Paint: float measureText(java.lang.String)>",
			"message":"\\Qtext cannot be null\\E",
			"relatedVarType":"Parameter",
			"relatedCondType":"Basic",
			"modifier":"public",
			"type":"java.lang.IllegalArgumentException",
			"osVersionRelated":false,
			"resourceRelated":false,
			"assessRelated":false,
			"hardwareRelated":false,
			"manifestRelated":false,
			"conditions":"r0 != null",
			"paramValues":"@parameter0: java.lang.String",
			"relatedValues":"@parameter0: java.lang.String; ; ",
			"keyAPISameClassNum":0,
			"keyAPIDiffClassNum":0,
			"keyAPISameClass":[
				{
					"trace":[
						"<android.graphics.Paint: float measureText(java.lang.String)>"
					],
					"depth":0,
					"method":"<android.graphics.Paint: float measureText(java.lang.String)>",
					"source":"CALLER"
				}
			],
			"keyAPIDiffClass":[],
			"callerOfSingnlar2SourceVar":{
				"<android.graphics.Paint: float measureText(java.lang.String)>":"0",
				"<android.text.TextUtils: java.lang.CharSequence ellipsize(java.lang.CharSequence,android.text.TextPaint,float,android.text.TextUtils$TruncateAt,boolean,android.text.TextUtils$EllipsizeCallback,android.text.TextDirectionHeuristic,java.lang.String)>":"7"
			}
		},
		{
			"method":"<android.graphics.Paint: float measureText(java.lang.CharSequence,int,int)>",
			"message":"[\\s\\S]*",
			"relatedVarType":"Parameter",
			"relatedCondType":"Basic",
			"modifier":"public",
			"type":"java.lang.IndexOutOfBoundsException",
			"osVersionRelated":false,
			"resourceRelated":false,
			"assessRelated":false,
			"hardwareRelated":false,
			"manifestRelated":false,
			"conditions":"$i7 >= 0, r0 != null",
			"paramValues":"@parameter1: int, @parameter2: int, @parameter0: java.lang.CharSequence",
			"relatedValues":"@parameter1: int, @parameter2: int, @parameter0: java.lang.CharSequence; ; ",
			"keyAPISameClassNum":0,
			"keyAPIDiffClassNum":0,
			"keyAPISameClass":[
				{
					"trace":[
						"<android.graphics.Paint: float measureText(java.lang.CharSequence,int,int)>"
					],
					"depth":0,
					"method":"<android.graphics.Paint: float measureText(java.lang.CharSequence,int,int)>",
					"source":"CALLER"
				}
			],
			"keyAPIDiffClass":[],
			"callerOfSingnlar2SourceVar":{
				"<android.graphics.Paint: float measureText(java.lang.CharSequence,int,int)>":"1, 2, 0"
			}
		},
		{
			"method":"<android.graphics.Paint: float measureText(java.lang.CharSequence,int,int)>",
			"message":"\\Qtext cannot be null\\E",
			"relatedVarType":"Parameter",
			"relatedCondType":"Basic",
			"modifier":"public",
			"type":"java.lang.IllegalArgumentException",
			"osVersionRelated":false,
			"resourceRelated":false,
			"assessRelated":false,
			"hardwareRelated":false,
			"manifestRelated":false,
			"conditions":"r0 != null",
			"paramValues":"@parameter0: java.lang.CharSequence",
			"relatedValues":"@parameter0: java.lang.CharSequence; ; ",
			"keyAPISameClassNum":0,
			"keyAPIDiffClassNum":0,
			"keyAPISameClass":[
				{
					"trace":[
						"<android.graphics.Paint: float measureText(java.lang.CharSequence,int,int)>"
					],
					"depth":0,
					"method":"<android.graphics.Paint: float measureText(java.lang.CharSequence,int,int)>",
					"source":"CALLER"
				}
			],
			"keyAPIDiffClass":[],
			"callerOfSingnlar2SourceVar":{
				"<android.graphics.Paint: float measureText(java.lang.CharSequence,int,int)>":"0"
			}
		},
		{
			"method":"<android.graphics.Paint: int breakText(char[],int,int,float,float[])>",
			"message":"\\Qtext cannot be null\\E",
			"relatedVarType":"Parameter",
			"relatedCondType":"Basic",
			"modifier":"public",
			"type":"java.lang.IllegalArgumentException",
			"osVersionRelated":false,
			"resourceRelated":false,
			"assessRelated":false,
			"hardwareRelated":false,
			"manifestRelated":false,
			"conditions":"r0 != null",
			"paramValues":"@parameter0: char[]",
			"relatedValues":"@parameter0: char[]; ; ",
			"keyAPISameClassNum":0,
			"keyAPIDiffClassNum":0,
			"keyAPISameClass":[
				{
					"trace":[
						"<android.graphics.Paint: int breakText(char[],int,int,float,float[])>"
					],
					"depth":0,
					"method":"<android.graphics.Paint: int breakText(char[],int,int,float,float[])>",
					"source":"CALLER"
				},
				{
					"trace":[
						"<android.graphics.Paint: int breakText(java.lang.CharSequence,int,int,boolean,float,float[])>",
						"<android.graphics.Paint: int breakText(char[],int,int,float,float[])>"
					],
					"depth":1,
					"method":"<android.graphics.Paint: int breakText(java.lang.CharSequence,int,int,boolean,float,float[])>",
					"source":"CALLER"
				}
			],
			"keyAPIDiffClass":[],
			"callerOfSingnlar2SourceVar":{
				"<android.graphics.Paint: int breakText(char[],int,int,float,float[])>":"0"
			}
		},
		{
			"method":"<android.graphics.Paint: int breakText(char[],int,int,float,float[])>",
			"message":"[\\s\\S]*",
			"relatedVarType":"Parameter",
			"relatedCondType":"Basic",
			"modifier":"public",
			"type":"java.lang.ArrayIndexOutOfBoundsException",
			"osVersionRelated":false,
			"resourceRelated":false,
			"assessRelated":false,
			"hardwareRelated":false,
			"manifestRelated":false,
			"conditions":"i0 < 0, r0 != null, $i3 >= $i4",
			"paramValues":"@parameter1: int, @parameter0: char[], @parameter2: int",
			"relatedValues":"@parameter1: int, @parameter0: char[], @parameter2: int; ; ",
			"keyAPISameClassNum":0,
			"keyAPIDiffClassNum":0,
			"keyAPISameClass":[
				{
					"trace":[
						"<android.graphics.Paint: int breakText(char[],int,int,float,float[])>"
					],
					"depth":0,
					"method":"<android.graphics.Paint: int breakText(char[],int,int,float,float[])>",
					"source":"CALLER"
				},
				{
					"trace":[
						"<android.graphics.Paint: int breakText(java.lang.CharSequence,int,int,boolean,float,float[])>",
						"<android.graphics.Paint: int breakText(char[],int,int,float,float[])>"
					],
					"depth":1,
					"method":"<android.graphics.Paint: int breakText(java.lang.CharSequence,int,int,boolean,float,float[])>",
					"source":"CALLER"
				}
			],
			"keyAPIDiffClass":[],
			"callerOfSingnlar2SourceVar":{
				"<android.graphics.Paint: int breakText(char[],int,int,float,float[])>":"1, 0, 2"
			}
		},
		{
			"method":"<android.graphics.Paint: int breakText(java.lang.CharSequence,int,int,boolean,float,float[])>",
			"message":"[\\s\\S]*",
			"relatedVarType":"Parameter",
			"relatedCondType":"Basic",
			"modifier":"public",
			"type":"java.lang.IndexOutOfBoundsException",
			"osVersionRelated":false,
			"resourceRelated":false,
			"assessRelated":false,
			"hardwareRelated":false,
			"manifestRelated":false,
			"conditions":"$i7 >= 0, r0 != null",
			"paramValues":"@parameter1: int, @parameter2: int, @parameter0: java.lang.CharSequence",
			"relatedValues":"@parameter1: int, @parameter2: int, @parameter0: java.lang.CharSequence; ; ",
			"keyAPISameClassNum":0,
			"keyAPIDiffClassNum":0,
			"keyAPISameClass":[
				{
					"trace":[
						"<android.graphics.Paint: int breakText(java.lang.CharSequence,int,int,boolean,float,float[])>"
					],
					"depth":0,
					"method":"<android.graphics.Paint: int breakText(java.lang.CharSequence,int,int,boolean,float,float[])>",
					"source":"CALLER"
				}
			],
			"keyAPIDiffClass":[],
			"callerOfSingnlar2SourceVar":{
				"<android.graphics.Paint: int breakText(java.lang.CharSequence,int,int,boolean,float,float[])>":"1, 2, 0"
			}
		},
		{
			"method":"<android.graphics.Paint: int breakText(java.lang.CharSequence,int,int,boolean,float,float[])>",
			"message":"\\Qtext cannot be null\\E",
			"relatedVarType":"Parameter",
			"relatedCondType":"Basic",
			"modifier":"public",
			"type":"java.lang.IllegalArgumentException",
			"osVersionRelated":false,
			"resourceRelated":false,
			"assessRelated":false,
			"hardwareRelated":false,
			"manifestRelated":false,
			"conditions":"r0 != null",
			"paramValues":"@parameter0: java.lang.CharSequence",
			"relatedValues":"@parameter0: java.lang.CharSequence; ; ",
			"keyAPISameClassNum":0,
			"keyAPIDiffClassNum":0,
			"keyAPISameClass":[
				{
					"trace":[
						"<android.graphics.Paint: int breakText(java.lang.CharSequence,int,int,boolean,float,float[])>"
					],
					"depth":0,
					"method":"<android.graphics.Paint: int breakText(java.lang.CharSequence,int,int,boolean,float,float[])>",
					"source":"CALLER"
				}
			],
			"keyAPIDiffClass":[],
			"callerOfSingnlar2SourceVar":{
				"<android.graphics.Paint: int breakText(java.lang.CharSequence,int,int,boolean,float,float[])>":"0"
			}
		},
		{
			"method":"<android.graphics.Paint: int breakText(java.lang.String,boolean,float,float[])>",
			"message":"\\Qtext cannot be null\\E",
			"relatedVarType":"Parameter",
			"relatedCondType":"Basic",
			"modifier":"public",
			"type":"java.lang.IllegalArgumentException",
			"osVersionRelated":false,
			"resourceRelated":false,
			"assessRelated":false,
			"hardwareRelated":false,
			"manifestRelated":false,
			"conditions":"r0 != null",
			"paramValues":"@parameter0: java.lang.String",
			"relatedValues":"@parameter0: java.lang.String; ; ",
			"keyAPISameClassNum":0,
			"keyAPIDiffClassNum":0,
			"keyAPISameClass":[
				{
					"trace":[
						"<android.graphics.Paint: int breakText(java.lang.String,boolean,float,float[])>"
					],
					"depth":0,
					"method":"<android.graphics.Paint: int breakText(java.lang.String,boolean,float,float[])>",
					"source":"CALLER"
				},
				{
					"trace":[
						"<android.graphics.Paint: int breakText(java.lang.CharSequence,int,int,boolean,float,float[])>",
						"<android.graphics.Paint: int breakText(java.lang.String,boolean,float,float[])>"
					],
					"depth":1,
					"method":"<android.graphics.Paint: int breakText(java.lang.CharSequence,int,int,boolean,float,float[])>",
					"source":"CALLER"
				}
			],
			"keyAPIDiffClass":[],
			"callerOfSingnlar2SourceVar":{
				"<android.graphics.Paint: int breakText(java.lang.String,boolean,float,float[])>":"0"
			}
		},
		{
			"method":"<android.graphics.Paint: int getTextWidths(char[],int,int,float[])>",
			"message":"\\Qtext cannot be null\\E",
			"relatedVarType":"Parameter",
			"relatedCondType":"Basic",
			"modifier":"public",
			"type":"java.lang.IllegalArgumentException",
			"osVersionRelated":false,
			"resourceRelated":false,
			"assessRelated":false,
			"hardwareRelated":false,
			"manifestRelated":false,
			"conditions":"r0 != null",
			"paramValues":"@parameter0: char[]",
			"relatedValues":"@parameter0: char[]; ; ",
			"keyAPISameClassNum":0,
			"keyAPIDiffClassNum":0,
			"keyAPISameClass":[
				{
					"trace":[
						"<android.graphics.Paint: int getTextWidths(char[],int,int,float[])>"
					],
					"depth":0,
					"method":"<android.graphics.Paint: int getTextWidths(char[],int,int,float[])>",
					"source":"CALLER"
				},
				{
					"trace":[
						"<android.graphics.Paint: int getTextWidths(java.lang.CharSequence,int,int,float[])>",
						"<android.graphics.Paint: int getTextWidths(char[],int,int,float[])>"
					],
					"depth":1,
					"method":"<android.graphics.Paint: int getTextWidths(java.lang.CharSequence,int,int,float[])>",
					"source":"CALLER"
				}
			],
			"keyAPIDiffClass":[
				{
					"trace":[
						"<android.text.SpannableStringBuilder: int getTextWidths(int,int,float[],android.graphics.Paint)>",
						"<android.graphics.Paint: int getTextWidths(char[],int,int,float[])>"
					],
					"depth":1,
					"method":"<android.text.SpannableStringBuilder: int getTextWidths(int,int,float[],android.graphics.Paint)>",
					"source":"CALLER"
				},
				{
					"trace":[
						"<android.text.GraphicsOperations: int getTextWidths(int,int,float[],android.graphics.Paint)>",
						"<android.graphics.Paint: int getTextWidths(char[],int,int,float[])>"
					],
					"depth":1,
					"method":"<android.text.GraphicsOperations: int getTextWidths(int,int,float[],android.graphics.Paint)>",
					"source":"CALLER"
				}
			],
			"callerOfSingnlar2SourceVar":{
				"<android.graphics.Paint: int getTextWidths(char[],int,int,float[])>":"0"
			}
		},
		{
			"method":"<android.graphics.Paint: int getTextWidths(char[],int,int,float[])>",
			"message":"[\\s\\S]*",
			"relatedVarType":"Parameter",
			"relatedCondType":"Basic",
			"modifier":"public",
			"type":"java.lang.ArrayIndexOutOfBoundsException",
			"osVersionRelated":false,
			"resourceRelated":false,
			"assessRelated":false,
			"hardwareRelated":false,
			"manifestRelated":false,
			"conditions":"$i2 < 0, r0 != null, $i4 > $i3",
			"paramValues":"@parameter1: int, @parameter2: int, @parameter0: char[]",
			"relatedValues":"@parameter1: int, @parameter2: int, @parameter0: char[]; ; ",
			"keyAPISameClassNum":0,
			"keyAPIDiffClassNum":0,
			"keyAPISameClass":[
				{
					"trace":[
						"<android.graphics.Paint: int getTextWidths(char[],int,int,float[])>"
					],
					"depth":0,
					"method":"<android.graphics.Paint: int getTextWidths(char[],int,int,float[])>",
					"source":"CALLER"
				},
				{
					"trace":[
						"<android.graphics.Paint: int getTextWidths(java.lang.CharSequence,int,int,float[])>",
						"<android.graphics.Paint: int getTextWidths(char[],int,int,float[])>"
					],
					"depth":1,
					"method":"<android.graphics.Paint: int getTextWidths(java.lang.CharSequence,int,int,float[])>",
					"source":"CALLER"
				}
			],
			"keyAPIDiffClass":[
				{
					"trace":[
						"<android.widget.TextView$CharWrapper: int getTextWidths(int,int,float[],android.graphics.Paint)>",
						"<android.graphics.Paint: int getTextWidths(char[],int,int,float[])>"
					],
					"depth":1,
					"method":"<android.widget.TextView$CharWrapper: int getTextWidths(int,int,float[],android.graphics.Paint)>",
					"source":"CALLER"
				},
				{
					"trace":[
						"<android.text.GraphicsOperations: int getTextWidths(int,int,float[],android.graphics.Paint)>",
						"<android.graphics.Paint: int getTextWidths(char[],int,int,float[])>"
					],
					"depth":1,
					"method":"<android.text.GraphicsOperations: int getTextWidths(int,int,float[],android.graphics.Paint)>",
					"source":"CALLER"
				},
				{
					"trace":[
						"<android.text.SpannableStringBuilder: int getTextWidths(int,int,float[],android.graphics.Paint)>",
						"<android.graphics.Paint: int getTextWidths(char[],int,int,float[])>"
					],
					"depth":1,
					"method":"<android.text.SpannableStringBuilder: int getTextWidths(int,int,float[],android.graphics.Paint)>",
					"source":"CALLER"
				}
			],
			"callerOfSingnlar2SourceVar":{
				"<android.text.SpannableStringBuilder: int getTextWidths(int,int,float[],android.graphics.Paint)>":"0",
				"<android.graphics.Paint: int getTextWidths(char[],int,int,float[])>":"1, 2, 0"
			}
		},
		{
			"method":"<android.graphics.Paint: int getTextWidths(java.lang.CharSequence,int,int,float[])>",
			"message":"[\\s\\S]*",
			"relatedVarType":"Parameter",
			"relatedCondType":"Basic",
			"modifier":"public",
			"type":"java.lang.IndexOutOfBoundsException",
			"osVersionRelated":false,
			"resourceRelated":false,
			"assessRelated":false,
			"hardwareRelated":false,
			"manifestRelated":false,
			"conditions":"$i7 >= 0, r0 != null",
			"paramValues":"@parameter1: int, @parameter2: int, @parameter0: java.lang.CharSequence",
			"relatedValues":"@parameter1: int, @parameter2: int, @parameter0: java.lang.CharSequence; ; ",
			"keyAPISameClassNum":0,
			"keyAPIDiffClassNum":0,
			"keyAPISameClass":[
				{
					"trace":[
						"<android.graphics.Paint: int getTextWidths(java.lang.CharSequence,int,int,float[])>"
					],
					"depth":0,
					"method":"<android.graphics.Paint: int getTextWidths(java.lang.CharSequence,int,int,float[])>",
					"source":"CALLER"
				}
			],
			"keyAPIDiffClass":[],
			"callerOfSingnlar2SourceVar":{
				"<android.graphics.Paint: int getTextWidths(java.lang.CharSequence,int,int,float[])>":"1, 2, 0"
			}
		},
		{
			"method":"<android.graphics.Paint: int getTextWidths(java.lang.CharSequence,int,int,float[])>",
			"message":"\\Qtext cannot be null\\E",
			"relatedVarType":"Parameter",
			"relatedCondType":"Basic",
			"modifier":"public",
			"type":"java.lang.IllegalArgumentException",
			"osVersionRelated":false,
			"resourceRelated":false,
			"assessRelated":false,
			"hardwareRelated":false,
			"manifestRelated":false,
			"conditions":"r0 != null",
			"paramValues":"@parameter0: java.lang.CharSequence",
			"relatedValues":"@parameter0: java.lang.CharSequence; ; ",
			"keyAPISameClassNum":0,
			"keyAPIDiffClassNum":0,
			"keyAPISameClass":[
				{
					"trace":[
						"<android.graphics.Paint: int getTextWidths(java.lang.CharSequence,int,int,float[])>"
					],
					"depth":0,
					"method":"<android.graphics.Paint: int getTextWidths(java.lang.CharSequence,int,int,float[])>",
					"source":"CALLER"
				}
			],
			"keyAPIDiffClass":[],
			"callerOfSingnlar2SourceVar":{
				"<android.graphics.Paint: int getTextWidths(java.lang.CharSequence,int,int,float[])>":"0"
			}
		},
		{
			"method":"<android.graphics.Paint: int getTextWidths(java.lang.CharSequence,int,int,float[])>",
			"message":"[\\s\\S]*",
			"relatedVarType":"Parameter",
			"relatedCondType":"Basic",
			"modifier":"public",
			"type":"java.lang.ArrayIndexOutOfBoundsException",
			"osVersionRelated":false,
			"resourceRelated":false,
			"assessRelated":false,
			"hardwareRelated":false,
			"manifestRelated":false,
			"conditions":"$i9 <= $i8, $i7 >= 0, r0 != null",
			"paramValues":"@parameter2: int, @parameter1: int, @parameter3: float[], @parameter0: java.lang.CharSequence",
			"relatedValues":"@parameter2: int, @parameter1: int, @parameter3: float[], @parameter0: java.lang.CharSequence; ; ",
			"keyAPISameClassNum":0,
			"keyAPIDiffClassNum":0,
			"keyAPISameClass":[
				{
					"trace":[
						"<android.graphics.Paint: int getTextWidths(java.lang.CharSequence,int,int,float[])>"
					],
					"depth":0,
					"method":"<android.graphics.Paint: int getTextWidths(java.lang.CharSequence,int,int,float[])>",
					"source":"CALLER"
				}
			],
			"keyAPIDiffClass":[],
			"callerOfSingnlar2SourceVar":{
				"<android.graphics.Paint: int getTextWidths(java.lang.CharSequence,int,int,float[])>":"2, 1, 3, 0"
			}
		},
		{
			"method":"<android.graphics.Paint: int getTextWidths(java.lang.String,int,int,float[])>",
			"message":"[\\s\\S]*",
			"relatedVarType":"Parameter",
			"relatedCondType":"Basic",
			"modifier":"public",
			"type":"java.lang.IndexOutOfBoundsException",
			"osVersionRelated":false,
			"resourceRelated":false,
			"assessRelated":false,
			"hardwareRelated":false,
			"manifestRelated":false,
			"conditions":"$i7 >= 0, r0 != null",
			"paramValues":"@parameter1: int, @parameter2: int, @parameter0: java.lang.String",
			"relatedValues":"@parameter1: int, @parameter2: int, @parameter0: java.lang.String; ; ",
			"keyAPISameClassNum":0,
			"keyAPIDiffClassNum":0,
			"keyAPISameClass":[
				{
					"trace":[
						"<android.graphics.Paint: int getTextWidths(java.lang.String,int,int,float[])>"
					],
					"depth":0,
					"method":"<android.graphics.Paint: int getTextWidths(java.lang.String,int,int,float[])>",
					"source":"CALLER"
				},
				{
					"trace":[
						"<android.graphics.Paint: int getTextWidths(java.lang.CharSequence,int,int,float[])>",
						"<android.graphics.Paint: int getTextWidths(java.lang.String,int,int,float[])>"
					],
					"depth":1,
					"method":"<android.graphics.Paint: int getTextWidths(java.lang.CharSequence,int,int,float[])>",
					"source":"CALLER"
				},
				{
					"trace":[
						"<android.graphics.Paint: int getTextWidths(java.lang.String,float[])>",
						"<android.graphics.Paint: int getTextWidths(java.lang.String,int,int,float[])>"
					],
					"depth":1,
					"method":"<android.graphics.Paint: int getTextWidths(java.lang.String,float[])>",
					"source":"CALLER"
				}
			],
			"keyAPIDiffClass":[],
			"callerOfSingnlar2SourceVar":{
				"<android.graphics.Paint: int getTextWidths(java.lang.String,int,int,float[])>":"1, 2, 0",
				"<android.graphics.Paint: int getTextWidths(java.lang.String,float[])>":"0",
				"<android.graphics.Paint: int getTextWidths(java.lang.CharSequence,int,int,float[])>":"1, 2"
			}
		},
		{
			"method":"<android.graphics.Paint: int getTextWidths(java.lang.String,int,int,float[])>",
			"message":"\\Qtext cannot be null\\E",
			"relatedVarType":"Parameter",
			"relatedCondType":"Basic",
			"modifier":"public",
			"type":"java.lang.IllegalArgumentException",
			"osVersionRelated":false,
			"resourceRelated":false,
			"assessRelated":false,
			"hardwareRelated":false,
			"manifestRelated":false,
			"conditions":"r0 != null",
			"paramValues":"@parameter0: java.lang.String",
			"relatedValues":"@parameter0: java.lang.String; ; ",
			"keyAPISameClassNum":0,
			"keyAPIDiffClassNum":0,
			"keyAPISameClass":[
				{
					"trace":[
						"<android.graphics.Paint: int getTextWidths(java.lang.String,int,int,float[])>"
					],
					"depth":0,
					"method":"<android.graphics.Paint: int getTextWidths(java.lang.String,int,int,float[])>",
					"source":"CALLER"
				},
				{
					"trace":[
						"<android.graphics.Paint: int getTextWidths(java.lang.CharSequence,int,int,float[])>",
						"<android.graphics.Paint: int getTextWidths(java.lang.String,int,int,float[])>"
					],
					"depth":1,
					"method":"<android.graphics.Paint: int getTextWidths(java.lang.CharSequence,int,int,float[])>",
					"source":"CALLER"
				},
				{
					"trace":[
						"<android.graphics.Paint: int getTextWidths(java.lang.String,float[])>",
						"<android.graphics.Paint: int getTextWidths(java.lang.String,int,int,float[])>"
					],
					"depth":1,
					"method":"<android.graphics.Paint: int getTextWidths(java.lang.String,float[])>",
					"source":"CALLER"
				}
			],
			"keyAPIDiffClass":[],
			"callerOfSingnlar2SourceVar":{
				"<android.graphics.Paint: int getTextWidths(java.lang.String,float[])>":"0",
				"<android.graphics.Paint: int getTextWidths(java.lang.String,int,int,float[])>":"0"
			}
		},
		{
			"method":"<android.graphics.Paint: int getTextWidths(java.lang.String,int,int,float[])>",
			"message":"[\\s\\S]*",
			"relatedVarType":"Parameter",
			"relatedCondType":"Basic",
			"modifier":"public",
			"type":"java.lang.ArrayIndexOutOfBoundsException",
			"osVersionRelated":false,
			"resourceRelated":false,
			"assessRelated":false,
			"hardwareRelated":false,
			"manifestRelated":false,
			"conditions":"$i9 <= $i8, $i7 >= 0, r0 != null",
			"paramValues":"@parameter2: int, @parameter1: int, @parameter3: float[], @parameter0: java.lang.String",
			"relatedValues":"@parameter2: int, @parameter1: int, @parameter3: float[], @parameter0: java.lang.String; ; ",
			"keyAPISameClassNum":0,
			"keyAPIDiffClassNum":0,
			"keyAPISameClass":[
				{
					"trace":[
						"<android.graphics.Paint: int getTextWidths(java.lang.String,int,int,float[])>"
					],
					"depth":0,
					"method":"<android.graphics.Paint: int getTextWidths(java.lang.String,int,int,float[])>",
					"source":"CALLER"
				},
				{
					"trace":[
						"<android.graphics.Paint: int getTextWidths(java.lang.CharSequence,int,int,float[])>",
						"<android.graphics.Paint: int getTextWidths(java.lang.String,int,int,float[])>"
					],
					"depth":1,
					"method":"<android.graphics.Paint: int getTextWidths(java.lang.CharSequence,int,int,float[])>",
					"source":"CALLER"
				},
				{
					"trace":[
						"<android.graphics.Paint: int getTextWidths(java.lang.String,float[])>",
						"<android.graphics.Paint: int getTextWidths(java.lang.String,int,int,float[])>"
					],
					"depth":1,
					"method":"<android.graphics.Paint: int getTextWidths(java.lang.String,float[])>",
					"source":"CALLER"
				}
			],
			"keyAPIDiffClass":[],
			"callerOfSingnlar2SourceVar":{
				"<android.graphics.Paint: int getTextWidths(java.lang.String,int,int,float[])>":"2, 1, 3, 0",
				"<android.graphics.Paint: int getTextWidths(java.lang.String,float[])>":"1, 0",
				"<android.graphics.Paint: int getTextWidths(java.lang.CharSequence,int,int,float[])>":"2, 1, 3"
			}
		},
		{
			"method":"<android.graphics.Paint: float getTextRunAdvances(char[],int,int,int,int,boolean,float[],int)>",
			"message":"[\\s\\S]*",
			"relatedVarType":"Parameter",
			"relatedCondType":"Basic",
			"modifier":"public",
			"type":"java.lang.IndexOutOfBoundsException",
			"osVersionRelated":false,
			"resourceRelated":false,
			"assessRelated":false,
			"hardwareRelated":false,
			"manifestRelated":false,
			"conditions":"$i23 >= 0, r1 != null, r0 != null",
			"paramValues":"@parameter1: int, @parameter2: int, @parameter3: int, @parameter4: int, @parameter7: int, @parameter0: char[], @parameter6: float[]",
			"relatedValues":"@parameter1: int, @parameter2: int, @parameter3: int, @parameter4: int, @parameter7: int, @parameter0: char[], @parameter6: float[]; ; ",
			"keyAPISameClassNum":0,
			"keyAPIDiffClassNum":0,
			"keyAPISameClass":[
				{
					"trace":[
						"<android.graphics.Paint: float getTextRunAdvances(char[],int,int,int,int,boolean,float[],int)>"
					],
					"depth":0,
					"method":"<android.graphics.Paint: float getTextRunAdvances(char[],int,int,int,int,boolean,float[],int)>",
					"source":"CALLER"
				},
				{
					"trace":[
						"<android.graphics.Paint: float getTextRunAdvances(java.lang.CharSequence,int,int,int,int,boolean,float[],int)>",
						"<android.graphics.Paint: float getTextRunAdvances(char[],int,int,int,int,boolean,float[],int)>"
					],
					"depth":1,
					"method":"<android.graphics.Paint: float getTextRunAdvances(java.lang.CharSequence,int,int,int,int,boolean,float[],int)>",
					"source":"CALLER"
				}
			],
			"keyAPIDiffClass":[
				{
					"trace":[
						"<android.widget.TextView$CharWrapper: float getTextRunAdvances(int,int,int,int,boolean,float[],int,android.graphics.Paint)>",
						"<android.graphics.Paint: float getTextRunAdvances(char[],int,int,int,int,boolean,float[],int)>"
					],
					"depth":1,
					"method":"<android.widget.TextView$CharWrapper: float getTextRunAdvances(int,int,int,int,boolean,float[],int,android.graphics.Paint)>",
					"source":"CALLER"
				},
				{
					"trace":[
						"<android.text.GraphicsOperations: float getTextRunAdvances(int,int,int,int,boolean,float[],int,android.graphics.Paint)>",
						"<android.graphics.Paint: float getTextRunAdvances(char[],int,int,int,int,boolean,float[],int)>"
					],
					"depth":1,
					"method":"<android.text.GraphicsOperations: float getTextRunAdvances(int,int,int,int,boolean,float[],int,android.graphics.Paint)>",
					"source":"CALLER"
				},
				{
					"trace":[
						"<android.text.SpannableStringBuilder: float getTextRunAdvances(int,int,int,int,boolean,float[],int,android.graphics.Paint)>",
						"<android.graphics.Paint: float getTextRunAdvances(char[],int,int,int,int,boolean,float[],int)>"
					],
					"depth":1,
					"method":"<android.text.SpannableStringBuilder: float getTextRunAdvances(int,int,int,int,boolean,float[],int,android.graphics.Paint)>",
					"source":"CALLER"
				}
			],
			"callerOfSingnlar2SourceVar":{
				"<android.text.SpannableStringBuilder: float getTextRunAdvances(int,int,int,int,boolean,float[],int,android.graphics.Paint)>":"0, 2, 6, 5",
				"<android.text.MeasuredText: float addStyleRun(android.text.TextPaint,android.text.style.MetricAffectingSpan[],int,android.graphics.Paint$FontMetricsInt)>":"2",
				"<android.widget.TextView$CharWrapper: float getTextRunAdvances(int,int,int,int,boolean,float[],int,android.graphics.Paint)>":"6, 5",
				"<android.graphics.Paint: float getTextRunAdvances(java.lang.CharSequence,int,int,int,int,boolean,float[],int)>":"7, 6",
				"<android.graphics.Paint: float getTextRunAdvances(char[],int,int,int,int,boolean,float[],int)>":"1, 2, 3, 4, 7, 0, 6",
				"<android.text.MeasuredText: float addStyleRun(android.text.TextPaint,int,android.graphics.Paint$FontMetricsInt)>":"1"
			}
		},
		{
			"method":"<android.graphics.Paint: float getTextRunAdvances(char[],int,int,int,int,boolean,float[],int)>",
			"message":"\\Qtext cannot be null\\E",
			"relatedVarType":"Parameter",
			"relatedCondType":"Basic",
			"modifier":"public",
			"type":"java.lang.IllegalArgumentException",
			"osVersionRelated":false,
			"resourceRelated":false,
			"assessRelated":false,
			"hardwareRelated":false,
			"manifestRelated":false,
			"conditions":"r0 != null",
			"paramValues":"@parameter0: char[]",
			"relatedValues":"@parameter0: char[]; ; ",
			"keyAPISameClassNum":0,
			"keyAPIDiffClassNum":0,
			"keyAPISameClass":[
				{
					"trace":[
						"<android.graphics.Paint: float getTextRunAdvances(char[],int,int,int,int,boolean,float[],int)>"
					],
					"depth":0,
					"method":"<android.graphics.Paint: float getTextRunAdvances(char[],int,int,int,int,boolean,float[],int)>",
					"source":"CALLER"
				},
				{
					"trace":[
						"<android.graphics.Paint: float getTextRunAdvances(java.lang.CharSequence,int,int,int,int,boolean,float[],int)>",
						"<android.graphics.Paint: float getTextRunAdvances(char[],int,int,int,int,boolean,float[],int)>"
					],
					"depth":1,
					"method":"<android.graphics.Paint: float getTextRunAdvances(java.lang.CharSequence,int,int,int,int,boolean,float[],int)>",
					"source":"CALLER"
				}
			],
			"keyAPIDiffClass":[
				{
					"trace":[
						"<android.text.SpannableStringBuilder: float getTextRunAdvances(int,int,int,int,boolean,float[],int,android.graphics.Paint)>",
						"<android.graphics.Paint: float getTextRunAdvances(char[],int,int,int,int,boolean,float[],int)>"
					],
					"depth":1,
					"method":"<android.text.SpannableStringBuilder: float getTextRunAdvances(int,int,int,int,boolean,float[],int,android.graphics.Paint)>",
					"source":"CALLER"
				},
				{
					"trace":[
						"<android.text.GraphicsOperations: float getTextRunAdvances(int,int,int,int,boolean,float[],int,android.graphics.Paint)>",
						"<android.graphics.Paint: float getTextRunAdvances(char[],int,int,int,int,boolean,float[],int)>"
					],
					"depth":1,
					"method":"<android.text.GraphicsOperations: float getTextRunAdvances(int,int,int,int,boolean,float[],int,android.graphics.Paint)>",
					"source":"CALLER"
				}
			],
			"callerOfSingnlar2SourceVar":{
				"<android.graphics.Paint: float getTextRunAdvances(char[],int,int,int,int,boolean,float[],int)>":"0"
			}
		},
		{
			"method":"<android.graphics.Paint: float getTextRunAdvances(java.lang.CharSequence,int,int,int,int,boolean,float[],int)>",
			"message":"\\Qtext cannot be null\\E",
			"relatedVarType":"Parameter",
			"relatedCondType":"Basic",
			"modifier":"public",
			"type":"java.lang.IllegalArgumentException",
			"osVersionRelated":false,
			"resourceRelated":false,
			"assessRelated":false,
			"hardwareRelated":false,
			"manifestRelated":false,
			"conditions":"r0 != null",
			"paramValues":"@parameter0: java.lang.CharSequence",
			"relatedValues":"@parameter0: java.lang.CharSequence; ; ",
			"keyAPISameClassNum":0,
			"keyAPIDiffClassNum":0,
			"keyAPISameClass":[
				{
					"trace":[
						"<android.graphics.Paint: float getTextRunAdvances(java.lang.CharSequence,int,int,int,int,boolean,float[],int)>"
					],
					"depth":0,
					"method":"<android.graphics.Paint: float getTextRunAdvances(java.lang.CharSequence,int,int,int,int,boolean,float[],int)>",
					"source":"CALLER"
				}
			],
			"keyAPIDiffClass":[],
			"callerOfSingnlar2SourceVar":{
				"<android.graphics.Paint: float getTextRunAdvances(java.lang.CharSequence,int,int,int,int,boolean,float[],int)>":"0"
			}
		},
		{
			"method":"<android.graphics.Paint: float getTextRunAdvances(java.lang.CharSequence,int,int,int,int,boolean,float[],int)>",
			"message":"[\\s\\S]*",
			"relatedVarType":"Parameter",
			"relatedCondType":"Basic",
			"modifier":"public",
			"type":"java.lang.IndexOutOfBoundsException",
			"osVersionRelated":false,
			"resourceRelated":false,
			"assessRelated":false,
			"hardwareRelated":false,
			"manifestRelated":false,
			"conditions":"$i21 >= 0, r1 != null, r0 != null",
			"paramValues":"@parameter1: int, @parameter2: int, @parameter3: int, @parameter4: int, @parameter7: int, @parameter0: java.lang.CharSequence, @parameter6: float[]",
			"relatedValues":"@parameter1: int, @parameter2: int, @parameter3: int, @parameter4: int, @parameter7: int, @parameter0: java.lang.CharSequence, @parameter6: float[]; ; ",
			"keyAPISameClassNum":0,
			"keyAPIDiffClassNum":0,
			"keyAPISameClass":[
				{
					"trace":[
						"<android.graphics.Paint: float getTextRunAdvances(java.lang.CharSequence,int,int,int,int,boolean,float[],int)>"
					],
					"depth":0,
					"method":"<android.graphics.Paint: float getTextRunAdvances(java.lang.CharSequence,int,int,int,int,boolean,float[],int)>",
					"source":"CALLER"
				}
			],
			"keyAPIDiffClass":[],
			"callerOfSingnlar2SourceVar":{
				"<android.graphics.Paint: float getTextRunAdvances(java.lang.CharSequence,int,int,int,int,boolean,float[],int)>":"1, 2, 3, 4, 7, 0, 6"
			}
		},
		{
			"method":"<android.graphics.Paint: float getTextRunAdvances(java.lang.String,int,int,int,int,boolean,float[],int)>",
			"message":"[\\s\\S]*",
			"relatedVarType":"Parameter",
			"relatedCondType":"Basic",
			"modifier":"public",
			"type":"java.lang.IndexOutOfBoundsException",
			"osVersionRelated":false,
			"resourceRelated":false,
			"assessRelated":false,
			"hardwareRelated":false,
			"manifestRelated":false,
			"conditions":"$i21 >= 0, r1 != null, r0 != null",
			"paramValues":"@parameter1: int, @parameter2: int, @parameter3: int, @parameter4: int, @parameter7: int, @parameter0: java.lang.String, @parameter6: float[]",
			"relatedValues":"@parameter1: int, @parameter2: int, @parameter3: int, @parameter4: int, @parameter7: int, @parameter0: java.lang.String, @parameter6: float[]; ; ",
			"keyAPISameClassNum":0,
			"keyAPIDiffClassNum":0,
			"keyAPISameClass":[
				{
					"trace":[
						"<android.graphics.Paint: float getTextRunAdvances(java.lang.String,int,int,int,int,boolean,float[],int)>"
					],
					"depth":0,
					"method":"<android.graphics.Paint: float getTextRunAdvances(java.lang.String,int,int,int,int,boolean,float[],int)>",
					"source":"CALLER"
				},
				{
					"trace":[
						"<android.graphics.Paint: float getTextRunAdvances(java.lang.CharSequence,int,int,int,int,boolean,float[],int)>",
						"<android.graphics.Paint: float getTextRunAdvances(java.lang.String,int,int,int,int,boolean,float[],int)>"
					],
					"depth":1,
					"method":"<android.graphics.Paint: float getTextRunAdvances(java.lang.CharSequence,int,int,int,int,boolean,float[],int)>",
					"source":"CALLER"
				}
			],
			"keyAPIDiffClass":[],
			"callerOfSingnlar2SourceVar":{
				"<android.graphics.Paint: float getTextRunAdvances(java.lang.String,int,int,int,int,boolean,float[],int)>":"1, 2, 3, 4, 7, 0, 6",
				"<android.graphics.Paint: float getTextRunAdvances(java.lang.CharSequence,int,int,int,int,boolean,float[],int)>":"1, 2, 3, 4, 7, 6"
			}
		},
		{
			"method":"<android.graphics.Paint: float getTextRunAdvances(java.lang.String,int,int,int,int,boolean,float[],int)>",
			"message":"\\Qtext cannot be null\\E",
			"relatedVarType":"Parameter",
			"relatedCondType":"Basic",
			"modifier":"public",
			"type":"java.lang.IllegalArgumentException",
			"osVersionRelated":false,
			"resourceRelated":false,
			"assessRelated":false,
			"hardwareRelated":false,
			"manifestRelated":false,
			"conditions":"r0 != null",
			"paramValues":"@parameter0: java.lang.String",
			"relatedValues":"@parameter0: java.lang.String; ; ",
			"keyAPISameClassNum":0,
			"keyAPIDiffClassNum":0,
			"keyAPISameClass":[
				{
					"trace":[
						"<android.graphics.Paint: float getTextRunAdvances(java.lang.String,int,int,int,int,boolean,float[],int)>"
					],
					"depth":0,
					"method":"<android.graphics.Paint: float getTextRunAdvances(java.lang.String,int,int,int,int,boolean,float[],int)>",
					"source":"CALLER"
				},
				{
					"trace":[
						"<android.graphics.Paint: float getTextRunAdvances(java.lang.CharSequence,int,int,int,int,boolean,float[],int)>",
						"<android.graphics.Paint: float getTextRunAdvances(java.lang.String,int,int,int,int,boolean,float[],int)>"
					],
					"depth":1,
					"method":"<android.graphics.Paint: float getTextRunAdvances(java.lang.CharSequence,int,int,int,int,boolean,float[],int)>",
					"source":"CALLER"
				}
			],
			"keyAPIDiffClass":[],
			"callerOfSingnlar2SourceVar":{
				"<android.graphics.Paint: float getTextRunAdvances(java.lang.String,int,int,int,int,boolean,float[],int)>":"0"
			}
		},
		{
			"method":"<android.graphics.Paint: int getTextRunCursor(char[],int,int,int,int,int)>",
			"message":"[\\s\\S]*",
			"relatedVarType":"Parameter",
			"relatedCondType":"Basic",
			"modifier":"public",
			"type":"java.lang.IndexOutOfBoundsException",
			"osVersionRelated":false,
			"resourceRelated":false,
			"assessRelated":false,
			"hardwareRelated":false,
			"manifestRelated":false,
			"conditions":"$i16 < 0, i14 <= 4",
			"paramValues":"@parameter1: int, @parameter2: int, @parameter4: int, @parameter0: char[], @parameter5: int",
			"relatedValues":"@parameter1: int, @parameter2: int, @parameter4: int, @parameter0: char[], @parameter5: int; ; ",
			"keyAPISameClassNum":0,
			"keyAPIDiffClassNum":0,
			"keyAPISameClass":[
				{
					"trace":[
						"<android.graphics.Paint: int getTextRunCursor(char[],int,int,int,int,int)>"
					],
					"depth":0,
					"method":"<android.graphics.Paint: int getTextRunCursor(char[],int,int,int,int,int)>",
					"source":"CALLER"
				},
				{
					"trace":[
						"<android.graphics.Paint: int getTextRunCursor(java.lang.CharSequence,int,int,int,int,int)>",
						"<android.graphics.Paint: int getTextRunCursor(char[],int,int,int,int,int)>"
					],
					"depth":1,
					"method":"<android.graphics.Paint: int getTextRunCursor(java.lang.CharSequence,int,int,int,int,int)>",
					"source":"CALLER"
				}
			],
			"keyAPIDiffClass":[
				{
					"trace":[
						"<android.widget.TextView$CharWrapper: int getTextRunCursor(int,int,int,int,int,android.graphics.Paint)>",
						"<android.graphics.Paint: int getTextRunCursor(char[],int,int,int,int,int)>"
					],
					"depth":1,
					"method":"<android.widget.TextView$CharWrapper: int getTextRunCursor(int,int,int,int,int,android.graphics.Paint)>",
					"source":"CALLER"
				},
				{
					"trace":[
						"<android.text.GraphicsOperations: int getTextRunCursor(int,int,int,int,int,android.graphics.Paint)>",
						"<android.graphics.Paint: int getTextRunCursor(char[],int,int,int,int,int)>"
					],
					"depth":1,
					"method":"<android.text.GraphicsOperations: int getTextRunCursor(int,int,int,int,int,android.graphics.Paint)>",
					"source":"CALLER"
				},
				{
					"trace":[
						"<android.text.SpannableStringBuilder: int getTextRunCursor(int,int,int,int,int,android.graphics.Paint)>",
						"<android.graphics.Paint: int getTextRunCursor(char[],int,int,int,int,int)>"
					],
					"depth":1,
					"method":"<android.text.SpannableStringBuilder: int getTextRunCursor(int,int,int,int,int,android.graphics.Paint)>",
					"source":"CALLER"
				}
			],
			"callerOfSingnlar2SourceVar":{
				"<android.graphics.Paint: int getTextRunCursor(java.lang.CharSequence,int,int,int,int,int)>":"5",
				"<android.graphics.Paint: int getTextRunCursor(char[],int,int,int,int,int)>":"1, 2, 4, 0, 5",
				"<android.text.TextLine: int getOffsetToLeftRightOf(int,boolean)>":"0",
				"<android.text.TextLine: int getOffsetBeforeAfter(int,int,int,boolean,int,boolean)>":"4",
				"<android.text.SpannableStringBuilder: int getTextRunCursor(int,int,int,int,int,android.graphics.Paint)>":"0, 3, 4",
				"<android.widget.TextView$CharWrapper: int getTextRunCursor(int,int,int,int,int,android.graphics.Paint)>":"4"
			}
		},
		{
			"method":"<android.graphics.Paint: int getTextRunCursor(java.lang.String,int,int,int,int,int)>",
			"message":"[\\s\\S]*",
			"relatedVarType":"Parameter",
			"relatedCondType":"Basic",
			"modifier":"public",
			"type":"java.lang.IndexOutOfBoundsException",
			"osVersionRelated":false,
			"resourceRelated":false,
			"assessRelated":false,
			"hardwareRelated":false,
			"manifestRelated":false,
			"conditions":"$i15 < 0, i13 <= 4",
			"paramValues":"@parameter1: int, @parameter2: int, @parameter4: int, @parameter0: java.lang.String, @parameter5: int",
			"relatedValues":"@parameter1: int, @parameter2: int, @parameter4: int, @parameter0: java.lang.String, @parameter5: int; ; ",
			"keyAPISameClassNum":0,
			"keyAPIDiffClassNum":0,
			"keyAPISameClass":[
				{
					"trace":[
						"<android.graphics.Paint: int getTextRunCursor(java.lang.String,int,int,int,int,int)>"
					],
					"depth":0,
					"method":"<android.graphics.Paint: int getTextRunCursor(java.lang.String,int,int,int,int,int)>",
					"source":"CALLER"
				},
				{
					"trace":[
						"<android.graphics.Paint: int getTextRunCursor(java.lang.CharSequence,int,int,int,int,int)>",
						"<android.graphics.Paint: int getTextRunCursor(java.lang.String,int,int,int,int,int)>"
					],
					"depth":1,
					"method":"<android.graphics.Paint: int getTextRunCursor(java.lang.CharSequence,int,int,int,int,int)>",
					"source":"CALLER"
				}
			],
			"keyAPIDiffClass":[],
			"callerOfSingnlar2SourceVar":{
				"<android.graphics.Paint: int getTextRunCursor(java.lang.CharSequence,int,int,int,int,int)>":"1, 2, 4, 5",
				"<android.text.method.BaseKeyListener: int getOffsetForForwardDeleteKey(java.lang.CharSequence,int,android.graphics.Paint)>":"1",
				"<android.graphics.Paint: int getTextRunCursor(java.lang.String,int,int,int,int,int)>":"1, 2, 4, 0, 5"
			}
		},
		{
			"method":"<android.graphics.Paint: void getTextPath(char[],int,int,float,float,android.graphics.Path)>",
			"message":"[\\s\\S]*",
			"relatedVarType":"Parameter",
			"relatedCondType":"Basic",
			"modifier":"public",
			"type":"java.lang.ArrayIndexOutOfBoundsException",
			"osVersionRelated":false,
			"resourceRelated":false,
			"assessRelated":false,
			"hardwareRelated":false,
			"manifestRelated":false,
			"conditions":"$i2 < 0, $i4 <= $i3",
			"paramValues":"@parameter1: int, @parameter2: int, @parameter0: char[]",
			"relatedValues":"@parameter1: int, @parameter2: int, @parameter0: char[]; ; ",
			"keyAPISameClassNum":0,
			"keyAPIDiffClassNum":0,
			"keyAPISameClass":[
				{
					"trace":[
						"<android.graphics.Paint: void getTextPath(char[],int,int,float,float,android.graphics.Path)>"
					],
					"depth":0,
					"method":"<android.graphics.Paint: void getTextPath(char[],int,int,float,float,android.graphics.Path)>",
					"source":"CALLER"
				}
			],
			"keyAPIDiffClass":[],
			"callerOfSingnlar2SourceVar":{
				"<android.graphics.Paint: void getTextPath(char[],int,int,float,float,android.graphics.Path)>":"1, 2, 0"
			}
		},
		{
			"method":"<android.graphics.Paint: void getTextPath(java.lang.String,int,int,float,float,android.graphics.Path)>",
			"message":"[\\s\\S]*",
			"relatedVarType":"Parameter",
			"relatedCondType":"Basic",
			"modifier":"public",
			"type":"java.lang.IndexOutOfBoundsException",
			"osVersionRelated":false,
			"resourceRelated":false,
			"assessRelated":false,
			"hardwareRelated":false,
			"manifestRelated":false,
			"conditions":"$i7 >= 0",
			"paramValues":"@parameter1: int, @parameter2: int, @parameter0: java.lang.String",
			"relatedValues":"@parameter1: int, @parameter2: int, @parameter0: java.lang.String; ; ",
			"keyAPISameClassNum":0,
			"keyAPIDiffClassNum":0,
			"keyAPISameClass":[
				{
					"trace":[
						"<android.graphics.Paint: void getTextPath(java.lang.String,int,int,float,float,android.graphics.Path)>"
					],
					"depth":0,
					"method":"<android.graphics.Paint: void getTextPath(java.lang.String,int,int,float,float,android.graphics.Path)>",
					"source":"CALLER"
				}
			],
			"keyAPIDiffClass":[],
			"callerOfSingnlar2SourceVar":{
				"<android.graphics.Paint: void getTextPath(java.lang.String,int,int,float,float,android.graphics.Path)>":"1, 2, 0"
			}
		},
		{
			"method":"<android.graphics.Paint: void getTextBounds(java.lang.String,int,int,android.graphics.Rect)>",
			"message":"[\\s\\S]*",
			"relatedVarType":"Parameter",
			"relatedCondType":"Basic",
			"modifier":"public",
			"type":"java.lang.IndexOutOfBoundsException",
			"osVersionRelated":false,
			"resourceRelated":false,
			"assessRelated":false,
			"hardwareRelated":false,
			"manifestRelated":false,
			"conditions":"$i7 >= 0",
			"paramValues":"@parameter1: int, @parameter2: int, @parameter0: java.lang.String",
			"relatedValues":"@parameter1: int, @parameter2: int, @parameter0: java.lang.String; ; ",
			"keyAPISameClassNum":0,
			"keyAPIDiffClassNum":0,
			"keyAPISameClass":[
				{
					"trace":[
						"<android.graphics.Paint: void getTextBounds(java.lang.String,int,int,android.graphics.Rect)>"
					],
					"depth":0,
					"method":"<android.graphics.Paint: void getTextBounds(java.lang.String,int,int,android.graphics.Rect)>",
					"source":"CALLER"
				}
			],
			"keyAPIDiffClass":[],
			"callerOfSingnlar2SourceVar":{
				"<android.graphics.Paint: void getTextBounds(java.lang.String,int,int,android.graphics.Rect)>":"1, 2, 0"
			}
		},
		{
			"method":"<android.graphics.Paint: void getTextBounds(java.lang.String,int,int,android.graphics.Rect)>",
			"message":"\\Qneed bounds Rect\\E",
			"relatedVarType":"Parameter",
			"relatedCondType":"Basic",
			"modifier":"public",
			"type":"java.lang.NullPointerException",
			"osVersionRelated":false,
			"resourceRelated":false,
			"assessRelated":false,
			"hardwareRelated":false,
			"manifestRelated":false,
			"conditions":"r1 != null, $i7 >= 0",
			"paramValues":"@parameter3: android.graphics.Rect, @parameter1: int, @parameter2: int, @parameter0: java.lang.String",
			"relatedValues":"@parameter3: android.graphics.Rect, @parameter1: int, @parameter2: int, @parameter0: java.lang.String; ; ",
			"keyAPISameClassNum":0,
			"keyAPIDiffClassNum":0,
			"keyAPISameClass":[
				{
					"trace":[
						"<android.graphics.Paint: void getTextBounds(java.lang.String,int,int,android.graphics.Rect)>"
					],
					"depth":0,
					"method":"<android.graphics.Paint: void getTextBounds(java.lang.String,int,int,android.graphics.Rect)>",
					"source":"CALLER"
				}
			],
			"keyAPIDiffClass":[],
			"callerOfSingnlar2SourceVar":{
				"<android.graphics.Paint: void getTextBounds(java.lang.String,int,int,android.graphics.Rect)>":"3, 1, 2, 0"
			}
		},
		{
			"method":"<android.graphics.Paint: void getTextBounds(char[],int,int,android.graphics.Rect)>",
			"message":"\\Qneed bounds Rect\\E",
			"relatedVarType":"Parameter",
			"relatedCondType":"Basic",
			"modifier":"public",
			"type":"java.lang.NullPointerException",
			"osVersionRelated":false,
			"resourceRelated":false,
			"assessRelated":false,
			"hardwareRelated":false,
			"manifestRelated":false,
			"conditions":"r2 != null, $i4 <= $i3, $i2 < 0",
			"paramValues":"@parameter3: android.graphics.Rect, @parameter1: int, @parameter2: int, @parameter0: char[]",
			"relatedValues":"@parameter3: android.graphics.Rect, @parameter1: int, @parameter2: int, @parameter0: char[]; ; ",
			"keyAPISameClassNum":0,
			"keyAPIDiffClassNum":0,
			"keyAPISameClass":[
				{
					"trace":[
						"<android.graphics.Paint: void getTextBounds(char[],int,int,android.graphics.Rect)>"
					],
					"depth":0,
					"method":"<android.graphics.Paint: void getTextBounds(char[],int,int,android.graphics.Rect)>",
					"source":"CALLER"
				}
			],
			"keyAPIDiffClass":[],
			"callerOfSingnlar2SourceVar":{
				"<android.graphics.Paint: void getTextBounds(char[],int,int,android.graphics.Rect)>":"3, 1, 2, 0"
			}
		},
		{
			"method":"<android.graphics.Paint: void getTextBounds(char[],int,int,android.graphics.Rect)>",
			"message":"[\\s\\S]*",
			"relatedVarType":"Parameter",
			"relatedCondType":"Basic",
			"modifier":"public",
			"type":"java.lang.ArrayIndexOutOfBoundsException",
			"osVersionRelated":false,
			"resourceRelated":false,
			"assessRelated":false,
			"hardwareRelated":false,
			"manifestRelated":false,
			"conditions":"$i2 < 0, $i4 <= $i3",
			"paramValues":"@parameter1: int, @parameter2: int, @parameter0: char[]",
			"relatedValues":"@parameter1: int, @parameter2: int, @parameter0: char[]; ; ",
			"keyAPISameClassNum":0,
			"keyAPIDiffClassNum":0,
			"keyAPISameClass":[
				{
					"trace":[
						"<android.graphics.Paint: void getTextBounds(char[],int,int,android.graphics.Rect)>"
					],
					"depth":0,
					"method":"<android.graphics.Paint: void getTextBounds(char[],int,int,android.graphics.Rect)>",
					"source":"CALLER"
				}
			],
			"keyAPIDiffClass":[],
			"callerOfSingnlar2SourceVar":{
				"<android.graphics.Paint: void getTextBounds(char[],int,int,android.graphics.Rect)>":"1, 2, 0"
			}
		},
		{
			"method":"<android.graphics.Paint: float getRunAdvance(char[],int,int,int,int,boolean,int)>",
			"message":"\\Qtext cannot be null\\E",
			"relatedVarType":"Parameter",
			"relatedCondType":"Basic",
			"modifier":"public",
			"type":"java.lang.IllegalArgumentException",
			"osVersionRelated":false,
			"resourceRelated":false,
			"assessRelated":false,
			"hardwareRelated":false,
			"manifestRelated":false,
			"conditions":"r0 != null",
			"paramValues":"@parameter0: char[]",
			"relatedValues":"@parameter0: char[]; ; ",
			"keyAPISameClassNum":0,
			"keyAPIDiffClassNum":0,
			"keyAPISameClass":[
				{
					"trace":[
						"<android.graphics.Paint: float getRunAdvance(char[],int,int,int,int,boolean,int)>"
					],
					"depth":0,
					"method":"<android.graphics.Paint: float getRunAdvance(char[],int,int,int,int,boolean,int)>",
					"source":"CALLER"
				},
				{
					"trace":[
						"<android.graphics.Paint: float getRunAdvance(java.lang.CharSequence,int,int,int,int,boolean,int)>",
						"<android.graphics.Paint: float getRunAdvance(char[],int,int,int,int,boolean,int)>"
					],
					"depth":1,
					"method":"<android.graphics.Paint: float getRunAdvance(java.lang.CharSequence,int,int,int,int,boolean,int)>",
					"source":"CALLER"
				}
			],
			"keyAPIDiffClass":[],
			"callerOfSingnlar2SourceVar":{
				"<android.graphics.Paint: float getRunAdvance(char[],int,int,int,int,boolean,int)>":"0"
			}
		},
		{
			"method":"<android.graphics.Paint: float getRunAdvance(char[],int,int,int,int,boolean,int)>",
			"message":"[\\s\\S]*",
			"relatedVarType":"Parameter",
			"relatedCondType":"Basic",
			"modifier":"public",
			"type":"java.lang.IndexOutOfBoundsException",
			"osVersionRelated":false,
			"resourceRelated":false,
			"assessRelated":false,
			"hardwareRelated":false,
			"manifestRelated":false,
			"conditions":"$i19 >= 0, r0 != null",
			"paramValues":"@parameter3: int, @parameter1: int, @parameter6: int, @parameter2: int, @parameter4: int, @parameter0: char[]",
			"relatedValues":"@parameter3: int, @parameter1: int, @parameter6: int, @parameter2: int, @parameter4: int, @parameter0: char[]; ; ",
			"keyAPISameClassNum":0,
			"keyAPIDiffClassNum":0,
			"keyAPISameClass":[
				{
					"trace":[
						"<android.graphics.Paint: float getRunAdvance(char[],int,int,int,int,boolean,int)>"
					],
					"depth":0,
					"method":"<android.graphics.Paint: float getRunAdvance(char[],int,int,int,int,boolean,int)>",
					"source":"CALLER"
				},
				{
					"trace":[
						"<android.graphics.Paint: float getRunAdvance(java.lang.CharSequence,int,int,int,int,boolean,int)>",
						"<android.graphics.Paint: float getRunAdvance(char[],int,int,int,int,boolean,int)>"
					],
					"depth":1,
					"method":"<android.graphics.Paint: float getRunAdvance(java.lang.CharSequence,int,int,int,int,boolean,int)>",
					"source":"CALLER"
				}
			],
			"keyAPIDiffClass":[],
			"callerOfSingnlar2SourceVar":{
				"<android.text.TextLine: float measureRun(int,int,int,boolean,android.graphics.Paint$FontMetricsInt)>":"0, 1, 2",
				"<android.graphics.Paint: float getRunAdvance(char[],int,int,int,int,boolean,int)>":"3, 1, 6, 2, 4, 0",
				"<android.text.TextLine: float handleText(android.text.TextPaint,int,int,int,int,boolean,android.graphics.Canvas,float,int,int,int,android.graphics.Paint$FontMetricsInt,boolean,int)>":"3, 1, 13, 2, 4",
				"<android.text.TextLine: float handleRun(int,int,int,boolean,android.graphics.Canvas,float,int,int,int,android.graphics.Paint$FontMetricsInt,boolean)>":"0, 1, 2",
				"<android.text.TextLine: float drawRun(android.graphics.Canvas,int,int,boolean,float,int,int,int,boolean)>":"1, 2",
				"<android.text.TextLine: float measure(int,boolean,android.graphics.Paint$FontMetricsInt)>":"0"
			}
		},
		{
			"method":"<android.graphics.Paint: float getRunAdvance(java.lang.CharSequence,int,int,int,int,boolean,int)>",
			"message":"[\\s\\S]*",
			"relatedVarType":"Parameter",
			"relatedCondType":"Basic",
			"modifier":"public",
			"type":"java.lang.IndexOutOfBoundsException",
			"osVersionRelated":false,
			"resourceRelated":false,
			"assessRelated":false,
			"hardwareRelated":false,
			"manifestRelated":false,
			"conditions":"$i19 >= 0, r0 != null",
			"paramValues":"@parameter3: int, @parameter1: int, @parameter6: int, @parameter2: int, @parameter4: int, @parameter0: java.lang.CharSequence",
			"relatedValues":"@parameter3: int, @parameter1: int, @parameter6: int, @parameter2: int, @parameter4: int, @parameter0: java.lang.CharSequence; ; ",
			"keyAPISameClassNum":0,
			"keyAPIDiffClassNum":0,
			"keyAPISameClass":[
				{
					"trace":[
						"<android.graphics.Paint: float getRunAdvance(java.lang.CharSequence,int,int,int,int,boolean,int)>"
					],
					"depth":0,
					"method":"<android.graphics.Paint: float getRunAdvance(java.lang.CharSequence,int,int,int,int,boolean,int)>",
					"source":"CALLER"
				}
			],
			"keyAPIDiffClass":[],
			"callerOfSingnlar2SourceVar":{
				"<android.graphics.Paint: float getRunAdvance(java.lang.CharSequence,int,int,int,int,boolean,int)>":"3, 1, 6, 2, 4, 0"
			}
		},
		{
			"method":"<android.graphics.Paint: float getRunAdvance(java.lang.CharSequence,int,int,int,int,boolean,int)>",
			"message":"\\Qtext cannot be null\\E",
			"relatedVarType":"Parameter",
			"relatedCondType":"Basic",
			"modifier":"public",
			"type":"java.lang.IllegalArgumentException",
			"osVersionRelated":false,
			"resourceRelated":false,
			"assessRelated":false,
			"hardwareRelated":false,
			"manifestRelated":false,
			"conditions":"r0 != null",
			"paramValues":"@parameter0: java.lang.CharSequence",
			"relatedValues":"@parameter0: java.lang.CharSequence; ; ",
			"keyAPISameClassNum":0,
			"keyAPIDiffClassNum":0,
			"keyAPISameClass":[
				{
					"trace":[
						"<android.graphics.Paint: float getRunAdvance(java.lang.CharSequence,int,int,int,int,boolean,int)>"
					],
					"depth":0,
					"method":"<android.graphics.Paint: float getRunAdvance(java.lang.CharSequence,int,int,int,int,boolean,int)>",
					"source":"CALLER"
				}
			],
			"keyAPIDiffClass":[],
			"callerOfSingnlar2SourceVar":{
				"<android.graphics.Paint: float getRunAdvance(java.lang.CharSequence,int,int,int,int,boolean,int)>":"0"
			}
		},
		{
			"method":"<android.graphics.Paint: int getOffsetForAdvance(char[],int,int,int,int,boolean,float)>",
			"message":"\\Qtext cannot be null\\E",
			"relatedVarType":"Parameter",
			"relatedCondType":"Basic",
			"modifier":"public",
			"type":"java.lang.IllegalArgumentException",
			"osVersionRelated":false,
			"resourceRelated":false,
			"assessRelated":false,
			"hardwareRelated":false,
			"manifestRelated":false,
			"conditions":"r0 != null",
			"paramValues":"@parameter0: char[]",
			"relatedValues":"@parameter0: char[]; ; ",
			"keyAPISameClassNum":0,
			"keyAPIDiffClassNum":0,
			"keyAPISameClass":[
				{
					"trace":[
						"<android.graphics.Paint: int getOffsetForAdvance(char[],int,int,int,int,boolean,float)>"
					],
					"depth":0,
					"method":"<android.graphics.Paint: int getOffsetForAdvance(char[],int,int,int,int,boolean,float)>",
					"source":"CALLER"
				},
				{
					"trace":[
						"<android.graphics.Paint: int getOffsetForAdvance(java.lang.CharSequence,int,int,int,int,boolean,float)>",
						"<android.graphics.Paint: int getOffsetForAdvance(char[],int,int,int,int,boolean,float)>"
					],
					"depth":1,
					"method":"<android.graphics.Paint: int getOffsetForAdvance(java.lang.CharSequence,int,int,int,int,boolean,float)>",
					"source":"CALLER"
				}
			],
			"keyAPIDiffClass":[],
			"callerOfSingnlar2SourceVar":{
				"<android.graphics.Paint: int getOffsetForAdvance(char[],int,int,int,int,boolean,float)>":"0"
			}
		},
		{
			"method":"<android.graphics.Paint: int getOffsetForAdvance(char[],int,int,int,int,boolean,float)>",
			"message":"[\\s\\S]*",
			"relatedVarType":"Parameter",
			"relatedCondType":"Basic",
			"modifier":"public",
			"type":"java.lang.IndexOutOfBoundsException",
			"osVersionRelated":false,
			"resourceRelated":false,
			"assessRelated":false,
			"hardwareRelated":false,
			"manifestRelated":false,
			"conditions":"$i15 >= 0, r0 != null",
			"paramValues":"@parameter3: int, @parameter1: int, @parameter2: int, @parameter4: int, @parameter0: char[]",
			"relatedValues":"@parameter3: int, @parameter1: int, @parameter2: int, @parameter4: int, @parameter0: char[]; ; ",
			"keyAPISameClassNum":0,
			"keyAPIDiffClassNum":0,
			"keyAPISameClass":[
				{
					"trace":[
						"<android.graphics.Paint: int getOffsetForAdvance(char[],int,int,int,int,boolean,float)>"
					],
					"depth":0,
					"method":"<android.graphics.Paint: int getOffsetForAdvance(char[],int,int,int,int,boolean,float)>",
					"source":"CALLER"
				},
				{
					"trace":[
						"<android.graphics.Paint: int getOffsetForAdvance(java.lang.CharSequence,int,int,int,int,boolean,float)>",
						"<android.graphics.Paint: int getOffsetForAdvance(char[],int,int,int,int,boolean,float)>"
					],
					"depth":1,
					"method":"<android.graphics.Paint: int getOffsetForAdvance(java.lang.CharSequence,int,int,int,int,boolean,float)>",
					"source":"CALLER"
				}
			],
			"keyAPIDiffClass":[],
			"callerOfSingnlar2SourceVar":{
				"<android.graphics.Paint: int getOffsetForAdvance(char[],int,int,int,int,boolean,float)>":"3, 1, 2, 4, 0"
			}
		},
		{
			"method":"<android.graphics.Paint: int getOffsetForAdvance(java.lang.CharSequence,int,int,int,int,boolean,float)>",
			"message":"[\\s\\S]*",
			"relatedVarType":"Parameter",
			"relatedCondType":"Basic",
			"modifier":"public",
			"type":"java.lang.IndexOutOfBoundsException",
			"osVersionRelated":false,
			"resourceRelated":false,
			"assessRelated":false,
			"hardwareRelated":false,
			"manifestRelated":false,
			"conditions":"$i15 >= 0, r0 != null",
			"paramValues":"@parameter3: int, @parameter1: int, @parameter2: int, @parameter4: int, @parameter0: java.lang.CharSequence",
			"relatedValues":"@parameter3: int, @parameter1: int, @parameter2: int, @parameter4: int, @parameter0: java.lang.CharSequence; ; ",
			"keyAPISameClassNum":0,
			"keyAPIDiffClassNum":0,
			"keyAPISameClass":[
				{
					"trace":[
						"<android.graphics.Paint: int getOffsetForAdvance(java.lang.CharSequence,int,int,int,int,boolean,float)>"
					],
					"depth":0,
					"method":"<android.graphics.Paint: int getOffsetForAdvance(java.lang.CharSequence,int,int,int,int,boolean,float)>",
					"source":"CALLER"
				}
			],
			"keyAPIDiffClass":[],
			"callerOfSingnlar2SourceVar":{
				"<android.graphics.Paint: int getOffsetForAdvance(java.lang.CharSequence,int,int,int,int,boolean,float)>":"3, 1, 2, 4, 0"
			}
		},
		{
			"method":"<android.graphics.Paint: int getOffsetForAdvance(java.lang.CharSequence,int,int,int,int,boolean,float)>",
			"message":"\\Qtext cannot be null\\E",
			"relatedVarType":"Parameter",
			"relatedCondType":"Basic",
			"modifier":"public",
			"type":"java.lang.IllegalArgumentException",
			"osVersionRelated":false,
			"resourceRelated":false,
			"assessRelated":false,
			"hardwareRelated":false,
			"manifestRelated":false,
			"conditions":"r0 != null",
			"paramValues":"@parameter0: java.lang.CharSequence",
			"relatedValues":"@parameter0: java.lang.CharSequence; ; ",
			"keyAPISameClassNum":0,
			"keyAPIDiffClassNum":0,
			"keyAPISameClass":[
				{
					"trace":[
						"<android.graphics.Paint: int getOffsetForAdvance(java.lang.CharSequence,int,int,int,int,boolean,float)>"
					],
					"depth":0,
					"method":"<android.graphics.Paint: int getOffsetForAdvance(java.lang.CharSequence,int,int,int,int,boolean,float)>",
					"source":"CALLER"
				}
			],
			"keyAPIDiffClass":[],
			"callerOfSingnlar2SourceVar":{
				"<android.graphics.Paint: int getOffsetForAdvance(java.lang.CharSequence,int,int,int,int,boolean,float)>":"0"
			}
		}
	]
}