{
	"exceptions":[
		{
			"method":"<android.app.ActivityView: void <init>(android.content.Context,android.util.AttributeSet,int)>",
			"message":"\\QActivityView: Unable to create ActivityContainer. \\E[\\s\\S]*",
			"relatedVarType":"ParaAndField",
			"relatedCondType":"Basic",
			"modifier":"public",
			"type":"java.lang.RuntimeException",
			"osVersionRelated":false,
			"resourceRelated":false,
			"assessRelated":false,
			"hardwareRelated":false,
			"manifestRelated":false,
			"conditions":"$r4 != null, $z0 == 0, $z1 == 0",
			"paramValues":"@parameter0: android.content.Context",
			"fieldValues":"<android.app.ActivityView: android.app.Activity mActivity>",
			"caughtValues":"@caughtexception",
			"relatedValues":"@parameter0: android.content.Context; <android.app.ActivityView: android.app.Activity mActivity>; @caughtexception",
			"keyAPISameClassNum":3,
			"keyAPIDiffClassNum":0,
			"keyAPISameClass":[
				{
					"trace":[
						"<android.app.ActivityView: void <init>(android.content.Context,android.util.AttributeSet,int)>"
					],
					"depth":1,
					"method":"<android.app.ActivityView: void <init>(android.content.Context,android.util.AttributeSet,int)>",
					"source":"FIELD"
				},
				{
					"trace":[
						"<android.app.ActivityView: void <init>(android.content.Context,android.util.AttributeSet)>",
						"<android.app.ActivityView: void <init>(android.content.Context,android.util.AttributeSet,int)>",
						"key field: <android.app.ActivityView: android.app.Activity mActivity>",
						"<android.app.ActivityView: void <init>(android.content.Context,android.util.AttributeSet,int)>"
					],
					"depth":2,
					"method":"<android.app.ActivityView: void <init>(android.content.Context,android.util.AttributeSet)>",
					"source":"FIELDCALLER"
				},
				{
					"trace":[
						"<android.app.ActivityView: void <init>(android.content.Context)>",
						"<android.app.ActivityView: void <init>(android.content.Context,android.util.AttributeSet)>",
						"<android.app.ActivityView: void <init>(android.content.Context,android.util.AttributeSet,int)>",
						"key field: <android.app.ActivityView: android.app.Activity mActivity>",
						"<android.app.ActivityView: void <init>(android.content.Context,android.util.AttributeSet,int)>"
					],
					"depth":3,
					"method":"<android.app.ActivityView: void <init>(android.content.Context)>",
					"source":"FIELDCALLER"
				}
			],
			"keyAPIDiffClass":[],
			"callerOfSingnlar2SourceVar":{
				"<android.app.ActivityView: void <init>(android.content.Context)>":"0",
				"<android.app.ActivityView: void <init>(android.content.Context,android.util.AttributeSet)>":"0",
				"<android.app.ActivityView: void <init>(android.content.Context,android.util.AttributeSet,int)>":"0"
			}
		},
		{
			"method":"<android.app.ActivityView: void <init>(android.content.Context,android.util.AttributeSet,int)>",
			"message":"\\QThe ActivityView's Context is not an Activity.\\E",
			"relatedVarType":"ParaAndField",
			"relatedCondType":"Basic",
			"modifier":"public",
			"type":"java.lang.IllegalStateException",
			"osVersionRelated":false,
			"resourceRelated":false,
			"assessRelated":false,
			"hardwareRelated":false,
			"manifestRelated":false,
			"conditions":"$r4 != null, $z0 == 0, $z1 == 0",
			"paramValues":"@parameter0: android.content.Context",
			"fieldValues":"<android.app.ActivityView: android.app.Activity mActivity>",
			"relatedValues":"@parameter0: android.content.Context; <android.app.ActivityView: android.app.Activity mActivity>; ",
			"keyAPISameClassNum":3,
			"keyAPIDiffClassNum":0,
			"keyAPISameClass":[
				{
					"trace":[
						"<android.app.ActivityView: void <init>(android.content.Context,android.util.AttributeSet,int)>"
					],
					"depth":1,
					"method":"<android.app.ActivityView: void <init>(android.content.Context,android.util.AttributeSet,int)>",
					"source":"FIELD"
				},
				{
					"trace":[
						"<android.app.ActivityView: void <init>(android.content.Context,android.util.AttributeSet)>",
						"<android.app.ActivityView: void <init>(android.content.Context,android.util.AttributeSet,int)>",
						"key field: <android.app.ActivityView: android.app.Activity mActivity>",
						"<android.app.ActivityView: void <init>(android.content.Context,android.util.AttributeSet,int)>"
					],
					"depth":2,
					"method":"<android.app.ActivityView: void <init>(android.content.Context,android.util.AttributeSet)>",
					"source":"FIELDCALLER"
				},
				{
					"trace":[
						"<android.app.ActivityView: void <init>(android.content.Context)>",
						"<android.app.ActivityView: void <init>(android.content.Context,android.util.AttributeSet)>",
						"<android.app.ActivityView: void <init>(android.content.Context,android.util.AttributeSet,int)>",
						"key field: <android.app.ActivityView: android.app.Activity mActivity>",
						"<android.app.ActivityView: void <init>(android.content.Context,android.util.AttributeSet,int)>"
					],
					"depth":3,
					"method":"<android.app.ActivityView: void <init>(android.content.Context)>",
					"source":"FIELDCALLER"
				}
			],
			"keyAPIDiffClass":[],
			"callerOfSingnlar2SourceVar":{
				"<android.app.ActivityView: void <init>(android.content.Context)>":"0",
				"<android.app.ActivityView: void <init>(android.content.Context,android.util.AttributeSet)>":"0",
				"<android.app.ActivityView: void <init>(android.content.Context,android.util.AttributeSet,int)>":"0"
			}
		},
		{
			"method":"<android.app.ActivityView: void startActivity(android.content.Intent)>",
			"message":"[\\s\\S]*",
			"relatedVarType":"ParaAndField",
			"relatedCondType":"Basic",
			"modifier":"public",
			"type":"android.os.OperationCanceledException",
			"osVersionRelated":false,
			"resourceRelated":false,
			"assessRelated":false,
			"hardwareRelated":false,
			"manifestRelated":false,
			"conditions":"$i0 != -6, $r2 != null, $r1 != null",
			"paramValues":"@parameter0: android.content.Intent",
			"fieldValues":"<android.app.ActivityView: android.app.ActivityView$ActivityContainerWrapper mActivityContainer>, <android.app.ActivityView: android.view.Surface mSurface>",
			"relatedValues":"@parameter0: android.content.Intent; <android.app.ActivityView: android.app.ActivityView$ActivityContainerWrapper mActivityContainer>, <android.app.ActivityView: android.view.Surface mSurface>; ",
			"keyAPISameClassNum":9,
			"keyAPIDiffClassNum":4,
			"keyAPISameClass":[
				{
					"trace":[
						"<android.app.ActivityView: void startActivity(android.content.Intent)>"
					],
					"depth":1,
					"method":"<android.app.ActivityView: void <init>(android.content.Context,android.util.AttributeSet,int)>",
					"source":"FIELD"
				},
				{
					"trace":[
						"<android.app.ActivityView: void startActivity(android.content.Intent)>"
					],
					"depth":1,
					"method":"<android.app.ActivityView: void startActivity(android.content.Intent)>",
					"source":"FIELD"
				},
				{
					"trace":[
						"<android.app.ActivityView: void startActivity(android.content.Intent)>"
					],
					"depth":1,
					"method":"<android.app.ActivityView: void startActivity(android.content.IntentSender)>",
					"source":"FIELD"
				},
				{
					"trace":[
						"<android.app.ActivityView: void startActivity(android.content.Intent)>"
					],
					"depth":1,
					"method":"<android.app.ActivityView: void startActivity(android.app.PendingIntent)>",
					"source":"FIELD"
				},
				{
					"trace":[
						"<android.app.ActivityView: void startActivity(android.content.Intent)>"
					],
					"depth":1,
					"method":"<android.app.ActivityView: void release()>",
					"source":"FIELD"
				},
				{
					"trace":[
						"<android.app.ActivityView: void <init>(android.content.Context,android.util.AttributeSet)>",
						"<android.app.ActivityView: void <init>(android.content.Context,android.util.AttributeSet,int)>",
						"key field: <android.app.ActivityView: android.app.ActivityView$ActivityContainerWrapper mActivityContainer>",
						"<android.app.ActivityView: void startActivity(android.content.Intent)>"
					],
					"depth":2,
					"method":"<android.app.ActivityView: void <init>(android.content.Context,android.util.AttributeSet)>",
					"source":"FIELDCALLER"
				},
				{
					"trace":[
						"<android.app.ActivityView: boolean onTouchEvent(android.view.MotionEvent)>",
						"<android.app.ActivityView: boolean injectInputEvent(android.view.InputEvent)>",
						"key field: <android.app.ActivityView: android.app.ActivityView$ActivityContainerWrapper mActivityContainer>",
						"<android.app.ActivityView: void startActivity(android.content.Intent)>"
					],
					"depth":2,
					"method":"<android.app.ActivityView: boolean onTouchEvent(android.view.MotionEvent)>",
					"source":"FIELDCALLER"
				},
				{
					"trace":[
						"<android.app.ActivityView: boolean onGenericMotionEvent(android.view.MotionEvent)>",
						"<android.app.ActivityView: boolean injectInputEvent(android.view.InputEvent)>",
						"key field: <android.app.ActivityView: android.app.ActivityView$ActivityContainerWrapper mActivityContainer>",
						"<android.app.ActivityView: void startActivity(android.content.Intent)>"
					],
					"depth":2,
					"method":"<android.app.ActivityView: boolean onGenericMotionEvent(android.view.MotionEvent)>",
					"source":"FIELDCALLER"
				},
				{
					"trace":[
						"<android.app.ActivityView: void <init>(android.content.Context)>",
						"<android.app.ActivityView: void <init>(android.content.Context,android.util.AttributeSet)>",
						"<android.app.ActivityView: void <init>(android.content.Context,android.util.AttributeSet,int)>",
						"key field: <android.app.ActivityView: android.app.ActivityView$ActivityContainerWrapper mActivityContainer>",
						"<android.app.ActivityView: void startActivity(android.content.Intent)>"
					],
					"depth":3,
					"method":"<android.app.ActivityView: void <init>(android.content.Context)>",
					"source":"FIELDCALLER"
				}
			],
			"keyAPIDiffClass":[
				{
					"trace":[
						"<android.app.ActivityView$ActivityViewSurfaceTextureListener: boolean onSurfaceTextureDestroyed(android.graphics.SurfaceTexture)>",
						"<android.app.ActivityView: android.view.Surface access$602(android.app.ActivityView,android.view.Surface)>",
						"key field: <android.app.ActivityView: android.view.Surface mSurface>",
						"<android.app.ActivityView: void startActivity(android.content.Intent)>"
					],
					"depth":2,
					"method":"<android.app.ActivityView$ActivityViewSurfaceTextureListener: boolean onSurfaceTextureDestroyed(android.graphics.SurfaceTexture)>",
					"source":"FIELDCALLER"
				},
				{
					"trace":[
						"<android.view.TextureView$SurfaceTextureListener: boolean onSurfaceTextureDestroyed(android.graphics.SurfaceTexture)>",
						"<android.app.ActivityView: android.view.Surface access$602(android.app.ActivityView,android.view.Surface)>",
						"key field: <android.app.ActivityView: android.view.Surface mSurface>",
						"<android.app.ActivityView: void startActivity(android.content.Intent)>"
					],
					"depth":2,
					"method":"<android.view.TextureView$SurfaceTextureListener: boolean onSurfaceTextureDestroyed(android.graphics.SurfaceTexture)>",
					"source":"FIELDCALLER"
				},
				{
					"trace":[
						"<android.app.ActivityView$ActivityViewSurfaceTextureListener: void onSurfaceTextureAvailable(android.graphics.SurfaceTexture,int,int)>",
						"<android.app.ActivityView: void access$400(android.app.ActivityView)>",
						"<android.app.ActivityView: void attachToSurfaceWhenReady()>",
						"key field: <android.app.ActivityView: android.app.ActivityView$ActivityContainerWrapper mActivityContainer>",
						"<android.app.ActivityView: void startActivity(android.content.Intent)>"
					],
					"depth":3,
					"method":"<android.app.ActivityView$ActivityViewSurfaceTextureListener: void onSurfaceTextureAvailable(android.graphics.SurfaceTexture,int,int)>",
					"source":"FIELDCALLER"
				},
				{
					"trace":[
						"<android.view.TextureView$SurfaceTextureListener: void onSurfaceTextureAvailable(android.graphics.SurfaceTexture,int,int)>",
						"<android.app.ActivityView: void access$400(android.app.ActivityView)>",
						"<android.app.ActivityView: void attachToSurfaceWhenReady()>",
						"key field: <android.app.ActivityView: android.app.ActivityView$ActivityContainerWrapper mActivityContainer>",
						"<android.app.ActivityView: void startActivity(android.content.Intent)>"
					],
					"depth":3,
					"method":"<android.view.TextureView$SurfaceTextureListener: void onSurfaceTextureAvailable(android.graphics.SurfaceTexture,int,int)>",
					"source":"FIELDCALLER"
				}
			],
			"callerOfSingnlar2SourceVar":{
				"<android.app.ActivityView: void startActivity(android.content.Intent)>":"0"
			}
		},
		{
			"method":"<android.app.ActivityView: void startActivity(android.content.Intent)>",
			"message":"\\QAttempt to call startActivity after release\\E",
			"relatedVarType":"Field",
			"relatedCondType":"Basic",
			"modifier":"public",
			"type":"java.lang.IllegalStateException",
			"osVersionRelated":false,
			"resourceRelated":false,
			"assessRelated":false,
			"hardwareRelated":false,
			"manifestRelated":false,
			"conditions":"$r1 != null",
			"fieldValues":"<android.app.ActivityView: android.app.ActivityView$ActivityContainerWrapper mActivityContainer>",
			"relatedValues":"; <android.app.ActivityView: android.app.ActivityView$ActivityContainerWrapper mActivityContainer>; ",
			"keyAPISameClassNum":9,
			"keyAPIDiffClassNum":2,
			"keyAPISameClass":[
				{
					"trace":[
						"<android.app.ActivityView: void startActivity(android.content.Intent)>"
					],
					"depth":1,
					"method":"<android.app.ActivityView: void <init>(android.content.Context,android.util.AttributeSet,int)>",
					"source":"FIELD"
				},
				{
					"trace":[
						"<android.app.ActivityView: void startActivity(android.content.Intent)>"
					],
					"depth":1,
					"method":"<android.app.ActivityView: void startActivity(android.content.Intent)>",
					"source":"FIELD"
				},
				{
					"trace":[
						"<android.app.ActivityView: void startActivity(android.content.Intent)>"
					],
					"depth":1,
					"method":"<android.app.ActivityView: void startActivity(android.content.IntentSender)>",
					"source":"FIELD"
				},
				{
					"trace":[
						"<android.app.ActivityView: void startActivity(android.content.Intent)>"
					],
					"depth":1,
					"method":"<android.app.ActivityView: void startActivity(android.app.PendingIntent)>",
					"source":"FIELD"
				},
				{
					"trace":[
						"<android.app.ActivityView: void startActivity(android.content.Intent)>"
					],
					"depth":1,
					"method":"<android.app.ActivityView: void release()>",
					"source":"FIELD"
				},
				{
					"trace":[
						"<android.app.ActivityView: void <init>(android.content.Context,android.util.AttributeSet)>",
						"<android.app.ActivityView: void <init>(android.content.Context,android.util.AttributeSet,int)>",
						"key field: <android.app.ActivityView: android.app.ActivityView$ActivityContainerWrapper mActivityContainer>",
						"<android.app.ActivityView: void startActivity(android.content.Intent)>"
					],
					"depth":2,
					"method":"<android.app.ActivityView: void <init>(android.content.Context,android.util.AttributeSet)>",
					"source":"FIELDCALLER"
				},
				{
					"trace":[
						"<android.app.ActivityView: boolean onTouchEvent(android.view.MotionEvent)>",
						"<android.app.ActivityView: boolean injectInputEvent(android.view.InputEvent)>",
						"key field: <android.app.ActivityView: android.app.ActivityView$ActivityContainerWrapper mActivityContainer>",
						"<android.app.ActivityView: void startActivity(android.content.Intent)>"
					],
					"depth":2,
					"method":"<android.app.ActivityView: boolean onTouchEvent(android.view.MotionEvent)>",
					"source":"FIELDCALLER"
				},
				{
					"trace":[
						"<android.app.ActivityView: boolean onGenericMotionEvent(android.view.MotionEvent)>",
						"<android.app.ActivityView: boolean injectInputEvent(android.view.InputEvent)>",
						"key field: <android.app.ActivityView: android.app.ActivityView$ActivityContainerWrapper mActivityContainer>",
						"<android.app.ActivityView: void startActivity(android.content.Intent)>"
					],
					"depth":2,
					"method":"<android.app.ActivityView: boolean onGenericMotionEvent(android.view.MotionEvent)>",
					"source":"FIELDCALLER"
				},
				{
					"trace":[
						"<android.app.ActivityView: void <init>(android.content.Context)>",
						"<android.app.ActivityView: void <init>(android.content.Context,android.util.AttributeSet)>",
						"<android.app.ActivityView: void <init>(android.content.Context,android.util.AttributeSet,int)>",
						"key field: <android.app.ActivityView: android.app.ActivityView$ActivityContainerWrapper mActivityContainer>",
						"<android.app.ActivityView: void startActivity(android.content.Intent)>"
					],
					"depth":3,
					"method":"<android.app.ActivityView: void <init>(android.content.Context)>",
					"source":"FIELDCALLER"
				}
			],
			"keyAPIDiffClass":[
				{
					"trace":[
						"<android.app.ActivityView$ActivityViewSurfaceTextureListener: void onSurfaceTextureAvailable(android.graphics.SurfaceTexture,int,int)>",
						"<android.app.ActivityView: void access$400(android.app.ActivityView)>",
						"<android.app.ActivityView: void attachToSurfaceWhenReady()>",
						"key field: <android.app.ActivityView: android.app.ActivityView$ActivityContainerWrapper mActivityContainer>",
						"<android.app.ActivityView: void startActivity(android.content.Intent)>"
					],
					"depth":3,
					"method":"<android.app.ActivityView$ActivityViewSurfaceTextureListener: void onSurfaceTextureAvailable(android.graphics.SurfaceTexture,int,int)>",
					"source":"FIELDCALLER"
				},
				{
					"trace":[
						"<android.view.TextureView$SurfaceTextureListener: void onSurfaceTextureAvailable(android.graphics.SurfaceTexture,int,int)>",
						"<android.app.ActivityView: void access$400(android.app.ActivityView)>",
						"<android.app.ActivityView: void attachToSurfaceWhenReady()>",
						"key field: <android.app.ActivityView: android.app.ActivityView$ActivityContainerWrapper mActivityContainer>",
						"<android.app.ActivityView: void startActivity(android.content.Intent)>"
					],
					"depth":3,
					"method":"<android.view.TextureView$SurfaceTextureListener: void onSurfaceTextureAvailable(android.graphics.SurfaceTexture,int,int)>",
					"source":"FIELDCALLER"
				}
			],
			"callerOfSingnlar2SourceVar":{}
		},
		{
			"method":"<android.app.ActivityView: void startActivity(android.content.Intent)>",
			"message":"\\QSurface not yet created.\\E",
			"relatedVarType":"Field",
			"relatedCondType":"Basic",
			"modifier":"public",
			"type":"java.lang.IllegalStateException",
			"osVersionRelated":false,
			"resourceRelated":false,
			"assessRelated":false,
			"hardwareRelated":false,
			"manifestRelated":false,
			"conditions":"$r2 != null, $r1 != null",
			"fieldValues":"<android.app.ActivityView: android.view.Surface mSurface>, <android.app.ActivityView: android.app.ActivityView$ActivityContainerWrapper mActivityContainer>",
			"relatedValues":"; <android.app.ActivityView: android.view.Surface mSurface>, <android.app.ActivityView: android.app.ActivityView$ActivityContainerWrapper mActivityContainer>; ",
			"keyAPISameClassNum":9,
			"keyAPIDiffClassNum":4,
			"keyAPISameClass":[
				{
					"trace":[
						"<android.app.ActivityView: void startActivity(android.content.Intent)>"
					],
					"depth":1,
					"method":"<android.app.ActivityView: void release()>",
					"source":"FIELD"
				},
				{
					"trace":[
						"<android.app.ActivityView: void startActivity(android.content.Intent)>"
					],
					"depth":1,
					"method":"<android.app.ActivityView: void <init>(android.content.Context,android.util.AttributeSet,int)>",
					"source":"FIELD"
				},
				{
					"trace":[
						"<android.app.ActivityView: void startActivity(android.content.Intent)>"
					],
					"depth":1,
					"method":"<android.app.ActivityView: void startActivity(android.content.Intent)>",
					"source":"FIELD"
				},
				{
					"trace":[
						"<android.app.ActivityView: void startActivity(android.content.Intent)>"
					],
					"depth":1,
					"method":"<android.app.ActivityView: void startActivity(android.content.IntentSender)>",
					"source":"FIELD"
				},
				{
					"trace":[
						"<android.app.ActivityView: void startActivity(android.content.Intent)>"
					],
					"depth":1,
					"method":"<android.app.ActivityView: void startActivity(android.app.PendingIntent)>",
					"source":"FIELD"
				},
				{
					"trace":[
						"<android.app.ActivityView: void <init>(android.content.Context,android.util.AttributeSet)>",
						"<android.app.ActivityView: void <init>(android.content.Context,android.util.AttributeSet,int)>",
						"key field: <android.app.ActivityView: android.app.ActivityView$ActivityContainerWrapper mActivityContainer>",
						"<android.app.ActivityView: void startActivity(android.content.Intent)>"
					],
					"depth":2,
					"method":"<android.app.ActivityView: void <init>(android.content.Context,android.util.AttributeSet)>",
					"source":"FIELDCALLER"
				},
				{
					"trace":[
						"<android.app.ActivityView: boolean onTouchEvent(android.view.MotionEvent)>",
						"<android.app.ActivityView: boolean injectInputEvent(android.view.InputEvent)>",
						"key field: <android.app.ActivityView: android.app.ActivityView$ActivityContainerWrapper mActivityContainer>",
						"<android.app.ActivityView: void startActivity(android.content.Intent)>"
					],
					"depth":2,
					"method":"<android.app.ActivityView: boolean onTouchEvent(android.view.MotionEvent)>",
					"source":"FIELDCALLER"
				},
				{
					"trace":[
						"<android.app.ActivityView: boolean onGenericMotionEvent(android.view.MotionEvent)>",
						"<android.app.ActivityView: boolean injectInputEvent(android.view.InputEvent)>",
						"key field: <android.app.ActivityView: android.app.ActivityView$ActivityContainerWrapper mActivityContainer>",
						"<android.app.ActivityView: void startActivity(android.content.Intent)>"
					],
					"depth":2,
					"method":"<android.app.ActivityView: boolean onGenericMotionEvent(android.view.MotionEvent)>",
					"source":"FIELDCALLER"
				},
				{
					"trace":[
						"<android.app.ActivityView: void <init>(android.content.Context)>",
						"<android.app.ActivityView: void <init>(android.content.Context,android.util.AttributeSet)>",
						"<android.app.ActivityView: void <init>(android.content.Context,android.util.AttributeSet,int)>",
						"key field: <android.app.ActivityView: android.app.ActivityView$ActivityContainerWrapper mActivityContainer>",
						"<android.app.ActivityView: void startActivity(android.content.Intent)>"
					],
					"depth":3,
					"method":"<android.app.ActivityView: void <init>(android.content.Context)>",
					"source":"FIELDCALLER"
				}
			],
			"keyAPIDiffClass":[
				{
					"trace":[
						"<android.app.ActivityView$ActivityViewSurfaceTextureListener: boolean onSurfaceTextureDestroyed(android.graphics.SurfaceTexture)>",
						"<android.app.ActivityView: android.view.Surface access$602(android.app.ActivityView,android.view.Surface)>",
						"key field: <android.app.ActivityView: android.view.Surface mSurface>",
						"<android.app.ActivityView: void startActivity(android.content.Intent)>"
					],
					"depth":2,
					"method":"<android.app.ActivityView$ActivityViewSurfaceTextureListener: boolean onSurfaceTextureDestroyed(android.graphics.SurfaceTexture)>",
					"source":"FIELDCALLER"
				},
				{
					"trace":[
						"<android.view.TextureView$SurfaceTextureListener: boolean onSurfaceTextureDestroyed(android.graphics.SurfaceTexture)>",
						"<android.app.ActivityView: android.view.Surface access$602(android.app.ActivityView,android.view.Surface)>",
						"key field: <android.app.ActivityView: android.view.Surface mSurface>",
						"<android.app.ActivityView: void startActivity(android.content.Intent)>"
					],
					"depth":2,
					"method":"<android.view.TextureView$SurfaceTextureListener: boolean onSurfaceTextureDestroyed(android.graphics.SurfaceTexture)>",
					"source":"FIELDCALLER"
				},
				{
					"trace":[
						"<android.app.ActivityView$ActivityViewSurfaceTextureListener: void onSurfaceTextureAvailable(android.graphics.SurfaceTexture,int,int)>",
						"<android.app.ActivityView: void access$400(android.app.ActivityView)>",
						"<android.app.ActivityView: void attachToSurfaceWhenReady()>",
						"key field: <android.app.ActivityView: android.view.Surface mSurface>",
						"<android.app.ActivityView: void startActivity(android.content.Intent)>"
					],
					"depth":3,
					"method":"<android.app.ActivityView$ActivityViewSurfaceTextureListener: void onSurfaceTextureAvailable(android.graphics.SurfaceTexture,int,int)>",
					"source":"FIELDCALLER"
				},
				{
					"trace":[
						"<android.view.TextureView$SurfaceTextureListener: void onSurfaceTextureAvailable(android.graphics.SurfaceTexture,int,int)>",
						"<android.app.ActivityView: void access$400(android.app.ActivityView)>",
						"<android.app.ActivityView: void attachToSurfaceWhenReady()>",
						"key field: <android.app.ActivityView: android.view.Surface mSurface>",
						"<android.app.ActivityView: void startActivity(android.content.Intent)>"
					],
					"depth":3,
					"method":"<android.view.TextureView$SurfaceTextureListener: void onSurfaceTextureAvailable(android.graphics.SurfaceTexture,int,int)>",
					"source":"FIELDCALLER"
				}
			],
			"callerOfSingnlar2SourceVar":{}
		},
		{
			"method":"<android.app.ActivityView: void startActivity(android.content.IntentSender)>",
			"message":"\\QSurface not yet created.\\E",
			"relatedVarType":"Field",
			"relatedCondType":"Basic",
			"modifier":"public",
			"type":"java.lang.IllegalStateException",
			"osVersionRelated":false,
			"resourceRelated":false,
			"assessRelated":false,
			"hardwareRelated":false,
			"manifestRelated":false,
			"conditions":"$r2 != null, $r1 != null",
			"fieldValues":"<android.app.ActivityView: android.view.Surface mSurface>, <android.app.ActivityView: android.app.ActivityView$ActivityContainerWrapper mActivityContainer>",
			"relatedValues":"; <android.app.ActivityView: android.view.Surface mSurface>, <android.app.ActivityView: android.app.ActivityView$ActivityContainerWrapper mActivityContainer>; ",
			"keyAPISameClassNum":9,
			"keyAPIDiffClassNum":4,
			"keyAPISameClass":[
				{
					"trace":[
						"<android.app.ActivityView: void startActivity(android.content.IntentSender)>"
					],
					"depth":1,
					"method":"<android.app.ActivityView: void release()>",
					"source":"FIELD"
				},
				{
					"trace":[
						"<android.app.ActivityView: void startActivity(android.content.IntentSender)>"
					],
					"depth":1,
					"method":"<android.app.ActivityView: void <init>(android.content.Context,android.util.AttributeSet,int)>",
					"source":"FIELD"
				},
				{
					"trace":[
						"<android.app.ActivityView: void startActivity(android.content.IntentSender)>"
					],
					"depth":1,
					"method":"<android.app.ActivityView: void startActivity(android.content.Intent)>",
					"source":"FIELD"
				},
				{
					"trace":[
						"<android.app.ActivityView: void startActivity(android.content.IntentSender)>"
					],
					"depth":1,
					"method":"<android.app.ActivityView: void startActivity(android.content.IntentSender)>",
					"source":"FIELD"
				},
				{
					"trace":[
						"<android.app.ActivityView: void startActivity(android.content.IntentSender)>"
					],
					"depth":1,
					"method":"<android.app.ActivityView: void startActivity(android.app.PendingIntent)>",
					"source":"FIELD"
				},
				{
					"trace":[
						"<android.app.ActivityView: void <init>(android.content.Context,android.util.AttributeSet)>",
						"<android.app.ActivityView: void <init>(android.content.Context,android.util.AttributeSet,int)>",
						"key field: <android.app.ActivityView: android.app.ActivityView$ActivityContainerWrapper mActivityContainer>",
						"<android.app.ActivityView: void startActivity(android.content.IntentSender)>"
					],
					"depth":2,
					"method":"<android.app.ActivityView: void <init>(android.content.Context,android.util.AttributeSet)>",
					"source":"FIELDCALLER"
				},
				{
					"trace":[
						"<android.app.ActivityView: boolean onTouchEvent(android.view.MotionEvent)>",
						"<android.app.ActivityView: boolean injectInputEvent(android.view.InputEvent)>",
						"key field: <android.app.ActivityView: android.app.ActivityView$ActivityContainerWrapper mActivityContainer>",
						"<android.app.ActivityView: void startActivity(android.content.IntentSender)>"
					],
					"depth":2,
					"method":"<android.app.ActivityView: boolean onTouchEvent(android.view.MotionEvent)>",
					"source":"FIELDCALLER"
				},
				{
					"trace":[
						"<android.app.ActivityView: boolean onGenericMotionEvent(android.view.MotionEvent)>",
						"<android.app.ActivityView: boolean injectInputEvent(android.view.InputEvent)>",
						"key field: <android.app.ActivityView: android.app.ActivityView$ActivityContainerWrapper mActivityContainer>",
						"<android.app.ActivityView: void startActivity(android.content.IntentSender)>"
					],
					"depth":2,
					"method":"<android.app.ActivityView: boolean onGenericMotionEvent(android.view.MotionEvent)>",
					"source":"FIELDCALLER"
				},
				{
					"trace":[
						"<android.app.ActivityView: void <init>(android.content.Context)>",
						"<android.app.ActivityView: void <init>(android.content.Context,android.util.AttributeSet)>",
						"<android.app.ActivityView: void <init>(android.content.Context,android.util.AttributeSet,int)>",
						"key field: <android.app.ActivityView: android.app.ActivityView$ActivityContainerWrapper mActivityContainer>",
						"<android.app.ActivityView: void startActivity(android.content.IntentSender)>"
					],
					"depth":3,
					"method":"<android.app.ActivityView: void <init>(android.content.Context)>",
					"source":"FIELDCALLER"
				}
			],
			"keyAPIDiffClass":[
				{
					"trace":[
						"<android.app.ActivityView$ActivityViewSurfaceTextureListener: boolean onSurfaceTextureDestroyed(android.graphics.SurfaceTexture)>",
						"<android.app.ActivityView: android.view.Surface access$602(android.app.ActivityView,android.view.Surface)>",
						"key field: <android.app.ActivityView: android.view.Surface mSurface>",
						"<android.app.ActivityView: void startActivity(android.content.IntentSender)>"
					],
					"depth":2,
					"method":"<android.app.ActivityView$ActivityViewSurfaceTextureListener: boolean onSurfaceTextureDestroyed(android.graphics.SurfaceTexture)>",
					"source":"FIELDCALLER"
				},
				{
					"trace":[
						"<android.view.TextureView$SurfaceTextureListener: boolean onSurfaceTextureDestroyed(android.graphics.SurfaceTexture)>",
						"<android.app.ActivityView: android.view.Surface access$602(android.app.ActivityView,android.view.Surface)>",
						"key field: <android.app.ActivityView: android.view.Surface mSurface>",
						"<android.app.ActivityView: void startActivity(android.content.IntentSender)>"
					],
					"depth":2,
					"method":"<android.view.TextureView$SurfaceTextureListener: boolean onSurfaceTextureDestroyed(android.graphics.SurfaceTexture)>",
					"source":"FIELDCALLER"
				},
				{
					"trace":[
						"<android.app.ActivityView$ActivityViewSurfaceTextureListener: void onSurfaceTextureAvailable(android.graphics.SurfaceTexture,int,int)>",
						"<android.app.ActivityView: void access$400(android.app.ActivityView)>",
						"<android.app.ActivityView: void attachToSurfaceWhenReady()>",
						"key field: <android.app.ActivityView: android.view.Surface mSurface>",
						"<android.app.ActivityView: void startActivity(android.content.IntentSender)>"
					],
					"depth":3,
					"method":"<android.app.ActivityView$ActivityViewSurfaceTextureListener: void onSurfaceTextureAvailable(android.graphics.SurfaceTexture,int,int)>",
					"source":"FIELDCALLER"
				},
				{
					"trace":[
						"<android.view.TextureView$SurfaceTextureListener: void onSurfaceTextureAvailable(android.graphics.SurfaceTexture,int,int)>",
						"<android.app.ActivityView: void access$400(android.app.ActivityView)>",
						"<android.app.ActivityView: void attachToSurfaceWhenReady()>",
						"key field: <android.app.ActivityView: android.view.Surface mSurface>",
						"<android.app.ActivityView: void startActivity(android.content.IntentSender)>"
					],
					"depth":3,
					"method":"<android.view.TextureView$SurfaceTextureListener: void onSurfaceTextureAvailable(android.graphics.SurfaceTexture,int,int)>",
					"source":"FIELDCALLER"
				}
			],
			"callerOfSingnlar2SourceVar":{}
		},
		{
			"method":"<android.app.ActivityView: void startActivity(android.content.IntentSender)>",
			"message":"\\QAttempt to call startActivity after release\\E",
			"relatedVarType":"Field",
			"relatedCondType":"Basic",
			"modifier":"public",
			"type":"java.lang.IllegalStateException",
			"osVersionRelated":false,
			"resourceRelated":false,
			"assessRelated":false,
			"hardwareRelated":false,
			"manifestRelated":false,
			"conditions":"$r1 != null",
			"fieldValues":"<android.app.ActivityView: android.app.ActivityView$ActivityContainerWrapper mActivityContainer>",
			"relatedValues":"; <android.app.ActivityView: android.app.ActivityView$ActivityContainerWrapper mActivityContainer>; ",
			"keyAPISameClassNum":9,
			"keyAPIDiffClassNum":2,
			"keyAPISameClass":[
				{
					"trace":[
						"<android.app.ActivityView: void startActivity(android.content.IntentSender)>"
					],
					"depth":1,
					"method":"<android.app.ActivityView: void <init>(android.content.Context,android.util.AttributeSet,int)>",
					"source":"FIELD"
				},
				{
					"trace":[
						"<android.app.ActivityView: void startActivity(android.content.IntentSender)>"
					],
					"depth":1,
					"method":"<android.app.ActivityView: void startActivity(android.content.Intent)>",
					"source":"FIELD"
				},
				{
					"trace":[
						"<android.app.ActivityView: void startActivity(android.content.IntentSender)>"
					],
					"depth":1,
					"method":"<android.app.ActivityView: void startActivity(android.content.IntentSender)>",
					"source":"FIELD"
				},
				{
					"trace":[
						"<android.app.ActivityView: void startActivity(android.content.IntentSender)>"
					],
					"depth":1,
					"method":"<android.app.ActivityView: void startActivity(android.app.PendingIntent)>",
					"source":"FIELD"
				},
				{
					"trace":[
						"<android.app.ActivityView: void startActivity(android.content.IntentSender)>"
					],
					"depth":1,
					"method":"<android.app.ActivityView: void release()>",
					"source":"FIELD"
				},
				{
					"trace":[
						"<android.app.ActivityView: void <init>(android.content.Context,android.util.AttributeSet)>",
						"<android.app.ActivityView: void <init>(android.content.Context,android.util.AttributeSet,int)>",
						"key field: <android.app.ActivityView: android.app.ActivityView$ActivityContainerWrapper mActivityContainer>",
						"<android.app.ActivityView: void startActivity(android.content.IntentSender)>"
					],
					"depth":2,
					"method":"<android.app.ActivityView: void <init>(android.content.Context,android.util.AttributeSet)>",
					"source":"FIELDCALLER"
				},
				{
					"trace":[
						"<android.app.ActivityView: boolean onTouchEvent(android.view.MotionEvent)>",
						"<android.app.ActivityView: boolean injectInputEvent(android.view.InputEvent)>",
						"key field: <android.app.ActivityView: android.app.ActivityView$ActivityContainerWrapper mActivityContainer>",
						"<android.app.ActivityView: void startActivity(android.content.IntentSender)>"
					],
					"depth":2,
					"method":"<android.app.ActivityView: boolean onTouchEvent(android.view.MotionEvent)>",
					"source":"FIELDCALLER"
				},
				{
					"trace":[
						"<android.app.ActivityView: boolean onGenericMotionEvent(android.view.MotionEvent)>",
						"<android.app.ActivityView: boolean injectInputEvent(android.view.InputEvent)>",
						"key field: <android.app.ActivityView: android.app.ActivityView$ActivityContainerWrapper mActivityContainer>",
						"<android.app.ActivityView: void startActivity(android.content.IntentSender)>"
					],
					"depth":2,
					"method":"<android.app.ActivityView: boolean onGenericMotionEvent(android.view.MotionEvent)>",
					"source":"FIELDCALLER"
				},
				{
					"trace":[
						"<android.app.ActivityView: void <init>(android.content.Context)>",
						"<android.app.ActivityView: void <init>(android.content.Context,android.util.AttributeSet)>",
						"<android.app.ActivityView: void <init>(android.content.Context,android.util.AttributeSet,int)>",
						"key field: <android.app.ActivityView: android.app.ActivityView$ActivityContainerWrapper mActivityContainer>",
						"<android.app.ActivityView: void startActivity(android.content.IntentSender)>"
					],
					"depth":3,
					"method":"<android.app.ActivityView: void <init>(android.content.Context)>",
					"source":"FIELDCALLER"
				}
			],
			"keyAPIDiffClass":[
				{
					"trace":[
						"<android.app.ActivityView$ActivityViewSurfaceTextureListener: void onSurfaceTextureAvailable(android.graphics.SurfaceTexture,int,int)>",
						"<android.app.ActivityView: void access$400(android.app.ActivityView)>",
						"<android.app.ActivityView: void attachToSurfaceWhenReady()>",
						"key field: <android.app.ActivityView: android.app.ActivityView$ActivityContainerWrapper mActivityContainer>",
						"<android.app.ActivityView: void startActivity(android.content.IntentSender)>"
					],
					"depth":3,
					"method":"<android.app.ActivityView$ActivityViewSurfaceTextureListener: void onSurfaceTextureAvailable(android.graphics.SurfaceTexture,int,int)>",
					"source":"FIELDCALLER"
				},
				{
					"trace":[
						"<android.view.TextureView$SurfaceTextureListener: void onSurfaceTextureAvailable(android.graphics.SurfaceTexture,int,int)>",
						"<android.app.ActivityView: void access$400(android.app.ActivityView)>",
						"<android.app.ActivityView: void attachToSurfaceWhenReady()>",
						"key field: <android.app.ActivityView: android.app.ActivityView$ActivityContainerWrapper mActivityContainer>",
						"<android.app.ActivityView: void startActivity(android.content.IntentSender)>"
					],
					"depth":3,
					"method":"<android.view.TextureView$SurfaceTextureListener: void onSurfaceTextureAvailable(android.graphics.SurfaceTexture,int,int)>",
					"source":"FIELDCALLER"
				}
			],
			"callerOfSingnlar2SourceVar":{}
		},
		{
			"method":"<android.app.ActivityView: void startActivity(android.content.IntentSender)>",
			"message":"[\\s\\S]*",
			"relatedVarType":"ParaAndField",
			"relatedCondType":"Basic",
			"modifier":"public",
			"type":"android.os.OperationCanceledException",
			"osVersionRelated":false,
			"resourceRelated":false,
			"assessRelated":false,
			"hardwareRelated":false,
			"manifestRelated":false,
			"conditions":"$i0 != -6, $r2 != null, $r1 != null",
			"paramValues":"@parameter0: android.content.IntentSender",
			"fieldValues":"<android.app.ActivityView: android.app.ActivityView$ActivityContainerWrapper mActivityContainer>, <android.app.ActivityView: android.view.Surface mSurface>",
			"relatedValues":"@parameter0: android.content.IntentSender; <android.app.ActivityView: android.app.ActivityView$ActivityContainerWrapper mActivityContainer>, <android.app.ActivityView: android.view.Surface mSurface>; ",
			"keyAPISameClassNum":9,
			"keyAPIDiffClassNum":4,
			"keyAPISameClass":[
				{
					"trace":[
						"<android.app.ActivityView: void startActivity(android.content.IntentSender)>"
					],
					"depth":1,
					"method":"<android.app.ActivityView: void <init>(android.content.Context,android.util.AttributeSet,int)>",
					"source":"FIELD"
				},
				{
					"trace":[
						"<android.app.ActivityView: void startActivity(android.content.IntentSender)>"
					],
					"depth":1,
					"method":"<android.app.ActivityView: void startActivity(android.content.Intent)>",
					"source":"FIELD"
				},
				{
					"trace":[
						"<android.app.ActivityView: void startActivity(android.content.IntentSender)>"
					],
					"depth":1,
					"method":"<android.app.ActivityView: void startActivity(android.content.IntentSender)>",
					"source":"FIELD"
				},
				{
					"trace":[
						"<android.app.ActivityView: void startActivity(android.content.IntentSender)>"
					],
					"depth":1,
					"method":"<android.app.ActivityView: void startActivity(android.app.PendingIntent)>",
					"source":"FIELD"
				},
				{
					"trace":[
						"<android.app.ActivityView: void startActivity(android.content.IntentSender)>"
					],
					"depth":1,
					"method":"<android.app.ActivityView: void release()>",
					"source":"FIELD"
				},
				{
					"trace":[
						"<android.app.ActivityView: void <init>(android.content.Context,android.util.AttributeSet)>",
						"<android.app.ActivityView: void <init>(android.content.Context,android.util.AttributeSet,int)>",
						"key field: <android.app.ActivityView: android.app.ActivityView$ActivityContainerWrapper mActivityContainer>",
						"<android.app.ActivityView: void startActivity(android.content.IntentSender)>"
					],
					"depth":2,
					"method":"<android.app.ActivityView: void <init>(android.content.Context,android.util.AttributeSet)>",
					"source":"FIELDCALLER"
				},
				{
					"trace":[
						"<android.app.ActivityView: boolean onTouchEvent(android.view.MotionEvent)>",
						"<android.app.ActivityView: boolean injectInputEvent(android.view.InputEvent)>",
						"key field: <android.app.ActivityView: android.app.ActivityView$ActivityContainerWrapper mActivityContainer>",
						"<android.app.ActivityView: void startActivity(android.content.IntentSender)>"
					],
					"depth":2,
					"method":"<android.app.ActivityView: boolean onTouchEvent(android.view.MotionEvent)>",
					"source":"FIELDCALLER"
				},
				{
					"trace":[
						"<android.app.ActivityView: boolean onGenericMotionEvent(android.view.MotionEvent)>",
						"<android.app.ActivityView: boolean injectInputEvent(android.view.InputEvent)>",
						"key field: <android.app.ActivityView: android.app.ActivityView$ActivityContainerWrapper mActivityContainer>",
						"<android.app.ActivityView: void startActivity(android.content.IntentSender)>"
					],
					"depth":2,
					"method":"<android.app.ActivityView: boolean onGenericMotionEvent(android.view.MotionEvent)>",
					"source":"FIELDCALLER"
				},
				{
					"trace":[
						"<android.app.ActivityView: void <init>(android.content.Context)>",
						"<android.app.ActivityView: void <init>(android.content.Context,android.util.AttributeSet)>",
						"<android.app.ActivityView: void <init>(android.content.Context,android.util.AttributeSet,int)>",
						"key field: <android.app.ActivityView: android.app.ActivityView$ActivityContainerWrapper mActivityContainer>",
						"<android.app.ActivityView: void startActivity(android.content.IntentSender)>"
					],
					"depth":3,
					"method":"<android.app.ActivityView: void <init>(android.content.Context)>",
					"source":"FIELDCALLER"
				}
			],
			"keyAPIDiffClass":[
				{
					"trace":[
						"<android.app.ActivityView$ActivityViewSurfaceTextureListener: boolean onSurfaceTextureDestroyed(android.graphics.SurfaceTexture)>",
						"<android.app.ActivityView: android.view.Surface access$602(android.app.ActivityView,android.view.Surface)>",
						"key field: <android.app.ActivityView: android.view.Surface mSurface>",
						"<android.app.ActivityView: void startActivity(android.content.IntentSender)>"
					],
					"depth":2,
					"method":"<android.app.ActivityView$ActivityViewSurfaceTextureListener: boolean onSurfaceTextureDestroyed(android.graphics.SurfaceTexture)>",
					"source":"FIELDCALLER"
				},
				{
					"trace":[
						"<android.view.TextureView$SurfaceTextureListener: boolean onSurfaceTextureDestroyed(android.graphics.SurfaceTexture)>",
						"<android.app.ActivityView: android.view.Surface access$602(android.app.ActivityView,android.view.Surface)>",
						"key field: <android.app.ActivityView: android.view.Surface mSurface>",
						"<android.app.ActivityView: void startActivity(android.content.IntentSender)>"
					],
					"depth":2,
					"method":"<android.view.TextureView$SurfaceTextureListener: boolean onSurfaceTextureDestroyed(android.graphics.SurfaceTexture)>",
					"source":"FIELDCALLER"
				},
				{
					"trace":[
						"<android.app.ActivityView$ActivityViewSurfaceTextureListener: void onSurfaceTextureAvailable(android.graphics.SurfaceTexture,int,int)>",
						"<android.app.ActivityView: void access$400(android.app.ActivityView)>",
						"<android.app.ActivityView: void attachToSurfaceWhenReady()>",
						"key field: <android.app.ActivityView: android.app.ActivityView$ActivityContainerWrapper mActivityContainer>",
						"<android.app.ActivityView: void startActivity(android.content.IntentSender)>"
					],
					"depth":3,
					"method":"<android.app.ActivityView$ActivityViewSurfaceTextureListener: void onSurfaceTextureAvailable(android.graphics.SurfaceTexture,int,int)>",
					"source":"FIELDCALLER"
				},
				{
					"trace":[
						"<android.view.TextureView$SurfaceTextureListener: void onSurfaceTextureAvailable(android.graphics.SurfaceTexture,int,int)>",
						"<android.app.ActivityView: void access$400(android.app.ActivityView)>",
						"<android.app.ActivityView: void attachToSurfaceWhenReady()>",
						"key field: <android.app.ActivityView: android.app.ActivityView$ActivityContainerWrapper mActivityContainer>",
						"<android.app.ActivityView: void startActivity(android.content.IntentSender)>"
					],
					"depth":3,
					"method":"<android.view.TextureView$SurfaceTextureListener: void onSurfaceTextureAvailable(android.graphics.SurfaceTexture,int,int)>",
					"source":"FIELDCALLER"
				}
			],
			"callerOfSingnlar2SourceVar":{
				"<android.app.ActivityView: void startActivity(android.content.IntentSender)>":"0"
			}
		},
		{
			"method":"<android.app.ActivityView: void startActivity(android.app.PendingIntent)>",
			"message":"\\QSurface not yet created.\\E",
			"relatedVarType":"Field",
			"relatedCondType":"Basic",
			"modifier":"public",
			"type":"java.lang.IllegalStateException",
			"osVersionRelated":false,
			"resourceRelated":false,
			"assessRelated":false,
			"hardwareRelated":false,
			"manifestRelated":false,
			"conditions":"$r2 != null, $r1 != null",
			"fieldValues":"<android.app.ActivityView: android.view.Surface mSurface>, <android.app.ActivityView: android.app.ActivityView$ActivityContainerWrapper mActivityContainer>",
			"relatedValues":"; <android.app.ActivityView: android.view.Surface mSurface>, <android.app.ActivityView: android.app.ActivityView$ActivityContainerWrapper mActivityContainer>; ",
			"keyAPISameClassNum":9,
			"keyAPIDiffClassNum":4,
			"keyAPISameClass":[
				{
					"trace":[
						"<android.app.ActivityView: void startActivity(android.app.PendingIntent)>"
					],
					"depth":1,
					"method":"<android.app.ActivityView: void release()>",
					"source":"FIELD"
				},
				{
					"trace":[
						"<android.app.ActivityView: void startActivity(android.app.PendingIntent)>"
					],
					"depth":1,
					"method":"<android.app.ActivityView: void <init>(android.content.Context,android.util.AttributeSet,int)>",
					"source":"FIELD"
				},
				{
					"trace":[
						"<android.app.ActivityView: void startActivity(android.app.PendingIntent)>"
					],
					"depth":1,
					"method":"<android.app.ActivityView: void startActivity(android.content.Intent)>",
					"source":"FIELD"
				},
				{
					"trace":[
						"<android.app.ActivityView: void startActivity(android.app.PendingIntent)>"
					],
					"depth":1,
					"method":"<android.app.ActivityView: void startActivity(android.content.IntentSender)>",
					"source":"FIELD"
				},
				{
					"trace":[
						"<android.app.ActivityView: void startActivity(android.app.PendingIntent)>"
					],
					"depth":1,
					"method":"<android.app.ActivityView: void startActivity(android.app.PendingIntent)>",
					"source":"FIELD"
				},
				{
					"trace":[
						"<android.app.ActivityView: void <init>(android.content.Context,android.util.AttributeSet)>",
						"<android.app.ActivityView: void <init>(android.content.Context,android.util.AttributeSet,int)>",
						"key field: <android.app.ActivityView: android.app.ActivityView$ActivityContainerWrapper mActivityContainer>",
						"<android.app.ActivityView: void startActivity(android.app.PendingIntent)>"
					],
					"depth":2,
					"method":"<android.app.ActivityView: void <init>(android.content.Context,android.util.AttributeSet)>",
					"source":"FIELDCALLER"
				},
				{
					"trace":[
						"<android.app.ActivityView: boolean onTouchEvent(android.view.MotionEvent)>",
						"<android.app.ActivityView: boolean injectInputEvent(android.view.InputEvent)>",
						"key field: <android.app.ActivityView: android.app.ActivityView$ActivityContainerWrapper mActivityContainer>",
						"<android.app.ActivityView: void startActivity(android.app.PendingIntent)>"
					],
					"depth":2,
					"method":"<android.app.ActivityView: boolean onTouchEvent(android.view.MotionEvent)>",
					"source":"FIELDCALLER"
				},
				{
					"trace":[
						"<android.app.ActivityView: boolean onGenericMotionEvent(android.view.MotionEvent)>",
						"<android.app.ActivityView: boolean injectInputEvent(android.view.InputEvent)>",
						"key field: <android.app.ActivityView: android.app.ActivityView$ActivityContainerWrapper mActivityContainer>",
						"<android.app.ActivityView: void startActivity(android.app.PendingIntent)>"
					],
					"depth":2,
					"method":"<android.app.ActivityView: boolean onGenericMotionEvent(android.view.MotionEvent)>",
					"source":"FIELDCALLER"
				},
				{
					"trace":[
						"<android.app.ActivityView: void <init>(android.content.Context)>",
						"<android.app.ActivityView: void <init>(android.content.Context,android.util.AttributeSet)>",
						"<android.app.ActivityView: void <init>(android.content.Context,android.util.AttributeSet,int)>",
						"key field: <android.app.ActivityView: android.app.ActivityView$ActivityContainerWrapper mActivityContainer>",
						"<android.app.ActivityView: void startActivity(android.app.PendingIntent)>"
					],
					"depth":3,
					"method":"<android.app.ActivityView: void <init>(android.content.Context)>",
					"source":"FIELDCALLER"
				}
			],
			"keyAPIDiffClass":[
				{
					"trace":[
						"<android.app.ActivityView$ActivityViewSurfaceTextureListener: boolean onSurfaceTextureDestroyed(android.graphics.SurfaceTexture)>",
						"<android.app.ActivityView: android.view.Surface access$602(android.app.ActivityView,android.view.Surface)>",
						"key field: <android.app.ActivityView: android.view.Surface mSurface>",
						"<android.app.ActivityView: void startActivity(android.app.PendingIntent)>"
					],
					"depth":2,
					"method":"<android.app.ActivityView$ActivityViewSurfaceTextureListener: boolean onSurfaceTextureDestroyed(android.graphics.SurfaceTexture)>",
					"source":"FIELDCALLER"
				},
				{
					"trace":[
						"<android.view.TextureView$SurfaceTextureListener: boolean onSurfaceTextureDestroyed(android.graphics.SurfaceTexture)>",
						"<android.app.ActivityView: android.view.Surface access$602(android.app.ActivityView,android.view.Surface)>",
						"key field: <android.app.ActivityView: android.view.Surface mSurface>",
						"<android.app.ActivityView: void startActivity(android.app.PendingIntent)>"
					],
					"depth":2,
					"method":"<android.view.TextureView$SurfaceTextureListener: boolean onSurfaceTextureDestroyed(android.graphics.SurfaceTexture)>",
					"source":"FIELDCALLER"
				},
				{
					"trace":[
						"<android.app.ActivityView$ActivityViewSurfaceTextureListener: void onSurfaceTextureAvailable(android.graphics.SurfaceTexture,int,int)>",
						"<android.app.ActivityView: void access$400(android.app.ActivityView)>",
						"<android.app.ActivityView: void attachToSurfaceWhenReady()>",
						"key field: <android.app.ActivityView: android.view.Surface mSurface>",
						"<android.app.ActivityView: void startActivity(android.app.PendingIntent)>"
					],
					"depth":3,
					"method":"<android.app.ActivityView$ActivityViewSurfaceTextureListener: void onSurfaceTextureAvailable(android.graphics.SurfaceTexture,int,int)>",
					"source":"FIELDCALLER"
				},
				{
					"trace":[
						"<android.view.TextureView$SurfaceTextureListener: void onSurfaceTextureAvailable(android.graphics.SurfaceTexture,int,int)>",
						"<android.app.ActivityView: void access$400(android.app.ActivityView)>",
						"<android.app.ActivityView: void attachToSurfaceWhenReady()>",
						"key field: <android.app.ActivityView: android.view.Surface mSurface>",
						"<android.app.ActivityView: void startActivity(android.app.PendingIntent)>"
					],
					"depth":3,
					"method":"<android.view.TextureView$SurfaceTextureListener: void onSurfaceTextureAvailable(android.graphics.SurfaceTexture,int,int)>",
					"source":"FIELDCALLER"
				}
			],
			"callerOfSingnlar2SourceVar":{}
		},
		{
			"method":"<android.app.ActivityView: void startActivity(android.app.PendingIntent)>",
			"message":"[\\s\\S]*",
			"relatedVarType":"ParaAndField",
			"relatedCondType":"Basic",
			"modifier":"public",
			"type":"android.os.OperationCanceledException",
			"osVersionRelated":false,
			"resourceRelated":false,
			"assessRelated":false,
			"hardwareRelated":false,
			"manifestRelated":false,
			"conditions":"$i0 != -6, $r2 != null, $r1 != null",
			"paramValues":"@parameter0: android.app.PendingIntent",
			"fieldValues":"<android.app.ActivityView: android.app.ActivityView$ActivityContainerWrapper mActivityContainer>, <android.app.ActivityView: android.view.Surface mSurface>",
			"relatedValues":"@parameter0: android.app.PendingIntent; <android.app.ActivityView: android.app.ActivityView$ActivityContainerWrapper mActivityContainer>, <android.app.ActivityView: android.view.Surface mSurface>; ",
			"keyAPISameClassNum":9,
			"keyAPIDiffClassNum":4,
			"keyAPISameClass":[
				{
					"trace":[
						"<android.app.ActivityView: void startActivity(android.app.PendingIntent)>"
					],
					"depth":1,
					"method":"<android.app.ActivityView: void <init>(android.content.Context,android.util.AttributeSet,int)>",
					"source":"FIELD"
				},
				{
					"trace":[
						"<android.app.ActivityView: void startActivity(android.app.PendingIntent)>"
					],
					"depth":1,
					"method":"<android.app.ActivityView: void startActivity(android.content.Intent)>",
					"source":"FIELD"
				},
				{
					"trace":[
						"<android.app.ActivityView: void startActivity(android.app.PendingIntent)>"
					],
					"depth":1,
					"method":"<android.app.ActivityView: void startActivity(android.content.IntentSender)>",
					"source":"FIELD"
				},
				{
					"trace":[
						"<android.app.ActivityView: void startActivity(android.app.PendingIntent)>"
					],
					"depth":1,
					"method":"<android.app.ActivityView: void startActivity(android.app.PendingIntent)>",
					"source":"FIELD"
				},
				{
					"trace":[
						"<android.app.ActivityView: void startActivity(android.app.PendingIntent)>"
					],
					"depth":1,
					"method":"<android.app.ActivityView: void release()>",
					"source":"FIELD"
				},
				{
					"trace":[
						"<android.app.ActivityView: void <init>(android.content.Context,android.util.AttributeSet)>",
						"<android.app.ActivityView: void <init>(android.content.Context,android.util.AttributeSet,int)>",
						"key field: <android.app.ActivityView: android.app.ActivityView$ActivityContainerWrapper mActivityContainer>",
						"<android.app.ActivityView: void startActivity(android.app.PendingIntent)>"
					],
					"depth":2,
					"method":"<android.app.ActivityView: void <init>(android.content.Context,android.util.AttributeSet)>",
					"source":"FIELDCALLER"
				},
				{
					"trace":[
						"<android.app.ActivityView: boolean onTouchEvent(android.view.MotionEvent)>",
						"<android.app.ActivityView: boolean injectInputEvent(android.view.InputEvent)>",
						"key field: <android.app.ActivityView: android.app.ActivityView$ActivityContainerWrapper mActivityContainer>",
						"<android.app.ActivityView: void startActivity(android.app.PendingIntent)>"
					],
					"depth":2,
					"method":"<android.app.ActivityView: boolean onTouchEvent(android.view.MotionEvent)>",
					"source":"FIELDCALLER"
				},
				{
					"trace":[
						"<android.app.ActivityView: boolean onGenericMotionEvent(android.view.MotionEvent)>",
						"<android.app.ActivityView: boolean injectInputEvent(android.view.InputEvent)>",
						"key field: <android.app.ActivityView: android.app.ActivityView$ActivityContainerWrapper mActivityContainer>",
						"<android.app.ActivityView: void startActivity(android.app.PendingIntent)>"
					],
					"depth":2,
					"method":"<android.app.ActivityView: boolean onGenericMotionEvent(android.view.MotionEvent)>",
					"source":"FIELDCALLER"
				},
				{
					"trace":[
						"<android.app.ActivityView: void <init>(android.content.Context)>",
						"<android.app.ActivityView: void <init>(android.content.Context,android.util.AttributeSet)>",
						"<android.app.ActivityView: void <init>(android.content.Context,android.util.AttributeSet,int)>",
						"key field: <android.app.ActivityView: android.app.ActivityView$ActivityContainerWrapper mActivityContainer>",
						"<android.app.ActivityView: void startActivity(android.app.PendingIntent)>"
					],
					"depth":3,
					"method":"<android.app.ActivityView: void <init>(android.content.Context)>",
					"source":"FIELDCALLER"
				}
			],
			"keyAPIDiffClass":[
				{
					"trace":[
						"<android.app.ActivityView$ActivityViewSurfaceTextureListener: boolean onSurfaceTextureDestroyed(android.graphics.SurfaceTexture)>",
						"<android.app.ActivityView: android.view.Surface access$602(android.app.ActivityView,android.view.Surface)>",
						"key field: <android.app.ActivityView: android.view.Surface mSurface>",
						"<android.app.ActivityView: void startActivity(android.app.PendingIntent)>"
					],
					"depth":2,
					"method":"<android.app.ActivityView$ActivityViewSurfaceTextureListener: boolean onSurfaceTextureDestroyed(android.graphics.SurfaceTexture)>",
					"source":"FIELDCALLER"
				},
				{
					"trace":[
						"<android.view.TextureView$SurfaceTextureListener: boolean onSurfaceTextureDestroyed(android.graphics.SurfaceTexture)>",
						"<android.app.ActivityView: android.view.Surface access$602(android.app.ActivityView,android.view.Surface)>",
						"key field: <android.app.ActivityView: android.view.Surface mSurface>",
						"<android.app.ActivityView: void startActivity(android.app.PendingIntent)>"
					],
					"depth":2,
					"method":"<android.view.TextureView$SurfaceTextureListener: boolean onSurfaceTextureDestroyed(android.graphics.SurfaceTexture)>",
					"source":"FIELDCALLER"
				},
				{
					"trace":[
						"<android.app.ActivityView$ActivityViewSurfaceTextureListener: void onSurfaceTextureAvailable(android.graphics.SurfaceTexture,int,int)>",
						"<android.app.ActivityView: void access$400(android.app.ActivityView)>",
						"<android.app.ActivityView: void attachToSurfaceWhenReady()>",
						"key field: <android.app.ActivityView: android.app.ActivityView$ActivityContainerWrapper mActivityContainer>",
						"<android.app.ActivityView: void startActivity(android.app.PendingIntent)>"
					],
					"depth":3,
					"method":"<android.app.ActivityView$ActivityViewSurfaceTextureListener: void onSurfaceTextureAvailable(android.graphics.SurfaceTexture,int,int)>",
					"source":"FIELDCALLER"
				},
				{
					"trace":[
						"<android.view.TextureView$SurfaceTextureListener: void onSurfaceTextureAvailable(android.graphics.SurfaceTexture,int,int)>",
						"<android.app.ActivityView: void access$400(android.app.ActivityView)>",
						"<android.app.ActivityView: void attachToSurfaceWhenReady()>",
						"key field: <android.app.ActivityView: android.app.ActivityView$ActivityContainerWrapper mActivityContainer>",
						"<android.app.ActivityView: void startActivity(android.app.PendingIntent)>"
					],
					"depth":3,
					"method":"<android.view.TextureView$SurfaceTextureListener: void onSurfaceTextureAvailable(android.graphics.SurfaceTexture,int,int)>",
					"source":"FIELDCALLER"
				}
			],
			"callerOfSingnlar2SourceVar":{
				"<android.app.ActivityView: void startActivity(android.app.PendingIntent)>":"0"
			}
		},
		{
			"method":"<android.app.ActivityView: void startActivity(android.app.PendingIntent)>",
			"message":"\\QAttempt to call startActivity after release\\E",
			"relatedVarType":"Field",
			"relatedCondType":"Basic",
			"modifier":"public",
			"type":"java.lang.IllegalStateException",
			"osVersionRelated":false,
			"resourceRelated":false,
			"assessRelated":false,
			"hardwareRelated":false,
			"manifestRelated":false,
			"conditions":"$r1 != null",
			"fieldValues":"<android.app.ActivityView: android.app.ActivityView$ActivityContainerWrapper mActivityContainer>",
			"relatedValues":"; <android.app.ActivityView: android.app.ActivityView$ActivityContainerWrapper mActivityContainer>; ",
			"keyAPISameClassNum":9,
			"keyAPIDiffClassNum":2,
			"keyAPISameClass":[
				{
					"trace":[
						"<android.app.ActivityView: void startActivity(android.app.PendingIntent)>"
					],
					"depth":1,
					"method":"<android.app.ActivityView: void <init>(android.content.Context,android.util.AttributeSet,int)>",
					"source":"FIELD"
				},
				{
					"trace":[
						"<android.app.ActivityView: void startActivity(android.app.PendingIntent)>"
					],
					"depth":1,
					"method":"<android.app.ActivityView: void startActivity(android.content.Intent)>",
					"source":"FIELD"
				},
				{
					"trace":[
						"<android.app.ActivityView: void startActivity(android.app.PendingIntent)>"
					],
					"depth":1,
					"method":"<android.app.ActivityView: void startActivity(android.content.IntentSender)>",
					"source":"FIELD"
				},
				{
					"trace":[
						"<android.app.ActivityView: void startActivity(android.app.PendingIntent)>"
					],
					"depth":1,
					"method":"<android.app.ActivityView: void startActivity(android.app.PendingIntent)>",
					"source":"FIELD"
				},
				{
					"trace":[
						"<android.app.ActivityView: void startActivity(android.app.PendingIntent)>"
					],
					"depth":1,
					"method":"<android.app.ActivityView: void release()>",
					"source":"FIELD"
				},
				{
					"trace":[
						"<android.app.ActivityView: void <init>(android.content.Context,android.util.AttributeSet)>",
						"<android.app.ActivityView: void <init>(android.content.Context,android.util.AttributeSet,int)>",
						"key field: <android.app.ActivityView: android.app.ActivityView$ActivityContainerWrapper mActivityContainer>",
						"<android.app.ActivityView: void startActivity(android.app.PendingIntent)>"
					],
					"depth":2,
					"method":"<android.app.ActivityView: void <init>(android.content.Context,android.util.AttributeSet)>",
					"source":"FIELDCALLER"
				},
				{
					"trace":[
						"<android.app.ActivityView: boolean onTouchEvent(android.view.MotionEvent)>",
						"<android.app.ActivityView: boolean injectInputEvent(android.view.InputEvent)>",
						"key field: <android.app.ActivityView: android.app.ActivityView$ActivityContainerWrapper mActivityContainer>",
						"<android.app.ActivityView: void startActivity(android.app.PendingIntent)>"
					],
					"depth":2,
					"method":"<android.app.ActivityView: boolean onTouchEvent(android.view.MotionEvent)>",
					"source":"FIELDCALLER"
				},
				{
					"trace":[
						"<android.app.ActivityView: boolean onGenericMotionEvent(android.view.MotionEvent)>",
						"<android.app.ActivityView: boolean injectInputEvent(android.view.InputEvent)>",
						"key field: <android.app.ActivityView: android.app.ActivityView$ActivityContainerWrapper mActivityContainer>",
						"<android.app.ActivityView: void startActivity(android.app.PendingIntent)>"
					],
					"depth":2,
					"method":"<android.app.ActivityView: boolean onGenericMotionEvent(android.view.MotionEvent)>",
					"source":"FIELDCALLER"
				},
				{
					"trace":[
						"<android.app.ActivityView: void <init>(android.content.Context)>",
						"<android.app.ActivityView: void <init>(android.content.Context,android.util.AttributeSet)>",
						"<android.app.ActivityView: void <init>(android.content.Context,android.util.AttributeSet,int)>",
						"key field: <android.app.ActivityView: android.app.ActivityView$ActivityContainerWrapper mActivityContainer>",
						"<android.app.ActivityView: void startActivity(android.app.PendingIntent)>"
					],
					"depth":3,
					"method":"<android.app.ActivityView: void <init>(android.content.Context)>",
					"source":"FIELDCALLER"
				}
			],
			"keyAPIDiffClass":[
				{
					"trace":[
						"<android.app.ActivityView$ActivityViewSurfaceTextureListener: void onSurfaceTextureAvailable(android.graphics.SurfaceTexture,int,int)>",
						"<android.app.ActivityView: void access$400(android.app.ActivityView)>",
						"<android.app.ActivityView: void attachToSurfaceWhenReady()>",
						"key field: <android.app.ActivityView: android.app.ActivityView$ActivityContainerWrapper mActivityContainer>",
						"<android.app.ActivityView: void startActivity(android.app.PendingIntent)>"
					],
					"depth":3,
					"method":"<android.app.ActivityView$ActivityViewSurfaceTextureListener: void onSurfaceTextureAvailable(android.graphics.SurfaceTexture,int,int)>",
					"source":"FIELDCALLER"
				},
				{
					"trace":[
						"<android.view.TextureView$SurfaceTextureListener: void onSurfaceTextureAvailable(android.graphics.SurfaceTexture,int,int)>",
						"<android.app.ActivityView: void access$400(android.app.ActivityView)>",
						"<android.app.ActivityView: void attachToSurfaceWhenReady()>",
						"key field: <android.app.ActivityView: android.app.ActivityView$ActivityContainerWrapper mActivityContainer>",
						"<android.app.ActivityView: void startActivity(android.app.PendingIntent)>"
					],
					"depth":3,
					"method":"<android.view.TextureView$SurfaceTextureListener: void onSurfaceTextureAvailable(android.graphics.SurfaceTexture,int,int)>",
					"source":"FIELDCALLER"
				}
			],
			"callerOfSingnlar2SourceVar":{}
		},
		{
			"method":"<android.app.ActivityView: void attachToSurfaceWhenReady()>",
			"message":"\\QActivityView: Unable to create ActivityContainer. \\E[\\s\\S]*",
			"relatedVarType":"Field",
			"relatedCondType":"Basic",
			"modifier":"private",
			"type":"java.lang.RuntimeException",
			"osVersionRelated":false,
			"resourceRelated":false,
			"assessRelated":false,
			"hardwareRelated":true,
			"manifestRelated":false,
			"conditions":"$r3 == null, r2 == null",
			"fieldValues":"<android.app.ActivityView: android.view.Surface mSurface>, <android.app.ActivityView: android.view.TextureView mTextureView>",
			"caughtValues":"@caughtexception",
			"relatedValues":"; <android.app.ActivityView: android.view.Surface mSurface>, <android.app.ActivityView: android.view.TextureView mTextureView>; @caughtexception",
			"keyAPISameClassNum":4,
			"keyAPIDiffClassNum":4,
			"keyAPISameClass":[
				{
					"trace":[
						"<android.app.ActivityView: void attachToSurfaceWhenReady()>"
					],
					"depth":1,
					"method":"<android.app.ActivityView: void release()>",
					"source":"FIELD"
				},
				{
					"trace":[
						"<android.app.ActivityView: void attachToSurfaceWhenReady()>"
					],
					"depth":1,
					"method":"<android.app.ActivityView: void <init>(android.content.Context,android.util.AttributeSet,int)>",
					"source":"FIELD"
				},
				{
					"trace":[
						"<android.app.ActivityView: void <init>(android.content.Context,android.util.AttributeSet)>",
						"<android.app.ActivityView: void <init>(android.content.Context,android.util.AttributeSet,int)>",
						"key field: <android.app.ActivityView: android.view.TextureView mTextureView>",
						"<android.app.ActivityView: void attachToSurfaceWhenReady()>"
					],
					"depth":2,
					"method":"<android.app.ActivityView: void <init>(android.content.Context,android.util.AttributeSet)>",
					"source":"FIELDCALLER"
				},
				{
					"trace":[
						"<android.app.ActivityView: void <init>(android.content.Context)>",
						"<android.app.ActivityView: void <init>(android.content.Context,android.util.AttributeSet)>",
						"<android.app.ActivityView: void <init>(android.content.Context,android.util.AttributeSet,int)>",
						"key field: <android.app.ActivityView: android.view.TextureView mTextureView>",
						"<android.app.ActivityView: void attachToSurfaceWhenReady()>"
					],
					"depth":3,
					"method":"<android.app.ActivityView: void <init>(android.content.Context)>",
					"source":"FIELDCALLER"
				}
			],
			"keyAPIDiffClass":[
				{
					"trace":[
						"<android.app.ActivityView$ActivityViewSurfaceTextureListener: boolean onSurfaceTextureDestroyed(android.graphics.SurfaceTexture)>",
						"<android.app.ActivityView: android.view.Surface access$602(android.app.ActivityView,android.view.Surface)>",
						"key field: <android.app.ActivityView: android.view.Surface mSurface>",
						"<android.app.ActivityView: void attachToSurfaceWhenReady()>"
					],
					"depth":2,
					"method":"<android.app.ActivityView$ActivityViewSurfaceTextureListener: boolean onSurfaceTextureDestroyed(android.graphics.SurfaceTexture)>",
					"source":"FIELDCALLER"
				},
				{
					"trace":[
						"<android.view.TextureView$SurfaceTextureListener: boolean onSurfaceTextureDestroyed(android.graphics.SurfaceTexture)>",
						"<android.app.ActivityView: android.view.Surface access$602(android.app.ActivityView,android.view.Surface)>",
						"key field: <android.app.ActivityView: android.view.Surface mSurface>",
						"<android.app.ActivityView: void attachToSurfaceWhenReady()>"
					],
					"depth":2,
					"method":"<android.view.TextureView$SurfaceTextureListener: boolean onSurfaceTextureDestroyed(android.graphics.SurfaceTexture)>",
					"source":"FIELDCALLER"
				},
				{
					"trace":[
						"<android.app.ActivityView$ActivityViewSurfaceTextureListener: void onSurfaceTextureAvailable(android.graphics.SurfaceTexture,int,int)>",
						"<android.app.ActivityView: void access$400(android.app.ActivityView)>",
						"<android.app.ActivityView: void attachToSurfaceWhenReady()>",
						"key field: <android.app.ActivityView: android.view.Surface mSurface>",
						"<android.app.ActivityView: void attachToSurfaceWhenReady()>"
					],
					"depth":3,
					"method":"<android.app.ActivityView$ActivityViewSurfaceTextureListener: void onSurfaceTextureAvailable(android.graphics.SurfaceTexture,int,int)>",
					"source":"FIELDCALLER"
				},
				{
					"trace":[
						"<android.view.TextureView$SurfaceTextureListener: void onSurfaceTextureAvailable(android.graphics.SurfaceTexture,int,int)>",
						"<android.app.ActivityView: void access$400(android.app.ActivityView)>",
						"<android.app.ActivityView: void attachToSurfaceWhenReady()>",
						"key field: <android.app.ActivityView: android.view.Surface mSurface>",
						"<android.app.ActivityView: void attachToSurfaceWhenReady()>"
					],
					"depth":3,
					"method":"<android.view.TextureView$SurfaceTextureListener: void onSurfaceTextureAvailable(android.graphics.SurfaceTexture,int,int)>",
					"source":"FIELDCALLER"
				}
			],
			"callerOfSingnlar2SourceVar":{}
		}
	]
}