{
	"exceptions":[
		{
			"method":"<android.app.NativeActivity: void onCreate(android.os.Bundle)>",
			"message":"\\QUnable to find native library: \\E[\\s\\S]*",
			"relatedVarType":"Unknown",
			"relatedCondType":"Basic",
			"modifier":"protected",
			"type":"java.lang.IllegalArgumentException",
			"osVersionRelated":false,
			"resourceRelated":false,
			"assessRelated":false,
			"hardwareRelated":false,
			"manifestRelated":false,
			"conditions":"r52 != null, $r17 == null, r50 == null",
			"keyAPISameClassNum":0,
			"keyAPIDiffClassNum":0,
			"keyAPISameClass":[],
			"keyAPIDiffClass":[],
			"callerOfSingnlar2SourceVar":{}
		},
		{
			"method":"<android.app.NativeActivity: void onCreate(android.os.Bundle)>",
			"message":"\\QUnable to load native library: \\E[\\s\\S]*",
			"relatedVarType":"ParaAndField",
			"relatedCondType":"Basic",
			"modifier":"protected",
			"type":"java.lang.IllegalArgumentException",
			"osVersionRelated":false,
			"resourceRelated":false,
			"assessRelated":false,
			"hardwareRelated":false,
			"manifestRelated":false,
			"conditions":"$b3 != 0, r23 == null, r52 != null",
			"paramValues":"@parameter0: android.os.Bundle",
			"fieldValues":"<android.app.NativeActivity: long mNativeHandle>",
			"relatedValues":"@parameter0: android.os.Bundle; <android.app.NativeActivity: long mNativeHandle>; ",
			"keyAPISameClassNum":0,
			"keyAPIDiffClassNum":12,
			"keyAPISameClass":[],
			"keyAPIDiffClass":[
				{
					"trace":[
						"<android.app.Activity: void onCreate(android.os.Bundle,android.os.PersistableBundle)>",
						"<android.app.NativeActivity: void onCreate(android.os.Bundle)>",
						"key field: <android.app.NativeActivity: long mNativeHandle>",
						"<android.app.NativeActivity: void onCreate(android.os.Bundle)>"
					],
					"depth":2,
					"method":"<android.app.Activity: void onCreate(android.os.Bundle,android.os.PersistableBundle)>",
					"source":"FIELDCALLER"
				},
				{
					"trace":[
						"<android.app.Instrumentation: void callActivityOnCreate(android.app.Activity,android.os.Bundle)>",
						"<android.app.Activity: void performCreate(android.os.Bundle)>",
						"<android.app.NativeActivity: void onCreate(android.os.Bundle)>",
						"key field: <android.app.NativeActivity: long mNativeHandle>",
						"<android.app.NativeActivity: void onCreate(android.os.Bundle)>"
					],
					"depth":3,
					"method":"<android.app.Instrumentation: void callActivityOnCreate(android.app.Activity,android.os.Bundle)>",
					"source":"FIELDCALLER"
				},
				{
					"trace":[
						"<android.app.Instrumentation: void callActivityOnCreate(android.app.Activity,android.os.Bundle,android.os.PersistableBundle)>",
						"<android.app.Activity: void performCreate(android.os.Bundle,android.os.PersistableBundle)>",
						"<android.app.Activity: void onCreate(android.os.Bundle,android.os.PersistableBundle)>",
						"<android.app.NativeActivity: void onCreate(android.os.Bundle)>",
						"key field: <android.app.NativeActivity: long mNativeHandle>",
						"<android.app.NativeActivity: void onCreate(android.os.Bundle)>"
					],
					"depth":4,
					"method":"<android.app.Instrumentation: void callActivityOnCreate(android.app.Activity,android.os.Bundle,android.os.PersistableBundle)>",
					"source":"FIELDCALLER"
				},
				{
					"trace":[
						"<android.app.ActivityThread: android.app.Activity startActivityNow(android.app.Activity,java.lang.String,android.content.Intent,android.content.pm.ActivityInfo,android.os.IBinder,android.os.Bundle,android.app.Activity$NonConfigurationInstances)>",
						"<android.app.ActivityThread: android.app.Activity performLaunchActivity(android.app.ActivityThread$ActivityClientRecord,android.content.Intent)>",
						"<android.app.Instrumentation: void callActivityOnCreate(android.app.Activity,android.os.Bundle)>",
						"<android.app.Activity: void performCreate(android.os.Bundle)>",
						"<android.app.NativeActivity: void onCreate(android.os.Bundle)>",
						"key field: <android.app.NativeActivity: long mNativeHandle>",
						"<android.app.NativeActivity: void onCreate(android.os.Bundle)>"
					],
					"depth":5,
					"method":"<android.app.ActivityThread: android.app.Activity startActivityNow(android.app.Activity,java.lang.String,android.content.Intent,android.content.pm.ActivityInfo,android.os.IBinder,android.os.Bundle,android.app.Activity$NonConfigurationInstances)>",
					"source":"FIELDCALLER"
				},
				{
					"trace":[
						"<android.app.ActivityThread$H: void handleMessage(android.os.Message)>",
						"<android.app.ActivityThread: void access$900(android.app.ActivityThread,android.app.ActivityThread$ActivityClientRecord,android.content.Intent)>",
						"<android.app.ActivityThread: void handleLaunchActivity(android.app.ActivityThread$ActivityClientRecord,android.content.Intent)>",
						"<android.app.ActivityThread: android.app.Activity performLaunchActivity(android.app.ActivityThread$ActivityClientRecord,android.content.Intent)>",
						"<android.app.Instrumentation: void callActivityOnCreate(android.app.Activity,android.os.Bundle)>",
						"<android.app.Activity: void performCreate(android.os.Bundle)>",
						"<android.app.NativeActivity: void onCreate(android.os.Bundle)>",
						"key field: <android.app.NativeActivity: long mNativeHandle>",
						"<android.app.NativeActivity: void onCreate(android.os.Bundle)>"
					],
					"depth":7,
					"method":"<android.app.ActivityThread$H: void handleMessage(android.os.Message)>",
					"source":"FIELDCALLER"
				},
				{
					"trace":[
						"<android.app.LocalActivityManager: android.view.Window startActivity(java.lang.String,android.content.Intent)>",
						"<android.app.LocalActivityManager: void moveToState(android.app.LocalActivityManager$LocalActivityRecord,int)>",
						"<android.app.ActivityThread: android.app.Activity startActivityNow(android.app.Activity,java.lang.String,android.content.Intent,android.content.pm.ActivityInfo,android.os.IBinder,android.os.Bundle,android.app.Activity$NonConfigurationInstances)>",
						"<android.app.ActivityThread: android.app.Activity performLaunchActivity(android.app.ActivityThread$ActivityClientRecord,android.content.Intent)>",
						"<android.app.Instrumentation: void callActivityOnCreate(android.app.Activity,android.os.Bundle)>",
						"<android.app.Activity: void performCreate(android.os.Bundle)>",
						"<android.app.NativeActivity: void onCreate(android.os.Bundle)>",
						"key field: <android.app.NativeActivity: long mNativeHandle>",
						"<android.app.NativeActivity: void onCreate(android.os.Bundle)>"
					],
					"depth":7,
					"method":"<android.app.LocalActivityManager: android.view.Window startActivity(java.lang.String,android.content.Intent)>",
					"source":"FIELDCALLER"
				},
				{
					"trace":[
						"<android.app.LocalActivityManager: void dispatchResume()>",
						"<android.app.LocalActivityManager: void moveToState(android.app.LocalActivityManager$LocalActivityRecord,int)>",
						"<android.app.ActivityThread: android.app.Activity startActivityNow(android.app.Activity,java.lang.String,android.content.Intent,android.content.pm.ActivityInfo,android.os.IBinder,android.os.Bundle,android.app.Activity$NonConfigurationInstances)>",
						"<android.app.ActivityThread: android.app.Activity performLaunchActivity(android.app.ActivityThread$ActivityClientRecord,android.content.Intent)>",
						"<android.app.Instrumentation: void callActivityOnCreate(android.app.Activity,android.os.Bundle)>",
						"<android.app.Activity: void performCreate(android.os.Bundle)>",
						"<android.app.NativeActivity: void onCreate(android.os.Bundle)>",
						"key field: <android.app.NativeActivity: long mNativeHandle>",
						"<android.app.NativeActivity: void onCreate(android.os.Bundle)>"
					],
					"depth":7,
					"method":"<android.app.LocalActivityManager: void dispatchResume()>",
					"source":"FIELDCALLER"
				},
				{
					"trace":[
						"<android.app.LocalActivityManager: void dispatchPause(boolean)>",
						"<android.app.LocalActivityManager: void moveToState(android.app.LocalActivityManager$LocalActivityRecord,int)>",
						"<android.app.ActivityThread: android.app.Activity startActivityNow(android.app.Activity,java.lang.String,android.content.Intent,android.content.pm.ActivityInfo,android.os.IBinder,android.os.Bundle,android.app.Activity$NonConfigurationInstances)>",
						"<android.app.ActivityThread: android.app.Activity performLaunchActivity(android.app.ActivityThread$ActivityClientRecord,android.content.Intent)>",
						"<android.app.Instrumentation: void callActivityOnCreate(android.app.Activity,android.os.Bundle)>",
						"<android.app.Activity: void performCreate(android.os.Bundle)>",
						"<android.app.NativeActivity: void onCreate(android.os.Bundle)>",
						"key field: <android.app.NativeActivity: long mNativeHandle>",
						"<android.app.NativeActivity: void onCreate(android.os.Bundle)>"
					],
					"depth":7,
					"method":"<android.app.LocalActivityManager: void dispatchPause(boolean)>",
					"source":"FIELDCALLER"
				},
				{
					"trace":[
						"<android.app.LocalActivityManager: void dispatchStop()>",
						"<android.app.LocalActivityManager: void moveToState(android.app.LocalActivityManager$LocalActivityRecord,int)>",
						"<android.app.ActivityThread: android.app.Activity startActivityNow(android.app.Activity,java.lang.String,android.content.Intent,android.content.pm.ActivityInfo,android.os.IBinder,android.os.Bundle,android.app.Activity$NonConfigurationInstances)>",
						"<android.app.ActivityThread: android.app.Activity performLaunchActivity(android.app.ActivityThread$ActivityClientRecord,android.content.Intent)>",
						"<android.app.Instrumentation: void callActivityOnCreate(android.app.Activity,android.os.Bundle)>",
						"<android.app.Activity: void performCreate(android.os.Bundle)>",
						"<android.app.NativeActivity: void onCreate(android.os.Bundle)>",
						"key field: <android.app.NativeActivity: long mNativeHandle>",
						"<android.app.NativeActivity: void onCreate(android.os.Bundle)>"
					],
					"depth":7,
					"method":"<android.app.LocalActivityManager: void dispatchStop()>",
					"source":"FIELDCALLER"
				},
				{
					"trace":[
						"<android.hardware.camera2.legacy.RequestThreadManager$5: boolean handleMessage(android.os.Message)>",
						"<android.app.ActivityThread$H: void handleMessage(android.os.Message)>",
						"<android.app.ActivityThread: void access$900(android.app.ActivityThread,android.app.ActivityThread$ActivityClientRecord,android.content.Intent)>",
						"<android.app.ActivityThread: void handleLaunchActivity(android.app.ActivityThread$ActivityClientRecord,android.content.Intent)>",
						"<android.app.ActivityThread: android.app.Activity performLaunchActivity(android.app.ActivityThread$ActivityClientRecord,android.content.Intent)>",
						"<android.app.Instrumentation: void callActivityOnCreate(android.app.Activity,android.os.Bundle)>",
						"<android.app.Activity: void performCreate(android.os.Bundle)>",
						"<android.app.NativeActivity: void onCreate(android.os.Bundle)>",
						"key field: <android.app.NativeActivity: long mNativeHandle>",
						"<android.app.NativeActivity: void onCreate(android.os.Bundle)>"
					],
					"depth":8,
					"method":"<android.hardware.camera2.legacy.RequestThreadManager$5: boolean handleMessage(android.os.Message)>",
					"source":"FIELDCALLER"
				},
				{
					"trace":[
						"<android.os.Handler$Callback: boolean handleMessage(android.os.Message)>",
						"<android.app.ActivityThread$H: void handleMessage(android.os.Message)>",
						"<android.app.ActivityThread: void access$900(android.app.ActivityThread,android.app.ActivityThread$ActivityClientRecord,android.content.Intent)>",
						"<android.app.ActivityThread: void handleLaunchActivity(android.app.ActivityThread$ActivityClientRecord,android.content.Intent)>",
						"<android.app.ActivityThread: android.app.Activity performLaunchActivity(android.app.ActivityThread$ActivityClientRecord,android.content.Intent)>",
						"<android.app.Instrumentation: void callActivityOnCreate(android.app.Activity,android.os.Bundle)>",
						"<android.app.Activity: void performCreate(android.os.Bundle)>",
						"<android.app.NativeActivity: void onCreate(android.os.Bundle)>",
						"key field: <android.app.NativeActivity: long mNativeHandle>",
						"<android.app.NativeActivity: void onCreate(android.os.Bundle)>"
					],
					"depth":8,
					"method":"<android.os.Handler$Callback: boolean handleMessage(android.os.Message)>",
					"source":"FIELDCALLER"
				},
				{
					"trace":[
						"<android.widget.Filter$RequestHandler: void handleMessage(android.os.Message)>",
						"<android.app.ActivityThread$H: void handleMessage(android.os.Message)>",
						"<android.app.ActivityThread: void access$900(android.app.ActivityThread,android.app.ActivityThread$ActivityClientRecord,android.content.Intent)>",
						"<android.app.ActivityThread: void handleLaunchActivity(android.app.ActivityThread$ActivityClientRecord,android.content.Intent)>",
						"<android.app.ActivityThread: android.app.Activity performLaunchActivity(android.app.ActivityThread$ActivityClientRecord,android.content.Intent)>",
						"<android.app.Instrumentation: void callActivityOnCreate(android.app.Activity,android.os.Bundle)>",
						"<android.app.Activity: void performCreate(android.os.Bundle)>",
						"<android.app.NativeActivity: void onCreate(android.os.Bundle)>",
						"key field: <android.app.NativeActivity: long mNativeHandle>",
						"<android.app.NativeActivity: void onCreate(android.os.Bundle)>"
					],
					"depth":8,
					"method":"<android.widget.Filter$RequestHandler: void handleMessage(android.os.Message)>",
					"source":"FIELDCALLER"
				}
			],
			"callerOfSingnlar2SourceVar":{
				"<android.app.NativeActivity: void onCreate(android.os.Bundle)>":"0"
			}
		},
		{
			"method":"<android.app.NativeActivity: void onCreate(android.os.Bundle)>",
			"message":"\\QError getting activity info\\E",
			"relatedVarType":"Unknown",
			"relatedCondType":"Basic",
			"modifier":"protected",
			"type":"java.lang.RuntimeException",
			"osVersionRelated":false,
			"resourceRelated":false,
			"assessRelated":false,
			"hardwareRelated":false,
			"manifestRelated":false,
			"conditions":"$r17 == null, r49 == null",
			"caughtValues":"@caughtexception",
			"relatedValues":"; ; @caughtexception",
			"keyAPISameClassNum":0,
			"keyAPIDiffClassNum":0,
			"keyAPISameClass":[],
			"keyAPIDiffClass":[],
			"callerOfSingnlar2SourceVar":{}
		}
	]
}