{
	"exceptions":[
		{
			"method":"<android.inputmethodservice.InputMethodService: void setTheme(int)>",
			"message":"\\QMust be called before onCreate()\\E",
			"relatedVarType":"Field",
			"relatedCondType":"Basic",
			"modifier":"public",
			"type":"java.lang.IllegalStateException",
			"osVersionRelated":false,
			"resourceRelated":false,
			"assessRelated":false,
			"hardwareRelated":false,
			"manifestRelated":false,
			"conditions":"$r1 == null",
			"fieldValues":"<android.inputmethodservice.InputMethodService: android.inputmethodservice.SoftInputWindow mWindow>",
			"relatedValues":"; <android.inputmethodservice.InputMethodService: android.inputmethodservice.SoftInputWindow mWindow>; ",
			"keyAPISameClassNum":13,
			"keyAPIDiffClassNum":8,
			"keyAPISameClass":[
				{
					"trace":[
						"<android.inputmethodservice.InputMethodService: void setTheme(int)>"
					],
					"depth":1,
					"method":"<android.inputmethodservice.InputMethodService: void onCreate()>",
					"source":"FIELD"
				},
				{
					"trace":[
						"<android.inputmethodservice.InputMethodService: void setTheme(int)>"
					],
					"depth":1,
					"method":"<android.inputmethodservice.InputMethodService: void onDestroy()>",
					"source":"FIELD"
				},
				{
					"trace":[
						"<android.inputmethodservice.InputMethodService: void setTheme(int)>"
					],
					"depth":1,
					"method":"<android.inputmethodservice.InputMethodService: void updateFullscreenMode()>",
					"source":"FIELD"
				},
				{
					"trace":[
						"<android.inputmethodservice.InputMethodService: void setTheme(int)>"
					],
					"depth":1,
					"method":"<android.inputmethodservice.InputMethodService: void onConfigureWindow(android.view.Window,boolean,boolean)>",
					"source":"FIELD"
				},
				{
					"trace":[
						"<android.inputmethodservice.InputMethodService: void setTheme(int)>"
					],
					"depth":1,
					"method":"<android.inputmethodservice.InputMethodService: void hideWindow()>",
					"source":"FIELD"
				},
				{
					"trace":[
						"<android.inputmethodservice.InputMethodService: void onConfigurationChanged(android.content.res.Configuration)>",
						"<android.inputmethodservice.InputMethodService: void initViews()>",
						"key field: <android.inputmethodservice.InputMethodService: android.inputmethodservice.SoftInputWindow mWindow>",
						"<android.inputmethodservice.InputMethodService: void setTheme(int)>"
					],
					"depth":2,
					"method":"<android.inputmethodservice.InputMethodService: void onConfigurationChanged(android.content.res.Configuration)>",
					"source":"FIELDCALLER"
				},
				{
					"trace":[
						"<android.inputmethodservice.InputMethodService: void showWindow(boolean)>",
						"<android.inputmethodservice.InputMethodService: void showWindowInner(boolean)>",
						"<android.inputmethodservice.InputMethodService: void updateFullscreenMode()>",
						"key field: <android.inputmethodservice.InputMethodService: android.inputmethodservice.SoftInputWindow mWindow>",
						"<android.inputmethodservice.InputMethodService: void setTheme(int)>"
					],
					"depth":3,
					"method":"<android.inputmethodservice.InputMethodService: void showWindow(boolean)>",
					"source":"FIELDCALLER"
				},
				{
					"trace":[
						"<android.inputmethodservice.InputMethodService: void setCandidatesViewShown(boolean)>",
						"<android.inputmethodservice.InputMethodService: void showWindow(boolean)>",
						"<android.inputmethodservice.InputMethodService: void showWindowInner(boolean)>",
						"<android.inputmethodservice.InputMethodService: void updateFullscreenMode()>",
						"key field: <android.inputmethodservice.InputMethodService: android.inputmethodservice.SoftInputWindow mWindow>",
						"<android.inputmethodservice.InputMethodService: void setTheme(int)>"
					],
					"depth":4,
					"method":"<android.inputmethodservice.InputMethodService: void setCandidatesViewShown(boolean)>",
					"source":"FIELDCALLER"
				},
				{
					"trace":[
						"<android.inputmethodservice.InputMethodService: void onExtractedTextClicked()>",
						"<android.inputmethodservice.InputMethodService: void setCandidatesViewShown(boolean)>",
						"<android.inputmethodservice.InputMethodService: void showWindow(boolean)>",
						"<android.inputmethodservice.InputMethodService: void showWindowInner(boolean)>",
						"<android.inputmethodservice.InputMethodService: void updateFullscreenMode()>",
						"key field: <android.inputmethodservice.InputMethodService: android.inputmethodservice.SoftInputWindow mWindow>",
						"<android.inputmethodservice.InputMethodService: void setTheme(int)>"
					],
					"depth":5,
					"method":"<android.inputmethodservice.InputMethodService: void onExtractedTextClicked()>",
					"source":"FIELDCALLER"
				},
				{
					"trace":[
						"<android.inputmethodservice.InputMethodService: void onExtractedCursorMovement(int,int)>",
						"<android.inputmethodservice.InputMethodService: void setCandidatesViewShown(boolean)>",
						"<android.inputmethodservice.InputMethodService: void showWindow(boolean)>",
						"<android.inputmethodservice.InputMethodService: void showWindowInner(boolean)>",
						"<android.inputmethodservice.InputMethodService: void updateFullscreenMode()>",
						"key field: <android.inputmethodservice.InputMethodService: android.inputmethodservice.SoftInputWindow mWindow>",
						"<android.inputmethodservice.InputMethodService: void setTheme(int)>"
					],
					"depth":5,
					"method":"<android.inputmethodservice.InputMethodService: void onExtractedCursorMovement(int,int)>",
					"source":"FIELDCALLER"
				},
				{
					"trace":[
						"<android.inputmethodservice.InputMethodService: boolean onKeyDown(int,android.view.KeyEvent)>",
						"<android.inputmethodservice.InputMethodService: boolean doMovementKey(int,android.view.KeyEvent,int)>",
						"<android.inputmethodservice.InputMethodService: void reportExtractedMovement(int,int)>",
						"<android.inputmethodservice.InputMethodService: void onExtractedCursorMovement(int,int)>",
						"<android.inputmethodservice.InputMethodService: void setCandidatesViewShown(boolean)>",
						"<android.inputmethodservice.InputMethodService: void showWindow(boolean)>",
						"<android.inputmethodservice.InputMethodService: void showWindowInner(boolean)>",
						"<android.inputmethodservice.InputMethodService: void updateFullscreenMode()>",
						"key field: <android.inputmethodservice.InputMethodService: android.inputmethodservice.SoftInputWindow mWindow>",
						"<android.inputmethodservice.InputMethodService: void setTheme(int)>"
					],
					"depth":8,
					"method":"<android.inputmethodservice.InputMethodService: boolean onKeyDown(int,android.view.KeyEvent)>",
					"source":"FIELDCALLER"
				},
				{
					"trace":[
						"<android.inputmethodservice.InputMethodService: boolean onKeyMultiple(int,int,android.view.KeyEvent)>",
						"<android.inputmethodservice.InputMethodService: boolean doMovementKey(int,android.view.KeyEvent,int)>",
						"<android.inputmethodservice.InputMethodService: void reportExtractedMovement(int,int)>",
						"<android.inputmethodservice.InputMethodService: void onExtractedCursorMovement(int,int)>",
						"<android.inputmethodservice.InputMethodService: void setCandidatesViewShown(boolean)>",
						"<android.inputmethodservice.InputMethodService: void showWindow(boolean)>",
						"<android.inputmethodservice.InputMethodService: void showWindowInner(boolean)>",
						"<android.inputmethodservice.InputMethodService: void updateFullscreenMode()>",
						"key field: <android.inputmethodservice.InputMethodService: android.inputmethodservice.SoftInputWindow mWindow>",
						"<android.inputmethodservice.InputMethodService: void setTheme(int)>"
					],
					"depth":8,
					"method":"<android.inputmethodservice.InputMethodService: boolean onKeyMultiple(int,int,android.view.KeyEvent)>",
					"source":"FIELDCALLER"
				},
				{
					"trace":[
						"<android.inputmethodservice.InputMethodService: boolean onKeyUp(int,android.view.KeyEvent)>",
						"<android.inputmethodservice.InputMethodService: boolean doMovementKey(int,android.view.KeyEvent,int)>",
						"<android.inputmethodservice.InputMethodService: void reportExtractedMovement(int,int)>",
						"<android.inputmethodservice.InputMethodService: void onExtractedCursorMovement(int,int)>",
						"<android.inputmethodservice.InputMethodService: void setCandidatesViewShown(boolean)>",
						"<android.inputmethodservice.InputMethodService: void showWindow(boolean)>",
						"<android.inputmethodservice.InputMethodService: void showWindowInner(boolean)>",
						"<android.inputmethodservice.InputMethodService: void updateFullscreenMode()>",
						"key field: <android.inputmethodservice.InputMethodService: android.inputmethodservice.SoftInputWindow mWindow>",
						"<android.inputmethodservice.InputMethodService: void setTheme(int)>"
					],
					"depth":8,
					"method":"<android.inputmethodservice.InputMethodService: boolean onKeyUp(int,android.view.KeyEvent)>",
					"source":"FIELDCALLER"
				}
			],
			"keyAPIDiffClass":[
				{
					"trace":[
						"<android.app.Application: void onConfigurationChanged(android.content.res.Configuration)>",
						"<android.inputmethodservice.InputMethodService: void onConfigurationChanged(android.content.res.Configuration)>",
						"<android.inputmethodservice.InputMethodService: void initViews()>",
						"key field: <android.inputmethodservice.InputMethodService: android.inputmethodservice.SoftInputWindow mWindow>",
						"<android.inputmethodservice.InputMethodService: void setTheme(int)>"
					],
					"depth":3,
					"method":"<android.app.Application: void onConfigurationChanged(android.content.res.Configuration)>",
					"source":"FIELDCALLER"
				},
				{
					"trace":[
						"<android.inputmethodservice.InputMethodService$InputMethodImpl: void showSoftInput(int,android.os.ResultReceiver)>",
						"<android.inputmethodservice.InputMethodService: void showWindow(boolean)>",
						"<android.inputmethodservice.InputMethodService: void showWindowInner(boolean)>",
						"<android.inputmethodservice.InputMethodService: void updateFullscreenMode()>",
						"key field: <android.inputmethodservice.InputMethodService: android.inputmethodservice.SoftInputWindow mWindow>",
						"<android.inputmethodservice.InputMethodService: void setTheme(int)>"
					],
					"depth":4,
					"method":"<android.inputmethodservice.InputMethodService$InputMethodImpl: void showSoftInput(int,android.os.ResultReceiver)>",
					"source":"FIELDCALLER"
				},
				{
					"trace":[
						"<android.inputmethodservice.InputMethodService$InputMethodImpl: void hideSoftInput(int,android.os.ResultReceiver)>",
						"<android.inputmethodservice.InputMethodService: void access$000(android.inputmethodservice.InputMethodService)>",
						"<android.inputmethodservice.InputMethodService: void doHideWindow()>",
						"<android.inputmethodservice.InputMethodService: void hideWindow()>",
						"key field: <android.inputmethodservice.InputMethodService: android.inputmethodservice.SoftInputWindow mWindow>",
						"<android.inputmethodservice.InputMethodService: void setTheme(int)>"
					],
					"depth":4,
					"method":"<android.inputmethodservice.InputMethodService$InputMethodImpl: void hideSoftInput(int,android.os.ResultReceiver)>",
					"source":"FIELDCALLER"
				},
				{
					"trace":[
						"<android.inputmethodservice.IInputMethodWrapper: void executeMessage(android.os.Message)>",
						"<android.inputmethodservice.InputMethodService$InputMethodImpl: void showSoftInput(int,android.os.ResultReceiver)>",
						"<android.inputmethodservice.InputMethodService: void showWindow(boolean)>",
						"<android.inputmethodservice.InputMethodService: void showWindowInner(boolean)>",
						"<android.inputmethodservice.InputMethodService: void updateFullscreenMode()>",
						"key field: <android.inputmethodservice.InputMethodService: android.inputmethodservice.SoftInputWindow mWindow>",
						"<android.inputmethodservice.InputMethodService: void setTheme(int)>"
					],
					"depth":5,
					"method":"<android.inputmethodservice.IInputMethodWrapper: void executeMessage(android.os.Message)>",
					"source":"FIELDCALLER"
				},
				{
					"trace":[
						"<com.android.internal.os.HandlerCaller$Callback: void executeMessage(android.os.Message)>",
						"<android.inputmethodservice.InputMethodService$InputMethodImpl: void showSoftInput(int,android.os.ResultReceiver)>",
						"<android.inputmethodservice.InputMethodService: void showWindow(boolean)>",
						"<android.inputmethodservice.InputMethodService: void showWindowInner(boolean)>",
						"<android.inputmethodservice.InputMethodService: void updateFullscreenMode()>",
						"key field: <android.inputmethodservice.InputMethodService: android.inputmethodservice.SoftInputWindow mWindow>",
						"<android.inputmethodservice.InputMethodService: void setTheme(int)>"
					],
					"depth":5,
					"method":"<com.android.internal.os.HandlerCaller$Callback: void executeMessage(android.os.Message)>",
					"source":"FIELDCALLER"
				},
				{
					"trace":[
						"<android.inputmethodservice.ExtractEditText: boolean performClick()>",
						"<android.inputmethodservice.InputMethodService: void onExtractedTextClicked()>",
						"<android.inputmethodservice.InputMethodService: void setCandidatesViewShown(boolean)>",
						"<android.inputmethodservice.InputMethodService: void showWindow(boolean)>",
						"<android.inputmethodservice.InputMethodService: void showWindowInner(boolean)>",
						"<android.inputmethodservice.InputMethodService: void updateFullscreenMode()>",
						"key field: <android.inputmethodservice.InputMethodService: android.inputmethodservice.SoftInputWindow mWindow>",
						"<android.inputmethodservice.InputMethodService: void setTheme(int)>"
					],
					"depth":6,
					"method":"<android.inputmethodservice.ExtractEditText: boolean performClick()>",
					"source":"FIELDCALLER"
				},
				{
					"trace":[
						"<android.inputmethodservice.SoftInputWindow: boolean onKeyDown(int,android.view.KeyEvent)>",
						"<android.inputmethodservice.InputMethodService: boolean onKeyDown(int,android.view.KeyEvent)>",
						"<android.inputmethodservice.InputMethodService: boolean handleBack(boolean)>",
						"<android.inputmethodservice.InputMethodService: void setCandidatesViewShown(boolean)>",
						"<android.inputmethodservice.InputMethodService: void showWindow(boolean)>",
						"<android.inputmethodservice.InputMethodService: void showWindowInner(boolean)>",
						"<android.inputmethodservice.InputMethodService: void updateFullscreenMode()>",
						"key field: <android.inputmethodservice.InputMethodService: android.inputmethodservice.SoftInputWindow mWindow>",
						"<android.inputmethodservice.InputMethodService: void setTheme(int)>"
					],
					"depth":7,
					"method":"<android.inputmethodservice.SoftInputWindow: boolean onKeyDown(int,android.view.KeyEvent)>",
					"source":"FIELDCALLER"
				},
				{
					"trace":[
						"<android.inputmethodservice.SoftInputWindow: boolean onKeyUp(int,android.view.KeyEvent)>",
						"<android.inputmethodservice.InputMethodService: boolean onKeyUp(int,android.view.KeyEvent)>",
						"<android.inputmethodservice.InputMethodService: boolean handleBack(boolean)>",
						"<android.inputmethodservice.InputMethodService: void setCandidatesViewShown(boolean)>",
						"<android.inputmethodservice.InputMethodService: void showWindow(boolean)>",
						"<android.inputmethodservice.InputMethodService: void showWindowInner(boolean)>",
						"<android.inputmethodservice.InputMethodService: void updateFullscreenMode()>",
						"key field: <android.inputmethodservice.InputMethodService: android.inputmethodservice.SoftInputWindow mWindow>",
						"<android.inputmethodservice.InputMethodService: void setTheme(int)>"
					],
					"depth":7,
					"method":"<android.inputmethodservice.SoftInputWindow: boolean onKeyUp(int,android.view.KeyEvent)>",
					"source":"FIELDCALLER"
				}
			],
			"callerOfSingnlar2SourceVar":{}
		},
		{
			"method":"<android.inputmethodservice.InputMethodService: boolean enableHardwareAcceleration()>",
			"message":"\\QMust be called before onCreate()\\E",
			"relatedVarType":"Field",
			"relatedCondType":"Basic",
			"modifier":"public",
			"type":"java.lang.IllegalStateException",
			"osVersionRelated":false,
			"resourceRelated":false,
			"assessRelated":false,
			"hardwareRelated":false,
			"manifestRelated":false,
			"conditions":"$r1 == null",
			"fieldValues":"<android.inputmethodservice.InputMethodService: android.inputmethodservice.SoftInputWindow mWindow>",
			"relatedValues":"; <android.inputmethodservice.InputMethodService: android.inputmethodservice.SoftInputWindow mWindow>; ",
			"keyAPISameClassNum":13,
			"keyAPIDiffClassNum":8,
			"keyAPISameClass":[
				{
					"trace":[
						"<android.inputmethodservice.InputMethodService: boolean enableHardwareAcceleration()>"
					],
					"depth":1,
					"method":"<android.inputmethodservice.InputMethodService: void onCreate()>",
					"source":"FIELD"
				},
				{
					"trace":[
						"<android.inputmethodservice.InputMethodService: boolean enableHardwareAcceleration()>"
					],
					"depth":1,
					"method":"<android.inputmethodservice.InputMethodService: void onDestroy()>",
					"source":"FIELD"
				},
				{
					"trace":[
						"<android.inputmethodservice.InputMethodService: boolean enableHardwareAcceleration()>"
					],
					"depth":1,
					"method":"<android.inputmethodservice.InputMethodService: void updateFullscreenMode()>",
					"source":"FIELD"
				},
				{
					"trace":[
						"<android.inputmethodservice.InputMethodService: boolean enableHardwareAcceleration()>"
					],
					"depth":1,
					"method":"<android.inputmethodservice.InputMethodService: void onConfigureWindow(android.view.Window,boolean,boolean)>",
					"source":"FIELD"
				},
				{
					"trace":[
						"<android.inputmethodservice.InputMethodService: boolean enableHardwareAcceleration()>"
					],
					"depth":1,
					"method":"<android.inputmethodservice.InputMethodService: void hideWindow()>",
					"source":"FIELD"
				},
				{
					"trace":[
						"<android.inputmethodservice.InputMethodService: void onConfigurationChanged(android.content.res.Configuration)>",
						"<android.inputmethodservice.InputMethodService: void initViews()>",
						"key field: <android.inputmethodservice.InputMethodService: android.inputmethodservice.SoftInputWindow mWindow>",
						"<android.inputmethodservice.InputMethodService: boolean enableHardwareAcceleration()>"
					],
					"depth":2,
					"method":"<android.inputmethodservice.InputMethodService: void onConfigurationChanged(android.content.res.Configuration)>",
					"source":"FIELDCALLER"
				},
				{
					"trace":[
						"<android.inputmethodservice.InputMethodService: void showWindow(boolean)>",
						"<android.inputmethodservice.InputMethodService: void showWindowInner(boolean)>",
						"<android.inputmethodservice.InputMethodService: void updateFullscreenMode()>",
						"key field: <android.inputmethodservice.InputMethodService: android.inputmethodservice.SoftInputWindow mWindow>",
						"<android.inputmethodservice.InputMethodService: boolean enableHardwareAcceleration()>"
					],
					"depth":3,
					"method":"<android.inputmethodservice.InputMethodService: void showWindow(boolean)>",
					"source":"FIELDCALLER"
				},
				{
					"trace":[
						"<android.inputmethodservice.InputMethodService: void setCandidatesViewShown(boolean)>",
						"<android.inputmethodservice.InputMethodService: void showWindow(boolean)>",
						"<android.inputmethodservice.InputMethodService: void showWindowInner(boolean)>",
						"<android.inputmethodservice.InputMethodService: void updateFullscreenMode()>",
						"key field: <android.inputmethodservice.InputMethodService: android.inputmethodservice.SoftInputWindow mWindow>",
						"<android.inputmethodservice.InputMethodService: boolean enableHardwareAcceleration()>"
					],
					"depth":4,
					"method":"<android.inputmethodservice.InputMethodService: void setCandidatesViewShown(boolean)>",
					"source":"FIELDCALLER"
				},
				{
					"trace":[
						"<android.inputmethodservice.InputMethodService: void onExtractedTextClicked()>",
						"<android.inputmethodservice.InputMethodService: void setCandidatesViewShown(boolean)>",
						"<android.inputmethodservice.InputMethodService: void showWindow(boolean)>",
						"<android.inputmethodservice.InputMethodService: void showWindowInner(boolean)>",
						"<android.inputmethodservice.InputMethodService: void updateFullscreenMode()>",
						"key field: <android.inputmethodservice.InputMethodService: android.inputmethodservice.SoftInputWindow mWindow>",
						"<android.inputmethodservice.InputMethodService: boolean enableHardwareAcceleration()>"
					],
					"depth":5,
					"method":"<android.inputmethodservice.InputMethodService: void onExtractedTextClicked()>",
					"source":"FIELDCALLER"
				},
				{
					"trace":[
						"<android.inputmethodservice.InputMethodService: void onExtractedCursorMovement(int,int)>",
						"<android.inputmethodservice.InputMethodService: void setCandidatesViewShown(boolean)>",
						"<android.inputmethodservice.InputMethodService: void showWindow(boolean)>",
						"<android.inputmethodservice.InputMethodService: void showWindowInner(boolean)>",
						"<android.inputmethodservice.InputMethodService: void updateFullscreenMode()>",
						"key field: <android.inputmethodservice.InputMethodService: android.inputmethodservice.SoftInputWindow mWindow>",
						"<android.inputmethodservice.InputMethodService: boolean enableHardwareAcceleration()>"
					],
					"depth":5,
					"method":"<android.inputmethodservice.InputMethodService: void onExtractedCursorMovement(int,int)>",
					"source":"FIELDCALLER"
				},
				{
					"trace":[
						"<android.inputmethodservice.InputMethodService: boolean onKeyDown(int,android.view.KeyEvent)>",
						"<android.inputmethodservice.InputMethodService: boolean doMovementKey(int,android.view.KeyEvent,int)>",
						"<android.inputmethodservice.InputMethodService: void reportExtractedMovement(int,int)>",
						"<android.inputmethodservice.InputMethodService: void onExtractedCursorMovement(int,int)>",
						"<android.inputmethodservice.InputMethodService: void setCandidatesViewShown(boolean)>",
						"<android.inputmethodservice.InputMethodService: void showWindow(boolean)>",
						"<android.inputmethodservice.InputMethodService: void showWindowInner(boolean)>",
						"<android.inputmethodservice.InputMethodService: void updateFullscreenMode()>",
						"key field: <android.inputmethodservice.InputMethodService: android.inputmethodservice.SoftInputWindow mWindow>",
						"<android.inputmethodservice.InputMethodService: boolean enableHardwareAcceleration()>"
					],
					"depth":8,
					"method":"<android.inputmethodservice.InputMethodService: boolean onKeyDown(int,android.view.KeyEvent)>",
					"source":"FIELDCALLER"
				},
				{
					"trace":[
						"<android.inputmethodservice.InputMethodService: boolean onKeyMultiple(int,int,android.view.KeyEvent)>",
						"<android.inputmethodservice.InputMethodService: boolean doMovementKey(int,android.view.KeyEvent,int)>",
						"<android.inputmethodservice.InputMethodService: void reportExtractedMovement(int,int)>",
						"<android.inputmethodservice.InputMethodService: void onExtractedCursorMovement(int,int)>",
						"<android.inputmethodservice.InputMethodService: void setCandidatesViewShown(boolean)>",
						"<android.inputmethodservice.InputMethodService: void showWindow(boolean)>",
						"<android.inputmethodservice.InputMethodService: void showWindowInner(boolean)>",
						"<android.inputmethodservice.InputMethodService: void updateFullscreenMode()>",
						"key field: <android.inputmethodservice.InputMethodService: android.inputmethodservice.SoftInputWindow mWindow>",
						"<android.inputmethodservice.InputMethodService: boolean enableHardwareAcceleration()>"
					],
					"depth":8,
					"method":"<android.inputmethodservice.InputMethodService: boolean onKeyMultiple(int,int,android.view.KeyEvent)>",
					"source":"FIELDCALLER"
				},
				{
					"trace":[
						"<android.inputmethodservice.InputMethodService: boolean onKeyUp(int,android.view.KeyEvent)>",
						"<android.inputmethodservice.InputMethodService: boolean doMovementKey(int,android.view.KeyEvent,int)>",
						"<android.inputmethodservice.InputMethodService: void reportExtractedMovement(int,int)>",
						"<android.inputmethodservice.InputMethodService: void onExtractedCursorMovement(int,int)>",
						"<android.inputmethodservice.InputMethodService: void setCandidatesViewShown(boolean)>",
						"<android.inputmethodservice.InputMethodService: void showWindow(boolean)>",
						"<android.inputmethodservice.InputMethodService: void showWindowInner(boolean)>",
						"<android.inputmethodservice.InputMethodService: void updateFullscreenMode()>",
						"key field: <android.inputmethodservice.InputMethodService: android.inputmethodservice.SoftInputWindow mWindow>",
						"<android.inputmethodservice.InputMethodService: boolean enableHardwareAcceleration()>"
					],
					"depth":8,
					"method":"<android.inputmethodservice.InputMethodService: boolean onKeyUp(int,android.view.KeyEvent)>",
					"source":"FIELDCALLER"
				}
			],
			"keyAPIDiffClass":[
				{
					"trace":[
						"<android.app.Application: void onConfigurationChanged(android.content.res.Configuration)>",
						"<android.inputmethodservice.InputMethodService: void onConfigurationChanged(android.content.res.Configuration)>",
						"<android.inputmethodservice.InputMethodService: void initViews()>",
						"key field: <android.inputmethodservice.InputMethodService: android.inputmethodservice.SoftInputWindow mWindow>",
						"<android.inputmethodservice.InputMethodService: boolean enableHardwareAcceleration()>"
					],
					"depth":3,
					"method":"<android.app.Application: void onConfigurationChanged(android.content.res.Configuration)>",
					"source":"FIELDCALLER"
				},
				{
					"trace":[
						"<android.inputmethodservice.InputMethodService$InputMethodImpl: void showSoftInput(int,android.os.ResultReceiver)>",
						"<android.inputmethodservice.InputMethodService: void showWindow(boolean)>",
						"<android.inputmethodservice.InputMethodService: void showWindowInner(boolean)>",
						"<android.inputmethodservice.InputMethodService: void updateFullscreenMode()>",
						"key field: <android.inputmethodservice.InputMethodService: android.inputmethodservice.SoftInputWindow mWindow>",
						"<android.inputmethodservice.InputMethodService: boolean enableHardwareAcceleration()>"
					],
					"depth":4,
					"method":"<android.inputmethodservice.InputMethodService$InputMethodImpl: void showSoftInput(int,android.os.ResultReceiver)>",
					"source":"FIELDCALLER"
				},
				{
					"trace":[
						"<android.inputmethodservice.InputMethodService$InputMethodImpl: void hideSoftInput(int,android.os.ResultReceiver)>",
						"<android.inputmethodservice.InputMethodService: void access$000(android.inputmethodservice.InputMethodService)>",
						"<android.inputmethodservice.InputMethodService: void doHideWindow()>",
						"<android.inputmethodservice.InputMethodService: void hideWindow()>",
						"key field: <android.inputmethodservice.InputMethodService: android.inputmethodservice.SoftInputWindow mWindow>",
						"<android.inputmethodservice.InputMethodService: boolean enableHardwareAcceleration()>"
					],
					"depth":4,
					"method":"<android.inputmethodservice.InputMethodService$InputMethodImpl: void hideSoftInput(int,android.os.ResultReceiver)>",
					"source":"FIELDCALLER"
				},
				{
					"trace":[
						"<android.inputmethodservice.IInputMethodWrapper: void executeMessage(android.os.Message)>",
						"<android.inputmethodservice.InputMethodService$InputMethodImpl: void showSoftInput(int,android.os.ResultReceiver)>",
						"<android.inputmethodservice.InputMethodService: void showWindow(boolean)>",
						"<android.inputmethodservice.InputMethodService: void showWindowInner(boolean)>",
						"<android.inputmethodservice.InputMethodService: void updateFullscreenMode()>",
						"key field: <android.inputmethodservice.InputMethodService: android.inputmethodservice.SoftInputWindow mWindow>",
						"<android.inputmethodservice.InputMethodService: boolean enableHardwareAcceleration()>"
					],
					"depth":5,
					"method":"<android.inputmethodservice.IInputMethodWrapper: void executeMessage(android.os.Message)>",
					"source":"FIELDCALLER"
				},
				{
					"trace":[
						"<com.android.internal.os.HandlerCaller$Callback: void executeMessage(android.os.Message)>",
						"<android.inputmethodservice.InputMethodService$InputMethodImpl: void showSoftInput(int,android.os.ResultReceiver)>",
						"<android.inputmethodservice.InputMethodService: void showWindow(boolean)>",
						"<android.inputmethodservice.InputMethodService: void showWindowInner(boolean)>",
						"<android.inputmethodservice.InputMethodService: void updateFullscreenMode()>",
						"key field: <android.inputmethodservice.InputMethodService: android.inputmethodservice.SoftInputWindow mWindow>",
						"<android.inputmethodservice.InputMethodService: boolean enableHardwareAcceleration()>"
					],
					"depth":5,
					"method":"<com.android.internal.os.HandlerCaller$Callback: void executeMessage(android.os.Message)>",
					"source":"FIELDCALLER"
				},
				{
					"trace":[
						"<android.inputmethodservice.ExtractEditText: boolean performClick()>",
						"<android.inputmethodservice.InputMethodService: void onExtractedTextClicked()>",
						"<android.inputmethodservice.InputMethodService: void setCandidatesViewShown(boolean)>",
						"<android.inputmethodservice.InputMethodService: void showWindow(boolean)>",
						"<android.inputmethodservice.InputMethodService: void showWindowInner(boolean)>",
						"<android.inputmethodservice.InputMethodService: void updateFullscreenMode()>",
						"key field: <android.inputmethodservice.InputMethodService: android.inputmethodservice.SoftInputWindow mWindow>",
						"<android.inputmethodservice.InputMethodService: boolean enableHardwareAcceleration()>"
					],
					"depth":6,
					"method":"<android.inputmethodservice.ExtractEditText: boolean performClick()>",
					"source":"FIELDCALLER"
				},
				{
					"trace":[
						"<android.inputmethodservice.SoftInputWindow: boolean onKeyDown(int,android.view.KeyEvent)>",
						"<android.inputmethodservice.InputMethodService: boolean onKeyDown(int,android.view.KeyEvent)>",
						"<android.inputmethodservice.InputMethodService: boolean handleBack(boolean)>",
						"<android.inputmethodservice.InputMethodService: void setCandidatesViewShown(boolean)>",
						"<android.inputmethodservice.InputMethodService: void showWindow(boolean)>",
						"<android.inputmethodservice.InputMethodService: void showWindowInner(boolean)>",
						"<android.inputmethodservice.InputMethodService: void updateFullscreenMode()>",
						"key field: <android.inputmethodservice.InputMethodService: android.inputmethodservice.SoftInputWindow mWindow>",
						"<android.inputmethodservice.InputMethodService: boolean enableHardwareAcceleration()>"
					],
					"depth":7,
					"method":"<android.inputmethodservice.SoftInputWindow: boolean onKeyDown(int,android.view.KeyEvent)>",
					"source":"FIELDCALLER"
				},
				{
					"trace":[
						"<android.inputmethodservice.SoftInputWindow: boolean onKeyUp(int,android.view.KeyEvent)>",
						"<android.inputmethodservice.InputMethodService: boolean onKeyUp(int,android.view.KeyEvent)>",
						"<android.inputmethodservice.InputMethodService: boolean handleBack(boolean)>",
						"<android.inputmethodservice.InputMethodService: void setCandidatesViewShown(boolean)>",
						"<android.inputmethodservice.InputMethodService: void showWindow(boolean)>",
						"<android.inputmethodservice.InputMethodService: void showWindowInner(boolean)>",
						"<android.inputmethodservice.InputMethodService: void updateFullscreenMode()>",
						"key field: <android.inputmethodservice.InputMethodService: android.inputmethodservice.SoftInputWindow mWindow>",
						"<android.inputmethodservice.InputMethodService: boolean enableHardwareAcceleration()>"
					],
					"depth":7,
					"method":"<android.inputmethodservice.SoftInputWindow: boolean onKeyUp(int,android.view.KeyEvent)>",
					"source":"FIELDCALLER"
				}
			],
			"callerOfSingnlar2SourceVar":{}
		}
	]
}