{
	"exceptions":[
		{
			"method":"<android.app.TaskStackBuilder: android.app.TaskStackBuilder addParentStack(android.content.ComponentName)>",
			"message":"[\\s\\S]*",
			"relatedVarType":"ParaAndField",
			"relatedCondType":"Basic",
			"modifier":"public",
			"type":"java.lang.IllegalArgumentException",
			"osVersionRelated":false,
			"resourceRelated":false,
			"assessRelated":false,
			"hardwareRelated":false,
			"manifestRelated":false,
			"conditions":"r13 == null, i0 != 0, r13 != null",
			"paramValues":"@parameter0: android.content.ComponentName",
			"fieldValues":"<android.app.TaskStackBuilder: android.content.Context mSourceContext>, <android.app.TaskStackBuilder: java.util.ArrayList mIntents>",
			"caughtValues":"@caughtexception",
			"relatedValues":"@parameter0: android.content.ComponentName; <android.app.TaskStackBuilder: android.content.Context mSourceContext>, <android.app.TaskStackBuilder: java.util.ArrayList mIntents>; @caughtexception",
			"keyAPISameClassNum":15,
			"keyAPIDiffClassNum":9,
			"keyAPISameClass":[
				{
					"trace":[
						"<android.app.TaskStackBuilder: android.app.TaskStackBuilder addParentStack(android.content.ComponentName)>"
					],
					"depth":1,
					"method":"<android.app.TaskStackBuilder: android.app.TaskStackBuilder addNextIntentWithParentStack(android.content.Intent)>",
					"source":"FIELD"
				},
				{
					"trace":[
						"<android.app.TaskStackBuilder: android.app.TaskStackBuilder addParentStack(android.content.ComponentName)>"
					],
					"depth":1,
					"method":"<android.app.TaskStackBuilder: android.app.TaskStackBuilder addParentStack(android.app.Activity)>",
					"source":"FIELD"
				},
				{
					"trace":[
						"<android.app.TaskStackBuilder: android.app.TaskStackBuilder addParentStack(android.content.ComponentName)>"
					],
					"depth":1,
					"method":"<android.app.TaskStackBuilder: android.app.TaskStackBuilder addParentStack(java.lang.Class)>",
					"source":"FIELD"
				},
				{
					"trace":[
						"<android.app.TaskStackBuilder: android.app.TaskStackBuilder addParentStack(android.content.ComponentName)>"
					],
					"depth":1,
					"method":"<android.app.TaskStackBuilder: android.app.TaskStackBuilder addParentStack(android.content.ComponentName)>",
					"source":"FIELD"
				},
				{
					"trace":[
						"<android.app.TaskStackBuilder: android.app.TaskStackBuilder addParentStack(android.content.ComponentName)>"
					],
					"depth":1,
					"method":"<android.app.TaskStackBuilder: void startActivities(android.os.Bundle,android.os.UserHandle)>",
					"source":"FIELD"
				},
				{
					"trace":[
						"<android.app.TaskStackBuilder: android.app.TaskStackBuilder addParentStack(android.content.ComponentName)>"
					],
					"depth":1,
					"method":"<android.app.TaskStackBuilder: android.app.PendingIntent getPendingIntent(int,int,android.os.Bundle)>",
					"source":"FIELD"
				},
				{
					"trace":[
						"<android.app.TaskStackBuilder: android.app.TaskStackBuilder addParentStack(android.content.ComponentName)>"
					],
					"depth":1,
					"method":"<android.app.TaskStackBuilder: android.app.PendingIntent getPendingIntent(int,int,android.os.Bundle,android.os.UserHandle)>",
					"source":"FIELD"
				},
				{
					"trace":[
						"<android.app.TaskStackBuilder: android.app.TaskStackBuilder addParentStack(android.content.ComponentName)>"
					],
					"depth":1,
					"method":"<android.app.TaskStackBuilder: android.app.TaskStackBuilder addNextIntent(android.content.Intent)>",
					"source":"FIELD"
				},
				{
					"trace":[
						"<android.app.TaskStackBuilder: android.app.TaskStackBuilder addParentStack(android.content.ComponentName)>"
					],
					"depth":1,
					"method":"<android.app.TaskStackBuilder: int getIntentCount()>",
					"source":"FIELD"
				},
				{
					"trace":[
						"<android.app.TaskStackBuilder: android.app.TaskStackBuilder addParentStack(android.content.ComponentName)>"
					],
					"depth":1,
					"method":"<android.app.TaskStackBuilder: android.content.Intent editIntentAt(int)>",
					"source":"FIELD"
				},
				{
					"trace":[
						"<android.app.TaskStackBuilder: android.app.TaskStackBuilder addParentStack(android.content.ComponentName)>"
					],
					"depth":1,
					"method":"<android.app.TaskStackBuilder: android.content.Intent[] getIntents()>",
					"source":"FIELD"
				},
				{
					"trace":[
						"<android.app.TaskStackBuilder: android.app.TaskStackBuilder create(android.content.Context)>",
						"<android.app.TaskStackBuilder: void <init>(android.content.Context)>",
						"key field: <android.app.TaskStackBuilder: android.content.Context mSourceContext>",
						"<android.app.TaskStackBuilder: android.app.TaskStackBuilder addParentStack(android.content.ComponentName)>"
					],
					"depth":2,
					"method":"<android.app.TaskStackBuilder: android.app.TaskStackBuilder create(android.content.Context)>",
					"source":"FIELDCALLER"
				},
				{
					"trace":[
						"<android.app.TaskStackBuilder: void startActivities(android.os.Bundle)>",
						"<android.app.TaskStackBuilder: void startActivities(android.os.Bundle,android.os.UserHandle)>",
						"key field: <android.app.TaskStackBuilder: android.content.Context mSourceContext>",
						"<android.app.TaskStackBuilder: android.app.TaskStackBuilder addParentStack(android.content.ComponentName)>"
					],
					"depth":2,
					"method":"<android.app.TaskStackBuilder: void startActivities(android.os.Bundle)>",
					"source":"FIELDCALLER"
				},
				{
					"trace":[
						"<android.app.TaskStackBuilder: android.app.PendingIntent getPendingIntent(int,int)>",
						"<android.app.TaskStackBuilder: android.app.PendingIntent getPendingIntent(int,int,android.os.Bundle)>",
						"key field: <android.app.TaskStackBuilder: android.content.Context mSourceContext>",
						"<android.app.TaskStackBuilder: android.app.TaskStackBuilder addParentStack(android.content.ComponentName)>"
					],
					"depth":2,
					"method":"<android.app.TaskStackBuilder: android.app.PendingIntent getPendingIntent(int,int)>",
					"source":"FIELDCALLER"
				},
				{
					"trace":[
						"<android.app.TaskStackBuilder: void startActivities()>",
						"<android.app.TaskStackBuilder: void startActivities(android.os.Bundle)>",
						"<android.app.TaskStackBuilder: void startActivities(android.os.Bundle,android.os.UserHandle)>",
						"key field: <android.app.TaskStackBuilder: android.content.Context mSourceContext>",
						"<android.app.TaskStackBuilder: android.app.TaskStackBuilder addParentStack(android.content.ComponentName)>"
					],
					"depth":3,
					"method":"<android.app.TaskStackBuilder: void startActivities()>",
					"source":"FIELDCALLER"
				}
			],
			"keyAPIDiffClass":[
				{
					"trace":[
						"<android.app.Activity: void onCreateNavigateUpTaskStack(android.app.TaskStackBuilder)>",
						"<android.app.TaskStackBuilder: android.app.TaskStackBuilder addParentStack(android.app.Activity)>",
						"key field: <android.app.TaskStackBuilder: android.content.Context mSourceContext>",
						"<android.app.TaskStackBuilder: android.app.TaskStackBuilder addParentStack(android.content.ComponentName)>"
					],
					"depth":2,
					"method":"<android.app.Activity: void onCreateNavigateUpTaskStack(android.app.TaskStackBuilder)>",
					"source":"FIELDCALLER"
				},
				{
					"trace":[
						"<android.app.Activity: boolean onNavigateUp()>",
						"<android.app.TaskStackBuilder: android.app.TaskStackBuilder create(android.content.Context)>",
						"<android.app.TaskStackBuilder: void <init>(android.content.Context)>",
						"key field: <android.app.TaskStackBuilder: android.content.Context mSourceContext>",
						"<android.app.TaskStackBuilder: android.app.TaskStackBuilder addParentStack(android.content.ComponentName)>"
					],
					"depth":3,
					"method":"<android.app.Activity: boolean onNavigateUp()>",
					"source":"FIELDCALLER"
				},
				{
					"trace":[
						"<android.app.Activity: boolean onMenuItemSelected(int,android.view.MenuItem)>",
						"<android.app.Activity: boolean onNavigateUp()>",
						"<android.app.TaskStackBuilder: android.app.TaskStackBuilder create(android.content.Context)>",
						"<android.app.TaskStackBuilder: void <init>(android.content.Context)>",
						"key field: <android.app.TaskStackBuilder: android.content.Context mSourceContext>",
						"<android.app.TaskStackBuilder: android.app.TaskStackBuilder addParentStack(android.content.ComponentName)>"
					],
					"depth":4,
					"method":"<android.app.Activity: boolean onMenuItemSelected(int,android.view.MenuItem)>",
					"source":"FIELDCALLER"
				},
				{
					"trace":[
						"<android.view.Window$Callback: boolean onMenuItemSelected(int,android.view.MenuItem)>",
						"<android.app.Activity: boolean onNavigateUp()>",
						"<android.app.TaskStackBuilder: android.app.TaskStackBuilder create(android.content.Context)>",
						"<android.app.TaskStackBuilder: void <init>(android.content.Context)>",
						"key field: <android.app.TaskStackBuilder: android.content.Context mSourceContext>",
						"<android.app.TaskStackBuilder: android.app.TaskStackBuilder addParentStack(android.content.ComponentName)>"
					],
					"depth":4,
					"method":"<android.view.Window$Callback: boolean onMenuItemSelected(int,android.view.MenuItem)>",
					"source":"FIELDCALLER"
				},
				{
					"trace":[
						"<android.app.Activity: boolean onNavigateUpFromChild(android.app.Activity)>",
						"<android.app.Activity: boolean onNavigateUp()>",
						"<android.app.TaskStackBuilder: android.app.TaskStackBuilder create(android.content.Context)>",
						"<android.app.TaskStackBuilder: void <init>(android.content.Context)>",
						"key field: <android.app.TaskStackBuilder: android.content.Context mSourceContext>",
						"<android.app.TaskStackBuilder: android.app.TaskStackBuilder addParentStack(android.content.ComponentName)>"
					],
					"depth":4,
					"method":"<android.app.Activity: boolean onNavigateUpFromChild(android.app.Activity)>",
					"source":"FIELDCALLER"
				},
				{
					"trace":[
						"<com.android.internal.policy.PhoneWindow: boolean onMenuItemSelected(com.android.internal.view.menu.MenuBuilder,android.view.MenuItem)>",
						"<android.app.Activity: boolean onMenuItemSelected(int,android.view.MenuItem)>",
						"<android.app.Activity: boolean onNavigateUp()>",
						"<android.app.TaskStackBuilder: android.app.TaskStackBuilder create(android.content.Context)>",
						"<android.app.TaskStackBuilder: void <init>(android.content.Context)>",
						"key field: <android.app.TaskStackBuilder: android.content.Context mSourceContext>",
						"<android.app.TaskStackBuilder: android.app.TaskStackBuilder addParentStack(android.content.ComponentName)>"
					],
					"depth":5,
					"method":"<com.android.internal.policy.PhoneWindow: boolean onMenuItemSelected(com.android.internal.view.menu.MenuBuilder,android.view.MenuItem)>",
					"source":"FIELDCALLER"
				},
				{
					"trace":[
						"<com.android.internal.view.menu.MenuBuilder$Callback: boolean onMenuItemSelected(com.android.internal.view.menu.MenuBuilder,android.view.MenuItem)>",
						"<android.app.Activity: boolean onMenuItemSelected(int,android.view.MenuItem)>",
						"<android.app.Activity: boolean onNavigateUp()>",
						"<android.app.TaskStackBuilder: android.app.TaskStackBuilder create(android.content.Context)>",
						"<android.app.TaskStackBuilder: void <init>(android.content.Context)>",
						"key field: <android.app.TaskStackBuilder: android.content.Context mSourceContext>",
						"<android.app.TaskStackBuilder: android.app.TaskStackBuilder addParentStack(android.content.ComponentName)>"
					],
					"depth":5,
					"method":"<com.android.internal.view.menu.MenuBuilder$Callback: boolean onMenuItemSelected(com.android.internal.view.menu.MenuBuilder,android.view.MenuItem)>",
					"source":"FIELDCALLER"
				},
				{
					"trace":[
						"<com.android.internal.policy.PhoneWindow$DialogMenuCallback: boolean onMenuItemSelected(com.android.internal.view.menu.MenuBuilder,android.view.MenuItem)>",
						"<android.app.Activity: boolean onMenuItemSelected(int,android.view.MenuItem)>",
						"<android.app.Activity: boolean onNavigateUp()>",
						"<android.app.TaskStackBuilder: android.app.TaskStackBuilder create(android.content.Context)>",
						"<android.app.TaskStackBuilder: void <init>(android.content.Context)>",
						"key field: <android.app.TaskStackBuilder: android.content.Context mSourceContext>",
						"<android.app.TaskStackBuilder: android.app.TaskStackBuilder addParentStack(android.content.ComponentName)>"
					],
					"depth":5,
					"method":"<com.android.internal.policy.PhoneWindow$DialogMenuCallback: boolean onMenuItemSelected(com.android.internal.view.menu.MenuBuilder,android.view.MenuItem)>",
					"source":"FIELDCALLER"
				},
				{
					"trace":[
						"<android.view.WindowCallbackWrapper: boolean onMenuItemSelected(int,android.view.MenuItem)>",
						"<android.app.Activity: boolean onMenuItemSelected(int,android.view.MenuItem)>",
						"<android.app.Activity: boolean onNavigateUp()>",
						"<android.app.TaskStackBuilder: android.app.TaskStackBuilder create(android.content.Context)>",
						"<android.app.TaskStackBuilder: void <init>(android.content.Context)>",
						"key field: <android.app.TaskStackBuilder: android.content.Context mSourceContext>",
						"<android.app.TaskStackBuilder: android.app.TaskStackBuilder addParentStack(android.content.ComponentName)>"
					],
					"depth":5,
					"method":"<android.view.WindowCallbackWrapper: boolean onMenuItemSelected(int,android.view.MenuItem)>",
					"source":"FIELDCALLER"
				}
			],
			"callerOfSingnlar2SourceVar":{
				"<android.app.TaskStackBuilder: android.app.TaskStackBuilder addParentStack(android.content.ComponentName)>":"0"
			}
		},
		{
			"method":"<android.app.TaskStackBuilder: void startActivities(android.os.Bundle,android.os.UserHandle)>",
			"message":"\\QNo intents added to TaskStackBuilder; cannot startActivities\\E",
			"relatedVarType":"Field",
			"relatedCondType":"Basic",
			"modifier":"public",
			"type":"java.lang.IllegalStateException",
			"osVersionRelated":false,
			"resourceRelated":false,
			"assessRelated":false,
			"hardwareRelated":false,
			"manifestRelated":false,
			"conditions":"$z0 == 0",
			"fieldValues":"<android.app.TaskStackBuilder: java.util.ArrayList mIntents>",
			"relatedValues":"; <android.app.TaskStackBuilder: java.util.ArrayList mIntents>; ",
			"keyAPISameClassNum":15,
			"keyAPIDiffClassNum":9,
			"keyAPISameClass":[
				{
					"trace":[
						"<android.app.TaskStackBuilder: void startActivities(android.os.Bundle,android.os.UserHandle)>"
					],
					"depth":1,
					"method":"<android.app.TaskStackBuilder: android.app.TaskStackBuilder addNextIntent(android.content.Intent)>",
					"source":"FIELD"
				},
				{
					"trace":[
						"<android.app.TaskStackBuilder: void startActivities(android.os.Bundle,android.os.UserHandle)>"
					],
					"depth":1,
					"method":"<android.app.TaskStackBuilder: android.app.TaskStackBuilder addParentStack(android.content.ComponentName)>",
					"source":"FIELD"
				},
				{
					"trace":[
						"<android.app.TaskStackBuilder: void startActivities(android.os.Bundle,android.os.UserHandle)>"
					],
					"depth":1,
					"method":"<android.app.TaskStackBuilder: int getIntentCount()>",
					"source":"FIELD"
				},
				{
					"trace":[
						"<android.app.TaskStackBuilder: void startActivities(android.os.Bundle,android.os.UserHandle)>"
					],
					"depth":1,
					"method":"<android.app.TaskStackBuilder: android.content.Intent editIntentAt(int)>",
					"source":"FIELD"
				},
				{
					"trace":[
						"<android.app.TaskStackBuilder: void startActivities(android.os.Bundle,android.os.UserHandle)>"
					],
					"depth":1,
					"method":"<android.app.TaskStackBuilder: void startActivities(android.os.Bundle,android.os.UserHandle)>",
					"source":"FIELD"
				},
				{
					"trace":[
						"<android.app.TaskStackBuilder: void startActivities(android.os.Bundle,android.os.UserHandle)>"
					],
					"depth":1,
					"method":"<android.app.TaskStackBuilder: android.app.PendingIntent getPendingIntent(int,int,android.os.Bundle)>",
					"source":"FIELD"
				},
				{
					"trace":[
						"<android.app.TaskStackBuilder: void startActivities(android.os.Bundle,android.os.UserHandle)>"
					],
					"depth":1,
					"method":"<android.app.TaskStackBuilder: android.app.PendingIntent getPendingIntent(int,int,android.os.Bundle,android.os.UserHandle)>",
					"source":"FIELD"
				},
				{
					"trace":[
						"<android.app.TaskStackBuilder: void startActivities(android.os.Bundle,android.os.UserHandle)>"
					],
					"depth":1,
					"method":"<android.app.TaskStackBuilder: android.content.Intent[] getIntents()>",
					"source":"FIELD"
				},
				{
					"trace":[
						"<android.app.TaskStackBuilder: android.app.TaskStackBuilder create(android.content.Context)>",
						"<android.app.TaskStackBuilder: void <init>(android.content.Context)>",
						"key field: <android.app.TaskStackBuilder: java.util.ArrayList mIntents>",
						"<android.app.TaskStackBuilder: void startActivities(android.os.Bundle,android.os.UserHandle)>"
					],
					"depth":2,
					"method":"<android.app.TaskStackBuilder: android.app.TaskStackBuilder create(android.content.Context)>",
					"source":"FIELDCALLER"
				},
				{
					"trace":[
						"<android.app.TaskStackBuilder: android.app.TaskStackBuilder addParentStack(android.app.Activity)>",
						"<android.app.TaskStackBuilder: android.app.TaskStackBuilder addNextIntent(android.content.Intent)>",
						"key field: <android.app.TaskStackBuilder: java.util.ArrayList mIntents>",
						"<android.app.TaskStackBuilder: void startActivities(android.os.Bundle,android.os.UserHandle)>"
					],
					"depth":2,
					"method":"<android.app.TaskStackBuilder: android.app.TaskStackBuilder addParentStack(android.app.Activity)>",
					"source":"FIELDCALLER"
				},
				{
					"trace":[
						"<android.app.TaskStackBuilder: android.app.TaskStackBuilder addNextIntentWithParentStack(android.content.Intent)>",
						"<android.app.TaskStackBuilder: android.app.TaskStackBuilder addNextIntent(android.content.Intent)>",
						"key field: <android.app.TaskStackBuilder: java.util.ArrayList mIntents>",
						"<android.app.TaskStackBuilder: void startActivities(android.os.Bundle,android.os.UserHandle)>"
					],
					"depth":2,
					"method":"<android.app.TaskStackBuilder: android.app.TaskStackBuilder addNextIntentWithParentStack(android.content.Intent)>",
					"source":"FIELDCALLER"
				},
				{
					"trace":[
						"<android.app.TaskStackBuilder: android.app.TaskStackBuilder addParentStack(java.lang.Class)>",
						"<android.app.TaskStackBuilder: android.app.TaskStackBuilder addParentStack(android.content.ComponentName)>",
						"key field: <android.app.TaskStackBuilder: java.util.ArrayList mIntents>",
						"<android.app.TaskStackBuilder: void startActivities(android.os.Bundle,android.os.UserHandle)>"
					],
					"depth":2,
					"method":"<android.app.TaskStackBuilder: android.app.TaskStackBuilder addParentStack(java.lang.Class)>",
					"source":"FIELDCALLER"
				},
				{
					"trace":[
						"<android.app.TaskStackBuilder: void startActivities(android.os.Bundle)>",
						"<android.app.TaskStackBuilder: void startActivities(android.os.Bundle,android.os.UserHandle)>",
						"key field: <android.app.TaskStackBuilder: java.util.ArrayList mIntents>",
						"<android.app.TaskStackBuilder: void startActivities(android.os.Bundle,android.os.UserHandle)>"
					],
					"depth":2,
					"method":"<android.app.TaskStackBuilder: void startActivities(android.os.Bundle)>",
					"source":"FIELDCALLER"
				},
				{
					"trace":[
						"<android.app.TaskStackBuilder: android.app.PendingIntent getPendingIntent(int,int)>",
						"<android.app.TaskStackBuilder: android.app.PendingIntent getPendingIntent(int,int,android.os.Bundle)>",
						"key field: <android.app.TaskStackBuilder: java.util.ArrayList mIntents>",
						"<android.app.TaskStackBuilder: void startActivities(android.os.Bundle,android.os.UserHandle)>"
					],
					"depth":2,
					"method":"<android.app.TaskStackBuilder: android.app.PendingIntent getPendingIntent(int,int)>",
					"source":"FIELDCALLER"
				},
				{
					"trace":[
						"<android.app.TaskStackBuilder: void startActivities()>",
						"<android.app.TaskStackBuilder: void startActivities(android.os.Bundle)>",
						"<android.app.TaskStackBuilder: void startActivities(android.os.Bundle,android.os.UserHandle)>",
						"key field: <android.app.TaskStackBuilder: java.util.ArrayList mIntents>",
						"<android.app.TaskStackBuilder: void startActivities(android.os.Bundle,android.os.UserHandle)>"
					],
					"depth":3,
					"method":"<android.app.TaskStackBuilder: void startActivities()>",
					"source":"FIELDCALLER"
				}
			],
			"keyAPIDiffClass":[
				{
					"trace":[
						"<android.app.Activity: boolean onNavigateUp()>",
						"<android.app.TaskStackBuilder: android.app.TaskStackBuilder create(android.content.Context)>",
						"<android.app.TaskStackBuilder: void <init>(android.content.Context)>",
						"key field: <android.app.TaskStackBuilder: java.util.ArrayList mIntents>",
						"<android.app.TaskStackBuilder: void startActivities(android.os.Bundle,android.os.UserHandle)>"
					],
					"depth":3,
					"method":"<android.app.Activity: boolean onNavigateUp()>",
					"source":"FIELDCALLER"
				},
				{
					"trace":[
						"<android.app.Activity: void onCreateNavigateUpTaskStack(android.app.TaskStackBuilder)>",
						"<android.app.TaskStackBuilder: android.app.TaskStackBuilder addParentStack(android.app.Activity)>",
						"<android.app.TaskStackBuilder: android.app.TaskStackBuilder addNextIntent(android.content.Intent)>",
						"key field: <android.app.TaskStackBuilder: java.util.ArrayList mIntents>",
						"<android.app.TaskStackBuilder: void startActivities(android.os.Bundle,android.os.UserHandle)>"
					],
					"depth":3,
					"method":"<android.app.Activity: void onCreateNavigateUpTaskStack(android.app.TaskStackBuilder)>",
					"source":"FIELDCALLER"
				},
				{
					"trace":[
						"<android.app.Activity: boolean onMenuItemSelected(int,android.view.MenuItem)>",
						"<android.app.Activity: boolean onNavigateUp()>",
						"<android.app.TaskStackBuilder: android.app.TaskStackBuilder create(android.content.Context)>",
						"<android.app.TaskStackBuilder: void <init>(android.content.Context)>",
						"key field: <android.app.TaskStackBuilder: java.util.ArrayList mIntents>",
						"<android.app.TaskStackBuilder: void startActivities(android.os.Bundle,android.os.UserHandle)>"
					],
					"depth":4,
					"method":"<android.app.Activity: boolean onMenuItemSelected(int,android.view.MenuItem)>",
					"source":"FIELDCALLER"
				},
				{
					"trace":[
						"<android.view.Window$Callback: boolean onMenuItemSelected(int,android.view.MenuItem)>",
						"<android.app.Activity: boolean onNavigateUp()>",
						"<android.app.TaskStackBuilder: android.app.TaskStackBuilder create(android.content.Context)>",
						"<android.app.TaskStackBuilder: void <init>(android.content.Context)>",
						"key field: <android.app.TaskStackBuilder: java.util.ArrayList mIntents>",
						"<android.app.TaskStackBuilder: void startActivities(android.os.Bundle,android.os.UserHandle)>"
					],
					"depth":4,
					"method":"<android.view.Window$Callback: boolean onMenuItemSelected(int,android.view.MenuItem)>",
					"source":"FIELDCALLER"
				},
				{
					"trace":[
						"<android.app.Activity: boolean onNavigateUpFromChild(android.app.Activity)>",
						"<android.app.Activity: boolean onNavigateUp()>",
						"<android.app.TaskStackBuilder: android.app.TaskStackBuilder create(android.content.Context)>",
						"<android.app.TaskStackBuilder: void <init>(android.content.Context)>",
						"key field: <android.app.TaskStackBuilder: java.util.ArrayList mIntents>",
						"<android.app.TaskStackBuilder: void startActivities(android.os.Bundle,android.os.UserHandle)>"
					],
					"depth":4,
					"method":"<android.app.Activity: boolean onNavigateUpFromChild(android.app.Activity)>",
					"source":"FIELDCALLER"
				},
				{
					"trace":[
						"<com.android.internal.policy.PhoneWindow: boolean onMenuItemSelected(com.android.internal.view.menu.MenuBuilder,android.view.MenuItem)>",
						"<android.app.Activity: boolean onMenuItemSelected(int,android.view.MenuItem)>",
						"<android.app.Activity: boolean onNavigateUp()>",
						"<android.app.TaskStackBuilder: android.app.TaskStackBuilder create(android.content.Context)>",
						"<android.app.TaskStackBuilder: void <init>(android.content.Context)>",
						"key field: <android.app.TaskStackBuilder: java.util.ArrayList mIntents>",
						"<android.app.TaskStackBuilder: void startActivities(android.os.Bundle,android.os.UserHandle)>"
					],
					"depth":5,
					"method":"<com.android.internal.policy.PhoneWindow: boolean onMenuItemSelected(com.android.internal.view.menu.MenuBuilder,android.view.MenuItem)>",
					"source":"FIELDCALLER"
				},
				{
					"trace":[
						"<com.android.internal.view.menu.MenuBuilder$Callback: boolean onMenuItemSelected(com.android.internal.view.menu.MenuBuilder,android.view.MenuItem)>",
						"<android.app.Activity: boolean onMenuItemSelected(int,android.view.MenuItem)>",
						"<android.app.Activity: boolean onNavigateUp()>",
						"<android.app.TaskStackBuilder: android.app.TaskStackBuilder create(android.content.Context)>",
						"<android.app.TaskStackBuilder: void <init>(android.content.Context)>",
						"key field: <android.app.TaskStackBuilder: java.util.ArrayList mIntents>",
						"<android.app.TaskStackBuilder: void startActivities(android.os.Bundle,android.os.UserHandle)>"
					],
					"depth":5,
					"method":"<com.android.internal.view.menu.MenuBuilder$Callback: boolean onMenuItemSelected(com.android.internal.view.menu.MenuBuilder,android.view.MenuItem)>",
					"source":"FIELDCALLER"
				},
				{
					"trace":[
						"<com.android.internal.policy.PhoneWindow$DialogMenuCallback: boolean onMenuItemSelected(com.android.internal.view.menu.MenuBuilder,android.view.MenuItem)>",
						"<android.app.Activity: boolean onMenuItemSelected(int,android.view.MenuItem)>",
						"<android.app.Activity: boolean onNavigateUp()>",
						"<android.app.TaskStackBuilder: android.app.TaskStackBuilder create(android.content.Context)>",
						"<android.app.TaskStackBuilder: void <init>(android.content.Context)>",
						"key field: <android.app.TaskStackBuilder: java.util.ArrayList mIntents>",
						"<android.app.TaskStackBuilder: void startActivities(android.os.Bundle,android.os.UserHandle)>"
					],
					"depth":5,
					"method":"<com.android.internal.policy.PhoneWindow$DialogMenuCallback: boolean onMenuItemSelected(com.android.internal.view.menu.MenuBuilder,android.view.MenuItem)>",
					"source":"FIELDCALLER"
				},
				{
					"trace":[
						"<android.view.WindowCallbackWrapper: boolean onMenuItemSelected(int,android.view.MenuItem)>",
						"<android.app.Activity: boolean onMenuItemSelected(int,android.view.MenuItem)>",
						"<android.app.Activity: boolean onNavigateUp()>",
						"<android.app.TaskStackBuilder: android.app.TaskStackBuilder create(android.content.Context)>",
						"<android.app.TaskStackBuilder: void <init>(android.content.Context)>",
						"key field: <android.app.TaskStackBuilder: java.util.ArrayList mIntents>",
						"<android.app.TaskStackBuilder: void startActivities(android.os.Bundle,android.os.UserHandle)>"
					],
					"depth":5,
					"method":"<android.view.WindowCallbackWrapper: boolean onMenuItemSelected(int,android.view.MenuItem)>",
					"source":"FIELDCALLER"
				}
			],
			"callerOfSingnlar2SourceVar":{}
		},
		{
			"method":"<android.app.TaskStackBuilder: android.app.PendingIntent getPendingIntent(int,int,android.os.Bundle)>",
			"message":"\\QNo intents added to TaskStackBuilder; cannot getPendingIntent\\E",
			"relatedVarType":"Field",
			"relatedCondType":"Basic",
			"modifier":"public",
			"type":"java.lang.IllegalStateException",
			"osVersionRelated":false,
			"resourceRelated":false,
			"assessRelated":false,
			"hardwareRelated":false,
			"manifestRelated":false,
			"conditions":"$z0 == 0",
			"fieldValues":"<android.app.TaskStackBuilder: java.util.ArrayList mIntents>",
			"relatedValues":"; <android.app.TaskStackBuilder: java.util.ArrayList mIntents>; ",
			"keyAPISameClassNum":15,
			"keyAPIDiffClassNum":9,
			"keyAPISameClass":[
				{
					"trace":[
						"<android.app.TaskStackBuilder: android.app.PendingIntent getPendingIntent(int,int,android.os.Bundle)>"
					],
					"depth":1,
					"method":"<android.app.TaskStackBuilder: android.app.TaskStackBuilder addNextIntent(android.content.Intent)>",
					"source":"FIELD"
				},
				{
					"trace":[
						"<android.app.TaskStackBuilder: android.app.PendingIntent getPendingIntent(int,int,android.os.Bundle)>"
					],
					"depth":1,
					"method":"<android.app.TaskStackBuilder: android.app.TaskStackBuilder addParentStack(android.content.ComponentName)>",
					"source":"FIELD"
				},
				{
					"trace":[
						"<android.app.TaskStackBuilder: android.app.PendingIntent getPendingIntent(int,int,android.os.Bundle)>"
					],
					"depth":1,
					"method":"<android.app.TaskStackBuilder: int getIntentCount()>",
					"source":"FIELD"
				},
				{
					"trace":[
						"<android.app.TaskStackBuilder: android.app.PendingIntent getPendingIntent(int,int,android.os.Bundle)>"
					],
					"depth":1,
					"method":"<android.app.TaskStackBuilder: android.content.Intent editIntentAt(int)>",
					"source":"FIELD"
				},
				{
					"trace":[
						"<android.app.TaskStackBuilder: android.app.PendingIntent getPendingIntent(int,int,android.os.Bundle)>"
					],
					"depth":1,
					"method":"<android.app.TaskStackBuilder: void startActivities(android.os.Bundle,android.os.UserHandle)>",
					"source":"FIELD"
				},
				{
					"trace":[
						"<android.app.TaskStackBuilder: android.app.PendingIntent getPendingIntent(int,int,android.os.Bundle)>"
					],
					"depth":1,
					"method":"<android.app.TaskStackBuilder: android.app.PendingIntent getPendingIntent(int,int,android.os.Bundle)>",
					"source":"FIELD"
				},
				{
					"trace":[
						"<android.app.TaskStackBuilder: android.app.PendingIntent getPendingIntent(int,int,android.os.Bundle)>"
					],
					"depth":1,
					"method":"<android.app.TaskStackBuilder: android.app.PendingIntent getPendingIntent(int,int,android.os.Bundle,android.os.UserHandle)>",
					"source":"FIELD"
				},
				{
					"trace":[
						"<android.app.TaskStackBuilder: android.app.PendingIntent getPendingIntent(int,int,android.os.Bundle)>"
					],
					"depth":1,
					"method":"<android.app.TaskStackBuilder: android.content.Intent[] getIntents()>",
					"source":"FIELD"
				},
				{
					"trace":[
						"<android.app.TaskStackBuilder: android.app.TaskStackBuilder create(android.content.Context)>",
						"<android.app.TaskStackBuilder: void <init>(android.content.Context)>",
						"key field: <android.app.TaskStackBuilder: java.util.ArrayList mIntents>",
						"<android.app.TaskStackBuilder: android.app.PendingIntent getPendingIntent(int,int,android.os.Bundle)>"
					],
					"depth":2,
					"method":"<android.app.TaskStackBuilder: android.app.TaskStackBuilder create(android.content.Context)>",
					"source":"FIELDCALLER"
				},
				{
					"trace":[
						"<android.app.TaskStackBuilder: android.app.TaskStackBuilder addParentStack(android.app.Activity)>",
						"<android.app.TaskStackBuilder: android.app.TaskStackBuilder addNextIntent(android.content.Intent)>",
						"key field: <android.app.TaskStackBuilder: java.util.ArrayList mIntents>",
						"<android.app.TaskStackBuilder: android.app.PendingIntent getPendingIntent(int,int,android.os.Bundle)>"
					],
					"depth":2,
					"method":"<android.app.TaskStackBuilder: android.app.TaskStackBuilder addParentStack(android.app.Activity)>",
					"source":"FIELDCALLER"
				},
				{
					"trace":[
						"<android.app.TaskStackBuilder: android.app.TaskStackBuilder addNextIntentWithParentStack(android.content.Intent)>",
						"<android.app.TaskStackBuilder: android.app.TaskStackBuilder addNextIntent(android.content.Intent)>",
						"key field: <android.app.TaskStackBuilder: java.util.ArrayList mIntents>",
						"<android.app.TaskStackBuilder: android.app.PendingIntent getPendingIntent(int,int,android.os.Bundle)>"
					],
					"depth":2,
					"method":"<android.app.TaskStackBuilder: android.app.TaskStackBuilder addNextIntentWithParentStack(android.content.Intent)>",
					"source":"FIELDCALLER"
				},
				{
					"trace":[
						"<android.app.TaskStackBuilder: android.app.TaskStackBuilder addParentStack(java.lang.Class)>",
						"<android.app.TaskStackBuilder: android.app.TaskStackBuilder addParentStack(android.content.ComponentName)>",
						"key field: <android.app.TaskStackBuilder: java.util.ArrayList mIntents>",
						"<android.app.TaskStackBuilder: android.app.PendingIntent getPendingIntent(int,int,android.os.Bundle)>"
					],
					"depth":2,
					"method":"<android.app.TaskStackBuilder: android.app.TaskStackBuilder addParentStack(java.lang.Class)>",
					"source":"FIELDCALLER"
				},
				{
					"trace":[
						"<android.app.TaskStackBuilder: void startActivities(android.os.Bundle)>",
						"<android.app.TaskStackBuilder: void startActivities(android.os.Bundle,android.os.UserHandle)>",
						"key field: <android.app.TaskStackBuilder: java.util.ArrayList mIntents>",
						"<android.app.TaskStackBuilder: android.app.PendingIntent getPendingIntent(int,int,android.os.Bundle)>"
					],
					"depth":2,
					"method":"<android.app.TaskStackBuilder: void startActivities(android.os.Bundle)>",
					"source":"FIELDCALLER"
				},
				{
					"trace":[
						"<android.app.TaskStackBuilder: android.app.PendingIntent getPendingIntent(int,int)>",
						"<android.app.TaskStackBuilder: android.app.PendingIntent getPendingIntent(int,int,android.os.Bundle)>",
						"key field: <android.app.TaskStackBuilder: java.util.ArrayList mIntents>",
						"<android.app.TaskStackBuilder: android.app.PendingIntent getPendingIntent(int,int,android.os.Bundle)>"
					],
					"depth":2,
					"method":"<android.app.TaskStackBuilder: android.app.PendingIntent getPendingIntent(int,int)>",
					"source":"FIELDCALLER"
				},
				{
					"trace":[
						"<android.app.TaskStackBuilder: void startActivities()>",
						"<android.app.TaskStackBuilder: void startActivities(android.os.Bundle)>",
						"<android.app.TaskStackBuilder: void startActivities(android.os.Bundle,android.os.UserHandle)>",
						"key field: <android.app.TaskStackBuilder: java.util.ArrayList mIntents>",
						"<android.app.TaskStackBuilder: android.app.PendingIntent getPendingIntent(int,int,android.os.Bundle)>"
					],
					"depth":3,
					"method":"<android.app.TaskStackBuilder: void startActivities()>",
					"source":"FIELDCALLER"
				}
			],
			"keyAPIDiffClass":[
				{
					"trace":[
						"<android.app.Activity: boolean onNavigateUp()>",
						"<android.app.TaskStackBuilder: android.app.TaskStackBuilder create(android.content.Context)>",
						"<android.app.TaskStackBuilder: void <init>(android.content.Context)>",
						"key field: <android.app.TaskStackBuilder: java.util.ArrayList mIntents>",
						"<android.app.TaskStackBuilder: android.app.PendingIntent getPendingIntent(int,int,android.os.Bundle)>"
					],
					"depth":3,
					"method":"<android.app.Activity: boolean onNavigateUp()>",
					"source":"FIELDCALLER"
				},
				{
					"trace":[
						"<android.app.Activity: void onCreateNavigateUpTaskStack(android.app.TaskStackBuilder)>",
						"<android.app.TaskStackBuilder: android.app.TaskStackBuilder addParentStack(android.app.Activity)>",
						"<android.app.TaskStackBuilder: android.app.TaskStackBuilder addNextIntent(android.content.Intent)>",
						"key field: <android.app.TaskStackBuilder: java.util.ArrayList mIntents>",
						"<android.app.TaskStackBuilder: android.app.PendingIntent getPendingIntent(int,int,android.os.Bundle)>"
					],
					"depth":3,
					"method":"<android.app.Activity: void onCreateNavigateUpTaskStack(android.app.TaskStackBuilder)>",
					"source":"FIELDCALLER"
				},
				{
					"trace":[
						"<android.app.Activity: boolean onMenuItemSelected(int,android.view.MenuItem)>",
						"<android.app.Activity: boolean onNavigateUp()>",
						"<android.app.TaskStackBuilder: android.app.TaskStackBuilder create(android.content.Context)>",
						"<android.app.TaskStackBuilder: void <init>(android.content.Context)>",
						"key field: <android.app.TaskStackBuilder: java.util.ArrayList mIntents>",
						"<android.app.TaskStackBuilder: android.app.PendingIntent getPendingIntent(int,int,android.os.Bundle)>"
					],
					"depth":4,
					"method":"<android.app.Activity: boolean onMenuItemSelected(int,android.view.MenuItem)>",
					"source":"FIELDCALLER"
				},
				{
					"trace":[
						"<android.view.Window$Callback: boolean onMenuItemSelected(int,android.view.MenuItem)>",
						"<android.app.Activity: boolean onNavigateUp()>",
						"<android.app.TaskStackBuilder: android.app.TaskStackBuilder create(android.content.Context)>",
						"<android.app.TaskStackBuilder: void <init>(android.content.Context)>",
						"key field: <android.app.TaskStackBuilder: java.util.ArrayList mIntents>",
						"<android.app.TaskStackBuilder: android.app.PendingIntent getPendingIntent(int,int,android.os.Bundle)>"
					],
					"depth":4,
					"method":"<android.view.Window$Callback: boolean onMenuItemSelected(int,android.view.MenuItem)>",
					"source":"FIELDCALLER"
				},
				{
					"trace":[
						"<android.app.Activity: boolean onNavigateUpFromChild(android.app.Activity)>",
						"<android.app.Activity: boolean onNavigateUp()>",
						"<android.app.TaskStackBuilder: android.app.TaskStackBuilder create(android.content.Context)>",
						"<android.app.TaskStackBuilder: void <init>(android.content.Context)>",
						"key field: <android.app.TaskStackBuilder: java.util.ArrayList mIntents>",
						"<android.app.TaskStackBuilder: android.app.PendingIntent getPendingIntent(int,int,android.os.Bundle)>"
					],
					"depth":4,
					"method":"<android.app.Activity: boolean onNavigateUpFromChild(android.app.Activity)>",
					"source":"FIELDCALLER"
				},
				{
					"trace":[
						"<com.android.internal.policy.PhoneWindow: boolean onMenuItemSelected(com.android.internal.view.menu.MenuBuilder,android.view.MenuItem)>",
						"<android.app.Activity: boolean onMenuItemSelected(int,android.view.MenuItem)>",
						"<android.app.Activity: boolean onNavigateUp()>",
						"<android.app.TaskStackBuilder: android.app.TaskStackBuilder create(android.content.Context)>",
						"<android.app.TaskStackBuilder: void <init>(android.content.Context)>",
						"key field: <android.app.TaskStackBuilder: java.util.ArrayList mIntents>",
						"<android.app.TaskStackBuilder: android.app.PendingIntent getPendingIntent(int,int,android.os.Bundle)>"
					],
					"depth":5,
					"method":"<com.android.internal.policy.PhoneWindow: boolean onMenuItemSelected(com.android.internal.view.menu.MenuBuilder,android.view.MenuItem)>",
					"source":"FIELDCALLER"
				},
				{
					"trace":[
						"<com.android.internal.view.menu.MenuBuilder$Callback: boolean onMenuItemSelected(com.android.internal.view.menu.MenuBuilder,android.view.MenuItem)>",
						"<android.app.Activity: boolean onMenuItemSelected(int,android.view.MenuItem)>",
						"<android.app.Activity: boolean onNavigateUp()>",
						"<android.app.TaskStackBuilder: android.app.TaskStackBuilder create(android.content.Context)>",
						"<android.app.TaskStackBuilder: void <init>(android.content.Context)>",
						"key field: <android.app.TaskStackBuilder: java.util.ArrayList mIntents>",
						"<android.app.TaskStackBuilder: android.app.PendingIntent getPendingIntent(int,int,android.os.Bundle)>"
					],
					"depth":5,
					"method":"<com.android.internal.view.menu.MenuBuilder$Callback: boolean onMenuItemSelected(com.android.internal.view.menu.MenuBuilder,android.view.MenuItem)>",
					"source":"FIELDCALLER"
				},
				{
					"trace":[
						"<com.android.internal.policy.PhoneWindow$DialogMenuCallback: boolean onMenuItemSelected(com.android.internal.view.menu.MenuBuilder,android.view.MenuItem)>",
						"<android.app.Activity: boolean onMenuItemSelected(int,android.view.MenuItem)>",
						"<android.app.Activity: boolean onNavigateUp()>",
						"<android.app.TaskStackBuilder: android.app.TaskStackBuilder create(android.content.Context)>",
						"<android.app.TaskStackBuilder: void <init>(android.content.Context)>",
						"key field: <android.app.TaskStackBuilder: java.util.ArrayList mIntents>",
						"<android.app.TaskStackBuilder: android.app.PendingIntent getPendingIntent(int,int,android.os.Bundle)>"
					],
					"depth":5,
					"method":"<com.android.internal.policy.PhoneWindow$DialogMenuCallback: boolean onMenuItemSelected(com.android.internal.view.menu.MenuBuilder,android.view.MenuItem)>",
					"source":"FIELDCALLER"
				},
				{
					"trace":[
						"<android.view.WindowCallbackWrapper: boolean onMenuItemSelected(int,android.view.MenuItem)>",
						"<android.app.Activity: boolean onMenuItemSelected(int,android.view.MenuItem)>",
						"<android.app.Activity: boolean onNavigateUp()>",
						"<android.app.TaskStackBuilder: android.app.TaskStackBuilder create(android.content.Context)>",
						"<android.app.TaskStackBuilder: void <init>(android.content.Context)>",
						"key field: <android.app.TaskStackBuilder: java.util.ArrayList mIntents>",
						"<android.app.TaskStackBuilder: android.app.PendingIntent getPendingIntent(int,int,android.os.Bundle)>"
					],
					"depth":5,
					"method":"<android.view.WindowCallbackWrapper: boolean onMenuItemSelected(int,android.view.MenuItem)>",
					"source":"FIELDCALLER"
				}
			],
			"callerOfSingnlar2SourceVar":{}
		},
		{
			"method":"<android.app.TaskStackBuilder: android.app.PendingIntent getPendingIntent(int,int,android.os.Bundle,android.os.UserHandle)>",
			"message":"\\QNo intents added to TaskStackBuilder; cannot getPendingIntent\\E",
			"relatedVarType":"Field",
			"relatedCondType":"Basic",
			"modifier":"public",
			"type":"java.lang.IllegalStateException",
			"osVersionRelated":false,
			"resourceRelated":false,
			"assessRelated":false,
			"hardwareRelated":false,
			"manifestRelated":false,
			"conditions":"$z0 == 0",
			"fieldValues":"<android.app.TaskStackBuilder: java.util.ArrayList mIntents>",
			"relatedValues":"; <android.app.TaskStackBuilder: java.util.ArrayList mIntents>; ",
			"keyAPISameClassNum":15,
			"keyAPIDiffClassNum":9,
			"keyAPISameClass":[
				{
					"trace":[
						"<android.app.TaskStackBuilder: android.app.PendingIntent getPendingIntent(int,int,android.os.Bundle,android.os.UserHandle)>"
					],
					"depth":1,
					"method":"<android.app.TaskStackBuilder: android.app.TaskStackBuilder addNextIntent(android.content.Intent)>",
					"source":"FIELD"
				},
				{
					"trace":[
						"<android.app.TaskStackBuilder: android.app.PendingIntent getPendingIntent(int,int,android.os.Bundle,android.os.UserHandle)>"
					],
					"depth":1,
					"method":"<android.app.TaskStackBuilder: android.app.TaskStackBuilder addParentStack(android.content.ComponentName)>",
					"source":"FIELD"
				},
				{
					"trace":[
						"<android.app.TaskStackBuilder: android.app.PendingIntent getPendingIntent(int,int,android.os.Bundle,android.os.UserHandle)>"
					],
					"depth":1,
					"method":"<android.app.TaskStackBuilder: int getIntentCount()>",
					"source":"FIELD"
				},
				{
					"trace":[
						"<android.app.TaskStackBuilder: android.app.PendingIntent getPendingIntent(int,int,android.os.Bundle,android.os.UserHandle)>"
					],
					"depth":1,
					"method":"<android.app.TaskStackBuilder: android.content.Intent editIntentAt(int)>",
					"source":"FIELD"
				},
				{
					"trace":[
						"<android.app.TaskStackBuilder: android.app.PendingIntent getPendingIntent(int,int,android.os.Bundle,android.os.UserHandle)>"
					],
					"depth":1,
					"method":"<android.app.TaskStackBuilder: void startActivities(android.os.Bundle,android.os.UserHandle)>",
					"source":"FIELD"
				},
				{
					"trace":[
						"<android.app.TaskStackBuilder: android.app.PendingIntent getPendingIntent(int,int,android.os.Bundle,android.os.UserHandle)>"
					],
					"depth":1,
					"method":"<android.app.TaskStackBuilder: android.app.PendingIntent getPendingIntent(int,int,android.os.Bundle)>",
					"source":"FIELD"
				},
				{
					"trace":[
						"<android.app.TaskStackBuilder: android.app.PendingIntent getPendingIntent(int,int,android.os.Bundle,android.os.UserHandle)>"
					],
					"depth":1,
					"method":"<android.app.TaskStackBuilder: android.app.PendingIntent getPendingIntent(int,int,android.os.Bundle,android.os.UserHandle)>",
					"source":"FIELD"
				},
				{
					"trace":[
						"<android.app.TaskStackBuilder: android.app.PendingIntent getPendingIntent(int,int,android.os.Bundle,android.os.UserHandle)>"
					],
					"depth":1,
					"method":"<android.app.TaskStackBuilder: android.content.Intent[] getIntents()>",
					"source":"FIELD"
				},
				{
					"trace":[
						"<android.app.TaskStackBuilder: android.app.TaskStackBuilder create(android.content.Context)>",
						"<android.app.TaskStackBuilder: void <init>(android.content.Context)>",
						"key field: <android.app.TaskStackBuilder: java.util.ArrayList mIntents>",
						"<android.app.TaskStackBuilder: android.app.PendingIntent getPendingIntent(int,int,android.os.Bundle,android.os.UserHandle)>"
					],
					"depth":2,
					"method":"<android.app.TaskStackBuilder: android.app.TaskStackBuilder create(android.content.Context)>",
					"source":"FIELDCALLER"
				},
				{
					"trace":[
						"<android.app.TaskStackBuilder: android.app.TaskStackBuilder addParentStack(android.app.Activity)>",
						"<android.app.TaskStackBuilder: android.app.TaskStackBuilder addNextIntent(android.content.Intent)>",
						"key field: <android.app.TaskStackBuilder: java.util.ArrayList mIntents>",
						"<android.app.TaskStackBuilder: android.app.PendingIntent getPendingIntent(int,int,android.os.Bundle,android.os.UserHandle)>"
					],
					"depth":2,
					"method":"<android.app.TaskStackBuilder: android.app.TaskStackBuilder addParentStack(android.app.Activity)>",
					"source":"FIELDCALLER"
				},
				{
					"trace":[
						"<android.app.TaskStackBuilder: android.app.TaskStackBuilder addNextIntentWithParentStack(android.content.Intent)>",
						"<android.app.TaskStackBuilder: android.app.TaskStackBuilder addNextIntent(android.content.Intent)>",
						"key field: <android.app.TaskStackBuilder: java.util.ArrayList mIntents>",
						"<android.app.TaskStackBuilder: android.app.PendingIntent getPendingIntent(int,int,android.os.Bundle,android.os.UserHandle)>"
					],
					"depth":2,
					"method":"<android.app.TaskStackBuilder: android.app.TaskStackBuilder addNextIntentWithParentStack(android.content.Intent)>",
					"source":"FIELDCALLER"
				},
				{
					"trace":[
						"<android.app.TaskStackBuilder: android.app.TaskStackBuilder addParentStack(java.lang.Class)>",
						"<android.app.TaskStackBuilder: android.app.TaskStackBuilder addParentStack(android.content.ComponentName)>",
						"key field: <android.app.TaskStackBuilder: java.util.ArrayList mIntents>",
						"<android.app.TaskStackBuilder: android.app.PendingIntent getPendingIntent(int,int,android.os.Bundle,android.os.UserHandle)>"
					],
					"depth":2,
					"method":"<android.app.TaskStackBuilder: android.app.TaskStackBuilder addParentStack(java.lang.Class)>",
					"source":"FIELDCALLER"
				},
				{
					"trace":[
						"<android.app.TaskStackBuilder: void startActivities(android.os.Bundle)>",
						"<android.app.TaskStackBuilder: void startActivities(android.os.Bundle,android.os.UserHandle)>",
						"key field: <android.app.TaskStackBuilder: java.util.ArrayList mIntents>",
						"<android.app.TaskStackBuilder: android.app.PendingIntent getPendingIntent(int,int,android.os.Bundle,android.os.UserHandle)>"
					],
					"depth":2,
					"method":"<android.app.TaskStackBuilder: void startActivities(android.os.Bundle)>",
					"source":"FIELDCALLER"
				},
				{
					"trace":[
						"<android.app.TaskStackBuilder: android.app.PendingIntent getPendingIntent(int,int)>",
						"<android.app.TaskStackBuilder: android.app.PendingIntent getPendingIntent(int,int,android.os.Bundle)>",
						"key field: <android.app.TaskStackBuilder: java.util.ArrayList mIntents>",
						"<android.app.TaskStackBuilder: android.app.PendingIntent getPendingIntent(int,int,android.os.Bundle,android.os.UserHandle)>"
					],
					"depth":2,
					"method":"<android.app.TaskStackBuilder: android.app.PendingIntent getPendingIntent(int,int)>",
					"source":"FIELDCALLER"
				},
				{
					"trace":[
						"<android.app.TaskStackBuilder: void startActivities()>",
						"<android.app.TaskStackBuilder: void startActivities(android.os.Bundle)>",
						"<android.app.TaskStackBuilder: void startActivities(android.os.Bundle,android.os.UserHandle)>",
						"key field: <android.app.TaskStackBuilder: java.util.ArrayList mIntents>",
						"<android.app.TaskStackBuilder: android.app.PendingIntent getPendingIntent(int,int,android.os.Bundle,android.os.UserHandle)>"
					],
					"depth":3,
					"method":"<android.app.TaskStackBuilder: void startActivities()>",
					"source":"FIELDCALLER"
				}
			],
			"keyAPIDiffClass":[
				{
					"trace":[
						"<android.app.Activity: boolean onNavigateUp()>",
						"<android.app.TaskStackBuilder: android.app.TaskStackBuilder create(android.content.Context)>",
						"<android.app.TaskStackBuilder: void <init>(android.content.Context)>",
						"key field: <android.app.TaskStackBuilder: java.util.ArrayList mIntents>",
						"<android.app.TaskStackBuilder: android.app.PendingIntent getPendingIntent(int,int,android.os.Bundle,android.os.UserHandle)>"
					],
					"depth":3,
					"method":"<android.app.Activity: boolean onNavigateUp()>",
					"source":"FIELDCALLER"
				},
				{
					"trace":[
						"<android.app.Activity: void onCreateNavigateUpTaskStack(android.app.TaskStackBuilder)>",
						"<android.app.TaskStackBuilder: android.app.TaskStackBuilder addParentStack(android.app.Activity)>",
						"<android.app.TaskStackBuilder: android.app.TaskStackBuilder addNextIntent(android.content.Intent)>",
						"key field: <android.app.TaskStackBuilder: java.util.ArrayList mIntents>",
						"<android.app.TaskStackBuilder: android.app.PendingIntent getPendingIntent(int,int,android.os.Bundle,android.os.UserHandle)>"
					],
					"depth":3,
					"method":"<android.app.Activity: void onCreateNavigateUpTaskStack(android.app.TaskStackBuilder)>",
					"source":"FIELDCALLER"
				},
				{
					"trace":[
						"<android.app.Activity: boolean onMenuItemSelected(int,android.view.MenuItem)>",
						"<android.app.Activity: boolean onNavigateUp()>",
						"<android.app.TaskStackBuilder: android.app.TaskStackBuilder create(android.content.Context)>",
						"<android.app.TaskStackBuilder: void <init>(android.content.Context)>",
						"key field: <android.app.TaskStackBuilder: java.util.ArrayList mIntents>",
						"<android.app.TaskStackBuilder: android.app.PendingIntent getPendingIntent(int,int,android.os.Bundle,android.os.UserHandle)>"
					],
					"depth":4,
					"method":"<android.app.Activity: boolean onMenuItemSelected(int,android.view.MenuItem)>",
					"source":"FIELDCALLER"
				},
				{
					"trace":[
						"<android.view.Window$Callback: boolean onMenuItemSelected(int,android.view.MenuItem)>",
						"<android.app.Activity: boolean onNavigateUp()>",
						"<android.app.TaskStackBuilder: android.app.TaskStackBuilder create(android.content.Context)>",
						"<android.app.TaskStackBuilder: void <init>(android.content.Context)>",
						"key field: <android.app.TaskStackBuilder: java.util.ArrayList mIntents>",
						"<android.app.TaskStackBuilder: android.app.PendingIntent getPendingIntent(int,int,android.os.Bundle,android.os.UserHandle)>"
					],
					"depth":4,
					"method":"<android.view.Window$Callback: boolean onMenuItemSelected(int,android.view.MenuItem)>",
					"source":"FIELDCALLER"
				},
				{
					"trace":[
						"<android.app.Activity: boolean onNavigateUpFromChild(android.app.Activity)>",
						"<android.app.Activity: boolean onNavigateUp()>",
						"<android.app.TaskStackBuilder: android.app.TaskStackBuilder create(android.content.Context)>",
						"<android.app.TaskStackBuilder: void <init>(android.content.Context)>",
						"key field: <android.app.TaskStackBuilder: java.util.ArrayList mIntents>",
						"<android.app.TaskStackBuilder: android.app.PendingIntent getPendingIntent(int,int,android.os.Bundle,android.os.UserHandle)>"
					],
					"depth":4,
					"method":"<android.app.Activity: boolean onNavigateUpFromChild(android.app.Activity)>",
					"source":"FIELDCALLER"
				},
				{
					"trace":[
						"<com.android.internal.policy.PhoneWindow: boolean onMenuItemSelected(com.android.internal.view.menu.MenuBuilder,android.view.MenuItem)>",
						"<android.app.Activity: boolean onMenuItemSelected(int,android.view.MenuItem)>",
						"<android.app.Activity: boolean onNavigateUp()>",
						"<android.app.TaskStackBuilder: android.app.TaskStackBuilder create(android.content.Context)>",
						"<android.app.TaskStackBuilder: void <init>(android.content.Context)>",
						"key field: <android.app.TaskStackBuilder: java.util.ArrayList mIntents>",
						"<android.app.TaskStackBuilder: android.app.PendingIntent getPendingIntent(int,int,android.os.Bundle,android.os.UserHandle)>"
					],
					"depth":5,
					"method":"<com.android.internal.policy.PhoneWindow: boolean onMenuItemSelected(com.android.internal.view.menu.MenuBuilder,android.view.MenuItem)>",
					"source":"FIELDCALLER"
				},
				{
					"trace":[
						"<com.android.internal.view.menu.MenuBuilder$Callback: boolean onMenuItemSelected(com.android.internal.view.menu.MenuBuilder,android.view.MenuItem)>",
						"<android.app.Activity: boolean onMenuItemSelected(int,android.view.MenuItem)>",
						"<android.app.Activity: boolean onNavigateUp()>",
						"<android.app.TaskStackBuilder: android.app.TaskStackBuilder create(android.content.Context)>",
						"<android.app.TaskStackBuilder: void <init>(android.content.Context)>",
						"key field: <android.app.TaskStackBuilder: java.util.ArrayList mIntents>",
						"<android.app.TaskStackBuilder: android.app.PendingIntent getPendingIntent(int,int,android.os.Bundle,android.os.UserHandle)>"
					],
					"depth":5,
					"method":"<com.android.internal.view.menu.MenuBuilder$Callback: boolean onMenuItemSelected(com.android.internal.view.menu.MenuBuilder,android.view.MenuItem)>",
					"source":"FIELDCALLER"
				},
				{
					"trace":[
						"<com.android.internal.policy.PhoneWindow$DialogMenuCallback: boolean onMenuItemSelected(com.android.internal.view.menu.MenuBuilder,android.view.MenuItem)>",
						"<android.app.Activity: boolean onMenuItemSelected(int,android.view.MenuItem)>",
						"<android.app.Activity: boolean onNavigateUp()>",
						"<android.app.TaskStackBuilder: android.app.TaskStackBuilder create(android.content.Context)>",
						"<android.app.TaskStackBuilder: void <init>(android.content.Context)>",
						"key field: <android.app.TaskStackBuilder: java.util.ArrayList mIntents>",
						"<android.app.TaskStackBuilder: android.app.PendingIntent getPendingIntent(int,int,android.os.Bundle,android.os.UserHandle)>"
					],
					"depth":5,
					"method":"<com.android.internal.policy.PhoneWindow$DialogMenuCallback: boolean onMenuItemSelected(com.android.internal.view.menu.MenuBuilder,android.view.MenuItem)>",
					"source":"FIELDCALLER"
				},
				{
					"trace":[
						"<android.view.WindowCallbackWrapper: boolean onMenuItemSelected(int,android.view.MenuItem)>",
						"<android.app.Activity: boolean onMenuItemSelected(int,android.view.MenuItem)>",
						"<android.app.Activity: boolean onNavigateUp()>",
						"<android.app.TaskStackBuilder: android.app.TaskStackBuilder create(android.content.Context)>",
						"<android.app.TaskStackBuilder: void <init>(android.content.Context)>",
						"key field: <android.app.TaskStackBuilder: java.util.ArrayList mIntents>",
						"<android.app.TaskStackBuilder: android.app.PendingIntent getPendingIntent(int,int,android.os.Bundle,android.os.UserHandle)>"
					],
					"depth":5,
					"method":"<android.view.WindowCallbackWrapper: boolean onMenuItemSelected(int,android.view.MenuItem)>",
					"source":"FIELDCALLER"
				}
			],
			"callerOfSingnlar2SourceVar":{}
		}
	]
}