{
	"exceptions":[
		{
			"method":"<android.media.audiofx.Virtualizer$Settings: void <init>(java.lang.String)>",
			"message":"\\Qinvalid settings for Virtualizer: \\E[\\s\\S]*",
			"relatedVarType":"Parameter",
			"relatedCondType":"Basic",
			"modifier":"public",
			"type":"java.lang.IllegalArgumentException",
			"osVersionRelated":false,
			"resourceRelated":false,
			"assessRelated":false,
			"hardwareRelated":false,
			"manifestRelated":false,
			"conditions":"$z0 != 0, $i1 == 3",
			"paramValues":"@parameter0: java.lang.String",
			"relatedValues":"@parameter0: java.lang.String; ; ",
			"keyAPISameClassNum":0,
			"keyAPIDiffClassNum":0,
			"keyAPISameClass":[
				{
					"trace":[
						"<android.media.audiofx.Virtualizer$Settings: void <init>(java.lang.String)>"
					],
					"depth":0,
					"method":"<android.media.audiofx.Virtualizer$Settings: void <init>(java.lang.String)>",
					"source":"CALLER"
				}
			],
			"keyAPIDiffClass":[],
			"callerOfSingnlar2SourceVar":{
				"<android.media.audiofx.Virtualizer$Settings: void <init>(java.lang.String)>":"0"
			}
		},
		{
			"method":"<android.media.audiofx.Virtualizer$Settings: void <init>(java.lang.String)>",
			"message":"\\Qinvalid key name: \\E[\\s\\S]*",
			"relatedVarType":"Parameter",
			"relatedCondType":"Basic",
			"modifier":"public",
			"type":"java.lang.IllegalArgumentException",
			"osVersionRelated":false,
			"resourceRelated":false,
			"assessRelated":false,
			"hardwareRelated":false,
			"manifestRelated":false,
			"conditions":"$z1 != 0, $z0 != 0, $i1 == 3",
			"paramValues":"@parameter0: java.lang.String",
			"relatedValues":"@parameter0: java.lang.String; ; ",
			"keyAPISameClassNum":0,
			"keyAPIDiffClassNum":0,
			"keyAPISameClass":[
				{
					"trace":[
						"<android.media.audiofx.Virtualizer$Settings: void <init>(java.lang.String)>"
					],
					"depth":0,
					"method":"<android.media.audiofx.Virtualizer$Settings: void <init>(java.lang.String)>",
					"source":"CALLER"
				}
			],
			"keyAPIDiffClass":[],
			"callerOfSingnlar2SourceVar":{
				"<android.media.audiofx.Virtualizer$Settings: void <init>(java.lang.String)>":"0"
			}
		},
		{
			"method":"<android.media.audiofx.Virtualizer$Settings: void <init>(java.lang.String)>",
			"message":"\\Qinvalid value for key: \\E[\\s\\S]*",
			"relatedVarType":"Parameter",
			"relatedCondType":"Basic",
			"modifier":"public",
			"type":"java.lang.IllegalArgumentException",
			"osVersionRelated":false,
			"resourceRelated":false,
			"assessRelated":false,
			"hardwareRelated":false,
			"manifestRelated":false,
			"conditions":"$z0 != 0, $i1 == 3",
			"paramValues":"@parameter0: java.lang.String",
			"caughtValues":"@caughtexception",
			"relatedValues":"@parameter0: java.lang.String; ; @caughtexception",
			"keyAPISameClassNum":0,
			"keyAPIDiffClassNum":0,
			"keyAPISameClass":[
				{
					"trace":[
						"<android.media.audiofx.Virtualizer$Settings: void <init>(java.lang.String)>"
					],
					"depth":0,
					"method":"<android.media.audiofx.Virtualizer$Settings: void <init>(java.lang.String)>",
					"source":"CALLER"
				}
			],
			"keyAPIDiffClass":[],
			"callerOfSingnlar2SourceVar":{
				"<android.media.audiofx.Virtualizer$Settings: void <init>(java.lang.String)>":"0"
			}
		},
		{
			"method":"<android.media.audiofx.Virtualizer$Settings: void <init>(java.lang.String)>",
			"message":"\\Qsettings: \\E[\\s\\S]*",
			"relatedVarType":"Parameter",
			"relatedCondType":"Basic",
			"modifier":"public",
			"type":"java.lang.IllegalArgumentException",
			"osVersionRelated":false,
			"resourceRelated":false,
			"assessRelated":false,
			"hardwareRelated":false,
			"manifestRelated":false,
			"conditions":"$i1 == 3",
			"paramValues":"@parameter0: java.lang.String",
			"relatedValues":"@parameter0: java.lang.String; ; ",
			"keyAPISameClassNum":0,
			"keyAPIDiffClassNum":0,
			"keyAPISameClass":[
				{
					"trace":[
						"<android.media.audiofx.Virtualizer$Settings: void <init>(java.lang.String)>"
					],
					"depth":0,
					"method":"<android.media.audiofx.Virtualizer$Settings: void <init>(java.lang.String)>",
					"source":"CALLER"
				}
			],
			"keyAPIDiffClass":[],
			"callerOfSingnlar2SourceVar":{
				"<android.media.audiofx.Virtualizer$Settings: void <init>(java.lang.String)>":"0"
			}
		}
	]
}