{
	"exceptions":[
		{
			"method":"<android.hardware.camera2.params.BlackLevelPattern: void <init>(int[])>",
			"message":"\\QNull offsets array passed to constructor\\E",
			"relatedVarType":"Parameter",
			"relatedCondType":"Basic",
			"modifier":"public",
			"type":"java.lang.NullPointerException",
			"osVersionRelated":false,
			"resourceRelated":false,
			"assessRelated":false,
			"hardwareRelated":true,
			"manifestRelated":false,
			"conditions":"r1 != null",
			"paramValues":"@parameter0: int[]",
			"relatedValues":"@parameter0: int[]; ; ",
			"keyAPISameClassNum":0,
			"keyAPIDiffClassNum":0,
			"keyAPISameClass":[
				{
					"trace":[
						"<android.hardware.camera2.params.BlackLevelPattern: void <init>(int[])>"
					],
					"depth":0,
					"method":"<android.hardware.camera2.params.BlackLevelPattern: void <init>(int[])>",
					"source":"CALLER"
				}
			],
			"keyAPIDiffClass":[],
			"callerOfSingnlar2SourceVar":{
				"<android.hardware.camera2.params.BlackLevelPattern: void <init>(int[])>":"0"
			}
		},
		{
			"method":"<android.hardware.camera2.params.BlackLevelPattern: void <init>(int[])>",
			"message":"\\QInvalid offsets array length\\E",
			"relatedVarType":"Parameter",
			"relatedCondType":"Basic",
			"modifier":"public",
			"type":"java.lang.IllegalArgumentException",
			"osVersionRelated":false,
			"resourceRelated":false,
			"assessRelated":false,
			"hardwareRelated":true,
			"manifestRelated":false,
			"conditions":"$i0 >= 4, r1 != null",
			"paramValues":"@parameter0: int[]",
			"relatedValues":"@parameter0: int[]; ; ",
			"keyAPISameClassNum":0,
			"keyAPIDiffClassNum":0,
			"keyAPISameClass":[
				{
					"trace":[
						"<android.hardware.camera2.params.BlackLevelPattern: void <init>(int[])>"
					],
					"depth":0,
					"method":"<android.hardware.camera2.params.BlackLevelPattern: void <init>(int[])>",
					"source":"CALLER"
				}
			],
			"keyAPIDiffClass":[],
			"callerOfSingnlar2SourceVar":{
				"<android.hardware.camera2.params.BlackLevelPattern: void <init>(int[])>":"0"
			}
		},
		{
			"method":"<android.hardware.camera2.params.BlackLevelPattern: int getOffsetForIndex(int,int)>",
			"message":"\\Qcolumn, row arguments must be positive\\E",
			"relatedVarType":"Parameter",
			"relatedCondType":"Basic",
			"modifier":"public",
			"type":"java.lang.IllegalArgumentException",
			"osVersionRelated":false,
			"resourceRelated":false,
			"assessRelated":false,
			"hardwareRelated":true,
			"manifestRelated":false,
			"conditions":"i0 < 0, i1 >= 0",
			"paramValues":"@parameter1: int, @parameter0: int",
			"relatedValues":"@parameter1: int, @parameter0: int; ; ",
			"keyAPISameClassNum":0,
			"keyAPIDiffClassNum":0,
			"keyAPISameClass":[
				{
					"trace":[
						"<android.hardware.camera2.params.BlackLevelPattern: int getOffsetForIndex(int,int)>"
					],
					"depth":0,
					"method":"<android.hardware.camera2.params.BlackLevelPattern: int getOffsetForIndex(int,int)>",
					"source":"CALLER"
				}
			],
			"keyAPIDiffClass":[],
			"callerOfSingnlar2SourceVar":{
				"<android.hardware.camera2.params.BlackLevelPattern: int getOffsetForIndex(int,int)>":"1, 0"
			}
		},
		{
			"method":"<android.hardware.camera2.params.BlackLevelPattern: void copyTo(int[],int)>",
			"message":"\\QNull offset passed to copyTo\\E",
			"relatedVarType":"Parameter",
			"relatedCondType":"Basic",
			"modifier":"public",
			"type":"java.lang.IllegalArgumentException",
			"osVersionRelated":false,
			"resourceRelated":false,
			"assessRelated":false,
			"hardwareRelated":true,
			"manifestRelated":false,
			"conditions":"i0 >= 0",
			"paramValues":"@parameter1: int",
			"relatedValues":"@parameter1: int; ; ",
			"keyAPISameClassNum":0,
			"keyAPIDiffClassNum":0,
			"keyAPISameClass":[
				{
					"trace":[
						"<android.hardware.camera2.params.BlackLevelPattern: void copyTo(int[],int)>"
					],
					"depth":0,
					"method":"<android.hardware.camera2.params.BlackLevelPattern: void copyTo(int[],int)>",
					"source":"CALLER"
				}
			],
			"keyAPIDiffClass":[],
			"callerOfSingnlar2SourceVar":{
				"<android.hardware.camera2.params.BlackLevelPattern: void copyTo(int[],int)>":"1"
			}
		},
		{
			"method":"<android.hardware.camera2.params.BlackLevelPattern: void copyTo(int[],int)>",
			"message":"\\Qdestination too small to fit elements\\E",
			"relatedVarType":"Parameter",
			"relatedCondType":"Basic",
			"modifier":"public",
			"type":"java.lang.ArrayIndexOutOfBoundsException",
			"osVersionRelated":false,
			"resourceRelated":false,
			"assessRelated":false,
			"hardwareRelated":true,
			"manifestRelated":false,
			"conditions":"$i2 >= 4, i0 >= 0",
			"paramValues":"@parameter0: int[], @parameter1: int",
			"relatedValues":"@parameter0: int[], @parameter1: int; ; ",
			"keyAPISameClassNum":0,
			"keyAPIDiffClassNum":0,
			"keyAPISameClass":[
				{
					"trace":[
						"<android.hardware.camera2.params.BlackLevelPattern: void copyTo(int[],int)>"
					],
					"depth":0,
					"method":"<android.hardware.camera2.params.BlackLevelPattern: void copyTo(int[],int)>",
					"source":"CALLER"
				}
			],
			"keyAPIDiffClass":[],
			"callerOfSingnlar2SourceVar":{
				"<android.hardware.camera2.params.BlackLevelPattern: void copyTo(int[],int)>":"0, 1"
			}
		}
	]
}