{
	"exceptions":[
		{
			"method":"<android.accessibilityservice.AccessibilityServiceInfo: void <init>(android.content.pm.ResolveInfo,android.content.Context)>",
			"message":"[\\s\\S]*",
			"relatedVarType":"Parameter",
			"relatedCondType":"Basic",
			"modifier":"public",
			"type":"java.lang.Throwable",
			"osVersionRelated":false,
			"resourceRelated":false,
			"assessRelated":false,
			"hardwareRelated":false,
			"manifestRelated":false,
			"conditions":"i14 == 2, i14 == 1, r32 != null",
			"paramValues":"@parameter1: android.content.Context, @parameter0: android.content.pm.ResolveInfo",
			"caughtValues":"@caughtexception",
			"relatedValues":"@parameter1: android.content.Context, @parameter0: android.content.pm.ResolveInfo; ; @caughtexception",
			"keyAPISameClassNum":0,
			"keyAPIDiffClassNum":0,
			"keyAPISameClass":[
				{
					"trace":[
						"<android.accessibilityservice.AccessibilityServiceInfo: void <init>(android.content.pm.ResolveInfo,android.content.Context)>"
					],
					"depth":0,
					"method":"<android.accessibilityservice.AccessibilityServiceInfo: void <init>(android.content.pm.ResolveInfo,android.content.Context)>",
					"source":"CALLER"
				}
			],
			"keyAPIDiffClass":[],
			"callerOfSingnlar2SourceVar":{
				"<android.accessibilityservice.AccessibilityServiceInfo: void <init>(android.content.pm.ResolveInfo,android.content.Context)>":"1, 0"
			}
		},
		{
			"method":"<android.accessibilityservice.AccessibilityServiceInfo: void <init>(android.content.pm.ResolveInfo,android.content.Context)>",
			"message":"[\\s\\S]*",
			"relatedVarType":"Parameter",
			"relatedCondType":"Basic",
			"modifier":"public",
			"type":"java.lang.Throwable",
			"osVersionRelated":false,
			"resourceRelated":false,
			"assessRelated":false,
			"hardwareRelated":false,
			"manifestRelated":false,
			"conditions":"$z0 != 0, i14 == 1, r32 != null",
			"paramValues":"@parameter1: android.content.Context, @parameter0: android.content.pm.ResolveInfo",
			"relatedValues":"@parameter1: android.content.Context, @parameter0: android.content.pm.ResolveInfo; ; ",
			"keyAPISameClassNum":0,
			"keyAPIDiffClassNum":0,
			"keyAPISameClass":[
				{
					"trace":[
						"<android.accessibilityservice.AccessibilityServiceInfo: void <init>(android.content.pm.ResolveInfo,android.content.Context)>"
					],
					"depth":0,
					"method":"<android.accessibilityservice.AccessibilityServiceInfo: void <init>(android.content.pm.ResolveInfo,android.content.Context)>",
					"source":"CALLER"
				}
			],
			"keyAPIDiffClass":[],
			"callerOfSingnlar2SourceVar":{
				"<android.accessibilityservice.AccessibilityServiceInfo: void <init>(android.content.pm.ResolveInfo,android.content.Context)>":"1, 0"
			}
		}
	]
}