{
	"exceptions":[
		{
			"method":"<android.hardware.hdmi.HdmiRecordSources: android.hardware.hdmi.HdmiRecordSources$DigitalServiceSource ofDigitalChannelId(int,android.hardware.hdmi.HdmiRecordSources$DigitalChannelData)>",
			"message":"\\Qdata should not be null.\\E",
			"relatedVarType":"Parameter",
			"relatedCondType":"Basic",
			"modifier":"public",
			"type":"java.lang.IllegalArgumentException",
			"osVersionRelated":false,
			"resourceRelated":false,
			"assessRelated":false,
			"hardwareRelated":true,
			"manifestRelated":false,
			"conditions":"r0 != null",
			"paramValues":"@parameter1: android.hardware.hdmi.HdmiRecordSources$DigitalChannelData",
			"relatedValues":"@parameter1: android.hardware.hdmi.HdmiRecordSources$DigitalChannelData; ; ",
			"keyAPISameClassNum":0,
			"keyAPIDiffClassNum":0,
			"keyAPISameClass":[
				{
					"trace":[
						"<android.hardware.hdmi.HdmiRecordSources: android.hardware.hdmi.HdmiRecordSources$DigitalServiceSource ofDigitalChannelId(int,android.hardware.hdmi.HdmiRecordSources$DigitalChannelData)>"
					],
					"depth":0,
					"method":"<android.hardware.hdmi.HdmiRecordSources: android.hardware.hdmi.HdmiRecordSources$DigitalServiceSource ofDigitalChannelId(int,android.hardware.hdmi.HdmiRecordSources$DigitalChannelData)>",
					"source":"CALLER"
				}
			],
			"keyAPIDiffClass":[],
			"callerOfSingnlar2SourceVar":{
				"<android.hardware.hdmi.HdmiRecordSources: android.hardware.hdmi.HdmiRecordSources$DigitalServiceSource ofDigitalChannelId(int,android.hardware.hdmi.HdmiRecordSources$DigitalChannelData)>":"1"
			}
		},
		{
			"method":"<android.hardware.hdmi.HdmiRecordSources: android.hardware.hdmi.HdmiRecordSources$DigitalServiceSource ofDigitalChannelId(int,android.hardware.hdmi.HdmiRecordSources$DigitalChannelData)>",
			"message":"\\QInvalid broadcast system value:\\E[\\s\\S]*",
			"relatedVarType":"Parameter",
			"relatedCondType":"Basic",
			"modifier":"public",
			"type":"java.lang.IllegalArgumentException",
			"osVersionRelated":false,
			"resourceRelated":false,
			"assessRelated":false,
			"hardwareRelated":true,
			"manifestRelated":false,
			"conditions":"i0, r0 != null",
			"paramValues":"@parameter0: int, @parameter1: android.hardware.hdmi.HdmiRecordSources$DigitalChannelData",
			"relatedValues":"@parameter0: int, @parameter1: android.hardware.hdmi.HdmiRecordSources$DigitalChannelData; ; ",
			"keyAPISameClassNum":0,
			"keyAPIDiffClassNum":0,
			"keyAPISameClass":[
				{
					"trace":[
						"<android.hardware.hdmi.HdmiRecordSources: android.hardware.hdmi.HdmiRecordSources$DigitalServiceSource ofDigitalChannelId(int,android.hardware.hdmi.HdmiRecordSources$DigitalChannelData)>"
					],
					"depth":0,
					"method":"<android.hardware.hdmi.HdmiRecordSources: android.hardware.hdmi.HdmiRecordSources$DigitalServiceSource ofDigitalChannelId(int,android.hardware.hdmi.HdmiRecordSources$DigitalChannelData)>",
					"source":"CALLER"
				}
			],
			"keyAPIDiffClass":[],
			"callerOfSingnlar2SourceVar":{
				"<android.hardware.hdmi.HdmiRecordSources: android.hardware.hdmi.HdmiRecordSources$DigitalServiceSource ofDigitalChannelId(int,android.hardware.hdmi.HdmiRecordSources$DigitalChannelData)>":"0, 1"
			}
		},
		{
			"method":"<android.hardware.hdmi.HdmiRecordSources: android.hardware.hdmi.HdmiRecordSources$DigitalServiceSource ofArib(int,android.hardware.hdmi.HdmiRecordSources$AribData)>",
			"message":"\\Qdata should not be null.\\E",
			"relatedVarType":"Parameter",
			"relatedCondType":"Basic",
			"modifier":"public",
			"type":"java.lang.IllegalArgumentException",
			"osVersionRelated":false,
			"resourceRelated":false,
			"assessRelated":false,
			"hardwareRelated":true,
			"manifestRelated":false,
			"conditions":"r0 != null",
			"paramValues":"@parameter1: android.hardware.hdmi.HdmiRecordSources$AribData",
			"relatedValues":"@parameter1: android.hardware.hdmi.HdmiRecordSources$AribData; ; ",
			"keyAPISameClassNum":0,
			"keyAPIDiffClassNum":0,
			"keyAPISameClass":[
				{
					"trace":[
						"<android.hardware.hdmi.HdmiRecordSources: android.hardware.hdmi.HdmiRecordSources$DigitalServiceSource ofArib(int,android.hardware.hdmi.HdmiRecordSources$AribData)>"
					],
					"depth":0,
					"method":"<android.hardware.hdmi.HdmiRecordSources: android.hardware.hdmi.HdmiRecordSources$DigitalServiceSource ofArib(int,android.hardware.hdmi.HdmiRecordSources$AribData)>",
					"source":"CALLER"
				}
			],
			"keyAPIDiffClass":[],
			"callerOfSingnlar2SourceVar":{
				"<android.hardware.hdmi.HdmiRecordSources: android.hardware.hdmi.HdmiRecordSources$DigitalServiceSource ofArib(int,android.hardware.hdmi.HdmiRecordSources$AribData)>":"1"
			}
		},
		{
			"method":"<android.hardware.hdmi.HdmiRecordSources: android.hardware.hdmi.HdmiRecordSources$DigitalServiceSource ofArib(int,android.hardware.hdmi.HdmiRecordSources$AribData)>",
			"message":"\\Qtype should not be null.\\E",
			"relatedVarType":"Parameter",
			"relatedCondType":"Basic",
			"modifier":"public",
			"type":"java.lang.IllegalArgumentException",
			"osVersionRelated":false,
			"resourceRelated":false,
			"assessRelated":false,
			"hardwareRelated":true,
			"manifestRelated":false,
			"conditions":"i0, r0 != null",
			"paramValues":"@parameter0: int, @parameter1: android.hardware.hdmi.HdmiRecordSources$AribData",
			"relatedValues":"@parameter0: int, @parameter1: android.hardware.hdmi.HdmiRecordSources$AribData; ; ",
			"keyAPISameClassNum":0,
			"keyAPIDiffClassNum":0,
			"keyAPISameClass":[
				{
					"trace":[
						"<android.hardware.hdmi.HdmiRecordSources: android.hardware.hdmi.HdmiRecordSources$DigitalServiceSource ofArib(int,android.hardware.hdmi.HdmiRecordSources$AribData)>"
					],
					"depth":0,
					"method":"<android.hardware.hdmi.HdmiRecordSources: android.hardware.hdmi.HdmiRecordSources$DigitalServiceSource ofArib(int,android.hardware.hdmi.HdmiRecordSources$AribData)>",
					"source":"CALLER"
				}
			],
			"keyAPIDiffClass":[],
			"callerOfSingnlar2SourceVar":{
				"<android.hardware.hdmi.HdmiRecordSources: android.hardware.hdmi.HdmiRecordSources$DigitalServiceSource ofArib(int,android.hardware.hdmi.HdmiRecordSources$AribData)>":"0, 1"
			}
		},
		{
			"method":"<android.hardware.hdmi.HdmiRecordSources: android.hardware.hdmi.HdmiRecordSources$DigitalServiceSource ofAtsc(int,android.hardware.hdmi.HdmiRecordSources$AtscData)>",
			"message":"\\QInvalid ATSC type:\\E[\\s\\S]*",
			"relatedVarType":"Parameter",
			"relatedCondType":"Basic",
			"modifier":"public",
			"type":"java.lang.IllegalArgumentException",
			"osVersionRelated":false,
			"resourceRelated":false,
			"assessRelated":false,
			"hardwareRelated":true,
			"manifestRelated":false,
			"conditions":"i0, r0 != null",
			"paramValues":"@parameter0: int, @parameter1: android.hardware.hdmi.HdmiRecordSources$AtscData",
			"relatedValues":"@parameter0: int, @parameter1: android.hardware.hdmi.HdmiRecordSources$AtscData; ; ",
			"keyAPISameClassNum":0,
			"keyAPIDiffClassNum":0,
			"keyAPISameClass":[
				{
					"trace":[
						"<android.hardware.hdmi.HdmiRecordSources: android.hardware.hdmi.HdmiRecordSources$DigitalServiceSource ofAtsc(int,android.hardware.hdmi.HdmiRecordSources$AtscData)>"
					],
					"depth":0,
					"method":"<android.hardware.hdmi.HdmiRecordSources: android.hardware.hdmi.HdmiRecordSources$DigitalServiceSource ofAtsc(int,android.hardware.hdmi.HdmiRecordSources$AtscData)>",
					"source":"CALLER"
				}
			],
			"keyAPIDiffClass":[],
			"callerOfSingnlar2SourceVar":{
				"<android.hardware.hdmi.HdmiRecordSources: android.hardware.hdmi.HdmiRecordSources$DigitalServiceSource ofAtsc(int,android.hardware.hdmi.HdmiRecordSources$AtscData)>":"0, 1"
			}
		},
		{
			"method":"<android.hardware.hdmi.HdmiRecordSources: android.hardware.hdmi.HdmiRecordSources$DigitalServiceSource ofAtsc(int,android.hardware.hdmi.HdmiRecordSources$AtscData)>",
			"message":"\\Qdata should not be null.\\E",
			"relatedVarType":"Parameter",
			"relatedCondType":"Basic",
			"modifier":"public",
			"type":"java.lang.IllegalArgumentException",
			"osVersionRelated":false,
			"resourceRelated":false,
			"assessRelated":false,
			"hardwareRelated":true,
			"manifestRelated":false,
			"conditions":"r0 != null",
			"paramValues":"@parameter1: android.hardware.hdmi.HdmiRecordSources$AtscData",
			"relatedValues":"@parameter1: android.hardware.hdmi.HdmiRecordSources$AtscData; ; ",
			"keyAPISameClassNum":0,
			"keyAPIDiffClassNum":0,
			"keyAPISameClass":[
				{
					"trace":[
						"<android.hardware.hdmi.HdmiRecordSources: android.hardware.hdmi.HdmiRecordSources$DigitalServiceSource ofAtsc(int,android.hardware.hdmi.HdmiRecordSources$AtscData)>"
					],
					"depth":0,
					"method":"<android.hardware.hdmi.HdmiRecordSources: android.hardware.hdmi.HdmiRecordSources$DigitalServiceSource ofAtsc(int,android.hardware.hdmi.HdmiRecordSources$AtscData)>",
					"source":"CALLER"
				}
			],
			"keyAPIDiffClass":[],
			"callerOfSingnlar2SourceVar":{
				"<android.hardware.hdmi.HdmiRecordSources: android.hardware.hdmi.HdmiRecordSources$DigitalServiceSource ofAtsc(int,android.hardware.hdmi.HdmiRecordSources$AtscData)>":"1"
			}
		},
		{
			"method":"<android.hardware.hdmi.HdmiRecordSources: android.hardware.hdmi.HdmiRecordSources$DigitalServiceSource ofDvb(int,android.hardware.hdmi.HdmiRecordSources$DvbData)>",
			"message":"\\Qdata should not be null.\\E",
			"relatedVarType":"Parameter",
			"relatedCondType":"Basic",
			"modifier":"public",
			"type":"java.lang.IllegalArgumentException",
			"osVersionRelated":false,
			"resourceRelated":false,
			"assessRelated":false,
			"hardwareRelated":true,
			"manifestRelated":false,
			"conditions":"r0 != null",
			"paramValues":"@parameter1: android.hardware.hdmi.HdmiRecordSources$DvbData",
			"relatedValues":"@parameter1: android.hardware.hdmi.HdmiRecordSources$DvbData; ; ",
			"keyAPISameClassNum":0,
			"keyAPIDiffClassNum":0,
			"keyAPISameClass":[
				{
					"trace":[
						"<android.hardware.hdmi.HdmiRecordSources: android.hardware.hdmi.HdmiRecordSources$DigitalServiceSource ofDvb(int,android.hardware.hdmi.HdmiRecordSources$DvbData)>"
					],
					"depth":0,
					"method":"<android.hardware.hdmi.HdmiRecordSources: android.hardware.hdmi.HdmiRecordSources$DigitalServiceSource ofDvb(int,android.hardware.hdmi.HdmiRecordSources$DvbData)>",
					"source":"CALLER"
				}
			],
			"keyAPIDiffClass":[],
			"callerOfSingnlar2SourceVar":{
				"<android.hardware.hdmi.HdmiRecordSources: android.hardware.hdmi.HdmiRecordSources$DigitalServiceSource ofDvb(int,android.hardware.hdmi.HdmiRecordSources$DvbData)>":"1"
			}
		},
		{
			"method":"<android.hardware.hdmi.HdmiRecordSources: android.hardware.hdmi.HdmiRecordSources$DigitalServiceSource ofDvb(int,android.hardware.hdmi.HdmiRecordSources$DvbData)>",
			"message":"\\QInvalid DVB type:\\E[\\s\\S]*",
			"relatedVarType":"Parameter",
			"relatedCondType":"Basic",
			"modifier":"public",
			"type":"java.lang.IllegalArgumentException",
			"osVersionRelated":false,
			"resourceRelated":false,
			"assessRelated":false,
			"hardwareRelated":true,
			"manifestRelated":false,
			"conditions":"i0, r0 != null",
			"paramValues":"@parameter0: int, @parameter1: android.hardware.hdmi.HdmiRecordSources$DvbData",
			"relatedValues":"@parameter0: int, @parameter1: android.hardware.hdmi.HdmiRecordSources$DvbData; ; ",
			"keyAPISameClassNum":0,
			"keyAPIDiffClassNum":0,
			"keyAPISameClass":[
				{
					"trace":[
						"<android.hardware.hdmi.HdmiRecordSources: android.hardware.hdmi.HdmiRecordSources$DigitalServiceSource ofDvb(int,android.hardware.hdmi.HdmiRecordSources$DvbData)>"
					],
					"depth":0,
					"method":"<android.hardware.hdmi.HdmiRecordSources: android.hardware.hdmi.HdmiRecordSources$DigitalServiceSource ofDvb(int,android.hardware.hdmi.HdmiRecordSources$DvbData)>",
					"source":"CALLER"
				}
			],
			"keyAPIDiffClass":[],
			"callerOfSingnlar2SourceVar":{
				"<android.hardware.hdmi.HdmiRecordSources: android.hardware.hdmi.HdmiRecordSources$DigitalServiceSource ofDvb(int,android.hardware.hdmi.HdmiRecordSources$DvbData)>":"0, 1"
			}
		},
		{
			"method":"<android.hardware.hdmi.HdmiRecordSources: android.hardware.hdmi.HdmiRecordSources$AnalogueServiceSource ofAnalogue(int,int,int)>",
			"message":"\\QInvalid Broadcast system:\\E[\\s\\S]*",
			"relatedVarType":"Parameter",
			"relatedCondType":"Basic",
			"modifier":"public",
			"type":"java.lang.IllegalArgumentException",
			"osVersionRelated":false,
			"resourceRelated":false,
			"assessRelated":false,
			"hardwareRelated":true,
			"manifestRelated":false,
			"conditions":"i4 < 0, i2 <= 65535, i2 < 0",
			"paramValues":"@parameter2: int, @parameter1: int",
			"relatedValues":"@parameter2: int, @parameter1: int; ; ",
			"keyAPISameClassNum":0,
			"keyAPIDiffClassNum":0,
			"keyAPISameClass":[
				{
					"trace":[
						"<android.hardware.hdmi.HdmiRecordSources: android.hardware.hdmi.HdmiRecordSources$AnalogueServiceSource ofAnalogue(int,int,int)>"
					],
					"depth":0,
					"method":"<android.hardware.hdmi.HdmiRecordSources: android.hardware.hdmi.HdmiRecordSources$AnalogueServiceSource ofAnalogue(int,int,int)>",
					"source":"CALLER"
				}
			],
			"keyAPIDiffClass":[],
			"callerOfSingnlar2SourceVar":{
				"<android.hardware.hdmi.HdmiRecordSources: android.hardware.hdmi.HdmiRecordSources$AnalogueServiceSource ofAnalogue(int,int,int)>":"2, 1"
			}
		},
		{
			"method":"<android.hardware.hdmi.HdmiRecordSources: android.hardware.hdmi.HdmiRecordSources$AnalogueServiceSource ofAnalogue(int,int,int)>",
			"message":"\\QInvalid Broadcast type:\\E[\\s\\S]*",
			"relatedVarType":"Parameter",
			"relatedCondType":"Basic",
			"modifier":"public",
			"type":"java.lang.IllegalArgumentException",
			"osVersionRelated":false,
			"resourceRelated":false,
			"assessRelated":false,
			"hardwareRelated":true,
			"manifestRelated":false,
			"conditions":"i0 < 0, i0 <= 2",
			"paramValues":"@parameter0: int",
			"relatedValues":"@parameter0: int; ; ",
			"keyAPISameClassNum":0,
			"keyAPIDiffClassNum":0,
			"keyAPISameClass":[
				{
					"trace":[
						"<android.hardware.hdmi.HdmiRecordSources: android.hardware.hdmi.HdmiRecordSources$AnalogueServiceSource ofAnalogue(int,int,int)>"
					],
					"depth":0,
					"method":"<android.hardware.hdmi.HdmiRecordSources: android.hardware.hdmi.HdmiRecordSources$AnalogueServiceSource ofAnalogue(int,int,int)>",
					"source":"CALLER"
				}
			],
			"keyAPIDiffClass":[],
			"callerOfSingnlar2SourceVar":{
				"<android.hardware.hdmi.HdmiRecordSources: android.hardware.hdmi.HdmiRecordSources$AnalogueServiceSource ofAnalogue(int,int,int)>":"0"
			}
		},
		{
			"method":"<android.hardware.hdmi.HdmiRecordSources: android.hardware.hdmi.HdmiRecordSources$AnalogueServiceSource ofAnalogue(int,int,int)>",
			"message":"\\QInvalid frequency value[0x0000-0xFFFF]:\\E[\\s\\S]*",
			"relatedVarType":"Parameter",
			"relatedCondType":"Basic",
			"modifier":"public",
			"type":"java.lang.IllegalArgumentException",
			"osVersionRelated":false,
			"resourceRelated":false,
			"assessRelated":false,
			"hardwareRelated":true,
			"manifestRelated":false,
			"conditions":"i2 < 0, i0 <= 2, i0 < 0",
			"paramValues":"@parameter1: int, @parameter0: int",
			"relatedValues":"@parameter1: int, @parameter0: int; ; ",
			"keyAPISameClassNum":0,
			"keyAPIDiffClassNum":0,
			"keyAPISameClass":[
				{
					"trace":[
						"<android.hardware.hdmi.HdmiRecordSources: android.hardware.hdmi.HdmiRecordSources$AnalogueServiceSource ofAnalogue(int,int,int)>"
					],
					"depth":0,
					"method":"<android.hardware.hdmi.HdmiRecordSources: android.hardware.hdmi.HdmiRecordSources$AnalogueServiceSource ofAnalogue(int,int,int)>",
					"source":"CALLER"
				}
			],
			"keyAPIDiffClass":[],
			"callerOfSingnlar2SourceVar":{
				"<android.hardware.hdmi.HdmiRecordSources: android.hardware.hdmi.HdmiRecordSources$AnalogueServiceSource ofAnalogue(int,int,int)>":"1, 0"
			}
		},
		{
			"method":"<android.hardware.hdmi.HdmiRecordSources: android.hardware.hdmi.HdmiRecordSources$ExternalPlugData ofExternalPlug(int)>",
			"message":"\\QInvalid plug number[1-255]\\E[\\s\\S]*",
			"relatedVarType":"Parameter",
			"relatedCondType":"Basic",
			"modifier":"public",
			"type":"java.lang.IllegalArgumentException",
			"osVersionRelated":false,
			"resourceRelated":false,
			"assessRelated":false,
			"hardwareRelated":true,
			"manifestRelated":false,
			"conditions":"i0 < 1, i0 <= 255",
			"paramValues":"@parameter0: int",
			"relatedValues":"@parameter0: int; ; ",
			"keyAPISameClassNum":0,
			"keyAPIDiffClassNum":0,
			"keyAPISameClass":[
				{
					"trace":[
						"<android.hardware.hdmi.HdmiRecordSources: android.hardware.hdmi.HdmiRecordSources$ExternalPlugData ofExternalPlug(int)>"
					],
					"depth":0,
					"method":"<android.hardware.hdmi.HdmiRecordSources: android.hardware.hdmi.HdmiRecordSources$ExternalPlugData ofExternalPlug(int)>",
					"source":"CALLER"
				}
			],
			"keyAPIDiffClass":[],
			"callerOfSingnlar2SourceVar":{
				"<android.hardware.hdmi.HdmiRecordSources: android.hardware.hdmi.HdmiRecordSources$ExternalPlugData ofExternalPlug(int)>":"0"
			}
		},
		{
			"method":"<android.hardware.hdmi.HdmiRecordSources: android.hardware.hdmi.HdmiRecordSources$ExternalPhysicalAddress ofExternalPhysicalAddress(int)>",
			"message":"\\QInvalid physical address:\\E[\\s\\S]*",
			"relatedVarType":"Parameter",
			"relatedCondType":"Basic",
			"modifier":"public",
			"type":"java.lang.IllegalArgumentException",
			"osVersionRelated":false,
			"resourceRelated":false,
			"assessRelated":false,
			"hardwareRelated":true,
			"manifestRelated":false,
			"conditions":"$i1 == 0",
			"paramValues":"@parameter0: int",
			"relatedValues":"@parameter0: int; ; ",
			"keyAPISameClassNum":0,
			"keyAPIDiffClassNum":0,
			"keyAPISameClass":[
				{
					"trace":[
						"<android.hardware.hdmi.HdmiRecordSources: android.hardware.hdmi.HdmiRecordSources$ExternalPhysicalAddress ofExternalPhysicalAddress(int)>"
					],
					"depth":0,
					"method":"<android.hardware.hdmi.HdmiRecordSources: android.hardware.hdmi.HdmiRecordSources$ExternalPhysicalAddress ofExternalPhysicalAddress(int)>",
					"source":"CALLER"
				}
			],
			"keyAPIDiffClass":[],
			"callerOfSingnlar2SourceVar":{
				"<android.hardware.hdmi.HdmiRecordSources: android.hardware.hdmi.HdmiRecordSources$ExternalPhysicalAddress ofExternalPhysicalAddress(int)>":"0"
			}
		}
	]
}