{
	"exceptions":[
		{
			"method":"<android.hardware.camera2.params.OutputConfiguration: void writeToParcel(android.os.Parcel,int)>",
			"message":"\\Qdest must not be null\\E",
			"relatedVarType":"Parameter",
			"relatedCondType":"Basic",
			"modifier":"public",
			"type":"java.lang.IllegalArgumentException",
			"osVersionRelated":false,
			"resourceRelated":false,
			"assessRelated":false,
			"hardwareRelated":true,
			"manifestRelated":false,
			"conditions":"r0 != null",
			"paramValues":"@parameter0: android.os.Parcel",
			"relatedValues":"@parameter0: android.os.Parcel; ; ",
			"keyAPISameClassNum":0,
			"keyAPIDiffClassNum":0,
			"keyAPISameClass":[
				{
					"trace":[
						"<android.hardware.camera2.params.OutputConfiguration: void writeToParcel(android.os.Parcel,int)>"
					],
					"depth":0,
					"method":"<android.hardware.camera2.params.OutputConfiguration: void writeToParcel(android.os.Parcel,int)>",
					"source":"CALLER"
				}
			],
			"keyAPIDiffClass":[],
			"callerOfSingnlar2SourceVar":{
				"<android.hardware.camera2.params.OutputConfiguration: void writeToParcel(android.os.Parcel,int)>":"0"
			}
		}
	]
}