{
	"exceptions":[
		{
			"method":"<android.filterfw.core.ShaderProgram: void <init>(android.filterfw.core.FilterContext,java.lang.String)>",
			"message":"\\QCould not compile and link shader!\\E",
			"relatedVarType":"Unknown",
			"relatedCondType":"Basic",
			"modifier":"public",
			"type":"java.lang.RuntimeException",
			"osVersionRelated":false,
			"resourceRelated":false,
			"assessRelated":false,
			"hardwareRelated":false,
			"manifestRelated":false,
			"conditions":"$z1 != 0",
			"keyAPISameClassNum":0,
			"keyAPIDiffClassNum":0,
			"keyAPISameClass":[],
			"keyAPIDiffClass":[],
			"callerOfSingnlar2SourceVar":{}
		},
		{
			"method":"<android.filterfw.core.ShaderProgram: void <init>(android.filterfw.core.FilterContext,java.lang.String,java.lang.String)>",
			"message":"\\QCould not compile and link shader!\\E",
			"relatedVarType":"Unknown",
			"relatedCondType":"Basic",
			"modifier":"public",
			"type":"java.lang.RuntimeException",
			"osVersionRelated":false,
			"resourceRelated":false,
			"assessRelated":false,
			"hardwareRelated":false,
			"manifestRelated":false,
			"conditions":"$z1 != 0",
			"keyAPISameClassNum":0,
			"keyAPIDiffClassNum":0,
			"keyAPISameClass":[],
			"keyAPIDiffClass":[],
			"callerOfSingnlar2SourceVar":{}
		},
		{
			"method":"<android.filterfw.core.ShaderProgram: void process(android.filterfw.core.Frame[],android.filterfw.core.Frame)>",
			"message":"\\QShaderProgram got non-GL frame as input \\E[\\s\\S]*\\Q!\\E",
			"relatedVarType":"ParaAndField",
			"relatedCondType":"Basic",
			"modifier":"public",
			"type":"java.lang.RuntimeException",
			"osVersionRelated":false,
			"resourceRelated":false,
			"assessRelated":false,
			"hardwareRelated":false,
			"manifestRelated":false,
			"conditions":"$z4 == 0, i14 >= $i15, $z0 == 0",
			"paramValues":"@parameter0: android.filterfw.core.Frame[]",
			"fieldValues":"<android.filterfw.core.ShaderProgram: android.filterfw.core.StopWatchMap mTimer>",
			"relatedValues":"@parameter0: android.filterfw.core.Frame[]; <android.filterfw.core.ShaderProgram: android.filterfw.core.StopWatchMap mTimer>; ",
			"keyAPISameClassNum":4,
			"keyAPIDiffClassNum":2,
			"keyAPISameClass":[
				{
					"trace":[
						"<android.filterfw.core.ShaderProgram: void process(android.filterfw.core.Frame[],android.filterfw.core.Frame)>"
					],
					"depth":1,
					"method":"<android.filterfw.core.ShaderProgram: void process(android.filterfw.core.Frame[],android.filterfw.core.Frame)>",
					"source":"FIELD"
				},
				{
					"trace":[
						"<android.filterfw.core.ShaderProgram: void <init>(android.filterfw.core.FilterContext,java.lang.String)>",
						"<android.filterfw.core.ShaderProgram: void setTimer()>",
						"key field: <android.filterfw.core.ShaderProgram: android.filterfw.core.StopWatchMap mTimer>",
						"<android.filterfw.core.ShaderProgram: void process(android.filterfw.core.Frame[],android.filterfw.core.Frame)>"
					],
					"depth":2,
					"method":"<android.filterfw.core.ShaderProgram: void <init>(android.filterfw.core.FilterContext,java.lang.String)>",
					"source":"FIELDCALLER"
				},
				{
					"trace":[
						"<android.filterfw.core.ShaderProgram: android.filterfw.core.ShaderProgram createIdentity(android.filterfw.core.FilterContext)>",
						"<android.filterfw.core.ShaderProgram: void setTimer()>",
						"key field: <android.filterfw.core.ShaderProgram: android.filterfw.core.StopWatchMap mTimer>",
						"<android.filterfw.core.ShaderProgram: void process(android.filterfw.core.Frame[],android.filterfw.core.Frame)>"
					],
					"depth":2,
					"method":"<android.filterfw.core.ShaderProgram: android.filterfw.core.ShaderProgram createIdentity(android.filterfw.core.FilterContext)>",
					"source":"FIELDCALLER"
				},
				{
					"trace":[
						"<android.filterfw.core.ShaderProgram: void <init>(android.filterfw.core.FilterContext,java.lang.String,java.lang.String)>",
						"<android.filterfw.core.ShaderProgram: void setTimer()>",
						"key field: <android.filterfw.core.ShaderProgram: android.filterfw.core.StopWatchMap mTimer>",
						"<android.filterfw.core.ShaderProgram: void process(android.filterfw.core.Frame[],android.filterfw.core.Frame)>"
					],
					"depth":2,
					"method":"<android.filterfw.core.ShaderProgram: void <init>(android.filterfw.core.FilterContext,java.lang.String,java.lang.String)>",
					"source":"FIELDCALLER"
				}
			],
			"keyAPIDiffClass":[
				{
					"trace":[
						"<android.filterpacks.videoproc.BackDropperFilter: void process(android.filterfw.core.FilterContext)>",
						"<android.filterfw.core.ShaderProgram: void process(android.filterfw.core.Frame[],android.filterfw.core.Frame)>",
						"key field: <android.filterfw.core.ShaderProgram: android.filterfw.core.StopWatchMap mTimer>",
						"<android.filterfw.core.ShaderProgram: void process(android.filterfw.core.Frame[],android.filterfw.core.Frame)>"
					],
					"depth":2,
					"method":"<android.filterpacks.videoproc.BackDropperFilter: void process(android.filterfw.core.FilterContext)>",
					"source":"FIELDCALLER"
				},
				{
					"trace":[
						"<android.filterfw.core.Filter: void process(android.filterfw.core.FilterContext)>",
						"<android.filterfw.core.ShaderProgram: android.filterfw.core.ShaderProgram createIdentity(android.filterfw.core.FilterContext)>",
						"<android.filterfw.core.ShaderProgram: void setTimer()>",
						"key field: <android.filterfw.core.ShaderProgram: android.filterfw.core.StopWatchMap mTimer>",
						"<android.filterfw.core.ShaderProgram: void process(android.filterfw.core.Frame[],android.filterfw.core.Frame)>"
					],
					"depth":3,
					"method":"<android.filterfw.core.Filter: void process(android.filterfw.core.FilterContext)>",
					"source":"FIELDCALLER"
				}
			],
			"callerOfSingnlar2SourceVar":{
				"<android.filterfw.core.ShaderProgram: void process(android.filterfw.core.Frame[],android.filterfw.core.Frame)>":"0"
			}
		},
		{
			"method":"<android.filterfw.core.ShaderProgram: void process(android.filterfw.core.Frame[],android.filterfw.core.Frame)>",
			"message":"\\QShaderProgram got non-GL output frame!\\E",
			"relatedVarType":"ParaAndField",
			"relatedCondType":"Basic",
			"modifier":"public",
			"type":"java.lang.RuntimeException",
			"osVersionRelated":false,
			"resourceRelated":false,
			"assessRelated":false,
			"hardwareRelated":false,
			"manifestRelated":false,
			"conditions":"$z1 == 0, i14 >= $i15, $z0 == 0",
			"paramValues":"@parameter1: android.filterfw.core.Frame, @parameter0: android.filterfw.core.Frame[]",
			"fieldValues":"<android.filterfw.core.ShaderProgram: android.filterfw.core.StopWatchMap mTimer>",
			"relatedValues":"@parameter1: android.filterfw.core.Frame, @parameter0: android.filterfw.core.Frame[]; <android.filterfw.core.ShaderProgram: android.filterfw.core.StopWatchMap mTimer>; ",
			"keyAPISameClassNum":4,
			"keyAPIDiffClassNum":2,
			"keyAPISameClass":[
				{
					"trace":[
						"<android.filterfw.core.ShaderProgram: void process(android.filterfw.core.Frame[],android.filterfw.core.Frame)>"
					],
					"depth":1,
					"method":"<android.filterfw.core.ShaderProgram: void process(android.filterfw.core.Frame[],android.filterfw.core.Frame)>",
					"source":"FIELD"
				},
				{
					"trace":[
						"<android.filterfw.core.ShaderProgram: void <init>(android.filterfw.core.FilterContext,java.lang.String)>",
						"<android.filterfw.core.ShaderProgram: void setTimer()>",
						"key field: <android.filterfw.core.ShaderProgram: android.filterfw.core.StopWatchMap mTimer>",
						"<android.filterfw.core.ShaderProgram: void process(android.filterfw.core.Frame[],android.filterfw.core.Frame)>"
					],
					"depth":2,
					"method":"<android.filterfw.core.ShaderProgram: void <init>(android.filterfw.core.FilterContext,java.lang.String)>",
					"source":"FIELDCALLER"
				},
				{
					"trace":[
						"<android.filterfw.core.ShaderProgram: android.filterfw.core.ShaderProgram createIdentity(android.filterfw.core.FilterContext)>",
						"<android.filterfw.core.ShaderProgram: void setTimer()>",
						"key field: <android.filterfw.core.ShaderProgram: android.filterfw.core.StopWatchMap mTimer>",
						"<android.filterfw.core.ShaderProgram: void process(android.filterfw.core.Frame[],android.filterfw.core.Frame)>"
					],
					"depth":2,
					"method":"<android.filterfw.core.ShaderProgram: android.filterfw.core.ShaderProgram createIdentity(android.filterfw.core.FilterContext)>",
					"source":"FIELDCALLER"
				},
				{
					"trace":[
						"<android.filterfw.core.ShaderProgram: void <init>(android.filterfw.core.FilterContext,java.lang.String,java.lang.String)>",
						"<android.filterfw.core.ShaderProgram: void setTimer()>",
						"key field: <android.filterfw.core.ShaderProgram: android.filterfw.core.StopWatchMap mTimer>",
						"<android.filterfw.core.ShaderProgram: void process(android.filterfw.core.Frame[],android.filterfw.core.Frame)>"
					],
					"depth":2,
					"method":"<android.filterfw.core.ShaderProgram: void <init>(android.filterfw.core.FilterContext,java.lang.String,java.lang.String)>",
					"source":"FIELDCALLER"
				}
			],
			"keyAPIDiffClass":[
				{
					"trace":[
						"<android.filterpacks.videoproc.BackDropperFilter: void process(android.filterfw.core.FilterContext)>",
						"<android.filterfw.core.ShaderProgram: void process(android.filterfw.core.Frame[],android.filterfw.core.Frame)>",
						"key field: <android.filterfw.core.ShaderProgram: android.filterfw.core.StopWatchMap mTimer>",
						"<android.filterfw.core.ShaderProgram: void process(android.filterfw.core.Frame[],android.filterfw.core.Frame)>"
					],
					"depth":2,
					"method":"<android.filterpacks.videoproc.BackDropperFilter: void process(android.filterfw.core.FilterContext)>",
					"source":"FIELDCALLER"
				},
				{
					"trace":[
						"<android.filterfw.core.Filter: void process(android.filterfw.core.FilterContext)>",
						"<android.filterfw.core.ShaderProgram: android.filterfw.core.ShaderProgram createIdentity(android.filterfw.core.FilterContext)>",
						"<android.filterfw.core.ShaderProgram: void setTimer()>",
						"key field: <android.filterfw.core.ShaderProgram: android.filterfw.core.StopWatchMap mTimer>",
						"<android.filterfw.core.ShaderProgram: void process(android.filterfw.core.Frame[],android.filterfw.core.Frame)>"
					],
					"depth":3,
					"method":"<android.filterfw.core.Filter: void process(android.filterfw.core.FilterContext)>",
					"source":"FIELDCALLER"
				}
			],
			"callerOfSingnlar2SourceVar":{
				"<android.filterfw.core.ShaderProgram: void process(android.filterfw.core.Frame[],android.filterfw.core.Frame)>":"1, 0"
			}
		},
		{
			"method":"<android.filterfw.core.ShaderProgram: void process(android.filterfw.core.Frame[],android.filterfw.core.Frame)>",
			"message":"\\QError executing ShaderProgram!\\E",
			"relatedVarType":"ParaAndField",
			"relatedCondType":"Basic",
			"modifier":"public",
			"type":"java.lang.RuntimeException",
			"osVersionRelated":false,
			"resourceRelated":false,
			"assessRelated":false,
			"hardwareRelated":false,
			"manifestRelated":false,
			"conditions":"$z2 != 0, $z0 == 0",
			"paramValues":"@parameter1: android.filterfw.core.Frame",
			"fieldValues":"<android.filterfw.core.ShaderProgram: android.filterfw.core.StopWatchMap mTimer>",
			"relatedValues":"@parameter1: android.filterfw.core.Frame; <android.filterfw.core.ShaderProgram: android.filterfw.core.StopWatchMap mTimer>; ",
			"keyAPISameClassNum":4,
			"keyAPIDiffClassNum":2,
			"keyAPISameClass":[
				{
					"trace":[
						"<android.filterfw.core.ShaderProgram: void process(android.filterfw.core.Frame[],android.filterfw.core.Frame)>"
					],
					"depth":1,
					"method":"<android.filterfw.core.ShaderProgram: void process(android.filterfw.core.Frame[],android.filterfw.core.Frame)>",
					"source":"FIELD"
				},
				{
					"trace":[
						"<android.filterfw.core.ShaderProgram: void <init>(android.filterfw.core.FilterContext,java.lang.String)>",
						"<android.filterfw.core.ShaderProgram: void setTimer()>",
						"key field: <android.filterfw.core.ShaderProgram: android.filterfw.core.StopWatchMap mTimer>",
						"<android.filterfw.core.ShaderProgram: void process(android.filterfw.core.Frame[],android.filterfw.core.Frame)>"
					],
					"depth":2,
					"method":"<android.filterfw.core.ShaderProgram: void <init>(android.filterfw.core.FilterContext,java.lang.String)>",
					"source":"FIELDCALLER"
				},
				{
					"trace":[
						"<android.filterfw.core.ShaderProgram: android.filterfw.core.ShaderProgram createIdentity(android.filterfw.core.FilterContext)>",
						"<android.filterfw.core.ShaderProgram: void setTimer()>",
						"key field: <android.filterfw.core.ShaderProgram: android.filterfw.core.StopWatchMap mTimer>",
						"<android.filterfw.core.ShaderProgram: void process(android.filterfw.core.Frame[],android.filterfw.core.Frame)>"
					],
					"depth":2,
					"method":"<android.filterfw.core.ShaderProgram: android.filterfw.core.ShaderProgram createIdentity(android.filterfw.core.FilterContext)>",
					"source":"FIELDCALLER"
				},
				{
					"trace":[
						"<android.filterfw.core.ShaderProgram: void <init>(android.filterfw.core.FilterContext,java.lang.String,java.lang.String)>",
						"<android.filterfw.core.ShaderProgram: void setTimer()>",
						"key field: <android.filterfw.core.ShaderProgram: android.filterfw.core.StopWatchMap mTimer>",
						"<android.filterfw.core.ShaderProgram: void process(android.filterfw.core.Frame[],android.filterfw.core.Frame)>"
					],
					"depth":2,
					"method":"<android.filterfw.core.ShaderProgram: void <init>(android.filterfw.core.FilterContext,java.lang.String,java.lang.String)>",
					"source":"FIELDCALLER"
				}
			],
			"keyAPIDiffClass":[
				{
					"trace":[
						"<android.filterpacks.videoproc.BackDropperFilter: void process(android.filterfw.core.FilterContext)>",
						"<android.filterfw.core.ShaderProgram: void process(android.filterfw.core.Frame[],android.filterfw.core.Frame)>",
						"key field: <android.filterfw.core.ShaderProgram: android.filterfw.core.StopWatchMap mTimer>",
						"<android.filterfw.core.ShaderProgram: void process(android.filterfw.core.Frame[],android.filterfw.core.Frame)>"
					],
					"depth":2,
					"method":"<android.filterpacks.videoproc.BackDropperFilter: void process(android.filterfw.core.FilterContext)>",
					"source":"FIELDCALLER"
				},
				{
					"trace":[
						"<android.filterfw.core.Filter: void process(android.filterfw.core.FilterContext)>",
						"<android.filterfw.core.ShaderProgram: android.filterfw.core.ShaderProgram createIdentity(android.filterfw.core.FilterContext)>",
						"<android.filterfw.core.ShaderProgram: void setTimer()>",
						"key field: <android.filterfw.core.ShaderProgram: android.filterfw.core.StopWatchMap mTimer>",
						"<android.filterfw.core.ShaderProgram: void process(android.filterfw.core.Frame[],android.filterfw.core.Frame)>"
					],
					"depth":3,
					"method":"<android.filterfw.core.Filter: void process(android.filterfw.core.FilterContext)>",
					"source":"FIELDCALLER"
				}
			],
			"callerOfSingnlar2SourceVar":{
				"<android.filterfw.core.ShaderProgram: void process(android.filterfw.core.Frame[],android.filterfw.core.Frame)>":"1"
			}
		},
		{
			"method":"<android.filterfw.core.ShaderProgram: void setHostValue(java.lang.String,java.lang.Object)>",
			"message":"\\QError setting uniform value for variable '\\E[\\s\\S]*\\Q'!\\E",
			"relatedVarType":"Parameter",
			"relatedCondType":"Basic",
			"modifier":"public",
			"type":"java.lang.RuntimeException",
			"osVersionRelated":false,
			"resourceRelated":false,
			"assessRelated":false,
			"hardwareRelated":false,
			"manifestRelated":false,
			"conditions":"$z0 != 0",
			"paramValues":"@parameter0: java.lang.String, @parameter1: java.lang.Object",
			"relatedValues":"@parameter0: java.lang.String, @parameter1: java.lang.Object; ; ",
			"keyAPISameClassNum":0,
			"keyAPIDiffClassNum":0,
			"keyAPISameClass":[
				{
					"trace":[
						"<android.filterfw.core.ShaderProgram: void setHostValue(java.lang.String,java.lang.Object)>"
					],
					"depth":0,
					"method":"<android.filterfw.core.ShaderProgram: void setHostValue(java.lang.String,java.lang.Object)>",
					"source":"CALLER"
				}
			],
			"keyAPIDiffClass":[],
			"callerOfSingnlar2SourceVar":{
				"<android.filterfw.core.ShaderProgram: void setHostValue(java.lang.String,java.lang.Object)>":"0, 1"
			}
		},
		{
			"method":"<android.filterfw.core.ShaderProgram: void setAttributeValues(java.lang.String,float[],int)>",
			"message":"\\QError setting attribute value for attribute '\\E[\\s\\S]*\\Q'!\\E",
			"relatedVarType":"Parameter",
			"relatedCondType":"Basic",
			"modifier":"public",
			"type":"java.lang.RuntimeException",
			"osVersionRelated":false,
			"resourceRelated":false,
			"assessRelated":false,
			"hardwareRelated":false,
			"manifestRelated":false,
			"conditions":"$z0 != 0",
			"paramValues":"@parameter0: java.lang.String, @parameter1: float[], @parameter2: int",
			"relatedValues":"@parameter0: java.lang.String, @parameter1: float[], @parameter2: int; ; ",
			"keyAPISameClassNum":0,
			"keyAPIDiffClassNum":0,
			"keyAPISameClass":[
				{
					"trace":[
						"<android.filterfw.core.ShaderProgram: void setAttributeValues(java.lang.String,float[],int)>"
					],
					"depth":0,
					"method":"<android.filterfw.core.ShaderProgram: void setAttributeValues(java.lang.String,float[],int)>",
					"source":"CALLER"
				}
			],
			"keyAPIDiffClass":[],
			"callerOfSingnlar2SourceVar":{
				"<android.filterfw.core.ShaderProgram: void setAttributeValues(java.lang.String,float[],int)>":"0, 1, 2"
			}
		},
		{
			"method":"<android.filterfw.core.ShaderProgram: void setAttributeValues(java.lang.String,android.filterfw.core.VertexFrame,int,int,int,int,boolean)>",
			"message":"\\QError setting attribute value for attribute '\\E[\\s\\S]*\\Q'!\\E",
			"relatedVarType":"Parameter",
			"relatedCondType":"Basic",
			"modifier":"public",
			"type":"java.lang.RuntimeException",
			"osVersionRelated":false,
			"resourceRelated":false,
			"assessRelated":false,
			"hardwareRelated":false,
			"manifestRelated":false,
			"conditions":"$z1 != 0",
			"paramValues":"@parameter0: java.lang.String, @parameter1: android.filterfw.core.VertexFrame, @parameter2: int, @parameter3: int, @parameter4: int, @parameter5: int, @parameter6: boolean",
			"relatedValues":"@parameter0: java.lang.String, @parameter1: android.filterfw.core.VertexFrame, @parameter2: int, @parameter3: int, @parameter4: int, @parameter5: int, @parameter6: boolean; ; ",
			"keyAPISameClassNum":0,
			"keyAPIDiffClassNum":0,
			"keyAPISameClass":[
				{
					"trace":[
						"<android.filterfw.core.ShaderProgram: void setAttributeValues(java.lang.String,android.filterfw.core.VertexFrame,int,int,int,int,boolean)>"
					],
					"depth":0,
					"method":"<android.filterfw.core.ShaderProgram: void setAttributeValues(java.lang.String,android.filterfw.core.VertexFrame,int,int,int,int,boolean)>",
					"source":"CALLER"
				}
			],
			"keyAPIDiffClass":[],
			"callerOfSingnlar2SourceVar":{
				"<android.filterfw.core.ShaderProgram: void setAttributeValues(java.lang.String,android.filterfw.core.VertexFrame,int,int,int,int,boolean)>":"0, 1, 2, 3, 4, 5, 6"
			}
		},
		{
			"method":"<android.filterfw.core.ShaderProgram: void setClearsOutput(boolean)>",
			"message":"\\QCould not set clears-output flag to \\E[\\s\\S]*\\Q!\\E",
			"relatedVarType":"Parameter",
			"relatedCondType":"Basic",
			"modifier":"public",
			"type":"java.lang.RuntimeException",
			"osVersionRelated":false,
			"resourceRelated":false,
			"assessRelated":false,
			"hardwareRelated":false,
			"manifestRelated":false,
			"conditions":"$z1 != 0",
			"paramValues":"@parameter0: boolean",
			"relatedValues":"@parameter0: boolean; ; ",
			"keyAPISameClassNum":0,
			"keyAPIDiffClassNum":0,
			"keyAPISameClass":[
				{
					"trace":[
						"<android.filterfw.core.ShaderProgram: void setClearsOutput(boolean)>"
					],
					"depth":0,
					"method":"<android.filterfw.core.ShaderProgram: void setClearsOutput(boolean)>",
					"source":"CALLER"
				}
			],
			"keyAPIDiffClass":[],
			"callerOfSingnlar2SourceVar":{
				"<android.filterfw.core.ShaderProgram: void setClearsOutput(boolean)>":"0"
			}
		},
		{
			"method":"<android.filterfw.core.ShaderProgram: void setClearColor(float,float,float)>",
			"message":"\\QCould not set clear color to \\E[\\s\\S]*\\Q,\\E[\\s\\S]*\\Q,\\E[\\s\\S]*\\Q!\\E",
			"relatedVarType":"Parameter",
			"relatedCondType":"Basic",
			"modifier":"public",
			"type":"java.lang.RuntimeException",
			"osVersionRelated":false,
			"resourceRelated":false,
			"assessRelated":false,
			"hardwareRelated":false,
			"manifestRelated":false,
			"conditions":"$z0 != 0",
			"paramValues":"@parameter0: float, @parameter1: float, @parameter2: float",
			"relatedValues":"@parameter0: float, @parameter1: float, @parameter2: float; ; ",
			"keyAPISameClassNum":0,
			"keyAPIDiffClassNum":0,
			"keyAPISameClass":[
				{
					"trace":[
						"<android.filterfw.core.ShaderProgram: void setClearColor(float,float,float)>"
					],
					"depth":0,
					"method":"<android.filterfw.core.ShaderProgram: void setClearColor(float,float,float)>",
					"source":"CALLER"
				}
			],
			"keyAPIDiffClass":[],
			"callerOfSingnlar2SourceVar":{
				"<android.filterfw.core.ShaderProgram: void setClearColor(float,float,float)>":"0, 1, 2"
			}
		},
		{
			"method":"<android.filterfw.core.ShaderProgram: void setBlendEnabled(boolean)>",
			"message":"\\QCould not set Blending \\E[\\s\\S]*\\Q!\\E",
			"relatedVarType":"Parameter",
			"relatedCondType":"Basic",
			"modifier":"public",
			"type":"java.lang.RuntimeException",
			"osVersionRelated":false,
			"resourceRelated":false,
			"assessRelated":false,
			"hardwareRelated":false,
			"manifestRelated":false,
			"conditions":"$z1 != 0",
			"paramValues":"@parameter0: boolean",
			"relatedValues":"@parameter0: boolean; ; ",
			"keyAPISameClassNum":0,
			"keyAPIDiffClassNum":0,
			"keyAPISameClass":[
				{
					"trace":[
						"<android.filterfw.core.ShaderProgram: void setBlendEnabled(boolean)>"
					],
					"depth":0,
					"method":"<android.filterfw.core.ShaderProgram: void setBlendEnabled(boolean)>",
					"source":"CALLER"
				}
			],
			"keyAPIDiffClass":[],
			"callerOfSingnlar2SourceVar":{
				"<android.filterfw.core.ShaderProgram: void setBlendEnabled(boolean)>":"0"
			}
		},
		{
			"method":"<android.filterfw.core.ShaderProgram: void setBlendFunc(int,int)>",
			"message":"\\QCould not set BlendFunc \\E[\\s\\S]*\\Q,\\E[\\s\\S]*\\Q!\\E",
			"relatedVarType":"Parameter",
			"relatedCondType":"Basic",
			"modifier":"public",
			"type":"java.lang.RuntimeException",
			"osVersionRelated":false,
			"resourceRelated":false,
			"assessRelated":false,
			"hardwareRelated":false,
			"manifestRelated":false,
			"conditions":"$z0 != 0",
			"paramValues":"@parameter0: int, @parameter1: int",
			"relatedValues":"@parameter0: int, @parameter1: int; ; ",
			"keyAPISameClassNum":0,
			"keyAPIDiffClassNum":0,
			"keyAPISameClass":[
				{
					"trace":[
						"<android.filterfw.core.ShaderProgram: void setBlendFunc(int,int)>"
					],
					"depth":0,
					"method":"<android.filterfw.core.ShaderProgram: void setBlendFunc(int,int)>",
					"source":"CALLER"
				}
			],
			"keyAPIDiffClass":[],
			"callerOfSingnlar2SourceVar":{
				"<android.filterfw.core.ShaderProgram: void setBlendFunc(int,int)>":"0, 1"
			}
		},
		{
			"method":"<android.filterfw.core.ShaderProgram: void setDrawMode(int)>",
			"message":"\\QCould not set GL draw-mode to \\E[\\s\\S]*\\Q!\\E",
			"relatedVarType":"Parameter",
			"relatedCondType":"Basic",
			"modifier":"public",
			"type":"java.lang.RuntimeException",
			"osVersionRelated":false,
			"resourceRelated":false,
			"assessRelated":false,
			"hardwareRelated":false,
			"manifestRelated":false,
			"conditions":"$z0 != 0",
			"paramValues":"@parameter0: int",
			"relatedValues":"@parameter0: int; ; ",
			"keyAPISameClassNum":0,
			"keyAPIDiffClassNum":0,
			"keyAPISameClass":[
				{
					"trace":[
						"<android.filterfw.core.ShaderProgram: void setDrawMode(int)>"
					],
					"depth":0,
					"method":"<android.filterfw.core.ShaderProgram: void setDrawMode(int)>",
					"source":"CALLER"
				}
			],
			"keyAPIDiffClass":[],
			"callerOfSingnlar2SourceVar":{
				"<android.filterfw.core.ShaderProgram: void setDrawMode(int)>":"0"
			}
		},
		{
			"method":"<android.filterfw.core.ShaderProgram: void setVertexCount(int)>",
			"message":"\\QCould not set GL vertex count to \\E[\\s\\S]*\\Q!\\E",
			"relatedVarType":"Parameter",
			"relatedCondType":"Basic",
			"modifier":"public",
			"type":"java.lang.RuntimeException",
			"osVersionRelated":false,
			"resourceRelated":false,
			"assessRelated":false,
			"hardwareRelated":false,
			"manifestRelated":false,
			"conditions":"$z0 != 0",
			"paramValues":"@parameter0: int",
			"relatedValues":"@parameter0: int; ; ",
			"keyAPISameClassNum":0,
			"keyAPIDiffClassNum":0,
			"keyAPISameClass":[
				{
					"trace":[
						"<android.filterfw.core.ShaderProgram: void setVertexCount(int)>"
					],
					"depth":0,
					"method":"<android.filterfw.core.ShaderProgram: void setVertexCount(int)>",
					"source":"CALLER"
				}
			],
			"keyAPIDiffClass":[],
			"callerOfSingnlar2SourceVar":{
				"<android.filterfw.core.ShaderProgram: void setVertexCount(int)>":"0"
			}
		},
		{
			"method":"<android.filterfw.core.ShaderProgram: void beginDrawing()>",
			"message":"\\QCould not prepare shader-program for drawing!\\E",
			"relatedVarType":"Unknown",
			"relatedCondType":"Basic",
			"modifier":"public",
			"type":"java.lang.RuntimeException",
			"osVersionRelated":false,
			"resourceRelated":false,
			"assessRelated":false,
			"hardwareRelated":false,
			"manifestRelated":false,
			"conditions":"$z0 != 0",
			"keyAPISameClassNum":0,
			"keyAPIDiffClassNum":0,
			"keyAPISameClass":[],
			"keyAPIDiffClass":[],
			"callerOfSingnlar2SourceVar":{}
		},
		{
			"method":"<android.filterfw.core.ShaderProgram: android.filterfw.core.GLEnvironment getGLEnvironment(android.filterfw.core.FilterContext)>",
			"message":"\\QAttempting to create ShaderProgram with no GL environment in place!\\E",
			"relatedVarType":"Parameter",
			"relatedCondType":"Basic",
			"modifier":"private",
			"type":"java.lang.NullPointerException",
			"osVersionRelated":false,
			"resourceRelated":false,
			"assessRelated":false,
			"hardwareRelated":false,
			"manifestRelated":false,
			"conditions":"$r3 != null, r0 == null",
			"paramValues":"@parameter0: android.filterfw.core.FilterContext",
			"relatedValues":"@parameter0: android.filterfw.core.FilterContext; ; ",
			"keyAPISameClassNum":0,
			"keyAPIDiffClassNum":0,
			"keyAPISameClass":[
				{
					"trace":[
						"<android.filterfw.core.ShaderProgram: android.filterfw.core.GLEnvironment getGLEnvironment(android.filterfw.core.FilterContext)>"
					],
					"depth":0,
					"method":"<android.filterfw.core.ShaderProgram: android.filterfw.core.GLEnvironment getGLEnvironment(android.filterfw.core.FilterContext)>",
					"source":"CALLER"
				},
				{
					"trace":[
						"<android.filterfw.core.ShaderProgram: void <init>(android.filterfw.core.FilterContext,java.lang.String)>",
						"<android.filterfw.core.ShaderProgram: android.filterfw.core.GLEnvironment getGLEnvironment(android.filterfw.core.FilterContext)>"
					],
					"depth":1,
					"method":"<android.filterfw.core.ShaderProgram: void <init>(android.filterfw.core.FilterContext,java.lang.String)>",
					"source":"CALLER"
				},
				{
					"trace":[
						"<android.filterfw.core.ShaderProgram: android.filterfw.core.ShaderProgram createIdentity(android.filterfw.core.FilterContext)>",
						"<android.filterfw.core.ShaderProgram: android.filterfw.core.GLEnvironment getGLEnvironment(android.filterfw.core.FilterContext)>"
					],
					"depth":1,
					"method":"<android.filterfw.core.ShaderProgram: android.filterfw.core.ShaderProgram createIdentity(android.filterfw.core.FilterContext)>",
					"source":"CALLER"
				},
				{
					"trace":[
						"<android.filterfw.core.ShaderProgram: void <init>(android.filterfw.core.FilterContext,java.lang.String,java.lang.String)>",
						"<android.filterfw.core.ShaderProgram: android.filterfw.core.GLEnvironment getGLEnvironment(android.filterfw.core.FilterContext)>"
					],
					"depth":1,
					"method":"<android.filterfw.core.ShaderProgram: void <init>(android.filterfw.core.FilterContext,java.lang.String,java.lang.String)>",
					"source":"CALLER"
				}
			],
			"keyAPIDiffClass":[
				{
					"trace":[
						"<android.filterfw.core.Filter: void process(android.filterfw.core.FilterContext)>",
						"<android.filterfw.core.ShaderProgram: android.filterfw.core.ShaderProgram createIdentity(android.filterfw.core.FilterContext)>",
						"<android.filterfw.core.ShaderProgram: android.filterfw.core.GLEnvironment getGLEnvironment(android.filterfw.core.FilterContext)>"
					],
					"depth":2,
					"method":"<android.filterfw.core.Filter: void process(android.filterfw.core.FilterContext)>",
					"source":"CALLER"
				}
			],
			"callerOfSingnlar2SourceVar":{
				"<android.filterpacks.imageproc.LomoishFilter: void initProgram(android.filterfw.core.FilterContext,int)>":"0",
				"<android.filterpacks.imageproc.FisheyeFilter: void initProgram(android.filterfw.core.FilterContext,int)>":"0",
				"<android.filterpacks.imageproc.DocumentaryFilter: void initProgram(android.filterfw.core.FilterContext,int)>":"0",
				"<android.filterpacks.imageproc.SharpenFilter: void initProgram(android.filterfw.core.FilterContext,int)>":"0",
				"<android.filterpacks.imageproc.ColorTemperatureFilter: void initProgram(android.filterfw.core.FilterContext,int)>":"0",
				"<android.filterpacks.imageproc.RotateFilter: void initProgram(android.filterfw.core.FilterContext,int)>":"0",
				"<android.filterpacks.imageproc.CropRectFilter: void process(android.filterfw.core.FilterContext)>":"0",
				"<android.filterpacks.imageproc.DuotoneFilter: void process(android.filterfw.core.FilterContext)>":"0",
				"<android.filterpacks.imageproc.GrainFilter: void initProgram(android.filterfw.core.FilterContext,int)>":"0",
				"<android.filterpacks.ui.SurfaceTargetFilter: void prepare(android.filterfw.core.FilterContext)>":"0",
				"<android.filterpacks.imageproc.RotateFilter: void process(android.filterfw.core.FilterContext)>":"0",
				"<android.filterpacks.imageproc.TintFilter: void process(android.filterfw.core.FilterContext)>":"0",
				"<android.filterpacks.imageproc.Invert: android.filterfw.core.Program getShaderProgram(android.filterfw.core.FilterContext)>":"0",
				"<android.filterpacks.imageproc.StraightenFilter: void initProgram(android.filterfw.core.FilterContext,int)>":"0",
				"<android.filterpacks.imageproc.FlipFilter: void process(android.filterfw.core.FilterContext)>":"0",
				"<android.filterpacks.imageproc.BitmapOverlayFilter: void process(android.filterfw.core.FilterContext)>":"0",
				"<android.filterpacks.imageproc.DuotoneFilter: void initProgram(android.filterfw.core.FilterContext,int)>":"0",
				"<android.filterpacks.imageproc.VignetteFilter: void process(android.filterfw.core.FilterContext)>":"0",
				"<android.filterpacks.imageproc.CropFilter: void createProgram(android.filterfw.core.FilterContext,android.filterfw.core.FrameFormat)>":"0",
				"<android.filterpacks.ui.SurfaceRenderFilter: void prepare(android.filterfw.core.FilterContext)>":"0",
				"<android.filterfw.core.ShaderProgram: void <init>(android.filterfw.core.FilterContext,java.lang.String)>":"0",
				"<android.filterpacks.imageproc.AlphaBlendFilter: android.filterfw.core.Program getShaderProgram(android.filterfw.core.FilterContext)>":"0",
				"<android.filterpacks.imageproc.AutoFixFilter: void initProgram(android.filterfw.core.FilterContext,int)>":"0",
				"<android.filterpacks.imageproc.FixedRotationFilter: void process(android.filterfw.core.FilterContext)>":"0",
				"<android.filterpacks.imageproc.PosterizeFilter: void initProgram(android.filterfw.core.FilterContext,int)>":"0",
				"<android.filterpacks.imageproc.FillLightFilter: void initProgram(android.filterfw.core.FilterContext,int)>":"0",
				"<android.filterpacks.videosrc.CameraSource: void prepare(android.filterfw.core.FilterContext)>":"0",
				"<android.filterpacks.imageproc.SharpenFilter: void process(android.filterfw.core.FilterContext)>":"0",
				"<android.filterpacks.imageproc.PosterizeFilter: void process(android.filterfw.core.FilterContext)>":"0",
				"<android.filterpacks.imageproc.SaturateFilter: void process(android.filterfw.core.FilterContext)>":"0",
				"<android.filterpacks.imageproc.SepiaFilter: void initProgram(android.filterfw.core.FilterContext,int)>":"0",
				"<android.filterpacks.imageproc.FlipFilter: void initProgram(android.filterfw.core.FilterContext,int)>":"0",
				"<android.filterpacks.imageproc.SepiaFilter: void process(android.filterfw.core.FilterContext)>":"0",
				"<android.filterpacks.imageproc.DocumentaryFilter: void process(android.filterfw.core.FilterContext)>":"0",
				"<android.filterpacks.imageproc.LomoishFilter: void process(android.filterfw.core.FilterContext)>":"0",
				"<android.filterpacks.videosrc.MediaSource: void prepare(android.filterfw.core.FilterContext)>":"0",
				"<android.filterpacks.imageproc.BitmapOverlayFilter: void initProgram(android.filterfw.core.FilterContext,int)>":"0",
				"<android.filterpacks.imageproc.RedEyeFilter: void initProgram(android.filterfw.core.FilterContext,int)>":"0",
				"<android.filterpacks.imageproc.VignetteFilter: void initProgram(android.filterfw.core.FilterContext,int)>":"0",
				"<android.filterpacks.imageproc.CropFilter: void process(android.filterfw.core.FilterContext)>":"0",
				"<android.filterpacks.videoproc.BackDropperFilter: void process(android.filterfw.core.FilterContext)>":"0",
				"<android.filterpacks.imageproc.TintFilter: void initProgram(android.filterfw.core.FilterContext,int)>":"0",
				"<android.filterpacks.imageproc.ImageStitcher: void process(android.filterfw.core.FilterContext)>":"0",
				"<android.filterpacks.imageproc.BlendFilter: android.filterfw.core.Program getShaderProgram(android.filterfw.core.FilterContext)>":"0",
				"<android.filterpacks.imageproc.ResizeFilter: void process(android.filterfw.core.FilterContext)>":"0",
				"<android.filterpacks.imageproc.NegativeFilter: void process(android.filterfw.core.FilterContext)>":"0",
				"<android.filterpacks.imageproc.CrossProcessFilter: void process(android.filterfw.core.FilterContext)>":"0",
				"<android.filterpacks.imageproc.FillLightFilter: void process(android.filterfw.core.FilterContext)>":"0",
				"<android.filterpacks.imageproc.CropRectFilter: void initProgram(android.filterfw.core.FilterContext,int)>":"0",
				"<android.filterpacks.imageproc.CrossProcessFilter: void initProgram(android.filterfw.core.FilterContext,int)>":"0",
				"<android.filterpacks.videoproc.BackDropperFilter: void allocateFrames(android.filterfw.core.FrameFormat,android.filterfw.core.FilterContext)>":"1",
				"<android.filterpacks.imageproc.SaturateFilter: void initProgram(android.filterfw.core.FilterContext,int)>":"0",
				"<android.filterpacks.imageproc.GrainFilter: void process(android.filterfw.core.FilterContext)>":"0",
				"<android.filterpacks.imageproc.ToPackedGrayFilter: void prepare(android.filterfw.core.FilterContext)>":"0",
				"<android.filterpacks.videosink.MediaEncoderFilter: void prepare(android.filterfw.core.FilterContext)>":"0",
				"<android.filterpacks.videosrc.SurfaceTextureSource: void prepare(android.filterfw.core.FilterContext)>":"0",
				"<android.filterpacks.imageproc.DrawOverlayFilter: void prepare(android.filterfw.core.FilterContext)>":"0",
				"<android.filterfw.core.ShaderProgram: android.filterfw.core.GLEnvironment getGLEnvironment(android.filterfw.core.FilterContext)>":"0",
				"<android.filterpacks.imageproc.FisheyeFilter: void process(android.filterfw.core.FilterContext)>":"0",
				"<android.filterpacks.imageproc.RedEyeFilter: void process(android.filterfw.core.FilterContext)>":"0",
				"<android.filterpacks.imageproc.ImageSlicer: void process(android.filterfw.core.FilterContext)>":"0",
				"<android.filterpacks.imageproc.ColorTemperatureFilter: void process(android.filterfw.core.FilterContext)>":"0",
				"<android.filterfw.core.ShaderProgram: void <init>(android.filterfw.core.FilterContext,java.lang.String,java.lang.String)>":"0",
				"<android.filterpacks.imageproc.NegativeFilter: void initProgram(android.filterfw.core.FilterContext,int)>":"0",
				"<android.filterpacks.imageproc.BlackWhiteFilter: void initProgram(android.filterfw.core.FilterContext,int)>":"0",
				"<android.filterpacks.videosrc.SurfaceTextureTarget: void prepare(android.filterfw.core.FilterContext)>":"0",
				"<android.filterpacks.imageproc.ToGrayFilter: android.filterfw.core.Program getShaderProgram(android.filterfw.core.FilterContext)>":"0",
				"<android.filterfw.core.ShaderProgram: android.filterfw.core.ShaderProgram createIdentity(android.filterfw.core.FilterContext)>":"0",
				"<android.filterpacks.imageproc.StraightenFilter: void process(android.filterfw.core.FilterContext)>":"0",
				"<android.filterpacks.imageproc.DrawRectFilter: void prepare(android.filterfw.core.FilterContext)>":"0",
				"<android.filterpacks.videoproc.BackDropperFilter: void prepare(android.filterfw.core.FilterContext)>":"0",
				"<android.filterpacks.imageproc.BlackWhiteFilter: void process(android.filterfw.core.FilterContext)>":"0",
				"<android.filterpacks.imageproc.ResizeFilter: void createProgram(android.filterfw.core.FilterContext,android.filterfw.core.FrameFormat)>":"0",
				"<android.filterpacks.imageproc.ContrastFilter: android.filterfw.core.Program getShaderProgram(android.filterfw.core.FilterContext)>":"0",
				"<android.filterpacks.imageproc.BrightnessFilter: android.filterfw.core.Program getShaderProgram(android.filterfw.core.FilterContext)>":"0",
				"<android.filterpacks.imageproc.AutoFixFilter: void process(android.filterfw.core.FilterContext)>":"0"
			}
		}
	]
}