{
	"exceptions":[
		{
			"method":"<android.hardware.camera2.legacy.CaptureCollector: boolean queueRequest(android.hardware.camera2.legacy.RequestHolder,android.hardware.camera2.legacy.LegacyRequest,long,java.util.concurrent.TimeUnit)>",
			"message":"\\QRequest must target at least one output surface!\\E",
			"relatedVarType":"Parameter",
			"relatedCondType":"Basic",
			"modifier":"public",
			"type":"java.lang.IllegalStateException",
			"osVersionRelated":false,
			"resourceRelated":false,
			"assessRelated":false,
			"hardwareRelated":true,
			"manifestRelated":false,
			"conditions":"$z8 != 0, $z0 != 0",
			"paramValues":"@parameter0: android.hardware.camera2.legacy.RequestHolder, @parameter1: android.hardware.camera2.legacy.LegacyRequest",
			"relatedValues":"@parameter0: android.hardware.camera2.legacy.RequestHolder, @parameter1: android.hardware.camera2.legacy.LegacyRequest; ; ",
			"keyAPISameClassNum":0,
			"keyAPIDiffClassNum":0,
			"keyAPISameClass":[
				{
					"trace":[
						"<android.hardware.camera2.legacy.CaptureCollector: boolean queueRequest(android.hardware.camera2.legacy.RequestHolder,android.hardware.camera2.legacy.LegacyRequest,long,java.util.concurrent.TimeUnit)>"
					],
					"depth":0,
					"method":"<android.hardware.camera2.legacy.CaptureCollector: boolean queueRequest(android.hardware.camera2.legacy.RequestHolder,android.hardware.camera2.legacy.LegacyRequest,long,java.util.concurrent.TimeUnit)>",
					"source":"CALLER"
				}
			],
			"keyAPIDiffClass":[],
			"callerOfSingnlar2SourceVar":{
				"<android.hardware.camera2.legacy.CaptureCollector: boolean queueRequest(android.hardware.camera2.legacy.RequestHolder,android.hardware.camera2.legacy.LegacyRequest,long,java.util.concurrent.TimeUnit)>":"0, 1"
			}
		},
		{
			"method":"<android.hardware.camera2.legacy.CaptureCollector: void onPreviewCompleted()>",
			"message":"\\QMore preview captures completed than requests queued.\\E",
			"relatedVarType":"Field",
			"relatedCondType":"Basic",
			"modifier":"private",
			"type":"java.lang.IllegalStateException",
			"osVersionRelated":false,
			"resourceRelated":false,
			"assessRelated":false,
			"hardwareRelated":true,
			"manifestRelated":false,
			"conditions":"$i2 >= 0",
			"fieldValues":"<android.hardware.camera2.legacy.CaptureCollector: int mInFlightPreviews>",
			"relatedValues":"; <android.hardware.camera2.legacy.CaptureCollector: int mInFlightPreviews>; ",
			"keyAPISameClassNum":9,
			"keyAPIDiffClassNum":31,
			"keyAPISameClass":[
				{
					"trace":[
						"<android.hardware.camera2.legacy.CaptureCollector: void onPreviewCompleted()>"
					],
					"depth":1,
					"method":"<android.hardware.camera2.legacy.CaptureCollector: void <init>(int,android.hardware.camera2.legacy.CameraDeviceState)>",
					"source":"FIELD"
				},
				{
					"trace":[
						"<android.hardware.camera2.legacy.CaptureCollector: void onPreviewCompleted()>"
					],
					"depth":1,
					"method":"<android.hardware.camera2.legacy.CaptureCollector: boolean queueRequest(android.hardware.camera2.legacy.RequestHolder,android.hardware.camera2.legacy.LegacyRequest,long,java.util.concurrent.TimeUnit)>",
					"source":"FIELD"
				},
				{
					"trace":[
						"<android.hardware.camera2.legacy.CaptureCollector: void failAll()>",
						"<android.hardware.camera2.legacy.CaptureCollector$CaptureHolder: void setPreviewFailed()>",
						"<android.hardware.camera2.legacy.CaptureCollector$CaptureHolder: void tryComplete()>",
						"<android.hardware.camera2.legacy.CaptureCollector: void access$000(android.hardware.camera2.legacy.CaptureCollector)>",
						"<android.hardware.camera2.legacy.CaptureCollector: void onPreviewCompleted()>",
						"key field: <android.hardware.camera2.legacy.CaptureCollector: int mInFlightPreviews>",
						"<android.hardware.camera2.legacy.CaptureCollector: void onPreviewCompleted()>"
					],
					"depth":5,
					"method":"<android.hardware.camera2.legacy.CaptureCollector: void failAll()>",
					"source":"FIELDCALLER"
				},
				{
					"trace":[
						"<android.hardware.camera2.legacy.CaptureCollector: void failNextPreview()>",
						"<android.hardware.camera2.legacy.CaptureCollector$CaptureHolder: void setPreviewFailed()>",
						"<android.hardware.camera2.legacy.CaptureCollector$CaptureHolder: void tryComplete()>",
						"<android.hardware.camera2.legacy.CaptureCollector: void access$000(android.hardware.camera2.legacy.CaptureCollector)>",
						"<android.hardware.camera2.legacy.CaptureCollector: void onPreviewCompleted()>",
						"key field: <android.hardware.camera2.legacy.CaptureCollector: int mInFlightPreviews>",
						"<android.hardware.camera2.legacy.CaptureCollector: void onPreviewCompleted()>"
					],
					"depth":5,
					"method":"<android.hardware.camera2.legacy.CaptureCollector: void failNextPreview()>",
					"source":"FIELDCALLER"
				},
				{
					"trace":[
						"<android.hardware.camera2.legacy.CaptureCollector: android.hardware.camera2.legacy.RequestHolder previewProduced()>",
						"<android.hardware.camera2.legacy.CaptureCollector$CaptureHolder: void setPreviewProduced()>",
						"<android.hardware.camera2.legacy.CaptureCollector$CaptureHolder: void tryComplete()>",
						"<android.hardware.camera2.legacy.CaptureCollector: void access$000(android.hardware.camera2.legacy.CaptureCollector)>",
						"<android.hardware.camera2.legacy.CaptureCollector: void onPreviewCompleted()>",
						"key field: <android.hardware.camera2.legacy.CaptureCollector: int mInFlightPreviews>",
						"<android.hardware.camera2.legacy.CaptureCollector: void onPreviewCompleted()>"
					],
					"depth":5,
					"method":"<android.hardware.camera2.legacy.CaptureCollector: android.hardware.camera2.legacy.RequestHolder previewProduced()>",
					"source":"FIELDCALLER"
				},
				{
					"trace":[
						"<android.hardware.camera2.legacy.CaptureCollector: android.util.Pair previewCaptured(long)>",
						"<android.hardware.camera2.legacy.CaptureCollector$CaptureHolder: void setPreviewTimestamp(long)>",
						"<android.hardware.camera2.legacy.CaptureCollector$CaptureHolder: void tryComplete()>",
						"<android.hardware.camera2.legacy.CaptureCollector: void access$000(android.hardware.camera2.legacy.CaptureCollector)>",
						"<android.hardware.camera2.legacy.CaptureCollector: void onPreviewCompleted()>",
						"key field: <android.hardware.camera2.legacy.CaptureCollector: int mInFlightPreviews>",
						"<android.hardware.camera2.legacy.CaptureCollector: void onPreviewCompleted()>"
					],
					"depth":5,
					"method":"<android.hardware.camera2.legacy.CaptureCollector: android.util.Pair previewCaptured(long)>",
					"source":"FIELDCALLER"
				},
				{
					"trace":[
						"<android.hardware.camera2.legacy.CaptureCollector: android.util.Pair jpegProduced()>",
						"<android.hardware.camera2.legacy.CaptureCollector$CaptureHolder: void setJpegProduced()>",
						"<android.hardware.camera2.legacy.CaptureCollector$CaptureHolder: void tryComplete()>",
						"<android.hardware.camera2.legacy.CaptureCollector: void access$000(android.hardware.camera2.legacy.CaptureCollector)>",
						"<android.hardware.camera2.legacy.CaptureCollector: void onPreviewCompleted()>",
						"key field: <android.hardware.camera2.legacy.CaptureCollector: int mInFlightPreviews>",
						"<android.hardware.camera2.legacy.CaptureCollector: void onPreviewCompleted()>"
					],
					"depth":5,
					"method":"<android.hardware.camera2.legacy.CaptureCollector: android.util.Pair jpegProduced()>",
					"source":"FIELDCALLER"
				},
				{
					"trace":[
						"<android.hardware.camera2.legacy.CaptureCollector: android.hardware.camera2.legacy.RequestHolder jpegCaptured(long)>",
						"<android.hardware.camera2.legacy.CaptureCollector$CaptureHolder: void setJpegTimestamp(long)>",
						"<android.hardware.camera2.legacy.CaptureCollector$CaptureHolder: void tryComplete()>",
						"<android.hardware.camera2.legacy.CaptureCollector: void access$000(android.hardware.camera2.legacy.CaptureCollector)>",
						"<android.hardware.camera2.legacy.CaptureCollector: void onPreviewCompleted()>",
						"key field: <android.hardware.camera2.legacy.CaptureCollector: int mInFlightPreviews>",
						"<android.hardware.camera2.legacy.CaptureCollector: void onPreviewCompleted()>"
					],
					"depth":5,
					"method":"<android.hardware.camera2.legacy.CaptureCollector: android.hardware.camera2.legacy.RequestHolder jpegCaptured(long)>",
					"source":"FIELDCALLER"
				},
				{
					"trace":[
						"<android.hardware.camera2.legacy.CaptureCollector: void failNextJpeg()>",
						"<android.hardware.camera2.legacy.CaptureCollector$CaptureHolder: void setJpegFailed()>",
						"<android.hardware.camera2.legacy.CaptureCollector$CaptureHolder: void tryComplete()>",
						"<android.hardware.camera2.legacy.CaptureCollector: void access$000(android.hardware.camera2.legacy.CaptureCollector)>",
						"<android.hardware.camera2.legacy.CaptureCollector: void onPreviewCompleted()>",
						"key field: <android.hardware.camera2.legacy.CaptureCollector: int mInFlightPreviews>",
						"<android.hardware.camera2.legacy.CaptureCollector: void onPreviewCompleted()>"
					],
					"depth":5,
					"method":"<android.hardware.camera2.legacy.CaptureCollector: void failNextJpeg()>",
					"source":"FIELDCALLER"
				}
			],
			"keyAPIDiffClass":[
				{
					"trace":[
						"<android.hardware.camera2.legacy.RequestThreadManager: void <init>(int,android.hardware.Camera,android.hardware.camera2.CameraCharacteristics,android.hardware.camera2.legacy.CameraDeviceState)>",
						"<android.hardware.camera2.legacy.CaptureCollector: void <init>(int,android.hardware.camera2.legacy.CameraDeviceState)>",
						"key field: <android.hardware.camera2.legacy.CaptureCollector: int mInFlightPreviews>",
						"<android.hardware.camera2.legacy.CaptureCollector: void onPreviewCompleted()>"
					],
					"depth":2,
					"method":"<android.hardware.camera2.legacy.RequestThreadManager: void <init>(int,android.hardware.Camera,android.hardware.camera2.CameraCharacteristics,android.hardware.camera2.legacy.CameraDeviceState)>",
					"source":"FIELDCALLER"
				},
				{
					"trace":[
						"<android.hardware.camera2.legacy.RequestThreadManager$5: boolean handleMessage(android.os.Message)>",
						"<android.hardware.camera2.legacy.CaptureCollector: boolean queueRequest(android.hardware.camera2.legacy.RequestHolder,android.hardware.camera2.legacy.LegacyRequest,long,java.util.concurrent.TimeUnit)>",
						"key field: <android.hardware.camera2.legacy.CaptureCollector: int mInFlightPreviews>",
						"<android.hardware.camera2.legacy.CaptureCollector: void onPreviewCompleted()>"
					],
					"depth":2,
					"method":"<android.hardware.camera2.legacy.RequestThreadManager$5: boolean handleMessage(android.os.Message)>",
					"source":"FIELDCALLER"
				},
				{
					"trace":[
						"<android.os.Handler$Callback: boolean handleMessage(android.os.Message)>",
						"<android.hardware.camera2.legacy.CaptureCollector: boolean queueRequest(android.hardware.camera2.legacy.RequestHolder,android.hardware.camera2.legacy.LegacyRequest,long,java.util.concurrent.TimeUnit)>",
						"key field: <android.hardware.camera2.legacy.CaptureCollector: int mInFlightPreviews>",
						"<android.hardware.camera2.legacy.CaptureCollector: void onPreviewCompleted()>"
					],
					"depth":2,
					"method":"<android.os.Handler$Callback: boolean handleMessage(android.os.Message)>",
					"source":"FIELDCALLER"
				},
				{
					"trace":[
						"<android.hardware.camera2.legacy.LegacyCameraDevice: void <init>(int,android.hardware.Camera,android.hardware.camera2.CameraCharacteristics,android.hardware.camera2.ICameraDeviceCallbacks)>",
						"<android.hardware.camera2.legacy.RequestThreadManager: void <init>(int,android.hardware.Camera,android.hardware.camera2.CameraCharacteristics,android.hardware.camera2.legacy.CameraDeviceState)>",
						"<android.hardware.camera2.legacy.CaptureCollector: void <init>(int,android.hardware.camera2.legacy.CameraDeviceState)>",
						"key field: <android.hardware.camera2.legacy.CaptureCollector: int mInFlightPreviews>",
						"<android.hardware.camera2.legacy.CaptureCollector: void onPreviewCompleted()>"
					],
					"depth":3,
					"method":"<android.hardware.camera2.legacy.LegacyCameraDevice: void <init>(int,android.hardware.Camera,android.hardware.camera2.CameraCharacteristics,android.hardware.camera2.ICameraDeviceCallbacks)>",
					"source":"FIELDCALLER"
				},
				{
					"trace":[
						"<android.hardware.camera2.legacy.CaptureCollector$CaptureHolder: void tryComplete()>",
						"<android.hardware.camera2.legacy.CaptureCollector: void access$000(android.hardware.camera2.legacy.CaptureCollector)>",
						"<android.hardware.camera2.legacy.CaptureCollector: void onPreviewCompleted()>",
						"key field: <android.hardware.camera2.legacy.CaptureCollector: int mInFlightPreviews>",
						"<android.hardware.camera2.legacy.CaptureCollector: void onPreviewCompleted()>"
					],
					"depth":3,
					"method":"<android.hardware.camera2.legacy.CaptureCollector$CaptureHolder: void tryComplete()>",
					"source":"FIELDCALLER"
				},
				{
					"trace":[
						"<android.hardware.camera2.legacy.CameraDeviceUserShim: android.hardware.camera2.legacy.CameraDeviceUserShim connectBinderShim(android.hardware.camera2.ICameraDeviceCallbacks,int)>",
						"<android.hardware.camera2.legacy.LegacyCameraDevice: void <init>(int,android.hardware.Camera,android.hardware.camera2.CameraCharacteristics,android.hardware.camera2.ICameraDeviceCallbacks)>",
						"<android.hardware.camera2.legacy.RequestThreadManager: void <init>(int,android.hardware.Camera,android.hardware.camera2.CameraCharacteristics,android.hardware.camera2.legacy.CameraDeviceState)>",
						"<android.hardware.camera2.legacy.CaptureCollector: void <init>(int,android.hardware.camera2.legacy.CameraDeviceState)>",
						"key field: <android.hardware.camera2.legacy.CaptureCollector: int mInFlightPreviews>",
						"<android.hardware.camera2.legacy.CaptureCollector: void onPreviewCompleted()>"
					],
					"depth":4,
					"method":"<android.hardware.camera2.legacy.CameraDeviceUserShim: android.hardware.camera2.legacy.CameraDeviceUserShim connectBinderShim(android.hardware.camera2.ICameraDeviceCallbacks,int)>",
					"source":"FIELDCALLER"
				},
				{
					"trace":[
						"<android.hardware.camera2.legacy.CaptureCollector$CaptureHolder: void setPreviewFailed()>",
						"<android.hardware.camera2.legacy.CaptureCollector$CaptureHolder: void tryComplete()>",
						"<android.hardware.camera2.legacy.CaptureCollector: void access$000(android.hardware.camera2.legacy.CaptureCollector)>",
						"<android.hardware.camera2.legacy.CaptureCollector: void onPreviewCompleted()>",
						"key field: <android.hardware.camera2.legacy.CaptureCollector: int mInFlightPreviews>",
						"<android.hardware.camera2.legacy.CaptureCollector: void onPreviewCompleted()>"
					],
					"depth":4,
					"method":"<android.hardware.camera2.legacy.CaptureCollector$CaptureHolder: void setPreviewFailed()>",
					"source":"FIELDCALLER"
				},
				{
					"trace":[
						"<android.hardware.camera2.legacy.CaptureCollector$CaptureHolder: void setPreviewProduced()>",
						"<android.hardware.camera2.legacy.CaptureCollector$CaptureHolder: void tryComplete()>",
						"<android.hardware.camera2.legacy.CaptureCollector: void access$000(android.hardware.camera2.legacy.CaptureCollector)>",
						"<android.hardware.camera2.legacy.CaptureCollector: void onPreviewCompleted()>",
						"key field: <android.hardware.camera2.legacy.CaptureCollector: int mInFlightPreviews>",
						"<android.hardware.camera2.legacy.CaptureCollector: void onPreviewCompleted()>"
					],
					"depth":4,
					"method":"<android.hardware.camera2.legacy.CaptureCollector$CaptureHolder: void setPreviewProduced()>",
					"source":"FIELDCALLER"
				},
				{
					"trace":[
						"<android.hardware.camera2.legacy.CaptureCollector$CaptureHolder: void setPreviewTimestamp(long)>",
						"<android.hardware.camera2.legacy.CaptureCollector$CaptureHolder: void tryComplete()>",
						"<android.hardware.camera2.legacy.CaptureCollector: void access$000(android.hardware.camera2.legacy.CaptureCollector)>",
						"<android.hardware.camera2.legacy.CaptureCollector: void onPreviewCompleted()>",
						"key field: <android.hardware.camera2.legacy.CaptureCollector: int mInFlightPreviews>",
						"<android.hardware.camera2.legacy.CaptureCollector: void onPreviewCompleted()>"
					],
					"depth":4,
					"method":"<android.hardware.camera2.legacy.CaptureCollector$CaptureHolder: void setPreviewTimestamp(long)>",
					"source":"FIELDCALLER"
				},
				{
					"trace":[
						"<android.hardware.camera2.legacy.CaptureCollector$CaptureHolder: void setJpegProduced()>",
						"<android.hardware.camera2.legacy.CaptureCollector$CaptureHolder: void tryComplete()>",
						"<android.hardware.camera2.legacy.CaptureCollector: void access$000(android.hardware.camera2.legacy.CaptureCollector)>",
						"<android.hardware.camera2.legacy.CaptureCollector: void onPreviewCompleted()>",
						"key field: <android.hardware.camera2.legacy.CaptureCollector: int mInFlightPreviews>",
						"<android.hardware.camera2.legacy.CaptureCollector: void onPreviewCompleted()>"
					],
					"depth":4,
					"method":"<android.hardware.camera2.legacy.CaptureCollector$CaptureHolder: void setJpegProduced()>",
					"source":"FIELDCALLER"
				},
				{
					"trace":[
						"<android.hardware.camera2.legacy.CaptureCollector$CaptureHolder: void setJpegTimestamp(long)>",
						"<android.hardware.camera2.legacy.CaptureCollector$CaptureHolder: void tryComplete()>",
						"<android.hardware.camera2.legacy.CaptureCollector: void access$000(android.hardware.camera2.legacy.CaptureCollector)>",
						"<android.hardware.camera2.legacy.CaptureCollector: void onPreviewCompleted()>",
						"key field: <android.hardware.camera2.legacy.CaptureCollector: int mInFlightPreviews>",
						"<android.hardware.camera2.legacy.CaptureCollector: void onPreviewCompleted()>"
					],
					"depth":4,
					"method":"<android.hardware.camera2.legacy.CaptureCollector$CaptureHolder: void setJpegTimestamp(long)>",
					"source":"FIELDCALLER"
				},
				{
					"trace":[
						"<android.hardware.camera2.legacy.CaptureCollector$CaptureHolder: void setJpegFailed()>",
						"<android.hardware.camera2.legacy.CaptureCollector$CaptureHolder: void tryComplete()>",
						"<android.hardware.camera2.legacy.CaptureCollector: void access$000(android.hardware.camera2.legacy.CaptureCollector)>",
						"<android.hardware.camera2.legacy.CaptureCollector: void onPreviewCompleted()>",
						"key field: <android.hardware.camera2.legacy.CaptureCollector: int mInFlightPreviews>",
						"<android.hardware.camera2.legacy.CaptureCollector: void onPreviewCompleted()>"
					],
					"depth":4,
					"method":"<android.hardware.camera2.legacy.CaptureCollector$CaptureHolder: void setJpegFailed()>",
					"source":"FIELDCALLER"
				},
				{
					"trace":[
						"<android.hardware.camera2.CameraManager: void openCamera(java.lang.String,android.hardware.camera2.CameraDevice$StateCallback,android.os.Handler)>",
						"<android.hardware.camera2.CameraManager: android.hardware.camera2.CameraDevice openCameraDeviceUserAsync(java.lang.String,android.hardware.camera2.CameraDevice$StateCallback,android.os.Handler)>",
						"<android.hardware.camera2.legacy.CameraDeviceUserShim: android.hardware.camera2.legacy.CameraDeviceUserShim connectBinderShim(android.hardware.camera2.ICameraDeviceCallbacks,int)>",
						"<android.hardware.camera2.legacy.LegacyCameraDevice: void <init>(int,android.hardware.Camera,android.hardware.camera2.CameraCharacteristics,android.hardware.camera2.ICameraDeviceCallbacks)>",
						"<android.hardware.camera2.legacy.RequestThreadManager: void <init>(int,android.hardware.Camera,android.hardware.camera2.CameraCharacteristics,android.hardware.camera2.legacy.CameraDeviceState)>",
						"<android.hardware.camera2.legacy.CaptureCollector: void <init>(int,android.hardware.camera2.legacy.CameraDeviceState)>",
						"key field: <android.hardware.camera2.legacy.CaptureCollector: int mInFlightPreviews>",
						"<android.hardware.camera2.legacy.CaptureCollector: void onPreviewCompleted()>"
					],
					"depth":6,
					"method":"<android.hardware.camera2.CameraManager: void openCamera(java.lang.String,android.hardware.camera2.CameraDevice$StateCallback,android.os.Handler)>",
					"source":"FIELDCALLER"
				},
				{
					"trace":[
						"<android.hardware.camera2.legacy.RequestThreadManager: long flush()>",
						"<android.hardware.camera2.legacy.CaptureCollector: void failAll()>",
						"<android.hardware.camera2.legacy.CaptureCollector$CaptureHolder: void setPreviewFailed()>",
						"<android.hardware.camera2.legacy.CaptureCollector$CaptureHolder: void tryComplete()>",
						"<android.hardware.camera2.legacy.CaptureCollector: void access$000(android.hardware.camera2.legacy.CaptureCollector)>",
						"<android.hardware.camera2.legacy.CaptureCollector: void onPreviewCompleted()>",
						"key field: <android.hardware.camera2.legacy.CaptureCollector: int mInFlightPreviews>",
						"<android.hardware.camera2.legacy.CaptureCollector: void onPreviewCompleted()>"
					],
					"depth":6,
					"method":"<android.hardware.camera2.legacy.RequestThreadManager: long flush()>",
					"source":"FIELDCALLER"
				},
				{
					"trace":[
						"<android.hardware.camera2.legacy.SurfaceTextureRenderer: void drawIntoSurfaces(android.hardware.camera2.legacy.CaptureCollector)>",
						"<android.hardware.camera2.legacy.CaptureCollector: android.hardware.camera2.legacy.RequestHolder previewProduced()>",
						"<android.hardware.camera2.legacy.CaptureCollector$CaptureHolder: void setPreviewProduced()>",
						"<android.hardware.camera2.legacy.CaptureCollector$CaptureHolder: void tryComplete()>",
						"<android.hardware.camera2.legacy.CaptureCollector: void access$000(android.hardware.camera2.legacy.CaptureCollector)>",
						"<android.hardware.camera2.legacy.CaptureCollector: void onPreviewCompleted()>",
						"key field: <android.hardware.camera2.legacy.CaptureCollector: int mInFlightPreviews>",
						"<android.hardware.camera2.legacy.CaptureCollector: void onPreviewCompleted()>"
					],
					"depth":6,
					"method":"<android.hardware.camera2.legacy.SurfaceTextureRenderer: void drawIntoSurfaces(android.hardware.camera2.legacy.CaptureCollector)>",
					"source":"FIELDCALLER"
				},
				{
					"trace":[
						"<android.hardware.camera2.legacy.RequestThreadManager$2: void onPictureTaken(byte[],android.hardware.Camera)>",
						"<android.hardware.camera2.legacy.CaptureCollector: android.util.Pair jpegProduced()>",
						"<android.hardware.camera2.legacy.CaptureCollector$CaptureHolder: void setJpegProduced()>",
						"<android.hardware.camera2.legacy.CaptureCollector$CaptureHolder: void tryComplete()>",
						"<android.hardware.camera2.legacy.CaptureCollector: void access$000(android.hardware.camera2.legacy.CaptureCollector)>",
						"<android.hardware.camera2.legacy.CaptureCollector: void onPreviewCompleted()>",
						"key field: <android.hardware.camera2.legacy.CaptureCollector: int mInFlightPreviews>",
						"<android.hardware.camera2.legacy.CaptureCollector: void onPreviewCompleted()>"
					],
					"depth":6,
					"method":"<android.hardware.camera2.legacy.RequestThreadManager$2: void onPictureTaken(byte[],android.hardware.Camera)>",
					"source":"FIELDCALLER"
				},
				{
					"trace":[
						"<android.hardware.Camera$PictureCallback: void onPictureTaken(byte[],android.hardware.Camera)>",
						"<android.hardware.camera2.legacy.CaptureCollector: android.util.Pair jpegProduced()>",
						"<android.hardware.camera2.legacy.CaptureCollector$CaptureHolder: void setJpegProduced()>",
						"<android.hardware.camera2.legacy.CaptureCollector$CaptureHolder: void tryComplete()>",
						"<android.hardware.camera2.legacy.CaptureCollector: void access$000(android.hardware.camera2.legacy.CaptureCollector)>",
						"<android.hardware.camera2.legacy.CaptureCollector: void onPreviewCompleted()>",
						"key field: <android.hardware.camera2.legacy.CaptureCollector: int mInFlightPreviews>",
						"<android.hardware.camera2.legacy.CaptureCollector: void onPreviewCompleted()>"
					],
					"depth":6,
					"method":"<android.hardware.Camera$PictureCallback: void onPictureTaken(byte[],android.hardware.Camera)>",
					"source":"FIELDCALLER"
				},
				{
					"trace":[
						"<android.hardware.camera2.legacy.RequestThreadManager$3: void onShutter()>",
						"<android.hardware.camera2.legacy.CaptureCollector: android.hardware.camera2.legacy.RequestHolder jpegCaptured(long)>",
						"<android.hardware.camera2.legacy.CaptureCollector$CaptureHolder: void setJpegTimestamp(long)>",
						"<android.hardware.camera2.legacy.CaptureCollector$CaptureHolder: void tryComplete()>",
						"<android.hardware.camera2.legacy.CaptureCollector: void access$000(android.hardware.camera2.legacy.CaptureCollector)>",
						"<android.hardware.camera2.legacy.CaptureCollector: void onPreviewCompleted()>",
						"key field: <android.hardware.camera2.legacy.CaptureCollector: int mInFlightPreviews>",
						"<android.hardware.camera2.legacy.CaptureCollector: void onPreviewCompleted()>"
					],
					"depth":6,
					"method":"<android.hardware.camera2.legacy.RequestThreadManager$3: void onShutter()>",
					"source":"FIELDCALLER"
				},
				{
					"trace":[
						"<android.hardware.Camera$ShutterCallback: void onShutter()>",
						"<android.hardware.camera2.legacy.CaptureCollector: android.hardware.camera2.legacy.RequestHolder jpegCaptured(long)>",
						"<android.hardware.camera2.legacy.CaptureCollector$CaptureHolder: void setJpegTimestamp(long)>",
						"<android.hardware.camera2.legacy.CaptureCollector$CaptureHolder: void tryComplete()>",
						"<android.hardware.camera2.legacy.CaptureCollector: void access$000(android.hardware.camera2.legacy.CaptureCollector)>",
						"<android.hardware.camera2.legacy.CaptureCollector: void onPreviewCompleted()>",
						"key field: <android.hardware.camera2.legacy.CaptureCollector: int mInFlightPreviews>",
						"<android.hardware.camera2.legacy.CaptureCollector: void onPreviewCompleted()>"
					],
					"depth":6,
					"method":"<android.hardware.Camera$ShutterCallback: void onShutter()>",
					"source":"FIELDCALLER"
				},
				{
					"trace":[
						"<android.hardware.camera2.legacy.RequestThreadManager$1: void onError(int,android.hardware.Camera)>",
						"<android.hardware.camera2.legacy.RequestThreadManager: long flush()>",
						"<android.hardware.camera2.legacy.CaptureCollector: void failAll()>",
						"<android.hardware.camera2.legacy.CaptureCollector$CaptureHolder: void setPreviewFailed()>",
						"<android.hardware.camera2.legacy.CaptureCollector$CaptureHolder: void tryComplete()>",
						"<android.hardware.camera2.legacy.CaptureCollector: void access$000(android.hardware.camera2.legacy.CaptureCollector)>",
						"<android.hardware.camera2.legacy.CaptureCollector: void onPreviewCompleted()>",
						"key field: <android.hardware.camera2.legacy.CaptureCollector: int mInFlightPreviews>",
						"<android.hardware.camera2.legacy.CaptureCollector: void onPreviewCompleted()>"
					],
					"depth":7,
					"method":"<android.hardware.camera2.legacy.RequestThreadManager$1: void onError(int,android.hardware.Camera)>",
					"source":"FIELDCALLER"
				},
				{
					"trace":[
						"<android.hardware.Camera$ErrorCallback: void onError(int,android.hardware.Camera)>",
						"<android.hardware.camera2.legacy.RequestThreadManager: long flush()>",
						"<android.hardware.camera2.legacy.CaptureCollector: void failAll()>",
						"<android.hardware.camera2.legacy.CaptureCollector$CaptureHolder: void setPreviewFailed()>",
						"<android.hardware.camera2.legacy.CaptureCollector$CaptureHolder: void tryComplete()>",
						"<android.hardware.camera2.legacy.CaptureCollector: void access$000(android.hardware.camera2.legacy.CaptureCollector)>",
						"<android.hardware.camera2.legacy.CaptureCollector: void onPreviewCompleted()>",
						"key field: <android.hardware.camera2.legacy.CaptureCollector: int mInFlightPreviews>",
						"<android.hardware.camera2.legacy.CaptureCollector: void onPreviewCompleted()>"
					],
					"depth":7,
					"method":"<android.hardware.Camera$ErrorCallback: void onError(int,android.hardware.Camera)>",
					"source":"FIELDCALLER"
				},
				{
					"trace":[
						"<android.hardware.camera2.legacy.LegacyCameraDevice: long flush()>",
						"<android.hardware.camera2.legacy.RequestThreadManager: long flush()>",
						"<android.hardware.camera2.legacy.CaptureCollector: void failAll()>",
						"<android.hardware.camera2.legacy.CaptureCollector$CaptureHolder: void setPreviewFailed()>",
						"<android.hardware.camera2.legacy.CaptureCollector$CaptureHolder: void tryComplete()>",
						"<android.hardware.camera2.legacy.CaptureCollector: void access$000(android.hardware.camera2.legacy.CaptureCollector)>",
						"<android.hardware.camera2.legacy.CaptureCollector: void onPreviewCompleted()>",
						"key field: <android.hardware.camera2.legacy.CaptureCollector: int mInFlightPreviews>",
						"<android.hardware.camera2.legacy.CaptureCollector: void onPreviewCompleted()>"
					],
					"depth":7,
					"method":"<android.hardware.camera2.legacy.LegacyCameraDevice: long flush()>",
					"source":"FIELDCALLER"
				},
				{
					"trace":[
						"<android.hardware.camera2.legacy.GLThreadManager$1: boolean handleMessage(android.os.Message)>",
						"<android.hardware.camera2.legacy.SurfaceTextureRenderer: void drawIntoSurfaces(android.hardware.camera2.legacy.CaptureCollector)>",
						"<android.hardware.camera2.legacy.CaptureCollector: android.hardware.camera2.legacy.RequestHolder previewProduced()>",
						"<android.hardware.camera2.legacy.CaptureCollector$CaptureHolder: void setPreviewProduced()>",
						"<android.hardware.camera2.legacy.CaptureCollector$CaptureHolder: void tryComplete()>",
						"<android.hardware.camera2.legacy.CaptureCollector: void access$000(android.hardware.camera2.legacy.CaptureCollector)>",
						"<android.hardware.camera2.legacy.CaptureCollector: void onPreviewCompleted()>",
						"key field: <android.hardware.camera2.legacy.CaptureCollector: int mInFlightPreviews>",
						"<android.hardware.camera2.legacy.CaptureCollector: void onPreviewCompleted()>"
					],
					"depth":7,
					"method":"<android.hardware.camera2.legacy.GLThreadManager$1: boolean handleMessage(android.os.Message)>",
					"source":"FIELDCALLER"
				},
				{
					"trace":[
						"<android.hardware.Camera$EventHandler: void handleMessage(android.os.Message)>",
						"<android.hardware.camera2.legacy.RequestThreadManager$1: void onError(int,android.hardware.Camera)>",
						"<android.hardware.camera2.legacy.RequestThreadManager: long flush()>",
						"<android.hardware.camera2.legacy.CaptureCollector: void failAll()>",
						"<android.hardware.camera2.legacy.CaptureCollector$CaptureHolder: void setPreviewFailed()>",
						"<android.hardware.camera2.legacy.CaptureCollector$CaptureHolder: void tryComplete()>",
						"<android.hardware.camera2.legacy.CaptureCollector: void access$000(android.hardware.camera2.legacy.CaptureCollector)>",
						"<android.hardware.camera2.legacy.CaptureCollector: void onPreviewCompleted()>",
						"key field: <android.hardware.camera2.legacy.CaptureCollector: int mInFlightPreviews>",
						"<android.hardware.camera2.legacy.CaptureCollector: void onPreviewCompleted()>"
					],
					"depth":8,
					"method":"<android.hardware.Camera$EventHandler: void handleMessage(android.os.Message)>",
					"source":"FIELDCALLER"
				},
				{
					"trace":[
						"<android.hardware.camera2.legacy.CameraDeviceUserShim: int flush(android.hardware.camera2.utils.LongParcelable)>",
						"<android.hardware.camera2.legacy.LegacyCameraDevice: long flush()>",
						"<android.hardware.camera2.legacy.RequestThreadManager: long flush()>",
						"<android.hardware.camera2.legacy.CaptureCollector: void failAll()>",
						"<android.hardware.camera2.legacy.CaptureCollector$CaptureHolder: void setPreviewFailed()>",
						"<android.hardware.camera2.legacy.CaptureCollector$CaptureHolder: void tryComplete()>",
						"<android.hardware.camera2.legacy.CaptureCollector: void access$000(android.hardware.camera2.legacy.CaptureCollector)>",
						"<android.hardware.camera2.legacy.CaptureCollector: void onPreviewCompleted()>",
						"key field: <android.hardware.camera2.legacy.CaptureCollector: int mInFlightPreviews>",
						"<android.hardware.camera2.legacy.CaptureCollector: void onPreviewCompleted()>"
					],
					"depth":8,
					"method":"<android.hardware.camera2.legacy.CameraDeviceUserShim: int flush(android.hardware.camera2.utils.LongParcelable)>",
					"source":"FIELDCALLER"
				},
				{
					"trace":[
						"<android.hardware.camera2.ICameraDeviceUser: int flush(android.hardware.camera2.utils.LongParcelable)>",
						"<android.hardware.camera2.legacy.LegacyCameraDevice: long flush()>",
						"<android.hardware.camera2.legacy.RequestThreadManager: long flush()>",
						"<android.hardware.camera2.legacy.CaptureCollector: void failAll()>",
						"<android.hardware.camera2.legacy.CaptureCollector$CaptureHolder: void setPreviewFailed()>",
						"<android.hardware.camera2.legacy.CaptureCollector$CaptureHolder: void tryComplete()>",
						"<android.hardware.camera2.legacy.CaptureCollector: void access$000(android.hardware.camera2.legacy.CaptureCollector)>",
						"<android.hardware.camera2.legacy.CaptureCollector: void onPreviewCompleted()>",
						"key field: <android.hardware.camera2.legacy.CaptureCollector: int mInFlightPreviews>",
						"<android.hardware.camera2.legacy.CaptureCollector: void onPreviewCompleted()>"
					],
					"depth":8,
					"method":"<android.hardware.camera2.ICameraDeviceUser: int flush(android.hardware.camera2.utils.LongParcelable)>",
					"source":"FIELDCALLER"
				},
				{
					"trace":[
						"<android.hardware.camera2.legacy.RequestHandlerThread: void waitUntilIdle()>",
						"<android.hardware.Camera$EventHandler: void handleMessage(android.os.Message)>",
						"<android.hardware.camera2.legacy.RequestThreadManager$2: void onPictureTaken(byte[],android.hardware.Camera)>",
						"<android.hardware.camera2.legacy.CaptureCollector: android.util.Pair jpegProduced()>",
						"<android.hardware.camera2.legacy.CaptureCollector$CaptureHolder: void setJpegProduced()>",
						"<android.hardware.camera2.legacy.CaptureCollector$CaptureHolder: void tryComplete()>",
						"<android.hardware.camera2.legacy.CaptureCollector: void access$000(android.hardware.camera2.legacy.CaptureCollector)>",
						"<android.hardware.camera2.legacy.CaptureCollector: void onPreviewCompleted()>",
						"key field: <android.hardware.camera2.legacy.CaptureCollector: int mInFlightPreviews>",
						"<android.hardware.camera2.legacy.CaptureCollector: void onPreviewCompleted()>"
					],
					"depth":8,
					"method":"<android.hardware.camera2.legacy.RequestHandlerThread: void waitUntilIdle()>",
					"source":"FIELDCALLER"
				},
				{
					"trace":[
						"<android.hardware.camera2.legacy.GLThreadManager: void allowNewFrames()>",
						"<android.hardware.Camera$EventHandler: void handleMessage(android.os.Message)>",
						"<android.hardware.camera2.legacy.RequestThreadManager$2: void onPictureTaken(byte[],android.hardware.Camera)>",
						"<android.hardware.camera2.legacy.CaptureCollector: android.util.Pair jpegProduced()>",
						"<android.hardware.camera2.legacy.CaptureCollector$CaptureHolder: void setJpegProduced()>",
						"<android.hardware.camera2.legacy.CaptureCollector$CaptureHolder: void tryComplete()>",
						"<android.hardware.camera2.legacy.CaptureCollector: void access$000(android.hardware.camera2.legacy.CaptureCollector)>",
						"<android.hardware.camera2.legacy.CaptureCollector: void onPreviewCompleted()>",
						"key field: <android.hardware.camera2.legacy.CaptureCollector: int mInFlightPreviews>",
						"<android.hardware.camera2.legacy.CaptureCollector: void onPreviewCompleted()>"
					],
					"depth":8,
					"method":"<android.hardware.camera2.legacy.GLThreadManager: void allowNewFrames()>",
					"source":"FIELDCALLER"
				},
				{
					"trace":[
						"<android.hardware.camera2.legacy.GLThreadManager: void ignoreNewFrames()>",
						"<android.hardware.Camera$EventHandler: void handleMessage(android.os.Message)>",
						"<android.hardware.camera2.legacy.RequestThreadManager$2: void onPictureTaken(byte[],android.hardware.Camera)>",
						"<android.hardware.camera2.legacy.CaptureCollector: android.util.Pair jpegProduced()>",
						"<android.hardware.camera2.legacy.CaptureCollector$CaptureHolder: void setJpegProduced()>",
						"<android.hardware.camera2.legacy.CaptureCollector$CaptureHolder: void tryComplete()>",
						"<android.hardware.camera2.legacy.CaptureCollector: void access$000(android.hardware.camera2.legacy.CaptureCollector)>",
						"<android.hardware.camera2.legacy.CaptureCollector: void onPreviewCompleted()>",
						"key field: <android.hardware.camera2.legacy.CaptureCollector: int mInFlightPreviews>",
						"<android.hardware.camera2.legacy.CaptureCollector: void onPreviewCompleted()>"
					],
					"depth":8,
					"method":"<android.hardware.camera2.legacy.GLThreadManager: void ignoreNewFrames()>",
					"source":"FIELDCALLER"
				},
				{
					"trace":[
						"<android.hardware.camera2.legacy.GLThreadManager: void quit()>",
						"<android.hardware.Camera$EventHandler: void handleMessage(android.os.Message)>",
						"<android.hardware.camera2.legacy.RequestThreadManager$2: void onPictureTaken(byte[],android.hardware.Camera)>",
						"<android.hardware.camera2.legacy.CaptureCollector: android.util.Pair jpegProduced()>",
						"<android.hardware.camera2.legacy.CaptureCollector$CaptureHolder: void setJpegProduced()>",
						"<android.hardware.camera2.legacy.CaptureCollector$CaptureHolder: void tryComplete()>",
						"<android.hardware.camera2.legacy.CaptureCollector: void access$000(android.hardware.camera2.legacy.CaptureCollector)>",
						"<android.hardware.camera2.legacy.CaptureCollector: void onPreviewCompleted()>",
						"key field: <android.hardware.camera2.legacy.CaptureCollector: int mInFlightPreviews>",
						"<android.hardware.camera2.legacy.CaptureCollector: void onPreviewCompleted()>"
					],
					"depth":8,
					"method":"<android.hardware.camera2.legacy.GLThreadManager: void quit()>",
					"source":"FIELDCALLER"
				},
				{
					"trace":[
						"<android.widget.Filter$RequestHandler: void handleMessage(android.os.Message)>",
						"<android.hardware.Camera$EventHandler: void handleMessage(android.os.Message)>",
						"<android.hardware.camera2.legacy.RequestThreadManager$2: void onPictureTaken(byte[],android.hardware.Camera)>",
						"<android.hardware.camera2.legacy.CaptureCollector: android.util.Pair jpegProduced()>",
						"<android.hardware.camera2.legacy.CaptureCollector$CaptureHolder: void setJpegProduced()>",
						"<android.hardware.camera2.legacy.CaptureCollector$CaptureHolder: void tryComplete()>",
						"<android.hardware.camera2.legacy.CaptureCollector: void access$000(android.hardware.camera2.legacy.CaptureCollector)>",
						"<android.hardware.camera2.legacy.CaptureCollector: void onPreviewCompleted()>",
						"key field: <android.hardware.camera2.legacy.CaptureCollector: int mInFlightPreviews>",
						"<android.hardware.camera2.legacy.CaptureCollector: void onPreviewCompleted()>"
					],
					"depth":8,
					"method":"<android.widget.Filter$RequestHandler: void handleMessage(android.os.Message)>",
					"source":"FIELDCALLER"
				}
			],
			"callerOfSingnlar2SourceVar":{}
		},
		{
			"method":"<android.hardware.camera2.legacy.CaptureCollector: void onRequestCompleted(android.hardware.camera2.legacy.CaptureCollector$CaptureHolder)>",
			"message":"\\QMore captures completed than requests queued.\\E",
			"relatedVarType":"Field",
			"relatedCondType":"Basic",
			"modifier":"private",
			"type":"java.lang.IllegalStateException",
			"osVersionRelated":false,
			"resourceRelated":false,
			"assessRelated":false,
			"hardwareRelated":true,
			"manifestRelated":false,
			"conditions":"$i2 >= 0",
			"fieldValues":"<android.hardware.camera2.legacy.CaptureCollector: int mInFlight>",
			"relatedValues":"; <android.hardware.camera2.legacy.CaptureCollector: int mInFlight>; ",
			"keyAPISameClassNum":9,
			"keyAPIDiffClassNum":31,
			"keyAPISameClass":[
				{
					"trace":[
						"<android.hardware.camera2.legacy.CaptureCollector: void onRequestCompleted(android.hardware.camera2.legacy.CaptureCollector$CaptureHolder)>"
					],
					"depth":1,
					"method":"<android.hardware.camera2.legacy.CaptureCollector: void <init>(int,android.hardware.camera2.legacy.CameraDeviceState)>",
					"source":"FIELD"
				},
				{
					"trace":[
						"<android.hardware.camera2.legacy.CaptureCollector: void onRequestCompleted(android.hardware.camera2.legacy.CaptureCollector$CaptureHolder)>"
					],
					"depth":1,
					"method":"<android.hardware.camera2.legacy.CaptureCollector: boolean queueRequest(android.hardware.camera2.legacy.RequestHolder,android.hardware.camera2.legacy.LegacyRequest,long,java.util.concurrent.TimeUnit)>",
					"source":"FIELD"
				},
				{
					"trace":[
						"<android.hardware.camera2.legacy.CaptureCollector: void failAll()>",
						"<android.hardware.camera2.legacy.CaptureCollector$CaptureHolder: void setPreviewFailed()>",
						"<android.hardware.camera2.legacy.CaptureCollector$CaptureHolder: void tryComplete()>",
						"<android.hardware.camera2.legacy.CaptureCollector: void access$200(android.hardware.camera2.legacy.CaptureCollector,android.hardware.camera2.legacy.CaptureCollector$CaptureHolder)>",
						"<android.hardware.camera2.legacy.CaptureCollector: void onRequestCompleted(android.hardware.camera2.legacy.CaptureCollector$CaptureHolder)>",
						"key field: <android.hardware.camera2.legacy.CaptureCollector: int mInFlight>",
						"<android.hardware.camera2.legacy.CaptureCollector: void onRequestCompleted(android.hardware.camera2.legacy.CaptureCollector$CaptureHolder)>"
					],
					"depth":5,
					"method":"<android.hardware.camera2.legacy.CaptureCollector: void failAll()>",
					"source":"FIELDCALLER"
				},
				{
					"trace":[
						"<android.hardware.camera2.legacy.CaptureCollector: void failNextPreview()>",
						"<android.hardware.camera2.legacy.CaptureCollector$CaptureHolder: void setPreviewFailed()>",
						"<android.hardware.camera2.legacy.CaptureCollector$CaptureHolder: void tryComplete()>",
						"<android.hardware.camera2.legacy.CaptureCollector: void access$200(android.hardware.camera2.legacy.CaptureCollector,android.hardware.camera2.legacy.CaptureCollector$CaptureHolder)>",
						"<android.hardware.camera2.legacy.CaptureCollector: void onRequestCompleted(android.hardware.camera2.legacy.CaptureCollector$CaptureHolder)>",
						"key field: <android.hardware.camera2.legacy.CaptureCollector: int mInFlight>",
						"<android.hardware.camera2.legacy.CaptureCollector: void onRequestCompleted(android.hardware.camera2.legacy.CaptureCollector$CaptureHolder)>"
					],
					"depth":5,
					"method":"<android.hardware.camera2.legacy.CaptureCollector: void failNextPreview()>",
					"source":"FIELDCALLER"
				},
				{
					"trace":[
						"<android.hardware.camera2.legacy.CaptureCollector: android.hardware.camera2.legacy.RequestHolder previewProduced()>",
						"<android.hardware.camera2.legacy.CaptureCollector$CaptureHolder: void setPreviewProduced()>",
						"<android.hardware.camera2.legacy.CaptureCollector$CaptureHolder: void tryComplete()>",
						"<android.hardware.camera2.legacy.CaptureCollector: void access$200(android.hardware.camera2.legacy.CaptureCollector,android.hardware.camera2.legacy.CaptureCollector$CaptureHolder)>",
						"<android.hardware.camera2.legacy.CaptureCollector: void onRequestCompleted(android.hardware.camera2.legacy.CaptureCollector$CaptureHolder)>",
						"key field: <android.hardware.camera2.legacy.CaptureCollector: int mInFlight>",
						"<android.hardware.camera2.legacy.CaptureCollector: void onRequestCompleted(android.hardware.camera2.legacy.CaptureCollector$CaptureHolder)>"
					],
					"depth":5,
					"method":"<android.hardware.camera2.legacy.CaptureCollector: android.hardware.camera2.legacy.RequestHolder previewProduced()>",
					"source":"FIELDCALLER"
				},
				{
					"trace":[
						"<android.hardware.camera2.legacy.CaptureCollector: android.util.Pair previewCaptured(long)>",
						"<android.hardware.camera2.legacy.CaptureCollector$CaptureHolder: void setPreviewTimestamp(long)>",
						"<android.hardware.camera2.legacy.CaptureCollector$CaptureHolder: void tryComplete()>",
						"<android.hardware.camera2.legacy.CaptureCollector: void access$200(android.hardware.camera2.legacy.CaptureCollector,android.hardware.camera2.legacy.CaptureCollector$CaptureHolder)>",
						"<android.hardware.camera2.legacy.CaptureCollector: void onRequestCompleted(android.hardware.camera2.legacy.CaptureCollector$CaptureHolder)>",
						"key field: <android.hardware.camera2.legacy.CaptureCollector: int mInFlight>",
						"<android.hardware.camera2.legacy.CaptureCollector: void onRequestCompleted(android.hardware.camera2.legacy.CaptureCollector$CaptureHolder)>"
					],
					"depth":5,
					"method":"<android.hardware.camera2.legacy.CaptureCollector: android.util.Pair previewCaptured(long)>",
					"source":"FIELDCALLER"
				},
				{
					"trace":[
						"<android.hardware.camera2.legacy.CaptureCollector: android.util.Pair jpegProduced()>",
						"<android.hardware.camera2.legacy.CaptureCollector$CaptureHolder: void setJpegProduced()>",
						"<android.hardware.camera2.legacy.CaptureCollector$CaptureHolder: void tryComplete()>",
						"<android.hardware.camera2.legacy.CaptureCollector: void access$200(android.hardware.camera2.legacy.CaptureCollector,android.hardware.camera2.legacy.CaptureCollector$CaptureHolder)>",
						"<android.hardware.camera2.legacy.CaptureCollector: void onRequestCompleted(android.hardware.camera2.legacy.CaptureCollector$CaptureHolder)>",
						"key field: <android.hardware.camera2.legacy.CaptureCollector: int mInFlight>",
						"<android.hardware.camera2.legacy.CaptureCollector: void onRequestCompleted(android.hardware.camera2.legacy.CaptureCollector$CaptureHolder)>"
					],
					"depth":5,
					"method":"<android.hardware.camera2.legacy.CaptureCollector: android.util.Pair jpegProduced()>",
					"source":"FIELDCALLER"
				},
				{
					"trace":[
						"<android.hardware.camera2.legacy.CaptureCollector: android.hardware.camera2.legacy.RequestHolder jpegCaptured(long)>",
						"<android.hardware.camera2.legacy.CaptureCollector$CaptureHolder: void setJpegTimestamp(long)>",
						"<android.hardware.camera2.legacy.CaptureCollector$CaptureHolder: void tryComplete()>",
						"<android.hardware.camera2.legacy.CaptureCollector: void access$200(android.hardware.camera2.legacy.CaptureCollector,android.hardware.camera2.legacy.CaptureCollector$CaptureHolder)>",
						"<android.hardware.camera2.legacy.CaptureCollector: void onRequestCompleted(android.hardware.camera2.legacy.CaptureCollector$CaptureHolder)>",
						"key field: <android.hardware.camera2.legacy.CaptureCollector: int mInFlight>",
						"<android.hardware.camera2.legacy.CaptureCollector: void onRequestCompleted(android.hardware.camera2.legacy.CaptureCollector$CaptureHolder)>"
					],
					"depth":5,
					"method":"<android.hardware.camera2.legacy.CaptureCollector: android.hardware.camera2.legacy.RequestHolder jpegCaptured(long)>",
					"source":"FIELDCALLER"
				},
				{
					"trace":[
						"<android.hardware.camera2.legacy.CaptureCollector: void failNextJpeg()>",
						"<android.hardware.camera2.legacy.CaptureCollector$CaptureHolder: void setJpegFailed()>",
						"<android.hardware.camera2.legacy.CaptureCollector$CaptureHolder: void tryComplete()>",
						"<android.hardware.camera2.legacy.CaptureCollector: void access$200(android.hardware.camera2.legacy.CaptureCollector,android.hardware.camera2.legacy.CaptureCollector$CaptureHolder)>",
						"<android.hardware.camera2.legacy.CaptureCollector: void onRequestCompleted(android.hardware.camera2.legacy.CaptureCollector$CaptureHolder)>",
						"key field: <android.hardware.camera2.legacy.CaptureCollector: int mInFlight>",
						"<android.hardware.camera2.legacy.CaptureCollector: void onRequestCompleted(android.hardware.camera2.legacy.CaptureCollector$CaptureHolder)>"
					],
					"depth":5,
					"method":"<android.hardware.camera2.legacy.CaptureCollector: void failNextJpeg()>",
					"source":"FIELDCALLER"
				}
			],
			"keyAPIDiffClass":[
				{
					"trace":[
						"<android.hardware.camera2.legacy.RequestThreadManager: void <init>(int,android.hardware.Camera,android.hardware.camera2.CameraCharacteristics,android.hardware.camera2.legacy.CameraDeviceState)>",
						"<android.hardware.camera2.legacy.CaptureCollector: void <init>(int,android.hardware.camera2.legacy.CameraDeviceState)>",
						"key field: <android.hardware.camera2.legacy.CaptureCollector: int mInFlight>",
						"<android.hardware.camera2.legacy.CaptureCollector: void onRequestCompleted(android.hardware.camera2.legacy.CaptureCollector$CaptureHolder)>"
					],
					"depth":2,
					"method":"<android.hardware.camera2.legacy.RequestThreadManager: void <init>(int,android.hardware.Camera,android.hardware.camera2.CameraCharacteristics,android.hardware.camera2.legacy.CameraDeviceState)>",
					"source":"FIELDCALLER"
				},
				{
					"trace":[
						"<android.hardware.camera2.legacy.RequestThreadManager$5: boolean handleMessage(android.os.Message)>",
						"<android.hardware.camera2.legacy.CaptureCollector: boolean queueRequest(android.hardware.camera2.legacy.RequestHolder,android.hardware.camera2.legacy.LegacyRequest,long,java.util.concurrent.TimeUnit)>",
						"key field: <android.hardware.camera2.legacy.CaptureCollector: int mInFlight>",
						"<android.hardware.camera2.legacy.CaptureCollector: void onRequestCompleted(android.hardware.camera2.legacy.CaptureCollector$CaptureHolder)>"
					],
					"depth":2,
					"method":"<android.hardware.camera2.legacy.RequestThreadManager$5: boolean handleMessage(android.os.Message)>",
					"source":"FIELDCALLER"
				},
				{
					"trace":[
						"<android.os.Handler$Callback: boolean handleMessage(android.os.Message)>",
						"<android.hardware.camera2.legacy.CaptureCollector: boolean queueRequest(android.hardware.camera2.legacy.RequestHolder,android.hardware.camera2.legacy.LegacyRequest,long,java.util.concurrent.TimeUnit)>",
						"key field: <android.hardware.camera2.legacy.CaptureCollector: int mInFlight>",
						"<android.hardware.camera2.legacy.CaptureCollector: void onRequestCompleted(android.hardware.camera2.legacy.CaptureCollector$CaptureHolder)>"
					],
					"depth":2,
					"method":"<android.os.Handler$Callback: boolean handleMessage(android.os.Message)>",
					"source":"FIELDCALLER"
				},
				{
					"trace":[
						"<android.hardware.camera2.legacy.LegacyCameraDevice: void <init>(int,android.hardware.Camera,android.hardware.camera2.CameraCharacteristics,android.hardware.camera2.ICameraDeviceCallbacks)>",
						"<android.hardware.camera2.legacy.RequestThreadManager: void <init>(int,android.hardware.Camera,android.hardware.camera2.CameraCharacteristics,android.hardware.camera2.legacy.CameraDeviceState)>",
						"<android.hardware.camera2.legacy.CaptureCollector: void <init>(int,android.hardware.camera2.legacy.CameraDeviceState)>",
						"key field: <android.hardware.camera2.legacy.CaptureCollector: int mInFlight>",
						"<android.hardware.camera2.legacy.CaptureCollector: void onRequestCompleted(android.hardware.camera2.legacy.CaptureCollector$CaptureHolder)>"
					],
					"depth":3,
					"method":"<android.hardware.camera2.legacy.LegacyCameraDevice: void <init>(int,android.hardware.Camera,android.hardware.camera2.CameraCharacteristics,android.hardware.camera2.ICameraDeviceCallbacks)>",
					"source":"FIELDCALLER"
				},
				{
					"trace":[
						"<android.hardware.camera2.legacy.CaptureCollector$CaptureHolder: void tryComplete()>",
						"<android.hardware.camera2.legacy.CaptureCollector: void access$200(android.hardware.camera2.legacy.CaptureCollector,android.hardware.camera2.legacy.CaptureCollector$CaptureHolder)>",
						"<android.hardware.camera2.legacy.CaptureCollector: void onRequestCompleted(android.hardware.camera2.legacy.CaptureCollector$CaptureHolder)>",
						"key field: <android.hardware.camera2.legacy.CaptureCollector: int mInFlight>",
						"<android.hardware.camera2.legacy.CaptureCollector: void onRequestCompleted(android.hardware.camera2.legacy.CaptureCollector$CaptureHolder)>"
					],
					"depth":3,
					"method":"<android.hardware.camera2.legacy.CaptureCollector$CaptureHolder: void tryComplete()>",
					"source":"FIELDCALLER"
				},
				{
					"trace":[
						"<android.hardware.camera2.legacy.CameraDeviceUserShim: android.hardware.camera2.legacy.CameraDeviceUserShim connectBinderShim(android.hardware.camera2.ICameraDeviceCallbacks,int)>",
						"<android.hardware.camera2.legacy.LegacyCameraDevice: void <init>(int,android.hardware.Camera,android.hardware.camera2.CameraCharacteristics,android.hardware.camera2.ICameraDeviceCallbacks)>",
						"<android.hardware.camera2.legacy.RequestThreadManager: void <init>(int,android.hardware.Camera,android.hardware.camera2.CameraCharacteristics,android.hardware.camera2.legacy.CameraDeviceState)>",
						"<android.hardware.camera2.legacy.CaptureCollector: void <init>(int,android.hardware.camera2.legacy.CameraDeviceState)>",
						"key field: <android.hardware.camera2.legacy.CaptureCollector: int mInFlight>",
						"<android.hardware.camera2.legacy.CaptureCollector: void onRequestCompleted(android.hardware.camera2.legacy.CaptureCollector$CaptureHolder)>"
					],
					"depth":4,
					"method":"<android.hardware.camera2.legacy.CameraDeviceUserShim: android.hardware.camera2.legacy.CameraDeviceUserShim connectBinderShim(android.hardware.camera2.ICameraDeviceCallbacks,int)>",
					"source":"FIELDCALLER"
				},
				{
					"trace":[
						"<android.hardware.camera2.legacy.CaptureCollector$CaptureHolder: void setPreviewFailed()>",
						"<android.hardware.camera2.legacy.CaptureCollector$CaptureHolder: void tryComplete()>",
						"<android.hardware.camera2.legacy.CaptureCollector: void access$200(android.hardware.camera2.legacy.CaptureCollector,android.hardware.camera2.legacy.CaptureCollector$CaptureHolder)>",
						"<android.hardware.camera2.legacy.CaptureCollector: void onRequestCompleted(android.hardware.camera2.legacy.CaptureCollector$CaptureHolder)>",
						"key field: <android.hardware.camera2.legacy.CaptureCollector: int mInFlight>",
						"<android.hardware.camera2.legacy.CaptureCollector: void onRequestCompleted(android.hardware.camera2.legacy.CaptureCollector$CaptureHolder)>"
					],
					"depth":4,
					"method":"<android.hardware.camera2.legacy.CaptureCollector$CaptureHolder: void setPreviewFailed()>",
					"source":"FIELDCALLER"
				},
				{
					"trace":[
						"<android.hardware.camera2.legacy.CaptureCollector$CaptureHolder: void setPreviewProduced()>",
						"<android.hardware.camera2.legacy.CaptureCollector$CaptureHolder: void tryComplete()>",
						"<android.hardware.camera2.legacy.CaptureCollector: void access$200(android.hardware.camera2.legacy.CaptureCollector,android.hardware.camera2.legacy.CaptureCollector$CaptureHolder)>",
						"<android.hardware.camera2.legacy.CaptureCollector: void onRequestCompleted(android.hardware.camera2.legacy.CaptureCollector$CaptureHolder)>",
						"key field: <android.hardware.camera2.legacy.CaptureCollector: int mInFlight>",
						"<android.hardware.camera2.legacy.CaptureCollector: void onRequestCompleted(android.hardware.camera2.legacy.CaptureCollector$CaptureHolder)>"
					],
					"depth":4,
					"method":"<android.hardware.camera2.legacy.CaptureCollector$CaptureHolder: void setPreviewProduced()>",
					"source":"FIELDCALLER"
				},
				{
					"trace":[
						"<android.hardware.camera2.legacy.CaptureCollector$CaptureHolder: void setPreviewTimestamp(long)>",
						"<android.hardware.camera2.legacy.CaptureCollector$CaptureHolder: void tryComplete()>",
						"<android.hardware.camera2.legacy.CaptureCollector: void access$200(android.hardware.camera2.legacy.CaptureCollector,android.hardware.camera2.legacy.CaptureCollector$CaptureHolder)>",
						"<android.hardware.camera2.legacy.CaptureCollector: void onRequestCompleted(android.hardware.camera2.legacy.CaptureCollector$CaptureHolder)>",
						"key field: <android.hardware.camera2.legacy.CaptureCollector: int mInFlight>",
						"<android.hardware.camera2.legacy.CaptureCollector: void onRequestCompleted(android.hardware.camera2.legacy.CaptureCollector$CaptureHolder)>"
					],
					"depth":4,
					"method":"<android.hardware.camera2.legacy.CaptureCollector$CaptureHolder: void setPreviewTimestamp(long)>",
					"source":"FIELDCALLER"
				},
				{
					"trace":[
						"<android.hardware.camera2.legacy.CaptureCollector$CaptureHolder: void setJpegProduced()>",
						"<android.hardware.camera2.legacy.CaptureCollector$CaptureHolder: void tryComplete()>",
						"<android.hardware.camera2.legacy.CaptureCollector: void access$200(android.hardware.camera2.legacy.CaptureCollector,android.hardware.camera2.legacy.CaptureCollector$CaptureHolder)>",
						"<android.hardware.camera2.legacy.CaptureCollector: void onRequestCompleted(android.hardware.camera2.legacy.CaptureCollector$CaptureHolder)>",
						"key field: <android.hardware.camera2.legacy.CaptureCollector: int mInFlight>",
						"<android.hardware.camera2.legacy.CaptureCollector: void onRequestCompleted(android.hardware.camera2.legacy.CaptureCollector$CaptureHolder)>"
					],
					"depth":4,
					"method":"<android.hardware.camera2.legacy.CaptureCollector$CaptureHolder: void setJpegProduced()>",
					"source":"FIELDCALLER"
				},
				{
					"trace":[
						"<android.hardware.camera2.legacy.CaptureCollector$CaptureHolder: void setJpegTimestamp(long)>",
						"<android.hardware.camera2.legacy.CaptureCollector$CaptureHolder: void tryComplete()>",
						"<android.hardware.camera2.legacy.CaptureCollector: void access$200(android.hardware.camera2.legacy.CaptureCollector,android.hardware.camera2.legacy.CaptureCollector$CaptureHolder)>",
						"<android.hardware.camera2.legacy.CaptureCollector: void onRequestCompleted(android.hardware.camera2.legacy.CaptureCollector$CaptureHolder)>",
						"key field: <android.hardware.camera2.legacy.CaptureCollector: int mInFlight>",
						"<android.hardware.camera2.legacy.CaptureCollector: void onRequestCompleted(android.hardware.camera2.legacy.CaptureCollector$CaptureHolder)>"
					],
					"depth":4,
					"method":"<android.hardware.camera2.legacy.CaptureCollector$CaptureHolder: void setJpegTimestamp(long)>",
					"source":"FIELDCALLER"
				},
				{
					"trace":[
						"<android.hardware.camera2.legacy.CaptureCollector$CaptureHolder: void setJpegFailed()>",
						"<android.hardware.camera2.legacy.CaptureCollector$CaptureHolder: void tryComplete()>",
						"<android.hardware.camera2.legacy.CaptureCollector: void access$200(android.hardware.camera2.legacy.CaptureCollector,android.hardware.camera2.legacy.CaptureCollector$CaptureHolder)>",
						"<android.hardware.camera2.legacy.CaptureCollector: void onRequestCompleted(android.hardware.camera2.legacy.CaptureCollector$CaptureHolder)>",
						"key field: <android.hardware.camera2.legacy.CaptureCollector: int mInFlight>",
						"<android.hardware.camera2.legacy.CaptureCollector: void onRequestCompleted(android.hardware.camera2.legacy.CaptureCollector$CaptureHolder)>"
					],
					"depth":4,
					"method":"<android.hardware.camera2.legacy.CaptureCollector$CaptureHolder: void setJpegFailed()>",
					"source":"FIELDCALLER"
				},
				{
					"trace":[
						"<android.hardware.camera2.CameraManager: void openCamera(java.lang.String,android.hardware.camera2.CameraDevice$StateCallback,android.os.Handler)>",
						"<android.hardware.camera2.CameraManager: android.hardware.camera2.CameraDevice openCameraDeviceUserAsync(java.lang.String,android.hardware.camera2.CameraDevice$StateCallback,android.os.Handler)>",
						"<android.hardware.camera2.legacy.CameraDeviceUserShim: android.hardware.camera2.legacy.CameraDeviceUserShim connectBinderShim(android.hardware.camera2.ICameraDeviceCallbacks,int)>",
						"<android.hardware.camera2.legacy.LegacyCameraDevice: void <init>(int,android.hardware.Camera,android.hardware.camera2.CameraCharacteristics,android.hardware.camera2.ICameraDeviceCallbacks)>",
						"<android.hardware.camera2.legacy.RequestThreadManager: void <init>(int,android.hardware.Camera,android.hardware.camera2.CameraCharacteristics,android.hardware.camera2.legacy.CameraDeviceState)>",
						"<android.hardware.camera2.legacy.CaptureCollector: void <init>(int,android.hardware.camera2.legacy.CameraDeviceState)>",
						"key field: <android.hardware.camera2.legacy.CaptureCollector: int mInFlight>",
						"<android.hardware.camera2.legacy.CaptureCollector: void onRequestCompleted(android.hardware.camera2.legacy.CaptureCollector$CaptureHolder)>"
					],
					"depth":6,
					"method":"<android.hardware.camera2.CameraManager: void openCamera(java.lang.String,android.hardware.camera2.CameraDevice$StateCallback,android.os.Handler)>",
					"source":"FIELDCALLER"
				},
				{
					"trace":[
						"<android.hardware.camera2.legacy.RequestThreadManager: long flush()>",
						"<android.hardware.camera2.legacy.CaptureCollector: void failAll()>",
						"<android.hardware.camera2.legacy.CaptureCollector$CaptureHolder: void setPreviewFailed()>",
						"<android.hardware.camera2.legacy.CaptureCollector$CaptureHolder: void tryComplete()>",
						"<android.hardware.camera2.legacy.CaptureCollector: void access$200(android.hardware.camera2.legacy.CaptureCollector,android.hardware.camera2.legacy.CaptureCollector$CaptureHolder)>",
						"<android.hardware.camera2.legacy.CaptureCollector: void onRequestCompleted(android.hardware.camera2.legacy.CaptureCollector$CaptureHolder)>",
						"key field: <android.hardware.camera2.legacy.CaptureCollector: int mInFlight>",
						"<android.hardware.camera2.legacy.CaptureCollector: void onRequestCompleted(android.hardware.camera2.legacy.CaptureCollector$CaptureHolder)>"
					],
					"depth":6,
					"method":"<android.hardware.camera2.legacy.RequestThreadManager: long flush()>",
					"source":"FIELDCALLER"
				},
				{
					"trace":[
						"<android.hardware.camera2.legacy.SurfaceTextureRenderer: void drawIntoSurfaces(android.hardware.camera2.legacy.CaptureCollector)>",
						"<android.hardware.camera2.legacy.CaptureCollector: android.hardware.camera2.legacy.RequestHolder previewProduced()>",
						"<android.hardware.camera2.legacy.CaptureCollector$CaptureHolder: void setPreviewProduced()>",
						"<android.hardware.camera2.legacy.CaptureCollector$CaptureHolder: void tryComplete()>",
						"<android.hardware.camera2.legacy.CaptureCollector: void access$200(android.hardware.camera2.legacy.CaptureCollector,android.hardware.camera2.legacy.CaptureCollector$CaptureHolder)>",
						"<android.hardware.camera2.legacy.CaptureCollector: void onRequestCompleted(android.hardware.camera2.legacy.CaptureCollector$CaptureHolder)>",
						"key field: <android.hardware.camera2.legacy.CaptureCollector: int mInFlight>",
						"<android.hardware.camera2.legacy.CaptureCollector: void onRequestCompleted(android.hardware.camera2.legacy.CaptureCollector$CaptureHolder)>"
					],
					"depth":6,
					"method":"<android.hardware.camera2.legacy.SurfaceTextureRenderer: void drawIntoSurfaces(android.hardware.camera2.legacy.CaptureCollector)>",
					"source":"FIELDCALLER"
				},
				{
					"trace":[
						"<android.hardware.camera2.legacy.RequestThreadManager$2: void onPictureTaken(byte[],android.hardware.Camera)>",
						"<android.hardware.camera2.legacy.CaptureCollector: android.util.Pair jpegProduced()>",
						"<android.hardware.camera2.legacy.CaptureCollector$CaptureHolder: void setJpegProduced()>",
						"<android.hardware.camera2.legacy.CaptureCollector$CaptureHolder: void tryComplete()>",
						"<android.hardware.camera2.legacy.CaptureCollector: void access$200(android.hardware.camera2.legacy.CaptureCollector,android.hardware.camera2.legacy.CaptureCollector$CaptureHolder)>",
						"<android.hardware.camera2.legacy.CaptureCollector: void onRequestCompleted(android.hardware.camera2.legacy.CaptureCollector$CaptureHolder)>",
						"key field: <android.hardware.camera2.legacy.CaptureCollector: int mInFlight>",
						"<android.hardware.camera2.legacy.CaptureCollector: void onRequestCompleted(android.hardware.camera2.legacy.CaptureCollector$CaptureHolder)>"
					],
					"depth":6,
					"method":"<android.hardware.camera2.legacy.RequestThreadManager$2: void onPictureTaken(byte[],android.hardware.Camera)>",
					"source":"FIELDCALLER"
				},
				{
					"trace":[
						"<android.hardware.Camera$PictureCallback: void onPictureTaken(byte[],android.hardware.Camera)>",
						"<android.hardware.camera2.legacy.CaptureCollector: android.util.Pair jpegProduced()>",
						"<android.hardware.camera2.legacy.CaptureCollector$CaptureHolder: void setJpegProduced()>",
						"<android.hardware.camera2.legacy.CaptureCollector$CaptureHolder: void tryComplete()>",
						"<android.hardware.camera2.legacy.CaptureCollector: void access$200(android.hardware.camera2.legacy.CaptureCollector,android.hardware.camera2.legacy.CaptureCollector$CaptureHolder)>",
						"<android.hardware.camera2.legacy.CaptureCollector: void onRequestCompleted(android.hardware.camera2.legacy.CaptureCollector$CaptureHolder)>",
						"key field: <android.hardware.camera2.legacy.CaptureCollector: int mInFlight>",
						"<android.hardware.camera2.legacy.CaptureCollector: void onRequestCompleted(android.hardware.camera2.legacy.CaptureCollector$CaptureHolder)>"
					],
					"depth":6,
					"method":"<android.hardware.Camera$PictureCallback: void onPictureTaken(byte[],android.hardware.Camera)>",
					"source":"FIELDCALLER"
				},
				{
					"trace":[
						"<android.hardware.camera2.legacy.RequestThreadManager$3: void onShutter()>",
						"<android.hardware.camera2.legacy.CaptureCollector: android.hardware.camera2.legacy.RequestHolder jpegCaptured(long)>",
						"<android.hardware.camera2.legacy.CaptureCollector$CaptureHolder: void setJpegTimestamp(long)>",
						"<android.hardware.camera2.legacy.CaptureCollector$CaptureHolder: void tryComplete()>",
						"<android.hardware.camera2.legacy.CaptureCollector: void access$200(android.hardware.camera2.legacy.CaptureCollector,android.hardware.camera2.legacy.CaptureCollector$CaptureHolder)>",
						"<android.hardware.camera2.legacy.CaptureCollector: void onRequestCompleted(android.hardware.camera2.legacy.CaptureCollector$CaptureHolder)>",
						"key field: <android.hardware.camera2.legacy.CaptureCollector: int mInFlight>",
						"<android.hardware.camera2.legacy.CaptureCollector: void onRequestCompleted(android.hardware.camera2.legacy.CaptureCollector$CaptureHolder)>"
					],
					"depth":6,
					"method":"<android.hardware.camera2.legacy.RequestThreadManager$3: void onShutter()>",
					"source":"FIELDCALLER"
				},
				{
					"trace":[
						"<android.hardware.Camera$ShutterCallback: void onShutter()>",
						"<android.hardware.camera2.legacy.CaptureCollector: android.hardware.camera2.legacy.RequestHolder jpegCaptured(long)>",
						"<android.hardware.camera2.legacy.CaptureCollector$CaptureHolder: void setJpegTimestamp(long)>",
						"<android.hardware.camera2.legacy.CaptureCollector$CaptureHolder: void tryComplete()>",
						"<android.hardware.camera2.legacy.CaptureCollector: void access$200(android.hardware.camera2.legacy.CaptureCollector,android.hardware.camera2.legacy.CaptureCollector$CaptureHolder)>",
						"<android.hardware.camera2.legacy.CaptureCollector: void onRequestCompleted(android.hardware.camera2.legacy.CaptureCollector$CaptureHolder)>",
						"key field: <android.hardware.camera2.legacy.CaptureCollector: int mInFlight>",
						"<android.hardware.camera2.legacy.CaptureCollector: void onRequestCompleted(android.hardware.camera2.legacy.CaptureCollector$CaptureHolder)>"
					],
					"depth":6,
					"method":"<android.hardware.Camera$ShutterCallback: void onShutter()>",
					"source":"FIELDCALLER"
				},
				{
					"trace":[
						"<android.hardware.camera2.legacy.RequestThreadManager$1: void onError(int,android.hardware.Camera)>",
						"<android.hardware.camera2.legacy.RequestThreadManager: long flush()>",
						"<android.hardware.camera2.legacy.CaptureCollector: void failAll()>",
						"<android.hardware.camera2.legacy.CaptureCollector$CaptureHolder: void setPreviewFailed()>",
						"<android.hardware.camera2.legacy.CaptureCollector$CaptureHolder: void tryComplete()>",
						"<android.hardware.camera2.legacy.CaptureCollector: void access$200(android.hardware.camera2.legacy.CaptureCollector,android.hardware.camera2.legacy.CaptureCollector$CaptureHolder)>",
						"<android.hardware.camera2.legacy.CaptureCollector: void onRequestCompleted(android.hardware.camera2.legacy.CaptureCollector$CaptureHolder)>",
						"key field: <android.hardware.camera2.legacy.CaptureCollector: int mInFlight>",
						"<android.hardware.camera2.legacy.CaptureCollector: void onRequestCompleted(android.hardware.camera2.legacy.CaptureCollector$CaptureHolder)>"
					],
					"depth":7,
					"method":"<android.hardware.camera2.legacy.RequestThreadManager$1: void onError(int,android.hardware.Camera)>",
					"source":"FIELDCALLER"
				},
				{
					"trace":[
						"<android.hardware.Camera$ErrorCallback: void onError(int,android.hardware.Camera)>",
						"<android.hardware.camera2.legacy.RequestThreadManager: long flush()>",
						"<android.hardware.camera2.legacy.CaptureCollector: void failAll()>",
						"<android.hardware.camera2.legacy.CaptureCollector$CaptureHolder: void setPreviewFailed()>",
						"<android.hardware.camera2.legacy.CaptureCollector$CaptureHolder: void tryComplete()>",
						"<android.hardware.camera2.legacy.CaptureCollector: void access$200(android.hardware.camera2.legacy.CaptureCollector,android.hardware.camera2.legacy.CaptureCollector$CaptureHolder)>",
						"<android.hardware.camera2.legacy.CaptureCollector: void onRequestCompleted(android.hardware.camera2.legacy.CaptureCollector$CaptureHolder)>",
						"key field: <android.hardware.camera2.legacy.CaptureCollector: int mInFlight>",
						"<android.hardware.camera2.legacy.CaptureCollector: void onRequestCompleted(android.hardware.camera2.legacy.CaptureCollector$CaptureHolder)>"
					],
					"depth":7,
					"method":"<android.hardware.Camera$ErrorCallback: void onError(int,android.hardware.Camera)>",
					"source":"FIELDCALLER"
				},
				{
					"trace":[
						"<android.hardware.camera2.legacy.LegacyCameraDevice: long flush()>",
						"<android.hardware.camera2.legacy.RequestThreadManager: long flush()>",
						"<android.hardware.camera2.legacy.CaptureCollector: void failAll()>",
						"<android.hardware.camera2.legacy.CaptureCollector$CaptureHolder: void setPreviewFailed()>",
						"<android.hardware.camera2.legacy.CaptureCollector$CaptureHolder: void tryComplete()>",
						"<android.hardware.camera2.legacy.CaptureCollector: void access$200(android.hardware.camera2.legacy.CaptureCollector,android.hardware.camera2.legacy.CaptureCollector$CaptureHolder)>",
						"<android.hardware.camera2.legacy.CaptureCollector: void onRequestCompleted(android.hardware.camera2.legacy.CaptureCollector$CaptureHolder)>",
						"key field: <android.hardware.camera2.legacy.CaptureCollector: int mInFlight>",
						"<android.hardware.camera2.legacy.CaptureCollector: void onRequestCompleted(android.hardware.camera2.legacy.CaptureCollector$CaptureHolder)>"
					],
					"depth":7,
					"method":"<android.hardware.camera2.legacy.LegacyCameraDevice: long flush()>",
					"source":"FIELDCALLER"
				},
				{
					"trace":[
						"<android.hardware.camera2.legacy.GLThreadManager$1: boolean handleMessage(android.os.Message)>",
						"<android.hardware.camera2.legacy.SurfaceTextureRenderer: void drawIntoSurfaces(android.hardware.camera2.legacy.CaptureCollector)>",
						"<android.hardware.camera2.legacy.CaptureCollector: android.hardware.camera2.legacy.RequestHolder previewProduced()>",
						"<android.hardware.camera2.legacy.CaptureCollector$CaptureHolder: void setPreviewProduced()>",
						"<android.hardware.camera2.legacy.CaptureCollector$CaptureHolder: void tryComplete()>",
						"<android.hardware.camera2.legacy.CaptureCollector: void access$200(android.hardware.camera2.legacy.CaptureCollector,android.hardware.camera2.legacy.CaptureCollector$CaptureHolder)>",
						"<android.hardware.camera2.legacy.CaptureCollector: void onRequestCompleted(android.hardware.camera2.legacy.CaptureCollector$CaptureHolder)>",
						"key field: <android.hardware.camera2.legacy.CaptureCollector: int mInFlight>",
						"<android.hardware.camera2.legacy.CaptureCollector: void onRequestCompleted(android.hardware.camera2.legacy.CaptureCollector$CaptureHolder)>"
					],
					"depth":7,
					"method":"<android.hardware.camera2.legacy.GLThreadManager$1: boolean handleMessage(android.os.Message)>",
					"source":"FIELDCALLER"
				},
				{
					"trace":[
						"<android.hardware.Camera$EventHandler: void handleMessage(android.os.Message)>",
						"<android.hardware.camera2.legacy.RequestThreadManager$1: void onError(int,android.hardware.Camera)>",
						"<android.hardware.camera2.legacy.RequestThreadManager: long flush()>",
						"<android.hardware.camera2.legacy.CaptureCollector: void failAll()>",
						"<android.hardware.camera2.legacy.CaptureCollector$CaptureHolder: void setPreviewFailed()>",
						"<android.hardware.camera2.legacy.CaptureCollector$CaptureHolder: void tryComplete()>",
						"<android.hardware.camera2.legacy.CaptureCollector: void access$200(android.hardware.camera2.legacy.CaptureCollector,android.hardware.camera2.legacy.CaptureCollector$CaptureHolder)>",
						"<android.hardware.camera2.legacy.CaptureCollector: void onRequestCompleted(android.hardware.camera2.legacy.CaptureCollector$CaptureHolder)>",
						"key field: <android.hardware.camera2.legacy.CaptureCollector: int mInFlight>",
						"<android.hardware.camera2.legacy.CaptureCollector: void onRequestCompleted(android.hardware.camera2.legacy.CaptureCollector$CaptureHolder)>"
					],
					"depth":8,
					"method":"<android.hardware.Camera$EventHandler: void handleMessage(android.os.Message)>",
					"source":"FIELDCALLER"
				},
				{
					"trace":[
						"<android.hardware.camera2.legacy.CameraDeviceUserShim: int flush(android.hardware.camera2.utils.LongParcelable)>",
						"<android.hardware.camera2.legacy.LegacyCameraDevice: long flush()>",
						"<android.hardware.camera2.legacy.RequestThreadManager: long flush()>",
						"<android.hardware.camera2.legacy.CaptureCollector: void failAll()>",
						"<android.hardware.camera2.legacy.CaptureCollector$CaptureHolder: void setPreviewFailed()>",
						"<android.hardware.camera2.legacy.CaptureCollector$CaptureHolder: void tryComplete()>",
						"<android.hardware.camera2.legacy.CaptureCollector: void access$200(android.hardware.camera2.legacy.CaptureCollector,android.hardware.camera2.legacy.CaptureCollector$CaptureHolder)>",
						"<android.hardware.camera2.legacy.CaptureCollector: void onRequestCompleted(android.hardware.camera2.legacy.CaptureCollector$CaptureHolder)>",
						"key field: <android.hardware.camera2.legacy.CaptureCollector: int mInFlight>",
						"<android.hardware.camera2.legacy.CaptureCollector: void onRequestCompleted(android.hardware.camera2.legacy.CaptureCollector$CaptureHolder)>"
					],
					"depth":8,
					"method":"<android.hardware.camera2.legacy.CameraDeviceUserShim: int flush(android.hardware.camera2.utils.LongParcelable)>",
					"source":"FIELDCALLER"
				},
				{
					"trace":[
						"<android.hardware.camera2.ICameraDeviceUser: int flush(android.hardware.camera2.utils.LongParcelable)>",
						"<android.hardware.camera2.legacy.LegacyCameraDevice: long flush()>",
						"<android.hardware.camera2.legacy.RequestThreadManager: long flush()>",
						"<android.hardware.camera2.legacy.CaptureCollector: void failAll()>",
						"<android.hardware.camera2.legacy.CaptureCollector$CaptureHolder: void setPreviewFailed()>",
						"<android.hardware.camera2.legacy.CaptureCollector$CaptureHolder: void tryComplete()>",
						"<android.hardware.camera2.legacy.CaptureCollector: void access$200(android.hardware.camera2.legacy.CaptureCollector,android.hardware.camera2.legacy.CaptureCollector$CaptureHolder)>",
						"<android.hardware.camera2.legacy.CaptureCollector: void onRequestCompleted(android.hardware.camera2.legacy.CaptureCollector$CaptureHolder)>",
						"key field: <android.hardware.camera2.legacy.CaptureCollector: int mInFlight>",
						"<android.hardware.camera2.legacy.CaptureCollector: void onRequestCompleted(android.hardware.camera2.legacy.CaptureCollector$CaptureHolder)>"
					],
					"depth":8,
					"method":"<android.hardware.camera2.ICameraDeviceUser: int flush(android.hardware.camera2.utils.LongParcelable)>",
					"source":"FIELDCALLER"
				},
				{
					"trace":[
						"<android.hardware.camera2.legacy.RequestHandlerThread: void waitUntilIdle()>",
						"<android.hardware.Camera$EventHandler: void handleMessage(android.os.Message)>",
						"<android.hardware.camera2.legacy.RequestThreadManager$2: void onPictureTaken(byte[],android.hardware.Camera)>",
						"<android.hardware.camera2.legacy.CaptureCollector: android.util.Pair jpegProduced()>",
						"<android.hardware.camera2.legacy.CaptureCollector$CaptureHolder: void setJpegProduced()>",
						"<android.hardware.camera2.legacy.CaptureCollector$CaptureHolder: void tryComplete()>",
						"<android.hardware.camera2.legacy.CaptureCollector: void access$200(android.hardware.camera2.legacy.CaptureCollector,android.hardware.camera2.legacy.CaptureCollector$CaptureHolder)>",
						"<android.hardware.camera2.legacy.CaptureCollector: void onRequestCompleted(android.hardware.camera2.legacy.CaptureCollector$CaptureHolder)>",
						"key field: <android.hardware.camera2.legacy.CaptureCollector: int mInFlight>",
						"<android.hardware.camera2.legacy.CaptureCollector: void onRequestCompleted(android.hardware.camera2.legacy.CaptureCollector$CaptureHolder)>"
					],
					"depth":8,
					"method":"<android.hardware.camera2.legacy.RequestHandlerThread: void waitUntilIdle()>",
					"source":"FIELDCALLER"
				},
				{
					"trace":[
						"<android.hardware.camera2.legacy.GLThreadManager: void allowNewFrames()>",
						"<android.hardware.Camera$EventHandler: void handleMessage(android.os.Message)>",
						"<android.hardware.camera2.legacy.RequestThreadManager$2: void onPictureTaken(byte[],android.hardware.Camera)>",
						"<android.hardware.camera2.legacy.CaptureCollector: android.util.Pair jpegProduced()>",
						"<android.hardware.camera2.legacy.CaptureCollector$CaptureHolder: void setJpegProduced()>",
						"<android.hardware.camera2.legacy.CaptureCollector$CaptureHolder: void tryComplete()>",
						"<android.hardware.camera2.legacy.CaptureCollector: void access$200(android.hardware.camera2.legacy.CaptureCollector,android.hardware.camera2.legacy.CaptureCollector$CaptureHolder)>",
						"<android.hardware.camera2.legacy.CaptureCollector: void onRequestCompleted(android.hardware.camera2.legacy.CaptureCollector$CaptureHolder)>",
						"key field: <android.hardware.camera2.legacy.CaptureCollector: int mInFlight>",
						"<android.hardware.camera2.legacy.CaptureCollector: void onRequestCompleted(android.hardware.camera2.legacy.CaptureCollector$CaptureHolder)>"
					],
					"depth":8,
					"method":"<android.hardware.camera2.legacy.GLThreadManager: void allowNewFrames()>",
					"source":"FIELDCALLER"
				},
				{
					"trace":[
						"<android.hardware.camera2.legacy.GLThreadManager: void ignoreNewFrames()>",
						"<android.hardware.Camera$EventHandler: void handleMessage(android.os.Message)>",
						"<android.hardware.camera2.legacy.RequestThreadManager$2: void onPictureTaken(byte[],android.hardware.Camera)>",
						"<android.hardware.camera2.legacy.CaptureCollector: android.util.Pair jpegProduced()>",
						"<android.hardware.camera2.legacy.CaptureCollector$CaptureHolder: void setJpegProduced()>",
						"<android.hardware.camera2.legacy.CaptureCollector$CaptureHolder: void tryComplete()>",
						"<android.hardware.camera2.legacy.CaptureCollector: void access$200(android.hardware.camera2.legacy.CaptureCollector,android.hardware.camera2.legacy.CaptureCollector$CaptureHolder)>",
						"<android.hardware.camera2.legacy.CaptureCollector: void onRequestCompleted(android.hardware.camera2.legacy.CaptureCollector$CaptureHolder)>",
						"key field: <android.hardware.camera2.legacy.CaptureCollector: int mInFlight>",
						"<android.hardware.camera2.legacy.CaptureCollector: void onRequestCompleted(android.hardware.camera2.legacy.CaptureCollector$CaptureHolder)>"
					],
					"depth":8,
					"method":"<android.hardware.camera2.legacy.GLThreadManager: void ignoreNewFrames()>",
					"source":"FIELDCALLER"
				},
				{
					"trace":[
						"<android.hardware.camera2.legacy.GLThreadManager: void quit()>",
						"<android.hardware.Camera$EventHandler: void handleMessage(android.os.Message)>",
						"<android.hardware.camera2.legacy.RequestThreadManager$2: void onPictureTaken(byte[],android.hardware.Camera)>",
						"<android.hardware.camera2.legacy.CaptureCollector: android.util.Pair jpegProduced()>",
						"<android.hardware.camera2.legacy.CaptureCollector$CaptureHolder: void setJpegProduced()>",
						"<android.hardware.camera2.legacy.CaptureCollector$CaptureHolder: void tryComplete()>",
						"<android.hardware.camera2.legacy.CaptureCollector: void access$200(android.hardware.camera2.legacy.CaptureCollector,android.hardware.camera2.legacy.CaptureCollector$CaptureHolder)>",
						"<android.hardware.camera2.legacy.CaptureCollector: void onRequestCompleted(android.hardware.camera2.legacy.CaptureCollector$CaptureHolder)>",
						"key field: <android.hardware.camera2.legacy.CaptureCollector: int mInFlight>",
						"<android.hardware.camera2.legacy.CaptureCollector: void onRequestCompleted(android.hardware.camera2.legacy.CaptureCollector$CaptureHolder)>"
					],
					"depth":8,
					"method":"<android.hardware.camera2.legacy.GLThreadManager: void quit()>",
					"source":"FIELDCALLER"
				},
				{
					"trace":[
						"<android.widget.Filter$RequestHandler: void handleMessage(android.os.Message)>",
						"<android.hardware.Camera$EventHandler: void handleMessage(android.os.Message)>",
						"<android.hardware.camera2.legacy.RequestThreadManager$2: void onPictureTaken(byte[],android.hardware.Camera)>",
						"<android.hardware.camera2.legacy.CaptureCollector: android.util.Pair jpegProduced()>",
						"<android.hardware.camera2.legacy.CaptureCollector$CaptureHolder: void setJpegProduced()>",
						"<android.hardware.camera2.legacy.CaptureCollector$CaptureHolder: void tryComplete()>",
						"<android.hardware.camera2.legacy.CaptureCollector: void access$200(android.hardware.camera2.legacy.CaptureCollector,android.hardware.camera2.legacy.CaptureCollector$CaptureHolder)>",
						"<android.hardware.camera2.legacy.CaptureCollector: void onRequestCompleted(android.hardware.camera2.legacy.CaptureCollector$CaptureHolder)>",
						"key field: <android.hardware.camera2.legacy.CaptureCollector: int mInFlight>",
						"<android.hardware.camera2.legacy.CaptureCollector: void onRequestCompleted(android.hardware.camera2.legacy.CaptureCollector$CaptureHolder)>"
					],
					"depth":8,
					"method":"<android.widget.Filter$RequestHandler: void handleMessage(android.os.Message)>",
					"source":"FIELDCALLER"
				}
			],
			"callerOfSingnlar2SourceVar":{}
		}
	]
}