{
	"exceptions":[
		{
			"method":"<android.filterfw.format.ObjectFormat: int bytesPerSampleForClass(java.lang.Class,int)>",
			"message":"\\QNative object-based formats must be of a NativeBuffer subclass! (Received class: \\E[\\s\\S]*\\Q).\\E",
			"relatedVarType":"Parameter",
			"relatedCondType":"Basic",
			"modifier":"private",
			"type":"java.lang.IllegalArgumentException",
			"osVersionRelated":false,
			"resourceRelated":false,
			"assessRelated":false,
			"hardwareRelated":false,
			"manifestRelated":false,
			"conditions":"$z0 != 0, i0 != 2",
			"paramValues":"@parameter0: java.lang.Class, @parameter1: int",
			"relatedValues":"@parameter0: java.lang.Class, @parameter1: int; ; ",
			"keyAPISameClassNum":0,
			"keyAPIDiffClassNum":0,
			"keyAPISameClass":[
				{
					"trace":[
						"<android.filterfw.format.ObjectFormat: int bytesPerSampleForClass(java.lang.Class,int)>"
					],
					"depth":0,
					"method":"<android.filterfw.format.ObjectFormat: int bytesPerSampleForClass(java.lang.Class,int)>",
					"source":"CALLER"
				},
				{
					"trace":[
						"<android.filterfw.format.ObjectFormat: android.filterfw.core.MutableFrameFormat fromClass(java.lang.Class,int,int)>",
						"<android.filterfw.format.ObjectFormat: int bytesPerSampleForClass(java.lang.Class,int)>"
					],
					"depth":1,
					"method":"<android.filterfw.format.ObjectFormat: android.filterfw.core.MutableFrameFormat fromClass(java.lang.Class,int,int)>",
					"source":"CALLER"
				},
				{
					"trace":[
						"<android.filterfw.format.ObjectFormat: android.filterfw.core.MutableFrameFormat fromClass(java.lang.Class,int)>",
						"<android.filterfw.format.ObjectFormat: android.filterfw.core.MutableFrameFormat fromClass(java.lang.Class,int,int)>",
						"<android.filterfw.format.ObjectFormat: int bytesPerSampleForClass(java.lang.Class,int)>"
					],
					"depth":2,
					"method":"<android.filterfw.format.ObjectFormat: android.filterfw.core.MutableFrameFormat fromClass(java.lang.Class,int)>",
					"source":"CALLER"
				},
				{
					"trace":[
						"<android.filterfw.format.ObjectFormat: android.filterfw.core.MutableFrameFormat fromObject(java.lang.Object,int,int)>",
						"<android.filterfw.format.ObjectFormat: android.filterfw.core.MutableFrameFormat fromClass(java.lang.Class,int,int)>",
						"<android.filterfw.format.ObjectFormat: int bytesPerSampleForClass(java.lang.Class,int)>"
					],
					"depth":2,
					"method":"<android.filterfw.format.ObjectFormat: android.filterfw.core.MutableFrameFormat fromObject(java.lang.Object,int,int)>",
					"source":"CALLER"
				},
				{
					"trace":[
						"<android.filterfw.format.ObjectFormat: android.filterfw.core.MutableFrameFormat fromObject(java.lang.Object,int)>",
						"<android.filterfw.format.ObjectFormat: android.filterfw.core.MutableFrameFormat fromClass(java.lang.Class,int,int)>",
						"<android.filterfw.format.ObjectFormat: int bytesPerSampleForClass(java.lang.Class,int)>"
					],
					"depth":2,
					"method":"<android.filterfw.format.ObjectFormat: android.filterfw.core.MutableFrameFormat fromObject(java.lang.Object,int)>",
					"source":"CALLER"
				}
			],
			"keyAPIDiffClass":[
				{
					"trace":[
						"<android.filterfw.core.Filter: void setInputValue(java.lang.String,java.lang.Object)>",
						"<android.filterfw.core.Filter: android.filterfw.core.Frame wrapInputValue(java.lang.String,java.lang.Object)>",
						"<android.filterfw.format.ObjectFormat: android.filterfw.core.MutableFrameFormat fromObject(java.lang.Object,int)>",
						"<android.filterfw.format.ObjectFormat: android.filterfw.core.MutableFrameFormat fromClass(java.lang.Class,int,int)>",
						"<android.filterfw.format.ObjectFormat: int bytesPerSampleForClass(java.lang.Class,int)>"
					],
					"depth":4,
					"method":"<android.filterfw.core.Filter: void setInputValue(java.lang.String,java.lang.Object)>",
					"source":"CALLER"
				},
				{
					"trace":[
						"<android.filterfw.core.FilterFunction: void setInputValue(java.lang.String,java.lang.Object)>",
						"<android.filterfw.core.Filter: void setInputValue(java.lang.String,java.lang.Object)>",
						"<android.filterfw.core.Filter: android.filterfw.core.Frame wrapInputValue(java.lang.String,java.lang.Object)>",
						"<android.filterfw.format.ObjectFormat: android.filterfw.core.MutableFrameFormat fromObject(java.lang.Object,int)>",
						"<android.filterfw.format.ObjectFormat: android.filterfw.core.MutableFrameFormat fromClass(java.lang.Class,int,int)>",
						"<android.filterfw.format.ObjectFormat: int bytesPerSampleForClass(java.lang.Class,int)>"
					],
					"depth":5,
					"method":"<android.filterfw.core.FilterFunction: void setInputValue(java.lang.String,java.lang.Object)>",
					"source":"CALLER"
				},
				{
					"trace":[
						"<android.filterfw.core.FilterFunction: android.filterfw.core.Frame execute(android.filterfw.core.KeyValueMap)>",
						"<android.filterfw.core.Filter: void pushInputValue(java.lang.String,java.lang.Object)>",
						"<android.filterfw.core.Filter: android.filterfw.core.Frame wrapInputValue(java.lang.String,java.lang.Object)>",
						"<android.filterfw.format.ObjectFormat: android.filterfw.core.MutableFrameFormat fromObject(java.lang.Object,int)>",
						"<android.filterfw.format.ObjectFormat: android.filterfw.core.MutableFrameFormat fromClass(java.lang.Class,int,int)>",
						"<android.filterfw.format.ObjectFormat: int bytesPerSampleForClass(java.lang.Class,int)>"
					],
					"depth":5,
					"method":"<android.filterfw.core.FilterFunction: android.filterfw.core.Frame execute(android.filterfw.core.KeyValueMap)>",
					"source":"CALLER"
				},
				{
					"trace":[
						"<android.filterfw.core.FilterFunction: android.filterfw.core.Frame executeWithArgList(java.lang.Object[])>",
						"<android.filterfw.core.FilterFunction: android.filterfw.core.Frame execute(android.filterfw.core.KeyValueMap)>",
						"<android.filterfw.core.Filter: void pushInputValue(java.lang.String,java.lang.Object)>",
						"<android.filterfw.core.Filter: android.filterfw.core.Frame wrapInputValue(java.lang.String,java.lang.Object)>",
						"<android.filterfw.format.ObjectFormat: android.filterfw.core.MutableFrameFormat fromObject(java.lang.Object,int)>",
						"<android.filterfw.format.ObjectFormat: android.filterfw.core.MutableFrameFormat fromClass(java.lang.Class,int,int)>",
						"<android.filterfw.format.ObjectFormat: int bytesPerSampleForClass(java.lang.Class,int)>"
					],
					"depth":6,
					"method":"<android.filterfw.core.FilterFunction: android.filterfw.core.Frame executeWithArgList(java.lang.Object[])>",
					"source":"CALLER"
				},
				{
					"trace":[
						"<android.filterfw.core.Filter: void initWithValueMap(android.filterfw.core.KeyValueMap)>",
						"<android.filterfw.core.Filter: void initFinalPorts(android.filterfw.core.KeyValueMap)>",
						"<android.filterfw.core.Filter: void addAndSetFinalPorts(android.filterfw.core.KeyValueMap)>",
						"<android.filterfw.core.Filter: void setImmediateInputValue(java.lang.String,java.lang.Object)>",
						"<android.filterfw.core.SimpleFrame: android.filterfw.core.SimpleFrame wrapObject(java.lang.Object,android.filterfw.core.FrameManager)>",
						"<android.filterfw.format.ObjectFormat: android.filterfw.core.MutableFrameFormat fromObject(java.lang.Object,int)>",
						"<android.filterfw.format.ObjectFormat: android.filterfw.core.MutableFrameFormat fromClass(java.lang.Class,int,int)>",
						"<android.filterfw.format.ObjectFormat: int bytesPerSampleForClass(java.lang.Class,int)>"
					],
					"depth":7,
					"method":"<android.filterfw.core.Filter: void initWithValueMap(android.filterfw.core.KeyValueMap)>",
					"source":"CALLER"
				},
				{
					"trace":[
						"<android.filterfw.core.Filter: void initWithAssignmentString(java.lang.String)>",
						"<android.filterfw.core.Filter: void initWithValueMap(android.filterfw.core.KeyValueMap)>",
						"<android.filterfw.core.Filter: void initFinalPorts(android.filterfw.core.KeyValueMap)>",
						"<android.filterfw.core.Filter: void addAndSetFinalPorts(android.filterfw.core.KeyValueMap)>",
						"<android.filterfw.core.Filter: void setImmediateInputValue(java.lang.String,java.lang.Object)>",
						"<android.filterfw.core.SimpleFrame: android.filterfw.core.SimpleFrame wrapObject(java.lang.Object,android.filterfw.core.FrameManager)>",
						"<android.filterfw.format.ObjectFormat: android.filterfw.core.MutableFrameFormat fromObject(java.lang.Object,int)>",
						"<android.filterfw.format.ObjectFormat: android.filterfw.core.MutableFrameFormat fromClass(java.lang.Class,int,int)>",
						"<android.filterfw.format.ObjectFormat: int bytesPerSampleForClass(java.lang.Class,int)>"
					],
					"depth":8,
					"method":"<android.filterfw.core.Filter: void initWithAssignmentString(java.lang.String)>",
					"source":"CALLER"
				},
				{
					"trace":[
						"<android.filterfw.core.Filter: void initWithAssignmentList(java.lang.Object[])>",
						"<android.filterfw.core.Filter: void initWithValueMap(android.filterfw.core.KeyValueMap)>",
						"<android.filterfw.core.Filter: void initFinalPorts(android.filterfw.core.KeyValueMap)>",
						"<android.filterfw.core.Filter: void addAndSetFinalPorts(android.filterfw.core.KeyValueMap)>",
						"<android.filterfw.core.Filter: void setImmediateInputValue(java.lang.String,java.lang.Object)>",
						"<android.filterfw.core.SimpleFrame: android.filterfw.core.SimpleFrame wrapObject(java.lang.Object,android.filterfw.core.FrameManager)>",
						"<android.filterfw.format.ObjectFormat: android.filterfw.core.MutableFrameFormat fromObject(java.lang.Object,int)>",
						"<android.filterfw.format.ObjectFormat: android.filterfw.core.MutableFrameFormat fromClass(java.lang.Class,int,int)>",
						"<android.filterfw.format.ObjectFormat: int bytesPerSampleForClass(java.lang.Class,int)>"
					],
					"depth":8,
					"method":"<android.filterfw.core.Filter: void initWithAssignmentList(java.lang.Object[])>",
					"source":"CALLER"
				}
			],
			"callerOfSingnlar2SourceVar":{
				"<android.filterfw.format.ObjectFormat: android.filterfw.core.MutableFrameFormat fromClass(java.lang.Class,int,int)>":"0, 2",
				"<android.filterfw.core.Filter: void addProgramPort(java.lang.String,java.lang.String,java.lang.reflect.Field,java.lang.Class,boolean)>":"3",
				"<android.filterfw.format.ObjectFormat: android.filterfw.core.MutableFrameFormat fromClass(java.lang.Class,int)>":"0, 1",
				"<android.filterfw.format.ObjectFormat: android.filterfw.core.MutableFrameFormat fromObject(java.lang.Object,int,int)>":"2",
				"<android.filterfw.format.ObjectFormat: android.filterfw.core.MutableFrameFormat fromObject(java.lang.Object,int)>":"1",
				"<android.filterfw.format.ObjectFormat: int bytesPerSampleForClass(java.lang.Class,int)>":"0, 1"
			}
		},
		{
			"method":"<android.filterfw.format.ObjectFormat: int bytesPerSampleForClass(java.lang.Class,int)>",
			"message":"\\QCould not determine the size of an element in a native object-based frame of type \\E[\\s\\S]*\\Q! Perhaps it is missing a default constructor?\\E",
			"relatedVarType":"Parameter",
			"relatedCondType":"Basic",
			"modifier":"private",
			"type":"java.lang.RuntimeException",
			"osVersionRelated":false,
			"resourceRelated":false,
			"assessRelated":false,
			"hardwareRelated":false,
			"manifestRelated":false,
			"conditions":"$z0 != 0, i0 != 2",
			"paramValues":"@parameter1: int, @parameter0: java.lang.Class",
			"caughtValues":"@caughtexception",
			"relatedValues":"@parameter1: int, @parameter0: java.lang.Class; ; @caughtexception",
			"keyAPISameClassNum":0,
			"keyAPIDiffClassNum":0,
			"keyAPISameClass":[
				{
					"trace":[
						"<android.filterfw.format.ObjectFormat: int bytesPerSampleForClass(java.lang.Class,int)>"
					],
					"depth":0,
					"method":"<android.filterfw.format.ObjectFormat: int bytesPerSampleForClass(java.lang.Class,int)>",
					"source":"CALLER"
				},
				{
					"trace":[
						"<android.filterfw.format.ObjectFormat: android.filterfw.core.MutableFrameFormat fromClass(java.lang.Class,int,int)>",
						"<android.filterfw.format.ObjectFormat: int bytesPerSampleForClass(java.lang.Class,int)>"
					],
					"depth":1,
					"method":"<android.filterfw.format.ObjectFormat: android.filterfw.core.MutableFrameFormat fromClass(java.lang.Class,int,int)>",
					"source":"CALLER"
				},
				{
					"trace":[
						"<android.filterfw.format.ObjectFormat: android.filterfw.core.MutableFrameFormat fromClass(java.lang.Class,int)>",
						"<android.filterfw.format.ObjectFormat: android.filterfw.core.MutableFrameFormat fromClass(java.lang.Class,int,int)>",
						"<android.filterfw.format.ObjectFormat: int bytesPerSampleForClass(java.lang.Class,int)>"
					],
					"depth":2,
					"method":"<android.filterfw.format.ObjectFormat: android.filterfw.core.MutableFrameFormat fromClass(java.lang.Class,int)>",
					"source":"CALLER"
				},
				{
					"trace":[
						"<android.filterfw.format.ObjectFormat: android.filterfw.core.MutableFrameFormat fromObject(java.lang.Object,int,int)>",
						"<android.filterfw.format.ObjectFormat: android.filterfw.core.MutableFrameFormat fromClass(java.lang.Class,int,int)>",
						"<android.filterfw.format.ObjectFormat: int bytesPerSampleForClass(java.lang.Class,int)>"
					],
					"depth":2,
					"method":"<android.filterfw.format.ObjectFormat: android.filterfw.core.MutableFrameFormat fromObject(java.lang.Object,int,int)>",
					"source":"CALLER"
				},
				{
					"trace":[
						"<android.filterfw.format.ObjectFormat: android.filterfw.core.MutableFrameFormat fromObject(java.lang.Object,int)>",
						"<android.filterfw.format.ObjectFormat: android.filterfw.core.MutableFrameFormat fromClass(java.lang.Class,int,int)>",
						"<android.filterfw.format.ObjectFormat: int bytesPerSampleForClass(java.lang.Class,int)>"
					],
					"depth":2,
					"method":"<android.filterfw.format.ObjectFormat: android.filterfw.core.MutableFrameFormat fromObject(java.lang.Object,int)>",
					"source":"CALLER"
				}
			],
			"keyAPIDiffClass":[
				{
					"trace":[
						"<android.filterfw.core.Filter: void setInputValue(java.lang.String,java.lang.Object)>",
						"<android.filterfw.core.Filter: android.filterfw.core.Frame wrapInputValue(java.lang.String,java.lang.Object)>",
						"<android.filterfw.format.ObjectFormat: android.filterfw.core.MutableFrameFormat fromObject(java.lang.Object,int)>",
						"<android.filterfw.format.ObjectFormat: android.filterfw.core.MutableFrameFormat fromClass(java.lang.Class,int,int)>",
						"<android.filterfw.format.ObjectFormat: int bytesPerSampleForClass(java.lang.Class,int)>"
					],
					"depth":4,
					"method":"<android.filterfw.core.Filter: void setInputValue(java.lang.String,java.lang.Object)>",
					"source":"CALLER"
				},
				{
					"trace":[
						"<android.filterfw.core.FilterFunction: void setInputValue(java.lang.String,java.lang.Object)>",
						"<android.filterfw.core.Filter: void setInputValue(java.lang.String,java.lang.Object)>",
						"<android.filterfw.core.Filter: android.filterfw.core.Frame wrapInputValue(java.lang.String,java.lang.Object)>",
						"<android.filterfw.format.ObjectFormat: android.filterfw.core.MutableFrameFormat fromObject(java.lang.Object,int)>",
						"<android.filterfw.format.ObjectFormat: android.filterfw.core.MutableFrameFormat fromClass(java.lang.Class,int,int)>",
						"<android.filterfw.format.ObjectFormat: int bytesPerSampleForClass(java.lang.Class,int)>"
					],
					"depth":5,
					"method":"<android.filterfw.core.FilterFunction: void setInputValue(java.lang.String,java.lang.Object)>",
					"source":"CALLER"
				},
				{
					"trace":[
						"<android.filterfw.core.FilterFunction: android.filterfw.core.Frame execute(android.filterfw.core.KeyValueMap)>",
						"<android.filterfw.core.Filter: void pushInputValue(java.lang.String,java.lang.Object)>",
						"<android.filterfw.core.Filter: android.filterfw.core.Frame wrapInputValue(java.lang.String,java.lang.Object)>",
						"<android.filterfw.format.ObjectFormat: android.filterfw.core.MutableFrameFormat fromObject(java.lang.Object,int)>",
						"<android.filterfw.format.ObjectFormat: android.filterfw.core.MutableFrameFormat fromClass(java.lang.Class,int,int)>",
						"<android.filterfw.format.ObjectFormat: int bytesPerSampleForClass(java.lang.Class,int)>"
					],
					"depth":5,
					"method":"<android.filterfw.core.FilterFunction: android.filterfw.core.Frame execute(android.filterfw.core.KeyValueMap)>",
					"source":"CALLER"
				},
				{
					"trace":[
						"<android.filterfw.core.FilterFunction: android.filterfw.core.Frame executeWithArgList(java.lang.Object[])>",
						"<android.filterfw.core.FilterFunction: android.filterfw.core.Frame execute(android.filterfw.core.KeyValueMap)>",
						"<android.filterfw.core.Filter: void pushInputValue(java.lang.String,java.lang.Object)>",
						"<android.filterfw.core.Filter: android.filterfw.core.Frame wrapInputValue(java.lang.String,java.lang.Object)>",
						"<android.filterfw.format.ObjectFormat: android.filterfw.core.MutableFrameFormat fromObject(java.lang.Object,int)>",
						"<android.filterfw.format.ObjectFormat: android.filterfw.core.MutableFrameFormat fromClass(java.lang.Class,int,int)>",
						"<android.filterfw.format.ObjectFormat: int bytesPerSampleForClass(java.lang.Class,int)>"
					],
					"depth":6,
					"method":"<android.filterfw.core.FilterFunction: android.filterfw.core.Frame executeWithArgList(java.lang.Object[])>",
					"source":"CALLER"
				},
				{
					"trace":[
						"<android.filterfw.core.Filter: void initWithValueMap(android.filterfw.core.KeyValueMap)>",
						"<android.filterfw.core.Filter: void initFinalPorts(android.filterfw.core.KeyValueMap)>",
						"<android.filterfw.core.Filter: void addAndSetFinalPorts(android.filterfw.core.KeyValueMap)>",
						"<android.filterfw.core.Filter: void setImmediateInputValue(java.lang.String,java.lang.Object)>",
						"<android.filterfw.core.SimpleFrame: android.filterfw.core.SimpleFrame wrapObject(java.lang.Object,android.filterfw.core.FrameManager)>",
						"<android.filterfw.format.ObjectFormat: android.filterfw.core.MutableFrameFormat fromObject(java.lang.Object,int)>",
						"<android.filterfw.format.ObjectFormat: android.filterfw.core.MutableFrameFormat fromClass(java.lang.Class,int,int)>",
						"<android.filterfw.format.ObjectFormat: int bytesPerSampleForClass(java.lang.Class,int)>"
					],
					"depth":7,
					"method":"<android.filterfw.core.Filter: void initWithValueMap(android.filterfw.core.KeyValueMap)>",
					"source":"CALLER"
				},
				{
					"trace":[
						"<android.filterfw.core.Filter: void initWithAssignmentString(java.lang.String)>",
						"<android.filterfw.core.Filter: void initWithValueMap(android.filterfw.core.KeyValueMap)>",
						"<android.filterfw.core.Filter: void initFinalPorts(android.filterfw.core.KeyValueMap)>",
						"<android.filterfw.core.Filter: void addAndSetFinalPorts(android.filterfw.core.KeyValueMap)>",
						"<android.filterfw.core.Filter: void setImmediateInputValue(java.lang.String,java.lang.Object)>",
						"<android.filterfw.core.SimpleFrame: android.filterfw.core.SimpleFrame wrapObject(java.lang.Object,android.filterfw.core.FrameManager)>",
						"<android.filterfw.format.ObjectFormat: android.filterfw.core.MutableFrameFormat fromObject(java.lang.Object,int)>",
						"<android.filterfw.format.ObjectFormat: android.filterfw.core.MutableFrameFormat fromClass(java.lang.Class,int,int)>",
						"<android.filterfw.format.ObjectFormat: int bytesPerSampleForClass(java.lang.Class,int)>"
					],
					"depth":8,
					"method":"<android.filterfw.core.Filter: void initWithAssignmentString(java.lang.String)>",
					"source":"CALLER"
				},
				{
					"trace":[
						"<android.filterfw.core.Filter: void initWithAssignmentList(java.lang.Object[])>",
						"<android.filterfw.core.Filter: void initWithValueMap(android.filterfw.core.KeyValueMap)>",
						"<android.filterfw.core.Filter: void initFinalPorts(android.filterfw.core.KeyValueMap)>",
						"<android.filterfw.core.Filter: void addAndSetFinalPorts(android.filterfw.core.KeyValueMap)>",
						"<android.filterfw.core.Filter: void setImmediateInputValue(java.lang.String,java.lang.Object)>",
						"<android.filterfw.core.SimpleFrame: android.filterfw.core.SimpleFrame wrapObject(java.lang.Object,android.filterfw.core.FrameManager)>",
						"<android.filterfw.format.ObjectFormat: android.filterfw.core.MutableFrameFormat fromObject(java.lang.Object,int)>",
						"<android.filterfw.format.ObjectFormat: android.filterfw.core.MutableFrameFormat fromClass(java.lang.Class,int,int)>",
						"<android.filterfw.format.ObjectFormat: int bytesPerSampleForClass(java.lang.Class,int)>"
					],
					"depth":8,
					"method":"<android.filterfw.core.Filter: void initWithAssignmentList(java.lang.Object[])>",
					"source":"CALLER"
				}
			],
			"callerOfSingnlar2SourceVar":{
				"<android.filterfw.format.ObjectFormat: android.filterfw.core.MutableFrameFormat fromClass(java.lang.Class,int,int)>":"2, 0",
				"<android.filterfw.core.Filter: void addProgramPort(java.lang.String,java.lang.String,java.lang.reflect.Field,java.lang.Class,boolean)>":"3",
				"<android.filterfw.format.ObjectFormat: android.filterfw.core.MutableFrameFormat fromClass(java.lang.Class,int)>":"1, 0",
				"<android.filterfw.format.ObjectFormat: android.filterfw.core.MutableFrameFormat fromObject(java.lang.Object,int,int)>":"2",
				"<android.filterfw.format.ObjectFormat: android.filterfw.core.MutableFrameFormat fromObject(java.lang.Object,int)>":"1",
				"<android.filterfw.format.ObjectFormat: int bytesPerSampleForClass(java.lang.Class,int)>":"1, 0"
			}
		},
		{
			"method":"<android.filterfw.format.ObjectFormat: java.lang.Class getBoxedClass(java.lang.Class)>",
			"message":"\\QUnknown primitive type: \\E[\\s\\S]*\\Q!\\E",
			"relatedVarType":"ParaAndField",
			"relatedCondType":"Basic",
			"modifier":"private",
			"type":"java.lang.IllegalArgumentException",
			"osVersionRelated":false,
			"resourceRelated":false,
			"assessRelated":false,
			"hardwareRelated":false,
			"manifestRelated":false,
			"conditions":"r0 != $r8, r0 != $r7, r0 != $r6",
			"paramValues":"@parameter0: java.lang.Class",
			"fieldValues":"<java.lang.Double: java.lang.Class TYPE>, <java.lang.Float: java.lang.Class TYPE>, <java.lang.Long: java.lang.Class TYPE>",
			"relatedValues":"@parameter0: java.lang.Class; <java.lang.Double: java.lang.Class TYPE>, <java.lang.Float: java.lang.Class TYPE>, <java.lang.Long: java.lang.Class TYPE>; ",
			"keyAPISameClassNum":0,
			"keyAPIDiffClassNum":0,
			"keyAPISameClass":[
				{
					"trace":[
						"<android.filterfw.format.ObjectFormat: android.filterfw.core.MutableFrameFormat fromClass(java.lang.Class,int,int)>",
						"<android.filterfw.format.ObjectFormat: java.lang.Class getBoxedClass(java.lang.Class)>"
					],
					"depth":1,
					"method":"<android.filterfw.format.ObjectFormat: android.filterfw.core.MutableFrameFormat fromClass(java.lang.Class,int,int)>",
					"source":"CALLER"
				},
				{
					"trace":[
						"<android.filterfw.format.ObjectFormat: android.filterfw.core.MutableFrameFormat fromClass(java.lang.Class,int)>",
						"<android.filterfw.format.ObjectFormat: android.filterfw.core.MutableFrameFormat fromClass(java.lang.Class,int,int)>",
						"<android.filterfw.format.ObjectFormat: java.lang.Class getBoxedClass(java.lang.Class)>"
					],
					"depth":2,
					"method":"<android.filterfw.format.ObjectFormat: android.filterfw.core.MutableFrameFormat fromClass(java.lang.Class,int)>",
					"source":"CALLER"
				},
				{
					"trace":[
						"<android.filterfw.format.ObjectFormat: android.filterfw.core.MutableFrameFormat fromObject(java.lang.Object,int,int)>",
						"<android.filterfw.format.ObjectFormat: android.filterfw.core.MutableFrameFormat fromClass(java.lang.Class,int,int)>",
						"<android.filterfw.format.ObjectFormat: java.lang.Class getBoxedClass(java.lang.Class)>"
					],
					"depth":2,
					"method":"<android.filterfw.format.ObjectFormat: android.filterfw.core.MutableFrameFormat fromObject(java.lang.Object,int,int)>",
					"source":"CALLER"
				},
				{
					"trace":[
						"<android.filterfw.format.ObjectFormat: android.filterfw.core.MutableFrameFormat fromObject(java.lang.Object,int)>",
						"<android.filterfw.format.ObjectFormat: android.filterfw.core.MutableFrameFormat fromClass(java.lang.Class,int,int)>",
						"<android.filterfw.format.ObjectFormat: java.lang.Class getBoxedClass(java.lang.Class)>"
					],
					"depth":2,
					"method":"<android.filterfw.format.ObjectFormat: android.filterfw.core.MutableFrameFormat fromObject(java.lang.Object,int)>",
					"source":"CALLER"
				}
			],
			"keyAPIDiffClass":[
				{
					"trace":[
						"<android.filterfw.core.Filter: void setInputValue(java.lang.String,java.lang.Object)>",
						"<android.filterfw.core.Filter: android.filterfw.core.Frame wrapInputValue(java.lang.String,java.lang.Object)>",
						"<android.filterfw.format.ObjectFormat: android.filterfw.core.MutableFrameFormat fromObject(java.lang.Object,int)>",
						"<android.filterfw.format.ObjectFormat: android.filterfw.core.MutableFrameFormat fromClass(java.lang.Class,int,int)>",
						"<android.filterfw.format.ObjectFormat: java.lang.Class getBoxedClass(java.lang.Class)>"
					],
					"depth":4,
					"method":"<android.filterfw.core.Filter: void setInputValue(java.lang.String,java.lang.Object)>",
					"source":"CALLER"
				},
				{
					"trace":[
						"<android.filterfw.core.FilterFunction: void setInputValue(java.lang.String,java.lang.Object)>",
						"<android.filterfw.core.Filter: void setInputValue(java.lang.String,java.lang.Object)>",
						"<android.filterfw.core.Filter: android.filterfw.core.Frame wrapInputValue(java.lang.String,java.lang.Object)>",
						"<android.filterfw.format.ObjectFormat: android.filterfw.core.MutableFrameFormat fromObject(java.lang.Object,int)>",
						"<android.filterfw.format.ObjectFormat: android.filterfw.core.MutableFrameFormat fromClass(java.lang.Class,int,int)>",
						"<android.filterfw.format.ObjectFormat: java.lang.Class getBoxedClass(java.lang.Class)>"
					],
					"depth":5,
					"method":"<android.filterfw.core.FilterFunction: void setInputValue(java.lang.String,java.lang.Object)>",
					"source":"CALLER"
				},
				{
					"trace":[
						"<android.filterfw.core.FilterFunction: android.filterfw.core.Frame execute(android.filterfw.core.KeyValueMap)>",
						"<android.filterfw.core.Filter: void pushInputValue(java.lang.String,java.lang.Object)>",
						"<android.filterfw.core.Filter: android.filterfw.core.Frame wrapInputValue(java.lang.String,java.lang.Object)>",
						"<android.filterfw.format.ObjectFormat: android.filterfw.core.MutableFrameFormat fromObject(java.lang.Object,int)>",
						"<android.filterfw.format.ObjectFormat: android.filterfw.core.MutableFrameFormat fromClass(java.lang.Class,int,int)>",
						"<android.filterfw.format.ObjectFormat: java.lang.Class getBoxedClass(java.lang.Class)>"
					],
					"depth":5,
					"method":"<android.filterfw.core.FilterFunction: android.filterfw.core.Frame execute(android.filterfw.core.KeyValueMap)>",
					"source":"CALLER"
				},
				{
					"trace":[
						"<android.filterfw.core.FilterFunction: android.filterfw.core.Frame executeWithArgList(java.lang.Object[])>",
						"<android.filterfw.core.FilterFunction: android.filterfw.core.Frame execute(android.filterfw.core.KeyValueMap)>",
						"<android.filterfw.core.Filter: void pushInputValue(java.lang.String,java.lang.Object)>",
						"<android.filterfw.core.Filter: android.filterfw.core.Frame wrapInputValue(java.lang.String,java.lang.Object)>",
						"<android.filterfw.format.ObjectFormat: android.filterfw.core.MutableFrameFormat fromObject(java.lang.Object,int)>",
						"<android.filterfw.format.ObjectFormat: android.filterfw.core.MutableFrameFormat fromClass(java.lang.Class,int,int)>",
						"<android.filterfw.format.ObjectFormat: java.lang.Class getBoxedClass(java.lang.Class)>"
					],
					"depth":6,
					"method":"<android.filterfw.core.FilterFunction: android.filterfw.core.Frame executeWithArgList(java.lang.Object[])>",
					"source":"CALLER"
				},
				{
					"trace":[
						"<android.filterfw.core.Filter: void initWithValueMap(android.filterfw.core.KeyValueMap)>",
						"<android.filterfw.core.Filter: void initFinalPorts(android.filterfw.core.KeyValueMap)>",
						"<android.filterfw.core.Filter: void addAndSetFinalPorts(android.filterfw.core.KeyValueMap)>",
						"<android.filterfw.core.Filter: void setImmediateInputValue(java.lang.String,java.lang.Object)>",
						"<android.filterfw.core.SimpleFrame: android.filterfw.core.SimpleFrame wrapObject(java.lang.Object,android.filterfw.core.FrameManager)>",
						"<android.filterfw.format.ObjectFormat: android.filterfw.core.MutableFrameFormat fromObject(java.lang.Object,int)>",
						"<android.filterfw.format.ObjectFormat: android.filterfw.core.MutableFrameFormat fromClass(java.lang.Class,int,int)>",
						"<android.filterfw.format.ObjectFormat: java.lang.Class getBoxedClass(java.lang.Class)>"
					],
					"depth":7,
					"method":"<android.filterfw.core.Filter: void initWithValueMap(android.filterfw.core.KeyValueMap)>",
					"source":"CALLER"
				},
				{
					"trace":[
						"<android.filterfw.core.Filter: void initWithAssignmentString(java.lang.String)>",
						"<android.filterfw.core.Filter: void initWithValueMap(android.filterfw.core.KeyValueMap)>",
						"<android.filterfw.core.Filter: void initFinalPorts(android.filterfw.core.KeyValueMap)>",
						"<android.filterfw.core.Filter: void addAndSetFinalPorts(android.filterfw.core.KeyValueMap)>",
						"<android.filterfw.core.Filter: void setImmediateInputValue(java.lang.String,java.lang.Object)>",
						"<android.filterfw.core.SimpleFrame: android.filterfw.core.SimpleFrame wrapObject(java.lang.Object,android.filterfw.core.FrameManager)>",
						"<android.filterfw.format.ObjectFormat: android.filterfw.core.MutableFrameFormat fromObject(java.lang.Object,int)>",
						"<android.filterfw.format.ObjectFormat: android.filterfw.core.MutableFrameFormat fromClass(java.lang.Class,int,int)>",
						"<android.filterfw.format.ObjectFormat: java.lang.Class getBoxedClass(java.lang.Class)>"
					],
					"depth":8,
					"method":"<android.filterfw.core.Filter: void initWithAssignmentString(java.lang.String)>",
					"source":"CALLER"
				},
				{
					"trace":[
						"<android.filterfw.core.Filter: void initWithAssignmentList(java.lang.Object[])>",
						"<android.filterfw.core.Filter: void initWithValueMap(android.filterfw.core.KeyValueMap)>",
						"<android.filterfw.core.Filter: void initFinalPorts(android.filterfw.core.KeyValueMap)>",
						"<android.filterfw.core.Filter: void addAndSetFinalPorts(android.filterfw.core.KeyValueMap)>",
						"<android.filterfw.core.Filter: void setImmediateInputValue(java.lang.String,java.lang.Object)>",
						"<android.filterfw.core.SimpleFrame: android.filterfw.core.SimpleFrame wrapObject(java.lang.Object,android.filterfw.core.FrameManager)>",
						"<android.filterfw.format.ObjectFormat: android.filterfw.core.MutableFrameFormat fromObject(java.lang.Object,int)>",
						"<android.filterfw.format.ObjectFormat: android.filterfw.core.MutableFrameFormat fromClass(java.lang.Class,int,int)>",
						"<android.filterfw.format.ObjectFormat: java.lang.Class getBoxedClass(java.lang.Class)>"
					],
					"depth":8,
					"method":"<android.filterfw.core.Filter: void initWithAssignmentList(java.lang.Object[])>",
					"source":"CALLER"
				}
			],
			"callerOfSingnlar2SourceVar":{
				"<android.filterfw.format.ObjectFormat: android.filterfw.core.MutableFrameFormat fromClass(java.lang.Class,int,int)>":"0",
				"<android.filterfw.core.Filter: void addProgramPort(java.lang.String,java.lang.String,java.lang.reflect.Field,java.lang.Class,boolean)>":"3",
				"<android.filterfw.format.ObjectFormat: java.lang.Class getBoxedClass(java.lang.Class)>":"0",
				"<android.filterfw.format.ObjectFormat: android.filterfw.core.MutableFrameFormat fromClass(java.lang.Class,int)>":"0"
			}
		}
	]
}