{
	"exceptions":[
		{
			"method":"<android.hardware.camera2.legacy.RequestQueue: long calculateLastFrame(int)>",
			"message":"\\QAt least one request must be in the queue to calculate frame number\\E",
			"relatedVarType":"ParaAndField",
			"relatedCondType":"Basic",
			"modifier":"private",
			"type":"java.lang.IllegalStateException",
			"osVersionRelated":false,
			"resourceRelated":false,
			"assessRelated":false,
			"hardwareRelated":true,
			"manifestRelated":false,
			"conditions":"$z0 == 0, $i2 != i3",
			"paramValues":"@parameter0: int",
			"fieldValues":"<android.hardware.camera2.legacy.RequestQueue: java.util.ArrayDeque mRequestQueue>",
			"relatedValues":"@parameter0: int; <android.hardware.camera2.legacy.RequestQueue: java.util.ArrayDeque mRequestQueue>; ",
			"keyAPISameClassNum":3,
			"keyAPIDiffClassNum":13,
			"keyAPISameClass":[
				{
					"trace":[
						"<android.hardware.camera2.legacy.RequestQueue: long calculateLastFrame(int)>"
					],
					"depth":1,
					"method":"<android.hardware.camera2.legacy.RequestQueue: void <init>(java.util.List)>",
					"source":"FIELD"
				},
				{
					"trace":[
						"<android.hardware.camera2.legacy.RequestQueue: long calculateLastFrame(int)>"
					],
					"depth":1,
					"method":"<android.hardware.camera2.legacy.RequestQueue: android.util.Pair getNext()>",
					"source":"FIELD"
				},
				{
					"trace":[
						"<android.hardware.camera2.legacy.RequestQueue: long calculateLastFrame(int)>"
					],
					"depth":1,
					"method":"<android.hardware.camera2.legacy.RequestQueue: int submit(java.util.List,boolean,android.hardware.camera2.utils.LongParcelable)>",
					"source":"FIELD"
				}
			],
			"keyAPIDiffClass":[
				{
					"trace":[
						"<android.hardware.camera2.legacy.RequestThreadManager: void <init>(int,android.hardware.Camera,android.hardware.camera2.CameraCharacteristics,android.hardware.camera2.legacy.CameraDeviceState)>",
						"<android.hardware.camera2.legacy.RequestQueue: void <init>(java.util.List)>",
						"key field: <android.hardware.camera2.legacy.RequestQueue: java.util.ArrayDeque mRequestQueue>",
						"<android.hardware.camera2.legacy.RequestQueue: long calculateLastFrame(int)>"
					],
					"depth":2,
					"method":"<android.hardware.camera2.legacy.RequestThreadManager: void <init>(int,android.hardware.Camera,android.hardware.camera2.CameraCharacteristics,android.hardware.camera2.legacy.CameraDeviceState)>",
					"source":"FIELDCALLER"
				},
				{
					"trace":[
						"<android.hardware.camera2.legacy.RequestThreadManager$5: boolean handleMessage(android.os.Message)>",
						"<android.hardware.camera2.legacy.RequestQueue: android.util.Pair getNext()>",
						"key field: <android.hardware.camera2.legacy.RequestQueue: java.util.ArrayDeque mRequestQueue>",
						"<android.hardware.camera2.legacy.RequestQueue: long calculateLastFrame(int)>"
					],
					"depth":2,
					"method":"<android.hardware.camera2.legacy.RequestThreadManager$5: boolean handleMessage(android.os.Message)>",
					"source":"FIELDCALLER"
				},
				{
					"trace":[
						"<android.os.Handler$Callback: boolean handleMessage(android.os.Message)>",
						"<android.hardware.camera2.legacy.RequestQueue: android.util.Pair getNext()>",
						"key field: <android.hardware.camera2.legacy.RequestQueue: java.util.ArrayDeque mRequestQueue>",
						"<android.hardware.camera2.legacy.RequestQueue: long calculateLastFrame(int)>"
					],
					"depth":2,
					"method":"<android.os.Handler$Callback: boolean handleMessage(android.os.Message)>",
					"source":"FIELDCALLER"
				},
				{
					"trace":[
						"<android.hardware.camera2.legacy.RequestThreadManager: int submitCaptureRequests(java.util.List,boolean,android.hardware.camera2.utils.LongParcelable)>",
						"<android.hardware.camera2.legacy.RequestQueue: int submit(java.util.List,boolean,android.hardware.camera2.utils.LongParcelable)>",
						"key field: <android.hardware.camera2.legacy.RequestQueue: java.util.ArrayDeque mRequestQueue>",
						"<android.hardware.camera2.legacy.RequestQueue: long calculateLastFrame(int)>"
					],
					"depth":2,
					"method":"<android.hardware.camera2.legacy.RequestThreadManager: int submitCaptureRequests(java.util.List,boolean,android.hardware.camera2.utils.LongParcelable)>",
					"source":"FIELDCALLER"
				},
				{
					"trace":[
						"<android.hardware.camera2.legacy.LegacyCameraDevice: void <init>(int,android.hardware.Camera,android.hardware.camera2.CameraCharacteristics,android.hardware.camera2.ICameraDeviceCallbacks)>",
						"<android.hardware.camera2.legacy.RequestThreadManager: void <init>(int,android.hardware.Camera,android.hardware.camera2.CameraCharacteristics,android.hardware.camera2.legacy.CameraDeviceState)>",
						"<android.hardware.camera2.legacy.RequestQueue: void <init>(java.util.List)>",
						"key field: <android.hardware.camera2.legacy.RequestQueue: java.util.ArrayDeque mRequestQueue>",
						"<android.hardware.camera2.legacy.RequestQueue: long calculateLastFrame(int)>"
					],
					"depth":3,
					"method":"<android.hardware.camera2.legacy.LegacyCameraDevice: void <init>(int,android.hardware.Camera,android.hardware.camera2.CameraCharacteristics,android.hardware.camera2.ICameraDeviceCallbacks)>",
					"source":"FIELDCALLER"
				},
				{
					"trace":[
						"<android.hardware.camera2.legacy.LegacyCameraDevice: int submitRequestList(java.util.List,boolean,android.hardware.camera2.utils.LongParcelable)>",
						"<android.hardware.camera2.legacy.RequestThreadManager: int submitCaptureRequests(java.util.List,boolean,android.hardware.camera2.utils.LongParcelable)>",
						"<android.hardware.camera2.legacy.RequestQueue: int submit(java.util.List,boolean,android.hardware.camera2.utils.LongParcelable)>",
						"key field: <android.hardware.camera2.legacy.RequestQueue: java.util.ArrayDeque mRequestQueue>",
						"<android.hardware.camera2.legacy.RequestQueue: long calculateLastFrame(int)>"
					],
					"depth":3,
					"method":"<android.hardware.camera2.legacy.LegacyCameraDevice: int submitRequestList(java.util.List,boolean,android.hardware.camera2.utils.LongParcelable)>",
					"source":"FIELDCALLER"
				},
				{
					"trace":[
						"<android.hardware.camera2.legacy.CameraDeviceUserShim: android.hardware.camera2.legacy.CameraDeviceUserShim connectBinderShim(android.hardware.camera2.ICameraDeviceCallbacks,int)>",
						"<android.hardware.camera2.legacy.LegacyCameraDevice: void <init>(int,android.hardware.Camera,android.hardware.camera2.CameraCharacteristics,android.hardware.camera2.ICameraDeviceCallbacks)>",
						"<android.hardware.camera2.legacy.RequestThreadManager: void <init>(int,android.hardware.Camera,android.hardware.camera2.CameraCharacteristics,android.hardware.camera2.legacy.CameraDeviceState)>",
						"<android.hardware.camera2.legacy.RequestQueue: void <init>(java.util.List)>",
						"key field: <android.hardware.camera2.legacy.RequestQueue: java.util.ArrayDeque mRequestQueue>",
						"<android.hardware.camera2.legacy.RequestQueue: long calculateLastFrame(int)>"
					],
					"depth":4,
					"method":"<android.hardware.camera2.legacy.CameraDeviceUserShim: android.hardware.camera2.legacy.CameraDeviceUserShim connectBinderShim(android.hardware.camera2.ICameraDeviceCallbacks,int)>",
					"source":"FIELDCALLER"
				},
				{
					"trace":[
						"<android.hardware.camera2.legacy.LegacyCameraDevice: int submitRequest(android.hardware.camera2.CaptureRequest,boolean,android.hardware.camera2.utils.LongParcelable)>",
						"<android.hardware.camera2.legacy.LegacyCameraDevice: int submitRequestList(java.util.List,boolean,android.hardware.camera2.utils.LongParcelable)>",
						"<android.hardware.camera2.legacy.RequestThreadManager: int submitCaptureRequests(java.util.List,boolean,android.hardware.camera2.utils.LongParcelable)>",
						"<android.hardware.camera2.legacy.RequestQueue: int submit(java.util.List,boolean,android.hardware.camera2.utils.LongParcelable)>",
						"key field: <android.hardware.camera2.legacy.RequestQueue: java.util.ArrayDeque mRequestQueue>",
						"<android.hardware.camera2.legacy.RequestQueue: long calculateLastFrame(int)>"
					],
					"depth":4,
					"method":"<android.hardware.camera2.legacy.LegacyCameraDevice: int submitRequest(android.hardware.camera2.CaptureRequest,boolean,android.hardware.camera2.utils.LongParcelable)>",
					"source":"FIELDCALLER"
				},
				{
					"trace":[
						"<android.hardware.camera2.legacy.CameraDeviceUserShim: int submitRequestList(java.util.List,boolean,android.hardware.camera2.utils.LongParcelable)>",
						"<android.hardware.camera2.legacy.LegacyCameraDevice: int submitRequestList(java.util.List,boolean,android.hardware.camera2.utils.LongParcelable)>",
						"<android.hardware.camera2.legacy.RequestThreadManager: int submitCaptureRequests(java.util.List,boolean,android.hardware.camera2.utils.LongParcelable)>",
						"<android.hardware.camera2.legacy.RequestQueue: int submit(java.util.List,boolean,android.hardware.camera2.utils.LongParcelable)>",
						"key field: <android.hardware.camera2.legacy.RequestQueue: java.util.ArrayDeque mRequestQueue>",
						"<android.hardware.camera2.legacy.RequestQueue: long calculateLastFrame(int)>"
					],
					"depth":4,
					"method":"<android.hardware.camera2.legacy.CameraDeviceUserShim: int submitRequestList(java.util.List,boolean,android.hardware.camera2.utils.LongParcelable)>",
					"source":"FIELDCALLER"
				},
				{
					"trace":[
						"<android.hardware.camera2.ICameraDeviceUser: int submitRequestList(java.util.List,boolean,android.hardware.camera2.utils.LongParcelable)>",
						"<android.hardware.camera2.legacy.LegacyCameraDevice: int submitRequestList(java.util.List,boolean,android.hardware.camera2.utils.LongParcelable)>",
						"<android.hardware.camera2.legacy.RequestThreadManager: int submitCaptureRequests(java.util.List,boolean,android.hardware.camera2.utils.LongParcelable)>",
						"<android.hardware.camera2.legacy.RequestQueue: int submit(java.util.List,boolean,android.hardware.camera2.utils.LongParcelable)>",
						"key field: <android.hardware.camera2.legacy.RequestQueue: java.util.ArrayDeque mRequestQueue>",
						"<android.hardware.camera2.legacy.RequestQueue: long calculateLastFrame(int)>"
					],
					"depth":4,
					"method":"<android.hardware.camera2.ICameraDeviceUser: int submitRequestList(java.util.List,boolean,android.hardware.camera2.utils.LongParcelable)>",
					"source":"FIELDCALLER"
				},
				{
					"trace":[
						"<android.hardware.camera2.legacy.CameraDeviceUserShim: int submitRequest(android.hardware.camera2.CaptureRequest,boolean,android.hardware.camera2.utils.LongParcelable)>",
						"<android.hardware.camera2.legacy.LegacyCameraDevice: int submitRequest(android.hardware.camera2.CaptureRequest,boolean,android.hardware.camera2.utils.LongParcelable)>",
						"<android.hardware.camera2.legacy.LegacyCameraDevice: int submitRequestList(java.util.List,boolean,android.hardware.camera2.utils.LongParcelable)>",
						"<android.hardware.camera2.legacy.RequestThreadManager: int submitCaptureRequests(java.util.List,boolean,android.hardware.camera2.utils.LongParcelable)>",
						"<android.hardware.camera2.legacy.RequestQueue: int submit(java.util.List,boolean,android.hardware.camera2.utils.LongParcelable)>",
						"key field: <android.hardware.camera2.legacy.RequestQueue: java.util.ArrayDeque mRequestQueue>",
						"<android.hardware.camera2.legacy.RequestQueue: long calculateLastFrame(int)>"
					],
					"depth":5,
					"method":"<android.hardware.camera2.legacy.CameraDeviceUserShim: int submitRequest(android.hardware.camera2.CaptureRequest,boolean,android.hardware.camera2.utils.LongParcelable)>",
					"source":"FIELDCALLER"
				},
				{
					"trace":[
						"<android.hardware.camera2.ICameraDeviceUser: int submitRequest(android.hardware.camera2.CaptureRequest,boolean,android.hardware.camera2.utils.LongParcelable)>",
						"<android.hardware.camera2.legacy.LegacyCameraDevice: int submitRequest(android.hardware.camera2.CaptureRequest,boolean,android.hardware.camera2.utils.LongParcelable)>",
						"<android.hardware.camera2.legacy.LegacyCameraDevice: int submitRequestList(java.util.List,boolean,android.hardware.camera2.utils.LongParcelable)>",
						"<android.hardware.camera2.legacy.RequestThreadManager: int submitCaptureRequests(java.util.List,boolean,android.hardware.camera2.utils.LongParcelable)>",
						"<android.hardware.camera2.legacy.RequestQueue: int submit(java.util.List,boolean,android.hardware.camera2.utils.LongParcelable)>",
						"key field: <android.hardware.camera2.legacy.RequestQueue: java.util.ArrayDeque mRequestQueue>",
						"<android.hardware.camera2.legacy.RequestQueue: long calculateLastFrame(int)>"
					],
					"depth":5,
					"method":"<android.hardware.camera2.ICameraDeviceUser: int submitRequest(android.hardware.camera2.CaptureRequest,boolean,android.hardware.camera2.utils.LongParcelable)>",
					"source":"FIELDCALLER"
				},
				{
					"trace":[
						"<android.hardware.camera2.CameraManager: void openCamera(java.lang.String,android.hardware.camera2.CameraDevice$StateCallback,android.os.Handler)>",
						"<android.hardware.camera2.CameraManager: android.hardware.camera2.CameraDevice openCameraDeviceUserAsync(java.lang.String,android.hardware.camera2.CameraDevice$StateCallback,android.os.Handler)>",
						"<android.hardware.camera2.legacy.CameraDeviceUserShim: android.hardware.camera2.legacy.CameraDeviceUserShim connectBinderShim(android.hardware.camera2.ICameraDeviceCallbacks,int)>",
						"<android.hardware.camera2.legacy.LegacyCameraDevice: void <init>(int,android.hardware.Camera,android.hardware.camera2.CameraCharacteristics,android.hardware.camera2.ICameraDeviceCallbacks)>",
						"<android.hardware.camera2.legacy.RequestThreadManager: void <init>(int,android.hardware.Camera,android.hardware.camera2.CameraCharacteristics,android.hardware.camera2.legacy.CameraDeviceState)>",
						"<android.hardware.camera2.legacy.RequestQueue: void <init>(java.util.List)>",
						"key field: <android.hardware.camera2.legacy.RequestQueue: java.util.ArrayDeque mRequestQueue>",
						"<android.hardware.camera2.legacy.RequestQueue: long calculateLastFrame(int)>"
					],
					"depth":6,
					"method":"<android.hardware.camera2.CameraManager: void openCamera(java.lang.String,android.hardware.camera2.CameraDevice$StateCallback,android.os.Handler)>",
					"source":"FIELDCALLER"
				}
			],
			"callerOfSingnlar2SourceVar":{
				"<android.hardware.camera2.legacy.RequestQueue: long calculateLastFrame(int)>":"0"
			}
		}
	]
}