{
	"exceptions":[
		{
			"method":"<android.hardware.SystemSensorManager: boolean requestTriggerSensorImpl(android.hardware.TriggerEventListener,android.hardware.Sensor)>",
			"message":"\\Qsensor cannot be null\\E",
			"relatedVarType":"Parameter",
			"relatedCondType":"Basic",
			"modifier":"protected",
			"type":"java.lang.IllegalArgumentException",
			"osVersionRelated":false,
			"resourceRelated":false,
			"assessRelated":false,
			"hardwareRelated":true,
			"manifestRelated":false,
			"conditions":"r0 != null",
			"paramValues":"@parameter1: android.hardware.Sensor",
			"relatedValues":"@parameter1: android.hardware.Sensor; ; ",
			"keyAPISameClassNum":0,
			"keyAPIDiffClassNum":0,
			"keyAPISameClass":[
				{
					"trace":[
						"<android.hardware.SystemSensorManager: boolean requestTriggerSensorImpl(android.hardware.TriggerEventListener,android.hardware.Sensor)>"
					],
					"depth":0,
					"method":"<android.hardware.SystemSensorManager: boolean requestTriggerSensorImpl(android.hardware.TriggerEventListener,android.hardware.Sensor)>",
					"source":"CALLER"
				}
			],
			"keyAPIDiffClass":[],
			"callerOfSingnlar2SourceVar":{
				"<android.hardware.SystemSensorManager: boolean requestTriggerSensorImpl(android.hardware.TriggerEventListener,android.hardware.Sensor)>":"1"
			}
		},
		{
			"method":"<android.hardware.SystemSensorManager: boolean requestTriggerSensorImpl(android.hardware.TriggerEventListener,android.hardware.Sensor)>",
			"message":"\\Qlistener cannot be null\\E",
			"relatedVarType":"Parameter",
			"relatedCondType":"Basic",
			"modifier":"protected",
			"type":"java.lang.IllegalArgumentException",
			"osVersionRelated":false,
			"resourceRelated":false,
			"assessRelated":false,
			"hardwareRelated":true,
			"manifestRelated":false,
			"conditions":"r1 != null, r0 != null",
			"paramValues":"@parameter0: android.hardware.TriggerEventListener, @parameter1: android.hardware.Sensor",
			"relatedValues":"@parameter0: android.hardware.TriggerEventListener, @parameter1: android.hardware.Sensor; ; ",
			"keyAPISameClassNum":0,
			"keyAPIDiffClassNum":0,
			"keyAPISameClass":[
				{
					"trace":[
						"<android.hardware.SystemSensorManager: boolean requestTriggerSensorImpl(android.hardware.TriggerEventListener,android.hardware.Sensor)>"
					],
					"depth":0,
					"method":"<android.hardware.SystemSensorManager: boolean requestTriggerSensorImpl(android.hardware.TriggerEventListener,android.hardware.Sensor)>",
					"source":"CALLER"
				}
			],
			"keyAPIDiffClass":[],
			"callerOfSingnlar2SourceVar":{
				"<android.hardware.SystemSensorManager: boolean requestTriggerSensorImpl(android.hardware.TriggerEventListener,android.hardware.Sensor)>":"0, 1"
			}
		},
		{
			"method":"<android.hardware.SystemSensorManager: boolean flushImpl(android.hardware.SensorEventListener)>",
			"message":"\\Qlistener cannot be null\\E",
			"relatedVarType":"Parameter",
			"relatedCondType":"Basic",
			"modifier":"protected",
			"type":"java.lang.IllegalArgumentException",
			"osVersionRelated":false,
			"resourceRelated":false,
			"assessRelated":false,
			"hardwareRelated":true,
			"manifestRelated":false,
			"conditions":"r0 != null",
			"paramValues":"@parameter0: android.hardware.SensorEventListener",
			"relatedValues":"@parameter0: android.hardware.SensorEventListener; ; ",
			"keyAPISameClassNum":0,
			"keyAPIDiffClassNum":0,
			"keyAPISameClass":[
				{
					"trace":[
						"<android.hardware.SystemSensorManager: boolean flushImpl(android.hardware.SensorEventListener)>"
					],
					"depth":0,
					"method":"<android.hardware.SystemSensorManager: boolean flushImpl(android.hardware.SensorEventListener)>",
					"source":"CALLER"
				}
			],
			"keyAPIDiffClass":[],
			"callerOfSingnlar2SourceVar":{
				"<android.hardware.SystemSensorManager: boolean flushImpl(android.hardware.SensorEventListener)>":"0"
			}
		}
	]
}