{
	"exceptions":[
		{
			"method":"<android.hardware.camera2.legacy.CaptureCollector$CaptureHolder: void setJpegTimestamp(long)>",
			"message":"\\QsetJpegTimestamp called for capture with no jpeg targets.\\E",
			"relatedVarType":"Field",
			"relatedCondType":"Basic",
			"modifier":"public",
			"type":"java.lang.IllegalStateException",
			"osVersionRelated":false,
			"resourceRelated":false,
			"assessRelated":false,
			"hardwareRelated":true,
			"manifestRelated":false,
			"conditions":"$z0 != 0",
			"fieldValues":"<android.hardware.camera2.legacy.CaptureCollector$CaptureHolder: boolean needsJpeg>",
			"relatedValues":"; <android.hardware.camera2.legacy.CaptureCollector$CaptureHolder: boolean needsJpeg>; ",
			"keyAPISameClassNum":1,
			"keyAPIDiffClassNum":3,
			"keyAPISameClass":[
				{
					"trace":[
						"<android.hardware.camera2.legacy.CaptureCollector$CaptureHolder: void setJpegTimestamp(long)>"
					],
					"depth":1,
					"method":"<android.hardware.camera2.legacy.CaptureCollector$CaptureHolder: void <init>(android.hardware.camera2.legacy.CaptureCollector,android.hardware.camera2.legacy.RequestHolder,android.hardware.camera2.legacy.LegacyRequest)>",
					"source":"FIELD"
				}
			],
			"keyAPIDiffClass":[
				{
					"trace":[
						"<android.hardware.camera2.legacy.CaptureCollector: boolean queueRequest(android.hardware.camera2.legacy.RequestHolder,android.hardware.camera2.legacy.LegacyRequest,long,java.util.concurrent.TimeUnit)>",
						"<android.hardware.camera2.legacy.CaptureCollector$CaptureHolder: void <init>(android.hardware.camera2.legacy.CaptureCollector,android.hardware.camera2.legacy.RequestHolder,android.hardware.camera2.legacy.LegacyRequest)>",
						"key field: <android.hardware.camera2.legacy.CaptureCollector$CaptureHolder: boolean needsJpeg>",
						"<android.hardware.camera2.legacy.CaptureCollector$CaptureHolder: void setJpegTimestamp(long)>"
					],
					"depth":2,
					"method":"<android.hardware.camera2.legacy.CaptureCollector: boolean queueRequest(android.hardware.camera2.legacy.RequestHolder,android.hardware.camera2.legacy.LegacyRequest,long,java.util.concurrent.TimeUnit)>",
					"source":"FIELDCALLER"
				},
				{
					"trace":[
						"<android.hardware.camera2.legacy.RequestThreadManager$5: boolean handleMessage(android.os.Message)>",
						"<android.hardware.camera2.legacy.CaptureCollector: boolean queueRequest(android.hardware.camera2.legacy.RequestHolder,android.hardware.camera2.legacy.LegacyRequest,long,java.util.concurrent.TimeUnit)>",
						"<android.hardware.camera2.legacy.CaptureCollector$CaptureHolder: void <init>(android.hardware.camera2.legacy.CaptureCollector,android.hardware.camera2.legacy.RequestHolder,android.hardware.camera2.legacy.LegacyRequest)>",
						"key field: <android.hardware.camera2.legacy.CaptureCollector$CaptureHolder: boolean needsJpeg>",
						"<android.hardware.camera2.legacy.CaptureCollector$CaptureHolder: void setJpegTimestamp(long)>"
					],
					"depth":3,
					"method":"<android.hardware.camera2.legacy.RequestThreadManager$5: boolean handleMessage(android.os.Message)>",
					"source":"FIELDCALLER"
				},
				{
					"trace":[
						"<android.os.Handler$Callback: boolean handleMessage(android.os.Message)>",
						"<android.hardware.camera2.legacy.CaptureCollector: boolean queueRequest(android.hardware.camera2.legacy.RequestHolder,android.hardware.camera2.legacy.LegacyRequest,long,java.util.concurrent.TimeUnit)>",
						"<android.hardware.camera2.legacy.CaptureCollector$CaptureHolder: void <init>(android.hardware.camera2.legacy.CaptureCollector,android.hardware.camera2.legacy.RequestHolder,android.hardware.camera2.legacy.LegacyRequest)>",
						"key field: <android.hardware.camera2.legacy.CaptureCollector$CaptureHolder: boolean needsJpeg>",
						"<android.hardware.camera2.legacy.CaptureCollector$CaptureHolder: void setJpegTimestamp(long)>"
					],
					"depth":3,
					"method":"<android.os.Handler$Callback: boolean handleMessage(android.os.Message)>",
					"source":"FIELDCALLER"
				}
			],
			"callerOfSingnlar2SourceVar":{}
		},
		{
			"method":"<android.hardware.camera2.legacy.CaptureCollector$CaptureHolder: void setJpegTimestamp(long)>",
			"message":"\\QsetJpegTimestamp called on already completed request.\\E",
			"relatedVarType":"Field",
			"relatedCondType":"Basic",
			"modifier":"public",
			"type":"java.lang.IllegalStateException",
			"osVersionRelated":false,
			"resourceRelated":false,
			"assessRelated":false,
			"hardwareRelated":true,
			"manifestRelated":false,
			"conditions":"$z1 == 0, $z0 != 0",
			"fieldValues":"<android.hardware.camera2.legacy.CaptureCollector$CaptureHolder: boolean needsJpeg>",
			"relatedValues":"; <android.hardware.camera2.legacy.CaptureCollector$CaptureHolder: boolean needsJpeg>; ",
			"keyAPISameClassNum":1,
			"keyAPIDiffClassNum":3,
			"keyAPISameClass":[
				{
					"trace":[
						"<android.hardware.camera2.legacy.CaptureCollector$CaptureHolder: void setJpegTimestamp(long)>"
					],
					"depth":1,
					"method":"<android.hardware.camera2.legacy.CaptureCollector$CaptureHolder: void <init>(android.hardware.camera2.legacy.CaptureCollector,android.hardware.camera2.legacy.RequestHolder,android.hardware.camera2.legacy.LegacyRequest)>",
					"source":"FIELD"
				}
			],
			"keyAPIDiffClass":[
				{
					"trace":[
						"<android.hardware.camera2.legacy.CaptureCollector: boolean queueRequest(android.hardware.camera2.legacy.RequestHolder,android.hardware.camera2.legacy.LegacyRequest,long,java.util.concurrent.TimeUnit)>",
						"<android.hardware.camera2.legacy.CaptureCollector$CaptureHolder: void <init>(android.hardware.camera2.legacy.CaptureCollector,android.hardware.camera2.legacy.RequestHolder,android.hardware.camera2.legacy.LegacyRequest)>",
						"key field: <android.hardware.camera2.legacy.CaptureCollector$CaptureHolder: boolean needsJpeg>",
						"<android.hardware.camera2.legacy.CaptureCollector$CaptureHolder: void setJpegTimestamp(long)>"
					],
					"depth":2,
					"method":"<android.hardware.camera2.legacy.CaptureCollector: boolean queueRequest(android.hardware.camera2.legacy.RequestHolder,android.hardware.camera2.legacy.LegacyRequest,long,java.util.concurrent.TimeUnit)>",
					"source":"FIELDCALLER"
				},
				{
					"trace":[
						"<android.hardware.camera2.legacy.RequestThreadManager$5: boolean handleMessage(android.os.Message)>",
						"<android.hardware.camera2.legacy.CaptureCollector: boolean queueRequest(android.hardware.camera2.legacy.RequestHolder,android.hardware.camera2.legacy.LegacyRequest,long,java.util.concurrent.TimeUnit)>",
						"<android.hardware.camera2.legacy.CaptureCollector$CaptureHolder: void <init>(android.hardware.camera2.legacy.CaptureCollector,android.hardware.camera2.legacy.RequestHolder,android.hardware.camera2.legacy.LegacyRequest)>",
						"key field: <android.hardware.camera2.legacy.CaptureCollector$CaptureHolder: boolean needsJpeg>",
						"<android.hardware.camera2.legacy.CaptureCollector$CaptureHolder: void setJpegTimestamp(long)>"
					],
					"depth":3,
					"method":"<android.hardware.camera2.legacy.RequestThreadManager$5: boolean handleMessage(android.os.Message)>",
					"source":"FIELDCALLER"
				},
				{
					"trace":[
						"<android.os.Handler$Callback: boolean handleMessage(android.os.Message)>",
						"<android.hardware.camera2.legacy.CaptureCollector: boolean queueRequest(android.hardware.camera2.legacy.RequestHolder,android.hardware.camera2.legacy.LegacyRequest,long,java.util.concurrent.TimeUnit)>",
						"<android.hardware.camera2.legacy.CaptureCollector$CaptureHolder: void <init>(android.hardware.camera2.legacy.CaptureCollector,android.hardware.camera2.legacy.RequestHolder,android.hardware.camera2.legacy.LegacyRequest)>",
						"key field: <android.hardware.camera2.legacy.CaptureCollector$CaptureHolder: boolean needsJpeg>",
						"<android.hardware.camera2.legacy.CaptureCollector$CaptureHolder: void setJpegTimestamp(long)>"
					],
					"depth":3,
					"method":"<android.os.Handler$Callback: boolean handleMessage(android.os.Message)>",
					"source":"FIELDCALLER"
				}
			],
			"callerOfSingnlar2SourceVar":{}
		},
		{
			"method":"<android.hardware.camera2.legacy.CaptureCollector$CaptureHolder: void setJpegProduced()>",
			"message":"\\QsetJpegProduced called for capture with no jpeg targets.\\E",
			"relatedVarType":"Field",
			"relatedCondType":"Basic",
			"modifier":"public",
			"type":"java.lang.IllegalStateException",
			"osVersionRelated":false,
			"resourceRelated":false,
			"assessRelated":false,
			"hardwareRelated":true,
			"manifestRelated":false,
			"conditions":"$z0 != 0",
			"fieldValues":"<android.hardware.camera2.legacy.CaptureCollector$CaptureHolder: boolean needsJpeg>",
			"relatedValues":"; <android.hardware.camera2.legacy.CaptureCollector$CaptureHolder: boolean needsJpeg>; ",
			"keyAPISameClassNum":1,
			"keyAPIDiffClassNum":3,
			"keyAPISameClass":[
				{
					"trace":[
						"<android.hardware.camera2.legacy.CaptureCollector$CaptureHolder: void setJpegProduced()>"
					],
					"depth":1,
					"method":"<android.hardware.camera2.legacy.CaptureCollector$CaptureHolder: void <init>(android.hardware.camera2.legacy.CaptureCollector,android.hardware.camera2.legacy.RequestHolder,android.hardware.camera2.legacy.LegacyRequest)>",
					"source":"FIELD"
				}
			],
			"keyAPIDiffClass":[
				{
					"trace":[
						"<android.hardware.camera2.legacy.CaptureCollector: boolean queueRequest(android.hardware.camera2.legacy.RequestHolder,android.hardware.camera2.legacy.LegacyRequest,long,java.util.concurrent.TimeUnit)>",
						"<android.hardware.camera2.legacy.CaptureCollector$CaptureHolder: void <init>(android.hardware.camera2.legacy.CaptureCollector,android.hardware.camera2.legacy.RequestHolder,android.hardware.camera2.legacy.LegacyRequest)>",
						"key field: <android.hardware.camera2.legacy.CaptureCollector$CaptureHolder: boolean needsJpeg>",
						"<android.hardware.camera2.legacy.CaptureCollector$CaptureHolder: void setJpegProduced()>"
					],
					"depth":2,
					"method":"<android.hardware.camera2.legacy.CaptureCollector: boolean queueRequest(android.hardware.camera2.legacy.RequestHolder,android.hardware.camera2.legacy.LegacyRequest,long,java.util.concurrent.TimeUnit)>",
					"source":"FIELDCALLER"
				},
				{
					"trace":[
						"<android.hardware.camera2.legacy.RequestThreadManager$5: boolean handleMessage(android.os.Message)>",
						"<android.hardware.camera2.legacy.CaptureCollector: boolean queueRequest(android.hardware.camera2.legacy.RequestHolder,android.hardware.camera2.legacy.LegacyRequest,long,java.util.concurrent.TimeUnit)>",
						"<android.hardware.camera2.legacy.CaptureCollector$CaptureHolder: void <init>(android.hardware.camera2.legacy.CaptureCollector,android.hardware.camera2.legacy.RequestHolder,android.hardware.camera2.legacy.LegacyRequest)>",
						"key field: <android.hardware.camera2.legacy.CaptureCollector$CaptureHolder: boolean needsJpeg>",
						"<android.hardware.camera2.legacy.CaptureCollector$CaptureHolder: void setJpegProduced()>"
					],
					"depth":3,
					"method":"<android.hardware.camera2.legacy.RequestThreadManager$5: boolean handleMessage(android.os.Message)>",
					"source":"FIELDCALLER"
				},
				{
					"trace":[
						"<android.os.Handler$Callback: boolean handleMessage(android.os.Message)>",
						"<android.hardware.camera2.legacy.CaptureCollector: boolean queueRequest(android.hardware.camera2.legacy.RequestHolder,android.hardware.camera2.legacy.LegacyRequest,long,java.util.concurrent.TimeUnit)>",
						"<android.hardware.camera2.legacy.CaptureCollector$CaptureHolder: void <init>(android.hardware.camera2.legacy.CaptureCollector,android.hardware.camera2.legacy.RequestHolder,android.hardware.camera2.legacy.LegacyRequest)>",
						"key field: <android.hardware.camera2.legacy.CaptureCollector$CaptureHolder: boolean needsJpeg>",
						"<android.hardware.camera2.legacy.CaptureCollector$CaptureHolder: void setJpegProduced()>"
					],
					"depth":3,
					"method":"<android.os.Handler$Callback: boolean handleMessage(android.os.Message)>",
					"source":"FIELDCALLER"
				}
			],
			"callerOfSingnlar2SourceVar":{}
		},
		{
			"method":"<android.hardware.camera2.legacy.CaptureCollector$CaptureHolder: void setJpegProduced()>",
			"message":"\\QsetJpegProduced called on already completed request.\\E",
			"relatedVarType":"Field",
			"relatedCondType":"Basic",
			"modifier":"public",
			"type":"java.lang.IllegalStateException",
			"osVersionRelated":false,
			"resourceRelated":false,
			"assessRelated":false,
			"hardwareRelated":true,
			"manifestRelated":false,
			"conditions":"$z1 == 0, $z0 != 0",
			"fieldValues":"<android.hardware.camera2.legacy.CaptureCollector$CaptureHolder: boolean needsJpeg>",
			"relatedValues":"; <android.hardware.camera2.legacy.CaptureCollector$CaptureHolder: boolean needsJpeg>; ",
			"keyAPISameClassNum":1,
			"keyAPIDiffClassNum":3,
			"keyAPISameClass":[
				{
					"trace":[
						"<android.hardware.camera2.legacy.CaptureCollector$CaptureHolder: void setJpegProduced()>"
					],
					"depth":1,
					"method":"<android.hardware.camera2.legacy.CaptureCollector$CaptureHolder: void <init>(android.hardware.camera2.legacy.CaptureCollector,android.hardware.camera2.legacy.RequestHolder,android.hardware.camera2.legacy.LegacyRequest)>",
					"source":"FIELD"
				}
			],
			"keyAPIDiffClass":[
				{
					"trace":[
						"<android.hardware.camera2.legacy.CaptureCollector: boolean queueRequest(android.hardware.camera2.legacy.RequestHolder,android.hardware.camera2.legacy.LegacyRequest,long,java.util.concurrent.TimeUnit)>",
						"<android.hardware.camera2.legacy.CaptureCollector$CaptureHolder: void <init>(android.hardware.camera2.legacy.CaptureCollector,android.hardware.camera2.legacy.RequestHolder,android.hardware.camera2.legacy.LegacyRequest)>",
						"key field: <android.hardware.camera2.legacy.CaptureCollector$CaptureHolder: boolean needsJpeg>",
						"<android.hardware.camera2.legacy.CaptureCollector$CaptureHolder: void setJpegProduced()>"
					],
					"depth":2,
					"method":"<android.hardware.camera2.legacy.CaptureCollector: boolean queueRequest(android.hardware.camera2.legacy.RequestHolder,android.hardware.camera2.legacy.LegacyRequest,long,java.util.concurrent.TimeUnit)>",
					"source":"FIELDCALLER"
				},
				{
					"trace":[
						"<android.hardware.camera2.legacy.RequestThreadManager$5: boolean handleMessage(android.os.Message)>",
						"<android.hardware.camera2.legacy.CaptureCollector: boolean queueRequest(android.hardware.camera2.legacy.RequestHolder,android.hardware.camera2.legacy.LegacyRequest,long,java.util.concurrent.TimeUnit)>",
						"<android.hardware.camera2.legacy.CaptureCollector$CaptureHolder: void <init>(android.hardware.camera2.legacy.CaptureCollector,android.hardware.camera2.legacy.RequestHolder,android.hardware.camera2.legacy.LegacyRequest)>",
						"key field: <android.hardware.camera2.legacy.CaptureCollector$CaptureHolder: boolean needsJpeg>",
						"<android.hardware.camera2.legacy.CaptureCollector$CaptureHolder: void setJpegProduced()>"
					],
					"depth":3,
					"method":"<android.hardware.camera2.legacy.RequestThreadManager$5: boolean handleMessage(android.os.Message)>",
					"source":"FIELDCALLER"
				},
				{
					"trace":[
						"<android.os.Handler$Callback: boolean handleMessage(android.os.Message)>",
						"<android.hardware.camera2.legacy.CaptureCollector: boolean queueRequest(android.hardware.camera2.legacy.RequestHolder,android.hardware.camera2.legacy.LegacyRequest,long,java.util.concurrent.TimeUnit)>",
						"<android.hardware.camera2.legacy.CaptureCollector$CaptureHolder: void <init>(android.hardware.camera2.legacy.CaptureCollector,android.hardware.camera2.legacy.RequestHolder,android.hardware.camera2.legacy.LegacyRequest)>",
						"key field: <android.hardware.camera2.legacy.CaptureCollector$CaptureHolder: boolean needsJpeg>",
						"<android.hardware.camera2.legacy.CaptureCollector$CaptureHolder: void setJpegProduced()>"
					],
					"depth":3,
					"method":"<android.os.Handler$Callback: boolean handleMessage(android.os.Message)>",
					"source":"FIELDCALLER"
				}
			],
			"callerOfSingnlar2SourceVar":{}
		},
		{
			"method":"<android.hardware.camera2.legacy.CaptureCollector$CaptureHolder: void setPreviewTimestamp(long)>",
			"message":"\\QsetPreviewTimestamp called for capture with no preview targets.\\E",
			"relatedVarType":"Field",
			"relatedCondType":"Basic",
			"modifier":"public",
			"type":"java.lang.IllegalStateException",
			"osVersionRelated":false,
			"resourceRelated":false,
			"assessRelated":false,
			"hardwareRelated":true,
			"manifestRelated":false,
			"conditions":"$z0 != 0",
			"fieldValues":"<android.hardware.camera2.legacy.CaptureCollector$CaptureHolder: boolean needsPreview>",
			"relatedValues":"; <android.hardware.camera2.legacy.CaptureCollector$CaptureHolder: boolean needsPreview>; ",
			"keyAPISameClassNum":1,
			"keyAPIDiffClassNum":3,
			"keyAPISameClass":[
				{
					"trace":[
						"<android.hardware.camera2.legacy.CaptureCollector$CaptureHolder: void setPreviewTimestamp(long)>"
					],
					"depth":1,
					"method":"<android.hardware.camera2.legacy.CaptureCollector$CaptureHolder: void <init>(android.hardware.camera2.legacy.CaptureCollector,android.hardware.camera2.legacy.RequestHolder,android.hardware.camera2.legacy.LegacyRequest)>",
					"source":"FIELD"
				}
			],
			"keyAPIDiffClass":[
				{
					"trace":[
						"<android.hardware.camera2.legacy.CaptureCollector: boolean queueRequest(android.hardware.camera2.legacy.RequestHolder,android.hardware.camera2.legacy.LegacyRequest,long,java.util.concurrent.TimeUnit)>",
						"<android.hardware.camera2.legacy.CaptureCollector$CaptureHolder: void <init>(android.hardware.camera2.legacy.CaptureCollector,android.hardware.camera2.legacy.RequestHolder,android.hardware.camera2.legacy.LegacyRequest)>",
						"key field: <android.hardware.camera2.legacy.CaptureCollector$CaptureHolder: boolean needsPreview>",
						"<android.hardware.camera2.legacy.CaptureCollector$CaptureHolder: void setPreviewTimestamp(long)>"
					],
					"depth":2,
					"method":"<android.hardware.camera2.legacy.CaptureCollector: boolean queueRequest(android.hardware.camera2.legacy.RequestHolder,android.hardware.camera2.legacy.LegacyRequest,long,java.util.concurrent.TimeUnit)>",
					"source":"FIELDCALLER"
				},
				{
					"trace":[
						"<android.hardware.camera2.legacy.RequestThreadManager$5: boolean handleMessage(android.os.Message)>",
						"<android.hardware.camera2.legacy.CaptureCollector: boolean queueRequest(android.hardware.camera2.legacy.RequestHolder,android.hardware.camera2.legacy.LegacyRequest,long,java.util.concurrent.TimeUnit)>",
						"<android.hardware.camera2.legacy.CaptureCollector$CaptureHolder: void <init>(android.hardware.camera2.legacy.CaptureCollector,android.hardware.camera2.legacy.RequestHolder,android.hardware.camera2.legacy.LegacyRequest)>",
						"key field: <android.hardware.camera2.legacy.CaptureCollector$CaptureHolder: boolean needsPreview>",
						"<android.hardware.camera2.legacy.CaptureCollector$CaptureHolder: void setPreviewTimestamp(long)>"
					],
					"depth":3,
					"method":"<android.hardware.camera2.legacy.RequestThreadManager$5: boolean handleMessage(android.os.Message)>",
					"source":"FIELDCALLER"
				},
				{
					"trace":[
						"<android.os.Handler$Callback: boolean handleMessage(android.os.Message)>",
						"<android.hardware.camera2.legacy.CaptureCollector: boolean queueRequest(android.hardware.camera2.legacy.RequestHolder,android.hardware.camera2.legacy.LegacyRequest,long,java.util.concurrent.TimeUnit)>",
						"<android.hardware.camera2.legacy.CaptureCollector$CaptureHolder: void <init>(android.hardware.camera2.legacy.CaptureCollector,android.hardware.camera2.legacy.RequestHolder,android.hardware.camera2.legacy.LegacyRequest)>",
						"key field: <android.hardware.camera2.legacy.CaptureCollector$CaptureHolder: boolean needsPreview>",
						"<android.hardware.camera2.legacy.CaptureCollector$CaptureHolder: void setPreviewTimestamp(long)>"
					],
					"depth":3,
					"method":"<android.os.Handler$Callback: boolean handleMessage(android.os.Message)>",
					"source":"FIELDCALLER"
				}
			],
			"callerOfSingnlar2SourceVar":{}
		},
		{
			"method":"<android.hardware.camera2.legacy.CaptureCollector$CaptureHolder: void setPreviewTimestamp(long)>",
			"message":"\\QsetPreviewTimestamp called on already completed request.\\E",
			"relatedVarType":"Field",
			"relatedCondType":"Basic",
			"modifier":"public",
			"type":"java.lang.IllegalStateException",
			"osVersionRelated":false,
			"resourceRelated":false,
			"assessRelated":false,
			"hardwareRelated":true,
			"manifestRelated":false,
			"conditions":"$z1 == 0, $z0 != 0",
			"fieldValues":"<android.hardware.camera2.legacy.CaptureCollector$CaptureHolder: boolean needsPreview>",
			"relatedValues":"; <android.hardware.camera2.legacy.CaptureCollector$CaptureHolder: boolean needsPreview>; ",
			"keyAPISameClassNum":1,
			"keyAPIDiffClassNum":3,
			"keyAPISameClass":[
				{
					"trace":[
						"<android.hardware.camera2.legacy.CaptureCollector$CaptureHolder: void setPreviewTimestamp(long)>"
					],
					"depth":1,
					"method":"<android.hardware.camera2.legacy.CaptureCollector$CaptureHolder: void <init>(android.hardware.camera2.legacy.CaptureCollector,android.hardware.camera2.legacy.RequestHolder,android.hardware.camera2.legacy.LegacyRequest)>",
					"source":"FIELD"
				}
			],
			"keyAPIDiffClass":[
				{
					"trace":[
						"<android.hardware.camera2.legacy.CaptureCollector: boolean queueRequest(android.hardware.camera2.legacy.RequestHolder,android.hardware.camera2.legacy.LegacyRequest,long,java.util.concurrent.TimeUnit)>",
						"<android.hardware.camera2.legacy.CaptureCollector$CaptureHolder: void <init>(android.hardware.camera2.legacy.CaptureCollector,android.hardware.camera2.legacy.RequestHolder,android.hardware.camera2.legacy.LegacyRequest)>",
						"key field: <android.hardware.camera2.legacy.CaptureCollector$CaptureHolder: boolean needsPreview>",
						"<android.hardware.camera2.legacy.CaptureCollector$CaptureHolder: void setPreviewTimestamp(long)>"
					],
					"depth":2,
					"method":"<android.hardware.camera2.legacy.CaptureCollector: boolean queueRequest(android.hardware.camera2.legacy.RequestHolder,android.hardware.camera2.legacy.LegacyRequest,long,java.util.concurrent.TimeUnit)>",
					"source":"FIELDCALLER"
				},
				{
					"trace":[
						"<android.hardware.camera2.legacy.RequestThreadManager$5: boolean handleMessage(android.os.Message)>",
						"<android.hardware.camera2.legacy.CaptureCollector: boolean queueRequest(android.hardware.camera2.legacy.RequestHolder,android.hardware.camera2.legacy.LegacyRequest,long,java.util.concurrent.TimeUnit)>",
						"<android.hardware.camera2.legacy.CaptureCollector$CaptureHolder: void <init>(android.hardware.camera2.legacy.CaptureCollector,android.hardware.camera2.legacy.RequestHolder,android.hardware.camera2.legacy.LegacyRequest)>",
						"key field: <android.hardware.camera2.legacy.CaptureCollector$CaptureHolder: boolean needsPreview>",
						"<android.hardware.camera2.legacy.CaptureCollector$CaptureHolder: void setPreviewTimestamp(long)>"
					],
					"depth":3,
					"method":"<android.hardware.camera2.legacy.RequestThreadManager$5: boolean handleMessage(android.os.Message)>",
					"source":"FIELDCALLER"
				},
				{
					"trace":[
						"<android.os.Handler$Callback: boolean handleMessage(android.os.Message)>",
						"<android.hardware.camera2.legacy.CaptureCollector: boolean queueRequest(android.hardware.camera2.legacy.RequestHolder,android.hardware.camera2.legacy.LegacyRequest,long,java.util.concurrent.TimeUnit)>",
						"<android.hardware.camera2.legacy.CaptureCollector$CaptureHolder: void <init>(android.hardware.camera2.legacy.CaptureCollector,android.hardware.camera2.legacy.RequestHolder,android.hardware.camera2.legacy.LegacyRequest)>",
						"key field: <android.hardware.camera2.legacy.CaptureCollector$CaptureHolder: boolean needsPreview>",
						"<android.hardware.camera2.legacy.CaptureCollector$CaptureHolder: void setPreviewTimestamp(long)>"
					],
					"depth":3,
					"method":"<android.os.Handler$Callback: boolean handleMessage(android.os.Message)>",
					"source":"FIELDCALLER"
				}
			],
			"callerOfSingnlar2SourceVar":{}
		},
		{
			"method":"<android.hardware.camera2.legacy.CaptureCollector$CaptureHolder: void setPreviewProduced()>",
			"message":"\\QsetPreviewProduced called on already completed request.\\E",
			"relatedVarType":"Field",
			"relatedCondType":"Basic",
			"modifier":"public",
			"type":"java.lang.IllegalStateException",
			"osVersionRelated":false,
			"resourceRelated":false,
			"assessRelated":false,
			"hardwareRelated":true,
			"manifestRelated":false,
			"conditions":"$z1 == 0, $z0 != 0",
			"fieldValues":"<android.hardware.camera2.legacy.CaptureCollector$CaptureHolder: boolean needsPreview>",
			"relatedValues":"; <android.hardware.camera2.legacy.CaptureCollector$CaptureHolder: boolean needsPreview>; ",
			"keyAPISameClassNum":1,
			"keyAPIDiffClassNum":3,
			"keyAPISameClass":[
				{
					"trace":[
						"<android.hardware.camera2.legacy.CaptureCollector$CaptureHolder: void setPreviewProduced()>"
					],
					"depth":1,
					"method":"<android.hardware.camera2.legacy.CaptureCollector$CaptureHolder: void <init>(android.hardware.camera2.legacy.CaptureCollector,android.hardware.camera2.legacy.RequestHolder,android.hardware.camera2.legacy.LegacyRequest)>",
					"source":"FIELD"
				}
			],
			"keyAPIDiffClass":[
				{
					"trace":[
						"<android.hardware.camera2.legacy.CaptureCollector: boolean queueRequest(android.hardware.camera2.legacy.RequestHolder,android.hardware.camera2.legacy.LegacyRequest,long,java.util.concurrent.TimeUnit)>",
						"<android.hardware.camera2.legacy.CaptureCollector$CaptureHolder: void <init>(android.hardware.camera2.legacy.CaptureCollector,android.hardware.camera2.legacy.RequestHolder,android.hardware.camera2.legacy.LegacyRequest)>",
						"key field: <android.hardware.camera2.legacy.CaptureCollector$CaptureHolder: boolean needsPreview>",
						"<android.hardware.camera2.legacy.CaptureCollector$CaptureHolder: void setPreviewProduced()>"
					],
					"depth":2,
					"method":"<android.hardware.camera2.legacy.CaptureCollector: boolean queueRequest(android.hardware.camera2.legacy.RequestHolder,android.hardware.camera2.legacy.LegacyRequest,long,java.util.concurrent.TimeUnit)>",
					"source":"FIELDCALLER"
				},
				{
					"trace":[
						"<android.hardware.camera2.legacy.RequestThreadManager$5: boolean handleMessage(android.os.Message)>",
						"<android.hardware.camera2.legacy.CaptureCollector: boolean queueRequest(android.hardware.camera2.legacy.RequestHolder,android.hardware.camera2.legacy.LegacyRequest,long,java.util.concurrent.TimeUnit)>",
						"<android.hardware.camera2.legacy.CaptureCollector$CaptureHolder: void <init>(android.hardware.camera2.legacy.CaptureCollector,android.hardware.camera2.legacy.RequestHolder,android.hardware.camera2.legacy.LegacyRequest)>",
						"key field: <android.hardware.camera2.legacy.CaptureCollector$CaptureHolder: boolean needsPreview>",
						"<android.hardware.camera2.legacy.CaptureCollector$CaptureHolder: void setPreviewProduced()>"
					],
					"depth":3,
					"method":"<android.hardware.camera2.legacy.RequestThreadManager$5: boolean handleMessage(android.os.Message)>",
					"source":"FIELDCALLER"
				},
				{
					"trace":[
						"<android.os.Handler$Callback: boolean handleMessage(android.os.Message)>",
						"<android.hardware.camera2.legacy.CaptureCollector: boolean queueRequest(android.hardware.camera2.legacy.RequestHolder,android.hardware.camera2.legacy.LegacyRequest,long,java.util.concurrent.TimeUnit)>",
						"<android.hardware.camera2.legacy.CaptureCollector$CaptureHolder: void <init>(android.hardware.camera2.legacy.CaptureCollector,android.hardware.camera2.legacy.RequestHolder,android.hardware.camera2.legacy.LegacyRequest)>",
						"key field: <android.hardware.camera2.legacy.CaptureCollector$CaptureHolder: boolean needsPreview>",
						"<android.hardware.camera2.legacy.CaptureCollector$CaptureHolder: void setPreviewProduced()>"
					],
					"depth":3,
					"method":"<android.os.Handler$Callback: boolean handleMessage(android.os.Message)>",
					"source":"FIELDCALLER"
				}
			],
			"callerOfSingnlar2SourceVar":{}
		},
		{
			"method":"<android.hardware.camera2.legacy.CaptureCollector$CaptureHolder: void setPreviewProduced()>",
			"message":"\\QsetPreviewProduced called for capture with no preview targets.\\E",
			"relatedVarType":"Field",
			"relatedCondType":"Basic",
			"modifier":"public",
			"type":"java.lang.IllegalStateException",
			"osVersionRelated":false,
			"resourceRelated":false,
			"assessRelated":false,
			"hardwareRelated":true,
			"manifestRelated":false,
			"conditions":"$z0 != 0",
			"fieldValues":"<android.hardware.camera2.legacy.CaptureCollector$CaptureHolder: boolean needsPreview>",
			"relatedValues":"; <android.hardware.camera2.legacy.CaptureCollector$CaptureHolder: boolean needsPreview>; ",
			"keyAPISameClassNum":1,
			"keyAPIDiffClassNum":3,
			"keyAPISameClass":[
				{
					"trace":[
						"<android.hardware.camera2.legacy.CaptureCollector$CaptureHolder: void setPreviewProduced()>"
					],
					"depth":1,
					"method":"<android.hardware.camera2.legacy.CaptureCollector$CaptureHolder: void <init>(android.hardware.camera2.legacy.CaptureCollector,android.hardware.camera2.legacy.RequestHolder,android.hardware.camera2.legacy.LegacyRequest)>",
					"source":"FIELD"
				}
			],
			"keyAPIDiffClass":[
				{
					"trace":[
						"<android.hardware.camera2.legacy.CaptureCollector: boolean queueRequest(android.hardware.camera2.legacy.RequestHolder,android.hardware.camera2.legacy.LegacyRequest,long,java.util.concurrent.TimeUnit)>",
						"<android.hardware.camera2.legacy.CaptureCollector$CaptureHolder: void <init>(android.hardware.camera2.legacy.CaptureCollector,android.hardware.camera2.legacy.RequestHolder,android.hardware.camera2.legacy.LegacyRequest)>",
						"key field: <android.hardware.camera2.legacy.CaptureCollector$CaptureHolder: boolean needsPreview>",
						"<android.hardware.camera2.legacy.CaptureCollector$CaptureHolder: void setPreviewProduced()>"
					],
					"depth":2,
					"method":"<android.hardware.camera2.legacy.CaptureCollector: boolean queueRequest(android.hardware.camera2.legacy.RequestHolder,android.hardware.camera2.legacy.LegacyRequest,long,java.util.concurrent.TimeUnit)>",
					"source":"FIELDCALLER"
				},
				{
					"trace":[
						"<android.hardware.camera2.legacy.RequestThreadManager$5: boolean handleMessage(android.os.Message)>",
						"<android.hardware.camera2.legacy.CaptureCollector: boolean queueRequest(android.hardware.camera2.legacy.RequestHolder,android.hardware.camera2.legacy.LegacyRequest,long,java.util.concurrent.TimeUnit)>",
						"<android.hardware.camera2.legacy.CaptureCollector$CaptureHolder: void <init>(android.hardware.camera2.legacy.CaptureCollector,android.hardware.camera2.legacy.RequestHolder,android.hardware.camera2.legacy.LegacyRequest)>",
						"key field: <android.hardware.camera2.legacy.CaptureCollector$CaptureHolder: boolean needsPreview>",
						"<android.hardware.camera2.legacy.CaptureCollector$CaptureHolder: void setPreviewProduced()>"
					],
					"depth":3,
					"method":"<android.hardware.camera2.legacy.RequestThreadManager$5: boolean handleMessage(android.os.Message)>",
					"source":"FIELDCALLER"
				},
				{
					"trace":[
						"<android.os.Handler$Callback: boolean handleMessage(android.os.Message)>",
						"<android.hardware.camera2.legacy.CaptureCollector: boolean queueRequest(android.hardware.camera2.legacy.RequestHolder,android.hardware.camera2.legacy.LegacyRequest,long,java.util.concurrent.TimeUnit)>",
						"<android.hardware.camera2.legacy.CaptureCollector$CaptureHolder: void <init>(android.hardware.camera2.legacy.CaptureCollector,android.hardware.camera2.legacy.RequestHolder,android.hardware.camera2.legacy.LegacyRequest)>",
						"key field: <android.hardware.camera2.legacy.CaptureCollector$CaptureHolder: boolean needsPreview>",
						"<android.hardware.camera2.legacy.CaptureCollector$CaptureHolder: void setPreviewProduced()>"
					],
					"depth":3,
					"method":"<android.os.Handler$Callback: boolean handleMessage(android.os.Message)>",
					"source":"FIELDCALLER"
				}
			],
			"callerOfSingnlar2SourceVar":{}
		}
	]
}