{
	"exceptions":[
		{
			"method":"<android.graphics.drawable.Drawable: android.graphics.drawable.Drawable createFromXml(android.content.res.Resources,org.xmlpull.v1.XmlPullParser,android.content.res.Resources$Theme)>",
			"message":"\\QUnknown initial tag: \\E[\\s\\S]*",
			"relatedVarType":"Parameter",
			"relatedCondType":"Basic",
			"modifier":"public",
			"type":"java.lang.RuntimeException",
			"osVersionRelated":false,
			"resourceRelated":true,
			"assessRelated":false,
			"hardwareRelated":false,
			"manifestRelated":false,
			"conditions":"r4 != null, $i0 == 2, $i0 == 2",
			"paramValues":"@parameter0: android.content.res.Resources, @parameter1: org.xmlpull.v1.XmlPullParser, @parameter2: android.content.res.Resources$Theme",
			"relatedValues":"@parameter0: android.content.res.Resources, @parameter1: org.xmlpull.v1.XmlPullParser, @parameter2: android.content.res.Resources$Theme; ; ",
			"keyAPISameClassNum":0,
			"keyAPIDiffClassNum":0,
			"keyAPISameClass":[
				{
					"trace":[
						"<android.graphics.drawable.Drawable: android.graphics.drawable.Drawable createFromXml(android.content.res.Resources,org.xmlpull.v1.XmlPullParser,android.content.res.Resources$Theme)>"
					],
					"depth":0,
					"method":"<android.graphics.drawable.Drawable: android.graphics.drawable.Drawable createFromXml(android.content.res.Resources,org.xmlpull.v1.XmlPullParser,android.content.res.Resources$Theme)>",
					"source":"CALLER"
				},
				{
					"trace":[
						"<android.graphics.drawable.Drawable: android.graphics.drawable.Drawable createFromXml(android.content.res.Resources,org.xmlpull.v1.XmlPullParser)>",
						"<android.graphics.drawable.Drawable: android.graphics.drawable.Drawable createFromXml(android.content.res.Resources,org.xmlpull.v1.XmlPullParser,android.content.res.Resources$Theme)>"
					],
					"depth":1,
					"method":"<android.graphics.drawable.Drawable: android.graphics.drawable.Drawable createFromXml(android.content.res.Resources,org.xmlpull.v1.XmlPullParser)>",
					"source":"CALLER"
				}
			],
			"keyAPIDiffClass":[],
			"callerOfSingnlar2SourceVar":{
				"<android.graphics.drawable.Drawable: android.graphics.drawable.Drawable createFromXml(android.content.res.Resources,org.xmlpull.v1.XmlPullParser)>":"0, 1",
				"<android.graphics.drawable.Drawable: android.graphics.drawable.Drawable createFromXml(android.content.res.Resources,org.xmlpull.v1.XmlPullParser,android.content.res.Resources$Theme)>":"0, 1, 2",
				"<android.content.res.Resources: android.graphics.drawable.Drawable loadDrawableForCookie(android.util.TypedValue,int,android.content.res.Resources$Theme)>":"-1, 2"
			}
		},
		{
			"method":"<android.graphics.drawable.Drawable: android.graphics.drawable.Drawable createFromXml(android.content.res.Resources,org.xmlpull.v1.XmlPullParser,android.content.res.Resources$Theme)>",
			"message":"[\\s\\S]*",
			"relatedVarType":"Parameter",
			"relatedCondType":"Basic",
			"modifier":"public",
			"type":"java.lang.Throwable",
			"osVersionRelated":false,
			"resourceRelated":false,
			"assessRelated":false,
			"hardwareRelated":false,
			"manifestRelated":false,
			"conditions":"$i0 == 2, $i0 == 2, $i0 == 1",
			"paramValues":"@parameter1: org.xmlpull.v1.XmlPullParser",
			"relatedValues":"@parameter1: org.xmlpull.v1.XmlPullParser; ; ",
			"keyAPISameClassNum":0,
			"keyAPIDiffClassNum":0,
			"keyAPISameClass":[
				{
					"trace":[
						"<android.graphics.drawable.Drawable: android.graphics.drawable.Drawable createFromXml(android.content.res.Resources,org.xmlpull.v1.XmlPullParser,android.content.res.Resources$Theme)>"
					],
					"depth":0,
					"method":"<android.graphics.drawable.Drawable: android.graphics.drawable.Drawable createFromXml(android.content.res.Resources,org.xmlpull.v1.XmlPullParser,android.content.res.Resources$Theme)>",
					"source":"CALLER"
				},
				{
					"trace":[
						"<android.graphics.drawable.Drawable: android.graphics.drawable.Drawable createFromXml(android.content.res.Resources,org.xmlpull.v1.XmlPullParser)>",
						"<android.graphics.drawable.Drawable: android.graphics.drawable.Drawable createFromXml(android.content.res.Resources,org.xmlpull.v1.XmlPullParser,android.content.res.Resources$Theme)>"
					],
					"depth":1,
					"method":"<android.graphics.drawable.Drawable: android.graphics.drawable.Drawable createFromXml(android.content.res.Resources,org.xmlpull.v1.XmlPullParser)>",
					"source":"CALLER"
				}
			],
			"keyAPIDiffClass":[],
			"callerOfSingnlar2SourceVar":{
				"<android.graphics.drawable.Drawable: android.graphics.drawable.Drawable createFromXml(android.content.res.Resources,org.xmlpull.v1.XmlPullParser)>":"1",
				"<android.graphics.drawable.Drawable: android.graphics.drawable.Drawable createFromXml(android.content.res.Resources,org.xmlpull.v1.XmlPullParser,android.content.res.Resources$Theme)>":"1"
			}
		},
		{
			"method":"<android.graphics.drawable.Drawable: android.graphics.drawable.Drawable createFromXmlInner(android.content.res.Resources,org.xmlpull.v1.XmlPullParser,android.util.AttributeSet,android.content.res.Resources$Theme)>",
			"message":"[\\s\\S]*",
			"relatedVarType":"Parameter",
			"relatedCondType":"Basic",
			"modifier":"public",
			"type":"java.lang.Throwable",
			"osVersionRelated":false,
			"resourceRelated":false,
			"assessRelated":false,
			"hardwareRelated":false,
			"manifestRelated":false,
			"conditions":"b1, $z2 == 0, $i0",
			"paramValues":"@parameter1: org.xmlpull.v1.XmlPullParser",
			"relatedValues":"@parameter1: org.xmlpull.v1.XmlPullParser; ; ",
			"keyAPISameClassNum":0,
			"keyAPIDiffClassNum":0,
			"keyAPISameClass":[
				{
					"trace":[
						"<android.graphics.drawable.Drawable: android.graphics.drawable.Drawable createFromXmlInner(android.content.res.Resources,org.xmlpull.v1.XmlPullParser,android.util.AttributeSet,android.content.res.Resources$Theme)>"
					],
					"depth":0,
					"method":"<android.graphics.drawable.Drawable: android.graphics.drawable.Drawable createFromXmlInner(android.content.res.Resources,org.xmlpull.v1.XmlPullParser,android.util.AttributeSet,android.content.res.Resources$Theme)>",
					"source":"CALLER"
				},
				{
					"trace":[
						"<android.graphics.drawable.Drawable: android.graphics.drawable.Drawable createFromXml(android.content.res.Resources,org.xmlpull.v1.XmlPullParser,android.content.res.Resources$Theme)>",
						"<android.graphics.drawable.Drawable: android.graphics.drawable.Drawable createFromXmlInner(android.content.res.Resources,org.xmlpull.v1.XmlPullParser,android.util.AttributeSet,android.content.res.Resources$Theme)>"
					],
					"depth":1,
					"method":"<android.graphics.drawable.Drawable: android.graphics.drawable.Drawable createFromXml(android.content.res.Resources,org.xmlpull.v1.XmlPullParser,android.content.res.Resources$Theme)>",
					"source":"CALLER"
				},
				{
					"trace":[
						"<android.graphics.drawable.Drawable: android.graphics.drawable.Drawable createFromXmlInner(android.content.res.Resources,org.xmlpull.v1.XmlPullParser,android.util.AttributeSet)>",
						"<android.graphics.drawable.Drawable: android.graphics.drawable.Drawable createFromXmlInner(android.content.res.Resources,org.xmlpull.v1.XmlPullParser,android.util.AttributeSet,android.content.res.Resources$Theme)>"
					],
					"depth":1,
					"method":"<android.graphics.drawable.Drawable: android.graphics.drawable.Drawable createFromXmlInner(android.content.res.Resources,org.xmlpull.v1.XmlPullParser,android.util.AttributeSet)>",
					"source":"CALLER"
				},
				{
					"trace":[
						"<android.graphics.drawable.Drawable: android.graphics.drawable.Drawable createFromXml(android.content.res.Resources,org.xmlpull.v1.XmlPullParser)>",
						"<android.graphics.drawable.Drawable: android.graphics.drawable.Drawable createFromXml(android.content.res.Resources,org.xmlpull.v1.XmlPullParser,android.content.res.Resources$Theme)>",
						"<android.graphics.drawable.Drawable: android.graphics.drawable.Drawable createFromXmlInner(android.content.res.Resources,org.xmlpull.v1.XmlPullParser,android.util.AttributeSet,android.content.res.Resources$Theme)>"
					],
					"depth":2,
					"method":"<android.graphics.drawable.Drawable: android.graphics.drawable.Drawable createFromXml(android.content.res.Resources,org.xmlpull.v1.XmlPullParser)>",
					"source":"CALLER"
				}
			],
			"keyAPIDiffClass":[
				{
					"trace":[
						"<android.graphics.drawable.LevelListDrawable: void inflate(android.content.res.Resources,org.xmlpull.v1.XmlPullParser,android.util.AttributeSet,android.content.res.Resources$Theme)>",
						"<android.graphics.drawable.Drawable: android.graphics.drawable.Drawable createFromXmlInner(android.content.res.Resources,org.xmlpull.v1.XmlPullParser,android.util.AttributeSet,android.content.res.Resources$Theme)>"
					],
					"depth":1,
					"method":"<android.graphics.drawable.LevelListDrawable: void inflate(android.content.res.Resources,org.xmlpull.v1.XmlPullParser,android.util.AttributeSet,android.content.res.Resources$Theme)>",
					"source":"CALLER"
				},
				{
					"trace":[
						"<android.graphics.drawable.ClipDrawable: void inflate(android.content.res.Resources,org.xmlpull.v1.XmlPullParser,android.util.AttributeSet,android.content.res.Resources$Theme)>",
						"<android.graphics.drawable.DrawableWrapper: void inflateChildDrawable(android.content.res.Resources,org.xmlpull.v1.XmlPullParser,android.util.AttributeSet,android.content.res.Resources$Theme)>",
						"<android.graphics.drawable.Drawable: android.graphics.drawable.Drawable createFromXmlInner(android.content.res.Resources,org.xmlpull.v1.XmlPullParser,android.util.AttributeSet,android.content.res.Resources$Theme)>"
					],
					"depth":2,
					"method":"<android.graphics.drawable.ClipDrawable: void inflate(android.content.res.Resources,org.xmlpull.v1.XmlPullParser,android.util.AttributeSet,android.content.res.Resources$Theme)>",
					"source":"CALLER"
				},
				{
					"trace":[
						"<android.graphics.drawable.RotateDrawable: void inflate(android.content.res.Resources,org.xmlpull.v1.XmlPullParser,android.util.AttributeSet,android.content.res.Resources$Theme)>",
						"<android.graphics.drawable.DrawableWrapper: void inflateChildDrawable(android.content.res.Resources,org.xmlpull.v1.XmlPullParser,android.util.AttributeSet,android.content.res.Resources$Theme)>",
						"<android.graphics.drawable.Drawable: android.graphics.drawable.Drawable createFromXmlInner(android.content.res.Resources,org.xmlpull.v1.XmlPullParser,android.util.AttributeSet,android.content.res.Resources$Theme)>"
					],
					"depth":2,
					"method":"<android.graphics.drawable.RotateDrawable: void inflate(android.content.res.Resources,org.xmlpull.v1.XmlPullParser,android.util.AttributeSet,android.content.res.Resources$Theme)>",
					"source":"CALLER"
				},
				{
					"trace":[
						"<android.graphics.drawable.ScaleDrawable: void inflate(android.content.res.Resources,org.xmlpull.v1.XmlPullParser,android.util.AttributeSet,android.content.res.Resources$Theme)>",
						"<android.graphics.drawable.DrawableWrapper: void inflateChildDrawable(android.content.res.Resources,org.xmlpull.v1.XmlPullParser,android.util.AttributeSet,android.content.res.Resources$Theme)>",
						"<android.graphics.drawable.Drawable: android.graphics.drawable.Drawable createFromXmlInner(android.content.res.Resources,org.xmlpull.v1.XmlPullParser,android.util.AttributeSet,android.content.res.Resources$Theme)>"
					],
					"depth":2,
					"method":"<android.graphics.drawable.ScaleDrawable: void inflate(android.content.res.Resources,org.xmlpull.v1.XmlPullParser,android.util.AttributeSet,android.content.res.Resources$Theme)>",
					"source":"CALLER"
				},
				{
					"trace":[
						"<android.graphics.drawable.InsetDrawable: void inflate(android.content.res.Resources,org.xmlpull.v1.XmlPullParser,android.util.AttributeSet,android.content.res.Resources$Theme)>",
						"<android.graphics.drawable.DrawableWrapper: void inflateChildDrawable(android.content.res.Resources,org.xmlpull.v1.XmlPullParser,android.util.AttributeSet,android.content.res.Resources$Theme)>",
						"<android.graphics.drawable.Drawable: android.graphics.drawable.Drawable createFromXmlInner(android.content.res.Resources,org.xmlpull.v1.XmlPullParser,android.util.AttributeSet,android.content.res.Resources$Theme)>"
					],
					"depth":2,
					"method":"<android.graphics.drawable.InsetDrawable: void inflate(android.content.res.Resources,org.xmlpull.v1.XmlPullParser,android.util.AttributeSet,android.content.res.Resources$Theme)>",
					"source":"CALLER"
				},
				{
					"trace":[
						"<android.graphics.drawable.AnimatedRotateDrawable: void inflate(android.content.res.Resources,org.xmlpull.v1.XmlPullParser,android.util.AttributeSet,android.content.res.Resources$Theme)>",
						"<android.graphics.drawable.DrawableWrapper: void inflateChildDrawable(android.content.res.Resources,org.xmlpull.v1.XmlPullParser,android.util.AttributeSet,android.content.res.Resources$Theme)>",
						"<android.graphics.drawable.Drawable: android.graphics.drawable.Drawable createFromXmlInner(android.content.res.Resources,org.xmlpull.v1.XmlPullParser,android.util.AttributeSet,android.content.res.Resources$Theme)>"
					],
					"depth":2,
					"method":"<android.graphics.drawable.AnimatedRotateDrawable: void inflate(android.content.res.Resources,org.xmlpull.v1.XmlPullParser,android.util.AttributeSet,android.content.res.Resources$Theme)>",
					"source":"CALLER"
				},
				{
					"trace":[
						"<android.graphics.drawable.StateListDrawable: void inflate(android.content.res.Resources,org.xmlpull.v1.XmlPullParser,android.util.AttributeSet,android.content.res.Resources$Theme)>",
						"<android.graphics.drawable.StateListDrawable: void inflateChildElements(android.content.res.Resources,org.xmlpull.v1.XmlPullParser,android.util.AttributeSet,android.content.res.Resources$Theme)>",
						"<android.graphics.drawable.Drawable: android.graphics.drawable.Drawable createFromXmlInner(android.content.res.Resources,org.xmlpull.v1.XmlPullParser,android.util.AttributeSet,android.content.res.Resources$Theme)>"
					],
					"depth":2,
					"method":"<android.graphics.drawable.StateListDrawable: void inflate(android.content.res.Resources,org.xmlpull.v1.XmlPullParser,android.util.AttributeSet,android.content.res.Resources$Theme)>",
					"source":"CALLER"
				},
				{
					"trace":[
						"<android.graphics.drawable.AnimationDrawable: void inflate(android.content.res.Resources,org.xmlpull.v1.XmlPullParser,android.util.AttributeSet,android.content.res.Resources$Theme)>",
						"<android.graphics.drawable.AnimationDrawable: void inflateChildElements(android.content.res.Resources,org.xmlpull.v1.XmlPullParser,android.util.AttributeSet,android.content.res.Resources$Theme)>",
						"<android.graphics.drawable.Drawable: android.graphics.drawable.Drawable createFromXmlInner(android.content.res.Resources,org.xmlpull.v1.XmlPullParser,android.util.AttributeSet,android.content.res.Resources$Theme)>"
					],
					"depth":2,
					"method":"<android.graphics.drawable.AnimationDrawable: void inflate(android.content.res.Resources,org.xmlpull.v1.XmlPullParser,android.util.AttributeSet,android.content.res.Resources$Theme)>",
					"source":"CALLER"
				},
				{
					"trace":[
						"<android.graphics.drawable.LayerDrawable: void inflate(android.content.res.Resources,org.xmlpull.v1.XmlPullParser,android.util.AttributeSet,android.content.res.Resources$Theme)>",
						"<android.graphics.drawable.LayerDrawable: void inflateLayers(android.content.res.Resources,org.xmlpull.v1.XmlPullParser,android.util.AttributeSet,android.content.res.Resources$Theme)>",
						"<android.graphics.drawable.Drawable: android.graphics.drawable.Drawable createFromXmlInner(android.content.res.Resources,org.xmlpull.v1.XmlPullParser,android.util.AttributeSet,android.content.res.Resources$Theme)>"
					],
					"depth":2,
					"method":"<android.graphics.drawable.LayerDrawable: void inflate(android.content.res.Resources,org.xmlpull.v1.XmlPullParser,android.util.AttributeSet,android.content.res.Resources$Theme)>",
					"source":"CALLER"
				},
				{
					"trace":[
						"<android.graphics.drawable.AnimatedStateListDrawable: void inflate(android.content.res.Resources,org.xmlpull.v1.XmlPullParser,android.util.AttributeSet,android.content.res.Resources$Theme)>",
						"<android.graphics.drawable.AnimatedStateListDrawable: void inflateChildElements(android.content.res.Resources,org.xmlpull.v1.XmlPullParser,android.util.AttributeSet,android.content.res.Resources$Theme)>",
						"<android.graphics.drawable.AnimatedStateListDrawable: int parseTransition(android.content.res.Resources,org.xmlpull.v1.XmlPullParser,android.util.AttributeSet,android.content.res.Resources$Theme)>",
						"<android.graphics.drawable.Drawable: android.graphics.drawable.Drawable createFromXmlInner(android.content.res.Resources,org.xmlpull.v1.XmlPullParser,android.util.AttributeSet,android.content.res.Resources$Theme)>"
					],
					"depth":3,
					"method":"<android.graphics.drawable.AnimatedStateListDrawable: void inflate(android.content.res.Resources,org.xmlpull.v1.XmlPullParser,android.util.AttributeSet,android.content.res.Resources$Theme)>",
					"source":"CALLER"
				},
				{
					"trace":[
						"<android.graphics.drawable.RippleDrawable: void inflate(android.content.res.Resources,org.xmlpull.v1.XmlPullParser,android.util.AttributeSet,android.content.res.Resources$Theme)>",
						"<android.graphics.drawable.LayerDrawable: void inflate(android.content.res.Resources,org.xmlpull.v1.XmlPullParser,android.util.AttributeSet,android.content.res.Resources$Theme)>",
						"<android.graphics.drawable.LayerDrawable: void inflateLayers(android.content.res.Resources,org.xmlpull.v1.XmlPullParser,android.util.AttributeSet,android.content.res.Resources$Theme)>",
						"<android.graphics.drawable.Drawable: android.graphics.drawable.Drawable createFromXmlInner(android.content.res.Resources,org.xmlpull.v1.XmlPullParser,android.util.AttributeSet,android.content.res.Resources$Theme)>"
					],
					"depth":3,
					"method":"<android.graphics.drawable.RippleDrawable: void inflate(android.content.res.Resources,org.xmlpull.v1.XmlPullParser,android.util.AttributeSet,android.content.res.Resources$Theme)>",
					"source":"CALLER"
				}
			],
			"callerOfSingnlar2SourceVar":{
				"<android.graphics.drawable.Drawable: android.graphics.drawable.Drawable createFromXmlInner(android.content.res.Resources,org.xmlpull.v1.XmlPullParser,android.util.AttributeSet)>":"1",
				"<android.graphics.drawable.InsetDrawable: void inflate(android.content.res.Resources,org.xmlpull.v1.XmlPullParser,android.util.AttributeSet,android.content.res.Resources$Theme)>":"1",
				"<android.graphics.drawable.ClipDrawable: void inflate(android.content.res.Resources,org.xmlpull.v1.XmlPullParser,android.util.AttributeSet,android.content.res.Resources$Theme)>":"1",
				"<android.graphics.drawable.AnimatedRotateDrawable: void inflate(android.content.res.Resources,org.xmlpull.v1.XmlPullParser,android.util.AttributeSet,android.content.res.Resources$Theme)>":"1",
				"<android.graphics.drawable.Drawable: android.graphics.drawable.Drawable createFromXml(android.content.res.Resources,org.xmlpull.v1.XmlPullParser)>":"1",
				"<android.graphics.drawable.Drawable: android.graphics.drawable.Drawable createFromXml(android.content.res.Resources,org.xmlpull.v1.XmlPullParser,android.content.res.Resources$Theme)>":"1",
				"<android.graphics.drawable.AnimatedStateListDrawable: int parseTransition(android.content.res.Resources,org.xmlpull.v1.XmlPullParser,android.util.AttributeSet,android.content.res.Resources$Theme)>":"1",
				"<android.graphics.drawable.AnimatedStateListDrawable: int parseItem(android.content.res.Resources,org.xmlpull.v1.XmlPullParser,android.util.AttributeSet,android.content.res.Resources$Theme)>":"1",
				"<android.graphics.drawable.LevelListDrawable: void inflate(android.content.res.Resources,org.xmlpull.v1.XmlPullParser,android.util.AttributeSet,android.content.res.Resources$Theme)>":"1",
				"<android.graphics.drawable.RippleDrawable: void inflate(android.content.res.Resources,org.xmlpull.v1.XmlPullParser,android.util.AttributeSet,android.content.res.Resources$Theme)>":"1",
				"<android.graphics.drawable.AnimationDrawable: void inflateChildElements(android.content.res.Resources,org.xmlpull.v1.XmlPullParser,android.util.AttributeSet,android.content.res.Resources$Theme)>":"1",
				"<android.graphics.drawable.LayerDrawable: void inflateLayers(android.content.res.Resources,org.xmlpull.v1.XmlPullParser,android.util.AttributeSet,android.content.res.Resources$Theme)>":"1",
				"<android.graphics.drawable.AnimatedStateListDrawable: void inflate(android.content.res.Resources,org.xmlpull.v1.XmlPullParser,android.util.AttributeSet,android.content.res.Resources$Theme)>":"1",
				"<android.graphics.drawable.StateListDrawable: void inflateChildElements(android.content.res.Resources,org.xmlpull.v1.XmlPullParser,android.util.AttributeSet,android.content.res.Resources$Theme)>":"1",
				"<android.graphics.drawable.AnimatedStateListDrawable: void inflateChildElements(android.content.res.Resources,org.xmlpull.v1.XmlPullParser,android.util.AttributeSet,android.content.res.Resources$Theme)>":"1",
				"<android.graphics.drawable.StateListDrawable: void inflate(android.content.res.Resources,org.xmlpull.v1.XmlPullParser,android.util.AttributeSet,android.content.res.Resources$Theme)>":"1",
				"<android.graphics.drawable.LayerDrawable: void inflate(android.content.res.Resources,org.xmlpull.v1.XmlPullParser,android.util.AttributeSet,android.content.res.Resources$Theme)>":"1",
				"<android.graphics.drawable.DrawableWrapper: void inflateChildDrawable(android.content.res.Resources,org.xmlpull.v1.XmlPullParser,android.util.AttributeSet,android.content.res.Resources$Theme)>":"1",
				"<android.graphics.drawable.Drawable: android.graphics.drawable.Drawable createFromXmlInner(android.content.res.Resources,org.xmlpull.v1.XmlPullParser,android.util.AttributeSet,android.content.res.Resources$Theme)>":"1",
				"<android.graphics.drawable.RotateDrawable: void inflate(android.content.res.Resources,org.xmlpull.v1.XmlPullParser,android.util.AttributeSet,android.content.res.Resources$Theme)>":"1",
				"<android.graphics.drawable.ScaleDrawable: void inflate(android.content.res.Resources,org.xmlpull.v1.XmlPullParser,android.util.AttributeSet,android.content.res.Resources$Theme)>":"1",
				"<android.graphics.drawable.AnimationDrawable: void inflate(android.content.res.Resources,org.xmlpull.v1.XmlPullParser,android.util.AttributeSet,android.content.res.Resources$Theme)>":"1"
			}
		}
	]
}