{
	"exceptions":[
		{
			"method":"<android.app.ActivityOptions: android.app.ActivityOptions makeCustomInPlaceAnimation(android.content.Context,int)>",
			"message":"\\QYou must specify a valid animation.\\E",
			"relatedVarType":"Parameter",
			"relatedCondType":"Basic",
			"modifier":"public",
			"type":"java.lang.RuntimeException",
			"osVersionRelated":false,
			"resourceRelated":false,
			"assessRelated":false,
			"hardwareRelated":false,
			"manifestRelated":false,
			"conditions":"i0 != 0",
			"paramValues":"@parameter1: int",
			"relatedValues":"@parameter1: int; ; ",
			"keyAPISameClassNum":0,
			"keyAPIDiffClassNum":0,
			"keyAPISameClass":[
				{
					"trace":[
						"<android.app.ActivityOptions: android.app.ActivityOptions makeCustomInPlaceAnimation(android.content.Context,int)>"
					],
					"depth":0,
					"method":"<android.app.ActivityOptions: android.app.ActivityOptions makeCustomInPlaceAnimation(android.content.Context,int)>",
					"source":"CALLER"
				}
			],
			"keyAPIDiffClass":[],
			"callerOfSingnlar2SourceVar":{
				"<android.app.ActivityOptions: android.app.ActivityOptions makeCustomInPlaceAnimation(android.content.Context,int)>":"1"
			}
		},
		{
			"method":"<android.app.ActivityOptions: android.app.ActivityOptions makeSceneTransitionAnimation(android.app.Activity,android.util.Pair[])>",
			"message":"\\QShared element name must not be null\\E",
			"relatedVarType":"Parameter",
			"relatedCondType":"Basic",
			"modifier":"public",
			"type":"java.lang.IllegalArgumentException",
			"osVersionRelated":false,
			"resourceRelated":false,
			"assessRelated":false,
			"hardwareRelated":false,
			"manifestRelated":false,
			"conditions":"r13 != null, i2 >= $i1, r8 == null",
			"paramValues":"@parameter1: android.util.Pair[]",
			"relatedValues":"@parameter1: android.util.Pair[]; ; ",
			"keyAPISameClassNum":0,
			"keyAPIDiffClassNum":0,
			"keyAPISameClass":[
				{
					"trace":[
						"<android.app.ActivityOptions: android.app.ActivityOptions makeSceneTransitionAnimation(android.app.Activity,android.util.Pair[])>"
					],
					"depth":0,
					"method":"<android.app.ActivityOptions: android.app.ActivityOptions makeSceneTransitionAnimation(android.app.Activity,android.util.Pair[])>",
					"source":"CALLER"
				}
			],
			"keyAPIDiffClass":[],
			"callerOfSingnlar2SourceVar":{
				"<android.app.ActivityOptions: android.app.ActivityOptions makeSceneTransitionAnimation(android.app.Activity,android.util.Pair[])>":"1"
			}
		},
		{
			"method":"<android.app.ActivityOptions: android.app.ActivityOptions makeSceneTransitionAnimation(android.app.Activity,android.util.Pair[])>",
			"message":"\\QShared element must not be null\\E",
			"relatedVarType":"Parameter",
			"relatedCondType":"Basic",
			"modifier":"public",
			"type":"java.lang.IllegalArgumentException",
			"osVersionRelated":false,
			"resourceRelated":false,
			"assessRelated":false,
			"hardwareRelated":false,
			"manifestRelated":false,
			"conditions":"r15 != null, r13 != null, i2 >= $i1",
			"paramValues":"@parameter1: android.util.Pair[]",
			"relatedValues":"@parameter1: android.util.Pair[]; ; ",
			"keyAPISameClassNum":0,
			"keyAPIDiffClassNum":0,
			"keyAPISameClass":[
				{
					"trace":[
						"<android.app.ActivityOptions: android.app.ActivityOptions makeSceneTransitionAnimation(android.app.Activity,android.util.Pair[])>"
					],
					"depth":0,
					"method":"<android.app.ActivityOptions: android.app.ActivityOptions makeSceneTransitionAnimation(android.app.Activity,android.util.Pair[])>",
					"source":"CALLER"
				}
			],
			"keyAPIDiffClass":[],
			"callerOfSingnlar2SourceVar":{
				"<android.app.ActivityOptions: android.app.ActivityOptions makeSceneTransitionAnimation(android.app.Activity,android.util.Pair[])>":"1"
			}
		}
	]
}