{
	"exceptions":[
		{
			"method":"<android.hardware.camera2.impl.CameraMetadataNative$Key: void <init>(java.lang.String,java.lang.Class)>",
			"message":"\\QType needs to be non-null\\E",
			"relatedVarType":"Parameter",
			"relatedCondType":"Basic",
			"modifier":"public",
			"type":"java.lang.NullPointerException",
			"osVersionRelated":false,
			"resourceRelated":false,
			"assessRelated":false,
			"hardwareRelated":true,
			"manifestRelated":false,
			"conditions":"r2 != null, r1 != null",
			"paramValues":"@parameter1: java.lang.Class, @parameter0: java.lang.String",
			"relatedValues":"@parameter1: java.lang.Class, @parameter0: java.lang.String; ; ",
			"keyAPISameClassNum":0,
			"keyAPIDiffClassNum":0,
			"keyAPISameClass":[
				{
					"trace":[
						"<android.hardware.camera2.impl.CameraMetadataNative$Key: void <init>(java.lang.String,java.lang.Class)>"
					],
					"depth":0,
					"method":"<android.hardware.camera2.impl.CameraMetadataNative$Key: void <init>(java.lang.String,java.lang.Class)>",
					"source":"CALLER"
				}
			],
			"keyAPIDiffClass":[
				{
					"trace":[
						"<android.hardware.camera2.CaptureRequest$Key: void <init>(java.lang.String,java.lang.Class)>",
						"<android.hardware.camera2.impl.CameraMetadataNative$Key: void <init>(java.lang.String,java.lang.Class)>"
					],
					"depth":1,
					"method":"<android.hardware.camera2.CaptureRequest$Key: void <init>(java.lang.String,java.lang.Class)>",
					"source":"CALLER"
				},
				{
					"trace":[
						"<android.hardware.camera2.CameraCharacteristics$Key: void <init>(java.lang.String,java.lang.Class)>",
						"<android.hardware.camera2.impl.CameraMetadataNative$Key: void <init>(java.lang.String,java.lang.Class)>"
					],
					"depth":1,
					"method":"<android.hardware.camera2.CameraCharacteristics$Key: void <init>(java.lang.String,java.lang.Class)>",
					"source":"CALLER"
				},
				{
					"trace":[
						"<android.hardware.camera2.CaptureResult$Key: void <init>(java.lang.String,java.lang.Class)>",
						"<android.hardware.camera2.impl.CameraMetadataNative$Key: void <init>(java.lang.String,java.lang.Class)>"
					],
					"depth":1,
					"method":"<android.hardware.camera2.CaptureResult$Key: void <init>(java.lang.String,java.lang.Class)>",
					"source":"CALLER"
				}
			],
			"callerOfSingnlar2SourceVar":{
				"<android.hardware.camera2.impl.CameraMetadataNative$Key: void <init>(java.lang.String,java.lang.Class)>":"1, 0",
				"<android.hardware.camera2.CaptureRequest$Key: void <init>(java.lang.String,java.lang.Class)>":"1, 0",
				"<android.hardware.camera2.CaptureResult$Key: void <init>(java.lang.String,java.lang.Class)>":"1, 0",
				"<android.hardware.camera2.CameraCharacteristics$Key: void <init>(java.lang.String,java.lang.Class)>":"1, 0"
			}
		},
		{
			"method":"<android.hardware.camera2.impl.CameraMetadataNative$Key: void <init>(java.lang.String,java.lang.Class)>",
			"message":"\\QKey needs a valid name\\E",
			"relatedVarType":"Parameter",
			"relatedCondType":"Basic",
			"modifier":"public",
			"type":"java.lang.NullPointerException",
			"osVersionRelated":false,
			"resourceRelated":false,
			"assessRelated":false,
			"hardwareRelated":true,
			"manifestRelated":false,
			"conditions":"r1 != null",
			"paramValues":"@parameter0: java.lang.String",
			"relatedValues":"@parameter0: java.lang.String; ; ",
			"keyAPISameClassNum":0,
			"keyAPIDiffClassNum":0,
			"keyAPISameClass":[
				{
					"trace":[
						"<android.hardware.camera2.impl.CameraMetadataNative$Key: void <init>(java.lang.String,java.lang.Class)>"
					],
					"depth":0,
					"method":"<android.hardware.camera2.impl.CameraMetadataNative$Key: void <init>(java.lang.String,java.lang.Class)>",
					"source":"CALLER"
				}
			],
			"keyAPIDiffClass":[
				{
					"trace":[
						"<android.hardware.camera2.CaptureRequest$Key: void <init>(java.lang.String,java.lang.Class)>",
						"<android.hardware.camera2.impl.CameraMetadataNative$Key: void <init>(java.lang.String,java.lang.Class)>"
					],
					"depth":1,
					"method":"<android.hardware.camera2.CaptureRequest$Key: void <init>(java.lang.String,java.lang.Class)>",
					"source":"CALLER"
				},
				{
					"trace":[
						"<android.hardware.camera2.CameraCharacteristics$Key: void <init>(java.lang.String,java.lang.Class)>",
						"<android.hardware.camera2.impl.CameraMetadataNative$Key: void <init>(java.lang.String,java.lang.Class)>"
					],
					"depth":1,
					"method":"<android.hardware.camera2.CameraCharacteristics$Key: void <init>(java.lang.String,java.lang.Class)>",
					"source":"CALLER"
				},
				{
					"trace":[
						"<android.hardware.camera2.CaptureResult$Key: void <init>(java.lang.String,java.lang.Class)>",
						"<android.hardware.camera2.impl.CameraMetadataNative$Key: void <init>(java.lang.String,java.lang.Class)>"
					],
					"depth":1,
					"method":"<android.hardware.camera2.CaptureResult$Key: void <init>(java.lang.String,java.lang.Class)>",
					"source":"CALLER"
				}
			],
			"callerOfSingnlar2SourceVar":{
				"<android.hardware.camera2.impl.CameraMetadataNative$Key: void <init>(java.lang.String,java.lang.Class)>":"0",
				"<android.hardware.camera2.CaptureRequest$Key: void <init>(java.lang.String,java.lang.Class)>":"0",
				"<android.hardware.camera2.CaptureResult$Key: void <init>(java.lang.String,java.lang.Class)>":"0",
				"<android.hardware.camera2.CameraCharacteristics$Key: void <init>(java.lang.String,java.lang.Class)>":"0"
			}
		},
		{
			"method":"<android.hardware.camera2.impl.CameraMetadataNative$Key: void <init>(java.lang.String,android.hardware.camera2.utils.TypeReference)>",
			"message":"\\QTypeReference needs to be non-null\\E",
			"relatedVarType":"Parameter",
			"relatedCondType":"Basic",
			"modifier":"public",
			"type":"java.lang.NullPointerException",
			"osVersionRelated":false,
			"resourceRelated":false,
			"assessRelated":false,
			"hardwareRelated":true,
			"manifestRelated":false,
			"conditions":"r2 != null, r1 != null",
			"paramValues":"@parameter1: android.hardware.camera2.utils.TypeReference, @parameter0: java.lang.String",
			"relatedValues":"@parameter1: android.hardware.camera2.utils.TypeReference, @parameter0: java.lang.String; ; ",
			"keyAPISameClassNum":0,
			"keyAPIDiffClassNum":0,
			"keyAPISameClass":[
				{
					"trace":[
						"<android.hardware.camera2.impl.CameraMetadataNative$Key: void <init>(java.lang.String,android.hardware.camera2.utils.TypeReference)>"
					],
					"depth":0,
					"method":"<android.hardware.camera2.impl.CameraMetadataNative$Key: void <init>(java.lang.String,android.hardware.camera2.utils.TypeReference)>",
					"source":"CALLER"
				}
			],
			"keyAPIDiffClass":[
				{
					"trace":[
						"<android.hardware.camera2.CaptureRequest$Key: void <init>(java.lang.String,android.hardware.camera2.utils.TypeReference)>",
						"<android.hardware.camera2.impl.CameraMetadataNative$Key: void <init>(java.lang.String,android.hardware.camera2.utils.TypeReference)>"
					],
					"depth":1,
					"method":"<android.hardware.camera2.CaptureRequest$Key: void <init>(java.lang.String,android.hardware.camera2.utils.TypeReference)>",
					"source":"CALLER"
				},
				{
					"trace":[
						"<android.hardware.camera2.CameraCharacteristics$Key: void <init>(java.lang.String,android.hardware.camera2.utils.TypeReference)>",
						"<android.hardware.camera2.impl.CameraMetadataNative$Key: void <init>(java.lang.String,android.hardware.camera2.utils.TypeReference)>"
					],
					"depth":1,
					"method":"<android.hardware.camera2.CameraCharacteristics$Key: void <init>(java.lang.String,android.hardware.camera2.utils.TypeReference)>",
					"source":"CALLER"
				},
				{
					"trace":[
						"<android.hardware.camera2.CaptureResult$Key: void <init>(java.lang.String,android.hardware.camera2.utils.TypeReference)>",
						"<android.hardware.camera2.impl.CameraMetadataNative$Key: void <init>(java.lang.String,android.hardware.camera2.utils.TypeReference)>"
					],
					"depth":1,
					"method":"<android.hardware.camera2.CaptureResult$Key: void <init>(java.lang.String,android.hardware.camera2.utils.TypeReference)>",
					"source":"CALLER"
				}
			],
			"callerOfSingnlar2SourceVar":{
				"<android.hardware.camera2.CaptureRequest$Key: void <init>(java.lang.String,android.hardware.camera2.utils.TypeReference)>":"1, 0",
				"<android.hardware.camera2.CameraCharacteristics$Key: void <init>(java.lang.String,android.hardware.camera2.utils.TypeReference)>":"1, 0",
				"<android.hardware.camera2.impl.CameraMetadataNative$Key: void <init>(java.lang.String,android.hardware.camera2.utils.TypeReference)>":"1, 0",
				"<android.hardware.camera2.CaptureResult$Key: void <init>(java.lang.String,android.hardware.camera2.utils.TypeReference)>":"1, 0"
			}
		},
		{
			"method":"<android.hardware.camera2.impl.CameraMetadataNative$Key: void <init>(java.lang.String,android.hardware.camera2.utils.TypeReference)>",
			"message":"\\QKey needs a valid name\\E",
			"relatedVarType":"Parameter",
			"relatedCondType":"Basic",
			"modifier":"public",
			"type":"java.lang.NullPointerException",
			"osVersionRelated":false,
			"resourceRelated":false,
			"assessRelated":false,
			"hardwareRelated":true,
			"manifestRelated":false,
			"conditions":"r1 != null",
			"paramValues":"@parameter0: java.lang.String",
			"relatedValues":"@parameter0: java.lang.String; ; ",
			"keyAPISameClassNum":0,
			"keyAPIDiffClassNum":0,
			"keyAPISameClass":[
				{
					"trace":[
						"<android.hardware.camera2.impl.CameraMetadataNative$Key: void <init>(java.lang.String,android.hardware.camera2.utils.TypeReference)>"
					],
					"depth":0,
					"method":"<android.hardware.camera2.impl.CameraMetadataNative$Key: void <init>(java.lang.String,android.hardware.camera2.utils.TypeReference)>",
					"source":"CALLER"
				}
			],
			"keyAPIDiffClass":[
				{
					"trace":[
						"<android.hardware.camera2.CaptureRequest$Key: void <init>(java.lang.String,android.hardware.camera2.utils.TypeReference)>",
						"<android.hardware.camera2.impl.CameraMetadataNative$Key: void <init>(java.lang.String,android.hardware.camera2.utils.TypeReference)>"
					],
					"depth":1,
					"method":"<android.hardware.camera2.CaptureRequest$Key: void <init>(java.lang.String,android.hardware.camera2.utils.TypeReference)>",
					"source":"CALLER"
				},
				{
					"trace":[
						"<android.hardware.camera2.CameraCharacteristics$Key: void <init>(java.lang.String,android.hardware.camera2.utils.TypeReference)>",
						"<android.hardware.camera2.impl.CameraMetadataNative$Key: void <init>(java.lang.String,android.hardware.camera2.utils.TypeReference)>"
					],
					"depth":1,
					"method":"<android.hardware.camera2.CameraCharacteristics$Key: void <init>(java.lang.String,android.hardware.camera2.utils.TypeReference)>",
					"source":"CALLER"
				},
				{
					"trace":[
						"<android.hardware.camera2.CaptureResult$Key: void <init>(java.lang.String,android.hardware.camera2.utils.TypeReference)>",
						"<android.hardware.camera2.impl.CameraMetadataNative$Key: void <init>(java.lang.String,android.hardware.camera2.utils.TypeReference)>"
					],
					"depth":1,
					"method":"<android.hardware.camera2.CaptureResult$Key: void <init>(java.lang.String,android.hardware.camera2.utils.TypeReference)>",
					"source":"CALLER"
				}
			],
			"callerOfSingnlar2SourceVar":{
				"<android.hardware.camera2.CaptureRequest$Key: void <init>(java.lang.String,android.hardware.camera2.utils.TypeReference)>":"0",
				"<android.hardware.camera2.CameraCharacteristics$Key: void <init>(java.lang.String,android.hardware.camera2.utils.TypeReference)>":"0",
				"<android.hardware.camera2.impl.CameraMetadataNative$Key: void <init>(java.lang.String,android.hardware.camera2.utils.TypeReference)>":"0",
				"<android.hardware.camera2.CaptureResult$Key: void <init>(java.lang.String,android.hardware.camera2.utils.TypeReference)>":"0"
			}
		}
	]
}