{
	"exceptions":[
		{
			"method":"<android.location.Location: java.lang.String convert(double,int)>",
			"message":"\\Qcoordinate=\\E[\\s\\S]*",
			"relatedVarType":"Parameter",
			"relatedCondType":"Basic",
			"modifier":"public",
			"type":"java.lang.IllegalArgumentException",
			"osVersionRelated":false,
			"resourceRelated":false,
			"assessRelated":false,
			"hardwareRelated":false,
			"manifestRelated":false,
			"conditions":"$b0 < 0, $b1 > 0",
			"paramValues":"@parameter0: double",
			"relatedValues":"@parameter0: double; ; ",
			"keyAPISameClassNum":0,
			"keyAPIDiffClassNum":0,
			"keyAPISameClass":[
				{
					"trace":[
						"<android.location.Location: java.lang.String convert(double,int)>"
					],
					"depth":0,
					"method":"<android.location.Location: java.lang.String convert(double,int)>",
					"source":"CALLER"
				}
			],
			"keyAPIDiffClass":[],
			"callerOfSingnlar2SourceVar":{
				"<android.location.Location: java.lang.String convert(double,int)>":"0"
			}
		},
		{
			"method":"<android.location.Location: java.lang.String convert(double,int)>",
			"message":"\\QoutputType=\\E[\\s\\S]*",
			"relatedVarType":"Parameter",
			"relatedCondType":"Basic",
			"modifier":"public",
			"type":"java.lang.IllegalArgumentException",
			"osVersionRelated":false,
			"resourceRelated":false,
			"assessRelated":false,
			"hardwareRelated":false,
			"manifestRelated":false,
			"conditions":"i2 == 2, i2 == 1, i2 == 0",
			"paramValues":"@parameter1: int",
			"relatedValues":"@parameter1: int; ; ",
			"keyAPISameClassNum":0,
			"keyAPIDiffClassNum":0,
			"keyAPISameClass":[
				{
					"trace":[
						"<android.location.Location: java.lang.String convert(double,int)>"
					],
					"depth":0,
					"method":"<android.location.Location: java.lang.String convert(double,int)>",
					"source":"CALLER"
				}
			],
			"keyAPIDiffClass":[],
			"callerOfSingnlar2SourceVar":{
				"<android.location.Location: java.lang.String convert(double,int)>":"1"
			}
		},
		{
			"method":"<android.location.Location: double convert(java.lang.String)>",
			"message":"\\Qcoordinate\\E",
			"relatedVarType":"Parameter",
			"relatedCondType":"Basic",
			"modifier":"public",
			"type":"java.lang.NullPointerException",
			"osVersionRelated":false,
			"resourceRelated":false,
			"assessRelated":false,
			"hardwareRelated":false,
			"manifestRelated":false,
			"conditions":"r30 != null",
			"paramValues":"@parameter0: java.lang.String",
			"relatedValues":"@parameter0: java.lang.String; ; ",
			"keyAPISameClassNum":0,
			"keyAPIDiffClassNum":0,
			"keyAPISameClass":[
				{
					"trace":[
						"<android.location.Location: double convert(java.lang.String)>"
					],
					"depth":0,
					"method":"<android.location.Location: double convert(java.lang.String)>",
					"source":"CALLER"
				}
			],
			"keyAPIDiffClass":[],
			"callerOfSingnlar2SourceVar":{
				"<android.location.Location: double convert(java.lang.String)>":"0"
			}
		},
		{
			"method":"<android.location.Location: double convert(java.lang.String)>",
			"message":"\\Qcoordinate=\\E[\\s\\S]*",
			"relatedVarType":"Parameter",
			"relatedCondType":"Basic",
			"modifier":"public",
			"type":"java.lang.IllegalArgumentException",
			"osVersionRelated":false,
			"resourceRelated":false,
			"assessRelated":false,
			"hardwareRelated":false,
			"manifestRelated":false,
			"conditions":"$b10 < 0, $b8 != 0, i1 != 1",
			"paramValues":"@parameter0: java.lang.String",
			"relatedValues":"@parameter0: java.lang.String; ; ",
			"keyAPISameClassNum":0,
			"keyAPIDiffClassNum":0,
			"keyAPISameClass":[
				{
					"trace":[
						"<android.location.Location: double convert(java.lang.String)>"
					],
					"depth":0,
					"method":"<android.location.Location: double convert(java.lang.String)>",
					"source":"CALLER"
				}
			],
			"keyAPIDiffClass":[],
			"callerOfSingnlar2SourceVar":{
				"<android.location.Location: double convert(java.lang.String)>":"0"
			}
		},
		{
			"method":"<android.location.Location: double convert(java.lang.String)>",
			"message":"\\Qcoordinate=\\E[\\s\\S]*",
			"relatedVarType":"Parameter",
			"relatedCondType":"Basic",
			"modifier":"public",
			"type":"java.lang.IllegalArgumentException",
			"osVersionRelated":false,
			"resourceRelated":false,
			"assessRelated":false,
			"hardwareRelated":false,
			"manifestRelated":false,
			"conditions":"i1 >= 1, $c0 != 45, r30 != null",
			"paramValues":"@parameter0: java.lang.String",
			"relatedValues":"@parameter0: java.lang.String; ; ",
			"keyAPISameClassNum":0,
			"keyAPIDiffClassNum":0,
			"keyAPISameClass":[
				{
					"trace":[
						"<android.location.Location: double convert(java.lang.String)>"
					],
					"depth":0,
					"method":"<android.location.Location: double convert(java.lang.String)>",
					"source":"CALLER"
				}
			],
			"keyAPIDiffClass":[],
			"callerOfSingnlar2SourceVar":{
				"<android.location.Location: double convert(java.lang.String)>":"0"
			}
		},
		{
			"method":"<android.location.Location: double convert(java.lang.String)>",
			"message":"\\Qcoordinate=\\E[\\s\\S]*",
			"relatedVarType":"Parameter",
			"relatedCondType":"Basic",
			"modifier":"public",
			"type":"java.lang.IllegalArgumentException",
			"osVersionRelated":false,
			"resourceRelated":false,
			"assessRelated":false,
			"hardwareRelated":false,
			"manifestRelated":false,
			"conditions":"i1 >= 1, $c0 != 45, r30 != null",
			"paramValues":"@parameter0: java.lang.String",
			"caughtValues":"@caughtexception",
			"relatedValues":"@parameter0: java.lang.String; ; @caughtexception",
			"keyAPISameClassNum":0,
			"keyAPIDiffClassNum":0,
			"keyAPISameClass":[
				{
					"trace":[
						"<android.location.Location: double convert(java.lang.String)>"
					],
					"depth":0,
					"method":"<android.location.Location: double convert(java.lang.String)>",
					"source":"CALLER"
				}
			],
			"keyAPIDiffClass":[],
			"callerOfSingnlar2SourceVar":{
				"<android.location.Location: double convert(java.lang.String)>":"0"
			}
		},
		{
			"method":"<android.location.Location: double convert(java.lang.String)>",
			"message":"\\Qcoordinate=\\E[\\s\\S]*",
			"relatedVarType":"Parameter",
			"relatedCondType":"Basic",
			"modifier":"public",
			"type":"java.lang.IllegalArgumentException",
			"osVersionRelated":false,
			"resourceRelated":false,
			"assessRelated":false,
			"hardwareRelated":false,
			"manifestRelated":false,
			"conditions":"$b5 < 0, i1 != 1, i1 >= 1",
			"paramValues":"@parameter0: java.lang.String",
			"relatedValues":"@parameter0: java.lang.String; ; ",
			"keyAPISameClassNum":0,
			"keyAPIDiffClassNum":0,
			"keyAPISameClass":[
				{
					"trace":[
						"<android.location.Location: double convert(java.lang.String)>"
					],
					"depth":0,
					"method":"<android.location.Location: double convert(java.lang.String)>",
					"source":"CALLER"
				}
			],
			"keyAPIDiffClass":[],
			"callerOfSingnlar2SourceVar":{
				"<android.location.Location: double convert(java.lang.String)>":"0"
			}
		},
		{
			"method":"<android.location.Location: double convert(java.lang.String)>",
			"message":"\\Qcoordinate=\\E[\\s\\S]*",
			"relatedVarType":"Parameter",
			"relatedCondType":"Basic",
			"modifier":"public",
			"type":"java.lang.IllegalArgumentException",
			"osVersionRelated":false,
			"resourceRelated":false,
			"assessRelated":false,
			"hardwareRelated":false,
			"manifestRelated":false,
			"conditions":"$b3 < 0, i2 <= 179, $b10 < 0",
			"paramValues":"@parameter0: java.lang.String",
			"relatedValues":"@parameter0: java.lang.String; ; ",
			"keyAPISameClassNum":0,
			"keyAPIDiffClassNum":0,
			"keyAPISameClass":[
				{
					"trace":[
						"<android.location.Location: double convert(java.lang.String)>"
					],
					"depth":0,
					"method":"<android.location.Location: double convert(java.lang.String)>",
					"source":"CALLER"
				}
			],
			"keyAPIDiffClass":[],
			"callerOfSingnlar2SourceVar":{
				"<android.location.Location: double convert(java.lang.String)>":"0"
			}
		},
		{
			"method":"<android.location.Location: void distanceBetween(double,double,double,double,float[])>",
			"message":"\\Qresults is null or has length < 1\\E",
			"relatedVarType":"Parameter",
			"relatedCondType":"Basic",
			"modifier":"public",
			"type":"java.lang.IllegalArgumentException",
			"osVersionRelated":false,
			"resourceRelated":false,
			"assessRelated":false,
			"hardwareRelated":false,
			"manifestRelated":false,
			"conditions":"r0 == null, $i0 >= 1",
			"paramValues":"@parameter4: float[]",
			"relatedValues":"@parameter4: float[]; ; ",
			"keyAPISameClassNum":0,
			"keyAPIDiffClassNum":0,
			"keyAPISameClass":[
				{
					"trace":[
						"<android.location.Location: void distanceBetween(double,double,double,double,float[])>"
					],
					"depth":0,
					"method":"<android.location.Location: void distanceBetween(double,double,double,double,float[])>",
					"source":"CALLER"
				}
			],
			"keyAPIDiffClass":[],
			"callerOfSingnlar2SourceVar":{
				"<android.location.Location: void distanceBetween(double,double,double,double,float[])>":"4"
			}
		}
	]
}