{
	"exceptions":[
		{
			"method":"<android.animation.AnimatorInflater: android.animation.Animator loadAnimator(android.content.res.Resources,android.content.res.Resources$Theme,int,float)>",
			"message":"\\QCan't load animation resource ID #0x\\E[\\s\\S]*",
			"relatedVarType":"Parameter",
			"relatedCondType":"Basic",
			"modifier":"public",
			"type":"android.content.res.Resources$NotFoundException",
			"osVersionRelated":false,
			"resourceRelated":true,
			"assessRelated":false,
			"hardwareRelated":false,
			"manifestRelated":false,
			"conditions":"r23 == null, r25 == null",
			"paramValues":"@parameter2: int, @parameter1: android.content.res.Resources$Theme, @parameter0: android.content.res.Resources, @parameter3: float",
			"caughtValues":"@caughtexception",
			"relatedValues":"@parameter2: int, @parameter1: android.content.res.Resources$Theme, @parameter0: android.content.res.Resources, @parameter3: float; ; @caughtexception",
			"keyAPISameClassNum":0,
			"keyAPIDiffClassNum":0,
			"keyAPISameClass":[
				{
					"trace":[
						"<android.animation.AnimatorInflater: android.animation.Animator loadAnimator(android.content.res.Resources,android.content.res.Resources$Theme,int,float)>"
					],
					"depth":0,
					"method":"<android.animation.AnimatorInflater: android.animation.Animator loadAnimator(android.content.res.Resources,android.content.res.Resources$Theme,int,float)>",
					"source":"CALLER"
				},
				{
					"trace":[
						"<android.animation.AnimatorInflater: android.animation.Animator loadAnimator(android.content.res.Resources,android.content.res.Resources$Theme,int)>",
						"<android.animation.AnimatorInflater: android.animation.Animator loadAnimator(android.content.res.Resources,android.content.res.Resources$Theme,int,float)>"
					],
					"depth":1,
					"method":"<android.animation.AnimatorInflater: android.animation.Animator loadAnimator(android.content.res.Resources,android.content.res.Resources$Theme,int)>",
					"source":"CALLER"
				},
				{
					"trace":[
						"<android.animation.AnimatorInflater: android.animation.Animator loadAnimator(android.content.Context,int)>",
						"<android.animation.AnimatorInflater: android.animation.Animator loadAnimator(android.content.res.Resources,android.content.res.Resources$Theme,int)>",
						"<android.animation.AnimatorInflater: android.animation.Animator loadAnimator(android.content.res.Resources,android.content.res.Resources$Theme,int,float)>"
					],
					"depth":2,
					"method":"<android.animation.AnimatorInflater: android.animation.Animator loadAnimator(android.content.Context,int)>",
					"source":"CALLER"
				},
				{
					"trace":[
						"<android.animation.AnimatorInflater: android.animation.StateListAnimator loadStateListAnimator(android.content.Context,int)>",
						"<android.animation.AnimatorInflater: android.animation.StateListAnimator createStateListAnimatorFromXml(android.content.Context,org.xmlpull.v1.XmlPullParser,android.util.AttributeSet)>",
						"<android.animation.AnimatorInflater: android.animation.Animator loadAnimator(android.content.Context,int)>",
						"<android.animation.AnimatorInflater: android.animation.Animator loadAnimator(android.content.res.Resources,android.content.res.Resources$Theme,int)>",
						"<android.animation.AnimatorInflater: android.animation.Animator loadAnimator(android.content.res.Resources,android.content.res.Resources$Theme,int,float)>"
					],
					"depth":4,
					"method":"<android.animation.AnimatorInflater: android.animation.StateListAnimator loadStateListAnimator(android.content.Context,int)>",
					"source":"CALLER"
				}
			],
			"keyAPIDiffClass":[],
			"callerOfSingnlar2SourceVar":{
				"<android.widget.AdapterViewAnimator: void setInAnimation(android.content.Context,int)>":"1",
				"<android.animation.AnimatorInflater: android.animation.Animator loadAnimator(android.content.res.Resources,android.content.res.Resources$Theme,int,float)>":"2, 1, 0, 3",
				"<android.animation.AnimatorInflater: android.animation.Animator loadAnimator(android.content.res.Resources,android.content.res.Resources$Theme,int)>":"2, 1, 0",
				"<android.graphics.drawable.AnimatedVectorDrawable$AnimatedVectorDrawableState: void prepareLocalAnimators(android.animation.AnimatorSet,android.content.res.Resources)>":"1",
				"<android.animation.AnimatorInflater: android.animation.Animator loadAnimator(android.content.Context,int)>":"1",
				"<android.graphics.drawable.AnimatedVectorDrawable$AnimatedVectorDrawableState: void inflatePendingAnimators(android.content.res.Resources,android.content.res.Resources$Theme)>":"1, 0",
				"<android.widget.AdapterViewAnimator: void setOutAnimation(android.content.Context,int)>":"1",
				"<android.graphics.drawable.AnimatedVectorDrawable$AnimatedVectorDrawableState$PendingAnimator: android.animation.Animator newInstance(android.content.res.Resources,android.content.res.Resources$Theme)>":"1, 0",
				"<android.graphics.drawable.AnimatedVectorDrawable: void applyTheme(android.content.res.Resources$Theme)>":"0",
				"<android.graphics.drawable.AnimatedVectorDrawable: void inflate(android.content.res.Resources,org.xmlpull.v1.XmlPullParser,android.util.AttributeSet,android.content.res.Resources$Theme)>":"3, 0"
			}
		},
		{
			"method":"<android.animation.AnimatorInflater: android.animation.Animator loadAnimator(android.content.res.Resources,android.content.res.Resources$Theme,int,float)>",
			"message":"\\QCan't load animation resource ID #0x\\E[\\s\\S]*",
			"relatedVarType":"Parameter",
			"relatedCondType":"Basic",
			"modifier":"public",
			"type":"android.content.res.Resources$NotFoundException",
			"osVersionRelated":false,
			"resourceRelated":true,
			"assessRelated":false,
			"hardwareRelated":false,
			"manifestRelated":false,
			"conditions":"r23 == null, r25 == null",
			"paramValues":"@parameter2: int, @parameter1: android.content.res.Resources$Theme, @parameter0: android.content.res.Resources, @parameter3: float",
			"caughtValues":"@caughtexception",
			"relatedValues":"@parameter2: int, @parameter1: android.content.res.Resources$Theme, @parameter0: android.content.res.Resources, @parameter3: float; ; @caughtexception",
			"keyAPISameClassNum":0,
			"keyAPIDiffClassNum":0,
			"keyAPISameClass":[
				{
					"trace":[
						"<android.animation.AnimatorInflater: android.animation.Animator loadAnimator(android.content.res.Resources,android.content.res.Resources$Theme,int,float)>"
					],
					"depth":0,
					"method":"<android.animation.AnimatorInflater: android.animation.Animator loadAnimator(android.content.res.Resources,android.content.res.Resources$Theme,int,float)>",
					"source":"CALLER"
				},
				{
					"trace":[
						"<android.animation.AnimatorInflater: android.animation.Animator loadAnimator(android.content.res.Resources,android.content.res.Resources$Theme,int)>",
						"<android.animation.AnimatorInflater: android.animation.Animator loadAnimator(android.content.res.Resources,android.content.res.Resources$Theme,int,float)>"
					],
					"depth":1,
					"method":"<android.animation.AnimatorInflater: android.animation.Animator loadAnimator(android.content.res.Resources,android.content.res.Resources$Theme,int)>",
					"source":"CALLER"
				},
				{
					"trace":[
						"<android.animation.AnimatorInflater: android.animation.Animator loadAnimator(android.content.Context,int)>",
						"<android.animation.AnimatorInflater: android.animation.Animator loadAnimator(android.content.res.Resources,android.content.res.Resources$Theme,int)>",
						"<android.animation.AnimatorInflater: android.animation.Animator loadAnimator(android.content.res.Resources,android.content.res.Resources$Theme,int,float)>"
					],
					"depth":2,
					"method":"<android.animation.AnimatorInflater: android.animation.Animator loadAnimator(android.content.Context,int)>",
					"source":"CALLER"
				},
				{
					"trace":[
						"<android.animation.AnimatorInflater: android.animation.StateListAnimator loadStateListAnimator(android.content.Context,int)>",
						"<android.animation.AnimatorInflater: android.animation.StateListAnimator createStateListAnimatorFromXml(android.content.Context,org.xmlpull.v1.XmlPullParser,android.util.AttributeSet)>",
						"<android.animation.AnimatorInflater: android.animation.Animator loadAnimator(android.content.Context,int)>",
						"<android.animation.AnimatorInflater: android.animation.Animator loadAnimator(android.content.res.Resources,android.content.res.Resources$Theme,int)>",
						"<android.animation.AnimatorInflater: android.animation.Animator loadAnimator(android.content.res.Resources,android.content.res.Resources$Theme,int,float)>"
					],
					"depth":4,
					"method":"<android.animation.AnimatorInflater: android.animation.StateListAnimator loadStateListAnimator(android.content.Context,int)>",
					"source":"CALLER"
				}
			],
			"keyAPIDiffClass":[],
			"callerOfSingnlar2SourceVar":{
				"<android.widget.AdapterViewAnimator: void setInAnimation(android.content.Context,int)>":"1",
				"<android.animation.AnimatorInflater: android.animation.Animator loadAnimator(android.content.res.Resources,android.content.res.Resources$Theme,int,float)>":"2, 1, 0, 3",
				"<android.animation.AnimatorInflater: android.animation.Animator loadAnimator(android.content.res.Resources,android.content.res.Resources$Theme,int)>":"2, 1, 0",
				"<android.graphics.drawable.AnimatedVectorDrawable$AnimatedVectorDrawableState: void prepareLocalAnimators(android.animation.AnimatorSet,android.content.res.Resources)>":"1",
				"<android.animation.AnimatorInflater: android.animation.Animator loadAnimator(android.content.Context,int)>":"1",
				"<android.graphics.drawable.AnimatedVectorDrawable$AnimatedVectorDrawableState: void inflatePendingAnimators(android.content.res.Resources,android.content.res.Resources$Theme)>":"1, 0",
				"<android.widget.AdapterViewAnimator: void setOutAnimation(android.content.Context,int)>":"1",
				"<android.graphics.drawable.AnimatedVectorDrawable$AnimatedVectorDrawableState$PendingAnimator: android.animation.Animator newInstance(android.content.res.Resources,android.content.res.Resources$Theme)>":"1, 0",
				"<android.graphics.drawable.AnimatedVectorDrawable: void applyTheme(android.content.res.Resources$Theme)>":"0",
				"<android.graphics.drawable.AnimatedVectorDrawable: void inflate(android.content.res.Resources,org.xmlpull.v1.XmlPullParser,android.util.AttributeSet,android.content.res.Resources$Theme)>":"3, 0"
			}
		},
		{
			"method":"<android.animation.AnimatorInflater: android.animation.StateListAnimator loadStateListAnimator(android.content.Context,int)>",
			"message":"\\QCan't load state list animator resource ID #0x\\E[\\s\\S]*",
			"relatedVarType":"Parameter",
			"relatedCondType":"Basic",
			"modifier":"public",
			"type":"android.content.res.Resources$NotFoundException",
			"osVersionRelated":false,
			"resourceRelated":true,
			"assessRelated":false,
			"hardwareRelated":false,
			"manifestRelated":false,
			"conditions":"r25 == null, r27 == null",
			"paramValues":"@parameter1: int, @parameter0: android.content.Context",
			"caughtValues":"@caughtexception",
			"relatedValues":"@parameter1: int, @parameter0: android.content.Context; ; @caughtexception",
			"keyAPISameClassNum":0,
			"keyAPIDiffClassNum":0,
			"keyAPISameClass":[
				{
					"trace":[
						"<android.animation.AnimatorInflater: android.animation.StateListAnimator loadStateListAnimator(android.content.Context,int)>"
					],
					"depth":0,
					"method":"<android.animation.AnimatorInflater: android.animation.StateListAnimator loadStateListAnimator(android.content.Context,int)>",
					"source":"CALLER"
				}
			],
			"keyAPIDiffClass":[],
			"callerOfSingnlar2SourceVar":{
				"<android.widget.TextClock: void <init>(android.content.Context,android.util.AttributeSet,int,int)>":"0",
				"<android.widget.SlidingDrawer: void <init>(android.content.Context,android.util.AttributeSet,int,int)>":"0",
				"<android.widget.LinearLayout: void <init>(android.content.Context,android.util.AttributeSet,int)>":"0",
				"<android.media.tv.TvView: void <init>(android.content.Context,android.util.AttributeSet,int)>":"0",
				"<android.gesture.GestureOverlayView: void <init>(android.content.Context,android.util.AttributeSet,int,int)>":"0",
				"<android.widget.TextClock: void <init>(android.content.Context,android.util.AttributeSet,int)>":"0",
				"<android.widget.SimpleMonthView: void <init>(android.content.Context,android.util.AttributeSet,int)>":"0",
				"<android.widget.TimePicker: void <init>(android.content.Context,android.util.AttributeSet,int)>":"0",
				"<android.preference.PreferenceFrameLayout: void <init>(android.content.Context,android.util.AttributeSet,int,int)>":"0",
				"<android.widget.AbsListView: void <init>(android.content.Context,android.util.AttributeSet,int)>":"0",
				"<android.widget.Button: void <init>(android.content.Context,android.util.AttributeSet,int,int)>":"0",
				"<android.widget.AnalogClock: void <init>(android.content.Context)>":"0",
				"<android.widget.EditText: void <init>(android.content.Context,android.util.AttributeSet)>":"0",
				"<android.widget.SimpleMonthView: void <init>(android.content.Context,android.util.AttributeSet)>":"0",
				"<android.widget.ZoomButton: void <init>(android.content.Context,android.util.AttributeSet,int,int)>":"0",
				"<com.android.internal.widget.AbsActionBarView: void <init>(android.content.Context,android.util.AttributeSet,int,int)>":"0",
				"<android.view.SurfaceView: void <init>(android.content.Context,android.util.AttributeSet)>":"0",
				"<android.widget.ImageView: void <init>(android.content.Context,android.util.AttributeSet)>":"0",
				"<android.widget.GridLayout: void <init>(android.content.Context,android.util.AttributeSet,int,int)>":"0",
				"<android.widget.DatePicker: void <init>(android.content.Context,android.util.AttributeSet,int,int)>":"0",
				"<android.widget.AdapterView: void <init>(android.content.Context,android.util.AttributeSet,int)>":"0",
				"<android.widget.DayPickerView: void <init>(android.content.Context,android.util.AttributeSet,int,int)>":"0",
				"<android.widget.SeekBar: void <init>(android.content.Context,android.util.AttributeSet,int,int)>":"0",
				"<android.widget.CheckedTextView: void <init>(android.content.Context,android.util.AttributeSet,int)>":"0",
				"<android.widget.SlidingDrawer: void <init>(android.content.Context,android.util.AttributeSet)>":"0",
				"<android.widget.QuickContactBadge: void <init>(android.content.Context,android.util.AttributeSet,int)>":"0",
				"<android.widget.ActionMenuPresenter$OverflowMenuButton: void <init>(android.widget.ActionMenuPresenter,android.content.Context)>":"1",
				"<android.media.WebVttRenderingWidget: void <init>(android.content.Context,android.util.AttributeSet,int,int)>":"0",
				"<android.widget.EditText: void <init>(android.content.Context,android.util.AttributeSet,int)>":"0",
				"<android.app.ActivityView: void <init>(android.content.Context,android.util.AttributeSet)>":"0",
				"<com.android.internal.widget.SubtitleView: void <init>(android.content.Context,android.util.AttributeSet,int,int)>":"0",
				"<android.widget.AdapterView: void <init>(android.content.Context,android.util.AttributeSet)>":"0",
				"<android.inputmethodservice.KeyboardView: void <init>(android.content.Context,android.util.AttributeSet)>":"0",
				"<android.widget.Chronometer: void <init>(android.content.Context,android.util.AttributeSet,int,int)>":"0",
				"<android.widget.AbsSpinner: void <init>(android.content.Context,android.util.AttributeSet,int,int)>":"0",
				"<android.widget.SeekBar: void <init>(android.content.Context,android.util.AttributeSet,int)>":"0",
				"<android.widget.RelativeLayout: void <init>(android.content.Context,android.util.AttributeSet,int,int)>":"0",
				"<android.widget.GridLayout: void <init>(android.content.Context,android.util.AttributeSet)>":"0",
				"<android.view.SurfaceView: void <init>(android.content.Context,android.util.AttributeSet,int,int)>":"0",
				"<android.widget.GridLayout: void <init>(android.content.Context,android.util.AttributeSet,int)>":"0",
				"<android.widget.NumberPicker: void <init>(android.content.Context,android.util.AttributeSet,int,int)>":"0",
				"<android.opengl.GLSurfaceView: void <init>(android.content.Context,android.util.AttributeSet)>":"0",
				"<android.widget.AbsSeekBar: void <init>(android.content.Context,android.util.AttributeSet,int,int)>":"0",
				"<android.widget.TextClock: void <init>(android.content.Context,android.util.AttributeSet)>":"0",
				"<android.media.ClosedCaptionWidget: void <init>(android.content.Context,android.util.AttributeSet,int)>":"0",
				"<android.widget.HorizontalScrollView: void <init>(android.content.Context,android.util.AttributeSet,int)>":"0",
				"<android.widget.AdapterViewFlipper: void <init>(android.content.Context,android.util.AttributeSet,int,int)>":"0",
				"<com.android.internal.widget.ActionBarContextView: void <init>(android.content.Context,android.util.AttributeSet,int)>":"0",
				"<android.widget.Switch: void <init>(android.content.Context,android.util.AttributeSet,int,int)>":"0",
				"<android.widget.RatingBar: void <init>(android.content.Context,android.util.AttributeSet,int,int)>":"0",
				"<android.widget.ScrollView: void <init>(android.content.Context,android.util.AttributeSet,int,int)>":"0",
				"<android.media.WebVttRenderingWidget: void <init>(android.content.Context,android.util.AttributeSet,int)>":"0",
				"<android.media.WebVttRenderingWidget: void <init>(android.content.Context,android.util.AttributeSet)>":"0",
				"<android.widget.Chronometer: void <init>(android.content.Context,android.util.AttributeSet,int)>":"0",
				"<android.widget.RelativeLayout: void <init>(android.content.Context,android.util.AttributeSet)>":"0",
				"<android.widget.Toolbar: void <init>(android.content.Context,android.util.AttributeSet,int,int)>":"0",
				"<android.widget.Space: void <init>(android.content.Context,android.util.AttributeSet,int)>":"0",
				"<android.widget.VideoView: void <init>(android.content.Context,android.util.AttributeSet,int,int)>":"0",
				"<android.widget.Chronometer: void <init>(android.content.Context)>":"0",
				"<android.inputmethodservice.ExtractEditText: void <init>(android.content.Context,android.util.AttributeSet,int,int)>":"0",
				"<android.webkit.WebView: void <init>(android.content.Context,android.util.AttributeSet,int,boolean)>":"0",
				"<android.widget.RadioButton: void <init>(android.content.Context,android.util.AttributeSet,int,int)>":"0",
				"<android.inputmethodservice.KeyboardView: void <init>(android.content.Context,android.util.AttributeSet,int,int)>":"0",
				"<android.app.MediaRouteButton: void <init>(android.content.Context,android.util.AttributeSet,int,int)>":"0",
				"<android.app.MediaRouteButton: void <init>(android.content.Context,android.util.AttributeSet,int)>":"0",
				"<android.media.tv.TvView: void <init>(android.content.Context,android.util.AttributeSet)>":"0",
				"<android.widget.SimpleMonthView: void <init>(android.content.Context)>":"0",
				"<android.widget.TwoLineListItem: void <init>(android.content.Context,android.util.AttributeSet,int,int)>":"0",
				"<android.widget.AnalogClock: void <init>(android.content.Context,android.util.AttributeSet)>":"0",
				"<android.widget.ActivityChooserView: void <init>(android.content.Context,android.util.AttributeSet)>":"0",
				"<android.widget.ToggleButton: void <init>(android.content.Context,android.util.AttributeSet,int,int)>":"0",
				"<android.widget.RadialTimePickerView: void <init>(android.content.Context,android.util.AttributeSet,int,int)>":"0",
				"<android.app.MediaRouteButton: void <init>(android.content.Context)>":"0",
				"<android.widget.RelativeLayout: void <init>(android.content.Context,android.util.AttributeSet,int)>":"0",
				"<android.widget.TabWidget: void <init>(android.content.Context,android.util.AttributeSet,int)>":"0",
				"<android.widget.StackView: void <init>(android.content.Context,android.util.AttributeSet,int,int)>":"0",
				"<android.inputmethodservice.ExtractEditText: void <init>(android.content.Context,android.util.AttributeSet,int)>":"0",
				"<com.android.internal.widget.ScrollingTabContainerView$TabView: void <init>(com.android.internal.widget.ScrollingTabContainerView,android.content.Context,android.app.ActionBar$Tab,boolean)>":"1",
				"<android.widget.QuickContactBadge: void <init>(android.content.Context,android.util.AttributeSet)>":"0",
				"<android.widget.Spinner: void <init>(android.content.Context,android.util.AttributeSet,int,int,int,android.content.res.Resources$Theme)>":"0",
				"<android.widget.AbsSeekBar: void <init>(android.content.Context,android.util.AttributeSet)>":"0",
				"<android.widget.MultiAutoCompleteTextView: void <init>(android.content.Context,android.util.AttributeSet,int,int)>":"0",
				"<android.view.View: void <init>(android.content.Context,android.util.AttributeSet)>":"0",
				"<android.widget.TabWidget: void <init>(android.content.Context,android.util.AttributeSet,int,int)>":"0",
				"<android.widget.Space: void <init>(android.content.Context)>":"0",
				"<android.widget.Chronometer: void <init>(android.content.Context,android.util.AttributeSet)>":"0",
				"<android.widget.ImageButton: void <init>(android.content.Context,android.util.AttributeSet,int,int)>":"0",
				"<android.widget.ActivityChooserView: void <init>(android.content.Context,android.util.AttributeSet,int)>":"0",
				"<android.inputmethodservice.ExtractButton: void <init>(android.content.Context,android.util.AttributeSet,int)>":"0",
				"<android.widget.AutoCompleteTextView: void <init>(android.content.Context,android.util.AttributeSet,int)>":"0",
				"<android.widget.DatePicker: void <init>(android.content.Context,android.util.AttributeSet,int)>":"0",
				"<android.widget.Button: void <init>(android.content.Context,android.util.AttributeSet,int)>":"0",
				"<android.widget.RadialTimePickerView: void <init>(android.content.Context,android.util.AttributeSet,int)>":"0",
				"<android.widget.QuickContactBadge: void <init>(android.content.Context,android.util.AttributeSet,int,int)>":"0",
				"<android.view.SurfaceView: void <init>(android.content.Context,android.util.AttributeSet,int)>":"0",
				"<android.widget.ImageView: void <init>(android.content.Context,android.util.AttributeSet,int,int)>":"0",
				"<android.widget.FrameLayout: void <init>(android.content.Context,android.util.AttributeSet,int)>":"0",
				"<android.widget.Space: void <init>(android.content.Context,android.util.AttributeSet)>":"0",
				"<android.widget.CheckedTextView: void <init>(android.content.Context,android.util.AttributeSet,int,int)>":"0",
				"<android.widget.ProgressBar: void <init>(android.content.Context)>":"0",
				"<android.widget.DayPickerView: void <init>(android.content.Context,android.util.AttributeSet)>":"0",
				"<android.widget.ScrollView: void <init>(android.content.Context,android.util.AttributeSet,int)>":"0",
				"<android.widget.AnalogClock: void <init>(android.content.Context,android.util.AttributeSet,int,int)>":"0",
				"<android.widget.TextView: void <init>(android.content.Context)>":"0",
				"<android.widget.Button: void <init>(android.content.Context,android.util.AttributeSet)>":"0",
				"<android.view.View: void <init>(android.content.Context,android.util.AttributeSet,int,int)>":"0",
				"<android.widget.CompoundButton: void <init>(android.content.Context,android.util.AttributeSet,int)>":"0",
				"<android.view.View: void <init>(android.content.Context,android.util.AttributeSet,int)>":"0",
				"<android.app.FragmentBreadCrumbs: void <init>(android.content.Context,android.util.AttributeSet,int)>":"0",
				"<android.webkit.WebView: void <init>(android.content.Context,android.util.AttributeSet,int,java.util.Map,boolean)>":"0",
				"<android.widget.TextView: void <init>(android.content.Context,android.util.AttributeSet,int)>":"0",
				"<android.widget.AbsoluteLayout: void <init>(android.content.Context,android.util.AttributeSet,int,int)>":"0",
				"<android.widget.ImageView: void <init>(android.content.Context,android.util.AttributeSet,int)>":"0",
				"<android.widget.FrameLayout: void <init>(android.content.Context,android.util.AttributeSet)>":"0",
				"<android.inputmethodservice.KeyboardView: void <init>(android.content.Context,android.util.AttributeSet,int)>":"0",
				"<android.widget.SimpleMonthView: void <init>(android.content.Context,android.util.AttributeSet,int,int)>":"0",
				"<android.media.TtmlRenderingWidget: void <init>(android.content.Context,android.util.AttributeSet,int)>":"0",
				"<android.widget.TimePicker: void <init>(android.content.Context,android.util.AttributeSet,int,int)>":"0",
				"<android.widget.CompoundButton: void <init>(android.content.Context,android.util.AttributeSet,int,int)>":"0",
				"<android.webkit.WebView: void <init>(android.content.Context,android.util.AttributeSet,int,int)>":"0",
				"<android.widget.AutoCompleteTextView: void <init>(android.content.Context,android.util.AttributeSet,int,int)>":"0",
				"<android.view.TextureView: void <init>(android.content.Context,android.util.AttributeSet,int,int)>":"0",
				"<android.view.ViewGroup: void <init>(android.content.Context,android.util.AttributeSet)>":"0",
				"<android.app.FragmentBreadCrumbs: void <init>(android.content.Context,android.util.AttributeSet)>":"0",
				"<android.widget.CalendarViewMaterialDelegate: void <init>(android.widget.CalendarView,android.content.Context,android.util.AttributeSet,int,int)>":"1",
				"<android.gesture.GestureOverlayView: void <init>(android.content.Context,android.util.AttributeSet,int)>":"0",
				"<android.media.tv.TvView$3: void <init>(android.media.tv.TvView,android.content.Context,android.util.AttributeSet,int)>":"1",
				"<android.widget.ImageButton: void <init>(android.content.Context,android.util.AttributeSet,int)>":"0",
				"<android.widget.AdapterView: void <init>(android.content.Context,android.util.AttributeSet,int,int)>":"0",
				"<android.widget.ProgressBar: void <init>(android.content.Context,android.util.AttributeSet,int,int)>":"0",
				"<android.app.NativeActivity$NativeContentView: void <init>(android.content.Context,android.util.AttributeSet)>":"0",
				"<android.view.ViewGroup: void <init>(android.content.Context)>":"0",
				"<android.widget.VideoView: void <init>(android.content.Context,android.util.AttributeSet,int)>":"0",
				"<android.widget.SlidingDrawer: void <init>(android.content.Context,android.util.AttributeSet,int)>":"0",
				"<android.widget.ZoomButton: void <init>(android.content.Context,android.util.AttributeSet,int)>":"0",
				"<android.media.tv.TvView: void <init>(android.content.Context)>":"0",
				"<android.widget.CalendarView: void <init>(android.content.Context,android.util.AttributeSet,int)>":"0",
				"<android.widget.TextView: void <init>(android.content.Context,android.util.AttributeSet,int,int)>":"0",
				"<android.inputmethodservice.ExtractButton: void <init>(android.content.Context,android.util.AttributeSet,int,int)>":"0",
				"<android.media.ClosedCaptionWidget: void <init>(android.content.Context,android.util.AttributeSet)>":"0",
				"<android.renderscript.RSTextureView: void <init>(android.content.Context,android.util.AttributeSet)>":"0",
				"<com.android.internal.widget.ActionBarContextView: void <init>(android.content.Context,android.util.AttributeSet,int,int)>":"0",
				"<android.widget.SearchView$SearchAutoComplete: void <init>(android.content.Context,android.util.AttributeSet,int,int)>":"0",
				"<android.webkit.WebView: void <init>(android.content.Context,android.util.AttributeSet,int,int,java.util.Map,boolean)>":"0",
				"<android.view.ViewGroup: void <init>(android.content.Context,android.util.AttributeSet,int,int)>":"0",
				"<android.widget.DayPickerView: void <init>(android.content.Context,android.util.AttributeSet,int)>":"0",
				"<android.widget.AnalogClock: void <init>(android.content.Context,android.util.AttributeSet,int)>":"0",
				"<android.widget.Space: void <init>(android.content.Context,android.util.AttributeSet,int,int)>":"0",
				"<android.widget.ImageButton: void <init>(android.content.Context,android.util.AttributeSet)>":"0",
				"<android.view.TextureView: void <init>(android.content.Context,android.util.AttributeSet)>":"0",
				"<android.widget.CheckBox: void <init>(android.content.Context,android.util.AttributeSet,int,int)>":"0",
				"<android.widget.RatingBar: void <init>(android.content.Context,android.util.AttributeSet,int)>":"0",
				"<android.widget.AbsoluteLayout: void <init>(android.content.Context,android.util.AttributeSet)>":"0",
				"<android.widget.AdapterViewAnimator: void <init>(android.content.Context,android.util.AttributeSet,int)>":"0",
				"<android.widget.NumberPicker: void <init>(android.content.Context,android.util.AttributeSet,int)>":"0",
				"<android.app.MediaRouteButton: void <init>(android.content.Context,android.util.AttributeSet)>":"0",
				"<android.widget.TwoLineListItem: void <init>(android.content.Context,android.util.AttributeSet,int)>":"0",
				"<android.widget.AbsSpinner: void <init>(android.content.Context,android.util.AttributeSet,int)>":"0",
				"<android.widget.CheckedTextView: void <init>(android.content.Context,android.util.AttributeSet)>":"0",
				"<android.renderscript.RSSurfaceView: void <init>(android.content.Context,android.util.AttributeSet)>":"0",
				"<android.widget.CalendarView: void <init>(android.content.Context,android.util.AttributeSet,int,int)>":"0",
				"<android.widget.SearchView: void <init>(android.content.Context,android.util.AttributeSet,int)>":"0",
				"<android.widget.FrameLayout: void <init>(android.content.Context,android.util.AttributeSet,int,int)>":"0",
				"<android.animation.AnimatorInflater: android.animation.StateListAnimator loadStateListAnimator(android.content.Context,int)>":"1, 0",
				"<android.widget.EditText: void <init>(android.content.Context,android.util.AttributeSet,int,int)>":"0",
				"<android.app.FragmentBreadCrumbs: void <init>(android.content.Context,android.util.AttributeSet,int,int)>":"0",
				"<android.widget.ProgressBar: void <init>(android.content.Context,android.util.AttributeSet,int)>":"0",
				"<android.inputmethodservice.ExtractEditText: void <init>(android.content.Context,android.util.AttributeSet)>":"0",
				"<android.widget.DateTimeView: void <init>(android.content.Context,android.util.AttributeSet)>":"0",
				"<android.widget.AbsSeekBar: void <init>(android.content.Context,android.util.AttributeSet,int)>":"0",
				"<android.widget.Toolbar: void <init>(android.content.Context,android.util.AttributeSet,int)>":"0",
				"<android.app.ActivityView: void <init>(android.content.Context,android.util.AttributeSet,int)>":"0",
				"<android.media.TtmlRenderingWidget: void <init>(android.content.Context,android.util.AttributeSet,int,int)>":"0",
				"<android.widget.GridView: void <init>(android.content.Context,android.util.AttributeSet,int,int)>":"0",
				"<android.inputmethodservice.ExtractButton: void <init>(android.content.Context,android.util.AttributeSet)>":"0",
				"<android.widget.AbsListView: void <init>(android.content.Context,android.util.AttributeSet,int,int)>":"0",
				"<android.widget.SearchView: void <init>(android.content.Context,android.util.AttributeSet,int,int)>":"0",
				"<com.android.internal.widget.SubtitleView: void <init>(android.content.Context,android.util.AttributeSet,int)>":"0",
				"<android.view.ViewGroup: void <init>(android.content.Context,android.util.AttributeSet,int)>":"0",
				"<android.widget.TextView: void <init>(android.content.Context,android.util.AttributeSet)>":"0",
				"<android.preference.PreferenceFrameLayout: void <init>(android.content.Context,android.util.AttributeSet,int)>":"0",
				"<android.widget.HorizontalScrollView: void <init>(android.content.Context,android.util.AttributeSet,int,int)>":"0",
				"<android.filterfw.core.FilterSurfaceView: void <init>(android.content.Context,android.util.AttributeSet)>":"0",
				"<android.widget.VideoView: void <init>(android.content.Context,android.util.AttributeSet)>":"0",
				"<android.widget.DigitalClock: void <init>(android.content.Context,android.util.AttributeSet)>":"0",
				"<android.widget.AdapterViewAnimator: void <init>(android.content.Context,android.util.AttributeSet,int,int)>":"0",
				"<android.widget.Gallery: void <init>(android.content.Context,android.util.AttributeSet,int,int)>":"0",
				"<android.widget.ListView: void <init>(android.content.Context,android.util.AttributeSet,int,int)>":"0",
				"<android.widget.LinearLayout: void <init>(android.content.Context,android.util.AttributeSet)>":"0",
				"<android.widget.AbsoluteLayout: void <init>(android.content.Context,android.util.AttributeSet,int)>":"0",
				"<android.widget.ActivityChooserView: void <init>(android.content.Context,android.util.AttributeSet,int,int)>":"0",
				"<android.widget.Toolbar: void <init>(android.content.Context,android.util.AttributeSet)>":"0",
				"<android.view.TextureView: void <init>(android.content.Context,android.util.AttributeSet,int)>":"0",
				"<android.widget.ProgressBar: void <init>(android.content.Context,android.util.AttributeSet)>":"0",
				"<android.widget.LinearLayout: void <init>(android.content.Context,android.util.AttributeSet,int,int)>":"0"
			}
		},
		{
			"method":"<android.animation.AnimatorInflater: android.animation.StateListAnimator loadStateListAnimator(android.content.Context,int)>",
			"message":"\\QCan't load state list animator resource ID #0x\\E[\\s\\S]*",
			"relatedVarType":"Parameter",
			"relatedCondType":"Basic",
			"modifier":"public",
			"type":"android.content.res.Resources$NotFoundException",
			"osVersionRelated":false,
			"resourceRelated":true,
			"assessRelated":false,
			"hardwareRelated":false,
			"manifestRelated":false,
			"conditions":"r25 == null, r27 == null",
			"paramValues":"@parameter1: int, @parameter0: android.content.Context",
			"caughtValues":"@caughtexception",
			"relatedValues":"@parameter1: int, @parameter0: android.content.Context; ; @caughtexception",
			"keyAPISameClassNum":0,
			"keyAPIDiffClassNum":0,
			"keyAPISameClass":[
				{
					"trace":[
						"<android.animation.AnimatorInflater: android.animation.StateListAnimator loadStateListAnimator(android.content.Context,int)>"
					],
					"depth":0,
					"method":"<android.animation.AnimatorInflater: android.animation.StateListAnimator loadStateListAnimator(android.content.Context,int)>",
					"source":"CALLER"
				}
			],
			"keyAPIDiffClass":[],
			"callerOfSingnlar2SourceVar":{
				"<android.widget.TextClock: void <init>(android.content.Context,android.util.AttributeSet,int,int)>":"0",
				"<android.widget.SlidingDrawer: void <init>(android.content.Context,android.util.AttributeSet,int,int)>":"0",
				"<android.widget.LinearLayout: void <init>(android.content.Context,android.util.AttributeSet,int)>":"0",
				"<android.media.tv.TvView: void <init>(android.content.Context,android.util.AttributeSet,int)>":"0",
				"<android.gesture.GestureOverlayView: void <init>(android.content.Context,android.util.AttributeSet,int,int)>":"0",
				"<android.widget.TextClock: void <init>(android.content.Context,android.util.AttributeSet,int)>":"0",
				"<android.widget.SimpleMonthView: void <init>(android.content.Context,android.util.AttributeSet,int)>":"0",
				"<android.widget.TimePicker: void <init>(android.content.Context,android.util.AttributeSet,int)>":"0",
				"<android.preference.PreferenceFrameLayout: void <init>(android.content.Context,android.util.AttributeSet,int,int)>":"0",
				"<android.widget.AbsListView: void <init>(android.content.Context,android.util.AttributeSet,int)>":"0",
				"<android.widget.Button: void <init>(android.content.Context,android.util.AttributeSet,int,int)>":"0",
				"<android.widget.AnalogClock: void <init>(android.content.Context)>":"0",
				"<android.widget.EditText: void <init>(android.content.Context,android.util.AttributeSet)>":"0",
				"<android.widget.SimpleMonthView: void <init>(android.content.Context,android.util.AttributeSet)>":"0",
				"<android.widget.ZoomButton: void <init>(android.content.Context,android.util.AttributeSet,int,int)>":"0",
				"<com.android.internal.widget.AbsActionBarView: void <init>(android.content.Context,android.util.AttributeSet,int,int)>":"0",
				"<android.view.SurfaceView: void <init>(android.content.Context,android.util.AttributeSet)>":"0",
				"<android.widget.ImageView: void <init>(android.content.Context,android.util.AttributeSet)>":"0",
				"<android.widget.GridLayout: void <init>(android.content.Context,android.util.AttributeSet,int,int)>":"0",
				"<android.widget.DatePicker: void <init>(android.content.Context,android.util.AttributeSet,int,int)>":"0",
				"<android.widget.AdapterView: void <init>(android.content.Context,android.util.AttributeSet,int)>":"0",
				"<android.widget.DayPickerView: void <init>(android.content.Context,android.util.AttributeSet,int,int)>":"0",
				"<android.widget.SeekBar: void <init>(android.content.Context,android.util.AttributeSet,int,int)>":"0",
				"<android.widget.CheckedTextView: void <init>(android.content.Context,android.util.AttributeSet,int)>":"0",
				"<android.widget.SlidingDrawer: void <init>(android.content.Context,android.util.AttributeSet)>":"0",
				"<android.widget.QuickContactBadge: void <init>(android.content.Context,android.util.AttributeSet,int)>":"0",
				"<android.widget.ActionMenuPresenter$OverflowMenuButton: void <init>(android.widget.ActionMenuPresenter,android.content.Context)>":"1",
				"<android.media.WebVttRenderingWidget: void <init>(android.content.Context,android.util.AttributeSet,int,int)>":"0",
				"<android.widget.EditText: void <init>(android.content.Context,android.util.AttributeSet,int)>":"0",
				"<android.app.ActivityView: void <init>(android.content.Context,android.util.AttributeSet)>":"0",
				"<com.android.internal.widget.SubtitleView: void <init>(android.content.Context,android.util.AttributeSet,int,int)>":"0",
				"<android.widget.AdapterView: void <init>(android.content.Context,android.util.AttributeSet)>":"0",
				"<android.inputmethodservice.KeyboardView: void <init>(android.content.Context,android.util.AttributeSet)>":"0",
				"<android.widget.Chronometer: void <init>(android.content.Context,android.util.AttributeSet,int,int)>":"0",
				"<android.widget.AbsSpinner: void <init>(android.content.Context,android.util.AttributeSet,int,int)>":"0",
				"<android.widget.SeekBar: void <init>(android.content.Context,android.util.AttributeSet,int)>":"0",
				"<android.widget.RelativeLayout: void <init>(android.content.Context,android.util.AttributeSet,int,int)>":"0",
				"<android.widget.GridLayout: void <init>(android.content.Context,android.util.AttributeSet)>":"0",
				"<android.view.SurfaceView: void <init>(android.content.Context,android.util.AttributeSet,int,int)>":"0",
				"<android.widget.GridLayout: void <init>(android.content.Context,android.util.AttributeSet,int)>":"0",
				"<android.widget.NumberPicker: void <init>(android.content.Context,android.util.AttributeSet,int,int)>":"0",
				"<android.opengl.GLSurfaceView: void <init>(android.content.Context,android.util.AttributeSet)>":"0",
				"<android.widget.AbsSeekBar: void <init>(android.content.Context,android.util.AttributeSet,int,int)>":"0",
				"<android.widget.TextClock: void <init>(android.content.Context,android.util.AttributeSet)>":"0",
				"<android.media.ClosedCaptionWidget: void <init>(android.content.Context,android.util.AttributeSet,int)>":"0",
				"<android.widget.HorizontalScrollView: void <init>(android.content.Context,android.util.AttributeSet,int)>":"0",
				"<android.widget.AdapterViewFlipper: void <init>(android.content.Context,android.util.AttributeSet,int,int)>":"0",
				"<com.android.internal.widget.ActionBarContextView: void <init>(android.content.Context,android.util.AttributeSet,int)>":"0",
				"<android.widget.Switch: void <init>(android.content.Context,android.util.AttributeSet,int,int)>":"0",
				"<android.widget.RatingBar: void <init>(android.content.Context,android.util.AttributeSet,int,int)>":"0",
				"<android.widget.ScrollView: void <init>(android.content.Context,android.util.AttributeSet,int,int)>":"0",
				"<android.media.WebVttRenderingWidget: void <init>(android.content.Context,android.util.AttributeSet,int)>":"0",
				"<android.media.WebVttRenderingWidget: void <init>(android.content.Context,android.util.AttributeSet)>":"0",
				"<android.widget.Chronometer: void <init>(android.content.Context,android.util.AttributeSet,int)>":"0",
				"<android.widget.RelativeLayout: void <init>(android.content.Context,android.util.AttributeSet)>":"0",
				"<android.widget.Toolbar: void <init>(android.content.Context,android.util.AttributeSet,int,int)>":"0",
				"<android.widget.Space: void <init>(android.content.Context,android.util.AttributeSet,int)>":"0",
				"<android.widget.VideoView: void <init>(android.content.Context,android.util.AttributeSet,int,int)>":"0",
				"<android.widget.Chronometer: void <init>(android.content.Context)>":"0",
				"<android.inputmethodservice.ExtractEditText: void <init>(android.content.Context,android.util.AttributeSet,int,int)>":"0",
				"<android.webkit.WebView: void <init>(android.content.Context,android.util.AttributeSet,int,boolean)>":"0",
				"<android.widget.RadioButton: void <init>(android.content.Context,android.util.AttributeSet,int,int)>":"0",
				"<android.inputmethodservice.KeyboardView: void <init>(android.content.Context,android.util.AttributeSet,int,int)>":"0",
				"<android.app.MediaRouteButton: void <init>(android.content.Context,android.util.AttributeSet,int,int)>":"0",
				"<android.app.MediaRouteButton: void <init>(android.content.Context,android.util.AttributeSet,int)>":"0",
				"<android.media.tv.TvView: void <init>(android.content.Context,android.util.AttributeSet)>":"0",
				"<android.widget.SimpleMonthView: void <init>(android.content.Context)>":"0",
				"<android.widget.TwoLineListItem: void <init>(android.content.Context,android.util.AttributeSet,int,int)>":"0",
				"<android.widget.AnalogClock: void <init>(android.content.Context,android.util.AttributeSet)>":"0",
				"<android.widget.ActivityChooserView: void <init>(android.content.Context,android.util.AttributeSet)>":"0",
				"<android.widget.ToggleButton: void <init>(android.content.Context,android.util.AttributeSet,int,int)>":"0",
				"<android.widget.RadialTimePickerView: void <init>(android.content.Context,android.util.AttributeSet,int,int)>":"0",
				"<android.app.MediaRouteButton: void <init>(android.content.Context)>":"0",
				"<android.widget.RelativeLayout: void <init>(android.content.Context,android.util.AttributeSet,int)>":"0",
				"<android.widget.TabWidget: void <init>(android.content.Context,android.util.AttributeSet,int)>":"0",
				"<android.widget.StackView: void <init>(android.content.Context,android.util.AttributeSet,int,int)>":"0",
				"<android.inputmethodservice.ExtractEditText: void <init>(android.content.Context,android.util.AttributeSet,int)>":"0",
				"<com.android.internal.widget.ScrollingTabContainerView$TabView: void <init>(com.android.internal.widget.ScrollingTabContainerView,android.content.Context,android.app.ActionBar$Tab,boolean)>":"1",
				"<android.widget.QuickContactBadge: void <init>(android.content.Context,android.util.AttributeSet)>":"0",
				"<android.widget.Spinner: void <init>(android.content.Context,android.util.AttributeSet,int,int,int,android.content.res.Resources$Theme)>":"0",
				"<android.widget.AbsSeekBar: void <init>(android.content.Context,android.util.AttributeSet)>":"0",
				"<android.widget.MultiAutoCompleteTextView: void <init>(android.content.Context,android.util.AttributeSet,int,int)>":"0",
				"<android.view.View: void <init>(android.content.Context,android.util.AttributeSet)>":"0",
				"<android.widget.TabWidget: void <init>(android.content.Context,android.util.AttributeSet,int,int)>":"0",
				"<android.widget.Space: void <init>(android.content.Context)>":"0",
				"<android.widget.Chronometer: void <init>(android.content.Context,android.util.AttributeSet)>":"0",
				"<android.widget.ImageButton: void <init>(android.content.Context,android.util.AttributeSet,int,int)>":"0",
				"<android.widget.ActivityChooserView: void <init>(android.content.Context,android.util.AttributeSet,int)>":"0",
				"<android.inputmethodservice.ExtractButton: void <init>(android.content.Context,android.util.AttributeSet,int)>":"0",
				"<android.widget.AutoCompleteTextView: void <init>(android.content.Context,android.util.AttributeSet,int)>":"0",
				"<android.widget.DatePicker: void <init>(android.content.Context,android.util.AttributeSet,int)>":"0",
				"<android.widget.Button: void <init>(android.content.Context,android.util.AttributeSet,int)>":"0",
				"<android.widget.RadialTimePickerView: void <init>(android.content.Context,android.util.AttributeSet,int)>":"0",
				"<android.widget.QuickContactBadge: void <init>(android.content.Context,android.util.AttributeSet,int,int)>":"0",
				"<android.view.SurfaceView: void <init>(android.content.Context,android.util.AttributeSet,int)>":"0",
				"<android.widget.ImageView: void <init>(android.content.Context,android.util.AttributeSet,int,int)>":"0",
				"<android.widget.FrameLayout: void <init>(android.content.Context,android.util.AttributeSet,int)>":"0",
				"<android.widget.Space: void <init>(android.content.Context,android.util.AttributeSet)>":"0",
				"<android.widget.CheckedTextView: void <init>(android.content.Context,android.util.AttributeSet,int,int)>":"0",
				"<android.widget.ProgressBar: void <init>(android.content.Context)>":"0",
				"<android.widget.DayPickerView: void <init>(android.content.Context,android.util.AttributeSet)>":"0",
				"<android.widget.ScrollView: void <init>(android.content.Context,android.util.AttributeSet,int)>":"0",
				"<android.widget.AnalogClock: void <init>(android.content.Context,android.util.AttributeSet,int,int)>":"0",
				"<android.widget.TextView: void <init>(android.content.Context)>":"0",
				"<android.widget.Button: void <init>(android.content.Context,android.util.AttributeSet)>":"0",
				"<android.view.View: void <init>(android.content.Context,android.util.AttributeSet,int,int)>":"0",
				"<android.widget.CompoundButton: void <init>(android.content.Context,android.util.AttributeSet,int)>":"0",
				"<android.view.View: void <init>(android.content.Context,android.util.AttributeSet,int)>":"0",
				"<android.app.FragmentBreadCrumbs: void <init>(android.content.Context,android.util.AttributeSet,int)>":"0",
				"<android.webkit.WebView: void <init>(android.content.Context,android.util.AttributeSet,int,java.util.Map,boolean)>":"0",
				"<android.widget.TextView: void <init>(android.content.Context,android.util.AttributeSet,int)>":"0",
				"<android.widget.AbsoluteLayout: void <init>(android.content.Context,android.util.AttributeSet,int,int)>":"0",
				"<android.widget.ImageView: void <init>(android.content.Context,android.util.AttributeSet,int)>":"0",
				"<android.widget.FrameLayout: void <init>(android.content.Context,android.util.AttributeSet)>":"0",
				"<android.inputmethodservice.KeyboardView: void <init>(android.content.Context,android.util.AttributeSet,int)>":"0",
				"<android.widget.SimpleMonthView: void <init>(android.content.Context,android.util.AttributeSet,int,int)>":"0",
				"<android.media.TtmlRenderingWidget: void <init>(android.content.Context,android.util.AttributeSet,int)>":"0",
				"<android.widget.TimePicker: void <init>(android.content.Context,android.util.AttributeSet,int,int)>":"0",
				"<android.widget.CompoundButton: void <init>(android.content.Context,android.util.AttributeSet,int,int)>":"0",
				"<android.webkit.WebView: void <init>(android.content.Context,android.util.AttributeSet,int,int)>":"0",
				"<android.widget.AutoCompleteTextView: void <init>(android.content.Context,android.util.AttributeSet,int,int)>":"0",
				"<android.view.TextureView: void <init>(android.content.Context,android.util.AttributeSet,int,int)>":"0",
				"<android.view.ViewGroup: void <init>(android.content.Context,android.util.AttributeSet)>":"0",
				"<android.app.FragmentBreadCrumbs: void <init>(android.content.Context,android.util.AttributeSet)>":"0",
				"<android.widget.CalendarViewMaterialDelegate: void <init>(android.widget.CalendarView,android.content.Context,android.util.AttributeSet,int,int)>":"1",
				"<android.gesture.GestureOverlayView: void <init>(android.content.Context,android.util.AttributeSet,int)>":"0",
				"<android.media.tv.TvView$3: void <init>(android.media.tv.TvView,android.content.Context,android.util.AttributeSet,int)>":"1",
				"<android.widget.ImageButton: void <init>(android.content.Context,android.util.AttributeSet,int)>":"0",
				"<android.widget.AdapterView: void <init>(android.content.Context,android.util.AttributeSet,int,int)>":"0",
				"<android.widget.ProgressBar: void <init>(android.content.Context,android.util.AttributeSet,int,int)>":"0",
				"<android.app.NativeActivity$NativeContentView: void <init>(android.content.Context,android.util.AttributeSet)>":"0",
				"<android.view.ViewGroup: void <init>(android.content.Context)>":"0",
				"<android.widget.VideoView: void <init>(android.content.Context,android.util.AttributeSet,int)>":"0",
				"<android.widget.SlidingDrawer: void <init>(android.content.Context,android.util.AttributeSet,int)>":"0",
				"<android.widget.ZoomButton: void <init>(android.content.Context,android.util.AttributeSet,int)>":"0",
				"<android.media.tv.TvView: void <init>(android.content.Context)>":"0",
				"<android.widget.CalendarView: void <init>(android.content.Context,android.util.AttributeSet,int)>":"0",
				"<android.widget.TextView: void <init>(android.content.Context,android.util.AttributeSet,int,int)>":"0",
				"<android.inputmethodservice.ExtractButton: void <init>(android.content.Context,android.util.AttributeSet,int,int)>":"0",
				"<android.media.ClosedCaptionWidget: void <init>(android.content.Context,android.util.AttributeSet)>":"0",
				"<android.renderscript.RSTextureView: void <init>(android.content.Context,android.util.AttributeSet)>":"0",
				"<com.android.internal.widget.ActionBarContextView: void <init>(android.content.Context,android.util.AttributeSet,int,int)>":"0",
				"<android.widget.SearchView$SearchAutoComplete: void <init>(android.content.Context,android.util.AttributeSet,int,int)>":"0",
				"<android.webkit.WebView: void <init>(android.content.Context,android.util.AttributeSet,int,int,java.util.Map,boolean)>":"0",
				"<android.view.ViewGroup: void <init>(android.content.Context,android.util.AttributeSet,int,int)>":"0",
				"<android.widget.DayPickerView: void <init>(android.content.Context,android.util.AttributeSet,int)>":"0",
				"<android.widget.AnalogClock: void <init>(android.content.Context,android.util.AttributeSet,int)>":"0",
				"<android.widget.Space: void <init>(android.content.Context,android.util.AttributeSet,int,int)>":"0",
				"<android.widget.ImageButton: void <init>(android.content.Context,android.util.AttributeSet)>":"0",
				"<android.view.TextureView: void <init>(android.content.Context,android.util.AttributeSet)>":"0",
				"<android.widget.CheckBox: void <init>(android.content.Context,android.util.AttributeSet,int,int)>":"0",
				"<android.widget.RatingBar: void <init>(android.content.Context,android.util.AttributeSet,int)>":"0",
				"<android.widget.AbsoluteLayout: void <init>(android.content.Context,android.util.AttributeSet)>":"0",
				"<android.widget.AdapterViewAnimator: void <init>(android.content.Context,android.util.AttributeSet,int)>":"0",
				"<android.widget.NumberPicker: void <init>(android.content.Context,android.util.AttributeSet,int)>":"0",
				"<android.app.MediaRouteButton: void <init>(android.content.Context,android.util.AttributeSet)>":"0",
				"<android.widget.TwoLineListItem: void <init>(android.content.Context,android.util.AttributeSet,int)>":"0",
				"<android.widget.AbsSpinner: void <init>(android.content.Context,android.util.AttributeSet,int)>":"0",
				"<android.widget.CheckedTextView: void <init>(android.content.Context,android.util.AttributeSet)>":"0",
				"<android.renderscript.RSSurfaceView: void <init>(android.content.Context,android.util.AttributeSet)>":"0",
				"<android.widget.CalendarView: void <init>(android.content.Context,android.util.AttributeSet,int,int)>":"0",
				"<android.widget.SearchView: void <init>(android.content.Context,android.util.AttributeSet,int)>":"0",
				"<android.widget.FrameLayout: void <init>(android.content.Context,android.util.AttributeSet,int,int)>":"0",
				"<android.animation.AnimatorInflater: android.animation.StateListAnimator loadStateListAnimator(android.content.Context,int)>":"1, 0",
				"<android.widget.EditText: void <init>(android.content.Context,android.util.AttributeSet,int,int)>":"0",
				"<android.app.FragmentBreadCrumbs: void <init>(android.content.Context,android.util.AttributeSet,int,int)>":"0",
				"<android.widget.ProgressBar: void <init>(android.content.Context,android.util.AttributeSet,int)>":"0",
				"<android.inputmethodservice.ExtractEditText: void <init>(android.content.Context,android.util.AttributeSet)>":"0",
				"<android.widget.DateTimeView: void <init>(android.content.Context,android.util.AttributeSet)>":"0",
				"<android.widget.AbsSeekBar: void <init>(android.content.Context,android.util.AttributeSet,int)>":"0",
				"<android.widget.Toolbar: void <init>(android.content.Context,android.util.AttributeSet,int)>":"0",
				"<android.app.ActivityView: void <init>(android.content.Context,android.util.AttributeSet,int)>":"0",
				"<android.media.TtmlRenderingWidget: void <init>(android.content.Context,android.util.AttributeSet,int,int)>":"0",
				"<android.widget.GridView: void <init>(android.content.Context,android.util.AttributeSet,int,int)>":"0",
				"<android.inputmethodservice.ExtractButton: void <init>(android.content.Context,android.util.AttributeSet)>":"0",
				"<android.widget.AbsListView: void <init>(android.content.Context,android.util.AttributeSet,int,int)>":"0",
				"<android.widget.SearchView: void <init>(android.content.Context,android.util.AttributeSet,int,int)>":"0",
				"<com.android.internal.widget.SubtitleView: void <init>(android.content.Context,android.util.AttributeSet,int)>":"0",
				"<android.view.ViewGroup: void <init>(android.content.Context,android.util.AttributeSet,int)>":"0",
				"<android.widget.TextView: void <init>(android.content.Context,android.util.AttributeSet)>":"0",
				"<android.preference.PreferenceFrameLayout: void <init>(android.content.Context,android.util.AttributeSet,int)>":"0",
				"<android.widget.HorizontalScrollView: void <init>(android.content.Context,android.util.AttributeSet,int,int)>":"0",
				"<android.filterfw.core.FilterSurfaceView: void <init>(android.content.Context,android.util.AttributeSet)>":"0",
				"<android.widget.VideoView: void <init>(android.content.Context,android.util.AttributeSet)>":"0",
				"<android.widget.DigitalClock: void <init>(android.content.Context,android.util.AttributeSet)>":"0",
				"<android.widget.AdapterViewAnimator: void <init>(android.content.Context,android.util.AttributeSet,int,int)>":"0",
				"<android.widget.Gallery: void <init>(android.content.Context,android.util.AttributeSet,int,int)>":"0",
				"<android.widget.ListView: void <init>(android.content.Context,android.util.AttributeSet,int,int)>":"0",
				"<android.widget.LinearLayout: void <init>(android.content.Context,android.util.AttributeSet)>":"0",
				"<android.widget.AbsoluteLayout: void <init>(android.content.Context,android.util.AttributeSet,int)>":"0",
				"<android.widget.ActivityChooserView: void <init>(android.content.Context,android.util.AttributeSet,int,int)>":"0",
				"<android.widget.Toolbar: void <init>(android.content.Context,android.util.AttributeSet)>":"0",
				"<android.view.TextureView: void <init>(android.content.Context,android.util.AttributeSet,int)>":"0",
				"<android.widget.ProgressBar: void <init>(android.content.Context,android.util.AttributeSet)>":"0",
				"<android.widget.LinearLayout: void <init>(android.content.Context,android.util.AttributeSet,int,int)>":"0"
			}
		},
		{
			"method":"<android.animation.AnimatorInflater: android.animation.StateListAnimator createStateListAnimatorFromXml(android.content.Context,org.xmlpull.v1.XmlPullParser,android.util.AttributeSet)>",
			"message":"\\Qanimation state item must have a valid animation\\E",
			"relatedVarType":"Parameter",
			"relatedCondType":"Basic",
			"modifier":"private",
			"type":"android.content.res.Resources$NotFoundException",
			"osVersionRelated":false,
			"resourceRelated":true,
			"assessRelated":false,
			"hardwareRelated":false,
			"manifestRelated":false,
			"conditions":"r13 != null, i0",
			"paramValues":"@parameter1: org.xmlpull.v1.XmlPullParser, @parameter0: android.content.Context, @parameter2: android.util.AttributeSet",
			"relatedValues":"@parameter1: org.xmlpull.v1.XmlPullParser, @parameter0: android.content.Context, @parameter2: android.util.AttributeSet; ; ",
			"keyAPISameClassNum":0,
			"keyAPIDiffClassNum":0,
			"keyAPISameClass":[
				{
					"trace":[
						"<android.animation.AnimatorInflater: android.animation.StateListAnimator createStateListAnimatorFromXml(android.content.Context,org.xmlpull.v1.XmlPullParser,android.util.AttributeSet)>"
					],
					"depth":0,
					"method":"<android.animation.AnimatorInflater: android.animation.StateListAnimator createStateListAnimatorFromXml(android.content.Context,org.xmlpull.v1.XmlPullParser,android.util.AttributeSet)>",
					"source":"CALLER"
				},
				{
					"trace":[
						"<android.animation.AnimatorInflater: android.animation.StateListAnimator loadStateListAnimator(android.content.Context,int)>",
						"<android.animation.AnimatorInflater: android.animation.StateListAnimator createStateListAnimatorFromXml(android.content.Context,org.xmlpull.v1.XmlPullParser,android.util.AttributeSet)>"
					],
					"depth":1,
					"method":"<android.animation.AnimatorInflater: android.animation.StateListAnimator loadStateListAnimator(android.content.Context,int)>",
					"source":"CALLER"
				}
			],
			"keyAPIDiffClass":[],
			"callerOfSingnlar2SourceVar":{
				"<android.widget.TextClock: void <init>(android.content.Context,android.util.AttributeSet,int,int)>":"0",
				"<android.widget.SlidingDrawer: void <init>(android.content.Context,android.util.AttributeSet,int,int)>":"0",
				"<android.widget.LinearLayout: void <init>(android.content.Context,android.util.AttributeSet,int)>":"0",
				"<android.view.View: void <init>(android.content.Context,android.util.AttributeSet,int)>":"0",
				"<android.media.tv.TvView: void <init>(android.content.Context,android.util.AttributeSet,int)>":"0",
				"<android.gesture.GestureOverlayView: void <init>(android.content.Context,android.util.AttributeSet,int,int)>":"0",
				"<android.app.FragmentBreadCrumbs: void <init>(android.content.Context,android.util.AttributeSet,int)>":"0",
				"<android.widget.TextClock: void <init>(android.content.Context,android.util.AttributeSet,int)>":"0",
				"<android.widget.TextView: void <init>(android.content.Context,android.util.AttributeSet,int)>":"0",
				"<android.widget.SimpleMonthView: void <init>(android.content.Context,android.util.AttributeSet,int)>":"0",
				"<android.preference.PreferenceFrameLayout: void <init>(android.content.Context,android.util.AttributeSet,int,int)>":"0",
				"<android.widget.AbsoluteLayout: void <init>(android.content.Context,android.util.AttributeSet,int,int)>":"0",
				"<android.widget.ImageView: void <init>(android.content.Context,android.util.AttributeSet,int)>":"0",
				"<android.animation.AnimatorInflater: android.animation.StateListAnimator createStateListAnimatorFromXml(android.content.Context,org.xmlpull.v1.XmlPullParser,android.util.AttributeSet)>":"1, 0, 2",
				"<android.widget.Button: void <init>(android.content.Context,android.util.AttributeSet,int,int)>":"0",
				"<android.inputmethodservice.KeyboardView: void <init>(android.content.Context,android.util.AttributeSet,int)>":"0",
				"<android.widget.SimpleMonthView: void <init>(android.content.Context,android.util.AttributeSet)>":"0",
				"<android.widget.ZoomButton: void <init>(android.content.Context,android.util.AttributeSet,int,int)>":"0",
				"<android.widget.SimpleMonthView: void <init>(android.content.Context,android.util.AttributeSet,int,int)>":"0",
				"<com.android.internal.widget.AbsActionBarView: void <init>(android.content.Context,android.util.AttributeSet,int,int)>":"0",
				"<android.widget.TimePicker: void <init>(android.content.Context,android.util.AttributeSet,int,int)>":"0",
				"<android.view.SurfaceView: void <init>(android.content.Context,android.util.AttributeSet)>":"0",
				"<android.widget.CompoundButton: void <init>(android.content.Context,android.util.AttributeSet,int,int)>":"0",
				"<android.widget.ImageView: void <init>(android.content.Context,android.util.AttributeSet)>":"0",
				"<android.widget.GridLayout: void <init>(android.content.Context,android.util.AttributeSet,int,int)>":"0",
				"<android.widget.DatePicker: void <init>(android.content.Context,android.util.AttributeSet,int,int)>":"0",
				"<android.widget.AdapterView: void <init>(android.content.Context,android.util.AttributeSet,int)>":"0",
				"<android.widget.AutoCompleteTextView: void <init>(android.content.Context,android.util.AttributeSet,int,int)>":"0",
				"<android.widget.DayPickerView: void <init>(android.content.Context,android.util.AttributeSet,int,int)>":"0",
				"<android.view.TextureView: void <init>(android.content.Context,android.util.AttributeSet,int,int)>":"0",
				"<android.view.ViewGroup: void <init>(android.content.Context,android.util.AttributeSet)>":"0",
				"<android.widget.CalendarViewMaterialDelegate: void <init>(android.widget.CalendarView,android.content.Context,android.util.AttributeSet,int,int)>":"1",
				"<android.widget.SeekBar: void <init>(android.content.Context,android.util.AttributeSet,int,int)>":"0",
				"<android.media.tv.TvView$3: void <init>(android.media.tv.TvView,android.content.Context,android.util.AttributeSet,int)>":"1",
				"<android.widget.ImageButton: void <init>(android.content.Context,android.util.AttributeSet,int)>":"0",
				"<android.widget.CheckedTextView: void <init>(android.content.Context,android.util.AttributeSet,int)>":"0",
				"<android.widget.QuickContactBadge: void <init>(android.content.Context,android.util.AttributeSet,int)>":"0",
				"<android.media.WebVttRenderingWidget: void <init>(android.content.Context,android.util.AttributeSet,int,int)>":"0",
				"<android.widget.EditText: void <init>(android.content.Context,android.util.AttributeSet,int)>":"0",
				"<android.widget.AdapterView: void <init>(android.content.Context,android.util.AttributeSet,int,int)>":"0",
				"<android.widget.ProgressBar: void <init>(android.content.Context,android.util.AttributeSet,int,int)>":"0",
				"<com.android.internal.widget.SubtitleView: void <init>(android.content.Context,android.util.AttributeSet,int,int)>":"0",
				"<android.app.NativeActivity$NativeContentView: void <init>(android.content.Context,android.util.AttributeSet)>":"0",
				"<android.inputmethodservice.KeyboardView: void <init>(android.content.Context,android.util.AttributeSet)>":"0",
				"<android.widget.VideoView: void <init>(android.content.Context,android.util.AttributeSet,int)>":"0",
				"<android.widget.Chronometer: void <init>(android.content.Context,android.util.AttributeSet,int,int)>":"0",
				"<android.widget.SlidingDrawer: void <init>(android.content.Context,android.util.AttributeSet,int)>":"0",
				"<android.widget.AbsSpinner: void <init>(android.content.Context,android.util.AttributeSet,int,int)>":"0",
				"<android.widget.RelativeLayout: void <init>(android.content.Context,android.util.AttributeSet,int,int)>":"0",
				"<android.widget.TextView: void <init>(android.content.Context,android.util.AttributeSet,int,int)>":"0",
				"<android.inputmethodservice.ExtractButton: void <init>(android.content.Context,android.util.AttributeSet,int,int)>":"0",
				"<android.view.SurfaceView: void <init>(android.content.Context,android.util.AttributeSet,int,int)>":"0",
				"<android.widget.GridLayout: void <init>(android.content.Context,android.util.AttributeSet,int)>":"0",
				"<android.widget.NumberPicker: void <init>(android.content.Context,android.util.AttributeSet,int,int)>":"0",
				"<android.widget.AbsSeekBar: void <init>(android.content.Context,android.util.AttributeSet,int,int)>":"0",
				"<com.android.internal.widget.ActionBarContextView: void <init>(android.content.Context,android.util.AttributeSet,int,int)>":"0",
				"<android.media.ClosedCaptionWidget: void <init>(android.content.Context,android.util.AttributeSet,int)>":"0",
				"<android.webkit.WebView: void <init>(android.content.Context,android.util.AttributeSet,int,int,java.util.Map,boolean)>":"0",
				"<android.view.ViewGroup: void <init>(android.content.Context,android.util.AttributeSet,int,int)>":"0",
				"<android.widget.DayPickerView: void <init>(android.content.Context,android.util.AttributeSet,int)>":"0",
				"<android.widget.AnalogClock: void <init>(android.content.Context,android.util.AttributeSet,int)>":"0",
				"<android.widget.Space: void <init>(android.content.Context,android.util.AttributeSet,int,int)>":"0",
				"<android.widget.RatingBar: void <init>(android.content.Context,android.util.AttributeSet,int,int)>":"0",
				"<android.widget.ScrollView: void <init>(android.content.Context,android.util.AttributeSet,int,int)>":"0",
				"<android.view.TextureView: void <init>(android.content.Context,android.util.AttributeSet)>":"0",
				"<android.media.WebVttRenderingWidget: void <init>(android.content.Context,android.util.AttributeSet,int)>":"0",
				"<android.widget.Chronometer: void <init>(android.content.Context,android.util.AttributeSet,int)>":"0",
				"<android.widget.Toolbar: void <init>(android.content.Context,android.util.AttributeSet,int,int)>":"0",
				"<android.widget.Space: void <init>(android.content.Context,android.util.AttributeSet,int)>":"0",
				"<android.widget.VideoView: void <init>(android.content.Context,android.util.AttributeSet,int,int)>":"0",
				"<android.app.MediaRouteButton: void <init>(android.content.Context,android.util.AttributeSet)>":"0",
				"<android.inputmethodservice.ExtractEditText: void <init>(android.content.Context,android.util.AttributeSet,int,int)>":"0",
				"<android.inputmethodservice.KeyboardView: void <init>(android.content.Context,android.util.AttributeSet,int,int)>":"0",
				"<android.app.MediaRouteButton: void <init>(android.content.Context,android.util.AttributeSet,int,int)>":"0",
				"<android.app.MediaRouteButton: void <init>(android.content.Context,android.util.AttributeSet,int)>":"0",
				"<android.widget.CalendarView: void <init>(android.content.Context,android.util.AttributeSet,int,int)>":"0",
				"<android.widget.FrameLayout: void <init>(android.content.Context,android.util.AttributeSet,int,int)>":"0",
				"<android.animation.AnimatorInflater: android.animation.StateListAnimator loadStateListAnimator(android.content.Context,int)>":"0",
				"<android.widget.EditText: void <init>(android.content.Context,android.util.AttributeSet,int,int)>":"0",
				"<android.app.FragmentBreadCrumbs: void <init>(android.content.Context,android.util.AttributeSet,int,int)>":"0",
				"<android.widget.ProgressBar: void <init>(android.content.Context,android.util.AttributeSet,int)>":"0",
				"<android.widget.TwoLineListItem: void <init>(android.content.Context,android.util.AttributeSet,int,int)>":"0",
				"<android.widget.AnalogClock: void <init>(android.content.Context,android.util.AttributeSet)>":"0",
				"<android.widget.RadialTimePickerView: void <init>(android.content.Context,android.util.AttributeSet,int,int)>":"0",
				"<android.widget.RelativeLayout: void <init>(android.content.Context,android.util.AttributeSet,int)>":"0",
				"<android.widget.AbsSeekBar: void <init>(android.content.Context,android.util.AttributeSet,int)>":"0",
				"<android.widget.Toolbar: void <init>(android.content.Context,android.util.AttributeSet,int)>":"0",
				"<android.app.ActivityView: void <init>(android.content.Context,android.util.AttributeSet,int)>":"0",
				"<android.media.TtmlRenderingWidget: void <init>(android.content.Context,android.util.AttributeSet,int,int)>":"0",
				"<android.widget.AbsListView: void <init>(android.content.Context,android.util.AttributeSet,int,int)>":"0",
				"<android.widget.SearchView: void <init>(android.content.Context,android.util.AttributeSet,int,int)>":"0",
				"<android.view.View: void <init>(android.content.Context,android.util.AttributeSet)>":"0",
				"<android.view.ViewGroup: void <init>(android.content.Context,android.util.AttributeSet,int)>":"0",
				"<android.widget.TabWidget: void <init>(android.content.Context,android.util.AttributeSet,int,int)>":"0",
				"<android.widget.TextView: void <init>(android.content.Context,android.util.AttributeSet)>":"0",
				"<android.widget.HorizontalScrollView: void <init>(android.content.Context,android.util.AttributeSet,int,int)>":"0",
				"<android.widget.ImageButton: void <init>(android.content.Context,android.util.AttributeSet,int,int)>":"0",
				"<android.widget.ActivityChooserView: void <init>(android.content.Context,android.util.AttributeSet,int)>":"0",
				"<android.widget.AdapterViewAnimator: void <init>(android.content.Context,android.util.AttributeSet,int,int)>":"0",
				"<android.widget.AbsoluteLayout: void <init>(android.content.Context,android.util.AttributeSet,int)>":"0",
				"<android.widget.ActivityChooserView: void <init>(android.content.Context,android.util.AttributeSet,int,int)>":"0",
				"<android.widget.Button: void <init>(android.content.Context,android.util.AttributeSet,int)>":"0",
				"<android.widget.QuickContactBadge: void <init>(android.content.Context,android.util.AttributeSet,int,int)>":"0",
				"<android.view.SurfaceView: void <init>(android.content.Context,android.util.AttributeSet,int)>":"0",
				"<android.widget.ImageView: void <init>(android.content.Context,android.util.AttributeSet,int,int)>":"0",
				"<android.widget.FrameLayout: void <init>(android.content.Context,android.util.AttributeSet,int)>":"0",
				"<android.widget.Space: void <init>(android.content.Context,android.util.AttributeSet)>":"0",
				"<android.widget.CheckedTextView: void <init>(android.content.Context,android.util.AttributeSet,int,int)>":"0",
				"<android.widget.AnalogClock: void <init>(android.content.Context,android.util.AttributeSet,int,int)>":"0",
				"<android.view.TextureView: void <init>(android.content.Context,android.util.AttributeSet,int)>":"0",
				"<android.widget.ProgressBar: void <init>(android.content.Context,android.util.AttributeSet)>":"0",
				"<android.view.View: void <init>(android.content.Context,android.util.AttributeSet,int,int)>":"0",
				"<android.widget.LinearLayout: void <init>(android.content.Context,android.util.AttributeSet,int,int)>":"0"
			}
		},
		{
			"method":"<android.animation.AnimatorInflater: android.animation.PropertyValuesHolder getPVH(android.content.res.TypedArray,int,int,int,java.lang.String)>",
			"message":"\\Q Can't morph from \\E[\\s\\S]*\\Q to \\E[\\s\\S]*",
			"relatedVarType":"Parameter",
			"relatedCondType":"Basic",
			"modifier":"private",
			"type":"android.view.InflateException",
			"osVersionRelated":false,
			"resourceRelated":false,
			"assessRelated":false,
			"hardwareRelated":false,
			"manifestRelated":false,
			"conditions":"$z6 != 0, r8 == null, r26 == null",
			"paramValues":"@parameter2: int, @parameter0: android.content.res.TypedArray, @parameter3: int",
			"relatedValues":"@parameter2: int, @parameter0: android.content.res.TypedArray, @parameter3: int; ; ",
			"keyAPISameClassNum":0,
			"keyAPIDiffClassNum":0,
			"keyAPISameClass":[
				{
					"trace":[
						"<android.animation.AnimatorInflater: android.animation.PropertyValuesHolder getPVH(android.content.res.TypedArray,int,int,int,java.lang.String)>"
					],
					"depth":0,
					"method":"<android.animation.AnimatorInflater: android.animation.PropertyValuesHolder getPVH(android.content.res.TypedArray,int,int,int,java.lang.String)>",
					"source":"CALLER"
				},
				{
					"trace":[
						"<android.animation.AnimatorInflater: android.animation.Animator loadAnimator(android.content.res.Resources,android.content.res.Resources$Theme,int,float)>",
						"<android.animation.AnimatorInflater: android.animation.Animator createAnimatorFromXml(android.content.res.Resources,android.content.res.Resources$Theme,org.xmlpull.v1.XmlPullParser,float)>",
						"<android.animation.AnimatorInflater: android.animation.Animator createAnimatorFromXml(android.content.res.Resources,android.content.res.Resources$Theme,org.xmlpull.v1.XmlPullParser,android.util.AttributeSet,android.animation.AnimatorSet,int,float)>",
						"<android.animation.AnimatorInflater: android.animation.PropertyValuesHolder[] loadValues(android.content.res.Resources,android.content.res.Resources$Theme,org.xmlpull.v1.XmlPullParser,android.util.AttributeSet)>",
						"<android.animation.AnimatorInflater: android.animation.PropertyValuesHolder getPVH(android.content.res.TypedArray,int,int,int,java.lang.String)>"
					],
					"depth":4,
					"method":"<android.animation.AnimatorInflater: android.animation.Animator loadAnimator(android.content.res.Resources,android.content.res.Resources$Theme,int,float)>",
					"source":"CALLER"
				},
				{
					"trace":[
						"<android.animation.AnimatorInflater: android.animation.Animator loadAnimator(android.content.res.Resources,android.content.res.Resources$Theme,int)>",
						"<android.animation.AnimatorInflater: android.animation.Animator loadAnimator(android.content.res.Resources,android.content.res.Resources$Theme,int,float)>",
						"<android.animation.AnimatorInflater: android.animation.Animator createAnimatorFromXml(android.content.res.Resources,android.content.res.Resources$Theme,org.xmlpull.v1.XmlPullParser,float)>",
						"<android.animation.AnimatorInflater: android.animation.Animator createAnimatorFromXml(android.content.res.Resources,android.content.res.Resources$Theme,org.xmlpull.v1.XmlPullParser,android.util.AttributeSet,android.animation.AnimatorSet,int,float)>",
						"<android.animation.AnimatorInflater: android.animation.PropertyValuesHolder[] loadValues(android.content.res.Resources,android.content.res.Resources$Theme,org.xmlpull.v1.XmlPullParser,android.util.AttributeSet)>",
						"<android.animation.AnimatorInflater: android.animation.PropertyValuesHolder getPVH(android.content.res.TypedArray,int,int,int,java.lang.String)>"
					],
					"depth":5,
					"method":"<android.animation.AnimatorInflater: android.animation.Animator loadAnimator(android.content.res.Resources,android.content.res.Resources$Theme,int)>",
					"source":"CALLER"
				},
				{
					"trace":[
						"<android.animation.AnimatorInflater: android.animation.Animator loadAnimator(android.content.Context,int)>",
						"<android.animation.AnimatorInflater: android.animation.Animator loadAnimator(android.content.res.Resources,android.content.res.Resources$Theme,int)>",
						"<android.animation.AnimatorInflater: android.animation.Animator loadAnimator(android.content.res.Resources,android.content.res.Resources$Theme,int,float)>",
						"<android.animation.AnimatorInflater: android.animation.Animator createAnimatorFromXml(android.content.res.Resources,android.content.res.Resources$Theme,org.xmlpull.v1.XmlPullParser,float)>",
						"<android.animation.AnimatorInflater: android.animation.Animator createAnimatorFromXml(android.content.res.Resources,android.content.res.Resources$Theme,org.xmlpull.v1.XmlPullParser,android.util.AttributeSet,android.animation.AnimatorSet,int,float)>",
						"<android.animation.AnimatorInflater: android.animation.PropertyValuesHolder[] loadValues(android.content.res.Resources,android.content.res.Resources$Theme,org.xmlpull.v1.XmlPullParser,android.util.AttributeSet)>",
						"<android.animation.AnimatorInflater: android.animation.PropertyValuesHolder getPVH(android.content.res.TypedArray,int,int,int,java.lang.String)>"
					],
					"depth":6,
					"method":"<android.animation.AnimatorInflater: android.animation.Animator loadAnimator(android.content.Context,int)>",
					"source":"CALLER"
				},
				{
					"trace":[
						"<android.animation.AnimatorInflater: android.animation.StateListAnimator loadStateListAnimator(android.content.Context,int)>",
						"<android.animation.AnimatorInflater: android.animation.StateListAnimator createStateListAnimatorFromXml(android.content.Context,org.xmlpull.v1.XmlPullParser,android.util.AttributeSet)>",
						"<android.animation.AnimatorInflater: android.animation.Animator loadAnimator(android.content.Context,int)>",
						"<android.animation.AnimatorInflater: android.animation.Animator loadAnimator(android.content.res.Resources,android.content.res.Resources$Theme,int)>",
						"<android.animation.AnimatorInflater: android.animation.Animator loadAnimator(android.content.res.Resources,android.content.res.Resources$Theme,int,float)>",
						"<android.animation.AnimatorInflater: android.animation.Animator createAnimatorFromXml(android.content.res.Resources,android.content.res.Resources$Theme,org.xmlpull.v1.XmlPullParser,float)>",
						"<android.animation.AnimatorInflater: android.animation.Animator createAnimatorFromXml(android.content.res.Resources,android.content.res.Resources$Theme,org.xmlpull.v1.XmlPullParser,android.util.AttributeSet,android.animation.AnimatorSet,int,float)>",
						"<android.animation.AnimatorInflater: android.animation.PropertyValuesHolder[] loadValues(android.content.res.Resources,android.content.res.Resources$Theme,org.xmlpull.v1.XmlPullParser,android.util.AttributeSet)>",
						"<android.animation.AnimatorInflater: android.animation.PropertyValuesHolder getPVH(android.content.res.TypedArray,int,int,int,java.lang.String)>"
					],
					"depth":8,
					"method":"<android.animation.AnimatorInflater: android.animation.StateListAnimator loadStateListAnimator(android.content.Context,int)>",
					"source":"CALLER"
				}
			],
			"keyAPIDiffClass":[],
			"callerOfSingnlar2SourceVar":{
				"<android.animation.AnimatorInflater: void parseAnimatorFromTypeArray(android.animation.ValueAnimator,android.content.res.TypedArray,android.content.res.TypedArray,float)>":"1",
				"<android.animation.AnimatorInflater: android.animation.PropertyValuesHolder getPVH(android.content.res.TypedArray,int,int,int,java.lang.String)>":"2, 0, 3"
			}
		},
		{
			"method":"<android.animation.AnimatorInflater: android.animation.TypeEvaluator setupAnimatorForPath(android.animation.ValueAnimator,android.content.res.TypedArray)>",
			"message":"[\\s\\S]*\\Q Can't morph from \\E[\\s\\S]*\\Q to \\E[\\s\\S]*",
			"relatedVarType":"Parameter",
			"relatedCondType":"Basic",
			"modifier":"private",
			"type":"android.view.InflateException",
			"osVersionRelated":false,
			"resourceRelated":false,
			"assessRelated":false,
			"hardwareRelated":false,
			"manifestRelated":false,
			"conditions":"$z0 != 0, r4 == null, r3 == null",
			"paramValues":"@parameter1: android.content.res.TypedArray",
			"relatedValues":"@parameter1: android.content.res.TypedArray; ; ",
			"keyAPISameClassNum":0,
			"keyAPIDiffClassNum":0,
			"keyAPISameClass":[
				{
					"trace":[
						"<android.animation.AnimatorInflater: android.animation.TypeEvaluator setupAnimatorForPath(android.animation.ValueAnimator,android.content.res.TypedArray)>"
					],
					"depth":0,
					"method":"<android.animation.AnimatorInflater: android.animation.TypeEvaluator setupAnimatorForPath(android.animation.ValueAnimator,android.content.res.TypedArray)>",
					"source":"CALLER"
				}
			],
			"keyAPIDiffClass":[],
			"callerOfSingnlar2SourceVar":{
				"<android.animation.AnimatorInflater: android.animation.TypeEvaluator setupAnimatorForPath(android.animation.ValueAnimator,android.content.res.TypedArray)>":"1"
			}
		},
		{
			"method":"<android.animation.AnimatorInflater: void setupObjectAnimator(android.animation.ValueAnimator,android.content.res.TypedArray,boolean,float)>",
			"message":"[\\s\\S]*\\Q propertyXName or propertyYName is needed for PathData\\E",
			"relatedVarType":"Parameter",
			"relatedCondType":"Basic",
			"modifier":"private",
			"type":"android.view.InflateException",
			"osVersionRelated":false,
			"resourceRelated":false,
			"assessRelated":false,
			"hardwareRelated":false,
			"manifestRelated":false,
			"conditions":"r4 != null, r16 != null, r3 == null",
			"paramValues":"@parameter1: android.content.res.TypedArray",
			"relatedValues":"@parameter1: android.content.res.TypedArray; ; ",
			"keyAPISameClassNum":0,
			"keyAPIDiffClassNum":0,
			"keyAPISameClass":[
				{
					"trace":[
						"<android.animation.AnimatorInflater: void setupObjectAnimator(android.animation.ValueAnimator,android.content.res.TypedArray,boolean,float)>"
					],
					"depth":0,
					"method":"<android.animation.AnimatorInflater: void setupObjectAnimator(android.animation.ValueAnimator,android.content.res.TypedArray,boolean,float)>",
					"source":"CALLER"
				},
				{
					"trace":[
						"<android.animation.AnimatorInflater: android.animation.Animator loadAnimator(android.content.res.Resources,android.content.res.Resources$Theme,int,float)>",
						"<android.animation.AnimatorInflater: android.animation.Animator createAnimatorFromXml(android.content.res.Resources,android.content.res.Resources$Theme,org.xmlpull.v1.XmlPullParser,float)>",
						"<android.animation.AnimatorInflater: android.animation.Animator createAnimatorFromXml(android.content.res.Resources,android.content.res.Resources$Theme,org.xmlpull.v1.XmlPullParser,android.util.AttributeSet,android.animation.AnimatorSet,int,float)>",
						"<android.animation.AnimatorInflater: android.animation.ValueAnimator loadAnimator(android.content.res.Resources,android.content.res.Resources$Theme,android.util.AttributeSet,android.animation.ValueAnimator,float)>",
						"<android.animation.AnimatorInflater: void parseAnimatorFromTypeArray(android.animation.ValueAnimator,android.content.res.TypedArray,android.content.res.TypedArray,float)>",
						"<android.animation.AnimatorInflater: void setupObjectAnimator(android.animation.ValueAnimator,android.content.res.TypedArray,boolean,float)>"
					],
					"depth":5,
					"method":"<android.animation.AnimatorInflater: android.animation.Animator loadAnimator(android.content.res.Resources,android.content.res.Resources$Theme,int,float)>",
					"source":"CALLER"
				},
				{
					"trace":[
						"<android.animation.AnimatorInflater: android.animation.Animator loadAnimator(android.content.res.Resources,android.content.res.Resources$Theme,int)>",
						"<android.animation.AnimatorInflater: android.animation.Animator loadAnimator(android.content.res.Resources,android.content.res.Resources$Theme,int,float)>",
						"<android.animation.AnimatorInflater: android.animation.Animator createAnimatorFromXml(android.content.res.Resources,android.content.res.Resources$Theme,org.xmlpull.v1.XmlPullParser,float)>",
						"<android.animation.AnimatorInflater: android.animation.Animator createAnimatorFromXml(android.content.res.Resources,android.content.res.Resources$Theme,org.xmlpull.v1.XmlPullParser,android.util.AttributeSet,android.animation.AnimatorSet,int,float)>",
						"<android.animation.AnimatorInflater: android.animation.ValueAnimator loadAnimator(android.content.res.Resources,android.content.res.Resources$Theme,android.util.AttributeSet,android.animation.ValueAnimator,float)>",
						"<android.animation.AnimatorInflater: void parseAnimatorFromTypeArray(android.animation.ValueAnimator,android.content.res.TypedArray,android.content.res.TypedArray,float)>",
						"<android.animation.AnimatorInflater: void setupObjectAnimator(android.animation.ValueAnimator,android.content.res.TypedArray,boolean,float)>"
					],
					"depth":6,
					"method":"<android.animation.AnimatorInflater: android.animation.Animator loadAnimator(android.content.res.Resources,android.content.res.Resources$Theme,int)>",
					"source":"CALLER"
				},
				{
					"trace":[
						"<android.animation.AnimatorInflater: android.animation.StateListAnimator loadStateListAnimator(android.content.Context,int)>",
						"<android.animation.AnimatorInflater: android.animation.StateListAnimator createStateListAnimatorFromXml(android.content.Context,org.xmlpull.v1.XmlPullParser,android.util.AttributeSet)>",
						"<android.animation.AnimatorInflater: android.animation.Animator createAnimatorFromXml(android.content.res.Resources,android.content.res.Resources$Theme,org.xmlpull.v1.XmlPullParser,float)>",
						"<android.animation.AnimatorInflater: android.animation.Animator createAnimatorFromXml(android.content.res.Resources,android.content.res.Resources$Theme,org.xmlpull.v1.XmlPullParser,android.util.AttributeSet,android.animation.AnimatorSet,int,float)>",
						"<android.animation.AnimatorInflater: android.animation.ValueAnimator loadAnimator(android.content.res.Resources,android.content.res.Resources$Theme,android.util.AttributeSet,android.animation.ValueAnimator,float)>",
						"<android.animation.AnimatorInflater: void parseAnimatorFromTypeArray(android.animation.ValueAnimator,android.content.res.TypedArray,android.content.res.TypedArray,float)>",
						"<android.animation.AnimatorInflater: void setupObjectAnimator(android.animation.ValueAnimator,android.content.res.TypedArray,boolean,float)>"
					],
					"depth":6,
					"method":"<android.animation.AnimatorInflater: android.animation.StateListAnimator loadStateListAnimator(android.content.Context,int)>",
					"source":"CALLER"
				},
				{
					"trace":[
						"<android.animation.AnimatorInflater: android.animation.Animator loadAnimator(android.content.Context,int)>",
						"<android.animation.AnimatorInflater: android.animation.Animator loadAnimator(android.content.res.Resources,android.content.res.Resources$Theme,int)>",
						"<android.animation.AnimatorInflater: android.animation.Animator loadAnimator(android.content.res.Resources,android.content.res.Resources$Theme,int,float)>",
						"<android.animation.AnimatorInflater: android.animation.Animator createAnimatorFromXml(android.content.res.Resources,android.content.res.Resources$Theme,org.xmlpull.v1.XmlPullParser,float)>",
						"<android.animation.AnimatorInflater: android.animation.Animator createAnimatorFromXml(android.content.res.Resources,android.content.res.Resources$Theme,org.xmlpull.v1.XmlPullParser,android.util.AttributeSet,android.animation.AnimatorSet,int,float)>",
						"<android.animation.AnimatorInflater: android.animation.ValueAnimator loadAnimator(android.content.res.Resources,android.content.res.Resources$Theme,android.util.AttributeSet,android.animation.ValueAnimator,float)>",
						"<android.animation.AnimatorInflater: void parseAnimatorFromTypeArray(android.animation.ValueAnimator,android.content.res.TypedArray,android.content.res.TypedArray,float)>",
						"<android.animation.AnimatorInflater: void setupObjectAnimator(android.animation.ValueAnimator,android.content.res.TypedArray,boolean,float)>"
					],
					"depth":7,
					"method":"<android.animation.AnimatorInflater: android.animation.Animator loadAnimator(android.content.Context,int)>",
					"source":"CALLER"
				}
			],
			"keyAPIDiffClass":[],
			"callerOfSingnlar2SourceVar":{
				"<android.animation.AnimatorInflater: void parseAnimatorFromTypeArray(android.animation.ValueAnimator,android.content.res.TypedArray,android.content.res.TypedArray,float)>":"2",
				"<android.animation.AnimatorInflater: void setupObjectAnimator(android.animation.ValueAnimator,android.content.res.TypedArray,boolean,float)>":"1"
			}
		},
		{
			"method":"<android.animation.AnimatorInflater: android.animation.Animator createAnimatorFromXml(android.content.res.Resources,android.content.res.Resources$Theme,org.xmlpull.v1.XmlPullParser,android.util.AttributeSet,android.animation.AnimatorSet,int,float)>",
			"message":"\\QUnknown animator name: \\E[\\s\\S]*",
			"relatedVarType":"Parameter",
			"relatedCondType":"Basic",
			"modifier":"private",
			"type":"java.lang.RuntimeException",
			"osVersionRelated":false,
			"resourceRelated":false,
			"assessRelated":false,
			"hardwareRelated":false,
			"manifestRelated":false,
			"conditions":"$z4 == 0, $z3 == 0, $z2 == 0",
			"paramValues":"@parameter2: org.xmlpull.v1.XmlPullParser",
			"relatedValues":"@parameter2: org.xmlpull.v1.XmlPullParser; ; ",
			"keyAPISameClassNum":0,
			"keyAPIDiffClassNum":0,
			"keyAPISameClass":[
				{
					"trace":[
						"<android.animation.AnimatorInflater: android.animation.Animator createAnimatorFromXml(android.content.res.Resources,android.content.res.Resources$Theme,org.xmlpull.v1.XmlPullParser,android.util.AttributeSet,android.animation.AnimatorSet,int,float)>"
					],
					"depth":0,
					"method":"<android.animation.AnimatorInflater: android.animation.Animator createAnimatorFromXml(android.content.res.Resources,android.content.res.Resources$Theme,org.xmlpull.v1.XmlPullParser,android.util.AttributeSet,android.animation.AnimatorSet,int,float)>",
					"source":"CALLER"
				},
				{
					"trace":[
						"<android.animation.AnimatorInflater: android.animation.Animator loadAnimator(android.content.res.Resources,android.content.res.Resources$Theme,int,float)>",
						"<android.animation.AnimatorInflater: android.animation.Animator createAnimatorFromXml(android.content.res.Resources,android.content.res.Resources$Theme,org.xmlpull.v1.XmlPullParser,float)>",
						"<android.animation.AnimatorInflater: android.animation.Animator createAnimatorFromXml(android.content.res.Resources,android.content.res.Resources$Theme,org.xmlpull.v1.XmlPullParser,android.util.AttributeSet,android.animation.AnimatorSet,int,float)>"
					],
					"depth":2,
					"method":"<android.animation.AnimatorInflater: android.animation.Animator loadAnimator(android.content.res.Resources,android.content.res.Resources$Theme,int,float)>",
					"source":"CALLER"
				},
				{
					"trace":[
						"<android.animation.AnimatorInflater: android.animation.Animator loadAnimator(android.content.res.Resources,android.content.res.Resources$Theme,int)>",
						"<android.animation.AnimatorInflater: android.animation.Animator loadAnimator(android.content.res.Resources,android.content.res.Resources$Theme,int,float)>",
						"<android.animation.AnimatorInflater: android.animation.Animator createAnimatorFromXml(android.content.res.Resources,android.content.res.Resources$Theme,org.xmlpull.v1.XmlPullParser,float)>",
						"<android.animation.AnimatorInflater: android.animation.Animator createAnimatorFromXml(android.content.res.Resources,android.content.res.Resources$Theme,org.xmlpull.v1.XmlPullParser,android.util.AttributeSet,android.animation.AnimatorSet,int,float)>"
					],
					"depth":3,
					"method":"<android.animation.AnimatorInflater: android.animation.Animator loadAnimator(android.content.res.Resources,android.content.res.Resources$Theme,int)>",
					"source":"CALLER"
				},
				{
					"trace":[
						"<android.animation.AnimatorInflater: android.animation.Animator loadAnimator(android.content.Context,int)>",
						"<android.animation.AnimatorInflater: android.animation.Animator loadAnimator(android.content.res.Resources,android.content.res.Resources$Theme,int)>",
						"<android.animation.AnimatorInflater: android.animation.Animator loadAnimator(android.content.res.Resources,android.content.res.Resources$Theme,int,float)>",
						"<android.animation.AnimatorInflater: android.animation.Animator createAnimatorFromXml(android.content.res.Resources,android.content.res.Resources$Theme,org.xmlpull.v1.XmlPullParser,float)>",
						"<android.animation.AnimatorInflater: android.animation.Animator createAnimatorFromXml(android.content.res.Resources,android.content.res.Resources$Theme,org.xmlpull.v1.XmlPullParser,android.util.AttributeSet,android.animation.AnimatorSet,int,float)>"
					],
					"depth":4,
					"method":"<android.animation.AnimatorInflater: android.animation.Animator loadAnimator(android.content.Context,int)>",
					"source":"CALLER"
				},
				{
					"trace":[
						"<android.animation.AnimatorInflater: android.animation.StateListAnimator loadStateListAnimator(android.content.Context,int)>",
						"<android.animation.AnimatorInflater: android.animation.StateListAnimator createStateListAnimatorFromXml(android.content.Context,org.xmlpull.v1.XmlPullParser,android.util.AttributeSet)>",
						"<android.animation.AnimatorInflater: android.animation.Animator loadAnimator(android.content.Context,int)>",
						"<android.animation.AnimatorInflater: android.animation.Animator loadAnimator(android.content.res.Resources,android.content.res.Resources$Theme,int)>",
						"<android.animation.AnimatorInflater: android.animation.Animator loadAnimator(android.content.res.Resources,android.content.res.Resources$Theme,int,float)>",
						"<android.animation.AnimatorInflater: android.animation.Animator createAnimatorFromXml(android.content.res.Resources,android.content.res.Resources$Theme,org.xmlpull.v1.XmlPullParser,float)>",
						"<android.animation.AnimatorInflater: android.animation.Animator createAnimatorFromXml(android.content.res.Resources,android.content.res.Resources$Theme,org.xmlpull.v1.XmlPullParser,android.util.AttributeSet,android.animation.AnimatorSet,int,float)>"
					],
					"depth":6,
					"method":"<android.animation.AnimatorInflater: android.animation.StateListAnimator loadStateListAnimator(android.content.Context,int)>",
					"source":"CALLER"
				}
			],
			"keyAPIDiffClass":[],
			"callerOfSingnlar2SourceVar":{
				"<android.animation.AnimatorInflater: android.animation.Animator createAnimatorFromXml(android.content.res.Resources,android.content.res.Resources$Theme,org.xmlpull.v1.XmlPullParser,android.util.AttributeSet,android.animation.AnimatorSet,int,float)>":"2",
				"<android.animation.AnimatorInflater: android.animation.Animator createAnimatorFromXml(android.content.res.Resources,android.content.res.Resources$Theme,org.xmlpull.v1.XmlPullParser,float)>":"2",
				"<android.animation.AnimatorInflater: android.animation.StateListAnimator createStateListAnimatorFromXml(android.content.Context,org.xmlpull.v1.XmlPullParser,android.util.AttributeSet)>":"1"
			}
		}
	]
}