{
	"exceptions":[
		{
			"method":"<android.hardware.camera2.legacy.LegacyMetadataMapper: void mapControlAe(android.hardware.camera2.impl.CameraMetadataNative,android.hardware.Camera$Parameters)>",
			"message":"\\QAt least one FPS range must be supported.\\E",
			"relatedVarType":"Parameter",
			"relatedCondType":"Basic",
			"modifier":"private",
			"type":"java.lang.AssertionError",
			"osVersionRelated":false,
			"resourceRelated":false,
			"assessRelated":false,
			"hardwareRelated":true,
			"manifestRelated":false,
			"conditions":"i11 > 0, r22 != null, $z1 == 0",
			"paramValues":"@parameter1: android.hardware.Camera$Parameters",
			"relatedValues":"@parameter1: android.hardware.Camera$Parameters; ; ",
			"keyAPISameClassNum":0,
			"keyAPIDiffClassNum":0,
			"keyAPISameClass":[
				{
					"trace":[
						"<android.hardware.camera2.legacy.LegacyMetadataMapper: void mapControlAe(android.hardware.camera2.impl.CameraMetadataNative,android.hardware.Camera$Parameters)>"
					],
					"depth":0,
					"method":"<android.hardware.camera2.legacy.LegacyMetadataMapper: void mapControlAe(android.hardware.camera2.impl.CameraMetadataNative,android.hardware.Camera$Parameters)>",
					"source":"CALLER"
				}
			],
			"keyAPIDiffClass":[],
			"callerOfSingnlar2SourceVar":{
				"<android.hardware.camera2.legacy.LegacyMetadataMapper: void mapControlAe(android.hardware.camera2.impl.CameraMetadataNative,android.hardware.Camera$Parameters)>":"1",
				"<android.hardware.camera2.legacy.LegacyMetadataMapper: void mapCharacteristicsFromParameters(android.hardware.camera2.impl.CameraMetadataNative,android.hardware.Camera$Parameters)>":"1"
			}
		},
		{
			"method":"<android.hardware.camera2.legacy.LegacyMetadataMapper: void mapControlAe(android.hardware.camera2.impl.CameraMetadataNative,android.hardware.Camera$Parameters)>",
			"message":"\\QSupported FPS ranges cannot be null.\\E",
			"relatedVarType":"Parameter",
			"relatedCondType":"Basic",
			"modifier":"private",
			"type":"java.lang.AssertionError",
			"osVersionRelated":false,
			"resourceRelated":false,
			"assessRelated":false,
			"hardwareRelated":true,
			"manifestRelated":false,
			"conditions":"r22 != null, $z1 == 0, $i6 <= 0",
			"paramValues":"@parameter1: android.hardware.Camera$Parameters",
			"relatedValues":"@parameter1: android.hardware.Camera$Parameters; ; ",
			"keyAPISameClassNum":0,
			"keyAPIDiffClassNum":0,
			"keyAPISameClass":[
				{
					"trace":[
						"<android.hardware.camera2.legacy.LegacyMetadataMapper: void mapControlAe(android.hardware.camera2.impl.CameraMetadataNative,android.hardware.Camera$Parameters)>"
					],
					"depth":0,
					"method":"<android.hardware.camera2.legacy.LegacyMetadataMapper: void mapControlAe(android.hardware.camera2.impl.CameraMetadataNative,android.hardware.Camera$Parameters)>",
					"source":"CALLER"
				}
			],
			"keyAPIDiffClass":[],
			"callerOfSingnlar2SourceVar":{
				"<android.hardware.camera2.legacy.LegacyMetadataMapper: void mapControlAe(android.hardware.camera2.impl.CameraMetadataNative,android.hardware.Camera$Parameters)>":"1",
				"<android.hardware.camera2.legacy.LegacyMetadataMapper: void mapCharacteristicsFromParameters(android.hardware.camera2.impl.CameraMetadataNative,android.hardware.Camera$Parameters)>":"1"
			}
		},
		{
			"method":"<android.hardware.camera2.legacy.LegacyMetadataMapper: android.hardware.camera2.impl.CameraMetadataNative createRequestTemplate(android.hardware.camera2.CameraCharacteristics,int)>",
			"message":"\\QtemplateId out of range\\E",
			"relatedVarType":"ParaAndField",
			"relatedCondType":"Basic",
			"modifier":"public",
			"type":"java.lang.IllegalArgumentException",
			"osVersionRelated":false,
			"resourceRelated":false,
			"assessRelated":false,
			"hardwareRelated":true,
			"manifestRelated":false,
			"conditions":"$z0 != 0",
			"paramValues":"@parameter1: int",
			"fieldValues":"<android.hardware.camera2.legacy.LegacyMetadataMapper: int[] sAllowedTemplates>",
			"relatedValues":"@parameter1: int; <android.hardware.camera2.legacy.LegacyMetadataMapper: int[] sAllowedTemplates>; ",
			"keyAPISameClassNum":2,
			"keyAPIDiffClassNum":6,
			"keyAPISameClass":[
				{
					"trace":[
						"<android.hardware.camera2.legacy.LegacyMetadataMapper: android.hardware.camera2.impl.CameraMetadataNative createRequestTemplate(android.hardware.camera2.CameraCharacteristics,int)>"
					],
					"depth":1,
					"method":"<android.hardware.camera2.legacy.LegacyMetadataMapper: android.hardware.camera2.impl.CameraMetadataNative createRequestTemplate(android.hardware.camera2.CameraCharacteristics,int)>",
					"source":"FIELD"
				},
				{
					"trace":[
						"<android.hardware.camera2.legacy.LegacyMetadataMapper: void convertRequestMetadata(android.hardware.camera2.legacy.LegacyRequest)>",
						"<android.hardware.camera2.legacy.LegacyRequestMapper: void convertRequestMetadata(android.hardware.camera2.legacy.LegacyRequest)>",
						"<android.hardware.camera2.legacy.LegacyMetadataMapper: java.lang.String convertSceneModeToLegacy(int)>",
						"<android.hardware.camera2.legacy.LegacyMetadataMapper: void <clinit>()>",
						"key field: <android.hardware.camera2.legacy.LegacyMetadataMapper: int[] sAllowedTemplates>",
						"<android.hardware.camera2.legacy.LegacyMetadataMapper: android.hardware.camera2.impl.CameraMetadataNative createRequestTemplate(android.hardware.camera2.CameraCharacteristics,int)>"
					],
					"depth":4,
					"method":"<android.hardware.camera2.legacy.LegacyMetadataMapper: void convertRequestMetadata(android.hardware.camera2.legacy.LegacyRequest)>",
					"source":"FIELDCALLER"
				}
			],
			"keyAPIDiffClass":[
				{
					"trace":[
						"<android.hardware.camera2.legacy.CameraDeviceUserShim: int createDefaultRequest(int,android.hardware.camera2.impl.CameraMetadataNative)>",
						"<android.hardware.camera2.legacy.LegacyMetadataMapper: android.hardware.camera2.impl.CameraMetadataNative createRequestTemplate(android.hardware.camera2.CameraCharacteristics,int)>",
						"key field: <android.hardware.camera2.legacy.LegacyMetadataMapper: int[] sAllowedTemplates>",
						"<android.hardware.camera2.legacy.LegacyMetadataMapper: android.hardware.camera2.impl.CameraMetadataNative createRequestTemplate(android.hardware.camera2.CameraCharacteristics,int)>"
					],
					"depth":2,
					"method":"<android.hardware.camera2.legacy.CameraDeviceUserShim: int createDefaultRequest(int,android.hardware.camera2.impl.CameraMetadataNative)>",
					"source":"FIELDCALLER"
				},
				{
					"trace":[
						"<android.hardware.camera2.ICameraDeviceUser: int createDefaultRequest(int,android.hardware.camera2.impl.CameraMetadataNative)>",
						"<android.hardware.camera2.legacy.LegacyMetadataMapper: android.hardware.camera2.impl.CameraMetadataNative createRequestTemplate(android.hardware.camera2.CameraCharacteristics,int)>",
						"key field: <android.hardware.camera2.legacy.LegacyMetadataMapper: int[] sAllowedTemplates>",
						"<android.hardware.camera2.legacy.LegacyMetadataMapper: android.hardware.camera2.impl.CameraMetadataNative createRequestTemplate(android.hardware.camera2.CameraCharacteristics,int)>"
					],
					"depth":2,
					"method":"<android.hardware.camera2.ICameraDeviceUser: int createDefaultRequest(int,android.hardware.camera2.impl.CameraMetadataNative)>",
					"source":"FIELDCALLER"
				},
				{
					"trace":[
						"<android.hardware.camera2.legacy.RequestThreadManager$5: boolean handleMessage(android.os.Message)>",
						"<android.hardware.camera2.legacy.LegacyMetadataMapper: void <clinit>()>",
						"key field: <android.hardware.camera2.legacy.LegacyMetadataMapper: int[] sAllowedTemplates>",
						"<android.hardware.camera2.legacy.LegacyMetadataMapper: android.hardware.camera2.impl.CameraMetadataNative createRequestTemplate(android.hardware.camera2.CameraCharacteristics,int)>"
					],
					"depth":2,
					"method":"<android.hardware.camera2.legacy.RequestThreadManager$5: boolean handleMessage(android.os.Message)>",
					"source":"FIELDCALLER"
				},
				{
					"trace":[
						"<android.os.Handler$Callback: boolean handleMessage(android.os.Message)>",
						"<android.hardware.camera2.legacy.LegacyMetadataMapper: void <clinit>()>",
						"key field: <android.hardware.camera2.legacy.LegacyMetadataMapper: int[] sAllowedTemplates>",
						"<android.hardware.camera2.legacy.LegacyMetadataMapper: android.hardware.camera2.impl.CameraMetadataNative createRequestTemplate(android.hardware.camera2.CameraCharacteristics,int)>"
					],
					"depth":2,
					"method":"<android.os.Handler$Callback: boolean handleMessage(android.os.Message)>",
					"source":"FIELDCALLER"
				},
				{
					"trace":[
						"<android.hardware.camera2.legacy.LegacyRequestMapper: void convertRequestMetadata(android.hardware.camera2.legacy.LegacyRequest)>",
						"<android.hardware.camera2.legacy.LegacyMetadataMapper: java.lang.String convertSceneModeToLegacy(int)>",
						"<android.hardware.camera2.legacy.LegacyMetadataMapper: void <clinit>()>",
						"key field: <android.hardware.camera2.legacy.LegacyMetadataMapper: int[] sAllowedTemplates>",
						"<android.hardware.camera2.legacy.LegacyMetadataMapper: android.hardware.camera2.impl.CameraMetadataNative createRequestTemplate(android.hardware.camera2.CameraCharacteristics,int)>"
					],
					"depth":3,
					"method":"<android.hardware.camera2.legacy.LegacyRequestMapper: void convertRequestMetadata(android.hardware.camera2.legacy.LegacyRequest)>",
					"source":"FIELDCALLER"
				},
				{
					"trace":[
						"<android.hardware.camera2.legacy.LegacyResultMapper: android.hardware.camera2.impl.CameraMetadataNative cachedConvertResultMetadata(android.hardware.camera2.legacy.LegacyRequest,long)>",
						"<android.hardware.camera2.legacy.LegacyResultMapper: android.hardware.camera2.impl.CameraMetadataNative convertResultMetadata(android.hardware.camera2.legacy.LegacyRequest)>",
						"<android.hardware.camera2.legacy.LegacyResultMapper: void mapAe(android.hardware.camera2.impl.CameraMetadataNative,android.hardware.camera2.CameraCharacteristics,android.hardware.camera2.CaptureRequest,android.graphics.Rect,android.hardware.camera2.legacy.ParameterUtils$ZoomData,android.hardware.Camera$Parameters)>",
						"<android.hardware.camera2.legacy.LegacyMetadataMapper: int convertAntiBandingModeOrDefault(java.lang.String)>",
						"<android.hardware.camera2.legacy.LegacyMetadataMapper: void <clinit>()>",
						"key field: <android.hardware.camera2.legacy.LegacyMetadataMapper: int[] sAllowedTemplates>",
						"<android.hardware.camera2.legacy.LegacyMetadataMapper: android.hardware.camera2.impl.CameraMetadataNative createRequestTemplate(android.hardware.camera2.CameraCharacteristics,int)>"
					],
					"depth":5,
					"method":"<android.hardware.camera2.legacy.LegacyResultMapper: android.hardware.camera2.impl.CameraMetadataNative cachedConvertResultMetadata(android.hardware.camera2.legacy.LegacyRequest,long)>",
					"source":"FIELDCALLER"
				}
			],
			"callerOfSingnlar2SourceVar":{
				"<android.hardware.camera2.legacy.LegacyMetadataMapper: android.hardware.camera2.impl.CameraMetadataNative createRequestTemplate(android.hardware.camera2.CameraCharacteristics,int)>":"1",
				"<android.hardware.camera2.legacy.CameraDeviceUserShim: int createDefaultRequest(int,android.hardware.camera2.impl.CameraMetadataNative)>":"0"
			}
		},
		{
			"method":"<android.hardware.camera2.legacy.LegacyMetadataMapper: android.hardware.camera2.impl.CameraMetadataNative createRequestTemplate(android.hardware.camera2.CameraCharacteristics,int)>",
			"message":"\\QImpossible; keep in sync with sAllowedTemplates\\E",
			"relatedVarType":"ParaAndField",
			"relatedCondType":"Basic",
			"modifier":"public",
			"type":"java.lang.AssertionError",
			"osVersionRelated":false,
			"resourceRelated":false,
			"assessRelated":false,
			"hardwareRelated":true,
			"manifestRelated":false,
			"conditions":"i0, $z0 != 0",
			"paramValues":"@parameter1: int",
			"fieldValues":"<android.hardware.camera2.legacy.LegacyMetadataMapper: int[] sAllowedTemplates>",
			"relatedValues":"@parameter1: int; <android.hardware.camera2.legacy.LegacyMetadataMapper: int[] sAllowedTemplates>; ",
			"keyAPISameClassNum":2,
			"keyAPIDiffClassNum":6,
			"keyAPISameClass":[
				{
					"trace":[
						"<android.hardware.camera2.legacy.LegacyMetadataMapper: android.hardware.camera2.impl.CameraMetadataNative createRequestTemplate(android.hardware.camera2.CameraCharacteristics,int)>"
					],
					"depth":1,
					"method":"<android.hardware.camera2.legacy.LegacyMetadataMapper: android.hardware.camera2.impl.CameraMetadataNative createRequestTemplate(android.hardware.camera2.CameraCharacteristics,int)>",
					"source":"FIELD"
				},
				{
					"trace":[
						"<android.hardware.camera2.legacy.LegacyMetadataMapper: void convertRequestMetadata(android.hardware.camera2.legacy.LegacyRequest)>",
						"<android.hardware.camera2.legacy.LegacyRequestMapper: void convertRequestMetadata(android.hardware.camera2.legacy.LegacyRequest)>",
						"<android.hardware.camera2.legacy.LegacyMetadataMapper: java.lang.String convertSceneModeToLegacy(int)>",
						"<android.hardware.camera2.legacy.LegacyMetadataMapper: void <clinit>()>",
						"key field: <android.hardware.camera2.legacy.LegacyMetadataMapper: int[] sAllowedTemplates>",
						"<android.hardware.camera2.legacy.LegacyMetadataMapper: android.hardware.camera2.impl.CameraMetadataNative createRequestTemplate(android.hardware.camera2.CameraCharacteristics,int)>"
					],
					"depth":4,
					"method":"<android.hardware.camera2.legacy.LegacyMetadataMapper: void convertRequestMetadata(android.hardware.camera2.legacy.LegacyRequest)>",
					"source":"FIELDCALLER"
				}
			],
			"keyAPIDiffClass":[
				{
					"trace":[
						"<android.hardware.camera2.legacy.CameraDeviceUserShim: int createDefaultRequest(int,android.hardware.camera2.impl.CameraMetadataNative)>",
						"<android.hardware.camera2.legacy.LegacyMetadataMapper: android.hardware.camera2.impl.CameraMetadataNative createRequestTemplate(android.hardware.camera2.CameraCharacteristics,int)>",
						"key field: <android.hardware.camera2.legacy.LegacyMetadataMapper: int[] sAllowedTemplates>",
						"<android.hardware.camera2.legacy.LegacyMetadataMapper: android.hardware.camera2.impl.CameraMetadataNative createRequestTemplate(android.hardware.camera2.CameraCharacteristics,int)>"
					],
					"depth":2,
					"method":"<android.hardware.camera2.legacy.CameraDeviceUserShim: int createDefaultRequest(int,android.hardware.camera2.impl.CameraMetadataNative)>",
					"source":"FIELDCALLER"
				},
				{
					"trace":[
						"<android.hardware.camera2.ICameraDeviceUser: int createDefaultRequest(int,android.hardware.camera2.impl.CameraMetadataNative)>",
						"<android.hardware.camera2.legacy.LegacyMetadataMapper: android.hardware.camera2.impl.CameraMetadataNative createRequestTemplate(android.hardware.camera2.CameraCharacteristics,int)>",
						"key field: <android.hardware.camera2.legacy.LegacyMetadataMapper: int[] sAllowedTemplates>",
						"<android.hardware.camera2.legacy.LegacyMetadataMapper: android.hardware.camera2.impl.CameraMetadataNative createRequestTemplate(android.hardware.camera2.CameraCharacteristics,int)>"
					],
					"depth":2,
					"method":"<android.hardware.camera2.ICameraDeviceUser: int createDefaultRequest(int,android.hardware.camera2.impl.CameraMetadataNative)>",
					"source":"FIELDCALLER"
				},
				{
					"trace":[
						"<android.hardware.camera2.legacy.RequestThreadManager$5: boolean handleMessage(android.os.Message)>",
						"<android.hardware.camera2.legacy.LegacyMetadataMapper: void <clinit>()>",
						"key field: <android.hardware.camera2.legacy.LegacyMetadataMapper: int[] sAllowedTemplates>",
						"<android.hardware.camera2.legacy.LegacyMetadataMapper: android.hardware.camera2.impl.CameraMetadataNative createRequestTemplate(android.hardware.camera2.CameraCharacteristics,int)>"
					],
					"depth":2,
					"method":"<android.hardware.camera2.legacy.RequestThreadManager$5: boolean handleMessage(android.os.Message)>",
					"source":"FIELDCALLER"
				},
				{
					"trace":[
						"<android.os.Handler$Callback: boolean handleMessage(android.os.Message)>",
						"<android.hardware.camera2.legacy.LegacyMetadataMapper: void <clinit>()>",
						"key field: <android.hardware.camera2.legacy.LegacyMetadataMapper: int[] sAllowedTemplates>",
						"<android.hardware.camera2.legacy.LegacyMetadataMapper: android.hardware.camera2.impl.CameraMetadataNative createRequestTemplate(android.hardware.camera2.CameraCharacteristics,int)>"
					],
					"depth":2,
					"method":"<android.os.Handler$Callback: boolean handleMessage(android.os.Message)>",
					"source":"FIELDCALLER"
				},
				{
					"trace":[
						"<android.hardware.camera2.legacy.LegacyRequestMapper: void convertRequestMetadata(android.hardware.camera2.legacy.LegacyRequest)>",
						"<android.hardware.camera2.legacy.LegacyMetadataMapper: java.lang.String convertSceneModeToLegacy(int)>",
						"<android.hardware.camera2.legacy.LegacyMetadataMapper: void <clinit>()>",
						"key field: <android.hardware.camera2.legacy.LegacyMetadataMapper: int[] sAllowedTemplates>",
						"<android.hardware.camera2.legacy.LegacyMetadataMapper: android.hardware.camera2.impl.CameraMetadataNative createRequestTemplate(android.hardware.camera2.CameraCharacteristics,int)>"
					],
					"depth":3,
					"method":"<android.hardware.camera2.legacy.LegacyRequestMapper: void convertRequestMetadata(android.hardware.camera2.legacy.LegacyRequest)>",
					"source":"FIELDCALLER"
				},
				{
					"trace":[
						"<android.hardware.camera2.legacy.LegacyResultMapper: android.hardware.camera2.impl.CameraMetadataNative cachedConvertResultMetadata(android.hardware.camera2.legacy.LegacyRequest,long)>",
						"<android.hardware.camera2.legacy.LegacyResultMapper: android.hardware.camera2.impl.CameraMetadataNative convertResultMetadata(android.hardware.camera2.legacy.LegacyRequest)>",
						"<android.hardware.camera2.legacy.LegacyResultMapper: void mapAe(android.hardware.camera2.impl.CameraMetadataNative,android.hardware.camera2.CameraCharacteristics,android.hardware.camera2.CaptureRequest,android.graphics.Rect,android.hardware.camera2.legacy.ParameterUtils$ZoomData,android.hardware.Camera$Parameters)>",
						"<android.hardware.camera2.legacy.LegacyMetadataMapper: int convertAntiBandingModeOrDefault(java.lang.String)>",
						"<android.hardware.camera2.legacy.LegacyMetadataMapper: void <clinit>()>",
						"key field: <android.hardware.camera2.legacy.LegacyMetadataMapper: int[] sAllowedTemplates>",
						"<android.hardware.camera2.legacy.LegacyMetadataMapper: android.hardware.camera2.impl.CameraMetadataNative createRequestTemplate(android.hardware.camera2.CameraCharacteristics,int)>"
					],
					"depth":5,
					"method":"<android.hardware.camera2.legacy.LegacyResultMapper: android.hardware.camera2.impl.CameraMetadataNative cachedConvertResultMetadata(android.hardware.camera2.legacy.LegacyRequest,long)>",
					"source":"FIELDCALLER"
				}
			],
			"callerOfSingnlar2SourceVar":{
				"<android.hardware.camera2.legacy.LegacyMetadataMapper: android.hardware.camera2.impl.CameraMetadataNative createRequestTemplate(android.hardware.camera2.CameraCharacteristics,int)>":"1",
				"<android.hardware.camera2.legacy.CameraDeviceUserShim: int createDefaultRequest(int,android.hardware.camera2.impl.CameraMetadataNative)>":"0"
			}
		}
	]
}