{
	"exceptions":[
		{
			"method":"<android.animation.ValueAnimator: android.animation.ValueAnimator setDuration(long)>",
			"message":"\\QAnimators cannot have negative duration: \\E[\\s\\S]*",
			"relatedVarType":"Parameter",
			"relatedCondType":"Basic",
			"modifier":"public",
			"type":"java.lang.IllegalArgumentException",
			"osVersionRelated":false,
			"resourceRelated":false,
			"assessRelated":false,
			"hardwareRelated":false,
			"manifestRelated":false,
			"conditions":"$b1 >= 0",
			"paramValues":"@parameter0: long",
			"relatedValues":"@parameter0: long; ; ",
			"keyAPISameClassNum":0,
			"keyAPIDiffClassNum":0,
			"keyAPISameClass":[
				{
					"trace":[
						"<android.animation.ValueAnimator: android.animation.ValueAnimator setDuration(long)>"
					],
					"depth":0,
					"method":"<android.animation.ValueAnimator: android.animation.ValueAnimator setDuration(long)>",
					"source":"CALLER"
				},
				{
					"trace":[
						"<android.animation.ValueAnimator: android.animation.Animator setDuration(long)>",
						"<android.animation.ValueAnimator: android.animation.ValueAnimator setDuration(long)>"
					],
					"depth":1,
					"method":"<android.animation.ValueAnimator: android.animation.Animator setDuration(long)>",
					"source":"CALLER"
				},
				{
					"trace":[
						"<android.animation.Animator: android.animation.Animator setDuration(long)>",
						"<android.animation.ValueAnimator: android.animation.ValueAnimator setDuration(long)>"
					],
					"depth":1,
					"method":"<android.animation.Animator: android.animation.Animator setDuration(long)>",
					"source":"CALLER"
				}
			],
			"keyAPIDiffClass":[
				{
					"trace":[
						"<android.animation.AnimatorSet$Builder: android.animation.AnimatorSet$Builder after(long)>",
						"<android.animation.ValueAnimator: android.animation.ValueAnimator setDuration(long)>"
					],
					"depth":1,
					"method":"<android.animation.AnimatorSet$Builder: android.animation.AnimatorSet$Builder after(long)>",
					"source":"CALLER"
				},
				{
					"trace":[
						"<android.animation.ObjectAnimator: android.animation.ObjectAnimator setDuration(long)>",
						"<android.animation.ValueAnimator: android.animation.ValueAnimator setDuration(long)>"
					],
					"depth":1,
					"method":"<android.animation.ObjectAnimator: android.animation.ObjectAnimator setDuration(long)>",
					"source":"CALLER"
				},
				{
					"trace":[
						"<android.animation.ObjectAnimator: android.animation.Animator setDuration(long)>",
						"<android.animation.ObjectAnimator: android.animation.ObjectAnimator setDuration(long)>",
						"<android.animation.ValueAnimator: android.animation.ValueAnimator setDuration(long)>"
					],
					"depth":2,
					"method":"<android.animation.ObjectAnimator: android.animation.Animator setDuration(long)>",
					"source":"CALLER"
				},
				{
					"trace":[
						"<android.animation.ObjectAnimator: android.animation.ValueAnimator setDuration(long)>",
						"<android.animation.ObjectAnimator: android.animation.ObjectAnimator setDuration(long)>",
						"<android.animation.ValueAnimator: android.animation.ValueAnimator setDuration(long)>"
					],
					"depth":2,
					"method":"<android.animation.ObjectAnimator: android.animation.ValueAnimator setDuration(long)>",
					"source":"CALLER"
				},
				{
					"trace":[
						"<android.animation.AnimatorInflater: android.animation.Animator loadAnimator(android.content.res.Resources,android.content.res.Resources$Theme,int,float)>",
						"<android.animation.AnimatorInflater: android.animation.Animator createAnimatorFromXml(android.content.res.Resources,android.content.res.Resources$Theme,org.xmlpull.v1.XmlPullParser,float)>",
						"<android.animation.AnimatorInflater: android.animation.Animator createAnimatorFromXml(android.content.res.Resources,android.content.res.Resources$Theme,org.xmlpull.v1.XmlPullParser,android.util.AttributeSet,android.animation.AnimatorSet,int,float)>",
						"<android.animation.AnimatorInflater: android.animation.ValueAnimator loadAnimator(android.content.res.Resources,android.content.res.Resources$Theme,android.util.AttributeSet,android.animation.ValueAnimator,float)>",
						"<android.animation.AnimatorInflater: void parseAnimatorFromTypeArray(android.animation.ValueAnimator,android.content.res.TypedArray,android.content.res.TypedArray,float)>",
						"<android.animation.ValueAnimator: android.animation.ValueAnimator setDuration(long)>"
					],
					"depth":5,
					"method":"<android.animation.AnimatorInflater: android.animation.Animator loadAnimator(android.content.res.Resources,android.content.res.Resources$Theme,int,float)>",
					"source":"CALLER"
				},
				{
					"trace":[
						"<android.animation.AnimatorInflater: android.animation.Animator loadAnimator(android.content.res.Resources,android.content.res.Resources$Theme,int)>",
						"<android.animation.AnimatorInflater: android.animation.Animator loadAnimator(android.content.res.Resources,android.content.res.Resources$Theme,int,float)>",
						"<android.animation.AnimatorInflater: android.animation.Animator createAnimatorFromXml(android.content.res.Resources,android.content.res.Resources$Theme,org.xmlpull.v1.XmlPullParser,float)>",
						"<android.animation.AnimatorInflater: android.animation.Animator createAnimatorFromXml(android.content.res.Resources,android.content.res.Resources$Theme,org.xmlpull.v1.XmlPullParser,android.util.AttributeSet,android.animation.AnimatorSet,int,float)>",
						"<android.animation.AnimatorInflater: android.animation.ValueAnimator loadAnimator(android.content.res.Resources,android.content.res.Resources$Theme,android.util.AttributeSet,android.animation.ValueAnimator,float)>",
						"<android.animation.AnimatorInflater: void parseAnimatorFromTypeArray(android.animation.ValueAnimator,android.content.res.TypedArray,android.content.res.TypedArray,float)>",
						"<android.animation.ValueAnimator: android.animation.ValueAnimator setDuration(long)>"
					],
					"depth":6,
					"method":"<android.animation.AnimatorInflater: android.animation.Animator loadAnimator(android.content.res.Resources,android.content.res.Resources$Theme,int)>",
					"source":"CALLER"
				},
				{
					"trace":[
						"<android.animation.AnimatorInflater: android.animation.StateListAnimator loadStateListAnimator(android.content.Context,int)>",
						"<android.animation.AnimatorInflater: android.animation.StateListAnimator createStateListAnimatorFromXml(android.content.Context,org.xmlpull.v1.XmlPullParser,android.util.AttributeSet)>",
						"<android.animation.AnimatorInflater: android.animation.Animator createAnimatorFromXml(android.content.res.Resources,android.content.res.Resources$Theme,org.xmlpull.v1.XmlPullParser,float)>",
						"<android.animation.AnimatorInflater: android.animation.Animator createAnimatorFromXml(android.content.res.Resources,android.content.res.Resources$Theme,org.xmlpull.v1.XmlPullParser,android.util.AttributeSet,android.animation.AnimatorSet,int,float)>",
						"<android.animation.AnimatorInflater: android.animation.ValueAnimator loadAnimator(android.content.res.Resources,android.content.res.Resources$Theme,android.util.AttributeSet,android.animation.ValueAnimator,float)>",
						"<android.animation.AnimatorInflater: void parseAnimatorFromTypeArray(android.animation.ValueAnimator,android.content.res.TypedArray,android.content.res.TypedArray,float)>",
						"<android.animation.ValueAnimator: android.animation.ValueAnimator setDuration(long)>"
					],
					"depth":6,
					"method":"<android.animation.AnimatorInflater: android.animation.StateListAnimator loadStateListAnimator(android.content.Context,int)>",
					"source":"CALLER"
				},
				{
					"trace":[
						"<android.animation.AnimatorInflater: android.animation.Animator loadAnimator(android.content.Context,int)>",
						"<android.animation.AnimatorInflater: android.animation.Animator loadAnimator(android.content.res.Resources,android.content.res.Resources$Theme,int)>",
						"<android.animation.AnimatorInflater: android.animation.Animator loadAnimator(android.content.res.Resources,android.content.res.Resources$Theme,int,float)>",
						"<android.animation.AnimatorInflater: android.animation.Animator createAnimatorFromXml(android.content.res.Resources,android.content.res.Resources$Theme,org.xmlpull.v1.XmlPullParser,float)>",
						"<android.animation.AnimatorInflater: android.animation.Animator createAnimatorFromXml(android.content.res.Resources,android.content.res.Resources$Theme,org.xmlpull.v1.XmlPullParser,android.util.AttributeSet,android.animation.AnimatorSet,int,float)>",
						"<android.animation.AnimatorInflater: android.animation.ValueAnimator loadAnimator(android.content.res.Resources,android.content.res.Resources$Theme,android.util.AttributeSet,android.animation.ValueAnimator,float)>",
						"<android.animation.AnimatorInflater: void parseAnimatorFromTypeArray(android.animation.ValueAnimator,android.content.res.TypedArray,android.content.res.TypedArray,float)>",
						"<android.animation.ValueAnimator: android.animation.ValueAnimator setDuration(long)>"
					],
					"depth":7,
					"method":"<android.animation.AnimatorInflater: android.animation.Animator loadAnimator(android.content.Context,int)>",
					"source":"CALLER"
				}
			],
			"callerOfSingnlar2SourceVar":{
				"<android.animation.ValueAnimator: android.animation.Animator setDuration(long)>":"0",
				"<com.android.internal.widget.ToolbarWidgetWrapper: android.animation.Animator setupAnimatorToVisibility(int,long)>":"1",
				"<android.animation.ValueAnimator: android.animation.ValueAnimator setDuration(long)>":"0",
				"<com.android.internal.widget.LockPatternView: void access$300(com.android.internal.widget.LockPatternView,float,float,long,android.view.animation.Interpolator,com.android.internal.widget.LockPatternView$CellState,java.lang.Runnable)>":"3",
				"<android.animation.AnimatorSet$Builder: android.animation.AnimatorSet$Builder after(long)>":"0",
				"<com.android.internal.widget.LockPatternView: void startRadiusAnimation(float,float,long,android.view.animation.Interpolator,com.android.internal.widget.LockPatternView$CellState,java.lang.Runnable)>":"2",
				"<android.animation.ObjectAnimator: android.animation.Animator setDuration(long)>":"0",
				"<android.animation.ObjectAnimator: android.animation.ObjectAnimator setDuration(long)>":"0",
				"<com.android.internal.widget.AbsActionBarView: android.animation.Animator setupAnimatorToVisibility(int,long)>":"1",
				"<android.animation.ObjectAnimator: android.animation.ValueAnimator setDuration(long)>":"0"
			}
		},
		{
			"method":"<android.animation.ValueAnimator: void start(boolean)>",
			"message":"\\QAnimators may only be run on Looper threads\\E",
			"relatedVarType":"Unknown",
			"relatedCondType":"Basic",
			"modifier":"private",
			"type":"android.util.AndroidRuntimeException",
			"osVersionRelated":false,
			"resourceRelated":false,
			"assessRelated":false,
			"hardwareRelated":false,
			"manifestRelated":false,
			"conditions":"$r0 != null",
			"keyAPISameClassNum":0,
			"keyAPIDiffClassNum":0,
			"keyAPISameClass":[],
			"keyAPIDiffClass":[],
			"callerOfSingnlar2SourceVar":{}
		}
	]
}