{
	"exceptions":[
		{
			"method":"<android.drm.DrmSupportInfo: void addMimeType(java.lang.String)>",
			"message":"\\QmimeType is null\\E",
			"relatedVarType":"Parameter",
			"relatedCondType":"Basic",
			"modifier":"public",
			"type":"java.lang.IllegalArgumentException",
			"osVersionRelated":false,
			"resourceRelated":false,
			"assessRelated":false,
			"hardwareRelated":false,
			"manifestRelated":false,
			"conditions":"r0 != null",
			"paramValues":"@parameter0: java.lang.String",
			"relatedValues":"@parameter0: java.lang.String; ; ",
			"keyAPISameClassNum":0,
			"keyAPIDiffClassNum":0,
			"keyAPISameClass":[
				{
					"trace":[
						"<android.drm.DrmSupportInfo: void addMimeType(java.lang.String)>"
					],
					"depth":0,
					"method":"<android.drm.DrmSupportInfo: void addMimeType(java.lang.String)>",
					"source":"CALLER"
				}
			],
			"keyAPIDiffClass":[],
			"callerOfSingnlar2SourceVar":{
				"<android.drm.DrmSupportInfo: void addMimeType(java.lang.String)>":"0"
			}
		},
		{
			"method":"<android.drm.DrmSupportInfo: void addMimeType(java.lang.String)>",
			"message":"\\QmimeType is an empty string\\E",
			"relatedVarType":"Parameter",
			"relatedCondType":"Basic",
			"modifier":"public",
			"type":"java.lang.IllegalArgumentException",
			"osVersionRelated":false,
			"resourceRelated":false,
			"assessRelated":false,
			"hardwareRelated":false,
			"manifestRelated":false,
			"conditions":"r0 != \"\", r0 != null",
			"paramValues":"@parameter0: java.lang.String",
			"relatedValues":"@parameter0: java.lang.String; ; ",
			"keyAPISameClassNum":0,
			"keyAPIDiffClassNum":0,
			"keyAPISameClass":[
				{
					"trace":[
						"<android.drm.DrmSupportInfo: void addMimeType(java.lang.String)>"
					],
					"depth":0,
					"method":"<android.drm.DrmSupportInfo: void addMimeType(java.lang.String)>",
					"source":"CALLER"
				}
			],
			"keyAPIDiffClass":[],
			"callerOfSingnlar2SourceVar":{
				"<android.drm.DrmSupportInfo: void addMimeType(java.lang.String)>":"0"
			}
		},
		{
			"method":"<android.drm.DrmSupportInfo: void addFileSuffix(java.lang.String)>",
			"message":"\\QfileSuffix is an empty string\\E",
			"relatedVarType":"Parameter",
			"relatedCondType":"Basic",
			"modifier":"public",
			"type":"java.lang.IllegalArgumentException",
			"osVersionRelated":false,
			"resourceRelated":false,
			"assessRelated":false,
			"hardwareRelated":false,
			"manifestRelated":false,
			"conditions":"r0 != \"\"",
			"paramValues":"@parameter0: java.lang.String",
			"relatedValues":"@parameter0: java.lang.String; ; ",
			"keyAPISameClassNum":0,
			"keyAPIDiffClassNum":0,
			"keyAPISameClass":[
				{
					"trace":[
						"<android.drm.DrmSupportInfo: void addFileSuffix(java.lang.String)>"
					],
					"depth":0,
					"method":"<android.drm.DrmSupportInfo: void addFileSuffix(java.lang.String)>",
					"source":"CALLER"
				}
			],
			"keyAPIDiffClass":[],
			"callerOfSingnlar2SourceVar":{
				"<android.drm.DrmSupportInfo: void addFileSuffix(java.lang.String)>":"0"
			}
		},
		{
			"method":"<android.drm.DrmSupportInfo: void setDescription(java.lang.String)>",
			"message":"\\Qdescription is null\\E",
			"relatedVarType":"Parameter",
			"relatedCondType":"Basic",
			"modifier":"public",
			"type":"java.lang.IllegalArgumentException",
			"osVersionRelated":false,
			"resourceRelated":false,
			"assessRelated":false,
			"hardwareRelated":false,
			"manifestRelated":false,
			"conditions":"r0 != null",
			"paramValues":"@parameter0: java.lang.String",
			"relatedValues":"@parameter0: java.lang.String; ; ",
			"keyAPISameClassNum":0,
			"keyAPIDiffClassNum":0,
			"keyAPISameClass":[
				{
					"trace":[
						"<android.drm.DrmSupportInfo: void setDescription(java.lang.String)>"
					],
					"depth":0,
					"method":"<android.drm.DrmSupportInfo: void setDescription(java.lang.String)>",
					"source":"CALLER"
				}
			],
			"keyAPIDiffClass":[],
			"callerOfSingnlar2SourceVar":{
				"<android.drm.DrmSupportInfo: void setDescription(java.lang.String)>":"0"
			}
		},
		{
			"method":"<android.drm.DrmSupportInfo: void setDescription(java.lang.String)>",
			"message":"\\Qdescription is an empty string\\E",
			"relatedVarType":"Parameter",
			"relatedCondType":"Basic",
			"modifier":"public",
			"type":"java.lang.IllegalArgumentException",
			"osVersionRelated":false,
			"resourceRelated":false,
			"assessRelated":false,
			"hardwareRelated":false,
			"manifestRelated":false,
			"conditions":"r0 != \"\", r0 != null",
			"paramValues":"@parameter0: java.lang.String",
			"relatedValues":"@parameter0: java.lang.String; ; ",
			"keyAPISameClassNum":0,
			"keyAPIDiffClassNum":0,
			"keyAPISameClass":[
				{
					"trace":[
						"<android.drm.DrmSupportInfo: void setDescription(java.lang.String)>"
					],
					"depth":0,
					"method":"<android.drm.DrmSupportInfo: void setDescription(java.lang.String)>",
					"source":"CALLER"
				}
			],
			"keyAPIDiffClass":[],
			"callerOfSingnlar2SourceVar":{
				"<android.drm.DrmSupportInfo: void setDescription(java.lang.String)>":"0"
			}
		}
	]
}