{
	"exceptions":[
		{
			"method":"<android.app.WallpaperManager: android.content.Intent getCropAndSetWallpaperIntent(android.net.Uri)>",
			"message":"\\QImage URI must be of the content scheme type\\E",
			"relatedVarType":"Parameter",
			"relatedCondType":"Basic",
			"modifier":"public",
			"type":"java.lang.IllegalArgumentException",
			"osVersionRelated":false,
			"resourceRelated":false,
			"assessRelated":false,
			"hardwareRelated":false,
			"manifestRelated":false,
			"conditions":"$z0 != 0, r0 != null",
			"paramValues":"@parameter0: android.net.Uri",
			"relatedValues":"@parameter0: android.net.Uri; ; ",
			"keyAPISameClassNum":0,
			"keyAPIDiffClassNum":0,
			"keyAPISameClass":[
				{
					"trace":[
						"<android.app.WallpaperManager: android.content.Intent getCropAndSetWallpaperIntent(android.net.Uri)>"
					],
					"depth":0,
					"method":"<android.app.WallpaperManager: android.content.Intent getCropAndSetWallpaperIntent(android.net.Uri)>",
					"source":"CALLER"
				}
			],
			"keyAPIDiffClass":[],
			"callerOfSingnlar2SourceVar":{
				"<android.app.WallpaperManager: android.content.Intent getCropAndSetWallpaperIntent(android.net.Uri)>":"0"
			}
		},
		{
			"method":"<android.app.WallpaperManager: android.content.Intent getCropAndSetWallpaperIntent(android.net.Uri)>",
			"message":"\\QImage URI must not be null\\E",
			"relatedVarType":"Parameter",
			"relatedCondType":"Basic",
			"modifier":"public",
			"type":"java.lang.IllegalArgumentException",
			"osVersionRelated":false,
			"resourceRelated":false,
			"assessRelated":false,
			"hardwareRelated":false,
			"manifestRelated":false,
			"conditions":"r0 != null",
			"paramValues":"@parameter0: android.net.Uri",
			"relatedValues":"@parameter0: android.net.Uri; ; ",
			"keyAPISameClassNum":0,
			"keyAPIDiffClassNum":0,
			"keyAPISameClass":[
				{
					"trace":[
						"<android.app.WallpaperManager: android.content.Intent getCropAndSetWallpaperIntent(android.net.Uri)>"
					],
					"depth":0,
					"method":"<android.app.WallpaperManager: android.content.Intent getCropAndSetWallpaperIntent(android.net.Uri)>",
					"source":"CALLER"
				}
			],
			"keyAPIDiffClass":[],
			"callerOfSingnlar2SourceVar":{
				"<android.app.WallpaperManager: android.content.Intent getCropAndSetWallpaperIntent(android.net.Uri)>":"0"
			}
		},
		{
			"method":"<android.app.WallpaperManager: android.content.Intent getCropAndSetWallpaperIntent(android.net.Uri)>",
			"message":"\\QCannot use passed URI to set wallpaper; check that the type returned by ContentProvider matches image/*\\E",
			"relatedVarType":"ParaAndField",
			"relatedCondType":"Basic",
			"modifier":"public",
			"type":"java.lang.IllegalArgumentException",
			"osVersionRelated":false,
			"resourceRelated":false,
			"assessRelated":false,
			"hardwareRelated":false,
			"manifestRelated":false,
			"conditions":"$i0 <= 0, r11 == null, $z0 != 0",
			"paramValues":"@parameter0: android.net.Uri",
			"fieldValues":"<android.app.WallpaperManager: android.content.Context mContext>",
			"relatedValues":"@parameter0: android.net.Uri; <android.app.WallpaperManager: android.content.Context mContext>; ",
			"keyAPISameClassNum":19,
			"keyAPIDiffClassNum":47,
			"keyAPISameClass":[
				{
					"trace":[
						"<android.app.WallpaperManager: android.content.Intent getCropAndSetWallpaperIntent(android.net.Uri)>"
					],
					"depth":1,
					"method":"<android.app.WallpaperManager: android.graphics.drawable.Drawable getDrawable()>",
					"source":"FIELD"
				},
				{
					"trace":[
						"<android.app.WallpaperManager: android.content.Intent getCropAndSetWallpaperIntent(android.net.Uri)>"
					],
					"depth":1,
					"method":"<android.app.WallpaperManager: android.graphics.drawable.Drawable getBuiltInDrawable(int,int,boolean,float,float)>",
					"source":"FIELD"
				},
				{
					"trace":[
						"<android.app.WallpaperManager: android.content.Intent getCropAndSetWallpaperIntent(android.net.Uri)>"
					],
					"depth":1,
					"method":"<android.app.WallpaperManager: android.graphics.drawable.Drawable peekDrawable()>",
					"source":"FIELD"
				},
				{
					"trace":[
						"<android.app.WallpaperManager: android.content.Intent getCropAndSetWallpaperIntent(android.net.Uri)>"
					],
					"depth":1,
					"method":"<android.app.WallpaperManager: android.graphics.drawable.Drawable getFastDrawable()>",
					"source":"FIELD"
				},
				{
					"trace":[
						"<android.app.WallpaperManager: android.content.Intent getCropAndSetWallpaperIntent(android.net.Uri)>"
					],
					"depth":1,
					"method":"<android.app.WallpaperManager: android.graphics.drawable.Drawable peekFastDrawable()>",
					"source":"FIELD"
				},
				{
					"trace":[
						"<android.app.WallpaperManager: android.content.Intent getCropAndSetWallpaperIntent(android.net.Uri)>"
					],
					"depth":1,
					"method":"<android.app.WallpaperManager: android.graphics.Bitmap getBitmap()>",
					"source":"FIELD"
				},
				{
					"trace":[
						"<android.app.WallpaperManager: android.content.Intent getCropAndSetWallpaperIntent(android.net.Uri)>"
					],
					"depth":1,
					"method":"<android.app.WallpaperManager: android.content.Intent getCropAndSetWallpaperIntent(android.net.Uri)>",
					"source":"FIELD"
				},
				{
					"trace":[
						"<android.app.WallpaperManager: android.content.Intent getCropAndSetWallpaperIntent(android.net.Uri)>"
					],
					"depth":1,
					"method":"<android.app.WallpaperManager: void setResource(int)>",
					"source":"FIELD"
				},
				{
					"trace":[
						"<android.app.WallpaperManager: android.content.Intent getCropAndSetWallpaperIntent(android.net.Uri)>"
					],
					"depth":1,
					"method":"<android.app.WallpaperManager: void setBitmap(android.graphics.Bitmap)>",
					"source":"FIELD"
				},
				{
					"trace":[
						"<android.app.WallpaperManager: android.content.Intent getCropAndSetWallpaperIntent(android.net.Uri)>"
					],
					"depth":1,
					"method":"<android.app.WallpaperManager: void setStream(java.io.InputStream)>",
					"source":"FIELD"
				},
				{
					"trace":[
						"<android.app.WallpaperManager: android.content.Intent getCropAndSetWallpaperIntent(android.net.Uri)>"
					],
					"depth":1,
					"method":"<android.app.WallpaperManager: boolean hasResourceWallpaper(int)>",
					"source":"FIELD"
				},
				{
					"trace":[
						"<android.app.WallpaperManager: android.content.Intent getCropAndSetWallpaperIntent(android.net.Uri)>"
					],
					"depth":1,
					"method":"<android.app.WallpaperManager: void suggestDesiredDimensions(int,int)>",
					"source":"FIELD"
				},
				{
					"trace":[
						"<android.app.WallpaperManager: android.content.Intent getCropAndSetWallpaperIntent(android.net.Uri)>"
					],
					"depth":1,
					"method":"<android.app.WallpaperManager: void setDisplayPadding(android.graphics.Rect)>",
					"source":"FIELD"
				},
				{
					"trace":[
						"<android.app.WallpaperManager: android.content.Intent getCropAndSetWallpaperIntent(android.net.Uri)>"
					],
					"depth":1,
					"method":"<android.app.WallpaperManager: void clearWallpaper()>",
					"source":"FIELD"
				},
				{
					"trace":[
						"<android.app.WallpaperManager: android.content.Intent getCropAndSetWallpaperIntent(android.net.Uri)>"
					],
					"depth":1,
					"method":"<android.app.WallpaperManager: boolean setWallpaperComponent(android.content.ComponentName)>",
					"source":"FIELD"
				},
				{
					"trace":[
						"<android.app.WallpaperManager: android.content.Intent getCropAndSetWallpaperIntent(android.net.Uri)>"
					],
					"depth":1,
					"method":"<android.app.WallpaperManager: boolean isWallpaperSupported()>",
					"source":"FIELD"
				},
				{
					"trace":[
						"<android.app.WallpaperManager: android.graphics.drawable.Drawable getBuiltInDrawable()>",
						"<android.app.WallpaperManager: android.graphics.drawable.Drawable getBuiltInDrawable(int,int,boolean,float,float)>",
						"key field: <android.app.WallpaperManager: android.content.Context mContext>",
						"<android.app.WallpaperManager: android.content.Intent getCropAndSetWallpaperIntent(android.net.Uri)>"
					],
					"depth":2,
					"method":"<android.app.WallpaperManager: android.graphics.drawable.Drawable getBuiltInDrawable()>",
					"source":"FIELDCALLER"
				},
				{
					"trace":[
						"<android.app.WallpaperManager: void clear()>",
						"<android.app.WallpaperManager: void setStream(java.io.InputStream)>",
						"key field: <android.app.WallpaperManager: android.content.Context mContext>",
						"<android.app.WallpaperManager: android.content.Intent getCropAndSetWallpaperIntent(android.net.Uri)>"
					],
					"depth":2,
					"method":"<android.app.WallpaperManager: void clear()>",
					"source":"FIELDCALLER"
				},
				{
					"trace":[
						"<android.app.WallpaperManager: void forgetLoadedWallpaper()>",
						"<android.app.WallpaperManager: boolean isWallpaperSupported()>",
						"key field: <android.app.WallpaperManager: android.content.Context mContext>",
						"<android.app.WallpaperManager: android.content.Intent getCropAndSetWallpaperIntent(android.net.Uri)>"
					],
					"depth":2,
					"method":"<android.app.WallpaperManager: void forgetLoadedWallpaper()>",
					"source":"FIELDCALLER"
				}
			],
			"keyAPIDiffClass":[
				{
					"trace":[
						"<android.app.SystemServiceRegistry$41: android.app.WallpaperManager createService(android.app.ContextImpl)>",
						"<android.app.WallpaperManager: void <init>(android.content.Context,android.os.Handler)>",
						"key field: <android.app.WallpaperManager: android.content.Context mContext>",
						"<android.app.WallpaperManager: android.content.Intent getCropAndSetWallpaperIntent(android.net.Uri)>"
					],
					"depth":2,
					"method":"<android.app.SystemServiceRegistry$41: android.app.WallpaperManager createService(android.app.ContextImpl)>",
					"source":"FIELDCALLER"
				},
				{
					"trace":[
						"<android.app.ContextImpl: android.graphics.drawable.Drawable getWallpaper()>",
						"<android.app.WallpaperManager: android.graphics.drawable.Drawable getDrawable()>",
						"key field: <android.app.WallpaperManager: android.content.Context mContext>",
						"<android.app.WallpaperManager: android.content.Intent getCropAndSetWallpaperIntent(android.net.Uri)>"
					],
					"depth":2,
					"method":"<android.app.ContextImpl: android.graphics.drawable.Drawable getWallpaper()>",
					"source":"FIELDCALLER"
				},
				{
					"trace":[
						"<android.app.ContextImpl: android.graphics.drawable.Drawable peekWallpaper()>",
						"<android.app.WallpaperManager: android.graphics.drawable.Drawable peekDrawable()>",
						"key field: <android.app.WallpaperManager: android.content.Context mContext>",
						"<android.app.WallpaperManager: android.content.Intent getCropAndSetWallpaperIntent(android.net.Uri)>"
					],
					"depth":2,
					"method":"<android.app.ContextImpl: android.graphics.drawable.Drawable peekWallpaper()>",
					"source":"FIELDCALLER"
				},
				{
					"trace":[
						"<android.app.ContextImpl: void setWallpaper(android.graphics.Bitmap)>",
						"<android.app.WallpaperManager: void setBitmap(android.graphics.Bitmap)>",
						"key field: <android.app.WallpaperManager: android.content.Context mContext>",
						"<android.app.WallpaperManager: android.content.Intent getCropAndSetWallpaperIntent(android.net.Uri)>"
					],
					"depth":2,
					"method":"<android.app.ContextImpl: void setWallpaper(android.graphics.Bitmap)>",
					"source":"FIELDCALLER"
				},
				{
					"trace":[
						"<android.app.ContextImpl: void setWallpaper(java.io.InputStream)>",
						"<android.app.WallpaperManager: void setStream(java.io.InputStream)>",
						"key field: <android.app.WallpaperManager: android.content.Context mContext>",
						"<android.app.WallpaperManager: android.content.Intent getCropAndSetWallpaperIntent(android.net.Uri)>"
					],
					"depth":2,
					"method":"<android.app.ContextImpl: void setWallpaper(java.io.InputStream)>",
					"source":"FIELDCALLER"
				},
				{
					"trace":[
						"<android.app.SystemServiceRegistry$41: java.lang.Object createService(android.app.ContextImpl)>",
						"<android.app.SystemServiceRegistry$41: android.app.WallpaperManager createService(android.app.ContextImpl)>",
						"<android.app.WallpaperManager: void <init>(android.content.Context,android.os.Handler)>",
						"key field: <android.app.WallpaperManager: android.content.Context mContext>",
						"<android.app.WallpaperManager: android.content.Intent getCropAndSetWallpaperIntent(android.net.Uri)>"
					],
					"depth":3,
					"method":"<android.app.SystemServiceRegistry$41: java.lang.Object createService(android.app.ContextImpl)>",
					"source":"FIELDCALLER"
				},
				{
					"trace":[
						"<android.app.SystemServiceRegistry$CachedServiceFetcher: java.lang.Object createService(android.app.ContextImpl)>",
						"<android.app.SystemServiceRegistry$41: android.app.WallpaperManager createService(android.app.ContextImpl)>",
						"<android.app.WallpaperManager: void <init>(android.content.Context,android.os.Handler)>",
						"key field: <android.app.WallpaperManager: android.content.Context mContext>",
						"<android.app.WallpaperManager: android.content.Intent getCropAndSetWallpaperIntent(android.net.Uri)>"
					],
					"depth":3,
					"method":"<android.app.SystemServiceRegistry$CachedServiceFetcher: java.lang.Object createService(android.app.ContextImpl)>",
					"source":"FIELDCALLER"
				},
				{
					"trace":[
						"<android.app.ContextImpl: void clearWallpaper()>",
						"<android.app.WallpaperManager: void clear()>",
						"<android.app.WallpaperManager: void setStream(java.io.InputStream)>",
						"key field: <android.app.WallpaperManager: android.content.Context mContext>",
						"<android.app.WallpaperManager: android.content.Intent getCropAndSetWallpaperIntent(android.net.Uri)>"
					],
					"depth":3,
					"method":"<android.app.ContextImpl: void clearWallpaper()>",
					"source":"FIELDCALLER"
				},
				{
					"trace":[
						"<android.app.SystemServiceRegistry$CachedServiceFetcher: java.lang.Object getService(android.app.ContextImpl)>",
						"<android.app.SystemServiceRegistry$41: java.lang.Object createService(android.app.ContextImpl)>",
						"<android.app.SystemServiceRegistry$41: android.app.WallpaperManager createService(android.app.ContextImpl)>",
						"<android.app.WallpaperManager: void <init>(android.content.Context,android.os.Handler)>",
						"key field: <android.app.WallpaperManager: android.content.Context mContext>",
						"<android.app.WallpaperManager: android.content.Intent getCropAndSetWallpaperIntent(android.net.Uri)>"
					],
					"depth":4,
					"method":"<android.app.SystemServiceRegistry$CachedServiceFetcher: java.lang.Object getService(android.app.ContextImpl)>",
					"source":"FIELDCALLER"
				},
				{
					"trace":[
						"<android.app.SystemServiceRegistry$ServiceFetcher: java.lang.Object getService(android.app.ContextImpl)>",
						"<android.app.SystemServiceRegistry$41: java.lang.Object createService(android.app.ContextImpl)>",
						"<android.app.SystemServiceRegistry$41: android.app.WallpaperManager createService(android.app.ContextImpl)>",
						"<android.app.WallpaperManager: void <init>(android.content.Context,android.os.Handler)>",
						"key field: <android.app.WallpaperManager: android.content.Context mContext>",
						"<android.app.WallpaperManager: android.content.Intent getCropAndSetWallpaperIntent(android.net.Uri)>"
					],
					"depth":4,
					"method":"<android.app.SystemServiceRegistry$ServiceFetcher: java.lang.Object getService(android.app.ContextImpl)>",
					"source":"FIELDCALLER"
				},
				{
					"trace":[
						"<android.app.SystemServiceRegistry: java.lang.Object getSystemService(android.app.ContextImpl,java.lang.String)>",
						"<android.app.SystemServiceRegistry$CachedServiceFetcher: java.lang.Object getService(android.app.ContextImpl)>",
						"<android.app.SystemServiceRegistry$41: java.lang.Object createService(android.app.ContextImpl)>",
						"<android.app.SystemServiceRegistry$41: android.app.WallpaperManager createService(android.app.ContextImpl)>",
						"<android.app.WallpaperManager: void <init>(android.content.Context,android.os.Handler)>",
						"key field: <android.app.WallpaperManager: android.content.Context mContext>",
						"<android.app.WallpaperManager: android.content.Intent getCropAndSetWallpaperIntent(android.net.Uri)>"
					],
					"depth":5,
					"method":"<android.app.SystemServiceRegistry: java.lang.Object getSystemService(android.app.ContextImpl,java.lang.String)>",
					"source":"FIELDCALLER"
				},
				{
					"trace":[
						"<android.app.ContextImpl: java.lang.Object getSystemService(java.lang.String)>",
						"<android.app.SystemServiceRegistry: java.lang.Object getSystemService(android.app.ContextImpl,java.lang.String)>",
						"<android.app.SystemServiceRegistry$CachedServiceFetcher: java.lang.Object getService(android.app.ContextImpl)>",
						"<android.app.SystemServiceRegistry$41: java.lang.Object createService(android.app.ContextImpl)>",
						"<android.app.SystemServiceRegistry$41: android.app.WallpaperManager createService(android.app.ContextImpl)>",
						"<android.app.WallpaperManager: void <init>(android.content.Context,android.os.Handler)>",
						"key field: <android.app.WallpaperManager: android.content.Context mContext>",
						"<android.app.WallpaperManager: android.content.Intent getCropAndSetWallpaperIntent(android.net.Uri)>"
					],
					"depth":6,
					"method":"<android.app.ContextImpl: java.lang.Object getSystemService(java.lang.String)>",
					"source":"FIELDCALLER"
				},
				{
					"trace":[
						"<android.content.Context: java.lang.Object getSystemService(java.lang.String)>",
						"<android.app.SystemServiceRegistry: java.lang.Object getSystemService(android.app.ContextImpl,java.lang.String)>",
						"<android.app.SystemServiceRegistry$CachedServiceFetcher: java.lang.Object getService(android.app.ContextImpl)>",
						"<android.app.SystemServiceRegistry$41: java.lang.Object createService(android.app.ContextImpl)>",
						"<android.app.SystemServiceRegistry$41: android.app.WallpaperManager createService(android.app.ContextImpl)>",
						"<android.app.WallpaperManager: void <init>(android.content.Context,android.os.Handler)>",
						"key field: <android.app.WallpaperManager: android.content.Context mContext>",
						"<android.app.WallpaperManager: android.content.Intent getCropAndSetWallpaperIntent(android.net.Uri)>"
					],
					"depth":6,
					"method":"<android.content.Context: java.lang.Object getSystemService(java.lang.String)>",
					"source":"FIELDCALLER"
				},
				{
					"trace":[
						"<android.app.Dialog: boolean onSearchRequested()>",
						"<android.app.ContextImpl: java.lang.Object getSystemService(java.lang.String)>",
						"<android.app.SystemServiceRegistry: java.lang.Object getSystemService(android.app.ContextImpl,java.lang.String)>",
						"<android.app.SystemServiceRegistry$CachedServiceFetcher: java.lang.Object getService(android.app.ContextImpl)>",
						"<android.app.SystemServiceRegistry$41: java.lang.Object createService(android.app.ContextImpl)>",
						"<android.app.SystemServiceRegistry$41: android.app.WallpaperManager createService(android.app.ContextImpl)>",
						"<android.app.WallpaperManager: void <init>(android.content.Context,android.os.Handler)>",
						"key field: <android.app.WallpaperManager: android.content.Context mContext>",
						"<android.app.WallpaperManager: android.content.Intent getCropAndSetWallpaperIntent(android.net.Uri)>"
					],
					"depth":7,
					"method":"<android.app.Dialog: boolean onSearchRequested()>",
					"source":"FIELDCALLER"
				},
				{
					"trace":[
						"<android.view.Window$Callback: boolean onSearchRequested()>",
						"<android.app.ContextImpl: java.lang.Object getSystemService(java.lang.String)>",
						"<android.app.SystemServiceRegistry: java.lang.Object getSystemService(android.app.ContextImpl,java.lang.String)>",
						"<android.app.SystemServiceRegistry$CachedServiceFetcher: java.lang.Object getService(android.app.ContextImpl)>",
						"<android.app.SystemServiceRegistry$41: java.lang.Object createService(android.app.ContextImpl)>",
						"<android.app.SystemServiceRegistry$41: android.app.WallpaperManager createService(android.app.ContextImpl)>",
						"<android.app.WallpaperManager: void <init>(android.content.Context,android.os.Handler)>",
						"key field: <android.app.WallpaperManager: android.content.Context mContext>",
						"<android.app.WallpaperManager: android.content.Intent getCropAndSetWallpaperIntent(android.net.Uri)>"
					],
					"depth":7,
					"method":"<android.view.Window$Callback: boolean onSearchRequested()>",
					"source":"FIELDCALLER"
				},
				{
					"trace":[
						"<android.view.Window$Callback: boolean onSearchRequested(android.view.SearchEvent)>",
						"<android.app.ContextImpl: java.lang.Object getSystemService(java.lang.String)>",
						"<android.app.SystemServiceRegistry: java.lang.Object getSystemService(android.app.ContextImpl,java.lang.String)>",
						"<android.app.SystemServiceRegistry$CachedServiceFetcher: java.lang.Object getService(android.app.ContextImpl)>",
						"<android.app.SystemServiceRegistry$41: java.lang.Object createService(android.app.ContextImpl)>",
						"<android.app.SystemServiceRegistry$41: android.app.WallpaperManager createService(android.app.ContextImpl)>",
						"<android.app.WallpaperManager: void <init>(android.content.Context,android.os.Handler)>",
						"key field: <android.app.WallpaperManager: android.content.Context mContext>",
						"<android.app.WallpaperManager: android.content.Intent getCropAndSetWallpaperIntent(android.net.Uri)>"
					],
					"depth":7,
					"method":"<android.view.Window$Callback: boolean onSearchRequested(android.view.SearchEvent)>",
					"source":"FIELDCALLER"
				},
				{
					"trace":[
						"<android.app.SearchDialog: void onBackPressed()>",
						"<android.app.ContextImpl: java.lang.Object getSystemService(java.lang.String)>",
						"<android.app.SystemServiceRegistry: java.lang.Object getSystemService(android.app.ContextImpl,java.lang.String)>",
						"<android.app.SystemServiceRegistry$CachedServiceFetcher: java.lang.Object getService(android.app.ContextImpl)>",
						"<android.app.SystemServiceRegistry$41: java.lang.Object createService(android.app.ContextImpl)>",
						"<android.app.SystemServiceRegistry$41: android.app.WallpaperManager createService(android.app.ContextImpl)>",
						"<android.app.WallpaperManager: void <init>(android.content.Context,android.os.Handler)>",
						"key field: <android.app.WallpaperManager: android.content.Context mContext>",
						"<android.app.WallpaperManager: android.content.Intent getCropAndSetWallpaperIntent(android.net.Uri)>"
					],
					"depth":7,
					"method":"<android.app.SearchDialog: void onBackPressed()>",
					"source":"FIELDCALLER"
				},
				{
					"trace":[
						"<android.app.MediaRouteButton: void <init>(android.content.Context,android.util.AttributeSet,int,int)>",
						"<android.app.ContextImpl: java.lang.Object getSystemService(java.lang.String)>",
						"<android.app.SystemServiceRegistry: java.lang.Object getSystemService(android.app.ContextImpl,java.lang.String)>",
						"<android.app.SystemServiceRegistry$CachedServiceFetcher: java.lang.Object getService(android.app.ContextImpl)>",
						"<android.app.SystemServiceRegistry$41: java.lang.Object createService(android.app.ContextImpl)>",
						"<android.app.SystemServiceRegistry$41: android.app.WallpaperManager createService(android.app.ContextImpl)>",
						"<android.app.WallpaperManager: void <init>(android.content.Context,android.os.Handler)>",
						"key field: <android.app.WallpaperManager: android.content.Context mContext>",
						"<android.app.WallpaperManager: android.content.Intent getCropAndSetWallpaperIntent(android.net.Uri)>"
					],
					"depth":7,
					"method":"<android.app.MediaRouteButton: void <init>(android.content.Context,android.util.AttributeSet,int,int)>",
					"source":"FIELDCALLER"
				},
				{
					"trace":[
						"<android.app.SearchDialog: void hide()>",
						"<android.app.ContextImpl: java.lang.Object getSystemService(java.lang.String)>",
						"<android.app.SystemServiceRegistry: java.lang.Object getSystemService(android.app.ContextImpl,java.lang.String)>",
						"<android.app.SystemServiceRegistry$CachedServiceFetcher: java.lang.Object getService(android.app.ContextImpl)>",
						"<android.app.SystemServiceRegistry$41: java.lang.Object createService(android.app.ContextImpl)>",
						"<android.app.SystemServiceRegistry$41: android.app.WallpaperManager createService(android.app.ContextImpl)>",
						"<android.app.WallpaperManager: void <init>(android.content.Context,android.os.Handler)>",
						"key field: <android.app.WallpaperManager: android.content.Context mContext>",
						"<android.app.WallpaperManager: android.content.Intent getCropAndSetWallpaperIntent(android.net.Uri)>"
					],
					"depth":7,
					"method":"<android.app.SearchDialog: void hide()>",
					"source":"FIELDCALLER"
				},
				{
					"trace":[
						"<android.app.FragmentHostCallback: android.view.LayoutInflater onGetLayoutInflater()>",
						"<android.app.ContextImpl: java.lang.Object getSystemService(java.lang.String)>",
						"<android.app.SystemServiceRegistry: java.lang.Object getSystemService(android.app.ContextImpl,java.lang.String)>",
						"<android.app.SystemServiceRegistry$CachedServiceFetcher: java.lang.Object getService(android.app.ContextImpl)>",
						"<android.app.SystemServiceRegistry$41: java.lang.Object createService(android.app.ContextImpl)>",
						"<android.app.SystemServiceRegistry$41: android.app.WallpaperManager createService(android.app.ContextImpl)>",
						"<android.app.WallpaperManager: void <init>(android.content.Context,android.os.Handler)>",
						"key field: <android.app.WallpaperManager: android.content.Context mContext>",
						"<android.app.WallpaperManager: android.content.Intent getCropAndSetWallpaperIntent(android.net.Uri)>"
					],
					"depth":7,
					"method":"<android.app.FragmentHostCallback: android.view.LayoutInflater onGetLayoutInflater()>",
					"source":"FIELDCALLER"
				},
				{
					"trace":[
						"<android.app.backup.WallpaperBackupHelper: void <init>(android.content.Context,java.lang.String[],java.lang.String[])>",
						"<android.app.ContextImpl: java.lang.Object getSystemService(java.lang.String)>",
						"<android.app.SystemServiceRegistry: java.lang.Object getSystemService(android.app.ContextImpl,java.lang.String)>",
						"<android.app.SystemServiceRegistry$CachedServiceFetcher: java.lang.Object getService(android.app.ContextImpl)>",
						"<android.app.SystemServiceRegistry$41: java.lang.Object createService(android.app.ContextImpl)>",
						"<android.app.SystemServiceRegistry$41: android.app.WallpaperManager createService(android.app.ContextImpl)>",
						"<android.app.WallpaperManager: void <init>(android.content.Context,android.os.Handler)>",
						"key field: <android.app.WallpaperManager: android.content.Context mContext>",
						"<android.app.WallpaperManager: android.content.Intent getCropAndSetWallpaperIntent(android.net.Uri)>"
					],
					"depth":7,
					"method":"<android.app.backup.WallpaperBackupHelper: void <init>(android.content.Context,java.lang.String[],java.lang.String[])>",
					"source":"FIELDCALLER"
				},
				{
					"trace":[
						"<android.app.DialogFragment: android.view.LayoutInflater getLayoutInflater(android.os.Bundle)>",
						"<android.app.ContextImpl: java.lang.Object getSystemService(java.lang.String)>",
						"<android.app.SystemServiceRegistry: java.lang.Object getSystemService(android.app.ContextImpl,java.lang.String)>",
						"<android.app.SystemServiceRegistry$CachedServiceFetcher: java.lang.Object getService(android.app.ContextImpl)>",
						"<android.app.SystemServiceRegistry$41: java.lang.Object createService(android.app.ContextImpl)>",
						"<android.app.SystemServiceRegistry$41: android.app.WallpaperManager createService(android.app.ContextImpl)>",
						"<android.app.WallpaperManager: void <init>(android.content.Context,android.os.Handler)>",
						"key field: <android.app.WallpaperManager: android.content.Context mContext>",
						"<android.app.WallpaperManager: android.content.Intent getCropAndSetWallpaperIntent(android.net.Uri)>"
					],
					"depth":7,
					"method":"<android.app.DialogFragment: android.view.LayoutInflater getLayoutInflater(android.os.Bundle)>",
					"source":"FIELDCALLER"
				},
				{
					"trace":[
						"<android.content.Context: java.lang.Object getSystemService(java.lang.Class)>",
						"<android.app.ContextImpl: java.lang.Object getSystemService(java.lang.String)>",
						"<android.app.SystemServiceRegistry: java.lang.Object getSystemService(android.app.ContextImpl,java.lang.String)>",
						"<android.app.SystemServiceRegistry$CachedServiceFetcher: java.lang.Object getService(android.app.ContextImpl)>",
						"<android.app.SystemServiceRegistry$41: java.lang.Object createService(android.app.ContextImpl)>",
						"<android.app.SystemServiceRegistry$41: android.app.WallpaperManager createService(android.app.ContextImpl)>",
						"<android.app.WallpaperManager: void <init>(android.content.Context,android.os.Handler)>",
						"key field: <android.app.WallpaperManager: android.content.Context mContext>",
						"<android.app.WallpaperManager: android.content.Intent getCropAndSetWallpaperIntent(android.net.Uri)>"
					],
					"depth":7,
					"method":"<android.content.Context: java.lang.Object getSystemService(java.lang.Class)>",
					"source":"FIELDCALLER"
				},
				{
					"trace":[
						"<android.view.ContextThemeWrapper: java.lang.Object getSystemService(java.lang.String)>",
						"<android.app.ContextImpl: java.lang.Object getSystemService(java.lang.String)>",
						"<android.app.SystemServiceRegistry: java.lang.Object getSystemService(android.app.ContextImpl,java.lang.String)>",
						"<android.app.SystemServiceRegistry$CachedServiceFetcher: java.lang.Object getService(android.app.ContextImpl)>",
						"<android.app.SystemServiceRegistry$41: java.lang.Object createService(android.app.ContextImpl)>",
						"<android.app.SystemServiceRegistry$41: android.app.WallpaperManager createService(android.app.ContextImpl)>",
						"<android.app.WallpaperManager: void <init>(android.content.Context,android.os.Handler)>",
						"key field: <android.app.WallpaperManager: android.content.Context mContext>",
						"<android.app.WallpaperManager: android.content.Intent getCropAndSetWallpaperIntent(android.net.Uri)>"
					],
					"depth":7,
					"method":"<android.view.ContextThemeWrapper: java.lang.Object getSystemService(java.lang.String)>",
					"source":"FIELDCALLER"
				},
				{
					"trace":[
						"<android.app.ActivityThread$DropBoxReporter: void addData(java.lang.String,byte[],int)>",
						"<android.app.ActivityThread$DropBoxReporter: void ensureInitialized()>",
						"<android.app.ContextImpl: java.lang.Object getSystemService(java.lang.String)>",
						"<android.app.SystemServiceRegistry: java.lang.Object getSystemService(android.app.ContextImpl,java.lang.String)>",
						"<android.app.SystemServiceRegistry$CachedServiceFetcher: java.lang.Object getService(android.app.ContextImpl)>",
						"<android.app.SystemServiceRegistry$41: java.lang.Object createService(android.app.ContextImpl)>",
						"<android.app.SystemServiceRegistry$41: android.app.WallpaperManager createService(android.app.ContextImpl)>",
						"<android.app.WallpaperManager: void <init>(android.content.Context,android.os.Handler)>",
						"key field: <android.app.WallpaperManager: android.content.Context mContext>",
						"<android.app.WallpaperManager: android.content.Intent getCropAndSetWallpaperIntent(android.net.Uri)>"
					],
					"depth":8,
					"method":"<android.app.ActivityThread$DropBoxReporter: void addData(java.lang.String,byte[],int)>",
					"source":"FIELDCALLER"
				},
				{
					"trace":[
						"<android.app.ActivityThread$DropBoxReporter: void addText(java.lang.String,java.lang.String)>",
						"<android.app.ActivityThread$DropBoxReporter: void ensureInitialized()>",
						"<android.app.ContextImpl: java.lang.Object getSystemService(java.lang.String)>",
						"<android.app.SystemServiceRegistry: java.lang.Object getSystemService(android.app.ContextImpl,java.lang.String)>",
						"<android.app.SystemServiceRegistry$CachedServiceFetcher: java.lang.Object getService(android.app.ContextImpl)>",
						"<android.app.SystemServiceRegistry$41: java.lang.Object createService(android.app.ContextImpl)>",
						"<android.app.SystemServiceRegistry$41: android.app.WallpaperManager createService(android.app.ContextImpl)>",
						"<android.app.WallpaperManager: void <init>(android.content.Context,android.os.Handler)>",
						"key field: <android.app.WallpaperManager: android.content.Context mContext>",
						"<android.app.WallpaperManager: android.content.Intent getCropAndSetWallpaperIntent(android.net.Uri)>"
					],
					"depth":8,
					"method":"<android.app.ActivityThread$DropBoxReporter: void addText(java.lang.String,java.lang.String)>",
					"source":"FIELDCALLER"
				},
				{
					"trace":[
						"<android.view.WindowCallbackWrapper: boolean onSearchRequested()>",
						"<android.app.Dialog: boolean onSearchRequested()>",
						"<android.app.ContextImpl: java.lang.Object getSystemService(java.lang.String)>",
						"<android.app.SystemServiceRegistry: java.lang.Object getSystemService(android.app.ContextImpl,java.lang.String)>",
						"<android.app.SystemServiceRegistry$CachedServiceFetcher: java.lang.Object getService(android.app.ContextImpl)>",
						"<android.app.SystemServiceRegistry$41: java.lang.Object createService(android.app.ContextImpl)>",
						"<android.app.SystemServiceRegistry$41: android.app.WallpaperManager createService(android.app.ContextImpl)>",
						"<android.app.WallpaperManager: void <init>(android.content.Context,android.os.Handler)>",
						"key field: <android.app.WallpaperManager: android.content.Context mContext>",
						"<android.app.WallpaperManager: android.content.Intent getCropAndSetWallpaperIntent(android.net.Uri)>"
					],
					"depth":8,
					"method":"<android.view.WindowCallbackWrapper: boolean onSearchRequested()>",
					"source":"FIELDCALLER"
				},
				{
					"trace":[
						"<android.app.Dialog: boolean onSearchRequested(android.view.SearchEvent)>",
						"<android.app.Dialog: boolean onSearchRequested()>",
						"<android.app.ContextImpl: java.lang.Object getSystemService(java.lang.String)>",
						"<android.app.SystemServiceRegistry: java.lang.Object getSystemService(android.app.ContextImpl,java.lang.String)>",
						"<android.app.SystemServiceRegistry$CachedServiceFetcher: java.lang.Object getService(android.app.ContextImpl)>",
						"<android.app.SystemServiceRegistry$41: java.lang.Object createService(android.app.ContextImpl)>",
						"<android.app.SystemServiceRegistry$41: android.app.WallpaperManager createService(android.app.ContextImpl)>",
						"<android.app.WallpaperManager: void <init>(android.content.Context,android.os.Handler)>",
						"key field: <android.app.WallpaperManager: android.content.Context mContext>",
						"<android.app.WallpaperManager: android.content.Intent getCropAndSetWallpaperIntent(android.net.Uri)>"
					],
					"depth":8,
					"method":"<android.app.Dialog: boolean onSearchRequested(android.view.SearchEvent)>",
					"source":"FIELDCALLER"
				},
				{
					"trace":[
						"<android.app.Dialog: boolean onKeyUp(int,android.view.KeyEvent)>",
						"<android.app.SearchDialog: void onBackPressed()>",
						"<android.app.ContextImpl: java.lang.Object getSystemService(java.lang.String)>",
						"<android.app.SystemServiceRegistry: java.lang.Object getSystemService(android.app.ContextImpl,java.lang.String)>",
						"<android.app.SystemServiceRegistry$CachedServiceFetcher: java.lang.Object getService(android.app.ContextImpl)>",
						"<android.app.SystemServiceRegistry$41: java.lang.Object createService(android.app.ContextImpl)>",
						"<android.app.SystemServiceRegistry$41: android.app.WallpaperManager createService(android.app.ContextImpl)>",
						"<android.app.WallpaperManager: void <init>(android.content.Context,android.os.Handler)>",
						"key field: <android.app.WallpaperManager: android.content.Context mContext>",
						"<android.app.WallpaperManager: android.content.Intent getCropAndSetWallpaperIntent(android.net.Uri)>"
					],
					"depth":8,
					"method":"<android.app.Dialog: boolean onKeyUp(int,android.view.KeyEvent)>",
					"source":"FIELDCALLER"
				},
				{
					"trace":[
						"<android.view.KeyEvent$Callback: boolean onKeyUp(int,android.view.KeyEvent)>",
						"<android.app.SearchDialog: void onBackPressed()>",
						"<android.app.ContextImpl: java.lang.Object getSystemService(java.lang.String)>",
						"<android.app.SystemServiceRegistry: java.lang.Object getSystemService(android.app.ContextImpl,java.lang.String)>",
						"<android.app.SystemServiceRegistry$CachedServiceFetcher: java.lang.Object getService(android.app.ContextImpl)>",
						"<android.app.SystemServiceRegistry$41: java.lang.Object createService(android.app.ContextImpl)>",
						"<android.app.SystemServiceRegistry$41: android.app.WallpaperManager createService(android.app.ContextImpl)>",
						"<android.app.WallpaperManager: void <init>(android.content.Context,android.os.Handler)>",
						"key field: <android.app.WallpaperManager: android.content.Context mContext>",
						"<android.app.WallpaperManager: android.content.Intent getCropAndSetWallpaperIntent(android.net.Uri)>"
					],
					"depth":8,
					"method":"<android.view.KeyEvent$Callback: boolean onKeyUp(int,android.view.KeyEvent)>",
					"source":"FIELDCALLER"
				},
				{
					"trace":[
						"<android.app.MediaRouteButton: void <init>(android.content.Context,android.util.AttributeSet,int)>",
						"<android.app.MediaRouteButton: void <init>(android.content.Context,android.util.AttributeSet,int,int)>",
						"<android.app.ContextImpl: java.lang.Object getSystemService(java.lang.String)>",
						"<android.app.SystemServiceRegistry: java.lang.Object getSystemService(android.app.ContextImpl,java.lang.String)>",
						"<android.app.SystemServiceRegistry$CachedServiceFetcher: java.lang.Object getService(android.app.ContextImpl)>",
						"<android.app.SystemServiceRegistry$41: java.lang.Object createService(android.app.ContextImpl)>",
						"<android.app.SystemServiceRegistry$41: android.app.WallpaperManager createService(android.app.ContextImpl)>",
						"<android.app.WallpaperManager: void <init>(android.content.Context,android.os.Handler)>",
						"key field: <android.app.WallpaperManager: android.content.Context mContext>",
						"<android.app.WallpaperManager: android.content.Intent getCropAndSetWallpaperIntent(android.net.Uri)>"
					],
					"depth":8,
					"method":"<android.app.MediaRouteButton: void <init>(android.content.Context,android.util.AttributeSet,int)>",
					"source":"FIELDCALLER"
				},
				{
					"trace":[
						"<android.app.Dialog: void <init>(android.content.Context)>",
						"<android.app.Dialog: void <init>(android.content.Context,int,boolean)>",
						"<android.app.ContextImpl: java.lang.Object getSystemService(java.lang.String)>",
						"<android.app.SystemServiceRegistry: java.lang.Object getSystemService(android.app.ContextImpl,java.lang.String)>",
						"<android.app.SystemServiceRegistry$CachedServiceFetcher: java.lang.Object getService(android.app.ContextImpl)>",
						"<android.app.SystemServiceRegistry$41: java.lang.Object createService(android.app.ContextImpl)>",
						"<android.app.SystemServiceRegistry$41: android.app.WallpaperManager createService(android.app.ContextImpl)>",
						"<android.app.WallpaperManager: void <init>(android.content.Context,android.os.Handler)>",
						"key field: <android.app.WallpaperManager: android.content.Context mContext>",
						"<android.app.WallpaperManager: android.content.Intent getCropAndSetWallpaperIntent(android.net.Uri)>"
					],
					"depth":8,
					"method":"<android.app.Dialog: void <init>(android.content.Context)>",
					"source":"FIELDCALLER"
				},
				{
					"trace":[
						"<android.app.Presentation: void <init>(android.content.Context,android.view.Display,int)>",
						"<android.app.Dialog: void <init>(android.content.Context,int,boolean)>",
						"<android.app.ContextImpl: java.lang.Object getSystemService(java.lang.String)>",
						"<android.app.SystemServiceRegistry: java.lang.Object getSystemService(android.app.ContextImpl,java.lang.String)>",
						"<android.app.SystemServiceRegistry$CachedServiceFetcher: java.lang.Object getService(android.app.ContextImpl)>",
						"<android.app.SystemServiceRegistry$41: java.lang.Object createService(android.app.ContextImpl)>",
						"<android.app.SystemServiceRegistry$41: android.app.WallpaperManager createService(android.app.ContextImpl)>",
						"<android.app.WallpaperManager: void <init>(android.content.Context,android.os.Handler)>",
						"key field: <android.app.WallpaperManager: android.content.Context mContext>",
						"<android.app.WallpaperManager: android.content.Intent getCropAndSetWallpaperIntent(android.net.Uri)>"
					],
					"depth":8,
					"method":"<android.app.Presentation: void <init>(android.content.Context,android.view.Display,int)>",
					"source":"FIELDCALLER"
				},
				{
					"trace":[
						"<android.app.Dialog: void <init>(android.content.Context,int)>",
						"<android.app.Dialog: void <init>(android.content.Context,int,boolean)>",
						"<android.app.ContextImpl: java.lang.Object getSystemService(java.lang.String)>",
						"<android.app.SystemServiceRegistry: java.lang.Object getSystemService(android.app.ContextImpl,java.lang.String)>",
						"<android.app.SystemServiceRegistry$CachedServiceFetcher: java.lang.Object getService(android.app.ContextImpl)>",
						"<android.app.SystemServiceRegistry$41: java.lang.Object createService(android.app.ContextImpl)>",
						"<android.app.SystemServiceRegistry$41: android.app.WallpaperManager createService(android.app.ContextImpl)>",
						"<android.app.WallpaperManager: void <init>(android.content.Context,android.os.Handler)>",
						"key field: <android.app.WallpaperManager: android.content.Context mContext>",
						"<android.app.WallpaperManager: android.content.Intent getCropAndSetWallpaperIntent(android.net.Uri)>"
					],
					"depth":8,
					"method":"<android.app.Dialog: void <init>(android.content.Context,int)>",
					"source":"FIELDCALLER"
				},
				{
					"trace":[
						"<android.app.DialogFragment: void onStop()>",
						"<android.app.SearchDialog: void hide()>",
						"<android.app.ContextImpl: java.lang.Object getSystemService(java.lang.String)>",
						"<android.app.SystemServiceRegistry: java.lang.Object getSystemService(android.app.ContextImpl,java.lang.String)>",
						"<android.app.SystemServiceRegistry$CachedServiceFetcher: java.lang.Object getService(android.app.ContextImpl)>",
						"<android.app.SystemServiceRegistry$41: java.lang.Object createService(android.app.ContextImpl)>",
						"<android.app.SystemServiceRegistry$41: android.app.WallpaperManager createService(android.app.ContextImpl)>",
						"<android.app.WallpaperManager: void <init>(android.content.Context,android.os.Handler)>",
						"key field: <android.app.WallpaperManager: android.content.Context mContext>",
						"<android.app.WallpaperManager: android.content.Intent getCropAndSetWallpaperIntent(android.net.Uri)>"
					],
					"depth":8,
					"method":"<android.app.DialogFragment: void onStop()>",
					"source":"FIELDCALLER"
				},
				{
					"trace":[
						"<android.app.Instrumentation: android.app.Activity newActivity(java.lang.Class,android.content.Context,android.os.IBinder,android.app.Application,android.content.Intent,android.content.pm.ActivityInfo,java.lang.CharSequence,android.app.Activity,java.lang.String,java.lang.Object)>",
						"<android.app.Activity: void attach(android.content.Context,android.app.ActivityThread,android.app.Instrumentation,android.os.IBinder,int,android.app.Application,android.content.Intent,android.content.pm.ActivityInfo,java.lang.CharSequence,android.app.Activity,java.lang.String,android.app.Activity$NonConfigurationInstances,android.content.res.Configuration,java.lang.String,com.android.internal.app.IVoiceInteractor)>",
						"<android.app.ContextImpl: java.lang.Object getSystemService(java.lang.String)>",
						"<android.app.SystemServiceRegistry: java.lang.Object getSystemService(android.app.ContextImpl,java.lang.String)>",
						"<android.app.SystemServiceRegistry$CachedServiceFetcher: java.lang.Object getService(android.app.ContextImpl)>",
						"<android.app.SystemServiceRegistry$41: java.lang.Object createService(android.app.ContextImpl)>",
						"<android.app.SystemServiceRegistry$41: android.app.WallpaperManager createService(android.app.ContextImpl)>",
						"<android.app.WallpaperManager: void <init>(android.content.Context,android.os.Handler)>",
						"key field: <android.app.WallpaperManager: android.content.Context mContext>",
						"<android.app.WallpaperManager: android.content.Intent getCropAndSetWallpaperIntent(android.net.Uri)>"
					],
					"depth":8,
					"method":"<android.app.Instrumentation: android.app.Activity newActivity(java.lang.Class,android.content.Context,android.os.IBinder,android.app.Application,android.content.Intent,android.content.pm.ActivityInfo,java.lang.CharSequence,android.app.Activity,java.lang.String,java.lang.Object)>",
					"source":"FIELDCALLER"
				},
				{
					"trace":[
						"<android.app.Fragment: android.view.LayoutInflater getLayoutInflater(android.os.Bundle)>",
						"<android.app.FragmentHostCallback: android.view.LayoutInflater onGetLayoutInflater()>",
						"<android.app.ContextImpl: java.lang.Object getSystemService(java.lang.String)>",
						"<android.app.SystemServiceRegistry: java.lang.Object getSystemService(android.app.ContextImpl,java.lang.String)>",
						"<android.app.SystemServiceRegistry$CachedServiceFetcher: java.lang.Object getService(android.app.ContextImpl)>",
						"<android.app.SystemServiceRegistry$41: java.lang.Object createService(android.app.ContextImpl)>",
						"<android.app.SystemServiceRegistry$41: android.app.WallpaperManager createService(android.app.ContextImpl)>",
						"<android.app.WallpaperManager: void <init>(android.content.Context,android.os.Handler)>",
						"key field: <android.app.WallpaperManager: android.content.Context mContext>",
						"<android.app.WallpaperManager: android.content.Intent getCropAndSetWallpaperIntent(android.net.Uri)>"
					],
					"depth":8,
					"method":"<android.app.Fragment: android.view.LayoutInflater getLayoutInflater(android.os.Bundle)>",
					"source":"FIELDCALLER"
				},
				{
					"trace":[
						"<android.app.backup.BackupAgent: void onBackup(android.os.ParcelFileDescriptor,android.app.backup.BackupDataOutput,android.os.ParcelFileDescriptor)>",
						"<android.app.backup.WallpaperBackupHelper: void <init>(android.content.Context,java.lang.String[],java.lang.String[])>",
						"<android.app.ContextImpl: java.lang.Object getSystemService(java.lang.String)>",
						"<android.app.SystemServiceRegistry: java.lang.Object getSystemService(android.app.ContextImpl,java.lang.String)>",
						"<android.app.SystemServiceRegistry$CachedServiceFetcher: java.lang.Object getService(android.app.ContextImpl)>",
						"<android.app.SystemServiceRegistry$41: java.lang.Object createService(android.app.ContextImpl)>",
						"<android.app.SystemServiceRegistry$41: android.app.WallpaperManager createService(android.app.ContextImpl)>",
						"<android.app.WallpaperManager: void <init>(android.content.Context,android.os.Handler)>",
						"key field: <android.app.WallpaperManager: android.content.Context mContext>",
						"<android.app.WallpaperManager: android.content.Intent getCropAndSetWallpaperIntent(android.net.Uri)>"
					],
					"depth":8,
					"method":"<android.app.backup.BackupAgent: void onBackup(android.os.ParcelFileDescriptor,android.app.backup.BackupDataOutput,android.os.ParcelFileDescriptor)>",
					"source":"FIELDCALLER"
				},
				{
					"trace":[
						"<android.app.backup.BackupAgent: void onRestore(android.app.backup.BackupDataInput,int,android.os.ParcelFileDescriptor)>",
						"<android.app.backup.WallpaperBackupHelper: void <init>(android.content.Context,java.lang.String[],java.lang.String[])>",
						"<android.app.ContextImpl: java.lang.Object getSystemService(java.lang.String)>",
						"<android.app.SystemServiceRegistry: java.lang.Object getSystemService(android.app.ContextImpl,java.lang.String)>",
						"<android.app.SystemServiceRegistry$CachedServiceFetcher: java.lang.Object getService(android.app.ContextImpl)>",
						"<android.app.SystemServiceRegistry$41: java.lang.Object createService(android.app.ContextImpl)>",
						"<android.app.SystemServiceRegistry$41: android.app.WallpaperManager createService(android.app.ContextImpl)>",
						"<android.app.WallpaperManager: void <init>(android.content.Context,android.os.Handler)>",
						"key field: <android.app.WallpaperManager: android.content.Context mContext>",
						"<android.app.WallpaperManager: android.content.Intent getCropAndSetWallpaperIntent(android.net.Uri)>"
					],
					"depth":8,
					"method":"<android.app.backup.BackupAgent: void onRestore(android.app.backup.BackupDataInput,int,android.os.ParcelFileDescriptor)>",
					"source":"FIELDCALLER"
				},
				{
					"trace":[
						"<android.app.ApplicationPackageManager: java.util.List getPrimaryStorageCandidateVolumes()>",
						"<android.content.Context: java.lang.Object getSystemService(java.lang.Class)>",
						"<android.app.ContextImpl: java.lang.Object getSystemService(java.lang.String)>",
						"<android.app.SystemServiceRegistry: java.lang.Object getSystemService(android.app.ContextImpl,java.lang.String)>",
						"<android.app.SystemServiceRegistry$CachedServiceFetcher: java.lang.Object getService(android.app.ContextImpl)>",
						"<android.app.SystemServiceRegistry$41: java.lang.Object createService(android.app.ContextImpl)>",
						"<android.app.SystemServiceRegistry$41: android.app.WallpaperManager createService(android.app.ContextImpl)>",
						"<android.app.WallpaperManager: void <init>(android.content.Context,android.os.Handler)>",
						"key field: <android.app.WallpaperManager: android.content.Context mContext>",
						"<android.app.WallpaperManager: android.content.Intent getCropAndSetWallpaperIntent(android.net.Uri)>"
					],
					"depth":8,
					"method":"<android.app.ApplicationPackageManager: java.util.List getPrimaryStorageCandidateVolumes()>",
					"source":"FIELDCALLER"
				},
				{
					"trace":[
						"<android.app.ApplicationPackageManager: android.os.storage.VolumeInfo getPrimaryStorageCurrentVolume()>",
						"<android.content.Context: java.lang.Object getSystemService(java.lang.Class)>",
						"<android.app.ContextImpl: java.lang.Object getSystemService(java.lang.String)>",
						"<android.app.SystemServiceRegistry: java.lang.Object getSystemService(android.app.ContextImpl,java.lang.String)>",
						"<android.app.SystemServiceRegistry$CachedServiceFetcher: java.lang.Object getService(android.app.ContextImpl)>",
						"<android.app.SystemServiceRegistry$41: java.lang.Object createService(android.app.ContextImpl)>",
						"<android.app.SystemServiceRegistry$41: android.app.WallpaperManager createService(android.app.ContextImpl)>",
						"<android.app.WallpaperManager: void <init>(android.content.Context,android.os.Handler)>",
						"key field: <android.app.WallpaperManager: android.content.Context mContext>",
						"<android.app.WallpaperManager: android.content.Intent getCropAndSetWallpaperIntent(android.net.Uri)>"
					],
					"depth":8,
					"method":"<android.app.ApplicationPackageManager: android.os.storage.VolumeInfo getPrimaryStorageCurrentVolume()>",
					"source":"FIELDCALLER"
				},
				{
					"trace":[
						"<android.app.ApplicationPackageManager: java.util.List getPackageCandidateVolumes(android.content.pm.ApplicationInfo)>",
						"<android.content.Context: java.lang.Object getSystemService(java.lang.Class)>",
						"<android.app.ContextImpl: java.lang.Object getSystemService(java.lang.String)>",
						"<android.app.SystemServiceRegistry: java.lang.Object getSystemService(android.app.ContextImpl,java.lang.String)>",
						"<android.app.SystemServiceRegistry$CachedServiceFetcher: java.lang.Object getService(android.app.ContextImpl)>",
						"<android.app.SystemServiceRegistry$41: java.lang.Object createService(android.app.ContextImpl)>",
						"<android.app.SystemServiceRegistry$41: android.app.WallpaperManager createService(android.app.ContextImpl)>",
						"<android.app.WallpaperManager: void <init>(android.content.Context,android.os.Handler)>",
						"key field: <android.app.WallpaperManager: android.content.Context mContext>",
						"<android.app.WallpaperManager: android.content.Intent getCropAndSetWallpaperIntent(android.net.Uri)>"
					],
					"depth":8,
					"method":"<android.app.ApplicationPackageManager: java.util.List getPackageCandidateVolumes(android.content.pm.ApplicationInfo)>",
					"source":"FIELDCALLER"
				},
				{
					"trace":[
						"<android.app.ApplicationPackageManager: android.os.storage.VolumeInfo getPackageCurrentVolume(android.content.pm.ApplicationInfo)>",
						"<android.content.Context: java.lang.Object getSystemService(java.lang.Class)>",
						"<android.app.ContextImpl: java.lang.Object getSystemService(java.lang.String)>",
						"<android.app.SystemServiceRegistry: java.lang.Object getSystemService(android.app.ContextImpl,java.lang.String)>",
						"<android.app.SystemServiceRegistry$CachedServiceFetcher: java.lang.Object getService(android.app.ContextImpl)>",
						"<android.app.SystemServiceRegistry$41: java.lang.Object createService(android.app.ContextImpl)>",
						"<android.app.SystemServiceRegistry$41: android.app.WallpaperManager createService(android.app.ContextImpl)>",
						"<android.app.WallpaperManager: void <init>(android.content.Context,android.os.Handler)>",
						"key field: <android.app.WallpaperManager: android.content.Context mContext>",
						"<android.app.WallpaperManager: android.content.Intent getCropAndSetWallpaperIntent(android.net.Uri)>"
					],
					"depth":8,
					"method":"<android.app.ApplicationPackageManager: android.os.storage.VolumeInfo getPackageCurrentVolume(android.content.pm.ApplicationInfo)>",
					"source":"FIELDCALLER"
				},
				{
					"trace":[
						"<android.app.Presentation$1: java.lang.Object getSystemService(java.lang.String)>",
						"<android.view.ContextThemeWrapper: java.lang.Object getSystemService(java.lang.String)>",
						"<android.app.ContextImpl: java.lang.Object getSystemService(java.lang.String)>",
						"<android.app.SystemServiceRegistry: java.lang.Object getSystemService(android.app.ContextImpl,java.lang.String)>",
						"<android.app.SystemServiceRegistry$CachedServiceFetcher: java.lang.Object getService(android.app.ContextImpl)>",
						"<android.app.SystemServiceRegistry$41: java.lang.Object createService(android.app.ContextImpl)>",
						"<android.app.SystemServiceRegistry$41: android.app.WallpaperManager createService(android.app.ContextImpl)>",
						"<android.app.WallpaperManager: void <init>(android.content.Context,android.os.Handler)>",
						"key field: <android.app.WallpaperManager: android.content.Context mContext>",
						"<android.app.WallpaperManager: android.content.Intent getCropAndSetWallpaperIntent(android.net.Uri)>"
					],
					"depth":8,
					"method":"<android.app.Presentation$1: java.lang.Object getSystemService(java.lang.String)>",
					"source":"FIELDCALLER"
				},
				{
					"trace":[
						"<android.app.Activity: java.lang.Object getSystemService(java.lang.String)>",
						"<android.view.ContextThemeWrapper: java.lang.Object getSystemService(java.lang.String)>",
						"<android.app.ContextImpl: java.lang.Object getSystemService(java.lang.String)>",
						"<android.app.SystemServiceRegistry: java.lang.Object getSystemService(android.app.ContextImpl,java.lang.String)>",
						"<android.app.SystemServiceRegistry$CachedServiceFetcher: java.lang.Object getService(android.app.ContextImpl)>",
						"<android.app.SystemServiceRegistry$41: java.lang.Object createService(android.app.ContextImpl)>",
						"<android.app.SystemServiceRegistry$41: android.app.WallpaperManager createService(android.app.ContextImpl)>",
						"<android.app.WallpaperManager: void <init>(android.content.Context,android.os.Handler)>",
						"key field: <android.app.WallpaperManager: android.content.Context mContext>",
						"<android.app.WallpaperManager: android.content.Intent getCropAndSetWallpaperIntent(android.net.Uri)>"
					],
					"depth":8,
					"method":"<android.app.Activity: java.lang.Object getSystemService(java.lang.String)>",
					"source":"FIELDCALLER"
				},
				{
					"trace":[
						"<android.content.ContextWrapper: java.lang.Object getSystemService(java.lang.String)>",
						"<android.view.ContextThemeWrapper: java.lang.Object getSystemService(java.lang.String)>",
						"<android.app.ContextImpl: java.lang.Object getSystemService(java.lang.String)>",
						"<android.app.SystemServiceRegistry: java.lang.Object getSystemService(android.app.ContextImpl,java.lang.String)>",
						"<android.app.SystemServiceRegistry$CachedServiceFetcher: java.lang.Object getService(android.app.ContextImpl)>",
						"<android.app.SystemServiceRegistry$41: java.lang.Object createService(android.app.ContextImpl)>",
						"<android.app.SystemServiceRegistry$41: android.app.WallpaperManager createService(android.app.ContextImpl)>",
						"<android.app.WallpaperManager: void <init>(android.content.Context,android.os.Handler)>",
						"key field: <android.app.WallpaperManager: android.content.Context mContext>",
						"<android.app.WallpaperManager: android.content.Intent getCropAndSetWallpaperIntent(android.net.Uri)>"
					],
					"depth":8,
					"method":"<android.content.ContextWrapper: java.lang.Object getSystemService(java.lang.String)>",
					"source":"FIELDCALLER"
				},
				{
					"trace":[
						"<android.accessibilityservice.AccessibilityService: java.lang.Object getSystemService(java.lang.String)>",
						"<android.content.ContextWrapper: java.lang.Object getSystemService(java.lang.String)>",
						"<android.app.ContextImpl: java.lang.Object getSystemService(java.lang.String)>",
						"<android.app.SystemServiceRegistry: java.lang.Object getSystemService(android.app.ContextImpl,java.lang.String)>",
						"<android.app.SystemServiceRegistry$CachedServiceFetcher: java.lang.Object getService(android.app.ContextImpl)>",
						"<android.app.SystemServiceRegistry$41: java.lang.Object createService(android.app.ContextImpl)>",
						"<android.app.SystemServiceRegistry$41: android.app.WallpaperManager createService(android.app.ContextImpl)>",
						"<android.app.WallpaperManager: void <init>(android.content.Context,android.os.Handler)>",
						"key field: <android.app.WallpaperManager: android.content.Context mContext>",
						"<android.app.WallpaperManager: android.content.Intent getCropAndSetWallpaperIntent(android.net.Uri)>"
					],
					"depth":8,
					"method":"<android.accessibilityservice.AccessibilityService: java.lang.Object getSystemService(java.lang.String)>",
					"source":"FIELDCALLER"
				}
			],
			"callerOfSingnlar2SourceVar":{
				"<android.app.WallpaperManager: android.content.Intent getCropAndSetWallpaperIntent(android.net.Uri)>":"0"
			}
		}
	]
}