{
	"exceptions":[
		{
			"method":"<android.app.backup.BackupDataOutput: void <init>(java.io.FileDescriptor)>",
			"message":"[\\s\\S]*",
			"relatedVarType":"Parameter",
			"relatedCondType":"Basic",
			"modifier":"public",
			"type":"java.lang.NullPointerException",
			"osVersionRelated":false,
			"resourceRelated":false,
			"assessRelated":false,
			"hardwareRelated":false,
			"manifestRelated":false,
			"conditions":"r1 != null",
			"paramValues":"@parameter0: java.io.FileDescriptor",
			"relatedValues":"@parameter0: java.io.FileDescriptor; ; ",
			"keyAPISameClassNum":0,
			"keyAPIDiffClassNum":0,
			"keyAPISameClass":[
				{
					"trace":[
						"<android.app.backup.BackupDataOutput: void <init>(java.io.FileDescriptor)>"
					],
					"depth":0,
					"method":"<android.app.backup.BackupDataOutput: void <init>(java.io.FileDescriptor)>",
					"source":"CALLER"
				}
			],
			"keyAPIDiffClass":[
				{
					"trace":[
						"<android.app.backup.BackupAgent$BackupServiceBinder: void doBackup(android.os.ParcelFileDescriptor,android.os.ParcelFileDescriptor,android.os.ParcelFileDescriptor,int,android.app.backup.IBackupManager)>",
						"<android.app.backup.BackupDataOutput: void <init>(java.io.FileDescriptor)>"
					],
					"depth":1,
					"method":"<android.app.backup.BackupAgent$BackupServiceBinder: void doBackup(android.os.ParcelFileDescriptor,android.os.ParcelFileDescriptor,android.os.ParcelFileDescriptor,int,android.app.backup.IBackupManager)>",
					"source":"CALLER"
				},
				{
					"trace":[
						"<android.app.backup.FullBackupDataOutput: void <init>(android.os.ParcelFileDescriptor)>",
						"<android.app.backup.BackupDataOutput: void <init>(java.io.FileDescriptor)>"
					],
					"depth":1,
					"method":"<android.app.backup.FullBackupDataOutput: void <init>(android.os.ParcelFileDescriptor)>",
					"source":"CALLER"
				},
				{
					"trace":[
						"<android.app.backup.BackupAgent$BackupServiceBinder: void doFullBackup(android.os.ParcelFileDescriptor,int,android.app.backup.IBackupManager)>",
						"<android.app.backup.FullBackupDataOutput: void <init>(android.os.ParcelFileDescriptor)>",
						"<android.app.backup.BackupDataOutput: void <init>(java.io.FileDescriptor)>"
					],
					"depth":2,
					"method":"<android.app.backup.BackupAgent$BackupServiceBinder: void doFullBackup(android.os.ParcelFileDescriptor,int,android.app.backup.IBackupManager)>",
					"source":"CALLER"
				}
			],
			"callerOfSingnlar2SourceVar":{
				"<android.app.backup.BackupDataOutput: void <init>(java.io.FileDescriptor)>":"0"
			}
		},
		{
			"method":"<android.app.backup.BackupDataOutput: void <init>(java.io.FileDescriptor)>",
			"message":"\\QNative initialization failed with fd=\\E[\\s\\S]*",
			"relatedVarType":"ParaAndField",
			"relatedCondType":"Basic",
			"modifier":"public",
			"type":"java.lang.RuntimeException",
			"osVersionRelated":false,
			"resourceRelated":false,
			"assessRelated":false,
			"hardwareRelated":false,
			"manifestRelated":false,
			"conditions":"$b2 != 0, r1 != null",
			"paramValues":"@parameter0: java.io.FileDescriptor",
			"fieldValues":"<android.app.backup.BackupDataOutput: long mBackupWriter>",
			"relatedValues":"@parameter0: java.io.FileDescriptor; <android.app.backup.BackupDataOutput: long mBackupWriter>; ",
			"keyAPISameClassNum":1,
			"keyAPIDiffClassNum":4,
			"keyAPISameClass":[
				{
					"trace":[
						"<android.app.backup.BackupDataOutput: void <init>(java.io.FileDescriptor)>"
					],
					"depth":1,
					"method":"<android.app.backup.BackupDataOutput: void <init>(java.io.FileDescriptor)>",
					"source":"FIELD"
				}
			],
			"keyAPIDiffClass":[
				{
					"trace":[
						"<android.app.backup.BackupAgent$BackupServiceBinder: void doBackup(android.os.ParcelFileDescriptor,android.os.ParcelFileDescriptor,android.os.ParcelFileDescriptor,int,android.app.backup.IBackupManager)>",
						"<android.app.backup.BackupDataOutput: void <init>(java.io.FileDescriptor)>",
						"key field: <android.app.backup.BackupDataOutput: long mBackupWriter>",
						"<android.app.backup.BackupDataOutput: void <init>(java.io.FileDescriptor)>"
					],
					"depth":2,
					"method":"<android.app.backup.BackupAgent$BackupServiceBinder: void doBackup(android.os.ParcelFileDescriptor,android.os.ParcelFileDescriptor,android.os.ParcelFileDescriptor,int,android.app.backup.IBackupManager)>",
					"source":"FIELDCALLER"
				},
				{
					"trace":[
						"<android.app.backup.FullBackupDataOutput: void <init>(android.os.ParcelFileDescriptor)>",
						"<android.app.backup.BackupDataOutput: void <init>(java.io.FileDescriptor)>",
						"key field: <android.app.backup.BackupDataOutput: long mBackupWriter>",
						"<android.app.backup.BackupDataOutput: void <init>(java.io.FileDescriptor)>"
					],
					"depth":2,
					"method":"<android.app.backup.FullBackupDataOutput: void <init>(android.os.ParcelFileDescriptor)>",
					"source":"FIELDCALLER"
				},
				{
					"trace":[
						"<android.app.IBackupAgent$Stub: boolean onTransact(int,android.os.Parcel,android.os.Parcel,int)>",
						"<android.app.backup.BackupAgent$BackupServiceBinder: void doBackup(android.os.ParcelFileDescriptor,android.os.ParcelFileDescriptor,android.os.ParcelFileDescriptor,int,android.app.backup.IBackupManager)>",
						"<android.app.backup.BackupDataOutput: void <init>(java.io.FileDescriptor)>",
						"key field: <android.app.backup.BackupDataOutput: long mBackupWriter>",
						"<android.app.backup.BackupDataOutput: void <init>(java.io.FileDescriptor)>"
					],
					"depth":3,
					"method":"<android.app.IBackupAgent$Stub: boolean onTransact(int,android.os.Parcel,android.os.Parcel,int)>",
					"source":"FIELDCALLER"
				},
				{
					"trace":[
						"<android.app.backup.BackupAgent$BackupServiceBinder: void doFullBackup(android.os.ParcelFileDescriptor,int,android.app.backup.IBackupManager)>",
						"<android.app.backup.FullBackupDataOutput: void <init>(android.os.ParcelFileDescriptor)>",
						"<android.app.backup.BackupDataOutput: void <init>(java.io.FileDescriptor)>",
						"key field: <android.app.backup.BackupDataOutput: long mBackupWriter>",
						"<android.app.backup.BackupDataOutput: void <init>(java.io.FileDescriptor)>"
					],
					"depth":3,
					"method":"<android.app.backup.BackupAgent$BackupServiceBinder: void doFullBackup(android.os.ParcelFileDescriptor,int,android.app.backup.IBackupManager)>",
					"source":"FIELDCALLER"
				}
			],
			"callerOfSingnlar2SourceVar":{
				"<android.app.backup.BackupDataOutput: void <init>(java.io.FileDescriptor)>":"0"
			}
		},
		{
			"method":"<android.app.backup.BackupDataOutput: int writeEntityHeader(java.lang.String,int)>",
			"message":"\\Qresult=0x\\E[\\s\\S]*",
			"relatedVarType":"ParaAndField",
			"relatedCondType":"Basic",
			"modifier":"public",
			"type":"java.io.IOException",
			"osVersionRelated":false,
			"resourceRelated":false,
			"assessRelated":false,
			"hardwareRelated":false,
			"manifestRelated":false,
			"conditions":"i2 < 0",
			"paramValues":"@parameter0: java.lang.String, @parameter1: int",
			"fieldValues":"<android.app.backup.BackupDataOutput: long mBackupWriter>",
			"relatedValues":"@parameter0: java.lang.String, @parameter1: int; <android.app.backup.BackupDataOutput: long mBackupWriter>; ",
			"keyAPISameClassNum":1,
			"keyAPIDiffClassNum":4,
			"keyAPISameClass":[
				{
					"trace":[
						"<android.app.backup.BackupDataOutput: int writeEntityHeader(java.lang.String,int)>"
					],
					"depth":1,
					"method":"<android.app.backup.BackupDataOutput: void <init>(java.io.FileDescriptor)>",
					"source":"FIELD"
				}
			],
			"keyAPIDiffClass":[
				{
					"trace":[
						"<android.app.backup.BackupAgent$BackupServiceBinder: void doBackup(android.os.ParcelFileDescriptor,android.os.ParcelFileDescriptor,android.os.ParcelFileDescriptor,int,android.app.backup.IBackupManager)>",
						"<android.app.backup.BackupDataOutput: void <init>(java.io.FileDescriptor)>",
						"key field: <android.app.backup.BackupDataOutput: long mBackupWriter>",
						"<android.app.backup.BackupDataOutput: int writeEntityHeader(java.lang.String,int)>"
					],
					"depth":2,
					"method":"<android.app.backup.BackupAgent$BackupServiceBinder: void doBackup(android.os.ParcelFileDescriptor,android.os.ParcelFileDescriptor,android.os.ParcelFileDescriptor,int,android.app.backup.IBackupManager)>",
					"source":"FIELDCALLER"
				},
				{
					"trace":[
						"<android.app.backup.FullBackupDataOutput: void <init>(android.os.ParcelFileDescriptor)>",
						"<android.app.backup.BackupDataOutput: void <init>(java.io.FileDescriptor)>",
						"key field: <android.app.backup.BackupDataOutput: long mBackupWriter>",
						"<android.app.backup.BackupDataOutput: int writeEntityHeader(java.lang.String,int)>"
					],
					"depth":2,
					"method":"<android.app.backup.FullBackupDataOutput: void <init>(android.os.ParcelFileDescriptor)>",
					"source":"FIELDCALLER"
				},
				{
					"trace":[
						"<android.app.IBackupAgent$Stub: boolean onTransact(int,android.os.Parcel,android.os.Parcel,int)>",
						"<android.app.backup.BackupAgent$BackupServiceBinder: void doBackup(android.os.ParcelFileDescriptor,android.os.ParcelFileDescriptor,android.os.ParcelFileDescriptor,int,android.app.backup.IBackupManager)>",
						"<android.app.backup.BackupDataOutput: void <init>(java.io.FileDescriptor)>",
						"key field: <android.app.backup.BackupDataOutput: long mBackupWriter>",
						"<android.app.backup.BackupDataOutput: int writeEntityHeader(java.lang.String,int)>"
					],
					"depth":3,
					"method":"<android.app.IBackupAgent$Stub: boolean onTransact(int,android.os.Parcel,android.os.Parcel,int)>",
					"source":"FIELDCALLER"
				},
				{
					"trace":[
						"<android.app.backup.BackupAgent$BackupServiceBinder: void doFullBackup(android.os.ParcelFileDescriptor,int,android.app.backup.IBackupManager)>",
						"<android.app.backup.FullBackupDataOutput: void <init>(android.os.ParcelFileDescriptor)>",
						"<android.app.backup.BackupDataOutput: void <init>(java.io.FileDescriptor)>",
						"key field: <android.app.backup.BackupDataOutput: long mBackupWriter>",
						"<android.app.backup.BackupDataOutput: int writeEntityHeader(java.lang.String,int)>"
					],
					"depth":3,
					"method":"<android.app.backup.BackupAgent$BackupServiceBinder: void doFullBackup(android.os.ParcelFileDescriptor,int,android.app.backup.IBackupManager)>",
					"source":"FIELDCALLER"
				}
			],
			"callerOfSingnlar2SourceVar":{
				"<android.app.backup.BackupDataOutput: int writeEntityHeader(java.lang.String,int)>":"0, 1"
			}
		},
		{
			"method":"<android.app.backup.BackupDataOutput: int writeEntityData(byte[],int)>",
			"message":"\\Qresult=0x\\E[\\s\\S]*",
			"relatedVarType":"ParaAndField",
			"relatedCondType":"Basic",
			"modifier":"public",
			"type":"java.io.IOException",
			"osVersionRelated":false,
			"resourceRelated":false,
			"assessRelated":false,
			"hardwareRelated":false,
			"manifestRelated":false,
			"conditions":"i2 < 0",
			"paramValues":"@parameter0: byte[], @parameter1: int",
			"fieldValues":"<android.app.backup.BackupDataOutput: long mBackupWriter>",
			"relatedValues":"@parameter0: byte[], @parameter1: int; <android.app.backup.BackupDataOutput: long mBackupWriter>; ",
			"keyAPISameClassNum":1,
			"keyAPIDiffClassNum":4,
			"keyAPISameClass":[
				{
					"trace":[
						"<android.app.backup.BackupDataOutput: int writeEntityData(byte[],int)>"
					],
					"depth":1,
					"method":"<android.app.backup.BackupDataOutput: void <init>(java.io.FileDescriptor)>",
					"source":"FIELD"
				}
			],
			"keyAPIDiffClass":[
				{
					"trace":[
						"<android.app.backup.BackupAgent$BackupServiceBinder: void doBackup(android.os.ParcelFileDescriptor,android.os.ParcelFileDescriptor,android.os.ParcelFileDescriptor,int,android.app.backup.IBackupManager)>",
						"<android.app.backup.BackupDataOutput: void <init>(java.io.FileDescriptor)>",
						"key field: <android.app.backup.BackupDataOutput: long mBackupWriter>",
						"<android.app.backup.BackupDataOutput: int writeEntityData(byte[],int)>"
					],
					"depth":2,
					"method":"<android.app.backup.BackupAgent$BackupServiceBinder: void doBackup(android.os.ParcelFileDescriptor,android.os.ParcelFileDescriptor,android.os.ParcelFileDescriptor,int,android.app.backup.IBackupManager)>",
					"source":"FIELDCALLER"
				},
				{
					"trace":[
						"<android.app.backup.FullBackupDataOutput: void <init>(android.os.ParcelFileDescriptor)>",
						"<android.app.backup.BackupDataOutput: void <init>(java.io.FileDescriptor)>",
						"key field: <android.app.backup.BackupDataOutput: long mBackupWriter>",
						"<android.app.backup.BackupDataOutput: int writeEntityData(byte[],int)>"
					],
					"depth":2,
					"method":"<android.app.backup.FullBackupDataOutput: void <init>(android.os.ParcelFileDescriptor)>",
					"source":"FIELDCALLER"
				},
				{
					"trace":[
						"<android.app.IBackupAgent$Stub: boolean onTransact(int,android.os.Parcel,android.os.Parcel,int)>",
						"<android.app.backup.BackupAgent$BackupServiceBinder: void doBackup(android.os.ParcelFileDescriptor,android.os.ParcelFileDescriptor,android.os.ParcelFileDescriptor,int,android.app.backup.IBackupManager)>",
						"<android.app.backup.BackupDataOutput: void <init>(java.io.FileDescriptor)>",
						"key field: <android.app.backup.BackupDataOutput: long mBackupWriter>",
						"<android.app.backup.BackupDataOutput: int writeEntityData(byte[],int)>"
					],
					"depth":3,
					"method":"<android.app.IBackupAgent$Stub: boolean onTransact(int,android.os.Parcel,android.os.Parcel,int)>",
					"source":"FIELDCALLER"
				},
				{
					"trace":[
						"<android.app.backup.BackupAgent$BackupServiceBinder: void doFullBackup(android.os.ParcelFileDescriptor,int,android.app.backup.IBackupManager)>",
						"<android.app.backup.FullBackupDataOutput: void <init>(android.os.ParcelFileDescriptor)>",
						"<android.app.backup.BackupDataOutput: void <init>(java.io.FileDescriptor)>",
						"key field: <android.app.backup.BackupDataOutput: long mBackupWriter>",
						"<android.app.backup.BackupDataOutput: int writeEntityData(byte[],int)>"
					],
					"depth":3,
					"method":"<android.app.backup.BackupAgent$BackupServiceBinder: void doFullBackup(android.os.ParcelFileDescriptor,int,android.app.backup.IBackupManager)>",
					"source":"FIELDCALLER"
				}
			],
			"callerOfSingnlar2SourceVar":{
				"<android.app.backup.BackupDataOutput: int writeEntityData(byte[],int)>":"0, 1"
			}
		}
	]
}