{
	"exceptions":[
		{
			"method":"<android.graphics.drawable.RippleComponent$RenderNodeAnimatorSet: void start(android.view.DisplayListCanvas)>",
			"message":"\\QHardware canvas must be non-null\\E",
			"relatedVarType":"Parameter",
			"relatedCondType":"Basic",
			"modifier":"public",
			"type":"java.lang.IllegalArgumentException",
			"osVersionRelated":false,
			"resourceRelated":false,
			"assessRelated":false,
			"hardwareRelated":false,
			"manifestRelated":false,
			"conditions":"r0 != null",
			"paramValues":"@parameter0: android.view.DisplayListCanvas",
			"relatedValues":"@parameter0: android.view.DisplayListCanvas; ; ",
			"keyAPISameClassNum":0,
			"keyAPIDiffClassNum":0,
			"keyAPISameClass":[
				{
					"trace":[
						"<android.graphics.drawable.RippleComponent$RenderNodeAnimatorSet: void start(android.view.DisplayListCanvas)>"
					],
					"depth":0,
					"method":"<android.graphics.drawable.RippleComponent$RenderNodeAnimatorSet: void start(android.view.DisplayListCanvas)>",
					"source":"CALLER"
				}
			],
			"keyAPIDiffClass":[
				{
					"trace":[
						"<android.graphics.drawable.RippleComponent: boolean draw(android.graphics.Canvas,android.graphics.Paint)>",
						"<android.graphics.drawable.RippleComponent: void startPendingAnimation(android.view.DisplayListCanvas,android.graphics.Paint)>",
						"<android.graphics.drawable.RippleComponent$RenderNodeAnimatorSet: void start(android.view.DisplayListCanvas)>"
					],
					"depth":2,
					"method":"<android.graphics.drawable.RippleComponent: boolean draw(android.graphics.Canvas,android.graphics.Paint)>",
					"source":"CALLER"
				},
				{
					"trace":[
						"<android.graphics.drawable.RippleDrawable: void draw(android.graphics.Canvas)>",
						"<android.graphics.drawable.RippleDrawable: void drawBackgroundAndRipples(android.graphics.Canvas)>",
						"<android.graphics.drawable.RippleComponent: boolean draw(android.graphics.Canvas,android.graphics.Paint)>",
						"<android.graphics.drawable.RippleComponent: void startPendingAnimation(android.view.DisplayListCanvas,android.graphics.Paint)>",
						"<android.graphics.drawable.RippleComponent$RenderNodeAnimatorSet: void start(android.view.DisplayListCanvas)>"
					],
					"depth":4,
					"method":"<android.graphics.drawable.RippleDrawable: void draw(android.graphics.Canvas)>",
					"source":"CALLER"
				},
				{
					"trace":[
						"<android.graphics.drawable.Drawable: void draw(android.graphics.Canvas)>",
						"<android.graphics.drawable.RippleDrawable: void drawBackgroundAndRipples(android.graphics.Canvas)>",
						"<android.graphics.drawable.RippleComponent: boolean draw(android.graphics.Canvas,android.graphics.Paint)>",
						"<android.graphics.drawable.RippleComponent: void startPendingAnimation(android.view.DisplayListCanvas,android.graphics.Paint)>",
						"<android.graphics.drawable.RippleComponent$RenderNodeAnimatorSet: void start(android.view.DisplayListCanvas)>"
					],
					"depth":4,
					"method":"<android.graphics.drawable.Drawable: void draw(android.graphics.Canvas)>",
					"source":"CALLER"
				}
			],
			"callerOfSingnlar2SourceVar":{
				"<android.graphics.drawable.RippleComponent: void startPendingAnimation(android.view.DisplayListCanvas,android.graphics.Paint)>":"0",
				"<android.graphics.drawable.RippleComponent$RenderNodeAnimatorSet: void start(android.view.DisplayListCanvas)>":"0"
			}
		}
	]
}