{
	"exceptions":[
		{
			"method":"<android.hardware.camera2.utils.CameraBinderDecorator: void throwOnError(int)>",
			"message":"[\\s\\S]*",
			"relatedVarType":"Parameter",
			"relatedCondType":"Basic",
			"modifier":"public",
			"type":"android.hardware.camera2.utils.CameraRuntimeException",
			"osVersionRelated":false,
			"resourceRelated":false,
			"assessRelated":false,
			"hardwareRelated":true,
			"manifestRelated":false,
			"conditions":"i0",
			"paramValues":"@parameter0: int",
			"relatedValues":"@parameter0: int; ; ",
			"keyAPISameClassNum":0,
			"keyAPIDiffClassNum":0,
			"keyAPISameClass":[
				{
					"trace":[
						"<android.hardware.camera2.utils.CameraBinderDecorator: void throwOnError(int)>"
					],
					"depth":0,
					"method":"<android.hardware.camera2.utils.CameraBinderDecorator: void throwOnError(int)>",
					"source":"CALLER"
				}
			],
			"keyAPIDiffClass":[
				{
					"trace":[
						"<android.hardware.camera2.utils.CameraBinderDecorator$CameraBinderDecoratorListener: void onAfterInvocation(java.lang.reflect.Method,java.lang.Object[],java.lang.Object)>",
						"<android.hardware.camera2.utils.CameraBinderDecorator: void throwOnError(int)>"
					],
					"depth":1,
					"method":"<android.hardware.camera2.utils.CameraBinderDecorator$CameraBinderDecoratorListener: void onAfterInvocation(java.lang.reflect.Method,java.lang.Object[],java.lang.Object)>",
					"source":"CALLER"
				},
				{
					"trace":[
						"<android.hardware.camera2.utils.Decorator$DecoratorListener: void onAfterInvocation(java.lang.reflect.Method,java.lang.Object[],java.lang.Object)>",
						"<android.hardware.camera2.utils.CameraBinderDecorator: void throwOnError(int)>"
					],
					"depth":1,
					"method":"<android.hardware.camera2.utils.Decorator$DecoratorListener: void onAfterInvocation(java.lang.reflect.Method,java.lang.Object[],java.lang.Object)>",
					"source":"CALLER"
				},
				{
					"trace":[
						"<android.hardware.camera2.legacy.CameraDeviceUserShim: android.hardware.camera2.legacy.CameraDeviceUserShim connectBinderShim(android.hardware.camera2.ICameraDeviceCallbacks,int)>",
						"<android.hardware.camera2.utils.CameraBinderDecorator: void throwOnError(int)>"
					],
					"depth":1,
					"method":"<android.hardware.camera2.legacy.CameraDeviceUserShim: android.hardware.camera2.legacy.CameraDeviceUserShim connectBinderShim(android.hardware.camera2.ICameraDeviceCallbacks,int)>",
					"source":"CALLER"
				},
				{
					"trace":[
						"<android.hardware.camera2.CameraManager: void openCamera(java.lang.String,android.hardware.camera2.CameraDevice$StateCallback,android.os.Handler)>",
						"<android.hardware.camera2.CameraManager: android.hardware.camera2.CameraDevice openCameraDeviceUserAsync(java.lang.String,android.hardware.camera2.CameraDevice$StateCallback,android.os.Handler)>",
						"<android.hardware.camera2.legacy.CameraDeviceUserShim: android.hardware.camera2.legacy.CameraDeviceUserShim connectBinderShim(android.hardware.camera2.ICameraDeviceCallbacks,int)>",
						"<android.hardware.camera2.utils.CameraBinderDecorator: void throwOnError(int)>"
					],
					"depth":3,
					"method":"<android.hardware.camera2.CameraManager: void openCamera(java.lang.String,android.hardware.camera2.CameraDevice$StateCallback,android.os.Handler)>",
					"source":"CALLER"
				}
			],
			"callerOfSingnlar2SourceVar":{
				"<android.hardware.camera2.utils.CameraBinderDecorator: void throwOnError(int)>":"0"
			}
		},
		{
			"method":"<android.hardware.camera2.utils.CameraBinderDecorator: void throwOnError(int)>",
			"message":"\\QBad argument passed to camera service\\E",
			"relatedVarType":"Parameter",
			"relatedCondType":"Basic",
			"modifier":"public",
			"type":"java.lang.IllegalArgumentException",
			"osVersionRelated":false,
			"resourceRelated":false,
			"assessRelated":false,
			"hardwareRelated":true,
			"manifestRelated":false,
			"conditions":"i0",
			"paramValues":"@parameter0: int",
			"relatedValues":"@parameter0: int; ; ",
			"keyAPISameClassNum":0,
			"keyAPIDiffClassNum":0,
			"keyAPISameClass":[
				{
					"trace":[
						"<android.hardware.camera2.utils.CameraBinderDecorator: void throwOnError(int)>"
					],
					"depth":0,
					"method":"<android.hardware.camera2.utils.CameraBinderDecorator: void throwOnError(int)>",
					"source":"CALLER"
				}
			],
			"keyAPIDiffClass":[
				{
					"trace":[
						"<android.hardware.camera2.utils.CameraBinderDecorator$CameraBinderDecoratorListener: void onAfterInvocation(java.lang.reflect.Method,java.lang.Object[],java.lang.Object)>",
						"<android.hardware.camera2.utils.CameraBinderDecorator: void throwOnError(int)>"
					],
					"depth":1,
					"method":"<android.hardware.camera2.utils.CameraBinderDecorator$CameraBinderDecoratorListener: void onAfterInvocation(java.lang.reflect.Method,java.lang.Object[],java.lang.Object)>",
					"source":"CALLER"
				},
				{
					"trace":[
						"<android.hardware.camera2.utils.Decorator$DecoratorListener: void onAfterInvocation(java.lang.reflect.Method,java.lang.Object[],java.lang.Object)>",
						"<android.hardware.camera2.utils.CameraBinderDecorator: void throwOnError(int)>"
					],
					"depth":1,
					"method":"<android.hardware.camera2.utils.Decorator$DecoratorListener: void onAfterInvocation(java.lang.reflect.Method,java.lang.Object[],java.lang.Object)>",
					"source":"CALLER"
				},
				{
					"trace":[
						"<android.hardware.camera2.legacy.CameraDeviceUserShim: android.hardware.camera2.legacy.CameraDeviceUserShim connectBinderShim(android.hardware.camera2.ICameraDeviceCallbacks,int)>",
						"<android.hardware.camera2.utils.CameraBinderDecorator: void throwOnError(int)>"
					],
					"depth":1,
					"method":"<android.hardware.camera2.legacy.CameraDeviceUserShim: android.hardware.camera2.legacy.CameraDeviceUserShim connectBinderShim(android.hardware.camera2.ICameraDeviceCallbacks,int)>",
					"source":"CALLER"
				},
				{
					"trace":[
						"<android.hardware.camera2.CameraManager: void openCamera(java.lang.String,android.hardware.camera2.CameraDevice$StateCallback,android.os.Handler)>",
						"<android.hardware.camera2.CameraManager: android.hardware.camera2.CameraDevice openCameraDeviceUserAsync(java.lang.String,android.hardware.camera2.CameraDevice$StateCallback,android.os.Handler)>",
						"<android.hardware.camera2.legacy.CameraDeviceUserShim: android.hardware.camera2.legacy.CameraDeviceUserShim connectBinderShim(android.hardware.camera2.ICameraDeviceCallbacks,int)>",
						"<android.hardware.camera2.utils.CameraBinderDecorator: void throwOnError(int)>"
					],
					"depth":3,
					"method":"<android.hardware.camera2.CameraManager: void openCamera(java.lang.String,android.hardware.camera2.CameraDevice$StateCallback,android.os.Handler)>",
					"source":"CALLER"
				}
			],
			"callerOfSingnlar2SourceVar":{
				"<android.hardware.camera2.utils.CameraBinderDecorator: void throwOnError(int)>":"0"
			}
		},
		{
			"method":"<android.hardware.camera2.utils.CameraBinderDecorator: void throwOnError(int)>",
			"message":"\\QLacking privileges to access camera service\\E",
			"relatedVarType":"Parameter",
			"relatedCondType":"Basic",
			"modifier":"public",
			"type":"java.lang.SecurityException",
			"osVersionRelated":false,
			"resourceRelated":false,
			"assessRelated":false,
			"hardwareRelated":true,
			"manifestRelated":false,
			"conditions":"i0",
			"paramValues":"@parameter0: int",
			"relatedValues":"@parameter0: int; ; ",
			"keyAPISameClassNum":0,
			"keyAPIDiffClassNum":0,
			"keyAPISameClass":[
				{
					"trace":[
						"<android.hardware.camera2.utils.CameraBinderDecorator: void throwOnError(int)>"
					],
					"depth":0,
					"method":"<android.hardware.camera2.utils.CameraBinderDecorator: void throwOnError(int)>",
					"source":"CALLER"
				}
			],
			"keyAPIDiffClass":[
				{
					"trace":[
						"<android.hardware.camera2.utils.CameraBinderDecorator$CameraBinderDecoratorListener: void onAfterInvocation(java.lang.reflect.Method,java.lang.Object[],java.lang.Object)>",
						"<android.hardware.camera2.utils.CameraBinderDecorator: void throwOnError(int)>"
					],
					"depth":1,
					"method":"<android.hardware.camera2.utils.CameraBinderDecorator$CameraBinderDecoratorListener: void onAfterInvocation(java.lang.reflect.Method,java.lang.Object[],java.lang.Object)>",
					"source":"CALLER"
				},
				{
					"trace":[
						"<android.hardware.camera2.utils.Decorator$DecoratorListener: void onAfterInvocation(java.lang.reflect.Method,java.lang.Object[],java.lang.Object)>",
						"<android.hardware.camera2.utils.CameraBinderDecorator: void throwOnError(int)>"
					],
					"depth":1,
					"method":"<android.hardware.camera2.utils.Decorator$DecoratorListener: void onAfterInvocation(java.lang.reflect.Method,java.lang.Object[],java.lang.Object)>",
					"source":"CALLER"
				},
				{
					"trace":[
						"<android.hardware.camera2.legacy.CameraDeviceUserShim: android.hardware.camera2.legacy.CameraDeviceUserShim connectBinderShim(android.hardware.camera2.ICameraDeviceCallbacks,int)>",
						"<android.hardware.camera2.utils.CameraBinderDecorator: void throwOnError(int)>"
					],
					"depth":1,
					"method":"<android.hardware.camera2.legacy.CameraDeviceUserShim: android.hardware.camera2.legacy.CameraDeviceUserShim connectBinderShim(android.hardware.camera2.ICameraDeviceCallbacks,int)>",
					"source":"CALLER"
				},
				{
					"trace":[
						"<android.hardware.camera2.CameraManager: void openCamera(java.lang.String,android.hardware.camera2.CameraDevice$StateCallback,android.os.Handler)>",
						"<android.hardware.camera2.CameraManager: android.hardware.camera2.CameraDevice openCameraDeviceUserAsync(java.lang.String,android.hardware.camera2.CameraDevice$StateCallback,android.os.Handler)>",
						"<android.hardware.camera2.legacy.CameraDeviceUserShim: android.hardware.camera2.legacy.CameraDeviceUserShim connectBinderShim(android.hardware.camera2.ICameraDeviceCallbacks,int)>",
						"<android.hardware.camera2.utils.CameraBinderDecorator: void throwOnError(int)>"
					],
					"depth":3,
					"method":"<android.hardware.camera2.CameraManager: void openCamera(java.lang.String,android.hardware.camera2.CameraDevice$StateCallback,android.os.Handler)>",
					"source":"CALLER"
				}
			],
			"callerOfSingnlar2SourceVar":{
				"<android.hardware.camera2.utils.CameraBinderDecorator: void throwOnError(int)>":"0"
			}
		},
		{
			"method":"<android.hardware.camera2.utils.CameraBinderDecorator: void throwOnError(int)>",
			"message":"[\\s\\S]*",
			"relatedVarType":"Parameter",
			"relatedCondType":"Basic",
			"modifier":"public",
			"type":"android.hardware.camera2.utils.CameraRuntimeException",
			"osVersionRelated":false,
			"resourceRelated":false,
			"assessRelated":false,
			"hardwareRelated":true,
			"manifestRelated":false,
			"conditions":"i0",
			"paramValues":"@parameter0: int",
			"relatedValues":"@parameter0: int; ; ",
			"keyAPISameClassNum":0,
			"keyAPIDiffClassNum":0,
			"keyAPISameClass":[
				{
					"trace":[
						"<android.hardware.camera2.utils.CameraBinderDecorator: void throwOnError(int)>"
					],
					"depth":0,
					"method":"<android.hardware.camera2.utils.CameraBinderDecorator: void throwOnError(int)>",
					"source":"CALLER"
				}
			],
			"keyAPIDiffClass":[
				{
					"trace":[
						"<android.hardware.camera2.utils.CameraBinderDecorator$CameraBinderDecoratorListener: void onAfterInvocation(java.lang.reflect.Method,java.lang.Object[],java.lang.Object)>",
						"<android.hardware.camera2.utils.CameraBinderDecorator: void throwOnError(int)>"
					],
					"depth":1,
					"method":"<android.hardware.camera2.utils.CameraBinderDecorator$CameraBinderDecoratorListener: void onAfterInvocation(java.lang.reflect.Method,java.lang.Object[],java.lang.Object)>",
					"source":"CALLER"
				},
				{
					"trace":[
						"<android.hardware.camera2.utils.Decorator$DecoratorListener: void onAfterInvocation(java.lang.reflect.Method,java.lang.Object[],java.lang.Object)>",
						"<android.hardware.camera2.utils.CameraBinderDecorator: void throwOnError(int)>"
					],
					"depth":1,
					"method":"<android.hardware.camera2.utils.Decorator$DecoratorListener: void onAfterInvocation(java.lang.reflect.Method,java.lang.Object[],java.lang.Object)>",
					"source":"CALLER"
				},
				{
					"trace":[
						"<android.hardware.camera2.legacy.CameraDeviceUserShim: android.hardware.camera2.legacy.CameraDeviceUserShim connectBinderShim(android.hardware.camera2.ICameraDeviceCallbacks,int)>",
						"<android.hardware.camera2.utils.CameraBinderDecorator: void throwOnError(int)>"
					],
					"depth":1,
					"method":"<android.hardware.camera2.legacy.CameraDeviceUserShim: android.hardware.camera2.legacy.CameraDeviceUserShim connectBinderShim(android.hardware.camera2.ICameraDeviceCallbacks,int)>",
					"source":"CALLER"
				},
				{
					"trace":[
						"<android.hardware.camera2.CameraManager: void openCamera(java.lang.String,android.hardware.camera2.CameraDevice$StateCallback,android.os.Handler)>",
						"<android.hardware.camera2.CameraManager: android.hardware.camera2.CameraDevice openCameraDeviceUserAsync(java.lang.String,android.hardware.camera2.CameraDevice$StateCallback,android.os.Handler)>",
						"<android.hardware.camera2.legacy.CameraDeviceUserShim: android.hardware.camera2.legacy.CameraDeviceUserShim connectBinderShim(android.hardware.camera2.ICameraDeviceCallbacks,int)>",
						"<android.hardware.camera2.utils.CameraBinderDecorator: void throwOnError(int)>"
					],
					"depth":3,
					"method":"<android.hardware.camera2.CameraManager: void openCamera(java.lang.String,android.hardware.camera2.CameraDevice$StateCallback,android.os.Handler)>",
					"source":"CALLER"
				}
			],
			"callerOfSingnlar2SourceVar":{
				"<android.hardware.camera2.utils.CameraBinderDecorator: void throwOnError(int)>":"0"
			}
		},
		{
			"method":"<android.hardware.camera2.utils.CameraBinderDecorator: void throwOnError(int)>",
			"message":"[\\s\\S]*",
			"relatedVarType":"Parameter",
			"relatedCondType":"Basic",
			"modifier":"public",
			"type":"android.hardware.camera2.utils.CameraRuntimeException",
			"osVersionRelated":false,
			"resourceRelated":false,
			"assessRelated":false,
			"hardwareRelated":true,
			"manifestRelated":false,
			"conditions":"i0",
			"paramValues":"@parameter0: int",
			"relatedValues":"@parameter0: int; ; ",
			"keyAPISameClassNum":0,
			"keyAPIDiffClassNum":0,
			"keyAPISameClass":[
				{
					"trace":[
						"<android.hardware.camera2.utils.CameraBinderDecorator: void throwOnError(int)>"
					],
					"depth":0,
					"method":"<android.hardware.camera2.utils.CameraBinderDecorator: void throwOnError(int)>",
					"source":"CALLER"
				}
			],
			"keyAPIDiffClass":[
				{
					"trace":[
						"<android.hardware.camera2.utils.CameraBinderDecorator$CameraBinderDecoratorListener: void onAfterInvocation(java.lang.reflect.Method,java.lang.Object[],java.lang.Object)>",
						"<android.hardware.camera2.utils.CameraBinderDecorator: void throwOnError(int)>"
					],
					"depth":1,
					"method":"<android.hardware.camera2.utils.CameraBinderDecorator$CameraBinderDecoratorListener: void onAfterInvocation(java.lang.reflect.Method,java.lang.Object[],java.lang.Object)>",
					"source":"CALLER"
				},
				{
					"trace":[
						"<android.hardware.camera2.utils.Decorator$DecoratorListener: void onAfterInvocation(java.lang.reflect.Method,java.lang.Object[],java.lang.Object)>",
						"<android.hardware.camera2.utils.CameraBinderDecorator: void throwOnError(int)>"
					],
					"depth":1,
					"method":"<android.hardware.camera2.utils.Decorator$DecoratorListener: void onAfterInvocation(java.lang.reflect.Method,java.lang.Object[],java.lang.Object)>",
					"source":"CALLER"
				},
				{
					"trace":[
						"<android.hardware.camera2.legacy.CameraDeviceUserShim: android.hardware.camera2.legacy.CameraDeviceUserShim connectBinderShim(android.hardware.camera2.ICameraDeviceCallbacks,int)>",
						"<android.hardware.camera2.utils.CameraBinderDecorator: void throwOnError(int)>"
					],
					"depth":1,
					"method":"<android.hardware.camera2.legacy.CameraDeviceUserShim: android.hardware.camera2.legacy.CameraDeviceUserShim connectBinderShim(android.hardware.camera2.ICameraDeviceCallbacks,int)>",
					"source":"CALLER"
				},
				{
					"trace":[
						"<android.hardware.camera2.CameraManager: void openCamera(java.lang.String,android.hardware.camera2.CameraDevice$StateCallback,android.os.Handler)>",
						"<android.hardware.camera2.CameraManager: android.hardware.camera2.CameraDevice openCameraDeviceUserAsync(java.lang.String,android.hardware.camera2.CameraDevice$StateCallback,android.os.Handler)>",
						"<android.hardware.camera2.legacy.CameraDeviceUserShim: android.hardware.camera2.legacy.CameraDeviceUserShim connectBinderShim(android.hardware.camera2.ICameraDeviceCallbacks,int)>",
						"<android.hardware.camera2.utils.CameraBinderDecorator: void throwOnError(int)>"
					],
					"depth":3,
					"method":"<android.hardware.camera2.CameraManager: void openCamera(java.lang.String,android.hardware.camera2.CameraDevice$StateCallback,android.os.Handler)>",
					"source":"CALLER"
				}
			],
			"callerOfSingnlar2SourceVar":{
				"<android.hardware.camera2.utils.CameraBinderDecorator: void throwOnError(int)>":"0"
			}
		},
		{
			"method":"<android.hardware.camera2.utils.CameraBinderDecorator: void throwOnError(int)>",
			"message":"[\\s\\S]*",
			"relatedVarType":"Parameter",
			"relatedCondType":"Basic",
			"modifier":"public",
			"type":"android.hardware.camera2.utils.CameraRuntimeException",
			"osVersionRelated":false,
			"resourceRelated":false,
			"assessRelated":false,
			"hardwareRelated":true,
			"manifestRelated":false,
			"conditions":"i0 >= 0, i0",
			"paramValues":"@parameter0: int",
			"relatedValues":"@parameter0: int; ; ",
			"keyAPISameClassNum":0,
			"keyAPIDiffClassNum":0,
			"keyAPISameClass":[
				{
					"trace":[
						"<android.hardware.camera2.utils.CameraBinderDecorator: void throwOnError(int)>"
					],
					"depth":0,
					"method":"<android.hardware.camera2.utils.CameraBinderDecorator: void throwOnError(int)>",
					"source":"CALLER"
				}
			],
			"keyAPIDiffClass":[
				{
					"trace":[
						"<android.hardware.camera2.utils.CameraBinderDecorator$CameraBinderDecoratorListener: void onAfterInvocation(java.lang.reflect.Method,java.lang.Object[],java.lang.Object)>",
						"<android.hardware.camera2.utils.CameraBinderDecorator: void throwOnError(int)>"
					],
					"depth":1,
					"method":"<android.hardware.camera2.utils.CameraBinderDecorator$CameraBinderDecoratorListener: void onAfterInvocation(java.lang.reflect.Method,java.lang.Object[],java.lang.Object)>",
					"source":"CALLER"
				},
				{
					"trace":[
						"<android.hardware.camera2.utils.Decorator$DecoratorListener: void onAfterInvocation(java.lang.reflect.Method,java.lang.Object[],java.lang.Object)>",
						"<android.hardware.camera2.utils.CameraBinderDecorator: void throwOnError(int)>"
					],
					"depth":1,
					"method":"<android.hardware.camera2.utils.Decorator$DecoratorListener: void onAfterInvocation(java.lang.reflect.Method,java.lang.Object[],java.lang.Object)>",
					"source":"CALLER"
				},
				{
					"trace":[
						"<android.hardware.camera2.legacy.CameraDeviceUserShim: android.hardware.camera2.legacy.CameraDeviceUserShim connectBinderShim(android.hardware.camera2.ICameraDeviceCallbacks,int)>",
						"<android.hardware.camera2.utils.CameraBinderDecorator: void throwOnError(int)>"
					],
					"depth":1,
					"method":"<android.hardware.camera2.legacy.CameraDeviceUserShim: android.hardware.camera2.legacy.CameraDeviceUserShim connectBinderShim(android.hardware.camera2.ICameraDeviceCallbacks,int)>",
					"source":"CALLER"
				},
				{
					"trace":[
						"<android.hardware.camera2.CameraManager: void openCamera(java.lang.String,android.hardware.camera2.CameraDevice$StateCallback,android.os.Handler)>",
						"<android.hardware.camera2.CameraManager: android.hardware.camera2.CameraDevice openCameraDeviceUserAsync(java.lang.String,android.hardware.camera2.CameraDevice$StateCallback,android.os.Handler)>",
						"<android.hardware.camera2.legacy.CameraDeviceUserShim: android.hardware.camera2.legacy.CameraDeviceUserShim connectBinderShim(android.hardware.camera2.ICameraDeviceCallbacks,int)>",
						"<android.hardware.camera2.utils.CameraBinderDecorator: void throwOnError(int)>"
					],
					"depth":3,
					"method":"<android.hardware.camera2.CameraManager: void openCamera(java.lang.String,android.hardware.camera2.CameraDevice$StateCallback,android.os.Handler)>",
					"source":"CALLER"
				}
			],
			"callerOfSingnlar2SourceVar":{
				"<android.hardware.camera2.utils.CameraBinderDecorator: void throwOnError(int)>":"0"
			}
		},
		{
			"method":"<android.hardware.camera2.utils.CameraBinderDecorator: void throwOnError(int)>",
			"message":"[\\s\\S]*",
			"relatedVarType":"Parameter",
			"relatedCondType":"Basic",
			"modifier":"public",
			"type":"android.hardware.camera2.utils.CameraRuntimeException",
			"osVersionRelated":false,
			"resourceRelated":false,
			"assessRelated":false,
			"hardwareRelated":true,
			"manifestRelated":false,
			"conditions":"i0",
			"paramValues":"@parameter0: int",
			"relatedValues":"@parameter0: int; ; ",
			"keyAPISameClassNum":0,
			"keyAPIDiffClassNum":0,
			"keyAPISameClass":[
				{
					"trace":[
						"<android.hardware.camera2.utils.CameraBinderDecorator: void throwOnError(int)>"
					],
					"depth":0,
					"method":"<android.hardware.camera2.utils.CameraBinderDecorator: void throwOnError(int)>",
					"source":"CALLER"
				}
			],
			"keyAPIDiffClass":[
				{
					"trace":[
						"<android.hardware.camera2.utils.CameraBinderDecorator$CameraBinderDecoratorListener: void onAfterInvocation(java.lang.reflect.Method,java.lang.Object[],java.lang.Object)>",
						"<android.hardware.camera2.utils.CameraBinderDecorator: void throwOnError(int)>"
					],
					"depth":1,
					"method":"<android.hardware.camera2.utils.CameraBinderDecorator$CameraBinderDecoratorListener: void onAfterInvocation(java.lang.reflect.Method,java.lang.Object[],java.lang.Object)>",
					"source":"CALLER"
				},
				{
					"trace":[
						"<android.hardware.camera2.utils.Decorator$DecoratorListener: void onAfterInvocation(java.lang.reflect.Method,java.lang.Object[],java.lang.Object)>",
						"<android.hardware.camera2.utils.CameraBinderDecorator: void throwOnError(int)>"
					],
					"depth":1,
					"method":"<android.hardware.camera2.utils.Decorator$DecoratorListener: void onAfterInvocation(java.lang.reflect.Method,java.lang.Object[],java.lang.Object)>",
					"source":"CALLER"
				},
				{
					"trace":[
						"<android.hardware.camera2.legacy.CameraDeviceUserShim: android.hardware.camera2.legacy.CameraDeviceUserShim connectBinderShim(android.hardware.camera2.ICameraDeviceCallbacks,int)>",
						"<android.hardware.camera2.utils.CameraBinderDecorator: void throwOnError(int)>"
					],
					"depth":1,
					"method":"<android.hardware.camera2.legacy.CameraDeviceUserShim: android.hardware.camera2.legacy.CameraDeviceUserShim connectBinderShim(android.hardware.camera2.ICameraDeviceCallbacks,int)>",
					"source":"CALLER"
				},
				{
					"trace":[
						"<android.hardware.camera2.CameraManager: void openCamera(java.lang.String,android.hardware.camera2.CameraDevice$StateCallback,android.os.Handler)>",
						"<android.hardware.camera2.CameraManager: android.hardware.camera2.CameraDevice openCameraDeviceUserAsync(java.lang.String,android.hardware.camera2.CameraDevice$StateCallback,android.os.Handler)>",
						"<android.hardware.camera2.legacy.CameraDeviceUserShim: android.hardware.camera2.legacy.CameraDeviceUserShim connectBinderShim(android.hardware.camera2.ICameraDeviceCallbacks,int)>",
						"<android.hardware.camera2.utils.CameraBinderDecorator: void throwOnError(int)>"
					],
					"depth":3,
					"method":"<android.hardware.camera2.CameraManager: void openCamera(java.lang.String,android.hardware.camera2.CameraDevice$StateCallback,android.os.Handler)>",
					"source":"CALLER"
				}
			],
			"callerOfSingnlar2SourceVar":{
				"<android.hardware.camera2.utils.CameraBinderDecorator: void throwOnError(int)>":"0"
			}
		},
		{
			"method":"<android.hardware.camera2.utils.CameraBinderDecorator: void throwOnError(int)>",
			"message":"[\\s\\S]*",
			"relatedVarType":"Parameter",
			"relatedCondType":"Basic",
			"modifier":"public",
			"type":"android.hardware.camera2.utils.CameraRuntimeException",
			"osVersionRelated":false,
			"resourceRelated":false,
			"assessRelated":false,
			"hardwareRelated":true,
			"manifestRelated":false,
			"conditions":"i0",
			"paramValues":"@parameter0: int",
			"relatedValues":"@parameter0: int; ; ",
			"keyAPISameClassNum":0,
			"keyAPIDiffClassNum":0,
			"keyAPISameClass":[
				{
					"trace":[
						"<android.hardware.camera2.utils.CameraBinderDecorator: void throwOnError(int)>"
					],
					"depth":0,
					"method":"<android.hardware.camera2.utils.CameraBinderDecorator: void throwOnError(int)>",
					"source":"CALLER"
				}
			],
			"keyAPIDiffClass":[
				{
					"trace":[
						"<android.hardware.camera2.utils.CameraBinderDecorator$CameraBinderDecoratorListener: void onAfterInvocation(java.lang.reflect.Method,java.lang.Object[],java.lang.Object)>",
						"<android.hardware.camera2.utils.CameraBinderDecorator: void throwOnError(int)>"
					],
					"depth":1,
					"method":"<android.hardware.camera2.utils.CameraBinderDecorator$CameraBinderDecoratorListener: void onAfterInvocation(java.lang.reflect.Method,java.lang.Object[],java.lang.Object)>",
					"source":"CALLER"
				},
				{
					"trace":[
						"<android.hardware.camera2.utils.Decorator$DecoratorListener: void onAfterInvocation(java.lang.reflect.Method,java.lang.Object[],java.lang.Object)>",
						"<android.hardware.camera2.utils.CameraBinderDecorator: void throwOnError(int)>"
					],
					"depth":1,
					"method":"<android.hardware.camera2.utils.Decorator$DecoratorListener: void onAfterInvocation(java.lang.reflect.Method,java.lang.Object[],java.lang.Object)>",
					"source":"CALLER"
				},
				{
					"trace":[
						"<android.hardware.camera2.legacy.CameraDeviceUserShim: android.hardware.camera2.legacy.CameraDeviceUserShim connectBinderShim(android.hardware.camera2.ICameraDeviceCallbacks,int)>",
						"<android.hardware.camera2.utils.CameraBinderDecorator: void throwOnError(int)>"
					],
					"depth":1,
					"method":"<android.hardware.camera2.legacy.CameraDeviceUserShim: android.hardware.camera2.legacy.CameraDeviceUserShim connectBinderShim(android.hardware.camera2.ICameraDeviceCallbacks,int)>",
					"source":"CALLER"
				},
				{
					"trace":[
						"<android.hardware.camera2.CameraManager: void openCamera(java.lang.String,android.hardware.camera2.CameraDevice$StateCallback,android.os.Handler)>",
						"<android.hardware.camera2.CameraManager: android.hardware.camera2.CameraDevice openCameraDeviceUserAsync(java.lang.String,android.hardware.camera2.CameraDevice$StateCallback,android.os.Handler)>",
						"<android.hardware.camera2.legacy.CameraDeviceUserShim: android.hardware.camera2.legacy.CameraDeviceUserShim connectBinderShim(android.hardware.camera2.ICameraDeviceCallbacks,int)>",
						"<android.hardware.camera2.utils.CameraBinderDecorator: void throwOnError(int)>"
					],
					"depth":3,
					"method":"<android.hardware.camera2.CameraManager: void openCamera(java.lang.String,android.hardware.camera2.CameraDevice$StateCallback,android.os.Handler)>",
					"source":"CALLER"
				}
			],
			"callerOfSingnlar2SourceVar":{
				"<android.hardware.camera2.utils.CameraBinderDecorator: void throwOnError(int)>":"0"
			}
		},
		{
			"method":"<android.hardware.camera2.utils.CameraBinderDecorator: void throwOnError(int)>",
			"message":"[\\s\\S]*",
			"relatedVarType":"Parameter",
			"relatedCondType":"Basic",
			"modifier":"public",
			"type":"android.hardware.camera2.utils.CameraRuntimeException",
			"osVersionRelated":false,
			"resourceRelated":false,
			"assessRelated":false,
			"hardwareRelated":true,
			"manifestRelated":false,
			"conditions":"i0",
			"paramValues":"@parameter0: int",
			"relatedValues":"@parameter0: int; ; ",
			"keyAPISameClassNum":0,
			"keyAPIDiffClassNum":0,
			"keyAPISameClass":[
				{
					"trace":[
						"<android.hardware.camera2.utils.CameraBinderDecorator: void throwOnError(int)>"
					],
					"depth":0,
					"method":"<android.hardware.camera2.utils.CameraBinderDecorator: void throwOnError(int)>",
					"source":"CALLER"
				}
			],
			"keyAPIDiffClass":[
				{
					"trace":[
						"<android.hardware.camera2.utils.CameraBinderDecorator$CameraBinderDecoratorListener: void onAfterInvocation(java.lang.reflect.Method,java.lang.Object[],java.lang.Object)>",
						"<android.hardware.camera2.utils.CameraBinderDecorator: void throwOnError(int)>"
					],
					"depth":1,
					"method":"<android.hardware.camera2.utils.CameraBinderDecorator$CameraBinderDecoratorListener: void onAfterInvocation(java.lang.reflect.Method,java.lang.Object[],java.lang.Object)>",
					"source":"CALLER"
				},
				{
					"trace":[
						"<android.hardware.camera2.utils.Decorator$DecoratorListener: void onAfterInvocation(java.lang.reflect.Method,java.lang.Object[],java.lang.Object)>",
						"<android.hardware.camera2.utils.CameraBinderDecorator: void throwOnError(int)>"
					],
					"depth":1,
					"method":"<android.hardware.camera2.utils.Decorator$DecoratorListener: void onAfterInvocation(java.lang.reflect.Method,java.lang.Object[],java.lang.Object)>",
					"source":"CALLER"
				},
				{
					"trace":[
						"<android.hardware.camera2.legacy.CameraDeviceUserShim: android.hardware.camera2.legacy.CameraDeviceUserShim connectBinderShim(android.hardware.camera2.ICameraDeviceCallbacks,int)>",
						"<android.hardware.camera2.utils.CameraBinderDecorator: void throwOnError(int)>"
					],
					"depth":1,
					"method":"<android.hardware.camera2.legacy.CameraDeviceUserShim: android.hardware.camera2.legacy.CameraDeviceUserShim connectBinderShim(android.hardware.camera2.ICameraDeviceCallbacks,int)>",
					"source":"CALLER"
				},
				{
					"trace":[
						"<android.hardware.camera2.CameraManager: void openCamera(java.lang.String,android.hardware.camera2.CameraDevice$StateCallback,android.os.Handler)>",
						"<android.hardware.camera2.CameraManager: android.hardware.camera2.CameraDevice openCameraDeviceUserAsync(java.lang.String,android.hardware.camera2.CameraDevice$StateCallback,android.os.Handler)>",
						"<android.hardware.camera2.legacy.CameraDeviceUserShim: android.hardware.camera2.legacy.CameraDeviceUserShim connectBinderShim(android.hardware.camera2.ICameraDeviceCallbacks,int)>",
						"<android.hardware.camera2.utils.CameraBinderDecorator: void throwOnError(int)>"
					],
					"depth":3,
					"method":"<android.hardware.camera2.CameraManager: void openCamera(java.lang.String,android.hardware.camera2.CameraDevice$StateCallback,android.os.Handler)>",
					"source":"CALLER"
				}
			],
			"callerOfSingnlar2SourceVar":{
				"<android.hardware.camera2.utils.CameraBinderDecorator: void throwOnError(int)>":"0"
			}
		},
		{
			"method":"<android.hardware.camera2.utils.CameraBinderDecorator: void throwOnError(int)>",
			"message":"[\\s\\S]*",
			"relatedVarType":"Parameter",
			"relatedCondType":"Basic",
			"modifier":"public",
			"type":"android.hardware.camera2.utils.CameraRuntimeException",
			"osVersionRelated":false,
			"resourceRelated":false,
			"assessRelated":false,
			"hardwareRelated":true,
			"manifestRelated":false,
			"conditions":"i0",
			"paramValues":"@parameter0: int",
			"relatedValues":"@parameter0: int; ; ",
			"keyAPISameClassNum":0,
			"keyAPIDiffClassNum":0,
			"keyAPISameClass":[
				{
					"trace":[
						"<android.hardware.camera2.utils.CameraBinderDecorator: void throwOnError(int)>"
					],
					"depth":0,
					"method":"<android.hardware.camera2.utils.CameraBinderDecorator: void throwOnError(int)>",
					"source":"CALLER"
				}
			],
			"keyAPIDiffClass":[
				{
					"trace":[
						"<android.hardware.camera2.utils.CameraBinderDecorator$CameraBinderDecoratorListener: void onAfterInvocation(java.lang.reflect.Method,java.lang.Object[],java.lang.Object)>",
						"<android.hardware.camera2.utils.CameraBinderDecorator: void throwOnError(int)>"
					],
					"depth":1,
					"method":"<android.hardware.camera2.utils.CameraBinderDecorator$CameraBinderDecoratorListener: void onAfterInvocation(java.lang.reflect.Method,java.lang.Object[],java.lang.Object)>",
					"source":"CALLER"
				},
				{
					"trace":[
						"<android.hardware.camera2.utils.Decorator$DecoratorListener: void onAfterInvocation(java.lang.reflect.Method,java.lang.Object[],java.lang.Object)>",
						"<android.hardware.camera2.utils.CameraBinderDecorator: void throwOnError(int)>"
					],
					"depth":1,
					"method":"<android.hardware.camera2.utils.Decorator$DecoratorListener: void onAfterInvocation(java.lang.reflect.Method,java.lang.Object[],java.lang.Object)>",
					"source":"CALLER"
				},
				{
					"trace":[
						"<android.hardware.camera2.legacy.CameraDeviceUserShim: android.hardware.camera2.legacy.CameraDeviceUserShim connectBinderShim(android.hardware.camera2.ICameraDeviceCallbacks,int)>",
						"<android.hardware.camera2.utils.CameraBinderDecorator: void throwOnError(int)>"
					],
					"depth":1,
					"method":"<android.hardware.camera2.legacy.CameraDeviceUserShim: android.hardware.camera2.legacy.CameraDeviceUserShim connectBinderShim(android.hardware.camera2.ICameraDeviceCallbacks,int)>",
					"source":"CALLER"
				},
				{
					"trace":[
						"<android.hardware.camera2.CameraManager: void openCamera(java.lang.String,android.hardware.camera2.CameraDevice$StateCallback,android.os.Handler)>",
						"<android.hardware.camera2.CameraManager: android.hardware.camera2.CameraDevice openCameraDeviceUserAsync(java.lang.String,android.hardware.camera2.CameraDevice$StateCallback,android.os.Handler)>",
						"<android.hardware.camera2.legacy.CameraDeviceUserShim: android.hardware.camera2.legacy.CameraDeviceUserShim connectBinderShim(android.hardware.camera2.ICameraDeviceCallbacks,int)>",
						"<android.hardware.camera2.utils.CameraBinderDecorator: void throwOnError(int)>"
					],
					"depth":3,
					"method":"<android.hardware.camera2.CameraManager: void openCamera(java.lang.String,android.hardware.camera2.CameraDevice$StateCallback,android.os.Handler)>",
					"source":"CALLER"
				}
			],
			"callerOfSingnlar2SourceVar":{
				"<android.hardware.camera2.utils.CameraBinderDecorator: void throwOnError(int)>":"0"
			}
		},
		{
			"method":"<android.hardware.camera2.utils.CameraBinderDecorator: void throwOnError(int)>",
			"message":"[\\s\\S]*",
			"relatedVarType":"Parameter",
			"relatedCondType":"Basic",
			"modifier":"public",
			"type":"android.hardware.camera2.utils.CameraRuntimeException",
			"osVersionRelated":false,
			"resourceRelated":false,
			"assessRelated":false,
			"hardwareRelated":true,
			"manifestRelated":false,
			"conditions":"i0",
			"paramValues":"@parameter0: int",
			"relatedValues":"@parameter0: int; ; ",
			"keyAPISameClassNum":0,
			"keyAPIDiffClassNum":0,
			"keyAPISameClass":[
				{
					"trace":[
						"<android.hardware.camera2.utils.CameraBinderDecorator: void throwOnError(int)>"
					],
					"depth":0,
					"method":"<android.hardware.camera2.utils.CameraBinderDecorator: void throwOnError(int)>",
					"source":"CALLER"
				}
			],
			"keyAPIDiffClass":[
				{
					"trace":[
						"<android.hardware.camera2.utils.CameraBinderDecorator$CameraBinderDecoratorListener: void onAfterInvocation(java.lang.reflect.Method,java.lang.Object[],java.lang.Object)>",
						"<android.hardware.camera2.utils.CameraBinderDecorator: void throwOnError(int)>"
					],
					"depth":1,
					"method":"<android.hardware.camera2.utils.CameraBinderDecorator$CameraBinderDecoratorListener: void onAfterInvocation(java.lang.reflect.Method,java.lang.Object[],java.lang.Object)>",
					"source":"CALLER"
				},
				{
					"trace":[
						"<android.hardware.camera2.utils.Decorator$DecoratorListener: void onAfterInvocation(java.lang.reflect.Method,java.lang.Object[],java.lang.Object)>",
						"<android.hardware.camera2.utils.CameraBinderDecorator: void throwOnError(int)>"
					],
					"depth":1,
					"method":"<android.hardware.camera2.utils.Decorator$DecoratorListener: void onAfterInvocation(java.lang.reflect.Method,java.lang.Object[],java.lang.Object)>",
					"source":"CALLER"
				},
				{
					"trace":[
						"<android.hardware.camera2.legacy.CameraDeviceUserShim: android.hardware.camera2.legacy.CameraDeviceUserShim connectBinderShim(android.hardware.camera2.ICameraDeviceCallbacks,int)>",
						"<android.hardware.camera2.utils.CameraBinderDecorator: void throwOnError(int)>"
					],
					"depth":1,
					"method":"<android.hardware.camera2.legacy.CameraDeviceUserShim: android.hardware.camera2.legacy.CameraDeviceUserShim connectBinderShim(android.hardware.camera2.ICameraDeviceCallbacks,int)>",
					"source":"CALLER"
				},
				{
					"trace":[
						"<android.hardware.camera2.CameraManager: void openCamera(java.lang.String,android.hardware.camera2.CameraDevice$StateCallback,android.os.Handler)>",
						"<android.hardware.camera2.CameraManager: android.hardware.camera2.CameraDevice openCameraDeviceUserAsync(java.lang.String,android.hardware.camera2.CameraDevice$StateCallback,android.os.Handler)>",
						"<android.hardware.camera2.legacy.CameraDeviceUserShim: android.hardware.camera2.legacy.CameraDeviceUserShim connectBinderShim(android.hardware.camera2.ICameraDeviceCallbacks,int)>",
						"<android.hardware.camera2.utils.CameraBinderDecorator: void throwOnError(int)>"
					],
					"depth":3,
					"method":"<android.hardware.camera2.CameraManager: void openCamera(java.lang.String,android.hardware.camera2.CameraDevice$StateCallback,android.os.Handler)>",
					"source":"CALLER"
				}
			],
			"callerOfSingnlar2SourceVar":{
				"<android.hardware.camera2.utils.CameraBinderDecorator: void throwOnError(int)>":"0"
			}
		}
	]
}