{
	"exceptions":[
		{
			"method":"<android.filterpacks.videosrc.SurfaceTextureSource: void process(android.filterfw.core.FilterContext)>",
			"message":"\\QTimeout waiting for new frame\\E",
			"relatedVarType":"Field",
			"relatedCondType":"Basic",
			"modifier":"public",
			"type":"java.lang.RuntimeException",
			"osVersionRelated":false,
			"resourceRelated":false,
			"assessRelated":false,
			"hardwareRelated":true,
			"manifestRelated":false,
			"conditions":"$z3 != 0, z6 != 0, $i0 == 0",
			"fieldValues":"<android.filterpacks.videosrc.SurfaceTextureSource: boolean mCloseOnTimeout>, <android.filterpacks.videosrc.SurfaceTextureSource: int mWaitTimeout>",
			"relatedValues":"; <android.filterpacks.videosrc.SurfaceTextureSource: boolean mCloseOnTimeout>, <android.filterpacks.videosrc.SurfaceTextureSource: int mWaitTimeout>; ",
			"keyAPISameClassNum":1,
			"keyAPIDiffClassNum":0,
			"keyAPISameClass":[
				{
					"trace":[
						"<android.filterpacks.videosrc.SurfaceTextureSource: void process(android.filterfw.core.FilterContext)>"
					],
					"depth":1,
					"method":"<android.filterpacks.videosrc.SurfaceTextureSource: void <init>(java.lang.String)>",
					"source":"FIELD"
				}
			],
			"keyAPIDiffClass":[],
			"callerOfSingnlar2SourceVar":{}
		}
	]
}