{
	"exceptions":[
		{
			"method":"<android.filterfw.core.NativeProgram: void <init>(java.lang.String,java.lang.String)>",
			"message":"\\QCould not find native program function name \\E[\\s\\S]*\\Q in library \\E[\\s\\S]*\\Q! This function is required!\\E",
			"relatedVarType":"Parameter",
			"relatedCondType":"Basic",
			"modifier":"public",
			"type":"java.lang.RuntimeException",
			"osVersionRelated":false,
			"resourceRelated":false,
			"assessRelated":false,
			"hardwareRelated":false,
			"manifestRelated":false,
			"conditions":"$z2 != 0, $z1 != 0",
			"paramValues":"@parameter1: java.lang.String, @parameter0: java.lang.String",
			"relatedValues":"@parameter1: java.lang.String, @parameter0: java.lang.String; ; ",
			"keyAPISameClassNum":0,
			"keyAPIDiffClassNum":0,
			"keyAPISameClass":[
				{
					"trace":[
						"<android.filterfw.core.NativeProgram: void <init>(java.lang.String,java.lang.String)>"
					],
					"depth":0,
					"method":"<android.filterfw.core.NativeProgram: void <init>(java.lang.String,java.lang.String)>",
					"source":"CALLER"
				}
			],
			"keyAPIDiffClass":[],
			"callerOfSingnlar2SourceVar":{
				"<android.filterfw.core.NativeProgram: void <init>(java.lang.String,java.lang.String)>":"1, 0"
			}
		},
		{
			"method":"<android.filterfw.core.NativeProgram: void <init>(java.lang.String,java.lang.String)>",
			"message":"\\QCould not initialize NativeProgram!\\E",
			"relatedVarType":"ParaAndField",
			"relatedCondType":"Basic",
			"modifier":"public",
			"type":"java.lang.RuntimeException",
			"osVersionRelated":false,
			"resourceRelated":false,
			"assessRelated":false,
			"hardwareRelated":false,
			"manifestRelated":false,
			"conditions":"$z9 != 0, $z8 == 0, $z2 != 0",
			"paramValues":"@parameter1: java.lang.String",
			"fieldValues":"<android.filterfw.core.NativeProgram: boolean mHasInitFunction>",
			"relatedValues":"@parameter1: java.lang.String; <android.filterfw.core.NativeProgram: boolean mHasInitFunction>; ",
			"keyAPISameClassNum":1,
			"keyAPIDiffClassNum":0,
			"keyAPISameClass":[
				{
					"trace":[
						"<android.filterfw.core.NativeProgram: void <init>(java.lang.String,java.lang.String)>"
					],
					"depth":1,
					"method":"<android.filterfw.core.NativeProgram: void <init>(java.lang.String,java.lang.String)>",
					"source":"FIELD"
				}
			],
			"keyAPIDiffClass":[],
			"callerOfSingnlar2SourceVar":{
				"<android.filterfw.core.NativeProgram: void <init>(java.lang.String,java.lang.String)>":"1"
			}
		},
		{
			"method":"<android.filterfw.core.NativeProgram: void <init>(java.lang.String,java.lang.String)>",
			"message":"\\QCould not find native library named '\\E[\\s\\S]*\\Q' required for native program!\\E",
			"relatedVarType":"Parameter",
			"relatedCondType":"Basic",
			"modifier":"public",
			"type":"java.lang.RuntimeException",
			"osVersionRelated":false,
			"resourceRelated":false,
			"assessRelated":false,
			"hardwareRelated":false,
			"manifestRelated":false,
			"conditions":"$z1 != 0",
			"paramValues":"@parameter0: java.lang.String",
			"relatedValues":"@parameter0: java.lang.String; ; ",
			"keyAPISameClassNum":0,
			"keyAPIDiffClassNum":0,
			"keyAPISameClass":[
				{
					"trace":[
						"<android.filterfw.core.NativeProgram: void <init>(java.lang.String,java.lang.String)>"
					],
					"depth":0,
					"method":"<android.filterfw.core.NativeProgram: void <init>(java.lang.String,java.lang.String)>",
					"source":"CALLER"
				}
			],
			"keyAPIDiffClass":[],
			"callerOfSingnlar2SourceVar":{
				"<android.filterfw.core.NativeProgram: void <init>(java.lang.String,java.lang.String)>":"0"
			}
		},
		{
			"method":"<android.filterfw.core.NativeProgram: void tearDown()>",
			"message":"\\QCould not tear down NativeProgram!\\E",
			"relatedVarType":"Field",
			"relatedCondType":"Basic",
			"modifier":"public",
			"type":"java.lang.RuntimeException",
			"osVersionRelated":false,
			"resourceRelated":false,
			"assessRelated":false,
			"hardwareRelated":false,
			"manifestRelated":false,
			"conditions":"$z3 != 0, $z1 == 0, $z0 == 0",
			"fieldValues":"<android.filterfw.core.NativeProgram: boolean mHasTeardownFunction>, <android.filterfw.core.NativeProgram: boolean mTornDown>",
			"relatedValues":"; <android.filterfw.core.NativeProgram: boolean mHasTeardownFunction>, <android.filterfw.core.NativeProgram: boolean mTornDown>; ",
			"keyAPISameClassNum":2,
			"keyAPIDiffClassNum":0,
			"keyAPISameClass":[
				{
					"trace":[
						"<android.filterfw.core.NativeProgram: void tearDown()>"
					],
					"depth":1,
					"method":"<android.filterfw.core.NativeProgram: void <init>(java.lang.String,java.lang.String)>",
					"source":"FIELD"
				},
				{
					"trace":[
						"<android.filterfw.core.NativeProgram: void tearDown()>"
					],
					"depth":1,
					"method":"<android.filterfw.core.NativeProgram: void tearDown()>",
					"source":"FIELD"
				}
			],
			"keyAPIDiffClass":[],
			"callerOfSingnlar2SourceVar":{}
		},
		{
			"method":"<android.filterfw.core.NativeProgram: void reset()>",
			"message":"\\QCould not reset NativeProgram!\\E",
			"relatedVarType":"Field",
			"relatedCondType":"Basic",
			"modifier":"public",
			"type":"java.lang.RuntimeException",
			"osVersionRelated":false,
			"resourceRelated":false,
			"assessRelated":false,
			"hardwareRelated":false,
			"manifestRelated":false,
			"conditions":"$z1 != 0, $z0 == 0",
			"fieldValues":"<android.filterfw.core.NativeProgram: boolean mHasResetFunction>",
			"relatedValues":"; <android.filterfw.core.NativeProgram: boolean mHasResetFunction>; ",
			"keyAPISameClassNum":1,
			"keyAPIDiffClassNum":0,
			"keyAPISameClass":[
				{
					"trace":[
						"<android.filterfw.core.NativeProgram: void reset()>"
					],
					"depth":1,
					"method":"<android.filterfw.core.NativeProgram: void <init>(java.lang.String,java.lang.String)>",
					"source":"FIELD"
				}
			],
			"keyAPIDiffClass":[],
			"callerOfSingnlar2SourceVar":{}
		},
		{
			"method":"<android.filterfw.core.NativeProgram: void process(android.filterfw.core.Frame[],android.filterfw.core.Frame)>",
			"message":"\\QNativeProgram already torn down!\\E",
			"relatedVarType":"Field",
			"relatedCondType":"Basic",
			"modifier":"public",
			"type":"java.lang.RuntimeException",
			"osVersionRelated":false,
			"resourceRelated":false,
			"assessRelated":false,
			"hardwareRelated":false,
			"manifestRelated":false,
			"conditions":"$z0 == 0",
			"fieldValues":"<android.filterfw.core.NativeProgram: boolean mTornDown>",
			"relatedValues":"; <android.filterfw.core.NativeProgram: boolean mTornDown>; ",
			"keyAPISameClassNum":2,
			"keyAPIDiffClassNum":0,
			"keyAPISameClass":[
				{
					"trace":[
						"<android.filterfw.core.NativeProgram: void process(android.filterfw.core.Frame[],android.filterfw.core.Frame)>"
					],
					"depth":1,
					"method":"<android.filterfw.core.NativeProgram: void <init>(java.lang.String,java.lang.String)>",
					"source":"FIELD"
				},
				{
					"trace":[
						"<android.filterfw.core.NativeProgram: void process(android.filterfw.core.Frame[],android.filterfw.core.Frame)>"
					],
					"depth":1,
					"method":"<android.filterfw.core.NativeProgram: void tearDown()>",
					"source":"FIELD"
				}
			],
			"keyAPIDiffClass":[],
			"callerOfSingnlar2SourceVar":{}
		},
		{
			"method":"<android.filterfw.core.NativeProgram: void process(android.filterfw.core.Frame[],android.filterfw.core.Frame)>",
			"message":"\\QNativeProgram got non-native output frame!\\E",
			"relatedVarType":"Parameter",
			"relatedCondType":"Basic",
			"modifier":"public",
			"type":"java.lang.RuntimeException",
			"osVersionRelated":false,
			"resourceRelated":false,
			"assessRelated":false,
			"hardwareRelated":false,
			"manifestRelated":false,
			"conditions":"$z2 == 0, r3 == null, i2 >= $i1",
			"paramValues":"@parameter1: android.filterfw.core.Frame, @parameter0: android.filterfw.core.Frame[]",
			"relatedValues":"@parameter1: android.filterfw.core.Frame, @parameter0: android.filterfw.core.Frame[]; ; ",
			"keyAPISameClassNum":0,
			"keyAPIDiffClassNum":0,
			"keyAPISameClass":[
				{
					"trace":[
						"<android.filterfw.core.NativeProgram: void process(android.filterfw.core.Frame[],android.filterfw.core.Frame)>"
					],
					"depth":0,
					"method":"<android.filterfw.core.NativeProgram: void process(android.filterfw.core.Frame[],android.filterfw.core.Frame)>",
					"source":"CALLER"
				}
			],
			"keyAPIDiffClass":[],
			"callerOfSingnlar2SourceVar":{
				"<android.filterfw.core.NativeProgram: void process(android.filterfw.core.Frame[],android.filterfw.core.Frame)>":"1, 0"
			}
		},
		{
			"method":"<android.filterfw.core.NativeProgram: void process(android.filterfw.core.Frame[],android.filterfw.core.Frame)>",
			"message":"\\QNativeProgram got non-native frame as input \\E[\\s\\S]*\\Q!\\E",
			"relatedVarType":"Parameter",
			"relatedCondType":"Basic",
			"modifier":"public",
			"type":"java.lang.RuntimeException",
			"osVersionRelated":false,
			"resourceRelated":false,
			"assessRelated":false,
			"hardwareRelated":false,
			"manifestRelated":false,
			"conditions":"$z3 == 0, $r6 == null, i2 >= $i1",
			"paramValues":"@parameter0: android.filterfw.core.Frame[]",
			"relatedValues":"@parameter0: android.filterfw.core.Frame[]; ; ",
			"keyAPISameClassNum":0,
			"keyAPIDiffClassNum":0,
			"keyAPISameClass":[
				{
					"trace":[
						"<android.filterfw.core.NativeProgram: void process(android.filterfw.core.Frame[],android.filterfw.core.Frame)>"
					],
					"depth":0,
					"method":"<android.filterfw.core.NativeProgram: void process(android.filterfw.core.Frame[],android.filterfw.core.Frame)>",
					"source":"CALLER"
				}
			],
			"keyAPIDiffClass":[],
			"callerOfSingnlar2SourceVar":{
				"<android.filterfw.core.NativeProgram: void process(android.filterfw.core.Frame[],android.filterfw.core.Frame)>":"0"
			}
		},
		{
			"method":"<android.filterfw.core.NativeProgram: void process(android.filterfw.core.Frame[],android.filterfw.core.Frame)>",
			"message":"\\QCalling native process() caused error!\\E",
			"relatedVarType":"ParaAndField",
			"relatedCondType":"Basic",
			"modifier":"public",
			"type":"java.lang.RuntimeException",
			"osVersionRelated":false,
			"resourceRelated":false,
			"assessRelated":false,
			"hardwareRelated":false,
			"manifestRelated":false,
			"conditions":"$z1 != 0, $z0 == 0, r3 == null",
			"paramValues":"@parameter1: android.filterfw.core.Frame",
			"fieldValues":"<android.filterfw.core.NativeProgram: boolean mTornDown>",
			"relatedValues":"@parameter1: android.filterfw.core.Frame; <android.filterfw.core.NativeProgram: boolean mTornDown>; ",
			"keyAPISameClassNum":2,
			"keyAPIDiffClassNum":0,
			"keyAPISameClass":[
				{
					"trace":[
						"<android.filterfw.core.NativeProgram: void process(android.filterfw.core.Frame[],android.filterfw.core.Frame)>"
					],
					"depth":1,
					"method":"<android.filterfw.core.NativeProgram: void <init>(java.lang.String,java.lang.String)>",
					"source":"FIELD"
				},
				{
					"trace":[
						"<android.filterfw.core.NativeProgram: void process(android.filterfw.core.Frame[],android.filterfw.core.Frame)>"
					],
					"depth":1,
					"method":"<android.filterfw.core.NativeProgram: void tearDown()>",
					"source":"FIELD"
				}
			],
			"keyAPIDiffClass":[],
			"callerOfSingnlar2SourceVar":{
				"<android.filterfw.core.NativeProgram: void process(android.filterfw.core.Frame[],android.filterfw.core.Frame)>":"1"
			}
		},
		{
			"method":"<android.filterfw.core.NativeProgram: void setHostValue(java.lang.String,java.lang.Object)>",
			"message":"\\QNativeProgram already torn down!\\E",
			"relatedVarType":"Field",
			"relatedCondType":"Basic",
			"modifier":"public",
			"type":"java.lang.RuntimeException",
			"osVersionRelated":false,
			"resourceRelated":false,
			"assessRelated":false,
			"hardwareRelated":false,
			"manifestRelated":false,
			"conditions":"$z0 == 0",
			"fieldValues":"<android.filterfw.core.NativeProgram: boolean mTornDown>",
			"relatedValues":"; <android.filterfw.core.NativeProgram: boolean mTornDown>; ",
			"keyAPISameClassNum":2,
			"keyAPIDiffClassNum":0,
			"keyAPISameClass":[
				{
					"trace":[
						"<android.filterfw.core.NativeProgram: void setHostValue(java.lang.String,java.lang.Object)>"
					],
					"depth":1,
					"method":"<android.filterfw.core.NativeProgram: void <init>(java.lang.String,java.lang.String)>",
					"source":"FIELD"
				},
				{
					"trace":[
						"<android.filterfw.core.NativeProgram: void setHostValue(java.lang.String,java.lang.Object)>"
					],
					"depth":1,
					"method":"<android.filterfw.core.NativeProgram: void tearDown()>",
					"source":"FIELD"
				}
			],
			"keyAPIDiffClass":[],
			"callerOfSingnlar2SourceVar":{}
		},
		{
			"method":"<android.filterfw.core.NativeProgram: void setHostValue(java.lang.String,java.lang.Object)>",
			"message":"\\QError setting native value for variable '\\E[\\s\\S]*\\Q'!\\E",
			"relatedVarType":"ParaAndField",
			"relatedCondType":"Basic",
			"modifier":"public",
			"type":"java.lang.RuntimeException",
			"osVersionRelated":false,
			"resourceRelated":false,
			"assessRelated":false,
			"hardwareRelated":false,
			"manifestRelated":false,
			"conditions":"$z2 != 0, $z1 != 0, $z0 == 0",
			"paramValues":"@parameter0: java.lang.String, @parameter1: java.lang.Object",
			"fieldValues":"<android.filterfw.core.NativeProgram: boolean mHasSetValueFunction>, <android.filterfw.core.NativeProgram: boolean mTornDown>",
			"relatedValues":"@parameter0: java.lang.String, @parameter1: java.lang.Object; <android.filterfw.core.NativeProgram: boolean mHasSetValueFunction>, <android.filterfw.core.NativeProgram: boolean mTornDown>; ",
			"keyAPISameClassNum":2,
			"keyAPIDiffClassNum":0,
			"keyAPISameClass":[
				{
					"trace":[
						"<android.filterfw.core.NativeProgram: void setHostValue(java.lang.String,java.lang.Object)>"
					],
					"depth":1,
					"method":"<android.filterfw.core.NativeProgram: void <init>(java.lang.String,java.lang.String)>",
					"source":"FIELD"
				},
				{
					"trace":[
						"<android.filterfw.core.NativeProgram: void setHostValue(java.lang.String,java.lang.Object)>"
					],
					"depth":1,
					"method":"<android.filterfw.core.NativeProgram: void tearDown()>",
					"source":"FIELD"
				}
			],
			"keyAPIDiffClass":[],
			"callerOfSingnlar2SourceVar":{
				"<android.filterfw.core.NativeProgram: void setHostValue(java.lang.String,java.lang.Object)>":"0, 1"
			}
		},
		{
			"method":"<android.filterfw.core.NativeProgram: void setHostValue(java.lang.String,java.lang.Object)>",
			"message":"\\QAttempting to set native variable, but native code does not define native setvalue function!\\E",
			"relatedVarType":"Field",
			"relatedCondType":"Basic",
			"modifier":"public",
			"type":"java.lang.RuntimeException",
			"osVersionRelated":false,
			"resourceRelated":false,
			"assessRelated":false,
			"hardwareRelated":false,
			"manifestRelated":false,
			"conditions":"$z1 != 0, $z0 == 0",
			"fieldValues":"<android.filterfw.core.NativeProgram: boolean mHasSetValueFunction>, <android.filterfw.core.NativeProgram: boolean mTornDown>",
			"relatedValues":"; <android.filterfw.core.NativeProgram: boolean mHasSetValueFunction>, <android.filterfw.core.NativeProgram: boolean mTornDown>; ",
			"keyAPISameClassNum":2,
			"keyAPIDiffClassNum":0,
			"keyAPISameClass":[
				{
					"trace":[
						"<android.filterfw.core.NativeProgram: void setHostValue(java.lang.String,java.lang.Object)>"
					],
					"depth":1,
					"method":"<android.filterfw.core.NativeProgram: void <init>(java.lang.String,java.lang.String)>",
					"source":"FIELD"
				},
				{
					"trace":[
						"<android.filterfw.core.NativeProgram: void setHostValue(java.lang.String,java.lang.Object)>"
					],
					"depth":1,
					"method":"<android.filterfw.core.NativeProgram: void tearDown()>",
					"source":"FIELD"
				}
			],
			"keyAPIDiffClass":[],
			"callerOfSingnlar2SourceVar":{}
		},
		{
			"method":"<android.filterfw.core.NativeProgram: java.lang.Object getHostValue(java.lang.String)>",
			"message":"\\QAttempting to get native variable, but native code does not define native getvalue function!\\E",
			"relatedVarType":"Field",
			"relatedCondType":"Basic",
			"modifier":"public",
			"type":"java.lang.RuntimeException",
			"osVersionRelated":false,
			"resourceRelated":false,
			"assessRelated":false,
			"hardwareRelated":false,
			"manifestRelated":false,
			"conditions":"$z1 != 0, $z0 == 0",
			"fieldValues":"<android.filterfw.core.NativeProgram: boolean mHasGetValueFunction>, <android.filterfw.core.NativeProgram: boolean mTornDown>",
			"relatedValues":"; <android.filterfw.core.NativeProgram: boolean mHasGetValueFunction>, <android.filterfw.core.NativeProgram: boolean mTornDown>; ",
			"keyAPISameClassNum":2,
			"keyAPIDiffClassNum":0,
			"keyAPISameClass":[
				{
					"trace":[
						"<android.filterfw.core.NativeProgram: java.lang.Object getHostValue(java.lang.String)>"
					],
					"depth":1,
					"method":"<android.filterfw.core.NativeProgram: void <init>(java.lang.String,java.lang.String)>",
					"source":"FIELD"
				},
				{
					"trace":[
						"<android.filterfw.core.NativeProgram: java.lang.Object getHostValue(java.lang.String)>"
					],
					"depth":1,
					"method":"<android.filterfw.core.NativeProgram: void tearDown()>",
					"source":"FIELD"
				}
			],
			"keyAPIDiffClass":[],
			"callerOfSingnlar2SourceVar":{}
		},
		{
			"method":"<android.filterfw.core.NativeProgram: java.lang.Object getHostValue(java.lang.String)>",
			"message":"\\QNativeProgram already torn down!\\E",
			"relatedVarType":"Field",
			"relatedCondType":"Basic",
			"modifier":"public",
			"type":"java.lang.RuntimeException",
			"osVersionRelated":false,
			"resourceRelated":false,
			"assessRelated":false,
			"hardwareRelated":false,
			"manifestRelated":false,
			"conditions":"$z0 == 0",
			"fieldValues":"<android.filterfw.core.NativeProgram: boolean mTornDown>",
			"relatedValues":"; <android.filterfw.core.NativeProgram: boolean mTornDown>; ",
			"keyAPISameClassNum":2,
			"keyAPIDiffClassNum":0,
			"keyAPISameClass":[
				{
					"trace":[
						"<android.filterfw.core.NativeProgram: java.lang.Object getHostValue(java.lang.String)>"
					],
					"depth":1,
					"method":"<android.filterfw.core.NativeProgram: void <init>(java.lang.String,java.lang.String)>",
					"source":"FIELD"
				},
				{
					"trace":[
						"<android.filterfw.core.NativeProgram: java.lang.Object getHostValue(java.lang.String)>"
					],
					"depth":1,
					"method":"<android.filterfw.core.NativeProgram: void tearDown()>",
					"source":"FIELD"
				}
			],
			"keyAPIDiffClass":[],
			"callerOfSingnlar2SourceVar":{}
		}
	]
}