{
	"exceptions":[
		{
			"method":"<android.media.AudioManager: int requestAudioFocus(android.media.AudioManager$OnAudioFocusChangeListener,android.media.AudioAttributes,int,int)>",
			"message":"\\QInvalid flags 0x\\E[\\s\\S]*",
			"relatedVarType":"Parameter",
			"relatedCondType":"Basic",
			"modifier":"public",
			"type":"java.lang.IllegalArgumentException",
			"osVersionRelated":false,
			"resourceRelated":false,
			"assessRelated":false,
			"hardwareRelated":true,
			"manifestRelated":false,
			"conditions":"i0 == $i1",
			"paramValues":"@parameter3: int",
			"relatedValues":"@parameter3: int; ; ",
			"keyAPISameClassNum":0,
			"keyAPIDiffClassNum":0,
			"keyAPISameClass":[
				{
					"trace":[
						"<android.media.AudioManager: int requestAudioFocus(android.media.AudioManager$OnAudioFocusChangeListener,android.media.AudioAttributes,int,int)>"
					],
					"depth":0,
					"method":"<android.media.AudioManager: int requestAudioFocus(android.media.AudioManager$OnAudioFocusChangeListener,android.media.AudioAttributes,int,int)>",
					"source":"CALLER"
				}
			],
			"keyAPIDiffClass":[],
			"callerOfSingnlar2SourceVar":{
				"<android.media.AudioManager: int requestAudioFocus(android.media.AudioManager$OnAudioFocusChangeListener,android.media.AudioAttributes,int,int)>":"3"
			}
		},
		{
			"method":"<android.media.AudioManager: int requestAudioFocus(android.media.AudioManager$OnAudioFocusChangeListener,android.media.AudioAttributes,int,int,android.media.audiopolicy.AudioPolicy)>",
			"message":"\\QIllegal null focus listener when flagged as accepting delayed focus grant\\E",
			"relatedVarType":"Parameter",
			"relatedCondType":"Basic",
			"modifier":"public",
			"type":"java.lang.IllegalArgumentException",
			"osVersionRelated":false,
			"resourceRelated":false,
			"assessRelated":false,
			"hardwareRelated":true,
			"manifestRelated":false,
			"conditions":"r3 != null, $i3 != 1, i1 == $i2",
			"paramValues":"@parameter0: android.media.AudioManager$OnAudioFocusChangeListener, @parameter3: int",
			"relatedValues":"@parameter0: android.media.AudioManager$OnAudioFocusChangeListener, @parameter3: int; ; ",
			"keyAPISameClassNum":0,
			"keyAPIDiffClassNum":0,
			"keyAPISameClass":[
				{
					"trace":[
						"<android.media.AudioManager: int requestAudioFocus(android.media.AudioManager$OnAudioFocusChangeListener,android.media.AudioAttributes,int,int,android.media.audiopolicy.AudioPolicy)>"
					],
					"depth":0,
					"method":"<android.media.AudioManager: int requestAudioFocus(android.media.AudioManager$OnAudioFocusChangeListener,android.media.AudioAttributes,int,int,android.media.audiopolicy.AudioPolicy)>",
					"source":"CALLER"
				},
				{
					"trace":[
						"<android.media.AudioManager: int requestAudioFocus(android.media.AudioManager$OnAudioFocusChangeListener,android.media.AudioAttributes,int,int)>",
						"<android.media.AudioManager: int requestAudioFocus(android.media.AudioManager$OnAudioFocusChangeListener,android.media.AudioAttributes,int,int,android.media.audiopolicy.AudioPolicy)>"
					],
					"depth":1,
					"method":"<android.media.AudioManager: int requestAudioFocus(android.media.AudioManager$OnAudioFocusChangeListener,android.media.AudioAttributes,int,int)>",
					"source":"CALLER"
				},
				{
					"trace":[
						"<android.media.AudioManager: int requestAudioFocus(android.media.AudioManager$OnAudioFocusChangeListener,int,int)>",
						"<android.media.AudioManager: int requestAudioFocus(android.media.AudioManager$OnAudioFocusChangeListener,android.media.AudioAttributes,int,int)>",
						"<android.media.AudioManager: int requestAudioFocus(android.media.AudioManager$OnAudioFocusChangeListener,android.media.AudioAttributes,int,int,android.media.audiopolicy.AudioPolicy)>"
					],
					"depth":2,
					"method":"<android.media.AudioManager: int requestAudioFocus(android.media.AudioManager$OnAudioFocusChangeListener,int,int)>",
					"source":"CALLER"
				}
			],
			"keyAPIDiffClass":[],
			"callerOfSingnlar2SourceVar":{
				"<android.media.AudioManager: int requestAudioFocus(android.media.AudioManager$OnAudioFocusChangeListener,android.media.AudioAttributes,int,int,android.media.audiopolicy.AudioPolicy)>":"0, 3",
				"<android.media.AudioManager: int requestAudioFocus(android.media.AudioManager$OnAudioFocusChangeListener,int,int)>":"0",
				"<android.media.AudioManager: int requestAudioFocus(android.media.AudioManager$OnAudioFocusChangeListener,android.media.AudioAttributes,int,int)>":"0"
			}
		},
		{
			"method":"<android.media.AudioManager: int requestAudioFocus(android.media.AudioManager$OnAudioFocusChangeListener,android.media.AudioAttributes,int,int,android.media.audiopolicy.AudioPolicy)>",
			"message":"\\QInvalid duration hint\\E",
			"relatedVarType":"Parameter",
			"relatedCondType":"Basic",
			"modifier":"public",
			"type":"java.lang.IllegalArgumentException",
			"osVersionRelated":false,
			"resourceRelated":false,
			"assessRelated":false,
			"hardwareRelated":true,
			"manifestRelated":false,
			"conditions":"i0 < 1, r0 != null, i0 <= 4",
			"paramValues":"@parameter2: int, @parameter1: android.media.AudioAttributes",
			"relatedValues":"@parameter2: int, @parameter1: android.media.AudioAttributes; ; ",
			"keyAPISameClassNum":0,
			"keyAPIDiffClassNum":0,
			"keyAPISameClass":[
				{
					"trace":[
						"<android.media.AudioManager: int requestAudioFocus(android.media.AudioManager$OnAudioFocusChangeListener,android.media.AudioAttributes,int,int,android.media.audiopolicy.AudioPolicy)>"
					],
					"depth":0,
					"method":"<android.media.AudioManager: int requestAudioFocus(android.media.AudioManager$OnAudioFocusChangeListener,android.media.AudioAttributes,int,int,android.media.audiopolicy.AudioPolicy)>",
					"source":"CALLER"
				},
				{
					"trace":[
						"<android.media.AudioManager: int requestAudioFocus(android.media.AudioManager$OnAudioFocusChangeListener,android.media.AudioAttributes,int,int)>",
						"<android.media.AudioManager: int requestAudioFocus(android.media.AudioManager$OnAudioFocusChangeListener,android.media.AudioAttributes,int,int,android.media.audiopolicy.AudioPolicy)>"
					],
					"depth":1,
					"method":"<android.media.AudioManager: int requestAudioFocus(android.media.AudioManager$OnAudioFocusChangeListener,android.media.AudioAttributes,int,int)>",
					"source":"CALLER"
				},
				{
					"trace":[
						"<android.media.AudioManager: int requestAudioFocus(android.media.AudioManager$OnAudioFocusChangeListener,int,int)>",
						"<android.media.AudioManager: int requestAudioFocus(android.media.AudioManager$OnAudioFocusChangeListener,android.media.AudioAttributes,int,int)>",
						"<android.media.AudioManager: int requestAudioFocus(android.media.AudioManager$OnAudioFocusChangeListener,android.media.AudioAttributes,int,int,android.media.audiopolicy.AudioPolicy)>"
					],
					"depth":2,
					"method":"<android.media.AudioManager: int requestAudioFocus(android.media.AudioManager$OnAudioFocusChangeListener,int,int)>",
					"source":"CALLER"
				}
			],
			"keyAPIDiffClass":[],
			"callerOfSingnlar2SourceVar":{
				"<android.media.AudioManager: int requestAudioFocus(android.media.AudioManager$OnAudioFocusChangeListener,android.media.AudioAttributes,int,int,android.media.audiopolicy.AudioPolicy)>":"2, 1",
				"<android.media.AudioManager: int requestAudioFocus(android.media.AudioManager$OnAudioFocusChangeListener,int,int)>":"2",
				"<android.media.AudioManager: int requestAudioFocus(android.media.AudioManager$OnAudioFocusChangeListener,android.media.AudioAttributes,int,int)>":"2, 1"
			}
		},
		{
			"method":"<android.media.AudioManager: int requestAudioFocus(android.media.AudioManager$OnAudioFocusChangeListener,android.media.AudioAttributes,int,int,android.media.audiopolicy.AudioPolicy)>",
			"message":"\\QIllegal null AudioAttributes argument\\E",
			"relatedVarType":"Parameter",
			"relatedCondType":"Basic",
			"modifier":"public",
			"type":"java.lang.IllegalArgumentException",
			"osVersionRelated":false,
			"resourceRelated":false,
			"assessRelated":false,
			"hardwareRelated":true,
			"manifestRelated":false,
			"conditions":"r0 != null",
			"paramValues":"@parameter1: android.media.AudioAttributes",
			"relatedValues":"@parameter1: android.media.AudioAttributes; ; ",
			"keyAPISameClassNum":0,
			"keyAPIDiffClassNum":0,
			"keyAPISameClass":[
				{
					"trace":[
						"<android.media.AudioManager: int requestAudioFocus(android.media.AudioManager$OnAudioFocusChangeListener,android.media.AudioAttributes,int,int,android.media.audiopolicy.AudioPolicy)>"
					],
					"depth":0,
					"method":"<android.media.AudioManager: int requestAudioFocus(android.media.AudioManager$OnAudioFocusChangeListener,android.media.AudioAttributes,int,int,android.media.audiopolicy.AudioPolicy)>",
					"source":"CALLER"
				},
				{
					"trace":[
						"<android.media.AudioManager: int requestAudioFocus(android.media.AudioManager$OnAudioFocusChangeListener,android.media.AudioAttributes,int,int)>",
						"<android.media.AudioManager: int requestAudioFocus(android.media.AudioManager$OnAudioFocusChangeListener,android.media.AudioAttributes,int,int,android.media.audiopolicy.AudioPolicy)>"
					],
					"depth":1,
					"method":"<android.media.AudioManager: int requestAudioFocus(android.media.AudioManager$OnAudioFocusChangeListener,android.media.AudioAttributes,int,int)>",
					"source":"CALLER"
				},
				{
					"trace":[
						"<android.media.AudioManager: int requestAudioFocus(android.media.AudioManager$OnAudioFocusChangeListener,int,int)>",
						"<android.media.AudioManager: int requestAudioFocus(android.media.AudioManager$OnAudioFocusChangeListener,android.media.AudioAttributes,int,int)>",
						"<android.media.AudioManager: int requestAudioFocus(android.media.AudioManager$OnAudioFocusChangeListener,android.media.AudioAttributes,int,int,android.media.audiopolicy.AudioPolicy)>"
					],
					"depth":2,
					"method":"<android.media.AudioManager: int requestAudioFocus(android.media.AudioManager$OnAudioFocusChangeListener,int,int)>",
					"source":"CALLER"
				}
			],
			"keyAPIDiffClass":[],
			"callerOfSingnlar2SourceVar":{
				"<android.media.AudioManager: int requestAudioFocus(android.media.AudioManager$OnAudioFocusChangeListener,android.media.AudioAttributes,int,int,android.media.audiopolicy.AudioPolicy)>":"1",
				"<android.media.AudioManager: int requestAudioFocus(android.media.AudioManager$OnAudioFocusChangeListener,android.media.AudioAttributes,int,int)>":"1"
			}
		},
		{
			"method":"<android.media.AudioManager: int requestAudioFocus(android.media.AudioManager$OnAudioFocusChangeListener,android.media.AudioAttributes,int,int,android.media.audiopolicy.AudioPolicy)>",
			"message":"\\QIllegal flags 0x\\E[\\s\\S]*",
			"relatedVarType":"Parameter",
			"relatedCondType":"Basic",
			"modifier":"public",
			"type":"java.lang.IllegalArgumentException",
			"osVersionRelated":false,
			"resourceRelated":false,
			"assessRelated":false,
			"hardwareRelated":true,
			"manifestRelated":false,
			"conditions":"i1 == $i2, i0 <= 4, i0 < 1",
			"paramValues":"@parameter3: int, @parameter2: int",
			"relatedValues":"@parameter3: int, @parameter2: int; ; ",
			"keyAPISameClassNum":0,
			"keyAPIDiffClassNum":0,
			"keyAPISameClass":[
				{
					"trace":[
						"<android.media.AudioManager: int requestAudioFocus(android.media.AudioManager$OnAudioFocusChangeListener,android.media.AudioAttributes,int,int,android.media.audiopolicy.AudioPolicy)>"
					],
					"depth":0,
					"method":"<android.media.AudioManager: int requestAudioFocus(android.media.AudioManager$OnAudioFocusChangeListener,android.media.AudioAttributes,int,int,android.media.audiopolicy.AudioPolicy)>",
					"source":"CALLER"
				},
				{
					"trace":[
						"<android.media.AudioManager: int requestAudioFocus(android.media.AudioManager$OnAudioFocusChangeListener,android.media.AudioAttributes,int,int)>",
						"<android.media.AudioManager: int requestAudioFocus(android.media.AudioManager$OnAudioFocusChangeListener,android.media.AudioAttributes,int,int,android.media.audiopolicy.AudioPolicy)>"
					],
					"depth":1,
					"method":"<android.media.AudioManager: int requestAudioFocus(android.media.AudioManager$OnAudioFocusChangeListener,android.media.AudioAttributes,int,int)>",
					"source":"CALLER"
				},
				{
					"trace":[
						"<android.media.AudioManager: int requestAudioFocus(android.media.AudioManager$OnAudioFocusChangeListener,int,int)>",
						"<android.media.AudioManager: int requestAudioFocus(android.media.AudioManager$OnAudioFocusChangeListener,android.media.AudioAttributes,int,int)>",
						"<android.media.AudioManager: int requestAudioFocus(android.media.AudioManager$OnAudioFocusChangeListener,android.media.AudioAttributes,int,int,android.media.audiopolicy.AudioPolicy)>"
					],
					"depth":2,
					"method":"<android.media.AudioManager: int requestAudioFocus(android.media.AudioManager$OnAudioFocusChangeListener,int,int)>",
					"source":"CALLER"
				}
			],
			"keyAPIDiffClass":[],
			"callerOfSingnlar2SourceVar":{
				"<android.media.AudioManager: int requestAudioFocus(android.media.AudioManager$OnAudioFocusChangeListener,android.media.AudioAttributes,int,int,android.media.audiopolicy.AudioPolicy)>":"3, 2",
				"<android.media.AudioManager: int requestAudioFocus(android.media.AudioManager$OnAudioFocusChangeListener,int,int)>":"2",
				"<android.media.AudioManager: int requestAudioFocus(android.media.AudioManager$OnAudioFocusChangeListener,android.media.AudioAttributes,int,int)>":"2"
			}
		},
		{
			"method":"<android.media.AudioManager: int requestAudioFocus(android.media.AudioManager$OnAudioFocusChangeListener,android.media.AudioAttributes,int,int,android.media.audiopolicy.AudioPolicy)>",
			"message":"\\QIllegal null audio policy when locking audio focus\\E",
			"relatedVarType":"Parameter",
			"relatedCondType":"Basic",
			"modifier":"public",
			"type":"java.lang.IllegalArgumentException",
			"osVersionRelated":false,
			"resourceRelated":false,
			"assessRelated":false,
			"hardwareRelated":true,
			"manifestRelated":false,
			"conditions":"r10 != null, $i4 != 4, $i3 != 1",
			"paramValues":"@parameter4: android.media.audiopolicy.AudioPolicy, @parameter3: int",
			"relatedValues":"@parameter4: android.media.audiopolicy.AudioPolicy, @parameter3: int; ; ",
			"keyAPISameClassNum":0,
			"keyAPIDiffClassNum":0,
			"keyAPISameClass":[
				{
					"trace":[
						"<android.media.AudioManager: int requestAudioFocus(android.media.AudioManager$OnAudioFocusChangeListener,android.media.AudioAttributes,int,int,android.media.audiopolicy.AudioPolicy)>"
					],
					"depth":0,
					"method":"<android.media.AudioManager: int requestAudioFocus(android.media.AudioManager$OnAudioFocusChangeListener,android.media.AudioAttributes,int,int,android.media.audiopolicy.AudioPolicy)>",
					"source":"CALLER"
				},
				{
					"trace":[
						"<android.media.AudioManager: int requestAudioFocus(android.media.AudioManager$OnAudioFocusChangeListener,android.media.AudioAttributes,int,int)>",
						"<android.media.AudioManager: int requestAudioFocus(android.media.AudioManager$OnAudioFocusChangeListener,android.media.AudioAttributes,int,int,android.media.audiopolicy.AudioPolicy)>"
					],
					"depth":1,
					"method":"<android.media.AudioManager: int requestAudioFocus(android.media.AudioManager$OnAudioFocusChangeListener,android.media.AudioAttributes,int,int)>",
					"source":"CALLER"
				}
			],
			"keyAPIDiffClass":[],
			"callerOfSingnlar2SourceVar":{
				"<android.media.AudioManager: int requestAudioFocus(android.media.AudioManager$OnAudioFocusChangeListener,android.media.AudioAttributes,int,int,android.media.audiopolicy.AudioPolicy)>":"4, 3"
			}
		},
		{
			"method":"<android.media.AudioManager: int registerAudioPolicy(android.media.audiopolicy.AudioPolicy)>",
			"message":"\\QIllegal null AudioPolicy argument\\E",
			"relatedVarType":"Parameter",
			"relatedCondType":"Basic",
			"modifier":"public",
			"type":"java.lang.IllegalArgumentException",
			"osVersionRelated":false,
			"resourceRelated":false,
			"assessRelated":false,
			"hardwareRelated":true,
			"manifestRelated":false,
			"conditions":"r0 != null",
			"paramValues":"@parameter0: android.media.audiopolicy.AudioPolicy",
			"relatedValues":"@parameter0: android.media.audiopolicy.AudioPolicy; ; ",
			"keyAPISameClassNum":0,
			"keyAPIDiffClassNum":0,
			"keyAPISameClass":[
				{
					"trace":[
						"<android.media.AudioManager: int registerAudioPolicy(android.media.audiopolicy.AudioPolicy)>"
					],
					"depth":0,
					"method":"<android.media.AudioManager: int registerAudioPolicy(android.media.audiopolicy.AudioPolicy)>",
					"source":"CALLER"
				}
			],
			"keyAPIDiffClass":[],
			"callerOfSingnlar2SourceVar":{
				"<android.media.AudioManager: int registerAudioPolicy(android.media.audiopolicy.AudioPolicy)>":"0"
			}
		},
		{
			"method":"<android.media.AudioManager: void unregisterAudioPolicyAsync(android.media.audiopolicy.AudioPolicy)>",
			"message":"\\QIllegal null AudioPolicy argument\\E",
			"relatedVarType":"Parameter",
			"relatedCondType":"Basic",
			"modifier":"public",
			"type":"java.lang.IllegalArgumentException",
			"osVersionRelated":false,
			"resourceRelated":false,
			"assessRelated":false,
			"hardwareRelated":true,
			"manifestRelated":false,
			"conditions":"r0 != null",
			"paramValues":"@parameter0: android.media.audiopolicy.AudioPolicy",
			"relatedValues":"@parameter0: android.media.audiopolicy.AudioPolicy; ; ",
			"keyAPISameClassNum":0,
			"keyAPIDiffClassNum":0,
			"keyAPISameClass":[
				{
					"trace":[
						"<android.media.AudioManager: void unregisterAudioPolicyAsync(android.media.audiopolicy.AudioPolicy)>"
					],
					"depth":0,
					"method":"<android.media.AudioManager: void unregisterAudioPolicyAsync(android.media.audiopolicy.AudioPolicy)>",
					"source":"CALLER"
				}
			],
			"keyAPIDiffClass":[],
			"callerOfSingnlar2SourceVar":{
				"<android.media.AudioManager: void unregisterAudioPolicyAsync(android.media.audiopolicy.AudioPolicy)>":"0"
			}
		}
	]
}