{
	"exceptions":[
		{
			"method":"<android.app.FragmentHostCallback: void onStartActivityFromFragment(android.app.Fragment,android.content.Intent,int,android.os.Bundle)>",
			"message":"\\QStarting activity with a requestCode requires a FragmentActivity host\\E",
			"relatedVarType":"Parameter",
			"relatedCondType":"Basic",
			"modifier":"public",
			"type":"java.lang.IllegalStateException",
			"osVersionRelated":false,
			"resourceRelated":false,
			"assessRelated":false,
			"hardwareRelated":false,
			"manifestRelated":false,
			"conditions":"i0 == -1",
			"paramValues":"@parameter2: int",
			"relatedValues":"@parameter2: int; ; ",
			"keyAPISameClassNum":0,
			"keyAPIDiffClassNum":0,
			"keyAPISameClass":[
				{
					"trace":[
						"<android.app.FragmentHostCallback: void onStartActivityFromFragment(android.app.Fragment,android.content.Intent,int,android.os.Bundle)>"
					],
					"depth":0,
					"method":"<android.app.FragmentHostCallback: void onStartActivityFromFragment(android.app.Fragment,android.content.Intent,int,android.os.Bundle)>",
					"source":"CALLER"
				}
			],
			"keyAPIDiffClass":[
				{
					"trace":[
						"<android.app.Fragment: void startActivityForResult(android.content.Intent,int,android.os.Bundle)>",
						"<android.app.FragmentHostCallback: void onStartActivityFromFragment(android.app.Fragment,android.content.Intent,int,android.os.Bundle)>"
					],
					"depth":1,
					"method":"<android.app.Fragment: void startActivityForResult(android.content.Intent,int,android.os.Bundle)>",
					"source":"CALLER"
				},
				{
					"trace":[
						"<android.app.Fragment: void startActivityForResult(android.content.Intent,int)>",
						"<android.app.Fragment: void startActivityForResult(android.content.Intent,int,android.os.Bundle)>",
						"<android.app.FragmentHostCallback: void onStartActivityFromFragment(android.app.Fragment,android.content.Intent,int,android.os.Bundle)>"
					],
					"depth":2,
					"method":"<android.app.Fragment: void startActivityForResult(android.content.Intent,int)>",
					"source":"CALLER"
				}
			],
			"callerOfSingnlar2SourceVar":{
				"<android.app.Fragment: void startActivityForResult(android.content.Intent,int,android.os.Bundle)>":"1",
				"<android.preference.PreferenceActivity: void startWithFragment(java.lang.String,android.os.Bundle,android.app.Fragment,int)>":"3",
				"<android.preference.PreferenceActivity: void startWithFragment(java.lang.String,android.os.Bundle,android.app.Fragment,int,int,int)>":"3",
				"<android.app.Fragment: void startActivityForResult(android.content.Intent,int)>":"1",
				"<android.preference.PreferenceActivity: void startPreferencePanel(java.lang.String,android.os.Bundle,int,java.lang.CharSequence,android.app.Fragment,int)>":"5",
				"<android.app.FragmentHostCallback: void onStartActivityFromFragment(android.app.Fragment,android.content.Intent,int,android.os.Bundle)>":"2"
			}
		}
	]
}