{
	"exceptions":[
		{
			"method":"<android.app.NotificationManager: void notify(java.lang.String,int,android.app.Notification)>",
			"message":"\\QInvalid notification (no valid small icon): \\E[\\s\\S]*",
			"relatedVarType":"ParaAndField",
			"relatedCondType":"Basic",
			"modifier":"public",
			"type":"java.lang.IllegalArgumentException",
			"osVersionRelated":true,
			"resourceRelated":false,
			"assessRelated":false,
			"hardwareRelated":false,
			"manifestRelated":false,
			"conditions":"$r27 != null, $i6 <= 22, $r6 == null",
			"paramValues":"@parameter2: android.app.Notification",
			"fieldValues":"<android.app.NotificationManager: android.content.Context mContext>",
			"relatedValues":"@parameter2: android.app.Notification; <android.app.NotificationManager: android.content.Context mContext>; ",
			"keyAPISameClassNum":12,
			"keyAPIDiffClassNum":42,
			"keyAPISameClass":[
				{
					"trace":[
						"<android.app.NotificationManager: void notify(java.lang.String,int,android.app.Notification)>"
					],
					"depth":1,
					"method":"<android.app.NotificationManager: void notify(java.lang.String,int,android.app.Notification)>",
					"source":"FIELD"
				},
				{
					"trace":[
						"<android.app.NotificationManager: void notify(java.lang.String,int,android.app.Notification)>"
					],
					"depth":1,
					"method":"<android.app.NotificationManager: void notifyAsUser(java.lang.String,int,android.app.Notification,android.os.UserHandle)>",
					"source":"FIELD"
				},
				{
					"trace":[
						"<android.app.NotificationManager: void notify(java.lang.String,int,android.app.Notification)>"
					],
					"depth":1,
					"method":"<android.app.NotificationManager: void cancel(java.lang.String,int)>",
					"source":"FIELD"
				},
				{
					"trace":[
						"<android.app.NotificationManager: void notify(java.lang.String,int,android.app.Notification)>"
					],
					"depth":1,
					"method":"<android.app.NotificationManager: void cancelAsUser(java.lang.String,int,android.os.UserHandle)>",
					"source":"FIELD"
				},
				{
					"trace":[
						"<android.app.NotificationManager: void notify(java.lang.String,int,android.app.Notification)>"
					],
					"depth":1,
					"method":"<android.app.NotificationManager: void cancelAll()>",
					"source":"FIELD"
				},
				{
					"trace":[
						"<android.app.NotificationManager: void notify(java.lang.String,int,android.app.Notification)>"
					],
					"depth":1,
					"method":"<android.app.NotificationManager: boolean isNotificationPolicyAccessGranted()>",
					"source":"FIELD"
				},
				{
					"trace":[
						"<android.app.NotificationManager: void notify(java.lang.String,int,android.app.Notification)>"
					],
					"depth":1,
					"method":"<android.app.NotificationManager: android.app.NotificationManager$Policy getNotificationPolicy()>",
					"source":"FIELD"
				},
				{
					"trace":[
						"<android.app.NotificationManager: void notify(java.lang.String,int,android.app.Notification)>"
					],
					"depth":1,
					"method":"<android.app.NotificationManager: void setNotificationPolicy(android.app.NotificationManager$Policy)>",
					"source":"FIELD"
				},
				{
					"trace":[
						"<android.app.NotificationManager: void notify(java.lang.String,int,android.app.Notification)>"
					],
					"depth":1,
					"method":"<android.app.NotificationManager: android.service.notification.StatusBarNotification[] getActiveNotifications()>",
					"source":"FIELD"
				},
				{
					"trace":[
						"<android.app.NotificationManager: void notify(java.lang.String,int,android.app.Notification)>"
					],
					"depth":1,
					"method":"<android.app.NotificationManager: void setInterruptionFilter(int)>",
					"source":"FIELD"
				},
				{
					"trace":[
						"<android.app.NotificationManager: void notify(int,android.app.Notification)>",
						"<android.app.NotificationManager: void notify(java.lang.String,int,android.app.Notification)>",
						"key field: <android.app.NotificationManager: android.content.Context mContext>",
						"<android.app.NotificationManager: void notify(java.lang.String,int,android.app.Notification)>"
					],
					"depth":2,
					"method":"<android.app.NotificationManager: void notify(int,android.app.Notification)>",
					"source":"FIELDCALLER"
				},
				{
					"trace":[
						"<android.app.NotificationManager: void cancel(int)>",
						"<android.app.NotificationManager: void cancel(java.lang.String,int)>",
						"key field: <android.app.NotificationManager: android.content.Context mContext>",
						"<android.app.NotificationManager: void notify(java.lang.String,int,android.app.Notification)>"
					],
					"depth":2,
					"method":"<android.app.NotificationManager: void cancel(int)>",
					"source":"FIELDCALLER"
				}
			],
			"keyAPIDiffClass":[
				{
					"trace":[
						"<android.app.SystemServiceRegistry$26: android.app.NotificationManager createService(android.app.ContextImpl)>",
						"<android.app.NotificationManager: void <init>(android.content.Context,android.os.Handler)>",
						"key field: <android.app.NotificationManager: android.content.Context mContext>",
						"<android.app.NotificationManager: void notify(java.lang.String,int,android.app.Notification)>"
					],
					"depth":2,
					"method":"<android.app.SystemServiceRegistry$26: android.app.NotificationManager createService(android.app.ContextImpl)>",
					"source":"FIELDCALLER"
				},
				{
					"trace":[
						"<android.app.SystemServiceRegistry$26: java.lang.Object createService(android.app.ContextImpl)>",
						"<android.app.SystemServiceRegistry$26: android.app.NotificationManager createService(android.app.ContextImpl)>",
						"<android.app.NotificationManager: void <init>(android.content.Context,android.os.Handler)>",
						"key field: <android.app.NotificationManager: android.content.Context mContext>",
						"<android.app.NotificationManager: void notify(java.lang.String,int,android.app.Notification)>"
					],
					"depth":3,
					"method":"<android.app.SystemServiceRegistry$26: java.lang.Object createService(android.app.ContextImpl)>",
					"source":"FIELDCALLER"
				},
				{
					"trace":[
						"<android.app.SystemServiceRegistry$CachedServiceFetcher: java.lang.Object createService(android.app.ContextImpl)>",
						"<android.app.SystemServiceRegistry$26: android.app.NotificationManager createService(android.app.ContextImpl)>",
						"<android.app.NotificationManager: void <init>(android.content.Context,android.os.Handler)>",
						"key field: <android.app.NotificationManager: android.content.Context mContext>",
						"<android.app.NotificationManager: void notify(java.lang.String,int,android.app.Notification)>"
					],
					"depth":3,
					"method":"<android.app.SystemServiceRegistry$CachedServiceFetcher: java.lang.Object createService(android.app.ContextImpl)>",
					"source":"FIELDCALLER"
				},
				{
					"trace":[
						"<android.app.SystemServiceRegistry$CachedServiceFetcher: java.lang.Object getService(android.app.ContextImpl)>",
						"<android.app.SystemServiceRegistry$26: java.lang.Object createService(android.app.ContextImpl)>",
						"<android.app.SystemServiceRegistry$26: android.app.NotificationManager createService(android.app.ContextImpl)>",
						"<android.app.NotificationManager: void <init>(android.content.Context,android.os.Handler)>",
						"key field: <android.app.NotificationManager: android.content.Context mContext>",
						"<android.app.NotificationManager: void notify(java.lang.String,int,android.app.Notification)>"
					],
					"depth":4,
					"method":"<android.app.SystemServiceRegistry$CachedServiceFetcher: java.lang.Object getService(android.app.ContextImpl)>",
					"source":"FIELDCALLER"
				},
				{
					"trace":[
						"<android.app.SystemServiceRegistry$ServiceFetcher: java.lang.Object getService(android.app.ContextImpl)>",
						"<android.app.SystemServiceRegistry$26: java.lang.Object createService(android.app.ContextImpl)>",
						"<android.app.SystemServiceRegistry$26: android.app.NotificationManager createService(android.app.ContextImpl)>",
						"<android.app.NotificationManager: void <init>(android.content.Context,android.os.Handler)>",
						"key field: <android.app.NotificationManager: android.content.Context mContext>",
						"<android.app.NotificationManager: void notify(java.lang.String,int,android.app.Notification)>"
					],
					"depth":4,
					"method":"<android.app.SystemServiceRegistry$ServiceFetcher: java.lang.Object getService(android.app.ContextImpl)>",
					"source":"FIELDCALLER"
				},
				{
					"trace":[
						"<android.app.SystemServiceRegistry: java.lang.Object getSystemService(android.app.ContextImpl,java.lang.String)>",
						"<android.app.SystemServiceRegistry$CachedServiceFetcher: java.lang.Object getService(android.app.ContextImpl)>",
						"<android.app.SystemServiceRegistry$26: java.lang.Object createService(android.app.ContextImpl)>",
						"<android.app.SystemServiceRegistry$26: android.app.NotificationManager createService(android.app.ContextImpl)>",
						"<android.app.NotificationManager: void <init>(android.content.Context,android.os.Handler)>",
						"key field: <android.app.NotificationManager: android.content.Context mContext>",
						"<android.app.NotificationManager: void notify(java.lang.String,int,android.app.Notification)>"
					],
					"depth":5,
					"method":"<android.app.SystemServiceRegistry: java.lang.Object getSystemService(android.app.ContextImpl,java.lang.String)>",
					"source":"FIELDCALLER"
				},
				{
					"trace":[
						"<android.app.ContextImpl: java.lang.Object getSystemService(java.lang.String)>",
						"<android.app.SystemServiceRegistry: java.lang.Object getSystemService(android.app.ContextImpl,java.lang.String)>",
						"<android.app.SystemServiceRegistry$CachedServiceFetcher: java.lang.Object getService(android.app.ContextImpl)>",
						"<android.app.SystemServiceRegistry$26: java.lang.Object createService(android.app.ContextImpl)>",
						"<android.app.SystemServiceRegistry$26: android.app.NotificationManager createService(android.app.ContextImpl)>",
						"<android.app.NotificationManager: void <init>(android.content.Context,android.os.Handler)>",
						"key field: <android.app.NotificationManager: android.content.Context mContext>",
						"<android.app.NotificationManager: void notify(java.lang.String,int,android.app.Notification)>"
					],
					"depth":6,
					"method":"<android.app.ContextImpl: java.lang.Object getSystemService(java.lang.String)>",
					"source":"FIELDCALLER"
				},
				{
					"trace":[
						"<android.content.Context: java.lang.Object getSystemService(java.lang.String)>",
						"<android.app.SystemServiceRegistry: java.lang.Object getSystemService(android.app.ContextImpl,java.lang.String)>",
						"<android.app.SystemServiceRegistry$CachedServiceFetcher: java.lang.Object getService(android.app.ContextImpl)>",
						"<android.app.SystemServiceRegistry$26: java.lang.Object createService(android.app.ContextImpl)>",
						"<android.app.SystemServiceRegistry$26: android.app.NotificationManager createService(android.app.ContextImpl)>",
						"<android.app.NotificationManager: void <init>(android.content.Context,android.os.Handler)>",
						"key field: <android.app.NotificationManager: android.content.Context mContext>",
						"<android.app.NotificationManager: void notify(java.lang.String,int,android.app.Notification)>"
					],
					"depth":6,
					"method":"<android.content.Context: java.lang.Object getSystemService(java.lang.String)>",
					"source":"FIELDCALLER"
				},
				{
					"trace":[
						"<android.app.Dialog: boolean onSearchRequested()>",
						"<android.app.ContextImpl: java.lang.Object getSystemService(java.lang.String)>",
						"<android.app.SystemServiceRegistry: java.lang.Object getSystemService(android.app.ContextImpl,java.lang.String)>",
						"<android.app.SystemServiceRegistry$CachedServiceFetcher: java.lang.Object getService(android.app.ContextImpl)>",
						"<android.app.SystemServiceRegistry$26: java.lang.Object createService(android.app.ContextImpl)>",
						"<android.app.SystemServiceRegistry$26: android.app.NotificationManager createService(android.app.ContextImpl)>",
						"<android.app.NotificationManager: void <init>(android.content.Context,android.os.Handler)>",
						"key field: <android.app.NotificationManager: android.content.Context mContext>",
						"<android.app.NotificationManager: void notify(java.lang.String,int,android.app.Notification)>"
					],
					"depth":7,
					"method":"<android.app.Dialog: boolean onSearchRequested()>",
					"source":"FIELDCALLER"
				},
				{
					"trace":[
						"<android.view.Window$Callback: boolean onSearchRequested()>",
						"<android.app.ContextImpl: java.lang.Object getSystemService(java.lang.String)>",
						"<android.app.SystemServiceRegistry: java.lang.Object getSystemService(android.app.ContextImpl,java.lang.String)>",
						"<android.app.SystemServiceRegistry$CachedServiceFetcher: java.lang.Object getService(android.app.ContextImpl)>",
						"<android.app.SystemServiceRegistry$26: java.lang.Object createService(android.app.ContextImpl)>",
						"<android.app.SystemServiceRegistry$26: android.app.NotificationManager createService(android.app.ContextImpl)>",
						"<android.app.NotificationManager: void <init>(android.content.Context,android.os.Handler)>",
						"key field: <android.app.NotificationManager: android.content.Context mContext>",
						"<android.app.NotificationManager: void notify(java.lang.String,int,android.app.Notification)>"
					],
					"depth":7,
					"method":"<android.view.Window$Callback: boolean onSearchRequested()>",
					"source":"FIELDCALLER"
				},
				{
					"trace":[
						"<android.view.Window$Callback: boolean onSearchRequested(android.view.SearchEvent)>",
						"<android.app.ContextImpl: java.lang.Object getSystemService(java.lang.String)>",
						"<android.app.SystemServiceRegistry: java.lang.Object getSystemService(android.app.ContextImpl,java.lang.String)>",
						"<android.app.SystemServiceRegistry$CachedServiceFetcher: java.lang.Object getService(android.app.ContextImpl)>",
						"<android.app.SystemServiceRegistry$26: java.lang.Object createService(android.app.ContextImpl)>",
						"<android.app.SystemServiceRegistry$26: android.app.NotificationManager createService(android.app.ContextImpl)>",
						"<android.app.NotificationManager: void <init>(android.content.Context,android.os.Handler)>",
						"key field: <android.app.NotificationManager: android.content.Context mContext>",
						"<android.app.NotificationManager: void notify(java.lang.String,int,android.app.Notification)>"
					],
					"depth":7,
					"method":"<android.view.Window$Callback: boolean onSearchRequested(android.view.SearchEvent)>",
					"source":"FIELDCALLER"
				},
				{
					"trace":[
						"<android.app.SearchDialog: void onBackPressed()>",
						"<android.app.ContextImpl: java.lang.Object getSystemService(java.lang.String)>",
						"<android.app.SystemServiceRegistry: java.lang.Object getSystemService(android.app.ContextImpl,java.lang.String)>",
						"<android.app.SystemServiceRegistry$CachedServiceFetcher: java.lang.Object getService(android.app.ContextImpl)>",
						"<android.app.SystemServiceRegistry$26: java.lang.Object createService(android.app.ContextImpl)>",
						"<android.app.SystemServiceRegistry$26: android.app.NotificationManager createService(android.app.ContextImpl)>",
						"<android.app.NotificationManager: void <init>(android.content.Context,android.os.Handler)>",
						"key field: <android.app.NotificationManager: android.content.Context mContext>",
						"<android.app.NotificationManager: void notify(java.lang.String,int,android.app.Notification)>"
					],
					"depth":7,
					"method":"<android.app.SearchDialog: void onBackPressed()>",
					"source":"FIELDCALLER"
				},
				{
					"trace":[
						"<android.app.MediaRouteButton: void <init>(android.content.Context,android.util.AttributeSet,int,int)>",
						"<android.app.ContextImpl: java.lang.Object getSystemService(java.lang.String)>",
						"<android.app.SystemServiceRegistry: java.lang.Object getSystemService(android.app.ContextImpl,java.lang.String)>",
						"<android.app.SystemServiceRegistry$CachedServiceFetcher: java.lang.Object getService(android.app.ContextImpl)>",
						"<android.app.SystemServiceRegistry$26: java.lang.Object createService(android.app.ContextImpl)>",
						"<android.app.SystemServiceRegistry$26: android.app.NotificationManager createService(android.app.ContextImpl)>",
						"<android.app.NotificationManager: void <init>(android.content.Context,android.os.Handler)>",
						"key field: <android.app.NotificationManager: android.content.Context mContext>",
						"<android.app.NotificationManager: void notify(java.lang.String,int,android.app.Notification)>"
					],
					"depth":7,
					"method":"<android.app.MediaRouteButton: void <init>(android.content.Context,android.util.AttributeSet,int,int)>",
					"source":"FIELDCALLER"
				},
				{
					"trace":[
						"<android.app.SearchDialog: void hide()>",
						"<android.app.ContextImpl: java.lang.Object getSystemService(java.lang.String)>",
						"<android.app.SystemServiceRegistry: java.lang.Object getSystemService(android.app.ContextImpl,java.lang.String)>",
						"<android.app.SystemServiceRegistry$CachedServiceFetcher: java.lang.Object getService(android.app.ContextImpl)>",
						"<android.app.SystemServiceRegistry$26: java.lang.Object createService(android.app.ContextImpl)>",
						"<android.app.SystemServiceRegistry$26: android.app.NotificationManager createService(android.app.ContextImpl)>",
						"<android.app.NotificationManager: void <init>(android.content.Context,android.os.Handler)>",
						"key field: <android.app.NotificationManager: android.content.Context mContext>",
						"<android.app.NotificationManager: void notify(java.lang.String,int,android.app.Notification)>"
					],
					"depth":7,
					"method":"<android.app.SearchDialog: void hide()>",
					"source":"FIELDCALLER"
				},
				{
					"trace":[
						"<android.app.FragmentHostCallback: android.view.LayoutInflater onGetLayoutInflater()>",
						"<android.app.ContextImpl: java.lang.Object getSystemService(java.lang.String)>",
						"<android.app.SystemServiceRegistry: java.lang.Object getSystemService(android.app.ContextImpl,java.lang.String)>",
						"<android.app.SystemServiceRegistry$CachedServiceFetcher: java.lang.Object getService(android.app.ContextImpl)>",
						"<android.app.SystemServiceRegistry$26: java.lang.Object createService(android.app.ContextImpl)>",
						"<android.app.SystemServiceRegistry$26: android.app.NotificationManager createService(android.app.ContextImpl)>",
						"<android.app.NotificationManager: void <init>(android.content.Context,android.os.Handler)>",
						"key field: <android.app.NotificationManager: android.content.Context mContext>",
						"<android.app.NotificationManager: void notify(java.lang.String,int,android.app.Notification)>"
					],
					"depth":7,
					"method":"<android.app.FragmentHostCallback: android.view.LayoutInflater onGetLayoutInflater()>",
					"source":"FIELDCALLER"
				},
				{
					"trace":[
						"<android.app.backup.WallpaperBackupHelper: void <init>(android.content.Context,java.lang.String[],java.lang.String[])>",
						"<android.app.ContextImpl: java.lang.Object getSystemService(java.lang.String)>",
						"<android.app.SystemServiceRegistry: java.lang.Object getSystemService(android.app.ContextImpl,java.lang.String)>",
						"<android.app.SystemServiceRegistry$CachedServiceFetcher: java.lang.Object getService(android.app.ContextImpl)>",
						"<android.app.SystemServiceRegistry$26: java.lang.Object createService(android.app.ContextImpl)>",
						"<android.app.SystemServiceRegistry$26: android.app.NotificationManager createService(android.app.ContextImpl)>",
						"<android.app.NotificationManager: void <init>(android.content.Context,android.os.Handler)>",
						"key field: <android.app.NotificationManager: android.content.Context mContext>",
						"<android.app.NotificationManager: void notify(java.lang.String,int,android.app.Notification)>"
					],
					"depth":7,
					"method":"<android.app.backup.WallpaperBackupHelper: void <init>(android.content.Context,java.lang.String[],java.lang.String[])>",
					"source":"FIELDCALLER"
				},
				{
					"trace":[
						"<android.app.DialogFragment: android.view.LayoutInflater getLayoutInflater(android.os.Bundle)>",
						"<android.app.ContextImpl: java.lang.Object getSystemService(java.lang.String)>",
						"<android.app.SystemServiceRegistry: java.lang.Object getSystemService(android.app.ContextImpl,java.lang.String)>",
						"<android.app.SystemServiceRegistry$CachedServiceFetcher: java.lang.Object getService(android.app.ContextImpl)>",
						"<android.app.SystemServiceRegistry$26: java.lang.Object createService(android.app.ContextImpl)>",
						"<android.app.SystemServiceRegistry$26: android.app.NotificationManager createService(android.app.ContextImpl)>",
						"<android.app.NotificationManager: void <init>(android.content.Context,android.os.Handler)>",
						"key field: <android.app.NotificationManager: android.content.Context mContext>",
						"<android.app.NotificationManager: void notify(java.lang.String,int,android.app.Notification)>"
					],
					"depth":7,
					"method":"<android.app.DialogFragment: android.view.LayoutInflater getLayoutInflater(android.os.Bundle)>",
					"source":"FIELDCALLER"
				},
				{
					"trace":[
						"<android.content.Context: java.lang.Object getSystemService(java.lang.Class)>",
						"<android.app.ContextImpl: java.lang.Object getSystemService(java.lang.String)>",
						"<android.app.SystemServiceRegistry: java.lang.Object getSystemService(android.app.ContextImpl,java.lang.String)>",
						"<android.app.SystemServiceRegistry$CachedServiceFetcher: java.lang.Object getService(android.app.ContextImpl)>",
						"<android.app.SystemServiceRegistry$26: java.lang.Object createService(android.app.ContextImpl)>",
						"<android.app.SystemServiceRegistry$26: android.app.NotificationManager createService(android.app.ContextImpl)>",
						"<android.app.NotificationManager: void <init>(android.content.Context,android.os.Handler)>",
						"key field: <android.app.NotificationManager: android.content.Context mContext>",
						"<android.app.NotificationManager: void notify(java.lang.String,int,android.app.Notification)>"
					],
					"depth":7,
					"method":"<android.content.Context: java.lang.Object getSystemService(java.lang.Class)>",
					"source":"FIELDCALLER"
				},
				{
					"trace":[
						"<android.view.ContextThemeWrapper: java.lang.Object getSystemService(java.lang.String)>",
						"<android.app.ContextImpl: java.lang.Object getSystemService(java.lang.String)>",
						"<android.app.SystemServiceRegistry: java.lang.Object getSystemService(android.app.ContextImpl,java.lang.String)>",
						"<android.app.SystemServiceRegistry$CachedServiceFetcher: java.lang.Object getService(android.app.ContextImpl)>",
						"<android.app.SystemServiceRegistry$26: java.lang.Object createService(android.app.ContextImpl)>",
						"<android.app.SystemServiceRegistry$26: android.app.NotificationManager createService(android.app.ContextImpl)>",
						"<android.app.NotificationManager: void <init>(android.content.Context,android.os.Handler)>",
						"key field: <android.app.NotificationManager: android.content.Context mContext>",
						"<android.app.NotificationManager: void notify(java.lang.String,int,android.app.Notification)>"
					],
					"depth":7,
					"method":"<android.view.ContextThemeWrapper: java.lang.Object getSystemService(java.lang.String)>",
					"source":"FIELDCALLER"
				},
				{
					"trace":[
						"<android.app.ActivityThread$DropBoxReporter: void addData(java.lang.String,byte[],int)>",
						"<android.app.ActivityThread$DropBoxReporter: void ensureInitialized()>",
						"<android.app.ContextImpl: java.lang.Object getSystemService(java.lang.String)>",
						"<android.app.SystemServiceRegistry: java.lang.Object getSystemService(android.app.ContextImpl,java.lang.String)>",
						"<android.app.SystemServiceRegistry$CachedServiceFetcher: java.lang.Object getService(android.app.ContextImpl)>",
						"<android.app.SystemServiceRegistry$26: java.lang.Object createService(android.app.ContextImpl)>",
						"<android.app.SystemServiceRegistry$26: android.app.NotificationManager createService(android.app.ContextImpl)>",
						"<android.app.NotificationManager: void <init>(android.content.Context,android.os.Handler)>",
						"key field: <android.app.NotificationManager: android.content.Context mContext>",
						"<android.app.NotificationManager: void notify(java.lang.String,int,android.app.Notification)>"
					],
					"depth":8,
					"method":"<android.app.ActivityThread$DropBoxReporter: void addData(java.lang.String,byte[],int)>",
					"source":"FIELDCALLER"
				},
				{
					"trace":[
						"<android.app.ActivityThread$DropBoxReporter: void addText(java.lang.String,java.lang.String)>",
						"<android.app.ActivityThread$DropBoxReporter: void ensureInitialized()>",
						"<android.app.ContextImpl: java.lang.Object getSystemService(java.lang.String)>",
						"<android.app.SystemServiceRegistry: java.lang.Object getSystemService(android.app.ContextImpl,java.lang.String)>",
						"<android.app.SystemServiceRegistry$CachedServiceFetcher: java.lang.Object getService(android.app.ContextImpl)>",
						"<android.app.SystemServiceRegistry$26: java.lang.Object createService(android.app.ContextImpl)>",
						"<android.app.SystemServiceRegistry$26: android.app.NotificationManager createService(android.app.ContextImpl)>",
						"<android.app.NotificationManager: void <init>(android.content.Context,android.os.Handler)>",
						"key field: <android.app.NotificationManager: android.content.Context mContext>",
						"<android.app.NotificationManager: void notify(java.lang.String,int,android.app.Notification)>"
					],
					"depth":8,
					"method":"<android.app.ActivityThread$DropBoxReporter: void addText(java.lang.String,java.lang.String)>",
					"source":"FIELDCALLER"
				},
				{
					"trace":[
						"<android.view.WindowCallbackWrapper: boolean onSearchRequested()>",
						"<android.app.Dialog: boolean onSearchRequested()>",
						"<android.app.ContextImpl: java.lang.Object getSystemService(java.lang.String)>",
						"<android.app.SystemServiceRegistry: java.lang.Object getSystemService(android.app.ContextImpl,java.lang.String)>",
						"<android.app.SystemServiceRegistry$CachedServiceFetcher: java.lang.Object getService(android.app.ContextImpl)>",
						"<android.app.SystemServiceRegistry$26: java.lang.Object createService(android.app.ContextImpl)>",
						"<android.app.SystemServiceRegistry$26: android.app.NotificationManager createService(android.app.ContextImpl)>",
						"<android.app.NotificationManager: void <init>(android.content.Context,android.os.Handler)>",
						"key field: <android.app.NotificationManager: android.content.Context mContext>",
						"<android.app.NotificationManager: void notify(java.lang.String,int,android.app.Notification)>"
					],
					"depth":8,
					"method":"<android.view.WindowCallbackWrapper: boolean onSearchRequested()>",
					"source":"FIELDCALLER"
				},
				{
					"trace":[
						"<android.app.Dialog: boolean onSearchRequested(android.view.SearchEvent)>",
						"<android.app.Dialog: boolean onSearchRequested()>",
						"<android.app.ContextImpl: java.lang.Object getSystemService(java.lang.String)>",
						"<android.app.SystemServiceRegistry: java.lang.Object getSystemService(android.app.ContextImpl,java.lang.String)>",
						"<android.app.SystemServiceRegistry$CachedServiceFetcher: java.lang.Object getService(android.app.ContextImpl)>",
						"<android.app.SystemServiceRegistry$26: java.lang.Object createService(android.app.ContextImpl)>",
						"<android.app.SystemServiceRegistry$26: android.app.NotificationManager createService(android.app.ContextImpl)>",
						"<android.app.NotificationManager: void <init>(android.content.Context,android.os.Handler)>",
						"key field: <android.app.NotificationManager: android.content.Context mContext>",
						"<android.app.NotificationManager: void notify(java.lang.String,int,android.app.Notification)>"
					],
					"depth":8,
					"method":"<android.app.Dialog: boolean onSearchRequested(android.view.SearchEvent)>",
					"source":"FIELDCALLER"
				},
				{
					"trace":[
						"<android.app.Dialog: boolean onKeyUp(int,android.view.KeyEvent)>",
						"<android.app.SearchDialog: void onBackPressed()>",
						"<android.app.ContextImpl: java.lang.Object getSystemService(java.lang.String)>",
						"<android.app.SystemServiceRegistry: java.lang.Object getSystemService(android.app.ContextImpl,java.lang.String)>",
						"<android.app.SystemServiceRegistry$CachedServiceFetcher: java.lang.Object getService(android.app.ContextImpl)>",
						"<android.app.SystemServiceRegistry$26: java.lang.Object createService(android.app.ContextImpl)>",
						"<android.app.SystemServiceRegistry$26: android.app.NotificationManager createService(android.app.ContextImpl)>",
						"<android.app.NotificationManager: void <init>(android.content.Context,android.os.Handler)>",
						"key field: <android.app.NotificationManager: android.content.Context mContext>",
						"<android.app.NotificationManager: void notify(java.lang.String,int,android.app.Notification)>"
					],
					"depth":8,
					"method":"<android.app.Dialog: boolean onKeyUp(int,android.view.KeyEvent)>",
					"source":"FIELDCALLER"
				},
				{
					"trace":[
						"<android.view.KeyEvent$Callback: boolean onKeyUp(int,android.view.KeyEvent)>",
						"<android.app.SearchDialog: void onBackPressed()>",
						"<android.app.ContextImpl: java.lang.Object getSystemService(java.lang.String)>",
						"<android.app.SystemServiceRegistry: java.lang.Object getSystemService(android.app.ContextImpl,java.lang.String)>",
						"<android.app.SystemServiceRegistry$CachedServiceFetcher: java.lang.Object getService(android.app.ContextImpl)>",
						"<android.app.SystemServiceRegistry$26: java.lang.Object createService(android.app.ContextImpl)>",
						"<android.app.SystemServiceRegistry$26: android.app.NotificationManager createService(android.app.ContextImpl)>",
						"<android.app.NotificationManager: void <init>(android.content.Context,android.os.Handler)>",
						"key field: <android.app.NotificationManager: android.content.Context mContext>",
						"<android.app.NotificationManager: void notify(java.lang.String,int,android.app.Notification)>"
					],
					"depth":8,
					"method":"<android.view.KeyEvent$Callback: boolean onKeyUp(int,android.view.KeyEvent)>",
					"source":"FIELDCALLER"
				},
				{
					"trace":[
						"<android.app.MediaRouteButton: void <init>(android.content.Context,android.util.AttributeSet,int)>",
						"<android.app.MediaRouteButton: void <init>(android.content.Context,android.util.AttributeSet,int,int)>",
						"<android.app.ContextImpl: java.lang.Object getSystemService(java.lang.String)>",
						"<android.app.SystemServiceRegistry: java.lang.Object getSystemService(android.app.ContextImpl,java.lang.String)>",
						"<android.app.SystemServiceRegistry$CachedServiceFetcher: java.lang.Object getService(android.app.ContextImpl)>",
						"<android.app.SystemServiceRegistry$26: java.lang.Object createService(android.app.ContextImpl)>",
						"<android.app.SystemServiceRegistry$26: android.app.NotificationManager createService(android.app.ContextImpl)>",
						"<android.app.NotificationManager: void <init>(android.content.Context,android.os.Handler)>",
						"key field: <android.app.NotificationManager: android.content.Context mContext>",
						"<android.app.NotificationManager: void notify(java.lang.String,int,android.app.Notification)>"
					],
					"depth":8,
					"method":"<android.app.MediaRouteButton: void <init>(android.content.Context,android.util.AttributeSet,int)>",
					"source":"FIELDCALLER"
				},
				{
					"trace":[
						"<android.app.Dialog: void <init>(android.content.Context)>",
						"<android.app.Dialog: void <init>(android.content.Context,int,boolean)>",
						"<android.app.ContextImpl: java.lang.Object getSystemService(java.lang.String)>",
						"<android.app.SystemServiceRegistry: java.lang.Object getSystemService(android.app.ContextImpl,java.lang.String)>",
						"<android.app.SystemServiceRegistry$CachedServiceFetcher: java.lang.Object getService(android.app.ContextImpl)>",
						"<android.app.SystemServiceRegistry$26: java.lang.Object createService(android.app.ContextImpl)>",
						"<android.app.SystemServiceRegistry$26: android.app.NotificationManager createService(android.app.ContextImpl)>",
						"<android.app.NotificationManager: void <init>(android.content.Context,android.os.Handler)>",
						"key field: <android.app.NotificationManager: android.content.Context mContext>",
						"<android.app.NotificationManager: void notify(java.lang.String,int,android.app.Notification)>"
					],
					"depth":8,
					"method":"<android.app.Dialog: void <init>(android.content.Context)>",
					"source":"FIELDCALLER"
				},
				{
					"trace":[
						"<android.app.Presentation: void <init>(android.content.Context,android.view.Display,int)>",
						"<android.app.Dialog: void <init>(android.content.Context,int,boolean)>",
						"<android.app.ContextImpl: java.lang.Object getSystemService(java.lang.String)>",
						"<android.app.SystemServiceRegistry: java.lang.Object getSystemService(android.app.ContextImpl,java.lang.String)>",
						"<android.app.SystemServiceRegistry$CachedServiceFetcher: java.lang.Object getService(android.app.ContextImpl)>",
						"<android.app.SystemServiceRegistry$26: java.lang.Object createService(android.app.ContextImpl)>",
						"<android.app.SystemServiceRegistry$26: android.app.NotificationManager createService(android.app.ContextImpl)>",
						"<android.app.NotificationManager: void <init>(android.content.Context,android.os.Handler)>",
						"key field: <android.app.NotificationManager: android.content.Context mContext>",
						"<android.app.NotificationManager: void notify(java.lang.String,int,android.app.Notification)>"
					],
					"depth":8,
					"method":"<android.app.Presentation: void <init>(android.content.Context,android.view.Display,int)>",
					"source":"FIELDCALLER"
				},
				{
					"trace":[
						"<android.app.Dialog: void <init>(android.content.Context,int)>",
						"<android.app.Dialog: void <init>(android.content.Context,int,boolean)>",
						"<android.app.ContextImpl: java.lang.Object getSystemService(java.lang.String)>",
						"<android.app.SystemServiceRegistry: java.lang.Object getSystemService(android.app.ContextImpl,java.lang.String)>",
						"<android.app.SystemServiceRegistry$CachedServiceFetcher: java.lang.Object getService(android.app.ContextImpl)>",
						"<android.app.SystemServiceRegistry$26: java.lang.Object createService(android.app.ContextImpl)>",
						"<android.app.SystemServiceRegistry$26: android.app.NotificationManager createService(android.app.ContextImpl)>",
						"<android.app.NotificationManager: void <init>(android.content.Context,android.os.Handler)>",
						"key field: <android.app.NotificationManager: android.content.Context mContext>",
						"<android.app.NotificationManager: void notify(java.lang.String,int,android.app.Notification)>"
					],
					"depth":8,
					"method":"<android.app.Dialog: void <init>(android.content.Context,int)>",
					"source":"FIELDCALLER"
				},
				{
					"trace":[
						"<android.app.DialogFragment: void onStop()>",
						"<android.app.SearchDialog: void hide()>",
						"<android.app.ContextImpl: java.lang.Object getSystemService(java.lang.String)>",
						"<android.app.SystemServiceRegistry: java.lang.Object getSystemService(android.app.ContextImpl,java.lang.String)>",
						"<android.app.SystemServiceRegistry$CachedServiceFetcher: java.lang.Object getService(android.app.ContextImpl)>",
						"<android.app.SystemServiceRegistry$26: java.lang.Object createService(android.app.ContextImpl)>",
						"<android.app.SystemServiceRegistry$26: android.app.NotificationManager createService(android.app.ContextImpl)>",
						"<android.app.NotificationManager: void <init>(android.content.Context,android.os.Handler)>",
						"key field: <android.app.NotificationManager: android.content.Context mContext>",
						"<android.app.NotificationManager: void notify(java.lang.String,int,android.app.Notification)>"
					],
					"depth":8,
					"method":"<android.app.DialogFragment: void onStop()>",
					"source":"FIELDCALLER"
				},
				{
					"trace":[
						"<android.app.Instrumentation: android.app.Activity newActivity(java.lang.Class,android.content.Context,android.os.IBinder,android.app.Application,android.content.Intent,android.content.pm.ActivityInfo,java.lang.CharSequence,android.app.Activity,java.lang.String,java.lang.Object)>",
						"<android.app.Activity: void attach(android.content.Context,android.app.ActivityThread,android.app.Instrumentation,android.os.IBinder,int,android.app.Application,android.content.Intent,android.content.pm.ActivityInfo,java.lang.CharSequence,android.app.Activity,java.lang.String,android.app.Activity$NonConfigurationInstances,android.content.res.Configuration,java.lang.String,com.android.internal.app.IVoiceInteractor)>",
						"<android.app.ContextImpl: java.lang.Object getSystemService(java.lang.String)>",
						"<android.app.SystemServiceRegistry: java.lang.Object getSystemService(android.app.ContextImpl,java.lang.String)>",
						"<android.app.SystemServiceRegistry$CachedServiceFetcher: java.lang.Object getService(android.app.ContextImpl)>",
						"<android.app.SystemServiceRegistry$26: java.lang.Object createService(android.app.ContextImpl)>",
						"<android.app.SystemServiceRegistry$26: android.app.NotificationManager createService(android.app.ContextImpl)>",
						"<android.app.NotificationManager: void <init>(android.content.Context,android.os.Handler)>",
						"key field: <android.app.NotificationManager: android.content.Context mContext>",
						"<android.app.NotificationManager: void notify(java.lang.String,int,android.app.Notification)>"
					],
					"depth":8,
					"method":"<android.app.Instrumentation: android.app.Activity newActivity(java.lang.Class,android.content.Context,android.os.IBinder,android.app.Application,android.content.Intent,android.content.pm.ActivityInfo,java.lang.CharSequence,android.app.Activity,java.lang.String,java.lang.Object)>",
					"source":"FIELDCALLER"
				},
				{
					"trace":[
						"<android.app.Fragment: android.view.LayoutInflater getLayoutInflater(android.os.Bundle)>",
						"<android.app.FragmentHostCallback: android.view.LayoutInflater onGetLayoutInflater()>",
						"<android.app.ContextImpl: java.lang.Object getSystemService(java.lang.String)>",
						"<android.app.SystemServiceRegistry: java.lang.Object getSystemService(android.app.ContextImpl,java.lang.String)>",
						"<android.app.SystemServiceRegistry$CachedServiceFetcher: java.lang.Object getService(android.app.ContextImpl)>",
						"<android.app.SystemServiceRegistry$26: java.lang.Object createService(android.app.ContextImpl)>",
						"<android.app.SystemServiceRegistry$26: android.app.NotificationManager createService(android.app.ContextImpl)>",
						"<android.app.NotificationManager: void <init>(android.content.Context,android.os.Handler)>",
						"key field: <android.app.NotificationManager: android.content.Context mContext>",
						"<android.app.NotificationManager: void notify(java.lang.String,int,android.app.Notification)>"
					],
					"depth":8,
					"method":"<android.app.Fragment: android.view.LayoutInflater getLayoutInflater(android.os.Bundle)>",
					"source":"FIELDCALLER"
				},
				{
					"trace":[
						"<android.app.backup.BackupAgent: void onBackup(android.os.ParcelFileDescriptor,android.app.backup.BackupDataOutput,android.os.ParcelFileDescriptor)>",
						"<android.app.backup.WallpaperBackupHelper: void <init>(android.content.Context,java.lang.String[],java.lang.String[])>",
						"<android.app.ContextImpl: java.lang.Object getSystemService(java.lang.String)>",
						"<android.app.SystemServiceRegistry: java.lang.Object getSystemService(android.app.ContextImpl,java.lang.String)>",
						"<android.app.SystemServiceRegistry$CachedServiceFetcher: java.lang.Object getService(android.app.ContextImpl)>",
						"<android.app.SystemServiceRegistry$26: java.lang.Object createService(android.app.ContextImpl)>",
						"<android.app.SystemServiceRegistry$26: android.app.NotificationManager createService(android.app.ContextImpl)>",
						"<android.app.NotificationManager: void <init>(android.content.Context,android.os.Handler)>",
						"key field: <android.app.NotificationManager: android.content.Context mContext>",
						"<android.app.NotificationManager: void notify(java.lang.String,int,android.app.Notification)>"
					],
					"depth":8,
					"method":"<android.app.backup.BackupAgent: void onBackup(android.os.ParcelFileDescriptor,android.app.backup.BackupDataOutput,android.os.ParcelFileDescriptor)>",
					"source":"FIELDCALLER"
				},
				{
					"trace":[
						"<android.app.backup.BackupAgent: void onRestore(android.app.backup.BackupDataInput,int,android.os.ParcelFileDescriptor)>",
						"<android.app.backup.WallpaperBackupHelper: void <init>(android.content.Context,java.lang.String[],java.lang.String[])>",
						"<android.app.ContextImpl: java.lang.Object getSystemService(java.lang.String)>",
						"<android.app.SystemServiceRegistry: java.lang.Object getSystemService(android.app.ContextImpl,java.lang.String)>",
						"<android.app.SystemServiceRegistry$CachedServiceFetcher: java.lang.Object getService(android.app.ContextImpl)>",
						"<android.app.SystemServiceRegistry$26: java.lang.Object createService(android.app.ContextImpl)>",
						"<android.app.SystemServiceRegistry$26: android.app.NotificationManager createService(android.app.ContextImpl)>",
						"<android.app.NotificationManager: void <init>(android.content.Context,android.os.Handler)>",
						"key field: <android.app.NotificationManager: android.content.Context mContext>",
						"<android.app.NotificationManager: void notify(java.lang.String,int,android.app.Notification)>"
					],
					"depth":8,
					"method":"<android.app.backup.BackupAgent: void onRestore(android.app.backup.BackupDataInput,int,android.os.ParcelFileDescriptor)>",
					"source":"FIELDCALLER"
				},
				{
					"trace":[
						"<android.app.ApplicationPackageManager: java.util.List getPrimaryStorageCandidateVolumes()>",
						"<android.content.Context: java.lang.Object getSystemService(java.lang.Class)>",
						"<android.app.ContextImpl: java.lang.Object getSystemService(java.lang.String)>",
						"<android.app.SystemServiceRegistry: java.lang.Object getSystemService(android.app.ContextImpl,java.lang.String)>",
						"<android.app.SystemServiceRegistry$CachedServiceFetcher: java.lang.Object getService(android.app.ContextImpl)>",
						"<android.app.SystemServiceRegistry$26: java.lang.Object createService(android.app.ContextImpl)>",
						"<android.app.SystemServiceRegistry$26: android.app.NotificationManager createService(android.app.ContextImpl)>",
						"<android.app.NotificationManager: void <init>(android.content.Context,android.os.Handler)>",
						"key field: <android.app.NotificationManager: android.content.Context mContext>",
						"<android.app.NotificationManager: void notify(java.lang.String,int,android.app.Notification)>"
					],
					"depth":8,
					"method":"<android.app.ApplicationPackageManager: java.util.List getPrimaryStorageCandidateVolumes()>",
					"source":"FIELDCALLER"
				},
				{
					"trace":[
						"<android.app.ApplicationPackageManager: android.os.storage.VolumeInfo getPrimaryStorageCurrentVolume()>",
						"<android.content.Context: java.lang.Object getSystemService(java.lang.Class)>",
						"<android.app.ContextImpl: java.lang.Object getSystemService(java.lang.String)>",
						"<android.app.SystemServiceRegistry: java.lang.Object getSystemService(android.app.ContextImpl,java.lang.String)>",
						"<android.app.SystemServiceRegistry$CachedServiceFetcher: java.lang.Object getService(android.app.ContextImpl)>",
						"<android.app.SystemServiceRegistry$26: java.lang.Object createService(android.app.ContextImpl)>",
						"<android.app.SystemServiceRegistry$26: android.app.NotificationManager createService(android.app.ContextImpl)>",
						"<android.app.NotificationManager: void <init>(android.content.Context,android.os.Handler)>",
						"key field: <android.app.NotificationManager: android.content.Context mContext>",
						"<android.app.NotificationManager: void notify(java.lang.String,int,android.app.Notification)>"
					],
					"depth":8,
					"method":"<android.app.ApplicationPackageManager: android.os.storage.VolumeInfo getPrimaryStorageCurrentVolume()>",
					"source":"FIELDCALLER"
				},
				{
					"trace":[
						"<android.app.ApplicationPackageManager: java.util.List getPackageCandidateVolumes(android.content.pm.ApplicationInfo)>",
						"<android.content.Context: java.lang.Object getSystemService(java.lang.Class)>",
						"<android.app.ContextImpl: java.lang.Object getSystemService(java.lang.String)>",
						"<android.app.SystemServiceRegistry: java.lang.Object getSystemService(android.app.ContextImpl,java.lang.String)>",
						"<android.app.SystemServiceRegistry$CachedServiceFetcher: java.lang.Object getService(android.app.ContextImpl)>",
						"<android.app.SystemServiceRegistry$26: java.lang.Object createService(android.app.ContextImpl)>",
						"<android.app.SystemServiceRegistry$26: android.app.NotificationManager createService(android.app.ContextImpl)>",
						"<android.app.NotificationManager: void <init>(android.content.Context,android.os.Handler)>",
						"key field: <android.app.NotificationManager: android.content.Context mContext>",
						"<android.app.NotificationManager: void notify(java.lang.String,int,android.app.Notification)>"
					],
					"depth":8,
					"method":"<android.app.ApplicationPackageManager: java.util.List getPackageCandidateVolumes(android.content.pm.ApplicationInfo)>",
					"source":"FIELDCALLER"
				},
				{
					"trace":[
						"<android.app.ApplicationPackageManager: android.os.storage.VolumeInfo getPackageCurrentVolume(android.content.pm.ApplicationInfo)>",
						"<android.content.Context: java.lang.Object getSystemService(java.lang.Class)>",
						"<android.app.ContextImpl: java.lang.Object getSystemService(java.lang.String)>",
						"<android.app.SystemServiceRegistry: java.lang.Object getSystemService(android.app.ContextImpl,java.lang.String)>",
						"<android.app.SystemServiceRegistry$CachedServiceFetcher: java.lang.Object getService(android.app.ContextImpl)>",
						"<android.app.SystemServiceRegistry$26: java.lang.Object createService(android.app.ContextImpl)>",
						"<android.app.SystemServiceRegistry$26: android.app.NotificationManager createService(android.app.ContextImpl)>",
						"<android.app.NotificationManager: void <init>(android.content.Context,android.os.Handler)>",
						"key field: <android.app.NotificationManager: android.content.Context mContext>",
						"<android.app.NotificationManager: void notify(java.lang.String,int,android.app.Notification)>"
					],
					"depth":8,
					"method":"<android.app.ApplicationPackageManager: android.os.storage.VolumeInfo getPackageCurrentVolume(android.content.pm.ApplicationInfo)>",
					"source":"FIELDCALLER"
				},
				{
					"trace":[
						"<android.app.Presentation$1: java.lang.Object getSystemService(java.lang.String)>",
						"<android.view.ContextThemeWrapper: java.lang.Object getSystemService(java.lang.String)>",
						"<android.app.ContextImpl: java.lang.Object getSystemService(java.lang.String)>",
						"<android.app.SystemServiceRegistry: java.lang.Object getSystemService(android.app.ContextImpl,java.lang.String)>",
						"<android.app.SystemServiceRegistry$CachedServiceFetcher: java.lang.Object getService(android.app.ContextImpl)>",
						"<android.app.SystemServiceRegistry$26: java.lang.Object createService(android.app.ContextImpl)>",
						"<android.app.SystemServiceRegistry$26: android.app.NotificationManager createService(android.app.ContextImpl)>",
						"<android.app.NotificationManager: void <init>(android.content.Context,android.os.Handler)>",
						"key field: <android.app.NotificationManager: android.content.Context mContext>",
						"<android.app.NotificationManager: void notify(java.lang.String,int,android.app.Notification)>"
					],
					"depth":8,
					"method":"<android.app.Presentation$1: java.lang.Object getSystemService(java.lang.String)>",
					"source":"FIELDCALLER"
				},
				{
					"trace":[
						"<android.app.Activity: java.lang.Object getSystemService(java.lang.String)>",
						"<android.view.ContextThemeWrapper: java.lang.Object getSystemService(java.lang.String)>",
						"<android.app.ContextImpl: java.lang.Object getSystemService(java.lang.String)>",
						"<android.app.SystemServiceRegistry: java.lang.Object getSystemService(android.app.ContextImpl,java.lang.String)>",
						"<android.app.SystemServiceRegistry$CachedServiceFetcher: java.lang.Object getService(android.app.ContextImpl)>",
						"<android.app.SystemServiceRegistry$26: java.lang.Object createService(android.app.ContextImpl)>",
						"<android.app.SystemServiceRegistry$26: android.app.NotificationManager createService(android.app.ContextImpl)>",
						"<android.app.NotificationManager: void <init>(android.content.Context,android.os.Handler)>",
						"key field: <android.app.NotificationManager: android.content.Context mContext>",
						"<android.app.NotificationManager: void notify(java.lang.String,int,android.app.Notification)>"
					],
					"depth":8,
					"method":"<android.app.Activity: java.lang.Object getSystemService(java.lang.String)>",
					"source":"FIELDCALLER"
				},
				{
					"trace":[
						"<android.content.ContextWrapper: java.lang.Object getSystemService(java.lang.String)>",
						"<android.view.ContextThemeWrapper: java.lang.Object getSystemService(java.lang.String)>",
						"<android.app.ContextImpl: java.lang.Object getSystemService(java.lang.String)>",
						"<android.app.SystemServiceRegistry: java.lang.Object getSystemService(android.app.ContextImpl,java.lang.String)>",
						"<android.app.SystemServiceRegistry$CachedServiceFetcher: java.lang.Object getService(android.app.ContextImpl)>",
						"<android.app.SystemServiceRegistry$26: java.lang.Object createService(android.app.ContextImpl)>",
						"<android.app.SystemServiceRegistry$26: android.app.NotificationManager createService(android.app.ContextImpl)>",
						"<android.app.NotificationManager: void <init>(android.content.Context,android.os.Handler)>",
						"key field: <android.app.NotificationManager: android.content.Context mContext>",
						"<android.app.NotificationManager: void notify(java.lang.String,int,android.app.Notification)>"
					],
					"depth":8,
					"method":"<android.content.ContextWrapper: java.lang.Object getSystemService(java.lang.String)>",
					"source":"FIELDCALLER"
				},
				{
					"trace":[
						"<android.accessibilityservice.AccessibilityService: java.lang.Object getSystemService(java.lang.String)>",
						"<android.content.ContextWrapper: java.lang.Object getSystemService(java.lang.String)>",
						"<android.app.ContextImpl: java.lang.Object getSystemService(java.lang.String)>",
						"<android.app.SystemServiceRegistry: java.lang.Object getSystemService(android.app.ContextImpl,java.lang.String)>",
						"<android.app.SystemServiceRegistry$CachedServiceFetcher: java.lang.Object getService(android.app.ContextImpl)>",
						"<android.app.SystemServiceRegistry$26: java.lang.Object createService(android.app.ContextImpl)>",
						"<android.app.SystemServiceRegistry$26: android.app.NotificationManager createService(android.app.ContextImpl)>",
						"<android.app.NotificationManager: void <init>(android.content.Context,android.os.Handler)>",
						"key field: <android.app.NotificationManager: android.content.Context mContext>",
						"<android.app.NotificationManager: void notify(java.lang.String,int,android.app.Notification)>"
					],
					"depth":8,
					"method":"<android.accessibilityservice.AccessibilityService: java.lang.Object getSystemService(java.lang.String)>",
					"source":"FIELDCALLER"
				}
			],
			"callerOfSingnlar2SourceVar":{
				"<android.app.NotificationManager: void notify(java.lang.String,int,android.app.Notification)>":"2",
				"<android.app.NotificationManager: void notify(int,android.app.Notification)>":"1"
			}
		},
		{
			"method":"<android.app.NotificationManager: void checkRequired(java.lang.String,java.lang.Object)>",
			"message":"[\\s\\S]*\\Q is required\\E",
			"relatedVarType":"Parameter",
			"relatedCondType":"Basic",
			"modifier":"private",
			"type":"java.lang.IllegalArgumentException",
			"osVersionRelated":false,
			"resourceRelated":false,
			"assessRelated":false,
			"hardwareRelated":false,
			"manifestRelated":false,
			"conditions":"r0 != null",
			"paramValues":"@parameter1: java.lang.Object",
			"relatedValues":"@parameter1: java.lang.Object; ; ",
			"keyAPISameClassNum":0,
			"keyAPIDiffClassNum":0,
			"keyAPISameClass":[
				{
					"trace":[
						"<android.app.NotificationManager: void checkRequired(java.lang.String,java.lang.Object)>"
					],
					"depth":0,
					"method":"<android.app.NotificationManager: void checkRequired(java.lang.String,java.lang.Object)>",
					"source":"CALLER"
				},
				{
					"trace":[
						"<android.app.NotificationManager: void setNotificationPolicy(android.app.NotificationManager$Policy)>",
						"<android.app.NotificationManager: void checkRequired(java.lang.String,java.lang.Object)>"
					],
					"depth":1,
					"method":"<android.app.NotificationManager: void setNotificationPolicy(android.app.NotificationManager$Policy)>",
					"source":"CALLER"
				}
			],
			"keyAPIDiffClass":[],
			"callerOfSingnlar2SourceVar":{
				"<android.app.NotificationManager: void setNotificationPolicy(android.app.NotificationManager$Policy)>":"0",
				"<android.app.NotificationManager: void checkRequired(java.lang.String,java.lang.Object)>":"1"
			}
		}
	]
}