{
	"exceptions":[
		{
			"method":"<android.graphics.YuvImage: void <init>(byte[],int,int,int,int[])>",
			"message":"\\Qyuv cannot be null\\E",
			"relatedVarType":"Parameter",
			"relatedCondType":"Basic",
			"modifier":"public",
			"type":"java.lang.IllegalArgumentException",
			"osVersionRelated":false,
			"resourceRelated":false,
			"assessRelated":false,
			"hardwareRelated":false,
			"manifestRelated":false,
			"conditions":"r2 != null, i2 > 0, i1 <= 0",
			"paramValues":"@parameter0: byte[], @parameter3: int, @parameter2: int",
			"relatedValues":"@parameter0: byte[], @parameter3: int, @parameter2: int; ; ",
			"keyAPISameClassNum":0,
			"keyAPIDiffClassNum":0,
			"keyAPISameClass":[
				{
					"trace":[
						"<android.graphics.YuvImage: void <init>(byte[],int,int,int,int[])>"
					],
					"depth":0,
					"method":"<android.graphics.YuvImage: void <init>(byte[],int,int,int,int[])>",
					"source":"CALLER"
				}
			],
			"keyAPIDiffClass":[],
			"callerOfSingnlar2SourceVar":{
				"<android.graphics.YuvImage: void <init>(byte[],int,int,int,int[])>":"0, 3, 2"
			}
		},
		{
			"method":"<android.graphics.YuvImage: void <init>(byte[],int,int,int,int[])>",
			"message":"\\Qwidth and height must large than 0\\E",
			"relatedVarType":"Parameter",
			"relatedCondType":"Basic",
			"modifier":"public",
			"type":"java.lang.IllegalArgumentException",
			"osVersionRelated":false,
			"resourceRelated":false,
			"assessRelated":false,
			"hardwareRelated":false,
			"manifestRelated":false,
			"conditions":"i1 <= 0, i0 == 17, i0 == 20",
			"paramValues":"@parameter2: int, @parameter1: int",
			"relatedValues":"@parameter2: int, @parameter1: int; ; ",
			"keyAPISameClassNum":0,
			"keyAPIDiffClassNum":0,
			"keyAPISameClass":[
				{
					"trace":[
						"<android.graphics.YuvImage: void <init>(byte[],int,int,int,int[])>"
					],
					"depth":0,
					"method":"<android.graphics.YuvImage: void <init>(byte[],int,int,int,int[])>",
					"source":"CALLER"
				}
			],
			"keyAPIDiffClass":[],
			"callerOfSingnlar2SourceVar":{
				"<android.graphics.YuvImage: void <init>(byte[],int,int,int,int[])>":"2, 1"
			}
		},
		{
			"method":"<android.graphics.YuvImage: void <init>(byte[],int,int,int,int[])>",
			"message":"\\Qonly support ImageFormat.NV21 and ImageFormat.YUY2 for now\\E",
			"relatedVarType":"Parameter",
			"relatedCondType":"Basic",
			"modifier":"public",
			"type":"java.lang.IllegalArgumentException",
			"osVersionRelated":false,
			"resourceRelated":false,
			"assessRelated":false,
			"hardwareRelated":false,
			"manifestRelated":false,
			"conditions":"i0 == 20, i0 == 17",
			"paramValues":"@parameter1: int",
			"relatedValues":"@parameter1: int; ; ",
			"keyAPISameClassNum":0,
			"keyAPIDiffClassNum":0,
			"keyAPISameClass":[
				{
					"trace":[
						"<android.graphics.YuvImage: void <init>(byte[],int,int,int,int[])>"
					],
					"depth":0,
					"method":"<android.graphics.YuvImage: void <init>(byte[],int,int,int,int[])>",
					"source":"CALLER"
				}
			],
			"keyAPIDiffClass":[],
			"callerOfSingnlar2SourceVar":{
				"<android.graphics.YuvImage: void <init>(byte[],int,int,int,int[])>":"1"
			}
		},
		{
			"method":"<android.graphics.YuvImage: boolean compressToJpeg(android.graphics.Rect,int,java.io.OutputStream)>",
			"message":"\\Qrectangle is not inside the image\\E",
			"relatedVarType":"ParaAndField",
			"relatedCondType":"Basic",
			"modifier":"public",
			"type":"java.lang.IllegalArgumentException",
			"osVersionRelated":false,
			"resourceRelated":false,
			"assessRelated":false,
			"hardwareRelated":false,
			"manifestRelated":false,
			"conditions":"$z0 != 0",
			"paramValues":"@parameter0: android.graphics.Rect",
			"fieldValues":"<android.graphics.YuvImage: int mWidth>",
			"relatedValues":"@parameter0: android.graphics.Rect; <android.graphics.YuvImage: int mWidth>; ",
			"keyAPISameClassNum":1,
			"keyAPIDiffClassNum":0,
			"keyAPISameClass":[
				{
					"trace":[
						"<android.graphics.YuvImage: boolean compressToJpeg(android.graphics.Rect,int,java.io.OutputStream)>"
					],
					"depth":1,
					"method":"<android.graphics.YuvImage: void <init>(byte[],int,int,int,int[])>",
					"source":"FIELD"
				}
			],
			"keyAPIDiffClass":[],
			"callerOfSingnlar2SourceVar":{
				"<android.graphics.YuvImage: boolean compressToJpeg(android.graphics.Rect,int,java.io.OutputStream)>":"0"
			}
		},
		{
			"method":"<android.graphics.YuvImage: boolean compressToJpeg(android.graphics.Rect,int,java.io.OutputStream)>",
			"message":"\\Qquality must be 0..100\\E",
			"relatedVarType":"ParaAndField",
			"relatedCondType":"Basic",
			"modifier":"public",
			"type":"java.lang.IllegalArgumentException",
			"osVersionRelated":false,
			"resourceRelated":false,
			"assessRelated":false,
			"hardwareRelated":false,
			"manifestRelated":false,
			"conditions":"i2 < 0, $z0 != 0, i2 <= 100",
			"paramValues":"@parameter1: int, @parameter0: android.graphics.Rect",
			"fieldValues":"<android.graphics.YuvImage: int mWidth>",
			"relatedValues":"@parameter1: int, @parameter0: android.graphics.Rect; <android.graphics.YuvImage: int mWidth>; ",
			"keyAPISameClassNum":1,
			"keyAPIDiffClassNum":0,
			"keyAPISameClass":[
				{
					"trace":[
						"<android.graphics.YuvImage: boolean compressToJpeg(android.graphics.Rect,int,java.io.OutputStream)>"
					],
					"depth":1,
					"method":"<android.graphics.YuvImage: void <init>(byte[],int,int,int,int[])>",
					"source":"FIELD"
				}
			],
			"keyAPIDiffClass":[],
			"callerOfSingnlar2SourceVar":{
				"<android.graphics.YuvImage: boolean compressToJpeg(android.graphics.Rect,int,java.io.OutputStream)>":"1, 0"
			}
		},
		{
			"method":"<android.graphics.YuvImage: boolean compressToJpeg(android.graphics.Rect,int,java.io.OutputStream)>",
			"message":"\\Qstream cannot be null\\E",
			"relatedVarType":"Parameter",
			"relatedCondType":"Basic",
			"modifier":"public",
			"type":"java.lang.IllegalArgumentException",
			"osVersionRelated":false,
			"resourceRelated":false,
			"assessRelated":false,
			"hardwareRelated":false,
			"manifestRelated":false,
			"conditions":"r5 != null, i2 <= 100, i2 < 0",
			"paramValues":"@parameter2: java.io.OutputStream, @parameter1: int",
			"relatedValues":"@parameter2: java.io.OutputStream, @parameter1: int; ; ",
			"keyAPISameClassNum":0,
			"keyAPIDiffClassNum":0,
			"keyAPISameClass":[
				{
					"trace":[
						"<android.graphics.YuvImage: boolean compressToJpeg(android.graphics.Rect,int,java.io.OutputStream)>"
					],
					"depth":0,
					"method":"<android.graphics.YuvImage: boolean compressToJpeg(android.graphics.Rect,int,java.io.OutputStream)>",
					"source":"CALLER"
				}
			],
			"keyAPIDiffClass":[],
			"callerOfSingnlar2SourceVar":{
				"<android.graphics.YuvImage: boolean compressToJpeg(android.graphics.Rect,int,java.io.OutputStream)>":"2, 1"
			}
		}
	]
}