{
	"exceptions":[
		{
			"method":"<android.filterfw.core.Frame: void assertFrameMutable()>",
			"message":"\\QAttempting to modify read-only frame!\\E",
			"relatedVarType":"Unknown",
			"relatedCondType":"Basic",
			"modifier":"protected",
			"type":"java.lang.RuntimeException",
			"osVersionRelated":false,
			"resourceRelated":false,
			"assessRelated":false,
			"hardwareRelated":false,
			"manifestRelated":false,
			"conditions":"$z0 == 0",
			"keyAPISameClassNum":0,
			"keyAPIDiffClassNum":0,
			"keyAPISameClass":[],
			"keyAPIDiffClass":[],
			"callerOfSingnlar2SourceVar":{}
		},
		{
			"method":"<android.filterfw.core.Frame: void setGenericObjectValue(java.lang.Object)>",
			"message":"\\QCannot set object value of unsupported type: \\E[\\s\\S]*",
			"relatedVarType":"Empty",
			"relatedCondType":"Empty",
			"modifier":"protected",
			"type":"java.lang.RuntimeException",
			"osVersionRelated":false,
			"resourceRelated":false,
			"assessRelated":false,
			"hardwareRelated":false,
			"manifestRelated":false,
			"keyAPISameClassNum":0,
			"keyAPIDiffClassNum":0,
			"keyAPISameClass":[],
			"keyAPIDiffClass":[],
			"callerOfSingnlar2SourceVar":{}
		},
		{
			"method":"<android.filterfw.core.Frame: android.graphics.Bitmap convertBitmapToRGBA(android.graphics.Bitmap)>",
			"message":"\\QError converting bitmap to RGBA!\\E",
			"relatedVarType":"ParaAndField",
			"relatedCondType":"Basic",
			"modifier":"protected",
			"type":"java.lang.RuntimeException",
			"osVersionRelated":false,
			"resourceRelated":false,
			"assessRelated":false,
			"hardwareRelated":false,
			"manifestRelated":false,
			"conditions":"r4 != null, $r1 != $r2",
			"paramValues":"@parameter0: android.graphics.Bitmap",
			"fieldValues":"<android.graphics.Bitmap$Config: android.graphics.Bitmap$Config ARGB_8888>",
			"relatedValues":"@parameter0: android.graphics.Bitmap; <android.graphics.Bitmap$Config: android.graphics.Bitmap$Config ARGB_8888>; ",
			"keyAPISameClassNum":0,
			"keyAPIDiffClassNum":3,
			"keyAPISameClass":[],
			"keyAPIDiffClass":[
				{
					"trace":[
						"<android.filterfw.core.NativeFrame: void setBitmap(android.graphics.Bitmap)>",
						"<android.filterfw.core.Frame: android.graphics.Bitmap convertBitmapToRGBA(android.graphics.Bitmap)>",
						"key field: <android.graphics.Bitmap$Config: android.graphics.Bitmap$Config ARGB_8888>",
						"<android.filterfw.core.Frame: android.graphics.Bitmap convertBitmapToRGBA(android.graphics.Bitmap)>"
					],
					"depth":2,
					"method":"<android.filterfw.core.NativeFrame: void setBitmap(android.graphics.Bitmap)>",
					"source":"FIELDCALLER"
				},
				{
					"trace":[
						"<android.filterfw.core.Frame: void setBitmap(android.graphics.Bitmap)>",
						"<android.filterfw.core.Frame: android.graphics.Bitmap convertBitmapToRGBA(android.graphics.Bitmap)>",
						"key field: <android.graphics.Bitmap$Config: android.graphics.Bitmap$Config ARGB_8888>",
						"<android.filterfw.core.Frame: android.graphics.Bitmap convertBitmapToRGBA(android.graphics.Bitmap)>"
					],
					"depth":2,
					"method":"<android.filterfw.core.Frame: void setBitmap(android.graphics.Bitmap)>",
					"source":"FIELDCALLER"
				},
				{
					"trace":[
						"<android.filterfw.core.GLFrame: void setBitmap(android.graphics.Bitmap)>",
						"<android.filterfw.core.Frame: android.graphics.Bitmap convertBitmapToRGBA(android.graphics.Bitmap)>",
						"key field: <android.graphics.Bitmap$Config: android.graphics.Bitmap$Config ARGB_8888>",
						"<android.filterfw.core.Frame: android.graphics.Bitmap convertBitmapToRGBA(android.graphics.Bitmap)>"
					],
					"depth":2,
					"method":"<android.filterfw.core.GLFrame: void setBitmap(android.graphics.Bitmap)>",
					"source":"FIELDCALLER"
				}
			],
			"callerOfSingnlar2SourceVar":{
				"<android.filterfw.core.GLFrame: void setBitmap(android.graphics.Bitmap)>":"0",
				"<android.filterfw.core.NativeFrame: void setBitmap(android.graphics.Bitmap)>":"0",
				"<android.filterfw.core.Frame: android.graphics.Bitmap convertBitmapToRGBA(android.graphics.Bitmap)>":"0"
			}
		},
		{
			"method":"<android.filterfw.core.Frame: android.graphics.Bitmap convertBitmapToRGBA(android.graphics.Bitmap)>",
			"message":"\\QUnsupported row byte count in bitmap!\\E",
			"relatedVarType":"ParaAndField",
			"relatedCondType":"Basic",
			"modifier":"protected",
			"type":"java.lang.RuntimeException",
			"osVersionRelated":false,
			"resourceRelated":false,
			"assessRelated":false,
			"hardwareRelated":false,
			"manifestRelated":false,
			"conditions":"$i0 == $i2, r4 != null, $r1 != $r2",
			"paramValues":"@parameter0: android.graphics.Bitmap",
			"fieldValues":"<android.graphics.Bitmap$Config: android.graphics.Bitmap$Config ARGB_8888>",
			"relatedValues":"@parameter0: android.graphics.Bitmap; <android.graphics.Bitmap$Config: android.graphics.Bitmap$Config ARGB_8888>; ",
			"keyAPISameClassNum":0,
			"keyAPIDiffClassNum":3,
			"keyAPISameClass":[],
			"keyAPIDiffClass":[
				{
					"trace":[
						"<android.filterfw.core.NativeFrame: void setBitmap(android.graphics.Bitmap)>",
						"<android.filterfw.core.Frame: android.graphics.Bitmap convertBitmapToRGBA(android.graphics.Bitmap)>",
						"key field: <android.graphics.Bitmap$Config: android.graphics.Bitmap$Config ARGB_8888>",
						"<android.filterfw.core.Frame: android.graphics.Bitmap convertBitmapToRGBA(android.graphics.Bitmap)>"
					],
					"depth":2,
					"method":"<android.filterfw.core.NativeFrame: void setBitmap(android.graphics.Bitmap)>",
					"source":"FIELDCALLER"
				},
				{
					"trace":[
						"<android.filterfw.core.Frame: void setBitmap(android.graphics.Bitmap)>",
						"<android.filterfw.core.Frame: android.graphics.Bitmap convertBitmapToRGBA(android.graphics.Bitmap)>",
						"key field: <android.graphics.Bitmap$Config: android.graphics.Bitmap$Config ARGB_8888>",
						"<android.filterfw.core.Frame: android.graphics.Bitmap convertBitmapToRGBA(android.graphics.Bitmap)>"
					],
					"depth":2,
					"method":"<android.filterfw.core.Frame: void setBitmap(android.graphics.Bitmap)>",
					"source":"FIELDCALLER"
				},
				{
					"trace":[
						"<android.filterfw.core.GLFrame: void setBitmap(android.graphics.Bitmap)>",
						"<android.filterfw.core.Frame: android.graphics.Bitmap convertBitmapToRGBA(android.graphics.Bitmap)>",
						"key field: <android.graphics.Bitmap$Config: android.graphics.Bitmap$Config ARGB_8888>",
						"<android.filterfw.core.Frame: android.graphics.Bitmap convertBitmapToRGBA(android.graphics.Bitmap)>"
					],
					"depth":2,
					"method":"<android.filterfw.core.GLFrame: void setBitmap(android.graphics.Bitmap)>",
					"source":"FIELDCALLER"
				}
			],
			"callerOfSingnlar2SourceVar":{
				"<android.filterfw.core.GLFrame: void setBitmap(android.graphics.Bitmap)>":"0",
				"<android.filterfw.core.NativeFrame: void setBitmap(android.graphics.Bitmap)>":"0",
				"<android.filterfw.core.Frame: android.graphics.Bitmap convertBitmapToRGBA(android.graphics.Bitmap)>":"0"
			}
		}
	]
}