{
	"exceptions":[
		{
			"method":"<android.app.LoadedApk$ReceiverDispatcher$Args: void run()>",
			"message":"\\QError receiving broadcast \\E[\\s\\S]*\\Q in \\E[\\s\\S]*",
			"relatedVarType":"Field",
			"relatedCondType":"Basic",
			"modifier":"public",
			"type":"java.lang.RuntimeException",
			"osVersionRelated":false,
			"resourceRelated":false,
			"assessRelated":false,
			"hardwareRelated":false,
			"manifestRelated":false,
			"conditions":"$r31 == null, $z3 == 0, $z2 == 0",
			"fieldValues":"<android.app.LoadedApk$ReceiverDispatcher$Args: android.app.LoadedApk$ReceiverDispatcher this$0>",
			"caughtValues":"@caughtexception",
			"relatedValues":"; <android.app.LoadedApk$ReceiverDispatcher$Args: android.app.LoadedApk$ReceiverDispatcher this$0>; @caughtexception",
			"keyAPISameClassNum":2,
			"keyAPIDiffClassNum":104,
			"keyAPISameClass":[
				{
					"trace":[
						"<android.app.LoadedApk$ReceiverDispatcher$Args: void run()>"
					],
					"depth":1,
					"method":"<android.app.LoadedApk$ReceiverDispatcher$Args: void <init>(android.app.LoadedApk$ReceiverDispatcher,android.content.Intent,int,java.lang.String,android.os.Bundle,boolean,boolean,int)>",
					"source":"FIELD"
				},
				{
					"trace":[
						"<android.app.LoadedApk$ReceiverDispatcher$Args: void run()>"
					],
					"depth":1,
					"method":"<android.app.LoadedApk$ReceiverDispatcher$Args: void run()>",
					"source":"FIELD"
				}
			],
			"keyAPIDiffClass":[
				{
					"trace":[
						"<android.app.LoadedApk$ReceiverDispatcher: void performReceive(android.content.Intent,int,java.lang.String,android.os.Bundle,boolean,boolean,int)>",
						"<android.app.LoadedApk$ReceiverDispatcher$Args: void <init>(android.app.LoadedApk$ReceiverDispatcher,android.content.Intent,int,java.lang.String,android.os.Bundle,boolean,boolean,int)>",
						"key field: <android.app.LoadedApk$ReceiverDispatcher$Args: android.app.LoadedApk$ReceiverDispatcher this$0>",
						"<android.app.LoadedApk$ReceiverDispatcher$Args: void run()>"
					],
					"depth":2,
					"method":"<android.app.LoadedApk$ReceiverDispatcher: void performReceive(android.content.Intent,int,java.lang.String,android.os.Bundle,boolean,boolean,int)>",
					"source":"FIELDCALLER"
				},
				{
					"trace":[
						"<android.app.ListActivity: void onContentChanged()>",
						"<android.app.LoadedApk$ReceiverDispatcher$Args: void run()>",
						"key field: <android.app.LoadedApk$ReceiverDispatcher$Args: android.app.LoadedApk$ReceiverDispatcher this$0>",
						"<android.app.LoadedApk$ReceiverDispatcher$Args: void run()>"
					],
					"depth":2,
					"method":"<android.app.ListActivity: void onContentChanged()>",
					"source":"FIELDCALLER"
				},
				{
					"trace":[
						"<android.app.LoadedApk$ReceiverDispatcher$InnerReceiver: void performReceive(android.content.Intent,int,java.lang.String,android.os.Bundle,boolean,boolean,int)>",
						"<android.app.LoadedApk$ReceiverDispatcher: void performReceive(android.content.Intent,int,java.lang.String,android.os.Bundle,boolean,boolean,int)>",
						"<android.app.LoadedApk$ReceiverDispatcher$Args: void <init>(android.app.LoadedApk$ReceiverDispatcher,android.content.Intent,int,java.lang.String,android.os.Bundle,boolean,boolean,int)>",
						"key field: <android.app.LoadedApk$ReceiverDispatcher$Args: android.app.LoadedApk$ReceiverDispatcher this$0>",
						"<android.app.LoadedApk$ReceiverDispatcher$Args: void run()>"
					],
					"depth":3,
					"method":"<android.app.LoadedApk$ReceiverDispatcher$InnerReceiver: void performReceive(android.content.Intent,int,java.lang.String,android.os.Bundle,boolean,boolean,int)>",
					"source":"FIELDCALLER"
				},
				{
					"trace":[
						"<android.preference.PreferenceActivity: void onContentChanged()>",
						"<android.app.ListActivity: void onContentChanged()>",
						"<android.app.LoadedApk$ReceiverDispatcher$Args: void run()>",
						"key field: <android.app.LoadedApk$ReceiverDispatcher$Args: android.app.LoadedApk$ReceiverDispatcher this$0>",
						"<android.app.LoadedApk$ReceiverDispatcher$Args: void run()>"
					],
					"depth":3,
					"method":"<android.preference.PreferenceActivity: void onContentChanged()>",
					"source":"FIELDCALLER"
				},
				{
					"trace":[
						"<android.app.ListFragment: void onViewCreated(android.view.View,android.os.Bundle)>",
						"<android.app.ListFragment: void ensureList()>",
						"<android.app.LoadedApk$ReceiverDispatcher$Args: void run()>",
						"key field: <android.app.LoadedApk$ReceiverDispatcher$Args: android.app.LoadedApk$ReceiverDispatcher this$0>",
						"<android.app.LoadedApk$ReceiverDispatcher$Args: void run()>"
					],
					"depth":3,
					"method":"<android.app.ListFragment: void onViewCreated(android.view.View,android.os.Bundle)>",
					"source":"FIELDCALLER"
				},
				{
					"trace":[
						"<android.app.ListFragment: void setEmptyText(java.lang.CharSequence)>",
						"<android.app.ListFragment: void ensureList()>",
						"<android.app.LoadedApk$ReceiverDispatcher$Args: void run()>",
						"key field: <android.app.LoadedApk$ReceiverDispatcher$Args: android.app.LoadedApk$ReceiverDispatcher this$0>",
						"<android.app.LoadedApk$ReceiverDispatcher$Args: void run()>"
					],
					"depth":3,
					"method":"<android.app.ListFragment: void setEmptyText(java.lang.CharSequence)>",
					"source":"FIELDCALLER"
				},
				{
					"trace":[
						"<android.app.ListFragment: long getSelectedItemId()>",
						"<android.app.ListFragment: void ensureList()>",
						"<android.app.LoadedApk$ReceiverDispatcher$Args: void run()>",
						"key field: <android.app.LoadedApk$ReceiverDispatcher$Args: android.app.LoadedApk$ReceiverDispatcher this$0>",
						"<android.app.LoadedApk$ReceiverDispatcher$Args: void run()>"
					],
					"depth":3,
					"method":"<android.app.ListFragment: long getSelectedItemId()>",
					"source":"FIELDCALLER"
				},
				{
					"trace":[
						"<android.app.ListFragment: int getSelectedItemPosition()>",
						"<android.app.ListFragment: void ensureList()>",
						"<android.app.LoadedApk$ReceiverDispatcher$Args: void run()>",
						"key field: <android.app.LoadedApk$ReceiverDispatcher$Args: android.app.LoadedApk$ReceiverDispatcher this$0>",
						"<android.app.LoadedApk$ReceiverDispatcher$Args: void run()>"
					],
					"depth":3,
					"method":"<android.app.ListFragment: int getSelectedItemPosition()>",
					"source":"FIELDCALLER"
				},
				{
					"trace":[
						"<android.app.ListFragment: void setSelection(int)>",
						"<android.app.ListFragment: void ensureList()>",
						"<android.app.LoadedApk$ReceiverDispatcher$Args: void run()>",
						"key field: <android.app.LoadedApk$ReceiverDispatcher$Args: android.app.LoadedApk$ReceiverDispatcher this$0>",
						"<android.app.LoadedApk$ReceiverDispatcher$Args: void run()>"
					],
					"depth":3,
					"method":"<android.app.ListFragment: void setSelection(int)>",
					"source":"FIELDCALLER"
				},
				{
					"trace":[
						"<android.app.ListFragment: android.widget.ListView getListView()>",
						"<android.app.ListFragment: void ensureList()>",
						"<android.app.LoadedApk$ReceiverDispatcher$Args: void run()>",
						"key field: <android.app.LoadedApk$ReceiverDispatcher$Args: android.app.LoadedApk$ReceiverDispatcher this$0>",
						"<android.app.LoadedApk$ReceiverDispatcher$Args: void run()>"
					],
					"depth":3,
					"method":"<android.app.ListFragment: android.widget.ListView getListView()>",
					"source":"FIELDCALLER"
				},
				{
					"trace":[
						"<android.app.ActivityThread$ApplicationThread: void scheduleRegisteredReceiver(android.content.IIntentReceiver,android.content.Intent,int,java.lang.String,android.os.Bundle,boolean,boolean,int,int)>",
						"<android.app.LoadedApk$ReceiverDispatcher$InnerReceiver: void performReceive(android.content.Intent,int,java.lang.String,android.os.Bundle,boolean,boolean,int)>",
						"<android.app.LoadedApk$ReceiverDispatcher: void performReceive(android.content.Intent,int,java.lang.String,android.os.Bundle,boolean,boolean,int)>",
						"<android.app.LoadedApk$ReceiverDispatcher$Args: void <init>(android.app.LoadedApk$ReceiverDispatcher,android.content.Intent,int,java.lang.String,android.os.Bundle,boolean,boolean,int)>",
						"key field: <android.app.LoadedApk$ReceiverDispatcher$Args: android.app.LoadedApk$ReceiverDispatcher this$0>",
						"<android.app.LoadedApk$ReceiverDispatcher$Args: void run()>"
					],
					"depth":4,
					"method":"<android.app.ActivityThread$ApplicationThread: void scheduleRegisteredReceiver(android.content.IIntentReceiver,android.content.Intent,int,java.lang.String,android.os.Bundle,boolean,boolean,int,int)>",
					"source":"FIELDCALLER"
				},
				{
					"trace":[
						"<android.view.WindowCallbackWrapper: void onContentChanged()>",
						"<android.preference.PreferenceActivity: void onContentChanged()>",
						"<android.app.ListActivity: void onContentChanged()>",
						"<android.app.LoadedApk$ReceiverDispatcher$Args: void run()>",
						"key field: <android.app.LoadedApk$ReceiverDispatcher$Args: android.app.LoadedApk$ReceiverDispatcher this$0>",
						"<android.app.LoadedApk$ReceiverDispatcher$Args: void run()>"
					],
					"depth":4,
					"method":"<android.view.WindowCallbackWrapper: void onContentChanged()>",
					"source":"FIELDCALLER"
				},
				{
					"trace":[
						"<android.view.Window$Callback: void onContentChanged()>",
						"<android.preference.PreferenceActivity: void onContentChanged()>",
						"<android.app.ListActivity: void onContentChanged()>",
						"<android.app.LoadedApk$ReceiverDispatcher$Args: void run()>",
						"key field: <android.app.LoadedApk$ReceiverDispatcher$Args: android.app.LoadedApk$ReceiverDispatcher this$0>",
						"<android.app.LoadedApk$ReceiverDispatcher$Args: void run()>"
					],
					"depth":4,
					"method":"<android.view.Window$Callback: void onContentChanged()>",
					"source":"FIELDCALLER"
				},
				{
					"trace":[
						"<android.app.ListFragment: void setListShownNoAnimation(boolean)>",
						"<android.app.ListFragment: void setListShown(boolean,boolean)>",
						"<android.app.ListFragment: void ensureList()>",
						"<android.app.LoadedApk$ReceiverDispatcher$Args: void run()>",
						"key field: <android.app.LoadedApk$ReceiverDispatcher$Args: android.app.LoadedApk$ReceiverDispatcher this$0>",
						"<android.app.LoadedApk$ReceiverDispatcher$Args: void run()>"
					],
					"depth":4,
					"method":"<android.app.ListFragment: void setListShownNoAnimation(boolean)>",
					"source":"FIELDCALLER"
				},
				{
					"trace":[
						"<android.app.ListFragment: void setListShown(boolean)>",
						"<android.app.ListFragment: void setListShown(boolean,boolean)>",
						"<android.app.ListFragment: void ensureList()>",
						"<android.app.LoadedApk$ReceiverDispatcher$Args: void run()>",
						"key field: <android.app.LoadedApk$ReceiverDispatcher$Args: android.app.LoadedApk$ReceiverDispatcher this$0>",
						"<android.app.LoadedApk$ReceiverDispatcher$Args: void run()>"
					],
					"depth":4,
					"method":"<android.app.ListFragment: void setListShown(boolean)>",
					"source":"FIELDCALLER"
				},
				{
					"trace":[
						"<android.app.ListFragment: void setListAdapter(android.widget.ListAdapter)>",
						"<android.app.ListFragment: void setListShown(boolean,boolean)>",
						"<android.app.ListFragment: void ensureList()>",
						"<android.app.LoadedApk$ReceiverDispatcher$Args: void run()>",
						"key field: <android.app.LoadedApk$ReceiverDispatcher$Args: android.app.LoadedApk$ReceiverDispatcher this$0>",
						"<android.app.LoadedApk$ReceiverDispatcher$Args: void run()>"
					],
					"depth":4,
					"method":"<android.app.ListFragment: void setListAdapter(android.widget.ListAdapter)>",
					"source":"FIELDCALLER"
				},
				{
					"trace":[
						"<android.app.ApplicationThreadNative: boolean onTransact(int,android.os.Parcel,android.os.Parcel,int)>",
						"<android.app.ActivityThread$ApplicationThread: void scheduleRegisteredReceiver(android.content.IIntentReceiver,android.content.Intent,int,java.lang.String,android.os.Bundle,boolean,boolean,int,int)>",
						"<android.app.LoadedApk$ReceiverDispatcher$InnerReceiver: void performReceive(android.content.Intent,int,java.lang.String,android.os.Bundle,boolean,boolean,int)>",
						"<android.app.LoadedApk$ReceiverDispatcher: void performReceive(android.content.Intent,int,java.lang.String,android.os.Bundle,boolean,boolean,int)>",
						"<android.app.LoadedApk$ReceiverDispatcher$Args: void <init>(android.app.LoadedApk$ReceiverDispatcher,android.content.Intent,int,java.lang.String,android.os.Bundle,boolean,boolean,int)>",
						"key field: <android.app.LoadedApk$ReceiverDispatcher$Args: android.app.LoadedApk$ReceiverDispatcher this$0>",
						"<android.app.LoadedApk$ReceiverDispatcher$Args: void run()>"
					],
					"depth":5,
					"method":"<android.app.ApplicationThreadNative: boolean onTransact(int,android.os.Parcel,android.os.Parcel,int)>",
					"source":"FIELDCALLER"
				},
				{
					"trace":[
						"<android.app.FragmentManagerImpl: void removeFragment(android.app.Fragment,int,int)>",
						"<android.app.FragmentManagerImpl: void moveToState(android.app.Fragment,int,int,int,boolean)>",
						"<android.app.ListFragment: void onViewCreated(android.view.View,android.os.Bundle)>",
						"<android.app.ListFragment: void ensureList()>",
						"<android.app.LoadedApk$ReceiverDispatcher$Args: void run()>",
						"key field: <android.app.LoadedApk$ReceiverDispatcher$Args: android.app.LoadedApk$ReceiverDispatcher this$0>",
						"<android.app.LoadedApk$ReceiverDispatcher$Args: void run()>"
					],
					"depth":5,
					"method":"<android.app.FragmentManagerImpl: void removeFragment(android.app.Fragment,int,int)>",
					"source":"FIELDCALLER"
				},
				{
					"trace":[
						"<android.app.FragmentManagerImpl: android.view.View onCreateView(android.view.View,java.lang.String,android.content.Context,android.util.AttributeSet)>",
						"<android.app.FragmentManagerImpl: void moveToState(android.app.Fragment,int,int,int,boolean)>",
						"<android.app.ListFragment: void onViewCreated(android.view.View,android.os.Bundle)>",
						"<android.app.ListFragment: void ensureList()>",
						"<android.app.LoadedApk$ReceiverDispatcher$Args: void run()>",
						"key field: <android.app.LoadedApk$ReceiverDispatcher$Args: android.app.LoadedApk$ReceiverDispatcher this$0>",
						"<android.app.LoadedApk$ReceiverDispatcher$Args: void run()>"
					],
					"depth":5,
					"method":"<android.app.FragmentManagerImpl: android.view.View onCreateView(android.view.View,java.lang.String,android.content.Context,android.util.AttributeSet)>",
					"source":"FIELDCALLER"
				},
				{
					"trace":[
						"<android.view.LayoutInflater$Factory2: android.view.View onCreateView(android.view.View,java.lang.String,android.content.Context,android.util.AttributeSet)>",
						"<android.app.FragmentManagerImpl: void moveToState(android.app.Fragment,int,int,int,boolean)>",
						"<android.app.ListFragment: void onViewCreated(android.view.View,android.os.Bundle)>",
						"<android.app.ListFragment: void ensureList()>",
						"<android.app.LoadedApk$ReceiverDispatcher$Args: void run()>",
						"key field: <android.app.LoadedApk$ReceiverDispatcher$Args: android.app.LoadedApk$ReceiverDispatcher this$0>",
						"<android.app.LoadedApk$ReceiverDispatcher$Args: void run()>"
					],
					"depth":5,
					"method":"<android.view.LayoutInflater$Factory2: android.view.View onCreateView(android.view.View,java.lang.String,android.content.Context,android.util.AttributeSet)>",
					"source":"FIELDCALLER"
				},
				{
					"trace":[
						"<android.app.FragmentManagerImpl: void performPendingDeferredStart(android.app.Fragment)>",
						"<android.app.FragmentManagerImpl: void moveToState(android.app.Fragment,int,int,int,boolean)>",
						"<android.app.ListFragment: void onViewCreated(android.view.View,android.os.Bundle)>",
						"<android.app.ListFragment: void ensureList()>",
						"<android.app.LoadedApk$ReceiverDispatcher$Args: void run()>",
						"key field: <android.app.LoadedApk$ReceiverDispatcher$Args: android.app.LoadedApk$ReceiverDispatcher this$0>",
						"<android.app.LoadedApk$ReceiverDispatcher$Args: void run()>"
					],
					"depth":5,
					"method":"<android.app.FragmentManagerImpl: void performPendingDeferredStart(android.app.Fragment)>",
					"source":"FIELDCALLER"
				},
				{
					"trace":[
						"<android.app.FragmentManagerImpl$5: void onAnimationEnd(android.animation.Animator)>",
						"<android.app.FragmentManagerImpl: void moveToState(android.app.Fragment,int,int,int,boolean)>",
						"<android.app.ListFragment: void onViewCreated(android.view.View,android.os.Bundle)>",
						"<android.app.ListFragment: void ensureList()>",
						"<android.app.LoadedApk$ReceiverDispatcher$Args: void run()>",
						"key field: <android.app.LoadedApk$ReceiverDispatcher$Args: android.app.LoadedApk$ReceiverDispatcher this$0>",
						"<android.app.LoadedApk$ReceiverDispatcher$Args: void run()>"
					],
					"depth":5,
					"method":"<android.app.FragmentManagerImpl$5: void onAnimationEnd(android.animation.Animator)>",
					"source":"FIELDCALLER"
				},
				{
					"trace":[
						"<android.app.FragmentManagerImpl: void attachFragment(android.app.Fragment,int,int)>",
						"<android.app.FragmentManagerImpl: void moveToState(android.app.Fragment,int,int,int,boolean)>",
						"<android.app.ListFragment: void onViewCreated(android.view.View,android.os.Bundle)>",
						"<android.app.ListFragment: void ensureList()>",
						"<android.app.LoadedApk$ReceiverDispatcher$Args: void run()>",
						"key field: <android.app.LoadedApk$ReceiverDispatcher$Args: android.app.LoadedApk$ReceiverDispatcher this$0>",
						"<android.app.LoadedApk$ReceiverDispatcher$Args: void run()>"
					],
					"depth":5,
					"method":"<android.app.FragmentManagerImpl: void attachFragment(android.app.Fragment,int,int)>",
					"source":"FIELDCALLER"
				},
				{
					"trace":[
						"<android.app.FragmentManagerImpl: void detachFragment(android.app.Fragment,int,int)>",
						"<android.app.FragmentManagerImpl: void moveToState(android.app.Fragment,int,int,int,boolean)>",
						"<android.app.ListFragment: void onViewCreated(android.view.View,android.os.Bundle)>",
						"<android.app.ListFragment: void ensureList()>",
						"<android.app.LoadedApk$ReceiverDispatcher$Args: void run()>",
						"key field: <android.app.LoadedApk$ReceiverDispatcher$Args: android.app.LoadedApk$ReceiverDispatcher this$0>",
						"<android.app.LoadedApk$ReceiverDispatcher$Args: void run()>"
					],
					"depth":5,
					"method":"<android.app.FragmentManagerImpl: void detachFragment(android.app.Fragment,int,int)>",
					"source":"FIELDCALLER"
				},
				{
					"trace":[
						"<android.app.BackStackRecord: void run()>",
						"<android.app.FragmentManagerImpl: void removeFragment(android.app.Fragment,int,int)>",
						"<android.app.FragmentManagerImpl: void moveToState(android.app.Fragment,int,int,int,boolean)>",
						"<android.app.ListFragment: void onViewCreated(android.view.View,android.os.Bundle)>",
						"<android.app.ListFragment: void ensureList()>",
						"<android.app.LoadedApk$ReceiverDispatcher$Args: void run()>",
						"key field: <android.app.LoadedApk$ReceiverDispatcher$Args: android.app.LoadedApk$ReceiverDispatcher this$0>",
						"<android.app.LoadedApk$ReceiverDispatcher$Args: void run()>"
					],
					"depth":6,
					"method":"<android.app.BackStackRecord: void run()>",
					"source":"FIELDCALLER"
				},
				{
					"trace":[
						"<java.lang.Runnable: void run()>",
						"<android.app.FragmentManagerImpl: void removeFragment(android.app.Fragment,int,int)>",
						"<android.app.FragmentManagerImpl: void moveToState(android.app.Fragment,int,int,int,boolean)>",
						"<android.app.ListFragment: void onViewCreated(android.view.View,android.os.Bundle)>",
						"<android.app.ListFragment: void ensureList()>",
						"<android.app.LoadedApk$ReceiverDispatcher$Args: void run()>",
						"key field: <android.app.LoadedApk$ReceiverDispatcher$Args: android.app.LoadedApk$ReceiverDispatcher this$0>",
						"<android.app.LoadedApk$ReceiverDispatcher$Args: void run()>"
					],
					"depth":6,
					"method":"<java.lang.Runnable: void run()>",
					"source":"FIELDCALLER"
				},
				{
					"trace":[
						"<android.app.BackStackRecord: android.app.BackStackRecord$TransitionState popFromBackStack(boolean,android.app.BackStackRecord$TransitionState,android.util.SparseArray,android.util.SparseArray)>",
						"<android.app.FragmentManagerImpl: void removeFragment(android.app.Fragment,int,int)>",
						"<android.app.FragmentManagerImpl: void moveToState(android.app.Fragment,int,int,int,boolean)>",
						"<android.app.ListFragment: void onViewCreated(android.view.View,android.os.Bundle)>",
						"<android.app.ListFragment: void ensureList()>",
						"<android.app.LoadedApk$ReceiverDispatcher$Args: void run()>",
						"key field: <android.app.LoadedApk$ReceiverDispatcher$Args: android.app.LoadedApk$ReceiverDispatcher this$0>",
						"<android.app.LoadedApk$ReceiverDispatcher$Args: void run()>"
					],
					"depth":6,
					"method":"<android.app.BackStackRecord: android.app.BackStackRecord$TransitionState popFromBackStack(boolean,android.app.BackStackRecord$TransitionState,android.util.SparseArray,android.util.SparseArray)>",
					"source":"FIELDCALLER"
				},
				{
					"trace":[
						"<android.app.FragmentController: android.view.View onCreateView(android.view.View,java.lang.String,android.content.Context,android.util.AttributeSet)>",
						"<android.app.FragmentManagerImpl: android.view.View onCreateView(android.view.View,java.lang.String,android.content.Context,android.util.AttributeSet)>",
						"<android.app.FragmentManagerImpl: void moveToState(android.app.Fragment,int,int,int,boolean)>",
						"<android.app.ListFragment: void onViewCreated(android.view.View,android.os.Bundle)>",
						"<android.app.ListFragment: void ensureList()>",
						"<android.app.LoadedApk$ReceiverDispatcher$Args: void run()>",
						"key field: <android.app.LoadedApk$ReceiverDispatcher$Args: android.app.LoadedApk$ReceiverDispatcher this$0>",
						"<android.app.LoadedApk$ReceiverDispatcher$Args: void run()>"
					],
					"depth":6,
					"method":"<android.app.FragmentController: android.view.View onCreateView(android.view.View,java.lang.String,android.content.Context,android.util.AttributeSet)>",
					"source":"FIELDCALLER"
				},
				{
					"trace":[
						"<android.app.Fragment: void setUserVisibleHint(boolean)>",
						"<android.app.FragmentManagerImpl: void performPendingDeferredStart(android.app.Fragment)>",
						"<android.app.FragmentManagerImpl: void moveToState(android.app.Fragment,int,int,int,boolean)>",
						"<android.app.ListFragment: void onViewCreated(android.view.View,android.os.Bundle)>",
						"<android.app.ListFragment: void ensureList()>",
						"<android.app.LoadedApk$ReceiverDispatcher$Args: void run()>",
						"key field: <android.app.LoadedApk$ReceiverDispatcher$Args: android.app.LoadedApk$ReceiverDispatcher this$0>",
						"<android.app.LoadedApk$ReceiverDispatcher$Args: void run()>"
					],
					"depth":6,
					"method":"<android.app.Fragment: void setUserVisibleHint(boolean)>",
					"source":"FIELDCALLER"
				},
				{
					"trace":[
						"<android.animation.AnimatorSet$AnimatorSetListener: void onAnimationEnd(android.animation.Animator)>",
						"<android.app.FragmentManagerImpl$5: void onAnimationEnd(android.animation.Animator)>",
						"<android.app.FragmentManagerImpl: void moveToState(android.app.Fragment,int,int,int,boolean)>",
						"<android.app.ListFragment: void onViewCreated(android.view.View,android.os.Bundle)>",
						"<android.app.ListFragment: void ensureList()>",
						"<android.app.LoadedApk$ReceiverDispatcher$Args: void run()>",
						"key field: <android.app.LoadedApk$ReceiverDispatcher$Args: android.app.LoadedApk$ReceiverDispatcher this$0>",
						"<android.app.LoadedApk$ReceiverDispatcher$Args: void run()>"
					],
					"depth":6,
					"method":"<android.animation.AnimatorSet$AnimatorSetListener: void onAnimationEnd(android.animation.Animator)>",
					"source":"FIELDCALLER"
				},
				{
					"trace":[
						"<android.animation.Animator$AnimatorListener: void onAnimationEnd(android.animation.Animator)>",
						"<android.app.FragmentManagerImpl$5: void onAnimationEnd(android.animation.Animator)>",
						"<android.app.FragmentManagerImpl: void moveToState(android.app.Fragment,int,int,int,boolean)>",
						"<android.app.ListFragment: void onViewCreated(android.view.View,android.os.Bundle)>",
						"<android.app.ListFragment: void ensureList()>",
						"<android.app.LoadedApk$ReceiverDispatcher$Args: void run()>",
						"key field: <android.app.LoadedApk$ReceiverDispatcher$Args: android.app.LoadedApk$ReceiverDispatcher this$0>",
						"<android.app.LoadedApk$ReceiverDispatcher$Args: void run()>"
					],
					"depth":6,
					"method":"<android.animation.Animator$AnimatorListener: void onAnimationEnd(android.animation.Animator)>",
					"source":"FIELDCALLER"
				},
				{
					"trace":[
						"<android.app.FragmentManagerImpl: void addFragment(android.app.Fragment,boolean)>",
						"<android.app.FragmentManagerImpl: void moveToState(android.app.Fragment)>",
						"<android.app.FragmentManagerImpl: void moveToState(android.app.Fragment,int,int,int,boolean)>",
						"<android.app.ListFragment: void onViewCreated(android.view.View,android.os.Bundle)>",
						"<android.app.ListFragment: void ensureList()>",
						"<android.app.LoadedApk$ReceiverDispatcher$Args: void run()>",
						"key field: <android.app.LoadedApk$ReceiverDispatcher$Args: android.app.LoadedApk$ReceiverDispatcher this$0>",
						"<android.app.LoadedApk$ReceiverDispatcher$Args: void run()>"
					],
					"depth":6,
					"method":"<android.app.FragmentManagerImpl: void addFragment(android.app.Fragment,boolean)>",
					"source":"FIELDCALLER"
				},
				{
					"trace":[
						"<android.app.FragmentManagerImpl: void enqueueAction(java.lang.Runnable,boolean)>",
						"<android.app.BackStackRecord: void run()>",
						"<android.app.FragmentManagerImpl: void removeFragment(android.app.Fragment,int,int)>",
						"<android.app.FragmentManagerImpl: void moveToState(android.app.Fragment,int,int,int,boolean)>",
						"<android.app.ListFragment: void onViewCreated(android.view.View,android.os.Bundle)>",
						"<android.app.ListFragment: void ensureList()>",
						"<android.app.LoadedApk$ReceiverDispatcher$Args: void run()>",
						"key field: <android.app.LoadedApk$ReceiverDispatcher$Args: android.app.LoadedApk$ReceiverDispatcher this$0>",
						"<android.app.LoadedApk$ReceiverDispatcher$Args: void run()>"
					],
					"depth":7,
					"method":"<android.app.FragmentManagerImpl: void enqueueAction(java.lang.Runnable,boolean)>",
					"source":"FIELDCALLER"
				},
				{
					"trace":[
						"<android.view.Choreographer$CallbackRecord: void run(long)>",
						"<android.app.BackStackRecord: void run()>",
						"<android.app.FragmentManagerImpl: void removeFragment(android.app.Fragment,int,int)>",
						"<android.app.FragmentManagerImpl: void moveToState(android.app.Fragment,int,int,int,boolean)>",
						"<android.app.ListFragment: void onViewCreated(android.view.View,android.os.Bundle)>",
						"<android.app.ListFragment: void ensureList()>",
						"<android.app.LoadedApk$ReceiverDispatcher$Args: void run()>",
						"key field: <android.app.LoadedApk$ReceiverDispatcher$Args: android.app.LoadedApk$ReceiverDispatcher this$0>",
						"<android.app.LoadedApk$ReceiverDispatcher$Args: void run()>"
					],
					"depth":7,
					"method":"<android.view.Choreographer$CallbackRecord: void run(long)>",
					"source":"FIELDCALLER"
				},
				{
					"trace":[
						"<android.app.Dialog: void dismiss()>",
						"<android.app.BackStackRecord: void run()>",
						"<android.app.FragmentManagerImpl: void removeFragment(android.app.Fragment,int,int)>",
						"<android.app.FragmentManagerImpl: void moveToState(android.app.Fragment,int,int,int,boolean)>",
						"<android.app.ListFragment: void onViewCreated(android.view.View,android.os.Bundle)>",
						"<android.app.ListFragment: void ensureList()>",
						"<android.app.LoadedApk$ReceiverDispatcher$Args: void run()>",
						"key field: <android.app.LoadedApk$ReceiverDispatcher$Args: android.app.LoadedApk$ReceiverDispatcher this$0>",
						"<android.app.LoadedApk$ReceiverDispatcher$Args: void run()>"
					],
					"depth":7,
					"method":"<android.app.Dialog: void dismiss()>",
					"source":"FIELDCALLER"
				},
				{
					"trace":[
						"<android.content.DialogInterface: void dismiss()>",
						"<android.app.BackStackRecord: void run()>",
						"<android.app.FragmentManagerImpl: void removeFragment(android.app.Fragment,int,int)>",
						"<android.app.FragmentManagerImpl: void moveToState(android.app.Fragment,int,int,int,boolean)>",
						"<android.app.ListFragment: void onViewCreated(android.view.View,android.os.Bundle)>",
						"<android.app.ListFragment: void ensureList()>",
						"<android.app.LoadedApk$ReceiverDispatcher$Args: void run()>",
						"key field: <android.app.LoadedApk$ReceiverDispatcher$Args: android.app.LoadedApk$ReceiverDispatcher this$0>",
						"<android.app.LoadedApk$ReceiverDispatcher$Args: void run()>"
					],
					"depth":7,
					"method":"<android.content.DialogInterface: void dismiss()>",
					"source":"FIELDCALLER"
				},
				{
					"trace":[
						"<android.app.Instrumentation$Idler: boolean queueIdle()>",
						"<android.app.BackStackRecord: void run()>",
						"<android.app.FragmentManagerImpl: void removeFragment(android.app.Fragment,int,int)>",
						"<android.app.FragmentManagerImpl: void moveToState(android.app.Fragment,int,int,int,boolean)>",
						"<android.app.ListFragment: void onViewCreated(android.view.View,android.os.Bundle)>",
						"<android.app.ListFragment: void ensureList()>",
						"<android.app.LoadedApk$ReceiverDispatcher$Args: void run()>",
						"key field: <android.app.LoadedApk$ReceiverDispatcher$Args: android.app.LoadedApk$ReceiverDispatcher this$0>",
						"<android.app.LoadedApk$ReceiverDispatcher$Args: void run()>"
					],
					"depth":7,
					"method":"<android.app.Instrumentation$Idler: boolean queueIdle()>",
					"source":"FIELDCALLER"
				},
				{
					"trace":[
						"<android.os.MessageQueue$IdleHandler: boolean queueIdle()>",
						"<android.app.BackStackRecord: void run()>",
						"<android.app.FragmentManagerImpl: void removeFragment(android.app.Fragment,int,int)>",
						"<android.app.FragmentManagerImpl: void moveToState(android.app.Fragment,int,int,int,boolean)>",
						"<android.app.ListFragment: void onViewCreated(android.view.View,android.os.Bundle)>",
						"<android.app.ListFragment: void ensureList()>",
						"<android.app.LoadedApk$ReceiverDispatcher$Args: void run()>",
						"key field: <android.app.LoadedApk$ReceiverDispatcher$Args: android.app.LoadedApk$ReceiverDispatcher this$0>",
						"<android.app.LoadedApk$ReceiverDispatcher$Args: void run()>"
					],
					"depth":7,
					"method":"<android.os.MessageQueue$IdleHandler: boolean queueIdle()>",
					"source":"FIELDCALLER"
				},
				{
					"trace":[
						"<android.app.Activity: void runOnUiThread(java.lang.Runnable)>",
						"<android.app.BackStackRecord: void run()>",
						"<android.app.FragmentManagerImpl: void removeFragment(android.app.Fragment,int,int)>",
						"<android.app.FragmentManagerImpl: void moveToState(android.app.Fragment,int,int,int,boolean)>",
						"<android.app.ListFragment: void onViewCreated(android.view.View,android.os.Bundle)>",
						"<android.app.ListFragment: void ensureList()>",
						"<android.app.LoadedApk$ReceiverDispatcher$Args: void run()>",
						"key field: <android.app.LoadedApk$ReceiverDispatcher$Args: android.app.LoadedApk$ReceiverDispatcher this$0>",
						"<android.app.LoadedApk$ReceiverDispatcher$Args: void run()>"
					],
					"depth":7,
					"method":"<android.app.Activity: void runOnUiThread(java.lang.Runnable)>",
					"source":"FIELDCALLER"
				},
				{
					"trace":[
						"<android.app.FragmentManagerImpl: boolean execPendingActions()>",
						"<android.app.BackStackRecord: void run()>",
						"<android.app.FragmentManagerImpl: void removeFragment(android.app.Fragment,int,int)>",
						"<android.app.FragmentManagerImpl: void moveToState(android.app.Fragment,int,int,int,boolean)>",
						"<android.app.ListFragment: void onViewCreated(android.view.View,android.os.Bundle)>",
						"<android.app.ListFragment: void ensureList()>",
						"<android.app.LoadedApk$ReceiverDispatcher$Args: void run()>",
						"key field: <android.app.LoadedApk$ReceiverDispatcher$Args: android.app.LoadedApk$ReceiverDispatcher this$0>",
						"<android.app.LoadedApk$ReceiverDispatcher$Args: void run()>"
					],
					"depth":7,
					"method":"<android.app.FragmentManagerImpl: boolean execPendingActions()>",
					"source":"FIELDCALLER"
				},
				{
					"trace":[
						"<android.app.QueuedWork: void waitToFinish()>",
						"<android.app.BackStackRecord: void run()>",
						"<android.app.FragmentManagerImpl: void removeFragment(android.app.Fragment,int,int)>",
						"<android.app.FragmentManagerImpl: void moveToState(android.app.Fragment,int,int,int,boolean)>",
						"<android.app.ListFragment: void onViewCreated(android.view.View,android.os.Bundle)>",
						"<android.app.ListFragment: void ensureList()>",
						"<android.app.LoadedApk$ReceiverDispatcher$Args: void run()>",
						"key field: <android.app.LoadedApk$ReceiverDispatcher$Args: android.app.LoadedApk$ReceiverDispatcher this$0>",
						"<android.app.LoadedApk$ReceiverDispatcher$Args: void run()>"
					],
					"depth":7,
					"method":"<android.app.QueuedWork: void waitToFinish()>",
					"source":"FIELDCALLER"
				},
				{
					"trace":[
						"<android.app.SharedPreferencesImpl$2: void run()>",
						"<android.app.BackStackRecord: void run()>",
						"<android.app.FragmentManagerImpl: void removeFragment(android.app.Fragment,int,int)>",
						"<android.app.FragmentManagerImpl: void moveToState(android.app.Fragment,int,int,int,boolean)>",
						"<android.app.ListFragment: void onViewCreated(android.view.View,android.os.Bundle)>",
						"<android.app.ListFragment: void ensureList()>",
						"<android.app.LoadedApk$ReceiverDispatcher$Args: void run()>",
						"key field: <android.app.LoadedApk$ReceiverDispatcher$Args: android.app.LoadedApk$ReceiverDispatcher this$0>",
						"<android.app.LoadedApk$ReceiverDispatcher$Args: void run()>"
					],
					"depth":7,
					"method":"<android.app.SharedPreferencesImpl$2: void run()>",
					"source":"FIELDCALLER"
				},
				{
					"trace":[
						"<android.app.Activity: android.view.View onCreateView(android.view.View,java.lang.String,android.content.Context,android.util.AttributeSet)>",
						"<android.app.FragmentController: android.view.View onCreateView(android.view.View,java.lang.String,android.content.Context,android.util.AttributeSet)>",
						"<android.app.FragmentManagerImpl: android.view.View onCreateView(android.view.View,java.lang.String,android.content.Context,android.util.AttributeSet)>",
						"<android.app.FragmentManagerImpl: void moveToState(android.app.Fragment,int,int,int,boolean)>",
						"<android.app.ListFragment: void onViewCreated(android.view.View,android.os.Bundle)>",
						"<android.app.ListFragment: void ensureList()>",
						"<android.app.LoadedApk$ReceiverDispatcher$Args: void run()>",
						"key field: <android.app.LoadedApk$ReceiverDispatcher$Args: android.app.LoadedApk$ReceiverDispatcher this$0>",
						"<android.app.LoadedApk$ReceiverDispatcher$Args: void run()>"
					],
					"depth":7,
					"method":"<android.app.Activity: android.view.View onCreateView(android.view.View,java.lang.String,android.content.Context,android.util.AttributeSet)>",
					"source":"FIELDCALLER"
				},
				{
					"trace":[
						"<android.app.LoaderManager: void destroyLoader(int)>",
						"<android.app.FragmentManagerImpl: void startPendingDeferredFragments()>",
						"<android.app.FragmentManagerImpl: void performPendingDeferredStart(android.app.Fragment)>",
						"<android.app.FragmentManagerImpl: void moveToState(android.app.Fragment,int,int,int,boolean)>",
						"<android.app.ListFragment: void onViewCreated(android.view.View,android.os.Bundle)>",
						"<android.app.ListFragment: void ensureList()>",
						"<android.app.LoadedApk$ReceiverDispatcher$Args: void run()>",
						"key field: <android.app.LoadedApk$ReceiverDispatcher$Args: android.app.LoadedApk$ReceiverDispatcher this$0>",
						"<android.app.LoadedApk$ReceiverDispatcher$Args: void run()>"
					],
					"depth":7,
					"method":"<android.app.LoaderManager: void destroyLoader(int)>",
					"source":"FIELDCALLER"
				},
				{
					"trace":[
						"<android.app.LoaderManagerImpl: void destroyLoader(int)>",
						"<android.app.FragmentManagerImpl: void startPendingDeferredFragments()>",
						"<android.app.FragmentManagerImpl: void performPendingDeferredStart(android.app.Fragment)>",
						"<android.app.FragmentManagerImpl: void moveToState(android.app.Fragment,int,int,int,boolean)>",
						"<android.app.ListFragment: void onViewCreated(android.view.View,android.os.Bundle)>",
						"<android.app.ListFragment: void ensureList()>",
						"<android.app.LoadedApk$ReceiverDispatcher$Args: void run()>",
						"key field: <android.app.LoadedApk$ReceiverDispatcher$Args: android.app.LoadedApk$ReceiverDispatcher this$0>",
						"<android.app.LoadedApk$ReceiverDispatcher$Args: void run()>"
					],
					"depth":7,
					"method":"<android.app.LoaderManagerImpl: void destroyLoader(int)>",
					"source":"FIELDCALLER"
				},
				{
					"trace":[
						"<android.app.LoaderManagerImpl$LoaderInfo: void onLoadComplete(android.content.Loader,java.lang.Object)>",
						"<android.app.FragmentManagerImpl: void startPendingDeferredFragments()>",
						"<android.app.FragmentManagerImpl: void performPendingDeferredStart(android.app.Fragment)>",
						"<android.app.FragmentManagerImpl: void moveToState(android.app.Fragment,int,int,int,boolean)>",
						"<android.app.ListFragment: void onViewCreated(android.view.View,android.os.Bundle)>",
						"<android.app.ListFragment: void ensureList()>",
						"<android.app.LoadedApk$ReceiverDispatcher$Args: void run()>",
						"key field: <android.app.LoadedApk$ReceiverDispatcher$Args: android.app.LoadedApk$ReceiverDispatcher this$0>",
						"<android.app.LoadedApk$ReceiverDispatcher$Args: void run()>"
					],
					"depth":7,
					"method":"<android.app.LoaderManagerImpl$LoaderInfo: void onLoadComplete(android.content.Loader,java.lang.Object)>",
					"source":"FIELDCALLER"
				},
				{
					"trace":[
						"<android.content.Loader$OnLoadCompleteListener: void onLoadComplete(android.content.Loader,java.lang.Object)>",
						"<android.app.FragmentManagerImpl: void startPendingDeferredFragments()>",
						"<android.app.FragmentManagerImpl: void performPendingDeferredStart(android.app.Fragment)>",
						"<android.app.FragmentManagerImpl: void moveToState(android.app.Fragment,int,int,int,boolean)>",
						"<android.app.ListFragment: void onViewCreated(android.view.View,android.os.Bundle)>",
						"<android.app.ListFragment: void ensureList()>",
						"<android.app.LoadedApk$ReceiverDispatcher$Args: void run()>",
						"key field: <android.app.LoadedApk$ReceiverDispatcher$Args: android.app.LoadedApk$ReceiverDispatcher this$0>",
						"<android.app.LoadedApk$ReceiverDispatcher$Args: void run()>"
					],
					"depth":7,
					"method":"<android.content.Loader$OnLoadCompleteListener: void onLoadComplete(android.content.Loader,java.lang.Object)>",
					"source":"FIELDCALLER"
				},
				{
					"trace":[
						"<android.view.ViewPropertyAnimator$AnimatorEventListener: void onAnimationEnd(android.animation.Animator)>",
						"<android.animation.AnimatorSet$AnimatorSetListener: void onAnimationEnd(android.animation.Animator)>",
						"<android.app.FragmentManagerImpl$5: void onAnimationEnd(android.animation.Animator)>",
						"<android.app.FragmentManagerImpl: void moveToState(android.app.Fragment,int,int,int,boolean)>",
						"<android.app.ListFragment: void onViewCreated(android.view.View,android.os.Bundle)>",
						"<android.app.ListFragment: void ensureList()>",
						"<android.app.LoadedApk$ReceiverDispatcher$Args: void run()>",
						"key field: <android.app.LoadedApk$ReceiverDispatcher$Args: android.app.LoadedApk$ReceiverDispatcher this$0>",
						"<android.app.LoadedApk$ReceiverDispatcher$Args: void run()>"
					],
					"depth":7,
					"method":"<android.view.ViewPropertyAnimator$AnimatorEventListener: void onAnimationEnd(android.animation.Animator)>",
					"source":"FIELDCALLER"
				},
				{
					"trace":[
						"<android.app.FragmentManagerImpl: void popBackStack()>",
						"<android.app.FragmentManagerImpl: void enqueueAction(java.lang.Runnable,boolean)>",
						"<android.app.BackStackRecord: void run()>",
						"<android.app.FragmentManagerImpl: void removeFragment(android.app.Fragment,int,int)>",
						"<android.app.FragmentManagerImpl: void moveToState(android.app.Fragment,int,int,int,boolean)>",
						"<android.app.ListFragment: void onViewCreated(android.view.View,android.os.Bundle)>",
						"<android.app.ListFragment: void ensureList()>",
						"<android.app.LoadedApk$ReceiverDispatcher$Args: void run()>",
						"key field: <android.app.LoadedApk$ReceiverDispatcher$Args: android.app.LoadedApk$ReceiverDispatcher this$0>",
						"<android.app.LoadedApk$ReceiverDispatcher$Args: void run()>"
					],
					"depth":8,
					"method":"<android.app.FragmentManagerImpl: void popBackStack()>",
					"source":"FIELDCALLER"
				},
				{
					"trace":[
						"<android.app.FragmentManager: void popBackStack()>",
						"<android.app.FragmentManagerImpl: void enqueueAction(java.lang.Runnable,boolean)>",
						"<android.app.BackStackRecord: void run()>",
						"<android.app.FragmentManagerImpl: void removeFragment(android.app.Fragment,int,int)>",
						"<android.app.FragmentManagerImpl: void moveToState(android.app.Fragment,int,int,int,boolean)>",
						"<android.app.ListFragment: void onViewCreated(android.view.View,android.os.Bundle)>",
						"<android.app.ListFragment: void ensureList()>",
						"<android.app.LoadedApk$ReceiverDispatcher$Args: void run()>",
						"key field: <android.app.LoadedApk$ReceiverDispatcher$Args: android.app.LoadedApk$ReceiverDispatcher this$0>",
						"<android.app.LoadedApk$ReceiverDispatcher$Args: void run()>"
					],
					"depth":8,
					"method":"<android.app.FragmentManager: void popBackStack()>",
					"source":"FIELDCALLER"
				},
				{
					"trace":[
						"<android.app.FragmentManagerImpl: void popBackStack(java.lang.String,int)>",
						"<android.app.FragmentManagerImpl: void enqueueAction(java.lang.Runnable,boolean)>",
						"<android.app.BackStackRecord: void run()>",
						"<android.app.FragmentManagerImpl: void removeFragment(android.app.Fragment,int,int)>",
						"<android.app.FragmentManagerImpl: void moveToState(android.app.Fragment,int,int,int,boolean)>",
						"<android.app.ListFragment: void onViewCreated(android.view.View,android.os.Bundle)>",
						"<android.app.ListFragment: void ensureList()>",
						"<android.app.LoadedApk$ReceiverDispatcher$Args: void run()>",
						"key field: <android.app.LoadedApk$ReceiverDispatcher$Args: android.app.LoadedApk$ReceiverDispatcher this$0>",
						"<android.app.LoadedApk$ReceiverDispatcher$Args: void run()>"
					],
					"depth":8,
					"method":"<android.app.FragmentManagerImpl: void popBackStack(java.lang.String,int)>",
					"source":"FIELDCALLER"
				},
				{
					"trace":[
						"<android.app.FragmentManager: void popBackStack(java.lang.String,int)>",
						"<android.app.FragmentManagerImpl: void enqueueAction(java.lang.Runnable,boolean)>",
						"<android.app.BackStackRecord: void run()>",
						"<android.app.FragmentManagerImpl: void removeFragment(android.app.Fragment,int,int)>",
						"<android.app.FragmentManagerImpl: void moveToState(android.app.Fragment,int,int,int,boolean)>",
						"<android.app.ListFragment: void onViewCreated(android.view.View,android.os.Bundle)>",
						"<android.app.ListFragment: void ensureList()>",
						"<android.app.LoadedApk$ReceiverDispatcher$Args: void run()>",
						"key field: <android.app.LoadedApk$ReceiverDispatcher$Args: android.app.LoadedApk$ReceiverDispatcher this$0>",
						"<android.app.LoadedApk$ReceiverDispatcher$Args: void run()>"
					],
					"depth":8,
					"method":"<android.app.FragmentManager: void popBackStack(java.lang.String,int)>",
					"source":"FIELDCALLER"
				},
				{
					"trace":[
						"<android.app.FragmentManagerImpl: void popBackStack(int,int)>",
						"<android.app.FragmentManagerImpl: void enqueueAction(java.lang.Runnable,boolean)>",
						"<android.app.BackStackRecord: void run()>",
						"<android.app.FragmentManagerImpl: void removeFragment(android.app.Fragment,int,int)>",
						"<android.app.FragmentManagerImpl: void moveToState(android.app.Fragment,int,int,int,boolean)>",
						"<android.app.ListFragment: void onViewCreated(android.view.View,android.os.Bundle)>",
						"<android.app.ListFragment: void ensureList()>",
						"<android.app.LoadedApk$ReceiverDispatcher$Args: void run()>",
						"key field: <android.app.LoadedApk$ReceiverDispatcher$Args: android.app.LoadedApk$ReceiverDispatcher this$0>",
						"<android.app.LoadedApk$ReceiverDispatcher$Args: void run()>"
					],
					"depth":8,
					"method":"<android.app.FragmentManagerImpl: void popBackStack(int,int)>",
					"source":"FIELDCALLER"
				},
				{
					"trace":[
						"<android.app.FragmentManager: void popBackStack(int,int)>",
						"<android.app.FragmentManagerImpl: void enqueueAction(java.lang.Runnable,boolean)>",
						"<android.app.BackStackRecord: void run()>",
						"<android.app.FragmentManagerImpl: void removeFragment(android.app.Fragment,int,int)>",
						"<android.app.FragmentManagerImpl: void moveToState(android.app.Fragment,int,int,int,boolean)>",
						"<android.app.ListFragment: void onViewCreated(android.view.View,android.os.Bundle)>",
						"<android.app.ListFragment: void ensureList()>",
						"<android.app.LoadedApk$ReceiverDispatcher$Args: void run()>",
						"key field: <android.app.LoadedApk$ReceiverDispatcher$Args: android.app.LoadedApk$ReceiverDispatcher this$0>",
						"<android.app.LoadedApk$ReceiverDispatcher$Args: void run()>"
					],
					"depth":8,
					"method":"<android.app.FragmentManager: void popBackStack(int,int)>",
					"source":"FIELDCALLER"
				},
				{
					"trace":[
						"<android.app.ExitTransitionCoordinator: void startExit()>",
						"<android.app.ActivityTransitionCoordinator: void startTransition(java.lang.Runnable)>",
						"<android.app.BackStackRecord: void run()>",
						"<android.app.FragmentManagerImpl: void removeFragment(android.app.Fragment,int,int)>",
						"<android.app.FragmentManagerImpl: void moveToState(android.app.Fragment,int,int,int,boolean)>",
						"<android.app.ListFragment: void onViewCreated(android.view.View,android.os.Bundle)>",
						"<android.app.ListFragment: void ensureList()>",
						"<android.app.LoadedApk$ReceiverDispatcher$Args: void run()>",
						"key field: <android.app.LoadedApk$ReceiverDispatcher$Args: android.app.LoadedApk$ReceiverDispatcher this$0>",
						"<android.app.LoadedApk$ReceiverDispatcher$Args: void run()>"
					],
					"depth":8,
					"method":"<android.app.ExitTransitionCoordinator: void startExit()>",
					"source":"FIELDCALLER"
				},
				{
					"trace":[
						"<android.app.ActivityTransitionCoordinator$ContinueTransitionListener: void onTransitionStart(android.transition.Transition)>",
						"<android.app.ActivityTransitionCoordinator: void startTransition(java.lang.Runnable)>",
						"<android.app.BackStackRecord: void run()>",
						"<android.app.FragmentManagerImpl: void removeFragment(android.app.Fragment,int,int)>",
						"<android.app.FragmentManagerImpl: void moveToState(android.app.Fragment,int,int,int,boolean)>",
						"<android.app.ListFragment: void onViewCreated(android.view.View,android.os.Bundle)>",
						"<android.app.ListFragment: void ensureList()>",
						"<android.app.LoadedApk$ReceiverDispatcher$Args: void run()>",
						"key field: <android.app.LoadedApk$ReceiverDispatcher$Args: android.app.LoadedApk$ReceiverDispatcher this$0>",
						"<android.app.LoadedApk$ReceiverDispatcher$Args: void run()>"
					],
					"depth":8,
					"method":"<android.app.ActivityTransitionCoordinator$ContinueTransitionListener: void onTransitionStart(android.transition.Transition)>",
					"source":"FIELDCALLER"
				},
				{
					"trace":[
						"<android.app.ExitTransitionCoordinator: void startExit(int,android.content.Intent)>",
						"<android.app.ActivityTransitionCoordinator: void startTransition(java.lang.Runnable)>",
						"<android.app.BackStackRecord: void run()>",
						"<android.app.FragmentManagerImpl: void removeFragment(android.app.Fragment,int,int)>",
						"<android.app.FragmentManagerImpl: void moveToState(android.app.Fragment,int,int,int,boolean)>",
						"<android.app.ListFragment: void onViewCreated(android.view.View,android.os.Bundle)>",
						"<android.app.ListFragment: void ensureList()>",
						"<android.app.LoadedApk$ReceiverDispatcher$Args: void run()>",
						"key field: <android.app.LoadedApk$ReceiverDispatcher$Args: android.app.LoadedApk$ReceiverDispatcher this$0>",
						"<android.app.LoadedApk$ReceiverDispatcher$Args: void run()>"
					],
					"depth":8,
					"method":"<android.app.ExitTransitionCoordinator: void startExit(int,android.content.Intent)>",
					"source":"FIELDCALLER"
				},
				{
					"trace":[
						"<android.app.EnterTransitionCoordinator$5$1: boolean onPreDraw()>",
						"<android.app.ActivityTransitionCoordinator: void startTransition(java.lang.Runnable)>",
						"<android.app.BackStackRecord: void run()>",
						"<android.app.FragmentManagerImpl: void removeFragment(android.app.Fragment,int,int)>",
						"<android.app.FragmentManagerImpl: void moveToState(android.app.Fragment,int,int,int,boolean)>",
						"<android.app.ListFragment: void onViewCreated(android.view.View,android.os.Bundle)>",
						"<android.app.ListFragment: void ensureList()>",
						"<android.app.LoadedApk$ReceiverDispatcher$Args: void run()>",
						"key field: <android.app.LoadedApk$ReceiverDispatcher$Args: android.app.LoadedApk$ReceiverDispatcher this$0>",
						"<android.app.LoadedApk$ReceiverDispatcher$Args: void run()>"
					],
					"depth":8,
					"method":"<android.app.EnterTransitionCoordinator$5$1: boolean onPreDraw()>",
					"source":"FIELDCALLER"
				},
				{
					"trace":[
						"<android.view.ViewTreeObserver$OnPreDrawListener: boolean onPreDraw()>",
						"<android.app.ActivityTransitionCoordinator: void startTransition(java.lang.Runnable)>",
						"<android.app.BackStackRecord: void run()>",
						"<android.app.FragmentManagerImpl: void removeFragment(android.app.Fragment,int,int)>",
						"<android.app.FragmentManagerImpl: void moveToState(android.app.Fragment,int,int,int,boolean)>",
						"<android.app.ListFragment: void onViewCreated(android.view.View,android.os.Bundle)>",
						"<android.app.ListFragment: void ensureList()>",
						"<android.app.LoadedApk$ReceiverDispatcher$Args: void run()>",
						"key field: <android.app.LoadedApk$ReceiverDispatcher$Args: android.app.LoadedApk$ReceiverDispatcher this$0>",
						"<android.app.LoadedApk$ReceiverDispatcher$Args: void run()>"
					],
					"depth":8,
					"method":"<android.view.ViewTreeObserver$OnPreDrawListener: boolean onPreDraw()>",
					"source":"FIELDCALLER"
				},
				{
					"trace":[
						"<android.app.Activity: void removeDialog(int)>",
						"<android.app.Dialog: void dismiss()>",
						"<android.app.BackStackRecord: void run()>",
						"<android.app.FragmentManagerImpl: void removeFragment(android.app.Fragment,int,int)>",
						"<android.app.FragmentManagerImpl: void moveToState(android.app.Fragment,int,int,int,boolean)>",
						"<android.app.ListFragment: void onViewCreated(android.view.View,android.os.Bundle)>",
						"<android.app.ListFragment: void ensureList()>",
						"<android.app.LoadedApk$ReceiverDispatcher$Args: void run()>",
						"key field: <android.app.LoadedApk$ReceiverDispatcher$Args: android.app.LoadedApk$ReceiverDispatcher this$0>",
						"<android.app.LoadedApk$ReceiverDispatcher$Args: void run()>"
					],
					"depth":8,
					"method":"<android.app.Activity: void removeDialog(int)>",
					"source":"FIELDCALLER"
				},
				{
					"trace":[
						"<android.app.Activity: void dismissDialog(int)>",
						"<android.app.Dialog: void dismiss()>",
						"<android.app.BackStackRecord: void run()>",
						"<android.app.FragmentManagerImpl: void removeFragment(android.app.Fragment,int,int)>",
						"<android.app.FragmentManagerImpl: void moveToState(android.app.Fragment,int,int,int,boolean)>",
						"<android.app.ListFragment: void onViewCreated(android.view.View,android.os.Bundle)>",
						"<android.app.ListFragment: void ensureList()>",
						"<android.app.LoadedApk$ReceiverDispatcher$Args: void run()>",
						"key field: <android.app.LoadedApk$ReceiverDispatcher$Args: android.app.LoadedApk$ReceiverDispatcher this$0>",
						"<android.app.LoadedApk$ReceiverDispatcher$Args: void run()>"
					],
					"depth":8,
					"method":"<android.app.Activity: void dismissDialog(int)>",
					"source":"FIELDCALLER"
				},
				{
					"trace":[
						"<android.app.Dialog: boolean onSearchRequested()>",
						"<android.app.Dialog: void dismiss()>",
						"<android.app.BackStackRecord: void run()>",
						"<android.app.FragmentManagerImpl: void removeFragment(android.app.Fragment,int,int)>",
						"<android.app.FragmentManagerImpl: void moveToState(android.app.Fragment,int,int,int,boolean)>",
						"<android.app.ListFragment: void onViewCreated(android.view.View,android.os.Bundle)>",
						"<android.app.ListFragment: void ensureList()>",
						"<android.app.LoadedApk$ReceiverDispatcher$Args: void run()>",
						"key field: <android.app.LoadedApk$ReceiverDispatcher$Args: android.app.LoadedApk$ReceiverDispatcher this$0>",
						"<android.app.LoadedApk$ReceiverDispatcher$Args: void run()>"
					],
					"depth":8,
					"method":"<android.app.Dialog: boolean onSearchRequested()>",
					"source":"FIELDCALLER"
				},
				{
					"trace":[
						"<android.view.Window$Callback: boolean onSearchRequested()>",
						"<android.app.Dialog: void dismiss()>",
						"<android.app.BackStackRecord: void run()>",
						"<android.app.FragmentManagerImpl: void removeFragment(android.app.Fragment,int,int)>",
						"<android.app.FragmentManagerImpl: void moveToState(android.app.Fragment,int,int,int,boolean)>",
						"<android.app.ListFragment: void onViewCreated(android.view.View,android.os.Bundle)>",
						"<android.app.ListFragment: void ensureList()>",
						"<android.app.LoadedApk$ReceiverDispatcher$Args: void run()>",
						"key field: <android.app.LoadedApk$ReceiverDispatcher$Args: android.app.LoadedApk$ReceiverDispatcher this$0>",
						"<android.app.LoadedApk$ReceiverDispatcher$Args: void run()>"
					],
					"depth":8,
					"method":"<android.view.Window$Callback: boolean onSearchRequested()>",
					"source":"FIELDCALLER"
				},
				{
					"trace":[
						"<android.view.Window$Callback: boolean onSearchRequested(android.view.SearchEvent)>",
						"<android.app.Dialog: void dismiss()>",
						"<android.app.BackStackRecord: void run()>",
						"<android.app.FragmentManagerImpl: void removeFragment(android.app.Fragment,int,int)>",
						"<android.app.FragmentManagerImpl: void moveToState(android.app.Fragment,int,int,int,boolean)>",
						"<android.app.ListFragment: void onViewCreated(android.view.View,android.os.Bundle)>",
						"<android.app.ListFragment: void ensureList()>",
						"<android.app.LoadedApk$ReceiverDispatcher$Args: void run()>",
						"key field: <android.app.LoadedApk$ReceiverDispatcher$Args: android.app.LoadedApk$ReceiverDispatcher this$0>",
						"<android.app.LoadedApk$ReceiverDispatcher$Args: void run()>"
					],
					"depth":8,
					"method":"<android.view.Window$Callback: boolean onSearchRequested(android.view.SearchEvent)>",
					"source":"FIELDCALLER"
				},
				{
					"trace":[
						"<android.app.Dialog: void onWindowDismissed()>",
						"<android.app.Dialog: void dismiss()>",
						"<android.app.BackStackRecord: void run()>",
						"<android.app.FragmentManagerImpl: void removeFragment(android.app.Fragment,int,int)>",
						"<android.app.FragmentManagerImpl: void moveToState(android.app.Fragment,int,int,int,boolean)>",
						"<android.app.ListFragment: void onViewCreated(android.view.View,android.os.Bundle)>",
						"<android.app.ListFragment: void ensureList()>",
						"<android.app.LoadedApk$ReceiverDispatcher$Args: void run()>",
						"key field: <android.app.LoadedApk$ReceiverDispatcher$Args: android.app.LoadedApk$ReceiverDispatcher this$0>",
						"<android.app.LoadedApk$ReceiverDispatcher$Args: void run()>"
					],
					"depth":8,
					"method":"<android.app.Dialog: void onWindowDismissed()>",
					"source":"FIELDCALLER"
				},
				{
					"trace":[
						"<android.view.Window$OnWindowDismissedCallback: void onWindowDismissed()>",
						"<android.app.Dialog: void dismiss()>",
						"<android.app.BackStackRecord: void run()>",
						"<android.app.FragmentManagerImpl: void removeFragment(android.app.Fragment,int,int)>",
						"<android.app.FragmentManagerImpl: void moveToState(android.app.Fragment,int,int,int,boolean)>",
						"<android.app.ListFragment: void onViewCreated(android.view.View,android.os.Bundle)>",
						"<android.app.ListFragment: void ensureList()>",
						"<android.app.LoadedApk$ReceiverDispatcher$Args: void run()>",
						"key field: <android.app.LoadedApk$ReceiverDispatcher$Args: android.app.LoadedApk$ReceiverDispatcher this$0>",
						"<android.app.LoadedApk$ReceiverDispatcher$Args: void run()>"
					],
					"depth":8,
					"method":"<android.view.Window$OnWindowDismissedCallback: void onWindowDismissed()>",
					"source":"FIELDCALLER"
				},
				{
					"trace":[
						"<android.app.SearchDialog$5: boolean onSuggestionClick(int)>",
						"<android.app.Dialog: void dismiss()>",
						"<android.app.BackStackRecord: void run()>",
						"<android.app.FragmentManagerImpl: void removeFragment(android.app.Fragment,int,int)>",
						"<android.app.FragmentManagerImpl: void moveToState(android.app.Fragment,int,int,int,boolean)>",
						"<android.app.ListFragment: void onViewCreated(android.view.View,android.os.Bundle)>",
						"<android.app.ListFragment: void ensureList()>",
						"<android.app.LoadedApk$ReceiverDispatcher$Args: void run()>",
						"key field: <android.app.LoadedApk$ReceiverDispatcher$Args: android.app.LoadedApk$ReceiverDispatcher this$0>",
						"<android.app.LoadedApk$ReceiverDispatcher$Args: void run()>"
					],
					"depth":8,
					"method":"<android.app.SearchDialog$5: boolean onSuggestionClick(int)>",
					"source":"FIELDCALLER"
				},
				{
					"trace":[
						"<android.widget.SearchView$OnSuggestionListener: boolean onSuggestionClick(int)>",
						"<android.app.Dialog: void dismiss()>",
						"<android.app.BackStackRecord: void run()>",
						"<android.app.FragmentManagerImpl: void removeFragment(android.app.Fragment,int,int)>",
						"<android.app.FragmentManagerImpl: void moveToState(android.app.Fragment,int,int,int,boolean)>",
						"<android.app.ListFragment: void onViewCreated(android.view.View,android.os.Bundle)>",
						"<android.app.ListFragment: void ensureList()>",
						"<android.app.LoadedApk$ReceiverDispatcher$Args: void run()>",
						"key field: <android.app.LoadedApk$ReceiverDispatcher$Args: android.app.LoadedApk$ReceiverDispatcher this$0>",
						"<android.app.LoadedApk$ReceiverDispatcher$Args: void run()>"
					],
					"depth":8,
					"method":"<android.widget.SearchView$OnSuggestionListener: boolean onSuggestionClick(int)>",
					"source":"FIELDCALLER"
				},
				{
					"trace":[
						"<android.app.DialogFragment: void onDestroyView()>",
						"<android.app.Dialog: void dismiss()>",
						"<android.app.BackStackRecord: void run()>",
						"<android.app.FragmentManagerImpl: void removeFragment(android.app.Fragment,int,int)>",
						"<android.app.FragmentManagerImpl: void moveToState(android.app.Fragment,int,int,int,boolean)>",
						"<android.app.ListFragment: void onViewCreated(android.view.View,android.os.Bundle)>",
						"<android.app.ListFragment: void ensureList()>",
						"<android.app.LoadedApk$ReceiverDispatcher$Args: void run()>",
						"key field: <android.app.LoadedApk$ReceiverDispatcher$Args: android.app.LoadedApk$ReceiverDispatcher this$0>",
						"<android.app.LoadedApk$ReceiverDispatcher$Args: void run()>"
					],
					"depth":8,
					"method":"<android.app.DialogFragment: void onDestroyView()>",
					"source":"FIELDCALLER"
				},
				{
					"trace":[
						"<com.android.internal.view.menu.MenuDialogHelper: void dismiss()>",
						"<android.app.Dialog: void dismiss()>",
						"<android.app.BackStackRecord: void run()>",
						"<android.app.FragmentManagerImpl: void removeFragment(android.app.Fragment,int,int)>",
						"<android.app.FragmentManagerImpl: void moveToState(android.app.Fragment,int,int,int,boolean)>",
						"<android.app.ListFragment: void onViewCreated(android.view.View,android.os.Bundle)>",
						"<android.app.ListFragment: void ensureList()>",
						"<android.app.LoadedApk$ReceiverDispatcher$Args: void run()>",
						"key field: <android.app.LoadedApk$ReceiverDispatcher$Args: android.app.LoadedApk$ReceiverDispatcher this$0>",
						"<android.app.LoadedApk$ReceiverDispatcher$Args: void run()>"
					],
					"depth":8,
					"method":"<com.android.internal.view.menu.MenuDialogHelper: void dismiss()>",
					"source":"FIELDCALLER"
				},
				{
					"trace":[
						"<android.app.SearchDialog$4: boolean onQueryTextSubmit(java.lang.String)>",
						"<android.app.Dialog: void dismiss()>",
						"<android.app.BackStackRecord: void run()>",
						"<android.app.FragmentManagerImpl: void removeFragment(android.app.Fragment,int,int)>",
						"<android.app.FragmentManagerImpl: void moveToState(android.app.Fragment,int,int,int,boolean)>",
						"<android.app.ListFragment: void onViewCreated(android.view.View,android.os.Bundle)>",
						"<android.app.ListFragment: void ensureList()>",
						"<android.app.LoadedApk$ReceiverDispatcher$Args: void run()>",
						"key field: <android.app.LoadedApk$ReceiverDispatcher$Args: android.app.LoadedApk$ReceiverDispatcher this$0>",
						"<android.app.LoadedApk$ReceiverDispatcher$Args: void run()>"
					],
					"depth":8,
					"method":"<android.app.SearchDialog$4: boolean onQueryTextSubmit(java.lang.String)>",
					"source":"FIELDCALLER"
				},
				{
					"trace":[
						"<android.widget.SearchView$OnQueryTextListener: boolean onQueryTextSubmit(java.lang.String)>",
						"<android.app.Dialog: void dismiss()>",
						"<android.app.BackStackRecord: void run()>",
						"<android.app.FragmentManagerImpl: void removeFragment(android.app.Fragment,int,int)>",
						"<android.app.FragmentManagerImpl: void moveToState(android.app.Fragment,int,int,int,boolean)>",
						"<android.app.ListFragment: void onViewCreated(android.view.View,android.os.Bundle)>",
						"<android.app.ListFragment: void ensureList()>",
						"<android.app.LoadedApk$ReceiverDispatcher$Args: void run()>",
						"key field: <android.app.LoadedApk$ReceiverDispatcher$Args: android.app.LoadedApk$ReceiverDispatcher this$0>",
						"<android.app.LoadedApk$ReceiverDispatcher$Args: void run()>"
					],
					"depth":8,
					"method":"<android.widget.SearchView$OnQueryTextListener: boolean onQueryTextSubmit(java.lang.String)>",
					"source":"FIELDCALLER"
				},
				{
					"trace":[
						"<android.widget.Spinner$DialogPopup: void dismiss()>",
						"<android.app.Dialog: void dismiss()>",
						"<android.app.BackStackRecord: void run()>",
						"<android.app.FragmentManagerImpl: void removeFragment(android.app.Fragment,int,int)>",
						"<android.app.FragmentManagerImpl: void moveToState(android.app.Fragment,int,int,int,boolean)>",
						"<android.app.ListFragment: void onViewCreated(android.view.View,android.os.Bundle)>",
						"<android.app.ListFragment: void ensureList()>",
						"<android.app.LoadedApk$ReceiverDispatcher$Args: void run()>",
						"key field: <android.app.LoadedApk$ReceiverDispatcher$Args: android.app.LoadedApk$ReceiverDispatcher this$0>",
						"<android.app.LoadedApk$ReceiverDispatcher$Args: void run()>"
					],
					"depth":8,
					"method":"<android.widget.Spinner$DialogPopup: void dismiss()>",
					"source":"FIELDCALLER"
				},
				{
					"trace":[
						"<android.widget.Spinner$SpinnerPopup: void dismiss()>",
						"<android.app.Dialog: void dismiss()>",
						"<android.app.BackStackRecord: void run()>",
						"<android.app.FragmentManagerImpl: void removeFragment(android.app.Fragment,int,int)>",
						"<android.app.FragmentManagerImpl: void moveToState(android.app.Fragment,int,int,int,boolean)>",
						"<android.app.ListFragment: void onViewCreated(android.view.View,android.os.Bundle)>",
						"<android.app.ListFragment: void ensureList()>",
						"<android.app.LoadedApk$ReceiverDispatcher$Args: void run()>",
						"key field: <android.app.LoadedApk$ReceiverDispatcher$Args: android.app.LoadedApk$ReceiverDispatcher this$0>",
						"<android.app.LoadedApk$ReceiverDispatcher$Args: void run()>"
					],
					"depth":8,
					"method":"<android.widget.Spinner$SpinnerPopup: void dismiss()>",
					"source":"FIELDCALLER"
				},
				{
					"trace":[
						"<android.app.Dialog: void cancel()>",
						"<android.app.Dialog: void dismiss()>",
						"<android.app.BackStackRecord: void run()>",
						"<android.app.FragmentManagerImpl: void removeFragment(android.app.Fragment,int,int)>",
						"<android.app.FragmentManagerImpl: void moveToState(android.app.Fragment,int,int,int,boolean)>",
						"<android.app.ListFragment: void onViewCreated(android.view.View,android.os.Bundle)>",
						"<android.app.ListFragment: void ensureList()>",
						"<android.app.LoadedApk$ReceiverDispatcher$Args: void run()>",
						"key field: <android.app.LoadedApk$ReceiverDispatcher$Args: android.app.LoadedApk$ReceiverDispatcher this$0>",
						"<android.app.LoadedApk$ReceiverDispatcher$Args: void run()>"
					],
					"depth":8,
					"method":"<android.app.Dialog: void cancel()>",
					"source":"FIELDCALLER"
				},
				{
					"trace":[
						"<android.content.DialogInterface: void cancel()>",
						"<android.app.Dialog: void dismiss()>",
						"<android.app.BackStackRecord: void run()>",
						"<android.app.FragmentManagerImpl: void removeFragment(android.app.Fragment,int,int)>",
						"<android.app.FragmentManagerImpl: void moveToState(android.app.Fragment,int,int,int,boolean)>",
						"<android.app.ListFragment: void onViewCreated(android.view.View,android.os.Bundle)>",
						"<android.app.ListFragment: void ensureList()>",
						"<android.app.LoadedApk$ReceiverDispatcher$Args: void run()>",
						"key field: <android.app.LoadedApk$ReceiverDispatcher$Args: android.app.LoadedApk$ReceiverDispatcher this$0>",
						"<android.app.LoadedApk$ReceiverDispatcher$Args: void run()>"
					],
					"depth":8,
					"method":"<android.content.DialogInterface: void cancel()>",
					"source":"FIELDCALLER"
				},
				{
					"trace":[
						"<android.app.SearchDialog$2: void onClick(android.view.View)>",
						"<android.app.Dialog: void dismiss()>",
						"<android.app.BackStackRecord: void run()>",
						"<android.app.FragmentManagerImpl: void removeFragment(android.app.Fragment,int,int)>",
						"<android.app.FragmentManagerImpl: void moveToState(android.app.Fragment,int,int,int,boolean)>",
						"<android.app.ListFragment: void onViewCreated(android.view.View,android.os.Bundle)>",
						"<android.app.ListFragment: void ensureList()>",
						"<android.app.LoadedApk$ReceiverDispatcher$Args: void run()>",
						"key field: <android.app.LoadedApk$ReceiverDispatcher$Args: android.app.LoadedApk$ReceiverDispatcher this$0>",
						"<android.app.LoadedApk$ReceiverDispatcher$Args: void run()>"
					],
					"depth":8,
					"method":"<android.app.SearchDialog$2: void onClick(android.view.View)>",
					"source":"FIELDCALLER"
				},
				{
					"trace":[
						"<android.view.View$OnClickListener: void onClick(android.view.View)>",
						"<android.app.Dialog: void dismiss()>",
						"<android.app.BackStackRecord: void run()>",
						"<android.app.FragmentManagerImpl: void removeFragment(android.app.Fragment,int,int)>",
						"<android.app.FragmentManagerImpl: void moveToState(android.app.Fragment,int,int,int,boolean)>",
						"<android.app.ListFragment: void onViewCreated(android.view.View,android.os.Bundle)>",
						"<android.app.ListFragment: void ensureList()>",
						"<android.app.LoadedApk$ReceiverDispatcher$Args: void run()>",
						"key field: <android.app.LoadedApk$ReceiverDispatcher$Args: android.app.LoadedApk$ReceiverDispatcher this$0>",
						"<android.app.LoadedApk$ReceiverDispatcher$Args: void run()>"
					],
					"depth":8,
					"method":"<android.view.View$OnClickListener: void onClick(android.view.View)>",
					"source":"FIELDCALLER"
				},
				{
					"trace":[
						"<android.app.FragmentManagerImpl$1: void run()>",
						"<android.app.FragmentManagerImpl: boolean execPendingActions()>",
						"<android.app.BackStackRecord: void run()>",
						"<android.app.FragmentManagerImpl: void removeFragment(android.app.Fragment,int,int)>",
						"<android.app.FragmentManagerImpl: void moveToState(android.app.Fragment,int,int,int,boolean)>",
						"<android.app.ListFragment: void onViewCreated(android.view.View,android.os.Bundle)>",
						"<android.app.ListFragment: void ensureList()>",
						"<android.app.LoadedApk$ReceiverDispatcher$Args: void run()>",
						"key field: <android.app.LoadedApk$ReceiverDispatcher$Args: android.app.LoadedApk$ReceiverDispatcher this$0>",
						"<android.app.LoadedApk$ReceiverDispatcher$Args: void run()>"
					],
					"depth":8,
					"method":"<android.app.FragmentManagerImpl$1: void run()>",
					"source":"FIELDCALLER"
				},
				{
					"trace":[
						"<android.app.FragmentManagerImpl: boolean executePendingTransactions()>",
						"<android.app.FragmentManagerImpl: boolean execPendingActions()>",
						"<android.app.BackStackRecord: void run()>",
						"<android.app.FragmentManagerImpl: void removeFragment(android.app.Fragment,int,int)>",
						"<android.app.FragmentManagerImpl: void moveToState(android.app.Fragment,int,int,int,boolean)>",
						"<android.app.ListFragment: void onViewCreated(android.view.View,android.os.Bundle)>",
						"<android.app.ListFragment: void ensureList()>",
						"<android.app.LoadedApk$ReceiverDispatcher$Args: void run()>",
						"key field: <android.app.LoadedApk$ReceiverDispatcher$Args: android.app.LoadedApk$ReceiverDispatcher this$0>",
						"<android.app.LoadedApk$ReceiverDispatcher$Args: void run()>"
					],
					"depth":8,
					"method":"<android.app.FragmentManagerImpl: boolean executePendingTransactions()>",
					"source":"FIELDCALLER"
				},
				{
					"trace":[
						"<android.app.FragmentManager: boolean executePendingTransactions()>",
						"<android.app.FragmentManagerImpl: boolean execPendingActions()>",
						"<android.app.BackStackRecord: void run()>",
						"<android.app.FragmentManagerImpl: void removeFragment(android.app.Fragment,int,int)>",
						"<android.app.FragmentManagerImpl: void moveToState(android.app.Fragment,int,int,int,boolean)>",
						"<android.app.ListFragment: void onViewCreated(android.view.View,android.os.Bundle)>",
						"<android.app.ListFragment: void ensureList()>",
						"<android.app.LoadedApk$ReceiverDispatcher$Args: void run()>",
						"key field: <android.app.LoadedApk$ReceiverDispatcher$Args: android.app.LoadedApk$ReceiverDispatcher this$0>",
						"<android.app.LoadedApk$ReceiverDispatcher$Args: void run()>"
					],
					"depth":8,
					"method":"<android.app.FragmentManager: boolean executePendingTransactions()>",
					"source":"FIELDCALLER"
				},
				{
					"trace":[
						"<android.app.FragmentController: boolean execPendingActions()>",
						"<android.app.FragmentManagerImpl: boolean execPendingActions()>",
						"<android.app.BackStackRecord: void run()>",
						"<android.app.FragmentManagerImpl: void removeFragment(android.app.Fragment,int,int)>",
						"<android.app.FragmentManagerImpl: void moveToState(android.app.Fragment,int,int,int,boolean)>",
						"<android.app.ListFragment: void onViewCreated(android.view.View,android.os.Bundle)>",
						"<android.app.ListFragment: void ensureList()>",
						"<android.app.LoadedApk$ReceiverDispatcher$Args: void run()>",
						"key field: <android.app.LoadedApk$ReceiverDispatcher$Args: android.app.LoadedApk$ReceiverDispatcher this$0>",
						"<android.app.LoadedApk$ReceiverDispatcher$Args: void run()>"
					],
					"depth":8,
					"method":"<android.app.FragmentController: boolean execPendingActions()>",
					"source":"FIELDCALLER"
				},
				{
					"trace":[
						"<android.app.FragmentManagerImpl: void dispatchDestroy()>",
						"<android.app.FragmentManagerImpl: boolean execPendingActions()>",
						"<android.app.BackStackRecord: void run()>",
						"<android.app.FragmentManagerImpl: void removeFragment(android.app.Fragment,int,int)>",
						"<android.app.FragmentManagerImpl: void moveToState(android.app.Fragment,int,int,int,boolean)>",
						"<android.app.ListFragment: void onViewCreated(android.view.View,android.os.Bundle)>",
						"<android.app.ListFragment: void ensureList()>",
						"<android.app.LoadedApk$ReceiverDispatcher$Args: void run()>",
						"key field: <android.app.LoadedApk$ReceiverDispatcher$Args: android.app.LoadedApk$ReceiverDispatcher this$0>",
						"<android.app.LoadedApk$ReceiverDispatcher$Args: void run()>"
					],
					"depth":8,
					"method":"<android.app.FragmentManagerImpl: void dispatchDestroy()>",
					"source":"FIELDCALLER"
				},
				{
					"trace":[
						"<android.app.backup.BackupAgent$SharedPrefsSynchronizer: void run()>",
						"<android.app.QueuedWork: void waitToFinish()>",
						"<android.app.BackStackRecord: void run()>",
						"<android.app.FragmentManagerImpl: void removeFragment(android.app.Fragment,int,int)>",
						"<android.app.FragmentManagerImpl: void moveToState(android.app.Fragment,int,int,int,boolean)>",
						"<android.app.ListFragment: void onViewCreated(android.view.View,android.os.Bundle)>",
						"<android.app.ListFragment: void ensureList()>",
						"<android.app.LoadedApk$ReceiverDispatcher$Args: void run()>",
						"key field: <android.app.LoadedApk$ReceiverDispatcher$Args: android.app.LoadedApk$ReceiverDispatcher this$0>",
						"<android.app.LoadedApk$ReceiverDispatcher$Args: void run()>"
					],
					"depth":8,
					"method":"<android.app.backup.BackupAgent$SharedPrefsSynchronizer: void run()>",
					"source":"FIELDCALLER"
				},
				{
					"trace":[
						"<android.app.backup.SharedPreferencesBackupHelper: void performBackup(android.os.ParcelFileDescriptor,android.app.backup.BackupDataOutput,android.os.ParcelFileDescriptor)>",
						"<android.app.QueuedWork: void waitToFinish()>",
						"<android.app.BackStackRecord: void run()>",
						"<android.app.FragmentManagerImpl: void removeFragment(android.app.Fragment,int,int)>",
						"<android.app.FragmentManagerImpl: void moveToState(android.app.Fragment,int,int,int,boolean)>",
						"<android.app.ListFragment: void onViewCreated(android.view.View,android.os.Bundle)>",
						"<android.app.ListFragment: void ensureList()>",
						"<android.app.LoadedApk$ReceiverDispatcher$Args: void run()>",
						"key field: <android.app.LoadedApk$ReceiverDispatcher$Args: android.app.LoadedApk$ReceiverDispatcher this$0>",
						"<android.app.LoadedApk$ReceiverDispatcher$Args: void run()>"
					],
					"depth":8,
					"method":"<android.app.backup.SharedPreferencesBackupHelper: void performBackup(android.os.ParcelFileDescriptor,android.app.backup.BackupDataOutput,android.os.ParcelFileDescriptor)>",
					"source":"FIELDCALLER"
				},
				{
					"trace":[
						"<android.app.backup.BackupHelper: void performBackup(android.os.ParcelFileDescriptor,android.app.backup.BackupDataOutput,android.os.ParcelFileDescriptor)>",
						"<android.app.QueuedWork: void waitToFinish()>",
						"<android.app.BackStackRecord: void run()>",
						"<android.app.FragmentManagerImpl: void removeFragment(android.app.Fragment,int,int)>",
						"<android.app.FragmentManagerImpl: void moveToState(android.app.Fragment,int,int,int,boolean)>",
						"<android.app.ListFragment: void onViewCreated(android.view.View,android.os.Bundle)>",
						"<android.app.ListFragment: void ensureList()>",
						"<android.app.LoadedApk$ReceiverDispatcher$Args: void run()>",
						"key field: <android.app.LoadedApk$ReceiverDispatcher$Args: android.app.LoadedApk$ReceiverDispatcher this$0>",
						"<android.app.LoadedApk$ReceiverDispatcher$Args: void run()>"
					],
					"depth":8,
					"method":"<android.app.backup.BackupHelper: void performBackup(android.os.ParcelFileDescriptor,android.app.backup.BackupDataOutput,android.os.ParcelFileDescriptor)>",
					"source":"FIELDCALLER"
				},
				{
					"trace":[
						"<android.app.Instrumentation$SyncRunnable: void run()>",
						"<android.app.SharedPreferencesImpl$2: void run()>",
						"<android.app.BackStackRecord: void run()>",
						"<android.app.FragmentManagerImpl: void removeFragment(android.app.Fragment,int,int)>",
						"<android.app.FragmentManagerImpl: void moveToState(android.app.Fragment,int,int,int,boolean)>",
						"<android.app.ListFragment: void onViewCreated(android.view.View,android.os.Bundle)>",
						"<android.app.ListFragment: void ensureList()>",
						"<android.app.LoadedApk$ReceiverDispatcher$Args: void run()>",
						"key field: <android.app.LoadedApk$ReceiverDispatcher$Args: android.app.LoadedApk$ReceiverDispatcher this$0>",
						"<android.app.LoadedApk$ReceiverDispatcher$Args: void run()>"
					],
					"depth":8,
					"method":"<android.app.Instrumentation$SyncRunnable: void run()>",
					"source":"FIELDCALLER"
				},
				{
					"trace":[
						"<android.widget.TextClock$3: void run()>",
						"<android.app.SharedPreferencesImpl$2: void run()>",
						"<android.app.BackStackRecord: void run()>",
						"<android.app.FragmentManagerImpl: void removeFragment(android.app.Fragment,int,int)>",
						"<android.app.FragmentManagerImpl: void moveToState(android.app.Fragment,int,int,int,boolean)>",
						"<android.app.ListFragment: void onViewCreated(android.view.View,android.os.Bundle)>",
						"<android.app.ListFragment: void ensureList()>",
						"<android.app.LoadedApk$ReceiverDispatcher$Args: void run()>",
						"key field: <android.app.LoadedApk$ReceiverDispatcher$Args: android.app.LoadedApk$ReceiverDispatcher this$0>",
						"<android.app.LoadedApk$ReceiverDispatcher$Args: void run()>"
					],
					"depth":8,
					"method":"<android.widget.TextClock$3: void run()>",
					"source":"FIELDCALLER"
				},
				{
					"trace":[
						"<android.os.AsyncTask$SerialExecutor$1: void run()>",
						"<android.app.SharedPreferencesImpl$2: void run()>",
						"<android.app.BackStackRecord: void run()>",
						"<android.app.FragmentManagerImpl: void removeFragment(android.app.Fragment,int,int)>",
						"<android.app.FragmentManagerImpl: void moveToState(android.app.Fragment,int,int,int,boolean)>",
						"<android.app.ListFragment: void onViewCreated(android.view.View,android.os.Bundle)>",
						"<android.app.ListFragment: void ensureList()>",
						"<android.app.LoadedApk$ReceiverDispatcher$Args: void run()>",
						"key field: <android.app.LoadedApk$ReceiverDispatcher$Args: android.app.LoadedApk$ReceiverDispatcher this$0>",
						"<android.app.LoadedApk$ReceiverDispatcher$Args: void run()>"
					],
					"depth":8,
					"method":"<android.os.AsyncTask$SerialExecutor$1: void run()>",
					"source":"FIELDCALLER"
				},
				{
					"trace":[
						"<android.widget.DigitalClock$1: void run()>",
						"<android.app.SharedPreferencesImpl$2: void run()>",
						"<android.app.BackStackRecord: void run()>",
						"<android.app.FragmentManagerImpl: void removeFragment(android.app.Fragment,int,int)>",
						"<android.app.FragmentManagerImpl: void moveToState(android.app.Fragment,int,int,int,boolean)>",
						"<android.app.ListFragment: void onViewCreated(android.view.View,android.os.Bundle)>",
						"<android.app.ListFragment: void ensureList()>",
						"<android.app.LoadedApk$ReceiverDispatcher$Args: void run()>",
						"key field: <android.app.LoadedApk$ReceiverDispatcher$Args: android.app.LoadedApk$ReceiverDispatcher this$0>",
						"<android.app.LoadedApk$ReceiverDispatcher$Args: void run()>"
					],
					"depth":8,
					"method":"<android.widget.DigitalClock$1: void run()>",
					"source":"FIELDCALLER"
				},
				{
					"trace":[
						"<android.app.SharedPreferencesImpl$EditorImpl$2: void run()>",
						"<android.app.SharedPreferencesImpl$2: void run()>",
						"<android.app.BackStackRecord: void run()>",
						"<android.app.FragmentManagerImpl: void removeFragment(android.app.Fragment,int,int)>",
						"<android.app.FragmentManagerImpl: void moveToState(android.app.Fragment,int,int,int,boolean)>",
						"<android.app.ListFragment: void onViewCreated(android.view.View,android.os.Bundle)>",
						"<android.app.ListFragment: void ensureList()>",
						"<android.app.LoadedApk$ReceiverDispatcher$Args: void run()>",
						"key field: <android.app.LoadedApk$ReceiverDispatcher$Args: android.app.LoadedApk$ReceiverDispatcher this$0>",
						"<android.app.LoadedApk$ReceiverDispatcher$Args: void run()>"
					],
					"depth":8,
					"method":"<android.app.SharedPreferencesImpl$EditorImpl$2: void run()>",
					"source":"FIELDCALLER"
				},
				{
					"trace":[
						"<android.test.InstrumentationTestCase$1: void run()>",
						"<android.app.SharedPreferencesImpl$2: void run()>",
						"<android.app.BackStackRecord: void run()>",
						"<android.app.FragmentManagerImpl: void removeFragment(android.app.Fragment,int,int)>",
						"<android.app.FragmentManagerImpl: void moveToState(android.app.Fragment,int,int,int,boolean)>",
						"<android.app.ListFragment: void onViewCreated(android.view.View,android.os.Bundle)>",
						"<android.app.ListFragment: void ensureList()>",
						"<android.app.LoadedApk$ReceiverDispatcher$Args: void run()>",
						"key field: <android.app.LoadedApk$ReceiverDispatcher$Args: android.app.LoadedApk$ReceiverDispatcher this$0>",
						"<android.app.LoadedApk$ReceiverDispatcher$Args: void run()>"
					],
					"depth":8,
					"method":"<android.test.InstrumentationTestCase$1: void run()>",
					"source":"FIELDCALLER"
				},
				{
					"trace":[
						"<android.os.Handler$BlockingRunnable: void run()>",
						"<android.app.SharedPreferencesImpl$2: void run()>",
						"<android.app.BackStackRecord: void run()>",
						"<android.app.FragmentManagerImpl: void removeFragment(android.app.Fragment,int,int)>",
						"<android.app.FragmentManagerImpl: void moveToState(android.app.Fragment,int,int,int,boolean)>",
						"<android.app.ListFragment: void onViewCreated(android.view.View,android.os.Bundle)>",
						"<android.app.ListFragment: void ensureList()>",
						"<android.app.LoadedApk$ReceiverDispatcher$Args: void run()>",
						"key field: <android.app.LoadedApk$ReceiverDispatcher$Args: android.app.LoadedApk$ReceiverDispatcher this$0>",
						"<android.app.LoadedApk$ReceiverDispatcher$Args: void run()>"
					],
					"depth":8,
					"method":"<android.os.Handler$BlockingRunnable: void run()>",
					"source":"FIELDCALLER"
				},
				{
					"trace":[
						"<java.lang.Thread: void run()>",
						"<android.app.SharedPreferencesImpl$2: void run()>",
						"<android.app.BackStackRecord: void run()>",
						"<android.app.FragmentManagerImpl: void removeFragment(android.app.Fragment,int,int)>",
						"<android.app.FragmentManagerImpl: void moveToState(android.app.Fragment,int,int,int,boolean)>",
						"<android.app.ListFragment: void onViewCreated(android.view.View,android.os.Bundle)>",
						"<android.app.ListFragment: void ensureList()>",
						"<android.app.LoadedApk$ReceiverDispatcher$Args: void run()>",
						"key field: <android.app.LoadedApk$ReceiverDispatcher$Args: android.app.LoadedApk$ReceiverDispatcher this$0>",
						"<android.app.LoadedApk$ReceiverDispatcher$Args: void run()>"
					],
					"depth":8,
					"method":"<java.lang.Thread: void run()>",
					"source":"FIELDCALLER"
				},
				{
					"trace":[
						"<android.app.FragmentManagerImpl$3: void run()>",
						"<android.app.FragmentManagerImpl: boolean popBackStackState(android.os.Handler,java.lang.String,int,int)>",
						"<android.app.BackStackRecord: android.app.BackStackRecord$TransitionState popFromBackStack(boolean,android.app.BackStackRecord$TransitionState,android.util.SparseArray,android.util.SparseArray)>",
						"<android.app.FragmentManagerImpl: void removeFragment(android.app.Fragment,int,int)>",
						"<android.app.FragmentManagerImpl: void moveToState(android.app.Fragment,int,int,int,boolean)>",
						"<android.app.ListFragment: void onViewCreated(android.view.View,android.os.Bundle)>",
						"<android.app.ListFragment: void ensureList()>",
						"<android.app.LoadedApk$ReceiverDispatcher$Args: void run()>",
						"key field: <android.app.LoadedApk$ReceiverDispatcher$Args: android.app.LoadedApk$ReceiverDispatcher this$0>",
						"<android.app.LoadedApk$ReceiverDispatcher$Args: void run()>"
					],
					"depth":8,
					"method":"<android.app.FragmentManagerImpl$3: void run()>",
					"source":"FIELDCALLER"
				},
				{
					"trace":[
						"<android.app.FragmentManagerImpl: boolean popBackStackImmediate(int,int)>",
						"<android.app.FragmentManagerImpl: boolean popBackStackState(android.os.Handler,java.lang.String,int,int)>",
						"<android.app.BackStackRecord: android.app.BackStackRecord$TransitionState popFromBackStack(boolean,android.app.BackStackRecord$TransitionState,android.util.SparseArray,android.util.SparseArray)>",
						"<android.app.FragmentManagerImpl: void removeFragment(android.app.Fragment,int,int)>",
						"<android.app.FragmentManagerImpl: void moveToState(android.app.Fragment,int,int,int,boolean)>",
						"<android.app.ListFragment: void onViewCreated(android.view.View,android.os.Bundle)>",
						"<android.app.ListFragment: void ensureList()>",
						"<android.app.LoadedApk$ReceiverDispatcher$Args: void run()>",
						"key field: <android.app.LoadedApk$ReceiverDispatcher$Args: android.app.LoadedApk$ReceiverDispatcher this$0>",
						"<android.app.LoadedApk$ReceiverDispatcher$Args: void run()>"
					],
					"depth":8,
					"method":"<android.app.FragmentManagerImpl: boolean popBackStackImmediate(int,int)>",
					"source":"FIELDCALLER"
				},
				{
					"trace":[
						"<android.app.FragmentManager: boolean popBackStackImmediate(int,int)>",
						"<android.app.FragmentManagerImpl: boolean popBackStackState(android.os.Handler,java.lang.String,int,int)>",
						"<android.app.BackStackRecord: android.app.BackStackRecord$TransitionState popFromBackStack(boolean,android.app.BackStackRecord$TransitionState,android.util.SparseArray,android.util.SparseArray)>",
						"<android.app.FragmentManagerImpl: void removeFragment(android.app.Fragment,int,int)>",
						"<android.app.FragmentManagerImpl: void moveToState(android.app.Fragment,int,int,int,boolean)>",
						"<android.app.ListFragment: void onViewCreated(android.view.View,android.os.Bundle)>",
						"<android.app.ListFragment: void ensureList()>",
						"<android.app.LoadedApk$ReceiverDispatcher$Args: void run()>",
						"key field: <android.app.LoadedApk$ReceiverDispatcher$Args: android.app.LoadedApk$ReceiverDispatcher this$0>",
						"<android.app.LoadedApk$ReceiverDispatcher$Args: void run()>"
					],
					"depth":8,
					"method":"<android.app.FragmentManager: boolean popBackStackImmediate(int,int)>",
					"source":"FIELDCALLER"
				},
				{
					"trace":[
						"<android.app.FragmentManagerImpl: boolean popBackStackImmediate(java.lang.String,int)>",
						"<android.app.FragmentManagerImpl: boolean popBackStackState(android.os.Handler,java.lang.String,int,int)>",
						"<android.app.BackStackRecord: android.app.BackStackRecord$TransitionState popFromBackStack(boolean,android.app.BackStackRecord$TransitionState,android.util.SparseArray,android.util.SparseArray)>",
						"<android.app.FragmentManagerImpl: void removeFragment(android.app.Fragment,int,int)>",
						"<android.app.FragmentManagerImpl: void moveToState(android.app.Fragment,int,int,int,boolean)>",
						"<android.app.ListFragment: void onViewCreated(android.view.View,android.os.Bundle)>",
						"<android.app.ListFragment: void ensureList()>",
						"<android.app.LoadedApk$ReceiverDispatcher$Args: void run()>",
						"key field: <android.app.LoadedApk$ReceiverDispatcher$Args: android.app.LoadedApk$ReceiverDispatcher this$0>",
						"<android.app.LoadedApk$ReceiverDispatcher$Args: void run()>"
					],
					"depth":8,
					"method":"<android.app.FragmentManagerImpl: boolean popBackStackImmediate(java.lang.String,int)>",
					"source":"FIELDCALLER"
				},
				{
					"trace":[
						"<android.app.FragmentManager: boolean popBackStackImmediate(java.lang.String,int)>",
						"<android.app.FragmentManagerImpl: boolean popBackStackState(android.os.Handler,java.lang.String,int,int)>",
						"<android.app.BackStackRecord: android.app.BackStackRecord$TransitionState popFromBackStack(boolean,android.app.BackStackRecord$TransitionState,android.util.SparseArray,android.util.SparseArray)>",
						"<android.app.FragmentManagerImpl: void removeFragment(android.app.Fragment,int,int)>",
						"<android.app.FragmentManagerImpl: void moveToState(android.app.Fragment,int,int,int,boolean)>",
						"<android.app.ListFragment: void onViewCreated(android.view.View,android.os.Bundle)>",
						"<android.app.ListFragment: void ensureList()>",
						"<android.app.LoadedApk$ReceiverDispatcher$Args: void run()>",
						"key field: <android.app.LoadedApk$ReceiverDispatcher$Args: android.app.LoadedApk$ReceiverDispatcher this$0>",
						"<android.app.LoadedApk$ReceiverDispatcher$Args: void run()>"
					],
					"depth":8,
					"method":"<android.app.FragmentManager: boolean popBackStackImmediate(java.lang.String,int)>",
					"source":"FIELDCALLER"
				},
				{
					"trace":[
						"<android.app.FragmentManagerImpl: boolean popBackStackImmediate()>",
						"<android.app.FragmentManagerImpl: boolean popBackStackState(android.os.Handler,java.lang.String,int,int)>",
						"<android.app.BackStackRecord: android.app.BackStackRecord$TransitionState popFromBackStack(boolean,android.app.BackStackRecord$TransitionState,android.util.SparseArray,android.util.SparseArray)>",
						"<android.app.FragmentManagerImpl: void removeFragment(android.app.Fragment,int,int)>",
						"<android.app.FragmentManagerImpl: void moveToState(android.app.Fragment,int,int,int,boolean)>",
						"<android.app.ListFragment: void onViewCreated(android.view.View,android.os.Bundle)>",
						"<android.app.ListFragment: void ensureList()>",
						"<android.app.LoadedApk$ReceiverDispatcher$Args: void run()>",
						"key field: <android.app.LoadedApk$ReceiverDispatcher$Args: android.app.LoadedApk$ReceiverDispatcher this$0>",
						"<android.app.LoadedApk$ReceiverDispatcher$Args: void run()>"
					],
					"depth":8,
					"method":"<android.app.FragmentManagerImpl: boolean popBackStackImmediate()>",
					"source":"FIELDCALLER"
				},
				{
					"trace":[
						"<android.app.FragmentManager: boolean popBackStackImmediate()>",
						"<android.app.FragmentManagerImpl: boolean popBackStackState(android.os.Handler,java.lang.String,int,int)>",
						"<android.app.BackStackRecord: android.app.BackStackRecord$TransitionState popFromBackStack(boolean,android.app.BackStackRecord$TransitionState,android.util.SparseArray,android.util.SparseArray)>",
						"<android.app.FragmentManagerImpl: void removeFragment(android.app.Fragment,int,int)>",
						"<android.app.FragmentManagerImpl: void moveToState(android.app.Fragment,int,int,int,boolean)>",
						"<android.app.ListFragment: void onViewCreated(android.view.View,android.os.Bundle)>",
						"<android.app.ListFragment: void ensureList()>",
						"<android.app.LoadedApk$ReceiverDispatcher$Args: void run()>",
						"key field: <android.app.LoadedApk$ReceiverDispatcher$Args: android.app.LoadedApk$ReceiverDispatcher this$0>",
						"<android.app.LoadedApk$ReceiverDispatcher$Args: void run()>"
					],
					"depth":8,
					"method":"<android.app.FragmentManager: boolean popBackStackImmediate()>",
					"source":"FIELDCALLER"
				},
				{
					"trace":[
						"<android.app.FragmentManagerImpl$2: void run()>",
						"<android.app.FragmentManagerImpl: boolean popBackStackState(android.os.Handler,java.lang.String,int,int)>",
						"<android.app.BackStackRecord: android.app.BackStackRecord$TransitionState popFromBackStack(boolean,android.app.BackStackRecord$TransitionState,android.util.SparseArray,android.util.SparseArray)>",
						"<android.app.FragmentManagerImpl: void removeFragment(android.app.Fragment,int,int)>",
						"<android.app.FragmentManagerImpl: void moveToState(android.app.Fragment,int,int,int,boolean)>",
						"<android.app.ListFragment: void onViewCreated(android.view.View,android.os.Bundle)>",
						"<android.app.ListFragment: void ensureList()>",
						"<android.app.LoadedApk$ReceiverDispatcher$Args: void run()>",
						"key field: <android.app.LoadedApk$ReceiverDispatcher$Args: android.app.LoadedApk$ReceiverDispatcher this$0>",
						"<android.app.LoadedApk$ReceiverDispatcher$Args: void run()>"
					],
					"depth":8,
					"method":"<android.app.FragmentManagerImpl$2: void run()>",
					"source":"FIELDCALLER"
				},
				{
					"trace":[
						"<android.app.FragmentManagerImpl$4: void run()>",
						"<android.app.FragmentManagerImpl: boolean popBackStackState(android.os.Handler,java.lang.String,int,int)>",
						"<android.app.BackStackRecord: android.app.BackStackRecord$TransitionState popFromBackStack(boolean,android.app.BackStackRecord$TransitionState,android.util.SparseArray,android.util.SparseArray)>",
						"<android.app.FragmentManagerImpl: void removeFragment(android.app.Fragment,int,int)>",
						"<android.app.FragmentManagerImpl: void moveToState(android.app.Fragment,int,int,int,boolean)>",
						"<android.app.ListFragment: void onViewCreated(android.view.View,android.os.Bundle)>",
						"<android.app.ListFragment: void ensureList()>",
						"<android.app.LoadedApk$ReceiverDispatcher$Args: void run()>",
						"key field: <android.app.LoadedApk$ReceiverDispatcher$Args: android.app.LoadedApk$ReceiverDispatcher this$0>",
						"<android.app.LoadedApk$ReceiverDispatcher$Args: void run()>"
					],
					"depth":8,
					"method":"<android.app.FragmentManagerImpl$4: void run()>",
					"source":"FIELDCALLER"
				},
				{
					"trace":[
						"<android.view.LayoutInflater$FactoryMerger: android.view.View onCreateView(android.view.View,java.lang.String,android.content.Context,android.util.AttributeSet)>",
						"<android.app.Activity: android.view.View onCreateView(android.view.View,java.lang.String,android.content.Context,android.util.AttributeSet)>",
						"<android.app.FragmentController: android.view.View onCreateView(android.view.View,java.lang.String,android.content.Context,android.util.AttributeSet)>",
						"<android.app.FragmentManagerImpl: android.view.View onCreateView(android.view.View,java.lang.String,android.content.Context,android.util.AttributeSet)>",
						"<android.app.FragmentManagerImpl: void moveToState(android.app.Fragment,int,int,int,boolean)>",
						"<android.app.ListFragment: void onViewCreated(android.view.View,android.os.Bundle)>",
						"<android.app.ListFragment: void ensureList()>",
						"<android.app.LoadedApk$ReceiverDispatcher$Args: void run()>",
						"key field: <android.app.LoadedApk$ReceiverDispatcher$Args: android.app.LoadedApk$ReceiverDispatcher this$0>",
						"<android.app.LoadedApk$ReceiverDispatcher$Args: void run()>"
					],
					"depth":8,
					"method":"<android.view.LayoutInflater$FactoryMerger: android.view.View onCreateView(android.view.View,java.lang.String,android.content.Context,android.util.AttributeSet)>",
					"source":"FIELDCALLER"
				}
			],
			"callerOfSingnlar2SourceVar":{}
		}
	]
}