{
	"exceptions":[
		{
			"method":"<android.hardware.camera2.legacy.RequestThreadManager: void doPreviewCapture(android.hardware.camera2.legacy.RequestHolder)>",
			"message":"\\QPreview capture called with no preview surfaces configured.\\E",
			"relatedVarType":"Field",
			"relatedCondType":"Basic",
			"modifier":"private",
			"type":"java.lang.IllegalStateException",
			"osVersionRelated":false,
			"resourceRelated":false,
			"assessRelated":false,
			"hardwareRelated":true,
			"manifestRelated":false,
			"conditions":"$r1 != null, $z0 == 0",
			"fieldValues":"<android.hardware.camera2.legacy.RequestThreadManager: android.graphics.SurfaceTexture mPreviewTexture>, <android.hardware.camera2.legacy.RequestThreadManager: boolean mPreviewRunning>",
			"relatedValues":"; <android.hardware.camera2.legacy.RequestThreadManager: android.graphics.SurfaceTexture mPreviewTexture>, <android.hardware.camera2.legacy.RequestThreadManager: boolean mPreviewRunning>; ",
			"keyAPISameClassNum":1,
			"keyAPIDiffClassNum":5,
			"keyAPISameClass":[
				{
					"trace":[
						"<android.hardware.camera2.legacy.RequestThreadManager: void doPreviewCapture(android.hardware.camera2.legacy.RequestHolder)>"
					],
					"depth":1,
					"method":"<android.hardware.camera2.legacy.RequestThreadManager: void <init>(int,android.hardware.Camera,android.hardware.camera2.CameraCharacteristics,android.hardware.camera2.legacy.CameraDeviceState)>",
					"source":"FIELD"
				}
			],
			"keyAPIDiffClass":[
				{
					"trace":[
						"<android.hardware.camera2.legacy.LegacyCameraDevice: void <init>(int,android.hardware.Camera,android.hardware.camera2.CameraCharacteristics,android.hardware.camera2.ICameraDeviceCallbacks)>",
						"<android.hardware.camera2.legacy.RequestThreadManager: void <init>(int,android.hardware.Camera,android.hardware.camera2.CameraCharacteristics,android.hardware.camera2.legacy.CameraDeviceState)>",
						"key field: <android.hardware.camera2.legacy.RequestThreadManager: boolean mPreviewRunning>",
						"<android.hardware.camera2.legacy.RequestThreadManager: void doPreviewCapture(android.hardware.camera2.legacy.RequestHolder)>"
					],
					"depth":2,
					"method":"<android.hardware.camera2.legacy.LegacyCameraDevice: void <init>(int,android.hardware.Camera,android.hardware.camera2.CameraCharacteristics,android.hardware.camera2.ICameraDeviceCallbacks)>",
					"source":"FIELDCALLER"
				},
				{
					"trace":[
						"<android.hardware.camera2.legacy.RequestThreadManager$5: boolean handleMessage(android.os.Message)>",
						"<android.hardware.camera2.legacy.RequestThreadManager: void access$1400(android.hardware.camera2.legacy.RequestThreadManager,android.hardware.camera2.legacy.RequestHolder)>",
						"<android.hardware.camera2.legacy.RequestThreadManager: void doPreviewCapture(android.hardware.camera2.legacy.RequestHolder)>",
						"key field: <android.hardware.camera2.legacy.RequestThreadManager: android.graphics.SurfaceTexture mPreviewTexture>",
						"<android.hardware.camera2.legacy.RequestThreadManager: void doPreviewCapture(android.hardware.camera2.legacy.RequestHolder)>"
					],
					"depth":3,
					"method":"<android.hardware.camera2.legacy.RequestThreadManager$5: boolean handleMessage(android.os.Message)>",
					"source":"FIELDCALLER"
				},
				{
					"trace":[
						"<android.os.Handler$Callback: boolean handleMessage(android.os.Message)>",
						"<android.hardware.camera2.legacy.RequestThreadManager: void access$1400(android.hardware.camera2.legacy.RequestThreadManager,android.hardware.camera2.legacy.RequestHolder)>",
						"<android.hardware.camera2.legacy.RequestThreadManager: void doPreviewCapture(android.hardware.camera2.legacy.RequestHolder)>",
						"key field: <android.hardware.camera2.legacy.RequestThreadManager: android.graphics.SurfaceTexture mPreviewTexture>",
						"<android.hardware.camera2.legacy.RequestThreadManager: void doPreviewCapture(android.hardware.camera2.legacy.RequestHolder)>"
					],
					"depth":3,
					"method":"<android.os.Handler$Callback: boolean handleMessage(android.os.Message)>",
					"source":"FIELDCALLER"
				},
				{
					"trace":[
						"<android.hardware.camera2.legacy.CameraDeviceUserShim: android.hardware.camera2.legacy.CameraDeviceUserShim connectBinderShim(android.hardware.camera2.ICameraDeviceCallbacks,int)>",
						"<android.hardware.camera2.legacy.LegacyCameraDevice: void <init>(int,android.hardware.Camera,android.hardware.camera2.CameraCharacteristics,android.hardware.camera2.ICameraDeviceCallbacks)>",
						"<android.hardware.camera2.legacy.RequestThreadManager: void <init>(int,android.hardware.Camera,android.hardware.camera2.CameraCharacteristics,android.hardware.camera2.legacy.CameraDeviceState)>",
						"key field: <android.hardware.camera2.legacy.RequestThreadManager: boolean mPreviewRunning>",
						"<android.hardware.camera2.legacy.RequestThreadManager: void doPreviewCapture(android.hardware.camera2.legacy.RequestHolder)>"
					],
					"depth":3,
					"method":"<android.hardware.camera2.legacy.CameraDeviceUserShim: android.hardware.camera2.legacy.CameraDeviceUserShim connectBinderShim(android.hardware.camera2.ICameraDeviceCallbacks,int)>",
					"source":"FIELDCALLER"
				},
				{
					"trace":[
						"<android.hardware.camera2.CameraManager: void openCamera(java.lang.String,android.hardware.camera2.CameraDevice$StateCallback,android.os.Handler)>",
						"<android.hardware.camera2.CameraManager: android.hardware.camera2.CameraDevice openCameraDeviceUserAsync(java.lang.String,android.hardware.camera2.CameraDevice$StateCallback,android.os.Handler)>",
						"<android.hardware.camera2.legacy.CameraDeviceUserShim: android.hardware.camera2.legacy.CameraDeviceUserShim connectBinderShim(android.hardware.camera2.ICameraDeviceCallbacks,int)>",
						"<android.hardware.camera2.legacy.LegacyCameraDevice: void <init>(int,android.hardware.Camera,android.hardware.camera2.CameraCharacteristics,android.hardware.camera2.ICameraDeviceCallbacks)>",
						"<android.hardware.camera2.legacy.RequestThreadManager: void <init>(int,android.hardware.Camera,android.hardware.camera2.CameraCharacteristics,android.hardware.camera2.legacy.CameraDeviceState)>",
						"key field: <android.hardware.camera2.legacy.RequestThreadManager: boolean mPreviewRunning>",
						"<android.hardware.camera2.legacy.RequestThreadManager: void doPreviewCapture(android.hardware.camera2.legacy.RequestHolder)>"
					],
					"depth":5,
					"method":"<android.hardware.camera2.CameraManager: void openCamera(java.lang.String,android.hardware.camera2.CameraDevice$StateCallback,android.os.Handler)>",
					"source":"FIELDCALLER"
				}
			],
			"callerOfSingnlar2SourceVar":{}
		},
		{
			"method":"<android.hardware.camera2.legacy.RequestThreadManager: android.util.Size calculatePictureSize(java.util.List,java.util.List,android.hardware.Camera$Parameters)>",
			"message":"\\QInput collections must be same length\\E",
			"relatedVarType":"Parameter",
			"relatedCondType":"Basic",
			"modifier":"private",
			"type":"java.lang.IllegalStateException",
			"osVersionRelated":false,
			"resourceRelated":false,
			"assessRelated":false,
			"hardwareRelated":true,
			"manifestRelated":false,
			"conditions":"$i0 == $i1",
			"paramValues":"@parameter0: java.util.List, @parameter1: java.util.List",
			"relatedValues":"@parameter0: java.util.List, @parameter1: java.util.List; ; ",
			"keyAPISameClassNum":0,
			"keyAPIDiffClassNum":0,
			"keyAPISameClass":[
				{
					"trace":[
						"<android.hardware.camera2.legacy.RequestThreadManager: android.util.Size calculatePictureSize(java.util.List,java.util.List,android.hardware.Camera$Parameters)>"
					],
					"depth":0,
					"method":"<android.hardware.camera2.legacy.RequestThreadManager: android.util.Size calculatePictureSize(java.util.List,java.util.List,android.hardware.Camera$Parameters)>",
					"source":"CALLER"
				}
			],
			"keyAPIDiffClass":[
				{
					"trace":[
						"<android.hardware.camera2.legacy.RequestThreadManager$5: boolean handleMessage(android.os.Message)>",
						"<android.hardware.camera2.legacy.RequestThreadManager: void access$600(android.hardware.camera2.legacy.RequestThreadManager,java.util.Collection)>",
						"<android.hardware.camera2.legacy.RequestThreadManager: void configureOutputs(java.util.Collection)>",
						"<android.hardware.camera2.legacy.RequestThreadManager: android.util.Size calculatePictureSize(java.util.List,java.util.List,android.hardware.Camera$Parameters)>"
					],
					"depth":3,
					"method":"<android.hardware.camera2.legacy.RequestThreadManager$5: boolean handleMessage(android.os.Message)>",
					"source":"CALLER"
				},
				{
					"trace":[
						"<android.os.Handler$Callback: boolean handleMessage(android.os.Message)>",
						"<android.hardware.camera2.legacy.RequestThreadManager: void access$600(android.hardware.camera2.legacy.RequestThreadManager,java.util.Collection)>",
						"<android.hardware.camera2.legacy.RequestThreadManager: void configureOutputs(java.util.Collection)>",
						"<android.hardware.camera2.legacy.RequestThreadManager: android.util.Size calculatePictureSize(java.util.List,java.util.List,android.hardware.Camera$Parameters)>"
					],
					"depth":3,
					"method":"<android.os.Handler$Callback: boolean handleMessage(android.os.Message)>",
					"source":"CALLER"
				}
			],
			"callerOfSingnlar2SourceVar":{
				"<android.hardware.camera2.legacy.RequestThreadManager: android.util.Size calculatePictureSize(java.util.List,java.util.List,android.hardware.Camera$Parameters)>":"0, 1"
			}
		},
		{
			"method":"<android.hardware.camera2.legacy.RequestThreadManager: android.util.Size calculatePictureSize(java.util.List,java.util.List,android.hardware.Camera$Parameters)>",
			"message":"\\QCould not find any supported JPEG sizes large enough to fit \\E[\\s\\S]*",
			"relatedVarType":"Parameter",
			"relatedCondType":"Basic",
			"modifier":"private",
			"type":"java.lang.AssertionError",
			"osVersionRelated":false,
			"resourceRelated":false,
			"assessRelated":false,
			"hardwareRelated":true,
			"manifestRelated":false,
			"conditions":"$z3 == 0, $z2 == 0, $z1 == 0",
			"paramValues":"@parameter2: android.hardware.Camera$Parameters, @parameter1: java.util.List",
			"relatedValues":"@parameter2: android.hardware.Camera$Parameters, @parameter1: java.util.List; ; ",
			"keyAPISameClassNum":0,
			"keyAPIDiffClassNum":0,
			"keyAPISameClass":[
				{
					"trace":[
						"<android.hardware.camera2.legacy.RequestThreadManager: android.util.Size calculatePictureSize(java.util.List,java.util.List,android.hardware.Camera$Parameters)>"
					],
					"depth":0,
					"method":"<android.hardware.camera2.legacy.RequestThreadManager: android.util.Size calculatePictureSize(java.util.List,java.util.List,android.hardware.Camera$Parameters)>",
					"source":"CALLER"
				}
			],
			"keyAPIDiffClass":[
				{
					"trace":[
						"<android.hardware.camera2.legacy.RequestThreadManager$5: boolean handleMessage(android.os.Message)>",
						"<android.hardware.camera2.legacy.RequestThreadManager: void access$600(android.hardware.camera2.legacy.RequestThreadManager,java.util.Collection)>",
						"<android.hardware.camera2.legacy.RequestThreadManager: void configureOutputs(java.util.Collection)>",
						"<android.hardware.camera2.legacy.RequestThreadManager: android.util.Size calculatePictureSize(java.util.List,java.util.List,android.hardware.Camera$Parameters)>"
					],
					"depth":3,
					"method":"<android.hardware.camera2.legacy.RequestThreadManager$5: boolean handleMessage(android.os.Message)>",
					"source":"CALLER"
				},
				{
					"trace":[
						"<android.os.Handler$Callback: boolean handleMessage(android.os.Message)>",
						"<android.hardware.camera2.legacy.RequestThreadManager: void access$600(android.hardware.camera2.legacy.RequestThreadManager,java.util.Collection)>",
						"<android.hardware.camera2.legacy.RequestThreadManager: void configureOutputs(java.util.Collection)>",
						"<android.hardware.camera2.legacy.RequestThreadManager: android.util.Size calculatePictureSize(java.util.List,java.util.List,android.hardware.Camera$Parameters)>"
					],
					"depth":3,
					"method":"<android.os.Handler$Callback: boolean handleMessage(android.os.Message)>",
					"source":"CALLER"
				}
			],
			"callerOfSingnlar2SourceVar":{
				"<android.hardware.camera2.legacy.RequestThreadManager: android.util.Size calculatePictureSize(java.util.List,java.util.List,android.hardware.Camera$Parameters)>":"2, 1"
			}
		}
	]
}