{
	"exceptions":[
		{
			"method":"<android.app.DownloadManager: int markRowDeleted(long[])>",
			"message":"\\Qinput param 'ids' can't be null\\E",
			"relatedVarType":"Parameter",
			"relatedCondType":"Basic",
			"modifier":"public",
			"type":"java.lang.IllegalArgumentException",
			"osVersionRelated":false,
			"resourceRelated":false,
			"assessRelated":false,
			"hardwareRelated":false,
			"manifestRelated":false,
			"conditions":"r0 == null, $i0 != 0",
			"paramValues":"@parameter0: long[]",
			"relatedValues":"@parameter0: long[]; ; ",
			"keyAPISameClassNum":0,
			"keyAPIDiffClassNum":0,
			"keyAPISameClass":[
				{
					"trace":[
						"<android.app.DownloadManager: int markRowDeleted(long[])>"
					],
					"depth":0,
					"method":"<android.app.DownloadManager: int markRowDeleted(long[])>",
					"source":"CALLER"
				},
				{
					"trace":[
						"<android.app.DownloadManager: int remove(long[])>",
						"<android.app.DownloadManager: int markRowDeleted(long[])>"
					],
					"depth":1,
					"method":"<android.app.DownloadManager: int remove(long[])>",
					"source":"CALLER"
				}
			],
			"keyAPIDiffClass":[],
			"callerOfSingnlar2SourceVar":{
				"<android.app.DownloadManager: int markRowDeleted(long[])>":"0",
				"<android.app.DownloadManager: int remove(long[])>":"0"
			}
		},
		{
			"method":"<android.app.DownloadManager: void restartDownload(long[])>",
			"message":"\\QCannot restart incomplete download: \\E[\\s\\S]*",
			"relatedVarType":"Parameter",
			"relatedCondType":"Basic",
			"modifier":"public",
			"type":"java.lang.IllegalArgumentException",
			"osVersionRelated":false,
			"resourceRelated":false,
			"assessRelated":false,
			"hardwareRelated":false,
			"manifestRelated":false,
			"conditions":"i4 == 16, i4 == 8, $z1 != 0",
			"paramValues":"@parameter0: long[]",
			"relatedValues":"@parameter0: long[]; ; ",
			"keyAPISameClassNum":0,
			"keyAPIDiffClassNum":0,
			"keyAPISameClass":[
				{
					"trace":[
						"<android.app.DownloadManager: void restartDownload(long[])>"
					],
					"depth":0,
					"method":"<android.app.DownloadManager: void restartDownload(long[])>",
					"source":"CALLER"
				}
			],
			"keyAPIDiffClass":[],
			"callerOfSingnlar2SourceVar":{
				"<android.app.DownloadManager: void restartDownload(long[])>":"0"
			}
		},
		{
			"method":"<android.app.DownloadManager: long addCompletedDownload(java.lang.String,java.lang.String,boolean,java.lang.String,java.lang.String,long,boolean,boolean)>",
			"message":"\\Q invalid value for param: totalBytes\\E",
			"relatedVarType":"Parameter",
			"relatedCondType":"Basic",
			"modifier":"public",
			"type":"java.lang.IllegalArgumentException",
			"osVersionRelated":false,
			"resourceRelated":false,
			"assessRelated":false,
			"hardwareRelated":false,
			"manifestRelated":false,
			"conditions":"$b1 >= 0",
			"paramValues":"@parameter5: long",
			"relatedValues":"@parameter5: long; ; ",
			"keyAPISameClassNum":0,
			"keyAPIDiffClassNum":0,
			"keyAPISameClass":[
				{
					"trace":[
						"<android.app.DownloadManager: long addCompletedDownload(java.lang.String,java.lang.String,boolean,java.lang.String,java.lang.String,long,boolean,boolean)>"
					],
					"depth":0,
					"method":"<android.app.DownloadManager: long addCompletedDownload(java.lang.String,java.lang.String,boolean,java.lang.String,java.lang.String,long,boolean,boolean)>",
					"source":"CALLER"
				},
				{
					"trace":[
						"<android.app.DownloadManager: long addCompletedDownload(java.lang.String,java.lang.String,boolean,java.lang.String,java.lang.String,long,boolean)>",
						"<android.app.DownloadManager: long addCompletedDownload(java.lang.String,java.lang.String,boolean,java.lang.String,java.lang.String,long,boolean,boolean)>"
					],
					"depth":1,
					"method":"<android.app.DownloadManager: long addCompletedDownload(java.lang.String,java.lang.String,boolean,java.lang.String,java.lang.String,long,boolean)>",
					"source":"CALLER"
				}
			],
			"keyAPIDiffClass":[],
			"callerOfSingnlar2SourceVar":{
				"<android.app.DownloadManager: long addCompletedDownload(java.lang.String,java.lang.String,boolean,java.lang.String,java.lang.String,long,boolean,boolean)>":"5",
				"<android.app.DownloadManager: long addCompletedDownload(java.lang.String,java.lang.String,boolean,java.lang.String,java.lang.String,long,boolean)>":"5"
			}
		},
		{
			"method":"<android.app.DownloadManager: void validateArgumentIsNonEmpty(java.lang.String,java.lang.String)>",
			"message":"[\\s\\S]*\\Q can't be null\\E",
			"relatedVarType":"Parameter",
			"relatedCondType":"Basic",
			"modifier":"private",
			"type":"java.lang.IllegalArgumentException",
			"osVersionRelated":false,
			"resourceRelated":false,
			"assessRelated":false,
			"hardwareRelated":false,
			"manifestRelated":false,
			"conditions":"$z0 == 0",
			"paramValues":"@parameter1: java.lang.String",
			"relatedValues":"@parameter1: java.lang.String; ; ",
			"keyAPISameClassNum":0,
			"keyAPIDiffClassNum":0,
			"keyAPISameClass":[
				{
					"trace":[
						"<android.app.DownloadManager: void validateArgumentIsNonEmpty(java.lang.String,java.lang.String)>"
					],
					"depth":0,
					"method":"<android.app.DownloadManager: void validateArgumentIsNonEmpty(java.lang.String,java.lang.String)>",
					"source":"CALLER"
				},
				{
					"trace":[
						"<android.app.DownloadManager: long addCompletedDownload(java.lang.String,java.lang.String,boolean,java.lang.String,java.lang.String,long,boolean,boolean)>",
						"<android.app.DownloadManager: void validateArgumentIsNonEmpty(java.lang.String,java.lang.String)>"
					],
					"depth":1,
					"method":"<android.app.DownloadManager: long addCompletedDownload(java.lang.String,java.lang.String,boolean,java.lang.String,java.lang.String,long,boolean,boolean)>",
					"source":"CALLER"
				},
				{
					"trace":[
						"<android.app.DownloadManager: long addCompletedDownload(java.lang.String,java.lang.String,boolean,java.lang.String,java.lang.String,long,boolean)>",
						"<android.app.DownloadManager: long addCompletedDownload(java.lang.String,java.lang.String,boolean,java.lang.String,java.lang.String,long,boolean,boolean)>",
						"<android.app.DownloadManager: void validateArgumentIsNonEmpty(java.lang.String,java.lang.String)>"
					],
					"depth":2,
					"method":"<android.app.DownloadManager: long addCompletedDownload(java.lang.String,java.lang.String,boolean,java.lang.String,java.lang.String,long,boolean)>",
					"source":"CALLER"
				}
			],
			"keyAPIDiffClass":[],
			"callerOfSingnlar2SourceVar":{
				"<android.app.DownloadManager: long addCompletedDownload(java.lang.String,java.lang.String,boolean,java.lang.String,java.lang.String,long,boolean,boolean)>":"0, 1, 4, 3",
				"<android.app.DownloadManager: long addCompletedDownload(java.lang.String,java.lang.String,boolean,java.lang.String,java.lang.String,long,boolean)>":"0, 1, 4, 3",
				"<android.app.DownloadManager: void validateArgumentIsNonEmpty(java.lang.String,java.lang.String)>":"1"
			}
		}
	]
}