{
	"exceptions":[
		{
			"method":"<android.hardware.SensorManager: boolean injectSensorData(android.hardware.Sensor,float[],int,long)>",
			"message":"\\Qsensor does not support data injection\\E",
			"relatedVarType":"Parameter",
			"relatedCondType":"Basic",
			"modifier":"public",
			"type":"java.lang.IllegalArgumentException",
			"osVersionRelated":false,
			"resourceRelated":false,
			"assessRelated":false,
			"hardwareRelated":true,
			"manifestRelated":false,
			"conditions":"$z0 != 0, r0 != null",
			"paramValues":"@parameter0: android.hardware.Sensor",
			"relatedValues":"@parameter0: android.hardware.Sensor; ; ",
			"keyAPISameClassNum":0,
			"keyAPIDiffClassNum":0,
			"keyAPISameClass":[
				{
					"trace":[
						"<android.hardware.SensorManager: boolean injectSensorData(android.hardware.Sensor,float[],int,long)>"
					],
					"depth":0,
					"method":"<android.hardware.SensorManager: boolean injectSensorData(android.hardware.Sensor,float[],int,long)>",
					"source":"CALLER"
				}
			],
			"keyAPIDiffClass":[],
			"callerOfSingnlar2SourceVar":{
				"<android.hardware.SensorManager: boolean injectSensorData(android.hardware.Sensor,float[],int,long)>":"0"
			}
		},
		{
			"method":"<android.hardware.SensorManager: boolean injectSensorData(android.hardware.Sensor,float[],int,long)>",
			"message":"\\Qsensor cannot be null\\E",
			"relatedVarType":"Parameter",
			"relatedCondType":"Basic",
			"modifier":"public",
			"type":"java.lang.IllegalArgumentException",
			"osVersionRelated":false,
			"resourceRelated":false,
			"assessRelated":false,
			"hardwareRelated":true,
			"manifestRelated":false,
			"conditions":"r0 != null",
			"paramValues":"@parameter0: android.hardware.Sensor",
			"relatedValues":"@parameter0: android.hardware.Sensor; ; ",
			"keyAPISameClassNum":0,
			"keyAPIDiffClassNum":0,
			"keyAPISameClass":[
				{
					"trace":[
						"<android.hardware.SensorManager: boolean injectSensorData(android.hardware.Sensor,float[],int,long)>"
					],
					"depth":0,
					"method":"<android.hardware.SensorManager: boolean injectSensorData(android.hardware.Sensor,float[],int,long)>",
					"source":"CALLER"
				}
			],
			"keyAPIDiffClass":[],
			"callerOfSingnlar2SourceVar":{
				"<android.hardware.SensorManager: boolean injectSensorData(android.hardware.Sensor,float[],int,long)>":"0"
			}
		},
		{
			"method":"<android.hardware.SensorManager: boolean injectSensorData(android.hardware.Sensor,float[],int,long)>",
			"message":"\\Qsensor data cannot be null\\E",
			"relatedVarType":"Parameter",
			"relatedCondType":"Basic",
			"modifier":"public",
			"type":"java.lang.IllegalArgumentException",
			"osVersionRelated":false,
			"resourceRelated":false,
			"assessRelated":false,
			"hardwareRelated":true,
			"manifestRelated":false,
			"conditions":"r1 != null, $z0 != 0, r0 != null",
			"paramValues":"@parameter1: float[], @parameter0: android.hardware.Sensor",
			"relatedValues":"@parameter1: float[], @parameter0: android.hardware.Sensor; ; ",
			"keyAPISameClassNum":0,
			"keyAPIDiffClassNum":0,
			"keyAPISameClass":[
				{
					"trace":[
						"<android.hardware.SensorManager: boolean injectSensorData(android.hardware.Sensor,float[],int,long)>"
					],
					"depth":0,
					"method":"<android.hardware.SensorManager: boolean injectSensorData(android.hardware.Sensor,float[],int,long)>",
					"source":"CALLER"
				}
			],
			"keyAPIDiffClass":[],
			"callerOfSingnlar2SourceVar":{
				"<android.hardware.SensorManager: boolean injectSensorData(android.hardware.Sensor,float[],int,long)>":"1, 0"
			}
		},
		{
			"method":"<android.hardware.SensorManager: boolean injectSensorData(android.hardware.Sensor,float[],int,long)>",
			"message":"\\QNegative or zero sensor timestamp\\E",
			"relatedVarType":"Parameter",
			"relatedCondType":"Basic",
			"modifier":"public",
			"type":"java.lang.IllegalArgumentException",
			"osVersionRelated":false,
			"resourceRelated":false,
			"assessRelated":false,
			"hardwareRelated":true,
			"manifestRelated":false,
			"conditions":"$b4 > 0, i2 <= 3, i2 < -1",
			"paramValues":"@parameter3: long, @parameter2: int",
			"relatedValues":"@parameter3: long, @parameter2: int; ; ",
			"keyAPISameClassNum":0,
			"keyAPIDiffClassNum":0,
			"keyAPISameClass":[
				{
					"trace":[
						"<android.hardware.SensorManager: boolean injectSensorData(android.hardware.Sensor,float[],int,long)>"
					],
					"depth":0,
					"method":"<android.hardware.SensorManager: boolean injectSensorData(android.hardware.Sensor,float[],int,long)>",
					"source":"CALLER"
				}
			],
			"keyAPIDiffClass":[],
			"callerOfSingnlar2SourceVar":{
				"<android.hardware.SensorManager: boolean injectSensorData(android.hardware.Sensor,float[],int,long)>":"3, 2"
			}
		},
		{
			"method":"<android.hardware.SensorManager: boolean injectSensorData(android.hardware.Sensor,float[],int,long)>",
			"message":"\\QWrong number of values for sensor \\E[\\s\\S]*\\Q actual=\\E[\\s\\S]*\\Q expected=\\E[\\s\\S]*",
			"relatedVarType":"Parameter",
			"relatedCondType":"Basic",
			"modifier":"public",
			"type":"java.lang.IllegalArgumentException",
			"osVersionRelated":false,
			"resourceRelated":false,
			"assessRelated":false,
			"hardwareRelated":true,
			"manifestRelated":false,
			"conditions":"$i1 == i0, r1 != null, $z0 != 0",
			"paramValues":"@parameter1: float[], @parameter0: android.hardware.Sensor",
			"relatedValues":"@parameter1: float[], @parameter0: android.hardware.Sensor; ; ",
			"keyAPISameClassNum":0,
			"keyAPIDiffClassNum":0,
			"keyAPISameClass":[
				{
					"trace":[
						"<android.hardware.SensorManager: boolean injectSensorData(android.hardware.Sensor,float[],int,long)>"
					],
					"depth":0,
					"method":"<android.hardware.SensorManager: boolean injectSensorData(android.hardware.Sensor,float[],int,long)>",
					"source":"CALLER"
				}
			],
			"keyAPIDiffClass":[],
			"callerOfSingnlar2SourceVar":{
				"<android.hardware.SensorManager: boolean injectSensorData(android.hardware.Sensor,float[],int,long)>":"1, 0"
			}
		},
		{
			"method":"<android.hardware.SensorManager: boolean injectSensorData(android.hardware.Sensor,float[],int,long)>",
			"message":"\\QInvalid sensor accuracy\\E",
			"relatedVarType":"Parameter",
			"relatedCondType":"Basic",
			"modifier":"public",
			"type":"java.lang.IllegalArgumentException",
			"osVersionRelated":false,
			"resourceRelated":false,
			"assessRelated":false,
			"hardwareRelated":true,
			"manifestRelated":false,
			"conditions":"i2 < -1, $i1 == i0, r1 != null",
			"paramValues":"@parameter2: int, @parameter1: float[], @parameter0: android.hardware.Sensor",
			"relatedValues":"@parameter2: int, @parameter1: float[], @parameter0: android.hardware.Sensor; ; ",
			"keyAPISameClassNum":0,
			"keyAPIDiffClassNum":0,
			"keyAPISameClass":[
				{
					"trace":[
						"<android.hardware.SensorManager: boolean injectSensorData(android.hardware.Sensor,float[],int,long)>"
					],
					"depth":0,
					"method":"<android.hardware.SensorManager: boolean injectSensorData(android.hardware.Sensor,float[],int,long)>",
					"source":"CALLER"
				}
			],
			"keyAPIDiffClass":[],
			"callerOfSingnlar2SourceVar":{
				"<android.hardware.SensorManager: boolean injectSensorData(android.hardware.Sensor,float[],int,long)>":"2, 1, 0"
			}
		}
	]
}