{
	"exceptions":[
		{
			"method":"<android.hardware.camera2.legacy.SurfaceTextureRenderer: int loadShader(int,java.lang.String)>",
			"message":"\\QCould not compile shader \\E[\\s\\S]*",
			"relatedVarType":"Unknown",
			"relatedCondType":"Basic",
			"modifier":"private",
			"type":"java.lang.IllegalStateException",
			"osVersionRelated":false,
			"resourceRelated":false,
			"assessRelated":false,
			"hardwareRelated":true,
			"manifestRelated":false,
			"conditions":"$i2 != 0",
			"keyAPISameClassNum":0,
			"keyAPIDiffClassNum":0,
			"keyAPISameClass":[],
			"keyAPIDiffClass":[],
			"callerOfSingnlar2SourceVar":{}
		},
		{
			"method":"<android.hardware.camera2.legacy.SurfaceTextureRenderer: int createProgram(java.lang.String,java.lang.String)>",
			"message":"\\QCould not link program\\E",
			"relatedVarType":"Parameter",
			"relatedCondType":"Basic",
			"modifier":"private",
			"type":"java.lang.IllegalStateException",
			"osVersionRelated":false,
			"resourceRelated":false,
			"assessRelated":false,
			"hardwareRelated":true,
			"manifestRelated":false,
			"conditions":"$i3 == 1, i2 != 0, i1 != 0",
			"paramValues":"@parameter1: java.lang.String",
			"relatedValues":"@parameter1: java.lang.String; ; ",
			"keyAPISameClassNum":0,
			"keyAPIDiffClassNum":0,
			"keyAPISameClass":[
				{
					"trace":[
						"<android.hardware.camera2.legacy.SurfaceTextureRenderer: int createProgram(java.lang.String,java.lang.String)>"
					],
					"depth":0,
					"method":"<android.hardware.camera2.legacy.SurfaceTextureRenderer: int createProgram(java.lang.String,java.lang.String)>",
					"source":"CALLER"
				}
			],
			"keyAPIDiffClass":[],
			"callerOfSingnlar2SourceVar":{
				"<android.hardware.camera2.legacy.SurfaceTextureRenderer: int createProgram(java.lang.String,java.lang.String)>":"1"
			}
		},
		{
			"method":"<android.hardware.camera2.legacy.SurfaceTextureRenderer: void drawFrame(android.graphics.SurfaceTexture,int,int,int)>",
			"message":"\\QIllegal intermediate texture with dimension of 0\\E",
			"relatedVarType":"Parameter",
			"relatedCondType":"Basic",
			"modifier":"private",
			"type":"java.lang.IllegalStateException",
			"osVersionRelated":false,
			"resourceRelated":false,
			"assessRelated":false,
			"hardwareRelated":true,
			"manifestRelated":false,
			"conditions":"$b2 <= 0, $b3 > 0",
			"paramValues":"@parameter0: android.graphics.SurfaceTexture",
			"relatedValues":"@parameter0: android.graphics.SurfaceTexture; ; ",
			"keyAPISameClassNum":0,
			"keyAPIDiffClassNum":0,
			"keyAPISameClass":[
				{
					"trace":[
						"<android.hardware.camera2.legacy.SurfaceTextureRenderer: void drawFrame(android.graphics.SurfaceTexture,int,int,int)>"
					],
					"depth":0,
					"method":"<android.hardware.camera2.legacy.SurfaceTextureRenderer: void drawFrame(android.graphics.SurfaceTexture,int,int,int)>",
					"source":"CALLER"
				}
			],
			"keyAPIDiffClass":[],
			"callerOfSingnlar2SourceVar":{
				"<android.hardware.camera2.legacy.SurfaceTextureRenderer: void drawFrame(android.graphics.SurfaceTexture,int,int,int)>":"0"
			}
		},
		{
			"method":"<android.hardware.camera2.legacy.SurfaceTextureRenderer: void drawFrame(android.graphics.SurfaceTexture,int,int,int)>",
			"message":"\\QSurface abandoned, skipping drawFrame...\\E",
			"relatedVarType":"Unknown",
			"relatedCondType":"Empty",
			"modifier":"private",
			"type":"java.lang.IllegalStateException",
			"osVersionRelated":false,
			"resourceRelated":false,
			"assessRelated":false,
			"hardwareRelated":true,
			"manifestRelated":false,
			"caughtValues":"@caughtexception",
			"relatedValues":"; ; @caughtexception",
			"keyAPISameClassNum":0,
			"keyAPIDiffClassNum":0,
			"keyAPISameClass":[],
			"keyAPIDiffClass":[],
			"callerOfSingnlar2SourceVar":{}
		},
		{
			"method":"<android.hardware.camera2.legacy.SurfaceTextureRenderer: void initializeGLState()>",
			"message":"\\QCould not get attrib location for uMVPMatrix\\E",
			"relatedVarType":"Field",
			"relatedCondType":"Basic",
			"modifier":"private",
			"type":"java.lang.IllegalStateException",
			"osVersionRelated":false,
			"resourceRelated":false,
			"assessRelated":false,
			"hardwareRelated":true,
			"manifestRelated":false,
			"conditions":"$i10 != -1, $i7 != -1, $i4 != -1",
			"fieldValues":"<android.hardware.camera2.legacy.SurfaceTextureRenderer: int muMVPMatrixHandle>, <android.hardware.camera2.legacy.SurfaceTextureRenderer: int maTextureHandle>, <android.hardware.camera2.legacy.SurfaceTextureRenderer: int maPositionHandle>",
			"relatedValues":"; <android.hardware.camera2.legacy.SurfaceTextureRenderer: int muMVPMatrixHandle>, <android.hardware.camera2.legacy.SurfaceTextureRenderer: int maTextureHandle>, <android.hardware.camera2.legacy.SurfaceTextureRenderer: int maPositionHandle>; ",
			"keyAPISameClassNum":1,
			"keyAPIDiffClassNum":2,
			"keyAPISameClass":[
				{
					"trace":[
						"<android.hardware.camera2.legacy.SurfaceTextureRenderer: void configureSurfaces(java.util.Collection)>",
						"<android.hardware.camera2.legacy.SurfaceTextureRenderer: void initializeGLState()>",
						"key field: <android.hardware.camera2.legacy.SurfaceTextureRenderer: int muMVPMatrixHandle>",
						"<android.hardware.camera2.legacy.SurfaceTextureRenderer: void initializeGLState()>"
					],
					"depth":2,
					"method":"<android.hardware.camera2.legacy.SurfaceTextureRenderer: void configureSurfaces(java.util.Collection)>",
					"source":"FIELDCALLER"
				}
			],
			"keyAPIDiffClass":[
				{
					"trace":[
						"<android.hardware.camera2.legacy.GLThreadManager$1: boolean handleMessage(android.os.Message)>",
						"<android.hardware.camera2.legacy.SurfaceTextureRenderer: void configureSurfaces(java.util.Collection)>",
						"<android.hardware.camera2.legacy.SurfaceTextureRenderer: void initializeGLState()>",
						"key field: <android.hardware.camera2.legacy.SurfaceTextureRenderer: int muMVPMatrixHandle>",
						"<android.hardware.camera2.legacy.SurfaceTextureRenderer: void initializeGLState()>"
					],
					"depth":3,
					"method":"<android.hardware.camera2.legacy.GLThreadManager$1: boolean handleMessage(android.os.Message)>",
					"source":"FIELDCALLER"
				},
				{
					"trace":[
						"<android.os.Handler$Callback: boolean handleMessage(android.os.Message)>",
						"<android.hardware.camera2.legacy.SurfaceTextureRenderer: void configureSurfaces(java.util.Collection)>",
						"<android.hardware.camera2.legacy.SurfaceTextureRenderer: void initializeGLState()>",
						"key field: <android.hardware.camera2.legacy.SurfaceTextureRenderer: int muMVPMatrixHandle>",
						"<android.hardware.camera2.legacy.SurfaceTextureRenderer: void initializeGLState()>"
					],
					"depth":3,
					"method":"<android.os.Handler$Callback: boolean handleMessage(android.os.Message)>",
					"source":"FIELDCALLER"
				}
			],
			"callerOfSingnlar2SourceVar":{}
		},
		{
			"method":"<android.hardware.camera2.legacy.SurfaceTextureRenderer: void initializeGLState()>",
			"message":"\\QCould not get attrib location for aPosition\\E",
			"relatedVarType":"Field",
			"relatedCondType":"Basic",
			"modifier":"private",
			"type":"java.lang.IllegalStateException",
			"osVersionRelated":false,
			"resourceRelated":false,
			"assessRelated":false,
			"hardwareRelated":true,
			"manifestRelated":false,
			"conditions":"$i4 != -1, $i1 != 0",
			"fieldValues":"<android.hardware.camera2.legacy.SurfaceTextureRenderer: int maPositionHandle>, <android.hardware.camera2.legacy.SurfaceTextureRenderer: int mProgram>",
			"relatedValues":"; <android.hardware.camera2.legacy.SurfaceTextureRenderer: int maPositionHandle>, <android.hardware.camera2.legacy.SurfaceTextureRenderer: int mProgram>; ",
			"keyAPISameClassNum":1,
			"keyAPIDiffClassNum":2,
			"keyAPISameClass":[
				{
					"trace":[
						"<android.hardware.camera2.legacy.SurfaceTextureRenderer: void configureSurfaces(java.util.Collection)>",
						"<android.hardware.camera2.legacy.SurfaceTextureRenderer: void initializeGLState()>",
						"key field: <android.hardware.camera2.legacy.SurfaceTextureRenderer: int maPositionHandle>",
						"<android.hardware.camera2.legacy.SurfaceTextureRenderer: void initializeGLState()>"
					],
					"depth":2,
					"method":"<android.hardware.camera2.legacy.SurfaceTextureRenderer: void configureSurfaces(java.util.Collection)>",
					"source":"FIELDCALLER"
				}
			],
			"keyAPIDiffClass":[
				{
					"trace":[
						"<android.hardware.camera2.legacy.GLThreadManager$1: boolean handleMessage(android.os.Message)>",
						"<android.hardware.camera2.legacy.SurfaceTextureRenderer: void configureSurfaces(java.util.Collection)>",
						"<android.hardware.camera2.legacy.SurfaceTextureRenderer: void initializeGLState()>",
						"key field: <android.hardware.camera2.legacy.SurfaceTextureRenderer: int maPositionHandle>",
						"<android.hardware.camera2.legacy.SurfaceTextureRenderer: void initializeGLState()>"
					],
					"depth":3,
					"method":"<android.hardware.camera2.legacy.GLThreadManager$1: boolean handleMessage(android.os.Message)>",
					"source":"FIELDCALLER"
				},
				{
					"trace":[
						"<android.os.Handler$Callback: boolean handleMessage(android.os.Message)>",
						"<android.hardware.camera2.legacy.SurfaceTextureRenderer: void configureSurfaces(java.util.Collection)>",
						"<android.hardware.camera2.legacy.SurfaceTextureRenderer: void initializeGLState()>",
						"key field: <android.hardware.camera2.legacy.SurfaceTextureRenderer: int maPositionHandle>",
						"<android.hardware.camera2.legacy.SurfaceTextureRenderer: void initializeGLState()>"
					],
					"depth":3,
					"method":"<android.os.Handler$Callback: boolean handleMessage(android.os.Message)>",
					"source":"FIELDCALLER"
				}
			],
			"callerOfSingnlar2SourceVar":{}
		},
		{
			"method":"<android.hardware.camera2.legacy.SurfaceTextureRenderer: void initializeGLState()>",
			"message":"\\Qfailed creating program\\E",
			"relatedVarType":"Field",
			"relatedCondType":"Basic",
			"modifier":"private",
			"type":"java.lang.IllegalStateException",
			"osVersionRelated":false,
			"resourceRelated":false,
			"assessRelated":false,
			"hardwareRelated":true,
			"manifestRelated":false,
			"conditions":"$i1 != 0",
			"fieldValues":"<android.hardware.camera2.legacy.SurfaceTextureRenderer: int mProgram>",
			"relatedValues":"; <android.hardware.camera2.legacy.SurfaceTextureRenderer: int mProgram>; ",
			"keyAPISameClassNum":1,
			"keyAPIDiffClassNum":2,
			"keyAPISameClass":[
				{
					"trace":[
						"<android.hardware.camera2.legacy.SurfaceTextureRenderer: void configureSurfaces(java.util.Collection)>",
						"<android.hardware.camera2.legacy.SurfaceTextureRenderer: void initializeGLState()>",
						"key field: <android.hardware.camera2.legacy.SurfaceTextureRenderer: int mProgram>",
						"<android.hardware.camera2.legacy.SurfaceTextureRenderer: void initializeGLState()>"
					],
					"depth":2,
					"method":"<android.hardware.camera2.legacy.SurfaceTextureRenderer: void configureSurfaces(java.util.Collection)>",
					"source":"FIELDCALLER"
				}
			],
			"keyAPIDiffClass":[
				{
					"trace":[
						"<android.hardware.camera2.legacy.GLThreadManager$1: boolean handleMessage(android.os.Message)>",
						"<android.hardware.camera2.legacy.SurfaceTextureRenderer: void configureSurfaces(java.util.Collection)>",
						"<android.hardware.camera2.legacy.SurfaceTextureRenderer: void initializeGLState()>",
						"key field: <android.hardware.camera2.legacy.SurfaceTextureRenderer: int mProgram>",
						"<android.hardware.camera2.legacy.SurfaceTextureRenderer: void initializeGLState()>"
					],
					"depth":3,
					"method":"<android.hardware.camera2.legacy.GLThreadManager$1: boolean handleMessage(android.os.Message)>",
					"source":"FIELDCALLER"
				},
				{
					"trace":[
						"<android.os.Handler$Callback: boolean handleMessage(android.os.Message)>",
						"<android.hardware.camera2.legacy.SurfaceTextureRenderer: void configureSurfaces(java.util.Collection)>",
						"<android.hardware.camera2.legacy.SurfaceTextureRenderer: void initializeGLState()>",
						"key field: <android.hardware.camera2.legacy.SurfaceTextureRenderer: int mProgram>",
						"<android.hardware.camera2.legacy.SurfaceTextureRenderer: void initializeGLState()>"
					],
					"depth":3,
					"method":"<android.os.Handler$Callback: boolean handleMessage(android.os.Message)>",
					"source":"FIELDCALLER"
				}
			],
			"callerOfSingnlar2SourceVar":{}
		},
		{
			"method":"<android.hardware.camera2.legacy.SurfaceTextureRenderer: void initializeGLState()>",
			"message":"\\QCould not get attrib location for aTextureCoord\\E",
			"relatedVarType":"Field",
			"relatedCondType":"Basic",
			"modifier":"private",
			"type":"java.lang.IllegalStateException",
			"osVersionRelated":false,
			"resourceRelated":false,
			"assessRelated":false,
			"hardwareRelated":true,
			"manifestRelated":false,
			"conditions":"$i7 != -1, $i4 != -1, $i1 != 0",
			"fieldValues":"<android.hardware.camera2.legacy.SurfaceTextureRenderer: int maTextureHandle>, <android.hardware.camera2.legacy.SurfaceTextureRenderer: int maPositionHandle>, <android.hardware.camera2.legacy.SurfaceTextureRenderer: int mProgram>",
			"relatedValues":"; <android.hardware.camera2.legacy.SurfaceTextureRenderer: int maTextureHandle>, <android.hardware.camera2.legacy.SurfaceTextureRenderer: int maPositionHandle>, <android.hardware.camera2.legacy.SurfaceTextureRenderer: int mProgram>; ",
			"keyAPISameClassNum":1,
			"keyAPIDiffClassNum":2,
			"keyAPISameClass":[
				{
					"trace":[
						"<android.hardware.camera2.legacy.SurfaceTextureRenderer: void configureSurfaces(java.util.Collection)>",
						"<android.hardware.camera2.legacy.SurfaceTextureRenderer: void initializeGLState()>",
						"key field: <android.hardware.camera2.legacy.SurfaceTextureRenderer: int maTextureHandle>",
						"<android.hardware.camera2.legacy.SurfaceTextureRenderer: void initializeGLState()>"
					],
					"depth":2,
					"method":"<android.hardware.camera2.legacy.SurfaceTextureRenderer: void configureSurfaces(java.util.Collection)>",
					"source":"FIELDCALLER"
				}
			],
			"keyAPIDiffClass":[
				{
					"trace":[
						"<android.hardware.camera2.legacy.GLThreadManager$1: boolean handleMessage(android.os.Message)>",
						"<android.hardware.camera2.legacy.SurfaceTextureRenderer: void configureSurfaces(java.util.Collection)>",
						"<android.hardware.camera2.legacy.SurfaceTextureRenderer: void initializeGLState()>",
						"key field: <android.hardware.camera2.legacy.SurfaceTextureRenderer: int maTextureHandle>",
						"<android.hardware.camera2.legacy.SurfaceTextureRenderer: void initializeGLState()>"
					],
					"depth":3,
					"method":"<android.hardware.camera2.legacy.GLThreadManager$1: boolean handleMessage(android.os.Message)>",
					"source":"FIELDCALLER"
				},
				{
					"trace":[
						"<android.os.Handler$Callback: boolean handleMessage(android.os.Message)>",
						"<android.hardware.camera2.legacy.SurfaceTextureRenderer: void configureSurfaces(java.util.Collection)>",
						"<android.hardware.camera2.legacy.SurfaceTextureRenderer: void initializeGLState()>",
						"key field: <android.hardware.camera2.legacy.SurfaceTextureRenderer: int maTextureHandle>",
						"<android.hardware.camera2.legacy.SurfaceTextureRenderer: void initializeGLState()>"
					],
					"depth":3,
					"method":"<android.os.Handler$Callback: boolean handleMessage(android.os.Message)>",
					"source":"FIELDCALLER"
				}
			],
			"callerOfSingnlar2SourceVar":{}
		},
		{
			"method":"<android.hardware.camera2.legacy.SurfaceTextureRenderer: void initializeGLState()>",
			"message":"\\QCould not get attrib location for uSTMatrix\\E",
			"relatedVarType":"Field",
			"relatedCondType":"Basic",
			"modifier":"private",
			"type":"java.lang.IllegalStateException",
			"osVersionRelated":false,
			"resourceRelated":false,
			"assessRelated":false,
			"hardwareRelated":true,
			"manifestRelated":false,
			"conditions":"$i13 != -1, $i10 != -1, $i7 != -1",
			"fieldValues":"<android.hardware.camera2.legacy.SurfaceTextureRenderer: int muSTMatrixHandle>, <android.hardware.camera2.legacy.SurfaceTextureRenderer: int muMVPMatrixHandle>, <android.hardware.camera2.legacy.SurfaceTextureRenderer: int maTextureHandle>",
			"relatedValues":"; <android.hardware.camera2.legacy.SurfaceTextureRenderer: int muSTMatrixHandle>, <android.hardware.camera2.legacy.SurfaceTextureRenderer: int muMVPMatrixHandle>, <android.hardware.camera2.legacy.SurfaceTextureRenderer: int maTextureHandle>; ",
			"keyAPISameClassNum":1,
			"keyAPIDiffClassNum":2,
			"keyAPISameClass":[
				{
					"trace":[
						"<android.hardware.camera2.legacy.SurfaceTextureRenderer: void configureSurfaces(java.util.Collection)>",
						"<android.hardware.camera2.legacy.SurfaceTextureRenderer: void initializeGLState()>",
						"key field: <android.hardware.camera2.legacy.SurfaceTextureRenderer: int muSTMatrixHandle>",
						"<android.hardware.camera2.legacy.SurfaceTextureRenderer: void initializeGLState()>"
					],
					"depth":2,
					"method":"<android.hardware.camera2.legacy.SurfaceTextureRenderer: void configureSurfaces(java.util.Collection)>",
					"source":"FIELDCALLER"
				}
			],
			"keyAPIDiffClass":[
				{
					"trace":[
						"<android.hardware.camera2.legacy.GLThreadManager$1: boolean handleMessage(android.os.Message)>",
						"<android.hardware.camera2.legacy.SurfaceTextureRenderer: void configureSurfaces(java.util.Collection)>",
						"<android.hardware.camera2.legacy.SurfaceTextureRenderer: void initializeGLState()>",
						"key field: <android.hardware.camera2.legacy.SurfaceTextureRenderer: int muSTMatrixHandle>",
						"<android.hardware.camera2.legacy.SurfaceTextureRenderer: void initializeGLState()>"
					],
					"depth":3,
					"method":"<android.hardware.camera2.legacy.GLThreadManager$1: boolean handleMessage(android.os.Message)>",
					"source":"FIELDCALLER"
				},
				{
					"trace":[
						"<android.os.Handler$Callback: boolean handleMessage(android.os.Message)>",
						"<android.hardware.camera2.legacy.SurfaceTextureRenderer: void configureSurfaces(java.util.Collection)>",
						"<android.hardware.camera2.legacy.SurfaceTextureRenderer: void initializeGLState()>",
						"key field: <android.hardware.camera2.legacy.SurfaceTextureRenderer: int muSTMatrixHandle>",
						"<android.hardware.camera2.legacy.SurfaceTextureRenderer: void initializeGLState()>"
					],
					"depth":3,
					"method":"<android.os.Handler$Callback: boolean handleMessage(android.os.Message)>",
					"source":"FIELDCALLER"
				}
			],
			"callerOfSingnlar2SourceVar":{}
		},
		{
			"method":"<android.hardware.camera2.legacy.SurfaceTextureRenderer: void configureEGLContext()>",
			"message":"\\QCannot initialize EGL14\\E",
			"relatedVarType":"Field",
			"relatedCondType":"Basic",
			"modifier":"private",
			"type":"java.lang.IllegalStateException",
			"osVersionRelated":false,
			"resourceRelated":false,
			"assessRelated":false,
			"hardwareRelated":true,
			"manifestRelated":false,
			"conditions":"$z0 != 0, $r3 != $r2",
			"fieldValues":"<android.hardware.camera2.legacy.SurfaceTextureRenderer: android.opengl.EGLDisplay mEGLDisplay>, <android.opengl.EGL14: android.opengl.EGLDisplay EGL_NO_DISPLAY>",
			"relatedValues":"; <android.hardware.camera2.legacy.SurfaceTextureRenderer: android.opengl.EGLDisplay mEGLDisplay>, <android.opengl.EGL14: android.opengl.EGLDisplay EGL_NO_DISPLAY>; ",
			"keyAPISameClassNum":4,
			"keyAPIDiffClassNum":4,
			"keyAPISameClass":[
				{
					"trace":[
						"<android.hardware.camera2.legacy.SurfaceTextureRenderer: void configureEGLContext()>"
					],
					"depth":1,
					"method":"<android.hardware.camera2.legacy.SurfaceTextureRenderer: void <init>(int)>",
					"source":"FIELD"
				},
				{
					"trace":[
						"<android.hardware.camera2.legacy.SurfaceTextureRenderer: void configureSurfaces(java.util.Collection)>",
						"<android.hardware.camera2.legacy.SurfaceTextureRenderer: void configureEGLContext()>",
						"key field: <android.hardware.camera2.legacy.SurfaceTextureRenderer: android.opengl.EGLDisplay mEGLDisplay>",
						"<android.hardware.camera2.legacy.SurfaceTextureRenderer: void configureEGLContext()>"
					],
					"depth":2,
					"method":"<android.hardware.camera2.legacy.SurfaceTextureRenderer: void configureSurfaces(java.util.Collection)>",
					"source":"FIELDCALLER"
				},
				{
					"trace":[
						"<android.hardware.camera2.legacy.SurfaceTextureRenderer: void cleanupEGLContext()>",
						"<android.hardware.camera2.legacy.SurfaceTextureRenderer: void releaseEGLContext()>",
						"key field: <android.hardware.camera2.legacy.SurfaceTextureRenderer: android.opengl.EGLDisplay mEGLDisplay>",
						"<android.hardware.camera2.legacy.SurfaceTextureRenderer: void configureEGLContext()>"
					],
					"depth":2,
					"method":"<android.hardware.camera2.legacy.SurfaceTextureRenderer: void cleanupEGLContext()>",
					"source":"FIELDCALLER"
				},
				{
					"trace":[
						"<android.hardware.camera2.legacy.SurfaceTextureRenderer: void drawIntoSurfaces(android.hardware.camera2.legacy.CaptureCollector)>",
						"<android.hardware.camera2.legacy.SurfaceTextureRenderer: void makeCurrent(android.opengl.EGLSurface)>",
						"key field: <android.hardware.camera2.legacy.SurfaceTextureRenderer: android.opengl.EGLDisplay mEGLDisplay>",
						"<android.hardware.camera2.legacy.SurfaceTextureRenderer: void configureEGLContext()>"
					],
					"depth":2,
					"method":"<android.hardware.camera2.legacy.SurfaceTextureRenderer: void drawIntoSurfaces(android.hardware.camera2.legacy.CaptureCollector)>",
					"source":"FIELDCALLER"
				}
			],
			"keyAPIDiffClass":[
				{
					"trace":[
						"<android.hardware.camera2.legacy.GLThreadManager: void <init>(int,int,android.hardware.camera2.legacy.CameraDeviceState)>",
						"<android.hardware.camera2.legacy.SurfaceTextureRenderer: void <init>(int)>",
						"key field: <android.hardware.camera2.legacy.SurfaceTextureRenderer: android.opengl.EGLDisplay mEGLDisplay>",
						"<android.hardware.camera2.legacy.SurfaceTextureRenderer: void configureEGLContext()>"
					],
					"depth":2,
					"method":"<android.hardware.camera2.legacy.GLThreadManager: void <init>(int,int,android.hardware.camera2.legacy.CameraDeviceState)>",
					"source":"FIELDCALLER"
				},
				{
					"trace":[
						"<android.hardware.camera2.legacy.GLThreadManager$1: boolean handleMessage(android.os.Message)>",
						"<android.hardware.camera2.legacy.SurfaceTextureRenderer: void configureSurfaces(java.util.Collection)>",
						"<android.hardware.camera2.legacy.SurfaceTextureRenderer: void configureEGLContext()>",
						"key field: <android.hardware.camera2.legacy.SurfaceTextureRenderer: android.opengl.EGLDisplay mEGLDisplay>",
						"<android.hardware.camera2.legacy.SurfaceTextureRenderer: void configureEGLContext()>"
					],
					"depth":3,
					"method":"<android.hardware.camera2.legacy.GLThreadManager$1: boolean handleMessage(android.os.Message)>",
					"source":"FIELDCALLER"
				},
				{
					"trace":[
						"<android.hardware.camera2.legacy.RequestThreadManager$5: boolean handleMessage(android.os.Message)>",
						"<android.hardware.camera2.legacy.RequestThreadManager: void access$600(android.hardware.camera2.legacy.RequestThreadManager,java.util.Collection)>",
						"<android.hardware.camera2.legacy.RequestThreadManager: void configureOutputs(java.util.Collection)>",
						"<android.hardware.camera2.legacy.GLThreadManager: void <init>(int,int,android.hardware.camera2.legacy.CameraDeviceState)>",
						"<android.hardware.camera2.legacy.SurfaceTextureRenderer: void <init>(int)>",
						"key field: <android.hardware.camera2.legacy.SurfaceTextureRenderer: android.opengl.EGLDisplay mEGLDisplay>",
						"<android.hardware.camera2.legacy.SurfaceTextureRenderer: void configureEGLContext()>"
					],
					"depth":5,
					"method":"<android.hardware.camera2.legacy.RequestThreadManager$5: boolean handleMessage(android.os.Message)>",
					"source":"FIELDCALLER"
				},
				{
					"trace":[
						"<android.os.Handler$Callback: boolean handleMessage(android.os.Message)>",
						"<android.hardware.camera2.legacy.RequestThreadManager: void access$600(android.hardware.camera2.legacy.RequestThreadManager,java.util.Collection)>",
						"<android.hardware.camera2.legacy.RequestThreadManager: void configureOutputs(java.util.Collection)>",
						"<android.hardware.camera2.legacy.GLThreadManager: void <init>(int,int,android.hardware.camera2.legacy.CameraDeviceState)>",
						"<android.hardware.camera2.legacy.SurfaceTextureRenderer: void <init>(int)>",
						"key field: <android.hardware.camera2.legacy.SurfaceTextureRenderer: android.opengl.EGLDisplay mEGLDisplay>",
						"<android.hardware.camera2.legacy.SurfaceTextureRenderer: void configureEGLContext()>"
					],
					"depth":5,
					"method":"<android.os.Handler$Callback: boolean handleMessage(android.os.Message)>",
					"source":"FIELDCALLER"
				}
			],
			"callerOfSingnlar2SourceVar":{}
		},
		{
			"method":"<android.hardware.camera2.legacy.SurfaceTextureRenderer: void configureEGLContext()>",
			"message":"\\QNo EGL14 display\\E",
			"relatedVarType":"Field",
			"relatedCondType":"Basic",
			"modifier":"private",
			"type":"java.lang.IllegalStateException",
			"osVersionRelated":false,
			"resourceRelated":false,
			"assessRelated":false,
			"hardwareRelated":true,
			"manifestRelated":false,
			"conditions":"$r3 != $r2",
			"fieldValues":"<android.hardware.camera2.legacy.SurfaceTextureRenderer: android.opengl.EGLDisplay mEGLDisplay>, <android.opengl.EGL14: android.opengl.EGLDisplay EGL_NO_DISPLAY>",
			"relatedValues":"; <android.hardware.camera2.legacy.SurfaceTextureRenderer: android.opengl.EGLDisplay mEGLDisplay>, <android.opengl.EGL14: android.opengl.EGLDisplay EGL_NO_DISPLAY>; ",
			"keyAPISameClassNum":4,
			"keyAPIDiffClassNum":4,
			"keyAPISameClass":[
				{
					"trace":[
						"<android.hardware.camera2.legacy.SurfaceTextureRenderer: void configureEGLContext()>"
					],
					"depth":1,
					"method":"<android.hardware.camera2.legacy.SurfaceTextureRenderer: void <init>(int)>",
					"source":"FIELD"
				},
				{
					"trace":[
						"<android.hardware.camera2.legacy.SurfaceTextureRenderer: void configureSurfaces(java.util.Collection)>",
						"<android.hardware.camera2.legacy.SurfaceTextureRenderer: void configureEGLContext()>",
						"key field: <android.hardware.camera2.legacy.SurfaceTextureRenderer: android.opengl.EGLDisplay mEGLDisplay>",
						"<android.hardware.camera2.legacy.SurfaceTextureRenderer: void configureEGLContext()>"
					],
					"depth":2,
					"method":"<android.hardware.camera2.legacy.SurfaceTextureRenderer: void configureSurfaces(java.util.Collection)>",
					"source":"FIELDCALLER"
				},
				{
					"trace":[
						"<android.hardware.camera2.legacy.SurfaceTextureRenderer: void cleanupEGLContext()>",
						"<android.hardware.camera2.legacy.SurfaceTextureRenderer: void releaseEGLContext()>",
						"key field: <android.hardware.camera2.legacy.SurfaceTextureRenderer: android.opengl.EGLDisplay mEGLDisplay>",
						"<android.hardware.camera2.legacy.SurfaceTextureRenderer: void configureEGLContext()>"
					],
					"depth":2,
					"method":"<android.hardware.camera2.legacy.SurfaceTextureRenderer: void cleanupEGLContext()>",
					"source":"FIELDCALLER"
				},
				{
					"trace":[
						"<android.hardware.camera2.legacy.SurfaceTextureRenderer: void drawIntoSurfaces(android.hardware.camera2.legacy.CaptureCollector)>",
						"<android.hardware.camera2.legacy.SurfaceTextureRenderer: void makeCurrent(android.opengl.EGLSurface)>",
						"key field: <android.hardware.camera2.legacy.SurfaceTextureRenderer: android.opengl.EGLDisplay mEGLDisplay>",
						"<android.hardware.camera2.legacy.SurfaceTextureRenderer: void configureEGLContext()>"
					],
					"depth":2,
					"method":"<android.hardware.camera2.legacy.SurfaceTextureRenderer: void drawIntoSurfaces(android.hardware.camera2.legacy.CaptureCollector)>",
					"source":"FIELDCALLER"
				}
			],
			"keyAPIDiffClass":[
				{
					"trace":[
						"<android.hardware.camera2.legacy.GLThreadManager: void <init>(int,int,android.hardware.camera2.legacy.CameraDeviceState)>",
						"<android.hardware.camera2.legacy.SurfaceTextureRenderer: void <init>(int)>",
						"key field: <android.hardware.camera2.legacy.SurfaceTextureRenderer: android.opengl.EGLDisplay mEGLDisplay>",
						"<android.hardware.camera2.legacy.SurfaceTextureRenderer: void configureEGLContext()>"
					],
					"depth":2,
					"method":"<android.hardware.camera2.legacy.GLThreadManager: void <init>(int,int,android.hardware.camera2.legacy.CameraDeviceState)>",
					"source":"FIELDCALLER"
				},
				{
					"trace":[
						"<android.hardware.camera2.legacy.GLThreadManager$1: boolean handleMessage(android.os.Message)>",
						"<android.hardware.camera2.legacy.SurfaceTextureRenderer: void configureSurfaces(java.util.Collection)>",
						"<android.hardware.camera2.legacy.SurfaceTextureRenderer: void configureEGLContext()>",
						"key field: <android.hardware.camera2.legacy.SurfaceTextureRenderer: android.opengl.EGLDisplay mEGLDisplay>",
						"<android.hardware.camera2.legacy.SurfaceTextureRenderer: void configureEGLContext()>"
					],
					"depth":3,
					"method":"<android.hardware.camera2.legacy.GLThreadManager$1: boolean handleMessage(android.os.Message)>",
					"source":"FIELDCALLER"
				},
				{
					"trace":[
						"<android.hardware.camera2.legacy.RequestThreadManager$5: boolean handleMessage(android.os.Message)>",
						"<android.hardware.camera2.legacy.RequestThreadManager: void access$600(android.hardware.camera2.legacy.RequestThreadManager,java.util.Collection)>",
						"<android.hardware.camera2.legacy.RequestThreadManager: void configureOutputs(java.util.Collection)>",
						"<android.hardware.camera2.legacy.GLThreadManager: void <init>(int,int,android.hardware.camera2.legacy.CameraDeviceState)>",
						"<android.hardware.camera2.legacy.SurfaceTextureRenderer: void <init>(int)>",
						"key field: <android.hardware.camera2.legacy.SurfaceTextureRenderer: android.opengl.EGLDisplay mEGLDisplay>",
						"<android.hardware.camera2.legacy.SurfaceTextureRenderer: void configureEGLContext()>"
					],
					"depth":5,
					"method":"<android.hardware.camera2.legacy.RequestThreadManager$5: boolean handleMessage(android.os.Message)>",
					"source":"FIELDCALLER"
				},
				{
					"trace":[
						"<android.os.Handler$Callback: boolean handleMessage(android.os.Message)>",
						"<android.hardware.camera2.legacy.RequestThreadManager: void access$600(android.hardware.camera2.legacy.RequestThreadManager,java.util.Collection)>",
						"<android.hardware.camera2.legacy.RequestThreadManager: void configureOutputs(java.util.Collection)>",
						"<android.hardware.camera2.legacy.GLThreadManager: void <init>(int,int,android.hardware.camera2.legacy.CameraDeviceState)>",
						"<android.hardware.camera2.legacy.SurfaceTextureRenderer: void <init>(int)>",
						"key field: <android.hardware.camera2.legacy.SurfaceTextureRenderer: android.opengl.EGLDisplay mEGLDisplay>",
						"<android.hardware.camera2.legacy.SurfaceTextureRenderer: void configureEGLContext()>"
					],
					"depth":5,
					"method":"<android.os.Handler$Callback: boolean handleMessage(android.os.Message)>",
					"source":"FIELDCALLER"
				}
			],
			"callerOfSingnlar2SourceVar":{}
		},
		{
			"method":"<android.hardware.camera2.legacy.SurfaceTextureRenderer: void configureEGLContext()>",
			"message":"\\QNo EGLContext could be made\\E",
			"relatedVarType":"Field",
			"relatedCondType":"Basic",
			"modifier":"private",
			"type":"java.lang.IllegalStateException",
			"osVersionRelated":false,
			"resourceRelated":false,
			"assessRelated":false,
			"hardwareRelated":true,
			"manifestRelated":false,
			"conditions":"$r19 != $r18, $z0 != 0, $r3 != $r2",
			"fieldValues":"<android.hardware.camera2.legacy.SurfaceTextureRenderer: android.opengl.EGLContext mEGLContext>, <android.opengl.EGL14: android.opengl.EGLContext EGL_NO_CONTEXT>, <android.hardware.camera2.legacy.SurfaceTextureRenderer: android.opengl.EGLDisplay mEGLDisplay>, <android.opengl.EGL14: android.opengl.EGLDisplay EGL_NO_DISPLAY>",
			"relatedValues":"; <android.hardware.camera2.legacy.SurfaceTextureRenderer: android.opengl.EGLContext mEGLContext>, <android.opengl.EGL14: android.opengl.EGLContext EGL_NO_CONTEXT>, <android.hardware.camera2.legacy.SurfaceTextureRenderer: android.opengl.EGLDisplay mEGLDisplay>, <android.opengl.EGL14: android.opengl.EGLDisplay EGL_NO_DISPLAY>; ",
			"keyAPISameClassNum":4,
			"keyAPIDiffClassNum":4,
			"keyAPISameClass":[
				{
					"trace":[
						"<android.hardware.camera2.legacy.SurfaceTextureRenderer: void configureEGLContext()>"
					],
					"depth":1,
					"method":"<android.hardware.camera2.legacy.SurfaceTextureRenderer: void <init>(int)>",
					"source":"FIELD"
				},
				{
					"trace":[
						"<android.hardware.camera2.legacy.SurfaceTextureRenderer: void configureSurfaces(java.util.Collection)>",
						"<android.hardware.camera2.legacy.SurfaceTextureRenderer: void configureEGLContext()>",
						"key field: <android.hardware.camera2.legacy.SurfaceTextureRenderer: android.opengl.EGLContext mEGLContext>",
						"<android.hardware.camera2.legacy.SurfaceTextureRenderer: void configureEGLContext()>"
					],
					"depth":2,
					"method":"<android.hardware.camera2.legacy.SurfaceTextureRenderer: void configureSurfaces(java.util.Collection)>",
					"source":"FIELDCALLER"
				},
				{
					"trace":[
						"<android.hardware.camera2.legacy.SurfaceTextureRenderer: void cleanupEGLContext()>",
						"<android.hardware.camera2.legacy.SurfaceTextureRenderer: void releaseEGLContext()>",
						"key field: <android.hardware.camera2.legacy.SurfaceTextureRenderer: android.opengl.EGLContext mEGLContext>",
						"<android.hardware.camera2.legacy.SurfaceTextureRenderer: void configureEGLContext()>"
					],
					"depth":2,
					"method":"<android.hardware.camera2.legacy.SurfaceTextureRenderer: void cleanupEGLContext()>",
					"source":"FIELDCALLER"
				},
				{
					"trace":[
						"<android.hardware.camera2.legacy.SurfaceTextureRenderer: void drawIntoSurfaces(android.hardware.camera2.legacy.CaptureCollector)>",
						"<android.hardware.camera2.legacy.SurfaceTextureRenderer: void makeCurrent(android.opengl.EGLSurface)>",
						"key field: <android.hardware.camera2.legacy.SurfaceTextureRenderer: android.opengl.EGLContext mEGLContext>",
						"<android.hardware.camera2.legacy.SurfaceTextureRenderer: void configureEGLContext()>"
					],
					"depth":2,
					"method":"<android.hardware.camera2.legacy.SurfaceTextureRenderer: void drawIntoSurfaces(android.hardware.camera2.legacy.CaptureCollector)>",
					"source":"FIELDCALLER"
				}
			],
			"keyAPIDiffClass":[
				{
					"trace":[
						"<android.hardware.camera2.legacy.GLThreadManager: void <init>(int,int,android.hardware.camera2.legacy.CameraDeviceState)>",
						"<android.hardware.camera2.legacy.SurfaceTextureRenderer: void <init>(int)>",
						"key field: <android.hardware.camera2.legacy.SurfaceTextureRenderer: android.opengl.EGLContext mEGLContext>",
						"<android.hardware.camera2.legacy.SurfaceTextureRenderer: void configureEGLContext()>"
					],
					"depth":2,
					"method":"<android.hardware.camera2.legacy.GLThreadManager: void <init>(int,int,android.hardware.camera2.legacy.CameraDeviceState)>",
					"source":"FIELDCALLER"
				},
				{
					"trace":[
						"<android.hardware.camera2.legacy.GLThreadManager$1: boolean handleMessage(android.os.Message)>",
						"<android.hardware.camera2.legacy.SurfaceTextureRenderer: void configureSurfaces(java.util.Collection)>",
						"<android.hardware.camera2.legacy.SurfaceTextureRenderer: void configureEGLContext()>",
						"key field: <android.hardware.camera2.legacy.SurfaceTextureRenderer: android.opengl.EGLContext mEGLContext>",
						"<android.hardware.camera2.legacy.SurfaceTextureRenderer: void configureEGLContext()>"
					],
					"depth":3,
					"method":"<android.hardware.camera2.legacy.GLThreadManager$1: boolean handleMessage(android.os.Message)>",
					"source":"FIELDCALLER"
				},
				{
					"trace":[
						"<android.hardware.camera2.legacy.RequestThreadManager$5: boolean handleMessage(android.os.Message)>",
						"<android.hardware.camera2.legacy.RequestThreadManager: void access$600(android.hardware.camera2.legacy.RequestThreadManager,java.util.Collection)>",
						"<android.hardware.camera2.legacy.RequestThreadManager: void configureOutputs(java.util.Collection)>",
						"<android.hardware.camera2.legacy.GLThreadManager: void <init>(int,int,android.hardware.camera2.legacy.CameraDeviceState)>",
						"<android.hardware.camera2.legacy.SurfaceTextureRenderer: void <init>(int)>",
						"key field: <android.hardware.camera2.legacy.SurfaceTextureRenderer: android.opengl.EGLContext mEGLContext>",
						"<android.hardware.camera2.legacy.SurfaceTextureRenderer: void configureEGLContext()>"
					],
					"depth":5,
					"method":"<android.hardware.camera2.legacy.RequestThreadManager$5: boolean handleMessage(android.os.Message)>",
					"source":"FIELDCALLER"
				},
				{
					"trace":[
						"<android.os.Handler$Callback: boolean handleMessage(android.os.Message)>",
						"<android.hardware.camera2.legacy.RequestThreadManager: void access$600(android.hardware.camera2.legacy.RequestThreadManager,java.util.Collection)>",
						"<android.hardware.camera2.legacy.RequestThreadManager: void configureOutputs(java.util.Collection)>",
						"<android.hardware.camera2.legacy.GLThreadManager: void <init>(int,int,android.hardware.camera2.legacy.CameraDeviceState)>",
						"<android.hardware.camera2.legacy.SurfaceTextureRenderer: void <init>(int)>",
						"key field: <android.hardware.camera2.legacy.SurfaceTextureRenderer: android.opengl.EGLContext mEGLContext>",
						"<android.hardware.camera2.legacy.SurfaceTextureRenderer: void configureEGLContext()>"
					],
					"depth":5,
					"method":"<android.os.Handler$Callback: boolean handleMessage(android.os.Message)>",
					"source":"FIELDCALLER"
				}
			],
			"callerOfSingnlar2SourceVar":{}
		},
		{
			"method":"<android.hardware.camera2.legacy.SurfaceTextureRenderer: void configureEGLOutputSurfaces(java.util.Collection)>",
			"message":"\\QNo Surfaces were provided to draw to\\E",
			"relatedVarType":"Parameter",
			"relatedCondType":"Basic",
			"modifier":"private",
			"type":"java.lang.IllegalStateException",
			"osVersionRelated":false,
			"resourceRelated":false,
			"assessRelated":false,
			"hardwareRelated":true,
			"manifestRelated":false,
			"conditions":"r0 == null, $i0 != 0",
			"paramValues":"@parameter0: java.util.Collection",
			"relatedValues":"@parameter0: java.util.Collection; ; ",
			"keyAPISameClassNum":0,
			"keyAPIDiffClassNum":0,
			"keyAPISameClass":[
				{
					"trace":[
						"<android.hardware.camera2.legacy.SurfaceTextureRenderer: void configureEGLOutputSurfaces(java.util.Collection)>"
					],
					"depth":0,
					"method":"<android.hardware.camera2.legacy.SurfaceTextureRenderer: void configureEGLOutputSurfaces(java.util.Collection)>",
					"source":"CALLER"
				}
			],
			"keyAPIDiffClass":[],
			"callerOfSingnlar2SourceVar":{
				"<android.hardware.camera2.legacy.SurfaceTextureRenderer: void configureEGLOutputSurfaces(java.util.Collection)>":"0"
			}
		},
		{
			"method":"<android.hardware.camera2.legacy.SurfaceTextureRenderer: void configureEGLPbufferSurfaces(java.util.Collection)>",
			"message":"\\QNo Surfaces were provided to draw to\\E",
			"relatedVarType":"Parameter",
			"relatedCondType":"Basic",
			"modifier":"private",
			"type":"java.lang.IllegalStateException",
			"osVersionRelated":false,
			"resourceRelated":false,
			"assessRelated":false,
			"hardwareRelated":true,
			"manifestRelated":false,
			"conditions":"r0 == null, $i0 != 0",
			"paramValues":"@parameter0: java.util.Collection",
			"relatedValues":"@parameter0: java.util.Collection; ; ",
			"keyAPISameClassNum":0,
			"keyAPIDiffClassNum":0,
			"keyAPISameClass":[
				{
					"trace":[
						"<android.hardware.camera2.legacy.SurfaceTextureRenderer: void configureEGLPbufferSurfaces(java.util.Collection)>"
					],
					"depth":0,
					"method":"<android.hardware.camera2.legacy.SurfaceTextureRenderer: void configureEGLPbufferSurfaces(java.util.Collection)>",
					"source":"CALLER"
				}
			],
			"keyAPIDiffClass":[],
			"callerOfSingnlar2SourceVar":{
				"<android.hardware.camera2.legacy.SurfaceTextureRenderer: void configureEGLPbufferSurfaces(java.util.Collection)>":"0"
			}
		},
		{
			"method":"<android.hardware.camera2.legacy.SurfaceTextureRenderer: void checkEglError(java.lang.String)>",
			"message":"[\\s\\S]*\\Q: EGL error: 0x\\E[\\s\\S]*",
			"relatedVarType":"Unknown",
			"relatedCondType":"Basic",
			"modifier":"private",
			"type":"java.lang.IllegalStateException",
			"osVersionRelated":false,
			"resourceRelated":false,
			"assessRelated":false,
			"hardwareRelated":true,
			"manifestRelated":false,
			"conditions":"$i0 == 12288",
			"keyAPISameClassNum":0,
			"keyAPIDiffClassNum":0,
			"keyAPISameClass":[],
			"keyAPIDiffClass":[],
			"callerOfSingnlar2SourceVar":{}
		},
		{
			"method":"<android.hardware.camera2.legacy.SurfaceTextureRenderer: void checkGlError(java.lang.String)>",
			"message":"[\\s\\S]*\\Q: GLES20 error: 0x\\E[\\s\\S]*",
			"relatedVarType":"Unknown",
			"relatedCondType":"Basic",
			"modifier":"private",
			"type":"java.lang.IllegalStateException",
			"osVersionRelated":false,
			"resourceRelated":false,
			"assessRelated":false,
			"hardwareRelated":true,
			"manifestRelated":false,
			"conditions":"$i0 == 0",
			"keyAPISameClassNum":0,
			"keyAPIDiffClassNum":0,
			"keyAPISameClass":[],
			"keyAPIDiffClass":[],
			"callerOfSingnlar2SourceVar":{}
		}
	]
}