{
	"exceptions":[
		{
			"method":"<android.ddm.DdmHandleThread: org.apache.harmony.dalvik.ddmc.Chunk handleChunk(org.apache.harmony.dalvik.ddmc.Chunk)>",
			"message":"\\QUnknown packet \\E[\\s\\S]*",
			"relatedVarType":"ParaAndField",
			"relatedCondType":"Basic",
			"modifier":"public",
			"type":"java.lang.RuntimeException",
			"osVersionRelated":false,
			"resourceRelated":false,
			"assessRelated":false,
			"hardwareRelated":false,
			"manifestRelated":false,
			"conditions":"i0 != $i3, i0 != $i2, i0 != $i1",
			"paramValues":"@parameter0: org.apache.harmony.dalvik.ddmc.Chunk",
			"fieldValues":"<android.ddm.DdmHandleThread: int CHUNK_STKL>, <android.ddm.DdmHandleThread: int CHUNK_THST>, <android.ddm.DdmHandleThread: int CHUNK_THEN>",
			"relatedValues":"@parameter0: org.apache.harmony.dalvik.ddmc.Chunk; <android.ddm.DdmHandleThread: int CHUNK_STKL>, <android.ddm.DdmHandleThread: int CHUNK_THST>, <android.ddm.DdmHandleThread: int CHUNK_THEN>; ",
			"keyAPISameClassNum":0,
			"keyAPIDiffClassNum":0,
			"keyAPISameClass":[],
			"keyAPIDiffClass":[],
			"callerOfSingnlar2SourceVar":{
				"<android.ddm.DdmHandleThread: org.apache.harmony.dalvik.ddmc.Chunk handleChunk(org.apache.harmony.dalvik.ddmc.Chunk)>":"0"
			}
		}
	]
}