{
	"exceptions":[
		{
			"method":"<android.graphics.SweepGradient: void <init>(float,float,int[],float[])>",
			"message":"\\Qneeds >= 2 number of colors\\E",
			"relatedVarType":"Parameter",
			"relatedCondType":"Basic",
			"modifier":"public",
			"type":"java.lang.IllegalArgumentException",
			"osVersionRelated":false,
			"resourceRelated":false,
			"assessRelated":false,
			"hardwareRelated":false,
			"manifestRelated":false,
			"conditions":"$i0 >= 2",
			"paramValues":"@parameter2: int[]",
			"relatedValues":"@parameter2: int[]; ; ",
			"keyAPISameClassNum":0,
			"keyAPIDiffClassNum":0,
			"keyAPISameClass":[
				{
					"trace":[
						"<android.graphics.SweepGradient: void <init>(float,float,int[],float[])>"
					],
					"depth":0,
					"method":"<android.graphics.SweepGradient: void <init>(float,float,int[],float[])>",
					"source":"CALLER"
				}
			],
			"keyAPIDiffClass":[],
			"callerOfSingnlar2SourceVar":{
				"<android.graphics.SweepGradient: void <init>(float,float,int[],float[])>":"2"
			}
		},
		{
			"method":"<android.graphics.SweepGradient: void <init>(float,float,int[],float[])>",
			"message":"\\Qcolor and position arrays must be of equal length\\E",
			"relatedVarType":"Parameter",
			"relatedCondType":"Basic",
			"modifier":"public",
			"type":"java.lang.IllegalArgumentException",
			"osVersionRelated":false,
			"resourceRelated":false,
			"assessRelated":false,
			"hardwareRelated":false,
			"manifestRelated":false,
			"conditions":"$i3 == $i2, r2 == null, $i0 >= 2",
			"paramValues":"@parameter2: int[], @parameter3: float[]",
			"relatedValues":"@parameter2: int[], @parameter3: float[]; ; ",
			"keyAPISameClassNum":0,
			"keyAPIDiffClassNum":0,
			"keyAPISameClass":[
				{
					"trace":[
						"<android.graphics.SweepGradient: void <init>(float,float,int[],float[])>"
					],
					"depth":0,
					"method":"<android.graphics.SweepGradient: void <init>(float,float,int[],float[])>",
					"source":"CALLER"
				}
			],
			"keyAPIDiffClass":[],
			"callerOfSingnlar2SourceVar":{
				"<android.graphics.SweepGradient: void <init>(float,float,int[],float[])>":"2, 3"
			}
		},
		{
			"method":"<android.graphics.SweepGradient: android.graphics.Shader copy()>",
			"message":"\\QSweepGradient should be created with either colors and positions or start color and end color\\E",
			"relatedVarType":"Field",
			"relatedCondType":"Basic",
			"modifier":"protected",
			"type":"java.lang.IllegalArgumentException",
			"osVersionRelated":false,
			"resourceRelated":false,
			"assessRelated":false,
			"hardwareRelated":false,
			"manifestRelated":false,
			"conditions":"$i0",
			"fieldValues":"<android.graphics.SweepGradient: int mType>",
			"relatedValues":"; <android.graphics.SweepGradient: int mType>; ",
			"keyAPISameClassNum":2,
			"keyAPIDiffClassNum":28,
			"keyAPISameClass":[
				{
					"trace":[
						"<android.graphics.SweepGradient: android.graphics.Shader copy()>"
					],
					"depth":1,
					"method":"<android.graphics.SweepGradient: void <init>(float,float,int[],float[])>",
					"source":"FIELD"
				},
				{
					"trace":[
						"<android.graphics.SweepGradient: android.graphics.Shader copy()>"
					],
					"depth":1,
					"method":"<android.graphics.SweepGradient: void <init>(float,float,int,int)>",
					"source":"FIELD"
				}
			],
			"keyAPIDiffClass":[
				{
					"trace":[
						"<android.graphics.drawable.Drawable: void draw(android.graphics.Canvas)>",
						"<android.graphics.drawable.GradientDrawable: boolean ensureValidRect()>",
						"<android.graphics.SweepGradient: void <init>(float,float,int[],float[])>",
						"key field: <android.graphics.SweepGradient: int mType>",
						"<android.graphics.SweepGradient: android.graphics.Shader copy()>"
					],
					"depth":3,
					"method":"<android.graphics.drawable.Drawable: void draw(android.graphics.Canvas)>",
					"source":"FIELDCALLER"
				},
				{
					"trace":[
						"<android.graphics.drawable.GradientDrawable: void draw(android.graphics.Canvas)>",
						"<android.graphics.drawable.GradientDrawable: boolean ensureValidRect()>",
						"<android.graphics.SweepGradient: void <init>(float,float,int[],float[])>",
						"key field: <android.graphics.SweepGradient: int mType>",
						"<android.graphics.SweepGradient: android.graphics.Shader copy()>"
					],
					"depth":3,
					"method":"<android.graphics.drawable.GradientDrawable: void draw(android.graphics.Canvas)>",
					"source":"FIELDCALLER"
				},
				{
					"trace":[
						"<android.graphics.drawable.GradientDrawable: float getGradientRadius()>",
						"<android.graphics.drawable.GradientDrawable: boolean ensureValidRect()>",
						"<android.graphics.SweepGradient: void <init>(float,float,int[],float[])>",
						"key field: <android.graphics.SweepGradient: int mType>",
						"<android.graphics.SweepGradient: android.graphics.Shader copy()>"
					],
					"depth":3,
					"method":"<android.graphics.drawable.GradientDrawable: float getGradientRadius()>",
					"source":"FIELDCALLER"
				},
				{
					"trace":[
						"<com.android.internal.widget.ActionBarOverlayLayout: void draw(android.graphics.Canvas)>",
						"<android.graphics.drawable.GradientDrawable: void draw(android.graphics.Canvas)>",
						"<android.graphics.drawable.GradientDrawable: boolean ensureValidRect()>",
						"<android.graphics.SweepGradient: void <init>(float,float,int[],float[])>",
						"key field: <android.graphics.SweepGradient: int mType>",
						"<android.graphics.SweepGradient: android.graphics.Shader copy()>"
					],
					"depth":4,
					"method":"<com.android.internal.widget.ActionBarOverlayLayout: void draw(android.graphics.Canvas)>",
					"source":"FIELDCALLER"
				},
				{
					"trace":[
						"<android.text.style.ReplacementSpan: void draw(android.graphics.Canvas,java.lang.CharSequence,int,int,float,int,int,int,android.graphics.Paint)>",
						"<android.graphics.drawable.GradientDrawable: void draw(android.graphics.Canvas)>",
						"<android.graphics.drawable.GradientDrawable: boolean ensureValidRect()>",
						"<android.graphics.SweepGradient: void <init>(float,float,int[],float[])>",
						"key field: <android.graphics.SweepGradient: int mType>",
						"<android.graphics.SweepGradient: android.graphics.Shader copy()>"
					],
					"depth":4,
					"method":"<android.text.style.ReplacementSpan: void draw(android.graphics.Canvas,java.lang.CharSequence,int,int,float,int,int,int,android.graphics.Paint)>",
					"source":"FIELDCALLER"
				},
				{
					"trace":[
						"<android.text.style.DynamicDrawableSpan: void draw(android.graphics.Canvas,java.lang.CharSequence,int,int,float,int,int,int,android.graphics.Paint)>",
						"<android.graphics.drawable.GradientDrawable: void draw(android.graphics.Canvas)>",
						"<android.graphics.drawable.GradientDrawable: boolean ensureValidRect()>",
						"<android.graphics.SweepGradient: void <init>(float,float,int[],float[])>",
						"key field: <android.graphics.SweepGradient: int mType>",
						"<android.graphics.SweepGradient: android.graphics.Shader copy()>"
					],
					"depth":4,
					"method":"<android.text.style.DynamicDrawableSpan: void draw(android.graphics.Canvas,java.lang.CharSequence,int,int,float,int,int,int,android.graphics.Paint)>",
					"source":"FIELDCALLER"
				},
				{
					"trace":[
						"<android.graphics.drawable.GradientDrawable: void getOutline(android.graphics.Outline)>",
						"<android.graphics.drawable.GradientDrawable: void buildPathIfDirty()>",
						"<android.graphics.drawable.GradientDrawable: boolean ensureValidRect()>",
						"<android.graphics.SweepGradient: void <init>(float,float,int[],float[])>",
						"key field: <android.graphics.SweepGradient: int mType>",
						"<android.graphics.SweepGradient: android.graphics.Shader copy()>"
					],
					"depth":4,
					"method":"<android.graphics.drawable.GradientDrawable: void getOutline(android.graphics.Outline)>",
					"source":"FIELDCALLER"
				},
				{
					"trace":[
						"<android.view.ViewOutlineProvider: void getOutline(android.view.View,android.graphics.Outline)>",
						"<android.graphics.drawable.GradientDrawable: void getOutline(android.graphics.Outline)>",
						"<android.graphics.drawable.GradientDrawable: void buildPathIfDirty()>",
						"<android.graphics.drawable.GradientDrawable: boolean ensureValidRect()>",
						"<android.graphics.SweepGradient: void <init>(float,float,int[],float[])>",
						"key field: <android.graphics.SweepGradient: int mType>",
						"<android.graphics.SweepGradient: android.graphics.Shader copy()>"
					],
					"depth":5,
					"method":"<android.view.ViewOutlineProvider: void getOutline(android.view.View,android.graphics.Outline)>",
					"source":"FIELDCALLER"
				},
				{
					"trace":[
						"<android.view.ViewOutlineProvider$1: void getOutline(android.view.View,android.graphics.Outline)>",
						"<android.graphics.drawable.GradientDrawable: void getOutline(android.graphics.Outline)>",
						"<android.graphics.drawable.GradientDrawable: void buildPathIfDirty()>",
						"<android.graphics.drawable.GradientDrawable: boolean ensureValidRect()>",
						"<android.graphics.SweepGradient: void <init>(float,float,int[],float[])>",
						"key field: <android.graphics.SweepGradient: int mType>",
						"<android.graphics.SweepGradient: android.graphics.Shader copy()>"
					],
					"depth":5,
					"method":"<android.view.ViewOutlineProvider$1: void getOutline(android.view.View,android.graphics.Outline)>",
					"source":"FIELDCALLER"
				},
				{
					"trace":[
						"<android.graphics.drawable.RippleDrawable: void getOutline(android.graphics.Outline)>",
						"<android.graphics.drawable.GradientDrawable: void getOutline(android.graphics.Outline)>",
						"<android.graphics.drawable.GradientDrawable: void buildPathIfDirty()>",
						"<android.graphics.drawable.GradientDrawable: boolean ensureValidRect()>",
						"<android.graphics.SweepGradient: void <init>(float,float,int[],float[])>",
						"key field: <android.graphics.SweepGradient: int mType>",
						"<android.graphics.SweepGradient: android.graphics.Shader copy()>"
					],
					"depth":5,
					"method":"<android.graphics.drawable.RippleDrawable: void getOutline(android.graphics.Outline)>",
					"source":"FIELDCALLER"
				},
				{
					"trace":[
						"<android.graphics.drawable.InsetDrawable: void getOutline(android.graphics.Outline)>",
						"<android.graphics.drawable.RippleDrawable: void getOutline(android.graphics.Outline)>",
						"<android.graphics.drawable.GradientDrawable: void getOutline(android.graphics.Outline)>",
						"<android.graphics.drawable.GradientDrawable: void buildPathIfDirty()>",
						"<android.graphics.drawable.GradientDrawable: boolean ensureValidRect()>",
						"<android.graphics.SweepGradient: void <init>(float,float,int[],float[])>",
						"key field: <android.graphics.SweepGradient: int mType>",
						"<android.graphics.SweepGradient: android.graphics.Shader copy()>"
					],
					"depth":6,
					"method":"<android.graphics.drawable.InsetDrawable: void getOutline(android.graphics.Outline)>",
					"source":"FIELDCALLER"
				},
				{
					"trace":[
						"<android.graphics.drawable.RippleDrawable: void draw(android.graphics.Canvas)>",
						"<android.graphics.drawable.RippleDrawable: void drawBackgroundAndRipples(android.graphics.Canvas)>",
						"<android.graphics.drawable.RippleDrawable: void updateMaskShaderIfNeeded()>",
						"<android.graphics.drawable.RippleDrawable: void drawMask(android.graphics.Canvas)>",
						"<android.graphics.drawable.GradientDrawable: void draw(android.graphics.Canvas)>",
						"<android.graphics.drawable.GradientDrawable: boolean ensureValidRect()>",
						"<android.graphics.SweepGradient: void <init>(float,float,int[],float[])>",
						"key field: <android.graphics.SweepGradient: int mType>",
						"<android.graphics.SweepGradient: android.graphics.Shader copy()>"
					],
					"depth":7,
					"method":"<android.graphics.drawable.RippleDrawable: void draw(android.graphics.Canvas)>",
					"source":"FIELDCALLER"
				},
				{
					"trace":[
						"<android.graphics.drawable.DrawableWrapper: void getOutline(android.graphics.Outline)>",
						"<android.graphics.drawable.InsetDrawable: void getOutline(android.graphics.Outline)>",
						"<android.graphics.drawable.RippleDrawable: void getOutline(android.graphics.Outline)>",
						"<android.graphics.drawable.GradientDrawable: void getOutline(android.graphics.Outline)>",
						"<android.graphics.drawable.GradientDrawable: void buildPathIfDirty()>",
						"<android.graphics.drawable.GradientDrawable: boolean ensureValidRect()>",
						"<android.graphics.SweepGradient: void <init>(float,float,int[],float[])>",
						"key field: <android.graphics.SweepGradient: int mType>",
						"<android.graphics.SweepGradient: android.graphics.Shader copy()>"
					],
					"depth":7,
					"method":"<android.graphics.drawable.DrawableWrapper: void getOutline(android.graphics.Outline)>",
					"source":"FIELDCALLER"
				},
				{
					"trace":[
						"<com.android.internal.widget.BackgroundFallback: void draw(android.view.ViewGroup,android.graphics.Canvas,android.view.View)>",
						"<android.graphics.drawable.RippleDrawable: void draw(android.graphics.Canvas)>",
						"<android.graphics.drawable.RippleDrawable: void drawBackgroundAndRipples(android.graphics.Canvas)>",
						"<android.graphics.drawable.RippleDrawable: void updateMaskShaderIfNeeded()>",
						"<android.graphics.drawable.RippleDrawable: void drawMask(android.graphics.Canvas)>",
						"<android.graphics.drawable.GradientDrawable: void draw(android.graphics.Canvas)>",
						"<android.graphics.drawable.GradientDrawable: boolean ensureValidRect()>",
						"<android.graphics.SweepGradient: void <init>(float,float,int[],float[])>",
						"key field: <android.graphics.SweepGradient: int mType>",
						"<android.graphics.SweepGradient: android.graphics.Shader copy()>"
					],
					"depth":8,
					"method":"<com.android.internal.widget.BackgroundFallback: void draw(android.view.ViewGroup,android.graphics.Canvas,android.view.View)>",
					"source":"FIELDCALLER"
				},
				{
					"trace":[
						"<android.graphics.drawable.TransitionDrawable: void draw(android.graphics.Canvas)>",
						"<android.graphics.drawable.RippleDrawable: void draw(android.graphics.Canvas)>",
						"<android.graphics.drawable.RippleDrawable: void drawBackgroundAndRipples(android.graphics.Canvas)>",
						"<android.graphics.drawable.RippleDrawable: void updateMaskShaderIfNeeded()>",
						"<android.graphics.drawable.RippleDrawable: void drawMask(android.graphics.Canvas)>",
						"<android.graphics.drawable.GradientDrawable: void draw(android.graphics.Canvas)>",
						"<android.graphics.drawable.GradientDrawable: boolean ensureValidRect()>",
						"<android.graphics.SweepGradient: void <init>(float,float,int[],float[])>",
						"key field: <android.graphics.SweepGradient: int mType>",
						"<android.graphics.SweepGradient: android.graphics.Shader copy()>"
					],
					"depth":8,
					"method":"<android.graphics.drawable.TransitionDrawable: void draw(android.graphics.Canvas)>",
					"source":"FIELDCALLER"
				},
				{
					"trace":[
						"<android.graphics.drawable.RotateDrawable: void draw(android.graphics.Canvas)>",
						"<android.graphics.drawable.RippleDrawable: void draw(android.graphics.Canvas)>",
						"<android.graphics.drawable.RippleDrawable: void drawBackgroundAndRipples(android.graphics.Canvas)>",
						"<android.graphics.drawable.RippleDrawable: void updateMaskShaderIfNeeded()>",
						"<android.graphics.drawable.RippleDrawable: void drawMask(android.graphics.Canvas)>",
						"<android.graphics.drawable.GradientDrawable: void draw(android.graphics.Canvas)>",
						"<android.graphics.drawable.GradientDrawable: boolean ensureValidRect()>",
						"<android.graphics.SweepGradient: void <init>(float,float,int[],float[])>",
						"key field: <android.graphics.SweepGradient: int mType>",
						"<android.graphics.SweepGradient: android.graphics.Shader copy()>"
					],
					"depth":8,
					"method":"<android.graphics.drawable.RotateDrawable: void draw(android.graphics.Canvas)>",
					"source":"FIELDCALLER"
				},
				{
					"trace":[
						"<android.graphics.drawable.ScaleDrawable: void draw(android.graphics.Canvas)>",
						"<android.graphics.drawable.RippleDrawable: void draw(android.graphics.Canvas)>",
						"<android.graphics.drawable.RippleDrawable: void drawBackgroundAndRipples(android.graphics.Canvas)>",
						"<android.graphics.drawable.RippleDrawable: void updateMaskShaderIfNeeded()>",
						"<android.graphics.drawable.RippleDrawable: void drawMask(android.graphics.Canvas)>",
						"<android.graphics.drawable.GradientDrawable: void draw(android.graphics.Canvas)>",
						"<android.graphics.drawable.GradientDrawable: boolean ensureValidRect()>",
						"<android.graphics.SweepGradient: void <init>(float,float,int[],float[])>",
						"key field: <android.graphics.SweepGradient: int mType>",
						"<android.graphics.SweepGradient: android.graphics.Shader copy()>"
					],
					"depth":8,
					"method":"<android.graphics.drawable.ScaleDrawable: void draw(android.graphics.Canvas)>",
					"source":"FIELDCALLER"
				},
				{
					"trace":[
						"<android.graphics.drawable.DrawableWrapper: void draw(android.graphics.Canvas)>",
						"<android.graphics.drawable.RippleDrawable: void draw(android.graphics.Canvas)>",
						"<android.graphics.drawable.RippleDrawable: void drawBackgroundAndRipples(android.graphics.Canvas)>",
						"<android.graphics.drawable.RippleDrawable: void updateMaskShaderIfNeeded()>",
						"<android.graphics.drawable.RippleDrawable: void drawMask(android.graphics.Canvas)>",
						"<android.graphics.drawable.GradientDrawable: void draw(android.graphics.Canvas)>",
						"<android.graphics.drawable.GradientDrawable: boolean ensureValidRect()>",
						"<android.graphics.SweepGradient: void <init>(float,float,int[],float[])>",
						"key field: <android.graphics.SweepGradient: int mType>",
						"<android.graphics.SweepGradient: android.graphics.Shader copy()>"
					],
					"depth":8,
					"method":"<android.graphics.drawable.DrawableWrapper: void draw(android.graphics.Canvas)>",
					"source":"FIELDCALLER"
				},
				{
					"trace":[
						"<android.graphics.drawable.AnimatedRotateDrawable: void draw(android.graphics.Canvas)>",
						"<android.graphics.drawable.RippleDrawable: void draw(android.graphics.Canvas)>",
						"<android.graphics.drawable.RippleDrawable: void drawBackgroundAndRipples(android.graphics.Canvas)>",
						"<android.graphics.drawable.RippleDrawable: void updateMaskShaderIfNeeded()>",
						"<android.graphics.drawable.RippleDrawable: void drawMask(android.graphics.Canvas)>",
						"<android.graphics.drawable.GradientDrawable: void draw(android.graphics.Canvas)>",
						"<android.graphics.drawable.GradientDrawable: boolean ensureValidRect()>",
						"<android.graphics.SweepGradient: void <init>(float,float,int[],float[])>",
						"key field: <android.graphics.SweepGradient: int mType>",
						"<android.graphics.SweepGradient: android.graphics.Shader copy()>"
					],
					"depth":8,
					"method":"<android.graphics.drawable.AnimatedRotateDrawable: void draw(android.graphics.Canvas)>",
					"source":"FIELDCALLER"
				},
				{
					"trace":[
						"<android.graphics.drawable.ClipDrawable: void draw(android.graphics.Canvas)>",
						"<android.graphics.drawable.RippleDrawable: void draw(android.graphics.Canvas)>",
						"<android.graphics.drawable.RippleDrawable: void drawBackgroundAndRipples(android.graphics.Canvas)>",
						"<android.graphics.drawable.RippleDrawable: void updateMaskShaderIfNeeded()>",
						"<android.graphics.drawable.RippleDrawable: void drawMask(android.graphics.Canvas)>",
						"<android.graphics.drawable.GradientDrawable: void draw(android.graphics.Canvas)>",
						"<android.graphics.drawable.GradientDrawable: boolean ensureValidRect()>",
						"<android.graphics.SweepGradient: void <init>(float,float,int[],float[])>",
						"key field: <android.graphics.SweepGradient: int mType>",
						"<android.graphics.SweepGradient: android.graphics.Shader copy()>"
					],
					"depth":8,
					"method":"<android.graphics.drawable.ClipDrawable: void draw(android.graphics.Canvas)>",
					"source":"FIELDCALLER"
				},
				{
					"trace":[
						"<com.android.internal.widget.ActionBarContainer$ActionBarBackgroundDrawable: void draw(android.graphics.Canvas)>",
						"<android.graphics.drawable.RippleDrawable: void draw(android.graphics.Canvas)>",
						"<android.graphics.drawable.RippleDrawable: void drawBackgroundAndRipples(android.graphics.Canvas)>",
						"<android.graphics.drawable.RippleDrawable: void updateMaskShaderIfNeeded()>",
						"<android.graphics.drawable.RippleDrawable: void drawMask(android.graphics.Canvas)>",
						"<android.graphics.drawable.GradientDrawable: void draw(android.graphics.Canvas)>",
						"<android.graphics.drawable.GradientDrawable: boolean ensureValidRect()>",
						"<android.graphics.SweepGradient: void <init>(float,float,int[],float[])>",
						"key field: <android.graphics.SweepGradient: int mType>",
						"<android.graphics.SweepGradient: android.graphics.Shader copy()>"
					],
					"depth":8,
					"method":"<com.android.internal.widget.ActionBarContainer$ActionBarBackgroundDrawable: void draw(android.graphics.Canvas)>",
					"source":"FIELDCALLER"
				},
				{
					"trace":[
						"<com.android.internal.app.PlatLogoActivity$2: void draw(android.graphics.Canvas)>",
						"<android.graphics.drawable.RippleDrawable: void draw(android.graphics.Canvas)>",
						"<android.graphics.drawable.RippleDrawable: void drawBackgroundAndRipples(android.graphics.Canvas)>",
						"<android.graphics.drawable.RippleDrawable: void updateMaskShaderIfNeeded()>",
						"<android.graphics.drawable.RippleDrawable: void drawMask(android.graphics.Canvas)>",
						"<android.graphics.drawable.GradientDrawable: void draw(android.graphics.Canvas)>",
						"<android.graphics.drawable.GradientDrawable: boolean ensureValidRect()>",
						"<android.graphics.SweepGradient: void <init>(float,float,int[],float[])>",
						"key field: <android.graphics.SweepGradient: int mType>",
						"<android.graphics.SweepGradient: android.graphics.Shader copy()>"
					],
					"depth":8,
					"method":"<com.android.internal.app.PlatLogoActivity$2: void draw(android.graphics.Canvas)>",
					"source":"FIELDCALLER"
				},
				{
					"trace":[
						"<android.graphics.drawable.DrawableContainer: void draw(android.graphics.Canvas)>",
						"<android.graphics.drawable.RippleDrawable: void draw(android.graphics.Canvas)>",
						"<android.graphics.drawable.RippleDrawable: void drawBackgroundAndRipples(android.graphics.Canvas)>",
						"<android.graphics.drawable.RippleDrawable: void updateMaskShaderIfNeeded()>",
						"<android.graphics.drawable.RippleDrawable: void drawMask(android.graphics.Canvas)>",
						"<android.graphics.drawable.GradientDrawable: void draw(android.graphics.Canvas)>",
						"<android.graphics.drawable.GradientDrawable: boolean ensureValidRect()>",
						"<android.graphics.SweepGradient: void <init>(float,float,int[],float[])>",
						"key field: <android.graphics.SweepGradient: int mType>",
						"<android.graphics.SweepGradient: android.graphics.Shader copy()>"
					],
					"depth":8,
					"method":"<android.graphics.drawable.DrawableContainer: void draw(android.graphics.Canvas)>",
					"source":"FIELDCALLER"
				},
				{
					"trace":[
						"<android.graphics.drawable.LayerDrawable: void draw(android.graphics.Canvas)>",
						"<android.graphics.drawable.RippleDrawable: void draw(android.graphics.Canvas)>",
						"<android.graphics.drawable.RippleDrawable: void drawBackgroundAndRipples(android.graphics.Canvas)>",
						"<android.graphics.drawable.RippleDrawable: void updateMaskShaderIfNeeded()>",
						"<android.graphics.drawable.RippleDrawable: void drawMask(android.graphics.Canvas)>",
						"<android.graphics.drawable.GradientDrawable: void draw(android.graphics.Canvas)>",
						"<android.graphics.drawable.GradientDrawable: boolean ensureValidRect()>",
						"<android.graphics.SweepGradient: void <init>(float,float,int[],float[])>",
						"key field: <android.graphics.SweepGradient: int mType>",
						"<android.graphics.SweepGradient: android.graphics.Shader copy()>"
					],
					"depth":8,
					"method":"<android.graphics.drawable.LayerDrawable: void draw(android.graphics.Canvas)>",
					"source":"FIELDCALLER"
				},
				{
					"trace":[
						"<com.android.internal.policy.PhoneWindow$DecorView: void draw(android.graphics.Canvas)>",
						"<android.graphics.drawable.RippleDrawable: void draw(android.graphics.Canvas)>",
						"<android.graphics.drawable.RippleDrawable: void drawBackgroundAndRipples(android.graphics.Canvas)>",
						"<android.graphics.drawable.RippleDrawable: void updateMaskShaderIfNeeded()>",
						"<android.graphics.drawable.RippleDrawable: void drawMask(android.graphics.Canvas)>",
						"<android.graphics.drawable.GradientDrawable: void draw(android.graphics.Canvas)>",
						"<android.graphics.drawable.GradientDrawable: boolean ensureValidRect()>",
						"<android.graphics.SweepGradient: void <init>(float,float,int[],float[])>",
						"key field: <android.graphics.SweepGradient: int mType>",
						"<android.graphics.SweepGradient: android.graphics.Shader copy()>"
					],
					"depth":8,
					"method":"<com.android.internal.policy.PhoneWindow$DecorView: void draw(android.graphics.Canvas)>",
					"source":"FIELDCALLER"
				},
				{
					"trace":[
						"<com.android.internal.widget.ActionBarContainer$ActionBarBackgroundDrawable: void getOutline(android.graphics.Outline)>",
						"<android.graphics.drawable.DrawableWrapper: void getOutline(android.graphics.Outline)>",
						"<android.graphics.drawable.InsetDrawable: void getOutline(android.graphics.Outline)>",
						"<android.graphics.drawable.RippleDrawable: void getOutline(android.graphics.Outline)>",
						"<android.graphics.drawable.GradientDrawable: void getOutline(android.graphics.Outline)>",
						"<android.graphics.drawable.GradientDrawable: void buildPathIfDirty()>",
						"<android.graphics.drawable.GradientDrawable: boolean ensureValidRect()>",
						"<android.graphics.SweepGradient: void <init>(float,float,int[],float[])>",
						"key field: <android.graphics.SweepGradient: int mType>",
						"<android.graphics.SweepGradient: android.graphics.Shader copy()>"
					],
					"depth":8,
					"method":"<com.android.internal.widget.ActionBarContainer$ActionBarBackgroundDrawable: void getOutline(android.graphics.Outline)>",
					"source":"FIELDCALLER"
				},
				{
					"trace":[
						"<android.graphics.drawable.DrawableContainer: void getOutline(android.graphics.Outline)>",
						"<android.graphics.drawable.DrawableWrapper: void getOutline(android.graphics.Outline)>",
						"<android.graphics.drawable.InsetDrawable: void getOutline(android.graphics.Outline)>",
						"<android.graphics.drawable.RippleDrawable: void getOutline(android.graphics.Outline)>",
						"<android.graphics.drawable.GradientDrawable: void getOutline(android.graphics.Outline)>",
						"<android.graphics.drawable.GradientDrawable: void buildPathIfDirty()>",
						"<android.graphics.drawable.GradientDrawable: boolean ensureValidRect()>",
						"<android.graphics.SweepGradient: void <init>(float,float,int[],float[])>",
						"key field: <android.graphics.SweepGradient: int mType>",
						"<android.graphics.SweepGradient: android.graphics.Shader copy()>"
					],
					"depth":8,
					"method":"<android.graphics.drawable.DrawableContainer: void getOutline(android.graphics.Outline)>",
					"source":"FIELDCALLER"
				},
				{
					"trace":[
						"<android.graphics.drawable.LayerDrawable: void getOutline(android.graphics.Outline)>",
						"<android.graphics.drawable.DrawableWrapper: void getOutline(android.graphics.Outline)>",
						"<android.graphics.drawable.InsetDrawable: void getOutline(android.graphics.Outline)>",
						"<android.graphics.drawable.RippleDrawable: void getOutline(android.graphics.Outline)>",
						"<android.graphics.drawable.GradientDrawable: void getOutline(android.graphics.Outline)>",
						"<android.graphics.drawable.GradientDrawable: void buildPathIfDirty()>",
						"<android.graphics.drawable.GradientDrawable: boolean ensureValidRect()>",
						"<android.graphics.SweepGradient: void <init>(float,float,int[],float[])>",
						"key field: <android.graphics.SweepGradient: int mType>",
						"<android.graphics.SweepGradient: android.graphics.Shader copy()>"
					],
					"depth":8,
					"method":"<android.graphics.drawable.LayerDrawable: void getOutline(android.graphics.Outline)>",
					"source":"FIELDCALLER"
				}
			],
			"callerOfSingnlar2SourceVar":{}
		}
	]
}