{
	"exceptions":[
		{
			"method":"<android.app.VoiceInteractor$Prompt: void <init>(java.lang.CharSequence[],java.lang.CharSequence)>",
			"message":"\\QvisualPrompt must not be null\\E",
			"relatedVarType":"Parameter",
			"relatedCondType":"Basic",
			"modifier":"public",
			"type":"java.lang.NullPointerException",
			"osVersionRelated":false,
			"resourceRelated":false,
			"assessRelated":false,
			"hardwareRelated":false,
			"manifestRelated":false,
			"conditions":"r2 != null, $i0 != 0, r1 != null",
			"paramValues":"@parameter1: java.lang.CharSequence, @parameter0: java.lang.CharSequence[]",
			"relatedValues":"@parameter1: java.lang.CharSequence, @parameter0: java.lang.CharSequence[]; ; ",
			"keyAPISameClassNum":0,
			"keyAPIDiffClassNum":0,
			"keyAPISameClass":[
				{
					"trace":[
						"<android.app.VoiceInteractor$Prompt: void <init>(java.lang.CharSequence[],java.lang.CharSequence)>"
					],
					"depth":0,
					"method":"<android.app.VoiceInteractor$Prompt: void <init>(java.lang.CharSequence[],java.lang.CharSequence)>",
					"source":"CALLER"
				}
			],
			"keyAPIDiffClass":[],
			"callerOfSingnlar2SourceVar":{
				"<android.app.VoiceInteractor$Prompt: void <init>(java.lang.CharSequence[],java.lang.CharSequence)>":"1, 0"
			}
		},
		{
			"method":"<android.app.VoiceInteractor$Prompt: void <init>(java.lang.CharSequence[],java.lang.CharSequence)>",
			"message":"\\QvoicePrompts must not be null\\E",
			"relatedVarType":"Parameter",
			"relatedCondType":"Basic",
			"modifier":"public",
			"type":"java.lang.NullPointerException",
			"osVersionRelated":false,
			"resourceRelated":false,
			"assessRelated":false,
			"hardwareRelated":false,
			"manifestRelated":false,
			"conditions":"r1 != null",
			"paramValues":"@parameter0: java.lang.CharSequence[]",
			"relatedValues":"@parameter0: java.lang.CharSequence[]; ; ",
			"keyAPISameClassNum":0,
			"keyAPIDiffClassNum":0,
			"keyAPISameClass":[
				{
					"trace":[
						"<android.app.VoiceInteractor$Prompt: void <init>(java.lang.CharSequence[],java.lang.CharSequence)>"
					],
					"depth":0,
					"method":"<android.app.VoiceInteractor$Prompt: void <init>(java.lang.CharSequence[],java.lang.CharSequence)>",
					"source":"CALLER"
				}
			],
			"keyAPIDiffClass":[],
			"callerOfSingnlar2SourceVar":{
				"<android.app.VoiceInteractor$Prompt: void <init>(java.lang.CharSequence[],java.lang.CharSequence)>":"0"
			}
		},
		{
			"method":"<android.app.VoiceInteractor$Prompt: void <init>(java.lang.CharSequence[],java.lang.CharSequence)>",
			"message":"\\QvoicePrompts must not be empty\\E",
			"relatedVarType":"Parameter",
			"relatedCondType":"Basic",
			"modifier":"public",
			"type":"java.lang.IllegalArgumentException",
			"osVersionRelated":false,
			"resourceRelated":false,
			"assessRelated":false,
			"hardwareRelated":false,
			"manifestRelated":false,
			"conditions":"$i0 != 0, r1 != null",
			"paramValues":"@parameter0: java.lang.CharSequence[]",
			"relatedValues":"@parameter0: java.lang.CharSequence[]; ; ",
			"keyAPISameClassNum":0,
			"keyAPIDiffClassNum":0,
			"keyAPISameClass":[
				{
					"trace":[
						"<android.app.VoiceInteractor$Prompt: void <init>(java.lang.CharSequence[],java.lang.CharSequence)>"
					],
					"depth":0,
					"method":"<android.app.VoiceInteractor$Prompt: void <init>(java.lang.CharSequence[],java.lang.CharSequence)>",
					"source":"CALLER"
				}
			],
			"keyAPIDiffClass":[],
			"callerOfSingnlar2SourceVar":{
				"<android.app.VoiceInteractor$Prompt: void <init>(java.lang.CharSequence[],java.lang.CharSequence)>":"0"
			}
		}
	]
}