{
	"exceptions":[
		{
			"method":"<android.filterpacks.imageproc.RedEyeFilter: void initProgram(android.filterfw.core.FilterContext,int)>",
			"message":"\\QFilter RedEye does not support frames of target \\E[\\s\\S]*\\Q!\\E",
			"relatedVarType":"Parameter",
			"relatedCondType":"Basic",
			"modifier":"public",
			"type":"java.lang.RuntimeException",
			"osVersionRelated":false,
			"resourceRelated":false,
			"assessRelated":false,
			"hardwareRelated":false,
			"manifestRelated":false,
			"conditions":"i0",
			"paramValues":"@parameter1: int",
			"relatedValues":"@parameter1: int; ; ",
			"keyAPISameClassNum":0,
			"keyAPIDiffClassNum":0,
			"keyAPISameClass":[
				{
					"trace":[
						"<android.filterpacks.imageproc.RedEyeFilter: void initProgram(android.filterfw.core.FilterContext,int)>"
					],
					"depth":0,
					"method":"<android.filterpacks.imageproc.RedEyeFilter: void initProgram(android.filterfw.core.FilterContext,int)>",
					"source":"CALLER"
				}
			],
			"keyAPIDiffClass":[],
			"callerOfSingnlar2SourceVar":{
				"<android.filterpacks.imageproc.RedEyeFilter: void initProgram(android.filterfw.core.FilterContext,int)>":"1"
			}
		},
		{
			"method":"<android.filterpacks.imageproc.RedEyeFilter: void updateProgramParams()>",
			"message":"\\QThe size of center array must be even.\\E",
			"relatedVarType":"Field",
			"relatedCondType":"Basic",
			"modifier":"private",
			"type":"java.lang.RuntimeException",
			"osVersionRelated":false,
			"resourceRelated":false,
			"assessRelated":false,
			"hardwareRelated":false,
			"manifestRelated":false,
			"conditions":"$i1 != 1",
			"fieldValues":"<android.filterpacks.imageproc.RedEyeFilter: float[] mCenters>",
			"relatedValues":"; <android.filterpacks.imageproc.RedEyeFilter: float[] mCenters>; ",
			"keyAPISameClassNum":2,
			"keyAPIDiffClassNum":0,
			"keyAPISameClass":[
				{
					"trace":[
						"<android.filterpacks.imageproc.RedEyeFilter: void process(android.filterfw.core.FilterContext)>",
						"<android.filterpacks.imageproc.RedEyeFilter: void createRedEyeFrame(android.filterfw.core.FilterContext)>",
						"key field: <android.filterpacks.imageproc.RedEyeFilter: float[] mCenters>",
						"<android.filterpacks.imageproc.RedEyeFilter: void updateProgramParams()>"
					],
					"depth":2,
					"method":"<android.filterpacks.imageproc.RedEyeFilter: void process(android.filterfw.core.FilterContext)>",
					"source":"FIELDCALLER"
				},
				{
					"trace":[
						"<android.filterpacks.imageproc.RedEyeFilter: void fieldPortValueUpdated(java.lang.String,android.filterfw.core.FilterContext)>",
						"<android.filterpacks.imageproc.RedEyeFilter: void updateProgramParams()>",
						"key field: <android.filterpacks.imageproc.RedEyeFilter: float[] mCenters>",
						"<android.filterpacks.imageproc.RedEyeFilter: void updateProgramParams()>"
					],
					"depth":2,
					"method":"<android.filterpacks.imageproc.RedEyeFilter: void fieldPortValueUpdated(java.lang.String,android.filterfw.core.FilterContext)>",
					"source":"FIELDCALLER"
				}
			],
			"keyAPIDiffClass":[],
			"callerOfSingnlar2SourceVar":{}
		}
	]
}