{
	"exceptions":[
		{
			"method":"<android.ddm.DdmHandleHeap: org.apache.harmony.dalvik.ddmc.Chunk handleChunk(org.apache.harmony.dalvik.ddmc.Chunk)>",
			"message":"\\QUnknown packet \\E[\\s\\S]*",
			"relatedVarType":"ParaAndField",
			"relatedCondType":"Basic",
			"modifier":"public",
			"type":"java.lang.RuntimeException",
			"osVersionRelated":false,
			"resourceRelated":false,
			"assessRelated":false,
			"hardwareRelated":false,
			"manifestRelated":false,
			"conditions":"i0 != $i9, i0 != $i8, i0 != $i7",
			"paramValues":"@parameter0: org.apache.harmony.dalvik.ddmc.Chunk",
			"fieldValues":"<android.ddm.DdmHandleHeap: int CHUNK_REAL>, <android.ddm.DdmHandleHeap: int CHUNK_REAQ>, <android.ddm.DdmHandleHeap: int CHUNK_REAE>",
			"relatedValues":"@parameter0: org.apache.harmony.dalvik.ddmc.Chunk; <android.ddm.DdmHandleHeap: int CHUNK_REAL>, <android.ddm.DdmHandleHeap: int CHUNK_REAQ>, <android.ddm.DdmHandleHeap: int CHUNK_REAE>; ",
			"keyAPISameClassNum":0,
			"keyAPIDiffClassNum":0,
			"keyAPISameClass":[],
			"keyAPIDiffClass":[],
			"callerOfSingnlar2SourceVar":{
				"<android.ddm.DdmHandleHeap: org.apache.harmony.dalvik.ddmc.Chunk handleChunk(org.apache.harmony.dalvik.ddmc.Chunk)>":"0"
			}
		}
	]
}