{
	"exceptions":[
		{
			"method":"<android.content.ContentProviderClient: boolean release()>",
			"message":"\\QAlready released\\E",
			"relatedVarType":"Field",
			"relatedCondType":"Basic",
			"modifier":"public",
			"type":"java.lang.IllegalStateException",
			"osVersionRelated":false,
			"resourceRelated":false,
			"assessRelated":false,
			"hardwareRelated":false,
			"manifestRelated":false,
			"conditions":"$z0 == 0",
			"fieldValues":"<android.content.ContentProviderClient: boolean mReleased>",
			"relatedValues":"; <android.content.ContentProviderClient: boolean mReleased>; ",
			"keyAPISameClassNum":2,
			"keyAPIDiffClassNum":16,
			"keyAPISameClass":[
				{
					"trace":[
						"<android.content.ContentProviderClient: boolean release()>"
					],
					"depth":1,
					"method":"<android.content.ContentProviderClient: boolean release()>",
					"source":"FIELD"
				},
				{
					"trace":[
						"<android.content.ContentProviderClient: void releaseQuietly(android.content.ContentProviderClient)>",
						"<android.content.ContentProviderClient: boolean release()>",
						"key field: <android.content.ContentProviderClient: boolean mReleased>",
						"<android.content.ContentProviderClient: boolean release()>"
					],
					"depth":2,
					"method":"<android.content.ContentProviderClient: void releaseQuietly(android.content.ContentProviderClient)>",
					"source":"FIELDCALLER"
				}
			],
			"keyAPIDiffClass":[
				{
					"trace":[
						"<android.content.AbstractThreadedSyncAdapter$SyncThread: void run()>",
						"<android.content.ContentProviderClient: boolean release()>",
						"key field: <android.content.ContentProviderClient: boolean mReleased>",
						"<android.content.ContentProviderClient: boolean release()>"
					],
					"depth":2,
					"method":"<android.content.AbstractThreadedSyncAdapter$SyncThread: void run()>",
					"source":"FIELDCALLER"
				},
				{
					"trace":[
						"<android.content.ContentResolver: android.content.ContentProviderResult[] applyBatch(java.lang.String,java.util.ArrayList)>",
						"<android.content.ContentProviderClient: boolean release()>",
						"key field: <android.content.ContentProviderClient: boolean mReleased>",
						"<android.content.ContentProviderClient: boolean release()>"
					],
					"depth":2,
					"method":"<android.content.ContentResolver: android.content.ContentProviderResult[] applyBatch(java.lang.String,java.util.ArrayList)>",
					"source":"FIELDCALLER"
				},
				{
					"trace":[
						"<android.content.AbstractThreadedSyncAdapter$ISyncAdapterImpl: void startSync(android.content.ISyncContext,java.lang.String,android.accounts.Account,android.os.Bundle)>",
						"<android.content.AbstractThreadedSyncAdapter$SyncThread: void run()>",
						"<android.content.ContentProviderClient: boolean release()>",
						"key field: <android.content.ContentProviderClient: boolean mReleased>",
						"<android.content.ContentProviderClient: boolean release()>"
					],
					"depth":3,
					"method":"<android.content.AbstractThreadedSyncAdapter$ISyncAdapterImpl: void startSync(android.content.ISyncContext,java.lang.String,android.accounts.Account,android.os.Bundle)>",
					"source":"FIELDCALLER"
				},
				{
					"trace":[
						"<android.view.Choreographer$CallbackRecord: void run(long)>",
						"<android.content.AbstractThreadedSyncAdapter$SyncThread: void run()>",
						"<android.content.ContentProviderClient: boolean release()>",
						"key field: <android.content.ContentProviderClient: boolean mReleased>",
						"<android.content.ContentProviderClient: boolean release()>"
					],
					"depth":3,
					"method":"<android.view.Choreographer$CallbackRecord: void run(long)>",
					"source":"FIELDCALLER"
				},
				{
					"trace":[
						"<android.app.SharedPreferencesImpl$2: void run()>",
						"<android.content.AbstractThreadedSyncAdapter$SyncThread: void run()>",
						"<android.content.ContentProviderClient: boolean release()>",
						"key field: <android.content.ContentProviderClient: boolean mReleased>",
						"<android.content.ContentProviderClient: boolean release()>"
					],
					"depth":3,
					"method":"<android.app.SharedPreferencesImpl$2: void run()>",
					"source":"FIELDCALLER"
				},
				{
					"trace":[
						"<java.lang.Runnable: void run()>",
						"<android.content.AbstractThreadedSyncAdapter$SyncThread: void run()>",
						"<android.content.ContentProviderClient: boolean release()>",
						"key field: <android.content.ContentProviderClient: boolean mReleased>",
						"<android.content.ContentProviderClient: boolean release()>"
					],
					"depth":3,
					"method":"<java.lang.Runnable: void run()>",
					"source":"FIELDCALLER"
				},
				{
					"trace":[
						"<android.content.ISyncAdapter$Stub: boolean onTransact(int,android.os.Parcel,android.os.Parcel,int)>",
						"<android.content.AbstractThreadedSyncAdapter$ISyncAdapterImpl: void startSync(android.content.ISyncContext,java.lang.String,android.accounts.Account,android.os.Bundle)>",
						"<android.content.AbstractThreadedSyncAdapter$SyncThread: void run()>",
						"<android.content.ContentProviderClient: boolean release()>",
						"key field: <android.content.ContentProviderClient: boolean mReleased>",
						"<android.content.ContentProviderClient: boolean release()>"
					],
					"depth":4,
					"method":"<android.content.ISyncAdapter$Stub: boolean onTransact(int,android.os.Parcel,android.os.Parcel,int)>",
					"source":"FIELDCALLER"
				},
				{
					"trace":[
						"<android.content.AbstractThreadedSyncAdapter$ISyncAdapterImpl: void initialize(android.accounts.Account,java.lang.String)>",
						"<android.content.AbstractThreadedSyncAdapter$ISyncAdapterImpl: void startSync(android.content.ISyncContext,java.lang.String,android.accounts.Account,android.os.Bundle)>",
						"<android.content.AbstractThreadedSyncAdapter$SyncThread: void run()>",
						"<android.content.ContentProviderClient: boolean release()>",
						"key field: <android.content.ContentProviderClient: boolean mReleased>",
						"<android.content.ContentProviderClient: boolean release()>"
					],
					"depth":4,
					"method":"<android.content.AbstractThreadedSyncAdapter$ISyncAdapterImpl: void initialize(android.accounts.Account,java.lang.String)>",
					"source":"FIELDCALLER"
				},
				{
					"trace":[
						"<android.app.Instrumentation$SyncRunnable: void run()>",
						"<android.app.SharedPreferencesImpl$2: void run()>",
						"<android.content.AbstractThreadedSyncAdapter$SyncThread: void run()>",
						"<android.content.ContentProviderClient: boolean release()>",
						"key field: <android.content.ContentProviderClient: boolean mReleased>",
						"<android.content.ContentProviderClient: boolean release()>"
					],
					"depth":4,
					"method":"<android.app.Instrumentation$SyncRunnable: void run()>",
					"source":"FIELDCALLER"
				},
				{
					"trace":[
						"<android.widget.TextClock$3: void run()>",
						"<android.app.Instrumentation$SyncRunnable: void run()>",
						"<android.app.SharedPreferencesImpl$2: void run()>",
						"<android.content.AbstractThreadedSyncAdapter$SyncThread: void run()>",
						"<android.content.ContentProviderClient: boolean release()>",
						"key field: <android.content.ContentProviderClient: boolean mReleased>",
						"<android.content.ContentProviderClient: boolean release()>"
					],
					"depth":5,
					"method":"<android.widget.TextClock$3: void run()>",
					"source":"FIELDCALLER"
				},
				{
					"trace":[
						"<android.os.AsyncTask$SerialExecutor$1: void run()>",
						"<android.widget.TextClock$3: void run()>",
						"<android.app.Instrumentation$SyncRunnable: void run()>",
						"<android.app.SharedPreferencesImpl$2: void run()>",
						"<android.content.AbstractThreadedSyncAdapter$SyncThread: void run()>",
						"<android.content.ContentProviderClient: boolean release()>",
						"key field: <android.content.ContentProviderClient: boolean mReleased>",
						"<android.content.ContentProviderClient: boolean release()>"
					],
					"depth":6,
					"method":"<android.os.AsyncTask$SerialExecutor$1: void run()>",
					"source":"FIELDCALLER"
				},
				{
					"trace":[
						"<android.widget.DigitalClock$1: void run()>",
						"<android.os.AsyncTask$SerialExecutor$1: void run()>",
						"<android.widget.TextClock$3: void run()>",
						"<android.app.Instrumentation$SyncRunnable: void run()>",
						"<android.app.SharedPreferencesImpl$2: void run()>",
						"<android.content.AbstractThreadedSyncAdapter$SyncThread: void run()>",
						"<android.content.ContentProviderClient: boolean release()>",
						"key field: <android.content.ContentProviderClient: boolean mReleased>",
						"<android.content.ContentProviderClient: boolean release()>"
					],
					"depth":7,
					"method":"<android.widget.DigitalClock$1: void run()>",
					"source":"FIELDCALLER"
				},
				{
					"trace":[
						"<android.app.SharedPreferencesImpl$EditorImpl$2: void run()>",
						"<android.widget.DigitalClock$1: void run()>",
						"<android.os.AsyncTask$SerialExecutor$1: void run()>",
						"<android.widget.TextClock$3: void run()>",
						"<android.app.Instrumentation$SyncRunnable: void run()>",
						"<android.app.SharedPreferencesImpl$2: void run()>",
						"<android.content.AbstractThreadedSyncAdapter$SyncThread: void run()>",
						"<android.content.ContentProviderClient: boolean release()>",
						"key field: <android.content.ContentProviderClient: boolean mReleased>",
						"<android.content.ContentProviderClient: boolean release()>"
					],
					"depth":8,
					"method":"<android.app.SharedPreferencesImpl$EditorImpl$2: void run()>",
					"source":"FIELDCALLER"
				},
				{
					"trace":[
						"<android.test.InstrumentationTestCase$1: void run()>",
						"<android.widget.DigitalClock$1: void run()>",
						"<android.os.AsyncTask$SerialExecutor$1: void run()>",
						"<android.widget.TextClock$3: void run()>",
						"<android.app.Instrumentation$SyncRunnable: void run()>",
						"<android.app.SharedPreferencesImpl$2: void run()>",
						"<android.content.AbstractThreadedSyncAdapter$SyncThread: void run()>",
						"<android.content.ContentProviderClient: boolean release()>",
						"key field: <android.content.ContentProviderClient: boolean mReleased>",
						"<android.content.ContentProviderClient: boolean release()>"
					],
					"depth":8,
					"method":"<android.test.InstrumentationTestCase$1: void run()>",
					"source":"FIELDCALLER"
				},
				{
					"trace":[
						"<android.os.Handler$BlockingRunnable: void run()>",
						"<android.widget.DigitalClock$1: void run()>",
						"<android.os.AsyncTask$SerialExecutor$1: void run()>",
						"<android.widget.TextClock$3: void run()>",
						"<android.app.Instrumentation$SyncRunnable: void run()>",
						"<android.app.SharedPreferencesImpl$2: void run()>",
						"<android.content.AbstractThreadedSyncAdapter$SyncThread: void run()>",
						"<android.content.ContentProviderClient: boolean release()>",
						"key field: <android.content.ContentProviderClient: boolean mReleased>",
						"<android.content.ContentProviderClient: boolean release()>"
					],
					"depth":8,
					"method":"<android.os.Handler$BlockingRunnable: void run()>",
					"source":"FIELDCALLER"
				},
				{
					"trace":[
						"<java.lang.Thread: void run()>",
						"<android.widget.DigitalClock$1: void run()>",
						"<android.os.AsyncTask$SerialExecutor$1: void run()>",
						"<android.widget.TextClock$3: void run()>",
						"<android.app.Instrumentation$SyncRunnable: void run()>",
						"<android.app.SharedPreferencesImpl$2: void run()>",
						"<android.content.AbstractThreadedSyncAdapter$SyncThread: void run()>",
						"<android.content.ContentProviderClient: boolean release()>",
						"key field: <android.content.ContentProviderClient: boolean mReleased>",
						"<android.content.ContentProviderClient: boolean release()>"
					],
					"depth":8,
					"method":"<java.lang.Thread: void run()>",
					"source":"FIELDCALLER"
				}
			],
			"callerOfSingnlar2SourceVar":{}
		}
	]
}