{
	"exceptions":[
		{
			"method":"<android.hardware.camera2.marshal.impl.MarshalQueryableParcelable$MarshalerParcelable: void <init>(android.hardware.camera2.marshal.impl.MarshalQueryableParcelable,android.hardware.camera2.utils.TypeReference,int)>",
			"message":"[\\s\\S]*",
			"relatedVarType":"Unknown",
			"relatedCondType":"Empty",
			"modifier":"protected",
			"type":"java.lang.AssertionError",
			"osVersionRelated":false,
			"resourceRelated":false,
			"assessRelated":false,
			"hardwareRelated":true,
			"manifestRelated":false,
			"caughtValues":"@caughtexception",
			"relatedValues":"; ; @caughtexception",
			"keyAPISameClassNum":0,
			"keyAPIDiffClassNum":0,
			"keyAPISameClass":[],
			"keyAPIDiffClass":[],
			"callerOfSingnlar2SourceVar":{}
		},
		{
			"method":"<android.hardware.camera2.marshal.impl.MarshalQueryableParcelable$MarshalerParcelable: void <init>(android.hardware.camera2.marshal.impl.MarshalQueryableParcelable,android.hardware.camera2.utils.TypeReference,int)>",
			"message":"[\\s\\S]*",
			"relatedVarType":"Unknown",
			"relatedCondType":"Empty",
			"modifier":"protected",
			"type":"java.lang.AssertionError",
			"osVersionRelated":false,
			"resourceRelated":false,
			"assessRelated":false,
			"hardwareRelated":true,
			"manifestRelated":false,
			"caughtValues":"@caughtexception",
			"relatedValues":"; ; @caughtexception",
			"keyAPISameClassNum":0,
			"keyAPIDiffClassNum":0,
			"keyAPISameClass":[],
			"keyAPIDiffClass":[],
			"callerOfSingnlar2SourceVar":{}
		},
		{
			"method":"<android.hardware.camera2.marshal.impl.MarshalQueryableParcelable$MarshalerParcelable: void <init>(android.hardware.camera2.marshal.impl.MarshalQueryableParcelable,android.hardware.camera2.utils.TypeReference,int)>",
			"message":"[\\s\\S]*",
			"relatedVarType":"Unknown",
			"relatedCondType":"Empty",
			"modifier":"protected",
			"type":"java.lang.AssertionError",
			"osVersionRelated":false,
			"resourceRelated":false,
			"assessRelated":false,
			"hardwareRelated":true,
			"manifestRelated":false,
			"caughtValues":"@caughtexception",
			"relatedValues":"; ; @caughtexception",
			"keyAPISameClassNum":0,
			"keyAPIDiffClassNum":0,
			"keyAPISameClass":[],
			"keyAPIDiffClass":[],
			"callerOfSingnlar2SourceVar":{}
		},
		{
			"method":"<android.hardware.camera2.marshal.impl.MarshalQueryableParcelable$MarshalerParcelable: void marshal(android.os.Parcelable,java.nio.ByteBuffer)>",
			"message":"\\QNo data marshaled for \\E[\\s\\S]*",
			"relatedVarType":"Unknown",
			"relatedCondType":"Basic",
			"modifier":"public",
			"type":"java.lang.AssertionError",
			"osVersionRelated":false,
			"resourceRelated":false,
			"assessRelated":false,
			"hardwareRelated":true,
			"manifestRelated":false,
			"conditions":"$i0 != 0, $z0 == 0",
			"keyAPISameClassNum":0,
			"keyAPIDiffClassNum":0,
			"keyAPISameClass":[],
			"keyAPIDiffClass":[],
			"callerOfSingnlar2SourceVar":{}
		},
		{
			"method":"<android.hardware.camera2.marshal.impl.MarshalQueryableParcelable$MarshalerParcelable: void marshal(android.os.Parcelable,java.nio.ByteBuffer)>",
			"message":"\\QParcelable \\E[\\s\\S]*\\Q must not have file descriptors\\E",
			"relatedVarType":"Unknown",
			"relatedCondType":"Basic",
			"modifier":"public",
			"type":"java.lang.UnsupportedOperationException",
			"osVersionRelated":false,
			"resourceRelated":false,
			"assessRelated":false,
			"hardwareRelated":true,
			"manifestRelated":false,
			"conditions":"$z0 == 0",
			"keyAPISameClassNum":0,
			"keyAPIDiffClassNum":0,
			"keyAPISameClass":[],
			"keyAPIDiffClass":[],
			"callerOfSingnlar2SourceVar":{}
		},
		{
			"method":"<android.hardware.camera2.marshal.impl.MarshalQueryableParcelable$MarshalerParcelable: android.os.Parcelable unmarshal(java.nio.ByteBuffer)>",
			"message":"\\QNo data marshaled for \\E[\\s\\S]*",
			"relatedVarType":"Unknown",
			"relatedCondType":"Basic",
			"modifier":"public",
			"type":"java.lang.AssertionError",
			"osVersionRelated":false,
			"resourceRelated":false,
			"assessRelated":false,
			"hardwareRelated":true,
			"manifestRelated":false,
			"conditions":"i1 != 0",
			"keyAPISameClassNum":0,
			"keyAPIDiffClassNum":0,
			"keyAPISameClass":[],
			"keyAPIDiffClass":[],
			"callerOfSingnlar2SourceVar":{}
		}
	]
}