{
	"exceptions":[
		{
			"method":"<android.content.IntentSender: void sendIntent(android.content.Context,int,android.content.Intent,android.content.IntentSender$OnFinished,android.os.Handler,java.lang.String)>",
			"message":"[\\s\\S]*",
			"relatedVarType":"Parameter",
			"relatedCondType":"Basic",
			"modifier":"public",
			"type":"android.content.IntentSender$SendIntentException",
			"osVersionRelated":false,
			"resourceRelated":false,
			"assessRelated":false,
			"hardwareRelated":false,
			"manifestRelated":false,
			"conditions":"i1 >= 0, r0 == null, r2 == null",
			"paramValues":"@parameter1: int, @parameter2: android.content.Intent, @parameter0: android.content.Context, @parameter3: android.content.IntentSender$OnFinished, @parameter4: android.os.Handler, @parameter5: java.lang.String",
			"relatedValues":"@parameter1: int, @parameter2: android.content.Intent, @parameter0: android.content.Context, @parameter3: android.content.IntentSender$OnFinished, @parameter4: android.os.Handler, @parameter5: java.lang.String; ; ",
			"keyAPISameClassNum":0,
			"keyAPIDiffClassNum":0,
			"keyAPISameClass":[
				{
					"trace":[
						"<android.content.IntentSender: void sendIntent(android.content.Context,int,android.content.Intent,android.content.IntentSender$OnFinished,android.os.Handler,java.lang.String)>"
					],
					"depth":0,
					"method":"<android.content.IntentSender: void sendIntent(android.content.Context,int,android.content.Intent,android.content.IntentSender$OnFinished,android.os.Handler,java.lang.String)>",
					"source":"CALLER"
				},
				{
					"trace":[
						"<android.content.IntentSender: void sendIntent(android.content.Context,int,android.content.Intent,android.content.IntentSender$OnFinished,android.os.Handler)>",
						"<android.content.IntentSender: void sendIntent(android.content.Context,int,android.content.Intent,android.content.IntentSender$OnFinished,android.os.Handler,java.lang.String)>"
					],
					"depth":1,
					"method":"<android.content.IntentSender: void sendIntent(android.content.Context,int,android.content.Intent,android.content.IntentSender$OnFinished,android.os.Handler)>",
					"source":"CALLER"
				}
			],
			"keyAPIDiffClass":[],
			"callerOfSingnlar2SourceVar":{
				"<com.android.internal.app.ChooserActivity: boolean onTargetSelected(com.android.internal.app.ResolverActivity$TargetInfo,boolean)>":"-1",
				"<android.content.IntentSender: void sendIntent(android.content.Context,int,android.content.Intent,android.content.IntentSender$OnFinished,android.os.Handler,java.lang.String)>":"1, 2, 0, 3, 4, 5",
				"<android.content.IntentSender: void sendIntent(android.content.Context,int,android.content.Intent,android.content.IntentSender$OnFinished,android.os.Handler)>":"1, 2, 0, 3, 4",
				"<com.android.internal.app.ChooserActivity: void onActivityStarted(com.android.internal.app.ResolverActivity$TargetInfo)>":"-1"
			}
		},
		{
			"method":"<android.content.IntentSender: void sendIntent(android.content.Context,int,android.content.Intent,android.content.IntentSender$OnFinished,android.os.Handler,java.lang.String)>",
			"message":"[\\s\\S]*",
			"relatedVarType":"Parameter",
			"relatedCondType":"Basic",
			"modifier":"public",
			"type":"android.content.IntentSender$SendIntentException",
			"osVersionRelated":false,
			"resourceRelated":false,
			"assessRelated":false,
			"hardwareRelated":false,
			"manifestRelated":false,
			"conditions":"r0 == null, r2 == null",
			"paramValues":"@parameter2: android.content.Intent, @parameter3: android.content.IntentSender$OnFinished",
			"caughtValues":"@caughtexception",
			"relatedValues":"@parameter2: android.content.Intent, @parameter3: android.content.IntentSender$OnFinished; ; @caughtexception",
			"keyAPISameClassNum":0,
			"keyAPIDiffClassNum":0,
			"keyAPISameClass":[
				{
					"trace":[
						"<android.content.IntentSender: void sendIntent(android.content.Context,int,android.content.Intent,android.content.IntentSender$OnFinished,android.os.Handler,java.lang.String)>"
					],
					"depth":0,
					"method":"<android.content.IntentSender: void sendIntent(android.content.Context,int,android.content.Intent,android.content.IntentSender$OnFinished,android.os.Handler,java.lang.String)>",
					"source":"CALLER"
				},
				{
					"trace":[
						"<android.content.IntentSender: void sendIntent(android.content.Context,int,android.content.Intent,android.content.IntentSender$OnFinished,android.os.Handler)>",
						"<android.content.IntentSender: void sendIntent(android.content.Context,int,android.content.Intent,android.content.IntentSender$OnFinished,android.os.Handler,java.lang.String)>"
					],
					"depth":1,
					"method":"<android.content.IntentSender: void sendIntent(android.content.Context,int,android.content.Intent,android.content.IntentSender$OnFinished,android.os.Handler)>",
					"source":"CALLER"
				}
			],
			"keyAPIDiffClass":[],
			"callerOfSingnlar2SourceVar":{
				"<android.content.IntentSender: void sendIntent(android.content.Context,int,android.content.Intent,android.content.IntentSender$OnFinished,android.os.Handler,java.lang.String)>":"2, 3",
				"<android.content.IntentSender: void sendIntent(android.content.Context,int,android.content.Intent,android.content.IntentSender$OnFinished,android.os.Handler)>":"2, 3"
			}
		}
	]
}