{
	"exceptions":[
		{
			"method":"<android.media.audiofx.Virtualizer: boolean getAnglesInt(int,int,int[])>",
			"message":"\\QVirtualizer: illegal CHANNEL_INVALID channel mask\\E",
			"relatedVarType":"Parameter",
			"relatedCondType":"Basic",
			"modifier":"private",
			"type":"java.lang.IllegalArgumentException",
			"osVersionRelated":false,
			"resourceRelated":false,
			"assessRelated":false,
			"hardwareRelated":false,
			"manifestRelated":false,
			"conditions":"i0 != 0",
			"paramValues":"@parameter0: int",
			"relatedValues":"@parameter0: int; ; ",
			"keyAPISameClassNum":0,
			"keyAPIDiffClassNum":0,
			"keyAPISameClass":[
				{
					"trace":[
						"<android.media.audiofx.Virtualizer: boolean getAnglesInt(int,int,int[])>"
					],
					"depth":0,
					"method":"<android.media.audiofx.Virtualizer: boolean getAnglesInt(int,int,int[])>",
					"source":"CALLER"
				},
				{
					"trace":[
						"<android.media.audiofx.Virtualizer: boolean canVirtualize(int,int)>",
						"<android.media.audiofx.Virtualizer: boolean getAnglesInt(int,int,int[])>"
					],
					"depth":1,
					"method":"<android.media.audiofx.Virtualizer: boolean canVirtualize(int,int)>",
					"source":"CALLER"
				},
				{
					"trace":[
						"<android.media.audiofx.Virtualizer: boolean getSpeakerAngles(int,int,int[])>",
						"<android.media.audiofx.Virtualizer: boolean getAnglesInt(int,int,int[])>"
					],
					"depth":1,
					"method":"<android.media.audiofx.Virtualizer: boolean getSpeakerAngles(int,int,int[])>",
					"source":"CALLER"
				}
			],
			"keyAPIDiffClass":[],
			"callerOfSingnlar2SourceVar":{
				"<android.media.audiofx.Virtualizer: boolean getSpeakerAngles(int,int,int[])>":"0",
				"<android.media.audiofx.Virtualizer: boolean getAnglesInt(int,int,int[])>":"0",
				"<android.media.audiofx.Virtualizer: boolean canVirtualize(int,int)>":"0"
			}
		},
		{
			"method":"<android.media.audiofx.Virtualizer: boolean getAnglesInt(int,int,int[])>",
			"message":"\\QVirtualizer: array for channel / angle pairs is too small: is \\E[\\s\\S]*\\Q, should be \\E[\\s\\S]*",
			"relatedVarType":"Parameter",
			"relatedCondType":"Basic",
			"modifier":"private",
			"type":"java.lang.IllegalArgumentException",
			"osVersionRelated":false,
			"resourceRelated":false,
			"assessRelated":false,
			"hardwareRelated":false,
			"manifestRelated":false,
			"conditions":"$i28 >= $i27, i0 != 1, i0 != 0",
			"paramValues":"@parameter2: int[], @parameter0: int",
			"relatedValues":"@parameter2: int[], @parameter0: int; ; ",
			"keyAPISameClassNum":0,
			"keyAPIDiffClassNum":0,
			"keyAPISameClass":[
				{
					"trace":[
						"<android.media.audiofx.Virtualizer: boolean getAnglesInt(int,int,int[])>"
					],
					"depth":0,
					"method":"<android.media.audiofx.Virtualizer: boolean getAnglesInt(int,int,int[])>",
					"source":"CALLER"
				},
				{
					"trace":[
						"<android.media.audiofx.Virtualizer: boolean canVirtualize(int,int)>",
						"<android.media.audiofx.Virtualizer: boolean getAnglesInt(int,int,int[])>"
					],
					"depth":1,
					"method":"<android.media.audiofx.Virtualizer: boolean canVirtualize(int,int)>",
					"source":"CALLER"
				},
				{
					"trace":[
						"<android.media.audiofx.Virtualizer: boolean getSpeakerAngles(int,int,int[])>",
						"<android.media.audiofx.Virtualizer: boolean getAnglesInt(int,int,int[])>"
					],
					"depth":1,
					"method":"<android.media.audiofx.Virtualizer: boolean getSpeakerAngles(int,int,int[])>",
					"source":"CALLER"
				}
			],
			"keyAPIDiffClass":[],
			"callerOfSingnlar2SourceVar":{
				"<android.media.audiofx.Virtualizer: boolean getSpeakerAngles(int,int,int[])>":"2, 0",
				"<android.media.audiofx.Virtualizer: boolean getAnglesInt(int,int,int[])>":"2, 0",
				"<android.media.audiofx.Virtualizer: boolean canVirtualize(int,int)>":"0"
			}
		},
		{
			"method":"<android.media.audiofx.Virtualizer: int getDeviceForModeQuery(int)>",
			"message":"\\QVirtualizer: illegal virtualization mode \\E[\\s\\S]*",
			"relatedVarType":"Parameter",
			"relatedCondType":"Basic",
			"modifier":"private",
			"type":"java.lang.IllegalArgumentException",
			"osVersionRelated":false,
			"resourceRelated":false,
			"assessRelated":false,
			"hardwareRelated":false,
			"manifestRelated":false,
			"conditions":"i0",
			"paramValues":"@parameter0: int",
			"relatedValues":"@parameter0: int; ; ",
			"keyAPISameClassNum":0,
			"keyAPIDiffClassNum":0,
			"keyAPISameClass":[
				{
					"trace":[
						"<android.media.audiofx.Virtualizer: int getDeviceForModeQuery(int)>"
					],
					"depth":0,
					"method":"<android.media.audiofx.Virtualizer: int getDeviceForModeQuery(int)>",
					"source":"CALLER"
				},
				{
					"trace":[
						"<android.media.audiofx.Virtualizer: boolean getSpeakerAngles(int,int,int[])>",
						"<android.media.audiofx.Virtualizer: int getDeviceForModeQuery(int)>"
					],
					"depth":1,
					"method":"<android.media.audiofx.Virtualizer: boolean getSpeakerAngles(int,int,int[])>",
					"source":"CALLER"
				},
				{
					"trace":[
						"<android.media.audiofx.Virtualizer: boolean canVirtualize(int,int)>",
						"<android.media.audiofx.Virtualizer: int getDeviceForModeQuery(int)>"
					],
					"depth":1,
					"method":"<android.media.audiofx.Virtualizer: boolean canVirtualize(int,int)>",
					"source":"CALLER"
				},
				{
					"trace":[
						"<android.media.audiofx.Virtualizer: boolean forceVirtualizationMode(int)>",
						"<android.media.audiofx.Virtualizer: int getDeviceForModeForce(int)>",
						"<android.media.audiofx.Virtualizer: int getDeviceForModeQuery(int)>"
					],
					"depth":2,
					"method":"<android.media.audiofx.Virtualizer: boolean forceVirtualizationMode(int)>",
					"source":"CALLER"
				}
			],
			"keyAPIDiffClass":[],
			"callerOfSingnlar2SourceVar":{
				"<android.media.audiofx.Virtualizer: boolean getSpeakerAngles(int,int,int[])>":"1",
				"<android.media.audiofx.Virtualizer: boolean forceVirtualizationMode(int)>":"0",
				"<android.media.audiofx.Virtualizer: int getDeviceForModeForce(int)>":"0",
				"<android.media.audiofx.Virtualizer: int getDeviceForModeQuery(int)>":"0",
				"<android.media.audiofx.Virtualizer: boolean canVirtualize(int,int)>":"1"
			}
		},
		{
			"method":"<android.media.audiofx.Virtualizer: boolean getSpeakerAngles(int,int,int[])>",
			"message":"\\QVirtualizer: illegal null channel / angle array\\E",
			"relatedVarType":"Parameter",
			"relatedCondType":"Basic",
			"modifier":"public",
			"type":"java.lang.IllegalArgumentException",
			"osVersionRelated":false,
			"resourceRelated":false,
			"assessRelated":false,
			"hardwareRelated":false,
			"manifestRelated":false,
			"conditions":"r0 != null",
			"paramValues":"@parameter2: int[]",
			"relatedValues":"@parameter2: int[]; ; ",
			"keyAPISameClassNum":0,
			"keyAPIDiffClassNum":0,
			"keyAPISameClass":[
				{
					"trace":[
						"<android.media.audiofx.Virtualizer: boolean getSpeakerAngles(int,int,int[])>"
					],
					"depth":0,
					"method":"<android.media.audiofx.Virtualizer: boolean getSpeakerAngles(int,int,int[])>",
					"source":"CALLER"
				}
			],
			"keyAPIDiffClass":[],
			"callerOfSingnlar2SourceVar":{
				"<android.media.audiofx.Virtualizer: boolean getSpeakerAngles(int,int,int[])>":"2"
			}
		}
	]
}