{
	"exceptions":[
		{
			"method":"<android.hardware.hdmi.HdmiTimerRecordSources: void checkTimerRecordSourceInputs(android.hardware.hdmi.HdmiTimerRecordSources$TimerInfo,android.hardware.hdmi.HdmiRecordSources$RecordSource)>",
			"message":"\\QTimerInfo should not be null.\\E",
			"relatedVarType":"Parameter",
			"relatedCondType":"Basic",
			"modifier":"private",
			"type":"java.lang.IllegalArgumentException",
			"osVersionRelated":false,
			"resourceRelated":false,
			"assessRelated":false,
			"hardwareRelated":true,
			"manifestRelated":false,
			"conditions":"r0 != null",
			"paramValues":"@parameter0: android.hardware.hdmi.HdmiTimerRecordSources$TimerInfo",
			"relatedValues":"@parameter0: android.hardware.hdmi.HdmiTimerRecordSources$TimerInfo; ; ",
			"keyAPISameClassNum":0,
			"keyAPIDiffClassNum":0,
			"keyAPISameClass":[
				{
					"trace":[
						"<android.hardware.hdmi.HdmiTimerRecordSources: void checkTimerRecordSourceInputs(android.hardware.hdmi.HdmiTimerRecordSources$TimerInfo,android.hardware.hdmi.HdmiRecordSources$RecordSource)>"
					],
					"depth":0,
					"method":"<android.hardware.hdmi.HdmiTimerRecordSources: void checkTimerRecordSourceInputs(android.hardware.hdmi.HdmiTimerRecordSources$TimerInfo,android.hardware.hdmi.HdmiRecordSources$RecordSource)>",
					"source":"CALLER"
				},
				{
					"trace":[
						"<android.hardware.hdmi.HdmiTimerRecordSources: android.hardware.hdmi.HdmiTimerRecordSources$TimerRecordSource ofDigitalSource(android.hardware.hdmi.HdmiTimerRecordSources$TimerInfo,android.hardware.hdmi.HdmiRecordSources$DigitalServiceSource)>",
						"<android.hardware.hdmi.HdmiTimerRecordSources: void checkTimerRecordSourceInputs(android.hardware.hdmi.HdmiTimerRecordSources$TimerInfo,android.hardware.hdmi.HdmiRecordSources$RecordSource)>"
					],
					"depth":1,
					"method":"<android.hardware.hdmi.HdmiTimerRecordSources: android.hardware.hdmi.HdmiTimerRecordSources$TimerRecordSource ofDigitalSource(android.hardware.hdmi.HdmiTimerRecordSources$TimerInfo,android.hardware.hdmi.HdmiRecordSources$DigitalServiceSource)>",
					"source":"CALLER"
				},
				{
					"trace":[
						"<android.hardware.hdmi.HdmiTimerRecordSources: android.hardware.hdmi.HdmiTimerRecordSources$TimerRecordSource ofExternalPhysicalAddress(android.hardware.hdmi.HdmiTimerRecordSources$TimerInfo,android.hardware.hdmi.HdmiRecordSources$ExternalPhysicalAddress)>",
						"<android.hardware.hdmi.HdmiTimerRecordSources: void checkTimerRecordSourceInputs(android.hardware.hdmi.HdmiTimerRecordSources$TimerInfo,android.hardware.hdmi.HdmiRecordSources$RecordSource)>"
					],
					"depth":1,
					"method":"<android.hardware.hdmi.HdmiTimerRecordSources: android.hardware.hdmi.HdmiTimerRecordSources$TimerRecordSource ofExternalPhysicalAddress(android.hardware.hdmi.HdmiTimerRecordSources$TimerInfo,android.hardware.hdmi.HdmiRecordSources$ExternalPhysicalAddress)>",
					"source":"CALLER"
				},
				{
					"trace":[
						"<android.hardware.hdmi.HdmiTimerRecordSources: android.hardware.hdmi.HdmiTimerRecordSources$TimerRecordSource ofExternalPlug(android.hardware.hdmi.HdmiTimerRecordSources$TimerInfo,android.hardware.hdmi.HdmiRecordSources$ExternalPlugData)>",
						"<android.hardware.hdmi.HdmiTimerRecordSources: void checkTimerRecordSourceInputs(android.hardware.hdmi.HdmiTimerRecordSources$TimerInfo,android.hardware.hdmi.HdmiRecordSources$RecordSource)>"
					],
					"depth":1,
					"method":"<android.hardware.hdmi.HdmiTimerRecordSources: android.hardware.hdmi.HdmiTimerRecordSources$TimerRecordSource ofExternalPlug(android.hardware.hdmi.HdmiTimerRecordSources$TimerInfo,android.hardware.hdmi.HdmiRecordSources$ExternalPlugData)>",
					"source":"CALLER"
				},
				{
					"trace":[
						"<android.hardware.hdmi.HdmiTimerRecordSources: android.hardware.hdmi.HdmiTimerRecordSources$TimerRecordSource ofAnalogueSource(android.hardware.hdmi.HdmiTimerRecordSources$TimerInfo,android.hardware.hdmi.HdmiRecordSources$AnalogueServiceSource)>",
						"<android.hardware.hdmi.HdmiTimerRecordSources: void checkTimerRecordSourceInputs(android.hardware.hdmi.HdmiTimerRecordSources$TimerInfo,android.hardware.hdmi.HdmiRecordSources$RecordSource)>"
					],
					"depth":1,
					"method":"<android.hardware.hdmi.HdmiTimerRecordSources: android.hardware.hdmi.HdmiTimerRecordSources$TimerRecordSource ofAnalogueSource(android.hardware.hdmi.HdmiTimerRecordSources$TimerInfo,android.hardware.hdmi.HdmiRecordSources$AnalogueServiceSource)>",
					"source":"CALLER"
				}
			],
			"keyAPIDiffClass":[],
			"callerOfSingnlar2SourceVar":{
				"<android.hardware.hdmi.HdmiTimerRecordSources: android.hardware.hdmi.HdmiTimerRecordSources$TimerRecordSource ofAnalogueSource(android.hardware.hdmi.HdmiTimerRecordSources$TimerInfo,android.hardware.hdmi.HdmiRecordSources$AnalogueServiceSource)>":"0",
				"<android.hardware.hdmi.HdmiTimerRecordSources: android.hardware.hdmi.HdmiTimerRecordSources$TimerRecordSource ofExternalPhysicalAddress(android.hardware.hdmi.HdmiTimerRecordSources$TimerInfo,android.hardware.hdmi.HdmiRecordSources$ExternalPhysicalAddress)>":"0",
				"<android.hardware.hdmi.HdmiTimerRecordSources: android.hardware.hdmi.HdmiTimerRecordSources$TimerRecordSource ofExternalPlug(android.hardware.hdmi.HdmiTimerRecordSources$TimerInfo,android.hardware.hdmi.HdmiRecordSources$ExternalPlugData)>":"0",
				"<android.hardware.hdmi.HdmiTimerRecordSources: android.hardware.hdmi.HdmiTimerRecordSources$TimerRecordSource ofDigitalSource(android.hardware.hdmi.HdmiTimerRecordSources$TimerInfo,android.hardware.hdmi.HdmiRecordSources$DigitalServiceSource)>":"0",
				"<android.hardware.hdmi.HdmiTimerRecordSources: void checkTimerRecordSourceInputs(android.hardware.hdmi.HdmiTimerRecordSources$TimerInfo,android.hardware.hdmi.HdmiRecordSources$RecordSource)>":"0"
			}
		},
		{
			"method":"<android.hardware.hdmi.HdmiTimerRecordSources: void checkTimerRecordSourceInputs(android.hardware.hdmi.HdmiTimerRecordSources$TimerInfo,android.hardware.hdmi.HdmiRecordSources$RecordSource)>",
			"message":"\\Qsource should not be null.\\E",
			"relatedVarType":"Parameter",
			"relatedCondType":"Basic",
			"modifier":"private",
			"type":"java.lang.IllegalArgumentException",
			"osVersionRelated":false,
			"resourceRelated":false,
			"assessRelated":false,
			"hardwareRelated":true,
			"manifestRelated":false,
			"conditions":"r1 != null, r0 != null",
			"paramValues":"@parameter1: android.hardware.hdmi.HdmiRecordSources$RecordSource, @parameter0: android.hardware.hdmi.HdmiTimerRecordSources$TimerInfo",
			"relatedValues":"@parameter1: android.hardware.hdmi.HdmiRecordSources$RecordSource, @parameter0: android.hardware.hdmi.HdmiTimerRecordSources$TimerInfo; ; ",
			"keyAPISameClassNum":0,
			"keyAPIDiffClassNum":0,
			"keyAPISameClass":[
				{
					"trace":[
						"<android.hardware.hdmi.HdmiTimerRecordSources: void checkTimerRecordSourceInputs(android.hardware.hdmi.HdmiTimerRecordSources$TimerInfo,android.hardware.hdmi.HdmiRecordSources$RecordSource)>"
					],
					"depth":0,
					"method":"<android.hardware.hdmi.HdmiTimerRecordSources: void checkTimerRecordSourceInputs(android.hardware.hdmi.HdmiTimerRecordSources$TimerInfo,android.hardware.hdmi.HdmiRecordSources$RecordSource)>",
					"source":"CALLER"
				},
				{
					"trace":[
						"<android.hardware.hdmi.HdmiTimerRecordSources: android.hardware.hdmi.HdmiTimerRecordSources$TimerRecordSource ofDigitalSource(android.hardware.hdmi.HdmiTimerRecordSources$TimerInfo,android.hardware.hdmi.HdmiRecordSources$DigitalServiceSource)>",
						"<android.hardware.hdmi.HdmiTimerRecordSources: void checkTimerRecordSourceInputs(android.hardware.hdmi.HdmiTimerRecordSources$TimerInfo,android.hardware.hdmi.HdmiRecordSources$RecordSource)>"
					],
					"depth":1,
					"method":"<android.hardware.hdmi.HdmiTimerRecordSources: android.hardware.hdmi.HdmiTimerRecordSources$TimerRecordSource ofDigitalSource(android.hardware.hdmi.HdmiTimerRecordSources$TimerInfo,android.hardware.hdmi.HdmiRecordSources$DigitalServiceSource)>",
					"source":"CALLER"
				},
				{
					"trace":[
						"<android.hardware.hdmi.HdmiTimerRecordSources: android.hardware.hdmi.HdmiTimerRecordSources$TimerRecordSource ofExternalPhysicalAddress(android.hardware.hdmi.HdmiTimerRecordSources$TimerInfo,android.hardware.hdmi.HdmiRecordSources$ExternalPhysicalAddress)>",
						"<android.hardware.hdmi.HdmiTimerRecordSources: void checkTimerRecordSourceInputs(android.hardware.hdmi.HdmiTimerRecordSources$TimerInfo,android.hardware.hdmi.HdmiRecordSources$RecordSource)>"
					],
					"depth":1,
					"method":"<android.hardware.hdmi.HdmiTimerRecordSources: android.hardware.hdmi.HdmiTimerRecordSources$TimerRecordSource ofExternalPhysicalAddress(android.hardware.hdmi.HdmiTimerRecordSources$TimerInfo,android.hardware.hdmi.HdmiRecordSources$ExternalPhysicalAddress)>",
					"source":"CALLER"
				},
				{
					"trace":[
						"<android.hardware.hdmi.HdmiTimerRecordSources: android.hardware.hdmi.HdmiTimerRecordSources$TimerRecordSource ofExternalPlug(android.hardware.hdmi.HdmiTimerRecordSources$TimerInfo,android.hardware.hdmi.HdmiRecordSources$ExternalPlugData)>",
						"<android.hardware.hdmi.HdmiTimerRecordSources: void checkTimerRecordSourceInputs(android.hardware.hdmi.HdmiTimerRecordSources$TimerInfo,android.hardware.hdmi.HdmiRecordSources$RecordSource)>"
					],
					"depth":1,
					"method":"<android.hardware.hdmi.HdmiTimerRecordSources: android.hardware.hdmi.HdmiTimerRecordSources$TimerRecordSource ofExternalPlug(android.hardware.hdmi.HdmiTimerRecordSources$TimerInfo,android.hardware.hdmi.HdmiRecordSources$ExternalPlugData)>",
					"source":"CALLER"
				},
				{
					"trace":[
						"<android.hardware.hdmi.HdmiTimerRecordSources: android.hardware.hdmi.HdmiTimerRecordSources$TimerRecordSource ofAnalogueSource(android.hardware.hdmi.HdmiTimerRecordSources$TimerInfo,android.hardware.hdmi.HdmiRecordSources$AnalogueServiceSource)>",
						"<android.hardware.hdmi.HdmiTimerRecordSources: void checkTimerRecordSourceInputs(android.hardware.hdmi.HdmiTimerRecordSources$TimerInfo,android.hardware.hdmi.HdmiRecordSources$RecordSource)>"
					],
					"depth":1,
					"method":"<android.hardware.hdmi.HdmiTimerRecordSources: android.hardware.hdmi.HdmiTimerRecordSources$TimerRecordSource ofAnalogueSource(android.hardware.hdmi.HdmiTimerRecordSources$TimerInfo,android.hardware.hdmi.HdmiRecordSources$AnalogueServiceSource)>",
					"source":"CALLER"
				}
			],
			"keyAPIDiffClass":[],
			"callerOfSingnlar2SourceVar":{
				"<android.hardware.hdmi.HdmiTimerRecordSources: android.hardware.hdmi.HdmiTimerRecordSources$TimerRecordSource ofAnalogueSource(android.hardware.hdmi.HdmiTimerRecordSources$TimerInfo,android.hardware.hdmi.HdmiRecordSources$AnalogueServiceSource)>":"1, 0",
				"<android.hardware.hdmi.HdmiTimerRecordSources: android.hardware.hdmi.HdmiTimerRecordSources$TimerRecordSource ofExternalPhysicalAddress(android.hardware.hdmi.HdmiTimerRecordSources$TimerInfo,android.hardware.hdmi.HdmiRecordSources$ExternalPhysicalAddress)>":"1, 0",
				"<android.hardware.hdmi.HdmiTimerRecordSources: android.hardware.hdmi.HdmiTimerRecordSources$TimerRecordSource ofExternalPlug(android.hardware.hdmi.HdmiTimerRecordSources$TimerInfo,android.hardware.hdmi.HdmiRecordSources$ExternalPlugData)>":"1, 0",
				"<android.hardware.hdmi.HdmiTimerRecordSources: android.hardware.hdmi.HdmiTimerRecordSources$TimerRecordSource ofDigitalSource(android.hardware.hdmi.HdmiTimerRecordSources$TimerInfo,android.hardware.hdmi.HdmiRecordSources$DigitalServiceSource)>":"1, 0",
				"<android.hardware.hdmi.HdmiTimerRecordSources: void checkTimerRecordSourceInputs(android.hardware.hdmi.HdmiTimerRecordSources$TimerInfo,android.hardware.hdmi.HdmiRecordSources$RecordSource)>":"1, 0"
			}
		},
		{
			"method":"<android.hardware.hdmi.HdmiTimerRecordSources: void checkTimeValue(int,int)>",
			"message":"\\QMinute should be in rage of [0, 59]:\\E[\\s\\S]*",
			"relatedVarType":"Parameter",
			"relatedCondType":"Basic",
			"modifier":"private",
			"type":"java.lang.IllegalArgumentException",
			"osVersionRelated":false,
			"resourceRelated":false,
			"assessRelated":false,
			"hardwareRelated":true,
			"manifestRelated":false,
			"conditions":"i1 < 0, i0 <= 23, i0 < 0",
			"paramValues":"@parameter1: int, @parameter0: int",
			"relatedValues":"@parameter1: int, @parameter0: int; ; ",
			"keyAPISameClassNum":0,
			"keyAPIDiffClassNum":0,
			"keyAPISameClass":[
				{
					"trace":[
						"<android.hardware.hdmi.HdmiTimerRecordSources: void checkTimeValue(int,int)>"
					],
					"depth":0,
					"method":"<android.hardware.hdmi.HdmiTimerRecordSources: void checkTimeValue(int,int)>",
					"source":"CALLER"
				},
				{
					"trace":[
						"<android.hardware.hdmi.HdmiTimerRecordSources: android.hardware.hdmi.HdmiTimerRecordSources$Time timeOf(int,int)>",
						"<android.hardware.hdmi.HdmiTimerRecordSources: void checkTimeValue(int,int)>"
					],
					"depth":1,
					"method":"<android.hardware.hdmi.HdmiTimerRecordSources: android.hardware.hdmi.HdmiTimerRecordSources$Time timeOf(int,int)>",
					"source":"CALLER"
				},
				{
					"trace":[
						"<android.hardware.hdmi.HdmiTimerRecordSources: android.hardware.hdmi.HdmiTimerRecordSources$TimerInfo timerInfoOf(int,int,android.hardware.hdmi.HdmiTimerRecordSources$Time,android.hardware.hdmi.HdmiTimerRecordSources$Duration,int)>",
						"<android.hardware.hdmi.HdmiTimerRecordSources: void checkTimeValue(int,int)>"
					],
					"depth":1,
					"method":"<android.hardware.hdmi.HdmiTimerRecordSources: android.hardware.hdmi.HdmiTimerRecordSources$TimerInfo timerInfoOf(int,int,android.hardware.hdmi.HdmiTimerRecordSources$Time,android.hardware.hdmi.HdmiTimerRecordSources$Duration,int)>",
					"source":"CALLER"
				}
			],
			"keyAPIDiffClass":[],
			"callerOfSingnlar2SourceVar":{
				"<android.hardware.hdmi.HdmiTimerRecordSources: android.hardware.hdmi.HdmiTimerRecordSources$Time timeOf(int,int)>":"1, 0",
				"<android.hardware.hdmi.HdmiTimerRecordSources: void checkTimeValue(int,int)>":"1, 0"
			}
		},
		{
			"method":"<android.hardware.hdmi.HdmiTimerRecordSources: void checkTimeValue(int,int)>",
			"message":"\\QHour should be in rage of [0, 23]:\\E[\\s\\S]*",
			"relatedVarType":"Parameter",
			"relatedCondType":"Basic",
			"modifier":"private",
			"type":"java.lang.IllegalArgumentException",
			"osVersionRelated":false,
			"resourceRelated":false,
			"assessRelated":false,
			"hardwareRelated":true,
			"manifestRelated":false,
			"conditions":"i0 < 0, i0 <= 23",
			"paramValues":"@parameter0: int",
			"relatedValues":"@parameter0: int; ; ",
			"keyAPISameClassNum":0,
			"keyAPIDiffClassNum":0,
			"keyAPISameClass":[
				{
					"trace":[
						"<android.hardware.hdmi.HdmiTimerRecordSources: void checkTimeValue(int,int)>"
					],
					"depth":0,
					"method":"<android.hardware.hdmi.HdmiTimerRecordSources: void checkTimeValue(int,int)>",
					"source":"CALLER"
				},
				{
					"trace":[
						"<android.hardware.hdmi.HdmiTimerRecordSources: android.hardware.hdmi.HdmiTimerRecordSources$Time timeOf(int,int)>",
						"<android.hardware.hdmi.HdmiTimerRecordSources: void checkTimeValue(int,int)>"
					],
					"depth":1,
					"method":"<android.hardware.hdmi.HdmiTimerRecordSources: android.hardware.hdmi.HdmiTimerRecordSources$Time timeOf(int,int)>",
					"source":"CALLER"
				},
				{
					"trace":[
						"<android.hardware.hdmi.HdmiTimerRecordSources: android.hardware.hdmi.HdmiTimerRecordSources$TimerInfo timerInfoOf(int,int,android.hardware.hdmi.HdmiTimerRecordSources$Time,android.hardware.hdmi.HdmiTimerRecordSources$Duration,int)>",
						"<android.hardware.hdmi.HdmiTimerRecordSources: void checkTimeValue(int,int)>"
					],
					"depth":1,
					"method":"<android.hardware.hdmi.HdmiTimerRecordSources: android.hardware.hdmi.HdmiTimerRecordSources$TimerInfo timerInfoOf(int,int,android.hardware.hdmi.HdmiTimerRecordSources$Time,android.hardware.hdmi.HdmiTimerRecordSources$Duration,int)>",
					"source":"CALLER"
				}
			],
			"keyAPIDiffClass":[],
			"callerOfSingnlar2SourceVar":{
				"<android.hardware.hdmi.HdmiTimerRecordSources: android.hardware.hdmi.HdmiTimerRecordSources$Time timeOf(int,int)>":"0",
				"<android.hardware.hdmi.HdmiTimerRecordSources: void checkTimeValue(int,int)>":"0"
			}
		},
		{
			"method":"<android.hardware.hdmi.HdmiTimerRecordSources: void checkDurationValue(int,int)>",
			"message":"\\Qminute should be in rage of [0, 59]:\\E[\\s\\S]*",
			"relatedVarType":"Parameter",
			"relatedCondType":"Basic",
			"modifier":"private",
			"type":"java.lang.IllegalArgumentException",
			"osVersionRelated":false,
			"resourceRelated":false,
			"assessRelated":false,
			"hardwareRelated":true,
			"manifestRelated":false,
			"conditions":"i1 < 0, i0 <= 99, i0 < 0",
			"paramValues":"@parameter1: int, @parameter0: int",
			"relatedValues":"@parameter1: int, @parameter0: int; ; ",
			"keyAPISameClassNum":0,
			"keyAPIDiffClassNum":0,
			"keyAPISameClass":[
				{
					"trace":[
						"<android.hardware.hdmi.HdmiTimerRecordSources: void checkDurationValue(int,int)>"
					],
					"depth":0,
					"method":"<android.hardware.hdmi.HdmiTimerRecordSources: void checkDurationValue(int,int)>",
					"source":"CALLER"
				},
				{
					"trace":[
						"<android.hardware.hdmi.HdmiTimerRecordSources: android.hardware.hdmi.HdmiTimerRecordSources$Duration durationOf(int,int)>",
						"<android.hardware.hdmi.HdmiTimerRecordSources: void checkDurationValue(int,int)>"
					],
					"depth":1,
					"method":"<android.hardware.hdmi.HdmiTimerRecordSources: android.hardware.hdmi.HdmiTimerRecordSources$Duration durationOf(int,int)>",
					"source":"CALLER"
				},
				{
					"trace":[
						"<android.hardware.hdmi.HdmiTimerRecordSources: android.hardware.hdmi.HdmiTimerRecordSources$TimerInfo timerInfoOf(int,int,android.hardware.hdmi.HdmiTimerRecordSources$Time,android.hardware.hdmi.HdmiTimerRecordSources$Duration,int)>",
						"<android.hardware.hdmi.HdmiTimerRecordSources: void checkDurationValue(int,int)>"
					],
					"depth":1,
					"method":"<android.hardware.hdmi.HdmiTimerRecordSources: android.hardware.hdmi.HdmiTimerRecordSources$TimerInfo timerInfoOf(int,int,android.hardware.hdmi.HdmiTimerRecordSources$Time,android.hardware.hdmi.HdmiTimerRecordSources$Duration,int)>",
					"source":"CALLER"
				}
			],
			"keyAPIDiffClass":[],
			"callerOfSingnlar2SourceVar":{
				"<android.hardware.hdmi.HdmiTimerRecordSources: android.hardware.hdmi.HdmiTimerRecordSources$Duration durationOf(int,int)>":"1, 0",
				"<android.hardware.hdmi.HdmiTimerRecordSources: void checkDurationValue(int,int)>":"1, 0"
			}
		},
		{
			"method":"<android.hardware.hdmi.HdmiTimerRecordSources: void checkDurationValue(int,int)>",
			"message":"\\QHour should be in rage of [0, 99]:\\E[\\s\\S]*",
			"relatedVarType":"Parameter",
			"relatedCondType":"Basic",
			"modifier":"private",
			"type":"java.lang.IllegalArgumentException",
			"osVersionRelated":false,
			"resourceRelated":false,
			"assessRelated":false,
			"hardwareRelated":true,
			"manifestRelated":false,
			"conditions":"i0 < 0, i0 <= 99",
			"paramValues":"@parameter0: int",
			"relatedValues":"@parameter0: int; ; ",
			"keyAPISameClassNum":0,
			"keyAPIDiffClassNum":0,
			"keyAPISameClass":[
				{
					"trace":[
						"<android.hardware.hdmi.HdmiTimerRecordSources: void checkDurationValue(int,int)>"
					],
					"depth":0,
					"method":"<android.hardware.hdmi.HdmiTimerRecordSources: void checkDurationValue(int,int)>",
					"source":"CALLER"
				},
				{
					"trace":[
						"<android.hardware.hdmi.HdmiTimerRecordSources: android.hardware.hdmi.HdmiTimerRecordSources$Duration durationOf(int,int)>",
						"<android.hardware.hdmi.HdmiTimerRecordSources: void checkDurationValue(int,int)>"
					],
					"depth":1,
					"method":"<android.hardware.hdmi.HdmiTimerRecordSources: android.hardware.hdmi.HdmiTimerRecordSources$Duration durationOf(int,int)>",
					"source":"CALLER"
				},
				{
					"trace":[
						"<android.hardware.hdmi.HdmiTimerRecordSources: android.hardware.hdmi.HdmiTimerRecordSources$TimerInfo timerInfoOf(int,int,android.hardware.hdmi.HdmiTimerRecordSources$Time,android.hardware.hdmi.HdmiTimerRecordSources$Duration,int)>",
						"<android.hardware.hdmi.HdmiTimerRecordSources: void checkDurationValue(int,int)>"
					],
					"depth":1,
					"method":"<android.hardware.hdmi.HdmiTimerRecordSources: android.hardware.hdmi.HdmiTimerRecordSources$TimerInfo timerInfoOf(int,int,android.hardware.hdmi.HdmiTimerRecordSources$Time,android.hardware.hdmi.HdmiTimerRecordSources$Duration,int)>",
					"source":"CALLER"
				}
			],
			"keyAPIDiffClass":[],
			"callerOfSingnlar2SourceVar":{
				"<android.hardware.hdmi.HdmiTimerRecordSources: android.hardware.hdmi.HdmiTimerRecordSources$Duration durationOf(int,int)>":"0",
				"<android.hardware.hdmi.HdmiTimerRecordSources: void checkDurationValue(int,int)>":"0"
			}
		},
		{
			"method":"<android.hardware.hdmi.HdmiTimerRecordSources: android.hardware.hdmi.HdmiTimerRecordSources$TimerInfo timerInfoOf(int,int,android.hardware.hdmi.HdmiTimerRecordSources$Time,android.hardware.hdmi.HdmiTimerRecordSources$Duration,int)>",
			"message":"\\QMonth of year should be in range of [1, 12]:\\E[\\s\\S]*",
			"relatedVarType":"Parameter",
			"relatedCondType":"Basic",
			"modifier":"public",
			"type":"java.lang.IllegalArgumentException",
			"osVersionRelated":false,
			"resourceRelated":false,
			"assessRelated":false,
			"hardwareRelated":true,
			"manifestRelated":false,
			"conditions":"i1 < 1, i0 <= 31, i0 < 0",
			"paramValues":"@parameter1: int, @parameter0: int",
			"relatedValues":"@parameter1: int, @parameter0: int; ; ",
			"keyAPISameClassNum":0,
			"keyAPIDiffClassNum":0,
			"keyAPISameClass":[
				{
					"trace":[
						"<android.hardware.hdmi.HdmiTimerRecordSources: android.hardware.hdmi.HdmiTimerRecordSources$TimerInfo timerInfoOf(int,int,android.hardware.hdmi.HdmiTimerRecordSources$Time,android.hardware.hdmi.HdmiTimerRecordSources$Duration,int)>"
					],
					"depth":0,
					"method":"<android.hardware.hdmi.HdmiTimerRecordSources: android.hardware.hdmi.HdmiTimerRecordSources$TimerInfo timerInfoOf(int,int,android.hardware.hdmi.HdmiTimerRecordSources$Time,android.hardware.hdmi.HdmiTimerRecordSources$Duration,int)>",
					"source":"CALLER"
				}
			],
			"keyAPIDiffClass":[],
			"callerOfSingnlar2SourceVar":{
				"<android.hardware.hdmi.HdmiTimerRecordSources: android.hardware.hdmi.HdmiTimerRecordSources$TimerInfo timerInfoOf(int,int,android.hardware.hdmi.HdmiTimerRecordSources$Time,android.hardware.hdmi.HdmiTimerRecordSources$Duration,int)>":"1, 0"
			}
		},
		{
			"method":"<android.hardware.hdmi.HdmiTimerRecordSources: android.hardware.hdmi.HdmiTimerRecordSources$TimerInfo timerInfoOf(int,int,android.hardware.hdmi.HdmiTimerRecordSources$Time,android.hardware.hdmi.HdmiTimerRecordSources$Duration,int)>",
			"message":"\\QDay of month should be in range of [0, 31]:\\E[\\s\\S]*",
			"relatedVarType":"Parameter",
			"relatedCondType":"Basic",
			"modifier":"public",
			"type":"java.lang.IllegalArgumentException",
			"osVersionRelated":false,
			"resourceRelated":false,
			"assessRelated":false,
			"hardwareRelated":true,
			"manifestRelated":false,
			"conditions":"i0 < 0, i0 <= 31",
			"paramValues":"@parameter0: int",
			"relatedValues":"@parameter0: int; ; ",
			"keyAPISameClassNum":0,
			"keyAPIDiffClassNum":0,
			"keyAPISameClass":[
				{
					"trace":[
						"<android.hardware.hdmi.HdmiTimerRecordSources: android.hardware.hdmi.HdmiTimerRecordSources$TimerInfo timerInfoOf(int,int,android.hardware.hdmi.HdmiTimerRecordSources$Time,android.hardware.hdmi.HdmiTimerRecordSources$Duration,int)>"
					],
					"depth":0,
					"method":"<android.hardware.hdmi.HdmiTimerRecordSources: android.hardware.hdmi.HdmiTimerRecordSources$TimerInfo timerInfoOf(int,int,android.hardware.hdmi.HdmiTimerRecordSources$Time,android.hardware.hdmi.HdmiTimerRecordSources$Duration,int)>",
					"source":"CALLER"
				}
			],
			"keyAPIDiffClass":[],
			"callerOfSingnlar2SourceVar":{
				"<android.hardware.hdmi.HdmiTimerRecordSources: android.hardware.hdmi.HdmiTimerRecordSources$TimerInfo timerInfoOf(int,int,android.hardware.hdmi.HdmiTimerRecordSources$Time,android.hardware.hdmi.HdmiTimerRecordSources$Duration,int)>":"0"
			}
		},
		{
			"method":"<android.hardware.hdmi.HdmiTimerRecordSources: android.hardware.hdmi.HdmiTimerRecordSources$TimerInfo timerInfoOf(int,int,android.hardware.hdmi.HdmiTimerRecordSources$Time,android.hardware.hdmi.HdmiTimerRecordSources$Duration,int)>",
			"message":"\\QInvalid reecording sequence value:\\E[\\s\\S]*",
			"relatedVarType":"Parameter",
			"relatedCondType":"Basic",
			"modifier":"public",
			"type":"java.lang.IllegalArgumentException",
			"osVersionRelated":false,
			"resourceRelated":false,
			"assessRelated":false,
			"hardwareRelated":true,
			"manifestRelated":false,
			"conditions":"$i7 == 0, i6 == 0, i1 <= 12",
			"paramValues":"@parameter4: int, @parameter1: int",
			"relatedValues":"@parameter4: int, @parameter1: int; ; ",
			"keyAPISameClassNum":0,
			"keyAPIDiffClassNum":0,
			"keyAPISameClass":[
				{
					"trace":[
						"<android.hardware.hdmi.HdmiTimerRecordSources: android.hardware.hdmi.HdmiTimerRecordSources$TimerInfo timerInfoOf(int,int,android.hardware.hdmi.HdmiTimerRecordSources$Time,android.hardware.hdmi.HdmiTimerRecordSources$Duration,int)>"
					],
					"depth":0,
					"method":"<android.hardware.hdmi.HdmiTimerRecordSources: android.hardware.hdmi.HdmiTimerRecordSources$TimerInfo timerInfoOf(int,int,android.hardware.hdmi.HdmiTimerRecordSources$Time,android.hardware.hdmi.HdmiTimerRecordSources$Duration,int)>",
					"source":"CALLER"
				}
			],
			"keyAPIDiffClass":[],
			"callerOfSingnlar2SourceVar":{
				"<android.hardware.hdmi.HdmiTimerRecordSources: android.hardware.hdmi.HdmiTimerRecordSources$TimerInfo timerInfoOf(int,int,android.hardware.hdmi.HdmiTimerRecordSources$Time,android.hardware.hdmi.HdmiTimerRecordSources$Duration,int)>":"4, 1"
			}
		}
	]
}