{
	"exceptions":[
		{
			"method":"<android.app.UiAutomationConnection: void connect(android.accessibilityservice.IAccessibilityServiceClient)>",
			"message":"\\QClient cannot be null!\\E",
			"relatedVarType":"Parameter",
			"relatedCondType":"Basic",
			"modifier":"public",
			"type":"java.lang.IllegalArgumentException",
			"osVersionRelated":false,
			"resourceRelated":false,
			"assessRelated":false,
			"hardwareRelated":false,
			"manifestRelated":false,
			"conditions":"r0 != null",
			"paramValues":"@parameter0: android.accessibilityservice.IAccessibilityServiceClient",
			"relatedValues":"@parameter0: android.accessibilityservice.IAccessibilityServiceClient; ; ",
			"keyAPISameClassNum":0,
			"keyAPIDiffClassNum":0,
			"keyAPISameClass":[
				{
					"trace":[
						"<android.app.UiAutomationConnection: void connect(android.accessibilityservice.IAccessibilityServiceClient)>"
					],
					"depth":0,
					"method":"<android.app.UiAutomationConnection: void connect(android.accessibilityservice.IAccessibilityServiceClient)>",
					"source":"CALLER"
				}
			],
			"keyAPIDiffClass":[],
			"callerOfSingnlar2SourceVar":{
				"<android.app.UiAutomationConnection: void connect(android.accessibilityservice.IAccessibilityServiceClient)>":"0"
			}
		},
		{
			"method":"<android.app.UiAutomationConnection: void connect(android.accessibilityservice.IAccessibilityServiceClient)>",
			"message":"\\QAlready connected.\\E",
			"relatedVarType":"Parameter",
			"relatedCondType":"Basic",
			"modifier":"public",
			"type":"java.lang.IllegalStateException",
			"osVersionRelated":false,
			"resourceRelated":false,
			"assessRelated":false,
			"hardwareRelated":false,
			"manifestRelated":false,
			"conditions":"$z0 == 0, r0 != null",
			"paramValues":"@parameter0: android.accessibilityservice.IAccessibilityServiceClient",
			"relatedValues":"@parameter0: android.accessibilityservice.IAccessibilityServiceClient; ; ",
			"keyAPISameClassNum":0,
			"keyAPIDiffClassNum":0,
			"keyAPISameClass":[
				{
					"trace":[
						"<android.app.UiAutomationConnection: void connect(android.accessibilityservice.IAccessibilityServiceClient)>"
					],
					"depth":0,
					"method":"<android.app.UiAutomationConnection: void connect(android.accessibilityservice.IAccessibilityServiceClient)>",
					"source":"CALLER"
				}
			],
			"keyAPIDiffClass":[],
			"callerOfSingnlar2SourceVar":{
				"<android.app.UiAutomationConnection: void connect(android.accessibilityservice.IAccessibilityServiceClient)>":"0"
			}
		},
		{
			"method":"<android.app.UiAutomationConnection: void disconnect()>",
			"message":"\\QAlready disconnected.\\E",
			"relatedVarType":"Unknown",
			"relatedCondType":"Basic",
			"modifier":"public",
			"type":"java.lang.IllegalStateException",
			"osVersionRelated":false,
			"resourceRelated":false,
			"assessRelated":false,
			"hardwareRelated":false,
			"manifestRelated":false,
			"conditions":"$z0 != 0",
			"keyAPISameClassNum":0,
			"keyAPIDiffClassNum":0,
			"keyAPISameClass":[],
			"keyAPIDiffClass":[],
			"callerOfSingnlar2SourceVar":{}
		},
		{
			"method":"<android.app.UiAutomationConnection: void registerUiTestAutomationServiceLocked(android.accessibilityservice.IAccessibilityServiceClient)>",
			"message":"\\QError while registering UiTestAutomationService.\\E",
			"relatedVarType":"Unknown",
			"relatedCondType":"Empty",
			"modifier":"private",
			"type":"java.lang.IllegalStateException",
			"osVersionRelated":false,
			"resourceRelated":false,
			"assessRelated":false,
			"hardwareRelated":false,
			"manifestRelated":false,
			"caughtValues":"@caughtexception",
			"relatedValues":"; ; @caughtexception",
			"keyAPISameClassNum":0,
			"keyAPIDiffClassNum":0,
			"keyAPISameClass":[],
			"keyAPIDiffClass":[],
			"callerOfSingnlar2SourceVar":{}
		},
		{
			"method":"<android.app.UiAutomationConnection: void unregisterUiTestAutomationServiceLocked()>",
			"message":"\\QError while unregistering UiTestAutomationService\\E",
			"relatedVarType":"Unknown",
			"relatedCondType":"Empty",
			"modifier":"private",
			"type":"java.lang.IllegalStateException",
			"osVersionRelated":false,
			"resourceRelated":false,
			"assessRelated":false,
			"hardwareRelated":false,
			"manifestRelated":false,
			"caughtValues":"@caughtexception",
			"relatedValues":"; ; @caughtexception",
			"keyAPISameClassNum":0,
			"keyAPIDiffClassNum":0,
			"keyAPISameClass":[],
			"keyAPIDiffClass":[],
			"callerOfSingnlar2SourceVar":{}
		},
		{
			"method":"<android.app.UiAutomationConnection: void throwIfShutdownLocked()>",
			"message":"\\QConnection shutdown!\\E",
			"relatedVarType":"Field",
			"relatedCondType":"Basic",
			"modifier":"private",
			"type":"java.lang.IllegalStateException",
			"osVersionRelated":false,
			"resourceRelated":false,
			"assessRelated":false,
			"hardwareRelated":false,
			"manifestRelated":false,
			"conditions":"$z0 == 0",
			"fieldValues":"<android.app.UiAutomationConnection: boolean mIsShutdown>",
			"relatedValues":"; <android.app.UiAutomationConnection: boolean mIsShutdown>; ",
			"keyAPISameClassNum":1,
			"keyAPIDiffClassNum":1,
			"keyAPISameClass":[
				{
					"trace":[
						"<android.app.UiAutomationConnection: void throwIfShutdownLocked()>"
					],
					"depth":1,
					"method":"<android.app.UiAutomationConnection: void shutdown()>",
					"source":"FIELD"
				}
			],
			"keyAPIDiffClass":[
				{
					"trace":[
						"<android.app.IUiAutomationConnection$Stub: boolean onTransact(int,android.os.Parcel,android.os.Parcel,int)>",
						"<android.app.UiAutomationConnection: void shutdown()>",
						"key field: <android.app.UiAutomationConnection: boolean mIsShutdown>",
						"<android.app.UiAutomationConnection: void throwIfShutdownLocked()>"
					],
					"depth":2,
					"method":"<android.app.IUiAutomationConnection$Stub: boolean onTransact(int,android.os.Parcel,android.os.Parcel,int)>",
					"source":"FIELDCALLER"
				}
			],
			"callerOfSingnlar2SourceVar":{}
		},
		{
			"method":"<android.app.UiAutomationConnection: void throwIfNotConnectedLocked()>",
			"message":"\\QNot connected!\\E",
			"relatedVarType":"Unknown",
			"relatedCondType":"Basic",
			"modifier":"private",
			"type":"java.lang.IllegalStateException",
			"osVersionRelated":false,
			"resourceRelated":false,
			"assessRelated":false,
			"hardwareRelated":false,
			"manifestRelated":false,
			"conditions":"$z0 != 0",
			"keyAPISameClassNum":0,
			"keyAPIDiffClassNum":0,
			"keyAPISameClass":[],
			"keyAPIDiffClass":[],
			"callerOfSingnlar2SourceVar":{}
		},
		{
			"method":"<android.app.UiAutomationConnection: void throwIfCalledByNotTrustedUidLocked()>",
			"message":"\\QCalling from not trusted UID!\\E",
			"relatedVarType":"Field",
			"relatedCondType":"Basic",
			"modifier":"private",
			"type":"java.lang.SecurityException",
			"osVersionRelated":false,
			"resourceRelated":false,
			"assessRelated":false,
			"hardwareRelated":false,
			"manifestRelated":false,
			"conditions":"i0 == 0, $i2 == 1000, i0 == $i1",
			"fieldValues":"<android.app.UiAutomationConnection: int mOwningUid>",
			"relatedValues":"; <android.app.UiAutomationConnection: int mOwningUid>; ",
			"keyAPISameClassNum":3,
			"keyAPIDiffClassNum":1,
			"keyAPISameClass":[
				{
					"trace":[
						"<android.app.UiAutomationConnection: void throwIfCalledByNotTrustedUidLocked()>"
					],
					"depth":1,
					"method":"<android.app.UiAutomationConnection: void connect(android.accessibilityservice.IAccessibilityServiceClient)>",
					"source":"FIELD"
				},
				{
					"trace":[
						"<android.app.UiAutomationConnection: void throwIfCalledByNotTrustedUidLocked()>"
					],
					"depth":1,
					"method":"<android.app.UiAutomationConnection: void disconnect()>",
					"source":"FIELD"
				},
				{
					"trace":[
						"<android.app.UiAutomationConnection: void shutdown()>",
						"<android.app.UiAutomationConnection: void disconnect()>",
						"key field: <android.app.UiAutomationConnection: int mOwningUid>",
						"<android.app.UiAutomationConnection: void throwIfCalledByNotTrustedUidLocked()>"
					],
					"depth":2,
					"method":"<android.app.UiAutomationConnection: void shutdown()>",
					"source":"FIELDCALLER"
				}
			],
			"keyAPIDiffClass":[
				{
					"trace":[
						"<android.app.IUiAutomationConnection$Stub: boolean onTransact(int,android.os.Parcel,android.os.Parcel,int)>",
						"<android.app.UiAutomationConnection: void connect(android.accessibilityservice.IAccessibilityServiceClient)>",
						"key field: <android.app.UiAutomationConnection: int mOwningUid>",
						"<android.app.UiAutomationConnection: void throwIfCalledByNotTrustedUidLocked()>"
					],
					"depth":2,
					"method":"<android.app.IUiAutomationConnection$Stub: boolean onTransact(int,android.os.Parcel,android.os.Parcel,int)>",
					"source":"FIELDCALLER"
				}
			],
			"callerOfSingnlar2SourceVar":{}
		}
	]
}