{
	"exceptions":[
		{
			"method":"<android.hardware.usb.UsbRequest: boolean queue(java.nio.ByteBuffer,int)>",
			"message":"\\Qbuffer is not direct and has no array\\E",
			"relatedVarType":"ParaAndField",
			"relatedCondType":"Basic",
			"modifier":"public",
			"type":"java.lang.IllegalArgumentException",
			"osVersionRelated":false,
			"resourceRelated":false,
			"assessRelated":false,
			"hardwareRelated":true,
			"manifestRelated":false,
			"conditions":"$z1 == 0, $z0 == 0, $i0 != 0",
			"paramValues":"@parameter0: java.nio.ByteBuffer",
			"fieldValues":"<android.hardware.usb.UsbRequest: android.hardware.usb.UsbEndpoint mEndpoint>",
			"relatedValues":"@parameter0: java.nio.ByteBuffer; <android.hardware.usb.UsbRequest: android.hardware.usb.UsbEndpoint mEndpoint>; ",
			"keyAPISameClassNum":3,
			"keyAPIDiffClassNum":1,
			"keyAPISameClass":[
				{
					"trace":[
						"<android.hardware.usb.UsbRequest: boolean queue(java.nio.ByteBuffer,int)>"
					],
					"depth":1,
					"method":"<android.hardware.usb.UsbRequest: void close()>",
					"source":"FIELD"
				},
				{
					"trace":[
						"<android.hardware.usb.UsbRequest: boolean queue(java.nio.ByteBuffer,int)>"
					],
					"depth":1,
					"method":"<android.hardware.usb.UsbRequest: boolean initialize(android.hardware.usb.UsbDeviceConnection,android.hardware.usb.UsbEndpoint)>",
					"source":"FIELD"
				},
				{
					"trace":[
						"<android.hardware.usb.UsbRequest: boolean queue(java.nio.ByteBuffer,int)>"
					],
					"depth":1,
					"method":"<android.hardware.usb.UsbRequest: boolean queue(java.nio.ByteBuffer,int)>",
					"source":"FIELD"
				}
			],
			"keyAPIDiffClass":[
				{
					"trace":[
						"<android.hardware.usb.UsbDeviceConnection: android.hardware.usb.UsbRequest requestWait()>",
						"<android.hardware.usb.UsbRequest: void dequeue()>",
						"key field: <android.hardware.usb.UsbRequest: android.hardware.usb.UsbEndpoint mEndpoint>",
						"<android.hardware.usb.UsbRequest: boolean queue(java.nio.ByteBuffer,int)>"
					],
					"depth":2,
					"method":"<android.hardware.usb.UsbDeviceConnection: android.hardware.usb.UsbRequest requestWait()>",
					"source":"FIELDCALLER"
				}
			],
			"callerOfSingnlar2SourceVar":{
				"<android.hardware.usb.UsbRequest: boolean queue(java.nio.ByteBuffer,int)>":"0"
			}
		}
	]
}