{
	"exceptions":[
		{
			"method":"<android.media.videoeditor.WaveformData: void <init>(java.lang.String)>",
			"message":"\\QWaveformData : filename is null\\E",
			"relatedVarType":"Parameter",
			"relatedCondType":"Basic",
			"modifier":"default",
			"type":"java.lang.IllegalArgumentException",
			"osVersionRelated":false,
			"resourceRelated":false,
			"assessRelated":false,
			"hardwareRelated":false,
			"manifestRelated":false,
			"conditions":"r1 != null",
			"paramValues":"@parameter0: java.lang.String",
			"relatedValues":"@parameter0: java.lang.String; ; ",
			"keyAPISameClassNum":0,
			"keyAPIDiffClassNum":0,
			"keyAPISameClass":[
				{
					"trace":[
						"<android.media.videoeditor.WaveformData: void <init>(java.lang.String)>"
					],
					"depth":0,
					"method":"<android.media.videoeditor.WaveformData: void <init>(java.lang.String)>",
					"source":"CALLER"
				}
			],
			"keyAPIDiffClass":[],
			"callerOfSingnlar2SourceVar":{
				"<android.media.videoeditor.WaveformData: void <init>(java.lang.String)>":"0",
				"<android.media.videoeditor.AudioTrack: void <init>(android.media.videoeditor.VideoEditor,java.lang.String,java.lang.String,long,long,long,boolean,int,boolean,boolean,int,int,java.lang.String)>":"12",
				"<android.media.videoeditor.MediaVideoItem: void <init>(android.media.videoeditor.VideoEditor,java.lang.String,java.lang.String,int,long,long,int,boolean,java.lang.String)>":"8"
			}
		}
	]
}