{
	"exceptions":[
		{
			"method":"<android.net.NetworkStatsHistory$ParcelUtils: void writeLongArray(android.os.Parcel,long[],int)>",
			"message":"\\Qsize larger than length\\E",
			"relatedVarType":"Parameter",
			"relatedCondType":"Basic",
			"modifier":"public",
			"type":"java.lang.IllegalArgumentException",
			"osVersionRelated":false,
			"resourceRelated":false,
			"assessRelated":false,
			"hardwareRelated":false,
			"manifestRelated":false,
			"conditions":"i0 <= $i1, r0 != null",
			"paramValues":"@parameter2: int, @parameter1: long[]",
			"relatedValues":"@parameter2: int, @parameter1: long[]; ; ",
			"keyAPISameClassNum":0,
			"keyAPIDiffClassNum":0,
			"keyAPISameClass":[
				{
					"trace":[
						"<android.net.NetworkStatsHistory$ParcelUtils: void writeLongArray(android.os.Parcel,long[],int)>"
					],
					"depth":0,
					"method":"<android.net.NetworkStatsHistory$ParcelUtils: void writeLongArray(android.os.Parcel,long[],int)>",
					"source":"CALLER"
				}
			],
			"keyAPIDiffClass":[],
			"callerOfSingnlar2SourceVar":{
				"<android.net.NetworkStatsHistory$ParcelUtils: void writeLongArray(android.os.Parcel,long[],int)>":"2, 1"
			}
		}
	]
}