{
	"exceptions":[
		{
			"method":"<android.media.videoeditor.Transition: void <init>(java.lang.String,android.media.videoeditor.MediaItem,android.media.videoeditor.MediaItem,long,int)>",
			"message":"\\QInvalid behavior: \\E[\\s\\S]*",
			"relatedVarType":"Parameter",
			"relatedCondType":"Basic",
			"modifier":"protected",
			"type":"java.lang.IllegalArgumentException",
			"osVersionRelated":false,
			"resourceRelated":false,
			"assessRelated":false,
			"hardwareRelated":false,
			"manifestRelated":false,
			"conditions":"i0 < 0, i0 <= 4",
			"paramValues":"@parameter4: int",
			"relatedValues":"@parameter4: int; ; ",
			"keyAPISameClassNum":0,
			"keyAPIDiffClassNum":0,
			"keyAPISameClass":[
				{
					"trace":[
						"<android.media.videoeditor.Transition: void <init>(java.lang.String,android.media.videoeditor.MediaItem,android.media.videoeditor.MediaItem,long,int)>"
					],
					"depth":0,
					"method":"<android.media.videoeditor.Transition: void <init>(java.lang.String,android.media.videoeditor.MediaItem,android.media.videoeditor.MediaItem,long,int)>",
					"source":"CALLER"
				}
			],
			"keyAPIDiffClass":[
				{
					"trace":[
						"<android.media.videoeditor.TransitionSliding: void <init>(java.lang.String,android.media.videoeditor.MediaItem,android.media.videoeditor.MediaItem,long,int,int)>",
						"<android.media.videoeditor.Transition: void <init>(java.lang.String,android.media.videoeditor.MediaItem,android.media.videoeditor.MediaItem,long,int)>"
					],
					"depth":1,
					"method":"<android.media.videoeditor.TransitionSliding: void <init>(java.lang.String,android.media.videoeditor.MediaItem,android.media.videoeditor.MediaItem,long,int,int)>",
					"source":"CALLER"
				},
				{
					"trace":[
						"<android.media.videoeditor.TransitionCrossfade: void <init>(java.lang.String,android.media.videoeditor.MediaItem,android.media.videoeditor.MediaItem,long,int)>",
						"<android.media.videoeditor.Transition: void <init>(java.lang.String,android.media.videoeditor.MediaItem,android.media.videoeditor.MediaItem,long,int)>"
					],
					"depth":1,
					"method":"<android.media.videoeditor.TransitionCrossfade: void <init>(java.lang.String,android.media.videoeditor.MediaItem,android.media.videoeditor.MediaItem,long,int)>",
					"source":"CALLER"
				},
				{
					"trace":[
						"<android.media.videoeditor.TransitionAlpha: void <init>(java.lang.String,android.media.videoeditor.MediaItem,android.media.videoeditor.MediaItem,long,int,java.lang.String,int,boolean)>",
						"<android.media.videoeditor.Transition: void <init>(java.lang.String,android.media.videoeditor.MediaItem,android.media.videoeditor.MediaItem,long,int)>"
					],
					"depth":1,
					"method":"<android.media.videoeditor.TransitionAlpha: void <init>(java.lang.String,android.media.videoeditor.MediaItem,android.media.videoeditor.MediaItem,long,int,java.lang.String,int,boolean)>",
					"source":"CALLER"
				},
				{
					"trace":[
						"<android.media.videoeditor.TransitionFadeBlack: void <init>(java.lang.String,android.media.videoeditor.MediaItem,android.media.videoeditor.MediaItem,long,int)>",
						"<android.media.videoeditor.Transition: void <init>(java.lang.String,android.media.videoeditor.MediaItem,android.media.videoeditor.MediaItem,long,int)>"
					],
					"depth":1,
					"method":"<android.media.videoeditor.TransitionFadeBlack: void <init>(java.lang.String,android.media.videoeditor.MediaItem,android.media.videoeditor.MediaItem,long,int)>",
					"source":"CALLER"
				}
			],
			"callerOfSingnlar2SourceVar":{
				"<android.media.videoeditor.TransitionAlpha: void <init>(java.lang.String,android.media.videoeditor.MediaItem,android.media.videoeditor.MediaItem,long,int,java.lang.String,int,boolean)>":"4",
				"<android.media.videoeditor.TransitionCrossfade: void <init>(java.lang.String,android.media.videoeditor.MediaItem,android.media.videoeditor.MediaItem,long,int)>":"4",
				"<android.media.videoeditor.TransitionSliding: void <init>(java.lang.String,android.media.videoeditor.MediaItem,android.media.videoeditor.MediaItem,long,int,int)>":"4",
				"<android.media.videoeditor.Transition: void <init>(java.lang.String,android.media.videoeditor.MediaItem,android.media.videoeditor.MediaItem,long,int)>":"4",
				"<android.media.videoeditor.TransitionFadeBlack: void <init>(java.lang.String,android.media.videoeditor.MediaItem,android.media.videoeditor.MediaItem,long,int)>":"4"
			}
		},
		{
			"method":"<android.media.videoeditor.Transition: void <init>(java.lang.String,android.media.videoeditor.MediaItem,android.media.videoeditor.MediaItem,long,int)>",
			"message":"\\QNull media items\\E",
			"relatedVarType":"Parameter",
			"relatedCondType":"Basic",
			"modifier":"protected",
			"type":"java.lang.IllegalArgumentException",
			"osVersionRelated":false,
			"resourceRelated":false,
			"assessRelated":false,
			"hardwareRelated":false,
			"manifestRelated":false,
			"conditions":"r8 != null, r6 != null, i0 <= 4",
			"paramValues":"@parameter2: android.media.videoeditor.MediaItem, @parameter1: android.media.videoeditor.MediaItem, @parameter4: int",
			"relatedValues":"@parameter2: android.media.videoeditor.MediaItem, @parameter1: android.media.videoeditor.MediaItem, @parameter4: int; ; ",
			"keyAPISameClassNum":0,
			"keyAPIDiffClassNum":0,
			"keyAPISameClass":[
				{
					"trace":[
						"<android.media.videoeditor.Transition: void <init>(java.lang.String,android.media.videoeditor.MediaItem,android.media.videoeditor.MediaItem,long,int)>"
					],
					"depth":0,
					"method":"<android.media.videoeditor.Transition: void <init>(java.lang.String,android.media.videoeditor.MediaItem,android.media.videoeditor.MediaItem,long,int)>",
					"source":"CALLER"
				}
			],
			"keyAPIDiffClass":[
				{
					"trace":[
						"<android.media.videoeditor.TransitionSliding: void <init>(java.lang.String,android.media.videoeditor.MediaItem,android.media.videoeditor.MediaItem,long,int,int)>",
						"<android.media.videoeditor.Transition: void <init>(java.lang.String,android.media.videoeditor.MediaItem,android.media.videoeditor.MediaItem,long,int)>"
					],
					"depth":1,
					"method":"<android.media.videoeditor.TransitionSliding: void <init>(java.lang.String,android.media.videoeditor.MediaItem,android.media.videoeditor.MediaItem,long,int,int)>",
					"source":"CALLER"
				},
				{
					"trace":[
						"<android.media.videoeditor.TransitionCrossfade: void <init>(java.lang.String,android.media.videoeditor.MediaItem,android.media.videoeditor.MediaItem,long,int)>",
						"<android.media.videoeditor.Transition: void <init>(java.lang.String,android.media.videoeditor.MediaItem,android.media.videoeditor.MediaItem,long,int)>"
					],
					"depth":1,
					"method":"<android.media.videoeditor.TransitionCrossfade: void <init>(java.lang.String,android.media.videoeditor.MediaItem,android.media.videoeditor.MediaItem,long,int)>",
					"source":"CALLER"
				},
				{
					"trace":[
						"<android.media.videoeditor.TransitionAlpha: void <init>(java.lang.String,android.media.videoeditor.MediaItem,android.media.videoeditor.MediaItem,long,int,java.lang.String,int,boolean)>",
						"<android.media.videoeditor.Transition: void <init>(java.lang.String,android.media.videoeditor.MediaItem,android.media.videoeditor.MediaItem,long,int)>"
					],
					"depth":1,
					"method":"<android.media.videoeditor.TransitionAlpha: void <init>(java.lang.String,android.media.videoeditor.MediaItem,android.media.videoeditor.MediaItem,long,int,java.lang.String,int,boolean)>",
					"source":"CALLER"
				},
				{
					"trace":[
						"<android.media.videoeditor.TransitionFadeBlack: void <init>(java.lang.String,android.media.videoeditor.MediaItem,android.media.videoeditor.MediaItem,long,int)>",
						"<android.media.videoeditor.Transition: void <init>(java.lang.String,android.media.videoeditor.MediaItem,android.media.videoeditor.MediaItem,long,int)>"
					],
					"depth":1,
					"method":"<android.media.videoeditor.TransitionFadeBlack: void <init>(java.lang.String,android.media.videoeditor.MediaItem,android.media.videoeditor.MediaItem,long,int)>",
					"source":"CALLER"
				}
			],
			"callerOfSingnlar2SourceVar":{
				"<android.media.videoeditor.TransitionAlpha: void <init>(java.lang.String,android.media.videoeditor.MediaItem,android.media.videoeditor.MediaItem,long,int,java.lang.String,int,boolean)>":"2, 1, 4",
				"<android.media.videoeditor.TransitionCrossfade: void <init>(java.lang.String,android.media.videoeditor.MediaItem,android.media.videoeditor.MediaItem,long,int)>":"2, 1, 4",
				"<android.media.videoeditor.TransitionSliding: void <init>(java.lang.String,android.media.videoeditor.MediaItem,android.media.videoeditor.MediaItem,long,int,int)>":"2, 1, 4",
				"<android.media.videoeditor.Transition: void <init>(java.lang.String,android.media.videoeditor.MediaItem,android.media.videoeditor.MediaItem,long,int)>":"2, 1, 4",
				"<android.media.videoeditor.TransitionFadeBlack: void <init>(java.lang.String,android.media.videoeditor.MediaItem,android.media.videoeditor.MediaItem,long,int)>":"2, 1, 4"
			}
		},
		{
			"method":"<android.media.videoeditor.Transition: void <init>(java.lang.String,android.media.videoeditor.MediaItem,android.media.videoeditor.MediaItem,long,int)>",
			"message":"\\QThe duration is too large\\E",
			"relatedVarType":"Parameter",
			"relatedCondType":"Basic",
			"modifier":"protected",
			"type":"java.lang.IllegalArgumentException",
			"osVersionRelated":false,
			"resourceRelated":false,
			"assessRelated":false,
			"hardwareRelated":false,
			"manifestRelated":false,
			"conditions":"$b3 <= 0, r6 != null, i0 <= 4",
			"paramValues":"@parameter3: long, @parameter1: android.media.videoeditor.MediaItem, @parameter4: int",
			"relatedValues":"@parameter3: long, @parameter1: android.media.videoeditor.MediaItem, @parameter4: int; ; ",
			"keyAPISameClassNum":0,
			"keyAPIDiffClassNum":0,
			"keyAPISameClass":[
				{
					"trace":[
						"<android.media.videoeditor.Transition: void <init>(java.lang.String,android.media.videoeditor.MediaItem,android.media.videoeditor.MediaItem,long,int)>"
					],
					"depth":0,
					"method":"<android.media.videoeditor.Transition: void <init>(java.lang.String,android.media.videoeditor.MediaItem,android.media.videoeditor.MediaItem,long,int)>",
					"source":"CALLER"
				}
			],
			"keyAPIDiffClass":[
				{
					"trace":[
						"<android.media.videoeditor.TransitionSliding: void <init>(java.lang.String,android.media.videoeditor.MediaItem,android.media.videoeditor.MediaItem,long,int,int)>",
						"<android.media.videoeditor.Transition: void <init>(java.lang.String,android.media.videoeditor.MediaItem,android.media.videoeditor.MediaItem,long,int)>"
					],
					"depth":1,
					"method":"<android.media.videoeditor.TransitionSliding: void <init>(java.lang.String,android.media.videoeditor.MediaItem,android.media.videoeditor.MediaItem,long,int,int)>",
					"source":"CALLER"
				},
				{
					"trace":[
						"<android.media.videoeditor.TransitionCrossfade: void <init>(java.lang.String,android.media.videoeditor.MediaItem,android.media.videoeditor.MediaItem,long,int)>",
						"<android.media.videoeditor.Transition: void <init>(java.lang.String,android.media.videoeditor.MediaItem,android.media.videoeditor.MediaItem,long,int)>"
					],
					"depth":1,
					"method":"<android.media.videoeditor.TransitionCrossfade: void <init>(java.lang.String,android.media.videoeditor.MediaItem,android.media.videoeditor.MediaItem,long,int)>",
					"source":"CALLER"
				},
				{
					"trace":[
						"<android.media.videoeditor.TransitionAlpha: void <init>(java.lang.String,android.media.videoeditor.MediaItem,android.media.videoeditor.MediaItem,long,int,java.lang.String,int,boolean)>",
						"<android.media.videoeditor.Transition: void <init>(java.lang.String,android.media.videoeditor.MediaItem,android.media.videoeditor.MediaItem,long,int)>"
					],
					"depth":1,
					"method":"<android.media.videoeditor.TransitionAlpha: void <init>(java.lang.String,android.media.videoeditor.MediaItem,android.media.videoeditor.MediaItem,long,int,java.lang.String,int,boolean)>",
					"source":"CALLER"
				},
				{
					"trace":[
						"<android.media.videoeditor.TransitionFadeBlack: void <init>(java.lang.String,android.media.videoeditor.MediaItem,android.media.videoeditor.MediaItem,long,int)>",
						"<android.media.videoeditor.Transition: void <init>(java.lang.String,android.media.videoeditor.MediaItem,android.media.videoeditor.MediaItem,long,int)>"
					],
					"depth":1,
					"method":"<android.media.videoeditor.TransitionFadeBlack: void <init>(java.lang.String,android.media.videoeditor.MediaItem,android.media.videoeditor.MediaItem,long,int)>",
					"source":"CALLER"
				}
			],
			"callerOfSingnlar2SourceVar":{
				"<android.media.videoeditor.TransitionAlpha: void <init>(java.lang.String,android.media.videoeditor.MediaItem,android.media.videoeditor.MediaItem,long,int,java.lang.String,int,boolean)>":"3, 1, 4",
				"<android.media.videoeditor.TransitionCrossfade: void <init>(java.lang.String,android.media.videoeditor.MediaItem,android.media.videoeditor.MediaItem,long,int)>":"3, 1, 4",
				"<android.media.videoeditor.TransitionSliding: void <init>(java.lang.String,android.media.videoeditor.MediaItem,android.media.videoeditor.MediaItem,long,int,int)>":"3, 1, 4",
				"<android.media.videoeditor.Transition: void <init>(java.lang.String,android.media.videoeditor.MediaItem,android.media.videoeditor.MediaItem,long,int)>":"3, 1, 4",
				"<android.media.videoeditor.TransitionFadeBlack: void <init>(java.lang.String,android.media.videoeditor.MediaItem,android.media.videoeditor.MediaItem,long,int)>":"3, 1, 4"
			}
		},
		{
			"method":"<android.media.videoeditor.Transition: void setDuration(long)>",
			"message":"\\QThe duration is too large\\E",
			"relatedVarType":"Parameter",
			"relatedCondType":"Basic",
			"modifier":"public",
			"type":"java.lang.IllegalArgumentException",
			"osVersionRelated":false,
			"resourceRelated":false,
			"assessRelated":false,
			"hardwareRelated":false,
			"manifestRelated":false,
			"conditions":"$b2 <= 0",
			"paramValues":"@parameter0: long",
			"relatedValues":"@parameter0: long; ; ",
			"keyAPISameClassNum":0,
			"keyAPIDiffClassNum":0,
			"keyAPISameClass":[
				{
					"trace":[
						"<android.media.videoeditor.Transition: void setDuration(long)>"
					],
					"depth":0,
					"method":"<android.media.videoeditor.Transition: void setDuration(long)>",
					"source":"CALLER"
				}
			],
			"keyAPIDiffClass":[],
			"callerOfSingnlar2SourceVar":{
				"<android.media.videoeditor.Transition: void setDuration(long)>":"0"
			}
		}
	]
}