{
	"exceptions":[
		{
			"method":"<android.hardware.location.GeofenceHardwareService: void checkPermission(int,int,int)>",
			"message":"\\QInsufficient permissions to access hardware geofence for type: \\E[\\s\\S]*",
			"relatedVarType":"ParaAndField",
			"relatedCondType":"Basic",
			"modifier":"private",
			"type":"java.lang.SecurityException",
			"osVersionRelated":false,
			"resourceRelated":false,
			"assessRelated":false,
			"hardwareRelated":true,
			"manifestRelated":false,
			"conditions":"$i2 >= $i4",
			"paramValues":"@parameter0: int, @parameter1: int, @parameter2: int",
			"fieldValues":"<android.hardware.location.GeofenceHardwareService: android.hardware.location.GeofenceHardwareImpl mGeofenceHardwareImpl>",
			"relatedValues":"@parameter0: int, @parameter1: int, @parameter2: int; <android.hardware.location.GeofenceHardwareService: android.hardware.location.GeofenceHardwareImpl mGeofenceHardwareImpl>; ",
			"keyAPISameClassNum":2,
			"keyAPIDiffClassNum":7,
			"keyAPISameClass":[
				{
					"trace":[
						"<android.hardware.location.GeofenceHardwareService: void checkPermission(int,int,int)>"
					],
					"depth":1,
					"method":"<android.hardware.location.GeofenceHardwareService: void onCreate()>",
					"source":"FIELD"
				},
				{
					"trace":[
						"<android.hardware.location.GeofenceHardwareService: void checkPermission(int,int,int)>"
					],
					"depth":1,
					"method":"<android.hardware.location.GeofenceHardwareService: void onDestroy()>",
					"source":"FIELD"
				}
			],
			"keyAPIDiffClass":[
				{
					"trace":[
						"<android.hardware.location.GeofenceHardwareService$1: boolean addCircularFence(int,int,double,double,double,int,int,int,int,android.hardware.location.IGeofenceHardwareCallback)>",
						"<android.hardware.location.GeofenceHardwareService: void access$200(android.hardware.location.GeofenceHardwareService,int,int,int)>",
						"<android.hardware.location.GeofenceHardwareService: void checkPermission(int,int,int)>",
						"key field: <android.hardware.location.GeofenceHardwareService: android.hardware.location.GeofenceHardwareImpl mGeofenceHardwareImpl>",
						"<android.hardware.location.GeofenceHardwareService: void checkPermission(int,int,int)>"
					],
					"depth":3,
					"method":"<android.hardware.location.GeofenceHardwareService$1: boolean addCircularFence(int,int,double,double,double,int,int,int,int,android.hardware.location.IGeofenceHardwareCallback)>",
					"source":"FIELDCALLER"
				},
				{
					"trace":[
						"<android.hardware.location.GeofenceHardwareService$1: boolean unregisterForMonitorStateChangeCallback(int,android.hardware.location.IGeofenceHardwareMonitorCallback)>",
						"<android.hardware.location.GeofenceHardwareService: void access$200(android.hardware.location.GeofenceHardwareService,int,int,int)>",
						"<android.hardware.location.GeofenceHardwareService: void checkPermission(int,int,int)>",
						"key field: <android.hardware.location.GeofenceHardwareService: android.hardware.location.GeofenceHardwareImpl mGeofenceHardwareImpl>",
						"<android.hardware.location.GeofenceHardwareService: void checkPermission(int,int,int)>"
					],
					"depth":3,
					"method":"<android.hardware.location.GeofenceHardwareService$1: boolean unregisterForMonitorStateChangeCallback(int,android.hardware.location.IGeofenceHardwareMonitorCallback)>",
					"source":"FIELDCALLER"
				},
				{
					"trace":[
						"<android.hardware.location.GeofenceHardwareService$1: boolean registerForMonitorStateChangeCallback(int,android.hardware.location.IGeofenceHardwareMonitorCallback)>",
						"<android.hardware.location.GeofenceHardwareService: void access$200(android.hardware.location.GeofenceHardwareService,int,int,int)>",
						"<android.hardware.location.GeofenceHardwareService: void checkPermission(int,int,int)>",
						"key field: <android.hardware.location.GeofenceHardwareService: android.hardware.location.GeofenceHardwareImpl mGeofenceHardwareImpl>",
						"<android.hardware.location.GeofenceHardwareService: void checkPermission(int,int,int)>"
					],
					"depth":3,
					"method":"<android.hardware.location.GeofenceHardwareService$1: boolean registerForMonitorStateChangeCallback(int,android.hardware.location.IGeofenceHardwareMonitorCallback)>",
					"source":"FIELDCALLER"
				},
				{
					"trace":[
						"<android.hardware.location.GeofenceHardwareService$1: boolean resumeGeofence(int,int,int)>",
						"<android.hardware.location.GeofenceHardwareService: void access$200(android.hardware.location.GeofenceHardwareService,int,int,int)>",
						"<android.hardware.location.GeofenceHardwareService: void checkPermission(int,int,int)>",
						"key field: <android.hardware.location.GeofenceHardwareService: android.hardware.location.GeofenceHardwareImpl mGeofenceHardwareImpl>",
						"<android.hardware.location.GeofenceHardwareService: void checkPermission(int,int,int)>"
					],
					"depth":3,
					"method":"<android.hardware.location.GeofenceHardwareService$1: boolean resumeGeofence(int,int,int)>",
					"source":"FIELDCALLER"
				},
				{
					"trace":[
						"<android.hardware.location.GeofenceHardwareService$1: boolean pauseGeofence(int,int)>",
						"<android.hardware.location.GeofenceHardwareService: void access$200(android.hardware.location.GeofenceHardwareService,int,int,int)>",
						"<android.hardware.location.GeofenceHardwareService: void checkPermission(int,int,int)>",
						"key field: <android.hardware.location.GeofenceHardwareService: android.hardware.location.GeofenceHardwareImpl mGeofenceHardwareImpl>",
						"<android.hardware.location.GeofenceHardwareService: void checkPermission(int,int,int)>"
					],
					"depth":3,
					"method":"<android.hardware.location.GeofenceHardwareService$1: boolean pauseGeofence(int,int)>",
					"source":"FIELDCALLER"
				},
				{
					"trace":[
						"<android.hardware.location.GeofenceHardwareService$1: boolean removeGeofence(int,int)>",
						"<android.hardware.location.GeofenceHardwareService: void access$200(android.hardware.location.GeofenceHardwareService,int,int,int)>",
						"<android.hardware.location.GeofenceHardwareService: void checkPermission(int,int,int)>",
						"key field: <android.hardware.location.GeofenceHardwareService: android.hardware.location.GeofenceHardwareImpl mGeofenceHardwareImpl>",
						"<android.hardware.location.GeofenceHardwareService: void checkPermission(int,int,int)>"
					],
					"depth":3,
					"method":"<android.hardware.location.GeofenceHardwareService$1: boolean removeGeofence(int,int)>",
					"source":"FIELDCALLER"
				},
				{
					"trace":[
						"<android.hardware.location.IGeofenceHardware$Stub: boolean onTransact(int,android.os.Parcel,android.os.Parcel,int)>",
						"<android.hardware.location.GeofenceHardwareService$1: boolean addCircularFence(int,int,double,double,double,int,int,int,int,android.hardware.location.IGeofenceHardwareCallback)>",
						"<android.hardware.location.GeofenceHardwareService: void access$200(android.hardware.location.GeofenceHardwareService,int,int,int)>",
						"<android.hardware.location.GeofenceHardwareService: void checkPermission(int,int,int)>",
						"key field: <android.hardware.location.GeofenceHardwareService: android.hardware.location.GeofenceHardwareImpl mGeofenceHardwareImpl>",
						"<android.hardware.location.GeofenceHardwareService: void checkPermission(int,int,int)>"
					],
					"depth":4,
					"method":"<android.hardware.location.IGeofenceHardware$Stub: boolean onTransact(int,android.os.Parcel,android.os.Parcel,int)>",
					"source":"FIELDCALLER"
				}
			],
			"callerOfSingnlar2SourceVar":{
				"<android.hardware.location.GeofenceHardwareService$1: boolean removeGeofence(int,int)>":"1",
				"<android.hardware.location.GeofenceHardwareService$1: boolean registerForMonitorStateChangeCallback(int,android.hardware.location.IGeofenceHardwareMonitorCallback)>":"0",
				"<android.hardware.location.GeofenceHardwareService: void checkPermission(int,int,int)>":"0, 1, 2",
				"<android.hardware.location.GeofenceHardwareService: void access$200(android.hardware.location.GeofenceHardwareService,int,int,int)>":"1, 2, 3",
				"<android.hardware.location.GeofenceHardwareService$1: boolean unregisterForMonitorStateChangeCallback(int,android.hardware.location.IGeofenceHardwareMonitorCallback)>":"0",
				"<android.hardware.location.GeofenceHardwareService$1: boolean resumeGeofence(int,int,int)>":"1",
				"<android.hardware.location.GeofenceHardwareService$1: boolean pauseGeofence(int,int)>":"1",
				"<android.hardware.location.GeofenceHardwareService$1: boolean addCircularFence(int,int,double,double,double,int,int,int,int,android.hardware.location.IGeofenceHardwareCallback)>":"1"
			}
		}
	]
}