{
	"exceptions":[
		{
			"method":"<android.net.SSLCertificateSocketFactory: org.apache.harmony.xnet.provider.jsse.OpenSSLSocketImpl castToOpenSSLSocket(java.net.Socket)>",
			"message":"\\QSocket not created by this factory: \\E[\\s\\S]*",
			"relatedVarType":"Parameter",
			"relatedCondType":"Basic",
			"modifier":"private",
			"type":"java.lang.IllegalArgumentException",
			"osVersionRelated":false,
			"resourceRelated":false,
			"assessRelated":false,
			"hardwareRelated":false,
			"manifestRelated":false,
			"conditions":"$z0 != 0",
			"paramValues":"@parameter0: java.net.Socket",
			"relatedValues":"@parameter0: java.net.Socket; ; ",
			"keyAPISameClassNum":0,
			"keyAPIDiffClassNum":0,
			"keyAPISameClass":[
				{
					"trace":[
						"<android.net.SSLCertificateSocketFactory: org.apache.harmony.xnet.provider.jsse.OpenSSLSocketImpl castToOpenSSLSocket(java.net.Socket)>"
					],
					"depth":0,
					"method":"<android.net.SSLCertificateSocketFactory: org.apache.harmony.xnet.provider.jsse.OpenSSLSocketImpl castToOpenSSLSocket(java.net.Socket)>",
					"source":"CALLER"
				},
				{
					"trace":[
						"<android.net.SSLCertificateSocketFactory: byte[] getNpnSelectedProtocol(java.net.Socket)>",
						"<android.net.SSLCertificateSocketFactory: org.apache.harmony.xnet.provider.jsse.OpenSSLSocketImpl castToOpenSSLSocket(java.net.Socket)>"
					],
					"depth":1,
					"method":"<android.net.SSLCertificateSocketFactory: byte[] getNpnSelectedProtocol(java.net.Socket)>",
					"source":"CALLER"
				},
				{
					"trace":[
						"<android.net.SSLCertificateSocketFactory: void setUseSessionTickets(java.net.Socket,boolean)>",
						"<android.net.SSLCertificateSocketFactory: org.apache.harmony.xnet.provider.jsse.OpenSSLSocketImpl castToOpenSSLSocket(java.net.Socket)>"
					],
					"depth":1,
					"method":"<android.net.SSLCertificateSocketFactory: void setUseSessionTickets(java.net.Socket,boolean)>",
					"source":"CALLER"
				},
				{
					"trace":[
						"<android.net.SSLCertificateSocketFactory: void setSoWriteTimeout(java.net.Socket,int)>",
						"<android.net.SSLCertificateSocketFactory: org.apache.harmony.xnet.provider.jsse.OpenSSLSocketImpl castToOpenSSLSocket(java.net.Socket)>"
					],
					"depth":1,
					"method":"<android.net.SSLCertificateSocketFactory: void setSoWriteTimeout(java.net.Socket,int)>",
					"source":"CALLER"
				},
				{
					"trace":[
						"<android.net.SSLCertificateSocketFactory: void setHostname(java.net.Socket,java.lang.String)>",
						"<android.net.SSLCertificateSocketFactory: org.apache.harmony.xnet.provider.jsse.OpenSSLSocketImpl castToOpenSSLSocket(java.net.Socket)>"
					],
					"depth":1,
					"method":"<android.net.SSLCertificateSocketFactory: void setHostname(java.net.Socket,java.lang.String)>",
					"source":"CALLER"
				}
			],
			"keyAPIDiffClass":[],
			"callerOfSingnlar2SourceVar":{
				"<android.net.SSLCertificateSocketFactory: void setUseSessionTickets(java.net.Socket,boolean)>":"0",
				"<android.net.SSLCertificateSocketFactory: void setSoWriteTimeout(java.net.Socket,int)>":"0",
				"<android.net.SSLCertificateSocketFactory: org.apache.harmony.xnet.provider.jsse.OpenSSLSocketImpl castToOpenSSLSocket(java.net.Socket)>":"0",
				"<android.net.SSLCertificateSocketFactory: void setHostname(java.net.Socket,java.lang.String)>":"0",
				"<android.net.SSLCertificateSocketFactory: byte[] getNpnSelectedProtocol(java.net.Socket)>":"0"
			}
		},
		{
			"method":"<android.net.SSLCertificateSocketFactory: byte[] toNpnProtocolsList(byte[][])>",
			"message":"\\QnpnProtocols.length == 0\\E",
			"relatedVarType":"Parameter",
			"relatedCondType":"Basic",
			"modifier":"default",
			"type":"java.lang.IllegalArgumentException",
			"osVersionRelated":false,
			"resourceRelated":false,
			"assessRelated":false,
			"hardwareRelated":false,
			"manifestRelated":false,
			"conditions":"$i0 != 0",
			"paramValues":"@parameter0: byte[][]",
			"relatedValues":"@parameter0: byte[][]; ; ",
			"keyAPISameClassNum":0,
			"keyAPIDiffClassNum":0,
			"keyAPISameClass":[
				{
					"trace":[
						"<android.net.SSLCertificateSocketFactory: byte[] toNpnProtocolsList(byte[][])>"
					],
					"depth":0,
					"method":"<android.net.SSLCertificateSocketFactory: byte[] toNpnProtocolsList(byte[][])>",
					"source":"CALLER"
				},
				{
					"trace":[
						"<android.net.SSLCertificateSocketFactory: void setNpnProtocols(byte[][])>",
						"<android.net.SSLCertificateSocketFactory: byte[] toNpnProtocolsList(byte[][])>"
					],
					"depth":1,
					"method":"<android.net.SSLCertificateSocketFactory: void setNpnProtocols(byte[][])>",
					"source":"CALLER"
				}
			],
			"keyAPIDiffClass":[],
			"callerOfSingnlar2SourceVar":{
				"<android.net.SSLCertificateSocketFactory: void setNpnProtocols(byte[][])>":"0",
				"<android.net.SSLCertificateSocketFactory: byte[] toNpnProtocolsList(byte[][])>":"0"
			}
		},
		{
			"method":"<android.net.SSLCertificateSocketFactory: byte[] toNpnProtocolsList(byte[][])>",
			"message":"\\Qs.length == 0 || s.length > 255: \\E[\\s\\S]*",
			"relatedVarType":"Parameter",
			"relatedCondType":"Basic",
			"modifier":"default",
			"type":"java.lang.IllegalArgumentException",
			"osVersionRelated":false,
			"resourceRelated":false,
			"assessRelated":false,
			"hardwareRelated":false,
			"manifestRelated":false,
			"conditions":"$i9 == 0, i15 >= i1, $i0 != 0",
			"paramValues":"@parameter0: byte[][]",
			"relatedValues":"@parameter0: byte[][]; ; ",
			"keyAPISameClassNum":0,
			"keyAPIDiffClassNum":0,
			"keyAPISameClass":[
				{
					"trace":[
						"<android.net.SSLCertificateSocketFactory: byte[] toNpnProtocolsList(byte[][])>"
					],
					"depth":0,
					"method":"<android.net.SSLCertificateSocketFactory: byte[] toNpnProtocolsList(byte[][])>",
					"source":"CALLER"
				},
				{
					"trace":[
						"<android.net.SSLCertificateSocketFactory: void setNpnProtocols(byte[][])>",
						"<android.net.SSLCertificateSocketFactory: byte[] toNpnProtocolsList(byte[][])>"
					],
					"depth":1,
					"method":"<android.net.SSLCertificateSocketFactory: void setNpnProtocols(byte[][])>",
					"source":"CALLER"
				}
			],
			"keyAPIDiffClass":[],
			"callerOfSingnlar2SourceVar":{
				"<android.net.SSLCertificateSocketFactory: void setNpnProtocols(byte[][])>":"0",
				"<android.net.SSLCertificateSocketFactory: byte[] toNpnProtocolsList(byte[][])>":"0"
			}
		},
		{
			"method":"<android.net.SSLCertificateSocketFactory: void verifyHostname(java.net.Socket,java.lang.String)>",
			"message":"\\QCannot verify SSL socket without session\\E",
			"relatedVarType":"Parameter",
			"relatedCondType":"Basic",
			"modifier":"public",
			"type":"javax.net.ssl.SSLException",
			"osVersionRelated":false,
			"resourceRelated":false,
			"assessRelated":false,
			"hardwareRelated":false,
			"manifestRelated":false,
			"conditions":"r2 != null, $z1 != 0, $z0 != 0",
			"paramValues":"@parameter0: java.net.Socket",
			"relatedValues":"@parameter0: java.net.Socket; ; ",
			"keyAPISameClassNum":0,
			"keyAPIDiffClassNum":0,
			"keyAPISameClass":[
				{
					"trace":[
						"<android.net.SSLCertificateSocketFactory: void verifyHostname(java.net.Socket,java.lang.String)>"
					],
					"depth":0,
					"method":"<android.net.SSLCertificateSocketFactory: void verifyHostname(java.net.Socket,java.lang.String)>",
					"source":"CALLER"
				},
				{
					"trace":[
						"<android.net.SSLCertificateSocketFactory: java.net.Socket createSocket(java.net.Socket,java.lang.String,int,boolean)>",
						"<android.net.SSLCertificateSocketFactory: void verifyHostname(java.net.Socket,java.lang.String)>"
					],
					"depth":1,
					"method":"<android.net.SSLCertificateSocketFactory: java.net.Socket createSocket(java.net.Socket,java.lang.String,int,boolean)>",
					"source":"CALLER"
				},
				{
					"trace":[
						"<android.net.SSLCertificateSocketFactory: java.net.Socket createSocket(java.lang.String,int,java.net.InetAddress,int)>",
						"<android.net.SSLCertificateSocketFactory: void verifyHostname(java.net.Socket,java.lang.String)>"
					],
					"depth":1,
					"method":"<android.net.SSLCertificateSocketFactory: java.net.Socket createSocket(java.lang.String,int,java.net.InetAddress,int)>",
					"source":"CALLER"
				},
				{
					"trace":[
						"<android.net.SSLCertificateSocketFactory: java.net.Socket createSocket(java.lang.String,int)>",
						"<android.net.SSLCertificateSocketFactory: void verifyHostname(java.net.Socket,java.lang.String)>"
					],
					"depth":1,
					"method":"<android.net.SSLCertificateSocketFactory: java.net.Socket createSocket(java.lang.String,int)>",
					"source":"CALLER"
				}
			],
			"keyAPIDiffClass":[],
			"callerOfSingnlar2SourceVar":{
				"<android.net.SSLCertificateSocketFactory: void verifyHostname(java.net.Socket,java.lang.String)>":"0"
			}
		},
		{
			"method":"<android.net.SSLCertificateSocketFactory: void verifyHostname(java.net.Socket,java.lang.String)>",
			"message":"\\QAttempt to verify non-SSL socket\\E",
			"relatedVarType":"Parameter",
			"relatedCondType":"Basic",
			"modifier":"public",
			"type":"java.lang.IllegalArgumentException",
			"osVersionRelated":false,
			"resourceRelated":false,
			"assessRelated":false,
			"hardwareRelated":false,
			"manifestRelated":false,
			"conditions":"$z0 != 0",
			"paramValues":"@parameter0: java.net.Socket",
			"relatedValues":"@parameter0: java.net.Socket; ; ",
			"keyAPISameClassNum":0,
			"keyAPIDiffClassNum":0,
			"keyAPISameClass":[
				{
					"trace":[
						"<android.net.SSLCertificateSocketFactory: void verifyHostname(java.net.Socket,java.lang.String)>"
					],
					"depth":0,
					"method":"<android.net.SSLCertificateSocketFactory: void verifyHostname(java.net.Socket,java.lang.String)>",
					"source":"CALLER"
				},
				{
					"trace":[
						"<android.net.SSLCertificateSocketFactory: java.net.Socket createSocket(java.net.Socket,java.lang.String,int,boolean)>",
						"<android.net.SSLCertificateSocketFactory: void verifyHostname(java.net.Socket,java.lang.String)>"
					],
					"depth":1,
					"method":"<android.net.SSLCertificateSocketFactory: java.net.Socket createSocket(java.net.Socket,java.lang.String,int,boolean)>",
					"source":"CALLER"
				},
				{
					"trace":[
						"<android.net.SSLCertificateSocketFactory: java.net.Socket createSocket(java.lang.String,int,java.net.InetAddress,int)>",
						"<android.net.SSLCertificateSocketFactory: void verifyHostname(java.net.Socket,java.lang.String)>"
					],
					"depth":1,
					"method":"<android.net.SSLCertificateSocketFactory: java.net.Socket createSocket(java.lang.String,int,java.net.InetAddress,int)>",
					"source":"CALLER"
				},
				{
					"trace":[
						"<android.net.SSLCertificateSocketFactory: java.net.Socket createSocket(java.lang.String,int)>",
						"<android.net.SSLCertificateSocketFactory: void verifyHostname(java.net.Socket,java.lang.String)>"
					],
					"depth":1,
					"method":"<android.net.SSLCertificateSocketFactory: java.net.Socket createSocket(java.lang.String,int)>",
					"source":"CALLER"
				}
			],
			"keyAPIDiffClass":[],
			"callerOfSingnlar2SourceVar":{
				"<android.net.SSLCertificateSocketFactory: void verifyHostname(java.net.Socket,java.lang.String)>":"0"
			}
		},
		{
			"method":"<android.net.SSLCertificateSocketFactory: void verifyHostname(java.net.Socket,java.lang.String)>",
			"message":"\\QCannot verify hostname: \\E[\\s\\S]*",
			"relatedVarType":"Parameter",
			"relatedCondType":"Basic",
			"modifier":"public",
			"type":"javax.net.ssl.SSLPeerUnverifiedException",
			"osVersionRelated":false,
			"resourceRelated":false,
			"assessRelated":false,
			"hardwareRelated":false,
			"manifestRelated":false,
			"conditions":"$z2 != 0, r2 != null, $z1 != 0",
			"paramValues":"@parameter1: java.lang.String, @parameter0: java.net.Socket",
			"relatedValues":"@parameter1: java.lang.String, @parameter0: java.net.Socket; ; ",
			"keyAPISameClassNum":0,
			"keyAPIDiffClassNum":0,
			"keyAPISameClass":[
				{
					"trace":[
						"<android.net.SSLCertificateSocketFactory: void verifyHostname(java.net.Socket,java.lang.String)>"
					],
					"depth":0,
					"method":"<android.net.SSLCertificateSocketFactory: void verifyHostname(java.net.Socket,java.lang.String)>",
					"source":"CALLER"
				},
				{
					"trace":[
						"<android.net.SSLCertificateSocketFactory: java.net.Socket createSocket(java.net.Socket,java.lang.String,int,boolean)>",
						"<android.net.SSLCertificateSocketFactory: void verifyHostname(java.net.Socket,java.lang.String)>"
					],
					"depth":1,
					"method":"<android.net.SSLCertificateSocketFactory: java.net.Socket createSocket(java.net.Socket,java.lang.String,int,boolean)>",
					"source":"CALLER"
				},
				{
					"trace":[
						"<android.net.SSLCertificateSocketFactory: java.net.Socket createSocket(java.lang.String,int,java.net.InetAddress,int)>",
						"<android.net.SSLCertificateSocketFactory: void verifyHostname(java.net.Socket,java.lang.String)>"
					],
					"depth":1,
					"method":"<android.net.SSLCertificateSocketFactory: java.net.Socket createSocket(java.lang.String,int,java.net.InetAddress,int)>",
					"source":"CALLER"
				},
				{
					"trace":[
						"<android.net.SSLCertificateSocketFactory: java.net.Socket createSocket(java.lang.String,int)>",
						"<android.net.SSLCertificateSocketFactory: void verifyHostname(java.net.Socket,java.lang.String)>"
					],
					"depth":1,
					"method":"<android.net.SSLCertificateSocketFactory: java.net.Socket createSocket(java.lang.String,int)>",
					"source":"CALLER"
				}
			],
			"keyAPIDiffClass":[],
			"callerOfSingnlar2SourceVar":{
				"<android.net.SSLCertificateSocketFactory: void verifyHostname(java.net.Socket,java.lang.String)>":"1, 0",
				"<android.net.SSLCertificateSocketFactory: java.net.Socket createSocket(java.lang.String,int,java.net.InetAddress,int)>":"0",
				"<android.net.SSLCertificateSocketFactory: java.net.Socket createSocket(java.lang.String,int)>":"0",
				"<android.net.SSLCertificateSocketFactory: java.net.Socket createSocket(java.net.Socket,java.lang.String,int,boolean)>":"1"
			}
		}
	]
}