{
	"exceptions":[
		{
			"method":"<android.media.MediaRouter$RouteGroup: void addRoute(android.media.MediaRouter$RouteInfo)>",
			"message":"\\QRoute \\E[\\s\\S]*\\Q is already part of a group.\\E",
			"relatedVarType":"Parameter",
			"relatedCondType":"Basic",
			"modifier":"public",
			"type":"java.lang.IllegalStateException",
			"osVersionRelated":false,
			"resourceRelated":false,
			"assessRelated":false,
			"hardwareRelated":false,
			"manifestRelated":false,
			"conditions":"$r1 == null",
			"paramValues":"@parameter0: android.media.MediaRouter$RouteInfo",
			"relatedValues":"@parameter0: android.media.MediaRouter$RouteInfo; ; ",
			"keyAPISameClassNum":0,
			"keyAPIDiffClassNum":0,
			"keyAPISameClass":[
				{
					"trace":[
						"<android.media.MediaRouter$RouteGroup: void addRoute(android.media.MediaRouter$RouteInfo)>"
					],
					"depth":0,
					"method":"<android.media.MediaRouter$RouteGroup: void addRoute(android.media.MediaRouter$RouteInfo)>",
					"source":"CALLER"
				}
			],
			"keyAPIDiffClass":[
				{
					"trace":[
						"<android.media.MediaRouter: void addUserRoute(android.media.MediaRouter$UserRouteInfo)>",
						"<android.media.MediaRouter: void addRouteStatic(android.media.MediaRouter$RouteInfo)>",
						"<android.media.MediaRouter$RouteGroup: void addRoute(android.media.MediaRouter$RouteInfo)>"
					],
					"depth":2,
					"method":"<android.media.MediaRouter: void addUserRoute(android.media.MediaRouter$UserRouteInfo)>",
					"source":"CALLER"
				},
				{
					"trace":[
						"<android.media.MediaRouter: void addRouteInt(android.media.MediaRouter$RouteInfo)>",
						"<android.media.MediaRouter: void addRouteStatic(android.media.MediaRouter$RouteInfo)>",
						"<android.media.MediaRouter$RouteGroup: void addRoute(android.media.MediaRouter$RouteInfo)>"
					],
					"depth":2,
					"method":"<android.media.MediaRouter: void addRouteInt(android.media.MediaRouter$RouteInfo)>",
					"source":"CALLER"
				},
				{
					"trace":[
						"<android.media.MediaRouter$WifiDisplayStatusChangedReceiver: void onReceive(android.content.Context,android.content.Intent)>",
						"<android.media.MediaRouter: void updateWifiDisplayStatus(android.hardware.display.WifiDisplayStatus)>",
						"<android.media.MediaRouter: void addRouteStatic(android.media.MediaRouter$RouteInfo)>",
						"<android.media.MediaRouter$RouteGroup: void addRoute(android.media.MediaRouter$RouteInfo)>"
					],
					"depth":3,
					"method":"<android.media.MediaRouter$WifiDisplayStatusChangedReceiver: void onReceive(android.content.Context,android.content.Intent)>",
					"source":"CALLER"
				}
			],
			"callerOfSingnlar2SourceVar":{
				"<android.media.MediaRouter: void addUserRoute(android.media.MediaRouter$UserRouteInfo)>":"0",
				"<android.media.MediaRouter: void addRouteStatic(android.media.MediaRouter$RouteInfo)>":"0",
				"<android.media.MediaRouter: void addRouteInt(android.media.MediaRouter$RouteInfo)>":"0",
				"<android.media.MediaRouter$RouteGroup: void addRoute(android.media.MediaRouter$RouteInfo)>":"0"
			}
		},
		{
			"method":"<android.media.MediaRouter$RouteGroup: void addRoute(android.media.MediaRouter$RouteInfo)>",
			"message":"\\QRoute cannot be added to a group with a different category. (Route category=\\E[\\s\\S]*\\Q group category=\\E[\\s\\S]*\\Q)\\E",
			"relatedVarType":"ParaAndField",
			"relatedCondType":"Basic",
			"modifier":"public",
			"type":"java.lang.IllegalArgumentException",
			"osVersionRelated":false,
			"resourceRelated":false,
			"assessRelated":false,
			"hardwareRelated":false,
			"manifestRelated":false,
			"conditions":"$r2 == $r4, $r1 == null",
			"paramValues":"@parameter0: android.media.MediaRouter$RouteInfo",
			"fieldValues":"<android.media.MediaRouter$RouteInfo: android.media.MediaRouter$RouteCategory mCategory>",
			"relatedValues":"@parameter0: android.media.MediaRouter$RouteInfo; <android.media.MediaRouter$RouteInfo: android.media.MediaRouter$RouteCategory mCategory>; ",
			"keyAPISameClassNum":2,
			"keyAPIDiffClassNum":43,
			"keyAPISameClass":[
				{
					"trace":[
						"<android.media.MediaRouter$RouteGroup: void addRoute(android.media.MediaRouter$RouteInfo)>"
					],
					"depth":1,
					"method":"<android.media.MediaRouter$RouteGroup: void addRoute(android.media.MediaRouter$RouteInfo)>",
					"source":"FIELD"
				},
				{
					"trace":[
						"<android.media.MediaRouter$RouteGroup: void addRoute(android.media.MediaRouter$RouteInfo)>"
					],
					"depth":1,
					"method":"<android.media.MediaRouter$RouteGroup: void addRoute(android.media.MediaRouter$RouteInfo,int)>",
					"source":"FIELD"
				}
			],
			"keyAPIDiffClass":[
				{
					"trace":[
						"<android.media.MediaRouter: void addUserRoute(android.media.MediaRouter$UserRouteInfo)>",
						"<android.media.MediaRouter: void addRouteStatic(android.media.MediaRouter$RouteInfo)>",
						"<android.media.MediaRouter$RouteGroup: void addRoute(android.media.MediaRouter$RouteInfo)>",
						"key field: <android.media.MediaRouter$RouteInfo: android.media.MediaRouter$RouteCategory mCategory>",
						"<android.media.MediaRouter$RouteGroup: void addRoute(android.media.MediaRouter$RouteInfo)>"
					],
					"depth":3,
					"method":"<android.media.MediaRouter: void addUserRoute(android.media.MediaRouter$UserRouteInfo)>",
					"source":"FIELDCALLER"
				},
				{
					"trace":[
						"<android.media.MediaRouter: void addRouteInt(android.media.MediaRouter$RouteInfo)>",
						"<android.media.MediaRouter: void addRouteStatic(android.media.MediaRouter$RouteInfo)>",
						"<android.media.MediaRouter$RouteGroup: void addRoute(android.media.MediaRouter$RouteInfo)>",
						"key field: <android.media.MediaRouter$RouteInfo: android.media.MediaRouter$RouteCategory mCategory>",
						"<android.media.MediaRouter$RouteGroup: void addRoute(android.media.MediaRouter$RouteInfo)>"
					],
					"depth":3,
					"method":"<android.media.MediaRouter: void addRouteInt(android.media.MediaRouter$RouteInfo)>",
					"source":"FIELDCALLER"
				},
				{
					"trace":[
						"<android.media.MediaRouter$WifiDisplayStatusChangedReceiver: void onReceive(android.content.Context,android.content.Intent)>",
						"<android.media.MediaRouter: void updateWifiDisplayStatus(android.hardware.display.WifiDisplayStatus)>",
						"<android.media.MediaRouter: void addRouteStatic(android.media.MediaRouter$RouteInfo)>",
						"<android.media.MediaRouter$RouteGroup: void addRoute(android.media.MediaRouter$RouteInfo)>",
						"key field: <android.media.MediaRouter$RouteInfo: android.media.MediaRouter$RouteCategory mCategory>",
						"<android.media.MediaRouter$RouteGroup: void addRoute(android.media.MediaRouter$RouteInfo)>"
					],
					"depth":4,
					"method":"<android.media.MediaRouter$WifiDisplayStatusChangedReceiver: void onReceive(android.content.Context,android.content.Intent)>",
					"source":"FIELDCALLER"
				},
				{
					"trace":[
						"<android.media.MediaRouter$Static$1$1: void run()>",
						"<android.media.MediaRouter$Static: void updateAudioRoutes(android.media.AudioRoutesInfo)>",
						"<android.media.MediaRouter: void addRouteStatic(android.media.MediaRouter$RouteInfo)>",
						"<android.media.MediaRouter$RouteGroup: void addRoute(android.media.MediaRouter$RouteInfo)>",
						"key field: <android.media.MediaRouter$RouteInfo: android.media.MediaRouter$RouteCategory mCategory>",
						"<android.media.MediaRouter$RouteGroup: void addRoute(android.media.MediaRouter$RouteInfo)>"
					],
					"depth":4,
					"method":"<android.media.MediaRouter$Static$1$1: void run()>",
					"source":"FIELDCALLER"
				},
				{
					"trace":[
						"<java.lang.Runnable: void run()>",
						"<android.media.MediaRouter$Static: void updateAudioRoutes(android.media.AudioRoutesInfo)>",
						"<android.media.MediaRouter: void addRouteStatic(android.media.MediaRouter$RouteInfo)>",
						"<android.media.MediaRouter$RouteGroup: void addRoute(android.media.MediaRouter$RouteInfo)>",
						"key field: <android.media.MediaRouter$RouteInfo: android.media.MediaRouter$RouteCategory mCategory>",
						"<android.media.MediaRouter$RouteGroup: void addRoute(android.media.MediaRouter$RouteInfo)>"
					],
					"depth":4,
					"method":"<java.lang.Runnable: void run()>",
					"source":"FIELDCALLER"
				},
				{
					"trace":[
						"<android.media.MediaRouter: void <init>(android.content.Context)>",
						"<android.media.MediaRouter$Static: void startMonitoringRoutes(android.content.Context)>",
						"<android.media.MediaRouter: void updateWifiDisplayStatus(android.hardware.display.WifiDisplayStatus)>",
						"<android.media.MediaRouter: void addRouteStatic(android.media.MediaRouter$RouteInfo)>",
						"<android.media.MediaRouter$RouteGroup: void addRoute(android.media.MediaRouter$RouteInfo)>",
						"key field: <android.media.MediaRouter$RouteInfo: android.media.MediaRouter$RouteCategory mCategory>",
						"<android.media.MediaRouter$RouteGroup: void addRoute(android.media.MediaRouter$RouteInfo)>"
					],
					"depth":5,
					"method":"<android.media.MediaRouter: void <init>(android.content.Context)>",
					"source":"FIELDCALLER"
				},
				{
					"trace":[
						"<android.media.MediaRouter$Static$1: void dispatchAudioRoutesChanged(android.media.AudioRoutesInfo)>",
						"<android.media.MediaRouter$Static$1$1: void run()>",
						"<android.media.MediaRouter$Static: void updateAudioRoutes(android.media.AudioRoutesInfo)>",
						"<android.media.MediaRouter: void addRouteStatic(android.media.MediaRouter$RouteInfo)>",
						"<android.media.MediaRouter$RouteGroup: void addRoute(android.media.MediaRouter$RouteInfo)>",
						"key field: <android.media.MediaRouter$RouteInfo: android.media.MediaRouter$RouteCategory mCategory>",
						"<android.media.MediaRouter$RouteGroup: void addRoute(android.media.MediaRouter$RouteInfo)>"
					],
					"depth":5,
					"method":"<android.media.MediaRouter$Static$1: void dispatchAudioRoutesChanged(android.media.AudioRoutesInfo)>",
					"source":"FIELDCALLER"
				},
				{
					"trace":[
						"<android.view.Choreographer$CallbackRecord: void run(long)>",
						"<android.media.MediaRouter$Static$1$1: void run()>",
						"<android.media.MediaRouter$Static: void updateAudioRoutes(android.media.AudioRoutesInfo)>",
						"<android.media.MediaRouter: void addRouteStatic(android.media.MediaRouter$RouteInfo)>",
						"<android.media.MediaRouter$RouteGroup: void addRoute(android.media.MediaRouter$RouteInfo)>",
						"key field: <android.media.MediaRouter$RouteInfo: android.media.MediaRouter$RouteCategory mCategory>",
						"<android.media.MediaRouter$RouteGroup: void addRoute(android.media.MediaRouter$RouteInfo)>"
					],
					"depth":5,
					"method":"<android.view.Choreographer$CallbackRecord: void run(long)>",
					"source":"FIELDCALLER"
				},
				{
					"trace":[
						"<android.widget.TextClock$3: void run()>",
						"<android.media.MediaRouter$Static$1$1: void run()>",
						"<android.media.MediaRouter$Static: void updateAudioRoutes(android.media.AudioRoutesInfo)>",
						"<android.media.MediaRouter: void addRouteStatic(android.media.MediaRouter$RouteInfo)>",
						"<android.media.MediaRouter$RouteGroup: void addRoute(android.media.MediaRouter$RouteInfo)>",
						"key field: <android.media.MediaRouter$RouteInfo: android.media.MediaRouter$RouteCategory mCategory>",
						"<android.media.MediaRouter$RouteGroup: void addRoute(android.media.MediaRouter$RouteInfo)>"
					],
					"depth":5,
					"method":"<android.widget.TextClock$3: void run()>",
					"source":"FIELDCALLER"
				},
				{
					"trace":[
						"<android.media.AudioService$AudioHandler: void handleMessage(android.os.Message)>",
						"<android.media.MediaRouter$Static$1: void dispatchAudioRoutesChanged(android.media.AudioRoutesInfo)>",
						"<android.media.MediaRouter$Static$1$1: void run()>",
						"<android.media.MediaRouter$Static: void updateAudioRoutes(android.media.AudioRoutesInfo)>",
						"<android.media.MediaRouter: void addRouteStatic(android.media.MediaRouter$RouteInfo)>",
						"<android.media.MediaRouter$RouteGroup: void addRoute(android.media.MediaRouter$RouteInfo)>",
						"key field: <android.media.MediaRouter$RouteInfo: android.media.MediaRouter$RouteCategory mCategory>",
						"<android.media.MediaRouter$RouteGroup: void addRoute(android.media.MediaRouter$RouteInfo)>"
					],
					"depth":6,
					"method":"<android.media.AudioService$AudioHandler: void handleMessage(android.os.Message)>",
					"source":"FIELDCALLER"
				},
				{
					"trace":[
						"<android.media.IAudioRoutesObserver$Stub: boolean onTransact(int,android.os.Parcel,android.os.Parcel,int)>",
						"<android.media.MediaRouter$Static$1: void dispatchAudioRoutesChanged(android.media.AudioRoutesInfo)>",
						"<android.media.MediaRouter$Static$1$1: void run()>",
						"<android.media.MediaRouter$Static: void updateAudioRoutes(android.media.AudioRoutesInfo)>",
						"<android.media.MediaRouter: void addRouteStatic(android.media.MediaRouter$RouteInfo)>",
						"<android.media.MediaRouter$RouteGroup: void addRoute(android.media.MediaRouter$RouteInfo)>",
						"key field: <android.media.MediaRouter$RouteInfo: android.media.MediaRouter$RouteCategory mCategory>",
						"<android.media.MediaRouter$RouteGroup: void addRoute(android.media.MediaRouter$RouteInfo)>"
					],
					"depth":6,
					"method":"<android.media.IAudioRoutesObserver$Stub: boolean onTransact(int,android.os.Parcel,android.os.Parcel,int)>",
					"source":"FIELDCALLER"
				},
				{
					"trace":[
						"<android.media.MediaRouter: void removeCallback(android.media.MediaRouter$Callback)>",
						"<android.media.MediaRouter$Static: void updateActiveScan()>",
						"<android.media.MediaRouter$Static$1$1: void run()>",
						"<android.media.MediaRouter$Static: void updateAudioRoutes(android.media.AudioRoutesInfo)>",
						"<android.media.MediaRouter: void addRouteStatic(android.media.MediaRouter$RouteInfo)>",
						"<android.media.MediaRouter$RouteGroup: void addRoute(android.media.MediaRouter$RouteInfo)>",
						"key field: <android.media.MediaRouter$RouteInfo: android.media.MediaRouter$RouteCategory mCategory>",
						"<android.media.MediaRouter$RouteGroup: void addRoute(android.media.MediaRouter$RouteInfo)>"
					],
					"depth":6,
					"method":"<android.media.MediaRouter: void removeCallback(android.media.MediaRouter$Callback)>",
					"source":"FIELDCALLER"
				},
				{
					"trace":[
						"<android.media.MediaRouter: void addCallback(int,android.media.MediaRouter$Callback,int)>",
						"<android.media.MediaRouter$Static: void updateActiveScan()>",
						"<android.media.MediaRouter$Static$1$1: void run()>",
						"<android.media.MediaRouter$Static: void updateAudioRoutes(android.media.AudioRoutesInfo)>",
						"<android.media.MediaRouter: void addRouteStatic(android.media.MediaRouter$RouteInfo)>",
						"<android.media.MediaRouter$RouteGroup: void addRoute(android.media.MediaRouter$RouteInfo)>",
						"key field: <android.media.MediaRouter$RouteInfo: android.media.MediaRouter$RouteCategory mCategory>",
						"<android.media.MediaRouter$RouteGroup: void addRoute(android.media.MediaRouter$RouteInfo)>"
					],
					"depth":6,
					"method":"<android.media.MediaRouter: void addCallback(int,android.media.MediaRouter$Callback,int)>",
					"source":"FIELDCALLER"
				},
				{
					"trace":[
						"<android.app.SharedPreferencesImpl$2: void run()>",
						"<android.widget.TextClock$3: void run()>",
						"<android.media.MediaRouter$Static$1$1: void run()>",
						"<android.media.MediaRouter$Static: void updateAudioRoutes(android.media.AudioRoutesInfo)>",
						"<android.media.MediaRouter: void addRouteStatic(android.media.MediaRouter$RouteInfo)>",
						"<android.media.MediaRouter$RouteGroup: void addRoute(android.media.MediaRouter$RouteInfo)>",
						"key field: <android.media.MediaRouter$RouteInfo: android.media.MediaRouter$RouteCategory mCategory>",
						"<android.media.MediaRouter$RouteGroup: void addRoute(android.media.MediaRouter$RouteInfo)>"
					],
					"depth":6,
					"method":"<android.app.SharedPreferencesImpl$2: void run()>",
					"source":"FIELDCALLER"
				},
				{
					"trace":[
						"<android.widget.Filter$RequestHandler: void handleMessage(android.os.Message)>",
						"<android.media.AudioService$AudioHandler: void handleMessage(android.os.Message)>",
						"<android.media.MediaRouter$Static$1: void dispatchAudioRoutesChanged(android.media.AudioRoutesInfo)>",
						"<android.media.MediaRouter$Static$1$1: void run()>",
						"<android.media.MediaRouter$Static: void updateAudioRoutes(android.media.AudioRoutesInfo)>",
						"<android.media.MediaRouter: void addRouteStatic(android.media.MediaRouter$RouteInfo)>",
						"<android.media.MediaRouter$RouteGroup: void addRoute(android.media.MediaRouter$RouteInfo)>",
						"key field: <android.media.MediaRouter$RouteInfo: android.media.MediaRouter$RouteCategory mCategory>",
						"<android.media.MediaRouter$RouteGroup: void addRoute(android.media.MediaRouter$RouteInfo)>"
					],
					"depth":7,
					"method":"<android.widget.Filter$RequestHandler: void handleMessage(android.os.Message)>",
					"source":"FIELDCALLER"
				},
				{
					"trace":[
						"<android.media.MediaRouter$Callback: void onRouteRemoved(android.media.MediaRouter,android.media.MediaRouter$RouteInfo)>",
						"<android.media.MediaRouter: void removeCallback(android.media.MediaRouter$Callback)>",
						"<android.media.MediaRouter$Static: void updateActiveScan()>",
						"<android.media.MediaRouter$Static$1$1: void run()>",
						"<android.media.MediaRouter$Static: void updateAudioRoutes(android.media.AudioRoutesInfo)>",
						"<android.media.MediaRouter: void addRouteStatic(android.media.MediaRouter$RouteInfo)>",
						"<android.media.MediaRouter$RouteGroup: void addRoute(android.media.MediaRouter$RouteInfo)>",
						"key field: <android.media.MediaRouter$RouteInfo: android.media.MediaRouter$RouteCategory mCategory>",
						"<android.media.MediaRouter$RouteGroup: void addRoute(android.media.MediaRouter$RouteInfo)>"
					],
					"depth":7,
					"method":"<android.media.MediaRouter$Callback: void onRouteRemoved(android.media.MediaRouter,android.media.MediaRouter$RouteInfo)>",
					"source":"FIELDCALLER"
				},
				{
					"trace":[
						"<android.media.MediaRouter$Callback: void onRouteAdded(android.media.MediaRouter,android.media.MediaRouter$RouteInfo)>",
						"<android.media.MediaRouter: void removeCallback(android.media.MediaRouter$Callback)>",
						"<android.media.MediaRouter$Static: void updateActiveScan()>",
						"<android.media.MediaRouter$Static$1$1: void run()>",
						"<android.media.MediaRouter$Static: void updateAudioRoutes(android.media.AudioRoutesInfo)>",
						"<android.media.MediaRouter: void addRouteStatic(android.media.MediaRouter$RouteInfo)>",
						"<android.media.MediaRouter$RouteGroup: void addRoute(android.media.MediaRouter$RouteInfo)>",
						"key field: <android.media.MediaRouter$RouteInfo: android.media.MediaRouter$RouteCategory mCategory>",
						"<android.media.MediaRouter$RouteGroup: void addRoute(android.media.MediaRouter$RouteInfo)>"
					],
					"depth":7,
					"method":"<android.media.MediaRouter$Callback: void onRouteAdded(android.media.MediaRouter,android.media.MediaRouter$RouteInfo)>",
					"source":"FIELDCALLER"
				},
				{
					"trace":[
						"<android.media.MediaRouter: void addCallback(int,android.media.MediaRouter$Callback)>",
						"<android.media.MediaRouter: void addCallback(int,android.media.MediaRouter$Callback,int)>",
						"<android.media.MediaRouter$Static: void updateActiveScan()>",
						"<android.media.MediaRouter$Static$1$1: void run()>",
						"<android.media.MediaRouter$Static: void updateAudioRoutes(android.media.AudioRoutesInfo)>",
						"<android.media.MediaRouter: void addRouteStatic(android.media.MediaRouter$RouteInfo)>",
						"<android.media.MediaRouter$RouteGroup: void addRoute(android.media.MediaRouter$RouteInfo)>",
						"key field: <android.media.MediaRouter$RouteInfo: android.media.MediaRouter$RouteCategory mCategory>",
						"<android.media.MediaRouter$RouteGroup: void addRoute(android.media.MediaRouter$RouteInfo)>"
					],
					"depth":7,
					"method":"<android.media.MediaRouter: void addCallback(int,android.media.MediaRouter$Callback)>",
					"source":"FIELDCALLER"
				},
				{
					"trace":[
						"<android.os.AsyncTask$SerialExecutor$1: void run()>",
						"<android.app.SharedPreferencesImpl$2: void run()>",
						"<android.widget.TextClock$3: void run()>",
						"<android.media.MediaRouter$Static$1$1: void run()>",
						"<android.media.MediaRouter$Static: void updateAudioRoutes(android.media.AudioRoutesInfo)>",
						"<android.media.MediaRouter: void addRouteStatic(android.media.MediaRouter$RouteInfo)>",
						"<android.media.MediaRouter$RouteGroup: void addRoute(android.media.MediaRouter$RouteInfo)>",
						"key field: <android.media.MediaRouter$RouteInfo: android.media.MediaRouter$RouteCategory mCategory>",
						"<android.media.MediaRouter$RouteGroup: void addRoute(android.media.MediaRouter$RouteInfo)>"
					],
					"depth":7,
					"method":"<android.os.AsyncTask$SerialExecutor$1: void run()>",
					"source":"FIELDCALLER"
				},
				{
					"trace":[
						"<android.media.AudioService: void <init>(android.content.Context)>",
						"<android.media.AudioService: void sendMsg(android.os.Handler,int,int,int,int,java.lang.Object,int)>",
						"<android.media.AudioService$AudioHandler: void handleMessage(android.os.Message)>",
						"<android.media.MediaRouter$Static$1: void dispatchAudioRoutesChanged(android.media.AudioRoutesInfo)>",
						"<android.media.MediaRouter$Static$1$1: void run()>",
						"<android.media.MediaRouter$Static: void updateAudioRoutes(android.media.AudioRoutesInfo)>",
						"<android.media.MediaRouter: void addRouteStatic(android.media.MediaRouter$RouteInfo)>",
						"<android.media.MediaRouter$RouteGroup: void addRoute(android.media.MediaRouter$RouteInfo)>",
						"key field: <android.media.MediaRouter$RouteInfo: android.media.MediaRouter$RouteCategory mCategory>",
						"<android.media.MediaRouter$RouteGroup: void addRoute(android.media.MediaRouter$RouteInfo)>"
					],
					"depth":8,
					"method":"<android.media.AudioService: void <init>(android.content.Context)>",
					"source":"FIELDCALLER"
				},
				{
					"trace":[
						"<android.media.AudioService: void registerRemoteVolumeObserverForRcc(int,android.media.IRemoteVolumeObserver)>",
						"<android.media.AudioService: void sendMsg(android.os.Handler,int,int,int,int,java.lang.Object,int)>",
						"<android.media.AudioService$AudioHandler: void handleMessage(android.os.Message)>",
						"<android.media.MediaRouter$Static$1: void dispatchAudioRoutesChanged(android.media.AudioRoutesInfo)>",
						"<android.media.MediaRouter$Static$1$1: void run()>",
						"<android.media.MediaRouter$Static: void updateAudioRoutes(android.media.AudioRoutesInfo)>",
						"<android.media.MediaRouter: void addRouteStatic(android.media.MediaRouter$RouteInfo)>",
						"<android.media.MediaRouter$RouteGroup: void addRoute(android.media.MediaRouter$RouteInfo)>",
						"key field: <android.media.MediaRouter$RouteInfo: android.media.MediaRouter$RouteCategory mCategory>",
						"<android.media.MediaRouter$RouteGroup: void addRoute(android.media.MediaRouter$RouteInfo)>"
					],
					"depth":8,
					"method":"<android.media.AudioService: void registerRemoteVolumeObserverForRcc(int,android.media.IRemoteVolumeObserver)>",
					"source":"FIELDCALLER"
				},
				{
					"trace":[
						"<android.media.AudioService: void setPlaybackStateForRcc(int,int,long,float)>",
						"<android.media.AudioService: void sendMsg(android.os.Handler,int,int,int,int,java.lang.Object,int)>",
						"<android.media.AudioService$AudioHandler: void handleMessage(android.os.Message)>",
						"<android.media.MediaRouter$Static$1: void dispatchAudioRoutesChanged(android.media.AudioRoutesInfo)>",
						"<android.media.MediaRouter$Static$1$1: void run()>",
						"<android.media.MediaRouter$Static: void updateAudioRoutes(android.media.AudioRoutesInfo)>",
						"<android.media.MediaRouter: void addRouteStatic(android.media.MediaRouter$RouteInfo)>",
						"<android.media.MediaRouter$RouteGroup: void addRoute(android.media.MediaRouter$RouteInfo)>",
						"key field: <android.media.MediaRouter$RouteInfo: android.media.MediaRouter$RouteCategory mCategory>",
						"<android.media.MediaRouter$RouteGroup: void addRoute(android.media.MediaRouter$RouteInfo)>"
					],
					"depth":8,
					"method":"<android.media.AudioService: void setPlaybackStateForRcc(int,int,long,float)>",
					"source":"FIELDCALLER"
				},
				{
					"trace":[
						"<android.media.AudioService: void setPlaybackInfoForRcc(int,int,int)>",
						"<android.media.AudioService: void sendMsg(android.os.Handler,int,int,int,int,java.lang.Object,int)>",
						"<android.media.AudioService$AudioHandler: void handleMessage(android.os.Message)>",
						"<android.media.MediaRouter$Static$1: void dispatchAudioRoutesChanged(android.media.AudioRoutesInfo)>",
						"<android.media.MediaRouter$Static$1$1: void run()>",
						"<android.media.MediaRouter$Static: void updateAudioRoutes(android.media.AudioRoutesInfo)>",
						"<android.media.MediaRouter: void addRouteStatic(android.media.MediaRouter$RouteInfo)>",
						"<android.media.MediaRouter$RouteGroup: void addRoute(android.media.MediaRouter$RouteInfo)>",
						"key field: <android.media.MediaRouter$RouteInfo: android.media.MediaRouter$RouteCategory mCategory>",
						"<android.media.MediaRouter$RouteGroup: void addRoute(android.media.MediaRouter$RouteInfo)>"
					],
					"depth":8,
					"method":"<android.media.AudioService: void setPlaybackInfoForRcc(int,int,int)>",
					"source":"FIELDCALLER"
				},
				{
					"trace":[
						"<android.media.AudioService: void setRemoteControlClientPlaybackPosition(int,long)>",
						"<android.media.AudioService: void sendMsg(android.os.Handler,int,int,int,int,java.lang.Object,int)>",
						"<android.media.AudioService$AudioHandler: void handleMessage(android.os.Message)>",
						"<android.media.MediaRouter$Static$1: void dispatchAudioRoutesChanged(android.media.AudioRoutesInfo)>",
						"<android.media.MediaRouter$Static$1$1: void run()>",
						"<android.media.MediaRouter$Static: void updateAudioRoutes(android.media.AudioRoutesInfo)>",
						"<android.media.MediaRouter: void addRouteStatic(android.media.MediaRouter$RouteInfo)>",
						"<android.media.MediaRouter$RouteGroup: void addRoute(android.media.MediaRouter$RouteInfo)>",
						"key field: <android.media.MediaRouter$RouteInfo: android.media.MediaRouter$RouteCategory mCategory>",
						"<android.media.MediaRouter$RouteGroup: void addRoute(android.media.MediaRouter$RouteInfo)>"
					],
					"depth":8,
					"method":"<android.media.AudioService: void setRemoteControlClientPlaybackPosition(int,long)>",
					"source":"FIELDCALLER"
				},
				{
					"trace":[
						"<android.media.AudioService: void setRemoteSubmixOn(boolean,int)>",
						"<android.media.AudioService: void sendMsg(android.os.Handler,int,int,int,int,java.lang.Object,int)>",
						"<android.media.AudioService$AudioHandler: void handleMessage(android.os.Message)>",
						"<android.media.MediaRouter$Static$1: void dispatchAudioRoutesChanged(android.media.AudioRoutesInfo)>",
						"<android.media.MediaRouter$Static$1$1: void run()>",
						"<android.media.MediaRouter$Static: void updateAudioRoutes(android.media.AudioRoutesInfo)>",
						"<android.media.MediaRouter: void addRouteStatic(android.media.MediaRouter$RouteInfo)>",
						"<android.media.MediaRouter$RouteGroup: void addRoute(android.media.MediaRouter$RouteInfo)>",
						"key field: <android.media.MediaRouter$RouteInfo: android.media.MediaRouter$RouteCategory mCategory>",
						"<android.media.MediaRouter$RouteGroup: void addRoute(android.media.MediaRouter$RouteInfo)>"
					],
					"depth":8,
					"method":"<android.media.AudioService: void setRemoteSubmixOn(boolean,int)>",
					"source":"FIELDCALLER"
				},
				{
					"trace":[
						"<android.media.AudioService: void setBluetoothScoOn(boolean)>",
						"<android.media.AudioService: void sendMsg(android.os.Handler,int,int,int,int,java.lang.Object,int)>",
						"<android.media.AudioService$AudioHandler: void handleMessage(android.os.Message)>",
						"<android.media.MediaRouter$Static$1: void dispatchAudioRoutesChanged(android.media.AudioRoutesInfo)>",
						"<android.media.MediaRouter$Static$1$1: void run()>",
						"<android.media.MediaRouter$Static: void updateAudioRoutes(android.media.AudioRoutesInfo)>",
						"<android.media.MediaRouter: void addRouteStatic(android.media.MediaRouter$RouteInfo)>",
						"<android.media.MediaRouter$RouteGroup: void addRoute(android.media.MediaRouter$RouteInfo)>",
						"key field: <android.media.MediaRouter$RouteInfo: android.media.MediaRouter$RouteCategory mCategory>",
						"<android.media.MediaRouter$RouteGroup: void addRoute(android.media.MediaRouter$RouteInfo)>"
					],
					"depth":8,
					"method":"<android.media.AudioService: void setBluetoothScoOn(boolean)>",
					"source":"FIELDCALLER"
				},
				{
					"trace":[
						"<android.media.AudioService: void setSpeakerphoneOn(boolean)>",
						"<android.media.AudioService: void sendMsg(android.os.Handler,int,int,int,int,java.lang.Object,int)>",
						"<android.media.AudioService$AudioHandler: void handleMessage(android.os.Message)>",
						"<android.media.MediaRouter$Static$1: void dispatchAudioRoutesChanged(android.media.AudioRoutesInfo)>",
						"<android.media.MediaRouter$Static$1$1: void run()>",
						"<android.media.MediaRouter$Static: void updateAudioRoutes(android.media.AudioRoutesInfo)>",
						"<android.media.MediaRouter: void addRouteStatic(android.media.MediaRouter$RouteInfo)>",
						"<android.media.MediaRouter$RouteGroup: void addRoute(android.media.MediaRouter$RouteInfo)>",
						"key field: <android.media.MediaRouter$RouteInfo: android.media.MediaRouter$RouteCategory mCategory>",
						"<android.media.MediaRouter$RouteGroup: void addRoute(android.media.MediaRouter$RouteInfo)>"
					],
					"depth":8,
					"method":"<android.media.AudioService: void setSpeakerphoneOn(boolean)>",
					"source":"FIELDCALLER"
				},
				{
					"trace":[
						"<android.media.AudioService: void unloadSoundEffects()>",
						"<android.media.AudioService: void sendMsg(android.os.Handler,int,int,int,int,java.lang.Object,int)>",
						"<android.media.AudioService$AudioHandler: void handleMessage(android.os.Message)>",
						"<android.media.MediaRouter$Static$1: void dispatchAudioRoutesChanged(android.media.AudioRoutesInfo)>",
						"<android.media.MediaRouter$Static$1$1: void run()>",
						"<android.media.MediaRouter$Static: void updateAudioRoutes(android.media.AudioRoutesInfo)>",
						"<android.media.MediaRouter: void addRouteStatic(android.media.MediaRouter$RouteInfo)>",
						"<android.media.MediaRouter$RouteGroup: void addRoute(android.media.MediaRouter$RouteInfo)>",
						"key field: <android.media.MediaRouter$RouteInfo: android.media.MediaRouter$RouteCategory mCategory>",
						"<android.media.MediaRouter$RouteGroup: void addRoute(android.media.MediaRouter$RouteInfo)>"
					],
					"depth":8,
					"method":"<android.media.AudioService: void unloadSoundEffects()>",
					"source":"FIELDCALLER"
				},
				{
					"trace":[
						"<android.media.AudioService: boolean loadSoundEffects()>",
						"<android.media.AudioService: void sendMsg(android.os.Handler,int,int,int,int,java.lang.Object,int)>",
						"<android.media.AudioService$AudioHandler: void handleMessage(android.os.Message)>",
						"<android.media.MediaRouter$Static$1: void dispatchAudioRoutesChanged(android.media.AudioRoutesInfo)>",
						"<android.media.MediaRouter$Static$1$1: void run()>",
						"<android.media.MediaRouter$Static: void updateAudioRoutes(android.media.AudioRoutesInfo)>",
						"<android.media.MediaRouter: void addRouteStatic(android.media.MediaRouter$RouteInfo)>",
						"<android.media.MediaRouter$RouteGroup: void addRoute(android.media.MediaRouter$RouteInfo)>",
						"key field: <android.media.MediaRouter$RouteInfo: android.media.MediaRouter$RouteCategory mCategory>",
						"<android.media.MediaRouter$RouteGroup: void addRoute(android.media.MediaRouter$RouteInfo)>"
					],
					"depth":8,
					"method":"<android.media.AudioService: boolean loadSoundEffects()>",
					"source":"FIELDCALLER"
				},
				{
					"trace":[
						"<android.media.AudioService: void playSoundEffectVolume(int,float)>",
						"<android.media.AudioService: void sendMsg(android.os.Handler,int,int,int,int,java.lang.Object,int)>",
						"<android.media.AudioService$AudioHandler: void handleMessage(android.os.Message)>",
						"<android.media.MediaRouter$Static$1: void dispatchAudioRoutesChanged(android.media.AudioRoutesInfo)>",
						"<android.media.MediaRouter$Static$1$1: void run()>",
						"<android.media.MediaRouter$Static: void updateAudioRoutes(android.media.AudioRoutesInfo)>",
						"<android.media.MediaRouter: void addRouteStatic(android.media.MediaRouter$RouteInfo)>",
						"<android.media.MediaRouter$RouteGroup: void addRoute(android.media.MediaRouter$RouteInfo)>",
						"key field: <android.media.MediaRouter$RouteInfo: android.media.MediaRouter$RouteCategory mCategory>",
						"<android.media.MediaRouter$RouteGroup: void addRoute(android.media.MediaRouter$RouteInfo)>"
					],
					"depth":8,
					"method":"<android.media.AudioService: void playSoundEffectVolume(int,float)>",
					"source":"FIELDCALLER"
				},
				{
					"trace":[
						"<android.media.AudioService: void setMasterMute(boolean,int,android.os.IBinder)>",
						"<android.media.AudioService: void sendMsg(android.os.Handler,int,int,int,int,java.lang.Object,int)>",
						"<android.media.AudioService$AudioHandler: void handleMessage(android.os.Message)>",
						"<android.media.MediaRouter$Static$1: void dispatchAudioRoutesChanged(android.media.AudioRoutesInfo)>",
						"<android.media.MediaRouter$Static$1$1: void run()>",
						"<android.media.MediaRouter$Static: void updateAudioRoutes(android.media.AudioRoutesInfo)>",
						"<android.media.MediaRouter: void addRouteStatic(android.media.MediaRouter$RouteInfo)>",
						"<android.media.MediaRouter$RouteGroup: void addRoute(android.media.MediaRouter$RouteInfo)>",
						"key field: <android.media.MediaRouter$RouteInfo: android.media.MediaRouter$RouteCategory mCategory>",
						"<android.media.MediaRouter$RouteGroup: void addRoute(android.media.MediaRouter$RouteInfo)>"
					],
					"depth":8,
					"method":"<android.media.AudioService: void setMasterMute(boolean,int,android.os.IBinder)>",
					"source":"FIELDCALLER"
				},
				{
					"trace":[
						"<android.media.AudioService: void adjustStreamVolume(int,int,int)>",
						"<android.media.AudioService: void sendMsg(android.os.Handler,int,int,int,int,java.lang.Object,int)>",
						"<android.media.AudioService$AudioHandler: void handleMessage(android.os.Message)>",
						"<android.media.MediaRouter$Static$1: void dispatchAudioRoutesChanged(android.media.AudioRoutesInfo)>",
						"<android.media.MediaRouter$Static$1$1: void run()>",
						"<android.media.MediaRouter$Static: void updateAudioRoutes(android.media.AudioRoutesInfo)>",
						"<android.media.MediaRouter: void addRouteStatic(android.media.MediaRouter$RouteInfo)>",
						"<android.media.MediaRouter$RouteGroup: void addRoute(android.media.MediaRouter$RouteInfo)>",
						"key field: <android.media.MediaRouter$RouteInfo: android.media.MediaRouter$RouteCategory mCategory>",
						"<android.media.MediaRouter$RouteGroup: void addRoute(android.media.MediaRouter$RouteInfo)>"
					],
					"depth":8,
					"method":"<android.media.AudioService: void adjustStreamVolume(int,int,int)>",
					"source":"FIELDCALLER"
				},
				{
					"trace":[
						"<android.media.AudioService: void setBluetoothA2dpOn(boolean)>",
						"<android.media.AudioService: void sendMsg(android.os.Handler,int,int,int,int,java.lang.Object,int)>",
						"<android.media.AudioService$AudioHandler: void handleMessage(android.os.Message)>",
						"<android.media.MediaRouter$Static$1: void dispatchAudioRoutesChanged(android.media.AudioRoutesInfo)>",
						"<android.media.MediaRouter$Static$1$1: void run()>",
						"<android.media.MediaRouter$Static: void updateAudioRoutes(android.media.AudioRoutesInfo)>",
						"<android.media.MediaRouter: void addRouteStatic(android.media.MediaRouter$RouteInfo)>",
						"<android.media.MediaRouter$RouteGroup: void addRoute(android.media.MediaRouter$RouteInfo)>",
						"key field: <android.media.MediaRouter$RouteInfo: android.media.MediaRouter$RouteCategory mCategory>",
						"<android.media.MediaRouter$RouteGroup: void addRoute(android.media.MediaRouter$RouteInfo)>"
					],
					"depth":8,
					"method":"<android.media.AudioService: void setBluetoothA2dpOn(boolean)>",
					"source":"FIELDCALLER"
				},
				{
					"trace":[
						"<android.webkit.WebCoreThreadWatchdog$1: void handleMessage(android.os.Message)>",
						"<android.widget.Filter$RequestHandler: void handleMessage(android.os.Message)>",
						"<android.media.AudioService$AudioHandler: void handleMessage(android.os.Message)>",
						"<android.media.MediaRouter$Static$1: void dispatchAudioRoutesChanged(android.media.AudioRoutesInfo)>",
						"<android.media.MediaRouter$Static$1$1: void run()>",
						"<android.media.MediaRouter$Static: void updateAudioRoutes(android.media.AudioRoutesInfo)>",
						"<android.media.MediaRouter: void addRouteStatic(android.media.MediaRouter$RouteInfo)>",
						"<android.media.MediaRouter$RouteGroup: void addRoute(android.media.MediaRouter$RouteInfo)>",
						"key field: <android.media.MediaRouter$RouteInfo: android.media.MediaRouter$RouteCategory mCategory>",
						"<android.media.MediaRouter$RouteGroup: void addRoute(android.media.MediaRouter$RouteInfo)>"
					],
					"depth":8,
					"method":"<android.webkit.WebCoreThreadWatchdog$1: void handleMessage(android.os.Message)>",
					"source":"FIELDCALLER"
				},
				{
					"trace":[
						"<android.webkit.ZoomControlExternal$1: void run()>",
						"<android.os.AsyncTask$SerialExecutor$1: void run()>",
						"<android.app.SharedPreferencesImpl$2: void run()>",
						"<android.widget.TextClock$3: void run()>",
						"<android.media.MediaRouter$Static$1$1: void run()>",
						"<android.media.MediaRouter$Static: void updateAudioRoutes(android.media.AudioRoutesInfo)>",
						"<android.media.MediaRouter: void addRouteStatic(android.media.MediaRouter$RouteInfo)>",
						"<android.media.MediaRouter$RouteGroup: void addRoute(android.media.MediaRouter$RouteInfo)>",
						"key field: <android.media.MediaRouter$RouteInfo: android.media.MediaRouter$RouteCategory mCategory>",
						"<android.media.MediaRouter$RouteGroup: void addRoute(android.media.MediaRouter$RouteInfo)>"
					],
					"depth":8,
					"method":"<android.webkit.ZoomControlExternal$1: void run()>",
					"source":"FIELDCALLER"
				},
				{
					"trace":[
						"<android.widget.DigitalClock$1: void run()>",
						"<android.os.AsyncTask$SerialExecutor$1: void run()>",
						"<android.app.SharedPreferencesImpl$2: void run()>",
						"<android.widget.TextClock$3: void run()>",
						"<android.media.MediaRouter$Static$1$1: void run()>",
						"<android.media.MediaRouter$Static: void updateAudioRoutes(android.media.AudioRoutesInfo)>",
						"<android.media.MediaRouter: void addRouteStatic(android.media.MediaRouter$RouteInfo)>",
						"<android.media.MediaRouter$RouteGroup: void addRoute(android.media.MediaRouter$RouteInfo)>",
						"key field: <android.media.MediaRouter$RouteInfo: android.media.MediaRouter$RouteCategory mCategory>",
						"<android.media.MediaRouter$RouteGroup: void addRoute(android.media.MediaRouter$RouteInfo)>"
					],
					"depth":8,
					"method":"<android.widget.DigitalClock$1: void run()>",
					"source":"FIELDCALLER"
				},
				{
					"trace":[
						"<android.app.SharedPreferencesImpl$EditorImpl$2: void run()>",
						"<android.os.AsyncTask$SerialExecutor$1: void run()>",
						"<android.app.SharedPreferencesImpl$2: void run()>",
						"<android.widget.TextClock$3: void run()>",
						"<android.media.MediaRouter$Static$1$1: void run()>",
						"<android.media.MediaRouter$Static: void updateAudioRoutes(android.media.AudioRoutesInfo)>",
						"<android.media.MediaRouter: void addRouteStatic(android.media.MediaRouter$RouteInfo)>",
						"<android.media.MediaRouter$RouteGroup: void addRoute(android.media.MediaRouter$RouteInfo)>",
						"key field: <android.media.MediaRouter$RouteInfo: android.media.MediaRouter$RouteCategory mCategory>",
						"<android.media.MediaRouter$RouteGroup: void addRoute(android.media.MediaRouter$RouteInfo)>"
					],
					"depth":8,
					"method":"<android.app.SharedPreferencesImpl$EditorImpl$2: void run()>",
					"source":"FIELDCALLER"
				},
				{
					"trace":[
						"<android.test.InstrumentationTestCase$1: void run()>",
						"<android.os.AsyncTask$SerialExecutor$1: void run()>",
						"<android.app.SharedPreferencesImpl$2: void run()>",
						"<android.widget.TextClock$3: void run()>",
						"<android.media.MediaRouter$Static$1$1: void run()>",
						"<android.media.MediaRouter$Static: void updateAudioRoutes(android.media.AudioRoutesInfo)>",
						"<android.media.MediaRouter: void addRouteStatic(android.media.MediaRouter$RouteInfo)>",
						"<android.media.MediaRouter$RouteGroup: void addRoute(android.media.MediaRouter$RouteInfo)>",
						"key field: <android.media.MediaRouter$RouteInfo: android.media.MediaRouter$RouteCategory mCategory>",
						"<android.media.MediaRouter$RouteGroup: void addRoute(android.media.MediaRouter$RouteInfo)>"
					],
					"depth":8,
					"method":"<android.test.InstrumentationTestCase$1: void run()>",
					"source":"FIELDCALLER"
				},
				{
					"trace":[
						"<android.app.Instrumentation$SyncRunnable: void run()>",
						"<android.os.AsyncTask$SerialExecutor$1: void run()>",
						"<android.app.SharedPreferencesImpl$2: void run()>",
						"<android.widget.TextClock$3: void run()>",
						"<android.media.MediaRouter$Static$1$1: void run()>",
						"<android.media.MediaRouter$Static: void updateAudioRoutes(android.media.AudioRoutesInfo)>",
						"<android.media.MediaRouter: void addRouteStatic(android.media.MediaRouter$RouteInfo)>",
						"<android.media.MediaRouter$RouteGroup: void addRoute(android.media.MediaRouter$RouteInfo)>",
						"key field: <android.media.MediaRouter$RouteInfo: android.media.MediaRouter$RouteCategory mCategory>",
						"<android.media.MediaRouter$RouteGroup: void addRoute(android.media.MediaRouter$RouteInfo)>"
					],
					"depth":8,
					"method":"<android.app.Instrumentation$SyncRunnable: void run()>",
					"source":"FIELDCALLER"
				},
				{
					"trace":[
						"<android.webkit.DeviceMotionService$2: void run()>",
						"<android.os.AsyncTask$SerialExecutor$1: void run()>",
						"<android.app.SharedPreferencesImpl$2: void run()>",
						"<android.widget.TextClock$3: void run()>",
						"<android.media.MediaRouter$Static$1$1: void run()>",
						"<android.media.MediaRouter$Static: void updateAudioRoutes(android.media.AudioRoutesInfo)>",
						"<android.media.MediaRouter: void addRouteStatic(android.media.MediaRouter$RouteInfo)>",
						"<android.media.MediaRouter$RouteGroup: void addRoute(android.media.MediaRouter$RouteInfo)>",
						"key field: <android.media.MediaRouter$RouteInfo: android.media.MediaRouter$RouteCategory mCategory>",
						"<android.media.MediaRouter$RouteGroup: void addRoute(android.media.MediaRouter$RouteInfo)>"
					],
					"depth":8,
					"method":"<android.webkit.DeviceMotionService$2: void run()>",
					"source":"FIELDCALLER"
				},
				{
					"trace":[
						"<android.os.Handler$BlockingRunnable: void run()>",
						"<android.os.AsyncTask$SerialExecutor$1: void run()>",
						"<android.app.SharedPreferencesImpl$2: void run()>",
						"<android.widget.TextClock$3: void run()>",
						"<android.media.MediaRouter$Static$1$1: void run()>",
						"<android.media.MediaRouter$Static: void updateAudioRoutes(android.media.AudioRoutesInfo)>",
						"<android.media.MediaRouter: void addRouteStatic(android.media.MediaRouter$RouteInfo)>",
						"<android.media.MediaRouter$RouteGroup: void addRoute(android.media.MediaRouter$RouteInfo)>",
						"key field: <android.media.MediaRouter$RouteInfo: android.media.MediaRouter$RouteCategory mCategory>",
						"<android.media.MediaRouter$RouteGroup: void addRoute(android.media.MediaRouter$RouteInfo)>"
					],
					"depth":8,
					"method":"<android.os.Handler$BlockingRunnable: void run()>",
					"source":"FIELDCALLER"
				},
				{
					"trace":[
						"<com.android.internal.widget.WaveView$2: void run()>",
						"<android.os.AsyncTask$SerialExecutor$1: void run()>",
						"<android.app.SharedPreferencesImpl$2: void run()>",
						"<android.widget.TextClock$3: void run()>",
						"<android.media.MediaRouter$Static$1$1: void run()>",
						"<android.media.MediaRouter$Static: void updateAudioRoutes(android.media.AudioRoutesInfo)>",
						"<android.media.MediaRouter: void addRouteStatic(android.media.MediaRouter$RouteInfo)>",
						"<android.media.MediaRouter$RouteGroup: void addRoute(android.media.MediaRouter$RouteInfo)>",
						"key field: <android.media.MediaRouter$RouteInfo: android.media.MediaRouter$RouteCategory mCategory>",
						"<android.media.MediaRouter$RouteGroup: void addRoute(android.media.MediaRouter$RouteInfo)>"
					],
					"depth":8,
					"method":"<com.android.internal.widget.WaveView$2: void run()>",
					"source":"FIELDCALLER"
				},
				{
					"trace":[
						"<java.lang.Thread: void run()>",
						"<android.os.AsyncTask$SerialExecutor$1: void run()>",
						"<android.app.SharedPreferencesImpl$2: void run()>",
						"<android.widget.TextClock$3: void run()>",
						"<android.media.MediaRouter$Static$1$1: void run()>",
						"<android.media.MediaRouter$Static: void updateAudioRoutes(android.media.AudioRoutesInfo)>",
						"<android.media.MediaRouter: void addRouteStatic(android.media.MediaRouter$RouteInfo)>",
						"<android.media.MediaRouter$RouteGroup: void addRoute(android.media.MediaRouter$RouteInfo)>",
						"key field: <android.media.MediaRouter$RouteInfo: android.media.MediaRouter$RouteCategory mCategory>",
						"<android.media.MediaRouter$RouteGroup: void addRoute(android.media.MediaRouter$RouteInfo)>"
					],
					"depth":8,
					"method":"<java.lang.Thread: void run()>",
					"source":"FIELDCALLER"
				}
			],
			"callerOfSingnlar2SourceVar":{
				"<android.media.MediaRouter: void addUserRoute(android.media.MediaRouter$UserRouteInfo)>":"0",
				"<android.media.MediaRouter: void addRouteStatic(android.media.MediaRouter$RouteInfo)>":"0",
				"<android.media.MediaRouter: void addRouteInt(android.media.MediaRouter$RouteInfo)>":"0",
				"<android.media.MediaRouter$RouteGroup: void addRoute(android.media.MediaRouter$RouteInfo)>":"0"
			}
		},
		{
			"method":"<android.media.MediaRouter$RouteGroup: void addRoute(android.media.MediaRouter$RouteInfo,int)>",
			"message":"\\QRoute \\E[\\s\\S]*\\Q is already part of a group.\\E",
			"relatedVarType":"Parameter",
			"relatedCondType":"Basic",
			"modifier":"public",
			"type":"java.lang.IllegalStateException",
			"osVersionRelated":false,
			"resourceRelated":false,
			"assessRelated":false,
			"hardwareRelated":false,
			"manifestRelated":false,
			"conditions":"$r1 == null",
			"paramValues":"@parameter0: android.media.MediaRouter$RouteInfo",
			"relatedValues":"@parameter0: android.media.MediaRouter$RouteInfo; ; ",
			"keyAPISameClassNum":0,
			"keyAPIDiffClassNum":0,
			"keyAPISameClass":[
				{
					"trace":[
						"<android.media.MediaRouter$RouteGroup: void addRoute(android.media.MediaRouter$RouteInfo,int)>"
					],
					"depth":0,
					"method":"<android.media.MediaRouter$RouteGroup: void addRoute(android.media.MediaRouter$RouteInfo,int)>",
					"source":"CALLER"
				}
			],
			"keyAPIDiffClass":[],
			"callerOfSingnlar2SourceVar":{
				"<android.media.MediaRouter$RouteGroup: void addRoute(android.media.MediaRouter$RouteInfo,int)>":"0"
			}
		},
		{
			"method":"<android.media.MediaRouter$RouteGroup: void addRoute(android.media.MediaRouter$RouteInfo,int)>",
			"message":"\\QRoute cannot be added to a group with a different category. (Route category=\\E[\\s\\S]*\\Q group category=\\E[\\s\\S]*\\Q)\\E",
			"relatedVarType":"ParaAndField",
			"relatedCondType":"Basic",
			"modifier":"public",
			"type":"java.lang.IllegalArgumentException",
			"osVersionRelated":false,
			"resourceRelated":false,
			"assessRelated":false,
			"hardwareRelated":false,
			"manifestRelated":false,
			"conditions":"$r2 == $r4, $r1 == null",
			"paramValues":"@parameter0: android.media.MediaRouter$RouteInfo",
			"fieldValues":"<android.media.MediaRouter$RouteInfo: android.media.MediaRouter$RouteCategory mCategory>",
			"relatedValues":"@parameter0: android.media.MediaRouter$RouteInfo; <android.media.MediaRouter$RouteInfo: android.media.MediaRouter$RouteCategory mCategory>; ",
			"keyAPISameClassNum":2,
			"keyAPIDiffClassNum":43,
			"keyAPISameClass":[
				{
					"trace":[
						"<android.media.MediaRouter$RouteGroup: void addRoute(android.media.MediaRouter$RouteInfo,int)>"
					],
					"depth":1,
					"method":"<android.media.MediaRouter$RouteGroup: void addRoute(android.media.MediaRouter$RouteInfo)>",
					"source":"FIELD"
				},
				{
					"trace":[
						"<android.media.MediaRouter$RouteGroup: void addRoute(android.media.MediaRouter$RouteInfo,int)>"
					],
					"depth":1,
					"method":"<android.media.MediaRouter$RouteGroup: void addRoute(android.media.MediaRouter$RouteInfo,int)>",
					"source":"FIELD"
				}
			],
			"keyAPIDiffClass":[
				{
					"trace":[
						"<android.media.MediaRouter: void addUserRoute(android.media.MediaRouter$UserRouteInfo)>",
						"<android.media.MediaRouter: void addRouteStatic(android.media.MediaRouter$RouteInfo)>",
						"<android.media.MediaRouter$RouteGroup: void addRoute(android.media.MediaRouter$RouteInfo)>",
						"key field: <android.media.MediaRouter$RouteInfo: android.media.MediaRouter$RouteCategory mCategory>",
						"<android.media.MediaRouter$RouteGroup: void addRoute(android.media.MediaRouter$RouteInfo,int)>"
					],
					"depth":3,
					"method":"<android.media.MediaRouter: void addUserRoute(android.media.MediaRouter$UserRouteInfo)>",
					"source":"FIELDCALLER"
				},
				{
					"trace":[
						"<android.media.MediaRouter: void addRouteInt(android.media.MediaRouter$RouteInfo)>",
						"<android.media.MediaRouter: void addRouteStatic(android.media.MediaRouter$RouteInfo)>",
						"<android.media.MediaRouter$RouteGroup: void addRoute(android.media.MediaRouter$RouteInfo)>",
						"key field: <android.media.MediaRouter$RouteInfo: android.media.MediaRouter$RouteCategory mCategory>",
						"<android.media.MediaRouter$RouteGroup: void addRoute(android.media.MediaRouter$RouteInfo,int)>"
					],
					"depth":3,
					"method":"<android.media.MediaRouter: void addRouteInt(android.media.MediaRouter$RouteInfo)>",
					"source":"FIELDCALLER"
				},
				{
					"trace":[
						"<android.media.MediaRouter$WifiDisplayStatusChangedReceiver: void onReceive(android.content.Context,android.content.Intent)>",
						"<android.media.MediaRouter: void updateWifiDisplayStatus(android.hardware.display.WifiDisplayStatus)>",
						"<android.media.MediaRouter: void addRouteStatic(android.media.MediaRouter$RouteInfo)>",
						"<android.media.MediaRouter$RouteGroup: void addRoute(android.media.MediaRouter$RouteInfo)>",
						"key field: <android.media.MediaRouter$RouteInfo: android.media.MediaRouter$RouteCategory mCategory>",
						"<android.media.MediaRouter$RouteGroup: void addRoute(android.media.MediaRouter$RouteInfo,int)>"
					],
					"depth":4,
					"method":"<android.media.MediaRouter$WifiDisplayStatusChangedReceiver: void onReceive(android.content.Context,android.content.Intent)>",
					"source":"FIELDCALLER"
				},
				{
					"trace":[
						"<android.media.MediaRouter$Static$1$1: void run()>",
						"<android.media.MediaRouter$Static: void updateAudioRoutes(android.media.AudioRoutesInfo)>",
						"<android.media.MediaRouter: void addRouteStatic(android.media.MediaRouter$RouteInfo)>",
						"<android.media.MediaRouter$RouteGroup: void addRoute(android.media.MediaRouter$RouteInfo)>",
						"key field: <android.media.MediaRouter$RouteInfo: android.media.MediaRouter$RouteCategory mCategory>",
						"<android.media.MediaRouter$RouteGroup: void addRoute(android.media.MediaRouter$RouteInfo,int)>"
					],
					"depth":4,
					"method":"<android.media.MediaRouter$Static$1$1: void run()>",
					"source":"FIELDCALLER"
				},
				{
					"trace":[
						"<java.lang.Runnable: void run()>",
						"<android.media.MediaRouter$Static: void updateAudioRoutes(android.media.AudioRoutesInfo)>",
						"<android.media.MediaRouter: void addRouteStatic(android.media.MediaRouter$RouteInfo)>",
						"<android.media.MediaRouter$RouteGroup: void addRoute(android.media.MediaRouter$RouteInfo)>",
						"key field: <android.media.MediaRouter$RouteInfo: android.media.MediaRouter$RouteCategory mCategory>",
						"<android.media.MediaRouter$RouteGroup: void addRoute(android.media.MediaRouter$RouteInfo,int)>"
					],
					"depth":4,
					"method":"<java.lang.Runnable: void run()>",
					"source":"FIELDCALLER"
				},
				{
					"trace":[
						"<android.media.MediaRouter: void <init>(android.content.Context)>",
						"<android.media.MediaRouter$Static: void startMonitoringRoutes(android.content.Context)>",
						"<android.media.MediaRouter: void updateWifiDisplayStatus(android.hardware.display.WifiDisplayStatus)>",
						"<android.media.MediaRouter: void addRouteStatic(android.media.MediaRouter$RouteInfo)>",
						"<android.media.MediaRouter$RouteGroup: void addRoute(android.media.MediaRouter$RouteInfo)>",
						"key field: <android.media.MediaRouter$RouteInfo: android.media.MediaRouter$RouteCategory mCategory>",
						"<android.media.MediaRouter$RouteGroup: void addRoute(android.media.MediaRouter$RouteInfo,int)>"
					],
					"depth":5,
					"method":"<android.media.MediaRouter: void <init>(android.content.Context)>",
					"source":"FIELDCALLER"
				},
				{
					"trace":[
						"<android.media.MediaRouter$Static$1: void dispatchAudioRoutesChanged(android.media.AudioRoutesInfo)>",
						"<android.media.MediaRouter$Static$1$1: void run()>",
						"<android.media.MediaRouter$Static: void updateAudioRoutes(android.media.AudioRoutesInfo)>",
						"<android.media.MediaRouter: void addRouteStatic(android.media.MediaRouter$RouteInfo)>",
						"<android.media.MediaRouter$RouteGroup: void addRoute(android.media.MediaRouter$RouteInfo)>",
						"key field: <android.media.MediaRouter$RouteInfo: android.media.MediaRouter$RouteCategory mCategory>",
						"<android.media.MediaRouter$RouteGroup: void addRoute(android.media.MediaRouter$RouteInfo,int)>"
					],
					"depth":5,
					"method":"<android.media.MediaRouter$Static$1: void dispatchAudioRoutesChanged(android.media.AudioRoutesInfo)>",
					"source":"FIELDCALLER"
				},
				{
					"trace":[
						"<android.view.Choreographer$CallbackRecord: void run(long)>",
						"<android.media.MediaRouter$Static$1$1: void run()>",
						"<android.media.MediaRouter$Static: void updateAudioRoutes(android.media.AudioRoutesInfo)>",
						"<android.media.MediaRouter: void addRouteStatic(android.media.MediaRouter$RouteInfo)>",
						"<android.media.MediaRouter$RouteGroup: void addRoute(android.media.MediaRouter$RouteInfo)>",
						"key field: <android.media.MediaRouter$RouteInfo: android.media.MediaRouter$RouteCategory mCategory>",
						"<android.media.MediaRouter$RouteGroup: void addRoute(android.media.MediaRouter$RouteInfo,int)>"
					],
					"depth":5,
					"method":"<android.view.Choreographer$CallbackRecord: void run(long)>",
					"source":"FIELDCALLER"
				},
				{
					"trace":[
						"<android.widget.TextClock$3: void run()>",
						"<android.media.MediaRouter$Static$1$1: void run()>",
						"<android.media.MediaRouter$Static: void updateAudioRoutes(android.media.AudioRoutesInfo)>",
						"<android.media.MediaRouter: void addRouteStatic(android.media.MediaRouter$RouteInfo)>",
						"<android.media.MediaRouter$RouteGroup: void addRoute(android.media.MediaRouter$RouteInfo)>",
						"key field: <android.media.MediaRouter$RouteInfo: android.media.MediaRouter$RouteCategory mCategory>",
						"<android.media.MediaRouter$RouteGroup: void addRoute(android.media.MediaRouter$RouteInfo,int)>"
					],
					"depth":5,
					"method":"<android.widget.TextClock$3: void run()>",
					"source":"FIELDCALLER"
				},
				{
					"trace":[
						"<android.media.AudioService$AudioHandler: void handleMessage(android.os.Message)>",
						"<android.media.MediaRouter$Static$1: void dispatchAudioRoutesChanged(android.media.AudioRoutesInfo)>",
						"<android.media.MediaRouter$Static$1$1: void run()>",
						"<android.media.MediaRouter$Static: void updateAudioRoutes(android.media.AudioRoutesInfo)>",
						"<android.media.MediaRouter: void addRouteStatic(android.media.MediaRouter$RouteInfo)>",
						"<android.media.MediaRouter$RouteGroup: void addRoute(android.media.MediaRouter$RouteInfo)>",
						"key field: <android.media.MediaRouter$RouteInfo: android.media.MediaRouter$RouteCategory mCategory>",
						"<android.media.MediaRouter$RouteGroup: void addRoute(android.media.MediaRouter$RouteInfo,int)>"
					],
					"depth":6,
					"method":"<android.media.AudioService$AudioHandler: void handleMessage(android.os.Message)>",
					"source":"FIELDCALLER"
				},
				{
					"trace":[
						"<android.media.IAudioRoutesObserver$Stub: boolean onTransact(int,android.os.Parcel,android.os.Parcel,int)>",
						"<android.media.MediaRouter$Static$1: void dispatchAudioRoutesChanged(android.media.AudioRoutesInfo)>",
						"<android.media.MediaRouter$Static$1$1: void run()>",
						"<android.media.MediaRouter$Static: void updateAudioRoutes(android.media.AudioRoutesInfo)>",
						"<android.media.MediaRouter: void addRouteStatic(android.media.MediaRouter$RouteInfo)>",
						"<android.media.MediaRouter$RouteGroup: void addRoute(android.media.MediaRouter$RouteInfo)>",
						"key field: <android.media.MediaRouter$RouteInfo: android.media.MediaRouter$RouteCategory mCategory>",
						"<android.media.MediaRouter$RouteGroup: void addRoute(android.media.MediaRouter$RouteInfo,int)>"
					],
					"depth":6,
					"method":"<android.media.IAudioRoutesObserver$Stub: boolean onTransact(int,android.os.Parcel,android.os.Parcel,int)>",
					"source":"FIELDCALLER"
				},
				{
					"trace":[
						"<android.media.MediaRouter: void removeCallback(android.media.MediaRouter$Callback)>",
						"<android.media.MediaRouter$Static: void updateActiveScan()>",
						"<android.media.MediaRouter$Static$1$1: void run()>",
						"<android.media.MediaRouter$Static: void updateAudioRoutes(android.media.AudioRoutesInfo)>",
						"<android.media.MediaRouter: void addRouteStatic(android.media.MediaRouter$RouteInfo)>",
						"<android.media.MediaRouter$RouteGroup: void addRoute(android.media.MediaRouter$RouteInfo)>",
						"key field: <android.media.MediaRouter$RouteInfo: android.media.MediaRouter$RouteCategory mCategory>",
						"<android.media.MediaRouter$RouteGroup: void addRoute(android.media.MediaRouter$RouteInfo,int)>"
					],
					"depth":6,
					"method":"<android.media.MediaRouter: void removeCallback(android.media.MediaRouter$Callback)>",
					"source":"FIELDCALLER"
				},
				{
					"trace":[
						"<android.media.MediaRouter: void addCallback(int,android.media.MediaRouter$Callback,int)>",
						"<android.media.MediaRouter$Static: void updateActiveScan()>",
						"<android.media.MediaRouter$Static$1$1: void run()>",
						"<android.media.MediaRouter$Static: void updateAudioRoutes(android.media.AudioRoutesInfo)>",
						"<android.media.MediaRouter: void addRouteStatic(android.media.MediaRouter$RouteInfo)>",
						"<android.media.MediaRouter$RouteGroup: void addRoute(android.media.MediaRouter$RouteInfo)>",
						"key field: <android.media.MediaRouter$RouteInfo: android.media.MediaRouter$RouteCategory mCategory>",
						"<android.media.MediaRouter$RouteGroup: void addRoute(android.media.MediaRouter$RouteInfo,int)>"
					],
					"depth":6,
					"method":"<android.media.MediaRouter: void addCallback(int,android.media.MediaRouter$Callback,int)>",
					"source":"FIELDCALLER"
				},
				{
					"trace":[
						"<android.app.SharedPreferencesImpl$2: void run()>",
						"<android.widget.TextClock$3: void run()>",
						"<android.media.MediaRouter$Static$1$1: void run()>",
						"<android.media.MediaRouter$Static: void updateAudioRoutes(android.media.AudioRoutesInfo)>",
						"<android.media.MediaRouter: void addRouteStatic(android.media.MediaRouter$RouteInfo)>",
						"<android.media.MediaRouter$RouteGroup: void addRoute(android.media.MediaRouter$RouteInfo)>",
						"key field: <android.media.MediaRouter$RouteInfo: android.media.MediaRouter$RouteCategory mCategory>",
						"<android.media.MediaRouter$RouteGroup: void addRoute(android.media.MediaRouter$RouteInfo,int)>"
					],
					"depth":6,
					"method":"<android.app.SharedPreferencesImpl$2: void run()>",
					"source":"FIELDCALLER"
				},
				{
					"trace":[
						"<android.widget.Filter$RequestHandler: void handleMessage(android.os.Message)>",
						"<android.media.AudioService$AudioHandler: void handleMessage(android.os.Message)>",
						"<android.media.MediaRouter$Static$1: void dispatchAudioRoutesChanged(android.media.AudioRoutesInfo)>",
						"<android.media.MediaRouter$Static$1$1: void run()>",
						"<android.media.MediaRouter$Static: void updateAudioRoutes(android.media.AudioRoutesInfo)>",
						"<android.media.MediaRouter: void addRouteStatic(android.media.MediaRouter$RouteInfo)>",
						"<android.media.MediaRouter$RouteGroup: void addRoute(android.media.MediaRouter$RouteInfo)>",
						"key field: <android.media.MediaRouter$RouteInfo: android.media.MediaRouter$RouteCategory mCategory>",
						"<android.media.MediaRouter$RouteGroup: void addRoute(android.media.MediaRouter$RouteInfo,int)>"
					],
					"depth":7,
					"method":"<android.widget.Filter$RequestHandler: void handleMessage(android.os.Message)>",
					"source":"FIELDCALLER"
				},
				{
					"trace":[
						"<android.media.MediaRouter$Callback: void onRouteRemoved(android.media.MediaRouter,android.media.MediaRouter$RouteInfo)>",
						"<android.media.MediaRouter: void removeCallback(android.media.MediaRouter$Callback)>",
						"<android.media.MediaRouter$Static: void updateActiveScan()>",
						"<android.media.MediaRouter$Static$1$1: void run()>",
						"<android.media.MediaRouter$Static: void updateAudioRoutes(android.media.AudioRoutesInfo)>",
						"<android.media.MediaRouter: void addRouteStatic(android.media.MediaRouter$RouteInfo)>",
						"<android.media.MediaRouter$RouteGroup: void addRoute(android.media.MediaRouter$RouteInfo)>",
						"key field: <android.media.MediaRouter$RouteInfo: android.media.MediaRouter$RouteCategory mCategory>",
						"<android.media.MediaRouter$RouteGroup: void addRoute(android.media.MediaRouter$RouteInfo,int)>"
					],
					"depth":7,
					"method":"<android.media.MediaRouter$Callback: void onRouteRemoved(android.media.MediaRouter,android.media.MediaRouter$RouteInfo)>",
					"source":"FIELDCALLER"
				},
				{
					"trace":[
						"<android.media.MediaRouter$Callback: void onRouteAdded(android.media.MediaRouter,android.media.MediaRouter$RouteInfo)>",
						"<android.media.MediaRouter: void removeCallback(android.media.MediaRouter$Callback)>",
						"<android.media.MediaRouter$Static: void updateActiveScan()>",
						"<android.media.MediaRouter$Static$1$1: void run()>",
						"<android.media.MediaRouter$Static: void updateAudioRoutes(android.media.AudioRoutesInfo)>",
						"<android.media.MediaRouter: void addRouteStatic(android.media.MediaRouter$RouteInfo)>",
						"<android.media.MediaRouter$RouteGroup: void addRoute(android.media.MediaRouter$RouteInfo)>",
						"key field: <android.media.MediaRouter$RouteInfo: android.media.MediaRouter$RouteCategory mCategory>",
						"<android.media.MediaRouter$RouteGroup: void addRoute(android.media.MediaRouter$RouteInfo,int)>"
					],
					"depth":7,
					"method":"<android.media.MediaRouter$Callback: void onRouteAdded(android.media.MediaRouter,android.media.MediaRouter$RouteInfo)>",
					"source":"FIELDCALLER"
				},
				{
					"trace":[
						"<android.media.MediaRouter: void addCallback(int,android.media.MediaRouter$Callback)>",
						"<android.media.MediaRouter: void addCallback(int,android.media.MediaRouter$Callback,int)>",
						"<android.media.MediaRouter$Static: void updateActiveScan()>",
						"<android.media.MediaRouter$Static$1$1: void run()>",
						"<android.media.MediaRouter$Static: void updateAudioRoutes(android.media.AudioRoutesInfo)>",
						"<android.media.MediaRouter: void addRouteStatic(android.media.MediaRouter$RouteInfo)>",
						"<android.media.MediaRouter$RouteGroup: void addRoute(android.media.MediaRouter$RouteInfo)>",
						"key field: <android.media.MediaRouter$RouteInfo: android.media.MediaRouter$RouteCategory mCategory>",
						"<android.media.MediaRouter$RouteGroup: void addRoute(android.media.MediaRouter$RouteInfo,int)>"
					],
					"depth":7,
					"method":"<android.media.MediaRouter: void addCallback(int,android.media.MediaRouter$Callback)>",
					"source":"FIELDCALLER"
				},
				{
					"trace":[
						"<android.os.AsyncTask$SerialExecutor$1: void run()>",
						"<android.app.SharedPreferencesImpl$2: void run()>",
						"<android.widget.TextClock$3: void run()>",
						"<android.media.MediaRouter$Static$1$1: void run()>",
						"<android.media.MediaRouter$Static: void updateAudioRoutes(android.media.AudioRoutesInfo)>",
						"<android.media.MediaRouter: void addRouteStatic(android.media.MediaRouter$RouteInfo)>",
						"<android.media.MediaRouter$RouteGroup: void addRoute(android.media.MediaRouter$RouteInfo)>",
						"key field: <android.media.MediaRouter$RouteInfo: android.media.MediaRouter$RouteCategory mCategory>",
						"<android.media.MediaRouter$RouteGroup: void addRoute(android.media.MediaRouter$RouteInfo,int)>"
					],
					"depth":7,
					"method":"<android.os.AsyncTask$SerialExecutor$1: void run()>",
					"source":"FIELDCALLER"
				},
				{
					"trace":[
						"<android.media.AudioService: void <init>(android.content.Context)>",
						"<android.media.AudioService: void sendMsg(android.os.Handler,int,int,int,int,java.lang.Object,int)>",
						"<android.media.AudioService$AudioHandler: void handleMessage(android.os.Message)>",
						"<android.media.MediaRouter$Static$1: void dispatchAudioRoutesChanged(android.media.AudioRoutesInfo)>",
						"<android.media.MediaRouter$Static$1$1: void run()>",
						"<android.media.MediaRouter$Static: void updateAudioRoutes(android.media.AudioRoutesInfo)>",
						"<android.media.MediaRouter: void addRouteStatic(android.media.MediaRouter$RouteInfo)>",
						"<android.media.MediaRouter$RouteGroup: void addRoute(android.media.MediaRouter$RouteInfo)>",
						"key field: <android.media.MediaRouter$RouteInfo: android.media.MediaRouter$RouteCategory mCategory>",
						"<android.media.MediaRouter$RouteGroup: void addRoute(android.media.MediaRouter$RouteInfo,int)>"
					],
					"depth":8,
					"method":"<android.media.AudioService: void <init>(android.content.Context)>",
					"source":"FIELDCALLER"
				},
				{
					"trace":[
						"<android.media.AudioService: void registerRemoteVolumeObserverForRcc(int,android.media.IRemoteVolumeObserver)>",
						"<android.media.AudioService: void sendMsg(android.os.Handler,int,int,int,int,java.lang.Object,int)>",
						"<android.media.AudioService$AudioHandler: void handleMessage(android.os.Message)>",
						"<android.media.MediaRouter$Static$1: void dispatchAudioRoutesChanged(android.media.AudioRoutesInfo)>",
						"<android.media.MediaRouter$Static$1$1: void run()>",
						"<android.media.MediaRouter$Static: void updateAudioRoutes(android.media.AudioRoutesInfo)>",
						"<android.media.MediaRouter: void addRouteStatic(android.media.MediaRouter$RouteInfo)>",
						"<android.media.MediaRouter$RouteGroup: void addRoute(android.media.MediaRouter$RouteInfo)>",
						"key field: <android.media.MediaRouter$RouteInfo: android.media.MediaRouter$RouteCategory mCategory>",
						"<android.media.MediaRouter$RouteGroup: void addRoute(android.media.MediaRouter$RouteInfo,int)>"
					],
					"depth":8,
					"method":"<android.media.AudioService: void registerRemoteVolumeObserverForRcc(int,android.media.IRemoteVolumeObserver)>",
					"source":"FIELDCALLER"
				},
				{
					"trace":[
						"<android.media.AudioService: void setPlaybackStateForRcc(int,int,long,float)>",
						"<android.media.AudioService: void sendMsg(android.os.Handler,int,int,int,int,java.lang.Object,int)>",
						"<android.media.AudioService$AudioHandler: void handleMessage(android.os.Message)>",
						"<android.media.MediaRouter$Static$1: void dispatchAudioRoutesChanged(android.media.AudioRoutesInfo)>",
						"<android.media.MediaRouter$Static$1$1: void run()>",
						"<android.media.MediaRouter$Static: void updateAudioRoutes(android.media.AudioRoutesInfo)>",
						"<android.media.MediaRouter: void addRouteStatic(android.media.MediaRouter$RouteInfo)>",
						"<android.media.MediaRouter$RouteGroup: void addRoute(android.media.MediaRouter$RouteInfo)>",
						"key field: <android.media.MediaRouter$RouteInfo: android.media.MediaRouter$RouteCategory mCategory>",
						"<android.media.MediaRouter$RouteGroup: void addRoute(android.media.MediaRouter$RouteInfo,int)>"
					],
					"depth":8,
					"method":"<android.media.AudioService: void setPlaybackStateForRcc(int,int,long,float)>",
					"source":"FIELDCALLER"
				},
				{
					"trace":[
						"<android.media.AudioService: void setPlaybackInfoForRcc(int,int,int)>",
						"<android.media.AudioService: void sendMsg(android.os.Handler,int,int,int,int,java.lang.Object,int)>",
						"<android.media.AudioService$AudioHandler: void handleMessage(android.os.Message)>",
						"<android.media.MediaRouter$Static$1: void dispatchAudioRoutesChanged(android.media.AudioRoutesInfo)>",
						"<android.media.MediaRouter$Static$1$1: void run()>",
						"<android.media.MediaRouter$Static: void updateAudioRoutes(android.media.AudioRoutesInfo)>",
						"<android.media.MediaRouter: void addRouteStatic(android.media.MediaRouter$RouteInfo)>",
						"<android.media.MediaRouter$RouteGroup: void addRoute(android.media.MediaRouter$RouteInfo)>",
						"key field: <android.media.MediaRouter$RouteInfo: android.media.MediaRouter$RouteCategory mCategory>",
						"<android.media.MediaRouter$RouteGroup: void addRoute(android.media.MediaRouter$RouteInfo,int)>"
					],
					"depth":8,
					"method":"<android.media.AudioService: void setPlaybackInfoForRcc(int,int,int)>",
					"source":"FIELDCALLER"
				},
				{
					"trace":[
						"<android.media.AudioService: void setRemoteControlClientPlaybackPosition(int,long)>",
						"<android.media.AudioService: void sendMsg(android.os.Handler,int,int,int,int,java.lang.Object,int)>",
						"<android.media.AudioService$AudioHandler: void handleMessage(android.os.Message)>",
						"<android.media.MediaRouter$Static$1: void dispatchAudioRoutesChanged(android.media.AudioRoutesInfo)>",
						"<android.media.MediaRouter$Static$1$1: void run()>",
						"<android.media.MediaRouter$Static: void updateAudioRoutes(android.media.AudioRoutesInfo)>",
						"<android.media.MediaRouter: void addRouteStatic(android.media.MediaRouter$RouteInfo)>",
						"<android.media.MediaRouter$RouteGroup: void addRoute(android.media.MediaRouter$RouteInfo)>",
						"key field: <android.media.MediaRouter$RouteInfo: android.media.MediaRouter$RouteCategory mCategory>",
						"<android.media.MediaRouter$RouteGroup: void addRoute(android.media.MediaRouter$RouteInfo,int)>"
					],
					"depth":8,
					"method":"<android.media.AudioService: void setRemoteControlClientPlaybackPosition(int,long)>",
					"source":"FIELDCALLER"
				},
				{
					"trace":[
						"<android.media.AudioService: void setRemoteSubmixOn(boolean,int)>",
						"<android.media.AudioService: void sendMsg(android.os.Handler,int,int,int,int,java.lang.Object,int)>",
						"<android.media.AudioService$AudioHandler: void handleMessage(android.os.Message)>",
						"<android.media.MediaRouter$Static$1: void dispatchAudioRoutesChanged(android.media.AudioRoutesInfo)>",
						"<android.media.MediaRouter$Static$1$1: void run()>",
						"<android.media.MediaRouter$Static: void updateAudioRoutes(android.media.AudioRoutesInfo)>",
						"<android.media.MediaRouter: void addRouteStatic(android.media.MediaRouter$RouteInfo)>",
						"<android.media.MediaRouter$RouteGroup: void addRoute(android.media.MediaRouter$RouteInfo)>",
						"key field: <android.media.MediaRouter$RouteInfo: android.media.MediaRouter$RouteCategory mCategory>",
						"<android.media.MediaRouter$RouteGroup: void addRoute(android.media.MediaRouter$RouteInfo,int)>"
					],
					"depth":8,
					"method":"<android.media.AudioService: void setRemoteSubmixOn(boolean,int)>",
					"source":"FIELDCALLER"
				},
				{
					"trace":[
						"<android.media.AudioService: void setBluetoothScoOn(boolean)>",
						"<android.media.AudioService: void sendMsg(android.os.Handler,int,int,int,int,java.lang.Object,int)>",
						"<android.media.AudioService$AudioHandler: void handleMessage(android.os.Message)>",
						"<android.media.MediaRouter$Static$1: void dispatchAudioRoutesChanged(android.media.AudioRoutesInfo)>",
						"<android.media.MediaRouter$Static$1$1: void run()>",
						"<android.media.MediaRouter$Static: void updateAudioRoutes(android.media.AudioRoutesInfo)>",
						"<android.media.MediaRouter: void addRouteStatic(android.media.MediaRouter$RouteInfo)>",
						"<android.media.MediaRouter$RouteGroup: void addRoute(android.media.MediaRouter$RouteInfo)>",
						"key field: <android.media.MediaRouter$RouteInfo: android.media.MediaRouter$RouteCategory mCategory>",
						"<android.media.MediaRouter$RouteGroup: void addRoute(android.media.MediaRouter$RouteInfo,int)>"
					],
					"depth":8,
					"method":"<android.media.AudioService: void setBluetoothScoOn(boolean)>",
					"source":"FIELDCALLER"
				},
				{
					"trace":[
						"<android.media.AudioService: void setSpeakerphoneOn(boolean)>",
						"<android.media.AudioService: void sendMsg(android.os.Handler,int,int,int,int,java.lang.Object,int)>",
						"<android.media.AudioService$AudioHandler: void handleMessage(android.os.Message)>",
						"<android.media.MediaRouter$Static$1: void dispatchAudioRoutesChanged(android.media.AudioRoutesInfo)>",
						"<android.media.MediaRouter$Static$1$1: void run()>",
						"<android.media.MediaRouter$Static: void updateAudioRoutes(android.media.AudioRoutesInfo)>",
						"<android.media.MediaRouter: void addRouteStatic(android.media.MediaRouter$RouteInfo)>",
						"<android.media.MediaRouter$RouteGroup: void addRoute(android.media.MediaRouter$RouteInfo)>",
						"key field: <android.media.MediaRouter$RouteInfo: android.media.MediaRouter$RouteCategory mCategory>",
						"<android.media.MediaRouter$RouteGroup: void addRoute(android.media.MediaRouter$RouteInfo,int)>"
					],
					"depth":8,
					"method":"<android.media.AudioService: void setSpeakerphoneOn(boolean)>",
					"source":"FIELDCALLER"
				},
				{
					"trace":[
						"<android.media.AudioService: void unloadSoundEffects()>",
						"<android.media.AudioService: void sendMsg(android.os.Handler,int,int,int,int,java.lang.Object,int)>",
						"<android.media.AudioService$AudioHandler: void handleMessage(android.os.Message)>",
						"<android.media.MediaRouter$Static$1: void dispatchAudioRoutesChanged(android.media.AudioRoutesInfo)>",
						"<android.media.MediaRouter$Static$1$1: void run()>",
						"<android.media.MediaRouter$Static: void updateAudioRoutes(android.media.AudioRoutesInfo)>",
						"<android.media.MediaRouter: void addRouteStatic(android.media.MediaRouter$RouteInfo)>",
						"<android.media.MediaRouter$RouteGroup: void addRoute(android.media.MediaRouter$RouteInfo)>",
						"key field: <android.media.MediaRouter$RouteInfo: android.media.MediaRouter$RouteCategory mCategory>",
						"<android.media.MediaRouter$RouteGroup: void addRoute(android.media.MediaRouter$RouteInfo,int)>"
					],
					"depth":8,
					"method":"<android.media.AudioService: void unloadSoundEffects()>",
					"source":"FIELDCALLER"
				},
				{
					"trace":[
						"<android.media.AudioService: boolean loadSoundEffects()>",
						"<android.media.AudioService: void sendMsg(android.os.Handler,int,int,int,int,java.lang.Object,int)>",
						"<android.media.AudioService$AudioHandler: void handleMessage(android.os.Message)>",
						"<android.media.MediaRouter$Static$1: void dispatchAudioRoutesChanged(android.media.AudioRoutesInfo)>",
						"<android.media.MediaRouter$Static$1$1: void run()>",
						"<android.media.MediaRouter$Static: void updateAudioRoutes(android.media.AudioRoutesInfo)>",
						"<android.media.MediaRouter: void addRouteStatic(android.media.MediaRouter$RouteInfo)>",
						"<android.media.MediaRouter$RouteGroup: void addRoute(android.media.MediaRouter$RouteInfo)>",
						"key field: <android.media.MediaRouter$RouteInfo: android.media.MediaRouter$RouteCategory mCategory>",
						"<android.media.MediaRouter$RouteGroup: void addRoute(android.media.MediaRouter$RouteInfo,int)>"
					],
					"depth":8,
					"method":"<android.media.AudioService: boolean loadSoundEffects()>",
					"source":"FIELDCALLER"
				},
				{
					"trace":[
						"<android.media.AudioService: void playSoundEffectVolume(int,float)>",
						"<android.media.AudioService: void sendMsg(android.os.Handler,int,int,int,int,java.lang.Object,int)>",
						"<android.media.AudioService$AudioHandler: void handleMessage(android.os.Message)>",
						"<android.media.MediaRouter$Static$1: void dispatchAudioRoutesChanged(android.media.AudioRoutesInfo)>",
						"<android.media.MediaRouter$Static$1$1: void run()>",
						"<android.media.MediaRouter$Static: void updateAudioRoutes(android.media.AudioRoutesInfo)>",
						"<android.media.MediaRouter: void addRouteStatic(android.media.MediaRouter$RouteInfo)>",
						"<android.media.MediaRouter$RouteGroup: void addRoute(android.media.MediaRouter$RouteInfo)>",
						"key field: <android.media.MediaRouter$RouteInfo: android.media.MediaRouter$RouteCategory mCategory>",
						"<android.media.MediaRouter$RouteGroup: void addRoute(android.media.MediaRouter$RouteInfo,int)>"
					],
					"depth":8,
					"method":"<android.media.AudioService: void playSoundEffectVolume(int,float)>",
					"source":"FIELDCALLER"
				},
				{
					"trace":[
						"<android.media.AudioService: void setMasterMute(boolean,int,android.os.IBinder)>",
						"<android.media.AudioService: void sendMsg(android.os.Handler,int,int,int,int,java.lang.Object,int)>",
						"<android.media.AudioService$AudioHandler: void handleMessage(android.os.Message)>",
						"<android.media.MediaRouter$Static$1: void dispatchAudioRoutesChanged(android.media.AudioRoutesInfo)>",
						"<android.media.MediaRouter$Static$1$1: void run()>",
						"<android.media.MediaRouter$Static: void updateAudioRoutes(android.media.AudioRoutesInfo)>",
						"<android.media.MediaRouter: void addRouteStatic(android.media.MediaRouter$RouteInfo)>",
						"<android.media.MediaRouter$RouteGroup: void addRoute(android.media.MediaRouter$RouteInfo)>",
						"key field: <android.media.MediaRouter$RouteInfo: android.media.MediaRouter$RouteCategory mCategory>",
						"<android.media.MediaRouter$RouteGroup: void addRoute(android.media.MediaRouter$RouteInfo,int)>"
					],
					"depth":8,
					"method":"<android.media.AudioService: void setMasterMute(boolean,int,android.os.IBinder)>",
					"source":"FIELDCALLER"
				},
				{
					"trace":[
						"<android.media.AudioService: void adjustStreamVolume(int,int,int)>",
						"<android.media.AudioService: void sendMsg(android.os.Handler,int,int,int,int,java.lang.Object,int)>",
						"<android.media.AudioService$AudioHandler: void handleMessage(android.os.Message)>",
						"<android.media.MediaRouter$Static$1: void dispatchAudioRoutesChanged(android.media.AudioRoutesInfo)>",
						"<android.media.MediaRouter$Static$1$1: void run()>",
						"<android.media.MediaRouter$Static: void updateAudioRoutes(android.media.AudioRoutesInfo)>",
						"<android.media.MediaRouter: void addRouteStatic(android.media.MediaRouter$RouteInfo)>",
						"<android.media.MediaRouter$RouteGroup: void addRoute(android.media.MediaRouter$RouteInfo)>",
						"key field: <android.media.MediaRouter$RouteInfo: android.media.MediaRouter$RouteCategory mCategory>",
						"<android.media.MediaRouter$RouteGroup: void addRoute(android.media.MediaRouter$RouteInfo,int)>"
					],
					"depth":8,
					"method":"<android.media.AudioService: void adjustStreamVolume(int,int,int)>",
					"source":"FIELDCALLER"
				},
				{
					"trace":[
						"<android.media.AudioService: void setBluetoothA2dpOn(boolean)>",
						"<android.media.AudioService: void sendMsg(android.os.Handler,int,int,int,int,java.lang.Object,int)>",
						"<android.media.AudioService$AudioHandler: void handleMessage(android.os.Message)>",
						"<android.media.MediaRouter$Static$1: void dispatchAudioRoutesChanged(android.media.AudioRoutesInfo)>",
						"<android.media.MediaRouter$Static$1$1: void run()>",
						"<android.media.MediaRouter$Static: void updateAudioRoutes(android.media.AudioRoutesInfo)>",
						"<android.media.MediaRouter: void addRouteStatic(android.media.MediaRouter$RouteInfo)>",
						"<android.media.MediaRouter$RouteGroup: void addRoute(android.media.MediaRouter$RouteInfo)>",
						"key field: <android.media.MediaRouter$RouteInfo: android.media.MediaRouter$RouteCategory mCategory>",
						"<android.media.MediaRouter$RouteGroup: void addRoute(android.media.MediaRouter$RouteInfo,int)>"
					],
					"depth":8,
					"method":"<android.media.AudioService: void setBluetoothA2dpOn(boolean)>",
					"source":"FIELDCALLER"
				},
				{
					"trace":[
						"<android.webkit.WebCoreThreadWatchdog$1: void handleMessage(android.os.Message)>",
						"<android.widget.Filter$RequestHandler: void handleMessage(android.os.Message)>",
						"<android.media.AudioService$AudioHandler: void handleMessage(android.os.Message)>",
						"<android.media.MediaRouter$Static$1: void dispatchAudioRoutesChanged(android.media.AudioRoutesInfo)>",
						"<android.media.MediaRouter$Static$1$1: void run()>",
						"<android.media.MediaRouter$Static: void updateAudioRoutes(android.media.AudioRoutesInfo)>",
						"<android.media.MediaRouter: void addRouteStatic(android.media.MediaRouter$RouteInfo)>",
						"<android.media.MediaRouter$RouteGroup: void addRoute(android.media.MediaRouter$RouteInfo)>",
						"key field: <android.media.MediaRouter$RouteInfo: android.media.MediaRouter$RouteCategory mCategory>",
						"<android.media.MediaRouter$RouteGroup: void addRoute(android.media.MediaRouter$RouteInfo,int)>"
					],
					"depth":8,
					"method":"<android.webkit.WebCoreThreadWatchdog$1: void handleMessage(android.os.Message)>",
					"source":"FIELDCALLER"
				},
				{
					"trace":[
						"<android.webkit.ZoomControlExternal$1: void run()>",
						"<android.os.AsyncTask$SerialExecutor$1: void run()>",
						"<android.app.SharedPreferencesImpl$2: void run()>",
						"<android.widget.TextClock$3: void run()>",
						"<android.media.MediaRouter$Static$1$1: void run()>",
						"<android.media.MediaRouter$Static: void updateAudioRoutes(android.media.AudioRoutesInfo)>",
						"<android.media.MediaRouter: void addRouteStatic(android.media.MediaRouter$RouteInfo)>",
						"<android.media.MediaRouter$RouteGroup: void addRoute(android.media.MediaRouter$RouteInfo)>",
						"key field: <android.media.MediaRouter$RouteInfo: android.media.MediaRouter$RouteCategory mCategory>",
						"<android.media.MediaRouter$RouteGroup: void addRoute(android.media.MediaRouter$RouteInfo,int)>"
					],
					"depth":8,
					"method":"<android.webkit.ZoomControlExternal$1: void run()>",
					"source":"FIELDCALLER"
				},
				{
					"trace":[
						"<android.widget.DigitalClock$1: void run()>",
						"<android.os.AsyncTask$SerialExecutor$1: void run()>",
						"<android.app.SharedPreferencesImpl$2: void run()>",
						"<android.widget.TextClock$3: void run()>",
						"<android.media.MediaRouter$Static$1$1: void run()>",
						"<android.media.MediaRouter$Static: void updateAudioRoutes(android.media.AudioRoutesInfo)>",
						"<android.media.MediaRouter: void addRouteStatic(android.media.MediaRouter$RouteInfo)>",
						"<android.media.MediaRouter$RouteGroup: void addRoute(android.media.MediaRouter$RouteInfo)>",
						"key field: <android.media.MediaRouter$RouteInfo: android.media.MediaRouter$RouteCategory mCategory>",
						"<android.media.MediaRouter$RouteGroup: void addRoute(android.media.MediaRouter$RouteInfo,int)>"
					],
					"depth":8,
					"method":"<android.widget.DigitalClock$1: void run()>",
					"source":"FIELDCALLER"
				},
				{
					"trace":[
						"<android.app.SharedPreferencesImpl$EditorImpl$2: void run()>",
						"<android.os.AsyncTask$SerialExecutor$1: void run()>",
						"<android.app.SharedPreferencesImpl$2: void run()>",
						"<android.widget.TextClock$3: void run()>",
						"<android.media.MediaRouter$Static$1$1: void run()>",
						"<android.media.MediaRouter$Static: void updateAudioRoutes(android.media.AudioRoutesInfo)>",
						"<android.media.MediaRouter: void addRouteStatic(android.media.MediaRouter$RouteInfo)>",
						"<android.media.MediaRouter$RouteGroup: void addRoute(android.media.MediaRouter$RouteInfo)>",
						"key field: <android.media.MediaRouter$RouteInfo: android.media.MediaRouter$RouteCategory mCategory>",
						"<android.media.MediaRouter$RouteGroup: void addRoute(android.media.MediaRouter$RouteInfo,int)>"
					],
					"depth":8,
					"method":"<android.app.SharedPreferencesImpl$EditorImpl$2: void run()>",
					"source":"FIELDCALLER"
				},
				{
					"trace":[
						"<android.test.InstrumentationTestCase$1: void run()>",
						"<android.os.AsyncTask$SerialExecutor$1: void run()>",
						"<android.app.SharedPreferencesImpl$2: void run()>",
						"<android.widget.TextClock$3: void run()>",
						"<android.media.MediaRouter$Static$1$1: void run()>",
						"<android.media.MediaRouter$Static: void updateAudioRoutes(android.media.AudioRoutesInfo)>",
						"<android.media.MediaRouter: void addRouteStatic(android.media.MediaRouter$RouteInfo)>",
						"<android.media.MediaRouter$RouteGroup: void addRoute(android.media.MediaRouter$RouteInfo)>",
						"key field: <android.media.MediaRouter$RouteInfo: android.media.MediaRouter$RouteCategory mCategory>",
						"<android.media.MediaRouter$RouteGroup: void addRoute(android.media.MediaRouter$RouteInfo,int)>"
					],
					"depth":8,
					"method":"<android.test.InstrumentationTestCase$1: void run()>",
					"source":"FIELDCALLER"
				},
				{
					"trace":[
						"<android.app.Instrumentation$SyncRunnable: void run()>",
						"<android.os.AsyncTask$SerialExecutor$1: void run()>",
						"<android.app.SharedPreferencesImpl$2: void run()>",
						"<android.widget.TextClock$3: void run()>",
						"<android.media.MediaRouter$Static$1$1: void run()>",
						"<android.media.MediaRouter$Static: void updateAudioRoutes(android.media.AudioRoutesInfo)>",
						"<android.media.MediaRouter: void addRouteStatic(android.media.MediaRouter$RouteInfo)>",
						"<android.media.MediaRouter$RouteGroup: void addRoute(android.media.MediaRouter$RouteInfo)>",
						"key field: <android.media.MediaRouter$RouteInfo: android.media.MediaRouter$RouteCategory mCategory>",
						"<android.media.MediaRouter$RouteGroup: void addRoute(android.media.MediaRouter$RouteInfo,int)>"
					],
					"depth":8,
					"method":"<android.app.Instrumentation$SyncRunnable: void run()>",
					"source":"FIELDCALLER"
				},
				{
					"trace":[
						"<android.webkit.DeviceMotionService$2: void run()>",
						"<android.os.AsyncTask$SerialExecutor$1: void run()>",
						"<android.app.SharedPreferencesImpl$2: void run()>",
						"<android.widget.TextClock$3: void run()>",
						"<android.media.MediaRouter$Static$1$1: void run()>",
						"<android.media.MediaRouter$Static: void updateAudioRoutes(android.media.AudioRoutesInfo)>",
						"<android.media.MediaRouter: void addRouteStatic(android.media.MediaRouter$RouteInfo)>",
						"<android.media.MediaRouter$RouteGroup: void addRoute(android.media.MediaRouter$RouteInfo)>",
						"key field: <android.media.MediaRouter$RouteInfo: android.media.MediaRouter$RouteCategory mCategory>",
						"<android.media.MediaRouter$RouteGroup: void addRoute(android.media.MediaRouter$RouteInfo,int)>"
					],
					"depth":8,
					"method":"<android.webkit.DeviceMotionService$2: void run()>",
					"source":"FIELDCALLER"
				},
				{
					"trace":[
						"<android.os.Handler$BlockingRunnable: void run()>",
						"<android.os.AsyncTask$SerialExecutor$1: void run()>",
						"<android.app.SharedPreferencesImpl$2: void run()>",
						"<android.widget.TextClock$3: void run()>",
						"<android.media.MediaRouter$Static$1$1: void run()>",
						"<android.media.MediaRouter$Static: void updateAudioRoutes(android.media.AudioRoutesInfo)>",
						"<android.media.MediaRouter: void addRouteStatic(android.media.MediaRouter$RouteInfo)>",
						"<android.media.MediaRouter$RouteGroup: void addRoute(android.media.MediaRouter$RouteInfo)>",
						"key field: <android.media.MediaRouter$RouteInfo: android.media.MediaRouter$RouteCategory mCategory>",
						"<android.media.MediaRouter$RouteGroup: void addRoute(android.media.MediaRouter$RouteInfo,int)>"
					],
					"depth":8,
					"method":"<android.os.Handler$BlockingRunnable: void run()>",
					"source":"FIELDCALLER"
				},
				{
					"trace":[
						"<com.android.internal.widget.WaveView$2: void run()>",
						"<android.os.AsyncTask$SerialExecutor$1: void run()>",
						"<android.app.SharedPreferencesImpl$2: void run()>",
						"<android.widget.TextClock$3: void run()>",
						"<android.media.MediaRouter$Static$1$1: void run()>",
						"<android.media.MediaRouter$Static: void updateAudioRoutes(android.media.AudioRoutesInfo)>",
						"<android.media.MediaRouter: void addRouteStatic(android.media.MediaRouter$RouteInfo)>",
						"<android.media.MediaRouter$RouteGroup: void addRoute(android.media.MediaRouter$RouteInfo)>",
						"key field: <android.media.MediaRouter$RouteInfo: android.media.MediaRouter$RouteCategory mCategory>",
						"<android.media.MediaRouter$RouteGroup: void addRoute(android.media.MediaRouter$RouteInfo,int)>"
					],
					"depth":8,
					"method":"<com.android.internal.widget.WaveView$2: void run()>",
					"source":"FIELDCALLER"
				},
				{
					"trace":[
						"<java.lang.Thread: void run()>",
						"<android.os.AsyncTask$SerialExecutor$1: void run()>",
						"<android.app.SharedPreferencesImpl$2: void run()>",
						"<android.widget.TextClock$3: void run()>",
						"<android.media.MediaRouter$Static$1$1: void run()>",
						"<android.media.MediaRouter$Static: void updateAudioRoutes(android.media.AudioRoutesInfo)>",
						"<android.media.MediaRouter: void addRouteStatic(android.media.MediaRouter$RouteInfo)>",
						"<android.media.MediaRouter$RouteGroup: void addRoute(android.media.MediaRouter$RouteInfo)>",
						"key field: <android.media.MediaRouter$RouteInfo: android.media.MediaRouter$RouteCategory mCategory>",
						"<android.media.MediaRouter$RouteGroup: void addRoute(android.media.MediaRouter$RouteInfo,int)>"
					],
					"depth":8,
					"method":"<java.lang.Thread: void run()>",
					"source":"FIELDCALLER"
				}
			],
			"callerOfSingnlar2SourceVar":{
				"<android.media.MediaRouter$RouteGroup: void addRoute(android.media.MediaRouter$RouteInfo,int)>":"0"
			}
		},
		{
			"method":"<android.media.MediaRouter$RouteGroup: void removeRoute(android.media.MediaRouter$RouteInfo)>",
			"message":"\\QRoute \\E[\\s\\S]*\\Q is not a member of this group.\\E",
			"relatedVarType":"Parameter",
			"relatedCondType":"Basic",
			"modifier":"public",
			"type":"java.lang.IllegalArgumentException",
			"osVersionRelated":false,
			"resourceRelated":false,
			"assessRelated":false,
			"hardwareRelated":false,
			"manifestRelated":false,
			"conditions":"$r1 == r2",
			"paramValues":"@parameter0: android.media.MediaRouter$RouteInfo",
			"relatedValues":"@parameter0: android.media.MediaRouter$RouteInfo; ; ",
			"keyAPISameClassNum":0,
			"keyAPIDiffClassNum":0,
			"keyAPISameClass":[
				{
					"trace":[
						"<android.media.MediaRouter$RouteGroup: void removeRoute(android.media.MediaRouter$RouteInfo)>"
					],
					"depth":0,
					"method":"<android.media.MediaRouter$RouteGroup: void removeRoute(android.media.MediaRouter$RouteInfo)>",
					"source":"CALLER"
				}
			],
			"keyAPIDiffClass":[],
			"callerOfSingnlar2SourceVar":{
				"<android.media.MediaRouter$RouteGroup: void removeRoute(android.media.MediaRouter$RouteInfo)>":"0"
			}
		}
	]
}