{
	"exceptions":[
		{
			"method":"<android.hardware.Camera$Parameters: void getFocusDistances(float[])>",
			"message":"\\Qoutput must be a float array with three elements.\\E",
			"relatedVarType":"Parameter",
			"relatedCondType":"Basic",
			"modifier":"public",
			"type":"java.lang.IllegalArgumentException",
			"osVersionRelated":false,
			"resourceRelated":false,
			"assessRelated":false,
			"hardwareRelated":true,
			"manifestRelated":false,
			"conditions":"r0 == null, $i0 == 3",
			"paramValues":"@parameter0: float[]",
			"relatedValues":"@parameter0: float[]; ; ",
			"keyAPISameClassNum":0,
			"keyAPIDiffClassNum":0,
			"keyAPISameClass":[
				{
					"trace":[
						"<android.hardware.Camera$Parameters: void getFocusDistances(float[])>"
					],
					"depth":0,
					"method":"<android.hardware.Camera$Parameters: void getFocusDistances(float[])>",
					"source":"CALLER"
				}
			],
			"keyAPIDiffClass":[],
			"callerOfSingnlar2SourceVar":{
				"<android.hardware.Camera$Parameters: void getFocusDistances(float[])>":"0"
			}
		},
		{
			"method":"<android.hardware.Camera$Parameters: void getPreviewFpsRange(int[])>",
			"message":"\\Qrange must be an array with two elements.\\E",
			"relatedVarType":"Parameter",
			"relatedCondType":"Basic",
			"modifier":"public",
			"type":"java.lang.IllegalArgumentException",
			"osVersionRelated":false,
			"resourceRelated":false,
			"assessRelated":false,
			"hardwareRelated":true,
			"manifestRelated":false,
			"conditions":"r0 == null, $i0 == 2",
			"paramValues":"@parameter0: int[]",
			"relatedValues":"@parameter0: int[]; ; ",
			"keyAPISameClassNum":0,
			"keyAPIDiffClassNum":0,
			"keyAPISameClass":[
				{
					"trace":[
						"<android.hardware.Camera$Parameters: void getPreviewFpsRange(int[])>"
					],
					"depth":0,
					"method":"<android.hardware.Camera$Parameters: void getPreviewFpsRange(int[])>",
					"source":"CALLER"
				}
			],
			"keyAPIDiffClass":[],
			"callerOfSingnlar2SourceVar":{
				"<android.hardware.Camera$Parameters: void getPreviewFpsRange(int[])>":"0"
			}
		},
		{
			"method":"<android.hardware.Camera$Parameters: void setPictureFormat(int)>",
			"message":"\\QInvalid pixel_format=\\E[\\s\\S]*",
			"relatedVarType":"Parameter",
			"relatedCondType":"Basic",
			"modifier":"public",
			"type":"java.lang.IllegalArgumentException",
			"osVersionRelated":false,
			"resourceRelated":false,
			"assessRelated":false,
			"hardwareRelated":true,
			"manifestRelated":false,
			"conditions":"r1 != null",
			"paramValues":"@parameter0: int",
			"relatedValues":"@parameter0: int; ; ",
			"keyAPISameClassNum":0,
			"keyAPIDiffClassNum":0,
			"keyAPISameClass":[
				{
					"trace":[
						"<android.hardware.Camera$Parameters: void setPictureFormat(int)>"
					],
					"depth":0,
					"method":"<android.hardware.Camera$Parameters: void setPictureFormat(int)>",
					"source":"CALLER"
				}
			],
			"keyAPIDiffClass":[],
			"callerOfSingnlar2SourceVar":{
				"<android.hardware.Camera$Parameters: void setPictureFormat(int)>":"0"
			}
		},
		{
			"method":"<android.hardware.Camera$Parameters: void setPreviewFormat(int)>",
			"message":"\\QInvalid pixel_format=\\E[\\s\\S]*",
			"relatedVarType":"Parameter",
			"relatedCondType":"Basic",
			"modifier":"public",
			"type":"java.lang.IllegalArgumentException",
			"osVersionRelated":false,
			"resourceRelated":false,
			"assessRelated":false,
			"hardwareRelated":true,
			"manifestRelated":false,
			"conditions":"r1 != null",
			"paramValues":"@parameter0: int",
			"relatedValues":"@parameter0: int; ; ",
			"keyAPISameClassNum":0,
			"keyAPIDiffClassNum":0,
			"keyAPISameClass":[
				{
					"trace":[
						"<android.hardware.Camera$Parameters: void setPreviewFormat(int)>"
					],
					"depth":0,
					"method":"<android.hardware.Camera$Parameters: void setPreviewFormat(int)>",
					"source":"CALLER"
				}
			],
			"keyAPIDiffClass":[],
			"callerOfSingnlar2SourceVar":{
				"<android.hardware.Camera$Parameters: void setPreviewFormat(int)>":"0"
			}
		},
		{
			"method":"<android.hardware.Camera$Parameters: void setRotation(int)>",
			"message":"\\QInvalid rotation=\\E[\\s\\S]*",
			"relatedVarType":"Parameter",
			"relatedCondType":"Basic",
			"modifier":"public",
			"type":"java.lang.IllegalArgumentException",
			"osVersionRelated":false,
			"resourceRelated":false,
			"assessRelated":false,
			"hardwareRelated":true,
			"manifestRelated":false,
			"conditions":"i0 != 270, i0 == 180, i0 == 90",
			"paramValues":"@parameter0: int",
			"relatedValues":"@parameter0: int; ; ",
			"keyAPISameClassNum":0,
			"keyAPIDiffClassNum":0,
			"keyAPISameClass":[
				{
					"trace":[
						"<android.hardware.Camera$Parameters: void setRotation(int)>"
					],
					"depth":0,
					"method":"<android.hardware.Camera$Parameters: void setRotation(int)>",
					"source":"CALLER"
				}
			],
			"keyAPIDiffClass":[],
			"callerOfSingnlar2SourceVar":{
				"<android.hardware.Camera$Parameters: void setRotation(int)>":"0"
			}
		}
	]
}