{
	"exceptions":[
		{
			"method":"<android.app.ReceiverRestrictedContext: boolean bindService(android.content.Intent,android.content.ServiceConnection,int)>",
			"message":"\\QBroadcastReceiver components are not allowed to bind to services\\E",
			"relatedVarType":"Empty",
			"relatedCondType":"Empty",
			"modifier":"public",
			"type":"android.content.ReceiverCallNotAllowedException",
			"osVersionRelated":false,
			"resourceRelated":false,
			"assessRelated":false,
			"hardwareRelated":false,
			"manifestRelated":false,
			"keyAPISameClassNum":0,
			"keyAPIDiffClassNum":0,
			"keyAPISameClass":[],
			"keyAPIDiffClass":[],
			"callerOfSingnlar2SourceVar":{}
		},
		{
			"method":"<android.app.ReceiverRestrictedContext: android.content.Intent registerReceiver(android.content.BroadcastReceiver,android.content.IntentFilter,java.lang.String,android.os.Handler)>",
			"message":"\\QBroadcastReceiver components are not allowed to register to receive intents\\E",
			"relatedVarType":"Parameter",
			"relatedCondType":"Basic",
			"modifier":"public",
			"type":"android.content.ReceiverCallNotAllowedException",
			"osVersionRelated":false,
			"resourceRelated":false,
			"assessRelated":false,
			"hardwareRelated":false,
			"manifestRelated":false,
			"conditions":"r0 != null",
			"paramValues":"@parameter0: android.content.BroadcastReceiver",
			"relatedValues":"@parameter0: android.content.BroadcastReceiver; ; ",
			"keyAPISameClassNum":0,
			"keyAPIDiffClassNum":0,
			"keyAPISameClass":[
				{
					"trace":[
						"<android.app.ReceiverRestrictedContext: android.content.Intent registerReceiver(android.content.BroadcastReceiver,android.content.IntentFilter,java.lang.String,android.os.Handler)>"
					],
					"depth":0,
					"method":"<android.app.ReceiverRestrictedContext: android.content.Intent registerReceiver(android.content.BroadcastReceiver,android.content.IntentFilter,java.lang.String,android.os.Handler)>",
					"source":"CALLER"
				},
				{
					"trace":[
						"<android.app.ReceiverRestrictedContext: android.content.Intent registerReceiver(android.content.BroadcastReceiver,android.content.IntentFilter)>",
						"<android.app.ReceiverRestrictedContext: android.content.Intent registerReceiver(android.content.BroadcastReceiver,android.content.IntentFilter,java.lang.String,android.os.Handler)>"
					],
					"depth":1,
					"method":"<android.app.ReceiverRestrictedContext: android.content.Intent registerReceiver(android.content.BroadcastReceiver,android.content.IntentFilter)>",
					"source":"CALLER"
				},
				{
					"trace":[
						"<android.content.Context: android.content.Intent registerReceiver(android.content.BroadcastReceiver,android.content.IntentFilter)>",
						"<android.app.ReceiverRestrictedContext: android.content.Intent registerReceiver(android.content.BroadcastReceiver,android.content.IntentFilter,java.lang.String,android.os.Handler)>"
					],
					"depth":1,
					"method":"<android.content.Context: android.content.Intent registerReceiver(android.content.BroadcastReceiver,android.content.IntentFilter)>",
					"source":"CALLER"
				}
			],
			"keyAPIDiffClass":[],
			"callerOfSingnlar2SourceVar":{
				"<android.app.ReceiverRestrictedContext: android.content.Intent registerReceiver(android.content.BroadcastReceiver,android.content.IntentFilter,java.lang.String,android.os.Handler)>":"0",
				"<android.app.ReceiverRestrictedContext: android.content.Intent registerReceiver(android.content.BroadcastReceiver,android.content.IntentFilter)>":"0"
			}
		},
		{
			"method":"<android.app.ReceiverRestrictedContext: android.content.Intent registerReceiverAsUser(android.content.BroadcastReceiver,android.os.UserHandle,android.content.IntentFilter,java.lang.String,android.os.Handler)>",
			"message":"\\QBroadcastReceiver components are not allowed to register to receive intents\\E",
			"relatedVarType":"Parameter",
			"relatedCondType":"Basic",
			"modifier":"public",
			"type":"android.content.ReceiverCallNotAllowedException",
			"osVersionRelated":false,
			"resourceRelated":false,
			"assessRelated":false,
			"hardwareRelated":false,
			"manifestRelated":false,
			"conditions":"r0 != null",
			"paramValues":"@parameter0: android.content.BroadcastReceiver",
			"relatedValues":"@parameter0: android.content.BroadcastReceiver; ; ",
			"keyAPISameClassNum":0,
			"keyAPIDiffClassNum":0,
			"keyAPISameClass":[
				{
					"trace":[
						"<android.app.ReceiverRestrictedContext: android.content.Intent registerReceiverAsUser(android.content.BroadcastReceiver,android.os.UserHandle,android.content.IntentFilter,java.lang.String,android.os.Handler)>"
					],
					"depth":0,
					"method":"<android.app.ReceiverRestrictedContext: android.content.Intent registerReceiverAsUser(android.content.BroadcastReceiver,android.os.UserHandle,android.content.IntentFilter,java.lang.String,android.os.Handler)>",
					"source":"CALLER"
				}
			],
			"keyAPIDiffClass":[],
			"callerOfSingnlar2SourceVar":{
				"<android.app.ReceiverRestrictedContext: android.content.Intent registerReceiverAsUser(android.content.BroadcastReceiver,android.os.UserHandle,android.content.IntentFilter,java.lang.String,android.os.Handler)>":"0"
			}
		}
	]
}