{
	"exceptions":[
		{
			"method":"<android.app.UiAutomation: void <init>(android.os.Looper,android.app.IUiAutomationConnection)>",
			"message":"\\QConnection cannot be null!\\E",
			"relatedVarType":"Parameter",
			"relatedCondType":"Basic",
			"modifier":"public",
			"type":"java.lang.IllegalArgumentException",
			"osVersionRelated":false,
			"resourceRelated":false,
			"assessRelated":false,
			"hardwareRelated":false,
			"manifestRelated":false,
			"conditions":"r4 != null, r3 != null",
			"paramValues":"@parameter1: android.app.IUiAutomationConnection, @parameter0: android.os.Looper",
			"relatedValues":"@parameter1: android.app.IUiAutomationConnection, @parameter0: android.os.Looper; ; ",
			"keyAPISameClassNum":0,
			"keyAPIDiffClassNum":0,
			"keyAPISameClass":[
				{
					"trace":[
						"<android.app.UiAutomation: void <init>(android.os.Looper,android.app.IUiAutomationConnection)>"
					],
					"depth":0,
					"method":"<android.app.UiAutomation: void <init>(android.os.Looper,android.app.IUiAutomationConnection)>",
					"source":"CALLER"
				}
			],
			"keyAPIDiffClass":[],
			"callerOfSingnlar2SourceVar":{
				"<android.app.UiAutomation: void <init>(android.os.Looper,android.app.IUiAutomationConnection)>":"1, 0"
			}
		},
		{
			"method":"<android.app.UiAutomation: void <init>(android.os.Looper,android.app.IUiAutomationConnection)>",
			"message":"\\QLooper cannot be null!\\E",
			"relatedVarType":"Parameter",
			"relatedCondType":"Basic",
			"modifier":"public",
			"type":"java.lang.IllegalArgumentException",
			"osVersionRelated":false,
			"resourceRelated":false,
			"assessRelated":false,
			"hardwareRelated":false,
			"manifestRelated":false,
			"conditions":"r3 != null",
			"paramValues":"@parameter0: android.os.Looper",
			"relatedValues":"@parameter0: android.os.Looper; ; ",
			"keyAPISameClassNum":0,
			"keyAPIDiffClassNum":0,
			"keyAPISameClass":[
				{
					"trace":[
						"<android.app.UiAutomation: void <init>(android.os.Looper,android.app.IUiAutomationConnection)>"
					],
					"depth":0,
					"method":"<android.app.UiAutomation: void <init>(android.os.Looper,android.app.IUiAutomationConnection)>",
					"source":"CALLER"
				}
			],
			"keyAPIDiffClass":[],
			"callerOfSingnlar2SourceVar":{
				"<android.app.UiAutomation: void <init>(android.os.Looper,android.app.IUiAutomationConnection)>":"0"
			}
		},
		{
			"method":"<android.app.UiAutomation: void throwIfConnectedLocked()>",
			"message":"\\QUiAutomation not connected!\\E",
			"relatedVarType":"Field",
			"relatedCondType":"Basic",
			"modifier":"private",
			"type":"java.lang.IllegalStateException",
			"osVersionRelated":false,
			"resourceRelated":false,
			"assessRelated":false,
			"hardwareRelated":false,
			"manifestRelated":false,
			"conditions":"$i0 == -1",
			"fieldValues":"<android.app.UiAutomation: int mConnectionId>",
			"relatedValues":"; <android.app.UiAutomation: int mConnectionId>; ",
			"keyAPISameClassNum":2,
			"keyAPIDiffClassNum":4,
			"keyAPISameClass":[
				{
					"trace":[
						"<android.app.UiAutomation: void throwIfConnectedLocked()>"
					],
					"depth":1,
					"method":"<android.app.UiAutomation: void <init>(android.os.Looper,android.app.IUiAutomationConnection)>",
					"source":"FIELD"
				},
				{
					"trace":[
						"<android.app.UiAutomation: void throwIfConnectedLocked()>"
					],
					"depth":1,
					"method":"<android.app.UiAutomation: void disconnect()>",
					"source":"FIELD"
				}
			],
			"keyAPIDiffClass":[
				{
					"trace":[
						"<android.app.Instrumentation: android.app.UiAutomation getUiAutomation()>",
						"<android.app.UiAutomation: void <init>(android.os.Looper,android.app.IUiAutomationConnection)>",
						"key field: <android.app.UiAutomation: int mConnectionId>",
						"<android.app.UiAutomation: void throwIfConnectedLocked()>"
					],
					"depth":2,
					"method":"<android.app.Instrumentation: android.app.UiAutomation getUiAutomation()>",
					"source":"FIELDCALLER"
				},
				{
					"trace":[
						"<android.app.UiAutomation$IAccessibilityServiceClientImpl$1: void onSetConnectionId(int)>",
						"<android.app.UiAutomation: int access$102(android.app.UiAutomation,int)>",
						"key field: <android.app.UiAutomation: int mConnectionId>",
						"<android.app.UiAutomation: void throwIfConnectedLocked()>"
					],
					"depth":2,
					"method":"<android.app.UiAutomation$IAccessibilityServiceClientImpl$1: void onSetConnectionId(int)>",
					"source":"FIELDCALLER"
				},
				{
					"trace":[
						"<android.accessibilityservice.AccessibilityService$Callbacks: void onSetConnectionId(int)>",
						"<android.app.UiAutomation: int access$102(android.app.UiAutomation,int)>",
						"key field: <android.app.UiAutomation: int mConnectionId>",
						"<android.app.UiAutomation: void throwIfConnectedLocked()>"
					],
					"depth":2,
					"method":"<android.accessibilityservice.AccessibilityService$Callbacks: void onSetConnectionId(int)>",
					"source":"FIELDCALLER"
				},
				{
					"trace":[
						"<android.app.Instrumentation: void finish(int,android.os.Bundle)>",
						"<android.app.UiAutomation: void disconnect()>",
						"key field: <android.app.UiAutomation: int mConnectionId>",
						"<android.app.UiAutomation: void throwIfConnectedLocked()>"
					],
					"depth":2,
					"method":"<android.app.Instrumentation: void finish(int,android.os.Bundle)>",
					"source":"FIELDCALLER"
				}
			],
			"callerOfSingnlar2SourceVar":{}
		},
		{
			"method":"<android.app.UiAutomation: void throwIfNotConnectedLocked()>",
			"message":"\\QUiAutomation not connected!\\E",
			"relatedVarType":"Unknown",
			"relatedCondType":"Basic",
			"modifier":"private",
			"type":"java.lang.IllegalStateException",
			"osVersionRelated":false,
			"resourceRelated":false,
			"assessRelated":false,
			"hardwareRelated":false,
			"manifestRelated":false,
			"conditions":"$z0 != 0",
			"keyAPISameClassNum":0,
			"keyAPIDiffClassNum":0,
			"keyAPISameClass":[],
			"keyAPIDiffClass":[],
			"callerOfSingnlar2SourceVar":{}
		},
		{
			"method":"<android.app.UiAutomation: void connect()>",
			"message":"\\QError while connecting UiAutomation\\E",
			"relatedVarType":"Field",
			"relatedCondType":"Basic",
			"modifier":"public",
			"type":"java.lang.RuntimeException",
			"osVersionRelated":false,
			"resourceRelated":false,
			"assessRelated":false,
			"hardwareRelated":false,
			"manifestRelated":false,
			"conditions":"$z0 == 0",
			"fieldValues":"<android.app.UiAutomation: boolean mIsConnecting>",
			"caughtValues":"@caughtexception",
			"relatedValues":"; <android.app.UiAutomation: boolean mIsConnecting>; @caughtexception",
			"keyAPISameClassNum":1,
			"keyAPIDiffClassNum":1,
			"keyAPISameClass":[
				{
					"trace":[
						"<android.app.UiAutomation: void connect()>"
					],
					"depth":1,
					"method":"<android.app.UiAutomation: void connect()>",
					"source":"FIELD"
				}
			],
			"keyAPIDiffClass":[
				{
					"trace":[
						"<android.app.Instrumentation: android.app.UiAutomation getUiAutomation()>",
						"<android.app.UiAutomation: void connect()>",
						"key field: <android.app.UiAutomation: boolean mIsConnecting>",
						"<android.app.UiAutomation: void connect()>"
					],
					"depth":2,
					"method":"<android.app.Instrumentation: android.app.UiAutomation getUiAutomation()>",
					"source":"FIELDCALLER"
				}
			],
			"callerOfSingnlar2SourceVar":{}
		},
		{
			"method":"<android.app.UiAutomation: void connect()>",
			"message":"\\QError while connecting UiAutomation\\E",
			"relatedVarType":"Field",
			"relatedCondType":"Basic",
			"modifier":"public",
			"type":"java.lang.RuntimeException",
			"osVersionRelated":false,
			"resourceRelated":false,
			"assessRelated":false,
			"hardwareRelated":false,
			"manifestRelated":false,
			"conditions":"$b4 > 0, z1 == 0, $z0 == 0",
			"fieldValues":"<android.app.UiAutomation: boolean mIsConnecting>",
			"relatedValues":"; <android.app.UiAutomation: boolean mIsConnecting>; ",
			"keyAPISameClassNum":1,
			"keyAPIDiffClassNum":1,
			"keyAPISameClass":[
				{
					"trace":[
						"<android.app.UiAutomation: void connect()>"
					],
					"depth":1,
					"method":"<android.app.UiAutomation: void connect()>",
					"source":"FIELD"
				}
			],
			"keyAPIDiffClass":[
				{
					"trace":[
						"<android.app.Instrumentation: android.app.UiAutomation getUiAutomation()>",
						"<android.app.UiAutomation: void connect()>",
						"key field: <android.app.UiAutomation: boolean mIsConnecting>",
						"<android.app.UiAutomation: void connect()>"
					],
					"depth":2,
					"method":"<android.app.Instrumentation: android.app.UiAutomation getUiAutomation()>",
					"source":"FIELDCALLER"
				}
			],
			"callerOfSingnlar2SourceVar":{}
		},
		{
			"method":"<android.app.UiAutomation: void disconnect()>",
			"message":"\\QCannot call disconnect() while connecting!\\E",
			"relatedVarType":"Field",
			"relatedCondType":"Basic",
			"modifier":"public",
			"type":"java.lang.IllegalStateException",
			"osVersionRelated":false,
			"resourceRelated":false,
			"assessRelated":false,
			"hardwareRelated":false,
			"manifestRelated":false,
			"conditions":"$z0 == 0",
			"fieldValues":"<android.app.UiAutomation: boolean mIsConnecting>",
			"relatedValues":"; <android.app.UiAutomation: boolean mIsConnecting>; ",
			"keyAPISameClassNum":1,
			"keyAPIDiffClassNum":1,
			"keyAPISameClass":[
				{
					"trace":[
						"<android.app.UiAutomation: void disconnect()>"
					],
					"depth":1,
					"method":"<android.app.UiAutomation: void connect()>",
					"source":"FIELD"
				}
			],
			"keyAPIDiffClass":[
				{
					"trace":[
						"<android.app.Instrumentation: android.app.UiAutomation getUiAutomation()>",
						"<android.app.UiAutomation: void connect()>",
						"key field: <android.app.UiAutomation: boolean mIsConnecting>",
						"<android.app.UiAutomation: void disconnect()>"
					],
					"depth":2,
					"method":"<android.app.Instrumentation: android.app.UiAutomation getUiAutomation()>",
					"source":"FIELDCALLER"
				}
			],
			"callerOfSingnlar2SourceVar":{}
		},
		{
			"method":"<android.app.UiAutomation: void disconnect()>",
			"message":"\\QError while disconnecting UiAutomation\\E",
			"relatedVarType":"Field",
			"relatedCondType":"Basic",
			"modifier":"public",
			"type":"java.lang.RuntimeException",
			"osVersionRelated":false,
			"resourceRelated":false,
			"assessRelated":false,
			"hardwareRelated":false,
			"manifestRelated":false,
			"conditions":"$z0 == 0",
			"fieldValues":"<android.app.UiAutomation: boolean mIsConnecting>",
			"caughtValues":"@caughtexception",
			"relatedValues":"; <android.app.UiAutomation: boolean mIsConnecting>; @caughtexception",
			"keyAPISameClassNum":1,
			"keyAPIDiffClassNum":1,
			"keyAPISameClass":[
				{
					"trace":[
						"<android.app.UiAutomation: void disconnect()>"
					],
					"depth":1,
					"method":"<android.app.UiAutomation: void connect()>",
					"source":"FIELD"
				}
			],
			"keyAPIDiffClass":[
				{
					"trace":[
						"<android.app.Instrumentation: android.app.UiAutomation getUiAutomation()>",
						"<android.app.UiAutomation: void connect()>",
						"key field: <android.app.UiAutomation: boolean mIsConnecting>",
						"<android.app.UiAutomation: void disconnect()>"
					],
					"depth":2,
					"method":"<android.app.Instrumentation: android.app.UiAutomation getUiAutomation()>",
					"source":"FIELDCALLER"
				}
			],
			"callerOfSingnlar2SourceVar":{}
		},
		{
			"method":"<android.app.UiAutomation: android.view.accessibility.AccessibilityEvent executeAndWaitForEvent(java.lang.Runnable,android.app.UiAutomation$AccessibilityEventFilter,long)>",
			"message":"\\QExpected event not received within: \\E[\\s\\S]*\\Q ms.\\E",
			"relatedVarType":"ParaAndField",
			"relatedCondType":"Basic",
			"modifier":"public",
			"type":"java.util.concurrent.TimeoutException",
			"osVersionRelated":false,
			"resourceRelated":false,
			"assessRelated":false,
			"hardwareRelated":false,
			"manifestRelated":false,
			"conditions":"$b6 > 0, $z1 != 0, $b8 < 0",
			"paramValues":"@parameter2: long",
			"fieldValues":"<android.app.UiAutomation: java.util.ArrayList mEventQueue>",
			"relatedValues":"@parameter2: long; <android.app.UiAutomation: java.util.ArrayList mEventQueue>; ",
			"keyAPISameClassNum":2,
			"keyAPIDiffClassNum":1,
			"keyAPISameClass":[
				{
					"trace":[
						"<android.app.UiAutomation: android.view.accessibility.AccessibilityEvent executeAndWaitForEvent(java.lang.Runnable,android.app.UiAutomation$AccessibilityEventFilter,long)>"
					],
					"depth":1,
					"method":"<android.app.UiAutomation: void <init>(android.os.Looper,android.app.IUiAutomationConnection)>",
					"source":"FIELD"
				},
				{
					"trace":[
						"<android.app.UiAutomation: android.view.accessibility.AccessibilityEvent executeAndWaitForEvent(java.lang.Runnable,android.app.UiAutomation$AccessibilityEventFilter,long)>"
					],
					"depth":1,
					"method":"<android.app.UiAutomation: android.view.accessibility.AccessibilityEvent executeAndWaitForEvent(java.lang.Runnable,android.app.UiAutomation$AccessibilityEventFilter,long)>",
					"source":"FIELD"
				}
			],
			"keyAPIDiffClass":[
				{
					"trace":[
						"<android.app.Instrumentation: android.app.UiAutomation getUiAutomation()>",
						"<android.app.UiAutomation: void <init>(android.os.Looper,android.app.IUiAutomationConnection)>",
						"key field: <android.app.UiAutomation: java.util.ArrayList mEventQueue>",
						"<android.app.UiAutomation: android.view.accessibility.AccessibilityEvent executeAndWaitForEvent(java.lang.Runnable,android.app.UiAutomation$AccessibilityEventFilter,long)>"
					],
					"depth":2,
					"method":"<android.app.Instrumentation: android.app.UiAutomation getUiAutomation()>",
					"source":"FIELDCALLER"
				}
			],
			"callerOfSingnlar2SourceVar":{
				"<android.app.UiAutomation: android.view.accessibility.AccessibilityEvent executeAndWaitForEvent(java.lang.Runnable,android.app.UiAutomation$AccessibilityEventFilter,long)>":"2"
			}
		},
		{
			"method":"<android.app.UiAutomation: boolean setRotation(int)>",
			"message":"\\QInvalid rotation.\\E",
			"relatedVarType":"Parameter",
			"relatedCondType":"Basic",
			"modifier":"public",
			"type":"java.lang.IllegalArgumentException",
			"osVersionRelated":false,
			"resourceRelated":false,
			"assessRelated":false,
			"hardwareRelated":false,
			"manifestRelated":false,
			"conditions":"i0",
			"paramValues":"@parameter0: int",
			"relatedValues":"@parameter0: int; ; ",
			"keyAPISameClassNum":0,
			"keyAPIDiffClassNum":0,
			"keyAPISameClass":[
				{
					"trace":[
						"<android.app.UiAutomation: boolean setRotation(int)>"
					],
					"depth":0,
					"method":"<android.app.UiAutomation: boolean setRotation(int)>",
					"source":"CALLER"
				}
			],
			"keyAPIDiffClass":[],
			"callerOfSingnlar2SourceVar":{
				"<android.app.UiAutomation: boolean setRotation(int)>":"0"
			}
		},
		{
			"method":"<android.app.UiAutomation: android.graphics.Bitmap takeScreenshot()>",
			"message":"\\QInvalid rotation: \\E[\\s\\S]*",
			"relatedVarType":"Unknown",
			"relatedCondType":"Basic",
			"modifier":"public",
			"type":"java.lang.IllegalArgumentException",
			"osVersionRelated":false,
			"resourceRelated":false,
			"assessRelated":false,
			"hardwareRelated":false,
			"manifestRelated":false,
			"conditions":"i2",
			"keyAPISameClassNum":0,
			"keyAPIDiffClassNum":0,
			"keyAPISameClass":[],
			"keyAPIDiffClass":[],
			"callerOfSingnlar2SourceVar":{}
		},
		{
			"method":"<android.app.UiAutomation: void waitForIdle(long,long)>",
			"message":"\\QNo idle state with idle timeout: \\E[\\s\\S]*\\Q within global timeout: \\E[\\s\\S]*",
			"relatedVarType":"ParaAndField",
			"relatedCondType":"Basic",
			"modifier":"public",
			"type":"java.util.concurrent.TimeoutException",
			"osVersionRelated":false,
			"resourceRelated":false,
			"assessRelated":false,
			"hardwareRelated":false,
			"manifestRelated":false,
			"conditions":"$b12 > 0, $b2 > 0",
			"paramValues":"@parameter1: long",
			"fieldValues":"<android.app.UiAutomation: long mLastEventTimeMillis>",
			"relatedValues":"@parameter1: long; <android.app.UiAutomation: long mLastEventTimeMillis>; ",
			"keyAPISameClassNum":1,
			"keyAPIDiffClassNum":2,
			"keyAPISameClass":[
				{
					"trace":[
						"<android.app.UiAutomation: void waitForIdle(long,long)>"
					],
					"depth":1,
					"method":"<android.app.UiAutomation: void waitForIdle(long,long)>",
					"source":"FIELD"
				}
			],
			"keyAPIDiffClass":[
				{
					"trace":[
						"<android.app.UiAutomation$IAccessibilityServiceClientImpl$1: void onAccessibilityEvent(android.view.accessibility.AccessibilityEvent)>",
						"<android.app.UiAutomation: long access$202(android.app.UiAutomation,long)>",
						"key field: <android.app.UiAutomation: long mLastEventTimeMillis>",
						"<android.app.UiAutomation: void waitForIdle(long,long)>"
					],
					"depth":2,
					"method":"<android.app.UiAutomation$IAccessibilityServiceClientImpl$1: void onAccessibilityEvent(android.view.accessibility.AccessibilityEvent)>",
					"source":"FIELDCALLER"
				},
				{
					"trace":[
						"<android.accessibilityservice.AccessibilityService$Callbacks: void onAccessibilityEvent(android.view.accessibility.AccessibilityEvent)>",
						"<android.app.UiAutomation: long access$202(android.app.UiAutomation,long)>",
						"key field: <android.app.UiAutomation: long mLastEventTimeMillis>",
						"<android.app.UiAutomation: void waitForIdle(long,long)>"
					],
					"depth":2,
					"method":"<android.accessibilityservice.AccessibilityService$Callbacks: void onAccessibilityEvent(android.view.accessibility.AccessibilityEvent)>",
					"source":"FIELDCALLER"
				}
			],
			"callerOfSingnlar2SourceVar":{
				"<android.app.UiAutomation: void waitForIdle(long,long)>":"1"
			}
		}
	]
}