{
	"exceptions":[
		{
			"method":"<android.graphics.Picture$RecordingCanvas: void drawPicture(android.graphics.Picture)>",
			"message":"\\QCannot draw a picture into its recording canvas\\E",
			"relatedVarType":"ParaAndField",
			"relatedCondType":"Basic",
			"modifier":"public",
			"type":"java.lang.RuntimeException",
			"osVersionRelated":false,
			"resourceRelated":false,
			"assessRelated":false,
			"hardwareRelated":false,
			"manifestRelated":false,
			"conditions":"$r2 != r1",
			"paramValues":"@parameter0: android.graphics.Picture",
			"fieldValues":"<android.graphics.Picture$RecordingCanvas: android.graphics.Picture mPicture>",
			"relatedValues":"@parameter0: android.graphics.Picture; <android.graphics.Picture$RecordingCanvas: android.graphics.Picture mPicture>; ",
			"keyAPISameClassNum":1,
			"keyAPIDiffClassNum":1,
			"keyAPISameClass":[
				{
					"trace":[
						"<android.graphics.Picture$RecordingCanvas: void drawPicture(android.graphics.Picture)>"
					],
					"depth":1,
					"method":"<android.graphics.Picture$RecordingCanvas: void <init>(android.graphics.Picture,int)>",
					"source":"FIELD"
				}
			],
			"keyAPIDiffClass":[
				{
					"trace":[
						"<android.graphics.Picture: android.graphics.Canvas beginRecording(int,int)>",
						"<android.graphics.Picture$RecordingCanvas: void <init>(android.graphics.Picture,int)>",
						"key field: <android.graphics.Picture$RecordingCanvas: android.graphics.Picture mPicture>",
						"<android.graphics.Picture$RecordingCanvas: void drawPicture(android.graphics.Picture)>"
					],
					"depth":2,
					"method":"<android.graphics.Picture: android.graphics.Canvas beginRecording(int,int)>",
					"source":"FIELDCALLER"
				}
			],
			"callerOfSingnlar2SourceVar":{
				"<android.graphics.Picture$RecordingCanvas: void drawPicture(android.graphics.Picture)>":"0"
			}
		},
		{
			"method":"<android.graphics.Picture$RecordingCanvas: void setBitmap(android.graphics.Bitmap)>",
			"message":"\\QCannot call setBitmap on a picture canvas\\E",
			"relatedVarType":"Empty",
			"relatedCondType":"Empty",
			"modifier":"public",
			"type":"java.lang.RuntimeException",
			"osVersionRelated":false,
			"resourceRelated":false,
			"assessRelated":false,
			"hardwareRelated":false,
			"manifestRelated":false,
			"keyAPISameClassNum":0,
			"keyAPIDiffClassNum":0,
			"keyAPISameClass":[],
			"keyAPIDiffClass":[],
			"callerOfSingnlar2SourceVar":{}
		}
	]
}