{
	"exceptions":[
		{
			"method":"<android.drm.mobile1.DrmRawContent: void <init>(java.io.InputStream,int,java.lang.String)>",
			"message":"\\QnativeGetContentType() returned null\\E",
			"relatedVarType":"Field",
			"relatedCondType":"Basic",
			"modifier":"public",
			"type":"android.drm.mobile1.DrmException",
			"osVersionRelated":false,
			"resourceRelated":false,
			"assessRelated":false,
			"hardwareRelated":false,
			"manifestRelated":false,
			"conditions":"$r10 != null, -1 != $i5, -1 != $i3",
			"fieldValues":"<android.drm.mobile1.DrmRawContent: java.lang.String mediaType>, <android.drm.mobile1.DrmRawContent: int rawType>, <android.drm.mobile1.DrmRawContent: int id>",
			"relatedValues":"; <android.drm.mobile1.DrmRawContent: java.lang.String mediaType>, <android.drm.mobile1.DrmRawContent: int rawType>, <android.drm.mobile1.DrmRawContent: int id>; ",
			"keyAPISameClassNum":1,
			"keyAPIDiffClassNum":0,
			"keyAPISameClass":[
				{
					"trace":[
						"<android.drm.mobile1.DrmRawContent: void <init>(java.io.InputStream,int,java.lang.String)>"
					],
					"depth":1,
					"method":"<android.drm.mobile1.DrmRawContent: void <init>(java.io.InputStream,int,java.lang.String)>",
					"source":"FIELD"
				}
			],
			"keyAPIDiffClass":[],
			"callerOfSingnlar2SourceVar":{}
		},
		{
			"method":"<android.drm.mobile1.DrmRawContent: void <init>(java.io.InputStream,int,java.lang.String)>",
			"message":"\\QnativeConstructDrmContent() returned JNI_DRM_FAILURE\\E",
			"relatedVarType":"ParaAndField",
			"relatedCondType":"Basic",
			"modifier":"public",
			"type":"android.drm.mobile1.DrmException",
			"osVersionRelated":false,
			"resourceRelated":false,
			"assessRelated":false,
			"hardwareRelated":false,
			"manifestRelated":false,
			"conditions":"-1 != $i3, i0 > 0, $z0 == 0",
			"paramValues":"@parameter1: int, @parameter2: java.lang.String",
			"fieldValues":"<android.drm.mobile1.DrmRawContent: int id>",
			"relatedValues":"@parameter1: int, @parameter2: java.lang.String; <android.drm.mobile1.DrmRawContent: int id>; ",
			"keyAPISameClassNum":1,
			"keyAPIDiffClassNum":0,
			"keyAPISameClass":[
				{
					"trace":[
						"<android.drm.mobile1.DrmRawContent: void <init>(java.io.InputStream,int,java.lang.String)>"
					],
					"depth":1,
					"method":"<android.drm.mobile1.DrmRawContent: void <init>(java.io.InputStream,int,java.lang.String)>",
					"source":"FIELD"
				}
			],
			"keyAPIDiffClass":[],
			"callerOfSingnlar2SourceVar":{
				"<android.drm.mobile1.DrmRawContent: void <init>(java.io.InputStream,int,java.lang.String)>":"1, 2"
			}
		},
		{
			"method":"<android.drm.mobile1.DrmRawContent: void <init>(java.io.InputStream,int,java.lang.String)>",
			"message":"\\QnativeGetDeliveryMethod() returned JNI_DRM_FAILURE\\E",
			"relatedVarType":"ParaAndField",
			"relatedCondType":"Basic",
			"modifier":"public",
			"type":"android.drm.mobile1.DrmException",
			"osVersionRelated":false,
			"resourceRelated":false,
			"assessRelated":false,
			"hardwareRelated":false,
			"manifestRelated":false,
			"conditions":"-1 != $i5, -1 != $i3, i0 > 0",
			"paramValues":"@parameter1: int",
			"fieldValues":"<android.drm.mobile1.DrmRawContent: int rawType>, <android.drm.mobile1.DrmRawContent: int id>",
			"relatedValues":"@parameter1: int; <android.drm.mobile1.DrmRawContent: int rawType>, <android.drm.mobile1.DrmRawContent: int id>; ",
			"keyAPISameClassNum":1,
			"keyAPIDiffClassNum":0,
			"keyAPISameClass":[
				{
					"trace":[
						"<android.drm.mobile1.DrmRawContent: void <init>(java.io.InputStream,int,java.lang.String)>"
					],
					"depth":1,
					"method":"<android.drm.mobile1.DrmRawContent: void <init>(java.io.InputStream,int,java.lang.String)>",
					"source":"FIELD"
				}
			],
			"keyAPIDiffClass":[],
			"callerOfSingnlar2SourceVar":{
				"<android.drm.mobile1.DrmRawContent: void <init>(java.io.InputStream,int,java.lang.String)>":"1"
			}
		},
		{
			"method":"<android.drm.mobile1.DrmRawContent: void <init>(java.io.InputStream,int,java.lang.String)>",
			"message":"\\QmimeType must be DRM_MIMETYPE_MESSAGE or DRM_MIMETYPE_CONTENT\\E",
			"relatedVarType":"Parameter",
			"relatedCondType":"Basic",
			"modifier":"public",
			"type":"java.lang.IllegalArgumentException",
			"osVersionRelated":false,
			"resourceRelated":false,
			"assessRelated":false,
			"hardwareRelated":false,
			"manifestRelated":false,
			"conditions":"$z1 == 0, $z0 == 0",
			"paramValues":"@parameter2: java.lang.String",
			"relatedValues":"@parameter2: java.lang.String; ; ",
			"keyAPISameClassNum":0,
			"keyAPIDiffClassNum":0,
			"keyAPISameClass":[
				{
					"trace":[
						"<android.drm.mobile1.DrmRawContent: void <init>(java.io.InputStream,int,java.lang.String)>"
					],
					"depth":0,
					"method":"<android.drm.mobile1.DrmRawContent: void <init>(java.io.InputStream,int,java.lang.String)>",
					"source":"CALLER"
				}
			],
			"keyAPIDiffClass":[],
			"callerOfSingnlar2SourceVar":{
				"<android.drm.mobile1.DrmRawContent: void <init>(java.io.InputStream,int,java.lang.String)>":"2"
			}
		},
		{
			"method":"<android.drm.mobile1.DrmRawContent: void <init>(java.io.InputStream,int,java.lang.String)>",
			"message":"\\Qlen must be > 0\\E",
			"relatedVarType":"Parameter",
			"relatedCondType":"Basic",
			"modifier":"public",
			"type":"java.lang.IllegalArgumentException",
			"osVersionRelated":false,
			"resourceRelated":false,
			"assessRelated":false,
			"hardwareRelated":false,
			"manifestRelated":false,
			"conditions":"i0 > 0, $z0 == 0, $z1 == 0",
			"paramValues":"@parameter1: int, @parameter2: java.lang.String",
			"relatedValues":"@parameter1: int, @parameter2: java.lang.String; ; ",
			"keyAPISameClassNum":0,
			"keyAPIDiffClassNum":0,
			"keyAPISameClass":[
				{
					"trace":[
						"<android.drm.mobile1.DrmRawContent: void <init>(java.io.InputStream,int,java.lang.String)>"
					],
					"depth":0,
					"method":"<android.drm.mobile1.DrmRawContent: void <init>(java.io.InputStream,int,java.lang.String)>",
					"source":"CALLER"
				}
			],
			"keyAPIDiffClass":[],
			"callerOfSingnlar2SourceVar":{
				"<android.drm.mobile1.DrmRawContent: void <init>(java.io.InputStream,int,java.lang.String)>":"1, 2"
			}
		},
		{
			"method":"<android.drm.mobile1.DrmRawContent: java.io.InputStream getContentInputStream(android.drm.mobile1.DrmRights)>",
			"message":"[\\s\\S]*",
			"relatedVarType":"Parameter",
			"relatedCondType":"Basic",
			"modifier":"public",
			"type":"java.lang.NullPointerException",
			"osVersionRelated":false,
			"resourceRelated":false,
			"assessRelated":false,
			"hardwareRelated":false,
			"manifestRelated":false,
			"conditions":"r0 != null",
			"paramValues":"@parameter0: android.drm.mobile1.DrmRights",
			"relatedValues":"@parameter0: android.drm.mobile1.DrmRights; ; ",
			"keyAPISameClassNum":0,
			"keyAPIDiffClassNum":0,
			"keyAPISameClass":[
				{
					"trace":[
						"<android.drm.mobile1.DrmRawContent: java.io.InputStream getContentInputStream(android.drm.mobile1.DrmRights)>"
					],
					"depth":0,
					"method":"<android.drm.mobile1.DrmRawContent: java.io.InputStream getContentInputStream(android.drm.mobile1.DrmRights)>",
					"source":"CALLER"
				}
			],
			"keyAPIDiffClass":[],
			"callerOfSingnlar2SourceVar":{
				"<android.drm.mobile1.DrmRawContent: java.io.InputStream getContentInputStream(android.drm.mobile1.DrmRights)>":"0"
			}
		},
		{
			"method":"<android.drm.mobile1.DrmRawContent: int getContentLength(android.drm.mobile1.DrmRights)>",
			"message":"[\\s\\S]*",
			"relatedVarType":"Parameter",
			"relatedCondType":"Basic",
			"modifier":"public",
			"type":"java.lang.NullPointerException",
			"osVersionRelated":false,
			"resourceRelated":false,
			"assessRelated":false,
			"hardwareRelated":false,
			"manifestRelated":false,
			"conditions":"r0 != null",
			"paramValues":"@parameter0: android.drm.mobile1.DrmRights",
			"relatedValues":"@parameter0: android.drm.mobile1.DrmRights; ; ",
			"keyAPISameClassNum":0,
			"keyAPIDiffClassNum":0,
			"keyAPISameClass":[
				{
					"trace":[
						"<android.drm.mobile1.DrmRawContent: int getContentLength(android.drm.mobile1.DrmRights)>"
					],
					"depth":0,
					"method":"<android.drm.mobile1.DrmRawContent: int getContentLength(android.drm.mobile1.DrmRights)>",
					"source":"CALLER"
				}
			],
			"keyAPIDiffClass":[],
			"callerOfSingnlar2SourceVar":{
				"<android.drm.mobile1.DrmRawContent: int getContentLength(android.drm.mobile1.DrmRights)>":"0"
			}
		},
		{
			"method":"<android.drm.mobile1.DrmRawContent: int getContentLength(android.drm.mobile1.DrmRights)>",
			"message":"\\QnativeGetContentLength() returned JNI_DRM_FAILURE\\E",
			"relatedVarType":"Parameter",
			"relatedCondType":"Basic",
			"modifier":"public",
			"type":"android.drm.mobile1.DrmException",
			"osVersionRelated":false,
			"resourceRelated":false,
			"assessRelated":false,
			"hardwareRelated":false,
			"manifestRelated":false,
			"conditions":"-1 != i0, r0 != null",
			"paramValues":"@parameter0: android.drm.mobile1.DrmRights",
			"relatedValues":"@parameter0: android.drm.mobile1.DrmRights; ; ",
			"keyAPISameClassNum":0,
			"keyAPIDiffClassNum":0,
			"keyAPISameClass":[
				{
					"trace":[
						"<android.drm.mobile1.DrmRawContent: int getContentLength(android.drm.mobile1.DrmRights)>"
					],
					"depth":0,
					"method":"<android.drm.mobile1.DrmRawContent: int getContentLength(android.drm.mobile1.DrmRights)>",
					"source":"CALLER"
				}
			],
			"keyAPIDiffClass":[],
			"callerOfSingnlar2SourceVar":{
				"<android.drm.mobile1.DrmRawContent: int getContentLength(android.drm.mobile1.DrmRights)>":"0"
			}
		}
	]
}