{
	"exceptions":[
		{
			"method":"<android.net.wifi.p2p.nsd.WifiP2pUpnpServiceInfo: android.net.wifi.p2p.nsd.WifiP2pUpnpServiceInfo newInstance(java.lang.String,java.lang.String,java.util.List)>",
			"message":"\\Quuid or device cannnot be null\\E",
			"relatedVarType":"Parameter",
			"relatedCondType":"Basic",
			"modifier":"public",
			"type":"java.lang.IllegalArgumentException",
			"osVersionRelated":false,
			"resourceRelated":false,
			"assessRelated":false,
			"hardwareRelated":false,
			"manifestRelated":false,
			"conditions":"r0 == null, r2 != null",
			"paramValues":"@parameter0: java.lang.String, @parameter1: java.lang.String",
			"relatedValues":"@parameter0: java.lang.String, @parameter1: java.lang.String; ; ",
			"keyAPISameClassNum":0,
			"keyAPIDiffClassNum":0,
			"keyAPISameClass":[
				{
					"trace":[
						"<android.net.wifi.p2p.nsd.WifiP2pUpnpServiceInfo: android.net.wifi.p2p.nsd.WifiP2pUpnpServiceInfo newInstance(java.lang.String,java.lang.String,java.util.List)>"
					],
					"depth":0,
					"method":"<android.net.wifi.p2p.nsd.WifiP2pUpnpServiceInfo: android.net.wifi.p2p.nsd.WifiP2pUpnpServiceInfo newInstance(java.lang.String,java.lang.String,java.util.List)>",
					"source":"CALLER"
				}
			],
			"keyAPIDiffClass":[],
			"callerOfSingnlar2SourceVar":{
				"<android.net.wifi.p2p.nsd.WifiP2pUpnpServiceInfo: android.net.wifi.p2p.nsd.WifiP2pUpnpServiceInfo newInstance(java.lang.String,java.lang.String,java.util.List)>":"0, 1"
			}
		}
	]
}