{
	"exceptions":[
		{
			"method":"<android.filterpacks.imageproc.CropRectFilter: void initProgram(android.filterfw.core.FilterContext,int)>",
			"message":"\\QFilter Sharpen does not support frames of target \\E[\\s\\S]*\\Q!\\E",
			"relatedVarType":"Parameter",
			"relatedCondType":"Basic",
			"modifier":"public",
			"type":"java.lang.RuntimeException",
			"osVersionRelated":false,
			"resourceRelated":false,
			"assessRelated":false,
			"hardwareRelated":false,
			"manifestRelated":false,
			"conditions":"i0",
			"paramValues":"@parameter1: int",
			"relatedValues":"@parameter1: int; ; ",
			"keyAPISameClassNum":0,
			"keyAPIDiffClassNum":0,
			"keyAPISameClass":[
				{
					"trace":[
						"<android.filterpacks.imageproc.CropRectFilter: void initProgram(android.filterfw.core.FilterContext,int)>"
					],
					"depth":0,
					"method":"<android.filterpacks.imageproc.CropRectFilter: void initProgram(android.filterfw.core.FilterContext,int)>",
					"source":"CALLER"
				}
			],
			"keyAPIDiffClass":[],
			"callerOfSingnlar2SourceVar":{
				"<android.filterpacks.imageproc.CropRectFilter: void initProgram(android.filterfw.core.FilterContext,int)>":"1"
			}
		}
	]
}