{
	"exceptions":[
		{
			"method":"<android.app.DownloadManager$Query: android.app.DownloadManager$Query orderBy(java.lang.String,int)>",
			"message":"\\QInvalid direction: \\E[\\s\\S]*",
			"relatedVarType":"Parameter",
			"relatedCondType":"Basic",
			"modifier":"public",
			"type":"java.lang.IllegalArgumentException",
			"osVersionRelated":false,
			"resourceRelated":false,
			"assessRelated":false,
			"hardwareRelated":false,
			"manifestRelated":false,
			"conditions":"i0 == 2, i0 == 1",
			"paramValues":"@parameter1: int",
			"relatedValues":"@parameter1: int; ; ",
			"keyAPISameClassNum":0,
			"keyAPIDiffClassNum":0,
			"keyAPISameClass":[
				{
					"trace":[
						"<android.app.DownloadManager$Query: android.app.DownloadManager$Query orderBy(java.lang.String,int)>"
					],
					"depth":0,
					"method":"<android.app.DownloadManager$Query: android.app.DownloadManager$Query orderBy(java.lang.String,int)>",
					"source":"CALLER"
				}
			],
			"keyAPIDiffClass":[],
			"callerOfSingnlar2SourceVar":{
				"<android.app.DownloadManager$Query: android.app.DownloadManager$Query orderBy(java.lang.String,int)>":"1"
			}
		},
		{
			"method":"<android.app.DownloadManager$Query: android.app.DownloadManager$Query orderBy(java.lang.String,int)>",
			"message":"\\QCannot order by \\E[\\s\\S]*",
			"relatedVarType":"Parameter",
			"relatedCondType":"Basic",
			"modifier":"public",
			"type":"java.lang.IllegalArgumentException",
			"osVersionRelated":false,
			"resourceRelated":false,
			"assessRelated":false,
			"hardwareRelated":false,
			"manifestRelated":false,
			"conditions":"$z1 == 0, $z0 == 0, i0 == 1",
			"paramValues":"@parameter0: java.lang.String, @parameter1: int",
			"relatedValues":"@parameter0: java.lang.String, @parameter1: int; ; ",
			"keyAPISameClassNum":0,
			"keyAPIDiffClassNum":0,
			"keyAPISameClass":[
				{
					"trace":[
						"<android.app.DownloadManager$Query: android.app.DownloadManager$Query orderBy(java.lang.String,int)>"
					],
					"depth":0,
					"method":"<android.app.DownloadManager$Query: android.app.DownloadManager$Query orderBy(java.lang.String,int)>",
					"source":"CALLER"
				}
			],
			"keyAPIDiffClass":[],
			"callerOfSingnlar2SourceVar":{
				"<android.app.DownloadManager$Query: android.app.DownloadManager$Query orderBy(java.lang.String,int)>":"0, 1"
			}
		}
	]
}