{
	"exceptions":[
		{
			"method":"<android.nfc.tech.IsoDep: void setTimeout(int)>",
			"message":"\\QThe supplied timeout is not valid\\E",
			"relatedVarType":"ParaAndField",
			"relatedCondType":"Basic",
			"modifier":"public",
			"type":"java.lang.IllegalArgumentException",
			"osVersionRelated":false,
			"resourceRelated":false,
			"assessRelated":false,
			"hardwareRelated":true,
			"manifestRelated":false,
			"conditions":"$i1 == 0",
			"paramValues":"@parameter0: int",
			"fieldValues":"<android.nfc.tech.BasicTagTechnology: android.nfc.Tag mTag>",
			"relatedValues":"@parameter0: int; <android.nfc.tech.BasicTagTechnology: android.nfc.Tag mTag>; ",
			"keyAPISameClassNum":3,
			"keyAPIDiffClassNum":0,
			"keyAPISameClass":[
				{
					"trace":[
						"<android.nfc.tech.IsoDep: void setTimeout(int)>"
					],
					"depth":1,
					"method":"<android.nfc.tech.IsoDep: int getTimeout()>",
					"source":"FIELD"
				},
				{
					"trace":[
						"<android.nfc.tech.IsoDep: void setTimeout(int)>"
					],
					"depth":1,
					"method":"<android.nfc.tech.IsoDep: boolean isExtendedLengthApduSupported()>",
					"source":"FIELD"
				},
				{
					"trace":[
						"<android.nfc.tech.IsoDep: void setTimeout(int)>"
					],
					"depth":1,
					"method":"<android.nfc.tech.IsoDep: void setTimeout(int)>",
					"source":"FIELD"
				}
			],
			"keyAPIDiffClass":[],
			"callerOfSingnlar2SourceVar":{
				"<android.nfc.tech.IsoDep: void setTimeout(int)>":"0"
			}
		}
	]
}