{
	"exceptions":[
		{
			"method":"<android.filterpacks.ui.SurfaceTargetFilter: void registerSurface()>",
			"message":"\\QCould not register Surface: \\E[\\s\\S]*",
			"relatedVarType":"Field",
			"relatedCondType":"Basic",
			"modifier":"private",
			"type":"java.lang.RuntimeException",
			"osVersionRelated":false,
			"resourceRelated":false,
			"assessRelated":false,
			"hardwareRelated":true,
			"manifestRelated":false,
			"conditions":"$i1 >= 0",
			"fieldValues":"<android.filterpacks.ui.SurfaceTargetFilter: int mSurfaceId>",
			"relatedValues":"; <android.filterpacks.ui.SurfaceTargetFilter: int mSurfaceId>; ",
			"keyAPISameClassNum":2,
			"keyAPIDiffClassNum":0,
			"keyAPISameClass":[
				{
					"trace":[
						"<android.filterpacks.ui.SurfaceTargetFilter: void registerSurface()>"
					],
					"depth":1,
					"method":"<android.filterpacks.ui.SurfaceTargetFilter: void <init>(java.lang.String)>",
					"source":"FIELD"
				},
				{
					"trace":[
						"<android.filterpacks.ui.SurfaceTargetFilter: void open(android.filterfw.core.FilterContext)>",
						"<android.filterpacks.ui.SurfaceTargetFilter: void registerSurface()>",
						"key field: <android.filterpacks.ui.SurfaceTargetFilter: int mSurfaceId>",
						"<android.filterpacks.ui.SurfaceTargetFilter: void registerSurface()>"
					],
					"depth":2,
					"method":"<android.filterpacks.ui.SurfaceTargetFilter: void open(android.filterfw.core.FilterContext)>",
					"source":"FIELDCALLER"
				}
			],
			"keyAPIDiffClass":[],
			"callerOfSingnlar2SourceVar":{}
		},
		{
			"method":"<android.filterpacks.ui.SurfaceTargetFilter: void setupPorts()>",
			"message":"\\QNULL Surface passed to SurfaceTargetFilter\\E",
			"relatedVarType":"Field",
			"relatedCondType":"Basic",
			"modifier":"public",
			"type":"java.lang.RuntimeException",
			"osVersionRelated":false,
			"resourceRelated":false,
			"assessRelated":false,
			"hardwareRelated":true,
			"manifestRelated":false,
			"conditions":"$r1 != null",
			"fieldValues":"<android.filterpacks.ui.SurfaceTargetFilter: android.view.Surface mSurface>",
			"relatedValues":"; <android.filterpacks.ui.SurfaceTargetFilter: android.view.Surface mSurface>; ",
			"keyAPISameClassNum":1,
			"keyAPIDiffClassNum":0,
			"keyAPISameClass":[
				{
					"trace":[
						"<android.filterpacks.ui.SurfaceTargetFilter: void open(android.filterfw.core.FilterContext)>",
						"<android.filterpacks.ui.SurfaceTargetFilter: void registerSurface()>",
						"key field: <android.filterpacks.ui.SurfaceTargetFilter: android.view.Surface mSurface>",
						"<android.filterpacks.ui.SurfaceTargetFilter: void setupPorts()>"
					],
					"depth":2,
					"method":"<android.filterpacks.ui.SurfaceTargetFilter: void open(android.filterfw.core.FilterContext)>",
					"source":"FIELDCALLER"
				}
			],
			"keyAPIDiffClass":[],
			"callerOfSingnlar2SourceVar":{}
		},
		{
			"method":"<android.filterpacks.ui.SurfaceTargetFilter: void updateRenderMode()>",
			"message":"\\QUnknown render mode '\\E[\\s\\S]*\\Q'!\\E",
			"relatedVarType":"Field",
			"relatedCondType":"Basic",
			"modifier":"public",
			"type":"java.lang.RuntimeException",
			"osVersionRelated":false,
			"resourceRelated":false,
			"assessRelated":false,
			"hardwareRelated":true,
			"manifestRelated":false,
			"conditions":"$z2 == 0, $z1 == 0, $z0 == 0",
			"fieldValues":"<android.filterpacks.ui.SurfaceTargetFilter: java.lang.String mRenderModeString>",
			"relatedValues":"; <android.filterpacks.ui.SurfaceTargetFilter: java.lang.String mRenderModeString>; ",
			"keyAPISameClassNum":2,
			"keyAPIDiffClassNum":0,
			"keyAPISameClass":[
				{
					"trace":[
						"<android.filterpacks.ui.SurfaceTargetFilter: void updateRenderMode()>"
					],
					"depth":1,
					"method":"<android.filterpacks.ui.SurfaceTargetFilter: void updateRenderMode()>",
					"source":"FIELD"
				},
				{
					"trace":[
						"<android.filterpacks.ui.SurfaceTargetFilter: void prepare(android.filterfw.core.FilterContext)>",
						"<android.filterpacks.ui.SurfaceTargetFilter: void updateRenderMode()>",
						"key field: <android.filterpacks.ui.SurfaceTargetFilter: java.lang.String mRenderModeString>",
						"<android.filterpacks.ui.SurfaceTargetFilter: void updateRenderMode()>"
					],
					"depth":2,
					"method":"<android.filterpacks.ui.SurfaceTargetFilter: void prepare(android.filterfw.core.FilterContext)>",
					"source":"FIELDCALLER"
				}
			],
			"keyAPIDiffClass":[],
			"callerOfSingnlar2SourceVar":{}
		}
	]
}