{
	"exceptions":[
		{
			"method":"<android.database.sqlite.SQLiteQueryBuilder: java.lang.String buildQueryString(boolean,java.lang.String,java.lang.String[],java.lang.String,java.lang.String,java.lang.String,java.lang.String,java.lang.String)>",
			"message":"\\Qinvalid LIMIT clauses:\\E[\\s\\S]*",
			"relatedVarType":"ParaAndField",
			"relatedCondType":"Basic",
			"modifier":"public",
			"type":"java.lang.IllegalArgumentException",
			"osVersionRelated":false,
			"resourceRelated":false,
			"assessRelated":false,
			"hardwareRelated":false,
			"manifestRelated":false,
			"conditions":"$z3 != 0, $z1 != 0, $z0 == 0",
			"paramValues":"@parameter7: java.lang.String, @parameter4: java.lang.String",
			"fieldValues":"<android.database.sqlite.SQLiteQueryBuilder: java.util.regex.Pattern sLimitPattern>",
			"relatedValues":"@parameter7: java.lang.String, @parameter4: java.lang.String; <android.database.sqlite.SQLiteQueryBuilder: java.util.regex.Pattern sLimitPattern>; ",
			"keyAPISameClassNum":8,
			"keyAPIDiffClassNum":12,
			"keyAPISameClass":[
				{
					"trace":[
						"<android.database.sqlite.SQLiteQueryBuilder: java.lang.String buildQueryString(boolean,java.lang.String,java.lang.String[],java.lang.String,java.lang.String,java.lang.String,java.lang.String,java.lang.String)>",
						"<android.database.sqlite.SQLiteQueryBuilder: void <clinit>()>",
						"key field: <android.database.sqlite.SQLiteQueryBuilder: java.util.regex.Pattern sLimitPattern>",
						"<android.database.sqlite.SQLiteQueryBuilder: java.lang.String buildQueryString(boolean,java.lang.String,java.lang.String[],java.lang.String,java.lang.String,java.lang.String,java.lang.String,java.lang.String)>"
					],
					"depth":2,
					"method":"<android.database.sqlite.SQLiteQueryBuilder: java.lang.String buildQueryString(boolean,java.lang.String,java.lang.String[],java.lang.String,java.lang.String,java.lang.String,java.lang.String,java.lang.String)>",
					"source":"FIELDCALLER"
				},
				{
					"trace":[
						"<android.database.sqlite.SQLiteQueryBuilder: java.lang.String buildQuery(java.lang.String[],java.lang.String,java.lang.String,java.lang.String,java.lang.String,java.lang.String)>",
						"<android.database.sqlite.SQLiteQueryBuilder: java.lang.String buildQueryString(boolean,java.lang.String,java.lang.String[],java.lang.String,java.lang.String,java.lang.String,java.lang.String,java.lang.String)>",
						"<android.database.sqlite.SQLiteQueryBuilder: void <clinit>()>",
						"key field: <android.database.sqlite.SQLiteQueryBuilder: java.util.regex.Pattern sLimitPattern>",
						"<android.database.sqlite.SQLiteQueryBuilder: java.lang.String buildQueryString(boolean,java.lang.String,java.lang.String[],java.lang.String,java.lang.String,java.lang.String,java.lang.String,java.lang.String)>"
					],
					"depth":3,
					"method":"<android.database.sqlite.SQLiteQueryBuilder: java.lang.String buildQuery(java.lang.String[],java.lang.String,java.lang.String,java.lang.String,java.lang.String,java.lang.String)>",
					"source":"FIELDCALLER"
				},
				{
					"trace":[
						"<android.database.sqlite.SQLiteQueryBuilder: java.lang.String buildQuery(java.lang.String[],java.lang.String,java.lang.String[],java.lang.String,java.lang.String,java.lang.String,java.lang.String)>",
						"<android.database.sqlite.SQLiteQueryBuilder: java.lang.String buildQuery(java.lang.String[],java.lang.String,java.lang.String,java.lang.String,java.lang.String,java.lang.String)>",
						"<android.database.sqlite.SQLiteQueryBuilder: java.lang.String buildQueryString(boolean,java.lang.String,java.lang.String[],java.lang.String,java.lang.String,java.lang.String,java.lang.String,java.lang.String)>",
						"<android.database.sqlite.SQLiteQueryBuilder: void <clinit>()>",
						"key field: <android.database.sqlite.SQLiteQueryBuilder: java.util.regex.Pattern sLimitPattern>",
						"<android.database.sqlite.SQLiteQueryBuilder: java.lang.String buildQueryString(boolean,java.lang.String,java.lang.String[],java.lang.String,java.lang.String,java.lang.String,java.lang.String,java.lang.String)>"
					],
					"depth":4,
					"method":"<android.database.sqlite.SQLiteQueryBuilder: java.lang.String buildQuery(java.lang.String[],java.lang.String,java.lang.String[],java.lang.String,java.lang.String,java.lang.String,java.lang.String)>",
					"source":"FIELDCALLER"
				},
				{
					"trace":[
						"<android.database.sqlite.SQLiteQueryBuilder: android.database.Cursor query(android.database.sqlite.SQLiteDatabase,java.lang.String[],java.lang.String,java.lang.String[],java.lang.String,java.lang.String,java.lang.String,java.lang.String,android.os.CancellationSignal)>",
						"<android.database.sqlite.SQLiteQueryBuilder: java.lang.String buildQuery(java.lang.String[],java.lang.String,java.lang.String,java.lang.String,java.lang.String,java.lang.String)>",
						"<android.database.sqlite.SQLiteQueryBuilder: java.lang.String buildQueryString(boolean,java.lang.String,java.lang.String[],java.lang.String,java.lang.String,java.lang.String,java.lang.String,java.lang.String)>",
						"<android.database.sqlite.SQLiteQueryBuilder: void <clinit>()>",
						"key field: <android.database.sqlite.SQLiteQueryBuilder: java.util.regex.Pattern sLimitPattern>",
						"<android.database.sqlite.SQLiteQueryBuilder: java.lang.String buildQueryString(boolean,java.lang.String,java.lang.String[],java.lang.String,java.lang.String,java.lang.String,java.lang.String,java.lang.String)>"
					],
					"depth":4,
					"method":"<android.database.sqlite.SQLiteQueryBuilder: android.database.Cursor query(android.database.sqlite.SQLiteDatabase,java.lang.String[],java.lang.String,java.lang.String[],java.lang.String,java.lang.String,java.lang.String,java.lang.String,android.os.CancellationSignal)>",
					"source":"FIELDCALLER"
				},
				{
					"trace":[
						"<android.database.sqlite.SQLiteQueryBuilder: java.lang.String buildUnionSubQuery(java.lang.String,java.lang.String[],java.util.Set,int,java.lang.String,java.lang.String,java.lang.String,java.lang.String)>",
						"<android.database.sqlite.SQLiteQueryBuilder: java.lang.String buildQuery(java.lang.String[],java.lang.String,java.lang.String,java.lang.String,java.lang.String,java.lang.String)>",
						"<android.database.sqlite.SQLiteQueryBuilder: java.lang.String buildQueryString(boolean,java.lang.String,java.lang.String[],java.lang.String,java.lang.String,java.lang.String,java.lang.String,java.lang.String)>",
						"<android.database.sqlite.SQLiteQueryBuilder: void <clinit>()>",
						"key field: <android.database.sqlite.SQLiteQueryBuilder: java.util.regex.Pattern sLimitPattern>",
						"<android.database.sqlite.SQLiteQueryBuilder: java.lang.String buildQueryString(boolean,java.lang.String,java.lang.String[],java.lang.String,java.lang.String,java.lang.String,java.lang.String,java.lang.String)>"
					],
					"depth":4,
					"method":"<android.database.sqlite.SQLiteQueryBuilder: java.lang.String buildUnionSubQuery(java.lang.String,java.lang.String[],java.util.Set,int,java.lang.String,java.lang.String,java.lang.String,java.lang.String)>",
					"source":"FIELDCALLER"
				},
				{
					"trace":[
						"<android.database.sqlite.SQLiteQueryBuilder: android.database.Cursor query(android.database.sqlite.SQLiteDatabase,java.lang.String[],java.lang.String,java.lang.String[],java.lang.String,java.lang.String,java.lang.String)>",
						"<android.database.sqlite.SQLiteQueryBuilder: android.database.Cursor query(android.database.sqlite.SQLiteDatabase,java.lang.String[],java.lang.String,java.lang.String[],java.lang.String,java.lang.String,java.lang.String,java.lang.String,android.os.CancellationSignal)>",
						"<android.database.sqlite.SQLiteQueryBuilder: java.lang.String buildQuery(java.lang.String[],java.lang.String,java.lang.String,java.lang.String,java.lang.String,java.lang.String)>",
						"<android.database.sqlite.SQLiteQueryBuilder: java.lang.String buildQueryString(boolean,java.lang.String,java.lang.String[],java.lang.String,java.lang.String,java.lang.String,java.lang.String,java.lang.String)>",
						"<android.database.sqlite.SQLiteQueryBuilder: void <clinit>()>",
						"key field: <android.database.sqlite.SQLiteQueryBuilder: java.util.regex.Pattern sLimitPattern>",
						"<android.database.sqlite.SQLiteQueryBuilder: java.lang.String buildQueryString(boolean,java.lang.String,java.lang.String[],java.lang.String,java.lang.String,java.lang.String,java.lang.String,java.lang.String)>"
					],
					"depth":5,
					"method":"<android.database.sqlite.SQLiteQueryBuilder: android.database.Cursor query(android.database.sqlite.SQLiteDatabase,java.lang.String[],java.lang.String,java.lang.String[],java.lang.String,java.lang.String,java.lang.String)>",
					"source":"FIELDCALLER"
				},
				{
					"trace":[
						"<android.database.sqlite.SQLiteQueryBuilder: android.database.Cursor query(android.database.sqlite.SQLiteDatabase,java.lang.String[],java.lang.String,java.lang.String[],java.lang.String,java.lang.String,java.lang.String,java.lang.String)>",
						"<android.database.sqlite.SQLiteQueryBuilder: android.database.Cursor query(android.database.sqlite.SQLiteDatabase,java.lang.String[],java.lang.String,java.lang.String[],java.lang.String,java.lang.String,java.lang.String,java.lang.String,android.os.CancellationSignal)>",
						"<android.database.sqlite.SQLiteQueryBuilder: java.lang.String buildQuery(java.lang.String[],java.lang.String,java.lang.String,java.lang.String,java.lang.String,java.lang.String)>",
						"<android.database.sqlite.SQLiteQueryBuilder: java.lang.String buildQueryString(boolean,java.lang.String,java.lang.String[],java.lang.String,java.lang.String,java.lang.String,java.lang.String,java.lang.String)>",
						"<android.database.sqlite.SQLiteQueryBuilder: void <clinit>()>",
						"key field: <android.database.sqlite.SQLiteQueryBuilder: java.util.regex.Pattern sLimitPattern>",
						"<android.database.sqlite.SQLiteQueryBuilder: java.lang.String buildQueryString(boolean,java.lang.String,java.lang.String[],java.lang.String,java.lang.String,java.lang.String,java.lang.String,java.lang.String)>"
					],
					"depth":5,
					"method":"<android.database.sqlite.SQLiteQueryBuilder: android.database.Cursor query(android.database.sqlite.SQLiteDatabase,java.lang.String[],java.lang.String,java.lang.String[],java.lang.String,java.lang.String,java.lang.String,java.lang.String)>",
					"source":"FIELDCALLER"
				},
				{
					"trace":[
						"<android.database.sqlite.SQLiteQueryBuilder: java.lang.String buildUnionSubQuery(java.lang.String,java.lang.String[],java.util.Set,int,java.lang.String,java.lang.String,java.lang.String[],java.lang.String,java.lang.String)>",
						"<android.database.sqlite.SQLiteQueryBuilder: java.lang.String buildUnionSubQuery(java.lang.String,java.lang.String[],java.util.Set,int,java.lang.String,java.lang.String,java.lang.String,java.lang.String)>",
						"<android.database.sqlite.SQLiteQueryBuilder: java.lang.String buildQuery(java.lang.String[],java.lang.String,java.lang.String,java.lang.String,java.lang.String,java.lang.String)>",
						"<android.database.sqlite.SQLiteQueryBuilder: java.lang.String buildQueryString(boolean,java.lang.String,java.lang.String[],java.lang.String,java.lang.String,java.lang.String,java.lang.String,java.lang.String)>",
						"<android.database.sqlite.SQLiteQueryBuilder: void <clinit>()>",
						"key field: <android.database.sqlite.SQLiteQueryBuilder: java.util.regex.Pattern sLimitPattern>",
						"<android.database.sqlite.SQLiteQueryBuilder: java.lang.String buildQueryString(boolean,java.lang.String,java.lang.String[],java.lang.String,java.lang.String,java.lang.String,java.lang.String,java.lang.String)>"
					],
					"depth":5,
					"method":"<android.database.sqlite.SQLiteQueryBuilder: java.lang.String buildUnionSubQuery(java.lang.String,java.lang.String[],java.util.Set,int,java.lang.String,java.lang.String,java.lang.String[],java.lang.String,java.lang.String)>",
					"source":"FIELDCALLER"
				}
			],
			"keyAPIDiffClass":[
				{
					"trace":[
						"<android.database.sqlite.SQLiteDatabase: android.database.Cursor queryWithFactory(android.database.sqlite.SQLiteDatabase$CursorFactory,boolean,java.lang.String,java.lang.String[],java.lang.String,java.lang.String[],java.lang.String,java.lang.String,java.lang.String,java.lang.String,android.os.CancellationSignal)>",
						"<android.database.sqlite.SQLiteQueryBuilder: void <clinit>()>",
						"key field: <android.database.sqlite.SQLiteQueryBuilder: java.util.regex.Pattern sLimitPattern>",
						"<android.database.sqlite.SQLiteQueryBuilder: java.lang.String buildQueryString(boolean,java.lang.String,java.lang.String[],java.lang.String,java.lang.String,java.lang.String,java.lang.String,java.lang.String)>"
					],
					"depth":2,
					"method":"<android.database.sqlite.SQLiteDatabase: android.database.Cursor queryWithFactory(android.database.sqlite.SQLiteDatabase$CursorFactory,boolean,java.lang.String,java.lang.String[],java.lang.String,java.lang.String[],java.lang.String,java.lang.String,java.lang.String,java.lang.String,android.os.CancellationSignal)>",
					"source":"FIELDCALLER"
				},
				{
					"trace":[
						"<android.database.sqlite.SQLiteDatabase: android.database.Cursor query(boolean,java.lang.String,java.lang.String[],java.lang.String,java.lang.String[],java.lang.String,java.lang.String,java.lang.String,java.lang.String)>",
						"<android.database.sqlite.SQLiteDatabase: android.database.Cursor queryWithFactory(android.database.sqlite.SQLiteDatabase$CursorFactory,boolean,java.lang.String,java.lang.String[],java.lang.String,java.lang.String[],java.lang.String,java.lang.String,java.lang.String,java.lang.String,android.os.CancellationSignal)>",
						"<android.database.sqlite.SQLiteQueryBuilder: void <clinit>()>",
						"key field: <android.database.sqlite.SQLiteQueryBuilder: java.util.regex.Pattern sLimitPattern>",
						"<android.database.sqlite.SQLiteQueryBuilder: java.lang.String buildQueryString(boolean,java.lang.String,java.lang.String[],java.lang.String,java.lang.String,java.lang.String,java.lang.String,java.lang.String)>"
					],
					"depth":3,
					"method":"<android.database.sqlite.SQLiteDatabase: android.database.Cursor query(boolean,java.lang.String,java.lang.String[],java.lang.String,java.lang.String[],java.lang.String,java.lang.String,java.lang.String,java.lang.String)>",
					"source":"FIELDCALLER"
				},
				{
					"trace":[
						"<android.database.sqlite.SQLiteDatabase: android.database.Cursor queryWithFactory(android.database.sqlite.SQLiteDatabase$CursorFactory,boolean,java.lang.String,java.lang.String[],java.lang.String,java.lang.String[],java.lang.String,java.lang.String,java.lang.String,java.lang.String)>",
						"<android.database.sqlite.SQLiteDatabase: android.database.Cursor queryWithFactory(android.database.sqlite.SQLiteDatabase$CursorFactory,boolean,java.lang.String,java.lang.String[],java.lang.String,java.lang.String[],java.lang.String,java.lang.String,java.lang.String,java.lang.String,android.os.CancellationSignal)>",
						"<android.database.sqlite.SQLiteQueryBuilder: void <clinit>()>",
						"key field: <android.database.sqlite.SQLiteQueryBuilder: java.util.regex.Pattern sLimitPattern>",
						"<android.database.sqlite.SQLiteQueryBuilder: java.lang.String buildQueryString(boolean,java.lang.String,java.lang.String[],java.lang.String,java.lang.String,java.lang.String,java.lang.String,java.lang.String)>"
					],
					"depth":3,
					"method":"<android.database.sqlite.SQLiteDatabase: android.database.Cursor queryWithFactory(android.database.sqlite.SQLiteDatabase$CursorFactory,boolean,java.lang.String,java.lang.String[],java.lang.String,java.lang.String[],java.lang.String,java.lang.String,java.lang.String,java.lang.String)>",
					"source":"FIELDCALLER"
				},
				{
					"trace":[
						"<android.database.sqlite.SQLiteDatabase: android.database.Cursor query(boolean,java.lang.String,java.lang.String[],java.lang.String,java.lang.String[],java.lang.String,java.lang.String,java.lang.String,java.lang.String,android.os.CancellationSignal)>",
						"<android.database.sqlite.SQLiteDatabase: android.database.Cursor queryWithFactory(android.database.sqlite.SQLiteDatabase$CursorFactory,boolean,java.lang.String,java.lang.String[],java.lang.String,java.lang.String[],java.lang.String,java.lang.String,java.lang.String,java.lang.String,android.os.CancellationSignal)>",
						"<android.database.sqlite.SQLiteQueryBuilder: void <clinit>()>",
						"key field: <android.database.sqlite.SQLiteQueryBuilder: java.util.regex.Pattern sLimitPattern>",
						"<android.database.sqlite.SQLiteQueryBuilder: java.lang.String buildQueryString(boolean,java.lang.String,java.lang.String[],java.lang.String,java.lang.String,java.lang.String,java.lang.String,java.lang.String)>"
					],
					"depth":3,
					"method":"<android.database.sqlite.SQLiteDatabase: android.database.Cursor query(boolean,java.lang.String,java.lang.String[],java.lang.String,java.lang.String[],java.lang.String,java.lang.String,java.lang.String,java.lang.String,android.os.CancellationSignal)>",
					"source":"FIELDCALLER"
				},
				{
					"trace":[
						"<android.database.sqlite.SQLiteDatabase: android.database.Cursor query(java.lang.String,java.lang.String[],java.lang.String,java.lang.String[],java.lang.String,java.lang.String,java.lang.String)>",
						"<android.database.sqlite.SQLiteDatabase: android.database.Cursor query(boolean,java.lang.String,java.lang.String[],java.lang.String,java.lang.String[],java.lang.String,java.lang.String,java.lang.String,java.lang.String)>",
						"<android.database.sqlite.SQLiteDatabase: android.database.Cursor queryWithFactory(android.database.sqlite.SQLiteDatabase$CursorFactory,boolean,java.lang.String,java.lang.String[],java.lang.String,java.lang.String[],java.lang.String,java.lang.String,java.lang.String,java.lang.String,android.os.CancellationSignal)>",
						"<android.database.sqlite.SQLiteQueryBuilder: void <clinit>()>",
						"key field: <android.database.sqlite.SQLiteQueryBuilder: java.util.regex.Pattern sLimitPattern>",
						"<android.database.sqlite.SQLiteQueryBuilder: java.lang.String buildQueryString(boolean,java.lang.String,java.lang.String[],java.lang.String,java.lang.String,java.lang.String,java.lang.String,java.lang.String)>"
					],
					"depth":4,
					"method":"<android.database.sqlite.SQLiteDatabase: android.database.Cursor query(java.lang.String,java.lang.String[],java.lang.String,java.lang.String[],java.lang.String,java.lang.String,java.lang.String)>",
					"source":"FIELDCALLER"
				},
				{
					"trace":[
						"<android.database.sqlite.SQLiteDatabase: android.database.Cursor query(java.lang.String,java.lang.String[],java.lang.String,java.lang.String[],java.lang.String,java.lang.String,java.lang.String,java.lang.String)>",
						"<android.database.sqlite.SQLiteDatabase: android.database.Cursor query(boolean,java.lang.String,java.lang.String[],java.lang.String,java.lang.String[],java.lang.String,java.lang.String,java.lang.String,java.lang.String)>",
						"<android.database.sqlite.SQLiteDatabase: android.database.Cursor queryWithFactory(android.database.sqlite.SQLiteDatabase$CursorFactory,boolean,java.lang.String,java.lang.String[],java.lang.String,java.lang.String[],java.lang.String,java.lang.String,java.lang.String,java.lang.String,android.os.CancellationSignal)>",
						"<android.database.sqlite.SQLiteQueryBuilder: void <clinit>()>",
						"key field: <android.database.sqlite.SQLiteQueryBuilder: java.util.regex.Pattern sLimitPattern>",
						"<android.database.sqlite.SQLiteQueryBuilder: java.lang.String buildQueryString(boolean,java.lang.String,java.lang.String[],java.lang.String,java.lang.String,java.lang.String,java.lang.String,java.lang.String)>"
					],
					"depth":4,
					"method":"<android.database.sqlite.SQLiteDatabase: android.database.Cursor query(java.lang.String,java.lang.String[],java.lang.String,java.lang.String[],java.lang.String,java.lang.String,java.lang.String,java.lang.String)>",
					"source":"FIELDCALLER"
				},
				{
					"trace":[
						"<android.content.ContentProvider: android.database.Cursor query(android.net.Uri,java.lang.String[],java.lang.String,java.lang.String[],java.lang.String)>",
						"<android.database.sqlite.SQLiteDatabase: android.database.Cursor query(java.lang.String,java.lang.String[],java.lang.String,java.lang.String[],java.lang.String,java.lang.String,java.lang.String,java.lang.String)>",
						"<android.database.sqlite.SQLiteDatabase: android.database.Cursor query(boolean,java.lang.String,java.lang.String[],java.lang.String,java.lang.String[],java.lang.String,java.lang.String,java.lang.String,java.lang.String)>",
						"<android.database.sqlite.SQLiteDatabase: android.database.Cursor queryWithFactory(android.database.sqlite.SQLiteDatabase$CursorFactory,boolean,java.lang.String,java.lang.String[],java.lang.String,java.lang.String[],java.lang.String,java.lang.String,java.lang.String,java.lang.String,android.os.CancellationSignal)>",
						"<android.database.sqlite.SQLiteQueryBuilder: void <clinit>()>",
						"key field: <android.database.sqlite.SQLiteQueryBuilder: java.util.regex.Pattern sLimitPattern>",
						"<android.database.sqlite.SQLiteQueryBuilder: java.lang.String buildQueryString(boolean,java.lang.String,java.lang.String[],java.lang.String,java.lang.String,java.lang.String,java.lang.String,java.lang.String)>"
					],
					"depth":5,
					"method":"<android.content.ContentProvider: android.database.Cursor query(android.net.Uri,java.lang.String[],java.lang.String,java.lang.String[],java.lang.String)>",
					"source":"FIELDCALLER"
				},
				{
					"trace":[
						"<android.content.SearchRecentSuggestionsProvider: android.database.Cursor query(android.net.Uri,java.lang.String[],java.lang.String,java.lang.String[],java.lang.String)>",
						"<android.database.sqlite.SQLiteDatabase: android.database.Cursor query(java.lang.String,java.lang.String[],java.lang.String,java.lang.String[],java.lang.String,java.lang.String,java.lang.String,java.lang.String)>",
						"<android.database.sqlite.SQLiteDatabase: android.database.Cursor query(boolean,java.lang.String,java.lang.String[],java.lang.String,java.lang.String[],java.lang.String,java.lang.String,java.lang.String,java.lang.String)>",
						"<android.database.sqlite.SQLiteDatabase: android.database.Cursor queryWithFactory(android.database.sqlite.SQLiteDatabase$CursorFactory,boolean,java.lang.String,java.lang.String[],java.lang.String,java.lang.String[],java.lang.String,java.lang.String,java.lang.String,java.lang.String,android.os.CancellationSignal)>",
						"<android.database.sqlite.SQLiteQueryBuilder: void <clinit>()>",
						"key field: <android.database.sqlite.SQLiteQueryBuilder: java.util.regex.Pattern sLimitPattern>",
						"<android.database.sqlite.SQLiteQueryBuilder: java.lang.String buildQueryString(boolean,java.lang.String,java.lang.String[],java.lang.String,java.lang.String,java.lang.String,java.lang.String,java.lang.String)>"
					],
					"depth":5,
					"method":"<android.content.SearchRecentSuggestionsProvider: android.database.Cursor query(android.net.Uri,java.lang.String[],java.lang.String,java.lang.String[],java.lang.String)>",
					"source":"FIELDCALLER"
				},
				{
					"trace":[
						"<android.content.ContentProvider: android.database.Cursor query(android.net.Uri,java.lang.String[],java.lang.String,java.lang.String[],java.lang.String,android.os.CancellationSignal)>",
						"<android.content.SearchRecentSuggestionsProvider: android.database.Cursor query(android.net.Uri,java.lang.String[],java.lang.String,java.lang.String[],java.lang.String)>",
						"<android.database.sqlite.SQLiteDatabase: android.database.Cursor query(java.lang.String,java.lang.String[],java.lang.String,java.lang.String[],java.lang.String,java.lang.String,java.lang.String,java.lang.String)>",
						"<android.database.sqlite.SQLiteDatabase: android.database.Cursor query(boolean,java.lang.String,java.lang.String[],java.lang.String,java.lang.String[],java.lang.String,java.lang.String,java.lang.String,java.lang.String)>",
						"<android.database.sqlite.SQLiteDatabase: android.database.Cursor queryWithFactory(android.database.sqlite.SQLiteDatabase$CursorFactory,boolean,java.lang.String,java.lang.String[],java.lang.String,java.lang.String[],java.lang.String,java.lang.String,java.lang.String,java.lang.String,android.os.CancellationSignal)>",
						"<android.database.sqlite.SQLiteQueryBuilder: void <clinit>()>",
						"key field: <android.database.sqlite.SQLiteQueryBuilder: java.util.regex.Pattern sLimitPattern>",
						"<android.database.sqlite.SQLiteQueryBuilder: java.lang.String buildQueryString(boolean,java.lang.String,java.lang.String[],java.lang.String,java.lang.String,java.lang.String,java.lang.String,java.lang.String)>"
					],
					"depth":6,
					"method":"<android.content.ContentProvider: android.database.Cursor query(android.net.Uri,java.lang.String[],java.lang.String,java.lang.String[],java.lang.String,android.os.CancellationSignal)>",
					"source":"FIELDCALLER"
				},
				{
					"trace":[
						"<android.content.ContentProvider$Transport: android.database.Cursor query(java.lang.String,android.net.Uri,java.lang.String[],java.lang.String,java.lang.String[],java.lang.String,android.os.ICancellationSignal)>",
						"<android.content.ContentProvider: android.database.Cursor query(android.net.Uri,java.lang.String[],java.lang.String,java.lang.String[],java.lang.String,android.os.CancellationSignal)>",
						"<android.content.SearchRecentSuggestionsProvider: android.database.Cursor query(android.net.Uri,java.lang.String[],java.lang.String,java.lang.String[],java.lang.String)>",
						"<android.database.sqlite.SQLiteDatabase: android.database.Cursor query(java.lang.String,java.lang.String[],java.lang.String,java.lang.String[],java.lang.String,java.lang.String,java.lang.String,java.lang.String)>",
						"<android.database.sqlite.SQLiteDatabase: android.database.Cursor query(boolean,java.lang.String,java.lang.String[],java.lang.String,java.lang.String[],java.lang.String,java.lang.String,java.lang.String,java.lang.String)>",
						"<android.database.sqlite.SQLiteDatabase: android.database.Cursor queryWithFactory(android.database.sqlite.SQLiteDatabase$CursorFactory,boolean,java.lang.String,java.lang.String[],java.lang.String,java.lang.String[],java.lang.String,java.lang.String,java.lang.String,java.lang.String,android.os.CancellationSignal)>",
						"<android.database.sqlite.SQLiteQueryBuilder: void <clinit>()>",
						"key field: <android.database.sqlite.SQLiteQueryBuilder: java.util.regex.Pattern sLimitPattern>",
						"<android.database.sqlite.SQLiteQueryBuilder: java.lang.String buildQueryString(boolean,java.lang.String,java.lang.String[],java.lang.String,java.lang.String,java.lang.String,java.lang.String,java.lang.String)>"
					],
					"depth":7,
					"method":"<android.content.ContentProvider$Transport: android.database.Cursor query(java.lang.String,android.net.Uri,java.lang.String[],java.lang.String,java.lang.String[],java.lang.String,android.os.ICancellationSignal)>",
					"source":"FIELDCALLER"
				},
				{
					"trace":[
						"<android.content.ContentResolver: android.database.Cursor query(android.net.Uri,java.lang.String[],java.lang.String,java.lang.String[],java.lang.String,android.os.CancellationSignal)>",
						"<android.content.ContentProvider$Transport: android.database.Cursor query(java.lang.String,android.net.Uri,java.lang.String[],java.lang.String,java.lang.String[],java.lang.String,android.os.ICancellationSignal)>",
						"<android.content.ContentProvider: android.database.Cursor query(android.net.Uri,java.lang.String[],java.lang.String,java.lang.String[],java.lang.String,android.os.CancellationSignal)>",
						"<android.content.SearchRecentSuggestionsProvider: android.database.Cursor query(android.net.Uri,java.lang.String[],java.lang.String,java.lang.String[],java.lang.String)>",
						"<android.database.sqlite.SQLiteDatabase: android.database.Cursor query(java.lang.String,java.lang.String[],java.lang.String,java.lang.String[],java.lang.String,java.lang.String,java.lang.String,java.lang.String)>",
						"<android.database.sqlite.SQLiteDatabase: android.database.Cursor query(boolean,java.lang.String,java.lang.String[],java.lang.String,java.lang.String[],java.lang.String,java.lang.String,java.lang.String,java.lang.String)>",
						"<android.database.sqlite.SQLiteDatabase: android.database.Cursor queryWithFactory(android.database.sqlite.SQLiteDatabase$CursorFactory,boolean,java.lang.String,java.lang.String[],java.lang.String,java.lang.String[],java.lang.String,java.lang.String,java.lang.String,java.lang.String,android.os.CancellationSignal)>",
						"<android.database.sqlite.SQLiteQueryBuilder: void <clinit>()>",
						"key field: <android.database.sqlite.SQLiteQueryBuilder: java.util.regex.Pattern sLimitPattern>",
						"<android.database.sqlite.SQLiteQueryBuilder: java.lang.String buildQueryString(boolean,java.lang.String,java.lang.String[],java.lang.String,java.lang.String,java.lang.String,java.lang.String,java.lang.String)>"
					],
					"depth":8,
					"method":"<android.content.ContentResolver: android.database.Cursor query(android.net.Uri,java.lang.String[],java.lang.String,java.lang.String[],java.lang.String,android.os.CancellationSignal)>",
					"source":"FIELDCALLER"
				},
				{
					"trace":[
						"<android.content.ContentProviderClient: android.database.Cursor query(android.net.Uri,java.lang.String[],java.lang.String,java.lang.String[],java.lang.String,android.os.CancellationSignal)>",
						"<android.content.ContentProvider$Transport: android.database.Cursor query(java.lang.String,android.net.Uri,java.lang.String[],java.lang.String,java.lang.String[],java.lang.String,android.os.ICancellationSignal)>",
						"<android.content.ContentProvider: android.database.Cursor query(android.net.Uri,java.lang.String[],java.lang.String,java.lang.String[],java.lang.String,android.os.CancellationSignal)>",
						"<android.content.SearchRecentSuggestionsProvider: android.database.Cursor query(android.net.Uri,java.lang.String[],java.lang.String,java.lang.String[],java.lang.String)>",
						"<android.database.sqlite.SQLiteDatabase: android.database.Cursor query(java.lang.String,java.lang.String[],java.lang.String,java.lang.String[],java.lang.String,java.lang.String,java.lang.String,java.lang.String)>",
						"<android.database.sqlite.SQLiteDatabase: android.database.Cursor query(boolean,java.lang.String,java.lang.String[],java.lang.String,java.lang.String[],java.lang.String,java.lang.String,java.lang.String,java.lang.String)>",
						"<android.database.sqlite.SQLiteDatabase: android.database.Cursor queryWithFactory(android.database.sqlite.SQLiteDatabase$CursorFactory,boolean,java.lang.String,java.lang.String[],java.lang.String,java.lang.String[],java.lang.String,java.lang.String,java.lang.String,java.lang.String,android.os.CancellationSignal)>",
						"<android.database.sqlite.SQLiteQueryBuilder: void <clinit>()>",
						"key field: <android.database.sqlite.SQLiteQueryBuilder: java.util.regex.Pattern sLimitPattern>",
						"<android.database.sqlite.SQLiteQueryBuilder: java.lang.String buildQueryString(boolean,java.lang.String,java.lang.String[],java.lang.String,java.lang.String,java.lang.String,java.lang.String,java.lang.String)>"
					],
					"depth":8,
					"method":"<android.content.ContentProviderClient: android.database.Cursor query(android.net.Uri,java.lang.String[],java.lang.String,java.lang.String[],java.lang.String,android.os.CancellationSignal)>",
					"source":"FIELDCALLER"
				}
			],
			"callerOfSingnlar2SourceVar":{
				"<android.database.sqlite.SQLiteQueryBuilder: java.lang.String buildQuery(java.lang.String[],java.lang.String,java.lang.String,java.lang.String,java.lang.String,java.lang.String)>":"5, 2",
				"<android.database.sqlite.SQLiteQueryBuilder: java.lang.String buildUnionSubQuery(java.lang.String,java.lang.String[],java.util.Set,int,java.lang.String,java.lang.String,java.lang.String,java.lang.String)>":"6",
				"<android.database.sqlite.SQLiteDatabase: android.database.Cursor query(java.lang.String,java.lang.String[],java.lang.String,java.lang.String[],java.lang.String,java.lang.String,java.lang.String)>":"4",
				"<android.database.sqlite.SQLiteDatabase: android.database.Cursor query(java.lang.String,java.lang.String[],java.lang.String,java.lang.String[],java.lang.String,java.lang.String,java.lang.String,java.lang.String)>":"7, 4",
				"<android.database.sqlite.SQLiteQueryBuilder: android.database.Cursor query(android.database.sqlite.SQLiteDatabase,java.lang.String[],java.lang.String,java.lang.String[],java.lang.String,java.lang.String,java.lang.String,java.lang.String,android.os.CancellationSignal)>":"7, 4",
				"<android.database.sqlite.SQLiteQueryBuilder: java.lang.String buildUnionSubQuery(java.lang.String,java.lang.String[],java.util.Set,int,java.lang.String,java.lang.String,java.lang.String[],java.lang.String,java.lang.String)>":"7",
				"<android.database.sqlite.SQLiteDatabase: android.database.Cursor queryWithFactory(android.database.sqlite.SQLiteDatabase$CursorFactory,boolean,java.lang.String,java.lang.String[],java.lang.String,java.lang.String[],java.lang.String,java.lang.String,java.lang.String,java.lang.String,android.os.CancellationSignal)>":"9, 6",
				"<android.database.sqlite.SQLiteQueryBuilder: android.database.Cursor query(android.database.sqlite.SQLiteDatabase,java.lang.String[],java.lang.String,java.lang.String[],java.lang.String,java.lang.String,java.lang.String,java.lang.String)>":"7, 4",
				"<android.database.sqlite.SQLiteDatabase: android.database.Cursor query(boolean,java.lang.String,java.lang.String[],java.lang.String,java.lang.String[],java.lang.String,java.lang.String,java.lang.String,java.lang.String,android.os.CancellationSignal)>":"8, 5",
				"<android.database.sqlite.SQLiteQueryBuilder: android.database.Cursor query(android.database.sqlite.SQLiteDatabase,java.lang.String[],java.lang.String,java.lang.String[],java.lang.String,java.lang.String,java.lang.String)>":"4",
				"<android.database.sqlite.SQLiteDatabase: android.database.Cursor query(boolean,java.lang.String,java.lang.String[],java.lang.String,java.lang.String[],java.lang.String,java.lang.String,java.lang.String,java.lang.String)>":"8, 5",
				"<android.database.sqlite.SQLiteQueryBuilder: java.lang.String buildQueryString(boolean,java.lang.String,java.lang.String[],java.lang.String,java.lang.String,java.lang.String,java.lang.String,java.lang.String)>":"7, 4",
				"<android.database.sqlite.SQLiteDatabase: android.database.Cursor queryWithFactory(android.database.sqlite.SQLiteDatabase$CursorFactory,boolean,java.lang.String,java.lang.String[],java.lang.String,java.lang.String[],java.lang.String,java.lang.String,java.lang.String,java.lang.String)>":"9, 6",
				"<android.database.sqlite.SQLiteQueryBuilder: java.lang.String buildQuery(java.lang.String[],java.lang.String,java.lang.String[],java.lang.String,java.lang.String,java.lang.String,java.lang.String)>":"6, 3"
			}
		},
		{
			"method":"<android.database.sqlite.SQLiteQueryBuilder: java.lang.String buildQueryString(boolean,java.lang.String,java.lang.String[],java.lang.String,java.lang.String,java.lang.String,java.lang.String,java.lang.String)>",
			"message":"\\QHAVING clauses are only permitted when using a groupBy clause\\E",
			"relatedVarType":"Parameter",
			"relatedCondType":"Basic",
			"modifier":"public",
			"type":"java.lang.IllegalArgumentException",
			"osVersionRelated":false,
			"resourceRelated":false,
			"assessRelated":false,
			"hardwareRelated":false,
			"manifestRelated":false,
			"conditions":"$z4 != 0, $z0 == 0",
			"paramValues":"@parameter5: java.lang.String, @parameter4: java.lang.String",
			"relatedValues":"@parameter5: java.lang.String, @parameter4: java.lang.String; ; ",
			"keyAPISameClassNum":0,
			"keyAPIDiffClassNum":0,
			"keyAPISameClass":[
				{
					"trace":[
						"<android.database.sqlite.SQLiteQueryBuilder: java.lang.String buildQueryString(boolean,java.lang.String,java.lang.String[],java.lang.String,java.lang.String,java.lang.String,java.lang.String,java.lang.String)>"
					],
					"depth":0,
					"method":"<android.database.sqlite.SQLiteQueryBuilder: java.lang.String buildQueryString(boolean,java.lang.String,java.lang.String[],java.lang.String,java.lang.String,java.lang.String,java.lang.String,java.lang.String)>",
					"source":"CALLER"
				},
				{
					"trace":[
						"<android.database.sqlite.SQLiteQueryBuilder: java.lang.String buildQuery(java.lang.String[],java.lang.String,java.lang.String,java.lang.String,java.lang.String,java.lang.String)>",
						"<android.database.sqlite.SQLiteQueryBuilder: java.lang.String buildQueryString(boolean,java.lang.String,java.lang.String[],java.lang.String,java.lang.String,java.lang.String,java.lang.String,java.lang.String)>"
					],
					"depth":1,
					"method":"<android.database.sqlite.SQLiteQueryBuilder: java.lang.String buildQuery(java.lang.String[],java.lang.String,java.lang.String,java.lang.String,java.lang.String,java.lang.String)>",
					"source":"CALLER"
				},
				{
					"trace":[
						"<android.database.sqlite.SQLiteQueryBuilder: java.lang.String buildQuery(java.lang.String[],java.lang.String,java.lang.String[],java.lang.String,java.lang.String,java.lang.String,java.lang.String)>",
						"<android.database.sqlite.SQLiteQueryBuilder: java.lang.String buildQuery(java.lang.String[],java.lang.String,java.lang.String,java.lang.String,java.lang.String,java.lang.String)>",
						"<android.database.sqlite.SQLiteQueryBuilder: java.lang.String buildQueryString(boolean,java.lang.String,java.lang.String[],java.lang.String,java.lang.String,java.lang.String,java.lang.String,java.lang.String)>"
					],
					"depth":2,
					"method":"<android.database.sqlite.SQLiteQueryBuilder: java.lang.String buildQuery(java.lang.String[],java.lang.String,java.lang.String[],java.lang.String,java.lang.String,java.lang.String,java.lang.String)>",
					"source":"CALLER"
				},
				{
					"trace":[
						"<android.database.sqlite.SQLiteQueryBuilder: android.database.Cursor query(android.database.sqlite.SQLiteDatabase,java.lang.String[],java.lang.String,java.lang.String[],java.lang.String,java.lang.String,java.lang.String,java.lang.String,android.os.CancellationSignal)>",
						"<android.database.sqlite.SQLiteQueryBuilder: java.lang.String buildQuery(java.lang.String[],java.lang.String,java.lang.String,java.lang.String,java.lang.String,java.lang.String)>",
						"<android.database.sqlite.SQLiteQueryBuilder: java.lang.String buildQueryString(boolean,java.lang.String,java.lang.String[],java.lang.String,java.lang.String,java.lang.String,java.lang.String,java.lang.String)>"
					],
					"depth":2,
					"method":"<android.database.sqlite.SQLiteQueryBuilder: android.database.Cursor query(android.database.sqlite.SQLiteDatabase,java.lang.String[],java.lang.String,java.lang.String[],java.lang.String,java.lang.String,java.lang.String,java.lang.String,android.os.CancellationSignal)>",
					"source":"CALLER"
				},
				{
					"trace":[
						"<android.database.sqlite.SQLiteQueryBuilder: java.lang.String buildUnionSubQuery(java.lang.String,java.lang.String[],java.util.Set,int,java.lang.String,java.lang.String,java.lang.String,java.lang.String)>",
						"<android.database.sqlite.SQLiteQueryBuilder: java.lang.String buildQuery(java.lang.String[],java.lang.String,java.lang.String,java.lang.String,java.lang.String,java.lang.String)>",
						"<android.database.sqlite.SQLiteQueryBuilder: java.lang.String buildQueryString(boolean,java.lang.String,java.lang.String[],java.lang.String,java.lang.String,java.lang.String,java.lang.String,java.lang.String)>"
					],
					"depth":2,
					"method":"<android.database.sqlite.SQLiteQueryBuilder: java.lang.String buildUnionSubQuery(java.lang.String,java.lang.String[],java.util.Set,int,java.lang.String,java.lang.String,java.lang.String,java.lang.String)>",
					"source":"CALLER"
				},
				{
					"trace":[
						"<android.database.sqlite.SQLiteQueryBuilder: android.database.Cursor query(android.database.sqlite.SQLiteDatabase,java.lang.String[],java.lang.String,java.lang.String[],java.lang.String,java.lang.String,java.lang.String)>",
						"<android.database.sqlite.SQLiteQueryBuilder: android.database.Cursor query(android.database.sqlite.SQLiteDatabase,java.lang.String[],java.lang.String,java.lang.String[],java.lang.String,java.lang.String,java.lang.String,java.lang.String,android.os.CancellationSignal)>",
						"<android.database.sqlite.SQLiteQueryBuilder: java.lang.String buildQuery(java.lang.String[],java.lang.String,java.lang.String,java.lang.String,java.lang.String,java.lang.String)>",
						"<android.database.sqlite.SQLiteQueryBuilder: java.lang.String buildQueryString(boolean,java.lang.String,java.lang.String[],java.lang.String,java.lang.String,java.lang.String,java.lang.String,java.lang.String)>"
					],
					"depth":3,
					"method":"<android.database.sqlite.SQLiteQueryBuilder: android.database.Cursor query(android.database.sqlite.SQLiteDatabase,java.lang.String[],java.lang.String,java.lang.String[],java.lang.String,java.lang.String,java.lang.String)>",
					"source":"CALLER"
				},
				{
					"trace":[
						"<android.database.sqlite.SQLiteQueryBuilder: android.database.Cursor query(android.database.sqlite.SQLiteDatabase,java.lang.String[],java.lang.String,java.lang.String[],java.lang.String,java.lang.String,java.lang.String,java.lang.String)>",
						"<android.database.sqlite.SQLiteQueryBuilder: android.database.Cursor query(android.database.sqlite.SQLiteDatabase,java.lang.String[],java.lang.String,java.lang.String[],java.lang.String,java.lang.String,java.lang.String,java.lang.String,android.os.CancellationSignal)>",
						"<android.database.sqlite.SQLiteQueryBuilder: java.lang.String buildQuery(java.lang.String[],java.lang.String,java.lang.String,java.lang.String,java.lang.String,java.lang.String)>",
						"<android.database.sqlite.SQLiteQueryBuilder: java.lang.String buildQueryString(boolean,java.lang.String,java.lang.String[],java.lang.String,java.lang.String,java.lang.String,java.lang.String,java.lang.String)>"
					],
					"depth":3,
					"method":"<android.database.sqlite.SQLiteQueryBuilder: android.database.Cursor query(android.database.sqlite.SQLiteDatabase,java.lang.String[],java.lang.String,java.lang.String[],java.lang.String,java.lang.String,java.lang.String,java.lang.String)>",
					"source":"CALLER"
				},
				{
					"trace":[
						"<android.database.sqlite.SQLiteQueryBuilder: java.lang.String buildUnionSubQuery(java.lang.String,java.lang.String[],java.util.Set,int,java.lang.String,java.lang.String,java.lang.String[],java.lang.String,java.lang.String)>",
						"<android.database.sqlite.SQLiteQueryBuilder: java.lang.String buildUnionSubQuery(java.lang.String,java.lang.String[],java.util.Set,int,java.lang.String,java.lang.String,java.lang.String,java.lang.String)>",
						"<android.database.sqlite.SQLiteQueryBuilder: java.lang.String buildQuery(java.lang.String[],java.lang.String,java.lang.String,java.lang.String,java.lang.String,java.lang.String)>",
						"<android.database.sqlite.SQLiteQueryBuilder: java.lang.String buildQueryString(boolean,java.lang.String,java.lang.String[],java.lang.String,java.lang.String,java.lang.String,java.lang.String,java.lang.String)>"
					],
					"depth":3,
					"method":"<android.database.sqlite.SQLiteQueryBuilder: java.lang.String buildUnionSubQuery(java.lang.String,java.lang.String[],java.util.Set,int,java.lang.String,java.lang.String,java.lang.String[],java.lang.String,java.lang.String)>",
					"source":"CALLER"
				}
			],
			"keyAPIDiffClass":[
				{
					"trace":[
						"<android.database.sqlite.SQLiteDatabase: android.database.Cursor queryWithFactory(android.database.sqlite.SQLiteDatabase$CursorFactory,boolean,java.lang.String,java.lang.String[],java.lang.String,java.lang.String[],java.lang.String,java.lang.String,java.lang.String,java.lang.String,android.os.CancellationSignal)>",
						"<android.database.sqlite.SQLiteQueryBuilder: java.lang.String buildQueryString(boolean,java.lang.String,java.lang.String[],java.lang.String,java.lang.String,java.lang.String,java.lang.String,java.lang.String)>"
					],
					"depth":1,
					"method":"<android.database.sqlite.SQLiteDatabase: android.database.Cursor queryWithFactory(android.database.sqlite.SQLiteDatabase$CursorFactory,boolean,java.lang.String,java.lang.String[],java.lang.String,java.lang.String[],java.lang.String,java.lang.String,java.lang.String,java.lang.String,android.os.CancellationSignal)>",
					"source":"CALLER"
				},
				{
					"trace":[
						"<android.database.sqlite.SQLiteDatabase: android.database.Cursor query(boolean,java.lang.String,java.lang.String[],java.lang.String,java.lang.String[],java.lang.String,java.lang.String,java.lang.String,java.lang.String)>",
						"<android.database.sqlite.SQLiteDatabase: android.database.Cursor queryWithFactory(android.database.sqlite.SQLiteDatabase$CursorFactory,boolean,java.lang.String,java.lang.String[],java.lang.String,java.lang.String[],java.lang.String,java.lang.String,java.lang.String,java.lang.String,android.os.CancellationSignal)>",
						"<android.database.sqlite.SQLiteQueryBuilder: java.lang.String buildQueryString(boolean,java.lang.String,java.lang.String[],java.lang.String,java.lang.String,java.lang.String,java.lang.String,java.lang.String)>"
					],
					"depth":2,
					"method":"<android.database.sqlite.SQLiteDatabase: android.database.Cursor query(boolean,java.lang.String,java.lang.String[],java.lang.String,java.lang.String[],java.lang.String,java.lang.String,java.lang.String,java.lang.String)>",
					"source":"CALLER"
				},
				{
					"trace":[
						"<android.database.sqlite.SQLiteDatabase: android.database.Cursor queryWithFactory(android.database.sqlite.SQLiteDatabase$CursorFactory,boolean,java.lang.String,java.lang.String[],java.lang.String,java.lang.String[],java.lang.String,java.lang.String,java.lang.String,java.lang.String)>",
						"<android.database.sqlite.SQLiteDatabase: android.database.Cursor queryWithFactory(android.database.sqlite.SQLiteDatabase$CursorFactory,boolean,java.lang.String,java.lang.String[],java.lang.String,java.lang.String[],java.lang.String,java.lang.String,java.lang.String,java.lang.String,android.os.CancellationSignal)>",
						"<android.database.sqlite.SQLiteQueryBuilder: java.lang.String buildQueryString(boolean,java.lang.String,java.lang.String[],java.lang.String,java.lang.String,java.lang.String,java.lang.String,java.lang.String)>"
					],
					"depth":2,
					"method":"<android.database.sqlite.SQLiteDatabase: android.database.Cursor queryWithFactory(android.database.sqlite.SQLiteDatabase$CursorFactory,boolean,java.lang.String,java.lang.String[],java.lang.String,java.lang.String[],java.lang.String,java.lang.String,java.lang.String,java.lang.String)>",
					"source":"CALLER"
				},
				{
					"trace":[
						"<android.database.sqlite.SQLiteDatabase: android.database.Cursor query(boolean,java.lang.String,java.lang.String[],java.lang.String,java.lang.String[],java.lang.String,java.lang.String,java.lang.String,java.lang.String,android.os.CancellationSignal)>",
						"<android.database.sqlite.SQLiteDatabase: android.database.Cursor queryWithFactory(android.database.sqlite.SQLiteDatabase$CursorFactory,boolean,java.lang.String,java.lang.String[],java.lang.String,java.lang.String[],java.lang.String,java.lang.String,java.lang.String,java.lang.String,android.os.CancellationSignal)>",
						"<android.database.sqlite.SQLiteQueryBuilder: java.lang.String buildQueryString(boolean,java.lang.String,java.lang.String[],java.lang.String,java.lang.String,java.lang.String,java.lang.String,java.lang.String)>"
					],
					"depth":2,
					"method":"<android.database.sqlite.SQLiteDatabase: android.database.Cursor query(boolean,java.lang.String,java.lang.String[],java.lang.String,java.lang.String[],java.lang.String,java.lang.String,java.lang.String,java.lang.String,android.os.CancellationSignal)>",
					"source":"CALLER"
				},
				{
					"trace":[
						"<android.database.sqlite.SQLiteDatabase: android.database.Cursor query(java.lang.String,java.lang.String[],java.lang.String,java.lang.String[],java.lang.String,java.lang.String,java.lang.String)>",
						"<android.database.sqlite.SQLiteDatabase: android.database.Cursor query(boolean,java.lang.String,java.lang.String[],java.lang.String,java.lang.String[],java.lang.String,java.lang.String,java.lang.String,java.lang.String)>",
						"<android.database.sqlite.SQLiteDatabase: android.database.Cursor queryWithFactory(android.database.sqlite.SQLiteDatabase$CursorFactory,boolean,java.lang.String,java.lang.String[],java.lang.String,java.lang.String[],java.lang.String,java.lang.String,java.lang.String,java.lang.String,android.os.CancellationSignal)>",
						"<android.database.sqlite.SQLiteQueryBuilder: java.lang.String buildQueryString(boolean,java.lang.String,java.lang.String[],java.lang.String,java.lang.String,java.lang.String,java.lang.String,java.lang.String)>"
					],
					"depth":3,
					"method":"<android.database.sqlite.SQLiteDatabase: android.database.Cursor query(java.lang.String,java.lang.String[],java.lang.String,java.lang.String[],java.lang.String,java.lang.String,java.lang.String)>",
					"source":"CALLER"
				},
				{
					"trace":[
						"<android.database.sqlite.SQLiteDatabase: android.database.Cursor query(java.lang.String,java.lang.String[],java.lang.String,java.lang.String[],java.lang.String,java.lang.String,java.lang.String,java.lang.String)>",
						"<android.database.sqlite.SQLiteDatabase: android.database.Cursor query(boolean,java.lang.String,java.lang.String[],java.lang.String,java.lang.String[],java.lang.String,java.lang.String,java.lang.String,java.lang.String)>",
						"<android.database.sqlite.SQLiteDatabase: android.database.Cursor queryWithFactory(android.database.sqlite.SQLiteDatabase$CursorFactory,boolean,java.lang.String,java.lang.String[],java.lang.String,java.lang.String[],java.lang.String,java.lang.String,java.lang.String,java.lang.String,android.os.CancellationSignal)>",
						"<android.database.sqlite.SQLiteQueryBuilder: java.lang.String buildQueryString(boolean,java.lang.String,java.lang.String[],java.lang.String,java.lang.String,java.lang.String,java.lang.String,java.lang.String)>"
					],
					"depth":3,
					"method":"<android.database.sqlite.SQLiteDatabase: android.database.Cursor query(java.lang.String,java.lang.String[],java.lang.String,java.lang.String[],java.lang.String,java.lang.String,java.lang.String,java.lang.String)>",
					"source":"CALLER"
				}
			],
			"callerOfSingnlar2SourceVar":{
				"<android.database.sqlite.SQLiteQueryBuilder: java.lang.String buildQuery(java.lang.String[],java.lang.String,java.lang.String,java.lang.String,java.lang.String,java.lang.String)>":"3, 2",
				"<android.database.sqlite.SQLiteQueryBuilder: java.lang.String buildUnionSubQuery(java.lang.String,java.lang.String[],java.util.Set,int,java.lang.String,java.lang.String,java.lang.String,java.lang.String)>":"7, 6",
				"<android.database.sqlite.SQLiteDatabase: android.database.Cursor query(java.lang.String,java.lang.String[],java.lang.String,java.lang.String[],java.lang.String,java.lang.String,java.lang.String)>":"5, 4",
				"<android.database.sqlite.SQLiteDatabase: android.database.Cursor query(java.lang.String,java.lang.String[],java.lang.String,java.lang.String[],java.lang.String,java.lang.String,java.lang.String,java.lang.String)>":"5, 4",
				"<android.database.sqlite.SQLiteQueryBuilder: android.database.Cursor query(android.database.sqlite.SQLiteDatabase,java.lang.String[],java.lang.String,java.lang.String[],java.lang.String,java.lang.String,java.lang.String,java.lang.String,android.os.CancellationSignal)>":"5, 4",
				"<android.database.sqlite.SQLiteQueryBuilder: java.lang.String buildUnionSubQuery(java.lang.String,java.lang.String[],java.util.Set,int,java.lang.String,java.lang.String,java.lang.String[],java.lang.String,java.lang.String)>":"8, 7",
				"<android.database.sqlite.SQLiteDatabase: android.database.Cursor queryWithFactory(android.database.sqlite.SQLiteDatabase$CursorFactory,boolean,java.lang.String,java.lang.String[],java.lang.String,java.lang.String[],java.lang.String,java.lang.String,java.lang.String,java.lang.String,android.os.CancellationSignal)>":"7, 6",
				"<android.database.sqlite.SQLiteQueryBuilder: android.database.Cursor query(android.database.sqlite.SQLiteDatabase,java.lang.String[],java.lang.String,java.lang.String[],java.lang.String,java.lang.String,java.lang.String,java.lang.String)>":"5, 4",
				"<android.database.sqlite.SQLiteDatabase: android.database.Cursor query(boolean,java.lang.String,java.lang.String[],java.lang.String,java.lang.String[],java.lang.String,java.lang.String,java.lang.String,java.lang.String,android.os.CancellationSignal)>":"6, 5",
				"<android.database.sqlite.SQLiteQueryBuilder: android.database.Cursor query(android.database.sqlite.SQLiteDatabase,java.lang.String[],java.lang.String,java.lang.String[],java.lang.String,java.lang.String,java.lang.String)>":"5, 4",
				"<android.database.sqlite.SQLiteDatabase: android.database.Cursor query(boolean,java.lang.String,java.lang.String[],java.lang.String,java.lang.String[],java.lang.String,java.lang.String,java.lang.String,java.lang.String)>":"6, 5",
				"<android.database.sqlite.SQLiteQueryBuilder: java.lang.String buildQueryString(boolean,java.lang.String,java.lang.String[],java.lang.String,java.lang.String,java.lang.String,java.lang.String,java.lang.String)>":"5, 4",
				"<android.database.sqlite.SQLiteDatabase: android.database.Cursor queryWithFactory(android.database.sqlite.SQLiteDatabase$CursorFactory,boolean,java.lang.String,java.lang.String[],java.lang.String,java.lang.String[],java.lang.String,java.lang.String,java.lang.String,java.lang.String)>":"7, 6",
				"<android.database.sqlite.SQLiteQueryBuilder: java.lang.String buildQuery(java.lang.String[],java.lang.String,java.lang.String[],java.lang.String,java.lang.String,java.lang.String,java.lang.String)>":"4, 3"
			}
		},
		{
			"method":"<android.database.sqlite.SQLiteQueryBuilder: java.lang.String[] computeProjection(java.lang.String[])>",
			"message":"\\QInvalid column \\E[\\s\\S]*",
			"relatedVarType":"ParaAndField",
			"relatedCondType":"Basic",
			"modifier":"private",
			"type":"java.lang.IllegalArgumentException",
			"osVersionRelated":false,
			"resourceRelated":false,
			"assessRelated":false,
			"hardwareRelated":false,
			"manifestRelated":false,
			"conditions":"$z1 != 0, r16 == null, i5 >= i4",
			"paramValues":"@parameter0: java.lang.String[]",
			"fieldValues":"<android.database.sqlite.SQLiteQueryBuilder: boolean mStrict>, <android.database.sqlite.SQLiteQueryBuilder: java.util.Map mProjectionMap>",
			"relatedValues":"@parameter0: java.lang.String[]; <android.database.sqlite.SQLiteQueryBuilder: boolean mStrict>, <android.database.sqlite.SQLiteQueryBuilder: java.util.Map mProjectionMap>; ",
			"keyAPISameClassNum":10,
			"keyAPIDiffClassNum":0,
			"keyAPISameClass":[
				{
					"trace":[
						"<android.database.sqlite.SQLiteQueryBuilder: java.lang.String[] computeProjection(java.lang.String[])>"
					],
					"depth":1,
					"method":"<android.database.sqlite.SQLiteQueryBuilder: void setStrict(boolean)>",
					"source":"FIELD"
				},
				{
					"trace":[
						"<android.database.sqlite.SQLiteQueryBuilder: java.lang.String[] computeProjection(java.lang.String[])>"
					],
					"depth":1,
					"method":"<android.database.sqlite.SQLiteQueryBuilder: void <init>()>",
					"source":"FIELD"
				},
				{
					"trace":[
						"<android.database.sqlite.SQLiteQueryBuilder: java.lang.String[] computeProjection(java.lang.String[])>"
					],
					"depth":1,
					"method":"<android.database.sqlite.SQLiteQueryBuilder: void setProjectionMap(java.util.Map)>",
					"source":"FIELD"
				},
				{
					"trace":[
						"<android.database.sqlite.SQLiteQueryBuilder: java.lang.String buildQuery(java.lang.String[],java.lang.String,java.lang.String,java.lang.String,java.lang.String,java.lang.String)>",
						"<android.database.sqlite.SQLiteQueryBuilder: java.lang.String[] computeProjection(java.lang.String[])>",
						"key field: <android.database.sqlite.SQLiteQueryBuilder: java.util.Map mProjectionMap>",
						"<android.database.sqlite.SQLiteQueryBuilder: java.lang.String[] computeProjection(java.lang.String[])>"
					],
					"depth":2,
					"method":"<android.database.sqlite.SQLiteQueryBuilder: java.lang.String buildQuery(java.lang.String[],java.lang.String,java.lang.String,java.lang.String,java.lang.String,java.lang.String)>",
					"source":"FIELDCALLER"
				},
				{
					"trace":[
						"<android.database.sqlite.SQLiteQueryBuilder: java.lang.String buildQuery(java.lang.String[],java.lang.String,java.lang.String[],java.lang.String,java.lang.String,java.lang.String,java.lang.String)>",
						"<android.database.sqlite.SQLiteQueryBuilder: java.lang.String buildQuery(java.lang.String[],java.lang.String,java.lang.String,java.lang.String,java.lang.String,java.lang.String)>",
						"<android.database.sqlite.SQLiteQueryBuilder: java.lang.String[] computeProjection(java.lang.String[])>",
						"key field: <android.database.sqlite.SQLiteQueryBuilder: java.util.Map mProjectionMap>",
						"<android.database.sqlite.SQLiteQueryBuilder: java.lang.String[] computeProjection(java.lang.String[])>"
					],
					"depth":3,
					"method":"<android.database.sqlite.SQLiteQueryBuilder: java.lang.String buildQuery(java.lang.String[],java.lang.String,java.lang.String[],java.lang.String,java.lang.String,java.lang.String,java.lang.String)>",
					"source":"FIELDCALLER"
				},
				{
					"trace":[
						"<android.database.sqlite.SQLiteQueryBuilder: android.database.Cursor query(android.database.sqlite.SQLiteDatabase,java.lang.String[],java.lang.String,java.lang.String[],java.lang.String,java.lang.String,java.lang.String,java.lang.String,android.os.CancellationSignal)>",
						"<android.database.sqlite.SQLiteQueryBuilder: java.lang.String buildQuery(java.lang.String[],java.lang.String,java.lang.String,java.lang.String,java.lang.String,java.lang.String)>",
						"<android.database.sqlite.SQLiteQueryBuilder: java.lang.String[] computeProjection(java.lang.String[])>",
						"key field: <android.database.sqlite.SQLiteQueryBuilder: java.util.Map mProjectionMap>",
						"<android.database.sqlite.SQLiteQueryBuilder: java.lang.String[] computeProjection(java.lang.String[])>"
					],
					"depth":3,
					"method":"<android.database.sqlite.SQLiteQueryBuilder: android.database.Cursor query(android.database.sqlite.SQLiteDatabase,java.lang.String[],java.lang.String,java.lang.String[],java.lang.String,java.lang.String,java.lang.String,java.lang.String,android.os.CancellationSignal)>",
					"source":"FIELDCALLER"
				},
				{
					"trace":[
						"<android.database.sqlite.SQLiteQueryBuilder: java.lang.String buildUnionSubQuery(java.lang.String,java.lang.String[],java.util.Set,int,java.lang.String,java.lang.String,java.lang.String,java.lang.String)>",
						"<android.database.sqlite.SQLiteQueryBuilder: java.lang.String buildQuery(java.lang.String[],java.lang.String,java.lang.String,java.lang.String,java.lang.String,java.lang.String)>",
						"<android.database.sqlite.SQLiteQueryBuilder: java.lang.String[] computeProjection(java.lang.String[])>",
						"key field: <android.database.sqlite.SQLiteQueryBuilder: java.util.Map mProjectionMap>",
						"<android.database.sqlite.SQLiteQueryBuilder: java.lang.String[] computeProjection(java.lang.String[])>"
					],
					"depth":3,
					"method":"<android.database.sqlite.SQLiteQueryBuilder: java.lang.String buildUnionSubQuery(java.lang.String,java.lang.String[],java.util.Set,int,java.lang.String,java.lang.String,java.lang.String,java.lang.String)>",
					"source":"FIELDCALLER"
				},
				{
					"trace":[
						"<android.database.sqlite.SQLiteQueryBuilder: android.database.Cursor query(android.database.sqlite.SQLiteDatabase,java.lang.String[],java.lang.String,java.lang.String[],java.lang.String,java.lang.String,java.lang.String)>",
						"<android.database.sqlite.SQLiteQueryBuilder: android.database.Cursor query(android.database.sqlite.SQLiteDatabase,java.lang.String[],java.lang.String,java.lang.String[],java.lang.String,java.lang.String,java.lang.String,java.lang.String,android.os.CancellationSignal)>",
						"<android.database.sqlite.SQLiteQueryBuilder: java.lang.String buildQuery(java.lang.String[],java.lang.String,java.lang.String,java.lang.String,java.lang.String,java.lang.String)>",
						"<android.database.sqlite.SQLiteQueryBuilder: java.lang.String[] computeProjection(java.lang.String[])>",
						"key field: <android.database.sqlite.SQLiteQueryBuilder: java.util.Map mProjectionMap>",
						"<android.database.sqlite.SQLiteQueryBuilder: java.lang.String[] computeProjection(java.lang.String[])>"
					],
					"depth":4,
					"method":"<android.database.sqlite.SQLiteQueryBuilder: android.database.Cursor query(android.database.sqlite.SQLiteDatabase,java.lang.String[],java.lang.String,java.lang.String[],java.lang.String,java.lang.String,java.lang.String)>",
					"source":"FIELDCALLER"
				},
				{
					"trace":[
						"<android.database.sqlite.SQLiteQueryBuilder: android.database.Cursor query(android.database.sqlite.SQLiteDatabase,java.lang.String[],java.lang.String,java.lang.String[],java.lang.String,java.lang.String,java.lang.String,java.lang.String)>",
						"<android.database.sqlite.SQLiteQueryBuilder: android.database.Cursor query(android.database.sqlite.SQLiteDatabase,java.lang.String[],java.lang.String,java.lang.String[],java.lang.String,java.lang.String,java.lang.String,java.lang.String,android.os.CancellationSignal)>",
						"<android.database.sqlite.SQLiteQueryBuilder: java.lang.String buildQuery(java.lang.String[],java.lang.String,java.lang.String,java.lang.String,java.lang.String,java.lang.String)>",
						"<android.database.sqlite.SQLiteQueryBuilder: java.lang.String[] computeProjection(java.lang.String[])>",
						"key field: <android.database.sqlite.SQLiteQueryBuilder: java.util.Map mProjectionMap>",
						"<android.database.sqlite.SQLiteQueryBuilder: java.lang.String[] computeProjection(java.lang.String[])>"
					],
					"depth":4,
					"method":"<android.database.sqlite.SQLiteQueryBuilder: android.database.Cursor query(android.database.sqlite.SQLiteDatabase,java.lang.String[],java.lang.String,java.lang.String[],java.lang.String,java.lang.String,java.lang.String,java.lang.String)>",
					"source":"FIELDCALLER"
				},
				{
					"trace":[
						"<android.database.sqlite.SQLiteQueryBuilder: java.lang.String buildUnionSubQuery(java.lang.String,java.lang.String[],java.util.Set,int,java.lang.String,java.lang.String,java.lang.String[],java.lang.String,java.lang.String)>",
						"<android.database.sqlite.SQLiteQueryBuilder: java.lang.String buildUnionSubQuery(java.lang.String,java.lang.String[],java.util.Set,int,java.lang.String,java.lang.String,java.lang.String,java.lang.String)>",
						"<android.database.sqlite.SQLiteQueryBuilder: java.lang.String buildQuery(java.lang.String[],java.lang.String,java.lang.String,java.lang.String,java.lang.String,java.lang.String)>",
						"<android.database.sqlite.SQLiteQueryBuilder: java.lang.String[] computeProjection(java.lang.String[])>",
						"key field: <android.database.sqlite.SQLiteQueryBuilder: java.util.Map mProjectionMap>",
						"<android.database.sqlite.SQLiteQueryBuilder: java.lang.String[] computeProjection(java.lang.String[])>"
					],
					"depth":4,
					"method":"<android.database.sqlite.SQLiteQueryBuilder: java.lang.String buildUnionSubQuery(java.lang.String,java.lang.String[],java.util.Set,int,java.lang.String,java.lang.String,java.lang.String[],java.lang.String,java.lang.String)>",
					"source":"FIELDCALLER"
				}
			],
			"keyAPIDiffClass":[],
			"callerOfSingnlar2SourceVar":{
				"<android.database.sqlite.SQLiteQueryBuilder: java.lang.String buildQuery(java.lang.String[],java.lang.String,java.lang.String,java.lang.String,java.lang.String,java.lang.String)>":"0",
				"<android.database.sqlite.SQLiteQueryBuilder: android.database.Cursor query(android.database.sqlite.SQLiteDatabase,java.lang.String[],java.lang.String,java.lang.String[],java.lang.String,java.lang.String,java.lang.String,java.lang.String,android.os.CancellationSignal)>":"1",
				"<android.database.sqlite.SQLiteQueryBuilder: android.database.Cursor query(android.database.sqlite.SQLiteDatabase,java.lang.String[],java.lang.String,java.lang.String[],java.lang.String,java.lang.String,java.lang.String)>":"1",
				"<android.database.sqlite.SQLiteQueryBuilder: java.lang.String[] computeProjection(java.lang.String[])>":"0",
				"<android.database.sqlite.SQLiteQueryBuilder: java.lang.String buildQuery(java.lang.String[],java.lang.String,java.lang.String[],java.lang.String,java.lang.String,java.lang.String,java.lang.String)>":"0",
				"<android.database.sqlite.SQLiteQueryBuilder: android.database.Cursor query(android.database.sqlite.SQLiteDatabase,java.lang.String[],java.lang.String,java.lang.String[],java.lang.String,java.lang.String,java.lang.String,java.lang.String)>":"1"
			}
		}
	]
}