{
	"exceptions":[
		{
			"method":"<android.media.effect.EffectContext: void initInCurrentGlContext()>",
			"message":"\\QAttempting to initialize EffectContext with no active GL context!\\E",
			"relatedVarType":"Unknown",
			"relatedCondType":"Basic",
			"modifier":"private",
			"type":"java.lang.RuntimeException",
			"osVersionRelated":false,
			"resourceRelated":false,
			"assessRelated":false,
			"hardwareRelated":true,
			"manifestRelated":false,
			"conditions":"$z0 != 0",
			"keyAPISameClassNum":0,
			"keyAPIDiffClassNum":0,
			"keyAPISameClass":[],
			"keyAPIDiffClass":[],
			"callerOfSingnlar2SourceVar":{}
		},
		{
			"method":"<android.media.effect.EffectContext: void assertValidGLState()>",
			"message":"\\QApplying effect in wrong GL context!\\E",
			"relatedVarType":"Field",
			"relatedCondType":"Basic",
			"modifier":"default",
			"type":"java.lang.RuntimeException",
			"osVersionRelated":false,
			"resourceRelated":false,
			"assessRelated":false,
			"hardwareRelated":true,
			"manifestRelated":false,
			"conditions":"$z0 == 0, r2 == null, $z1 != 0",
			"fieldValues":"<android.media.effect.EffectContext: android.filterfw.core.FilterContext mFilterContext>",
			"relatedValues":"; <android.media.effect.EffectContext: android.filterfw.core.FilterContext mFilterContext>; ",
			"keyAPISameClassNum":2,
			"keyAPIDiffClassNum":5,
			"keyAPISameClass":[
				{
					"trace":[
						"<android.media.effect.EffectContext: void assertValidGLState()>"
					],
					"depth":1,
					"method":"<android.media.effect.EffectContext: void release()>",
					"source":"FIELD"
				},
				{
					"trace":[
						"<android.media.effect.EffectContext: android.media.effect.EffectContext createWithCurrentGlContext()>",
						"<android.media.effect.EffectContext: void <init>()>",
						"key field: <android.media.effect.EffectContext: android.filterfw.core.FilterContext mFilterContext>",
						"<android.media.effect.EffectContext: void assertValidGLState()>"
					],
					"depth":2,
					"method":"<android.media.effect.EffectContext: android.media.effect.EffectContext createWithCurrentGlContext()>",
					"source":"FIELDCALLER"
				}
			],
			"keyAPIDiffClass":[
				{
					"trace":[
						"<android.media.effect.SingleFilterEffect: void apply(int,int,int,int)>",
						"<android.media.effect.FilterEffect: void beginGLEffect()>",
						"<android.media.effect.EffectContext: void assertValidGLState()>",
						"key field: <android.media.effect.EffectContext: android.filterfw.core.FilterContext mFilterContext>",
						"<android.media.effect.EffectContext: void assertValidGLState()>"
					],
					"depth":3,
					"method":"<android.media.effect.SingleFilterEffect: void apply(int,int,int,int)>",
					"source":"FIELDCALLER"
				},
				{
					"trace":[
						"<android.media.effect.Effect: void apply(int,int,int,int)>",
						"<android.media.effect.FilterEffect: void beginGLEffect()>",
						"<android.media.effect.EffectContext: void assertValidGLState()>",
						"key field: <android.media.effect.EffectContext: android.filterfw.core.FilterContext mFilterContext>",
						"<android.media.effect.EffectContext: void assertValidGLState()>"
					],
					"depth":3,
					"method":"<android.media.effect.Effect: void apply(int,int,int,int)>",
					"source":"FIELDCALLER"
				},
				{
					"trace":[
						"<android.media.effect.SizeChangeEffect: void apply(int,int,int,int)>",
						"<android.media.effect.FilterEffect: void beginGLEffect()>",
						"<android.media.effect.EffectContext: void assertValidGLState()>",
						"key field: <android.media.effect.EffectContext: android.filterfw.core.FilterContext mFilterContext>",
						"<android.media.effect.EffectContext: void assertValidGLState()>"
					],
					"depth":3,
					"method":"<android.media.effect.SizeChangeEffect: void apply(int,int,int,int)>",
					"source":"FIELDCALLER"
				},
				{
					"trace":[
						"<android.media.effect.effects.IdentityEffect: void apply(int,int,int,int)>",
						"<android.media.effect.FilterEffect: void beginGLEffect()>",
						"<android.media.effect.EffectContext: void assertValidGLState()>",
						"key field: <android.media.effect.EffectContext: android.filterfw.core.FilterContext mFilterContext>",
						"<android.media.effect.EffectContext: void assertValidGLState()>"
					],
					"depth":3,
					"method":"<android.media.effect.effects.IdentityEffect: void apply(int,int,int,int)>",
					"source":"FIELDCALLER"
				},
				{
					"trace":[
						"<android.media.effect.FilterGraphEffect: void apply(int,int,int,int)>",
						"<android.media.effect.FilterEffect: void beginGLEffect()>",
						"<android.media.effect.EffectContext: void assertValidGLState()>",
						"key field: <android.media.effect.EffectContext: android.filterfw.core.FilterContext mFilterContext>",
						"<android.media.effect.EffectContext: void assertValidGLState()>"
					],
					"depth":3,
					"method":"<android.media.effect.FilterGraphEffect: void apply(int,int,int,int)>",
					"source":"FIELDCALLER"
				}
			],
			"callerOfSingnlar2SourceVar":{}
		},
		{
			"method":"<android.media.effect.EffectContext: void assertValidGLState()>",
			"message":"\\QAttempting to apply effect without valid GL context!\\E",
			"relatedVarType":"Field",
			"relatedCondType":"Basic",
			"modifier":"default",
			"type":"java.lang.RuntimeException",
			"osVersionRelated":false,
			"resourceRelated":false,
			"assessRelated":false,
			"hardwareRelated":true,
			"manifestRelated":false,
			"conditions":"$z0 == 0, r2 == null, $z1 != 0",
			"fieldValues":"<android.media.effect.EffectContext: android.filterfw.core.FilterContext mFilterContext>",
			"relatedValues":"; <android.media.effect.EffectContext: android.filterfw.core.FilterContext mFilterContext>; ",
			"keyAPISameClassNum":2,
			"keyAPIDiffClassNum":5,
			"keyAPISameClass":[
				{
					"trace":[
						"<android.media.effect.EffectContext: void assertValidGLState()>"
					],
					"depth":1,
					"method":"<android.media.effect.EffectContext: void release()>",
					"source":"FIELD"
				},
				{
					"trace":[
						"<android.media.effect.EffectContext: android.media.effect.EffectContext createWithCurrentGlContext()>",
						"<android.media.effect.EffectContext: void <init>()>",
						"key field: <android.media.effect.EffectContext: android.filterfw.core.FilterContext mFilterContext>",
						"<android.media.effect.EffectContext: void assertValidGLState()>"
					],
					"depth":2,
					"method":"<android.media.effect.EffectContext: android.media.effect.EffectContext createWithCurrentGlContext()>",
					"source":"FIELDCALLER"
				}
			],
			"keyAPIDiffClass":[
				{
					"trace":[
						"<android.media.effect.SingleFilterEffect: void apply(int,int,int,int)>",
						"<android.media.effect.FilterEffect: void beginGLEffect()>",
						"<android.media.effect.EffectContext: void assertValidGLState()>",
						"key field: <android.media.effect.EffectContext: android.filterfw.core.FilterContext mFilterContext>",
						"<android.media.effect.EffectContext: void assertValidGLState()>"
					],
					"depth":3,
					"method":"<android.media.effect.SingleFilterEffect: void apply(int,int,int,int)>",
					"source":"FIELDCALLER"
				},
				{
					"trace":[
						"<android.media.effect.Effect: void apply(int,int,int,int)>",
						"<android.media.effect.FilterEffect: void beginGLEffect()>",
						"<android.media.effect.EffectContext: void assertValidGLState()>",
						"key field: <android.media.effect.EffectContext: android.filterfw.core.FilterContext mFilterContext>",
						"<android.media.effect.EffectContext: void assertValidGLState()>"
					],
					"depth":3,
					"method":"<android.media.effect.Effect: void apply(int,int,int,int)>",
					"source":"FIELDCALLER"
				},
				{
					"trace":[
						"<android.media.effect.SizeChangeEffect: void apply(int,int,int,int)>",
						"<android.media.effect.FilterEffect: void beginGLEffect()>",
						"<android.media.effect.EffectContext: void assertValidGLState()>",
						"key field: <android.media.effect.EffectContext: android.filterfw.core.FilterContext mFilterContext>",
						"<android.media.effect.EffectContext: void assertValidGLState()>"
					],
					"depth":3,
					"method":"<android.media.effect.SizeChangeEffect: void apply(int,int,int,int)>",
					"source":"FIELDCALLER"
				},
				{
					"trace":[
						"<android.media.effect.effects.IdentityEffect: void apply(int,int,int,int)>",
						"<android.media.effect.FilterEffect: void beginGLEffect()>",
						"<android.media.effect.EffectContext: void assertValidGLState()>",
						"key field: <android.media.effect.EffectContext: android.filterfw.core.FilterContext mFilterContext>",
						"<android.media.effect.EffectContext: void assertValidGLState()>"
					],
					"depth":3,
					"method":"<android.media.effect.effects.IdentityEffect: void apply(int,int,int,int)>",
					"source":"FIELDCALLER"
				},
				{
					"trace":[
						"<android.media.effect.FilterGraphEffect: void apply(int,int,int,int)>",
						"<android.media.effect.FilterEffect: void beginGLEffect()>",
						"<android.media.effect.EffectContext: void assertValidGLState()>",
						"key field: <android.media.effect.EffectContext: android.filterfw.core.FilterContext mFilterContext>",
						"<android.media.effect.EffectContext: void assertValidGLState()>"
					],
					"depth":3,
					"method":"<android.media.effect.FilterGraphEffect: void apply(int,int,int,int)>",
					"source":"FIELDCALLER"
				}
			],
			"callerOfSingnlar2SourceVar":{}
		}
	]
}