{
	"exceptions":[
		{
			"method":"<android.media.videoeditor.MediaProperties: android.util.Pair[] getSupportedResolutions(int)>",
			"message":"\\QUnknown aspect ratio: \\E[\\s\\S]*",
			"relatedVarType":"Parameter",
			"relatedCondType":"Basic",
			"modifier":"public",
			"type":"java.lang.IllegalArgumentException",
			"osVersionRelated":false,
			"resourceRelated":false,
			"assessRelated":false,
			"hardwareRelated":false,
			"manifestRelated":false,
			"conditions":"i0",
			"paramValues":"@parameter0: int",
			"relatedValues":"@parameter0: int; ; ",
			"keyAPISameClassNum":0,
			"keyAPIDiffClassNum":0,
			"keyAPISameClass":[
				{
					"trace":[
						"<android.media.videoeditor.MediaProperties: android.util.Pair[] getSupportedResolutions(int)>"
					],
					"depth":0,
					"method":"<android.media.videoeditor.MediaProperties: android.util.Pair[] getSupportedResolutions(int)>",
					"source":"CALLER"
				}
			],
			"keyAPIDiffClass":[],
			"callerOfSingnlar2SourceVar":{
				"<android.media.videoeditor.MediaProperties: android.util.Pair[] getSupportedResolutions(int)>":"0"
			}
		},
		{
			"method":"<android.media.videoeditor.MediaProperties: android.util.Pair[] getSupportedResolutions(int)>",
			"message":"\\QCan't get the video editor profile\\E",
			"relatedVarType":"Parameter",
			"relatedCondType":"Basic",
			"modifier":"public",
			"type":"java.lang.RuntimeException",
			"osVersionRelated":false,
			"resourceRelated":false,
			"assessRelated":false,
			"hardwareRelated":false,
			"manifestRelated":false,
			"conditions":"r0 != null, i0",
			"paramValues":"@parameter0: int",
			"relatedValues":"@parameter0: int; ; ",
			"keyAPISameClassNum":0,
			"keyAPIDiffClassNum":0,
			"keyAPISameClass":[
				{
					"trace":[
						"<android.media.videoeditor.MediaProperties: android.util.Pair[] getSupportedResolutions(int)>"
					],
					"depth":0,
					"method":"<android.media.videoeditor.MediaProperties: android.util.Pair[] getSupportedResolutions(int)>",
					"source":"CALLER"
				}
			],
			"keyAPIDiffClass":[],
			"callerOfSingnlar2SourceVar":{
				"<android.media.videoeditor.MediaProperties: android.util.Pair[] getSupportedResolutions(int)>":"0"
			}
		}
	]
}