{
	"exceptions":[
		{
			"method":"<android.media.AsyncPlayer: void setUsesWakeLock(android.content.Context)>",
			"message":"\\Qassertion failed mWakeLock=\\E[\\s\\S]*\\Q mThread=\\E[\\s\\S]*",
			"relatedVarType":"Field",
			"relatedCondType":"Basic",
			"modifier":"public",
			"type":"java.lang.RuntimeException",
			"osVersionRelated":false,
			"resourceRelated":false,
			"assessRelated":false,
			"hardwareRelated":false,
			"manifestRelated":false,
			"conditions":"$r1 != null, $r11 == null",
			"fieldValues":"<android.media.AsyncPlayer: android.os.PowerManager$WakeLock mWakeLock>, <android.media.AsyncPlayer: android.media.AsyncPlayer$Thread mThread>",
			"relatedValues":"; <android.media.AsyncPlayer: android.os.PowerManager$WakeLock mWakeLock>, <android.media.AsyncPlayer: android.media.AsyncPlayer$Thread mThread>; ",
			"keyAPISameClassNum":3,
			"keyAPIDiffClassNum":20,
			"keyAPISameClass":[
				{
					"trace":[
						"<android.media.AsyncPlayer: void setUsesWakeLock(android.content.Context)>"
					],
					"depth":1,
					"method":"<android.media.AsyncPlayer: void setUsesWakeLock(android.content.Context)>",
					"source":"FIELD"
				},
				{
					"trace":[
						"<android.media.AsyncPlayer: void play(android.content.Context,android.net.Uri,boolean,int)>",
						"<android.media.AsyncPlayer: void enqueueLocked(android.media.AsyncPlayer$Command)>",
						"<android.media.AsyncPlayer: void acquireWakeLock()>",
						"key field: <android.media.AsyncPlayer: android.os.PowerManager$WakeLock mWakeLock>",
						"<android.media.AsyncPlayer: void setUsesWakeLock(android.content.Context)>"
					],
					"depth":3,
					"method":"<android.media.AsyncPlayer: void play(android.content.Context,android.net.Uri,boolean,int)>",
					"source":"FIELDCALLER"
				},
				{
					"trace":[
						"<android.media.AsyncPlayer: void stop()>",
						"<android.media.AsyncPlayer: void enqueueLocked(android.media.AsyncPlayer$Command)>",
						"<android.media.AsyncPlayer: void acquireWakeLock()>",
						"key field: <android.media.AsyncPlayer: android.os.PowerManager$WakeLock mWakeLock>",
						"<android.media.AsyncPlayer: void setUsesWakeLock(android.content.Context)>"
					],
					"depth":3,
					"method":"<android.media.AsyncPlayer: void stop()>",
					"source":"FIELDCALLER"
				}
			],
			"keyAPIDiffClass":[
				{
					"trace":[
						"<android.media.AsyncPlayer$Thread: void run()>",
						"<android.media.AsyncPlayer: void access$500(android.media.AsyncPlayer)>",
						"<android.media.AsyncPlayer: void releaseWakeLock()>",
						"key field: <android.media.AsyncPlayer: android.os.PowerManager$WakeLock mWakeLock>",
						"<android.media.AsyncPlayer: void setUsesWakeLock(android.content.Context)>"
					],
					"depth":3,
					"method":"<android.media.AsyncPlayer$Thread: void run()>",
					"source":"FIELDCALLER"
				},
				{
					"trace":[
						"<android.view.Choreographer$CallbackRecord: void run(long)>",
						"<android.media.AsyncPlayer$Thread: void run()>",
						"<android.media.AsyncPlayer: void access$500(android.media.AsyncPlayer)>",
						"<android.media.AsyncPlayer: void releaseWakeLock()>",
						"key field: <android.media.AsyncPlayer: android.os.PowerManager$WakeLock mWakeLock>",
						"<android.media.AsyncPlayer: void setUsesWakeLock(android.content.Context)>"
					],
					"depth":4,
					"method":"<android.view.Choreographer$CallbackRecord: void run(long)>",
					"source":"FIELDCALLER"
				},
				{
					"trace":[
						"<android.widget.TextClock$3: void run()>",
						"<android.media.AsyncPlayer$Thread: void run()>",
						"<android.media.AsyncPlayer: void access$500(android.media.AsyncPlayer)>",
						"<android.media.AsyncPlayer: void releaseWakeLock()>",
						"key field: <android.media.AsyncPlayer: android.os.PowerManager$WakeLock mWakeLock>",
						"<android.media.AsyncPlayer: void setUsesWakeLock(android.content.Context)>"
					],
					"depth":4,
					"method":"<android.widget.TextClock$3: void run()>",
					"source":"FIELDCALLER"
				},
				{
					"trace":[
						"<java.lang.Runnable: void run()>",
						"<android.media.AsyncPlayer$Thread: void run()>",
						"<android.media.AsyncPlayer: void access$500(android.media.AsyncPlayer)>",
						"<android.media.AsyncPlayer: void releaseWakeLock()>",
						"key field: <android.media.AsyncPlayer: android.os.PowerManager$WakeLock mWakeLock>",
						"<android.media.AsyncPlayer: void setUsesWakeLock(android.content.Context)>"
					],
					"depth":4,
					"method":"<java.lang.Runnable: void run()>",
					"source":"FIELDCALLER"
				},
				{
					"trace":[
						"<android.media.MediaRouter: void removeCallback(android.media.MediaRouter$Callback)>",
						"<android.media.MediaRouter$Static: void updateActiveScan()>",
						"<android.media.AsyncPlayer$Thread: void run()>",
						"<android.media.AsyncPlayer: void access$500(android.media.AsyncPlayer)>",
						"<android.media.AsyncPlayer: void releaseWakeLock()>",
						"key field: <android.media.AsyncPlayer: android.os.PowerManager$WakeLock mWakeLock>",
						"<android.media.AsyncPlayer: void setUsesWakeLock(android.content.Context)>"
					],
					"depth":5,
					"method":"<android.media.MediaRouter: void removeCallback(android.media.MediaRouter$Callback)>",
					"source":"FIELDCALLER"
				},
				{
					"trace":[
						"<android.media.MediaRouter: void addCallback(int,android.media.MediaRouter$Callback,int)>",
						"<android.media.MediaRouter$Static: void updateActiveScan()>",
						"<android.media.AsyncPlayer$Thread: void run()>",
						"<android.media.AsyncPlayer: void access$500(android.media.AsyncPlayer)>",
						"<android.media.AsyncPlayer: void releaseWakeLock()>",
						"key field: <android.media.AsyncPlayer: android.os.PowerManager$WakeLock mWakeLock>",
						"<android.media.AsyncPlayer: void setUsesWakeLock(android.content.Context)>"
					],
					"depth":5,
					"method":"<android.media.MediaRouter: void addCallback(int,android.media.MediaRouter$Callback,int)>",
					"source":"FIELDCALLER"
				},
				{
					"trace":[
						"<android.app.SharedPreferencesImpl$2: void run()>",
						"<android.widget.TextClock$3: void run()>",
						"<android.media.AsyncPlayer$Thread: void run()>",
						"<android.media.AsyncPlayer: void access$500(android.media.AsyncPlayer)>",
						"<android.media.AsyncPlayer: void releaseWakeLock()>",
						"key field: <android.media.AsyncPlayer: android.os.PowerManager$WakeLock mWakeLock>",
						"<android.media.AsyncPlayer: void setUsesWakeLock(android.content.Context)>"
					],
					"depth":5,
					"method":"<android.app.SharedPreferencesImpl$2: void run()>",
					"source":"FIELDCALLER"
				},
				{
					"trace":[
						"<android.media.MediaRouter$Callback: void onRouteRemoved(android.media.MediaRouter,android.media.MediaRouter$RouteInfo)>",
						"<android.media.MediaRouter: void removeCallback(android.media.MediaRouter$Callback)>",
						"<android.media.MediaRouter$Static: void updateActiveScan()>",
						"<android.media.AsyncPlayer$Thread: void run()>",
						"<android.media.AsyncPlayer: void access$500(android.media.AsyncPlayer)>",
						"<android.media.AsyncPlayer: void releaseWakeLock()>",
						"key field: <android.media.AsyncPlayer: android.os.PowerManager$WakeLock mWakeLock>",
						"<android.media.AsyncPlayer: void setUsesWakeLock(android.content.Context)>"
					],
					"depth":6,
					"method":"<android.media.MediaRouter$Callback: void onRouteRemoved(android.media.MediaRouter,android.media.MediaRouter$RouteInfo)>",
					"source":"FIELDCALLER"
				},
				{
					"trace":[
						"<android.media.MediaRouter$Callback: void onRouteAdded(android.media.MediaRouter,android.media.MediaRouter$RouteInfo)>",
						"<android.media.MediaRouter: void removeCallback(android.media.MediaRouter$Callback)>",
						"<android.media.MediaRouter$Static: void updateActiveScan()>",
						"<android.media.AsyncPlayer$Thread: void run()>",
						"<android.media.AsyncPlayer: void access$500(android.media.AsyncPlayer)>",
						"<android.media.AsyncPlayer: void releaseWakeLock()>",
						"key field: <android.media.AsyncPlayer: android.os.PowerManager$WakeLock mWakeLock>",
						"<android.media.AsyncPlayer: void setUsesWakeLock(android.content.Context)>"
					],
					"depth":6,
					"method":"<android.media.MediaRouter$Callback: void onRouteAdded(android.media.MediaRouter,android.media.MediaRouter$RouteInfo)>",
					"source":"FIELDCALLER"
				},
				{
					"trace":[
						"<android.media.MediaRouter: void addCallback(int,android.media.MediaRouter$Callback)>",
						"<android.media.MediaRouter: void addCallback(int,android.media.MediaRouter$Callback,int)>",
						"<android.media.MediaRouter$Static: void updateActiveScan()>",
						"<android.media.AsyncPlayer$Thread: void run()>",
						"<android.media.AsyncPlayer: void access$500(android.media.AsyncPlayer)>",
						"<android.media.AsyncPlayer: void releaseWakeLock()>",
						"key field: <android.media.AsyncPlayer: android.os.PowerManager$WakeLock mWakeLock>",
						"<android.media.AsyncPlayer: void setUsesWakeLock(android.content.Context)>"
					],
					"depth":6,
					"method":"<android.media.MediaRouter: void addCallback(int,android.media.MediaRouter$Callback)>",
					"source":"FIELDCALLER"
				},
				{
					"trace":[
						"<android.os.AsyncTask$SerialExecutor$1: void run()>",
						"<android.app.SharedPreferencesImpl$2: void run()>",
						"<android.widget.TextClock$3: void run()>",
						"<android.media.AsyncPlayer$Thread: void run()>",
						"<android.media.AsyncPlayer: void access$500(android.media.AsyncPlayer)>",
						"<android.media.AsyncPlayer: void releaseWakeLock()>",
						"key field: <android.media.AsyncPlayer: android.os.PowerManager$WakeLock mWakeLock>",
						"<android.media.AsyncPlayer: void setUsesWakeLock(android.content.Context)>"
					],
					"depth":6,
					"method":"<android.os.AsyncTask$SerialExecutor$1: void run()>",
					"source":"FIELDCALLER"
				},
				{
					"trace":[
						"<android.webkit.ZoomControlExternal$1: void run()>",
						"<android.os.AsyncTask$SerialExecutor$1: void run()>",
						"<android.app.SharedPreferencesImpl$2: void run()>",
						"<android.widget.TextClock$3: void run()>",
						"<android.media.AsyncPlayer$Thread: void run()>",
						"<android.media.AsyncPlayer: void access$500(android.media.AsyncPlayer)>",
						"<android.media.AsyncPlayer: void releaseWakeLock()>",
						"key field: <android.media.AsyncPlayer: android.os.PowerManager$WakeLock mWakeLock>",
						"<android.media.AsyncPlayer: void setUsesWakeLock(android.content.Context)>"
					],
					"depth":7,
					"method":"<android.webkit.ZoomControlExternal$1: void run()>",
					"source":"FIELDCALLER"
				},
				{
					"trace":[
						"<android.widget.DigitalClock$1: void run()>",
						"<android.webkit.ZoomControlExternal$1: void run()>",
						"<android.os.AsyncTask$SerialExecutor$1: void run()>",
						"<android.app.SharedPreferencesImpl$2: void run()>",
						"<android.widget.TextClock$3: void run()>",
						"<android.media.AsyncPlayer$Thread: void run()>",
						"<android.media.AsyncPlayer: void access$500(android.media.AsyncPlayer)>",
						"<android.media.AsyncPlayer: void releaseWakeLock()>",
						"key field: <android.media.AsyncPlayer: android.os.PowerManager$WakeLock mWakeLock>",
						"<android.media.AsyncPlayer: void setUsesWakeLock(android.content.Context)>"
					],
					"depth":8,
					"method":"<android.widget.DigitalClock$1: void run()>",
					"source":"FIELDCALLER"
				},
				{
					"trace":[
						"<android.app.SharedPreferencesImpl$EditorImpl$2: void run()>",
						"<android.webkit.ZoomControlExternal$1: void run()>",
						"<android.os.AsyncTask$SerialExecutor$1: void run()>",
						"<android.app.SharedPreferencesImpl$2: void run()>",
						"<android.widget.TextClock$3: void run()>",
						"<android.media.AsyncPlayer$Thread: void run()>",
						"<android.media.AsyncPlayer: void access$500(android.media.AsyncPlayer)>",
						"<android.media.AsyncPlayer: void releaseWakeLock()>",
						"key field: <android.media.AsyncPlayer: android.os.PowerManager$WakeLock mWakeLock>",
						"<android.media.AsyncPlayer: void setUsesWakeLock(android.content.Context)>"
					],
					"depth":8,
					"method":"<android.app.SharedPreferencesImpl$EditorImpl$2: void run()>",
					"source":"FIELDCALLER"
				},
				{
					"trace":[
						"<android.test.InstrumentationTestCase$1: void run()>",
						"<android.webkit.ZoomControlExternal$1: void run()>",
						"<android.os.AsyncTask$SerialExecutor$1: void run()>",
						"<android.app.SharedPreferencesImpl$2: void run()>",
						"<android.widget.TextClock$3: void run()>",
						"<android.media.AsyncPlayer$Thread: void run()>",
						"<android.media.AsyncPlayer: void access$500(android.media.AsyncPlayer)>",
						"<android.media.AsyncPlayer: void releaseWakeLock()>",
						"key field: <android.media.AsyncPlayer: android.os.PowerManager$WakeLock mWakeLock>",
						"<android.media.AsyncPlayer: void setUsesWakeLock(android.content.Context)>"
					],
					"depth":8,
					"method":"<android.test.InstrumentationTestCase$1: void run()>",
					"source":"FIELDCALLER"
				},
				{
					"trace":[
						"<android.app.Instrumentation$SyncRunnable: void run()>",
						"<android.webkit.ZoomControlExternal$1: void run()>",
						"<android.os.AsyncTask$SerialExecutor$1: void run()>",
						"<android.app.SharedPreferencesImpl$2: void run()>",
						"<android.widget.TextClock$3: void run()>",
						"<android.media.AsyncPlayer$Thread: void run()>",
						"<android.media.AsyncPlayer: void access$500(android.media.AsyncPlayer)>",
						"<android.media.AsyncPlayer: void releaseWakeLock()>",
						"key field: <android.media.AsyncPlayer: android.os.PowerManager$WakeLock mWakeLock>",
						"<android.media.AsyncPlayer: void setUsesWakeLock(android.content.Context)>"
					],
					"depth":8,
					"method":"<android.app.Instrumentation$SyncRunnable: void run()>",
					"source":"FIELDCALLER"
				},
				{
					"trace":[
						"<android.webkit.DeviceMotionService$2: void run()>",
						"<android.webkit.ZoomControlExternal$1: void run()>",
						"<android.os.AsyncTask$SerialExecutor$1: void run()>",
						"<android.app.SharedPreferencesImpl$2: void run()>",
						"<android.widget.TextClock$3: void run()>",
						"<android.media.AsyncPlayer$Thread: void run()>",
						"<android.media.AsyncPlayer: void access$500(android.media.AsyncPlayer)>",
						"<android.media.AsyncPlayer: void releaseWakeLock()>",
						"key field: <android.media.AsyncPlayer: android.os.PowerManager$WakeLock mWakeLock>",
						"<android.media.AsyncPlayer: void setUsesWakeLock(android.content.Context)>"
					],
					"depth":8,
					"method":"<android.webkit.DeviceMotionService$2: void run()>",
					"source":"FIELDCALLER"
				},
				{
					"trace":[
						"<android.os.Handler$BlockingRunnable: void run()>",
						"<android.webkit.ZoomControlExternal$1: void run()>",
						"<android.os.AsyncTask$SerialExecutor$1: void run()>",
						"<android.app.SharedPreferencesImpl$2: void run()>",
						"<android.widget.TextClock$3: void run()>",
						"<android.media.AsyncPlayer$Thread: void run()>",
						"<android.media.AsyncPlayer: void access$500(android.media.AsyncPlayer)>",
						"<android.media.AsyncPlayer: void releaseWakeLock()>",
						"key field: <android.media.AsyncPlayer: android.os.PowerManager$WakeLock mWakeLock>",
						"<android.media.AsyncPlayer: void setUsesWakeLock(android.content.Context)>"
					],
					"depth":8,
					"method":"<android.os.Handler$BlockingRunnable: void run()>",
					"source":"FIELDCALLER"
				},
				{
					"trace":[
						"<com.android.internal.widget.WaveView$2: void run()>",
						"<android.webkit.ZoomControlExternal$1: void run()>",
						"<android.os.AsyncTask$SerialExecutor$1: void run()>",
						"<android.app.SharedPreferencesImpl$2: void run()>",
						"<android.widget.TextClock$3: void run()>",
						"<android.media.AsyncPlayer$Thread: void run()>",
						"<android.media.AsyncPlayer: void access$500(android.media.AsyncPlayer)>",
						"<android.media.AsyncPlayer: void releaseWakeLock()>",
						"key field: <android.media.AsyncPlayer: android.os.PowerManager$WakeLock mWakeLock>",
						"<android.media.AsyncPlayer: void setUsesWakeLock(android.content.Context)>"
					],
					"depth":8,
					"method":"<com.android.internal.widget.WaveView$2: void run()>",
					"source":"FIELDCALLER"
				},
				{
					"trace":[
						"<java.lang.Thread: void run()>",
						"<android.webkit.ZoomControlExternal$1: void run()>",
						"<android.os.AsyncTask$SerialExecutor$1: void run()>",
						"<android.app.SharedPreferencesImpl$2: void run()>",
						"<android.widget.TextClock$3: void run()>",
						"<android.media.AsyncPlayer$Thread: void run()>",
						"<android.media.AsyncPlayer: void access$500(android.media.AsyncPlayer)>",
						"<android.media.AsyncPlayer: void releaseWakeLock()>",
						"key field: <android.media.AsyncPlayer: android.os.PowerManager$WakeLock mWakeLock>",
						"<android.media.AsyncPlayer: void setUsesWakeLock(android.content.Context)>"
					],
					"depth":8,
					"method":"<java.lang.Thread: void run()>",
					"source":"FIELDCALLER"
				}
			],
			"callerOfSingnlar2SourceVar":{}
		}
	]
}