{
	"exceptions":[
		{
			"method":"<android.bluetooth.BluetoothPbap: boolean disconnect()>",
			"message":"[\\s\\S]*",
			"relatedVarType":"Field",
			"relatedCondType":"Basic",
			"modifier":"public",
			"type":"java.lang.Throwable",
			"osVersionRelated":false,
			"resourceRelated":false,
			"assessRelated":false,
			"hardwareRelated":false,
			"manifestRelated":false,
			"conditions":"$r1 == null",
			"fieldValues":"<android.bluetooth.BluetoothPbap: android.bluetooth.IBluetoothPbap mService>",
			"relatedValues":"; <android.bluetooth.BluetoothPbap: android.bluetooth.IBluetoothPbap mService>; ",
			"keyAPISameClassNum":5,
			"keyAPIDiffClassNum":6,
			"keyAPISameClass":[
				{
					"trace":[
						"<android.bluetooth.BluetoothPbap: boolean disconnect()>"
					],
					"depth":1,
					"method":"<android.bluetooth.BluetoothPbap: void close()>",
					"source":"FIELD"
				},
				{
					"trace":[
						"<android.bluetooth.BluetoothPbap: boolean disconnect()>"
					],
					"depth":1,
					"method":"<android.bluetooth.BluetoothPbap: boolean disconnect()>",
					"source":"FIELD"
				},
				{
					"trace":[
						"<android.bluetooth.BluetoothPbap: boolean disconnect()>"
					],
					"depth":1,
					"method":"<android.bluetooth.BluetoothPbap: android.bluetooth.BluetoothDevice getClient()>",
					"source":"FIELD"
				},
				{
					"trace":[
						"<android.bluetooth.BluetoothPbap: boolean disconnect()>"
					],
					"depth":1,
					"method":"<android.bluetooth.BluetoothPbap: int getState()>",
					"source":"FIELD"
				},
				{
					"trace":[
						"<android.bluetooth.BluetoothPbap: boolean disconnect()>"
					],
					"depth":1,
					"method":"<android.bluetooth.BluetoothPbap: boolean isConnected(android.bluetooth.BluetoothDevice)>",
					"source":"FIELD"
				}
			],
			"keyAPIDiffClass":[
				{
					"trace":[
						"<android.bluetooth.BluetoothPbap$1: void onBluetoothStateChange(boolean)>",
						"<android.bluetooth.BluetoothPbap: android.bluetooth.IBluetoothPbap access$102(android.bluetooth.BluetoothPbap,android.bluetooth.IBluetoothPbap)>",
						"key field: <android.bluetooth.BluetoothPbap: android.bluetooth.IBluetoothPbap mService>",
						"<android.bluetooth.BluetoothPbap: boolean disconnect()>"
					],
					"depth":2,
					"method":"<android.bluetooth.BluetoothPbap$1: void onBluetoothStateChange(boolean)>",
					"source":"FIELDCALLER"
				},
				{
					"trace":[
						"<android.bluetooth.BluetoothPbap$2: void onServiceConnected(android.content.ComponentName,android.os.IBinder)>",
						"<android.bluetooth.BluetoothPbap: android.bluetooth.IBluetoothPbap access$102(android.bluetooth.BluetoothPbap,android.bluetooth.IBluetoothPbap)>",
						"key field: <android.bluetooth.BluetoothPbap: android.bluetooth.IBluetoothPbap mService>",
						"<android.bluetooth.BluetoothPbap: boolean disconnect()>"
					],
					"depth":2,
					"method":"<android.bluetooth.BluetoothPbap$2: void onServiceConnected(android.content.ComponentName,android.os.IBinder)>",
					"source":"FIELDCALLER"
				},
				{
					"trace":[
						"<android.content.ServiceConnection: void onServiceConnected(android.content.ComponentName,android.os.IBinder)>",
						"<android.bluetooth.BluetoothPbap: android.bluetooth.IBluetoothPbap access$102(android.bluetooth.BluetoothPbap,android.bluetooth.IBluetoothPbap)>",
						"key field: <android.bluetooth.BluetoothPbap: android.bluetooth.IBluetoothPbap mService>",
						"<android.bluetooth.BluetoothPbap: boolean disconnect()>"
					],
					"depth":2,
					"method":"<android.content.ServiceConnection: void onServiceConnected(android.content.ComponentName,android.os.IBinder)>",
					"source":"FIELDCALLER"
				},
				{
					"trace":[
						"<android.bluetooth.BluetoothPbap$2: void onServiceDisconnected(android.content.ComponentName)>",
						"<android.bluetooth.BluetoothPbap: android.bluetooth.IBluetoothPbap access$102(android.bluetooth.BluetoothPbap,android.bluetooth.IBluetoothPbap)>",
						"key field: <android.bluetooth.BluetoothPbap: android.bluetooth.IBluetoothPbap mService>",
						"<android.bluetooth.BluetoothPbap: boolean disconnect()>"
					],
					"depth":2,
					"method":"<android.bluetooth.BluetoothPbap$2: void onServiceDisconnected(android.content.ComponentName)>",
					"source":"FIELDCALLER"
				},
				{
					"trace":[
						"<android.content.ServiceConnection: void onServiceDisconnected(android.content.ComponentName)>",
						"<android.bluetooth.BluetoothPbap: android.bluetooth.IBluetoothPbap access$102(android.bluetooth.BluetoothPbap,android.bluetooth.IBluetoothPbap)>",
						"key field: <android.bluetooth.BluetoothPbap: android.bluetooth.IBluetoothPbap mService>",
						"<android.bluetooth.BluetoothPbap: boolean disconnect()>"
					],
					"depth":2,
					"method":"<android.content.ServiceConnection: void onServiceDisconnected(android.content.ComponentName)>",
					"source":"FIELDCALLER"
				},
				{
					"trace":[
						"<android.bluetooth.IBluetoothStateChangeCallback$Stub: boolean onTransact(int,android.os.Parcel,android.os.Parcel,int)>",
						"<android.bluetooth.BluetoothPbap$1: void onBluetoothStateChange(boolean)>",
						"<android.bluetooth.BluetoothPbap: android.bluetooth.IBluetoothPbap access$102(android.bluetooth.BluetoothPbap,android.bluetooth.IBluetoothPbap)>",
						"key field: <android.bluetooth.BluetoothPbap: android.bluetooth.IBluetoothPbap mService>",
						"<android.bluetooth.BluetoothPbap: boolean disconnect()>"
					],
					"depth":3,
					"method":"<android.bluetooth.IBluetoothStateChangeCallback$Stub: boolean onTransact(int,android.os.Parcel,android.os.Parcel,int)>",
					"source":"FIELDCALLER"
				}
			],
			"callerOfSingnlar2SourceVar":{}
		},
		{
			"method":"<android.bluetooth.BluetoothPbap: android.bluetooth.BluetoothDevice getClient()>",
			"message":"[\\s\\S]*",
			"relatedVarType":"Field",
			"relatedCondType":"Basic",
			"modifier":"public",
			"type":"java.lang.Throwable",
			"osVersionRelated":false,
			"resourceRelated":false,
			"assessRelated":false,
			"hardwareRelated":false,
			"manifestRelated":false,
			"conditions":"$r1 == null",
			"fieldValues":"<android.bluetooth.BluetoothPbap: android.bluetooth.IBluetoothPbap mService>",
			"relatedValues":"; <android.bluetooth.BluetoothPbap: android.bluetooth.IBluetoothPbap mService>; ",
			"keyAPISameClassNum":5,
			"keyAPIDiffClassNum":6,
			"keyAPISameClass":[
				{
					"trace":[
						"<android.bluetooth.BluetoothPbap: android.bluetooth.BluetoothDevice getClient()>"
					],
					"depth":1,
					"method":"<android.bluetooth.BluetoothPbap: void close()>",
					"source":"FIELD"
				},
				{
					"trace":[
						"<android.bluetooth.BluetoothPbap: android.bluetooth.BluetoothDevice getClient()>"
					],
					"depth":1,
					"method":"<android.bluetooth.BluetoothPbap: boolean disconnect()>",
					"source":"FIELD"
				},
				{
					"trace":[
						"<android.bluetooth.BluetoothPbap: android.bluetooth.BluetoothDevice getClient()>"
					],
					"depth":1,
					"method":"<android.bluetooth.BluetoothPbap: android.bluetooth.BluetoothDevice getClient()>",
					"source":"FIELD"
				},
				{
					"trace":[
						"<android.bluetooth.BluetoothPbap: android.bluetooth.BluetoothDevice getClient()>"
					],
					"depth":1,
					"method":"<android.bluetooth.BluetoothPbap: int getState()>",
					"source":"FIELD"
				},
				{
					"trace":[
						"<android.bluetooth.BluetoothPbap: android.bluetooth.BluetoothDevice getClient()>"
					],
					"depth":1,
					"method":"<android.bluetooth.BluetoothPbap: boolean isConnected(android.bluetooth.BluetoothDevice)>",
					"source":"FIELD"
				}
			],
			"keyAPIDiffClass":[
				{
					"trace":[
						"<android.bluetooth.BluetoothPbap$1: void onBluetoothStateChange(boolean)>",
						"<android.bluetooth.BluetoothPbap: android.bluetooth.IBluetoothPbap access$102(android.bluetooth.BluetoothPbap,android.bluetooth.IBluetoothPbap)>",
						"key field: <android.bluetooth.BluetoothPbap: android.bluetooth.IBluetoothPbap mService>",
						"<android.bluetooth.BluetoothPbap: android.bluetooth.BluetoothDevice getClient()>"
					],
					"depth":2,
					"method":"<android.bluetooth.BluetoothPbap$1: void onBluetoothStateChange(boolean)>",
					"source":"FIELDCALLER"
				},
				{
					"trace":[
						"<android.bluetooth.BluetoothPbap$2: void onServiceConnected(android.content.ComponentName,android.os.IBinder)>",
						"<android.bluetooth.BluetoothPbap: android.bluetooth.IBluetoothPbap access$102(android.bluetooth.BluetoothPbap,android.bluetooth.IBluetoothPbap)>",
						"key field: <android.bluetooth.BluetoothPbap: android.bluetooth.IBluetoothPbap mService>",
						"<android.bluetooth.BluetoothPbap: android.bluetooth.BluetoothDevice getClient()>"
					],
					"depth":2,
					"method":"<android.bluetooth.BluetoothPbap$2: void onServiceConnected(android.content.ComponentName,android.os.IBinder)>",
					"source":"FIELDCALLER"
				},
				{
					"trace":[
						"<android.content.ServiceConnection: void onServiceConnected(android.content.ComponentName,android.os.IBinder)>",
						"<android.bluetooth.BluetoothPbap: android.bluetooth.IBluetoothPbap access$102(android.bluetooth.BluetoothPbap,android.bluetooth.IBluetoothPbap)>",
						"key field: <android.bluetooth.BluetoothPbap: android.bluetooth.IBluetoothPbap mService>",
						"<android.bluetooth.BluetoothPbap: android.bluetooth.BluetoothDevice getClient()>"
					],
					"depth":2,
					"method":"<android.content.ServiceConnection: void onServiceConnected(android.content.ComponentName,android.os.IBinder)>",
					"source":"FIELDCALLER"
				},
				{
					"trace":[
						"<android.bluetooth.BluetoothPbap$2: void onServiceDisconnected(android.content.ComponentName)>",
						"<android.bluetooth.BluetoothPbap: android.bluetooth.IBluetoothPbap access$102(android.bluetooth.BluetoothPbap,android.bluetooth.IBluetoothPbap)>",
						"key field: <android.bluetooth.BluetoothPbap: android.bluetooth.IBluetoothPbap mService>",
						"<android.bluetooth.BluetoothPbap: android.bluetooth.BluetoothDevice getClient()>"
					],
					"depth":2,
					"method":"<android.bluetooth.BluetoothPbap$2: void onServiceDisconnected(android.content.ComponentName)>",
					"source":"FIELDCALLER"
				},
				{
					"trace":[
						"<android.content.ServiceConnection: void onServiceDisconnected(android.content.ComponentName)>",
						"<android.bluetooth.BluetoothPbap: android.bluetooth.IBluetoothPbap access$102(android.bluetooth.BluetoothPbap,android.bluetooth.IBluetoothPbap)>",
						"key field: <android.bluetooth.BluetoothPbap: android.bluetooth.IBluetoothPbap mService>",
						"<android.bluetooth.BluetoothPbap: android.bluetooth.BluetoothDevice getClient()>"
					],
					"depth":2,
					"method":"<android.content.ServiceConnection: void onServiceDisconnected(android.content.ComponentName)>",
					"source":"FIELDCALLER"
				},
				{
					"trace":[
						"<android.bluetooth.IBluetoothStateChangeCallback$Stub: boolean onTransact(int,android.os.Parcel,android.os.Parcel,int)>",
						"<android.bluetooth.BluetoothPbap$1: void onBluetoothStateChange(boolean)>",
						"<android.bluetooth.BluetoothPbap: android.bluetooth.IBluetoothPbap access$102(android.bluetooth.BluetoothPbap,android.bluetooth.IBluetoothPbap)>",
						"key field: <android.bluetooth.BluetoothPbap: android.bluetooth.IBluetoothPbap mService>",
						"<android.bluetooth.BluetoothPbap: android.bluetooth.BluetoothDevice getClient()>"
					],
					"depth":3,
					"method":"<android.bluetooth.IBluetoothStateChangeCallback$Stub: boolean onTransact(int,android.os.Parcel,android.os.Parcel,int)>",
					"source":"FIELDCALLER"
				}
			],
			"callerOfSingnlar2SourceVar":{}
		},
		{
			"method":"<android.bluetooth.BluetoothPbap: int getState()>",
			"message":"[\\s\\S]*",
			"relatedVarType":"Field",
			"relatedCondType":"Basic",
			"modifier":"public",
			"type":"java.lang.Throwable",
			"osVersionRelated":false,
			"resourceRelated":false,
			"assessRelated":false,
			"hardwareRelated":false,
			"manifestRelated":false,
			"conditions":"$r1 == null",
			"fieldValues":"<android.bluetooth.BluetoothPbap: android.bluetooth.IBluetoothPbap mService>",
			"relatedValues":"; <android.bluetooth.BluetoothPbap: android.bluetooth.IBluetoothPbap mService>; ",
			"keyAPISameClassNum":5,
			"keyAPIDiffClassNum":6,
			"keyAPISameClass":[
				{
					"trace":[
						"<android.bluetooth.BluetoothPbap: int getState()>"
					],
					"depth":1,
					"method":"<android.bluetooth.BluetoothPbap: void close()>",
					"source":"FIELD"
				},
				{
					"trace":[
						"<android.bluetooth.BluetoothPbap: int getState()>"
					],
					"depth":1,
					"method":"<android.bluetooth.BluetoothPbap: boolean disconnect()>",
					"source":"FIELD"
				},
				{
					"trace":[
						"<android.bluetooth.BluetoothPbap: int getState()>"
					],
					"depth":1,
					"method":"<android.bluetooth.BluetoothPbap: android.bluetooth.BluetoothDevice getClient()>",
					"source":"FIELD"
				},
				{
					"trace":[
						"<android.bluetooth.BluetoothPbap: int getState()>"
					],
					"depth":1,
					"method":"<android.bluetooth.BluetoothPbap: int getState()>",
					"source":"FIELD"
				},
				{
					"trace":[
						"<android.bluetooth.BluetoothPbap: int getState()>"
					],
					"depth":1,
					"method":"<android.bluetooth.BluetoothPbap: boolean isConnected(android.bluetooth.BluetoothDevice)>",
					"source":"FIELD"
				}
			],
			"keyAPIDiffClass":[
				{
					"trace":[
						"<android.bluetooth.BluetoothPbap$1: void onBluetoothStateChange(boolean)>",
						"<android.bluetooth.BluetoothPbap: android.bluetooth.IBluetoothPbap access$102(android.bluetooth.BluetoothPbap,android.bluetooth.IBluetoothPbap)>",
						"key field: <android.bluetooth.BluetoothPbap: android.bluetooth.IBluetoothPbap mService>",
						"<android.bluetooth.BluetoothPbap: int getState()>"
					],
					"depth":2,
					"method":"<android.bluetooth.BluetoothPbap$1: void onBluetoothStateChange(boolean)>",
					"source":"FIELDCALLER"
				},
				{
					"trace":[
						"<android.bluetooth.BluetoothPbap$2: void onServiceConnected(android.content.ComponentName,android.os.IBinder)>",
						"<android.bluetooth.BluetoothPbap: android.bluetooth.IBluetoothPbap access$102(android.bluetooth.BluetoothPbap,android.bluetooth.IBluetoothPbap)>",
						"key field: <android.bluetooth.BluetoothPbap: android.bluetooth.IBluetoothPbap mService>",
						"<android.bluetooth.BluetoothPbap: int getState()>"
					],
					"depth":2,
					"method":"<android.bluetooth.BluetoothPbap$2: void onServiceConnected(android.content.ComponentName,android.os.IBinder)>",
					"source":"FIELDCALLER"
				},
				{
					"trace":[
						"<android.content.ServiceConnection: void onServiceConnected(android.content.ComponentName,android.os.IBinder)>",
						"<android.bluetooth.BluetoothPbap: android.bluetooth.IBluetoothPbap access$102(android.bluetooth.BluetoothPbap,android.bluetooth.IBluetoothPbap)>",
						"key field: <android.bluetooth.BluetoothPbap: android.bluetooth.IBluetoothPbap mService>",
						"<android.bluetooth.BluetoothPbap: int getState()>"
					],
					"depth":2,
					"method":"<android.content.ServiceConnection: void onServiceConnected(android.content.ComponentName,android.os.IBinder)>",
					"source":"FIELDCALLER"
				},
				{
					"trace":[
						"<android.bluetooth.BluetoothPbap$2: void onServiceDisconnected(android.content.ComponentName)>",
						"<android.bluetooth.BluetoothPbap: android.bluetooth.IBluetoothPbap access$102(android.bluetooth.BluetoothPbap,android.bluetooth.IBluetoothPbap)>",
						"key field: <android.bluetooth.BluetoothPbap: android.bluetooth.IBluetoothPbap mService>",
						"<android.bluetooth.BluetoothPbap: int getState()>"
					],
					"depth":2,
					"method":"<android.bluetooth.BluetoothPbap$2: void onServiceDisconnected(android.content.ComponentName)>",
					"source":"FIELDCALLER"
				},
				{
					"trace":[
						"<android.content.ServiceConnection: void onServiceDisconnected(android.content.ComponentName)>",
						"<android.bluetooth.BluetoothPbap: android.bluetooth.IBluetoothPbap access$102(android.bluetooth.BluetoothPbap,android.bluetooth.IBluetoothPbap)>",
						"key field: <android.bluetooth.BluetoothPbap: android.bluetooth.IBluetoothPbap mService>",
						"<android.bluetooth.BluetoothPbap: int getState()>"
					],
					"depth":2,
					"method":"<android.content.ServiceConnection: void onServiceDisconnected(android.content.ComponentName)>",
					"source":"FIELDCALLER"
				},
				{
					"trace":[
						"<android.bluetooth.IBluetoothStateChangeCallback$Stub: boolean onTransact(int,android.os.Parcel,android.os.Parcel,int)>",
						"<android.bluetooth.BluetoothPbap$1: void onBluetoothStateChange(boolean)>",
						"<android.bluetooth.BluetoothPbap: android.bluetooth.IBluetoothPbap access$102(android.bluetooth.BluetoothPbap,android.bluetooth.IBluetoothPbap)>",
						"key field: <android.bluetooth.BluetoothPbap: android.bluetooth.IBluetoothPbap mService>",
						"<android.bluetooth.BluetoothPbap: int getState()>"
					],
					"depth":3,
					"method":"<android.bluetooth.IBluetoothStateChangeCallback$Stub: boolean onTransact(int,android.os.Parcel,android.os.Parcel,int)>",
					"source":"FIELDCALLER"
				}
			],
			"callerOfSingnlar2SourceVar":{}
		},
		{
			"method":"<android.bluetooth.BluetoothPbap: boolean isConnected(android.bluetooth.BluetoothDevice)>",
			"message":"[\\s\\S]*",
			"relatedVarType":"Field",
			"relatedCondType":"Basic",
			"modifier":"public",
			"type":"java.lang.Throwable",
			"osVersionRelated":false,
			"resourceRelated":false,
			"assessRelated":false,
			"hardwareRelated":false,
			"manifestRelated":false,
			"conditions":"$r1 == null",
			"fieldValues":"<android.bluetooth.BluetoothPbap: android.bluetooth.IBluetoothPbap mService>",
			"relatedValues":"; <android.bluetooth.BluetoothPbap: android.bluetooth.IBluetoothPbap mService>; ",
			"keyAPISameClassNum":5,
			"keyAPIDiffClassNum":6,
			"keyAPISameClass":[
				{
					"trace":[
						"<android.bluetooth.BluetoothPbap: boolean isConnected(android.bluetooth.BluetoothDevice)>"
					],
					"depth":1,
					"method":"<android.bluetooth.BluetoothPbap: void close()>",
					"source":"FIELD"
				},
				{
					"trace":[
						"<android.bluetooth.BluetoothPbap: boolean isConnected(android.bluetooth.BluetoothDevice)>"
					],
					"depth":1,
					"method":"<android.bluetooth.BluetoothPbap: boolean disconnect()>",
					"source":"FIELD"
				},
				{
					"trace":[
						"<android.bluetooth.BluetoothPbap: boolean isConnected(android.bluetooth.BluetoothDevice)>"
					],
					"depth":1,
					"method":"<android.bluetooth.BluetoothPbap: android.bluetooth.BluetoothDevice getClient()>",
					"source":"FIELD"
				},
				{
					"trace":[
						"<android.bluetooth.BluetoothPbap: boolean isConnected(android.bluetooth.BluetoothDevice)>"
					],
					"depth":1,
					"method":"<android.bluetooth.BluetoothPbap: int getState()>",
					"source":"FIELD"
				},
				{
					"trace":[
						"<android.bluetooth.BluetoothPbap: boolean isConnected(android.bluetooth.BluetoothDevice)>"
					],
					"depth":1,
					"method":"<android.bluetooth.BluetoothPbap: boolean isConnected(android.bluetooth.BluetoothDevice)>",
					"source":"FIELD"
				}
			],
			"keyAPIDiffClass":[
				{
					"trace":[
						"<android.bluetooth.BluetoothPbap$1: void onBluetoothStateChange(boolean)>",
						"<android.bluetooth.BluetoothPbap: android.bluetooth.IBluetoothPbap access$102(android.bluetooth.BluetoothPbap,android.bluetooth.IBluetoothPbap)>",
						"key field: <android.bluetooth.BluetoothPbap: android.bluetooth.IBluetoothPbap mService>",
						"<android.bluetooth.BluetoothPbap: boolean isConnected(android.bluetooth.BluetoothDevice)>"
					],
					"depth":2,
					"method":"<android.bluetooth.BluetoothPbap$1: void onBluetoothStateChange(boolean)>",
					"source":"FIELDCALLER"
				},
				{
					"trace":[
						"<android.bluetooth.BluetoothPbap$2: void onServiceConnected(android.content.ComponentName,android.os.IBinder)>",
						"<android.bluetooth.BluetoothPbap: android.bluetooth.IBluetoothPbap access$102(android.bluetooth.BluetoothPbap,android.bluetooth.IBluetoothPbap)>",
						"key field: <android.bluetooth.BluetoothPbap: android.bluetooth.IBluetoothPbap mService>",
						"<android.bluetooth.BluetoothPbap: boolean isConnected(android.bluetooth.BluetoothDevice)>"
					],
					"depth":2,
					"method":"<android.bluetooth.BluetoothPbap$2: void onServiceConnected(android.content.ComponentName,android.os.IBinder)>",
					"source":"FIELDCALLER"
				},
				{
					"trace":[
						"<android.content.ServiceConnection: void onServiceConnected(android.content.ComponentName,android.os.IBinder)>",
						"<android.bluetooth.BluetoothPbap: android.bluetooth.IBluetoothPbap access$102(android.bluetooth.BluetoothPbap,android.bluetooth.IBluetoothPbap)>",
						"key field: <android.bluetooth.BluetoothPbap: android.bluetooth.IBluetoothPbap mService>",
						"<android.bluetooth.BluetoothPbap: boolean isConnected(android.bluetooth.BluetoothDevice)>"
					],
					"depth":2,
					"method":"<android.content.ServiceConnection: void onServiceConnected(android.content.ComponentName,android.os.IBinder)>",
					"source":"FIELDCALLER"
				},
				{
					"trace":[
						"<android.bluetooth.BluetoothPbap$2: void onServiceDisconnected(android.content.ComponentName)>",
						"<android.bluetooth.BluetoothPbap: android.bluetooth.IBluetoothPbap access$102(android.bluetooth.BluetoothPbap,android.bluetooth.IBluetoothPbap)>",
						"key field: <android.bluetooth.BluetoothPbap: android.bluetooth.IBluetoothPbap mService>",
						"<android.bluetooth.BluetoothPbap: boolean isConnected(android.bluetooth.BluetoothDevice)>"
					],
					"depth":2,
					"method":"<android.bluetooth.BluetoothPbap$2: void onServiceDisconnected(android.content.ComponentName)>",
					"source":"FIELDCALLER"
				},
				{
					"trace":[
						"<android.content.ServiceConnection: void onServiceDisconnected(android.content.ComponentName)>",
						"<android.bluetooth.BluetoothPbap: android.bluetooth.IBluetoothPbap access$102(android.bluetooth.BluetoothPbap,android.bluetooth.IBluetoothPbap)>",
						"key field: <android.bluetooth.BluetoothPbap: android.bluetooth.IBluetoothPbap mService>",
						"<android.bluetooth.BluetoothPbap: boolean isConnected(android.bluetooth.BluetoothDevice)>"
					],
					"depth":2,
					"method":"<android.content.ServiceConnection: void onServiceDisconnected(android.content.ComponentName)>",
					"source":"FIELDCALLER"
				},
				{
					"trace":[
						"<android.bluetooth.IBluetoothStateChangeCallback$Stub: boolean onTransact(int,android.os.Parcel,android.os.Parcel,int)>",
						"<android.bluetooth.BluetoothPbap$1: void onBluetoothStateChange(boolean)>",
						"<android.bluetooth.BluetoothPbap: android.bluetooth.IBluetoothPbap access$102(android.bluetooth.BluetoothPbap,android.bluetooth.IBluetoothPbap)>",
						"key field: <android.bluetooth.BluetoothPbap: android.bluetooth.IBluetoothPbap mService>",
						"<android.bluetooth.BluetoothPbap: boolean isConnected(android.bluetooth.BluetoothDevice)>"
					],
					"depth":3,
					"method":"<android.bluetooth.IBluetoothStateChangeCallback$Stub: boolean onTransact(int,android.os.Parcel,android.os.Parcel,int)>",
					"source":"FIELDCALLER"
				}
			],
			"callerOfSingnlar2SourceVar":{}
		}
	]
}