{
	"exceptions":[
		{
			"method":"<android.app.Notification$Style: void checkBuilder()>",
			"message":"\\QStyle requires a valid Builder object\\E",
			"relatedVarType":"Field",
			"relatedCondType":"Basic",
			"modifier":"protected",
			"type":"java.lang.IllegalArgumentException",
			"osVersionRelated":false,
			"resourceRelated":false,
			"assessRelated":false,
			"hardwareRelated":false,
			"manifestRelated":false,
			"conditions":"$r1 != null",
			"fieldValues":"<android.app.Notification$Style: android.app.Notification$Builder mBuilder>",
			"relatedValues":"; <android.app.Notification$Style: android.app.Notification$Builder mBuilder>; ",
			"keyAPISameClassNum":1,
			"keyAPIDiffClassNum":13,
			"keyAPISameClass":[
				{
					"trace":[
						"<android.app.Notification$Style: void checkBuilder()>"
					],
					"depth":1,
					"method":"<android.app.Notification$Style: void setBuilder(android.app.Notification$Builder)>",
					"source":"FIELD"
				}
			],
			"keyAPIDiffClass":[
				{
					"trace":[
						"<android.app.Notification$InboxStyle: void <init>(android.app.Notification$Builder)>",
						"<android.app.Notification$Style: void setBuilder(android.app.Notification$Builder)>",
						"key field: <android.app.Notification$Style: android.app.Notification$Builder mBuilder>",
						"<android.app.Notification$Style: void checkBuilder()>"
					],
					"depth":2,
					"method":"<android.app.Notification$InboxStyle: void <init>(android.app.Notification$Builder)>",
					"source":"FIELDCALLER"
				},
				{
					"trace":[
						"<android.app.Notification$BigPictureStyle: void <init>(android.app.Notification$Builder)>",
						"<android.app.Notification$Style: void setBuilder(android.app.Notification$Builder)>",
						"key field: <android.app.Notification$Style: android.app.Notification$Builder mBuilder>",
						"<android.app.Notification$Style: void checkBuilder()>"
					],
					"depth":2,
					"method":"<android.app.Notification$BigPictureStyle: void <init>(android.app.Notification$Builder)>",
					"source":"FIELDCALLER"
				},
				{
					"trace":[
						"<android.app.Notification$BigTextStyle: void <init>(android.app.Notification$Builder)>",
						"<android.app.Notification$Style: void setBuilder(android.app.Notification$Builder)>",
						"key field: <android.app.Notification$Style: android.app.Notification$Builder mBuilder>",
						"<android.app.Notification$Style: void checkBuilder()>"
					],
					"depth":2,
					"method":"<android.app.Notification$BigTextStyle: void <init>(android.app.Notification$Builder)>",
					"source":"FIELDCALLER"
				},
				{
					"trace":[
						"<android.app.Notification$Builder: android.app.Notification$Builder setStyle(android.app.Notification$Style)>",
						"<android.app.Notification$Style: void setBuilder(android.app.Notification$Builder)>",
						"key field: <android.app.Notification$Style: android.app.Notification$Builder mBuilder>",
						"<android.app.Notification$Style: void checkBuilder()>"
					],
					"depth":2,
					"method":"<android.app.Notification$Builder: android.app.Notification$Builder setStyle(android.app.Notification$Style)>",
					"source":"FIELDCALLER"
				},
				{
					"trace":[
						"<android.app.Notification$BigPictureStyle: android.app.Notification build()>",
						"<android.app.Notification$BigPictureStyle: android.widget.RemoteViews makeBigContentView()>",
						"<android.app.Notification$Style: android.widget.RemoteViews getStandardView(int)>",
						"key field: <android.app.Notification$Style: android.app.Notification$Builder mBuilder>",
						"<android.app.Notification$Style: void checkBuilder()>"
					],
					"depth":3,
					"method":"<android.app.Notification$BigPictureStyle: android.app.Notification build()>",
					"source":"FIELDCALLER"
				},
				{
					"trace":[
						"<android.app.Notification$Style: android.app.Notification build()>",
						"<android.app.Notification$BigPictureStyle: android.widget.RemoteViews makeBigContentView()>",
						"<android.app.Notification$Style: android.widget.RemoteViews getStandardView(int)>",
						"key field: <android.app.Notification$Style: android.app.Notification$Builder mBuilder>",
						"<android.app.Notification$Style: void checkBuilder()>"
					],
					"depth":3,
					"method":"<android.app.Notification$Style: android.app.Notification build()>",
					"source":"FIELDCALLER"
				},
				{
					"trace":[
						"<android.app.Notification$BigTextStyle: android.app.Notification build()>",
						"<android.app.Notification$BigTextStyle: android.widget.RemoteViews makeBigContentView()>",
						"<android.app.Notification$Style: android.widget.RemoteViews getStandardView(int)>",
						"key field: <android.app.Notification$Style: android.app.Notification$Builder mBuilder>",
						"<android.app.Notification$Style: void checkBuilder()>"
					],
					"depth":3,
					"method":"<android.app.Notification$BigTextStyle: android.app.Notification build()>",
					"source":"FIELDCALLER"
				},
				{
					"trace":[
						"<android.app.Notification$InboxStyle: android.app.Notification build()>",
						"<android.app.Notification$InboxStyle: android.widget.RemoteViews makeBigContentView()>",
						"<android.app.Notification$Style: android.widget.RemoteViews getStandardView(int)>",
						"key field: <android.app.Notification$Style: android.app.Notification$Builder mBuilder>",
						"<android.app.Notification$Style: void checkBuilder()>"
					],
					"depth":3,
					"method":"<android.app.Notification$InboxStyle: android.app.Notification build()>",
					"source":"FIELDCALLER"
				},
				{
					"trace":[
						"<android.app.Notification$Builder: android.app.Notification build()>",
						"<android.app.Notification$BigPictureStyle: android.app.Notification build()>",
						"<android.app.Notification$BigPictureStyle: android.widget.RemoteViews makeBigContentView()>",
						"<android.app.Notification$Style: android.widget.RemoteViews getStandardView(int)>",
						"key field: <android.app.Notification$Style: android.app.Notification$Builder mBuilder>",
						"<android.app.Notification$Style: void checkBuilder()>"
					],
					"depth":4,
					"method":"<android.app.Notification$Builder: android.app.Notification build()>",
					"source":"FIELDCALLER"
				},
				{
					"trace":[
						"<android.app.Notification$Builder: android.app.Notification buildInto(android.app.Notification)>",
						"<android.app.Notification$Builder: android.app.Notification build()>",
						"<android.app.Notification$BigPictureStyle: android.app.Notification build()>",
						"<android.app.Notification$BigPictureStyle: android.widget.RemoteViews makeBigContentView()>",
						"<android.app.Notification$Style: android.widget.RemoteViews getStandardView(int)>",
						"key field: <android.app.Notification$Style: android.app.Notification$Builder mBuilder>",
						"<android.app.Notification$Style: void checkBuilder()>"
					],
					"depth":5,
					"method":"<android.app.Notification$Builder: android.app.Notification buildInto(android.app.Notification)>",
					"source":"FIELDCALLER"
				},
				{
					"trace":[
						"<android.app.Notification$Builder: android.app.Notification getNotification()>",
						"<android.app.Notification$Builder: android.app.Notification build()>",
						"<android.app.Notification$BigPictureStyle: android.app.Notification build()>",
						"<android.app.Notification$BigPictureStyle: android.widget.RemoteViews makeBigContentView()>",
						"<android.app.Notification$Style: android.widget.RemoteViews getStandardView(int)>",
						"key field: <android.app.Notification$Style: android.app.Notification$Builder mBuilder>",
						"<android.app.Notification$Style: void checkBuilder()>"
					],
					"depth":5,
					"method":"<android.app.Notification$Builder: android.app.Notification getNotification()>",
					"source":"FIELDCALLER"
				},
				{
					"trace":[
						"<android.app.Notification: void setLatestEventInfo(android.content.Context,java.lang.CharSequence,java.lang.CharSequence,android.app.PendingIntent)>",
						"<android.app.Notification$Builder: android.app.Notification buildInto(android.app.Notification)>",
						"<android.app.Notification$Builder: android.app.Notification build()>",
						"<android.app.Notification$BigPictureStyle: android.app.Notification build()>",
						"<android.app.Notification$BigPictureStyle: android.widget.RemoteViews makeBigContentView()>",
						"<android.app.Notification$Style: android.widget.RemoteViews getStandardView(int)>",
						"key field: <android.app.Notification$Style: android.app.Notification$Builder mBuilder>",
						"<android.app.Notification$Style: void checkBuilder()>"
					],
					"depth":6,
					"method":"<android.app.Notification: void setLatestEventInfo(android.content.Context,java.lang.CharSequence,java.lang.CharSequence,android.app.PendingIntent)>",
					"source":"FIELDCALLER"
				},
				{
					"trace":[
						"<android.app.Notification: void <init>(android.content.Context,int,java.lang.CharSequence,long,java.lang.CharSequence,java.lang.CharSequence,android.content.Intent)>",
						"<android.app.Notification: void setLatestEventInfo(android.content.Context,java.lang.CharSequence,java.lang.CharSequence,android.app.PendingIntent)>",
						"<android.app.Notification$Builder: android.app.Notification buildInto(android.app.Notification)>",
						"<android.app.Notification$Builder: android.app.Notification build()>",
						"<android.app.Notification$BigPictureStyle: android.app.Notification build()>",
						"<android.app.Notification$BigPictureStyle: android.widget.RemoteViews makeBigContentView()>",
						"<android.app.Notification$Style: android.widget.RemoteViews getStandardView(int)>",
						"key field: <android.app.Notification$Style: android.app.Notification$Builder mBuilder>",
						"<android.app.Notification$Style: void checkBuilder()>"
					],
					"depth":7,
					"method":"<android.app.Notification: void <init>(android.content.Context,int,java.lang.CharSequence,long,java.lang.CharSequence,java.lang.CharSequence,android.content.Intent)>",
					"source":"FIELDCALLER"
				}
			],
			"callerOfSingnlar2SourceVar":{}
		}
	]
}