{
	"exceptions":[
		{
			"method":"<android.net.NetworkStatsHistory$DataStreamUtils: long[] readFullLongArray(java.io.DataInputStream)>",
			"message":"\\Qnegative array size\\E",
			"relatedVarType":"Parameter",
			"relatedCondType":"Basic",
			"modifier":"public",
			"type":"java.net.ProtocolException",
			"osVersionRelated":false,
			"resourceRelated":false,
			"assessRelated":false,
			"hardwareRelated":false,
			"manifestRelated":false,
			"conditions":"i0 >= 0",
			"paramValues":"@parameter0: java.io.DataInputStream",
			"relatedValues":"@parameter0: java.io.DataInputStream; ; ",
			"keyAPISameClassNum":0,
			"keyAPIDiffClassNum":0,
			"keyAPISameClass":[
				{
					"trace":[
						"<android.net.NetworkStatsHistory$DataStreamUtils: long[] readFullLongArray(java.io.DataInputStream)>"
					],
					"depth":0,
					"method":"<android.net.NetworkStatsHistory$DataStreamUtils: long[] readFullLongArray(java.io.DataInputStream)>",
					"source":"CALLER"
				}
			],
			"keyAPIDiffClass":[
				{
					"trace":[
						"<android.net.NetworkStatsHistory: void <init>(java.io.DataInputStream)>",
						"<android.net.NetworkStatsHistory$DataStreamUtils: long[] readFullLongArray(java.io.DataInputStream)>"
					],
					"depth":1,
					"method":"<android.net.NetworkStatsHistory: void <init>(java.io.DataInputStream)>",
					"source":"CALLER"
				}
			],
			"callerOfSingnlar2SourceVar":{
				"<android.net.NetworkStatsHistory$DataStreamUtils: long[] readFullLongArray(java.io.DataInputStream)>":"0",
				"<android.net.NetworkStatsHistory: void <init>(java.io.DataInputStream)>":"0"
			}
		},
		{
			"method":"<android.net.NetworkStatsHistory$DataStreamUtils: long readVarLong(java.io.DataInputStream)>",
			"message":"\\Qmalformed long\\E",
			"relatedVarType":"Parameter",
			"relatedCondType":"Basic",
			"modifier":"public",
			"type":"java.net.ProtocolException",
			"osVersionRelated":false,
			"resourceRelated":false,
			"assessRelated":false,
			"hardwareRelated":false,
			"manifestRelated":false,
			"conditions":"i5 >= 64, $i4 != 0",
			"paramValues":"@parameter0: java.io.DataInputStream",
			"relatedValues":"@parameter0: java.io.DataInputStream; ; ",
			"keyAPISameClassNum":0,
			"keyAPIDiffClassNum":0,
			"keyAPISameClass":[
				{
					"trace":[
						"<android.net.NetworkStatsHistory$DataStreamUtils: long readVarLong(java.io.DataInputStream)>"
					],
					"depth":0,
					"method":"<android.net.NetworkStatsHistory$DataStreamUtils: long readVarLong(java.io.DataInputStream)>",
					"source":"CALLER"
				},
				{
					"trace":[
						"<android.net.NetworkStatsHistory$DataStreamUtils: long[] readVarLongArray(java.io.DataInputStream)>",
						"<android.net.NetworkStatsHistory$DataStreamUtils: long readVarLong(java.io.DataInputStream)>"
					],
					"depth":1,
					"method":"<android.net.NetworkStatsHistory$DataStreamUtils: long[] readVarLongArray(java.io.DataInputStream)>",
					"source":"CALLER"
				}
			],
			"keyAPIDiffClass":[
				{
					"trace":[
						"<android.net.NetworkStatsHistory: void <init>(java.io.DataInputStream)>",
						"<android.net.NetworkStatsHistory$DataStreamUtils: long[] readVarLongArray(java.io.DataInputStream)>",
						"<android.net.NetworkStatsHistory$DataStreamUtils: long readVarLong(java.io.DataInputStream)>"
					],
					"depth":2,
					"method":"<android.net.NetworkStatsHistory: void <init>(java.io.DataInputStream)>",
					"source":"CALLER"
				}
			],
			"callerOfSingnlar2SourceVar":{
				"<android.net.NetworkStatsHistory: void <init>(java.io.DataInputStream)>":"0",
				"<android.net.NetworkStatsHistory$DataStreamUtils: long[] readVarLongArray(java.io.DataInputStream)>":"0",
				"<android.net.NetworkStatsHistory$DataStreamUtils: long readVarLong(java.io.DataInputStream)>":"0"
			}
		},
		{
			"method":"<android.net.NetworkStatsHistory$DataStreamUtils: long[] readVarLongArray(java.io.DataInputStream)>",
			"message":"\\Qnegative array size\\E",
			"relatedVarType":"Parameter",
			"relatedCondType":"Basic",
			"modifier":"public",
			"type":"java.net.ProtocolException",
			"osVersionRelated":false,
			"resourceRelated":false,
			"assessRelated":false,
			"hardwareRelated":false,
			"manifestRelated":false,
			"conditions":"i0 >= 0, i0 != -1",
			"paramValues":"@parameter0: java.io.DataInputStream",
			"relatedValues":"@parameter0: java.io.DataInputStream; ; ",
			"keyAPISameClassNum":0,
			"keyAPIDiffClassNum":0,
			"keyAPISameClass":[
				{
					"trace":[
						"<android.net.NetworkStatsHistory$DataStreamUtils: long[] readVarLongArray(java.io.DataInputStream)>"
					],
					"depth":0,
					"method":"<android.net.NetworkStatsHistory$DataStreamUtils: long[] readVarLongArray(java.io.DataInputStream)>",
					"source":"CALLER"
				}
			],
			"keyAPIDiffClass":[
				{
					"trace":[
						"<android.net.NetworkStatsHistory: void <init>(java.io.DataInputStream)>",
						"<android.net.NetworkStatsHistory$DataStreamUtils: long[] readVarLongArray(java.io.DataInputStream)>"
					],
					"depth":1,
					"method":"<android.net.NetworkStatsHistory: void <init>(java.io.DataInputStream)>",
					"source":"CALLER"
				}
			],
			"callerOfSingnlar2SourceVar":{
				"<android.net.NetworkStatsHistory: void <init>(java.io.DataInputStream)>":"0",
				"<android.net.NetworkStatsHistory$DataStreamUtils: long[] readVarLongArray(java.io.DataInputStream)>":"0"
			}
		},
		{
			"method":"<android.net.NetworkStatsHistory$DataStreamUtils: void writeVarLongArray(java.io.DataOutputStream,long[],int)>",
			"message":"\\Qsize larger than length\\E",
			"relatedVarType":"Parameter",
			"relatedCondType":"Basic",
			"modifier":"public",
			"type":"java.lang.IllegalArgumentException",
			"osVersionRelated":false,
			"resourceRelated":false,
			"assessRelated":false,
			"hardwareRelated":false,
			"manifestRelated":false,
			"conditions":"i0 <= $i1, r0 != null",
			"paramValues":"@parameter2: int, @parameter1: long[]",
			"relatedValues":"@parameter2: int, @parameter1: long[]; ; ",
			"keyAPISameClassNum":0,
			"keyAPIDiffClassNum":0,
			"keyAPISameClass":[
				{
					"trace":[
						"<android.net.NetworkStatsHistory$DataStreamUtils: void writeVarLongArray(java.io.DataOutputStream,long[],int)>"
					],
					"depth":0,
					"method":"<android.net.NetworkStatsHistory$DataStreamUtils: void writeVarLongArray(java.io.DataOutputStream,long[],int)>",
					"source":"CALLER"
				}
			],
			"keyAPIDiffClass":[],
			"callerOfSingnlar2SourceVar":{
				"<android.net.NetworkStatsHistory$DataStreamUtils: void writeVarLongArray(java.io.DataOutputStream,long[],int)>":"2, 1"
			}
		}
	]
}