{
	"exceptions":[
		{
			"method":"<android.os.MemoryFile$MemoryInputStream: int read(byte[],int,int)>",
			"message":"[\\s\\S]*",
			"relatedVarType":"Parameter",
			"relatedCondType":"Basic",
			"modifier":"public",
			"type":"java.lang.IndexOutOfBoundsException",
			"osVersionRelated":false,
			"resourceRelated":false,
			"assessRelated":false,
			"hardwareRelated":false,
			"manifestRelated":false,
			"conditions":"i0 < 0, i1 < 0",
			"paramValues":"@parameter1: int, @parameter2: int",
			"relatedValues":"@parameter1: int, @parameter2: int; ; ",
			"keyAPISameClassNum":0,
			"keyAPIDiffClassNum":0,
			"keyAPISameClass":[
				{
					"trace":[
						"<android.os.MemoryFile$MemoryInputStream: int read(byte[],int,int)>"
					],
					"depth":0,
					"method":"<android.os.MemoryFile$MemoryInputStream: int read(byte[],int,int)>",
					"source":"CALLER"
				}
			],
			"keyAPIDiffClass":[],
			"callerOfSingnlar2SourceVar":{
				"<android.os.MemoryFile$MemoryInputStream: int read(byte[],int,int)>":"1, 2"
			}
		}
	]
}