{
	"exceptions":[
		{
			"method":"<android.media.CamcorderProfile: android.media.CamcorderProfile get(int,int)>",
			"message":"\\QUnsupported quality level: \\E[\\s\\S]*",
			"relatedVarType":"Parameter",
			"relatedCondType":"Basic",
			"modifier":"public",
			"type":"java.lang.IllegalArgumentException",
			"osVersionRelated":false,
			"resourceRelated":false,
			"assessRelated":false,
			"hardwareRelated":false,
			"manifestRelated":false,
			"conditions":"i0 < 1000, i0 < 0, i0 <= 7",
			"paramValues":"@parameter1: int",
			"relatedValues":"@parameter1: int; ; ",
			"keyAPISameClassNum":0,
			"keyAPIDiffClassNum":0,
			"keyAPISameClass":[
				{
					"trace":[
						"<android.media.CamcorderProfile: android.media.CamcorderProfile get(int,int)>"
					],
					"depth":0,
					"method":"<android.media.CamcorderProfile: android.media.CamcorderProfile get(int,int)>",
					"source":"CALLER"
				},
				{
					"trace":[
						"<android.media.CamcorderProfile: android.media.CamcorderProfile get(int)>",
						"<android.media.CamcorderProfile: android.media.CamcorderProfile get(int,int)>"
					],
					"depth":1,
					"method":"<android.media.CamcorderProfile: android.media.CamcorderProfile get(int)>",
					"source":"CALLER"
				}
			],
			"keyAPIDiffClass":[],
			"callerOfSingnlar2SourceVar":{
				"<android.media.CamcorderProfile: android.media.CamcorderProfile get(int)>":"0",
				"<android.media.CamcorderProfile: android.media.CamcorderProfile get(int,int)>":"1"
			}
		}
	]
}