{
	"exceptions":[
		{
			"method":"<android.hardware.Camera: void addCallbackBuffer(byte[],int)>",
			"message":"\\QUnsupported message type: \\E[\\s\\S]*",
			"relatedVarType":"Parameter",
			"relatedCondType":"Basic",
			"modifier":"private",
			"type":"java.lang.IllegalArgumentException",
			"osVersionRelated":false,
			"resourceRelated":false,
			"assessRelated":false,
			"hardwareRelated":true,
			"manifestRelated":false,
			"conditions":"i0 == 128, i0 == 16",
			"paramValues":"@parameter1: int",
			"relatedValues":"@parameter1: int; ; ",
			"keyAPISameClassNum":0,
			"keyAPIDiffClassNum":0,
			"keyAPISameClass":[
				{
					"trace":[
						"<android.hardware.Camera: void addCallbackBuffer(byte[],int)>"
					],
					"depth":0,
					"method":"<android.hardware.Camera: void addCallbackBuffer(byte[],int)>",
					"source":"CALLER"
				}
			],
			"keyAPIDiffClass":[],
			"callerOfSingnlar2SourceVar":{
				"<android.hardware.Camera: void addCallbackBuffer(byte[],int)>":"1"
			}
		},
		{
			"method":"<android.hardware.Camera: void startFaceDetection()>",
			"message":"\\QFace detection is already running\\E",
			"relatedVarType":"Field",
			"relatedCondType":"Basic",
			"modifier":"public",
			"type":"java.lang.RuntimeException",
			"osVersionRelated":false,
			"resourceRelated":false,
			"assessRelated":false,
			"hardwareRelated":true,
			"manifestRelated":false,
			"conditions":"$z0 == 0",
			"fieldValues":"<android.hardware.Camera: boolean mFaceDetectionRunning>",
			"relatedValues":"; <android.hardware.Camera: boolean mFaceDetectionRunning>; ",
			"keyAPISameClassNum":9,
			"keyAPIDiffClassNum":1,
			"keyAPISameClass":[
				{
					"trace":[
						"<android.hardware.Camera: void startFaceDetection()>"
					],
					"depth":1,
					"method":"<android.hardware.Camera: void release()>",
					"source":"FIELD"
				},
				{
					"trace":[
						"<android.hardware.Camera: void startFaceDetection()>"
					],
					"depth":1,
					"method":"<android.hardware.Camera: void startFaceDetection()>",
					"source":"FIELD"
				},
				{
					"trace":[
						"<android.hardware.Camera: void startFaceDetection()>"
					],
					"depth":1,
					"method":"<android.hardware.Camera: void stopFaceDetection()>",
					"source":"FIELD"
				},
				{
					"trace":[
						"<android.hardware.Camera: void startFaceDetection()>"
					],
					"depth":1,
					"method":"<android.hardware.Camera: void stopPreview()>",
					"source":"FIELD"
				},
				{
					"trace":[
						"<android.hardware.Camera: void startFaceDetection()>"
					],
					"depth":1,
					"method":"<android.hardware.Camera: void takePicture(android.hardware.Camera$ShutterCallback,android.hardware.Camera$PictureCallback,android.hardware.Camera$PictureCallback,android.hardware.Camera$PictureCallback)>",
					"source":"FIELD"
				},
				{
					"trace":[
						"<android.hardware.Camera: android.hardware.Camera$Parameters getEmptyParameters()>",
						"<android.hardware.Camera: void <init>()>",
						"key field: <android.hardware.Camera: boolean mFaceDetectionRunning>",
						"<android.hardware.Camera: void startFaceDetection()>"
					],
					"depth":2,
					"method":"<android.hardware.Camera: android.hardware.Camera$Parameters getEmptyParameters()>",
					"source":"FIELDCALLER"
				},
				{
					"trace":[
						"<android.hardware.Camera: void takePicture(android.hardware.Camera$ShutterCallback,android.hardware.Camera$PictureCallback,android.hardware.Camera$PictureCallback)>",
						"<android.hardware.Camera: void takePicture(android.hardware.Camera$ShutterCallback,android.hardware.Camera$PictureCallback,android.hardware.Camera$PictureCallback,android.hardware.Camera$PictureCallback)>",
						"key field: <android.hardware.Camera: boolean mFaceDetectionRunning>",
						"<android.hardware.Camera: void startFaceDetection()>"
					],
					"depth":2,
					"method":"<android.hardware.Camera: void takePicture(android.hardware.Camera$ShutterCallback,android.hardware.Camera$PictureCallback,android.hardware.Camera$PictureCallback)>",
					"source":"FIELDCALLER"
				},
				{
					"trace":[
						"<android.hardware.Camera: android.hardware.Camera open()>",
						"<android.hardware.Camera: void <init>(int)>",
						"<android.hardware.Camera: void <init>()>",
						"key field: <android.hardware.Camera: boolean mFaceDetectionRunning>",
						"<android.hardware.Camera: void startFaceDetection()>"
					],
					"depth":3,
					"method":"<android.hardware.Camera: android.hardware.Camera open()>",
					"source":"FIELDCALLER"
				},
				{
					"trace":[
						"<android.hardware.Camera: android.hardware.Camera open(int)>",
						"<android.hardware.Camera: void <init>(int)>",
						"<android.hardware.Camera: void <init>()>",
						"key field: <android.hardware.Camera: boolean mFaceDetectionRunning>",
						"<android.hardware.Camera: void startFaceDetection()>"
					],
					"depth":3,
					"method":"<android.hardware.Camera: android.hardware.Camera open(int)>",
					"source":"FIELDCALLER"
				}
			],
			"keyAPIDiffClass":[
				{
					"trace":[
						"<android.filterpacks.videosrc.CameraSource: void open(android.filterfw.core.FilterContext)>",
						"<android.hardware.Camera: android.hardware.Camera open(int)>",
						"<android.hardware.Camera: void <init>(int)>",
						"<android.hardware.Camera: void <init>()>",
						"key field: <android.hardware.Camera: boolean mFaceDetectionRunning>",
						"<android.hardware.Camera: void startFaceDetection()>"
					],
					"depth":4,
					"method":"<android.filterpacks.videosrc.CameraSource: void open(android.filterfw.core.FilterContext)>",
					"source":"FIELDCALLER"
				}
			],
			"callerOfSingnlar2SourceVar":{}
		}
	]
}