{
	"exceptions":[
		{
			"method":"<android.opengl.GLSurfaceView$BaseConfigChooser: javax.microedition.khronos.egl.EGLConfig chooseConfig(javax.microedition.khronos.egl.EGL10,javax.microedition.khronos.egl.EGLDisplay)>",
			"message":"\\QNo config chosen\\E",
			"relatedVarType":"ParaAndField",
			"relatedCondType":"Basic",
			"modifier":"public",
			"type":"java.lang.IllegalArgumentException",
			"osVersionRelated":false,
			"resourceRelated":false,
			"assessRelated":false,
			"hardwareRelated":true,
			"manifestRelated":false,
			"conditions":"r7 != null, i0 > 0, $z0 != 0",
			"paramValues":"@parameter0: javax.microedition.khronos.egl.EGL10, @parameter1: javax.microedition.khronos.egl.EGLDisplay",
			"fieldValues":"<android.opengl.GLSurfaceView$BaseConfigChooser: int[] mConfigSpec>",
			"relatedValues":"@parameter0: javax.microedition.khronos.egl.EGL10, @parameter1: javax.microedition.khronos.egl.EGLDisplay; <android.opengl.GLSurfaceView$BaseConfigChooser: int[] mConfigSpec>; ",
			"keyAPISameClassNum":2,
			"keyAPIDiffClassNum":21,
			"keyAPISameClass":[
				{
					"trace":[
						"<android.opengl.GLSurfaceView$BaseConfigChooser: javax.microedition.khronos.egl.EGLConfig chooseConfig(javax.microedition.khronos.egl.EGL10,javax.microedition.khronos.egl.EGLDisplay)>"
					],
					"depth":1,
					"method":"<android.opengl.GLSurfaceView$BaseConfigChooser: void <init>(android.opengl.GLSurfaceView,int[])>",
					"source":"FIELD"
				},
				{
					"trace":[
						"<android.opengl.GLSurfaceView$BaseConfigChooser: javax.microedition.khronos.egl.EGLConfig chooseConfig(javax.microedition.khronos.egl.EGL10,javax.microedition.khronos.egl.EGLDisplay)>"
					],
					"depth":1,
					"method":"<android.opengl.GLSurfaceView$BaseConfigChooser: javax.microedition.khronos.egl.EGLConfig chooseConfig(javax.microedition.khronos.egl.EGL10,javax.microedition.khronos.egl.EGLDisplay)>",
					"source":"FIELD"
				}
			],
			"keyAPIDiffClass":[
				{
					"trace":[
						"<android.opengl.GLSurfaceView$ComponentSizeChooser: void <init>(android.opengl.GLSurfaceView,int,int,int,int,int,int)>",
						"<android.opengl.GLSurfaceView$BaseConfigChooser: void <init>(android.opengl.GLSurfaceView,int[])>",
						"key field: <android.opengl.GLSurfaceView$BaseConfigChooser: int[] mConfigSpec>",
						"<android.opengl.GLSurfaceView$BaseConfigChooser: javax.microedition.khronos.egl.EGLConfig chooseConfig(javax.microedition.khronos.egl.EGL10,javax.microedition.khronos.egl.EGLDisplay)>"
					],
					"depth":2,
					"method":"<android.opengl.GLSurfaceView$ComponentSizeChooser: void <init>(android.opengl.GLSurfaceView,int,int,int,int,int,int)>",
					"source":"FIELDCALLER"
				},
				{
					"trace":[
						"<android.opengl.GLSurfaceView$EglHelper: void start()>",
						"<android.opengl.GLSurfaceView$BaseConfigChooser: javax.microedition.khronos.egl.EGLConfig chooseConfig(javax.microedition.khronos.egl.EGL10,javax.microedition.khronos.egl.EGLDisplay)>",
						"key field: <android.opengl.GLSurfaceView$BaseConfigChooser: int[] mConfigSpec>",
						"<android.opengl.GLSurfaceView$BaseConfigChooser: javax.microedition.khronos.egl.EGLConfig chooseConfig(javax.microedition.khronos.egl.EGL10,javax.microedition.khronos.egl.EGLDisplay)>"
					],
					"depth":2,
					"method":"<android.opengl.GLSurfaceView$EglHelper: void start()>",
					"source":"FIELDCALLER"
				},
				{
					"trace":[
						"<android.opengl.GLSurfaceView: void setEGLConfigChooser(int,int,int,int,int,int)>",
						"<android.opengl.GLSurfaceView$ComponentSizeChooser: void <init>(android.opengl.GLSurfaceView,int,int,int,int,int,int)>",
						"<android.opengl.GLSurfaceView$BaseConfigChooser: void <init>(android.opengl.GLSurfaceView,int[])>",
						"key field: <android.opengl.GLSurfaceView$BaseConfigChooser: int[] mConfigSpec>",
						"<android.opengl.GLSurfaceView$BaseConfigChooser: javax.microedition.khronos.egl.EGLConfig chooseConfig(javax.microedition.khronos.egl.EGL10,javax.microedition.khronos.egl.EGLDisplay)>"
					],
					"depth":3,
					"method":"<android.opengl.GLSurfaceView: void setEGLConfigChooser(int,int,int,int,int,int)>",
					"source":"FIELDCALLER"
				},
				{
					"trace":[
						"<android.opengl.GLSurfaceView$SimpleEGLConfigChooser: void <init>(android.opengl.GLSurfaceView,boolean)>",
						"<android.opengl.GLSurfaceView$ComponentSizeChooser: void <init>(android.opengl.GLSurfaceView,int,int,int,int,int,int)>",
						"<android.opengl.GLSurfaceView$BaseConfigChooser: void <init>(android.opengl.GLSurfaceView,int[])>",
						"key field: <android.opengl.GLSurfaceView$BaseConfigChooser: int[] mConfigSpec>",
						"<android.opengl.GLSurfaceView$BaseConfigChooser: javax.microedition.khronos.egl.EGLConfig chooseConfig(javax.microedition.khronos.egl.EGL10,javax.microedition.khronos.egl.EGLDisplay)>"
					],
					"depth":3,
					"method":"<android.opengl.GLSurfaceView$SimpleEGLConfigChooser: void <init>(android.opengl.GLSurfaceView,boolean)>",
					"source":"FIELDCALLER"
				},
				{
					"trace":[
						"<android.opengl.GLSurfaceView: void setEGLConfigChooser(boolean)>",
						"<android.opengl.GLSurfaceView$SimpleEGLConfigChooser: void <init>(android.opengl.GLSurfaceView,boolean)>",
						"<android.opengl.GLSurfaceView$ComponentSizeChooser: void <init>(android.opengl.GLSurfaceView,int,int,int,int,int,int)>",
						"<android.opengl.GLSurfaceView$BaseConfigChooser: void <init>(android.opengl.GLSurfaceView,int[])>",
						"key field: <android.opengl.GLSurfaceView$BaseConfigChooser: int[] mConfigSpec>",
						"<android.opengl.GLSurfaceView$BaseConfigChooser: javax.microedition.khronos.egl.EGLConfig chooseConfig(javax.microedition.khronos.egl.EGL10,javax.microedition.khronos.egl.EGLDisplay)>"
					],
					"depth":4,
					"method":"<android.opengl.GLSurfaceView: void setEGLConfigChooser(boolean)>",
					"source":"FIELDCALLER"
				},
				{
					"trace":[
						"<android.opengl.GLSurfaceView: void setRenderer(android.opengl.GLSurfaceView$Renderer)>",
						"<android.opengl.GLSurfaceView$SimpleEGLConfigChooser: void <init>(android.opengl.GLSurfaceView,boolean)>",
						"<android.opengl.GLSurfaceView$ComponentSizeChooser: void <init>(android.opengl.GLSurfaceView,int,int,int,int,int,int)>",
						"<android.opengl.GLSurfaceView$BaseConfigChooser: void <init>(android.opengl.GLSurfaceView,int[])>",
						"key field: <android.opengl.GLSurfaceView$BaseConfigChooser: int[] mConfigSpec>",
						"<android.opengl.GLSurfaceView$BaseConfigChooser: javax.microedition.khronos.egl.EGLConfig chooseConfig(javax.microedition.khronos.egl.EGL10,javax.microedition.khronos.egl.EGLDisplay)>"
					],
					"depth":4,
					"method":"<android.opengl.GLSurfaceView: void setRenderer(android.opengl.GLSurfaceView$Renderer)>",
					"source":"FIELDCALLER"
				},
				{
					"trace":[
						"<android.opengl.GLSurfaceView$GLThread: void run()>",
						"<android.opengl.GLSurfaceView$GLThread: void guardedRun()>",
						"<android.opengl.GLSurfaceView$EglHelper: void start()>",
						"<android.opengl.GLSurfaceView$BaseConfigChooser: javax.microedition.khronos.egl.EGLConfig chooseConfig(javax.microedition.khronos.egl.EGL10,javax.microedition.khronos.egl.EGLDisplay)>",
						"key field: <android.opengl.GLSurfaceView$BaseConfigChooser: int[] mConfigSpec>",
						"<android.opengl.GLSurfaceView$BaseConfigChooser: javax.microedition.khronos.egl.EGLConfig chooseConfig(javax.microedition.khronos.egl.EGL10,javax.microedition.khronos.egl.EGLDisplay)>"
					],
					"depth":4,
					"method":"<android.opengl.GLSurfaceView$GLThread: void run()>",
					"source":"FIELDCALLER"
				},
				{
					"trace":[
						"<android.view.Choreographer$CallbackRecord: void run(long)>",
						"<android.opengl.GLSurfaceView$GLThread: void run()>",
						"<android.opengl.GLSurfaceView$GLThread: void guardedRun()>",
						"<android.opengl.GLSurfaceView$EglHelper: void start()>",
						"<android.opengl.GLSurfaceView$BaseConfigChooser: javax.microedition.khronos.egl.EGLConfig chooseConfig(javax.microedition.khronos.egl.EGL10,javax.microedition.khronos.egl.EGLDisplay)>",
						"key field: <android.opengl.GLSurfaceView$BaseConfigChooser: int[] mConfigSpec>",
						"<android.opengl.GLSurfaceView$BaseConfigChooser: javax.microedition.khronos.egl.EGLConfig chooseConfig(javax.microedition.khronos.egl.EGL10,javax.microedition.khronos.egl.EGLDisplay)>"
					],
					"depth":5,
					"method":"<android.view.Choreographer$CallbackRecord: void run(long)>",
					"source":"FIELDCALLER"
				},
				{
					"trace":[
						"<android.widget.TextClock$3: void run()>",
						"<android.opengl.GLSurfaceView$GLThread: void run()>",
						"<android.opengl.GLSurfaceView$GLThread: void guardedRun()>",
						"<android.opengl.GLSurfaceView$EglHelper: void start()>",
						"<android.opengl.GLSurfaceView$BaseConfigChooser: javax.microedition.khronos.egl.EGLConfig chooseConfig(javax.microedition.khronos.egl.EGL10,javax.microedition.khronos.egl.EGLDisplay)>",
						"key field: <android.opengl.GLSurfaceView$BaseConfigChooser: int[] mConfigSpec>",
						"<android.opengl.GLSurfaceView$BaseConfigChooser: javax.microedition.khronos.egl.EGLConfig chooseConfig(javax.microedition.khronos.egl.EGL10,javax.microedition.khronos.egl.EGLDisplay)>"
					],
					"depth":5,
					"method":"<android.widget.TextClock$3: void run()>",
					"source":"FIELDCALLER"
				},
				{
					"trace":[
						"<java.lang.Runnable: void run()>",
						"<android.opengl.GLSurfaceView$GLThread: void run()>",
						"<android.opengl.GLSurfaceView$GLThread: void guardedRun()>",
						"<android.opengl.GLSurfaceView$EglHelper: void start()>",
						"<android.opengl.GLSurfaceView$BaseConfigChooser: javax.microedition.khronos.egl.EGLConfig chooseConfig(javax.microedition.khronos.egl.EGL10,javax.microedition.khronos.egl.EGLDisplay)>",
						"key field: <android.opengl.GLSurfaceView$BaseConfigChooser: int[] mConfigSpec>",
						"<android.opengl.GLSurfaceView$BaseConfigChooser: javax.microedition.khronos.egl.EGLConfig chooseConfig(javax.microedition.khronos.egl.EGL10,javax.microedition.khronos.egl.EGLDisplay)>"
					],
					"depth":5,
					"method":"<java.lang.Runnable: void run()>",
					"source":"FIELDCALLER"
				},
				{
					"trace":[
						"<android.app.SharedPreferencesImpl$2: void run()>",
						"<android.widget.TextClock$3: void run()>",
						"<android.opengl.GLSurfaceView$GLThread: void run()>",
						"<android.opengl.GLSurfaceView$GLThread: void guardedRun()>",
						"<android.opengl.GLSurfaceView$EglHelper: void start()>",
						"<android.opengl.GLSurfaceView$BaseConfigChooser: javax.microedition.khronos.egl.EGLConfig chooseConfig(javax.microedition.khronos.egl.EGL10,javax.microedition.khronos.egl.EGLDisplay)>",
						"key field: <android.opengl.GLSurfaceView$BaseConfigChooser: int[] mConfigSpec>",
						"<android.opengl.GLSurfaceView$BaseConfigChooser: javax.microedition.khronos.egl.EGLConfig chooseConfig(javax.microedition.khronos.egl.EGL10,javax.microedition.khronos.egl.EGLDisplay)>"
					],
					"depth":6,
					"method":"<android.app.SharedPreferencesImpl$2: void run()>",
					"source":"FIELDCALLER"
				},
				{
					"trace":[
						"<android.os.AsyncTask$SerialExecutor$1: void run()>",
						"<android.app.SharedPreferencesImpl$2: void run()>",
						"<android.widget.TextClock$3: void run()>",
						"<android.opengl.GLSurfaceView$GLThread: void run()>",
						"<android.opengl.GLSurfaceView$GLThread: void guardedRun()>",
						"<android.opengl.GLSurfaceView$EglHelper: void start()>",
						"<android.opengl.GLSurfaceView$BaseConfigChooser: javax.microedition.khronos.egl.EGLConfig chooseConfig(javax.microedition.khronos.egl.EGL10,javax.microedition.khronos.egl.EGLDisplay)>",
						"key field: <android.opengl.GLSurfaceView$BaseConfigChooser: int[] mConfigSpec>",
						"<android.opengl.GLSurfaceView$BaseConfigChooser: javax.microedition.khronos.egl.EGLConfig chooseConfig(javax.microedition.khronos.egl.EGL10,javax.microedition.khronos.egl.EGLDisplay)>"
					],
					"depth":7,
					"method":"<android.os.AsyncTask$SerialExecutor$1: void run()>",
					"source":"FIELDCALLER"
				},
				{
					"trace":[
						"<android.webkit.ZoomControlExternal$1: void run()>",
						"<android.os.AsyncTask$SerialExecutor$1: void run()>",
						"<android.app.SharedPreferencesImpl$2: void run()>",
						"<android.widget.TextClock$3: void run()>",
						"<android.opengl.GLSurfaceView$GLThread: void run()>",
						"<android.opengl.GLSurfaceView$GLThread: void guardedRun()>",
						"<android.opengl.GLSurfaceView$EglHelper: void start()>",
						"<android.opengl.GLSurfaceView$BaseConfigChooser: javax.microedition.khronos.egl.EGLConfig chooseConfig(javax.microedition.khronos.egl.EGL10,javax.microedition.khronos.egl.EGLDisplay)>",
						"key field: <android.opengl.GLSurfaceView$BaseConfigChooser: int[] mConfigSpec>",
						"<android.opengl.GLSurfaceView$BaseConfigChooser: javax.microedition.khronos.egl.EGLConfig chooseConfig(javax.microedition.khronos.egl.EGL10,javax.microedition.khronos.egl.EGLDisplay)>"
					],
					"depth":8,
					"method":"<android.webkit.ZoomControlExternal$1: void run()>",
					"source":"FIELDCALLER"
				},
				{
					"trace":[
						"<android.widget.DigitalClock$1: void run()>",
						"<android.os.AsyncTask$SerialExecutor$1: void run()>",
						"<android.app.SharedPreferencesImpl$2: void run()>",
						"<android.widget.TextClock$3: void run()>",
						"<android.opengl.GLSurfaceView$GLThread: void run()>",
						"<android.opengl.GLSurfaceView$GLThread: void guardedRun()>",
						"<android.opengl.GLSurfaceView$EglHelper: void start()>",
						"<android.opengl.GLSurfaceView$BaseConfigChooser: javax.microedition.khronos.egl.EGLConfig chooseConfig(javax.microedition.khronos.egl.EGL10,javax.microedition.khronos.egl.EGLDisplay)>",
						"key field: <android.opengl.GLSurfaceView$BaseConfigChooser: int[] mConfigSpec>",
						"<android.opengl.GLSurfaceView$BaseConfigChooser: javax.microedition.khronos.egl.EGLConfig chooseConfig(javax.microedition.khronos.egl.EGL10,javax.microedition.khronos.egl.EGLDisplay)>"
					],
					"depth":8,
					"method":"<android.widget.DigitalClock$1: void run()>",
					"source":"FIELDCALLER"
				},
				{
					"trace":[
						"<android.app.SharedPreferencesImpl$EditorImpl$2: void run()>",
						"<android.os.AsyncTask$SerialExecutor$1: void run()>",
						"<android.app.SharedPreferencesImpl$2: void run()>",
						"<android.widget.TextClock$3: void run()>",
						"<android.opengl.GLSurfaceView$GLThread: void run()>",
						"<android.opengl.GLSurfaceView$GLThread: void guardedRun()>",
						"<android.opengl.GLSurfaceView$EglHelper: void start()>",
						"<android.opengl.GLSurfaceView$BaseConfigChooser: javax.microedition.khronos.egl.EGLConfig chooseConfig(javax.microedition.khronos.egl.EGL10,javax.microedition.khronos.egl.EGLDisplay)>",
						"key field: <android.opengl.GLSurfaceView$BaseConfigChooser: int[] mConfigSpec>",
						"<android.opengl.GLSurfaceView$BaseConfigChooser: javax.microedition.khronos.egl.EGLConfig chooseConfig(javax.microedition.khronos.egl.EGL10,javax.microedition.khronos.egl.EGLDisplay)>"
					],
					"depth":8,
					"method":"<android.app.SharedPreferencesImpl$EditorImpl$2: void run()>",
					"source":"FIELDCALLER"
				},
				{
					"trace":[
						"<android.test.InstrumentationTestCase$1: void run()>",
						"<android.os.AsyncTask$SerialExecutor$1: void run()>",
						"<android.app.SharedPreferencesImpl$2: void run()>",
						"<android.widget.TextClock$3: void run()>",
						"<android.opengl.GLSurfaceView$GLThread: void run()>",
						"<android.opengl.GLSurfaceView$GLThread: void guardedRun()>",
						"<android.opengl.GLSurfaceView$EglHelper: void start()>",
						"<android.opengl.GLSurfaceView$BaseConfigChooser: javax.microedition.khronos.egl.EGLConfig chooseConfig(javax.microedition.khronos.egl.EGL10,javax.microedition.khronos.egl.EGLDisplay)>",
						"key field: <android.opengl.GLSurfaceView$BaseConfigChooser: int[] mConfigSpec>",
						"<android.opengl.GLSurfaceView$BaseConfigChooser: javax.microedition.khronos.egl.EGLConfig chooseConfig(javax.microedition.khronos.egl.EGL10,javax.microedition.khronos.egl.EGLDisplay)>"
					],
					"depth":8,
					"method":"<android.test.InstrumentationTestCase$1: void run()>",
					"source":"FIELDCALLER"
				},
				{
					"trace":[
						"<android.app.Instrumentation$SyncRunnable: void run()>",
						"<android.os.AsyncTask$SerialExecutor$1: void run()>",
						"<android.app.SharedPreferencesImpl$2: void run()>",
						"<android.widget.TextClock$3: void run()>",
						"<android.opengl.GLSurfaceView$GLThread: void run()>",
						"<android.opengl.GLSurfaceView$GLThread: void guardedRun()>",
						"<android.opengl.GLSurfaceView$EglHelper: void start()>",
						"<android.opengl.GLSurfaceView$BaseConfigChooser: javax.microedition.khronos.egl.EGLConfig chooseConfig(javax.microedition.khronos.egl.EGL10,javax.microedition.khronos.egl.EGLDisplay)>",
						"key field: <android.opengl.GLSurfaceView$BaseConfigChooser: int[] mConfigSpec>",
						"<android.opengl.GLSurfaceView$BaseConfigChooser: javax.microedition.khronos.egl.EGLConfig chooseConfig(javax.microedition.khronos.egl.EGL10,javax.microedition.khronos.egl.EGLDisplay)>"
					],
					"depth":8,
					"method":"<android.app.Instrumentation$SyncRunnable: void run()>",
					"source":"FIELDCALLER"
				},
				{
					"trace":[
						"<android.webkit.DeviceMotionService$2: void run()>",
						"<android.os.AsyncTask$SerialExecutor$1: void run()>",
						"<android.app.SharedPreferencesImpl$2: void run()>",
						"<android.widget.TextClock$3: void run()>",
						"<android.opengl.GLSurfaceView$GLThread: void run()>",
						"<android.opengl.GLSurfaceView$GLThread: void guardedRun()>",
						"<android.opengl.GLSurfaceView$EglHelper: void start()>",
						"<android.opengl.GLSurfaceView$BaseConfigChooser: javax.microedition.khronos.egl.EGLConfig chooseConfig(javax.microedition.khronos.egl.EGL10,javax.microedition.khronos.egl.EGLDisplay)>",
						"key field: <android.opengl.GLSurfaceView$BaseConfigChooser: int[] mConfigSpec>",
						"<android.opengl.GLSurfaceView$BaseConfigChooser: javax.microedition.khronos.egl.EGLConfig chooseConfig(javax.microedition.khronos.egl.EGL10,javax.microedition.khronos.egl.EGLDisplay)>"
					],
					"depth":8,
					"method":"<android.webkit.DeviceMotionService$2: void run()>",
					"source":"FIELDCALLER"
				},
				{
					"trace":[
						"<android.os.Handler$BlockingRunnable: void run()>",
						"<android.os.AsyncTask$SerialExecutor$1: void run()>",
						"<android.app.SharedPreferencesImpl$2: void run()>",
						"<android.widget.TextClock$3: void run()>",
						"<android.opengl.GLSurfaceView$GLThread: void run()>",
						"<android.opengl.GLSurfaceView$GLThread: void guardedRun()>",
						"<android.opengl.GLSurfaceView$EglHelper: void start()>",
						"<android.opengl.GLSurfaceView$BaseConfigChooser: javax.microedition.khronos.egl.EGLConfig chooseConfig(javax.microedition.khronos.egl.EGL10,javax.microedition.khronos.egl.EGLDisplay)>",
						"key field: <android.opengl.GLSurfaceView$BaseConfigChooser: int[] mConfigSpec>",
						"<android.opengl.GLSurfaceView$BaseConfigChooser: javax.microedition.khronos.egl.EGLConfig chooseConfig(javax.microedition.khronos.egl.EGL10,javax.microedition.khronos.egl.EGLDisplay)>"
					],
					"depth":8,
					"method":"<android.os.Handler$BlockingRunnable: void run()>",
					"source":"FIELDCALLER"
				},
				{
					"trace":[
						"<com.android.internal.widget.WaveView$2: void run()>",
						"<android.os.AsyncTask$SerialExecutor$1: void run()>",
						"<android.app.SharedPreferencesImpl$2: void run()>",
						"<android.widget.TextClock$3: void run()>",
						"<android.opengl.GLSurfaceView$GLThread: void run()>",
						"<android.opengl.GLSurfaceView$GLThread: void guardedRun()>",
						"<android.opengl.GLSurfaceView$EglHelper: void start()>",
						"<android.opengl.GLSurfaceView$BaseConfigChooser: javax.microedition.khronos.egl.EGLConfig chooseConfig(javax.microedition.khronos.egl.EGL10,javax.microedition.khronos.egl.EGLDisplay)>",
						"key field: <android.opengl.GLSurfaceView$BaseConfigChooser: int[] mConfigSpec>",
						"<android.opengl.GLSurfaceView$BaseConfigChooser: javax.microedition.khronos.egl.EGLConfig chooseConfig(javax.microedition.khronos.egl.EGL10,javax.microedition.khronos.egl.EGLDisplay)>"
					],
					"depth":8,
					"method":"<com.android.internal.widget.WaveView$2: void run()>",
					"source":"FIELDCALLER"
				},
				{
					"trace":[
						"<java.lang.Thread: void run()>",
						"<android.os.AsyncTask$SerialExecutor$1: void run()>",
						"<android.app.SharedPreferencesImpl$2: void run()>",
						"<android.widget.TextClock$3: void run()>",
						"<android.opengl.GLSurfaceView$GLThread: void run()>",
						"<android.opengl.GLSurfaceView$GLThread: void guardedRun()>",
						"<android.opengl.GLSurfaceView$EglHelper: void start()>",
						"<android.opengl.GLSurfaceView$BaseConfigChooser: javax.microedition.khronos.egl.EGLConfig chooseConfig(javax.microedition.khronos.egl.EGL10,javax.microedition.khronos.egl.EGLDisplay)>",
						"key field: <android.opengl.GLSurfaceView$BaseConfigChooser: int[] mConfigSpec>",
						"<android.opengl.GLSurfaceView$BaseConfigChooser: javax.microedition.khronos.egl.EGLConfig chooseConfig(javax.microedition.khronos.egl.EGL10,javax.microedition.khronos.egl.EGLDisplay)>"
					],
					"depth":8,
					"method":"<java.lang.Thread: void run()>",
					"source":"FIELDCALLER"
				}
			],
			"callerOfSingnlar2SourceVar":{
				"<android.opengl.GLSurfaceView$BaseConfigChooser: javax.microedition.khronos.egl.EGLConfig chooseConfig(javax.microedition.khronos.egl.EGL10,javax.microedition.khronos.egl.EGLDisplay)>":"0, 1"
			}
		},
		{
			"method":"<android.opengl.GLSurfaceView$BaseConfigChooser: javax.microedition.khronos.egl.EGLConfig chooseConfig(javax.microedition.khronos.egl.EGL10,javax.microedition.khronos.egl.EGLDisplay)>",
			"message":"\\QeglChooseConfig#2 failed\\E",
			"relatedVarType":"ParaAndField",
			"relatedCondType":"Basic",
			"modifier":"public",
			"type":"java.lang.IllegalArgumentException",
			"osVersionRelated":false,
			"resourceRelated":false,
			"assessRelated":false,
			"hardwareRelated":true,
			"manifestRelated":false,
			"conditions":"$z1 != 0, i0 > 0, $z0 != 0",
			"paramValues":"@parameter1: javax.microedition.khronos.egl.EGLDisplay, @parameter0: javax.microedition.khronos.egl.EGL10",
			"fieldValues":"<android.opengl.GLSurfaceView$BaseConfigChooser: int[] mConfigSpec>",
			"relatedValues":"@parameter1: javax.microedition.khronos.egl.EGLDisplay, @parameter0: javax.microedition.khronos.egl.EGL10; <android.opengl.GLSurfaceView$BaseConfigChooser: int[] mConfigSpec>; ",
			"keyAPISameClassNum":2,
			"keyAPIDiffClassNum":21,
			"keyAPISameClass":[
				{
					"trace":[
						"<android.opengl.GLSurfaceView$BaseConfigChooser: javax.microedition.khronos.egl.EGLConfig chooseConfig(javax.microedition.khronos.egl.EGL10,javax.microedition.khronos.egl.EGLDisplay)>"
					],
					"depth":1,
					"method":"<android.opengl.GLSurfaceView$BaseConfigChooser: void <init>(android.opengl.GLSurfaceView,int[])>",
					"source":"FIELD"
				},
				{
					"trace":[
						"<android.opengl.GLSurfaceView$BaseConfigChooser: javax.microedition.khronos.egl.EGLConfig chooseConfig(javax.microedition.khronos.egl.EGL10,javax.microedition.khronos.egl.EGLDisplay)>"
					],
					"depth":1,
					"method":"<android.opengl.GLSurfaceView$BaseConfigChooser: javax.microedition.khronos.egl.EGLConfig chooseConfig(javax.microedition.khronos.egl.EGL10,javax.microedition.khronos.egl.EGLDisplay)>",
					"source":"FIELD"
				}
			],
			"keyAPIDiffClass":[
				{
					"trace":[
						"<android.opengl.GLSurfaceView$ComponentSizeChooser: void <init>(android.opengl.GLSurfaceView,int,int,int,int,int,int)>",
						"<android.opengl.GLSurfaceView$BaseConfigChooser: void <init>(android.opengl.GLSurfaceView,int[])>",
						"key field: <android.opengl.GLSurfaceView$BaseConfigChooser: int[] mConfigSpec>",
						"<android.opengl.GLSurfaceView$BaseConfigChooser: javax.microedition.khronos.egl.EGLConfig chooseConfig(javax.microedition.khronos.egl.EGL10,javax.microedition.khronos.egl.EGLDisplay)>"
					],
					"depth":2,
					"method":"<android.opengl.GLSurfaceView$ComponentSizeChooser: void <init>(android.opengl.GLSurfaceView,int,int,int,int,int,int)>",
					"source":"FIELDCALLER"
				},
				{
					"trace":[
						"<android.opengl.GLSurfaceView$EglHelper: void start()>",
						"<android.opengl.GLSurfaceView$BaseConfigChooser: javax.microedition.khronos.egl.EGLConfig chooseConfig(javax.microedition.khronos.egl.EGL10,javax.microedition.khronos.egl.EGLDisplay)>",
						"key field: <android.opengl.GLSurfaceView$BaseConfigChooser: int[] mConfigSpec>",
						"<android.opengl.GLSurfaceView$BaseConfigChooser: javax.microedition.khronos.egl.EGLConfig chooseConfig(javax.microedition.khronos.egl.EGL10,javax.microedition.khronos.egl.EGLDisplay)>"
					],
					"depth":2,
					"method":"<android.opengl.GLSurfaceView$EglHelper: void start()>",
					"source":"FIELDCALLER"
				},
				{
					"trace":[
						"<android.opengl.GLSurfaceView: void setEGLConfigChooser(int,int,int,int,int,int)>",
						"<android.opengl.GLSurfaceView$ComponentSizeChooser: void <init>(android.opengl.GLSurfaceView,int,int,int,int,int,int)>",
						"<android.opengl.GLSurfaceView$BaseConfigChooser: void <init>(android.opengl.GLSurfaceView,int[])>",
						"key field: <android.opengl.GLSurfaceView$BaseConfigChooser: int[] mConfigSpec>",
						"<android.opengl.GLSurfaceView$BaseConfigChooser: javax.microedition.khronos.egl.EGLConfig chooseConfig(javax.microedition.khronos.egl.EGL10,javax.microedition.khronos.egl.EGLDisplay)>"
					],
					"depth":3,
					"method":"<android.opengl.GLSurfaceView: void setEGLConfigChooser(int,int,int,int,int,int)>",
					"source":"FIELDCALLER"
				},
				{
					"trace":[
						"<android.opengl.GLSurfaceView$SimpleEGLConfigChooser: void <init>(android.opengl.GLSurfaceView,boolean)>",
						"<android.opengl.GLSurfaceView$ComponentSizeChooser: void <init>(android.opengl.GLSurfaceView,int,int,int,int,int,int)>",
						"<android.opengl.GLSurfaceView$BaseConfigChooser: void <init>(android.opengl.GLSurfaceView,int[])>",
						"key field: <android.opengl.GLSurfaceView$BaseConfigChooser: int[] mConfigSpec>",
						"<android.opengl.GLSurfaceView$BaseConfigChooser: javax.microedition.khronos.egl.EGLConfig chooseConfig(javax.microedition.khronos.egl.EGL10,javax.microedition.khronos.egl.EGLDisplay)>"
					],
					"depth":3,
					"method":"<android.opengl.GLSurfaceView$SimpleEGLConfigChooser: void <init>(android.opengl.GLSurfaceView,boolean)>",
					"source":"FIELDCALLER"
				},
				{
					"trace":[
						"<android.opengl.GLSurfaceView: void setEGLConfigChooser(boolean)>",
						"<android.opengl.GLSurfaceView$SimpleEGLConfigChooser: void <init>(android.opengl.GLSurfaceView,boolean)>",
						"<android.opengl.GLSurfaceView$ComponentSizeChooser: void <init>(android.opengl.GLSurfaceView,int,int,int,int,int,int)>",
						"<android.opengl.GLSurfaceView$BaseConfigChooser: void <init>(android.opengl.GLSurfaceView,int[])>",
						"key field: <android.opengl.GLSurfaceView$BaseConfigChooser: int[] mConfigSpec>",
						"<android.opengl.GLSurfaceView$BaseConfigChooser: javax.microedition.khronos.egl.EGLConfig chooseConfig(javax.microedition.khronos.egl.EGL10,javax.microedition.khronos.egl.EGLDisplay)>"
					],
					"depth":4,
					"method":"<android.opengl.GLSurfaceView: void setEGLConfigChooser(boolean)>",
					"source":"FIELDCALLER"
				},
				{
					"trace":[
						"<android.opengl.GLSurfaceView: void setRenderer(android.opengl.GLSurfaceView$Renderer)>",
						"<android.opengl.GLSurfaceView$SimpleEGLConfigChooser: void <init>(android.opengl.GLSurfaceView,boolean)>",
						"<android.opengl.GLSurfaceView$ComponentSizeChooser: void <init>(android.opengl.GLSurfaceView,int,int,int,int,int,int)>",
						"<android.opengl.GLSurfaceView$BaseConfigChooser: void <init>(android.opengl.GLSurfaceView,int[])>",
						"key field: <android.opengl.GLSurfaceView$BaseConfigChooser: int[] mConfigSpec>",
						"<android.opengl.GLSurfaceView$BaseConfigChooser: javax.microedition.khronos.egl.EGLConfig chooseConfig(javax.microedition.khronos.egl.EGL10,javax.microedition.khronos.egl.EGLDisplay)>"
					],
					"depth":4,
					"method":"<android.opengl.GLSurfaceView: void setRenderer(android.opengl.GLSurfaceView$Renderer)>",
					"source":"FIELDCALLER"
				},
				{
					"trace":[
						"<android.opengl.GLSurfaceView$GLThread: void run()>",
						"<android.opengl.GLSurfaceView$GLThread: void guardedRun()>",
						"<android.opengl.GLSurfaceView$EglHelper: void start()>",
						"<android.opengl.GLSurfaceView$BaseConfigChooser: javax.microedition.khronos.egl.EGLConfig chooseConfig(javax.microedition.khronos.egl.EGL10,javax.microedition.khronos.egl.EGLDisplay)>",
						"key field: <android.opengl.GLSurfaceView$BaseConfigChooser: int[] mConfigSpec>",
						"<android.opengl.GLSurfaceView$BaseConfigChooser: javax.microedition.khronos.egl.EGLConfig chooseConfig(javax.microedition.khronos.egl.EGL10,javax.microedition.khronos.egl.EGLDisplay)>"
					],
					"depth":4,
					"method":"<android.opengl.GLSurfaceView$GLThread: void run()>",
					"source":"FIELDCALLER"
				},
				{
					"trace":[
						"<android.view.Choreographer$CallbackRecord: void run(long)>",
						"<android.opengl.GLSurfaceView$GLThread: void run()>",
						"<android.opengl.GLSurfaceView$GLThread: void guardedRun()>",
						"<android.opengl.GLSurfaceView$EglHelper: void start()>",
						"<android.opengl.GLSurfaceView$BaseConfigChooser: javax.microedition.khronos.egl.EGLConfig chooseConfig(javax.microedition.khronos.egl.EGL10,javax.microedition.khronos.egl.EGLDisplay)>",
						"key field: <android.opengl.GLSurfaceView$BaseConfigChooser: int[] mConfigSpec>",
						"<android.opengl.GLSurfaceView$BaseConfigChooser: javax.microedition.khronos.egl.EGLConfig chooseConfig(javax.microedition.khronos.egl.EGL10,javax.microedition.khronos.egl.EGLDisplay)>"
					],
					"depth":5,
					"method":"<android.view.Choreographer$CallbackRecord: void run(long)>",
					"source":"FIELDCALLER"
				},
				{
					"trace":[
						"<android.widget.TextClock$3: void run()>",
						"<android.opengl.GLSurfaceView$GLThread: void run()>",
						"<android.opengl.GLSurfaceView$GLThread: void guardedRun()>",
						"<android.opengl.GLSurfaceView$EglHelper: void start()>",
						"<android.opengl.GLSurfaceView$BaseConfigChooser: javax.microedition.khronos.egl.EGLConfig chooseConfig(javax.microedition.khronos.egl.EGL10,javax.microedition.khronos.egl.EGLDisplay)>",
						"key field: <android.opengl.GLSurfaceView$BaseConfigChooser: int[] mConfigSpec>",
						"<android.opengl.GLSurfaceView$BaseConfigChooser: javax.microedition.khronos.egl.EGLConfig chooseConfig(javax.microedition.khronos.egl.EGL10,javax.microedition.khronos.egl.EGLDisplay)>"
					],
					"depth":5,
					"method":"<android.widget.TextClock$3: void run()>",
					"source":"FIELDCALLER"
				},
				{
					"trace":[
						"<java.lang.Runnable: void run()>",
						"<android.opengl.GLSurfaceView$GLThread: void run()>",
						"<android.opengl.GLSurfaceView$GLThread: void guardedRun()>",
						"<android.opengl.GLSurfaceView$EglHelper: void start()>",
						"<android.opengl.GLSurfaceView$BaseConfigChooser: javax.microedition.khronos.egl.EGLConfig chooseConfig(javax.microedition.khronos.egl.EGL10,javax.microedition.khronos.egl.EGLDisplay)>",
						"key field: <android.opengl.GLSurfaceView$BaseConfigChooser: int[] mConfigSpec>",
						"<android.opengl.GLSurfaceView$BaseConfigChooser: javax.microedition.khronos.egl.EGLConfig chooseConfig(javax.microedition.khronos.egl.EGL10,javax.microedition.khronos.egl.EGLDisplay)>"
					],
					"depth":5,
					"method":"<java.lang.Runnable: void run()>",
					"source":"FIELDCALLER"
				},
				{
					"trace":[
						"<android.app.SharedPreferencesImpl$2: void run()>",
						"<android.widget.TextClock$3: void run()>",
						"<android.opengl.GLSurfaceView$GLThread: void run()>",
						"<android.opengl.GLSurfaceView$GLThread: void guardedRun()>",
						"<android.opengl.GLSurfaceView$EglHelper: void start()>",
						"<android.opengl.GLSurfaceView$BaseConfigChooser: javax.microedition.khronos.egl.EGLConfig chooseConfig(javax.microedition.khronos.egl.EGL10,javax.microedition.khronos.egl.EGLDisplay)>",
						"key field: <android.opengl.GLSurfaceView$BaseConfigChooser: int[] mConfigSpec>",
						"<android.opengl.GLSurfaceView$BaseConfigChooser: javax.microedition.khronos.egl.EGLConfig chooseConfig(javax.microedition.khronos.egl.EGL10,javax.microedition.khronos.egl.EGLDisplay)>"
					],
					"depth":6,
					"method":"<android.app.SharedPreferencesImpl$2: void run()>",
					"source":"FIELDCALLER"
				},
				{
					"trace":[
						"<android.os.AsyncTask$SerialExecutor$1: void run()>",
						"<android.app.SharedPreferencesImpl$2: void run()>",
						"<android.widget.TextClock$3: void run()>",
						"<android.opengl.GLSurfaceView$GLThread: void run()>",
						"<android.opengl.GLSurfaceView$GLThread: void guardedRun()>",
						"<android.opengl.GLSurfaceView$EglHelper: void start()>",
						"<android.opengl.GLSurfaceView$BaseConfigChooser: javax.microedition.khronos.egl.EGLConfig chooseConfig(javax.microedition.khronos.egl.EGL10,javax.microedition.khronos.egl.EGLDisplay)>",
						"key field: <android.opengl.GLSurfaceView$BaseConfigChooser: int[] mConfigSpec>",
						"<android.opengl.GLSurfaceView$BaseConfigChooser: javax.microedition.khronos.egl.EGLConfig chooseConfig(javax.microedition.khronos.egl.EGL10,javax.microedition.khronos.egl.EGLDisplay)>"
					],
					"depth":7,
					"method":"<android.os.AsyncTask$SerialExecutor$1: void run()>",
					"source":"FIELDCALLER"
				},
				{
					"trace":[
						"<android.webkit.ZoomControlExternal$1: void run()>",
						"<android.os.AsyncTask$SerialExecutor$1: void run()>",
						"<android.app.SharedPreferencesImpl$2: void run()>",
						"<android.widget.TextClock$3: void run()>",
						"<android.opengl.GLSurfaceView$GLThread: void run()>",
						"<android.opengl.GLSurfaceView$GLThread: void guardedRun()>",
						"<android.opengl.GLSurfaceView$EglHelper: void start()>",
						"<android.opengl.GLSurfaceView$BaseConfigChooser: javax.microedition.khronos.egl.EGLConfig chooseConfig(javax.microedition.khronos.egl.EGL10,javax.microedition.khronos.egl.EGLDisplay)>",
						"key field: <android.opengl.GLSurfaceView$BaseConfigChooser: int[] mConfigSpec>",
						"<android.opengl.GLSurfaceView$BaseConfigChooser: javax.microedition.khronos.egl.EGLConfig chooseConfig(javax.microedition.khronos.egl.EGL10,javax.microedition.khronos.egl.EGLDisplay)>"
					],
					"depth":8,
					"method":"<android.webkit.ZoomControlExternal$1: void run()>",
					"source":"FIELDCALLER"
				},
				{
					"trace":[
						"<android.widget.DigitalClock$1: void run()>",
						"<android.os.AsyncTask$SerialExecutor$1: void run()>",
						"<android.app.SharedPreferencesImpl$2: void run()>",
						"<android.widget.TextClock$3: void run()>",
						"<android.opengl.GLSurfaceView$GLThread: void run()>",
						"<android.opengl.GLSurfaceView$GLThread: void guardedRun()>",
						"<android.opengl.GLSurfaceView$EglHelper: void start()>",
						"<android.opengl.GLSurfaceView$BaseConfigChooser: javax.microedition.khronos.egl.EGLConfig chooseConfig(javax.microedition.khronos.egl.EGL10,javax.microedition.khronos.egl.EGLDisplay)>",
						"key field: <android.opengl.GLSurfaceView$BaseConfigChooser: int[] mConfigSpec>",
						"<android.opengl.GLSurfaceView$BaseConfigChooser: javax.microedition.khronos.egl.EGLConfig chooseConfig(javax.microedition.khronos.egl.EGL10,javax.microedition.khronos.egl.EGLDisplay)>"
					],
					"depth":8,
					"method":"<android.widget.DigitalClock$1: void run()>",
					"source":"FIELDCALLER"
				},
				{
					"trace":[
						"<android.app.SharedPreferencesImpl$EditorImpl$2: void run()>",
						"<android.os.AsyncTask$SerialExecutor$1: void run()>",
						"<android.app.SharedPreferencesImpl$2: void run()>",
						"<android.widget.TextClock$3: void run()>",
						"<android.opengl.GLSurfaceView$GLThread: void run()>",
						"<android.opengl.GLSurfaceView$GLThread: void guardedRun()>",
						"<android.opengl.GLSurfaceView$EglHelper: void start()>",
						"<android.opengl.GLSurfaceView$BaseConfigChooser: javax.microedition.khronos.egl.EGLConfig chooseConfig(javax.microedition.khronos.egl.EGL10,javax.microedition.khronos.egl.EGLDisplay)>",
						"key field: <android.opengl.GLSurfaceView$BaseConfigChooser: int[] mConfigSpec>",
						"<android.opengl.GLSurfaceView$BaseConfigChooser: javax.microedition.khronos.egl.EGLConfig chooseConfig(javax.microedition.khronos.egl.EGL10,javax.microedition.khronos.egl.EGLDisplay)>"
					],
					"depth":8,
					"method":"<android.app.SharedPreferencesImpl$EditorImpl$2: void run()>",
					"source":"FIELDCALLER"
				},
				{
					"trace":[
						"<android.test.InstrumentationTestCase$1: void run()>",
						"<android.os.AsyncTask$SerialExecutor$1: void run()>",
						"<android.app.SharedPreferencesImpl$2: void run()>",
						"<android.widget.TextClock$3: void run()>",
						"<android.opengl.GLSurfaceView$GLThread: void run()>",
						"<android.opengl.GLSurfaceView$GLThread: void guardedRun()>",
						"<android.opengl.GLSurfaceView$EglHelper: void start()>",
						"<android.opengl.GLSurfaceView$BaseConfigChooser: javax.microedition.khronos.egl.EGLConfig chooseConfig(javax.microedition.khronos.egl.EGL10,javax.microedition.khronos.egl.EGLDisplay)>",
						"key field: <android.opengl.GLSurfaceView$BaseConfigChooser: int[] mConfigSpec>",
						"<android.opengl.GLSurfaceView$BaseConfigChooser: javax.microedition.khronos.egl.EGLConfig chooseConfig(javax.microedition.khronos.egl.EGL10,javax.microedition.khronos.egl.EGLDisplay)>"
					],
					"depth":8,
					"method":"<android.test.InstrumentationTestCase$1: void run()>",
					"source":"FIELDCALLER"
				},
				{
					"trace":[
						"<android.app.Instrumentation$SyncRunnable: void run()>",
						"<android.os.AsyncTask$SerialExecutor$1: void run()>",
						"<android.app.SharedPreferencesImpl$2: void run()>",
						"<android.widget.TextClock$3: void run()>",
						"<android.opengl.GLSurfaceView$GLThread: void run()>",
						"<android.opengl.GLSurfaceView$GLThread: void guardedRun()>",
						"<android.opengl.GLSurfaceView$EglHelper: void start()>",
						"<android.opengl.GLSurfaceView$BaseConfigChooser: javax.microedition.khronos.egl.EGLConfig chooseConfig(javax.microedition.khronos.egl.EGL10,javax.microedition.khronos.egl.EGLDisplay)>",
						"key field: <android.opengl.GLSurfaceView$BaseConfigChooser: int[] mConfigSpec>",
						"<android.opengl.GLSurfaceView$BaseConfigChooser: javax.microedition.khronos.egl.EGLConfig chooseConfig(javax.microedition.khronos.egl.EGL10,javax.microedition.khronos.egl.EGLDisplay)>"
					],
					"depth":8,
					"method":"<android.app.Instrumentation$SyncRunnable: void run()>",
					"source":"FIELDCALLER"
				},
				{
					"trace":[
						"<android.webkit.DeviceMotionService$2: void run()>",
						"<android.os.AsyncTask$SerialExecutor$1: void run()>",
						"<android.app.SharedPreferencesImpl$2: void run()>",
						"<android.widget.TextClock$3: void run()>",
						"<android.opengl.GLSurfaceView$GLThread: void run()>",
						"<android.opengl.GLSurfaceView$GLThread: void guardedRun()>",
						"<android.opengl.GLSurfaceView$EglHelper: void start()>",
						"<android.opengl.GLSurfaceView$BaseConfigChooser: javax.microedition.khronos.egl.EGLConfig chooseConfig(javax.microedition.khronos.egl.EGL10,javax.microedition.khronos.egl.EGLDisplay)>",
						"key field: <android.opengl.GLSurfaceView$BaseConfigChooser: int[] mConfigSpec>",
						"<android.opengl.GLSurfaceView$BaseConfigChooser: javax.microedition.khronos.egl.EGLConfig chooseConfig(javax.microedition.khronos.egl.EGL10,javax.microedition.khronos.egl.EGLDisplay)>"
					],
					"depth":8,
					"method":"<android.webkit.DeviceMotionService$2: void run()>",
					"source":"FIELDCALLER"
				},
				{
					"trace":[
						"<android.os.Handler$BlockingRunnable: void run()>",
						"<android.os.AsyncTask$SerialExecutor$1: void run()>",
						"<android.app.SharedPreferencesImpl$2: void run()>",
						"<android.widget.TextClock$3: void run()>",
						"<android.opengl.GLSurfaceView$GLThread: void run()>",
						"<android.opengl.GLSurfaceView$GLThread: void guardedRun()>",
						"<android.opengl.GLSurfaceView$EglHelper: void start()>",
						"<android.opengl.GLSurfaceView$BaseConfigChooser: javax.microedition.khronos.egl.EGLConfig chooseConfig(javax.microedition.khronos.egl.EGL10,javax.microedition.khronos.egl.EGLDisplay)>",
						"key field: <android.opengl.GLSurfaceView$BaseConfigChooser: int[] mConfigSpec>",
						"<android.opengl.GLSurfaceView$BaseConfigChooser: javax.microedition.khronos.egl.EGLConfig chooseConfig(javax.microedition.khronos.egl.EGL10,javax.microedition.khronos.egl.EGLDisplay)>"
					],
					"depth":8,
					"method":"<android.os.Handler$BlockingRunnable: void run()>",
					"source":"FIELDCALLER"
				},
				{
					"trace":[
						"<com.android.internal.widget.WaveView$2: void run()>",
						"<android.os.AsyncTask$SerialExecutor$1: void run()>",
						"<android.app.SharedPreferencesImpl$2: void run()>",
						"<android.widget.TextClock$3: void run()>",
						"<android.opengl.GLSurfaceView$GLThread: void run()>",
						"<android.opengl.GLSurfaceView$GLThread: void guardedRun()>",
						"<android.opengl.GLSurfaceView$EglHelper: void start()>",
						"<android.opengl.GLSurfaceView$BaseConfigChooser: javax.microedition.khronos.egl.EGLConfig chooseConfig(javax.microedition.khronos.egl.EGL10,javax.microedition.khronos.egl.EGLDisplay)>",
						"key field: <android.opengl.GLSurfaceView$BaseConfigChooser: int[] mConfigSpec>",
						"<android.opengl.GLSurfaceView$BaseConfigChooser: javax.microedition.khronos.egl.EGLConfig chooseConfig(javax.microedition.khronos.egl.EGL10,javax.microedition.khronos.egl.EGLDisplay)>"
					],
					"depth":8,
					"method":"<com.android.internal.widget.WaveView$2: void run()>",
					"source":"FIELDCALLER"
				},
				{
					"trace":[
						"<java.lang.Thread: void run()>",
						"<android.os.AsyncTask$SerialExecutor$1: void run()>",
						"<android.app.SharedPreferencesImpl$2: void run()>",
						"<android.widget.TextClock$3: void run()>",
						"<android.opengl.GLSurfaceView$GLThread: void run()>",
						"<android.opengl.GLSurfaceView$GLThread: void guardedRun()>",
						"<android.opengl.GLSurfaceView$EglHelper: void start()>",
						"<android.opengl.GLSurfaceView$BaseConfigChooser: javax.microedition.khronos.egl.EGLConfig chooseConfig(javax.microedition.khronos.egl.EGL10,javax.microedition.khronos.egl.EGLDisplay)>",
						"key field: <android.opengl.GLSurfaceView$BaseConfigChooser: int[] mConfigSpec>",
						"<android.opengl.GLSurfaceView$BaseConfigChooser: javax.microedition.khronos.egl.EGLConfig chooseConfig(javax.microedition.khronos.egl.EGL10,javax.microedition.khronos.egl.EGLDisplay)>"
					],
					"depth":8,
					"method":"<java.lang.Thread: void run()>",
					"source":"FIELDCALLER"
				}
			],
			"callerOfSingnlar2SourceVar":{
				"<android.opengl.GLSurfaceView$BaseConfigChooser: javax.microedition.khronos.egl.EGLConfig chooseConfig(javax.microedition.khronos.egl.EGL10,javax.microedition.khronos.egl.EGLDisplay)>":"1, 0"
			}
		},
		{
			"method":"<android.opengl.GLSurfaceView$BaseConfigChooser: javax.microedition.khronos.egl.EGLConfig chooseConfig(javax.microedition.khronos.egl.EGL10,javax.microedition.khronos.egl.EGLDisplay)>",
			"message":"\\QNo configs match configSpec\\E",
			"relatedVarType":"ParaAndField",
			"relatedCondType":"Basic",
			"modifier":"public",
			"type":"java.lang.IllegalArgumentException",
			"osVersionRelated":false,
			"resourceRelated":false,
			"assessRelated":false,
			"hardwareRelated":true,
			"manifestRelated":false,
			"conditions":"i0 > 0, $z0 != 0",
			"paramValues":"@parameter1: javax.microedition.khronos.egl.EGLDisplay, @parameter0: javax.microedition.khronos.egl.EGL10",
			"fieldValues":"<android.opengl.GLSurfaceView$BaseConfigChooser: int[] mConfigSpec>",
			"relatedValues":"@parameter1: javax.microedition.khronos.egl.EGLDisplay, @parameter0: javax.microedition.khronos.egl.EGL10; <android.opengl.GLSurfaceView$BaseConfigChooser: int[] mConfigSpec>; ",
			"keyAPISameClassNum":2,
			"keyAPIDiffClassNum":21,
			"keyAPISameClass":[
				{
					"trace":[
						"<android.opengl.GLSurfaceView$BaseConfigChooser: javax.microedition.khronos.egl.EGLConfig chooseConfig(javax.microedition.khronos.egl.EGL10,javax.microedition.khronos.egl.EGLDisplay)>"
					],
					"depth":1,
					"method":"<android.opengl.GLSurfaceView$BaseConfigChooser: void <init>(android.opengl.GLSurfaceView,int[])>",
					"source":"FIELD"
				},
				{
					"trace":[
						"<android.opengl.GLSurfaceView$BaseConfigChooser: javax.microedition.khronos.egl.EGLConfig chooseConfig(javax.microedition.khronos.egl.EGL10,javax.microedition.khronos.egl.EGLDisplay)>"
					],
					"depth":1,
					"method":"<android.opengl.GLSurfaceView$BaseConfigChooser: javax.microedition.khronos.egl.EGLConfig chooseConfig(javax.microedition.khronos.egl.EGL10,javax.microedition.khronos.egl.EGLDisplay)>",
					"source":"FIELD"
				}
			],
			"keyAPIDiffClass":[
				{
					"trace":[
						"<android.opengl.GLSurfaceView$ComponentSizeChooser: void <init>(android.opengl.GLSurfaceView,int,int,int,int,int,int)>",
						"<android.opengl.GLSurfaceView$BaseConfigChooser: void <init>(android.opengl.GLSurfaceView,int[])>",
						"key field: <android.opengl.GLSurfaceView$BaseConfigChooser: int[] mConfigSpec>",
						"<android.opengl.GLSurfaceView$BaseConfigChooser: javax.microedition.khronos.egl.EGLConfig chooseConfig(javax.microedition.khronos.egl.EGL10,javax.microedition.khronos.egl.EGLDisplay)>"
					],
					"depth":2,
					"method":"<android.opengl.GLSurfaceView$ComponentSizeChooser: void <init>(android.opengl.GLSurfaceView,int,int,int,int,int,int)>",
					"source":"FIELDCALLER"
				},
				{
					"trace":[
						"<android.opengl.GLSurfaceView$EglHelper: void start()>",
						"<android.opengl.GLSurfaceView$BaseConfigChooser: javax.microedition.khronos.egl.EGLConfig chooseConfig(javax.microedition.khronos.egl.EGL10,javax.microedition.khronos.egl.EGLDisplay)>",
						"key field: <android.opengl.GLSurfaceView$BaseConfigChooser: int[] mConfigSpec>",
						"<android.opengl.GLSurfaceView$BaseConfigChooser: javax.microedition.khronos.egl.EGLConfig chooseConfig(javax.microedition.khronos.egl.EGL10,javax.microedition.khronos.egl.EGLDisplay)>"
					],
					"depth":2,
					"method":"<android.opengl.GLSurfaceView$EglHelper: void start()>",
					"source":"FIELDCALLER"
				},
				{
					"trace":[
						"<android.opengl.GLSurfaceView: void setEGLConfigChooser(int,int,int,int,int,int)>",
						"<android.opengl.GLSurfaceView$ComponentSizeChooser: void <init>(android.opengl.GLSurfaceView,int,int,int,int,int,int)>",
						"<android.opengl.GLSurfaceView$BaseConfigChooser: void <init>(android.opengl.GLSurfaceView,int[])>",
						"key field: <android.opengl.GLSurfaceView$BaseConfigChooser: int[] mConfigSpec>",
						"<android.opengl.GLSurfaceView$BaseConfigChooser: javax.microedition.khronos.egl.EGLConfig chooseConfig(javax.microedition.khronos.egl.EGL10,javax.microedition.khronos.egl.EGLDisplay)>"
					],
					"depth":3,
					"method":"<android.opengl.GLSurfaceView: void setEGLConfigChooser(int,int,int,int,int,int)>",
					"source":"FIELDCALLER"
				},
				{
					"trace":[
						"<android.opengl.GLSurfaceView$SimpleEGLConfigChooser: void <init>(android.opengl.GLSurfaceView,boolean)>",
						"<android.opengl.GLSurfaceView$ComponentSizeChooser: void <init>(android.opengl.GLSurfaceView,int,int,int,int,int,int)>",
						"<android.opengl.GLSurfaceView$BaseConfigChooser: void <init>(android.opengl.GLSurfaceView,int[])>",
						"key field: <android.opengl.GLSurfaceView$BaseConfigChooser: int[] mConfigSpec>",
						"<android.opengl.GLSurfaceView$BaseConfigChooser: javax.microedition.khronos.egl.EGLConfig chooseConfig(javax.microedition.khronos.egl.EGL10,javax.microedition.khronos.egl.EGLDisplay)>"
					],
					"depth":3,
					"method":"<android.opengl.GLSurfaceView$SimpleEGLConfigChooser: void <init>(android.opengl.GLSurfaceView,boolean)>",
					"source":"FIELDCALLER"
				},
				{
					"trace":[
						"<android.opengl.GLSurfaceView: void setEGLConfigChooser(boolean)>",
						"<android.opengl.GLSurfaceView$SimpleEGLConfigChooser: void <init>(android.opengl.GLSurfaceView,boolean)>",
						"<android.opengl.GLSurfaceView$ComponentSizeChooser: void <init>(android.opengl.GLSurfaceView,int,int,int,int,int,int)>",
						"<android.opengl.GLSurfaceView$BaseConfigChooser: void <init>(android.opengl.GLSurfaceView,int[])>",
						"key field: <android.opengl.GLSurfaceView$BaseConfigChooser: int[] mConfigSpec>",
						"<android.opengl.GLSurfaceView$BaseConfigChooser: javax.microedition.khronos.egl.EGLConfig chooseConfig(javax.microedition.khronos.egl.EGL10,javax.microedition.khronos.egl.EGLDisplay)>"
					],
					"depth":4,
					"method":"<android.opengl.GLSurfaceView: void setEGLConfigChooser(boolean)>",
					"source":"FIELDCALLER"
				},
				{
					"trace":[
						"<android.opengl.GLSurfaceView: void setRenderer(android.opengl.GLSurfaceView$Renderer)>",
						"<android.opengl.GLSurfaceView$SimpleEGLConfigChooser: void <init>(android.opengl.GLSurfaceView,boolean)>",
						"<android.opengl.GLSurfaceView$ComponentSizeChooser: void <init>(android.opengl.GLSurfaceView,int,int,int,int,int,int)>",
						"<android.opengl.GLSurfaceView$BaseConfigChooser: void <init>(android.opengl.GLSurfaceView,int[])>",
						"key field: <android.opengl.GLSurfaceView$BaseConfigChooser: int[] mConfigSpec>",
						"<android.opengl.GLSurfaceView$BaseConfigChooser: javax.microedition.khronos.egl.EGLConfig chooseConfig(javax.microedition.khronos.egl.EGL10,javax.microedition.khronos.egl.EGLDisplay)>"
					],
					"depth":4,
					"method":"<android.opengl.GLSurfaceView: void setRenderer(android.opengl.GLSurfaceView$Renderer)>",
					"source":"FIELDCALLER"
				},
				{
					"trace":[
						"<android.opengl.GLSurfaceView$GLThread: void run()>",
						"<android.opengl.GLSurfaceView$GLThread: void guardedRun()>",
						"<android.opengl.GLSurfaceView$EglHelper: void start()>",
						"<android.opengl.GLSurfaceView$BaseConfigChooser: javax.microedition.khronos.egl.EGLConfig chooseConfig(javax.microedition.khronos.egl.EGL10,javax.microedition.khronos.egl.EGLDisplay)>",
						"key field: <android.opengl.GLSurfaceView$BaseConfigChooser: int[] mConfigSpec>",
						"<android.opengl.GLSurfaceView$BaseConfigChooser: javax.microedition.khronos.egl.EGLConfig chooseConfig(javax.microedition.khronos.egl.EGL10,javax.microedition.khronos.egl.EGLDisplay)>"
					],
					"depth":4,
					"method":"<android.opengl.GLSurfaceView$GLThread: void run()>",
					"source":"FIELDCALLER"
				},
				{
					"trace":[
						"<android.view.Choreographer$CallbackRecord: void run(long)>",
						"<android.opengl.GLSurfaceView$GLThread: void run()>",
						"<android.opengl.GLSurfaceView$GLThread: void guardedRun()>",
						"<android.opengl.GLSurfaceView$EglHelper: void start()>",
						"<android.opengl.GLSurfaceView$BaseConfigChooser: javax.microedition.khronos.egl.EGLConfig chooseConfig(javax.microedition.khronos.egl.EGL10,javax.microedition.khronos.egl.EGLDisplay)>",
						"key field: <android.opengl.GLSurfaceView$BaseConfigChooser: int[] mConfigSpec>",
						"<android.opengl.GLSurfaceView$BaseConfigChooser: javax.microedition.khronos.egl.EGLConfig chooseConfig(javax.microedition.khronos.egl.EGL10,javax.microedition.khronos.egl.EGLDisplay)>"
					],
					"depth":5,
					"method":"<android.view.Choreographer$CallbackRecord: void run(long)>",
					"source":"FIELDCALLER"
				},
				{
					"trace":[
						"<android.widget.TextClock$3: void run()>",
						"<android.opengl.GLSurfaceView$GLThread: void run()>",
						"<android.opengl.GLSurfaceView$GLThread: void guardedRun()>",
						"<android.opengl.GLSurfaceView$EglHelper: void start()>",
						"<android.opengl.GLSurfaceView$BaseConfigChooser: javax.microedition.khronos.egl.EGLConfig chooseConfig(javax.microedition.khronos.egl.EGL10,javax.microedition.khronos.egl.EGLDisplay)>",
						"key field: <android.opengl.GLSurfaceView$BaseConfigChooser: int[] mConfigSpec>",
						"<android.opengl.GLSurfaceView$BaseConfigChooser: javax.microedition.khronos.egl.EGLConfig chooseConfig(javax.microedition.khronos.egl.EGL10,javax.microedition.khronos.egl.EGLDisplay)>"
					],
					"depth":5,
					"method":"<android.widget.TextClock$3: void run()>",
					"source":"FIELDCALLER"
				},
				{
					"trace":[
						"<java.lang.Runnable: void run()>",
						"<android.opengl.GLSurfaceView$GLThread: void run()>",
						"<android.opengl.GLSurfaceView$GLThread: void guardedRun()>",
						"<android.opengl.GLSurfaceView$EglHelper: void start()>",
						"<android.opengl.GLSurfaceView$BaseConfigChooser: javax.microedition.khronos.egl.EGLConfig chooseConfig(javax.microedition.khronos.egl.EGL10,javax.microedition.khronos.egl.EGLDisplay)>",
						"key field: <android.opengl.GLSurfaceView$BaseConfigChooser: int[] mConfigSpec>",
						"<android.opengl.GLSurfaceView$BaseConfigChooser: javax.microedition.khronos.egl.EGLConfig chooseConfig(javax.microedition.khronos.egl.EGL10,javax.microedition.khronos.egl.EGLDisplay)>"
					],
					"depth":5,
					"method":"<java.lang.Runnable: void run()>",
					"source":"FIELDCALLER"
				},
				{
					"trace":[
						"<android.app.SharedPreferencesImpl$2: void run()>",
						"<android.widget.TextClock$3: void run()>",
						"<android.opengl.GLSurfaceView$GLThread: void run()>",
						"<android.opengl.GLSurfaceView$GLThread: void guardedRun()>",
						"<android.opengl.GLSurfaceView$EglHelper: void start()>",
						"<android.opengl.GLSurfaceView$BaseConfigChooser: javax.microedition.khronos.egl.EGLConfig chooseConfig(javax.microedition.khronos.egl.EGL10,javax.microedition.khronos.egl.EGLDisplay)>",
						"key field: <android.opengl.GLSurfaceView$BaseConfigChooser: int[] mConfigSpec>",
						"<android.opengl.GLSurfaceView$BaseConfigChooser: javax.microedition.khronos.egl.EGLConfig chooseConfig(javax.microedition.khronos.egl.EGL10,javax.microedition.khronos.egl.EGLDisplay)>"
					],
					"depth":6,
					"method":"<android.app.SharedPreferencesImpl$2: void run()>",
					"source":"FIELDCALLER"
				},
				{
					"trace":[
						"<android.os.AsyncTask$SerialExecutor$1: void run()>",
						"<android.app.SharedPreferencesImpl$2: void run()>",
						"<android.widget.TextClock$3: void run()>",
						"<android.opengl.GLSurfaceView$GLThread: void run()>",
						"<android.opengl.GLSurfaceView$GLThread: void guardedRun()>",
						"<android.opengl.GLSurfaceView$EglHelper: void start()>",
						"<android.opengl.GLSurfaceView$BaseConfigChooser: javax.microedition.khronos.egl.EGLConfig chooseConfig(javax.microedition.khronos.egl.EGL10,javax.microedition.khronos.egl.EGLDisplay)>",
						"key field: <android.opengl.GLSurfaceView$BaseConfigChooser: int[] mConfigSpec>",
						"<android.opengl.GLSurfaceView$BaseConfigChooser: javax.microedition.khronos.egl.EGLConfig chooseConfig(javax.microedition.khronos.egl.EGL10,javax.microedition.khronos.egl.EGLDisplay)>"
					],
					"depth":7,
					"method":"<android.os.AsyncTask$SerialExecutor$1: void run()>",
					"source":"FIELDCALLER"
				},
				{
					"trace":[
						"<android.webkit.ZoomControlExternal$1: void run()>",
						"<android.os.AsyncTask$SerialExecutor$1: void run()>",
						"<android.app.SharedPreferencesImpl$2: void run()>",
						"<android.widget.TextClock$3: void run()>",
						"<android.opengl.GLSurfaceView$GLThread: void run()>",
						"<android.opengl.GLSurfaceView$GLThread: void guardedRun()>",
						"<android.opengl.GLSurfaceView$EglHelper: void start()>",
						"<android.opengl.GLSurfaceView$BaseConfigChooser: javax.microedition.khronos.egl.EGLConfig chooseConfig(javax.microedition.khronos.egl.EGL10,javax.microedition.khronos.egl.EGLDisplay)>",
						"key field: <android.opengl.GLSurfaceView$BaseConfigChooser: int[] mConfigSpec>",
						"<android.opengl.GLSurfaceView$BaseConfigChooser: javax.microedition.khronos.egl.EGLConfig chooseConfig(javax.microedition.khronos.egl.EGL10,javax.microedition.khronos.egl.EGLDisplay)>"
					],
					"depth":8,
					"method":"<android.webkit.ZoomControlExternal$1: void run()>",
					"source":"FIELDCALLER"
				},
				{
					"trace":[
						"<android.widget.DigitalClock$1: void run()>",
						"<android.os.AsyncTask$SerialExecutor$1: void run()>",
						"<android.app.SharedPreferencesImpl$2: void run()>",
						"<android.widget.TextClock$3: void run()>",
						"<android.opengl.GLSurfaceView$GLThread: void run()>",
						"<android.opengl.GLSurfaceView$GLThread: void guardedRun()>",
						"<android.opengl.GLSurfaceView$EglHelper: void start()>",
						"<android.opengl.GLSurfaceView$BaseConfigChooser: javax.microedition.khronos.egl.EGLConfig chooseConfig(javax.microedition.khronos.egl.EGL10,javax.microedition.khronos.egl.EGLDisplay)>",
						"key field: <android.opengl.GLSurfaceView$BaseConfigChooser: int[] mConfigSpec>",
						"<android.opengl.GLSurfaceView$BaseConfigChooser: javax.microedition.khronos.egl.EGLConfig chooseConfig(javax.microedition.khronos.egl.EGL10,javax.microedition.khronos.egl.EGLDisplay)>"
					],
					"depth":8,
					"method":"<android.widget.DigitalClock$1: void run()>",
					"source":"FIELDCALLER"
				},
				{
					"trace":[
						"<android.app.SharedPreferencesImpl$EditorImpl$2: void run()>",
						"<android.os.AsyncTask$SerialExecutor$1: void run()>",
						"<android.app.SharedPreferencesImpl$2: void run()>",
						"<android.widget.TextClock$3: void run()>",
						"<android.opengl.GLSurfaceView$GLThread: void run()>",
						"<android.opengl.GLSurfaceView$GLThread: void guardedRun()>",
						"<android.opengl.GLSurfaceView$EglHelper: void start()>",
						"<android.opengl.GLSurfaceView$BaseConfigChooser: javax.microedition.khronos.egl.EGLConfig chooseConfig(javax.microedition.khronos.egl.EGL10,javax.microedition.khronos.egl.EGLDisplay)>",
						"key field: <android.opengl.GLSurfaceView$BaseConfigChooser: int[] mConfigSpec>",
						"<android.opengl.GLSurfaceView$BaseConfigChooser: javax.microedition.khronos.egl.EGLConfig chooseConfig(javax.microedition.khronos.egl.EGL10,javax.microedition.khronos.egl.EGLDisplay)>"
					],
					"depth":8,
					"method":"<android.app.SharedPreferencesImpl$EditorImpl$2: void run()>",
					"source":"FIELDCALLER"
				},
				{
					"trace":[
						"<android.test.InstrumentationTestCase$1: void run()>",
						"<android.os.AsyncTask$SerialExecutor$1: void run()>",
						"<android.app.SharedPreferencesImpl$2: void run()>",
						"<android.widget.TextClock$3: void run()>",
						"<android.opengl.GLSurfaceView$GLThread: void run()>",
						"<android.opengl.GLSurfaceView$GLThread: void guardedRun()>",
						"<android.opengl.GLSurfaceView$EglHelper: void start()>",
						"<android.opengl.GLSurfaceView$BaseConfigChooser: javax.microedition.khronos.egl.EGLConfig chooseConfig(javax.microedition.khronos.egl.EGL10,javax.microedition.khronos.egl.EGLDisplay)>",
						"key field: <android.opengl.GLSurfaceView$BaseConfigChooser: int[] mConfigSpec>",
						"<android.opengl.GLSurfaceView$BaseConfigChooser: javax.microedition.khronos.egl.EGLConfig chooseConfig(javax.microedition.khronos.egl.EGL10,javax.microedition.khronos.egl.EGLDisplay)>"
					],
					"depth":8,
					"method":"<android.test.InstrumentationTestCase$1: void run()>",
					"source":"FIELDCALLER"
				},
				{
					"trace":[
						"<android.app.Instrumentation$SyncRunnable: void run()>",
						"<android.os.AsyncTask$SerialExecutor$1: void run()>",
						"<android.app.SharedPreferencesImpl$2: void run()>",
						"<android.widget.TextClock$3: void run()>",
						"<android.opengl.GLSurfaceView$GLThread: void run()>",
						"<android.opengl.GLSurfaceView$GLThread: void guardedRun()>",
						"<android.opengl.GLSurfaceView$EglHelper: void start()>",
						"<android.opengl.GLSurfaceView$BaseConfigChooser: javax.microedition.khronos.egl.EGLConfig chooseConfig(javax.microedition.khronos.egl.EGL10,javax.microedition.khronos.egl.EGLDisplay)>",
						"key field: <android.opengl.GLSurfaceView$BaseConfigChooser: int[] mConfigSpec>",
						"<android.opengl.GLSurfaceView$BaseConfigChooser: javax.microedition.khronos.egl.EGLConfig chooseConfig(javax.microedition.khronos.egl.EGL10,javax.microedition.khronos.egl.EGLDisplay)>"
					],
					"depth":8,
					"method":"<android.app.Instrumentation$SyncRunnable: void run()>",
					"source":"FIELDCALLER"
				},
				{
					"trace":[
						"<android.webkit.DeviceMotionService$2: void run()>",
						"<android.os.AsyncTask$SerialExecutor$1: void run()>",
						"<android.app.SharedPreferencesImpl$2: void run()>",
						"<android.widget.TextClock$3: void run()>",
						"<android.opengl.GLSurfaceView$GLThread: void run()>",
						"<android.opengl.GLSurfaceView$GLThread: void guardedRun()>",
						"<android.opengl.GLSurfaceView$EglHelper: void start()>",
						"<android.opengl.GLSurfaceView$BaseConfigChooser: javax.microedition.khronos.egl.EGLConfig chooseConfig(javax.microedition.khronos.egl.EGL10,javax.microedition.khronos.egl.EGLDisplay)>",
						"key field: <android.opengl.GLSurfaceView$BaseConfigChooser: int[] mConfigSpec>",
						"<android.opengl.GLSurfaceView$BaseConfigChooser: javax.microedition.khronos.egl.EGLConfig chooseConfig(javax.microedition.khronos.egl.EGL10,javax.microedition.khronos.egl.EGLDisplay)>"
					],
					"depth":8,
					"method":"<android.webkit.DeviceMotionService$2: void run()>",
					"source":"FIELDCALLER"
				},
				{
					"trace":[
						"<android.os.Handler$BlockingRunnable: void run()>",
						"<android.os.AsyncTask$SerialExecutor$1: void run()>",
						"<android.app.SharedPreferencesImpl$2: void run()>",
						"<android.widget.TextClock$3: void run()>",
						"<android.opengl.GLSurfaceView$GLThread: void run()>",
						"<android.opengl.GLSurfaceView$GLThread: void guardedRun()>",
						"<android.opengl.GLSurfaceView$EglHelper: void start()>",
						"<android.opengl.GLSurfaceView$BaseConfigChooser: javax.microedition.khronos.egl.EGLConfig chooseConfig(javax.microedition.khronos.egl.EGL10,javax.microedition.khronos.egl.EGLDisplay)>",
						"key field: <android.opengl.GLSurfaceView$BaseConfigChooser: int[] mConfigSpec>",
						"<android.opengl.GLSurfaceView$BaseConfigChooser: javax.microedition.khronos.egl.EGLConfig chooseConfig(javax.microedition.khronos.egl.EGL10,javax.microedition.khronos.egl.EGLDisplay)>"
					],
					"depth":8,
					"method":"<android.os.Handler$BlockingRunnable: void run()>",
					"source":"FIELDCALLER"
				},
				{
					"trace":[
						"<com.android.internal.widget.WaveView$2: void run()>",
						"<android.os.AsyncTask$SerialExecutor$1: void run()>",
						"<android.app.SharedPreferencesImpl$2: void run()>",
						"<android.widget.TextClock$3: void run()>",
						"<android.opengl.GLSurfaceView$GLThread: void run()>",
						"<android.opengl.GLSurfaceView$GLThread: void guardedRun()>",
						"<android.opengl.GLSurfaceView$EglHelper: void start()>",
						"<android.opengl.GLSurfaceView$BaseConfigChooser: javax.microedition.khronos.egl.EGLConfig chooseConfig(javax.microedition.khronos.egl.EGL10,javax.microedition.khronos.egl.EGLDisplay)>",
						"key field: <android.opengl.GLSurfaceView$BaseConfigChooser: int[] mConfigSpec>",
						"<android.opengl.GLSurfaceView$BaseConfigChooser: javax.microedition.khronos.egl.EGLConfig chooseConfig(javax.microedition.khronos.egl.EGL10,javax.microedition.khronos.egl.EGLDisplay)>"
					],
					"depth":8,
					"method":"<com.android.internal.widget.WaveView$2: void run()>",
					"source":"FIELDCALLER"
				},
				{
					"trace":[
						"<java.lang.Thread: void run()>",
						"<android.os.AsyncTask$SerialExecutor$1: void run()>",
						"<android.app.SharedPreferencesImpl$2: void run()>",
						"<android.widget.TextClock$3: void run()>",
						"<android.opengl.GLSurfaceView$GLThread: void run()>",
						"<android.opengl.GLSurfaceView$GLThread: void guardedRun()>",
						"<android.opengl.GLSurfaceView$EglHelper: void start()>",
						"<android.opengl.GLSurfaceView$BaseConfigChooser: javax.microedition.khronos.egl.EGLConfig chooseConfig(javax.microedition.khronos.egl.EGL10,javax.microedition.khronos.egl.EGLDisplay)>",
						"key field: <android.opengl.GLSurfaceView$BaseConfigChooser: int[] mConfigSpec>",
						"<android.opengl.GLSurfaceView$BaseConfigChooser: javax.microedition.khronos.egl.EGLConfig chooseConfig(javax.microedition.khronos.egl.EGL10,javax.microedition.khronos.egl.EGLDisplay)>"
					],
					"depth":8,
					"method":"<java.lang.Thread: void run()>",
					"source":"FIELDCALLER"
				}
			],
			"callerOfSingnlar2SourceVar":{
				"<android.opengl.GLSurfaceView$BaseConfigChooser: javax.microedition.khronos.egl.EGLConfig chooseConfig(javax.microedition.khronos.egl.EGL10,javax.microedition.khronos.egl.EGLDisplay)>":"1, 0"
			}
		},
		{
			"method":"<android.opengl.GLSurfaceView$BaseConfigChooser: javax.microedition.khronos.egl.EGLConfig chooseConfig(javax.microedition.khronos.egl.EGL10,javax.microedition.khronos.egl.EGLDisplay)>",
			"message":"\\QeglChooseConfig failed\\E",
			"relatedVarType":"ParaAndField",
			"relatedCondType":"Basic",
			"modifier":"public",
			"type":"java.lang.IllegalArgumentException",
			"osVersionRelated":false,
			"resourceRelated":false,
			"assessRelated":false,
			"hardwareRelated":true,
			"manifestRelated":false,
			"conditions":"$z0 != 0",
			"paramValues":"@parameter1: javax.microedition.khronos.egl.EGLDisplay, @parameter0: javax.microedition.khronos.egl.EGL10",
			"fieldValues":"<android.opengl.GLSurfaceView$BaseConfigChooser: int[] mConfigSpec>",
			"relatedValues":"@parameter1: javax.microedition.khronos.egl.EGLDisplay, @parameter0: javax.microedition.khronos.egl.EGL10; <android.opengl.GLSurfaceView$BaseConfigChooser: int[] mConfigSpec>; ",
			"keyAPISameClassNum":2,
			"keyAPIDiffClassNum":21,
			"keyAPISameClass":[
				{
					"trace":[
						"<android.opengl.GLSurfaceView$BaseConfigChooser: javax.microedition.khronos.egl.EGLConfig chooseConfig(javax.microedition.khronos.egl.EGL10,javax.microedition.khronos.egl.EGLDisplay)>"
					],
					"depth":1,
					"method":"<android.opengl.GLSurfaceView$BaseConfigChooser: void <init>(android.opengl.GLSurfaceView,int[])>",
					"source":"FIELD"
				},
				{
					"trace":[
						"<android.opengl.GLSurfaceView$BaseConfigChooser: javax.microedition.khronos.egl.EGLConfig chooseConfig(javax.microedition.khronos.egl.EGL10,javax.microedition.khronos.egl.EGLDisplay)>"
					],
					"depth":1,
					"method":"<android.opengl.GLSurfaceView$BaseConfigChooser: javax.microedition.khronos.egl.EGLConfig chooseConfig(javax.microedition.khronos.egl.EGL10,javax.microedition.khronos.egl.EGLDisplay)>",
					"source":"FIELD"
				}
			],
			"keyAPIDiffClass":[
				{
					"trace":[
						"<android.opengl.GLSurfaceView$ComponentSizeChooser: void <init>(android.opengl.GLSurfaceView,int,int,int,int,int,int)>",
						"<android.opengl.GLSurfaceView$BaseConfigChooser: void <init>(android.opengl.GLSurfaceView,int[])>",
						"key field: <android.opengl.GLSurfaceView$BaseConfigChooser: int[] mConfigSpec>",
						"<android.opengl.GLSurfaceView$BaseConfigChooser: javax.microedition.khronos.egl.EGLConfig chooseConfig(javax.microedition.khronos.egl.EGL10,javax.microedition.khronos.egl.EGLDisplay)>"
					],
					"depth":2,
					"method":"<android.opengl.GLSurfaceView$ComponentSizeChooser: void <init>(android.opengl.GLSurfaceView,int,int,int,int,int,int)>",
					"source":"FIELDCALLER"
				},
				{
					"trace":[
						"<android.opengl.GLSurfaceView$EglHelper: void start()>",
						"<android.opengl.GLSurfaceView$BaseConfigChooser: javax.microedition.khronos.egl.EGLConfig chooseConfig(javax.microedition.khronos.egl.EGL10,javax.microedition.khronos.egl.EGLDisplay)>",
						"key field: <android.opengl.GLSurfaceView$BaseConfigChooser: int[] mConfigSpec>",
						"<android.opengl.GLSurfaceView$BaseConfigChooser: javax.microedition.khronos.egl.EGLConfig chooseConfig(javax.microedition.khronos.egl.EGL10,javax.microedition.khronos.egl.EGLDisplay)>"
					],
					"depth":2,
					"method":"<android.opengl.GLSurfaceView$EglHelper: void start()>",
					"source":"FIELDCALLER"
				},
				{
					"trace":[
						"<android.opengl.GLSurfaceView: void setEGLConfigChooser(int,int,int,int,int,int)>",
						"<android.opengl.GLSurfaceView$ComponentSizeChooser: void <init>(android.opengl.GLSurfaceView,int,int,int,int,int,int)>",
						"<android.opengl.GLSurfaceView$BaseConfigChooser: void <init>(android.opengl.GLSurfaceView,int[])>",
						"key field: <android.opengl.GLSurfaceView$BaseConfigChooser: int[] mConfigSpec>",
						"<android.opengl.GLSurfaceView$BaseConfigChooser: javax.microedition.khronos.egl.EGLConfig chooseConfig(javax.microedition.khronos.egl.EGL10,javax.microedition.khronos.egl.EGLDisplay)>"
					],
					"depth":3,
					"method":"<android.opengl.GLSurfaceView: void setEGLConfigChooser(int,int,int,int,int,int)>",
					"source":"FIELDCALLER"
				},
				{
					"trace":[
						"<android.opengl.GLSurfaceView$SimpleEGLConfigChooser: void <init>(android.opengl.GLSurfaceView,boolean)>",
						"<android.opengl.GLSurfaceView$ComponentSizeChooser: void <init>(android.opengl.GLSurfaceView,int,int,int,int,int,int)>",
						"<android.opengl.GLSurfaceView$BaseConfigChooser: void <init>(android.opengl.GLSurfaceView,int[])>",
						"key field: <android.opengl.GLSurfaceView$BaseConfigChooser: int[] mConfigSpec>",
						"<android.opengl.GLSurfaceView$BaseConfigChooser: javax.microedition.khronos.egl.EGLConfig chooseConfig(javax.microedition.khronos.egl.EGL10,javax.microedition.khronos.egl.EGLDisplay)>"
					],
					"depth":3,
					"method":"<android.opengl.GLSurfaceView$SimpleEGLConfigChooser: void <init>(android.opengl.GLSurfaceView,boolean)>",
					"source":"FIELDCALLER"
				},
				{
					"trace":[
						"<android.opengl.GLSurfaceView: void setEGLConfigChooser(boolean)>",
						"<android.opengl.GLSurfaceView$SimpleEGLConfigChooser: void <init>(android.opengl.GLSurfaceView,boolean)>",
						"<android.opengl.GLSurfaceView$ComponentSizeChooser: void <init>(android.opengl.GLSurfaceView,int,int,int,int,int,int)>",
						"<android.opengl.GLSurfaceView$BaseConfigChooser: void <init>(android.opengl.GLSurfaceView,int[])>",
						"key field: <android.opengl.GLSurfaceView$BaseConfigChooser: int[] mConfigSpec>",
						"<android.opengl.GLSurfaceView$BaseConfigChooser: javax.microedition.khronos.egl.EGLConfig chooseConfig(javax.microedition.khronos.egl.EGL10,javax.microedition.khronos.egl.EGLDisplay)>"
					],
					"depth":4,
					"method":"<android.opengl.GLSurfaceView: void setEGLConfigChooser(boolean)>",
					"source":"FIELDCALLER"
				},
				{
					"trace":[
						"<android.opengl.GLSurfaceView: void setRenderer(android.opengl.GLSurfaceView$Renderer)>",
						"<android.opengl.GLSurfaceView$SimpleEGLConfigChooser: void <init>(android.opengl.GLSurfaceView,boolean)>",
						"<android.opengl.GLSurfaceView$ComponentSizeChooser: void <init>(android.opengl.GLSurfaceView,int,int,int,int,int,int)>",
						"<android.opengl.GLSurfaceView$BaseConfigChooser: void <init>(android.opengl.GLSurfaceView,int[])>",
						"key field: <android.opengl.GLSurfaceView$BaseConfigChooser: int[] mConfigSpec>",
						"<android.opengl.GLSurfaceView$BaseConfigChooser: javax.microedition.khronos.egl.EGLConfig chooseConfig(javax.microedition.khronos.egl.EGL10,javax.microedition.khronos.egl.EGLDisplay)>"
					],
					"depth":4,
					"method":"<android.opengl.GLSurfaceView: void setRenderer(android.opengl.GLSurfaceView$Renderer)>",
					"source":"FIELDCALLER"
				},
				{
					"trace":[
						"<android.opengl.GLSurfaceView$GLThread: void run()>",
						"<android.opengl.GLSurfaceView$GLThread: void guardedRun()>",
						"<android.opengl.GLSurfaceView$EglHelper: void start()>",
						"<android.opengl.GLSurfaceView$BaseConfigChooser: javax.microedition.khronos.egl.EGLConfig chooseConfig(javax.microedition.khronos.egl.EGL10,javax.microedition.khronos.egl.EGLDisplay)>",
						"key field: <android.opengl.GLSurfaceView$BaseConfigChooser: int[] mConfigSpec>",
						"<android.opengl.GLSurfaceView$BaseConfigChooser: javax.microedition.khronos.egl.EGLConfig chooseConfig(javax.microedition.khronos.egl.EGL10,javax.microedition.khronos.egl.EGLDisplay)>"
					],
					"depth":4,
					"method":"<android.opengl.GLSurfaceView$GLThread: void run()>",
					"source":"FIELDCALLER"
				},
				{
					"trace":[
						"<android.view.Choreographer$CallbackRecord: void run(long)>",
						"<android.opengl.GLSurfaceView$GLThread: void run()>",
						"<android.opengl.GLSurfaceView$GLThread: void guardedRun()>",
						"<android.opengl.GLSurfaceView$EglHelper: void start()>",
						"<android.opengl.GLSurfaceView$BaseConfigChooser: javax.microedition.khronos.egl.EGLConfig chooseConfig(javax.microedition.khronos.egl.EGL10,javax.microedition.khronos.egl.EGLDisplay)>",
						"key field: <android.opengl.GLSurfaceView$BaseConfigChooser: int[] mConfigSpec>",
						"<android.opengl.GLSurfaceView$BaseConfigChooser: javax.microedition.khronos.egl.EGLConfig chooseConfig(javax.microedition.khronos.egl.EGL10,javax.microedition.khronos.egl.EGLDisplay)>"
					],
					"depth":5,
					"method":"<android.view.Choreographer$CallbackRecord: void run(long)>",
					"source":"FIELDCALLER"
				},
				{
					"trace":[
						"<android.widget.TextClock$3: void run()>",
						"<android.opengl.GLSurfaceView$GLThread: void run()>",
						"<android.opengl.GLSurfaceView$GLThread: void guardedRun()>",
						"<android.opengl.GLSurfaceView$EglHelper: void start()>",
						"<android.opengl.GLSurfaceView$BaseConfigChooser: javax.microedition.khronos.egl.EGLConfig chooseConfig(javax.microedition.khronos.egl.EGL10,javax.microedition.khronos.egl.EGLDisplay)>",
						"key field: <android.opengl.GLSurfaceView$BaseConfigChooser: int[] mConfigSpec>",
						"<android.opengl.GLSurfaceView$BaseConfigChooser: javax.microedition.khronos.egl.EGLConfig chooseConfig(javax.microedition.khronos.egl.EGL10,javax.microedition.khronos.egl.EGLDisplay)>"
					],
					"depth":5,
					"method":"<android.widget.TextClock$3: void run()>",
					"source":"FIELDCALLER"
				},
				{
					"trace":[
						"<java.lang.Runnable: void run()>",
						"<android.opengl.GLSurfaceView$GLThread: void run()>",
						"<android.opengl.GLSurfaceView$GLThread: void guardedRun()>",
						"<android.opengl.GLSurfaceView$EglHelper: void start()>",
						"<android.opengl.GLSurfaceView$BaseConfigChooser: javax.microedition.khronos.egl.EGLConfig chooseConfig(javax.microedition.khronos.egl.EGL10,javax.microedition.khronos.egl.EGLDisplay)>",
						"key field: <android.opengl.GLSurfaceView$BaseConfigChooser: int[] mConfigSpec>",
						"<android.opengl.GLSurfaceView$BaseConfigChooser: javax.microedition.khronos.egl.EGLConfig chooseConfig(javax.microedition.khronos.egl.EGL10,javax.microedition.khronos.egl.EGLDisplay)>"
					],
					"depth":5,
					"method":"<java.lang.Runnable: void run()>",
					"source":"FIELDCALLER"
				},
				{
					"trace":[
						"<android.app.SharedPreferencesImpl$2: void run()>",
						"<android.widget.TextClock$3: void run()>",
						"<android.opengl.GLSurfaceView$GLThread: void run()>",
						"<android.opengl.GLSurfaceView$GLThread: void guardedRun()>",
						"<android.opengl.GLSurfaceView$EglHelper: void start()>",
						"<android.opengl.GLSurfaceView$BaseConfigChooser: javax.microedition.khronos.egl.EGLConfig chooseConfig(javax.microedition.khronos.egl.EGL10,javax.microedition.khronos.egl.EGLDisplay)>",
						"key field: <android.opengl.GLSurfaceView$BaseConfigChooser: int[] mConfigSpec>",
						"<android.opengl.GLSurfaceView$BaseConfigChooser: javax.microedition.khronos.egl.EGLConfig chooseConfig(javax.microedition.khronos.egl.EGL10,javax.microedition.khronos.egl.EGLDisplay)>"
					],
					"depth":6,
					"method":"<android.app.SharedPreferencesImpl$2: void run()>",
					"source":"FIELDCALLER"
				},
				{
					"trace":[
						"<android.os.AsyncTask$SerialExecutor$1: void run()>",
						"<android.app.SharedPreferencesImpl$2: void run()>",
						"<android.widget.TextClock$3: void run()>",
						"<android.opengl.GLSurfaceView$GLThread: void run()>",
						"<android.opengl.GLSurfaceView$GLThread: void guardedRun()>",
						"<android.opengl.GLSurfaceView$EglHelper: void start()>",
						"<android.opengl.GLSurfaceView$BaseConfigChooser: javax.microedition.khronos.egl.EGLConfig chooseConfig(javax.microedition.khronos.egl.EGL10,javax.microedition.khronos.egl.EGLDisplay)>",
						"key field: <android.opengl.GLSurfaceView$BaseConfigChooser: int[] mConfigSpec>",
						"<android.opengl.GLSurfaceView$BaseConfigChooser: javax.microedition.khronos.egl.EGLConfig chooseConfig(javax.microedition.khronos.egl.EGL10,javax.microedition.khronos.egl.EGLDisplay)>"
					],
					"depth":7,
					"method":"<android.os.AsyncTask$SerialExecutor$1: void run()>",
					"source":"FIELDCALLER"
				},
				{
					"trace":[
						"<android.webkit.ZoomControlExternal$1: void run()>",
						"<android.os.AsyncTask$SerialExecutor$1: void run()>",
						"<android.app.SharedPreferencesImpl$2: void run()>",
						"<android.widget.TextClock$3: void run()>",
						"<android.opengl.GLSurfaceView$GLThread: void run()>",
						"<android.opengl.GLSurfaceView$GLThread: void guardedRun()>",
						"<android.opengl.GLSurfaceView$EglHelper: void start()>",
						"<android.opengl.GLSurfaceView$BaseConfigChooser: javax.microedition.khronos.egl.EGLConfig chooseConfig(javax.microedition.khronos.egl.EGL10,javax.microedition.khronos.egl.EGLDisplay)>",
						"key field: <android.opengl.GLSurfaceView$BaseConfigChooser: int[] mConfigSpec>",
						"<android.opengl.GLSurfaceView$BaseConfigChooser: javax.microedition.khronos.egl.EGLConfig chooseConfig(javax.microedition.khronos.egl.EGL10,javax.microedition.khronos.egl.EGLDisplay)>"
					],
					"depth":8,
					"method":"<android.webkit.ZoomControlExternal$1: void run()>",
					"source":"FIELDCALLER"
				},
				{
					"trace":[
						"<android.widget.DigitalClock$1: void run()>",
						"<android.os.AsyncTask$SerialExecutor$1: void run()>",
						"<android.app.SharedPreferencesImpl$2: void run()>",
						"<android.widget.TextClock$3: void run()>",
						"<android.opengl.GLSurfaceView$GLThread: void run()>",
						"<android.opengl.GLSurfaceView$GLThread: void guardedRun()>",
						"<android.opengl.GLSurfaceView$EglHelper: void start()>",
						"<android.opengl.GLSurfaceView$BaseConfigChooser: javax.microedition.khronos.egl.EGLConfig chooseConfig(javax.microedition.khronos.egl.EGL10,javax.microedition.khronos.egl.EGLDisplay)>",
						"key field: <android.opengl.GLSurfaceView$BaseConfigChooser: int[] mConfigSpec>",
						"<android.opengl.GLSurfaceView$BaseConfigChooser: javax.microedition.khronos.egl.EGLConfig chooseConfig(javax.microedition.khronos.egl.EGL10,javax.microedition.khronos.egl.EGLDisplay)>"
					],
					"depth":8,
					"method":"<android.widget.DigitalClock$1: void run()>",
					"source":"FIELDCALLER"
				},
				{
					"trace":[
						"<android.app.SharedPreferencesImpl$EditorImpl$2: void run()>",
						"<android.os.AsyncTask$SerialExecutor$1: void run()>",
						"<android.app.SharedPreferencesImpl$2: void run()>",
						"<android.widget.TextClock$3: void run()>",
						"<android.opengl.GLSurfaceView$GLThread: void run()>",
						"<android.opengl.GLSurfaceView$GLThread: void guardedRun()>",
						"<android.opengl.GLSurfaceView$EglHelper: void start()>",
						"<android.opengl.GLSurfaceView$BaseConfigChooser: javax.microedition.khronos.egl.EGLConfig chooseConfig(javax.microedition.khronos.egl.EGL10,javax.microedition.khronos.egl.EGLDisplay)>",
						"key field: <android.opengl.GLSurfaceView$BaseConfigChooser: int[] mConfigSpec>",
						"<android.opengl.GLSurfaceView$BaseConfigChooser: javax.microedition.khronos.egl.EGLConfig chooseConfig(javax.microedition.khronos.egl.EGL10,javax.microedition.khronos.egl.EGLDisplay)>"
					],
					"depth":8,
					"method":"<android.app.SharedPreferencesImpl$EditorImpl$2: void run()>",
					"source":"FIELDCALLER"
				},
				{
					"trace":[
						"<android.test.InstrumentationTestCase$1: void run()>",
						"<android.os.AsyncTask$SerialExecutor$1: void run()>",
						"<android.app.SharedPreferencesImpl$2: void run()>",
						"<android.widget.TextClock$3: void run()>",
						"<android.opengl.GLSurfaceView$GLThread: void run()>",
						"<android.opengl.GLSurfaceView$GLThread: void guardedRun()>",
						"<android.opengl.GLSurfaceView$EglHelper: void start()>",
						"<android.opengl.GLSurfaceView$BaseConfigChooser: javax.microedition.khronos.egl.EGLConfig chooseConfig(javax.microedition.khronos.egl.EGL10,javax.microedition.khronos.egl.EGLDisplay)>",
						"key field: <android.opengl.GLSurfaceView$BaseConfigChooser: int[] mConfigSpec>",
						"<android.opengl.GLSurfaceView$BaseConfigChooser: javax.microedition.khronos.egl.EGLConfig chooseConfig(javax.microedition.khronos.egl.EGL10,javax.microedition.khronos.egl.EGLDisplay)>"
					],
					"depth":8,
					"method":"<android.test.InstrumentationTestCase$1: void run()>",
					"source":"FIELDCALLER"
				},
				{
					"trace":[
						"<android.app.Instrumentation$SyncRunnable: void run()>",
						"<android.os.AsyncTask$SerialExecutor$1: void run()>",
						"<android.app.SharedPreferencesImpl$2: void run()>",
						"<android.widget.TextClock$3: void run()>",
						"<android.opengl.GLSurfaceView$GLThread: void run()>",
						"<android.opengl.GLSurfaceView$GLThread: void guardedRun()>",
						"<android.opengl.GLSurfaceView$EglHelper: void start()>",
						"<android.opengl.GLSurfaceView$BaseConfigChooser: javax.microedition.khronos.egl.EGLConfig chooseConfig(javax.microedition.khronos.egl.EGL10,javax.microedition.khronos.egl.EGLDisplay)>",
						"key field: <android.opengl.GLSurfaceView$BaseConfigChooser: int[] mConfigSpec>",
						"<android.opengl.GLSurfaceView$BaseConfigChooser: javax.microedition.khronos.egl.EGLConfig chooseConfig(javax.microedition.khronos.egl.EGL10,javax.microedition.khronos.egl.EGLDisplay)>"
					],
					"depth":8,
					"method":"<android.app.Instrumentation$SyncRunnable: void run()>",
					"source":"FIELDCALLER"
				},
				{
					"trace":[
						"<android.webkit.DeviceMotionService$2: void run()>",
						"<android.os.AsyncTask$SerialExecutor$1: void run()>",
						"<android.app.SharedPreferencesImpl$2: void run()>",
						"<android.widget.TextClock$3: void run()>",
						"<android.opengl.GLSurfaceView$GLThread: void run()>",
						"<android.opengl.GLSurfaceView$GLThread: void guardedRun()>",
						"<android.opengl.GLSurfaceView$EglHelper: void start()>",
						"<android.opengl.GLSurfaceView$BaseConfigChooser: javax.microedition.khronos.egl.EGLConfig chooseConfig(javax.microedition.khronos.egl.EGL10,javax.microedition.khronos.egl.EGLDisplay)>",
						"key field: <android.opengl.GLSurfaceView$BaseConfigChooser: int[] mConfigSpec>",
						"<android.opengl.GLSurfaceView$BaseConfigChooser: javax.microedition.khronos.egl.EGLConfig chooseConfig(javax.microedition.khronos.egl.EGL10,javax.microedition.khronos.egl.EGLDisplay)>"
					],
					"depth":8,
					"method":"<android.webkit.DeviceMotionService$2: void run()>",
					"source":"FIELDCALLER"
				},
				{
					"trace":[
						"<android.os.Handler$BlockingRunnable: void run()>",
						"<android.os.AsyncTask$SerialExecutor$1: void run()>",
						"<android.app.SharedPreferencesImpl$2: void run()>",
						"<android.widget.TextClock$3: void run()>",
						"<android.opengl.GLSurfaceView$GLThread: void run()>",
						"<android.opengl.GLSurfaceView$GLThread: void guardedRun()>",
						"<android.opengl.GLSurfaceView$EglHelper: void start()>",
						"<android.opengl.GLSurfaceView$BaseConfigChooser: javax.microedition.khronos.egl.EGLConfig chooseConfig(javax.microedition.khronos.egl.EGL10,javax.microedition.khronos.egl.EGLDisplay)>",
						"key field: <android.opengl.GLSurfaceView$BaseConfigChooser: int[] mConfigSpec>",
						"<android.opengl.GLSurfaceView$BaseConfigChooser: javax.microedition.khronos.egl.EGLConfig chooseConfig(javax.microedition.khronos.egl.EGL10,javax.microedition.khronos.egl.EGLDisplay)>"
					],
					"depth":8,
					"method":"<android.os.Handler$BlockingRunnable: void run()>",
					"source":"FIELDCALLER"
				},
				{
					"trace":[
						"<com.android.internal.widget.WaveView$2: void run()>",
						"<android.os.AsyncTask$SerialExecutor$1: void run()>",
						"<android.app.SharedPreferencesImpl$2: void run()>",
						"<android.widget.TextClock$3: void run()>",
						"<android.opengl.GLSurfaceView$GLThread: void run()>",
						"<android.opengl.GLSurfaceView$GLThread: void guardedRun()>",
						"<android.opengl.GLSurfaceView$EglHelper: void start()>",
						"<android.opengl.GLSurfaceView$BaseConfigChooser: javax.microedition.khronos.egl.EGLConfig chooseConfig(javax.microedition.khronos.egl.EGL10,javax.microedition.khronos.egl.EGLDisplay)>",
						"key field: <android.opengl.GLSurfaceView$BaseConfigChooser: int[] mConfigSpec>",
						"<android.opengl.GLSurfaceView$BaseConfigChooser: javax.microedition.khronos.egl.EGLConfig chooseConfig(javax.microedition.khronos.egl.EGL10,javax.microedition.khronos.egl.EGLDisplay)>"
					],
					"depth":8,
					"method":"<com.android.internal.widget.WaveView$2: void run()>",
					"source":"FIELDCALLER"
				},
				{
					"trace":[
						"<java.lang.Thread: void run()>",
						"<android.os.AsyncTask$SerialExecutor$1: void run()>",
						"<android.app.SharedPreferencesImpl$2: void run()>",
						"<android.widget.TextClock$3: void run()>",
						"<android.opengl.GLSurfaceView$GLThread: void run()>",
						"<android.opengl.GLSurfaceView$GLThread: void guardedRun()>",
						"<android.opengl.GLSurfaceView$EglHelper: void start()>",
						"<android.opengl.GLSurfaceView$BaseConfigChooser: javax.microedition.khronos.egl.EGLConfig chooseConfig(javax.microedition.khronos.egl.EGL10,javax.microedition.khronos.egl.EGLDisplay)>",
						"key field: <android.opengl.GLSurfaceView$BaseConfigChooser: int[] mConfigSpec>",
						"<android.opengl.GLSurfaceView$BaseConfigChooser: javax.microedition.khronos.egl.EGLConfig chooseConfig(javax.microedition.khronos.egl.EGL10,javax.microedition.khronos.egl.EGLDisplay)>"
					],
					"depth":8,
					"method":"<java.lang.Thread: void run()>",
					"source":"FIELDCALLER"
				}
			],
			"callerOfSingnlar2SourceVar":{
				"<android.opengl.GLSurfaceView$BaseConfigChooser: javax.microedition.khronos.egl.EGLConfig chooseConfig(javax.microedition.khronos.egl.EGL10,javax.microedition.khronos.egl.EGLDisplay)>":"1, 0"
			}
		}
	]
}