{
	"exceptions":[
		{
			"method":"<android.media.audiofx.AudioEffect: void <init>(java.util.UUID,java.util.UUID,int,int)>",
			"message":"\\QCannot initialize effect engine for type: \\E[\\s\\S]*\\Q Error: \\E[\\s\\S]*",
			"relatedVarType":"Parameter",
			"relatedCondType":"Basic",
			"modifier":"public",
			"type":"java.lang.RuntimeException",
			"osVersionRelated":false,
			"resourceRelated":false,
			"assessRelated":false,
			"hardwareRelated":false,
			"manifestRelated":false,
			"conditions":"i2, i2 == -2, i2 == 0",
			"paramValues":"@parameter0: java.util.UUID, @parameter1: java.util.UUID, @parameter2: int, @parameter3: int",
			"relatedValues":"@parameter0: java.util.UUID, @parameter1: java.util.UUID, @parameter2: int, @parameter3: int; ; ",
			"keyAPISameClassNum":0,
			"keyAPIDiffClassNum":0,
			"keyAPISameClass":[
				{
					"trace":[
						"<android.media.audiofx.AudioEffect: void <init>(java.util.UUID,java.util.UUID,int,int)>"
					],
					"depth":0,
					"method":"<android.media.audiofx.AudioEffect: void <init>(java.util.UUID,java.util.UUID,int,int)>",
					"source":"CALLER"
				}
			],
			"keyAPIDiffClass":[
				{
					"trace":[
						"<android.media.audiofx.Equalizer: void <init>(int,int)>",
						"<android.media.audiofx.AudioEffect: void <init>(java.util.UUID,java.util.UUID,int,int)>"
					],
					"depth":1,
					"method":"<android.media.audiofx.Equalizer: void <init>(int,int)>",
					"source":"CALLER"
				},
				{
					"trace":[
						"<android.media.audiofx.PresetReverb: void <init>(int,int)>",
						"<android.media.audiofx.AudioEffect: void <init>(java.util.UUID,java.util.UUID,int,int)>"
					],
					"depth":1,
					"method":"<android.media.audiofx.PresetReverb: void <init>(int,int)>",
					"source":"CALLER"
				},
				{
					"trace":[
						"<android.media.audiofx.BassBoost: void <init>(int,int)>",
						"<android.media.audiofx.AudioEffect: void <init>(java.util.UUID,java.util.UUID,int,int)>"
					],
					"depth":1,
					"method":"<android.media.audiofx.BassBoost: void <init>(int,int)>",
					"source":"CALLER"
				},
				{
					"trace":[
						"<android.media.audiofx.Virtualizer: void <init>(int,int)>",
						"<android.media.audiofx.AudioEffect: void <init>(java.util.UUID,java.util.UUID,int,int)>"
					],
					"depth":1,
					"method":"<android.media.audiofx.Virtualizer: void <init>(int,int)>",
					"source":"CALLER"
				},
				{
					"trace":[
						"<android.media.audiofx.EnvironmentalReverb: void <init>(int,int)>",
						"<android.media.audiofx.AudioEffect: void <init>(java.util.UUID,java.util.UUID,int,int)>"
					],
					"depth":1,
					"method":"<android.media.audiofx.EnvironmentalReverb: void <init>(int,int)>",
					"source":"CALLER"
				},
				{
					"trace":[
						"<android.media.audiofx.NoiseSuppressor: android.media.audiofx.NoiseSuppressor create(int)>",
						"<android.media.audiofx.NoiseSuppressor: void <init>(int)>",
						"<android.media.audiofx.AudioEffect: void <init>(java.util.UUID,java.util.UUID,int,int)>"
					],
					"depth":2,
					"method":"<android.media.audiofx.NoiseSuppressor: android.media.audiofx.NoiseSuppressor create(int)>",
					"source":"CALLER"
				},
				{
					"trace":[
						"<android.media.audiofx.AcousticEchoCanceler: android.media.audiofx.AcousticEchoCanceler create(int)>",
						"<android.media.audiofx.AcousticEchoCanceler: void <init>(int)>",
						"<android.media.audiofx.AudioEffect: void <init>(java.util.UUID,java.util.UUID,int,int)>"
					],
					"depth":2,
					"method":"<android.media.audiofx.AcousticEchoCanceler: android.media.audiofx.AcousticEchoCanceler create(int)>",
					"source":"CALLER"
				},
				{
					"trace":[
						"<android.media.audiofx.AutomaticGainControl: android.media.audiofx.AutomaticGainControl create(int)>",
						"<android.media.audiofx.AutomaticGainControl: void <init>(int)>",
						"<android.media.audiofx.AudioEffect: void <init>(java.util.UUID,java.util.UUID,int,int)>"
					],
					"depth":2,
					"method":"<android.media.audiofx.AutomaticGainControl: android.media.audiofx.AutomaticGainControl create(int)>",
					"source":"CALLER"
				}
			],
			"callerOfSingnlar2SourceVar":{
				"<android.media.audiofx.AutomaticGainControl: void <init>(int)>":"0",
				"<android.media.audiofx.PresetReverb: void <init>(int,int)>":"0, 1",
				"<android.media.audiofx.AutomaticGainControl: android.media.audiofx.AutomaticGainControl create(int)>":"0",
				"<android.media.audiofx.Virtualizer: void <init>(int,int)>":"0, 1",
				"<android.media.audiofx.AudioEffect: void <init>(java.util.UUID,java.util.UUID,int,int)>":"0, 1, 2, 3",
				"<android.media.audiofx.EnvironmentalReverb: void <init>(int,int)>":"0, 1",
				"<android.media.audiofx.AcousticEchoCanceler: android.media.audiofx.AcousticEchoCanceler create(int)>":"0",
				"<android.media.audiofx.BassBoost: void <init>(int,int)>":"0, 1",
				"<android.media.audiofx.NoiseSuppressor: void <init>(int)>":"0",
				"<android.media.audiofx.AcousticEchoCanceler: void <init>(int)>":"0",
				"<android.media.audiofx.NoiseSuppressor: android.media.audiofx.NoiseSuppressor create(int)>":"0",
				"<android.media.audiofx.Equalizer: void <init>(int,int)>":"0, 1"
			}
		},
		{
			"method":"<android.media.audiofx.AudioEffect: void <init>(java.util.UUID,java.util.UUID,int,int)>",
			"message":"\\QEffect library not loaded\\E",
			"relatedVarType":"Parameter",
			"relatedCondType":"Basic",
			"modifier":"public",
			"type":"java.lang.UnsupportedOperationException",
			"osVersionRelated":false,
			"resourceRelated":false,
			"assessRelated":false,
			"hardwareRelated":false,
			"manifestRelated":false,
			"conditions":"i2, i2 == -2, i2 == 0",
			"paramValues":"@parameter0: java.util.UUID, @parameter1: java.util.UUID, @parameter2: int, @parameter3: int",
			"relatedValues":"@parameter0: java.util.UUID, @parameter1: java.util.UUID, @parameter2: int, @parameter3: int; ; ",
			"keyAPISameClassNum":0,
			"keyAPIDiffClassNum":0,
			"keyAPISameClass":[
				{
					"trace":[
						"<android.media.audiofx.AudioEffect: void <init>(java.util.UUID,java.util.UUID,int,int)>"
					],
					"depth":0,
					"method":"<android.media.audiofx.AudioEffect: void <init>(java.util.UUID,java.util.UUID,int,int)>",
					"source":"CALLER"
				}
			],
			"keyAPIDiffClass":[
				{
					"trace":[
						"<android.media.audiofx.Equalizer: void <init>(int,int)>",
						"<android.media.audiofx.AudioEffect: void <init>(java.util.UUID,java.util.UUID,int,int)>"
					],
					"depth":1,
					"method":"<android.media.audiofx.Equalizer: void <init>(int,int)>",
					"source":"CALLER"
				},
				{
					"trace":[
						"<android.media.audiofx.PresetReverb: void <init>(int,int)>",
						"<android.media.audiofx.AudioEffect: void <init>(java.util.UUID,java.util.UUID,int,int)>"
					],
					"depth":1,
					"method":"<android.media.audiofx.PresetReverb: void <init>(int,int)>",
					"source":"CALLER"
				},
				{
					"trace":[
						"<android.media.audiofx.BassBoost: void <init>(int,int)>",
						"<android.media.audiofx.AudioEffect: void <init>(java.util.UUID,java.util.UUID,int,int)>"
					],
					"depth":1,
					"method":"<android.media.audiofx.BassBoost: void <init>(int,int)>",
					"source":"CALLER"
				},
				{
					"trace":[
						"<android.media.audiofx.Virtualizer: void <init>(int,int)>",
						"<android.media.audiofx.AudioEffect: void <init>(java.util.UUID,java.util.UUID,int,int)>"
					],
					"depth":1,
					"method":"<android.media.audiofx.Virtualizer: void <init>(int,int)>",
					"source":"CALLER"
				},
				{
					"trace":[
						"<android.media.audiofx.EnvironmentalReverb: void <init>(int,int)>",
						"<android.media.audiofx.AudioEffect: void <init>(java.util.UUID,java.util.UUID,int,int)>"
					],
					"depth":1,
					"method":"<android.media.audiofx.EnvironmentalReverb: void <init>(int,int)>",
					"source":"CALLER"
				},
				{
					"trace":[
						"<android.media.audiofx.NoiseSuppressor: android.media.audiofx.NoiseSuppressor create(int)>",
						"<android.media.audiofx.NoiseSuppressor: void <init>(int)>",
						"<android.media.audiofx.AudioEffect: void <init>(java.util.UUID,java.util.UUID,int,int)>"
					],
					"depth":2,
					"method":"<android.media.audiofx.NoiseSuppressor: android.media.audiofx.NoiseSuppressor create(int)>",
					"source":"CALLER"
				},
				{
					"trace":[
						"<android.media.audiofx.AcousticEchoCanceler: android.media.audiofx.AcousticEchoCanceler create(int)>",
						"<android.media.audiofx.AcousticEchoCanceler: void <init>(int)>",
						"<android.media.audiofx.AudioEffect: void <init>(java.util.UUID,java.util.UUID,int,int)>"
					],
					"depth":2,
					"method":"<android.media.audiofx.AcousticEchoCanceler: android.media.audiofx.AcousticEchoCanceler create(int)>",
					"source":"CALLER"
				},
				{
					"trace":[
						"<android.media.audiofx.AutomaticGainControl: android.media.audiofx.AutomaticGainControl create(int)>",
						"<android.media.audiofx.AutomaticGainControl: void <init>(int)>",
						"<android.media.audiofx.AudioEffect: void <init>(java.util.UUID,java.util.UUID,int,int)>"
					],
					"depth":2,
					"method":"<android.media.audiofx.AutomaticGainControl: android.media.audiofx.AutomaticGainControl create(int)>",
					"source":"CALLER"
				}
			],
			"callerOfSingnlar2SourceVar":{
				"<android.media.audiofx.AutomaticGainControl: void <init>(int)>":"0",
				"<android.media.audiofx.PresetReverb: void <init>(int,int)>":"0, 1",
				"<android.media.audiofx.AutomaticGainControl: android.media.audiofx.AutomaticGainControl create(int)>":"0",
				"<android.media.audiofx.Virtualizer: void <init>(int,int)>":"0, 1",
				"<android.media.audiofx.AudioEffect: void <init>(java.util.UUID,java.util.UUID,int,int)>":"0, 1, 2, 3",
				"<android.media.audiofx.EnvironmentalReverb: void <init>(int,int)>":"0, 1",
				"<android.media.audiofx.AcousticEchoCanceler: android.media.audiofx.AcousticEchoCanceler create(int)>":"0",
				"<android.media.audiofx.BassBoost: void <init>(int,int)>":"0, 1",
				"<android.media.audiofx.NoiseSuppressor: void <init>(int)>":"0",
				"<android.media.audiofx.AcousticEchoCanceler: void <init>(int)>":"0",
				"<android.media.audiofx.NoiseSuppressor: android.media.audiofx.NoiseSuppressor create(int)>":"0",
				"<android.media.audiofx.Equalizer: void <init>(int,int)>":"0, 1"
			}
		},
		{
			"method":"<android.media.audiofx.AudioEffect: void <init>(java.util.UUID,java.util.UUID,int,int)>",
			"message":"\\QEffect type: \\E[\\s\\S]*\\Q not supported.\\E",
			"relatedVarType":"Parameter",
			"relatedCondType":"Basic",
			"modifier":"public",
			"type":"java.lang.IllegalArgumentException",
			"osVersionRelated":false,
			"resourceRelated":false,
			"assessRelated":false,
			"hardwareRelated":false,
			"manifestRelated":false,
			"conditions":"i2, i2 == -2, i2 == 0",
			"paramValues":"@parameter0: java.util.UUID, @parameter1: java.util.UUID, @parameter2: int, @parameter3: int",
			"relatedValues":"@parameter0: java.util.UUID, @parameter1: java.util.UUID, @parameter2: int, @parameter3: int; ; ",
			"keyAPISameClassNum":0,
			"keyAPIDiffClassNum":0,
			"keyAPISameClass":[
				{
					"trace":[
						"<android.media.audiofx.AudioEffect: void <init>(java.util.UUID,java.util.UUID,int,int)>"
					],
					"depth":0,
					"method":"<android.media.audiofx.AudioEffect: void <init>(java.util.UUID,java.util.UUID,int,int)>",
					"source":"CALLER"
				}
			],
			"keyAPIDiffClass":[
				{
					"trace":[
						"<android.media.audiofx.Equalizer: void <init>(int,int)>",
						"<android.media.audiofx.AudioEffect: void <init>(java.util.UUID,java.util.UUID,int,int)>"
					],
					"depth":1,
					"method":"<android.media.audiofx.Equalizer: void <init>(int,int)>",
					"source":"CALLER"
				},
				{
					"trace":[
						"<android.media.audiofx.PresetReverb: void <init>(int,int)>",
						"<android.media.audiofx.AudioEffect: void <init>(java.util.UUID,java.util.UUID,int,int)>"
					],
					"depth":1,
					"method":"<android.media.audiofx.PresetReverb: void <init>(int,int)>",
					"source":"CALLER"
				},
				{
					"trace":[
						"<android.media.audiofx.BassBoost: void <init>(int,int)>",
						"<android.media.audiofx.AudioEffect: void <init>(java.util.UUID,java.util.UUID,int,int)>"
					],
					"depth":1,
					"method":"<android.media.audiofx.BassBoost: void <init>(int,int)>",
					"source":"CALLER"
				},
				{
					"trace":[
						"<android.media.audiofx.Virtualizer: void <init>(int,int)>",
						"<android.media.audiofx.AudioEffect: void <init>(java.util.UUID,java.util.UUID,int,int)>"
					],
					"depth":1,
					"method":"<android.media.audiofx.Virtualizer: void <init>(int,int)>",
					"source":"CALLER"
				},
				{
					"trace":[
						"<android.media.audiofx.EnvironmentalReverb: void <init>(int,int)>",
						"<android.media.audiofx.AudioEffect: void <init>(java.util.UUID,java.util.UUID,int,int)>"
					],
					"depth":1,
					"method":"<android.media.audiofx.EnvironmentalReverb: void <init>(int,int)>",
					"source":"CALLER"
				},
				{
					"trace":[
						"<android.media.audiofx.NoiseSuppressor: android.media.audiofx.NoiseSuppressor create(int)>",
						"<android.media.audiofx.NoiseSuppressor: void <init>(int)>",
						"<android.media.audiofx.AudioEffect: void <init>(java.util.UUID,java.util.UUID,int,int)>"
					],
					"depth":2,
					"method":"<android.media.audiofx.NoiseSuppressor: android.media.audiofx.NoiseSuppressor create(int)>",
					"source":"CALLER"
				},
				{
					"trace":[
						"<android.media.audiofx.AcousticEchoCanceler: android.media.audiofx.AcousticEchoCanceler create(int)>",
						"<android.media.audiofx.AcousticEchoCanceler: void <init>(int)>",
						"<android.media.audiofx.AudioEffect: void <init>(java.util.UUID,java.util.UUID,int,int)>"
					],
					"depth":2,
					"method":"<android.media.audiofx.AcousticEchoCanceler: android.media.audiofx.AcousticEchoCanceler create(int)>",
					"source":"CALLER"
				},
				{
					"trace":[
						"<android.media.audiofx.AutomaticGainControl: android.media.audiofx.AutomaticGainControl create(int)>",
						"<android.media.audiofx.AutomaticGainControl: void <init>(int)>",
						"<android.media.audiofx.AudioEffect: void <init>(java.util.UUID,java.util.UUID,int,int)>"
					],
					"depth":2,
					"method":"<android.media.audiofx.AutomaticGainControl: android.media.audiofx.AutomaticGainControl create(int)>",
					"source":"CALLER"
				}
			],
			"callerOfSingnlar2SourceVar":{
				"<android.media.audiofx.AutomaticGainControl: void <init>(int)>":"0",
				"<android.media.audiofx.PresetReverb: void <init>(int,int)>":"0, 1",
				"<android.media.audiofx.AutomaticGainControl: android.media.audiofx.AutomaticGainControl create(int)>":"0",
				"<android.media.audiofx.Virtualizer: void <init>(int,int)>":"0, 1",
				"<android.media.audiofx.AudioEffect: void <init>(java.util.UUID,java.util.UUID,int,int)>":"0, 1, 2, 3",
				"<android.media.audiofx.EnvironmentalReverb: void <init>(int,int)>":"0, 1",
				"<android.media.audiofx.AcousticEchoCanceler: android.media.audiofx.AcousticEchoCanceler create(int)>":"0",
				"<android.media.audiofx.BassBoost: void <init>(int,int)>":"0, 1",
				"<android.media.audiofx.NoiseSuppressor: void <init>(int)>":"0",
				"<android.media.audiofx.AcousticEchoCanceler: void <init>(int)>":"0",
				"<android.media.audiofx.NoiseSuppressor: android.media.audiofx.NoiseSuppressor create(int)>":"0",
				"<android.media.audiofx.Equalizer: void <init>(int,int)>":"0, 1"
			}
		},
		{
			"method":"<android.media.audiofx.AudioEffect: void checkState(java.lang.String)>",
			"message":"[\\s\\S]*\\Q called on uninitialized AudioEffect.\\E",
			"relatedVarType":"Field",
			"relatedCondType":"Basic",
			"modifier":"public",
			"type":"java.lang.IllegalStateException",
			"osVersionRelated":false,
			"resourceRelated":false,
			"assessRelated":false,
			"hardwareRelated":false,
			"manifestRelated":false,
			"conditions":"$i0 == 1",
			"fieldValues":"<android.media.audiofx.AudioEffect: int mState>",
			"relatedValues":"; <android.media.audiofx.AudioEffect: int mState>; ",
			"keyAPISameClassNum":2,
			"keyAPIDiffClassNum":8,
			"keyAPISameClass":[
				{
					"trace":[
						"<android.media.audiofx.AudioEffect: void checkState(java.lang.String)>"
					],
					"depth":1,
					"method":"<android.media.audiofx.AudioEffect: void <init>(java.util.UUID,java.util.UUID,int,int)>",
					"source":"FIELD"
				},
				{
					"trace":[
						"<android.media.audiofx.AudioEffect: void checkState(java.lang.String)>"
					],
					"depth":1,
					"method":"<android.media.audiofx.AudioEffect: void release()>",
					"source":"FIELD"
				}
			],
			"keyAPIDiffClass":[
				{
					"trace":[
						"<android.media.audiofx.Equalizer: void <init>(int,int)>",
						"<android.media.audiofx.AudioEffect: void <init>(java.util.UUID,java.util.UUID,int,int)>",
						"key field: <android.media.audiofx.AudioEffect: int mState>",
						"<android.media.audiofx.AudioEffect: void checkState(java.lang.String)>"
					],
					"depth":2,
					"method":"<android.media.audiofx.Equalizer: void <init>(int,int)>",
					"source":"FIELDCALLER"
				},
				{
					"trace":[
						"<android.media.audiofx.PresetReverb: void <init>(int,int)>",
						"<android.media.audiofx.AudioEffect: void <init>(java.util.UUID,java.util.UUID,int,int)>",
						"key field: <android.media.audiofx.AudioEffect: int mState>",
						"<android.media.audiofx.AudioEffect: void checkState(java.lang.String)>"
					],
					"depth":2,
					"method":"<android.media.audiofx.PresetReverb: void <init>(int,int)>",
					"source":"FIELDCALLER"
				},
				{
					"trace":[
						"<android.media.audiofx.BassBoost: void <init>(int,int)>",
						"<android.media.audiofx.AudioEffect: void <init>(java.util.UUID,java.util.UUID,int,int)>",
						"key field: <android.media.audiofx.AudioEffect: int mState>",
						"<android.media.audiofx.AudioEffect: void checkState(java.lang.String)>"
					],
					"depth":2,
					"method":"<android.media.audiofx.BassBoost: void <init>(int,int)>",
					"source":"FIELDCALLER"
				},
				{
					"trace":[
						"<android.media.audiofx.Virtualizer: void <init>(int,int)>",
						"<android.media.audiofx.AudioEffect: void <init>(java.util.UUID,java.util.UUID,int,int)>",
						"key field: <android.media.audiofx.AudioEffect: int mState>",
						"<android.media.audiofx.AudioEffect: void checkState(java.lang.String)>"
					],
					"depth":2,
					"method":"<android.media.audiofx.Virtualizer: void <init>(int,int)>",
					"source":"FIELDCALLER"
				},
				{
					"trace":[
						"<android.media.audiofx.EnvironmentalReverb: void <init>(int,int)>",
						"<android.media.audiofx.AudioEffect: void <init>(java.util.UUID,java.util.UUID,int,int)>",
						"key field: <android.media.audiofx.AudioEffect: int mState>",
						"<android.media.audiofx.AudioEffect: void checkState(java.lang.String)>"
					],
					"depth":2,
					"method":"<android.media.audiofx.EnvironmentalReverb: void <init>(int,int)>",
					"source":"FIELDCALLER"
				},
				{
					"trace":[
						"<android.media.audiofx.NoiseSuppressor: android.media.audiofx.NoiseSuppressor create(int)>",
						"<android.media.audiofx.NoiseSuppressor: void <init>(int)>",
						"<android.media.audiofx.AudioEffect: void <init>(java.util.UUID,java.util.UUID,int,int)>",
						"key field: <android.media.audiofx.AudioEffect: int mState>",
						"<android.media.audiofx.AudioEffect: void checkState(java.lang.String)>"
					],
					"depth":3,
					"method":"<android.media.audiofx.NoiseSuppressor: android.media.audiofx.NoiseSuppressor create(int)>",
					"source":"FIELDCALLER"
				},
				{
					"trace":[
						"<android.media.audiofx.AcousticEchoCanceler: android.media.audiofx.AcousticEchoCanceler create(int)>",
						"<android.media.audiofx.AcousticEchoCanceler: void <init>(int)>",
						"<android.media.audiofx.AudioEffect: void <init>(java.util.UUID,java.util.UUID,int,int)>",
						"key field: <android.media.audiofx.AudioEffect: int mState>",
						"<android.media.audiofx.AudioEffect: void checkState(java.lang.String)>"
					],
					"depth":3,
					"method":"<android.media.audiofx.AcousticEchoCanceler: android.media.audiofx.AcousticEchoCanceler create(int)>",
					"source":"FIELDCALLER"
				},
				{
					"trace":[
						"<android.media.audiofx.AutomaticGainControl: android.media.audiofx.AutomaticGainControl create(int)>",
						"<android.media.audiofx.AutomaticGainControl: void <init>(int)>",
						"<android.media.audiofx.AudioEffect: void <init>(java.util.UUID,java.util.UUID,int,int)>",
						"key field: <android.media.audiofx.AudioEffect: int mState>",
						"<android.media.audiofx.AudioEffect: void checkState(java.lang.String)>"
					],
					"depth":3,
					"method":"<android.media.audiofx.AutomaticGainControl: android.media.audiofx.AutomaticGainControl create(int)>",
					"source":"FIELDCALLER"
				}
			],
			"callerOfSingnlar2SourceVar":{}
		},
		{
			"method":"<android.media.audiofx.AudioEffect: void checkStatus(int)>",
			"message":"\\QAudioEffect: set/get parameter error\\E",
			"relatedVarType":"Parameter",
			"relatedCondType":"Basic",
			"modifier":"public",
			"type":"java.lang.RuntimeException",
			"osVersionRelated":false,
			"resourceRelated":false,
			"assessRelated":false,
			"hardwareRelated":false,
			"manifestRelated":false,
			"conditions":"i0, $z0 == 0",
			"paramValues":"@parameter0: int",
			"relatedValues":"@parameter0: int; ; ",
			"keyAPISameClassNum":0,
			"keyAPIDiffClassNum":0,
			"keyAPISameClass":[
				{
					"trace":[
						"<android.media.audiofx.AudioEffect: void checkStatus(int)>"
					],
					"depth":0,
					"method":"<android.media.audiofx.AudioEffect: void checkStatus(int)>",
					"source":"CALLER"
				}
			],
			"keyAPIDiffClass":[
				{
					"trace":[
						"<android.media.audiofx.PresetReverb: void setProperties(android.media.audiofx.PresetReverb$Settings)>",
						"<android.media.audiofx.AudioEffect: void checkStatus(int)>"
					],
					"depth":1,
					"method":"<android.media.audiofx.PresetReverb: void setProperties(android.media.audiofx.PresetReverb$Settings)>",
					"source":"CALLER"
				},
				{
					"trace":[
						"<android.media.audiofx.PresetReverb: void setPreset(short)>",
						"<android.media.audiofx.AudioEffect: void checkStatus(int)>"
					],
					"depth":1,
					"method":"<android.media.audiofx.PresetReverb: void setPreset(short)>",
					"source":"CALLER"
				},
				{
					"trace":[
						"<android.media.audiofx.BassBoost: void setStrength(short)>",
						"<android.media.audiofx.AudioEffect: void checkStatus(int)>"
					],
					"depth":1,
					"method":"<android.media.audiofx.BassBoost: void setStrength(short)>",
					"source":"CALLER"
				},
				{
					"trace":[
						"<android.media.audiofx.BassBoost: void setProperties(android.media.audiofx.BassBoost$Settings)>",
						"<android.media.audiofx.AudioEffect: void checkStatus(int)>"
					],
					"depth":1,
					"method":"<android.media.audiofx.BassBoost: void setProperties(android.media.audiofx.BassBoost$Settings)>",
					"source":"CALLER"
				},
				{
					"trace":[
						"<android.media.audiofx.Virtualizer: void setStrength(short)>",
						"<android.media.audiofx.AudioEffect: void checkStatus(int)>"
					],
					"depth":1,
					"method":"<android.media.audiofx.Virtualizer: void setStrength(short)>",
					"source":"CALLER"
				},
				{
					"trace":[
						"<android.media.audiofx.Virtualizer: void setProperties(android.media.audiofx.Virtualizer$Settings)>",
						"<android.media.audiofx.AudioEffect: void checkStatus(int)>"
					],
					"depth":1,
					"method":"<android.media.audiofx.Virtualizer: void setProperties(android.media.audiofx.Virtualizer$Settings)>",
					"source":"CALLER"
				},
				{
					"trace":[
						"<android.media.audiofx.EnvironmentalReverb: void setRoomLevel(short)>",
						"<android.media.audiofx.AudioEffect: void checkStatus(int)>"
					],
					"depth":1,
					"method":"<android.media.audiofx.EnvironmentalReverb: void setRoomLevel(short)>",
					"source":"CALLER"
				},
				{
					"trace":[
						"<android.media.audiofx.EnvironmentalReverb: void setRoomHFLevel(short)>",
						"<android.media.audiofx.AudioEffect: void checkStatus(int)>"
					],
					"depth":1,
					"method":"<android.media.audiofx.EnvironmentalReverb: void setRoomHFLevel(short)>",
					"source":"CALLER"
				},
				{
					"trace":[
						"<android.media.audiofx.EnvironmentalReverb: void setReverbLevel(short)>",
						"<android.media.audiofx.AudioEffect: void checkStatus(int)>"
					],
					"depth":1,
					"method":"<android.media.audiofx.EnvironmentalReverb: void setReverbLevel(short)>",
					"source":"CALLER"
				},
				{
					"trace":[
						"<android.media.audiofx.EnvironmentalReverb: void setReverbDelay(int)>",
						"<android.media.audiofx.AudioEffect: void checkStatus(int)>"
					],
					"depth":1,
					"method":"<android.media.audiofx.EnvironmentalReverb: void setReverbDelay(int)>",
					"source":"CALLER"
				},
				{
					"trace":[
						"<android.media.audiofx.EnvironmentalReverb: void setReflectionsLevel(short)>",
						"<android.media.audiofx.AudioEffect: void checkStatus(int)>"
					],
					"depth":1,
					"method":"<android.media.audiofx.EnvironmentalReverb: void setReflectionsLevel(short)>",
					"source":"CALLER"
				},
				{
					"trace":[
						"<android.media.audiofx.EnvironmentalReverb: void setReflectionsDelay(int)>",
						"<android.media.audiofx.AudioEffect: void checkStatus(int)>"
					],
					"depth":1,
					"method":"<android.media.audiofx.EnvironmentalReverb: void setReflectionsDelay(int)>",
					"source":"CALLER"
				},
				{
					"trace":[
						"<android.media.audiofx.EnvironmentalReverb: void setDiffusion(short)>",
						"<android.media.audiofx.AudioEffect: void checkStatus(int)>"
					],
					"depth":1,
					"method":"<android.media.audiofx.EnvironmentalReverb: void setDiffusion(short)>",
					"source":"CALLER"
				},
				{
					"trace":[
						"<android.media.audiofx.EnvironmentalReverb: void setDensity(short)>",
						"<android.media.audiofx.AudioEffect: void checkStatus(int)>"
					],
					"depth":1,
					"method":"<android.media.audiofx.EnvironmentalReverb: void setDensity(short)>",
					"source":"CALLER"
				},
				{
					"trace":[
						"<android.media.audiofx.EnvironmentalReverb: void setDecayTime(int)>",
						"<android.media.audiofx.AudioEffect: void checkStatus(int)>"
					],
					"depth":1,
					"method":"<android.media.audiofx.EnvironmentalReverb: void setDecayTime(int)>",
					"source":"CALLER"
				},
				{
					"trace":[
						"<android.media.audiofx.EnvironmentalReverb: void setDecayHFRatio(short)>",
						"<android.media.audiofx.AudioEffect: void checkStatus(int)>"
					],
					"depth":1,
					"method":"<android.media.audiofx.EnvironmentalReverb: void setDecayHFRatio(short)>",
					"source":"CALLER"
				},
				{
					"trace":[
						"<android.media.audiofx.Equalizer: void usePreset(short)>",
						"<android.media.audiofx.AudioEffect: void checkStatus(int)>"
					],
					"depth":1,
					"method":"<android.media.audiofx.Equalizer: void usePreset(short)>",
					"source":"CALLER"
				}
			],
			"callerOfSingnlar2SourceVar":{
				"<android.media.audiofx.AudioEffect: void checkStatus(int)>":"0"
			}
		},
		{
			"method":"<android.media.audiofx.AudioEffect: void checkStatus(int)>",
			"message":"\\QAudioEffect: invalid parameter operation\\E",
			"relatedVarType":"Parameter",
			"relatedCondType":"Basic",
			"modifier":"public",
			"type":"java.lang.UnsupportedOperationException",
			"osVersionRelated":false,
			"resourceRelated":false,
			"assessRelated":false,
			"hardwareRelated":false,
			"manifestRelated":false,
			"conditions":"i0, $z0 == 0",
			"paramValues":"@parameter0: int",
			"relatedValues":"@parameter0: int; ; ",
			"keyAPISameClassNum":0,
			"keyAPIDiffClassNum":0,
			"keyAPISameClass":[
				{
					"trace":[
						"<android.media.audiofx.AudioEffect: void checkStatus(int)>"
					],
					"depth":0,
					"method":"<android.media.audiofx.AudioEffect: void checkStatus(int)>",
					"source":"CALLER"
				}
			],
			"keyAPIDiffClass":[
				{
					"trace":[
						"<android.media.audiofx.PresetReverb: void setProperties(android.media.audiofx.PresetReverb$Settings)>",
						"<android.media.audiofx.AudioEffect: void checkStatus(int)>"
					],
					"depth":1,
					"method":"<android.media.audiofx.PresetReverb: void setProperties(android.media.audiofx.PresetReverb$Settings)>",
					"source":"CALLER"
				},
				{
					"trace":[
						"<android.media.audiofx.PresetReverb: void setPreset(short)>",
						"<android.media.audiofx.AudioEffect: void checkStatus(int)>"
					],
					"depth":1,
					"method":"<android.media.audiofx.PresetReverb: void setPreset(short)>",
					"source":"CALLER"
				},
				{
					"trace":[
						"<android.media.audiofx.BassBoost: void setStrength(short)>",
						"<android.media.audiofx.AudioEffect: void checkStatus(int)>"
					],
					"depth":1,
					"method":"<android.media.audiofx.BassBoost: void setStrength(short)>",
					"source":"CALLER"
				},
				{
					"trace":[
						"<android.media.audiofx.BassBoost: void setProperties(android.media.audiofx.BassBoost$Settings)>",
						"<android.media.audiofx.AudioEffect: void checkStatus(int)>"
					],
					"depth":1,
					"method":"<android.media.audiofx.BassBoost: void setProperties(android.media.audiofx.BassBoost$Settings)>",
					"source":"CALLER"
				},
				{
					"trace":[
						"<android.media.audiofx.Virtualizer: void setStrength(short)>",
						"<android.media.audiofx.AudioEffect: void checkStatus(int)>"
					],
					"depth":1,
					"method":"<android.media.audiofx.Virtualizer: void setStrength(short)>",
					"source":"CALLER"
				},
				{
					"trace":[
						"<android.media.audiofx.Virtualizer: void setProperties(android.media.audiofx.Virtualizer$Settings)>",
						"<android.media.audiofx.AudioEffect: void checkStatus(int)>"
					],
					"depth":1,
					"method":"<android.media.audiofx.Virtualizer: void setProperties(android.media.audiofx.Virtualizer$Settings)>",
					"source":"CALLER"
				},
				{
					"trace":[
						"<android.media.audiofx.EnvironmentalReverb: void setRoomLevel(short)>",
						"<android.media.audiofx.AudioEffect: void checkStatus(int)>"
					],
					"depth":1,
					"method":"<android.media.audiofx.EnvironmentalReverb: void setRoomLevel(short)>",
					"source":"CALLER"
				},
				{
					"trace":[
						"<android.media.audiofx.EnvironmentalReverb: void setRoomHFLevel(short)>",
						"<android.media.audiofx.AudioEffect: void checkStatus(int)>"
					],
					"depth":1,
					"method":"<android.media.audiofx.EnvironmentalReverb: void setRoomHFLevel(short)>",
					"source":"CALLER"
				},
				{
					"trace":[
						"<android.media.audiofx.EnvironmentalReverb: void setReverbLevel(short)>",
						"<android.media.audiofx.AudioEffect: void checkStatus(int)>"
					],
					"depth":1,
					"method":"<android.media.audiofx.EnvironmentalReverb: void setReverbLevel(short)>",
					"source":"CALLER"
				},
				{
					"trace":[
						"<android.media.audiofx.EnvironmentalReverb: void setReverbDelay(int)>",
						"<android.media.audiofx.AudioEffect: void checkStatus(int)>"
					],
					"depth":1,
					"method":"<android.media.audiofx.EnvironmentalReverb: void setReverbDelay(int)>",
					"source":"CALLER"
				},
				{
					"trace":[
						"<android.media.audiofx.EnvironmentalReverb: void setReflectionsLevel(short)>",
						"<android.media.audiofx.AudioEffect: void checkStatus(int)>"
					],
					"depth":1,
					"method":"<android.media.audiofx.EnvironmentalReverb: void setReflectionsLevel(short)>",
					"source":"CALLER"
				},
				{
					"trace":[
						"<android.media.audiofx.EnvironmentalReverb: void setReflectionsDelay(int)>",
						"<android.media.audiofx.AudioEffect: void checkStatus(int)>"
					],
					"depth":1,
					"method":"<android.media.audiofx.EnvironmentalReverb: void setReflectionsDelay(int)>",
					"source":"CALLER"
				},
				{
					"trace":[
						"<android.media.audiofx.EnvironmentalReverb: void setDiffusion(short)>",
						"<android.media.audiofx.AudioEffect: void checkStatus(int)>"
					],
					"depth":1,
					"method":"<android.media.audiofx.EnvironmentalReverb: void setDiffusion(short)>",
					"source":"CALLER"
				},
				{
					"trace":[
						"<android.media.audiofx.EnvironmentalReverb: void setDensity(short)>",
						"<android.media.audiofx.AudioEffect: void checkStatus(int)>"
					],
					"depth":1,
					"method":"<android.media.audiofx.EnvironmentalReverb: void setDensity(short)>",
					"source":"CALLER"
				},
				{
					"trace":[
						"<android.media.audiofx.EnvironmentalReverb: void setDecayTime(int)>",
						"<android.media.audiofx.AudioEffect: void checkStatus(int)>"
					],
					"depth":1,
					"method":"<android.media.audiofx.EnvironmentalReverb: void setDecayTime(int)>",
					"source":"CALLER"
				},
				{
					"trace":[
						"<android.media.audiofx.EnvironmentalReverb: void setDecayHFRatio(short)>",
						"<android.media.audiofx.AudioEffect: void checkStatus(int)>"
					],
					"depth":1,
					"method":"<android.media.audiofx.EnvironmentalReverb: void setDecayHFRatio(short)>",
					"source":"CALLER"
				},
				{
					"trace":[
						"<android.media.audiofx.Equalizer: void usePreset(short)>",
						"<android.media.audiofx.AudioEffect: void checkStatus(int)>"
					],
					"depth":1,
					"method":"<android.media.audiofx.Equalizer: void usePreset(short)>",
					"source":"CALLER"
				}
			],
			"callerOfSingnlar2SourceVar":{
				"<android.media.audiofx.AudioEffect: void checkStatus(int)>":"0"
			}
		},
		{
			"method":"<android.media.audiofx.AudioEffect: void checkStatus(int)>",
			"message":"\\QAudioEffect: bad parameter value\\E",
			"relatedVarType":"Parameter",
			"relatedCondType":"Basic",
			"modifier":"public",
			"type":"java.lang.IllegalArgumentException",
			"osVersionRelated":false,
			"resourceRelated":false,
			"assessRelated":false,
			"hardwareRelated":false,
			"manifestRelated":false,
			"conditions":"i0, $z0 == 0",
			"paramValues":"@parameter0: int",
			"relatedValues":"@parameter0: int; ; ",
			"keyAPISameClassNum":0,
			"keyAPIDiffClassNum":0,
			"keyAPISameClass":[
				{
					"trace":[
						"<android.media.audiofx.AudioEffect: void checkStatus(int)>"
					],
					"depth":0,
					"method":"<android.media.audiofx.AudioEffect: void checkStatus(int)>",
					"source":"CALLER"
				}
			],
			"keyAPIDiffClass":[
				{
					"trace":[
						"<android.media.audiofx.PresetReverb: void setProperties(android.media.audiofx.PresetReverb$Settings)>",
						"<android.media.audiofx.AudioEffect: void checkStatus(int)>"
					],
					"depth":1,
					"method":"<android.media.audiofx.PresetReverb: void setProperties(android.media.audiofx.PresetReverb$Settings)>",
					"source":"CALLER"
				},
				{
					"trace":[
						"<android.media.audiofx.PresetReverb: void setPreset(short)>",
						"<android.media.audiofx.AudioEffect: void checkStatus(int)>"
					],
					"depth":1,
					"method":"<android.media.audiofx.PresetReverb: void setPreset(short)>",
					"source":"CALLER"
				},
				{
					"trace":[
						"<android.media.audiofx.BassBoost: void setStrength(short)>",
						"<android.media.audiofx.AudioEffect: void checkStatus(int)>"
					],
					"depth":1,
					"method":"<android.media.audiofx.BassBoost: void setStrength(short)>",
					"source":"CALLER"
				},
				{
					"trace":[
						"<android.media.audiofx.BassBoost: void setProperties(android.media.audiofx.BassBoost$Settings)>",
						"<android.media.audiofx.AudioEffect: void checkStatus(int)>"
					],
					"depth":1,
					"method":"<android.media.audiofx.BassBoost: void setProperties(android.media.audiofx.BassBoost$Settings)>",
					"source":"CALLER"
				},
				{
					"trace":[
						"<android.media.audiofx.Virtualizer: void setStrength(short)>",
						"<android.media.audiofx.AudioEffect: void checkStatus(int)>"
					],
					"depth":1,
					"method":"<android.media.audiofx.Virtualizer: void setStrength(short)>",
					"source":"CALLER"
				},
				{
					"trace":[
						"<android.media.audiofx.Virtualizer: void setProperties(android.media.audiofx.Virtualizer$Settings)>",
						"<android.media.audiofx.AudioEffect: void checkStatus(int)>"
					],
					"depth":1,
					"method":"<android.media.audiofx.Virtualizer: void setProperties(android.media.audiofx.Virtualizer$Settings)>",
					"source":"CALLER"
				},
				{
					"trace":[
						"<android.media.audiofx.EnvironmentalReverb: void setRoomLevel(short)>",
						"<android.media.audiofx.AudioEffect: void checkStatus(int)>"
					],
					"depth":1,
					"method":"<android.media.audiofx.EnvironmentalReverb: void setRoomLevel(short)>",
					"source":"CALLER"
				},
				{
					"trace":[
						"<android.media.audiofx.EnvironmentalReverb: void setRoomHFLevel(short)>",
						"<android.media.audiofx.AudioEffect: void checkStatus(int)>"
					],
					"depth":1,
					"method":"<android.media.audiofx.EnvironmentalReverb: void setRoomHFLevel(short)>",
					"source":"CALLER"
				},
				{
					"trace":[
						"<android.media.audiofx.EnvironmentalReverb: void setReverbLevel(short)>",
						"<android.media.audiofx.AudioEffect: void checkStatus(int)>"
					],
					"depth":1,
					"method":"<android.media.audiofx.EnvironmentalReverb: void setReverbLevel(short)>",
					"source":"CALLER"
				},
				{
					"trace":[
						"<android.media.audiofx.EnvironmentalReverb: void setReverbDelay(int)>",
						"<android.media.audiofx.AudioEffect: void checkStatus(int)>"
					],
					"depth":1,
					"method":"<android.media.audiofx.EnvironmentalReverb: void setReverbDelay(int)>",
					"source":"CALLER"
				},
				{
					"trace":[
						"<android.media.audiofx.EnvironmentalReverb: void setReflectionsLevel(short)>",
						"<android.media.audiofx.AudioEffect: void checkStatus(int)>"
					],
					"depth":1,
					"method":"<android.media.audiofx.EnvironmentalReverb: void setReflectionsLevel(short)>",
					"source":"CALLER"
				},
				{
					"trace":[
						"<android.media.audiofx.EnvironmentalReverb: void setReflectionsDelay(int)>",
						"<android.media.audiofx.AudioEffect: void checkStatus(int)>"
					],
					"depth":1,
					"method":"<android.media.audiofx.EnvironmentalReverb: void setReflectionsDelay(int)>",
					"source":"CALLER"
				},
				{
					"trace":[
						"<android.media.audiofx.EnvironmentalReverb: void setDiffusion(short)>",
						"<android.media.audiofx.AudioEffect: void checkStatus(int)>"
					],
					"depth":1,
					"method":"<android.media.audiofx.EnvironmentalReverb: void setDiffusion(short)>",
					"source":"CALLER"
				},
				{
					"trace":[
						"<android.media.audiofx.EnvironmentalReverb: void setDensity(short)>",
						"<android.media.audiofx.AudioEffect: void checkStatus(int)>"
					],
					"depth":1,
					"method":"<android.media.audiofx.EnvironmentalReverb: void setDensity(short)>",
					"source":"CALLER"
				},
				{
					"trace":[
						"<android.media.audiofx.EnvironmentalReverb: void setDecayTime(int)>",
						"<android.media.audiofx.AudioEffect: void checkStatus(int)>"
					],
					"depth":1,
					"method":"<android.media.audiofx.EnvironmentalReverb: void setDecayTime(int)>",
					"source":"CALLER"
				},
				{
					"trace":[
						"<android.media.audiofx.EnvironmentalReverb: void setDecayHFRatio(short)>",
						"<android.media.audiofx.AudioEffect: void checkStatus(int)>"
					],
					"depth":1,
					"method":"<android.media.audiofx.EnvironmentalReverb: void setDecayHFRatio(short)>",
					"source":"CALLER"
				},
				{
					"trace":[
						"<android.media.audiofx.Equalizer: void usePreset(short)>",
						"<android.media.audiofx.AudioEffect: void checkStatus(int)>"
					],
					"depth":1,
					"method":"<android.media.audiofx.Equalizer: void usePreset(short)>",
					"source":"CALLER"
				}
			],
			"callerOfSingnlar2SourceVar":{
				"<android.media.audiofx.AudioEffect: void checkStatus(int)>":"0"
			}
		}
	]
}