{
	"exceptions":[
		{
			"method":"<android.net.wifi.p2p.WifiP2pGroup: void <init>(java.lang.String)>",
			"message":"\\QMalformed supplicant event\\E",
			"relatedVarType":"Parameter",
			"relatedCondType":"Basic",
			"modifier":"public",
			"type":"java.lang.IllegalArgumentException",
			"osVersionRelated":false,
			"resourceRelated":false,
			"assessRelated":false,
			"hardwareRelated":false,
			"manifestRelated":false,
			"conditions":"$z1 == 0, $z0 == 0, $i0 >= 3",
			"paramValues":"@parameter0: java.lang.String",
			"relatedValues":"@parameter0: java.lang.String; ; ",
			"keyAPISameClassNum":0,
			"keyAPIDiffClassNum":0,
			"keyAPISameClass":[
				{
					"trace":[
						"<android.net.wifi.p2p.WifiP2pGroup: void <init>(java.lang.String)>"
					],
					"depth":0,
					"method":"<android.net.wifi.p2p.WifiP2pGroup: void <init>(java.lang.String)>",
					"source":"CALLER"
				}
			],
			"keyAPIDiffClass":[],
			"callerOfSingnlar2SourceVar":{
				"<android.net.wifi.WifiMonitor$MonitorThread: void handleP2pEvents(java.lang.String)>":"0",
				"<android.net.wifi.p2p.WifiP2pGroup: void <init>(java.lang.String)>":"0"
			}
		},
		{
			"method":"<android.net.wifi.p2p.WifiP2pGroup: void <init>(java.lang.String)>",
			"message":"\\QMalformed supplicant event\\E",
			"relatedVarType":"Parameter",
			"relatedCondType":"Basic",
			"modifier":"public",
			"type":"java.lang.IllegalArgumentException",
			"osVersionRelated":false,
			"resourceRelated":false,
			"assessRelated":false,
			"hardwareRelated":false,
			"manifestRelated":false,
			"conditions":"$i0 >= 3",
			"paramValues":"@parameter0: java.lang.String",
			"relatedValues":"@parameter0: java.lang.String; ; ",
			"keyAPISameClassNum":0,
			"keyAPIDiffClassNum":0,
			"keyAPISameClass":[
				{
					"trace":[
						"<android.net.wifi.p2p.WifiP2pGroup: void <init>(java.lang.String)>"
					],
					"depth":0,
					"method":"<android.net.wifi.p2p.WifiP2pGroup: void <init>(java.lang.String)>",
					"source":"CALLER"
				}
			],
			"keyAPIDiffClass":[],
			"callerOfSingnlar2SourceVar":{
				"<android.net.wifi.WifiMonitor$MonitorThread: void handleP2pEvents(java.lang.String)>":"0",
				"<android.net.wifi.p2p.WifiP2pGroup: void <init>(java.lang.String)>":"0"
			}
		}
	]
}