{
	"exceptions":[
		{
			"method":"<android.drm.DrmManagerClient: java.lang.String convertUriToPath(android.net.Uri)>",
			"message":"\\QGiven Uri is not formatted in a way so that it can be found in media store.\\E",
			"relatedVarType":"Parameter",
			"relatedCondType":"Basic",
			"modifier":"private",
			"type":"java.lang.IllegalArgumentException",
			"osVersionRelated":false,
			"resourceRelated":false,
			"assessRelated":false,
			"hardwareRelated":true,
			"manifestRelated":false,
			"conditions":"$z3 == 0, $z2 == 0, $z1 == 0",
			"paramValues":"@parameter0: android.net.Uri",
			"caughtValues":"@caughtexception",
			"relatedValues":"@parameter0: android.net.Uri; ; @caughtexception",
			"keyAPISameClassNum":0,
			"keyAPIDiffClassNum":0,
			"keyAPISameClass":[
				{
					"trace":[
						"<android.drm.DrmManagerClient: java.lang.String convertUriToPath(android.net.Uri)>"
					],
					"depth":0,
					"method":"<android.drm.DrmManagerClient: java.lang.String convertUriToPath(android.net.Uri)>",
					"source":"CALLER"
				},
				{
					"trace":[
						"<android.drm.DrmManagerClient: boolean canHandle(android.net.Uri,java.lang.String)>",
						"<android.drm.DrmManagerClient: java.lang.String convertUriToPath(android.net.Uri)>"
					],
					"depth":1,
					"method":"<android.drm.DrmManagerClient: boolean canHandle(android.net.Uri,java.lang.String)>",
					"source":"CALLER"
				},
				{
					"trace":[
						"<android.drm.DrmManagerClient: int removeRights(android.net.Uri)>",
						"<android.drm.DrmManagerClient: java.lang.String convertUriToPath(android.net.Uri)>"
					],
					"depth":1,
					"method":"<android.drm.DrmManagerClient: int removeRights(android.net.Uri)>",
					"source":"CALLER"
				},
				{
					"trace":[
						"<android.drm.DrmManagerClient: java.lang.String getOriginalMimeType(android.net.Uri)>",
						"<android.drm.DrmManagerClient: java.lang.String convertUriToPath(android.net.Uri)>"
					],
					"depth":1,
					"method":"<android.drm.DrmManagerClient: java.lang.String getOriginalMimeType(android.net.Uri)>",
					"source":"CALLER"
				},
				{
					"trace":[
						"<android.drm.DrmManagerClient: android.content.ContentValues getMetadata(android.net.Uri)>",
						"<android.drm.DrmManagerClient: java.lang.String convertUriToPath(android.net.Uri)>"
					],
					"depth":1,
					"method":"<android.drm.DrmManagerClient: android.content.ContentValues getMetadata(android.net.Uri)>",
					"source":"CALLER"
				},
				{
					"trace":[
						"<android.drm.DrmManagerClient: int getDrmObjectType(android.net.Uri,java.lang.String)>",
						"<android.drm.DrmManagerClient: java.lang.String convertUriToPath(android.net.Uri)>"
					],
					"depth":1,
					"method":"<android.drm.DrmManagerClient: int getDrmObjectType(android.net.Uri,java.lang.String)>",
					"source":"CALLER"
				},
				{
					"trace":[
						"<android.drm.DrmManagerClient: android.content.ContentValues getConstraints(android.net.Uri,int)>",
						"<android.drm.DrmManagerClient: java.lang.String convertUriToPath(android.net.Uri)>"
					],
					"depth":1,
					"method":"<android.drm.DrmManagerClient: android.content.ContentValues getConstraints(android.net.Uri,int)>",
					"source":"CALLER"
				},
				{
					"trace":[
						"<android.drm.DrmManagerClient: int checkRightsStatus(android.net.Uri,int)>",
						"<android.drm.DrmManagerClient: java.lang.String convertUriToPath(android.net.Uri)>"
					],
					"depth":1,
					"method":"<android.drm.DrmManagerClient: int checkRightsStatus(android.net.Uri,int)>",
					"source":"CALLER"
				},
				{
					"trace":[
						"<android.drm.DrmManagerClient: int checkRightsStatus(android.net.Uri)>",
						"<android.drm.DrmManagerClient: java.lang.String convertUriToPath(android.net.Uri)>"
					],
					"depth":1,
					"method":"<android.drm.DrmManagerClient: int checkRightsStatus(android.net.Uri)>",
					"source":"CALLER"
				}
			],
			"keyAPIDiffClass":[],
			"callerOfSingnlar2SourceVar":{
				"<android.drm.DrmManagerClient: int checkRightsStatus(android.net.Uri,int)>":"0",
				"<android.drm.DrmManagerClient: int checkRightsStatus(android.net.Uri)>":"0",
				"<android.drm.DrmManagerClient: java.lang.String convertUriToPath(android.net.Uri)>":"0",
				"<android.drm.DrmManagerClient: android.content.ContentValues getMetadata(android.net.Uri)>":"0",
				"<android.drm.DrmManagerClient: int removeRights(android.net.Uri)>":"0",
				"<android.drm.DrmManagerClient: android.content.ContentValues getConstraints(android.net.Uri,int)>":"0",
				"<android.drm.DrmManagerClient: int getDrmObjectType(android.net.Uri,java.lang.String)>":"0",
				"<android.drm.DrmManagerClient: boolean canHandle(android.net.Uri,java.lang.String)>":"0",
				"<android.drm.DrmManagerClient: java.lang.String getOriginalMimeType(android.net.Uri)>":"0"
			}
		},
		{
			"method":"<android.drm.DrmManagerClient: java.lang.String convertUriToPath(android.net.Uri)>",
			"message":"\\QGiven Uri scheme is not supported\\E",
			"relatedVarType":"Parameter",
			"relatedCondType":"Basic",
			"modifier":"private",
			"type":"java.lang.IllegalArgumentException",
			"osVersionRelated":false,
			"resourceRelated":false,
			"assessRelated":false,
			"hardwareRelated":true,
			"manifestRelated":false,
			"conditions":"$z3 == 0, $z2 == 0, $z1 == 0",
			"paramValues":"@parameter0: android.net.Uri",
			"relatedValues":"@parameter0: android.net.Uri; ; ",
			"keyAPISameClassNum":0,
			"keyAPIDiffClassNum":0,
			"keyAPISameClass":[
				{
					"trace":[
						"<android.drm.DrmManagerClient: java.lang.String convertUriToPath(android.net.Uri)>"
					],
					"depth":0,
					"method":"<android.drm.DrmManagerClient: java.lang.String convertUriToPath(android.net.Uri)>",
					"source":"CALLER"
				},
				{
					"trace":[
						"<android.drm.DrmManagerClient: boolean canHandle(android.net.Uri,java.lang.String)>",
						"<android.drm.DrmManagerClient: java.lang.String convertUriToPath(android.net.Uri)>"
					],
					"depth":1,
					"method":"<android.drm.DrmManagerClient: boolean canHandle(android.net.Uri,java.lang.String)>",
					"source":"CALLER"
				},
				{
					"trace":[
						"<android.drm.DrmManagerClient: int removeRights(android.net.Uri)>",
						"<android.drm.DrmManagerClient: java.lang.String convertUriToPath(android.net.Uri)>"
					],
					"depth":1,
					"method":"<android.drm.DrmManagerClient: int removeRights(android.net.Uri)>",
					"source":"CALLER"
				},
				{
					"trace":[
						"<android.drm.DrmManagerClient: java.lang.String getOriginalMimeType(android.net.Uri)>",
						"<android.drm.DrmManagerClient: java.lang.String convertUriToPath(android.net.Uri)>"
					],
					"depth":1,
					"method":"<android.drm.DrmManagerClient: java.lang.String getOriginalMimeType(android.net.Uri)>",
					"source":"CALLER"
				},
				{
					"trace":[
						"<android.drm.DrmManagerClient: android.content.ContentValues getMetadata(android.net.Uri)>",
						"<android.drm.DrmManagerClient: java.lang.String convertUriToPath(android.net.Uri)>"
					],
					"depth":1,
					"method":"<android.drm.DrmManagerClient: android.content.ContentValues getMetadata(android.net.Uri)>",
					"source":"CALLER"
				},
				{
					"trace":[
						"<android.drm.DrmManagerClient: int getDrmObjectType(android.net.Uri,java.lang.String)>",
						"<android.drm.DrmManagerClient: java.lang.String convertUriToPath(android.net.Uri)>"
					],
					"depth":1,
					"method":"<android.drm.DrmManagerClient: int getDrmObjectType(android.net.Uri,java.lang.String)>",
					"source":"CALLER"
				},
				{
					"trace":[
						"<android.drm.DrmManagerClient: android.content.ContentValues getConstraints(android.net.Uri,int)>",
						"<android.drm.DrmManagerClient: java.lang.String convertUriToPath(android.net.Uri)>"
					],
					"depth":1,
					"method":"<android.drm.DrmManagerClient: android.content.ContentValues getConstraints(android.net.Uri,int)>",
					"source":"CALLER"
				},
				{
					"trace":[
						"<android.drm.DrmManagerClient: int checkRightsStatus(android.net.Uri,int)>",
						"<android.drm.DrmManagerClient: java.lang.String convertUriToPath(android.net.Uri)>"
					],
					"depth":1,
					"method":"<android.drm.DrmManagerClient: int checkRightsStatus(android.net.Uri,int)>",
					"source":"CALLER"
				},
				{
					"trace":[
						"<android.drm.DrmManagerClient: int checkRightsStatus(android.net.Uri)>",
						"<android.drm.DrmManagerClient: java.lang.String convertUriToPath(android.net.Uri)>"
					],
					"depth":1,
					"method":"<android.drm.DrmManagerClient: int checkRightsStatus(android.net.Uri)>",
					"source":"CALLER"
				}
			],
			"keyAPIDiffClass":[],
			"callerOfSingnlar2SourceVar":{
				"<android.drm.DrmManagerClient: int checkRightsStatus(android.net.Uri,int)>":"0",
				"<android.drm.DrmManagerClient: int checkRightsStatus(android.net.Uri)>":"0",
				"<android.drm.DrmManagerClient: java.lang.String convertUriToPath(android.net.Uri)>":"0",
				"<android.drm.DrmManagerClient: android.content.ContentValues getMetadata(android.net.Uri)>":"0",
				"<android.drm.DrmManagerClient: int removeRights(android.net.Uri)>":"0",
				"<android.drm.DrmManagerClient: android.content.ContentValues getConstraints(android.net.Uri,int)>":"0",
				"<android.drm.DrmManagerClient: int getDrmObjectType(android.net.Uri,java.lang.String)>":"0",
				"<android.drm.DrmManagerClient: boolean canHandle(android.net.Uri,java.lang.String)>":"0",
				"<android.drm.DrmManagerClient: java.lang.String getOriginalMimeType(android.net.Uri)>":"0"
			}
		},
		{
			"method":"<android.drm.DrmManagerClient: java.lang.String convertUriToPath(android.net.Uri)>",
			"message":"\\QGiven Uri could not be found in media store\\E",
			"relatedVarType":"ParaAndField",
			"relatedCondType":"Basic",
			"modifier":"private",
			"type":"java.lang.IllegalArgumentException",
			"osVersionRelated":false,
			"resourceRelated":false,
			"assessRelated":false,
			"hardwareRelated":true,
			"manifestRelated":false,
			"conditions":"r16 == null, $z3 == 0, $z2 == 0",
			"paramValues":"@parameter0: android.net.Uri",
			"fieldValues":"<android.drm.DrmManagerClient: android.content.Context mContext>",
			"relatedValues":"@parameter0: android.net.Uri; <android.drm.DrmManagerClient: android.content.Context mContext>; ",
			"keyAPISameClassNum":9,
			"keyAPIDiffClassNum":0,
			"keyAPISameClass":[
				{
					"trace":[
						"<android.drm.DrmManagerClient: java.lang.String convertUriToPath(android.net.Uri)>"
					],
					"depth":1,
					"method":"<android.drm.DrmManagerClient: void <init>(android.content.Context)>",
					"source":"FIELD"
				},
				{
					"trace":[
						"<android.drm.DrmManagerClient: boolean canHandle(android.net.Uri,java.lang.String)>",
						"<android.drm.DrmManagerClient: java.lang.String convertUriToPath(android.net.Uri)>",
						"key field: <android.drm.DrmManagerClient: android.content.Context mContext>",
						"<android.drm.DrmManagerClient: java.lang.String convertUriToPath(android.net.Uri)>"
					],
					"depth":2,
					"method":"<android.drm.DrmManagerClient: boolean canHandle(android.net.Uri,java.lang.String)>",
					"source":"FIELDCALLER"
				},
				{
					"trace":[
						"<android.drm.DrmManagerClient: int removeRights(android.net.Uri)>",
						"<android.drm.DrmManagerClient: java.lang.String convertUriToPath(android.net.Uri)>",
						"key field: <android.drm.DrmManagerClient: android.content.Context mContext>",
						"<android.drm.DrmManagerClient: java.lang.String convertUriToPath(android.net.Uri)>"
					],
					"depth":2,
					"method":"<android.drm.DrmManagerClient: int removeRights(android.net.Uri)>",
					"source":"FIELDCALLER"
				},
				{
					"trace":[
						"<android.drm.DrmManagerClient: java.lang.String getOriginalMimeType(android.net.Uri)>",
						"<android.drm.DrmManagerClient: java.lang.String convertUriToPath(android.net.Uri)>",
						"key field: <android.drm.DrmManagerClient: android.content.Context mContext>",
						"<android.drm.DrmManagerClient: java.lang.String convertUriToPath(android.net.Uri)>"
					],
					"depth":2,
					"method":"<android.drm.DrmManagerClient: java.lang.String getOriginalMimeType(android.net.Uri)>",
					"source":"FIELDCALLER"
				},
				{
					"trace":[
						"<android.drm.DrmManagerClient: android.content.ContentValues getMetadata(android.net.Uri)>",
						"<android.drm.DrmManagerClient: java.lang.String convertUriToPath(android.net.Uri)>",
						"key field: <android.drm.DrmManagerClient: android.content.Context mContext>",
						"<android.drm.DrmManagerClient: java.lang.String convertUriToPath(android.net.Uri)>"
					],
					"depth":2,
					"method":"<android.drm.DrmManagerClient: android.content.ContentValues getMetadata(android.net.Uri)>",
					"source":"FIELDCALLER"
				},
				{
					"trace":[
						"<android.drm.DrmManagerClient: int getDrmObjectType(android.net.Uri,java.lang.String)>",
						"<android.drm.DrmManagerClient: java.lang.String convertUriToPath(android.net.Uri)>",
						"key field: <android.drm.DrmManagerClient: android.content.Context mContext>",
						"<android.drm.DrmManagerClient: java.lang.String convertUriToPath(android.net.Uri)>"
					],
					"depth":2,
					"method":"<android.drm.DrmManagerClient: int getDrmObjectType(android.net.Uri,java.lang.String)>",
					"source":"FIELDCALLER"
				},
				{
					"trace":[
						"<android.drm.DrmManagerClient: android.content.ContentValues getConstraints(android.net.Uri,int)>",
						"<android.drm.DrmManagerClient: java.lang.String convertUriToPath(android.net.Uri)>",
						"key field: <android.drm.DrmManagerClient: android.content.Context mContext>",
						"<android.drm.DrmManagerClient: java.lang.String convertUriToPath(android.net.Uri)>"
					],
					"depth":2,
					"method":"<android.drm.DrmManagerClient: android.content.ContentValues getConstraints(android.net.Uri,int)>",
					"source":"FIELDCALLER"
				},
				{
					"trace":[
						"<android.drm.DrmManagerClient: int checkRightsStatus(android.net.Uri,int)>",
						"<android.drm.DrmManagerClient: java.lang.String convertUriToPath(android.net.Uri)>",
						"key field: <android.drm.DrmManagerClient: android.content.Context mContext>",
						"<android.drm.DrmManagerClient: java.lang.String convertUriToPath(android.net.Uri)>"
					],
					"depth":2,
					"method":"<android.drm.DrmManagerClient: int checkRightsStatus(android.net.Uri,int)>",
					"source":"FIELDCALLER"
				},
				{
					"trace":[
						"<android.drm.DrmManagerClient: int checkRightsStatus(android.net.Uri)>",
						"<android.drm.DrmManagerClient: java.lang.String convertUriToPath(android.net.Uri)>",
						"key field: <android.drm.DrmManagerClient: android.content.Context mContext>",
						"<android.drm.DrmManagerClient: java.lang.String convertUriToPath(android.net.Uri)>"
					],
					"depth":2,
					"method":"<android.drm.DrmManagerClient: int checkRightsStatus(android.net.Uri)>",
					"source":"FIELDCALLER"
				}
			],
			"keyAPIDiffClass":[],
			"callerOfSingnlar2SourceVar":{
				"<android.drm.DrmManagerClient: int checkRightsStatus(android.net.Uri,int)>":"0",
				"<android.drm.DrmManagerClient: int checkRightsStatus(android.net.Uri)>":"0",
				"<android.drm.DrmManagerClient: java.lang.String convertUriToPath(android.net.Uri)>":"0",
				"<android.drm.DrmManagerClient: android.content.ContentValues getMetadata(android.net.Uri)>":"0",
				"<android.drm.DrmManagerClient: int removeRights(android.net.Uri)>":"0",
				"<android.drm.DrmManagerClient: android.content.ContentValues getConstraints(android.net.Uri,int)>":"0",
				"<android.drm.DrmManagerClient: int getDrmObjectType(android.net.Uri,java.lang.String)>":"0",
				"<android.drm.DrmManagerClient: boolean canHandle(android.net.Uri,java.lang.String)>":"0",
				"<android.drm.DrmManagerClient: java.lang.String getOriginalMimeType(android.net.Uri)>":"0"
			}
		},
		{
			"method":"<android.drm.DrmManagerClient: android.drm.DrmInfo acquireDrmInfo(android.drm.DrmInfoRequest)>",
			"message":"\\QGiven drmInfoRequest is invalid/null\\E",
			"relatedVarType":"Parameter",
			"relatedCondType":"Basic",
			"modifier":"public",
			"type":"java.lang.IllegalArgumentException",
			"osVersionRelated":false,
			"resourceRelated":false,
			"assessRelated":false,
			"hardwareRelated":true,
			"manifestRelated":false,
			"conditions":"r0 == null, $z0 != 0",
			"paramValues":"@parameter0: android.drm.DrmInfoRequest",
			"relatedValues":"@parameter0: android.drm.DrmInfoRequest; ; ",
			"keyAPISameClassNum":0,
			"keyAPIDiffClassNum":0,
			"keyAPISameClass":[
				{
					"trace":[
						"<android.drm.DrmManagerClient: android.drm.DrmInfo acquireDrmInfo(android.drm.DrmInfoRequest)>"
					],
					"depth":0,
					"method":"<android.drm.DrmManagerClient: android.drm.DrmInfo acquireDrmInfo(android.drm.DrmInfoRequest)>",
					"source":"CALLER"
				},
				{
					"trace":[
						"<android.drm.DrmManagerClient: int acquireRights(android.drm.DrmInfoRequest)>",
						"<android.drm.DrmManagerClient: android.drm.DrmInfo acquireDrmInfo(android.drm.DrmInfoRequest)>"
					],
					"depth":1,
					"method":"<android.drm.DrmManagerClient: int acquireRights(android.drm.DrmInfoRequest)>",
					"source":"CALLER"
				}
			],
			"keyAPIDiffClass":[],
			"callerOfSingnlar2SourceVar":{
				"<android.drm.DrmManagerClient: android.drm.DrmInfo acquireDrmInfo(android.drm.DrmInfoRequest)>":"0",
				"<android.drm.DrmManagerClient: int acquireRights(android.drm.DrmInfoRequest)>":"0"
			}
		},
		{
			"method":"<android.drm.DrmManagerClient: boolean canHandle(android.net.Uri,java.lang.String)>",
			"message":"\\QUri or the mimetype should be non null\\E",
			"relatedVarType":"ParaAndField",
			"relatedCondType":"Basic",
			"modifier":"public",
			"type":"java.lang.IllegalArgumentException",
			"osVersionRelated":false,
			"resourceRelated":false,
			"assessRelated":false,
			"hardwareRelated":true,
			"manifestRelated":false,
			"conditions":"r1 == null, r0 == null, $r5 != r0",
			"paramValues":"@parameter1: java.lang.String, @parameter0: android.net.Uri",
			"fieldValues":"<android.net.Uri: android.net.Uri EMPTY>",
			"relatedValues":"@parameter1: java.lang.String, @parameter0: android.net.Uri; <android.net.Uri: android.net.Uri EMPTY>; ",
			"keyAPISameClassNum":0,
			"keyAPIDiffClassNum":0,
			"keyAPISameClass":[],
			"keyAPIDiffClass":[],
			"callerOfSingnlar2SourceVar":{
				"<android.drm.DrmManagerClient: boolean canHandle(android.net.Uri,java.lang.String)>":"1, 0"
			}
		},
		{
			"method":"<android.drm.DrmManagerClient: boolean canHandle(java.lang.String,java.lang.String)>",
			"message":"\\QPath or the mimetype should be non null\\E",
			"relatedVarType":"Parameter",
			"relatedCondType":"Basic",
			"modifier":"public",
			"type":"java.lang.IllegalArgumentException",
			"osVersionRelated":false,
			"resourceRelated":false,
			"assessRelated":false,
			"hardwareRelated":true,
			"manifestRelated":false,
			"conditions":"r1 == null, r0 == null, $z2 == 0",
			"paramValues":"@parameter1: java.lang.String, @parameter0: java.lang.String",
			"relatedValues":"@parameter1: java.lang.String, @parameter0: java.lang.String; ; ",
			"keyAPISameClassNum":0,
			"keyAPIDiffClassNum":0,
			"keyAPISameClass":[
				{
					"trace":[
						"<android.drm.DrmManagerClient: boolean canHandle(java.lang.String,java.lang.String)>"
					],
					"depth":0,
					"method":"<android.drm.DrmManagerClient: boolean canHandle(java.lang.String,java.lang.String)>",
					"source":"CALLER"
				},
				{
					"trace":[
						"<android.drm.DrmManagerClient: boolean canHandle(android.net.Uri,java.lang.String)>",
						"<android.drm.DrmManagerClient: boolean canHandle(java.lang.String,java.lang.String)>"
					],
					"depth":1,
					"method":"<android.drm.DrmManagerClient: boolean canHandle(android.net.Uri,java.lang.String)>",
					"source":"CALLER"
				}
			],
			"keyAPIDiffClass":[],
			"callerOfSingnlar2SourceVar":{
				"<android.drm.DrmManagerClient: boolean canHandle(java.lang.String,java.lang.String)>":"1, 0",
				"<android.media.MediaScanner$MyMediaScannerClient: void scanFile(java.lang.String,long,long,boolean,boolean)>":"0",
				"<android.media.MediaScanner: android.net.Uri scanSingleFile(java.lang.String,java.lang.String,java.lang.String)>":"0",
				"<android.media.MediaScanner$MyMediaScannerClient: android.net.Uri doScanFile(java.lang.String,java.lang.String,long,long,boolean,boolean,boolean)>":"0",
				"<android.media.MediaScanner$MyMediaScannerClient: int getFileTypeFromDrm(java.lang.String)>":"0",
				"<android.media.MediaScanner$MyMediaScannerClient: android.media.MediaScanner$FileEntry beginFile(java.lang.String,java.lang.String,long,long,boolean,boolean)>":"0",
				"<android.mtp.MtpDatabase: void endSendObject(java.lang.String,int,int,boolean)>":"0",
				"<android.media.MediaScanner: void scanMtpFile(java.lang.String,java.lang.String,int,int)>":"0",
				"<android.drm.DrmManagerClient: boolean canHandle(android.net.Uri,java.lang.String)>":"1"
			}
		},
		{
			"method":"<android.drm.DrmManagerClient: int checkRightsStatus(android.net.Uri)>",
			"message":"\\QGiven uri is not valid\\E",
			"relatedVarType":"ParaAndField",
			"relatedCondType":"Basic",
			"modifier":"public",
			"type":"java.lang.IllegalArgumentException",
			"osVersionRelated":false,
			"resourceRelated":false,
			"assessRelated":false,
			"hardwareRelated":true,
			"manifestRelated":false,
			"conditions":"r0 == null, $r2 != r0",
			"paramValues":"@parameter0: android.net.Uri",
			"fieldValues":"<android.net.Uri: android.net.Uri EMPTY>",
			"relatedValues":"@parameter0: android.net.Uri; <android.net.Uri: android.net.Uri EMPTY>; ",
			"keyAPISameClassNum":0,
			"keyAPIDiffClassNum":0,
			"keyAPISameClass":[],
			"keyAPIDiffClass":[],
			"callerOfSingnlar2SourceVar":{
				"<android.drm.DrmManagerClient: int checkRightsStatus(android.net.Uri)>":"0"
			}
		},
		{
			"method":"<android.drm.DrmManagerClient: int checkRightsStatus(android.net.Uri,int)>",
			"message":"\\QGiven uri is not valid\\E",
			"relatedVarType":"ParaAndField",
			"relatedCondType":"Basic",
			"modifier":"public",
			"type":"java.lang.IllegalArgumentException",
			"osVersionRelated":false,
			"resourceRelated":false,
			"assessRelated":false,
			"hardwareRelated":true,
			"manifestRelated":false,
			"conditions":"r0 == null, $r2 != r0",
			"paramValues":"@parameter0: android.net.Uri",
			"fieldValues":"<android.net.Uri: android.net.Uri EMPTY>",
			"relatedValues":"@parameter0: android.net.Uri; <android.net.Uri: android.net.Uri EMPTY>; ",
			"keyAPISameClassNum":0,
			"keyAPIDiffClassNum":0,
			"keyAPISameClass":[],
			"keyAPIDiffClass":[],
			"callerOfSingnlar2SourceVar":{
				"<android.drm.DrmManagerClient: int checkRightsStatus(android.net.Uri,int)>":"0"
			}
		},
		{
			"method":"<android.drm.DrmManagerClient: int checkRightsStatus(java.lang.String,int)>",
			"message":"\\QGiven path or action is not valid\\E",
			"relatedVarType":"Parameter",
			"relatedCondType":"Basic",
			"modifier":"public",
			"type":"java.lang.IllegalArgumentException",
			"osVersionRelated":false,
			"resourceRelated":false,
			"assessRelated":false,
			"hardwareRelated":true,
			"manifestRelated":false,
			"conditions":"r0 == null, $z0 != 0",
			"paramValues":"@parameter0: java.lang.String",
			"relatedValues":"@parameter0: java.lang.String; ; ",
			"keyAPISameClassNum":0,
			"keyAPIDiffClassNum":0,
			"keyAPISameClass":[
				{
					"trace":[
						"<android.drm.DrmManagerClient: int checkRightsStatus(java.lang.String,int)>"
					],
					"depth":0,
					"method":"<android.drm.DrmManagerClient: int checkRightsStatus(java.lang.String,int)>",
					"source":"CALLER"
				},
				{
					"trace":[
						"<android.drm.DrmManagerClient: int checkRightsStatus(android.net.Uri,int)>",
						"<android.drm.DrmManagerClient: int checkRightsStatus(java.lang.String,int)>"
					],
					"depth":1,
					"method":"<android.drm.DrmManagerClient: int checkRightsStatus(android.net.Uri,int)>",
					"source":"CALLER"
				},
				{
					"trace":[
						"<android.drm.DrmManagerClient: int checkRightsStatus(java.lang.String)>",
						"<android.drm.DrmManagerClient: int checkRightsStatus(java.lang.String,int)>"
					],
					"depth":1,
					"method":"<android.drm.DrmManagerClient: int checkRightsStatus(java.lang.String)>",
					"source":"CALLER"
				},
				{
					"trace":[
						"<android.drm.DrmManagerClient: int checkRightsStatus(android.net.Uri)>",
						"<android.drm.DrmManagerClient: int checkRightsStatus(java.lang.String)>",
						"<android.drm.DrmManagerClient: int checkRightsStatus(java.lang.String,int)>"
					],
					"depth":2,
					"method":"<android.drm.DrmManagerClient: int checkRightsStatus(android.net.Uri)>",
					"source":"CALLER"
				}
			],
			"keyAPIDiffClass":[],
			"callerOfSingnlar2SourceVar":{
				"<android.drm.DrmManagerClient: int checkRightsStatus(java.lang.String)>":"0",
				"<android.drm.DrmManagerClient: int checkRightsStatus(java.lang.String,int)>":"0"
			}
		},
		{
			"method":"<android.drm.DrmManagerClient: android.drm.DrmConvertedStatus convertData(int,byte[])>",
			"message":"\\QGiven inputData should be non null\\E",
			"relatedVarType":"Parameter",
			"relatedCondType":"Basic",
			"modifier":"public",
			"type":"java.lang.IllegalArgumentException",
			"osVersionRelated":false,
			"resourceRelated":false,
			"assessRelated":false,
			"hardwareRelated":true,
			"manifestRelated":false,
			"conditions":"r0 == null, $i0 > 0",
			"paramValues":"@parameter1: byte[]",
			"relatedValues":"@parameter1: byte[]; ; ",
			"keyAPISameClassNum":0,
			"keyAPIDiffClassNum":0,
			"keyAPISameClass":[
				{
					"trace":[
						"<android.drm.DrmManagerClient: android.drm.DrmConvertedStatus convertData(int,byte[])>"
					],
					"depth":0,
					"method":"<android.drm.DrmManagerClient: android.drm.DrmConvertedStatus convertData(int,byte[])>",
					"source":"CALLER"
				}
			],
			"keyAPIDiffClass":[
				{
					"trace":[
						"<android.drm.DrmOutputStream: void write(byte[],int,int)>",
						"<android.drm.DrmManagerClient: android.drm.DrmConvertedStatus convertData(int,byte[])>"
					],
					"depth":1,
					"method":"<android.drm.DrmOutputStream: void write(byte[],int,int)>",
					"source":"CALLER"
				}
			],
			"callerOfSingnlar2SourceVar":{
				"<android.drm.DrmManagerClient: android.drm.DrmConvertedStatus convertData(int,byte[])>":"1"
			}
		},
		{
			"method":"<android.drm.DrmManagerClient: android.content.ContentValues getConstraints(android.net.Uri,int)>",
			"message":"\\QUri should be non null\\E",
			"relatedVarType":"ParaAndField",
			"relatedCondType":"Basic",
			"modifier":"public",
			"type":"java.lang.IllegalArgumentException",
			"osVersionRelated":false,
			"resourceRelated":false,
			"assessRelated":false,
			"hardwareRelated":true,
			"manifestRelated":false,
			"conditions":"r0 == null, $r2 != r0",
			"paramValues":"@parameter0: android.net.Uri",
			"fieldValues":"<android.net.Uri: android.net.Uri EMPTY>",
			"relatedValues":"@parameter0: android.net.Uri; <android.net.Uri: android.net.Uri EMPTY>; ",
			"keyAPISameClassNum":0,
			"keyAPIDiffClassNum":0,
			"keyAPISameClass":[],
			"keyAPIDiffClass":[],
			"callerOfSingnlar2SourceVar":{
				"<android.drm.DrmManagerClient: android.content.ContentValues getConstraints(android.net.Uri,int)>":"0"
			}
		},
		{
			"method":"<android.drm.DrmManagerClient: android.content.ContentValues getConstraints(java.lang.String,int)>",
			"message":"\\QGiven usage or path is invalid/null\\E",
			"relatedVarType":"Parameter",
			"relatedCondType":"Basic",
			"modifier":"public",
			"type":"java.lang.IllegalArgumentException",
			"osVersionRelated":false,
			"resourceRelated":false,
			"assessRelated":false,
			"hardwareRelated":true,
			"manifestRelated":false,
			"conditions":"r0 == null, $z0 != 0",
			"paramValues":"@parameter0: java.lang.String",
			"relatedValues":"@parameter0: java.lang.String; ; ",
			"keyAPISameClassNum":0,
			"keyAPIDiffClassNum":0,
			"keyAPISameClass":[
				{
					"trace":[
						"<android.drm.DrmManagerClient: android.content.ContentValues getConstraints(java.lang.String,int)>"
					],
					"depth":0,
					"method":"<android.drm.DrmManagerClient: android.content.ContentValues getConstraints(java.lang.String,int)>",
					"source":"CALLER"
				},
				{
					"trace":[
						"<android.drm.DrmManagerClient: android.content.ContentValues getConstraints(android.net.Uri,int)>",
						"<android.drm.DrmManagerClient: android.content.ContentValues getConstraints(java.lang.String,int)>"
					],
					"depth":1,
					"method":"<android.drm.DrmManagerClient: android.content.ContentValues getConstraints(android.net.Uri,int)>",
					"source":"CALLER"
				}
			],
			"keyAPIDiffClass":[],
			"callerOfSingnlar2SourceVar":{
				"<android.drm.DrmManagerClient: android.content.ContentValues getConstraints(java.lang.String,int)>":"0"
			}
		},
		{
			"method":"<android.drm.DrmManagerClient: int getDrmObjectType(android.net.Uri,java.lang.String)>",
			"message":"\\QUri or the mimetype should be non null\\E",
			"relatedVarType":"ParaAndField",
			"relatedCondType":"Basic",
			"modifier":"public",
			"type":"java.lang.IllegalArgumentException",
			"osVersionRelated":false,
			"resourceRelated":false,
			"assessRelated":false,
			"hardwareRelated":true,
			"manifestRelated":false,
			"conditions":"r1 == null, r0 == null, $r5 != r0",
			"paramValues":"@parameter1: java.lang.String, @parameter0: android.net.Uri",
			"fieldValues":"<android.net.Uri: android.net.Uri EMPTY>",
			"relatedValues":"@parameter1: java.lang.String, @parameter0: android.net.Uri; <android.net.Uri: android.net.Uri EMPTY>; ",
			"keyAPISameClassNum":0,
			"keyAPIDiffClassNum":0,
			"keyAPISameClass":[],
			"keyAPIDiffClass":[],
			"callerOfSingnlar2SourceVar":{
				"<android.drm.DrmManagerClient: int getDrmObjectType(android.net.Uri,java.lang.String)>":"1, 0"
			}
		},
		{
			"method":"<android.drm.DrmManagerClient: int getDrmObjectType(java.lang.String,java.lang.String)>",
			"message":"\\QPath or the mimetype should be non null\\E",
			"relatedVarType":"Parameter",
			"relatedCondType":"Basic",
			"modifier":"public",
			"type":"java.lang.IllegalArgumentException",
			"osVersionRelated":false,
			"resourceRelated":false,
			"assessRelated":false,
			"hardwareRelated":true,
			"manifestRelated":false,
			"conditions":"r1 == null, r0 == null, $z1 == 0",
			"paramValues":"@parameter1: java.lang.String, @parameter0: java.lang.String",
			"relatedValues":"@parameter1: java.lang.String, @parameter0: java.lang.String; ; ",
			"keyAPISameClassNum":0,
			"keyAPIDiffClassNum":0,
			"keyAPISameClass":[
				{
					"trace":[
						"<android.drm.DrmManagerClient: int getDrmObjectType(java.lang.String,java.lang.String)>"
					],
					"depth":0,
					"method":"<android.drm.DrmManagerClient: int getDrmObjectType(java.lang.String,java.lang.String)>",
					"source":"CALLER"
				},
				{
					"trace":[
						"<android.drm.DrmManagerClient: int getDrmObjectType(android.net.Uri,java.lang.String)>",
						"<android.drm.DrmManagerClient: int getDrmObjectType(java.lang.String,java.lang.String)>"
					],
					"depth":1,
					"method":"<android.drm.DrmManagerClient: int getDrmObjectType(android.net.Uri,java.lang.String)>",
					"source":"CALLER"
				}
			],
			"keyAPIDiffClass":[],
			"callerOfSingnlar2SourceVar":{
				"<android.drm.DrmManagerClient: int getDrmObjectType(java.lang.String,java.lang.String)>":"1, 0",
				"<android.drm.DrmManagerClient: int getDrmObjectType(android.net.Uri,java.lang.String)>":"1"
			}
		},
		{
			"method":"<android.drm.DrmManagerClient: android.content.ContentValues getMetadata(android.net.Uri)>",
			"message":"\\QUri should be non null\\E",
			"relatedVarType":"ParaAndField",
			"relatedCondType":"Basic",
			"modifier":"public",
			"type":"java.lang.IllegalArgumentException",
			"osVersionRelated":false,
			"resourceRelated":false,
			"assessRelated":false,
			"hardwareRelated":true,
			"manifestRelated":false,
			"conditions":"r0 == null, $r2 != r0",
			"paramValues":"@parameter0: android.net.Uri",
			"fieldValues":"<android.net.Uri: android.net.Uri EMPTY>",
			"relatedValues":"@parameter0: android.net.Uri; <android.net.Uri: android.net.Uri EMPTY>; ",
			"keyAPISameClassNum":0,
			"keyAPIDiffClassNum":0,
			"keyAPISameClass":[],
			"keyAPIDiffClass":[],
			"callerOfSingnlar2SourceVar":{
				"<android.drm.DrmManagerClient: android.content.ContentValues getMetadata(android.net.Uri)>":"0"
			}
		},
		{
			"method":"<android.drm.DrmManagerClient: android.content.ContentValues getMetadata(java.lang.String)>",
			"message":"\\QGiven path is invalid/null\\E",
			"relatedVarType":"Parameter",
			"relatedCondType":"Basic",
			"modifier":"public",
			"type":"java.lang.IllegalArgumentException",
			"osVersionRelated":false,
			"resourceRelated":false,
			"assessRelated":false,
			"hardwareRelated":true,
			"manifestRelated":false,
			"conditions":"r0 == null, $z0 == 0",
			"paramValues":"@parameter0: java.lang.String",
			"relatedValues":"@parameter0: java.lang.String; ; ",
			"keyAPISameClassNum":0,
			"keyAPIDiffClassNum":0,
			"keyAPISameClass":[
				{
					"trace":[
						"<android.drm.DrmManagerClient: android.content.ContentValues getMetadata(java.lang.String)>"
					],
					"depth":0,
					"method":"<android.drm.DrmManagerClient: android.content.ContentValues getMetadata(java.lang.String)>",
					"source":"CALLER"
				},
				{
					"trace":[
						"<android.drm.DrmManagerClient: android.content.ContentValues getMetadata(android.net.Uri)>",
						"<android.drm.DrmManagerClient: android.content.ContentValues getMetadata(java.lang.String)>"
					],
					"depth":1,
					"method":"<android.drm.DrmManagerClient: android.content.ContentValues getMetadata(android.net.Uri)>",
					"source":"CALLER"
				}
			],
			"keyAPIDiffClass":[],
			"callerOfSingnlar2SourceVar":{
				"<android.drm.DrmManagerClient: android.content.ContentValues getMetadata(java.lang.String)>":"0"
			}
		},
		{
			"method":"<android.drm.DrmManagerClient: java.lang.String getOriginalMimeType(android.net.Uri)>",
			"message":"\\QGiven uri is not valid\\E",
			"relatedVarType":"ParaAndField",
			"relatedCondType":"Basic",
			"modifier":"public",
			"type":"java.lang.IllegalArgumentException",
			"osVersionRelated":false,
			"resourceRelated":false,
			"assessRelated":false,
			"hardwareRelated":true,
			"manifestRelated":false,
			"conditions":"r0 == null, $r2 != r0",
			"paramValues":"@parameter0: android.net.Uri",
			"fieldValues":"<android.net.Uri: android.net.Uri EMPTY>",
			"relatedValues":"@parameter0: android.net.Uri; <android.net.Uri: android.net.Uri EMPTY>; ",
			"keyAPISameClassNum":0,
			"keyAPIDiffClassNum":0,
			"keyAPISameClass":[],
			"keyAPIDiffClass":[],
			"callerOfSingnlar2SourceVar":{
				"<android.drm.DrmManagerClient: java.lang.String getOriginalMimeType(android.net.Uri)>":"0"
			}
		},
		{
			"method":"<android.drm.DrmManagerClient: java.lang.String getOriginalMimeType(java.lang.String)>",
			"message":"\\QGiven path should be non null\\E",
			"relatedVarType":"Parameter",
			"relatedCondType":"Basic",
			"modifier":"public",
			"type":"java.lang.IllegalArgumentException",
			"osVersionRelated":false,
			"resourceRelated":false,
			"assessRelated":false,
			"hardwareRelated":true,
			"manifestRelated":false,
			"conditions":"r0 == null, $z0 == 0",
			"paramValues":"@parameter0: java.lang.String",
			"relatedValues":"@parameter0: java.lang.String; ; ",
			"keyAPISameClassNum":0,
			"keyAPIDiffClassNum":0,
			"keyAPISameClass":[
				{
					"trace":[
						"<android.drm.DrmManagerClient: java.lang.String getOriginalMimeType(java.lang.String)>"
					],
					"depth":0,
					"method":"<android.drm.DrmManagerClient: java.lang.String getOriginalMimeType(java.lang.String)>",
					"source":"CALLER"
				},
				{
					"trace":[
						"<android.drm.DrmManagerClient: java.lang.String getOriginalMimeType(android.net.Uri)>",
						"<android.drm.DrmManagerClient: java.lang.String getOriginalMimeType(java.lang.String)>"
					],
					"depth":1,
					"method":"<android.drm.DrmManagerClient: java.lang.String getOriginalMimeType(android.net.Uri)>",
					"source":"CALLER"
				}
			],
			"keyAPIDiffClass":[],
			"callerOfSingnlar2SourceVar":{
				"<android.media.MediaScanner$MyMediaScannerClient: void scanFile(java.lang.String,long,long,boolean,boolean)>":"0",
				"<android.media.MediaScanner: android.net.Uri scanSingleFile(java.lang.String,java.lang.String,java.lang.String)>":"0",
				"<android.drm.DrmManagerClient: java.lang.String getOriginalMimeType(java.lang.String)>":"0",
				"<android.media.MediaScanner$MyMediaScannerClient: android.net.Uri doScanFile(java.lang.String,java.lang.String,long,long,boolean,boolean,boolean)>":"0",
				"<android.media.MediaScanner$MyMediaScannerClient: int getFileTypeFromDrm(java.lang.String)>":"0",
				"<android.media.MediaScanner$MyMediaScannerClient: android.media.MediaScanner$FileEntry beginFile(java.lang.String,java.lang.String,long,long,boolean,boolean)>":"0",
				"<android.mtp.MtpDatabase: void endSendObject(java.lang.String,int,int,boolean)>":"0",
				"<android.media.MediaScanner: void scanMtpFile(java.lang.String,java.lang.String,int,int)>":"0"
			}
		},
		{
			"method":"<android.drm.DrmManagerClient: void installDrmEngine(java.lang.String)>",
			"message":"\\QGiven engineFilePath: \\E[\\s\\S]*\\Qis not valid\\E",
			"relatedVarType":"Parameter",
			"relatedCondType":"Basic",
			"modifier":"public",
			"type":"java.lang.IllegalArgumentException",
			"osVersionRelated":false,
			"resourceRelated":false,
			"assessRelated":false,
			"hardwareRelated":true,
			"manifestRelated":false,
			"conditions":"r0 == null, $z0 == 0",
			"paramValues":"@parameter0: java.lang.String",
			"relatedValues":"@parameter0: java.lang.String; ; ",
			"keyAPISameClassNum":0,
			"keyAPIDiffClassNum":0,
			"keyAPISameClass":[
				{
					"trace":[
						"<android.drm.DrmManagerClient: void installDrmEngine(java.lang.String)>"
					],
					"depth":0,
					"method":"<android.drm.DrmManagerClient: void installDrmEngine(java.lang.String)>",
					"source":"CALLER"
				}
			],
			"keyAPIDiffClass":[],
			"callerOfSingnlar2SourceVar":{
				"<android.drm.DrmManagerClient: void installDrmEngine(java.lang.String)>":"0"
			}
		},
		{
			"method":"<android.drm.DrmManagerClient: int openConvertSession(java.lang.String)>",
			"message":"\\QPath or the mimeType should be non null\\E",
			"relatedVarType":"Parameter",
			"relatedCondType":"Basic",
			"modifier":"public",
			"type":"java.lang.IllegalArgumentException",
			"osVersionRelated":false,
			"resourceRelated":false,
			"assessRelated":false,
			"hardwareRelated":true,
			"manifestRelated":false,
			"conditions":"r0 == null, $z0 == 0",
			"paramValues":"@parameter0: java.lang.String",
			"relatedValues":"@parameter0: java.lang.String; ; ",
			"keyAPISameClassNum":0,
			"keyAPIDiffClassNum":0,
			"keyAPISameClass":[
				{
					"trace":[
						"<android.drm.DrmManagerClient: int openConvertSession(java.lang.String)>"
					],
					"depth":0,
					"method":"<android.drm.DrmManagerClient: int openConvertSession(java.lang.String)>",
					"source":"CALLER"
				}
			],
			"keyAPIDiffClass":[
				{
					"trace":[
						"<android.drm.DrmOutputStream: void <init>(android.drm.DrmManagerClient,java.io.RandomAccessFile,java.lang.String)>",
						"<android.drm.DrmManagerClient: int openConvertSession(java.lang.String)>"
					],
					"depth":1,
					"method":"<android.drm.DrmOutputStream: void <init>(android.drm.DrmManagerClient,java.io.RandomAccessFile,java.lang.String)>",
					"source":"CALLER"
				}
			],
			"callerOfSingnlar2SourceVar":{
				"<android.drm.DrmManagerClient: int openConvertSession(java.lang.String)>":"0",
				"<android.drm.DrmOutputStream: void <init>(android.drm.DrmManagerClient,java.io.RandomAccessFile,java.lang.String)>":"2"
			}
		},
		{
			"method":"<android.drm.DrmManagerClient: int processDrmInfo(android.drm.DrmInfo)>",
			"message":"\\QGiven drmInfo is invalid/null\\E",
			"relatedVarType":"Parameter",
			"relatedCondType":"Basic",
			"modifier":"public",
			"type":"java.lang.IllegalArgumentException",
			"osVersionRelated":false,
			"resourceRelated":false,
			"assessRelated":false,
			"hardwareRelated":true,
			"manifestRelated":false,
			"conditions":"r0 == null, $z0 != 0",
			"paramValues":"@parameter0: android.drm.DrmInfo",
			"relatedValues":"@parameter0: android.drm.DrmInfo; ; ",
			"keyAPISameClassNum":0,
			"keyAPIDiffClassNum":0,
			"keyAPISameClass":[
				{
					"trace":[
						"<android.drm.DrmManagerClient: int processDrmInfo(android.drm.DrmInfo)>"
					],
					"depth":0,
					"method":"<android.drm.DrmManagerClient: int processDrmInfo(android.drm.DrmInfo)>",
					"source":"CALLER"
				},
				{
					"trace":[
						"<android.drm.DrmManagerClient: int acquireRights(android.drm.DrmInfoRequest)>",
						"<android.drm.DrmManagerClient: int processDrmInfo(android.drm.DrmInfo)>"
					],
					"depth":1,
					"method":"<android.drm.DrmManagerClient: int acquireRights(android.drm.DrmInfoRequest)>",
					"source":"CALLER"
				}
			],
			"keyAPIDiffClass":[],
			"callerOfSingnlar2SourceVar":{
				"<android.drm.DrmManagerClient: int processDrmInfo(android.drm.DrmInfo)>":"0"
			}
		},
		{
			"method":"<android.drm.DrmManagerClient: int removeRights(android.net.Uri)>",
			"message":"\\QGiven uri is not valid\\E",
			"relatedVarType":"ParaAndField",
			"relatedCondType":"Basic",
			"modifier":"public",
			"type":"java.lang.IllegalArgumentException",
			"osVersionRelated":false,
			"resourceRelated":false,
			"assessRelated":false,
			"hardwareRelated":true,
			"manifestRelated":false,
			"conditions":"r0 == null, $r2 != r0",
			"paramValues":"@parameter0: android.net.Uri",
			"fieldValues":"<android.net.Uri: android.net.Uri EMPTY>",
			"relatedValues":"@parameter0: android.net.Uri; <android.net.Uri: android.net.Uri EMPTY>; ",
			"keyAPISameClassNum":0,
			"keyAPIDiffClassNum":0,
			"keyAPISameClass":[],
			"keyAPIDiffClass":[],
			"callerOfSingnlar2SourceVar":{
				"<android.drm.DrmManagerClient: int removeRights(android.net.Uri)>":"0"
			}
		},
		{
			"method":"<android.drm.DrmManagerClient: int removeRights(java.lang.String)>",
			"message":"\\QGiven path should be non null\\E",
			"relatedVarType":"Parameter",
			"relatedCondType":"Basic",
			"modifier":"public",
			"type":"java.lang.IllegalArgumentException",
			"osVersionRelated":false,
			"resourceRelated":false,
			"assessRelated":false,
			"hardwareRelated":true,
			"manifestRelated":false,
			"conditions":"r0 == null, $z0 == 0",
			"paramValues":"@parameter0: java.lang.String",
			"relatedValues":"@parameter0: java.lang.String; ; ",
			"keyAPISameClassNum":0,
			"keyAPIDiffClassNum":0,
			"keyAPISameClass":[
				{
					"trace":[
						"<android.drm.DrmManagerClient: int removeRights(java.lang.String)>"
					],
					"depth":0,
					"method":"<android.drm.DrmManagerClient: int removeRights(java.lang.String)>",
					"source":"CALLER"
				},
				{
					"trace":[
						"<android.drm.DrmManagerClient: int removeRights(android.net.Uri)>",
						"<android.drm.DrmManagerClient: int removeRights(java.lang.String)>"
					],
					"depth":1,
					"method":"<android.drm.DrmManagerClient: int removeRights(android.net.Uri)>",
					"source":"CALLER"
				}
			],
			"keyAPIDiffClass":[],
			"callerOfSingnlar2SourceVar":{
				"<android.drm.DrmManagerClient: int removeRights(java.lang.String)>":"0"
			}
		},
		{
			"method":"<android.drm.DrmManagerClient: int saveRights(android.drm.DrmRights,java.lang.String,java.lang.String)>",
			"message":"\\QGiven drmRights or contentPath is not valid\\E",
			"relatedVarType":"Parameter",
			"relatedCondType":"Basic",
			"modifier":"public",
			"type":"java.lang.IllegalArgumentException",
			"osVersionRelated":false,
			"resourceRelated":false,
			"assessRelated":false,
			"hardwareRelated":true,
			"manifestRelated":false,
			"conditions":"r0 == null, $z0 != 0",
			"paramValues":"@parameter0: android.drm.DrmRights",
			"relatedValues":"@parameter0: android.drm.DrmRights; ; ",
			"keyAPISameClassNum":0,
			"keyAPIDiffClassNum":0,
			"keyAPISameClass":[
				{
					"trace":[
						"<android.drm.DrmManagerClient: int saveRights(android.drm.DrmRights,java.lang.String,java.lang.String)>"
					],
					"depth":0,
					"method":"<android.drm.DrmManagerClient: int saveRights(android.drm.DrmRights,java.lang.String,java.lang.String)>",
					"source":"CALLER"
				}
			],
			"keyAPIDiffClass":[],
			"callerOfSingnlar2SourceVar":{
				"<android.drm.DrmManagerClient: int saveRights(android.drm.DrmRights,java.lang.String,java.lang.String)>":"0"
			}
		}
	]
}