{
	"exceptions":[
		{
			"method":"<android.nfc.tech.Ndef: void <init>(android.nfc.Tag)>",
			"message":"\\QNDEF tech extras are null.\\E",
			"relatedVarType":"Parameter",
			"relatedCondType":"Basic",
			"modifier":"public",
			"type":"java.lang.NullPointerException",
			"osVersionRelated":false,
			"resourceRelated":false,
			"assessRelated":false,
			"hardwareRelated":true,
			"manifestRelated":false,
			"conditions":"r2 == null",
			"paramValues":"@parameter0: android.nfc.Tag",
			"relatedValues":"@parameter0: android.nfc.Tag; ; ",
			"keyAPISameClassNum":0,
			"keyAPIDiffClassNum":0,
			"keyAPISameClass":[
				{
					"trace":[
						"<android.nfc.tech.Ndef: void <init>(android.nfc.Tag)>"
					],
					"depth":0,
					"method":"<android.nfc.tech.Ndef: void <init>(android.nfc.Tag)>",
					"source":"CALLER"
				},
				{
					"trace":[
						"<android.nfc.tech.Ndef: android.nfc.tech.Ndef get(android.nfc.Tag)>",
						"<android.nfc.tech.Ndef: void <init>(android.nfc.Tag)>"
					],
					"depth":1,
					"method":"<android.nfc.tech.Ndef: android.nfc.tech.Ndef get(android.nfc.Tag)>",
					"source":"CALLER"
				}
			],
			"keyAPIDiffClass":[],
			"callerOfSingnlar2SourceVar":{
				"<android.nfc.tech.Ndef: android.nfc.tech.Ndef get(android.nfc.Tag)>":"0",
				"<android.nfc.tech.Ndef: void <init>(android.nfc.Tag)>":"0"
			}
		},
		{
			"method":"<android.nfc.tech.Ndef: android.nfc.NdefMessage getNdefMessage()>",
			"message":"[\\s\\S]*",
			"relatedVarType":"Field",
			"relatedCondType":"Basic",
			"modifier":"public",
			"type":"android.nfc.TagLostException",
			"osVersionRelated":false,
			"resourceRelated":false,
			"assessRelated":false,
			"hardwareRelated":true,
			"manifestRelated":false,
			"conditions":"$z1 != 0, r8 != null, $z0 == 0",
			"fieldValues":"<android.nfc.tech.BasicTagTechnology: android.nfc.Tag mTag>",
			"relatedValues":"; <android.nfc.tech.BasicTagTechnology: android.nfc.Tag mTag>; ",
			"keyAPISameClassNum":4,
			"keyAPIDiffClassNum":0,
			"keyAPISameClass":[
				{
					"trace":[
						"<android.nfc.tech.Ndef: android.nfc.NdefMessage getNdefMessage()>"
					],
					"depth":1,
					"method":"<android.nfc.tech.Ndef: boolean canMakeReadOnly()>",
					"source":"FIELD"
				},
				{
					"trace":[
						"<android.nfc.tech.Ndef: android.nfc.NdefMessage getNdefMessage()>"
					],
					"depth":1,
					"method":"<android.nfc.tech.Ndef: android.nfc.NdefMessage getNdefMessage()>",
					"source":"FIELD"
				},
				{
					"trace":[
						"<android.nfc.tech.Ndef: android.nfc.NdefMessage getNdefMessage()>"
					],
					"depth":1,
					"method":"<android.nfc.tech.Ndef: boolean makeReadOnly()>",
					"source":"FIELD"
				},
				{
					"trace":[
						"<android.nfc.tech.Ndef: android.nfc.NdefMessage getNdefMessage()>"
					],
					"depth":1,
					"method":"<android.nfc.tech.Ndef: void writeNdefMessage(android.nfc.NdefMessage)>",
					"source":"FIELD"
				}
			],
			"keyAPIDiffClass":[],
			"callerOfSingnlar2SourceVar":{}
		},
		{
			"method":"<android.nfc.tech.Ndef: android.nfc.NdefMessage getNdefMessage()>",
			"message":"\\QMock tags don't support this operation.\\E",
			"relatedVarType":"Field",
			"relatedCondType":"Basic",
			"modifier":"public",
			"type":"java.io.IOException",
			"osVersionRelated":false,
			"resourceRelated":false,
			"assessRelated":false,
			"hardwareRelated":true,
			"manifestRelated":false,
			"conditions":"r2 != null",
			"fieldValues":"<android.nfc.tech.BasicTagTechnology: android.nfc.Tag mTag>",
			"relatedValues":"; <android.nfc.tech.BasicTagTechnology: android.nfc.Tag mTag>; ",
			"keyAPISameClassNum":4,
			"keyAPIDiffClassNum":0,
			"keyAPISameClass":[
				{
					"trace":[
						"<android.nfc.tech.Ndef: android.nfc.NdefMessage getNdefMessage()>"
					],
					"depth":1,
					"method":"<android.nfc.tech.Ndef: boolean canMakeReadOnly()>",
					"source":"FIELD"
				},
				{
					"trace":[
						"<android.nfc.tech.Ndef: android.nfc.NdefMessage getNdefMessage()>"
					],
					"depth":1,
					"method":"<android.nfc.tech.Ndef: android.nfc.NdefMessage getNdefMessage()>",
					"source":"FIELD"
				},
				{
					"trace":[
						"<android.nfc.tech.Ndef: android.nfc.NdefMessage getNdefMessage()>"
					],
					"depth":1,
					"method":"<android.nfc.tech.Ndef: boolean makeReadOnly()>",
					"source":"FIELD"
				},
				{
					"trace":[
						"<android.nfc.tech.Ndef: android.nfc.NdefMessage getNdefMessage()>"
					],
					"depth":1,
					"method":"<android.nfc.tech.Ndef: void writeNdefMessage(android.nfc.NdefMessage)>",
					"source":"FIELD"
				}
			],
			"keyAPIDiffClass":[],
			"callerOfSingnlar2SourceVar":{}
		},
		{
			"method":"<android.nfc.tech.Ndef: boolean makeReadOnly()>",
			"message":"[\\s\\S]*",
			"relatedVarType":"Field",
			"relatedCondType":"Basic",
			"modifier":"public",
			"type":"java.io.IOException",
			"osVersionRelated":false,
			"resourceRelated":false,
			"assessRelated":false,
			"hardwareRelated":true,
			"manifestRelated":false,
			"conditions":"$i2, $z0 == 0, r2 != null",
			"fieldValues":"<android.nfc.tech.BasicTagTechnology: android.nfc.Tag mTag>",
			"relatedValues":"; <android.nfc.tech.BasicTagTechnology: android.nfc.Tag mTag>; ",
			"keyAPISameClassNum":4,
			"keyAPIDiffClassNum":0,
			"keyAPISameClass":[
				{
					"trace":[
						"<android.nfc.tech.Ndef: boolean makeReadOnly()>"
					],
					"depth":1,
					"method":"<android.nfc.tech.Ndef: boolean canMakeReadOnly()>",
					"source":"FIELD"
				},
				{
					"trace":[
						"<android.nfc.tech.Ndef: boolean makeReadOnly()>"
					],
					"depth":1,
					"method":"<android.nfc.tech.Ndef: android.nfc.NdefMessage getNdefMessage()>",
					"source":"FIELD"
				},
				{
					"trace":[
						"<android.nfc.tech.Ndef: boolean makeReadOnly()>"
					],
					"depth":1,
					"method":"<android.nfc.tech.Ndef: boolean makeReadOnly()>",
					"source":"FIELD"
				},
				{
					"trace":[
						"<android.nfc.tech.Ndef: boolean makeReadOnly()>"
					],
					"depth":1,
					"method":"<android.nfc.tech.Ndef: void writeNdefMessage(android.nfc.NdefMessage)>",
					"source":"FIELD"
				}
			],
			"keyAPIDiffClass":[],
			"callerOfSingnlar2SourceVar":{}
		},
		{
			"method":"<android.nfc.tech.Ndef: boolean makeReadOnly()>",
			"message":"[\\s\\S]*",
			"relatedVarType":"Field",
			"relatedCondType":"Basic",
			"modifier":"public",
			"type":"java.io.IOException",
			"osVersionRelated":false,
			"resourceRelated":false,
			"assessRelated":false,
			"hardwareRelated":true,
			"manifestRelated":false,
			"conditions":"$i2, $z0 == 0, r2 != null",
			"fieldValues":"<android.nfc.tech.BasicTagTechnology: android.nfc.Tag mTag>",
			"relatedValues":"; <android.nfc.tech.BasicTagTechnology: android.nfc.Tag mTag>; ",
			"keyAPISameClassNum":4,
			"keyAPIDiffClassNum":0,
			"keyAPISameClass":[
				{
					"trace":[
						"<android.nfc.tech.Ndef: boolean makeReadOnly()>"
					],
					"depth":1,
					"method":"<android.nfc.tech.Ndef: boolean canMakeReadOnly()>",
					"source":"FIELD"
				},
				{
					"trace":[
						"<android.nfc.tech.Ndef: boolean makeReadOnly()>"
					],
					"depth":1,
					"method":"<android.nfc.tech.Ndef: android.nfc.NdefMessage getNdefMessage()>",
					"source":"FIELD"
				},
				{
					"trace":[
						"<android.nfc.tech.Ndef: boolean makeReadOnly()>"
					],
					"depth":1,
					"method":"<android.nfc.tech.Ndef: boolean makeReadOnly()>",
					"source":"FIELD"
				},
				{
					"trace":[
						"<android.nfc.tech.Ndef: boolean makeReadOnly()>"
					],
					"depth":1,
					"method":"<android.nfc.tech.Ndef: void writeNdefMessage(android.nfc.NdefMessage)>",
					"source":"FIELD"
				}
			],
			"keyAPIDiffClass":[],
			"callerOfSingnlar2SourceVar":{}
		},
		{
			"method":"<android.nfc.tech.Ndef: boolean makeReadOnly()>",
			"message":"\\QTag is not ndef\\E",
			"relatedVarType":"Field",
			"relatedCondType":"Basic",
			"modifier":"public",
			"type":"java.io.IOException",
			"osVersionRelated":false,
			"resourceRelated":false,
			"assessRelated":false,
			"hardwareRelated":true,
			"manifestRelated":false,
			"conditions":"$z0 == 0, r2 != null",
			"fieldValues":"<android.nfc.tech.BasicTagTechnology: android.nfc.Tag mTag>",
			"relatedValues":"; <android.nfc.tech.BasicTagTechnology: android.nfc.Tag mTag>; ",
			"keyAPISameClassNum":4,
			"keyAPIDiffClassNum":0,
			"keyAPISameClass":[
				{
					"trace":[
						"<android.nfc.tech.Ndef: boolean makeReadOnly()>"
					],
					"depth":1,
					"method":"<android.nfc.tech.Ndef: boolean canMakeReadOnly()>",
					"source":"FIELD"
				},
				{
					"trace":[
						"<android.nfc.tech.Ndef: boolean makeReadOnly()>"
					],
					"depth":1,
					"method":"<android.nfc.tech.Ndef: android.nfc.NdefMessage getNdefMessage()>",
					"source":"FIELD"
				},
				{
					"trace":[
						"<android.nfc.tech.Ndef: boolean makeReadOnly()>"
					],
					"depth":1,
					"method":"<android.nfc.tech.Ndef: boolean makeReadOnly()>",
					"source":"FIELD"
				},
				{
					"trace":[
						"<android.nfc.tech.Ndef: boolean makeReadOnly()>"
					],
					"depth":1,
					"method":"<android.nfc.tech.Ndef: void writeNdefMessage(android.nfc.NdefMessage)>",
					"source":"FIELD"
				}
			],
			"keyAPIDiffClass":[],
			"callerOfSingnlar2SourceVar":{}
		},
		{
			"method":"<android.nfc.tech.Ndef: void writeNdefMessage(android.nfc.NdefMessage)>",
			"message":"[\\s\\S]*",
			"relatedVarType":"ParaAndField",
			"relatedCondType":"Basic",
			"modifier":"public",
			"type":"android.nfc.FormatException",
			"osVersionRelated":false,
			"resourceRelated":false,
			"assessRelated":false,
			"hardwareRelated":true,
			"manifestRelated":false,
			"conditions":"$i1, $z0 == 0, r2 != null",
			"paramValues":"@parameter0: android.nfc.NdefMessage",
			"fieldValues":"<android.nfc.tech.BasicTagTechnology: android.nfc.Tag mTag>",
			"relatedValues":"@parameter0: android.nfc.NdefMessage; <android.nfc.tech.BasicTagTechnology: android.nfc.Tag mTag>; ",
			"keyAPISameClassNum":4,
			"keyAPIDiffClassNum":0,
			"keyAPISameClass":[
				{
					"trace":[
						"<android.nfc.tech.Ndef: void writeNdefMessage(android.nfc.NdefMessage)>"
					],
					"depth":1,
					"method":"<android.nfc.tech.Ndef: boolean canMakeReadOnly()>",
					"source":"FIELD"
				},
				{
					"trace":[
						"<android.nfc.tech.Ndef: void writeNdefMessage(android.nfc.NdefMessage)>"
					],
					"depth":1,
					"method":"<android.nfc.tech.Ndef: android.nfc.NdefMessage getNdefMessage()>",
					"source":"FIELD"
				},
				{
					"trace":[
						"<android.nfc.tech.Ndef: void writeNdefMessage(android.nfc.NdefMessage)>"
					],
					"depth":1,
					"method":"<android.nfc.tech.Ndef: boolean makeReadOnly()>",
					"source":"FIELD"
				},
				{
					"trace":[
						"<android.nfc.tech.Ndef: void writeNdefMessage(android.nfc.NdefMessage)>"
					],
					"depth":1,
					"method":"<android.nfc.tech.Ndef: void writeNdefMessage(android.nfc.NdefMessage)>",
					"source":"FIELD"
				}
			],
			"keyAPIDiffClass":[],
			"callerOfSingnlar2SourceVar":{
				"<android.nfc.tech.Ndef: void writeNdefMessage(android.nfc.NdefMessage)>":"0"
			}
		},
		{
			"method":"<android.nfc.tech.Ndef: void writeNdefMessage(android.nfc.NdefMessage)>",
			"message":"\\QTag is not ndef\\E",
			"relatedVarType":"Field",
			"relatedCondType":"Basic",
			"modifier":"public",
			"type":"java.io.IOException",
			"osVersionRelated":false,
			"resourceRelated":false,
			"assessRelated":false,
			"hardwareRelated":true,
			"manifestRelated":false,
			"conditions":"$z0 == 0, r2 != null",
			"fieldValues":"<android.nfc.tech.BasicTagTechnology: android.nfc.Tag mTag>",
			"relatedValues":"; <android.nfc.tech.BasicTagTechnology: android.nfc.Tag mTag>; ",
			"keyAPISameClassNum":4,
			"keyAPIDiffClassNum":0,
			"keyAPISameClass":[
				{
					"trace":[
						"<android.nfc.tech.Ndef: void writeNdefMessage(android.nfc.NdefMessage)>"
					],
					"depth":1,
					"method":"<android.nfc.tech.Ndef: boolean canMakeReadOnly()>",
					"source":"FIELD"
				},
				{
					"trace":[
						"<android.nfc.tech.Ndef: void writeNdefMessage(android.nfc.NdefMessage)>"
					],
					"depth":1,
					"method":"<android.nfc.tech.Ndef: android.nfc.NdefMessage getNdefMessage()>",
					"source":"FIELD"
				},
				{
					"trace":[
						"<android.nfc.tech.Ndef: void writeNdefMessage(android.nfc.NdefMessage)>"
					],
					"depth":1,
					"method":"<android.nfc.tech.Ndef: boolean makeReadOnly()>",
					"source":"FIELD"
				},
				{
					"trace":[
						"<android.nfc.tech.Ndef: void writeNdefMessage(android.nfc.NdefMessage)>"
					],
					"depth":1,
					"method":"<android.nfc.tech.Ndef: void writeNdefMessage(android.nfc.NdefMessage)>",
					"source":"FIELD"
				}
			],
			"keyAPIDiffClass":[],
			"callerOfSingnlar2SourceVar":{}
		},
		{
			"method":"<android.nfc.tech.Ndef: void writeNdefMessage(android.nfc.NdefMessage)>",
			"message":"[\\s\\S]*",
			"relatedVarType":"ParaAndField",
			"relatedCondType":"Basic",
			"modifier":"public",
			"type":"java.io.IOException",
			"osVersionRelated":false,
			"resourceRelated":false,
			"assessRelated":false,
			"hardwareRelated":true,
			"manifestRelated":false,
			"conditions":"$i1, $z0 == 0, r2 != null",
			"paramValues":"@parameter0: android.nfc.NdefMessage",
			"fieldValues":"<android.nfc.tech.BasicTagTechnology: android.nfc.Tag mTag>",
			"relatedValues":"@parameter0: android.nfc.NdefMessage; <android.nfc.tech.BasicTagTechnology: android.nfc.Tag mTag>; ",
			"keyAPISameClassNum":4,
			"keyAPIDiffClassNum":0,
			"keyAPISameClass":[
				{
					"trace":[
						"<android.nfc.tech.Ndef: void writeNdefMessage(android.nfc.NdefMessage)>"
					],
					"depth":1,
					"method":"<android.nfc.tech.Ndef: boolean canMakeReadOnly()>",
					"source":"FIELD"
				},
				{
					"trace":[
						"<android.nfc.tech.Ndef: void writeNdefMessage(android.nfc.NdefMessage)>"
					],
					"depth":1,
					"method":"<android.nfc.tech.Ndef: android.nfc.NdefMessage getNdefMessage()>",
					"source":"FIELD"
				},
				{
					"trace":[
						"<android.nfc.tech.Ndef: void writeNdefMessage(android.nfc.NdefMessage)>"
					],
					"depth":1,
					"method":"<android.nfc.tech.Ndef: boolean makeReadOnly()>",
					"source":"FIELD"
				},
				{
					"trace":[
						"<android.nfc.tech.Ndef: void writeNdefMessage(android.nfc.NdefMessage)>"
					],
					"depth":1,
					"method":"<android.nfc.tech.Ndef: void writeNdefMessage(android.nfc.NdefMessage)>",
					"source":"FIELD"
				}
			],
			"keyAPIDiffClass":[],
			"callerOfSingnlar2SourceVar":{
				"<android.nfc.tech.Ndef: void writeNdefMessage(android.nfc.NdefMessage)>":"0"
			}
		},
		{
			"method":"<android.nfc.tech.Ndef: void writeNdefMessage(android.nfc.NdefMessage)>",
			"message":"\\QMock tags don't support this operation.\\E",
			"relatedVarType":"Field",
			"relatedCondType":"Basic",
			"modifier":"public",
			"type":"java.io.IOException",
			"osVersionRelated":false,
			"resourceRelated":false,
			"assessRelated":false,
			"hardwareRelated":true,
			"manifestRelated":false,
			"conditions":"r2 != null",
			"fieldValues":"<android.nfc.tech.BasicTagTechnology: android.nfc.Tag mTag>",
			"relatedValues":"; <android.nfc.tech.BasicTagTechnology: android.nfc.Tag mTag>; ",
			"keyAPISameClassNum":4,
			"keyAPIDiffClassNum":0,
			"keyAPISameClass":[
				{
					"trace":[
						"<android.nfc.tech.Ndef: void writeNdefMessage(android.nfc.NdefMessage)>"
					],
					"depth":1,
					"method":"<android.nfc.tech.Ndef: boolean canMakeReadOnly()>",
					"source":"FIELD"
				},
				{
					"trace":[
						"<android.nfc.tech.Ndef: void writeNdefMessage(android.nfc.NdefMessage)>"
					],
					"depth":1,
					"method":"<android.nfc.tech.Ndef: android.nfc.NdefMessage getNdefMessage()>",
					"source":"FIELD"
				},
				{
					"trace":[
						"<android.nfc.tech.Ndef: void writeNdefMessage(android.nfc.NdefMessage)>"
					],
					"depth":1,
					"method":"<android.nfc.tech.Ndef: boolean makeReadOnly()>",
					"source":"FIELD"
				},
				{
					"trace":[
						"<android.nfc.tech.Ndef: void writeNdefMessage(android.nfc.NdefMessage)>"
					],
					"depth":1,
					"method":"<android.nfc.tech.Ndef: void writeNdefMessage(android.nfc.NdefMessage)>",
					"source":"FIELD"
				}
			],
			"keyAPIDiffClass":[],
			"callerOfSingnlar2SourceVar":{}
		},
		{
			"method":"<android.nfc.tech.Ndef: void writeNdefMessage(android.nfc.NdefMessage)>",
			"message":"[\\s\\S]*",
			"relatedVarType":"ParaAndField",
			"relatedCondType":"Basic",
			"modifier":"public",
			"type":"java.io.IOException",
			"osVersionRelated":false,
			"resourceRelated":false,
			"assessRelated":false,
			"hardwareRelated":true,
			"manifestRelated":false,
			"conditions":"$i1, $z0 == 0, r2 != null",
			"paramValues":"@parameter0: android.nfc.NdefMessage",
			"fieldValues":"<android.nfc.tech.BasicTagTechnology: android.nfc.Tag mTag>",
			"relatedValues":"@parameter0: android.nfc.NdefMessage; <android.nfc.tech.BasicTagTechnology: android.nfc.Tag mTag>; ",
			"keyAPISameClassNum":4,
			"keyAPIDiffClassNum":0,
			"keyAPISameClass":[
				{
					"trace":[
						"<android.nfc.tech.Ndef: void writeNdefMessage(android.nfc.NdefMessage)>"
					],
					"depth":1,
					"method":"<android.nfc.tech.Ndef: boolean canMakeReadOnly()>",
					"source":"FIELD"
				},
				{
					"trace":[
						"<android.nfc.tech.Ndef: void writeNdefMessage(android.nfc.NdefMessage)>"
					],
					"depth":1,
					"method":"<android.nfc.tech.Ndef: android.nfc.NdefMessage getNdefMessage()>",
					"source":"FIELD"
				},
				{
					"trace":[
						"<android.nfc.tech.Ndef: void writeNdefMessage(android.nfc.NdefMessage)>"
					],
					"depth":1,
					"method":"<android.nfc.tech.Ndef: boolean makeReadOnly()>",
					"source":"FIELD"
				},
				{
					"trace":[
						"<android.nfc.tech.Ndef: void writeNdefMessage(android.nfc.NdefMessage)>"
					],
					"depth":1,
					"method":"<android.nfc.tech.Ndef: void writeNdefMessage(android.nfc.NdefMessage)>",
					"source":"FIELD"
				}
			],
			"keyAPIDiffClass":[],
			"callerOfSingnlar2SourceVar":{
				"<android.nfc.tech.Ndef: void writeNdefMessage(android.nfc.NdefMessage)>":"0"
			}
		}
	]
}