{
	"exceptions":[
		{
			"method":"<android.media.AudioRecord: void audioBuffSizeCheck(int)>",
			"message":"\\QInvalid audio buffer size.\\E",
			"relatedVarType":"ParaAndField",
			"relatedCondType":"Basic",
			"modifier":"private",
			"type":"java.lang.IllegalArgumentException",
			"osVersionRelated":false,
			"resourceRelated":false,
			"assessRelated":false,
			"hardwareRelated":true,
			"manifestRelated":false,
			"conditions":"$i4 != 0, $i1 != 3",
			"paramValues":"@parameter0: int",
			"fieldValues":"<android.media.AudioRecord: int mChannelCount>, <android.media.AudioRecord: int mAudioFormat>",
			"relatedValues":"@parameter0: int; <android.media.AudioRecord: int mChannelCount>, <android.media.AudioRecord: int mAudioFormat>; ",
			"keyAPISameClassNum":1,
			"keyAPIDiffClassNum":0,
			"keyAPISameClass":[
				{
					"trace":[
						"<android.media.AudioRecord: void audioBuffSizeCheck(int)>"
					],
					"depth":1,
					"method":"<android.media.AudioRecord: void <init>(int,int,int,int,int)>",
					"source":"FIELD"
				}
			],
			"keyAPIDiffClass":[],
			"callerOfSingnlar2SourceVar":{
				"<android.media.AudioRecord: void <init>(int,int,int,int,int)>":"4",
				"<android.media.AudioRecord: void audioBuffSizeCheck(int)>":"0"
			}
		},
		{
			"method":"<android.media.AudioRecord: void audioParamCheck(int,int,int,int)>",
			"message":"\\QUnsupported sample encoding. Should be ENCODING_PCM_8BIT or ENCODING_PCM_16BIT.\\E",
			"relatedVarType":"Parameter",
			"relatedCondType":"Basic",
			"modifier":"private",
			"type":"java.lang.IllegalArgumentException",
			"osVersionRelated":false,
			"resourceRelated":false,
			"assessRelated":false,
			"hardwareRelated":true,
			"manifestRelated":false,
			"conditions":"i4, i3, i2 <= 48000",
			"paramValues":"@parameter3: int, @parameter2: int, @parameter1: int",
			"relatedValues":"@parameter3: int, @parameter2: int, @parameter1: int; ; ",
			"keyAPISameClassNum":0,
			"keyAPIDiffClassNum":0,
			"keyAPISameClass":[
				{
					"trace":[
						"<android.media.AudioRecord: void audioParamCheck(int,int,int,int)>"
					],
					"depth":0,
					"method":"<android.media.AudioRecord: void audioParamCheck(int,int,int,int)>",
					"source":"CALLER"
				},
				{
					"trace":[
						"<android.media.AudioRecord: void <init>(int,int,int,int,int)>",
						"<android.media.AudioRecord: void audioParamCheck(int,int,int,int)>"
					],
					"depth":1,
					"method":"<android.media.AudioRecord: void <init>(int,int,int,int,int)>",
					"source":"CALLER"
				}
			],
			"keyAPIDiffClass":[],
			"callerOfSingnlar2SourceVar":{
				"<android.media.AudioRecord: void <init>(int,int,int,int,int)>":"3, 2, 1",
				"<android.media.AudioRecord: void audioParamCheck(int,int,int,int)>":"3, 2, 1"
			}
		},
		{
			"method":"<android.media.AudioRecord: void audioParamCheck(int,int,int,int)>",
			"message":"\\QInvalid audio source.\\E",
			"relatedVarType":"Parameter",
			"relatedCondType":"Basic",
			"modifier":"private",
			"type":"java.lang.IllegalArgumentException",
			"osVersionRelated":false,
			"resourceRelated":false,
			"assessRelated":false,
			"hardwareRelated":true,
			"manifestRelated":false,
			"conditions":"i0 < 0, i0 <= $i1",
			"paramValues":"@parameter0: int",
			"relatedValues":"@parameter0: int; ; ",
			"keyAPISameClassNum":0,
			"keyAPIDiffClassNum":0,
			"keyAPISameClass":[
				{
					"trace":[
						"<android.media.AudioRecord: void audioParamCheck(int,int,int,int)>"
					],
					"depth":0,
					"method":"<android.media.AudioRecord: void audioParamCheck(int,int,int,int)>",
					"source":"CALLER"
				},
				{
					"trace":[
						"<android.media.AudioRecord: void <init>(int,int,int,int,int)>",
						"<android.media.AudioRecord: void audioParamCheck(int,int,int,int)>"
					],
					"depth":1,
					"method":"<android.media.AudioRecord: void <init>(int,int,int,int,int)>",
					"source":"CALLER"
				}
			],
			"keyAPIDiffClass":[],
			"callerOfSingnlar2SourceVar":{
				"<android.media.AudioRecord: void <init>(int,int,int,int,int)>":"0",
				"<android.media.AudioRecord: void audioParamCheck(int,int,int,int)>":"0"
			}
		},
		{
			"method":"<android.media.AudioRecord: void audioParamCheck(int,int,int,int)>",
			"message":"\\QUnsupported channel configuration.\\E",
			"relatedVarType":"Parameter",
			"relatedCondType":"Basic",
			"modifier":"private",
			"type":"java.lang.IllegalArgumentException",
			"osVersionRelated":false,
			"resourceRelated":false,
			"assessRelated":false,
			"hardwareRelated":true,
			"manifestRelated":false,
			"conditions":"i3, i2 <= 48000, i2 < 4000",
			"paramValues":"@parameter2: int, @parameter1: int",
			"relatedValues":"@parameter2: int, @parameter1: int; ; ",
			"keyAPISameClassNum":0,
			"keyAPIDiffClassNum":0,
			"keyAPISameClass":[
				{
					"trace":[
						"<android.media.AudioRecord: void audioParamCheck(int,int,int,int)>"
					],
					"depth":0,
					"method":"<android.media.AudioRecord: void audioParamCheck(int,int,int,int)>",
					"source":"CALLER"
				},
				{
					"trace":[
						"<android.media.AudioRecord: void <init>(int,int,int,int,int)>",
						"<android.media.AudioRecord: void audioParamCheck(int,int,int,int)>"
					],
					"depth":1,
					"method":"<android.media.AudioRecord: void <init>(int,int,int,int,int)>",
					"source":"CALLER"
				}
			],
			"keyAPIDiffClass":[],
			"callerOfSingnlar2SourceVar":{
				"<android.media.AudioRecord: void <init>(int,int,int,int,int)>":"2, 1",
				"<android.media.AudioRecord: void audioParamCheck(int,int,int,int)>":"2, 1"
			}
		},
		{
			"method":"<android.media.AudioRecord: void audioParamCheck(int,int,int,int)>",
			"message":"[\\s\\S]*\\QHz is not a supported sample rate.\\E",
			"relatedVarType":"Parameter",
			"relatedCondType":"Basic",
			"modifier":"private",
			"type":"java.lang.IllegalArgumentException",
			"osVersionRelated":false,
			"resourceRelated":false,
			"assessRelated":false,
			"hardwareRelated":true,
			"manifestRelated":false,
			"conditions":"i2 < 4000, i0 <= $i1, i0 < 0",
			"paramValues":"@parameter1: int, @parameter0: int",
			"relatedValues":"@parameter1: int, @parameter0: int; ; ",
			"keyAPISameClassNum":0,
			"keyAPIDiffClassNum":0,
			"keyAPISameClass":[
				{
					"trace":[
						"<android.media.AudioRecord: void audioParamCheck(int,int,int,int)>"
					],
					"depth":0,
					"method":"<android.media.AudioRecord: void audioParamCheck(int,int,int,int)>",
					"source":"CALLER"
				},
				{
					"trace":[
						"<android.media.AudioRecord: void <init>(int,int,int,int,int)>",
						"<android.media.AudioRecord: void audioParamCheck(int,int,int,int)>"
					],
					"depth":1,
					"method":"<android.media.AudioRecord: void <init>(int,int,int,int,int)>",
					"source":"CALLER"
				}
			],
			"keyAPIDiffClass":[],
			"callerOfSingnlar2SourceVar":{
				"<android.media.AudioRecord: void <init>(int,int,int,int,int)>":"1, 0",
				"<android.media.AudioRecord: void audioParamCheck(int,int,int,int)>":"1, 0"
			}
		},
		{
			"method":"<android.media.AudioRecord: void startRecording()>",
			"message":"\\QstartRecording() called on an uninitialized AudioRecord.\\E",
			"relatedVarType":"Field",
			"relatedCondType":"Basic",
			"modifier":"public",
			"type":"java.lang.IllegalStateException",
			"osVersionRelated":false,
			"resourceRelated":false,
			"assessRelated":false,
			"hardwareRelated":true,
			"manifestRelated":false,
			"conditions":"$i0 == 1",
			"fieldValues":"<android.media.AudioRecord: int mState>",
			"relatedValues":"; <android.media.AudioRecord: int mState>; ",
			"keyAPISameClassNum":2,
			"keyAPIDiffClassNum":0,
			"keyAPISameClass":[
				{
					"trace":[
						"<android.media.AudioRecord: void startRecording()>"
					],
					"depth":1,
					"method":"<android.media.AudioRecord: void <init>(int,int,int,int,int)>",
					"source":"FIELD"
				},
				{
					"trace":[
						"<android.media.AudioRecord: void startRecording()>"
					],
					"depth":1,
					"method":"<android.media.AudioRecord: void release()>",
					"source":"FIELD"
				}
			],
			"keyAPIDiffClass":[],
			"callerOfSingnlar2SourceVar":{}
		},
		{
			"method":"<android.media.AudioRecord: void startRecording(android.media.MediaSyncEvent)>",
			"message":"\\QstartRecording() called on an uninitialized AudioRecord.\\E",
			"relatedVarType":"Field",
			"relatedCondType":"Basic",
			"modifier":"public",
			"type":"java.lang.IllegalStateException",
			"osVersionRelated":false,
			"resourceRelated":false,
			"assessRelated":false,
			"hardwareRelated":true,
			"manifestRelated":false,
			"conditions":"$i0 == 1",
			"fieldValues":"<android.media.AudioRecord: int mState>",
			"relatedValues":"; <android.media.AudioRecord: int mState>; ",
			"keyAPISameClassNum":2,
			"keyAPIDiffClassNum":0,
			"keyAPISameClass":[
				{
					"trace":[
						"<android.media.AudioRecord: void startRecording(android.media.MediaSyncEvent)>"
					],
					"depth":1,
					"method":"<android.media.AudioRecord: void <init>(int,int,int,int,int)>",
					"source":"FIELD"
				},
				{
					"trace":[
						"<android.media.AudioRecord: void startRecording(android.media.MediaSyncEvent)>"
					],
					"depth":1,
					"method":"<android.media.AudioRecord: void release()>",
					"source":"FIELD"
				}
			],
			"keyAPIDiffClass":[],
			"callerOfSingnlar2SourceVar":{}
		},
		{
			"method":"<android.media.AudioRecord: void stop()>",
			"message":"\\Qstop() called on an uninitialized AudioRecord.\\E",
			"relatedVarType":"Field",
			"relatedCondType":"Basic",
			"modifier":"public",
			"type":"java.lang.IllegalStateException",
			"osVersionRelated":false,
			"resourceRelated":false,
			"assessRelated":false,
			"hardwareRelated":true,
			"manifestRelated":false,
			"conditions":"$i0 == 1",
			"fieldValues":"<android.media.AudioRecord: int mState>",
			"relatedValues":"; <android.media.AudioRecord: int mState>; ",
			"keyAPISameClassNum":2,
			"keyAPIDiffClassNum":0,
			"keyAPISameClass":[
				{
					"trace":[
						"<android.media.AudioRecord: void stop()>"
					],
					"depth":1,
					"method":"<android.media.AudioRecord: void <init>(int,int,int,int,int)>",
					"source":"FIELD"
				},
				{
					"trace":[
						"<android.media.AudioRecord: void stop()>"
					],
					"depth":1,
					"method":"<android.media.AudioRecord: void release()>",
					"source":"FIELD"
				}
			],
			"keyAPIDiffClass":[],
			"callerOfSingnlar2SourceVar":{}
		}
	]
}