{
	"exceptions":[
		{
			"method":"<android.media.MediaCodecList: android.media.MediaCodecInfo getCodecInfoAt(int)>",
			"message":"[\\s\\S]*",
			"relatedVarType":"Parameter",
			"relatedCondType":"Basic",
			"modifier":"public",
			"type":"java.lang.IllegalArgumentException",
			"osVersionRelated":false,
			"resourceRelated":false,
			"assessRelated":false,
			"hardwareRelated":true,
			"manifestRelated":false,
			"conditions":"i0 < 0, i0 <= $i1",
			"paramValues":"@parameter0: int",
			"relatedValues":"@parameter0: int; ; ",
			"keyAPISameClassNum":0,
			"keyAPIDiffClassNum":0,
			"keyAPISameClass":[
				{
					"trace":[
						"<android.media.MediaCodecList: android.media.MediaCodecInfo getCodecInfoAt(int)>"
					],
					"depth":0,
					"method":"<android.media.MediaCodecList: android.media.MediaCodecInfo getCodecInfoAt(int)>",
					"source":"CALLER"
				}
			],
			"keyAPIDiffClass":[],
			"callerOfSingnlar2SourceVar":{
				"<android.media.MediaCodecList: android.media.MediaCodecInfo getCodecInfoAt(int)>":"0"
			}
		}
	]
}