{
	"exceptions":[
		{
			"method":"<android.graphics.Path: void addArc(android.graphics.RectF,float,float)>",
			"message":"\\Qneed oval parameter\\E",
			"relatedVarType":"Parameter",
			"relatedCondType":"Basic",
			"modifier":"public",
			"type":"java.lang.NullPointerException",
			"osVersionRelated":false,
			"resourceRelated":false,
			"assessRelated":false,
			"hardwareRelated":false,
			"manifestRelated":false,
			"conditions":"r0 != null",
			"paramValues":"@parameter0: android.graphics.RectF",
			"relatedValues":"@parameter0: android.graphics.RectF; ; ",
			"keyAPISameClassNum":0,
			"keyAPIDiffClassNum":0,
			"keyAPISameClass":[
				{
					"trace":[
						"<android.graphics.Path: void addArc(android.graphics.RectF,float,float)>"
					],
					"depth":0,
					"method":"<android.graphics.Path: void addArc(android.graphics.RectF,float,float)>",
					"source":"CALLER"
				}
			],
			"keyAPIDiffClass":[],
			"callerOfSingnlar2SourceVar":{
				"<android.graphics.Path: void addArc(android.graphics.RectF,float,float)>":"0"
			}
		},
		{
			"method":"<android.graphics.Path: void addOval(android.graphics.RectF,android.graphics.Path$Direction)>",
			"message":"\\Qneed oval parameter\\E",
			"relatedVarType":"Parameter",
			"relatedCondType":"Basic",
			"modifier":"public",
			"type":"java.lang.NullPointerException",
			"osVersionRelated":false,
			"resourceRelated":false,
			"assessRelated":false,
			"hardwareRelated":false,
			"manifestRelated":false,
			"conditions":"r0 != null",
			"paramValues":"@parameter0: android.graphics.RectF",
			"relatedValues":"@parameter0: android.graphics.RectF; ; ",
			"keyAPISameClassNum":0,
			"keyAPIDiffClassNum":0,
			"keyAPISameClass":[
				{
					"trace":[
						"<android.graphics.Path: void addOval(android.graphics.RectF,android.graphics.Path$Direction)>"
					],
					"depth":0,
					"method":"<android.graphics.Path: void addOval(android.graphics.RectF,android.graphics.Path$Direction)>",
					"source":"CALLER"
				}
			],
			"keyAPIDiffClass":[],
			"callerOfSingnlar2SourceVar":{
				"<android.graphics.Path: void addOval(android.graphics.RectF,android.graphics.Path$Direction)>":"0"
			}
		},
		{
			"method":"<android.graphics.Path: void addRect(android.graphics.RectF,android.graphics.Path$Direction)>",
			"message":"\\Qneed rect parameter\\E",
			"relatedVarType":"Parameter",
			"relatedCondType":"Basic",
			"modifier":"public",
			"type":"java.lang.NullPointerException",
			"osVersionRelated":false,
			"resourceRelated":false,
			"assessRelated":false,
			"hardwareRelated":false,
			"manifestRelated":false,
			"conditions":"r0 != null",
			"paramValues":"@parameter0: android.graphics.RectF",
			"relatedValues":"@parameter0: android.graphics.RectF; ; ",
			"keyAPISameClassNum":0,
			"keyAPIDiffClassNum":0,
			"keyAPISameClass":[
				{
					"trace":[
						"<android.graphics.Path: void addRect(android.graphics.RectF,android.graphics.Path$Direction)>"
					],
					"depth":0,
					"method":"<android.graphics.Path: void addRect(android.graphics.RectF,android.graphics.Path$Direction)>",
					"source":"CALLER"
				}
			],
			"keyAPIDiffClass":[],
			"callerOfSingnlar2SourceVar":{
				"<android.graphics.Path: void addRect(android.graphics.RectF,android.graphics.Path$Direction)>":"0"
			}
		},
		{
			"method":"<android.graphics.Path: void addRoundRect(android.graphics.RectF,float,float,android.graphics.Path$Direction)>",
			"message":"\\Qneed rect parameter\\E",
			"relatedVarType":"Parameter",
			"relatedCondType":"Basic",
			"modifier":"public",
			"type":"java.lang.NullPointerException",
			"osVersionRelated":false,
			"resourceRelated":false,
			"assessRelated":false,
			"hardwareRelated":false,
			"manifestRelated":false,
			"conditions":"r0 != null",
			"paramValues":"@parameter0: android.graphics.RectF",
			"relatedValues":"@parameter0: android.graphics.RectF; ; ",
			"keyAPISameClassNum":0,
			"keyAPIDiffClassNum":0,
			"keyAPISameClass":[
				{
					"trace":[
						"<android.graphics.Path: void addRoundRect(android.graphics.RectF,float,float,android.graphics.Path$Direction)>"
					],
					"depth":0,
					"method":"<android.graphics.Path: void addRoundRect(android.graphics.RectF,float,float,android.graphics.Path$Direction)>",
					"source":"CALLER"
				}
			],
			"keyAPIDiffClass":[],
			"callerOfSingnlar2SourceVar":{
				"<android.graphics.Path: void addRoundRect(android.graphics.RectF,float,float,android.graphics.Path$Direction)>":"0"
			}
		},
		{
			"method":"<android.graphics.Path: void addRoundRect(android.graphics.RectF,float[],android.graphics.Path$Direction)>",
			"message":"\\Qneed rect parameter\\E",
			"relatedVarType":"Parameter",
			"relatedCondType":"Basic",
			"modifier":"public",
			"type":"java.lang.NullPointerException",
			"osVersionRelated":false,
			"resourceRelated":false,
			"assessRelated":false,
			"hardwareRelated":false,
			"manifestRelated":false,
			"conditions":"r0 != null",
			"paramValues":"@parameter0: android.graphics.RectF",
			"relatedValues":"@parameter0: android.graphics.RectF; ; ",
			"keyAPISameClassNum":0,
			"keyAPIDiffClassNum":0,
			"keyAPISameClass":[
				{
					"trace":[
						"<android.graphics.Path: void addRoundRect(android.graphics.RectF,float[],android.graphics.Path$Direction)>"
					],
					"depth":0,
					"method":"<android.graphics.Path: void addRoundRect(android.graphics.RectF,float[],android.graphics.Path$Direction)>",
					"source":"CALLER"
				}
			],
			"keyAPIDiffClass":[],
			"callerOfSingnlar2SourceVar":{
				"<android.graphics.Path: void addRoundRect(android.graphics.RectF,float[],android.graphics.Path$Direction)>":"0"
			}
		},
		{
			"method":"<android.graphics.Path: void addRoundRect(android.graphics.RectF,float[],android.graphics.Path$Direction)>",
			"message":"\\Qradii[] needs 8 values\\E",
			"relatedVarType":"Parameter",
			"relatedCondType":"Basic",
			"modifier":"public",
			"type":"java.lang.ArrayIndexOutOfBoundsException",
			"osVersionRelated":false,
			"resourceRelated":false,
			"assessRelated":false,
			"hardwareRelated":false,
			"manifestRelated":false,
			"conditions":"$i0 >= 8, r0 != null",
			"paramValues":"@parameter1: float[], @parameter0: android.graphics.RectF",
			"relatedValues":"@parameter1: float[], @parameter0: android.graphics.RectF; ; ",
			"keyAPISameClassNum":0,
			"keyAPIDiffClassNum":0,
			"keyAPISameClass":[
				{
					"trace":[
						"<android.graphics.Path: void addRoundRect(android.graphics.RectF,float[],android.graphics.Path$Direction)>"
					],
					"depth":0,
					"method":"<android.graphics.Path: void addRoundRect(android.graphics.RectF,float[],android.graphics.Path$Direction)>",
					"source":"CALLER"
				}
			],
			"keyAPIDiffClass":[],
			"callerOfSingnlar2SourceVar":{
				"<android.graphics.Path: void addRoundRect(android.graphics.RectF,float[],android.graphics.Path$Direction)>":"1, 0"
			}
		}
	]
}