{
	"exceptions":[
		{
			"method":"<android.net.arp.ArpPeer: void <init>(java.lang.String,java.net.InetAddress,java.lang.String,java.net.InetAddress)>",
			"message":"\\QIPv6 unsupported\\E",
			"relatedVarType":"Parameter",
			"relatedCondType":"Basic",
			"modifier":"public",
			"type":"java.lang.IllegalArgumentException",
			"osVersionRelated":false,
			"resourceRelated":false,
			"assessRelated":false,
			"hardwareRelated":false,
			"manifestRelated":false,
			"conditions":"$z0 != 0, r4 == null, i5 >= 6",
			"paramValues":"@parameter1: java.net.InetAddress, @parameter2: java.lang.String",
			"relatedValues":"@parameter1: java.net.InetAddress, @parameter2: java.lang.String; ; ",
			"keyAPISameClassNum":0,
			"keyAPIDiffClassNum":0,
			"keyAPISameClass":[
				{
					"trace":[
						"<android.net.arp.ArpPeer: void <init>(java.lang.String,java.net.InetAddress,java.lang.String,java.net.InetAddress)>"
					],
					"depth":0,
					"method":"<android.net.arp.ArpPeer: void <init>(java.lang.String,java.net.InetAddress,java.lang.String,java.net.InetAddress)>",
					"source":"CALLER"
				},
				{
					"trace":[
						"<android.net.arp.ArpPeer: boolean doArp(java.lang.String,android.net.LinkProperties,int,int,int)>",
						"<android.net.arp.ArpPeer: void <init>(java.lang.String,java.net.InetAddress,java.lang.String,java.net.InetAddress)>"
					],
					"depth":1,
					"method":"<android.net.arp.ArpPeer: boolean doArp(java.lang.String,android.net.LinkProperties,int,int,int)>",
					"source":"CALLER"
				}
			],
			"keyAPIDiffClass":[],
			"callerOfSingnlar2SourceVar":{
				"<android.net.arp.ArpPeer: void <init>(java.lang.String,java.net.InetAddress,java.lang.String,java.net.InetAddress)>":"1, 2",
				"<android.net.arp.ArpPeer: boolean doArp(java.lang.String,android.net.LinkProperties,int,int,int)>":"0"
			}
		}
	]
}