{
	"exceptions":[
		{
			"method":"<android.os.DropBoxManager$Entry: void <init>(java.lang.String,long)>",
			"message":"\\Qtag == null\\E",
			"relatedVarType":"Parameter",
			"relatedCondType":"Basic",
			"modifier":"public",
			"type":"java.lang.NullPointerException",
			"osVersionRelated":false,
			"resourceRelated":false,
			"assessRelated":false,
			"hardwareRelated":false,
			"manifestRelated":false,
			"conditions":"r1 != null",
			"paramValues":"@parameter0: java.lang.String",
			"relatedValues":"@parameter0: java.lang.String; ; ",
			"keyAPISameClassNum":0,
			"keyAPIDiffClassNum":0,
			"keyAPISameClass":[
				{
					"trace":[
						"<android.os.DropBoxManager$Entry: void <init>(java.lang.String,long)>"
					],
					"depth":0,
					"method":"<android.os.DropBoxManager$Entry: void <init>(java.lang.String,long)>",
					"source":"CALLER"
				}
			],
			"keyAPIDiffClass":[],
			"callerOfSingnlar2SourceVar":{
				"<android.os.DropBoxManager$Entry: void <init>(java.lang.String,long)>":"0"
			}
		},
		{
			"method":"<android.os.DropBoxManager$Entry: void <init>(java.lang.String,long,android.os.ParcelFileDescriptor,int)>",
			"message":"\\QBad flags: \\E[\\s\\S]*",
			"relatedVarType":"Parameter",
			"relatedCondType":"Basic",
			"modifier":"public",
			"type":"java.lang.IllegalArgumentException",
			"osVersionRelated":false,
			"resourceRelated":false,
			"assessRelated":false,
			"hardwareRelated":true,
			"manifestRelated":false,
			"conditions":"z1 == z0, $i1 == 0, r1 != null",
			"paramValues":"@parameter3: int, @parameter0: java.lang.String",
			"relatedValues":"@parameter3: int, @parameter0: java.lang.String; ; ",
			"keyAPISameClassNum":0,
			"keyAPIDiffClassNum":0,
			"keyAPISameClass":[
				{
					"trace":[
						"<android.os.DropBoxManager$Entry: void <init>(java.lang.String,long,android.os.ParcelFileDescriptor,int)>"
					],
					"depth":0,
					"method":"<android.os.DropBoxManager$Entry: void <init>(java.lang.String,long,android.os.ParcelFileDescriptor,int)>",
					"source":"CALLER"
				}
			],
			"keyAPIDiffClass":[
				{
					"trace":[
						"<android.os.DropBoxManager$Entry$1: android.os.DropBoxManager$Entry createFromParcel(android.os.Parcel)>",
						"<android.os.DropBoxManager$Entry: void <init>(java.lang.String,long,android.os.ParcelFileDescriptor,int)>"
					],
					"depth":1,
					"method":"<android.os.DropBoxManager$Entry$1: android.os.DropBoxManager$Entry createFromParcel(android.os.Parcel)>",
					"source":"CALLER"
				},
				{
					"trace":[
						"<android.os.Parcelable$Creator: java.lang.Object createFromParcel(android.os.Parcel)>",
						"<android.os.DropBoxManager$Entry: void <init>(java.lang.String,long,android.os.ParcelFileDescriptor,int)>"
					],
					"depth":1,
					"method":"<android.os.Parcelable$Creator: java.lang.Object createFromParcel(android.os.Parcel)>",
					"source":"CALLER"
				},
				{
					"trace":[
						"<android.os.DropBoxManager$Entry$1: java.lang.Object createFromParcel(android.os.Parcel)>",
						"<android.os.DropBoxManager$Entry$1: android.os.DropBoxManager$Entry createFromParcel(android.os.Parcel)>",
						"<android.os.DropBoxManager$Entry: void <init>(java.lang.String,long,android.os.ParcelFileDescriptor,int)>"
					],
					"depth":2,
					"method":"<android.os.DropBoxManager$Entry$1: java.lang.Object createFromParcel(android.os.Parcel)>",
					"source":"CALLER"
				}
			],
			"callerOfSingnlar2SourceVar":{
				"<android.os.DropBoxManager$Entry: void <init>(java.lang.String,long,android.os.ParcelFileDescriptor,int)>":"3, 0"
			}
		},
		{
			"method":"<android.os.DropBoxManager$Entry: void <init>(java.lang.String,long,android.os.ParcelFileDescriptor,int)>",
			"message":"\\Qtag == null\\E",
			"relatedVarType":"Parameter",
			"relatedCondType":"Basic",
			"modifier":"public",
			"type":"java.lang.NullPointerException",
			"osVersionRelated":false,
			"resourceRelated":false,
			"assessRelated":false,
			"hardwareRelated":true,
			"manifestRelated":false,
			"conditions":"r1 != null",
			"paramValues":"@parameter0: java.lang.String",
			"relatedValues":"@parameter0: java.lang.String; ; ",
			"keyAPISameClassNum":0,
			"keyAPIDiffClassNum":0,
			"keyAPISameClass":[
				{
					"trace":[
						"<android.os.DropBoxManager$Entry: void <init>(java.lang.String,long,android.os.ParcelFileDescriptor,int)>"
					],
					"depth":0,
					"method":"<android.os.DropBoxManager$Entry: void <init>(java.lang.String,long,android.os.ParcelFileDescriptor,int)>",
					"source":"CALLER"
				}
			],
			"keyAPIDiffClass":[
				{
					"trace":[
						"<android.os.DropBoxManager$Entry$1: android.os.DropBoxManager$Entry createFromParcel(android.os.Parcel)>",
						"<android.os.DropBoxManager$Entry: void <init>(java.lang.String,long,android.os.ParcelFileDescriptor,int)>"
					],
					"depth":1,
					"method":"<android.os.DropBoxManager$Entry$1: android.os.DropBoxManager$Entry createFromParcel(android.os.Parcel)>",
					"source":"CALLER"
				},
				{
					"trace":[
						"<android.os.Parcelable$Creator: java.lang.Object createFromParcel(android.os.Parcel)>",
						"<android.os.DropBoxManager$Entry: void <init>(java.lang.String,long,android.os.ParcelFileDescriptor,int)>"
					],
					"depth":1,
					"method":"<android.os.Parcelable$Creator: java.lang.Object createFromParcel(android.os.Parcel)>",
					"source":"CALLER"
				},
				{
					"trace":[
						"<android.os.DropBoxManager$Entry$1: java.lang.Object createFromParcel(android.os.Parcel)>",
						"<android.os.DropBoxManager$Entry$1: android.os.DropBoxManager$Entry createFromParcel(android.os.Parcel)>",
						"<android.os.DropBoxManager$Entry: void <init>(java.lang.String,long,android.os.ParcelFileDescriptor,int)>"
					],
					"depth":2,
					"method":"<android.os.DropBoxManager$Entry$1: java.lang.Object createFromParcel(android.os.Parcel)>",
					"source":"CALLER"
				}
			],
			"callerOfSingnlar2SourceVar":{
				"<android.os.DropBoxManager$Entry: void <init>(java.lang.String,long,android.os.ParcelFileDescriptor,int)>":"0"
			}
		},
		{
			"method":"<android.os.DropBoxManager$Entry: void <init>(java.lang.String,long,java.io.File,int)>",
			"message":"\\QBad flags: \\E[\\s\\S]*",
			"relatedVarType":"Parameter",
			"relatedCondType":"Basic",
			"modifier":"public",
			"type":"java.lang.IllegalArgumentException",
			"osVersionRelated":false,
			"resourceRelated":false,
			"assessRelated":false,
			"hardwareRelated":false,
			"manifestRelated":false,
			"conditions":"$i1 == 0, r1 != null",
			"paramValues":"@parameter3: int, @parameter0: java.lang.String",
			"relatedValues":"@parameter3: int, @parameter0: java.lang.String; ; ",
			"keyAPISameClassNum":0,
			"keyAPIDiffClassNum":0,
			"keyAPISameClass":[
				{
					"trace":[
						"<android.os.DropBoxManager$Entry: void <init>(java.lang.String,long,java.io.File,int)>"
					],
					"depth":0,
					"method":"<android.os.DropBoxManager$Entry: void <init>(java.lang.String,long,java.io.File,int)>",
					"source":"CALLER"
				}
			],
			"keyAPIDiffClass":[
				{
					"trace":[
						"<android.os.DropBoxManager: void addFile(java.lang.String,java.io.File,int)>",
						"<android.os.DropBoxManager$Entry: void <init>(java.lang.String,long,java.io.File,int)>"
					],
					"depth":1,
					"method":"<android.os.DropBoxManager: void addFile(java.lang.String,java.io.File,int)>",
					"source":"CALLER"
				}
			],
			"callerOfSingnlar2SourceVar":{
				"<android.os.DropBoxManager$Entry: void <init>(java.lang.String,long,java.io.File,int)>":"3, 0",
				"<android.os.DropBoxManager: void addFile(java.lang.String,java.io.File,int)>":"2, 0"
			}
		},
		{
			"method":"<android.os.DropBoxManager$Entry: void <init>(java.lang.String,long,java.io.File,int)>",
			"message":"\\Qtag == null\\E",
			"relatedVarType":"Parameter",
			"relatedCondType":"Basic",
			"modifier":"public",
			"type":"java.lang.NullPointerException",
			"osVersionRelated":false,
			"resourceRelated":false,
			"assessRelated":false,
			"hardwareRelated":false,
			"manifestRelated":false,
			"conditions":"r1 != null",
			"paramValues":"@parameter0: java.lang.String",
			"relatedValues":"@parameter0: java.lang.String; ; ",
			"keyAPISameClassNum":0,
			"keyAPIDiffClassNum":0,
			"keyAPISameClass":[
				{
					"trace":[
						"<android.os.DropBoxManager$Entry: void <init>(java.lang.String,long,java.io.File,int)>"
					],
					"depth":0,
					"method":"<android.os.DropBoxManager$Entry: void <init>(java.lang.String,long,java.io.File,int)>",
					"source":"CALLER"
				}
			],
			"keyAPIDiffClass":[
				{
					"trace":[
						"<android.os.DropBoxManager: void addFile(java.lang.String,java.io.File,int)>",
						"<android.os.DropBoxManager$Entry: void <init>(java.lang.String,long,java.io.File,int)>"
					],
					"depth":1,
					"method":"<android.os.DropBoxManager: void addFile(java.lang.String,java.io.File,int)>",
					"source":"CALLER"
				}
			],
			"callerOfSingnlar2SourceVar":{
				"<android.os.DropBoxManager$Entry: void <init>(java.lang.String,long,java.io.File,int)>":"0",
				"<android.os.DropBoxManager: void addFile(java.lang.String,java.io.File,int)>":"0"
			}
		},
		{
			"method":"<android.os.DropBoxManager$Entry: void <init>(java.lang.String,long,java.lang.String)>",
			"message":"\\Qtag == null\\E",
			"relatedVarType":"Parameter",
			"relatedCondType":"Basic",
			"modifier":"public",
			"type":"java.lang.NullPointerException",
			"osVersionRelated":false,
			"resourceRelated":false,
			"assessRelated":false,
			"hardwareRelated":false,
			"manifestRelated":false,
			"conditions":"r1 != null",
			"paramValues":"@parameter0: java.lang.String",
			"relatedValues":"@parameter0: java.lang.String; ; ",
			"keyAPISameClassNum":0,
			"keyAPIDiffClassNum":0,
			"keyAPISameClass":[
				{
					"trace":[
						"<android.os.DropBoxManager$Entry: void <init>(java.lang.String,long,java.lang.String)>"
					],
					"depth":0,
					"method":"<android.os.DropBoxManager$Entry: void <init>(java.lang.String,long,java.lang.String)>",
					"source":"CALLER"
				}
			],
			"keyAPIDiffClass":[
				{
					"trace":[
						"<android.os.DropBoxManager: void addText(java.lang.String,java.lang.String)>",
						"<android.os.DropBoxManager$Entry: void <init>(java.lang.String,long,java.lang.String)>"
					],
					"depth":1,
					"method":"<android.os.DropBoxManager: void addText(java.lang.String,java.lang.String)>",
					"source":"CALLER"
				},
				{
					"trace":[
						"<android.app.ActivityThread$DropBoxReporter: void addText(java.lang.String,java.lang.String)>",
						"<android.os.DropBoxManager: void addText(java.lang.String,java.lang.String)>",
						"<android.os.DropBoxManager$Entry: void <init>(java.lang.String,long,java.lang.String)>"
					],
					"depth":2,
					"method":"<android.app.ActivityThread$DropBoxReporter: void addText(java.lang.String,java.lang.String)>",
					"source":"CALLER"
				}
			],
			"callerOfSingnlar2SourceVar":{
				"<android.app.ActivityThread$DropBoxReporter: void addText(java.lang.String,java.lang.String)>":"0",
				"<android.os.DropBoxManager: void addText(java.lang.String,java.lang.String)>":"0",
				"<android.os.DropBoxManager$Entry: void <init>(java.lang.String,long,java.lang.String)>":"0"
			}
		},
		{
			"method":"<android.os.DropBoxManager$Entry: void <init>(java.lang.String,long,java.lang.String)>",
			"message":"\\Qtext == null\\E",
			"relatedVarType":"Parameter",
			"relatedCondType":"Basic",
			"modifier":"public",
			"type":"java.lang.NullPointerException",
			"osVersionRelated":false,
			"resourceRelated":false,
			"assessRelated":false,
			"hardwareRelated":false,
			"manifestRelated":false,
			"conditions":"r2 != null, r1 != null",
			"paramValues":"@parameter2: java.lang.String, @parameter0: java.lang.String",
			"relatedValues":"@parameter2: java.lang.String, @parameter0: java.lang.String; ; ",
			"keyAPISameClassNum":0,
			"keyAPIDiffClassNum":0,
			"keyAPISameClass":[
				{
					"trace":[
						"<android.os.DropBoxManager$Entry: void <init>(java.lang.String,long,java.lang.String)>"
					],
					"depth":0,
					"method":"<android.os.DropBoxManager$Entry: void <init>(java.lang.String,long,java.lang.String)>",
					"source":"CALLER"
				}
			],
			"keyAPIDiffClass":[
				{
					"trace":[
						"<android.os.DropBoxManager: void addText(java.lang.String,java.lang.String)>",
						"<android.os.DropBoxManager$Entry: void <init>(java.lang.String,long,java.lang.String)>"
					],
					"depth":1,
					"method":"<android.os.DropBoxManager: void addText(java.lang.String,java.lang.String)>",
					"source":"CALLER"
				},
				{
					"trace":[
						"<android.app.ActivityThread$DropBoxReporter: void addText(java.lang.String,java.lang.String)>",
						"<android.os.DropBoxManager: void addText(java.lang.String,java.lang.String)>",
						"<android.os.DropBoxManager$Entry: void <init>(java.lang.String,long,java.lang.String)>"
					],
					"depth":2,
					"method":"<android.app.ActivityThread$DropBoxReporter: void addText(java.lang.String,java.lang.String)>",
					"source":"CALLER"
				}
			],
			"callerOfSingnlar2SourceVar":{
				"<android.app.ActivityThread$DropBoxReporter: void addText(java.lang.String,java.lang.String)>":"1, 0",
				"<android.os.DropBoxManager: void addText(java.lang.String,java.lang.String)>":"1, 0",
				"<android.os.DropBoxManager$Entry: void <init>(java.lang.String,long,java.lang.String)>":"2, 0"
			}
		},
		{
			"method":"<android.os.DropBoxManager$Entry: void <init>(java.lang.String,long,byte[],int)>",
			"message":"\\QBad flags: \\E[\\s\\S]*",
			"relatedVarType":"Parameter",
			"relatedCondType":"Basic",
			"modifier":"public",
			"type":"java.lang.IllegalArgumentException",
			"osVersionRelated":false,
			"resourceRelated":false,
			"assessRelated":false,
			"hardwareRelated":false,
			"manifestRelated":false,
			"conditions":"z1 == z0, $i1 == 0, r1 != null",
			"paramValues":"@parameter3: int, @parameter0: java.lang.String",
			"relatedValues":"@parameter3: int, @parameter0: java.lang.String; ; ",
			"keyAPISameClassNum":0,
			"keyAPIDiffClassNum":0,
			"keyAPISameClass":[
				{
					"trace":[
						"<android.os.DropBoxManager$Entry: void <init>(java.lang.String,long,byte[],int)>"
					],
					"depth":0,
					"method":"<android.os.DropBoxManager$Entry: void <init>(java.lang.String,long,byte[],int)>",
					"source":"CALLER"
				}
			],
			"keyAPIDiffClass":[
				{
					"trace":[
						"<android.os.DropBoxManager$Entry$1: android.os.DropBoxManager$Entry createFromParcel(android.os.Parcel)>",
						"<android.os.DropBoxManager$Entry: void <init>(java.lang.String,long,byte[],int)>"
					],
					"depth":1,
					"method":"<android.os.DropBoxManager$Entry$1: android.os.DropBoxManager$Entry createFromParcel(android.os.Parcel)>",
					"source":"CALLER"
				},
				{
					"trace":[
						"<android.os.Parcelable$Creator: java.lang.Object createFromParcel(android.os.Parcel)>",
						"<android.os.DropBoxManager$Entry: void <init>(java.lang.String,long,byte[],int)>"
					],
					"depth":1,
					"method":"<android.os.Parcelable$Creator: java.lang.Object createFromParcel(android.os.Parcel)>",
					"source":"CALLER"
				},
				{
					"trace":[
						"<android.os.DropBoxManager: void addData(java.lang.String,byte[],int)>",
						"<android.os.DropBoxManager$Entry: void <init>(java.lang.String,long,byte[],int)>"
					],
					"depth":1,
					"method":"<android.os.DropBoxManager: void addData(java.lang.String,byte[],int)>",
					"source":"CALLER"
				},
				{
					"trace":[
						"<android.os.DropBoxManager$Entry$1: java.lang.Object createFromParcel(android.os.Parcel)>",
						"<android.os.DropBoxManager$Entry$1: android.os.DropBoxManager$Entry createFromParcel(android.os.Parcel)>",
						"<android.os.DropBoxManager$Entry: void <init>(java.lang.String,long,byte[],int)>"
					],
					"depth":2,
					"method":"<android.os.DropBoxManager$Entry$1: java.lang.Object createFromParcel(android.os.Parcel)>",
					"source":"CALLER"
				},
				{
					"trace":[
						"<android.app.ActivityThread$DropBoxReporter: void addData(java.lang.String,byte[],int)>",
						"<android.os.DropBoxManager: void addData(java.lang.String,byte[],int)>",
						"<android.os.DropBoxManager$Entry: void <init>(java.lang.String,long,byte[],int)>"
					],
					"depth":2,
					"method":"<android.app.ActivityThread$DropBoxReporter: void addData(java.lang.String,byte[],int)>",
					"source":"CALLER"
				}
			],
			"callerOfSingnlar2SourceVar":{
				"<android.os.DropBoxManager$Entry: void <init>(java.lang.String,long,byte[],int)>":"3, 0",
				"<android.app.ActivityThread$DropBoxReporter: void addData(java.lang.String,byte[],int)>":"2, 0",
				"<android.os.DropBoxManager: void addData(java.lang.String,byte[],int)>":"2, 0"
			}
		},
		{
			"method":"<android.os.DropBoxManager$Entry: void <init>(java.lang.String,long,byte[],int)>",
			"message":"\\Qtag == null\\E",
			"relatedVarType":"Parameter",
			"relatedCondType":"Basic",
			"modifier":"public",
			"type":"java.lang.NullPointerException",
			"osVersionRelated":false,
			"resourceRelated":false,
			"assessRelated":false,
			"hardwareRelated":false,
			"manifestRelated":false,
			"conditions":"r1 != null",
			"paramValues":"@parameter0: java.lang.String",
			"relatedValues":"@parameter0: java.lang.String; ; ",
			"keyAPISameClassNum":0,
			"keyAPIDiffClassNum":0,
			"keyAPISameClass":[
				{
					"trace":[
						"<android.os.DropBoxManager$Entry: void <init>(java.lang.String,long,byte[],int)>"
					],
					"depth":0,
					"method":"<android.os.DropBoxManager$Entry: void <init>(java.lang.String,long,byte[],int)>",
					"source":"CALLER"
				}
			],
			"keyAPIDiffClass":[
				{
					"trace":[
						"<android.os.DropBoxManager$Entry$1: android.os.DropBoxManager$Entry createFromParcel(android.os.Parcel)>",
						"<android.os.DropBoxManager$Entry: void <init>(java.lang.String,long,byte[],int)>"
					],
					"depth":1,
					"method":"<android.os.DropBoxManager$Entry$1: android.os.DropBoxManager$Entry createFromParcel(android.os.Parcel)>",
					"source":"CALLER"
				},
				{
					"trace":[
						"<android.os.Parcelable$Creator: java.lang.Object createFromParcel(android.os.Parcel)>",
						"<android.os.DropBoxManager$Entry: void <init>(java.lang.String,long,byte[],int)>"
					],
					"depth":1,
					"method":"<android.os.Parcelable$Creator: java.lang.Object createFromParcel(android.os.Parcel)>",
					"source":"CALLER"
				},
				{
					"trace":[
						"<android.os.DropBoxManager: void addData(java.lang.String,byte[],int)>",
						"<android.os.DropBoxManager$Entry: void <init>(java.lang.String,long,byte[],int)>"
					],
					"depth":1,
					"method":"<android.os.DropBoxManager: void addData(java.lang.String,byte[],int)>",
					"source":"CALLER"
				},
				{
					"trace":[
						"<android.os.DropBoxManager$Entry$1: java.lang.Object createFromParcel(android.os.Parcel)>",
						"<android.os.DropBoxManager$Entry$1: android.os.DropBoxManager$Entry createFromParcel(android.os.Parcel)>",
						"<android.os.DropBoxManager$Entry: void <init>(java.lang.String,long,byte[],int)>"
					],
					"depth":2,
					"method":"<android.os.DropBoxManager$Entry$1: java.lang.Object createFromParcel(android.os.Parcel)>",
					"source":"CALLER"
				},
				{
					"trace":[
						"<android.app.ActivityThread$DropBoxReporter: void addData(java.lang.String,byte[],int)>",
						"<android.os.DropBoxManager: void addData(java.lang.String,byte[],int)>",
						"<android.os.DropBoxManager$Entry: void <init>(java.lang.String,long,byte[],int)>"
					],
					"depth":2,
					"method":"<android.app.ActivityThread$DropBoxReporter: void addData(java.lang.String,byte[],int)>",
					"source":"CALLER"
				}
			],
			"callerOfSingnlar2SourceVar":{
				"<android.os.DropBoxManager$Entry: void <init>(java.lang.String,long,byte[],int)>":"0",
				"<android.app.ActivityThread$DropBoxReporter: void addData(java.lang.String,byte[],int)>":"0",
				"<android.os.DropBoxManager: void addData(java.lang.String,byte[],int)>":"0"
			}
		}
	]
}