{
	"exceptions":[
		{
			"method":"<android.app.LocalActivityManager: android.view.Window startActivity(java.lang.String,android.content.Intent)>",
			"message":"\\QActivities can't be added until the containing group has been created.\\E",
			"relatedVarType":"Field",
			"relatedCondType":"Basic",
			"modifier":"public",
			"type":"java.lang.IllegalStateException",
			"osVersionRelated":false,
			"resourceRelated":false,
			"assessRelated":false,
			"hardwareRelated":false,
			"manifestRelated":false,
			"conditions":"$i0 != 1",
			"fieldValues":"<android.app.LocalActivityManager: int mCurState>",
			"relatedValues":"; <android.app.LocalActivityManager: int mCurState>; ",
			"keyAPISameClassNum":9,
			"keyAPIDiffClassNum":15,
			"keyAPISameClass":[
				{
					"trace":[
						"<android.app.LocalActivityManager: android.view.Window startActivity(java.lang.String,android.content.Intent)>"
					],
					"depth":1,
					"method":"<android.app.LocalActivityManager: void <init>(android.app.Activity,boolean)>",
					"source":"FIELD"
				},
				{
					"trace":[
						"<android.app.LocalActivityManager: android.view.Window startActivity(java.lang.String,android.content.Intent)>"
					],
					"depth":1,
					"method":"<android.app.LocalActivityManager: void dispatchCreate(android.os.Bundle)>",
					"source":"FIELD"
				},
				{
					"trace":[
						"<android.app.LocalActivityManager: void dispatchDestroy(boolean)>",
						"<android.app.ActivityThread: android.app.ActivityThread$ActivityClientRecord performDestroyActivity(android.os.IBinder,boolean)>",
						"<android.app.ActivityThread: android.app.ActivityThread$ActivityClientRecord performDestroyActivity(android.os.IBinder,boolean,int,boolean)>",
						"<android.app.Instrumentation: void callActivityOnPause(android.app.Activity)>",
						"<android.app.Activity: void performPause()>",
						"<android.app.ActivityGroup: void onPause()>",
						"<android.app.LocalActivityManager: void dispatchPause(boolean)>",
						"key field: <android.app.LocalActivityManager: int mCurState>",
						"<android.app.LocalActivityManager: android.view.Window startActivity(java.lang.String,android.content.Intent)>"
					],
					"depth":7,
					"method":"<android.app.LocalActivityManager: void dispatchDestroy(boolean)>",
					"source":"FIELDCALLER"
				},
				{
					"trace":[
						"<android.app.LocalActivityManager: void dispatchStop()>",
						"<android.app.LocalActivityManager: void moveToState(android.app.LocalActivityManager$LocalActivityRecord,int)>",
						"<android.app.ActivityThread: android.app.Activity startActivityNow(android.app.Activity,java.lang.String,android.content.Intent,android.content.pm.ActivityInfo,android.os.IBinder,android.os.Bundle,android.app.Activity$NonConfigurationInstances)>",
						"<android.app.ActivityThread: android.app.Activity performLaunchActivity(android.app.ActivityThread$ActivityClientRecord,android.content.Intent)>",
						"<android.app.Instrumentation: void callActivityOnCreate(android.app.Activity,android.os.Bundle)>",
						"<android.app.Activity: void performCreate(android.os.Bundle)>",
						"<android.app.ActivityGroup: void onCreate(android.os.Bundle)>",
						"<android.app.LocalActivityManager: void dispatchCreate(android.os.Bundle)>",
						"key field: <android.app.LocalActivityManager: int mCurState>",
						"<android.app.LocalActivityManager: android.view.Window startActivity(java.lang.String,android.content.Intent)>"
					],
					"depth":8,
					"method":"<android.app.LocalActivityManager: void dispatchStop()>",
					"source":"FIELDCALLER"
				},
				{
					"trace":[
						"<android.app.LocalActivityManager: android.view.Window startActivity(java.lang.String,android.content.Intent)>",
						"<android.app.LocalActivityManager: void moveToState(android.app.LocalActivityManager$LocalActivityRecord,int)>",
						"<android.app.ActivityThread: android.app.Activity startActivityNow(android.app.Activity,java.lang.String,android.content.Intent,android.content.pm.ActivityInfo,android.os.IBinder,android.os.Bundle,android.app.Activity$NonConfigurationInstances)>",
						"<android.app.ActivityThread: android.app.Activity performLaunchActivity(android.app.ActivityThread$ActivityClientRecord,android.content.Intent)>",
						"<android.app.Instrumentation: void callActivityOnCreate(android.app.Activity,android.os.Bundle)>",
						"<android.app.Activity: void performCreate(android.os.Bundle)>",
						"<android.app.ActivityGroup: void onCreate(android.os.Bundle)>",
						"<android.app.LocalActivityManager: void dispatchCreate(android.os.Bundle)>",
						"key field: <android.app.LocalActivityManager: int mCurState>",
						"<android.app.LocalActivityManager: android.view.Window startActivity(java.lang.String,android.content.Intent)>"
					],
					"depth":8,
					"method":"<android.app.LocalActivityManager: android.view.Window startActivity(java.lang.String,android.content.Intent)>",
					"source":"FIELDCALLER"
				},
				{
					"trace":[
						"<android.app.LocalActivityManager: void dispatchResume()>",
						"<android.app.LocalActivityManager: void moveToState(android.app.LocalActivityManager$LocalActivityRecord,int)>",
						"<android.app.ActivityThread: android.app.Activity startActivityNow(android.app.Activity,java.lang.String,android.content.Intent,android.content.pm.ActivityInfo,android.os.IBinder,android.os.Bundle,android.app.Activity$NonConfigurationInstances)>",
						"<android.app.ActivityThread: android.app.Activity performLaunchActivity(android.app.ActivityThread$ActivityClientRecord,android.content.Intent)>",
						"<android.app.Instrumentation: void callActivityOnCreate(android.app.Activity,android.os.Bundle)>",
						"<android.app.Activity: void performCreate(android.os.Bundle)>",
						"<android.app.ActivityGroup: void onCreate(android.os.Bundle)>",
						"<android.app.LocalActivityManager: void dispatchCreate(android.os.Bundle)>",
						"key field: <android.app.LocalActivityManager: int mCurState>",
						"<android.app.LocalActivityManager: android.view.Window startActivity(java.lang.String,android.content.Intent)>"
					],
					"depth":8,
					"method":"<android.app.LocalActivityManager: void dispatchResume()>",
					"source":"FIELDCALLER"
				},
				{
					"trace":[
						"<android.app.LocalActivityManager: void dispatchPause(boolean)>",
						"<android.app.LocalActivityManager: void moveToState(android.app.LocalActivityManager$LocalActivityRecord,int)>",
						"<android.app.ActivityThread: android.app.Activity startActivityNow(android.app.Activity,java.lang.String,android.content.Intent,android.content.pm.ActivityInfo,android.os.IBinder,android.os.Bundle,android.app.Activity$NonConfigurationInstances)>",
						"<android.app.ActivityThread: android.app.Activity performLaunchActivity(android.app.ActivityThread$ActivityClientRecord,android.content.Intent)>",
						"<android.app.Instrumentation: void callActivityOnCreate(android.app.Activity,android.os.Bundle)>",
						"<android.app.Activity: void performCreate(android.os.Bundle)>",
						"<android.app.ActivityGroup: void onCreate(android.os.Bundle)>",
						"<android.app.LocalActivityManager: void dispatchCreate(android.os.Bundle)>",
						"key field: <android.app.LocalActivityManager: int mCurState>",
						"<android.app.LocalActivityManager: android.view.Window startActivity(java.lang.String,android.content.Intent)>"
					],
					"depth":8,
					"method":"<android.app.LocalActivityManager: void dispatchPause(boolean)>",
					"source":"FIELDCALLER"
				},
				{
					"trace":[
						"<android.app.LocalActivityManager: void removeAllActivities()>",
						"<android.app.LocalActivityManager: void dispatchDestroy(boolean)>",
						"<android.app.ActivityThread: android.app.ActivityThread$ActivityClientRecord performDestroyActivity(android.os.IBinder,boolean)>",
						"<android.app.ActivityThread: android.app.ActivityThread$ActivityClientRecord performDestroyActivity(android.os.IBinder,boolean,int,boolean)>",
						"<android.app.Instrumentation: void callActivityOnPause(android.app.Activity)>",
						"<android.app.Activity: void performPause()>",
						"<android.app.ActivityGroup: void onPause()>",
						"<android.app.LocalActivityManager: void dispatchPause(boolean)>",
						"key field: <android.app.LocalActivityManager: int mCurState>",
						"<android.app.LocalActivityManager: android.view.Window startActivity(java.lang.String,android.content.Intent)>"
					],
					"depth":8,
					"method":"<android.app.LocalActivityManager: void removeAllActivities()>",
					"source":"FIELDCALLER"
				},
				{
					"trace":[
						"<android.app.LocalActivityManager: android.view.Window destroyActivity(java.lang.String,boolean)>",
						"<android.app.LocalActivityManager: android.view.Window performDestroy(android.app.LocalActivityManager$LocalActivityRecord,boolean)>",
						"<android.app.ActivityThread: android.app.ActivityThread$ActivityClientRecord performDestroyActivity(android.os.IBinder,boolean)>",
						"<android.app.ActivityThread: android.app.ActivityThread$ActivityClientRecord performDestroyActivity(android.os.IBinder,boolean,int,boolean)>",
						"<android.app.Instrumentation: void callActivityOnPause(android.app.Activity)>",
						"<android.app.Activity: void performPause()>",
						"<android.app.ActivityGroup: void onPause()>",
						"<android.app.LocalActivityManager: void dispatchPause(boolean)>",
						"key field: <android.app.LocalActivityManager: int mCurState>",
						"<android.app.LocalActivityManager: android.view.Window startActivity(java.lang.String,android.content.Intent)>"
					],
					"depth":8,
					"method":"<android.app.LocalActivityManager: android.view.Window destroyActivity(java.lang.String,boolean)>",
					"source":"FIELDCALLER"
				}
			],
			"keyAPIDiffClass":[
				{
					"trace":[
						"<android.app.ActivityGroup: void <init>(boolean)>",
						"<android.app.LocalActivityManager: void <init>(android.app.Activity,boolean)>",
						"key field: <android.app.LocalActivityManager: int mCurState>",
						"<android.app.LocalActivityManager: android.view.Window startActivity(java.lang.String,android.content.Intent)>"
					],
					"depth":2,
					"method":"<android.app.ActivityGroup: void <init>(boolean)>",
					"source":"FIELDCALLER"
				},
				{
					"trace":[
						"<android.app.ActivityGroup: void <init>()>",
						"<android.app.ActivityGroup: void <init>(boolean)>",
						"<android.app.LocalActivityManager: void <init>(android.app.Activity,boolean)>",
						"key field: <android.app.LocalActivityManager: int mCurState>",
						"<android.app.LocalActivityManager: android.view.Window startActivity(java.lang.String,android.content.Intent)>"
					],
					"depth":3,
					"method":"<android.app.ActivityGroup: void <init>()>",
					"source":"FIELDCALLER"
				},
				{
					"trace":[
						"<android.app.Instrumentation: void callActivityOnResume(android.app.Activity)>",
						"<android.app.ActivityGroup: void onResume()>",
						"<android.app.LocalActivityManager: void dispatchResume()>",
						"key field: <android.app.LocalActivityManager: int mCurState>",
						"<android.app.LocalActivityManager: android.view.Window startActivity(java.lang.String,android.content.Intent)>"
					],
					"depth":3,
					"method":"<android.app.Instrumentation: void callActivityOnResume(android.app.Activity)>",
					"source":"FIELDCALLER"
				},
				{
					"trace":[
						"<android.app.Instrumentation: void callActivityOnStop(android.app.Activity)>",
						"<android.app.ActivityGroup: void onStop()>",
						"<android.app.LocalActivityManager: void dispatchStop()>",
						"key field: <android.app.LocalActivityManager: int mCurState>",
						"<android.app.LocalActivityManager: android.view.Window startActivity(java.lang.String,android.content.Intent)>"
					],
					"depth":3,
					"method":"<android.app.Instrumentation: void callActivityOnStop(android.app.Activity)>",
					"source":"FIELDCALLER"
				},
				{
					"trace":[
						"<android.app.TabActivity: void <init>()>",
						"<android.app.ActivityGroup: void <init>()>",
						"<android.app.ActivityGroup: void <init>(boolean)>",
						"<android.app.LocalActivityManager: void <init>(android.app.Activity,boolean)>",
						"key field: <android.app.LocalActivityManager: int mCurState>",
						"<android.app.LocalActivityManager: android.view.Window startActivity(java.lang.String,android.content.Intent)>"
					],
					"depth":4,
					"method":"<android.app.TabActivity: void <init>()>",
					"source":"FIELDCALLER"
				},
				{
					"trace":[
						"<android.app.Instrumentation: void callActivityOnCreate(android.app.Activity,android.os.Bundle)>",
						"<android.app.Activity: void performCreate(android.os.Bundle)>",
						"<android.app.ActivityGroup: void onCreate(android.os.Bundle)>",
						"<android.app.LocalActivityManager: void dispatchCreate(android.os.Bundle)>",
						"key field: <android.app.LocalActivityManager: int mCurState>",
						"<android.app.LocalActivityManager: android.view.Window startActivity(java.lang.String,android.content.Intent)>"
					],
					"depth":4,
					"method":"<android.app.Instrumentation: void callActivityOnCreate(android.app.Activity,android.os.Bundle)>",
					"source":"FIELDCALLER"
				},
				{
					"trace":[
						"<android.app.Instrumentation: void callActivityOnPause(android.app.Activity)>",
						"<android.app.Activity: void performPause()>",
						"<android.app.ActivityGroup: void onPause()>",
						"<android.app.LocalActivityManager: void dispatchPause(boolean)>",
						"key field: <android.app.LocalActivityManager: int mCurState>",
						"<android.app.LocalActivityManager: android.view.Window startActivity(java.lang.String,android.content.Intent)>"
					],
					"depth":4,
					"method":"<android.app.Instrumentation: void callActivityOnPause(android.app.Activity)>",
					"source":"FIELDCALLER"
				},
				{
					"trace":[
						"<android.app.ActivityThread: void performNewIntents(android.os.IBinder,java.util.List)>",
						"<android.app.Instrumentation: void callActivityOnPause(android.app.Activity)>",
						"<android.app.Activity: void performPause()>",
						"<android.app.ActivityGroup: void onPause()>",
						"<android.app.LocalActivityManager: void dispatchPause(boolean)>",
						"key field: <android.app.LocalActivityManager: int mCurState>",
						"<android.app.LocalActivityManager: android.view.Window startActivity(java.lang.String,android.content.Intent)>"
					],
					"depth":5,
					"method":"<android.app.ActivityThread: void performNewIntents(android.os.IBinder,java.util.List)>",
					"source":"FIELDCALLER"
				},
				{
					"trace":[
						"<android.app.ActivityThread: android.app.ActivityThread$ActivityClientRecord performResumeActivity(android.os.IBinder,boolean)>",
						"<android.app.Activity: void performResume()>",
						"<android.app.Instrumentation: void callActivityOnResume(android.app.Activity)>",
						"<android.app.ActivityGroup: void onResume()>",
						"<android.app.LocalActivityManager: void dispatchResume()>",
						"key field: <android.app.LocalActivityManager: int mCurState>",
						"<android.app.LocalActivityManager: android.view.Window startActivity(java.lang.String,android.content.Intent)>"
					],
					"depth":5,
					"method":"<android.app.ActivityThread: android.app.ActivityThread$ActivityClientRecord performResumeActivity(android.os.IBinder,boolean)>",
					"source":"FIELDCALLER"
				},
				{
					"trace":[
						"<android.app.ActivityThread: android.app.Activity startActivityNow(android.app.Activity,java.lang.String,android.content.Intent,android.content.pm.ActivityInfo,android.os.IBinder,android.os.Bundle,android.app.Activity$NonConfigurationInstances)>",
						"<android.app.ActivityThread: android.app.Activity performLaunchActivity(android.app.ActivityThread$ActivityClientRecord,android.content.Intent)>",
						"<android.app.Instrumentation: void callActivityOnCreate(android.app.Activity,android.os.Bundle)>",
						"<android.app.Activity: void performCreate(android.os.Bundle)>",
						"<android.app.ActivityGroup: void onCreate(android.os.Bundle)>",
						"<android.app.LocalActivityManager: void dispatchCreate(android.os.Bundle)>",
						"key field: <android.app.LocalActivityManager: int mCurState>",
						"<android.app.LocalActivityManager: android.view.Window startActivity(java.lang.String,android.content.Intent)>"
					],
					"depth":6,
					"method":"<android.app.ActivityThread: android.app.Activity startActivityNow(android.app.Activity,java.lang.String,android.content.Intent,android.content.pm.ActivityInfo,android.os.IBinder,android.os.Bundle,android.app.Activity$NonConfigurationInstances)>",
					"source":"FIELDCALLER"
				},
				{
					"trace":[
						"<android.app.ActivityThread: android.app.ActivityThread$ActivityClientRecord performDestroyActivity(android.os.IBinder,boolean)>",
						"<android.app.ActivityThread: android.app.ActivityThread$ActivityClientRecord performDestroyActivity(android.os.IBinder,boolean,int,boolean)>",
						"<android.app.Instrumentation: void callActivityOnPause(android.app.Activity)>",
						"<android.app.Activity: void performPause()>",
						"<android.app.ActivityGroup: void onPause()>",
						"<android.app.LocalActivityManager: void dispatchPause(boolean)>",
						"key field: <android.app.LocalActivityManager: int mCurState>",
						"<android.app.LocalActivityManager: android.view.Window startActivity(java.lang.String,android.content.Intent)>"
					],
					"depth":6,
					"method":"<android.app.ActivityThread: android.app.ActivityThread$ActivityClientRecord performDestroyActivity(android.os.IBinder,boolean)>",
					"source":"FIELDCALLER"
				},
				{
					"trace":[
						"<android.app.ActivityThread$H: void handleMessage(android.os.Message)>",
						"<android.app.ActivityThread: void access$600(android.app.ActivityThread,android.app.ActivityThread$ActivityClientRecord,android.content.Intent)>",
						"<android.app.ActivityThread: void handleLaunchActivity(android.app.ActivityThread$ActivityClientRecord,android.content.Intent)>",
						"<android.app.ActivityThread: android.app.Activity performLaunchActivity(android.app.ActivityThread$ActivityClientRecord,android.content.Intent)>",
						"<android.app.Instrumentation: void callActivityOnCreate(android.app.Activity,android.os.Bundle)>",
						"<android.app.Activity: void performCreate(android.os.Bundle)>",
						"<android.app.ActivityGroup: void onCreate(android.os.Bundle)>",
						"<android.app.LocalActivityManager: void dispatchCreate(android.os.Bundle)>",
						"key field: <android.app.LocalActivityManager: int mCurState>",
						"<android.app.LocalActivityManager: android.view.Window startActivity(java.lang.String,android.content.Intent)>"
					],
					"depth":8,
					"method":"<android.app.ActivityThread$H: void handleMessage(android.os.Message)>",
					"source":"FIELDCALLER"
				},
				{
					"trace":[
						"<android.app.WallpaperManager$Globals: void onWallpaperChanged()>",
						"<android.app.ActivityThread$H: void handleMessage(android.os.Message)>",
						"<android.app.ActivityThread: void access$1100(android.app.ActivityThread,android.app.ActivityThread$ResultData)>",
						"<android.app.ActivityThread: void handleSendResult(android.app.ActivityThread$ResultData)>",
						"<android.app.Instrumentation: void callActivityOnPause(android.app.Activity)>",
						"<android.app.Activity: void performPause()>",
						"<android.app.ActivityGroup: void onPause()>",
						"<android.app.LocalActivityManager: void dispatchPause(boolean)>",
						"key field: <android.app.LocalActivityManager: int mCurState>",
						"<android.app.LocalActivityManager: android.view.Window startActivity(java.lang.String,android.content.Intent)>"
					],
					"depth":8,
					"method":"<android.app.WallpaperManager$Globals: void onWallpaperChanged()>",
					"source":"FIELDCALLER"
				},
				{
					"trace":[
						"<android.widget.Filter$RequestHandler: void handleMessage(android.os.Message)>",
						"<android.app.ActivityThread$H: void handleMessage(android.os.Message)>",
						"<android.app.ActivityThread: void access$1100(android.app.ActivityThread,android.app.ActivityThread$ResultData)>",
						"<android.app.ActivityThread: void handleSendResult(android.app.ActivityThread$ResultData)>",
						"<android.app.Instrumentation: void callActivityOnPause(android.app.Activity)>",
						"<android.app.Activity: void performPause()>",
						"<android.app.ActivityGroup: void onPause()>",
						"<android.app.LocalActivityManager: void dispatchPause(boolean)>",
						"key field: <android.app.LocalActivityManager: int mCurState>",
						"<android.app.LocalActivityManager: android.view.Window startActivity(java.lang.String,android.content.Intent)>"
					],
					"depth":8,
					"method":"<android.widget.Filter$RequestHandler: void handleMessage(android.os.Message)>",
					"source":"FIELDCALLER"
				},
				{
					"trace":[
						"<android.webkit.WebCoreThreadWatchdog$1: void handleMessage(android.os.Message)>",
						"<android.app.ActivityThread$H: void handleMessage(android.os.Message)>",
						"<android.app.ActivityThread: void access$1100(android.app.ActivityThread,android.app.ActivityThread$ResultData)>",
						"<android.app.ActivityThread: void handleSendResult(android.app.ActivityThread$ResultData)>",
						"<android.app.Instrumentation: void callActivityOnPause(android.app.Activity)>",
						"<android.app.Activity: void performPause()>",
						"<android.app.ActivityGroup: void onPause()>",
						"<android.app.LocalActivityManager: void dispatchPause(boolean)>",
						"key field: <android.app.LocalActivityManager: int mCurState>",
						"<android.app.LocalActivityManager: android.view.Window startActivity(java.lang.String,android.content.Intent)>"
					],
					"depth":8,
					"method":"<android.webkit.WebCoreThreadWatchdog$1: void handleMessage(android.os.Message)>",
					"source":"FIELDCALLER"
				}
			],
			"callerOfSingnlar2SourceVar":{}
		}
	]
}