{
	"exceptions":[
		{
			"method":"<android.graphics.RegionIterator: boolean next(android.graphics.Rect)>",
			"message":"\\QThe Rect must be provided\\E",
			"relatedVarType":"Parameter",
			"relatedCondType":"Basic",
			"modifier":"public",
			"type":"java.lang.NullPointerException",
			"osVersionRelated":false,
			"resourceRelated":false,
			"assessRelated":false,
			"hardwareRelated":false,
			"manifestRelated":false,
			"conditions":"r0 != null",
			"paramValues":"@parameter0: android.graphics.Rect",
			"relatedValues":"@parameter0: android.graphics.Rect; ; ",
			"keyAPISameClassNum":0,
			"keyAPIDiffClassNum":0,
			"keyAPISameClass":[
				{
					"trace":[
						"<android.graphics.RegionIterator: boolean next(android.graphics.Rect)>"
					],
					"depth":0,
					"method":"<android.graphics.RegionIterator: boolean next(android.graphics.Rect)>",
					"source":"CALLER"
				}
			],
			"keyAPIDiffClass":[
				{
					"trace":[
						"<android.graphics.drawable.Drawable: void draw(android.graphics.Canvas)>",
						"<android.graphics.RegionIterator: boolean next(android.graphics.Rect)>"
					],
					"depth":1,
					"method":"<android.graphics.drawable.Drawable: void draw(android.graphics.Canvas)>",
					"source":"CALLER"
				}
			],
			"callerOfSingnlar2SourceVar":{
				"<android.graphics.RegionIterator: boolean next(android.graphics.Rect)>":"0"
			}
		}
	]
}