{
	"exceptions":[
		{
			"method":"<android.media.videoeditor.OverlayFrame: void generateOverlayWithRenderingMode(android.media.videoeditor.MediaItem,android.media.videoeditor.OverlayFrame,int,int)>",
			"message":"\\QRendering mode: \\E[\\s\\S]*",
			"relatedVarType":"Parameter",
			"relatedCondType":"Basic",
			"modifier":"default",
			"type":"java.lang.IllegalStateException",
			"osVersionRelated":false,
			"resourceRelated":false,
			"assessRelated":false,
			"hardwareRelated":false,
			"manifestRelated":false,
			"conditions":"i0, i52 != i1, i51 != 0",
			"paramValues":"@parameter0: android.media.videoeditor.MediaItem, @parameter1: android.media.videoeditor.OverlayFrame, @parameter3: int",
			"relatedValues":"@parameter0: android.media.videoeditor.MediaItem, @parameter1: android.media.videoeditor.OverlayFrame, @parameter3: int; ; ",
			"keyAPISameClassNum":0,
			"keyAPIDiffClassNum":0,
			"keyAPISameClass":[
				{
					"trace":[
						"<android.media.videoeditor.OverlayFrame: void generateOverlayWithRenderingMode(android.media.videoeditor.MediaItem,android.media.videoeditor.OverlayFrame,int,int)>"
					],
					"depth":0,
					"method":"<android.media.videoeditor.OverlayFrame: void generateOverlayWithRenderingMode(android.media.videoeditor.MediaItem,android.media.videoeditor.OverlayFrame,int,int)>",
					"source":"CALLER"
				}
			],
			"keyAPIDiffClass":[],
			"callerOfSingnlar2SourceVar":{
				"<android.media.videoeditor.OverlayFrame: java.lang.String save(java.lang.String)>":"-1",
				"<android.media.videoeditor.OverlayFrame: void generateOverlayWithRenderingMode(android.media.videoeditor.MediaItem,android.media.videoeditor.OverlayFrame,int,int)>":"0, 1, 3"
			}
		}
	]
}