{
	"exceptions":[
		{
			"method":"<android.os.MemoryFile: int readBytes(byte[],int,int,int)>",
			"message":"[\\s\\S]*",
			"relatedVarType":"Parameter",
			"relatedCondType":"Basic",
			"modifier":"public",
			"type":"java.lang.IndexOutOfBoundsException",
			"osVersionRelated":false,
			"resourceRelated":false,
			"assessRelated":false,
			"hardwareRelated":false,
			"manifestRelated":false,
			"conditions":"i0 < 0, $z0 == 0, i0 > $i1",
			"paramValues":"@parameter2: int, @parameter0: byte[]",
			"relatedValues":"@parameter2: int, @parameter0: byte[]; ; ",
			"keyAPISameClassNum":0,
			"keyAPIDiffClassNum":0,
			"keyAPISameClass":[
				{
					"trace":[
						"<android.os.MemoryFile: int readBytes(byte[],int,int,int)>"
					],
					"depth":0,
					"method":"<android.os.MemoryFile: int readBytes(byte[],int,int,int)>",
					"source":"CALLER"
				}
			],
			"keyAPIDiffClass":[
				{
					"trace":[
						"<android.os.MemoryFile$MemoryInputStream: int read(byte[],int,int)>",
						"<android.os.MemoryFile: int readBytes(byte[],int,int,int)>"
					],
					"depth":1,
					"method":"<android.os.MemoryFile$MemoryInputStream: int read(byte[],int,int)>",
					"source":"CALLER"
				}
			],
			"callerOfSingnlar2SourceVar":{
				"<android.os.MemoryFile$MemoryInputStream: int read(byte[],int,int)>":"1, 0",
				"<android.os.MemoryFile: int readBytes(byte[],int,int,int)>":"2, 0"
			}
		},
		{
			"method":"<android.os.MemoryFile: int readBytes(byte[],int,int,int)>",
			"message":"\\QCan't read from deactivated memory file.\\E",
			"relatedVarType":"Unknown",
			"relatedCondType":"Basic",
			"modifier":"public",
			"type":"java.io.IOException",
			"osVersionRelated":false,
			"resourceRelated":false,
			"assessRelated":false,
			"hardwareRelated":false,
			"manifestRelated":false,
			"conditions":"$z0 == 0",
			"keyAPISameClassNum":0,
			"keyAPIDiffClassNum":0,
			"keyAPISameClass":[],
			"keyAPIDiffClass":[],
			"callerOfSingnlar2SourceVar":{}
		},
		{
			"method":"<android.os.MemoryFile: void writeBytes(byte[],int,int,int)>",
			"message":"\\QCan't write to deactivated memory file.\\E",
			"relatedVarType":"Unknown",
			"relatedCondType":"Basic",
			"modifier":"public",
			"type":"java.io.IOException",
			"osVersionRelated":false,
			"resourceRelated":false,
			"assessRelated":false,
			"hardwareRelated":false,
			"manifestRelated":false,
			"conditions":"$z0 == 0",
			"keyAPISameClassNum":0,
			"keyAPIDiffClassNum":0,
			"keyAPISameClass":[],
			"keyAPIDiffClass":[],
			"callerOfSingnlar2SourceVar":{}
		},
		{
			"method":"<android.os.MemoryFile: void writeBytes(byte[],int,int,int)>",
			"message":"[\\s\\S]*",
			"relatedVarType":"Parameter",
			"relatedCondType":"Basic",
			"modifier":"public",
			"type":"java.lang.IndexOutOfBoundsException",
			"osVersionRelated":false,
			"resourceRelated":false,
			"assessRelated":false,
			"hardwareRelated":false,
			"manifestRelated":false,
			"conditions":"i0 < 0, $z0 == 0, i0 > $i1",
			"paramValues":"@parameter1: int, @parameter0: byte[]",
			"relatedValues":"@parameter1: int, @parameter0: byte[]; ; ",
			"keyAPISameClassNum":0,
			"keyAPIDiffClassNum":0,
			"keyAPISameClass":[
				{
					"trace":[
						"<android.os.MemoryFile: void writeBytes(byte[],int,int,int)>"
					],
					"depth":0,
					"method":"<android.os.MemoryFile: void writeBytes(byte[],int,int,int)>",
					"source":"CALLER"
				}
			],
			"keyAPIDiffClass":[
				{
					"trace":[
						"<android.os.MemoryFile$MemoryOutputStream: void write(byte[],int,int)>",
						"<android.os.MemoryFile: void writeBytes(byte[],int,int,int)>"
					],
					"depth":1,
					"method":"<android.os.MemoryFile$MemoryOutputStream: void write(byte[],int,int)>",
					"source":"CALLER"
				},
				{
					"trace":[
						"<android.os.ParcelFileDescriptor: android.os.ParcelFileDescriptor fromData(byte[],java.lang.String)>",
						"<android.os.MemoryFile: void writeBytes(byte[],int,int,int)>"
					],
					"depth":1,
					"method":"<android.os.ParcelFileDescriptor: android.os.ParcelFileDescriptor fromData(byte[],java.lang.String)>",
					"source":"CALLER"
				}
			],
			"callerOfSingnlar2SourceVar":{
				"<android.os.ParcelFileDescriptor: android.os.ParcelFileDescriptor fromData(byte[],java.lang.String)>":"0",
				"<android.os.MemoryFile: void writeBytes(byte[],int,int,int)>":"1, 0",
				"<android.os.MemoryFile$MemoryOutputStream: void write(byte[],int,int)>":"1, 0"
			}
		}
	]
}