{
	"exceptions":[
		{
			"method":"<android.filterpacks.videoproc.BackDropperFilter: boolean createMemoryFormat(android.filterfw.core.FrameFormat)>",
			"message":"\\QAttempting to process input frame with unknown size\\E",
			"relatedVarType":"ParaAndField",
			"relatedCondType":"Basic",
			"modifier":"private",
			"type":"java.lang.RuntimeException",
			"osVersionRelated":false,
			"resourceRelated":false,
			"assessRelated":false,
			"hardwareRelated":false,
			"manifestRelated":false,
			"conditions":"$i0 == 0, $r1 == null, $i1 != 0",
			"paramValues":"@parameter0: android.filterfw.core.FrameFormat",
			"fieldValues":"<android.filterpacks.videoproc.BackDropperFilter: android.filterfw.core.MutableFrameFormat mMemoryFormat>",
			"relatedValues":"@parameter0: android.filterfw.core.FrameFormat; <android.filterpacks.videoproc.BackDropperFilter: android.filterfw.core.MutableFrameFormat mMemoryFormat>; ",
			"keyAPISameClassNum":2,
			"keyAPIDiffClassNum":0,
			"keyAPISameClass":[
				{
					"trace":[
						"<android.filterpacks.videoproc.BackDropperFilter: boolean createMemoryFormat(android.filterfw.core.FrameFormat)>"
					],
					"depth":1,
					"method":"<android.filterpacks.videoproc.BackDropperFilter: void close(android.filterfw.core.FilterContext)>",
					"source":"FIELD"
				},
				{
					"trace":[
						"<android.filterpacks.videoproc.BackDropperFilter: void process(android.filterfw.core.FilterContext)>",
						"<android.filterpacks.videoproc.BackDropperFilter: void allocateFrames(android.filterfw.core.FrameFormat,android.filterfw.core.FilterContext)>",
						"key field: <android.filterpacks.videoproc.BackDropperFilter: android.filterfw.core.MutableFrameFormat mMemoryFormat>",
						"<android.filterpacks.videoproc.BackDropperFilter: boolean createMemoryFormat(android.filterfw.core.FrameFormat)>"
					],
					"depth":2,
					"method":"<android.filterpacks.videoproc.BackDropperFilter: void process(android.filterfw.core.FilterContext)>",
					"source":"FIELDCALLER"
				}
			],
			"keyAPIDiffClass":[],
			"callerOfSingnlar2SourceVar":{
				"<android.filterpacks.videoproc.BackDropperFilter: void allocateFrames(android.filterfw.core.FrameFormat,android.filterfw.core.FilterContext)>":"0",
				"<android.filterpacks.videoproc.BackDropperFilter: boolean createMemoryFormat(android.filterfw.core.FrameFormat)>":"0"
			}
		}
	]
}