{
	"exceptions":[
		{
			"method":"<android.content.ClipData: void <init>(android.content.ClipDescription,android.content.ClipData$Item)>",
			"message":"\\Qitem is null\\E",
			"relatedVarType":"Parameter",
			"relatedCondType":"Basic",
			"modifier":"public",
			"type":"java.lang.NullPointerException",
			"osVersionRelated":false,
			"resourceRelated":false,
			"assessRelated":false,
			"hardwareRelated":false,
			"manifestRelated":false,
			"conditions":"r2 != null",
			"paramValues":"@parameter1: android.content.ClipData$Item",
			"relatedValues":"@parameter1: android.content.ClipData$Item; ; ",
			"keyAPISameClassNum":0,
			"keyAPIDiffClassNum":0,
			"keyAPISameClass":[
				{
					"trace":[
						"<android.content.ClipData: void <init>(android.content.ClipDescription,android.content.ClipData$Item)>"
					],
					"depth":0,
					"method":"<android.content.ClipData: void <init>(android.content.ClipDescription,android.content.ClipData$Item)>",
					"source":"CALLER"
				}
			],
			"keyAPIDiffClass":[],
			"callerOfSingnlar2SourceVar":{
				"<android.content.ClipData: void <init>(android.content.ClipDescription,android.content.ClipData$Item)>":"1"
			}
		},
		{
			"method":"<android.content.ClipData: void <init>(java.lang.CharSequence,java.lang.String[],android.content.ClipData$Item)>",
			"message":"\\Qitem is null\\E",
			"relatedVarType":"Parameter",
			"relatedCondType":"Basic",
			"modifier":"public",
			"type":"java.lang.NullPointerException",
			"osVersionRelated":false,
			"resourceRelated":false,
			"assessRelated":false,
			"hardwareRelated":false,
			"manifestRelated":false,
			"conditions":"r4 != null",
			"paramValues":"@parameter2: android.content.ClipData$Item",
			"relatedValues":"@parameter2: android.content.ClipData$Item; ; ",
			"keyAPISameClassNum":0,
			"keyAPIDiffClassNum":0,
			"keyAPISameClass":[
				{
					"trace":[
						"<android.content.ClipData: void <init>(java.lang.CharSequence,java.lang.String[],android.content.ClipData$Item)>"
					],
					"depth":0,
					"method":"<android.content.ClipData: void <init>(java.lang.CharSequence,java.lang.String[],android.content.ClipData$Item)>",
					"source":"CALLER"
				},
				{
					"trace":[
						"<android.content.ClipData: android.content.ClipData newPlainText(java.lang.CharSequence,java.lang.CharSequence)>",
						"<android.content.ClipData: void <init>(java.lang.CharSequence,java.lang.String[],android.content.ClipData$Item)>"
					],
					"depth":1,
					"method":"<android.content.ClipData: android.content.ClipData newPlainText(java.lang.CharSequence,java.lang.CharSequence)>",
					"source":"CALLER"
				},
				{
					"trace":[
						"<android.content.ClipData: android.content.ClipData newUri(android.content.ContentResolver,java.lang.CharSequence,android.net.Uri)>",
						"<android.content.ClipData: void <init>(java.lang.CharSequence,java.lang.String[],android.content.ClipData$Item)>"
					],
					"depth":1,
					"method":"<android.content.ClipData: android.content.ClipData newUri(android.content.ContentResolver,java.lang.CharSequence,android.net.Uri)>",
					"source":"CALLER"
				},
				{
					"trace":[
						"<android.content.ClipData: android.content.ClipData newRawUri(java.lang.CharSequence,android.net.Uri)>",
						"<android.content.ClipData: void <init>(java.lang.CharSequence,java.lang.String[],android.content.ClipData$Item)>"
					],
					"depth":1,
					"method":"<android.content.ClipData: android.content.ClipData newRawUri(java.lang.CharSequence,android.net.Uri)>",
					"source":"CALLER"
				},
				{
					"trace":[
						"<android.content.ClipData: android.content.ClipData newIntent(java.lang.CharSequence,android.content.Intent)>",
						"<android.content.ClipData: void <init>(java.lang.CharSequence,java.lang.String[],android.content.ClipData$Item)>"
					],
					"depth":1,
					"method":"<android.content.ClipData: android.content.ClipData newIntent(java.lang.CharSequence,android.content.Intent)>",
					"source":"CALLER"
				},
				{
					"trace":[
						"<android.content.ClipData: android.content.ClipData newHtmlText(java.lang.CharSequence,java.lang.CharSequence,java.lang.String)>",
						"<android.content.ClipData: void <init>(java.lang.CharSequence,java.lang.String[],android.content.ClipData$Item)>"
					],
					"depth":1,
					"method":"<android.content.ClipData: android.content.ClipData newHtmlText(java.lang.CharSequence,java.lang.CharSequence,java.lang.String)>",
					"source":"CALLER"
				}
			],
			"keyAPIDiffClass":[
				{
					"trace":[
						"<android.content.Intent: android.content.Intent createChooser(android.content.Intent,java.lang.CharSequence)>",
						"<android.content.ClipData: void <init>(java.lang.CharSequence,java.lang.String[],android.content.ClipData$Item)>"
					],
					"depth":1,
					"method":"<android.content.Intent: android.content.Intent createChooser(android.content.Intent,java.lang.CharSequence)>",
					"source":"CALLER"
				},
				{
					"trace":[
						"<android.content.ClipboardManager: void setText(java.lang.CharSequence)>",
						"<android.content.ClipData: android.content.ClipData newPlainText(java.lang.CharSequence,java.lang.CharSequence)>",
						"<android.content.ClipData: void <init>(java.lang.CharSequence,java.lang.String[],android.content.ClipData$Item)>"
					],
					"depth":2,
					"method":"<android.content.ClipboardManager: void setText(java.lang.CharSequence)>",
					"source":"CALLER"
				}
			],
			"callerOfSingnlar2SourceVar":{
				"<android.content.ClipData: void <init>(java.lang.CharSequence,java.lang.String[],android.content.ClipData$Item)>":"2"
			}
		},
		{
			"method":"<android.content.ClipData: void addItem(android.content.ClipData$Item)>",
			"message":"\\Qitem is null\\E",
			"relatedVarType":"Parameter",
			"relatedCondType":"Basic",
			"modifier":"public",
			"type":"java.lang.NullPointerException",
			"osVersionRelated":false,
			"resourceRelated":false,
			"assessRelated":false,
			"hardwareRelated":false,
			"manifestRelated":false,
			"conditions":"r0 != null",
			"paramValues":"@parameter0: android.content.ClipData$Item",
			"relatedValues":"@parameter0: android.content.ClipData$Item; ; ",
			"keyAPISameClassNum":0,
			"keyAPIDiffClassNum":0,
			"keyAPISameClass":[
				{
					"trace":[
						"<android.content.ClipData: void addItem(android.content.ClipData$Item)>"
					],
					"depth":0,
					"method":"<android.content.ClipData: void addItem(android.content.ClipData$Item)>",
					"source":"CALLER"
				}
			],
			"keyAPIDiffClass":[],
			"callerOfSingnlar2SourceVar":{
				"<android.content.ClipData: void addItem(android.content.ClipData$Item)>":"0"
			}
		}
	]
}