{
	"exceptions":[
		{
			"method":"<android.filterfw.core.ProgramVariable: java.lang.Object getValue()>",
			"message":"\\QAttempting to get program variable '\\E[\\s\\S]*\\Q' but the program is null!\\E",
			"relatedVarType":"Field",
			"relatedCondType":"Basic",
			"modifier":"public",
			"type":"java.lang.RuntimeException",
			"osVersionRelated":false,
			"resourceRelated":false,
			"assessRelated":false,
			"hardwareRelated":false,
			"manifestRelated":false,
			"conditions":"$r1 != null",
			"fieldValues":"<android.filterfw.core.ProgramVariable: android.filterfw.core.Program mProgram>",
			"relatedValues":"; <android.filterfw.core.ProgramVariable: android.filterfw.core.Program mProgram>; ",
			"keyAPISameClassNum":3,
			"keyAPIDiffClassNum":0,
			"keyAPISameClass":[
				{
					"trace":[
						"<android.filterfw.core.ProgramVariable: java.lang.Object getValue()>"
					],
					"depth":1,
					"method":"<android.filterfw.core.ProgramVariable: void <init>(android.filterfw.core.Program,java.lang.String)>",
					"source":"FIELD"
				},
				{
					"trace":[
						"<android.filterfw.core.ProgramVariable: java.lang.Object getValue()>"
					],
					"depth":1,
					"method":"<android.filterfw.core.ProgramVariable: java.lang.Object getValue()>",
					"source":"FIELD"
				},
				{
					"trace":[
						"<android.filterfw.core.ProgramVariable: java.lang.Object getValue()>"
					],
					"depth":1,
					"method":"<android.filterfw.core.ProgramVariable: void setValue(java.lang.Object)>",
					"source":"FIELD"
				}
			],
			"keyAPIDiffClass":[],
			"callerOfSingnlar2SourceVar":{}
		},
		{
			"method":"<android.filterfw.core.ProgramVariable: void setValue(java.lang.Object)>",
			"message":"\\QAttempting to set program variable '\\E[\\s\\S]*\\Q' but the program is null!\\E",
			"relatedVarType":"Field",
			"relatedCondType":"Basic",
			"modifier":"public",
			"type":"java.lang.RuntimeException",
			"osVersionRelated":false,
			"resourceRelated":false,
			"assessRelated":false,
			"hardwareRelated":false,
			"manifestRelated":false,
			"conditions":"$r1 != null",
			"fieldValues":"<android.filterfw.core.ProgramVariable: android.filterfw.core.Program mProgram>",
			"relatedValues":"; <android.filterfw.core.ProgramVariable: android.filterfw.core.Program mProgram>; ",
			"keyAPISameClassNum":3,
			"keyAPIDiffClassNum":0,
			"keyAPISameClass":[
				{
					"trace":[
						"<android.filterfw.core.ProgramVariable: void setValue(java.lang.Object)>"
					],
					"depth":1,
					"method":"<android.filterfw.core.ProgramVariable: void <init>(android.filterfw.core.Program,java.lang.String)>",
					"source":"FIELD"
				},
				{
					"trace":[
						"<android.filterfw.core.ProgramVariable: void setValue(java.lang.Object)>"
					],
					"depth":1,
					"method":"<android.filterfw.core.ProgramVariable: java.lang.Object getValue()>",
					"source":"FIELD"
				},
				{
					"trace":[
						"<android.filterfw.core.ProgramVariable: void setValue(java.lang.Object)>"
					],
					"depth":1,
					"method":"<android.filterfw.core.ProgramVariable: void setValue(java.lang.Object)>",
					"source":"FIELD"
				}
			],
			"keyAPIDiffClass":[],
			"callerOfSingnlar2SourceVar":{}
		}
	]
}