{
	"exceptions":[
		{
			"method":"<android.appwidget.AppWidgetHost: int allocateAppWidgetIdForSystem(int,int)>",
			"message":"\\Qsystem server dead?\\E",
			"relatedVarType":"Field",
			"relatedCondType":"Basic",
			"modifier":"public",
			"type":"java.lang.RuntimeException",
			"osVersionRelated":false,
			"resourceRelated":false,
			"assessRelated":false,
			"hardwareRelated":false,
			"manifestRelated":false,
			"conditions":"$r0 != null",
			"fieldValues":"<android.appwidget.AppWidgetHost: com.android.internal.appwidget.IAppWidgetService sService>",
			"caughtValues":"@caughtexception",
			"relatedValues":"; <android.appwidget.AppWidgetHost: com.android.internal.appwidget.IAppWidgetService sService>; @caughtexception",
			"keyAPISameClassNum":13,
			"keyAPIDiffClassNum":0,
			"keyAPISameClass":[
				{
					"trace":[
						"<android.appwidget.AppWidgetHost: int allocateAppWidgetIdForSystem(int,int)>"
					],
					"depth":1,
					"method":"<android.appwidget.AppWidgetHost: int allocateAppWidgetIdForSystem(int,int)>",
					"source":"FIELD"
				},
				{
					"trace":[
						"<android.appwidget.AppWidgetHost: int allocateAppWidgetIdForSystem(int,int)>"
					],
					"depth":1,
					"method":"<android.appwidget.AppWidgetHost: void deleteAllHosts(int)>",
					"source":"FIELD"
				},
				{
					"trace":[
						"<android.appwidget.AppWidgetHost: int allocateAppWidgetIdForSystem(int,int)>"
					],
					"depth":1,
					"method":"<android.appwidget.AppWidgetHost: int allocateAppWidgetId()>",
					"source":"FIELD"
				},
				{
					"trace":[
						"<android.appwidget.AppWidgetHost: int allocateAppWidgetIdForSystem(int,int)>"
					],
					"depth":1,
					"method":"<android.appwidget.AppWidgetHost: android.appwidget.AppWidgetHostView createView(android.content.Context,int,android.appwidget.AppWidgetProviderInfo)>",
					"source":"FIELD"
				},
				{
					"trace":[
						"<android.appwidget.AppWidgetHost: int allocateAppWidgetIdForSystem(int,int)>"
					],
					"depth":1,
					"method":"<android.appwidget.AppWidgetHost: void deleteAppWidgetId(int)>",
					"source":"FIELD"
				},
				{
					"trace":[
						"<android.appwidget.AppWidgetHost: int allocateAppWidgetIdForSystem(int,int)>"
					],
					"depth":1,
					"method":"<android.appwidget.AppWidgetHost: void deleteHost()>",
					"source":"FIELD"
				},
				{
					"trace":[
						"<android.appwidget.AppWidgetHost: int allocateAppWidgetIdForSystem(int,int)>"
					],
					"depth":1,
					"method":"<android.appwidget.AppWidgetHost: void startListening()>",
					"source":"FIELD"
				},
				{
					"trace":[
						"<android.appwidget.AppWidgetHost: int allocateAppWidgetIdForSystem(int,int)>"
					],
					"depth":1,
					"method":"<android.appwidget.AppWidgetHost: void stopListening()>",
					"source":"FIELD"
				},
				{
					"trace":[
						"<android.appwidget.AppWidgetHost: void <init>(android.content.Context,int,android.widget.RemoteViews$OnClickHandler,android.os.Looper)>",
						"<android.appwidget.AppWidgetHost: void bindService()>",
						"key field: <android.appwidget.AppWidgetHost: com.android.internal.appwidget.IAppWidgetService sService>",
						"<android.appwidget.AppWidgetHost: int allocateAppWidgetIdForSystem(int,int)>"
					],
					"depth":2,
					"method":"<android.appwidget.AppWidgetHost: void <init>(android.content.Context,int,android.widget.RemoteViews$OnClickHandler,android.os.Looper)>",
					"source":"FIELDCALLER"
				},
				{
					"trace":[
						"<android.appwidget.AppWidgetHost: int[] getAppWidgetIds()>",
						"<android.appwidget.AppWidgetHost: void bindService()>",
						"key field: <android.appwidget.AppWidgetHost: com.android.internal.appwidget.IAppWidgetService sService>",
						"<android.appwidget.AppWidgetHost: int allocateAppWidgetIdForSystem(int,int)>"
					],
					"depth":2,
					"method":"<android.appwidget.AppWidgetHost: int[] getAppWidgetIds()>",
					"source":"FIELDCALLER"
				},
				{
					"trace":[
						"<android.appwidget.AppWidgetHost: void deleteAppWidgetIdForSystem(int,int)>",
						"<android.appwidget.AppWidgetHost: void bindService()>",
						"key field: <android.appwidget.AppWidgetHost: com.android.internal.appwidget.IAppWidgetService sService>",
						"<android.appwidget.AppWidgetHost: int allocateAppWidgetIdForSystem(int,int)>"
					],
					"depth":2,
					"method":"<android.appwidget.AppWidgetHost: void deleteAppWidgetIdForSystem(int,int)>",
					"source":"FIELDCALLER"
				},
				{
					"trace":[
						"<android.appwidget.AppWidgetHost: void deleteAllHosts()>",
						"<android.appwidget.AppWidgetHost: void deleteAllHosts(int)>",
						"key field: <android.appwidget.AppWidgetHost: com.android.internal.appwidget.IAppWidgetService sService>",
						"<android.appwidget.AppWidgetHost: int allocateAppWidgetIdForSystem(int,int)>"
					],
					"depth":2,
					"method":"<android.appwidget.AppWidgetHost: void deleteAllHosts()>",
					"source":"FIELDCALLER"
				},
				{
					"trace":[
						"<android.appwidget.AppWidgetHost: void <init>(android.content.Context,int)>",
						"<android.appwidget.AppWidgetHost: void <init>(android.content.Context,int,android.widget.RemoteViews$OnClickHandler,android.os.Looper)>",
						"<android.appwidget.AppWidgetHost: void bindService()>",
						"key field: <android.appwidget.AppWidgetHost: com.android.internal.appwidget.IAppWidgetService sService>",
						"<android.appwidget.AppWidgetHost: int allocateAppWidgetIdForSystem(int,int)>"
					],
					"depth":3,
					"method":"<android.appwidget.AppWidgetHost: void <init>(android.content.Context,int)>",
					"source":"FIELDCALLER"
				}
			],
			"keyAPIDiffClass":[],
			"callerOfSingnlar2SourceVar":{}
		},
		{
			"method":"<android.appwidget.AppWidgetHost: void checkCallerIsSystem()>",
			"message":"\\QDisallowed call for uid \\E[\\s\\S]*",
			"relatedVarType":"Unknown",
			"relatedCondType":"Basic",
			"modifier":"private",
			"type":"java.lang.SecurityException",
			"osVersionRelated":false,
			"resourceRelated":false,
			"assessRelated":false,
			"hardwareRelated":false,
			"manifestRelated":false,
			"conditions":"i0 != 0, $i1 == 1000",
			"keyAPISameClassNum":0,
			"keyAPIDiffClassNum":0,
			"keyAPISameClass":[],
			"keyAPIDiffClass":[],
			"callerOfSingnlar2SourceVar":{}
		},
		{
			"method":"<android.appwidget.AppWidgetHost: void deleteAllHosts(int)>",
			"message":"\\Qsystem server dead?\\E",
			"relatedVarType":"Unknown",
			"relatedCondType":"Empty",
			"modifier":"public",
			"type":"java.lang.RuntimeException",
			"osVersionRelated":false,
			"resourceRelated":false,
			"assessRelated":false,
			"hardwareRelated":false,
			"manifestRelated":false,
			"caughtValues":"@caughtexception",
			"relatedValues":"; ; @caughtexception",
			"keyAPISameClassNum":0,
			"keyAPIDiffClassNum":0,
			"keyAPISameClass":[],
			"keyAPIDiffClass":[],
			"callerOfSingnlar2SourceVar":{}
		},
		{
			"method":"<android.appwidget.AppWidgetHost: void deleteAppWidgetIdForSystem(int,int)>",
			"message":"\\Qsystem server dead?\\E",
			"relatedVarType":"Field",
			"relatedCondType":"Basic",
			"modifier":"public",
			"type":"java.lang.RuntimeException",
			"osVersionRelated":false,
			"resourceRelated":false,
			"assessRelated":false,
			"hardwareRelated":false,
			"manifestRelated":false,
			"conditions":"$r0 != null",
			"fieldValues":"<android.appwidget.AppWidgetHost: com.android.internal.appwidget.IAppWidgetService sService>",
			"caughtValues":"@caughtexception",
			"relatedValues":"; <android.appwidget.AppWidgetHost: com.android.internal.appwidget.IAppWidgetService sService>; @caughtexception",
			"keyAPISameClassNum":13,
			"keyAPIDiffClassNum":0,
			"keyAPISameClass":[
				{
					"trace":[
						"<android.appwidget.AppWidgetHost: void deleteAppWidgetIdForSystem(int,int)>"
					],
					"depth":1,
					"method":"<android.appwidget.AppWidgetHost: int allocateAppWidgetIdForSystem(int,int)>",
					"source":"FIELD"
				},
				{
					"trace":[
						"<android.appwidget.AppWidgetHost: void deleteAppWidgetIdForSystem(int,int)>"
					],
					"depth":1,
					"method":"<android.appwidget.AppWidgetHost: void deleteAllHosts(int)>",
					"source":"FIELD"
				},
				{
					"trace":[
						"<android.appwidget.AppWidgetHost: void deleteAppWidgetIdForSystem(int,int)>"
					],
					"depth":1,
					"method":"<android.appwidget.AppWidgetHost: int allocateAppWidgetId()>",
					"source":"FIELD"
				},
				{
					"trace":[
						"<android.appwidget.AppWidgetHost: void deleteAppWidgetIdForSystem(int,int)>"
					],
					"depth":1,
					"method":"<android.appwidget.AppWidgetHost: android.appwidget.AppWidgetHostView createView(android.content.Context,int,android.appwidget.AppWidgetProviderInfo)>",
					"source":"FIELD"
				},
				{
					"trace":[
						"<android.appwidget.AppWidgetHost: void deleteAppWidgetIdForSystem(int,int)>"
					],
					"depth":1,
					"method":"<android.appwidget.AppWidgetHost: void deleteAppWidgetId(int)>",
					"source":"FIELD"
				},
				{
					"trace":[
						"<android.appwidget.AppWidgetHost: void deleteAppWidgetIdForSystem(int,int)>"
					],
					"depth":1,
					"method":"<android.appwidget.AppWidgetHost: void deleteHost()>",
					"source":"FIELD"
				},
				{
					"trace":[
						"<android.appwidget.AppWidgetHost: void deleteAppWidgetIdForSystem(int,int)>"
					],
					"depth":1,
					"method":"<android.appwidget.AppWidgetHost: void startListening()>",
					"source":"FIELD"
				},
				{
					"trace":[
						"<android.appwidget.AppWidgetHost: void deleteAppWidgetIdForSystem(int,int)>"
					],
					"depth":1,
					"method":"<android.appwidget.AppWidgetHost: void stopListening()>",
					"source":"FIELD"
				},
				{
					"trace":[
						"<android.appwidget.AppWidgetHost: void <init>(android.content.Context,int,android.widget.RemoteViews$OnClickHandler,android.os.Looper)>",
						"<android.appwidget.AppWidgetHost: void bindService()>",
						"key field: <android.appwidget.AppWidgetHost: com.android.internal.appwidget.IAppWidgetService sService>",
						"<android.appwidget.AppWidgetHost: void deleteAppWidgetIdForSystem(int,int)>"
					],
					"depth":2,
					"method":"<android.appwidget.AppWidgetHost: void <init>(android.content.Context,int,android.widget.RemoteViews$OnClickHandler,android.os.Looper)>",
					"source":"FIELDCALLER"
				},
				{
					"trace":[
						"<android.appwidget.AppWidgetHost: int[] getAppWidgetIds()>",
						"<android.appwidget.AppWidgetHost: void bindService()>",
						"key field: <android.appwidget.AppWidgetHost: com.android.internal.appwidget.IAppWidgetService sService>",
						"<android.appwidget.AppWidgetHost: void deleteAppWidgetIdForSystem(int,int)>"
					],
					"depth":2,
					"method":"<android.appwidget.AppWidgetHost: int[] getAppWidgetIds()>",
					"source":"FIELDCALLER"
				},
				{
					"trace":[
						"<android.appwidget.AppWidgetHost: void deleteAppWidgetIdForSystem(int,int)>",
						"<android.appwidget.AppWidgetHost: void bindService()>",
						"key field: <android.appwidget.AppWidgetHost: com.android.internal.appwidget.IAppWidgetService sService>",
						"<android.appwidget.AppWidgetHost: void deleteAppWidgetIdForSystem(int,int)>"
					],
					"depth":2,
					"method":"<android.appwidget.AppWidgetHost: void deleteAppWidgetIdForSystem(int,int)>",
					"source":"FIELDCALLER"
				},
				{
					"trace":[
						"<android.appwidget.AppWidgetHost: void deleteAllHosts()>",
						"<android.appwidget.AppWidgetHost: void deleteAllHosts(int)>",
						"key field: <android.appwidget.AppWidgetHost: com.android.internal.appwidget.IAppWidgetService sService>",
						"<android.appwidget.AppWidgetHost: void deleteAppWidgetIdForSystem(int,int)>"
					],
					"depth":2,
					"method":"<android.appwidget.AppWidgetHost: void deleteAllHosts()>",
					"source":"FIELDCALLER"
				},
				{
					"trace":[
						"<android.appwidget.AppWidgetHost: void <init>(android.content.Context,int)>",
						"<android.appwidget.AppWidgetHost: void <init>(android.content.Context,int,android.widget.RemoteViews$OnClickHandler,android.os.Looper)>",
						"<android.appwidget.AppWidgetHost: void bindService()>",
						"key field: <android.appwidget.AppWidgetHost: com.android.internal.appwidget.IAppWidgetService sService>",
						"<android.appwidget.AppWidgetHost: void deleteAppWidgetIdForSystem(int,int)>"
					],
					"depth":3,
					"method":"<android.appwidget.AppWidgetHost: void <init>(android.content.Context,int)>",
					"source":"FIELDCALLER"
				}
			],
			"keyAPIDiffClass":[],
			"callerOfSingnlar2SourceVar":{}
		},
		{
			"method":"<android.appwidget.AppWidgetHost: int allocateAppWidgetId()>",
			"message":"\\Qsystem server dead?\\E",
			"relatedVarType":"Field",
			"relatedCondType":"Basic",
			"modifier":"public",
			"type":"java.lang.RuntimeException",
			"osVersionRelated":false,
			"resourceRelated":false,
			"assessRelated":false,
			"hardwareRelated":false,
			"manifestRelated":false,
			"conditions":"$r1 != null",
			"fieldValues":"<android.appwidget.AppWidgetHost: java.lang.String mPackageName>",
			"caughtValues":"@caughtexception",
			"relatedValues":"; <android.appwidget.AppWidgetHost: java.lang.String mPackageName>; @caughtexception",
			"keyAPISameClassNum":2,
			"keyAPIDiffClassNum":0,
			"keyAPISameClass":[
				{
					"trace":[
						"<android.appwidget.AppWidgetHost: int allocateAppWidgetId()>"
					],
					"depth":1,
					"method":"<android.appwidget.AppWidgetHost: int allocateAppWidgetId()>",
					"source":"FIELD"
				},
				{
					"trace":[
						"<android.appwidget.AppWidgetHost: int allocateAppWidgetId()>"
					],
					"depth":1,
					"method":"<android.appwidget.AppWidgetHost: void startListening()>",
					"source":"FIELD"
				}
			],
			"keyAPIDiffClass":[],
			"callerOfSingnlar2SourceVar":{}
		},
		{
			"method":"<android.appwidget.AppWidgetHost: android.appwidget.AppWidgetHostView createView(android.content.Context,int,android.appwidget.AppWidgetProviderInfo)>",
			"message":"\\Qsystem server dead?\\E",
			"relatedVarType":"ParaAndField",
			"relatedCondType":"Basic",
			"modifier":"public",
			"type":"java.lang.RuntimeException",
			"osVersionRelated":false,
			"resourceRelated":false,
			"assessRelated":false,
			"hardwareRelated":false,
			"manifestRelated":false,
			"conditions":"r11 == null",
			"paramValues":"@parameter1: int",
			"fieldValues":"<android.appwidget.AppWidgetHost: android.content.Context mContext>, <android.appwidget.AppWidgetHost: com.android.internal.appwidget.IAppWidgetService sService>",
			"caughtValues":"@caughtexception",
			"relatedValues":"@parameter1: int; <android.appwidget.AppWidgetHost: android.content.Context mContext>, <android.appwidget.AppWidgetHost: com.android.internal.appwidget.IAppWidgetService sService>; @caughtexception",
			"keyAPISameClassNum":13,
			"keyAPIDiffClassNum":0,
			"keyAPISameClass":[
				{
					"trace":[
						"<android.appwidget.AppWidgetHost: android.appwidget.AppWidgetHostView createView(android.content.Context,int,android.appwidget.AppWidgetProviderInfo)>"
					],
					"depth":1,
					"method":"<android.appwidget.AppWidgetHost: void <init>(android.content.Context,int,android.widget.RemoteViews$OnClickHandler,android.os.Looper)>",
					"source":"FIELD"
				},
				{
					"trace":[
						"<android.appwidget.AppWidgetHost: android.appwidget.AppWidgetHostView createView(android.content.Context,int,android.appwidget.AppWidgetProviderInfo)>"
					],
					"depth":1,
					"method":"<android.appwidget.AppWidgetHost: int allocateAppWidgetId()>",
					"source":"FIELD"
				},
				{
					"trace":[
						"<android.appwidget.AppWidgetHost: android.appwidget.AppWidgetHostView createView(android.content.Context,int,android.appwidget.AppWidgetProviderInfo)>"
					],
					"depth":1,
					"method":"<android.appwidget.AppWidgetHost: android.appwidget.AppWidgetHostView createView(android.content.Context,int,android.appwidget.AppWidgetProviderInfo)>",
					"source":"FIELD"
				},
				{
					"trace":[
						"<android.appwidget.AppWidgetHost: android.appwidget.AppWidgetHostView createView(android.content.Context,int,android.appwidget.AppWidgetProviderInfo)>"
					],
					"depth":1,
					"method":"<android.appwidget.AppWidgetHost: void deleteAppWidgetId(int)>",
					"source":"FIELD"
				},
				{
					"trace":[
						"<android.appwidget.AppWidgetHost: android.appwidget.AppWidgetHostView createView(android.content.Context,int,android.appwidget.AppWidgetProviderInfo)>"
					],
					"depth":1,
					"method":"<android.appwidget.AppWidgetHost: void deleteHost()>",
					"source":"FIELD"
				},
				{
					"trace":[
						"<android.appwidget.AppWidgetHost: android.appwidget.AppWidgetHostView createView(android.content.Context,int,android.appwidget.AppWidgetProviderInfo)>"
					],
					"depth":1,
					"method":"<android.appwidget.AppWidgetHost: int[] getAppWidgetIds()>",
					"source":"FIELD"
				},
				{
					"trace":[
						"<android.appwidget.AppWidgetHost: android.appwidget.AppWidgetHostView createView(android.content.Context,int,android.appwidget.AppWidgetProviderInfo)>"
					],
					"depth":1,
					"method":"<android.appwidget.AppWidgetHost: void startListening()>",
					"source":"FIELD"
				},
				{
					"trace":[
						"<android.appwidget.AppWidgetHost: android.appwidget.AppWidgetHostView createView(android.content.Context,int,android.appwidget.AppWidgetProviderInfo)>"
					],
					"depth":1,
					"method":"<android.appwidget.AppWidgetHost: void stopListening()>",
					"source":"FIELD"
				},
				{
					"trace":[
						"<android.appwidget.AppWidgetHost: android.appwidget.AppWidgetHostView createView(android.content.Context,int,android.appwidget.AppWidgetProviderInfo)>"
					],
					"depth":1,
					"method":"<android.appwidget.AppWidgetHost: int allocateAppWidgetIdForSystem(int,int)>",
					"source":"FIELD"
				},
				{
					"trace":[
						"<android.appwidget.AppWidgetHost: android.appwidget.AppWidgetHostView createView(android.content.Context,int,android.appwidget.AppWidgetProviderInfo)>"
					],
					"depth":1,
					"method":"<android.appwidget.AppWidgetHost: void deleteAllHosts(int)>",
					"source":"FIELD"
				},
				{
					"trace":[
						"<android.appwidget.AppWidgetHost: void <init>(android.content.Context,int)>",
						"<android.appwidget.AppWidgetHost: void <init>(android.content.Context,int,android.widget.RemoteViews$OnClickHandler,android.os.Looper)>",
						"key field: <android.appwidget.AppWidgetHost: android.content.Context mContext>",
						"<android.appwidget.AppWidgetHost: android.appwidget.AppWidgetHostView createView(android.content.Context,int,android.appwidget.AppWidgetProviderInfo)>"
					],
					"depth":2,
					"method":"<android.appwidget.AppWidgetHost: void <init>(android.content.Context,int)>",
					"source":"FIELDCALLER"
				},
				{
					"trace":[
						"<android.appwidget.AppWidgetHost: void deleteAppWidgetIdForSystem(int,int)>",
						"<android.appwidget.AppWidgetHost: void bindService()>",
						"key field: <android.appwidget.AppWidgetHost: com.android.internal.appwidget.IAppWidgetService sService>",
						"<android.appwidget.AppWidgetHost: android.appwidget.AppWidgetHostView createView(android.content.Context,int,android.appwidget.AppWidgetProviderInfo)>"
					],
					"depth":2,
					"method":"<android.appwidget.AppWidgetHost: void deleteAppWidgetIdForSystem(int,int)>",
					"source":"FIELDCALLER"
				},
				{
					"trace":[
						"<android.appwidget.AppWidgetHost: void deleteAllHosts()>",
						"<android.appwidget.AppWidgetHost: void deleteAllHosts(int)>",
						"key field: <android.appwidget.AppWidgetHost: com.android.internal.appwidget.IAppWidgetService sService>",
						"<android.appwidget.AppWidgetHost: android.appwidget.AppWidgetHostView createView(android.content.Context,int,android.appwidget.AppWidgetProviderInfo)>"
					],
					"depth":2,
					"method":"<android.appwidget.AppWidgetHost: void deleteAllHosts()>",
					"source":"FIELDCALLER"
				}
			],
			"keyAPIDiffClass":[],
			"callerOfSingnlar2SourceVar":{
				"<android.appwidget.AppWidgetHost: android.appwidget.AppWidgetHostView createView(android.content.Context,int,android.appwidget.AppWidgetProviderInfo)>":"1"
			}
		},
		{
			"method":"<android.appwidget.AppWidgetHost: void deleteAppWidgetId(int)>",
			"message":"\\Qsystem server dead?\\E",
			"relatedVarType":"Unknown",
			"relatedCondType":"Empty",
			"modifier":"public",
			"type":"java.lang.RuntimeException",
			"osVersionRelated":false,
			"resourceRelated":false,
			"assessRelated":false,
			"hardwareRelated":false,
			"manifestRelated":false,
			"caughtValues":"@caughtexception",
			"relatedValues":"; ; @caughtexception",
			"keyAPISameClassNum":0,
			"keyAPIDiffClassNum":0,
			"keyAPISameClass":[],
			"keyAPIDiffClass":[],
			"callerOfSingnlar2SourceVar":{}
		},
		{
			"method":"<android.appwidget.AppWidgetHost: void deleteHost()>",
			"message":"\\Qsystem server dead?\\E",
			"relatedVarType":"Unknown",
			"relatedCondType":"Empty",
			"modifier":"public",
			"type":"java.lang.RuntimeException",
			"osVersionRelated":false,
			"resourceRelated":false,
			"assessRelated":false,
			"hardwareRelated":false,
			"manifestRelated":false,
			"caughtValues":"@caughtexception",
			"relatedValues":"; ; @caughtexception",
			"keyAPISameClassNum":0,
			"keyAPIDiffClassNum":0,
			"keyAPISameClass":[],
			"keyAPIDiffClass":[],
			"callerOfSingnlar2SourceVar":{}
		},
		{
			"method":"<android.appwidget.AppWidgetHost: int[] getAppWidgetIds()>",
			"message":"\\Qsystem server dead?\\E",
			"relatedVarType":"Field",
			"relatedCondType":"Basic",
			"modifier":"public",
			"type":"java.lang.RuntimeException",
			"osVersionRelated":false,
			"resourceRelated":false,
			"assessRelated":false,
			"hardwareRelated":false,
			"manifestRelated":false,
			"conditions":"$r0 != null",
			"fieldValues":"<android.appwidget.AppWidgetHost: com.android.internal.appwidget.IAppWidgetService sService>",
			"caughtValues":"@caughtexception",
			"relatedValues":"; <android.appwidget.AppWidgetHost: com.android.internal.appwidget.IAppWidgetService sService>; @caughtexception",
			"keyAPISameClassNum":13,
			"keyAPIDiffClassNum":0,
			"keyAPISameClass":[
				{
					"trace":[
						"<android.appwidget.AppWidgetHost: int[] getAppWidgetIds()>"
					],
					"depth":1,
					"method":"<android.appwidget.AppWidgetHost: int allocateAppWidgetIdForSystem(int,int)>",
					"source":"FIELD"
				},
				{
					"trace":[
						"<android.appwidget.AppWidgetHost: int[] getAppWidgetIds()>"
					],
					"depth":1,
					"method":"<android.appwidget.AppWidgetHost: void deleteAllHosts(int)>",
					"source":"FIELD"
				},
				{
					"trace":[
						"<android.appwidget.AppWidgetHost: int[] getAppWidgetIds()>"
					],
					"depth":1,
					"method":"<android.appwidget.AppWidgetHost: int allocateAppWidgetId()>",
					"source":"FIELD"
				},
				{
					"trace":[
						"<android.appwidget.AppWidgetHost: int[] getAppWidgetIds()>"
					],
					"depth":1,
					"method":"<android.appwidget.AppWidgetHost: android.appwidget.AppWidgetHostView createView(android.content.Context,int,android.appwidget.AppWidgetProviderInfo)>",
					"source":"FIELD"
				},
				{
					"trace":[
						"<android.appwidget.AppWidgetHost: int[] getAppWidgetIds()>"
					],
					"depth":1,
					"method":"<android.appwidget.AppWidgetHost: void deleteAppWidgetId(int)>",
					"source":"FIELD"
				},
				{
					"trace":[
						"<android.appwidget.AppWidgetHost: int[] getAppWidgetIds()>"
					],
					"depth":1,
					"method":"<android.appwidget.AppWidgetHost: void deleteHost()>",
					"source":"FIELD"
				},
				{
					"trace":[
						"<android.appwidget.AppWidgetHost: int[] getAppWidgetIds()>"
					],
					"depth":1,
					"method":"<android.appwidget.AppWidgetHost: void startListening()>",
					"source":"FIELD"
				},
				{
					"trace":[
						"<android.appwidget.AppWidgetHost: int[] getAppWidgetIds()>"
					],
					"depth":1,
					"method":"<android.appwidget.AppWidgetHost: void stopListening()>",
					"source":"FIELD"
				},
				{
					"trace":[
						"<android.appwidget.AppWidgetHost: void <init>(android.content.Context,int,android.widget.RemoteViews$OnClickHandler,android.os.Looper)>",
						"<android.appwidget.AppWidgetHost: void bindService()>",
						"key field: <android.appwidget.AppWidgetHost: com.android.internal.appwidget.IAppWidgetService sService>",
						"<android.appwidget.AppWidgetHost: int[] getAppWidgetIds()>"
					],
					"depth":2,
					"method":"<android.appwidget.AppWidgetHost: void <init>(android.content.Context,int,android.widget.RemoteViews$OnClickHandler,android.os.Looper)>",
					"source":"FIELDCALLER"
				},
				{
					"trace":[
						"<android.appwidget.AppWidgetHost: int[] getAppWidgetIds()>",
						"<android.appwidget.AppWidgetHost: void bindService()>",
						"key field: <android.appwidget.AppWidgetHost: com.android.internal.appwidget.IAppWidgetService sService>",
						"<android.appwidget.AppWidgetHost: int[] getAppWidgetIds()>"
					],
					"depth":2,
					"method":"<android.appwidget.AppWidgetHost: int[] getAppWidgetIds()>",
					"source":"FIELDCALLER"
				},
				{
					"trace":[
						"<android.appwidget.AppWidgetHost: void deleteAppWidgetIdForSystem(int,int)>",
						"<android.appwidget.AppWidgetHost: void bindService()>",
						"key field: <android.appwidget.AppWidgetHost: com.android.internal.appwidget.IAppWidgetService sService>",
						"<android.appwidget.AppWidgetHost: int[] getAppWidgetIds()>"
					],
					"depth":2,
					"method":"<android.appwidget.AppWidgetHost: void deleteAppWidgetIdForSystem(int,int)>",
					"source":"FIELDCALLER"
				},
				{
					"trace":[
						"<android.appwidget.AppWidgetHost: void deleteAllHosts()>",
						"<android.appwidget.AppWidgetHost: void deleteAllHosts(int)>",
						"key field: <android.appwidget.AppWidgetHost: com.android.internal.appwidget.IAppWidgetService sService>",
						"<android.appwidget.AppWidgetHost: int[] getAppWidgetIds()>"
					],
					"depth":2,
					"method":"<android.appwidget.AppWidgetHost: void deleteAllHosts()>",
					"source":"FIELDCALLER"
				},
				{
					"trace":[
						"<android.appwidget.AppWidgetHost: void <init>(android.content.Context,int)>",
						"<android.appwidget.AppWidgetHost: void <init>(android.content.Context,int,android.widget.RemoteViews$OnClickHandler,android.os.Looper)>",
						"<android.appwidget.AppWidgetHost: void bindService()>",
						"key field: <android.appwidget.AppWidgetHost: com.android.internal.appwidget.IAppWidgetService sService>",
						"<android.appwidget.AppWidgetHost: int[] getAppWidgetIds()>"
					],
					"depth":3,
					"method":"<android.appwidget.AppWidgetHost: void <init>(android.content.Context,int)>",
					"source":"FIELDCALLER"
				}
			],
			"keyAPIDiffClass":[],
			"callerOfSingnlar2SourceVar":{}
		},
		{
			"method":"<android.appwidget.AppWidgetHost: void startListening()>",
			"message":"\\Qsystem server dead?\\E",
			"relatedVarType":"Field",
			"relatedCondType":"Basic",
			"modifier":"public",
			"type":"java.lang.RuntimeException",
			"osVersionRelated":false,
			"resourceRelated":false,
			"assessRelated":false,
			"hardwareRelated":false,
			"manifestRelated":false,
			"conditions":"$r4 != null",
			"fieldValues":"<android.appwidget.AppWidgetHost: java.lang.String mPackageName>",
			"caughtValues":"@caughtexception",
			"relatedValues":"; <android.appwidget.AppWidgetHost: java.lang.String mPackageName>; @caughtexception",
			"keyAPISameClassNum":2,
			"keyAPIDiffClassNum":0,
			"keyAPISameClass":[
				{
					"trace":[
						"<android.appwidget.AppWidgetHost: void startListening()>"
					],
					"depth":1,
					"method":"<android.appwidget.AppWidgetHost: int allocateAppWidgetId()>",
					"source":"FIELD"
				},
				{
					"trace":[
						"<android.appwidget.AppWidgetHost: void startListening()>"
					],
					"depth":1,
					"method":"<android.appwidget.AppWidgetHost: void startListening()>",
					"source":"FIELD"
				}
			],
			"keyAPIDiffClass":[],
			"callerOfSingnlar2SourceVar":{}
		},
		{
			"method":"<android.appwidget.AppWidgetHost: void stopListening()>",
			"message":"\\Qsystem server dead?\\E",
			"relatedVarType":"Unknown",
			"relatedCondType":"Empty",
			"modifier":"public",
			"type":"java.lang.RuntimeException",
			"osVersionRelated":false,
			"resourceRelated":false,
			"assessRelated":false,
			"hardwareRelated":false,
			"manifestRelated":false,
			"caughtValues":"@caughtexception",
			"relatedValues":"; ; @caughtexception",
			"keyAPISameClassNum":0,
			"keyAPIDiffClassNum":0,
			"keyAPISameClass":[],
			"keyAPIDiffClass":[],
			"callerOfSingnlar2SourceVar":{}
		}
	]
}