{
	"exceptions":[
		{
			"method":"<android.graphics.drawable.BitmapDrawable: void inflate(android.content.res.Resources,org.xmlpull.v1.XmlPullParser,android.util.AttributeSet)>",
			"message":"[\\s\\S]*",
			"relatedVarType":"ParaAndField",
			"relatedCondType":"Basic",
			"modifier":"public",
			"type":"java.lang.Throwable",
			"osVersionRelated":false,
			"resourceRelated":true,
			"assessRelated":false,
			"hardwareRelated":false,
			"manifestRelated":false,
			"conditions":"r6 != null, i0 != 0",
			"paramValues":"@parameter0: android.content.res.Resources, @parameter2: android.util.AttributeSet",
			"fieldValues":"<com.android.internal.R$styleable: int[] BitmapDrawable>",
			"relatedValues":"@parameter0: android.content.res.Resources, @parameter2: android.util.AttributeSet; <com.android.internal.R$styleable: int[] BitmapDrawable>; ",
			"keyAPISameClassNum":1,
			"keyAPIDiffClassNum":12,
			"keyAPISameClass":[
				{
					"trace":[
						"<android.graphics.drawable.BitmapDrawable: void inflate(android.content.res.Resources,org.xmlpull.v1.XmlPullParser,android.util.AttributeSet)>"
					],
					"depth":1,
					"method":"<android.graphics.drawable.BitmapDrawable: void inflate(android.content.res.Resources,org.xmlpull.v1.XmlPullParser,android.util.AttributeSet)>",
					"source":"FIELD"
				}
			],
			"keyAPIDiffClass":[
				{
					"trace":[
						"<android.graphics.drawable.Drawable: android.graphics.drawable.Drawable createFromXmlInner(android.content.res.Resources,org.xmlpull.v1.XmlPullParser,android.util.AttributeSet)>",
						"<android.graphics.drawable.BitmapDrawable: void inflate(android.content.res.Resources,org.xmlpull.v1.XmlPullParser,android.util.AttributeSet)>",
						"key field: <com.android.internal.R$styleable: int[] BitmapDrawable>",
						"<android.graphics.drawable.BitmapDrawable: void inflate(android.content.res.Resources,org.xmlpull.v1.XmlPullParser,android.util.AttributeSet)>"
					],
					"depth":2,
					"method":"<android.graphics.drawable.Drawable: android.graphics.drawable.Drawable createFromXmlInner(android.content.res.Resources,org.xmlpull.v1.XmlPullParser,android.util.AttributeSet)>",
					"source":"FIELDCALLER"
				},
				{
					"trace":[
						"<android.graphics.drawable.Drawable: android.graphics.drawable.Drawable createFromXml(android.content.res.Resources,org.xmlpull.v1.XmlPullParser)>",
						"<android.graphics.drawable.Drawable: android.graphics.drawable.Drawable createFromXmlInner(android.content.res.Resources,org.xmlpull.v1.XmlPullParser,android.util.AttributeSet)>",
						"<android.graphics.drawable.BitmapDrawable: void inflate(android.content.res.Resources,org.xmlpull.v1.XmlPullParser,android.util.AttributeSet)>",
						"key field: <com.android.internal.R$styleable: int[] BitmapDrawable>",
						"<android.graphics.drawable.BitmapDrawable: void inflate(android.content.res.Resources,org.xmlpull.v1.XmlPullParser,android.util.AttributeSet)>"
					],
					"depth":3,
					"method":"<android.graphics.drawable.Drawable: android.graphics.drawable.Drawable createFromXml(android.content.res.Resources,org.xmlpull.v1.XmlPullParser)>",
					"source":"FIELDCALLER"
				},
				{
					"trace":[
						"<android.graphics.drawable.ClipDrawable: void inflate(android.content.res.Resources,org.xmlpull.v1.XmlPullParser,android.util.AttributeSet)>",
						"<android.graphics.drawable.Drawable: android.graphics.drawable.Drawable createFromXmlInner(android.content.res.Resources,org.xmlpull.v1.XmlPullParser,android.util.AttributeSet)>",
						"<android.graphics.drawable.BitmapDrawable: void inflate(android.content.res.Resources,org.xmlpull.v1.XmlPullParser,android.util.AttributeSet)>",
						"key field: <com.android.internal.R$styleable: int[] BitmapDrawable>",
						"<android.graphics.drawable.BitmapDrawable: void inflate(android.content.res.Resources,org.xmlpull.v1.XmlPullParser,android.util.AttributeSet)>"
					],
					"depth":3,
					"method":"<android.graphics.drawable.ClipDrawable: void inflate(android.content.res.Resources,org.xmlpull.v1.XmlPullParser,android.util.AttributeSet)>",
					"source":"FIELDCALLER"
				},
				{
					"trace":[
						"<android.graphics.drawable.StateListDrawable: void inflate(android.content.res.Resources,org.xmlpull.v1.XmlPullParser,android.util.AttributeSet)>",
						"<android.graphics.drawable.Drawable: android.graphics.drawable.Drawable createFromXmlInner(android.content.res.Resources,org.xmlpull.v1.XmlPullParser,android.util.AttributeSet)>",
						"<android.graphics.drawable.BitmapDrawable: void inflate(android.content.res.Resources,org.xmlpull.v1.XmlPullParser,android.util.AttributeSet)>",
						"key field: <com.android.internal.R$styleable: int[] BitmapDrawable>",
						"<android.graphics.drawable.BitmapDrawable: void inflate(android.content.res.Resources,org.xmlpull.v1.XmlPullParser,android.util.AttributeSet)>"
					],
					"depth":3,
					"method":"<android.graphics.drawable.StateListDrawable: void inflate(android.content.res.Resources,org.xmlpull.v1.XmlPullParser,android.util.AttributeSet)>",
					"source":"FIELDCALLER"
				},
				{
					"trace":[
						"<android.graphics.drawable.RotateDrawable: void inflate(android.content.res.Resources,org.xmlpull.v1.XmlPullParser,android.util.AttributeSet)>",
						"<android.graphics.drawable.Drawable: android.graphics.drawable.Drawable createFromXmlInner(android.content.res.Resources,org.xmlpull.v1.XmlPullParser,android.util.AttributeSet)>",
						"<android.graphics.drawable.BitmapDrawable: void inflate(android.content.res.Resources,org.xmlpull.v1.XmlPullParser,android.util.AttributeSet)>",
						"key field: <com.android.internal.R$styleable: int[] BitmapDrawable>",
						"<android.graphics.drawable.BitmapDrawable: void inflate(android.content.res.Resources,org.xmlpull.v1.XmlPullParser,android.util.AttributeSet)>"
					],
					"depth":3,
					"method":"<android.graphics.drawable.RotateDrawable: void inflate(android.content.res.Resources,org.xmlpull.v1.XmlPullParser,android.util.AttributeSet)>",
					"source":"FIELDCALLER"
				},
				{
					"trace":[
						"<android.graphics.drawable.ScaleDrawable: void inflate(android.content.res.Resources,org.xmlpull.v1.XmlPullParser,android.util.AttributeSet)>",
						"<android.graphics.drawable.Drawable: android.graphics.drawable.Drawable createFromXmlInner(android.content.res.Resources,org.xmlpull.v1.XmlPullParser,android.util.AttributeSet)>",
						"<android.graphics.drawable.BitmapDrawable: void inflate(android.content.res.Resources,org.xmlpull.v1.XmlPullParser,android.util.AttributeSet)>",
						"key field: <com.android.internal.R$styleable: int[] BitmapDrawable>",
						"<android.graphics.drawable.BitmapDrawable: void inflate(android.content.res.Resources,org.xmlpull.v1.XmlPullParser,android.util.AttributeSet)>"
					],
					"depth":3,
					"method":"<android.graphics.drawable.ScaleDrawable: void inflate(android.content.res.Resources,org.xmlpull.v1.XmlPullParser,android.util.AttributeSet)>",
					"source":"FIELDCALLER"
				},
				{
					"trace":[
						"<android.graphics.drawable.AnimationDrawable: void inflate(android.content.res.Resources,org.xmlpull.v1.XmlPullParser,android.util.AttributeSet)>",
						"<android.graphics.drawable.Drawable: android.graphics.drawable.Drawable createFromXmlInner(android.content.res.Resources,org.xmlpull.v1.XmlPullParser,android.util.AttributeSet)>",
						"<android.graphics.drawable.BitmapDrawable: void inflate(android.content.res.Resources,org.xmlpull.v1.XmlPullParser,android.util.AttributeSet)>",
						"key field: <com.android.internal.R$styleable: int[] BitmapDrawable>",
						"<android.graphics.drawable.BitmapDrawable: void inflate(android.content.res.Resources,org.xmlpull.v1.XmlPullParser,android.util.AttributeSet)>"
					],
					"depth":3,
					"method":"<android.graphics.drawable.AnimationDrawable: void inflate(android.content.res.Resources,org.xmlpull.v1.XmlPullParser,android.util.AttributeSet)>",
					"source":"FIELDCALLER"
				},
				{
					"trace":[
						"<android.graphics.drawable.LevelListDrawable: void inflate(android.content.res.Resources,org.xmlpull.v1.XmlPullParser,android.util.AttributeSet)>",
						"<android.graphics.drawable.Drawable: android.graphics.drawable.Drawable createFromXmlInner(android.content.res.Resources,org.xmlpull.v1.XmlPullParser,android.util.AttributeSet)>",
						"<android.graphics.drawable.BitmapDrawable: void inflate(android.content.res.Resources,org.xmlpull.v1.XmlPullParser,android.util.AttributeSet)>",
						"key field: <com.android.internal.R$styleable: int[] BitmapDrawable>",
						"<android.graphics.drawable.BitmapDrawable: void inflate(android.content.res.Resources,org.xmlpull.v1.XmlPullParser,android.util.AttributeSet)>"
					],
					"depth":3,
					"method":"<android.graphics.drawable.LevelListDrawable: void inflate(android.content.res.Resources,org.xmlpull.v1.XmlPullParser,android.util.AttributeSet)>",
					"source":"FIELDCALLER"
				},
				{
					"trace":[
						"<android.graphics.drawable.InsetDrawable: void inflate(android.content.res.Resources,org.xmlpull.v1.XmlPullParser,android.util.AttributeSet)>",
						"<android.graphics.drawable.Drawable: android.graphics.drawable.Drawable createFromXmlInner(android.content.res.Resources,org.xmlpull.v1.XmlPullParser,android.util.AttributeSet)>",
						"<android.graphics.drawable.BitmapDrawable: void inflate(android.content.res.Resources,org.xmlpull.v1.XmlPullParser,android.util.AttributeSet)>",
						"key field: <com.android.internal.R$styleable: int[] BitmapDrawable>",
						"<android.graphics.drawable.BitmapDrawable: void inflate(android.content.res.Resources,org.xmlpull.v1.XmlPullParser,android.util.AttributeSet)>"
					],
					"depth":3,
					"method":"<android.graphics.drawable.InsetDrawable: void inflate(android.content.res.Resources,org.xmlpull.v1.XmlPullParser,android.util.AttributeSet)>",
					"source":"FIELDCALLER"
				},
				{
					"trace":[
						"<android.graphics.drawable.AnimatedRotateDrawable: void inflate(android.content.res.Resources,org.xmlpull.v1.XmlPullParser,android.util.AttributeSet)>",
						"<android.graphics.drawable.Drawable: android.graphics.drawable.Drawable createFromXmlInner(android.content.res.Resources,org.xmlpull.v1.XmlPullParser,android.util.AttributeSet)>",
						"<android.graphics.drawable.BitmapDrawable: void inflate(android.content.res.Resources,org.xmlpull.v1.XmlPullParser,android.util.AttributeSet)>",
						"key field: <com.android.internal.R$styleable: int[] BitmapDrawable>",
						"<android.graphics.drawable.BitmapDrawable: void inflate(android.content.res.Resources,org.xmlpull.v1.XmlPullParser,android.util.AttributeSet)>"
					],
					"depth":3,
					"method":"<android.graphics.drawable.AnimatedRotateDrawable: void inflate(android.content.res.Resources,org.xmlpull.v1.XmlPullParser,android.util.AttributeSet)>",
					"source":"FIELDCALLER"
				},
				{
					"trace":[
						"<android.graphics.drawable.MipmapDrawable: void inflate(android.content.res.Resources,org.xmlpull.v1.XmlPullParser,android.util.AttributeSet)>",
						"<android.graphics.drawable.Drawable: android.graphics.drawable.Drawable createFromXmlInner(android.content.res.Resources,org.xmlpull.v1.XmlPullParser,android.util.AttributeSet)>",
						"<android.graphics.drawable.BitmapDrawable: void inflate(android.content.res.Resources,org.xmlpull.v1.XmlPullParser,android.util.AttributeSet)>",
						"key field: <com.android.internal.R$styleable: int[] BitmapDrawable>",
						"<android.graphics.drawable.BitmapDrawable: void inflate(android.content.res.Resources,org.xmlpull.v1.XmlPullParser,android.util.AttributeSet)>"
					],
					"depth":3,
					"method":"<android.graphics.drawable.MipmapDrawable: void inflate(android.content.res.Resources,org.xmlpull.v1.XmlPullParser,android.util.AttributeSet)>",
					"source":"FIELDCALLER"
				},
				{
					"trace":[
						"<android.graphics.drawable.LayerDrawable: void inflate(android.content.res.Resources,org.xmlpull.v1.XmlPullParser,android.util.AttributeSet)>",
						"<android.graphics.drawable.Drawable: android.graphics.drawable.Drawable createFromXmlInner(android.content.res.Resources,org.xmlpull.v1.XmlPullParser,android.util.AttributeSet)>",
						"<android.graphics.drawable.BitmapDrawable: void inflate(android.content.res.Resources,org.xmlpull.v1.XmlPullParser,android.util.AttributeSet)>",
						"key field: <com.android.internal.R$styleable: int[] BitmapDrawable>",
						"<android.graphics.drawable.BitmapDrawable: void inflate(android.content.res.Resources,org.xmlpull.v1.XmlPullParser,android.util.AttributeSet)>"
					],
					"depth":3,
					"method":"<android.graphics.drawable.LayerDrawable: void inflate(android.content.res.Resources,org.xmlpull.v1.XmlPullParser,android.util.AttributeSet)>",
					"source":"FIELDCALLER"
				}
			],
			"callerOfSingnlar2SourceVar":{
				"<android.graphics.drawable.BitmapDrawable: void inflate(android.content.res.Resources,org.xmlpull.v1.XmlPullParser,android.util.AttributeSet)>":"0, 2"
			}
		},
		{
			"method":"<android.graphics.drawable.BitmapDrawable: void inflate(android.content.res.Resources,org.xmlpull.v1.XmlPullParser,android.util.AttributeSet)>",
			"message":"[\\s\\S]*",
			"relatedVarType":"ParaAndField",
			"relatedCondType":"Basic",
			"modifier":"public",
			"type":"java.lang.Throwable",
			"osVersionRelated":false,
			"resourceRelated":true,
			"assessRelated":false,
			"hardwareRelated":false,
			"manifestRelated":false,
			"conditions":"i0 != 0",
			"paramValues":"@parameter2: android.util.AttributeSet, @parameter0: android.content.res.Resources",
			"fieldValues":"<com.android.internal.R$styleable: int[] BitmapDrawable>",
			"relatedValues":"@parameter2: android.util.AttributeSet, @parameter0: android.content.res.Resources; <com.android.internal.R$styleable: int[] BitmapDrawable>; ",
			"keyAPISameClassNum":1,
			"keyAPIDiffClassNum":12,
			"keyAPISameClass":[
				{
					"trace":[
						"<android.graphics.drawable.BitmapDrawable: void inflate(android.content.res.Resources,org.xmlpull.v1.XmlPullParser,android.util.AttributeSet)>"
					],
					"depth":1,
					"method":"<android.graphics.drawable.BitmapDrawable: void inflate(android.content.res.Resources,org.xmlpull.v1.XmlPullParser,android.util.AttributeSet)>",
					"source":"FIELD"
				}
			],
			"keyAPIDiffClass":[
				{
					"trace":[
						"<android.graphics.drawable.Drawable: android.graphics.drawable.Drawable createFromXmlInner(android.content.res.Resources,org.xmlpull.v1.XmlPullParser,android.util.AttributeSet)>",
						"<android.graphics.drawable.BitmapDrawable: void inflate(android.content.res.Resources,org.xmlpull.v1.XmlPullParser,android.util.AttributeSet)>",
						"key field: <com.android.internal.R$styleable: int[] BitmapDrawable>",
						"<android.graphics.drawable.BitmapDrawable: void inflate(android.content.res.Resources,org.xmlpull.v1.XmlPullParser,android.util.AttributeSet)>"
					],
					"depth":2,
					"method":"<android.graphics.drawable.Drawable: android.graphics.drawable.Drawable createFromXmlInner(android.content.res.Resources,org.xmlpull.v1.XmlPullParser,android.util.AttributeSet)>",
					"source":"FIELDCALLER"
				},
				{
					"trace":[
						"<android.graphics.drawable.Drawable: android.graphics.drawable.Drawable createFromXml(android.content.res.Resources,org.xmlpull.v1.XmlPullParser)>",
						"<android.graphics.drawable.Drawable: android.graphics.drawable.Drawable createFromXmlInner(android.content.res.Resources,org.xmlpull.v1.XmlPullParser,android.util.AttributeSet)>",
						"<android.graphics.drawable.BitmapDrawable: void inflate(android.content.res.Resources,org.xmlpull.v1.XmlPullParser,android.util.AttributeSet)>",
						"key field: <com.android.internal.R$styleable: int[] BitmapDrawable>",
						"<android.graphics.drawable.BitmapDrawable: void inflate(android.content.res.Resources,org.xmlpull.v1.XmlPullParser,android.util.AttributeSet)>"
					],
					"depth":3,
					"method":"<android.graphics.drawable.Drawable: android.graphics.drawable.Drawable createFromXml(android.content.res.Resources,org.xmlpull.v1.XmlPullParser)>",
					"source":"FIELDCALLER"
				},
				{
					"trace":[
						"<android.graphics.drawable.ClipDrawable: void inflate(android.content.res.Resources,org.xmlpull.v1.XmlPullParser,android.util.AttributeSet)>",
						"<android.graphics.drawable.Drawable: android.graphics.drawable.Drawable createFromXmlInner(android.content.res.Resources,org.xmlpull.v1.XmlPullParser,android.util.AttributeSet)>",
						"<android.graphics.drawable.BitmapDrawable: void inflate(android.content.res.Resources,org.xmlpull.v1.XmlPullParser,android.util.AttributeSet)>",
						"key field: <com.android.internal.R$styleable: int[] BitmapDrawable>",
						"<android.graphics.drawable.BitmapDrawable: void inflate(android.content.res.Resources,org.xmlpull.v1.XmlPullParser,android.util.AttributeSet)>"
					],
					"depth":3,
					"method":"<android.graphics.drawable.ClipDrawable: void inflate(android.content.res.Resources,org.xmlpull.v1.XmlPullParser,android.util.AttributeSet)>",
					"source":"FIELDCALLER"
				},
				{
					"trace":[
						"<android.graphics.drawable.StateListDrawable: void inflate(android.content.res.Resources,org.xmlpull.v1.XmlPullParser,android.util.AttributeSet)>",
						"<android.graphics.drawable.Drawable: android.graphics.drawable.Drawable createFromXmlInner(android.content.res.Resources,org.xmlpull.v1.XmlPullParser,android.util.AttributeSet)>",
						"<android.graphics.drawable.BitmapDrawable: void inflate(android.content.res.Resources,org.xmlpull.v1.XmlPullParser,android.util.AttributeSet)>",
						"key field: <com.android.internal.R$styleable: int[] BitmapDrawable>",
						"<android.graphics.drawable.BitmapDrawable: void inflate(android.content.res.Resources,org.xmlpull.v1.XmlPullParser,android.util.AttributeSet)>"
					],
					"depth":3,
					"method":"<android.graphics.drawable.StateListDrawable: void inflate(android.content.res.Resources,org.xmlpull.v1.XmlPullParser,android.util.AttributeSet)>",
					"source":"FIELDCALLER"
				},
				{
					"trace":[
						"<android.graphics.drawable.RotateDrawable: void inflate(android.content.res.Resources,org.xmlpull.v1.XmlPullParser,android.util.AttributeSet)>",
						"<android.graphics.drawable.Drawable: android.graphics.drawable.Drawable createFromXmlInner(android.content.res.Resources,org.xmlpull.v1.XmlPullParser,android.util.AttributeSet)>",
						"<android.graphics.drawable.BitmapDrawable: void inflate(android.content.res.Resources,org.xmlpull.v1.XmlPullParser,android.util.AttributeSet)>",
						"key field: <com.android.internal.R$styleable: int[] BitmapDrawable>",
						"<android.graphics.drawable.BitmapDrawable: void inflate(android.content.res.Resources,org.xmlpull.v1.XmlPullParser,android.util.AttributeSet)>"
					],
					"depth":3,
					"method":"<android.graphics.drawable.RotateDrawable: void inflate(android.content.res.Resources,org.xmlpull.v1.XmlPullParser,android.util.AttributeSet)>",
					"source":"FIELDCALLER"
				},
				{
					"trace":[
						"<android.graphics.drawable.ScaleDrawable: void inflate(android.content.res.Resources,org.xmlpull.v1.XmlPullParser,android.util.AttributeSet)>",
						"<android.graphics.drawable.Drawable: android.graphics.drawable.Drawable createFromXmlInner(android.content.res.Resources,org.xmlpull.v1.XmlPullParser,android.util.AttributeSet)>",
						"<android.graphics.drawable.BitmapDrawable: void inflate(android.content.res.Resources,org.xmlpull.v1.XmlPullParser,android.util.AttributeSet)>",
						"key field: <com.android.internal.R$styleable: int[] BitmapDrawable>",
						"<android.graphics.drawable.BitmapDrawable: void inflate(android.content.res.Resources,org.xmlpull.v1.XmlPullParser,android.util.AttributeSet)>"
					],
					"depth":3,
					"method":"<android.graphics.drawable.ScaleDrawable: void inflate(android.content.res.Resources,org.xmlpull.v1.XmlPullParser,android.util.AttributeSet)>",
					"source":"FIELDCALLER"
				},
				{
					"trace":[
						"<android.graphics.drawable.AnimationDrawable: void inflate(android.content.res.Resources,org.xmlpull.v1.XmlPullParser,android.util.AttributeSet)>",
						"<android.graphics.drawable.Drawable: android.graphics.drawable.Drawable createFromXmlInner(android.content.res.Resources,org.xmlpull.v1.XmlPullParser,android.util.AttributeSet)>",
						"<android.graphics.drawable.BitmapDrawable: void inflate(android.content.res.Resources,org.xmlpull.v1.XmlPullParser,android.util.AttributeSet)>",
						"key field: <com.android.internal.R$styleable: int[] BitmapDrawable>",
						"<android.graphics.drawable.BitmapDrawable: void inflate(android.content.res.Resources,org.xmlpull.v1.XmlPullParser,android.util.AttributeSet)>"
					],
					"depth":3,
					"method":"<android.graphics.drawable.AnimationDrawable: void inflate(android.content.res.Resources,org.xmlpull.v1.XmlPullParser,android.util.AttributeSet)>",
					"source":"FIELDCALLER"
				},
				{
					"trace":[
						"<android.graphics.drawable.LevelListDrawable: void inflate(android.content.res.Resources,org.xmlpull.v1.XmlPullParser,android.util.AttributeSet)>",
						"<android.graphics.drawable.Drawable: android.graphics.drawable.Drawable createFromXmlInner(android.content.res.Resources,org.xmlpull.v1.XmlPullParser,android.util.AttributeSet)>",
						"<android.graphics.drawable.BitmapDrawable: void inflate(android.content.res.Resources,org.xmlpull.v1.XmlPullParser,android.util.AttributeSet)>",
						"key field: <com.android.internal.R$styleable: int[] BitmapDrawable>",
						"<android.graphics.drawable.BitmapDrawable: void inflate(android.content.res.Resources,org.xmlpull.v1.XmlPullParser,android.util.AttributeSet)>"
					],
					"depth":3,
					"method":"<android.graphics.drawable.LevelListDrawable: void inflate(android.content.res.Resources,org.xmlpull.v1.XmlPullParser,android.util.AttributeSet)>",
					"source":"FIELDCALLER"
				},
				{
					"trace":[
						"<android.graphics.drawable.InsetDrawable: void inflate(android.content.res.Resources,org.xmlpull.v1.XmlPullParser,android.util.AttributeSet)>",
						"<android.graphics.drawable.Drawable: android.graphics.drawable.Drawable createFromXmlInner(android.content.res.Resources,org.xmlpull.v1.XmlPullParser,android.util.AttributeSet)>",
						"<android.graphics.drawable.BitmapDrawable: void inflate(android.content.res.Resources,org.xmlpull.v1.XmlPullParser,android.util.AttributeSet)>",
						"key field: <com.android.internal.R$styleable: int[] BitmapDrawable>",
						"<android.graphics.drawable.BitmapDrawable: void inflate(android.content.res.Resources,org.xmlpull.v1.XmlPullParser,android.util.AttributeSet)>"
					],
					"depth":3,
					"method":"<android.graphics.drawable.InsetDrawable: void inflate(android.content.res.Resources,org.xmlpull.v1.XmlPullParser,android.util.AttributeSet)>",
					"source":"FIELDCALLER"
				},
				{
					"trace":[
						"<android.graphics.drawable.AnimatedRotateDrawable: void inflate(android.content.res.Resources,org.xmlpull.v1.XmlPullParser,android.util.AttributeSet)>",
						"<android.graphics.drawable.Drawable: android.graphics.drawable.Drawable createFromXmlInner(android.content.res.Resources,org.xmlpull.v1.XmlPullParser,android.util.AttributeSet)>",
						"<android.graphics.drawable.BitmapDrawable: void inflate(android.content.res.Resources,org.xmlpull.v1.XmlPullParser,android.util.AttributeSet)>",
						"key field: <com.android.internal.R$styleable: int[] BitmapDrawable>",
						"<android.graphics.drawable.BitmapDrawable: void inflate(android.content.res.Resources,org.xmlpull.v1.XmlPullParser,android.util.AttributeSet)>"
					],
					"depth":3,
					"method":"<android.graphics.drawable.AnimatedRotateDrawable: void inflate(android.content.res.Resources,org.xmlpull.v1.XmlPullParser,android.util.AttributeSet)>",
					"source":"FIELDCALLER"
				},
				{
					"trace":[
						"<android.graphics.drawable.MipmapDrawable: void inflate(android.content.res.Resources,org.xmlpull.v1.XmlPullParser,android.util.AttributeSet)>",
						"<android.graphics.drawable.Drawable: android.graphics.drawable.Drawable createFromXmlInner(android.content.res.Resources,org.xmlpull.v1.XmlPullParser,android.util.AttributeSet)>",
						"<android.graphics.drawable.BitmapDrawable: void inflate(android.content.res.Resources,org.xmlpull.v1.XmlPullParser,android.util.AttributeSet)>",
						"key field: <com.android.internal.R$styleable: int[] BitmapDrawable>",
						"<android.graphics.drawable.BitmapDrawable: void inflate(android.content.res.Resources,org.xmlpull.v1.XmlPullParser,android.util.AttributeSet)>"
					],
					"depth":3,
					"method":"<android.graphics.drawable.MipmapDrawable: void inflate(android.content.res.Resources,org.xmlpull.v1.XmlPullParser,android.util.AttributeSet)>",
					"source":"FIELDCALLER"
				},
				{
					"trace":[
						"<android.graphics.drawable.LayerDrawable: void inflate(android.content.res.Resources,org.xmlpull.v1.XmlPullParser,android.util.AttributeSet)>",
						"<android.graphics.drawable.Drawable: android.graphics.drawable.Drawable createFromXmlInner(android.content.res.Resources,org.xmlpull.v1.XmlPullParser,android.util.AttributeSet)>",
						"<android.graphics.drawable.BitmapDrawable: void inflate(android.content.res.Resources,org.xmlpull.v1.XmlPullParser,android.util.AttributeSet)>",
						"key field: <com.android.internal.R$styleable: int[] BitmapDrawable>",
						"<android.graphics.drawable.BitmapDrawable: void inflate(android.content.res.Resources,org.xmlpull.v1.XmlPullParser,android.util.AttributeSet)>"
					],
					"depth":3,
					"method":"<android.graphics.drawable.LayerDrawable: void inflate(android.content.res.Resources,org.xmlpull.v1.XmlPullParser,android.util.AttributeSet)>",
					"source":"FIELDCALLER"
				}
			],
			"callerOfSingnlar2SourceVar":{
				"<android.graphics.drawable.BitmapDrawable: void inflate(android.content.res.Resources,org.xmlpull.v1.XmlPullParser,android.util.AttributeSet)>":"2, 0"
			}
		}
	]
}