{
	"exceptions":[
		{
			"method":"<android.opengl.GLLogWrapper: java.nio.ByteBuffer toByteBuffer(int,java.nio.Buffer)>",
			"message":"\\QUnimplemented Buffer subclass.\\E",
			"relatedVarType":"Parameter",
			"relatedCondType":"Basic",
			"modifier":"private",
			"type":"java.lang.RuntimeException",
			"osVersionRelated":false,
			"resourceRelated":false,
			"assessRelated":false,
			"hardwareRelated":true,
			"manifestRelated":false,
			"conditions":"$z6 == 0, $z5 == 0, $z4 == 0",
			"paramValues":"@parameter1: java.nio.Buffer",
			"relatedValues":"@parameter1: java.nio.Buffer; ; ",
			"keyAPISameClassNum":0,
			"keyAPIDiffClassNum":0,
			"keyAPISameClass":[
				{
					"trace":[
						"<android.opengl.GLLogWrapper: java.nio.ByteBuffer toByteBuffer(int,java.nio.Buffer)>"
					],
					"depth":0,
					"method":"<android.opengl.GLLogWrapper: java.nio.ByteBuffer toByteBuffer(int,java.nio.Buffer)>",
					"source":"CALLER"
				},
				{
					"trace":[
						"<android.opengl.GLLogWrapper: void glDrawElements(int,int,int,java.nio.Buffer)>",
						"<android.opengl.GLLogWrapper: char[] toCharIndices(int,int,java.nio.Buffer)>",
						"<android.opengl.GLLogWrapper: java.nio.ByteBuffer toByteBuffer(int,java.nio.Buffer)>"
					],
					"depth":2,
					"method":"<android.opengl.GLLogWrapper: void glDrawElements(int,int,int,java.nio.Buffer)>",
					"source":"CALLER"
				}
			],
			"keyAPIDiffClass":[],
			"callerOfSingnlar2SourceVar":{
				"<android.opengl.GLLogWrapper: void glDrawElements(int,int,int,java.nio.Buffer)>":"3",
				"<android.opengl.GLLogWrapper: java.nio.ByteBuffer access$000(android.opengl.GLLogWrapper,int,java.nio.Buffer)>":"2",
				"<android.opengl.GLLogWrapper: char[] toCharIndices(int,int,java.nio.Buffer)>":"2",
				"<android.opengl.GLLogWrapper: java.nio.ByteBuffer toByteBuffer(int,java.nio.Buffer)>":"1"
			}
		}
	]
}