{
	"exceptions":[
		{
			"method":"<android.media.MediaMetadataRetriever: android.graphics.Bitmap getFrameAtTime(long,int)>",
			"message":"\\QUnsupported option: \\E[\\s\\S]*",
			"relatedVarType":"Parameter",
			"relatedCondType":"Basic",
			"modifier":"public",
			"type":"java.lang.IllegalArgumentException",
			"osVersionRelated":false,
			"resourceRelated":false,
			"assessRelated":false,
			"hardwareRelated":false,
			"manifestRelated":false,
			"conditions":"i0 < 0, i0 <= 3",
			"paramValues":"@parameter1: int",
			"relatedValues":"@parameter1: int; ; ",
			"keyAPISameClassNum":0,
			"keyAPIDiffClassNum":0,
			"keyAPISameClass":[
				{
					"trace":[
						"<android.media.MediaMetadataRetriever: android.graphics.Bitmap getFrameAtTime(long,int)>"
					],
					"depth":0,
					"method":"<android.media.MediaMetadataRetriever: android.graphics.Bitmap getFrameAtTime(long,int)>",
					"source":"CALLER"
				}
			],
			"keyAPIDiffClass":[],
			"callerOfSingnlar2SourceVar":{
				"<android.media.MediaMetadataRetriever: android.graphics.Bitmap getFrameAtTime(long,int)>":"1"
			}
		},
		{
			"method":"<android.media.MediaMetadataRetriever: void setDataSource(android.content.Context,android.net.Uri)>",
			"message":"[\\s\\S]*",
			"relatedVarType":"Parameter",
			"relatedCondType":"Basic",
			"modifier":"public",
			"type":"java.lang.IllegalArgumentException",
			"osVersionRelated":false,
			"resourceRelated":false,
			"assessRelated":false,
			"hardwareRelated":false,
			"manifestRelated":false,
			"conditions":"$z0 == 0, r1 == null, r0 != null",
			"paramValues":"@parameter1: android.net.Uri",
			"caughtValues":"@caughtexception",
			"relatedValues":"@parameter1: android.net.Uri; ; @caughtexception",
			"keyAPISameClassNum":0,
			"keyAPIDiffClassNum":0,
			"keyAPISameClass":[
				{
					"trace":[
						"<android.media.MediaMetadataRetriever: void setDataSource(android.content.Context,android.net.Uri)>"
					],
					"depth":0,
					"method":"<android.media.MediaMetadataRetriever: void setDataSource(android.content.Context,android.net.Uri)>",
					"source":"CALLER"
				}
			],
			"keyAPIDiffClass":[],
			"callerOfSingnlar2SourceVar":{
				"<android.media.MediaMetadataRetriever: void setDataSource(android.content.Context,android.net.Uri)>":"1"
			}
		},
		{
			"method":"<android.media.MediaMetadataRetriever: void setDataSource(android.content.Context,android.net.Uri)>",
			"message":"[\\s\\S]*",
			"relatedVarType":"Parameter",
			"relatedCondType":"Basic",
			"modifier":"public",
			"type":"java.lang.IllegalArgumentException",
			"osVersionRelated":false,
			"resourceRelated":false,
			"assessRelated":false,
			"hardwareRelated":false,
			"manifestRelated":false,
			"conditions":"r0 != null",
			"paramValues":"@parameter1: android.net.Uri",
			"relatedValues":"@parameter1: android.net.Uri; ; ",
			"keyAPISameClassNum":0,
			"keyAPIDiffClassNum":0,
			"keyAPISameClass":[
				{
					"trace":[
						"<android.media.MediaMetadataRetriever: void setDataSource(android.content.Context,android.net.Uri)>"
					],
					"depth":0,
					"method":"<android.media.MediaMetadataRetriever: void setDataSource(android.content.Context,android.net.Uri)>",
					"source":"CALLER"
				}
			],
			"keyAPIDiffClass":[],
			"callerOfSingnlar2SourceVar":{
				"<android.media.MediaMetadataRetriever: void setDataSource(android.content.Context,android.net.Uri)>":"1"
			}
		},
		{
			"method":"<android.media.MediaMetadataRetriever: void setDataSource(android.content.Context,android.net.Uri)>",
			"message":"[\\s\\S]*",
			"relatedVarType":"Parameter",
			"relatedCondType":"Basic",
			"modifier":"public",
			"type":"java.lang.IllegalArgumentException",
			"osVersionRelated":false,
			"resourceRelated":false,
			"assessRelated":false,
			"hardwareRelated":false,
			"manifestRelated":false,
			"conditions":"$z1 != 0, r6 != null, $z0 == 0",
			"paramValues":"@parameter1: android.net.Uri, @parameter0: android.content.Context",
			"relatedValues":"@parameter1: android.net.Uri, @parameter0: android.content.Context; ; ",
			"keyAPISameClassNum":0,
			"keyAPIDiffClassNum":0,
			"keyAPISameClass":[
				{
					"trace":[
						"<android.media.MediaMetadataRetriever: void setDataSource(android.content.Context,android.net.Uri)>"
					],
					"depth":0,
					"method":"<android.media.MediaMetadataRetriever: void setDataSource(android.content.Context,android.net.Uri)>",
					"source":"CALLER"
				}
			],
			"keyAPIDiffClass":[],
			"callerOfSingnlar2SourceVar":{
				"<android.media.MediaMetadataRetriever: void setDataSource(android.content.Context,android.net.Uri)>":"1, 0"
			}
		},
		{
			"method":"<android.media.MediaMetadataRetriever: void setDataSource(android.content.Context,android.net.Uri)>",
			"message":"[\\s\\S]*",
			"relatedVarType":"Parameter",
			"relatedCondType":"Basic",
			"modifier":"public",
			"type":"java.lang.IllegalArgumentException",
			"osVersionRelated":false,
			"resourceRelated":false,
			"assessRelated":false,
			"hardwareRelated":false,
			"manifestRelated":false,
			"conditions":"r6 != null, $z0 == 0, r1 == null",
			"paramValues":"@parameter1: android.net.Uri, @parameter0: android.content.Context",
			"relatedValues":"@parameter1: android.net.Uri, @parameter0: android.content.Context; ; ",
			"keyAPISameClassNum":0,
			"keyAPIDiffClassNum":0,
			"keyAPISameClass":[
				{
					"trace":[
						"<android.media.MediaMetadataRetriever: void setDataSource(android.content.Context,android.net.Uri)>"
					],
					"depth":0,
					"method":"<android.media.MediaMetadataRetriever: void setDataSource(android.content.Context,android.net.Uri)>",
					"source":"CALLER"
				}
			],
			"keyAPIDiffClass":[],
			"callerOfSingnlar2SourceVar":{
				"<android.media.MediaMetadataRetriever: void setDataSource(android.content.Context,android.net.Uri)>":"1, 0"
			}
		},
		{
			"method":"<android.media.MediaMetadataRetriever: void setDataSource(java.lang.String)>",
			"message":"[\\s\\S]*",
			"relatedVarType":"Unknown",
			"relatedCondType":"Empty",
			"modifier":"public",
			"type":"java.lang.IllegalArgumentException",
			"osVersionRelated":false,
			"resourceRelated":false,
			"assessRelated":false,
			"hardwareRelated":false,
			"manifestRelated":false,
			"caughtValues":"@caughtexception, @caughtexception",
			"relatedValues":"; ; @caughtexception, @caughtexception",
			"keyAPISameClassNum":0,
			"keyAPIDiffClassNum":0,
			"keyAPISameClass":[],
			"keyAPIDiffClass":[],
			"callerOfSingnlar2SourceVar":{}
		},
		{
			"method":"<android.media.MediaMetadataRetriever: void setDataSource(java.lang.String)>",
			"message":"[\\s\\S]*",
			"relatedVarType":"Unknown",
			"relatedCondType":"Empty",
			"modifier":"public",
			"type":"java.lang.IllegalArgumentException",
			"osVersionRelated":false,
			"resourceRelated":false,
			"assessRelated":false,
			"hardwareRelated":false,
			"manifestRelated":false,
			"caughtValues":"@caughtexception, @caughtexception",
			"relatedValues":"; ; @caughtexception, @caughtexception",
			"keyAPISameClassNum":0,
			"keyAPIDiffClassNum":0,
			"keyAPISameClass":[],
			"keyAPIDiffClass":[],
			"callerOfSingnlar2SourceVar":{}
		}
	]
}