{
	"exceptions":[
		{
			"method":"<android.content.ContentProvider: android.os.ParcelFileDescriptor openFile(android.net.Uri,java.lang.String)>",
			"message":"\\QNo files supported by provider at \\E[\\s\\S]*",
			"relatedVarType":"Empty",
			"relatedCondType":"Empty",
			"modifier":"public",
			"type":"java.io.FileNotFoundException",
			"osVersionRelated":false,
			"resourceRelated":false,
			"assessRelated":false,
			"hardwareRelated":true,
			"manifestRelated":false,
			"keyAPISameClassNum":0,
			"keyAPIDiffClassNum":0,
			"keyAPISameClass":[],
			"keyAPIDiffClass":[],
			"callerOfSingnlar2SourceVar":{}
		},
		{
			"method":"<android.content.ContentProvider: android.os.ParcelFileDescriptor openFileHelper(android.net.Uri,java.lang.String)>",
			"message":"\\QMultiple items at \\E[\\s\\S]*",
			"relatedVarType":"Parameter",
			"relatedCondType":"Basic",
			"modifier":"protected",
			"type":"java.io.FileNotFoundException",
			"osVersionRelated":false,
			"resourceRelated":false,
			"assessRelated":false,
			"hardwareRelated":true,
			"manifestRelated":false,
			"conditions":"i2 != 0, r3 == null, i2 == 1",
			"paramValues":"@parameter0: android.net.Uri",
			"relatedValues":"@parameter0: android.net.Uri; ; ",
			"keyAPISameClassNum":0,
			"keyAPIDiffClassNum":0,
			"keyAPISameClass":[
				{
					"trace":[
						"<android.content.ContentProvider: android.os.ParcelFileDescriptor openFileHelper(android.net.Uri,java.lang.String)>"
					],
					"depth":0,
					"method":"<android.content.ContentProvider: android.os.ParcelFileDescriptor openFileHelper(android.net.Uri,java.lang.String)>",
					"source":"CALLER"
				}
			],
			"keyAPIDiffClass":[],
			"callerOfSingnlar2SourceVar":{
				"<android.content.ContentProvider: android.os.ParcelFileDescriptor openFileHelper(android.net.Uri,java.lang.String)>":"0"
			}
		},
		{
			"method":"<android.content.ContentProvider: android.os.ParcelFileDescriptor openFileHelper(android.net.Uri,java.lang.String)>",
			"message":"\\QColumn _data not found.\\E",
			"relatedVarType":"Parameter",
			"relatedCondType":"Basic",
			"modifier":"protected",
			"type":"java.io.FileNotFoundException",
			"osVersionRelated":false,
			"resourceRelated":false,
			"assessRelated":false,
			"hardwareRelated":true,
			"manifestRelated":false,
			"conditions":"r18 != null, i0 < 0, i2 == 1",
			"paramValues":"@parameter0: android.net.Uri",
			"relatedValues":"@parameter0: android.net.Uri; ; ",
			"keyAPISameClassNum":0,
			"keyAPIDiffClassNum":0,
			"keyAPISameClass":[
				{
					"trace":[
						"<android.content.ContentProvider: android.os.ParcelFileDescriptor openFileHelper(android.net.Uri,java.lang.String)>"
					],
					"depth":0,
					"method":"<android.content.ContentProvider: android.os.ParcelFileDescriptor openFileHelper(android.net.Uri,java.lang.String)>",
					"source":"CALLER"
				}
			],
			"keyAPIDiffClass":[],
			"callerOfSingnlar2SourceVar":{
				"<android.content.ContentProvider: android.os.ParcelFileDescriptor openFileHelper(android.net.Uri,java.lang.String)>":"0"
			}
		},
		{
			"method":"<android.content.ContentProvider: android.os.ParcelFileDescriptor openFileHelper(android.net.Uri,java.lang.String)>",
			"message":"\\QNo entry for \\E[\\s\\S]*",
			"relatedVarType":"Parameter",
			"relatedCondType":"Basic",
			"modifier":"protected",
			"type":"java.io.FileNotFoundException",
			"osVersionRelated":false,
			"resourceRelated":false,
			"assessRelated":false,
			"hardwareRelated":true,
			"manifestRelated":false,
			"conditions":"i2 != 0, r3 == null, i2 == 1",
			"paramValues":"@parameter0: android.net.Uri",
			"relatedValues":"@parameter0: android.net.Uri; ; ",
			"keyAPISameClassNum":0,
			"keyAPIDiffClassNum":0,
			"keyAPISameClass":[
				{
					"trace":[
						"<android.content.ContentProvider: android.os.ParcelFileDescriptor openFileHelper(android.net.Uri,java.lang.String)>"
					],
					"depth":0,
					"method":"<android.content.ContentProvider: android.os.ParcelFileDescriptor openFileHelper(android.net.Uri,java.lang.String)>",
					"source":"CALLER"
				}
			],
			"keyAPIDiffClass":[],
			"callerOfSingnlar2SourceVar":{
				"<android.content.ContentProvider: android.os.ParcelFileDescriptor openFileHelper(android.net.Uri,java.lang.String)>":"0"
			}
		},
		{
			"method":"<android.content.ContentProvider: android.os.ParcelFileDescriptor openPipeHelper(android.net.Uri,java.lang.String,android.os.Bundle,java.lang.Object,android.content.ContentProvider$PipeDataWriter)>",
			"message":"\\Qfailure making pipe\\E",
			"relatedVarType":"Unknown",
			"relatedCondType":"Empty",
			"modifier":"public",
			"type":"java.io.FileNotFoundException",
			"osVersionRelated":false,
			"resourceRelated":false,
			"assessRelated":false,
			"hardwareRelated":true,
			"manifestRelated":false,
			"caughtValues":"@caughtexception",
			"relatedValues":"; ; @caughtexception",
			"keyAPISameClassNum":0,
			"keyAPIDiffClassNum":0,
			"keyAPISameClass":[],
			"keyAPIDiffClass":[],
			"callerOfSingnlar2SourceVar":{}
		},
		{
			"method":"<android.content.ContentProvider: android.content.res.AssetFileDescriptor openTypedAssetFile(android.net.Uri,java.lang.String,android.os.Bundle)>",
			"message":"\\QCan't open \\E[\\s\\S]*\\Q as type \\E[\\s\\S]*",
			"relatedVarType":"Parameter",
			"relatedCondType":"Basic",
			"modifier":"public",
			"type":"java.io.FileNotFoundException",
			"osVersionRelated":false,
			"resourceRelated":false,
			"assessRelated":false,
			"hardwareRelated":false,
			"manifestRelated":false,
			"conditions":"r4 == null, $z0 == 0, $z1 == 0",
			"paramValues":"@parameter0: android.net.Uri, @parameter1: java.lang.String",
			"relatedValues":"@parameter0: android.net.Uri, @parameter1: java.lang.String; ; ",
			"keyAPISameClassNum":0,
			"keyAPIDiffClassNum":0,
			"keyAPISameClass":[
				{
					"trace":[
						"<android.content.ContentProvider: android.content.res.AssetFileDescriptor openTypedAssetFile(android.net.Uri,java.lang.String,android.os.Bundle)>"
					],
					"depth":0,
					"method":"<android.content.ContentProvider: android.content.res.AssetFileDescriptor openTypedAssetFile(android.net.Uri,java.lang.String,android.os.Bundle)>",
					"source":"CALLER"
				}
			],
			"keyAPIDiffClass":[
				{
					"trace":[
						"<android.content.ContentProvider$Transport: android.content.res.AssetFileDescriptor openTypedAssetFile(java.lang.String,android.net.Uri,java.lang.String,android.os.Bundle)>",
						"<android.content.ContentProvider: android.content.res.AssetFileDescriptor openTypedAssetFile(android.net.Uri,java.lang.String,android.os.Bundle)>"
					],
					"depth":1,
					"method":"<android.content.ContentProvider$Transport: android.content.res.AssetFileDescriptor openTypedAssetFile(java.lang.String,android.net.Uri,java.lang.String,android.os.Bundle)>",
					"source":"CALLER"
				}
			],
			"callerOfSingnlar2SourceVar":{
				"<android.content.ContentProvider$Transport: android.content.res.AssetFileDescriptor openTypedAssetFile(java.lang.String,android.net.Uri,java.lang.String,android.os.Bundle)>":"1, 2",
				"<android.content.ContentProvider: android.content.res.AssetFileDescriptor openTypedAssetFile(android.net.Uri,java.lang.String,android.os.Bundle)>":"0, 1"
			}
		}
	]
}