{
	"exceptions":[
		{
			"method":"<android.filterpacks.videosink.MediaEncoderFilter: void startRecording(android.filterfw.core.FilterContext)>",
			"message":"\\QUnknown Exception inMediaRecorder.prepare()!\\E",
			"relatedVarType":"Field",
			"relatedCondType":"Basic",
			"modifier":"private",
			"type":"java.lang.RuntimeException",
			"osVersionRelated":false,
			"resourceRelated":false,
			"assessRelated":false,
			"hardwareRelated":false,
			"manifestRelated":false,
			"conditions":"z2 != 0, $i3 <= 0, $i0 <= 0",
			"fieldValues":"<android.filterpacks.videosink.MediaEncoderFilter: int mHeight>, <android.filterpacks.videosink.MediaEncoderFilter: int mWidth>",
			"caughtValues":"@caughtexception",
			"relatedValues":"; <android.filterpacks.videosink.MediaEncoderFilter: int mHeight>, <android.filterpacks.videosink.MediaEncoderFilter: int mWidth>; @caughtexception",
			"keyAPISameClassNum":1,
			"keyAPIDiffClassNum":0,
			"keyAPISameClass":[
				{
					"trace":[
						"<android.filterpacks.videosink.MediaEncoderFilter: void startRecording(android.filterfw.core.FilterContext)>"
					],
					"depth":1,
					"method":"<android.filterpacks.videosink.MediaEncoderFilter: void <init>(java.lang.String)>",
					"source":"FIELD"
				}
			],
			"keyAPIDiffClass":[],
			"callerOfSingnlar2SourceVar":{}
		},
		{
			"method":"<android.filterpacks.videosink.MediaEncoderFilter: void startRecording(android.filterfw.core.FilterContext)>",
			"message":"\\QIOException inMediaRecorder.prepare()!\\E",
			"relatedVarType":"Field",
			"relatedCondType":"Basic",
			"modifier":"private",
			"type":"java.lang.RuntimeException",
			"osVersionRelated":false,
			"resourceRelated":false,
			"assessRelated":false,
			"hardwareRelated":false,
			"manifestRelated":false,
			"conditions":"z2 != 0, $i3 <= 0, $i0 <= 0",
			"fieldValues":"<android.filterpacks.videosink.MediaEncoderFilter: int mHeight>, <android.filterpacks.videosink.MediaEncoderFilter: int mWidth>",
			"caughtValues":"@caughtexception",
			"relatedValues":"; <android.filterpacks.videosink.MediaEncoderFilter: int mHeight>, <android.filterpacks.videosink.MediaEncoderFilter: int mWidth>; @caughtexception",
			"keyAPISameClassNum":1,
			"keyAPIDiffClassNum":0,
			"keyAPISameClass":[
				{
					"trace":[
						"<android.filterpacks.videosink.MediaEncoderFilter: void startRecording(android.filterfw.core.FilterContext)>"
					],
					"depth":1,
					"method":"<android.filterpacks.videosink.MediaEncoderFilter: void <init>(java.lang.String)>",
					"source":"FIELD"
				}
			],
			"keyAPIDiffClass":[],
			"callerOfSingnlar2SourceVar":{}
		},
		{
			"method":"<android.filterpacks.videosink.MediaEncoderFilter: void stopRecording(android.filterfw.core.FilterContext)>",
			"message":"\\QMediaRecorder.stop() failed!\\E",
			"relatedVarType":"Field",
			"relatedCondType":"Basic",
			"modifier":"private",
			"type":"android.filterpacks.videosink.MediaRecorderStopException",
			"osVersionRelated":false,
			"resourceRelated":false,
			"assessRelated":false,
			"hardwareRelated":false,
			"manifestRelated":false,
			"conditions":"$z1 == 0, $z0 == 0",
			"fieldValues":"<android.filterpacks.videosink.MediaEncoderFilter: boolean mLogVerbose>",
			"caughtValues":"@caughtexception",
			"relatedValues":"; <android.filterpacks.videosink.MediaEncoderFilter: boolean mLogVerbose>; @caughtexception",
			"keyAPISameClassNum":1,
			"keyAPIDiffClassNum":0,
			"keyAPISameClass":[
				{
					"trace":[
						"<android.filterpacks.videosink.MediaEncoderFilter: void stopRecording(android.filterfw.core.FilterContext)>"
					],
					"depth":1,
					"method":"<android.filterpacks.videosink.MediaEncoderFilter: void <init>(java.lang.String)>",
					"source":"FIELD"
				}
			],
			"keyAPIDiffClass":[],
			"callerOfSingnlar2SourceVar":{}
		},
		{
			"method":"<android.filterpacks.videosink.MediaEncoderFilter: void fieldPortValueUpdated(java.lang.String,android.filterfw.core.FilterContext)>",
			"message":"\\QCannot change recording parameters when the filter is recording!\\E",
			"relatedVarType":"ParaAndField",
			"relatedCondType":"Basic",
			"modifier":"public",
			"type":"java.lang.RuntimeException",
			"osVersionRelated":false,
			"resourceRelated":false,
			"assessRelated":false,
			"hardwareRelated":false,
			"manifestRelated":false,
			"conditions":"$z4 == 0, $z3 == 0, $z2 == 0",
			"paramValues":"@parameter0: java.lang.String",
			"fieldValues":"<android.filterpacks.videosink.MediaEncoderFilter: boolean mRecordingActive>",
			"relatedValues":"@parameter0: java.lang.String; <android.filterpacks.videosink.MediaEncoderFilter: boolean mRecordingActive>; ",
			"keyAPISameClassNum":5,
			"keyAPIDiffClassNum":0,
			"keyAPISameClass":[
				{
					"trace":[
						"<android.filterpacks.videosink.MediaEncoderFilter: void fieldPortValueUpdated(java.lang.String,android.filterfw.core.FilterContext)>"
					],
					"depth":1,
					"method":"<android.filterpacks.videosink.MediaEncoderFilter: void <init>(java.lang.String)>",
					"source":"FIELD"
				},
				{
					"trace":[
						"<android.filterpacks.videosink.MediaEncoderFilter: void fieldPortValueUpdated(java.lang.String,android.filterfw.core.FilterContext)>"
					],
					"depth":1,
					"method":"<android.filterpacks.videosink.MediaEncoderFilter: void prepare(android.filterfw.core.FilterContext)>",
					"source":"FIELD"
				},
				{
					"trace":[
						"<android.filterpacks.videosink.MediaEncoderFilter: void open(android.filterfw.core.FilterContext)>",
						"<android.filterpacks.videosink.MediaEncoderFilter: void startRecording(android.filterfw.core.FilterContext)>",
						"key field: <android.filterpacks.videosink.MediaEncoderFilter: boolean mRecordingActive>",
						"<android.filterpacks.videosink.MediaEncoderFilter: void fieldPortValueUpdated(java.lang.String,android.filterfw.core.FilterContext)>"
					],
					"depth":2,
					"method":"<android.filterpacks.videosink.MediaEncoderFilter: void open(android.filterfw.core.FilterContext)>",
					"source":"FIELDCALLER"
				},
				{
					"trace":[
						"<android.filterpacks.videosink.MediaEncoderFilter: void process(android.filterfw.core.FilterContext)>",
						"<android.filterpacks.videosink.MediaEncoderFilter: void startRecording(android.filterfw.core.FilterContext)>",
						"key field: <android.filterpacks.videosink.MediaEncoderFilter: boolean mRecordingActive>",
						"<android.filterpacks.videosink.MediaEncoderFilter: void fieldPortValueUpdated(java.lang.String,android.filterfw.core.FilterContext)>"
					],
					"depth":2,
					"method":"<android.filterpacks.videosink.MediaEncoderFilter: void process(android.filterfw.core.FilterContext)>",
					"source":"FIELDCALLER"
				},
				{
					"trace":[
						"<android.filterpacks.videosink.MediaEncoderFilter: void close(android.filterfw.core.FilterContext)>",
						"<android.filterpacks.videosink.MediaEncoderFilter: void stopRecording(android.filterfw.core.FilterContext)>",
						"key field: <android.filterpacks.videosink.MediaEncoderFilter: boolean mRecordingActive>",
						"<android.filterpacks.videosink.MediaEncoderFilter: void fieldPortValueUpdated(java.lang.String,android.filterfw.core.FilterContext)>"
					],
					"depth":2,
					"method":"<android.filterpacks.videosink.MediaEncoderFilter: void close(android.filterfw.core.FilterContext)>",
					"source":"FIELDCALLER"
				}
			],
			"keyAPIDiffClass":[],
			"callerOfSingnlar2SourceVar":{
				"<android.filterpacks.videosink.MediaEncoderFilter: void fieldPortValueUpdated(java.lang.String,android.filterfw.core.FilterContext)>":"0"
			}
		}
	]
}