{
	"exceptions":[
		{
			"method":"<android.media.effect.FilterGraphEffect: void createGraph(java.lang.String)>",
			"message":"\\QCould not setup effect\\E",
			"relatedVarType":"Field",
			"relatedCondType":"Basic",
			"modifier":"private",
			"type":"java.lang.RuntimeException",
			"osVersionRelated":false,
			"resourceRelated":false,
			"assessRelated":false,
			"hardwareRelated":false,
			"manifestRelated":false,
			"conditions":"$r5 != null",
			"fieldValues":"<android.media.effect.FilterGraphEffect: android.filterfw.core.FilterGraph mGraph>",
			"relatedValues":"; <android.media.effect.FilterGraphEffect: android.filterfw.core.FilterGraph mGraph>; ",
			"keyAPISameClassNum":3,
			"keyAPIDiffClassNum":1,
			"keyAPISameClass":[
				{
					"trace":[
						"<android.media.effect.FilterGraphEffect: void createGraph(java.lang.String)>"
					],
					"depth":1,
					"method":"<android.media.effect.FilterGraphEffect: void apply(int,int,int,int)>",
					"source":"FIELD"
				},
				{
					"trace":[
						"<android.media.effect.FilterGraphEffect: void createGraph(java.lang.String)>"
					],
					"depth":1,
					"method":"<android.media.effect.FilterGraphEffect: void release()>",
					"source":"FIELD"
				},
				{
					"trace":[
						"<android.media.effect.FilterGraphEffect: void <init>(android.media.effect.EffectContext,java.lang.String,java.lang.String,java.lang.String,java.lang.String,java.lang.Class)>",
						"<android.media.effect.FilterGraphEffect: void createGraph(java.lang.String)>",
						"key field: <android.media.effect.FilterGraphEffect: android.filterfw.core.FilterGraph mGraph>",
						"<android.media.effect.FilterGraphEffect: void createGraph(java.lang.String)>"
					],
					"depth":2,
					"method":"<android.media.effect.FilterGraphEffect: void <init>(android.media.effect.EffectContext,java.lang.String,java.lang.String,java.lang.String,java.lang.String,java.lang.Class)>",
					"source":"FIELDCALLER"
				}
			],
			"keyAPIDiffClass":[
				{
					"trace":[
						"<android.media.effect.effects.BackDropperEffect: void <init>(android.media.effect.EffectContext,java.lang.String)>",
						"<android.media.effect.FilterGraphEffect: void <init>(android.media.effect.EffectContext,java.lang.String,java.lang.String,java.lang.String,java.lang.String,java.lang.Class)>",
						"<android.media.effect.FilterGraphEffect: void createGraph(java.lang.String)>",
						"key field: <android.media.effect.FilterGraphEffect: android.filterfw.core.FilterGraph mGraph>",
						"<android.media.effect.FilterGraphEffect: void createGraph(java.lang.String)>"
					],
					"depth":3,
					"method":"<android.media.effect.effects.BackDropperEffect: void <init>(android.media.effect.EffectContext,java.lang.String)>",
					"source":"FIELDCALLER"
				}
			],
			"callerOfSingnlar2SourceVar":{}
		},
		{
			"method":"<android.media.effect.FilterGraphEffect: void createGraph(java.lang.String)>",
			"message":"\\QCould not setup effect\\E",
			"relatedVarType":"Unknown",
			"relatedCondType":"Empty",
			"modifier":"private",
			"type":"java.lang.RuntimeException",
			"osVersionRelated":false,
			"resourceRelated":false,
			"assessRelated":false,
			"hardwareRelated":false,
			"manifestRelated":false,
			"caughtValues":"@caughtexception",
			"relatedValues":"; ; @caughtexception",
			"keyAPISameClassNum":0,
			"keyAPIDiffClassNum":0,
			"keyAPISameClass":[],
			"keyAPIDiffClass":[],
			"callerOfSingnlar2SourceVar":{}
		},
		{
			"method":"<android.media.effect.FilterGraphEffect: void apply(int,int,int,int)>",
			"message":"\\QInternal error applying effect\\E",
			"relatedVarType":"Field",
			"relatedCondType":"Basic",
			"modifier":"public",
			"type":"java.lang.RuntimeException",
			"osVersionRelated":false,
			"resourceRelated":false,
			"assessRelated":false,
			"hardwareRelated":false,
			"manifestRelated":false,
			"conditions":"r10 == null, r3 == null",
			"fieldValues":"<android.media.effect.FilterGraphEffect: java.lang.String mOutputName>, <android.media.effect.FilterGraphEffect: java.lang.String mInputName>",
			"relatedValues":"; <android.media.effect.FilterGraphEffect: java.lang.String mOutputName>, <android.media.effect.FilterGraphEffect: java.lang.String mInputName>; ",
			"keyAPISameClassNum":2,
			"keyAPIDiffClassNum":1,
			"keyAPISameClass":[
				{
					"trace":[
						"<android.media.effect.FilterGraphEffect: void apply(int,int,int,int)>"
					],
					"depth":1,
					"method":"<android.media.effect.FilterGraphEffect: void <init>(android.media.effect.EffectContext,java.lang.String,java.lang.String,java.lang.String,java.lang.String,java.lang.Class)>",
					"source":"FIELD"
				},
				{
					"trace":[
						"<android.media.effect.FilterGraphEffect: void apply(int,int,int,int)>"
					],
					"depth":1,
					"method":"<android.media.effect.FilterGraphEffect: void apply(int,int,int,int)>",
					"source":"FIELD"
				}
			],
			"keyAPIDiffClass":[
				{
					"trace":[
						"<android.media.effect.effects.BackDropperEffect: void <init>(android.media.effect.EffectContext,java.lang.String)>",
						"<android.media.effect.FilterGraphEffect: void <init>(android.media.effect.EffectContext,java.lang.String,java.lang.String,java.lang.String,java.lang.String,java.lang.Class)>",
						"key field: <android.media.effect.FilterGraphEffect: java.lang.String mOutputName>",
						"<android.media.effect.FilterGraphEffect: void apply(int,int,int,int)>"
					],
					"depth":2,
					"method":"<android.media.effect.effects.BackDropperEffect: void <init>(android.media.effect.EffectContext,java.lang.String)>",
					"source":"FIELDCALLER"
				}
			],
			"callerOfSingnlar2SourceVar":{}
		},
		{
			"method":"<android.media.effect.FilterGraphEffect: void apply(int,int,int,int)>",
			"message":"\\QInternal error applying effect: \\E",
			"relatedVarType":"Field",
			"relatedCondType":"Basic",
			"modifier":"public",
			"type":"java.lang.RuntimeException",
			"osVersionRelated":false,
			"resourceRelated":false,
			"assessRelated":false,
			"hardwareRelated":false,
			"manifestRelated":false,
			"conditions":"r10 == null, r3 == null",
			"fieldValues":"<android.media.effect.FilterGraphEffect: java.lang.String mOutputName>, <android.media.effect.FilterGraphEffect: java.lang.String mInputName>",
			"caughtValues":"@caughtexception",
			"relatedValues":"; <android.media.effect.FilterGraphEffect: java.lang.String mOutputName>, <android.media.effect.FilterGraphEffect: java.lang.String mInputName>; @caughtexception",
			"keyAPISameClassNum":2,
			"keyAPIDiffClassNum":1,
			"keyAPISameClass":[
				{
					"trace":[
						"<android.media.effect.FilterGraphEffect: void apply(int,int,int,int)>"
					],
					"depth":1,
					"method":"<android.media.effect.FilterGraphEffect: void <init>(android.media.effect.EffectContext,java.lang.String,java.lang.String,java.lang.String,java.lang.String,java.lang.Class)>",
					"source":"FIELD"
				},
				{
					"trace":[
						"<android.media.effect.FilterGraphEffect: void apply(int,int,int,int)>"
					],
					"depth":1,
					"method":"<android.media.effect.FilterGraphEffect: void apply(int,int,int,int)>",
					"source":"FIELD"
				}
			],
			"keyAPIDiffClass":[
				{
					"trace":[
						"<android.media.effect.effects.BackDropperEffect: void <init>(android.media.effect.EffectContext,java.lang.String)>",
						"<android.media.effect.FilterGraphEffect: void <init>(android.media.effect.EffectContext,java.lang.String,java.lang.String,java.lang.String,java.lang.String,java.lang.Class)>",
						"key field: <android.media.effect.FilterGraphEffect: java.lang.String mOutputName>",
						"<android.media.effect.FilterGraphEffect: void apply(int,int,int,int)>"
					],
					"depth":2,
					"method":"<android.media.effect.effects.BackDropperEffect: void <init>(android.media.effect.EffectContext,java.lang.String)>",
					"source":"FIELDCALLER"
				}
			],
			"callerOfSingnlar2SourceVar":{}
		},
		{
			"method":"<android.media.effect.FilterGraphEffect: void apply(int,int,int,int)>",
			"message":"\\QInternal error applying effect\\E",
			"relatedVarType":"Field",
			"relatedCondType":"Basic",
			"modifier":"public",
			"type":"java.lang.RuntimeException",
			"osVersionRelated":false,
			"resourceRelated":false,
			"assessRelated":false,
			"hardwareRelated":false,
			"manifestRelated":false,
			"conditions":"r3 == null",
			"fieldValues":"<android.media.effect.FilterGraphEffect: java.lang.String mInputName>",
			"relatedValues":"; <android.media.effect.FilterGraphEffect: java.lang.String mInputName>; ",
			"keyAPISameClassNum":2,
			"keyAPIDiffClassNum":1,
			"keyAPISameClass":[
				{
					"trace":[
						"<android.media.effect.FilterGraphEffect: void apply(int,int,int,int)>"
					],
					"depth":1,
					"method":"<android.media.effect.FilterGraphEffect: void <init>(android.media.effect.EffectContext,java.lang.String,java.lang.String,java.lang.String,java.lang.String,java.lang.Class)>",
					"source":"FIELD"
				},
				{
					"trace":[
						"<android.media.effect.FilterGraphEffect: void apply(int,int,int,int)>"
					],
					"depth":1,
					"method":"<android.media.effect.FilterGraphEffect: void apply(int,int,int,int)>",
					"source":"FIELD"
				}
			],
			"keyAPIDiffClass":[
				{
					"trace":[
						"<android.media.effect.effects.BackDropperEffect: void <init>(android.media.effect.EffectContext,java.lang.String)>",
						"<android.media.effect.FilterGraphEffect: void <init>(android.media.effect.EffectContext,java.lang.String,java.lang.String,java.lang.String,java.lang.String,java.lang.Class)>",
						"key field: <android.media.effect.FilterGraphEffect: java.lang.String mInputName>",
						"<android.media.effect.FilterGraphEffect: void apply(int,int,int,int)>"
					],
					"depth":2,
					"method":"<android.media.effect.effects.BackDropperEffect: void <init>(android.media.effect.EffectContext,java.lang.String)>",
					"source":"FIELDCALLER"
				}
			],
			"callerOfSingnlar2SourceVar":{}
		}
	]
}