{
	"exceptions":[
		{
			"method":"<android.media.RemoteControlClient$MetadataEditor: java.lang.Object clone()>",
			"message":"[\\s\\S]*",
			"relatedVarType":"Empty",
			"relatedCondType":"Empty",
			"modifier":"public",
			"type":"java.lang.CloneNotSupportedException",
			"osVersionRelated":false,
			"resourceRelated":false,
			"assessRelated":false,
			"hardwareRelated":false,
			"manifestRelated":false,
			"keyAPISameClassNum":0,
			"keyAPIDiffClassNum":0,
			"keyAPISameClass":[],
			"keyAPIDiffClass":[],
			"callerOfSingnlar2SourceVar":{}
		},
		{
			"method":"<android.media.RemoteControlClient$MetadataEditor: android.media.RemoteControlClient$MetadataEditor putBitmap(int,android.graphics.Bitmap)>",
			"message":"\\QInvalid type 'Bitmap' for key \\E[\\s\\S]*",
			"relatedVarType":"ParaAndField",
			"relatedCondType":"Basic",
			"modifier":"public",
			"type":"java.lang.IllegalArgumentException",
			"osVersionRelated":false,
			"resourceRelated":false,
			"assessRelated":false,
			"hardwareRelated":false,
			"manifestRelated":false,
			"conditions":"i0 == 100, $z0 == 0",
			"paramValues":"@parameter0: int",
			"fieldValues":"<android.media.RemoteControlClient$MetadataEditor: boolean mApplied>",
			"relatedValues":"@parameter0: int; <android.media.RemoteControlClient$MetadataEditor: boolean mApplied>; ",
			"keyAPISameClassNum":1,
			"keyAPIDiffClassNum":1,
			"keyAPISameClass":[
				{
					"trace":[
						"<android.media.RemoteControlClient$MetadataEditor: android.media.RemoteControlClient$MetadataEditor putBitmap(int,android.graphics.Bitmap)>"
					],
					"depth":1,
					"method":"<android.media.RemoteControlClient$MetadataEditor: void apply()>",
					"source":"FIELD"
				}
			],
			"keyAPIDiffClass":[
				{
					"trace":[
						"<android.media.RemoteControlClient: android.media.RemoteControlClient$MetadataEditor editMetadata(boolean)>",
						"<android.media.RemoteControlClient$MetadataEditor: void <init>(android.media.RemoteControlClient,android.media.RemoteControlClient$1)>",
						"<android.media.RemoteControlClient$MetadataEditor: void <init>(android.media.RemoteControlClient)>",
						"key field: <android.media.RemoteControlClient$MetadataEditor: boolean mApplied>",
						"<android.media.RemoteControlClient$MetadataEditor: android.media.RemoteControlClient$MetadataEditor putBitmap(int,android.graphics.Bitmap)>"
					],
					"depth":3,
					"method":"<android.media.RemoteControlClient: android.media.RemoteControlClient$MetadataEditor editMetadata(boolean)>",
					"source":"FIELDCALLER"
				}
			],
			"callerOfSingnlar2SourceVar":{
				"<android.media.RemoteControlClient$MetadataEditor: android.media.RemoteControlClient$MetadataEditor putBitmap(int,android.graphics.Bitmap)>":"0"
			}
		},
		{
			"method":"<android.media.RemoteControlClient$MetadataEditor: android.media.RemoteControlClient$MetadataEditor putLong(int,long)>",
			"message":"\\QInvalid type 'long' for key \\E[\\s\\S]*",
			"relatedVarType":"ParaAndField",
			"relatedCondType":"Basic",
			"modifier":"public",
			"type":"java.lang.IllegalArgumentException",
			"osVersionRelated":false,
			"resourceRelated":false,
			"assessRelated":false,
			"hardwareRelated":false,
			"manifestRelated":false,
			"conditions":"$z1 != 0, $z0 == 0",
			"paramValues":"@parameter0: int",
			"fieldValues":"<android.media.RemoteControlClient$MetadataEditor: boolean mApplied>",
			"relatedValues":"@parameter0: int; <android.media.RemoteControlClient$MetadataEditor: boolean mApplied>; ",
			"keyAPISameClassNum":1,
			"keyAPIDiffClassNum":1,
			"keyAPISameClass":[
				{
					"trace":[
						"<android.media.RemoteControlClient$MetadataEditor: android.media.RemoteControlClient$MetadataEditor putLong(int,long)>"
					],
					"depth":1,
					"method":"<android.media.RemoteControlClient$MetadataEditor: void apply()>",
					"source":"FIELD"
				}
			],
			"keyAPIDiffClass":[
				{
					"trace":[
						"<android.media.RemoteControlClient: android.media.RemoteControlClient$MetadataEditor editMetadata(boolean)>",
						"<android.media.RemoteControlClient$MetadataEditor: void <init>(android.media.RemoteControlClient,android.media.RemoteControlClient$1)>",
						"<android.media.RemoteControlClient$MetadataEditor: void <init>(android.media.RemoteControlClient)>",
						"key field: <android.media.RemoteControlClient$MetadataEditor: boolean mApplied>",
						"<android.media.RemoteControlClient$MetadataEditor: android.media.RemoteControlClient$MetadataEditor putLong(int,long)>"
					],
					"depth":3,
					"method":"<android.media.RemoteControlClient: android.media.RemoteControlClient$MetadataEditor editMetadata(boolean)>",
					"source":"FIELDCALLER"
				}
			],
			"callerOfSingnlar2SourceVar":{
				"<android.media.RemoteControlClient$MetadataEditor: android.media.RemoteControlClient$MetadataEditor putLong(int,long)>":"0"
			}
		},
		{
			"method":"<android.media.RemoteControlClient$MetadataEditor: android.media.RemoteControlClient$MetadataEditor putString(int,java.lang.String)>",
			"message":"\\QInvalid type 'String' for key \\E[\\s\\S]*",
			"relatedVarType":"ParaAndField",
			"relatedCondType":"Basic",
			"modifier":"public",
			"type":"java.lang.IllegalArgumentException",
			"osVersionRelated":false,
			"resourceRelated":false,
			"assessRelated":false,
			"hardwareRelated":false,
			"manifestRelated":false,
			"conditions":"$z1 != 0, $z0 == 0",
			"paramValues":"@parameter0: int",
			"fieldValues":"<android.media.RemoteControlClient$MetadataEditor: boolean mApplied>",
			"relatedValues":"@parameter0: int; <android.media.RemoteControlClient$MetadataEditor: boolean mApplied>; ",
			"keyAPISameClassNum":1,
			"keyAPIDiffClassNum":1,
			"keyAPISameClass":[
				{
					"trace":[
						"<android.media.RemoteControlClient$MetadataEditor: android.media.RemoteControlClient$MetadataEditor putString(int,java.lang.String)>"
					],
					"depth":1,
					"method":"<android.media.RemoteControlClient$MetadataEditor: void apply()>",
					"source":"FIELD"
				}
			],
			"keyAPIDiffClass":[
				{
					"trace":[
						"<android.media.RemoteControlClient: android.media.RemoteControlClient$MetadataEditor editMetadata(boolean)>",
						"<android.media.RemoteControlClient$MetadataEditor: void <init>(android.media.RemoteControlClient,android.media.RemoteControlClient$1)>",
						"<android.media.RemoteControlClient$MetadataEditor: void <init>(android.media.RemoteControlClient)>",
						"key field: <android.media.RemoteControlClient$MetadataEditor: boolean mApplied>",
						"<android.media.RemoteControlClient$MetadataEditor: android.media.RemoteControlClient$MetadataEditor putString(int,java.lang.String)>"
					],
					"depth":3,
					"method":"<android.media.RemoteControlClient: android.media.RemoteControlClient$MetadataEditor editMetadata(boolean)>",
					"source":"FIELDCALLER"
				}
			],
			"callerOfSingnlar2SourceVar":{
				"<android.media.RemoteControlClient$MetadataEditor: android.media.RemoteControlClient$MetadataEditor putString(int,java.lang.String)>":"0"
			}
		}
	]
}