{
	"exceptions":[
		{
			"method":"<android.bluetooth.BluetoothDevice: void <init>(java.lang.String)>",
			"message":"[\\s\\S]*\\Q is not a valid Bluetooth address\\E",
			"relatedVarType":"Parameter",
			"relatedCondType":"Basic",
			"modifier":"default",
			"type":"java.lang.IllegalArgumentException",
			"osVersionRelated":false,
			"resourceRelated":false,
			"assessRelated":false,
			"hardwareRelated":false,
			"manifestRelated":false,
			"conditions":"$z0 != 0",
			"paramValues":"@parameter0: java.lang.String",
			"relatedValues":"@parameter0: java.lang.String; ; ",
			"keyAPISameClassNum":0,
			"keyAPIDiffClassNum":0,
			"keyAPISameClass":[
				{
					"trace":[
						"<android.bluetooth.BluetoothDevice: void <init>(java.lang.String)>"
					],
					"depth":0,
					"method":"<android.bluetooth.BluetoothDevice: void <init>(java.lang.String)>",
					"source":"CALLER"
				}
			],
			"keyAPIDiffClass":[
				{
					"trace":[
						"<android.bluetooth.BluetoothDevice$2: android.bluetooth.BluetoothDevice createFromParcel(android.os.Parcel)>",
						"<android.bluetooth.BluetoothDevice: void <init>(java.lang.String)>"
					],
					"depth":1,
					"method":"<android.bluetooth.BluetoothDevice$2: android.bluetooth.BluetoothDevice createFromParcel(android.os.Parcel)>",
					"source":"CALLER"
				},
				{
					"trace":[
						"<android.os.Parcelable$Creator: java.lang.Object createFromParcel(android.os.Parcel)>",
						"<android.bluetooth.BluetoothDevice: void <init>(java.lang.String)>"
					],
					"depth":1,
					"method":"<android.os.Parcelable$Creator: java.lang.Object createFromParcel(android.os.Parcel)>",
					"source":"CALLER"
				},
				{
					"trace":[
						"<android.bluetooth.BluetoothAdapter: android.bluetooth.BluetoothDevice getRemoteDevice(java.lang.String)>",
						"<android.bluetooth.BluetoothDevice: void <init>(java.lang.String)>"
					],
					"depth":1,
					"method":"<android.bluetooth.BluetoothAdapter: android.bluetooth.BluetoothDevice getRemoteDevice(java.lang.String)>",
					"source":"CALLER"
				},
				{
					"trace":[
						"<android.bluetooth.BluetoothDevice$2: java.lang.Object createFromParcel(android.os.Parcel)>",
						"<android.bluetooth.BluetoothDevice$2: android.bluetooth.BluetoothDevice createFromParcel(android.os.Parcel)>",
						"<android.bluetooth.BluetoothDevice: void <init>(java.lang.String)>"
					],
					"depth":2,
					"method":"<android.bluetooth.BluetoothDevice$2: java.lang.Object createFromParcel(android.os.Parcel)>",
					"source":"CALLER"
				},
				{
					"trace":[
						"<android.bluetooth.BluetoothAdapter$GattCallbackWrapper: void onScanResult(java.lang.String,int,byte[])>",
						"<android.bluetooth.BluetoothAdapter: android.bluetooth.BluetoothDevice getRemoteDevice(java.lang.String)>",
						"<android.bluetooth.BluetoothDevice: void <init>(java.lang.String)>"
					],
					"depth":2,
					"method":"<android.bluetooth.BluetoothAdapter$GattCallbackWrapper: void onScanResult(java.lang.String,int,byte[])>",
					"source":"CALLER"
				},
				{
					"trace":[
						"<android.bluetooth.BluetoothGattServer$1: void onExecuteWrite(java.lang.String,int,boolean)>",
						"<android.bluetooth.BluetoothAdapter: android.bluetooth.BluetoothDevice getRemoteDevice(java.lang.String)>",
						"<android.bluetooth.BluetoothDevice: void <init>(java.lang.String)>"
					],
					"depth":2,
					"method":"<android.bluetooth.BluetoothGattServer$1: void onExecuteWrite(java.lang.String,int,boolean)>",
					"source":"CALLER"
				},
				{
					"trace":[
						"<android.bluetooth.BluetoothGattServer$1: void onDescriptorWriteRequest(java.lang.String,int,int,int,boolean,boolean,int,int,android.os.ParcelUuid,int,android.os.ParcelUuid,android.os.ParcelUuid,byte[])>",
						"<android.bluetooth.BluetoothAdapter: android.bluetooth.BluetoothDevice getRemoteDevice(java.lang.String)>",
						"<android.bluetooth.BluetoothDevice: void <init>(java.lang.String)>"
					],
					"depth":2,
					"method":"<android.bluetooth.BluetoothGattServer$1: void onDescriptorWriteRequest(java.lang.String,int,int,int,boolean,boolean,int,int,android.os.ParcelUuid,int,android.os.ParcelUuid,android.os.ParcelUuid,byte[])>",
					"source":"CALLER"
				},
				{
					"trace":[
						"<android.bluetooth.BluetoothGattServer$1: void onCharacteristicWriteRequest(java.lang.String,int,int,int,boolean,boolean,int,int,android.os.ParcelUuid,int,android.os.ParcelUuid,byte[])>",
						"<android.bluetooth.BluetoothAdapter: android.bluetooth.BluetoothDevice getRemoteDevice(java.lang.String)>",
						"<android.bluetooth.BluetoothDevice: void <init>(java.lang.String)>"
					],
					"depth":2,
					"method":"<android.bluetooth.BluetoothGattServer$1: void onCharacteristicWriteRequest(java.lang.String,int,int,int,boolean,boolean,int,int,android.os.ParcelUuid,int,android.os.ParcelUuid,byte[])>",
					"source":"CALLER"
				},
				{
					"trace":[
						"<android.bluetooth.BluetoothGattServer$1: void onDescriptorReadRequest(java.lang.String,int,int,boolean,int,int,android.os.ParcelUuid,int,android.os.ParcelUuid,android.os.ParcelUuid)>",
						"<android.bluetooth.BluetoothAdapter: android.bluetooth.BluetoothDevice getRemoteDevice(java.lang.String)>",
						"<android.bluetooth.BluetoothDevice: void <init>(java.lang.String)>"
					],
					"depth":2,
					"method":"<android.bluetooth.BluetoothGattServer$1: void onDescriptorReadRequest(java.lang.String,int,int,boolean,int,int,android.os.ParcelUuid,int,android.os.ParcelUuid,android.os.ParcelUuid)>",
					"source":"CALLER"
				},
				{
					"trace":[
						"<android.bluetooth.BluetoothGattServer$1: void onCharacteristicReadRequest(java.lang.String,int,int,boolean,int,int,android.os.ParcelUuid,int,android.os.ParcelUuid)>",
						"<android.bluetooth.BluetoothAdapter: android.bluetooth.BluetoothDevice getRemoteDevice(java.lang.String)>",
						"<android.bluetooth.BluetoothDevice: void <init>(java.lang.String)>"
					],
					"depth":2,
					"method":"<android.bluetooth.BluetoothGattServer$1: void onCharacteristicReadRequest(java.lang.String,int,int,boolean,int,int,android.os.ParcelUuid,int,android.os.ParcelUuid)>",
					"source":"CALLER"
				},
				{
					"trace":[
						"<android.bluetooth.BluetoothGattServer$1: void onServerConnectionState(int,int,boolean,java.lang.String)>",
						"<android.bluetooth.BluetoothAdapter: android.bluetooth.BluetoothDevice getRemoteDevice(java.lang.String)>",
						"<android.bluetooth.BluetoothDevice: void <init>(java.lang.String)>"
					],
					"depth":2,
					"method":"<android.bluetooth.BluetoothGattServer$1: void onServerConnectionState(int,int,boolean,java.lang.String)>",
					"source":"CALLER"
				}
			],
			"callerOfSingnlar2SourceVar":{
				"<android.bluetooth.BluetoothGattServer$1: void onDescriptorWriteRequest(java.lang.String,int,int,int,boolean,boolean,int,int,android.os.ParcelUuid,int,android.os.ParcelUuid,android.os.ParcelUuid,byte[])>":"0",
				"<android.bluetooth.BluetoothSocket: android.bluetooth.BluetoothSocket acceptSocket(java.lang.String)>":"0",
				"<android.bluetooth.BluetoothGattServer$1: void onExecuteWrite(java.lang.String,int,boolean)>":"0",
				"<android.bluetooth.BluetoothGattServer$1: void onCharacteristicWriteRequest(java.lang.String,int,int,int,boolean,boolean,int,int,android.os.ParcelUuid,int,android.os.ParcelUuid,byte[])>":"0",
				"<android.bluetooth.BluetoothAdapter: android.bluetooth.BluetoothDevice getRemoteDevice(java.lang.String)>":"0",
				"<android.bluetooth.BluetoothGattServer$1: void onCharacteristicReadRequest(java.lang.String,int,int,boolean,int,int,android.os.ParcelUuid,int,android.os.ParcelUuid)>":"0",
				"<android.bluetooth.BluetoothSocket: void <init>(int,int,boolean,boolean,java.lang.String,int)>":"4",
				"<android.bluetooth.BluetoothGattServer$1: void onDescriptorReadRequest(java.lang.String,int,int,boolean,int,int,android.os.ParcelUuid,int,android.os.ParcelUuid,android.os.ParcelUuid)>":"0",
				"<android.bluetooth.BluetoothGattServer$1: void onServerConnectionState(int,int,boolean,java.lang.String)>":"3",
				"<android.bluetooth.BluetoothDevice: void <init>(java.lang.String)>":"0",
				"<android.bluetooth.BluetoothAdapter$GattCallbackWrapper: void onScanResult(java.lang.String,int,byte[])>":"0"
			}
		}
	]
}