{
	"exceptions":[
		{
			"method":"<android.media.videoeditor.MediaItem: void <init>(android.media.videoeditor.VideoEditor,java.lang.String,java.lang.String,int)>",
			"message":"[\\s\\S]*\\Q not found ! \\E",
			"relatedVarType":"Parameter",
			"relatedCondType":"Basic",
			"modifier":"protected",
			"type":"java.io.IOException",
			"osVersionRelated":false,
			"resourceRelated":false,
			"assessRelated":false,
			"hardwareRelated":false,
			"manifestRelated":false,
			"conditions":"$z0 != 0, r1 != null",
			"paramValues":"@parameter2: java.lang.String",
			"relatedValues":"@parameter2: java.lang.String; ; ",
			"keyAPISameClassNum":0,
			"keyAPIDiffClassNum":0,
			"keyAPISameClass":[
				{
					"trace":[
						"<android.media.videoeditor.MediaItem: void <init>(android.media.videoeditor.VideoEditor,java.lang.String,java.lang.String,int)>"
					],
					"depth":0,
					"method":"<android.media.videoeditor.MediaItem: void <init>(android.media.videoeditor.VideoEditor,java.lang.String,java.lang.String,int)>",
					"source":"CALLER"
				}
			],
			"keyAPIDiffClass":[
				{
					"trace":[
						"<android.media.videoeditor.MediaImageItem: void <init>(android.media.videoeditor.VideoEditor,java.lang.String,java.lang.String,long,int)>",
						"<android.media.videoeditor.MediaItem: void <init>(android.media.videoeditor.VideoEditor,java.lang.String,java.lang.String,int)>"
					],
					"depth":1,
					"method":"<android.media.videoeditor.MediaImageItem: void <init>(android.media.videoeditor.VideoEditor,java.lang.String,java.lang.String,long,int)>",
					"source":"CALLER"
				},
				{
					"trace":[
						"<android.media.videoeditor.MediaVideoItem: void <init>(android.media.videoeditor.VideoEditor,java.lang.String,java.lang.String,int)>",
						"<android.media.videoeditor.MediaVideoItem: void <init>(android.media.videoeditor.VideoEditor,java.lang.String,java.lang.String,int,long,long,int,boolean,java.lang.String)>",
						"<android.media.videoeditor.MediaItem: void <init>(android.media.videoeditor.VideoEditor,java.lang.String,java.lang.String,int)>"
					],
					"depth":2,
					"method":"<android.media.videoeditor.MediaVideoItem: void <init>(android.media.videoeditor.VideoEditor,java.lang.String,java.lang.String,int)>",
					"source":"CALLER"
				}
			],
			"callerOfSingnlar2SourceVar":{
				"<android.media.videoeditor.MediaVideoItem: void <init>(android.media.videoeditor.VideoEditor,java.lang.String,java.lang.String,int)>":"2",
				"<android.media.videoeditor.MediaImageItem: void <init>(android.media.videoeditor.VideoEditor,java.lang.String,java.lang.String,long,int)>":"2",
				"<android.media.videoeditor.MediaItem: void <init>(android.media.videoeditor.VideoEditor,java.lang.String,java.lang.String,int)>":"2",
				"<android.media.videoeditor.MediaVideoItem: void <init>(android.media.videoeditor.VideoEditor,java.lang.String,java.lang.String,int,long,long,int,boolean,java.lang.String)>":"2"
			}
		},
		{
			"method":"<android.media.videoeditor.MediaItem: void <init>(android.media.videoeditor.VideoEditor,java.lang.String,java.lang.String,int)>",
			"message":"\\QMediaItem : filename is null\\E",
			"relatedVarType":"Parameter",
			"relatedCondType":"Basic",
			"modifier":"protected",
			"type":"java.lang.IllegalArgumentException",
			"osVersionRelated":false,
			"resourceRelated":false,
			"assessRelated":false,
			"hardwareRelated":false,
			"manifestRelated":false,
			"conditions":"r1 != null",
			"paramValues":"@parameter2: java.lang.String",
			"relatedValues":"@parameter2: java.lang.String; ; ",
			"keyAPISameClassNum":0,
			"keyAPIDiffClassNum":0,
			"keyAPISameClass":[
				{
					"trace":[
						"<android.media.videoeditor.MediaItem: void <init>(android.media.videoeditor.VideoEditor,java.lang.String,java.lang.String,int)>"
					],
					"depth":0,
					"method":"<android.media.videoeditor.MediaItem: void <init>(android.media.videoeditor.VideoEditor,java.lang.String,java.lang.String,int)>",
					"source":"CALLER"
				}
			],
			"keyAPIDiffClass":[
				{
					"trace":[
						"<android.media.videoeditor.MediaImageItem: void <init>(android.media.videoeditor.VideoEditor,java.lang.String,java.lang.String,long,int)>",
						"<android.media.videoeditor.MediaItem: void <init>(android.media.videoeditor.VideoEditor,java.lang.String,java.lang.String,int)>"
					],
					"depth":1,
					"method":"<android.media.videoeditor.MediaImageItem: void <init>(android.media.videoeditor.VideoEditor,java.lang.String,java.lang.String,long,int)>",
					"source":"CALLER"
				},
				{
					"trace":[
						"<android.media.videoeditor.MediaVideoItem: void <init>(android.media.videoeditor.VideoEditor,java.lang.String,java.lang.String,int)>",
						"<android.media.videoeditor.MediaVideoItem: void <init>(android.media.videoeditor.VideoEditor,java.lang.String,java.lang.String,int,long,long,int,boolean,java.lang.String)>",
						"<android.media.videoeditor.MediaItem: void <init>(android.media.videoeditor.VideoEditor,java.lang.String,java.lang.String,int)>"
					],
					"depth":2,
					"method":"<android.media.videoeditor.MediaVideoItem: void <init>(android.media.videoeditor.VideoEditor,java.lang.String,java.lang.String,int)>",
					"source":"CALLER"
				}
			],
			"callerOfSingnlar2SourceVar":{
				"<android.media.videoeditor.MediaVideoItem: void <init>(android.media.videoeditor.VideoEditor,java.lang.String,java.lang.String,int)>":"2",
				"<android.media.videoeditor.MediaImageItem: void <init>(android.media.videoeditor.VideoEditor,java.lang.String,java.lang.String,long,int)>":"2",
				"<android.media.videoeditor.MediaItem: void <init>(android.media.videoeditor.VideoEditor,java.lang.String,java.lang.String,int)>":"2",
				"<android.media.videoeditor.MediaVideoItem: void <init>(android.media.videoeditor.VideoEditor,java.lang.String,java.lang.String,int,long,long,int,boolean,java.lang.String)>":"2"
			}
		},
		{
			"method":"<android.media.videoeditor.MediaItem: void <init>(android.media.videoeditor.VideoEditor,java.lang.String,java.lang.String,int)>",
			"message":"\\QFile size is more than 2GB\\E",
			"relatedVarType":"Parameter",
			"relatedCondType":"Basic",
			"modifier":"protected",
			"type":"java.lang.IllegalArgumentException",
			"osVersionRelated":false,
			"resourceRelated":false,
			"assessRelated":false,
			"hardwareRelated":false,
			"manifestRelated":false,
			"conditions":"$b1 > 0, $z0 != 0, r1 != null",
			"paramValues":"@parameter2: java.lang.String",
			"relatedValues":"@parameter2: java.lang.String; ; ",
			"keyAPISameClassNum":0,
			"keyAPIDiffClassNum":0,
			"keyAPISameClass":[
				{
					"trace":[
						"<android.media.videoeditor.MediaItem: void <init>(android.media.videoeditor.VideoEditor,java.lang.String,java.lang.String,int)>"
					],
					"depth":0,
					"method":"<android.media.videoeditor.MediaItem: void <init>(android.media.videoeditor.VideoEditor,java.lang.String,java.lang.String,int)>",
					"source":"CALLER"
				}
			],
			"keyAPIDiffClass":[
				{
					"trace":[
						"<android.media.videoeditor.MediaImageItem: void <init>(android.media.videoeditor.VideoEditor,java.lang.String,java.lang.String,long,int)>",
						"<android.media.videoeditor.MediaItem: void <init>(android.media.videoeditor.VideoEditor,java.lang.String,java.lang.String,int)>"
					],
					"depth":1,
					"method":"<android.media.videoeditor.MediaImageItem: void <init>(android.media.videoeditor.VideoEditor,java.lang.String,java.lang.String,long,int)>",
					"source":"CALLER"
				},
				{
					"trace":[
						"<android.media.videoeditor.MediaVideoItem: void <init>(android.media.videoeditor.VideoEditor,java.lang.String,java.lang.String,int)>",
						"<android.media.videoeditor.MediaVideoItem: void <init>(android.media.videoeditor.VideoEditor,java.lang.String,java.lang.String,int,long,long,int,boolean,java.lang.String)>",
						"<android.media.videoeditor.MediaItem: void <init>(android.media.videoeditor.VideoEditor,java.lang.String,java.lang.String,int)>"
					],
					"depth":2,
					"method":"<android.media.videoeditor.MediaVideoItem: void <init>(android.media.videoeditor.VideoEditor,java.lang.String,java.lang.String,int)>",
					"source":"CALLER"
				}
			],
			"callerOfSingnlar2SourceVar":{
				"<android.media.videoeditor.MediaVideoItem: void <init>(android.media.videoeditor.VideoEditor,java.lang.String,java.lang.String,int)>":"2",
				"<android.media.videoeditor.MediaImageItem: void <init>(android.media.videoeditor.VideoEditor,java.lang.String,java.lang.String,long,int)>":"2",
				"<android.media.videoeditor.MediaItem: void <init>(android.media.videoeditor.VideoEditor,java.lang.String,java.lang.String,int)>":"2",
				"<android.media.videoeditor.MediaVideoItem: void <init>(android.media.videoeditor.VideoEditor,java.lang.String,java.lang.String,int,long,long,int,boolean,java.lang.String)>":"2"
			}
		},
		{
			"method":"<android.media.videoeditor.MediaItem: void addEffect(android.media.videoeditor.Effect)>",
			"message":"\\QEffect already exists: \\E[\\s\\S]*",
			"relatedVarType":"ParaAndField",
			"relatedCondType":"Basic",
			"modifier":"public",
			"type":"java.lang.IllegalArgumentException",
			"osVersionRelated":false,
			"resourceRelated":false,
			"assessRelated":false,
			"hardwareRelated":false,
			"manifestRelated":false,
			"conditions":"$z0 == 0, $r1 == r2, r0 != null",
			"paramValues":"@parameter0: android.media.videoeditor.Effect",
			"fieldValues":"<android.media.videoeditor.MediaItem: java.util.List mEffects>",
			"relatedValues":"@parameter0: android.media.videoeditor.Effect; <android.media.videoeditor.MediaItem: java.util.List mEffects>; ",
			"keyAPISameClassNum":3,
			"keyAPIDiffClassNum":6,
			"keyAPISameClass":[
				{
					"trace":[
						"<android.media.videoeditor.MediaItem: void addEffect(android.media.videoeditor.Effect)>"
					],
					"depth":1,
					"method":"<android.media.videoeditor.MediaItem: void addEffect(android.media.videoeditor.Effect)>",
					"source":"FIELD"
				},
				{
					"trace":[
						"<android.media.videoeditor.MediaItem: void addEffect(android.media.videoeditor.Effect)>"
					],
					"depth":1,
					"method":"<android.media.videoeditor.MediaItem: android.media.videoeditor.Effect getEffect(java.lang.String)>",
					"source":"FIELD"
				},
				{
					"trace":[
						"<android.media.videoeditor.MediaItem: void addEffect(android.media.videoeditor.Effect)>"
					],
					"depth":1,
					"method":"<android.media.videoeditor.MediaItem: android.media.videoeditor.Effect removeEffect(java.lang.String)>",
					"source":"FIELD"
				}
			],
			"keyAPIDiffClass":[
				{
					"trace":[
						"<android.media.videoeditor.MediaImageItem: void <init>(android.media.videoeditor.VideoEditor,java.lang.String,java.lang.String,long,int)>",
						"<android.media.videoeditor.MediaItem: void <init>(android.media.videoeditor.VideoEditor,java.lang.String,java.lang.String,int)>",
						"key field: <android.media.videoeditor.MediaItem: java.util.List mEffects>",
						"<android.media.videoeditor.MediaItem: void addEffect(android.media.videoeditor.Effect)>"
					],
					"depth":2,
					"method":"<android.media.videoeditor.MediaImageItem: void <init>(android.media.videoeditor.VideoEditor,java.lang.String,java.lang.String,long,int)>",
					"source":"FIELDCALLER"
				},
				{
					"trace":[
						"<android.media.videoeditor.MediaVideoItem: void addEffect(android.media.videoeditor.Effect)>",
						"<android.media.videoeditor.MediaItem: void addEffect(android.media.videoeditor.Effect)>",
						"key field: <android.media.videoeditor.MediaItem: java.util.List mEffects>",
						"<android.media.videoeditor.MediaItem: void addEffect(android.media.videoeditor.Effect)>"
					],
					"depth":2,
					"method":"<android.media.videoeditor.MediaVideoItem: void addEffect(android.media.videoeditor.Effect)>",
					"source":"FIELDCALLER"
				},
				{
					"trace":[
						"<android.media.videoeditor.MediaVideoItem: void <init>(android.media.videoeditor.VideoEditor,java.lang.String,java.lang.String,int)>",
						"<android.media.videoeditor.MediaVideoItem: void <init>(android.media.videoeditor.VideoEditor,java.lang.String,java.lang.String,int,long,long,int,boolean,java.lang.String)>",
						"<android.media.videoeditor.MediaItem: void <init>(android.media.videoeditor.VideoEditor,java.lang.String,java.lang.String,int)>",
						"key field: <android.media.videoeditor.MediaItem: java.util.List mEffects>",
						"<android.media.videoeditor.MediaItem: void addEffect(android.media.videoeditor.Effect)>"
					],
					"depth":3,
					"method":"<android.media.videoeditor.MediaVideoItem: void <init>(android.media.videoeditor.VideoEditor,java.lang.String,java.lang.String,int)>",
					"source":"FIELDCALLER"
				},
				{
					"trace":[
						"<android.media.videoeditor.VideoEditorImpl: void <init>(java.lang.String)>",
						"<android.media.videoeditor.VideoEditorImpl: void load()>",
						"<android.media.videoeditor.VideoEditorImpl: android.media.videoeditor.MediaItem parseMediaItem(org.xmlpull.v1.XmlPullParser)>",
						"<android.media.videoeditor.MediaImageItem: void <init>(android.media.videoeditor.VideoEditor,java.lang.String,java.lang.String,long,int)>",
						"<android.media.videoeditor.MediaItem: void <init>(android.media.videoeditor.VideoEditor,java.lang.String,java.lang.String,int)>",
						"key field: <android.media.videoeditor.MediaItem: java.util.List mEffects>",
						"<android.media.videoeditor.MediaItem: void addEffect(android.media.videoeditor.Effect)>"
					],
					"depth":5,
					"method":"<android.media.videoeditor.VideoEditorImpl: void <init>(java.lang.String)>",
					"source":"FIELDCALLER"
				},
				{
					"trace":[
						"<android.media.videoeditor.VideoEditorFactory: android.media.videoeditor.VideoEditor create(java.lang.String)>",
						"<android.media.videoeditor.VideoEditorImpl: void <init>(java.lang.String)>",
						"<android.media.videoeditor.VideoEditorImpl: void load()>",
						"<android.media.videoeditor.VideoEditorImpl: android.media.videoeditor.MediaItem parseMediaItem(org.xmlpull.v1.XmlPullParser)>",
						"<android.media.videoeditor.MediaImageItem: void <init>(android.media.videoeditor.VideoEditor,java.lang.String,java.lang.String,long,int)>",
						"<android.media.videoeditor.MediaItem: void <init>(android.media.videoeditor.VideoEditor,java.lang.String,java.lang.String,int)>",
						"key field: <android.media.videoeditor.MediaItem: java.util.List mEffects>",
						"<android.media.videoeditor.MediaItem: void addEffect(android.media.videoeditor.Effect)>"
					],
					"depth":6,
					"method":"<android.media.videoeditor.VideoEditorFactory: android.media.videoeditor.VideoEditor create(java.lang.String)>",
					"source":"FIELDCALLER"
				},
				{
					"trace":[
						"<android.media.videoeditor.VideoEditorFactory: android.media.videoeditor.VideoEditor load(java.lang.String,boolean)>",
						"<android.media.videoeditor.VideoEditorImpl: void <init>(java.lang.String)>",
						"<android.media.videoeditor.VideoEditorImpl: void load()>",
						"<android.media.videoeditor.VideoEditorImpl: android.media.videoeditor.MediaItem parseMediaItem(org.xmlpull.v1.XmlPullParser)>",
						"<android.media.videoeditor.MediaImageItem: void <init>(android.media.videoeditor.VideoEditor,java.lang.String,java.lang.String,long,int)>",
						"<android.media.videoeditor.MediaItem: void <init>(android.media.videoeditor.VideoEditor,java.lang.String,java.lang.String,int)>",
						"key field: <android.media.videoeditor.MediaItem: java.util.List mEffects>",
						"<android.media.videoeditor.MediaItem: void addEffect(android.media.videoeditor.Effect)>"
					],
					"depth":6,
					"method":"<android.media.videoeditor.VideoEditorFactory: android.media.videoeditor.VideoEditor load(java.lang.String,boolean)>",
					"source":"FIELDCALLER"
				}
			],
			"callerOfSingnlar2SourceVar":{
				"<android.media.videoeditor.MediaVideoItem: void addEffect(android.media.videoeditor.Effect)>":"0",
				"<android.media.videoeditor.MediaItem: void addEffect(android.media.videoeditor.Effect)>":"0"
			}
		},
		{
			"method":"<android.media.videoeditor.MediaItem: void addEffect(android.media.videoeditor.Effect)>",
			"message":"\\QNULL effect cannot be applied\\E",
			"relatedVarType":"Parameter",
			"relatedCondType":"Basic",
			"modifier":"public",
			"type":"java.lang.IllegalArgumentException",
			"osVersionRelated":false,
			"resourceRelated":false,
			"assessRelated":false,
			"hardwareRelated":false,
			"manifestRelated":false,
			"conditions":"r0 != null",
			"paramValues":"@parameter0: android.media.videoeditor.Effect",
			"relatedValues":"@parameter0: android.media.videoeditor.Effect; ; ",
			"keyAPISameClassNum":0,
			"keyAPIDiffClassNum":0,
			"keyAPISameClass":[
				{
					"trace":[
						"<android.media.videoeditor.MediaItem: void addEffect(android.media.videoeditor.Effect)>"
					],
					"depth":0,
					"method":"<android.media.videoeditor.MediaItem: void addEffect(android.media.videoeditor.Effect)>",
					"source":"CALLER"
				}
			],
			"keyAPIDiffClass":[
				{
					"trace":[
						"<android.media.videoeditor.MediaVideoItem: void addEffect(android.media.videoeditor.Effect)>",
						"<android.media.videoeditor.MediaItem: void addEffect(android.media.videoeditor.Effect)>"
					],
					"depth":1,
					"method":"<android.media.videoeditor.MediaVideoItem: void addEffect(android.media.videoeditor.Effect)>",
					"source":"CALLER"
				}
			],
			"callerOfSingnlar2SourceVar":{
				"<android.media.videoeditor.MediaVideoItem: void addEffect(android.media.videoeditor.Effect)>":"0",
				"<android.media.videoeditor.MediaItem: void addEffect(android.media.videoeditor.Effect)>":"0"
			}
		},
		{
			"method":"<android.media.videoeditor.MediaItem: void addEffect(android.media.videoeditor.Effect)>",
			"message":"\\QEffect start time + effect duration > media clip duration\\E",
			"relatedVarType":"ParaAndField",
			"relatedCondType":"Basic",
			"modifier":"public",
			"type":"java.lang.IllegalArgumentException",
			"osVersionRelated":false,
			"resourceRelated":false,
			"assessRelated":false,
			"hardwareRelated":false,
			"manifestRelated":false,
			"conditions":"$b4 <= 0, $z0 == 0, $r1 == r2",
			"paramValues":"@parameter0: android.media.videoeditor.Effect",
			"fieldValues":"<android.media.videoeditor.MediaItem: java.util.List mEffects>",
			"relatedValues":"@parameter0: android.media.videoeditor.Effect; <android.media.videoeditor.MediaItem: java.util.List mEffects>; ",
			"keyAPISameClassNum":3,
			"keyAPIDiffClassNum":6,
			"keyAPISameClass":[
				{
					"trace":[
						"<android.media.videoeditor.MediaItem: void addEffect(android.media.videoeditor.Effect)>"
					],
					"depth":1,
					"method":"<android.media.videoeditor.MediaItem: void addEffect(android.media.videoeditor.Effect)>",
					"source":"FIELD"
				},
				{
					"trace":[
						"<android.media.videoeditor.MediaItem: void addEffect(android.media.videoeditor.Effect)>"
					],
					"depth":1,
					"method":"<android.media.videoeditor.MediaItem: android.media.videoeditor.Effect getEffect(java.lang.String)>",
					"source":"FIELD"
				},
				{
					"trace":[
						"<android.media.videoeditor.MediaItem: void addEffect(android.media.videoeditor.Effect)>"
					],
					"depth":1,
					"method":"<android.media.videoeditor.MediaItem: android.media.videoeditor.Effect removeEffect(java.lang.String)>",
					"source":"FIELD"
				}
			],
			"keyAPIDiffClass":[
				{
					"trace":[
						"<android.media.videoeditor.MediaImageItem: void <init>(android.media.videoeditor.VideoEditor,java.lang.String,java.lang.String,long,int)>",
						"<android.media.videoeditor.MediaItem: void <init>(android.media.videoeditor.VideoEditor,java.lang.String,java.lang.String,int)>",
						"key field: <android.media.videoeditor.MediaItem: java.util.List mEffects>",
						"<android.media.videoeditor.MediaItem: void addEffect(android.media.videoeditor.Effect)>"
					],
					"depth":2,
					"method":"<android.media.videoeditor.MediaImageItem: void <init>(android.media.videoeditor.VideoEditor,java.lang.String,java.lang.String,long,int)>",
					"source":"FIELDCALLER"
				},
				{
					"trace":[
						"<android.media.videoeditor.MediaVideoItem: void addEffect(android.media.videoeditor.Effect)>",
						"<android.media.videoeditor.MediaItem: void addEffect(android.media.videoeditor.Effect)>",
						"key field: <android.media.videoeditor.MediaItem: java.util.List mEffects>",
						"<android.media.videoeditor.MediaItem: void addEffect(android.media.videoeditor.Effect)>"
					],
					"depth":2,
					"method":"<android.media.videoeditor.MediaVideoItem: void addEffect(android.media.videoeditor.Effect)>",
					"source":"FIELDCALLER"
				},
				{
					"trace":[
						"<android.media.videoeditor.MediaVideoItem: void <init>(android.media.videoeditor.VideoEditor,java.lang.String,java.lang.String,int)>",
						"<android.media.videoeditor.MediaVideoItem: void <init>(android.media.videoeditor.VideoEditor,java.lang.String,java.lang.String,int,long,long,int,boolean,java.lang.String)>",
						"<android.media.videoeditor.MediaItem: void <init>(android.media.videoeditor.VideoEditor,java.lang.String,java.lang.String,int)>",
						"key field: <android.media.videoeditor.MediaItem: java.util.List mEffects>",
						"<android.media.videoeditor.MediaItem: void addEffect(android.media.videoeditor.Effect)>"
					],
					"depth":3,
					"method":"<android.media.videoeditor.MediaVideoItem: void <init>(android.media.videoeditor.VideoEditor,java.lang.String,java.lang.String,int)>",
					"source":"FIELDCALLER"
				},
				{
					"trace":[
						"<android.media.videoeditor.VideoEditorImpl: void <init>(java.lang.String)>",
						"<android.media.videoeditor.VideoEditorImpl: void load()>",
						"<android.media.videoeditor.VideoEditorImpl: android.media.videoeditor.MediaItem parseMediaItem(org.xmlpull.v1.XmlPullParser)>",
						"<android.media.videoeditor.MediaImageItem: void <init>(android.media.videoeditor.VideoEditor,java.lang.String,java.lang.String,long,int)>",
						"<android.media.videoeditor.MediaItem: void <init>(android.media.videoeditor.VideoEditor,java.lang.String,java.lang.String,int)>",
						"key field: <android.media.videoeditor.MediaItem: java.util.List mEffects>",
						"<android.media.videoeditor.MediaItem: void addEffect(android.media.videoeditor.Effect)>"
					],
					"depth":5,
					"method":"<android.media.videoeditor.VideoEditorImpl: void <init>(java.lang.String)>",
					"source":"FIELDCALLER"
				},
				{
					"trace":[
						"<android.media.videoeditor.VideoEditorFactory: android.media.videoeditor.VideoEditor create(java.lang.String)>",
						"<android.media.videoeditor.VideoEditorImpl: void <init>(java.lang.String)>",
						"<android.media.videoeditor.VideoEditorImpl: void load()>",
						"<android.media.videoeditor.VideoEditorImpl: android.media.videoeditor.MediaItem parseMediaItem(org.xmlpull.v1.XmlPullParser)>",
						"<android.media.videoeditor.MediaImageItem: void <init>(android.media.videoeditor.VideoEditor,java.lang.String,java.lang.String,long,int)>",
						"<android.media.videoeditor.MediaItem: void <init>(android.media.videoeditor.VideoEditor,java.lang.String,java.lang.String,int)>",
						"key field: <android.media.videoeditor.MediaItem: java.util.List mEffects>",
						"<android.media.videoeditor.MediaItem: void addEffect(android.media.videoeditor.Effect)>"
					],
					"depth":6,
					"method":"<android.media.videoeditor.VideoEditorFactory: android.media.videoeditor.VideoEditor create(java.lang.String)>",
					"source":"FIELDCALLER"
				},
				{
					"trace":[
						"<android.media.videoeditor.VideoEditorFactory: android.media.videoeditor.VideoEditor load(java.lang.String,boolean)>",
						"<android.media.videoeditor.VideoEditorImpl: void <init>(java.lang.String)>",
						"<android.media.videoeditor.VideoEditorImpl: void load()>",
						"<android.media.videoeditor.VideoEditorImpl: android.media.videoeditor.MediaItem parseMediaItem(org.xmlpull.v1.XmlPullParser)>",
						"<android.media.videoeditor.MediaImageItem: void <init>(android.media.videoeditor.VideoEditor,java.lang.String,java.lang.String,long,int)>",
						"<android.media.videoeditor.MediaItem: void <init>(android.media.videoeditor.VideoEditor,java.lang.String,java.lang.String,int)>",
						"key field: <android.media.videoeditor.MediaItem: java.util.List mEffects>",
						"<android.media.videoeditor.MediaItem: void addEffect(android.media.videoeditor.Effect)>"
					],
					"depth":6,
					"method":"<android.media.videoeditor.VideoEditorFactory: android.media.videoeditor.VideoEditor load(java.lang.String,boolean)>",
					"source":"FIELDCALLER"
				}
			],
			"callerOfSingnlar2SourceVar":{
				"<android.media.videoeditor.MediaVideoItem: void addEffect(android.media.videoeditor.Effect)>":"0",
				"<android.media.videoeditor.MediaItem: void addEffect(android.media.videoeditor.Effect)>":"0"
			}
		},
		{
			"method":"<android.media.videoeditor.MediaItem: void addEffect(android.media.videoeditor.Effect)>",
			"message":"\\QMedia item mismatch\\E",
			"relatedVarType":"Parameter",
			"relatedCondType":"Basic",
			"modifier":"public",
			"type":"java.lang.IllegalArgumentException",
			"osVersionRelated":false,
			"resourceRelated":false,
			"assessRelated":false,
			"hardwareRelated":false,
			"manifestRelated":false,
			"conditions":"$r1 == r2, r0 != null",
			"paramValues":"@parameter0: android.media.videoeditor.Effect",
			"relatedValues":"@parameter0: android.media.videoeditor.Effect; ; ",
			"keyAPISameClassNum":0,
			"keyAPIDiffClassNum":0,
			"keyAPISameClass":[
				{
					"trace":[
						"<android.media.videoeditor.MediaItem: void addEffect(android.media.videoeditor.Effect)>"
					],
					"depth":0,
					"method":"<android.media.videoeditor.MediaItem: void addEffect(android.media.videoeditor.Effect)>",
					"source":"CALLER"
				}
			],
			"keyAPIDiffClass":[
				{
					"trace":[
						"<android.media.videoeditor.MediaVideoItem: void addEffect(android.media.videoeditor.Effect)>",
						"<android.media.videoeditor.MediaItem: void addEffect(android.media.videoeditor.Effect)>"
					],
					"depth":1,
					"method":"<android.media.videoeditor.MediaVideoItem: void addEffect(android.media.videoeditor.Effect)>",
					"source":"CALLER"
				}
			],
			"callerOfSingnlar2SourceVar":{
				"<android.media.videoeditor.MediaVideoItem: void addEffect(android.media.videoeditor.Effect)>":"0",
				"<android.media.videoeditor.MediaItem: void addEffect(android.media.videoeditor.Effect)>":"0"
			}
		},
		{
			"method":"<android.media.videoeditor.MediaItem: void addOverlay(android.media.videoeditor.Overlay)>",
			"message":"\\QBitmap dimensions must match media item dimensions\\E",
			"relatedVarType":"Parameter",
			"relatedCondType":"Basic",
			"modifier":"public",
			"type":"java.lang.IllegalArgumentException",
			"osVersionRelated":false,
			"resourceRelated":false,
			"assessRelated":false,
			"hardwareRelated":false,
			"manifestRelated":false,
			"conditions":"$i5 != i9, $z2 == 0, r6 != null",
			"paramValues":"@parameter0: android.media.videoeditor.Overlay",
			"relatedValues":"@parameter0: android.media.videoeditor.Overlay; ; ",
			"keyAPISameClassNum":0,
			"keyAPIDiffClassNum":0,
			"keyAPISameClass":[
				{
					"trace":[
						"<android.media.videoeditor.MediaItem: void addOverlay(android.media.videoeditor.Overlay)>"
					],
					"depth":0,
					"method":"<android.media.videoeditor.MediaItem: void addOverlay(android.media.videoeditor.Overlay)>",
					"source":"CALLER"
				}
			],
			"keyAPIDiffClass":[],
			"callerOfSingnlar2SourceVar":{
				"<android.media.videoeditor.MediaItem: void addOverlay(android.media.videoeditor.Overlay)>":"0"
			}
		},
		{
			"method":"<android.media.videoeditor.MediaItem: void addOverlay(android.media.videoeditor.Overlay)>",
			"message":"\\QOverlay not supported\\E",
			"relatedVarType":"ParaAndField",
			"relatedCondType":"Basic",
			"modifier":"public",
			"type":"java.lang.IllegalArgumentException",
			"osVersionRelated":false,
			"resourceRelated":false,
			"assessRelated":false,
			"hardwareRelated":false,
			"manifestRelated":false,
			"conditions":"$z1 == 0, $b4 <= 0, $z0 == 0",
			"paramValues":"@parameter0: android.media.videoeditor.Overlay",
			"fieldValues":"<android.media.videoeditor.MediaItem: java.util.List mOverlays>",
			"relatedValues":"@parameter0: android.media.videoeditor.Overlay; <android.media.videoeditor.MediaItem: java.util.List mOverlays>; ",
			"keyAPISameClassNum":4,
			"keyAPIDiffClassNum":5,
			"keyAPISameClass":[
				{
					"trace":[
						"<android.media.videoeditor.MediaItem: void addOverlay(android.media.videoeditor.Overlay)>"
					],
					"depth":1,
					"method":"<android.media.videoeditor.MediaItem: void addOverlay(android.media.videoeditor.Overlay)>",
					"source":"FIELD"
				},
				{
					"trace":[
						"<android.media.videoeditor.MediaItem: void addOverlay(android.media.videoeditor.Overlay)>"
					],
					"depth":1,
					"method":"<android.media.videoeditor.MediaItem: android.media.videoeditor.Overlay getOverlay(java.lang.String)>",
					"source":"FIELD"
				},
				{
					"trace":[
						"<android.media.videoeditor.MediaItem: void addOverlay(android.media.videoeditor.Overlay)>"
					],
					"depth":1,
					"method":"<android.media.videoeditor.MediaItem: android.media.videoeditor.Overlay removeOverlay(java.lang.String)>",
					"source":"FIELD"
				},
				{
					"trace":[
						"<android.media.videoeditor.MediaItem: void addOverlay(android.media.videoeditor.Overlay)>"
					],
					"depth":1,
					"method":"<android.media.videoeditor.MediaItem: void setRenderingMode(int)>",
					"source":"FIELD"
				}
			],
			"keyAPIDiffClass":[
				{
					"trace":[
						"<android.media.videoeditor.MediaImageItem: void <init>(android.media.videoeditor.VideoEditor,java.lang.String,java.lang.String,long,int)>",
						"<android.media.videoeditor.MediaItem: void <init>(android.media.videoeditor.VideoEditor,java.lang.String,java.lang.String,int)>",
						"key field: <android.media.videoeditor.MediaItem: java.util.List mOverlays>",
						"<android.media.videoeditor.MediaItem: void addOverlay(android.media.videoeditor.Overlay)>"
					],
					"depth":2,
					"method":"<android.media.videoeditor.MediaImageItem: void <init>(android.media.videoeditor.VideoEditor,java.lang.String,java.lang.String,long,int)>",
					"source":"FIELDCALLER"
				},
				{
					"trace":[
						"<android.media.videoeditor.MediaVideoItem: void <init>(android.media.videoeditor.VideoEditor,java.lang.String,java.lang.String,int)>",
						"<android.media.videoeditor.MediaVideoItem: void <init>(android.media.videoeditor.VideoEditor,java.lang.String,java.lang.String,int,long,long,int,boolean,java.lang.String)>",
						"<android.media.videoeditor.MediaItem: void <init>(android.media.videoeditor.VideoEditor,java.lang.String,java.lang.String,int)>",
						"key field: <android.media.videoeditor.MediaItem: java.util.List mOverlays>",
						"<android.media.videoeditor.MediaItem: void addOverlay(android.media.videoeditor.Overlay)>"
					],
					"depth":3,
					"method":"<android.media.videoeditor.MediaVideoItem: void <init>(android.media.videoeditor.VideoEditor,java.lang.String,java.lang.String,int)>",
					"source":"FIELDCALLER"
				},
				{
					"trace":[
						"<android.media.videoeditor.VideoEditorImpl: void <init>(java.lang.String)>",
						"<android.media.videoeditor.VideoEditorImpl: void load()>",
						"<android.media.videoeditor.VideoEditorImpl: android.media.videoeditor.MediaItem parseMediaItem(org.xmlpull.v1.XmlPullParser)>",
						"<android.media.videoeditor.MediaImageItem: void <init>(android.media.videoeditor.VideoEditor,java.lang.String,java.lang.String,long,int)>",
						"<android.media.videoeditor.MediaItem: void <init>(android.media.videoeditor.VideoEditor,java.lang.String,java.lang.String,int)>",
						"key field: <android.media.videoeditor.MediaItem: java.util.List mOverlays>",
						"<android.media.videoeditor.MediaItem: void addOverlay(android.media.videoeditor.Overlay)>"
					],
					"depth":5,
					"method":"<android.media.videoeditor.VideoEditorImpl: void <init>(java.lang.String)>",
					"source":"FIELDCALLER"
				},
				{
					"trace":[
						"<android.media.videoeditor.VideoEditorFactory: android.media.videoeditor.VideoEditor create(java.lang.String)>",
						"<android.media.videoeditor.VideoEditorImpl: void <init>(java.lang.String)>",
						"<android.media.videoeditor.VideoEditorImpl: void load()>",
						"<android.media.videoeditor.VideoEditorImpl: android.media.videoeditor.MediaItem parseMediaItem(org.xmlpull.v1.XmlPullParser)>",
						"<android.media.videoeditor.MediaImageItem: void <init>(android.media.videoeditor.VideoEditor,java.lang.String,java.lang.String,long,int)>",
						"<android.media.videoeditor.MediaItem: void <init>(android.media.videoeditor.VideoEditor,java.lang.String,java.lang.String,int)>",
						"key field: <android.media.videoeditor.MediaItem: java.util.List mOverlays>",
						"<android.media.videoeditor.MediaItem: void addOverlay(android.media.videoeditor.Overlay)>"
					],
					"depth":6,
					"method":"<android.media.videoeditor.VideoEditorFactory: android.media.videoeditor.VideoEditor create(java.lang.String)>",
					"source":"FIELDCALLER"
				},
				{
					"trace":[
						"<android.media.videoeditor.VideoEditorFactory: android.media.videoeditor.VideoEditor load(java.lang.String,boolean)>",
						"<android.media.videoeditor.VideoEditorImpl: void <init>(java.lang.String)>",
						"<android.media.videoeditor.VideoEditorImpl: void load()>",
						"<android.media.videoeditor.VideoEditorImpl: android.media.videoeditor.MediaItem parseMediaItem(org.xmlpull.v1.XmlPullParser)>",
						"<android.media.videoeditor.MediaImageItem: void <init>(android.media.videoeditor.VideoEditor,java.lang.String,java.lang.String,long,int)>",
						"<android.media.videoeditor.MediaItem: void <init>(android.media.videoeditor.VideoEditor,java.lang.String,java.lang.String,int)>",
						"key field: <android.media.videoeditor.MediaItem: java.util.List mOverlays>",
						"<android.media.videoeditor.MediaItem: void addOverlay(android.media.videoeditor.Overlay)>"
					],
					"depth":6,
					"method":"<android.media.videoeditor.VideoEditorFactory: android.media.videoeditor.VideoEditor load(java.lang.String,boolean)>",
					"source":"FIELDCALLER"
				}
			],
			"callerOfSingnlar2SourceVar":{
				"<android.media.videoeditor.MediaItem: void addOverlay(android.media.videoeditor.Overlay)>":"0"
			}
		},
		{
			"method":"<android.media.videoeditor.MediaItem: void addOverlay(android.media.videoeditor.Overlay)>",
			"message":"\\QOverlay bitmap not specified\\E",
			"relatedVarType":"Parameter",
			"relatedCondType":"Basic",
			"modifier":"public",
			"type":"java.lang.IllegalArgumentException",
			"osVersionRelated":false,
			"resourceRelated":false,
			"assessRelated":false,
			"hardwareRelated":false,
			"manifestRelated":false,
			"conditions":"r6 != null, $z1 == 0, $b4 <= 0",
			"paramValues":"@parameter0: android.media.videoeditor.Overlay",
			"relatedValues":"@parameter0: android.media.videoeditor.Overlay; ; ",
			"keyAPISameClassNum":0,
			"keyAPIDiffClassNum":0,
			"keyAPISameClass":[
				{
					"trace":[
						"<android.media.videoeditor.MediaItem: void addOverlay(android.media.videoeditor.Overlay)>"
					],
					"depth":0,
					"method":"<android.media.videoeditor.MediaItem: void addOverlay(android.media.videoeditor.Overlay)>",
					"source":"CALLER"
				}
			],
			"keyAPIDiffClass":[],
			"callerOfSingnlar2SourceVar":{
				"<android.media.videoeditor.MediaItem: void addOverlay(android.media.videoeditor.Overlay)>":"0"
			}
		},
		{
			"method":"<android.media.videoeditor.MediaItem: void addOverlay(android.media.videoeditor.Overlay)>",
			"message":"\\QMedia item mismatch\\E",
			"relatedVarType":"Parameter",
			"relatedCondType":"Basic",
			"modifier":"public",
			"type":"java.lang.IllegalArgumentException",
			"osVersionRelated":false,
			"resourceRelated":false,
			"assessRelated":false,
			"hardwareRelated":false,
			"manifestRelated":false,
			"conditions":"$r1 == r2, r0 != null",
			"paramValues":"@parameter0: android.media.videoeditor.Overlay",
			"relatedValues":"@parameter0: android.media.videoeditor.Overlay; ; ",
			"keyAPISameClassNum":0,
			"keyAPIDiffClassNum":0,
			"keyAPISameClass":[
				{
					"trace":[
						"<android.media.videoeditor.MediaItem: void addOverlay(android.media.videoeditor.Overlay)>"
					],
					"depth":0,
					"method":"<android.media.videoeditor.MediaItem: void addOverlay(android.media.videoeditor.Overlay)>",
					"source":"CALLER"
				}
			],
			"keyAPIDiffClass":[],
			"callerOfSingnlar2SourceVar":{
				"<android.media.videoeditor.MediaItem: void addOverlay(android.media.videoeditor.Overlay)>":"0"
			}
		},
		{
			"method":"<android.media.videoeditor.MediaItem: void addOverlay(android.media.videoeditor.Overlay)>",
			"message":"\\QOverlay start time + overlay duration > media clip duration\\E",
			"relatedVarType":"ParaAndField",
			"relatedCondType":"Basic",
			"modifier":"public",
			"type":"java.lang.IllegalArgumentException",
			"osVersionRelated":false,
			"resourceRelated":false,
			"assessRelated":false,
			"hardwareRelated":false,
			"manifestRelated":false,
			"conditions":"$b4 <= 0, $z0 == 0, $r1 == r2",
			"paramValues":"@parameter0: android.media.videoeditor.Overlay",
			"fieldValues":"<android.media.videoeditor.MediaItem: java.util.List mOverlays>",
			"relatedValues":"@parameter0: android.media.videoeditor.Overlay; <android.media.videoeditor.MediaItem: java.util.List mOverlays>; ",
			"keyAPISameClassNum":4,
			"keyAPIDiffClassNum":5,
			"keyAPISameClass":[
				{
					"trace":[
						"<android.media.videoeditor.MediaItem: void addOverlay(android.media.videoeditor.Overlay)>"
					],
					"depth":1,
					"method":"<android.media.videoeditor.MediaItem: void addOverlay(android.media.videoeditor.Overlay)>",
					"source":"FIELD"
				},
				{
					"trace":[
						"<android.media.videoeditor.MediaItem: void addOverlay(android.media.videoeditor.Overlay)>"
					],
					"depth":1,
					"method":"<android.media.videoeditor.MediaItem: android.media.videoeditor.Overlay getOverlay(java.lang.String)>",
					"source":"FIELD"
				},
				{
					"trace":[
						"<android.media.videoeditor.MediaItem: void addOverlay(android.media.videoeditor.Overlay)>"
					],
					"depth":1,
					"method":"<android.media.videoeditor.MediaItem: android.media.videoeditor.Overlay removeOverlay(java.lang.String)>",
					"source":"FIELD"
				},
				{
					"trace":[
						"<android.media.videoeditor.MediaItem: void addOverlay(android.media.videoeditor.Overlay)>"
					],
					"depth":1,
					"method":"<android.media.videoeditor.MediaItem: void setRenderingMode(int)>",
					"source":"FIELD"
				}
			],
			"keyAPIDiffClass":[
				{
					"trace":[
						"<android.media.videoeditor.MediaImageItem: void <init>(android.media.videoeditor.VideoEditor,java.lang.String,java.lang.String,long,int)>",
						"<android.media.videoeditor.MediaItem: void <init>(android.media.videoeditor.VideoEditor,java.lang.String,java.lang.String,int)>",
						"key field: <android.media.videoeditor.MediaItem: java.util.List mOverlays>",
						"<android.media.videoeditor.MediaItem: void addOverlay(android.media.videoeditor.Overlay)>"
					],
					"depth":2,
					"method":"<android.media.videoeditor.MediaImageItem: void <init>(android.media.videoeditor.VideoEditor,java.lang.String,java.lang.String,long,int)>",
					"source":"FIELDCALLER"
				},
				{
					"trace":[
						"<android.media.videoeditor.MediaVideoItem: void <init>(android.media.videoeditor.VideoEditor,java.lang.String,java.lang.String,int)>",
						"<android.media.videoeditor.MediaVideoItem: void <init>(android.media.videoeditor.VideoEditor,java.lang.String,java.lang.String,int,long,long,int,boolean,java.lang.String)>",
						"<android.media.videoeditor.MediaItem: void <init>(android.media.videoeditor.VideoEditor,java.lang.String,java.lang.String,int)>",
						"key field: <android.media.videoeditor.MediaItem: java.util.List mOverlays>",
						"<android.media.videoeditor.MediaItem: void addOverlay(android.media.videoeditor.Overlay)>"
					],
					"depth":3,
					"method":"<android.media.videoeditor.MediaVideoItem: void <init>(android.media.videoeditor.VideoEditor,java.lang.String,java.lang.String,int)>",
					"source":"FIELDCALLER"
				},
				{
					"trace":[
						"<android.media.videoeditor.VideoEditorImpl: void <init>(java.lang.String)>",
						"<android.media.videoeditor.VideoEditorImpl: void load()>",
						"<android.media.videoeditor.VideoEditorImpl: android.media.videoeditor.MediaItem parseMediaItem(org.xmlpull.v1.XmlPullParser)>",
						"<android.media.videoeditor.MediaImageItem: void <init>(android.media.videoeditor.VideoEditor,java.lang.String,java.lang.String,long,int)>",
						"<android.media.videoeditor.MediaItem: void <init>(android.media.videoeditor.VideoEditor,java.lang.String,java.lang.String,int)>",
						"key field: <android.media.videoeditor.MediaItem: java.util.List mOverlays>",
						"<android.media.videoeditor.MediaItem: void addOverlay(android.media.videoeditor.Overlay)>"
					],
					"depth":5,
					"method":"<android.media.videoeditor.VideoEditorImpl: void <init>(java.lang.String)>",
					"source":"FIELDCALLER"
				},
				{
					"trace":[
						"<android.media.videoeditor.VideoEditorFactory: android.media.videoeditor.VideoEditor create(java.lang.String)>",
						"<android.media.videoeditor.VideoEditorImpl: void <init>(java.lang.String)>",
						"<android.media.videoeditor.VideoEditorImpl: void load()>",
						"<android.media.videoeditor.VideoEditorImpl: android.media.videoeditor.MediaItem parseMediaItem(org.xmlpull.v1.XmlPullParser)>",
						"<android.media.videoeditor.MediaImageItem: void <init>(android.media.videoeditor.VideoEditor,java.lang.String,java.lang.String,long,int)>",
						"<android.media.videoeditor.MediaItem: void <init>(android.media.videoeditor.VideoEditor,java.lang.String,java.lang.String,int)>",
						"key field: <android.media.videoeditor.MediaItem: java.util.List mOverlays>",
						"<android.media.videoeditor.MediaItem: void addOverlay(android.media.videoeditor.Overlay)>"
					],
					"depth":6,
					"method":"<android.media.videoeditor.VideoEditorFactory: android.media.videoeditor.VideoEditor create(java.lang.String)>",
					"source":"FIELDCALLER"
				},
				{
					"trace":[
						"<android.media.videoeditor.VideoEditorFactory: android.media.videoeditor.VideoEditor load(java.lang.String,boolean)>",
						"<android.media.videoeditor.VideoEditorImpl: void <init>(java.lang.String)>",
						"<android.media.videoeditor.VideoEditorImpl: void load()>",
						"<android.media.videoeditor.VideoEditorImpl: android.media.videoeditor.MediaItem parseMediaItem(org.xmlpull.v1.XmlPullParser)>",
						"<android.media.videoeditor.MediaImageItem: void <init>(android.media.videoeditor.VideoEditor,java.lang.String,java.lang.String,long,int)>",
						"<android.media.videoeditor.MediaItem: void <init>(android.media.videoeditor.VideoEditor,java.lang.String,java.lang.String,int)>",
						"key field: <android.media.videoeditor.MediaItem: java.util.List mOverlays>",
						"<android.media.videoeditor.MediaItem: void addOverlay(android.media.videoeditor.Overlay)>"
					],
					"depth":6,
					"method":"<android.media.videoeditor.VideoEditorFactory: android.media.videoeditor.VideoEditor load(java.lang.String,boolean)>",
					"source":"FIELDCALLER"
				}
			],
			"callerOfSingnlar2SourceVar":{
				"<android.media.videoeditor.MediaItem: void addOverlay(android.media.videoeditor.Overlay)>":"0"
			}
		},
		{
			"method":"<android.media.videoeditor.MediaItem: void addOverlay(android.media.videoeditor.Overlay)>",
			"message":"\\QNULL Overlay cannot be applied\\E",
			"relatedVarType":"Parameter",
			"relatedCondType":"Basic",
			"modifier":"public",
			"type":"java.lang.IllegalArgumentException",
			"osVersionRelated":false,
			"resourceRelated":false,
			"assessRelated":false,
			"hardwareRelated":false,
			"manifestRelated":false,
			"conditions":"r0 != null",
			"paramValues":"@parameter0: android.media.videoeditor.Overlay",
			"relatedValues":"@parameter0: android.media.videoeditor.Overlay; ; ",
			"keyAPISameClassNum":0,
			"keyAPIDiffClassNum":0,
			"keyAPISameClass":[
				{
					"trace":[
						"<android.media.videoeditor.MediaItem: void addOverlay(android.media.videoeditor.Overlay)>"
					],
					"depth":0,
					"method":"<android.media.videoeditor.MediaItem: void addOverlay(android.media.videoeditor.Overlay)>",
					"source":"CALLER"
				}
			],
			"keyAPIDiffClass":[],
			"callerOfSingnlar2SourceVar":{
				"<android.media.videoeditor.MediaItem: void addOverlay(android.media.videoeditor.Overlay)>":"0"
			}
		},
		{
			"method":"<android.media.videoeditor.MediaItem: void addOverlay(android.media.videoeditor.Overlay)>",
			"message":"\\QOverlay already exists: \\E[\\s\\S]*",
			"relatedVarType":"ParaAndField",
			"relatedCondType":"Basic",
			"modifier":"public",
			"type":"java.lang.IllegalArgumentException",
			"osVersionRelated":false,
			"resourceRelated":false,
			"assessRelated":false,
			"hardwareRelated":false,
			"manifestRelated":false,
			"conditions":"$z0 == 0, $r1 == r2, r0 != null",
			"paramValues":"@parameter0: android.media.videoeditor.Overlay",
			"fieldValues":"<android.media.videoeditor.MediaItem: java.util.List mOverlays>",
			"relatedValues":"@parameter0: android.media.videoeditor.Overlay; <android.media.videoeditor.MediaItem: java.util.List mOverlays>; ",
			"keyAPISameClassNum":4,
			"keyAPIDiffClassNum":5,
			"keyAPISameClass":[
				{
					"trace":[
						"<android.media.videoeditor.MediaItem: void addOverlay(android.media.videoeditor.Overlay)>"
					],
					"depth":1,
					"method":"<android.media.videoeditor.MediaItem: void addOverlay(android.media.videoeditor.Overlay)>",
					"source":"FIELD"
				},
				{
					"trace":[
						"<android.media.videoeditor.MediaItem: void addOverlay(android.media.videoeditor.Overlay)>"
					],
					"depth":1,
					"method":"<android.media.videoeditor.MediaItem: android.media.videoeditor.Overlay getOverlay(java.lang.String)>",
					"source":"FIELD"
				},
				{
					"trace":[
						"<android.media.videoeditor.MediaItem: void addOverlay(android.media.videoeditor.Overlay)>"
					],
					"depth":1,
					"method":"<android.media.videoeditor.MediaItem: android.media.videoeditor.Overlay removeOverlay(java.lang.String)>",
					"source":"FIELD"
				},
				{
					"trace":[
						"<android.media.videoeditor.MediaItem: void addOverlay(android.media.videoeditor.Overlay)>"
					],
					"depth":1,
					"method":"<android.media.videoeditor.MediaItem: void setRenderingMode(int)>",
					"source":"FIELD"
				}
			],
			"keyAPIDiffClass":[
				{
					"trace":[
						"<android.media.videoeditor.MediaImageItem: void <init>(android.media.videoeditor.VideoEditor,java.lang.String,java.lang.String,long,int)>",
						"<android.media.videoeditor.MediaItem: void <init>(android.media.videoeditor.VideoEditor,java.lang.String,java.lang.String,int)>",
						"key field: <android.media.videoeditor.MediaItem: java.util.List mOverlays>",
						"<android.media.videoeditor.MediaItem: void addOverlay(android.media.videoeditor.Overlay)>"
					],
					"depth":2,
					"method":"<android.media.videoeditor.MediaImageItem: void <init>(android.media.videoeditor.VideoEditor,java.lang.String,java.lang.String,long,int)>",
					"source":"FIELDCALLER"
				},
				{
					"trace":[
						"<android.media.videoeditor.MediaVideoItem: void <init>(android.media.videoeditor.VideoEditor,java.lang.String,java.lang.String,int)>",
						"<android.media.videoeditor.MediaVideoItem: void <init>(android.media.videoeditor.VideoEditor,java.lang.String,java.lang.String,int,long,long,int,boolean,java.lang.String)>",
						"<android.media.videoeditor.MediaItem: void <init>(android.media.videoeditor.VideoEditor,java.lang.String,java.lang.String,int)>",
						"key field: <android.media.videoeditor.MediaItem: java.util.List mOverlays>",
						"<android.media.videoeditor.MediaItem: void addOverlay(android.media.videoeditor.Overlay)>"
					],
					"depth":3,
					"method":"<android.media.videoeditor.MediaVideoItem: void <init>(android.media.videoeditor.VideoEditor,java.lang.String,java.lang.String,int)>",
					"source":"FIELDCALLER"
				},
				{
					"trace":[
						"<android.media.videoeditor.VideoEditorImpl: void <init>(java.lang.String)>",
						"<android.media.videoeditor.VideoEditorImpl: void load()>",
						"<android.media.videoeditor.VideoEditorImpl: android.media.videoeditor.MediaItem parseMediaItem(org.xmlpull.v1.XmlPullParser)>",
						"<android.media.videoeditor.MediaImageItem: void <init>(android.media.videoeditor.VideoEditor,java.lang.String,java.lang.String,long,int)>",
						"<android.media.videoeditor.MediaItem: void <init>(android.media.videoeditor.VideoEditor,java.lang.String,java.lang.String,int)>",
						"key field: <android.media.videoeditor.MediaItem: java.util.List mOverlays>",
						"<android.media.videoeditor.MediaItem: void addOverlay(android.media.videoeditor.Overlay)>"
					],
					"depth":5,
					"method":"<android.media.videoeditor.VideoEditorImpl: void <init>(java.lang.String)>",
					"source":"FIELDCALLER"
				},
				{
					"trace":[
						"<android.media.videoeditor.VideoEditorFactory: android.media.videoeditor.VideoEditor create(java.lang.String)>",
						"<android.media.videoeditor.VideoEditorImpl: void <init>(java.lang.String)>",
						"<android.media.videoeditor.VideoEditorImpl: void load()>",
						"<android.media.videoeditor.VideoEditorImpl: android.media.videoeditor.MediaItem parseMediaItem(org.xmlpull.v1.XmlPullParser)>",
						"<android.media.videoeditor.MediaImageItem: void <init>(android.media.videoeditor.VideoEditor,java.lang.String,java.lang.String,long,int)>",
						"<android.media.videoeditor.MediaItem: void <init>(android.media.videoeditor.VideoEditor,java.lang.String,java.lang.String,int)>",
						"key field: <android.media.videoeditor.MediaItem: java.util.List mOverlays>",
						"<android.media.videoeditor.MediaItem: void addOverlay(android.media.videoeditor.Overlay)>"
					],
					"depth":6,
					"method":"<android.media.videoeditor.VideoEditorFactory: android.media.videoeditor.VideoEditor create(java.lang.String)>",
					"source":"FIELDCALLER"
				},
				{
					"trace":[
						"<android.media.videoeditor.VideoEditorFactory: android.media.videoeditor.VideoEditor load(java.lang.String,boolean)>",
						"<android.media.videoeditor.VideoEditorImpl: void <init>(java.lang.String)>",
						"<android.media.videoeditor.VideoEditorImpl: void load()>",
						"<android.media.videoeditor.VideoEditorImpl: android.media.videoeditor.MediaItem parseMediaItem(org.xmlpull.v1.XmlPullParser)>",
						"<android.media.videoeditor.MediaImageItem: void <init>(android.media.videoeditor.VideoEditor,java.lang.String,java.lang.String,long,int)>",
						"<android.media.videoeditor.MediaItem: void <init>(android.media.videoeditor.VideoEditor,java.lang.String,java.lang.String,int)>",
						"key field: <android.media.videoeditor.MediaItem: java.util.List mOverlays>",
						"<android.media.videoeditor.MediaItem: void addOverlay(android.media.videoeditor.Overlay)>"
					],
					"depth":6,
					"method":"<android.media.videoeditor.VideoEditorFactory: android.media.videoeditor.VideoEditor load(java.lang.String,boolean)>",
					"source":"FIELDCALLER"
				}
			],
			"callerOfSingnlar2SourceVar":{
				"<android.media.videoeditor.MediaItem: void addOverlay(android.media.videoeditor.Overlay)>":"0"
			}
		},
		{
			"method":"<android.media.videoeditor.MediaItem: void setRenderingMode(int)>",
			"message":"\\QInvalid Rendering Mode\\E",
			"relatedVarType":"Parameter",
			"relatedCondType":"Basic",
			"modifier":"public",
			"type":"java.lang.IllegalArgumentException",
			"osVersionRelated":false,
			"resourceRelated":false,
			"assessRelated":false,
			"hardwareRelated":false,
			"manifestRelated":false,
			"conditions":"i0",
			"paramValues":"@parameter0: int",
			"relatedValues":"@parameter0: int; ; ",
			"keyAPISameClassNum":0,
			"keyAPIDiffClassNum":0,
			"keyAPISameClass":[
				{
					"trace":[
						"<android.media.videoeditor.MediaItem: void setRenderingMode(int)>"
					],
					"depth":0,
					"method":"<android.media.videoeditor.MediaItem: void setRenderingMode(int)>",
					"source":"CALLER"
				}
			],
			"keyAPIDiffClass":[],
			"callerOfSingnlar2SourceVar":{
				"<android.media.videoeditor.MediaItem: void setRenderingMode(int)>":"0"
			}
		}
	]
}