{
	"exceptions":[
		{
			"method":"<android.media.FaceDetector: int findFaces(android.graphics.Bitmap,android.media.FaceDetector$Face[])>",
			"message":"\\Qfaces[] smaller than maxFaces\\E",
			"relatedVarType":"ParaAndField",
			"relatedCondType":"Basic",
			"modifier":"public",
			"type":"java.lang.IllegalArgumentException",
			"osVersionRelated":false,
			"resourceRelated":false,
			"assessRelated":false,
			"hardwareRelated":false,
			"manifestRelated":false,
			"conditions":"$i5 >= $i4, $i2 == $i3, $i0 != $i1",
			"paramValues":"@parameter1: android.media.FaceDetector$Face[], @parameter0: android.graphics.Bitmap",
			"fieldValues":"<android.media.FaceDetector: int mMaxFaces>, <android.media.FaceDetector: int mHeight>, <android.media.FaceDetector: int mWidth>",
			"relatedValues":"@parameter1: android.media.FaceDetector$Face[], @parameter0: android.graphics.Bitmap; <android.media.FaceDetector: int mMaxFaces>, <android.media.FaceDetector: int mHeight>, <android.media.FaceDetector: int mWidth>; ",
			"keyAPISameClassNum":1,
			"keyAPIDiffClassNum":0,
			"keyAPISameClass":[
				{
					"trace":[
						"<android.media.FaceDetector: int findFaces(android.graphics.Bitmap,android.media.FaceDetector$Face[])>"
					],
					"depth":1,
					"method":"<android.media.FaceDetector: void <init>(int,int,int)>",
					"source":"FIELD"
				}
			],
			"keyAPIDiffClass":[],
			"callerOfSingnlar2SourceVar":{
				"<android.media.FaceDetector: int findFaces(android.graphics.Bitmap,android.media.FaceDetector$Face[])>":"1, 0"
			}
		},
		{
			"method":"<android.media.FaceDetector: int findFaces(android.graphics.Bitmap,android.media.FaceDetector$Face[])>",
			"message":"\\Qbitmap size doesn't match initialization\\E",
			"relatedVarType":"ParaAndField",
			"relatedCondType":"Basic",
			"modifier":"public",
			"type":"java.lang.IllegalArgumentException",
			"osVersionRelated":false,
			"resourceRelated":false,
			"assessRelated":false,
			"hardwareRelated":false,
			"manifestRelated":false,
			"conditions":"$i0 != $i1, $z0 != 0, $i2 == $i3",
			"paramValues":"@parameter0: android.graphics.Bitmap",
			"fieldValues":"<android.media.FaceDetector: int mWidth>, <android.media.FaceDetector: boolean sInitialized>, <android.media.FaceDetector: int mHeight>",
			"relatedValues":"@parameter0: android.graphics.Bitmap; <android.media.FaceDetector: int mWidth>, <android.media.FaceDetector: boolean sInitialized>, <android.media.FaceDetector: int mHeight>; ",
			"keyAPISameClassNum":1,
			"keyAPIDiffClassNum":0,
			"keyAPISameClass":[
				{
					"trace":[
						"<android.media.FaceDetector: int findFaces(android.graphics.Bitmap,android.media.FaceDetector$Face[])>"
					],
					"depth":1,
					"method":"<android.media.FaceDetector: void <init>(int,int,int)>",
					"source":"FIELD"
				}
			],
			"keyAPIDiffClass":[],
			"callerOfSingnlar2SourceVar":{
				"<android.media.FaceDetector: int findFaces(android.graphics.Bitmap,android.media.FaceDetector$Face[])>":"0"
			}
		}
	]
}