{
	"exceptions":[
		{
			"method":"<android.media.Metadata: void checkType(int,int)>",
			"message":"\\QWrong type \\E[\\s\\S]*\\Q but got \\E[\\s\\S]*",
			"relatedVarType":"ParaAndField",
			"relatedCondType":"Basic",
			"modifier":"private",
			"type":"java.lang.IllegalStateException",
			"osVersionRelated":false,
			"resourceRelated":false,
			"assessRelated":false,
			"hardwareRelated":false,
			"manifestRelated":false,
			"conditions":"i2 == i3",
			"paramValues":"@parameter1: int",
			"fieldValues":"<android.media.Metadata: android.os.Parcel mParcel>",
			"relatedValues":"@parameter1: int; <android.media.Metadata: android.os.Parcel mParcel>; ",
			"keyAPISameClassNum":8,
			"keyAPIDiffClassNum":1,
			"keyAPISameClass":[
				{
					"trace":[
						"<android.media.Metadata: void checkType(int,int)>"
					],
					"depth":1,
					"method":"<android.media.Metadata: boolean parse(android.os.Parcel)>",
					"source":"FIELD"
				},
				{
					"trace":[
						"<android.media.Metadata: boolean getBoolean(int)>",
						"<android.media.Metadata: void checkType(int,int)>",
						"key field: <android.media.Metadata: android.os.Parcel mParcel>",
						"<android.media.Metadata: void checkType(int,int)>"
					],
					"depth":2,
					"method":"<android.media.Metadata: boolean getBoolean(int)>",
					"source":"FIELDCALLER"
				},
				{
					"trace":[
						"<android.media.Metadata: java.lang.String getString(int)>",
						"<android.media.Metadata: void checkType(int,int)>",
						"key field: <android.media.Metadata: android.os.Parcel mParcel>",
						"<android.media.Metadata: void checkType(int,int)>"
					],
					"depth":2,
					"method":"<android.media.Metadata: java.lang.String getString(int)>",
					"source":"FIELDCALLER"
				},
				{
					"trace":[
						"<android.media.Metadata: long getLong(int)>",
						"<android.media.Metadata: void checkType(int,int)>",
						"key field: <android.media.Metadata: android.os.Parcel mParcel>",
						"<android.media.Metadata: void checkType(int,int)>"
					],
					"depth":2,
					"method":"<android.media.Metadata: long getLong(int)>",
					"source":"FIELDCALLER"
				},
				{
					"trace":[
						"<android.media.Metadata: int getInt(int)>",
						"<android.media.Metadata: void checkType(int,int)>",
						"key field: <android.media.Metadata: android.os.Parcel mParcel>",
						"<android.media.Metadata: void checkType(int,int)>"
					],
					"depth":2,
					"method":"<android.media.Metadata: int getInt(int)>",
					"source":"FIELDCALLER"
				},
				{
					"trace":[
						"<android.media.Metadata: double getDouble(int)>",
						"<android.media.Metadata: void checkType(int,int)>",
						"key field: <android.media.Metadata: android.os.Parcel mParcel>",
						"<android.media.Metadata: void checkType(int,int)>"
					],
					"depth":2,
					"method":"<android.media.Metadata: double getDouble(int)>",
					"source":"FIELDCALLER"
				},
				{
					"trace":[
						"<android.media.Metadata: java.util.Date getDate(int)>",
						"<android.media.Metadata: void checkType(int,int)>",
						"key field: <android.media.Metadata: android.os.Parcel mParcel>",
						"<android.media.Metadata: void checkType(int,int)>"
					],
					"depth":2,
					"method":"<android.media.Metadata: java.util.Date getDate(int)>",
					"source":"FIELDCALLER"
				},
				{
					"trace":[
						"<android.media.Metadata: byte[] getByteArray(int)>",
						"<android.media.Metadata: void checkType(int,int)>",
						"key field: <android.media.Metadata: android.os.Parcel mParcel>",
						"<android.media.Metadata: void checkType(int,int)>"
					],
					"depth":2,
					"method":"<android.media.Metadata: byte[] getByteArray(int)>",
					"source":"FIELDCALLER"
				}
			],
			"keyAPIDiffClass":[
				{
					"trace":[
						"<android.media.MediaPlayer: android.media.Metadata getMetadata(boolean,boolean)>",
						"<android.media.Metadata: boolean parse(android.os.Parcel)>",
						"key field: <android.media.Metadata: android.os.Parcel mParcel>",
						"<android.media.Metadata: void checkType(int,int)>"
					],
					"depth":2,
					"method":"<android.media.MediaPlayer: android.media.Metadata getMetadata(boolean,boolean)>",
					"source":"FIELDCALLER"
				}
			],
			"callerOfSingnlar2SourceVar":{
				"<android.media.Metadata: void checkType(int,int)>":"1"
			}
		},
		{
			"method":"<android.media.Metadata: boolean has(int)>",
			"message":"\\QInvalid key: \\E[\\s\\S]*",
			"relatedVarType":"Parameter",
			"relatedCondType":"Basic",
			"modifier":"public",
			"type":"java.lang.IllegalArgumentException",
			"osVersionRelated":false,
			"resourceRelated":false,
			"assessRelated":false,
			"hardwareRelated":false,
			"manifestRelated":false,
			"conditions":"$z0 != 0",
			"paramValues":"@parameter0: int",
			"relatedValues":"@parameter0: int; ; ",
			"keyAPISameClassNum":0,
			"keyAPIDiffClassNum":0,
			"keyAPISameClass":[
				{
					"trace":[
						"<android.media.Metadata: boolean has(int)>"
					],
					"depth":0,
					"method":"<android.media.Metadata: boolean has(int)>",
					"source":"CALLER"
				}
			],
			"keyAPIDiffClass":[],
			"callerOfSingnlar2SourceVar":{
				"<android.media.Metadata: boolean has(int)>":"0"
			}
		}
	]
}