{
	"exceptions":[
		{
			"method":"<android.nfc.NdefMessage: void <init>(android.nfc.NdefRecord,android.nfc.NdefRecord[])>",
			"message":"\\Qrecord cannot be null\\E",
			"relatedVarType":"Parameter",
			"relatedCondType":"Basic",
			"modifier":"public",
			"type":"java.lang.NullPointerException",
			"osVersionRelated":false,
			"resourceRelated":false,
			"assessRelated":false,
			"hardwareRelated":true,
			"manifestRelated":false,
			"conditions":"r1 != null",
			"paramValues":"@parameter0: android.nfc.NdefRecord",
			"relatedValues":"@parameter0: android.nfc.NdefRecord; ; ",
			"keyAPISameClassNum":0,
			"keyAPIDiffClassNum":0,
			"keyAPISameClass":[
				{
					"trace":[
						"<android.nfc.NdefMessage: void <init>(android.nfc.NdefRecord,android.nfc.NdefRecord[])>"
					],
					"depth":0,
					"method":"<android.nfc.NdefMessage: void <init>(android.nfc.NdefRecord,android.nfc.NdefRecord[])>",
					"source":"CALLER"
				}
			],
			"keyAPIDiffClass":[],
			"callerOfSingnlar2SourceVar":{
				"<android.nfc.NdefMessage: void <init>(android.nfc.NdefRecord,android.nfc.NdefRecord[])>":"0"
			}
		},
		{
			"method":"<android.nfc.NdefMessage: void <init>(android.nfc.NdefRecord,android.nfc.NdefRecord[])>",
			"message":"\\Qrecord cannot be null\\E",
			"relatedVarType":"Parameter",
			"relatedCondType":"Basic",
			"modifier":"public",
			"type":"java.lang.NullPointerException",
			"osVersionRelated":false,
			"resourceRelated":false,
			"assessRelated":false,
			"hardwareRelated":true,
			"manifestRelated":false,
			"conditions":"$r6 != null, i4 >= i0, r1 != null",
			"paramValues":"@parameter1: android.nfc.NdefRecord[], @parameter0: android.nfc.NdefRecord",
			"relatedValues":"@parameter1: android.nfc.NdefRecord[], @parameter0: android.nfc.NdefRecord; ; ",
			"keyAPISameClassNum":0,
			"keyAPIDiffClassNum":0,
			"keyAPISameClass":[
				{
					"trace":[
						"<android.nfc.NdefMessage: void <init>(android.nfc.NdefRecord,android.nfc.NdefRecord[])>"
					],
					"depth":0,
					"method":"<android.nfc.NdefMessage: void <init>(android.nfc.NdefRecord,android.nfc.NdefRecord[])>",
					"source":"CALLER"
				}
			],
			"keyAPIDiffClass":[],
			"callerOfSingnlar2SourceVar":{
				"<android.nfc.NdefMessage: void <init>(android.nfc.NdefRecord,android.nfc.NdefRecord[])>":"1, 0"
			}
		},
		{
			"method":"<android.nfc.NdefMessage: void <init>(byte[])>",
			"message":"\\Qdata is null\\E",
			"relatedVarType":"Parameter",
			"relatedCondType":"Basic",
			"modifier":"public",
			"type":"java.lang.NullPointerException",
			"osVersionRelated":false,
			"resourceRelated":false,
			"assessRelated":false,
			"hardwareRelated":true,
			"manifestRelated":false,
			"conditions":"r1 != null",
			"paramValues":"@parameter0: byte[]",
			"relatedValues":"@parameter0: byte[]; ; ",
			"keyAPISameClassNum":0,
			"keyAPIDiffClassNum":0,
			"keyAPISameClass":[
				{
					"trace":[
						"<android.nfc.NdefMessage: void <init>(byte[])>"
					],
					"depth":0,
					"method":"<android.nfc.NdefMessage: void <init>(byte[])>",
					"source":"CALLER"
				}
			],
			"keyAPIDiffClass":[],
			"callerOfSingnlar2SourceVar":{
				"<android.nfc.NdefMessage: void <init>(byte[])>":"0"
			}
		},
		{
			"method":"<android.nfc.NdefMessage: void <init>(byte[])>",
			"message":"\\Qtrailing data\\E",
			"relatedVarType":"Parameter",
			"relatedCondType":"Basic",
			"modifier":"public",
			"type":"android.nfc.FormatException",
			"osVersionRelated":false,
			"resourceRelated":false,
			"assessRelated":false,
			"hardwareRelated":true,
			"manifestRelated":false,
			"conditions":"$i0 <= 0, r1 != null",
			"paramValues":"@parameter0: byte[]",
			"relatedValues":"@parameter0: byte[]; ; ",
			"keyAPISameClassNum":0,
			"keyAPIDiffClassNum":0,
			"keyAPISameClass":[
				{
					"trace":[
						"<android.nfc.NdefMessage: void <init>(byte[])>"
					],
					"depth":0,
					"method":"<android.nfc.NdefMessage: void <init>(byte[])>",
					"source":"CALLER"
				}
			],
			"keyAPIDiffClass":[],
			"callerOfSingnlar2SourceVar":{
				"<android.nfc.NdefMessage: void <init>(byte[])>":"0"
			}
		},
		{
			"method":"<android.nfc.NdefMessage: void <init>(android.nfc.NdefRecord[])>",
			"message":"\\Qrecords cannot contain null\\E",
			"relatedVarType":"Parameter",
			"relatedCondType":"Basic",
			"modifier":"public",
			"type":"java.lang.NullPointerException",
			"osVersionRelated":false,
			"resourceRelated":false,
			"assessRelated":false,
			"hardwareRelated":true,
			"manifestRelated":false,
			"conditions":"$r2 != null, i2 >= i1, $i0 >= 1",
			"paramValues":"@parameter0: android.nfc.NdefRecord[]",
			"relatedValues":"@parameter0: android.nfc.NdefRecord[]; ; ",
			"keyAPISameClassNum":0,
			"keyAPIDiffClassNum":0,
			"keyAPISameClass":[
				{
					"trace":[
						"<android.nfc.NdefMessage: void <init>(android.nfc.NdefRecord[])>"
					],
					"depth":0,
					"method":"<android.nfc.NdefMessage: void <init>(android.nfc.NdefRecord[])>",
					"source":"CALLER"
				}
			],
			"keyAPIDiffClass":[],
			"callerOfSingnlar2SourceVar":{
				"<android.nfc.NdefMessage: void <init>(android.nfc.NdefRecord[])>":"0"
			}
		},
		{
			"method":"<android.nfc.NdefMessage: void <init>(android.nfc.NdefRecord[])>",
			"message":"\\Qmust have at least one record\\E",
			"relatedVarType":"Parameter",
			"relatedCondType":"Basic",
			"modifier":"public",
			"type":"java.lang.IllegalArgumentException",
			"osVersionRelated":false,
			"resourceRelated":false,
			"assessRelated":false,
			"hardwareRelated":true,
			"manifestRelated":false,
			"conditions":"$i0 >= 1",
			"paramValues":"@parameter0: android.nfc.NdefRecord[]",
			"relatedValues":"@parameter0: android.nfc.NdefRecord[]; ; ",
			"keyAPISameClassNum":0,
			"keyAPIDiffClassNum":0,
			"keyAPISameClass":[
				{
					"trace":[
						"<android.nfc.NdefMessage: void <init>(android.nfc.NdefRecord[])>"
					],
					"depth":0,
					"method":"<android.nfc.NdefMessage: void <init>(android.nfc.NdefRecord[])>",
					"source":"CALLER"
				}
			],
			"keyAPIDiffClass":[],
			"callerOfSingnlar2SourceVar":{
				"<android.nfc.NdefMessage: void <init>(android.nfc.NdefRecord[])>":"0"
			}
		}
	]
}