{
	"exceptions":[
		{
			"method":"<android.net.wifi.p2p.WifiP2pManager: void checkChannel(android.net.wifi.p2p.WifiP2pManager$Channel)>",
			"message":"\\QChannel needs to be initialized\\E",
			"relatedVarType":"Parameter",
			"relatedCondType":"Basic",
			"modifier":"private",
			"type":"java.lang.IllegalArgumentException",
			"osVersionRelated":false,
			"resourceRelated":false,
			"assessRelated":false,
			"hardwareRelated":false,
			"manifestRelated":false,
			"conditions":"r0 != null",
			"paramValues":"@parameter0: android.net.wifi.p2p.WifiP2pManager$Channel",
			"relatedValues":"@parameter0: android.net.wifi.p2p.WifiP2pManager$Channel; ; ",
			"keyAPISameClassNum":0,
			"keyAPIDiffClassNum":0,
			"keyAPISameClass":[
				{
					"trace":[
						"<android.net.wifi.p2p.WifiP2pManager: void checkChannel(android.net.wifi.p2p.WifiP2pManager$Channel)>"
					],
					"depth":0,
					"method":"<android.net.wifi.p2p.WifiP2pManager: void checkChannel(android.net.wifi.p2p.WifiP2pManager$Channel)>",
					"source":"CALLER"
				},
				{
					"trace":[
						"<android.net.wifi.p2p.WifiP2pManager: void addLocalService(android.net.wifi.p2p.WifiP2pManager$Channel,android.net.wifi.p2p.nsd.WifiP2pServiceInfo,android.net.wifi.p2p.WifiP2pManager$ActionListener)>",
						"<android.net.wifi.p2p.WifiP2pManager: void checkChannel(android.net.wifi.p2p.WifiP2pManager$Channel)>"
					],
					"depth":1,
					"method":"<android.net.wifi.p2p.WifiP2pManager: void addLocalService(android.net.wifi.p2p.WifiP2pManager$Channel,android.net.wifi.p2p.nsd.WifiP2pServiceInfo,android.net.wifi.p2p.WifiP2pManager$ActionListener)>",
					"source":"CALLER"
				},
				{
					"trace":[
						"<android.net.wifi.p2p.WifiP2pManager: void stopPeerDiscovery(android.net.wifi.p2p.WifiP2pManager$Channel,android.net.wifi.p2p.WifiP2pManager$ActionListener)>",
						"<android.net.wifi.p2p.WifiP2pManager: void checkChannel(android.net.wifi.p2p.WifiP2pManager$Channel)>"
					],
					"depth":1,
					"method":"<android.net.wifi.p2p.WifiP2pManager: void stopPeerDiscovery(android.net.wifi.p2p.WifiP2pManager$Channel,android.net.wifi.p2p.WifiP2pManager$ActionListener)>",
					"source":"CALLER"
				},
				{
					"trace":[
						"<android.net.wifi.p2p.WifiP2pManager: void startWps(android.net.wifi.p2p.WifiP2pManager$Channel,android.net.wifi.WpsInfo,android.net.wifi.p2p.WifiP2pManager$ActionListener)>",
						"<android.net.wifi.p2p.WifiP2pManager: void checkChannel(android.net.wifi.p2p.WifiP2pManager$Channel)>"
					],
					"depth":1,
					"method":"<android.net.wifi.p2p.WifiP2pManager: void startWps(android.net.wifi.p2p.WifiP2pManager$Channel,android.net.wifi.WpsInfo,android.net.wifi.p2p.WifiP2pManager$ActionListener)>",
					"source":"CALLER"
				},
				{
					"trace":[
						"<android.net.wifi.p2p.WifiP2pManager: void setWFDInfo(android.net.wifi.p2p.WifiP2pManager$Channel,android.net.wifi.p2p.WifiP2pWfdInfo,android.net.wifi.p2p.WifiP2pManager$ActionListener)>",
						"<android.net.wifi.p2p.WifiP2pManager: void checkChannel(android.net.wifi.p2p.WifiP2pManager$Channel)>"
					],
					"depth":1,
					"method":"<android.net.wifi.p2p.WifiP2pManager: void setWFDInfo(android.net.wifi.p2p.WifiP2pManager$Channel,android.net.wifi.p2p.WifiP2pWfdInfo,android.net.wifi.p2p.WifiP2pManager$ActionListener)>",
					"source":"CALLER"
				},
				{
					"trace":[
						"<android.net.wifi.p2p.WifiP2pManager: void setUpnpServiceResponseListener(android.net.wifi.p2p.WifiP2pManager$Channel,android.net.wifi.p2p.WifiP2pManager$UpnpServiceResponseListener)>",
						"<android.net.wifi.p2p.WifiP2pManager: void checkChannel(android.net.wifi.p2p.WifiP2pManager$Channel)>"
					],
					"depth":1,
					"method":"<android.net.wifi.p2p.WifiP2pManager: void setUpnpServiceResponseListener(android.net.wifi.p2p.WifiP2pManager$Channel,android.net.wifi.p2p.WifiP2pManager$UpnpServiceResponseListener)>",
					"source":"CALLER"
				},
				{
					"trace":[
						"<android.net.wifi.p2p.WifiP2pManager: void setServiceResponseListener(android.net.wifi.p2p.WifiP2pManager$Channel,android.net.wifi.p2p.WifiP2pManager$ServiceResponseListener)>",
						"<android.net.wifi.p2p.WifiP2pManager: void checkChannel(android.net.wifi.p2p.WifiP2pManager$Channel)>"
					],
					"depth":1,
					"method":"<android.net.wifi.p2p.WifiP2pManager: void setServiceResponseListener(android.net.wifi.p2p.WifiP2pManager$Channel,android.net.wifi.p2p.WifiP2pManager$ServiceResponseListener)>",
					"source":"CALLER"
				},
				{
					"trace":[
						"<android.net.wifi.p2p.WifiP2pManager: void setDnsSdResponseListeners(android.net.wifi.p2p.WifiP2pManager$Channel,android.net.wifi.p2p.WifiP2pManager$DnsSdServiceResponseListener,android.net.wifi.p2p.WifiP2pManager$DnsSdTxtRecordListener)>",
						"<android.net.wifi.p2p.WifiP2pManager: void checkChannel(android.net.wifi.p2p.WifiP2pManager$Channel)>"
					],
					"depth":1,
					"method":"<android.net.wifi.p2p.WifiP2pManager: void setDnsSdResponseListeners(android.net.wifi.p2p.WifiP2pManager$Channel,android.net.wifi.p2p.WifiP2pManager$DnsSdServiceResponseListener,android.net.wifi.p2p.WifiP2pManager$DnsSdTxtRecordListener)>",
					"source":"CALLER"
				},
				{
					"trace":[
						"<android.net.wifi.p2p.WifiP2pManager: void setDeviceName(android.net.wifi.p2p.WifiP2pManager$Channel,java.lang.String,android.net.wifi.p2p.WifiP2pManager$ActionListener)>",
						"<android.net.wifi.p2p.WifiP2pManager: void checkChannel(android.net.wifi.p2p.WifiP2pManager$Channel)>"
					],
					"depth":1,
					"method":"<android.net.wifi.p2p.WifiP2pManager: void setDeviceName(android.net.wifi.p2p.WifiP2pManager$Channel,java.lang.String,android.net.wifi.p2p.WifiP2pManager$ActionListener)>",
					"source":"CALLER"
				},
				{
					"trace":[
						"<android.net.wifi.p2p.WifiP2pManager: void requestPersistentGroupInfo(android.net.wifi.p2p.WifiP2pManager$Channel,android.net.wifi.p2p.WifiP2pManager$PersistentGroupInfoListener)>",
						"<android.net.wifi.p2p.WifiP2pManager: void checkChannel(android.net.wifi.p2p.WifiP2pManager$Channel)>"
					],
					"depth":1,
					"method":"<android.net.wifi.p2p.WifiP2pManager: void requestPersistentGroupInfo(android.net.wifi.p2p.WifiP2pManager$Channel,android.net.wifi.p2p.WifiP2pManager$PersistentGroupInfoListener)>",
					"source":"CALLER"
				},
				{
					"trace":[
						"<android.net.wifi.p2p.WifiP2pManager: void requestPeers(android.net.wifi.p2p.WifiP2pManager$Channel,android.net.wifi.p2p.WifiP2pManager$PeerListListener)>",
						"<android.net.wifi.p2p.WifiP2pManager: void checkChannel(android.net.wifi.p2p.WifiP2pManager$Channel)>"
					],
					"depth":1,
					"method":"<android.net.wifi.p2p.WifiP2pManager: void requestPeers(android.net.wifi.p2p.WifiP2pManager$Channel,android.net.wifi.p2p.WifiP2pManager$PeerListListener)>",
					"source":"CALLER"
				},
				{
					"trace":[
						"<android.net.wifi.p2p.WifiP2pManager: void requestGroupInfo(android.net.wifi.p2p.WifiP2pManager$Channel,android.net.wifi.p2p.WifiP2pManager$GroupInfoListener)>",
						"<android.net.wifi.p2p.WifiP2pManager: void checkChannel(android.net.wifi.p2p.WifiP2pManager$Channel)>"
					],
					"depth":1,
					"method":"<android.net.wifi.p2p.WifiP2pManager: void requestGroupInfo(android.net.wifi.p2p.WifiP2pManager$Channel,android.net.wifi.p2p.WifiP2pManager$GroupInfoListener)>",
					"source":"CALLER"
				},
				{
					"trace":[
						"<android.net.wifi.p2p.WifiP2pManager: void requestConnectionInfo(android.net.wifi.p2p.WifiP2pManager$Channel,android.net.wifi.p2p.WifiP2pManager$ConnectionInfoListener)>",
						"<android.net.wifi.p2p.WifiP2pManager: void checkChannel(android.net.wifi.p2p.WifiP2pManager$Channel)>"
					],
					"depth":1,
					"method":"<android.net.wifi.p2p.WifiP2pManager: void requestConnectionInfo(android.net.wifi.p2p.WifiP2pManager$Channel,android.net.wifi.p2p.WifiP2pManager$ConnectionInfoListener)>",
					"source":"CALLER"
				},
				{
					"trace":[
						"<android.net.wifi.p2p.WifiP2pManager: void removeServiceRequest(android.net.wifi.p2p.WifiP2pManager$Channel,android.net.wifi.p2p.nsd.WifiP2pServiceRequest,android.net.wifi.p2p.WifiP2pManager$ActionListener)>",
						"<android.net.wifi.p2p.WifiP2pManager: void checkChannel(android.net.wifi.p2p.WifiP2pManager$Channel)>"
					],
					"depth":1,
					"method":"<android.net.wifi.p2p.WifiP2pManager: void removeServiceRequest(android.net.wifi.p2p.WifiP2pManager$Channel,android.net.wifi.p2p.nsd.WifiP2pServiceRequest,android.net.wifi.p2p.WifiP2pManager$ActionListener)>",
					"source":"CALLER"
				},
				{
					"trace":[
						"<android.net.wifi.p2p.WifiP2pManager: void removeLocalService(android.net.wifi.p2p.WifiP2pManager$Channel,android.net.wifi.p2p.nsd.WifiP2pServiceInfo,android.net.wifi.p2p.WifiP2pManager$ActionListener)>",
						"<android.net.wifi.p2p.WifiP2pManager: void checkChannel(android.net.wifi.p2p.WifiP2pManager$Channel)>"
					],
					"depth":1,
					"method":"<android.net.wifi.p2p.WifiP2pManager: void removeLocalService(android.net.wifi.p2p.WifiP2pManager$Channel,android.net.wifi.p2p.nsd.WifiP2pServiceInfo,android.net.wifi.p2p.WifiP2pManager$ActionListener)>",
					"source":"CALLER"
				},
				{
					"trace":[
						"<android.net.wifi.p2p.WifiP2pManager: void removeGroup(android.net.wifi.p2p.WifiP2pManager$Channel,android.net.wifi.p2p.WifiP2pManager$ActionListener)>",
						"<android.net.wifi.p2p.WifiP2pManager: void checkChannel(android.net.wifi.p2p.WifiP2pManager$Channel)>"
					],
					"depth":1,
					"method":"<android.net.wifi.p2p.WifiP2pManager: void removeGroup(android.net.wifi.p2p.WifiP2pManager$Channel,android.net.wifi.p2p.WifiP2pManager$ActionListener)>",
					"source":"CALLER"
				},
				{
					"trace":[
						"<android.net.wifi.p2p.WifiP2pManager: void discoverServices(android.net.wifi.p2p.WifiP2pManager$Channel,android.net.wifi.p2p.WifiP2pManager$ActionListener)>",
						"<android.net.wifi.p2p.WifiP2pManager: void checkChannel(android.net.wifi.p2p.WifiP2pManager$Channel)>"
					],
					"depth":1,
					"method":"<android.net.wifi.p2p.WifiP2pManager: void discoverServices(android.net.wifi.p2p.WifiP2pManager$Channel,android.net.wifi.p2p.WifiP2pManager$ActionListener)>",
					"source":"CALLER"
				},
				{
					"trace":[
						"<android.net.wifi.p2p.WifiP2pManager: void discoverPeers(android.net.wifi.p2p.WifiP2pManager$Channel,android.net.wifi.p2p.WifiP2pManager$ActionListener)>",
						"<android.net.wifi.p2p.WifiP2pManager: void checkChannel(android.net.wifi.p2p.WifiP2pManager$Channel)>"
					],
					"depth":1,
					"method":"<android.net.wifi.p2p.WifiP2pManager: void discoverPeers(android.net.wifi.p2p.WifiP2pManager$Channel,android.net.wifi.p2p.WifiP2pManager$ActionListener)>",
					"source":"CALLER"
				},
				{
					"trace":[
						"<android.net.wifi.p2p.WifiP2pManager: void deletePersistentGroup(android.net.wifi.p2p.WifiP2pManager$Channel,int,android.net.wifi.p2p.WifiP2pManager$ActionListener)>",
						"<android.net.wifi.p2p.WifiP2pManager: void checkChannel(android.net.wifi.p2p.WifiP2pManager$Channel)>"
					],
					"depth":1,
					"method":"<android.net.wifi.p2p.WifiP2pManager: void deletePersistentGroup(android.net.wifi.p2p.WifiP2pManager$Channel,int,android.net.wifi.p2p.WifiP2pManager$ActionListener)>",
					"source":"CALLER"
				},
				{
					"trace":[
						"<android.net.wifi.p2p.WifiP2pManager: void createGroup(android.net.wifi.p2p.WifiP2pManager$Channel,android.net.wifi.p2p.WifiP2pManager$ActionListener)>",
						"<android.net.wifi.p2p.WifiP2pManager: void checkChannel(android.net.wifi.p2p.WifiP2pManager$Channel)>"
					],
					"depth":1,
					"method":"<android.net.wifi.p2p.WifiP2pManager: void createGroup(android.net.wifi.p2p.WifiP2pManager$Channel,android.net.wifi.p2p.WifiP2pManager$ActionListener)>",
					"source":"CALLER"
				},
				{
					"trace":[
						"<android.net.wifi.p2p.WifiP2pManager: void connect(android.net.wifi.p2p.WifiP2pManager$Channel,android.net.wifi.p2p.WifiP2pConfig,android.net.wifi.p2p.WifiP2pManager$ActionListener)>",
						"<android.net.wifi.p2p.WifiP2pManager: void checkChannel(android.net.wifi.p2p.WifiP2pManager$Channel)>"
					],
					"depth":1,
					"method":"<android.net.wifi.p2p.WifiP2pManager: void connect(android.net.wifi.p2p.WifiP2pManager$Channel,android.net.wifi.p2p.WifiP2pConfig,android.net.wifi.p2p.WifiP2pManager$ActionListener)>",
					"source":"CALLER"
				},
				{
					"trace":[
						"<android.net.wifi.p2p.WifiP2pManager: void clearServiceRequests(android.net.wifi.p2p.WifiP2pManager$Channel,android.net.wifi.p2p.WifiP2pManager$ActionListener)>",
						"<android.net.wifi.p2p.WifiP2pManager: void checkChannel(android.net.wifi.p2p.WifiP2pManager$Channel)>"
					],
					"depth":1,
					"method":"<android.net.wifi.p2p.WifiP2pManager: void clearServiceRequests(android.net.wifi.p2p.WifiP2pManager$Channel,android.net.wifi.p2p.WifiP2pManager$ActionListener)>",
					"source":"CALLER"
				},
				{
					"trace":[
						"<android.net.wifi.p2p.WifiP2pManager: void clearLocalServices(android.net.wifi.p2p.WifiP2pManager$Channel,android.net.wifi.p2p.WifiP2pManager$ActionListener)>",
						"<android.net.wifi.p2p.WifiP2pManager: void checkChannel(android.net.wifi.p2p.WifiP2pManager$Channel)>"
					],
					"depth":1,
					"method":"<android.net.wifi.p2p.WifiP2pManager: void clearLocalServices(android.net.wifi.p2p.WifiP2pManager$Channel,android.net.wifi.p2p.WifiP2pManager$ActionListener)>",
					"source":"CALLER"
				},
				{
					"trace":[
						"<android.net.wifi.p2p.WifiP2pManager: void cancelConnect(android.net.wifi.p2p.WifiP2pManager$Channel,android.net.wifi.p2p.WifiP2pManager$ActionListener)>",
						"<android.net.wifi.p2p.WifiP2pManager: void checkChannel(android.net.wifi.p2p.WifiP2pManager$Channel)>"
					],
					"depth":1,
					"method":"<android.net.wifi.p2p.WifiP2pManager: void cancelConnect(android.net.wifi.p2p.WifiP2pManager$Channel,android.net.wifi.p2p.WifiP2pManager$ActionListener)>",
					"source":"CALLER"
				},
				{
					"trace":[
						"<android.net.wifi.p2p.WifiP2pManager: void addServiceRequest(android.net.wifi.p2p.WifiP2pManager$Channel,android.net.wifi.p2p.nsd.WifiP2pServiceRequest,android.net.wifi.p2p.WifiP2pManager$ActionListener)>",
						"<android.net.wifi.p2p.WifiP2pManager: void checkChannel(android.net.wifi.p2p.WifiP2pManager$Channel)>"
					],
					"depth":1,
					"method":"<android.net.wifi.p2p.WifiP2pManager: void addServiceRequest(android.net.wifi.p2p.WifiP2pManager$Channel,android.net.wifi.p2p.nsd.WifiP2pServiceRequest,android.net.wifi.p2p.WifiP2pManager$ActionListener)>",
					"source":"CALLER"
				}
			],
			"keyAPIDiffClass":[],
			"callerOfSingnlar2SourceVar":{
				"<android.net.wifi.p2p.WifiP2pManager: void setUpnpServiceResponseListener(android.net.wifi.p2p.WifiP2pManager$Channel,android.net.wifi.p2p.WifiP2pManager$UpnpServiceResponseListener)>":"0",
				"<android.net.wifi.p2p.WifiP2pManager: void clearServiceRequests(android.net.wifi.p2p.WifiP2pManager$Channel,android.net.wifi.p2p.WifiP2pManager$ActionListener)>":"0",
				"<android.net.wifi.p2p.WifiP2pManager: void stopPeerDiscovery(android.net.wifi.p2p.WifiP2pManager$Channel,android.net.wifi.p2p.WifiP2pManager$ActionListener)>":"0",
				"<android.net.wifi.p2p.WifiP2pManager: void setDeviceName(android.net.wifi.p2p.WifiP2pManager$Channel,java.lang.String,android.net.wifi.p2p.WifiP2pManager$ActionListener)>":"0",
				"<android.net.wifi.p2p.WifiP2pManager: void createGroup(android.net.wifi.p2p.WifiP2pManager$Channel,android.net.wifi.p2p.WifiP2pManager$ActionListener)>":"0",
				"<android.net.wifi.p2p.WifiP2pManager: void requestPersistentGroupInfo(android.net.wifi.p2p.WifiP2pManager$Channel,android.net.wifi.p2p.WifiP2pManager$PersistentGroupInfoListener)>":"0",
				"<android.net.wifi.p2p.WifiP2pManager: void setServiceResponseListener(android.net.wifi.p2p.WifiP2pManager$Channel,android.net.wifi.p2p.WifiP2pManager$ServiceResponseListener)>":"0",
				"<android.net.wifi.p2p.WifiP2pManager: void addLocalService(android.net.wifi.p2p.WifiP2pManager$Channel,android.net.wifi.p2p.nsd.WifiP2pServiceInfo,android.net.wifi.p2p.WifiP2pManager$ActionListener)>":"0",
				"<android.net.wifi.p2p.WifiP2pManager: void startWps(android.net.wifi.p2p.WifiP2pManager$Channel,android.net.wifi.WpsInfo,android.net.wifi.p2p.WifiP2pManager$ActionListener)>":"0",
				"<android.net.wifi.p2p.WifiP2pManager: void discoverPeers(android.net.wifi.p2p.WifiP2pManager$Channel,android.net.wifi.p2p.WifiP2pManager$ActionListener)>":"0",
				"<android.net.wifi.p2p.WifiP2pManager: void connect(android.net.wifi.p2p.WifiP2pManager$Channel,android.net.wifi.p2p.WifiP2pConfig,android.net.wifi.p2p.WifiP2pManager$ActionListener)>":"0",
				"<android.net.wifi.p2p.WifiP2pManager: void setDnsSdResponseListeners(android.net.wifi.p2p.WifiP2pManager$Channel,android.net.wifi.p2p.WifiP2pManager$DnsSdServiceResponseListener,android.net.wifi.p2p.WifiP2pManager$DnsSdTxtRecordListener)>":"0",
				"<android.net.wifi.p2p.WifiP2pManager: void requestPeers(android.net.wifi.p2p.WifiP2pManager$Channel,android.net.wifi.p2p.WifiP2pManager$PeerListListener)>":"0",
				"<android.net.wifi.p2p.WifiP2pManager: void addServiceRequest(android.net.wifi.p2p.WifiP2pManager$Channel,android.net.wifi.p2p.nsd.WifiP2pServiceRequest,android.net.wifi.p2p.WifiP2pManager$ActionListener)>":"0",
				"<android.net.wifi.p2p.WifiP2pManager: void requestConnectionInfo(android.net.wifi.p2p.WifiP2pManager$Channel,android.net.wifi.p2p.WifiP2pManager$ConnectionInfoListener)>":"0",
				"<android.net.wifi.p2p.WifiP2pManager: void cancelConnect(android.net.wifi.p2p.WifiP2pManager$Channel,android.net.wifi.p2p.WifiP2pManager$ActionListener)>":"0",
				"<android.net.wifi.p2p.WifiP2pManager: void discoverServices(android.net.wifi.p2p.WifiP2pManager$Channel,android.net.wifi.p2p.WifiP2pManager$ActionListener)>":"0",
				"<android.net.wifi.p2p.WifiP2pManager: void checkChannel(android.net.wifi.p2p.WifiP2pManager$Channel)>":"0",
				"<android.net.wifi.p2p.WifiP2pManager: void deletePersistentGroup(android.net.wifi.p2p.WifiP2pManager$Channel,int,android.net.wifi.p2p.WifiP2pManager$ActionListener)>":"0",
				"<android.net.wifi.p2p.WifiP2pManager: void requestGroupInfo(android.net.wifi.p2p.WifiP2pManager$Channel,android.net.wifi.p2p.WifiP2pManager$GroupInfoListener)>":"0",
				"<android.net.wifi.p2p.WifiP2pManager: void removeServiceRequest(android.net.wifi.p2p.WifiP2pManager$Channel,android.net.wifi.p2p.nsd.WifiP2pServiceRequest,android.net.wifi.p2p.WifiP2pManager$ActionListener)>":"0",
				"<android.net.wifi.p2p.WifiP2pManager: void removeLocalService(android.net.wifi.p2p.WifiP2pManager$Channel,android.net.wifi.p2p.nsd.WifiP2pServiceInfo,android.net.wifi.p2p.WifiP2pManager$ActionListener)>":"0",
				"<android.net.wifi.p2p.WifiP2pManager: void removeGroup(android.net.wifi.p2p.WifiP2pManager$Channel,android.net.wifi.p2p.WifiP2pManager$ActionListener)>":"0",
				"<android.net.wifi.p2p.WifiP2pManager: void setWFDInfo(android.net.wifi.p2p.WifiP2pManager$Channel,android.net.wifi.p2p.WifiP2pWfdInfo,android.net.wifi.p2p.WifiP2pManager$ActionListener)>":"0",
				"<android.net.wifi.p2p.WifiP2pManager: void clearLocalServices(android.net.wifi.p2p.WifiP2pManager$Channel,android.net.wifi.p2p.WifiP2pManager$ActionListener)>":"0"
			}
		},
		{
			"method":"<android.net.wifi.p2p.WifiP2pManager: void checkP2pConfig(android.net.wifi.p2p.WifiP2pConfig)>",
			"message":"\\Qconfig cannot be null\\E",
			"relatedVarType":"Parameter",
			"relatedCondType":"Basic",
			"modifier":"private",
			"type":"java.lang.IllegalArgumentException",
			"osVersionRelated":false,
			"resourceRelated":false,
			"assessRelated":false,
			"hardwareRelated":false,
			"manifestRelated":false,
			"conditions":"r0 != null",
			"paramValues":"@parameter0: android.net.wifi.p2p.WifiP2pConfig",
			"relatedValues":"@parameter0: android.net.wifi.p2p.WifiP2pConfig; ; ",
			"keyAPISameClassNum":0,
			"keyAPIDiffClassNum":0,
			"keyAPISameClass":[
				{
					"trace":[
						"<android.net.wifi.p2p.WifiP2pManager: void checkP2pConfig(android.net.wifi.p2p.WifiP2pConfig)>"
					],
					"depth":0,
					"method":"<android.net.wifi.p2p.WifiP2pManager: void checkP2pConfig(android.net.wifi.p2p.WifiP2pConfig)>",
					"source":"CALLER"
				},
				{
					"trace":[
						"<android.net.wifi.p2p.WifiP2pManager: void connect(android.net.wifi.p2p.WifiP2pManager$Channel,android.net.wifi.p2p.WifiP2pConfig,android.net.wifi.p2p.WifiP2pManager$ActionListener)>",
						"<android.net.wifi.p2p.WifiP2pManager: void checkP2pConfig(android.net.wifi.p2p.WifiP2pConfig)>"
					],
					"depth":1,
					"method":"<android.net.wifi.p2p.WifiP2pManager: void connect(android.net.wifi.p2p.WifiP2pManager$Channel,android.net.wifi.p2p.WifiP2pConfig,android.net.wifi.p2p.WifiP2pManager$ActionListener)>",
					"source":"CALLER"
				}
			],
			"keyAPIDiffClass":[],
			"callerOfSingnlar2SourceVar":{
				"<android.net.wifi.p2p.WifiP2pManager: void connect(android.net.wifi.p2p.WifiP2pManager$Channel,android.net.wifi.p2p.WifiP2pConfig,android.net.wifi.p2p.WifiP2pManager$ActionListener)>":"1",
				"<android.net.wifi.p2p.WifiP2pManager: void checkP2pConfig(android.net.wifi.p2p.WifiP2pConfig)>":"0"
			}
		},
		{
			"method":"<android.net.wifi.p2p.WifiP2pManager: void checkP2pConfig(android.net.wifi.p2p.WifiP2pConfig)>",
			"message":"\\QdeviceAddress cannot be empty\\E",
			"relatedVarType":"Parameter",
			"relatedCondType":"Basic",
			"modifier":"private",
			"type":"java.lang.IllegalArgumentException",
			"osVersionRelated":false,
			"resourceRelated":false,
			"assessRelated":false,
			"hardwareRelated":false,
			"manifestRelated":false,
			"conditions":"$z0 == 0, r0 != null",
			"paramValues":"@parameter0: android.net.wifi.p2p.WifiP2pConfig",
			"relatedValues":"@parameter0: android.net.wifi.p2p.WifiP2pConfig; ; ",
			"keyAPISameClassNum":0,
			"keyAPIDiffClassNum":0,
			"keyAPISameClass":[
				{
					"trace":[
						"<android.net.wifi.p2p.WifiP2pManager: void checkP2pConfig(android.net.wifi.p2p.WifiP2pConfig)>"
					],
					"depth":0,
					"method":"<android.net.wifi.p2p.WifiP2pManager: void checkP2pConfig(android.net.wifi.p2p.WifiP2pConfig)>",
					"source":"CALLER"
				},
				{
					"trace":[
						"<android.net.wifi.p2p.WifiP2pManager: void connect(android.net.wifi.p2p.WifiP2pManager$Channel,android.net.wifi.p2p.WifiP2pConfig,android.net.wifi.p2p.WifiP2pManager$ActionListener)>",
						"<android.net.wifi.p2p.WifiP2pManager: void checkP2pConfig(android.net.wifi.p2p.WifiP2pConfig)>"
					],
					"depth":1,
					"method":"<android.net.wifi.p2p.WifiP2pManager: void connect(android.net.wifi.p2p.WifiP2pManager$Channel,android.net.wifi.p2p.WifiP2pConfig,android.net.wifi.p2p.WifiP2pManager$ActionListener)>",
					"source":"CALLER"
				}
			],
			"keyAPIDiffClass":[],
			"callerOfSingnlar2SourceVar":{
				"<android.net.wifi.p2p.WifiP2pManager: void connect(android.net.wifi.p2p.WifiP2pManager$Channel,android.net.wifi.p2p.WifiP2pConfig,android.net.wifi.p2p.WifiP2pManager$ActionListener)>":"1",
				"<android.net.wifi.p2p.WifiP2pManager: void checkP2pConfig(android.net.wifi.p2p.WifiP2pConfig)>":"0"
			}
		},
		{
			"method":"<android.net.wifi.p2p.WifiP2pManager: void checkServiceInfo(android.net.wifi.p2p.nsd.WifiP2pServiceInfo)>",
			"message":"\\Qservice info is null\\E",
			"relatedVarType":"Parameter",
			"relatedCondType":"Basic",
			"modifier":"private",
			"type":"java.lang.IllegalArgumentException",
			"osVersionRelated":false,
			"resourceRelated":false,
			"assessRelated":false,
			"hardwareRelated":false,
			"manifestRelated":false,
			"conditions":"r0 != null",
			"paramValues":"@parameter0: android.net.wifi.p2p.nsd.WifiP2pServiceInfo",
			"relatedValues":"@parameter0: android.net.wifi.p2p.nsd.WifiP2pServiceInfo; ; ",
			"keyAPISameClassNum":0,
			"keyAPIDiffClassNum":0,
			"keyAPISameClass":[
				{
					"trace":[
						"<android.net.wifi.p2p.WifiP2pManager: void checkServiceInfo(android.net.wifi.p2p.nsd.WifiP2pServiceInfo)>"
					],
					"depth":0,
					"method":"<android.net.wifi.p2p.WifiP2pManager: void checkServiceInfo(android.net.wifi.p2p.nsd.WifiP2pServiceInfo)>",
					"source":"CALLER"
				},
				{
					"trace":[
						"<android.net.wifi.p2p.WifiP2pManager: void addLocalService(android.net.wifi.p2p.WifiP2pManager$Channel,android.net.wifi.p2p.nsd.WifiP2pServiceInfo,android.net.wifi.p2p.WifiP2pManager$ActionListener)>",
						"<android.net.wifi.p2p.WifiP2pManager: void checkServiceInfo(android.net.wifi.p2p.nsd.WifiP2pServiceInfo)>"
					],
					"depth":1,
					"method":"<android.net.wifi.p2p.WifiP2pManager: void addLocalService(android.net.wifi.p2p.WifiP2pManager$Channel,android.net.wifi.p2p.nsd.WifiP2pServiceInfo,android.net.wifi.p2p.WifiP2pManager$ActionListener)>",
					"source":"CALLER"
				},
				{
					"trace":[
						"<android.net.wifi.p2p.WifiP2pManager: void removeLocalService(android.net.wifi.p2p.WifiP2pManager$Channel,android.net.wifi.p2p.nsd.WifiP2pServiceInfo,android.net.wifi.p2p.WifiP2pManager$ActionListener)>",
						"<android.net.wifi.p2p.WifiP2pManager: void checkServiceInfo(android.net.wifi.p2p.nsd.WifiP2pServiceInfo)>"
					],
					"depth":1,
					"method":"<android.net.wifi.p2p.WifiP2pManager: void removeLocalService(android.net.wifi.p2p.WifiP2pManager$Channel,android.net.wifi.p2p.nsd.WifiP2pServiceInfo,android.net.wifi.p2p.WifiP2pManager$ActionListener)>",
					"source":"CALLER"
				}
			],
			"keyAPIDiffClass":[],
			"callerOfSingnlar2SourceVar":{
				"<android.net.wifi.p2p.WifiP2pManager: void addLocalService(android.net.wifi.p2p.WifiP2pManager$Channel,android.net.wifi.p2p.nsd.WifiP2pServiceInfo,android.net.wifi.p2p.WifiP2pManager$ActionListener)>":"1",
				"<android.net.wifi.p2p.WifiP2pManager: void removeLocalService(android.net.wifi.p2p.WifiP2pManager$Channel,android.net.wifi.p2p.nsd.WifiP2pServiceInfo,android.net.wifi.p2p.WifiP2pManager$ActionListener)>":"1",
				"<android.net.wifi.p2p.WifiP2pManager: void checkServiceInfo(android.net.wifi.p2p.nsd.WifiP2pServiceInfo)>":"0"
			}
		},
		{
			"method":"<android.net.wifi.p2p.WifiP2pManager: void checkServiceRequest(android.net.wifi.p2p.nsd.WifiP2pServiceRequest)>",
			"message":"\\Qservice request is null\\E",
			"relatedVarType":"Parameter",
			"relatedCondType":"Basic",
			"modifier":"private",
			"type":"java.lang.IllegalArgumentException",
			"osVersionRelated":false,
			"resourceRelated":false,
			"assessRelated":false,
			"hardwareRelated":false,
			"manifestRelated":false,
			"conditions":"r0 != null",
			"paramValues":"@parameter0: android.net.wifi.p2p.nsd.WifiP2pServiceRequest",
			"relatedValues":"@parameter0: android.net.wifi.p2p.nsd.WifiP2pServiceRequest; ; ",
			"keyAPISameClassNum":0,
			"keyAPIDiffClassNum":0,
			"keyAPISameClass":[
				{
					"trace":[
						"<android.net.wifi.p2p.WifiP2pManager: void checkServiceRequest(android.net.wifi.p2p.nsd.WifiP2pServiceRequest)>"
					],
					"depth":0,
					"method":"<android.net.wifi.p2p.WifiP2pManager: void checkServiceRequest(android.net.wifi.p2p.nsd.WifiP2pServiceRequest)>",
					"source":"CALLER"
				},
				{
					"trace":[
						"<android.net.wifi.p2p.WifiP2pManager: void addServiceRequest(android.net.wifi.p2p.WifiP2pManager$Channel,android.net.wifi.p2p.nsd.WifiP2pServiceRequest,android.net.wifi.p2p.WifiP2pManager$ActionListener)>",
						"<android.net.wifi.p2p.WifiP2pManager: void checkServiceRequest(android.net.wifi.p2p.nsd.WifiP2pServiceRequest)>"
					],
					"depth":1,
					"method":"<android.net.wifi.p2p.WifiP2pManager: void addServiceRequest(android.net.wifi.p2p.WifiP2pManager$Channel,android.net.wifi.p2p.nsd.WifiP2pServiceRequest,android.net.wifi.p2p.WifiP2pManager$ActionListener)>",
					"source":"CALLER"
				},
				{
					"trace":[
						"<android.net.wifi.p2p.WifiP2pManager: void removeServiceRequest(android.net.wifi.p2p.WifiP2pManager$Channel,android.net.wifi.p2p.nsd.WifiP2pServiceRequest,android.net.wifi.p2p.WifiP2pManager$ActionListener)>",
						"<android.net.wifi.p2p.WifiP2pManager: void checkServiceRequest(android.net.wifi.p2p.nsd.WifiP2pServiceRequest)>"
					],
					"depth":1,
					"method":"<android.net.wifi.p2p.WifiP2pManager: void removeServiceRequest(android.net.wifi.p2p.WifiP2pManager$Channel,android.net.wifi.p2p.nsd.WifiP2pServiceRequest,android.net.wifi.p2p.WifiP2pManager$ActionListener)>",
					"source":"CALLER"
				}
			],
			"keyAPIDiffClass":[],
			"callerOfSingnlar2SourceVar":{
				"<android.net.wifi.p2p.WifiP2pManager: void removeServiceRequest(android.net.wifi.p2p.WifiP2pManager$Channel,android.net.wifi.p2p.nsd.WifiP2pServiceRequest,android.net.wifi.p2p.WifiP2pManager$ActionListener)>":"1",
				"<android.net.wifi.p2p.WifiP2pManager: void addServiceRequest(android.net.wifi.p2p.WifiP2pManager$Channel,android.net.wifi.p2p.nsd.WifiP2pServiceRequest,android.net.wifi.p2p.WifiP2pManager$ActionListener)>":"1",
				"<android.net.wifi.p2p.WifiP2pManager: void checkServiceRequest(android.net.wifi.p2p.nsd.WifiP2pServiceRequest)>":"0"
			}
		}
	]
}