{
	"exceptions":[
		{
			"method":"<android.animation.AnimatorInflater: android.animation.Animator createAnimatorFromXml(android.content.Context,org.xmlpull.v1.XmlPullParser,android.util.AttributeSet,android.animation.AnimatorSet,int)>",
			"message":"\\QUnknown animator name: \\E[\\s\\S]*",
			"relatedVarType":"Parameter",
			"relatedCondType":"Basic",
			"modifier":"private",
			"type":"java.lang.RuntimeException",
			"osVersionRelated":false,
			"resourceRelated":false,
			"assessRelated":false,
			"hardwareRelated":false,
			"manifestRelated":false,
			"conditions":"$z3 == 0, $z2 == 0, $z1 == 0",
			"paramValues":"@parameter1: org.xmlpull.v1.XmlPullParser",
			"relatedValues":"@parameter1: org.xmlpull.v1.XmlPullParser; ; ",
			"keyAPISameClassNum":0,
			"keyAPIDiffClassNum":0,
			"keyAPISameClass":[
				{
					"trace":[
						"<android.animation.AnimatorInflater: android.animation.Animator createAnimatorFromXml(android.content.Context,org.xmlpull.v1.XmlPullParser,android.util.AttributeSet,android.animation.AnimatorSet,int)>"
					],
					"depth":0,
					"method":"<android.animation.AnimatorInflater: android.animation.Animator createAnimatorFromXml(android.content.Context,org.xmlpull.v1.XmlPullParser,android.util.AttributeSet,android.animation.AnimatorSet,int)>",
					"source":"CALLER"
				},
				{
					"trace":[
						"<android.animation.AnimatorInflater: android.animation.Animator loadAnimator(android.content.Context,int)>",
						"<android.animation.AnimatorInflater: android.animation.Animator createAnimatorFromXml(android.content.Context,org.xmlpull.v1.XmlPullParser)>",
						"<android.animation.AnimatorInflater: android.animation.Animator createAnimatorFromXml(android.content.Context,org.xmlpull.v1.XmlPullParser,android.util.AttributeSet,android.animation.AnimatorSet,int)>"
					],
					"depth":2,
					"method":"<android.animation.AnimatorInflater: android.animation.Animator loadAnimator(android.content.Context,int)>",
					"source":"CALLER"
				}
			],
			"keyAPIDiffClass":[],
			"callerOfSingnlar2SourceVar":{
				"<android.animation.AnimatorInflater: android.animation.Animator createAnimatorFromXml(android.content.Context,org.xmlpull.v1.XmlPullParser)>":"1",
				"<android.animation.AnimatorInflater: android.animation.Animator createAnimatorFromXml(android.content.Context,org.xmlpull.v1.XmlPullParser,android.util.AttributeSet,android.animation.AnimatorSet,int)>":"1"
			}
		},
		{
			"method":"<android.animation.AnimatorInflater: android.animation.Animator loadAnimator(android.content.Context,int)>",
			"message":"\\QCan't load animation resource ID #0x\\E[\\s\\S]*",
			"relatedVarType":"Parameter",
			"relatedCondType":"NotReturn",
			"modifier":"public",
			"type":"android.content.res.Resources$NotFoundException",
			"osVersionRelated":false,
			"resourceRelated":true,
			"assessRelated":false,
			"hardwareRelated":false,
			"manifestRelated":false,
			"conditions":"r25 == null",
			"paramValues":"@parameter1: int, @parameter0: android.content.Context",
			"caughtValues":"@caughtexception",
			"relatedValues":"@parameter1: int, @parameter0: android.content.Context; ; @caughtexception",
			"keyAPISameClassNum":0,
			"keyAPIDiffClassNum":0,
			"keyAPISameClass":[
				{
					"trace":[
						"<android.animation.AnimatorInflater: android.animation.Animator loadAnimator(android.content.Context,int)>"
					],
					"depth":0,
					"method":"<android.animation.AnimatorInflater: android.animation.Animator loadAnimator(android.content.Context,int)>",
					"source":"CALLER"
				}
			],
			"keyAPIDiffClass":[],
			"callerOfSingnlar2SourceVar":{
				"<android.widget.AdapterViewAnimator: void setInAnimation(android.content.Context,int)>":"1, 0",
				"<android.widget.AdapterViewFlipper: void <init>(android.content.Context)>":"0",
				"<android.widget.AdapterViewAnimator: void <init>(android.content.Context,android.util.AttributeSet)>":"0",
				"<android.widget.AdapterViewAnimator: void <init>(android.content.Context)>":"0",
				"<android.widget.AdapterViewFlipper: void <init>(android.content.Context,android.util.AttributeSet)>":"0",
				"<android.widget.StackView: void <init>(android.content.Context)>":"0",
				"<android.widget.StackView: void <init>(android.content.Context,android.util.AttributeSet)>":"0",
				"<android.widget.AdapterViewAnimator: void <init>(android.content.Context,android.util.AttributeSet,int)>":"0",
				"<android.animation.AnimatorInflater: android.animation.Animator loadAnimator(android.content.Context,int)>":"1, 0",
				"<android.widget.AdapterViewAnimator: void setOutAnimation(android.content.Context,int)>":"1, 0",
				"<android.widget.StackView: void <init>(android.content.Context,android.util.AttributeSet,int)>":"0"
			}
		},
		{
			"method":"<android.animation.AnimatorInflater: android.animation.Animator loadAnimator(android.content.Context,int)>",
			"message":"\\QCan't load animation resource ID #0x\\E[\\s\\S]*",
			"relatedVarType":"Parameter",
			"relatedCondType":"NotReturn",
			"modifier":"public",
			"type":"android.content.res.Resources$NotFoundException",
			"osVersionRelated":false,
			"resourceRelated":true,
			"assessRelated":false,
			"hardwareRelated":false,
			"manifestRelated":false,
			"conditions":"r25 == null",
			"paramValues":"@parameter1: int, @parameter0: android.content.Context",
			"caughtValues":"@caughtexception",
			"relatedValues":"@parameter1: int, @parameter0: android.content.Context; ; @caughtexception",
			"keyAPISameClassNum":0,
			"keyAPIDiffClassNum":0,
			"keyAPISameClass":[
				{
					"trace":[
						"<android.animation.AnimatorInflater: android.animation.Animator loadAnimator(android.content.Context,int)>"
					],
					"depth":0,
					"method":"<android.animation.AnimatorInflater: android.animation.Animator loadAnimator(android.content.Context,int)>",
					"source":"CALLER"
				}
			],
			"keyAPIDiffClass":[],
			"callerOfSingnlar2SourceVar":{
				"<android.widget.AdapterViewAnimator: void setInAnimation(android.content.Context,int)>":"1, 0",
				"<android.widget.AdapterViewFlipper: void <init>(android.content.Context)>":"0",
				"<android.widget.AdapterViewAnimator: void <init>(android.content.Context,android.util.AttributeSet)>":"0",
				"<android.widget.AdapterViewAnimator: void <init>(android.content.Context)>":"0",
				"<android.widget.AdapterViewFlipper: void <init>(android.content.Context,android.util.AttributeSet)>":"0",
				"<android.widget.StackView: void <init>(android.content.Context)>":"0",
				"<android.widget.StackView: void <init>(android.content.Context,android.util.AttributeSet)>":"0",
				"<android.widget.AdapterViewAnimator: void <init>(android.content.Context,android.util.AttributeSet,int)>":"0",
				"<android.animation.AnimatorInflater: android.animation.Animator loadAnimator(android.content.Context,int)>":"1, 0",
				"<android.widget.AdapterViewAnimator: void setOutAnimation(android.content.Context,int)>":"1, 0",
				"<android.widget.StackView: void <init>(android.content.Context,android.util.AttributeSet,int)>":"0"
			}
		}
	]
}