{
	"exceptions":[
		{
			"method":"<android.content.ContentProviderOperation$Builder: void <init>(int,android.net.Uri)>",
			"message":"\\Quri must not be null\\E",
			"relatedVarType":"Parameter",
			"relatedCondType":"Basic",
			"modifier":"private",
			"type":"java.lang.IllegalArgumentException",
			"osVersionRelated":false,
			"resourceRelated":false,
			"assessRelated":false,
			"hardwareRelated":false,
			"manifestRelated":false,
			"conditions":"r1 != null",
			"paramValues":"@parameter1: android.net.Uri",
			"relatedValues":"@parameter1: android.net.Uri; ; ",
			"keyAPISameClassNum":0,
			"keyAPIDiffClassNum":0,
			"keyAPISameClass":[
				{
					"trace":[
						"<android.content.ContentProviderOperation$Builder: void <init>(int,android.net.Uri)>"
					],
					"depth":0,
					"method":"<android.content.ContentProviderOperation$Builder: void <init>(int,android.net.Uri)>",
					"source":"CALLER"
				}
			],
			"keyAPIDiffClass":[
				{
					"trace":[
						"<android.content.ContentProviderOperation: android.content.ContentProviderOperation$Builder newAssertQuery(android.net.Uri)>",
						"<android.content.ContentProviderOperation$Builder: void <init>(int,android.net.Uri,android.content.ContentProviderOperation$1)>",
						"<android.content.ContentProviderOperation$Builder: void <init>(int,android.net.Uri)>"
					],
					"depth":2,
					"method":"<android.content.ContentProviderOperation: android.content.ContentProviderOperation$Builder newAssertQuery(android.net.Uri)>",
					"source":"CALLER"
				},
				{
					"trace":[
						"<android.content.ContentProviderOperation: android.content.ContentProviderOperation$Builder newUpdate(android.net.Uri)>",
						"<android.content.ContentProviderOperation$Builder: void <init>(int,android.net.Uri,android.content.ContentProviderOperation$1)>",
						"<android.content.ContentProviderOperation$Builder: void <init>(int,android.net.Uri)>"
					],
					"depth":2,
					"method":"<android.content.ContentProviderOperation: android.content.ContentProviderOperation$Builder newUpdate(android.net.Uri)>",
					"source":"CALLER"
				},
				{
					"trace":[
						"<android.content.ContentProviderOperation: android.content.ContentProviderOperation$Builder newInsert(android.net.Uri)>",
						"<android.content.ContentProviderOperation$Builder: void <init>(int,android.net.Uri,android.content.ContentProviderOperation$1)>",
						"<android.content.ContentProviderOperation$Builder: void <init>(int,android.net.Uri)>"
					],
					"depth":2,
					"method":"<android.content.ContentProviderOperation: android.content.ContentProviderOperation$Builder newInsert(android.net.Uri)>",
					"source":"CALLER"
				},
				{
					"trace":[
						"<android.content.ContentProviderOperation: android.content.ContentProviderOperation$Builder newDelete(android.net.Uri)>",
						"<android.content.ContentProviderOperation$Builder: void <init>(int,android.net.Uri,android.content.ContentProviderOperation$1)>",
						"<android.content.ContentProviderOperation$Builder: void <init>(int,android.net.Uri)>"
					],
					"depth":2,
					"method":"<android.content.ContentProviderOperation: android.content.ContentProviderOperation$Builder newDelete(android.net.Uri)>",
					"source":"CALLER"
				}
			],
			"callerOfSingnlar2SourceVar":{
				"<android.provider.SyncStateContract$Helpers: android.content.ContentProviderOperation newUpdateOperation(android.net.Uri,byte[])>":"0",
				"<android.content.ContentProviderOperation: android.content.ContentProviderOperation$Builder newDelete(android.net.Uri)>":"0",
				"<android.content.ContentProviderOperation: android.content.ContentProviderOperation$Builder newAssertQuery(android.net.Uri)>":"0",
				"<android.provider.SyncStateContract$Helpers: android.content.ContentProviderOperation newSetOperation(android.net.Uri,android.accounts.Account,byte[])>":"0",
				"<android.content.ContentProviderOperation$Builder: void <init>(int,android.net.Uri,android.content.ContentProviderOperation$1)>":"1",
				"<android.content.ContentProviderOperation: android.content.ContentProviderOperation$Builder newUpdate(android.net.Uri)>":"0",
				"<android.content.ContentProviderOperation: android.content.ContentProviderOperation$Builder newInsert(android.net.Uri)>":"0",
				"<android.content.ContentProviderOperation$Builder: void <init>(int,android.net.Uri)>":"1"
			}
		},
		{
			"method":"<android.content.ContentProviderOperation$Builder: android.content.ContentProviderOperation build()>",
			"message":"\\QEmpty values\\E",
			"relatedVarType":"Field",
			"relatedCondType":"Basic",
			"modifier":"public",
			"type":"java.lang.IllegalArgumentException",
			"osVersionRelated":false,
			"resourceRelated":false,
			"assessRelated":false,
			"hardwareRelated":false,
			"manifestRelated":false,
			"conditions":"$r8 == null, $r7 == null, $i0 != 2",
			"fieldValues":"<android.content.ContentProviderOperation$Builder: android.content.ContentValues mValuesBackReferences>, <android.content.ContentProviderOperation$Builder: android.content.ContentValues mValues>, <android.content.ContentProviderOperation$Builder: int mType>",
			"relatedValues":"; <android.content.ContentProviderOperation$Builder: android.content.ContentValues mValuesBackReferences>, <android.content.ContentProviderOperation$Builder: android.content.ContentValues mValues>, <android.content.ContentProviderOperation$Builder: int mType>; ",
			"keyAPISameClassNum":5,
			"keyAPIDiffClassNum":4,
			"keyAPISameClass":[
				{
					"trace":[
						"<android.content.ContentProviderOperation$Builder: android.content.ContentProviderOperation build()>"
					],
					"depth":1,
					"method":"<android.content.ContentProviderOperation$Builder: android.content.ContentProviderOperation build()>",
					"source":"FIELD"
				},
				{
					"trace":[
						"<android.content.ContentProviderOperation$Builder: android.content.ContentProviderOperation build()>"
					],
					"depth":1,
					"method":"<android.content.ContentProviderOperation$Builder: android.content.ContentProviderOperation$Builder withValueBackReference(java.lang.String,int)>",
					"source":"FIELD"
				},
				{
					"trace":[
						"<android.content.ContentProviderOperation$Builder: android.content.ContentProviderOperation build()>"
					],
					"depth":1,
					"method":"<android.content.ContentProviderOperation$Builder: android.content.ContentProviderOperation$Builder withValueBackReferences(android.content.ContentValues)>",
					"source":"FIELD"
				},
				{
					"trace":[
						"<android.content.ContentProviderOperation$Builder: android.content.ContentProviderOperation build()>"
					],
					"depth":1,
					"method":"<android.content.ContentProviderOperation$Builder: android.content.ContentProviderOperation$Builder withValue(java.lang.String,java.lang.Object)>",
					"source":"FIELD"
				},
				{
					"trace":[
						"<android.content.ContentProviderOperation$Builder: android.content.ContentProviderOperation build()>"
					],
					"depth":1,
					"method":"<android.content.ContentProviderOperation$Builder: android.content.ContentProviderOperation$Builder withValues(android.content.ContentValues)>",
					"source":"FIELD"
				}
			],
			"keyAPIDiffClass":[
				{
					"trace":[
						"<android.content.ContentProviderOperation: android.content.ContentProviderOperation$Builder newAssertQuery(android.net.Uri)>",
						"<android.content.ContentProviderOperation$Builder: void <init>(int,android.net.Uri,android.content.ContentProviderOperation$1)>",
						"<android.content.ContentProviderOperation$Builder: void <init>(int,android.net.Uri)>",
						"key field: <android.content.ContentProviderOperation$Builder: int mType>",
						"<android.content.ContentProviderOperation$Builder: android.content.ContentProviderOperation build()>"
					],
					"depth":3,
					"method":"<android.content.ContentProviderOperation: android.content.ContentProviderOperation$Builder newAssertQuery(android.net.Uri)>",
					"source":"FIELDCALLER"
				},
				{
					"trace":[
						"<android.content.ContentProviderOperation: android.content.ContentProviderOperation$Builder newUpdate(android.net.Uri)>",
						"<android.content.ContentProviderOperation$Builder: void <init>(int,android.net.Uri,android.content.ContentProviderOperation$1)>",
						"<android.content.ContentProviderOperation$Builder: void <init>(int,android.net.Uri)>",
						"key field: <android.content.ContentProviderOperation$Builder: int mType>",
						"<android.content.ContentProviderOperation$Builder: android.content.ContentProviderOperation build()>"
					],
					"depth":3,
					"method":"<android.content.ContentProviderOperation: android.content.ContentProviderOperation$Builder newUpdate(android.net.Uri)>",
					"source":"FIELDCALLER"
				},
				{
					"trace":[
						"<android.content.ContentProviderOperation: android.content.ContentProviderOperation$Builder newInsert(android.net.Uri)>",
						"<android.content.ContentProviderOperation$Builder: void <init>(int,android.net.Uri,android.content.ContentProviderOperation$1)>",
						"<android.content.ContentProviderOperation$Builder: void <init>(int,android.net.Uri)>",
						"key field: <android.content.ContentProviderOperation$Builder: int mType>",
						"<android.content.ContentProviderOperation$Builder: android.content.ContentProviderOperation build()>"
					],
					"depth":3,
					"method":"<android.content.ContentProviderOperation: android.content.ContentProviderOperation$Builder newInsert(android.net.Uri)>",
					"source":"FIELDCALLER"
				},
				{
					"trace":[
						"<android.content.ContentProviderOperation: android.content.ContentProviderOperation$Builder newDelete(android.net.Uri)>",
						"<android.content.ContentProviderOperation$Builder: void <init>(int,android.net.Uri,android.content.ContentProviderOperation$1)>",
						"<android.content.ContentProviderOperation$Builder: void <init>(int,android.net.Uri)>",
						"key field: <android.content.ContentProviderOperation$Builder: int mType>",
						"<android.content.ContentProviderOperation$Builder: android.content.ContentProviderOperation build()>"
					],
					"depth":3,
					"method":"<android.content.ContentProviderOperation: android.content.ContentProviderOperation$Builder newDelete(android.net.Uri)>",
					"source":"FIELDCALLER"
				}
			],
			"callerOfSingnlar2SourceVar":{}
		},
		{
			"method":"<android.content.ContentProviderOperation$Builder: android.content.ContentProviderOperation build()>",
			"message":"\\QEmpty values\\E",
			"relatedVarType":"Field",
			"relatedCondType":"Basic",
			"modifier":"public",
			"type":"java.lang.IllegalArgumentException",
			"osVersionRelated":false,
			"resourceRelated":false,
			"assessRelated":false,
			"hardwareRelated":false,
			"manifestRelated":false,
			"conditions":"$r3 != null, $r2 == null, $r1 == null",
			"fieldValues":"<android.content.ContentProviderOperation$Builder: java.lang.Integer mExpectedCount>, <android.content.ContentProviderOperation$Builder: android.content.ContentValues mValuesBackReferences>, <android.content.ContentProviderOperation$Builder: android.content.ContentValues mValues>",
			"relatedValues":"; <android.content.ContentProviderOperation$Builder: java.lang.Integer mExpectedCount>, <android.content.ContentProviderOperation$Builder: android.content.ContentValues mValuesBackReferences>, <android.content.ContentProviderOperation$Builder: android.content.ContentValues mValues>; ",
			"keyAPISameClassNum":6,
			"keyAPIDiffClassNum":0,
			"keyAPISameClass":[
				{
					"trace":[
						"<android.content.ContentProviderOperation$Builder: android.content.ContentProviderOperation build()>"
					],
					"depth":1,
					"method":"<android.content.ContentProviderOperation$Builder: android.content.ContentProviderOperation$Builder withExpectedCount(int)>",
					"source":"FIELD"
				},
				{
					"trace":[
						"<android.content.ContentProviderOperation$Builder: android.content.ContentProviderOperation build()>"
					],
					"depth":1,
					"method":"<android.content.ContentProviderOperation$Builder: android.content.ContentProviderOperation build()>",
					"source":"FIELD"
				},
				{
					"trace":[
						"<android.content.ContentProviderOperation$Builder: android.content.ContentProviderOperation build()>"
					],
					"depth":1,
					"method":"<android.content.ContentProviderOperation$Builder: android.content.ContentProviderOperation$Builder withValueBackReference(java.lang.String,int)>",
					"source":"FIELD"
				},
				{
					"trace":[
						"<android.content.ContentProviderOperation$Builder: android.content.ContentProviderOperation build()>"
					],
					"depth":1,
					"method":"<android.content.ContentProviderOperation$Builder: android.content.ContentProviderOperation$Builder withValueBackReferences(android.content.ContentValues)>",
					"source":"FIELD"
				},
				{
					"trace":[
						"<android.content.ContentProviderOperation$Builder: android.content.ContentProviderOperation build()>"
					],
					"depth":1,
					"method":"<android.content.ContentProviderOperation$Builder: android.content.ContentProviderOperation$Builder withValue(java.lang.String,java.lang.Object)>",
					"source":"FIELD"
				},
				{
					"trace":[
						"<android.content.ContentProviderOperation$Builder: android.content.ContentProviderOperation build()>"
					],
					"depth":1,
					"method":"<android.content.ContentProviderOperation$Builder: android.content.ContentProviderOperation$Builder withValues(android.content.ContentValues)>",
					"source":"FIELD"
				}
			],
			"keyAPIDiffClass":[],
			"callerOfSingnlar2SourceVar":{}
		},
		{
			"method":"<android.content.ContentProviderOperation$Builder: android.content.ContentProviderOperation$Builder withExpectedCount(int)>",
			"message":"\\Qonly updates, deletes, and asserts can have expected counts\\E",
			"relatedVarType":"Field",
			"relatedCondType":"Basic",
			"modifier":"public",
			"type":"java.lang.IllegalArgumentException",
			"osVersionRelated":false,
			"resourceRelated":false,
			"assessRelated":false,
			"hardwareRelated":false,
			"manifestRelated":false,
			"conditions":"$i3 == 4, $i2 == 3, $i0 == 2",
			"fieldValues":"<android.content.ContentProviderOperation$Builder: int mType>",
			"relatedValues":"; <android.content.ContentProviderOperation$Builder: int mType>; ",
			"keyAPISameClassNum":0,
			"keyAPIDiffClassNum":4,
			"keyAPISameClass":[],
			"keyAPIDiffClass":[
				{
					"trace":[
						"<android.content.ContentProviderOperation: android.content.ContentProviderOperation$Builder newAssertQuery(android.net.Uri)>",
						"<android.content.ContentProviderOperation$Builder: void <init>(int,android.net.Uri,android.content.ContentProviderOperation$1)>",
						"<android.content.ContentProviderOperation$Builder: void <init>(int,android.net.Uri)>",
						"key field: <android.content.ContentProviderOperation$Builder: int mType>",
						"<android.content.ContentProviderOperation$Builder: android.content.ContentProviderOperation$Builder withExpectedCount(int)>"
					],
					"depth":3,
					"method":"<android.content.ContentProviderOperation: android.content.ContentProviderOperation$Builder newAssertQuery(android.net.Uri)>",
					"source":"FIELDCALLER"
				},
				{
					"trace":[
						"<android.content.ContentProviderOperation: android.content.ContentProviderOperation$Builder newUpdate(android.net.Uri)>",
						"<android.content.ContentProviderOperation$Builder: void <init>(int,android.net.Uri,android.content.ContentProviderOperation$1)>",
						"<android.content.ContentProviderOperation$Builder: void <init>(int,android.net.Uri)>",
						"key field: <android.content.ContentProviderOperation$Builder: int mType>",
						"<android.content.ContentProviderOperation$Builder: android.content.ContentProviderOperation$Builder withExpectedCount(int)>"
					],
					"depth":3,
					"method":"<android.content.ContentProviderOperation: android.content.ContentProviderOperation$Builder newUpdate(android.net.Uri)>",
					"source":"FIELDCALLER"
				},
				{
					"trace":[
						"<android.content.ContentProviderOperation: android.content.ContentProviderOperation$Builder newInsert(android.net.Uri)>",
						"<android.content.ContentProviderOperation$Builder: void <init>(int,android.net.Uri,android.content.ContentProviderOperation$1)>",
						"<android.content.ContentProviderOperation$Builder: void <init>(int,android.net.Uri)>",
						"key field: <android.content.ContentProviderOperation$Builder: int mType>",
						"<android.content.ContentProviderOperation$Builder: android.content.ContentProviderOperation$Builder withExpectedCount(int)>"
					],
					"depth":3,
					"method":"<android.content.ContentProviderOperation: android.content.ContentProviderOperation$Builder newInsert(android.net.Uri)>",
					"source":"FIELDCALLER"
				},
				{
					"trace":[
						"<android.content.ContentProviderOperation: android.content.ContentProviderOperation$Builder newDelete(android.net.Uri)>",
						"<android.content.ContentProviderOperation$Builder: void <init>(int,android.net.Uri,android.content.ContentProviderOperation$1)>",
						"<android.content.ContentProviderOperation$Builder: void <init>(int,android.net.Uri)>",
						"key field: <android.content.ContentProviderOperation$Builder: int mType>",
						"<android.content.ContentProviderOperation$Builder: android.content.ContentProviderOperation$Builder withExpectedCount(int)>"
					],
					"depth":3,
					"method":"<android.content.ContentProviderOperation: android.content.ContentProviderOperation$Builder newDelete(android.net.Uri)>",
					"source":"FIELDCALLER"
				}
			],
			"callerOfSingnlar2SourceVar":{}
		},
		{
			"method":"<android.content.ContentProviderOperation$Builder: android.content.ContentProviderOperation$Builder withSelection(java.lang.String,java.lang.String[])>",
			"message":"\\Qonly updates, deletes, and asserts can have selections\\E",
			"relatedVarType":"Field",
			"relatedCondType":"Basic",
			"modifier":"public",
			"type":"java.lang.IllegalArgumentException",
			"osVersionRelated":false,
			"resourceRelated":false,
			"assessRelated":false,
			"hardwareRelated":false,
			"manifestRelated":false,
			"conditions":"$i4 == 4, $i3 == 3, $i0 == 2",
			"fieldValues":"<android.content.ContentProviderOperation$Builder: int mType>",
			"relatedValues":"; <android.content.ContentProviderOperation$Builder: int mType>; ",
			"keyAPISameClassNum":0,
			"keyAPIDiffClassNum":4,
			"keyAPISameClass":[],
			"keyAPIDiffClass":[
				{
					"trace":[
						"<android.content.ContentProviderOperation: android.content.ContentProviderOperation$Builder newAssertQuery(android.net.Uri)>",
						"<android.content.ContentProviderOperation$Builder: void <init>(int,android.net.Uri,android.content.ContentProviderOperation$1)>",
						"<android.content.ContentProviderOperation$Builder: void <init>(int,android.net.Uri)>",
						"key field: <android.content.ContentProviderOperation$Builder: int mType>",
						"<android.content.ContentProviderOperation$Builder: android.content.ContentProviderOperation$Builder withSelection(java.lang.String,java.lang.String[])>"
					],
					"depth":3,
					"method":"<android.content.ContentProviderOperation: android.content.ContentProviderOperation$Builder newAssertQuery(android.net.Uri)>",
					"source":"FIELDCALLER"
				},
				{
					"trace":[
						"<android.content.ContentProviderOperation: android.content.ContentProviderOperation$Builder newUpdate(android.net.Uri)>",
						"<android.content.ContentProviderOperation$Builder: void <init>(int,android.net.Uri,android.content.ContentProviderOperation$1)>",
						"<android.content.ContentProviderOperation$Builder: void <init>(int,android.net.Uri)>",
						"key field: <android.content.ContentProviderOperation$Builder: int mType>",
						"<android.content.ContentProviderOperation$Builder: android.content.ContentProviderOperation$Builder withSelection(java.lang.String,java.lang.String[])>"
					],
					"depth":3,
					"method":"<android.content.ContentProviderOperation: android.content.ContentProviderOperation$Builder newUpdate(android.net.Uri)>",
					"source":"FIELDCALLER"
				},
				{
					"trace":[
						"<android.content.ContentProviderOperation: android.content.ContentProviderOperation$Builder newInsert(android.net.Uri)>",
						"<android.content.ContentProviderOperation$Builder: void <init>(int,android.net.Uri,android.content.ContentProviderOperation$1)>",
						"<android.content.ContentProviderOperation$Builder: void <init>(int,android.net.Uri)>",
						"key field: <android.content.ContentProviderOperation$Builder: int mType>",
						"<android.content.ContentProviderOperation$Builder: android.content.ContentProviderOperation$Builder withSelection(java.lang.String,java.lang.String[])>"
					],
					"depth":3,
					"method":"<android.content.ContentProviderOperation: android.content.ContentProviderOperation$Builder newInsert(android.net.Uri)>",
					"source":"FIELDCALLER"
				},
				{
					"trace":[
						"<android.content.ContentProviderOperation: android.content.ContentProviderOperation$Builder newDelete(android.net.Uri)>",
						"<android.content.ContentProviderOperation$Builder: void <init>(int,android.net.Uri,android.content.ContentProviderOperation$1)>",
						"<android.content.ContentProviderOperation$Builder: void <init>(int,android.net.Uri)>",
						"key field: <android.content.ContentProviderOperation$Builder: int mType>",
						"<android.content.ContentProviderOperation$Builder: android.content.ContentProviderOperation$Builder withSelection(java.lang.String,java.lang.String[])>"
					],
					"depth":3,
					"method":"<android.content.ContentProviderOperation: android.content.ContentProviderOperation$Builder newDelete(android.net.Uri)>",
					"source":"FIELDCALLER"
				}
			],
			"callerOfSingnlar2SourceVar":{}
		},
		{
			"method":"<android.content.ContentProviderOperation$Builder: android.content.ContentProviderOperation$Builder withSelectionBackReference(int,int)>",
			"message":"\\Qonly updates, deletes, and asserts can have selection back-references\\E",
			"relatedVarType":"Field",
			"relatedCondType":"Basic",
			"modifier":"public",
			"type":"java.lang.IllegalArgumentException",
			"osVersionRelated":false,
			"resourceRelated":false,
			"assessRelated":false,
			"hardwareRelated":false,
			"manifestRelated":false,
			"conditions":"$i4 == 4, $i3 == 3, $i0 == 2",
			"fieldValues":"<android.content.ContentProviderOperation$Builder: int mType>",
			"relatedValues":"; <android.content.ContentProviderOperation$Builder: int mType>; ",
			"keyAPISameClassNum":0,
			"keyAPIDiffClassNum":4,
			"keyAPISameClass":[],
			"keyAPIDiffClass":[
				{
					"trace":[
						"<android.content.ContentProviderOperation: android.content.ContentProviderOperation$Builder newAssertQuery(android.net.Uri)>",
						"<android.content.ContentProviderOperation$Builder: void <init>(int,android.net.Uri,android.content.ContentProviderOperation$1)>",
						"<android.content.ContentProviderOperation$Builder: void <init>(int,android.net.Uri)>",
						"key field: <android.content.ContentProviderOperation$Builder: int mType>",
						"<android.content.ContentProviderOperation$Builder: android.content.ContentProviderOperation$Builder withSelectionBackReference(int,int)>"
					],
					"depth":3,
					"method":"<android.content.ContentProviderOperation: android.content.ContentProviderOperation$Builder newAssertQuery(android.net.Uri)>",
					"source":"FIELDCALLER"
				},
				{
					"trace":[
						"<android.content.ContentProviderOperation: android.content.ContentProviderOperation$Builder newUpdate(android.net.Uri)>",
						"<android.content.ContentProviderOperation$Builder: void <init>(int,android.net.Uri,android.content.ContentProviderOperation$1)>",
						"<android.content.ContentProviderOperation$Builder: void <init>(int,android.net.Uri)>",
						"key field: <android.content.ContentProviderOperation$Builder: int mType>",
						"<android.content.ContentProviderOperation$Builder: android.content.ContentProviderOperation$Builder withSelectionBackReference(int,int)>"
					],
					"depth":3,
					"method":"<android.content.ContentProviderOperation: android.content.ContentProviderOperation$Builder newUpdate(android.net.Uri)>",
					"source":"FIELDCALLER"
				},
				{
					"trace":[
						"<android.content.ContentProviderOperation: android.content.ContentProviderOperation$Builder newInsert(android.net.Uri)>",
						"<android.content.ContentProviderOperation$Builder: void <init>(int,android.net.Uri,android.content.ContentProviderOperation$1)>",
						"<android.content.ContentProviderOperation$Builder: void <init>(int,android.net.Uri)>",
						"key field: <android.content.ContentProviderOperation$Builder: int mType>",
						"<android.content.ContentProviderOperation$Builder: android.content.ContentProviderOperation$Builder withSelectionBackReference(int,int)>"
					],
					"depth":3,
					"method":"<android.content.ContentProviderOperation: android.content.ContentProviderOperation$Builder newInsert(android.net.Uri)>",
					"source":"FIELDCALLER"
				},
				{
					"trace":[
						"<android.content.ContentProviderOperation: android.content.ContentProviderOperation$Builder newDelete(android.net.Uri)>",
						"<android.content.ContentProviderOperation$Builder: void <init>(int,android.net.Uri,android.content.ContentProviderOperation$1)>",
						"<android.content.ContentProviderOperation$Builder: void <init>(int,android.net.Uri)>",
						"key field: <android.content.ContentProviderOperation$Builder: int mType>",
						"<android.content.ContentProviderOperation$Builder: android.content.ContentProviderOperation$Builder withSelectionBackReference(int,int)>"
					],
					"depth":3,
					"method":"<android.content.ContentProviderOperation: android.content.ContentProviderOperation$Builder newDelete(android.net.Uri)>",
					"source":"FIELDCALLER"
				}
			],
			"callerOfSingnlar2SourceVar":{}
		},
		{
			"method":"<android.content.ContentProviderOperation$Builder: android.content.ContentProviderOperation$Builder withValue(java.lang.String,java.lang.Object)>",
			"message":"\\Qonly inserts and updates can have values\\E",
			"relatedVarType":"Field",
			"relatedCondType":"Basic",
			"modifier":"public",
			"type":"java.lang.IllegalArgumentException",
			"osVersionRelated":false,
			"resourceRelated":false,
			"assessRelated":false,
			"hardwareRelated":false,
			"manifestRelated":false,
			"conditions":"$i2 == 4, $i1 == 2, $i0 == 1",
			"fieldValues":"<android.content.ContentProviderOperation$Builder: int mType>",
			"relatedValues":"; <android.content.ContentProviderOperation$Builder: int mType>; ",
			"keyAPISameClassNum":0,
			"keyAPIDiffClassNum":4,
			"keyAPISameClass":[],
			"keyAPIDiffClass":[
				{
					"trace":[
						"<android.content.ContentProviderOperation: android.content.ContentProviderOperation$Builder newAssertQuery(android.net.Uri)>",
						"<android.content.ContentProviderOperation$Builder: void <init>(int,android.net.Uri,android.content.ContentProviderOperation$1)>",
						"<android.content.ContentProviderOperation$Builder: void <init>(int,android.net.Uri)>",
						"key field: <android.content.ContentProviderOperation$Builder: int mType>",
						"<android.content.ContentProviderOperation$Builder: android.content.ContentProviderOperation$Builder withValue(java.lang.String,java.lang.Object)>"
					],
					"depth":3,
					"method":"<android.content.ContentProviderOperation: android.content.ContentProviderOperation$Builder newAssertQuery(android.net.Uri)>",
					"source":"FIELDCALLER"
				},
				{
					"trace":[
						"<android.content.ContentProviderOperation: android.content.ContentProviderOperation$Builder newUpdate(android.net.Uri)>",
						"<android.content.ContentProviderOperation$Builder: void <init>(int,android.net.Uri,android.content.ContentProviderOperation$1)>",
						"<android.content.ContentProviderOperation$Builder: void <init>(int,android.net.Uri)>",
						"key field: <android.content.ContentProviderOperation$Builder: int mType>",
						"<android.content.ContentProviderOperation$Builder: android.content.ContentProviderOperation$Builder withValue(java.lang.String,java.lang.Object)>"
					],
					"depth":3,
					"method":"<android.content.ContentProviderOperation: android.content.ContentProviderOperation$Builder newUpdate(android.net.Uri)>",
					"source":"FIELDCALLER"
				},
				{
					"trace":[
						"<android.content.ContentProviderOperation: android.content.ContentProviderOperation$Builder newInsert(android.net.Uri)>",
						"<android.content.ContentProviderOperation$Builder: void <init>(int,android.net.Uri,android.content.ContentProviderOperation$1)>",
						"<android.content.ContentProviderOperation$Builder: void <init>(int,android.net.Uri)>",
						"key field: <android.content.ContentProviderOperation$Builder: int mType>",
						"<android.content.ContentProviderOperation$Builder: android.content.ContentProviderOperation$Builder withValue(java.lang.String,java.lang.Object)>"
					],
					"depth":3,
					"method":"<android.content.ContentProviderOperation: android.content.ContentProviderOperation$Builder newInsert(android.net.Uri)>",
					"source":"FIELDCALLER"
				},
				{
					"trace":[
						"<android.content.ContentProviderOperation: android.content.ContentProviderOperation$Builder newDelete(android.net.Uri)>",
						"<android.content.ContentProviderOperation$Builder: void <init>(int,android.net.Uri,android.content.ContentProviderOperation$1)>",
						"<android.content.ContentProviderOperation$Builder: void <init>(int,android.net.Uri)>",
						"key field: <android.content.ContentProviderOperation$Builder: int mType>",
						"<android.content.ContentProviderOperation$Builder: android.content.ContentProviderOperation$Builder withValue(java.lang.String,java.lang.Object)>"
					],
					"depth":3,
					"method":"<android.content.ContentProviderOperation: android.content.ContentProviderOperation$Builder newDelete(android.net.Uri)>",
					"source":"FIELDCALLER"
				}
			],
			"callerOfSingnlar2SourceVar":{}
		},
		{
			"method":"<android.content.ContentProviderOperation$Builder: android.content.ContentProviderOperation$Builder withValue(java.lang.String,java.lang.Object)>",
			"message":"\\Qbad value type: \\E[\\s\\S]*",
			"relatedVarType":"Parameter",
			"relatedCondType":"Basic",
			"modifier":"public",
			"type":"java.lang.IllegalArgumentException",
			"osVersionRelated":false,
			"resourceRelated":false,
			"assessRelated":false,
			"hardwareRelated":false,
			"manifestRelated":false,
			"conditions":"$z8 == 0, $z7 == 0, $z6 == 0",
			"paramValues":"@parameter1: java.lang.Object",
			"relatedValues":"@parameter1: java.lang.Object; ; ",
			"keyAPISameClassNum":0,
			"keyAPIDiffClassNum":0,
			"keyAPISameClass":[
				{
					"trace":[
						"<android.content.ContentProviderOperation$Builder: android.content.ContentProviderOperation$Builder withValue(java.lang.String,java.lang.Object)>"
					],
					"depth":0,
					"method":"<android.content.ContentProviderOperation$Builder: android.content.ContentProviderOperation$Builder withValue(java.lang.String,java.lang.Object)>",
					"source":"CALLER"
				}
			],
			"keyAPIDiffClass":[],
			"callerOfSingnlar2SourceVar":{
				"<android.content.ContentProviderOperation$Builder: android.content.ContentProviderOperation$Builder withValue(java.lang.String,java.lang.Object)>":"1"
			}
		},
		{
			"method":"<android.content.ContentProviderOperation$Builder: android.content.ContentProviderOperation$Builder withValueBackReference(java.lang.String,int)>",
			"message":"\\Qonly inserts, updates, and asserts can have value back-references\\E",
			"relatedVarType":"Field",
			"relatedCondType":"Basic",
			"modifier":"public",
			"type":"java.lang.IllegalArgumentException",
			"osVersionRelated":false,
			"resourceRelated":false,
			"assessRelated":false,
			"hardwareRelated":false,
			"manifestRelated":false,
			"conditions":"$i3 == 4, $i2 == 2, $i0 == 1",
			"fieldValues":"<android.content.ContentProviderOperation$Builder: int mType>",
			"relatedValues":"; <android.content.ContentProviderOperation$Builder: int mType>; ",
			"keyAPISameClassNum":0,
			"keyAPIDiffClassNum":4,
			"keyAPISameClass":[],
			"keyAPIDiffClass":[
				{
					"trace":[
						"<android.content.ContentProviderOperation: android.content.ContentProviderOperation$Builder newAssertQuery(android.net.Uri)>",
						"<android.content.ContentProviderOperation$Builder: void <init>(int,android.net.Uri,android.content.ContentProviderOperation$1)>",
						"<android.content.ContentProviderOperation$Builder: void <init>(int,android.net.Uri)>",
						"key field: <android.content.ContentProviderOperation$Builder: int mType>",
						"<android.content.ContentProviderOperation$Builder: android.content.ContentProviderOperation$Builder withValueBackReference(java.lang.String,int)>"
					],
					"depth":3,
					"method":"<android.content.ContentProviderOperation: android.content.ContentProviderOperation$Builder newAssertQuery(android.net.Uri)>",
					"source":"FIELDCALLER"
				},
				{
					"trace":[
						"<android.content.ContentProviderOperation: android.content.ContentProviderOperation$Builder newUpdate(android.net.Uri)>",
						"<android.content.ContentProviderOperation$Builder: void <init>(int,android.net.Uri,android.content.ContentProviderOperation$1)>",
						"<android.content.ContentProviderOperation$Builder: void <init>(int,android.net.Uri)>",
						"key field: <android.content.ContentProviderOperation$Builder: int mType>",
						"<android.content.ContentProviderOperation$Builder: android.content.ContentProviderOperation$Builder withValueBackReference(java.lang.String,int)>"
					],
					"depth":3,
					"method":"<android.content.ContentProviderOperation: android.content.ContentProviderOperation$Builder newUpdate(android.net.Uri)>",
					"source":"FIELDCALLER"
				},
				{
					"trace":[
						"<android.content.ContentProviderOperation: android.content.ContentProviderOperation$Builder newInsert(android.net.Uri)>",
						"<android.content.ContentProviderOperation$Builder: void <init>(int,android.net.Uri,android.content.ContentProviderOperation$1)>",
						"<android.content.ContentProviderOperation$Builder: void <init>(int,android.net.Uri)>",
						"key field: <android.content.ContentProviderOperation$Builder: int mType>",
						"<android.content.ContentProviderOperation$Builder: android.content.ContentProviderOperation$Builder withValueBackReference(java.lang.String,int)>"
					],
					"depth":3,
					"method":"<android.content.ContentProviderOperation: android.content.ContentProviderOperation$Builder newInsert(android.net.Uri)>",
					"source":"FIELDCALLER"
				},
				{
					"trace":[
						"<android.content.ContentProviderOperation: android.content.ContentProviderOperation$Builder newDelete(android.net.Uri)>",
						"<android.content.ContentProviderOperation$Builder: void <init>(int,android.net.Uri,android.content.ContentProviderOperation$1)>",
						"<android.content.ContentProviderOperation$Builder: void <init>(int,android.net.Uri)>",
						"key field: <android.content.ContentProviderOperation$Builder: int mType>",
						"<android.content.ContentProviderOperation$Builder: android.content.ContentProviderOperation$Builder withValueBackReference(java.lang.String,int)>"
					],
					"depth":3,
					"method":"<android.content.ContentProviderOperation: android.content.ContentProviderOperation$Builder newDelete(android.net.Uri)>",
					"source":"FIELDCALLER"
				}
			],
			"callerOfSingnlar2SourceVar":{}
		},
		{
			"method":"<android.content.ContentProviderOperation$Builder: android.content.ContentProviderOperation$Builder withValueBackReferences(android.content.ContentValues)>",
			"message":"\\Qonly inserts, updates, and asserts can have value back-references\\E",
			"relatedVarType":"Field",
			"relatedCondType":"Basic",
			"modifier":"public",
			"type":"java.lang.IllegalArgumentException",
			"osVersionRelated":false,
			"resourceRelated":false,
			"assessRelated":false,
			"hardwareRelated":false,
			"manifestRelated":false,
			"conditions":"$i2 == 4, $i1 == 2, $i0 == 1",
			"fieldValues":"<android.content.ContentProviderOperation$Builder: int mType>",
			"relatedValues":"; <android.content.ContentProviderOperation$Builder: int mType>; ",
			"keyAPISameClassNum":0,
			"keyAPIDiffClassNum":4,
			"keyAPISameClass":[],
			"keyAPIDiffClass":[
				{
					"trace":[
						"<android.content.ContentProviderOperation: android.content.ContentProviderOperation$Builder newAssertQuery(android.net.Uri)>",
						"<android.content.ContentProviderOperation$Builder: void <init>(int,android.net.Uri,android.content.ContentProviderOperation$1)>",
						"<android.content.ContentProviderOperation$Builder: void <init>(int,android.net.Uri)>",
						"key field: <android.content.ContentProviderOperation$Builder: int mType>",
						"<android.content.ContentProviderOperation$Builder: android.content.ContentProviderOperation$Builder withValueBackReferences(android.content.ContentValues)>"
					],
					"depth":3,
					"method":"<android.content.ContentProviderOperation: android.content.ContentProviderOperation$Builder newAssertQuery(android.net.Uri)>",
					"source":"FIELDCALLER"
				},
				{
					"trace":[
						"<android.content.ContentProviderOperation: android.content.ContentProviderOperation$Builder newUpdate(android.net.Uri)>",
						"<android.content.ContentProviderOperation$Builder: void <init>(int,android.net.Uri,android.content.ContentProviderOperation$1)>",
						"<android.content.ContentProviderOperation$Builder: void <init>(int,android.net.Uri)>",
						"key field: <android.content.ContentProviderOperation$Builder: int mType>",
						"<android.content.ContentProviderOperation$Builder: android.content.ContentProviderOperation$Builder withValueBackReferences(android.content.ContentValues)>"
					],
					"depth":3,
					"method":"<android.content.ContentProviderOperation: android.content.ContentProviderOperation$Builder newUpdate(android.net.Uri)>",
					"source":"FIELDCALLER"
				},
				{
					"trace":[
						"<android.content.ContentProviderOperation: android.content.ContentProviderOperation$Builder newInsert(android.net.Uri)>",
						"<android.content.ContentProviderOperation$Builder: void <init>(int,android.net.Uri,android.content.ContentProviderOperation$1)>",
						"<android.content.ContentProviderOperation$Builder: void <init>(int,android.net.Uri)>",
						"key field: <android.content.ContentProviderOperation$Builder: int mType>",
						"<android.content.ContentProviderOperation$Builder: android.content.ContentProviderOperation$Builder withValueBackReferences(android.content.ContentValues)>"
					],
					"depth":3,
					"method":"<android.content.ContentProviderOperation: android.content.ContentProviderOperation$Builder newInsert(android.net.Uri)>",
					"source":"FIELDCALLER"
				},
				{
					"trace":[
						"<android.content.ContentProviderOperation: android.content.ContentProviderOperation$Builder newDelete(android.net.Uri)>",
						"<android.content.ContentProviderOperation$Builder: void <init>(int,android.net.Uri,android.content.ContentProviderOperation$1)>",
						"<android.content.ContentProviderOperation$Builder: void <init>(int,android.net.Uri)>",
						"key field: <android.content.ContentProviderOperation$Builder: int mType>",
						"<android.content.ContentProviderOperation$Builder: android.content.ContentProviderOperation$Builder withValueBackReferences(android.content.ContentValues)>"
					],
					"depth":3,
					"method":"<android.content.ContentProviderOperation: android.content.ContentProviderOperation$Builder newDelete(android.net.Uri)>",
					"source":"FIELDCALLER"
				}
			],
			"callerOfSingnlar2SourceVar":{}
		},
		{
			"method":"<android.content.ContentProviderOperation$Builder: android.content.ContentProviderOperation$Builder withValues(android.content.ContentValues)>",
			"message":"\\Qonly inserts, updates, and asserts can have values\\E",
			"relatedVarType":"Field",
			"relatedCondType":"Basic",
			"modifier":"public",
			"type":"java.lang.IllegalArgumentException",
			"osVersionRelated":false,
			"resourceRelated":false,
			"assessRelated":false,
			"hardwareRelated":false,
			"manifestRelated":false,
			"conditions":"$i2 == 4, $i1 == 2, $i0 == 1",
			"fieldValues":"<android.content.ContentProviderOperation$Builder: int mType>",
			"relatedValues":"; <android.content.ContentProviderOperation$Builder: int mType>; ",
			"keyAPISameClassNum":0,
			"keyAPIDiffClassNum":4,
			"keyAPISameClass":[],
			"keyAPIDiffClass":[
				{
					"trace":[
						"<android.content.ContentProviderOperation: android.content.ContentProviderOperation$Builder newAssertQuery(android.net.Uri)>",
						"<android.content.ContentProviderOperation$Builder: void <init>(int,android.net.Uri,android.content.ContentProviderOperation$1)>",
						"<android.content.ContentProviderOperation$Builder: void <init>(int,android.net.Uri)>",
						"key field: <android.content.ContentProviderOperation$Builder: int mType>",
						"<android.content.ContentProviderOperation$Builder: android.content.ContentProviderOperation$Builder withValues(android.content.ContentValues)>"
					],
					"depth":3,
					"method":"<android.content.ContentProviderOperation: android.content.ContentProviderOperation$Builder newAssertQuery(android.net.Uri)>",
					"source":"FIELDCALLER"
				},
				{
					"trace":[
						"<android.content.ContentProviderOperation: android.content.ContentProviderOperation$Builder newUpdate(android.net.Uri)>",
						"<android.content.ContentProviderOperation$Builder: void <init>(int,android.net.Uri,android.content.ContentProviderOperation$1)>",
						"<android.content.ContentProviderOperation$Builder: void <init>(int,android.net.Uri)>",
						"key field: <android.content.ContentProviderOperation$Builder: int mType>",
						"<android.content.ContentProviderOperation$Builder: android.content.ContentProviderOperation$Builder withValues(android.content.ContentValues)>"
					],
					"depth":3,
					"method":"<android.content.ContentProviderOperation: android.content.ContentProviderOperation$Builder newUpdate(android.net.Uri)>",
					"source":"FIELDCALLER"
				},
				{
					"trace":[
						"<android.content.ContentProviderOperation: android.content.ContentProviderOperation$Builder newInsert(android.net.Uri)>",
						"<android.content.ContentProviderOperation$Builder: void <init>(int,android.net.Uri,android.content.ContentProviderOperation$1)>",
						"<android.content.ContentProviderOperation$Builder: void <init>(int,android.net.Uri)>",
						"key field: <android.content.ContentProviderOperation$Builder: int mType>",
						"<android.content.ContentProviderOperation$Builder: android.content.ContentProviderOperation$Builder withValues(android.content.ContentValues)>"
					],
					"depth":3,
					"method":"<android.content.ContentProviderOperation: android.content.ContentProviderOperation$Builder newInsert(android.net.Uri)>",
					"source":"FIELDCALLER"
				},
				{
					"trace":[
						"<android.content.ContentProviderOperation: android.content.ContentProviderOperation$Builder newDelete(android.net.Uri)>",
						"<android.content.ContentProviderOperation$Builder: void <init>(int,android.net.Uri,android.content.ContentProviderOperation$1)>",
						"<android.content.ContentProviderOperation$Builder: void <init>(int,android.net.Uri)>",
						"key field: <android.content.ContentProviderOperation$Builder: int mType>",
						"<android.content.ContentProviderOperation$Builder: android.content.ContentProviderOperation$Builder withValues(android.content.ContentValues)>"
					],
					"depth":3,
					"method":"<android.content.ContentProviderOperation: android.content.ContentProviderOperation$Builder newDelete(android.net.Uri)>",
					"source":"FIELDCALLER"
				}
			],
			"callerOfSingnlar2SourceVar":{}
		}
	]
}