{
	"exceptions":[
		{
			"method":"<android.media.videoeditor.VideoEditorFactory: android.media.videoeditor.VideoEditor create(java.lang.String)>",
			"message":"\\QCannot create project path: \\E[\\s\\S]*",
			"relatedVarType":"Parameter",
			"relatedCondType":"Basic",
			"modifier":"public",
			"type":"java.io.FileNotFoundException",
			"osVersionRelated":false,
			"resourceRelated":false,
			"assessRelated":false,
			"hardwareRelated":false,
			"manifestRelated":false,
			"conditions":"$z1 != 0, $z0 != 0",
			"paramValues":"@parameter0: java.lang.String",
			"relatedValues":"@parameter0: java.lang.String; ; ",
			"keyAPISameClassNum":0,
			"keyAPIDiffClassNum":0,
			"keyAPISameClass":[
				{
					"trace":[
						"<android.media.videoeditor.VideoEditorFactory: android.media.videoeditor.VideoEditor create(java.lang.String)>"
					],
					"depth":0,
					"method":"<android.media.videoeditor.VideoEditorFactory: android.media.videoeditor.VideoEditor create(java.lang.String)>",
					"source":"CALLER"
				}
			],
			"keyAPIDiffClass":[],
			"callerOfSingnlar2SourceVar":{
				"<android.media.videoeditor.VideoEditorFactory: android.media.videoeditor.VideoEditor create(java.lang.String)>":"0"
			}
		},
		{
			"method":"<android.media.videoeditor.VideoEditorFactory: android.media.videoeditor.VideoEditor create(java.lang.String)>",
			"message":"\\QCannot create file .nomedia\\E",
			"relatedVarType":"Parameter",
			"relatedCondType":"Basic",
			"modifier":"public",
			"type":"java.io.FileNotFoundException",
			"osVersionRelated":false,
			"resourceRelated":false,
			"assessRelated":false,
			"hardwareRelated":false,
			"manifestRelated":false,
			"conditions":"$z2 != 0, $z1 != 0, $z0 != 0",
			"paramValues":"@parameter0: java.lang.String",
			"relatedValues":"@parameter0: java.lang.String; ; ",
			"keyAPISameClassNum":0,
			"keyAPIDiffClassNum":0,
			"keyAPISameClass":[
				{
					"trace":[
						"<android.media.videoeditor.VideoEditorFactory: android.media.videoeditor.VideoEditor create(java.lang.String)>"
					],
					"depth":0,
					"method":"<android.media.videoeditor.VideoEditorFactory: android.media.videoeditor.VideoEditor create(java.lang.String)>",
					"source":"CALLER"
				}
			],
			"keyAPIDiffClass":[],
			"callerOfSingnlar2SourceVar":{
				"<android.media.videoeditor.VideoEditorFactory: android.media.videoeditor.VideoEditor create(java.lang.String)>":"0"
			}
		}
	]
}