{
	"exceptions":[
		{
			"method":"<android.media.videoeditor.EffectKenBurns: void <init>(android.media.videoeditor.MediaItem,java.lang.String,android.graphics.Rect,android.graphics.Rect,long,long)>",
			"message":"\\QInvalid Start rectangle\\E",
			"relatedVarType":"Parameter",
			"relatedCondType":"Basic",
			"modifier":"public",
			"type":"java.lang.IllegalArgumentException",
			"osVersionRelated":false,
			"resourceRelated":false,
			"assessRelated":false,
			"hardwareRelated":false,
			"manifestRelated":false,
			"conditions":"$i2 <= 0, $i3 > 0",
			"paramValues":"@parameter2: android.graphics.Rect",
			"relatedValues":"@parameter2: android.graphics.Rect; ; ",
			"keyAPISameClassNum":0,
			"keyAPIDiffClassNum":0,
			"keyAPISameClass":[
				{
					"trace":[
						"<android.media.videoeditor.EffectKenBurns: void <init>(android.media.videoeditor.MediaItem,java.lang.String,android.graphics.Rect,android.graphics.Rect,long,long)>"
					],
					"depth":0,
					"method":"<android.media.videoeditor.EffectKenBurns: void <init>(android.media.videoeditor.MediaItem,java.lang.String,android.graphics.Rect,android.graphics.Rect,long,long)>",
					"source":"CALLER"
				}
			],
			"keyAPIDiffClass":[],
			"callerOfSingnlar2SourceVar":{
				"<android.media.videoeditor.EffectKenBurns: void <init>(android.media.videoeditor.MediaItem,java.lang.String,android.graphics.Rect,android.graphics.Rect,long,long)>":"2"
			}
		},
		{
			"method":"<android.media.videoeditor.EffectKenBurns: void <init>(android.media.videoeditor.MediaItem,java.lang.String,android.graphics.Rect,android.graphics.Rect,long,long)>",
			"message":"\\QInvalid End rectangle\\E",
			"relatedVarType":"Parameter",
			"relatedCondType":"Basic",
			"modifier":"public",
			"type":"java.lang.IllegalArgumentException",
			"osVersionRelated":false,
			"resourceRelated":false,
			"assessRelated":false,
			"hardwareRelated":false,
			"manifestRelated":false,
			"conditions":"$i4 <= 0, $i3 > 0, $i2 <= 0",
			"paramValues":"@parameter3: android.graphics.Rect, @parameter2: android.graphics.Rect",
			"relatedValues":"@parameter3: android.graphics.Rect, @parameter2: android.graphics.Rect; ; ",
			"keyAPISameClassNum":0,
			"keyAPIDiffClassNum":0,
			"keyAPISameClass":[
				{
					"trace":[
						"<android.media.videoeditor.EffectKenBurns: void <init>(android.media.videoeditor.MediaItem,java.lang.String,android.graphics.Rect,android.graphics.Rect,long,long)>"
					],
					"depth":0,
					"method":"<android.media.videoeditor.EffectKenBurns: void <init>(android.media.videoeditor.MediaItem,java.lang.String,android.graphics.Rect,android.graphics.Rect,long,long)>",
					"source":"CALLER"
				}
			],
			"keyAPIDiffClass":[],
			"callerOfSingnlar2SourceVar":{
				"<android.media.videoeditor.EffectKenBurns: void <init>(android.media.videoeditor.MediaItem,java.lang.String,android.graphics.Rect,android.graphics.Rect,long,long)>":"3, 2"
			}
		}
	]
}