{
	"exceptions":[
		{
			"method":"<android.graphics.SweepGradient: void <init>(float,float,int[],float[])>",
			"message":"\\Qneeds >= 2 number of colors\\E",
			"relatedVarType":"Parameter",
			"relatedCondType":"Basic",
			"modifier":"public",
			"type":"java.lang.IllegalArgumentException",
			"osVersionRelated":false,
			"resourceRelated":false,
			"assessRelated":false,
			"hardwareRelated":false,
			"manifestRelated":false,
			"conditions":"$i0 >= 2",
			"paramValues":"@parameter2: int[]",
			"relatedValues":"@parameter2: int[]; ; ",
			"keyAPISameClassNum":0,
			"keyAPIDiffClassNum":0,
			"keyAPISameClass":[
				{
					"trace":[
						"<android.graphics.SweepGradient: void <init>(float,float,int[],float[])>"
					],
					"depth":0,
					"method":"<android.graphics.SweepGradient: void <init>(float,float,int[],float[])>",
					"source":"CALLER"
				}
			],
			"keyAPIDiffClass":[],
			"callerOfSingnlar2SourceVar":{
				"<android.graphics.SweepGradient: void <init>(float,float,int[],float[])>":"2"
			}
		},
		{
			"method":"<android.graphics.SweepGradient: void <init>(float,float,int[],float[])>",
			"message":"\\Qcolor and position arrays must be of equal length\\E",
			"relatedVarType":"Parameter",
			"relatedCondType":"Basic",
			"modifier":"public",
			"type":"java.lang.IllegalArgumentException",
			"osVersionRelated":false,
			"resourceRelated":false,
			"assessRelated":false,
			"hardwareRelated":false,
			"manifestRelated":false,
			"conditions":"$i5 == $i4, r2 == null, $i0 >= 2",
			"paramValues":"@parameter2: int[], @parameter3: float[]",
			"relatedValues":"@parameter2: int[], @parameter3: float[]; ; ",
			"keyAPISameClassNum":0,
			"keyAPIDiffClassNum":0,
			"keyAPISameClass":[
				{
					"trace":[
						"<android.graphics.SweepGradient: void <init>(float,float,int[],float[])>"
					],
					"depth":0,
					"method":"<android.graphics.SweepGradient: void <init>(float,float,int[],float[])>",
					"source":"CALLER"
				}
			],
			"keyAPIDiffClass":[],
			"callerOfSingnlar2SourceVar":{
				"<android.graphics.SweepGradient: void <init>(float,float,int[],float[])>":"2, 3"
			}
		}
	]
}