{
	"exceptions":[
		{
			"method":"<android.content.IntentFilter: android.content.IntentFilter create(java.lang.String,java.lang.String)>",
			"message":"\\QBad MIME type\\E",
			"relatedVarType":"Unknown",
			"relatedCondType":"Empty",
			"modifier":"public",
			"type":"java.lang.RuntimeException",
			"osVersionRelated":false,
			"resourceRelated":false,
			"assessRelated":false,
			"hardwareRelated":false,
			"manifestRelated":false,
			"caughtValues":"@caughtexception",
			"relatedValues":"; ; @caughtexception",
			"keyAPISameClassNum":0,
			"keyAPIDiffClassNum":0,
			"keyAPISameClass":[],
			"keyAPIDiffClass":[],
			"callerOfSingnlar2SourceVar":{}
		},
		{
			"method":"<android.content.IntentFilter: void addDataType(java.lang.String)>",
			"message":"",
			"relatedVarType":"Parameter",
			"relatedCondType":"Basic",
			"modifier":"public",
			"type":"android.content.IntentFilter$MalformedMimeTypeException",
			"osVersionRelated":false,
			"resourceRelated":false,
			"assessRelated":false,
			"hardwareRelated":false,
			"manifestRelated":false,
			"conditions":"i0 <= 0, i1 < $i2",
			"paramValues":"@parameter0: java.lang.String",
			"relatedValues":"@parameter0: java.lang.String; ; ",
			"keyAPISameClassNum":0,
			"keyAPIDiffClassNum":0,
			"keyAPISameClass":[
				{
					"trace":[
						"<android.content.IntentFilter: void addDataType(java.lang.String)>"
					],
					"depth":0,
					"method":"<android.content.IntentFilter: void addDataType(java.lang.String)>",
					"source":"CALLER"
				},
				{
					"trace":[
						"<android.content.IntentFilter: void readFromXml(org.xmlpull.v1.XmlPullParser)>",
						"<android.content.IntentFilter: void addDataType(java.lang.String)>"
					],
					"depth":1,
					"method":"<android.content.IntentFilter: void readFromXml(org.xmlpull.v1.XmlPullParser)>",
					"source":"CALLER"
				},
				{
					"trace":[
						"<android.content.IntentFilter: void <init>(java.lang.String,java.lang.String)>",
						"<android.content.IntentFilter: void addDataType(java.lang.String)>"
					],
					"depth":1,
					"method":"<android.content.IntentFilter: void <init>(java.lang.String,java.lang.String)>",
					"source":"CALLER"
				},
				{
					"trace":[
						"<android.content.IntentFilter: android.content.IntentFilter create(java.lang.String,java.lang.String)>",
						"<android.content.IntentFilter: void <init>(java.lang.String,java.lang.String)>",
						"<android.content.IntentFilter: void addDataType(java.lang.String)>"
					],
					"depth":2,
					"method":"<android.content.IntentFilter: android.content.IntentFilter create(java.lang.String,java.lang.String)>",
					"source":"CALLER"
				}
			],
			"keyAPIDiffClass":[
				{
					"trace":[
						"<android.content.pm.PackageParser: android.content.pm.PackageParser$Package parsePackage(java.io.File,java.lang.String,android.util.DisplayMetrics,int)>",
						"<android.content.pm.PackageParser: android.content.pm.PackageParser$Package parsePackage(android.content.res.Resources,android.content.res.XmlResourceParser,int,java.lang.String[])>",
						"<android.content.pm.PackageParser: boolean parseApplication(android.content.pm.PackageParser$Package,android.content.res.Resources,org.xmlpull.v1.XmlPullParser,android.util.AttributeSet,int,java.lang.String[])>",
						"<android.content.pm.PackageParser: android.content.pm.PackageParser$Activity parseActivity(android.content.pm.PackageParser$Package,android.content.res.Resources,org.xmlpull.v1.XmlPullParser,android.util.AttributeSet,int,java.lang.String[],boolean,boolean)>",
						"<android.content.pm.PackageParser: boolean parseIntent(android.content.res.Resources,org.xmlpull.v1.XmlPullParser,android.util.AttributeSet,int,android.content.pm.PackageParser$IntentInfo,java.lang.String[],boolean)>",
						"<android.content.IntentFilter: void addDataType(java.lang.String)>"
					],
					"depth":5,
					"method":"<android.content.pm.PackageParser: android.content.pm.PackageParser$Package parsePackage(java.io.File,java.lang.String,android.util.DisplayMetrics,int)>",
					"source":"CALLER"
				},
				{
					"trace":[
						"<android.content.pm.PackageManager: android.content.pm.PackageInfo getPackageArchiveInfo(java.lang.String,int)>",
						"<android.content.pm.PackageParser: android.content.pm.PackageParser$Package parsePackage(java.io.File,java.lang.String,android.util.DisplayMetrics,int)>",
						"<android.content.pm.PackageParser: android.content.pm.PackageParser$Package parsePackage(android.content.res.Resources,android.content.res.XmlResourceParser,int,java.lang.String[])>",
						"<android.content.pm.PackageParser: boolean parseApplication(android.content.pm.PackageParser$Package,android.content.res.Resources,org.xmlpull.v1.XmlPullParser,android.util.AttributeSet,int,java.lang.String[])>",
						"<android.content.pm.PackageParser: android.content.pm.PackageParser$Activity parseActivity(android.content.pm.PackageParser$Package,android.content.res.Resources,org.xmlpull.v1.XmlPullParser,android.util.AttributeSet,int,java.lang.String[],boolean,boolean)>",
						"<android.content.pm.PackageParser: boolean parseIntent(android.content.res.Resources,org.xmlpull.v1.XmlPullParser,android.util.AttributeSet,int,android.content.pm.PackageParser$IntentInfo,java.lang.String[],boolean)>",
						"<android.content.IntentFilter: void addDataType(java.lang.String)>"
					],
					"depth":6,
					"method":"<android.content.pm.PackageManager: android.content.pm.PackageInfo getPackageArchiveInfo(java.lang.String,int)>",
					"source":"CALLER"
				}
			],
			"callerOfSingnlar2SourceVar":{
				"<android.content.IntentFilter: void <init>(java.lang.String,java.lang.String)>":"1",
				"<android.content.IntentFilter: void addDataType(java.lang.String)>":"0",
				"<android.content.IntentFilter: android.content.IntentFilter create(java.lang.String,java.lang.String)>":"1"
			}
		}
	]
}