{
	"exceptions":[
		{
			"method":"<android.os.NullVibrator: void vibrate(long[],int)>",
			"message":"[\\s\\S]*",
			"relatedVarType":"Parameter",
			"relatedCondType":"Basic",
			"modifier":"public",
			"type":"java.lang.ArrayIndexOutOfBoundsException",
			"osVersionRelated":false,
			"resourceRelated":false,
			"assessRelated":false,
			"hardwareRelated":false,
			"manifestRelated":false,
			"conditions":"i0 < $i1",
			"paramValues":"@parameter1: int, @parameter0: long[]",
			"relatedValues":"@parameter1: int, @parameter0: long[]; ; ",
			"keyAPISameClassNum":0,
			"keyAPIDiffClassNum":0,
			"keyAPISameClass":[
				{
					"trace":[
						"<android.os.NullVibrator: void vibrate(long[],int)>"
					],
					"depth":0,
					"method":"<android.os.NullVibrator: void vibrate(long[],int)>",
					"source":"CALLER"
				},
				{
					"trace":[
						"<android.os.Vibrator: void vibrate(int,java.lang.String,long[],int)>",
						"<android.os.NullVibrator: void vibrate(long[],int)>"
					],
					"depth":1,
					"method":"<android.os.Vibrator: void vibrate(int,java.lang.String,long[],int)>",
					"source":"CALLER"
				},
				{
					"trace":[
						"<android.os.NullVibrator: void vibrate(int,java.lang.String,long[],int)>",
						"<android.os.NullVibrator: void vibrate(long[],int)>"
					],
					"depth":1,
					"method":"<android.os.NullVibrator: void vibrate(int,java.lang.String,long[],int)>",
					"source":"CALLER"
				}
			],
			"keyAPIDiffClass":[],
			"callerOfSingnlar2SourceVar":{
				"<android.os.NullVibrator: void vibrate(long[],int)>":"1, 0",
				"<android.os.NullVibrator: void vibrate(int,java.lang.String,long[],int)>":"3, 2"
			}
		}
	]
}