{
	"exceptions":[
		{
			"method":"<android.media.RemoteDisplay: android.media.RemoteDisplay listen(java.lang.String,android.media.RemoteDisplay$Listener,android.os.Handler)>",
			"message":"\\Qiface must not be null\\E",
			"relatedVarType":"Parameter",
			"relatedCondType":"Basic",
			"modifier":"public",
			"type":"java.lang.IllegalArgumentException",
			"osVersionRelated":false,
			"resourceRelated":false,
			"assessRelated":false,
			"hardwareRelated":false,
			"manifestRelated":false,
			"conditions":"r0 != null",
			"paramValues":"@parameter0: java.lang.String",
			"relatedValues":"@parameter0: java.lang.String; ; ",
			"keyAPISameClassNum":0,
			"keyAPIDiffClassNum":0,
			"keyAPISameClass":[
				{
					"trace":[
						"<android.media.RemoteDisplay: android.media.RemoteDisplay listen(java.lang.String,android.media.RemoteDisplay$Listener,android.os.Handler)>"
					],
					"depth":0,
					"method":"<android.media.RemoteDisplay: android.media.RemoteDisplay listen(java.lang.String,android.media.RemoteDisplay$Listener,android.os.Handler)>",
					"source":"CALLER"
				}
			],
			"keyAPIDiffClass":[],
			"callerOfSingnlar2SourceVar":{
				"<android.media.RemoteDisplay: android.media.RemoteDisplay listen(java.lang.String,android.media.RemoteDisplay$Listener,android.os.Handler)>":"0"
			}
		},
		{
			"method":"<android.media.RemoteDisplay: android.media.RemoteDisplay listen(java.lang.String,android.media.RemoteDisplay$Listener,android.os.Handler)>",
			"message":"\\Qhandler must not be null\\E",
			"relatedVarType":"Parameter",
			"relatedCondType":"Basic",
			"modifier":"public",
			"type":"java.lang.IllegalArgumentException",
			"osVersionRelated":false,
			"resourceRelated":false,
			"assessRelated":false,
			"hardwareRelated":false,
			"manifestRelated":false,
			"conditions":"r2 != null, r1 != null, r0 != null",
			"paramValues":"@parameter2: android.os.Handler, @parameter1: android.media.RemoteDisplay$Listener, @parameter0: java.lang.String",
			"relatedValues":"@parameter2: android.os.Handler, @parameter1: android.media.RemoteDisplay$Listener, @parameter0: java.lang.String; ; ",
			"keyAPISameClassNum":0,
			"keyAPIDiffClassNum":0,
			"keyAPISameClass":[
				{
					"trace":[
						"<android.media.RemoteDisplay: android.media.RemoteDisplay listen(java.lang.String,android.media.RemoteDisplay$Listener,android.os.Handler)>"
					],
					"depth":0,
					"method":"<android.media.RemoteDisplay: android.media.RemoteDisplay listen(java.lang.String,android.media.RemoteDisplay$Listener,android.os.Handler)>",
					"source":"CALLER"
				}
			],
			"keyAPIDiffClass":[],
			"callerOfSingnlar2SourceVar":{
				"<android.media.RemoteDisplay: android.media.RemoteDisplay listen(java.lang.String,android.media.RemoteDisplay$Listener,android.os.Handler)>":"2, 1, 0"
			}
		},
		{
			"method":"<android.media.RemoteDisplay: android.media.RemoteDisplay listen(java.lang.String,android.media.RemoteDisplay$Listener,android.os.Handler)>",
			"message":"\\Qlistener must not be null\\E",
			"relatedVarType":"Parameter",
			"relatedCondType":"Basic",
			"modifier":"public",
			"type":"java.lang.IllegalArgumentException",
			"osVersionRelated":false,
			"resourceRelated":false,
			"assessRelated":false,
			"hardwareRelated":false,
			"manifestRelated":false,
			"conditions":"r1 != null, r0 != null",
			"paramValues":"@parameter1: android.media.RemoteDisplay$Listener, @parameter0: java.lang.String",
			"relatedValues":"@parameter1: android.media.RemoteDisplay$Listener, @parameter0: java.lang.String; ; ",
			"keyAPISameClassNum":0,
			"keyAPIDiffClassNum":0,
			"keyAPISameClass":[
				{
					"trace":[
						"<android.media.RemoteDisplay: android.media.RemoteDisplay listen(java.lang.String,android.media.RemoteDisplay$Listener,android.os.Handler)>"
					],
					"depth":0,
					"method":"<android.media.RemoteDisplay: android.media.RemoteDisplay listen(java.lang.String,android.media.RemoteDisplay$Listener,android.os.Handler)>",
					"source":"CALLER"
				}
			],
			"keyAPIDiffClass":[],
			"callerOfSingnlar2SourceVar":{
				"<android.media.RemoteDisplay: android.media.RemoteDisplay listen(java.lang.String,android.media.RemoteDisplay$Listener,android.os.Handler)>":"1, 0"
			}
		},
		{
			"method":"<android.media.RemoteDisplay: void startListening(java.lang.String)>",
			"message":"\\QCould not start listening for remote display connection on \"\\E[\\s\\S]*\\Q\"\\E",
			"relatedVarType":"Field",
			"relatedCondType":"Basic",
			"modifier":"private",
			"type":"java.lang.IllegalStateException",
			"osVersionRelated":false,
			"resourceRelated":false,
			"assessRelated":false,
			"hardwareRelated":false,
			"manifestRelated":false,
			"conditions":"$i1 != 0",
			"fieldValues":"<android.media.RemoteDisplay: int mPtr>",
			"relatedValues":"; <android.media.RemoteDisplay: int mPtr>; ",
			"keyAPISameClassNum":2,
			"keyAPIDiffClassNum":0,
			"keyAPISameClass":[
				{
					"trace":[
						"<android.media.RemoteDisplay: void dispose()>",
						"<android.media.RemoteDisplay: void dispose(boolean)>",
						"key field: <android.media.RemoteDisplay: int mPtr>",
						"<android.media.RemoteDisplay: void startListening(java.lang.String)>"
					],
					"depth":2,
					"method":"<android.media.RemoteDisplay: void dispose()>",
					"source":"FIELDCALLER"
				},
				{
					"trace":[
						"<android.media.RemoteDisplay: android.media.RemoteDisplay listen(java.lang.String,android.media.RemoteDisplay$Listener,android.os.Handler)>",
						"<android.media.RemoteDisplay: void startListening(java.lang.String)>",
						"key field: <android.media.RemoteDisplay: int mPtr>",
						"<android.media.RemoteDisplay: void startListening(java.lang.String)>"
					],
					"depth":2,
					"method":"<android.media.RemoteDisplay: android.media.RemoteDisplay listen(java.lang.String,android.media.RemoteDisplay$Listener,android.os.Handler)>",
					"source":"FIELDCALLER"
				}
			],
			"keyAPIDiffClass":[],
			"callerOfSingnlar2SourceVar":{}
		}
	]
}