{
	"exceptions":[
		{
			"method":"<android.net.wifi.p2p.nsd.WifiP2pServiceInfo: void <init>(java.util.List)>",
			"message":"\\Qquery list cannot be null\\E",
			"relatedVarType":"Parameter",
			"relatedCondType":"Basic",
			"modifier":"protected",
			"type":"java.lang.IllegalArgumentException",
			"osVersionRelated":false,
			"resourceRelated":false,
			"assessRelated":false,
			"hardwareRelated":false,
			"manifestRelated":false,
			"conditions":"r1 != null",
			"paramValues":"@parameter0: java.util.List",
			"relatedValues":"@parameter0: java.util.List; ; ",
			"keyAPISameClassNum":0,
			"keyAPIDiffClassNum":0,
			"keyAPISameClass":[
				{
					"trace":[
						"<android.net.wifi.p2p.nsd.WifiP2pServiceInfo: void <init>(java.util.List)>"
					],
					"depth":0,
					"method":"<android.net.wifi.p2p.nsd.WifiP2pServiceInfo: void <init>(java.util.List)>",
					"source":"CALLER"
				}
			],
			"keyAPIDiffClass":[
				{
					"trace":[
						"<android.net.wifi.p2p.nsd.WifiP2pServiceInfo$1: android.net.wifi.p2p.nsd.WifiP2pServiceInfo createFromParcel(android.os.Parcel)>",
						"<android.net.wifi.p2p.nsd.WifiP2pServiceInfo: void <init>(java.util.List)>"
					],
					"depth":1,
					"method":"<android.net.wifi.p2p.nsd.WifiP2pServiceInfo$1: android.net.wifi.p2p.nsd.WifiP2pServiceInfo createFromParcel(android.os.Parcel)>",
					"source":"CALLER"
				},
				{
					"trace":[
						"<android.os.Parcelable$Creator: java.lang.Object createFromParcel(android.os.Parcel)>",
						"<android.net.wifi.p2p.nsd.WifiP2pServiceInfo: void <init>(java.util.List)>"
					],
					"depth":1,
					"method":"<android.os.Parcelable$Creator: java.lang.Object createFromParcel(android.os.Parcel)>",
					"source":"CALLER"
				},
				{
					"trace":[
						"<android.net.wifi.p2p.nsd.WifiP2pServiceInfo$1: java.lang.Object createFromParcel(android.os.Parcel)>",
						"<android.net.wifi.p2p.nsd.WifiP2pServiceInfo$1: android.net.wifi.p2p.nsd.WifiP2pServiceInfo createFromParcel(android.os.Parcel)>",
						"<android.net.wifi.p2p.nsd.WifiP2pServiceInfo: void <init>(java.util.List)>"
					],
					"depth":2,
					"method":"<android.net.wifi.p2p.nsd.WifiP2pServiceInfo$1: java.lang.Object createFromParcel(android.os.Parcel)>",
					"source":"CALLER"
				},
				{
					"trace":[
						"<android.net.wifi.p2p.nsd.WifiP2pDnsSdServiceInfo: android.net.wifi.p2p.nsd.WifiP2pDnsSdServiceInfo newInstance(java.lang.String,java.lang.String,java.util.Map)>",
						"<android.net.wifi.p2p.nsd.WifiP2pDnsSdServiceInfo: void <init>(java.util.List)>",
						"<android.net.wifi.p2p.nsd.WifiP2pServiceInfo: void <init>(java.util.List)>"
					],
					"depth":2,
					"method":"<android.net.wifi.p2p.nsd.WifiP2pDnsSdServiceInfo: android.net.wifi.p2p.nsd.WifiP2pDnsSdServiceInfo newInstance(java.lang.String,java.lang.String,java.util.Map)>",
					"source":"CALLER"
				},
				{
					"trace":[
						"<android.net.wifi.p2p.nsd.WifiP2pUpnpServiceInfo: android.net.wifi.p2p.nsd.WifiP2pUpnpServiceInfo newInstance(java.lang.String,java.lang.String,java.util.List)>",
						"<android.net.wifi.p2p.nsd.WifiP2pUpnpServiceInfo: void <init>(java.util.List)>",
						"<android.net.wifi.p2p.nsd.WifiP2pServiceInfo: void <init>(java.util.List)>"
					],
					"depth":2,
					"method":"<android.net.wifi.p2p.nsd.WifiP2pUpnpServiceInfo: android.net.wifi.p2p.nsd.WifiP2pUpnpServiceInfo newInstance(java.lang.String,java.lang.String,java.util.List)>",
					"source":"CALLER"
				}
			],
			"callerOfSingnlar2SourceVar":{
				"<android.net.wifi.p2p.nsd.WifiP2pServiceInfo: void <init>(java.util.List)>":"0",
				"<android.net.wifi.p2p.nsd.WifiP2pUpnpServiceInfo: void <init>(java.util.List)>":"0",
				"<android.net.wifi.p2p.nsd.WifiP2pDnsSdServiceInfo: void <init>(java.util.List)>":"0"
			}
		}
	]
}