{
	"exceptions":[
		{
			"method":"<android.bluetooth.BluetoothManager: void <init>(android.content.Context)>",
			"message":"\\Qcontext not associated with any application (using a mock context?)\\E",
			"relatedVarType":"Parameter",
			"relatedCondType":"Basic",
			"modifier":"public",
			"type":"java.lang.IllegalArgumentException",
			"osVersionRelated":false,
			"resourceRelated":false,
			"assessRelated":false,
			"hardwareRelated":false,
			"manifestRelated":false,
			"conditions":"$r2 != null",
			"paramValues":"@parameter0: android.content.Context",
			"relatedValues":"@parameter0: android.content.Context; ; ",
			"keyAPISameClassNum":0,
			"keyAPIDiffClassNum":0,
			"keyAPISameClass":[
				{
					"trace":[
						"<android.bluetooth.BluetoothManager: void <init>(android.content.Context)>"
					],
					"depth":0,
					"method":"<android.bluetooth.BluetoothManager: void <init>(android.content.Context)>",
					"source":"CALLER"
				}
			],
			"keyAPIDiffClass":[],
			"callerOfSingnlar2SourceVar":{
				"<android.app.ContextImpl$8: java.lang.Object createService(android.app.ContextImpl)>":"0",
				"<android.bluetooth.BluetoothManager: void <init>(android.content.Context)>":"0"
			}
		},
		{
			"method":"<android.bluetooth.BluetoothManager: java.util.List getConnectedDevices(int)>",
			"message":"\\QProfile not supported: \\E[\\s\\S]*",
			"relatedVarType":"Parameter",
			"relatedCondType":"Basic",
			"modifier":"public",
			"type":"java.lang.IllegalArgumentException",
			"osVersionRelated":false,
			"resourceRelated":false,
			"assessRelated":false,
			"hardwareRelated":false,
			"manifestRelated":false,
			"conditions":"i1 == 8, i1 == 7",
			"paramValues":"@parameter0: int",
			"relatedValues":"@parameter0: int; ; ",
			"keyAPISameClassNum":0,
			"keyAPIDiffClassNum":0,
			"keyAPISameClass":[
				{
					"trace":[
						"<android.bluetooth.BluetoothManager: java.util.List getConnectedDevices(int)>"
					],
					"depth":0,
					"method":"<android.bluetooth.BluetoothManager: java.util.List getConnectedDevices(int)>",
					"source":"CALLER"
				},
				{
					"trace":[
						"<android.bluetooth.BluetoothManager: int getConnectionState(android.bluetooth.BluetoothDevice,int)>",
						"<android.bluetooth.BluetoothManager: java.util.List getConnectedDevices(int)>"
					],
					"depth":1,
					"method":"<android.bluetooth.BluetoothManager: int getConnectionState(android.bluetooth.BluetoothDevice,int)>",
					"source":"CALLER"
				}
			],
			"keyAPIDiffClass":[],
			"callerOfSingnlar2SourceVar":{
				"<android.bluetooth.BluetoothManager: int getConnectionState(android.bluetooth.BluetoothDevice,int)>":"1",
				"<android.bluetooth.BluetoothManager: java.util.List getConnectedDevices(int)>":"0"
			}
		},
		{
			"method":"<android.bluetooth.BluetoothManager: java.util.List getDevicesMatchingConnectionStates(int,int[])>",
			"message":"\\QProfile not supported: \\E[\\s\\S]*",
			"relatedVarType":"Parameter",
			"relatedCondType":"Basic",
			"modifier":"public",
			"type":"java.lang.IllegalArgumentException",
			"osVersionRelated":false,
			"resourceRelated":false,
			"assessRelated":false,
			"hardwareRelated":false,
			"manifestRelated":false,
			"conditions":"i1 == 8, i1 == 7",
			"paramValues":"@parameter0: int",
			"relatedValues":"@parameter0: int; ; ",
			"keyAPISameClassNum":0,
			"keyAPIDiffClassNum":0,
			"keyAPISameClass":[
				{
					"trace":[
						"<android.bluetooth.BluetoothManager: java.util.List getDevicesMatchingConnectionStates(int,int[])>"
					],
					"depth":0,
					"method":"<android.bluetooth.BluetoothManager: java.util.List getDevicesMatchingConnectionStates(int,int[])>",
					"source":"CALLER"
				}
			],
			"keyAPIDiffClass":[],
			"callerOfSingnlar2SourceVar":{
				"<android.bluetooth.BluetoothManager: java.util.List getDevicesMatchingConnectionStates(int,int[])>":"0"
			}
		},
		{
			"method":"<android.bluetooth.BluetoothManager: android.bluetooth.BluetoothGattServer openGattServer(android.content.Context,android.bluetooth.BluetoothGattServerCallback)>",
			"message":"\\Qnull parameter: \\E[\\s\\S]*\\Q \\E[\\s\\S]*",
			"relatedVarType":"Parameter",
			"relatedCondType":"Basic",
			"modifier":"public",
			"type":"java.lang.IllegalArgumentException",
			"osVersionRelated":false,
			"resourceRelated":false,
			"assessRelated":false,
			"hardwareRelated":false,
			"manifestRelated":false,
			"conditions":"r0 == null, r6 != null",
			"paramValues":"@parameter0: android.content.Context, @parameter1: android.bluetooth.BluetoothGattServerCallback",
			"relatedValues":"@parameter0: android.content.Context, @parameter1: android.bluetooth.BluetoothGattServerCallback; ; ",
			"keyAPISameClassNum":0,
			"keyAPIDiffClassNum":0,
			"keyAPISameClass":[
				{
					"trace":[
						"<android.bluetooth.BluetoothManager: android.bluetooth.BluetoothGattServer openGattServer(android.content.Context,android.bluetooth.BluetoothGattServerCallback)>"
					],
					"depth":0,
					"method":"<android.bluetooth.BluetoothManager: android.bluetooth.BluetoothGattServer openGattServer(android.content.Context,android.bluetooth.BluetoothGattServerCallback)>",
					"source":"CALLER"
				}
			],
			"keyAPIDiffClass":[],
			"callerOfSingnlar2SourceVar":{
				"<android.bluetooth.BluetoothManager: android.bluetooth.BluetoothGattServer openGattServer(android.content.Context,android.bluetooth.BluetoothGattServerCallback)>":"0, 1"
			}
		}
	]
}