{
	"exceptions":[
		{
			"method":"<android.net.InterfaceConfiguration: void validateFlag(java.lang.String)>",
			"message":"\\Qflag contains space: \\E[\\s\\S]*",
			"relatedVarType":"Parameter",
			"relatedCondType":"Basic",
			"modifier":"private",
			"type":"java.lang.IllegalArgumentException",
			"osVersionRelated":false,
			"resourceRelated":false,
			"assessRelated":false,
			"hardwareRelated":false,
			"manifestRelated":false,
			"conditions":"$i0 < 0",
			"paramValues":"@parameter0: java.lang.String",
			"relatedValues":"@parameter0: java.lang.String; ; ",
			"keyAPISameClassNum":0,
			"keyAPIDiffClassNum":0,
			"keyAPISameClass":[
				{
					"trace":[
						"<android.net.InterfaceConfiguration: void validateFlag(java.lang.String)>"
					],
					"depth":0,
					"method":"<android.net.InterfaceConfiguration: void validateFlag(java.lang.String)>",
					"source":"CALLER"
				},
				{
					"trace":[
						"<android.net.InterfaceConfiguration: void clearFlag(java.lang.String)>",
						"<android.net.InterfaceConfiguration: void validateFlag(java.lang.String)>"
					],
					"depth":1,
					"method":"<android.net.InterfaceConfiguration: void clearFlag(java.lang.String)>",
					"source":"CALLER"
				},
				{
					"trace":[
						"<android.net.InterfaceConfiguration: void setFlag(java.lang.String)>",
						"<android.net.InterfaceConfiguration: void validateFlag(java.lang.String)>"
					],
					"depth":1,
					"method":"<android.net.InterfaceConfiguration: void setFlag(java.lang.String)>",
					"source":"CALLER"
				},
				{
					"trace":[
						"<android.net.InterfaceConfiguration: boolean hasFlag(java.lang.String)>",
						"<android.net.InterfaceConfiguration: void validateFlag(java.lang.String)>"
					],
					"depth":1,
					"method":"<android.net.InterfaceConfiguration: boolean hasFlag(java.lang.String)>",
					"source":"CALLER"
				}
			],
			"keyAPIDiffClass":[],
			"callerOfSingnlar2SourceVar":{
				"<android.net.InterfaceConfiguration: void setFlag(java.lang.String)>":"0",
				"<android.net.InterfaceConfiguration: void clearFlag(java.lang.String)>":"0",
				"<android.net.InterfaceConfiguration: void validateFlag(java.lang.String)>":"0",
				"<android.net.InterfaceConfiguration: boolean hasFlag(java.lang.String)>":"0"
			}
		}
	]
}