{
	"exceptions":[
		{
			"method":"<android.location.Address: java.lang.String getAddressLine(int)>",
			"message":"\\Qindex = \\E[\\s\\S]*\\Q < 0\\E",
			"relatedVarType":"Parameter",
			"relatedCondType":"Basic",
			"modifier":"public",
			"type":"java.lang.IllegalArgumentException",
			"osVersionRelated":false,
			"resourceRelated":false,
			"assessRelated":false,
			"hardwareRelated":false,
			"manifestRelated":false,
			"conditions":"i0 >= 0",
			"paramValues":"@parameter0: int",
			"relatedValues":"@parameter0: int; ; ",
			"keyAPISameClassNum":0,
			"keyAPIDiffClassNum":0,
			"keyAPISameClass":[
				{
					"trace":[
						"<android.location.Address: java.lang.String getAddressLine(int)>"
					],
					"depth":0,
					"method":"<android.location.Address: java.lang.String getAddressLine(int)>",
					"source":"CALLER"
				}
			],
			"keyAPIDiffClass":[],
			"callerOfSingnlar2SourceVar":{
				"<android.location.Address: java.lang.String getAddressLine(int)>":"0"
			}
		},
		{
			"method":"<android.location.Address: double getLatitude()>",
			"message":"[\\s\\S]*",
			"relatedVarType":"Field",
			"relatedCondType":"Basic",
			"modifier":"public",
			"type":"java.lang.IllegalStateException",
			"osVersionRelated":false,
			"resourceRelated":false,
			"assessRelated":false,
			"hardwareRelated":false,
			"manifestRelated":false,
			"conditions":"$z0 == 0",
			"fieldValues":"<android.location.Address: boolean mHasLatitude>",
			"relatedValues":"; <android.location.Address: boolean mHasLatitude>; ",
			"keyAPISameClassNum":3,
			"keyAPIDiffClassNum":28,
			"keyAPISameClass":[
				{
					"trace":[
						"<android.location.Address: double getLatitude()>"
					],
					"depth":1,
					"method":"<android.location.Address: void <init>(java.util.Locale)>",
					"source":"FIELD"
				},
				{
					"trace":[
						"<android.location.Address: double getLatitude()>"
					],
					"depth":1,
					"method":"<android.location.Address: void clearLatitude()>",
					"source":"FIELD"
				},
				{
					"trace":[
						"<android.location.Address: double getLatitude()>"
					],
					"depth":1,
					"method":"<android.location.Address: void setLatitude(double)>",
					"source":"FIELD"
				}
			],
			"keyAPIDiffClass":[
				{
					"trace":[
						"<android.location.Address$1: android.location.Address createFromParcel(android.os.Parcel)>",
						"<android.location.Address: void <init>(java.util.Locale)>",
						"key field: <android.location.Address: boolean mHasLatitude>",
						"<android.location.Address: double getLatitude()>"
					],
					"depth":2,
					"method":"<android.location.Address$1: android.location.Address createFromParcel(android.os.Parcel)>",
					"source":"FIELDCALLER"
				},
				{
					"trace":[
						"<android.os.Parcelable$Creator: java.lang.Object createFromParcel(android.os.Parcel)>",
						"<android.location.Address: void <init>(java.util.Locale)>",
						"key field: <android.location.Address: boolean mHasLatitude>",
						"<android.location.Address: double getLatitude()>"
					],
					"depth":2,
					"method":"<android.os.Parcelable$Creator: java.lang.Object createFromParcel(android.os.Parcel)>",
					"source":"FIELDCALLER"
				},
				{
					"trace":[
						"<android.location.Address$1: java.lang.Object createFromParcel(android.os.Parcel)>",
						"<android.location.Address$1: android.location.Address createFromParcel(android.os.Parcel)>",
						"<android.location.Address: void <init>(java.util.Locale)>",
						"key field: <android.location.Address: boolean mHasLatitude>",
						"<android.location.Address: double getLatitude()>"
					],
					"depth":3,
					"method":"<android.location.Address$1: java.lang.Object createFromParcel(android.os.Parcel)>",
					"source":"FIELDCALLER"
				},
				{
					"trace":[
						"<android.location.ICountryDetector$Stub$Proxy: android.location.Country detectCountry()>",
						"<android.location.Address$1: java.lang.Object createFromParcel(android.os.Parcel)>",
						"<android.location.Address$1: android.location.Address createFromParcel(android.os.Parcel)>",
						"<android.location.Address: void <init>(java.util.Locale)>",
						"key field: <android.location.Address: boolean mHasLatitude>",
						"<android.location.Address: double getLatitude()>"
					],
					"depth":4,
					"method":"<android.location.ICountryDetector$Stub$Proxy: android.location.Country detectCountry()>",
					"source":"FIELDCALLER"
				},
				{
					"trace":[
						"<android.location.ICountryDetector: android.location.Country detectCountry()>",
						"<android.location.Address$1: java.lang.Object createFromParcel(android.os.Parcel)>",
						"<android.location.Address$1: android.location.Address createFromParcel(android.os.Parcel)>",
						"<android.location.Address: void <init>(java.util.Locale)>",
						"key field: <android.location.Address: boolean mHasLatitude>",
						"<android.location.Address: double getLatitude()>"
					],
					"depth":4,
					"method":"<android.location.ICountryDetector: android.location.Country detectCountry()>",
					"source":"FIELDCALLER"
				},
				{
					"trace":[
						"<android.location.ICountryListener$Stub: boolean onTransact(int,android.os.Parcel,android.os.Parcel,int)>",
						"<android.location.Address$1: java.lang.Object createFromParcel(android.os.Parcel)>",
						"<android.location.Address$1: android.location.Address createFromParcel(android.os.Parcel)>",
						"<android.location.Address: void <init>(java.util.Locale)>",
						"key field: <android.location.Address: boolean mHasLatitude>",
						"<android.location.Address: double getLatitude()>"
					],
					"depth":4,
					"method":"<android.location.ICountryListener$Stub: boolean onTransact(int,android.os.Parcel,android.os.Parcel,int)>",
					"source":"FIELDCALLER"
				},
				{
					"trace":[
						"<android.location.ILocationListener$Stub: boolean onTransact(int,android.os.Parcel,android.os.Parcel,int)>",
						"<android.location.Address$1: java.lang.Object createFromParcel(android.os.Parcel)>",
						"<android.location.Address$1: android.location.Address createFromParcel(android.os.Parcel)>",
						"<android.location.Address: void <init>(java.util.Locale)>",
						"key field: <android.location.Address: boolean mHasLatitude>",
						"<android.location.Address: double getLatitude()>"
					],
					"depth":4,
					"method":"<android.location.ILocationListener$Stub: boolean onTransact(int,android.os.Parcel,android.os.Parcel,int)>",
					"source":"FIELDCALLER"
				},
				{
					"trace":[
						"<android.view.inputmethod.ExtractedText$1: android.view.inputmethod.ExtractedText createFromParcel(android.os.Parcel)>",
						"<android.location.Address$1: java.lang.Object createFromParcel(android.os.Parcel)>",
						"<android.location.Address$1: android.location.Address createFromParcel(android.os.Parcel)>",
						"<android.location.Address: void <init>(java.util.Locale)>",
						"key field: <android.location.Address: boolean mHasLatitude>",
						"<android.location.Address: double getLatitude()>"
					],
					"depth":4,
					"method":"<android.view.inputmethod.ExtractedText$1: android.view.inputmethod.ExtractedText createFromParcel(android.os.Parcel)>",
					"source":"FIELDCALLER"
				},
				{
					"trace":[
						"<android.location.CountryDetector: android.location.Country detectCountry()>",
						"<android.location.ICountryDetector$Stub$Proxy: android.location.Country detectCountry()>",
						"<android.location.Address$1: java.lang.Object createFromParcel(android.os.Parcel)>",
						"<android.location.Address$1: android.location.Address createFromParcel(android.os.Parcel)>",
						"<android.location.Address: void <init>(java.util.Locale)>",
						"key field: <android.location.Address: boolean mHasLatitude>",
						"<android.location.Address: double getLatitude()>"
					],
					"depth":5,
					"method":"<android.location.CountryDetector: android.location.Country detectCountry()>",
					"source":"FIELDCALLER"
				},
				{
					"trace":[
						"<android.view.inputmethod.ExtractedText$1: java.lang.Object createFromParcel(android.os.Parcel)>",
						"<android.view.inputmethod.ExtractedText$1: android.view.inputmethod.ExtractedText createFromParcel(android.os.Parcel)>",
						"<android.location.Address$1: java.lang.Object createFromParcel(android.os.Parcel)>",
						"<android.location.Address$1: android.location.Address createFromParcel(android.os.Parcel)>",
						"<android.location.Address: void <init>(java.util.Locale)>",
						"key field: <android.location.Address: boolean mHasLatitude>",
						"<android.location.Address: double getLatitude()>"
					],
					"depth":5,
					"method":"<android.view.inputmethod.ExtractedText$1: java.lang.Object createFromParcel(android.os.Parcel)>",
					"source":"FIELDCALLER"
				},
				{
					"trace":[
						"<android.net.wifi.ScanResult$1: android.net.wifi.ScanResult createFromParcel(android.os.Parcel)>",
						"<android.view.inputmethod.ExtractedText$1: java.lang.Object createFromParcel(android.os.Parcel)>",
						"<android.view.inputmethod.ExtractedText$1: android.view.inputmethod.ExtractedText createFromParcel(android.os.Parcel)>",
						"<android.location.Address$1: java.lang.Object createFromParcel(android.os.Parcel)>",
						"<android.location.Address$1: android.location.Address createFromParcel(android.os.Parcel)>",
						"<android.location.Address: void <init>(java.util.Locale)>",
						"key field: <android.location.Address: boolean mHasLatitude>",
						"<android.location.Address: double getLatitude()>"
					],
					"depth":6,
					"method":"<android.net.wifi.ScanResult$1: android.net.wifi.ScanResult createFromParcel(android.os.Parcel)>",
					"source":"FIELDCALLER"
				},
				{
					"trace":[
						"<android.net.wifi.ScanResult$1: java.lang.Object createFromParcel(android.os.Parcel)>",
						"<android.net.wifi.ScanResult$1: android.net.wifi.ScanResult createFromParcel(android.os.Parcel)>",
						"<android.view.inputmethod.ExtractedText$1: java.lang.Object createFromParcel(android.os.Parcel)>",
						"<android.view.inputmethod.ExtractedText$1: android.view.inputmethod.ExtractedText createFromParcel(android.os.Parcel)>",
						"<android.location.Address$1: java.lang.Object createFromParcel(android.os.Parcel)>",
						"<android.location.Address$1: android.location.Address createFromParcel(android.os.Parcel)>",
						"<android.location.Address: void <init>(java.util.Locale)>",
						"key field: <android.location.Address: boolean mHasLatitude>",
						"<android.location.Address: double getLatitude()>"
					],
					"depth":7,
					"method":"<android.net.wifi.ScanResult$1: java.lang.Object createFromParcel(android.os.Parcel)>",
					"source":"FIELDCALLER"
				},
				{
					"trace":[
						"<com.android.internal.location.ProviderRequest$1: java.lang.Object createFromParcel(android.os.Parcel)>",
						"<com.android.internal.location.ProviderRequest$1: com.android.internal.location.ProviderRequest createFromParcel(android.os.Parcel)>",
						"<android.view.inputmethod.ExtractedText$1: java.lang.Object createFromParcel(android.os.Parcel)>",
						"<android.view.inputmethod.ExtractedText$1: android.view.inputmethod.ExtractedText createFromParcel(android.os.Parcel)>",
						"<android.location.Address$1: java.lang.Object createFromParcel(android.os.Parcel)>",
						"<android.location.Address$1: android.location.Address createFromParcel(android.os.Parcel)>",
						"<android.location.Address: void <init>(java.util.Locale)>",
						"key field: <android.location.Address: boolean mHasLatitude>",
						"<android.location.Address: double getLatitude()>"
					],
					"depth":7,
					"method":"<com.android.internal.location.ProviderRequest$1: java.lang.Object createFromParcel(android.os.Parcel)>",
					"source":"FIELDCALLER"
				},
				{
					"trace":[
						"<android.hardware.display.WifiDisplayStatus$1: java.lang.Object createFromParcel(android.os.Parcel)>",
						"<android.hardware.display.WifiDisplayStatus$1: android.hardware.display.WifiDisplayStatus createFromParcel(android.os.Parcel)>",
						"<android.view.inputmethod.ExtractedText$1: java.lang.Object createFromParcel(android.os.Parcel)>",
						"<android.view.inputmethod.ExtractedText$1: android.view.inputmethod.ExtractedText createFromParcel(android.os.Parcel)>",
						"<android.location.Address$1: java.lang.Object createFromParcel(android.os.Parcel)>",
						"<android.location.Address$1: android.location.Address createFromParcel(android.os.Parcel)>",
						"<android.location.Address: void <init>(java.util.Locale)>",
						"key field: <android.location.Address: boolean mHasLatitude>",
						"<android.location.Address: double getLatitude()>"
					],
					"depth":7,
					"method":"<android.hardware.display.WifiDisplayStatus$1: java.lang.Object createFromParcel(android.os.Parcel)>",
					"source":"FIELDCALLER"
				},
				{
					"trace":[
						"<android.view.PointerIcon$1: java.lang.Object createFromParcel(android.os.Parcel)>",
						"<android.view.PointerIcon$1: android.view.PointerIcon createFromParcel(android.os.Parcel)>",
						"<android.view.inputmethod.ExtractedText$1: java.lang.Object createFromParcel(android.os.Parcel)>",
						"<android.view.inputmethod.ExtractedText$1: android.view.inputmethod.ExtractedText createFromParcel(android.os.Parcel)>",
						"<android.location.Address$1: java.lang.Object createFromParcel(android.os.Parcel)>",
						"<android.location.Address$1: android.location.Address createFromParcel(android.os.Parcel)>",
						"<android.location.Address: void <init>(java.util.Locale)>",
						"key field: <android.location.Address: boolean mHasLatitude>",
						"<android.location.Address: double getLatitude()>"
					],
					"depth":7,
					"method":"<android.view.PointerIcon$1: java.lang.Object createFromParcel(android.os.Parcel)>",
					"source":"FIELDCALLER"
				},
				{
					"trace":[
						"<android.content.PeriodicSync$1: java.lang.Object createFromParcel(android.os.Parcel)>",
						"<android.content.PeriodicSync$1: android.content.PeriodicSync createFromParcel(android.os.Parcel)>",
						"<android.view.inputmethod.ExtractedText$1: java.lang.Object createFromParcel(android.os.Parcel)>",
						"<android.view.inputmethod.ExtractedText$1: android.view.inputmethod.ExtractedText createFromParcel(android.os.Parcel)>",
						"<android.location.Address$1: java.lang.Object createFromParcel(android.os.Parcel)>",
						"<android.location.Address$1: android.location.Address createFromParcel(android.os.Parcel)>",
						"<android.location.Address: void <init>(java.util.Locale)>",
						"key field: <android.location.Address: boolean mHasLatitude>",
						"<android.location.Address: double getLatitude()>"
					],
					"depth":7,
					"method":"<android.content.PeriodicSync$1: java.lang.Object createFromParcel(android.os.Parcel)>",
					"source":"FIELDCALLER"
				},
				{
					"trace":[
						"<android.net.wifi.WifiInfo$1: java.lang.Object createFromParcel(android.os.Parcel)>",
						"<android.net.wifi.WifiInfo$1: android.net.wifi.WifiInfo createFromParcel(android.os.Parcel)>",
						"<android.view.inputmethod.ExtractedText$1: java.lang.Object createFromParcel(android.os.Parcel)>",
						"<android.view.inputmethod.ExtractedText$1: android.view.inputmethod.ExtractedText createFromParcel(android.os.Parcel)>",
						"<android.location.Address$1: java.lang.Object createFromParcel(android.os.Parcel)>",
						"<android.location.Address$1: android.location.Address createFromParcel(android.os.Parcel)>",
						"<android.location.Address: void <init>(java.util.Locale)>",
						"key field: <android.location.Address: boolean mHasLatitude>",
						"<android.location.Address: double getLatitude()>"
					],
					"depth":7,
					"method":"<android.net.wifi.WifiInfo$1: java.lang.Object createFromParcel(android.os.Parcel)>",
					"source":"FIELDCALLER"
				},
				{
					"trace":[
						"<android.view.DragEvent$1: java.lang.Object createFromParcel(android.os.Parcel)>",
						"<android.view.DragEvent$1: android.view.DragEvent createFromParcel(android.os.Parcel)>",
						"<android.view.inputmethod.ExtractedText$1: java.lang.Object createFromParcel(android.os.Parcel)>",
						"<android.view.inputmethod.ExtractedText$1: android.view.inputmethod.ExtractedText createFromParcel(android.os.Parcel)>",
						"<android.location.Address$1: java.lang.Object createFromParcel(android.os.Parcel)>",
						"<android.location.Address$1: android.location.Address createFromParcel(android.os.Parcel)>",
						"<android.location.Address: void <init>(java.util.Locale)>",
						"key field: <android.location.Address: boolean mHasLatitude>",
						"<android.location.Address: double getLatitude()>"
					],
					"depth":7,
					"method":"<android.view.DragEvent$1: java.lang.Object createFromParcel(android.os.Parcel)>",
					"source":"FIELDCALLER"
				},
				{
					"trace":[
						"<android.net.wifi.p2p.WifiP2pDevice$1: java.lang.Object createFromParcel(android.os.Parcel)>",
						"<android.net.wifi.p2p.WifiP2pDevice$1: android.net.wifi.p2p.WifiP2pDevice createFromParcel(android.os.Parcel)>",
						"<android.view.inputmethod.ExtractedText$1: java.lang.Object createFromParcel(android.os.Parcel)>",
						"<android.view.inputmethod.ExtractedText$1: android.view.inputmethod.ExtractedText createFromParcel(android.os.Parcel)>",
						"<android.location.Address$1: java.lang.Object createFromParcel(android.os.Parcel)>",
						"<android.location.Address$1: android.location.Address createFromParcel(android.os.Parcel)>",
						"<android.location.Address: void <init>(java.util.Locale)>",
						"key field: <android.location.Address: boolean mHasLatitude>",
						"<android.location.Address: double getLatitude()>"
					],
					"depth":7,
					"method":"<android.net.wifi.p2p.WifiP2pDevice$1: java.lang.Object createFromParcel(android.os.Parcel)>",
					"source":"FIELDCALLER"
				},
				{
					"trace":[
						"<android.view.inputmethod.EditorInfo$1: java.lang.Object createFromParcel(android.os.Parcel)>",
						"<android.view.inputmethod.EditorInfo$1: android.view.inputmethod.EditorInfo createFromParcel(android.os.Parcel)>",
						"<android.view.inputmethod.ExtractedText$1: java.lang.Object createFromParcel(android.os.Parcel)>",
						"<android.view.inputmethod.ExtractedText$1: android.view.inputmethod.ExtractedText createFromParcel(android.os.Parcel)>",
						"<android.location.Address$1: java.lang.Object createFromParcel(android.os.Parcel)>",
						"<android.location.Address$1: android.location.Address createFromParcel(android.os.Parcel)>",
						"<android.location.Address: void <init>(java.util.Locale)>",
						"key field: <android.location.Address: boolean mHasLatitude>",
						"<android.location.Address: double getLatitude()>"
					],
					"depth":7,
					"method":"<android.view.inputmethod.EditorInfo$1: java.lang.Object createFromParcel(android.os.Parcel)>",
					"source":"FIELDCALLER"
				},
				{
					"trace":[
						"<com.android.internal.location.ProviderRequest$1: com.android.internal.location.ProviderRequest createFromParcel(android.os.Parcel)>",
						"<android.net.wifi.ScanResult$1: java.lang.Object createFromParcel(android.os.Parcel)>",
						"<android.net.wifi.ScanResult$1: android.net.wifi.ScanResult createFromParcel(android.os.Parcel)>",
						"<android.view.inputmethod.ExtractedText$1: java.lang.Object createFromParcel(android.os.Parcel)>",
						"<android.view.inputmethod.ExtractedText$1: android.view.inputmethod.ExtractedText createFromParcel(android.os.Parcel)>",
						"<android.location.Address$1: java.lang.Object createFromParcel(android.os.Parcel)>",
						"<android.location.Address$1: android.location.Address createFromParcel(android.os.Parcel)>",
						"<android.location.Address: void <init>(java.util.Locale)>",
						"key field: <android.location.Address: boolean mHasLatitude>",
						"<android.location.Address: double getLatitude()>"
					],
					"depth":8,
					"method":"<com.android.internal.location.ProviderRequest$1: com.android.internal.location.ProviderRequest createFromParcel(android.os.Parcel)>",
					"source":"FIELDCALLER"
				},
				{
					"trace":[
						"<android.hardware.display.WifiDisplayStatus$1: android.hardware.display.WifiDisplayStatus createFromParcel(android.os.Parcel)>",
						"<android.net.wifi.ScanResult$1: java.lang.Object createFromParcel(android.os.Parcel)>",
						"<android.net.wifi.ScanResult$1: android.net.wifi.ScanResult createFromParcel(android.os.Parcel)>",
						"<android.view.inputmethod.ExtractedText$1: java.lang.Object createFromParcel(android.os.Parcel)>",
						"<android.view.inputmethod.ExtractedText$1: android.view.inputmethod.ExtractedText createFromParcel(android.os.Parcel)>",
						"<android.location.Address$1: java.lang.Object createFromParcel(android.os.Parcel)>",
						"<android.location.Address$1: android.location.Address createFromParcel(android.os.Parcel)>",
						"<android.location.Address: void <init>(java.util.Locale)>",
						"key field: <android.location.Address: boolean mHasLatitude>",
						"<android.location.Address: double getLatitude()>"
					],
					"depth":8,
					"method":"<android.hardware.display.WifiDisplayStatus$1: android.hardware.display.WifiDisplayStatus createFromParcel(android.os.Parcel)>",
					"source":"FIELDCALLER"
				},
				{
					"trace":[
						"<android.view.PointerIcon$1: android.view.PointerIcon createFromParcel(android.os.Parcel)>",
						"<android.net.wifi.ScanResult$1: java.lang.Object createFromParcel(android.os.Parcel)>",
						"<android.net.wifi.ScanResult$1: android.net.wifi.ScanResult createFromParcel(android.os.Parcel)>",
						"<android.view.inputmethod.ExtractedText$1: java.lang.Object createFromParcel(android.os.Parcel)>",
						"<android.view.inputmethod.ExtractedText$1: android.view.inputmethod.ExtractedText createFromParcel(android.os.Parcel)>",
						"<android.location.Address$1: java.lang.Object createFromParcel(android.os.Parcel)>",
						"<android.location.Address$1: android.location.Address createFromParcel(android.os.Parcel)>",
						"<android.location.Address: void <init>(java.util.Locale)>",
						"key field: <android.location.Address: boolean mHasLatitude>",
						"<android.location.Address: double getLatitude()>"
					],
					"depth":8,
					"method":"<android.view.PointerIcon$1: android.view.PointerIcon createFromParcel(android.os.Parcel)>",
					"source":"FIELDCALLER"
				},
				{
					"trace":[
						"<android.content.PeriodicSync$1: android.content.PeriodicSync createFromParcel(android.os.Parcel)>",
						"<android.net.wifi.ScanResult$1: java.lang.Object createFromParcel(android.os.Parcel)>",
						"<android.net.wifi.ScanResult$1: android.net.wifi.ScanResult createFromParcel(android.os.Parcel)>",
						"<android.view.inputmethod.ExtractedText$1: java.lang.Object createFromParcel(android.os.Parcel)>",
						"<android.view.inputmethod.ExtractedText$1: android.view.inputmethod.ExtractedText createFromParcel(android.os.Parcel)>",
						"<android.location.Address$1: java.lang.Object createFromParcel(android.os.Parcel)>",
						"<android.location.Address$1: android.location.Address createFromParcel(android.os.Parcel)>",
						"<android.location.Address: void <init>(java.util.Locale)>",
						"key field: <android.location.Address: boolean mHasLatitude>",
						"<android.location.Address: double getLatitude()>"
					],
					"depth":8,
					"method":"<android.content.PeriodicSync$1: android.content.PeriodicSync createFromParcel(android.os.Parcel)>",
					"source":"FIELDCALLER"
				},
				{
					"trace":[
						"<android.net.wifi.WifiInfo$1: android.net.wifi.WifiInfo createFromParcel(android.os.Parcel)>",
						"<android.net.wifi.ScanResult$1: java.lang.Object createFromParcel(android.os.Parcel)>",
						"<android.net.wifi.ScanResult$1: android.net.wifi.ScanResult createFromParcel(android.os.Parcel)>",
						"<android.view.inputmethod.ExtractedText$1: java.lang.Object createFromParcel(android.os.Parcel)>",
						"<android.view.inputmethod.ExtractedText$1: android.view.inputmethod.ExtractedText createFromParcel(android.os.Parcel)>",
						"<android.location.Address$1: java.lang.Object createFromParcel(android.os.Parcel)>",
						"<android.location.Address$1: android.location.Address createFromParcel(android.os.Parcel)>",
						"<android.location.Address: void <init>(java.util.Locale)>",
						"key field: <android.location.Address: boolean mHasLatitude>",
						"<android.location.Address: double getLatitude()>"
					],
					"depth":8,
					"method":"<android.net.wifi.WifiInfo$1: android.net.wifi.WifiInfo createFromParcel(android.os.Parcel)>",
					"source":"FIELDCALLER"
				},
				{
					"trace":[
						"<android.view.DragEvent$1: android.view.DragEvent createFromParcel(android.os.Parcel)>",
						"<android.net.wifi.ScanResult$1: java.lang.Object createFromParcel(android.os.Parcel)>",
						"<android.net.wifi.ScanResult$1: android.net.wifi.ScanResult createFromParcel(android.os.Parcel)>",
						"<android.view.inputmethod.ExtractedText$1: java.lang.Object createFromParcel(android.os.Parcel)>",
						"<android.view.inputmethod.ExtractedText$1: android.view.inputmethod.ExtractedText createFromParcel(android.os.Parcel)>",
						"<android.location.Address$1: java.lang.Object createFromParcel(android.os.Parcel)>",
						"<android.location.Address$1: android.location.Address createFromParcel(android.os.Parcel)>",
						"<android.location.Address: void <init>(java.util.Locale)>",
						"key field: <android.location.Address: boolean mHasLatitude>",
						"<android.location.Address: double getLatitude()>"
					],
					"depth":8,
					"method":"<android.view.DragEvent$1: android.view.DragEvent createFromParcel(android.os.Parcel)>",
					"source":"FIELDCALLER"
				},
				{
					"trace":[
						"<android.net.wifi.p2p.WifiP2pDevice$1: android.net.wifi.p2p.WifiP2pDevice createFromParcel(android.os.Parcel)>",
						"<android.net.wifi.ScanResult$1: java.lang.Object createFromParcel(android.os.Parcel)>",
						"<android.net.wifi.ScanResult$1: android.net.wifi.ScanResult createFromParcel(android.os.Parcel)>",
						"<android.view.inputmethod.ExtractedText$1: java.lang.Object createFromParcel(android.os.Parcel)>",
						"<android.view.inputmethod.ExtractedText$1: android.view.inputmethod.ExtractedText createFromParcel(android.os.Parcel)>",
						"<android.location.Address$1: java.lang.Object createFromParcel(android.os.Parcel)>",
						"<android.location.Address$1: android.location.Address createFromParcel(android.os.Parcel)>",
						"<android.location.Address: void <init>(java.util.Locale)>",
						"key field: <android.location.Address: boolean mHasLatitude>",
						"<android.location.Address: double getLatitude()>"
					],
					"depth":8,
					"method":"<android.net.wifi.p2p.WifiP2pDevice$1: android.net.wifi.p2p.WifiP2pDevice createFromParcel(android.os.Parcel)>",
					"source":"FIELDCALLER"
				},
				{
					"trace":[
						"<android.view.inputmethod.EditorInfo$1: android.view.inputmethod.EditorInfo createFromParcel(android.os.Parcel)>",
						"<android.net.wifi.ScanResult$1: java.lang.Object createFromParcel(android.os.Parcel)>",
						"<android.net.wifi.ScanResult$1: android.net.wifi.ScanResult createFromParcel(android.os.Parcel)>",
						"<android.view.inputmethod.ExtractedText$1: java.lang.Object createFromParcel(android.os.Parcel)>",
						"<android.view.inputmethod.ExtractedText$1: android.view.inputmethod.ExtractedText createFromParcel(android.os.Parcel)>",
						"<android.location.Address$1: java.lang.Object createFromParcel(android.os.Parcel)>",
						"<android.location.Address$1: android.location.Address createFromParcel(android.os.Parcel)>",
						"<android.location.Address: void <init>(java.util.Locale)>",
						"key field: <android.location.Address: boolean mHasLatitude>",
						"<android.location.Address: double getLatitude()>"
					],
					"depth":8,
					"method":"<android.view.inputmethod.EditorInfo$1: android.view.inputmethod.EditorInfo createFromParcel(android.os.Parcel)>",
					"source":"FIELDCALLER"
				}
			],
			"callerOfSingnlar2SourceVar":{}
		},
		{
			"method":"<android.location.Address: double getLongitude()>",
			"message":"[\\s\\S]*",
			"relatedVarType":"Field",
			"relatedCondType":"Basic",
			"modifier":"public",
			"type":"java.lang.IllegalStateException",
			"osVersionRelated":false,
			"resourceRelated":false,
			"assessRelated":false,
			"hardwareRelated":false,
			"manifestRelated":false,
			"conditions":"$z0 == 0",
			"fieldValues":"<android.location.Address: boolean mHasLongitude>",
			"relatedValues":"; <android.location.Address: boolean mHasLongitude>; ",
			"keyAPISameClassNum":3,
			"keyAPIDiffClassNum":28,
			"keyAPISameClass":[
				{
					"trace":[
						"<android.location.Address: double getLongitude()>"
					],
					"depth":1,
					"method":"<android.location.Address: void <init>(java.util.Locale)>",
					"source":"FIELD"
				},
				{
					"trace":[
						"<android.location.Address: double getLongitude()>"
					],
					"depth":1,
					"method":"<android.location.Address: void clearLongitude()>",
					"source":"FIELD"
				},
				{
					"trace":[
						"<android.location.Address: double getLongitude()>"
					],
					"depth":1,
					"method":"<android.location.Address: void setLongitude(double)>",
					"source":"FIELD"
				}
			],
			"keyAPIDiffClass":[
				{
					"trace":[
						"<android.location.Address$1: android.location.Address createFromParcel(android.os.Parcel)>",
						"<android.location.Address: void <init>(java.util.Locale)>",
						"key field: <android.location.Address: boolean mHasLongitude>",
						"<android.location.Address: double getLongitude()>"
					],
					"depth":2,
					"method":"<android.location.Address$1: android.location.Address createFromParcel(android.os.Parcel)>",
					"source":"FIELDCALLER"
				},
				{
					"trace":[
						"<android.os.Parcelable$Creator: java.lang.Object createFromParcel(android.os.Parcel)>",
						"<android.location.Address: void <init>(java.util.Locale)>",
						"key field: <android.location.Address: boolean mHasLongitude>",
						"<android.location.Address: double getLongitude()>"
					],
					"depth":2,
					"method":"<android.os.Parcelable$Creator: java.lang.Object createFromParcel(android.os.Parcel)>",
					"source":"FIELDCALLER"
				},
				{
					"trace":[
						"<android.location.Address$1: java.lang.Object createFromParcel(android.os.Parcel)>",
						"<android.location.Address$1: android.location.Address createFromParcel(android.os.Parcel)>",
						"<android.location.Address: void <init>(java.util.Locale)>",
						"key field: <android.location.Address: boolean mHasLongitude>",
						"<android.location.Address: double getLongitude()>"
					],
					"depth":3,
					"method":"<android.location.Address$1: java.lang.Object createFromParcel(android.os.Parcel)>",
					"source":"FIELDCALLER"
				},
				{
					"trace":[
						"<android.location.ICountryDetector$Stub$Proxy: android.location.Country detectCountry()>",
						"<android.location.Address$1: java.lang.Object createFromParcel(android.os.Parcel)>",
						"<android.location.Address$1: android.location.Address createFromParcel(android.os.Parcel)>",
						"<android.location.Address: void <init>(java.util.Locale)>",
						"key field: <android.location.Address: boolean mHasLongitude>",
						"<android.location.Address: double getLongitude()>"
					],
					"depth":4,
					"method":"<android.location.ICountryDetector$Stub$Proxy: android.location.Country detectCountry()>",
					"source":"FIELDCALLER"
				},
				{
					"trace":[
						"<android.location.ICountryDetector: android.location.Country detectCountry()>",
						"<android.location.Address$1: java.lang.Object createFromParcel(android.os.Parcel)>",
						"<android.location.Address$1: android.location.Address createFromParcel(android.os.Parcel)>",
						"<android.location.Address: void <init>(java.util.Locale)>",
						"key field: <android.location.Address: boolean mHasLongitude>",
						"<android.location.Address: double getLongitude()>"
					],
					"depth":4,
					"method":"<android.location.ICountryDetector: android.location.Country detectCountry()>",
					"source":"FIELDCALLER"
				},
				{
					"trace":[
						"<android.location.ICountryListener$Stub: boolean onTransact(int,android.os.Parcel,android.os.Parcel,int)>",
						"<android.location.Address$1: java.lang.Object createFromParcel(android.os.Parcel)>",
						"<android.location.Address$1: android.location.Address createFromParcel(android.os.Parcel)>",
						"<android.location.Address: void <init>(java.util.Locale)>",
						"key field: <android.location.Address: boolean mHasLongitude>",
						"<android.location.Address: double getLongitude()>"
					],
					"depth":4,
					"method":"<android.location.ICountryListener$Stub: boolean onTransact(int,android.os.Parcel,android.os.Parcel,int)>",
					"source":"FIELDCALLER"
				},
				{
					"trace":[
						"<android.location.ILocationListener$Stub: boolean onTransact(int,android.os.Parcel,android.os.Parcel,int)>",
						"<android.location.Address$1: java.lang.Object createFromParcel(android.os.Parcel)>",
						"<android.location.Address$1: android.location.Address createFromParcel(android.os.Parcel)>",
						"<android.location.Address: void <init>(java.util.Locale)>",
						"key field: <android.location.Address: boolean mHasLongitude>",
						"<android.location.Address: double getLongitude()>"
					],
					"depth":4,
					"method":"<android.location.ILocationListener$Stub: boolean onTransact(int,android.os.Parcel,android.os.Parcel,int)>",
					"source":"FIELDCALLER"
				},
				{
					"trace":[
						"<android.view.inputmethod.ExtractedText$1: android.view.inputmethod.ExtractedText createFromParcel(android.os.Parcel)>",
						"<android.location.Address$1: java.lang.Object createFromParcel(android.os.Parcel)>",
						"<android.location.Address$1: android.location.Address createFromParcel(android.os.Parcel)>",
						"<android.location.Address: void <init>(java.util.Locale)>",
						"key field: <android.location.Address: boolean mHasLongitude>",
						"<android.location.Address: double getLongitude()>"
					],
					"depth":4,
					"method":"<android.view.inputmethod.ExtractedText$1: android.view.inputmethod.ExtractedText createFromParcel(android.os.Parcel)>",
					"source":"FIELDCALLER"
				},
				{
					"trace":[
						"<android.location.CountryDetector: android.location.Country detectCountry()>",
						"<android.location.ICountryDetector$Stub$Proxy: android.location.Country detectCountry()>",
						"<android.location.Address$1: java.lang.Object createFromParcel(android.os.Parcel)>",
						"<android.location.Address$1: android.location.Address createFromParcel(android.os.Parcel)>",
						"<android.location.Address: void <init>(java.util.Locale)>",
						"key field: <android.location.Address: boolean mHasLongitude>",
						"<android.location.Address: double getLongitude()>"
					],
					"depth":5,
					"method":"<android.location.CountryDetector: android.location.Country detectCountry()>",
					"source":"FIELDCALLER"
				},
				{
					"trace":[
						"<android.view.inputmethod.ExtractedText$1: java.lang.Object createFromParcel(android.os.Parcel)>",
						"<android.view.inputmethod.ExtractedText$1: android.view.inputmethod.ExtractedText createFromParcel(android.os.Parcel)>",
						"<android.location.Address$1: java.lang.Object createFromParcel(android.os.Parcel)>",
						"<android.location.Address$1: android.location.Address createFromParcel(android.os.Parcel)>",
						"<android.location.Address: void <init>(java.util.Locale)>",
						"key field: <android.location.Address: boolean mHasLongitude>",
						"<android.location.Address: double getLongitude()>"
					],
					"depth":5,
					"method":"<android.view.inputmethod.ExtractedText$1: java.lang.Object createFromParcel(android.os.Parcel)>",
					"source":"FIELDCALLER"
				},
				{
					"trace":[
						"<android.net.wifi.ScanResult$1: android.net.wifi.ScanResult createFromParcel(android.os.Parcel)>",
						"<android.view.inputmethod.ExtractedText$1: java.lang.Object createFromParcel(android.os.Parcel)>",
						"<android.view.inputmethod.ExtractedText$1: android.view.inputmethod.ExtractedText createFromParcel(android.os.Parcel)>",
						"<android.location.Address$1: java.lang.Object createFromParcel(android.os.Parcel)>",
						"<android.location.Address$1: android.location.Address createFromParcel(android.os.Parcel)>",
						"<android.location.Address: void <init>(java.util.Locale)>",
						"key field: <android.location.Address: boolean mHasLongitude>",
						"<android.location.Address: double getLongitude()>"
					],
					"depth":6,
					"method":"<android.net.wifi.ScanResult$1: android.net.wifi.ScanResult createFromParcel(android.os.Parcel)>",
					"source":"FIELDCALLER"
				},
				{
					"trace":[
						"<android.net.wifi.ScanResult$1: java.lang.Object createFromParcel(android.os.Parcel)>",
						"<android.net.wifi.ScanResult$1: android.net.wifi.ScanResult createFromParcel(android.os.Parcel)>",
						"<android.view.inputmethod.ExtractedText$1: java.lang.Object createFromParcel(android.os.Parcel)>",
						"<android.view.inputmethod.ExtractedText$1: android.view.inputmethod.ExtractedText createFromParcel(android.os.Parcel)>",
						"<android.location.Address$1: java.lang.Object createFromParcel(android.os.Parcel)>",
						"<android.location.Address$1: android.location.Address createFromParcel(android.os.Parcel)>",
						"<android.location.Address: void <init>(java.util.Locale)>",
						"key field: <android.location.Address: boolean mHasLongitude>",
						"<android.location.Address: double getLongitude()>"
					],
					"depth":7,
					"method":"<android.net.wifi.ScanResult$1: java.lang.Object createFromParcel(android.os.Parcel)>",
					"source":"FIELDCALLER"
				},
				{
					"trace":[
						"<com.android.internal.location.ProviderRequest$1: java.lang.Object createFromParcel(android.os.Parcel)>",
						"<com.android.internal.location.ProviderRequest$1: com.android.internal.location.ProviderRequest createFromParcel(android.os.Parcel)>",
						"<android.view.inputmethod.ExtractedText$1: java.lang.Object createFromParcel(android.os.Parcel)>",
						"<android.view.inputmethod.ExtractedText$1: android.view.inputmethod.ExtractedText createFromParcel(android.os.Parcel)>",
						"<android.location.Address$1: java.lang.Object createFromParcel(android.os.Parcel)>",
						"<android.location.Address$1: android.location.Address createFromParcel(android.os.Parcel)>",
						"<android.location.Address: void <init>(java.util.Locale)>",
						"key field: <android.location.Address: boolean mHasLongitude>",
						"<android.location.Address: double getLongitude()>"
					],
					"depth":7,
					"method":"<com.android.internal.location.ProviderRequest$1: java.lang.Object createFromParcel(android.os.Parcel)>",
					"source":"FIELDCALLER"
				},
				{
					"trace":[
						"<android.hardware.display.WifiDisplayStatus$1: java.lang.Object createFromParcel(android.os.Parcel)>",
						"<android.hardware.display.WifiDisplayStatus$1: android.hardware.display.WifiDisplayStatus createFromParcel(android.os.Parcel)>",
						"<android.view.inputmethod.ExtractedText$1: java.lang.Object createFromParcel(android.os.Parcel)>",
						"<android.view.inputmethod.ExtractedText$1: android.view.inputmethod.ExtractedText createFromParcel(android.os.Parcel)>",
						"<android.location.Address$1: java.lang.Object createFromParcel(android.os.Parcel)>",
						"<android.location.Address$1: android.location.Address createFromParcel(android.os.Parcel)>",
						"<android.location.Address: void <init>(java.util.Locale)>",
						"key field: <android.location.Address: boolean mHasLongitude>",
						"<android.location.Address: double getLongitude()>"
					],
					"depth":7,
					"method":"<android.hardware.display.WifiDisplayStatus$1: java.lang.Object createFromParcel(android.os.Parcel)>",
					"source":"FIELDCALLER"
				},
				{
					"trace":[
						"<android.view.PointerIcon$1: java.lang.Object createFromParcel(android.os.Parcel)>",
						"<android.view.PointerIcon$1: android.view.PointerIcon createFromParcel(android.os.Parcel)>",
						"<android.view.inputmethod.ExtractedText$1: java.lang.Object createFromParcel(android.os.Parcel)>",
						"<android.view.inputmethod.ExtractedText$1: android.view.inputmethod.ExtractedText createFromParcel(android.os.Parcel)>",
						"<android.location.Address$1: java.lang.Object createFromParcel(android.os.Parcel)>",
						"<android.location.Address$1: android.location.Address createFromParcel(android.os.Parcel)>",
						"<android.location.Address: void <init>(java.util.Locale)>",
						"key field: <android.location.Address: boolean mHasLongitude>",
						"<android.location.Address: double getLongitude()>"
					],
					"depth":7,
					"method":"<android.view.PointerIcon$1: java.lang.Object createFromParcel(android.os.Parcel)>",
					"source":"FIELDCALLER"
				},
				{
					"trace":[
						"<android.content.PeriodicSync$1: java.lang.Object createFromParcel(android.os.Parcel)>",
						"<android.content.PeriodicSync$1: android.content.PeriodicSync createFromParcel(android.os.Parcel)>",
						"<android.view.inputmethod.ExtractedText$1: java.lang.Object createFromParcel(android.os.Parcel)>",
						"<android.view.inputmethod.ExtractedText$1: android.view.inputmethod.ExtractedText createFromParcel(android.os.Parcel)>",
						"<android.location.Address$1: java.lang.Object createFromParcel(android.os.Parcel)>",
						"<android.location.Address$1: android.location.Address createFromParcel(android.os.Parcel)>",
						"<android.location.Address: void <init>(java.util.Locale)>",
						"key field: <android.location.Address: boolean mHasLongitude>",
						"<android.location.Address: double getLongitude()>"
					],
					"depth":7,
					"method":"<android.content.PeriodicSync$1: java.lang.Object createFromParcel(android.os.Parcel)>",
					"source":"FIELDCALLER"
				},
				{
					"trace":[
						"<android.net.wifi.WifiInfo$1: java.lang.Object createFromParcel(android.os.Parcel)>",
						"<android.net.wifi.WifiInfo$1: android.net.wifi.WifiInfo createFromParcel(android.os.Parcel)>",
						"<android.view.inputmethod.ExtractedText$1: java.lang.Object createFromParcel(android.os.Parcel)>",
						"<android.view.inputmethod.ExtractedText$1: android.view.inputmethod.ExtractedText createFromParcel(android.os.Parcel)>",
						"<android.location.Address$1: java.lang.Object createFromParcel(android.os.Parcel)>",
						"<android.location.Address$1: android.location.Address createFromParcel(android.os.Parcel)>",
						"<android.location.Address: void <init>(java.util.Locale)>",
						"key field: <android.location.Address: boolean mHasLongitude>",
						"<android.location.Address: double getLongitude()>"
					],
					"depth":7,
					"method":"<android.net.wifi.WifiInfo$1: java.lang.Object createFromParcel(android.os.Parcel)>",
					"source":"FIELDCALLER"
				},
				{
					"trace":[
						"<android.view.DragEvent$1: java.lang.Object createFromParcel(android.os.Parcel)>",
						"<android.view.DragEvent$1: android.view.DragEvent createFromParcel(android.os.Parcel)>",
						"<android.view.inputmethod.ExtractedText$1: java.lang.Object createFromParcel(android.os.Parcel)>",
						"<android.view.inputmethod.ExtractedText$1: android.view.inputmethod.ExtractedText createFromParcel(android.os.Parcel)>",
						"<android.location.Address$1: java.lang.Object createFromParcel(android.os.Parcel)>",
						"<android.location.Address$1: android.location.Address createFromParcel(android.os.Parcel)>",
						"<android.location.Address: void <init>(java.util.Locale)>",
						"key field: <android.location.Address: boolean mHasLongitude>",
						"<android.location.Address: double getLongitude()>"
					],
					"depth":7,
					"method":"<android.view.DragEvent$1: java.lang.Object createFromParcel(android.os.Parcel)>",
					"source":"FIELDCALLER"
				},
				{
					"trace":[
						"<android.net.wifi.p2p.WifiP2pDevice$1: java.lang.Object createFromParcel(android.os.Parcel)>",
						"<android.net.wifi.p2p.WifiP2pDevice$1: android.net.wifi.p2p.WifiP2pDevice createFromParcel(android.os.Parcel)>",
						"<android.view.inputmethod.ExtractedText$1: java.lang.Object createFromParcel(android.os.Parcel)>",
						"<android.view.inputmethod.ExtractedText$1: android.view.inputmethod.ExtractedText createFromParcel(android.os.Parcel)>",
						"<android.location.Address$1: java.lang.Object createFromParcel(android.os.Parcel)>",
						"<android.location.Address$1: android.location.Address createFromParcel(android.os.Parcel)>",
						"<android.location.Address: void <init>(java.util.Locale)>",
						"key field: <android.location.Address: boolean mHasLongitude>",
						"<android.location.Address: double getLongitude()>"
					],
					"depth":7,
					"method":"<android.net.wifi.p2p.WifiP2pDevice$1: java.lang.Object createFromParcel(android.os.Parcel)>",
					"source":"FIELDCALLER"
				},
				{
					"trace":[
						"<android.view.inputmethod.EditorInfo$1: java.lang.Object createFromParcel(android.os.Parcel)>",
						"<android.view.inputmethod.EditorInfo$1: android.view.inputmethod.EditorInfo createFromParcel(android.os.Parcel)>",
						"<android.view.inputmethod.ExtractedText$1: java.lang.Object createFromParcel(android.os.Parcel)>",
						"<android.view.inputmethod.ExtractedText$1: android.view.inputmethod.ExtractedText createFromParcel(android.os.Parcel)>",
						"<android.location.Address$1: java.lang.Object createFromParcel(android.os.Parcel)>",
						"<android.location.Address$1: android.location.Address createFromParcel(android.os.Parcel)>",
						"<android.location.Address: void <init>(java.util.Locale)>",
						"key field: <android.location.Address: boolean mHasLongitude>",
						"<android.location.Address: double getLongitude()>"
					],
					"depth":7,
					"method":"<android.view.inputmethod.EditorInfo$1: java.lang.Object createFromParcel(android.os.Parcel)>",
					"source":"FIELDCALLER"
				},
				{
					"trace":[
						"<com.android.internal.location.ProviderRequest$1: com.android.internal.location.ProviderRequest createFromParcel(android.os.Parcel)>",
						"<android.net.wifi.ScanResult$1: java.lang.Object createFromParcel(android.os.Parcel)>",
						"<android.net.wifi.ScanResult$1: android.net.wifi.ScanResult createFromParcel(android.os.Parcel)>",
						"<android.view.inputmethod.ExtractedText$1: java.lang.Object createFromParcel(android.os.Parcel)>",
						"<android.view.inputmethod.ExtractedText$1: android.view.inputmethod.ExtractedText createFromParcel(android.os.Parcel)>",
						"<android.location.Address$1: java.lang.Object createFromParcel(android.os.Parcel)>",
						"<android.location.Address$1: android.location.Address createFromParcel(android.os.Parcel)>",
						"<android.location.Address: void <init>(java.util.Locale)>",
						"key field: <android.location.Address: boolean mHasLongitude>",
						"<android.location.Address: double getLongitude()>"
					],
					"depth":8,
					"method":"<com.android.internal.location.ProviderRequest$1: com.android.internal.location.ProviderRequest createFromParcel(android.os.Parcel)>",
					"source":"FIELDCALLER"
				},
				{
					"trace":[
						"<android.hardware.display.WifiDisplayStatus$1: android.hardware.display.WifiDisplayStatus createFromParcel(android.os.Parcel)>",
						"<android.net.wifi.ScanResult$1: java.lang.Object createFromParcel(android.os.Parcel)>",
						"<android.net.wifi.ScanResult$1: android.net.wifi.ScanResult createFromParcel(android.os.Parcel)>",
						"<android.view.inputmethod.ExtractedText$1: java.lang.Object createFromParcel(android.os.Parcel)>",
						"<android.view.inputmethod.ExtractedText$1: android.view.inputmethod.ExtractedText createFromParcel(android.os.Parcel)>",
						"<android.location.Address$1: java.lang.Object createFromParcel(android.os.Parcel)>",
						"<android.location.Address$1: android.location.Address createFromParcel(android.os.Parcel)>",
						"<android.location.Address: void <init>(java.util.Locale)>",
						"key field: <android.location.Address: boolean mHasLongitude>",
						"<android.location.Address: double getLongitude()>"
					],
					"depth":8,
					"method":"<android.hardware.display.WifiDisplayStatus$1: android.hardware.display.WifiDisplayStatus createFromParcel(android.os.Parcel)>",
					"source":"FIELDCALLER"
				},
				{
					"trace":[
						"<android.view.PointerIcon$1: android.view.PointerIcon createFromParcel(android.os.Parcel)>",
						"<android.net.wifi.ScanResult$1: java.lang.Object createFromParcel(android.os.Parcel)>",
						"<android.net.wifi.ScanResult$1: android.net.wifi.ScanResult createFromParcel(android.os.Parcel)>",
						"<android.view.inputmethod.ExtractedText$1: java.lang.Object createFromParcel(android.os.Parcel)>",
						"<android.view.inputmethod.ExtractedText$1: android.view.inputmethod.ExtractedText createFromParcel(android.os.Parcel)>",
						"<android.location.Address$1: java.lang.Object createFromParcel(android.os.Parcel)>",
						"<android.location.Address$1: android.location.Address createFromParcel(android.os.Parcel)>",
						"<android.location.Address: void <init>(java.util.Locale)>",
						"key field: <android.location.Address: boolean mHasLongitude>",
						"<android.location.Address: double getLongitude()>"
					],
					"depth":8,
					"method":"<android.view.PointerIcon$1: android.view.PointerIcon createFromParcel(android.os.Parcel)>",
					"source":"FIELDCALLER"
				},
				{
					"trace":[
						"<android.content.PeriodicSync$1: android.content.PeriodicSync createFromParcel(android.os.Parcel)>",
						"<android.net.wifi.ScanResult$1: java.lang.Object createFromParcel(android.os.Parcel)>",
						"<android.net.wifi.ScanResult$1: android.net.wifi.ScanResult createFromParcel(android.os.Parcel)>",
						"<android.view.inputmethod.ExtractedText$1: java.lang.Object createFromParcel(android.os.Parcel)>",
						"<android.view.inputmethod.ExtractedText$1: android.view.inputmethod.ExtractedText createFromParcel(android.os.Parcel)>",
						"<android.location.Address$1: java.lang.Object createFromParcel(android.os.Parcel)>",
						"<android.location.Address$1: android.location.Address createFromParcel(android.os.Parcel)>",
						"<android.location.Address: void <init>(java.util.Locale)>",
						"key field: <android.location.Address: boolean mHasLongitude>",
						"<android.location.Address: double getLongitude()>"
					],
					"depth":8,
					"method":"<android.content.PeriodicSync$1: android.content.PeriodicSync createFromParcel(android.os.Parcel)>",
					"source":"FIELDCALLER"
				},
				{
					"trace":[
						"<android.net.wifi.WifiInfo$1: android.net.wifi.WifiInfo createFromParcel(android.os.Parcel)>",
						"<android.net.wifi.ScanResult$1: java.lang.Object createFromParcel(android.os.Parcel)>",
						"<android.net.wifi.ScanResult$1: android.net.wifi.ScanResult createFromParcel(android.os.Parcel)>",
						"<android.view.inputmethod.ExtractedText$1: java.lang.Object createFromParcel(android.os.Parcel)>",
						"<android.view.inputmethod.ExtractedText$1: android.view.inputmethod.ExtractedText createFromParcel(android.os.Parcel)>",
						"<android.location.Address$1: java.lang.Object createFromParcel(android.os.Parcel)>",
						"<android.location.Address$1: android.location.Address createFromParcel(android.os.Parcel)>",
						"<android.location.Address: void <init>(java.util.Locale)>",
						"key field: <android.location.Address: boolean mHasLongitude>",
						"<android.location.Address: double getLongitude()>"
					],
					"depth":8,
					"method":"<android.net.wifi.WifiInfo$1: android.net.wifi.WifiInfo createFromParcel(android.os.Parcel)>",
					"source":"FIELDCALLER"
				},
				{
					"trace":[
						"<android.view.DragEvent$1: android.view.DragEvent createFromParcel(android.os.Parcel)>",
						"<android.net.wifi.ScanResult$1: java.lang.Object createFromParcel(android.os.Parcel)>",
						"<android.net.wifi.ScanResult$1: android.net.wifi.ScanResult createFromParcel(android.os.Parcel)>",
						"<android.view.inputmethod.ExtractedText$1: java.lang.Object createFromParcel(android.os.Parcel)>",
						"<android.view.inputmethod.ExtractedText$1: android.view.inputmethod.ExtractedText createFromParcel(android.os.Parcel)>",
						"<android.location.Address$1: java.lang.Object createFromParcel(android.os.Parcel)>",
						"<android.location.Address$1: android.location.Address createFromParcel(android.os.Parcel)>",
						"<android.location.Address: void <init>(java.util.Locale)>",
						"key field: <android.location.Address: boolean mHasLongitude>",
						"<android.location.Address: double getLongitude()>"
					],
					"depth":8,
					"method":"<android.view.DragEvent$1: android.view.DragEvent createFromParcel(android.os.Parcel)>",
					"source":"FIELDCALLER"
				},
				{
					"trace":[
						"<android.net.wifi.p2p.WifiP2pDevice$1: android.net.wifi.p2p.WifiP2pDevice createFromParcel(android.os.Parcel)>",
						"<android.net.wifi.ScanResult$1: java.lang.Object createFromParcel(android.os.Parcel)>",
						"<android.net.wifi.ScanResult$1: android.net.wifi.ScanResult createFromParcel(android.os.Parcel)>",
						"<android.view.inputmethod.ExtractedText$1: java.lang.Object createFromParcel(android.os.Parcel)>",
						"<android.view.inputmethod.ExtractedText$1: android.view.inputmethod.ExtractedText createFromParcel(android.os.Parcel)>",
						"<android.location.Address$1: java.lang.Object createFromParcel(android.os.Parcel)>",
						"<android.location.Address$1: android.location.Address createFromParcel(android.os.Parcel)>",
						"<android.location.Address: void <init>(java.util.Locale)>",
						"key field: <android.location.Address: boolean mHasLongitude>",
						"<android.location.Address: double getLongitude()>"
					],
					"depth":8,
					"method":"<android.net.wifi.p2p.WifiP2pDevice$1: android.net.wifi.p2p.WifiP2pDevice createFromParcel(android.os.Parcel)>",
					"source":"FIELDCALLER"
				},
				{
					"trace":[
						"<android.view.inputmethod.EditorInfo$1: android.view.inputmethod.EditorInfo createFromParcel(android.os.Parcel)>",
						"<android.net.wifi.ScanResult$1: java.lang.Object createFromParcel(android.os.Parcel)>",
						"<android.net.wifi.ScanResult$1: android.net.wifi.ScanResult createFromParcel(android.os.Parcel)>",
						"<android.view.inputmethod.ExtractedText$1: java.lang.Object createFromParcel(android.os.Parcel)>",
						"<android.view.inputmethod.ExtractedText$1: android.view.inputmethod.ExtractedText createFromParcel(android.os.Parcel)>",
						"<android.location.Address$1: java.lang.Object createFromParcel(android.os.Parcel)>",
						"<android.location.Address$1: android.location.Address createFromParcel(android.os.Parcel)>",
						"<android.location.Address: void <init>(java.util.Locale)>",
						"key field: <android.location.Address: boolean mHasLongitude>",
						"<android.location.Address: double getLongitude()>"
					],
					"depth":8,
					"method":"<android.view.inputmethod.EditorInfo$1: android.view.inputmethod.EditorInfo createFromParcel(android.os.Parcel)>",
					"source":"FIELDCALLER"
				}
			],
			"callerOfSingnlar2SourceVar":{}
		},
		{
			"method":"<android.location.Address: void setAddressLine(int,java.lang.String)>",
			"message":"\\Qindex = \\E[\\s\\S]*\\Q < 0\\E",
			"relatedVarType":"Parameter",
			"relatedCondType":"Basic",
			"modifier":"public",
			"type":"java.lang.IllegalArgumentException",
			"osVersionRelated":false,
			"resourceRelated":false,
			"assessRelated":false,
			"hardwareRelated":false,
			"manifestRelated":false,
			"conditions":"i0 >= 0",
			"paramValues":"@parameter0: int",
			"relatedValues":"@parameter0: int; ; ",
			"keyAPISameClassNum":0,
			"keyAPIDiffClassNum":0,
			"keyAPISameClass":[
				{
					"trace":[
						"<android.location.Address: void setAddressLine(int,java.lang.String)>"
					],
					"depth":0,
					"method":"<android.location.Address: void setAddressLine(int,java.lang.String)>",
					"source":"CALLER"
				}
			],
			"keyAPIDiffClass":[],
			"callerOfSingnlar2SourceVar":{
				"<android.location.Address: void setAddressLine(int,java.lang.String)>":"0"
			}
		}
	]
}