{
	"exceptions":[
		{
			"method":"<android.bluetooth.BluetoothPan: boolean connect(android.bluetooth.BluetoothDevice)>",
			"message":"[\\s\\S]*",
			"relatedVarType":"ParaAndField",
			"relatedCondType":"Basic",
			"modifier":"public",
			"type":"java.lang.Throwable",
			"osVersionRelated":false,
			"resourceRelated":false,
			"assessRelated":false,
			"hardwareRelated":false,
			"manifestRelated":false,
			"conditions":"$z1 == 0, $z0 == 0, $r7 == null",
			"paramValues":"@parameter0: android.bluetooth.BluetoothDevice",
			"fieldValues":"<android.bluetooth.BluetoothPan: android.bluetooth.IBluetoothPan mPanService>",
			"caughtValues":"@caughtexception",
			"relatedValues":"@parameter0: android.bluetooth.BluetoothDevice; <android.bluetooth.BluetoothPan: android.bluetooth.IBluetoothPan mPanService>; @caughtexception",
			"keyAPISameClassNum":7,
			"keyAPIDiffClassNum":8,
			"keyAPISameClass":[
				{
					"trace":[
						"<android.bluetooth.BluetoothPan: boolean connect(android.bluetooth.BluetoothDevice)>"
					],
					"depth":1,
					"method":"<android.bluetooth.BluetoothPan: boolean connect(android.bluetooth.BluetoothDevice)>",
					"source":"FIELD"
				},
				{
					"trace":[
						"<android.bluetooth.BluetoothPan: boolean connect(android.bluetooth.BluetoothDevice)>"
					],
					"depth":1,
					"method":"<android.bluetooth.BluetoothPan: boolean disconnect(android.bluetooth.BluetoothDevice)>",
					"source":"FIELD"
				},
				{
					"trace":[
						"<android.bluetooth.BluetoothPan: boolean connect(android.bluetooth.BluetoothDevice)>"
					],
					"depth":1,
					"method":"<android.bluetooth.BluetoothPan: java.util.List getConnectedDevices()>",
					"source":"FIELD"
				},
				{
					"trace":[
						"<android.bluetooth.BluetoothPan: boolean connect(android.bluetooth.BluetoothDevice)>"
					],
					"depth":1,
					"method":"<android.bluetooth.BluetoothPan: int getConnectionState(android.bluetooth.BluetoothDevice)>",
					"source":"FIELD"
				},
				{
					"trace":[
						"<android.bluetooth.BluetoothPan: boolean connect(android.bluetooth.BluetoothDevice)>"
					],
					"depth":1,
					"method":"<android.bluetooth.BluetoothPan: java.util.List getDevicesMatchingConnectionStates(int[])>",
					"source":"FIELD"
				},
				{
					"trace":[
						"<android.bluetooth.BluetoothPan: boolean connect(android.bluetooth.BluetoothDevice)>"
					],
					"depth":1,
					"method":"<android.bluetooth.BluetoothPan: boolean isTetheringOn()>",
					"source":"FIELD"
				},
				{
					"trace":[
						"<android.bluetooth.BluetoothPan: boolean connect(android.bluetooth.BluetoothDevice)>"
					],
					"depth":1,
					"method":"<android.bluetooth.BluetoothPan: void setBluetoothTethering(boolean)>",
					"source":"FIELD"
				}
			],
			"keyAPIDiffClass":[
				{
					"trace":[
						"<android.bluetooth.BluetoothPan$1: void onBluetoothStateChange(boolean)>",
						"<android.bluetooth.BluetoothPan: android.bluetooth.IBluetoothPan access$202(android.bluetooth.BluetoothPan,android.bluetooth.IBluetoothPan)>",
						"key field: <android.bluetooth.BluetoothPan: android.bluetooth.IBluetoothPan mPanService>",
						"<android.bluetooth.BluetoothPan: boolean connect(android.bluetooth.BluetoothDevice)>"
					],
					"depth":2,
					"method":"<android.bluetooth.BluetoothPan$1: void onBluetoothStateChange(boolean)>",
					"source":"FIELDCALLER"
				},
				{
					"trace":[
						"<android.bluetooth.BluetoothPan$2: void onServiceConnected(android.content.ComponentName,android.os.IBinder)>",
						"<android.bluetooth.BluetoothPan: android.bluetooth.IBluetoothPan access$202(android.bluetooth.BluetoothPan,android.bluetooth.IBluetoothPan)>",
						"key field: <android.bluetooth.BluetoothPan: android.bluetooth.IBluetoothPan mPanService>",
						"<android.bluetooth.BluetoothPan: boolean connect(android.bluetooth.BluetoothDevice)>"
					],
					"depth":2,
					"method":"<android.bluetooth.BluetoothPan$2: void onServiceConnected(android.content.ComponentName,android.os.IBinder)>",
					"source":"FIELDCALLER"
				},
				{
					"trace":[
						"<android.content.ServiceConnection: void onServiceConnected(android.content.ComponentName,android.os.IBinder)>",
						"<android.bluetooth.BluetoothPan: android.bluetooth.IBluetoothPan access$202(android.bluetooth.BluetoothPan,android.bluetooth.IBluetoothPan)>",
						"key field: <android.bluetooth.BluetoothPan: android.bluetooth.IBluetoothPan mPanService>",
						"<android.bluetooth.BluetoothPan: boolean connect(android.bluetooth.BluetoothDevice)>"
					],
					"depth":2,
					"method":"<android.content.ServiceConnection: void onServiceConnected(android.content.ComponentName,android.os.IBinder)>",
					"source":"FIELDCALLER"
				},
				{
					"trace":[
						"<android.bluetooth.BluetoothPan$2: void onServiceDisconnected(android.content.ComponentName)>",
						"<android.bluetooth.BluetoothPan: android.bluetooth.IBluetoothPan access$202(android.bluetooth.BluetoothPan,android.bluetooth.IBluetoothPan)>",
						"key field: <android.bluetooth.BluetoothPan: android.bluetooth.IBluetoothPan mPanService>",
						"<android.bluetooth.BluetoothPan: boolean connect(android.bluetooth.BluetoothDevice)>"
					],
					"depth":2,
					"method":"<android.bluetooth.BluetoothPan$2: void onServiceDisconnected(android.content.ComponentName)>",
					"source":"FIELDCALLER"
				},
				{
					"trace":[
						"<android.content.ServiceConnection: void onServiceDisconnected(android.content.ComponentName)>",
						"<android.bluetooth.BluetoothPan: android.bluetooth.IBluetoothPan access$202(android.bluetooth.BluetoothPan,android.bluetooth.IBluetoothPan)>",
						"key field: <android.bluetooth.BluetoothPan: android.bluetooth.IBluetoothPan mPanService>",
						"<android.bluetooth.BluetoothPan: boolean connect(android.bluetooth.BluetoothDevice)>"
					],
					"depth":2,
					"method":"<android.content.ServiceConnection: void onServiceDisconnected(android.content.ComponentName)>",
					"source":"FIELDCALLER"
				},
				{
					"trace":[
						"<android.bluetooth.BluetoothTetheringDataTracker: boolean teardown()>",
						"<android.bluetooth.BluetoothPan: boolean disconnect(android.bluetooth.BluetoothDevice)>",
						"key field: <android.bluetooth.BluetoothPan: android.bluetooth.IBluetoothPan mPanService>",
						"<android.bluetooth.BluetoothPan: boolean connect(android.bluetooth.BluetoothDevice)>"
					],
					"depth":2,
					"method":"<android.bluetooth.BluetoothTetheringDataTracker: boolean teardown()>",
					"source":"FIELDCALLER"
				},
				{
					"trace":[
						"<android.net.NetworkStateTracker: boolean teardown()>",
						"<android.bluetooth.BluetoothPan: boolean disconnect(android.bluetooth.BluetoothDevice)>",
						"key field: <android.bluetooth.BluetoothPan: android.bluetooth.IBluetoothPan mPanService>",
						"<android.bluetooth.BluetoothPan: boolean connect(android.bluetooth.BluetoothDevice)>"
					],
					"depth":2,
					"method":"<android.net.NetworkStateTracker: boolean teardown()>",
					"source":"FIELDCALLER"
				},
				{
					"trace":[
						"<android.bluetooth.IBluetoothStateChangeCallback$Stub: boolean onTransact(int,android.os.Parcel,android.os.Parcel,int)>",
						"<android.bluetooth.BluetoothPan$1: void onBluetoothStateChange(boolean)>",
						"<android.bluetooth.BluetoothPan: android.bluetooth.IBluetoothPan access$202(android.bluetooth.BluetoothPan,android.bluetooth.IBluetoothPan)>",
						"key field: <android.bluetooth.BluetoothPan: android.bluetooth.IBluetoothPan mPanService>",
						"<android.bluetooth.BluetoothPan: boolean connect(android.bluetooth.BluetoothDevice)>"
					],
					"depth":3,
					"method":"<android.bluetooth.IBluetoothStateChangeCallback$Stub: boolean onTransact(int,android.os.Parcel,android.os.Parcel,int)>",
					"source":"FIELDCALLER"
				}
			],
			"callerOfSingnlar2SourceVar":{
				"<android.bluetooth.BluetoothPan: boolean connect(android.bluetooth.BluetoothDevice)>":"0"
			}
		},
		{
			"method":"<android.bluetooth.BluetoothPan: boolean disconnect(android.bluetooth.BluetoothDevice)>",
			"message":"[\\s\\S]*",
			"relatedVarType":"ParaAndField",
			"relatedCondType":"Basic",
			"modifier":"public",
			"type":"java.lang.Throwable",
			"osVersionRelated":false,
			"resourceRelated":false,
			"assessRelated":false,
			"hardwareRelated":false,
			"manifestRelated":false,
			"conditions":"$z1 == 0, $z0 == 0, $r7 == null",
			"paramValues":"@parameter0: android.bluetooth.BluetoothDevice",
			"fieldValues":"<android.bluetooth.BluetoothPan: android.bluetooth.IBluetoothPan mPanService>",
			"caughtValues":"@caughtexception",
			"relatedValues":"@parameter0: android.bluetooth.BluetoothDevice; <android.bluetooth.BluetoothPan: android.bluetooth.IBluetoothPan mPanService>; @caughtexception",
			"keyAPISameClassNum":7,
			"keyAPIDiffClassNum":8,
			"keyAPISameClass":[
				{
					"trace":[
						"<android.bluetooth.BluetoothPan: boolean disconnect(android.bluetooth.BluetoothDevice)>"
					],
					"depth":1,
					"method":"<android.bluetooth.BluetoothPan: boolean connect(android.bluetooth.BluetoothDevice)>",
					"source":"FIELD"
				},
				{
					"trace":[
						"<android.bluetooth.BluetoothPan: boolean disconnect(android.bluetooth.BluetoothDevice)>"
					],
					"depth":1,
					"method":"<android.bluetooth.BluetoothPan: boolean disconnect(android.bluetooth.BluetoothDevice)>",
					"source":"FIELD"
				},
				{
					"trace":[
						"<android.bluetooth.BluetoothPan: boolean disconnect(android.bluetooth.BluetoothDevice)>"
					],
					"depth":1,
					"method":"<android.bluetooth.BluetoothPan: java.util.List getConnectedDevices()>",
					"source":"FIELD"
				},
				{
					"trace":[
						"<android.bluetooth.BluetoothPan: boolean disconnect(android.bluetooth.BluetoothDevice)>"
					],
					"depth":1,
					"method":"<android.bluetooth.BluetoothPan: int getConnectionState(android.bluetooth.BluetoothDevice)>",
					"source":"FIELD"
				},
				{
					"trace":[
						"<android.bluetooth.BluetoothPan: boolean disconnect(android.bluetooth.BluetoothDevice)>"
					],
					"depth":1,
					"method":"<android.bluetooth.BluetoothPan: java.util.List getDevicesMatchingConnectionStates(int[])>",
					"source":"FIELD"
				},
				{
					"trace":[
						"<android.bluetooth.BluetoothPan: boolean disconnect(android.bluetooth.BluetoothDevice)>"
					],
					"depth":1,
					"method":"<android.bluetooth.BluetoothPan: boolean isTetheringOn()>",
					"source":"FIELD"
				},
				{
					"trace":[
						"<android.bluetooth.BluetoothPan: boolean disconnect(android.bluetooth.BluetoothDevice)>"
					],
					"depth":1,
					"method":"<android.bluetooth.BluetoothPan: void setBluetoothTethering(boolean)>",
					"source":"FIELD"
				}
			],
			"keyAPIDiffClass":[
				{
					"trace":[
						"<android.bluetooth.BluetoothPan$1: void onBluetoothStateChange(boolean)>",
						"<android.bluetooth.BluetoothPan: android.bluetooth.IBluetoothPan access$202(android.bluetooth.BluetoothPan,android.bluetooth.IBluetoothPan)>",
						"key field: <android.bluetooth.BluetoothPan: android.bluetooth.IBluetoothPan mPanService>",
						"<android.bluetooth.BluetoothPan: boolean disconnect(android.bluetooth.BluetoothDevice)>"
					],
					"depth":2,
					"method":"<android.bluetooth.BluetoothPan$1: void onBluetoothStateChange(boolean)>",
					"source":"FIELDCALLER"
				},
				{
					"trace":[
						"<android.bluetooth.BluetoothPan$2: void onServiceConnected(android.content.ComponentName,android.os.IBinder)>",
						"<android.bluetooth.BluetoothPan: android.bluetooth.IBluetoothPan access$202(android.bluetooth.BluetoothPan,android.bluetooth.IBluetoothPan)>",
						"key field: <android.bluetooth.BluetoothPan: android.bluetooth.IBluetoothPan mPanService>",
						"<android.bluetooth.BluetoothPan: boolean disconnect(android.bluetooth.BluetoothDevice)>"
					],
					"depth":2,
					"method":"<android.bluetooth.BluetoothPan$2: void onServiceConnected(android.content.ComponentName,android.os.IBinder)>",
					"source":"FIELDCALLER"
				},
				{
					"trace":[
						"<android.content.ServiceConnection: void onServiceConnected(android.content.ComponentName,android.os.IBinder)>",
						"<android.bluetooth.BluetoothPan: android.bluetooth.IBluetoothPan access$202(android.bluetooth.BluetoothPan,android.bluetooth.IBluetoothPan)>",
						"key field: <android.bluetooth.BluetoothPan: android.bluetooth.IBluetoothPan mPanService>",
						"<android.bluetooth.BluetoothPan: boolean disconnect(android.bluetooth.BluetoothDevice)>"
					],
					"depth":2,
					"method":"<android.content.ServiceConnection: void onServiceConnected(android.content.ComponentName,android.os.IBinder)>",
					"source":"FIELDCALLER"
				},
				{
					"trace":[
						"<android.bluetooth.BluetoothPan$2: void onServiceDisconnected(android.content.ComponentName)>",
						"<android.bluetooth.BluetoothPan: android.bluetooth.IBluetoothPan access$202(android.bluetooth.BluetoothPan,android.bluetooth.IBluetoothPan)>",
						"key field: <android.bluetooth.BluetoothPan: android.bluetooth.IBluetoothPan mPanService>",
						"<android.bluetooth.BluetoothPan: boolean disconnect(android.bluetooth.BluetoothDevice)>"
					],
					"depth":2,
					"method":"<android.bluetooth.BluetoothPan$2: void onServiceDisconnected(android.content.ComponentName)>",
					"source":"FIELDCALLER"
				},
				{
					"trace":[
						"<android.content.ServiceConnection: void onServiceDisconnected(android.content.ComponentName)>",
						"<android.bluetooth.BluetoothPan: android.bluetooth.IBluetoothPan access$202(android.bluetooth.BluetoothPan,android.bluetooth.IBluetoothPan)>",
						"key field: <android.bluetooth.BluetoothPan: android.bluetooth.IBluetoothPan mPanService>",
						"<android.bluetooth.BluetoothPan: boolean disconnect(android.bluetooth.BluetoothDevice)>"
					],
					"depth":2,
					"method":"<android.content.ServiceConnection: void onServiceDisconnected(android.content.ComponentName)>",
					"source":"FIELDCALLER"
				},
				{
					"trace":[
						"<android.bluetooth.BluetoothTetheringDataTracker: boolean teardown()>",
						"<android.bluetooth.BluetoothPan: boolean disconnect(android.bluetooth.BluetoothDevice)>",
						"key field: <android.bluetooth.BluetoothPan: android.bluetooth.IBluetoothPan mPanService>",
						"<android.bluetooth.BluetoothPan: boolean disconnect(android.bluetooth.BluetoothDevice)>"
					],
					"depth":2,
					"method":"<android.bluetooth.BluetoothTetheringDataTracker: boolean teardown()>",
					"source":"FIELDCALLER"
				},
				{
					"trace":[
						"<android.net.NetworkStateTracker: boolean teardown()>",
						"<android.bluetooth.BluetoothPan: boolean disconnect(android.bluetooth.BluetoothDevice)>",
						"key field: <android.bluetooth.BluetoothPan: android.bluetooth.IBluetoothPan mPanService>",
						"<android.bluetooth.BluetoothPan: boolean disconnect(android.bluetooth.BluetoothDevice)>"
					],
					"depth":2,
					"method":"<android.net.NetworkStateTracker: boolean teardown()>",
					"source":"FIELDCALLER"
				},
				{
					"trace":[
						"<android.bluetooth.IBluetoothStateChangeCallback$Stub: boolean onTransact(int,android.os.Parcel,android.os.Parcel,int)>",
						"<android.bluetooth.BluetoothPan$1: void onBluetoothStateChange(boolean)>",
						"<android.bluetooth.BluetoothPan: android.bluetooth.IBluetoothPan access$202(android.bluetooth.BluetoothPan,android.bluetooth.IBluetoothPan)>",
						"key field: <android.bluetooth.BluetoothPan: android.bluetooth.IBluetoothPan mPanService>",
						"<android.bluetooth.BluetoothPan: boolean disconnect(android.bluetooth.BluetoothDevice)>"
					],
					"depth":3,
					"method":"<android.bluetooth.IBluetoothStateChangeCallback$Stub: boolean onTransact(int,android.os.Parcel,android.os.Parcel,int)>",
					"source":"FIELDCALLER"
				}
			],
			"callerOfSingnlar2SourceVar":{
				"<android.bluetooth.BluetoothPan: boolean disconnect(android.bluetooth.BluetoothDevice)>":"0"
			}
		},
		{
			"method":"<android.bluetooth.BluetoothPan: java.util.List getConnectedDevices()>",
			"message":"[\\s\\S]*",
			"relatedVarType":"Field",
			"relatedCondType":"Basic",
			"modifier":"public",
			"type":"java.lang.Throwable",
			"osVersionRelated":false,
			"resourceRelated":false,
			"assessRelated":false,
			"hardwareRelated":false,
			"manifestRelated":false,
			"conditions":"$z0 == 0, $r1 == null",
			"fieldValues":"<android.bluetooth.BluetoothPan: android.bluetooth.IBluetoothPan mPanService>",
			"caughtValues":"@caughtexception",
			"relatedValues":"; <android.bluetooth.BluetoothPan: android.bluetooth.IBluetoothPan mPanService>; @caughtexception",
			"keyAPISameClassNum":7,
			"keyAPIDiffClassNum":8,
			"keyAPISameClass":[
				{
					"trace":[
						"<android.bluetooth.BluetoothPan: java.util.List getConnectedDevices()>"
					],
					"depth":1,
					"method":"<android.bluetooth.BluetoothPan: boolean connect(android.bluetooth.BluetoothDevice)>",
					"source":"FIELD"
				},
				{
					"trace":[
						"<android.bluetooth.BluetoothPan: java.util.List getConnectedDevices()>"
					],
					"depth":1,
					"method":"<android.bluetooth.BluetoothPan: boolean disconnect(android.bluetooth.BluetoothDevice)>",
					"source":"FIELD"
				},
				{
					"trace":[
						"<android.bluetooth.BluetoothPan: java.util.List getConnectedDevices()>"
					],
					"depth":1,
					"method":"<android.bluetooth.BluetoothPan: java.util.List getConnectedDevices()>",
					"source":"FIELD"
				},
				{
					"trace":[
						"<android.bluetooth.BluetoothPan: java.util.List getConnectedDevices()>"
					],
					"depth":1,
					"method":"<android.bluetooth.BluetoothPan: int getConnectionState(android.bluetooth.BluetoothDevice)>",
					"source":"FIELD"
				},
				{
					"trace":[
						"<android.bluetooth.BluetoothPan: java.util.List getConnectedDevices()>"
					],
					"depth":1,
					"method":"<android.bluetooth.BluetoothPan: java.util.List getDevicesMatchingConnectionStates(int[])>",
					"source":"FIELD"
				},
				{
					"trace":[
						"<android.bluetooth.BluetoothPan: java.util.List getConnectedDevices()>"
					],
					"depth":1,
					"method":"<android.bluetooth.BluetoothPan: boolean isTetheringOn()>",
					"source":"FIELD"
				},
				{
					"trace":[
						"<android.bluetooth.BluetoothPan: java.util.List getConnectedDevices()>"
					],
					"depth":1,
					"method":"<android.bluetooth.BluetoothPan: void setBluetoothTethering(boolean)>",
					"source":"FIELD"
				}
			],
			"keyAPIDiffClass":[
				{
					"trace":[
						"<android.bluetooth.BluetoothPan$1: void onBluetoothStateChange(boolean)>",
						"<android.bluetooth.BluetoothPan: android.bluetooth.IBluetoothPan access$202(android.bluetooth.BluetoothPan,android.bluetooth.IBluetoothPan)>",
						"key field: <android.bluetooth.BluetoothPan: android.bluetooth.IBluetoothPan mPanService>",
						"<android.bluetooth.BluetoothPan: java.util.List getConnectedDevices()>"
					],
					"depth":2,
					"method":"<android.bluetooth.BluetoothPan$1: void onBluetoothStateChange(boolean)>",
					"source":"FIELDCALLER"
				},
				{
					"trace":[
						"<android.bluetooth.BluetoothPan$2: void onServiceConnected(android.content.ComponentName,android.os.IBinder)>",
						"<android.bluetooth.BluetoothPan: android.bluetooth.IBluetoothPan access$202(android.bluetooth.BluetoothPan,android.bluetooth.IBluetoothPan)>",
						"key field: <android.bluetooth.BluetoothPan: android.bluetooth.IBluetoothPan mPanService>",
						"<android.bluetooth.BluetoothPan: java.util.List getConnectedDevices()>"
					],
					"depth":2,
					"method":"<android.bluetooth.BluetoothPan$2: void onServiceConnected(android.content.ComponentName,android.os.IBinder)>",
					"source":"FIELDCALLER"
				},
				{
					"trace":[
						"<android.content.ServiceConnection: void onServiceConnected(android.content.ComponentName,android.os.IBinder)>",
						"<android.bluetooth.BluetoothPan: android.bluetooth.IBluetoothPan access$202(android.bluetooth.BluetoothPan,android.bluetooth.IBluetoothPan)>",
						"key field: <android.bluetooth.BluetoothPan: android.bluetooth.IBluetoothPan mPanService>",
						"<android.bluetooth.BluetoothPan: java.util.List getConnectedDevices()>"
					],
					"depth":2,
					"method":"<android.content.ServiceConnection: void onServiceConnected(android.content.ComponentName,android.os.IBinder)>",
					"source":"FIELDCALLER"
				},
				{
					"trace":[
						"<android.bluetooth.BluetoothPan$2: void onServiceDisconnected(android.content.ComponentName)>",
						"<android.bluetooth.BluetoothPan: android.bluetooth.IBluetoothPan access$202(android.bluetooth.BluetoothPan,android.bluetooth.IBluetoothPan)>",
						"key field: <android.bluetooth.BluetoothPan: android.bluetooth.IBluetoothPan mPanService>",
						"<android.bluetooth.BluetoothPan: java.util.List getConnectedDevices()>"
					],
					"depth":2,
					"method":"<android.bluetooth.BluetoothPan$2: void onServiceDisconnected(android.content.ComponentName)>",
					"source":"FIELDCALLER"
				},
				{
					"trace":[
						"<android.content.ServiceConnection: void onServiceDisconnected(android.content.ComponentName)>",
						"<android.bluetooth.BluetoothPan: android.bluetooth.IBluetoothPan access$202(android.bluetooth.BluetoothPan,android.bluetooth.IBluetoothPan)>",
						"key field: <android.bluetooth.BluetoothPan: android.bluetooth.IBluetoothPan mPanService>",
						"<android.bluetooth.BluetoothPan: java.util.List getConnectedDevices()>"
					],
					"depth":2,
					"method":"<android.content.ServiceConnection: void onServiceDisconnected(android.content.ComponentName)>",
					"source":"FIELDCALLER"
				},
				{
					"trace":[
						"<android.bluetooth.BluetoothTetheringDataTracker: boolean teardown()>",
						"<android.bluetooth.BluetoothPan: boolean disconnect(android.bluetooth.BluetoothDevice)>",
						"key field: <android.bluetooth.BluetoothPan: android.bluetooth.IBluetoothPan mPanService>",
						"<android.bluetooth.BluetoothPan: java.util.List getConnectedDevices()>"
					],
					"depth":2,
					"method":"<android.bluetooth.BluetoothTetheringDataTracker: boolean teardown()>",
					"source":"FIELDCALLER"
				},
				{
					"trace":[
						"<android.net.NetworkStateTracker: boolean teardown()>",
						"<android.bluetooth.BluetoothPan: boolean disconnect(android.bluetooth.BluetoothDevice)>",
						"key field: <android.bluetooth.BluetoothPan: android.bluetooth.IBluetoothPan mPanService>",
						"<android.bluetooth.BluetoothPan: java.util.List getConnectedDevices()>"
					],
					"depth":2,
					"method":"<android.net.NetworkStateTracker: boolean teardown()>",
					"source":"FIELDCALLER"
				},
				{
					"trace":[
						"<android.bluetooth.IBluetoothStateChangeCallback$Stub: boolean onTransact(int,android.os.Parcel,android.os.Parcel,int)>",
						"<android.bluetooth.BluetoothPan$1: void onBluetoothStateChange(boolean)>",
						"<android.bluetooth.BluetoothPan: android.bluetooth.IBluetoothPan access$202(android.bluetooth.BluetoothPan,android.bluetooth.IBluetoothPan)>",
						"key field: <android.bluetooth.BluetoothPan: android.bluetooth.IBluetoothPan mPanService>",
						"<android.bluetooth.BluetoothPan: java.util.List getConnectedDevices()>"
					],
					"depth":3,
					"method":"<android.bluetooth.IBluetoothStateChangeCallback$Stub: boolean onTransact(int,android.os.Parcel,android.os.Parcel,int)>",
					"source":"FIELDCALLER"
				}
			],
			"callerOfSingnlar2SourceVar":{}
		},
		{
			"method":"<android.bluetooth.BluetoothPan: int getConnectionState(android.bluetooth.BluetoothDevice)>",
			"message":"[\\s\\S]*",
			"relatedVarType":"ParaAndField",
			"relatedCondType":"Basic",
			"modifier":"public",
			"type":"java.lang.Throwable",
			"osVersionRelated":false,
			"resourceRelated":false,
			"assessRelated":false,
			"hardwareRelated":false,
			"manifestRelated":false,
			"conditions":"$z1 == 0, $z0 == 0, $r1 == null",
			"paramValues":"@parameter0: android.bluetooth.BluetoothDevice",
			"fieldValues":"<android.bluetooth.BluetoothPan: android.bluetooth.IBluetoothPan mPanService>",
			"caughtValues":"@caughtexception",
			"relatedValues":"@parameter0: android.bluetooth.BluetoothDevice; <android.bluetooth.BluetoothPan: android.bluetooth.IBluetoothPan mPanService>; @caughtexception",
			"keyAPISameClassNum":7,
			"keyAPIDiffClassNum":8,
			"keyAPISameClass":[
				{
					"trace":[
						"<android.bluetooth.BluetoothPan: int getConnectionState(android.bluetooth.BluetoothDevice)>"
					],
					"depth":1,
					"method":"<android.bluetooth.BluetoothPan: boolean connect(android.bluetooth.BluetoothDevice)>",
					"source":"FIELD"
				},
				{
					"trace":[
						"<android.bluetooth.BluetoothPan: int getConnectionState(android.bluetooth.BluetoothDevice)>"
					],
					"depth":1,
					"method":"<android.bluetooth.BluetoothPan: boolean disconnect(android.bluetooth.BluetoothDevice)>",
					"source":"FIELD"
				},
				{
					"trace":[
						"<android.bluetooth.BluetoothPan: int getConnectionState(android.bluetooth.BluetoothDevice)>"
					],
					"depth":1,
					"method":"<android.bluetooth.BluetoothPan: java.util.List getConnectedDevices()>",
					"source":"FIELD"
				},
				{
					"trace":[
						"<android.bluetooth.BluetoothPan: int getConnectionState(android.bluetooth.BluetoothDevice)>"
					],
					"depth":1,
					"method":"<android.bluetooth.BluetoothPan: int getConnectionState(android.bluetooth.BluetoothDevice)>",
					"source":"FIELD"
				},
				{
					"trace":[
						"<android.bluetooth.BluetoothPan: int getConnectionState(android.bluetooth.BluetoothDevice)>"
					],
					"depth":1,
					"method":"<android.bluetooth.BluetoothPan: java.util.List getDevicesMatchingConnectionStates(int[])>",
					"source":"FIELD"
				},
				{
					"trace":[
						"<android.bluetooth.BluetoothPan: int getConnectionState(android.bluetooth.BluetoothDevice)>"
					],
					"depth":1,
					"method":"<android.bluetooth.BluetoothPan: boolean isTetheringOn()>",
					"source":"FIELD"
				},
				{
					"trace":[
						"<android.bluetooth.BluetoothPan: int getConnectionState(android.bluetooth.BluetoothDevice)>"
					],
					"depth":1,
					"method":"<android.bluetooth.BluetoothPan: void setBluetoothTethering(boolean)>",
					"source":"FIELD"
				}
			],
			"keyAPIDiffClass":[
				{
					"trace":[
						"<android.bluetooth.BluetoothPan$1: void onBluetoothStateChange(boolean)>",
						"<android.bluetooth.BluetoothPan: android.bluetooth.IBluetoothPan access$202(android.bluetooth.BluetoothPan,android.bluetooth.IBluetoothPan)>",
						"key field: <android.bluetooth.BluetoothPan: android.bluetooth.IBluetoothPan mPanService>",
						"<android.bluetooth.BluetoothPan: int getConnectionState(android.bluetooth.BluetoothDevice)>"
					],
					"depth":2,
					"method":"<android.bluetooth.BluetoothPan$1: void onBluetoothStateChange(boolean)>",
					"source":"FIELDCALLER"
				},
				{
					"trace":[
						"<android.bluetooth.BluetoothPan$2: void onServiceConnected(android.content.ComponentName,android.os.IBinder)>",
						"<android.bluetooth.BluetoothPan: android.bluetooth.IBluetoothPan access$202(android.bluetooth.BluetoothPan,android.bluetooth.IBluetoothPan)>",
						"key field: <android.bluetooth.BluetoothPan: android.bluetooth.IBluetoothPan mPanService>",
						"<android.bluetooth.BluetoothPan: int getConnectionState(android.bluetooth.BluetoothDevice)>"
					],
					"depth":2,
					"method":"<android.bluetooth.BluetoothPan$2: void onServiceConnected(android.content.ComponentName,android.os.IBinder)>",
					"source":"FIELDCALLER"
				},
				{
					"trace":[
						"<android.content.ServiceConnection: void onServiceConnected(android.content.ComponentName,android.os.IBinder)>",
						"<android.bluetooth.BluetoothPan: android.bluetooth.IBluetoothPan access$202(android.bluetooth.BluetoothPan,android.bluetooth.IBluetoothPan)>",
						"key field: <android.bluetooth.BluetoothPan: android.bluetooth.IBluetoothPan mPanService>",
						"<android.bluetooth.BluetoothPan: int getConnectionState(android.bluetooth.BluetoothDevice)>"
					],
					"depth":2,
					"method":"<android.content.ServiceConnection: void onServiceConnected(android.content.ComponentName,android.os.IBinder)>",
					"source":"FIELDCALLER"
				},
				{
					"trace":[
						"<android.bluetooth.BluetoothPan$2: void onServiceDisconnected(android.content.ComponentName)>",
						"<android.bluetooth.BluetoothPan: android.bluetooth.IBluetoothPan access$202(android.bluetooth.BluetoothPan,android.bluetooth.IBluetoothPan)>",
						"key field: <android.bluetooth.BluetoothPan: android.bluetooth.IBluetoothPan mPanService>",
						"<android.bluetooth.BluetoothPan: int getConnectionState(android.bluetooth.BluetoothDevice)>"
					],
					"depth":2,
					"method":"<android.bluetooth.BluetoothPan$2: void onServiceDisconnected(android.content.ComponentName)>",
					"source":"FIELDCALLER"
				},
				{
					"trace":[
						"<android.content.ServiceConnection: void onServiceDisconnected(android.content.ComponentName)>",
						"<android.bluetooth.BluetoothPan: android.bluetooth.IBluetoothPan access$202(android.bluetooth.BluetoothPan,android.bluetooth.IBluetoothPan)>",
						"key field: <android.bluetooth.BluetoothPan: android.bluetooth.IBluetoothPan mPanService>",
						"<android.bluetooth.BluetoothPan: int getConnectionState(android.bluetooth.BluetoothDevice)>"
					],
					"depth":2,
					"method":"<android.content.ServiceConnection: void onServiceDisconnected(android.content.ComponentName)>",
					"source":"FIELDCALLER"
				},
				{
					"trace":[
						"<android.bluetooth.BluetoothTetheringDataTracker: boolean teardown()>",
						"<android.bluetooth.BluetoothPan: boolean disconnect(android.bluetooth.BluetoothDevice)>",
						"key field: <android.bluetooth.BluetoothPan: android.bluetooth.IBluetoothPan mPanService>",
						"<android.bluetooth.BluetoothPan: int getConnectionState(android.bluetooth.BluetoothDevice)>"
					],
					"depth":2,
					"method":"<android.bluetooth.BluetoothTetheringDataTracker: boolean teardown()>",
					"source":"FIELDCALLER"
				},
				{
					"trace":[
						"<android.net.NetworkStateTracker: boolean teardown()>",
						"<android.bluetooth.BluetoothPan: boolean disconnect(android.bluetooth.BluetoothDevice)>",
						"key field: <android.bluetooth.BluetoothPan: android.bluetooth.IBluetoothPan mPanService>",
						"<android.bluetooth.BluetoothPan: int getConnectionState(android.bluetooth.BluetoothDevice)>"
					],
					"depth":2,
					"method":"<android.net.NetworkStateTracker: boolean teardown()>",
					"source":"FIELDCALLER"
				},
				{
					"trace":[
						"<android.bluetooth.IBluetoothStateChangeCallback$Stub: boolean onTransact(int,android.os.Parcel,android.os.Parcel,int)>",
						"<android.bluetooth.BluetoothPan$1: void onBluetoothStateChange(boolean)>",
						"<android.bluetooth.BluetoothPan: android.bluetooth.IBluetoothPan access$202(android.bluetooth.BluetoothPan,android.bluetooth.IBluetoothPan)>",
						"key field: <android.bluetooth.BluetoothPan: android.bluetooth.IBluetoothPan mPanService>",
						"<android.bluetooth.BluetoothPan: int getConnectionState(android.bluetooth.BluetoothDevice)>"
					],
					"depth":3,
					"method":"<android.bluetooth.IBluetoothStateChangeCallback$Stub: boolean onTransact(int,android.os.Parcel,android.os.Parcel,int)>",
					"source":"FIELDCALLER"
				}
			],
			"callerOfSingnlar2SourceVar":{
				"<android.bluetooth.BluetoothPan: int getConnectionState(android.bluetooth.BluetoothDevice)>":"0"
			}
		},
		{
			"method":"<android.bluetooth.BluetoothPan: java.util.List getDevicesMatchingConnectionStates(int[])>",
			"message":"[\\s\\S]*",
			"relatedVarType":"Field",
			"relatedCondType":"Basic",
			"modifier":"public",
			"type":"java.lang.Throwable",
			"osVersionRelated":false,
			"resourceRelated":false,
			"assessRelated":false,
			"hardwareRelated":false,
			"manifestRelated":false,
			"conditions":"$z0 == 0, $r1 == null",
			"fieldValues":"<android.bluetooth.BluetoothPan: android.bluetooth.IBluetoothPan mPanService>",
			"caughtValues":"@caughtexception",
			"relatedValues":"; <android.bluetooth.BluetoothPan: android.bluetooth.IBluetoothPan mPanService>; @caughtexception",
			"keyAPISameClassNum":7,
			"keyAPIDiffClassNum":8,
			"keyAPISameClass":[
				{
					"trace":[
						"<android.bluetooth.BluetoothPan: java.util.List getDevicesMatchingConnectionStates(int[])>"
					],
					"depth":1,
					"method":"<android.bluetooth.BluetoothPan: boolean connect(android.bluetooth.BluetoothDevice)>",
					"source":"FIELD"
				},
				{
					"trace":[
						"<android.bluetooth.BluetoothPan: java.util.List getDevicesMatchingConnectionStates(int[])>"
					],
					"depth":1,
					"method":"<android.bluetooth.BluetoothPan: boolean disconnect(android.bluetooth.BluetoothDevice)>",
					"source":"FIELD"
				},
				{
					"trace":[
						"<android.bluetooth.BluetoothPan: java.util.List getDevicesMatchingConnectionStates(int[])>"
					],
					"depth":1,
					"method":"<android.bluetooth.BluetoothPan: java.util.List getConnectedDevices()>",
					"source":"FIELD"
				},
				{
					"trace":[
						"<android.bluetooth.BluetoothPan: java.util.List getDevicesMatchingConnectionStates(int[])>"
					],
					"depth":1,
					"method":"<android.bluetooth.BluetoothPan: int getConnectionState(android.bluetooth.BluetoothDevice)>",
					"source":"FIELD"
				},
				{
					"trace":[
						"<android.bluetooth.BluetoothPan: java.util.List getDevicesMatchingConnectionStates(int[])>"
					],
					"depth":1,
					"method":"<android.bluetooth.BluetoothPan: java.util.List getDevicesMatchingConnectionStates(int[])>",
					"source":"FIELD"
				},
				{
					"trace":[
						"<android.bluetooth.BluetoothPan: java.util.List getDevicesMatchingConnectionStates(int[])>"
					],
					"depth":1,
					"method":"<android.bluetooth.BluetoothPan: boolean isTetheringOn()>",
					"source":"FIELD"
				},
				{
					"trace":[
						"<android.bluetooth.BluetoothPan: java.util.List getDevicesMatchingConnectionStates(int[])>"
					],
					"depth":1,
					"method":"<android.bluetooth.BluetoothPan: void setBluetoothTethering(boolean)>",
					"source":"FIELD"
				}
			],
			"keyAPIDiffClass":[
				{
					"trace":[
						"<android.bluetooth.BluetoothPan$1: void onBluetoothStateChange(boolean)>",
						"<android.bluetooth.BluetoothPan: android.bluetooth.IBluetoothPan access$202(android.bluetooth.BluetoothPan,android.bluetooth.IBluetoothPan)>",
						"key field: <android.bluetooth.BluetoothPan: android.bluetooth.IBluetoothPan mPanService>",
						"<android.bluetooth.BluetoothPan: java.util.List getDevicesMatchingConnectionStates(int[])>"
					],
					"depth":2,
					"method":"<android.bluetooth.BluetoothPan$1: void onBluetoothStateChange(boolean)>",
					"source":"FIELDCALLER"
				},
				{
					"trace":[
						"<android.bluetooth.BluetoothPan$2: void onServiceConnected(android.content.ComponentName,android.os.IBinder)>",
						"<android.bluetooth.BluetoothPan: android.bluetooth.IBluetoothPan access$202(android.bluetooth.BluetoothPan,android.bluetooth.IBluetoothPan)>",
						"key field: <android.bluetooth.BluetoothPan: android.bluetooth.IBluetoothPan mPanService>",
						"<android.bluetooth.BluetoothPan: java.util.List getDevicesMatchingConnectionStates(int[])>"
					],
					"depth":2,
					"method":"<android.bluetooth.BluetoothPan$2: void onServiceConnected(android.content.ComponentName,android.os.IBinder)>",
					"source":"FIELDCALLER"
				},
				{
					"trace":[
						"<android.content.ServiceConnection: void onServiceConnected(android.content.ComponentName,android.os.IBinder)>",
						"<android.bluetooth.BluetoothPan: android.bluetooth.IBluetoothPan access$202(android.bluetooth.BluetoothPan,android.bluetooth.IBluetoothPan)>",
						"key field: <android.bluetooth.BluetoothPan: android.bluetooth.IBluetoothPan mPanService>",
						"<android.bluetooth.BluetoothPan: java.util.List getDevicesMatchingConnectionStates(int[])>"
					],
					"depth":2,
					"method":"<android.content.ServiceConnection: void onServiceConnected(android.content.ComponentName,android.os.IBinder)>",
					"source":"FIELDCALLER"
				},
				{
					"trace":[
						"<android.bluetooth.BluetoothPan$2: void onServiceDisconnected(android.content.ComponentName)>",
						"<android.bluetooth.BluetoothPan: android.bluetooth.IBluetoothPan access$202(android.bluetooth.BluetoothPan,android.bluetooth.IBluetoothPan)>",
						"key field: <android.bluetooth.BluetoothPan: android.bluetooth.IBluetoothPan mPanService>",
						"<android.bluetooth.BluetoothPan: java.util.List getDevicesMatchingConnectionStates(int[])>"
					],
					"depth":2,
					"method":"<android.bluetooth.BluetoothPan$2: void onServiceDisconnected(android.content.ComponentName)>",
					"source":"FIELDCALLER"
				},
				{
					"trace":[
						"<android.content.ServiceConnection: void onServiceDisconnected(android.content.ComponentName)>",
						"<android.bluetooth.BluetoothPan: android.bluetooth.IBluetoothPan access$202(android.bluetooth.BluetoothPan,android.bluetooth.IBluetoothPan)>",
						"key field: <android.bluetooth.BluetoothPan: android.bluetooth.IBluetoothPan mPanService>",
						"<android.bluetooth.BluetoothPan: java.util.List getDevicesMatchingConnectionStates(int[])>"
					],
					"depth":2,
					"method":"<android.content.ServiceConnection: void onServiceDisconnected(android.content.ComponentName)>",
					"source":"FIELDCALLER"
				},
				{
					"trace":[
						"<android.bluetooth.BluetoothTetheringDataTracker: boolean teardown()>",
						"<android.bluetooth.BluetoothPan: boolean disconnect(android.bluetooth.BluetoothDevice)>",
						"key field: <android.bluetooth.BluetoothPan: android.bluetooth.IBluetoothPan mPanService>",
						"<android.bluetooth.BluetoothPan: java.util.List getDevicesMatchingConnectionStates(int[])>"
					],
					"depth":2,
					"method":"<android.bluetooth.BluetoothTetheringDataTracker: boolean teardown()>",
					"source":"FIELDCALLER"
				},
				{
					"trace":[
						"<android.net.NetworkStateTracker: boolean teardown()>",
						"<android.bluetooth.BluetoothPan: boolean disconnect(android.bluetooth.BluetoothDevice)>",
						"key field: <android.bluetooth.BluetoothPan: android.bluetooth.IBluetoothPan mPanService>",
						"<android.bluetooth.BluetoothPan: java.util.List getDevicesMatchingConnectionStates(int[])>"
					],
					"depth":2,
					"method":"<android.net.NetworkStateTracker: boolean teardown()>",
					"source":"FIELDCALLER"
				},
				{
					"trace":[
						"<android.bluetooth.IBluetoothStateChangeCallback$Stub: boolean onTransact(int,android.os.Parcel,android.os.Parcel,int)>",
						"<android.bluetooth.BluetoothPan$1: void onBluetoothStateChange(boolean)>",
						"<android.bluetooth.BluetoothPan: android.bluetooth.IBluetoothPan access$202(android.bluetooth.BluetoothPan,android.bluetooth.IBluetoothPan)>",
						"key field: <android.bluetooth.BluetoothPan: android.bluetooth.IBluetoothPan mPanService>",
						"<android.bluetooth.BluetoothPan: java.util.List getDevicesMatchingConnectionStates(int[])>"
					],
					"depth":3,
					"method":"<android.bluetooth.IBluetoothStateChangeCallback$Stub: boolean onTransact(int,android.os.Parcel,android.os.Parcel,int)>",
					"source":"FIELDCALLER"
				}
			],
			"callerOfSingnlar2SourceVar":{}
		},
		{
			"method":"<android.bluetooth.BluetoothPan: boolean isTetheringOn()>",
			"message":"[\\s\\S]*",
			"relatedVarType":"Unknown",
			"relatedCondType":"Empty",
			"modifier":"public",
			"type":"java.lang.Throwable",
			"osVersionRelated":false,
			"resourceRelated":false,
			"assessRelated":false,
			"hardwareRelated":false,
			"manifestRelated":false,
			"caughtValues":"@caughtexception",
			"relatedValues":"; ; @caughtexception",
			"keyAPISameClassNum":0,
			"keyAPIDiffClassNum":0,
			"keyAPISameClass":[],
			"keyAPIDiffClass":[],
			"callerOfSingnlar2SourceVar":{}
		},
		{
			"method":"<android.bluetooth.BluetoothPan: void setBluetoothTethering(boolean)>",
			"message":"[\\s\\S]*",
			"relatedVarType":"Unknown",
			"relatedCondType":"Empty",
			"modifier":"public",
			"type":"java.lang.Throwable",
			"osVersionRelated":false,
			"resourceRelated":false,
			"assessRelated":false,
			"hardwareRelated":false,
			"manifestRelated":false,
			"caughtValues":"@caughtexception",
			"relatedValues":"; ; @caughtexception",
			"keyAPISameClassNum":0,
			"keyAPIDiffClassNum":0,
			"keyAPISameClass":[],
			"keyAPIDiffClass":[],
			"callerOfSingnlar2SourceVar":{}
		}
	]
}