{
	"exceptions":[
		{
			"method":"<android.media.SoundPool: void <init>(int,int,int)>",
			"message":"\\QNative setup failed\\E",
			"relatedVarType":"Parameter",
			"relatedCondType":"Basic",
			"modifier":"public",
			"type":"java.lang.RuntimeException",
			"osVersionRelated":false,
			"resourceRelated":false,
			"assessRelated":false,
			"hardwareRelated":false,
			"manifestRelated":false,
			"conditions":"$i3 == 0",
			"paramValues":"@parameter0: int, @parameter1: int, @parameter2: int",
			"relatedValues":"@parameter0: int, @parameter1: int, @parameter2: int; ; ",
			"keyAPISameClassNum":0,
			"keyAPIDiffClassNum":0,
			"keyAPISameClass":[
				{
					"trace":[
						"<android.media.SoundPool: void <init>(int,int,int)>"
					],
					"depth":0,
					"method":"<android.media.SoundPool: void <init>(int,int,int)>",
					"source":"CALLER"
				}
			],
			"keyAPIDiffClass":[],
			"callerOfSingnlar2SourceVar":{
				"<android.media.SoundPool: void <init>(int,int,int)>":"0, 1, 2"
			}
		},
		{
			"method":"<android.media.SoundPool: int load(android.content.res.AssetFileDescriptor,int)>",
			"message":"\\Qno length for fd\\E",
			"relatedVarType":"Parameter",
			"relatedCondType":"Basic",
			"modifier":"public",
			"type":"android.util.AndroidRuntimeException",
			"osVersionRelated":false,
			"resourceRelated":false,
			"assessRelated":false,
			"hardwareRelated":false,
			"manifestRelated":false,
			"conditions":"$b1 >= 0, r0 == null",
			"paramValues":"@parameter0: android.content.res.AssetFileDescriptor",
			"relatedValues":"@parameter0: android.content.res.AssetFileDescriptor; ; ",
			"keyAPISameClassNum":0,
			"keyAPIDiffClassNum":0,
			"keyAPISameClass":[
				{
					"trace":[
						"<android.media.SoundPool: int load(android.content.res.AssetFileDescriptor,int)>"
					],
					"depth":0,
					"method":"<android.media.SoundPool: int load(android.content.res.AssetFileDescriptor,int)>",
					"source":"CALLER"
				}
			],
			"keyAPIDiffClass":[],
			"callerOfSingnlar2SourceVar":{
				"<android.media.SoundPool: int load(android.content.res.AssetFileDescriptor,int)>":"0"
			}
		}
	]
}