{
	"exceptions":[
		{
			"method":"<android.media.videoeditor.AudioTrack: void <init>(android.media.videoeditor.VideoEditor,java.lang.String,java.lang.String,long,long,long,boolean,int,boolean,boolean,int,int,java.lang.String)>",
			"message":"[\\s\\S]*\\Q not found ! \\E",
			"relatedVarType":"Parameter",
			"relatedCondType":"Basic",
			"modifier":"default",
			"type":"java.io.IOException",
			"osVersionRelated":false,
			"resourceRelated":false,
			"assessRelated":false,
			"hardwareRelated":false,
			"manifestRelated":false,
			"conditions":"$z0 != 0",
			"paramValues":"@parameter2: java.lang.String",
			"relatedValues":"@parameter2: java.lang.String; ; ",
			"keyAPISameClassNum":0,
			"keyAPIDiffClassNum":0,
			"keyAPISameClass":[
				{
					"trace":[
						"<android.media.videoeditor.AudioTrack: void <init>(android.media.videoeditor.VideoEditor,java.lang.String,java.lang.String,long,long,long,boolean,int,boolean,boolean,int,int,java.lang.String)>"
					],
					"depth":0,
					"method":"<android.media.videoeditor.AudioTrack: void <init>(android.media.videoeditor.VideoEditor,java.lang.String,java.lang.String,long,long,long,boolean,int,boolean,boolean,int,int,java.lang.String)>",
					"source":"CALLER"
				},
				{
					"trace":[
						"<android.media.videoeditor.AudioTrack: void <init>(android.media.videoeditor.VideoEditor,java.lang.String,java.lang.String)>",
						"<android.media.videoeditor.AudioTrack: void <init>(android.media.videoeditor.VideoEditor,java.lang.String,java.lang.String,long,long,long,boolean,int,boolean,boolean,int,int,java.lang.String)>"
					],
					"depth":1,
					"method":"<android.media.videoeditor.AudioTrack: void <init>(android.media.videoeditor.VideoEditor,java.lang.String,java.lang.String)>",
					"source":"CALLER"
				}
			],
			"keyAPIDiffClass":[],
			"callerOfSingnlar2SourceVar":{
				"<android.media.videoeditor.AudioTrack: void <init>(android.media.videoeditor.VideoEditor,java.lang.String,java.lang.String,long,long,long,boolean,int,boolean,boolean,int,int,java.lang.String)>":"2",
				"<android.media.videoeditor.AudioTrack: void <init>(android.media.videoeditor.VideoEditor,java.lang.String,java.lang.String)>":"2"
			}
		},
		{
			"method":"<android.media.videoeditor.AudioTrack: void <init>(android.media.videoeditor.VideoEditor,java.lang.String,java.lang.String,long,long,long,boolean,int,boolean,boolean,int,int,java.lang.String)>",
			"message":"\\QUnsupported input file type: \\E[\\s\\S]*",
			"relatedVarType":"ParaAndField",
			"relatedCondType":"Basic",
			"modifier":"default",
			"type":"java.lang.IllegalArgumentException",
			"osVersionRelated":false,
			"resourceRelated":false,
			"assessRelated":false,
			"hardwareRelated":false,
			"manifestRelated":false,
			"conditions":"i3, $z1 == 0, $b1 > 0",
			"paramValues":"@parameter2: java.lang.String, @parameter0: android.media.videoeditor.VideoEditor",
			"fieldValues":"<android.media.videoeditor.AudioTrack: android.media.videoeditor.MediaArtistNativeHelper mMANativeHelper>",
			"relatedValues":"@parameter2: java.lang.String, @parameter0: android.media.videoeditor.VideoEditor; <android.media.videoeditor.AudioTrack: android.media.videoeditor.MediaArtistNativeHelper mMANativeHelper>; ",
			"keyAPISameClassNum":9,
			"keyAPIDiffClassNum":3,
			"keyAPISameClass":[
				{
					"trace":[
						"<android.media.videoeditor.AudioTrack: void <init>(android.media.videoeditor.VideoEditor,java.lang.String,java.lang.String,long,long,long,boolean,int,boolean,boolean,int,int,java.lang.String)>"
					],
					"depth":1,
					"method":"<android.media.videoeditor.AudioTrack: void disableDucking()>",
					"source":"FIELD"
				},
				{
					"trace":[
						"<android.media.videoeditor.AudioTrack: void <init>(android.media.videoeditor.VideoEditor,java.lang.String,java.lang.String,long,long,long,boolean,int,boolean,boolean,int,int,java.lang.String)>"
					],
					"depth":1,
					"method":"<android.media.videoeditor.AudioTrack: void disableLoop()>",
					"source":"FIELD"
				},
				{
					"trace":[
						"<android.media.videoeditor.AudioTrack: void <init>(android.media.videoeditor.VideoEditor,java.lang.String,java.lang.String,long,long,long,boolean,int,boolean,boolean,int,int,java.lang.String)>"
					],
					"depth":1,
					"method":"<android.media.videoeditor.AudioTrack: void enableDucking(int,int)>",
					"source":"FIELD"
				},
				{
					"trace":[
						"<android.media.videoeditor.AudioTrack: void <init>(android.media.videoeditor.VideoEditor,java.lang.String,java.lang.String,long,long,long,boolean,int,boolean,boolean,int,int,java.lang.String)>"
					],
					"depth":1,
					"method":"<android.media.videoeditor.AudioTrack: void enableLoop()>",
					"source":"FIELD"
				},
				{
					"trace":[
						"<android.media.videoeditor.AudioTrack: void <init>(android.media.videoeditor.VideoEditor,java.lang.String,java.lang.String,long,long,long,boolean,int,boolean,boolean,int,int,java.lang.String)>"
					],
					"depth":1,
					"method":"<android.media.videoeditor.AudioTrack: void extractAudioWaveform(android.media.videoeditor.ExtractAudioWaveformProgressListener)>",
					"source":"FIELD"
				},
				{
					"trace":[
						"<android.media.videoeditor.AudioTrack: void <init>(android.media.videoeditor.VideoEditor,java.lang.String,java.lang.String,long,long,long,boolean,int,boolean,boolean,int,int,java.lang.String)>"
					],
					"depth":1,
					"method":"<android.media.videoeditor.AudioTrack: void setExtractBoundaries(long,long)>",
					"source":"FIELD"
				},
				{
					"trace":[
						"<android.media.videoeditor.AudioTrack: void <init>(android.media.videoeditor.VideoEditor,java.lang.String,java.lang.String,long,long,long,boolean,int,boolean,boolean,int,int,java.lang.String)>"
					],
					"depth":1,
					"method":"<android.media.videoeditor.AudioTrack: void setMute(boolean)>",
					"source":"FIELD"
				},
				{
					"trace":[
						"<android.media.videoeditor.AudioTrack: void <init>(android.media.videoeditor.VideoEditor,java.lang.String,java.lang.String,long,long,long,boolean,int,boolean,boolean,int,int,java.lang.String)>"
					],
					"depth":1,
					"method":"<android.media.videoeditor.AudioTrack: void setVolume(int)>",
					"source":"FIELD"
				},
				{
					"trace":[
						"<android.media.videoeditor.AudioTrack: void <init>(android.media.videoeditor.VideoEditor,java.lang.String,java.lang.String)>",
						"<android.media.videoeditor.AudioTrack: void <init>(android.media.videoeditor.VideoEditor,java.lang.String,java.lang.String,long,long,long,boolean,int,boolean,boolean,int,int,java.lang.String)>",
						"key field: <android.media.videoeditor.AudioTrack: android.media.videoeditor.MediaArtistNativeHelper mMANativeHelper>",
						"<android.media.videoeditor.AudioTrack: void <init>(android.media.videoeditor.VideoEditor,java.lang.String,java.lang.String,long,long,long,boolean,int,boolean,boolean,int,int,java.lang.String)>"
					],
					"depth":2,
					"method":"<android.media.videoeditor.AudioTrack: void <init>(android.media.videoeditor.VideoEditor,java.lang.String,java.lang.String)>",
					"source":"FIELDCALLER"
				}
			],
			"keyAPIDiffClass":[
				{
					"trace":[
						"<android.media.videoeditor.VideoEditorImpl: void <init>(java.lang.String)>",
						"<android.media.videoeditor.VideoEditorImpl: void load()>",
						"<android.media.videoeditor.VideoEditorImpl: android.media.videoeditor.AudioTrack parseAudioTrack(org.xmlpull.v1.XmlPullParser)>",
						"<android.media.videoeditor.AudioTrack: void <init>(android.media.videoeditor.VideoEditor,java.lang.String,java.lang.String,long,long,long,boolean,int,boolean,boolean,int,int,java.lang.String)>",
						"key field: <android.media.videoeditor.AudioTrack: android.media.videoeditor.MediaArtistNativeHelper mMANativeHelper>",
						"<android.media.videoeditor.AudioTrack: void <init>(android.media.videoeditor.VideoEditor,java.lang.String,java.lang.String,long,long,long,boolean,int,boolean,boolean,int,int,java.lang.String)>"
					],
					"depth":4,
					"method":"<android.media.videoeditor.VideoEditorImpl: void <init>(java.lang.String)>",
					"source":"FIELDCALLER"
				},
				{
					"trace":[
						"<android.media.videoeditor.VideoEditorFactory: android.media.videoeditor.VideoEditor create(java.lang.String)>",
						"<android.media.videoeditor.VideoEditorImpl: void <init>(java.lang.String)>",
						"<android.media.videoeditor.VideoEditorImpl: void load()>",
						"<android.media.videoeditor.VideoEditorImpl: android.media.videoeditor.AudioTrack parseAudioTrack(org.xmlpull.v1.XmlPullParser)>",
						"<android.media.videoeditor.AudioTrack: void <init>(android.media.videoeditor.VideoEditor,java.lang.String,java.lang.String,long,long,long,boolean,int,boolean,boolean,int,int,java.lang.String)>",
						"key field: <android.media.videoeditor.AudioTrack: android.media.videoeditor.MediaArtistNativeHelper mMANativeHelper>",
						"<android.media.videoeditor.AudioTrack: void <init>(android.media.videoeditor.VideoEditor,java.lang.String,java.lang.String,long,long,long,boolean,int,boolean,boolean,int,int,java.lang.String)>"
					],
					"depth":5,
					"method":"<android.media.videoeditor.VideoEditorFactory: android.media.videoeditor.VideoEditor create(java.lang.String)>",
					"source":"FIELDCALLER"
				},
				{
					"trace":[
						"<android.media.videoeditor.VideoEditorFactory: android.media.videoeditor.VideoEditor load(java.lang.String,boolean)>",
						"<android.media.videoeditor.VideoEditorImpl: void <init>(java.lang.String)>",
						"<android.media.videoeditor.VideoEditorImpl: void load()>",
						"<android.media.videoeditor.VideoEditorImpl: android.media.videoeditor.AudioTrack parseAudioTrack(org.xmlpull.v1.XmlPullParser)>",
						"<android.media.videoeditor.AudioTrack: void <init>(android.media.videoeditor.VideoEditor,java.lang.String,java.lang.String,long,long,long,boolean,int,boolean,boolean,int,int,java.lang.String)>",
						"key field: <android.media.videoeditor.AudioTrack: android.media.videoeditor.MediaArtistNativeHelper mMANativeHelper>",
						"<android.media.videoeditor.AudioTrack: void <init>(android.media.videoeditor.VideoEditor,java.lang.String,java.lang.String,long,long,long,boolean,int,boolean,boolean,int,int,java.lang.String)>"
					],
					"depth":5,
					"method":"<android.media.videoeditor.VideoEditorFactory: android.media.videoeditor.VideoEditor load(java.lang.String,boolean)>",
					"source":"FIELDCALLER"
				}
			],
			"callerOfSingnlar2SourceVar":{
				"<android.media.videoeditor.AudioTrack: void <init>(android.media.videoeditor.VideoEditor,java.lang.String,java.lang.String,long,long,long,boolean,int,boolean,boolean,int,int,java.lang.String)>":"2, 0",
				"<android.media.videoeditor.VideoEditorImpl: android.media.videoeditor.AudioTrack parseAudioTrack(org.xmlpull.v1.XmlPullParser)>":"-1",
				"<android.media.videoeditor.AudioTrack: void <init>(android.media.videoeditor.VideoEditor,java.lang.String,java.lang.String)>":"2, 0"
			}
		},
		{
			"method":"<android.media.videoeditor.AudioTrack: void <init>(android.media.videoeditor.VideoEditor,java.lang.String,java.lang.String,long,long,long,boolean,int,boolean,boolean,int,int,java.lang.String)>",
			"message":"[\\s\\S]*\\Q : \\E[\\s\\S]*",
			"relatedVarType":"Parameter",
			"relatedCondType":"Basic",
			"modifier":"default",
			"type":"java.lang.IllegalArgumentException",
			"osVersionRelated":false,
			"resourceRelated":false,
			"assessRelated":false,
			"hardwareRelated":false,
			"manifestRelated":false,
			"conditions":"$z1 == 0, $b1 > 0, $z0 != 0",
			"paramValues":"@parameter0: android.media.videoeditor.VideoEditor, @parameter2: java.lang.String",
			"caughtValues":"@caughtexception",
			"relatedValues":"@parameter0: android.media.videoeditor.VideoEditor, @parameter2: java.lang.String; ; @caughtexception",
			"keyAPISameClassNum":0,
			"keyAPIDiffClassNum":0,
			"keyAPISameClass":[
				{
					"trace":[
						"<android.media.videoeditor.AudioTrack: void <init>(android.media.videoeditor.VideoEditor,java.lang.String,java.lang.String,long,long,long,boolean,int,boolean,boolean,int,int,java.lang.String)>"
					],
					"depth":0,
					"method":"<android.media.videoeditor.AudioTrack: void <init>(android.media.videoeditor.VideoEditor,java.lang.String,java.lang.String,long,long,long,boolean,int,boolean,boolean,int,int,java.lang.String)>",
					"source":"CALLER"
				},
				{
					"trace":[
						"<android.media.videoeditor.AudioTrack: void <init>(android.media.videoeditor.VideoEditor,java.lang.String,java.lang.String)>",
						"<android.media.videoeditor.AudioTrack: void <init>(android.media.videoeditor.VideoEditor,java.lang.String,java.lang.String,long,long,long,boolean,int,boolean,boolean,int,int,java.lang.String)>"
					],
					"depth":1,
					"method":"<android.media.videoeditor.AudioTrack: void <init>(android.media.videoeditor.VideoEditor,java.lang.String,java.lang.String)>",
					"source":"CALLER"
				}
			],
			"keyAPIDiffClass":[],
			"callerOfSingnlar2SourceVar":{
				"<android.media.videoeditor.AudioTrack: void <init>(android.media.videoeditor.VideoEditor,java.lang.String,java.lang.String,long,long,long,boolean,int,boolean,boolean,int,int,java.lang.String)>":"0, 2",
				"<android.media.videoeditor.VideoEditorImpl: android.media.videoeditor.AudioTrack parseAudioTrack(org.xmlpull.v1.XmlPullParser)>":"-1",
				"<android.media.videoeditor.AudioTrack: void <init>(android.media.videoeditor.VideoEditor,java.lang.String,java.lang.String)>":"0, 2"
			}
		},
		{
			"method":"<android.media.videoeditor.AudioTrack: void <init>(android.media.videoeditor.VideoEditor,java.lang.String,java.lang.String,long,long,long,boolean,int,boolean,boolean,int,int,java.lang.String)>",
			"message":"\\Qeditor is not of type VideoEditorImpl\\E",
			"relatedVarType":"Parameter",
			"relatedCondType":"Basic",
			"modifier":"default",
			"type":"java.lang.IllegalArgumentException",
			"osVersionRelated":false,
			"resourceRelated":false,
			"assessRelated":false,
			"hardwareRelated":false,
			"manifestRelated":false,
			"conditions":"$z1 == 0, $b1 > 0, $z0 != 0",
			"paramValues":"@parameter0: android.media.videoeditor.VideoEditor, @parameter2: java.lang.String",
			"relatedValues":"@parameter0: android.media.videoeditor.VideoEditor, @parameter2: java.lang.String; ; ",
			"keyAPISameClassNum":0,
			"keyAPIDiffClassNum":0,
			"keyAPISameClass":[
				{
					"trace":[
						"<android.media.videoeditor.AudioTrack: void <init>(android.media.videoeditor.VideoEditor,java.lang.String,java.lang.String,long,long,long,boolean,int,boolean,boolean,int,int,java.lang.String)>"
					],
					"depth":0,
					"method":"<android.media.videoeditor.AudioTrack: void <init>(android.media.videoeditor.VideoEditor,java.lang.String,java.lang.String,long,long,long,boolean,int,boolean,boolean,int,int,java.lang.String)>",
					"source":"CALLER"
				},
				{
					"trace":[
						"<android.media.videoeditor.AudioTrack: void <init>(android.media.videoeditor.VideoEditor,java.lang.String,java.lang.String)>",
						"<android.media.videoeditor.AudioTrack: void <init>(android.media.videoeditor.VideoEditor,java.lang.String,java.lang.String,long,long,long,boolean,int,boolean,boolean,int,int,java.lang.String)>"
					],
					"depth":1,
					"method":"<android.media.videoeditor.AudioTrack: void <init>(android.media.videoeditor.VideoEditor,java.lang.String,java.lang.String)>",
					"source":"CALLER"
				}
			],
			"keyAPIDiffClass":[],
			"callerOfSingnlar2SourceVar":{
				"<android.media.videoeditor.AudioTrack: void <init>(android.media.videoeditor.VideoEditor,java.lang.String,java.lang.String,long,long,long,boolean,int,boolean,boolean,int,int,java.lang.String)>":"0, 2",
				"<android.media.videoeditor.VideoEditorImpl: android.media.videoeditor.AudioTrack parseAudioTrack(org.xmlpull.v1.XmlPullParser)>":"-1",
				"<android.media.videoeditor.AudioTrack: void <init>(android.media.videoeditor.VideoEditor,java.lang.String,java.lang.String)>":"0, 2"
			}
		},
		{
			"method":"<android.media.videoeditor.AudioTrack: void <init>(android.media.videoeditor.VideoEditor,java.lang.String,java.lang.String,long,long,long,boolean,int,boolean,boolean,int,int,java.lang.String)>",
			"message":"\\QFile size is more than 2GB\\E",
			"relatedVarType":"Parameter",
			"relatedCondType":"Basic",
			"modifier":"default",
			"type":"java.lang.IllegalArgumentException",
			"osVersionRelated":false,
			"resourceRelated":false,
			"assessRelated":false,
			"hardwareRelated":false,
			"manifestRelated":false,
			"conditions":"$b1 > 0, $z0 != 0",
			"paramValues":"@parameter2: java.lang.String",
			"relatedValues":"@parameter2: java.lang.String; ; ",
			"keyAPISameClassNum":0,
			"keyAPIDiffClassNum":0,
			"keyAPISameClass":[
				{
					"trace":[
						"<android.media.videoeditor.AudioTrack: void <init>(android.media.videoeditor.VideoEditor,java.lang.String,java.lang.String,long,long,long,boolean,int,boolean,boolean,int,int,java.lang.String)>"
					],
					"depth":0,
					"method":"<android.media.videoeditor.AudioTrack: void <init>(android.media.videoeditor.VideoEditor,java.lang.String,java.lang.String,long,long,long,boolean,int,boolean,boolean,int,int,java.lang.String)>",
					"source":"CALLER"
				},
				{
					"trace":[
						"<android.media.videoeditor.AudioTrack: void <init>(android.media.videoeditor.VideoEditor,java.lang.String,java.lang.String)>",
						"<android.media.videoeditor.AudioTrack: void <init>(android.media.videoeditor.VideoEditor,java.lang.String,java.lang.String,long,long,long,boolean,int,boolean,boolean,int,int,java.lang.String)>"
					],
					"depth":1,
					"method":"<android.media.videoeditor.AudioTrack: void <init>(android.media.videoeditor.VideoEditor,java.lang.String,java.lang.String)>",
					"source":"CALLER"
				}
			],
			"keyAPIDiffClass":[],
			"callerOfSingnlar2SourceVar":{
				"<android.media.videoeditor.AudioTrack: void <init>(android.media.videoeditor.VideoEditor,java.lang.String,java.lang.String,long,long,long,boolean,int,boolean,boolean,int,int,java.lang.String)>":"2",
				"<android.media.videoeditor.AudioTrack: void <init>(android.media.videoeditor.VideoEditor,java.lang.String,java.lang.String)>":"2"
			}
		},
		{
			"method":"<android.media.videoeditor.AudioTrack: void <init>(android.media.videoeditor.VideoEditor,java.lang.String,java.lang.String,long,long,long,boolean,int,boolean,boolean,int,int,java.lang.String)>",
			"message":"\\QUnsupported Audio Codec Format in Input File\\E",
			"relatedVarType":"ParaAndField",
			"relatedCondType":"Basic",
			"modifier":"default",
			"type":"java.lang.IllegalArgumentException",
			"osVersionRelated":false,
			"resourceRelated":false,
			"assessRelated":false,
			"hardwareRelated":false,
			"manifestRelated":false,
			"conditions":"$i5, i3, $z1 == 0",
			"paramValues":"@parameter2: java.lang.String, @parameter0: android.media.videoeditor.VideoEditor",
			"fieldValues":"<android.media.videoeditor.AudioTrack: android.media.videoeditor.MediaArtistNativeHelper mMANativeHelper>",
			"relatedValues":"@parameter2: java.lang.String, @parameter0: android.media.videoeditor.VideoEditor; <android.media.videoeditor.AudioTrack: android.media.videoeditor.MediaArtistNativeHelper mMANativeHelper>; ",
			"keyAPISameClassNum":9,
			"keyAPIDiffClassNum":3,
			"keyAPISameClass":[
				{
					"trace":[
						"<android.media.videoeditor.AudioTrack: void <init>(android.media.videoeditor.VideoEditor,java.lang.String,java.lang.String,long,long,long,boolean,int,boolean,boolean,int,int,java.lang.String)>"
					],
					"depth":1,
					"method":"<android.media.videoeditor.AudioTrack: void disableDucking()>",
					"source":"FIELD"
				},
				{
					"trace":[
						"<android.media.videoeditor.AudioTrack: void <init>(android.media.videoeditor.VideoEditor,java.lang.String,java.lang.String,long,long,long,boolean,int,boolean,boolean,int,int,java.lang.String)>"
					],
					"depth":1,
					"method":"<android.media.videoeditor.AudioTrack: void disableLoop()>",
					"source":"FIELD"
				},
				{
					"trace":[
						"<android.media.videoeditor.AudioTrack: void <init>(android.media.videoeditor.VideoEditor,java.lang.String,java.lang.String,long,long,long,boolean,int,boolean,boolean,int,int,java.lang.String)>"
					],
					"depth":1,
					"method":"<android.media.videoeditor.AudioTrack: void enableDucking(int,int)>",
					"source":"FIELD"
				},
				{
					"trace":[
						"<android.media.videoeditor.AudioTrack: void <init>(android.media.videoeditor.VideoEditor,java.lang.String,java.lang.String,long,long,long,boolean,int,boolean,boolean,int,int,java.lang.String)>"
					],
					"depth":1,
					"method":"<android.media.videoeditor.AudioTrack: void enableLoop()>",
					"source":"FIELD"
				},
				{
					"trace":[
						"<android.media.videoeditor.AudioTrack: void <init>(android.media.videoeditor.VideoEditor,java.lang.String,java.lang.String,long,long,long,boolean,int,boolean,boolean,int,int,java.lang.String)>"
					],
					"depth":1,
					"method":"<android.media.videoeditor.AudioTrack: void extractAudioWaveform(android.media.videoeditor.ExtractAudioWaveformProgressListener)>",
					"source":"FIELD"
				},
				{
					"trace":[
						"<android.media.videoeditor.AudioTrack: void <init>(android.media.videoeditor.VideoEditor,java.lang.String,java.lang.String,long,long,long,boolean,int,boolean,boolean,int,int,java.lang.String)>"
					],
					"depth":1,
					"method":"<android.media.videoeditor.AudioTrack: void setExtractBoundaries(long,long)>",
					"source":"FIELD"
				},
				{
					"trace":[
						"<android.media.videoeditor.AudioTrack: void <init>(android.media.videoeditor.VideoEditor,java.lang.String,java.lang.String,long,long,long,boolean,int,boolean,boolean,int,int,java.lang.String)>"
					],
					"depth":1,
					"method":"<android.media.videoeditor.AudioTrack: void setMute(boolean)>",
					"source":"FIELD"
				},
				{
					"trace":[
						"<android.media.videoeditor.AudioTrack: void <init>(android.media.videoeditor.VideoEditor,java.lang.String,java.lang.String,long,long,long,boolean,int,boolean,boolean,int,int,java.lang.String)>"
					],
					"depth":1,
					"method":"<android.media.videoeditor.AudioTrack: void setVolume(int)>",
					"source":"FIELD"
				},
				{
					"trace":[
						"<android.media.videoeditor.AudioTrack: void <init>(android.media.videoeditor.VideoEditor,java.lang.String,java.lang.String)>",
						"<android.media.videoeditor.AudioTrack: void <init>(android.media.videoeditor.VideoEditor,java.lang.String,java.lang.String,long,long,long,boolean,int,boolean,boolean,int,int,java.lang.String)>",
						"key field: <android.media.videoeditor.AudioTrack: android.media.videoeditor.MediaArtistNativeHelper mMANativeHelper>",
						"<android.media.videoeditor.AudioTrack: void <init>(android.media.videoeditor.VideoEditor,java.lang.String,java.lang.String,long,long,long,boolean,int,boolean,boolean,int,int,java.lang.String)>"
					],
					"depth":2,
					"method":"<android.media.videoeditor.AudioTrack: void <init>(android.media.videoeditor.VideoEditor,java.lang.String,java.lang.String)>",
					"source":"FIELDCALLER"
				}
			],
			"keyAPIDiffClass":[
				{
					"trace":[
						"<android.media.videoeditor.VideoEditorImpl: void <init>(java.lang.String)>",
						"<android.media.videoeditor.VideoEditorImpl: void load()>",
						"<android.media.videoeditor.VideoEditorImpl: android.media.videoeditor.AudioTrack parseAudioTrack(org.xmlpull.v1.XmlPullParser)>",
						"<android.media.videoeditor.AudioTrack: void <init>(android.media.videoeditor.VideoEditor,java.lang.String,java.lang.String,long,long,long,boolean,int,boolean,boolean,int,int,java.lang.String)>",
						"key field: <android.media.videoeditor.AudioTrack: android.media.videoeditor.MediaArtistNativeHelper mMANativeHelper>",
						"<android.media.videoeditor.AudioTrack: void <init>(android.media.videoeditor.VideoEditor,java.lang.String,java.lang.String,long,long,long,boolean,int,boolean,boolean,int,int,java.lang.String)>"
					],
					"depth":4,
					"method":"<android.media.videoeditor.VideoEditorImpl: void <init>(java.lang.String)>",
					"source":"FIELDCALLER"
				},
				{
					"trace":[
						"<android.media.videoeditor.VideoEditorFactory: android.media.videoeditor.VideoEditor create(java.lang.String)>",
						"<android.media.videoeditor.VideoEditorImpl: void <init>(java.lang.String)>",
						"<android.media.videoeditor.VideoEditorImpl: void load()>",
						"<android.media.videoeditor.VideoEditorImpl: android.media.videoeditor.AudioTrack parseAudioTrack(org.xmlpull.v1.XmlPullParser)>",
						"<android.media.videoeditor.AudioTrack: void <init>(android.media.videoeditor.VideoEditor,java.lang.String,java.lang.String,long,long,long,boolean,int,boolean,boolean,int,int,java.lang.String)>",
						"key field: <android.media.videoeditor.AudioTrack: android.media.videoeditor.MediaArtistNativeHelper mMANativeHelper>",
						"<android.media.videoeditor.AudioTrack: void <init>(android.media.videoeditor.VideoEditor,java.lang.String,java.lang.String,long,long,long,boolean,int,boolean,boolean,int,int,java.lang.String)>"
					],
					"depth":5,
					"method":"<android.media.videoeditor.VideoEditorFactory: android.media.videoeditor.VideoEditor create(java.lang.String)>",
					"source":"FIELDCALLER"
				},
				{
					"trace":[
						"<android.media.videoeditor.VideoEditorFactory: android.media.videoeditor.VideoEditor load(java.lang.String,boolean)>",
						"<android.media.videoeditor.VideoEditorImpl: void <init>(java.lang.String)>",
						"<android.media.videoeditor.VideoEditorImpl: void load()>",
						"<android.media.videoeditor.VideoEditorImpl: android.media.videoeditor.AudioTrack parseAudioTrack(org.xmlpull.v1.XmlPullParser)>",
						"<android.media.videoeditor.AudioTrack: void <init>(android.media.videoeditor.VideoEditor,java.lang.String,java.lang.String,long,long,long,boolean,int,boolean,boolean,int,int,java.lang.String)>",
						"key field: <android.media.videoeditor.AudioTrack: android.media.videoeditor.MediaArtistNativeHelper mMANativeHelper>",
						"<android.media.videoeditor.AudioTrack: void <init>(android.media.videoeditor.VideoEditor,java.lang.String,java.lang.String,long,long,long,boolean,int,boolean,boolean,int,int,java.lang.String)>"
					],
					"depth":5,
					"method":"<android.media.videoeditor.VideoEditorFactory: android.media.videoeditor.VideoEditor load(java.lang.String,boolean)>",
					"source":"FIELDCALLER"
				}
			],
			"callerOfSingnlar2SourceVar":{
				"<android.media.videoeditor.AudioTrack: void <init>(android.media.videoeditor.VideoEditor,java.lang.String,java.lang.String,long,long,long,boolean,int,boolean,boolean,int,int,java.lang.String)>":"2, 0",
				"<android.media.videoeditor.VideoEditorImpl: android.media.videoeditor.AudioTrack parseAudioTrack(org.xmlpull.v1.XmlPullParser)>":"-1",
				"<android.media.videoeditor.AudioTrack: void <init>(android.media.videoeditor.VideoEditor,java.lang.String,java.lang.String)>":"2, 0"
			}
		},
		{
			"method":"<android.media.videoeditor.AudioTrack: void enableDucking(int,int)>",
			"message":"\\QInvalid duckedTrackVolume value: \\E[\\s\\S]*",
			"relatedVarType":"Parameter",
			"relatedCondType":"Basic",
			"modifier":"public",
			"type":"java.lang.IllegalArgumentException",
			"osVersionRelated":false,
			"resourceRelated":false,
			"assessRelated":false,
			"hardwareRelated":false,
			"manifestRelated":false,
			"conditions":"i1 < 0, i0 <= 90, i0 < 0",
			"paramValues":"@parameter1: int, @parameter0: int",
			"relatedValues":"@parameter1: int, @parameter0: int; ; ",
			"keyAPISameClassNum":0,
			"keyAPIDiffClassNum":0,
			"keyAPISameClass":[
				{
					"trace":[
						"<android.media.videoeditor.AudioTrack: void enableDucking(int,int)>"
					],
					"depth":0,
					"method":"<android.media.videoeditor.AudioTrack: void enableDucking(int,int)>",
					"source":"CALLER"
				}
			],
			"keyAPIDiffClass":[],
			"callerOfSingnlar2SourceVar":{
				"<android.media.videoeditor.AudioTrack: void enableDucking(int,int)>":"1, 0"
			}
		},
		{
			"method":"<android.media.videoeditor.AudioTrack: void enableDucking(int,int)>",
			"message":"\\QInvalid threshold value: \\E[\\s\\S]*",
			"relatedVarType":"Parameter",
			"relatedCondType":"Basic",
			"modifier":"public",
			"type":"java.lang.IllegalArgumentException",
			"osVersionRelated":false,
			"resourceRelated":false,
			"assessRelated":false,
			"hardwareRelated":false,
			"manifestRelated":false,
			"conditions":"i0 < 0, i0 <= 90",
			"paramValues":"@parameter0: int",
			"relatedValues":"@parameter0: int; ; ",
			"keyAPISameClassNum":0,
			"keyAPIDiffClassNum":0,
			"keyAPISameClass":[
				{
					"trace":[
						"<android.media.videoeditor.AudioTrack: void enableDucking(int,int)>"
					],
					"depth":0,
					"method":"<android.media.videoeditor.AudioTrack: void enableDucking(int,int)>",
					"source":"CALLER"
				}
			],
			"keyAPIDiffClass":[],
			"callerOfSingnlar2SourceVar":{
				"<android.media.videoeditor.AudioTrack: void enableDucking(int,int)>":"0"
			}
		},
		{
			"method":"<android.media.videoeditor.AudioTrack: void extractAudioWaveform(android.media.videoeditor.ExtractAudioWaveformProgressListener)>",
			"message":"\\QUnsupported codec type: \\E[\\s\\S]*",
			"relatedVarType":"Field",
			"relatedCondType":"Basic",
			"modifier":"public",
			"type":"java.lang.IllegalStateException",
			"osVersionRelated":false,
			"resourceRelated":false,
			"assessRelated":false,
			"hardwareRelated":false,
			"manifestRelated":false,
			"conditions":"i1, $r1 != null",
			"fieldValues":"<android.media.videoeditor.AudioTrack: int mAudioType>, <android.media.videoeditor.AudioTrack: java.lang.String mAudioWaveformFilename>",
			"relatedValues":"; <android.media.videoeditor.AudioTrack: int mAudioType>, <android.media.videoeditor.AudioTrack: java.lang.String mAudioWaveformFilename>; ",
			"keyAPISameClassNum":3,
			"keyAPIDiffClassNum":5,
			"keyAPISameClass":[
				{
					"trace":[
						"<android.media.videoeditor.AudioTrack: void extractAudioWaveform(android.media.videoeditor.ExtractAudioWaveformProgressListener)>"
					],
					"depth":1,
					"method":"<android.media.videoeditor.AudioTrack: void extractAudioWaveform(android.media.videoeditor.ExtractAudioWaveformProgressListener)>",
					"source":"FIELD"
				},
				{
					"trace":[
						"<android.media.videoeditor.AudioTrack: void extractAudioWaveform(android.media.videoeditor.ExtractAudioWaveformProgressListener)>"
					],
					"depth":1,
					"method":"<android.media.videoeditor.AudioTrack: android.media.videoeditor.WaveformData getWaveformData()>",
					"source":"FIELD"
				},
				{
					"trace":[
						"<android.media.videoeditor.AudioTrack: void <init>(android.media.videoeditor.VideoEditor,java.lang.String,java.lang.String)>",
						"<android.media.videoeditor.AudioTrack: void <init>(android.media.videoeditor.VideoEditor,java.lang.String,java.lang.String,long,long,long,boolean,int,boolean,boolean,int,int,java.lang.String)>",
						"key field: <android.media.videoeditor.AudioTrack: int mAudioType>",
						"<android.media.videoeditor.AudioTrack: void extractAudioWaveform(android.media.videoeditor.ExtractAudioWaveformProgressListener)>"
					],
					"depth":2,
					"method":"<android.media.videoeditor.AudioTrack: void <init>(android.media.videoeditor.VideoEditor,java.lang.String,java.lang.String)>",
					"source":"FIELDCALLER"
				}
			],
			"keyAPIDiffClass":[
				{
					"trace":[
						"<android.media.videoeditor.VideoEditorImpl: android.media.videoeditor.AudioTrack removeAudioTrack(java.lang.String)>",
						"<android.media.videoeditor.AudioTrack: void invalidate()>",
						"key field: <android.media.videoeditor.AudioTrack: java.lang.String mAudioWaveformFilename>",
						"<android.media.videoeditor.AudioTrack: void extractAudioWaveform(android.media.videoeditor.ExtractAudioWaveformProgressListener)>"
					],
					"depth":2,
					"method":"<android.media.videoeditor.VideoEditorImpl: android.media.videoeditor.AudioTrack removeAudioTrack(java.lang.String)>",
					"source":"FIELDCALLER"
				},
				{
					"trace":[
						"<android.media.videoeditor.VideoEditor: android.media.videoeditor.AudioTrack removeAudioTrack(java.lang.String)>",
						"<android.media.videoeditor.AudioTrack: void invalidate()>",
						"key field: <android.media.videoeditor.AudioTrack: java.lang.String mAudioWaveformFilename>",
						"<android.media.videoeditor.AudioTrack: void extractAudioWaveform(android.media.videoeditor.ExtractAudioWaveformProgressListener)>"
					],
					"depth":2,
					"method":"<android.media.videoeditor.VideoEditor: android.media.videoeditor.AudioTrack removeAudioTrack(java.lang.String)>",
					"source":"FIELDCALLER"
				},
				{
					"trace":[
						"<android.media.videoeditor.VideoEditorImpl: void <init>(java.lang.String)>",
						"<android.media.videoeditor.VideoEditorImpl: void load()>",
						"<android.media.videoeditor.VideoEditorImpl: android.media.videoeditor.AudioTrack parseAudioTrack(org.xmlpull.v1.XmlPullParser)>",
						"<android.media.videoeditor.AudioTrack: void <init>(android.media.videoeditor.VideoEditor,java.lang.String,java.lang.String,long,long,long,boolean,int,boolean,boolean,int,int,java.lang.String)>",
						"key field: <android.media.videoeditor.AudioTrack: int mAudioType>",
						"<android.media.videoeditor.AudioTrack: void extractAudioWaveform(android.media.videoeditor.ExtractAudioWaveformProgressListener)>"
					],
					"depth":4,
					"method":"<android.media.videoeditor.VideoEditorImpl: void <init>(java.lang.String)>",
					"source":"FIELDCALLER"
				},
				{
					"trace":[
						"<android.media.videoeditor.VideoEditorFactory: android.media.videoeditor.VideoEditor create(java.lang.String)>",
						"<android.media.videoeditor.VideoEditorImpl: void <init>(java.lang.String)>",
						"<android.media.videoeditor.VideoEditorImpl: void load()>",
						"<android.media.videoeditor.VideoEditorImpl: android.media.videoeditor.AudioTrack parseAudioTrack(org.xmlpull.v1.XmlPullParser)>",
						"<android.media.videoeditor.AudioTrack: void <init>(android.media.videoeditor.VideoEditor,java.lang.String,java.lang.String,long,long,long,boolean,int,boolean,boolean,int,int,java.lang.String)>",
						"key field: <android.media.videoeditor.AudioTrack: int mAudioType>",
						"<android.media.videoeditor.AudioTrack: void extractAudioWaveform(android.media.videoeditor.ExtractAudioWaveformProgressListener)>"
					],
					"depth":5,
					"method":"<android.media.videoeditor.VideoEditorFactory: android.media.videoeditor.VideoEditor create(java.lang.String)>",
					"source":"FIELDCALLER"
				},
				{
					"trace":[
						"<android.media.videoeditor.VideoEditorFactory: android.media.videoeditor.VideoEditor load(java.lang.String,boolean)>",
						"<android.media.videoeditor.VideoEditorImpl: void <init>(java.lang.String)>",
						"<android.media.videoeditor.VideoEditorImpl: void load()>",
						"<android.media.videoeditor.VideoEditorImpl: android.media.videoeditor.AudioTrack parseAudioTrack(org.xmlpull.v1.XmlPullParser)>",
						"<android.media.videoeditor.AudioTrack: void <init>(android.media.videoeditor.VideoEditor,java.lang.String,java.lang.String,long,long,long,boolean,int,boolean,boolean,int,int,java.lang.String)>",
						"key field: <android.media.videoeditor.AudioTrack: int mAudioType>",
						"<android.media.videoeditor.AudioTrack: void extractAudioWaveform(android.media.videoeditor.ExtractAudioWaveformProgressListener)>"
					],
					"depth":5,
					"method":"<android.media.videoeditor.VideoEditorFactory: android.media.videoeditor.VideoEditor load(java.lang.String,boolean)>",
					"source":"FIELDCALLER"
				}
			],
			"callerOfSingnlar2SourceVar":{}
		},
		{
			"method":"<android.media.videoeditor.AudioTrack: void setExtractBoundaries(long,long)>",
			"message":"\\QInvalid start time\\E",
			"relatedVarType":"ParaAndField",
			"relatedCondType":"Basic",
			"modifier":"public",
			"type":"java.lang.IllegalArgumentException",
			"osVersionRelated":false,
			"resourceRelated":false,
			"assessRelated":false,
			"hardwareRelated":false,
			"manifestRelated":false,
			"conditions":"$b2 <= 0",
			"paramValues":"@parameter0: long",
			"fieldValues":"<android.media.videoeditor.AudioTrack: long mDurationMs>",
			"relatedValues":"@parameter0: long; <android.media.videoeditor.AudioTrack: long mDurationMs>; ",
			"keyAPISameClassNum":1,
			"keyAPIDiffClassNum":3,
			"keyAPISameClass":[
				{
					"trace":[
						"<android.media.videoeditor.AudioTrack: void <init>(android.media.videoeditor.VideoEditor,java.lang.String,java.lang.String)>",
						"<android.media.videoeditor.AudioTrack: void <init>(android.media.videoeditor.VideoEditor,java.lang.String,java.lang.String,long,long,long,boolean,int,boolean,boolean,int,int,java.lang.String)>",
						"key field: <android.media.videoeditor.AudioTrack: long mDurationMs>",
						"<android.media.videoeditor.AudioTrack: void setExtractBoundaries(long,long)>"
					],
					"depth":2,
					"method":"<android.media.videoeditor.AudioTrack: void <init>(android.media.videoeditor.VideoEditor,java.lang.String,java.lang.String)>",
					"source":"FIELDCALLER"
				}
			],
			"keyAPIDiffClass":[
				{
					"trace":[
						"<android.media.videoeditor.VideoEditorImpl: void <init>(java.lang.String)>",
						"<android.media.videoeditor.VideoEditorImpl: void load()>",
						"<android.media.videoeditor.VideoEditorImpl: android.media.videoeditor.AudioTrack parseAudioTrack(org.xmlpull.v1.XmlPullParser)>",
						"<android.media.videoeditor.AudioTrack: void <init>(android.media.videoeditor.VideoEditor,java.lang.String,java.lang.String,long,long,long,boolean,int,boolean,boolean,int,int,java.lang.String)>",
						"key field: <android.media.videoeditor.AudioTrack: long mDurationMs>",
						"<android.media.videoeditor.AudioTrack: void setExtractBoundaries(long,long)>"
					],
					"depth":4,
					"method":"<android.media.videoeditor.VideoEditorImpl: void <init>(java.lang.String)>",
					"source":"FIELDCALLER"
				},
				{
					"trace":[
						"<android.media.videoeditor.VideoEditorFactory: android.media.videoeditor.VideoEditor create(java.lang.String)>",
						"<android.media.videoeditor.VideoEditorImpl: void <init>(java.lang.String)>",
						"<android.media.videoeditor.VideoEditorImpl: void load()>",
						"<android.media.videoeditor.VideoEditorImpl: android.media.videoeditor.AudioTrack parseAudioTrack(org.xmlpull.v1.XmlPullParser)>",
						"<android.media.videoeditor.AudioTrack: void <init>(android.media.videoeditor.VideoEditor,java.lang.String,java.lang.String,long,long,long,boolean,int,boolean,boolean,int,int,java.lang.String)>",
						"key field: <android.media.videoeditor.AudioTrack: long mDurationMs>",
						"<android.media.videoeditor.AudioTrack: void setExtractBoundaries(long,long)>"
					],
					"depth":5,
					"method":"<android.media.videoeditor.VideoEditorFactory: android.media.videoeditor.VideoEditor create(java.lang.String)>",
					"source":"FIELDCALLER"
				},
				{
					"trace":[
						"<android.media.videoeditor.VideoEditorFactory: android.media.videoeditor.VideoEditor load(java.lang.String,boolean)>",
						"<android.media.videoeditor.VideoEditorImpl: void <init>(java.lang.String)>",
						"<android.media.videoeditor.VideoEditorImpl: void load()>",
						"<android.media.videoeditor.VideoEditorImpl: android.media.videoeditor.AudioTrack parseAudioTrack(org.xmlpull.v1.XmlPullParser)>",
						"<android.media.videoeditor.AudioTrack: void <init>(android.media.videoeditor.VideoEditor,java.lang.String,java.lang.String,long,long,long,boolean,int,boolean,boolean,int,int,java.lang.String)>",
						"key field: <android.media.videoeditor.AudioTrack: long mDurationMs>",
						"<android.media.videoeditor.AudioTrack: void setExtractBoundaries(long,long)>"
					],
					"depth":5,
					"method":"<android.media.videoeditor.VideoEditorFactory: android.media.videoeditor.VideoEditor load(java.lang.String,boolean)>",
					"source":"FIELDCALLER"
				}
			],
			"callerOfSingnlar2SourceVar":{
				"<android.media.videoeditor.AudioTrack: void setExtractBoundaries(long,long)>":"0"
			}
		},
		{
			"method":"<android.media.videoeditor.AudioTrack: void setExtractBoundaries(long,long)>",
			"message":"\\QInvalid end time; is < 0\\E",
			"relatedVarType":"ParaAndField",
			"relatedCondType":"Basic",
			"modifier":"public",
			"type":"java.lang.IllegalArgumentException",
			"osVersionRelated":false,
			"resourceRelated":false,
			"assessRelated":false,
			"hardwareRelated":false,
			"manifestRelated":false,
			"conditions":"$b7 >= 0, $b6 >= 0, $b5 <= 0",
			"paramValues":"@parameter1: long, @parameter0: long",
			"fieldValues":"<android.media.videoeditor.AudioTrack: long mDurationMs>",
			"relatedValues":"@parameter1: long, @parameter0: long; <android.media.videoeditor.AudioTrack: long mDurationMs>; ",
			"keyAPISameClassNum":1,
			"keyAPIDiffClassNum":3,
			"keyAPISameClass":[
				{
					"trace":[
						"<android.media.videoeditor.AudioTrack: void <init>(android.media.videoeditor.VideoEditor,java.lang.String,java.lang.String)>",
						"<android.media.videoeditor.AudioTrack: void <init>(android.media.videoeditor.VideoEditor,java.lang.String,java.lang.String,long,long,long,boolean,int,boolean,boolean,int,int,java.lang.String)>",
						"key field: <android.media.videoeditor.AudioTrack: long mDurationMs>",
						"<android.media.videoeditor.AudioTrack: void setExtractBoundaries(long,long)>"
					],
					"depth":2,
					"method":"<android.media.videoeditor.AudioTrack: void <init>(android.media.videoeditor.VideoEditor,java.lang.String,java.lang.String)>",
					"source":"FIELDCALLER"
				}
			],
			"keyAPIDiffClass":[
				{
					"trace":[
						"<android.media.videoeditor.VideoEditorImpl: void <init>(java.lang.String)>",
						"<android.media.videoeditor.VideoEditorImpl: void load()>",
						"<android.media.videoeditor.VideoEditorImpl: android.media.videoeditor.AudioTrack parseAudioTrack(org.xmlpull.v1.XmlPullParser)>",
						"<android.media.videoeditor.AudioTrack: void <init>(android.media.videoeditor.VideoEditor,java.lang.String,java.lang.String,long,long,long,boolean,int,boolean,boolean,int,int,java.lang.String)>",
						"key field: <android.media.videoeditor.AudioTrack: long mDurationMs>",
						"<android.media.videoeditor.AudioTrack: void setExtractBoundaries(long,long)>"
					],
					"depth":4,
					"method":"<android.media.videoeditor.VideoEditorImpl: void <init>(java.lang.String)>",
					"source":"FIELDCALLER"
				},
				{
					"trace":[
						"<android.media.videoeditor.VideoEditorFactory: android.media.videoeditor.VideoEditor create(java.lang.String)>",
						"<android.media.videoeditor.VideoEditorImpl: void <init>(java.lang.String)>",
						"<android.media.videoeditor.VideoEditorImpl: void load()>",
						"<android.media.videoeditor.VideoEditorImpl: android.media.videoeditor.AudioTrack parseAudioTrack(org.xmlpull.v1.XmlPullParser)>",
						"<android.media.videoeditor.AudioTrack: void <init>(android.media.videoeditor.VideoEditor,java.lang.String,java.lang.String,long,long,long,boolean,int,boolean,boolean,int,int,java.lang.String)>",
						"key field: <android.media.videoeditor.AudioTrack: long mDurationMs>",
						"<android.media.videoeditor.AudioTrack: void setExtractBoundaries(long,long)>"
					],
					"depth":5,
					"method":"<android.media.videoeditor.VideoEditorFactory: android.media.videoeditor.VideoEditor create(java.lang.String)>",
					"source":"FIELDCALLER"
				},
				{
					"trace":[
						"<android.media.videoeditor.VideoEditorFactory: android.media.videoeditor.VideoEditor load(java.lang.String,boolean)>",
						"<android.media.videoeditor.VideoEditorImpl: void <init>(java.lang.String)>",
						"<android.media.videoeditor.VideoEditorImpl: void load()>",
						"<android.media.videoeditor.VideoEditorImpl: android.media.videoeditor.AudioTrack parseAudioTrack(org.xmlpull.v1.XmlPullParser)>",
						"<android.media.videoeditor.AudioTrack: void <init>(android.media.videoeditor.VideoEditor,java.lang.String,java.lang.String,long,long,long,boolean,int,boolean,boolean,int,int,java.lang.String)>",
						"key field: <android.media.videoeditor.AudioTrack: long mDurationMs>",
						"<android.media.videoeditor.AudioTrack: void setExtractBoundaries(long,long)>"
					],
					"depth":5,
					"method":"<android.media.videoeditor.VideoEditorFactory: android.media.videoeditor.VideoEditor load(java.lang.String,boolean)>",
					"source":"FIELDCALLER"
				}
			],
			"callerOfSingnlar2SourceVar":{
				"<android.media.videoeditor.AudioTrack: void setExtractBoundaries(long,long)>":"1, 0"
			}
		},
		{
			"method":"<android.media.videoeditor.AudioTrack: void setExtractBoundaries(long,long)>",
			"message":"\\QInvalid end time\\E",
			"relatedVarType":"ParaAndField",
			"relatedCondType":"Basic",
			"modifier":"public",
			"type":"java.lang.IllegalArgumentException",
			"osVersionRelated":false,
			"resourceRelated":false,
			"assessRelated":false,
			"hardwareRelated":false,
			"manifestRelated":false,
			"conditions":"$b5 <= 0, $b2 <= 0",
			"paramValues":"@parameter1: long, @parameter0: long",
			"fieldValues":"<android.media.videoeditor.AudioTrack: long mDurationMs>",
			"relatedValues":"@parameter1: long, @parameter0: long; <android.media.videoeditor.AudioTrack: long mDurationMs>; ",
			"keyAPISameClassNum":1,
			"keyAPIDiffClassNum":3,
			"keyAPISameClass":[
				{
					"trace":[
						"<android.media.videoeditor.AudioTrack: void <init>(android.media.videoeditor.VideoEditor,java.lang.String,java.lang.String)>",
						"<android.media.videoeditor.AudioTrack: void <init>(android.media.videoeditor.VideoEditor,java.lang.String,java.lang.String,long,long,long,boolean,int,boolean,boolean,int,int,java.lang.String)>",
						"key field: <android.media.videoeditor.AudioTrack: long mDurationMs>",
						"<android.media.videoeditor.AudioTrack: void setExtractBoundaries(long,long)>"
					],
					"depth":2,
					"method":"<android.media.videoeditor.AudioTrack: void <init>(android.media.videoeditor.VideoEditor,java.lang.String,java.lang.String)>",
					"source":"FIELDCALLER"
				}
			],
			"keyAPIDiffClass":[
				{
					"trace":[
						"<android.media.videoeditor.VideoEditorImpl: void <init>(java.lang.String)>",
						"<android.media.videoeditor.VideoEditorImpl: void load()>",
						"<android.media.videoeditor.VideoEditorImpl: android.media.videoeditor.AudioTrack parseAudioTrack(org.xmlpull.v1.XmlPullParser)>",
						"<android.media.videoeditor.AudioTrack: void <init>(android.media.videoeditor.VideoEditor,java.lang.String,java.lang.String,long,long,long,boolean,int,boolean,boolean,int,int,java.lang.String)>",
						"key field: <android.media.videoeditor.AudioTrack: long mDurationMs>",
						"<android.media.videoeditor.AudioTrack: void setExtractBoundaries(long,long)>"
					],
					"depth":4,
					"method":"<android.media.videoeditor.VideoEditorImpl: void <init>(java.lang.String)>",
					"source":"FIELDCALLER"
				},
				{
					"trace":[
						"<android.media.videoeditor.VideoEditorFactory: android.media.videoeditor.VideoEditor create(java.lang.String)>",
						"<android.media.videoeditor.VideoEditorImpl: void <init>(java.lang.String)>",
						"<android.media.videoeditor.VideoEditorImpl: void load()>",
						"<android.media.videoeditor.VideoEditorImpl: android.media.videoeditor.AudioTrack parseAudioTrack(org.xmlpull.v1.XmlPullParser)>",
						"<android.media.videoeditor.AudioTrack: void <init>(android.media.videoeditor.VideoEditor,java.lang.String,java.lang.String,long,long,long,boolean,int,boolean,boolean,int,int,java.lang.String)>",
						"key field: <android.media.videoeditor.AudioTrack: long mDurationMs>",
						"<android.media.videoeditor.AudioTrack: void setExtractBoundaries(long,long)>"
					],
					"depth":5,
					"method":"<android.media.videoeditor.VideoEditorFactory: android.media.videoeditor.VideoEditor create(java.lang.String)>",
					"source":"FIELDCALLER"
				},
				{
					"trace":[
						"<android.media.videoeditor.VideoEditorFactory: android.media.videoeditor.VideoEditor load(java.lang.String,boolean)>",
						"<android.media.videoeditor.VideoEditorImpl: void <init>(java.lang.String)>",
						"<android.media.videoeditor.VideoEditorImpl: void load()>",
						"<android.media.videoeditor.VideoEditorImpl: android.media.videoeditor.AudioTrack parseAudioTrack(org.xmlpull.v1.XmlPullParser)>",
						"<android.media.videoeditor.AudioTrack: void <init>(android.media.videoeditor.VideoEditor,java.lang.String,java.lang.String,long,long,long,boolean,int,boolean,boolean,int,int,java.lang.String)>",
						"key field: <android.media.videoeditor.AudioTrack: long mDurationMs>",
						"<android.media.videoeditor.AudioTrack: void setExtractBoundaries(long,long)>"
					],
					"depth":5,
					"method":"<android.media.videoeditor.VideoEditorFactory: android.media.videoeditor.VideoEditor load(java.lang.String,boolean)>",
					"source":"FIELDCALLER"
				}
			],
			"callerOfSingnlar2SourceVar":{
				"<android.media.videoeditor.AudioTrack: void setExtractBoundaries(long,long)>":"1, 0"
			}
		},
		{
			"method":"<android.media.videoeditor.AudioTrack: void setExtractBoundaries(long,long)>",
			"message":"\\QInvalid start time; is < 0\\E",
			"relatedVarType":"ParaAndField",
			"relatedCondType":"Basic",
			"modifier":"public",
			"type":"java.lang.IllegalArgumentException",
			"osVersionRelated":false,
			"resourceRelated":false,
			"assessRelated":false,
			"hardwareRelated":false,
			"manifestRelated":false,
			"conditions":"$b6 >= 0, $b5 <= 0, $b2 <= 0",
			"paramValues":"@parameter0: long, @parameter1: long",
			"fieldValues":"<android.media.videoeditor.AudioTrack: long mDurationMs>",
			"relatedValues":"@parameter0: long, @parameter1: long; <android.media.videoeditor.AudioTrack: long mDurationMs>; ",
			"keyAPISameClassNum":1,
			"keyAPIDiffClassNum":3,
			"keyAPISameClass":[
				{
					"trace":[
						"<android.media.videoeditor.AudioTrack: void <init>(android.media.videoeditor.VideoEditor,java.lang.String,java.lang.String)>",
						"<android.media.videoeditor.AudioTrack: void <init>(android.media.videoeditor.VideoEditor,java.lang.String,java.lang.String,long,long,long,boolean,int,boolean,boolean,int,int,java.lang.String)>",
						"key field: <android.media.videoeditor.AudioTrack: long mDurationMs>",
						"<android.media.videoeditor.AudioTrack: void setExtractBoundaries(long,long)>"
					],
					"depth":2,
					"method":"<android.media.videoeditor.AudioTrack: void <init>(android.media.videoeditor.VideoEditor,java.lang.String,java.lang.String)>",
					"source":"FIELDCALLER"
				}
			],
			"keyAPIDiffClass":[
				{
					"trace":[
						"<android.media.videoeditor.VideoEditorImpl: void <init>(java.lang.String)>",
						"<android.media.videoeditor.VideoEditorImpl: void load()>",
						"<android.media.videoeditor.VideoEditorImpl: android.media.videoeditor.AudioTrack parseAudioTrack(org.xmlpull.v1.XmlPullParser)>",
						"<android.media.videoeditor.AudioTrack: void <init>(android.media.videoeditor.VideoEditor,java.lang.String,java.lang.String,long,long,long,boolean,int,boolean,boolean,int,int,java.lang.String)>",
						"key field: <android.media.videoeditor.AudioTrack: long mDurationMs>",
						"<android.media.videoeditor.AudioTrack: void setExtractBoundaries(long,long)>"
					],
					"depth":4,
					"method":"<android.media.videoeditor.VideoEditorImpl: void <init>(java.lang.String)>",
					"source":"FIELDCALLER"
				},
				{
					"trace":[
						"<android.media.videoeditor.VideoEditorFactory: android.media.videoeditor.VideoEditor create(java.lang.String)>",
						"<android.media.videoeditor.VideoEditorImpl: void <init>(java.lang.String)>",
						"<android.media.videoeditor.VideoEditorImpl: void load()>",
						"<android.media.videoeditor.VideoEditorImpl: android.media.videoeditor.AudioTrack parseAudioTrack(org.xmlpull.v1.XmlPullParser)>",
						"<android.media.videoeditor.AudioTrack: void <init>(android.media.videoeditor.VideoEditor,java.lang.String,java.lang.String,long,long,long,boolean,int,boolean,boolean,int,int,java.lang.String)>",
						"key field: <android.media.videoeditor.AudioTrack: long mDurationMs>",
						"<android.media.videoeditor.AudioTrack: void setExtractBoundaries(long,long)>"
					],
					"depth":5,
					"method":"<android.media.videoeditor.VideoEditorFactory: android.media.videoeditor.VideoEditor create(java.lang.String)>",
					"source":"FIELDCALLER"
				},
				{
					"trace":[
						"<android.media.videoeditor.VideoEditorFactory: android.media.videoeditor.VideoEditor load(java.lang.String,boolean)>",
						"<android.media.videoeditor.VideoEditorImpl: void <init>(java.lang.String)>",
						"<android.media.videoeditor.VideoEditorImpl: void load()>",
						"<android.media.videoeditor.VideoEditorImpl: android.media.videoeditor.AudioTrack parseAudioTrack(org.xmlpull.v1.XmlPullParser)>",
						"<android.media.videoeditor.AudioTrack: void <init>(android.media.videoeditor.VideoEditor,java.lang.String,java.lang.String,long,long,long,boolean,int,boolean,boolean,int,int,java.lang.String)>",
						"key field: <android.media.videoeditor.AudioTrack: long mDurationMs>",
						"<android.media.videoeditor.AudioTrack: void setExtractBoundaries(long,long)>"
					],
					"depth":5,
					"method":"<android.media.videoeditor.VideoEditorFactory: android.media.videoeditor.VideoEditor load(java.lang.String,boolean)>",
					"source":"FIELDCALLER"
				}
			],
			"callerOfSingnlar2SourceVar":{
				"<android.media.videoeditor.AudioTrack: void setExtractBoundaries(long,long)>":"0, 1"
			}
		},
		{
			"method":"<android.media.videoeditor.AudioTrack: void setVolume(int)>",
			"message":"\\QInvalid Volume \\E",
			"relatedVarType":"Parameter",
			"relatedCondType":"Basic",
			"modifier":"public",
			"type":"java.lang.IllegalArgumentException",
			"osVersionRelated":false,
			"resourceRelated":false,
			"assessRelated":false,
			"hardwareRelated":false,
			"manifestRelated":false,
			"conditions":"i0 >= 0, i0 <= 100",
			"paramValues":"@parameter0: int",
			"relatedValues":"@parameter0: int; ; ",
			"keyAPISameClassNum":0,
			"keyAPIDiffClassNum":0,
			"keyAPISameClass":[
				{
					"trace":[
						"<android.media.videoeditor.AudioTrack: void setVolume(int)>"
					],
					"depth":0,
					"method":"<android.media.videoeditor.AudioTrack: void setVolume(int)>",
					"source":"CALLER"
				}
			],
			"keyAPIDiffClass":[],
			"callerOfSingnlar2SourceVar":{
				"<android.media.videoeditor.AudioTrack: void setVolume(int)>":"0"
			}
		},
		{
			"method":"<android.media.videoeditor.AudioTrack: void setVolume(int)>",
			"message":"\\QVolume set exceeds maximum allowed value\\E",
			"relatedVarType":"Parameter",
			"relatedCondType":"Basic",
			"modifier":"public",
			"type":"java.lang.IllegalArgumentException",
			"osVersionRelated":false,
			"resourceRelated":false,
			"assessRelated":false,
			"hardwareRelated":false,
			"manifestRelated":false,
			"conditions":"i0 <= 100",
			"paramValues":"@parameter0: int",
			"relatedValues":"@parameter0: int; ; ",
			"keyAPISameClassNum":0,
			"keyAPIDiffClassNum":0,
			"keyAPISameClass":[
				{
					"trace":[
						"<android.media.videoeditor.AudioTrack: void setVolume(int)>"
					],
					"depth":0,
					"method":"<android.media.videoeditor.AudioTrack: void setVolume(int)>",
					"source":"CALLER"
				}
			],
			"keyAPIDiffClass":[],
			"callerOfSingnlar2SourceVar":{
				"<android.media.videoeditor.AudioTrack: void setVolume(int)>":"0"
			}
		}
	]
}