{
	"exceptions":[
		{
			"method":"<android.filterfw.core.StopWatch: void start()>",
			"message":"\\QCalling start with StopWatch already running\\E",
			"relatedVarType":"Field",
			"relatedCondType":"Basic",
			"modifier":"public",
			"type":"java.lang.RuntimeException",
			"osVersionRelated":false,
			"resourceRelated":false,
			"assessRelated":false,
			"hardwareRelated":false,
			"manifestRelated":false,
			"conditions":"$b1 == 0",
			"fieldValues":"<android.filterfw.core.StopWatch: long mStartTime>",
			"relatedValues":"; <android.filterfw.core.StopWatch: long mStartTime>; ",
			"keyAPISameClassNum":3,
			"keyAPIDiffClassNum":18,
			"keyAPISameClass":[
				{
					"trace":[
						"<android.filterfw.core.StopWatch: void start()>"
					],
					"depth":1,
					"method":"<android.filterfw.core.StopWatch: void <init>(java.lang.String)>",
					"source":"FIELD"
				},
				{
					"trace":[
						"<android.filterfw.core.StopWatch: void start()>"
					],
					"depth":1,
					"method":"<android.filterfw.core.StopWatch: void start()>",
					"source":"FIELD"
				},
				{
					"trace":[
						"<android.filterfw.core.StopWatch: void start()>"
					],
					"depth":1,
					"method":"<android.filterfw.core.StopWatch: void stop()>",
					"source":"FIELD"
				}
			],
			"keyAPIDiffClass":[
				{
					"trace":[
						"<android.filterfw.core.StopWatchMap: void start(java.lang.String)>",
						"<android.filterfw.core.StopWatch: void <init>(java.lang.String)>",
						"key field: <android.filterfw.core.StopWatch: long mStartTime>",
						"<android.filterfw.core.StopWatch: void start()>"
					],
					"depth":2,
					"method":"<android.filterfw.core.StopWatchMap: void start(java.lang.String)>",
					"source":"FIELDCALLER"
				},
				{
					"trace":[
						"<android.filterfw.core.StopWatchMap: void stop(java.lang.String)>",
						"<android.filterfw.core.StopWatch: void stop()>",
						"key field: <android.filterfw.core.StopWatch: long mStartTime>",
						"<android.filterfw.core.StopWatch: void start()>"
					],
					"depth":2,
					"method":"<android.filterfw.core.StopWatchMap: void stop(java.lang.String)>",
					"source":"FIELDCALLER"
				},
				{
					"trace":[
						"<android.filterfw.core.ShaderProgram: void process(android.filterfw.core.Frame[],android.filterfw.core.Frame)>",
						"<android.filterfw.core.StopWatchMap: void start(java.lang.String)>",
						"<android.filterfw.core.StopWatch: void <init>(java.lang.String)>",
						"key field: <android.filterfw.core.StopWatch: long mStartTime>",
						"<android.filterfw.core.StopWatch: void start()>"
					],
					"depth":3,
					"method":"<android.filterfw.core.ShaderProgram: void process(android.filterfw.core.Frame[],android.filterfw.core.Frame)>",
					"source":"FIELDCALLER"
				},
				{
					"trace":[
						"<android.filterfw.core.Program: void process(android.filterfw.core.Frame[],android.filterfw.core.Frame)>",
						"<android.filterfw.core.StopWatchMap: void start(java.lang.String)>",
						"<android.filterfw.core.StopWatch: void <init>(java.lang.String)>",
						"key field: <android.filterfw.core.StopWatch: long mStartTime>",
						"<android.filterfw.core.StopWatch: void start()>"
					],
					"depth":3,
					"method":"<android.filterfw.core.Program: void process(android.filterfw.core.Frame[],android.filterfw.core.Frame)>",
					"source":"FIELDCALLER"
				},
				{
					"trace":[
						"<android.filterfw.core.SyncRunner: void run()>",
						"<android.filterfw.core.SyncRunner: boolean performStep()>",
						"<android.filterfw.core.StopWatchMap: void start(java.lang.String)>",
						"<android.filterfw.core.StopWatch: void <init>(java.lang.String)>",
						"key field: <android.filterfw.core.StopWatch: long mStartTime>",
						"<android.filterfw.core.StopWatch: void start()>"
					],
					"depth":4,
					"method":"<android.filterfw.core.SyncRunner: void run()>",
					"source":"FIELDCALLER"
				},
				{
					"trace":[
						"<android.filterfw.core.GraphRunner: void run()>",
						"<android.filterfw.core.SyncRunner: boolean performStep()>",
						"<android.filterfw.core.StopWatchMap: void start(java.lang.String)>",
						"<android.filterfw.core.StopWatch: void <init>(java.lang.String)>",
						"key field: <android.filterfw.core.StopWatch: long mStartTime>",
						"<android.filterfw.core.StopWatch: void start()>"
					],
					"depth":4,
					"method":"<android.filterfw.core.GraphRunner: void run()>",
					"source":"FIELDCALLER"
				},
				{
					"trace":[
						"<android.filterfw.core.SyncRunner: int step()>",
						"<android.filterfw.core.SyncRunner: boolean performStep()>",
						"<android.filterfw.core.StopWatchMap: void start(java.lang.String)>",
						"<android.filterfw.core.StopWatch: void <init>(java.lang.String)>",
						"key field: <android.filterfw.core.StopWatch: long mStartTime>",
						"<android.filterfw.core.StopWatch: void start()>"
					],
					"depth":4,
					"method":"<android.filterfw.core.SyncRunner: int step()>",
					"source":"FIELDCALLER"
				},
				{
					"trace":[
						"<android.filterfw.core.Filter: void process(android.filterfw.core.FilterContext)>",
						"<android.filterfw.core.ShaderProgram: void process(android.filterfw.core.Frame[],android.filterfw.core.Frame)>",
						"<android.filterfw.core.StopWatchMap: void start(java.lang.String)>",
						"<android.filterfw.core.StopWatch: void <init>(java.lang.String)>",
						"key field: <android.filterfw.core.StopWatch: long mStartTime>",
						"<android.filterfw.core.StopWatch: void start()>"
					],
					"depth":4,
					"method":"<android.filterfw.core.Filter: void process(android.filterfw.core.FilterContext)>",
					"source":"FIELDCALLER"
				},
				{
					"trace":[
						"<android.filterpacks.videoproc.BackDropperFilter: void process(android.filterfw.core.FilterContext)>",
						"<android.filterfw.core.ShaderProgram: void process(android.filterfw.core.Frame[],android.filterfw.core.Frame)>",
						"<android.filterfw.core.StopWatchMap: void start(java.lang.String)>",
						"<android.filterfw.core.StopWatch: void <init>(java.lang.String)>",
						"key field: <android.filterfw.core.StopWatch: long mStartTime>",
						"<android.filterfw.core.StopWatch: void start()>"
					],
					"depth":4,
					"method":"<android.filterpacks.videoproc.BackDropperFilter: void process(android.filterfw.core.FilterContext)>",
					"source":"FIELDCALLER"
				},
				{
					"trace":[
						"<android.filterfw.core.Frame: android.graphics.Bitmap getBitmap()>",
						"<android.filterfw.core.GLFrame: void flushGPU(java.lang.String)>",
						"<android.filterfw.core.StopWatchMap: void start(java.lang.String)>",
						"<android.filterfw.core.StopWatch: void <init>(java.lang.String)>",
						"key field: <android.filterfw.core.StopWatch: long mStartTime>",
						"<android.filterfw.core.StopWatch: void start()>"
					],
					"depth":4,
					"method":"<android.filterfw.core.Frame: android.graphics.Bitmap getBitmap()>",
					"source":"FIELDCALLER"
				},
				{
					"trace":[
						"<android.filterfw.core.GLFrame: android.graphics.Bitmap getBitmap()>",
						"<android.filterfw.core.GLFrame: void flushGPU(java.lang.String)>",
						"<android.filterfw.core.StopWatchMap: void start(java.lang.String)>",
						"<android.filterfw.core.StopWatch: void <init>(java.lang.String)>",
						"key field: <android.filterfw.core.StopWatch: long mStartTime>",
						"<android.filterfw.core.StopWatch: void start()>"
					],
					"depth":4,
					"method":"<android.filterfw.core.GLFrame: android.graphics.Bitmap getBitmap()>",
					"source":"FIELDCALLER"
				},
				{
					"trace":[
						"<android.filterfw.core.Frame: int[] getInts()>",
						"<android.filterfw.core.GLFrame: void flushGPU(java.lang.String)>",
						"<android.filterfw.core.StopWatchMap: void start(java.lang.String)>",
						"<android.filterfw.core.StopWatch: void <init>(java.lang.String)>",
						"key field: <android.filterfw.core.StopWatch: long mStartTime>",
						"<android.filterfw.core.StopWatch: void start()>"
					],
					"depth":4,
					"method":"<android.filterfw.core.Frame: int[] getInts()>",
					"source":"FIELDCALLER"
				},
				{
					"trace":[
						"<android.filterfw.core.GLFrame: int[] getInts()>",
						"<android.filterfw.core.GLFrame: void flushGPU(java.lang.String)>",
						"<android.filterfw.core.StopWatchMap: void start(java.lang.String)>",
						"<android.filterfw.core.StopWatch: void <init>(java.lang.String)>",
						"key field: <android.filterfw.core.StopWatch: long mStartTime>",
						"<android.filterfw.core.StopWatch: void start()>"
					],
					"depth":4,
					"method":"<android.filterfw.core.GLFrame: int[] getInts()>",
					"source":"FIELDCALLER"
				},
				{
					"trace":[
						"<android.filterfw.core.Frame: float[] getFloats()>",
						"<android.filterfw.core.GLFrame: void flushGPU(java.lang.String)>",
						"<android.filterfw.core.StopWatchMap: void start(java.lang.String)>",
						"<android.filterfw.core.StopWatch: void <init>(java.lang.String)>",
						"key field: <android.filterfw.core.StopWatch: long mStartTime>",
						"<android.filterfw.core.StopWatch: void start()>"
					],
					"depth":4,
					"method":"<android.filterfw.core.Frame: float[] getFloats()>",
					"source":"FIELDCALLER"
				},
				{
					"trace":[
						"<android.filterfw.core.GLFrame: float[] getFloats()>",
						"<android.filterfw.core.GLFrame: void flushGPU(java.lang.String)>",
						"<android.filterfw.core.StopWatchMap: void start(java.lang.String)>",
						"<android.filterfw.core.StopWatch: void <init>(java.lang.String)>",
						"key field: <android.filterfw.core.StopWatch: long mStartTime>",
						"<android.filterfw.core.StopWatch: void start()>"
					],
					"depth":4,
					"method":"<android.filterfw.core.GLFrame: float[] getFloats()>",
					"source":"FIELDCALLER"
				},
				{
					"trace":[
						"<android.filterfw.core.Frame: java.nio.ByteBuffer getData()>",
						"<android.filterfw.core.GLFrame: void flushGPU(java.lang.String)>",
						"<android.filterfw.core.StopWatchMap: void start(java.lang.String)>",
						"<android.filterfw.core.StopWatch: void <init>(java.lang.String)>",
						"key field: <android.filterfw.core.StopWatch: long mStartTime>",
						"<android.filterfw.core.StopWatch: void start()>"
					],
					"depth":4,
					"method":"<android.filterfw.core.Frame: java.nio.ByteBuffer getData()>",
					"source":"FIELDCALLER"
				},
				{
					"trace":[
						"<android.filterfw.core.GLFrame: java.nio.ByteBuffer getData()>",
						"<android.filterfw.core.GLFrame: void flushGPU(java.lang.String)>",
						"<android.filterfw.core.StopWatchMap: void start(java.lang.String)>",
						"<android.filterfw.core.StopWatch: void <init>(java.lang.String)>",
						"key field: <android.filterfw.core.StopWatch: long mStartTime>",
						"<android.filterfw.core.StopWatch: void start()>"
					],
					"depth":4,
					"method":"<android.filterfw.core.GLFrame: java.nio.ByteBuffer getData()>",
					"source":"FIELDCALLER"
				},
				{
					"trace":[
						"<android.filterfw.core.AsyncRunner: void run()>",
						"<android.filterfw.core.AsyncRunner$AsyncRunnerTask: java.lang.Object doInBackground(java.lang.Object[])>",
						"<android.filterfw.core.AsyncRunner$AsyncRunnerTask: android.filterfw.core.AsyncRunner$RunnerResult doInBackground(android.filterfw.core.SyncRunner[])>",
						"<android.filterfw.core.SyncRunner: boolean performStep()>",
						"<android.filterfw.core.StopWatchMap: void start(java.lang.String)>",
						"<android.filterfw.core.StopWatch: void <init>(java.lang.String)>",
						"key field: <android.filterfw.core.StopWatch: long mStartTime>",
						"<android.filterfw.core.StopWatch: void start()>"
					],
					"depth":6,
					"method":"<android.filterfw.core.AsyncRunner: void run()>",
					"source":"FIELDCALLER"
				}
			],
			"callerOfSingnlar2SourceVar":{}
		},
		{
			"method":"<android.filterfw.core.StopWatch: void stop()>",
			"message":"\\QCalling stop with StopWatch already stopped\\E",
			"relatedVarType":"Field",
			"relatedCondType":"Basic",
			"modifier":"public",
			"type":"java.lang.RuntimeException",
			"osVersionRelated":false,
			"resourceRelated":false,
			"assessRelated":false,
			"hardwareRelated":false,
			"manifestRelated":false,
			"conditions":"$b1 != 0",
			"fieldValues":"<android.filterfw.core.StopWatch: long mStartTime>",
			"relatedValues":"; <android.filterfw.core.StopWatch: long mStartTime>; ",
			"keyAPISameClassNum":3,
			"keyAPIDiffClassNum":18,
			"keyAPISameClass":[
				{
					"trace":[
						"<android.filterfw.core.StopWatch: void stop()>"
					],
					"depth":1,
					"method":"<android.filterfw.core.StopWatch: void <init>(java.lang.String)>",
					"source":"FIELD"
				},
				{
					"trace":[
						"<android.filterfw.core.StopWatch: void stop()>"
					],
					"depth":1,
					"method":"<android.filterfw.core.StopWatch: void start()>",
					"source":"FIELD"
				},
				{
					"trace":[
						"<android.filterfw.core.StopWatch: void stop()>"
					],
					"depth":1,
					"method":"<android.filterfw.core.StopWatch: void stop()>",
					"source":"FIELD"
				}
			],
			"keyAPIDiffClass":[
				{
					"trace":[
						"<android.filterfw.core.StopWatchMap: void start(java.lang.String)>",
						"<android.filterfw.core.StopWatch: void <init>(java.lang.String)>",
						"key field: <android.filterfw.core.StopWatch: long mStartTime>",
						"<android.filterfw.core.StopWatch: void stop()>"
					],
					"depth":2,
					"method":"<android.filterfw.core.StopWatchMap: void start(java.lang.String)>",
					"source":"FIELDCALLER"
				},
				{
					"trace":[
						"<android.filterfw.core.StopWatchMap: void stop(java.lang.String)>",
						"<android.filterfw.core.StopWatch: void stop()>",
						"key field: <android.filterfw.core.StopWatch: long mStartTime>",
						"<android.filterfw.core.StopWatch: void stop()>"
					],
					"depth":2,
					"method":"<android.filterfw.core.StopWatchMap: void stop(java.lang.String)>",
					"source":"FIELDCALLER"
				},
				{
					"trace":[
						"<android.filterfw.core.ShaderProgram: void process(android.filterfw.core.Frame[],android.filterfw.core.Frame)>",
						"<android.filterfw.core.StopWatchMap: void start(java.lang.String)>",
						"<android.filterfw.core.StopWatch: void <init>(java.lang.String)>",
						"key field: <android.filterfw.core.StopWatch: long mStartTime>",
						"<android.filterfw.core.StopWatch: void stop()>"
					],
					"depth":3,
					"method":"<android.filterfw.core.ShaderProgram: void process(android.filterfw.core.Frame[],android.filterfw.core.Frame)>",
					"source":"FIELDCALLER"
				},
				{
					"trace":[
						"<android.filterfw.core.Program: void process(android.filterfw.core.Frame[],android.filterfw.core.Frame)>",
						"<android.filterfw.core.StopWatchMap: void start(java.lang.String)>",
						"<android.filterfw.core.StopWatch: void <init>(java.lang.String)>",
						"key field: <android.filterfw.core.StopWatch: long mStartTime>",
						"<android.filterfw.core.StopWatch: void stop()>"
					],
					"depth":3,
					"method":"<android.filterfw.core.Program: void process(android.filterfw.core.Frame[],android.filterfw.core.Frame)>",
					"source":"FIELDCALLER"
				},
				{
					"trace":[
						"<android.filterfw.core.SyncRunner: void run()>",
						"<android.filterfw.core.SyncRunner: boolean performStep()>",
						"<android.filterfw.core.StopWatchMap: void start(java.lang.String)>",
						"<android.filterfw.core.StopWatch: void <init>(java.lang.String)>",
						"key field: <android.filterfw.core.StopWatch: long mStartTime>",
						"<android.filterfw.core.StopWatch: void stop()>"
					],
					"depth":4,
					"method":"<android.filterfw.core.SyncRunner: void run()>",
					"source":"FIELDCALLER"
				},
				{
					"trace":[
						"<android.filterfw.core.GraphRunner: void run()>",
						"<android.filterfw.core.SyncRunner: boolean performStep()>",
						"<android.filterfw.core.StopWatchMap: void start(java.lang.String)>",
						"<android.filterfw.core.StopWatch: void <init>(java.lang.String)>",
						"key field: <android.filterfw.core.StopWatch: long mStartTime>",
						"<android.filterfw.core.StopWatch: void stop()>"
					],
					"depth":4,
					"method":"<android.filterfw.core.GraphRunner: void run()>",
					"source":"FIELDCALLER"
				},
				{
					"trace":[
						"<android.filterfw.core.SyncRunner: int step()>",
						"<android.filterfw.core.SyncRunner: boolean performStep()>",
						"<android.filterfw.core.StopWatchMap: void start(java.lang.String)>",
						"<android.filterfw.core.StopWatch: void <init>(java.lang.String)>",
						"key field: <android.filterfw.core.StopWatch: long mStartTime>",
						"<android.filterfw.core.StopWatch: void stop()>"
					],
					"depth":4,
					"method":"<android.filterfw.core.SyncRunner: int step()>",
					"source":"FIELDCALLER"
				},
				{
					"trace":[
						"<android.filterfw.core.Filter: void process(android.filterfw.core.FilterContext)>",
						"<android.filterfw.core.ShaderProgram: void process(android.filterfw.core.Frame[],android.filterfw.core.Frame)>",
						"<android.filterfw.core.StopWatchMap: void start(java.lang.String)>",
						"<android.filterfw.core.StopWatch: void <init>(java.lang.String)>",
						"key field: <android.filterfw.core.StopWatch: long mStartTime>",
						"<android.filterfw.core.StopWatch: void stop()>"
					],
					"depth":4,
					"method":"<android.filterfw.core.Filter: void process(android.filterfw.core.FilterContext)>",
					"source":"FIELDCALLER"
				},
				{
					"trace":[
						"<android.filterpacks.videoproc.BackDropperFilter: void process(android.filterfw.core.FilterContext)>",
						"<android.filterfw.core.ShaderProgram: void process(android.filterfw.core.Frame[],android.filterfw.core.Frame)>",
						"<android.filterfw.core.StopWatchMap: void start(java.lang.String)>",
						"<android.filterfw.core.StopWatch: void <init>(java.lang.String)>",
						"key field: <android.filterfw.core.StopWatch: long mStartTime>",
						"<android.filterfw.core.StopWatch: void stop()>"
					],
					"depth":4,
					"method":"<android.filterpacks.videoproc.BackDropperFilter: void process(android.filterfw.core.FilterContext)>",
					"source":"FIELDCALLER"
				},
				{
					"trace":[
						"<android.filterfw.core.Frame: android.graphics.Bitmap getBitmap()>",
						"<android.filterfw.core.GLFrame: void flushGPU(java.lang.String)>",
						"<android.filterfw.core.StopWatchMap: void start(java.lang.String)>",
						"<android.filterfw.core.StopWatch: void <init>(java.lang.String)>",
						"key field: <android.filterfw.core.StopWatch: long mStartTime>",
						"<android.filterfw.core.StopWatch: void stop()>"
					],
					"depth":4,
					"method":"<android.filterfw.core.Frame: android.graphics.Bitmap getBitmap()>",
					"source":"FIELDCALLER"
				},
				{
					"trace":[
						"<android.filterfw.core.GLFrame: android.graphics.Bitmap getBitmap()>",
						"<android.filterfw.core.GLFrame: void flushGPU(java.lang.String)>",
						"<android.filterfw.core.StopWatchMap: void start(java.lang.String)>",
						"<android.filterfw.core.StopWatch: void <init>(java.lang.String)>",
						"key field: <android.filterfw.core.StopWatch: long mStartTime>",
						"<android.filterfw.core.StopWatch: void stop()>"
					],
					"depth":4,
					"method":"<android.filterfw.core.GLFrame: android.graphics.Bitmap getBitmap()>",
					"source":"FIELDCALLER"
				},
				{
					"trace":[
						"<android.filterfw.core.Frame: int[] getInts()>",
						"<android.filterfw.core.GLFrame: void flushGPU(java.lang.String)>",
						"<android.filterfw.core.StopWatchMap: void start(java.lang.String)>",
						"<android.filterfw.core.StopWatch: void <init>(java.lang.String)>",
						"key field: <android.filterfw.core.StopWatch: long mStartTime>",
						"<android.filterfw.core.StopWatch: void stop()>"
					],
					"depth":4,
					"method":"<android.filterfw.core.Frame: int[] getInts()>",
					"source":"FIELDCALLER"
				},
				{
					"trace":[
						"<android.filterfw.core.GLFrame: int[] getInts()>",
						"<android.filterfw.core.GLFrame: void flushGPU(java.lang.String)>",
						"<android.filterfw.core.StopWatchMap: void start(java.lang.String)>",
						"<android.filterfw.core.StopWatch: void <init>(java.lang.String)>",
						"key field: <android.filterfw.core.StopWatch: long mStartTime>",
						"<android.filterfw.core.StopWatch: void stop()>"
					],
					"depth":4,
					"method":"<android.filterfw.core.GLFrame: int[] getInts()>",
					"source":"FIELDCALLER"
				},
				{
					"trace":[
						"<android.filterfw.core.Frame: float[] getFloats()>",
						"<android.filterfw.core.GLFrame: void flushGPU(java.lang.String)>",
						"<android.filterfw.core.StopWatchMap: void start(java.lang.String)>",
						"<android.filterfw.core.StopWatch: void <init>(java.lang.String)>",
						"key field: <android.filterfw.core.StopWatch: long mStartTime>",
						"<android.filterfw.core.StopWatch: void stop()>"
					],
					"depth":4,
					"method":"<android.filterfw.core.Frame: float[] getFloats()>",
					"source":"FIELDCALLER"
				},
				{
					"trace":[
						"<android.filterfw.core.GLFrame: float[] getFloats()>",
						"<android.filterfw.core.GLFrame: void flushGPU(java.lang.String)>",
						"<android.filterfw.core.StopWatchMap: void start(java.lang.String)>",
						"<android.filterfw.core.StopWatch: void <init>(java.lang.String)>",
						"key field: <android.filterfw.core.StopWatch: long mStartTime>",
						"<android.filterfw.core.StopWatch: void stop()>"
					],
					"depth":4,
					"method":"<android.filterfw.core.GLFrame: float[] getFloats()>",
					"source":"FIELDCALLER"
				},
				{
					"trace":[
						"<android.filterfw.core.Frame: java.nio.ByteBuffer getData()>",
						"<android.filterfw.core.GLFrame: void flushGPU(java.lang.String)>",
						"<android.filterfw.core.StopWatchMap: void start(java.lang.String)>",
						"<android.filterfw.core.StopWatch: void <init>(java.lang.String)>",
						"key field: <android.filterfw.core.StopWatch: long mStartTime>",
						"<android.filterfw.core.StopWatch: void stop()>"
					],
					"depth":4,
					"method":"<android.filterfw.core.Frame: java.nio.ByteBuffer getData()>",
					"source":"FIELDCALLER"
				},
				{
					"trace":[
						"<android.filterfw.core.GLFrame: java.nio.ByteBuffer getData()>",
						"<android.filterfw.core.GLFrame: void flushGPU(java.lang.String)>",
						"<android.filterfw.core.StopWatchMap: void start(java.lang.String)>",
						"<android.filterfw.core.StopWatch: void <init>(java.lang.String)>",
						"key field: <android.filterfw.core.StopWatch: long mStartTime>",
						"<android.filterfw.core.StopWatch: void stop()>"
					],
					"depth":4,
					"method":"<android.filterfw.core.GLFrame: java.nio.ByteBuffer getData()>",
					"source":"FIELDCALLER"
				},
				{
					"trace":[
						"<android.filterfw.core.AsyncRunner: void run()>",
						"<android.filterfw.core.AsyncRunner$AsyncRunnerTask: java.lang.Object doInBackground(java.lang.Object[])>",
						"<android.filterfw.core.AsyncRunner$AsyncRunnerTask: android.filterfw.core.AsyncRunner$RunnerResult doInBackground(android.filterfw.core.SyncRunner[])>",
						"<android.filterfw.core.SyncRunner: boolean performStep()>",
						"<android.filterfw.core.StopWatchMap: void start(java.lang.String)>",
						"<android.filterfw.core.StopWatch: void <init>(java.lang.String)>",
						"key field: <android.filterfw.core.StopWatch: long mStartTime>",
						"<android.filterfw.core.StopWatch: void stop()>"
					],
					"depth":6,
					"method":"<android.filterfw.core.AsyncRunner: void run()>",
					"source":"FIELDCALLER"
				}
			],
			"callerOfSingnlar2SourceVar":{}
		}
	]
}