{
	"exceptions":[
		{
			"method":"<android.filterfw.core.SyncRunner: void <init>(android.filterfw.core.FilterContext,android.filterfw.core.FilterGraph,java.lang.Class)>",
			"message":"\\QScheduler does not have constructor <init>(FilterGraph)!\\E",
			"relatedVarType":"ParaAndField",
			"relatedCondType":"Basic",
			"modifier":"public",
			"type":"java.lang.RuntimeException",
			"osVersionRelated":false,
			"resourceRelated":false,
			"assessRelated":false,
			"hardwareRelated":false,
			"manifestRelated":false,
			"conditions":"$z2 == 0, $z1 == 0",
			"paramValues":"@parameter2: java.lang.Class",
			"fieldValues":"<android.filterfw.core.SyncRunner: boolean mLogVerbose>",
			"caughtValues":"@caughtexception",
			"relatedValues":"@parameter2: java.lang.Class; <android.filterfw.core.SyncRunner: boolean mLogVerbose>; @caughtexception",
			"keyAPISameClassNum":1,
			"keyAPIDiffClassNum":4,
			"keyAPISameClass":[
				{
					"trace":[
						"<android.filterfw.core.SyncRunner: void <init>(android.filterfw.core.FilterContext,android.filterfw.core.FilterGraph,java.lang.Class)>"
					],
					"depth":1,
					"method":"<android.filterfw.core.SyncRunner: void <init>(android.filterfw.core.FilterContext,android.filterfw.core.FilterGraph,java.lang.Class)>",
					"source":"FIELD"
				}
			],
			"keyAPIDiffClass":[
				{
					"trace":[
						"<android.filterfw.GraphEnvironment$GraphHandle: android.filterfw.core.GraphRunner getSyncRunner(android.filterfw.core.FilterContext)>",
						"<android.filterfw.core.SyncRunner: void <init>(android.filterfw.core.FilterContext,android.filterfw.core.FilterGraph,java.lang.Class)>",
						"key field: <android.filterfw.core.SyncRunner: boolean mLogVerbose>",
						"<android.filterfw.core.SyncRunner: void <init>(android.filterfw.core.FilterContext,android.filterfw.core.FilterGraph,java.lang.Class)>"
					],
					"depth":2,
					"method":"<android.filterfw.GraphEnvironment$GraphHandle: android.filterfw.core.GraphRunner getSyncRunner(android.filterfw.core.FilterContext)>",
					"source":"FIELDCALLER"
				},
				{
					"trace":[
						"<android.filterfw.core.AsyncRunner: void setGraph(android.filterfw.core.FilterGraph)>",
						"<android.filterfw.core.SyncRunner: void <init>(android.filterfw.core.FilterContext,android.filterfw.core.FilterGraph,java.lang.Class)>",
						"key field: <android.filterfw.core.SyncRunner: boolean mLogVerbose>",
						"<android.filterfw.core.SyncRunner: void <init>(android.filterfw.core.FilterContext,android.filterfw.core.FilterGraph,java.lang.Class)>"
					],
					"depth":2,
					"method":"<android.filterfw.core.AsyncRunner: void setGraph(android.filterfw.core.FilterGraph)>",
					"source":"FIELDCALLER"
				},
				{
					"trace":[
						"<android.filterfw.GraphEnvironment: android.filterfw.core.GraphRunner getRunner(int,int)>",
						"<android.filterfw.GraphEnvironment$GraphHandle: android.filterfw.core.GraphRunner getSyncRunner(android.filterfw.core.FilterContext)>",
						"<android.filterfw.core.SyncRunner: void <init>(android.filterfw.core.FilterContext,android.filterfw.core.FilterGraph,java.lang.Class)>",
						"key field: <android.filterfw.core.SyncRunner: boolean mLogVerbose>",
						"<android.filterfw.core.SyncRunner: void <init>(android.filterfw.core.FilterContext,android.filterfw.core.FilterGraph,java.lang.Class)>"
					],
					"depth":3,
					"method":"<android.filterfw.GraphEnvironment: android.filterfw.core.GraphRunner getRunner(int,int)>",
					"source":"FIELDCALLER"
				},
				{
					"trace":[
						"<android.filterfw.GraphEnvironment$GraphHandle: android.filterfw.core.AsyncRunner getAsyncRunner(android.filterfw.core.FilterContext)>",
						"<android.filterfw.core.AsyncRunner: void setGraph(android.filterfw.core.FilterGraph)>",
						"<android.filterfw.core.SyncRunner: void <init>(android.filterfw.core.FilterContext,android.filterfw.core.FilterGraph,java.lang.Class)>",
						"key field: <android.filterfw.core.SyncRunner: boolean mLogVerbose>",
						"<android.filterfw.core.SyncRunner: void <init>(android.filterfw.core.FilterContext,android.filterfw.core.FilterGraph,java.lang.Class)>"
					],
					"depth":3,
					"method":"<android.filterfw.GraphEnvironment$GraphHandle: android.filterfw.core.AsyncRunner getAsyncRunner(android.filterfw.core.FilterContext)>",
					"source":"FIELDCALLER"
				}
			],
			"callerOfSingnlar2SourceVar":{
				"<android.filterfw.core.SyncRunner: void <init>(android.filterfw.core.FilterContext,android.filterfw.core.FilterGraph,java.lang.Class)>":"2"
			}
		},
		{
			"method":"<android.filterfw.core.SyncRunner: void <init>(android.filterfw.core.FilterContext,android.filterfw.core.FilterGraph,java.lang.Class)>",
			"message":"\\QClass provided is not a Scheduler subclass!\\E",
			"relatedVarType":"ParaAndField",
			"relatedCondType":"Basic",
			"modifier":"public",
			"type":"java.lang.IllegalArgumentException",
			"osVersionRelated":false,
			"resourceRelated":false,
			"assessRelated":false,
			"hardwareRelated":false,
			"manifestRelated":false,
			"conditions":"$z2 == 0, $z1 == 0",
			"paramValues":"@parameter2: java.lang.Class",
			"fieldValues":"<android.filterfw.core.SyncRunner: boolean mLogVerbose>",
			"relatedValues":"@parameter2: java.lang.Class; <android.filterfw.core.SyncRunner: boolean mLogVerbose>; ",
			"keyAPISameClassNum":1,
			"keyAPIDiffClassNum":4,
			"keyAPISameClass":[
				{
					"trace":[
						"<android.filterfw.core.SyncRunner: void <init>(android.filterfw.core.FilterContext,android.filterfw.core.FilterGraph,java.lang.Class)>"
					],
					"depth":1,
					"method":"<android.filterfw.core.SyncRunner: void <init>(android.filterfw.core.FilterContext,android.filterfw.core.FilterGraph,java.lang.Class)>",
					"source":"FIELD"
				}
			],
			"keyAPIDiffClass":[
				{
					"trace":[
						"<android.filterfw.GraphEnvironment$GraphHandle: android.filterfw.core.GraphRunner getSyncRunner(android.filterfw.core.FilterContext)>",
						"<android.filterfw.core.SyncRunner: void <init>(android.filterfw.core.FilterContext,android.filterfw.core.FilterGraph,java.lang.Class)>",
						"key field: <android.filterfw.core.SyncRunner: boolean mLogVerbose>",
						"<android.filterfw.core.SyncRunner: void <init>(android.filterfw.core.FilterContext,android.filterfw.core.FilterGraph,java.lang.Class)>"
					],
					"depth":2,
					"method":"<android.filterfw.GraphEnvironment$GraphHandle: android.filterfw.core.GraphRunner getSyncRunner(android.filterfw.core.FilterContext)>",
					"source":"FIELDCALLER"
				},
				{
					"trace":[
						"<android.filterfw.core.AsyncRunner: void setGraph(android.filterfw.core.FilterGraph)>",
						"<android.filterfw.core.SyncRunner: void <init>(android.filterfw.core.FilterContext,android.filterfw.core.FilterGraph,java.lang.Class)>",
						"key field: <android.filterfw.core.SyncRunner: boolean mLogVerbose>",
						"<android.filterfw.core.SyncRunner: void <init>(android.filterfw.core.FilterContext,android.filterfw.core.FilterGraph,java.lang.Class)>"
					],
					"depth":2,
					"method":"<android.filterfw.core.AsyncRunner: void setGraph(android.filterfw.core.FilterGraph)>",
					"source":"FIELDCALLER"
				},
				{
					"trace":[
						"<android.filterfw.GraphEnvironment: android.filterfw.core.GraphRunner getRunner(int,int)>",
						"<android.filterfw.GraphEnvironment$GraphHandle: android.filterfw.core.GraphRunner getSyncRunner(android.filterfw.core.FilterContext)>",
						"<android.filterfw.core.SyncRunner: void <init>(android.filterfw.core.FilterContext,android.filterfw.core.FilterGraph,java.lang.Class)>",
						"key field: <android.filterfw.core.SyncRunner: boolean mLogVerbose>",
						"<android.filterfw.core.SyncRunner: void <init>(android.filterfw.core.FilterContext,android.filterfw.core.FilterGraph,java.lang.Class)>"
					],
					"depth":3,
					"method":"<android.filterfw.GraphEnvironment: android.filterfw.core.GraphRunner getRunner(int,int)>",
					"source":"FIELDCALLER"
				},
				{
					"trace":[
						"<android.filterfw.GraphEnvironment$GraphHandle: android.filterfw.core.AsyncRunner getAsyncRunner(android.filterfw.core.FilterContext)>",
						"<android.filterfw.core.AsyncRunner: void setGraph(android.filterfw.core.FilterGraph)>",
						"<android.filterfw.core.SyncRunner: void <init>(android.filterfw.core.FilterContext,android.filterfw.core.FilterGraph,java.lang.Class)>",
						"key field: <android.filterfw.core.SyncRunner: boolean mLogVerbose>",
						"<android.filterfw.core.SyncRunner: void <init>(android.filterfw.core.FilterContext,android.filterfw.core.FilterGraph,java.lang.Class)>"
					],
					"depth":3,
					"method":"<android.filterfw.GraphEnvironment$GraphHandle: android.filterfw.core.AsyncRunner getAsyncRunner(android.filterfw.core.FilterContext)>",
					"source":"FIELDCALLER"
				}
			],
			"callerOfSingnlar2SourceVar":{
				"<android.filterfw.core.SyncRunner: void <init>(android.filterfw.core.FilterContext,android.filterfw.core.FilterGraph,java.lang.Class)>":"2"
			}
		},
		{
			"method":"<android.filterfw.core.SyncRunner: void <init>(android.filterfw.core.FilterContext,android.filterfw.core.FilterGraph,java.lang.Class)>",
			"message":"\\QCannot access Scheduler constructor!\\E",
			"relatedVarType":"ParaAndField",
			"relatedCondType":"Basic",
			"modifier":"public",
			"type":"java.lang.RuntimeException",
			"osVersionRelated":false,
			"resourceRelated":false,
			"assessRelated":false,
			"hardwareRelated":false,
			"manifestRelated":false,
			"conditions":"$z2 == 0, $z1 == 0",
			"paramValues":"@parameter2: java.lang.Class",
			"fieldValues":"<android.filterfw.core.SyncRunner: boolean mLogVerbose>",
			"caughtValues":"@caughtexception",
			"relatedValues":"@parameter2: java.lang.Class; <android.filterfw.core.SyncRunner: boolean mLogVerbose>; @caughtexception",
			"keyAPISameClassNum":1,
			"keyAPIDiffClassNum":4,
			"keyAPISameClass":[
				{
					"trace":[
						"<android.filterfw.core.SyncRunner: void <init>(android.filterfw.core.FilterContext,android.filterfw.core.FilterGraph,java.lang.Class)>"
					],
					"depth":1,
					"method":"<android.filterfw.core.SyncRunner: void <init>(android.filterfw.core.FilterContext,android.filterfw.core.FilterGraph,java.lang.Class)>",
					"source":"FIELD"
				}
			],
			"keyAPIDiffClass":[
				{
					"trace":[
						"<android.filterfw.GraphEnvironment$GraphHandle: android.filterfw.core.GraphRunner getSyncRunner(android.filterfw.core.FilterContext)>",
						"<android.filterfw.core.SyncRunner: void <init>(android.filterfw.core.FilterContext,android.filterfw.core.FilterGraph,java.lang.Class)>",
						"key field: <android.filterfw.core.SyncRunner: boolean mLogVerbose>",
						"<android.filterfw.core.SyncRunner: void <init>(android.filterfw.core.FilterContext,android.filterfw.core.FilterGraph,java.lang.Class)>"
					],
					"depth":2,
					"method":"<android.filterfw.GraphEnvironment$GraphHandle: android.filterfw.core.GraphRunner getSyncRunner(android.filterfw.core.FilterContext)>",
					"source":"FIELDCALLER"
				},
				{
					"trace":[
						"<android.filterfw.core.AsyncRunner: void setGraph(android.filterfw.core.FilterGraph)>",
						"<android.filterfw.core.SyncRunner: void <init>(android.filterfw.core.FilterContext,android.filterfw.core.FilterGraph,java.lang.Class)>",
						"key field: <android.filterfw.core.SyncRunner: boolean mLogVerbose>",
						"<android.filterfw.core.SyncRunner: void <init>(android.filterfw.core.FilterContext,android.filterfw.core.FilterGraph,java.lang.Class)>"
					],
					"depth":2,
					"method":"<android.filterfw.core.AsyncRunner: void setGraph(android.filterfw.core.FilterGraph)>",
					"source":"FIELDCALLER"
				},
				{
					"trace":[
						"<android.filterfw.GraphEnvironment: android.filterfw.core.GraphRunner getRunner(int,int)>",
						"<android.filterfw.GraphEnvironment$GraphHandle: android.filterfw.core.GraphRunner getSyncRunner(android.filterfw.core.FilterContext)>",
						"<android.filterfw.core.SyncRunner: void <init>(android.filterfw.core.FilterContext,android.filterfw.core.FilterGraph,java.lang.Class)>",
						"key field: <android.filterfw.core.SyncRunner: boolean mLogVerbose>",
						"<android.filterfw.core.SyncRunner: void <init>(android.filterfw.core.FilterContext,android.filterfw.core.FilterGraph,java.lang.Class)>"
					],
					"depth":3,
					"method":"<android.filterfw.GraphEnvironment: android.filterfw.core.GraphRunner getRunner(int,int)>",
					"source":"FIELDCALLER"
				},
				{
					"trace":[
						"<android.filterfw.GraphEnvironment$GraphHandle: android.filterfw.core.AsyncRunner getAsyncRunner(android.filterfw.core.FilterContext)>",
						"<android.filterfw.core.AsyncRunner: void setGraph(android.filterfw.core.FilterGraph)>",
						"<android.filterfw.core.SyncRunner: void <init>(android.filterfw.core.FilterContext,android.filterfw.core.FilterGraph,java.lang.Class)>",
						"key field: <android.filterfw.core.SyncRunner: boolean mLogVerbose>",
						"<android.filterfw.core.SyncRunner: void <init>(android.filterfw.core.FilterContext,android.filterfw.core.FilterGraph,java.lang.Class)>"
					],
					"depth":3,
					"method":"<android.filterfw.GraphEnvironment$GraphHandle: android.filterfw.core.AsyncRunner getAsyncRunner(android.filterfw.core.FilterContext)>",
					"source":"FIELDCALLER"
				}
			],
			"callerOfSingnlar2SourceVar":{
				"<android.filterfw.core.SyncRunner: void <init>(android.filterfw.core.FilterContext,android.filterfw.core.FilterGraph,java.lang.Class)>":"2"
			}
		},
		{
			"method":"<android.filterfw.core.SyncRunner: void <init>(android.filterfw.core.FilterContext,android.filterfw.core.FilterGraph,java.lang.Class)>",
			"message":"\\QCould not instantiate the Scheduler instance!\\E",
			"relatedVarType":"ParaAndField",
			"relatedCondType":"Basic",
			"modifier":"public",
			"type":"java.lang.RuntimeException",
			"osVersionRelated":false,
			"resourceRelated":false,
			"assessRelated":false,
			"hardwareRelated":false,
			"manifestRelated":false,
			"conditions":"$z2 == 0, $z1 == 0",
			"paramValues":"@parameter2: java.lang.Class",
			"fieldValues":"<android.filterfw.core.SyncRunner: boolean mLogVerbose>",
			"caughtValues":"@caughtexception",
			"relatedValues":"@parameter2: java.lang.Class; <android.filterfw.core.SyncRunner: boolean mLogVerbose>; @caughtexception",
			"keyAPISameClassNum":1,
			"keyAPIDiffClassNum":4,
			"keyAPISameClass":[
				{
					"trace":[
						"<android.filterfw.core.SyncRunner: void <init>(android.filterfw.core.FilterContext,android.filterfw.core.FilterGraph,java.lang.Class)>"
					],
					"depth":1,
					"method":"<android.filterfw.core.SyncRunner: void <init>(android.filterfw.core.FilterContext,android.filterfw.core.FilterGraph,java.lang.Class)>",
					"source":"FIELD"
				}
			],
			"keyAPIDiffClass":[
				{
					"trace":[
						"<android.filterfw.GraphEnvironment$GraphHandle: android.filterfw.core.GraphRunner getSyncRunner(android.filterfw.core.FilterContext)>",
						"<android.filterfw.core.SyncRunner: void <init>(android.filterfw.core.FilterContext,android.filterfw.core.FilterGraph,java.lang.Class)>",
						"key field: <android.filterfw.core.SyncRunner: boolean mLogVerbose>",
						"<android.filterfw.core.SyncRunner: void <init>(android.filterfw.core.FilterContext,android.filterfw.core.FilterGraph,java.lang.Class)>"
					],
					"depth":2,
					"method":"<android.filterfw.GraphEnvironment$GraphHandle: android.filterfw.core.GraphRunner getSyncRunner(android.filterfw.core.FilterContext)>",
					"source":"FIELDCALLER"
				},
				{
					"trace":[
						"<android.filterfw.core.AsyncRunner: void setGraph(android.filterfw.core.FilterGraph)>",
						"<android.filterfw.core.SyncRunner: void <init>(android.filterfw.core.FilterContext,android.filterfw.core.FilterGraph,java.lang.Class)>",
						"key field: <android.filterfw.core.SyncRunner: boolean mLogVerbose>",
						"<android.filterfw.core.SyncRunner: void <init>(android.filterfw.core.FilterContext,android.filterfw.core.FilterGraph,java.lang.Class)>"
					],
					"depth":2,
					"method":"<android.filterfw.core.AsyncRunner: void setGraph(android.filterfw.core.FilterGraph)>",
					"source":"FIELDCALLER"
				},
				{
					"trace":[
						"<android.filterfw.GraphEnvironment: android.filterfw.core.GraphRunner getRunner(int,int)>",
						"<android.filterfw.GraphEnvironment$GraphHandle: android.filterfw.core.GraphRunner getSyncRunner(android.filterfw.core.FilterContext)>",
						"<android.filterfw.core.SyncRunner: void <init>(android.filterfw.core.FilterContext,android.filterfw.core.FilterGraph,java.lang.Class)>",
						"key field: <android.filterfw.core.SyncRunner: boolean mLogVerbose>",
						"<android.filterfw.core.SyncRunner: void <init>(android.filterfw.core.FilterContext,android.filterfw.core.FilterGraph,java.lang.Class)>"
					],
					"depth":3,
					"method":"<android.filterfw.GraphEnvironment: android.filterfw.core.GraphRunner getRunner(int,int)>",
					"source":"FIELDCALLER"
				},
				{
					"trace":[
						"<android.filterfw.GraphEnvironment$GraphHandle: android.filterfw.core.AsyncRunner getAsyncRunner(android.filterfw.core.FilterContext)>",
						"<android.filterfw.core.AsyncRunner: void setGraph(android.filterfw.core.FilterGraph)>",
						"<android.filterfw.core.SyncRunner: void <init>(android.filterfw.core.FilterContext,android.filterfw.core.FilterGraph,java.lang.Class)>",
						"key field: <android.filterfw.core.SyncRunner: boolean mLogVerbose>",
						"<android.filterfw.core.SyncRunner: void <init>(android.filterfw.core.FilterContext,android.filterfw.core.FilterGraph,java.lang.Class)>"
					],
					"depth":3,
					"method":"<android.filterfw.GraphEnvironment$GraphHandle: android.filterfw.core.AsyncRunner getAsyncRunner(android.filterfw.core.FilterContext)>",
					"source":"FIELDCALLER"
				}
			],
			"callerOfSingnlar2SourceVar":{
				"<android.filterfw.core.SyncRunner: void <init>(android.filterfw.core.FilterContext,android.filterfw.core.FilterGraph,java.lang.Class)>":"2"
			}
		},
		{
			"method":"<android.filterfw.core.SyncRunner: void <init>(android.filterfw.core.FilterContext,android.filterfw.core.FilterGraph,java.lang.Class)>",
			"message":"\\QCould not instantiate Scheduler\\E",
			"relatedVarType":"ParaAndField",
			"relatedCondType":"Basic",
			"modifier":"public",
			"type":"java.lang.RuntimeException",
			"osVersionRelated":false,
			"resourceRelated":false,
			"assessRelated":false,
			"hardwareRelated":false,
			"manifestRelated":false,
			"conditions":"$z2 == 0, $z1 == 0",
			"paramValues":"@parameter2: java.lang.Class",
			"fieldValues":"<android.filterfw.core.SyncRunner: boolean mLogVerbose>",
			"caughtValues":"@caughtexception",
			"relatedValues":"@parameter2: java.lang.Class; <android.filterfw.core.SyncRunner: boolean mLogVerbose>; @caughtexception",
			"keyAPISameClassNum":1,
			"keyAPIDiffClassNum":4,
			"keyAPISameClass":[
				{
					"trace":[
						"<android.filterfw.core.SyncRunner: void <init>(android.filterfw.core.FilterContext,android.filterfw.core.FilterGraph,java.lang.Class)>"
					],
					"depth":1,
					"method":"<android.filterfw.core.SyncRunner: void <init>(android.filterfw.core.FilterContext,android.filterfw.core.FilterGraph,java.lang.Class)>",
					"source":"FIELD"
				}
			],
			"keyAPIDiffClass":[
				{
					"trace":[
						"<android.filterfw.GraphEnvironment$GraphHandle: android.filterfw.core.GraphRunner getSyncRunner(android.filterfw.core.FilterContext)>",
						"<android.filterfw.core.SyncRunner: void <init>(android.filterfw.core.FilterContext,android.filterfw.core.FilterGraph,java.lang.Class)>",
						"key field: <android.filterfw.core.SyncRunner: boolean mLogVerbose>",
						"<android.filterfw.core.SyncRunner: void <init>(android.filterfw.core.FilterContext,android.filterfw.core.FilterGraph,java.lang.Class)>"
					],
					"depth":2,
					"method":"<android.filterfw.GraphEnvironment$GraphHandle: android.filterfw.core.GraphRunner getSyncRunner(android.filterfw.core.FilterContext)>",
					"source":"FIELDCALLER"
				},
				{
					"trace":[
						"<android.filterfw.core.AsyncRunner: void setGraph(android.filterfw.core.FilterGraph)>",
						"<android.filterfw.core.SyncRunner: void <init>(android.filterfw.core.FilterContext,android.filterfw.core.FilterGraph,java.lang.Class)>",
						"key field: <android.filterfw.core.SyncRunner: boolean mLogVerbose>",
						"<android.filterfw.core.SyncRunner: void <init>(android.filterfw.core.FilterContext,android.filterfw.core.FilterGraph,java.lang.Class)>"
					],
					"depth":2,
					"method":"<android.filterfw.core.AsyncRunner: void setGraph(android.filterfw.core.FilterGraph)>",
					"source":"FIELDCALLER"
				},
				{
					"trace":[
						"<android.filterfw.GraphEnvironment: android.filterfw.core.GraphRunner getRunner(int,int)>",
						"<android.filterfw.GraphEnvironment$GraphHandle: android.filterfw.core.GraphRunner getSyncRunner(android.filterfw.core.FilterContext)>",
						"<android.filterfw.core.SyncRunner: void <init>(android.filterfw.core.FilterContext,android.filterfw.core.FilterGraph,java.lang.Class)>",
						"key field: <android.filterfw.core.SyncRunner: boolean mLogVerbose>",
						"<android.filterfw.core.SyncRunner: void <init>(android.filterfw.core.FilterContext,android.filterfw.core.FilterGraph,java.lang.Class)>"
					],
					"depth":3,
					"method":"<android.filterfw.GraphEnvironment: android.filterfw.core.GraphRunner getRunner(int,int)>",
					"source":"FIELDCALLER"
				},
				{
					"trace":[
						"<android.filterfw.GraphEnvironment$GraphHandle: android.filterfw.core.AsyncRunner getAsyncRunner(android.filterfw.core.FilterContext)>",
						"<android.filterfw.core.AsyncRunner: void setGraph(android.filterfw.core.FilterGraph)>",
						"<android.filterfw.core.SyncRunner: void <init>(android.filterfw.core.FilterContext,android.filterfw.core.FilterGraph,java.lang.Class)>",
						"key field: <android.filterfw.core.SyncRunner: boolean mLogVerbose>",
						"<android.filterfw.core.SyncRunner: void <init>(android.filterfw.core.FilterContext,android.filterfw.core.FilterGraph,java.lang.Class)>"
					],
					"depth":3,
					"method":"<android.filterfw.GraphEnvironment$GraphHandle: android.filterfw.core.AsyncRunner getAsyncRunner(android.filterfw.core.FilterContext)>",
					"source":"FIELDCALLER"
				}
			],
			"callerOfSingnlar2SourceVar":{
				"<android.filterfw.core.SyncRunner: void <init>(android.filterfw.core.FilterContext,android.filterfw.core.FilterGraph,java.lang.Class)>":"2"
			}
		},
		{
			"method":"<android.filterfw.core.SyncRunner: void <init>(android.filterfw.core.FilterContext,android.filterfw.core.FilterGraph,java.lang.Class)>",
			"message":"\\QScheduler constructor threw an exception\\E",
			"relatedVarType":"ParaAndField",
			"relatedCondType":"Basic",
			"modifier":"public",
			"type":"java.lang.RuntimeException",
			"osVersionRelated":false,
			"resourceRelated":false,
			"assessRelated":false,
			"hardwareRelated":false,
			"manifestRelated":false,
			"conditions":"$z2 == 0, $z1 == 0",
			"paramValues":"@parameter2: java.lang.Class",
			"fieldValues":"<android.filterfw.core.SyncRunner: boolean mLogVerbose>",
			"caughtValues":"@caughtexception",
			"relatedValues":"@parameter2: java.lang.Class; <android.filterfw.core.SyncRunner: boolean mLogVerbose>; @caughtexception",
			"keyAPISameClassNum":1,
			"keyAPIDiffClassNum":4,
			"keyAPISameClass":[
				{
					"trace":[
						"<android.filterfw.core.SyncRunner: void <init>(android.filterfw.core.FilterContext,android.filterfw.core.FilterGraph,java.lang.Class)>"
					],
					"depth":1,
					"method":"<android.filterfw.core.SyncRunner: void <init>(android.filterfw.core.FilterContext,android.filterfw.core.FilterGraph,java.lang.Class)>",
					"source":"FIELD"
				}
			],
			"keyAPIDiffClass":[
				{
					"trace":[
						"<android.filterfw.GraphEnvironment$GraphHandle: android.filterfw.core.GraphRunner getSyncRunner(android.filterfw.core.FilterContext)>",
						"<android.filterfw.core.SyncRunner: void <init>(android.filterfw.core.FilterContext,android.filterfw.core.FilterGraph,java.lang.Class)>",
						"key field: <android.filterfw.core.SyncRunner: boolean mLogVerbose>",
						"<android.filterfw.core.SyncRunner: void <init>(android.filterfw.core.FilterContext,android.filterfw.core.FilterGraph,java.lang.Class)>"
					],
					"depth":2,
					"method":"<android.filterfw.GraphEnvironment$GraphHandle: android.filterfw.core.GraphRunner getSyncRunner(android.filterfw.core.FilterContext)>",
					"source":"FIELDCALLER"
				},
				{
					"trace":[
						"<android.filterfw.core.AsyncRunner: void setGraph(android.filterfw.core.FilterGraph)>",
						"<android.filterfw.core.SyncRunner: void <init>(android.filterfw.core.FilterContext,android.filterfw.core.FilterGraph,java.lang.Class)>",
						"key field: <android.filterfw.core.SyncRunner: boolean mLogVerbose>",
						"<android.filterfw.core.SyncRunner: void <init>(android.filterfw.core.FilterContext,android.filterfw.core.FilterGraph,java.lang.Class)>"
					],
					"depth":2,
					"method":"<android.filterfw.core.AsyncRunner: void setGraph(android.filterfw.core.FilterGraph)>",
					"source":"FIELDCALLER"
				},
				{
					"trace":[
						"<android.filterfw.GraphEnvironment: android.filterfw.core.GraphRunner getRunner(int,int)>",
						"<android.filterfw.GraphEnvironment$GraphHandle: android.filterfw.core.GraphRunner getSyncRunner(android.filterfw.core.FilterContext)>",
						"<android.filterfw.core.SyncRunner: void <init>(android.filterfw.core.FilterContext,android.filterfw.core.FilterGraph,java.lang.Class)>",
						"key field: <android.filterfw.core.SyncRunner: boolean mLogVerbose>",
						"<android.filterfw.core.SyncRunner: void <init>(android.filterfw.core.FilterContext,android.filterfw.core.FilterGraph,java.lang.Class)>"
					],
					"depth":3,
					"method":"<android.filterfw.GraphEnvironment: android.filterfw.core.GraphRunner getRunner(int,int)>",
					"source":"FIELDCALLER"
				},
				{
					"trace":[
						"<android.filterfw.GraphEnvironment$GraphHandle: android.filterfw.core.AsyncRunner getAsyncRunner(android.filterfw.core.FilterContext)>",
						"<android.filterfw.core.AsyncRunner: void setGraph(android.filterfw.core.FilterGraph)>",
						"<android.filterfw.core.SyncRunner: void <init>(android.filterfw.core.FilterContext,android.filterfw.core.FilterGraph,java.lang.Class)>",
						"key field: <android.filterfw.core.SyncRunner: boolean mLogVerbose>",
						"<android.filterfw.core.SyncRunner: void <init>(android.filterfw.core.FilterContext,android.filterfw.core.FilterGraph,java.lang.Class)>"
					],
					"depth":3,
					"method":"<android.filterfw.GraphEnvironment$GraphHandle: android.filterfw.core.AsyncRunner getAsyncRunner(android.filterfw.core.FilterContext)>",
					"source":"FIELDCALLER"
				}
			],
			"callerOfSingnlar2SourceVar":{
				"<android.filterfw.core.SyncRunner: void <init>(android.filterfw.core.FilterContext,android.filterfw.core.FilterGraph,java.lang.Class)>":"2"
			}
		},
		{
			"method":"<android.filterfw.core.SyncRunner: void assertReadyToStep()>",
			"message":"\\QCalling step on scheduler with no graph in place!\\E",
			"relatedVarType":"Field",
			"relatedCondType":"Basic",
			"modifier":"default",
			"type":"java.lang.RuntimeException",
			"osVersionRelated":false,
			"resourceRelated":false,
			"assessRelated":false,
			"hardwareRelated":false,
			"manifestRelated":false,
			"conditions":"$r2 != null, $r1 != null",
			"fieldValues":"<android.filterfw.core.SyncRunner: android.filterfw.core.Scheduler mScheduler>",
			"relatedValues":"; <android.filterfw.core.SyncRunner: android.filterfw.core.Scheduler mScheduler>; ",
			"keyAPISameClassNum":7,
			"keyAPIDiffClassNum":9,
			"keyAPISameClass":[
				{
					"trace":[
						"<android.filterfw.core.SyncRunner: void assertReadyToStep()>"
					],
					"depth":1,
					"method":"<android.filterfw.core.SyncRunner: void <init>(android.filterfw.core.FilterContext,android.filterfw.core.FilterGraph,java.lang.Class)>",
					"source":"FIELD"
				},
				{
					"trace":[
						"<android.filterfw.core.SyncRunner: void assertReadyToStep()>"
					],
					"depth":1,
					"method":"<android.filterfw.core.SyncRunner: void beginProcessing()>",
					"source":"FIELD"
				},
				{
					"trace":[
						"<android.filterfw.core.SyncRunner: void assertReadyToStep()>"
					],
					"depth":1,
					"method":"<android.filterfw.core.SyncRunner: void close()>",
					"source":"FIELD"
				},
				{
					"trace":[
						"<android.filterfw.core.SyncRunner: void assertReadyToStep()>"
					],
					"depth":1,
					"method":"<android.filterfw.core.SyncRunner: android.filterfw.core.FilterGraph getGraph()>",
					"source":"FIELD"
				},
				{
					"trace":[
						"<android.filterfw.core.SyncRunner: void run()>",
						"<android.filterfw.core.SyncRunner: void beginProcessing()>",
						"key field: <android.filterfw.core.SyncRunner: android.filterfw.core.Scheduler mScheduler>",
						"<android.filterfw.core.SyncRunner: void assertReadyToStep()>"
					],
					"depth":2,
					"method":"<android.filterfw.core.SyncRunner: void run()>",
					"source":"FIELDCALLER"
				},
				{
					"trace":[
						"<android.filterfw.core.GraphRunner: void run()>",
						"<android.filterfw.core.SyncRunner: void beginProcessing()>",
						"key field: <android.filterfw.core.SyncRunner: android.filterfw.core.Scheduler mScheduler>",
						"<android.filterfw.core.SyncRunner: void assertReadyToStep()>"
					],
					"depth":2,
					"method":"<android.filterfw.core.GraphRunner: void run()>",
					"source":"FIELDCALLER"
				},
				{
					"trace":[
						"<android.filterfw.core.SyncRunner: int step()>",
						"<android.filterfw.core.SyncRunner: int determinePostRunState()>",
						"key field: <android.filterfw.core.SyncRunner: android.filterfw.core.Scheduler mScheduler>",
						"<android.filterfw.core.SyncRunner: void assertReadyToStep()>"
					],
					"depth":2,
					"method":"<android.filterfw.core.SyncRunner: int step()>",
					"source":"FIELDCALLER"
				}
			],
			"keyAPIDiffClass":[
				{
					"trace":[
						"<android.filterfw.GraphEnvironment$GraphHandle: android.filterfw.core.GraphRunner getSyncRunner(android.filterfw.core.FilterContext)>",
						"<android.filterfw.core.SyncRunner: void <init>(android.filterfw.core.FilterContext,android.filterfw.core.FilterGraph,java.lang.Class)>",
						"key field: <android.filterfw.core.SyncRunner: android.filterfw.core.Scheduler mScheduler>",
						"<android.filterfw.core.SyncRunner: void assertReadyToStep()>"
					],
					"depth":2,
					"method":"<android.filterfw.GraphEnvironment$GraphHandle: android.filterfw.core.GraphRunner getSyncRunner(android.filterfw.core.FilterContext)>",
					"source":"FIELDCALLER"
				},
				{
					"trace":[
						"<android.filterfw.core.AsyncRunner: void setGraph(android.filterfw.core.FilterGraph)>",
						"<android.filterfw.core.SyncRunner: void <init>(android.filterfw.core.FilterContext,android.filterfw.core.FilterGraph,java.lang.Class)>",
						"key field: <android.filterfw.core.SyncRunner: android.filterfw.core.Scheduler mScheduler>",
						"<android.filterfw.core.SyncRunner: void assertReadyToStep()>"
					],
					"depth":2,
					"method":"<android.filterfw.core.AsyncRunner: void setGraph(android.filterfw.core.FilterGraph)>",
					"source":"FIELDCALLER"
				},
				{
					"trace":[
						"<android.filterfw.core.GraphRunner: void close()>",
						"<android.filterfw.core.SyncRunner: void close()>",
						"key field: <android.filterfw.core.SyncRunner: android.filterfw.core.Scheduler mScheduler>",
						"<android.filterfw.core.SyncRunner: void assertReadyToStep()>"
					],
					"depth":2,
					"method":"<android.filterfw.core.GraphRunner: void close()>",
					"source":"FIELDCALLER"
				},
				{
					"trace":[
						"<android.filterfw.core.AsyncRunner: void close()>",
						"<android.filterfw.core.SyncRunner: void close()>",
						"key field: <android.filterfw.core.SyncRunner: android.filterfw.core.Scheduler mScheduler>",
						"<android.filterfw.core.SyncRunner: void assertReadyToStep()>"
					],
					"depth":2,
					"method":"<android.filterfw.core.AsyncRunner: void close()>",
					"source":"FIELDCALLER"
				},
				{
					"trace":[
						"<android.filterfw.core.GraphRunner: android.filterfw.core.FilterGraph getGraph()>",
						"<android.filterfw.core.SyncRunner: android.filterfw.core.FilterGraph getGraph()>",
						"key field: <android.filterfw.core.SyncRunner: android.filterfw.core.Scheduler mScheduler>",
						"<android.filterfw.core.SyncRunner: void assertReadyToStep()>"
					],
					"depth":2,
					"method":"<android.filterfw.core.GraphRunner: android.filterfw.core.FilterGraph getGraph()>",
					"source":"FIELDCALLER"
				},
				{
					"trace":[
						"<android.filterfw.core.AsyncRunner: android.filterfw.core.FilterGraph getGraph()>",
						"<android.filterfw.core.SyncRunner: android.filterfw.core.FilterGraph getGraph()>",
						"key field: <android.filterfw.core.SyncRunner: android.filterfw.core.Scheduler mScheduler>",
						"<android.filterfw.core.SyncRunner: void assertReadyToStep()>"
					],
					"depth":2,
					"method":"<android.filterfw.core.AsyncRunner: android.filterfw.core.FilterGraph getGraph()>",
					"source":"FIELDCALLER"
				},
				{
					"trace":[
						"<android.filterfw.GraphEnvironment: android.filterfw.core.GraphRunner getRunner(int,int)>",
						"<android.filterfw.GraphEnvironment$GraphHandle: android.filterfw.core.GraphRunner getSyncRunner(android.filterfw.core.FilterContext)>",
						"<android.filterfw.core.SyncRunner: void <init>(android.filterfw.core.FilterContext,android.filterfw.core.FilterGraph,java.lang.Class)>",
						"key field: <android.filterfw.core.SyncRunner: android.filterfw.core.Scheduler mScheduler>",
						"<android.filterfw.core.SyncRunner: void assertReadyToStep()>"
					],
					"depth":3,
					"method":"<android.filterfw.GraphEnvironment: android.filterfw.core.GraphRunner getRunner(int,int)>",
					"source":"FIELDCALLER"
				},
				{
					"trace":[
						"<android.filterfw.GraphEnvironment$GraphHandle: android.filterfw.core.AsyncRunner getAsyncRunner(android.filterfw.core.FilterContext)>",
						"<android.filterfw.core.AsyncRunner: void setGraph(android.filterfw.core.FilterGraph)>",
						"<android.filterfw.core.SyncRunner: void <init>(android.filterfw.core.FilterContext,android.filterfw.core.FilterGraph,java.lang.Class)>",
						"key field: <android.filterfw.core.SyncRunner: android.filterfw.core.Scheduler mScheduler>",
						"<android.filterfw.core.SyncRunner: void assertReadyToStep()>"
					],
					"depth":3,
					"method":"<android.filterfw.GraphEnvironment$GraphHandle: android.filterfw.core.AsyncRunner getAsyncRunner(android.filterfw.core.FilterContext)>",
					"source":"FIELDCALLER"
				},
				{
					"trace":[
						"<android.filterfw.core.AsyncRunner: void run()>",
						"<android.filterfw.core.AsyncRunner$AsyncRunnerTask: java.lang.Object doInBackground(java.lang.Object[])>",
						"<android.filterfw.core.AsyncRunner$AsyncRunnerTask: android.filterfw.core.AsyncRunner$RunnerResult doInBackground(android.filterfw.core.SyncRunner[])>",
						"<android.filterfw.core.SyncRunner: void beginProcessing()>",
						"key field: <android.filterfw.core.SyncRunner: android.filterfw.core.Scheduler mScheduler>",
						"<android.filterfw.core.SyncRunner: void assertReadyToStep()>"
					],
					"depth":4,
					"method":"<android.filterfw.core.AsyncRunner: void run()>",
					"source":"FIELDCALLER"
				}
			],
			"callerOfSingnlar2SourceVar":{}
		},
		{
			"method":"<android.filterfw.core.SyncRunner: void assertReadyToStep()>",
			"message":"\\QAttempting to run schedule with no scheduler in place!\\E",
			"relatedVarType":"Field",
			"relatedCondType":"Basic",
			"modifier":"default",
			"type":"java.lang.RuntimeException",
			"osVersionRelated":false,
			"resourceRelated":false,
			"assessRelated":false,
			"hardwareRelated":false,
			"manifestRelated":false,
			"conditions":"$r1 != null",
			"fieldValues":"<android.filterfw.core.SyncRunner: android.filterfw.core.Scheduler mScheduler>",
			"relatedValues":"; <android.filterfw.core.SyncRunner: android.filterfw.core.Scheduler mScheduler>; ",
			"keyAPISameClassNum":7,
			"keyAPIDiffClassNum":9,
			"keyAPISameClass":[
				{
					"trace":[
						"<android.filterfw.core.SyncRunner: void assertReadyToStep()>"
					],
					"depth":1,
					"method":"<android.filterfw.core.SyncRunner: void <init>(android.filterfw.core.FilterContext,android.filterfw.core.FilterGraph,java.lang.Class)>",
					"source":"FIELD"
				},
				{
					"trace":[
						"<android.filterfw.core.SyncRunner: void assertReadyToStep()>"
					],
					"depth":1,
					"method":"<android.filterfw.core.SyncRunner: void beginProcessing()>",
					"source":"FIELD"
				},
				{
					"trace":[
						"<android.filterfw.core.SyncRunner: void assertReadyToStep()>"
					],
					"depth":1,
					"method":"<android.filterfw.core.SyncRunner: void close()>",
					"source":"FIELD"
				},
				{
					"trace":[
						"<android.filterfw.core.SyncRunner: void assertReadyToStep()>"
					],
					"depth":1,
					"method":"<android.filterfw.core.SyncRunner: android.filterfw.core.FilterGraph getGraph()>",
					"source":"FIELD"
				},
				{
					"trace":[
						"<android.filterfw.core.SyncRunner: void run()>",
						"<android.filterfw.core.SyncRunner: void beginProcessing()>",
						"key field: <android.filterfw.core.SyncRunner: android.filterfw.core.Scheduler mScheduler>",
						"<android.filterfw.core.SyncRunner: void assertReadyToStep()>"
					],
					"depth":2,
					"method":"<android.filterfw.core.SyncRunner: void run()>",
					"source":"FIELDCALLER"
				},
				{
					"trace":[
						"<android.filterfw.core.GraphRunner: void run()>",
						"<android.filterfw.core.SyncRunner: void beginProcessing()>",
						"key field: <android.filterfw.core.SyncRunner: android.filterfw.core.Scheduler mScheduler>",
						"<android.filterfw.core.SyncRunner: void assertReadyToStep()>"
					],
					"depth":2,
					"method":"<android.filterfw.core.GraphRunner: void run()>",
					"source":"FIELDCALLER"
				},
				{
					"trace":[
						"<android.filterfw.core.SyncRunner: int step()>",
						"<android.filterfw.core.SyncRunner: int determinePostRunState()>",
						"key field: <android.filterfw.core.SyncRunner: android.filterfw.core.Scheduler mScheduler>",
						"<android.filterfw.core.SyncRunner: void assertReadyToStep()>"
					],
					"depth":2,
					"method":"<android.filterfw.core.SyncRunner: int step()>",
					"source":"FIELDCALLER"
				}
			],
			"keyAPIDiffClass":[
				{
					"trace":[
						"<android.filterfw.GraphEnvironment$GraphHandle: android.filterfw.core.GraphRunner getSyncRunner(android.filterfw.core.FilterContext)>",
						"<android.filterfw.core.SyncRunner: void <init>(android.filterfw.core.FilterContext,android.filterfw.core.FilterGraph,java.lang.Class)>",
						"key field: <android.filterfw.core.SyncRunner: android.filterfw.core.Scheduler mScheduler>",
						"<android.filterfw.core.SyncRunner: void assertReadyToStep()>"
					],
					"depth":2,
					"method":"<android.filterfw.GraphEnvironment$GraphHandle: android.filterfw.core.GraphRunner getSyncRunner(android.filterfw.core.FilterContext)>",
					"source":"FIELDCALLER"
				},
				{
					"trace":[
						"<android.filterfw.core.AsyncRunner: void setGraph(android.filterfw.core.FilterGraph)>",
						"<android.filterfw.core.SyncRunner: void <init>(android.filterfw.core.FilterContext,android.filterfw.core.FilterGraph,java.lang.Class)>",
						"key field: <android.filterfw.core.SyncRunner: android.filterfw.core.Scheduler mScheduler>",
						"<android.filterfw.core.SyncRunner: void assertReadyToStep()>"
					],
					"depth":2,
					"method":"<android.filterfw.core.AsyncRunner: void setGraph(android.filterfw.core.FilterGraph)>",
					"source":"FIELDCALLER"
				},
				{
					"trace":[
						"<android.filterfw.core.GraphRunner: void close()>",
						"<android.filterfw.core.SyncRunner: void close()>",
						"key field: <android.filterfw.core.SyncRunner: android.filterfw.core.Scheduler mScheduler>",
						"<android.filterfw.core.SyncRunner: void assertReadyToStep()>"
					],
					"depth":2,
					"method":"<android.filterfw.core.GraphRunner: void close()>",
					"source":"FIELDCALLER"
				},
				{
					"trace":[
						"<android.filterfw.core.AsyncRunner: void close()>",
						"<android.filterfw.core.SyncRunner: void close()>",
						"key field: <android.filterfw.core.SyncRunner: android.filterfw.core.Scheduler mScheduler>",
						"<android.filterfw.core.SyncRunner: void assertReadyToStep()>"
					],
					"depth":2,
					"method":"<android.filterfw.core.AsyncRunner: void close()>",
					"source":"FIELDCALLER"
				},
				{
					"trace":[
						"<android.filterfw.core.GraphRunner: android.filterfw.core.FilterGraph getGraph()>",
						"<android.filterfw.core.SyncRunner: android.filterfw.core.FilterGraph getGraph()>",
						"key field: <android.filterfw.core.SyncRunner: android.filterfw.core.Scheduler mScheduler>",
						"<android.filterfw.core.SyncRunner: void assertReadyToStep()>"
					],
					"depth":2,
					"method":"<android.filterfw.core.GraphRunner: android.filterfw.core.FilterGraph getGraph()>",
					"source":"FIELDCALLER"
				},
				{
					"trace":[
						"<android.filterfw.core.AsyncRunner: android.filterfw.core.FilterGraph getGraph()>",
						"<android.filterfw.core.SyncRunner: android.filterfw.core.FilterGraph getGraph()>",
						"key field: <android.filterfw.core.SyncRunner: android.filterfw.core.Scheduler mScheduler>",
						"<android.filterfw.core.SyncRunner: void assertReadyToStep()>"
					],
					"depth":2,
					"method":"<android.filterfw.core.AsyncRunner: android.filterfw.core.FilterGraph getGraph()>",
					"source":"FIELDCALLER"
				},
				{
					"trace":[
						"<android.filterfw.GraphEnvironment: android.filterfw.core.GraphRunner getRunner(int,int)>",
						"<android.filterfw.GraphEnvironment$GraphHandle: android.filterfw.core.GraphRunner getSyncRunner(android.filterfw.core.FilterContext)>",
						"<android.filterfw.core.SyncRunner: void <init>(android.filterfw.core.FilterContext,android.filterfw.core.FilterGraph,java.lang.Class)>",
						"key field: <android.filterfw.core.SyncRunner: android.filterfw.core.Scheduler mScheduler>",
						"<android.filterfw.core.SyncRunner: void assertReadyToStep()>"
					],
					"depth":3,
					"method":"<android.filterfw.GraphEnvironment: android.filterfw.core.GraphRunner getRunner(int,int)>",
					"source":"FIELDCALLER"
				},
				{
					"trace":[
						"<android.filterfw.GraphEnvironment$GraphHandle: android.filterfw.core.AsyncRunner getAsyncRunner(android.filterfw.core.FilterContext)>",
						"<android.filterfw.core.AsyncRunner: void setGraph(android.filterfw.core.FilterGraph)>",
						"<android.filterfw.core.SyncRunner: void <init>(android.filterfw.core.FilterContext,android.filterfw.core.FilterGraph,java.lang.Class)>",
						"key field: <android.filterfw.core.SyncRunner: android.filterfw.core.Scheduler mScheduler>",
						"<android.filterfw.core.SyncRunner: void assertReadyToStep()>"
					],
					"depth":3,
					"method":"<android.filterfw.GraphEnvironment$GraphHandle: android.filterfw.core.AsyncRunner getAsyncRunner(android.filterfw.core.FilterContext)>",
					"source":"FIELDCALLER"
				},
				{
					"trace":[
						"<android.filterfw.core.AsyncRunner: void run()>",
						"<android.filterfw.core.AsyncRunner$AsyncRunnerTask: java.lang.Object doInBackground(java.lang.Object[])>",
						"<android.filterfw.core.AsyncRunner$AsyncRunnerTask: android.filterfw.core.AsyncRunner$RunnerResult doInBackground(android.filterfw.core.SyncRunner[])>",
						"<android.filterfw.core.SyncRunner: void beginProcessing()>",
						"key field: <android.filterfw.core.SyncRunner: android.filterfw.core.Scheduler mScheduler>",
						"<android.filterfw.core.SyncRunner: void assertReadyToStep()>"
					],
					"depth":4,
					"method":"<android.filterfw.core.AsyncRunner: void run()>",
					"source":"FIELDCALLER"
				}
			],
			"callerOfSingnlar2SourceVar":{}
		},
		{
			"method":"<android.filterfw.core.SyncRunner: void processFilterNode(android.filterfw.core.Filter)>",
			"message":"\\QThere was an error executing \\E[\\s\\S]*\\Q!\\E",
			"relatedVarType":"ParaAndField",
			"relatedCondType":"Basic",
			"modifier":"protected",
			"type":"java.lang.RuntimeException",
			"osVersionRelated":false,
			"resourceRelated":false,
			"assessRelated":false,
			"hardwareRelated":false,
			"manifestRelated":false,
			"conditions":"$i0 != 6, $z0 == 0",
			"paramValues":"@parameter0: android.filterfw.core.Filter",
			"fieldValues":"<android.filterfw.core.SyncRunner: boolean mLogVerbose>",
			"relatedValues":"@parameter0: android.filterfw.core.Filter; <android.filterfw.core.SyncRunner: boolean mLogVerbose>; ",
			"keyAPISameClassNum":1,
			"keyAPIDiffClassNum":4,
			"keyAPISameClass":[
				{
					"trace":[
						"<android.filterfw.core.SyncRunner: void processFilterNode(android.filterfw.core.Filter)>"
					],
					"depth":1,
					"method":"<android.filterfw.core.SyncRunner: void <init>(android.filterfw.core.FilterContext,android.filterfw.core.FilterGraph,java.lang.Class)>",
					"source":"FIELD"
				}
			],
			"keyAPIDiffClass":[
				{
					"trace":[
						"<android.filterfw.GraphEnvironment$GraphHandle: android.filterfw.core.GraphRunner getSyncRunner(android.filterfw.core.FilterContext)>",
						"<android.filterfw.core.SyncRunner: void <init>(android.filterfw.core.FilterContext,android.filterfw.core.FilterGraph,java.lang.Class)>",
						"key field: <android.filterfw.core.SyncRunner: boolean mLogVerbose>",
						"<android.filterfw.core.SyncRunner: void processFilterNode(android.filterfw.core.Filter)>"
					],
					"depth":2,
					"method":"<android.filterfw.GraphEnvironment$GraphHandle: android.filterfw.core.GraphRunner getSyncRunner(android.filterfw.core.FilterContext)>",
					"source":"FIELDCALLER"
				},
				{
					"trace":[
						"<android.filterfw.core.AsyncRunner: void setGraph(android.filterfw.core.FilterGraph)>",
						"<android.filterfw.core.SyncRunner: void <init>(android.filterfw.core.FilterContext,android.filterfw.core.FilterGraph,java.lang.Class)>",
						"key field: <android.filterfw.core.SyncRunner: boolean mLogVerbose>",
						"<android.filterfw.core.SyncRunner: void processFilterNode(android.filterfw.core.Filter)>"
					],
					"depth":2,
					"method":"<android.filterfw.core.AsyncRunner: void setGraph(android.filterfw.core.FilterGraph)>",
					"source":"FIELDCALLER"
				},
				{
					"trace":[
						"<android.filterfw.GraphEnvironment: android.filterfw.core.GraphRunner getRunner(int,int)>",
						"<android.filterfw.GraphEnvironment$GraphHandle: android.filterfw.core.GraphRunner getSyncRunner(android.filterfw.core.FilterContext)>",
						"<android.filterfw.core.SyncRunner: void <init>(android.filterfw.core.FilterContext,android.filterfw.core.FilterGraph,java.lang.Class)>",
						"key field: <android.filterfw.core.SyncRunner: boolean mLogVerbose>",
						"<android.filterfw.core.SyncRunner: void processFilterNode(android.filterfw.core.Filter)>"
					],
					"depth":3,
					"method":"<android.filterfw.GraphEnvironment: android.filterfw.core.GraphRunner getRunner(int,int)>",
					"source":"FIELDCALLER"
				},
				{
					"trace":[
						"<android.filterfw.GraphEnvironment$GraphHandle: android.filterfw.core.AsyncRunner getAsyncRunner(android.filterfw.core.FilterContext)>",
						"<android.filterfw.core.AsyncRunner: void setGraph(android.filterfw.core.FilterGraph)>",
						"<android.filterfw.core.SyncRunner: void <init>(android.filterfw.core.FilterContext,android.filterfw.core.FilterGraph,java.lang.Class)>",
						"key field: <android.filterfw.core.SyncRunner: boolean mLogVerbose>",
						"<android.filterfw.core.SyncRunner: void processFilterNode(android.filterfw.core.Filter)>"
					],
					"depth":3,
					"method":"<android.filterfw.GraphEnvironment$GraphHandle: android.filterfw.core.AsyncRunner getAsyncRunner(android.filterfw.core.FilterContext)>",
					"source":"FIELDCALLER"
				}
			],
			"callerOfSingnlar2SourceVar":{
				"<android.filterfw.core.SyncRunner: void processFilterNode(android.filterfw.core.Filter)>":"0"
			}
		},
		{
			"method":"<android.filterfw.core.SyncRunner: int step()>",
			"message":"\\QTrying to process graph that is not open!\\E",
			"relatedVarType":"Unknown",
			"relatedCondType":"Basic",
			"modifier":"public",
			"type":"java.lang.RuntimeException",
			"osVersionRelated":false,
			"resourceRelated":false,
			"assessRelated":false,
			"hardwareRelated":false,
			"manifestRelated":false,
			"conditions":"$z0 != 0",
			"keyAPISameClassNum":0,
			"keyAPIDiffClassNum":0,
			"keyAPISameClass":[],
			"keyAPIDiffClass":[],
			"callerOfSingnlar2SourceVar":{}
		},
		{
			"method":"<android.filterfw.core.SyncRunner: void stop()>",
			"message":"\\QSyncRunner does not support stopping a graph!\\E",
			"relatedVarType":"Empty",
			"relatedCondType":"Empty",
			"modifier":"public",
			"type":"java.lang.RuntimeException",
			"osVersionRelated":false,
			"resourceRelated":false,
			"assessRelated":false,
			"hardwareRelated":false,
			"manifestRelated":false,
			"keyAPISameClassNum":0,
			"keyAPIDiffClassNum":0,
			"keyAPISameClass":[],
			"keyAPIDiffClass":[],
			"callerOfSingnlar2SourceVar":{}
		}
	]
}