{
	"exceptions":[
		{
			"method":"<android.net.wifi.WifiManager: void validateChannel()>",
			"message":"\\QNo permission to access and change wifi or a bad initialization\\E",
			"relatedVarType":"Field",
			"relatedCondType":"Basic",
			"modifier":"private",
			"type":"java.lang.IllegalStateException",
			"osVersionRelated":false,
			"resourceRelated":false,
			"assessRelated":false,
			"hardwareRelated":true,
			"manifestRelated":false,
			"conditions":"$r0 != null",
			"fieldValues":"<android.net.wifi.WifiManager: com.android.internal.util.AsyncChannel sAsyncChannel>",
			"relatedValues":"; <android.net.wifi.WifiManager: com.android.internal.util.AsyncChannel sAsyncChannel>; ",
			"keyAPISameClassNum":9,
			"keyAPIDiffClassNum":3,
			"keyAPISameClass":[
				{
					"trace":[
						"<android.net.wifi.WifiManager: void validateChannel()>"
					],
					"depth":1,
					"method":"<android.net.wifi.WifiManager: void cancelWps(android.net.wifi.WifiManager$ActionListener)>",
					"source":"FIELD"
				},
				{
					"trace":[
						"<android.net.wifi.WifiManager: void validateChannel()>"
					],
					"depth":1,
					"method":"<android.net.wifi.WifiManager: void connect(int,android.net.wifi.WifiManager$ActionListener)>",
					"source":"FIELD"
				},
				{
					"trace":[
						"<android.net.wifi.WifiManager: void validateChannel()>"
					],
					"depth":1,
					"method":"<android.net.wifi.WifiManager: void connect(android.net.wifi.WifiConfiguration,android.net.wifi.WifiManager$ActionListener)>",
					"source":"FIELD"
				},
				{
					"trace":[
						"<android.net.wifi.WifiManager: void validateChannel()>"
					],
					"depth":1,
					"method":"<android.net.wifi.WifiManager: void disable(int,android.net.wifi.WifiManager$ActionListener)>",
					"source":"FIELD"
				},
				{
					"trace":[
						"<android.net.wifi.WifiManager: void validateChannel()>"
					],
					"depth":1,
					"method":"<android.net.wifi.WifiManager: void forget(int,android.net.wifi.WifiManager$ActionListener)>",
					"source":"FIELD"
				},
				{
					"trace":[
						"<android.net.wifi.WifiManager: void validateChannel()>"
					],
					"depth":1,
					"method":"<android.net.wifi.WifiManager: void getTxPacketCount(android.net.wifi.WifiManager$TxPacketCountListener)>",
					"source":"FIELD"
				},
				{
					"trace":[
						"<android.net.wifi.WifiManager: void validateChannel()>"
					],
					"depth":1,
					"method":"<android.net.wifi.WifiManager: void save(android.net.wifi.WifiConfiguration,android.net.wifi.WifiManager$ActionListener)>",
					"source":"FIELD"
				},
				{
					"trace":[
						"<android.net.wifi.WifiManager: void validateChannel()>"
					],
					"depth":1,
					"method":"<android.net.wifi.WifiManager: void startWps(android.net.wifi.WpsInfo,android.net.wifi.WifiManager$WpsListener)>",
					"source":"FIELD"
				},
				{
					"trace":[
						"<android.net.wifi.WifiManager: void <init>(android.content.Context,android.net.wifi.IWifiManager)>",
						"<android.net.wifi.WifiManager: void init()>",
						"key field: <android.net.wifi.WifiManager: com.android.internal.util.AsyncChannel sAsyncChannel>",
						"<android.net.wifi.WifiManager: void validateChannel()>"
					],
					"depth":2,
					"method":"<android.net.wifi.WifiManager: void <init>(android.content.Context,android.net.wifi.IWifiManager)>",
					"source":"FIELDCALLER"
				}
			],
			"keyAPIDiffClass":[
				{
					"trace":[
						"<android.net.wifi.WifiManager$ServiceHandler: void handleMessage(android.os.Message)>",
						"<android.net.wifi.WifiManager: com.android.internal.util.AsyncChannel access$102(com.android.internal.util.AsyncChannel)>",
						"key field: <android.net.wifi.WifiManager: com.android.internal.util.AsyncChannel sAsyncChannel>",
						"<android.net.wifi.WifiManager: void validateChannel()>"
					],
					"depth":2,
					"method":"<android.net.wifi.WifiManager$ServiceHandler: void handleMessage(android.os.Message)>",
					"source":"FIELDCALLER"
				},
				{
					"trace":[
						"<android.widget.Filter$RequestHandler: void handleMessage(android.os.Message)>",
						"<android.net.wifi.WifiManager$ServiceHandler: void handleMessage(android.os.Message)>",
						"<android.net.wifi.WifiManager: com.android.internal.util.AsyncChannel access$102(com.android.internal.util.AsyncChannel)>",
						"key field: <android.net.wifi.WifiManager: com.android.internal.util.AsyncChannel sAsyncChannel>",
						"<android.net.wifi.WifiManager: void validateChannel()>"
					],
					"depth":3,
					"method":"<android.widget.Filter$RequestHandler: void handleMessage(android.os.Message)>",
					"source":"FIELDCALLER"
				},
				{
					"trace":[
						"<android.webkit.WebCoreThreadWatchdog$1: void handleMessage(android.os.Message)>",
						"<android.widget.Filter$RequestHandler: void handleMessage(android.os.Message)>",
						"<android.net.wifi.WifiManager$ServiceHandler: void handleMessage(android.os.Message)>",
						"<android.net.wifi.WifiManager: com.android.internal.util.AsyncChannel access$102(com.android.internal.util.AsyncChannel)>",
						"key field: <android.net.wifi.WifiManager: com.android.internal.util.AsyncChannel sAsyncChannel>",
						"<android.net.wifi.WifiManager: void validateChannel()>"
					],
					"depth":4,
					"method":"<android.webkit.WebCoreThreadWatchdog$1: void handleMessage(android.os.Message)>",
					"source":"FIELDCALLER"
				}
			],
			"callerOfSingnlar2SourceVar":{}
		},
		{
			"method":"<android.net.wifi.WifiManager: void connect(int,android.net.wifi.WifiManager$ActionListener)>",
			"message":"\\QNetwork id cannot be negative\\E",
			"relatedVarType":"Parameter",
			"relatedCondType":"Basic",
			"modifier":"public",
			"type":"java.lang.IllegalArgumentException",
			"osVersionRelated":false,
			"resourceRelated":false,
			"assessRelated":false,
			"hardwareRelated":true,
			"manifestRelated":false,
			"conditions":"i0 >= 0",
			"paramValues":"@parameter0: int",
			"relatedValues":"@parameter0: int; ; ",
			"keyAPISameClassNum":0,
			"keyAPIDiffClassNum":0,
			"keyAPISameClass":[
				{
					"trace":[
						"<android.net.wifi.WifiManager: void connect(int,android.net.wifi.WifiManager$ActionListener)>"
					],
					"depth":0,
					"method":"<android.net.wifi.WifiManager: void connect(int,android.net.wifi.WifiManager$ActionListener)>",
					"source":"CALLER"
				}
			],
			"keyAPIDiffClass":[],
			"callerOfSingnlar2SourceVar":{
				"<android.net.wifi.WifiManager: void connect(int,android.net.wifi.WifiManager$ActionListener)>":"0"
			}
		},
		{
			"method":"<android.net.wifi.WifiManager: void connect(android.net.wifi.WifiConfiguration,android.net.wifi.WifiManager$ActionListener)>",
			"message":"\\Qconfig cannot be null\\E",
			"relatedVarType":"Parameter",
			"relatedCondType":"Basic",
			"modifier":"public",
			"type":"java.lang.IllegalArgumentException",
			"osVersionRelated":false,
			"resourceRelated":false,
			"assessRelated":false,
			"hardwareRelated":true,
			"manifestRelated":false,
			"conditions":"r0 != null",
			"paramValues":"@parameter0: android.net.wifi.WifiConfiguration",
			"relatedValues":"@parameter0: android.net.wifi.WifiConfiguration; ; ",
			"keyAPISameClassNum":0,
			"keyAPIDiffClassNum":0,
			"keyAPISameClass":[
				{
					"trace":[
						"<android.net.wifi.WifiManager: void connect(android.net.wifi.WifiConfiguration,android.net.wifi.WifiManager$ActionListener)>"
					],
					"depth":0,
					"method":"<android.net.wifi.WifiManager: void connect(android.net.wifi.WifiConfiguration,android.net.wifi.WifiManager$ActionListener)>",
					"source":"CALLER"
				}
			],
			"keyAPIDiffClass":[],
			"callerOfSingnlar2SourceVar":{
				"<android.net.wifi.WifiManager: void connect(android.net.wifi.WifiConfiguration,android.net.wifi.WifiManager$ActionListener)>":"0"
			}
		},
		{
			"method":"<android.net.wifi.WifiManager: void disable(int,android.net.wifi.WifiManager$ActionListener)>",
			"message":"\\QNetwork id cannot be negative\\E",
			"relatedVarType":"Parameter",
			"relatedCondType":"Basic",
			"modifier":"public",
			"type":"java.lang.IllegalArgumentException",
			"osVersionRelated":false,
			"resourceRelated":false,
			"assessRelated":false,
			"hardwareRelated":true,
			"manifestRelated":false,
			"conditions":"i0 >= 0",
			"paramValues":"@parameter0: int",
			"relatedValues":"@parameter0: int; ; ",
			"keyAPISameClassNum":0,
			"keyAPIDiffClassNum":0,
			"keyAPISameClass":[
				{
					"trace":[
						"<android.net.wifi.WifiManager: void disable(int,android.net.wifi.WifiManager$ActionListener)>"
					],
					"depth":0,
					"method":"<android.net.wifi.WifiManager: void disable(int,android.net.wifi.WifiManager$ActionListener)>",
					"source":"CALLER"
				}
			],
			"keyAPIDiffClass":[],
			"callerOfSingnlar2SourceVar":{
				"<android.net.wifi.WifiManager: void disable(int,android.net.wifi.WifiManager$ActionListener)>":"0"
			}
		},
		{
			"method":"<android.net.wifi.WifiManager: void forget(int,android.net.wifi.WifiManager$ActionListener)>",
			"message":"\\QNetwork id cannot be negative\\E",
			"relatedVarType":"Parameter",
			"relatedCondType":"Basic",
			"modifier":"public",
			"type":"java.lang.IllegalArgumentException",
			"osVersionRelated":false,
			"resourceRelated":false,
			"assessRelated":false,
			"hardwareRelated":true,
			"manifestRelated":false,
			"conditions":"i0 >= 0",
			"paramValues":"@parameter0: int",
			"relatedValues":"@parameter0: int; ; ",
			"keyAPISameClassNum":0,
			"keyAPIDiffClassNum":0,
			"keyAPISameClass":[
				{
					"trace":[
						"<android.net.wifi.WifiManager: void forget(int,android.net.wifi.WifiManager$ActionListener)>"
					],
					"depth":0,
					"method":"<android.net.wifi.WifiManager: void forget(int,android.net.wifi.WifiManager$ActionListener)>",
					"source":"CALLER"
				}
			],
			"keyAPIDiffClass":[],
			"callerOfSingnlar2SourceVar":{
				"<android.net.wifi.WifiManager: void forget(int,android.net.wifi.WifiManager$ActionListener)>":"0"
			}
		},
		{
			"method":"<android.net.wifi.WifiManager: void save(android.net.wifi.WifiConfiguration,android.net.wifi.WifiManager$ActionListener)>",
			"message":"\\Qconfig cannot be null\\E",
			"relatedVarType":"Parameter",
			"relatedCondType":"Basic",
			"modifier":"public",
			"type":"java.lang.IllegalArgumentException",
			"osVersionRelated":false,
			"resourceRelated":false,
			"assessRelated":false,
			"hardwareRelated":true,
			"manifestRelated":false,
			"conditions":"r0 != null",
			"paramValues":"@parameter0: android.net.wifi.WifiConfiguration",
			"relatedValues":"@parameter0: android.net.wifi.WifiConfiguration; ; ",
			"keyAPISameClassNum":0,
			"keyAPIDiffClassNum":0,
			"keyAPISameClass":[
				{
					"trace":[
						"<android.net.wifi.WifiManager: void save(android.net.wifi.WifiConfiguration,android.net.wifi.WifiManager$ActionListener)>"
					],
					"depth":0,
					"method":"<android.net.wifi.WifiManager: void save(android.net.wifi.WifiConfiguration,android.net.wifi.WifiManager$ActionListener)>",
					"source":"CALLER"
				}
			],
			"keyAPIDiffClass":[],
			"callerOfSingnlar2SourceVar":{
				"<android.net.wifi.WifiManager: void save(android.net.wifi.WifiConfiguration,android.net.wifi.WifiManager$ActionListener)>":"0"
			}
		},
		{
			"method":"<android.net.wifi.WifiManager: void startWps(android.net.wifi.WpsInfo,android.net.wifi.WifiManager$WpsListener)>",
			"message":"\\Qconfig cannot be null\\E",
			"relatedVarType":"Parameter",
			"relatedCondType":"Basic",
			"modifier":"public",
			"type":"java.lang.IllegalArgumentException",
			"osVersionRelated":false,
			"resourceRelated":false,
			"assessRelated":false,
			"hardwareRelated":true,
			"manifestRelated":false,
			"conditions":"r0 != null",
			"paramValues":"@parameter0: android.net.wifi.WpsInfo",
			"relatedValues":"@parameter0: android.net.wifi.WpsInfo; ; ",
			"keyAPISameClassNum":0,
			"keyAPIDiffClassNum":0,
			"keyAPISameClass":[
				{
					"trace":[
						"<android.net.wifi.WifiManager: void startWps(android.net.wifi.WpsInfo,android.net.wifi.WifiManager$WpsListener)>"
					],
					"depth":0,
					"method":"<android.net.wifi.WifiManager: void startWps(android.net.wifi.WpsInfo,android.net.wifi.WifiManager$WpsListener)>",
					"source":"CALLER"
				}
			],
			"keyAPIDiffClass":[],
			"callerOfSingnlar2SourceVar":{
				"<android.net.wifi.WifiManager: void startWps(android.net.wifi.WpsInfo,android.net.wifi.WifiManager$WpsListener)>":"0"
			}
		}
	]
}